scope	exit_code	command
versions/jarde-cli	0	/private/tmp/jarde-generic-calls-candidate-v4-cli --version
versions/jadx-cli	0	/Users/lordcasser/workspace/testzone/jadx/jadx-cli/build/install/jadx/bin/jadx --version
jdk8/versions/java	0	/Library/Java/JavaVirtualMachines/corretto-1.8.0_432/Contents/Home/bin/java -version
jdk8/versions/javac	0	/Library/Java/JavaVirtualMachines/corretto-1.8.0_432/Contents/Home/bin/javac -version
jdk8/debug/RawParam/jar-contents	0	/Library/Java/JavaVirtualMachines/corretto-1.8.0_432/Contents/Home/bin/jar tf /Users/lordcasser/workspace/projects/jarde/openspec/evidence/raw-receiver-field-selection-2026-10-09/jdk8/debug/input/RawParam.jar
jdk8/debug/RawParam/original-javac	0	/Library/Java/JavaVirtualMachines/corretto-1.8.0_432/Contents/Home/bin/javac -source 8 -target 8 -g -classpath /var/folders/gm/lzn3ylzx4lz7mx29lftngdz40000gn/T/jarde-raw-receiver-replay-c01oynxt/empty-classpath -sourcepath /var/folders/gm/lzn3ylzx4lz7mx29lftngdz40000gn/T/jarde-raw-receiver-replay-c01oynxt/empty-sourcepath -d /var/folders/gm/lzn3ylzx4lz7mx29lftngdz40000gn/T/jarde-raw-receiver-replay-c01oynxt/original /Users/lordcasser/workspace/projects/jarde/openspec/evidence/raw-receiver-field-selection-2026-10-09/source/RawParam.java
jdk8/debug/RawParam/javap	0	/Library/Java/JavaVirtualMachines/corretto-1.8.0_432/Contents/Home/bin/javap -p -c -s -v -classpath /Users/lordcasser/workspace/projects/jarde/openspec/evidence/raw-receiver-field-selection-2026-10-09/jdk8/debug/input/RawParam.jar RawParam
jdk8/debug/RawParam/original-probe-javac	0	/Library/Java/JavaVirtualMachines/corretto-1.8.0_432/Contents/Home/bin/javac -source 8 -target 8 -g -classpath /var/folders/gm/lzn3ylzx4lz7mx29lftngdz40000gn/T/jarde-raw-receiver-replay-c01oynxt/empty-classpath -sourcepath /var/folders/gm/lzn3ylzx4lz7mx29lftngdz40000gn/T/jarde-raw-receiver-replay-c01oynxt/empty-sourcepath -d /var/folders/gm/lzn3ylzx4lz7mx29lftngdz40000gn/T/jarde-raw-receiver-replay-c01oynxt/original-probe /Users/lordcasser/workspace/projects/jarde/openspec/evidence/raw-receiver-field-selection-2026-10-09/source/ReceiverProbe.java
jdk8/debug/RawParam/original-run	0	/Library/Java/JavaVirtualMachines/corretto-1.8.0_432/Contents/Home/bin/java -Xverify:all -cp /var/folders/gm/lzn3ylzx4lz7mx29lftngdz40000gn/T/jarde-raw-receiver-replay-c01oynxt/original:/var/folders/gm/lzn3ylzx4lz7mx29lftngdz40000gn/T/jarde-raw-receiver-replay-c01oynxt/original-probe ReceiverProbe RawParam
jdk8/debug/RawParam/jarde-RawParam	0	/private/tmp/jarde-generic-calls-candidate-v4-cli class-source --input /Users/lordcasser/workspace/projects/jarde/openspec/evidence/raw-receiver-field-selection-2026-10-09/jdk8/debug/input/RawParam.jar --class RawParam --policy plain-jar --release 8 --format text
jdk8/debug/RawParam/jarde-RawParam-source-header	0	nonempty self-describing source
jdk8/debug/RawParam/jarde-javac	0	/Library/Java/JavaVirtualMachines/corretto-1.8.0_432/Contents/Home/bin/javac -source 8 -target 8 -g -classpath /var/folders/gm/lzn3ylzx4lz7mx29lftngdz40000gn/T/jarde-raw-receiver-replay-c01oynxt/empty-classpath -sourcepath /var/folders/gm/lzn3ylzx4lz7mx29lftngdz40000gn/T/jarde-raw-receiver-replay-c01oynxt/empty-sourcepath -d /var/folders/gm/lzn3ylzx4lz7mx29lftngdz40000gn/T/jarde-raw-receiver-replay-c01oynxt/jarde-classes /Users/lordcasser/workspace/projects/jarde/openspec/changes/recover-same-class-generic-call-consumers/results/candidate/gc09-raw-64-candidate-v4/jdk8/debug/jarde/RawParam.java /Users/lordcasser/workspace/projects/jarde/openspec/evidence/raw-receiver-field-selection-2026-10-09/source/ReceiverProbe.java
jdk8/debug/RawParam/jarde-verify-run	0	/Library/Java/JavaVirtualMachines/corretto-1.8.0_432/Contents/Home/bin/java -Xverify:all -cp /var/folders/gm/lzn3ylzx4lz7mx29lftngdz40000gn/T/jarde-raw-receiver-replay-c01oynxt/jarde-classes ReceiverProbe RawParam
jdk8/debug/RawParam/jadx	0	/Users/lordcasser/workspace/testzone/jadx/jadx-cli/build/install/jadx/bin/jadx --no-res --single-class RawParam -d /Users/lordcasser/workspace/projects/jarde/openspec/changes/recover-same-class-generic-call-consumers/results/candidate/gc09-raw-64-candidate-v4/jdk8/debug/jadx/RawParam /Users/lordcasser/workspace/projects/jarde/openspec/evidence/raw-receiver-field-selection-2026-10-09/jdk8/debug/input/RawParam.jar
jdk8/debug/RawParam/jadx-source-header	0	nonempty class source
jdk8/debug/RawParam/jadx-javac	0	/Library/Java/JavaVirtualMachines/corretto-1.8.0_432/Contents/Home/bin/javac -source 8 -target 8 -g -classpath /var/folders/gm/lzn3ylzx4lz7mx29lftngdz40000gn/T/jarde-raw-receiver-replay-c01oynxt/empty-classpath -sourcepath /var/folders/gm/lzn3ylzx4lz7mx29lftngdz40000gn/T/jarde-raw-receiver-replay-c01oynxt/empty-sourcepath -d /var/folders/gm/lzn3ylzx4lz7mx29lftngdz40000gn/T/jarde-raw-receiver-replay-c01oynxt/jadx-classes /Users/lordcasser/workspace/projects/jarde/openspec/changes/recover-same-class-generic-call-consumers/results/candidate/gc09-raw-64-candidate-v4/jdk8/debug/jadx/RawParam/sources/defpackage/RawParam.java /Users/lordcasser/workspace/projects/jarde/openspec/evidence/raw-receiver-field-selection-2026-10-09/source/ReceiverProbe.java
jdk8/debug/RawParam/jadx-verify-run	0	/Library/Java/JavaVirtualMachines/corretto-1.8.0_432/Contents/Home/bin/java -Xverify:all -cp /var/folders/gm/lzn3ylzx4lz7mx29lftngdz40000gn/T/jarde-raw-receiver-replay-c01oynxt/jadx-classes ReceiverProbe defpackage.RawParam
jdk8/no-debug/RawParam/jar-contents	0	/Library/Java/JavaVirtualMachines/corretto-1.8.0_432/Contents/Home/bin/jar tf /Users/lordcasser/workspace/projects/jarde/openspec/evidence/raw-receiver-field-selection-2026-10-09/jdk8/no-debug/input/RawParam.jar
jdk8/no-debug/RawParam/original-javac	0	/Library/Java/JavaVirtualMachines/corretto-1.8.0_432/Contents/Home/bin/javac -source 8 -target 8 -g:none -classpath /var/folders/gm/lzn3ylzx4lz7mx29lftngdz40000gn/T/jarde-raw-receiver-replay-odqd3n1r/empty-classpath -sourcepath /var/folders/gm/lzn3ylzx4lz7mx29lftngdz40000gn/T/jarde-raw-receiver-replay-odqd3n1r/empty-sourcepath -d /var/folders/gm/lzn3ylzx4lz7mx29lftngdz40000gn/T/jarde-raw-receiver-replay-odqd3n1r/original /Users/lordcasser/workspace/projects/jarde/openspec/evidence/raw-receiver-field-selection-2026-10-09/source/RawParam.java
jdk8/no-debug/RawParam/javap	0	/Library/Java/JavaVirtualMachines/corretto-1.8.0_432/Contents/Home/bin/javap -p -c -s -v -classpath /Users/lordcasser/workspace/projects/jarde/openspec/evidence/raw-receiver-field-selection-2026-10-09/jdk8/no-debug/input/RawParam.jar RawParam
jdk8/no-debug/RawParam/original-probe-javac	0	/Library/Java/JavaVirtualMachines/corretto-1.8.0_432/Contents/Home/bin/javac -source 8 -target 8 -g:none -classpath /var/folders/gm/lzn3ylzx4lz7mx29lftngdz40000gn/T/jarde-raw-receiver-replay-odqd3n1r/empty-classpath -sourcepath /var/folders/gm/lzn3ylzx4lz7mx29lftngdz40000gn/T/jarde-raw-receiver-replay-odqd3n1r/empty-sourcepath -d /var/folders/gm/lzn3ylzx4lz7mx29lftngdz40000gn/T/jarde-raw-receiver-replay-odqd3n1r/original-probe /Users/lordcasser/workspace/projects/jarde/openspec/evidence/raw-receiver-field-selection-2026-10-09/source/ReceiverProbe.java
jdk8/no-debug/RawParam/original-run	0	/Library/Java/JavaVirtualMachines/corretto-1.8.0_432/Contents/Home/bin/java -Xverify:all -cp /var/folders/gm/lzn3ylzx4lz7mx29lftngdz40000gn/T/jarde-raw-receiver-replay-odqd3n1r/original:/var/folders/gm/lzn3ylzx4lz7mx29lftngdz40000gn/T/jarde-raw-receiver-replay-odqd3n1r/original-probe ReceiverProbe RawParam
jdk8/no-debug/RawParam/jarde-RawParam	0	/private/tmp/jarde-generic-calls-candidate-v4-cli class-source --input /Users/lordcasser/workspace/projects/jarde/openspec/evidence/raw-receiver-field-selection-2026-10-09/jdk8/no-debug/input/RawParam.jar --class RawParam --policy plain-jar --release 8 --format text
jdk8/no-debug/RawParam/jarde-RawParam-source-header	0	nonempty self-describing source
jdk8/no-debug/RawParam/jarde-javac	0	/Library/Java/JavaVirtualMachines/corretto-1.8.0_432/Contents/Home/bin/javac -source 8 -target 8 -g:none -classpath /var/folders/gm/lzn3ylzx4lz7mx29lftngdz40000gn/T/jarde-raw-receiver-replay-odqd3n1r/empty-classpath -sourcepath /var/folders/gm/lzn3ylzx4lz7mx29lftngdz40000gn/T/jarde-raw-receiver-replay-odqd3n1r/empty-sourcepath -d /var/folders/gm/lzn3ylzx4lz7mx29lftngdz40000gn/T/jarde-raw-receiver-replay-odqd3n1r/jarde-classes /Users/lordcasser/workspace/projects/jarde/openspec/changes/recover-same-class-generic-call-consumers/results/candidate/gc09-raw-64-candidate-v4/jdk8/no-debug/jarde/RawParam.java /Users/lordcasser/workspace/projects/jarde/openspec/evidence/raw-receiver-field-selection-2026-10-09/source/ReceiverProbe.java
jdk8/no-debug/RawParam/jarde-verify-run	0	/Library/Java/JavaVirtualMachines/corretto-1.8.0_432/Contents/Home/bin/java -Xverify:all -cp /var/folders/gm/lzn3ylzx4lz7mx29lftngdz40000gn/T/jarde-raw-receiver-replay-odqd3n1r/jarde-classes ReceiverProbe RawParam
jdk8/no-debug/RawParam/jadx	0	/Users/lordcasser/workspace/testzone/jadx/jadx-cli/build/install/jadx/bin/jadx --no-res --single-class RawParam -d /Users/lordcasser/workspace/projects/jarde/openspec/changes/recover-same-class-generic-call-consumers/results/candidate/gc09-raw-64-candidate-v4/jdk8/no-debug/jadx/RawParam /Users/lordcasser/workspace/projects/jarde/openspec/evidence/raw-receiver-field-selection-2026-10-09/jdk8/no-debug/input/RawParam.jar
jdk8/no-debug/RawParam/jadx-source-header	0	nonempty class source
jdk8/no-debug/RawParam/jadx-javac	0	/Library/Java/JavaVirtualMachines/corretto-1.8.0_432/Contents/Home/bin/javac -source 8 -target 8 -g:none -classpath /var/folders/gm/lzn3ylzx4lz7mx29lftngdz40000gn/T/jarde-raw-receiver-replay-odqd3n1r/empty-classpath -sourcepath /var/folders/gm/lzn3ylzx4lz7mx29lftngdz40000gn/T/jarde-raw-receiver-replay-odqd3n1r/empty-sourcepath -d /var/folders/gm/lzn3ylzx4lz7mx29lftngdz40000gn/T/jarde-raw-receiver-replay-odqd3n1r/jadx-classes /Users/lordcasser/workspace/projects/jarde/openspec/changes/recover-same-class-generic-call-consumers/results/candidate/gc09-raw-64-candidate-v4/jdk8/no-debug/jadx/RawParam/sources/defpackage/RawParam.java /Users/lordcasser/workspace/projects/jarde/openspec/evidence/raw-receiver-field-selection-2026-10-09/source/ReceiverProbe.java
jdk8/no-debug/RawParam/jadx-verify-run	0	/Library/Java/JavaVirtualMachines/corretto-1.8.0_432/Contents/Home/bin/java -Xverify:all -cp /var/folders/gm/lzn3ylzx4lz7mx29lftngdz40000gn/T/jarde-raw-receiver-replay-odqd3n1r/jadx-classes ReceiverProbe defpackage.RawParam
jdk8/debug/StaticRawLocal/jar-contents	0	/Library/Java/JavaVirtualMachines/corretto-1.8.0_432/Contents/Home/bin/jar tf /Users/lordcasser/workspace/projects/jarde/openspec/evidence/raw-receiver-field-selection-2026-10-09/jdk8/debug/input/StaticRawLocal.jar
jdk8/debug/StaticRawLocal/original-javac	0	/Library/Java/JavaVirtualMachines/corretto-1.8.0_432/Contents/Home/bin/javac -source 8 -target 8 -g -classpath /var/folders/gm/lzn3ylzx4lz7mx29lftngdz40000gn/T/jarde-raw-receiver-replay-35ki65s_/empty-classpath -sourcepath /var/folders/gm/lzn3ylzx4lz7mx29lftngdz40000gn/T/jarde-raw-receiver-replay-35ki65s_/empty-sourcepath -d /var/folders/gm/lzn3ylzx4lz7mx29lftngdz40000gn/T/jarde-raw-receiver-replay-35ki65s_/original /Users/lordcasser/workspace/projects/jarde/openspec/evidence/raw-receiver-field-selection-2026-10-09/source/StaticRawLocal.java
jdk8/debug/StaticRawLocal/javap	0	/Library/Java/JavaVirtualMachines/corretto-1.8.0_432/Contents/Home/bin/javap -p -c -s -v -classpath /Users/lordcasser/workspace/projects/jarde/openspec/evidence/raw-receiver-field-selection-2026-10-09/jdk8/debug/input/StaticRawLocal.jar StaticRawLocal
jdk8/debug/StaticRawLocal/original-probe-javac	0	/Library/Java/JavaVirtualMachines/corretto-1.8.0_432/Contents/Home/bin/javac -source 8 -target 8 -g -classpath /var/folders/gm/lzn3ylzx4lz7mx29lftngdz40000gn/T/jarde-raw-receiver-replay-35ki65s_/empty-classpath -sourcepath /var/folders/gm/lzn3ylzx4lz7mx29lftngdz40000gn/T/jarde-raw-receiver-replay-35ki65s_/empty-sourcepath -d /var/folders/gm/lzn3ylzx4lz7mx29lftngdz40000gn/T/jarde-raw-receiver-replay-35ki65s_/original-probe /Users/lordcasser/workspace/projects/jarde/openspec/evidence/raw-receiver-field-selection-2026-10-09/source/ReceiverProbe.java
jdk8/debug/StaticRawLocal/original-run	0	/Library/Java/JavaVirtualMachines/corretto-1.8.0_432/Contents/Home/bin/java -Xverify:all -cp /var/folders/gm/lzn3ylzx4lz7mx29lftngdz40000gn/T/jarde-raw-receiver-replay-35ki65s_/original:/var/folders/gm/lzn3ylzx4lz7mx29lftngdz40000gn/T/jarde-raw-receiver-replay-35ki65s_/original-probe ReceiverProbe StaticRawLocal
jdk8/debug/StaticRawLocal/jarde-StaticRawLocal	0	/private/tmp/jarde-generic-calls-candidate-v4-cli class-source --input /Users/lordcasser/workspace/projects/jarde/openspec/evidence/raw-receiver-field-selection-2026-10-09/jdk8/debug/input/StaticRawLocal.jar --class StaticRawLocal --policy plain-jar --release 8 --format text
jdk8/debug/StaticRawLocal/jarde-StaticRawLocal-source-header	0	nonempty self-describing source
jdk8/debug/StaticRawLocal/jarde-javac	0	/Library/Java/JavaVirtualMachines/corretto-1.8.0_432/Contents/Home/bin/javac -source 8 -target 8 -g -classpath /var/folders/gm/lzn3ylzx4lz7mx29lftngdz40000gn/T/jarde-raw-receiver-replay-35ki65s_/empty-classpath -sourcepath /var/folders/gm/lzn3ylzx4lz7mx29lftngdz40000gn/T/jarde-raw-receiver-replay-35ki65s_/empty-sourcepath -d /var/folders/gm/lzn3ylzx4lz7mx29lftngdz40000gn/T/jarde-raw-receiver-replay-35ki65s_/jarde-classes /Users/lordcasser/workspace/projects/jarde/openspec/changes/recover-same-class-generic-call-consumers/results/candidate/gc09-raw-64-candidate-v4/jdk8/debug/jarde/StaticRawLocal.java /Users/lordcasser/workspace/projects/jarde/openspec/evidence/raw-receiver-field-selection-2026-10-09/source/ReceiverProbe.java
jdk8/debug/StaticRawLocal/jarde-verify-run	0	/Library/Java/JavaVirtualMachines/corretto-1.8.0_432/Contents/Home/bin/java -Xverify:all -cp /var/folders/gm/lzn3ylzx4lz7mx29lftngdz40000gn/T/jarde-raw-receiver-replay-35ki65s_/jarde-classes ReceiverProbe StaticRawLocal
jdk8/debug/StaticRawLocal/jadx	0	/Users/lordcasser/workspace/testzone/jadx/jadx-cli/build/install/jadx/bin/jadx --no-res --single-class StaticRawLocal -d /Users/lordcasser/workspace/projects/jarde/openspec/changes/recover-same-class-generic-call-consumers/results/candidate/gc09-raw-64-candidate-v4/jdk8/debug/jadx/StaticRawLocal /Users/lordcasser/workspace/projects/jarde/openspec/evidence/raw-receiver-field-selection-2026-10-09/jdk8/debug/input/StaticRawLocal.jar
jdk8/debug/StaticRawLocal/jadx-source-header	0	nonempty class source
jdk8/debug/StaticRawLocal/jadx-javac	0	/Library/Java/JavaVirtualMachines/corretto-1.8.0_432/Contents/Home/bin/javac -source 8 -target 8 -g -classpath /var/folders/gm/lzn3ylzx4lz7mx29lftngdz40000gn/T/jarde-raw-receiver-replay-35ki65s_/empty-classpath -sourcepath /var/folders/gm/lzn3ylzx4lz7mx29lftngdz40000gn/T/jarde-raw-receiver-replay-35ki65s_/empty-sourcepath -d /var/folders/gm/lzn3ylzx4lz7mx29lftngdz40000gn/T/jarde-raw-receiver-replay-35ki65s_/jadx-classes /Users/lordcasser/workspace/projects/jarde/openspec/changes/recover-same-class-generic-call-consumers/results/candidate/gc09-raw-64-candidate-v4/jdk8/debug/jadx/StaticRawLocal/sources/defpackage/StaticRawLocal.java /Users/lordcasser/workspace/projects/jarde/openspec/evidence/raw-receiver-field-selection-2026-10-09/source/ReceiverProbe.java
jdk8/debug/StaticRawLocal/jadx-verify-run	0	/Library/Java/JavaVirtualMachines/corretto-1.8.0_432/Contents/Home/bin/java -Xverify:all -cp /var/folders/gm/lzn3ylzx4lz7mx29lftngdz40000gn/T/jarde-raw-receiver-replay-35ki65s_/jadx-classes ReceiverProbe defpackage.StaticRawLocal
jdk8/no-debug/StaticRawLocal/jar-contents	0	/Library/Java/JavaVirtualMachines/corretto-1.8.0_432/Contents/Home/bin/jar tf /Users/lordcasser/workspace/projects/jarde/openspec/evidence/raw-receiver-field-selection-2026-10-09/jdk8/no-debug/input/StaticRawLocal.jar
jdk8/no-debug/StaticRawLocal/original-javac	0	/Library/Java/JavaVirtualMachines/corretto-1.8.0_432/Contents/Home/bin/javac -source 8 -target 8 -g:none -classpath /var/folders/gm/lzn3ylzx4lz7mx29lftngdz40000gn/T/jarde-raw-receiver-replay-7c9qf85t/empty-classpath -sourcepath /var/folders/gm/lzn3ylzx4lz7mx29lftngdz40000gn/T/jarde-raw-receiver-replay-7c9qf85t/empty-sourcepath -d /var/folders/gm/lzn3ylzx4lz7mx29lftngdz40000gn/T/jarde-raw-receiver-replay-7c9qf85t/original /Users/lordcasser/workspace/projects/jarde/openspec/evidence/raw-receiver-field-selection-2026-10-09/source/StaticRawLocal.java
jdk8/no-debug/StaticRawLocal/javap	0	/Library/Java/JavaVirtualMachines/corretto-1.8.0_432/Contents/Home/bin/javap -p -c -s -v -classpath /Users/lordcasser/workspace/projects/jarde/openspec/evidence/raw-receiver-field-selection-2026-10-09/jdk8/no-debug/input/StaticRawLocal.jar StaticRawLocal
jdk8/no-debug/StaticRawLocal/original-probe-javac	0	/Library/Java/JavaVirtualMachines/corretto-1.8.0_432/Contents/Home/bin/javac -source 8 -target 8 -g:none -classpath /var/folders/gm/lzn3ylzx4lz7mx29lftngdz40000gn/T/jarde-raw-receiver-replay-7c9qf85t/empty-classpath -sourcepath /var/folders/gm/lzn3ylzx4lz7mx29lftngdz40000gn/T/jarde-raw-receiver-replay-7c9qf85t/empty-sourcepath -d /var/folders/gm/lzn3ylzx4lz7mx29lftngdz40000gn/T/jarde-raw-receiver-replay-7c9qf85t/original-probe /Users/lordcasser/workspace/projects/jarde/openspec/evidence/raw-receiver-field-selection-2026-10-09/source/ReceiverProbe.java
jdk8/no-debug/StaticRawLocal/original-run	0	/Library/Java/JavaVirtualMachines/corretto-1.8.0_432/Contents/Home/bin/java -Xverify:all -cp /var/folders/gm/lzn3ylzx4lz7mx29lftngdz40000gn/T/jarde-raw-receiver-replay-7c9qf85t/original:/var/folders/gm/lzn3ylzx4lz7mx29lftngdz40000gn/T/jarde-raw-receiver-replay-7c9qf85t/original-probe ReceiverProbe StaticRawLocal
jdk8/no-debug/StaticRawLocal/jarde-StaticRawLocal	0	/private/tmp/jarde-generic-calls-candidate-v4-cli class-source --input /Users/lordcasser/workspace/projects/jarde/openspec/evidence/raw-receiver-field-selection-2026-10-09/jdk8/no-debug/input/StaticRawLocal.jar --class StaticRawLocal --policy plain-jar --release 8 --format text
jdk8/no-debug/StaticRawLocal/jarde-StaticRawLocal-source-header	0	nonempty self-describing source
jdk8/no-debug/StaticRawLocal/jarde-javac	0	/Library/Java/JavaVirtualMachines/corretto-1.8.0_432/Contents/Home/bin/javac -source 8 -target 8 -g:none -classpath /var/folders/gm/lzn3ylzx4lz7mx29lftngdz40000gn/T/jarde-raw-receiver-replay-7c9qf85t/empty-classpath -sourcepath /var/folders/gm/lzn3ylzx4lz7mx29lftngdz40000gn/T/jarde-raw-receiver-replay-7c9qf85t/empty-sourcepath -d /var/folders/gm/lzn3ylzx4lz7mx29lftngdz40000gn/T/jarde-raw-receiver-replay-7c9qf85t/jarde-classes /Users/lordcasser/workspace/projects/jarde/openspec/changes/recover-same-class-generic-call-consumers/results/candidate/gc09-raw-64-candidate-v4/jdk8/no-debug/jarde/StaticRawLocal.java /Users/lordcasser/workspace/projects/jarde/openspec/evidence/raw-receiver-field-selection-2026-10-09/source/ReceiverProbe.java
jdk8/no-debug/StaticRawLocal/jarde-verify-run	0	/Library/Java/JavaVirtualMachines/corretto-1.8.0_432/Contents/Home/bin/java -Xverify:all -cp /var/folders/gm/lzn3ylzx4lz7mx29lftngdz40000gn/T/jarde-raw-receiver-replay-7c9qf85t/jarde-classes ReceiverProbe StaticRawLocal
jdk8/no-debug/StaticRawLocal/jadx	0	/Users/lordcasser/workspace/testzone/jadx/jadx-cli/build/install/jadx/bin/jadx --no-res --single-class StaticRawLocal -d /Users/lordcasser/workspace/projects/jarde/openspec/changes/recover-same-class-generic-call-consumers/results/candidate/gc09-raw-64-candidate-v4/jdk8/no-debug/jadx/StaticRawLocal /Users/lordcasser/workspace/projects/jarde/openspec/evidence/raw-receiver-field-selection-2026-10-09/jdk8/no-debug/input/StaticRawLocal.jar
jdk8/no-debug/StaticRawLocal/jadx-source-header	0	nonempty class source
jdk8/no-debug/StaticRawLocal/jadx-javac	0	/Library/Java/JavaVirtualMachines/corretto-1.8.0_432/Contents/Home/bin/javac -source 8 -target 8 -g:none -classpath /var/folders/gm/lzn3ylzx4lz7mx29lftngdz40000gn/T/jarde-raw-receiver-replay-7c9qf85t/empty-classpath -sourcepath /var/folders/gm/lzn3ylzx4lz7mx29lftngdz40000gn/T/jarde-raw-receiver-replay-7c9qf85t/empty-sourcepath -d /var/folders/gm/lzn3ylzx4lz7mx29lftngdz40000gn/T/jarde-raw-receiver-replay-7c9qf85t/jadx-classes /Users/lordcasser/workspace/projects/jarde/openspec/changes/recover-same-class-generic-call-consumers/results/candidate/gc09-raw-64-candidate-v4/jdk8/no-debug/jadx/StaticRawLocal/sources/defpackage/StaticRawLocal.java /Users/lordcasser/workspace/projects/jarde/openspec/evidence/raw-receiver-field-selection-2026-10-09/source/ReceiverProbe.java
jdk8/no-debug/StaticRawLocal/jadx-verify-run	0	/Library/Java/JavaVirtualMachines/corretto-1.8.0_432/Contents/Home/bin/java -Xverify:all -cp /var/folders/gm/lzn3ylzx4lz7mx29lftngdz40000gn/T/jarde-raw-receiver-replay-7c9qf85t/jadx-classes ReceiverProbe defpackage.StaticRawLocal
jdk8/debug/InstanceRawLocal/jar-contents	0	/Library/Java/JavaVirtualMachines/corretto-1.8.0_432/Contents/Home/bin/jar tf /Users/lordcasser/workspace/projects/jarde/openspec/evidence/raw-receiver-field-selection-2026-10-09/jdk8/debug/input/InstanceRawLocal.jar
jdk8/debug/InstanceRawLocal/original-javac	0	/Library/Java/JavaVirtualMachines/corretto-1.8.0_432/Contents/Home/bin/javac -source 8 -target 8 -g -classpath /var/folders/gm/lzn3ylzx4lz7mx29lftngdz40000gn/T/jarde-raw-receiver-replay-83mcd3ip/empty-classpath -sourcepath /var/folders/gm/lzn3ylzx4lz7mx29lftngdz40000gn/T/jarde-raw-receiver-replay-83mcd3ip/empty-sourcepath -d /var/folders/gm/lzn3ylzx4lz7mx29lftngdz40000gn/T/jarde-raw-receiver-replay-83mcd3ip/original /Users/lordcasser/workspace/projects/jarde/openspec/evidence/raw-receiver-field-selection-2026-10-09/source/InstanceRawLocal.java
jdk8/debug/InstanceRawLocal/javap	0	/Library/Java/JavaVirtualMachines/corretto-1.8.0_432/Contents/Home/bin/javap -p -c -s -v -classpath /Users/lordcasser/workspace/projects/jarde/openspec/evidence/raw-receiver-field-selection-2026-10-09/jdk8/debug/input/InstanceRawLocal.jar InstanceRawLocal
jdk8/debug/InstanceRawLocal/original-probe-javac	0	/Library/Java/JavaVirtualMachines/corretto-1.8.0_432/Contents/Home/bin/javac -source 8 -target 8 -g -classpath /var/folders/gm/lzn3ylzx4lz7mx29lftngdz40000gn/T/jarde-raw-receiver-replay-83mcd3ip/empty-classpath -sourcepath /var/folders/gm/lzn3ylzx4lz7mx29lftngdz40000gn/T/jarde-raw-receiver-replay-83mcd3ip/empty-sourcepath -d /var/folders/gm/lzn3ylzx4lz7mx29lftngdz40000gn/T/jarde-raw-receiver-replay-83mcd3ip/original-probe /Users/lordcasser/workspace/projects/jarde/openspec/evidence/raw-receiver-field-selection-2026-10-09/source/ReceiverProbe.java
jdk8/debug/InstanceRawLocal/original-run	0	/Library/Java/JavaVirtualMachines/corretto-1.8.0_432/Contents/Home/bin/java -Xverify:all -cp /var/folders/gm/lzn3ylzx4lz7mx29lftngdz40000gn/T/jarde-raw-receiver-replay-83mcd3ip/original:/var/folders/gm/lzn3ylzx4lz7mx29lftngdz40000gn/T/jarde-raw-receiver-replay-83mcd3ip/original-probe ReceiverProbe InstanceRawLocal
jdk8/debug/InstanceRawLocal/jarde-InstanceRawLocal	0	/private/tmp/jarde-generic-calls-candidate-v4-cli class-source --input /Users/lordcasser/workspace/projects/jarde/openspec/evidence/raw-receiver-field-selection-2026-10-09/jdk8/debug/input/InstanceRawLocal.jar --class InstanceRawLocal --policy plain-jar --release 8 --format text
jdk8/debug/InstanceRawLocal/jarde-InstanceRawLocal-source-header	0	nonempty self-describing source
jdk8/debug/InstanceRawLocal/jarde-javac	0	/Library/Java/JavaVirtualMachines/corretto-1.8.0_432/Contents/Home/bin/javac -source 8 -target 8 -g -classpath /var/folders/gm/lzn3ylzx4lz7mx29lftngdz40000gn/T/jarde-raw-receiver-replay-83mcd3ip/empty-classpath -sourcepath /var/folders/gm/lzn3ylzx4lz7mx29lftngdz40000gn/T/jarde-raw-receiver-replay-83mcd3ip/empty-sourcepath -d /var/folders/gm/lzn3ylzx4lz7mx29lftngdz40000gn/T/jarde-raw-receiver-replay-83mcd3ip/jarde-classes /Users/lordcasser/workspace/projects/jarde/openspec/changes/recover-same-class-generic-call-consumers/results/candidate/gc09-raw-64-candidate-v4/jdk8/debug/jarde/InstanceRawLocal.java /Users/lordcasser/workspace/projects/jarde/openspec/evidence/raw-receiver-field-selection-2026-10-09/source/ReceiverProbe.java
jdk8/debug/InstanceRawLocal/jarde-verify-run	0	/Library/Java/JavaVirtualMachines/corretto-1.8.0_432/Contents/Home/bin/java -Xverify:all -cp /var/folders/gm/lzn3ylzx4lz7mx29lftngdz40000gn/T/jarde-raw-receiver-replay-83mcd3ip/jarde-classes ReceiverProbe InstanceRawLocal
jdk8/debug/InstanceRawLocal/jadx	0	/Users/lordcasser/workspace/testzone/jadx/jadx-cli/build/install/jadx/bin/jadx --no-res --single-class InstanceRawLocal -d /Users/lordcasser/workspace/projects/jarde/openspec/changes/recover-same-class-generic-call-consumers/results/candidate/gc09-raw-64-candidate-v4/jdk8/debug/jadx/InstanceRawLocal /Users/lordcasser/workspace/projects/jarde/openspec/evidence/raw-receiver-field-selection-2026-10-09/jdk8/debug/input/InstanceRawLocal.jar
jdk8/debug/InstanceRawLocal/jadx-source-header	0	nonempty class source
jdk8/debug/InstanceRawLocal/jadx-javac	1	/Library/Java/JavaVirtualMachines/corretto-1.8.0_432/Contents/Home/bin/javac -source 8 -target 8 -g -classpath /var/folders/gm/lzn3ylzx4lz7mx29lftngdz40000gn/T/jarde-raw-receiver-replay-83mcd3ip/empty-classpath -sourcepath /var/folders/gm/lzn3ylzx4lz7mx29lftngdz40000gn/T/jarde-raw-receiver-replay-83mcd3ip/empty-sourcepath -d /var/folders/gm/lzn3ylzx4lz7mx29lftngdz40000gn/T/jarde-raw-receiver-replay-83mcd3ip/jadx-classes /Users/lordcasser/workspace/projects/jarde/openspec/changes/recover-same-class-generic-call-consumers/results/candidate/gc09-raw-64-candidate-v4/jdk8/debug/jadx/InstanceRawLocal/sources/defpackage/InstanceRawLocal.java /Users/lordcasser/workspace/projects/jarde/openspec/evidence/raw-receiver-field-selection-2026-10-09/source/ReceiverProbe.java
jdk8/no-debug/InstanceRawLocal/jar-contents	0	/Library/Java/JavaVirtualMachines/corretto-1.8.0_432/Contents/Home/bin/jar tf /Users/lordcasser/workspace/projects/jarde/openspec/evidence/raw-receiver-field-selection-2026-10-09/jdk8/no-debug/input/InstanceRawLocal.jar
jdk8/no-debug/InstanceRawLocal/original-javac	0	/Library/Java/JavaVirtualMachines/corretto-1.8.0_432/Contents/Home/bin/javac -source 8 -target 8 -g:none -classpath /var/folders/gm/lzn3ylzx4lz7mx29lftngdz40000gn/T/jarde-raw-receiver-replay-l6stzb7a/empty-classpath -sourcepath /var/folders/gm/lzn3ylzx4lz7mx29lftngdz40000gn/T/jarde-raw-receiver-replay-l6stzb7a/empty-sourcepath -d /var/folders/gm/lzn3ylzx4lz7mx29lftngdz40000gn/T/jarde-raw-receiver-replay-l6stzb7a/original /Users/lordcasser/workspace/projects/jarde/openspec/evidence/raw-receiver-field-selection-2026-10-09/source/InstanceRawLocal.java
jdk8/no-debug/InstanceRawLocal/javap	0	/Library/Java/JavaVirtualMachines/corretto-1.8.0_432/Contents/Home/bin/javap -p -c -s -v -classpath /Users/lordcasser/workspace/projects/jarde/openspec/evidence/raw-receiver-field-selection-2026-10-09/jdk8/no-debug/input/InstanceRawLocal.jar InstanceRawLocal
jdk8/no-debug/InstanceRawLocal/original-probe-javac	0	/Library/Java/JavaVirtualMachines/corretto-1.8.0_432/Contents/Home/bin/javac -source 8 -target 8 -g:none -classpath /var/folders/gm/lzn3ylzx4lz7mx29lftngdz40000gn/T/jarde-raw-receiver-replay-l6stzb7a/empty-classpath -sourcepath /var/folders/gm/lzn3ylzx4lz7mx29lftngdz40000gn/T/jarde-raw-receiver-replay-l6stzb7a/empty-sourcepath -d /var/folders/gm/lzn3ylzx4lz7mx29lftngdz40000gn/T/jarde-raw-receiver-replay-l6stzb7a/original-probe /Users/lordcasser/workspace/projects/jarde/openspec/evidence/raw-receiver-field-selection-2026-10-09/source/ReceiverProbe.java
jdk8/no-debug/InstanceRawLocal/original-run	0	/Library/Java/JavaVirtualMachines/corretto-1.8.0_432/Contents/Home/bin/java -Xverify:all -cp /var/folders/gm/lzn3ylzx4lz7mx29lftngdz40000gn/T/jarde-raw-receiver-replay-l6stzb7a/original:/var/folders/gm/lzn3ylzx4lz7mx29lftngdz40000gn/T/jarde-raw-receiver-replay-l6stzb7a/original-probe ReceiverProbe InstanceRawLocal
jdk8/no-debug/InstanceRawLocal/jarde-InstanceRawLocal	0	/private/tmp/jarde-generic-calls-candidate-v4-cli class-source --input /Users/lordcasser/workspace/projects/jarde/openspec/evidence/raw-receiver-field-selection-2026-10-09/jdk8/no-debug/input/InstanceRawLocal.jar --class InstanceRawLocal --policy plain-jar --release 8 --format text
jdk8/no-debug/InstanceRawLocal/jarde-InstanceRawLocal-source-header	0	nonempty self-describing source
jdk8/no-debug/InstanceRawLocal/jarde-javac	0	/Library/Java/JavaVirtualMachines/corretto-1.8.0_432/Contents/Home/bin/javac -source 8 -target 8 -g:none -classpath /var/folders/gm/lzn3ylzx4lz7mx29lftngdz40000gn/T/jarde-raw-receiver-replay-l6stzb7a/empty-classpath -sourcepath /var/folders/gm/lzn3ylzx4lz7mx29lftngdz40000gn/T/jarde-raw-receiver-replay-l6stzb7a/empty-sourcepath -d /var/folders/gm/lzn3ylzx4lz7mx29lftngdz40000gn/T/jarde-raw-receiver-replay-l6stzb7a/jarde-classes /Users/lordcasser/workspace/projects/jarde/openspec/changes/recover-same-class-generic-call-consumers/results/candidate/gc09-raw-64-candidate-v4/jdk8/no-debug/jarde/InstanceRawLocal.java /Users/lordcasser/workspace/projects/jarde/openspec/evidence/raw-receiver-field-selection-2026-10-09/source/ReceiverProbe.java
jdk8/no-debug/InstanceRawLocal/jarde-verify-run	0	/Library/Java/JavaVirtualMachines/corretto-1.8.0_432/Contents/Home/bin/java -Xverify:all -cp /var/folders/gm/lzn3ylzx4lz7mx29lftngdz40000gn/T/jarde-raw-receiver-replay-l6stzb7a/jarde-classes ReceiverProbe InstanceRawLocal
jdk8/no-debug/InstanceRawLocal/jadx	0	/Users/lordcasser/workspace/testzone/jadx/jadx-cli/build/install/jadx/bin/jadx --no-res --single-class InstanceRawLocal -d /Users/lordcasser/workspace/projects/jarde/openspec/changes/recover-same-class-generic-call-consumers/results/candidate/gc09-raw-64-candidate-v4/jdk8/no-debug/jadx/InstanceRawLocal /Users/lordcasser/workspace/projects/jarde/openspec/evidence/raw-receiver-field-selection-2026-10-09/jdk8/no-debug/input/InstanceRawLocal.jar
jdk8/no-debug/InstanceRawLocal/jadx-source-header	0	nonempty class source
jdk8/no-debug/InstanceRawLocal/jadx-javac	1	/Library/Java/JavaVirtualMachines/corretto-1.8.0_432/Contents/Home/bin/javac -source 8 -target 8 -g:none -classpath /var/folders/gm/lzn3ylzx4lz7mx29lftngdz40000gn/T/jarde-raw-receiver-replay-l6stzb7a/empty-classpath -sourcepath /var/folders/gm/lzn3ylzx4lz7mx29lftngdz40000gn/T/jarde-raw-receiver-replay-l6stzb7a/empty-sourcepath -d /var/folders/gm/lzn3ylzx4lz7mx29lftngdz40000gn/T/jarde-raw-receiver-replay-l6stzb7a/jadx-classes /Users/lordcasser/workspace/projects/jarde/openspec/changes/recover-same-class-generic-call-consumers/results/candidate/gc09-raw-64-candidate-v4/jdk8/no-debug/jadx/InstanceRawLocal/sources/defpackage/InstanceRawLocal.java /Users/lordcasser/workspace/projects/jarde/openspec/evidence/raw-receiver-field-selection-2026-10-09/source/ReceiverProbe.java
jdk8/debug/TypedReceiver/jar-contents	0	/Library/Java/JavaVirtualMachines/corretto-1.8.0_432/Contents/Home/bin/jar tf /Users/lordcasser/workspace/projects/jarde/openspec/evidence/raw-receiver-field-selection-2026-10-09/jdk8/debug/input/TypedReceiver.jar
jdk8/debug/TypedReceiver/original-javac	0	/Library/Java/JavaVirtualMachines/corretto-1.8.0_432/Contents/Home/bin/javac -source 8 -target 8 -g -classpath /var/folders/gm/lzn3ylzx4lz7mx29lftngdz40000gn/T/jarde-raw-receiver-replay-z8eb4l5a/empty-classpath -sourcepath /var/folders/gm/lzn3ylzx4lz7mx29lftngdz40000gn/T/jarde-raw-receiver-replay-z8eb4l5a/empty-sourcepath -d /var/folders/gm/lzn3ylzx4lz7mx29lftngdz40000gn/T/jarde-raw-receiver-replay-z8eb4l5a/original /Users/lordcasser/workspace/projects/jarde/openspec/evidence/raw-receiver-field-selection-2026-10-09/source/TypedReceiver.java
jdk8/debug/TypedReceiver/javap	0	/Library/Java/JavaVirtualMachines/corretto-1.8.0_432/Contents/Home/bin/javap -p -c -s -v -classpath /Users/lordcasser/workspace/projects/jarde/openspec/evidence/raw-receiver-field-selection-2026-10-09/jdk8/debug/input/TypedReceiver.jar TypedReceiver
jdk8/debug/TypedReceiver/original-probe-javac	0	/Library/Java/JavaVirtualMachines/corretto-1.8.0_432/Contents/Home/bin/javac -source 8 -target 8 -g -classpath /var/folders/gm/lzn3ylzx4lz7mx29lftngdz40000gn/T/jarde-raw-receiver-replay-z8eb4l5a/empty-classpath -sourcepath /var/folders/gm/lzn3ylzx4lz7mx29lftngdz40000gn/T/jarde-raw-receiver-replay-z8eb4l5a/empty-sourcepath -d /var/folders/gm/lzn3ylzx4lz7mx29lftngdz40000gn/T/jarde-raw-receiver-replay-z8eb4l5a/original-probe /Users/lordcasser/workspace/projects/jarde/openspec/evidence/raw-receiver-field-selection-2026-10-09/source/ReceiverProbe.java
jdk8/debug/TypedReceiver/original-run	0	/Library/Java/JavaVirtualMachines/corretto-1.8.0_432/Contents/Home/bin/java -Xverify:all -cp /var/folders/gm/lzn3ylzx4lz7mx29lftngdz40000gn/T/jarde-raw-receiver-replay-z8eb4l5a/original:/var/folders/gm/lzn3ylzx4lz7mx29lftngdz40000gn/T/jarde-raw-receiver-replay-z8eb4l5a/original-probe ReceiverProbe TypedReceiver
jdk8/debug/TypedReceiver/jarde-TypedReceiver	0	/private/tmp/jarde-generic-calls-candidate-v4-cli class-source --input /Users/lordcasser/workspace/projects/jarde/openspec/evidence/raw-receiver-field-selection-2026-10-09/jdk8/debug/input/TypedReceiver.jar --class TypedReceiver --policy plain-jar --release 8 --format text
jdk8/debug/TypedReceiver/jarde-TypedReceiver-source-header	0	nonempty self-describing source
jdk8/debug/TypedReceiver/jarde-javac	0	/Library/Java/JavaVirtualMachines/corretto-1.8.0_432/Contents/Home/bin/javac -source 8 -target 8 -g -classpath /var/folders/gm/lzn3ylzx4lz7mx29lftngdz40000gn/T/jarde-raw-receiver-replay-z8eb4l5a/empty-classpath -sourcepath /var/folders/gm/lzn3ylzx4lz7mx29lftngdz40000gn/T/jarde-raw-receiver-replay-z8eb4l5a/empty-sourcepath -d /var/folders/gm/lzn3ylzx4lz7mx29lftngdz40000gn/T/jarde-raw-receiver-replay-z8eb4l5a/jarde-classes /Users/lordcasser/workspace/projects/jarde/openspec/changes/recover-same-class-generic-call-consumers/results/candidate/gc09-raw-64-candidate-v4/jdk8/debug/jarde/TypedReceiver.java /Users/lordcasser/workspace/projects/jarde/openspec/evidence/raw-receiver-field-selection-2026-10-09/source/ReceiverProbe.java
jdk8/debug/TypedReceiver/jarde-verify-run	0	/Library/Java/JavaVirtualMachines/corretto-1.8.0_432/Contents/Home/bin/java -Xverify:all -cp /var/folders/gm/lzn3ylzx4lz7mx29lftngdz40000gn/T/jarde-raw-receiver-replay-z8eb4l5a/jarde-classes ReceiverProbe TypedReceiver
jdk8/debug/TypedReceiver/jadx	0	/Users/lordcasser/workspace/testzone/jadx/jadx-cli/build/install/jadx/bin/jadx --no-res --single-class TypedReceiver -d /Users/lordcasser/workspace/projects/jarde/openspec/changes/recover-same-class-generic-call-consumers/results/candidate/gc09-raw-64-candidate-v4/jdk8/debug/jadx/TypedReceiver /Users/lordcasser/workspace/projects/jarde/openspec/evidence/raw-receiver-field-selection-2026-10-09/jdk8/debug/input/TypedReceiver.jar
jdk8/debug/TypedReceiver/jadx-source-header	0	nonempty class source
jdk8/debug/TypedReceiver/jadx-javac	0	/Library/Java/JavaVirtualMachines/corretto-1.8.0_432/Contents/Home/bin/javac -source 8 -target 8 -g -classpath /var/folders/gm/lzn3ylzx4lz7mx29lftngdz40000gn/T/jarde-raw-receiver-replay-z8eb4l5a/empty-classpath -sourcepath /var/folders/gm/lzn3ylzx4lz7mx29lftngdz40000gn/T/jarde-raw-receiver-replay-z8eb4l5a/empty-sourcepath -d /var/folders/gm/lzn3ylzx4lz7mx29lftngdz40000gn/T/jarde-raw-receiver-replay-z8eb4l5a/jadx-classes /Users/lordcasser/workspace/projects/jarde/openspec/changes/recover-same-class-generic-call-consumers/results/candidate/gc09-raw-64-candidate-v4/jdk8/debug/jadx/TypedReceiver/sources/defpackage/TypedReceiver.java /Users/lordcasser/workspace/projects/jarde/openspec/evidence/raw-receiver-field-selection-2026-10-09/source/ReceiverProbe.java
jdk8/debug/TypedReceiver/jadx-verify-run	0	/Library/Java/JavaVirtualMachines/corretto-1.8.0_432/Contents/Home/bin/java -Xverify:all -cp /var/folders/gm/lzn3ylzx4lz7mx29lftngdz40000gn/T/jarde-raw-receiver-replay-z8eb4l5a/jadx-classes ReceiverProbe defpackage.TypedReceiver
jdk8/no-debug/TypedReceiver/jar-contents	0	/Library/Java/JavaVirtualMachines/corretto-1.8.0_432/Contents/Home/bin/jar tf /Users/lordcasser/workspace/projects/jarde/openspec/evidence/raw-receiver-field-selection-2026-10-09/jdk8/no-debug/input/TypedReceiver.jar
jdk8/no-debug/TypedReceiver/original-javac	0	/Library/Java/JavaVirtualMachines/corretto-1.8.0_432/Contents/Home/bin/javac -source 8 -target 8 -g:none -classpath /var/folders/gm/lzn3ylzx4lz7mx29lftngdz40000gn/T/jarde-raw-receiver-replay-9r3tdv1e/empty-classpath -sourcepath /var/folders/gm/lzn3ylzx4lz7mx29lftngdz40000gn/T/jarde-raw-receiver-replay-9r3tdv1e/empty-sourcepath -d /var/folders/gm/lzn3ylzx4lz7mx29lftngdz40000gn/T/jarde-raw-receiver-replay-9r3tdv1e/original /Users/lordcasser/workspace/projects/jarde/openspec/evidence/raw-receiver-field-selection-2026-10-09/source/TypedReceiver.java
jdk8/no-debug/TypedReceiver/javap	0	/Library/Java/JavaVirtualMachines/corretto-1.8.0_432/Contents/Home/bin/javap -p -c -s -v -classpath /Users/lordcasser/workspace/projects/jarde/openspec/evidence/raw-receiver-field-selection-2026-10-09/jdk8/no-debug/input/TypedReceiver.jar TypedReceiver
jdk8/no-debug/TypedReceiver/original-probe-javac	0	/Library/Java/JavaVirtualMachines/corretto-1.8.0_432/Contents/Home/bin/javac -source 8 -target 8 -g:none -classpath /var/folders/gm/lzn3ylzx4lz7mx29lftngdz40000gn/T/jarde-raw-receiver-replay-9r3tdv1e/empty-classpath -sourcepath /var/folders/gm/lzn3ylzx4lz7mx29lftngdz40000gn/T/jarde-raw-receiver-replay-9r3tdv1e/empty-sourcepath -d /var/folders/gm/lzn3ylzx4lz7mx29lftngdz40000gn/T/jarde-raw-receiver-replay-9r3tdv1e/original-probe /Users/lordcasser/workspace/projects/jarde/openspec/evidence/raw-receiver-field-selection-2026-10-09/source/ReceiverProbe.java
jdk8/no-debug/TypedReceiver/original-run	0	/Library/Java/JavaVirtualMachines/corretto-1.8.0_432/Contents/Home/bin/java -Xverify:all -cp /var/folders/gm/lzn3ylzx4lz7mx29lftngdz40000gn/T/jarde-raw-receiver-replay-9r3tdv1e/original:/var/folders/gm/lzn3ylzx4lz7mx29lftngdz40000gn/T/jarde-raw-receiver-replay-9r3tdv1e/original-probe ReceiverProbe TypedReceiver
jdk8/no-debug/TypedReceiver/jarde-TypedReceiver	0	/private/tmp/jarde-generic-calls-candidate-v4-cli class-source --input /Users/lordcasser/workspace/projects/jarde/openspec/evidence/raw-receiver-field-selection-2026-10-09/jdk8/no-debug/input/TypedReceiver.jar --class TypedReceiver --policy plain-jar --release 8 --format text
jdk8/no-debug/TypedReceiver/jarde-TypedReceiver-source-header	0	nonempty self-describing source
jdk8/no-debug/TypedReceiver/jarde-javac	0	/Library/Java/JavaVirtualMachines/corretto-1.8.0_432/Contents/Home/bin/javac -source 8 -target 8 -g:none -classpath /var/folders/gm/lzn3ylzx4lz7mx29lftngdz40000gn/T/jarde-raw-receiver-replay-9r3tdv1e/empty-classpath -sourcepath /var/folders/gm/lzn3ylzx4lz7mx29lftngdz40000gn/T/jarde-raw-receiver-replay-9r3tdv1e/empty-sourcepath -d /var/folders/gm/lzn3ylzx4lz7mx29lftngdz40000gn/T/jarde-raw-receiver-replay-9r3tdv1e/jarde-classes /Users/lordcasser/workspace/projects/jarde/openspec/changes/recover-same-class-generic-call-consumers/results/candidate/gc09-raw-64-candidate-v4/jdk8/no-debug/jarde/TypedReceiver.java /Users/lordcasser/workspace/projects/jarde/openspec/evidence/raw-receiver-field-selection-2026-10-09/source/ReceiverProbe.java
jdk8/no-debug/TypedReceiver/jarde-verify-run	0	/Library/Java/JavaVirtualMachines/corretto-1.8.0_432/Contents/Home/bin/java -Xverify:all -cp /var/folders/gm/lzn3ylzx4lz7mx29lftngdz40000gn/T/jarde-raw-receiver-replay-9r3tdv1e/jarde-classes ReceiverProbe TypedReceiver
jdk8/no-debug/TypedReceiver/jadx	0	/Users/lordcasser/workspace/testzone/jadx/jadx-cli/build/install/jadx/bin/jadx --no-res --single-class TypedReceiver -d /Users/lordcasser/workspace/projects/jarde/openspec/changes/recover-same-class-generic-call-consumers/results/candidate/gc09-raw-64-candidate-v4/jdk8/no-debug/jadx/TypedReceiver /Users/lordcasser/workspace/projects/jarde/openspec/evidence/raw-receiver-field-selection-2026-10-09/jdk8/no-debug/input/TypedReceiver.jar
jdk8/no-debug/TypedReceiver/jadx-source-header	0	nonempty class source
jdk8/no-debug/TypedReceiver/jadx-javac	0	/Library/Java/JavaVirtualMachines/corretto-1.8.0_432/Contents/Home/bin/javac -source 8 -target 8 -g:none -classpath /var/folders/gm/lzn3ylzx4lz7mx29lftngdz40000gn/T/jarde-raw-receiver-replay-9r3tdv1e/empty-classpath -sourcepath /var/folders/gm/lzn3ylzx4lz7mx29lftngdz40000gn/T/jarde-raw-receiver-replay-9r3tdv1e/empty-sourcepath -d /var/folders/gm/lzn3ylzx4lz7mx29lftngdz40000gn/T/jarde-raw-receiver-replay-9r3tdv1e/jadx-classes /Users/lordcasser/workspace/projects/jarde/openspec/changes/recover-same-class-generic-call-consumers/results/candidate/gc09-raw-64-candidate-v4/jdk8/no-debug/jadx/TypedReceiver/sources/defpackage/TypedReceiver.java /Users/lordcasser/workspace/projects/jarde/openspec/evidence/raw-receiver-field-selection-2026-10-09/source/ReceiverProbe.java
jdk8/no-debug/TypedReceiver/jadx-verify-run	0	/Library/Java/JavaVirtualMachines/corretto-1.8.0_432/Contents/Home/bin/java -Xverify:all -cp /var/folders/gm/lzn3ylzx4lz7mx29lftngdz40000gn/T/jarde-raw-receiver-replay-9r3tdv1e/jadx-classes ReceiverProbe defpackage.TypedReceiver
jdk8/debug/ThisReceiver/jar-contents	0	/Library/Java/JavaVirtualMachines/corretto-1.8.0_432/Contents/Home/bin/jar tf /Users/lordcasser/workspace/projects/jarde/openspec/evidence/raw-receiver-field-selection-2026-10-09/jdk8/debug/input/ThisReceiver.jar
jdk8/debug/ThisReceiver/original-javac	0	/Library/Java/JavaVirtualMachines/corretto-1.8.0_432/Contents/Home/bin/javac -source 8 -target 8 -g -classpath /var/folders/gm/lzn3ylzx4lz7mx29lftngdz40000gn/T/jarde-raw-receiver-replay-6j7vq30g/empty-classpath -sourcepath /var/folders/gm/lzn3ylzx4lz7mx29lftngdz40000gn/T/jarde-raw-receiver-replay-6j7vq30g/empty-sourcepath -d /var/folders/gm/lzn3ylzx4lz7mx29lftngdz40000gn/T/jarde-raw-receiver-replay-6j7vq30g/original /Users/lordcasser/workspace/projects/jarde/openspec/evidence/raw-receiver-field-selection-2026-10-09/source/ThisReceiver.java
jdk8/debug/ThisReceiver/javap	0	/Library/Java/JavaVirtualMachines/corretto-1.8.0_432/Contents/Home/bin/javap -p -c -s -v -classpath /Users/lordcasser/workspace/projects/jarde/openspec/evidence/raw-receiver-field-selection-2026-10-09/jdk8/debug/input/ThisReceiver.jar ThisReceiver
jdk8/debug/ThisReceiver/original-probe-javac	0	/Library/Java/JavaVirtualMachines/corretto-1.8.0_432/Contents/Home/bin/javac -source 8 -target 8 -g -classpath /var/folders/gm/lzn3ylzx4lz7mx29lftngdz40000gn/T/jarde-raw-receiver-replay-6j7vq30g/empty-classpath -sourcepath /var/folders/gm/lzn3ylzx4lz7mx29lftngdz40000gn/T/jarde-raw-receiver-replay-6j7vq30g/empty-sourcepath -d /var/folders/gm/lzn3ylzx4lz7mx29lftngdz40000gn/T/jarde-raw-receiver-replay-6j7vq30g/original-probe /Users/lordcasser/workspace/projects/jarde/openspec/evidence/raw-receiver-field-selection-2026-10-09/source/ReceiverProbe.java
jdk8/debug/ThisReceiver/original-run	0	/Library/Java/JavaVirtualMachines/corretto-1.8.0_432/Contents/Home/bin/java -Xverify:all -cp /var/folders/gm/lzn3ylzx4lz7mx29lftngdz40000gn/T/jarde-raw-receiver-replay-6j7vq30g/original:/var/folders/gm/lzn3ylzx4lz7mx29lftngdz40000gn/T/jarde-raw-receiver-replay-6j7vq30g/original-probe ReceiverProbe ThisReceiver
jdk8/debug/ThisReceiver/jarde-ThisReceiver	0	/private/tmp/jarde-generic-calls-candidate-v4-cli class-source --input /Users/lordcasser/workspace/projects/jarde/openspec/evidence/raw-receiver-field-selection-2026-10-09/jdk8/debug/input/ThisReceiver.jar --class ThisReceiver --policy plain-jar --release 8 --format text
jdk8/debug/ThisReceiver/jarde-ThisReceiver-source-header	0	nonempty self-describing source
jdk8/debug/ThisReceiver/jarde-javac	0	/Library/Java/JavaVirtualMachines/corretto-1.8.0_432/Contents/Home/bin/javac -source 8 -target 8 -g -classpath /var/folders/gm/lzn3ylzx4lz7mx29lftngdz40000gn/T/jarde-raw-receiver-replay-6j7vq30g/empty-classpath -sourcepath /var/folders/gm/lzn3ylzx4lz7mx29lftngdz40000gn/T/jarde-raw-receiver-replay-6j7vq30g/empty-sourcepath -d /var/folders/gm/lzn3ylzx4lz7mx29lftngdz40000gn/T/jarde-raw-receiver-replay-6j7vq30g/jarde-classes /Users/lordcasser/workspace/projects/jarde/openspec/changes/recover-same-class-generic-call-consumers/results/candidate/gc09-raw-64-candidate-v4/jdk8/debug/jarde/ThisReceiver.java /Users/lordcasser/workspace/projects/jarde/openspec/evidence/raw-receiver-field-selection-2026-10-09/source/ReceiverProbe.java
jdk8/debug/ThisReceiver/jarde-verify-run	0	/Library/Java/JavaVirtualMachines/corretto-1.8.0_432/Contents/Home/bin/java -Xverify:all -cp /var/folders/gm/lzn3ylzx4lz7mx29lftngdz40000gn/T/jarde-raw-receiver-replay-6j7vq30g/jarde-classes ReceiverProbe ThisReceiver
jdk8/debug/ThisReceiver/jadx	0	/Users/lordcasser/workspace/testzone/jadx/jadx-cli/build/install/jadx/bin/jadx --no-res --single-class ThisReceiver -d /Users/lordcasser/workspace/projects/jarde/openspec/changes/recover-same-class-generic-call-consumers/results/candidate/gc09-raw-64-candidate-v4/jdk8/debug/jadx/ThisReceiver /Users/lordcasser/workspace/projects/jarde/openspec/evidence/raw-receiver-field-selection-2026-10-09/jdk8/debug/input/ThisReceiver.jar
jdk8/debug/ThisReceiver/jadx-source-header	0	nonempty class source
jdk8/debug/ThisReceiver/jadx-javac	0	/Library/Java/JavaVirtualMachines/corretto-1.8.0_432/Contents/Home/bin/javac -source 8 -target 8 -g -classpath /var/folders/gm/lzn3ylzx4lz7mx29lftngdz40000gn/T/jarde-raw-receiver-replay-6j7vq30g/empty-classpath -sourcepath /var/folders/gm/lzn3ylzx4lz7mx29lftngdz40000gn/T/jarde-raw-receiver-replay-6j7vq30g/empty-sourcepath -d /var/folders/gm/lzn3ylzx4lz7mx29lftngdz40000gn/T/jarde-raw-receiver-replay-6j7vq30g/jadx-classes /Users/lordcasser/workspace/projects/jarde/openspec/changes/recover-same-class-generic-call-consumers/results/candidate/gc09-raw-64-candidate-v4/jdk8/debug/jadx/ThisReceiver/sources/defpackage/ThisReceiver.java /Users/lordcasser/workspace/projects/jarde/openspec/evidence/raw-receiver-field-selection-2026-10-09/source/ReceiverProbe.java
jdk8/debug/ThisReceiver/jadx-verify-run	0	/Library/Java/JavaVirtualMachines/corretto-1.8.0_432/Contents/Home/bin/java -Xverify:all -cp /var/folders/gm/lzn3ylzx4lz7mx29lftngdz40000gn/T/jarde-raw-receiver-replay-6j7vq30g/jadx-classes ReceiverProbe defpackage.ThisReceiver
jdk8/no-debug/ThisReceiver/jar-contents	0	/Library/Java/JavaVirtualMachines/corretto-1.8.0_432/Contents/Home/bin/jar tf /Users/lordcasser/workspace/projects/jarde/openspec/evidence/raw-receiver-field-selection-2026-10-09/jdk8/no-debug/input/ThisReceiver.jar
jdk8/no-debug/ThisReceiver/original-javac	0	/Library/Java/JavaVirtualMachines/corretto-1.8.0_432/Contents/Home/bin/javac -source 8 -target 8 -g:none -classpath /var/folders/gm/lzn3ylzx4lz7mx29lftngdz40000gn/T/jarde-raw-receiver-replay-7w96c7ao/empty-classpath -sourcepath /var/folders/gm/lzn3ylzx4lz7mx29lftngdz40000gn/T/jarde-raw-receiver-replay-7w96c7ao/empty-sourcepath -d /var/folders/gm/lzn3ylzx4lz7mx29lftngdz40000gn/T/jarde-raw-receiver-replay-7w96c7ao/original /Users/lordcasser/workspace/projects/jarde/openspec/evidence/raw-receiver-field-selection-2026-10-09/source/ThisReceiver.java
jdk8/no-debug/ThisReceiver/javap	0	/Library/Java/JavaVirtualMachines/corretto-1.8.0_432/Contents/Home/bin/javap -p -c -s -v -classpath /Users/lordcasser/workspace/projects/jarde/openspec/evidence/raw-receiver-field-selection-2026-10-09/jdk8/no-debug/input/ThisReceiver.jar ThisReceiver
jdk8/no-debug/ThisReceiver/original-probe-javac	0	/Library/Java/JavaVirtualMachines/corretto-1.8.0_432/Contents/Home/bin/javac -source 8 -target 8 -g:none -classpath /var/folders/gm/lzn3ylzx4lz7mx29lftngdz40000gn/T/jarde-raw-receiver-replay-7w96c7ao/empty-classpath -sourcepath /var/folders/gm/lzn3ylzx4lz7mx29lftngdz40000gn/T/jarde-raw-receiver-replay-7w96c7ao/empty-sourcepath -d /var/folders/gm/lzn3ylzx4lz7mx29lftngdz40000gn/T/jarde-raw-receiver-replay-7w96c7ao/original-probe /Users/lordcasser/workspace/projects/jarde/openspec/evidence/raw-receiver-field-selection-2026-10-09/source/ReceiverProbe.java
jdk8/no-debug/ThisReceiver/original-run	0	/Library/Java/JavaVirtualMachines/corretto-1.8.0_432/Contents/Home/bin/java -Xverify:all -cp /var/folders/gm/lzn3ylzx4lz7mx29lftngdz40000gn/T/jarde-raw-receiver-replay-7w96c7ao/original:/var/folders/gm/lzn3ylzx4lz7mx29lftngdz40000gn/T/jarde-raw-receiver-replay-7w96c7ao/original-probe ReceiverProbe ThisReceiver
jdk8/no-debug/ThisReceiver/jarde-ThisReceiver	0	/private/tmp/jarde-generic-calls-candidate-v4-cli class-source --input /Users/lordcasser/workspace/projects/jarde/openspec/evidence/raw-receiver-field-selection-2026-10-09/jdk8/no-debug/input/ThisReceiver.jar --class ThisReceiver --policy plain-jar --release 8 --format text
jdk8/no-debug/ThisReceiver/jarde-ThisReceiver-source-header	0	nonempty self-describing source
jdk8/no-debug/ThisReceiver/jarde-javac	0	/Library/Java/JavaVirtualMachines/corretto-1.8.0_432/Contents/Home/bin/javac -source 8 -target 8 -g:none -classpath /var/folders/gm/lzn3ylzx4lz7mx29lftngdz40000gn/T/jarde-raw-receiver-replay-7w96c7ao/empty-classpath -sourcepath /var/folders/gm/lzn3ylzx4lz7mx29lftngdz40000gn/T/jarde-raw-receiver-replay-7w96c7ao/empty-sourcepath -d /var/folders/gm/lzn3ylzx4lz7mx29lftngdz40000gn/T/jarde-raw-receiver-replay-7w96c7ao/jarde-classes /Users/lordcasser/workspace/projects/jarde/openspec/changes/recover-same-class-generic-call-consumers/results/candidate/gc09-raw-64-candidate-v4/jdk8/no-debug/jarde/ThisReceiver.java /Users/lordcasser/workspace/projects/jarde/openspec/evidence/raw-receiver-field-selection-2026-10-09/source/ReceiverProbe.java
jdk8/no-debug/ThisReceiver/jarde-verify-run	0	/Library/Java/JavaVirtualMachines/corretto-1.8.0_432/Contents/Home/bin/java -Xverify:all -cp /var/folders/gm/lzn3ylzx4lz7mx29lftngdz40000gn/T/jarde-raw-receiver-replay-7w96c7ao/jarde-classes ReceiverProbe ThisReceiver
jdk8/no-debug/ThisReceiver/jadx	0	/Users/lordcasser/workspace/testzone/jadx/jadx-cli/build/install/jadx/bin/jadx --no-res --single-class ThisReceiver -d /Users/lordcasser/workspace/projects/jarde/openspec/changes/recover-same-class-generic-call-consumers/results/candidate/gc09-raw-64-candidate-v4/jdk8/no-debug/jadx/ThisReceiver /Users/lordcasser/workspace/projects/jarde/openspec/evidence/raw-receiver-field-selection-2026-10-09/jdk8/no-debug/input/ThisReceiver.jar
jdk8/no-debug/ThisReceiver/jadx-source-header	0	nonempty class source
jdk8/no-debug/ThisReceiver/jadx-javac	0	/Library/Java/JavaVirtualMachines/corretto-1.8.0_432/Contents/Home/bin/javac -source 8 -target 8 -g:none -classpath /var/folders/gm/lzn3ylzx4lz7mx29lftngdz40000gn/T/jarde-raw-receiver-replay-7w96c7ao/empty-classpath -sourcepath /var/folders/gm/lzn3ylzx4lz7mx29lftngdz40000gn/T/jarde-raw-receiver-replay-7w96c7ao/empty-sourcepath -d /var/folders/gm/lzn3ylzx4lz7mx29lftngdz40000gn/T/jarde-raw-receiver-replay-7w96c7ao/jadx-classes /Users/lordcasser/workspace/projects/jarde/openspec/changes/recover-same-class-generic-call-consumers/results/candidate/gc09-raw-64-candidate-v4/jdk8/no-debug/jadx/ThisReceiver/sources/defpackage/ThisReceiver.java /Users/lordcasser/workspace/projects/jarde/openspec/evidence/raw-receiver-field-selection-2026-10-09/source/ReceiverProbe.java
jdk8/no-debug/ThisReceiver/jadx-verify-run	0	/Library/Java/JavaVirtualMachines/corretto-1.8.0_432/Contents/Home/bin/java -Xverify:all -cp /var/folders/gm/lzn3ylzx4lz7mx29lftngdz40000gn/T/jarde-raw-receiver-replay-7w96c7ao/jadx-classes ReceiverProbe defpackage.ThisReceiver
jdk8/debug/ShadowMethodT/jar-contents	0	/Library/Java/JavaVirtualMachines/corretto-1.8.0_432/Contents/Home/bin/jar tf /Users/lordcasser/workspace/projects/jarde/openspec/evidence/raw-receiver-field-selection-2026-10-09/jdk8/debug/input/ShadowMethodT.jar
jdk8/debug/ShadowMethodT/original-javac	0	/Library/Java/JavaVirtualMachines/corretto-1.8.0_432/Contents/Home/bin/javac -source 8 -target 8 -g -classpath /var/folders/gm/lzn3ylzx4lz7mx29lftngdz40000gn/T/jarde-raw-receiver-replay-10zb8p3t/empty-classpath -sourcepath /var/folders/gm/lzn3ylzx4lz7mx29lftngdz40000gn/T/jarde-raw-receiver-replay-10zb8p3t/empty-sourcepath -d /var/folders/gm/lzn3ylzx4lz7mx29lftngdz40000gn/T/jarde-raw-receiver-replay-10zb8p3t/original /Users/lordcasser/workspace/projects/jarde/openspec/evidence/raw-receiver-field-selection-2026-10-09/source/ShadowMethodT.java
jdk8/debug/ShadowMethodT/javap	0	/Library/Java/JavaVirtualMachines/corretto-1.8.0_432/Contents/Home/bin/javap -p -c -s -v -classpath /Users/lordcasser/workspace/projects/jarde/openspec/evidence/raw-receiver-field-selection-2026-10-09/jdk8/debug/input/ShadowMethodT.jar ShadowMethodT
jdk8/debug/ShadowMethodT/original-probe-javac	0	/Library/Java/JavaVirtualMachines/corretto-1.8.0_432/Contents/Home/bin/javac -source 8 -target 8 -g -classpath /var/folders/gm/lzn3ylzx4lz7mx29lftngdz40000gn/T/jarde-raw-receiver-replay-10zb8p3t/empty-classpath -sourcepath /var/folders/gm/lzn3ylzx4lz7mx29lftngdz40000gn/T/jarde-raw-receiver-replay-10zb8p3t/empty-sourcepath -d /var/folders/gm/lzn3ylzx4lz7mx29lftngdz40000gn/T/jarde-raw-receiver-replay-10zb8p3t/original-probe /Users/lordcasser/workspace/projects/jarde/openspec/evidence/raw-receiver-field-selection-2026-10-09/source/ReceiverProbe.java
jdk8/debug/ShadowMethodT/original-run	0	/Library/Java/JavaVirtualMachines/corretto-1.8.0_432/Contents/Home/bin/java -Xverify:all -cp /var/folders/gm/lzn3ylzx4lz7mx29lftngdz40000gn/T/jarde-raw-receiver-replay-10zb8p3t/original:/var/folders/gm/lzn3ylzx4lz7mx29lftngdz40000gn/T/jarde-raw-receiver-replay-10zb8p3t/original-probe ReceiverProbe ShadowMethodT
jdk8/debug/ShadowMethodT/jarde-ShadowMethodT	0	/private/tmp/jarde-generic-calls-candidate-v4-cli class-source --input /Users/lordcasser/workspace/projects/jarde/openspec/evidence/raw-receiver-field-selection-2026-10-09/jdk8/debug/input/ShadowMethodT.jar --class ShadowMethodT --policy plain-jar --release 8 --format text
jdk8/debug/ShadowMethodT/jarde-ShadowMethodT-source-header	0	nonempty self-describing source
jdk8/debug/ShadowMethodT/jarde-javac	0	/Library/Java/JavaVirtualMachines/corretto-1.8.0_432/Contents/Home/bin/javac -source 8 -target 8 -g -classpath /var/folders/gm/lzn3ylzx4lz7mx29lftngdz40000gn/T/jarde-raw-receiver-replay-10zb8p3t/empty-classpath -sourcepath /var/folders/gm/lzn3ylzx4lz7mx29lftngdz40000gn/T/jarde-raw-receiver-replay-10zb8p3t/empty-sourcepath -d /var/folders/gm/lzn3ylzx4lz7mx29lftngdz40000gn/T/jarde-raw-receiver-replay-10zb8p3t/jarde-classes /Users/lordcasser/workspace/projects/jarde/openspec/changes/recover-same-class-generic-call-consumers/results/candidate/gc09-raw-64-candidate-v4/jdk8/debug/jarde/ShadowMethodT.java /Users/lordcasser/workspace/projects/jarde/openspec/evidence/raw-receiver-field-selection-2026-10-09/source/ReceiverProbe.java
jdk8/debug/ShadowMethodT/jarde-verify-run	0	/Library/Java/JavaVirtualMachines/corretto-1.8.0_432/Contents/Home/bin/java -Xverify:all -cp /var/folders/gm/lzn3ylzx4lz7mx29lftngdz40000gn/T/jarde-raw-receiver-replay-10zb8p3t/jarde-classes ReceiverProbe ShadowMethodT
jdk8/debug/ShadowMethodT/jadx	0	/Users/lordcasser/workspace/testzone/jadx/jadx-cli/build/install/jadx/bin/jadx --no-res --single-class ShadowMethodT -d /Users/lordcasser/workspace/projects/jarde/openspec/changes/recover-same-class-generic-call-consumers/results/candidate/gc09-raw-64-candidate-v4/jdk8/debug/jadx/ShadowMethodT /Users/lordcasser/workspace/projects/jarde/openspec/evidence/raw-receiver-field-selection-2026-10-09/jdk8/debug/input/ShadowMethodT.jar
jdk8/debug/ShadowMethodT/jadx-source-header	0	nonempty class source
jdk8/debug/ShadowMethodT/jadx-javac	0	/Library/Java/JavaVirtualMachines/corretto-1.8.0_432/Contents/Home/bin/javac -source 8 -target 8 -g -classpath /var/folders/gm/lzn3ylzx4lz7mx29lftngdz40000gn/T/jarde-raw-receiver-replay-10zb8p3t/empty-classpath -sourcepath /var/folders/gm/lzn3ylzx4lz7mx29lftngdz40000gn/T/jarde-raw-receiver-replay-10zb8p3t/empty-sourcepath -d /var/folders/gm/lzn3ylzx4lz7mx29lftngdz40000gn/T/jarde-raw-receiver-replay-10zb8p3t/jadx-classes /Users/lordcasser/workspace/projects/jarde/openspec/changes/recover-same-class-generic-call-consumers/results/candidate/gc09-raw-64-candidate-v4/jdk8/debug/jadx/ShadowMethodT/sources/defpackage/ShadowMethodT.java /Users/lordcasser/workspace/projects/jarde/openspec/evidence/raw-receiver-field-selection-2026-10-09/source/ReceiverProbe.java
jdk8/debug/ShadowMethodT/jadx-verify-run	0	/Library/Java/JavaVirtualMachines/corretto-1.8.0_432/Contents/Home/bin/java -Xverify:all -cp /var/folders/gm/lzn3ylzx4lz7mx29lftngdz40000gn/T/jarde-raw-receiver-replay-10zb8p3t/jadx-classes ReceiverProbe defpackage.ShadowMethodT
jdk8/no-debug/ShadowMethodT/jar-contents	0	/Library/Java/JavaVirtualMachines/corretto-1.8.0_432/Contents/Home/bin/jar tf /Users/lordcasser/workspace/projects/jarde/openspec/evidence/raw-receiver-field-selection-2026-10-09/jdk8/no-debug/input/ShadowMethodT.jar
jdk8/no-debug/ShadowMethodT/original-javac	0	/Library/Java/JavaVirtualMachines/corretto-1.8.0_432/Contents/Home/bin/javac -source 8 -target 8 -g:none -classpath /var/folders/gm/lzn3ylzx4lz7mx29lftngdz40000gn/T/jarde-raw-receiver-replay-tvwm7_fv/empty-classpath -sourcepath /var/folders/gm/lzn3ylzx4lz7mx29lftngdz40000gn/T/jarde-raw-receiver-replay-tvwm7_fv/empty-sourcepath -d /var/folders/gm/lzn3ylzx4lz7mx29lftngdz40000gn/T/jarde-raw-receiver-replay-tvwm7_fv/original /Users/lordcasser/workspace/projects/jarde/openspec/evidence/raw-receiver-field-selection-2026-10-09/source/ShadowMethodT.java
jdk8/no-debug/ShadowMethodT/javap	0	/Library/Java/JavaVirtualMachines/corretto-1.8.0_432/Contents/Home/bin/javap -p -c -s -v -classpath /Users/lordcasser/workspace/projects/jarde/openspec/evidence/raw-receiver-field-selection-2026-10-09/jdk8/no-debug/input/ShadowMethodT.jar ShadowMethodT
jdk8/no-debug/ShadowMethodT/original-probe-javac	0	/Library/Java/JavaVirtualMachines/corretto-1.8.0_432/Contents/Home/bin/javac -source 8 -target 8 -g:none -classpath /var/folders/gm/lzn3ylzx4lz7mx29lftngdz40000gn/T/jarde-raw-receiver-replay-tvwm7_fv/empty-classpath -sourcepath /var/folders/gm/lzn3ylzx4lz7mx29lftngdz40000gn/T/jarde-raw-receiver-replay-tvwm7_fv/empty-sourcepath -d /var/folders/gm/lzn3ylzx4lz7mx29lftngdz40000gn/T/jarde-raw-receiver-replay-tvwm7_fv/original-probe /Users/lordcasser/workspace/projects/jarde/openspec/evidence/raw-receiver-field-selection-2026-10-09/source/ReceiverProbe.java
jdk8/no-debug/ShadowMethodT/original-run	0	/Library/Java/JavaVirtualMachines/corretto-1.8.0_432/Contents/Home/bin/java -Xverify:all -cp /var/folders/gm/lzn3ylzx4lz7mx29lftngdz40000gn/T/jarde-raw-receiver-replay-tvwm7_fv/original:/var/folders/gm/lzn3ylzx4lz7mx29lftngdz40000gn/T/jarde-raw-receiver-replay-tvwm7_fv/original-probe ReceiverProbe ShadowMethodT
jdk8/no-debug/ShadowMethodT/jarde-ShadowMethodT	0	/private/tmp/jarde-generic-calls-candidate-v4-cli class-source --input /Users/lordcasser/workspace/projects/jarde/openspec/evidence/raw-receiver-field-selection-2026-10-09/jdk8/no-debug/input/ShadowMethodT.jar --class ShadowMethodT --policy plain-jar --release 8 --format text
jdk8/no-debug/ShadowMethodT/jarde-ShadowMethodT-source-header	0	nonempty self-describing source
jdk8/no-debug/ShadowMethodT/jarde-javac	0	/Library/Java/JavaVirtualMachines/corretto-1.8.0_432/Contents/Home/bin/javac -source 8 -target 8 -g:none -classpath /var/folders/gm/lzn3ylzx4lz7mx29lftngdz40000gn/T/jarde-raw-receiver-replay-tvwm7_fv/empty-classpath -sourcepath /var/folders/gm/lzn3ylzx4lz7mx29lftngdz40000gn/T/jarde-raw-receiver-replay-tvwm7_fv/empty-sourcepath -d /var/folders/gm/lzn3ylzx4lz7mx29lftngdz40000gn/T/jarde-raw-receiver-replay-tvwm7_fv/jarde-classes /Users/lordcasser/workspace/projects/jarde/openspec/changes/recover-same-class-generic-call-consumers/results/candidate/gc09-raw-64-candidate-v4/jdk8/no-debug/jarde/ShadowMethodT.java /Users/lordcasser/workspace/projects/jarde/openspec/evidence/raw-receiver-field-selection-2026-10-09/source/ReceiverProbe.java
jdk8/no-debug/ShadowMethodT/jarde-verify-run	0	/Library/Java/JavaVirtualMachines/corretto-1.8.0_432/Contents/Home/bin/java -Xverify:all -cp /var/folders/gm/lzn3ylzx4lz7mx29lftngdz40000gn/T/jarde-raw-receiver-replay-tvwm7_fv/jarde-classes ReceiverProbe ShadowMethodT
jdk8/no-debug/ShadowMethodT/jadx	0	/Users/lordcasser/workspace/testzone/jadx/jadx-cli/build/install/jadx/bin/jadx --no-res --single-class ShadowMethodT -d /Users/lordcasser/workspace/projects/jarde/openspec/changes/recover-same-class-generic-call-consumers/results/candidate/gc09-raw-64-candidate-v4/jdk8/no-debug/jadx/ShadowMethodT /Users/lordcasser/workspace/projects/jarde/openspec/evidence/raw-receiver-field-selection-2026-10-09/jdk8/no-debug/input/ShadowMethodT.jar
jdk8/no-debug/ShadowMethodT/jadx-source-header	0	nonempty class source
jdk8/no-debug/ShadowMethodT/jadx-javac	0	/Library/Java/JavaVirtualMachines/corretto-1.8.0_432/Contents/Home/bin/javac -source 8 -target 8 -g:none -classpath /var/folders/gm/lzn3ylzx4lz7mx29lftngdz40000gn/T/jarde-raw-receiver-replay-tvwm7_fv/empty-classpath -sourcepath /var/folders/gm/lzn3ylzx4lz7mx29lftngdz40000gn/T/jarde-raw-receiver-replay-tvwm7_fv/empty-sourcepath -d /var/folders/gm/lzn3ylzx4lz7mx29lftngdz40000gn/T/jarde-raw-receiver-replay-tvwm7_fv/jadx-classes /Users/lordcasser/workspace/projects/jarde/openspec/changes/recover-same-class-generic-call-consumers/results/candidate/gc09-raw-64-candidate-v4/jdk8/no-debug/jadx/ShadowMethodT/sources/defpackage/ShadowMethodT.java /Users/lordcasser/workspace/projects/jarde/openspec/evidence/raw-receiver-field-selection-2026-10-09/source/ReceiverProbe.java
jdk8/no-debug/ShadowMethodT/jadx-verify-run	0	/Library/Java/JavaVirtualMachines/corretto-1.8.0_432/Contents/Home/bin/java -Xverify:all -cp /var/folders/gm/lzn3ylzx4lz7mx29lftngdz40000gn/T/jarde-raw-receiver-replay-tvwm7_fv/jadx-classes ReceiverProbe defpackage.ShadowMethodT
jdk8/debug/DirectInstanceRawParam/jar-contents	0	/Library/Java/JavaVirtualMachines/corretto-1.8.0_432/Contents/Home/bin/jar tf /Users/lordcasser/workspace/projects/jarde/openspec/evidence/raw-receiver-field-selection-2026-10-09/jdk8/debug/input/DirectInstanceRawParam.jar
jdk8/debug/DirectInstanceRawParam/original-javac	0	/Library/Java/JavaVirtualMachines/corretto-1.8.0_432/Contents/Home/bin/javac -source 8 -target 8 -g -classpath /var/folders/gm/lzn3ylzx4lz7mx29lftngdz40000gn/T/jarde-raw-receiver-replay-1c0ymwy7/empty-classpath -sourcepath /var/folders/gm/lzn3ylzx4lz7mx29lftngdz40000gn/T/jarde-raw-receiver-replay-1c0ymwy7/empty-sourcepath -d /var/folders/gm/lzn3ylzx4lz7mx29lftngdz40000gn/T/jarde-raw-receiver-replay-1c0ymwy7/original /Users/lordcasser/workspace/projects/jarde/openspec/evidence/raw-receiver-field-selection-2026-10-09/source/DirectInstanceRawParam.java
jdk8/debug/DirectInstanceRawParam/javap	0	/Library/Java/JavaVirtualMachines/corretto-1.8.0_432/Contents/Home/bin/javap -p -c -s -v -classpath /Users/lordcasser/workspace/projects/jarde/openspec/evidence/raw-receiver-field-selection-2026-10-09/jdk8/debug/input/DirectInstanceRawParam.jar DirectInstanceRawParam
jdk8/debug/DirectInstanceRawParam/original-probe-javac	0	/Library/Java/JavaVirtualMachines/corretto-1.8.0_432/Contents/Home/bin/javac -source 8 -target 8 -g -classpath /var/folders/gm/lzn3ylzx4lz7mx29lftngdz40000gn/T/jarde-raw-receiver-replay-1c0ymwy7/empty-classpath -sourcepath /var/folders/gm/lzn3ylzx4lz7mx29lftngdz40000gn/T/jarde-raw-receiver-replay-1c0ymwy7/empty-sourcepath -d /var/folders/gm/lzn3ylzx4lz7mx29lftngdz40000gn/T/jarde-raw-receiver-replay-1c0ymwy7/original-probe /Users/lordcasser/workspace/projects/jarde/openspec/evidence/raw-receiver-field-selection-2026-10-09/source/ReceiverProbe.java
jdk8/debug/DirectInstanceRawParam/original-run	0	/Library/Java/JavaVirtualMachines/corretto-1.8.0_432/Contents/Home/bin/java -Xverify:all -cp /var/folders/gm/lzn3ylzx4lz7mx29lftngdz40000gn/T/jarde-raw-receiver-replay-1c0ymwy7/original:/var/folders/gm/lzn3ylzx4lz7mx29lftngdz40000gn/T/jarde-raw-receiver-replay-1c0ymwy7/original-probe ReceiverProbe DirectInstanceRawParam
jdk8/debug/DirectInstanceRawParam/jarde-DirectInstanceRawParam	0	/private/tmp/jarde-generic-calls-candidate-v4-cli class-source --input /Users/lordcasser/workspace/projects/jarde/openspec/evidence/raw-receiver-field-selection-2026-10-09/jdk8/debug/input/DirectInstanceRawParam.jar --class DirectInstanceRawParam --policy plain-jar --release 8 --format text
jdk8/debug/DirectInstanceRawParam/jarde-DirectInstanceRawParam-source-header	0	nonempty self-describing source
jdk8/debug/DirectInstanceRawParam/jarde-javac	0	/Library/Java/JavaVirtualMachines/corretto-1.8.0_432/Contents/Home/bin/javac -source 8 -target 8 -g -classpath /var/folders/gm/lzn3ylzx4lz7mx29lftngdz40000gn/T/jarde-raw-receiver-replay-1c0ymwy7/empty-classpath -sourcepath /var/folders/gm/lzn3ylzx4lz7mx29lftngdz40000gn/T/jarde-raw-receiver-replay-1c0ymwy7/empty-sourcepath -d /var/folders/gm/lzn3ylzx4lz7mx29lftngdz40000gn/T/jarde-raw-receiver-replay-1c0ymwy7/jarde-classes /Users/lordcasser/workspace/projects/jarde/openspec/changes/recover-same-class-generic-call-consumers/results/candidate/gc09-raw-64-candidate-v4/jdk8/debug/jarde/DirectInstanceRawParam.java /Users/lordcasser/workspace/projects/jarde/openspec/evidence/raw-receiver-field-selection-2026-10-09/source/ReceiverProbe.java
jdk8/debug/DirectInstanceRawParam/jarde-verify-run	0	/Library/Java/JavaVirtualMachines/corretto-1.8.0_432/Contents/Home/bin/java -Xverify:all -cp /var/folders/gm/lzn3ylzx4lz7mx29lftngdz40000gn/T/jarde-raw-receiver-replay-1c0ymwy7/jarde-classes ReceiverProbe DirectInstanceRawParam
jdk8/debug/DirectInstanceRawParam/jadx	0	/Users/lordcasser/workspace/testzone/jadx/jadx-cli/build/install/jadx/bin/jadx --no-res --single-class DirectInstanceRawParam -d /Users/lordcasser/workspace/projects/jarde/openspec/changes/recover-same-class-generic-call-consumers/results/candidate/gc09-raw-64-candidate-v4/jdk8/debug/jadx/DirectInstanceRawParam /Users/lordcasser/workspace/projects/jarde/openspec/evidence/raw-receiver-field-selection-2026-10-09/jdk8/debug/input/DirectInstanceRawParam.jar
jdk8/debug/DirectInstanceRawParam/jadx-source-header	0	nonempty class source
jdk8/debug/DirectInstanceRawParam/jadx-javac	0	/Library/Java/JavaVirtualMachines/corretto-1.8.0_432/Contents/Home/bin/javac -source 8 -target 8 -g -classpath /var/folders/gm/lzn3ylzx4lz7mx29lftngdz40000gn/T/jarde-raw-receiver-replay-1c0ymwy7/empty-classpath -sourcepath /var/folders/gm/lzn3ylzx4lz7mx29lftngdz40000gn/T/jarde-raw-receiver-replay-1c0ymwy7/empty-sourcepath -d /var/folders/gm/lzn3ylzx4lz7mx29lftngdz40000gn/T/jarde-raw-receiver-replay-1c0ymwy7/jadx-classes /Users/lordcasser/workspace/projects/jarde/openspec/changes/recover-same-class-generic-call-consumers/results/candidate/gc09-raw-64-candidate-v4/jdk8/debug/jadx/DirectInstanceRawParam/sources/defpackage/DirectInstanceRawParam.java /Users/lordcasser/workspace/projects/jarde/openspec/evidence/raw-receiver-field-selection-2026-10-09/source/ReceiverProbe.java
jdk8/debug/DirectInstanceRawParam/jadx-verify-run	0	/Library/Java/JavaVirtualMachines/corretto-1.8.0_432/Contents/Home/bin/java -Xverify:all -cp /var/folders/gm/lzn3ylzx4lz7mx29lftngdz40000gn/T/jarde-raw-receiver-replay-1c0ymwy7/jadx-classes ReceiverProbe defpackage.DirectInstanceRawParam
jdk8/no-debug/DirectInstanceRawParam/jar-contents	0	/Library/Java/JavaVirtualMachines/corretto-1.8.0_432/Contents/Home/bin/jar tf /Users/lordcasser/workspace/projects/jarde/openspec/evidence/raw-receiver-field-selection-2026-10-09/jdk8/no-debug/input/DirectInstanceRawParam.jar
jdk8/no-debug/DirectInstanceRawParam/original-javac	0	/Library/Java/JavaVirtualMachines/corretto-1.8.0_432/Contents/Home/bin/javac -source 8 -target 8 -g:none -classpath /var/folders/gm/lzn3ylzx4lz7mx29lftngdz40000gn/T/jarde-raw-receiver-replay-fef4izmj/empty-classpath -sourcepath /var/folders/gm/lzn3ylzx4lz7mx29lftngdz40000gn/T/jarde-raw-receiver-replay-fef4izmj/empty-sourcepath -d /var/folders/gm/lzn3ylzx4lz7mx29lftngdz40000gn/T/jarde-raw-receiver-replay-fef4izmj/original /Users/lordcasser/workspace/projects/jarde/openspec/evidence/raw-receiver-field-selection-2026-10-09/source/DirectInstanceRawParam.java
jdk8/no-debug/DirectInstanceRawParam/javap	0	/Library/Java/JavaVirtualMachines/corretto-1.8.0_432/Contents/Home/bin/javap -p -c -s -v -classpath /Users/lordcasser/workspace/projects/jarde/openspec/evidence/raw-receiver-field-selection-2026-10-09/jdk8/no-debug/input/DirectInstanceRawParam.jar DirectInstanceRawParam
jdk8/no-debug/DirectInstanceRawParam/original-probe-javac	0	/Library/Java/JavaVirtualMachines/corretto-1.8.0_432/Contents/Home/bin/javac -source 8 -target 8 -g:none -classpath /var/folders/gm/lzn3ylzx4lz7mx29lftngdz40000gn/T/jarde-raw-receiver-replay-fef4izmj/empty-classpath -sourcepath /var/folders/gm/lzn3ylzx4lz7mx29lftngdz40000gn/T/jarde-raw-receiver-replay-fef4izmj/empty-sourcepath -d /var/folders/gm/lzn3ylzx4lz7mx29lftngdz40000gn/T/jarde-raw-receiver-replay-fef4izmj/original-probe /Users/lordcasser/workspace/projects/jarde/openspec/evidence/raw-receiver-field-selection-2026-10-09/source/ReceiverProbe.java
jdk8/no-debug/DirectInstanceRawParam/original-run	0	/Library/Java/JavaVirtualMachines/corretto-1.8.0_432/Contents/Home/bin/java -Xverify:all -cp /var/folders/gm/lzn3ylzx4lz7mx29lftngdz40000gn/T/jarde-raw-receiver-replay-fef4izmj/original:/var/folders/gm/lzn3ylzx4lz7mx29lftngdz40000gn/T/jarde-raw-receiver-replay-fef4izmj/original-probe ReceiverProbe DirectInstanceRawParam
jdk8/no-debug/DirectInstanceRawParam/jarde-DirectInstanceRawParam	0	/private/tmp/jarde-generic-calls-candidate-v4-cli class-source --input /Users/lordcasser/workspace/projects/jarde/openspec/evidence/raw-receiver-field-selection-2026-10-09/jdk8/no-debug/input/DirectInstanceRawParam.jar --class DirectInstanceRawParam --policy plain-jar --release 8 --format text
jdk8/no-debug/DirectInstanceRawParam/jarde-DirectInstanceRawParam-source-header	0	nonempty self-describing source
jdk8/no-debug/DirectInstanceRawParam/jarde-javac	0	/Library/Java/JavaVirtualMachines/corretto-1.8.0_432/Contents/Home/bin/javac -source 8 -target 8 -g:none -classpath /var/folders/gm/lzn3ylzx4lz7mx29lftngdz40000gn/T/jarde-raw-receiver-replay-fef4izmj/empty-classpath -sourcepath /var/folders/gm/lzn3ylzx4lz7mx29lftngdz40000gn/T/jarde-raw-receiver-replay-fef4izmj/empty-sourcepath -d /var/folders/gm/lzn3ylzx4lz7mx29lftngdz40000gn/T/jarde-raw-receiver-replay-fef4izmj/jarde-classes /Users/lordcasser/workspace/projects/jarde/openspec/changes/recover-same-class-generic-call-consumers/results/candidate/gc09-raw-64-candidate-v4/jdk8/no-debug/jarde/DirectInstanceRawParam.java /Users/lordcasser/workspace/projects/jarde/openspec/evidence/raw-receiver-field-selection-2026-10-09/source/ReceiverProbe.java
jdk8/no-debug/DirectInstanceRawParam/jarde-verify-run	0	/Library/Java/JavaVirtualMachines/corretto-1.8.0_432/Contents/Home/bin/java -Xverify:all -cp /var/folders/gm/lzn3ylzx4lz7mx29lftngdz40000gn/T/jarde-raw-receiver-replay-fef4izmj/jarde-classes ReceiverProbe DirectInstanceRawParam
jdk8/no-debug/DirectInstanceRawParam/jadx	0	/Users/lordcasser/workspace/testzone/jadx/jadx-cli/build/install/jadx/bin/jadx --no-res --single-class DirectInstanceRawParam -d /Users/lordcasser/workspace/projects/jarde/openspec/changes/recover-same-class-generic-call-consumers/results/candidate/gc09-raw-64-candidate-v4/jdk8/no-debug/jadx/DirectInstanceRawParam /Users/lordcasser/workspace/projects/jarde/openspec/evidence/raw-receiver-field-selection-2026-10-09/jdk8/no-debug/input/DirectInstanceRawParam.jar
jdk8/no-debug/DirectInstanceRawParam/jadx-source-header	0	nonempty class source
jdk8/no-debug/DirectInstanceRawParam/jadx-javac	0	/Library/Java/JavaVirtualMachines/corretto-1.8.0_432/Contents/Home/bin/javac -source 8 -target 8 -g:none -classpath /var/folders/gm/lzn3ylzx4lz7mx29lftngdz40000gn/T/jarde-raw-receiver-replay-fef4izmj/empty-classpath -sourcepath /var/folders/gm/lzn3ylzx4lz7mx29lftngdz40000gn/T/jarde-raw-receiver-replay-fef4izmj/empty-sourcepath -d /var/folders/gm/lzn3ylzx4lz7mx29lftngdz40000gn/T/jarde-raw-receiver-replay-fef4izmj/jadx-classes /Users/lordcasser/workspace/projects/jarde/openspec/changes/recover-same-class-generic-call-consumers/results/candidate/gc09-raw-64-candidate-v4/jdk8/no-debug/jadx/DirectInstanceRawParam/sources/defpackage/DirectInstanceRawParam.java /Users/lordcasser/workspace/projects/jarde/openspec/evidence/raw-receiver-field-selection-2026-10-09/source/ReceiverProbe.java
jdk8/no-debug/DirectInstanceRawParam/jadx-verify-run	0	/Library/Java/JavaVirtualMachines/corretto-1.8.0_432/Contents/Home/bin/java -Xverify:all -cp /var/folders/gm/lzn3ylzx4lz7mx29lftngdz40000gn/T/jarde-raw-receiver-replay-fef4izmj/jadx-classes ReceiverProbe defpackage.DirectInstanceRawParam
jdk8/debug/WideRawParam/jar-contents	0	/Library/Java/JavaVirtualMachines/corretto-1.8.0_432/Contents/Home/bin/jar tf /Users/lordcasser/workspace/projects/jarde/openspec/evidence/raw-receiver-field-selection-2026-10-09/jdk8/debug/input/WideRawParam.jar
jdk8/debug/WideRawParam/original-javac	0	/Library/Java/JavaVirtualMachines/corretto-1.8.0_432/Contents/Home/bin/javac -source 8 -target 8 -g -classpath /var/folders/gm/lzn3ylzx4lz7mx29lftngdz40000gn/T/jarde-raw-receiver-replay-zpybgpc5/empty-classpath -sourcepath /var/folders/gm/lzn3ylzx4lz7mx29lftngdz40000gn/T/jarde-raw-receiver-replay-zpybgpc5/empty-sourcepath -d /var/folders/gm/lzn3ylzx4lz7mx29lftngdz40000gn/T/jarde-raw-receiver-replay-zpybgpc5/original /Users/lordcasser/workspace/projects/jarde/openspec/evidence/raw-receiver-field-selection-2026-10-09/source/WideRawParam.java
jdk8/debug/WideRawParam/javap	0	/Library/Java/JavaVirtualMachines/corretto-1.8.0_432/Contents/Home/bin/javap -p -c -s -v -classpath /Users/lordcasser/workspace/projects/jarde/openspec/evidence/raw-receiver-field-selection-2026-10-09/jdk8/debug/input/WideRawParam.jar WideRawParam
jdk8/debug/WideRawParam/original-probe-javac	0	/Library/Java/JavaVirtualMachines/corretto-1.8.0_432/Contents/Home/bin/javac -source 8 -target 8 -g -classpath /var/folders/gm/lzn3ylzx4lz7mx29lftngdz40000gn/T/jarde-raw-receiver-replay-zpybgpc5/empty-classpath -sourcepath /var/folders/gm/lzn3ylzx4lz7mx29lftngdz40000gn/T/jarde-raw-receiver-replay-zpybgpc5/empty-sourcepath -d /var/folders/gm/lzn3ylzx4lz7mx29lftngdz40000gn/T/jarde-raw-receiver-replay-zpybgpc5/original-probe /Users/lordcasser/workspace/projects/jarde/openspec/evidence/raw-receiver-field-selection-2026-10-09/source/ReceiverProbe.java
jdk8/debug/WideRawParam/original-run	0	/Library/Java/JavaVirtualMachines/corretto-1.8.0_432/Contents/Home/bin/java -Xverify:all -cp /var/folders/gm/lzn3ylzx4lz7mx29lftngdz40000gn/T/jarde-raw-receiver-replay-zpybgpc5/original:/var/folders/gm/lzn3ylzx4lz7mx29lftngdz40000gn/T/jarde-raw-receiver-replay-zpybgpc5/original-probe ReceiverProbe WideRawParam
jdk8/debug/WideRawParam/jarde-WideRawParam	0	/private/tmp/jarde-generic-calls-candidate-v4-cli class-source --input /Users/lordcasser/workspace/projects/jarde/openspec/evidence/raw-receiver-field-selection-2026-10-09/jdk8/debug/input/WideRawParam.jar --class WideRawParam --policy plain-jar --release 8 --format text
jdk8/debug/WideRawParam/jarde-WideRawParam-source-header	0	nonempty self-describing source
jdk8/debug/WideRawParam/jarde-javac	0	/Library/Java/JavaVirtualMachines/corretto-1.8.0_432/Contents/Home/bin/javac -source 8 -target 8 -g -classpath /var/folders/gm/lzn3ylzx4lz7mx29lftngdz40000gn/T/jarde-raw-receiver-replay-zpybgpc5/empty-classpath -sourcepath /var/folders/gm/lzn3ylzx4lz7mx29lftngdz40000gn/T/jarde-raw-receiver-replay-zpybgpc5/empty-sourcepath -d /var/folders/gm/lzn3ylzx4lz7mx29lftngdz40000gn/T/jarde-raw-receiver-replay-zpybgpc5/jarde-classes /Users/lordcasser/workspace/projects/jarde/openspec/changes/recover-same-class-generic-call-consumers/results/candidate/gc09-raw-64-candidate-v4/jdk8/debug/jarde/WideRawParam.java /Users/lordcasser/workspace/projects/jarde/openspec/evidence/raw-receiver-field-selection-2026-10-09/source/ReceiverProbe.java
jdk8/debug/WideRawParam/jarde-verify-run	0	/Library/Java/JavaVirtualMachines/corretto-1.8.0_432/Contents/Home/bin/java -Xverify:all -cp /var/folders/gm/lzn3ylzx4lz7mx29lftngdz40000gn/T/jarde-raw-receiver-replay-zpybgpc5/jarde-classes ReceiverProbe WideRawParam
jdk8/debug/WideRawParam/jadx	0	/Users/lordcasser/workspace/testzone/jadx/jadx-cli/build/install/jadx/bin/jadx --no-res --single-class WideRawParam -d /Users/lordcasser/workspace/projects/jarde/openspec/changes/recover-same-class-generic-call-consumers/results/candidate/gc09-raw-64-candidate-v4/jdk8/debug/jadx/WideRawParam /Users/lordcasser/workspace/projects/jarde/openspec/evidence/raw-receiver-field-selection-2026-10-09/jdk8/debug/input/WideRawParam.jar
jdk8/debug/WideRawParam/jadx-source-header	0	nonempty class source
jdk8/debug/WideRawParam/jadx-javac	0	/Library/Java/JavaVirtualMachines/corretto-1.8.0_432/Contents/Home/bin/javac -source 8 -target 8 -g -classpath /var/folders/gm/lzn3ylzx4lz7mx29lftngdz40000gn/T/jarde-raw-receiver-replay-zpybgpc5/empty-classpath -sourcepath /var/folders/gm/lzn3ylzx4lz7mx29lftngdz40000gn/T/jarde-raw-receiver-replay-zpybgpc5/empty-sourcepath -d /var/folders/gm/lzn3ylzx4lz7mx29lftngdz40000gn/T/jarde-raw-receiver-replay-zpybgpc5/jadx-classes /Users/lordcasser/workspace/projects/jarde/openspec/changes/recover-same-class-generic-call-consumers/results/candidate/gc09-raw-64-candidate-v4/jdk8/debug/jadx/WideRawParam/sources/defpackage/WideRawParam.java /Users/lordcasser/workspace/projects/jarde/openspec/evidence/raw-receiver-field-selection-2026-10-09/source/ReceiverProbe.java
jdk8/debug/WideRawParam/jadx-verify-run	0	/Library/Java/JavaVirtualMachines/corretto-1.8.0_432/Contents/Home/bin/java -Xverify:all -cp /var/folders/gm/lzn3ylzx4lz7mx29lftngdz40000gn/T/jarde-raw-receiver-replay-zpybgpc5/jadx-classes ReceiverProbe defpackage.WideRawParam
jdk8/no-debug/WideRawParam/jar-contents	0	/Library/Java/JavaVirtualMachines/corretto-1.8.0_432/Contents/Home/bin/jar tf /Users/lordcasser/workspace/projects/jarde/openspec/evidence/raw-receiver-field-selection-2026-10-09/jdk8/no-debug/input/WideRawParam.jar
jdk8/no-debug/WideRawParam/original-javac	0	/Library/Java/JavaVirtualMachines/corretto-1.8.0_432/Contents/Home/bin/javac -source 8 -target 8 -g:none -classpath /var/folders/gm/lzn3ylzx4lz7mx29lftngdz40000gn/T/jarde-raw-receiver-replay-lfshm7en/empty-classpath -sourcepath /var/folders/gm/lzn3ylzx4lz7mx29lftngdz40000gn/T/jarde-raw-receiver-replay-lfshm7en/empty-sourcepath -d /var/folders/gm/lzn3ylzx4lz7mx29lftngdz40000gn/T/jarde-raw-receiver-replay-lfshm7en/original /Users/lordcasser/workspace/projects/jarde/openspec/evidence/raw-receiver-field-selection-2026-10-09/source/WideRawParam.java
jdk8/no-debug/WideRawParam/javap	0	/Library/Java/JavaVirtualMachines/corretto-1.8.0_432/Contents/Home/bin/javap -p -c -s -v -classpath /Users/lordcasser/workspace/projects/jarde/openspec/evidence/raw-receiver-field-selection-2026-10-09/jdk8/no-debug/input/WideRawParam.jar WideRawParam
jdk8/no-debug/WideRawParam/original-probe-javac	0	/Library/Java/JavaVirtualMachines/corretto-1.8.0_432/Contents/Home/bin/javac -source 8 -target 8 -g:none -classpath /var/folders/gm/lzn3ylzx4lz7mx29lftngdz40000gn/T/jarde-raw-receiver-replay-lfshm7en/empty-classpath -sourcepath /var/folders/gm/lzn3ylzx4lz7mx29lftngdz40000gn/T/jarde-raw-receiver-replay-lfshm7en/empty-sourcepath -d /var/folders/gm/lzn3ylzx4lz7mx29lftngdz40000gn/T/jarde-raw-receiver-replay-lfshm7en/original-probe /Users/lordcasser/workspace/projects/jarde/openspec/evidence/raw-receiver-field-selection-2026-10-09/source/ReceiverProbe.java
jdk8/no-debug/WideRawParam/original-run	0	/Library/Java/JavaVirtualMachines/corretto-1.8.0_432/Contents/Home/bin/java -Xverify:all -cp /var/folders/gm/lzn3ylzx4lz7mx29lftngdz40000gn/T/jarde-raw-receiver-replay-lfshm7en/original:/var/folders/gm/lzn3ylzx4lz7mx29lftngdz40000gn/T/jarde-raw-receiver-replay-lfshm7en/original-probe ReceiverProbe WideRawParam
jdk8/no-debug/WideRawParam/jarde-WideRawParam	0	/private/tmp/jarde-generic-calls-candidate-v4-cli class-source --input /Users/lordcasser/workspace/projects/jarde/openspec/evidence/raw-receiver-field-selection-2026-10-09/jdk8/no-debug/input/WideRawParam.jar --class WideRawParam --policy plain-jar --release 8 --format text
jdk8/no-debug/WideRawParam/jarde-WideRawParam-source-header	0	nonempty self-describing source
jdk8/no-debug/WideRawParam/jarde-javac	0	/Library/Java/JavaVirtualMachines/corretto-1.8.0_432/Contents/Home/bin/javac -source 8 -target 8 -g:none -classpath /var/folders/gm/lzn3ylzx4lz7mx29lftngdz40000gn/T/jarde-raw-receiver-replay-lfshm7en/empty-classpath -sourcepath /var/folders/gm/lzn3ylzx4lz7mx29lftngdz40000gn/T/jarde-raw-receiver-replay-lfshm7en/empty-sourcepath -d /var/folders/gm/lzn3ylzx4lz7mx29lftngdz40000gn/T/jarde-raw-receiver-replay-lfshm7en/jarde-classes /Users/lordcasser/workspace/projects/jarde/openspec/changes/recover-same-class-generic-call-consumers/results/candidate/gc09-raw-64-candidate-v4/jdk8/no-debug/jarde/WideRawParam.java /Users/lordcasser/workspace/projects/jarde/openspec/evidence/raw-receiver-field-selection-2026-10-09/source/ReceiverProbe.java
jdk8/no-debug/WideRawParam/jarde-verify-run	0	/Library/Java/JavaVirtualMachines/corretto-1.8.0_432/Contents/Home/bin/java -Xverify:all -cp /var/folders/gm/lzn3ylzx4lz7mx29lftngdz40000gn/T/jarde-raw-receiver-replay-lfshm7en/jarde-classes ReceiverProbe WideRawParam
jdk8/no-debug/WideRawParam/jadx	0	/Users/lordcasser/workspace/testzone/jadx/jadx-cli/build/install/jadx/bin/jadx --no-res --single-class WideRawParam -d /Users/lordcasser/workspace/projects/jarde/openspec/changes/recover-same-class-generic-call-consumers/results/candidate/gc09-raw-64-candidate-v4/jdk8/no-debug/jadx/WideRawParam /Users/lordcasser/workspace/projects/jarde/openspec/evidence/raw-receiver-field-selection-2026-10-09/jdk8/no-debug/input/WideRawParam.jar
jdk8/no-debug/WideRawParam/jadx-source-header	0	nonempty class source
jdk8/no-debug/WideRawParam/jadx-javac	0	/Library/Java/JavaVirtualMachines/corretto-1.8.0_432/Contents/Home/bin/javac -source 8 -target 8 -g:none -classpath /var/folders/gm/lzn3ylzx4lz7mx29lftngdz40000gn/T/jarde-raw-receiver-replay-lfshm7en/empty-classpath -sourcepath /var/folders/gm/lzn3ylzx4lz7mx29lftngdz40000gn/T/jarde-raw-receiver-replay-lfshm7en/empty-sourcepath -d /var/folders/gm/lzn3ylzx4lz7mx29lftngdz40000gn/T/jarde-raw-receiver-replay-lfshm7en/jadx-classes /Users/lordcasser/workspace/projects/jarde/openspec/changes/recover-same-class-generic-call-consumers/results/candidate/gc09-raw-64-candidate-v4/jdk8/no-debug/jadx/WideRawParam/sources/defpackage/WideRawParam.java /Users/lordcasser/workspace/projects/jarde/openspec/evidence/raw-receiver-field-selection-2026-10-09/source/ReceiverProbe.java
jdk8/no-debug/WideRawParam/jadx-verify-run	0	/Library/Java/JavaVirtualMachines/corretto-1.8.0_432/Contents/Home/bin/java -Xverify:all -cp /var/folders/gm/lzn3ylzx4lz7mx29lftngdz40000gn/T/jarde-raw-receiver-replay-lfshm7en/jadx-classes ReceiverProbe defpackage.WideRawParam
jdk8/debug/ArrayRawParam/jar-contents	0	/Library/Java/JavaVirtualMachines/corretto-1.8.0_432/Contents/Home/bin/jar tf /Users/lordcasser/workspace/projects/jarde/openspec/evidence/raw-receiver-field-selection-2026-10-09/jdk8/debug/input/ArrayRawParam.jar
jdk8/debug/ArrayRawParam/original-javac	0	/Library/Java/JavaVirtualMachines/corretto-1.8.0_432/Contents/Home/bin/javac -source 8 -target 8 -g -classpath /var/folders/gm/lzn3ylzx4lz7mx29lftngdz40000gn/T/jarde-raw-receiver-replay-qc5hpb7s/empty-classpath -sourcepath /var/folders/gm/lzn3ylzx4lz7mx29lftngdz40000gn/T/jarde-raw-receiver-replay-qc5hpb7s/empty-sourcepath -d /var/folders/gm/lzn3ylzx4lz7mx29lftngdz40000gn/T/jarde-raw-receiver-replay-qc5hpb7s/original /Users/lordcasser/workspace/projects/jarde/openspec/evidence/raw-receiver-field-selection-2026-10-09/source/ArrayRawParam.java
jdk8/debug/ArrayRawParam/javap	0	/Library/Java/JavaVirtualMachines/corretto-1.8.0_432/Contents/Home/bin/javap -p -c -s -v -classpath /Users/lordcasser/workspace/projects/jarde/openspec/evidence/raw-receiver-field-selection-2026-10-09/jdk8/debug/input/ArrayRawParam.jar ArrayRawParam
jdk8/debug/ArrayRawParam/original-probe-javac	0	/Library/Java/JavaVirtualMachines/corretto-1.8.0_432/Contents/Home/bin/javac -source 8 -target 8 -g -classpath /var/folders/gm/lzn3ylzx4lz7mx29lftngdz40000gn/T/jarde-raw-receiver-replay-qc5hpb7s/empty-classpath -sourcepath /var/folders/gm/lzn3ylzx4lz7mx29lftngdz40000gn/T/jarde-raw-receiver-replay-qc5hpb7s/empty-sourcepath -d /var/folders/gm/lzn3ylzx4lz7mx29lftngdz40000gn/T/jarde-raw-receiver-replay-qc5hpb7s/original-probe /Users/lordcasser/workspace/projects/jarde/openspec/evidence/raw-receiver-field-selection-2026-10-09/source/ReceiverProbe.java
jdk8/debug/ArrayRawParam/original-run	0	/Library/Java/JavaVirtualMachines/corretto-1.8.0_432/Contents/Home/bin/java -Xverify:all -cp /var/folders/gm/lzn3ylzx4lz7mx29lftngdz40000gn/T/jarde-raw-receiver-replay-qc5hpb7s/original:/var/folders/gm/lzn3ylzx4lz7mx29lftngdz40000gn/T/jarde-raw-receiver-replay-qc5hpb7s/original-probe ReceiverProbe ArrayRawParam
jdk8/debug/ArrayRawParam/jarde-ArrayRawParam	0	/private/tmp/jarde-generic-calls-candidate-v4-cli class-source --input /Users/lordcasser/workspace/projects/jarde/openspec/evidence/raw-receiver-field-selection-2026-10-09/jdk8/debug/input/ArrayRawParam.jar --class ArrayRawParam --policy plain-jar --release 8 --format text
jdk8/debug/ArrayRawParam/jarde-ArrayRawParam-source-header	0	nonempty self-describing source
jdk8/debug/ArrayRawParam/jarde-javac	0	/Library/Java/JavaVirtualMachines/corretto-1.8.0_432/Contents/Home/bin/javac -source 8 -target 8 -g -classpath /var/folders/gm/lzn3ylzx4lz7mx29lftngdz40000gn/T/jarde-raw-receiver-replay-qc5hpb7s/empty-classpath -sourcepath /var/folders/gm/lzn3ylzx4lz7mx29lftngdz40000gn/T/jarde-raw-receiver-replay-qc5hpb7s/empty-sourcepath -d /var/folders/gm/lzn3ylzx4lz7mx29lftngdz40000gn/T/jarde-raw-receiver-replay-qc5hpb7s/jarde-classes /Users/lordcasser/workspace/projects/jarde/openspec/changes/recover-same-class-generic-call-consumers/results/candidate/gc09-raw-64-candidate-v4/jdk8/debug/jarde/ArrayRawParam.java /Users/lordcasser/workspace/projects/jarde/openspec/evidence/raw-receiver-field-selection-2026-10-09/source/ReceiverProbe.java
jdk8/debug/ArrayRawParam/jarde-verify-run	0	/Library/Java/JavaVirtualMachines/corretto-1.8.0_432/Contents/Home/bin/java -Xverify:all -cp /var/folders/gm/lzn3ylzx4lz7mx29lftngdz40000gn/T/jarde-raw-receiver-replay-qc5hpb7s/jarde-classes ReceiverProbe ArrayRawParam
jdk8/debug/ArrayRawParam/jadx	0	/Users/lordcasser/workspace/testzone/jadx/jadx-cli/build/install/jadx/bin/jadx --no-res --single-class ArrayRawParam -d /Users/lordcasser/workspace/projects/jarde/openspec/changes/recover-same-class-generic-call-consumers/results/candidate/gc09-raw-64-candidate-v4/jdk8/debug/jadx/ArrayRawParam /Users/lordcasser/workspace/projects/jarde/openspec/evidence/raw-receiver-field-selection-2026-10-09/jdk8/debug/input/ArrayRawParam.jar
jdk8/debug/ArrayRawParam/jadx-source-header	0	nonempty class source
jdk8/debug/ArrayRawParam/jadx-javac	0	/Library/Java/JavaVirtualMachines/corretto-1.8.0_432/Contents/Home/bin/javac -source 8 -target 8 -g -classpath /var/folders/gm/lzn3ylzx4lz7mx29lftngdz40000gn/T/jarde-raw-receiver-replay-qc5hpb7s/empty-classpath -sourcepath /var/folders/gm/lzn3ylzx4lz7mx29lftngdz40000gn/T/jarde-raw-receiver-replay-qc5hpb7s/empty-sourcepath -d /var/folders/gm/lzn3ylzx4lz7mx29lftngdz40000gn/T/jarde-raw-receiver-replay-qc5hpb7s/jadx-classes /Users/lordcasser/workspace/projects/jarde/openspec/changes/recover-same-class-generic-call-consumers/results/candidate/gc09-raw-64-candidate-v4/jdk8/debug/jadx/ArrayRawParam/sources/defpackage/ArrayRawParam.java /Users/lordcasser/workspace/projects/jarde/openspec/evidence/raw-receiver-field-selection-2026-10-09/source/ReceiverProbe.java
jdk8/debug/ArrayRawParam/jadx-verify-run	0	/Library/Java/JavaVirtualMachines/corretto-1.8.0_432/Contents/Home/bin/java -Xverify:all -cp /var/folders/gm/lzn3ylzx4lz7mx29lftngdz40000gn/T/jarde-raw-receiver-replay-qc5hpb7s/jadx-classes ReceiverProbe defpackage.ArrayRawParam
jdk8/no-debug/ArrayRawParam/jar-contents	0	/Library/Java/JavaVirtualMachines/corretto-1.8.0_432/Contents/Home/bin/jar tf /Users/lordcasser/workspace/projects/jarde/openspec/evidence/raw-receiver-field-selection-2026-10-09/jdk8/no-debug/input/ArrayRawParam.jar
jdk8/no-debug/ArrayRawParam/original-javac	0	/Library/Java/JavaVirtualMachines/corretto-1.8.0_432/Contents/Home/bin/javac -source 8 -target 8 -g:none -classpath /var/folders/gm/lzn3ylzx4lz7mx29lftngdz40000gn/T/jarde-raw-receiver-replay-4xdm8khv/empty-classpath -sourcepath /var/folders/gm/lzn3ylzx4lz7mx29lftngdz40000gn/T/jarde-raw-receiver-replay-4xdm8khv/empty-sourcepath -d /var/folders/gm/lzn3ylzx4lz7mx29lftngdz40000gn/T/jarde-raw-receiver-replay-4xdm8khv/original /Users/lordcasser/workspace/projects/jarde/openspec/evidence/raw-receiver-field-selection-2026-10-09/source/ArrayRawParam.java
jdk8/no-debug/ArrayRawParam/javap	0	/Library/Java/JavaVirtualMachines/corretto-1.8.0_432/Contents/Home/bin/javap -p -c -s -v -classpath /Users/lordcasser/workspace/projects/jarde/openspec/evidence/raw-receiver-field-selection-2026-10-09/jdk8/no-debug/input/ArrayRawParam.jar ArrayRawParam
jdk8/no-debug/ArrayRawParam/original-probe-javac	0	/Library/Java/JavaVirtualMachines/corretto-1.8.0_432/Contents/Home/bin/javac -source 8 -target 8 -g:none -classpath /var/folders/gm/lzn3ylzx4lz7mx29lftngdz40000gn/T/jarde-raw-receiver-replay-4xdm8khv/empty-classpath -sourcepath /var/folders/gm/lzn3ylzx4lz7mx29lftngdz40000gn/T/jarde-raw-receiver-replay-4xdm8khv/empty-sourcepath -d /var/folders/gm/lzn3ylzx4lz7mx29lftngdz40000gn/T/jarde-raw-receiver-replay-4xdm8khv/original-probe /Users/lordcasser/workspace/projects/jarde/openspec/evidence/raw-receiver-field-selection-2026-10-09/source/ReceiverProbe.java
jdk8/no-debug/ArrayRawParam/original-run	0	/Library/Java/JavaVirtualMachines/corretto-1.8.0_432/Contents/Home/bin/java -Xverify:all -cp /var/folders/gm/lzn3ylzx4lz7mx29lftngdz40000gn/T/jarde-raw-receiver-replay-4xdm8khv/original:/var/folders/gm/lzn3ylzx4lz7mx29lftngdz40000gn/T/jarde-raw-receiver-replay-4xdm8khv/original-probe ReceiverProbe ArrayRawParam
jdk8/no-debug/ArrayRawParam/jarde-ArrayRawParam	0	/private/tmp/jarde-generic-calls-candidate-v4-cli class-source --input /Users/lordcasser/workspace/projects/jarde/openspec/evidence/raw-receiver-field-selection-2026-10-09/jdk8/no-debug/input/ArrayRawParam.jar --class ArrayRawParam --policy plain-jar --release 8 --format text
jdk8/no-debug/ArrayRawParam/jarde-ArrayRawParam-source-header	0	nonempty self-describing source
jdk8/no-debug/ArrayRawParam/jarde-javac	0	/Library/Java/JavaVirtualMachines/corretto-1.8.0_432/Contents/Home/bin/javac -source 8 -target 8 -g:none -classpath /var/folders/gm/lzn3ylzx4lz7mx29lftngdz40000gn/T/jarde-raw-receiver-replay-4xdm8khv/empty-classpath -sourcepath /var/folders/gm/lzn3ylzx4lz7mx29lftngdz40000gn/T/jarde-raw-receiver-replay-4xdm8khv/empty-sourcepath -d /var/folders/gm/lzn3ylzx4lz7mx29lftngdz40000gn/T/jarde-raw-receiver-replay-4xdm8khv/jarde-classes /Users/lordcasser/workspace/projects/jarde/openspec/changes/recover-same-class-generic-call-consumers/results/candidate/gc09-raw-64-candidate-v4/jdk8/no-debug/jarde/ArrayRawParam.java /Users/lordcasser/workspace/projects/jarde/openspec/evidence/raw-receiver-field-selection-2026-10-09/source/ReceiverProbe.java
jdk8/no-debug/ArrayRawParam/jarde-verify-run	0	/Library/Java/JavaVirtualMachines/corretto-1.8.0_432/Contents/Home/bin/java -Xverify:all -cp /var/folders/gm/lzn3ylzx4lz7mx29lftngdz40000gn/T/jarde-raw-receiver-replay-4xdm8khv/jarde-classes ReceiverProbe ArrayRawParam
jdk8/no-debug/ArrayRawParam/jadx	0	/Users/lordcasser/workspace/testzone/jadx/jadx-cli/build/install/jadx/bin/jadx --no-res --single-class ArrayRawParam -d /Users/lordcasser/workspace/projects/jarde/openspec/changes/recover-same-class-generic-call-consumers/results/candidate/gc09-raw-64-candidate-v4/jdk8/no-debug/jadx/ArrayRawParam /Users/lordcasser/workspace/projects/jarde/openspec/evidence/raw-receiver-field-selection-2026-10-09/jdk8/no-debug/input/ArrayRawParam.jar
jdk8/no-debug/ArrayRawParam/jadx-source-header	0	nonempty class source
jdk8/no-debug/ArrayRawParam/jadx-javac	0	/Library/Java/JavaVirtualMachines/corretto-1.8.0_432/Contents/Home/bin/javac -source 8 -target 8 -g:none -classpath /var/folders/gm/lzn3ylzx4lz7mx29lftngdz40000gn/T/jarde-raw-receiver-replay-4xdm8khv/empty-classpath -sourcepath /var/folders/gm/lzn3ylzx4lz7mx29lftngdz40000gn/T/jarde-raw-receiver-replay-4xdm8khv/empty-sourcepath -d /var/folders/gm/lzn3ylzx4lz7mx29lftngdz40000gn/T/jarde-raw-receiver-replay-4xdm8khv/jadx-classes /Users/lordcasser/workspace/projects/jarde/openspec/changes/recover-same-class-generic-call-consumers/results/candidate/gc09-raw-64-candidate-v4/jdk8/no-debug/jadx/ArrayRawParam/sources/defpackage/ArrayRawParam.java /Users/lordcasser/workspace/projects/jarde/openspec/evidence/raw-receiver-field-selection-2026-10-09/source/ReceiverProbe.java
jdk8/no-debug/ArrayRawParam/jadx-verify-run	0	/Library/Java/JavaVirtualMachines/corretto-1.8.0_432/Contents/Home/bin/java -Xverify:all -cp /var/folders/gm/lzn3ylzx4lz7mx29lftngdz40000gn/T/jarde-raw-receiver-replay-4xdm8khv/jadx-classes ReceiverProbe defpackage.ArrayRawParam
jdk8/debug/Array2DRawParam/jar-contents	0	/Library/Java/JavaVirtualMachines/corretto-1.8.0_432/Contents/Home/bin/jar tf /Users/lordcasser/workspace/projects/jarde/openspec/evidence/raw-receiver-field-selection-2026-10-09/jdk8/debug/input/Array2DRawParam.jar
jdk8/debug/Array2DRawParam/original-javac	0	/Library/Java/JavaVirtualMachines/corretto-1.8.0_432/Contents/Home/bin/javac -source 8 -target 8 -g -classpath /var/folders/gm/lzn3ylzx4lz7mx29lftngdz40000gn/T/jarde-raw-receiver-replay-lvq0z_vf/empty-classpath -sourcepath /var/folders/gm/lzn3ylzx4lz7mx29lftngdz40000gn/T/jarde-raw-receiver-replay-lvq0z_vf/empty-sourcepath -d /var/folders/gm/lzn3ylzx4lz7mx29lftngdz40000gn/T/jarde-raw-receiver-replay-lvq0z_vf/original /Users/lordcasser/workspace/projects/jarde/openspec/evidence/raw-receiver-field-selection-2026-10-09/source/Array2DRawParam.java
jdk8/debug/Array2DRawParam/javap	0	/Library/Java/JavaVirtualMachines/corretto-1.8.0_432/Contents/Home/bin/javap -p -c -s -v -classpath /Users/lordcasser/workspace/projects/jarde/openspec/evidence/raw-receiver-field-selection-2026-10-09/jdk8/debug/input/Array2DRawParam.jar Array2DRawParam
jdk8/debug/Array2DRawParam/original-probe-javac	0	/Library/Java/JavaVirtualMachines/corretto-1.8.0_432/Contents/Home/bin/javac -source 8 -target 8 -g -classpath /var/folders/gm/lzn3ylzx4lz7mx29lftngdz40000gn/T/jarde-raw-receiver-replay-lvq0z_vf/empty-classpath -sourcepath /var/folders/gm/lzn3ylzx4lz7mx29lftngdz40000gn/T/jarde-raw-receiver-replay-lvq0z_vf/empty-sourcepath -d /var/folders/gm/lzn3ylzx4lz7mx29lftngdz40000gn/T/jarde-raw-receiver-replay-lvq0z_vf/original-probe /Users/lordcasser/workspace/projects/jarde/openspec/evidence/raw-receiver-field-selection-2026-10-09/source/ReceiverProbe.java
jdk8/debug/Array2DRawParam/original-run	0	/Library/Java/JavaVirtualMachines/corretto-1.8.0_432/Contents/Home/bin/java -Xverify:all -cp /var/folders/gm/lzn3ylzx4lz7mx29lftngdz40000gn/T/jarde-raw-receiver-replay-lvq0z_vf/original:/var/folders/gm/lzn3ylzx4lz7mx29lftngdz40000gn/T/jarde-raw-receiver-replay-lvq0z_vf/original-probe ReceiverProbe Array2DRawParam
jdk8/debug/Array2DRawParam/jarde-Array2DRawParam	0	/private/tmp/jarde-generic-calls-candidate-v4-cli class-source --input /Users/lordcasser/workspace/projects/jarde/openspec/evidence/raw-receiver-field-selection-2026-10-09/jdk8/debug/input/Array2DRawParam.jar --class Array2DRawParam --policy plain-jar --release 8 --format text
jdk8/debug/Array2DRawParam/jarde-Array2DRawParam-source-header	0	nonempty self-describing source
jdk8/debug/Array2DRawParam/jarde-javac	0	/Library/Java/JavaVirtualMachines/corretto-1.8.0_432/Contents/Home/bin/javac -source 8 -target 8 -g -classpath /var/folders/gm/lzn3ylzx4lz7mx29lftngdz40000gn/T/jarde-raw-receiver-replay-lvq0z_vf/empty-classpath -sourcepath /var/folders/gm/lzn3ylzx4lz7mx29lftngdz40000gn/T/jarde-raw-receiver-replay-lvq0z_vf/empty-sourcepath -d /var/folders/gm/lzn3ylzx4lz7mx29lftngdz40000gn/T/jarde-raw-receiver-replay-lvq0z_vf/jarde-classes /Users/lordcasser/workspace/projects/jarde/openspec/changes/recover-same-class-generic-call-consumers/results/candidate/gc09-raw-64-candidate-v4/jdk8/debug/jarde/Array2DRawParam.java /Users/lordcasser/workspace/projects/jarde/openspec/evidence/raw-receiver-field-selection-2026-10-09/source/ReceiverProbe.java
jdk8/debug/Array2DRawParam/jarde-verify-run	0	/Library/Java/JavaVirtualMachines/corretto-1.8.0_432/Contents/Home/bin/java -Xverify:all -cp /var/folders/gm/lzn3ylzx4lz7mx29lftngdz40000gn/T/jarde-raw-receiver-replay-lvq0z_vf/jarde-classes ReceiverProbe Array2DRawParam
jdk8/debug/Array2DRawParam/jadx	0	/Users/lordcasser/workspace/testzone/jadx/jadx-cli/build/install/jadx/bin/jadx --no-res --single-class Array2DRawParam -d /Users/lordcasser/workspace/projects/jarde/openspec/changes/recover-same-class-generic-call-consumers/results/candidate/gc09-raw-64-candidate-v4/jdk8/debug/jadx/Array2DRawParam /Users/lordcasser/workspace/projects/jarde/openspec/evidence/raw-receiver-field-selection-2026-10-09/jdk8/debug/input/Array2DRawParam.jar
jdk8/debug/Array2DRawParam/jadx-source-header	0	nonempty class source
jdk8/debug/Array2DRawParam/jadx-javac	0	/Library/Java/JavaVirtualMachines/corretto-1.8.0_432/Contents/Home/bin/javac -source 8 -target 8 -g -classpath /var/folders/gm/lzn3ylzx4lz7mx29lftngdz40000gn/T/jarde-raw-receiver-replay-lvq0z_vf/empty-classpath -sourcepath /var/folders/gm/lzn3ylzx4lz7mx29lftngdz40000gn/T/jarde-raw-receiver-replay-lvq0z_vf/empty-sourcepath -d /var/folders/gm/lzn3ylzx4lz7mx29lftngdz40000gn/T/jarde-raw-receiver-replay-lvq0z_vf/jadx-classes /Users/lordcasser/workspace/projects/jarde/openspec/changes/recover-same-class-generic-call-consumers/results/candidate/gc09-raw-64-candidate-v4/jdk8/debug/jadx/Array2DRawParam/sources/defpackage/Array2DRawParam.java /Users/lordcasser/workspace/projects/jarde/openspec/evidence/raw-receiver-field-selection-2026-10-09/source/ReceiverProbe.java
jdk8/debug/Array2DRawParam/jadx-verify-run	0	/Library/Java/JavaVirtualMachines/corretto-1.8.0_432/Contents/Home/bin/java -Xverify:all -cp /var/folders/gm/lzn3ylzx4lz7mx29lftngdz40000gn/T/jarde-raw-receiver-replay-lvq0z_vf/jadx-classes ReceiverProbe defpackage.Array2DRawParam
jdk8/no-debug/Array2DRawParam/jar-contents	0	/Library/Java/JavaVirtualMachines/corretto-1.8.0_432/Contents/Home/bin/jar tf /Users/lordcasser/workspace/projects/jarde/openspec/evidence/raw-receiver-field-selection-2026-10-09/jdk8/no-debug/input/Array2DRawParam.jar
jdk8/no-debug/Array2DRawParam/original-javac	0	/Library/Java/JavaVirtualMachines/corretto-1.8.0_432/Contents/Home/bin/javac -source 8 -target 8 -g:none -classpath /var/folders/gm/lzn3ylzx4lz7mx29lftngdz40000gn/T/jarde-raw-receiver-replay-9cqin5j4/empty-classpath -sourcepath /var/folders/gm/lzn3ylzx4lz7mx29lftngdz40000gn/T/jarde-raw-receiver-replay-9cqin5j4/empty-sourcepath -d /var/folders/gm/lzn3ylzx4lz7mx29lftngdz40000gn/T/jarde-raw-receiver-replay-9cqin5j4/original /Users/lordcasser/workspace/projects/jarde/openspec/evidence/raw-receiver-field-selection-2026-10-09/source/Array2DRawParam.java
jdk8/no-debug/Array2DRawParam/javap	0	/Library/Java/JavaVirtualMachines/corretto-1.8.0_432/Contents/Home/bin/javap -p -c -s -v -classpath /Users/lordcasser/workspace/projects/jarde/openspec/evidence/raw-receiver-field-selection-2026-10-09/jdk8/no-debug/input/Array2DRawParam.jar Array2DRawParam
jdk8/no-debug/Array2DRawParam/original-probe-javac	0	/Library/Java/JavaVirtualMachines/corretto-1.8.0_432/Contents/Home/bin/javac -source 8 -target 8 -g:none -classpath /var/folders/gm/lzn3ylzx4lz7mx29lftngdz40000gn/T/jarde-raw-receiver-replay-9cqin5j4/empty-classpath -sourcepath /var/folders/gm/lzn3ylzx4lz7mx29lftngdz40000gn/T/jarde-raw-receiver-replay-9cqin5j4/empty-sourcepath -d /var/folders/gm/lzn3ylzx4lz7mx29lftngdz40000gn/T/jarde-raw-receiver-replay-9cqin5j4/original-probe /Users/lordcasser/workspace/projects/jarde/openspec/evidence/raw-receiver-field-selection-2026-10-09/source/ReceiverProbe.java
jdk8/no-debug/Array2DRawParam/original-run	0	/Library/Java/JavaVirtualMachines/corretto-1.8.0_432/Contents/Home/bin/java -Xverify:all -cp /var/folders/gm/lzn3ylzx4lz7mx29lftngdz40000gn/T/jarde-raw-receiver-replay-9cqin5j4/original:/var/folders/gm/lzn3ylzx4lz7mx29lftngdz40000gn/T/jarde-raw-receiver-replay-9cqin5j4/original-probe ReceiverProbe Array2DRawParam
jdk8/no-debug/Array2DRawParam/jarde-Array2DRawParam	0	/private/tmp/jarde-generic-calls-candidate-v4-cli class-source --input /Users/lordcasser/workspace/projects/jarde/openspec/evidence/raw-receiver-field-selection-2026-10-09/jdk8/no-debug/input/Array2DRawParam.jar --class Array2DRawParam --policy plain-jar --release 8 --format text
jdk8/no-debug/Array2DRawParam/jarde-Array2DRawParam-source-header	0	nonempty self-describing source
jdk8/no-debug/Array2DRawParam/jarde-javac	0	/Library/Java/JavaVirtualMachines/corretto-1.8.0_432/Contents/Home/bin/javac -source 8 -target 8 -g:none -classpath /var/folders/gm/lzn3ylzx4lz7mx29lftngdz40000gn/T/jarde-raw-receiver-replay-9cqin5j4/empty-classpath -sourcepath /var/folders/gm/lzn3ylzx4lz7mx29lftngdz40000gn/T/jarde-raw-receiver-replay-9cqin5j4/empty-sourcepath -d /var/folders/gm/lzn3ylzx4lz7mx29lftngdz40000gn/T/jarde-raw-receiver-replay-9cqin5j4/jarde-classes /Users/lordcasser/workspace/projects/jarde/openspec/changes/recover-same-class-generic-call-consumers/results/candidate/gc09-raw-64-candidate-v4/jdk8/no-debug/jarde/Array2DRawParam.java /Users/lordcasser/workspace/projects/jarde/openspec/evidence/raw-receiver-field-selection-2026-10-09/source/ReceiverProbe.java
jdk8/no-debug/Array2DRawParam/jarde-verify-run	0	/Library/Java/JavaVirtualMachines/corretto-1.8.0_432/Contents/Home/bin/java -Xverify:all -cp /var/folders/gm/lzn3ylzx4lz7mx29lftngdz40000gn/T/jarde-raw-receiver-replay-9cqin5j4/jarde-classes ReceiverProbe Array2DRawParam
jdk8/no-debug/Array2DRawParam/jadx	0	/Users/lordcasser/workspace/testzone/jadx/jadx-cli/build/install/jadx/bin/jadx --no-res --single-class Array2DRawParam -d /Users/lordcasser/workspace/projects/jarde/openspec/changes/recover-same-class-generic-call-consumers/results/candidate/gc09-raw-64-candidate-v4/jdk8/no-debug/jadx/Array2DRawParam /Users/lordcasser/workspace/projects/jarde/openspec/evidence/raw-receiver-field-selection-2026-10-09/jdk8/no-debug/input/Array2DRawParam.jar
jdk8/no-debug/Array2DRawParam/jadx-source-header	0	nonempty class source
jdk8/no-debug/Array2DRawParam/jadx-javac	0	/Library/Java/JavaVirtualMachines/corretto-1.8.0_432/Contents/Home/bin/javac -source 8 -target 8 -g:none -classpath /var/folders/gm/lzn3ylzx4lz7mx29lftngdz40000gn/T/jarde-raw-receiver-replay-9cqin5j4/empty-classpath -sourcepath /var/folders/gm/lzn3ylzx4lz7mx29lftngdz40000gn/T/jarde-raw-receiver-replay-9cqin5j4/empty-sourcepath -d /var/folders/gm/lzn3ylzx4lz7mx29lftngdz40000gn/T/jarde-raw-receiver-replay-9cqin5j4/jadx-classes /Users/lordcasser/workspace/projects/jarde/openspec/changes/recover-same-class-generic-call-consumers/results/candidate/gc09-raw-64-candidate-v4/jdk8/no-debug/jadx/Array2DRawParam/sources/defpackage/Array2DRawParam.java /Users/lordcasser/workspace/projects/jarde/openspec/evidence/raw-receiver-field-selection-2026-10-09/source/ReceiverProbe.java
jdk8/no-debug/Array2DRawParam/jadx-verify-run	0	/Library/Java/JavaVirtualMachines/corretto-1.8.0_432/Contents/Home/bin/java -Xverify:all -cp /var/folders/gm/lzn3ylzx4lz7mx29lftngdz40000gn/T/jarde-raw-receiver-replay-9cqin5j4/jadx-classes ReceiverProbe defpackage.Array2DRawParam
jdk8/debug/PrimitiveArrayRawParam/jar-contents	0	/Library/Java/JavaVirtualMachines/corretto-1.8.0_432/Contents/Home/bin/jar tf /Users/lordcasser/workspace/projects/jarde/openspec/evidence/raw-receiver-field-selection-2026-10-09/jdk8/debug/input/PrimitiveArrayRawParam.jar
jdk8/debug/PrimitiveArrayRawParam/original-javac	0	/Library/Java/JavaVirtualMachines/corretto-1.8.0_432/Contents/Home/bin/javac -source 8 -target 8 -g -classpath /var/folders/gm/lzn3ylzx4lz7mx29lftngdz40000gn/T/jarde-raw-receiver-replay-jsadl2nn/empty-classpath -sourcepath /var/folders/gm/lzn3ylzx4lz7mx29lftngdz40000gn/T/jarde-raw-receiver-replay-jsadl2nn/empty-sourcepath -d /var/folders/gm/lzn3ylzx4lz7mx29lftngdz40000gn/T/jarde-raw-receiver-replay-jsadl2nn/original /Users/lordcasser/workspace/projects/jarde/openspec/evidence/raw-receiver-field-selection-2026-10-09/source/PrimitiveArrayRawParam.java
jdk8/debug/PrimitiveArrayRawParam/javap	0	/Library/Java/JavaVirtualMachines/corretto-1.8.0_432/Contents/Home/bin/javap -p -c -s -v -classpath /Users/lordcasser/workspace/projects/jarde/openspec/evidence/raw-receiver-field-selection-2026-10-09/jdk8/debug/input/PrimitiveArrayRawParam.jar PrimitiveArrayRawParam
jdk8/debug/PrimitiveArrayRawParam/original-probe-javac	0	/Library/Java/JavaVirtualMachines/corretto-1.8.0_432/Contents/Home/bin/javac -source 8 -target 8 -g -classpath /var/folders/gm/lzn3ylzx4lz7mx29lftngdz40000gn/T/jarde-raw-receiver-replay-jsadl2nn/empty-classpath -sourcepath /var/folders/gm/lzn3ylzx4lz7mx29lftngdz40000gn/T/jarde-raw-receiver-replay-jsadl2nn/empty-sourcepath -d /var/folders/gm/lzn3ylzx4lz7mx29lftngdz40000gn/T/jarde-raw-receiver-replay-jsadl2nn/original-probe /Users/lordcasser/workspace/projects/jarde/openspec/evidence/raw-receiver-field-selection-2026-10-09/source/ReceiverProbe.java
jdk8/debug/PrimitiveArrayRawParam/original-run	0	/Library/Java/JavaVirtualMachines/corretto-1.8.0_432/Contents/Home/bin/java -Xverify:all -cp /var/folders/gm/lzn3ylzx4lz7mx29lftngdz40000gn/T/jarde-raw-receiver-replay-jsadl2nn/original:/var/folders/gm/lzn3ylzx4lz7mx29lftngdz40000gn/T/jarde-raw-receiver-replay-jsadl2nn/original-probe ReceiverProbe PrimitiveArrayRawParam
jdk8/debug/PrimitiveArrayRawParam/jarde-PrimitiveArrayRawParam	0	/private/tmp/jarde-generic-calls-candidate-v4-cli class-source --input /Users/lordcasser/workspace/projects/jarde/openspec/evidence/raw-receiver-field-selection-2026-10-09/jdk8/debug/input/PrimitiveArrayRawParam.jar --class PrimitiveArrayRawParam --policy plain-jar --release 8 --format text
jdk8/debug/PrimitiveArrayRawParam/jarde-PrimitiveArrayRawParam-source-header	0	nonempty self-describing source
jdk8/debug/PrimitiveArrayRawParam/jarde-javac	0	/Library/Java/JavaVirtualMachines/corretto-1.8.0_432/Contents/Home/bin/javac -source 8 -target 8 -g -classpath /var/folders/gm/lzn3ylzx4lz7mx29lftngdz40000gn/T/jarde-raw-receiver-replay-jsadl2nn/empty-classpath -sourcepath /var/folders/gm/lzn3ylzx4lz7mx29lftngdz40000gn/T/jarde-raw-receiver-replay-jsadl2nn/empty-sourcepath -d /var/folders/gm/lzn3ylzx4lz7mx29lftngdz40000gn/T/jarde-raw-receiver-replay-jsadl2nn/jarde-classes /Users/lordcasser/workspace/projects/jarde/openspec/changes/recover-same-class-generic-call-consumers/results/candidate/gc09-raw-64-candidate-v4/jdk8/debug/jarde/PrimitiveArrayRawParam.java /Users/lordcasser/workspace/projects/jarde/openspec/evidence/raw-receiver-field-selection-2026-10-09/source/ReceiverProbe.java
jdk8/debug/PrimitiveArrayRawParam/jarde-verify-run	0	/Library/Java/JavaVirtualMachines/corretto-1.8.0_432/Contents/Home/bin/java -Xverify:all -cp /var/folders/gm/lzn3ylzx4lz7mx29lftngdz40000gn/T/jarde-raw-receiver-replay-jsadl2nn/jarde-classes ReceiverProbe PrimitiveArrayRawParam
jdk8/debug/PrimitiveArrayRawParam/jadx	0	/Users/lordcasser/workspace/testzone/jadx/jadx-cli/build/install/jadx/bin/jadx --no-res --single-class PrimitiveArrayRawParam -d /Users/lordcasser/workspace/projects/jarde/openspec/changes/recover-same-class-generic-call-consumers/results/candidate/gc09-raw-64-candidate-v4/jdk8/debug/jadx/PrimitiveArrayRawParam /Users/lordcasser/workspace/projects/jarde/openspec/evidence/raw-receiver-field-selection-2026-10-09/jdk8/debug/input/PrimitiveArrayRawParam.jar
jdk8/debug/PrimitiveArrayRawParam/jadx-source-header	0	nonempty class source
jdk8/debug/PrimitiveArrayRawParam/jadx-javac	0	/Library/Java/JavaVirtualMachines/corretto-1.8.0_432/Contents/Home/bin/javac -source 8 -target 8 -g -classpath /var/folders/gm/lzn3ylzx4lz7mx29lftngdz40000gn/T/jarde-raw-receiver-replay-jsadl2nn/empty-classpath -sourcepath /var/folders/gm/lzn3ylzx4lz7mx29lftngdz40000gn/T/jarde-raw-receiver-replay-jsadl2nn/empty-sourcepath -d /var/folders/gm/lzn3ylzx4lz7mx29lftngdz40000gn/T/jarde-raw-receiver-replay-jsadl2nn/jadx-classes /Users/lordcasser/workspace/projects/jarde/openspec/changes/recover-same-class-generic-call-consumers/results/candidate/gc09-raw-64-candidate-v4/jdk8/debug/jadx/PrimitiveArrayRawParam/sources/defpackage/PrimitiveArrayRawParam.java /Users/lordcasser/workspace/projects/jarde/openspec/evidence/raw-receiver-field-selection-2026-10-09/source/ReceiverProbe.java
jdk8/debug/PrimitiveArrayRawParam/jadx-verify-run	0	/Library/Java/JavaVirtualMachines/corretto-1.8.0_432/Contents/Home/bin/java -Xverify:all -cp /var/folders/gm/lzn3ylzx4lz7mx29lftngdz40000gn/T/jarde-raw-receiver-replay-jsadl2nn/jadx-classes ReceiverProbe defpackage.PrimitiveArrayRawParam
jdk8/no-debug/PrimitiveArrayRawParam/jar-contents	0	/Library/Java/JavaVirtualMachines/corretto-1.8.0_432/Contents/Home/bin/jar tf /Users/lordcasser/workspace/projects/jarde/openspec/evidence/raw-receiver-field-selection-2026-10-09/jdk8/no-debug/input/PrimitiveArrayRawParam.jar
jdk8/no-debug/PrimitiveArrayRawParam/original-javac	0	/Library/Java/JavaVirtualMachines/corretto-1.8.0_432/Contents/Home/bin/javac -source 8 -target 8 -g:none -classpath /var/folders/gm/lzn3ylzx4lz7mx29lftngdz40000gn/T/jarde-raw-receiver-replay-yk3pedd9/empty-classpath -sourcepath /var/folders/gm/lzn3ylzx4lz7mx29lftngdz40000gn/T/jarde-raw-receiver-replay-yk3pedd9/empty-sourcepath -d /var/folders/gm/lzn3ylzx4lz7mx29lftngdz40000gn/T/jarde-raw-receiver-replay-yk3pedd9/original /Users/lordcasser/workspace/projects/jarde/openspec/evidence/raw-receiver-field-selection-2026-10-09/source/PrimitiveArrayRawParam.java
jdk8/no-debug/PrimitiveArrayRawParam/javap	0	/Library/Java/JavaVirtualMachines/corretto-1.8.0_432/Contents/Home/bin/javap -p -c -s -v -classpath /Users/lordcasser/workspace/projects/jarde/openspec/evidence/raw-receiver-field-selection-2026-10-09/jdk8/no-debug/input/PrimitiveArrayRawParam.jar PrimitiveArrayRawParam
jdk8/no-debug/PrimitiveArrayRawParam/original-probe-javac	0	/Library/Java/JavaVirtualMachines/corretto-1.8.0_432/Contents/Home/bin/javac -source 8 -target 8 -g:none -classpath /var/folders/gm/lzn3ylzx4lz7mx29lftngdz40000gn/T/jarde-raw-receiver-replay-yk3pedd9/empty-classpath -sourcepath /var/folders/gm/lzn3ylzx4lz7mx29lftngdz40000gn/T/jarde-raw-receiver-replay-yk3pedd9/empty-sourcepath -d /var/folders/gm/lzn3ylzx4lz7mx29lftngdz40000gn/T/jarde-raw-receiver-replay-yk3pedd9/original-probe /Users/lordcasser/workspace/projects/jarde/openspec/evidence/raw-receiver-field-selection-2026-10-09/source/ReceiverProbe.java
jdk8/no-debug/PrimitiveArrayRawParam/original-run	0	/Library/Java/JavaVirtualMachines/corretto-1.8.0_432/Contents/Home/bin/java -Xverify:all -cp /var/folders/gm/lzn3ylzx4lz7mx29lftngdz40000gn/T/jarde-raw-receiver-replay-yk3pedd9/original:/var/folders/gm/lzn3ylzx4lz7mx29lftngdz40000gn/T/jarde-raw-receiver-replay-yk3pedd9/original-probe ReceiverProbe PrimitiveArrayRawParam
jdk8/no-debug/PrimitiveArrayRawParam/jarde-PrimitiveArrayRawParam	0	/private/tmp/jarde-generic-calls-candidate-v4-cli class-source --input /Users/lordcasser/workspace/projects/jarde/openspec/evidence/raw-receiver-field-selection-2026-10-09/jdk8/no-debug/input/PrimitiveArrayRawParam.jar --class PrimitiveArrayRawParam --policy plain-jar --release 8 --format text
jdk8/no-debug/PrimitiveArrayRawParam/jarde-PrimitiveArrayRawParam-source-header	0	nonempty self-describing source
jdk8/no-debug/PrimitiveArrayRawParam/jarde-javac	0	/Library/Java/JavaVirtualMachines/corretto-1.8.0_432/Contents/Home/bin/javac -source 8 -target 8 -g:none -classpath /var/folders/gm/lzn3ylzx4lz7mx29lftngdz40000gn/T/jarde-raw-receiver-replay-yk3pedd9/empty-classpath -sourcepath /var/folders/gm/lzn3ylzx4lz7mx29lftngdz40000gn/T/jarde-raw-receiver-replay-yk3pedd9/empty-sourcepath -d /var/folders/gm/lzn3ylzx4lz7mx29lftngdz40000gn/T/jarde-raw-receiver-replay-yk3pedd9/jarde-classes /Users/lordcasser/workspace/projects/jarde/openspec/changes/recover-same-class-generic-call-consumers/results/candidate/gc09-raw-64-candidate-v4/jdk8/no-debug/jarde/PrimitiveArrayRawParam.java /Users/lordcasser/workspace/projects/jarde/openspec/evidence/raw-receiver-field-selection-2026-10-09/source/ReceiverProbe.java
jdk8/no-debug/PrimitiveArrayRawParam/jarde-verify-run	0	/Library/Java/JavaVirtualMachines/corretto-1.8.0_432/Contents/Home/bin/java -Xverify:all -cp /var/folders/gm/lzn3ylzx4lz7mx29lftngdz40000gn/T/jarde-raw-receiver-replay-yk3pedd9/jarde-classes ReceiverProbe PrimitiveArrayRawParam
jdk8/no-debug/PrimitiveArrayRawParam/jadx	0	/Users/lordcasser/workspace/testzone/jadx/jadx-cli/build/install/jadx/bin/jadx --no-res --single-class PrimitiveArrayRawParam -d /Users/lordcasser/workspace/projects/jarde/openspec/changes/recover-same-class-generic-call-consumers/results/candidate/gc09-raw-64-candidate-v4/jdk8/no-debug/jadx/PrimitiveArrayRawParam /Users/lordcasser/workspace/projects/jarde/openspec/evidence/raw-receiver-field-selection-2026-10-09/jdk8/no-debug/input/PrimitiveArrayRawParam.jar
jdk8/no-debug/PrimitiveArrayRawParam/jadx-source-header	0	nonempty class source
jdk8/no-debug/PrimitiveArrayRawParam/jadx-javac	0	/Library/Java/JavaVirtualMachines/corretto-1.8.0_432/Contents/Home/bin/javac -source 8 -target 8 -g:none -classpath /var/folders/gm/lzn3ylzx4lz7mx29lftngdz40000gn/T/jarde-raw-receiver-replay-yk3pedd9/empty-classpath -sourcepath /var/folders/gm/lzn3ylzx4lz7mx29lftngdz40000gn/T/jarde-raw-receiver-replay-yk3pedd9/empty-sourcepath -d /var/folders/gm/lzn3ylzx4lz7mx29lftngdz40000gn/T/jarde-raw-receiver-replay-yk3pedd9/jadx-classes /Users/lordcasser/workspace/projects/jarde/openspec/changes/recover-same-class-generic-call-consumers/results/candidate/gc09-raw-64-candidate-v4/jdk8/no-debug/jadx/PrimitiveArrayRawParam/sources/defpackage/PrimitiveArrayRawParam.java /Users/lordcasser/workspace/projects/jarde/openspec/evidence/raw-receiver-field-selection-2026-10-09/source/ReceiverProbe.java
jdk8/no-debug/PrimitiveArrayRawParam/jadx-verify-run	0	/Library/Java/JavaVirtualMachines/corretto-1.8.0_432/Contents/Home/bin/java -Xverify:all -cp /var/folders/gm/lzn3ylzx4lz7mx29lftngdz40000gn/T/jarde-raw-receiver-replay-yk3pedd9/jadx-classes ReceiverProbe defpackage.PrimitiveArrayRawParam
jdk8/debug/BoundRawParam/jar-contents	0	/Library/Java/JavaVirtualMachines/corretto-1.8.0_432/Contents/Home/bin/jar tf /Users/lordcasser/workspace/projects/jarde/openspec/evidence/raw-receiver-field-selection-2026-10-09/jdk8/debug/input/BoundRawParam.jar
jdk8/debug/BoundRawParam/original-javac	0	/Library/Java/JavaVirtualMachines/corretto-1.8.0_432/Contents/Home/bin/javac -source 8 -target 8 -g -classpath /var/folders/gm/lzn3ylzx4lz7mx29lftngdz40000gn/T/jarde-raw-receiver-replay-4uay9h8s/empty-classpath -sourcepath /var/folders/gm/lzn3ylzx4lz7mx29lftngdz40000gn/T/jarde-raw-receiver-replay-4uay9h8s/empty-sourcepath -d /var/folders/gm/lzn3ylzx4lz7mx29lftngdz40000gn/T/jarde-raw-receiver-replay-4uay9h8s/original /Users/lordcasser/workspace/projects/jarde/openspec/evidence/raw-receiver-field-selection-2026-10-09/source/BoundRawParam.java
jdk8/debug/BoundRawParam/javap	0	/Library/Java/JavaVirtualMachines/corretto-1.8.0_432/Contents/Home/bin/javap -p -c -s -v -classpath /Users/lordcasser/workspace/projects/jarde/openspec/evidence/raw-receiver-field-selection-2026-10-09/jdk8/debug/input/BoundRawParam.jar BoundRawParam
jdk8/debug/BoundRawParam/original-probe-javac	0	/Library/Java/JavaVirtualMachines/corretto-1.8.0_432/Contents/Home/bin/javac -source 8 -target 8 -g -classpath /var/folders/gm/lzn3ylzx4lz7mx29lftngdz40000gn/T/jarde-raw-receiver-replay-4uay9h8s/empty-classpath -sourcepath /var/folders/gm/lzn3ylzx4lz7mx29lftngdz40000gn/T/jarde-raw-receiver-replay-4uay9h8s/empty-sourcepath -d /var/folders/gm/lzn3ylzx4lz7mx29lftngdz40000gn/T/jarde-raw-receiver-replay-4uay9h8s/original-probe /Users/lordcasser/workspace/projects/jarde/openspec/evidence/raw-receiver-field-selection-2026-10-09/source/ReceiverProbe.java
jdk8/debug/BoundRawParam/original-run	0	/Library/Java/JavaVirtualMachines/corretto-1.8.0_432/Contents/Home/bin/java -Xverify:all -cp /var/folders/gm/lzn3ylzx4lz7mx29lftngdz40000gn/T/jarde-raw-receiver-replay-4uay9h8s/original:/var/folders/gm/lzn3ylzx4lz7mx29lftngdz40000gn/T/jarde-raw-receiver-replay-4uay9h8s/original-probe ReceiverProbe BoundRawParam
jdk8/debug/BoundRawParam/jarde-BoundRawParam	0	/private/tmp/jarde-generic-calls-candidate-v4-cli class-source --input /Users/lordcasser/workspace/projects/jarde/openspec/evidence/raw-receiver-field-selection-2026-10-09/jdk8/debug/input/BoundRawParam.jar --class BoundRawParam --policy plain-jar --release 8 --format text
jdk8/debug/BoundRawParam/jarde-BoundRawParam-source-header	0	nonempty self-describing source
jdk8/debug/BoundRawParam/jarde-javac	0	/Library/Java/JavaVirtualMachines/corretto-1.8.0_432/Contents/Home/bin/javac -source 8 -target 8 -g -classpath /var/folders/gm/lzn3ylzx4lz7mx29lftngdz40000gn/T/jarde-raw-receiver-replay-4uay9h8s/empty-classpath -sourcepath /var/folders/gm/lzn3ylzx4lz7mx29lftngdz40000gn/T/jarde-raw-receiver-replay-4uay9h8s/empty-sourcepath -d /var/folders/gm/lzn3ylzx4lz7mx29lftngdz40000gn/T/jarde-raw-receiver-replay-4uay9h8s/jarde-classes /Users/lordcasser/workspace/projects/jarde/openspec/changes/recover-same-class-generic-call-consumers/results/candidate/gc09-raw-64-candidate-v4/jdk8/debug/jarde/BoundRawParam.java /Users/lordcasser/workspace/projects/jarde/openspec/evidence/raw-receiver-field-selection-2026-10-09/source/ReceiverProbe.java
jdk8/debug/BoundRawParam/jarde-verify-run	0	/Library/Java/JavaVirtualMachines/corretto-1.8.0_432/Contents/Home/bin/java -Xverify:all -cp /var/folders/gm/lzn3ylzx4lz7mx29lftngdz40000gn/T/jarde-raw-receiver-replay-4uay9h8s/jarde-classes ReceiverProbe BoundRawParam
jdk8/debug/BoundRawParam/jadx	0	/Users/lordcasser/workspace/testzone/jadx/jadx-cli/build/install/jadx/bin/jadx --no-res --single-class BoundRawParam -d /Users/lordcasser/workspace/projects/jarde/openspec/changes/recover-same-class-generic-call-consumers/results/candidate/gc09-raw-64-candidate-v4/jdk8/debug/jadx/BoundRawParam /Users/lordcasser/workspace/projects/jarde/openspec/evidence/raw-receiver-field-selection-2026-10-09/jdk8/debug/input/BoundRawParam.jar
jdk8/debug/BoundRawParam/jadx-source-header	0	nonempty class source
jdk8/debug/BoundRawParam/jadx-javac	0	/Library/Java/JavaVirtualMachines/corretto-1.8.0_432/Contents/Home/bin/javac -source 8 -target 8 -g -classpath /var/folders/gm/lzn3ylzx4lz7mx29lftngdz40000gn/T/jarde-raw-receiver-replay-4uay9h8s/empty-classpath -sourcepath /var/folders/gm/lzn3ylzx4lz7mx29lftngdz40000gn/T/jarde-raw-receiver-replay-4uay9h8s/empty-sourcepath -d /var/folders/gm/lzn3ylzx4lz7mx29lftngdz40000gn/T/jarde-raw-receiver-replay-4uay9h8s/jadx-classes /Users/lordcasser/workspace/projects/jarde/openspec/changes/recover-same-class-generic-call-consumers/results/candidate/gc09-raw-64-candidate-v4/jdk8/debug/jadx/BoundRawParam/sources/defpackage/BoundRawParam.java /Users/lordcasser/workspace/projects/jarde/openspec/evidence/raw-receiver-field-selection-2026-10-09/source/ReceiverProbe.java
jdk8/debug/BoundRawParam/jadx-verify-run	0	/Library/Java/JavaVirtualMachines/corretto-1.8.0_432/Contents/Home/bin/java -Xverify:all -cp /var/folders/gm/lzn3ylzx4lz7mx29lftngdz40000gn/T/jarde-raw-receiver-replay-4uay9h8s/jadx-classes ReceiverProbe defpackage.BoundRawParam
jdk8/no-debug/BoundRawParam/jar-contents	0	/Library/Java/JavaVirtualMachines/corretto-1.8.0_432/Contents/Home/bin/jar tf /Users/lordcasser/workspace/projects/jarde/openspec/evidence/raw-receiver-field-selection-2026-10-09/jdk8/no-debug/input/BoundRawParam.jar
jdk8/no-debug/BoundRawParam/original-javac	0	/Library/Java/JavaVirtualMachines/corretto-1.8.0_432/Contents/Home/bin/javac -source 8 -target 8 -g:none -classpath /var/folders/gm/lzn3ylzx4lz7mx29lftngdz40000gn/T/jarde-raw-receiver-replay-rzwqxxas/empty-classpath -sourcepath /var/folders/gm/lzn3ylzx4lz7mx29lftngdz40000gn/T/jarde-raw-receiver-replay-rzwqxxas/empty-sourcepath -d /var/folders/gm/lzn3ylzx4lz7mx29lftngdz40000gn/T/jarde-raw-receiver-replay-rzwqxxas/original /Users/lordcasser/workspace/projects/jarde/openspec/evidence/raw-receiver-field-selection-2026-10-09/source/BoundRawParam.java
jdk8/no-debug/BoundRawParam/javap	0	/Library/Java/JavaVirtualMachines/corretto-1.8.0_432/Contents/Home/bin/javap -p -c -s -v -classpath /Users/lordcasser/workspace/projects/jarde/openspec/evidence/raw-receiver-field-selection-2026-10-09/jdk8/no-debug/input/BoundRawParam.jar BoundRawParam
jdk8/no-debug/BoundRawParam/original-probe-javac	0	/Library/Java/JavaVirtualMachines/corretto-1.8.0_432/Contents/Home/bin/javac -source 8 -target 8 -g:none -classpath /var/folders/gm/lzn3ylzx4lz7mx29lftngdz40000gn/T/jarde-raw-receiver-replay-rzwqxxas/empty-classpath -sourcepath /var/folders/gm/lzn3ylzx4lz7mx29lftngdz40000gn/T/jarde-raw-receiver-replay-rzwqxxas/empty-sourcepath -d /var/folders/gm/lzn3ylzx4lz7mx29lftngdz40000gn/T/jarde-raw-receiver-replay-rzwqxxas/original-probe /Users/lordcasser/workspace/projects/jarde/openspec/evidence/raw-receiver-field-selection-2026-10-09/source/ReceiverProbe.java
jdk8/no-debug/BoundRawParam/original-run	0	/Library/Java/JavaVirtualMachines/corretto-1.8.0_432/Contents/Home/bin/java -Xverify:all -cp /var/folders/gm/lzn3ylzx4lz7mx29lftngdz40000gn/T/jarde-raw-receiver-replay-rzwqxxas/original:/var/folders/gm/lzn3ylzx4lz7mx29lftngdz40000gn/T/jarde-raw-receiver-replay-rzwqxxas/original-probe ReceiverProbe BoundRawParam
jdk8/no-debug/BoundRawParam/jarde-BoundRawParam	0	/private/tmp/jarde-generic-calls-candidate-v4-cli class-source --input /Users/lordcasser/workspace/projects/jarde/openspec/evidence/raw-receiver-field-selection-2026-10-09/jdk8/no-debug/input/BoundRawParam.jar --class BoundRawParam --policy plain-jar --release 8 --format text
jdk8/no-debug/BoundRawParam/jarde-BoundRawParam-source-header	0	nonempty self-describing source
jdk8/no-debug/BoundRawParam/jarde-javac	0	/Library/Java/JavaVirtualMachines/corretto-1.8.0_432/Contents/Home/bin/javac -source 8 -target 8 -g:none -classpath /var/folders/gm/lzn3ylzx4lz7mx29lftngdz40000gn/T/jarde-raw-receiver-replay-rzwqxxas/empty-classpath -sourcepath /var/folders/gm/lzn3ylzx4lz7mx29lftngdz40000gn/T/jarde-raw-receiver-replay-rzwqxxas/empty-sourcepath -d /var/folders/gm/lzn3ylzx4lz7mx29lftngdz40000gn/T/jarde-raw-receiver-replay-rzwqxxas/jarde-classes /Users/lordcasser/workspace/projects/jarde/openspec/changes/recover-same-class-generic-call-consumers/results/candidate/gc09-raw-64-candidate-v4/jdk8/no-debug/jarde/BoundRawParam.java /Users/lordcasser/workspace/projects/jarde/openspec/evidence/raw-receiver-field-selection-2026-10-09/source/ReceiverProbe.java
jdk8/no-debug/BoundRawParam/jarde-verify-run	0	/Library/Java/JavaVirtualMachines/corretto-1.8.0_432/Contents/Home/bin/java -Xverify:all -cp /var/folders/gm/lzn3ylzx4lz7mx29lftngdz40000gn/T/jarde-raw-receiver-replay-rzwqxxas/jarde-classes ReceiverProbe BoundRawParam
jdk8/no-debug/BoundRawParam/jadx	0	/Users/lordcasser/workspace/testzone/jadx/jadx-cli/build/install/jadx/bin/jadx --no-res --single-class BoundRawParam -d /Users/lordcasser/workspace/projects/jarde/openspec/changes/recover-same-class-generic-call-consumers/results/candidate/gc09-raw-64-candidate-v4/jdk8/no-debug/jadx/BoundRawParam /Users/lordcasser/workspace/projects/jarde/openspec/evidence/raw-receiver-field-selection-2026-10-09/jdk8/no-debug/input/BoundRawParam.jar
jdk8/no-debug/BoundRawParam/jadx-source-header	0	nonempty class source
jdk8/no-debug/BoundRawParam/jadx-javac	0	/Library/Java/JavaVirtualMachines/corretto-1.8.0_432/Contents/Home/bin/javac -source 8 -target 8 -g:none -classpath /var/folders/gm/lzn3ylzx4lz7mx29lftngdz40000gn/T/jarde-raw-receiver-replay-rzwqxxas/empty-classpath -sourcepath /var/folders/gm/lzn3ylzx4lz7mx29lftngdz40000gn/T/jarde-raw-receiver-replay-rzwqxxas/empty-sourcepath -d /var/folders/gm/lzn3ylzx4lz7mx29lftngdz40000gn/T/jarde-raw-receiver-replay-rzwqxxas/jadx-classes /Users/lordcasser/workspace/projects/jarde/openspec/changes/recover-same-class-generic-call-consumers/results/candidate/gc09-raw-64-candidate-v4/jdk8/no-debug/jadx/BoundRawParam/sources/defpackage/BoundRawParam.java /Users/lordcasser/workspace/projects/jarde/openspec/evidence/raw-receiver-field-selection-2026-10-09/source/ReceiverProbe.java
jdk8/no-debug/BoundRawParam/jadx-verify-run	0	/Library/Java/JavaVirtualMachines/corretto-1.8.0_432/Contents/Home/bin/java -Xverify:all -cp /var/folders/gm/lzn3ylzx4lz7mx29lftngdz40000gn/T/jarde-raw-receiver-replay-rzwqxxas/jadx-classes ReceiverProbe defpackage.BoundRawParam
jdk8/debug/NullRawParam/jar-contents	0	/Library/Java/JavaVirtualMachines/corretto-1.8.0_432/Contents/Home/bin/jar tf /Users/lordcasser/workspace/projects/jarde/openspec/evidence/raw-receiver-field-selection-2026-10-09/jdk8/debug/input/NullRawParam.jar
jdk8/debug/NullRawParam/original-javac	0	/Library/Java/JavaVirtualMachines/corretto-1.8.0_432/Contents/Home/bin/javac -source 8 -target 8 -g -classpath /var/folders/gm/lzn3ylzx4lz7mx29lftngdz40000gn/T/jarde-raw-receiver-replay-91k89if8/empty-classpath -sourcepath /var/folders/gm/lzn3ylzx4lz7mx29lftngdz40000gn/T/jarde-raw-receiver-replay-91k89if8/empty-sourcepath -d /var/folders/gm/lzn3ylzx4lz7mx29lftngdz40000gn/T/jarde-raw-receiver-replay-91k89if8/original /Users/lordcasser/workspace/projects/jarde/openspec/evidence/raw-receiver-field-selection-2026-10-09/source/NullRawParam.java
jdk8/debug/NullRawParam/javap	0	/Library/Java/JavaVirtualMachines/corretto-1.8.0_432/Contents/Home/bin/javap -p -c -s -v -classpath /Users/lordcasser/workspace/projects/jarde/openspec/evidence/raw-receiver-field-selection-2026-10-09/jdk8/debug/input/NullRawParam.jar NullRawParam
jdk8/debug/NullRawParam/original-probe-javac	0	/Library/Java/JavaVirtualMachines/corretto-1.8.0_432/Contents/Home/bin/javac -source 8 -target 8 -g -classpath /var/folders/gm/lzn3ylzx4lz7mx29lftngdz40000gn/T/jarde-raw-receiver-replay-91k89if8/empty-classpath -sourcepath /var/folders/gm/lzn3ylzx4lz7mx29lftngdz40000gn/T/jarde-raw-receiver-replay-91k89if8/empty-sourcepath -d /var/folders/gm/lzn3ylzx4lz7mx29lftngdz40000gn/T/jarde-raw-receiver-replay-91k89if8/original-probe /Users/lordcasser/workspace/projects/jarde/openspec/evidence/raw-receiver-field-selection-2026-10-09/source/ReceiverProbe.java
jdk8/debug/NullRawParam/original-run	0	/Library/Java/JavaVirtualMachines/corretto-1.8.0_432/Contents/Home/bin/java -Xverify:all -cp /var/folders/gm/lzn3ylzx4lz7mx29lftngdz40000gn/T/jarde-raw-receiver-replay-91k89if8/original:/var/folders/gm/lzn3ylzx4lz7mx29lftngdz40000gn/T/jarde-raw-receiver-replay-91k89if8/original-probe ReceiverProbe NullRawParam
jdk8/debug/NullRawParam/jarde-NullRawParam	0	/private/tmp/jarde-generic-calls-candidate-v4-cli class-source --input /Users/lordcasser/workspace/projects/jarde/openspec/evidence/raw-receiver-field-selection-2026-10-09/jdk8/debug/input/NullRawParam.jar --class NullRawParam --policy plain-jar --release 8 --format text
jdk8/debug/NullRawParam/jarde-NullRawParam-source-header	0	nonempty self-describing source
jdk8/debug/NullRawParam/jarde-javac	0	/Library/Java/JavaVirtualMachines/corretto-1.8.0_432/Contents/Home/bin/javac -source 8 -target 8 -g -classpath /var/folders/gm/lzn3ylzx4lz7mx29lftngdz40000gn/T/jarde-raw-receiver-replay-91k89if8/empty-classpath -sourcepath /var/folders/gm/lzn3ylzx4lz7mx29lftngdz40000gn/T/jarde-raw-receiver-replay-91k89if8/empty-sourcepath -d /var/folders/gm/lzn3ylzx4lz7mx29lftngdz40000gn/T/jarde-raw-receiver-replay-91k89if8/jarde-classes /Users/lordcasser/workspace/projects/jarde/openspec/changes/recover-same-class-generic-call-consumers/results/candidate/gc09-raw-64-candidate-v4/jdk8/debug/jarde/NullRawParam.java /Users/lordcasser/workspace/projects/jarde/openspec/evidence/raw-receiver-field-selection-2026-10-09/source/ReceiverProbe.java
jdk8/debug/NullRawParam/jarde-verify-run	0	/Library/Java/JavaVirtualMachines/corretto-1.8.0_432/Contents/Home/bin/java -Xverify:all -cp /var/folders/gm/lzn3ylzx4lz7mx29lftngdz40000gn/T/jarde-raw-receiver-replay-91k89if8/jarde-classes ReceiverProbe NullRawParam
jdk8/debug/NullRawParam/jadx	0	/Users/lordcasser/workspace/testzone/jadx/jadx-cli/build/install/jadx/bin/jadx --no-res --single-class NullRawParam -d /Users/lordcasser/workspace/projects/jarde/openspec/changes/recover-same-class-generic-call-consumers/results/candidate/gc09-raw-64-candidate-v4/jdk8/debug/jadx/NullRawParam /Users/lordcasser/workspace/projects/jarde/openspec/evidence/raw-receiver-field-selection-2026-10-09/jdk8/debug/input/NullRawParam.jar
jdk8/debug/NullRawParam/jadx-source-header	0	nonempty class source
jdk8/debug/NullRawParam/jadx-javac	0	/Library/Java/JavaVirtualMachines/corretto-1.8.0_432/Contents/Home/bin/javac -source 8 -target 8 -g -classpath /var/folders/gm/lzn3ylzx4lz7mx29lftngdz40000gn/T/jarde-raw-receiver-replay-91k89if8/empty-classpath -sourcepath /var/folders/gm/lzn3ylzx4lz7mx29lftngdz40000gn/T/jarde-raw-receiver-replay-91k89if8/empty-sourcepath -d /var/folders/gm/lzn3ylzx4lz7mx29lftngdz40000gn/T/jarde-raw-receiver-replay-91k89if8/jadx-classes /Users/lordcasser/workspace/projects/jarde/openspec/changes/recover-same-class-generic-call-consumers/results/candidate/gc09-raw-64-candidate-v4/jdk8/debug/jadx/NullRawParam/sources/defpackage/NullRawParam.java /Users/lordcasser/workspace/projects/jarde/openspec/evidence/raw-receiver-field-selection-2026-10-09/source/ReceiverProbe.java
jdk8/debug/NullRawParam/jadx-verify-run	0	/Library/Java/JavaVirtualMachines/corretto-1.8.0_432/Contents/Home/bin/java -Xverify:all -cp /var/folders/gm/lzn3ylzx4lz7mx29lftngdz40000gn/T/jarde-raw-receiver-replay-91k89if8/jadx-classes ReceiverProbe defpackage.NullRawParam
jdk8/no-debug/NullRawParam/jar-contents	0	/Library/Java/JavaVirtualMachines/corretto-1.8.0_432/Contents/Home/bin/jar tf /Users/lordcasser/workspace/projects/jarde/openspec/evidence/raw-receiver-field-selection-2026-10-09/jdk8/no-debug/input/NullRawParam.jar
jdk8/no-debug/NullRawParam/original-javac	0	/Library/Java/JavaVirtualMachines/corretto-1.8.0_432/Contents/Home/bin/javac -source 8 -target 8 -g:none -classpath /var/folders/gm/lzn3ylzx4lz7mx29lftngdz40000gn/T/jarde-raw-receiver-replay-3ejxnhij/empty-classpath -sourcepath /var/folders/gm/lzn3ylzx4lz7mx29lftngdz40000gn/T/jarde-raw-receiver-replay-3ejxnhij/empty-sourcepath -d /var/folders/gm/lzn3ylzx4lz7mx29lftngdz40000gn/T/jarde-raw-receiver-replay-3ejxnhij/original /Users/lordcasser/workspace/projects/jarde/openspec/evidence/raw-receiver-field-selection-2026-10-09/source/NullRawParam.java
jdk8/no-debug/NullRawParam/javap	0	/Library/Java/JavaVirtualMachines/corretto-1.8.0_432/Contents/Home/bin/javap -p -c -s -v -classpath /Users/lordcasser/workspace/projects/jarde/openspec/evidence/raw-receiver-field-selection-2026-10-09/jdk8/no-debug/input/NullRawParam.jar NullRawParam
jdk8/no-debug/NullRawParam/original-probe-javac	0	/Library/Java/JavaVirtualMachines/corretto-1.8.0_432/Contents/Home/bin/javac -source 8 -target 8 -g:none -classpath /var/folders/gm/lzn3ylzx4lz7mx29lftngdz40000gn/T/jarde-raw-receiver-replay-3ejxnhij/empty-classpath -sourcepath /var/folders/gm/lzn3ylzx4lz7mx29lftngdz40000gn/T/jarde-raw-receiver-replay-3ejxnhij/empty-sourcepath -d /var/folders/gm/lzn3ylzx4lz7mx29lftngdz40000gn/T/jarde-raw-receiver-replay-3ejxnhij/original-probe /Users/lordcasser/workspace/projects/jarde/openspec/evidence/raw-receiver-field-selection-2026-10-09/source/ReceiverProbe.java
jdk8/no-debug/NullRawParam/original-run	0	/Library/Java/JavaVirtualMachines/corretto-1.8.0_432/Contents/Home/bin/java -Xverify:all -cp /var/folders/gm/lzn3ylzx4lz7mx29lftngdz40000gn/T/jarde-raw-receiver-replay-3ejxnhij/original:/var/folders/gm/lzn3ylzx4lz7mx29lftngdz40000gn/T/jarde-raw-receiver-replay-3ejxnhij/original-probe ReceiverProbe NullRawParam
jdk8/no-debug/NullRawParam/jarde-NullRawParam	0	/private/tmp/jarde-generic-calls-candidate-v4-cli class-source --input /Users/lordcasser/workspace/projects/jarde/openspec/evidence/raw-receiver-field-selection-2026-10-09/jdk8/no-debug/input/NullRawParam.jar --class NullRawParam --policy plain-jar --release 8 --format text
jdk8/no-debug/NullRawParam/jarde-NullRawParam-source-header	0	nonempty self-describing source
jdk8/no-debug/NullRawParam/jarde-javac	0	/Library/Java/JavaVirtualMachines/corretto-1.8.0_432/Contents/Home/bin/javac -source 8 -target 8 -g:none -classpath /var/folders/gm/lzn3ylzx4lz7mx29lftngdz40000gn/T/jarde-raw-receiver-replay-3ejxnhij/empty-classpath -sourcepath /var/folders/gm/lzn3ylzx4lz7mx29lftngdz40000gn/T/jarde-raw-receiver-replay-3ejxnhij/empty-sourcepath -d /var/folders/gm/lzn3ylzx4lz7mx29lftngdz40000gn/T/jarde-raw-receiver-replay-3ejxnhij/jarde-classes /Users/lordcasser/workspace/projects/jarde/openspec/changes/recover-same-class-generic-call-consumers/results/candidate/gc09-raw-64-candidate-v4/jdk8/no-debug/jarde/NullRawParam.java /Users/lordcasser/workspace/projects/jarde/openspec/evidence/raw-receiver-field-selection-2026-10-09/source/ReceiverProbe.java
jdk8/no-debug/NullRawParam/jarde-verify-run	0	/Library/Java/JavaVirtualMachines/corretto-1.8.0_432/Contents/Home/bin/java -Xverify:all -cp /var/folders/gm/lzn3ylzx4lz7mx29lftngdz40000gn/T/jarde-raw-receiver-replay-3ejxnhij/jarde-classes ReceiverProbe NullRawParam
jdk8/no-debug/NullRawParam/jadx	0	/Users/lordcasser/workspace/testzone/jadx/jadx-cli/build/install/jadx/bin/jadx --no-res --single-class NullRawParam -d /Users/lordcasser/workspace/projects/jarde/openspec/changes/recover-same-class-generic-call-consumers/results/candidate/gc09-raw-64-candidate-v4/jdk8/no-debug/jadx/NullRawParam /Users/lordcasser/workspace/projects/jarde/openspec/evidence/raw-receiver-field-selection-2026-10-09/jdk8/no-debug/input/NullRawParam.jar
jdk8/no-debug/NullRawParam/jadx-source-header	0	nonempty class source
jdk8/no-debug/NullRawParam/jadx-javac	0	/Library/Java/JavaVirtualMachines/corretto-1.8.0_432/Contents/Home/bin/javac -source 8 -target 8 -g:none -classpath /var/folders/gm/lzn3ylzx4lz7mx29lftngdz40000gn/T/jarde-raw-receiver-replay-3ejxnhij/empty-classpath -sourcepath /var/folders/gm/lzn3ylzx4lz7mx29lftngdz40000gn/T/jarde-raw-receiver-replay-3ejxnhij/empty-sourcepath -d /var/folders/gm/lzn3ylzx4lz7mx29lftngdz40000gn/T/jarde-raw-receiver-replay-3ejxnhij/jadx-classes /Users/lordcasser/workspace/projects/jarde/openspec/changes/recover-same-class-generic-call-consumers/results/candidate/gc09-raw-64-candidate-v4/jdk8/no-debug/jadx/NullRawParam/sources/defpackage/NullRawParam.java /Users/lordcasser/workspace/projects/jarde/openspec/evidence/raw-receiver-field-selection-2026-10-09/source/ReceiverProbe.java
jdk8/no-debug/NullRawParam/jadx-verify-run	0	/Library/Java/JavaVirtualMachines/corretto-1.8.0_432/Contents/Home/bin/java -Xverify:all -cp /var/folders/gm/lzn3ylzx4lz7mx29lftngdz40000gn/T/jarde-raw-receiver-replay-3ejxnhij/jadx-classes ReceiverProbe defpackage.NullRawParam
jdk8/debug/RetainedAliasRawParam/jar-contents	0	/Library/Java/JavaVirtualMachines/corretto-1.8.0_432/Contents/Home/bin/jar tf /Users/lordcasser/workspace/projects/jarde/openspec/evidence/raw-receiver-field-selection-2026-10-09/jdk8/debug/input/RetainedAliasRawParam.jar
jdk8/debug/RetainedAliasRawParam/original-javac	0	/Library/Java/JavaVirtualMachines/corretto-1.8.0_432/Contents/Home/bin/javac -source 8 -target 8 -g -classpath /var/folders/gm/lzn3ylzx4lz7mx29lftngdz40000gn/T/jarde-raw-receiver-replay-tcuhjc7y/empty-classpath -sourcepath /var/folders/gm/lzn3ylzx4lz7mx29lftngdz40000gn/T/jarde-raw-receiver-replay-tcuhjc7y/empty-sourcepath -d /var/folders/gm/lzn3ylzx4lz7mx29lftngdz40000gn/T/jarde-raw-receiver-replay-tcuhjc7y/original /Users/lordcasser/workspace/projects/jarde/openspec/evidence/raw-receiver-field-selection-2026-10-09/source/RetainedAliasRawParam.java
jdk8/debug/RetainedAliasRawParam/javap	0	/Library/Java/JavaVirtualMachines/corretto-1.8.0_432/Contents/Home/bin/javap -p -c -s -v -classpath /Users/lordcasser/workspace/projects/jarde/openspec/evidence/raw-receiver-field-selection-2026-10-09/jdk8/debug/input/RetainedAliasRawParam.jar RetainedAliasRawParam
jdk8/debug/RetainedAliasRawParam/original-probe-javac	0	/Library/Java/JavaVirtualMachines/corretto-1.8.0_432/Contents/Home/bin/javac -source 8 -target 8 -g -classpath /var/folders/gm/lzn3ylzx4lz7mx29lftngdz40000gn/T/jarde-raw-receiver-replay-tcuhjc7y/empty-classpath -sourcepath /var/folders/gm/lzn3ylzx4lz7mx29lftngdz40000gn/T/jarde-raw-receiver-replay-tcuhjc7y/empty-sourcepath -d /var/folders/gm/lzn3ylzx4lz7mx29lftngdz40000gn/T/jarde-raw-receiver-replay-tcuhjc7y/original-probe /Users/lordcasser/workspace/projects/jarde/openspec/evidence/raw-receiver-field-selection-2026-10-09/source/ReceiverProbe.java
jdk8/debug/RetainedAliasRawParam/original-run	0	/Library/Java/JavaVirtualMachines/corretto-1.8.0_432/Contents/Home/bin/java -Xverify:all -cp /var/folders/gm/lzn3ylzx4lz7mx29lftngdz40000gn/T/jarde-raw-receiver-replay-tcuhjc7y/original:/var/folders/gm/lzn3ylzx4lz7mx29lftngdz40000gn/T/jarde-raw-receiver-replay-tcuhjc7y/original-probe ReceiverProbe RetainedAliasRawParam
jdk8/debug/RetainedAliasRawParam/jarde-RetainedAliasRawParam	0	/private/tmp/jarde-generic-calls-candidate-v4-cli class-source --input /Users/lordcasser/workspace/projects/jarde/openspec/evidence/raw-receiver-field-selection-2026-10-09/jdk8/debug/input/RetainedAliasRawParam.jar --class RetainedAliasRawParam --policy plain-jar --release 8 --format text
jdk8/debug/RetainedAliasRawParam/jarde-RetainedAliasRawParam-source-header	0	nonempty self-describing source
jdk8/debug/RetainedAliasRawParam/jarde-javac	0	/Library/Java/JavaVirtualMachines/corretto-1.8.0_432/Contents/Home/bin/javac -source 8 -target 8 -g -classpath /var/folders/gm/lzn3ylzx4lz7mx29lftngdz40000gn/T/jarde-raw-receiver-replay-tcuhjc7y/empty-classpath -sourcepath /var/folders/gm/lzn3ylzx4lz7mx29lftngdz40000gn/T/jarde-raw-receiver-replay-tcuhjc7y/empty-sourcepath -d /var/folders/gm/lzn3ylzx4lz7mx29lftngdz40000gn/T/jarde-raw-receiver-replay-tcuhjc7y/jarde-classes /Users/lordcasser/workspace/projects/jarde/openspec/changes/recover-same-class-generic-call-consumers/results/candidate/gc09-raw-64-candidate-v4/jdk8/debug/jarde/RetainedAliasRawParam.java /Users/lordcasser/workspace/projects/jarde/openspec/evidence/raw-receiver-field-selection-2026-10-09/source/ReceiverProbe.java
jdk8/debug/RetainedAliasRawParam/jarde-verify-run	0	/Library/Java/JavaVirtualMachines/corretto-1.8.0_432/Contents/Home/bin/java -Xverify:all -cp /var/folders/gm/lzn3ylzx4lz7mx29lftngdz40000gn/T/jarde-raw-receiver-replay-tcuhjc7y/jarde-classes ReceiverProbe RetainedAliasRawParam
jdk8/debug/RetainedAliasRawParam/jadx	0	/Users/lordcasser/workspace/testzone/jadx/jadx-cli/build/install/jadx/bin/jadx --no-res --single-class RetainedAliasRawParam -d /Users/lordcasser/workspace/projects/jarde/openspec/changes/recover-same-class-generic-call-consumers/results/candidate/gc09-raw-64-candidate-v4/jdk8/debug/jadx/RetainedAliasRawParam /Users/lordcasser/workspace/projects/jarde/openspec/evidence/raw-receiver-field-selection-2026-10-09/jdk8/debug/input/RetainedAliasRawParam.jar
jdk8/debug/RetainedAliasRawParam/jadx-source-header	0	nonempty class source
jdk8/debug/RetainedAliasRawParam/jadx-javac	0	/Library/Java/JavaVirtualMachines/corretto-1.8.0_432/Contents/Home/bin/javac -source 8 -target 8 -g -classpath /var/folders/gm/lzn3ylzx4lz7mx29lftngdz40000gn/T/jarde-raw-receiver-replay-tcuhjc7y/empty-classpath -sourcepath /var/folders/gm/lzn3ylzx4lz7mx29lftngdz40000gn/T/jarde-raw-receiver-replay-tcuhjc7y/empty-sourcepath -d /var/folders/gm/lzn3ylzx4lz7mx29lftngdz40000gn/T/jarde-raw-receiver-replay-tcuhjc7y/jadx-classes /Users/lordcasser/workspace/projects/jarde/openspec/changes/recover-same-class-generic-call-consumers/results/candidate/gc09-raw-64-candidate-v4/jdk8/debug/jadx/RetainedAliasRawParam/sources/defpackage/RetainedAliasRawParam.java /Users/lordcasser/workspace/projects/jarde/openspec/evidence/raw-receiver-field-selection-2026-10-09/source/ReceiverProbe.java
jdk8/debug/RetainedAliasRawParam/jadx-verify-run	0	/Library/Java/JavaVirtualMachines/corretto-1.8.0_432/Contents/Home/bin/java -Xverify:all -cp /var/folders/gm/lzn3ylzx4lz7mx29lftngdz40000gn/T/jarde-raw-receiver-replay-tcuhjc7y/jadx-classes ReceiverProbe defpackage.RetainedAliasRawParam
jdk8/no-debug/RetainedAliasRawParam/jar-contents	0	/Library/Java/JavaVirtualMachines/corretto-1.8.0_432/Contents/Home/bin/jar tf /Users/lordcasser/workspace/projects/jarde/openspec/evidence/raw-receiver-field-selection-2026-10-09/jdk8/no-debug/input/RetainedAliasRawParam.jar
jdk8/no-debug/RetainedAliasRawParam/original-javac	0	/Library/Java/JavaVirtualMachines/corretto-1.8.0_432/Contents/Home/bin/javac -source 8 -target 8 -g:none -classpath /var/folders/gm/lzn3ylzx4lz7mx29lftngdz40000gn/T/jarde-raw-receiver-replay-b3r3ftqx/empty-classpath -sourcepath /var/folders/gm/lzn3ylzx4lz7mx29lftngdz40000gn/T/jarde-raw-receiver-replay-b3r3ftqx/empty-sourcepath -d /var/folders/gm/lzn3ylzx4lz7mx29lftngdz40000gn/T/jarde-raw-receiver-replay-b3r3ftqx/original /Users/lordcasser/workspace/projects/jarde/openspec/evidence/raw-receiver-field-selection-2026-10-09/source/RetainedAliasRawParam.java
jdk8/no-debug/RetainedAliasRawParam/javap	0	/Library/Java/JavaVirtualMachines/corretto-1.8.0_432/Contents/Home/bin/javap -p -c -s -v -classpath /Users/lordcasser/workspace/projects/jarde/openspec/evidence/raw-receiver-field-selection-2026-10-09/jdk8/no-debug/input/RetainedAliasRawParam.jar RetainedAliasRawParam
jdk8/no-debug/RetainedAliasRawParam/original-probe-javac	0	/Library/Java/JavaVirtualMachines/corretto-1.8.0_432/Contents/Home/bin/javac -source 8 -target 8 -g:none -classpath /var/folders/gm/lzn3ylzx4lz7mx29lftngdz40000gn/T/jarde-raw-receiver-replay-b3r3ftqx/empty-classpath -sourcepath /var/folders/gm/lzn3ylzx4lz7mx29lftngdz40000gn/T/jarde-raw-receiver-replay-b3r3ftqx/empty-sourcepath -d /var/folders/gm/lzn3ylzx4lz7mx29lftngdz40000gn/T/jarde-raw-receiver-replay-b3r3ftqx/original-probe /Users/lordcasser/workspace/projects/jarde/openspec/evidence/raw-receiver-field-selection-2026-10-09/source/ReceiverProbe.java
jdk8/no-debug/RetainedAliasRawParam/original-run	0	/Library/Java/JavaVirtualMachines/corretto-1.8.0_432/Contents/Home/bin/java -Xverify:all -cp /var/folders/gm/lzn3ylzx4lz7mx29lftngdz40000gn/T/jarde-raw-receiver-replay-b3r3ftqx/original:/var/folders/gm/lzn3ylzx4lz7mx29lftngdz40000gn/T/jarde-raw-receiver-replay-b3r3ftqx/original-probe ReceiverProbe RetainedAliasRawParam
jdk8/no-debug/RetainedAliasRawParam/jarde-RetainedAliasRawParam	0	/private/tmp/jarde-generic-calls-candidate-v4-cli class-source --input /Users/lordcasser/workspace/projects/jarde/openspec/evidence/raw-receiver-field-selection-2026-10-09/jdk8/no-debug/input/RetainedAliasRawParam.jar --class RetainedAliasRawParam --policy plain-jar --release 8 --format text
jdk8/no-debug/RetainedAliasRawParam/jarde-RetainedAliasRawParam-source-header	0	nonempty self-describing source
jdk8/no-debug/RetainedAliasRawParam/jarde-javac	0	/Library/Java/JavaVirtualMachines/corretto-1.8.0_432/Contents/Home/bin/javac -source 8 -target 8 -g:none -classpath /var/folders/gm/lzn3ylzx4lz7mx29lftngdz40000gn/T/jarde-raw-receiver-replay-b3r3ftqx/empty-classpath -sourcepath /var/folders/gm/lzn3ylzx4lz7mx29lftngdz40000gn/T/jarde-raw-receiver-replay-b3r3ftqx/empty-sourcepath -d /var/folders/gm/lzn3ylzx4lz7mx29lftngdz40000gn/T/jarde-raw-receiver-replay-b3r3ftqx/jarde-classes /Users/lordcasser/workspace/projects/jarde/openspec/changes/recover-same-class-generic-call-consumers/results/candidate/gc09-raw-64-candidate-v4/jdk8/no-debug/jarde/RetainedAliasRawParam.java /Users/lordcasser/workspace/projects/jarde/openspec/evidence/raw-receiver-field-selection-2026-10-09/source/ReceiverProbe.java
jdk8/no-debug/RetainedAliasRawParam/jarde-verify-run	0	/Library/Java/JavaVirtualMachines/corretto-1.8.0_432/Contents/Home/bin/java -Xverify:all -cp /var/folders/gm/lzn3ylzx4lz7mx29lftngdz40000gn/T/jarde-raw-receiver-replay-b3r3ftqx/jarde-classes ReceiverProbe RetainedAliasRawParam
jdk8/no-debug/RetainedAliasRawParam/jadx	0	/Users/lordcasser/workspace/testzone/jadx/jadx-cli/build/install/jadx/bin/jadx --no-res --single-class RetainedAliasRawParam -d /Users/lordcasser/workspace/projects/jarde/openspec/changes/recover-same-class-generic-call-consumers/results/candidate/gc09-raw-64-candidate-v4/jdk8/no-debug/jadx/RetainedAliasRawParam /Users/lordcasser/workspace/projects/jarde/openspec/evidence/raw-receiver-field-selection-2026-10-09/jdk8/no-debug/input/RetainedAliasRawParam.jar
jdk8/no-debug/RetainedAliasRawParam/jadx-source-header	0	nonempty class source
jdk8/no-debug/RetainedAliasRawParam/jadx-javac	0	/Library/Java/JavaVirtualMachines/corretto-1.8.0_432/Contents/Home/bin/javac -source 8 -target 8 -g:none -classpath /var/folders/gm/lzn3ylzx4lz7mx29lftngdz40000gn/T/jarde-raw-receiver-replay-b3r3ftqx/empty-classpath -sourcepath /var/folders/gm/lzn3ylzx4lz7mx29lftngdz40000gn/T/jarde-raw-receiver-replay-b3r3ftqx/empty-sourcepath -d /var/folders/gm/lzn3ylzx4lz7mx29lftngdz40000gn/T/jarde-raw-receiver-replay-b3r3ftqx/jadx-classes /Users/lordcasser/workspace/projects/jarde/openspec/changes/recover-same-class-generic-call-consumers/results/candidate/gc09-raw-64-candidate-v4/jdk8/no-debug/jadx/RetainedAliasRawParam/sources/defpackage/RetainedAliasRawParam.java /Users/lordcasser/workspace/projects/jarde/openspec/evidence/raw-receiver-field-selection-2026-10-09/source/ReceiverProbe.java
jdk8/no-debug/RetainedAliasRawParam/jadx-verify-run	0	/Library/Java/JavaVirtualMachines/corretto-1.8.0_432/Contents/Home/bin/java -Xverify:all -cp /var/folders/gm/lzn3ylzx4lz7mx29lftngdz40000gn/T/jarde-raw-receiver-replay-b3r3ftqx/jadx-classes ReceiverProbe defpackage.RetainedAliasRawParam
jdk8/debug/MultiFormalRawParam/jar-contents	0	/Library/Java/JavaVirtualMachines/corretto-1.8.0_432/Contents/Home/bin/jar tf /Users/lordcasser/workspace/projects/jarde/openspec/evidence/raw-receiver-field-selection-2026-10-09/jdk8/debug/input/MultiFormalRawParam.jar
jdk8/debug/MultiFormalRawParam/original-javac	0	/Library/Java/JavaVirtualMachines/corretto-1.8.0_432/Contents/Home/bin/javac -source 8 -target 8 -g -classpath /var/folders/gm/lzn3ylzx4lz7mx29lftngdz40000gn/T/jarde-raw-receiver-replay-gd5w8u15/empty-classpath -sourcepath /var/folders/gm/lzn3ylzx4lz7mx29lftngdz40000gn/T/jarde-raw-receiver-replay-gd5w8u15/empty-sourcepath -d /var/folders/gm/lzn3ylzx4lz7mx29lftngdz40000gn/T/jarde-raw-receiver-replay-gd5w8u15/original /Users/lordcasser/workspace/projects/jarde/openspec/evidence/raw-receiver-field-selection-2026-10-09/source/MultiFormalRawParam.java
jdk8/debug/MultiFormalRawParam/javap	0	/Library/Java/JavaVirtualMachines/corretto-1.8.0_432/Contents/Home/bin/javap -p -c -s -v -classpath /Users/lordcasser/workspace/projects/jarde/openspec/evidence/raw-receiver-field-selection-2026-10-09/jdk8/debug/input/MultiFormalRawParam.jar MultiFormalRawParam
jdk8/debug/MultiFormalRawParam/original-probe-javac	0	/Library/Java/JavaVirtualMachines/corretto-1.8.0_432/Contents/Home/bin/javac -source 8 -target 8 -g -classpath /var/folders/gm/lzn3ylzx4lz7mx29lftngdz40000gn/T/jarde-raw-receiver-replay-gd5w8u15/empty-classpath -sourcepath /var/folders/gm/lzn3ylzx4lz7mx29lftngdz40000gn/T/jarde-raw-receiver-replay-gd5w8u15/empty-sourcepath -d /var/folders/gm/lzn3ylzx4lz7mx29lftngdz40000gn/T/jarde-raw-receiver-replay-gd5w8u15/original-probe /Users/lordcasser/workspace/projects/jarde/openspec/evidence/raw-receiver-field-selection-2026-10-09/source/ReceiverProbe.java
jdk8/debug/MultiFormalRawParam/original-run	0	/Library/Java/JavaVirtualMachines/corretto-1.8.0_432/Contents/Home/bin/java -Xverify:all -cp /var/folders/gm/lzn3ylzx4lz7mx29lftngdz40000gn/T/jarde-raw-receiver-replay-gd5w8u15/original:/var/folders/gm/lzn3ylzx4lz7mx29lftngdz40000gn/T/jarde-raw-receiver-replay-gd5w8u15/original-probe ReceiverProbe MultiFormalRawParam
jdk8/debug/MultiFormalRawParam/jarde-MultiFormalRawParam	0	/private/tmp/jarde-generic-calls-candidate-v4-cli class-source --input /Users/lordcasser/workspace/projects/jarde/openspec/evidence/raw-receiver-field-selection-2026-10-09/jdk8/debug/input/MultiFormalRawParam.jar --class MultiFormalRawParam --policy plain-jar --release 8 --format text
jdk8/debug/MultiFormalRawParam/jarde-MultiFormalRawParam-source-header	0	nonempty self-describing source
jdk8/debug/MultiFormalRawParam/jarde-javac	0	/Library/Java/JavaVirtualMachines/corretto-1.8.0_432/Contents/Home/bin/javac -source 8 -target 8 -g -classpath /var/folders/gm/lzn3ylzx4lz7mx29lftngdz40000gn/T/jarde-raw-receiver-replay-gd5w8u15/empty-classpath -sourcepath /var/folders/gm/lzn3ylzx4lz7mx29lftngdz40000gn/T/jarde-raw-receiver-replay-gd5w8u15/empty-sourcepath -d /var/folders/gm/lzn3ylzx4lz7mx29lftngdz40000gn/T/jarde-raw-receiver-replay-gd5w8u15/jarde-classes /Users/lordcasser/workspace/projects/jarde/openspec/changes/recover-same-class-generic-call-consumers/results/candidate/gc09-raw-64-candidate-v4/jdk8/debug/jarde/MultiFormalRawParam.java /Users/lordcasser/workspace/projects/jarde/openspec/evidence/raw-receiver-field-selection-2026-10-09/source/ReceiverProbe.java
jdk8/debug/MultiFormalRawParam/jarde-verify-run	0	/Library/Java/JavaVirtualMachines/corretto-1.8.0_432/Contents/Home/bin/java -Xverify:all -cp /var/folders/gm/lzn3ylzx4lz7mx29lftngdz40000gn/T/jarde-raw-receiver-replay-gd5w8u15/jarde-classes ReceiverProbe MultiFormalRawParam
jdk8/debug/MultiFormalRawParam/jadx	0	/Users/lordcasser/workspace/testzone/jadx/jadx-cli/build/install/jadx/bin/jadx --no-res --single-class MultiFormalRawParam -d /Users/lordcasser/workspace/projects/jarde/openspec/changes/recover-same-class-generic-call-consumers/results/candidate/gc09-raw-64-candidate-v4/jdk8/debug/jadx/MultiFormalRawParam /Users/lordcasser/workspace/projects/jarde/openspec/evidence/raw-receiver-field-selection-2026-10-09/jdk8/debug/input/MultiFormalRawParam.jar
jdk8/debug/MultiFormalRawParam/jadx-source-header	0	nonempty class source
jdk8/debug/MultiFormalRawParam/jadx-javac	0	/Library/Java/JavaVirtualMachines/corretto-1.8.0_432/Contents/Home/bin/javac -source 8 -target 8 -g -classpath /var/folders/gm/lzn3ylzx4lz7mx29lftngdz40000gn/T/jarde-raw-receiver-replay-gd5w8u15/empty-classpath -sourcepath /var/folders/gm/lzn3ylzx4lz7mx29lftngdz40000gn/T/jarde-raw-receiver-replay-gd5w8u15/empty-sourcepath -d /var/folders/gm/lzn3ylzx4lz7mx29lftngdz40000gn/T/jarde-raw-receiver-replay-gd5w8u15/jadx-classes /Users/lordcasser/workspace/projects/jarde/openspec/changes/recover-same-class-generic-call-consumers/results/candidate/gc09-raw-64-candidate-v4/jdk8/debug/jadx/MultiFormalRawParam/sources/defpackage/MultiFormalRawParam.java /Users/lordcasser/workspace/projects/jarde/openspec/evidence/raw-receiver-field-selection-2026-10-09/source/ReceiverProbe.java
jdk8/debug/MultiFormalRawParam/jadx-verify-run	0	/Library/Java/JavaVirtualMachines/corretto-1.8.0_432/Contents/Home/bin/java -Xverify:all -cp /var/folders/gm/lzn3ylzx4lz7mx29lftngdz40000gn/T/jarde-raw-receiver-replay-gd5w8u15/jadx-classes ReceiverProbe defpackage.MultiFormalRawParam
jdk8/no-debug/MultiFormalRawParam/jar-contents	0	/Library/Java/JavaVirtualMachines/corretto-1.8.0_432/Contents/Home/bin/jar tf /Users/lordcasser/workspace/projects/jarde/openspec/evidence/raw-receiver-field-selection-2026-10-09/jdk8/no-debug/input/MultiFormalRawParam.jar
jdk8/no-debug/MultiFormalRawParam/original-javac	0	/Library/Java/JavaVirtualMachines/corretto-1.8.0_432/Contents/Home/bin/javac -source 8 -target 8 -g:none -classpath /var/folders/gm/lzn3ylzx4lz7mx29lftngdz40000gn/T/jarde-raw-receiver-replay-tse0ny4o/empty-classpath -sourcepath /var/folders/gm/lzn3ylzx4lz7mx29lftngdz40000gn/T/jarde-raw-receiver-replay-tse0ny4o/empty-sourcepath -d /var/folders/gm/lzn3ylzx4lz7mx29lftngdz40000gn/T/jarde-raw-receiver-replay-tse0ny4o/original /Users/lordcasser/workspace/projects/jarde/openspec/evidence/raw-receiver-field-selection-2026-10-09/source/MultiFormalRawParam.java
jdk8/no-debug/MultiFormalRawParam/javap	0	/Library/Java/JavaVirtualMachines/corretto-1.8.0_432/Contents/Home/bin/javap -p -c -s -v -classpath /Users/lordcasser/workspace/projects/jarde/openspec/evidence/raw-receiver-field-selection-2026-10-09/jdk8/no-debug/input/MultiFormalRawParam.jar MultiFormalRawParam
jdk8/no-debug/MultiFormalRawParam/original-probe-javac	0	/Library/Java/JavaVirtualMachines/corretto-1.8.0_432/Contents/Home/bin/javac -source 8 -target 8 -g:none -classpath /var/folders/gm/lzn3ylzx4lz7mx29lftngdz40000gn/T/jarde-raw-receiver-replay-tse0ny4o/empty-classpath -sourcepath /var/folders/gm/lzn3ylzx4lz7mx29lftngdz40000gn/T/jarde-raw-receiver-replay-tse0ny4o/empty-sourcepath -d /var/folders/gm/lzn3ylzx4lz7mx29lftngdz40000gn/T/jarde-raw-receiver-replay-tse0ny4o/original-probe /Users/lordcasser/workspace/projects/jarde/openspec/evidence/raw-receiver-field-selection-2026-10-09/source/ReceiverProbe.java
jdk8/no-debug/MultiFormalRawParam/original-run	0	/Library/Java/JavaVirtualMachines/corretto-1.8.0_432/Contents/Home/bin/java -Xverify:all -cp /var/folders/gm/lzn3ylzx4lz7mx29lftngdz40000gn/T/jarde-raw-receiver-replay-tse0ny4o/original:/var/folders/gm/lzn3ylzx4lz7mx29lftngdz40000gn/T/jarde-raw-receiver-replay-tse0ny4o/original-probe ReceiverProbe MultiFormalRawParam
jdk8/no-debug/MultiFormalRawParam/jarde-MultiFormalRawParam	0	/private/tmp/jarde-generic-calls-candidate-v4-cli class-source --input /Users/lordcasser/workspace/projects/jarde/openspec/evidence/raw-receiver-field-selection-2026-10-09/jdk8/no-debug/input/MultiFormalRawParam.jar --class MultiFormalRawParam --policy plain-jar --release 8 --format text
jdk8/no-debug/MultiFormalRawParam/jarde-MultiFormalRawParam-source-header	0	nonempty self-describing source
jdk8/no-debug/MultiFormalRawParam/jarde-javac	0	/Library/Java/JavaVirtualMachines/corretto-1.8.0_432/Contents/Home/bin/javac -source 8 -target 8 -g:none -classpath /var/folders/gm/lzn3ylzx4lz7mx29lftngdz40000gn/T/jarde-raw-receiver-replay-tse0ny4o/empty-classpath -sourcepath /var/folders/gm/lzn3ylzx4lz7mx29lftngdz40000gn/T/jarde-raw-receiver-replay-tse0ny4o/empty-sourcepath -d /var/folders/gm/lzn3ylzx4lz7mx29lftngdz40000gn/T/jarde-raw-receiver-replay-tse0ny4o/jarde-classes /Users/lordcasser/workspace/projects/jarde/openspec/changes/recover-same-class-generic-call-consumers/results/candidate/gc09-raw-64-candidate-v4/jdk8/no-debug/jarde/MultiFormalRawParam.java /Users/lordcasser/workspace/projects/jarde/openspec/evidence/raw-receiver-field-selection-2026-10-09/source/ReceiverProbe.java
jdk8/no-debug/MultiFormalRawParam/jarde-verify-run	0	/Library/Java/JavaVirtualMachines/corretto-1.8.0_432/Contents/Home/bin/java -Xverify:all -cp /var/folders/gm/lzn3ylzx4lz7mx29lftngdz40000gn/T/jarde-raw-receiver-replay-tse0ny4o/jarde-classes ReceiverProbe MultiFormalRawParam
jdk8/no-debug/MultiFormalRawParam/jadx	0	/Users/lordcasser/workspace/testzone/jadx/jadx-cli/build/install/jadx/bin/jadx --no-res --single-class MultiFormalRawParam -d /Users/lordcasser/workspace/projects/jarde/openspec/changes/recover-same-class-generic-call-consumers/results/candidate/gc09-raw-64-candidate-v4/jdk8/no-debug/jadx/MultiFormalRawParam /Users/lordcasser/workspace/projects/jarde/openspec/evidence/raw-receiver-field-selection-2026-10-09/jdk8/no-debug/input/MultiFormalRawParam.jar
jdk8/no-debug/MultiFormalRawParam/jadx-source-header	0	nonempty class source
jdk8/no-debug/MultiFormalRawParam/jadx-javac	0	/Library/Java/JavaVirtualMachines/corretto-1.8.0_432/Contents/Home/bin/javac -source 8 -target 8 -g:none -classpath /var/folders/gm/lzn3ylzx4lz7mx29lftngdz40000gn/T/jarde-raw-receiver-replay-tse0ny4o/empty-classpath -sourcepath /var/folders/gm/lzn3ylzx4lz7mx29lftngdz40000gn/T/jarde-raw-receiver-replay-tse0ny4o/empty-sourcepath -d /var/folders/gm/lzn3ylzx4lz7mx29lftngdz40000gn/T/jarde-raw-receiver-replay-tse0ny4o/jadx-classes /Users/lordcasser/workspace/projects/jarde/openspec/changes/recover-same-class-generic-call-consumers/results/candidate/gc09-raw-64-candidate-v4/jdk8/no-debug/jadx/MultiFormalRawParam/sources/defpackage/MultiFormalRawParam.java /Users/lordcasser/workspace/projects/jarde/openspec/evidence/raw-receiver-field-selection-2026-10-09/source/ReceiverProbe.java
jdk8/no-debug/MultiFormalRawParam/jadx-verify-run	0	/Library/Java/JavaVirtualMachines/corretto-1.8.0_432/Contents/Home/bin/java -Xverify:all -cp /var/folders/gm/lzn3ylzx4lz7mx29lftngdz40000gn/T/jarde-raw-receiver-replay-tse0ny4o/jadx-classes ReceiverProbe defpackage.MultiFormalRawParam
jdk8/debug/RawOwnerChild/jar-contents	0	/Library/Java/JavaVirtualMachines/corretto-1.8.0_432/Contents/Home/bin/jar tf /Users/lordcasser/workspace/projects/jarde/openspec/evidence/raw-receiver-field-selection-2026-10-09/jdk8/debug/input/RawOwnerChild.jar
jdk8/debug/RawOwnerChild/original-javac	0	/Library/Java/JavaVirtualMachines/corretto-1.8.0_432/Contents/Home/bin/javac -source 8 -target 8 -g -classpath /var/folders/gm/lzn3ylzx4lz7mx29lftngdz40000gn/T/jarde-raw-receiver-replay-u59m66wu/empty-classpath -sourcepath /var/folders/gm/lzn3ylzx4lz7mx29lftngdz40000gn/T/jarde-raw-receiver-replay-u59m66wu/empty-sourcepath -d /var/folders/gm/lzn3ylzx4lz7mx29lftngdz40000gn/T/jarde-raw-receiver-replay-u59m66wu/original /Users/lordcasser/workspace/projects/jarde/openspec/evidence/raw-receiver-field-selection-2026-10-09/source/RawOwnerChild.java /Users/lordcasser/workspace/projects/jarde/openspec/evidence/raw-receiver-field-selection-2026-10-09/source/RawOwnerBase.java
jdk8/debug/RawOwnerChild/javap	0	/Library/Java/JavaVirtualMachines/corretto-1.8.0_432/Contents/Home/bin/javap -p -c -s -v -classpath /Users/lordcasser/workspace/projects/jarde/openspec/evidence/raw-receiver-field-selection-2026-10-09/jdk8/debug/input/RawOwnerChild.jar RawOwnerChild
jdk8/debug/RawOwnerChild/original-probe-javac	0	/Library/Java/JavaVirtualMachines/corretto-1.8.0_432/Contents/Home/bin/javac -source 8 -target 8 -g -classpath /var/folders/gm/lzn3ylzx4lz7mx29lftngdz40000gn/T/jarde-raw-receiver-replay-u59m66wu/empty-classpath -sourcepath /var/folders/gm/lzn3ylzx4lz7mx29lftngdz40000gn/T/jarde-raw-receiver-replay-u59m66wu/empty-sourcepath -d /var/folders/gm/lzn3ylzx4lz7mx29lftngdz40000gn/T/jarde-raw-receiver-replay-u59m66wu/original-probe /Users/lordcasser/workspace/projects/jarde/openspec/evidence/raw-receiver-field-selection-2026-10-09/source/ReceiverProbe.java
jdk8/debug/RawOwnerChild/original-run	0	/Library/Java/JavaVirtualMachines/corretto-1.8.0_432/Contents/Home/bin/java -Xverify:all -cp /var/folders/gm/lzn3ylzx4lz7mx29lftngdz40000gn/T/jarde-raw-receiver-replay-u59m66wu/original:/var/folders/gm/lzn3ylzx4lz7mx29lftngdz40000gn/T/jarde-raw-receiver-replay-u59m66wu/original-probe ReceiverProbe RawOwnerChild
jdk8/debug/RawOwnerChild/jarde-RawOwnerChild	0	/private/tmp/jarde-generic-calls-candidate-v4-cli class-source --input /Users/lordcasser/workspace/projects/jarde/openspec/evidence/raw-receiver-field-selection-2026-10-09/jdk8/debug/input/RawOwnerChild.jar --class RawOwnerChild --policy plain-jar --release 8 --format text
jdk8/debug/RawOwnerChild/jarde-RawOwnerChild-source-header	0	nonempty self-describing source
jdk8/debug/RawOwnerChild/jarde-RawOwnerBase	0	/private/tmp/jarde-generic-calls-candidate-v4-cli class-source --input /Users/lordcasser/workspace/projects/jarde/openspec/evidence/raw-receiver-field-selection-2026-10-09/jdk8/debug/input/RawOwnerChild.jar --class RawOwnerBase --policy plain-jar --release 8 --format text
jdk8/debug/RawOwnerChild/jarde-RawOwnerBase-source-header	0	nonempty self-describing source
jdk8/debug/RawOwnerChild/jarde-javac	0	/Library/Java/JavaVirtualMachines/corretto-1.8.0_432/Contents/Home/bin/javac -source 8 -target 8 -g -classpath /var/folders/gm/lzn3ylzx4lz7mx29lftngdz40000gn/T/jarde-raw-receiver-replay-u59m66wu/empty-classpath -sourcepath /var/folders/gm/lzn3ylzx4lz7mx29lftngdz40000gn/T/jarde-raw-receiver-replay-u59m66wu/empty-sourcepath -d /var/folders/gm/lzn3ylzx4lz7mx29lftngdz40000gn/T/jarde-raw-receiver-replay-u59m66wu/jarde-classes /Users/lordcasser/workspace/projects/jarde/openspec/changes/recover-same-class-generic-call-consumers/results/candidate/gc09-raw-64-candidate-v4/jdk8/debug/jarde/RawOwnerChild.java /Users/lordcasser/workspace/projects/jarde/openspec/changes/recover-same-class-generic-call-consumers/results/candidate/gc09-raw-64-candidate-v4/jdk8/debug/jarde/RawOwnerBase.java /Users/lordcasser/workspace/projects/jarde/openspec/evidence/raw-receiver-field-selection-2026-10-09/source/ReceiverProbe.java
jdk8/debug/RawOwnerChild/jarde-verify-run	0	/Library/Java/JavaVirtualMachines/corretto-1.8.0_432/Contents/Home/bin/java -Xverify:all -cp /var/folders/gm/lzn3ylzx4lz7mx29lftngdz40000gn/T/jarde-raw-receiver-replay-u59m66wu/jarde-classes ReceiverProbe RawOwnerChild
jdk8/debug/RawOwnerChild/jadx	0	/Users/lordcasser/workspace/testzone/jadx/jadx-cli/build/install/jadx/bin/jadx --no-res -d /Users/lordcasser/workspace/projects/jarde/openspec/changes/recover-same-class-generic-call-consumers/results/candidate/gc09-raw-64-candidate-v4/jdk8/debug/jadx/RawOwnerChild /Users/lordcasser/workspace/projects/jarde/openspec/evidence/raw-receiver-field-selection-2026-10-09/jdk8/debug/input/RawOwnerChild.jar
jdk8/debug/RawOwnerChild/jadx-source-header	0	nonempty class source
jdk8/debug/RawOwnerChild/jadx-javac	0	/Library/Java/JavaVirtualMachines/corretto-1.8.0_432/Contents/Home/bin/javac -source 8 -target 8 -g -classpath /var/folders/gm/lzn3ylzx4lz7mx29lftngdz40000gn/T/jarde-raw-receiver-replay-u59m66wu/empty-classpath -sourcepath /var/folders/gm/lzn3ylzx4lz7mx29lftngdz40000gn/T/jarde-raw-receiver-replay-u59m66wu/empty-sourcepath -d /var/folders/gm/lzn3ylzx4lz7mx29lftngdz40000gn/T/jarde-raw-receiver-replay-u59m66wu/jadx-classes /Users/lordcasser/workspace/projects/jarde/openspec/changes/recover-same-class-generic-call-consumers/results/candidate/gc09-raw-64-candidate-v4/jdk8/debug/jadx/RawOwnerChild/sources/defpackage/RawOwnerBase.java /Users/lordcasser/workspace/projects/jarde/openspec/changes/recover-same-class-generic-call-consumers/results/candidate/gc09-raw-64-candidate-v4/jdk8/debug/jadx/RawOwnerChild/sources/defpackage/RawOwnerChild.java /Users/lordcasser/workspace/projects/jarde/openspec/evidence/raw-receiver-field-selection-2026-10-09/source/ReceiverProbe.java
jdk8/debug/RawOwnerChild/jadx-verify-run	0	/Library/Java/JavaVirtualMachines/corretto-1.8.0_432/Contents/Home/bin/java -Xverify:all -cp /var/folders/gm/lzn3ylzx4lz7mx29lftngdz40000gn/T/jarde-raw-receiver-replay-u59m66wu/jadx-classes ReceiverProbe defpackage.RawOwnerChild
jdk8/no-debug/RawOwnerChild/jar-contents	0	/Library/Java/JavaVirtualMachines/corretto-1.8.0_432/Contents/Home/bin/jar tf /Users/lordcasser/workspace/projects/jarde/openspec/evidence/raw-receiver-field-selection-2026-10-09/jdk8/no-debug/input/RawOwnerChild.jar
jdk8/no-debug/RawOwnerChild/original-javac	0	/Library/Java/JavaVirtualMachines/corretto-1.8.0_432/Contents/Home/bin/javac -source 8 -target 8 -g:none -classpath /var/folders/gm/lzn3ylzx4lz7mx29lftngdz40000gn/T/jarde-raw-receiver-replay-8lgcyhm0/empty-classpath -sourcepath /var/folders/gm/lzn3ylzx4lz7mx29lftngdz40000gn/T/jarde-raw-receiver-replay-8lgcyhm0/empty-sourcepath -d /var/folders/gm/lzn3ylzx4lz7mx29lftngdz40000gn/T/jarde-raw-receiver-replay-8lgcyhm0/original /Users/lordcasser/workspace/projects/jarde/openspec/evidence/raw-receiver-field-selection-2026-10-09/source/RawOwnerChild.java /Users/lordcasser/workspace/projects/jarde/openspec/evidence/raw-receiver-field-selection-2026-10-09/source/RawOwnerBase.java
jdk8/no-debug/RawOwnerChild/javap	0	/Library/Java/JavaVirtualMachines/corretto-1.8.0_432/Contents/Home/bin/javap -p -c -s -v -classpath /Users/lordcasser/workspace/projects/jarde/openspec/evidence/raw-receiver-field-selection-2026-10-09/jdk8/no-debug/input/RawOwnerChild.jar RawOwnerChild
jdk8/no-debug/RawOwnerChild/original-probe-javac	0	/Library/Java/JavaVirtualMachines/corretto-1.8.0_432/Contents/Home/bin/javac -source 8 -target 8 -g:none -classpath /var/folders/gm/lzn3ylzx4lz7mx29lftngdz40000gn/T/jarde-raw-receiver-replay-8lgcyhm0/empty-classpath -sourcepath /var/folders/gm/lzn3ylzx4lz7mx29lftngdz40000gn/T/jarde-raw-receiver-replay-8lgcyhm0/empty-sourcepath -d /var/folders/gm/lzn3ylzx4lz7mx29lftngdz40000gn/T/jarde-raw-receiver-replay-8lgcyhm0/original-probe /Users/lordcasser/workspace/projects/jarde/openspec/evidence/raw-receiver-field-selection-2026-10-09/source/ReceiverProbe.java
jdk8/no-debug/RawOwnerChild/original-run	0	/Library/Java/JavaVirtualMachines/corretto-1.8.0_432/Contents/Home/bin/java -Xverify:all -cp /var/folders/gm/lzn3ylzx4lz7mx29lftngdz40000gn/T/jarde-raw-receiver-replay-8lgcyhm0/original:/var/folders/gm/lzn3ylzx4lz7mx29lftngdz40000gn/T/jarde-raw-receiver-replay-8lgcyhm0/original-probe ReceiverProbe RawOwnerChild
jdk8/no-debug/RawOwnerChild/jarde-RawOwnerChild	0	/private/tmp/jarde-generic-calls-candidate-v4-cli class-source --input /Users/lordcasser/workspace/projects/jarde/openspec/evidence/raw-receiver-field-selection-2026-10-09/jdk8/no-debug/input/RawOwnerChild.jar --class RawOwnerChild --policy plain-jar --release 8 --format text
jdk8/no-debug/RawOwnerChild/jarde-RawOwnerChild-source-header	0	nonempty self-describing source
jdk8/no-debug/RawOwnerChild/jarde-RawOwnerBase	0	/private/tmp/jarde-generic-calls-candidate-v4-cli class-source --input /Users/lordcasser/workspace/projects/jarde/openspec/evidence/raw-receiver-field-selection-2026-10-09/jdk8/no-debug/input/RawOwnerChild.jar --class RawOwnerBase --policy plain-jar --release 8 --format text
jdk8/no-debug/RawOwnerChild/jarde-RawOwnerBase-source-header	0	nonempty self-describing source
jdk8/no-debug/RawOwnerChild/jarde-javac	0	/Library/Java/JavaVirtualMachines/corretto-1.8.0_432/Contents/Home/bin/javac -source 8 -target 8 -g:none -classpath /var/folders/gm/lzn3ylzx4lz7mx29lftngdz40000gn/T/jarde-raw-receiver-replay-8lgcyhm0/empty-classpath -sourcepath /var/folders/gm/lzn3ylzx4lz7mx29lftngdz40000gn/T/jarde-raw-receiver-replay-8lgcyhm0/empty-sourcepath -d /var/folders/gm/lzn3ylzx4lz7mx29lftngdz40000gn/T/jarde-raw-receiver-replay-8lgcyhm0/jarde-classes /Users/lordcasser/workspace/projects/jarde/openspec/changes/recover-same-class-generic-call-consumers/results/candidate/gc09-raw-64-candidate-v4/jdk8/no-debug/jarde/RawOwnerChild.java /Users/lordcasser/workspace/projects/jarde/openspec/changes/recover-same-class-generic-call-consumers/results/candidate/gc09-raw-64-candidate-v4/jdk8/no-debug/jarde/RawOwnerBase.java /Users/lordcasser/workspace/projects/jarde/openspec/evidence/raw-receiver-field-selection-2026-10-09/source/ReceiverProbe.java
jdk8/no-debug/RawOwnerChild/jarde-verify-run	0	/Library/Java/JavaVirtualMachines/corretto-1.8.0_432/Contents/Home/bin/java -Xverify:all -cp /var/folders/gm/lzn3ylzx4lz7mx29lftngdz40000gn/T/jarde-raw-receiver-replay-8lgcyhm0/jarde-classes ReceiverProbe RawOwnerChild
jdk8/no-debug/RawOwnerChild/jadx	0	/Users/lordcasser/workspace/testzone/jadx/jadx-cli/build/install/jadx/bin/jadx --no-res -d /Users/lordcasser/workspace/projects/jarde/openspec/changes/recover-same-class-generic-call-consumers/results/candidate/gc09-raw-64-candidate-v4/jdk8/no-debug/jadx/RawOwnerChild /Users/lordcasser/workspace/projects/jarde/openspec/evidence/raw-receiver-field-selection-2026-10-09/jdk8/no-debug/input/RawOwnerChild.jar
jdk8/no-debug/RawOwnerChild/jadx-source-header	0	nonempty class source
jdk8/no-debug/RawOwnerChild/jadx-javac	0	/Library/Java/JavaVirtualMachines/corretto-1.8.0_432/Contents/Home/bin/javac -source 8 -target 8 -g:none -classpath /var/folders/gm/lzn3ylzx4lz7mx29lftngdz40000gn/T/jarde-raw-receiver-replay-8lgcyhm0/empty-classpath -sourcepath /var/folders/gm/lzn3ylzx4lz7mx29lftngdz40000gn/T/jarde-raw-receiver-replay-8lgcyhm0/empty-sourcepath -d /var/folders/gm/lzn3ylzx4lz7mx29lftngdz40000gn/T/jarde-raw-receiver-replay-8lgcyhm0/jadx-classes /Users/lordcasser/workspace/projects/jarde/openspec/changes/recover-same-class-generic-call-consumers/results/candidate/gc09-raw-64-candidate-v4/jdk8/no-debug/jadx/RawOwnerChild/sources/defpackage/RawOwnerBase.java /Users/lordcasser/workspace/projects/jarde/openspec/changes/recover-same-class-generic-call-consumers/results/candidate/gc09-raw-64-candidate-v4/jdk8/no-debug/jadx/RawOwnerChild/sources/defpackage/RawOwnerChild.java /Users/lordcasser/workspace/projects/jarde/openspec/evidence/raw-receiver-field-selection-2026-10-09/source/ReceiverProbe.java
jdk8/no-debug/RawOwnerChild/jadx-verify-run	0	/Library/Java/JavaVirtualMachines/corretto-1.8.0_432/Contents/Home/bin/java -Xverify:all -cp /var/folders/gm/lzn3ylzx4lz7mx29lftngdz40000gn/T/jarde-raw-receiver-replay-8lgcyhm0/jadx-classes ReceiverProbe defpackage.RawOwnerChild
jdk23/versions/java	0	/Library/Java/JavaVirtualMachines/openjdk-23.0.1/Contents/Home/bin/java -version
jdk23/versions/javac	0	/Library/Java/JavaVirtualMachines/openjdk-23.0.1/Contents/Home/bin/javac -version
jdk23/debug/RawParam/jar-contents	0	/Library/Java/JavaVirtualMachines/openjdk-23.0.1/Contents/Home/bin/jar tf /Users/lordcasser/workspace/projects/jarde/openspec/evidence/raw-receiver-field-selection-2026-10-09/jdk23/debug/input/RawParam.jar
jdk23/debug/RawParam/original-javac	0	/Library/Java/JavaVirtualMachines/openjdk-23.0.1/Contents/Home/bin/javac --release 8 -g -classpath /var/folders/gm/lzn3ylzx4lz7mx29lftngdz40000gn/T/jarde-raw-receiver-replay-w4ka2z7b/empty-classpath -sourcepath /var/folders/gm/lzn3ylzx4lz7mx29lftngdz40000gn/T/jarde-raw-receiver-replay-w4ka2z7b/empty-sourcepath -d /var/folders/gm/lzn3ylzx4lz7mx29lftngdz40000gn/T/jarde-raw-receiver-replay-w4ka2z7b/original /Users/lordcasser/workspace/projects/jarde/openspec/evidence/raw-receiver-field-selection-2026-10-09/source/RawParam.java
jdk23/debug/RawParam/javap	0	/Library/Java/JavaVirtualMachines/openjdk-23.0.1/Contents/Home/bin/javap -p -c -s -v -classpath /Users/lordcasser/workspace/projects/jarde/openspec/evidence/raw-receiver-field-selection-2026-10-09/jdk23/debug/input/RawParam.jar RawParam
jdk23/debug/RawParam/original-probe-javac	0	/Library/Java/JavaVirtualMachines/openjdk-23.0.1/Contents/Home/bin/javac --release 8 -g -classpath /var/folders/gm/lzn3ylzx4lz7mx29lftngdz40000gn/T/jarde-raw-receiver-replay-w4ka2z7b/empty-classpath -sourcepath /var/folders/gm/lzn3ylzx4lz7mx29lftngdz40000gn/T/jarde-raw-receiver-replay-w4ka2z7b/empty-sourcepath -d /var/folders/gm/lzn3ylzx4lz7mx29lftngdz40000gn/T/jarde-raw-receiver-replay-w4ka2z7b/original-probe /Users/lordcasser/workspace/projects/jarde/openspec/evidence/raw-receiver-field-selection-2026-10-09/source/ReceiverProbe.java
jdk23/debug/RawParam/original-run	0	/Library/Java/JavaVirtualMachines/openjdk-23.0.1/Contents/Home/bin/java -Xverify:all -cp /var/folders/gm/lzn3ylzx4lz7mx29lftngdz40000gn/T/jarde-raw-receiver-replay-w4ka2z7b/original:/var/folders/gm/lzn3ylzx4lz7mx29lftngdz40000gn/T/jarde-raw-receiver-replay-w4ka2z7b/original-probe ReceiverProbe RawParam
jdk23/debug/RawParam/jarde-RawParam	0	/private/tmp/jarde-generic-calls-candidate-v4-cli class-source --input /Users/lordcasser/workspace/projects/jarde/openspec/evidence/raw-receiver-field-selection-2026-10-09/jdk23/debug/input/RawParam.jar --class RawParam --policy plain-jar --release 8 --format text
jdk23/debug/RawParam/jarde-RawParam-source-header	0	nonempty self-describing source
jdk23/debug/RawParam/jarde-javac	0	/Library/Java/JavaVirtualMachines/openjdk-23.0.1/Contents/Home/bin/javac --release 8 -g -classpath /var/folders/gm/lzn3ylzx4lz7mx29lftngdz40000gn/T/jarde-raw-receiver-replay-w4ka2z7b/empty-classpath -sourcepath /var/folders/gm/lzn3ylzx4lz7mx29lftngdz40000gn/T/jarde-raw-receiver-replay-w4ka2z7b/empty-sourcepath -d /var/folders/gm/lzn3ylzx4lz7mx29lftngdz40000gn/T/jarde-raw-receiver-replay-w4ka2z7b/jarde-classes /Users/lordcasser/workspace/projects/jarde/openspec/changes/recover-same-class-generic-call-consumers/results/candidate/gc09-raw-64-candidate-v4/jdk23/debug/jarde/RawParam.java /Users/lordcasser/workspace/projects/jarde/openspec/evidence/raw-receiver-field-selection-2026-10-09/source/ReceiverProbe.java
jdk23/debug/RawParam/jarde-verify-run	0	/Library/Java/JavaVirtualMachines/openjdk-23.0.1/Contents/Home/bin/java -Xverify:all -cp /var/folders/gm/lzn3ylzx4lz7mx29lftngdz40000gn/T/jarde-raw-receiver-replay-w4ka2z7b/jarde-classes ReceiverProbe RawParam
jdk23/debug/RawParam/jadx	0	/Users/lordcasser/workspace/testzone/jadx/jadx-cli/build/install/jadx/bin/jadx --no-res --single-class RawParam -d /Users/lordcasser/workspace/projects/jarde/openspec/changes/recover-same-class-generic-call-consumers/results/candidate/gc09-raw-64-candidate-v4/jdk23/debug/jadx/RawParam /Users/lordcasser/workspace/projects/jarde/openspec/evidence/raw-receiver-field-selection-2026-10-09/jdk23/debug/input/RawParam.jar
jdk23/debug/RawParam/jadx-source-header	0	nonempty class source
jdk23/debug/RawParam/jadx-javac	0	/Library/Java/JavaVirtualMachines/openjdk-23.0.1/Contents/Home/bin/javac --release 8 -g -classpath /var/folders/gm/lzn3ylzx4lz7mx29lftngdz40000gn/T/jarde-raw-receiver-replay-w4ka2z7b/empty-classpath -sourcepath /var/folders/gm/lzn3ylzx4lz7mx29lftngdz40000gn/T/jarde-raw-receiver-replay-w4ka2z7b/empty-sourcepath -d /var/folders/gm/lzn3ylzx4lz7mx29lftngdz40000gn/T/jarde-raw-receiver-replay-w4ka2z7b/jadx-classes /Users/lordcasser/workspace/projects/jarde/openspec/changes/recover-same-class-generic-call-consumers/results/candidate/gc09-raw-64-candidate-v4/jdk23/debug/jadx/RawParam/sources/defpackage/RawParam.java /Users/lordcasser/workspace/projects/jarde/openspec/evidence/raw-receiver-field-selection-2026-10-09/source/ReceiverProbe.java
jdk23/debug/RawParam/jadx-verify-run	0	/Library/Java/JavaVirtualMachines/openjdk-23.0.1/Contents/Home/bin/java -Xverify:all -cp /var/folders/gm/lzn3ylzx4lz7mx29lftngdz40000gn/T/jarde-raw-receiver-replay-w4ka2z7b/jadx-classes ReceiverProbe defpackage.RawParam
jdk23/no-debug/RawParam/jar-contents	0	/Library/Java/JavaVirtualMachines/openjdk-23.0.1/Contents/Home/bin/jar tf /Users/lordcasser/workspace/projects/jarde/openspec/evidence/raw-receiver-field-selection-2026-10-09/jdk23/no-debug/input/RawParam.jar
jdk23/no-debug/RawParam/original-javac	0	/Library/Java/JavaVirtualMachines/openjdk-23.0.1/Contents/Home/bin/javac --release 8 -g:none -classpath /var/folders/gm/lzn3ylzx4lz7mx29lftngdz40000gn/T/jarde-raw-receiver-replay-89xwiwgk/empty-classpath -sourcepath /var/folders/gm/lzn3ylzx4lz7mx29lftngdz40000gn/T/jarde-raw-receiver-replay-89xwiwgk/empty-sourcepath -d /var/folders/gm/lzn3ylzx4lz7mx29lftngdz40000gn/T/jarde-raw-receiver-replay-89xwiwgk/original /Users/lordcasser/workspace/projects/jarde/openspec/evidence/raw-receiver-field-selection-2026-10-09/source/RawParam.java
jdk23/no-debug/RawParam/javap	0	/Library/Java/JavaVirtualMachines/openjdk-23.0.1/Contents/Home/bin/javap -p -c -s -v -classpath /Users/lordcasser/workspace/projects/jarde/openspec/evidence/raw-receiver-field-selection-2026-10-09/jdk23/no-debug/input/RawParam.jar RawParam
jdk23/no-debug/RawParam/original-probe-javac	0	/Library/Java/JavaVirtualMachines/openjdk-23.0.1/Contents/Home/bin/javac --release 8 -g:none -classpath /var/folders/gm/lzn3ylzx4lz7mx29lftngdz40000gn/T/jarde-raw-receiver-replay-89xwiwgk/empty-classpath -sourcepath /var/folders/gm/lzn3ylzx4lz7mx29lftngdz40000gn/T/jarde-raw-receiver-replay-89xwiwgk/empty-sourcepath -d /var/folders/gm/lzn3ylzx4lz7mx29lftngdz40000gn/T/jarde-raw-receiver-replay-89xwiwgk/original-probe /Users/lordcasser/workspace/projects/jarde/openspec/evidence/raw-receiver-field-selection-2026-10-09/source/ReceiverProbe.java
jdk23/no-debug/RawParam/original-run	0	/Library/Java/JavaVirtualMachines/openjdk-23.0.1/Contents/Home/bin/java -Xverify:all -cp /var/folders/gm/lzn3ylzx4lz7mx29lftngdz40000gn/T/jarde-raw-receiver-replay-89xwiwgk/original:/var/folders/gm/lzn3ylzx4lz7mx29lftngdz40000gn/T/jarde-raw-receiver-replay-89xwiwgk/original-probe ReceiverProbe RawParam
jdk23/no-debug/RawParam/jarde-RawParam	0	/private/tmp/jarde-generic-calls-candidate-v4-cli class-source --input /Users/lordcasser/workspace/projects/jarde/openspec/evidence/raw-receiver-field-selection-2026-10-09/jdk23/no-debug/input/RawParam.jar --class RawParam --policy plain-jar --release 8 --format text
jdk23/no-debug/RawParam/jarde-RawParam-source-header	0	nonempty self-describing source
jdk23/no-debug/RawParam/jarde-javac	0	/Library/Java/JavaVirtualMachines/openjdk-23.0.1/Contents/Home/bin/javac --release 8 -g:none -classpath /var/folders/gm/lzn3ylzx4lz7mx29lftngdz40000gn/T/jarde-raw-receiver-replay-89xwiwgk/empty-classpath -sourcepath /var/folders/gm/lzn3ylzx4lz7mx29lftngdz40000gn/T/jarde-raw-receiver-replay-89xwiwgk/empty-sourcepath -d /var/folders/gm/lzn3ylzx4lz7mx29lftngdz40000gn/T/jarde-raw-receiver-replay-89xwiwgk/jarde-classes /Users/lordcasser/workspace/projects/jarde/openspec/changes/recover-same-class-generic-call-consumers/results/candidate/gc09-raw-64-candidate-v4/jdk23/no-debug/jarde/RawParam.java /Users/lordcasser/workspace/projects/jarde/openspec/evidence/raw-receiver-field-selection-2026-10-09/source/ReceiverProbe.java
jdk23/no-debug/RawParam/jarde-verify-run	0	/Library/Java/JavaVirtualMachines/openjdk-23.0.1/Contents/Home/bin/java -Xverify:all -cp /var/folders/gm/lzn3ylzx4lz7mx29lftngdz40000gn/T/jarde-raw-receiver-replay-89xwiwgk/jarde-classes ReceiverProbe RawParam
jdk23/no-debug/RawParam/jadx	0	/Users/lordcasser/workspace/testzone/jadx/jadx-cli/build/install/jadx/bin/jadx --no-res --single-class RawParam -d /Users/lordcasser/workspace/projects/jarde/openspec/changes/recover-same-class-generic-call-consumers/results/candidate/gc09-raw-64-candidate-v4/jdk23/no-debug/jadx/RawParam /Users/lordcasser/workspace/projects/jarde/openspec/evidence/raw-receiver-field-selection-2026-10-09/jdk23/no-debug/input/RawParam.jar
jdk23/no-debug/RawParam/jadx-source-header	0	nonempty class source
jdk23/no-debug/RawParam/jadx-javac	0	/Library/Java/JavaVirtualMachines/openjdk-23.0.1/Contents/Home/bin/javac --release 8 -g:none -classpath /var/folders/gm/lzn3ylzx4lz7mx29lftngdz40000gn/T/jarde-raw-receiver-replay-89xwiwgk/empty-classpath -sourcepath /var/folders/gm/lzn3ylzx4lz7mx29lftngdz40000gn/T/jarde-raw-receiver-replay-89xwiwgk/empty-sourcepath -d /var/folders/gm/lzn3ylzx4lz7mx29lftngdz40000gn/T/jarde-raw-receiver-replay-89xwiwgk/jadx-classes /Users/lordcasser/workspace/projects/jarde/openspec/changes/recover-same-class-generic-call-consumers/results/candidate/gc09-raw-64-candidate-v4/jdk23/no-debug/jadx/RawParam/sources/defpackage/RawParam.java /Users/lordcasser/workspace/projects/jarde/openspec/evidence/raw-receiver-field-selection-2026-10-09/source/ReceiverProbe.java
jdk23/no-debug/RawParam/jadx-verify-run	0	/Library/Java/JavaVirtualMachines/openjdk-23.0.1/Contents/Home/bin/java -Xverify:all -cp /var/folders/gm/lzn3ylzx4lz7mx29lftngdz40000gn/T/jarde-raw-receiver-replay-89xwiwgk/jadx-classes ReceiverProbe defpackage.RawParam
jdk23/debug/StaticRawLocal/jar-contents	0	/Library/Java/JavaVirtualMachines/openjdk-23.0.1/Contents/Home/bin/jar tf /Users/lordcasser/workspace/projects/jarde/openspec/evidence/raw-receiver-field-selection-2026-10-09/jdk23/debug/input/StaticRawLocal.jar
jdk23/debug/StaticRawLocal/original-javac	0	/Library/Java/JavaVirtualMachines/openjdk-23.0.1/Contents/Home/bin/javac --release 8 -g -classpath /var/folders/gm/lzn3ylzx4lz7mx29lftngdz40000gn/T/jarde-raw-receiver-replay-nwlb738b/empty-classpath -sourcepath /var/folders/gm/lzn3ylzx4lz7mx29lftngdz40000gn/T/jarde-raw-receiver-replay-nwlb738b/empty-sourcepath -d /var/folders/gm/lzn3ylzx4lz7mx29lftngdz40000gn/T/jarde-raw-receiver-replay-nwlb738b/original /Users/lordcasser/workspace/projects/jarde/openspec/evidence/raw-receiver-field-selection-2026-10-09/source/StaticRawLocal.java
jdk23/debug/StaticRawLocal/javap	0	/Library/Java/JavaVirtualMachines/openjdk-23.0.1/Contents/Home/bin/javap -p -c -s -v -classpath /Users/lordcasser/workspace/projects/jarde/openspec/evidence/raw-receiver-field-selection-2026-10-09/jdk23/debug/input/StaticRawLocal.jar StaticRawLocal
jdk23/debug/StaticRawLocal/original-probe-javac	0	/Library/Java/JavaVirtualMachines/openjdk-23.0.1/Contents/Home/bin/javac --release 8 -g -classpath /var/folders/gm/lzn3ylzx4lz7mx29lftngdz40000gn/T/jarde-raw-receiver-replay-nwlb738b/empty-classpath -sourcepath /var/folders/gm/lzn3ylzx4lz7mx29lftngdz40000gn/T/jarde-raw-receiver-replay-nwlb738b/empty-sourcepath -d /var/folders/gm/lzn3ylzx4lz7mx29lftngdz40000gn/T/jarde-raw-receiver-replay-nwlb738b/original-probe /Users/lordcasser/workspace/projects/jarde/openspec/evidence/raw-receiver-field-selection-2026-10-09/source/ReceiverProbe.java
jdk23/debug/StaticRawLocal/original-run	0	/Library/Java/JavaVirtualMachines/openjdk-23.0.1/Contents/Home/bin/java -Xverify:all -cp /var/folders/gm/lzn3ylzx4lz7mx29lftngdz40000gn/T/jarde-raw-receiver-replay-nwlb738b/original:/var/folders/gm/lzn3ylzx4lz7mx29lftngdz40000gn/T/jarde-raw-receiver-replay-nwlb738b/original-probe ReceiverProbe StaticRawLocal
jdk23/debug/StaticRawLocal/jarde-StaticRawLocal	0	/private/tmp/jarde-generic-calls-candidate-v4-cli class-source --input /Users/lordcasser/workspace/projects/jarde/openspec/evidence/raw-receiver-field-selection-2026-10-09/jdk23/debug/input/StaticRawLocal.jar --class StaticRawLocal --policy plain-jar --release 8 --format text
jdk23/debug/StaticRawLocal/jarde-StaticRawLocal-source-header	0	nonempty self-describing source
jdk23/debug/StaticRawLocal/jarde-javac	0	/Library/Java/JavaVirtualMachines/openjdk-23.0.1/Contents/Home/bin/javac --release 8 -g -classpath /var/folders/gm/lzn3ylzx4lz7mx29lftngdz40000gn/T/jarde-raw-receiver-replay-nwlb738b/empty-classpath -sourcepath /var/folders/gm/lzn3ylzx4lz7mx29lftngdz40000gn/T/jarde-raw-receiver-replay-nwlb738b/empty-sourcepath -d /var/folders/gm/lzn3ylzx4lz7mx29lftngdz40000gn/T/jarde-raw-receiver-replay-nwlb738b/jarde-classes /Users/lordcasser/workspace/projects/jarde/openspec/changes/recover-same-class-generic-call-consumers/results/candidate/gc09-raw-64-candidate-v4/jdk23/debug/jarde/StaticRawLocal.java /Users/lordcasser/workspace/projects/jarde/openspec/evidence/raw-receiver-field-selection-2026-10-09/source/ReceiverProbe.java
jdk23/debug/StaticRawLocal/jarde-verify-run	0	/Library/Java/JavaVirtualMachines/openjdk-23.0.1/Contents/Home/bin/java -Xverify:all -cp /var/folders/gm/lzn3ylzx4lz7mx29lftngdz40000gn/T/jarde-raw-receiver-replay-nwlb738b/jarde-classes ReceiverProbe StaticRawLocal
jdk23/debug/StaticRawLocal/jadx	0	/Users/lordcasser/workspace/testzone/jadx/jadx-cli/build/install/jadx/bin/jadx --no-res --single-class StaticRawLocal -d /Users/lordcasser/workspace/projects/jarde/openspec/changes/recover-same-class-generic-call-consumers/results/candidate/gc09-raw-64-candidate-v4/jdk23/debug/jadx/StaticRawLocal /Users/lordcasser/workspace/projects/jarde/openspec/evidence/raw-receiver-field-selection-2026-10-09/jdk23/debug/input/StaticRawLocal.jar
jdk23/debug/StaticRawLocal/jadx-source-header	0	nonempty class source
jdk23/debug/StaticRawLocal/jadx-javac	0	/Library/Java/JavaVirtualMachines/openjdk-23.0.1/Contents/Home/bin/javac --release 8 -g -classpath /var/folders/gm/lzn3ylzx4lz7mx29lftngdz40000gn/T/jarde-raw-receiver-replay-nwlb738b/empty-classpath -sourcepath /var/folders/gm/lzn3ylzx4lz7mx29lftngdz40000gn/T/jarde-raw-receiver-replay-nwlb738b/empty-sourcepath -d /var/folders/gm/lzn3ylzx4lz7mx29lftngdz40000gn/T/jarde-raw-receiver-replay-nwlb738b/jadx-classes /Users/lordcasser/workspace/projects/jarde/openspec/changes/recover-same-class-generic-call-consumers/results/candidate/gc09-raw-64-candidate-v4/jdk23/debug/jadx/StaticRawLocal/sources/defpackage/StaticRawLocal.java /Users/lordcasser/workspace/projects/jarde/openspec/evidence/raw-receiver-field-selection-2026-10-09/source/ReceiverProbe.java
jdk23/debug/StaticRawLocal/jadx-verify-run	0	/Library/Java/JavaVirtualMachines/openjdk-23.0.1/Contents/Home/bin/java -Xverify:all -cp /var/folders/gm/lzn3ylzx4lz7mx29lftngdz40000gn/T/jarde-raw-receiver-replay-nwlb738b/jadx-classes ReceiverProbe defpackage.StaticRawLocal
jdk23/no-debug/StaticRawLocal/jar-contents	0	/Library/Java/JavaVirtualMachines/openjdk-23.0.1/Contents/Home/bin/jar tf /Users/lordcasser/workspace/projects/jarde/openspec/evidence/raw-receiver-field-selection-2026-10-09/jdk23/no-debug/input/StaticRawLocal.jar
jdk23/no-debug/StaticRawLocal/original-javac	0	/Library/Java/JavaVirtualMachines/openjdk-23.0.1/Contents/Home/bin/javac --release 8 -g:none -classpath /var/folders/gm/lzn3ylzx4lz7mx29lftngdz40000gn/T/jarde-raw-receiver-replay-ohx_ouyl/empty-classpath -sourcepath /var/folders/gm/lzn3ylzx4lz7mx29lftngdz40000gn/T/jarde-raw-receiver-replay-ohx_ouyl/empty-sourcepath -d /var/folders/gm/lzn3ylzx4lz7mx29lftngdz40000gn/T/jarde-raw-receiver-replay-ohx_ouyl/original /Users/lordcasser/workspace/projects/jarde/openspec/evidence/raw-receiver-field-selection-2026-10-09/source/StaticRawLocal.java
jdk23/no-debug/StaticRawLocal/javap	0	/Library/Java/JavaVirtualMachines/openjdk-23.0.1/Contents/Home/bin/javap -p -c -s -v -classpath /Users/lordcasser/workspace/projects/jarde/openspec/evidence/raw-receiver-field-selection-2026-10-09/jdk23/no-debug/input/StaticRawLocal.jar StaticRawLocal
jdk23/no-debug/StaticRawLocal/original-probe-javac	0	/Library/Java/JavaVirtualMachines/openjdk-23.0.1/Contents/Home/bin/javac --release 8 -g:none -classpath /var/folders/gm/lzn3ylzx4lz7mx29lftngdz40000gn/T/jarde-raw-receiver-replay-ohx_ouyl/empty-classpath -sourcepath /var/folders/gm/lzn3ylzx4lz7mx29lftngdz40000gn/T/jarde-raw-receiver-replay-ohx_ouyl/empty-sourcepath -d /var/folders/gm/lzn3ylzx4lz7mx29lftngdz40000gn/T/jarde-raw-receiver-replay-ohx_ouyl/original-probe /Users/lordcasser/workspace/projects/jarde/openspec/evidence/raw-receiver-field-selection-2026-10-09/source/ReceiverProbe.java
jdk23/no-debug/StaticRawLocal/original-run	0	/Library/Java/JavaVirtualMachines/openjdk-23.0.1/Contents/Home/bin/java -Xverify:all -cp /var/folders/gm/lzn3ylzx4lz7mx29lftngdz40000gn/T/jarde-raw-receiver-replay-ohx_ouyl/original:/var/folders/gm/lzn3ylzx4lz7mx29lftngdz40000gn/T/jarde-raw-receiver-replay-ohx_ouyl/original-probe ReceiverProbe StaticRawLocal
jdk23/no-debug/StaticRawLocal/jarde-StaticRawLocal	0	/private/tmp/jarde-generic-calls-candidate-v4-cli class-source --input /Users/lordcasser/workspace/projects/jarde/openspec/evidence/raw-receiver-field-selection-2026-10-09/jdk23/no-debug/input/StaticRawLocal.jar --class StaticRawLocal --policy plain-jar --release 8 --format text
jdk23/no-debug/StaticRawLocal/jarde-StaticRawLocal-source-header	0	nonempty self-describing source
jdk23/no-debug/StaticRawLocal/jarde-javac	0	/Library/Java/JavaVirtualMachines/openjdk-23.0.1/Contents/Home/bin/javac --release 8 -g:none -classpath /var/folders/gm/lzn3ylzx4lz7mx29lftngdz40000gn/T/jarde-raw-receiver-replay-ohx_ouyl/empty-classpath -sourcepath /var/folders/gm/lzn3ylzx4lz7mx29lftngdz40000gn/T/jarde-raw-receiver-replay-ohx_ouyl/empty-sourcepath -d /var/folders/gm/lzn3ylzx4lz7mx29lftngdz40000gn/T/jarde-raw-receiver-replay-ohx_ouyl/jarde-classes /Users/lordcasser/workspace/projects/jarde/openspec/changes/recover-same-class-generic-call-consumers/results/candidate/gc09-raw-64-candidate-v4/jdk23/no-debug/jarde/StaticRawLocal.java /Users/lordcasser/workspace/projects/jarde/openspec/evidence/raw-receiver-field-selection-2026-10-09/source/ReceiverProbe.java
jdk23/no-debug/StaticRawLocal/jarde-verify-run	0	/Library/Java/JavaVirtualMachines/openjdk-23.0.1/Contents/Home/bin/java -Xverify:all -cp /var/folders/gm/lzn3ylzx4lz7mx29lftngdz40000gn/T/jarde-raw-receiver-replay-ohx_ouyl/jarde-classes ReceiverProbe StaticRawLocal
jdk23/no-debug/StaticRawLocal/jadx	0	/Users/lordcasser/workspace/testzone/jadx/jadx-cli/build/install/jadx/bin/jadx --no-res --single-class StaticRawLocal -d /Users/lordcasser/workspace/projects/jarde/openspec/changes/recover-same-class-generic-call-consumers/results/candidate/gc09-raw-64-candidate-v4/jdk23/no-debug/jadx/StaticRawLocal /Users/lordcasser/workspace/projects/jarde/openspec/evidence/raw-receiver-field-selection-2026-10-09/jdk23/no-debug/input/StaticRawLocal.jar
jdk23/no-debug/StaticRawLocal/jadx-source-header	0	nonempty class source
jdk23/no-debug/StaticRawLocal/jadx-javac	0	/Library/Java/JavaVirtualMachines/openjdk-23.0.1/Contents/Home/bin/javac --release 8 -g:none -classpath /var/folders/gm/lzn3ylzx4lz7mx29lftngdz40000gn/T/jarde-raw-receiver-replay-ohx_ouyl/empty-classpath -sourcepath /var/folders/gm/lzn3ylzx4lz7mx29lftngdz40000gn/T/jarde-raw-receiver-replay-ohx_ouyl/empty-sourcepath -d /var/folders/gm/lzn3ylzx4lz7mx29lftngdz40000gn/T/jarde-raw-receiver-replay-ohx_ouyl/jadx-classes /Users/lordcasser/workspace/projects/jarde/openspec/changes/recover-same-class-generic-call-consumers/results/candidate/gc09-raw-64-candidate-v4/jdk23/no-debug/jadx/StaticRawLocal/sources/defpackage/StaticRawLocal.java /Users/lordcasser/workspace/projects/jarde/openspec/evidence/raw-receiver-field-selection-2026-10-09/source/ReceiverProbe.java
jdk23/no-debug/StaticRawLocal/jadx-verify-run	0	/Library/Java/JavaVirtualMachines/openjdk-23.0.1/Contents/Home/bin/java -Xverify:all -cp /var/folders/gm/lzn3ylzx4lz7mx29lftngdz40000gn/T/jarde-raw-receiver-replay-ohx_ouyl/jadx-classes ReceiverProbe defpackage.StaticRawLocal
jdk23/debug/InstanceRawLocal/jar-contents	0	/Library/Java/JavaVirtualMachines/openjdk-23.0.1/Contents/Home/bin/jar tf /Users/lordcasser/workspace/projects/jarde/openspec/evidence/raw-receiver-field-selection-2026-10-09/jdk23/debug/input/InstanceRawLocal.jar
jdk23/debug/InstanceRawLocal/original-javac	0	/Library/Java/JavaVirtualMachines/openjdk-23.0.1/Contents/Home/bin/javac --release 8 -g -classpath /var/folders/gm/lzn3ylzx4lz7mx29lftngdz40000gn/T/jarde-raw-receiver-replay-xz0xfbza/empty-classpath -sourcepath /var/folders/gm/lzn3ylzx4lz7mx29lftngdz40000gn/T/jarde-raw-receiver-replay-xz0xfbza/empty-sourcepath -d /var/folders/gm/lzn3ylzx4lz7mx29lftngdz40000gn/T/jarde-raw-receiver-replay-xz0xfbza/original /Users/lordcasser/workspace/projects/jarde/openspec/evidence/raw-receiver-field-selection-2026-10-09/source/InstanceRawLocal.java
jdk23/debug/InstanceRawLocal/javap	0	/Library/Java/JavaVirtualMachines/openjdk-23.0.1/Contents/Home/bin/javap -p -c -s -v -classpath /Users/lordcasser/workspace/projects/jarde/openspec/evidence/raw-receiver-field-selection-2026-10-09/jdk23/debug/input/InstanceRawLocal.jar InstanceRawLocal
jdk23/debug/InstanceRawLocal/original-probe-javac	0	/Library/Java/JavaVirtualMachines/openjdk-23.0.1/Contents/Home/bin/javac --release 8 -g -classpath /var/folders/gm/lzn3ylzx4lz7mx29lftngdz40000gn/T/jarde-raw-receiver-replay-xz0xfbza/empty-classpath -sourcepath /var/folders/gm/lzn3ylzx4lz7mx29lftngdz40000gn/T/jarde-raw-receiver-replay-xz0xfbza/empty-sourcepath -d /var/folders/gm/lzn3ylzx4lz7mx29lftngdz40000gn/T/jarde-raw-receiver-replay-xz0xfbza/original-probe /Users/lordcasser/workspace/projects/jarde/openspec/evidence/raw-receiver-field-selection-2026-10-09/source/ReceiverProbe.java
jdk23/debug/InstanceRawLocal/original-run	0	/Library/Java/JavaVirtualMachines/openjdk-23.0.1/Contents/Home/bin/java -Xverify:all -cp /var/folders/gm/lzn3ylzx4lz7mx29lftngdz40000gn/T/jarde-raw-receiver-replay-xz0xfbza/original:/var/folders/gm/lzn3ylzx4lz7mx29lftngdz40000gn/T/jarde-raw-receiver-replay-xz0xfbza/original-probe ReceiverProbe InstanceRawLocal
jdk23/debug/InstanceRawLocal/jarde-InstanceRawLocal	0	/private/tmp/jarde-generic-calls-candidate-v4-cli class-source --input /Users/lordcasser/workspace/projects/jarde/openspec/evidence/raw-receiver-field-selection-2026-10-09/jdk23/debug/input/InstanceRawLocal.jar --class InstanceRawLocal --policy plain-jar --release 8 --format text
jdk23/debug/InstanceRawLocal/jarde-InstanceRawLocal-source-header	0	nonempty self-describing source
jdk23/debug/InstanceRawLocal/jarde-javac	0	/Library/Java/JavaVirtualMachines/openjdk-23.0.1/Contents/Home/bin/javac --release 8 -g -classpath /var/folders/gm/lzn3ylzx4lz7mx29lftngdz40000gn/T/jarde-raw-receiver-replay-xz0xfbza/empty-classpath -sourcepath /var/folders/gm/lzn3ylzx4lz7mx29lftngdz40000gn/T/jarde-raw-receiver-replay-xz0xfbza/empty-sourcepath -d /var/folders/gm/lzn3ylzx4lz7mx29lftngdz40000gn/T/jarde-raw-receiver-replay-xz0xfbza/jarde-classes /Users/lordcasser/workspace/projects/jarde/openspec/changes/recover-same-class-generic-call-consumers/results/candidate/gc09-raw-64-candidate-v4/jdk23/debug/jarde/InstanceRawLocal.java /Users/lordcasser/workspace/projects/jarde/openspec/evidence/raw-receiver-field-selection-2026-10-09/source/ReceiverProbe.java
jdk23/debug/InstanceRawLocal/jarde-verify-run	0	/Library/Java/JavaVirtualMachines/openjdk-23.0.1/Contents/Home/bin/java -Xverify:all -cp /var/folders/gm/lzn3ylzx4lz7mx29lftngdz40000gn/T/jarde-raw-receiver-replay-xz0xfbza/jarde-classes ReceiverProbe InstanceRawLocal
jdk23/debug/InstanceRawLocal/jadx	0	/Users/lordcasser/workspace/testzone/jadx/jadx-cli/build/install/jadx/bin/jadx --no-res --single-class InstanceRawLocal -d /Users/lordcasser/workspace/projects/jarde/openspec/changes/recover-same-class-generic-call-consumers/results/candidate/gc09-raw-64-candidate-v4/jdk23/debug/jadx/InstanceRawLocal /Users/lordcasser/workspace/projects/jarde/openspec/evidence/raw-receiver-field-selection-2026-10-09/jdk23/debug/input/InstanceRawLocal.jar
jdk23/debug/InstanceRawLocal/jadx-source-header	0	nonempty class source
jdk23/debug/InstanceRawLocal/jadx-javac	1	/Library/Java/JavaVirtualMachines/openjdk-23.0.1/Contents/Home/bin/javac --release 8 -g -classpath /var/folders/gm/lzn3ylzx4lz7mx29lftngdz40000gn/T/jarde-raw-receiver-replay-xz0xfbza/empty-classpath -sourcepath /var/folders/gm/lzn3ylzx4lz7mx29lftngdz40000gn/T/jarde-raw-receiver-replay-xz0xfbza/empty-sourcepath -d /var/folders/gm/lzn3ylzx4lz7mx29lftngdz40000gn/T/jarde-raw-receiver-replay-xz0xfbza/jadx-classes /Users/lordcasser/workspace/projects/jarde/openspec/changes/recover-same-class-generic-call-consumers/results/candidate/gc09-raw-64-candidate-v4/jdk23/debug/jadx/InstanceRawLocal/sources/defpackage/InstanceRawLocal.java /Users/lordcasser/workspace/projects/jarde/openspec/evidence/raw-receiver-field-selection-2026-10-09/source/ReceiverProbe.java
jdk23/no-debug/InstanceRawLocal/jar-contents	0	/Library/Java/JavaVirtualMachines/openjdk-23.0.1/Contents/Home/bin/jar tf /Users/lordcasser/workspace/projects/jarde/openspec/evidence/raw-receiver-field-selection-2026-10-09/jdk23/no-debug/input/InstanceRawLocal.jar
jdk23/no-debug/InstanceRawLocal/original-javac	0	/Library/Java/JavaVirtualMachines/openjdk-23.0.1/Contents/Home/bin/javac --release 8 -g:none -classpath /var/folders/gm/lzn3ylzx4lz7mx29lftngdz40000gn/T/jarde-raw-receiver-replay-w69mmant/empty-classpath -sourcepath /var/folders/gm/lzn3ylzx4lz7mx29lftngdz40000gn/T/jarde-raw-receiver-replay-w69mmant/empty-sourcepath -d /var/folders/gm/lzn3ylzx4lz7mx29lftngdz40000gn/T/jarde-raw-receiver-replay-w69mmant/original /Users/lordcasser/workspace/projects/jarde/openspec/evidence/raw-receiver-field-selection-2026-10-09/source/InstanceRawLocal.java
jdk23/no-debug/InstanceRawLocal/javap	0	/Library/Java/JavaVirtualMachines/openjdk-23.0.1/Contents/Home/bin/javap -p -c -s -v -classpath /Users/lordcasser/workspace/projects/jarde/openspec/evidence/raw-receiver-field-selection-2026-10-09/jdk23/no-debug/input/InstanceRawLocal.jar InstanceRawLocal
jdk23/no-debug/InstanceRawLocal/original-probe-javac	0	/Library/Java/JavaVirtualMachines/openjdk-23.0.1/Contents/Home/bin/javac --release 8 -g:none -classpath /var/folders/gm/lzn3ylzx4lz7mx29lftngdz40000gn/T/jarde-raw-receiver-replay-w69mmant/empty-classpath -sourcepath /var/folders/gm/lzn3ylzx4lz7mx29lftngdz40000gn/T/jarde-raw-receiver-replay-w69mmant/empty-sourcepath -d /var/folders/gm/lzn3ylzx4lz7mx29lftngdz40000gn/T/jarde-raw-receiver-replay-w69mmant/original-probe /Users/lordcasser/workspace/projects/jarde/openspec/evidence/raw-receiver-field-selection-2026-10-09/source/ReceiverProbe.java
jdk23/no-debug/InstanceRawLocal/original-run	0	/Library/Java/JavaVirtualMachines/openjdk-23.0.1/Contents/Home/bin/java -Xverify:all -cp /var/folders/gm/lzn3ylzx4lz7mx29lftngdz40000gn/T/jarde-raw-receiver-replay-w69mmant/original:/var/folders/gm/lzn3ylzx4lz7mx29lftngdz40000gn/T/jarde-raw-receiver-replay-w69mmant/original-probe ReceiverProbe InstanceRawLocal
jdk23/no-debug/InstanceRawLocal/jarde-InstanceRawLocal	0	/private/tmp/jarde-generic-calls-candidate-v4-cli class-source --input /Users/lordcasser/workspace/projects/jarde/openspec/evidence/raw-receiver-field-selection-2026-10-09/jdk23/no-debug/input/InstanceRawLocal.jar --class InstanceRawLocal --policy plain-jar --release 8 --format text
jdk23/no-debug/InstanceRawLocal/jarde-InstanceRawLocal-source-header	0	nonempty self-describing source
jdk23/no-debug/InstanceRawLocal/jarde-javac	0	/Library/Java/JavaVirtualMachines/openjdk-23.0.1/Contents/Home/bin/javac --release 8 -g:none -classpath /var/folders/gm/lzn3ylzx4lz7mx29lftngdz40000gn/T/jarde-raw-receiver-replay-w69mmant/empty-classpath -sourcepath /var/folders/gm/lzn3ylzx4lz7mx29lftngdz40000gn/T/jarde-raw-receiver-replay-w69mmant/empty-sourcepath -d /var/folders/gm/lzn3ylzx4lz7mx29lftngdz40000gn/T/jarde-raw-receiver-replay-w69mmant/jarde-classes /Users/lordcasser/workspace/projects/jarde/openspec/changes/recover-same-class-generic-call-consumers/results/candidate/gc09-raw-64-candidate-v4/jdk23/no-debug/jarde/InstanceRawLocal.java /Users/lordcasser/workspace/projects/jarde/openspec/evidence/raw-receiver-field-selection-2026-10-09/source/ReceiverProbe.java
jdk23/no-debug/InstanceRawLocal/jarde-verify-run	0	/Library/Java/JavaVirtualMachines/openjdk-23.0.1/Contents/Home/bin/java -Xverify:all -cp /var/folders/gm/lzn3ylzx4lz7mx29lftngdz40000gn/T/jarde-raw-receiver-replay-w69mmant/jarde-classes ReceiverProbe InstanceRawLocal
jdk23/no-debug/InstanceRawLocal/jadx	0	/Users/lordcasser/workspace/testzone/jadx/jadx-cli/build/install/jadx/bin/jadx --no-res --single-class InstanceRawLocal -d /Users/lordcasser/workspace/projects/jarde/openspec/changes/recover-same-class-generic-call-consumers/results/candidate/gc09-raw-64-candidate-v4/jdk23/no-debug/jadx/InstanceRawLocal /Users/lordcasser/workspace/projects/jarde/openspec/evidence/raw-receiver-field-selection-2026-10-09/jdk23/no-debug/input/InstanceRawLocal.jar
jdk23/no-debug/InstanceRawLocal/jadx-source-header	0	nonempty class source
jdk23/no-debug/InstanceRawLocal/jadx-javac	1	/Library/Java/JavaVirtualMachines/openjdk-23.0.1/Contents/Home/bin/javac --release 8 -g:none -classpath /var/folders/gm/lzn3ylzx4lz7mx29lftngdz40000gn/T/jarde-raw-receiver-replay-w69mmant/empty-classpath -sourcepath /var/folders/gm/lzn3ylzx4lz7mx29lftngdz40000gn/T/jarde-raw-receiver-replay-w69mmant/empty-sourcepath -d /var/folders/gm/lzn3ylzx4lz7mx29lftngdz40000gn/T/jarde-raw-receiver-replay-w69mmant/jadx-classes /Users/lordcasser/workspace/projects/jarde/openspec/changes/recover-same-class-generic-call-consumers/results/candidate/gc09-raw-64-candidate-v4/jdk23/no-debug/jadx/InstanceRawLocal/sources/defpackage/InstanceRawLocal.java /Users/lordcasser/workspace/projects/jarde/openspec/evidence/raw-receiver-field-selection-2026-10-09/source/ReceiverProbe.java
jdk23/debug/TypedReceiver/jar-contents	0	/Library/Java/JavaVirtualMachines/openjdk-23.0.1/Contents/Home/bin/jar tf /Users/lordcasser/workspace/projects/jarde/openspec/evidence/raw-receiver-field-selection-2026-10-09/jdk23/debug/input/TypedReceiver.jar
jdk23/debug/TypedReceiver/original-javac	0	/Library/Java/JavaVirtualMachines/openjdk-23.0.1/Contents/Home/bin/javac --release 8 -g -classpath /var/folders/gm/lzn3ylzx4lz7mx29lftngdz40000gn/T/jarde-raw-receiver-replay-ftn82cce/empty-classpath -sourcepath /var/folders/gm/lzn3ylzx4lz7mx29lftngdz40000gn/T/jarde-raw-receiver-replay-ftn82cce/empty-sourcepath -d /var/folders/gm/lzn3ylzx4lz7mx29lftngdz40000gn/T/jarde-raw-receiver-replay-ftn82cce/original /Users/lordcasser/workspace/projects/jarde/openspec/evidence/raw-receiver-field-selection-2026-10-09/source/TypedReceiver.java
jdk23/debug/TypedReceiver/javap	0	/Library/Java/JavaVirtualMachines/openjdk-23.0.1/Contents/Home/bin/javap -p -c -s -v -classpath /Users/lordcasser/workspace/projects/jarde/openspec/evidence/raw-receiver-field-selection-2026-10-09/jdk23/debug/input/TypedReceiver.jar TypedReceiver
jdk23/debug/TypedReceiver/original-probe-javac	0	/Library/Java/JavaVirtualMachines/openjdk-23.0.1/Contents/Home/bin/javac --release 8 -g -classpath /var/folders/gm/lzn3ylzx4lz7mx29lftngdz40000gn/T/jarde-raw-receiver-replay-ftn82cce/empty-classpath -sourcepath /var/folders/gm/lzn3ylzx4lz7mx29lftngdz40000gn/T/jarde-raw-receiver-replay-ftn82cce/empty-sourcepath -d /var/folders/gm/lzn3ylzx4lz7mx29lftngdz40000gn/T/jarde-raw-receiver-replay-ftn82cce/original-probe /Users/lordcasser/workspace/projects/jarde/openspec/evidence/raw-receiver-field-selection-2026-10-09/source/ReceiverProbe.java
jdk23/debug/TypedReceiver/original-run	0	/Library/Java/JavaVirtualMachines/openjdk-23.0.1/Contents/Home/bin/java -Xverify:all -cp /var/folders/gm/lzn3ylzx4lz7mx29lftngdz40000gn/T/jarde-raw-receiver-replay-ftn82cce/original:/var/folders/gm/lzn3ylzx4lz7mx29lftngdz40000gn/T/jarde-raw-receiver-replay-ftn82cce/original-probe ReceiverProbe TypedReceiver
jdk23/debug/TypedReceiver/jarde-TypedReceiver	0	/private/tmp/jarde-generic-calls-candidate-v4-cli class-source --input /Users/lordcasser/workspace/projects/jarde/openspec/evidence/raw-receiver-field-selection-2026-10-09/jdk23/debug/input/TypedReceiver.jar --class TypedReceiver --policy plain-jar --release 8 --format text
jdk23/debug/TypedReceiver/jarde-TypedReceiver-source-header	0	nonempty self-describing source
jdk23/debug/TypedReceiver/jarde-javac	0	/Library/Java/JavaVirtualMachines/openjdk-23.0.1/Contents/Home/bin/javac --release 8 -g -classpath /var/folders/gm/lzn3ylzx4lz7mx29lftngdz40000gn/T/jarde-raw-receiver-replay-ftn82cce/empty-classpath -sourcepath /var/folders/gm/lzn3ylzx4lz7mx29lftngdz40000gn/T/jarde-raw-receiver-replay-ftn82cce/empty-sourcepath -d /var/folders/gm/lzn3ylzx4lz7mx29lftngdz40000gn/T/jarde-raw-receiver-replay-ftn82cce/jarde-classes /Users/lordcasser/workspace/projects/jarde/openspec/changes/recover-same-class-generic-call-consumers/results/candidate/gc09-raw-64-candidate-v4/jdk23/debug/jarde/TypedReceiver.java /Users/lordcasser/workspace/projects/jarde/openspec/evidence/raw-receiver-field-selection-2026-10-09/source/ReceiverProbe.java
jdk23/debug/TypedReceiver/jarde-verify-run	0	/Library/Java/JavaVirtualMachines/openjdk-23.0.1/Contents/Home/bin/java -Xverify:all -cp /var/folders/gm/lzn3ylzx4lz7mx29lftngdz40000gn/T/jarde-raw-receiver-replay-ftn82cce/jarde-classes ReceiverProbe TypedReceiver
jdk23/debug/TypedReceiver/jadx	0	/Users/lordcasser/workspace/testzone/jadx/jadx-cli/build/install/jadx/bin/jadx --no-res --single-class TypedReceiver -d /Users/lordcasser/workspace/projects/jarde/openspec/changes/recover-same-class-generic-call-consumers/results/candidate/gc09-raw-64-candidate-v4/jdk23/debug/jadx/TypedReceiver /Users/lordcasser/workspace/projects/jarde/openspec/evidence/raw-receiver-field-selection-2026-10-09/jdk23/debug/input/TypedReceiver.jar
jdk23/debug/TypedReceiver/jadx-source-header	0	nonempty class source
jdk23/debug/TypedReceiver/jadx-javac	0	/Library/Java/JavaVirtualMachines/openjdk-23.0.1/Contents/Home/bin/javac --release 8 -g -classpath /var/folders/gm/lzn3ylzx4lz7mx29lftngdz40000gn/T/jarde-raw-receiver-replay-ftn82cce/empty-classpath -sourcepath /var/folders/gm/lzn3ylzx4lz7mx29lftngdz40000gn/T/jarde-raw-receiver-replay-ftn82cce/empty-sourcepath -d /var/folders/gm/lzn3ylzx4lz7mx29lftngdz40000gn/T/jarde-raw-receiver-replay-ftn82cce/jadx-classes /Users/lordcasser/workspace/projects/jarde/openspec/changes/recover-same-class-generic-call-consumers/results/candidate/gc09-raw-64-candidate-v4/jdk23/debug/jadx/TypedReceiver/sources/defpackage/TypedReceiver.java /Users/lordcasser/workspace/projects/jarde/openspec/evidence/raw-receiver-field-selection-2026-10-09/source/ReceiverProbe.java
jdk23/debug/TypedReceiver/jadx-verify-run	0	/Library/Java/JavaVirtualMachines/openjdk-23.0.1/Contents/Home/bin/java -Xverify:all -cp /var/folders/gm/lzn3ylzx4lz7mx29lftngdz40000gn/T/jarde-raw-receiver-replay-ftn82cce/jadx-classes ReceiverProbe defpackage.TypedReceiver
jdk23/no-debug/TypedReceiver/jar-contents	0	/Library/Java/JavaVirtualMachines/openjdk-23.0.1/Contents/Home/bin/jar tf /Users/lordcasser/workspace/projects/jarde/openspec/evidence/raw-receiver-field-selection-2026-10-09/jdk23/no-debug/input/TypedReceiver.jar
jdk23/no-debug/TypedReceiver/original-javac	0	/Library/Java/JavaVirtualMachines/openjdk-23.0.1/Contents/Home/bin/javac --release 8 -g:none -classpath /var/folders/gm/lzn3ylzx4lz7mx29lftngdz40000gn/T/jarde-raw-receiver-replay-v701_4cw/empty-classpath -sourcepath /var/folders/gm/lzn3ylzx4lz7mx29lftngdz40000gn/T/jarde-raw-receiver-replay-v701_4cw/empty-sourcepath -d /var/folders/gm/lzn3ylzx4lz7mx29lftngdz40000gn/T/jarde-raw-receiver-replay-v701_4cw/original /Users/lordcasser/workspace/projects/jarde/openspec/evidence/raw-receiver-field-selection-2026-10-09/source/TypedReceiver.java
jdk23/no-debug/TypedReceiver/javap	0	/Library/Java/JavaVirtualMachines/openjdk-23.0.1/Contents/Home/bin/javap -p -c -s -v -classpath /Users/lordcasser/workspace/projects/jarde/openspec/evidence/raw-receiver-field-selection-2026-10-09/jdk23/no-debug/input/TypedReceiver.jar TypedReceiver
jdk23/no-debug/TypedReceiver/original-probe-javac	0	/Library/Java/JavaVirtualMachines/openjdk-23.0.1/Contents/Home/bin/javac --release 8 -g:none -classpath /var/folders/gm/lzn3ylzx4lz7mx29lftngdz40000gn/T/jarde-raw-receiver-replay-v701_4cw/empty-classpath -sourcepath /var/folders/gm/lzn3ylzx4lz7mx29lftngdz40000gn/T/jarde-raw-receiver-replay-v701_4cw/empty-sourcepath -d /var/folders/gm/lzn3ylzx4lz7mx29lftngdz40000gn/T/jarde-raw-receiver-replay-v701_4cw/original-probe /Users/lordcasser/workspace/projects/jarde/openspec/evidence/raw-receiver-field-selection-2026-10-09/source/ReceiverProbe.java
jdk23/no-debug/TypedReceiver/original-run	0	/Library/Java/JavaVirtualMachines/openjdk-23.0.1/Contents/Home/bin/java -Xverify:all -cp /var/folders/gm/lzn3ylzx4lz7mx29lftngdz40000gn/T/jarde-raw-receiver-replay-v701_4cw/original:/var/folders/gm/lzn3ylzx4lz7mx29lftngdz40000gn/T/jarde-raw-receiver-replay-v701_4cw/original-probe ReceiverProbe TypedReceiver
jdk23/no-debug/TypedReceiver/jarde-TypedReceiver	0	/private/tmp/jarde-generic-calls-candidate-v4-cli class-source --input /Users/lordcasser/workspace/projects/jarde/openspec/evidence/raw-receiver-field-selection-2026-10-09/jdk23/no-debug/input/TypedReceiver.jar --class TypedReceiver --policy plain-jar --release 8 --format text
jdk23/no-debug/TypedReceiver/jarde-TypedReceiver-source-header	0	nonempty self-describing source
jdk23/no-debug/TypedReceiver/jarde-javac	0	/Library/Java/JavaVirtualMachines/openjdk-23.0.1/Contents/Home/bin/javac --release 8 -g:none -classpath /var/folders/gm/lzn3ylzx4lz7mx29lftngdz40000gn/T/jarde-raw-receiver-replay-v701_4cw/empty-classpath -sourcepath /var/folders/gm/lzn3ylzx4lz7mx29lftngdz40000gn/T/jarde-raw-receiver-replay-v701_4cw/empty-sourcepath -d /var/folders/gm/lzn3ylzx4lz7mx29lftngdz40000gn/T/jarde-raw-receiver-replay-v701_4cw/jarde-classes /Users/lordcasser/workspace/projects/jarde/openspec/changes/recover-same-class-generic-call-consumers/results/candidate/gc09-raw-64-candidate-v4/jdk23/no-debug/jarde/TypedReceiver.java /Users/lordcasser/workspace/projects/jarde/openspec/evidence/raw-receiver-field-selection-2026-10-09/source/ReceiverProbe.java
jdk23/no-debug/TypedReceiver/jarde-verify-run	0	/Library/Java/JavaVirtualMachines/openjdk-23.0.1/Contents/Home/bin/java -Xverify:all -cp /var/folders/gm/lzn3ylzx4lz7mx29lftngdz40000gn/T/jarde-raw-receiver-replay-v701_4cw/jarde-classes ReceiverProbe TypedReceiver
jdk23/no-debug/TypedReceiver/jadx	0	/Users/lordcasser/workspace/testzone/jadx/jadx-cli/build/install/jadx/bin/jadx --no-res --single-class TypedReceiver -d /Users/lordcasser/workspace/projects/jarde/openspec/changes/recover-same-class-generic-call-consumers/results/candidate/gc09-raw-64-candidate-v4/jdk23/no-debug/jadx/TypedReceiver /Users/lordcasser/workspace/projects/jarde/openspec/evidence/raw-receiver-field-selection-2026-10-09/jdk23/no-debug/input/TypedReceiver.jar
jdk23/no-debug/TypedReceiver/jadx-source-header	0	nonempty class source
jdk23/no-debug/TypedReceiver/jadx-javac	0	/Library/Java/JavaVirtualMachines/openjdk-23.0.1/Contents/Home/bin/javac --release 8 -g:none -classpath /var/folders/gm/lzn3ylzx4lz7mx29lftngdz40000gn/T/jarde-raw-receiver-replay-v701_4cw/empty-classpath -sourcepath /var/folders/gm/lzn3ylzx4lz7mx29lftngdz40000gn/T/jarde-raw-receiver-replay-v701_4cw/empty-sourcepath -d /var/folders/gm/lzn3ylzx4lz7mx29lftngdz40000gn/T/jarde-raw-receiver-replay-v701_4cw/jadx-classes /Users/lordcasser/workspace/projects/jarde/openspec/changes/recover-same-class-generic-call-consumers/results/candidate/gc09-raw-64-candidate-v4/jdk23/no-debug/jadx/TypedReceiver/sources/defpackage/TypedReceiver.java /Users/lordcasser/workspace/projects/jarde/openspec/evidence/raw-receiver-field-selection-2026-10-09/source/ReceiverProbe.java
jdk23/no-debug/TypedReceiver/jadx-verify-run	0	/Library/Java/JavaVirtualMachines/openjdk-23.0.1/Contents/Home/bin/java -Xverify:all -cp /var/folders/gm/lzn3ylzx4lz7mx29lftngdz40000gn/T/jarde-raw-receiver-replay-v701_4cw/jadx-classes ReceiverProbe defpackage.TypedReceiver
jdk23/debug/ThisReceiver/jar-contents	0	/Library/Java/JavaVirtualMachines/openjdk-23.0.1/Contents/Home/bin/jar tf /Users/lordcasser/workspace/projects/jarde/openspec/evidence/raw-receiver-field-selection-2026-10-09/jdk23/debug/input/ThisReceiver.jar
jdk23/debug/ThisReceiver/original-javac	0	/Library/Java/JavaVirtualMachines/openjdk-23.0.1/Contents/Home/bin/javac --release 8 -g -classpath /var/folders/gm/lzn3ylzx4lz7mx29lftngdz40000gn/T/jarde-raw-receiver-replay-irnffj92/empty-classpath -sourcepath /var/folders/gm/lzn3ylzx4lz7mx29lftngdz40000gn/T/jarde-raw-receiver-replay-irnffj92/empty-sourcepath -d /var/folders/gm/lzn3ylzx4lz7mx29lftngdz40000gn/T/jarde-raw-receiver-replay-irnffj92/original /Users/lordcasser/workspace/projects/jarde/openspec/evidence/raw-receiver-field-selection-2026-10-09/source/ThisReceiver.java
jdk23/debug/ThisReceiver/javap	0	/Library/Java/JavaVirtualMachines/openjdk-23.0.1/Contents/Home/bin/javap -p -c -s -v -classpath /Users/lordcasser/workspace/projects/jarde/openspec/evidence/raw-receiver-field-selection-2026-10-09/jdk23/debug/input/ThisReceiver.jar ThisReceiver
jdk23/debug/ThisReceiver/original-probe-javac	0	/Library/Java/JavaVirtualMachines/openjdk-23.0.1/Contents/Home/bin/javac --release 8 -g -classpath /var/folders/gm/lzn3ylzx4lz7mx29lftngdz40000gn/T/jarde-raw-receiver-replay-irnffj92/empty-classpath -sourcepath /var/folders/gm/lzn3ylzx4lz7mx29lftngdz40000gn/T/jarde-raw-receiver-replay-irnffj92/empty-sourcepath -d /var/folders/gm/lzn3ylzx4lz7mx29lftngdz40000gn/T/jarde-raw-receiver-replay-irnffj92/original-probe /Users/lordcasser/workspace/projects/jarde/openspec/evidence/raw-receiver-field-selection-2026-10-09/source/ReceiverProbe.java
jdk23/debug/ThisReceiver/original-run	0	/Library/Java/JavaVirtualMachines/openjdk-23.0.1/Contents/Home/bin/java -Xverify:all -cp /var/folders/gm/lzn3ylzx4lz7mx29lftngdz40000gn/T/jarde-raw-receiver-replay-irnffj92/original:/var/folders/gm/lzn3ylzx4lz7mx29lftngdz40000gn/T/jarde-raw-receiver-replay-irnffj92/original-probe ReceiverProbe ThisReceiver
jdk23/debug/ThisReceiver/jarde-ThisReceiver	0	/private/tmp/jarde-generic-calls-candidate-v4-cli class-source --input /Users/lordcasser/workspace/projects/jarde/openspec/evidence/raw-receiver-field-selection-2026-10-09/jdk23/debug/input/ThisReceiver.jar --class ThisReceiver --policy plain-jar --release 8 --format text
jdk23/debug/ThisReceiver/jarde-ThisReceiver-source-header	0	nonempty self-describing source
jdk23/debug/ThisReceiver/jarde-javac	0	/Library/Java/JavaVirtualMachines/openjdk-23.0.1/Contents/Home/bin/javac --release 8 -g -classpath /var/folders/gm/lzn3ylzx4lz7mx29lftngdz40000gn/T/jarde-raw-receiver-replay-irnffj92/empty-classpath -sourcepath /var/folders/gm/lzn3ylzx4lz7mx29lftngdz40000gn/T/jarde-raw-receiver-replay-irnffj92/empty-sourcepath -d /var/folders/gm/lzn3ylzx4lz7mx29lftngdz40000gn/T/jarde-raw-receiver-replay-irnffj92/jarde-classes /Users/lordcasser/workspace/projects/jarde/openspec/changes/recover-same-class-generic-call-consumers/results/candidate/gc09-raw-64-candidate-v4/jdk23/debug/jarde/ThisReceiver.java /Users/lordcasser/workspace/projects/jarde/openspec/evidence/raw-receiver-field-selection-2026-10-09/source/ReceiverProbe.java
jdk23/debug/ThisReceiver/jarde-verify-run	0	/Library/Java/JavaVirtualMachines/openjdk-23.0.1/Contents/Home/bin/java -Xverify:all -cp /var/folders/gm/lzn3ylzx4lz7mx29lftngdz40000gn/T/jarde-raw-receiver-replay-irnffj92/jarde-classes ReceiverProbe ThisReceiver
jdk23/debug/ThisReceiver/jadx	0	/Users/lordcasser/workspace/testzone/jadx/jadx-cli/build/install/jadx/bin/jadx --no-res --single-class ThisReceiver -d /Users/lordcasser/workspace/projects/jarde/openspec/changes/recover-same-class-generic-call-consumers/results/candidate/gc09-raw-64-candidate-v4/jdk23/debug/jadx/ThisReceiver /Users/lordcasser/workspace/projects/jarde/openspec/evidence/raw-receiver-field-selection-2026-10-09/jdk23/debug/input/ThisReceiver.jar
jdk23/debug/ThisReceiver/jadx-source-header	0	nonempty class source
jdk23/debug/ThisReceiver/jadx-javac	0	/Library/Java/JavaVirtualMachines/openjdk-23.0.1/Contents/Home/bin/javac --release 8 -g -classpath /var/folders/gm/lzn3ylzx4lz7mx29lftngdz40000gn/T/jarde-raw-receiver-replay-irnffj92/empty-classpath -sourcepath /var/folders/gm/lzn3ylzx4lz7mx29lftngdz40000gn/T/jarde-raw-receiver-replay-irnffj92/empty-sourcepath -d /var/folders/gm/lzn3ylzx4lz7mx29lftngdz40000gn/T/jarde-raw-receiver-replay-irnffj92/jadx-classes /Users/lordcasser/workspace/projects/jarde/openspec/changes/recover-same-class-generic-call-consumers/results/candidate/gc09-raw-64-candidate-v4/jdk23/debug/jadx/ThisReceiver/sources/defpackage/ThisReceiver.java /Users/lordcasser/workspace/projects/jarde/openspec/evidence/raw-receiver-field-selection-2026-10-09/source/ReceiverProbe.java
jdk23/debug/ThisReceiver/jadx-verify-run	0	/Library/Java/JavaVirtualMachines/openjdk-23.0.1/Contents/Home/bin/java -Xverify:all -cp /var/folders/gm/lzn3ylzx4lz7mx29lftngdz40000gn/T/jarde-raw-receiver-replay-irnffj92/jadx-classes ReceiverProbe defpackage.ThisReceiver
jdk23/no-debug/ThisReceiver/jar-contents	0	/Library/Java/JavaVirtualMachines/openjdk-23.0.1/Contents/Home/bin/jar tf /Users/lordcasser/workspace/projects/jarde/openspec/evidence/raw-receiver-field-selection-2026-10-09/jdk23/no-debug/input/ThisReceiver.jar
jdk23/no-debug/ThisReceiver/original-javac	0	/Library/Java/JavaVirtualMachines/openjdk-23.0.1/Contents/Home/bin/javac --release 8 -g:none -classpath /var/folders/gm/lzn3ylzx4lz7mx29lftngdz40000gn/T/jarde-raw-receiver-replay-rs7tktt4/empty-classpath -sourcepath /var/folders/gm/lzn3ylzx4lz7mx29lftngdz40000gn/T/jarde-raw-receiver-replay-rs7tktt4/empty-sourcepath -d /var/folders/gm/lzn3ylzx4lz7mx29lftngdz40000gn/T/jarde-raw-receiver-replay-rs7tktt4/original /Users/lordcasser/workspace/projects/jarde/openspec/evidence/raw-receiver-field-selection-2026-10-09/source/ThisReceiver.java
jdk23/no-debug/ThisReceiver/javap	0	/Library/Java/JavaVirtualMachines/openjdk-23.0.1/Contents/Home/bin/javap -p -c -s -v -classpath /Users/lordcasser/workspace/projects/jarde/openspec/evidence/raw-receiver-field-selection-2026-10-09/jdk23/no-debug/input/ThisReceiver.jar ThisReceiver
jdk23/no-debug/ThisReceiver/original-probe-javac	0	/Library/Java/JavaVirtualMachines/openjdk-23.0.1/Contents/Home/bin/javac --release 8 -g:none -classpath /var/folders/gm/lzn3ylzx4lz7mx29lftngdz40000gn/T/jarde-raw-receiver-replay-rs7tktt4/empty-classpath -sourcepath /var/folders/gm/lzn3ylzx4lz7mx29lftngdz40000gn/T/jarde-raw-receiver-replay-rs7tktt4/empty-sourcepath -d /var/folders/gm/lzn3ylzx4lz7mx29lftngdz40000gn/T/jarde-raw-receiver-replay-rs7tktt4/original-probe /Users/lordcasser/workspace/projects/jarde/openspec/evidence/raw-receiver-field-selection-2026-10-09/source/ReceiverProbe.java
jdk23/no-debug/ThisReceiver/original-run	0	/Library/Java/JavaVirtualMachines/openjdk-23.0.1/Contents/Home/bin/java -Xverify:all -cp /var/folders/gm/lzn3ylzx4lz7mx29lftngdz40000gn/T/jarde-raw-receiver-replay-rs7tktt4/original:/var/folders/gm/lzn3ylzx4lz7mx29lftngdz40000gn/T/jarde-raw-receiver-replay-rs7tktt4/original-probe ReceiverProbe ThisReceiver
jdk23/no-debug/ThisReceiver/jarde-ThisReceiver	0	/private/tmp/jarde-generic-calls-candidate-v4-cli class-source --input /Users/lordcasser/workspace/projects/jarde/openspec/evidence/raw-receiver-field-selection-2026-10-09/jdk23/no-debug/input/ThisReceiver.jar --class ThisReceiver --policy plain-jar --release 8 --format text
jdk23/no-debug/ThisReceiver/jarde-ThisReceiver-source-header	0	nonempty self-describing source
jdk23/no-debug/ThisReceiver/jarde-javac	0	/Library/Java/JavaVirtualMachines/openjdk-23.0.1/Contents/Home/bin/javac --release 8 -g:none -classpath /var/folders/gm/lzn3ylzx4lz7mx29lftngdz40000gn/T/jarde-raw-receiver-replay-rs7tktt4/empty-classpath -sourcepath /var/folders/gm/lzn3ylzx4lz7mx29lftngdz40000gn/T/jarde-raw-receiver-replay-rs7tktt4/empty-sourcepath -d /var/folders/gm/lzn3ylzx4lz7mx29lftngdz40000gn/T/jarde-raw-receiver-replay-rs7tktt4/jarde-classes /Users/lordcasser/workspace/projects/jarde/openspec/changes/recover-same-class-generic-call-consumers/results/candidate/gc09-raw-64-candidate-v4/jdk23/no-debug/jarde/ThisReceiver.java /Users/lordcasser/workspace/projects/jarde/openspec/evidence/raw-receiver-field-selection-2026-10-09/source/ReceiverProbe.java
jdk23/no-debug/ThisReceiver/jarde-verify-run	0	/Library/Java/JavaVirtualMachines/openjdk-23.0.1/Contents/Home/bin/java -Xverify:all -cp /var/folders/gm/lzn3ylzx4lz7mx29lftngdz40000gn/T/jarde-raw-receiver-replay-rs7tktt4/jarde-classes ReceiverProbe ThisReceiver
jdk23/no-debug/ThisReceiver/jadx	0	/Users/lordcasser/workspace/testzone/jadx/jadx-cli/build/install/jadx/bin/jadx --no-res --single-class ThisReceiver -d /Users/lordcasser/workspace/projects/jarde/openspec/changes/recover-same-class-generic-call-consumers/results/candidate/gc09-raw-64-candidate-v4/jdk23/no-debug/jadx/ThisReceiver /Users/lordcasser/workspace/projects/jarde/openspec/evidence/raw-receiver-field-selection-2026-10-09/jdk23/no-debug/input/ThisReceiver.jar
jdk23/no-debug/ThisReceiver/jadx-source-header	0	nonempty class source
jdk23/no-debug/ThisReceiver/jadx-javac	0	/Library/Java/JavaVirtualMachines/openjdk-23.0.1/Contents/Home/bin/javac --release 8 -g:none -classpath /var/folders/gm/lzn3ylzx4lz7mx29lftngdz40000gn/T/jarde-raw-receiver-replay-rs7tktt4/empty-classpath -sourcepath /var/folders/gm/lzn3ylzx4lz7mx29lftngdz40000gn/T/jarde-raw-receiver-replay-rs7tktt4/empty-sourcepath -d /var/folders/gm/lzn3ylzx4lz7mx29lftngdz40000gn/T/jarde-raw-receiver-replay-rs7tktt4/jadx-classes /Users/lordcasser/workspace/projects/jarde/openspec/changes/recover-same-class-generic-call-consumers/results/candidate/gc09-raw-64-candidate-v4/jdk23/no-debug/jadx/ThisReceiver/sources/defpackage/ThisReceiver.java /Users/lordcasser/workspace/projects/jarde/openspec/evidence/raw-receiver-field-selection-2026-10-09/source/ReceiverProbe.java
jdk23/no-debug/ThisReceiver/jadx-verify-run	0	/Library/Java/JavaVirtualMachines/openjdk-23.0.1/Contents/Home/bin/java -Xverify:all -cp /var/folders/gm/lzn3ylzx4lz7mx29lftngdz40000gn/T/jarde-raw-receiver-replay-rs7tktt4/jadx-classes ReceiverProbe defpackage.ThisReceiver
jdk23/debug/ShadowMethodT/jar-contents	0	/Library/Java/JavaVirtualMachines/openjdk-23.0.1/Contents/Home/bin/jar tf /Users/lordcasser/workspace/projects/jarde/openspec/evidence/raw-receiver-field-selection-2026-10-09/jdk23/debug/input/ShadowMethodT.jar
jdk23/debug/ShadowMethodT/original-javac	0	/Library/Java/JavaVirtualMachines/openjdk-23.0.1/Contents/Home/bin/javac --release 8 -g -classpath /var/folders/gm/lzn3ylzx4lz7mx29lftngdz40000gn/T/jarde-raw-receiver-replay-j0z79lo4/empty-classpath -sourcepath /var/folders/gm/lzn3ylzx4lz7mx29lftngdz40000gn/T/jarde-raw-receiver-replay-j0z79lo4/empty-sourcepath -d /var/folders/gm/lzn3ylzx4lz7mx29lftngdz40000gn/T/jarde-raw-receiver-replay-j0z79lo4/original /Users/lordcasser/workspace/projects/jarde/openspec/evidence/raw-receiver-field-selection-2026-10-09/source/ShadowMethodT.java
jdk23/debug/ShadowMethodT/javap	0	/Library/Java/JavaVirtualMachines/openjdk-23.0.1/Contents/Home/bin/javap -p -c -s -v -classpath /Users/lordcasser/workspace/projects/jarde/openspec/evidence/raw-receiver-field-selection-2026-10-09/jdk23/debug/input/ShadowMethodT.jar ShadowMethodT
jdk23/debug/ShadowMethodT/original-probe-javac	0	/Library/Java/JavaVirtualMachines/openjdk-23.0.1/Contents/Home/bin/javac --release 8 -g -classpath /var/folders/gm/lzn3ylzx4lz7mx29lftngdz40000gn/T/jarde-raw-receiver-replay-j0z79lo4/empty-classpath -sourcepath /var/folders/gm/lzn3ylzx4lz7mx29lftngdz40000gn/T/jarde-raw-receiver-replay-j0z79lo4/empty-sourcepath -d /var/folders/gm/lzn3ylzx4lz7mx29lftngdz40000gn/T/jarde-raw-receiver-replay-j0z79lo4/original-probe /Users/lordcasser/workspace/projects/jarde/openspec/evidence/raw-receiver-field-selection-2026-10-09/source/ReceiverProbe.java
jdk23/debug/ShadowMethodT/original-run	0	/Library/Java/JavaVirtualMachines/openjdk-23.0.1/Contents/Home/bin/java -Xverify:all -cp /var/folders/gm/lzn3ylzx4lz7mx29lftngdz40000gn/T/jarde-raw-receiver-replay-j0z79lo4/original:/var/folders/gm/lzn3ylzx4lz7mx29lftngdz40000gn/T/jarde-raw-receiver-replay-j0z79lo4/original-probe ReceiverProbe ShadowMethodT
jdk23/debug/ShadowMethodT/jarde-ShadowMethodT	0	/private/tmp/jarde-generic-calls-candidate-v4-cli class-source --input /Users/lordcasser/workspace/projects/jarde/openspec/evidence/raw-receiver-field-selection-2026-10-09/jdk23/debug/input/ShadowMethodT.jar --class ShadowMethodT --policy plain-jar --release 8 --format text
jdk23/debug/ShadowMethodT/jarde-ShadowMethodT-source-header	0	nonempty self-describing source
jdk23/debug/ShadowMethodT/jarde-javac	0	/Library/Java/JavaVirtualMachines/openjdk-23.0.1/Contents/Home/bin/javac --release 8 -g -classpath /var/folders/gm/lzn3ylzx4lz7mx29lftngdz40000gn/T/jarde-raw-receiver-replay-j0z79lo4/empty-classpath -sourcepath /var/folders/gm/lzn3ylzx4lz7mx29lftngdz40000gn/T/jarde-raw-receiver-replay-j0z79lo4/empty-sourcepath -d /var/folders/gm/lzn3ylzx4lz7mx29lftngdz40000gn/T/jarde-raw-receiver-replay-j0z79lo4/jarde-classes /Users/lordcasser/workspace/projects/jarde/openspec/changes/recover-same-class-generic-call-consumers/results/candidate/gc09-raw-64-candidate-v4/jdk23/debug/jarde/ShadowMethodT.java /Users/lordcasser/workspace/projects/jarde/openspec/evidence/raw-receiver-field-selection-2026-10-09/source/ReceiverProbe.java
jdk23/debug/ShadowMethodT/jarde-verify-run	0	/Library/Java/JavaVirtualMachines/openjdk-23.0.1/Contents/Home/bin/java -Xverify:all -cp /var/folders/gm/lzn3ylzx4lz7mx29lftngdz40000gn/T/jarde-raw-receiver-replay-j0z79lo4/jarde-classes ReceiverProbe ShadowMethodT
jdk23/debug/ShadowMethodT/jadx	0	/Users/lordcasser/workspace/testzone/jadx/jadx-cli/build/install/jadx/bin/jadx --no-res --single-class ShadowMethodT -d /Users/lordcasser/workspace/projects/jarde/openspec/changes/recover-same-class-generic-call-consumers/results/candidate/gc09-raw-64-candidate-v4/jdk23/debug/jadx/ShadowMethodT /Users/lordcasser/workspace/projects/jarde/openspec/evidence/raw-receiver-field-selection-2026-10-09/jdk23/debug/input/ShadowMethodT.jar
jdk23/debug/ShadowMethodT/jadx-source-header	0	nonempty class source
jdk23/debug/ShadowMethodT/jadx-javac	0	/Library/Java/JavaVirtualMachines/openjdk-23.0.1/Contents/Home/bin/javac --release 8 -g -classpath /var/folders/gm/lzn3ylzx4lz7mx29lftngdz40000gn/T/jarde-raw-receiver-replay-j0z79lo4/empty-classpath -sourcepath /var/folders/gm/lzn3ylzx4lz7mx29lftngdz40000gn/T/jarde-raw-receiver-replay-j0z79lo4/empty-sourcepath -d /var/folders/gm/lzn3ylzx4lz7mx29lftngdz40000gn/T/jarde-raw-receiver-replay-j0z79lo4/jadx-classes /Users/lordcasser/workspace/projects/jarde/openspec/changes/recover-same-class-generic-call-consumers/results/candidate/gc09-raw-64-candidate-v4/jdk23/debug/jadx/ShadowMethodT/sources/defpackage/ShadowMethodT.java /Users/lordcasser/workspace/projects/jarde/openspec/evidence/raw-receiver-field-selection-2026-10-09/source/ReceiverProbe.java
jdk23/debug/ShadowMethodT/jadx-verify-run	0	/Library/Java/JavaVirtualMachines/openjdk-23.0.1/Contents/Home/bin/java -Xverify:all -cp /var/folders/gm/lzn3ylzx4lz7mx29lftngdz40000gn/T/jarde-raw-receiver-replay-j0z79lo4/jadx-classes ReceiverProbe defpackage.ShadowMethodT
jdk23/no-debug/ShadowMethodT/jar-contents	0	/Library/Java/JavaVirtualMachines/openjdk-23.0.1/Contents/Home/bin/jar tf /Users/lordcasser/workspace/projects/jarde/openspec/evidence/raw-receiver-field-selection-2026-10-09/jdk23/no-debug/input/ShadowMethodT.jar
jdk23/no-debug/ShadowMethodT/original-javac	0	/Library/Java/JavaVirtualMachines/openjdk-23.0.1/Contents/Home/bin/javac --release 8 -g:none -classpath /var/folders/gm/lzn3ylzx4lz7mx29lftngdz40000gn/T/jarde-raw-receiver-replay-fd73me6d/empty-classpath -sourcepath /var/folders/gm/lzn3ylzx4lz7mx29lftngdz40000gn/T/jarde-raw-receiver-replay-fd73me6d/empty-sourcepath -d /var/folders/gm/lzn3ylzx4lz7mx29lftngdz40000gn/T/jarde-raw-receiver-replay-fd73me6d/original /Users/lordcasser/workspace/projects/jarde/openspec/evidence/raw-receiver-field-selection-2026-10-09/source/ShadowMethodT.java
jdk23/no-debug/ShadowMethodT/javap	0	/Library/Java/JavaVirtualMachines/openjdk-23.0.1/Contents/Home/bin/javap -p -c -s -v -classpath /Users/lordcasser/workspace/projects/jarde/openspec/evidence/raw-receiver-field-selection-2026-10-09/jdk23/no-debug/input/ShadowMethodT.jar ShadowMethodT
jdk23/no-debug/ShadowMethodT/original-probe-javac	0	/Library/Java/JavaVirtualMachines/openjdk-23.0.1/Contents/Home/bin/javac --release 8 -g:none -classpath /var/folders/gm/lzn3ylzx4lz7mx29lftngdz40000gn/T/jarde-raw-receiver-replay-fd73me6d/empty-classpath -sourcepath /var/folders/gm/lzn3ylzx4lz7mx29lftngdz40000gn/T/jarde-raw-receiver-replay-fd73me6d/empty-sourcepath -d /var/folders/gm/lzn3ylzx4lz7mx29lftngdz40000gn/T/jarde-raw-receiver-replay-fd73me6d/original-probe /Users/lordcasser/workspace/projects/jarde/openspec/evidence/raw-receiver-field-selection-2026-10-09/source/ReceiverProbe.java
jdk23/no-debug/ShadowMethodT/original-run	0	/Library/Java/JavaVirtualMachines/openjdk-23.0.1/Contents/Home/bin/java -Xverify:all -cp /var/folders/gm/lzn3ylzx4lz7mx29lftngdz40000gn/T/jarde-raw-receiver-replay-fd73me6d/original:/var/folders/gm/lzn3ylzx4lz7mx29lftngdz40000gn/T/jarde-raw-receiver-replay-fd73me6d/original-probe ReceiverProbe ShadowMethodT
jdk23/no-debug/ShadowMethodT/jarde-ShadowMethodT	0	/private/tmp/jarde-generic-calls-candidate-v4-cli class-source --input /Users/lordcasser/workspace/projects/jarde/openspec/evidence/raw-receiver-field-selection-2026-10-09/jdk23/no-debug/input/ShadowMethodT.jar --class ShadowMethodT --policy plain-jar --release 8 --format text
jdk23/no-debug/ShadowMethodT/jarde-ShadowMethodT-source-header	0	nonempty self-describing source
jdk23/no-debug/ShadowMethodT/jarde-javac	0	/Library/Java/JavaVirtualMachines/openjdk-23.0.1/Contents/Home/bin/javac --release 8 -g:none -classpath /var/folders/gm/lzn3ylzx4lz7mx29lftngdz40000gn/T/jarde-raw-receiver-replay-fd73me6d/empty-classpath -sourcepath /var/folders/gm/lzn3ylzx4lz7mx29lftngdz40000gn/T/jarde-raw-receiver-replay-fd73me6d/empty-sourcepath -d /var/folders/gm/lzn3ylzx4lz7mx29lftngdz40000gn/T/jarde-raw-receiver-replay-fd73me6d/jarde-classes /Users/lordcasser/workspace/projects/jarde/openspec/changes/recover-same-class-generic-call-consumers/results/candidate/gc09-raw-64-candidate-v4/jdk23/no-debug/jarde/ShadowMethodT.java /Users/lordcasser/workspace/projects/jarde/openspec/evidence/raw-receiver-field-selection-2026-10-09/source/ReceiverProbe.java
jdk23/no-debug/ShadowMethodT/jarde-verify-run	0	/Library/Java/JavaVirtualMachines/openjdk-23.0.1/Contents/Home/bin/java -Xverify:all -cp /var/folders/gm/lzn3ylzx4lz7mx29lftngdz40000gn/T/jarde-raw-receiver-replay-fd73me6d/jarde-classes ReceiverProbe ShadowMethodT
jdk23/no-debug/ShadowMethodT/jadx	0	/Users/lordcasser/workspace/testzone/jadx/jadx-cli/build/install/jadx/bin/jadx --no-res --single-class ShadowMethodT -d /Users/lordcasser/workspace/projects/jarde/openspec/changes/recover-same-class-generic-call-consumers/results/candidate/gc09-raw-64-candidate-v4/jdk23/no-debug/jadx/ShadowMethodT /Users/lordcasser/workspace/projects/jarde/openspec/evidence/raw-receiver-field-selection-2026-10-09/jdk23/no-debug/input/ShadowMethodT.jar
jdk23/no-debug/ShadowMethodT/jadx-source-header	0	nonempty class source
jdk23/no-debug/ShadowMethodT/jadx-javac	0	/Library/Java/JavaVirtualMachines/openjdk-23.0.1/Contents/Home/bin/javac --release 8 -g:none -classpath /var/folders/gm/lzn3ylzx4lz7mx29lftngdz40000gn/T/jarde-raw-receiver-replay-fd73me6d/empty-classpath -sourcepath /var/folders/gm/lzn3ylzx4lz7mx29lftngdz40000gn/T/jarde-raw-receiver-replay-fd73me6d/empty-sourcepath -d /var/folders/gm/lzn3ylzx4lz7mx29lftngdz40000gn/T/jarde-raw-receiver-replay-fd73me6d/jadx-classes /Users/lordcasser/workspace/projects/jarde/openspec/changes/recover-same-class-generic-call-consumers/results/candidate/gc09-raw-64-candidate-v4/jdk23/no-debug/jadx/ShadowMethodT/sources/defpackage/ShadowMethodT.java /Users/lordcasser/workspace/projects/jarde/openspec/evidence/raw-receiver-field-selection-2026-10-09/source/ReceiverProbe.java
jdk23/no-debug/ShadowMethodT/jadx-verify-run	0	/Library/Java/JavaVirtualMachines/openjdk-23.0.1/Contents/Home/bin/java -Xverify:all -cp /var/folders/gm/lzn3ylzx4lz7mx29lftngdz40000gn/T/jarde-raw-receiver-replay-fd73me6d/jadx-classes ReceiverProbe defpackage.ShadowMethodT
jdk23/debug/DirectInstanceRawParam/jar-contents	0	/Library/Java/JavaVirtualMachines/openjdk-23.0.1/Contents/Home/bin/jar tf /Users/lordcasser/workspace/projects/jarde/openspec/evidence/raw-receiver-field-selection-2026-10-09/jdk23/debug/input/DirectInstanceRawParam.jar
jdk23/debug/DirectInstanceRawParam/original-javac	0	/Library/Java/JavaVirtualMachines/openjdk-23.0.1/Contents/Home/bin/javac --release 8 -g -classpath /var/folders/gm/lzn3ylzx4lz7mx29lftngdz40000gn/T/jarde-raw-receiver-replay-r67uttrp/empty-classpath -sourcepath /var/folders/gm/lzn3ylzx4lz7mx29lftngdz40000gn/T/jarde-raw-receiver-replay-r67uttrp/empty-sourcepath -d /var/folders/gm/lzn3ylzx4lz7mx29lftngdz40000gn/T/jarde-raw-receiver-replay-r67uttrp/original /Users/lordcasser/workspace/projects/jarde/openspec/evidence/raw-receiver-field-selection-2026-10-09/source/DirectInstanceRawParam.java
jdk23/debug/DirectInstanceRawParam/javap	0	/Library/Java/JavaVirtualMachines/openjdk-23.0.1/Contents/Home/bin/javap -p -c -s -v -classpath /Users/lordcasser/workspace/projects/jarde/openspec/evidence/raw-receiver-field-selection-2026-10-09/jdk23/debug/input/DirectInstanceRawParam.jar DirectInstanceRawParam
jdk23/debug/DirectInstanceRawParam/original-probe-javac	0	/Library/Java/JavaVirtualMachines/openjdk-23.0.1/Contents/Home/bin/javac --release 8 -g -classpath /var/folders/gm/lzn3ylzx4lz7mx29lftngdz40000gn/T/jarde-raw-receiver-replay-r67uttrp/empty-classpath -sourcepath /var/folders/gm/lzn3ylzx4lz7mx29lftngdz40000gn/T/jarde-raw-receiver-replay-r67uttrp/empty-sourcepath -d /var/folders/gm/lzn3ylzx4lz7mx29lftngdz40000gn/T/jarde-raw-receiver-replay-r67uttrp/original-probe /Users/lordcasser/workspace/projects/jarde/openspec/evidence/raw-receiver-field-selection-2026-10-09/source/ReceiverProbe.java
jdk23/debug/DirectInstanceRawParam/original-run	0	/Library/Java/JavaVirtualMachines/openjdk-23.0.1/Contents/Home/bin/java -Xverify:all -cp /var/folders/gm/lzn3ylzx4lz7mx29lftngdz40000gn/T/jarde-raw-receiver-replay-r67uttrp/original:/var/folders/gm/lzn3ylzx4lz7mx29lftngdz40000gn/T/jarde-raw-receiver-replay-r67uttrp/original-probe ReceiverProbe DirectInstanceRawParam
jdk23/debug/DirectInstanceRawParam/jarde-DirectInstanceRawParam	0	/private/tmp/jarde-generic-calls-candidate-v4-cli class-source --input /Users/lordcasser/workspace/projects/jarde/openspec/evidence/raw-receiver-field-selection-2026-10-09/jdk23/debug/input/DirectInstanceRawParam.jar --class DirectInstanceRawParam --policy plain-jar --release 8 --format text
jdk23/debug/DirectInstanceRawParam/jarde-DirectInstanceRawParam-source-header	0	nonempty self-describing source
jdk23/debug/DirectInstanceRawParam/jarde-javac	0	/Library/Java/JavaVirtualMachines/openjdk-23.0.1/Contents/Home/bin/javac --release 8 -g -classpath /var/folders/gm/lzn3ylzx4lz7mx29lftngdz40000gn/T/jarde-raw-receiver-replay-r67uttrp/empty-classpath -sourcepath /var/folders/gm/lzn3ylzx4lz7mx29lftngdz40000gn/T/jarde-raw-receiver-replay-r67uttrp/empty-sourcepath -d /var/folders/gm/lzn3ylzx4lz7mx29lftngdz40000gn/T/jarde-raw-receiver-replay-r67uttrp/jarde-classes /Users/lordcasser/workspace/projects/jarde/openspec/changes/recover-same-class-generic-call-consumers/results/candidate/gc09-raw-64-candidate-v4/jdk23/debug/jarde/DirectInstanceRawParam.java /Users/lordcasser/workspace/projects/jarde/openspec/evidence/raw-receiver-field-selection-2026-10-09/source/ReceiverProbe.java
jdk23/debug/DirectInstanceRawParam/jarde-verify-run	0	/Library/Java/JavaVirtualMachines/openjdk-23.0.1/Contents/Home/bin/java -Xverify:all -cp /var/folders/gm/lzn3ylzx4lz7mx29lftngdz40000gn/T/jarde-raw-receiver-replay-r67uttrp/jarde-classes ReceiverProbe DirectInstanceRawParam
jdk23/debug/DirectInstanceRawParam/jadx	0	/Users/lordcasser/workspace/testzone/jadx/jadx-cli/build/install/jadx/bin/jadx --no-res --single-class DirectInstanceRawParam -d /Users/lordcasser/workspace/projects/jarde/openspec/changes/recover-same-class-generic-call-consumers/results/candidate/gc09-raw-64-candidate-v4/jdk23/debug/jadx/DirectInstanceRawParam /Users/lordcasser/workspace/projects/jarde/openspec/evidence/raw-receiver-field-selection-2026-10-09/jdk23/debug/input/DirectInstanceRawParam.jar
jdk23/debug/DirectInstanceRawParam/jadx-source-header	0	nonempty class source
jdk23/debug/DirectInstanceRawParam/jadx-javac	0	/Library/Java/JavaVirtualMachines/openjdk-23.0.1/Contents/Home/bin/javac --release 8 -g -classpath /var/folders/gm/lzn3ylzx4lz7mx29lftngdz40000gn/T/jarde-raw-receiver-replay-r67uttrp/empty-classpath -sourcepath /var/folders/gm/lzn3ylzx4lz7mx29lftngdz40000gn/T/jarde-raw-receiver-replay-r67uttrp/empty-sourcepath -d /var/folders/gm/lzn3ylzx4lz7mx29lftngdz40000gn/T/jarde-raw-receiver-replay-r67uttrp/jadx-classes /Users/lordcasser/workspace/projects/jarde/openspec/changes/recover-same-class-generic-call-consumers/results/candidate/gc09-raw-64-candidate-v4/jdk23/debug/jadx/DirectInstanceRawParam/sources/defpackage/DirectInstanceRawParam.java /Users/lordcasser/workspace/projects/jarde/openspec/evidence/raw-receiver-field-selection-2026-10-09/source/ReceiverProbe.java
jdk23/debug/DirectInstanceRawParam/jadx-verify-run	0	/Library/Java/JavaVirtualMachines/openjdk-23.0.1/Contents/Home/bin/java -Xverify:all -cp /var/folders/gm/lzn3ylzx4lz7mx29lftngdz40000gn/T/jarde-raw-receiver-replay-r67uttrp/jadx-classes ReceiverProbe defpackage.DirectInstanceRawParam
jdk23/no-debug/DirectInstanceRawParam/jar-contents	0	/Library/Java/JavaVirtualMachines/openjdk-23.0.1/Contents/Home/bin/jar tf /Users/lordcasser/workspace/projects/jarde/openspec/evidence/raw-receiver-field-selection-2026-10-09/jdk23/no-debug/input/DirectInstanceRawParam.jar
jdk23/no-debug/DirectInstanceRawParam/original-javac	0	/Library/Java/JavaVirtualMachines/openjdk-23.0.1/Contents/Home/bin/javac --release 8 -g:none -classpath /var/folders/gm/lzn3ylzx4lz7mx29lftngdz40000gn/T/jarde-raw-receiver-replay-x5x1xb4z/empty-classpath -sourcepath /var/folders/gm/lzn3ylzx4lz7mx29lftngdz40000gn/T/jarde-raw-receiver-replay-x5x1xb4z/empty-sourcepath -d /var/folders/gm/lzn3ylzx4lz7mx29lftngdz40000gn/T/jarde-raw-receiver-replay-x5x1xb4z/original /Users/lordcasser/workspace/projects/jarde/openspec/evidence/raw-receiver-field-selection-2026-10-09/source/DirectInstanceRawParam.java
jdk23/no-debug/DirectInstanceRawParam/javap	0	/Library/Java/JavaVirtualMachines/openjdk-23.0.1/Contents/Home/bin/javap -p -c -s -v -classpath /Users/lordcasser/workspace/projects/jarde/openspec/evidence/raw-receiver-field-selection-2026-10-09/jdk23/no-debug/input/DirectInstanceRawParam.jar DirectInstanceRawParam
jdk23/no-debug/DirectInstanceRawParam/original-probe-javac	0	/Library/Java/JavaVirtualMachines/openjdk-23.0.1/Contents/Home/bin/javac --release 8 -g:none -classpath /var/folders/gm/lzn3ylzx4lz7mx29lftngdz40000gn/T/jarde-raw-receiver-replay-x5x1xb4z/empty-classpath -sourcepath /var/folders/gm/lzn3ylzx4lz7mx29lftngdz40000gn/T/jarde-raw-receiver-replay-x5x1xb4z/empty-sourcepath -d /var/folders/gm/lzn3ylzx4lz7mx29lftngdz40000gn/T/jarde-raw-receiver-replay-x5x1xb4z/original-probe /Users/lordcasser/workspace/projects/jarde/openspec/evidence/raw-receiver-field-selection-2026-10-09/source/ReceiverProbe.java
jdk23/no-debug/DirectInstanceRawParam/original-run	0	/Library/Java/JavaVirtualMachines/openjdk-23.0.1/Contents/Home/bin/java -Xverify:all -cp /var/folders/gm/lzn3ylzx4lz7mx29lftngdz40000gn/T/jarde-raw-receiver-replay-x5x1xb4z/original:/var/folders/gm/lzn3ylzx4lz7mx29lftngdz40000gn/T/jarde-raw-receiver-replay-x5x1xb4z/original-probe ReceiverProbe DirectInstanceRawParam
jdk23/no-debug/DirectInstanceRawParam/jarde-DirectInstanceRawParam	0	/private/tmp/jarde-generic-calls-candidate-v4-cli class-source --input /Users/lordcasser/workspace/projects/jarde/openspec/evidence/raw-receiver-field-selection-2026-10-09/jdk23/no-debug/input/DirectInstanceRawParam.jar --class DirectInstanceRawParam --policy plain-jar --release 8 --format text
jdk23/no-debug/DirectInstanceRawParam/jarde-DirectInstanceRawParam-source-header	0	nonempty self-describing source
jdk23/no-debug/DirectInstanceRawParam/jarde-javac	0	/Library/Java/JavaVirtualMachines/openjdk-23.0.1/Contents/Home/bin/javac --release 8 -g:none -classpath /var/folders/gm/lzn3ylzx4lz7mx29lftngdz40000gn/T/jarde-raw-receiver-replay-x5x1xb4z/empty-classpath -sourcepath /var/folders/gm/lzn3ylzx4lz7mx29lftngdz40000gn/T/jarde-raw-receiver-replay-x5x1xb4z/empty-sourcepath -d /var/folders/gm/lzn3ylzx4lz7mx29lftngdz40000gn/T/jarde-raw-receiver-replay-x5x1xb4z/jarde-classes /Users/lordcasser/workspace/projects/jarde/openspec/changes/recover-same-class-generic-call-consumers/results/candidate/gc09-raw-64-candidate-v4/jdk23/no-debug/jarde/DirectInstanceRawParam.java /Users/lordcasser/workspace/projects/jarde/openspec/evidence/raw-receiver-field-selection-2026-10-09/source/ReceiverProbe.java
jdk23/no-debug/DirectInstanceRawParam/jarde-verify-run	0	/Library/Java/JavaVirtualMachines/openjdk-23.0.1/Contents/Home/bin/java -Xverify:all -cp /var/folders/gm/lzn3ylzx4lz7mx29lftngdz40000gn/T/jarde-raw-receiver-replay-x5x1xb4z/jarde-classes ReceiverProbe DirectInstanceRawParam
jdk23/no-debug/DirectInstanceRawParam/jadx	0	/Users/lordcasser/workspace/testzone/jadx/jadx-cli/build/install/jadx/bin/jadx --no-res --single-class DirectInstanceRawParam -d /Users/lordcasser/workspace/projects/jarde/openspec/changes/recover-same-class-generic-call-consumers/results/candidate/gc09-raw-64-candidate-v4/jdk23/no-debug/jadx/DirectInstanceRawParam /Users/lordcasser/workspace/projects/jarde/openspec/evidence/raw-receiver-field-selection-2026-10-09/jdk23/no-debug/input/DirectInstanceRawParam.jar
jdk23/no-debug/DirectInstanceRawParam/jadx-source-header	0	nonempty class source
jdk23/no-debug/DirectInstanceRawParam/jadx-javac	0	/Library/Java/JavaVirtualMachines/openjdk-23.0.1/Contents/Home/bin/javac --release 8 -g:none -classpath /var/folders/gm/lzn3ylzx4lz7mx29lftngdz40000gn/T/jarde-raw-receiver-replay-x5x1xb4z/empty-classpath -sourcepath /var/folders/gm/lzn3ylzx4lz7mx29lftngdz40000gn/T/jarde-raw-receiver-replay-x5x1xb4z/empty-sourcepath -d /var/folders/gm/lzn3ylzx4lz7mx29lftngdz40000gn/T/jarde-raw-receiver-replay-x5x1xb4z/jadx-classes /Users/lordcasser/workspace/projects/jarde/openspec/changes/recover-same-class-generic-call-consumers/results/candidate/gc09-raw-64-candidate-v4/jdk23/no-debug/jadx/DirectInstanceRawParam/sources/defpackage/DirectInstanceRawParam.java /Users/lordcasser/workspace/projects/jarde/openspec/evidence/raw-receiver-field-selection-2026-10-09/source/ReceiverProbe.java
jdk23/no-debug/DirectInstanceRawParam/jadx-verify-run	0	/Library/Java/JavaVirtualMachines/openjdk-23.0.1/Contents/Home/bin/java -Xverify:all -cp /var/folders/gm/lzn3ylzx4lz7mx29lftngdz40000gn/T/jarde-raw-receiver-replay-x5x1xb4z/jadx-classes ReceiverProbe defpackage.DirectInstanceRawParam
jdk23/debug/WideRawParam/jar-contents	0	/Library/Java/JavaVirtualMachines/openjdk-23.0.1/Contents/Home/bin/jar tf /Users/lordcasser/workspace/projects/jarde/openspec/evidence/raw-receiver-field-selection-2026-10-09/jdk23/debug/input/WideRawParam.jar
jdk23/debug/WideRawParam/original-javac	0	/Library/Java/JavaVirtualMachines/openjdk-23.0.1/Contents/Home/bin/javac --release 8 -g -classpath /var/folders/gm/lzn3ylzx4lz7mx29lftngdz40000gn/T/jarde-raw-receiver-replay-ypxbp_l9/empty-classpath -sourcepath /var/folders/gm/lzn3ylzx4lz7mx29lftngdz40000gn/T/jarde-raw-receiver-replay-ypxbp_l9/empty-sourcepath -d /var/folders/gm/lzn3ylzx4lz7mx29lftngdz40000gn/T/jarde-raw-receiver-replay-ypxbp_l9/original /Users/lordcasser/workspace/projects/jarde/openspec/evidence/raw-receiver-field-selection-2026-10-09/source/WideRawParam.java
jdk23/debug/WideRawParam/javap	0	/Library/Java/JavaVirtualMachines/openjdk-23.0.1/Contents/Home/bin/javap -p -c -s -v -classpath /Users/lordcasser/workspace/projects/jarde/openspec/evidence/raw-receiver-field-selection-2026-10-09/jdk23/debug/input/WideRawParam.jar WideRawParam
jdk23/debug/WideRawParam/original-probe-javac	0	/Library/Java/JavaVirtualMachines/openjdk-23.0.1/Contents/Home/bin/javac --release 8 -g -classpath /var/folders/gm/lzn3ylzx4lz7mx29lftngdz40000gn/T/jarde-raw-receiver-replay-ypxbp_l9/empty-classpath -sourcepath /var/folders/gm/lzn3ylzx4lz7mx29lftngdz40000gn/T/jarde-raw-receiver-replay-ypxbp_l9/empty-sourcepath -d /var/folders/gm/lzn3ylzx4lz7mx29lftngdz40000gn/T/jarde-raw-receiver-replay-ypxbp_l9/original-probe /Users/lordcasser/workspace/projects/jarde/openspec/evidence/raw-receiver-field-selection-2026-10-09/source/ReceiverProbe.java
jdk23/debug/WideRawParam/original-run	0	/Library/Java/JavaVirtualMachines/openjdk-23.0.1/Contents/Home/bin/java -Xverify:all -cp /var/folders/gm/lzn3ylzx4lz7mx29lftngdz40000gn/T/jarde-raw-receiver-replay-ypxbp_l9/original:/var/folders/gm/lzn3ylzx4lz7mx29lftngdz40000gn/T/jarde-raw-receiver-replay-ypxbp_l9/original-probe ReceiverProbe WideRawParam
jdk23/debug/WideRawParam/jarde-WideRawParam	0	/private/tmp/jarde-generic-calls-candidate-v4-cli class-source --input /Users/lordcasser/workspace/projects/jarde/openspec/evidence/raw-receiver-field-selection-2026-10-09/jdk23/debug/input/WideRawParam.jar --class WideRawParam --policy plain-jar --release 8 --format text
jdk23/debug/WideRawParam/jarde-WideRawParam-source-header	0	nonempty self-describing source
jdk23/debug/WideRawParam/jarde-javac	0	/Library/Java/JavaVirtualMachines/openjdk-23.0.1/Contents/Home/bin/javac --release 8 -g -classpath /var/folders/gm/lzn3ylzx4lz7mx29lftngdz40000gn/T/jarde-raw-receiver-replay-ypxbp_l9/empty-classpath -sourcepath /var/folders/gm/lzn3ylzx4lz7mx29lftngdz40000gn/T/jarde-raw-receiver-replay-ypxbp_l9/empty-sourcepath -d /var/folders/gm/lzn3ylzx4lz7mx29lftngdz40000gn/T/jarde-raw-receiver-replay-ypxbp_l9/jarde-classes /Users/lordcasser/workspace/projects/jarde/openspec/changes/recover-same-class-generic-call-consumers/results/candidate/gc09-raw-64-candidate-v4/jdk23/debug/jarde/WideRawParam.java /Users/lordcasser/workspace/projects/jarde/openspec/evidence/raw-receiver-field-selection-2026-10-09/source/ReceiverProbe.java
jdk23/debug/WideRawParam/jarde-verify-run	0	/Library/Java/JavaVirtualMachines/openjdk-23.0.1/Contents/Home/bin/java -Xverify:all -cp /var/folders/gm/lzn3ylzx4lz7mx29lftngdz40000gn/T/jarde-raw-receiver-replay-ypxbp_l9/jarde-classes ReceiverProbe WideRawParam
jdk23/debug/WideRawParam/jadx	0	/Users/lordcasser/workspace/testzone/jadx/jadx-cli/build/install/jadx/bin/jadx --no-res --single-class WideRawParam -d /Users/lordcasser/workspace/projects/jarde/openspec/changes/recover-same-class-generic-call-consumers/results/candidate/gc09-raw-64-candidate-v4/jdk23/debug/jadx/WideRawParam /Users/lordcasser/workspace/projects/jarde/openspec/evidence/raw-receiver-field-selection-2026-10-09/jdk23/debug/input/WideRawParam.jar
jdk23/debug/WideRawParam/jadx-source-header	0	nonempty class source
jdk23/debug/WideRawParam/jadx-javac	0	/Library/Java/JavaVirtualMachines/openjdk-23.0.1/Contents/Home/bin/javac --release 8 -g -classpath /var/folders/gm/lzn3ylzx4lz7mx29lftngdz40000gn/T/jarde-raw-receiver-replay-ypxbp_l9/empty-classpath -sourcepath /var/folders/gm/lzn3ylzx4lz7mx29lftngdz40000gn/T/jarde-raw-receiver-replay-ypxbp_l9/empty-sourcepath -d /var/folders/gm/lzn3ylzx4lz7mx29lftngdz40000gn/T/jarde-raw-receiver-replay-ypxbp_l9/jadx-classes /Users/lordcasser/workspace/projects/jarde/openspec/changes/recover-same-class-generic-call-consumers/results/candidate/gc09-raw-64-candidate-v4/jdk23/debug/jadx/WideRawParam/sources/defpackage/WideRawParam.java /Users/lordcasser/workspace/projects/jarde/openspec/evidence/raw-receiver-field-selection-2026-10-09/source/ReceiverProbe.java
jdk23/debug/WideRawParam/jadx-verify-run	0	/Library/Java/JavaVirtualMachines/openjdk-23.0.1/Contents/Home/bin/java -Xverify:all -cp /var/folders/gm/lzn3ylzx4lz7mx29lftngdz40000gn/T/jarde-raw-receiver-replay-ypxbp_l9/jadx-classes ReceiverProbe defpackage.WideRawParam
jdk23/no-debug/WideRawParam/jar-contents	0	/Library/Java/JavaVirtualMachines/openjdk-23.0.1/Contents/Home/bin/jar tf /Users/lordcasser/workspace/projects/jarde/openspec/evidence/raw-receiver-field-selection-2026-10-09/jdk23/no-debug/input/WideRawParam.jar
jdk23/no-debug/WideRawParam/original-javac	0	/Library/Java/JavaVirtualMachines/openjdk-23.0.1/Contents/Home/bin/javac --release 8 -g:none -classpath /var/folders/gm/lzn3ylzx4lz7mx29lftngdz40000gn/T/jarde-raw-receiver-replay-8xgpb77a/empty-classpath -sourcepath /var/folders/gm/lzn3ylzx4lz7mx29lftngdz40000gn/T/jarde-raw-receiver-replay-8xgpb77a/empty-sourcepath -d /var/folders/gm/lzn3ylzx4lz7mx29lftngdz40000gn/T/jarde-raw-receiver-replay-8xgpb77a/original /Users/lordcasser/workspace/projects/jarde/openspec/evidence/raw-receiver-field-selection-2026-10-09/source/WideRawParam.java
jdk23/no-debug/WideRawParam/javap	0	/Library/Java/JavaVirtualMachines/openjdk-23.0.1/Contents/Home/bin/javap -p -c -s -v -classpath /Users/lordcasser/workspace/projects/jarde/openspec/evidence/raw-receiver-field-selection-2026-10-09/jdk23/no-debug/input/WideRawParam.jar WideRawParam
jdk23/no-debug/WideRawParam/original-probe-javac	0	/Library/Java/JavaVirtualMachines/openjdk-23.0.1/Contents/Home/bin/javac --release 8 -g:none -classpath /var/folders/gm/lzn3ylzx4lz7mx29lftngdz40000gn/T/jarde-raw-receiver-replay-8xgpb77a/empty-classpath -sourcepath /var/folders/gm/lzn3ylzx4lz7mx29lftngdz40000gn/T/jarde-raw-receiver-replay-8xgpb77a/empty-sourcepath -d /var/folders/gm/lzn3ylzx4lz7mx29lftngdz40000gn/T/jarde-raw-receiver-replay-8xgpb77a/original-probe /Users/lordcasser/workspace/projects/jarde/openspec/evidence/raw-receiver-field-selection-2026-10-09/source/ReceiverProbe.java
jdk23/no-debug/WideRawParam/original-run	0	/Library/Java/JavaVirtualMachines/openjdk-23.0.1/Contents/Home/bin/java -Xverify:all -cp /var/folders/gm/lzn3ylzx4lz7mx29lftngdz40000gn/T/jarde-raw-receiver-replay-8xgpb77a/original:/var/folders/gm/lzn3ylzx4lz7mx29lftngdz40000gn/T/jarde-raw-receiver-replay-8xgpb77a/original-probe ReceiverProbe WideRawParam
jdk23/no-debug/WideRawParam/jarde-WideRawParam	0	/private/tmp/jarde-generic-calls-candidate-v4-cli class-source --input /Users/lordcasser/workspace/projects/jarde/openspec/evidence/raw-receiver-field-selection-2026-10-09/jdk23/no-debug/input/WideRawParam.jar --class WideRawParam --policy plain-jar --release 8 --format text
jdk23/no-debug/WideRawParam/jarde-WideRawParam-source-header	0	nonempty self-describing source
jdk23/no-debug/WideRawParam/jarde-javac	0	/Library/Java/JavaVirtualMachines/openjdk-23.0.1/Contents/Home/bin/javac --release 8 -g:none -classpath /var/folders/gm/lzn3ylzx4lz7mx29lftngdz40000gn/T/jarde-raw-receiver-replay-8xgpb77a/empty-classpath -sourcepath /var/folders/gm/lzn3ylzx4lz7mx29lftngdz40000gn/T/jarde-raw-receiver-replay-8xgpb77a/empty-sourcepath -d /var/folders/gm/lzn3ylzx4lz7mx29lftngdz40000gn/T/jarde-raw-receiver-replay-8xgpb77a/jarde-classes /Users/lordcasser/workspace/projects/jarde/openspec/changes/recover-same-class-generic-call-consumers/results/candidate/gc09-raw-64-candidate-v4/jdk23/no-debug/jarde/WideRawParam.java /Users/lordcasser/workspace/projects/jarde/openspec/evidence/raw-receiver-field-selection-2026-10-09/source/ReceiverProbe.java
jdk23/no-debug/WideRawParam/jarde-verify-run	0	/Library/Java/JavaVirtualMachines/openjdk-23.0.1/Contents/Home/bin/java -Xverify:all -cp /var/folders/gm/lzn3ylzx4lz7mx29lftngdz40000gn/T/jarde-raw-receiver-replay-8xgpb77a/jarde-classes ReceiverProbe WideRawParam
jdk23/no-debug/WideRawParam/jadx	0	/Users/lordcasser/workspace/testzone/jadx/jadx-cli/build/install/jadx/bin/jadx --no-res --single-class WideRawParam -d /Users/lordcasser/workspace/projects/jarde/openspec/changes/recover-same-class-generic-call-consumers/results/candidate/gc09-raw-64-candidate-v4/jdk23/no-debug/jadx/WideRawParam /Users/lordcasser/workspace/projects/jarde/openspec/evidence/raw-receiver-field-selection-2026-10-09/jdk23/no-debug/input/WideRawParam.jar
jdk23/no-debug/WideRawParam/jadx-source-header	0	nonempty class source
jdk23/no-debug/WideRawParam/jadx-javac	0	/Library/Java/JavaVirtualMachines/openjdk-23.0.1/Contents/Home/bin/javac --release 8 -g:none -classpath /var/folders/gm/lzn3ylzx4lz7mx29lftngdz40000gn/T/jarde-raw-receiver-replay-8xgpb77a/empty-classpath -sourcepath /var/folders/gm/lzn3ylzx4lz7mx29lftngdz40000gn/T/jarde-raw-receiver-replay-8xgpb77a/empty-sourcepath -d /var/folders/gm/lzn3ylzx4lz7mx29lftngdz40000gn/T/jarde-raw-receiver-replay-8xgpb77a/jadx-classes /Users/lordcasser/workspace/projects/jarde/openspec/changes/recover-same-class-generic-call-consumers/results/candidate/gc09-raw-64-candidate-v4/jdk23/no-debug/jadx/WideRawParam/sources/defpackage/WideRawParam.java /Users/lordcasser/workspace/projects/jarde/openspec/evidence/raw-receiver-field-selection-2026-10-09/source/ReceiverProbe.java
jdk23/no-debug/WideRawParam/jadx-verify-run	0	/Library/Java/JavaVirtualMachines/openjdk-23.0.1/Contents/Home/bin/java -Xverify:all -cp /var/folders/gm/lzn3ylzx4lz7mx29lftngdz40000gn/T/jarde-raw-receiver-replay-8xgpb77a/jadx-classes ReceiverProbe defpackage.WideRawParam
jdk23/debug/ArrayRawParam/jar-contents	0	/Library/Java/JavaVirtualMachines/openjdk-23.0.1/Contents/Home/bin/jar tf /Users/lordcasser/workspace/projects/jarde/openspec/evidence/raw-receiver-field-selection-2026-10-09/jdk23/debug/input/ArrayRawParam.jar
jdk23/debug/ArrayRawParam/original-javac	0	/Library/Java/JavaVirtualMachines/openjdk-23.0.1/Contents/Home/bin/javac --release 8 -g -classpath /var/folders/gm/lzn3ylzx4lz7mx29lftngdz40000gn/T/jarde-raw-receiver-replay-n6ivmdl5/empty-classpath -sourcepath /var/folders/gm/lzn3ylzx4lz7mx29lftngdz40000gn/T/jarde-raw-receiver-replay-n6ivmdl5/empty-sourcepath -d /var/folders/gm/lzn3ylzx4lz7mx29lftngdz40000gn/T/jarde-raw-receiver-replay-n6ivmdl5/original /Users/lordcasser/workspace/projects/jarde/openspec/evidence/raw-receiver-field-selection-2026-10-09/source/ArrayRawParam.java
jdk23/debug/ArrayRawParam/javap	0	/Library/Java/JavaVirtualMachines/openjdk-23.0.1/Contents/Home/bin/javap -p -c -s -v -classpath /Users/lordcasser/workspace/projects/jarde/openspec/evidence/raw-receiver-field-selection-2026-10-09/jdk23/debug/input/ArrayRawParam.jar ArrayRawParam
jdk23/debug/ArrayRawParam/original-probe-javac	0	/Library/Java/JavaVirtualMachines/openjdk-23.0.1/Contents/Home/bin/javac --release 8 -g -classpath /var/folders/gm/lzn3ylzx4lz7mx29lftngdz40000gn/T/jarde-raw-receiver-replay-n6ivmdl5/empty-classpath -sourcepath /var/folders/gm/lzn3ylzx4lz7mx29lftngdz40000gn/T/jarde-raw-receiver-replay-n6ivmdl5/empty-sourcepath -d /var/folders/gm/lzn3ylzx4lz7mx29lftngdz40000gn/T/jarde-raw-receiver-replay-n6ivmdl5/original-probe /Users/lordcasser/workspace/projects/jarde/openspec/evidence/raw-receiver-field-selection-2026-10-09/source/ReceiverProbe.java
jdk23/debug/ArrayRawParam/original-run	0	/Library/Java/JavaVirtualMachines/openjdk-23.0.1/Contents/Home/bin/java -Xverify:all -cp /var/folders/gm/lzn3ylzx4lz7mx29lftngdz40000gn/T/jarde-raw-receiver-replay-n6ivmdl5/original:/var/folders/gm/lzn3ylzx4lz7mx29lftngdz40000gn/T/jarde-raw-receiver-replay-n6ivmdl5/original-probe ReceiverProbe ArrayRawParam
jdk23/debug/ArrayRawParam/jarde-ArrayRawParam	0	/private/tmp/jarde-generic-calls-candidate-v4-cli class-source --input /Users/lordcasser/workspace/projects/jarde/openspec/evidence/raw-receiver-field-selection-2026-10-09/jdk23/debug/input/ArrayRawParam.jar --class ArrayRawParam --policy plain-jar --release 8 --format text
jdk23/debug/ArrayRawParam/jarde-ArrayRawParam-source-header	0	nonempty self-describing source
jdk23/debug/ArrayRawParam/jarde-javac	0	/Library/Java/JavaVirtualMachines/openjdk-23.0.1/Contents/Home/bin/javac --release 8 -g -classpath /var/folders/gm/lzn3ylzx4lz7mx29lftngdz40000gn/T/jarde-raw-receiver-replay-n6ivmdl5/empty-classpath -sourcepath /var/folders/gm/lzn3ylzx4lz7mx29lftngdz40000gn/T/jarde-raw-receiver-replay-n6ivmdl5/empty-sourcepath -d /var/folders/gm/lzn3ylzx4lz7mx29lftngdz40000gn/T/jarde-raw-receiver-replay-n6ivmdl5/jarde-classes /Users/lordcasser/workspace/projects/jarde/openspec/changes/recover-same-class-generic-call-consumers/results/candidate/gc09-raw-64-candidate-v4/jdk23/debug/jarde/ArrayRawParam.java /Users/lordcasser/workspace/projects/jarde/openspec/evidence/raw-receiver-field-selection-2026-10-09/source/ReceiverProbe.java
jdk23/debug/ArrayRawParam/jarde-verify-run	0	/Library/Java/JavaVirtualMachines/openjdk-23.0.1/Contents/Home/bin/java -Xverify:all -cp /var/folders/gm/lzn3ylzx4lz7mx29lftngdz40000gn/T/jarde-raw-receiver-replay-n6ivmdl5/jarde-classes ReceiverProbe ArrayRawParam
jdk23/debug/ArrayRawParam/jadx	0	/Users/lordcasser/workspace/testzone/jadx/jadx-cli/build/install/jadx/bin/jadx --no-res --single-class ArrayRawParam -d /Users/lordcasser/workspace/projects/jarde/openspec/changes/recover-same-class-generic-call-consumers/results/candidate/gc09-raw-64-candidate-v4/jdk23/debug/jadx/ArrayRawParam /Users/lordcasser/workspace/projects/jarde/openspec/evidence/raw-receiver-field-selection-2026-10-09/jdk23/debug/input/ArrayRawParam.jar
jdk23/debug/ArrayRawParam/jadx-source-header	0	nonempty class source
jdk23/debug/ArrayRawParam/jadx-javac	0	/Library/Java/JavaVirtualMachines/openjdk-23.0.1/Contents/Home/bin/javac --release 8 -g -classpath /var/folders/gm/lzn3ylzx4lz7mx29lftngdz40000gn/T/jarde-raw-receiver-replay-n6ivmdl5/empty-classpath -sourcepath /var/folders/gm/lzn3ylzx4lz7mx29lftngdz40000gn/T/jarde-raw-receiver-replay-n6ivmdl5/empty-sourcepath -d /var/folders/gm/lzn3ylzx4lz7mx29lftngdz40000gn/T/jarde-raw-receiver-replay-n6ivmdl5/jadx-classes /Users/lordcasser/workspace/projects/jarde/openspec/changes/recover-same-class-generic-call-consumers/results/candidate/gc09-raw-64-candidate-v4/jdk23/debug/jadx/ArrayRawParam/sources/defpackage/ArrayRawParam.java /Users/lordcasser/workspace/projects/jarde/openspec/evidence/raw-receiver-field-selection-2026-10-09/source/ReceiverProbe.java
jdk23/debug/ArrayRawParam/jadx-verify-run	0	/Library/Java/JavaVirtualMachines/openjdk-23.0.1/Contents/Home/bin/java -Xverify:all -cp /var/folders/gm/lzn3ylzx4lz7mx29lftngdz40000gn/T/jarde-raw-receiver-replay-n6ivmdl5/jadx-classes ReceiverProbe defpackage.ArrayRawParam
jdk23/no-debug/ArrayRawParam/jar-contents	0	/Library/Java/JavaVirtualMachines/openjdk-23.0.1/Contents/Home/bin/jar tf /Users/lordcasser/workspace/projects/jarde/openspec/evidence/raw-receiver-field-selection-2026-10-09/jdk23/no-debug/input/ArrayRawParam.jar
jdk23/no-debug/ArrayRawParam/original-javac	0	/Library/Java/JavaVirtualMachines/openjdk-23.0.1/Contents/Home/bin/javac --release 8 -g:none -classpath /var/folders/gm/lzn3ylzx4lz7mx29lftngdz40000gn/T/jarde-raw-receiver-replay-8tq33g5w/empty-classpath -sourcepath /var/folders/gm/lzn3ylzx4lz7mx29lftngdz40000gn/T/jarde-raw-receiver-replay-8tq33g5w/empty-sourcepath -d /var/folders/gm/lzn3ylzx4lz7mx29lftngdz40000gn/T/jarde-raw-receiver-replay-8tq33g5w/original /Users/lordcasser/workspace/projects/jarde/openspec/evidence/raw-receiver-field-selection-2026-10-09/source/ArrayRawParam.java
jdk23/no-debug/ArrayRawParam/javap	0	/Library/Java/JavaVirtualMachines/openjdk-23.0.1/Contents/Home/bin/javap -p -c -s -v -classpath /Users/lordcasser/workspace/projects/jarde/openspec/evidence/raw-receiver-field-selection-2026-10-09/jdk23/no-debug/input/ArrayRawParam.jar ArrayRawParam
jdk23/no-debug/ArrayRawParam/original-probe-javac	0	/Library/Java/JavaVirtualMachines/openjdk-23.0.1/Contents/Home/bin/javac --release 8 -g:none -classpath /var/folders/gm/lzn3ylzx4lz7mx29lftngdz40000gn/T/jarde-raw-receiver-replay-8tq33g5w/empty-classpath -sourcepath /var/folders/gm/lzn3ylzx4lz7mx29lftngdz40000gn/T/jarde-raw-receiver-replay-8tq33g5w/empty-sourcepath -d /var/folders/gm/lzn3ylzx4lz7mx29lftngdz40000gn/T/jarde-raw-receiver-replay-8tq33g5w/original-probe /Users/lordcasser/workspace/projects/jarde/openspec/evidence/raw-receiver-field-selection-2026-10-09/source/ReceiverProbe.java
jdk23/no-debug/ArrayRawParam/original-run	0	/Library/Java/JavaVirtualMachines/openjdk-23.0.1/Contents/Home/bin/java -Xverify:all -cp /var/folders/gm/lzn3ylzx4lz7mx29lftngdz40000gn/T/jarde-raw-receiver-replay-8tq33g5w/original:/var/folders/gm/lzn3ylzx4lz7mx29lftngdz40000gn/T/jarde-raw-receiver-replay-8tq33g5w/original-probe ReceiverProbe ArrayRawParam
jdk23/no-debug/ArrayRawParam/jarde-ArrayRawParam	0	/private/tmp/jarde-generic-calls-candidate-v4-cli class-source --input /Users/lordcasser/workspace/projects/jarde/openspec/evidence/raw-receiver-field-selection-2026-10-09/jdk23/no-debug/input/ArrayRawParam.jar --class ArrayRawParam --policy plain-jar --release 8 --format text
jdk23/no-debug/ArrayRawParam/jarde-ArrayRawParam-source-header	0	nonempty self-describing source
jdk23/no-debug/ArrayRawParam/jarde-javac	0	/Library/Java/JavaVirtualMachines/openjdk-23.0.1/Contents/Home/bin/javac --release 8 -g:none -classpath /var/folders/gm/lzn3ylzx4lz7mx29lftngdz40000gn/T/jarde-raw-receiver-replay-8tq33g5w/empty-classpath -sourcepath /var/folders/gm/lzn3ylzx4lz7mx29lftngdz40000gn/T/jarde-raw-receiver-replay-8tq33g5w/empty-sourcepath -d /var/folders/gm/lzn3ylzx4lz7mx29lftngdz40000gn/T/jarde-raw-receiver-replay-8tq33g5w/jarde-classes /Users/lordcasser/workspace/projects/jarde/openspec/changes/recover-same-class-generic-call-consumers/results/candidate/gc09-raw-64-candidate-v4/jdk23/no-debug/jarde/ArrayRawParam.java /Users/lordcasser/workspace/projects/jarde/openspec/evidence/raw-receiver-field-selection-2026-10-09/source/ReceiverProbe.java
jdk23/no-debug/ArrayRawParam/jarde-verify-run	0	/Library/Java/JavaVirtualMachines/openjdk-23.0.1/Contents/Home/bin/java -Xverify:all -cp /var/folders/gm/lzn3ylzx4lz7mx29lftngdz40000gn/T/jarde-raw-receiver-replay-8tq33g5w/jarde-classes ReceiverProbe ArrayRawParam
jdk23/no-debug/ArrayRawParam/jadx	0	/Users/lordcasser/workspace/testzone/jadx/jadx-cli/build/install/jadx/bin/jadx --no-res --single-class ArrayRawParam -d /Users/lordcasser/workspace/projects/jarde/openspec/changes/recover-same-class-generic-call-consumers/results/candidate/gc09-raw-64-candidate-v4/jdk23/no-debug/jadx/ArrayRawParam /Users/lordcasser/workspace/projects/jarde/openspec/evidence/raw-receiver-field-selection-2026-10-09/jdk23/no-debug/input/ArrayRawParam.jar
jdk23/no-debug/ArrayRawParam/jadx-source-header	0	nonempty class source
jdk23/no-debug/ArrayRawParam/jadx-javac	0	/Library/Java/JavaVirtualMachines/openjdk-23.0.1/Contents/Home/bin/javac --release 8 -g:none -classpath /var/folders/gm/lzn3ylzx4lz7mx29lftngdz40000gn/T/jarde-raw-receiver-replay-8tq33g5w/empty-classpath -sourcepath /var/folders/gm/lzn3ylzx4lz7mx29lftngdz40000gn/T/jarde-raw-receiver-replay-8tq33g5w/empty-sourcepath -d /var/folders/gm/lzn3ylzx4lz7mx29lftngdz40000gn/T/jarde-raw-receiver-replay-8tq33g5w/jadx-classes /Users/lordcasser/workspace/projects/jarde/openspec/changes/recover-same-class-generic-call-consumers/results/candidate/gc09-raw-64-candidate-v4/jdk23/no-debug/jadx/ArrayRawParam/sources/defpackage/ArrayRawParam.java /Users/lordcasser/workspace/projects/jarde/openspec/evidence/raw-receiver-field-selection-2026-10-09/source/ReceiverProbe.java
jdk23/no-debug/ArrayRawParam/jadx-verify-run	0	/Library/Java/JavaVirtualMachines/openjdk-23.0.1/Contents/Home/bin/java -Xverify:all -cp /var/folders/gm/lzn3ylzx4lz7mx29lftngdz40000gn/T/jarde-raw-receiver-replay-8tq33g5w/jadx-classes ReceiverProbe defpackage.ArrayRawParam
jdk23/debug/Array2DRawParam/jar-contents	0	/Library/Java/JavaVirtualMachines/openjdk-23.0.1/Contents/Home/bin/jar tf /Users/lordcasser/workspace/projects/jarde/openspec/evidence/raw-receiver-field-selection-2026-10-09/jdk23/debug/input/Array2DRawParam.jar
jdk23/debug/Array2DRawParam/original-javac	0	/Library/Java/JavaVirtualMachines/openjdk-23.0.1/Contents/Home/bin/javac --release 8 -g -classpath /var/folders/gm/lzn3ylzx4lz7mx29lftngdz40000gn/T/jarde-raw-receiver-replay-z_iusw_c/empty-classpath -sourcepath /var/folders/gm/lzn3ylzx4lz7mx29lftngdz40000gn/T/jarde-raw-receiver-replay-z_iusw_c/empty-sourcepath -d /var/folders/gm/lzn3ylzx4lz7mx29lftngdz40000gn/T/jarde-raw-receiver-replay-z_iusw_c/original /Users/lordcasser/workspace/projects/jarde/openspec/evidence/raw-receiver-field-selection-2026-10-09/source/Array2DRawParam.java
jdk23/debug/Array2DRawParam/javap	0	/Library/Java/JavaVirtualMachines/openjdk-23.0.1/Contents/Home/bin/javap -p -c -s -v -classpath /Users/lordcasser/workspace/projects/jarde/openspec/evidence/raw-receiver-field-selection-2026-10-09/jdk23/debug/input/Array2DRawParam.jar Array2DRawParam
jdk23/debug/Array2DRawParam/original-probe-javac	0	/Library/Java/JavaVirtualMachines/openjdk-23.0.1/Contents/Home/bin/javac --release 8 -g -classpath /var/folders/gm/lzn3ylzx4lz7mx29lftngdz40000gn/T/jarde-raw-receiver-replay-z_iusw_c/empty-classpath -sourcepath /var/folders/gm/lzn3ylzx4lz7mx29lftngdz40000gn/T/jarde-raw-receiver-replay-z_iusw_c/empty-sourcepath -d /var/folders/gm/lzn3ylzx4lz7mx29lftngdz40000gn/T/jarde-raw-receiver-replay-z_iusw_c/original-probe /Users/lordcasser/workspace/projects/jarde/openspec/evidence/raw-receiver-field-selection-2026-10-09/source/ReceiverProbe.java
jdk23/debug/Array2DRawParam/original-run	0	/Library/Java/JavaVirtualMachines/openjdk-23.0.1/Contents/Home/bin/java -Xverify:all -cp /var/folders/gm/lzn3ylzx4lz7mx29lftngdz40000gn/T/jarde-raw-receiver-replay-z_iusw_c/original:/var/folders/gm/lzn3ylzx4lz7mx29lftngdz40000gn/T/jarde-raw-receiver-replay-z_iusw_c/original-probe ReceiverProbe Array2DRawParam
jdk23/debug/Array2DRawParam/jarde-Array2DRawParam	0	/private/tmp/jarde-generic-calls-candidate-v4-cli class-source --input /Users/lordcasser/workspace/projects/jarde/openspec/evidence/raw-receiver-field-selection-2026-10-09/jdk23/debug/input/Array2DRawParam.jar --class Array2DRawParam --policy plain-jar --release 8 --format text
jdk23/debug/Array2DRawParam/jarde-Array2DRawParam-source-header	0	nonempty self-describing source
jdk23/debug/Array2DRawParam/jarde-javac	0	/Library/Java/JavaVirtualMachines/openjdk-23.0.1/Contents/Home/bin/javac --release 8 -g -classpath /var/folders/gm/lzn3ylzx4lz7mx29lftngdz40000gn/T/jarde-raw-receiver-replay-z_iusw_c/empty-classpath -sourcepath /var/folders/gm/lzn3ylzx4lz7mx29lftngdz40000gn/T/jarde-raw-receiver-replay-z_iusw_c/empty-sourcepath -d /var/folders/gm/lzn3ylzx4lz7mx29lftngdz40000gn/T/jarde-raw-receiver-replay-z_iusw_c/jarde-classes /Users/lordcasser/workspace/projects/jarde/openspec/changes/recover-same-class-generic-call-consumers/results/candidate/gc09-raw-64-candidate-v4/jdk23/debug/jarde/Array2DRawParam.java /Users/lordcasser/workspace/projects/jarde/openspec/evidence/raw-receiver-field-selection-2026-10-09/source/ReceiverProbe.java
jdk23/debug/Array2DRawParam/jarde-verify-run	0	/Library/Java/JavaVirtualMachines/openjdk-23.0.1/Contents/Home/bin/java -Xverify:all -cp /var/folders/gm/lzn3ylzx4lz7mx29lftngdz40000gn/T/jarde-raw-receiver-replay-z_iusw_c/jarde-classes ReceiverProbe Array2DRawParam
jdk23/debug/Array2DRawParam/jadx	0	/Users/lordcasser/workspace/testzone/jadx/jadx-cli/build/install/jadx/bin/jadx --no-res --single-class Array2DRawParam -d /Users/lordcasser/workspace/projects/jarde/openspec/changes/recover-same-class-generic-call-consumers/results/candidate/gc09-raw-64-candidate-v4/jdk23/debug/jadx/Array2DRawParam /Users/lordcasser/workspace/projects/jarde/openspec/evidence/raw-receiver-field-selection-2026-10-09/jdk23/debug/input/Array2DRawParam.jar
jdk23/debug/Array2DRawParam/jadx-source-header	0	nonempty class source
jdk23/debug/Array2DRawParam/jadx-javac	0	/Library/Java/JavaVirtualMachines/openjdk-23.0.1/Contents/Home/bin/javac --release 8 -g -classpath /var/folders/gm/lzn3ylzx4lz7mx29lftngdz40000gn/T/jarde-raw-receiver-replay-z_iusw_c/empty-classpath -sourcepath /var/folders/gm/lzn3ylzx4lz7mx29lftngdz40000gn/T/jarde-raw-receiver-replay-z_iusw_c/empty-sourcepath -d /var/folders/gm/lzn3ylzx4lz7mx29lftngdz40000gn/T/jarde-raw-receiver-replay-z_iusw_c/jadx-classes /Users/lordcasser/workspace/projects/jarde/openspec/changes/recover-same-class-generic-call-consumers/results/candidate/gc09-raw-64-candidate-v4/jdk23/debug/jadx/Array2DRawParam/sources/defpackage/Array2DRawParam.java /Users/lordcasser/workspace/projects/jarde/openspec/evidence/raw-receiver-field-selection-2026-10-09/source/ReceiverProbe.java
jdk23/debug/Array2DRawParam/jadx-verify-run	0	/Library/Java/JavaVirtualMachines/openjdk-23.0.1/Contents/Home/bin/java -Xverify:all -cp /var/folders/gm/lzn3ylzx4lz7mx29lftngdz40000gn/T/jarde-raw-receiver-replay-z_iusw_c/jadx-classes ReceiverProbe defpackage.Array2DRawParam
jdk23/no-debug/Array2DRawParam/jar-contents	0	/Library/Java/JavaVirtualMachines/openjdk-23.0.1/Contents/Home/bin/jar tf /Users/lordcasser/workspace/projects/jarde/openspec/evidence/raw-receiver-field-selection-2026-10-09/jdk23/no-debug/input/Array2DRawParam.jar
jdk23/no-debug/Array2DRawParam/original-javac	0	/Library/Java/JavaVirtualMachines/openjdk-23.0.1/Contents/Home/bin/javac --release 8 -g:none -classpath /var/folders/gm/lzn3ylzx4lz7mx29lftngdz40000gn/T/jarde-raw-receiver-replay-6kz45v4x/empty-classpath -sourcepath /var/folders/gm/lzn3ylzx4lz7mx29lftngdz40000gn/T/jarde-raw-receiver-replay-6kz45v4x/empty-sourcepath -d /var/folders/gm/lzn3ylzx4lz7mx29lftngdz40000gn/T/jarde-raw-receiver-replay-6kz45v4x/original /Users/lordcasser/workspace/projects/jarde/openspec/evidence/raw-receiver-field-selection-2026-10-09/source/Array2DRawParam.java
jdk23/no-debug/Array2DRawParam/javap	0	/Library/Java/JavaVirtualMachines/openjdk-23.0.1/Contents/Home/bin/javap -p -c -s -v -classpath /Users/lordcasser/workspace/projects/jarde/openspec/evidence/raw-receiver-field-selection-2026-10-09/jdk23/no-debug/input/Array2DRawParam.jar Array2DRawParam
jdk23/no-debug/Array2DRawParam/original-probe-javac	0	/Library/Java/JavaVirtualMachines/openjdk-23.0.1/Contents/Home/bin/javac --release 8 -g:none -classpath /var/folders/gm/lzn3ylzx4lz7mx29lftngdz40000gn/T/jarde-raw-receiver-replay-6kz45v4x/empty-classpath -sourcepath /var/folders/gm/lzn3ylzx4lz7mx29lftngdz40000gn/T/jarde-raw-receiver-replay-6kz45v4x/empty-sourcepath -d /var/folders/gm/lzn3ylzx4lz7mx29lftngdz40000gn/T/jarde-raw-receiver-replay-6kz45v4x/original-probe /Users/lordcasser/workspace/projects/jarde/openspec/evidence/raw-receiver-field-selection-2026-10-09/source/ReceiverProbe.java
jdk23/no-debug/Array2DRawParam/original-run	0	/Library/Java/JavaVirtualMachines/openjdk-23.0.1/Contents/Home/bin/java -Xverify:all -cp /var/folders/gm/lzn3ylzx4lz7mx29lftngdz40000gn/T/jarde-raw-receiver-replay-6kz45v4x/original:/var/folders/gm/lzn3ylzx4lz7mx29lftngdz40000gn/T/jarde-raw-receiver-replay-6kz45v4x/original-probe ReceiverProbe Array2DRawParam
jdk23/no-debug/Array2DRawParam/jarde-Array2DRawParam	0	/private/tmp/jarde-generic-calls-candidate-v4-cli class-source --input /Users/lordcasser/workspace/projects/jarde/openspec/evidence/raw-receiver-field-selection-2026-10-09/jdk23/no-debug/input/Array2DRawParam.jar --class Array2DRawParam --policy plain-jar --release 8 --format text
jdk23/no-debug/Array2DRawParam/jarde-Array2DRawParam-source-header	0	nonempty self-describing source
jdk23/no-debug/Array2DRawParam/jarde-javac	0	/Library/Java/JavaVirtualMachines/openjdk-23.0.1/Contents/Home/bin/javac --release 8 -g:none -classpath /var/folders/gm/lzn3ylzx4lz7mx29lftngdz40000gn/T/jarde-raw-receiver-replay-6kz45v4x/empty-classpath -sourcepath /var/folders/gm/lzn3ylzx4lz7mx29lftngdz40000gn/T/jarde-raw-receiver-replay-6kz45v4x/empty-sourcepath -d /var/folders/gm/lzn3ylzx4lz7mx29lftngdz40000gn/T/jarde-raw-receiver-replay-6kz45v4x/jarde-classes /Users/lordcasser/workspace/projects/jarde/openspec/changes/recover-same-class-generic-call-consumers/results/candidate/gc09-raw-64-candidate-v4/jdk23/no-debug/jarde/Array2DRawParam.java /Users/lordcasser/workspace/projects/jarde/openspec/evidence/raw-receiver-field-selection-2026-10-09/source/ReceiverProbe.java
jdk23/no-debug/Array2DRawParam/jarde-verify-run	0	/Library/Java/JavaVirtualMachines/openjdk-23.0.1/Contents/Home/bin/java -Xverify:all -cp /var/folders/gm/lzn3ylzx4lz7mx29lftngdz40000gn/T/jarde-raw-receiver-replay-6kz45v4x/jarde-classes ReceiverProbe Array2DRawParam
jdk23/no-debug/Array2DRawParam/jadx	0	/Users/lordcasser/workspace/testzone/jadx/jadx-cli/build/install/jadx/bin/jadx --no-res --single-class Array2DRawParam -d /Users/lordcasser/workspace/projects/jarde/openspec/changes/recover-same-class-generic-call-consumers/results/candidate/gc09-raw-64-candidate-v4/jdk23/no-debug/jadx/Array2DRawParam /Users/lordcasser/workspace/projects/jarde/openspec/evidence/raw-receiver-field-selection-2026-10-09/jdk23/no-debug/input/Array2DRawParam.jar
jdk23/no-debug/Array2DRawParam/jadx-source-header	0	nonempty class source
jdk23/no-debug/Array2DRawParam/jadx-javac	0	/Library/Java/JavaVirtualMachines/openjdk-23.0.1/Contents/Home/bin/javac --release 8 -g:none -classpath /var/folders/gm/lzn3ylzx4lz7mx29lftngdz40000gn/T/jarde-raw-receiver-replay-6kz45v4x/empty-classpath -sourcepath /var/folders/gm/lzn3ylzx4lz7mx29lftngdz40000gn/T/jarde-raw-receiver-replay-6kz45v4x/empty-sourcepath -d /var/folders/gm/lzn3ylzx4lz7mx29lftngdz40000gn/T/jarde-raw-receiver-replay-6kz45v4x/jadx-classes /Users/lordcasser/workspace/projects/jarde/openspec/changes/recover-same-class-generic-call-consumers/results/candidate/gc09-raw-64-candidate-v4/jdk23/no-debug/jadx/Array2DRawParam/sources/defpackage/Array2DRawParam.java /Users/lordcasser/workspace/projects/jarde/openspec/evidence/raw-receiver-field-selection-2026-10-09/source/ReceiverProbe.java
jdk23/no-debug/Array2DRawParam/jadx-verify-run	0	/Library/Java/JavaVirtualMachines/openjdk-23.0.1/Contents/Home/bin/java -Xverify:all -cp /var/folders/gm/lzn3ylzx4lz7mx29lftngdz40000gn/T/jarde-raw-receiver-replay-6kz45v4x/jadx-classes ReceiverProbe defpackage.Array2DRawParam
jdk23/debug/PrimitiveArrayRawParam/jar-contents	0	/Library/Java/JavaVirtualMachines/openjdk-23.0.1/Contents/Home/bin/jar tf /Users/lordcasser/workspace/projects/jarde/openspec/evidence/raw-receiver-field-selection-2026-10-09/jdk23/debug/input/PrimitiveArrayRawParam.jar
jdk23/debug/PrimitiveArrayRawParam/original-javac	0	/Library/Java/JavaVirtualMachines/openjdk-23.0.1/Contents/Home/bin/javac --release 8 -g -classpath /var/folders/gm/lzn3ylzx4lz7mx29lftngdz40000gn/T/jarde-raw-receiver-replay-5_l38d87/empty-classpath -sourcepath /var/folders/gm/lzn3ylzx4lz7mx29lftngdz40000gn/T/jarde-raw-receiver-replay-5_l38d87/empty-sourcepath -d /var/folders/gm/lzn3ylzx4lz7mx29lftngdz40000gn/T/jarde-raw-receiver-replay-5_l38d87/original /Users/lordcasser/workspace/projects/jarde/openspec/evidence/raw-receiver-field-selection-2026-10-09/source/PrimitiveArrayRawParam.java
jdk23/debug/PrimitiveArrayRawParam/javap	0	/Library/Java/JavaVirtualMachines/openjdk-23.0.1/Contents/Home/bin/javap -p -c -s -v -classpath /Users/lordcasser/workspace/projects/jarde/openspec/evidence/raw-receiver-field-selection-2026-10-09/jdk23/debug/input/PrimitiveArrayRawParam.jar PrimitiveArrayRawParam
jdk23/debug/PrimitiveArrayRawParam/original-probe-javac	0	/Library/Java/JavaVirtualMachines/openjdk-23.0.1/Contents/Home/bin/javac --release 8 -g -classpath /var/folders/gm/lzn3ylzx4lz7mx29lftngdz40000gn/T/jarde-raw-receiver-replay-5_l38d87/empty-classpath -sourcepath /var/folders/gm/lzn3ylzx4lz7mx29lftngdz40000gn/T/jarde-raw-receiver-replay-5_l38d87/empty-sourcepath -d /var/folders/gm/lzn3ylzx4lz7mx29lftngdz40000gn/T/jarde-raw-receiver-replay-5_l38d87/original-probe /Users/lordcasser/workspace/projects/jarde/openspec/evidence/raw-receiver-field-selection-2026-10-09/source/ReceiverProbe.java
jdk23/debug/PrimitiveArrayRawParam/original-run	0	/Library/Java/JavaVirtualMachines/openjdk-23.0.1/Contents/Home/bin/java -Xverify:all -cp /var/folders/gm/lzn3ylzx4lz7mx29lftngdz40000gn/T/jarde-raw-receiver-replay-5_l38d87/original:/var/folders/gm/lzn3ylzx4lz7mx29lftngdz40000gn/T/jarde-raw-receiver-replay-5_l38d87/original-probe ReceiverProbe PrimitiveArrayRawParam
jdk23/debug/PrimitiveArrayRawParam/jarde-PrimitiveArrayRawParam	0	/private/tmp/jarde-generic-calls-candidate-v4-cli class-source --input /Users/lordcasser/workspace/projects/jarde/openspec/evidence/raw-receiver-field-selection-2026-10-09/jdk23/debug/input/PrimitiveArrayRawParam.jar --class PrimitiveArrayRawParam --policy plain-jar --release 8 --format text
jdk23/debug/PrimitiveArrayRawParam/jarde-PrimitiveArrayRawParam-source-header	0	nonempty self-describing source
jdk23/debug/PrimitiveArrayRawParam/jarde-javac	0	/Library/Java/JavaVirtualMachines/openjdk-23.0.1/Contents/Home/bin/javac --release 8 -g -classpath /var/folders/gm/lzn3ylzx4lz7mx29lftngdz40000gn/T/jarde-raw-receiver-replay-5_l38d87/empty-classpath -sourcepath /var/folders/gm/lzn3ylzx4lz7mx29lftngdz40000gn/T/jarde-raw-receiver-replay-5_l38d87/empty-sourcepath -d /var/folders/gm/lzn3ylzx4lz7mx29lftngdz40000gn/T/jarde-raw-receiver-replay-5_l38d87/jarde-classes /Users/lordcasser/workspace/projects/jarde/openspec/changes/recover-same-class-generic-call-consumers/results/candidate/gc09-raw-64-candidate-v4/jdk23/debug/jarde/PrimitiveArrayRawParam.java /Users/lordcasser/workspace/projects/jarde/openspec/evidence/raw-receiver-field-selection-2026-10-09/source/ReceiverProbe.java
jdk23/debug/PrimitiveArrayRawParam/jarde-verify-run	0	/Library/Java/JavaVirtualMachines/openjdk-23.0.1/Contents/Home/bin/java -Xverify:all -cp /var/folders/gm/lzn3ylzx4lz7mx29lftngdz40000gn/T/jarde-raw-receiver-replay-5_l38d87/jarde-classes ReceiverProbe PrimitiveArrayRawParam
jdk23/debug/PrimitiveArrayRawParam/jadx	0	/Users/lordcasser/workspace/testzone/jadx/jadx-cli/build/install/jadx/bin/jadx --no-res --single-class PrimitiveArrayRawParam -d /Users/lordcasser/workspace/projects/jarde/openspec/changes/recover-same-class-generic-call-consumers/results/candidate/gc09-raw-64-candidate-v4/jdk23/debug/jadx/PrimitiveArrayRawParam /Users/lordcasser/workspace/projects/jarde/openspec/evidence/raw-receiver-field-selection-2026-10-09/jdk23/debug/input/PrimitiveArrayRawParam.jar
jdk23/debug/PrimitiveArrayRawParam/jadx-source-header	0	nonempty class source
jdk23/debug/PrimitiveArrayRawParam/jadx-javac	0	/Library/Java/JavaVirtualMachines/openjdk-23.0.1/Contents/Home/bin/javac --release 8 -g -classpath /var/folders/gm/lzn3ylzx4lz7mx29lftngdz40000gn/T/jarde-raw-receiver-replay-5_l38d87/empty-classpath -sourcepath /var/folders/gm/lzn3ylzx4lz7mx29lftngdz40000gn/T/jarde-raw-receiver-replay-5_l38d87/empty-sourcepath -d /var/folders/gm/lzn3ylzx4lz7mx29lftngdz40000gn/T/jarde-raw-receiver-replay-5_l38d87/jadx-classes /Users/lordcasser/workspace/projects/jarde/openspec/changes/recover-same-class-generic-call-consumers/results/candidate/gc09-raw-64-candidate-v4/jdk23/debug/jadx/PrimitiveArrayRawParam/sources/defpackage/PrimitiveArrayRawParam.java /Users/lordcasser/workspace/projects/jarde/openspec/evidence/raw-receiver-field-selection-2026-10-09/source/ReceiverProbe.java
jdk23/debug/PrimitiveArrayRawParam/jadx-verify-run	0	/Library/Java/JavaVirtualMachines/openjdk-23.0.1/Contents/Home/bin/java -Xverify:all -cp /var/folders/gm/lzn3ylzx4lz7mx29lftngdz40000gn/T/jarde-raw-receiver-replay-5_l38d87/jadx-classes ReceiverProbe defpackage.PrimitiveArrayRawParam
jdk23/no-debug/PrimitiveArrayRawParam/jar-contents	0	/Library/Java/JavaVirtualMachines/openjdk-23.0.1/Contents/Home/bin/jar tf /Users/lordcasser/workspace/projects/jarde/openspec/evidence/raw-receiver-field-selection-2026-10-09/jdk23/no-debug/input/PrimitiveArrayRawParam.jar
jdk23/no-debug/PrimitiveArrayRawParam/original-javac	0	/Library/Java/JavaVirtualMachines/openjdk-23.0.1/Contents/Home/bin/javac --release 8 -g:none -classpath /var/folders/gm/lzn3ylzx4lz7mx29lftngdz40000gn/T/jarde-raw-receiver-replay-21brh_oz/empty-classpath -sourcepath /var/folders/gm/lzn3ylzx4lz7mx29lftngdz40000gn/T/jarde-raw-receiver-replay-21brh_oz/empty-sourcepath -d /var/folders/gm/lzn3ylzx4lz7mx29lftngdz40000gn/T/jarde-raw-receiver-replay-21brh_oz/original /Users/lordcasser/workspace/projects/jarde/openspec/evidence/raw-receiver-field-selection-2026-10-09/source/PrimitiveArrayRawParam.java
jdk23/no-debug/PrimitiveArrayRawParam/javap	0	/Library/Java/JavaVirtualMachines/openjdk-23.0.1/Contents/Home/bin/javap -p -c -s -v -classpath /Users/lordcasser/workspace/projects/jarde/openspec/evidence/raw-receiver-field-selection-2026-10-09/jdk23/no-debug/input/PrimitiveArrayRawParam.jar PrimitiveArrayRawParam
jdk23/no-debug/PrimitiveArrayRawParam/original-probe-javac	0	/Library/Java/JavaVirtualMachines/openjdk-23.0.1/Contents/Home/bin/javac --release 8 -g:none -classpath /var/folders/gm/lzn3ylzx4lz7mx29lftngdz40000gn/T/jarde-raw-receiver-replay-21brh_oz/empty-classpath -sourcepath /var/folders/gm/lzn3ylzx4lz7mx29lftngdz40000gn/T/jarde-raw-receiver-replay-21brh_oz/empty-sourcepath -d /var/folders/gm/lzn3ylzx4lz7mx29lftngdz40000gn/T/jarde-raw-receiver-replay-21brh_oz/original-probe /Users/lordcasser/workspace/projects/jarde/openspec/evidence/raw-receiver-field-selection-2026-10-09/source/ReceiverProbe.java
jdk23/no-debug/PrimitiveArrayRawParam/original-run	0	/Library/Java/JavaVirtualMachines/openjdk-23.0.1/Contents/Home/bin/java -Xverify:all -cp /var/folders/gm/lzn3ylzx4lz7mx29lftngdz40000gn/T/jarde-raw-receiver-replay-21brh_oz/original:/var/folders/gm/lzn3ylzx4lz7mx29lftngdz40000gn/T/jarde-raw-receiver-replay-21brh_oz/original-probe ReceiverProbe PrimitiveArrayRawParam
jdk23/no-debug/PrimitiveArrayRawParam/jarde-PrimitiveArrayRawParam	0	/private/tmp/jarde-generic-calls-candidate-v4-cli class-source --input /Users/lordcasser/workspace/projects/jarde/openspec/evidence/raw-receiver-field-selection-2026-10-09/jdk23/no-debug/input/PrimitiveArrayRawParam.jar --class PrimitiveArrayRawParam --policy plain-jar --release 8 --format text
jdk23/no-debug/PrimitiveArrayRawParam/jarde-PrimitiveArrayRawParam-source-header	0	nonempty self-describing source
jdk23/no-debug/PrimitiveArrayRawParam/jarde-javac	0	/Library/Java/JavaVirtualMachines/openjdk-23.0.1/Contents/Home/bin/javac --release 8 -g:none -classpath /var/folders/gm/lzn3ylzx4lz7mx29lftngdz40000gn/T/jarde-raw-receiver-replay-21brh_oz/empty-classpath -sourcepath /var/folders/gm/lzn3ylzx4lz7mx29lftngdz40000gn/T/jarde-raw-receiver-replay-21brh_oz/empty-sourcepath -d /var/folders/gm/lzn3ylzx4lz7mx29lftngdz40000gn/T/jarde-raw-receiver-replay-21brh_oz/jarde-classes /Users/lordcasser/workspace/projects/jarde/openspec/changes/recover-same-class-generic-call-consumers/results/candidate/gc09-raw-64-candidate-v4/jdk23/no-debug/jarde/PrimitiveArrayRawParam.java /Users/lordcasser/workspace/projects/jarde/openspec/evidence/raw-receiver-field-selection-2026-10-09/source/ReceiverProbe.java
jdk23/no-debug/PrimitiveArrayRawParam/jarde-verify-run	0	/Library/Java/JavaVirtualMachines/openjdk-23.0.1/Contents/Home/bin/java -Xverify:all -cp /var/folders/gm/lzn3ylzx4lz7mx29lftngdz40000gn/T/jarde-raw-receiver-replay-21brh_oz/jarde-classes ReceiverProbe PrimitiveArrayRawParam
jdk23/no-debug/PrimitiveArrayRawParam/jadx	0	/Users/lordcasser/workspace/testzone/jadx/jadx-cli/build/install/jadx/bin/jadx --no-res --single-class PrimitiveArrayRawParam -d /Users/lordcasser/workspace/projects/jarde/openspec/changes/recover-same-class-generic-call-consumers/results/candidate/gc09-raw-64-candidate-v4/jdk23/no-debug/jadx/PrimitiveArrayRawParam /Users/lordcasser/workspace/projects/jarde/openspec/evidence/raw-receiver-field-selection-2026-10-09/jdk23/no-debug/input/PrimitiveArrayRawParam.jar
jdk23/no-debug/PrimitiveArrayRawParam/jadx-source-header	0	nonempty class source
jdk23/no-debug/PrimitiveArrayRawParam/jadx-javac	0	/Library/Java/JavaVirtualMachines/openjdk-23.0.1/Contents/Home/bin/javac --release 8 -g:none -classpath /var/folders/gm/lzn3ylzx4lz7mx29lftngdz40000gn/T/jarde-raw-receiver-replay-21brh_oz/empty-classpath -sourcepath /var/folders/gm/lzn3ylzx4lz7mx29lftngdz40000gn/T/jarde-raw-receiver-replay-21brh_oz/empty-sourcepath -d /var/folders/gm/lzn3ylzx4lz7mx29lftngdz40000gn/T/jarde-raw-receiver-replay-21brh_oz/jadx-classes /Users/lordcasser/workspace/projects/jarde/openspec/changes/recover-same-class-generic-call-consumers/results/candidate/gc09-raw-64-candidate-v4/jdk23/no-debug/jadx/PrimitiveArrayRawParam/sources/defpackage/PrimitiveArrayRawParam.java /Users/lordcasser/workspace/projects/jarde/openspec/evidence/raw-receiver-field-selection-2026-10-09/source/ReceiverProbe.java
jdk23/no-debug/PrimitiveArrayRawParam/jadx-verify-run	0	/Library/Java/JavaVirtualMachines/openjdk-23.0.1/Contents/Home/bin/java -Xverify:all -cp /var/folders/gm/lzn3ylzx4lz7mx29lftngdz40000gn/T/jarde-raw-receiver-replay-21brh_oz/jadx-classes ReceiverProbe defpackage.PrimitiveArrayRawParam
jdk23/debug/BoundRawParam/jar-contents	0	/Library/Java/JavaVirtualMachines/openjdk-23.0.1/Contents/Home/bin/jar tf /Users/lordcasser/workspace/projects/jarde/openspec/evidence/raw-receiver-field-selection-2026-10-09/jdk23/debug/input/BoundRawParam.jar
jdk23/debug/BoundRawParam/original-javac	0	/Library/Java/JavaVirtualMachines/openjdk-23.0.1/Contents/Home/bin/javac --release 8 -g -classpath /var/folders/gm/lzn3ylzx4lz7mx29lftngdz40000gn/T/jarde-raw-receiver-replay-8d5fz_51/empty-classpath -sourcepath /var/folders/gm/lzn3ylzx4lz7mx29lftngdz40000gn/T/jarde-raw-receiver-replay-8d5fz_51/empty-sourcepath -d /var/folders/gm/lzn3ylzx4lz7mx29lftngdz40000gn/T/jarde-raw-receiver-replay-8d5fz_51/original /Users/lordcasser/workspace/projects/jarde/openspec/evidence/raw-receiver-field-selection-2026-10-09/source/BoundRawParam.java
jdk23/debug/BoundRawParam/javap	0	/Library/Java/JavaVirtualMachines/openjdk-23.0.1/Contents/Home/bin/javap -p -c -s -v -classpath /Users/lordcasser/workspace/projects/jarde/openspec/evidence/raw-receiver-field-selection-2026-10-09/jdk23/debug/input/BoundRawParam.jar BoundRawParam
jdk23/debug/BoundRawParam/original-probe-javac	0	/Library/Java/JavaVirtualMachines/openjdk-23.0.1/Contents/Home/bin/javac --release 8 -g -classpath /var/folders/gm/lzn3ylzx4lz7mx29lftngdz40000gn/T/jarde-raw-receiver-replay-8d5fz_51/empty-classpath -sourcepath /var/folders/gm/lzn3ylzx4lz7mx29lftngdz40000gn/T/jarde-raw-receiver-replay-8d5fz_51/empty-sourcepath -d /var/folders/gm/lzn3ylzx4lz7mx29lftngdz40000gn/T/jarde-raw-receiver-replay-8d5fz_51/original-probe /Users/lordcasser/workspace/projects/jarde/openspec/evidence/raw-receiver-field-selection-2026-10-09/source/ReceiverProbe.java
jdk23/debug/BoundRawParam/original-run	0	/Library/Java/JavaVirtualMachines/openjdk-23.0.1/Contents/Home/bin/java -Xverify:all -cp /var/folders/gm/lzn3ylzx4lz7mx29lftngdz40000gn/T/jarde-raw-receiver-replay-8d5fz_51/original:/var/folders/gm/lzn3ylzx4lz7mx29lftngdz40000gn/T/jarde-raw-receiver-replay-8d5fz_51/original-probe ReceiverProbe BoundRawParam
jdk23/debug/BoundRawParam/jarde-BoundRawParam	0	/private/tmp/jarde-generic-calls-candidate-v4-cli class-source --input /Users/lordcasser/workspace/projects/jarde/openspec/evidence/raw-receiver-field-selection-2026-10-09/jdk23/debug/input/BoundRawParam.jar --class BoundRawParam --policy plain-jar --release 8 --format text
jdk23/debug/BoundRawParam/jarde-BoundRawParam-source-header	0	nonempty self-describing source
jdk23/debug/BoundRawParam/jarde-javac	0	/Library/Java/JavaVirtualMachines/openjdk-23.0.1/Contents/Home/bin/javac --release 8 -g -classpath /var/folders/gm/lzn3ylzx4lz7mx29lftngdz40000gn/T/jarde-raw-receiver-replay-8d5fz_51/empty-classpath -sourcepath /var/folders/gm/lzn3ylzx4lz7mx29lftngdz40000gn/T/jarde-raw-receiver-replay-8d5fz_51/empty-sourcepath -d /var/folders/gm/lzn3ylzx4lz7mx29lftngdz40000gn/T/jarde-raw-receiver-replay-8d5fz_51/jarde-classes /Users/lordcasser/workspace/projects/jarde/openspec/changes/recover-same-class-generic-call-consumers/results/candidate/gc09-raw-64-candidate-v4/jdk23/debug/jarde/BoundRawParam.java /Users/lordcasser/workspace/projects/jarde/openspec/evidence/raw-receiver-field-selection-2026-10-09/source/ReceiverProbe.java
jdk23/debug/BoundRawParam/jarde-verify-run	0	/Library/Java/JavaVirtualMachines/openjdk-23.0.1/Contents/Home/bin/java -Xverify:all -cp /var/folders/gm/lzn3ylzx4lz7mx29lftngdz40000gn/T/jarde-raw-receiver-replay-8d5fz_51/jarde-classes ReceiverProbe BoundRawParam
jdk23/debug/BoundRawParam/jadx	0	/Users/lordcasser/workspace/testzone/jadx/jadx-cli/build/install/jadx/bin/jadx --no-res --single-class BoundRawParam -d /Users/lordcasser/workspace/projects/jarde/openspec/changes/recover-same-class-generic-call-consumers/results/candidate/gc09-raw-64-candidate-v4/jdk23/debug/jadx/BoundRawParam /Users/lordcasser/workspace/projects/jarde/openspec/evidence/raw-receiver-field-selection-2026-10-09/jdk23/debug/input/BoundRawParam.jar
jdk23/debug/BoundRawParam/jadx-source-header	0	nonempty class source
jdk23/debug/BoundRawParam/jadx-javac	0	/Library/Java/JavaVirtualMachines/openjdk-23.0.1/Contents/Home/bin/javac --release 8 -g -classpath /var/folders/gm/lzn3ylzx4lz7mx29lftngdz40000gn/T/jarde-raw-receiver-replay-8d5fz_51/empty-classpath -sourcepath /var/folders/gm/lzn3ylzx4lz7mx29lftngdz40000gn/T/jarde-raw-receiver-replay-8d5fz_51/empty-sourcepath -d /var/folders/gm/lzn3ylzx4lz7mx29lftngdz40000gn/T/jarde-raw-receiver-replay-8d5fz_51/jadx-classes /Users/lordcasser/workspace/projects/jarde/openspec/changes/recover-same-class-generic-call-consumers/results/candidate/gc09-raw-64-candidate-v4/jdk23/debug/jadx/BoundRawParam/sources/defpackage/BoundRawParam.java /Users/lordcasser/workspace/projects/jarde/openspec/evidence/raw-receiver-field-selection-2026-10-09/source/ReceiverProbe.java
jdk23/debug/BoundRawParam/jadx-verify-run	0	/Library/Java/JavaVirtualMachines/openjdk-23.0.1/Contents/Home/bin/java -Xverify:all -cp /var/folders/gm/lzn3ylzx4lz7mx29lftngdz40000gn/T/jarde-raw-receiver-replay-8d5fz_51/jadx-classes ReceiverProbe defpackage.BoundRawParam
jdk23/no-debug/BoundRawParam/jar-contents	0	/Library/Java/JavaVirtualMachines/openjdk-23.0.1/Contents/Home/bin/jar tf /Users/lordcasser/workspace/projects/jarde/openspec/evidence/raw-receiver-field-selection-2026-10-09/jdk23/no-debug/input/BoundRawParam.jar
jdk23/no-debug/BoundRawParam/original-javac	0	/Library/Java/JavaVirtualMachines/openjdk-23.0.1/Contents/Home/bin/javac --release 8 -g:none -classpath /var/folders/gm/lzn3ylzx4lz7mx29lftngdz40000gn/T/jarde-raw-receiver-replay-olmc4quq/empty-classpath -sourcepath /var/folders/gm/lzn3ylzx4lz7mx29lftngdz40000gn/T/jarde-raw-receiver-replay-olmc4quq/empty-sourcepath -d /var/folders/gm/lzn3ylzx4lz7mx29lftngdz40000gn/T/jarde-raw-receiver-replay-olmc4quq/original /Users/lordcasser/workspace/projects/jarde/openspec/evidence/raw-receiver-field-selection-2026-10-09/source/BoundRawParam.java
jdk23/no-debug/BoundRawParam/javap	0	/Library/Java/JavaVirtualMachines/openjdk-23.0.1/Contents/Home/bin/javap -p -c -s -v -classpath /Users/lordcasser/workspace/projects/jarde/openspec/evidence/raw-receiver-field-selection-2026-10-09/jdk23/no-debug/input/BoundRawParam.jar BoundRawParam
jdk23/no-debug/BoundRawParam/original-probe-javac	0	/Library/Java/JavaVirtualMachines/openjdk-23.0.1/Contents/Home/bin/javac --release 8 -g:none -classpath /var/folders/gm/lzn3ylzx4lz7mx29lftngdz40000gn/T/jarde-raw-receiver-replay-olmc4quq/empty-classpath -sourcepath /var/folders/gm/lzn3ylzx4lz7mx29lftngdz40000gn/T/jarde-raw-receiver-replay-olmc4quq/empty-sourcepath -d /var/folders/gm/lzn3ylzx4lz7mx29lftngdz40000gn/T/jarde-raw-receiver-replay-olmc4quq/original-probe /Users/lordcasser/workspace/projects/jarde/openspec/evidence/raw-receiver-field-selection-2026-10-09/source/ReceiverProbe.java
jdk23/no-debug/BoundRawParam/original-run	0	/Library/Java/JavaVirtualMachines/openjdk-23.0.1/Contents/Home/bin/java -Xverify:all -cp /var/folders/gm/lzn3ylzx4lz7mx29lftngdz40000gn/T/jarde-raw-receiver-replay-olmc4quq/original:/var/folders/gm/lzn3ylzx4lz7mx29lftngdz40000gn/T/jarde-raw-receiver-replay-olmc4quq/original-probe ReceiverProbe BoundRawParam
jdk23/no-debug/BoundRawParam/jarde-BoundRawParam	0	/private/tmp/jarde-generic-calls-candidate-v4-cli class-source --input /Users/lordcasser/workspace/projects/jarde/openspec/evidence/raw-receiver-field-selection-2026-10-09/jdk23/no-debug/input/BoundRawParam.jar --class BoundRawParam --policy plain-jar --release 8 --format text
jdk23/no-debug/BoundRawParam/jarde-BoundRawParam-source-header	0	nonempty self-describing source
jdk23/no-debug/BoundRawParam/jarde-javac	0	/Library/Java/JavaVirtualMachines/openjdk-23.0.1/Contents/Home/bin/javac --release 8 -g:none -classpath /var/folders/gm/lzn3ylzx4lz7mx29lftngdz40000gn/T/jarde-raw-receiver-replay-olmc4quq/empty-classpath -sourcepath /var/folders/gm/lzn3ylzx4lz7mx29lftngdz40000gn/T/jarde-raw-receiver-replay-olmc4quq/empty-sourcepath -d /var/folders/gm/lzn3ylzx4lz7mx29lftngdz40000gn/T/jarde-raw-receiver-replay-olmc4quq/jarde-classes /Users/lordcasser/workspace/projects/jarde/openspec/changes/recover-same-class-generic-call-consumers/results/candidate/gc09-raw-64-candidate-v4/jdk23/no-debug/jarde/BoundRawParam.java /Users/lordcasser/workspace/projects/jarde/openspec/evidence/raw-receiver-field-selection-2026-10-09/source/ReceiverProbe.java
jdk23/no-debug/BoundRawParam/jarde-verify-run	0	/Library/Java/JavaVirtualMachines/openjdk-23.0.1/Contents/Home/bin/java -Xverify:all -cp /var/folders/gm/lzn3ylzx4lz7mx29lftngdz40000gn/T/jarde-raw-receiver-replay-olmc4quq/jarde-classes ReceiverProbe BoundRawParam
jdk23/no-debug/BoundRawParam/jadx	0	/Users/lordcasser/workspace/testzone/jadx/jadx-cli/build/install/jadx/bin/jadx --no-res --single-class BoundRawParam -d /Users/lordcasser/workspace/projects/jarde/openspec/changes/recover-same-class-generic-call-consumers/results/candidate/gc09-raw-64-candidate-v4/jdk23/no-debug/jadx/BoundRawParam /Users/lordcasser/workspace/projects/jarde/openspec/evidence/raw-receiver-field-selection-2026-10-09/jdk23/no-debug/input/BoundRawParam.jar
jdk23/no-debug/BoundRawParam/jadx-source-header	0	nonempty class source
jdk23/no-debug/BoundRawParam/jadx-javac	0	/Library/Java/JavaVirtualMachines/openjdk-23.0.1/Contents/Home/bin/javac --release 8 -g:none -classpath /var/folders/gm/lzn3ylzx4lz7mx29lftngdz40000gn/T/jarde-raw-receiver-replay-olmc4quq/empty-classpath -sourcepath /var/folders/gm/lzn3ylzx4lz7mx29lftngdz40000gn/T/jarde-raw-receiver-replay-olmc4quq/empty-sourcepath -d /var/folders/gm/lzn3ylzx4lz7mx29lftngdz40000gn/T/jarde-raw-receiver-replay-olmc4quq/jadx-classes /Users/lordcasser/workspace/projects/jarde/openspec/changes/recover-same-class-generic-call-consumers/results/candidate/gc09-raw-64-candidate-v4/jdk23/no-debug/jadx/BoundRawParam/sources/defpackage/BoundRawParam.java /Users/lordcasser/workspace/projects/jarde/openspec/evidence/raw-receiver-field-selection-2026-10-09/source/ReceiverProbe.java
jdk23/no-debug/BoundRawParam/jadx-verify-run	0	/Library/Java/JavaVirtualMachines/openjdk-23.0.1/Contents/Home/bin/java -Xverify:all -cp /var/folders/gm/lzn3ylzx4lz7mx29lftngdz40000gn/T/jarde-raw-receiver-replay-olmc4quq/jadx-classes ReceiverProbe defpackage.BoundRawParam
jdk23/debug/NullRawParam/jar-contents	0	/Library/Java/JavaVirtualMachines/openjdk-23.0.1/Contents/Home/bin/jar tf /Users/lordcasser/workspace/projects/jarde/openspec/evidence/raw-receiver-field-selection-2026-10-09/jdk23/debug/input/NullRawParam.jar
jdk23/debug/NullRawParam/original-javac	0	/Library/Java/JavaVirtualMachines/openjdk-23.0.1/Contents/Home/bin/javac --release 8 -g -classpath /var/folders/gm/lzn3ylzx4lz7mx29lftngdz40000gn/T/jarde-raw-receiver-replay-67tyi9a7/empty-classpath -sourcepath /var/folders/gm/lzn3ylzx4lz7mx29lftngdz40000gn/T/jarde-raw-receiver-replay-67tyi9a7/empty-sourcepath -d /var/folders/gm/lzn3ylzx4lz7mx29lftngdz40000gn/T/jarde-raw-receiver-replay-67tyi9a7/original /Users/lordcasser/workspace/projects/jarde/openspec/evidence/raw-receiver-field-selection-2026-10-09/source/NullRawParam.java
jdk23/debug/NullRawParam/javap	0	/Library/Java/JavaVirtualMachines/openjdk-23.0.1/Contents/Home/bin/javap -p -c -s -v -classpath /Users/lordcasser/workspace/projects/jarde/openspec/evidence/raw-receiver-field-selection-2026-10-09/jdk23/debug/input/NullRawParam.jar NullRawParam
jdk23/debug/NullRawParam/original-probe-javac	0	/Library/Java/JavaVirtualMachines/openjdk-23.0.1/Contents/Home/bin/javac --release 8 -g -classpath /var/folders/gm/lzn3ylzx4lz7mx29lftngdz40000gn/T/jarde-raw-receiver-replay-67tyi9a7/empty-classpath -sourcepath /var/folders/gm/lzn3ylzx4lz7mx29lftngdz40000gn/T/jarde-raw-receiver-replay-67tyi9a7/empty-sourcepath -d /var/folders/gm/lzn3ylzx4lz7mx29lftngdz40000gn/T/jarde-raw-receiver-replay-67tyi9a7/original-probe /Users/lordcasser/workspace/projects/jarde/openspec/evidence/raw-receiver-field-selection-2026-10-09/source/ReceiverProbe.java
jdk23/debug/NullRawParam/original-run	0	/Library/Java/JavaVirtualMachines/openjdk-23.0.1/Contents/Home/bin/java -Xverify:all -cp /var/folders/gm/lzn3ylzx4lz7mx29lftngdz40000gn/T/jarde-raw-receiver-replay-67tyi9a7/original:/var/folders/gm/lzn3ylzx4lz7mx29lftngdz40000gn/T/jarde-raw-receiver-replay-67tyi9a7/original-probe ReceiverProbe NullRawParam
jdk23/debug/NullRawParam/jarde-NullRawParam	0	/private/tmp/jarde-generic-calls-candidate-v4-cli class-source --input /Users/lordcasser/workspace/projects/jarde/openspec/evidence/raw-receiver-field-selection-2026-10-09/jdk23/debug/input/NullRawParam.jar --class NullRawParam --policy plain-jar --release 8 --format text
jdk23/debug/NullRawParam/jarde-NullRawParam-source-header	0	nonempty self-describing source
jdk23/debug/NullRawParam/jarde-javac	0	/Library/Java/JavaVirtualMachines/openjdk-23.0.1/Contents/Home/bin/javac --release 8 -g -classpath /var/folders/gm/lzn3ylzx4lz7mx29lftngdz40000gn/T/jarde-raw-receiver-replay-67tyi9a7/empty-classpath -sourcepath /var/folders/gm/lzn3ylzx4lz7mx29lftngdz40000gn/T/jarde-raw-receiver-replay-67tyi9a7/empty-sourcepath -d /var/folders/gm/lzn3ylzx4lz7mx29lftngdz40000gn/T/jarde-raw-receiver-replay-67tyi9a7/jarde-classes /Users/lordcasser/workspace/projects/jarde/openspec/changes/recover-same-class-generic-call-consumers/results/candidate/gc09-raw-64-candidate-v4/jdk23/debug/jarde/NullRawParam.java /Users/lordcasser/workspace/projects/jarde/openspec/evidence/raw-receiver-field-selection-2026-10-09/source/ReceiverProbe.java
jdk23/debug/NullRawParam/jarde-verify-run	0	/Library/Java/JavaVirtualMachines/openjdk-23.0.1/Contents/Home/bin/java -Xverify:all -cp /var/folders/gm/lzn3ylzx4lz7mx29lftngdz40000gn/T/jarde-raw-receiver-replay-67tyi9a7/jarde-classes ReceiverProbe NullRawParam
jdk23/debug/NullRawParam/jadx	0	/Users/lordcasser/workspace/testzone/jadx/jadx-cli/build/install/jadx/bin/jadx --no-res --single-class NullRawParam -d /Users/lordcasser/workspace/projects/jarde/openspec/changes/recover-same-class-generic-call-consumers/results/candidate/gc09-raw-64-candidate-v4/jdk23/debug/jadx/NullRawParam /Users/lordcasser/workspace/projects/jarde/openspec/evidence/raw-receiver-field-selection-2026-10-09/jdk23/debug/input/NullRawParam.jar
jdk23/debug/NullRawParam/jadx-source-header	0	nonempty class source
jdk23/debug/NullRawParam/jadx-javac	0	/Library/Java/JavaVirtualMachines/openjdk-23.0.1/Contents/Home/bin/javac --release 8 -g -classpath /var/folders/gm/lzn3ylzx4lz7mx29lftngdz40000gn/T/jarde-raw-receiver-replay-67tyi9a7/empty-classpath -sourcepath /var/folders/gm/lzn3ylzx4lz7mx29lftngdz40000gn/T/jarde-raw-receiver-replay-67tyi9a7/empty-sourcepath -d /var/folders/gm/lzn3ylzx4lz7mx29lftngdz40000gn/T/jarde-raw-receiver-replay-67tyi9a7/jadx-classes /Users/lordcasser/workspace/projects/jarde/openspec/changes/recover-same-class-generic-call-consumers/results/candidate/gc09-raw-64-candidate-v4/jdk23/debug/jadx/NullRawParam/sources/defpackage/NullRawParam.java /Users/lordcasser/workspace/projects/jarde/openspec/evidence/raw-receiver-field-selection-2026-10-09/source/ReceiverProbe.java
jdk23/debug/NullRawParam/jadx-verify-run	0	/Library/Java/JavaVirtualMachines/openjdk-23.0.1/Contents/Home/bin/java -Xverify:all -cp /var/folders/gm/lzn3ylzx4lz7mx29lftngdz40000gn/T/jarde-raw-receiver-replay-67tyi9a7/jadx-classes ReceiverProbe defpackage.NullRawParam
jdk23/no-debug/NullRawParam/jar-contents	0	/Library/Java/JavaVirtualMachines/openjdk-23.0.1/Contents/Home/bin/jar tf /Users/lordcasser/workspace/projects/jarde/openspec/evidence/raw-receiver-field-selection-2026-10-09/jdk23/no-debug/input/NullRawParam.jar
jdk23/no-debug/NullRawParam/original-javac	0	/Library/Java/JavaVirtualMachines/openjdk-23.0.1/Contents/Home/bin/javac --release 8 -g:none -classpath /var/folders/gm/lzn3ylzx4lz7mx29lftngdz40000gn/T/jarde-raw-receiver-replay-5yzp_v6o/empty-classpath -sourcepath /var/folders/gm/lzn3ylzx4lz7mx29lftngdz40000gn/T/jarde-raw-receiver-replay-5yzp_v6o/empty-sourcepath -d /var/folders/gm/lzn3ylzx4lz7mx29lftngdz40000gn/T/jarde-raw-receiver-replay-5yzp_v6o/original /Users/lordcasser/workspace/projects/jarde/openspec/evidence/raw-receiver-field-selection-2026-10-09/source/NullRawParam.java
jdk23/no-debug/NullRawParam/javap	0	/Library/Java/JavaVirtualMachines/openjdk-23.0.1/Contents/Home/bin/javap -p -c -s -v -classpath /Users/lordcasser/workspace/projects/jarde/openspec/evidence/raw-receiver-field-selection-2026-10-09/jdk23/no-debug/input/NullRawParam.jar NullRawParam
jdk23/no-debug/NullRawParam/original-probe-javac	0	/Library/Java/JavaVirtualMachines/openjdk-23.0.1/Contents/Home/bin/javac --release 8 -g:none -classpath /var/folders/gm/lzn3ylzx4lz7mx29lftngdz40000gn/T/jarde-raw-receiver-replay-5yzp_v6o/empty-classpath -sourcepath /var/folders/gm/lzn3ylzx4lz7mx29lftngdz40000gn/T/jarde-raw-receiver-replay-5yzp_v6o/empty-sourcepath -d /var/folders/gm/lzn3ylzx4lz7mx29lftngdz40000gn/T/jarde-raw-receiver-replay-5yzp_v6o/original-probe /Users/lordcasser/workspace/projects/jarde/openspec/evidence/raw-receiver-field-selection-2026-10-09/source/ReceiverProbe.java
jdk23/no-debug/NullRawParam/original-run	0	/Library/Java/JavaVirtualMachines/openjdk-23.0.1/Contents/Home/bin/java -Xverify:all -cp /var/folders/gm/lzn3ylzx4lz7mx29lftngdz40000gn/T/jarde-raw-receiver-replay-5yzp_v6o/original:/var/folders/gm/lzn3ylzx4lz7mx29lftngdz40000gn/T/jarde-raw-receiver-replay-5yzp_v6o/original-probe ReceiverProbe NullRawParam
jdk23/no-debug/NullRawParam/jarde-NullRawParam	0	/private/tmp/jarde-generic-calls-candidate-v4-cli class-source --input /Users/lordcasser/workspace/projects/jarde/openspec/evidence/raw-receiver-field-selection-2026-10-09/jdk23/no-debug/input/NullRawParam.jar --class NullRawParam --policy plain-jar --release 8 --format text
jdk23/no-debug/NullRawParam/jarde-NullRawParam-source-header	0	nonempty self-describing source
jdk23/no-debug/NullRawParam/jarde-javac	0	/Library/Java/JavaVirtualMachines/openjdk-23.0.1/Contents/Home/bin/javac --release 8 -g:none -classpath /var/folders/gm/lzn3ylzx4lz7mx29lftngdz40000gn/T/jarde-raw-receiver-replay-5yzp_v6o/empty-classpath -sourcepath /var/folders/gm/lzn3ylzx4lz7mx29lftngdz40000gn/T/jarde-raw-receiver-replay-5yzp_v6o/empty-sourcepath -d /var/folders/gm/lzn3ylzx4lz7mx29lftngdz40000gn/T/jarde-raw-receiver-replay-5yzp_v6o/jarde-classes /Users/lordcasser/workspace/projects/jarde/openspec/changes/recover-same-class-generic-call-consumers/results/candidate/gc09-raw-64-candidate-v4/jdk23/no-debug/jarde/NullRawParam.java /Users/lordcasser/workspace/projects/jarde/openspec/evidence/raw-receiver-field-selection-2026-10-09/source/ReceiverProbe.java
jdk23/no-debug/NullRawParam/jarde-verify-run	0	/Library/Java/JavaVirtualMachines/openjdk-23.0.1/Contents/Home/bin/java -Xverify:all -cp /var/folders/gm/lzn3ylzx4lz7mx29lftngdz40000gn/T/jarde-raw-receiver-replay-5yzp_v6o/jarde-classes ReceiverProbe NullRawParam
jdk23/no-debug/NullRawParam/jadx	0	/Users/lordcasser/workspace/testzone/jadx/jadx-cli/build/install/jadx/bin/jadx --no-res --single-class NullRawParam -d /Users/lordcasser/workspace/projects/jarde/openspec/changes/recover-same-class-generic-call-consumers/results/candidate/gc09-raw-64-candidate-v4/jdk23/no-debug/jadx/NullRawParam /Users/lordcasser/workspace/projects/jarde/openspec/evidence/raw-receiver-field-selection-2026-10-09/jdk23/no-debug/input/NullRawParam.jar
jdk23/no-debug/NullRawParam/jadx-source-header	0	nonempty class source
jdk23/no-debug/NullRawParam/jadx-javac	0	/Library/Java/JavaVirtualMachines/openjdk-23.0.1/Contents/Home/bin/javac --release 8 -g:none -classpath /var/folders/gm/lzn3ylzx4lz7mx29lftngdz40000gn/T/jarde-raw-receiver-replay-5yzp_v6o/empty-classpath -sourcepath /var/folders/gm/lzn3ylzx4lz7mx29lftngdz40000gn/T/jarde-raw-receiver-replay-5yzp_v6o/empty-sourcepath -d /var/folders/gm/lzn3ylzx4lz7mx29lftngdz40000gn/T/jarde-raw-receiver-replay-5yzp_v6o/jadx-classes /Users/lordcasser/workspace/projects/jarde/openspec/changes/recover-same-class-generic-call-consumers/results/candidate/gc09-raw-64-candidate-v4/jdk23/no-debug/jadx/NullRawParam/sources/defpackage/NullRawParam.java /Users/lordcasser/workspace/projects/jarde/openspec/evidence/raw-receiver-field-selection-2026-10-09/source/ReceiverProbe.java
jdk23/no-debug/NullRawParam/jadx-verify-run	0	/Library/Java/JavaVirtualMachines/openjdk-23.0.1/Contents/Home/bin/java -Xverify:all -cp /var/folders/gm/lzn3ylzx4lz7mx29lftngdz40000gn/T/jarde-raw-receiver-replay-5yzp_v6o/jadx-classes ReceiverProbe defpackage.NullRawParam
jdk23/debug/RetainedAliasRawParam/jar-contents	0	/Library/Java/JavaVirtualMachines/openjdk-23.0.1/Contents/Home/bin/jar tf /Users/lordcasser/workspace/projects/jarde/openspec/evidence/raw-receiver-field-selection-2026-10-09/jdk23/debug/input/RetainedAliasRawParam.jar
jdk23/debug/RetainedAliasRawParam/original-javac	0	/Library/Java/JavaVirtualMachines/openjdk-23.0.1/Contents/Home/bin/javac --release 8 -g -classpath /var/folders/gm/lzn3ylzx4lz7mx29lftngdz40000gn/T/jarde-raw-receiver-replay-yfpduvz9/empty-classpath -sourcepath /var/folders/gm/lzn3ylzx4lz7mx29lftngdz40000gn/T/jarde-raw-receiver-replay-yfpduvz9/empty-sourcepath -d /var/folders/gm/lzn3ylzx4lz7mx29lftngdz40000gn/T/jarde-raw-receiver-replay-yfpduvz9/original /Users/lordcasser/workspace/projects/jarde/openspec/evidence/raw-receiver-field-selection-2026-10-09/source/RetainedAliasRawParam.java
jdk23/debug/RetainedAliasRawParam/javap	0	/Library/Java/JavaVirtualMachines/openjdk-23.0.1/Contents/Home/bin/javap -p -c -s -v -classpath /Users/lordcasser/workspace/projects/jarde/openspec/evidence/raw-receiver-field-selection-2026-10-09/jdk23/debug/input/RetainedAliasRawParam.jar RetainedAliasRawParam
jdk23/debug/RetainedAliasRawParam/original-probe-javac	0	/Library/Java/JavaVirtualMachines/openjdk-23.0.1/Contents/Home/bin/javac --release 8 -g -classpath /var/folders/gm/lzn3ylzx4lz7mx29lftngdz40000gn/T/jarde-raw-receiver-replay-yfpduvz9/empty-classpath -sourcepath /var/folders/gm/lzn3ylzx4lz7mx29lftngdz40000gn/T/jarde-raw-receiver-replay-yfpduvz9/empty-sourcepath -d /var/folders/gm/lzn3ylzx4lz7mx29lftngdz40000gn/T/jarde-raw-receiver-replay-yfpduvz9/original-probe /Users/lordcasser/workspace/projects/jarde/openspec/evidence/raw-receiver-field-selection-2026-10-09/source/ReceiverProbe.java
jdk23/debug/RetainedAliasRawParam/original-run	0	/Library/Java/JavaVirtualMachines/openjdk-23.0.1/Contents/Home/bin/java -Xverify:all -cp /var/folders/gm/lzn3ylzx4lz7mx29lftngdz40000gn/T/jarde-raw-receiver-replay-yfpduvz9/original:/var/folders/gm/lzn3ylzx4lz7mx29lftngdz40000gn/T/jarde-raw-receiver-replay-yfpduvz9/original-probe ReceiverProbe RetainedAliasRawParam
jdk23/debug/RetainedAliasRawParam/jarde-RetainedAliasRawParam	0	/private/tmp/jarde-generic-calls-candidate-v4-cli class-source --input /Users/lordcasser/workspace/projects/jarde/openspec/evidence/raw-receiver-field-selection-2026-10-09/jdk23/debug/input/RetainedAliasRawParam.jar --class RetainedAliasRawParam --policy plain-jar --release 8 --format text
jdk23/debug/RetainedAliasRawParam/jarde-RetainedAliasRawParam-source-header	0	nonempty self-describing source
jdk23/debug/RetainedAliasRawParam/jarde-javac	0	/Library/Java/JavaVirtualMachines/openjdk-23.0.1/Contents/Home/bin/javac --release 8 -g -classpath /var/folders/gm/lzn3ylzx4lz7mx29lftngdz40000gn/T/jarde-raw-receiver-replay-yfpduvz9/empty-classpath -sourcepath /var/folders/gm/lzn3ylzx4lz7mx29lftngdz40000gn/T/jarde-raw-receiver-replay-yfpduvz9/empty-sourcepath -d /var/folders/gm/lzn3ylzx4lz7mx29lftngdz40000gn/T/jarde-raw-receiver-replay-yfpduvz9/jarde-classes /Users/lordcasser/workspace/projects/jarde/openspec/changes/recover-same-class-generic-call-consumers/results/candidate/gc09-raw-64-candidate-v4/jdk23/debug/jarde/RetainedAliasRawParam.java /Users/lordcasser/workspace/projects/jarde/openspec/evidence/raw-receiver-field-selection-2026-10-09/source/ReceiverProbe.java
jdk23/debug/RetainedAliasRawParam/jarde-verify-run	0	/Library/Java/JavaVirtualMachines/openjdk-23.0.1/Contents/Home/bin/java -Xverify:all -cp /var/folders/gm/lzn3ylzx4lz7mx29lftngdz40000gn/T/jarde-raw-receiver-replay-yfpduvz9/jarde-classes ReceiverProbe RetainedAliasRawParam
jdk23/debug/RetainedAliasRawParam/jadx	0	/Users/lordcasser/workspace/testzone/jadx/jadx-cli/build/install/jadx/bin/jadx --no-res --single-class RetainedAliasRawParam -d /Users/lordcasser/workspace/projects/jarde/openspec/changes/recover-same-class-generic-call-consumers/results/candidate/gc09-raw-64-candidate-v4/jdk23/debug/jadx/RetainedAliasRawParam /Users/lordcasser/workspace/projects/jarde/openspec/evidence/raw-receiver-field-selection-2026-10-09/jdk23/debug/input/RetainedAliasRawParam.jar
jdk23/debug/RetainedAliasRawParam/jadx-source-header	0	nonempty class source
jdk23/debug/RetainedAliasRawParam/jadx-javac	0	/Library/Java/JavaVirtualMachines/openjdk-23.0.1/Contents/Home/bin/javac --release 8 -g -classpath /var/folders/gm/lzn3ylzx4lz7mx29lftngdz40000gn/T/jarde-raw-receiver-replay-yfpduvz9/empty-classpath -sourcepath /var/folders/gm/lzn3ylzx4lz7mx29lftngdz40000gn/T/jarde-raw-receiver-replay-yfpduvz9/empty-sourcepath -d /var/folders/gm/lzn3ylzx4lz7mx29lftngdz40000gn/T/jarde-raw-receiver-replay-yfpduvz9/jadx-classes /Users/lordcasser/workspace/projects/jarde/openspec/changes/recover-same-class-generic-call-consumers/results/candidate/gc09-raw-64-candidate-v4/jdk23/debug/jadx/RetainedAliasRawParam/sources/defpackage/RetainedAliasRawParam.java /Users/lordcasser/workspace/projects/jarde/openspec/evidence/raw-receiver-field-selection-2026-10-09/source/ReceiverProbe.java
jdk23/debug/RetainedAliasRawParam/jadx-verify-run	0	/Library/Java/JavaVirtualMachines/openjdk-23.0.1/Contents/Home/bin/java -Xverify:all -cp /var/folders/gm/lzn3ylzx4lz7mx29lftngdz40000gn/T/jarde-raw-receiver-replay-yfpduvz9/jadx-classes ReceiverProbe defpackage.RetainedAliasRawParam
jdk23/no-debug/RetainedAliasRawParam/jar-contents	0	/Library/Java/JavaVirtualMachines/openjdk-23.0.1/Contents/Home/bin/jar tf /Users/lordcasser/workspace/projects/jarde/openspec/evidence/raw-receiver-field-selection-2026-10-09/jdk23/no-debug/input/RetainedAliasRawParam.jar
jdk23/no-debug/RetainedAliasRawParam/original-javac	0	/Library/Java/JavaVirtualMachines/openjdk-23.0.1/Contents/Home/bin/javac --release 8 -g:none -classpath /var/folders/gm/lzn3ylzx4lz7mx29lftngdz40000gn/T/jarde-raw-receiver-replay-dng8grtp/empty-classpath -sourcepath /var/folders/gm/lzn3ylzx4lz7mx29lftngdz40000gn/T/jarde-raw-receiver-replay-dng8grtp/empty-sourcepath -d /var/folders/gm/lzn3ylzx4lz7mx29lftngdz40000gn/T/jarde-raw-receiver-replay-dng8grtp/original /Users/lordcasser/workspace/projects/jarde/openspec/evidence/raw-receiver-field-selection-2026-10-09/source/RetainedAliasRawParam.java
jdk23/no-debug/RetainedAliasRawParam/javap	0	/Library/Java/JavaVirtualMachines/openjdk-23.0.1/Contents/Home/bin/javap -p -c -s -v -classpath /Users/lordcasser/workspace/projects/jarde/openspec/evidence/raw-receiver-field-selection-2026-10-09/jdk23/no-debug/input/RetainedAliasRawParam.jar RetainedAliasRawParam
jdk23/no-debug/RetainedAliasRawParam/original-probe-javac	0	/Library/Java/JavaVirtualMachines/openjdk-23.0.1/Contents/Home/bin/javac --release 8 -g:none -classpath /var/folders/gm/lzn3ylzx4lz7mx29lftngdz40000gn/T/jarde-raw-receiver-replay-dng8grtp/empty-classpath -sourcepath /var/folders/gm/lzn3ylzx4lz7mx29lftngdz40000gn/T/jarde-raw-receiver-replay-dng8grtp/empty-sourcepath -d /var/folders/gm/lzn3ylzx4lz7mx29lftngdz40000gn/T/jarde-raw-receiver-replay-dng8grtp/original-probe /Users/lordcasser/workspace/projects/jarde/openspec/evidence/raw-receiver-field-selection-2026-10-09/source/ReceiverProbe.java
jdk23/no-debug/RetainedAliasRawParam/original-run	0	/Library/Java/JavaVirtualMachines/openjdk-23.0.1/Contents/Home/bin/java -Xverify:all -cp /var/folders/gm/lzn3ylzx4lz7mx29lftngdz40000gn/T/jarde-raw-receiver-replay-dng8grtp/original:/var/folders/gm/lzn3ylzx4lz7mx29lftngdz40000gn/T/jarde-raw-receiver-replay-dng8grtp/original-probe ReceiverProbe RetainedAliasRawParam
jdk23/no-debug/RetainedAliasRawParam/jarde-RetainedAliasRawParam	0	/private/tmp/jarde-generic-calls-candidate-v4-cli class-source --input /Users/lordcasser/workspace/projects/jarde/openspec/evidence/raw-receiver-field-selection-2026-10-09/jdk23/no-debug/input/RetainedAliasRawParam.jar --class RetainedAliasRawParam --policy plain-jar --release 8 --format text
jdk23/no-debug/RetainedAliasRawParam/jarde-RetainedAliasRawParam-source-header	0	nonempty self-describing source
jdk23/no-debug/RetainedAliasRawParam/jarde-javac	0	/Library/Java/JavaVirtualMachines/openjdk-23.0.1/Contents/Home/bin/javac --release 8 -g:none -classpath /var/folders/gm/lzn3ylzx4lz7mx29lftngdz40000gn/T/jarde-raw-receiver-replay-dng8grtp/empty-classpath -sourcepath /var/folders/gm/lzn3ylzx4lz7mx29lftngdz40000gn/T/jarde-raw-receiver-replay-dng8grtp/empty-sourcepath -d /var/folders/gm/lzn3ylzx4lz7mx29lftngdz40000gn/T/jarde-raw-receiver-replay-dng8grtp/jarde-classes /Users/lordcasser/workspace/projects/jarde/openspec/changes/recover-same-class-generic-call-consumers/results/candidate/gc09-raw-64-candidate-v4/jdk23/no-debug/jarde/RetainedAliasRawParam.java /Users/lordcasser/workspace/projects/jarde/openspec/evidence/raw-receiver-field-selection-2026-10-09/source/ReceiverProbe.java
jdk23/no-debug/RetainedAliasRawParam/jarde-verify-run	0	/Library/Java/JavaVirtualMachines/openjdk-23.0.1/Contents/Home/bin/java -Xverify:all -cp /var/folders/gm/lzn3ylzx4lz7mx29lftngdz40000gn/T/jarde-raw-receiver-replay-dng8grtp/jarde-classes ReceiverProbe RetainedAliasRawParam
jdk23/no-debug/RetainedAliasRawParam/jadx	0	/Users/lordcasser/workspace/testzone/jadx/jadx-cli/build/install/jadx/bin/jadx --no-res --single-class RetainedAliasRawParam -d /Users/lordcasser/workspace/projects/jarde/openspec/changes/recover-same-class-generic-call-consumers/results/candidate/gc09-raw-64-candidate-v4/jdk23/no-debug/jadx/RetainedAliasRawParam /Users/lordcasser/workspace/projects/jarde/openspec/evidence/raw-receiver-field-selection-2026-10-09/jdk23/no-debug/input/RetainedAliasRawParam.jar
jdk23/no-debug/RetainedAliasRawParam/jadx-source-header	0	nonempty class source
jdk23/no-debug/RetainedAliasRawParam/jadx-javac	0	/Library/Java/JavaVirtualMachines/openjdk-23.0.1/Contents/Home/bin/javac --release 8 -g:none -classpath /var/folders/gm/lzn3ylzx4lz7mx29lftngdz40000gn/T/jarde-raw-receiver-replay-dng8grtp/empty-classpath -sourcepath /var/folders/gm/lzn3ylzx4lz7mx29lftngdz40000gn/T/jarde-raw-receiver-replay-dng8grtp/empty-sourcepath -d /var/folders/gm/lzn3ylzx4lz7mx29lftngdz40000gn/T/jarde-raw-receiver-replay-dng8grtp/jadx-classes /Users/lordcasser/workspace/projects/jarde/openspec/changes/recover-same-class-generic-call-consumers/results/candidate/gc09-raw-64-candidate-v4/jdk23/no-debug/jadx/RetainedAliasRawParam/sources/defpackage/RetainedAliasRawParam.java /Users/lordcasser/workspace/projects/jarde/openspec/evidence/raw-receiver-field-selection-2026-10-09/source/ReceiverProbe.java
jdk23/no-debug/RetainedAliasRawParam/jadx-verify-run	0	/Library/Java/JavaVirtualMachines/openjdk-23.0.1/Contents/Home/bin/java -Xverify:all -cp /var/folders/gm/lzn3ylzx4lz7mx29lftngdz40000gn/T/jarde-raw-receiver-replay-dng8grtp/jadx-classes ReceiverProbe defpackage.RetainedAliasRawParam
jdk23/debug/MultiFormalRawParam/jar-contents	0	/Library/Java/JavaVirtualMachines/openjdk-23.0.1/Contents/Home/bin/jar tf /Users/lordcasser/workspace/projects/jarde/openspec/evidence/raw-receiver-field-selection-2026-10-09/jdk23/debug/input/MultiFormalRawParam.jar
jdk23/debug/MultiFormalRawParam/original-javac	0	/Library/Java/JavaVirtualMachines/openjdk-23.0.1/Contents/Home/bin/javac --release 8 -g -classpath /var/folders/gm/lzn3ylzx4lz7mx29lftngdz40000gn/T/jarde-raw-receiver-replay-tunhxutk/empty-classpath -sourcepath /var/folders/gm/lzn3ylzx4lz7mx29lftngdz40000gn/T/jarde-raw-receiver-replay-tunhxutk/empty-sourcepath -d /var/folders/gm/lzn3ylzx4lz7mx29lftngdz40000gn/T/jarde-raw-receiver-replay-tunhxutk/original /Users/lordcasser/workspace/projects/jarde/openspec/evidence/raw-receiver-field-selection-2026-10-09/source/MultiFormalRawParam.java
jdk23/debug/MultiFormalRawParam/javap	0	/Library/Java/JavaVirtualMachines/openjdk-23.0.1/Contents/Home/bin/javap -p -c -s -v -classpath /Users/lordcasser/workspace/projects/jarde/openspec/evidence/raw-receiver-field-selection-2026-10-09/jdk23/debug/input/MultiFormalRawParam.jar MultiFormalRawParam
jdk23/debug/MultiFormalRawParam/original-probe-javac	0	/Library/Java/JavaVirtualMachines/openjdk-23.0.1/Contents/Home/bin/javac --release 8 -g -classpath /var/folders/gm/lzn3ylzx4lz7mx29lftngdz40000gn/T/jarde-raw-receiver-replay-tunhxutk/empty-classpath -sourcepath /var/folders/gm/lzn3ylzx4lz7mx29lftngdz40000gn/T/jarde-raw-receiver-replay-tunhxutk/empty-sourcepath -d /var/folders/gm/lzn3ylzx4lz7mx29lftngdz40000gn/T/jarde-raw-receiver-replay-tunhxutk/original-probe /Users/lordcasser/workspace/projects/jarde/openspec/evidence/raw-receiver-field-selection-2026-10-09/source/ReceiverProbe.java
jdk23/debug/MultiFormalRawParam/original-run	0	/Library/Java/JavaVirtualMachines/openjdk-23.0.1/Contents/Home/bin/java -Xverify:all -cp /var/folders/gm/lzn3ylzx4lz7mx29lftngdz40000gn/T/jarde-raw-receiver-replay-tunhxutk/original:/var/folders/gm/lzn3ylzx4lz7mx29lftngdz40000gn/T/jarde-raw-receiver-replay-tunhxutk/original-probe ReceiverProbe MultiFormalRawParam
jdk23/debug/MultiFormalRawParam/jarde-MultiFormalRawParam	0	/private/tmp/jarde-generic-calls-candidate-v4-cli class-source --input /Users/lordcasser/workspace/projects/jarde/openspec/evidence/raw-receiver-field-selection-2026-10-09/jdk23/debug/input/MultiFormalRawParam.jar --class MultiFormalRawParam --policy plain-jar --release 8 --format text
jdk23/debug/MultiFormalRawParam/jarde-MultiFormalRawParam-source-header	0	nonempty self-describing source
jdk23/debug/MultiFormalRawParam/jarde-javac	0	/Library/Java/JavaVirtualMachines/openjdk-23.0.1/Contents/Home/bin/javac --release 8 -g -classpath /var/folders/gm/lzn3ylzx4lz7mx29lftngdz40000gn/T/jarde-raw-receiver-replay-tunhxutk/empty-classpath -sourcepath /var/folders/gm/lzn3ylzx4lz7mx29lftngdz40000gn/T/jarde-raw-receiver-replay-tunhxutk/empty-sourcepath -d /var/folders/gm/lzn3ylzx4lz7mx29lftngdz40000gn/T/jarde-raw-receiver-replay-tunhxutk/jarde-classes /Users/lordcasser/workspace/projects/jarde/openspec/changes/recover-same-class-generic-call-consumers/results/candidate/gc09-raw-64-candidate-v4/jdk23/debug/jarde/MultiFormalRawParam.java /Users/lordcasser/workspace/projects/jarde/openspec/evidence/raw-receiver-field-selection-2026-10-09/source/ReceiverProbe.java
jdk23/debug/MultiFormalRawParam/jarde-verify-run	0	/Library/Java/JavaVirtualMachines/openjdk-23.0.1/Contents/Home/bin/java -Xverify:all -cp /var/folders/gm/lzn3ylzx4lz7mx29lftngdz40000gn/T/jarde-raw-receiver-replay-tunhxutk/jarde-classes ReceiverProbe MultiFormalRawParam
jdk23/debug/MultiFormalRawParam/jadx	0	/Users/lordcasser/workspace/testzone/jadx/jadx-cli/build/install/jadx/bin/jadx --no-res --single-class MultiFormalRawParam -d /Users/lordcasser/workspace/projects/jarde/openspec/changes/recover-same-class-generic-call-consumers/results/candidate/gc09-raw-64-candidate-v4/jdk23/debug/jadx/MultiFormalRawParam /Users/lordcasser/workspace/projects/jarde/openspec/evidence/raw-receiver-field-selection-2026-10-09/jdk23/debug/input/MultiFormalRawParam.jar
jdk23/debug/MultiFormalRawParam/jadx-source-header	0	nonempty class source
jdk23/debug/MultiFormalRawParam/jadx-javac	0	/Library/Java/JavaVirtualMachines/openjdk-23.0.1/Contents/Home/bin/javac --release 8 -g -classpath /var/folders/gm/lzn3ylzx4lz7mx29lftngdz40000gn/T/jarde-raw-receiver-replay-tunhxutk/empty-classpath -sourcepath /var/folders/gm/lzn3ylzx4lz7mx29lftngdz40000gn/T/jarde-raw-receiver-replay-tunhxutk/empty-sourcepath -d /var/folders/gm/lzn3ylzx4lz7mx29lftngdz40000gn/T/jarde-raw-receiver-replay-tunhxutk/jadx-classes /Users/lordcasser/workspace/projects/jarde/openspec/changes/recover-same-class-generic-call-consumers/results/candidate/gc09-raw-64-candidate-v4/jdk23/debug/jadx/MultiFormalRawParam/sources/defpackage/MultiFormalRawParam.java /Users/lordcasser/workspace/projects/jarde/openspec/evidence/raw-receiver-field-selection-2026-10-09/source/ReceiverProbe.java
jdk23/debug/MultiFormalRawParam/jadx-verify-run	0	/Library/Java/JavaVirtualMachines/openjdk-23.0.1/Contents/Home/bin/java -Xverify:all -cp /var/folders/gm/lzn3ylzx4lz7mx29lftngdz40000gn/T/jarde-raw-receiver-replay-tunhxutk/jadx-classes ReceiverProbe defpackage.MultiFormalRawParam
jdk23/no-debug/MultiFormalRawParam/jar-contents	0	/Library/Java/JavaVirtualMachines/openjdk-23.0.1/Contents/Home/bin/jar tf /Users/lordcasser/workspace/projects/jarde/openspec/evidence/raw-receiver-field-selection-2026-10-09/jdk23/no-debug/input/MultiFormalRawParam.jar
jdk23/no-debug/MultiFormalRawParam/original-javac	0	/Library/Java/JavaVirtualMachines/openjdk-23.0.1/Contents/Home/bin/javac --release 8 -g:none -classpath /var/folders/gm/lzn3ylzx4lz7mx29lftngdz40000gn/T/jarde-raw-receiver-replay-wrrjgref/empty-classpath -sourcepath /var/folders/gm/lzn3ylzx4lz7mx29lftngdz40000gn/T/jarde-raw-receiver-replay-wrrjgref/empty-sourcepath -d /var/folders/gm/lzn3ylzx4lz7mx29lftngdz40000gn/T/jarde-raw-receiver-replay-wrrjgref/original /Users/lordcasser/workspace/projects/jarde/openspec/evidence/raw-receiver-field-selection-2026-10-09/source/MultiFormalRawParam.java
jdk23/no-debug/MultiFormalRawParam/javap	0	/Library/Java/JavaVirtualMachines/openjdk-23.0.1/Contents/Home/bin/javap -p -c -s -v -classpath /Users/lordcasser/workspace/projects/jarde/openspec/evidence/raw-receiver-field-selection-2026-10-09/jdk23/no-debug/input/MultiFormalRawParam.jar MultiFormalRawParam
jdk23/no-debug/MultiFormalRawParam/original-probe-javac	0	/Library/Java/JavaVirtualMachines/openjdk-23.0.1/Contents/Home/bin/javac --release 8 -g:none -classpath /var/folders/gm/lzn3ylzx4lz7mx29lftngdz40000gn/T/jarde-raw-receiver-replay-wrrjgref/empty-classpath -sourcepath /var/folders/gm/lzn3ylzx4lz7mx29lftngdz40000gn/T/jarde-raw-receiver-replay-wrrjgref/empty-sourcepath -d /var/folders/gm/lzn3ylzx4lz7mx29lftngdz40000gn/T/jarde-raw-receiver-replay-wrrjgref/original-probe /Users/lordcasser/workspace/projects/jarde/openspec/evidence/raw-receiver-field-selection-2026-10-09/source/ReceiverProbe.java
jdk23/no-debug/MultiFormalRawParam/original-run	0	/Library/Java/JavaVirtualMachines/openjdk-23.0.1/Contents/Home/bin/java -Xverify:all -cp /var/folders/gm/lzn3ylzx4lz7mx29lftngdz40000gn/T/jarde-raw-receiver-replay-wrrjgref/original:/var/folders/gm/lzn3ylzx4lz7mx29lftngdz40000gn/T/jarde-raw-receiver-replay-wrrjgref/original-probe ReceiverProbe MultiFormalRawParam
jdk23/no-debug/MultiFormalRawParam/jarde-MultiFormalRawParam	0	/private/tmp/jarde-generic-calls-candidate-v4-cli class-source --input /Users/lordcasser/workspace/projects/jarde/openspec/evidence/raw-receiver-field-selection-2026-10-09/jdk23/no-debug/input/MultiFormalRawParam.jar --class MultiFormalRawParam --policy plain-jar --release 8 --format text
jdk23/no-debug/MultiFormalRawParam/jarde-MultiFormalRawParam-source-header	0	nonempty self-describing source
jdk23/no-debug/MultiFormalRawParam/jarde-javac	0	/Library/Java/JavaVirtualMachines/openjdk-23.0.1/Contents/Home/bin/javac --release 8 -g:none -classpath /var/folders/gm/lzn3ylzx4lz7mx29lftngdz40000gn/T/jarde-raw-receiver-replay-wrrjgref/empty-classpath -sourcepath /var/folders/gm/lzn3ylzx4lz7mx29lftngdz40000gn/T/jarde-raw-receiver-replay-wrrjgref/empty-sourcepath -d /var/folders/gm/lzn3ylzx4lz7mx29lftngdz40000gn/T/jarde-raw-receiver-replay-wrrjgref/jarde-classes /Users/lordcasser/workspace/projects/jarde/openspec/changes/recover-same-class-generic-call-consumers/results/candidate/gc09-raw-64-candidate-v4/jdk23/no-debug/jarde/MultiFormalRawParam.java /Users/lordcasser/workspace/projects/jarde/openspec/evidence/raw-receiver-field-selection-2026-10-09/source/ReceiverProbe.java
jdk23/no-debug/MultiFormalRawParam/jarde-verify-run	0	/Library/Java/JavaVirtualMachines/openjdk-23.0.1/Contents/Home/bin/java -Xverify:all -cp /var/folders/gm/lzn3ylzx4lz7mx29lftngdz40000gn/T/jarde-raw-receiver-replay-wrrjgref/jarde-classes ReceiverProbe MultiFormalRawParam
jdk23/no-debug/MultiFormalRawParam/jadx	0	/Users/lordcasser/workspace/testzone/jadx/jadx-cli/build/install/jadx/bin/jadx --no-res --single-class MultiFormalRawParam -d /Users/lordcasser/workspace/projects/jarde/openspec/changes/recover-same-class-generic-call-consumers/results/candidate/gc09-raw-64-candidate-v4/jdk23/no-debug/jadx/MultiFormalRawParam /Users/lordcasser/workspace/projects/jarde/openspec/evidence/raw-receiver-field-selection-2026-10-09/jdk23/no-debug/input/MultiFormalRawParam.jar
jdk23/no-debug/MultiFormalRawParam/jadx-source-header	0	nonempty class source
jdk23/no-debug/MultiFormalRawParam/jadx-javac	0	/Library/Java/JavaVirtualMachines/openjdk-23.0.1/Contents/Home/bin/javac --release 8 -g:none -classpath /var/folders/gm/lzn3ylzx4lz7mx29lftngdz40000gn/T/jarde-raw-receiver-replay-wrrjgref/empty-classpath -sourcepath /var/folders/gm/lzn3ylzx4lz7mx29lftngdz40000gn/T/jarde-raw-receiver-replay-wrrjgref/empty-sourcepath -d /var/folders/gm/lzn3ylzx4lz7mx29lftngdz40000gn/T/jarde-raw-receiver-replay-wrrjgref/jadx-classes /Users/lordcasser/workspace/projects/jarde/openspec/changes/recover-same-class-generic-call-consumers/results/candidate/gc09-raw-64-candidate-v4/jdk23/no-debug/jadx/MultiFormalRawParam/sources/defpackage/MultiFormalRawParam.java /Users/lordcasser/workspace/projects/jarde/openspec/evidence/raw-receiver-field-selection-2026-10-09/source/ReceiverProbe.java
jdk23/no-debug/MultiFormalRawParam/jadx-verify-run	0	/Library/Java/JavaVirtualMachines/openjdk-23.0.1/Contents/Home/bin/java -Xverify:all -cp /var/folders/gm/lzn3ylzx4lz7mx29lftngdz40000gn/T/jarde-raw-receiver-replay-wrrjgref/jadx-classes ReceiverProbe defpackage.MultiFormalRawParam
jdk23/debug/RawOwnerChild/jar-contents	0	/Library/Java/JavaVirtualMachines/openjdk-23.0.1/Contents/Home/bin/jar tf /Users/lordcasser/workspace/projects/jarde/openspec/evidence/raw-receiver-field-selection-2026-10-09/jdk23/debug/input/RawOwnerChild.jar
jdk23/debug/RawOwnerChild/original-javac	0	/Library/Java/JavaVirtualMachines/openjdk-23.0.1/Contents/Home/bin/javac --release 8 -g -classpath /var/folders/gm/lzn3ylzx4lz7mx29lftngdz40000gn/T/jarde-raw-receiver-replay-xcj5krnz/empty-classpath -sourcepath /var/folders/gm/lzn3ylzx4lz7mx29lftngdz40000gn/T/jarde-raw-receiver-replay-xcj5krnz/empty-sourcepath -d /var/folders/gm/lzn3ylzx4lz7mx29lftngdz40000gn/T/jarde-raw-receiver-replay-xcj5krnz/original /Users/lordcasser/workspace/projects/jarde/openspec/evidence/raw-receiver-field-selection-2026-10-09/source/RawOwnerChild.java /Users/lordcasser/workspace/projects/jarde/openspec/evidence/raw-receiver-field-selection-2026-10-09/source/RawOwnerBase.java
jdk23/debug/RawOwnerChild/javap	0	/Library/Java/JavaVirtualMachines/openjdk-23.0.1/Contents/Home/bin/javap -p -c -s -v -classpath /Users/lordcasser/workspace/projects/jarde/openspec/evidence/raw-receiver-field-selection-2026-10-09/jdk23/debug/input/RawOwnerChild.jar RawOwnerChild
jdk23/debug/RawOwnerChild/original-probe-javac	0	/Library/Java/JavaVirtualMachines/openjdk-23.0.1/Contents/Home/bin/javac --release 8 -g -classpath /var/folders/gm/lzn3ylzx4lz7mx29lftngdz40000gn/T/jarde-raw-receiver-replay-xcj5krnz/empty-classpath -sourcepath /var/folders/gm/lzn3ylzx4lz7mx29lftngdz40000gn/T/jarde-raw-receiver-replay-xcj5krnz/empty-sourcepath -d /var/folders/gm/lzn3ylzx4lz7mx29lftngdz40000gn/T/jarde-raw-receiver-replay-xcj5krnz/original-probe /Users/lordcasser/workspace/projects/jarde/openspec/evidence/raw-receiver-field-selection-2026-10-09/source/ReceiverProbe.java
jdk23/debug/RawOwnerChild/original-run	0	/Library/Java/JavaVirtualMachines/openjdk-23.0.1/Contents/Home/bin/java -Xverify:all -cp /var/folders/gm/lzn3ylzx4lz7mx29lftngdz40000gn/T/jarde-raw-receiver-replay-xcj5krnz/original:/var/folders/gm/lzn3ylzx4lz7mx29lftngdz40000gn/T/jarde-raw-receiver-replay-xcj5krnz/original-probe ReceiverProbe RawOwnerChild
jdk23/debug/RawOwnerChild/jarde-RawOwnerChild	0	/private/tmp/jarde-generic-calls-candidate-v4-cli class-source --input /Users/lordcasser/workspace/projects/jarde/openspec/evidence/raw-receiver-field-selection-2026-10-09/jdk23/debug/input/RawOwnerChild.jar --class RawOwnerChild --policy plain-jar --release 8 --format text
jdk23/debug/RawOwnerChild/jarde-RawOwnerChild-source-header	0	nonempty self-describing source
jdk23/debug/RawOwnerChild/jarde-RawOwnerBase	0	/private/tmp/jarde-generic-calls-candidate-v4-cli class-source --input /Users/lordcasser/workspace/projects/jarde/openspec/evidence/raw-receiver-field-selection-2026-10-09/jdk23/debug/input/RawOwnerChild.jar --class RawOwnerBase --policy plain-jar --release 8 --format text
jdk23/debug/RawOwnerChild/jarde-RawOwnerBase-source-header	0	nonempty self-describing source
jdk23/debug/RawOwnerChild/jarde-javac	0	/Library/Java/JavaVirtualMachines/openjdk-23.0.1/Contents/Home/bin/javac --release 8 -g -classpath /var/folders/gm/lzn3ylzx4lz7mx29lftngdz40000gn/T/jarde-raw-receiver-replay-xcj5krnz/empty-classpath -sourcepath /var/folders/gm/lzn3ylzx4lz7mx29lftngdz40000gn/T/jarde-raw-receiver-replay-xcj5krnz/empty-sourcepath -d /var/folders/gm/lzn3ylzx4lz7mx29lftngdz40000gn/T/jarde-raw-receiver-replay-xcj5krnz/jarde-classes /Users/lordcasser/workspace/projects/jarde/openspec/changes/recover-same-class-generic-call-consumers/results/candidate/gc09-raw-64-candidate-v4/jdk23/debug/jarde/RawOwnerChild.java /Users/lordcasser/workspace/projects/jarde/openspec/changes/recover-same-class-generic-call-consumers/results/candidate/gc09-raw-64-candidate-v4/jdk23/debug/jarde/RawOwnerBase.java /Users/lordcasser/workspace/projects/jarde/openspec/evidence/raw-receiver-field-selection-2026-10-09/source/ReceiverProbe.java
jdk23/debug/RawOwnerChild/jarde-verify-run	0	/Library/Java/JavaVirtualMachines/openjdk-23.0.1/Contents/Home/bin/java -Xverify:all -cp /var/folders/gm/lzn3ylzx4lz7mx29lftngdz40000gn/T/jarde-raw-receiver-replay-xcj5krnz/jarde-classes ReceiverProbe RawOwnerChild
jdk23/debug/RawOwnerChild/jadx	0	/Users/lordcasser/workspace/testzone/jadx/jadx-cli/build/install/jadx/bin/jadx --no-res -d /Users/lordcasser/workspace/projects/jarde/openspec/changes/recover-same-class-generic-call-consumers/results/candidate/gc09-raw-64-candidate-v4/jdk23/debug/jadx/RawOwnerChild /Users/lordcasser/workspace/projects/jarde/openspec/evidence/raw-receiver-field-selection-2026-10-09/jdk23/debug/input/RawOwnerChild.jar
jdk23/debug/RawOwnerChild/jadx-source-header	0	nonempty class source
jdk23/debug/RawOwnerChild/jadx-javac	0	/Library/Java/JavaVirtualMachines/openjdk-23.0.1/Contents/Home/bin/javac --release 8 -g -classpath /var/folders/gm/lzn3ylzx4lz7mx29lftngdz40000gn/T/jarde-raw-receiver-replay-xcj5krnz/empty-classpath -sourcepath /var/folders/gm/lzn3ylzx4lz7mx29lftngdz40000gn/T/jarde-raw-receiver-replay-xcj5krnz/empty-sourcepath -d /var/folders/gm/lzn3ylzx4lz7mx29lftngdz40000gn/T/jarde-raw-receiver-replay-xcj5krnz/jadx-classes /Users/lordcasser/workspace/projects/jarde/openspec/changes/recover-same-class-generic-call-consumers/results/candidate/gc09-raw-64-candidate-v4/jdk23/debug/jadx/RawOwnerChild/sources/defpackage/RawOwnerBase.java /Users/lordcasser/workspace/projects/jarde/openspec/changes/recover-same-class-generic-call-consumers/results/candidate/gc09-raw-64-candidate-v4/jdk23/debug/jadx/RawOwnerChild/sources/defpackage/RawOwnerChild.java /Users/lordcasser/workspace/projects/jarde/openspec/evidence/raw-receiver-field-selection-2026-10-09/source/ReceiverProbe.java
jdk23/debug/RawOwnerChild/jadx-verify-run	0	/Library/Java/JavaVirtualMachines/openjdk-23.0.1/Contents/Home/bin/java -Xverify:all -cp /var/folders/gm/lzn3ylzx4lz7mx29lftngdz40000gn/T/jarde-raw-receiver-replay-xcj5krnz/jadx-classes ReceiverProbe defpackage.RawOwnerChild
jdk23/no-debug/RawOwnerChild/jar-contents	0	/Library/Java/JavaVirtualMachines/openjdk-23.0.1/Contents/Home/bin/jar tf /Users/lordcasser/workspace/projects/jarde/openspec/evidence/raw-receiver-field-selection-2026-10-09/jdk23/no-debug/input/RawOwnerChild.jar
jdk23/no-debug/RawOwnerChild/original-javac	0	/Library/Java/JavaVirtualMachines/openjdk-23.0.1/Contents/Home/bin/javac --release 8 -g:none -classpath /var/folders/gm/lzn3ylzx4lz7mx29lftngdz40000gn/T/jarde-raw-receiver-replay-iqf3bbok/empty-classpath -sourcepath /var/folders/gm/lzn3ylzx4lz7mx29lftngdz40000gn/T/jarde-raw-receiver-replay-iqf3bbok/empty-sourcepath -d /var/folders/gm/lzn3ylzx4lz7mx29lftngdz40000gn/T/jarde-raw-receiver-replay-iqf3bbok/original /Users/lordcasser/workspace/projects/jarde/openspec/evidence/raw-receiver-field-selection-2026-10-09/source/RawOwnerChild.java /Users/lordcasser/workspace/projects/jarde/openspec/evidence/raw-receiver-field-selection-2026-10-09/source/RawOwnerBase.java
jdk23/no-debug/RawOwnerChild/javap	0	/Library/Java/JavaVirtualMachines/openjdk-23.0.1/Contents/Home/bin/javap -p -c -s -v -classpath /Users/lordcasser/workspace/projects/jarde/openspec/evidence/raw-receiver-field-selection-2026-10-09/jdk23/no-debug/input/RawOwnerChild.jar RawOwnerChild
jdk23/no-debug/RawOwnerChild/original-probe-javac	0	/Library/Java/JavaVirtualMachines/openjdk-23.0.1/Contents/Home/bin/javac --release 8 -g:none -classpath /var/folders/gm/lzn3ylzx4lz7mx29lftngdz40000gn/T/jarde-raw-receiver-replay-iqf3bbok/empty-classpath -sourcepath /var/folders/gm/lzn3ylzx4lz7mx29lftngdz40000gn/T/jarde-raw-receiver-replay-iqf3bbok/empty-sourcepath -d /var/folders/gm/lzn3ylzx4lz7mx29lftngdz40000gn/T/jarde-raw-receiver-replay-iqf3bbok/original-probe /Users/lordcasser/workspace/projects/jarde/openspec/evidence/raw-receiver-field-selection-2026-10-09/source/ReceiverProbe.java
jdk23/no-debug/RawOwnerChild/original-run	0	/Library/Java/JavaVirtualMachines/openjdk-23.0.1/Contents/Home/bin/java -Xverify:all -cp /var/folders/gm/lzn3ylzx4lz7mx29lftngdz40000gn/T/jarde-raw-receiver-replay-iqf3bbok/original:/var/folders/gm/lzn3ylzx4lz7mx29lftngdz40000gn/T/jarde-raw-receiver-replay-iqf3bbok/original-probe ReceiverProbe RawOwnerChild
jdk23/no-debug/RawOwnerChild/jarde-RawOwnerChild	0	/private/tmp/jarde-generic-calls-candidate-v4-cli class-source --input /Users/lordcasser/workspace/projects/jarde/openspec/evidence/raw-receiver-field-selection-2026-10-09/jdk23/no-debug/input/RawOwnerChild.jar --class RawOwnerChild --policy plain-jar --release 8 --format text
jdk23/no-debug/RawOwnerChild/jarde-RawOwnerChild-source-header	0	nonempty self-describing source
jdk23/no-debug/RawOwnerChild/jarde-RawOwnerBase	0	/private/tmp/jarde-generic-calls-candidate-v4-cli class-source --input /Users/lordcasser/workspace/projects/jarde/openspec/evidence/raw-receiver-field-selection-2026-10-09/jdk23/no-debug/input/RawOwnerChild.jar --class RawOwnerBase --policy plain-jar --release 8 --format text
jdk23/no-debug/RawOwnerChild/jarde-RawOwnerBase-source-header	0	nonempty self-describing source
jdk23/no-debug/RawOwnerChild/jarde-javac	0	/Library/Java/JavaVirtualMachines/openjdk-23.0.1/Contents/Home/bin/javac --release 8 -g:none -classpath /var/folders/gm/lzn3ylzx4lz7mx29lftngdz40000gn/T/jarde-raw-receiver-replay-iqf3bbok/empty-classpath -sourcepath /var/folders/gm/lzn3ylzx4lz7mx29lftngdz40000gn/T/jarde-raw-receiver-replay-iqf3bbok/empty-sourcepath -d /var/folders/gm/lzn3ylzx4lz7mx29lftngdz40000gn/T/jarde-raw-receiver-replay-iqf3bbok/jarde-classes /Users/lordcasser/workspace/projects/jarde/openspec/changes/recover-same-class-generic-call-consumers/results/candidate/gc09-raw-64-candidate-v4/jdk23/no-debug/jarde/RawOwnerChild.java /Users/lordcasser/workspace/projects/jarde/openspec/changes/recover-same-class-generic-call-consumers/results/candidate/gc09-raw-64-candidate-v4/jdk23/no-debug/jarde/RawOwnerBase.java /Users/lordcasser/workspace/projects/jarde/openspec/evidence/raw-receiver-field-selection-2026-10-09/source/ReceiverProbe.java
jdk23/no-debug/RawOwnerChild/jarde-verify-run	0	/Library/Java/JavaVirtualMachines/openjdk-23.0.1/Contents/Home/bin/java -Xverify:all -cp /var/folders/gm/lzn3ylzx4lz7mx29lftngdz40000gn/T/jarde-raw-receiver-replay-iqf3bbok/jarde-classes ReceiverProbe RawOwnerChild
jdk23/no-debug/RawOwnerChild/jadx	0	/Users/lordcasser/workspace/testzone/jadx/jadx-cli/build/install/jadx/bin/jadx --no-res -d /Users/lordcasser/workspace/projects/jarde/openspec/changes/recover-same-class-generic-call-consumers/results/candidate/gc09-raw-64-candidate-v4/jdk23/no-debug/jadx/RawOwnerChild /Users/lordcasser/workspace/projects/jarde/openspec/evidence/raw-receiver-field-selection-2026-10-09/jdk23/no-debug/input/RawOwnerChild.jar
jdk23/no-debug/RawOwnerChild/jadx-source-header	0	nonempty class source
jdk23/no-debug/RawOwnerChild/jadx-javac	0	/Library/Java/JavaVirtualMachines/openjdk-23.0.1/Contents/Home/bin/javac --release 8 -g:none -classpath /var/folders/gm/lzn3ylzx4lz7mx29lftngdz40000gn/T/jarde-raw-receiver-replay-iqf3bbok/empty-classpath -sourcepath /var/folders/gm/lzn3ylzx4lz7mx29lftngdz40000gn/T/jarde-raw-receiver-replay-iqf3bbok/empty-sourcepath -d /var/folders/gm/lzn3ylzx4lz7mx29lftngdz40000gn/T/jarde-raw-receiver-replay-iqf3bbok/jadx-classes /Users/lordcasser/workspace/projects/jarde/openspec/changes/recover-same-class-generic-call-consumers/results/candidate/gc09-raw-64-candidate-v4/jdk23/no-debug/jadx/RawOwnerChild/sources/defpackage/RawOwnerBase.java /Users/lordcasser/workspace/projects/jarde/openspec/changes/recover-same-class-generic-call-consumers/results/candidate/gc09-raw-64-candidate-v4/jdk23/no-debug/jadx/RawOwnerChild/sources/defpackage/RawOwnerChild.java /Users/lordcasser/workspace/projects/jarde/openspec/evidence/raw-receiver-field-selection-2026-10-09/source/ReceiverProbe.java
jdk23/no-debug/RawOwnerChild/jadx-verify-run	0	/Library/Java/JavaVirtualMachines/openjdk-23.0.1/Contents/Home/bin/java -Xverify:all -cp /var/folders/gm/lzn3ylzx4lz7mx29lftngdz40000gn/T/jarde-raw-receiver-replay-iqf3bbok/jadx-classes ReceiverProbe defpackage.RawOwnerChild
