path	sha256
README.md	1718b7032efd44ec12d37953175e37b9d5bed938f784ef05ffb8faf31e59ee5f
adapter-executed.py	e170ad879448687dfe972f615dfd78a56406d5b5bc1b9a841a526fdee2633fb3
commands.tsv	092eaeba853356ef7d06a7614261d5f02315f49024bd822576799968bdb72402
failures/jdk23/debug/InstanceRawLocal/jadx-javac.stderr.txt	1e6465743a4d3da3ddc2752570def069bfa2e3d88f9315e5abad507c7a250530
failures/jdk23/no-debug/InstanceRawLocal/jadx-javac.stderr.txt	020776bd934aa2a6223588106f4dc87f915b595ee3159cdcae81f738701d6a86
failures/jdk8/debug/InstanceRawLocal/jadx-javac.stderr.txt	582683f25562b6405cb01d41518402286ba547c63267156b5c3cbfc9bf3cbd2e
failures/jdk8/no-debug/InstanceRawLocal/jadx-javac.stderr.txt	ce3ef0e2fcf208c86123f2aa7ffca098d120aaf3ddb840b1862b021522f1ebf0
jdk-version-logs/0001-jdk-preflight_jdk8_java.stderr	faab3c8a678f056adf83280dbda6950d4d51a39eaf84b2136be0a1812b62e22d
jdk-version-logs/0001-jdk-preflight_jdk8_java.stdout	e3b0c44298fc1c149afbf4c8996fb92427ae41e4649b934ca495991b7852b855
jdk-version-logs/0002-jdk-preflight_jdk8_javac.stderr	b78c3d234842235ae1b53dd6405da54b3af2b02047c45858b595870662803db8
jdk-version-logs/0002-jdk-preflight_jdk8_javac.stdout	e3b0c44298fc1c149afbf4c8996fb92427ae41e4649b934ca495991b7852b855
jdk-version-logs/0003-jdk-preflight_jdk8_jar.stderr	faab3c8a678f056adf83280dbda6950d4d51a39eaf84b2136be0a1812b62e22d
jdk-version-logs/0003-jdk-preflight_jdk8_jar.stdout	e3b0c44298fc1c149afbf4c8996fb92427ae41e4649b934ca495991b7852b855
jdk-version-logs/0004-jdk-preflight_jdk8_javap.stderr	e3b0c44298fc1c149afbf4c8996fb92427ae41e4649b934ca495991b7852b855
jdk-version-logs/0004-jdk-preflight_jdk8_javap.stdout	6a282b7b9e5da8c1d9ecd31367d3828a20d54da2205390fd0c9529a48b3be713
jdk-version-logs/0005-jdk-preflight_jdk23_java.stderr	11d9a1559a3f4fab380e536f54e14acacdbd9fb56e147f04a9cc4723e3c229f7
jdk-version-logs/0005-jdk-preflight_jdk23_java.stdout	e3b0c44298fc1c149afbf4c8996fb92427ae41e4649b934ca495991b7852b855
jdk-version-logs/0006-jdk-preflight_jdk23_javac.stderr	e3b0c44298fc1c149afbf4c8996fb92427ae41e4649b934ca495991b7852b855
jdk-version-logs/0006-jdk-preflight_jdk23_javac.stdout	8b08d363e50e3d8f80fe38c5910e7f52b3e267b192efacb74878c7103361d3cd
jdk-version-logs/0007-jdk-preflight_jdk23_jar.stderr	e3b0c44298fc1c149afbf4c8996fb92427ae41e4649b934ca495991b7852b855
jdk-version-logs/0007-jdk-preflight_jdk23_jar.stdout	25e5829092e156bcdbd2a23c369bd544724e94b3793ba5982bac1aab6573e82c
jdk-version-logs/0008-jdk-preflight_jdk23_javap.stderr	e3b0c44298fc1c149afbf4c8996fb92427ae41e4649b934ca495991b7852b855
jdk-version-logs/0008-jdk-preflight_jdk23_javap.stdout	93012e27a4b9c01457ab2e4cc367a8dd4f4f42e6db886be6030d542771338bfb
jdk23/debug/jadx/Array2DRawParam/sources/defpackage/Array2DRawParam.java	d9af1990c95193456c46473f31939177a2632e34152dde0ed791caf10ac40d27
jdk23/debug/jadx/ArrayRawParam/sources/defpackage/ArrayRawParam.java	b9356814382670f5cc31457caf107ca11a4836ca88b6a2964a73120afa021457
jdk23/debug/jadx/BoundRawParam/sources/defpackage/BoundRawParam.java	4545a9f6e22269ff21bcac1e1abc69f7f9186d982c4c395eb5c10471783b9eda
jdk23/debug/jadx/DirectInstanceRawParam/sources/defpackage/DirectInstanceRawParam.java	d5a81d1a0941226f34e220c355943cd81eace76a7f72ab9c0a07e079166af029
jdk23/debug/jadx/InstanceRawLocal/sources/defpackage/InstanceRawLocal.java	183a867140d3ec0d651f1c6024251ab3805b4a7cb5736eab8893104121ed39df
jdk23/debug/jadx/MultiFormalRawParam/sources/defpackage/MultiFormalRawParam.java	46dff0ad150401facc3becf5fa2e92685a87d46f2c9b537e02a20af4e0da4072
jdk23/debug/jadx/NullRawParam/sources/defpackage/NullRawParam.java	2497fde8c7696cef28caddbb5432e9775944289511bd27767183fd2665087b19
jdk23/debug/jadx/PrimitiveArrayRawParam/sources/defpackage/PrimitiveArrayRawParam.java	6e080e95264345c55088fab59d326568454b5c431b3bd4674254c4c3f7931b0b
jdk23/debug/jadx/RawOwnerChild/sources/defpackage/RawOwnerBase.java	a4256e0b800f68dffd6124722d909d24bb9958b2d27d0668e20575fd05ead39d
jdk23/debug/jadx/RawOwnerChild/sources/defpackage/RawOwnerChild.java	ea53cd737a4ca1e297f8ae71a5ed156924a2cf3ad7c61206b43694e7cb016fde
jdk23/debug/jadx/RawParam/sources/defpackage/RawParam.java	a36e1bd1ec630ddccadc5178ea2ef1483d9b784fef412784d34d672f34d9c855
jdk23/debug/jadx/RetainedAliasRawParam/sources/defpackage/RetainedAliasRawParam.java	0d8c28f014d9873131e2277ec147645b4f2e8f88f10d96ebafa1ca68ec7519a9
jdk23/debug/jadx/ShadowMethodT/sources/defpackage/ShadowMethodT.java	e638423e067858654f869a3c38d7f38daf64e4a0855011122ace6be028722f99
jdk23/debug/jadx/StaticRawLocal/sources/defpackage/StaticRawLocal.java	0875242685024debb56daf13e862932967d9e7c860f92e7b89c872dc99a16be8
jdk23/debug/jadx/ThisReceiver/sources/defpackage/ThisReceiver.java	908f8f9ccda887868f6a515f1942aed41297b5a73a55e0a062da8faeca7b049f
jdk23/debug/jadx/TypedReceiver/sources/defpackage/TypedReceiver.java	f6885117b5b3c43020e4cede27dbe323b9d8ef2900b0d386adc3a22e1abcc97f
jdk23/debug/jadx/WideRawParam/sources/defpackage/WideRawParam.java	1b5390662572c65827dc2e38557a649a6c3f92cb2c6813556092327e680a54fd
jdk23/debug/jarde/Array2DRawParam.java	d4ba813f6f198eed97a53a5c193bca2f69698ce49b7a93aa69e279e7c27acb62
jdk23/debug/jarde/Array2DRawParam.stderr.txt	b6c457ac00a05c4e62549a3d6336cc514f1d720ed72b9b59081a07de3cfd5ab0
jdk23/debug/jarde/ArrayRawParam.java	c8c72849f11741a77f70b21b0436745c69e7f2e9d60ae7c7724adfd147a8faab
jdk23/debug/jarde/ArrayRawParam.stderr.txt	0dfd9dc2fe9dc5247c82c7fc6d73fa28a18ca5814a2c7c4683038a2974bbb847
jdk23/debug/jarde/BoundRawParam.java	6780b9df7fd79af1b6d8e0acb289d0257a77eaa548101c8cfe3fdc3911d66eac
jdk23/debug/jarde/BoundRawParam.stderr.txt	c2ea28f242b74803f6e90945942f861f48537f2cbfa91fcdeae202fa4a44aba2
jdk23/debug/jarde/DirectInstanceRawParam.java	66882766f2731a7d18b72428b8ad38d8f2bd8e0183b4bf42ab71e0a8bcb56671
jdk23/debug/jarde/DirectInstanceRawParam.stderr.txt	628d7b7e86fb23981b3c09ffda36f8f824c98f28d1e6c4d6a7e218a953aaf3fc
jdk23/debug/jarde/InstanceRawLocal.java	5739eae80933689e02968db38be749560fea18f7852efc7071bc402ac1657445
jdk23/debug/jarde/InstanceRawLocal.stderr.txt	dfd5ca6436ff4a1948577a3f0e9082f9519c92e19a43ab07f79050a4cecd715c
jdk23/debug/jarde/MultiFormalRawParam.java	fc2962c0aac9ec98ea86aa50ec132f77514a683ba76d7c329493e954bce56e48
jdk23/debug/jarde/MultiFormalRawParam.stderr.txt	f3399bd1ebcae2303b9be3bd99d1a58091096cbdd307441a7c3e15713d236b8c
jdk23/debug/jarde/NullRawParam.java	f60daa335370ba4b9535a79d8a6039e957fde7f7fbf1179b722b7dff8c1bb168
jdk23/debug/jarde/NullRawParam.stderr.txt	44265c3ef731c5a8c239e6eb985e368dae4f5b23e84ff330c97e85f06d24e1c7
jdk23/debug/jarde/PrimitiveArrayRawParam.java	ca19f53923fbfb66917c75ea83f0d5053343cf8c6aa62b562778ef54d5028a26
jdk23/debug/jarde/PrimitiveArrayRawParam.stderr.txt	b8989ff4ea3156f8485d0b82aec728cbde48526f4cde4418e3ac7524a6db58ea
jdk23/debug/jarde/RawOwnerBase.java	f400195673e17b46cfe5e1ecf2dfa6ad1e569fc2a83c23d92202a00ba21aba24
jdk23/debug/jarde/RawOwnerBase.stderr.txt	aca0c220c88ed78307b61f4e589421712ca6a9cc3a446ba73b9a7a7224411f9e
jdk23/debug/jarde/RawOwnerChild.java	85654234ed265aea8c2af90fe4353ca2be2b352c36d98476b0f89a9661e064cd
jdk23/debug/jarde/RawOwnerChild.stderr.txt	833ebc4c48c9aa82d3b73ccb9862bd95bf8cbaf12e069fb7941235c304fc9367
jdk23/debug/jarde/RawParam.java	e086985b6879bfbebb341e501fb7f963bc33d5623ac87904b40e011163135e9b
jdk23/debug/jarde/RawParam.stderr.txt	d3e2407e41dea0cb3df09ca8e5683eb85b3bf00639670ad1eec69144736ffe17
jdk23/debug/jarde/RetainedAliasRawParam.java	67c03164c7f4c286881d760c247bdc8ed73c851a4377db2751830cc607eb3f89
jdk23/debug/jarde/RetainedAliasRawParam.stderr.txt	d1886f6db8dca5f9048d9651fdd63d69a91ca992e6ae834e0549189ef72ee35e
jdk23/debug/jarde/ShadowMethodT.java	4bd7e971db097e54afcb2dfe2a4ccc9029b04e3c9626bd76bd0ee0e0b5a316b4
jdk23/debug/jarde/ShadowMethodT.stderr.txt	8cfa37e4daad0ffe4f5fdeaf0a1c2d921589d938a62cf5f5f19da43e84fca467
jdk23/debug/jarde/StaticRawLocal.java	9ec274de3d0847441e7de73ff79a6d027179b6c14306c18643ee8e2346b54332
jdk23/debug/jarde/StaticRawLocal.stderr.txt	4da2a719b57c26946cf8d8204e609996e2a71efb22311f253b722302e17f756d
jdk23/debug/jarde/ThisReceiver.java	a97d2cf3fb8ae606b390fe7a96386fb611ca686a76a5a25889978f7e8fc03c52
jdk23/debug/jarde/ThisReceiver.stderr.txt	7ecce5fba8124a23402a7cdd1aa077c6b7ffc2e6abe94e39da4974558debf4a4
jdk23/debug/jarde/TypedReceiver.java	161785be22add146d3c6fd6f56636a636935030610ccacf7511a7d7982dd2e71
jdk23/debug/jarde/TypedReceiver.stderr.txt	4b380dc5a6048e3ba8b56231ee625b42ab0fe320dfff021e4f371f517bad55d4
jdk23/debug/jarde/WideRawParam.java	a8c2366e3a709f7941c00dff72d5921e0b3e9772cd7195d3caf1094bb0a95be9
jdk23/debug/jarde/WideRawParam.stderr.txt	5252825e194c34aba7ce3806cc5cce0108b410383c9c373c25a71a77a8d0d792
jdk23/debug/javap/Array2DRawParam.txt	d3e7d59ed9de6427484423766e890742100e50539680c5500ba76a78e978aee4
jdk23/debug/javap/ArrayRawParam.txt	545cc0ed9cd4ee5a3dfd9cd36bc2ea9f99b43a4f296001fa1ba87c4e70461483
jdk23/debug/javap/BoundRawParam.txt	a9cc48530178948b0ef2522222ee87f6fa4b18a9562c438d23c2d4df0f163cec
jdk23/debug/javap/DirectInstanceRawParam.txt	dae6436bf67ca48a6be069fb2a99259f629e616df93c99788d6e280e92c7e1a0
jdk23/debug/javap/InstanceRawLocal.txt	61694ae4173e5acf45257dc21e14f18369f88e8d6174cfecd499bb58b4716a5b
jdk23/debug/javap/MultiFormalRawParam.txt	c0f896241d7a15ce2877ce98de100e669f49b4bece1511ba65c16a2fa4ce30e8
jdk23/debug/javap/NullRawParam.txt	24639551a84c9f092e03155ca19a00ce4785ab1a0c04ee008338724e5e688749
jdk23/debug/javap/PrimitiveArrayRawParam.txt	0c5e9afe111852818d0ec9547e756192d3bc649e63e7c30af4a83cd8c15c5a88
jdk23/debug/javap/RawOwnerChild.txt	0132462da1080853f38ff9c046056abc9d806c2dcc4f0512ee12bbb1c19261fa
jdk23/debug/javap/RawParam.txt	643f960b952233003d168002eff538f1174de04eaf360b4fed0e1bf87c87fc49
jdk23/debug/javap/RetainedAliasRawParam.txt	52f1a5e1188002499119033efef31c9651210558f5418d43808f7d80148d4ac7
jdk23/debug/javap/ShadowMethodT.txt	62ec7dca1ba288360e9cdb3dee7d6fa51bae38174902fd3bf4b25b89706bdbab
jdk23/debug/javap/StaticRawLocal.txt	3c02dbbd54549b6584dcc4fda9101a47af57af55262067b96d7fcc0a3d769992
jdk23/debug/javap/ThisReceiver.txt	343a15458cd6d05d7e7f5ffc955904a3cb22e08e6a218bac9f67c26aff810430
jdk23/debug/javap/TypedReceiver.txt	644a2c56d254b7f5fa9ba80670e3d02a9669e01d27ed79af9f3eb1678495a307
jdk23/debug/javap/WideRawParam.txt	32e088383eb2592a9d7024fdad617672d9dd852f63dc5c9f6c519674a14fbf1a
jdk23/debug/runtime/Array2DRawParam.jadx.txt	8a25af8b8504893fffac8c1872e3c93e85925b6aa0b3d9ff5f62750cee2ba267
jdk23/debug/runtime/Array2DRawParam.jarde.txt	f48a2d307b1f6c7abb8d91e7a8ed8a5ccc87d07c1114588c08ddfb0808240329
jdk23/debug/runtime/Array2DRawParam.original.txt	f48a2d307b1f6c7abb8d91e7a8ed8a5ccc87d07c1114588c08ddfb0808240329
jdk23/debug/runtime/ArrayRawParam.jadx.txt	65890eea8fe7c3065fbc2f644c7253d5354fdffeba56efc1a47107d7914063b6
jdk23/debug/runtime/ArrayRawParam.jarde.txt	d51f3b7d45328701a337bb2285770bcd1cf8f2179c66734c318010571e65ac8b
jdk23/debug/runtime/ArrayRawParam.original.txt	d51f3b7d45328701a337bb2285770bcd1cf8f2179c66734c318010571e65ac8b
jdk23/debug/runtime/BoundRawParam.jadx.txt	bdeb71e6ccb9da375831745c55c6fa5137fd29b7007948eecaea74516d6991ca
jdk23/debug/runtime/BoundRawParam.jarde.txt	0c5cb2a465e5db671d09e57d82dc7d2279cee6ef898da3154a4cac90f5c80de8
jdk23/debug/runtime/BoundRawParam.original.txt	0c5cb2a465e5db671d09e57d82dc7d2279cee6ef898da3154a4cac90f5c80de8
jdk23/debug/runtime/DirectInstanceRawParam.jadx.txt	b3cda9506188b60dd9d215bc5efd1dafb315f344e7cea3910361ebe407f0cc9b
jdk23/debug/runtime/DirectInstanceRawParam.jarde.txt	9358c79b8f63417a168963e9dc02e1e1359ee5bda8614638bec755f01d5683be
jdk23/debug/runtime/DirectInstanceRawParam.original.txt	9358c79b8f63417a168963e9dc02e1e1359ee5bda8614638bec755f01d5683be
jdk23/debug/runtime/InstanceRawLocal.jarde.txt	c4a0fd4eb5e838df4c7116cc09d11740387e51309b8dd9c85cb1eac73adb9692
jdk23/debug/runtime/InstanceRawLocal.original.txt	b5f800a25ef5e547f36ccdecb9d6798cca74aee4a8a677d83bd449aea30f57e1
jdk23/debug/runtime/MultiFormalRawParam.jadx.txt	8d284d37fb44425659f63776c8f684d596146724e653b1147b4adc2b7c50d4e2
jdk23/debug/runtime/MultiFormalRawParam.jarde.txt	8bc5d0b9f7ed8f8820c0a056a24f74615b3e6104dd1ccada41aee9975df41485
jdk23/debug/runtime/MultiFormalRawParam.original.txt	6d16de1512a82cf13a56f94903001249dbfdb1ab81b29b817616448334e1d0c4
jdk23/debug/runtime/NullRawParam.jadx.txt	f4e759450c3306919076b843e677ebd4315a206a7a08c607258e8ee49a6eb720
jdk23/debug/runtime/NullRawParam.jarde.txt	99432d5aa83e97874597f1a0fde12c2a963ce4099787ae00fd33faff35b18418
jdk23/debug/runtime/NullRawParam.original.txt	99432d5aa83e97874597f1a0fde12c2a963ce4099787ae00fd33faff35b18418
jdk23/debug/runtime/PrimitiveArrayRawParam.jadx.txt	8dbde5389e6da69a121d5ad297157ee52bcb682d49d75d8a4bc7844fd4d1d1e8
jdk23/debug/runtime/PrimitiveArrayRawParam.jarde.txt	e156798549dd3ab3c3eced5fadfdced0789f4ee0e3f65410c291f2c46434dfba
jdk23/debug/runtime/PrimitiveArrayRawParam.original.txt	e156798549dd3ab3c3eced5fadfdced0789f4ee0e3f65410c291f2c46434dfba
jdk23/debug/runtime/RawOwnerChild.jadx.txt	2404a47a7f7c206decbce521d1ad8ca2966f33929a01a6e1cd462d7eda65b76b
jdk23/debug/runtime/RawOwnerChild.jarde.txt	e65da6d8f2478e3a0b6f43759b106518ecb2b77f17bd072cf737ed70a4ac28ad
jdk23/debug/runtime/RawOwnerChild.original.txt	c25e0c82c8f818f082f08ceef41ac63b15ed1ce4bb020bcf1eff5396c577b047
jdk23/debug/runtime/RawParam.jadx.txt	33b65814b563635c3b26f292f11a234ec9eda87fc8bbf5409c3fc0f323ad9d3d
jdk23/debug/runtime/RawParam.jarde.txt	6a2e3f1a9739b680582fea7e805eed4d712c0aaa5f345bb00d8449a502e68b6d
jdk23/debug/runtime/RawParam.original.txt	6a2e3f1a9739b680582fea7e805eed4d712c0aaa5f345bb00d8449a502e68b6d
jdk23/debug/runtime/RetainedAliasRawParam.jadx.txt	f92fd71052669f4c2419e8516949617f14ee858caeb232d80d63117f41ea2d94
jdk23/debug/runtime/RetainedAliasRawParam.jarde.txt	587147b6fcdb6f90959b73653be0302d121556b4c0626fb20a88ff47291ce8ff
jdk23/debug/runtime/RetainedAliasRawParam.original.txt	587147b6fcdb6f90959b73653be0302d121556b4c0626fb20a88ff47291ce8ff
jdk23/debug/runtime/ShadowMethodT.jadx.txt	1c91e9e73e2b1038112652360b7e0dcd639e400df84523aac0d0102801a17264
jdk23/debug/runtime/ShadowMethodT.jarde.txt	ceb1dd45add8519cb6e22a15e06a6eab6b515c2f59d517b64ede6b379fcd7b53
jdk23/debug/runtime/ShadowMethodT.original.txt	e491f2fc9b0efb07abdaf9da8848a50d38b4da3848f045e3268c35d95124df5a
jdk23/debug/runtime/StaticRawLocal.jadx.txt	caa078a6f6a66a11482c09645632ebb52566091c80fab4fa927b1053dce64fde
jdk23/debug/runtime/StaticRawLocal.jarde.txt	25ea87cacc91c856b41331c020cf776ffda40333d737cff0309fadf5141463b0
jdk23/debug/runtime/StaticRawLocal.original.txt	25ea87cacc91c856b41331c020cf776ffda40333d737cff0309fadf5141463b0
jdk23/debug/runtime/ThisReceiver.jadx.txt	f2c2ade79741f3c077a9767a2c86b6f9e8b3c91395a41c1c035e78ca2c19717e
jdk23/debug/runtime/ThisReceiver.jarde.txt	9916911dd761a7b0d550673bef203cb77fb4cb96733a8fb0a2184fb7d3ba65b8
jdk23/debug/runtime/ThisReceiver.original.txt	9916911dd761a7b0d550673bef203cb77fb4cb96733a8fb0a2184fb7d3ba65b8
jdk23/debug/runtime/TypedReceiver.jadx.txt	1a07b6f4350dff1a6ca5a3e4ec3062096840ad9dbc1a6efbd816e82d4c9ccb31
jdk23/debug/runtime/TypedReceiver.jarde.txt	d7134843994e4b3ba1d434e5bdfba85531e98e0ec94492801f5dbfa4a5b0ca18
jdk23/debug/runtime/TypedReceiver.original.txt	7f08ef56194b137543c901f9bd3946d1ac0f4153f2cc202df75762d9c8052a16
jdk23/debug/runtime/WideRawParam.jadx.txt	bb098a483d7226c3ef490fd7d5502cfaae0fa2dc00a248054971f81a95f5b14e
jdk23/debug/runtime/WideRawParam.jarde.txt	9b6ad934d85edae64408a458838c3e4654befd592a41b43cedf7710c2e9b1512
jdk23/debug/runtime/WideRawParam.original.txt	9b6ad934d85edae64408a458838c3e4654befd592a41b43cedf7710c2e9b1512
jdk23/no-debug/jadx/Array2DRawParam/sources/defpackage/Array2DRawParam.java	7bf3005284b755fe00567641896be8ddcb1010ecdf431bb7cbd62e0fed69cd65
jdk23/no-debug/jadx/ArrayRawParam/sources/defpackage/ArrayRawParam.java	ce0ba57264c94dc463df8d3dbd6b3be4221b852d694a4a6471d38a3f13b35d4b
jdk23/no-debug/jadx/BoundRawParam/sources/defpackage/BoundRawParam.java	c728ec861a3d99357641665f0f7db8e272eda3309e78679b587b8bf8d4b156b7
jdk23/no-debug/jadx/DirectInstanceRawParam/sources/defpackage/DirectInstanceRawParam.java	d510980f6071ada1a310dd5a76fd7ff932c97703337c794fbccb526b8309c33c
jdk23/no-debug/jadx/InstanceRawLocal/sources/defpackage/InstanceRawLocal.java	183a867140d3ec0d651f1c6024251ab3805b4a7cb5736eab8893104121ed39df
jdk23/no-debug/jadx/MultiFormalRawParam/sources/defpackage/MultiFormalRawParam.java	7d015e6743c7ed99d6c7690a03fcf4ecf861a9c582097a14130d74c338cc9376
jdk23/no-debug/jadx/NullRawParam/sources/defpackage/NullRawParam.java	a851150cb6e01aab4844ecce9c0ebb6f65cf050e4aef37382ef53b379c9c7d87
jdk23/no-debug/jadx/PrimitiveArrayRawParam/sources/defpackage/PrimitiveArrayRawParam.java	331c49fc214f34eda5179d4a5fdd3a84dccbec84b083fc49d9121ea426240d11
jdk23/no-debug/jadx/RawOwnerChild/sources/defpackage/RawOwnerBase.java	a4256e0b800f68dffd6124722d909d24bb9958b2d27d0668e20575fd05ead39d
jdk23/no-debug/jadx/RawOwnerChild/sources/defpackage/RawOwnerChild.java	7b1d0110195f085b030ec850679ab6449421c0bc84e5a9decc86d154332e6a5b
jdk23/no-debug/jadx/RawParam/sources/defpackage/RawParam.java	12bd0a83b15704e980d959b9015f1cee6036fe3e2ea3cf799a394dd9a4732787
jdk23/no-debug/jadx/RetainedAliasRawParam/sources/defpackage/RetainedAliasRawParam.java	a04d278d436e9e8d24ab1aa54b93f44ae2766c59e3670b1f663515abdd163ced
jdk23/no-debug/jadx/ShadowMethodT/sources/defpackage/ShadowMethodT.java	a3cc4ded8594ea60b6a6aded917b5d81b18665b64ed2a0e7e869b7435445eeec
jdk23/no-debug/jadx/StaticRawLocal/sources/defpackage/StaticRawLocal.java	c62aaca50bf0904967018ce58649678d845644764106ae6e56fc95af81c82cd2
jdk23/no-debug/jadx/ThisReceiver/sources/defpackage/ThisReceiver.java	29bdbc10deda533facdba2757b0246d7b9e1284023c246cbff18c76ea9e82a3c
jdk23/no-debug/jadx/TypedReceiver/sources/defpackage/TypedReceiver.java	93a41a4f4f11b77fc7b06c143144ebb4254d182495e5a60594be22385b0e594b
jdk23/no-debug/jadx/WideRawParam/sources/defpackage/WideRawParam.java	688c4a0e9325d677f23f0a8f7c56c05436f009b6b8249eb0336dc5362904b189
jdk23/no-debug/jarde/Array2DRawParam.java	84b51bbf39ee444117977442cc40e3d8c27a72fb65b6164c7b2fbdfcc4eae13c
jdk23/no-debug/jarde/Array2DRawParam.stderr.txt	486201881a19e8b214becad9efa76613dbd72e7e5643126fd8a716565d6e47e7
jdk23/no-debug/jarde/ArrayRawParam.java	6eca13086c3cca27c7ef5ed7c3ebc60b7bd9d8daada5cdd7d9c1eb80bf88c0bf
jdk23/no-debug/jarde/ArrayRawParam.stderr.txt	433224fdf07a84a22b73621b2f90d902b3a985b507d2da7a06b8916a63ed1c4e
jdk23/no-debug/jarde/BoundRawParam.java	81ee814aa442d16bedb0f72f370830c16ee2069d4e84754453ae15445e258294
jdk23/no-debug/jarde/BoundRawParam.stderr.txt	fc828cb3291ffbe352b2646a87b4867a7f00e8ae7b0f64b1535195a41f98e6e8
jdk23/no-debug/jarde/DirectInstanceRawParam.java	4a94736315b6eae244e0c86bd52673d4184206d783c03a281542fea7858efed2
jdk23/no-debug/jarde/DirectInstanceRawParam.stderr.txt	70bcea8aa4623e39c894aa805701c34ba42c28615b9c829db1ef58b4f37ec72d
jdk23/no-debug/jarde/InstanceRawLocal.java	da10013688a30b0cc61c5f8ad8649f79792d67b4ea0d861293afdaf595225214
jdk23/no-debug/jarde/InstanceRawLocal.stderr.txt	312b8c49f49cd3151358b6150e2a37362e705925622c9eaf88149f74a733a62f
jdk23/no-debug/jarde/MultiFormalRawParam.java	4b437b42cf47a3ccf750355128c463728a56d507544aa92a0cb529860058e62c
jdk23/no-debug/jarde/MultiFormalRawParam.stderr.txt	ffe370e694e8958d926f7a31a602fa6b5d792e0eb7a5dd505d7727b0b8a817e2
jdk23/no-debug/jarde/NullRawParam.java	d68300b3bdd64dc0a1769de4c77a88e3eebccc14b47a17dc3e1ee4f8165ca2e2
jdk23/no-debug/jarde/NullRawParam.stderr.txt	16a236d514ebcc02d03caef5d1073742b56bc3f0076b173c47736e54182e9b2c
jdk23/no-debug/jarde/PrimitiveArrayRawParam.java	90298d00e9daee2bf9bea1ca50260dee0b170c49e8bc25e85ffbce8789fa2c77
jdk23/no-debug/jarde/PrimitiveArrayRawParam.stderr.txt	60c1613d06d620d8c76bce94461113658e7ebf84384e6148f0bda5a9da70dab7
jdk23/no-debug/jarde/RawOwnerBase.java	f400195673e17b46cfe5e1ecf2dfa6ad1e569fc2a83c23d92202a00ba21aba24
jdk23/no-debug/jarde/RawOwnerBase.stderr.txt	d862e222c52a8aaea762c793c0d0efdf1b1768d2f6553dcddcaf58b487c51974
jdk23/no-debug/jarde/RawOwnerChild.java	8bc50b0f6cb5bc0a65e96706a623c1fc4bc19fa7d9d3586ebaace845198a1015
jdk23/no-debug/jarde/RawOwnerChild.stderr.txt	d944909db4349c4be226a3e2a9013520a40de4f1272d8077c6901eb1e157edd0
jdk23/no-debug/jarde/RawParam.java	deadf9d5abebeb93b29bb8330dd107c0f9f84ba1ddfa430103fcb8261f91caa4
jdk23/no-debug/jarde/RawParam.stderr.txt	ebdc927c54f7cab7472169d6a5e6937aa874defc3c5f786adaca29ca6a3221be
jdk23/no-debug/jarde/RetainedAliasRawParam.java	e3536151d6425f7cf9e601be73cd6fccdb94be39c2157ee6ae0f84a8c7d364e5
jdk23/no-debug/jarde/RetainedAliasRawParam.stderr.txt	731dccceb4a589f890e2dcce44a1ff47e6ad258ad95b2189d0b30eaf9052b293
jdk23/no-debug/jarde/ShadowMethodT.java	d40fba0fc2def10495115feecb8a0139d3b24cd1fb22da16660c49bde2ca9953
jdk23/no-debug/jarde/ShadowMethodT.stderr.txt	a0141576f5f35f7f04c349c4cd62c3238e9559baa62cb6130aca4289d97b096d
jdk23/no-debug/jarde/StaticRawLocal.java	fd3a53f3051037b2d49c8966c16550fc2360b0f7494664a72673443748783747
jdk23/no-debug/jarde/StaticRawLocal.stderr.txt	9e0b8ba0ec482275ae3b72f696eb6d68f80694fb4dc45022432ea54c0c5a0913
jdk23/no-debug/jarde/ThisReceiver.java	0c40a3e0e09b0e97ca13b527dcc647a9f01c29a3f73f31f6d7de68b4408b0d8f
jdk23/no-debug/jarde/ThisReceiver.stderr.txt	d543afd253b586d885c3c9b1fa42b34a7437e1623643df171e81476da8d2d624
jdk23/no-debug/jarde/TypedReceiver.java	bc23f6d670ae4739cc5c483c23851a87180cb7706f8bb4daa8c17c88625efb56
jdk23/no-debug/jarde/TypedReceiver.stderr.txt	69cb3b79ae9b0d0bb0f89bd314030ff802083dbb23fd308b74b159b7aa6477d3
jdk23/no-debug/jarde/WideRawParam.java	1fffb038dc24c28f794c348a356b25bf8f3cac2017e72733ba1b38208c722010
jdk23/no-debug/jarde/WideRawParam.stderr.txt	2a9584c591d7c03fa4c7e1eb4f8de604fad5fb1572f2f715a193eafedab8aaf6
jdk23/no-debug/javap/Array2DRawParam.txt	de0dd64fa34b565d95e66c3dd20304a0c61908e78e94815258d484d805894dee
jdk23/no-debug/javap/ArrayRawParam.txt	76131af95db7c4c709ae0a1ac1f17e1941539e37fef78db6fe7c544ea40a3f77
jdk23/no-debug/javap/BoundRawParam.txt	a5cc3eb82c80f8280fbc27eb671f298f44ad55c18b51ebd9fb1b1dfee515319e
jdk23/no-debug/javap/DirectInstanceRawParam.txt	86b769b524ec33859cadd81aa8555413bab468a4f6c6fb443e23e3bcfd337a1b
jdk23/no-debug/javap/InstanceRawLocal.txt	ff39951f4582e15378eac0ce1397753e028059a8a7446254fc50b21b7e777eee
jdk23/no-debug/javap/MultiFormalRawParam.txt	4a09857ffb5fb119716fadaab498240930a0315b6ec6efcbac843d0b6ecd0729
jdk23/no-debug/javap/NullRawParam.txt	3da7f16383956fcfba0362b07d0397c4521642a0129cb1d11a6d5b0794734e43
jdk23/no-debug/javap/PrimitiveArrayRawParam.txt	46921aa1b278c7e676eeb72ee249cc5b9b5c6ce85a313d320faa4514e476c6ae
jdk23/no-debug/javap/RawOwnerChild.txt	1faa3568f1ac92d22de17f20c46261e9ec207e3b1e8a44f5dbe98337e214c13e
jdk23/no-debug/javap/RawParam.txt	da4a2617e0e141bd47eda6588e1493e538f200232d07ad2b4b45a375ba72b62a
jdk23/no-debug/javap/RetainedAliasRawParam.txt	62fc5ac7f72922c89480e5a834531e8f83800794857777d7708557259feddc97
jdk23/no-debug/javap/ShadowMethodT.txt	21bdc1dc6eaae9e029c98be6702c2be862675bb102994fb0ffea284c0fa0e895
jdk23/no-debug/javap/StaticRawLocal.txt	650bcea27e776c0eb6eae39111c62625889c7fb1ecc319bd62b40869f51404c4
jdk23/no-debug/javap/ThisReceiver.txt	f8cb778404269f6dbb0e4ec7b2557386cfba4cb551527c4b21529354aa8df6c4
jdk23/no-debug/javap/TypedReceiver.txt	e3d115aedb5acf674231df3249b1cfc3da3ec4db2a135c59cff7fa9042f29958
jdk23/no-debug/javap/WideRawParam.txt	8040f386f71de3028b172bcf3c865af0c91588114f3b077d990cb692bcaa77d8
jdk23/no-debug/runtime/Array2DRawParam.jadx.txt	8a25af8b8504893fffac8c1872e3c93e85925b6aa0b3d9ff5f62750cee2ba267
jdk23/no-debug/runtime/Array2DRawParam.jarde.txt	f48a2d307b1f6c7abb8d91e7a8ed8a5ccc87d07c1114588c08ddfb0808240329
jdk23/no-debug/runtime/Array2DRawParam.original.txt	f48a2d307b1f6c7abb8d91e7a8ed8a5ccc87d07c1114588c08ddfb0808240329
jdk23/no-debug/runtime/ArrayRawParam.jadx.txt	65890eea8fe7c3065fbc2f644c7253d5354fdffeba56efc1a47107d7914063b6
jdk23/no-debug/runtime/ArrayRawParam.jarde.txt	d51f3b7d45328701a337bb2285770bcd1cf8f2179c66734c318010571e65ac8b
jdk23/no-debug/runtime/ArrayRawParam.original.txt	d51f3b7d45328701a337bb2285770bcd1cf8f2179c66734c318010571e65ac8b
jdk23/no-debug/runtime/BoundRawParam.jadx.txt	bdeb71e6ccb9da375831745c55c6fa5137fd29b7007948eecaea74516d6991ca
jdk23/no-debug/runtime/BoundRawParam.jarde.txt	0c5cb2a465e5db671d09e57d82dc7d2279cee6ef898da3154a4cac90f5c80de8
jdk23/no-debug/runtime/BoundRawParam.original.txt	0c5cb2a465e5db671d09e57d82dc7d2279cee6ef898da3154a4cac90f5c80de8
jdk23/no-debug/runtime/DirectInstanceRawParam.jadx.txt	b3cda9506188b60dd9d215bc5efd1dafb315f344e7cea3910361ebe407f0cc9b
jdk23/no-debug/runtime/DirectInstanceRawParam.jarde.txt	9358c79b8f63417a168963e9dc02e1e1359ee5bda8614638bec755f01d5683be
jdk23/no-debug/runtime/DirectInstanceRawParam.original.txt	9358c79b8f63417a168963e9dc02e1e1359ee5bda8614638bec755f01d5683be
jdk23/no-debug/runtime/InstanceRawLocal.jarde.txt	c4a0fd4eb5e838df4c7116cc09d11740387e51309b8dd9c85cb1eac73adb9692
jdk23/no-debug/runtime/InstanceRawLocal.original.txt	b5f800a25ef5e547f36ccdecb9d6798cca74aee4a8a677d83bd449aea30f57e1
jdk23/no-debug/runtime/MultiFormalRawParam.jadx.txt	8d284d37fb44425659f63776c8f684d596146724e653b1147b4adc2b7c50d4e2
jdk23/no-debug/runtime/MultiFormalRawParam.jarde.txt	8bc5d0b9f7ed8f8820c0a056a24f74615b3e6104dd1ccada41aee9975df41485
jdk23/no-debug/runtime/MultiFormalRawParam.original.txt	6d16de1512a82cf13a56f94903001249dbfdb1ab81b29b817616448334e1d0c4
jdk23/no-debug/runtime/NullRawParam.jadx.txt	f4e759450c3306919076b843e677ebd4315a206a7a08c607258e8ee49a6eb720
jdk23/no-debug/runtime/NullRawParam.jarde.txt	99432d5aa83e97874597f1a0fde12c2a963ce4099787ae00fd33faff35b18418
jdk23/no-debug/runtime/NullRawParam.original.txt	99432d5aa83e97874597f1a0fde12c2a963ce4099787ae00fd33faff35b18418
jdk23/no-debug/runtime/PrimitiveArrayRawParam.jadx.txt	8dbde5389e6da69a121d5ad297157ee52bcb682d49d75d8a4bc7844fd4d1d1e8
jdk23/no-debug/runtime/PrimitiveArrayRawParam.jarde.txt	e156798549dd3ab3c3eced5fadfdced0789f4ee0e3f65410c291f2c46434dfba
jdk23/no-debug/runtime/PrimitiveArrayRawParam.original.txt	e156798549dd3ab3c3eced5fadfdced0789f4ee0e3f65410c291f2c46434dfba
jdk23/no-debug/runtime/RawOwnerChild.jadx.txt	2404a47a7f7c206decbce521d1ad8ca2966f33929a01a6e1cd462d7eda65b76b
jdk23/no-debug/runtime/RawOwnerChild.jarde.txt	e65da6d8f2478e3a0b6f43759b106518ecb2b77f17bd072cf737ed70a4ac28ad
jdk23/no-debug/runtime/RawOwnerChild.original.txt	c25e0c82c8f818f082f08ceef41ac63b15ed1ce4bb020bcf1eff5396c577b047
jdk23/no-debug/runtime/RawParam.jadx.txt	33b65814b563635c3b26f292f11a234ec9eda87fc8bbf5409c3fc0f323ad9d3d
jdk23/no-debug/runtime/RawParam.jarde.txt	6a2e3f1a9739b680582fea7e805eed4d712c0aaa5f345bb00d8449a502e68b6d
jdk23/no-debug/runtime/RawParam.original.txt	6a2e3f1a9739b680582fea7e805eed4d712c0aaa5f345bb00d8449a502e68b6d
jdk23/no-debug/runtime/RetainedAliasRawParam.jadx.txt	f92fd71052669f4c2419e8516949617f14ee858caeb232d80d63117f41ea2d94
jdk23/no-debug/runtime/RetainedAliasRawParam.jarde.txt	587147b6fcdb6f90959b73653be0302d121556b4c0626fb20a88ff47291ce8ff
jdk23/no-debug/runtime/RetainedAliasRawParam.original.txt	587147b6fcdb6f90959b73653be0302d121556b4c0626fb20a88ff47291ce8ff
jdk23/no-debug/runtime/ShadowMethodT.jadx.txt	1c91e9e73e2b1038112652360b7e0dcd639e400df84523aac0d0102801a17264
jdk23/no-debug/runtime/ShadowMethodT.jarde.txt	ceb1dd45add8519cb6e22a15e06a6eab6b515c2f59d517b64ede6b379fcd7b53
jdk23/no-debug/runtime/ShadowMethodT.original.txt	e491f2fc9b0efb07abdaf9da8848a50d38b4da3848f045e3268c35d95124df5a
jdk23/no-debug/runtime/StaticRawLocal.jadx.txt	caa078a6f6a66a11482c09645632ebb52566091c80fab4fa927b1053dce64fde
jdk23/no-debug/runtime/StaticRawLocal.jarde.txt	25ea87cacc91c856b41331c020cf776ffda40333d737cff0309fadf5141463b0
jdk23/no-debug/runtime/StaticRawLocal.original.txt	25ea87cacc91c856b41331c020cf776ffda40333d737cff0309fadf5141463b0
jdk23/no-debug/runtime/ThisReceiver.jadx.txt	f2c2ade79741f3c077a9767a2c86b6f9e8b3c91395a41c1c035e78ca2c19717e
jdk23/no-debug/runtime/ThisReceiver.jarde.txt	9916911dd761a7b0d550673bef203cb77fb4cb96733a8fb0a2184fb7d3ba65b8
jdk23/no-debug/runtime/ThisReceiver.original.txt	9916911dd761a7b0d550673bef203cb77fb4cb96733a8fb0a2184fb7d3ba65b8
jdk23/no-debug/runtime/TypedReceiver.jadx.txt	1a07b6f4350dff1a6ca5a3e4ec3062096840ad9dbc1a6efbd816e82d4c9ccb31
jdk23/no-debug/runtime/TypedReceiver.jarde.txt	d7134843994e4b3ba1d434e5bdfba85531e98e0ec94492801f5dbfa4a5b0ca18
jdk23/no-debug/runtime/TypedReceiver.original.txt	7f08ef56194b137543c901f9bd3946d1ac0f4153f2cc202df75762d9c8052a16
jdk23/no-debug/runtime/WideRawParam.jadx.txt	bb098a483d7226c3ef490fd7d5502cfaae0fa2dc00a248054971f81a95f5b14e
jdk23/no-debug/runtime/WideRawParam.jarde.txt	9b6ad934d85edae64408a458838c3e4654befd592a41b43cedf7710c2e9b1512
jdk23/no-debug/runtime/WideRawParam.original.txt	9b6ad934d85edae64408a458838c3e4654befd592a41b43cedf7710c2e9b1512
jdk23/versions/java.txt	11d9a1559a3f4fab380e536f54e14acacdbd9fb56e147f04a9cc4723e3c229f7
jdk23/versions/javac.txt	8b08d363e50e3d8f80fe38c5910e7f52b3e267b192efacb74878c7103361d3cd
jdk8/debug/jadx/Array2DRawParam/sources/defpackage/Array2DRawParam.java	d9af1990c95193456c46473f31939177a2632e34152dde0ed791caf10ac40d27
jdk8/debug/jadx/ArrayRawParam/sources/defpackage/ArrayRawParam.java	b9356814382670f5cc31457caf107ca11a4836ca88b6a2964a73120afa021457
jdk8/debug/jadx/BoundRawParam/sources/defpackage/BoundRawParam.java	4545a9f6e22269ff21bcac1e1abc69f7f9186d982c4c395eb5c10471783b9eda
jdk8/debug/jadx/DirectInstanceRawParam/sources/defpackage/DirectInstanceRawParam.java	d5a81d1a0941226f34e220c355943cd81eace76a7f72ab9c0a07e079166af029
jdk8/debug/jadx/InstanceRawLocal/sources/defpackage/InstanceRawLocal.java	183a867140d3ec0d651f1c6024251ab3805b4a7cb5736eab8893104121ed39df
jdk8/debug/jadx/MultiFormalRawParam/sources/defpackage/MultiFormalRawParam.java	46dff0ad150401facc3becf5fa2e92685a87d46f2c9b537e02a20af4e0da4072
jdk8/debug/jadx/NullRawParam/sources/defpackage/NullRawParam.java	2497fde8c7696cef28caddbb5432e9775944289511bd27767183fd2665087b19
jdk8/debug/jadx/PrimitiveArrayRawParam/sources/defpackage/PrimitiveArrayRawParam.java	6e080e95264345c55088fab59d326568454b5c431b3bd4674254c4c3f7931b0b
jdk8/debug/jadx/RawOwnerChild/sources/defpackage/RawOwnerBase.java	a4256e0b800f68dffd6124722d909d24bb9958b2d27d0668e20575fd05ead39d
jdk8/debug/jadx/RawOwnerChild/sources/defpackage/RawOwnerChild.java	ea53cd737a4ca1e297f8ae71a5ed156924a2cf3ad7c61206b43694e7cb016fde
jdk8/debug/jadx/RawParam/sources/defpackage/RawParam.java	a36e1bd1ec630ddccadc5178ea2ef1483d9b784fef412784d34d672f34d9c855
jdk8/debug/jadx/RetainedAliasRawParam/sources/defpackage/RetainedAliasRawParam.java	0d8c28f014d9873131e2277ec147645b4f2e8f88f10d96ebafa1ca68ec7519a9
jdk8/debug/jadx/ShadowMethodT/sources/defpackage/ShadowMethodT.java	e638423e067858654f869a3c38d7f38daf64e4a0855011122ace6be028722f99
jdk8/debug/jadx/StaticRawLocal/sources/defpackage/StaticRawLocal.java	0875242685024debb56daf13e862932967d9e7c860f92e7b89c872dc99a16be8
jdk8/debug/jadx/ThisReceiver/sources/defpackage/ThisReceiver.java	908f8f9ccda887868f6a515f1942aed41297b5a73a55e0a062da8faeca7b049f
jdk8/debug/jadx/TypedReceiver/sources/defpackage/TypedReceiver.java	f6885117b5b3c43020e4cede27dbe323b9d8ef2900b0d386adc3a22e1abcc97f
jdk8/debug/jadx/WideRawParam/sources/defpackage/WideRawParam.java	1b5390662572c65827dc2e38557a649a6c3f92cb2c6813556092327e680a54fd
jdk8/debug/jarde/Array2DRawParam.java	d4ba813f6f198eed97a53a5c193bca2f69698ce49b7a93aa69e279e7c27acb62
jdk8/debug/jarde/Array2DRawParam.stderr.txt	e974fccf15a1becf9d6d30bbd6401be4b6b54a507d830bf3e542f4af2048ec97
jdk8/debug/jarde/ArrayRawParam.java	c8c72849f11741a77f70b21b0436745c69e7f2e9d60ae7c7724adfd147a8faab
jdk8/debug/jarde/ArrayRawParam.stderr.txt	4ce8417d588bb3e873e7c63ff2881a7e984667ed9c5fb6c38688f5bb59accbb6
jdk8/debug/jarde/BoundRawParam.java	6780b9df7fd79af1b6d8e0acb289d0257a77eaa548101c8cfe3fdc3911d66eac
jdk8/debug/jarde/BoundRawParam.stderr.txt	f6a1dda3b483826d9bfa01fe89f5c1ac490996e550f49b60326a21093c6abebb
jdk8/debug/jarde/DirectInstanceRawParam.java	66882766f2731a7d18b72428b8ad38d8f2bd8e0183b4bf42ab71e0a8bcb56671
jdk8/debug/jarde/DirectInstanceRawParam.stderr.txt	7e548463c95a58920be22fe92d3939a426551fee4ad252216be3126b6deebf9d
jdk8/debug/jarde/InstanceRawLocal.java	5739eae80933689e02968db38be749560fea18f7852efc7071bc402ac1657445
jdk8/debug/jarde/InstanceRawLocal.stderr.txt	17ba20cd02479cb16e4c5a752aa8d6407418db1367b6c22ae1c20dcf87a8329d
jdk8/debug/jarde/MultiFormalRawParam.java	fc2962c0aac9ec98ea86aa50ec132f77514a683ba76d7c329493e954bce56e48
jdk8/debug/jarde/MultiFormalRawParam.stderr.txt	98340cfdcca6929a18b3e0885c55e390d8cef5cc04ffcba29f58da1a666a7ad5
jdk8/debug/jarde/NullRawParam.java	f60daa335370ba4b9535a79d8a6039e957fde7f7fbf1179b722b7dff8c1bb168
jdk8/debug/jarde/NullRawParam.stderr.txt	b6a9695c208f04a5d492074df629a0d4763880253c7fb7c4d3f11264b352a4ef
jdk8/debug/jarde/PrimitiveArrayRawParam.java	ca19f53923fbfb66917c75ea83f0d5053343cf8c6aa62b562778ef54d5028a26
jdk8/debug/jarde/PrimitiveArrayRawParam.stderr.txt	b12cbbf0e71bb4268d6b82bc82756f331fff402c58943c360fef5f43a2217b4c
jdk8/debug/jarde/RawOwnerBase.java	f400195673e17b46cfe5e1ecf2dfa6ad1e569fc2a83c23d92202a00ba21aba24
jdk8/debug/jarde/RawOwnerBase.stderr.txt	e5b73e0a3af73b98007dae7fc08a0acaabe6fc51e2c11e5ed42496f5a1f63453
jdk8/debug/jarde/RawOwnerChild.java	85654234ed265aea8c2af90fe4353ca2be2b352c36d98476b0f89a9661e064cd
jdk8/debug/jarde/RawOwnerChild.stderr.txt	c3557c4d5eaad6a041d16ea5ac9e910639ad677f617c14b9689a3fb89bd32b08
jdk8/debug/jarde/RawParam.java	e086985b6879bfbebb341e501fb7f963bc33d5623ac87904b40e011163135e9b
jdk8/debug/jarde/RawParam.stderr.txt	5200560f513e7cc9b9f818e223218e0f925f4086c1f2b6cdcf6d1c23c6b0103a
jdk8/debug/jarde/RetainedAliasRawParam.java	67c03164c7f4c286881d760c247bdc8ed73c851a4377db2751830cc607eb3f89
jdk8/debug/jarde/RetainedAliasRawParam.stderr.txt	6c02e8343a4bc464912cb13f410d073a98537bf20cc2f92457153e45beb25977
jdk8/debug/jarde/ShadowMethodT.java	4bd7e971db097e54afcb2dfe2a4ccc9029b04e3c9626bd76bd0ee0e0b5a316b4
jdk8/debug/jarde/ShadowMethodT.stderr.txt	2afc8ceeaf0e1cb3c17c07b34ea9659b8384a2f9e3e069a54266f0eb1c6cf9c5
jdk8/debug/jarde/StaticRawLocal.java	9ec274de3d0847441e7de73ff79a6d027179b6c14306c18643ee8e2346b54332
jdk8/debug/jarde/StaticRawLocal.stderr.txt	6be453ccff09c8c80feaada6a0ada9849f39757d2c4a845fa6b22e2dd4537e84
jdk8/debug/jarde/ThisReceiver.java	a97d2cf3fb8ae606b390fe7a96386fb611ca686a76a5a25889978f7e8fc03c52
jdk8/debug/jarde/ThisReceiver.stderr.txt	1632c0477cc642d7a8321bd1dab15a106250087c8df6e08b63f6a9a0dcb5666c
jdk8/debug/jarde/TypedReceiver.java	161785be22add146d3c6fd6f56636a636935030610ccacf7511a7d7982dd2e71
jdk8/debug/jarde/TypedReceiver.stderr.txt	ceea79c7a0feac3d7f6a8950dad36a6280ec100ffaf4cedae92f2cd6d778c809
jdk8/debug/jarde/WideRawParam.java	a8c2366e3a709f7941c00dff72d5921e0b3e9772cd7195d3caf1094bb0a95be9
jdk8/debug/jarde/WideRawParam.stderr.txt	b2709b3e82feee04a3d0fe88d1de71814dfa44ec7d5694c0717e12142d094f23
jdk8/debug/javap/Array2DRawParam.txt	deba0d0fd6477619e89f6e76cb0525d7928b911974091d0073491756b6417e97
jdk8/debug/javap/ArrayRawParam.txt	4c7ce421a74e0ffc33ec4ecc7a9712fe726a9b9db67edf403b567249c28fe909
jdk8/debug/javap/BoundRawParam.txt	0583d8322acdeef96e916b2cd62e0e25b844428cb9daff422eefb25ea2352e81
jdk8/debug/javap/DirectInstanceRawParam.txt	985b63aa149ff87b9b79d1688950f005707ac1fe3ebca01c335333d2b931f006
jdk8/debug/javap/InstanceRawLocal.txt	9249a05a4572e949a37723bf4ff6085801591039804b4eee4014d3dd1f8cfd06
jdk8/debug/javap/MultiFormalRawParam.txt	dd1d4e622d2f408c5f5449b163dce274f44ce66b401816ce045a25ad1fc513c7
jdk8/debug/javap/NullRawParam.txt	139d2e1df5d613b81e80530d7449c85459b12960a83cda1800ca1f8801c39daf
jdk8/debug/javap/PrimitiveArrayRawParam.txt	6c4c7ae38c5a52141338d2360ce13fbbcd8a280a300025a4a460905647984ee8
jdk8/debug/javap/RawOwnerChild.txt	a3a1264e9c4e89058dde177c37e9e84d5d04b0241e271244df647a02a10108f8
jdk8/debug/javap/RawParam.txt	bc0b7e43895553691716cf1abb0c59faf3ab7b72ef31d17ce517b552e969b435
jdk8/debug/javap/RetainedAliasRawParam.txt	3cb057158548fc3131bab5f82e09bcb27fd50bfa5ef8d55801944101226deb0e
jdk8/debug/javap/ShadowMethodT.txt	5f88b0dbb9231e78d4e602f89003a6cb83bbca11530d969965acb02353395676
jdk8/debug/javap/StaticRawLocal.txt	e0994f098dd155f0f2867b8a271f4c7dfb09c0342b8f7ac40d767ee8c18864e4
jdk8/debug/javap/ThisReceiver.txt	2f2a02e12469f568ae016a6557d63d63bdb89f4e4ab63fe6a2e6ddf9a205ecaf
jdk8/debug/javap/TypedReceiver.txt	0fafdbe630a9c84f8a1689942d1d318fbf4965b15a3f175ce3af6e45ad59f135
jdk8/debug/javap/WideRawParam.txt	251a24fecb60d9545e8c5bff05871e4aec25485f0800735c1fe9de099cd4efdb
jdk8/debug/runtime/Array2DRawParam.jadx.txt	8a25af8b8504893fffac8c1872e3c93e85925b6aa0b3d9ff5f62750cee2ba267
jdk8/debug/runtime/Array2DRawParam.jarde.txt	f48a2d307b1f6c7abb8d91e7a8ed8a5ccc87d07c1114588c08ddfb0808240329
jdk8/debug/runtime/Array2DRawParam.original.txt	f48a2d307b1f6c7abb8d91e7a8ed8a5ccc87d07c1114588c08ddfb0808240329
jdk8/debug/runtime/ArrayRawParam.jadx.txt	65890eea8fe7c3065fbc2f644c7253d5354fdffeba56efc1a47107d7914063b6
jdk8/debug/runtime/ArrayRawParam.jarde.txt	d51f3b7d45328701a337bb2285770bcd1cf8f2179c66734c318010571e65ac8b
jdk8/debug/runtime/ArrayRawParam.original.txt	d51f3b7d45328701a337bb2285770bcd1cf8f2179c66734c318010571e65ac8b
jdk8/debug/runtime/BoundRawParam.jadx.txt	bdeb71e6ccb9da375831745c55c6fa5137fd29b7007948eecaea74516d6991ca
jdk8/debug/runtime/BoundRawParam.jarde.txt	0c5cb2a465e5db671d09e57d82dc7d2279cee6ef898da3154a4cac90f5c80de8
jdk8/debug/runtime/BoundRawParam.original.txt	0c5cb2a465e5db671d09e57d82dc7d2279cee6ef898da3154a4cac90f5c80de8
jdk8/debug/runtime/DirectInstanceRawParam.jadx.txt	b3cda9506188b60dd9d215bc5efd1dafb315f344e7cea3910361ebe407f0cc9b
jdk8/debug/runtime/DirectInstanceRawParam.jarde.txt	9358c79b8f63417a168963e9dc02e1e1359ee5bda8614638bec755f01d5683be
jdk8/debug/runtime/DirectInstanceRawParam.original.txt	9358c79b8f63417a168963e9dc02e1e1359ee5bda8614638bec755f01d5683be
jdk8/debug/runtime/InstanceRawLocal.jarde.txt	c4a0fd4eb5e838df4c7116cc09d11740387e51309b8dd9c85cb1eac73adb9692
jdk8/debug/runtime/InstanceRawLocal.original.txt	b5f800a25ef5e547f36ccdecb9d6798cca74aee4a8a677d83bd449aea30f57e1
jdk8/debug/runtime/MultiFormalRawParam.jadx.txt	8d284d37fb44425659f63776c8f684d596146724e653b1147b4adc2b7c50d4e2
jdk8/debug/runtime/MultiFormalRawParam.jarde.txt	8bc5d0b9f7ed8f8820c0a056a24f74615b3e6104dd1ccada41aee9975df41485
jdk8/debug/runtime/MultiFormalRawParam.original.txt	6d16de1512a82cf13a56f94903001249dbfdb1ab81b29b817616448334e1d0c4
jdk8/debug/runtime/NullRawParam.jadx.txt	f4e759450c3306919076b843e677ebd4315a206a7a08c607258e8ee49a6eb720
jdk8/debug/runtime/NullRawParam.jarde.txt	99432d5aa83e97874597f1a0fde12c2a963ce4099787ae00fd33faff35b18418
jdk8/debug/runtime/NullRawParam.original.txt	99432d5aa83e97874597f1a0fde12c2a963ce4099787ae00fd33faff35b18418
jdk8/debug/runtime/PrimitiveArrayRawParam.jadx.txt	8dbde5389e6da69a121d5ad297157ee52bcb682d49d75d8a4bc7844fd4d1d1e8
jdk8/debug/runtime/PrimitiveArrayRawParam.jarde.txt	e156798549dd3ab3c3eced5fadfdced0789f4ee0e3f65410c291f2c46434dfba
jdk8/debug/runtime/PrimitiveArrayRawParam.original.txt	e156798549dd3ab3c3eced5fadfdced0789f4ee0e3f65410c291f2c46434dfba
jdk8/debug/runtime/RawOwnerChild.jadx.txt	2404a47a7f7c206decbce521d1ad8ca2966f33929a01a6e1cd462d7eda65b76b
jdk8/debug/runtime/RawOwnerChild.jarde.txt	e65da6d8f2478e3a0b6f43759b106518ecb2b77f17bd072cf737ed70a4ac28ad
jdk8/debug/runtime/RawOwnerChild.original.txt	c25e0c82c8f818f082f08ceef41ac63b15ed1ce4bb020bcf1eff5396c577b047
jdk8/debug/runtime/RawParam.jadx.txt	33b65814b563635c3b26f292f11a234ec9eda87fc8bbf5409c3fc0f323ad9d3d
jdk8/debug/runtime/RawParam.jarde.txt	6a2e3f1a9739b680582fea7e805eed4d712c0aaa5f345bb00d8449a502e68b6d
jdk8/debug/runtime/RawParam.original.txt	6a2e3f1a9739b680582fea7e805eed4d712c0aaa5f345bb00d8449a502e68b6d
jdk8/debug/runtime/RetainedAliasRawParam.jadx.txt	f92fd71052669f4c2419e8516949617f14ee858caeb232d80d63117f41ea2d94
jdk8/debug/runtime/RetainedAliasRawParam.jarde.txt	587147b6fcdb6f90959b73653be0302d121556b4c0626fb20a88ff47291ce8ff
jdk8/debug/runtime/RetainedAliasRawParam.original.txt	587147b6fcdb6f90959b73653be0302d121556b4c0626fb20a88ff47291ce8ff
jdk8/debug/runtime/ShadowMethodT.jadx.txt	1c91e9e73e2b1038112652360b7e0dcd639e400df84523aac0d0102801a17264
jdk8/debug/runtime/ShadowMethodT.jarde.txt	ceb1dd45add8519cb6e22a15e06a6eab6b515c2f59d517b64ede6b379fcd7b53
jdk8/debug/runtime/ShadowMethodT.original.txt	e491f2fc9b0efb07abdaf9da8848a50d38b4da3848f045e3268c35d95124df5a
jdk8/debug/runtime/StaticRawLocal.jadx.txt	caa078a6f6a66a11482c09645632ebb52566091c80fab4fa927b1053dce64fde
jdk8/debug/runtime/StaticRawLocal.jarde.txt	25ea87cacc91c856b41331c020cf776ffda40333d737cff0309fadf5141463b0
jdk8/debug/runtime/StaticRawLocal.original.txt	25ea87cacc91c856b41331c020cf776ffda40333d737cff0309fadf5141463b0
jdk8/debug/runtime/ThisReceiver.jadx.txt	f2c2ade79741f3c077a9767a2c86b6f9e8b3c91395a41c1c035e78ca2c19717e
jdk8/debug/runtime/ThisReceiver.jarde.txt	9916911dd761a7b0d550673bef203cb77fb4cb96733a8fb0a2184fb7d3ba65b8
jdk8/debug/runtime/ThisReceiver.original.txt	9916911dd761a7b0d550673bef203cb77fb4cb96733a8fb0a2184fb7d3ba65b8
jdk8/debug/runtime/TypedReceiver.jadx.txt	1a07b6f4350dff1a6ca5a3e4ec3062096840ad9dbc1a6efbd816e82d4c9ccb31
jdk8/debug/runtime/TypedReceiver.jarde.txt	d7134843994e4b3ba1d434e5bdfba85531e98e0ec94492801f5dbfa4a5b0ca18
jdk8/debug/runtime/TypedReceiver.original.txt	7f08ef56194b137543c901f9bd3946d1ac0f4153f2cc202df75762d9c8052a16
jdk8/debug/runtime/WideRawParam.jadx.txt	bb098a483d7226c3ef490fd7d5502cfaae0fa2dc00a248054971f81a95f5b14e
jdk8/debug/runtime/WideRawParam.jarde.txt	9b6ad934d85edae64408a458838c3e4654befd592a41b43cedf7710c2e9b1512
jdk8/debug/runtime/WideRawParam.original.txt	9b6ad934d85edae64408a458838c3e4654befd592a41b43cedf7710c2e9b1512
jdk8/no-debug/jadx/Array2DRawParam/sources/defpackage/Array2DRawParam.java	7bf3005284b755fe00567641896be8ddcb1010ecdf431bb7cbd62e0fed69cd65
jdk8/no-debug/jadx/ArrayRawParam/sources/defpackage/ArrayRawParam.java	ce0ba57264c94dc463df8d3dbd6b3be4221b852d694a4a6471d38a3f13b35d4b
jdk8/no-debug/jadx/BoundRawParam/sources/defpackage/BoundRawParam.java	c728ec861a3d99357641665f0f7db8e272eda3309e78679b587b8bf8d4b156b7
jdk8/no-debug/jadx/DirectInstanceRawParam/sources/defpackage/DirectInstanceRawParam.java	d510980f6071ada1a310dd5a76fd7ff932c97703337c794fbccb526b8309c33c
jdk8/no-debug/jadx/InstanceRawLocal/sources/defpackage/InstanceRawLocal.java	183a867140d3ec0d651f1c6024251ab3805b4a7cb5736eab8893104121ed39df
jdk8/no-debug/jadx/MultiFormalRawParam/sources/defpackage/MultiFormalRawParam.java	7d015e6743c7ed99d6c7690a03fcf4ecf861a9c582097a14130d74c338cc9376
jdk8/no-debug/jadx/NullRawParam/sources/defpackage/NullRawParam.java	a851150cb6e01aab4844ecce9c0ebb6f65cf050e4aef37382ef53b379c9c7d87
jdk8/no-debug/jadx/PrimitiveArrayRawParam/sources/defpackage/PrimitiveArrayRawParam.java	331c49fc214f34eda5179d4a5fdd3a84dccbec84b083fc49d9121ea426240d11
jdk8/no-debug/jadx/RawOwnerChild/sources/defpackage/RawOwnerBase.java	a4256e0b800f68dffd6124722d909d24bb9958b2d27d0668e20575fd05ead39d
jdk8/no-debug/jadx/RawOwnerChild/sources/defpackage/RawOwnerChild.java	7b1d0110195f085b030ec850679ab6449421c0bc84e5a9decc86d154332e6a5b
jdk8/no-debug/jadx/RawParam/sources/defpackage/RawParam.java	12bd0a83b15704e980d959b9015f1cee6036fe3e2ea3cf799a394dd9a4732787
jdk8/no-debug/jadx/RetainedAliasRawParam/sources/defpackage/RetainedAliasRawParam.java	a04d278d436e9e8d24ab1aa54b93f44ae2766c59e3670b1f663515abdd163ced
jdk8/no-debug/jadx/ShadowMethodT/sources/defpackage/ShadowMethodT.java	a3cc4ded8594ea60b6a6aded917b5d81b18665b64ed2a0e7e869b7435445eeec
jdk8/no-debug/jadx/StaticRawLocal/sources/defpackage/StaticRawLocal.java	c62aaca50bf0904967018ce58649678d845644764106ae6e56fc95af81c82cd2
jdk8/no-debug/jadx/ThisReceiver/sources/defpackage/ThisReceiver.java	29bdbc10deda533facdba2757b0246d7b9e1284023c246cbff18c76ea9e82a3c
jdk8/no-debug/jadx/TypedReceiver/sources/defpackage/TypedReceiver.java	93a41a4f4f11b77fc7b06c143144ebb4254d182495e5a60594be22385b0e594b
jdk8/no-debug/jadx/WideRawParam/sources/defpackage/WideRawParam.java	688c4a0e9325d677f23f0a8f7c56c05436f009b6b8249eb0336dc5362904b189
jdk8/no-debug/jarde/Array2DRawParam.java	84b51bbf39ee444117977442cc40e3d8c27a72fb65b6164c7b2fbdfcc4eae13c
jdk8/no-debug/jarde/Array2DRawParam.stderr.txt	4af96adcd84a9b8c7aa810398b73bd5a1d32936c7e51a19b4254105f251e35fd
jdk8/no-debug/jarde/ArrayRawParam.java	6eca13086c3cca27c7ef5ed7c3ebc60b7bd9d8daada5cdd7d9c1eb80bf88c0bf
jdk8/no-debug/jarde/ArrayRawParam.stderr.txt	1cd2ca49221297c9f52bc1e5e921a731f65de5bee0af5da6aa9f3456caf39aa5
jdk8/no-debug/jarde/BoundRawParam.java	81ee814aa442d16bedb0f72f370830c16ee2069d4e84754453ae15445e258294
jdk8/no-debug/jarde/BoundRawParam.stderr.txt	43e05254928a15059889cf13525853e38e0e3b1bb2534487bed46a5f996c3d78
jdk8/no-debug/jarde/DirectInstanceRawParam.java	4a94736315b6eae244e0c86bd52673d4184206d783c03a281542fea7858efed2
jdk8/no-debug/jarde/DirectInstanceRawParam.stderr.txt	c0783b8ce3aa1221cb317a6d8f61d6344981c826b52f9d39aeef2ae4fd5ea889
jdk8/no-debug/jarde/InstanceRawLocal.java	da10013688a30b0cc61c5f8ad8649f79792d67b4ea0d861293afdaf595225214
jdk8/no-debug/jarde/InstanceRawLocal.stderr.txt	8b242337de7235857d1adcbbe7989fc229ee050cff5a75dc6e7c7dcf9814fe9a
jdk8/no-debug/jarde/MultiFormalRawParam.java	4b437b42cf47a3ccf750355128c463728a56d507544aa92a0cb529860058e62c
jdk8/no-debug/jarde/MultiFormalRawParam.stderr.txt	5ae958e951c138763b69f2abb029c23d5b9233db7045dd1e3c6867be414d6488
jdk8/no-debug/jarde/NullRawParam.java	d68300b3bdd64dc0a1769de4c77a88e3eebccc14b47a17dc3e1ee4f8165ca2e2
jdk8/no-debug/jarde/NullRawParam.stderr.txt	0434d8293b42f51093fc896e124d3d13a59467cd45d432e04b2413aae80d7b2c
jdk8/no-debug/jarde/PrimitiveArrayRawParam.java	90298d00e9daee2bf9bea1ca50260dee0b170c49e8bc25e85ffbce8789fa2c77
jdk8/no-debug/jarde/PrimitiveArrayRawParam.stderr.txt	e6678db30e64bc71fccd805cd502e90e12a5ceb8ceaac983c8b05af29ec70b7e
jdk8/no-debug/jarde/RawOwnerBase.java	f400195673e17b46cfe5e1ecf2dfa6ad1e569fc2a83c23d92202a00ba21aba24
jdk8/no-debug/jarde/RawOwnerBase.stderr.txt	a6f02e059dfb7f9cfdb344fcd7bfb302f8d8a5fc53739cea00166b15561ce7e3
jdk8/no-debug/jarde/RawOwnerChild.java	8bc50b0f6cb5bc0a65e96706a623c1fc4bc19fa7d9d3586ebaace845198a1015
jdk8/no-debug/jarde/RawOwnerChild.stderr.txt	37f19267d98c5d2cbbb6c466140918ab91b8e9e386614a715b5178ff32f7e6a2
jdk8/no-debug/jarde/RawParam.java	deadf9d5abebeb93b29bb8330dd107c0f9f84ba1ddfa430103fcb8261f91caa4
jdk8/no-debug/jarde/RawParam.stderr.txt	023159e223bdf9bceddeb138dcd82b078f69955af70da271c92f820998f2ed04
jdk8/no-debug/jarde/RetainedAliasRawParam.java	e3536151d6425f7cf9e601be73cd6fccdb94be39c2157ee6ae0f84a8c7d364e5
jdk8/no-debug/jarde/RetainedAliasRawParam.stderr.txt	bd5601e14a2fdab1793c94dfb553f5ef539882592dedeb7f2e12771471f636ee
jdk8/no-debug/jarde/ShadowMethodT.java	d40fba0fc2def10495115feecb8a0139d3b24cd1fb22da16660c49bde2ca9953
jdk8/no-debug/jarde/ShadowMethodT.stderr.txt	7ae308eeeae35eb4bb5ae2ebb88686008af54a16f33dd1439040967c2aae7cee
jdk8/no-debug/jarde/StaticRawLocal.java	fd3a53f3051037b2d49c8966c16550fc2360b0f7494664a72673443748783747
jdk8/no-debug/jarde/StaticRawLocal.stderr.txt	c7c83b158bd915a92dee6e1c7a872d53d67b8ed6431492ad5c6614fcdb7ea2cc
jdk8/no-debug/jarde/ThisReceiver.java	0c40a3e0e09b0e97ca13b527dcc647a9f01c29a3f73f31f6d7de68b4408b0d8f
jdk8/no-debug/jarde/ThisReceiver.stderr.txt	d2c3307d0117f5182ac6c60d40efd6394b856d8726b26c0e9e521cda6d5e921e
jdk8/no-debug/jarde/TypedReceiver.java	bc23f6d670ae4739cc5c483c23851a87180cb7706f8bb4daa8c17c88625efb56
jdk8/no-debug/jarde/TypedReceiver.stderr.txt	b1fbf7c6ae568acfbcaaed2169760ead086a6773b87dedfb0dbf5e39e13f742b
jdk8/no-debug/jarde/WideRawParam.java	1fffb038dc24c28f794c348a356b25bf8f3cac2017e72733ba1b38208c722010
jdk8/no-debug/jarde/WideRawParam.stderr.txt	1a6a4f55ac7ffbbcc7f2d3b9dd7ed960de1377aa483293ae03d28c0044a3eb99
jdk8/no-debug/javap/Array2DRawParam.txt	9085a4808db8ad5e0144f9e80b3bd5fb71cc39d9128c891f71ebe19da37b12d7
jdk8/no-debug/javap/ArrayRawParam.txt	24ed418999b82029ba80cfe7fb5f5170b36d811fe7db60dc4fc424f0dac2188f
jdk8/no-debug/javap/BoundRawParam.txt	35328488ae05ff6cb9f5ea7516ee2ff849fd1910c1da48b8be5d2290ccf91aaf
jdk8/no-debug/javap/DirectInstanceRawParam.txt	4957d9f929264dc89c0ce8e20c5518e881a8862ea97e61f11d9ed818e6cd5b73
jdk8/no-debug/javap/InstanceRawLocal.txt	d7aad3786566a8bfdffbfabdf54ee56978abafe2c5c4f9154f892c01bf836281
jdk8/no-debug/javap/MultiFormalRawParam.txt	576d418084006c3432ae54bde722c5e1f3329fa92d098f3b84fce07ff58a8b83
jdk8/no-debug/javap/NullRawParam.txt	9a59b31b98a5661258bcaf443731f7673ffb6ced1e6bd1a1aed6f998cc92b6f1
jdk8/no-debug/javap/PrimitiveArrayRawParam.txt	275f1e044e17248fbec53bb33c68fcd2bb7a3501f996d9ede23b698af39fc073
jdk8/no-debug/javap/RawOwnerChild.txt	4b6867ba7a8ffd26d6b4167344e0025c5756c4895040f1f7d5ebe1ad40a3deed
jdk8/no-debug/javap/RawParam.txt	cc2c68d9572b763ce658882d9210752a0cd40c7a38cb210d8abbc6ba5f6aa291
jdk8/no-debug/javap/RetainedAliasRawParam.txt	b9fe7985316c785d39a3760244459ca1200626315058c1b0a2d5baa16cb822cb
jdk8/no-debug/javap/ShadowMethodT.txt	f4bcacef3b8048d7270b588c9fdc067893b945c368750d1d7f1bf6f89da099c2
jdk8/no-debug/javap/StaticRawLocal.txt	f524d996d106d91974cf2b6d64dbe542b10606b0499411bdcd62f1698717625a
jdk8/no-debug/javap/ThisReceiver.txt	6ca1c12ab28e407f2ebce7f75369b2122364e2218c6c3c7543db1144a7b80a60
jdk8/no-debug/javap/TypedReceiver.txt	95eafd92fd08eea310d88bc1cd1cde1bca66ce8f8eeeb6801efc78caaa685a15
jdk8/no-debug/javap/WideRawParam.txt	d09c8be9c649a1712af9cc5e05f0f9f4b726e1dccedf88236075288c3e34e0a5
jdk8/no-debug/runtime/Array2DRawParam.jadx.txt	8a25af8b8504893fffac8c1872e3c93e85925b6aa0b3d9ff5f62750cee2ba267
jdk8/no-debug/runtime/Array2DRawParam.jarde.txt	f48a2d307b1f6c7abb8d91e7a8ed8a5ccc87d07c1114588c08ddfb0808240329
jdk8/no-debug/runtime/Array2DRawParam.original.txt	f48a2d307b1f6c7abb8d91e7a8ed8a5ccc87d07c1114588c08ddfb0808240329
jdk8/no-debug/runtime/ArrayRawParam.jadx.txt	65890eea8fe7c3065fbc2f644c7253d5354fdffeba56efc1a47107d7914063b6
jdk8/no-debug/runtime/ArrayRawParam.jarde.txt	d51f3b7d45328701a337bb2285770bcd1cf8f2179c66734c318010571e65ac8b
jdk8/no-debug/runtime/ArrayRawParam.original.txt	d51f3b7d45328701a337bb2285770bcd1cf8f2179c66734c318010571e65ac8b
jdk8/no-debug/runtime/BoundRawParam.jadx.txt	bdeb71e6ccb9da375831745c55c6fa5137fd29b7007948eecaea74516d6991ca
jdk8/no-debug/runtime/BoundRawParam.jarde.txt	0c5cb2a465e5db671d09e57d82dc7d2279cee6ef898da3154a4cac90f5c80de8
jdk8/no-debug/runtime/BoundRawParam.original.txt	0c5cb2a465e5db671d09e57d82dc7d2279cee6ef898da3154a4cac90f5c80de8
jdk8/no-debug/runtime/DirectInstanceRawParam.jadx.txt	b3cda9506188b60dd9d215bc5efd1dafb315f344e7cea3910361ebe407f0cc9b
jdk8/no-debug/runtime/DirectInstanceRawParam.jarde.txt	9358c79b8f63417a168963e9dc02e1e1359ee5bda8614638bec755f01d5683be
jdk8/no-debug/runtime/DirectInstanceRawParam.original.txt	9358c79b8f63417a168963e9dc02e1e1359ee5bda8614638bec755f01d5683be
jdk8/no-debug/runtime/InstanceRawLocal.jarde.txt	c4a0fd4eb5e838df4c7116cc09d11740387e51309b8dd9c85cb1eac73adb9692
jdk8/no-debug/runtime/InstanceRawLocal.original.txt	b5f800a25ef5e547f36ccdecb9d6798cca74aee4a8a677d83bd449aea30f57e1
jdk8/no-debug/runtime/MultiFormalRawParam.jadx.txt	8d284d37fb44425659f63776c8f684d596146724e653b1147b4adc2b7c50d4e2
jdk8/no-debug/runtime/MultiFormalRawParam.jarde.txt	8bc5d0b9f7ed8f8820c0a056a24f74615b3e6104dd1ccada41aee9975df41485
jdk8/no-debug/runtime/MultiFormalRawParam.original.txt	6d16de1512a82cf13a56f94903001249dbfdb1ab81b29b817616448334e1d0c4
jdk8/no-debug/runtime/NullRawParam.jadx.txt	f4e759450c3306919076b843e677ebd4315a206a7a08c607258e8ee49a6eb720
jdk8/no-debug/runtime/NullRawParam.jarde.txt	99432d5aa83e97874597f1a0fde12c2a963ce4099787ae00fd33faff35b18418
jdk8/no-debug/runtime/NullRawParam.original.txt	99432d5aa83e97874597f1a0fde12c2a963ce4099787ae00fd33faff35b18418
jdk8/no-debug/runtime/PrimitiveArrayRawParam.jadx.txt	8dbde5389e6da69a121d5ad297157ee52bcb682d49d75d8a4bc7844fd4d1d1e8
jdk8/no-debug/runtime/PrimitiveArrayRawParam.jarde.txt	e156798549dd3ab3c3eced5fadfdced0789f4ee0e3f65410c291f2c46434dfba
jdk8/no-debug/runtime/PrimitiveArrayRawParam.original.txt	e156798549dd3ab3c3eced5fadfdced0789f4ee0e3f65410c291f2c46434dfba
jdk8/no-debug/runtime/RawOwnerChild.jadx.txt	2404a47a7f7c206decbce521d1ad8ca2966f33929a01a6e1cd462d7eda65b76b
jdk8/no-debug/runtime/RawOwnerChild.jarde.txt	e65da6d8f2478e3a0b6f43759b106518ecb2b77f17bd072cf737ed70a4ac28ad
jdk8/no-debug/runtime/RawOwnerChild.original.txt	c25e0c82c8f818f082f08ceef41ac63b15ed1ce4bb020bcf1eff5396c577b047
jdk8/no-debug/runtime/RawParam.jadx.txt	33b65814b563635c3b26f292f11a234ec9eda87fc8bbf5409c3fc0f323ad9d3d
jdk8/no-debug/runtime/RawParam.jarde.txt	6a2e3f1a9739b680582fea7e805eed4d712c0aaa5f345bb00d8449a502e68b6d
jdk8/no-debug/runtime/RawParam.original.txt	6a2e3f1a9739b680582fea7e805eed4d712c0aaa5f345bb00d8449a502e68b6d
jdk8/no-debug/runtime/RetainedAliasRawParam.jadx.txt	f92fd71052669f4c2419e8516949617f14ee858caeb232d80d63117f41ea2d94
jdk8/no-debug/runtime/RetainedAliasRawParam.jarde.txt	587147b6fcdb6f90959b73653be0302d121556b4c0626fb20a88ff47291ce8ff
jdk8/no-debug/runtime/RetainedAliasRawParam.original.txt	587147b6fcdb6f90959b73653be0302d121556b4c0626fb20a88ff47291ce8ff
jdk8/no-debug/runtime/ShadowMethodT.jadx.txt	1c91e9e73e2b1038112652360b7e0dcd639e400df84523aac0d0102801a17264
jdk8/no-debug/runtime/ShadowMethodT.jarde.txt	ceb1dd45add8519cb6e22a15e06a6eab6b515c2f59d517b64ede6b379fcd7b53
jdk8/no-debug/runtime/ShadowMethodT.original.txt	e491f2fc9b0efb07abdaf9da8848a50d38b4da3848f045e3268c35d95124df5a
jdk8/no-debug/runtime/StaticRawLocal.jadx.txt	caa078a6f6a66a11482c09645632ebb52566091c80fab4fa927b1053dce64fde
jdk8/no-debug/runtime/StaticRawLocal.jarde.txt	25ea87cacc91c856b41331c020cf776ffda40333d737cff0309fadf5141463b0
jdk8/no-debug/runtime/StaticRawLocal.original.txt	25ea87cacc91c856b41331c020cf776ffda40333d737cff0309fadf5141463b0
jdk8/no-debug/runtime/ThisReceiver.jadx.txt	f2c2ade79741f3c077a9767a2c86b6f9e8b3c91395a41c1c035e78ca2c19717e
jdk8/no-debug/runtime/ThisReceiver.jarde.txt	9916911dd761a7b0d550673bef203cb77fb4cb96733a8fb0a2184fb7d3ba65b8
jdk8/no-debug/runtime/ThisReceiver.original.txt	9916911dd761a7b0d550673bef203cb77fb4cb96733a8fb0a2184fb7d3ba65b8
jdk8/no-debug/runtime/TypedReceiver.jadx.txt	1a07b6f4350dff1a6ca5a3e4ec3062096840ad9dbc1a6efbd816e82d4c9ccb31
jdk8/no-debug/runtime/TypedReceiver.jarde.txt	d7134843994e4b3ba1d434e5bdfba85531e98e0ec94492801f5dbfa4a5b0ca18
jdk8/no-debug/runtime/TypedReceiver.original.txt	7f08ef56194b137543c901f9bd3946d1ac0f4153f2cc202df75762d9c8052a16
jdk8/no-debug/runtime/WideRawParam.jadx.txt	bb098a483d7226c3ef490fd7d5502cfaae0fa2dc00a248054971f81a95f5b14e
jdk8/no-debug/runtime/WideRawParam.jarde.txt	9b6ad934d85edae64408a458838c3e4654befd592a41b43cedf7710c2e9b1512
jdk8/no-debug/runtime/WideRawParam.original.txt	9b6ad934d85edae64408a458838c3e4654befd592a41b43cedf7710c2e9b1512
jdk8/versions/java.txt	faab3c8a678f056adf83280dbda6950d4d51a39eaf84b2136be0a1812b62e22d
jdk8/versions/javac.txt	b78c3d234842235ae1b53dd6405da54b3af2b02047c45858b595870662803db8
outer-preflight-metadata.json	195020cbead725c20a62dc59a8e4278cd506077f27e3e59cc45907cd8a4e7a42
outer-run-metadata.json	a3bd9b0dfcdb2e4147ec77b8f927743919a52f11cc53a4b88f3c32a0cba87dbd
replay-executed.py	2c9b8233f41f13a483fa252a898f81e4602b9c7b3a0308cbc95bcd42162dc3a2
run-label.txt	9caeaef192fe3281fab78c6f4fac5c6d1ed60f35921c4602a19824b370c46d8e
runtime-comparisons.tsv	59f46618900e7c2db880727853072b27009fac81285d19a5b6f6a0f72bea24b0
subprocess-logs/0001-versions_jarde-cli.stderr	e3b0c44298fc1c149afbf4c8996fb92427ae41e4649b934ca495991b7852b855
subprocess-logs/0001-versions_jarde-cli.stdout	4e3523057f610dda085c877b3d636cbdeb15c23a541dba3b399c7c04eb4b14b5
subprocess-logs/0002-versions_jadx-cli.stderr	e3b0c44298fc1c149afbf4c8996fb92427ae41e4649b934ca495991b7852b855
subprocess-logs/0002-versions_jadx-cli.stdout	9c5955fc99a60b8f6dee6cf582c4420d91e1b3e2a201f532c91e2cbdfce7fa51
subprocess-logs/0003-jdk8_versions_java.stderr	faab3c8a678f056adf83280dbda6950d4d51a39eaf84b2136be0a1812b62e22d
subprocess-logs/0003-jdk8_versions_java.stdout	e3b0c44298fc1c149afbf4c8996fb92427ae41e4649b934ca495991b7852b855
subprocess-logs/0004-jdk8_versions_javac.stderr	b78c3d234842235ae1b53dd6405da54b3af2b02047c45858b595870662803db8
subprocess-logs/0004-jdk8_versions_javac.stdout	e3b0c44298fc1c149afbf4c8996fb92427ae41e4649b934ca495991b7852b855
subprocess-logs/0005-jdk8_debug_RawParam_jar-contents.stderr	e3b0c44298fc1c149afbf4c8996fb92427ae41e4649b934ca495991b7852b855
subprocess-logs/0005-jdk8_debug_RawParam_jar-contents.stdout	f05bc4ea2d7bc579f4987b4528010f3e37b2499a541d17b872ac93047629c0ee
subprocess-logs/0006-jdk8_debug_RawParam_original-javac.stderr	9d9730b78eecc0bec068e8425ed36cb28f298a28293b51d7ed462c65fe14ad4f
subprocess-logs/0006-jdk8_debug_RawParam_original-javac.stdout	e3b0c44298fc1c149afbf4c8996fb92427ae41e4649b934ca495991b7852b855
subprocess-logs/0007-jdk8_debug_RawParam_javap.stderr	e3b0c44298fc1c149afbf4c8996fb92427ae41e4649b934ca495991b7852b855
subprocess-logs/0007-jdk8_debug_RawParam_javap.stdout	bc0b7e43895553691716cf1abb0c59faf3ab7b72ef31d17ce517b552e969b435
subprocess-logs/0008-jdk8_debug_RawParam_original-probe-javac.stderr	e3b0c44298fc1c149afbf4c8996fb92427ae41e4649b934ca495991b7852b855
subprocess-logs/0008-jdk8_debug_RawParam_original-probe-javac.stdout	e3b0c44298fc1c149afbf4c8996fb92427ae41e4649b934ca495991b7852b855
subprocess-logs/0009-jdk8_debug_RawParam_original-run.stderr	e3b0c44298fc1c149afbf4c8996fb92427ae41e4649b934ca495991b7852b855
subprocess-logs/0009-jdk8_debug_RawParam_original-run.stdout	6a2e3f1a9739b680582fea7e805eed4d712c0aaa5f345bb00d8449a502e68b6d
subprocess-logs/0010-jdk8_debug_RawParam_jarde-RawParam.stderr	5200560f513e7cc9b9f818e223218e0f925f4086c1f2b6cdcf6d1c23c6b0103a
subprocess-logs/0010-jdk8_debug_RawParam_jarde-RawParam.stdout	e086985b6879bfbebb341e501fb7f963bc33d5623ac87904b40e011163135e9b
subprocess-logs/0011-jdk8_debug_RawParam_jarde-javac.stderr	34ce0745a2aca70dac0a4647c04cb1a64635e5c440603cbc4ac1ea7088d48e33
subprocess-logs/0011-jdk8_debug_RawParam_jarde-javac.stdout	e3b0c44298fc1c149afbf4c8996fb92427ae41e4649b934ca495991b7852b855
subprocess-logs/0012-jdk8_debug_RawParam_jarde-verify-run.stderr	e3b0c44298fc1c149afbf4c8996fb92427ae41e4649b934ca495991b7852b855
subprocess-logs/0012-jdk8_debug_RawParam_jarde-verify-run.stdout	6a2e3f1a9739b680582fea7e805eed4d712c0aaa5f345bb00d8449a502e68b6d
subprocess-logs/0013-jdk8_debug_RawParam_jadx.stderr	e3b0c44298fc1c149afbf4c8996fb92427ae41e4649b934ca495991b7852b855
subprocess-logs/0013-jdk8_debug_RawParam_jadx.stdout	29264f7e46949dde3fe6a0ed85723044d6902fd39e3717dc99b3b9000ee0c271
subprocess-logs/0014-jdk8_debug_RawParam_jadx-javac.stderr	e20875356c9c080ff17c25699ca5cc8f5de8d1435502803942ca3659aaeeb700
subprocess-logs/0014-jdk8_debug_RawParam_jadx-javac.stdout	e3b0c44298fc1c149afbf4c8996fb92427ae41e4649b934ca495991b7852b855
subprocess-logs/0015-jdk8_debug_RawParam_jadx-verify-run.stderr	e3b0c44298fc1c149afbf4c8996fb92427ae41e4649b934ca495991b7852b855
subprocess-logs/0015-jdk8_debug_RawParam_jadx-verify-run.stdout	33b65814b563635c3b26f292f11a234ec9eda87fc8bbf5409c3fc0f323ad9d3d
subprocess-logs/0016-jdk8_no-debug_RawParam_jar-contents.stderr	e3b0c44298fc1c149afbf4c8996fb92427ae41e4649b934ca495991b7852b855
subprocess-logs/0016-jdk8_no-debug_RawParam_jar-contents.stdout	f05bc4ea2d7bc579f4987b4528010f3e37b2499a541d17b872ac93047629c0ee
subprocess-logs/0017-jdk8_no-debug_RawParam_original-javac.stderr	9d9730b78eecc0bec068e8425ed36cb28f298a28293b51d7ed462c65fe14ad4f
subprocess-logs/0017-jdk8_no-debug_RawParam_original-javac.stdout	e3b0c44298fc1c149afbf4c8996fb92427ae41e4649b934ca495991b7852b855
subprocess-logs/0018-jdk8_no-debug_RawParam_javap.stderr	e3b0c44298fc1c149afbf4c8996fb92427ae41e4649b934ca495991b7852b855
subprocess-logs/0018-jdk8_no-debug_RawParam_javap.stdout	cc2c68d9572b763ce658882d9210752a0cd40c7a38cb210d8abbc6ba5f6aa291
subprocess-logs/0019-jdk8_no-debug_RawParam_original-probe-javac.stderr	e3b0c44298fc1c149afbf4c8996fb92427ae41e4649b934ca495991b7852b855
subprocess-logs/0019-jdk8_no-debug_RawParam_original-probe-javac.stdout	e3b0c44298fc1c149afbf4c8996fb92427ae41e4649b934ca495991b7852b855
subprocess-logs/0020-jdk8_no-debug_RawParam_original-run.stderr	e3b0c44298fc1c149afbf4c8996fb92427ae41e4649b934ca495991b7852b855
subprocess-logs/0020-jdk8_no-debug_RawParam_original-run.stdout	6a2e3f1a9739b680582fea7e805eed4d712c0aaa5f345bb00d8449a502e68b6d
subprocess-logs/0021-jdk8_no-debug_RawParam_jarde-RawParam.stderr	023159e223bdf9bceddeb138dcd82b078f69955af70da271c92f820998f2ed04
subprocess-logs/0021-jdk8_no-debug_RawParam_jarde-RawParam.stdout	deadf9d5abebeb93b29bb8330dd107c0f9f84ba1ddfa430103fcb8261f91caa4
subprocess-logs/0022-jdk8_no-debug_RawParam_jarde-javac.stderr	49ac94c53280aa5443017314c110ee187d8c84a9df5207cef8aa107c8e6d42b1
subprocess-logs/0022-jdk8_no-debug_RawParam_jarde-javac.stdout	e3b0c44298fc1c149afbf4c8996fb92427ae41e4649b934ca495991b7852b855
subprocess-logs/0023-jdk8_no-debug_RawParam_jarde-verify-run.stderr	e3b0c44298fc1c149afbf4c8996fb92427ae41e4649b934ca495991b7852b855
subprocess-logs/0023-jdk8_no-debug_RawParam_jarde-verify-run.stdout	6a2e3f1a9739b680582fea7e805eed4d712c0aaa5f345bb00d8449a502e68b6d
subprocess-logs/0024-jdk8_no-debug_RawParam_jadx.stderr	e3b0c44298fc1c149afbf4c8996fb92427ae41e4649b934ca495991b7852b855
subprocess-logs/0024-jdk8_no-debug_RawParam_jadx.stdout	ccafd6c3d95e121fbbcc4b243d18800bb9d96ba7a3b802aa498ef6d499514cca
subprocess-logs/0025-jdk8_no-debug_RawParam_jadx-javac.stderr	6ef5e63b1b2925530ba2eabb489959a04169824588263bde2e5893b538ee5982
subprocess-logs/0025-jdk8_no-debug_RawParam_jadx-javac.stdout	e3b0c44298fc1c149afbf4c8996fb92427ae41e4649b934ca495991b7852b855
subprocess-logs/0026-jdk8_no-debug_RawParam_jadx-verify-run.stderr	e3b0c44298fc1c149afbf4c8996fb92427ae41e4649b934ca495991b7852b855
subprocess-logs/0026-jdk8_no-debug_RawParam_jadx-verify-run.stdout	33b65814b563635c3b26f292f11a234ec9eda87fc8bbf5409c3fc0f323ad9d3d
subprocess-logs/0027-jdk8_debug_StaticRawLocal_jar-contents.stderr	e3b0c44298fc1c149afbf4c8996fb92427ae41e4649b934ca495991b7852b855
subprocess-logs/0027-jdk8_debug_StaticRawLocal_jar-contents.stdout	fb8ff04b200dd376807a9a425a37f1a645e63a3f90b47df4f84e407b0fed9d07
subprocess-logs/0028-jdk8_debug_StaticRawLocal_original-javac.stderr	23527a58b01798057acd5c28c00f81495224d919b15e566b51e41149473a51f1
subprocess-logs/0028-jdk8_debug_StaticRawLocal_original-javac.stdout	e3b0c44298fc1c149afbf4c8996fb92427ae41e4649b934ca495991b7852b855
subprocess-logs/0029-jdk8_debug_StaticRawLocal_javap.stderr	e3b0c44298fc1c149afbf4c8996fb92427ae41e4649b934ca495991b7852b855
subprocess-logs/0029-jdk8_debug_StaticRawLocal_javap.stdout	e0994f098dd155f0f2867b8a271f4c7dfb09c0342b8f7ac40d767ee8c18864e4
subprocess-logs/0030-jdk8_debug_StaticRawLocal_original-probe-javac.stderr	e3b0c44298fc1c149afbf4c8996fb92427ae41e4649b934ca495991b7852b855
subprocess-logs/0030-jdk8_debug_StaticRawLocal_original-probe-javac.stdout	e3b0c44298fc1c149afbf4c8996fb92427ae41e4649b934ca495991b7852b855
subprocess-logs/0031-jdk8_debug_StaticRawLocal_original-run.stderr	e3b0c44298fc1c149afbf4c8996fb92427ae41e4649b934ca495991b7852b855
subprocess-logs/0031-jdk8_debug_StaticRawLocal_original-run.stdout	25ea87cacc91c856b41331c020cf776ffda40333d737cff0309fadf5141463b0
subprocess-logs/0032-jdk8_debug_StaticRawLocal_jarde-StaticRawLocal.stderr	6be453ccff09c8c80feaada6a0ada9849f39757d2c4a845fa6b22e2dd4537e84
subprocess-logs/0032-jdk8_debug_StaticRawLocal_jarde-StaticRawLocal.stdout	9ec274de3d0847441e7de73ff79a6d027179b6c14306c18643ee8e2346b54332
subprocess-logs/0033-jdk8_debug_StaticRawLocal_jarde-javac.stderr	b24d61c58732d737e46a7ec13251027415f982843355628a3223d4800b40a4b0
subprocess-logs/0033-jdk8_debug_StaticRawLocal_jarde-javac.stdout	e3b0c44298fc1c149afbf4c8996fb92427ae41e4649b934ca495991b7852b855
subprocess-logs/0034-jdk8_debug_StaticRawLocal_jarde-verify-run.stderr	e3b0c44298fc1c149afbf4c8996fb92427ae41e4649b934ca495991b7852b855
subprocess-logs/0034-jdk8_debug_StaticRawLocal_jarde-verify-run.stdout	25ea87cacc91c856b41331c020cf776ffda40333d737cff0309fadf5141463b0
subprocess-logs/0035-jdk8_debug_StaticRawLocal_jadx.stderr	e3b0c44298fc1c149afbf4c8996fb92427ae41e4649b934ca495991b7852b855
subprocess-logs/0035-jdk8_debug_StaticRawLocal_jadx.stdout	c990b2d6de124a69a58a962352ec4f4e72c6b00814c2a3b171258f9e9670ef63
subprocess-logs/0036-jdk8_debug_StaticRawLocal_jadx-javac.stderr	6d7a489466c524dc5db56a9e20c5766f4cc3aedefd24026ac8c08941673ce794
subprocess-logs/0036-jdk8_debug_StaticRawLocal_jadx-javac.stdout	e3b0c44298fc1c149afbf4c8996fb92427ae41e4649b934ca495991b7852b855
subprocess-logs/0037-jdk8_debug_StaticRawLocal_jadx-verify-run.stderr	e3b0c44298fc1c149afbf4c8996fb92427ae41e4649b934ca495991b7852b855
subprocess-logs/0037-jdk8_debug_StaticRawLocal_jadx-verify-run.stdout	caa078a6f6a66a11482c09645632ebb52566091c80fab4fa927b1053dce64fde
subprocess-logs/0038-jdk8_no-debug_StaticRawLocal_jar-contents.stderr	e3b0c44298fc1c149afbf4c8996fb92427ae41e4649b934ca495991b7852b855
subprocess-logs/0038-jdk8_no-debug_StaticRawLocal_jar-contents.stdout	fb8ff04b200dd376807a9a425a37f1a645e63a3f90b47df4f84e407b0fed9d07
subprocess-logs/0039-jdk8_no-debug_StaticRawLocal_original-javac.stderr	23527a58b01798057acd5c28c00f81495224d919b15e566b51e41149473a51f1
subprocess-logs/0039-jdk8_no-debug_StaticRawLocal_original-javac.stdout	e3b0c44298fc1c149afbf4c8996fb92427ae41e4649b934ca495991b7852b855
subprocess-logs/0040-jdk8_no-debug_StaticRawLocal_javap.stderr	e3b0c44298fc1c149afbf4c8996fb92427ae41e4649b934ca495991b7852b855
subprocess-logs/0040-jdk8_no-debug_StaticRawLocal_javap.stdout	f524d996d106d91974cf2b6d64dbe542b10606b0499411bdcd62f1698717625a
subprocess-logs/0041-jdk8_no-debug_StaticRawLocal_original-probe-javac.stderr	e3b0c44298fc1c149afbf4c8996fb92427ae41e4649b934ca495991b7852b855
subprocess-logs/0041-jdk8_no-debug_StaticRawLocal_original-probe-javac.stdout	e3b0c44298fc1c149afbf4c8996fb92427ae41e4649b934ca495991b7852b855
subprocess-logs/0042-jdk8_no-debug_StaticRawLocal_original-run.stderr	e3b0c44298fc1c149afbf4c8996fb92427ae41e4649b934ca495991b7852b855
subprocess-logs/0042-jdk8_no-debug_StaticRawLocal_original-run.stdout	25ea87cacc91c856b41331c020cf776ffda40333d737cff0309fadf5141463b0
subprocess-logs/0043-jdk8_no-debug_StaticRawLocal_jarde-StaticRawLocal.stderr	c7c83b158bd915a92dee6e1c7a872d53d67b8ed6431492ad5c6614fcdb7ea2cc
subprocess-logs/0043-jdk8_no-debug_StaticRawLocal_jarde-StaticRawLocal.stdout	fd3a53f3051037b2d49c8966c16550fc2360b0f7494664a72673443748783747
subprocess-logs/0044-jdk8_no-debug_StaticRawLocal_jarde-javac.stderr	daccddd904947fe2c10cba0a8e0b71658fb3b682a073f736a61f04170b3cbf11
subprocess-logs/0044-jdk8_no-debug_StaticRawLocal_jarde-javac.stdout	e3b0c44298fc1c149afbf4c8996fb92427ae41e4649b934ca495991b7852b855
subprocess-logs/0045-jdk8_no-debug_StaticRawLocal_jarde-verify-run.stderr	e3b0c44298fc1c149afbf4c8996fb92427ae41e4649b934ca495991b7852b855
subprocess-logs/0045-jdk8_no-debug_StaticRawLocal_jarde-verify-run.stdout	25ea87cacc91c856b41331c020cf776ffda40333d737cff0309fadf5141463b0
subprocess-logs/0046-jdk8_no-debug_StaticRawLocal_jadx.stderr	e3b0c44298fc1c149afbf4c8996fb92427ae41e4649b934ca495991b7852b855
subprocess-logs/0046-jdk8_no-debug_StaticRawLocal_jadx.stdout	99f2e60ed02e836894022efe139147d35be14edc0399000f410fa6c7d4b48b32
subprocess-logs/0047-jdk8_no-debug_StaticRawLocal_jadx-javac.stderr	fdf7e96b4ff5b93ef608ac16ca044020e8d8a9b4d50628448e5f6f8657a5638f
subprocess-logs/0047-jdk8_no-debug_StaticRawLocal_jadx-javac.stdout	e3b0c44298fc1c149afbf4c8996fb92427ae41e4649b934ca495991b7852b855
subprocess-logs/0048-jdk8_no-debug_StaticRawLocal_jadx-verify-run.stderr	e3b0c44298fc1c149afbf4c8996fb92427ae41e4649b934ca495991b7852b855
subprocess-logs/0048-jdk8_no-debug_StaticRawLocal_jadx-verify-run.stdout	caa078a6f6a66a11482c09645632ebb52566091c80fab4fa927b1053dce64fde
subprocess-logs/0049-jdk8_debug_InstanceRawLocal_jar-contents.stderr	e3b0c44298fc1c149afbf4c8996fb92427ae41e4649b934ca495991b7852b855
subprocess-logs/0049-jdk8_debug_InstanceRawLocal_jar-contents.stdout	14fa51d33a6937146f86014d2ee03c2e459c32def063b6fd66b0be882ef50b5b
subprocess-logs/0050-jdk8_debug_InstanceRawLocal_original-javac.stderr	217bb0a1d4765a48a9791a61d67250fed3dde327803c7634fec1e8515f4305c2
subprocess-logs/0050-jdk8_debug_InstanceRawLocal_original-javac.stdout	e3b0c44298fc1c149afbf4c8996fb92427ae41e4649b934ca495991b7852b855
subprocess-logs/0051-jdk8_debug_InstanceRawLocal_javap.stderr	e3b0c44298fc1c149afbf4c8996fb92427ae41e4649b934ca495991b7852b855
subprocess-logs/0051-jdk8_debug_InstanceRawLocal_javap.stdout	9249a05a4572e949a37723bf4ff6085801591039804b4eee4014d3dd1f8cfd06
subprocess-logs/0052-jdk8_debug_InstanceRawLocal_original-probe-javac.stderr	e3b0c44298fc1c149afbf4c8996fb92427ae41e4649b934ca495991b7852b855
subprocess-logs/0052-jdk8_debug_InstanceRawLocal_original-probe-javac.stdout	e3b0c44298fc1c149afbf4c8996fb92427ae41e4649b934ca495991b7852b855
subprocess-logs/0053-jdk8_debug_InstanceRawLocal_original-run.stderr	e3b0c44298fc1c149afbf4c8996fb92427ae41e4649b934ca495991b7852b855
subprocess-logs/0053-jdk8_debug_InstanceRawLocal_original-run.stdout	b5f800a25ef5e547f36ccdecb9d6798cca74aee4a8a677d83bd449aea30f57e1
subprocess-logs/0054-jdk8_debug_InstanceRawLocal_jarde-InstanceRawLocal.stderr	17ba20cd02479cb16e4c5a752aa8d6407418db1367b6c22ae1c20dcf87a8329d
subprocess-logs/0054-jdk8_debug_InstanceRawLocal_jarde-InstanceRawLocal.stdout	5739eae80933689e02968db38be749560fea18f7852efc7071bc402ac1657445
subprocess-logs/0055-jdk8_debug_InstanceRawLocal_jarde-javac.stderr	e3b0c44298fc1c149afbf4c8996fb92427ae41e4649b934ca495991b7852b855
subprocess-logs/0055-jdk8_debug_InstanceRawLocal_jarde-javac.stdout	e3b0c44298fc1c149afbf4c8996fb92427ae41e4649b934ca495991b7852b855
subprocess-logs/0056-jdk8_debug_InstanceRawLocal_jarde-verify-run.stderr	e3b0c44298fc1c149afbf4c8996fb92427ae41e4649b934ca495991b7852b855
subprocess-logs/0056-jdk8_debug_InstanceRawLocal_jarde-verify-run.stdout	c4a0fd4eb5e838df4c7116cc09d11740387e51309b8dd9c85cb1eac73adb9692
subprocess-logs/0057-jdk8_debug_InstanceRawLocal_jadx.stderr	e3b0c44298fc1c149afbf4c8996fb92427ae41e4649b934ca495991b7852b855
subprocess-logs/0057-jdk8_debug_InstanceRawLocal_jadx.stdout	dc54691155df3e95696e9723efe00c2930bc14f5837462f75b134c5a227e43a5
subprocess-logs/0058-jdk8_debug_InstanceRawLocal_jadx-javac.stderr	582683f25562b6405cb01d41518402286ba547c63267156b5c3cbfc9bf3cbd2e
subprocess-logs/0058-jdk8_debug_InstanceRawLocal_jadx-javac.stdout	e3b0c44298fc1c149afbf4c8996fb92427ae41e4649b934ca495991b7852b855
subprocess-logs/0059-jdk8_no-debug_InstanceRawLocal_jar-contents.stderr	e3b0c44298fc1c149afbf4c8996fb92427ae41e4649b934ca495991b7852b855
subprocess-logs/0059-jdk8_no-debug_InstanceRawLocal_jar-contents.stdout	14fa51d33a6937146f86014d2ee03c2e459c32def063b6fd66b0be882ef50b5b
subprocess-logs/0060-jdk8_no-debug_InstanceRawLocal_original-javac.stderr	217bb0a1d4765a48a9791a61d67250fed3dde327803c7634fec1e8515f4305c2
subprocess-logs/0060-jdk8_no-debug_InstanceRawLocal_original-javac.stdout	e3b0c44298fc1c149afbf4c8996fb92427ae41e4649b934ca495991b7852b855
subprocess-logs/0061-jdk8_no-debug_InstanceRawLocal_javap.stderr	e3b0c44298fc1c149afbf4c8996fb92427ae41e4649b934ca495991b7852b855
subprocess-logs/0061-jdk8_no-debug_InstanceRawLocal_javap.stdout	d7aad3786566a8bfdffbfabdf54ee56978abafe2c5c4f9154f892c01bf836281
subprocess-logs/0062-jdk8_no-debug_InstanceRawLocal_original-probe-javac.stderr	e3b0c44298fc1c149afbf4c8996fb92427ae41e4649b934ca495991b7852b855
subprocess-logs/0062-jdk8_no-debug_InstanceRawLocal_original-probe-javac.stdout	e3b0c44298fc1c149afbf4c8996fb92427ae41e4649b934ca495991b7852b855
subprocess-logs/0063-jdk8_no-debug_InstanceRawLocal_original-run.stderr	e3b0c44298fc1c149afbf4c8996fb92427ae41e4649b934ca495991b7852b855
subprocess-logs/0063-jdk8_no-debug_InstanceRawLocal_original-run.stdout	b5f800a25ef5e547f36ccdecb9d6798cca74aee4a8a677d83bd449aea30f57e1
subprocess-logs/0064-jdk8_no-debug_InstanceRawLocal_jarde-InstanceRawLocal.stderr	8b242337de7235857d1adcbbe7989fc229ee050cff5a75dc6e7c7dcf9814fe9a
subprocess-logs/0064-jdk8_no-debug_InstanceRawLocal_jarde-InstanceRawLocal.stdout	da10013688a30b0cc61c5f8ad8649f79792d67b4ea0d861293afdaf595225214
subprocess-logs/0065-jdk8_no-debug_InstanceRawLocal_jarde-javac.stderr	e3b0c44298fc1c149afbf4c8996fb92427ae41e4649b934ca495991b7852b855
subprocess-logs/0065-jdk8_no-debug_InstanceRawLocal_jarde-javac.stdout	e3b0c44298fc1c149afbf4c8996fb92427ae41e4649b934ca495991b7852b855
subprocess-logs/0066-jdk8_no-debug_InstanceRawLocal_jarde-verify-run.stderr	e3b0c44298fc1c149afbf4c8996fb92427ae41e4649b934ca495991b7852b855
subprocess-logs/0066-jdk8_no-debug_InstanceRawLocal_jarde-verify-run.stdout	c4a0fd4eb5e838df4c7116cc09d11740387e51309b8dd9c85cb1eac73adb9692
subprocess-logs/0067-jdk8_no-debug_InstanceRawLocal_jadx.stderr	e3b0c44298fc1c149afbf4c8996fb92427ae41e4649b934ca495991b7852b855
subprocess-logs/0067-jdk8_no-debug_InstanceRawLocal_jadx.stdout	5f2f39dff82f208eeec1edede91d302379182167d549514342127ccb6094b8a6
subprocess-logs/0068-jdk8_no-debug_InstanceRawLocal_jadx-javac.stderr	ce3ef0e2fcf208c86123f2aa7ffca098d120aaf3ddb840b1862b021522f1ebf0
subprocess-logs/0068-jdk8_no-debug_InstanceRawLocal_jadx-javac.stdout	e3b0c44298fc1c149afbf4c8996fb92427ae41e4649b934ca495991b7852b855
subprocess-logs/0069-jdk8_debug_TypedReceiver_jar-contents.stderr	e3b0c44298fc1c149afbf4c8996fb92427ae41e4649b934ca495991b7852b855
subprocess-logs/0069-jdk8_debug_TypedReceiver_jar-contents.stdout	de8b80e7eef68f017a319fe14e4ce5bcfa8e9eab45f9d818e61b1bf3001f42d7
subprocess-logs/0070-jdk8_debug_TypedReceiver_original-javac.stderr	e3b0c44298fc1c149afbf4c8996fb92427ae41e4649b934ca495991b7852b855
subprocess-logs/0070-jdk8_debug_TypedReceiver_original-javac.stdout	e3b0c44298fc1c149afbf4c8996fb92427ae41e4649b934ca495991b7852b855
subprocess-logs/0071-jdk8_debug_TypedReceiver_javap.stderr	e3b0c44298fc1c149afbf4c8996fb92427ae41e4649b934ca495991b7852b855
subprocess-logs/0071-jdk8_debug_TypedReceiver_javap.stdout	0fafdbe630a9c84f8a1689942d1d318fbf4965b15a3f175ce3af6e45ad59f135
subprocess-logs/0072-jdk8_debug_TypedReceiver_original-probe-javac.stderr	e3b0c44298fc1c149afbf4c8996fb92427ae41e4649b934ca495991b7852b855
subprocess-logs/0072-jdk8_debug_TypedReceiver_original-probe-javac.stdout	e3b0c44298fc1c149afbf4c8996fb92427ae41e4649b934ca495991b7852b855
subprocess-logs/0073-jdk8_debug_TypedReceiver_original-run.stderr	e3b0c44298fc1c149afbf4c8996fb92427ae41e4649b934ca495991b7852b855
subprocess-logs/0073-jdk8_debug_TypedReceiver_original-run.stdout	7f08ef56194b137543c901f9bd3946d1ac0f4153f2cc202df75762d9c8052a16
subprocess-logs/0074-jdk8_debug_TypedReceiver_jarde-TypedReceiver.stderr	ceea79c7a0feac3d7f6a8950dad36a6280ec100ffaf4cedae92f2cd6d778c809
subprocess-logs/0074-jdk8_debug_TypedReceiver_jarde-TypedReceiver.stdout	161785be22add146d3c6fd6f56636a636935030610ccacf7511a7d7982dd2e71
subprocess-logs/0075-jdk8_debug_TypedReceiver_jarde-javac.stderr	59a72d246bd815d094a2d2967ce0d66d6fb2673361abe78f425a192cd1f0f43e
subprocess-logs/0075-jdk8_debug_TypedReceiver_jarde-javac.stdout	e3b0c44298fc1c149afbf4c8996fb92427ae41e4649b934ca495991b7852b855
subprocess-logs/0076-jdk8_debug_TypedReceiver_jarde-verify-run.stderr	e3b0c44298fc1c149afbf4c8996fb92427ae41e4649b934ca495991b7852b855
subprocess-logs/0076-jdk8_debug_TypedReceiver_jarde-verify-run.stdout	d7134843994e4b3ba1d434e5bdfba85531e98e0ec94492801f5dbfa4a5b0ca18
subprocess-logs/0077-jdk8_debug_TypedReceiver_jadx.stderr	e3b0c44298fc1c149afbf4c8996fb92427ae41e4649b934ca495991b7852b855
subprocess-logs/0077-jdk8_debug_TypedReceiver_jadx.stdout	2c28ff5d661b73347cb76e023b5c98f59e166bc6e61a1a392c077e5fecae686b
subprocess-logs/0078-jdk8_debug_TypedReceiver_jadx-javac.stderr	e3b0c44298fc1c149afbf4c8996fb92427ae41e4649b934ca495991b7852b855
subprocess-logs/0078-jdk8_debug_TypedReceiver_jadx-javac.stdout	e3b0c44298fc1c149afbf4c8996fb92427ae41e4649b934ca495991b7852b855
subprocess-logs/0079-jdk8_debug_TypedReceiver_jadx-verify-run.stderr	e3b0c44298fc1c149afbf4c8996fb92427ae41e4649b934ca495991b7852b855
subprocess-logs/0079-jdk8_debug_TypedReceiver_jadx-verify-run.stdout	1a07b6f4350dff1a6ca5a3e4ec3062096840ad9dbc1a6efbd816e82d4c9ccb31
subprocess-logs/0080-jdk8_no-debug_TypedReceiver_jar-contents.stderr	e3b0c44298fc1c149afbf4c8996fb92427ae41e4649b934ca495991b7852b855
subprocess-logs/0080-jdk8_no-debug_TypedReceiver_jar-contents.stdout	de8b80e7eef68f017a319fe14e4ce5bcfa8e9eab45f9d818e61b1bf3001f42d7
subprocess-logs/0081-jdk8_no-debug_TypedReceiver_original-javac.stderr	e3b0c44298fc1c149afbf4c8996fb92427ae41e4649b934ca495991b7852b855
subprocess-logs/0081-jdk8_no-debug_TypedReceiver_original-javac.stdout	e3b0c44298fc1c149afbf4c8996fb92427ae41e4649b934ca495991b7852b855
subprocess-logs/0082-jdk8_no-debug_TypedReceiver_javap.stderr	e3b0c44298fc1c149afbf4c8996fb92427ae41e4649b934ca495991b7852b855
subprocess-logs/0082-jdk8_no-debug_TypedReceiver_javap.stdout	95eafd92fd08eea310d88bc1cd1cde1bca66ce8f8eeeb6801efc78caaa685a15
subprocess-logs/0083-jdk8_no-debug_TypedReceiver_original-probe-javac.stderr	e3b0c44298fc1c149afbf4c8996fb92427ae41e4649b934ca495991b7852b855
subprocess-logs/0083-jdk8_no-debug_TypedReceiver_original-probe-javac.stdout	e3b0c44298fc1c149afbf4c8996fb92427ae41e4649b934ca495991b7852b855
subprocess-logs/0084-jdk8_no-debug_TypedReceiver_original-run.stderr	e3b0c44298fc1c149afbf4c8996fb92427ae41e4649b934ca495991b7852b855
subprocess-logs/0084-jdk8_no-debug_TypedReceiver_original-run.stdout	7f08ef56194b137543c901f9bd3946d1ac0f4153f2cc202df75762d9c8052a16
subprocess-logs/0085-jdk8_no-debug_TypedReceiver_jarde-TypedReceiver.stderr	b1fbf7c6ae568acfbcaaed2169760ead086a6773b87dedfb0dbf5e39e13f742b
subprocess-logs/0085-jdk8_no-debug_TypedReceiver_jarde-TypedReceiver.stdout	bc23f6d670ae4739cc5c483c23851a87180cb7706f8bb4daa8c17c88625efb56
subprocess-logs/0086-jdk8_no-debug_TypedReceiver_jarde-javac.stderr	a547e4ab8e51dab96cd23214b4b5c79f3ac30a923a4dc7389b8859e5db6fc1fc
subprocess-logs/0086-jdk8_no-debug_TypedReceiver_jarde-javac.stdout	e3b0c44298fc1c149afbf4c8996fb92427ae41e4649b934ca495991b7852b855
subprocess-logs/0087-jdk8_no-debug_TypedReceiver_jarde-verify-run.stderr	e3b0c44298fc1c149afbf4c8996fb92427ae41e4649b934ca495991b7852b855
subprocess-logs/0087-jdk8_no-debug_TypedReceiver_jarde-verify-run.stdout	d7134843994e4b3ba1d434e5bdfba85531e98e0ec94492801f5dbfa4a5b0ca18
subprocess-logs/0088-jdk8_no-debug_TypedReceiver_jadx.stderr	e3b0c44298fc1c149afbf4c8996fb92427ae41e4649b934ca495991b7852b855
subprocess-logs/0088-jdk8_no-debug_TypedReceiver_jadx.stdout	6aa75e945d091f1b5d9bba533413a43c080f65947fff73cb80a99d7fafc46dac
subprocess-logs/0089-jdk8_no-debug_TypedReceiver_jadx-javac.stderr	e3b0c44298fc1c149afbf4c8996fb92427ae41e4649b934ca495991b7852b855
subprocess-logs/0089-jdk8_no-debug_TypedReceiver_jadx-javac.stdout	e3b0c44298fc1c149afbf4c8996fb92427ae41e4649b934ca495991b7852b855
subprocess-logs/0090-jdk8_no-debug_TypedReceiver_jadx-verify-run.stderr	e3b0c44298fc1c149afbf4c8996fb92427ae41e4649b934ca495991b7852b855
subprocess-logs/0090-jdk8_no-debug_TypedReceiver_jadx-verify-run.stdout	1a07b6f4350dff1a6ca5a3e4ec3062096840ad9dbc1a6efbd816e82d4c9ccb31
subprocess-logs/0091-jdk8_debug_ThisReceiver_jar-contents.stderr	e3b0c44298fc1c149afbf4c8996fb92427ae41e4649b934ca495991b7852b855
subprocess-logs/0091-jdk8_debug_ThisReceiver_jar-contents.stdout	1656887c3d8299160e12e3dd882357c23f33dc5f9d4f301e546a69530b435c72
subprocess-logs/0092-jdk8_debug_ThisReceiver_original-javac.stderr	e3b0c44298fc1c149afbf4c8996fb92427ae41e4649b934ca495991b7852b855
subprocess-logs/0092-jdk8_debug_ThisReceiver_original-javac.stdout	e3b0c44298fc1c149afbf4c8996fb92427ae41e4649b934ca495991b7852b855
subprocess-logs/0093-jdk8_debug_ThisReceiver_javap.stderr	e3b0c44298fc1c149afbf4c8996fb92427ae41e4649b934ca495991b7852b855
subprocess-logs/0093-jdk8_debug_ThisReceiver_javap.stdout	2f2a02e12469f568ae016a6557d63d63bdb89f4e4ab63fe6a2e6ddf9a205ecaf
subprocess-logs/0094-jdk8_debug_ThisReceiver_original-probe-javac.stderr	e3b0c44298fc1c149afbf4c8996fb92427ae41e4649b934ca495991b7852b855
subprocess-logs/0094-jdk8_debug_ThisReceiver_original-probe-javac.stdout	e3b0c44298fc1c149afbf4c8996fb92427ae41e4649b934ca495991b7852b855
subprocess-logs/0095-jdk8_debug_ThisReceiver_original-run.stderr	e3b0c44298fc1c149afbf4c8996fb92427ae41e4649b934ca495991b7852b855
subprocess-logs/0095-jdk8_debug_ThisReceiver_original-run.stdout	9916911dd761a7b0d550673bef203cb77fb4cb96733a8fb0a2184fb7d3ba65b8
subprocess-logs/0096-jdk8_debug_ThisReceiver_jarde-ThisReceiver.stderr	1632c0477cc642d7a8321bd1dab15a106250087c8df6e08b63f6a9a0dcb5666c
subprocess-logs/0096-jdk8_debug_ThisReceiver_jarde-ThisReceiver.stdout	a97d2cf3fb8ae606b390fe7a96386fb611ca686a76a5a25889978f7e8fc03c52
subprocess-logs/0097-jdk8_debug_ThisReceiver_jarde-javac.stderr	e3b0c44298fc1c149afbf4c8996fb92427ae41e4649b934ca495991b7852b855
subprocess-logs/0097-jdk8_debug_ThisReceiver_jarde-javac.stdout	e3b0c44298fc1c149afbf4c8996fb92427ae41e4649b934ca495991b7852b855
subprocess-logs/0098-jdk8_debug_ThisReceiver_jarde-verify-run.stderr	e3b0c44298fc1c149afbf4c8996fb92427ae41e4649b934ca495991b7852b855
subprocess-logs/0098-jdk8_debug_ThisReceiver_jarde-verify-run.stdout	9916911dd761a7b0d550673bef203cb77fb4cb96733a8fb0a2184fb7d3ba65b8
subprocess-logs/0099-jdk8_debug_ThisReceiver_jadx.stderr	e3b0c44298fc1c149afbf4c8996fb92427ae41e4649b934ca495991b7852b855
subprocess-logs/0099-jdk8_debug_ThisReceiver_jadx.stdout	2afe7b1d0469f36b263f15f5df62aaab7eeb8e1aca40db5e8a0cea871e8b286a
subprocess-logs/0100-jdk8_debug_ThisReceiver_jadx-javac.stderr	e3b0c44298fc1c149afbf4c8996fb92427ae41e4649b934ca495991b7852b855
subprocess-logs/0100-jdk8_debug_ThisReceiver_jadx-javac.stdout	e3b0c44298fc1c149afbf4c8996fb92427ae41e4649b934ca495991b7852b855
subprocess-logs/0101-jdk8_debug_ThisReceiver_jadx-verify-run.stderr	e3b0c44298fc1c149afbf4c8996fb92427ae41e4649b934ca495991b7852b855
subprocess-logs/0101-jdk8_debug_ThisReceiver_jadx-verify-run.stdout	f2c2ade79741f3c077a9767a2c86b6f9e8b3c91395a41c1c035e78ca2c19717e
subprocess-logs/0102-jdk8_no-debug_ThisReceiver_jar-contents.stderr	e3b0c44298fc1c149afbf4c8996fb92427ae41e4649b934ca495991b7852b855
subprocess-logs/0102-jdk8_no-debug_ThisReceiver_jar-contents.stdout	1656887c3d8299160e12e3dd882357c23f33dc5f9d4f301e546a69530b435c72
subprocess-logs/0103-jdk8_no-debug_ThisReceiver_original-javac.stderr	e3b0c44298fc1c149afbf4c8996fb92427ae41e4649b934ca495991b7852b855
subprocess-logs/0103-jdk8_no-debug_ThisReceiver_original-javac.stdout	e3b0c44298fc1c149afbf4c8996fb92427ae41e4649b934ca495991b7852b855
subprocess-logs/0104-jdk8_no-debug_ThisReceiver_javap.stderr	e3b0c44298fc1c149afbf4c8996fb92427ae41e4649b934ca495991b7852b855
subprocess-logs/0104-jdk8_no-debug_ThisReceiver_javap.stdout	6ca1c12ab28e407f2ebce7f75369b2122364e2218c6c3c7543db1144a7b80a60
subprocess-logs/0105-jdk8_no-debug_ThisReceiver_original-probe-javac.stderr	e3b0c44298fc1c149afbf4c8996fb92427ae41e4649b934ca495991b7852b855
subprocess-logs/0105-jdk8_no-debug_ThisReceiver_original-probe-javac.stdout	e3b0c44298fc1c149afbf4c8996fb92427ae41e4649b934ca495991b7852b855
subprocess-logs/0106-jdk8_no-debug_ThisReceiver_original-run.stderr	e3b0c44298fc1c149afbf4c8996fb92427ae41e4649b934ca495991b7852b855
subprocess-logs/0106-jdk8_no-debug_ThisReceiver_original-run.stdout	9916911dd761a7b0d550673bef203cb77fb4cb96733a8fb0a2184fb7d3ba65b8
subprocess-logs/0107-jdk8_no-debug_ThisReceiver_jarde-ThisReceiver.stderr	d2c3307d0117f5182ac6c60d40efd6394b856d8726b26c0e9e521cda6d5e921e
subprocess-logs/0107-jdk8_no-debug_ThisReceiver_jarde-ThisReceiver.stdout	0c40a3e0e09b0e97ca13b527dcc647a9f01c29a3f73f31f6d7de68b4408b0d8f
subprocess-logs/0108-jdk8_no-debug_ThisReceiver_jarde-javac.stderr	e3b0c44298fc1c149afbf4c8996fb92427ae41e4649b934ca495991b7852b855
subprocess-logs/0108-jdk8_no-debug_ThisReceiver_jarde-javac.stdout	e3b0c44298fc1c149afbf4c8996fb92427ae41e4649b934ca495991b7852b855
subprocess-logs/0109-jdk8_no-debug_ThisReceiver_jarde-verify-run.stderr	e3b0c44298fc1c149afbf4c8996fb92427ae41e4649b934ca495991b7852b855
subprocess-logs/0109-jdk8_no-debug_ThisReceiver_jarde-verify-run.stdout	9916911dd761a7b0d550673bef203cb77fb4cb96733a8fb0a2184fb7d3ba65b8
subprocess-logs/0110-jdk8_no-debug_ThisReceiver_jadx.stderr	e3b0c44298fc1c149afbf4c8996fb92427ae41e4649b934ca495991b7852b855
subprocess-logs/0110-jdk8_no-debug_ThisReceiver_jadx.stdout	b87a98fe2155b0e3a6a280114154a464c7614825d1b60897793b812d85ad0592
subprocess-logs/0111-jdk8_no-debug_ThisReceiver_jadx-javac.stderr	e3b0c44298fc1c149afbf4c8996fb92427ae41e4649b934ca495991b7852b855
subprocess-logs/0111-jdk8_no-debug_ThisReceiver_jadx-javac.stdout	e3b0c44298fc1c149afbf4c8996fb92427ae41e4649b934ca495991b7852b855
subprocess-logs/0112-jdk8_no-debug_ThisReceiver_jadx-verify-run.stderr	e3b0c44298fc1c149afbf4c8996fb92427ae41e4649b934ca495991b7852b855
subprocess-logs/0112-jdk8_no-debug_ThisReceiver_jadx-verify-run.stdout	f2c2ade79741f3c077a9767a2c86b6f9e8b3c91395a41c1c035e78ca2c19717e
subprocess-logs/0113-jdk8_debug_ShadowMethodT_jar-contents.stderr	e3b0c44298fc1c149afbf4c8996fb92427ae41e4649b934ca495991b7852b855
subprocess-logs/0113-jdk8_debug_ShadowMethodT_jar-contents.stdout	0a014d28d43f161014ee6c5d0696b18e41bff4bb83b1ac87222e9f4a8516ab35
subprocess-logs/0114-jdk8_debug_ShadowMethodT_original-javac.stderr	e3b0c44298fc1c149afbf4c8996fb92427ae41e4649b934ca495991b7852b855
subprocess-logs/0114-jdk8_debug_ShadowMethodT_original-javac.stdout	e3b0c44298fc1c149afbf4c8996fb92427ae41e4649b934ca495991b7852b855
subprocess-logs/0115-jdk8_debug_ShadowMethodT_javap.stderr	e3b0c44298fc1c149afbf4c8996fb92427ae41e4649b934ca495991b7852b855
subprocess-logs/0115-jdk8_debug_ShadowMethodT_javap.stdout	5f88b0dbb9231e78d4e602f89003a6cb83bbca11530d969965acb02353395676
subprocess-logs/0116-jdk8_debug_ShadowMethodT_original-probe-javac.stderr	e3b0c44298fc1c149afbf4c8996fb92427ae41e4649b934ca495991b7852b855
subprocess-logs/0116-jdk8_debug_ShadowMethodT_original-probe-javac.stdout	e3b0c44298fc1c149afbf4c8996fb92427ae41e4649b934ca495991b7852b855
subprocess-logs/0117-jdk8_debug_ShadowMethodT_original-run.stderr	e3b0c44298fc1c149afbf4c8996fb92427ae41e4649b934ca495991b7852b855
subprocess-logs/0117-jdk8_debug_ShadowMethodT_original-run.stdout	e491f2fc9b0efb07abdaf9da8848a50d38b4da3848f045e3268c35d95124df5a
subprocess-logs/0118-jdk8_debug_ShadowMethodT_jarde-ShadowMethodT.stderr	2afc8ceeaf0e1cb3c17c07b34ea9659b8384a2f9e3e069a54266f0eb1c6cf9c5
subprocess-logs/0118-jdk8_debug_ShadowMethodT_jarde-ShadowMethodT.stdout	4bd7e971db097e54afcb2dfe2a4ccc9029b04e3c9626bd76bd0ee0e0b5a316b4
subprocess-logs/0119-jdk8_debug_ShadowMethodT_jarde-javac.stderr	0af6b44c73a8340320a870d2763311fb63d4b7e8b5cfd2c176b8be4ad1c087f8
subprocess-logs/0119-jdk8_debug_ShadowMethodT_jarde-javac.stdout	e3b0c44298fc1c149afbf4c8996fb92427ae41e4649b934ca495991b7852b855
subprocess-logs/0120-jdk8_debug_ShadowMethodT_jarde-verify-run.stderr	e3b0c44298fc1c149afbf4c8996fb92427ae41e4649b934ca495991b7852b855
subprocess-logs/0120-jdk8_debug_ShadowMethodT_jarde-verify-run.stdout	ceb1dd45add8519cb6e22a15e06a6eab6b515c2f59d517b64ede6b379fcd7b53
subprocess-logs/0121-jdk8_debug_ShadowMethodT_jadx.stderr	e3b0c44298fc1c149afbf4c8996fb92427ae41e4649b934ca495991b7852b855
subprocess-logs/0121-jdk8_debug_ShadowMethodT_jadx.stdout	c4d46be14ef2d41e565d5b584b8dd757d9bbae54484fc49a3c1a723f6000451e
subprocess-logs/0122-jdk8_debug_ShadowMethodT_jadx-javac.stderr	e3b0c44298fc1c149afbf4c8996fb92427ae41e4649b934ca495991b7852b855
subprocess-logs/0122-jdk8_debug_ShadowMethodT_jadx-javac.stdout	e3b0c44298fc1c149afbf4c8996fb92427ae41e4649b934ca495991b7852b855
subprocess-logs/0123-jdk8_debug_ShadowMethodT_jadx-verify-run.stderr	e3b0c44298fc1c149afbf4c8996fb92427ae41e4649b934ca495991b7852b855
subprocess-logs/0123-jdk8_debug_ShadowMethodT_jadx-verify-run.stdout	1c91e9e73e2b1038112652360b7e0dcd639e400df84523aac0d0102801a17264
subprocess-logs/0124-jdk8_no-debug_ShadowMethodT_jar-contents.stderr	e3b0c44298fc1c149afbf4c8996fb92427ae41e4649b934ca495991b7852b855
subprocess-logs/0124-jdk8_no-debug_ShadowMethodT_jar-contents.stdout	0a014d28d43f161014ee6c5d0696b18e41bff4bb83b1ac87222e9f4a8516ab35
subprocess-logs/0125-jdk8_no-debug_ShadowMethodT_original-javac.stderr	e3b0c44298fc1c149afbf4c8996fb92427ae41e4649b934ca495991b7852b855
subprocess-logs/0125-jdk8_no-debug_ShadowMethodT_original-javac.stdout	e3b0c44298fc1c149afbf4c8996fb92427ae41e4649b934ca495991b7852b855
subprocess-logs/0126-jdk8_no-debug_ShadowMethodT_javap.stderr	e3b0c44298fc1c149afbf4c8996fb92427ae41e4649b934ca495991b7852b855
subprocess-logs/0126-jdk8_no-debug_ShadowMethodT_javap.stdout	f4bcacef3b8048d7270b588c9fdc067893b945c368750d1d7f1bf6f89da099c2
subprocess-logs/0127-jdk8_no-debug_ShadowMethodT_original-probe-javac.stderr	e3b0c44298fc1c149afbf4c8996fb92427ae41e4649b934ca495991b7852b855
subprocess-logs/0127-jdk8_no-debug_ShadowMethodT_original-probe-javac.stdout	e3b0c44298fc1c149afbf4c8996fb92427ae41e4649b934ca495991b7852b855
subprocess-logs/0128-jdk8_no-debug_ShadowMethodT_original-run.stderr	e3b0c44298fc1c149afbf4c8996fb92427ae41e4649b934ca495991b7852b855
subprocess-logs/0128-jdk8_no-debug_ShadowMethodT_original-run.stdout	e491f2fc9b0efb07abdaf9da8848a50d38b4da3848f045e3268c35d95124df5a
subprocess-logs/0129-jdk8_no-debug_ShadowMethodT_jarde-ShadowMethodT.stderr	7ae308eeeae35eb4bb5ae2ebb88686008af54a16f33dd1439040967c2aae7cee
subprocess-logs/0129-jdk8_no-debug_ShadowMethodT_jarde-ShadowMethodT.stdout	d40fba0fc2def10495115feecb8a0139d3b24cd1fb22da16660c49bde2ca9953
subprocess-logs/0130-jdk8_no-debug_ShadowMethodT_jarde-javac.stderr	7feda347d230fa186504e8eb4bad928e39daeb81e7982bc2580968f3fb71cd53
subprocess-logs/0130-jdk8_no-debug_ShadowMethodT_jarde-javac.stdout	e3b0c44298fc1c149afbf4c8996fb92427ae41e4649b934ca495991b7852b855
subprocess-logs/0131-jdk8_no-debug_ShadowMethodT_jarde-verify-run.stderr	e3b0c44298fc1c149afbf4c8996fb92427ae41e4649b934ca495991b7852b855
subprocess-logs/0131-jdk8_no-debug_ShadowMethodT_jarde-verify-run.stdout	ceb1dd45add8519cb6e22a15e06a6eab6b515c2f59d517b64ede6b379fcd7b53
subprocess-logs/0132-jdk8_no-debug_ShadowMethodT_jadx.stderr	e3b0c44298fc1c149afbf4c8996fb92427ae41e4649b934ca495991b7852b855
subprocess-logs/0132-jdk8_no-debug_ShadowMethodT_jadx.stdout	dd79312f6397b965d0fb162bb61604cdba9b71e436a5201d4bf58ae85dd10682
subprocess-logs/0133-jdk8_no-debug_ShadowMethodT_jadx-javac.stderr	e3b0c44298fc1c149afbf4c8996fb92427ae41e4649b934ca495991b7852b855
subprocess-logs/0133-jdk8_no-debug_ShadowMethodT_jadx-javac.stdout	e3b0c44298fc1c149afbf4c8996fb92427ae41e4649b934ca495991b7852b855
subprocess-logs/0134-jdk8_no-debug_ShadowMethodT_jadx-verify-run.stderr	e3b0c44298fc1c149afbf4c8996fb92427ae41e4649b934ca495991b7852b855
subprocess-logs/0134-jdk8_no-debug_ShadowMethodT_jadx-verify-run.stdout	1c91e9e73e2b1038112652360b7e0dcd639e400df84523aac0d0102801a17264
subprocess-logs/0135-jdk8_debug_DirectInstanceRawParam_jar-contents.stderr	e3b0c44298fc1c149afbf4c8996fb92427ae41e4649b934ca495991b7852b855
subprocess-logs/0135-jdk8_debug_DirectInstanceRawParam_jar-contents.stdout	fc15d4455024ee977b4d1922c14c180928c2138e1582c5adccbb1d8fe3953218
subprocess-logs/0136-jdk8_debug_DirectInstanceRawParam_original-javac.stderr	0ba3987920336d7f3107d9ccc9dbe7c312342815dfc44d531d9e54ca6d1191a0
subprocess-logs/0136-jdk8_debug_DirectInstanceRawParam_original-javac.stdout	e3b0c44298fc1c149afbf4c8996fb92427ae41e4649b934ca495991b7852b855
subprocess-logs/0137-jdk8_debug_DirectInstanceRawParam_javap.stderr	e3b0c44298fc1c149afbf4c8996fb92427ae41e4649b934ca495991b7852b855
subprocess-logs/0137-jdk8_debug_DirectInstanceRawParam_javap.stdout	985b63aa149ff87b9b79d1688950f005707ac1fe3ebca01c335333d2b931f006
subprocess-logs/0138-jdk8_debug_DirectInstanceRawParam_original-probe-javac.stderr	e3b0c44298fc1c149afbf4c8996fb92427ae41e4649b934ca495991b7852b855
subprocess-logs/0138-jdk8_debug_DirectInstanceRawParam_original-probe-javac.stdout	e3b0c44298fc1c149afbf4c8996fb92427ae41e4649b934ca495991b7852b855
subprocess-logs/0139-jdk8_debug_DirectInstanceRawParam_original-run.stderr	e3b0c44298fc1c149afbf4c8996fb92427ae41e4649b934ca495991b7852b855
subprocess-logs/0139-jdk8_debug_DirectInstanceRawParam_original-run.stdout	9358c79b8f63417a168963e9dc02e1e1359ee5bda8614638bec755f01d5683be
subprocess-logs/0140-jdk8_debug_DirectInstanceRawParam_jarde-DirectInstanceRawParam.stderr	7e548463c95a58920be22fe92d3939a426551fee4ad252216be3126b6deebf9d
subprocess-logs/0140-jdk8_debug_DirectInstanceRawParam_jarde-DirectInstanceRawParam.stdout	66882766f2731a7d18b72428b8ad38d8f2bd8e0183b4bf42ab71e0a8bcb56671
subprocess-logs/0141-jdk8_debug_DirectInstanceRawParam_jarde-javac.stderr	773e93f95c61e48ca54de453625b4bdfa86dc408a30e3f5ad35d433e88d7a8ea
subprocess-logs/0141-jdk8_debug_DirectInstanceRawParam_jarde-javac.stdout	e3b0c44298fc1c149afbf4c8996fb92427ae41e4649b934ca495991b7852b855
subprocess-logs/0142-jdk8_debug_DirectInstanceRawParam_jarde-verify-run.stderr	e3b0c44298fc1c149afbf4c8996fb92427ae41e4649b934ca495991b7852b855
subprocess-logs/0142-jdk8_debug_DirectInstanceRawParam_jarde-verify-run.stdout	9358c79b8f63417a168963e9dc02e1e1359ee5bda8614638bec755f01d5683be
subprocess-logs/0143-jdk8_debug_DirectInstanceRawParam_jadx.stderr	e3b0c44298fc1c149afbf4c8996fb92427ae41e4649b934ca495991b7852b855
subprocess-logs/0143-jdk8_debug_DirectInstanceRawParam_jadx.stdout	1bb883f6c1e10130ac1beb5e4319917ecd50e81ff2ae9d97f9a0abfd29c39d15
subprocess-logs/0144-jdk8_debug_DirectInstanceRawParam_jadx-javac.stderr	1277758b413c141ae64fcb9e7e52c59417daced6083fdc016060ce3f3ac7f35c
subprocess-logs/0144-jdk8_debug_DirectInstanceRawParam_jadx-javac.stdout	e3b0c44298fc1c149afbf4c8996fb92427ae41e4649b934ca495991b7852b855
subprocess-logs/0145-jdk8_debug_DirectInstanceRawParam_jadx-verify-run.stderr	e3b0c44298fc1c149afbf4c8996fb92427ae41e4649b934ca495991b7852b855
subprocess-logs/0145-jdk8_debug_DirectInstanceRawParam_jadx-verify-run.stdout	b3cda9506188b60dd9d215bc5efd1dafb315f344e7cea3910361ebe407f0cc9b
subprocess-logs/0146-jdk8_no-debug_DirectInstanceRawParam_jar-contents.stderr	e3b0c44298fc1c149afbf4c8996fb92427ae41e4649b934ca495991b7852b855
subprocess-logs/0146-jdk8_no-debug_DirectInstanceRawParam_jar-contents.stdout	fc15d4455024ee977b4d1922c14c180928c2138e1582c5adccbb1d8fe3953218
subprocess-logs/0147-jdk8_no-debug_DirectInstanceRawParam_original-javac.stderr	0ba3987920336d7f3107d9ccc9dbe7c312342815dfc44d531d9e54ca6d1191a0
subprocess-logs/0147-jdk8_no-debug_DirectInstanceRawParam_original-javac.stdout	e3b0c44298fc1c149afbf4c8996fb92427ae41e4649b934ca495991b7852b855
subprocess-logs/0148-jdk8_no-debug_DirectInstanceRawParam_javap.stderr	e3b0c44298fc1c149afbf4c8996fb92427ae41e4649b934ca495991b7852b855
subprocess-logs/0148-jdk8_no-debug_DirectInstanceRawParam_javap.stdout	4957d9f929264dc89c0ce8e20c5518e881a8862ea97e61f11d9ed818e6cd5b73
subprocess-logs/0149-jdk8_no-debug_DirectInstanceRawParam_original-probe-javac.stderr	e3b0c44298fc1c149afbf4c8996fb92427ae41e4649b934ca495991b7852b855
subprocess-logs/0149-jdk8_no-debug_DirectInstanceRawParam_original-probe-javac.stdout	e3b0c44298fc1c149afbf4c8996fb92427ae41e4649b934ca495991b7852b855
subprocess-logs/0150-jdk8_no-debug_DirectInstanceRawParam_original-run.stderr	e3b0c44298fc1c149afbf4c8996fb92427ae41e4649b934ca495991b7852b855
subprocess-logs/0150-jdk8_no-debug_DirectInstanceRawParam_original-run.stdout	9358c79b8f63417a168963e9dc02e1e1359ee5bda8614638bec755f01d5683be
subprocess-logs/0151-jdk8_no-debug_DirectInstanceRawParam_jarde-DirectInstanceRawParam.stderr	c0783b8ce3aa1221cb317a6d8f61d6344981c826b52f9d39aeef2ae4fd5ea889
subprocess-logs/0151-jdk8_no-debug_DirectInstanceRawParam_jarde-DirectInstanceRawParam.stdout	4a94736315b6eae244e0c86bd52673d4184206d783c03a281542fea7858efed2
subprocess-logs/0152-jdk8_no-debug_DirectInstanceRawParam_jarde-javac.stderr	645c2b52254e01bc66b4460e365cf4c3cc0c16a63d0d6eaf372eca69ac35f69d
subprocess-logs/0152-jdk8_no-debug_DirectInstanceRawParam_jarde-javac.stdout	e3b0c44298fc1c149afbf4c8996fb92427ae41e4649b934ca495991b7852b855
subprocess-logs/0153-jdk8_no-debug_DirectInstanceRawParam_jarde-verify-run.stderr	e3b0c44298fc1c149afbf4c8996fb92427ae41e4649b934ca495991b7852b855
subprocess-logs/0153-jdk8_no-debug_DirectInstanceRawParam_jarde-verify-run.stdout	9358c79b8f63417a168963e9dc02e1e1359ee5bda8614638bec755f01d5683be
subprocess-logs/0154-jdk8_no-debug_DirectInstanceRawParam_jadx.stderr	e3b0c44298fc1c149afbf4c8996fb92427ae41e4649b934ca495991b7852b855
subprocess-logs/0154-jdk8_no-debug_DirectInstanceRawParam_jadx.stdout	2cafb99c18ae36b195a6ab8732d3b4eaff82ef8c2e87ab72eacd6444686385e1
subprocess-logs/0155-jdk8_no-debug_DirectInstanceRawParam_jadx-javac.stderr	e0b5d17236dc3fb10a68ccd44bbd2fd97ebeb055add5a0976b97879824414ed4
subprocess-logs/0155-jdk8_no-debug_DirectInstanceRawParam_jadx-javac.stdout	e3b0c44298fc1c149afbf4c8996fb92427ae41e4649b934ca495991b7852b855
subprocess-logs/0156-jdk8_no-debug_DirectInstanceRawParam_jadx-verify-run.stderr	e3b0c44298fc1c149afbf4c8996fb92427ae41e4649b934ca495991b7852b855
subprocess-logs/0156-jdk8_no-debug_DirectInstanceRawParam_jadx-verify-run.stdout	b3cda9506188b60dd9d215bc5efd1dafb315f344e7cea3910361ebe407f0cc9b
subprocess-logs/0157-jdk8_debug_WideRawParam_jar-contents.stderr	e3b0c44298fc1c149afbf4c8996fb92427ae41e4649b934ca495991b7852b855
subprocess-logs/0157-jdk8_debug_WideRawParam_jar-contents.stdout	c7b383a50ec45946ad9d59c86fa09aeb20831c235da656e4fb4c89f12a7bd588
subprocess-logs/0158-jdk8_debug_WideRawParam_original-javac.stderr	aeb03bb6e0ae5dc3f7fc3d80a055ebaa4ae1ec6c9c9b8a2a78364e8629ccf196
subprocess-logs/0158-jdk8_debug_WideRawParam_original-javac.stdout	e3b0c44298fc1c149afbf4c8996fb92427ae41e4649b934ca495991b7852b855
subprocess-logs/0159-jdk8_debug_WideRawParam_javap.stderr	e3b0c44298fc1c149afbf4c8996fb92427ae41e4649b934ca495991b7852b855
subprocess-logs/0159-jdk8_debug_WideRawParam_javap.stdout	251a24fecb60d9545e8c5bff05871e4aec25485f0800735c1fe9de099cd4efdb
subprocess-logs/0160-jdk8_debug_WideRawParam_original-probe-javac.stderr	e3b0c44298fc1c149afbf4c8996fb92427ae41e4649b934ca495991b7852b855
subprocess-logs/0160-jdk8_debug_WideRawParam_original-probe-javac.stdout	e3b0c44298fc1c149afbf4c8996fb92427ae41e4649b934ca495991b7852b855
subprocess-logs/0161-jdk8_debug_WideRawParam_original-run.stderr	e3b0c44298fc1c149afbf4c8996fb92427ae41e4649b934ca495991b7852b855
subprocess-logs/0161-jdk8_debug_WideRawParam_original-run.stdout	9b6ad934d85edae64408a458838c3e4654befd592a41b43cedf7710c2e9b1512
subprocess-logs/0162-jdk8_debug_WideRawParam_jarde-WideRawParam.stderr	b2709b3e82feee04a3d0fe88d1de71814dfa44ec7d5694c0717e12142d094f23
subprocess-logs/0162-jdk8_debug_WideRawParam_jarde-WideRawParam.stdout	a8c2366e3a709f7941c00dff72d5921e0b3e9772cd7195d3caf1094bb0a95be9
subprocess-logs/0163-jdk8_debug_WideRawParam_jarde-javac.stderr	3ffcca214333383ad7b9489fd3bb11c71f8fa49e126359c0a8c07106479e26fb
subprocess-logs/0163-jdk8_debug_WideRawParam_jarde-javac.stdout	e3b0c44298fc1c149afbf4c8996fb92427ae41e4649b934ca495991b7852b855
subprocess-logs/0164-jdk8_debug_WideRawParam_jarde-verify-run.stderr	e3b0c44298fc1c149afbf4c8996fb92427ae41e4649b934ca495991b7852b855
subprocess-logs/0164-jdk8_debug_WideRawParam_jarde-verify-run.stdout	9b6ad934d85edae64408a458838c3e4654befd592a41b43cedf7710c2e9b1512
subprocess-logs/0165-jdk8_debug_WideRawParam_jadx.stderr	e3b0c44298fc1c149afbf4c8996fb92427ae41e4649b934ca495991b7852b855
subprocess-logs/0165-jdk8_debug_WideRawParam_jadx.stdout	fa0564dc942d94f9b07c6914305d4ebd00a79662e96e275be46fd51d22d4e290
subprocess-logs/0166-jdk8_debug_WideRawParam_jadx-javac.stderr	3ebf1a2158ccbb9799b16a2128b7cc47e61c7e3b3a87235ed3bc6edd7792c438
subprocess-logs/0166-jdk8_debug_WideRawParam_jadx-javac.stdout	e3b0c44298fc1c149afbf4c8996fb92427ae41e4649b934ca495991b7852b855
subprocess-logs/0167-jdk8_debug_WideRawParam_jadx-verify-run.stderr	e3b0c44298fc1c149afbf4c8996fb92427ae41e4649b934ca495991b7852b855
subprocess-logs/0167-jdk8_debug_WideRawParam_jadx-verify-run.stdout	bb098a483d7226c3ef490fd7d5502cfaae0fa2dc00a248054971f81a95f5b14e
subprocess-logs/0168-jdk8_no-debug_WideRawParam_jar-contents.stderr	e3b0c44298fc1c149afbf4c8996fb92427ae41e4649b934ca495991b7852b855
subprocess-logs/0168-jdk8_no-debug_WideRawParam_jar-contents.stdout	c7b383a50ec45946ad9d59c86fa09aeb20831c235da656e4fb4c89f12a7bd588
subprocess-logs/0169-jdk8_no-debug_WideRawParam_original-javac.stderr	aeb03bb6e0ae5dc3f7fc3d80a055ebaa4ae1ec6c9c9b8a2a78364e8629ccf196
subprocess-logs/0169-jdk8_no-debug_WideRawParam_original-javac.stdout	e3b0c44298fc1c149afbf4c8996fb92427ae41e4649b934ca495991b7852b855
subprocess-logs/0170-jdk8_no-debug_WideRawParam_javap.stderr	e3b0c44298fc1c149afbf4c8996fb92427ae41e4649b934ca495991b7852b855
subprocess-logs/0170-jdk8_no-debug_WideRawParam_javap.stdout	d09c8be9c649a1712af9cc5e05f0f9f4b726e1dccedf88236075288c3e34e0a5
subprocess-logs/0171-jdk8_no-debug_WideRawParam_original-probe-javac.stderr	e3b0c44298fc1c149afbf4c8996fb92427ae41e4649b934ca495991b7852b855
subprocess-logs/0171-jdk8_no-debug_WideRawParam_original-probe-javac.stdout	e3b0c44298fc1c149afbf4c8996fb92427ae41e4649b934ca495991b7852b855
subprocess-logs/0172-jdk8_no-debug_WideRawParam_original-run.stderr	e3b0c44298fc1c149afbf4c8996fb92427ae41e4649b934ca495991b7852b855
subprocess-logs/0172-jdk8_no-debug_WideRawParam_original-run.stdout	9b6ad934d85edae64408a458838c3e4654befd592a41b43cedf7710c2e9b1512
subprocess-logs/0173-jdk8_no-debug_WideRawParam_jarde-WideRawParam.stderr	1a6a4f55ac7ffbbcc7f2d3b9dd7ed960de1377aa483293ae03d28c0044a3eb99
subprocess-logs/0173-jdk8_no-debug_WideRawParam_jarde-WideRawParam.stdout	1fffb038dc24c28f794c348a356b25bf8f3cac2017e72733ba1b38208c722010
subprocess-logs/0174-jdk8_no-debug_WideRawParam_jarde-javac.stderr	b5beee1da9fadc64ddad64c00186b1fe92ca9546032a1f4855994eb7cd39a0a3
subprocess-logs/0174-jdk8_no-debug_WideRawParam_jarde-javac.stdout	e3b0c44298fc1c149afbf4c8996fb92427ae41e4649b934ca495991b7852b855
subprocess-logs/0175-jdk8_no-debug_WideRawParam_jarde-verify-run.stderr	e3b0c44298fc1c149afbf4c8996fb92427ae41e4649b934ca495991b7852b855
subprocess-logs/0175-jdk8_no-debug_WideRawParam_jarde-verify-run.stdout	9b6ad934d85edae64408a458838c3e4654befd592a41b43cedf7710c2e9b1512
subprocess-logs/0176-jdk8_no-debug_WideRawParam_jadx.stderr	e3b0c44298fc1c149afbf4c8996fb92427ae41e4649b934ca495991b7852b855
subprocess-logs/0176-jdk8_no-debug_WideRawParam_jadx.stdout	803277e84157251a9ad18abd0185e4fc5c2db5b9a679de7ef973f205ec465095
subprocess-logs/0177-jdk8_no-debug_WideRawParam_jadx-javac.stderr	051fe1115a0cb35ba5f5464d19782595c539863af4288e0f104fee74aad0ef4e
subprocess-logs/0177-jdk8_no-debug_WideRawParam_jadx-javac.stdout	e3b0c44298fc1c149afbf4c8996fb92427ae41e4649b934ca495991b7852b855
subprocess-logs/0178-jdk8_no-debug_WideRawParam_jadx-verify-run.stderr	e3b0c44298fc1c149afbf4c8996fb92427ae41e4649b934ca495991b7852b855
subprocess-logs/0178-jdk8_no-debug_WideRawParam_jadx-verify-run.stdout	bb098a483d7226c3ef490fd7d5502cfaae0fa2dc00a248054971f81a95f5b14e
subprocess-logs/0179-jdk8_debug_ArrayRawParam_jar-contents.stderr	e3b0c44298fc1c149afbf4c8996fb92427ae41e4649b934ca495991b7852b855
subprocess-logs/0179-jdk8_debug_ArrayRawParam_jar-contents.stdout	3158ddd8210c312dd495e4f4bed9c58b47a294ca772f97d51d89a67d7715ebc7
subprocess-logs/0180-jdk8_debug_ArrayRawParam_original-javac.stderr	cb8a628cd783c342302463ddf01fbb8818bab7bee540276c0bbc9f5a43763de8
subprocess-logs/0180-jdk8_debug_ArrayRawParam_original-javac.stdout	e3b0c44298fc1c149afbf4c8996fb92427ae41e4649b934ca495991b7852b855
subprocess-logs/0181-jdk8_debug_ArrayRawParam_javap.stderr	e3b0c44298fc1c149afbf4c8996fb92427ae41e4649b934ca495991b7852b855
subprocess-logs/0181-jdk8_debug_ArrayRawParam_javap.stdout	4c7ce421a74e0ffc33ec4ecc7a9712fe726a9b9db67edf403b567249c28fe909
subprocess-logs/0182-jdk8_debug_ArrayRawParam_original-probe-javac.stderr	e3b0c44298fc1c149afbf4c8996fb92427ae41e4649b934ca495991b7852b855
subprocess-logs/0182-jdk8_debug_ArrayRawParam_original-probe-javac.stdout	e3b0c44298fc1c149afbf4c8996fb92427ae41e4649b934ca495991b7852b855
subprocess-logs/0183-jdk8_debug_ArrayRawParam_original-run.stderr	e3b0c44298fc1c149afbf4c8996fb92427ae41e4649b934ca495991b7852b855
subprocess-logs/0183-jdk8_debug_ArrayRawParam_original-run.stdout	d51f3b7d45328701a337bb2285770bcd1cf8f2179c66734c318010571e65ac8b
subprocess-logs/0184-jdk8_debug_ArrayRawParam_jarde-ArrayRawParam.stderr	4ce8417d588bb3e873e7c63ff2881a7e984667ed9c5fb6c38688f5bb59accbb6
subprocess-logs/0184-jdk8_debug_ArrayRawParam_jarde-ArrayRawParam.stdout	c8c72849f11741a77f70b21b0436745c69e7f2e9d60ae7c7724adfd147a8faab
subprocess-logs/0185-jdk8_debug_ArrayRawParam_jarde-javac.stderr	a7391ebbe54adb7445591be2a1646eada062d843c2ec75f52eb62e61876282b7
subprocess-logs/0185-jdk8_debug_ArrayRawParam_jarde-javac.stdout	e3b0c44298fc1c149afbf4c8996fb92427ae41e4649b934ca495991b7852b855
subprocess-logs/0186-jdk8_debug_ArrayRawParam_jarde-verify-run.stderr	e3b0c44298fc1c149afbf4c8996fb92427ae41e4649b934ca495991b7852b855
subprocess-logs/0186-jdk8_debug_ArrayRawParam_jarde-verify-run.stdout	d51f3b7d45328701a337bb2285770bcd1cf8f2179c66734c318010571e65ac8b
subprocess-logs/0187-jdk8_debug_ArrayRawParam_jadx.stderr	e3b0c44298fc1c149afbf4c8996fb92427ae41e4649b934ca495991b7852b855
subprocess-logs/0187-jdk8_debug_ArrayRawParam_jadx.stdout	fc0b7454cfe44257ead2146e37badc167cf63128aa00911f9b660fdf4e757f49
subprocess-logs/0188-jdk8_debug_ArrayRawParam_jadx-javac.stderr	ab353c97c9850bfb7b857b20f457ce2e2e04b137c8005cfa24cfa07f0c7bde43
subprocess-logs/0188-jdk8_debug_ArrayRawParam_jadx-javac.stdout	e3b0c44298fc1c149afbf4c8996fb92427ae41e4649b934ca495991b7852b855
subprocess-logs/0189-jdk8_debug_ArrayRawParam_jadx-verify-run.stderr	e3b0c44298fc1c149afbf4c8996fb92427ae41e4649b934ca495991b7852b855
subprocess-logs/0189-jdk8_debug_ArrayRawParam_jadx-verify-run.stdout	65890eea8fe7c3065fbc2f644c7253d5354fdffeba56efc1a47107d7914063b6
subprocess-logs/0190-jdk8_no-debug_ArrayRawParam_jar-contents.stderr	e3b0c44298fc1c149afbf4c8996fb92427ae41e4649b934ca495991b7852b855
subprocess-logs/0190-jdk8_no-debug_ArrayRawParam_jar-contents.stdout	3158ddd8210c312dd495e4f4bed9c58b47a294ca772f97d51d89a67d7715ebc7
subprocess-logs/0191-jdk8_no-debug_ArrayRawParam_original-javac.stderr	cb8a628cd783c342302463ddf01fbb8818bab7bee540276c0bbc9f5a43763de8
subprocess-logs/0191-jdk8_no-debug_ArrayRawParam_original-javac.stdout	e3b0c44298fc1c149afbf4c8996fb92427ae41e4649b934ca495991b7852b855
subprocess-logs/0192-jdk8_no-debug_ArrayRawParam_javap.stderr	e3b0c44298fc1c149afbf4c8996fb92427ae41e4649b934ca495991b7852b855
subprocess-logs/0192-jdk8_no-debug_ArrayRawParam_javap.stdout	24ed418999b82029ba80cfe7fb5f5170b36d811fe7db60dc4fc424f0dac2188f
subprocess-logs/0193-jdk8_no-debug_ArrayRawParam_original-probe-javac.stderr	e3b0c44298fc1c149afbf4c8996fb92427ae41e4649b934ca495991b7852b855
subprocess-logs/0193-jdk8_no-debug_ArrayRawParam_original-probe-javac.stdout	e3b0c44298fc1c149afbf4c8996fb92427ae41e4649b934ca495991b7852b855
subprocess-logs/0194-jdk8_no-debug_ArrayRawParam_original-run.stderr	e3b0c44298fc1c149afbf4c8996fb92427ae41e4649b934ca495991b7852b855
subprocess-logs/0194-jdk8_no-debug_ArrayRawParam_original-run.stdout	d51f3b7d45328701a337bb2285770bcd1cf8f2179c66734c318010571e65ac8b
subprocess-logs/0195-jdk8_no-debug_ArrayRawParam_jarde-ArrayRawParam.stderr	1cd2ca49221297c9f52bc1e5e921a731f65de5bee0af5da6aa9f3456caf39aa5
subprocess-logs/0195-jdk8_no-debug_ArrayRawParam_jarde-ArrayRawParam.stdout	6eca13086c3cca27c7ef5ed7c3ebc60b7bd9d8daada5cdd7d9c1eb80bf88c0bf
subprocess-logs/0196-jdk8_no-debug_ArrayRawParam_jarde-javac.stderr	50cc0c9677cf892008b052ae5451869eceae02a1e35b28523fef856c722eafc2
subprocess-logs/0196-jdk8_no-debug_ArrayRawParam_jarde-javac.stdout	e3b0c44298fc1c149afbf4c8996fb92427ae41e4649b934ca495991b7852b855
subprocess-logs/0197-jdk8_no-debug_ArrayRawParam_jarde-verify-run.stderr	e3b0c44298fc1c149afbf4c8996fb92427ae41e4649b934ca495991b7852b855
subprocess-logs/0197-jdk8_no-debug_ArrayRawParam_jarde-verify-run.stdout	d51f3b7d45328701a337bb2285770bcd1cf8f2179c66734c318010571e65ac8b
subprocess-logs/0198-jdk8_no-debug_ArrayRawParam_jadx.stderr	e3b0c44298fc1c149afbf4c8996fb92427ae41e4649b934ca495991b7852b855
subprocess-logs/0198-jdk8_no-debug_ArrayRawParam_jadx.stdout	552672f73a5996f12d704a5d84883d611ec2f147b5d50bf05010e37abd83f175
subprocess-logs/0199-jdk8_no-debug_ArrayRawParam_jadx-javac.stderr	7e6c71bc3d6dc59d8df72c234ee61c7f7d5f4bbbc72f24cd6221fca2d0d58557
subprocess-logs/0199-jdk8_no-debug_ArrayRawParam_jadx-javac.stdout	e3b0c44298fc1c149afbf4c8996fb92427ae41e4649b934ca495991b7852b855
subprocess-logs/0200-jdk8_no-debug_ArrayRawParam_jadx-verify-run.stderr	e3b0c44298fc1c149afbf4c8996fb92427ae41e4649b934ca495991b7852b855
subprocess-logs/0200-jdk8_no-debug_ArrayRawParam_jadx-verify-run.stdout	65890eea8fe7c3065fbc2f644c7253d5354fdffeba56efc1a47107d7914063b6
subprocess-logs/0201-jdk8_debug_Array2DRawParam_jar-contents.stderr	e3b0c44298fc1c149afbf4c8996fb92427ae41e4649b934ca495991b7852b855
subprocess-logs/0201-jdk8_debug_Array2DRawParam_jar-contents.stdout	86b3231e464de56fb31cc21b9c23fd1d14d9545fe2f4454953b325583d420684
subprocess-logs/0202-jdk8_debug_Array2DRawParam_original-javac.stderr	d8c2fb561e15c0af3736407dc45a073b8fba19668877f99ae386f51e04b5fd6e
subprocess-logs/0202-jdk8_debug_Array2DRawParam_original-javac.stdout	e3b0c44298fc1c149afbf4c8996fb92427ae41e4649b934ca495991b7852b855
subprocess-logs/0203-jdk8_debug_Array2DRawParam_javap.stderr	e3b0c44298fc1c149afbf4c8996fb92427ae41e4649b934ca495991b7852b855
subprocess-logs/0203-jdk8_debug_Array2DRawParam_javap.stdout	deba0d0fd6477619e89f6e76cb0525d7928b911974091d0073491756b6417e97
subprocess-logs/0204-jdk8_debug_Array2DRawParam_original-probe-javac.stderr	e3b0c44298fc1c149afbf4c8996fb92427ae41e4649b934ca495991b7852b855
subprocess-logs/0204-jdk8_debug_Array2DRawParam_original-probe-javac.stdout	e3b0c44298fc1c149afbf4c8996fb92427ae41e4649b934ca495991b7852b855
subprocess-logs/0205-jdk8_debug_Array2DRawParam_original-run.stderr	e3b0c44298fc1c149afbf4c8996fb92427ae41e4649b934ca495991b7852b855
subprocess-logs/0205-jdk8_debug_Array2DRawParam_original-run.stdout	f48a2d307b1f6c7abb8d91e7a8ed8a5ccc87d07c1114588c08ddfb0808240329
subprocess-logs/0206-jdk8_debug_Array2DRawParam_jarde-Array2DRawParam.stderr	e974fccf15a1becf9d6d30bbd6401be4b6b54a507d830bf3e542f4af2048ec97
subprocess-logs/0206-jdk8_debug_Array2DRawParam_jarde-Array2DRawParam.stdout	d4ba813f6f198eed97a53a5c193bca2f69698ce49b7a93aa69e279e7c27acb62
subprocess-logs/0207-jdk8_debug_Array2DRawParam_jarde-javac.stderr	294440e92be46b2a2c4babc18b72498a7d05fd3701ba69ed9d5e7c890f8ec1a5
subprocess-logs/0207-jdk8_debug_Array2DRawParam_jarde-javac.stdout	e3b0c44298fc1c149afbf4c8996fb92427ae41e4649b934ca495991b7852b855
subprocess-logs/0208-jdk8_debug_Array2DRawParam_jarde-verify-run.stderr	e3b0c44298fc1c149afbf4c8996fb92427ae41e4649b934ca495991b7852b855
subprocess-logs/0208-jdk8_debug_Array2DRawParam_jarde-verify-run.stdout	f48a2d307b1f6c7abb8d91e7a8ed8a5ccc87d07c1114588c08ddfb0808240329
subprocess-logs/0209-jdk8_debug_Array2DRawParam_jadx.stderr	e3b0c44298fc1c149afbf4c8996fb92427ae41e4649b934ca495991b7852b855
subprocess-logs/0209-jdk8_debug_Array2DRawParam_jadx.stdout	6688d3913030bb203b3d553af85fa88e7f97ee6664eab45efc60934d6371f5e6
subprocess-logs/0210-jdk8_debug_Array2DRawParam_jadx-javac.stderr	b25871a3cee34a15bee0f5830bdda2e7ccc76dc379c7a102589e09039651445c
subprocess-logs/0210-jdk8_debug_Array2DRawParam_jadx-javac.stdout	e3b0c44298fc1c149afbf4c8996fb92427ae41e4649b934ca495991b7852b855
subprocess-logs/0211-jdk8_debug_Array2DRawParam_jadx-verify-run.stderr	e3b0c44298fc1c149afbf4c8996fb92427ae41e4649b934ca495991b7852b855
subprocess-logs/0211-jdk8_debug_Array2DRawParam_jadx-verify-run.stdout	8a25af8b8504893fffac8c1872e3c93e85925b6aa0b3d9ff5f62750cee2ba267
subprocess-logs/0212-jdk8_no-debug_Array2DRawParam_jar-contents.stderr	e3b0c44298fc1c149afbf4c8996fb92427ae41e4649b934ca495991b7852b855
subprocess-logs/0212-jdk8_no-debug_Array2DRawParam_jar-contents.stdout	86b3231e464de56fb31cc21b9c23fd1d14d9545fe2f4454953b325583d420684
subprocess-logs/0213-jdk8_no-debug_Array2DRawParam_original-javac.stderr	d8c2fb561e15c0af3736407dc45a073b8fba19668877f99ae386f51e04b5fd6e
subprocess-logs/0213-jdk8_no-debug_Array2DRawParam_original-javac.stdout	e3b0c44298fc1c149afbf4c8996fb92427ae41e4649b934ca495991b7852b855
subprocess-logs/0214-jdk8_no-debug_Array2DRawParam_javap.stderr	e3b0c44298fc1c149afbf4c8996fb92427ae41e4649b934ca495991b7852b855
subprocess-logs/0214-jdk8_no-debug_Array2DRawParam_javap.stdout	9085a4808db8ad5e0144f9e80b3bd5fb71cc39d9128c891f71ebe19da37b12d7
subprocess-logs/0215-jdk8_no-debug_Array2DRawParam_original-probe-javac.stderr	e3b0c44298fc1c149afbf4c8996fb92427ae41e4649b934ca495991b7852b855
subprocess-logs/0215-jdk8_no-debug_Array2DRawParam_original-probe-javac.stdout	e3b0c44298fc1c149afbf4c8996fb92427ae41e4649b934ca495991b7852b855
subprocess-logs/0216-jdk8_no-debug_Array2DRawParam_original-run.stderr	e3b0c44298fc1c149afbf4c8996fb92427ae41e4649b934ca495991b7852b855
subprocess-logs/0216-jdk8_no-debug_Array2DRawParam_original-run.stdout	f48a2d307b1f6c7abb8d91e7a8ed8a5ccc87d07c1114588c08ddfb0808240329
subprocess-logs/0217-jdk8_no-debug_Array2DRawParam_jarde-Array2DRawParam.stderr	4af96adcd84a9b8c7aa810398b73bd5a1d32936c7e51a19b4254105f251e35fd
subprocess-logs/0217-jdk8_no-debug_Array2DRawParam_jarde-Array2DRawParam.stdout	84b51bbf39ee444117977442cc40e3d8c27a72fb65b6164c7b2fbdfcc4eae13c
subprocess-logs/0218-jdk8_no-debug_Array2DRawParam_jarde-javac.stderr	4651132d3a914b73154a32e4067546f59ebc3cf028ffd506afd12d1503b9b89a
subprocess-logs/0218-jdk8_no-debug_Array2DRawParam_jarde-javac.stdout	e3b0c44298fc1c149afbf4c8996fb92427ae41e4649b934ca495991b7852b855
subprocess-logs/0219-jdk8_no-debug_Array2DRawParam_jarde-verify-run.stderr	e3b0c44298fc1c149afbf4c8996fb92427ae41e4649b934ca495991b7852b855
subprocess-logs/0219-jdk8_no-debug_Array2DRawParam_jarde-verify-run.stdout	f48a2d307b1f6c7abb8d91e7a8ed8a5ccc87d07c1114588c08ddfb0808240329
subprocess-logs/0220-jdk8_no-debug_Array2DRawParam_jadx.stderr	e3b0c44298fc1c149afbf4c8996fb92427ae41e4649b934ca495991b7852b855
subprocess-logs/0220-jdk8_no-debug_Array2DRawParam_jadx.stdout	b9aaa455e0d410a336d5b6f62f409bea07ba08b365f257c29dd70615eb705a25
subprocess-logs/0221-jdk8_no-debug_Array2DRawParam_jadx-javac.stderr	8164815598c22837defe08d2f73ad951ca9eabed11b0fb46cb3bde597965e561
subprocess-logs/0221-jdk8_no-debug_Array2DRawParam_jadx-javac.stdout	e3b0c44298fc1c149afbf4c8996fb92427ae41e4649b934ca495991b7852b855
subprocess-logs/0222-jdk8_no-debug_Array2DRawParam_jadx-verify-run.stderr	e3b0c44298fc1c149afbf4c8996fb92427ae41e4649b934ca495991b7852b855
subprocess-logs/0222-jdk8_no-debug_Array2DRawParam_jadx-verify-run.stdout	8a25af8b8504893fffac8c1872e3c93e85925b6aa0b3d9ff5f62750cee2ba267
subprocess-logs/0223-jdk8_debug_PrimitiveArrayRawParam_jar-contents.stderr	e3b0c44298fc1c149afbf4c8996fb92427ae41e4649b934ca495991b7852b855
subprocess-logs/0223-jdk8_debug_PrimitiveArrayRawParam_jar-contents.stdout	91705ed612b1ad8f23b13ed6271590bfefda591510c739ce0052bb665848cb44
subprocess-logs/0224-jdk8_debug_PrimitiveArrayRawParam_original-javac.stderr	fdc6d87e49ebb010d6e855ea793247478d09b865401d94d4ef4104ae5bfeec66
subprocess-logs/0224-jdk8_debug_PrimitiveArrayRawParam_original-javac.stdout	e3b0c44298fc1c149afbf4c8996fb92427ae41e4649b934ca495991b7852b855
subprocess-logs/0225-jdk8_debug_PrimitiveArrayRawParam_javap.stderr	e3b0c44298fc1c149afbf4c8996fb92427ae41e4649b934ca495991b7852b855
subprocess-logs/0225-jdk8_debug_PrimitiveArrayRawParam_javap.stdout	6c4c7ae38c5a52141338d2360ce13fbbcd8a280a300025a4a460905647984ee8
subprocess-logs/0226-jdk8_debug_PrimitiveArrayRawParam_original-probe-javac.stderr	e3b0c44298fc1c149afbf4c8996fb92427ae41e4649b934ca495991b7852b855
subprocess-logs/0226-jdk8_debug_PrimitiveArrayRawParam_original-probe-javac.stdout	e3b0c44298fc1c149afbf4c8996fb92427ae41e4649b934ca495991b7852b855
subprocess-logs/0227-jdk8_debug_PrimitiveArrayRawParam_original-run.stderr	e3b0c44298fc1c149afbf4c8996fb92427ae41e4649b934ca495991b7852b855
subprocess-logs/0227-jdk8_debug_PrimitiveArrayRawParam_original-run.stdout	e156798549dd3ab3c3eced5fadfdced0789f4ee0e3f65410c291f2c46434dfba
subprocess-logs/0228-jdk8_debug_PrimitiveArrayRawParam_jarde-PrimitiveArrayRawParam.stderr	b12cbbf0e71bb4268d6b82bc82756f331fff402c58943c360fef5f43a2217b4c
subprocess-logs/0228-jdk8_debug_PrimitiveArrayRawParam_jarde-PrimitiveArrayRawParam.stdout	ca19f53923fbfb66917c75ea83f0d5053343cf8c6aa62b562778ef54d5028a26
subprocess-logs/0229-jdk8_debug_PrimitiveArrayRawParam_jarde-javac.stderr	69e059081b2bfd4817bc81b438b93741b763eed8b377602c15bed8c55b83b76a
subprocess-logs/0229-jdk8_debug_PrimitiveArrayRawParam_jarde-javac.stdout	e3b0c44298fc1c149afbf4c8996fb92427ae41e4649b934ca495991b7852b855
subprocess-logs/0230-jdk8_debug_PrimitiveArrayRawParam_jarde-verify-run.stderr	e3b0c44298fc1c149afbf4c8996fb92427ae41e4649b934ca495991b7852b855
subprocess-logs/0230-jdk8_debug_PrimitiveArrayRawParam_jarde-verify-run.stdout	e156798549dd3ab3c3eced5fadfdced0789f4ee0e3f65410c291f2c46434dfba
subprocess-logs/0231-jdk8_debug_PrimitiveArrayRawParam_jadx.stderr	e3b0c44298fc1c149afbf4c8996fb92427ae41e4649b934ca495991b7852b855
subprocess-logs/0231-jdk8_debug_PrimitiveArrayRawParam_jadx.stdout	550f9f4aacd9c8d4c6ad286cf5501311ce4df8bb25b3e1cff8db10b170b2efc3
subprocess-logs/0232-jdk8_debug_PrimitiveArrayRawParam_jadx-javac.stderr	bc4b9d6ea09b632fefa691d95a0c6099e44773cfdeb3eff05508a52f0640e4a2
subprocess-logs/0232-jdk8_debug_PrimitiveArrayRawParam_jadx-javac.stdout	e3b0c44298fc1c149afbf4c8996fb92427ae41e4649b934ca495991b7852b855
subprocess-logs/0233-jdk8_debug_PrimitiveArrayRawParam_jadx-verify-run.stderr	e3b0c44298fc1c149afbf4c8996fb92427ae41e4649b934ca495991b7852b855
subprocess-logs/0233-jdk8_debug_PrimitiveArrayRawParam_jadx-verify-run.stdout	8dbde5389e6da69a121d5ad297157ee52bcb682d49d75d8a4bc7844fd4d1d1e8
subprocess-logs/0234-jdk8_no-debug_PrimitiveArrayRawParam_jar-contents.stderr	e3b0c44298fc1c149afbf4c8996fb92427ae41e4649b934ca495991b7852b855
subprocess-logs/0234-jdk8_no-debug_PrimitiveArrayRawParam_jar-contents.stdout	91705ed612b1ad8f23b13ed6271590bfefda591510c739ce0052bb665848cb44
subprocess-logs/0235-jdk8_no-debug_PrimitiveArrayRawParam_original-javac.stderr	fdc6d87e49ebb010d6e855ea793247478d09b865401d94d4ef4104ae5bfeec66
subprocess-logs/0235-jdk8_no-debug_PrimitiveArrayRawParam_original-javac.stdout	e3b0c44298fc1c149afbf4c8996fb92427ae41e4649b934ca495991b7852b855
subprocess-logs/0236-jdk8_no-debug_PrimitiveArrayRawParam_javap.stderr	e3b0c44298fc1c149afbf4c8996fb92427ae41e4649b934ca495991b7852b855
subprocess-logs/0236-jdk8_no-debug_PrimitiveArrayRawParam_javap.stdout	275f1e044e17248fbec53bb33c68fcd2bb7a3501f996d9ede23b698af39fc073
subprocess-logs/0237-jdk8_no-debug_PrimitiveArrayRawParam_original-probe-javac.stderr	e3b0c44298fc1c149afbf4c8996fb92427ae41e4649b934ca495991b7852b855
subprocess-logs/0237-jdk8_no-debug_PrimitiveArrayRawParam_original-probe-javac.stdout	e3b0c44298fc1c149afbf4c8996fb92427ae41e4649b934ca495991b7852b855
subprocess-logs/0238-jdk8_no-debug_PrimitiveArrayRawParam_original-run.stderr	e3b0c44298fc1c149afbf4c8996fb92427ae41e4649b934ca495991b7852b855
subprocess-logs/0238-jdk8_no-debug_PrimitiveArrayRawParam_original-run.stdout	e156798549dd3ab3c3eced5fadfdced0789f4ee0e3f65410c291f2c46434dfba
subprocess-logs/0239-jdk8_no-debug_PrimitiveArrayRawParam_jarde-PrimitiveArrayRawParam.stderr	e6678db30e64bc71fccd805cd502e90e12a5ceb8ceaac983c8b05af29ec70b7e
subprocess-logs/0239-jdk8_no-debug_PrimitiveArrayRawParam_jarde-PrimitiveArrayRawParam.stdout	90298d00e9daee2bf9bea1ca50260dee0b170c49e8bc25e85ffbce8789fa2c77
subprocess-logs/0240-jdk8_no-debug_PrimitiveArrayRawParam_jarde-javac.stderr	d8a698d0cb63b3bbc0614882906167dbfc26fd366f2f46d082a73ad797d8d0b3
subprocess-logs/0240-jdk8_no-debug_PrimitiveArrayRawParam_jarde-javac.stdout	e3b0c44298fc1c149afbf4c8996fb92427ae41e4649b934ca495991b7852b855
subprocess-logs/0241-jdk8_no-debug_PrimitiveArrayRawParam_jarde-verify-run.stderr	e3b0c44298fc1c149afbf4c8996fb92427ae41e4649b934ca495991b7852b855
subprocess-logs/0241-jdk8_no-debug_PrimitiveArrayRawParam_jarde-verify-run.stdout	e156798549dd3ab3c3eced5fadfdced0789f4ee0e3f65410c291f2c46434dfba
subprocess-logs/0242-jdk8_no-debug_PrimitiveArrayRawParam_jadx.stderr	e3b0c44298fc1c149afbf4c8996fb92427ae41e4649b934ca495991b7852b855
subprocess-logs/0242-jdk8_no-debug_PrimitiveArrayRawParam_jadx.stdout	f71b975381c0b72f2e3275040b43a525fdaf129d5ef58baec813b776e150d0a9
subprocess-logs/0243-jdk8_no-debug_PrimitiveArrayRawParam_jadx-javac.stderr	05512b03288b956ec65d6bd52e47538e916b4ef7f3b656174d2dfa3c83c35c69
subprocess-logs/0243-jdk8_no-debug_PrimitiveArrayRawParam_jadx-javac.stdout	e3b0c44298fc1c149afbf4c8996fb92427ae41e4649b934ca495991b7852b855
subprocess-logs/0244-jdk8_no-debug_PrimitiveArrayRawParam_jadx-verify-run.stderr	e3b0c44298fc1c149afbf4c8996fb92427ae41e4649b934ca495991b7852b855
subprocess-logs/0244-jdk8_no-debug_PrimitiveArrayRawParam_jadx-verify-run.stdout	8dbde5389e6da69a121d5ad297157ee52bcb682d49d75d8a4bc7844fd4d1d1e8
subprocess-logs/0245-jdk8_debug_BoundRawParam_jar-contents.stderr	e3b0c44298fc1c149afbf4c8996fb92427ae41e4649b934ca495991b7852b855
subprocess-logs/0245-jdk8_debug_BoundRawParam_jar-contents.stdout	075878ec5b85246aaaf568037703e8c8504af213c36e979109d2de5461da85a9
subprocess-logs/0246-jdk8_debug_BoundRawParam_original-javac.stderr	332b6f179045eb2cb088f970e068ab6fa31d45b9312806bfdad964b6011a5fe3
subprocess-logs/0246-jdk8_debug_BoundRawParam_original-javac.stdout	e3b0c44298fc1c149afbf4c8996fb92427ae41e4649b934ca495991b7852b855
subprocess-logs/0247-jdk8_debug_BoundRawParam_javap.stderr	e3b0c44298fc1c149afbf4c8996fb92427ae41e4649b934ca495991b7852b855
subprocess-logs/0247-jdk8_debug_BoundRawParam_javap.stdout	0583d8322acdeef96e916b2cd62e0e25b844428cb9daff422eefb25ea2352e81
subprocess-logs/0248-jdk8_debug_BoundRawParam_original-probe-javac.stderr	e3b0c44298fc1c149afbf4c8996fb92427ae41e4649b934ca495991b7852b855
subprocess-logs/0248-jdk8_debug_BoundRawParam_original-probe-javac.stdout	e3b0c44298fc1c149afbf4c8996fb92427ae41e4649b934ca495991b7852b855
subprocess-logs/0249-jdk8_debug_BoundRawParam_original-run.stderr	e3b0c44298fc1c149afbf4c8996fb92427ae41e4649b934ca495991b7852b855
subprocess-logs/0249-jdk8_debug_BoundRawParam_original-run.stdout	0c5cb2a465e5db671d09e57d82dc7d2279cee6ef898da3154a4cac90f5c80de8
subprocess-logs/0250-jdk8_debug_BoundRawParam_jarde-BoundRawParam.stderr	f6a1dda3b483826d9bfa01fe89f5c1ac490996e550f49b60326a21093c6abebb
subprocess-logs/0250-jdk8_debug_BoundRawParam_jarde-BoundRawParam.stdout	6780b9df7fd79af1b6d8e0acb289d0257a77eaa548101c8cfe3fdc3911d66eac
subprocess-logs/0251-jdk8_debug_BoundRawParam_jarde-javac.stderr	70cedf8336b68a61ddabdefdf6592f34cd53ad555c195871fd0c9b7d909d9cd9
subprocess-logs/0251-jdk8_debug_BoundRawParam_jarde-javac.stdout	e3b0c44298fc1c149afbf4c8996fb92427ae41e4649b934ca495991b7852b855
subprocess-logs/0252-jdk8_debug_BoundRawParam_jarde-verify-run.stderr	e3b0c44298fc1c149afbf4c8996fb92427ae41e4649b934ca495991b7852b855
subprocess-logs/0252-jdk8_debug_BoundRawParam_jarde-verify-run.stdout	0c5cb2a465e5db671d09e57d82dc7d2279cee6ef898da3154a4cac90f5c80de8
subprocess-logs/0253-jdk8_debug_BoundRawParam_jadx.stderr	e3b0c44298fc1c149afbf4c8996fb92427ae41e4649b934ca495991b7852b855
subprocess-logs/0253-jdk8_debug_BoundRawParam_jadx.stdout	040e199c241c4a8b1c2469b3bbdcede863417e815cc4c45a24f43e7af118b697
subprocess-logs/0254-jdk8_debug_BoundRawParam_jadx-javac.stderr	5d397d3e5210120d569ceb1d1c842e4fee4e8d5c702c72671a81f4d9c729d4a2
subprocess-logs/0254-jdk8_debug_BoundRawParam_jadx-javac.stdout	e3b0c44298fc1c149afbf4c8996fb92427ae41e4649b934ca495991b7852b855
subprocess-logs/0255-jdk8_debug_BoundRawParam_jadx-verify-run.stderr	e3b0c44298fc1c149afbf4c8996fb92427ae41e4649b934ca495991b7852b855
subprocess-logs/0255-jdk8_debug_BoundRawParam_jadx-verify-run.stdout	bdeb71e6ccb9da375831745c55c6fa5137fd29b7007948eecaea74516d6991ca
subprocess-logs/0256-jdk8_no-debug_BoundRawParam_jar-contents.stderr	e3b0c44298fc1c149afbf4c8996fb92427ae41e4649b934ca495991b7852b855
subprocess-logs/0256-jdk8_no-debug_BoundRawParam_jar-contents.stdout	075878ec5b85246aaaf568037703e8c8504af213c36e979109d2de5461da85a9
subprocess-logs/0257-jdk8_no-debug_BoundRawParam_original-javac.stderr	332b6f179045eb2cb088f970e068ab6fa31d45b9312806bfdad964b6011a5fe3
subprocess-logs/0257-jdk8_no-debug_BoundRawParam_original-javac.stdout	e3b0c44298fc1c149afbf4c8996fb92427ae41e4649b934ca495991b7852b855
subprocess-logs/0258-jdk8_no-debug_BoundRawParam_javap.stderr	e3b0c44298fc1c149afbf4c8996fb92427ae41e4649b934ca495991b7852b855
subprocess-logs/0258-jdk8_no-debug_BoundRawParam_javap.stdout	35328488ae05ff6cb9f5ea7516ee2ff849fd1910c1da48b8be5d2290ccf91aaf
subprocess-logs/0259-jdk8_no-debug_BoundRawParam_original-probe-javac.stderr	e3b0c44298fc1c149afbf4c8996fb92427ae41e4649b934ca495991b7852b855
subprocess-logs/0259-jdk8_no-debug_BoundRawParam_original-probe-javac.stdout	e3b0c44298fc1c149afbf4c8996fb92427ae41e4649b934ca495991b7852b855
subprocess-logs/0260-jdk8_no-debug_BoundRawParam_original-run.stderr	e3b0c44298fc1c149afbf4c8996fb92427ae41e4649b934ca495991b7852b855
subprocess-logs/0260-jdk8_no-debug_BoundRawParam_original-run.stdout	0c5cb2a465e5db671d09e57d82dc7d2279cee6ef898da3154a4cac90f5c80de8
subprocess-logs/0261-jdk8_no-debug_BoundRawParam_jarde-BoundRawParam.stderr	43e05254928a15059889cf13525853e38e0e3b1bb2534487bed46a5f996c3d78
subprocess-logs/0261-jdk8_no-debug_BoundRawParam_jarde-BoundRawParam.stdout	81ee814aa442d16bedb0f72f370830c16ee2069d4e84754453ae15445e258294
subprocess-logs/0262-jdk8_no-debug_BoundRawParam_jarde-javac.stderr	12e6cdb5270965e05c6b7e6c7eb17f38b5d03deed3d02b2aff4f2bd2f99fa77d
subprocess-logs/0262-jdk8_no-debug_BoundRawParam_jarde-javac.stdout	e3b0c44298fc1c149afbf4c8996fb92427ae41e4649b934ca495991b7852b855
subprocess-logs/0263-jdk8_no-debug_BoundRawParam_jarde-verify-run.stderr	e3b0c44298fc1c149afbf4c8996fb92427ae41e4649b934ca495991b7852b855
subprocess-logs/0263-jdk8_no-debug_BoundRawParam_jarde-verify-run.stdout	0c5cb2a465e5db671d09e57d82dc7d2279cee6ef898da3154a4cac90f5c80de8
subprocess-logs/0264-jdk8_no-debug_BoundRawParam_jadx.stderr	e3b0c44298fc1c149afbf4c8996fb92427ae41e4649b934ca495991b7852b855
subprocess-logs/0264-jdk8_no-debug_BoundRawParam_jadx.stdout	c719c40e34dd7f30a6dfdea36f326fb3f0407318c7bf289b502a73765f9feeba
subprocess-logs/0265-jdk8_no-debug_BoundRawParam_jadx-javac.stderr	249cfb5631d18ff6b238d5f757a0e99fd06eb94ee2e386ea13909cc3cb9366ac
subprocess-logs/0265-jdk8_no-debug_BoundRawParam_jadx-javac.stdout	e3b0c44298fc1c149afbf4c8996fb92427ae41e4649b934ca495991b7852b855
subprocess-logs/0266-jdk8_no-debug_BoundRawParam_jadx-verify-run.stderr	e3b0c44298fc1c149afbf4c8996fb92427ae41e4649b934ca495991b7852b855
subprocess-logs/0266-jdk8_no-debug_BoundRawParam_jadx-verify-run.stdout	bdeb71e6ccb9da375831745c55c6fa5137fd29b7007948eecaea74516d6991ca
subprocess-logs/0267-jdk8_debug_NullRawParam_jar-contents.stderr	e3b0c44298fc1c149afbf4c8996fb92427ae41e4649b934ca495991b7852b855
subprocess-logs/0267-jdk8_debug_NullRawParam_jar-contents.stdout	ec9be3c8fc3cd99b67f4aaee4928989735f2768aa23a4b40308f2268d7274f2c
subprocess-logs/0268-jdk8_debug_NullRawParam_original-javac.stderr	783fcc6f6b5a0f5a3939e21fd8140e506cab11d0d0342910949529ff8bfc74a4
subprocess-logs/0268-jdk8_debug_NullRawParam_original-javac.stdout	e3b0c44298fc1c149afbf4c8996fb92427ae41e4649b934ca495991b7852b855
subprocess-logs/0269-jdk8_debug_NullRawParam_javap.stderr	e3b0c44298fc1c149afbf4c8996fb92427ae41e4649b934ca495991b7852b855
subprocess-logs/0269-jdk8_debug_NullRawParam_javap.stdout	139d2e1df5d613b81e80530d7449c85459b12960a83cda1800ca1f8801c39daf
subprocess-logs/0270-jdk8_debug_NullRawParam_original-probe-javac.stderr	e3b0c44298fc1c149afbf4c8996fb92427ae41e4649b934ca495991b7852b855
subprocess-logs/0270-jdk8_debug_NullRawParam_original-probe-javac.stdout	e3b0c44298fc1c149afbf4c8996fb92427ae41e4649b934ca495991b7852b855
subprocess-logs/0271-jdk8_debug_NullRawParam_original-run.stderr	e3b0c44298fc1c149afbf4c8996fb92427ae41e4649b934ca495991b7852b855
subprocess-logs/0271-jdk8_debug_NullRawParam_original-run.stdout	99432d5aa83e97874597f1a0fde12c2a963ce4099787ae00fd33faff35b18418
subprocess-logs/0272-jdk8_debug_NullRawParam_jarde-NullRawParam.stderr	b6a9695c208f04a5d492074df629a0d4763880253c7fb7c4d3f11264b352a4ef
subprocess-logs/0272-jdk8_debug_NullRawParam_jarde-NullRawParam.stdout	f60daa335370ba4b9535a79d8a6039e957fde7f7fbf1179b722b7dff8c1bb168
subprocess-logs/0273-jdk8_debug_NullRawParam_jarde-javac.stderr	d7399b66f0ff2da00825b2ef082228d8732983bffba6febefd04f862d336b480
subprocess-logs/0273-jdk8_debug_NullRawParam_jarde-javac.stdout	e3b0c44298fc1c149afbf4c8996fb92427ae41e4649b934ca495991b7852b855
subprocess-logs/0274-jdk8_debug_NullRawParam_jarde-verify-run.stderr	e3b0c44298fc1c149afbf4c8996fb92427ae41e4649b934ca495991b7852b855
subprocess-logs/0274-jdk8_debug_NullRawParam_jarde-verify-run.stdout	99432d5aa83e97874597f1a0fde12c2a963ce4099787ae00fd33faff35b18418
subprocess-logs/0275-jdk8_debug_NullRawParam_jadx.stderr	e3b0c44298fc1c149afbf4c8996fb92427ae41e4649b934ca495991b7852b855
subprocess-logs/0275-jdk8_debug_NullRawParam_jadx.stdout	3c62575475702503632db0fed3c5810111ab8ea06464b7cc598ffec658bee7d2
subprocess-logs/0276-jdk8_debug_NullRawParam_jadx-javac.stderr	d2670bf7788d2890f71c31534953e806652ff6ffa54bd25d4388a4b164a5687f
subprocess-logs/0276-jdk8_debug_NullRawParam_jadx-javac.stdout	e3b0c44298fc1c149afbf4c8996fb92427ae41e4649b934ca495991b7852b855
subprocess-logs/0277-jdk8_debug_NullRawParam_jadx-verify-run.stderr	e3b0c44298fc1c149afbf4c8996fb92427ae41e4649b934ca495991b7852b855
subprocess-logs/0277-jdk8_debug_NullRawParam_jadx-verify-run.stdout	f4e759450c3306919076b843e677ebd4315a206a7a08c607258e8ee49a6eb720
subprocess-logs/0278-jdk8_no-debug_NullRawParam_jar-contents.stderr	e3b0c44298fc1c149afbf4c8996fb92427ae41e4649b934ca495991b7852b855
subprocess-logs/0278-jdk8_no-debug_NullRawParam_jar-contents.stdout	ec9be3c8fc3cd99b67f4aaee4928989735f2768aa23a4b40308f2268d7274f2c
subprocess-logs/0279-jdk8_no-debug_NullRawParam_original-javac.stderr	783fcc6f6b5a0f5a3939e21fd8140e506cab11d0d0342910949529ff8bfc74a4
subprocess-logs/0279-jdk8_no-debug_NullRawParam_original-javac.stdout	e3b0c44298fc1c149afbf4c8996fb92427ae41e4649b934ca495991b7852b855
subprocess-logs/0280-jdk8_no-debug_NullRawParam_javap.stderr	e3b0c44298fc1c149afbf4c8996fb92427ae41e4649b934ca495991b7852b855
subprocess-logs/0280-jdk8_no-debug_NullRawParam_javap.stdout	9a59b31b98a5661258bcaf443731f7673ffb6ced1e6bd1a1aed6f998cc92b6f1
subprocess-logs/0281-jdk8_no-debug_NullRawParam_original-probe-javac.stderr	e3b0c44298fc1c149afbf4c8996fb92427ae41e4649b934ca495991b7852b855
subprocess-logs/0281-jdk8_no-debug_NullRawParam_original-probe-javac.stdout	e3b0c44298fc1c149afbf4c8996fb92427ae41e4649b934ca495991b7852b855
subprocess-logs/0282-jdk8_no-debug_NullRawParam_original-run.stderr	e3b0c44298fc1c149afbf4c8996fb92427ae41e4649b934ca495991b7852b855
subprocess-logs/0282-jdk8_no-debug_NullRawParam_original-run.stdout	99432d5aa83e97874597f1a0fde12c2a963ce4099787ae00fd33faff35b18418
subprocess-logs/0283-jdk8_no-debug_NullRawParam_jarde-NullRawParam.stderr	0434d8293b42f51093fc896e124d3d13a59467cd45d432e04b2413aae80d7b2c
subprocess-logs/0283-jdk8_no-debug_NullRawParam_jarde-NullRawParam.stdout	d68300b3bdd64dc0a1769de4c77a88e3eebccc14b47a17dc3e1ee4f8165ca2e2
subprocess-logs/0284-jdk8_no-debug_NullRawParam_jarde-javac.stderr	caa03c8eb71546865ae6bf52a340df17b23806d71e81b15c8ede3b03108e41e6
subprocess-logs/0284-jdk8_no-debug_NullRawParam_jarde-javac.stdout	e3b0c44298fc1c149afbf4c8996fb92427ae41e4649b934ca495991b7852b855
subprocess-logs/0285-jdk8_no-debug_NullRawParam_jarde-verify-run.stderr	e3b0c44298fc1c149afbf4c8996fb92427ae41e4649b934ca495991b7852b855
subprocess-logs/0285-jdk8_no-debug_NullRawParam_jarde-verify-run.stdout	99432d5aa83e97874597f1a0fde12c2a963ce4099787ae00fd33faff35b18418
subprocess-logs/0286-jdk8_no-debug_NullRawParam_jadx.stderr	e3b0c44298fc1c149afbf4c8996fb92427ae41e4649b934ca495991b7852b855
subprocess-logs/0286-jdk8_no-debug_NullRawParam_jadx.stdout	8013117a91d34ec9ac2821e0d24fe558b6c4dc86a8af99bf342431204aaf6952
subprocess-logs/0287-jdk8_no-debug_NullRawParam_jadx-javac.stderr	b81174b71ed28c166d6db07d28cb04c4bdae2856e2141ef0069688e708e26629
subprocess-logs/0287-jdk8_no-debug_NullRawParam_jadx-javac.stdout	e3b0c44298fc1c149afbf4c8996fb92427ae41e4649b934ca495991b7852b855
subprocess-logs/0288-jdk8_no-debug_NullRawParam_jadx-verify-run.stderr	e3b0c44298fc1c149afbf4c8996fb92427ae41e4649b934ca495991b7852b855
subprocess-logs/0288-jdk8_no-debug_NullRawParam_jadx-verify-run.stdout	f4e759450c3306919076b843e677ebd4315a206a7a08c607258e8ee49a6eb720
subprocess-logs/0289-jdk8_debug_RetainedAliasRawParam_jar-contents.stderr	e3b0c44298fc1c149afbf4c8996fb92427ae41e4649b934ca495991b7852b855
subprocess-logs/0289-jdk8_debug_RetainedAliasRawParam_jar-contents.stdout	a1985b9d7beb306cabb087220b328de3b90ea1632d23bad706a4d4d2071ef201
subprocess-logs/0290-jdk8_debug_RetainedAliasRawParam_original-javac.stderr	50c41222a602d30852da3abf82e029d976424c723a93ff1708bc54b19eb25180
subprocess-logs/0290-jdk8_debug_RetainedAliasRawParam_original-javac.stdout	e3b0c44298fc1c149afbf4c8996fb92427ae41e4649b934ca495991b7852b855
subprocess-logs/0291-jdk8_debug_RetainedAliasRawParam_javap.stderr	e3b0c44298fc1c149afbf4c8996fb92427ae41e4649b934ca495991b7852b855
subprocess-logs/0291-jdk8_debug_RetainedAliasRawParam_javap.stdout	3cb057158548fc3131bab5f82e09bcb27fd50bfa5ef8d55801944101226deb0e
subprocess-logs/0292-jdk8_debug_RetainedAliasRawParam_original-probe-javac.stderr	e3b0c44298fc1c149afbf4c8996fb92427ae41e4649b934ca495991b7852b855
subprocess-logs/0292-jdk8_debug_RetainedAliasRawParam_original-probe-javac.stdout	e3b0c44298fc1c149afbf4c8996fb92427ae41e4649b934ca495991b7852b855
subprocess-logs/0293-jdk8_debug_RetainedAliasRawParam_original-run.stderr	e3b0c44298fc1c149afbf4c8996fb92427ae41e4649b934ca495991b7852b855
subprocess-logs/0293-jdk8_debug_RetainedAliasRawParam_original-run.stdout	587147b6fcdb6f90959b73653be0302d121556b4c0626fb20a88ff47291ce8ff
subprocess-logs/0294-jdk8_debug_RetainedAliasRawParam_jarde-RetainedAliasRawParam.stderr	6c02e8343a4bc464912cb13f410d073a98537bf20cc2f92457153e45beb25977
subprocess-logs/0294-jdk8_debug_RetainedAliasRawParam_jarde-RetainedAliasRawParam.stdout	67c03164c7f4c286881d760c247bdc8ed73c851a4377db2751830cc607eb3f89
subprocess-logs/0295-jdk8_debug_RetainedAliasRawParam_jarde-javac.stderr	216d4066b877fab681244f6cb22bd2cbcd8ac10a6b82f1221afebcde03634c89
subprocess-logs/0295-jdk8_debug_RetainedAliasRawParam_jarde-javac.stdout	e3b0c44298fc1c149afbf4c8996fb92427ae41e4649b934ca495991b7852b855
subprocess-logs/0296-jdk8_debug_RetainedAliasRawParam_jarde-verify-run.stderr	e3b0c44298fc1c149afbf4c8996fb92427ae41e4649b934ca495991b7852b855
subprocess-logs/0296-jdk8_debug_RetainedAliasRawParam_jarde-verify-run.stdout	587147b6fcdb6f90959b73653be0302d121556b4c0626fb20a88ff47291ce8ff
subprocess-logs/0297-jdk8_debug_RetainedAliasRawParam_jadx.stderr	e3b0c44298fc1c149afbf4c8996fb92427ae41e4649b934ca495991b7852b855
subprocess-logs/0297-jdk8_debug_RetainedAliasRawParam_jadx.stdout	231b57e0b5da16b4511020c03498a6b43bb6ed9f20fec0bfdcceccf9e72ce5e7
subprocess-logs/0298-jdk8_debug_RetainedAliasRawParam_jadx-javac.stderr	304e368fce14016fbd740682dd50308c317fd4554e8df85a8397735cb9c4e919
subprocess-logs/0298-jdk8_debug_RetainedAliasRawParam_jadx-javac.stdout	e3b0c44298fc1c149afbf4c8996fb92427ae41e4649b934ca495991b7852b855
subprocess-logs/0299-jdk8_debug_RetainedAliasRawParam_jadx-verify-run.stderr	e3b0c44298fc1c149afbf4c8996fb92427ae41e4649b934ca495991b7852b855
subprocess-logs/0299-jdk8_debug_RetainedAliasRawParam_jadx-verify-run.stdout	f92fd71052669f4c2419e8516949617f14ee858caeb232d80d63117f41ea2d94
subprocess-logs/0300-jdk8_no-debug_RetainedAliasRawParam_jar-contents.stderr	e3b0c44298fc1c149afbf4c8996fb92427ae41e4649b934ca495991b7852b855
subprocess-logs/0300-jdk8_no-debug_RetainedAliasRawParam_jar-contents.stdout	a1985b9d7beb306cabb087220b328de3b90ea1632d23bad706a4d4d2071ef201
subprocess-logs/0301-jdk8_no-debug_RetainedAliasRawParam_original-javac.stderr	50c41222a602d30852da3abf82e029d976424c723a93ff1708bc54b19eb25180
subprocess-logs/0301-jdk8_no-debug_RetainedAliasRawParam_original-javac.stdout	e3b0c44298fc1c149afbf4c8996fb92427ae41e4649b934ca495991b7852b855
subprocess-logs/0302-jdk8_no-debug_RetainedAliasRawParam_javap.stderr	e3b0c44298fc1c149afbf4c8996fb92427ae41e4649b934ca495991b7852b855
subprocess-logs/0302-jdk8_no-debug_RetainedAliasRawParam_javap.stdout	b9fe7985316c785d39a3760244459ca1200626315058c1b0a2d5baa16cb822cb
subprocess-logs/0303-jdk8_no-debug_RetainedAliasRawParam_original-probe-javac.stderr	e3b0c44298fc1c149afbf4c8996fb92427ae41e4649b934ca495991b7852b855
subprocess-logs/0303-jdk8_no-debug_RetainedAliasRawParam_original-probe-javac.stdout	e3b0c44298fc1c149afbf4c8996fb92427ae41e4649b934ca495991b7852b855
subprocess-logs/0304-jdk8_no-debug_RetainedAliasRawParam_original-run.stderr	e3b0c44298fc1c149afbf4c8996fb92427ae41e4649b934ca495991b7852b855
subprocess-logs/0304-jdk8_no-debug_RetainedAliasRawParam_original-run.stdout	587147b6fcdb6f90959b73653be0302d121556b4c0626fb20a88ff47291ce8ff
subprocess-logs/0305-jdk8_no-debug_RetainedAliasRawParam_jarde-RetainedAliasRawParam.stderr	bd5601e14a2fdab1793c94dfb553f5ef539882592dedeb7f2e12771471f636ee
subprocess-logs/0305-jdk8_no-debug_RetainedAliasRawParam_jarde-RetainedAliasRawParam.stdout	e3536151d6425f7cf9e601be73cd6fccdb94be39c2157ee6ae0f84a8c7d364e5
subprocess-logs/0306-jdk8_no-debug_RetainedAliasRawParam_jarde-javac.stderr	e97dc4468d03ca8cb93533eab00d2385bb0095e8862fef3c4cd5e1f20d3d87fe
subprocess-logs/0306-jdk8_no-debug_RetainedAliasRawParam_jarde-javac.stdout	e3b0c44298fc1c149afbf4c8996fb92427ae41e4649b934ca495991b7852b855
subprocess-logs/0307-jdk8_no-debug_RetainedAliasRawParam_jarde-verify-run.stderr	e3b0c44298fc1c149afbf4c8996fb92427ae41e4649b934ca495991b7852b855
subprocess-logs/0307-jdk8_no-debug_RetainedAliasRawParam_jarde-verify-run.stdout	587147b6fcdb6f90959b73653be0302d121556b4c0626fb20a88ff47291ce8ff
subprocess-logs/0308-jdk8_no-debug_RetainedAliasRawParam_jadx.stderr	e3b0c44298fc1c149afbf4c8996fb92427ae41e4649b934ca495991b7852b855
subprocess-logs/0308-jdk8_no-debug_RetainedAliasRawParam_jadx.stdout	34f0f40ee97c15eea270bc73505a980f2b7cc56be0e189e396dbb14d796860a0
subprocess-logs/0309-jdk8_no-debug_RetainedAliasRawParam_jadx-javac.stderr	97e970e5c701930a4b88f0c71e62d7303c359d3e196fbdfea5a8b5e5c3dc978c
subprocess-logs/0309-jdk8_no-debug_RetainedAliasRawParam_jadx-javac.stdout	e3b0c44298fc1c149afbf4c8996fb92427ae41e4649b934ca495991b7852b855
subprocess-logs/0310-jdk8_no-debug_RetainedAliasRawParam_jadx-verify-run.stderr	e3b0c44298fc1c149afbf4c8996fb92427ae41e4649b934ca495991b7852b855
subprocess-logs/0310-jdk8_no-debug_RetainedAliasRawParam_jadx-verify-run.stdout	f92fd71052669f4c2419e8516949617f14ee858caeb232d80d63117f41ea2d94
subprocess-logs/0311-jdk8_debug_MultiFormalRawParam_jar-contents.stderr	e3b0c44298fc1c149afbf4c8996fb92427ae41e4649b934ca495991b7852b855
subprocess-logs/0311-jdk8_debug_MultiFormalRawParam_jar-contents.stdout	4bc05ecbba4968bacfc686b7e4b7523216b1c1705eac9aef254aaff653bf7e55
subprocess-logs/0312-jdk8_debug_MultiFormalRawParam_original-javac.stderr	a7aac962d457f5d861ff850678dc960f9c140ea9b8b48cd9fdb25d20133bc9dd
subprocess-logs/0312-jdk8_debug_MultiFormalRawParam_original-javac.stdout	e3b0c44298fc1c149afbf4c8996fb92427ae41e4649b934ca495991b7852b855
subprocess-logs/0313-jdk8_debug_MultiFormalRawParam_javap.stderr	e3b0c44298fc1c149afbf4c8996fb92427ae41e4649b934ca495991b7852b855
subprocess-logs/0313-jdk8_debug_MultiFormalRawParam_javap.stdout	dd1d4e622d2f408c5f5449b163dce274f44ce66b401816ce045a25ad1fc513c7
subprocess-logs/0314-jdk8_debug_MultiFormalRawParam_original-probe-javac.stderr	e3b0c44298fc1c149afbf4c8996fb92427ae41e4649b934ca495991b7852b855
subprocess-logs/0314-jdk8_debug_MultiFormalRawParam_original-probe-javac.stdout	e3b0c44298fc1c149afbf4c8996fb92427ae41e4649b934ca495991b7852b855
subprocess-logs/0315-jdk8_debug_MultiFormalRawParam_original-run.stderr	e3b0c44298fc1c149afbf4c8996fb92427ae41e4649b934ca495991b7852b855
subprocess-logs/0315-jdk8_debug_MultiFormalRawParam_original-run.stdout	6d16de1512a82cf13a56f94903001249dbfdb1ab81b29b817616448334e1d0c4
subprocess-logs/0316-jdk8_debug_MultiFormalRawParam_jarde-MultiFormalRawParam.stderr	98340cfdcca6929a18b3e0885c55e390d8cef5cc04ffcba29f58da1a666a7ad5
subprocess-logs/0316-jdk8_debug_MultiFormalRawParam_jarde-MultiFormalRawParam.stdout	fc2962c0aac9ec98ea86aa50ec132f77514a683ba76d7c329493e954bce56e48
subprocess-logs/0317-jdk8_debug_MultiFormalRawParam_jarde-javac.stderr	0be19f4c902f0ea469524c22f2be5e86d5d10f6c8ed937f4b288ffdda51dbf9f
subprocess-logs/0317-jdk8_debug_MultiFormalRawParam_jarde-javac.stdout	e3b0c44298fc1c149afbf4c8996fb92427ae41e4649b934ca495991b7852b855
subprocess-logs/0318-jdk8_debug_MultiFormalRawParam_jarde-verify-run.stderr	e3b0c44298fc1c149afbf4c8996fb92427ae41e4649b934ca495991b7852b855
subprocess-logs/0318-jdk8_debug_MultiFormalRawParam_jarde-verify-run.stdout	8bc5d0b9f7ed8f8820c0a056a24f74615b3e6104dd1ccada41aee9975df41485
subprocess-logs/0319-jdk8_debug_MultiFormalRawParam_jadx.stderr	e3b0c44298fc1c149afbf4c8996fb92427ae41e4649b934ca495991b7852b855
subprocess-logs/0319-jdk8_debug_MultiFormalRawParam_jadx.stdout	4545575210bc6c02a45a2a564d02ff59f708d039126c3e08d6a5207ec3fcdd85
subprocess-logs/0320-jdk8_debug_MultiFormalRawParam_jadx-javac.stderr	7cf4a11da72fefb44ab7ab5d2cea0bb42bc788540eec37425c70d7d3e01f98ad
subprocess-logs/0320-jdk8_debug_MultiFormalRawParam_jadx-javac.stdout	e3b0c44298fc1c149afbf4c8996fb92427ae41e4649b934ca495991b7852b855
subprocess-logs/0321-jdk8_debug_MultiFormalRawParam_jadx-verify-run.stderr	e3b0c44298fc1c149afbf4c8996fb92427ae41e4649b934ca495991b7852b855
subprocess-logs/0321-jdk8_debug_MultiFormalRawParam_jadx-verify-run.stdout	8d284d37fb44425659f63776c8f684d596146724e653b1147b4adc2b7c50d4e2
subprocess-logs/0322-jdk8_no-debug_MultiFormalRawParam_jar-contents.stderr	e3b0c44298fc1c149afbf4c8996fb92427ae41e4649b934ca495991b7852b855
subprocess-logs/0322-jdk8_no-debug_MultiFormalRawParam_jar-contents.stdout	4bc05ecbba4968bacfc686b7e4b7523216b1c1705eac9aef254aaff653bf7e55
subprocess-logs/0323-jdk8_no-debug_MultiFormalRawParam_original-javac.stderr	a7aac962d457f5d861ff850678dc960f9c140ea9b8b48cd9fdb25d20133bc9dd
subprocess-logs/0323-jdk8_no-debug_MultiFormalRawParam_original-javac.stdout	e3b0c44298fc1c149afbf4c8996fb92427ae41e4649b934ca495991b7852b855
subprocess-logs/0324-jdk8_no-debug_MultiFormalRawParam_javap.stderr	e3b0c44298fc1c149afbf4c8996fb92427ae41e4649b934ca495991b7852b855
subprocess-logs/0324-jdk8_no-debug_MultiFormalRawParam_javap.stdout	576d418084006c3432ae54bde722c5e1f3329fa92d098f3b84fce07ff58a8b83
subprocess-logs/0325-jdk8_no-debug_MultiFormalRawParam_original-probe-javac.stderr	e3b0c44298fc1c149afbf4c8996fb92427ae41e4649b934ca495991b7852b855
subprocess-logs/0325-jdk8_no-debug_MultiFormalRawParam_original-probe-javac.stdout	e3b0c44298fc1c149afbf4c8996fb92427ae41e4649b934ca495991b7852b855
subprocess-logs/0326-jdk8_no-debug_MultiFormalRawParam_original-run.stderr	e3b0c44298fc1c149afbf4c8996fb92427ae41e4649b934ca495991b7852b855
subprocess-logs/0326-jdk8_no-debug_MultiFormalRawParam_original-run.stdout	6d16de1512a82cf13a56f94903001249dbfdb1ab81b29b817616448334e1d0c4
subprocess-logs/0327-jdk8_no-debug_MultiFormalRawParam_jarde-MultiFormalRawParam.stderr	5ae958e951c138763b69f2abb029c23d5b9233db7045dd1e3c6867be414d6488
subprocess-logs/0327-jdk8_no-debug_MultiFormalRawParam_jarde-MultiFormalRawParam.stdout	4b437b42cf47a3ccf750355128c463728a56d507544aa92a0cb529860058e62c
subprocess-logs/0328-jdk8_no-debug_MultiFormalRawParam_jarde-javac.stderr	be9f4da4749814caa2a53d895917f8d8cb3c726a1067b1d3be02277e0b262501
subprocess-logs/0328-jdk8_no-debug_MultiFormalRawParam_jarde-javac.stdout	e3b0c44298fc1c149afbf4c8996fb92427ae41e4649b934ca495991b7852b855
subprocess-logs/0329-jdk8_no-debug_MultiFormalRawParam_jarde-verify-run.stderr	e3b0c44298fc1c149afbf4c8996fb92427ae41e4649b934ca495991b7852b855
subprocess-logs/0329-jdk8_no-debug_MultiFormalRawParam_jarde-verify-run.stdout	8bc5d0b9f7ed8f8820c0a056a24f74615b3e6104dd1ccada41aee9975df41485
subprocess-logs/0330-jdk8_no-debug_MultiFormalRawParam_jadx.stderr	e3b0c44298fc1c149afbf4c8996fb92427ae41e4649b934ca495991b7852b855
subprocess-logs/0330-jdk8_no-debug_MultiFormalRawParam_jadx.stdout	d9037b5b146e0f85a6781a1a308c62a0bd70348f9ceb20d15a8bbc45593536ae
subprocess-logs/0331-jdk8_no-debug_MultiFormalRawParam_jadx-javac.stderr	5323af738bd7082dcfc71d96f72db134ec700061a39be7950f84edfc90bb9cd1
subprocess-logs/0331-jdk8_no-debug_MultiFormalRawParam_jadx-javac.stdout	e3b0c44298fc1c149afbf4c8996fb92427ae41e4649b934ca495991b7852b855
subprocess-logs/0332-jdk8_no-debug_MultiFormalRawParam_jadx-verify-run.stderr	e3b0c44298fc1c149afbf4c8996fb92427ae41e4649b934ca495991b7852b855
subprocess-logs/0332-jdk8_no-debug_MultiFormalRawParam_jadx-verify-run.stdout	8d284d37fb44425659f63776c8f684d596146724e653b1147b4adc2b7c50d4e2
subprocess-logs/0333-jdk8_debug_RawOwnerChild_jar-contents.stderr	e3b0c44298fc1c149afbf4c8996fb92427ae41e4649b934ca495991b7852b855
subprocess-logs/0333-jdk8_debug_RawOwnerChild_jar-contents.stdout	8fe6ebef204dbd6d19631ba48bbbd5ec4ae5213f3712a9629e2c6cdec917a44e
subprocess-logs/0334-jdk8_debug_RawOwnerChild_original-javac.stderr	cf3d4c7f34177b900bd060a9f1e86b0bed36e944062b3a5d915bb4b052d6ba47
subprocess-logs/0334-jdk8_debug_RawOwnerChild_original-javac.stdout	e3b0c44298fc1c149afbf4c8996fb92427ae41e4649b934ca495991b7852b855
subprocess-logs/0335-jdk8_debug_RawOwnerChild_javap.stderr	e3b0c44298fc1c149afbf4c8996fb92427ae41e4649b934ca495991b7852b855
subprocess-logs/0335-jdk8_debug_RawOwnerChild_javap.stdout	a3a1264e9c4e89058dde177c37e9e84d5d04b0241e271244df647a02a10108f8
subprocess-logs/0336-jdk8_debug_RawOwnerChild_original-probe-javac.stderr	e3b0c44298fc1c149afbf4c8996fb92427ae41e4649b934ca495991b7852b855
subprocess-logs/0336-jdk8_debug_RawOwnerChild_original-probe-javac.stdout	e3b0c44298fc1c149afbf4c8996fb92427ae41e4649b934ca495991b7852b855
subprocess-logs/0337-jdk8_debug_RawOwnerChild_original-run.stderr	e3b0c44298fc1c149afbf4c8996fb92427ae41e4649b934ca495991b7852b855
subprocess-logs/0337-jdk8_debug_RawOwnerChild_original-run.stdout	c25e0c82c8f818f082f08ceef41ac63b15ed1ce4bb020bcf1eff5396c577b047
subprocess-logs/0338-jdk8_debug_RawOwnerChild_jarde-RawOwnerChild.stderr	c3557c4d5eaad6a041d16ea5ac9e910639ad677f617c14b9689a3fb89bd32b08
subprocess-logs/0338-jdk8_debug_RawOwnerChild_jarde-RawOwnerChild.stdout	85654234ed265aea8c2af90fe4353ca2be2b352c36d98476b0f89a9661e064cd
subprocess-logs/0339-jdk8_debug_RawOwnerChild_jarde-RawOwnerBase.stderr	e5b73e0a3af73b98007dae7fc08a0acaabe6fc51e2c11e5ed42496f5a1f63453
subprocess-logs/0339-jdk8_debug_RawOwnerChild_jarde-RawOwnerBase.stdout	f400195673e17b46cfe5e1ecf2dfa6ad1e569fc2a83c23d92202a00ba21aba24
subprocess-logs/0340-jdk8_debug_RawOwnerChild_jarde-javac.stderr	52f409e3ab8bccc0c522b6d01248931dc55946814a6db035b2c6ac993737ce60
subprocess-logs/0340-jdk8_debug_RawOwnerChild_jarde-javac.stdout	e3b0c44298fc1c149afbf4c8996fb92427ae41e4649b934ca495991b7852b855
subprocess-logs/0341-jdk8_debug_RawOwnerChild_jarde-verify-run.stderr	e3b0c44298fc1c149afbf4c8996fb92427ae41e4649b934ca495991b7852b855
subprocess-logs/0341-jdk8_debug_RawOwnerChild_jarde-verify-run.stdout	e65da6d8f2478e3a0b6f43759b106518ecb2b77f17bd072cf737ed70a4ac28ad
subprocess-logs/0342-jdk8_debug_RawOwnerChild_jadx.stderr	e3b0c44298fc1c149afbf4c8996fb92427ae41e4649b934ca495991b7852b855
subprocess-logs/0342-jdk8_debug_RawOwnerChild_jadx.stdout	6c98674d5819aff5b0ce8c68cf3ece4cbebd831816c7f8632c268444656056d5
subprocess-logs/0343-jdk8_debug_RawOwnerChild_jadx-javac.stderr	c71604300156e35704341208cbd5bb3880505fdc38de172c8b8397c93a00f371
subprocess-logs/0343-jdk8_debug_RawOwnerChild_jadx-javac.stdout	e3b0c44298fc1c149afbf4c8996fb92427ae41e4649b934ca495991b7852b855
subprocess-logs/0344-jdk8_debug_RawOwnerChild_jadx-verify-run.stderr	e3b0c44298fc1c149afbf4c8996fb92427ae41e4649b934ca495991b7852b855
subprocess-logs/0344-jdk8_debug_RawOwnerChild_jadx-verify-run.stdout	2404a47a7f7c206decbce521d1ad8ca2966f33929a01a6e1cd462d7eda65b76b
subprocess-logs/0345-jdk8_no-debug_RawOwnerChild_jar-contents.stderr	e3b0c44298fc1c149afbf4c8996fb92427ae41e4649b934ca495991b7852b855
subprocess-logs/0345-jdk8_no-debug_RawOwnerChild_jar-contents.stdout	8fe6ebef204dbd6d19631ba48bbbd5ec4ae5213f3712a9629e2c6cdec917a44e
subprocess-logs/0346-jdk8_no-debug_RawOwnerChild_original-javac.stderr	cf3d4c7f34177b900bd060a9f1e86b0bed36e944062b3a5d915bb4b052d6ba47
subprocess-logs/0346-jdk8_no-debug_RawOwnerChild_original-javac.stdout	e3b0c44298fc1c149afbf4c8996fb92427ae41e4649b934ca495991b7852b855
subprocess-logs/0347-jdk8_no-debug_RawOwnerChild_javap.stderr	e3b0c44298fc1c149afbf4c8996fb92427ae41e4649b934ca495991b7852b855
subprocess-logs/0347-jdk8_no-debug_RawOwnerChild_javap.stdout	4b6867ba7a8ffd26d6b4167344e0025c5756c4895040f1f7d5ebe1ad40a3deed
subprocess-logs/0348-jdk8_no-debug_RawOwnerChild_original-probe-javac.stderr	e3b0c44298fc1c149afbf4c8996fb92427ae41e4649b934ca495991b7852b855
subprocess-logs/0348-jdk8_no-debug_RawOwnerChild_original-probe-javac.stdout	e3b0c44298fc1c149afbf4c8996fb92427ae41e4649b934ca495991b7852b855
subprocess-logs/0349-jdk8_no-debug_RawOwnerChild_original-run.stderr	e3b0c44298fc1c149afbf4c8996fb92427ae41e4649b934ca495991b7852b855
subprocess-logs/0349-jdk8_no-debug_RawOwnerChild_original-run.stdout	c25e0c82c8f818f082f08ceef41ac63b15ed1ce4bb020bcf1eff5396c577b047
subprocess-logs/0350-jdk8_no-debug_RawOwnerChild_jarde-RawOwnerChild.stderr	37f19267d98c5d2cbbb6c466140918ab91b8e9e386614a715b5178ff32f7e6a2
subprocess-logs/0350-jdk8_no-debug_RawOwnerChild_jarde-RawOwnerChild.stdout	8bc50b0f6cb5bc0a65e96706a623c1fc4bc19fa7d9d3586ebaace845198a1015
subprocess-logs/0351-jdk8_no-debug_RawOwnerChild_jarde-RawOwnerBase.stderr	a6f02e059dfb7f9cfdb344fcd7bfb302f8d8a5fc53739cea00166b15561ce7e3
subprocess-logs/0351-jdk8_no-debug_RawOwnerChild_jarde-RawOwnerBase.stdout	f400195673e17b46cfe5e1ecf2dfa6ad1e569fc2a83c23d92202a00ba21aba24
subprocess-logs/0352-jdk8_no-debug_RawOwnerChild_jarde-javac.stderr	784f05dce53a1c4183d7faa6f26fcee439692455edcf4ac9662067b84e29c14c
subprocess-logs/0352-jdk8_no-debug_RawOwnerChild_jarde-javac.stdout	e3b0c44298fc1c149afbf4c8996fb92427ae41e4649b934ca495991b7852b855
subprocess-logs/0353-jdk8_no-debug_RawOwnerChild_jarde-verify-run.stderr	e3b0c44298fc1c149afbf4c8996fb92427ae41e4649b934ca495991b7852b855
subprocess-logs/0353-jdk8_no-debug_RawOwnerChild_jarde-verify-run.stdout	e65da6d8f2478e3a0b6f43759b106518ecb2b77f17bd072cf737ed70a4ac28ad
subprocess-logs/0354-jdk8_no-debug_RawOwnerChild_jadx.stderr	e3b0c44298fc1c149afbf4c8996fb92427ae41e4649b934ca495991b7852b855
subprocess-logs/0354-jdk8_no-debug_RawOwnerChild_jadx.stdout	6c98674d5819aff5b0ce8c68cf3ece4cbebd831816c7f8632c268444656056d5
subprocess-logs/0355-jdk8_no-debug_RawOwnerChild_jadx-javac.stderr	f0e77c5115225f2689217f059795baf0947eea81d40cb407f93f2469167737bb
subprocess-logs/0355-jdk8_no-debug_RawOwnerChild_jadx-javac.stdout	e3b0c44298fc1c149afbf4c8996fb92427ae41e4649b934ca495991b7852b855
subprocess-logs/0356-jdk8_no-debug_RawOwnerChild_jadx-verify-run.stderr	e3b0c44298fc1c149afbf4c8996fb92427ae41e4649b934ca495991b7852b855
subprocess-logs/0356-jdk8_no-debug_RawOwnerChild_jadx-verify-run.stdout	2404a47a7f7c206decbce521d1ad8ca2966f33929a01a6e1cd462d7eda65b76b
subprocess-logs/0357-jdk23_versions_java.stderr	11d9a1559a3f4fab380e536f54e14acacdbd9fb56e147f04a9cc4723e3c229f7
subprocess-logs/0357-jdk23_versions_java.stdout	e3b0c44298fc1c149afbf4c8996fb92427ae41e4649b934ca495991b7852b855
subprocess-logs/0358-jdk23_versions_javac.stderr	e3b0c44298fc1c149afbf4c8996fb92427ae41e4649b934ca495991b7852b855
subprocess-logs/0358-jdk23_versions_javac.stdout	8b08d363e50e3d8f80fe38c5910e7f52b3e267b192efacb74878c7103361d3cd
subprocess-logs/0359-jdk23_debug_RawParam_jar-contents.stderr	e3b0c44298fc1c149afbf4c8996fb92427ae41e4649b934ca495991b7852b855
subprocess-logs/0359-jdk23_debug_RawParam_jar-contents.stdout	f05bc4ea2d7bc579f4987b4528010f3e37b2499a541d17b872ac93047629c0ee
subprocess-logs/0360-jdk23_debug_RawParam_original-javac.stderr	8389e79b0f23f4372bad2237b4863ba2d51fb3233437096c41b12e18cb18a541
subprocess-logs/0360-jdk23_debug_RawParam_original-javac.stdout	e3b0c44298fc1c149afbf4c8996fb92427ae41e4649b934ca495991b7852b855
subprocess-logs/0361-jdk23_debug_RawParam_javap.stderr	e3b0c44298fc1c149afbf4c8996fb92427ae41e4649b934ca495991b7852b855
subprocess-logs/0361-jdk23_debug_RawParam_javap.stdout	643f960b952233003d168002eff538f1174de04eaf360b4fed0e1bf87c87fc49
subprocess-logs/0362-jdk23_debug_RawParam_original-probe-javac.stderr	4f875b75f0bac1d971d8fc3ab19a64d5d92273f61235f2bb734eed34ab07458f
subprocess-logs/0362-jdk23_debug_RawParam_original-probe-javac.stdout	e3b0c44298fc1c149afbf4c8996fb92427ae41e4649b934ca495991b7852b855
subprocess-logs/0363-jdk23_debug_RawParam_original-run.stderr	e3b0c44298fc1c149afbf4c8996fb92427ae41e4649b934ca495991b7852b855
subprocess-logs/0363-jdk23_debug_RawParam_original-run.stdout	6a2e3f1a9739b680582fea7e805eed4d712c0aaa5f345bb00d8449a502e68b6d
subprocess-logs/0364-jdk23_debug_RawParam_jarde-RawParam.stderr	d3e2407e41dea0cb3df09ca8e5683eb85b3bf00639670ad1eec69144736ffe17
subprocess-logs/0364-jdk23_debug_RawParam_jarde-RawParam.stdout	e086985b6879bfbebb341e501fb7f963bc33d5623ac87904b40e011163135e9b
subprocess-logs/0365-jdk23_debug_RawParam_jarde-javac.stderr	40edac323e6abfa8baa22ab099f51799a83a0104854faa5af07309c2f6b25147
subprocess-logs/0365-jdk23_debug_RawParam_jarde-javac.stdout	e3b0c44298fc1c149afbf4c8996fb92427ae41e4649b934ca495991b7852b855
subprocess-logs/0366-jdk23_debug_RawParam_jarde-verify-run.stderr	e3b0c44298fc1c149afbf4c8996fb92427ae41e4649b934ca495991b7852b855
subprocess-logs/0366-jdk23_debug_RawParam_jarde-verify-run.stdout	6a2e3f1a9739b680582fea7e805eed4d712c0aaa5f345bb00d8449a502e68b6d
subprocess-logs/0367-jdk23_debug_RawParam_jadx.stderr	e3b0c44298fc1c149afbf4c8996fb92427ae41e4649b934ca495991b7852b855
subprocess-logs/0367-jdk23_debug_RawParam_jadx.stdout	0a2e6693caef637309661eba1f38cd827fa196307c2982b2e23106c2d094e13d
subprocess-logs/0368-jdk23_debug_RawParam_jadx-javac.stderr	776a96c3c266cbf80c493c0d7576379c7df2471faeb4f549a73455b10b79c999
subprocess-logs/0368-jdk23_debug_RawParam_jadx-javac.stdout	e3b0c44298fc1c149afbf4c8996fb92427ae41e4649b934ca495991b7852b855
subprocess-logs/0369-jdk23_debug_RawParam_jadx-verify-run.stderr	e3b0c44298fc1c149afbf4c8996fb92427ae41e4649b934ca495991b7852b855
subprocess-logs/0369-jdk23_debug_RawParam_jadx-verify-run.stdout	33b65814b563635c3b26f292f11a234ec9eda87fc8bbf5409c3fc0f323ad9d3d
subprocess-logs/0370-jdk23_no-debug_RawParam_jar-contents.stderr	e3b0c44298fc1c149afbf4c8996fb92427ae41e4649b934ca495991b7852b855
subprocess-logs/0370-jdk23_no-debug_RawParam_jar-contents.stdout	f05bc4ea2d7bc579f4987b4528010f3e37b2499a541d17b872ac93047629c0ee
subprocess-logs/0371-jdk23_no-debug_RawParam_original-javac.stderr	8389e79b0f23f4372bad2237b4863ba2d51fb3233437096c41b12e18cb18a541
subprocess-logs/0371-jdk23_no-debug_RawParam_original-javac.stdout	e3b0c44298fc1c149afbf4c8996fb92427ae41e4649b934ca495991b7852b855
subprocess-logs/0372-jdk23_no-debug_RawParam_javap.stderr	e3b0c44298fc1c149afbf4c8996fb92427ae41e4649b934ca495991b7852b855
subprocess-logs/0372-jdk23_no-debug_RawParam_javap.stdout	da4a2617e0e141bd47eda6588e1493e538f200232d07ad2b4b45a375ba72b62a
subprocess-logs/0373-jdk23_no-debug_RawParam_original-probe-javac.stderr	4f875b75f0bac1d971d8fc3ab19a64d5d92273f61235f2bb734eed34ab07458f
subprocess-logs/0373-jdk23_no-debug_RawParam_original-probe-javac.stdout	e3b0c44298fc1c149afbf4c8996fb92427ae41e4649b934ca495991b7852b855
subprocess-logs/0374-jdk23_no-debug_RawParam_original-run.stderr	e3b0c44298fc1c149afbf4c8996fb92427ae41e4649b934ca495991b7852b855
subprocess-logs/0374-jdk23_no-debug_RawParam_original-run.stdout	6a2e3f1a9739b680582fea7e805eed4d712c0aaa5f345bb00d8449a502e68b6d
subprocess-logs/0375-jdk23_no-debug_RawParam_jarde-RawParam.stderr	ebdc927c54f7cab7472169d6a5e6937aa874defc3c5f786adaca29ca6a3221be
subprocess-logs/0375-jdk23_no-debug_RawParam_jarde-RawParam.stdout	deadf9d5abebeb93b29bb8330dd107c0f9f84ba1ddfa430103fcb8261f91caa4
subprocess-logs/0376-jdk23_no-debug_RawParam_jarde-javac.stderr	878afe364e32f89641d57744ae427f18e865e76da23d44a13dd515e08eca4488
subprocess-logs/0376-jdk23_no-debug_RawParam_jarde-javac.stdout	e3b0c44298fc1c149afbf4c8996fb92427ae41e4649b934ca495991b7852b855
subprocess-logs/0377-jdk23_no-debug_RawParam_jarde-verify-run.stderr	e3b0c44298fc1c149afbf4c8996fb92427ae41e4649b934ca495991b7852b855
subprocess-logs/0377-jdk23_no-debug_RawParam_jarde-verify-run.stdout	6a2e3f1a9739b680582fea7e805eed4d712c0aaa5f345bb00d8449a502e68b6d
subprocess-logs/0378-jdk23_no-debug_RawParam_jadx.stderr	e3b0c44298fc1c149afbf4c8996fb92427ae41e4649b934ca495991b7852b855
subprocess-logs/0378-jdk23_no-debug_RawParam_jadx.stdout	94d63878fe282437e011b8e04a33529c63a90ed8d6f73e91a6e10df5348e9799
subprocess-logs/0379-jdk23_no-debug_RawParam_jadx-javac.stderr	b1191db5626f8b7f3421cca133cea1b19be5606202e587f1711d39d00e58d5c3
subprocess-logs/0379-jdk23_no-debug_RawParam_jadx-javac.stdout	e3b0c44298fc1c149afbf4c8996fb92427ae41e4649b934ca495991b7852b855
subprocess-logs/0380-jdk23_no-debug_RawParam_jadx-verify-run.stderr	e3b0c44298fc1c149afbf4c8996fb92427ae41e4649b934ca495991b7852b855
subprocess-logs/0380-jdk23_no-debug_RawParam_jadx-verify-run.stdout	33b65814b563635c3b26f292f11a234ec9eda87fc8bbf5409c3fc0f323ad9d3d
subprocess-logs/0381-jdk23_debug_StaticRawLocal_jar-contents.stderr	e3b0c44298fc1c149afbf4c8996fb92427ae41e4649b934ca495991b7852b855
subprocess-logs/0381-jdk23_debug_StaticRawLocal_jar-contents.stdout	fb8ff04b200dd376807a9a425a37f1a645e63a3f90b47df4f84e407b0fed9d07
subprocess-logs/0382-jdk23_debug_StaticRawLocal_original-javac.stderr	ff48daff02375611c7eea7f5e0f7a5b1593a6e606f2c6bbce7202ad661436d66
subprocess-logs/0382-jdk23_debug_StaticRawLocal_original-javac.stdout	e3b0c44298fc1c149afbf4c8996fb92427ae41e4649b934ca495991b7852b855
subprocess-logs/0383-jdk23_debug_StaticRawLocal_javap.stderr	e3b0c44298fc1c149afbf4c8996fb92427ae41e4649b934ca495991b7852b855
subprocess-logs/0383-jdk23_debug_StaticRawLocal_javap.stdout	3c02dbbd54549b6584dcc4fda9101a47af57af55262067b96d7fcc0a3d769992
subprocess-logs/0384-jdk23_debug_StaticRawLocal_original-probe-javac.stderr	4f875b75f0bac1d971d8fc3ab19a64d5d92273f61235f2bb734eed34ab07458f
subprocess-logs/0384-jdk23_debug_StaticRawLocal_original-probe-javac.stdout	e3b0c44298fc1c149afbf4c8996fb92427ae41e4649b934ca495991b7852b855
subprocess-logs/0385-jdk23_debug_StaticRawLocal_original-run.stderr	e3b0c44298fc1c149afbf4c8996fb92427ae41e4649b934ca495991b7852b855
subprocess-logs/0385-jdk23_debug_StaticRawLocal_original-run.stdout	25ea87cacc91c856b41331c020cf776ffda40333d737cff0309fadf5141463b0
subprocess-logs/0386-jdk23_debug_StaticRawLocal_jarde-StaticRawLocal.stderr	4da2a719b57c26946cf8d8204e609996e2a71efb22311f253b722302e17f756d
subprocess-logs/0386-jdk23_debug_StaticRawLocal_jarde-StaticRawLocal.stdout	9ec274de3d0847441e7de73ff79a6d027179b6c14306c18643ee8e2346b54332
subprocess-logs/0387-jdk23_debug_StaticRawLocal_jarde-javac.stderr	6494aec0bcf764809790de205bac282407649f9672db56613dd00921eb2dc833
subprocess-logs/0387-jdk23_debug_StaticRawLocal_jarde-javac.stdout	e3b0c44298fc1c149afbf4c8996fb92427ae41e4649b934ca495991b7852b855
subprocess-logs/0388-jdk23_debug_StaticRawLocal_jarde-verify-run.stderr	e3b0c44298fc1c149afbf4c8996fb92427ae41e4649b934ca495991b7852b855
subprocess-logs/0388-jdk23_debug_StaticRawLocal_jarde-verify-run.stdout	25ea87cacc91c856b41331c020cf776ffda40333d737cff0309fadf5141463b0
subprocess-logs/0389-jdk23_debug_StaticRawLocal_jadx.stderr	e3b0c44298fc1c149afbf4c8996fb92427ae41e4649b934ca495991b7852b855
subprocess-logs/0389-jdk23_debug_StaticRawLocal_jadx.stdout	516bb58b50244e888b3521e18c467cf034d0a122121049eb572f464a66a45c4a
subprocess-logs/0390-jdk23_debug_StaticRawLocal_jadx-javac.stderr	441c34d5d6b864df224b9d001e5376f3a436e65ec7d7206c7cd780c50bd781a1
subprocess-logs/0390-jdk23_debug_StaticRawLocal_jadx-javac.stdout	e3b0c44298fc1c149afbf4c8996fb92427ae41e4649b934ca495991b7852b855
subprocess-logs/0391-jdk23_debug_StaticRawLocal_jadx-verify-run.stderr	e3b0c44298fc1c149afbf4c8996fb92427ae41e4649b934ca495991b7852b855
subprocess-logs/0391-jdk23_debug_StaticRawLocal_jadx-verify-run.stdout	caa078a6f6a66a11482c09645632ebb52566091c80fab4fa927b1053dce64fde
subprocess-logs/0392-jdk23_no-debug_StaticRawLocal_jar-contents.stderr	e3b0c44298fc1c149afbf4c8996fb92427ae41e4649b934ca495991b7852b855
subprocess-logs/0392-jdk23_no-debug_StaticRawLocal_jar-contents.stdout	fb8ff04b200dd376807a9a425a37f1a645e63a3f90b47df4f84e407b0fed9d07
subprocess-logs/0393-jdk23_no-debug_StaticRawLocal_original-javac.stderr	ff48daff02375611c7eea7f5e0f7a5b1593a6e606f2c6bbce7202ad661436d66
subprocess-logs/0393-jdk23_no-debug_StaticRawLocal_original-javac.stdout	e3b0c44298fc1c149afbf4c8996fb92427ae41e4649b934ca495991b7852b855
subprocess-logs/0394-jdk23_no-debug_StaticRawLocal_javap.stderr	e3b0c44298fc1c149afbf4c8996fb92427ae41e4649b934ca495991b7852b855
subprocess-logs/0394-jdk23_no-debug_StaticRawLocal_javap.stdout	650bcea27e776c0eb6eae39111c62625889c7fb1ecc319bd62b40869f51404c4
subprocess-logs/0395-jdk23_no-debug_StaticRawLocal_original-probe-javac.stderr	4f875b75f0bac1d971d8fc3ab19a64d5d92273f61235f2bb734eed34ab07458f
subprocess-logs/0395-jdk23_no-debug_StaticRawLocal_original-probe-javac.stdout	e3b0c44298fc1c149afbf4c8996fb92427ae41e4649b934ca495991b7852b855
subprocess-logs/0396-jdk23_no-debug_StaticRawLocal_original-run.stderr	e3b0c44298fc1c149afbf4c8996fb92427ae41e4649b934ca495991b7852b855
subprocess-logs/0396-jdk23_no-debug_StaticRawLocal_original-run.stdout	25ea87cacc91c856b41331c020cf776ffda40333d737cff0309fadf5141463b0
subprocess-logs/0397-jdk23_no-debug_StaticRawLocal_jarde-StaticRawLocal.stderr	9e0b8ba0ec482275ae3b72f696eb6d68f80694fb4dc45022432ea54c0c5a0913
subprocess-logs/0397-jdk23_no-debug_StaticRawLocal_jarde-StaticRawLocal.stdout	fd3a53f3051037b2d49c8966c16550fc2360b0f7494664a72673443748783747
subprocess-logs/0398-jdk23_no-debug_StaticRawLocal_jarde-javac.stderr	5f0d90094b97d819588efdbd184e5213c6b3913f30f28faddab71e5b63656ba8
subprocess-logs/0398-jdk23_no-debug_StaticRawLocal_jarde-javac.stdout	e3b0c44298fc1c149afbf4c8996fb92427ae41e4649b934ca495991b7852b855
subprocess-logs/0399-jdk23_no-debug_StaticRawLocal_jarde-verify-run.stderr	e3b0c44298fc1c149afbf4c8996fb92427ae41e4649b934ca495991b7852b855
subprocess-logs/0399-jdk23_no-debug_StaticRawLocal_jarde-verify-run.stdout	25ea87cacc91c856b41331c020cf776ffda40333d737cff0309fadf5141463b0
subprocess-logs/0400-jdk23_no-debug_StaticRawLocal_jadx.stderr	e3b0c44298fc1c149afbf4c8996fb92427ae41e4649b934ca495991b7852b855
subprocess-logs/0400-jdk23_no-debug_StaticRawLocal_jadx.stdout	f07b773650809b9cc7002d2321374160fdc27f16da822b172560116f3aaf2574
subprocess-logs/0401-jdk23_no-debug_StaticRawLocal_jadx-javac.stderr	7041a8f60ee73a5622a69dc5a2656f7d8a4afa592adae199f83d784a5a770abe
subprocess-logs/0401-jdk23_no-debug_StaticRawLocal_jadx-javac.stdout	e3b0c44298fc1c149afbf4c8996fb92427ae41e4649b934ca495991b7852b855
subprocess-logs/0402-jdk23_no-debug_StaticRawLocal_jadx-verify-run.stderr	e3b0c44298fc1c149afbf4c8996fb92427ae41e4649b934ca495991b7852b855
subprocess-logs/0402-jdk23_no-debug_StaticRawLocal_jadx-verify-run.stdout	caa078a6f6a66a11482c09645632ebb52566091c80fab4fa927b1053dce64fde
subprocess-logs/0403-jdk23_debug_InstanceRawLocal_jar-contents.stderr	e3b0c44298fc1c149afbf4c8996fb92427ae41e4649b934ca495991b7852b855
subprocess-logs/0403-jdk23_debug_InstanceRawLocal_jar-contents.stdout	14fa51d33a6937146f86014d2ee03c2e459c32def063b6fd66b0be882ef50b5b
subprocess-logs/0404-jdk23_debug_InstanceRawLocal_original-javac.stderr	9adad72752fa5ad4c28cfae616c1aa8214263acc3d8ca90c7c847c10d604d30f
subprocess-logs/0404-jdk23_debug_InstanceRawLocal_original-javac.stdout	e3b0c44298fc1c149afbf4c8996fb92427ae41e4649b934ca495991b7852b855
subprocess-logs/0405-jdk23_debug_InstanceRawLocal_javap.stderr	e3b0c44298fc1c149afbf4c8996fb92427ae41e4649b934ca495991b7852b855
subprocess-logs/0405-jdk23_debug_InstanceRawLocal_javap.stdout	61694ae4173e5acf45257dc21e14f18369f88e8d6174cfecd499bb58b4716a5b
subprocess-logs/0406-jdk23_debug_InstanceRawLocal_original-probe-javac.stderr	4f875b75f0bac1d971d8fc3ab19a64d5d92273f61235f2bb734eed34ab07458f
subprocess-logs/0406-jdk23_debug_InstanceRawLocal_original-probe-javac.stdout	e3b0c44298fc1c149afbf4c8996fb92427ae41e4649b934ca495991b7852b855
subprocess-logs/0407-jdk23_debug_InstanceRawLocal_original-run.stderr	e3b0c44298fc1c149afbf4c8996fb92427ae41e4649b934ca495991b7852b855
subprocess-logs/0407-jdk23_debug_InstanceRawLocal_original-run.stdout	b5f800a25ef5e547f36ccdecb9d6798cca74aee4a8a677d83bd449aea30f57e1
subprocess-logs/0408-jdk23_debug_InstanceRawLocal_jarde-InstanceRawLocal.stderr	dfd5ca6436ff4a1948577a3f0e9082f9519c92e19a43ab07f79050a4cecd715c
subprocess-logs/0408-jdk23_debug_InstanceRawLocal_jarde-InstanceRawLocal.stdout	5739eae80933689e02968db38be749560fea18f7852efc7071bc402ac1657445
subprocess-logs/0409-jdk23_debug_InstanceRawLocal_jarde-javac.stderr	4f875b75f0bac1d971d8fc3ab19a64d5d92273f61235f2bb734eed34ab07458f
subprocess-logs/0409-jdk23_debug_InstanceRawLocal_jarde-javac.stdout	e3b0c44298fc1c149afbf4c8996fb92427ae41e4649b934ca495991b7852b855
subprocess-logs/0410-jdk23_debug_InstanceRawLocal_jarde-verify-run.stderr	e3b0c44298fc1c149afbf4c8996fb92427ae41e4649b934ca495991b7852b855
subprocess-logs/0410-jdk23_debug_InstanceRawLocal_jarde-verify-run.stdout	c4a0fd4eb5e838df4c7116cc09d11740387e51309b8dd9c85cb1eac73adb9692
subprocess-logs/0411-jdk23_debug_InstanceRawLocal_jadx.stderr	e3b0c44298fc1c149afbf4c8996fb92427ae41e4649b934ca495991b7852b855
subprocess-logs/0411-jdk23_debug_InstanceRawLocal_jadx.stdout	2de5a4e242794cdffc729bb49ed6c8aff8172414d7fb79d8a11b6cc50bf78c8e
subprocess-logs/0412-jdk23_debug_InstanceRawLocal_jadx-javac.stderr	1e6465743a4d3da3ddc2752570def069bfa2e3d88f9315e5abad507c7a250530
subprocess-logs/0412-jdk23_debug_InstanceRawLocal_jadx-javac.stdout	e3b0c44298fc1c149afbf4c8996fb92427ae41e4649b934ca495991b7852b855
subprocess-logs/0413-jdk23_no-debug_InstanceRawLocal_jar-contents.stderr	e3b0c44298fc1c149afbf4c8996fb92427ae41e4649b934ca495991b7852b855
subprocess-logs/0413-jdk23_no-debug_InstanceRawLocal_jar-contents.stdout	14fa51d33a6937146f86014d2ee03c2e459c32def063b6fd66b0be882ef50b5b
subprocess-logs/0414-jdk23_no-debug_InstanceRawLocal_original-javac.stderr	9adad72752fa5ad4c28cfae616c1aa8214263acc3d8ca90c7c847c10d604d30f
subprocess-logs/0414-jdk23_no-debug_InstanceRawLocal_original-javac.stdout	e3b0c44298fc1c149afbf4c8996fb92427ae41e4649b934ca495991b7852b855
subprocess-logs/0415-jdk23_no-debug_InstanceRawLocal_javap.stderr	e3b0c44298fc1c149afbf4c8996fb92427ae41e4649b934ca495991b7852b855
subprocess-logs/0415-jdk23_no-debug_InstanceRawLocal_javap.stdout	ff39951f4582e15378eac0ce1397753e028059a8a7446254fc50b21b7e777eee
subprocess-logs/0416-jdk23_no-debug_InstanceRawLocal_original-probe-javac.stderr	4f875b75f0bac1d971d8fc3ab19a64d5d92273f61235f2bb734eed34ab07458f
subprocess-logs/0416-jdk23_no-debug_InstanceRawLocal_original-probe-javac.stdout	e3b0c44298fc1c149afbf4c8996fb92427ae41e4649b934ca495991b7852b855
subprocess-logs/0417-jdk23_no-debug_InstanceRawLocal_original-run.stderr	e3b0c44298fc1c149afbf4c8996fb92427ae41e4649b934ca495991b7852b855
subprocess-logs/0417-jdk23_no-debug_InstanceRawLocal_original-run.stdout	b5f800a25ef5e547f36ccdecb9d6798cca74aee4a8a677d83bd449aea30f57e1
subprocess-logs/0418-jdk23_no-debug_InstanceRawLocal_jarde-InstanceRawLocal.stderr	312b8c49f49cd3151358b6150e2a37362e705925622c9eaf88149f74a733a62f
subprocess-logs/0418-jdk23_no-debug_InstanceRawLocal_jarde-InstanceRawLocal.stdout	da10013688a30b0cc61c5f8ad8649f79792d67b4ea0d861293afdaf595225214
subprocess-logs/0419-jdk23_no-debug_InstanceRawLocal_jarde-javac.stderr	4f875b75f0bac1d971d8fc3ab19a64d5d92273f61235f2bb734eed34ab07458f
subprocess-logs/0419-jdk23_no-debug_InstanceRawLocal_jarde-javac.stdout	e3b0c44298fc1c149afbf4c8996fb92427ae41e4649b934ca495991b7852b855
subprocess-logs/0420-jdk23_no-debug_InstanceRawLocal_jarde-verify-run.stderr	e3b0c44298fc1c149afbf4c8996fb92427ae41e4649b934ca495991b7852b855
subprocess-logs/0420-jdk23_no-debug_InstanceRawLocal_jarde-verify-run.stdout	c4a0fd4eb5e838df4c7116cc09d11740387e51309b8dd9c85cb1eac73adb9692
subprocess-logs/0421-jdk23_no-debug_InstanceRawLocal_jadx.stderr	e3b0c44298fc1c149afbf4c8996fb92427ae41e4649b934ca495991b7852b855
subprocess-logs/0421-jdk23_no-debug_InstanceRawLocal_jadx.stdout	f9148dc1c25a9380db867578e50ab90f366ea16dbf6b440aecaca34875be9536
subprocess-logs/0422-jdk23_no-debug_InstanceRawLocal_jadx-javac.stderr	020776bd934aa2a6223588106f4dc87f915b595ee3159cdcae81f738701d6a86
subprocess-logs/0422-jdk23_no-debug_InstanceRawLocal_jadx-javac.stdout	e3b0c44298fc1c149afbf4c8996fb92427ae41e4649b934ca495991b7852b855
subprocess-logs/0423-jdk23_debug_TypedReceiver_jar-contents.stderr	e3b0c44298fc1c149afbf4c8996fb92427ae41e4649b934ca495991b7852b855
subprocess-logs/0423-jdk23_debug_TypedReceiver_jar-contents.stdout	de8b80e7eef68f017a319fe14e4ce5bcfa8e9eab45f9d818e61b1bf3001f42d7
subprocess-logs/0424-jdk23_debug_TypedReceiver_original-javac.stderr	4f875b75f0bac1d971d8fc3ab19a64d5d92273f61235f2bb734eed34ab07458f
subprocess-logs/0424-jdk23_debug_TypedReceiver_original-javac.stdout	e3b0c44298fc1c149afbf4c8996fb92427ae41e4649b934ca495991b7852b855
subprocess-logs/0425-jdk23_debug_TypedReceiver_javap.stderr	e3b0c44298fc1c149afbf4c8996fb92427ae41e4649b934ca495991b7852b855
subprocess-logs/0425-jdk23_debug_TypedReceiver_javap.stdout	644a2c56d254b7f5fa9ba80670e3d02a9669e01d27ed79af9f3eb1678495a307
subprocess-logs/0426-jdk23_debug_TypedReceiver_original-probe-javac.stderr	4f875b75f0bac1d971d8fc3ab19a64d5d92273f61235f2bb734eed34ab07458f
subprocess-logs/0426-jdk23_debug_TypedReceiver_original-probe-javac.stdout	e3b0c44298fc1c149afbf4c8996fb92427ae41e4649b934ca495991b7852b855
subprocess-logs/0427-jdk23_debug_TypedReceiver_original-run.stderr	e3b0c44298fc1c149afbf4c8996fb92427ae41e4649b934ca495991b7852b855
subprocess-logs/0427-jdk23_debug_TypedReceiver_original-run.stdout	7f08ef56194b137543c901f9bd3946d1ac0f4153f2cc202df75762d9c8052a16
subprocess-logs/0428-jdk23_debug_TypedReceiver_jarde-TypedReceiver.stderr	4b380dc5a6048e3ba8b56231ee625b42ab0fe320dfff021e4f371f517bad55d4
subprocess-logs/0428-jdk23_debug_TypedReceiver_jarde-TypedReceiver.stdout	161785be22add146d3c6fd6f56636a636935030610ccacf7511a7d7982dd2e71
subprocess-logs/0429-jdk23_debug_TypedReceiver_jarde-javac.stderr	1b12606898faaed2d083dc516b155ba02c8eb797482ec0d76335f77d4c7dab05
subprocess-logs/0429-jdk23_debug_TypedReceiver_jarde-javac.stdout	e3b0c44298fc1c149afbf4c8996fb92427ae41e4649b934ca495991b7852b855
subprocess-logs/0430-jdk23_debug_TypedReceiver_jarde-verify-run.stderr	e3b0c44298fc1c149afbf4c8996fb92427ae41e4649b934ca495991b7852b855
subprocess-logs/0430-jdk23_debug_TypedReceiver_jarde-verify-run.stdout	d7134843994e4b3ba1d434e5bdfba85531e98e0ec94492801f5dbfa4a5b0ca18
subprocess-logs/0431-jdk23_debug_TypedReceiver_jadx.stderr	e3b0c44298fc1c149afbf4c8996fb92427ae41e4649b934ca495991b7852b855
subprocess-logs/0431-jdk23_debug_TypedReceiver_jadx.stdout	026b2ab3f729eb5a08bce6b78c88407443798460e0707510eb677425774a6aac
subprocess-logs/0432-jdk23_debug_TypedReceiver_jadx-javac.stderr	4f875b75f0bac1d971d8fc3ab19a64d5d92273f61235f2bb734eed34ab07458f
subprocess-logs/0432-jdk23_debug_TypedReceiver_jadx-javac.stdout	e3b0c44298fc1c149afbf4c8996fb92427ae41e4649b934ca495991b7852b855
subprocess-logs/0433-jdk23_debug_TypedReceiver_jadx-verify-run.stderr	e3b0c44298fc1c149afbf4c8996fb92427ae41e4649b934ca495991b7852b855
subprocess-logs/0433-jdk23_debug_TypedReceiver_jadx-verify-run.stdout	1a07b6f4350dff1a6ca5a3e4ec3062096840ad9dbc1a6efbd816e82d4c9ccb31
subprocess-logs/0434-jdk23_no-debug_TypedReceiver_jar-contents.stderr	e3b0c44298fc1c149afbf4c8996fb92427ae41e4649b934ca495991b7852b855
subprocess-logs/0434-jdk23_no-debug_TypedReceiver_jar-contents.stdout	de8b80e7eef68f017a319fe14e4ce5bcfa8e9eab45f9d818e61b1bf3001f42d7
subprocess-logs/0435-jdk23_no-debug_TypedReceiver_original-javac.stderr	4f875b75f0bac1d971d8fc3ab19a64d5d92273f61235f2bb734eed34ab07458f
subprocess-logs/0435-jdk23_no-debug_TypedReceiver_original-javac.stdout	e3b0c44298fc1c149afbf4c8996fb92427ae41e4649b934ca495991b7852b855
subprocess-logs/0436-jdk23_no-debug_TypedReceiver_javap.stderr	e3b0c44298fc1c149afbf4c8996fb92427ae41e4649b934ca495991b7852b855
subprocess-logs/0436-jdk23_no-debug_TypedReceiver_javap.stdout	e3d115aedb5acf674231df3249b1cfc3da3ec4db2a135c59cff7fa9042f29958
subprocess-logs/0437-jdk23_no-debug_TypedReceiver_original-probe-javac.stderr	4f875b75f0bac1d971d8fc3ab19a64d5d92273f61235f2bb734eed34ab07458f
subprocess-logs/0437-jdk23_no-debug_TypedReceiver_original-probe-javac.stdout	e3b0c44298fc1c149afbf4c8996fb92427ae41e4649b934ca495991b7852b855
subprocess-logs/0438-jdk23_no-debug_TypedReceiver_original-run.stderr	e3b0c44298fc1c149afbf4c8996fb92427ae41e4649b934ca495991b7852b855
subprocess-logs/0438-jdk23_no-debug_TypedReceiver_original-run.stdout	7f08ef56194b137543c901f9bd3946d1ac0f4153f2cc202df75762d9c8052a16
subprocess-logs/0439-jdk23_no-debug_TypedReceiver_jarde-TypedReceiver.stderr	69cb3b79ae9b0d0bb0f89bd314030ff802083dbb23fd308b74b159b7aa6477d3
subprocess-logs/0439-jdk23_no-debug_TypedReceiver_jarde-TypedReceiver.stdout	bc23f6d670ae4739cc5c483c23851a87180cb7706f8bb4daa8c17c88625efb56
subprocess-logs/0440-jdk23_no-debug_TypedReceiver_jarde-javac.stderr	d0ce240b713aa109096e150b47a1ac0c9bc6658f7e28f33e3aec527fe719ee6b
subprocess-logs/0440-jdk23_no-debug_TypedReceiver_jarde-javac.stdout	e3b0c44298fc1c149afbf4c8996fb92427ae41e4649b934ca495991b7852b855
subprocess-logs/0441-jdk23_no-debug_TypedReceiver_jarde-verify-run.stderr	e3b0c44298fc1c149afbf4c8996fb92427ae41e4649b934ca495991b7852b855
subprocess-logs/0441-jdk23_no-debug_TypedReceiver_jarde-verify-run.stdout	d7134843994e4b3ba1d434e5bdfba85531e98e0ec94492801f5dbfa4a5b0ca18
subprocess-logs/0442-jdk23_no-debug_TypedReceiver_jadx.stderr	e3b0c44298fc1c149afbf4c8996fb92427ae41e4649b934ca495991b7852b855
subprocess-logs/0442-jdk23_no-debug_TypedReceiver_jadx.stdout	21685eaa34c33276cea658dd34ab7cb63c99934c881e7dbc0e886ca74827ce13
subprocess-logs/0443-jdk23_no-debug_TypedReceiver_jadx-javac.stderr	4f875b75f0bac1d971d8fc3ab19a64d5d92273f61235f2bb734eed34ab07458f
subprocess-logs/0443-jdk23_no-debug_TypedReceiver_jadx-javac.stdout	e3b0c44298fc1c149afbf4c8996fb92427ae41e4649b934ca495991b7852b855
subprocess-logs/0444-jdk23_no-debug_TypedReceiver_jadx-verify-run.stderr	e3b0c44298fc1c149afbf4c8996fb92427ae41e4649b934ca495991b7852b855
subprocess-logs/0444-jdk23_no-debug_TypedReceiver_jadx-verify-run.stdout	1a07b6f4350dff1a6ca5a3e4ec3062096840ad9dbc1a6efbd816e82d4c9ccb31
subprocess-logs/0445-jdk23_debug_ThisReceiver_jar-contents.stderr	e3b0c44298fc1c149afbf4c8996fb92427ae41e4649b934ca495991b7852b855
subprocess-logs/0445-jdk23_debug_ThisReceiver_jar-contents.stdout	1656887c3d8299160e12e3dd882357c23f33dc5f9d4f301e546a69530b435c72
subprocess-logs/0446-jdk23_debug_ThisReceiver_original-javac.stderr	4f875b75f0bac1d971d8fc3ab19a64d5d92273f61235f2bb734eed34ab07458f
subprocess-logs/0446-jdk23_debug_ThisReceiver_original-javac.stdout	e3b0c44298fc1c149afbf4c8996fb92427ae41e4649b934ca495991b7852b855
subprocess-logs/0447-jdk23_debug_ThisReceiver_javap.stderr	e3b0c44298fc1c149afbf4c8996fb92427ae41e4649b934ca495991b7852b855
subprocess-logs/0447-jdk23_debug_ThisReceiver_javap.stdout	343a15458cd6d05d7e7f5ffc955904a3cb22e08e6a218bac9f67c26aff810430
subprocess-logs/0448-jdk23_debug_ThisReceiver_original-probe-javac.stderr	4f875b75f0bac1d971d8fc3ab19a64d5d92273f61235f2bb734eed34ab07458f
subprocess-logs/0448-jdk23_debug_ThisReceiver_original-probe-javac.stdout	e3b0c44298fc1c149afbf4c8996fb92427ae41e4649b934ca495991b7852b855
subprocess-logs/0449-jdk23_debug_ThisReceiver_original-run.stderr	e3b0c44298fc1c149afbf4c8996fb92427ae41e4649b934ca495991b7852b855
subprocess-logs/0449-jdk23_debug_ThisReceiver_original-run.stdout	9916911dd761a7b0d550673bef203cb77fb4cb96733a8fb0a2184fb7d3ba65b8
subprocess-logs/0450-jdk23_debug_ThisReceiver_jarde-ThisReceiver.stderr	7ecce5fba8124a23402a7cdd1aa077c6b7ffc2e6abe94e39da4974558debf4a4
subprocess-logs/0450-jdk23_debug_ThisReceiver_jarde-ThisReceiver.stdout	a97d2cf3fb8ae606b390fe7a96386fb611ca686a76a5a25889978f7e8fc03c52
subprocess-logs/0451-jdk23_debug_ThisReceiver_jarde-javac.stderr	4f875b75f0bac1d971d8fc3ab19a64d5d92273f61235f2bb734eed34ab07458f
subprocess-logs/0451-jdk23_debug_ThisReceiver_jarde-javac.stdout	e3b0c44298fc1c149afbf4c8996fb92427ae41e4649b934ca495991b7852b855
subprocess-logs/0452-jdk23_debug_ThisReceiver_jarde-verify-run.stderr	e3b0c44298fc1c149afbf4c8996fb92427ae41e4649b934ca495991b7852b855
subprocess-logs/0452-jdk23_debug_ThisReceiver_jarde-verify-run.stdout	9916911dd761a7b0d550673bef203cb77fb4cb96733a8fb0a2184fb7d3ba65b8
subprocess-logs/0453-jdk23_debug_ThisReceiver_jadx.stderr	e3b0c44298fc1c149afbf4c8996fb92427ae41e4649b934ca495991b7852b855
subprocess-logs/0453-jdk23_debug_ThisReceiver_jadx.stdout	14be7e4655a089108df308f1a1d8048ecfed992c8185b015780a6a8b1b365192
subprocess-logs/0454-jdk23_debug_ThisReceiver_jadx-javac.stderr	4f875b75f0bac1d971d8fc3ab19a64d5d92273f61235f2bb734eed34ab07458f
subprocess-logs/0454-jdk23_debug_ThisReceiver_jadx-javac.stdout	e3b0c44298fc1c149afbf4c8996fb92427ae41e4649b934ca495991b7852b855
subprocess-logs/0455-jdk23_debug_ThisReceiver_jadx-verify-run.stderr	e3b0c44298fc1c149afbf4c8996fb92427ae41e4649b934ca495991b7852b855
subprocess-logs/0455-jdk23_debug_ThisReceiver_jadx-verify-run.stdout	f2c2ade79741f3c077a9767a2c86b6f9e8b3c91395a41c1c035e78ca2c19717e
subprocess-logs/0456-jdk23_no-debug_ThisReceiver_jar-contents.stderr	e3b0c44298fc1c149afbf4c8996fb92427ae41e4649b934ca495991b7852b855
subprocess-logs/0456-jdk23_no-debug_ThisReceiver_jar-contents.stdout	1656887c3d8299160e12e3dd882357c23f33dc5f9d4f301e546a69530b435c72
subprocess-logs/0457-jdk23_no-debug_ThisReceiver_original-javac.stderr	4f875b75f0bac1d971d8fc3ab19a64d5d92273f61235f2bb734eed34ab07458f
subprocess-logs/0457-jdk23_no-debug_ThisReceiver_original-javac.stdout	e3b0c44298fc1c149afbf4c8996fb92427ae41e4649b934ca495991b7852b855
subprocess-logs/0458-jdk23_no-debug_ThisReceiver_javap.stderr	e3b0c44298fc1c149afbf4c8996fb92427ae41e4649b934ca495991b7852b855
subprocess-logs/0458-jdk23_no-debug_ThisReceiver_javap.stdout	f8cb778404269f6dbb0e4ec7b2557386cfba4cb551527c4b21529354aa8df6c4
subprocess-logs/0459-jdk23_no-debug_ThisReceiver_original-probe-javac.stderr	4f875b75f0bac1d971d8fc3ab19a64d5d92273f61235f2bb734eed34ab07458f
subprocess-logs/0459-jdk23_no-debug_ThisReceiver_original-probe-javac.stdout	e3b0c44298fc1c149afbf4c8996fb92427ae41e4649b934ca495991b7852b855
subprocess-logs/0460-jdk23_no-debug_ThisReceiver_original-run.stderr	e3b0c44298fc1c149afbf4c8996fb92427ae41e4649b934ca495991b7852b855
subprocess-logs/0460-jdk23_no-debug_ThisReceiver_original-run.stdout	9916911dd761a7b0d550673bef203cb77fb4cb96733a8fb0a2184fb7d3ba65b8
subprocess-logs/0461-jdk23_no-debug_ThisReceiver_jarde-ThisReceiver.stderr	d543afd253b586d885c3c9b1fa42b34a7437e1623643df171e81476da8d2d624
subprocess-logs/0461-jdk23_no-debug_ThisReceiver_jarde-ThisReceiver.stdout	0c40a3e0e09b0e97ca13b527dcc647a9f01c29a3f73f31f6d7de68b4408b0d8f
subprocess-logs/0462-jdk23_no-debug_ThisReceiver_jarde-javac.stderr	4f875b75f0bac1d971d8fc3ab19a64d5d92273f61235f2bb734eed34ab07458f
subprocess-logs/0462-jdk23_no-debug_ThisReceiver_jarde-javac.stdout	e3b0c44298fc1c149afbf4c8996fb92427ae41e4649b934ca495991b7852b855
subprocess-logs/0463-jdk23_no-debug_ThisReceiver_jarde-verify-run.stderr	e3b0c44298fc1c149afbf4c8996fb92427ae41e4649b934ca495991b7852b855
subprocess-logs/0463-jdk23_no-debug_ThisReceiver_jarde-verify-run.stdout	9916911dd761a7b0d550673bef203cb77fb4cb96733a8fb0a2184fb7d3ba65b8
subprocess-logs/0464-jdk23_no-debug_ThisReceiver_jadx.stderr	e3b0c44298fc1c149afbf4c8996fb92427ae41e4649b934ca495991b7852b855
subprocess-logs/0464-jdk23_no-debug_ThisReceiver_jadx.stdout	686eb3050b934cd412c4186960a4026f1b593384875a1e21d45a8e57bb3d1bf3
subprocess-logs/0465-jdk23_no-debug_ThisReceiver_jadx-javac.stderr	4f875b75f0bac1d971d8fc3ab19a64d5d92273f61235f2bb734eed34ab07458f
subprocess-logs/0465-jdk23_no-debug_ThisReceiver_jadx-javac.stdout	e3b0c44298fc1c149afbf4c8996fb92427ae41e4649b934ca495991b7852b855
subprocess-logs/0466-jdk23_no-debug_ThisReceiver_jadx-verify-run.stderr	e3b0c44298fc1c149afbf4c8996fb92427ae41e4649b934ca495991b7852b855
subprocess-logs/0466-jdk23_no-debug_ThisReceiver_jadx-verify-run.stdout	f2c2ade79741f3c077a9767a2c86b6f9e8b3c91395a41c1c035e78ca2c19717e
subprocess-logs/0467-jdk23_debug_ShadowMethodT_jar-contents.stderr	e3b0c44298fc1c149afbf4c8996fb92427ae41e4649b934ca495991b7852b855
subprocess-logs/0467-jdk23_debug_ShadowMethodT_jar-contents.stdout	0a014d28d43f161014ee6c5d0696b18e41bff4bb83b1ac87222e9f4a8516ab35
subprocess-logs/0468-jdk23_debug_ShadowMethodT_original-javac.stderr	4f875b75f0bac1d971d8fc3ab19a64d5d92273f61235f2bb734eed34ab07458f
subprocess-logs/0468-jdk23_debug_ShadowMethodT_original-javac.stdout	e3b0c44298fc1c149afbf4c8996fb92427ae41e4649b934ca495991b7852b855
subprocess-logs/0469-jdk23_debug_ShadowMethodT_javap.stderr	e3b0c44298fc1c149afbf4c8996fb92427ae41e4649b934ca495991b7852b855
subprocess-logs/0469-jdk23_debug_ShadowMethodT_javap.stdout	62ec7dca1ba288360e9cdb3dee7d6fa51bae38174902fd3bf4b25b89706bdbab
subprocess-logs/0470-jdk23_debug_ShadowMethodT_original-probe-javac.stderr	4f875b75f0bac1d971d8fc3ab19a64d5d92273f61235f2bb734eed34ab07458f
subprocess-logs/0470-jdk23_debug_ShadowMethodT_original-probe-javac.stdout	e3b0c44298fc1c149afbf4c8996fb92427ae41e4649b934ca495991b7852b855
subprocess-logs/0471-jdk23_debug_ShadowMethodT_original-run.stderr	e3b0c44298fc1c149afbf4c8996fb92427ae41e4649b934ca495991b7852b855
subprocess-logs/0471-jdk23_debug_ShadowMethodT_original-run.stdout	e491f2fc9b0efb07abdaf9da8848a50d38b4da3848f045e3268c35d95124df5a
subprocess-logs/0472-jdk23_debug_ShadowMethodT_jarde-ShadowMethodT.stderr	8cfa37e4daad0ffe4f5fdeaf0a1c2d921589d938a62cf5f5f19da43e84fca467
subprocess-logs/0472-jdk23_debug_ShadowMethodT_jarde-ShadowMethodT.stdout	4bd7e971db097e54afcb2dfe2a4ccc9029b04e3c9626bd76bd0ee0e0b5a316b4
subprocess-logs/0473-jdk23_debug_ShadowMethodT_jarde-javac.stderr	28811d1f6ad3858c4f4d283adf5b196e0d6a4676b87eb8fdb2ba02de1536d25e
subprocess-logs/0473-jdk23_debug_ShadowMethodT_jarde-javac.stdout	e3b0c44298fc1c149afbf4c8996fb92427ae41e4649b934ca495991b7852b855
subprocess-logs/0474-jdk23_debug_ShadowMethodT_jarde-verify-run.stderr	e3b0c44298fc1c149afbf4c8996fb92427ae41e4649b934ca495991b7852b855
subprocess-logs/0474-jdk23_debug_ShadowMethodT_jarde-verify-run.stdout	ceb1dd45add8519cb6e22a15e06a6eab6b515c2f59d517b64ede6b379fcd7b53
subprocess-logs/0475-jdk23_debug_ShadowMethodT_jadx.stderr	e3b0c44298fc1c149afbf4c8996fb92427ae41e4649b934ca495991b7852b855
subprocess-logs/0475-jdk23_debug_ShadowMethodT_jadx.stdout	50b786425d57c6ea31e5ef7e11827d28e3ba6f5a21ac912fc907eddad3cf4f49
subprocess-logs/0476-jdk23_debug_ShadowMethodT_jadx-javac.stderr	4f875b75f0bac1d971d8fc3ab19a64d5d92273f61235f2bb734eed34ab07458f
subprocess-logs/0476-jdk23_debug_ShadowMethodT_jadx-javac.stdout	e3b0c44298fc1c149afbf4c8996fb92427ae41e4649b934ca495991b7852b855
subprocess-logs/0477-jdk23_debug_ShadowMethodT_jadx-verify-run.stderr	e3b0c44298fc1c149afbf4c8996fb92427ae41e4649b934ca495991b7852b855
subprocess-logs/0477-jdk23_debug_ShadowMethodT_jadx-verify-run.stdout	1c91e9e73e2b1038112652360b7e0dcd639e400df84523aac0d0102801a17264
subprocess-logs/0478-jdk23_no-debug_ShadowMethodT_jar-contents.stderr	e3b0c44298fc1c149afbf4c8996fb92427ae41e4649b934ca495991b7852b855
subprocess-logs/0478-jdk23_no-debug_ShadowMethodT_jar-contents.stdout	0a014d28d43f161014ee6c5d0696b18e41bff4bb83b1ac87222e9f4a8516ab35
subprocess-logs/0479-jdk23_no-debug_ShadowMethodT_original-javac.stderr	4f875b75f0bac1d971d8fc3ab19a64d5d92273f61235f2bb734eed34ab07458f
subprocess-logs/0479-jdk23_no-debug_ShadowMethodT_original-javac.stdout	e3b0c44298fc1c149afbf4c8996fb92427ae41e4649b934ca495991b7852b855
subprocess-logs/0480-jdk23_no-debug_ShadowMethodT_javap.stderr	e3b0c44298fc1c149afbf4c8996fb92427ae41e4649b934ca495991b7852b855
subprocess-logs/0480-jdk23_no-debug_ShadowMethodT_javap.stdout	21bdc1dc6eaae9e029c98be6702c2be862675bb102994fb0ffea284c0fa0e895
subprocess-logs/0481-jdk23_no-debug_ShadowMethodT_original-probe-javac.stderr	4f875b75f0bac1d971d8fc3ab19a64d5d92273f61235f2bb734eed34ab07458f
subprocess-logs/0481-jdk23_no-debug_ShadowMethodT_original-probe-javac.stdout	e3b0c44298fc1c149afbf4c8996fb92427ae41e4649b934ca495991b7852b855
subprocess-logs/0482-jdk23_no-debug_ShadowMethodT_original-run.stderr	e3b0c44298fc1c149afbf4c8996fb92427ae41e4649b934ca495991b7852b855
subprocess-logs/0482-jdk23_no-debug_ShadowMethodT_original-run.stdout	e491f2fc9b0efb07abdaf9da8848a50d38b4da3848f045e3268c35d95124df5a
subprocess-logs/0483-jdk23_no-debug_ShadowMethodT_jarde-ShadowMethodT.stderr	a0141576f5f35f7f04c349c4cd62c3238e9559baa62cb6130aca4289d97b096d
subprocess-logs/0483-jdk23_no-debug_ShadowMethodT_jarde-ShadowMethodT.stdout	d40fba0fc2def10495115feecb8a0139d3b24cd1fb22da16660c49bde2ca9953
subprocess-logs/0484-jdk23_no-debug_ShadowMethodT_jarde-javac.stderr	3d6855850bb43bc075f498aeba4b381da32377d2f88638ee080bff396985deb8
subprocess-logs/0484-jdk23_no-debug_ShadowMethodT_jarde-javac.stdout	e3b0c44298fc1c149afbf4c8996fb92427ae41e4649b934ca495991b7852b855
subprocess-logs/0485-jdk23_no-debug_ShadowMethodT_jarde-verify-run.stderr	e3b0c44298fc1c149afbf4c8996fb92427ae41e4649b934ca495991b7852b855
subprocess-logs/0485-jdk23_no-debug_ShadowMethodT_jarde-verify-run.stdout	ceb1dd45add8519cb6e22a15e06a6eab6b515c2f59d517b64ede6b379fcd7b53
subprocess-logs/0486-jdk23_no-debug_ShadowMethodT_jadx.stderr	e3b0c44298fc1c149afbf4c8996fb92427ae41e4649b934ca495991b7852b855
subprocess-logs/0486-jdk23_no-debug_ShadowMethodT_jadx.stdout	32c350b9c06712374c4003a929dd1af1f7d2028f78c249eb8fc15bbee328cf3a
subprocess-logs/0487-jdk23_no-debug_ShadowMethodT_jadx-javac.stderr	4f875b75f0bac1d971d8fc3ab19a64d5d92273f61235f2bb734eed34ab07458f
subprocess-logs/0487-jdk23_no-debug_ShadowMethodT_jadx-javac.stdout	e3b0c44298fc1c149afbf4c8996fb92427ae41e4649b934ca495991b7852b855
subprocess-logs/0488-jdk23_no-debug_ShadowMethodT_jadx-verify-run.stderr	e3b0c44298fc1c149afbf4c8996fb92427ae41e4649b934ca495991b7852b855
subprocess-logs/0488-jdk23_no-debug_ShadowMethodT_jadx-verify-run.stdout	1c91e9e73e2b1038112652360b7e0dcd639e400df84523aac0d0102801a17264
subprocess-logs/0489-jdk23_debug_DirectInstanceRawParam_jar-contents.stderr	e3b0c44298fc1c149afbf4c8996fb92427ae41e4649b934ca495991b7852b855
subprocess-logs/0489-jdk23_debug_DirectInstanceRawParam_jar-contents.stdout	fc15d4455024ee977b4d1922c14c180928c2138e1582c5adccbb1d8fe3953218
subprocess-logs/0490-jdk23_debug_DirectInstanceRawParam_original-javac.stderr	6d0055fa613fc7fc277efc859a67e566b8a0f51ab180da58f06fc254b12c2dc6
subprocess-logs/0490-jdk23_debug_DirectInstanceRawParam_original-javac.stdout	e3b0c44298fc1c149afbf4c8996fb92427ae41e4649b934ca495991b7852b855
subprocess-logs/0491-jdk23_debug_DirectInstanceRawParam_javap.stderr	e3b0c44298fc1c149afbf4c8996fb92427ae41e4649b934ca495991b7852b855
subprocess-logs/0491-jdk23_debug_DirectInstanceRawParam_javap.stdout	dae6436bf67ca48a6be069fb2a99259f629e616df93c99788d6e280e92c7e1a0
subprocess-logs/0492-jdk23_debug_DirectInstanceRawParam_original-probe-javac.stderr	4f875b75f0bac1d971d8fc3ab19a64d5d92273f61235f2bb734eed34ab07458f
subprocess-logs/0492-jdk23_debug_DirectInstanceRawParam_original-probe-javac.stdout	e3b0c44298fc1c149afbf4c8996fb92427ae41e4649b934ca495991b7852b855
subprocess-logs/0493-jdk23_debug_DirectInstanceRawParam_original-run.stderr	e3b0c44298fc1c149afbf4c8996fb92427ae41e4649b934ca495991b7852b855
subprocess-logs/0493-jdk23_debug_DirectInstanceRawParam_original-run.stdout	9358c79b8f63417a168963e9dc02e1e1359ee5bda8614638bec755f01d5683be
subprocess-logs/0494-jdk23_debug_DirectInstanceRawParam_jarde-DirectInstanceRawParam.stderr	628d7b7e86fb23981b3c09ffda36f8f824c98f28d1e6c4d6a7e218a953aaf3fc
subprocess-logs/0494-jdk23_debug_DirectInstanceRawParam_jarde-DirectInstanceRawParam.stdout	66882766f2731a7d18b72428b8ad38d8f2bd8e0183b4bf42ab71e0a8bcb56671
subprocess-logs/0495-jdk23_debug_DirectInstanceRawParam_jarde-javac.stderr	090ef502f74a0314c4c30761c2e7dd7dea389400d8c1598ef8edf7c149face92
subprocess-logs/0495-jdk23_debug_DirectInstanceRawParam_jarde-javac.stdout	e3b0c44298fc1c149afbf4c8996fb92427ae41e4649b934ca495991b7852b855
subprocess-logs/0496-jdk23_debug_DirectInstanceRawParam_jarde-verify-run.stderr	e3b0c44298fc1c149afbf4c8996fb92427ae41e4649b934ca495991b7852b855
subprocess-logs/0496-jdk23_debug_DirectInstanceRawParam_jarde-verify-run.stdout	9358c79b8f63417a168963e9dc02e1e1359ee5bda8614638bec755f01d5683be
subprocess-logs/0497-jdk23_debug_DirectInstanceRawParam_jadx.stderr	e3b0c44298fc1c149afbf4c8996fb92427ae41e4649b934ca495991b7852b855
subprocess-logs/0497-jdk23_debug_DirectInstanceRawParam_jadx.stdout	5783d38fd5c5f5414bc8c59d380584b1512db7e983a05f24bbcc5b5a95aa6b5c
subprocess-logs/0498-jdk23_debug_DirectInstanceRawParam_jadx-javac.stderr	7d701a028366cfb473e57903c55a141a1487b384e4be103c3820ff5c82d66ff7
subprocess-logs/0498-jdk23_debug_DirectInstanceRawParam_jadx-javac.stdout	e3b0c44298fc1c149afbf4c8996fb92427ae41e4649b934ca495991b7852b855
subprocess-logs/0499-jdk23_debug_DirectInstanceRawParam_jadx-verify-run.stderr	e3b0c44298fc1c149afbf4c8996fb92427ae41e4649b934ca495991b7852b855
subprocess-logs/0499-jdk23_debug_DirectInstanceRawParam_jadx-verify-run.stdout	b3cda9506188b60dd9d215bc5efd1dafb315f344e7cea3910361ebe407f0cc9b
subprocess-logs/0500-jdk23_no-debug_DirectInstanceRawParam_jar-contents.stderr	e3b0c44298fc1c149afbf4c8996fb92427ae41e4649b934ca495991b7852b855
subprocess-logs/0500-jdk23_no-debug_DirectInstanceRawParam_jar-contents.stdout	fc15d4455024ee977b4d1922c14c180928c2138e1582c5adccbb1d8fe3953218
subprocess-logs/0501-jdk23_no-debug_DirectInstanceRawParam_original-javac.stderr	6d0055fa613fc7fc277efc859a67e566b8a0f51ab180da58f06fc254b12c2dc6
subprocess-logs/0501-jdk23_no-debug_DirectInstanceRawParam_original-javac.stdout	e3b0c44298fc1c149afbf4c8996fb92427ae41e4649b934ca495991b7852b855
subprocess-logs/0502-jdk23_no-debug_DirectInstanceRawParam_javap.stderr	e3b0c44298fc1c149afbf4c8996fb92427ae41e4649b934ca495991b7852b855
subprocess-logs/0502-jdk23_no-debug_DirectInstanceRawParam_javap.stdout	86b769b524ec33859cadd81aa8555413bab468a4f6c6fb443e23e3bcfd337a1b
subprocess-logs/0503-jdk23_no-debug_DirectInstanceRawParam_original-probe-javac.stderr	4f875b75f0bac1d971d8fc3ab19a64d5d92273f61235f2bb734eed34ab07458f
subprocess-logs/0503-jdk23_no-debug_DirectInstanceRawParam_original-probe-javac.stdout	e3b0c44298fc1c149afbf4c8996fb92427ae41e4649b934ca495991b7852b855
subprocess-logs/0504-jdk23_no-debug_DirectInstanceRawParam_original-run.stderr	e3b0c44298fc1c149afbf4c8996fb92427ae41e4649b934ca495991b7852b855
subprocess-logs/0504-jdk23_no-debug_DirectInstanceRawParam_original-run.stdout	9358c79b8f63417a168963e9dc02e1e1359ee5bda8614638bec755f01d5683be
subprocess-logs/0505-jdk23_no-debug_DirectInstanceRawParam_jarde-DirectInstanceRawParam.stderr	70bcea8aa4623e39c894aa805701c34ba42c28615b9c829db1ef58b4f37ec72d
subprocess-logs/0505-jdk23_no-debug_DirectInstanceRawParam_jarde-DirectInstanceRawParam.stdout	4a94736315b6eae244e0c86bd52673d4184206d783c03a281542fea7858efed2
subprocess-logs/0506-jdk23_no-debug_DirectInstanceRawParam_jarde-javac.stderr	dd055d54dbda4dcc22af08f725a7fe44d28676dca54047be32678d2c8d1bdb2b
subprocess-logs/0506-jdk23_no-debug_DirectInstanceRawParam_jarde-javac.stdout	e3b0c44298fc1c149afbf4c8996fb92427ae41e4649b934ca495991b7852b855
subprocess-logs/0507-jdk23_no-debug_DirectInstanceRawParam_jarde-verify-run.stderr	e3b0c44298fc1c149afbf4c8996fb92427ae41e4649b934ca495991b7852b855
subprocess-logs/0507-jdk23_no-debug_DirectInstanceRawParam_jarde-verify-run.stdout	9358c79b8f63417a168963e9dc02e1e1359ee5bda8614638bec755f01d5683be
subprocess-logs/0508-jdk23_no-debug_DirectInstanceRawParam_jadx.stderr	e3b0c44298fc1c149afbf4c8996fb92427ae41e4649b934ca495991b7852b855
subprocess-logs/0508-jdk23_no-debug_DirectInstanceRawParam_jadx.stdout	62f83dc83e8735d64e23f01c000f2dac3e6001a2c046960720ecdd918f0a11a9
subprocess-logs/0509-jdk23_no-debug_DirectInstanceRawParam_jadx-javac.stderr	53d74a3c4cd8c163e567e3011a67435fa22d335ceb17ba3e7fa4d88fef6dbd20
subprocess-logs/0509-jdk23_no-debug_DirectInstanceRawParam_jadx-javac.stdout	e3b0c44298fc1c149afbf4c8996fb92427ae41e4649b934ca495991b7852b855
subprocess-logs/0510-jdk23_no-debug_DirectInstanceRawParam_jadx-verify-run.stderr	e3b0c44298fc1c149afbf4c8996fb92427ae41e4649b934ca495991b7852b855
subprocess-logs/0510-jdk23_no-debug_DirectInstanceRawParam_jadx-verify-run.stdout	b3cda9506188b60dd9d215bc5efd1dafb315f344e7cea3910361ebe407f0cc9b
subprocess-logs/0511-jdk23_debug_WideRawParam_jar-contents.stderr	e3b0c44298fc1c149afbf4c8996fb92427ae41e4649b934ca495991b7852b855
subprocess-logs/0511-jdk23_debug_WideRawParam_jar-contents.stdout	c7b383a50ec45946ad9d59c86fa09aeb20831c235da656e4fb4c89f12a7bd588
subprocess-logs/0512-jdk23_debug_WideRawParam_original-javac.stderr	5984210921671ac4f716987bfb7b3a0587e0070a86c3537c51330e2be75448de
subprocess-logs/0512-jdk23_debug_WideRawParam_original-javac.stdout	e3b0c44298fc1c149afbf4c8996fb92427ae41e4649b934ca495991b7852b855
subprocess-logs/0513-jdk23_debug_WideRawParam_javap.stderr	e3b0c44298fc1c149afbf4c8996fb92427ae41e4649b934ca495991b7852b855
subprocess-logs/0513-jdk23_debug_WideRawParam_javap.stdout	32e088383eb2592a9d7024fdad617672d9dd852f63dc5c9f6c519674a14fbf1a
subprocess-logs/0514-jdk23_debug_WideRawParam_original-probe-javac.stderr	4f875b75f0bac1d971d8fc3ab19a64d5d92273f61235f2bb734eed34ab07458f
subprocess-logs/0514-jdk23_debug_WideRawParam_original-probe-javac.stdout	e3b0c44298fc1c149afbf4c8996fb92427ae41e4649b934ca495991b7852b855
subprocess-logs/0515-jdk23_debug_WideRawParam_original-run.stderr	e3b0c44298fc1c149afbf4c8996fb92427ae41e4649b934ca495991b7852b855
subprocess-logs/0515-jdk23_debug_WideRawParam_original-run.stdout	9b6ad934d85edae64408a458838c3e4654befd592a41b43cedf7710c2e9b1512
subprocess-logs/0516-jdk23_debug_WideRawParam_jarde-WideRawParam.stderr	5252825e194c34aba7ce3806cc5cce0108b410383c9c373c25a71a77a8d0d792
subprocess-logs/0516-jdk23_debug_WideRawParam_jarde-WideRawParam.stdout	a8c2366e3a709f7941c00dff72d5921e0b3e9772cd7195d3caf1094bb0a95be9
subprocess-logs/0517-jdk23_debug_WideRawParam_jarde-javac.stderr	8b455502fe374fe4f47b48aab18bf516d3dd5853dfbc94930e62b5894d5a2d78
subprocess-logs/0517-jdk23_debug_WideRawParam_jarde-javac.stdout	e3b0c44298fc1c149afbf4c8996fb92427ae41e4649b934ca495991b7852b855
subprocess-logs/0518-jdk23_debug_WideRawParam_jarde-verify-run.stderr	e3b0c44298fc1c149afbf4c8996fb92427ae41e4649b934ca495991b7852b855
subprocess-logs/0518-jdk23_debug_WideRawParam_jarde-verify-run.stdout	9b6ad934d85edae64408a458838c3e4654befd592a41b43cedf7710c2e9b1512
subprocess-logs/0519-jdk23_debug_WideRawParam_jadx.stderr	e3b0c44298fc1c149afbf4c8996fb92427ae41e4649b934ca495991b7852b855
subprocess-logs/0519-jdk23_debug_WideRawParam_jadx.stdout	4a682cba0be93aea4a87cd44cb68631c1783ad04469efb52a754e50aa86eb936
subprocess-logs/0520-jdk23_debug_WideRawParam_jadx-javac.stderr	40c4a82ec15898411de096d14b2cc7b2de220086ccb9a2525c43314aad8a8c99
subprocess-logs/0520-jdk23_debug_WideRawParam_jadx-javac.stdout	e3b0c44298fc1c149afbf4c8996fb92427ae41e4649b934ca495991b7852b855
subprocess-logs/0521-jdk23_debug_WideRawParam_jadx-verify-run.stderr	e3b0c44298fc1c149afbf4c8996fb92427ae41e4649b934ca495991b7852b855
subprocess-logs/0521-jdk23_debug_WideRawParam_jadx-verify-run.stdout	bb098a483d7226c3ef490fd7d5502cfaae0fa2dc00a248054971f81a95f5b14e
subprocess-logs/0522-jdk23_no-debug_WideRawParam_jar-contents.stderr	e3b0c44298fc1c149afbf4c8996fb92427ae41e4649b934ca495991b7852b855
subprocess-logs/0522-jdk23_no-debug_WideRawParam_jar-contents.stdout	c7b383a50ec45946ad9d59c86fa09aeb20831c235da656e4fb4c89f12a7bd588
subprocess-logs/0523-jdk23_no-debug_WideRawParam_original-javac.stderr	5984210921671ac4f716987bfb7b3a0587e0070a86c3537c51330e2be75448de
subprocess-logs/0523-jdk23_no-debug_WideRawParam_original-javac.stdout	e3b0c44298fc1c149afbf4c8996fb92427ae41e4649b934ca495991b7852b855
subprocess-logs/0524-jdk23_no-debug_WideRawParam_javap.stderr	e3b0c44298fc1c149afbf4c8996fb92427ae41e4649b934ca495991b7852b855
subprocess-logs/0524-jdk23_no-debug_WideRawParam_javap.stdout	8040f386f71de3028b172bcf3c865af0c91588114f3b077d990cb692bcaa77d8
subprocess-logs/0525-jdk23_no-debug_WideRawParam_original-probe-javac.stderr	4f875b75f0bac1d971d8fc3ab19a64d5d92273f61235f2bb734eed34ab07458f
subprocess-logs/0525-jdk23_no-debug_WideRawParam_original-probe-javac.stdout	e3b0c44298fc1c149afbf4c8996fb92427ae41e4649b934ca495991b7852b855
subprocess-logs/0526-jdk23_no-debug_WideRawParam_original-run.stderr	e3b0c44298fc1c149afbf4c8996fb92427ae41e4649b934ca495991b7852b855
subprocess-logs/0526-jdk23_no-debug_WideRawParam_original-run.stdout	9b6ad934d85edae64408a458838c3e4654befd592a41b43cedf7710c2e9b1512
subprocess-logs/0527-jdk23_no-debug_WideRawParam_jarde-WideRawParam.stderr	2a9584c591d7c03fa4c7e1eb4f8de604fad5fb1572f2f715a193eafedab8aaf6
subprocess-logs/0527-jdk23_no-debug_WideRawParam_jarde-WideRawParam.stdout	1fffb038dc24c28f794c348a356b25bf8f3cac2017e72733ba1b38208c722010
subprocess-logs/0528-jdk23_no-debug_WideRawParam_jarde-javac.stderr	d5abe4856939760256c1c0b56dbc4a0da68c18e3c3945a7b5294c6f10e8392ae
subprocess-logs/0528-jdk23_no-debug_WideRawParam_jarde-javac.stdout	e3b0c44298fc1c149afbf4c8996fb92427ae41e4649b934ca495991b7852b855
subprocess-logs/0529-jdk23_no-debug_WideRawParam_jarde-verify-run.stderr	e3b0c44298fc1c149afbf4c8996fb92427ae41e4649b934ca495991b7852b855
subprocess-logs/0529-jdk23_no-debug_WideRawParam_jarde-verify-run.stdout	9b6ad934d85edae64408a458838c3e4654befd592a41b43cedf7710c2e9b1512
subprocess-logs/0530-jdk23_no-debug_WideRawParam_jadx.stderr	e3b0c44298fc1c149afbf4c8996fb92427ae41e4649b934ca495991b7852b855
subprocess-logs/0530-jdk23_no-debug_WideRawParam_jadx.stdout	9d5d77cc8b7216e5c62b58afe44b8f8cfc8aacbbd144ef37aecfcbea1425002f
subprocess-logs/0531-jdk23_no-debug_WideRawParam_jadx-javac.stderr	1e2ab9590aa38344b59267a04aa69855bae521a8e8ccb6675e948d6b19354550
subprocess-logs/0531-jdk23_no-debug_WideRawParam_jadx-javac.stdout	e3b0c44298fc1c149afbf4c8996fb92427ae41e4649b934ca495991b7852b855
subprocess-logs/0532-jdk23_no-debug_WideRawParam_jadx-verify-run.stderr	e3b0c44298fc1c149afbf4c8996fb92427ae41e4649b934ca495991b7852b855
subprocess-logs/0532-jdk23_no-debug_WideRawParam_jadx-verify-run.stdout	bb098a483d7226c3ef490fd7d5502cfaae0fa2dc00a248054971f81a95f5b14e
subprocess-logs/0533-jdk23_debug_ArrayRawParam_jar-contents.stderr	e3b0c44298fc1c149afbf4c8996fb92427ae41e4649b934ca495991b7852b855
subprocess-logs/0533-jdk23_debug_ArrayRawParam_jar-contents.stdout	3158ddd8210c312dd495e4f4bed9c58b47a294ca772f97d51d89a67d7715ebc7
subprocess-logs/0534-jdk23_debug_ArrayRawParam_original-javac.stderr	0a4c58e120bd162e228f1d4f2607e9b5b7ee84ff22f1c569ac3088c3b45c6e8f
subprocess-logs/0534-jdk23_debug_ArrayRawParam_original-javac.stdout	e3b0c44298fc1c149afbf4c8996fb92427ae41e4649b934ca495991b7852b855
subprocess-logs/0535-jdk23_debug_ArrayRawParam_javap.stderr	e3b0c44298fc1c149afbf4c8996fb92427ae41e4649b934ca495991b7852b855
subprocess-logs/0535-jdk23_debug_ArrayRawParam_javap.stdout	545cc0ed9cd4ee5a3dfd9cd36bc2ea9f99b43a4f296001fa1ba87c4e70461483
subprocess-logs/0536-jdk23_debug_ArrayRawParam_original-probe-javac.stderr	4f875b75f0bac1d971d8fc3ab19a64d5d92273f61235f2bb734eed34ab07458f
subprocess-logs/0536-jdk23_debug_ArrayRawParam_original-probe-javac.stdout	e3b0c44298fc1c149afbf4c8996fb92427ae41e4649b934ca495991b7852b855
subprocess-logs/0537-jdk23_debug_ArrayRawParam_original-run.stderr	e3b0c44298fc1c149afbf4c8996fb92427ae41e4649b934ca495991b7852b855
subprocess-logs/0537-jdk23_debug_ArrayRawParam_original-run.stdout	d51f3b7d45328701a337bb2285770bcd1cf8f2179c66734c318010571e65ac8b
subprocess-logs/0538-jdk23_debug_ArrayRawParam_jarde-ArrayRawParam.stderr	0dfd9dc2fe9dc5247c82c7fc6d73fa28a18ca5814a2c7c4683038a2974bbb847
subprocess-logs/0538-jdk23_debug_ArrayRawParam_jarde-ArrayRawParam.stdout	c8c72849f11741a77f70b21b0436745c69e7f2e9d60ae7c7724adfd147a8faab
subprocess-logs/0539-jdk23_debug_ArrayRawParam_jarde-javac.stderr	6011bb6421a30c1fd3ce5baf9f1c2d5776cbb6ae0120abc78c9647df1d854400
subprocess-logs/0539-jdk23_debug_ArrayRawParam_jarde-javac.stdout	e3b0c44298fc1c149afbf4c8996fb92427ae41e4649b934ca495991b7852b855
subprocess-logs/0540-jdk23_debug_ArrayRawParam_jarde-verify-run.stderr	e3b0c44298fc1c149afbf4c8996fb92427ae41e4649b934ca495991b7852b855
subprocess-logs/0540-jdk23_debug_ArrayRawParam_jarde-verify-run.stdout	d51f3b7d45328701a337bb2285770bcd1cf8f2179c66734c318010571e65ac8b
subprocess-logs/0541-jdk23_debug_ArrayRawParam_jadx.stderr	e3b0c44298fc1c149afbf4c8996fb92427ae41e4649b934ca495991b7852b855
subprocess-logs/0541-jdk23_debug_ArrayRawParam_jadx.stdout	070ba1206c86b125f32ce4e6698a76372ee689adfa41f772e18362968139b5f6
subprocess-logs/0542-jdk23_debug_ArrayRawParam_jadx-javac.stderr	e83d4590972f586a6990d0202fa9641f9dc5803fde8bb09cc873668cab4edfa1
subprocess-logs/0542-jdk23_debug_ArrayRawParam_jadx-javac.stdout	e3b0c44298fc1c149afbf4c8996fb92427ae41e4649b934ca495991b7852b855
subprocess-logs/0543-jdk23_debug_ArrayRawParam_jadx-verify-run.stderr	e3b0c44298fc1c149afbf4c8996fb92427ae41e4649b934ca495991b7852b855
subprocess-logs/0543-jdk23_debug_ArrayRawParam_jadx-verify-run.stdout	65890eea8fe7c3065fbc2f644c7253d5354fdffeba56efc1a47107d7914063b6
subprocess-logs/0544-jdk23_no-debug_ArrayRawParam_jar-contents.stderr	e3b0c44298fc1c149afbf4c8996fb92427ae41e4649b934ca495991b7852b855
subprocess-logs/0544-jdk23_no-debug_ArrayRawParam_jar-contents.stdout	3158ddd8210c312dd495e4f4bed9c58b47a294ca772f97d51d89a67d7715ebc7
subprocess-logs/0545-jdk23_no-debug_ArrayRawParam_original-javac.stderr	0a4c58e120bd162e228f1d4f2607e9b5b7ee84ff22f1c569ac3088c3b45c6e8f
subprocess-logs/0545-jdk23_no-debug_ArrayRawParam_original-javac.stdout	e3b0c44298fc1c149afbf4c8996fb92427ae41e4649b934ca495991b7852b855
subprocess-logs/0546-jdk23_no-debug_ArrayRawParam_javap.stderr	e3b0c44298fc1c149afbf4c8996fb92427ae41e4649b934ca495991b7852b855
subprocess-logs/0546-jdk23_no-debug_ArrayRawParam_javap.stdout	76131af95db7c4c709ae0a1ac1f17e1941539e37fef78db6fe7c544ea40a3f77
subprocess-logs/0547-jdk23_no-debug_ArrayRawParam_original-probe-javac.stderr	4f875b75f0bac1d971d8fc3ab19a64d5d92273f61235f2bb734eed34ab07458f
subprocess-logs/0547-jdk23_no-debug_ArrayRawParam_original-probe-javac.stdout	e3b0c44298fc1c149afbf4c8996fb92427ae41e4649b934ca495991b7852b855
subprocess-logs/0548-jdk23_no-debug_ArrayRawParam_original-run.stderr	e3b0c44298fc1c149afbf4c8996fb92427ae41e4649b934ca495991b7852b855
subprocess-logs/0548-jdk23_no-debug_ArrayRawParam_original-run.stdout	d51f3b7d45328701a337bb2285770bcd1cf8f2179c66734c318010571e65ac8b
subprocess-logs/0549-jdk23_no-debug_ArrayRawParam_jarde-ArrayRawParam.stderr	433224fdf07a84a22b73621b2f90d902b3a985b507d2da7a06b8916a63ed1c4e
subprocess-logs/0549-jdk23_no-debug_ArrayRawParam_jarde-ArrayRawParam.stdout	6eca13086c3cca27c7ef5ed7c3ebc60b7bd9d8daada5cdd7d9c1eb80bf88c0bf
subprocess-logs/0550-jdk23_no-debug_ArrayRawParam_jarde-javac.stderr	52ce8071481d671f3cb05fd8012aec30fa1335dd0098d70e50a151ff21741258
subprocess-logs/0550-jdk23_no-debug_ArrayRawParam_jarde-javac.stdout	e3b0c44298fc1c149afbf4c8996fb92427ae41e4649b934ca495991b7852b855
subprocess-logs/0551-jdk23_no-debug_ArrayRawParam_jarde-verify-run.stderr	e3b0c44298fc1c149afbf4c8996fb92427ae41e4649b934ca495991b7852b855
subprocess-logs/0551-jdk23_no-debug_ArrayRawParam_jarde-verify-run.stdout	d51f3b7d45328701a337bb2285770bcd1cf8f2179c66734c318010571e65ac8b
subprocess-logs/0552-jdk23_no-debug_ArrayRawParam_jadx.stderr	e3b0c44298fc1c149afbf4c8996fb92427ae41e4649b934ca495991b7852b855
subprocess-logs/0552-jdk23_no-debug_ArrayRawParam_jadx.stdout	89b9fa7daf164003c6ca6b4173cdcbdbd8f9a57e4834f508d46a274bbcfbc7f9
subprocess-logs/0553-jdk23_no-debug_ArrayRawParam_jadx-javac.stderr	64339588c701491c7561538a1b2b06b06989bf0b45d3313d7f578f66a29c85b2
subprocess-logs/0553-jdk23_no-debug_ArrayRawParam_jadx-javac.stdout	e3b0c44298fc1c149afbf4c8996fb92427ae41e4649b934ca495991b7852b855
subprocess-logs/0554-jdk23_no-debug_ArrayRawParam_jadx-verify-run.stderr	e3b0c44298fc1c149afbf4c8996fb92427ae41e4649b934ca495991b7852b855
subprocess-logs/0554-jdk23_no-debug_ArrayRawParam_jadx-verify-run.stdout	65890eea8fe7c3065fbc2f644c7253d5354fdffeba56efc1a47107d7914063b6
subprocess-logs/0555-jdk23_debug_Array2DRawParam_jar-contents.stderr	e3b0c44298fc1c149afbf4c8996fb92427ae41e4649b934ca495991b7852b855
subprocess-logs/0555-jdk23_debug_Array2DRawParam_jar-contents.stdout	86b3231e464de56fb31cc21b9c23fd1d14d9545fe2f4454953b325583d420684
subprocess-logs/0556-jdk23_debug_Array2DRawParam_original-javac.stderr	f704b58cfd8f85c8131e8711005a0133d70940c91518cb202bb3b8cee38f43ea
subprocess-logs/0556-jdk23_debug_Array2DRawParam_original-javac.stdout	e3b0c44298fc1c149afbf4c8996fb92427ae41e4649b934ca495991b7852b855
subprocess-logs/0557-jdk23_debug_Array2DRawParam_javap.stderr	e3b0c44298fc1c149afbf4c8996fb92427ae41e4649b934ca495991b7852b855
subprocess-logs/0557-jdk23_debug_Array2DRawParam_javap.stdout	d3e7d59ed9de6427484423766e890742100e50539680c5500ba76a78e978aee4
subprocess-logs/0558-jdk23_debug_Array2DRawParam_original-probe-javac.stderr	4f875b75f0bac1d971d8fc3ab19a64d5d92273f61235f2bb734eed34ab07458f
subprocess-logs/0558-jdk23_debug_Array2DRawParam_original-probe-javac.stdout	e3b0c44298fc1c149afbf4c8996fb92427ae41e4649b934ca495991b7852b855
subprocess-logs/0559-jdk23_debug_Array2DRawParam_original-run.stderr	e3b0c44298fc1c149afbf4c8996fb92427ae41e4649b934ca495991b7852b855
subprocess-logs/0559-jdk23_debug_Array2DRawParam_original-run.stdout	f48a2d307b1f6c7abb8d91e7a8ed8a5ccc87d07c1114588c08ddfb0808240329
subprocess-logs/0560-jdk23_debug_Array2DRawParam_jarde-Array2DRawParam.stderr	b6c457ac00a05c4e62549a3d6336cc514f1d720ed72b9b59081a07de3cfd5ab0
subprocess-logs/0560-jdk23_debug_Array2DRawParam_jarde-Array2DRawParam.stdout	d4ba813f6f198eed97a53a5c193bca2f69698ce49b7a93aa69e279e7c27acb62
subprocess-logs/0561-jdk23_debug_Array2DRawParam_jarde-javac.stderr	4995e71d387b140eae3d099001dc4ed1029ee1aaee1f1574510ac1544b5c7e79
subprocess-logs/0561-jdk23_debug_Array2DRawParam_jarde-javac.stdout	e3b0c44298fc1c149afbf4c8996fb92427ae41e4649b934ca495991b7852b855
subprocess-logs/0562-jdk23_debug_Array2DRawParam_jarde-verify-run.stderr	e3b0c44298fc1c149afbf4c8996fb92427ae41e4649b934ca495991b7852b855
subprocess-logs/0562-jdk23_debug_Array2DRawParam_jarde-verify-run.stdout	f48a2d307b1f6c7abb8d91e7a8ed8a5ccc87d07c1114588c08ddfb0808240329
subprocess-logs/0563-jdk23_debug_Array2DRawParam_jadx.stderr	e3b0c44298fc1c149afbf4c8996fb92427ae41e4649b934ca495991b7852b855
subprocess-logs/0563-jdk23_debug_Array2DRawParam_jadx.stdout	a9ba3ff18e753a5e31af04a1b911e94047911db15f9f464865ffc27c4dc6f7ee
subprocess-logs/0564-jdk23_debug_Array2DRawParam_jadx-javac.stderr	ce2760320ad7c136f66f8024c5aa5776145cd6d1d5ce4354a00ec178a0de4080
subprocess-logs/0564-jdk23_debug_Array2DRawParam_jadx-javac.stdout	e3b0c44298fc1c149afbf4c8996fb92427ae41e4649b934ca495991b7852b855
subprocess-logs/0565-jdk23_debug_Array2DRawParam_jadx-verify-run.stderr	e3b0c44298fc1c149afbf4c8996fb92427ae41e4649b934ca495991b7852b855
subprocess-logs/0565-jdk23_debug_Array2DRawParam_jadx-verify-run.stdout	8a25af8b8504893fffac8c1872e3c93e85925b6aa0b3d9ff5f62750cee2ba267
subprocess-logs/0566-jdk23_no-debug_Array2DRawParam_jar-contents.stderr	e3b0c44298fc1c149afbf4c8996fb92427ae41e4649b934ca495991b7852b855
subprocess-logs/0566-jdk23_no-debug_Array2DRawParam_jar-contents.stdout	86b3231e464de56fb31cc21b9c23fd1d14d9545fe2f4454953b325583d420684
subprocess-logs/0567-jdk23_no-debug_Array2DRawParam_original-javac.stderr	f704b58cfd8f85c8131e8711005a0133d70940c91518cb202bb3b8cee38f43ea
subprocess-logs/0567-jdk23_no-debug_Array2DRawParam_original-javac.stdout	e3b0c44298fc1c149afbf4c8996fb92427ae41e4649b934ca495991b7852b855
subprocess-logs/0568-jdk23_no-debug_Array2DRawParam_javap.stderr	e3b0c44298fc1c149afbf4c8996fb92427ae41e4649b934ca495991b7852b855
subprocess-logs/0568-jdk23_no-debug_Array2DRawParam_javap.stdout	de0dd64fa34b565d95e66c3dd20304a0c61908e78e94815258d484d805894dee
subprocess-logs/0569-jdk23_no-debug_Array2DRawParam_original-probe-javac.stderr	4f875b75f0bac1d971d8fc3ab19a64d5d92273f61235f2bb734eed34ab07458f
subprocess-logs/0569-jdk23_no-debug_Array2DRawParam_original-probe-javac.stdout	e3b0c44298fc1c149afbf4c8996fb92427ae41e4649b934ca495991b7852b855
subprocess-logs/0570-jdk23_no-debug_Array2DRawParam_original-run.stderr	e3b0c44298fc1c149afbf4c8996fb92427ae41e4649b934ca495991b7852b855
subprocess-logs/0570-jdk23_no-debug_Array2DRawParam_original-run.stdout	f48a2d307b1f6c7abb8d91e7a8ed8a5ccc87d07c1114588c08ddfb0808240329
subprocess-logs/0571-jdk23_no-debug_Array2DRawParam_jarde-Array2DRawParam.stderr	486201881a19e8b214becad9efa76613dbd72e7e5643126fd8a716565d6e47e7
subprocess-logs/0571-jdk23_no-debug_Array2DRawParam_jarde-Array2DRawParam.stdout	84b51bbf39ee444117977442cc40e3d8c27a72fb65b6164c7b2fbdfcc4eae13c
subprocess-logs/0572-jdk23_no-debug_Array2DRawParam_jarde-javac.stderr	7d3cefce65644b5bcfa5017d69d4e275b5625eacc2857bd944acae906eb3913e
subprocess-logs/0572-jdk23_no-debug_Array2DRawParam_jarde-javac.stdout	e3b0c44298fc1c149afbf4c8996fb92427ae41e4649b934ca495991b7852b855
subprocess-logs/0573-jdk23_no-debug_Array2DRawParam_jarde-verify-run.stderr	e3b0c44298fc1c149afbf4c8996fb92427ae41e4649b934ca495991b7852b855
subprocess-logs/0573-jdk23_no-debug_Array2DRawParam_jarde-verify-run.stdout	f48a2d307b1f6c7abb8d91e7a8ed8a5ccc87d07c1114588c08ddfb0808240329
subprocess-logs/0574-jdk23_no-debug_Array2DRawParam_jadx.stderr	e3b0c44298fc1c149afbf4c8996fb92427ae41e4649b934ca495991b7852b855
subprocess-logs/0574-jdk23_no-debug_Array2DRawParam_jadx.stdout	0062f285ad502a2d093661b5012e13b84f5538d2b9b6b446b70479fd47b3fb8f
subprocess-logs/0575-jdk23_no-debug_Array2DRawParam_jadx-javac.stderr	0ec16224730c945aeebbe8572c167cd9546815e6410e982f936839660585b3a3
subprocess-logs/0575-jdk23_no-debug_Array2DRawParam_jadx-javac.stdout	e3b0c44298fc1c149afbf4c8996fb92427ae41e4649b934ca495991b7852b855
subprocess-logs/0576-jdk23_no-debug_Array2DRawParam_jadx-verify-run.stderr	e3b0c44298fc1c149afbf4c8996fb92427ae41e4649b934ca495991b7852b855
subprocess-logs/0576-jdk23_no-debug_Array2DRawParam_jadx-verify-run.stdout	8a25af8b8504893fffac8c1872e3c93e85925b6aa0b3d9ff5f62750cee2ba267
subprocess-logs/0577-jdk23_debug_PrimitiveArrayRawParam_jar-contents.stderr	e3b0c44298fc1c149afbf4c8996fb92427ae41e4649b934ca495991b7852b855
subprocess-logs/0577-jdk23_debug_PrimitiveArrayRawParam_jar-contents.stdout	91705ed612b1ad8f23b13ed6271590bfefda591510c739ce0052bb665848cb44
subprocess-logs/0578-jdk23_debug_PrimitiveArrayRawParam_original-javac.stderr	a12896d59d82efa0f427004e9962d3c51b7d1f01cc0115170859fd5011ab8ea4
subprocess-logs/0578-jdk23_debug_PrimitiveArrayRawParam_original-javac.stdout	e3b0c44298fc1c149afbf4c8996fb92427ae41e4649b934ca495991b7852b855
subprocess-logs/0579-jdk23_debug_PrimitiveArrayRawParam_javap.stderr	e3b0c44298fc1c149afbf4c8996fb92427ae41e4649b934ca495991b7852b855
subprocess-logs/0579-jdk23_debug_PrimitiveArrayRawParam_javap.stdout	0c5e9afe111852818d0ec9547e756192d3bc649e63e7c30af4a83cd8c15c5a88
subprocess-logs/0580-jdk23_debug_PrimitiveArrayRawParam_original-probe-javac.stderr	4f875b75f0bac1d971d8fc3ab19a64d5d92273f61235f2bb734eed34ab07458f
subprocess-logs/0580-jdk23_debug_PrimitiveArrayRawParam_original-probe-javac.stdout	e3b0c44298fc1c149afbf4c8996fb92427ae41e4649b934ca495991b7852b855
subprocess-logs/0581-jdk23_debug_PrimitiveArrayRawParam_original-run.stderr	e3b0c44298fc1c149afbf4c8996fb92427ae41e4649b934ca495991b7852b855
subprocess-logs/0581-jdk23_debug_PrimitiveArrayRawParam_original-run.stdout	e156798549dd3ab3c3eced5fadfdced0789f4ee0e3f65410c291f2c46434dfba
subprocess-logs/0582-jdk23_debug_PrimitiveArrayRawParam_jarde-PrimitiveArrayRawParam.stderr	b8989ff4ea3156f8485d0b82aec728cbde48526f4cde4418e3ac7524a6db58ea
subprocess-logs/0582-jdk23_debug_PrimitiveArrayRawParam_jarde-PrimitiveArrayRawParam.stdout	ca19f53923fbfb66917c75ea83f0d5053343cf8c6aa62b562778ef54d5028a26
subprocess-logs/0583-jdk23_debug_PrimitiveArrayRawParam_jarde-javac.stderr	9c3897a384221ccb6c4fd61abd1eded1d40a8c399e8702dd6546ea8f451675a8
subprocess-logs/0583-jdk23_debug_PrimitiveArrayRawParam_jarde-javac.stdout	e3b0c44298fc1c149afbf4c8996fb92427ae41e4649b934ca495991b7852b855
subprocess-logs/0584-jdk23_debug_PrimitiveArrayRawParam_jarde-verify-run.stderr	e3b0c44298fc1c149afbf4c8996fb92427ae41e4649b934ca495991b7852b855
subprocess-logs/0584-jdk23_debug_PrimitiveArrayRawParam_jarde-verify-run.stdout	e156798549dd3ab3c3eced5fadfdced0789f4ee0e3f65410c291f2c46434dfba
subprocess-logs/0585-jdk23_debug_PrimitiveArrayRawParam_jadx.stderr	e3b0c44298fc1c149afbf4c8996fb92427ae41e4649b934ca495991b7852b855
subprocess-logs/0585-jdk23_debug_PrimitiveArrayRawParam_jadx.stdout	8075fa3393fe591713a83a901118be9d369ab864424af6972523fbeebe57e3c5
subprocess-logs/0586-jdk23_debug_PrimitiveArrayRawParam_jadx-javac.stderr	7182d187b2b10a56f7467739fd768a902d2458920a3c0fa37eb27de604ef126e
subprocess-logs/0586-jdk23_debug_PrimitiveArrayRawParam_jadx-javac.stdout	e3b0c44298fc1c149afbf4c8996fb92427ae41e4649b934ca495991b7852b855
subprocess-logs/0587-jdk23_debug_PrimitiveArrayRawParam_jadx-verify-run.stderr	e3b0c44298fc1c149afbf4c8996fb92427ae41e4649b934ca495991b7852b855
subprocess-logs/0587-jdk23_debug_PrimitiveArrayRawParam_jadx-verify-run.stdout	8dbde5389e6da69a121d5ad297157ee52bcb682d49d75d8a4bc7844fd4d1d1e8
subprocess-logs/0588-jdk23_no-debug_PrimitiveArrayRawParam_jar-contents.stderr	e3b0c44298fc1c149afbf4c8996fb92427ae41e4649b934ca495991b7852b855
subprocess-logs/0588-jdk23_no-debug_PrimitiveArrayRawParam_jar-contents.stdout	91705ed612b1ad8f23b13ed6271590bfefda591510c739ce0052bb665848cb44
subprocess-logs/0589-jdk23_no-debug_PrimitiveArrayRawParam_original-javac.stderr	a12896d59d82efa0f427004e9962d3c51b7d1f01cc0115170859fd5011ab8ea4
subprocess-logs/0589-jdk23_no-debug_PrimitiveArrayRawParam_original-javac.stdout	e3b0c44298fc1c149afbf4c8996fb92427ae41e4649b934ca495991b7852b855
subprocess-logs/0590-jdk23_no-debug_PrimitiveArrayRawParam_javap.stderr	e3b0c44298fc1c149afbf4c8996fb92427ae41e4649b934ca495991b7852b855
subprocess-logs/0590-jdk23_no-debug_PrimitiveArrayRawParam_javap.stdout	46921aa1b278c7e676eeb72ee249cc5b9b5c6ce85a313d320faa4514e476c6ae
subprocess-logs/0591-jdk23_no-debug_PrimitiveArrayRawParam_original-probe-javac.stderr	4f875b75f0bac1d971d8fc3ab19a64d5d92273f61235f2bb734eed34ab07458f
subprocess-logs/0591-jdk23_no-debug_PrimitiveArrayRawParam_original-probe-javac.stdout	e3b0c44298fc1c149afbf4c8996fb92427ae41e4649b934ca495991b7852b855
subprocess-logs/0592-jdk23_no-debug_PrimitiveArrayRawParam_original-run.stderr	e3b0c44298fc1c149afbf4c8996fb92427ae41e4649b934ca495991b7852b855
subprocess-logs/0592-jdk23_no-debug_PrimitiveArrayRawParam_original-run.stdout	e156798549dd3ab3c3eced5fadfdced0789f4ee0e3f65410c291f2c46434dfba
subprocess-logs/0593-jdk23_no-debug_PrimitiveArrayRawParam_jarde-PrimitiveArrayRawParam.stderr	60c1613d06d620d8c76bce94461113658e7ebf84384e6148f0bda5a9da70dab7
subprocess-logs/0593-jdk23_no-debug_PrimitiveArrayRawParam_jarde-PrimitiveArrayRawParam.stdout	90298d00e9daee2bf9bea1ca50260dee0b170c49e8bc25e85ffbce8789fa2c77
subprocess-logs/0594-jdk23_no-debug_PrimitiveArrayRawParam_jarde-javac.stderr	e99a7c0cf82dd7fcb6234c8bffb46577a7237a1fb6229497aab6bcec5b03bd3b
subprocess-logs/0594-jdk23_no-debug_PrimitiveArrayRawParam_jarde-javac.stdout	e3b0c44298fc1c149afbf4c8996fb92427ae41e4649b934ca495991b7852b855
subprocess-logs/0595-jdk23_no-debug_PrimitiveArrayRawParam_jarde-verify-run.stderr	e3b0c44298fc1c149afbf4c8996fb92427ae41e4649b934ca495991b7852b855
subprocess-logs/0595-jdk23_no-debug_PrimitiveArrayRawParam_jarde-verify-run.stdout	e156798549dd3ab3c3eced5fadfdced0789f4ee0e3f65410c291f2c46434dfba
subprocess-logs/0596-jdk23_no-debug_PrimitiveArrayRawParam_jadx.stderr	e3b0c44298fc1c149afbf4c8996fb92427ae41e4649b934ca495991b7852b855
subprocess-logs/0596-jdk23_no-debug_PrimitiveArrayRawParam_jadx.stdout	5f1cbc9fcabb70339c94cc8c9eb4fecd302798740172c9ca62c2887997f9373e
subprocess-logs/0597-jdk23_no-debug_PrimitiveArrayRawParam_jadx-javac.stderr	ec40b3c80e4830fd3f7824c3fb9a12d47748150629a8fa4a847c3249e87fc532
subprocess-logs/0597-jdk23_no-debug_PrimitiveArrayRawParam_jadx-javac.stdout	e3b0c44298fc1c149afbf4c8996fb92427ae41e4649b934ca495991b7852b855
subprocess-logs/0598-jdk23_no-debug_PrimitiveArrayRawParam_jadx-verify-run.stderr	e3b0c44298fc1c149afbf4c8996fb92427ae41e4649b934ca495991b7852b855
subprocess-logs/0598-jdk23_no-debug_PrimitiveArrayRawParam_jadx-verify-run.stdout	8dbde5389e6da69a121d5ad297157ee52bcb682d49d75d8a4bc7844fd4d1d1e8
subprocess-logs/0599-jdk23_debug_BoundRawParam_jar-contents.stderr	e3b0c44298fc1c149afbf4c8996fb92427ae41e4649b934ca495991b7852b855
subprocess-logs/0599-jdk23_debug_BoundRawParam_jar-contents.stdout	075878ec5b85246aaaf568037703e8c8504af213c36e979109d2de5461da85a9
subprocess-logs/0600-jdk23_debug_BoundRawParam_original-javac.stderr	db505fdd45bd9b9efa124f9b88456aa2b6bde26402e63e4f8a6d13f0854698e2
subprocess-logs/0600-jdk23_debug_BoundRawParam_original-javac.stdout	e3b0c44298fc1c149afbf4c8996fb92427ae41e4649b934ca495991b7852b855
subprocess-logs/0601-jdk23_debug_BoundRawParam_javap.stderr	e3b0c44298fc1c149afbf4c8996fb92427ae41e4649b934ca495991b7852b855
subprocess-logs/0601-jdk23_debug_BoundRawParam_javap.stdout	a9cc48530178948b0ef2522222ee87f6fa4b18a9562c438d23c2d4df0f163cec
subprocess-logs/0602-jdk23_debug_BoundRawParam_original-probe-javac.stderr	4f875b75f0bac1d971d8fc3ab19a64d5d92273f61235f2bb734eed34ab07458f
subprocess-logs/0602-jdk23_debug_BoundRawParam_original-probe-javac.stdout	e3b0c44298fc1c149afbf4c8996fb92427ae41e4649b934ca495991b7852b855
subprocess-logs/0603-jdk23_debug_BoundRawParam_original-run.stderr	e3b0c44298fc1c149afbf4c8996fb92427ae41e4649b934ca495991b7852b855
subprocess-logs/0603-jdk23_debug_BoundRawParam_original-run.stdout	0c5cb2a465e5db671d09e57d82dc7d2279cee6ef898da3154a4cac90f5c80de8
subprocess-logs/0604-jdk23_debug_BoundRawParam_jarde-BoundRawParam.stderr	c2ea28f242b74803f6e90945942f861f48537f2cbfa91fcdeae202fa4a44aba2
subprocess-logs/0604-jdk23_debug_BoundRawParam_jarde-BoundRawParam.stdout	6780b9df7fd79af1b6d8e0acb289d0257a77eaa548101c8cfe3fdc3911d66eac
subprocess-logs/0605-jdk23_debug_BoundRawParam_jarde-javac.stderr	bf4e35659989b4e9b6f5c6bf9271e430ae69d76bc25a5cb07b0dc5cbea7d4e9b
subprocess-logs/0605-jdk23_debug_BoundRawParam_jarde-javac.stdout	e3b0c44298fc1c149afbf4c8996fb92427ae41e4649b934ca495991b7852b855
subprocess-logs/0606-jdk23_debug_BoundRawParam_jarde-verify-run.stderr	e3b0c44298fc1c149afbf4c8996fb92427ae41e4649b934ca495991b7852b855
subprocess-logs/0606-jdk23_debug_BoundRawParam_jarde-verify-run.stdout	0c5cb2a465e5db671d09e57d82dc7d2279cee6ef898da3154a4cac90f5c80de8
subprocess-logs/0607-jdk23_debug_BoundRawParam_jadx.stderr	e3b0c44298fc1c149afbf4c8996fb92427ae41e4649b934ca495991b7852b855
subprocess-logs/0607-jdk23_debug_BoundRawParam_jadx.stdout	7760043b1ba12bd7c4f848661b551cf8a0869683e71143a5f64198a1971cda5a
subprocess-logs/0608-jdk23_debug_BoundRawParam_jadx-javac.stderr	adc1931dd77c43a23080ffeabce9f31c860f507e2fd818aa1a7e6c21bc799614
subprocess-logs/0608-jdk23_debug_BoundRawParam_jadx-javac.stdout	e3b0c44298fc1c149afbf4c8996fb92427ae41e4649b934ca495991b7852b855
subprocess-logs/0609-jdk23_debug_BoundRawParam_jadx-verify-run.stderr	e3b0c44298fc1c149afbf4c8996fb92427ae41e4649b934ca495991b7852b855
subprocess-logs/0609-jdk23_debug_BoundRawParam_jadx-verify-run.stdout	bdeb71e6ccb9da375831745c55c6fa5137fd29b7007948eecaea74516d6991ca
subprocess-logs/0610-jdk23_no-debug_BoundRawParam_jar-contents.stderr	e3b0c44298fc1c149afbf4c8996fb92427ae41e4649b934ca495991b7852b855
subprocess-logs/0610-jdk23_no-debug_BoundRawParam_jar-contents.stdout	075878ec5b85246aaaf568037703e8c8504af213c36e979109d2de5461da85a9
subprocess-logs/0611-jdk23_no-debug_BoundRawParam_original-javac.stderr	db505fdd45bd9b9efa124f9b88456aa2b6bde26402e63e4f8a6d13f0854698e2
subprocess-logs/0611-jdk23_no-debug_BoundRawParam_original-javac.stdout	e3b0c44298fc1c149afbf4c8996fb92427ae41e4649b934ca495991b7852b855
subprocess-logs/0612-jdk23_no-debug_BoundRawParam_javap.stderr	e3b0c44298fc1c149afbf4c8996fb92427ae41e4649b934ca495991b7852b855
subprocess-logs/0612-jdk23_no-debug_BoundRawParam_javap.stdout	a5cc3eb82c80f8280fbc27eb671f298f44ad55c18b51ebd9fb1b1dfee515319e
subprocess-logs/0613-jdk23_no-debug_BoundRawParam_original-probe-javac.stderr	4f875b75f0bac1d971d8fc3ab19a64d5d92273f61235f2bb734eed34ab07458f
subprocess-logs/0613-jdk23_no-debug_BoundRawParam_original-probe-javac.stdout	e3b0c44298fc1c149afbf4c8996fb92427ae41e4649b934ca495991b7852b855
subprocess-logs/0614-jdk23_no-debug_BoundRawParam_original-run.stderr	e3b0c44298fc1c149afbf4c8996fb92427ae41e4649b934ca495991b7852b855
subprocess-logs/0614-jdk23_no-debug_BoundRawParam_original-run.stdout	0c5cb2a465e5db671d09e57d82dc7d2279cee6ef898da3154a4cac90f5c80de8
subprocess-logs/0615-jdk23_no-debug_BoundRawParam_jarde-BoundRawParam.stderr	fc828cb3291ffbe352b2646a87b4867a7f00e8ae7b0f64b1535195a41f98e6e8
subprocess-logs/0615-jdk23_no-debug_BoundRawParam_jarde-BoundRawParam.stdout	81ee814aa442d16bedb0f72f370830c16ee2069d4e84754453ae15445e258294
subprocess-logs/0616-jdk23_no-debug_BoundRawParam_jarde-javac.stderr	398e931a38a3a6133c329524b2decfdfeb71512c4d48a6f8a475189f650d588c
subprocess-logs/0616-jdk23_no-debug_BoundRawParam_jarde-javac.stdout	e3b0c44298fc1c149afbf4c8996fb92427ae41e4649b934ca495991b7852b855
subprocess-logs/0617-jdk23_no-debug_BoundRawParam_jarde-verify-run.stderr	e3b0c44298fc1c149afbf4c8996fb92427ae41e4649b934ca495991b7852b855
subprocess-logs/0617-jdk23_no-debug_BoundRawParam_jarde-verify-run.stdout	0c5cb2a465e5db671d09e57d82dc7d2279cee6ef898da3154a4cac90f5c80de8
subprocess-logs/0618-jdk23_no-debug_BoundRawParam_jadx.stderr	e3b0c44298fc1c149afbf4c8996fb92427ae41e4649b934ca495991b7852b855
subprocess-logs/0618-jdk23_no-debug_BoundRawParam_jadx.stdout	09dd32ce3f6df1e501fb45e5ef26684f8f27ece048fa51ec05aa3530f541221d
subprocess-logs/0619-jdk23_no-debug_BoundRawParam_jadx-javac.stderr	4d9140b1f77e26f78acab3d40ee37cb3d2af2a52402ef8979ea93ab86da9b4a5
subprocess-logs/0619-jdk23_no-debug_BoundRawParam_jadx-javac.stdout	e3b0c44298fc1c149afbf4c8996fb92427ae41e4649b934ca495991b7852b855
subprocess-logs/0620-jdk23_no-debug_BoundRawParam_jadx-verify-run.stderr	e3b0c44298fc1c149afbf4c8996fb92427ae41e4649b934ca495991b7852b855
subprocess-logs/0620-jdk23_no-debug_BoundRawParam_jadx-verify-run.stdout	bdeb71e6ccb9da375831745c55c6fa5137fd29b7007948eecaea74516d6991ca
subprocess-logs/0621-jdk23_debug_NullRawParam_jar-contents.stderr	e3b0c44298fc1c149afbf4c8996fb92427ae41e4649b934ca495991b7852b855
subprocess-logs/0621-jdk23_debug_NullRawParam_jar-contents.stdout	ec9be3c8fc3cd99b67f4aaee4928989735f2768aa23a4b40308f2268d7274f2c
subprocess-logs/0622-jdk23_debug_NullRawParam_original-javac.stderr	142ae31f012f7500c2f9d50ec9a449f19686005826733b6f6a03739e3c7bbfb9
subprocess-logs/0622-jdk23_debug_NullRawParam_original-javac.stdout	e3b0c44298fc1c149afbf4c8996fb92427ae41e4649b934ca495991b7852b855
subprocess-logs/0623-jdk23_debug_NullRawParam_javap.stderr	e3b0c44298fc1c149afbf4c8996fb92427ae41e4649b934ca495991b7852b855
subprocess-logs/0623-jdk23_debug_NullRawParam_javap.stdout	24639551a84c9f092e03155ca19a00ce4785ab1a0c04ee008338724e5e688749
subprocess-logs/0624-jdk23_debug_NullRawParam_original-probe-javac.stderr	4f875b75f0bac1d971d8fc3ab19a64d5d92273f61235f2bb734eed34ab07458f
subprocess-logs/0624-jdk23_debug_NullRawParam_original-probe-javac.stdout	e3b0c44298fc1c149afbf4c8996fb92427ae41e4649b934ca495991b7852b855
subprocess-logs/0625-jdk23_debug_NullRawParam_original-run.stderr	e3b0c44298fc1c149afbf4c8996fb92427ae41e4649b934ca495991b7852b855
subprocess-logs/0625-jdk23_debug_NullRawParam_original-run.stdout	99432d5aa83e97874597f1a0fde12c2a963ce4099787ae00fd33faff35b18418
subprocess-logs/0626-jdk23_debug_NullRawParam_jarde-NullRawParam.stderr	44265c3ef731c5a8c239e6eb985e368dae4f5b23e84ff330c97e85f06d24e1c7
subprocess-logs/0626-jdk23_debug_NullRawParam_jarde-NullRawParam.stdout	f60daa335370ba4b9535a79d8a6039e957fde7f7fbf1179b722b7dff8c1bb168
subprocess-logs/0627-jdk23_debug_NullRawParam_jarde-javac.stderr	3070a4deb08deb3fa0cfad7cb0cd8e23a30ca9ea2377a635a57b9c7b65e36952
subprocess-logs/0627-jdk23_debug_NullRawParam_jarde-javac.stdout	e3b0c44298fc1c149afbf4c8996fb92427ae41e4649b934ca495991b7852b855
subprocess-logs/0628-jdk23_debug_NullRawParam_jarde-verify-run.stderr	e3b0c44298fc1c149afbf4c8996fb92427ae41e4649b934ca495991b7852b855
subprocess-logs/0628-jdk23_debug_NullRawParam_jarde-verify-run.stdout	99432d5aa83e97874597f1a0fde12c2a963ce4099787ae00fd33faff35b18418
subprocess-logs/0629-jdk23_debug_NullRawParam_jadx.stderr	e3b0c44298fc1c149afbf4c8996fb92427ae41e4649b934ca495991b7852b855
subprocess-logs/0629-jdk23_debug_NullRawParam_jadx.stdout	514823cfffb62a4e6d1046231ef1a4141da5bfc87b1187c44598b00b874d05ee
subprocess-logs/0630-jdk23_debug_NullRawParam_jadx-javac.stderr	343ef3d9713a0017c8aca3b8d360120a73768c35b4990c97775ea280626b7843
subprocess-logs/0630-jdk23_debug_NullRawParam_jadx-javac.stdout	e3b0c44298fc1c149afbf4c8996fb92427ae41e4649b934ca495991b7852b855
subprocess-logs/0631-jdk23_debug_NullRawParam_jadx-verify-run.stderr	e3b0c44298fc1c149afbf4c8996fb92427ae41e4649b934ca495991b7852b855
subprocess-logs/0631-jdk23_debug_NullRawParam_jadx-verify-run.stdout	f4e759450c3306919076b843e677ebd4315a206a7a08c607258e8ee49a6eb720
subprocess-logs/0632-jdk23_no-debug_NullRawParam_jar-contents.stderr	e3b0c44298fc1c149afbf4c8996fb92427ae41e4649b934ca495991b7852b855
subprocess-logs/0632-jdk23_no-debug_NullRawParam_jar-contents.stdout	ec9be3c8fc3cd99b67f4aaee4928989735f2768aa23a4b40308f2268d7274f2c
subprocess-logs/0633-jdk23_no-debug_NullRawParam_original-javac.stderr	142ae31f012f7500c2f9d50ec9a449f19686005826733b6f6a03739e3c7bbfb9
subprocess-logs/0633-jdk23_no-debug_NullRawParam_original-javac.stdout	e3b0c44298fc1c149afbf4c8996fb92427ae41e4649b934ca495991b7852b855
subprocess-logs/0634-jdk23_no-debug_NullRawParam_javap.stderr	e3b0c44298fc1c149afbf4c8996fb92427ae41e4649b934ca495991b7852b855
subprocess-logs/0634-jdk23_no-debug_NullRawParam_javap.stdout	3da7f16383956fcfba0362b07d0397c4521642a0129cb1d11a6d5b0794734e43
subprocess-logs/0635-jdk23_no-debug_NullRawParam_original-probe-javac.stderr	4f875b75f0bac1d971d8fc3ab19a64d5d92273f61235f2bb734eed34ab07458f
subprocess-logs/0635-jdk23_no-debug_NullRawParam_original-probe-javac.stdout	e3b0c44298fc1c149afbf4c8996fb92427ae41e4649b934ca495991b7852b855
subprocess-logs/0636-jdk23_no-debug_NullRawParam_original-run.stderr	e3b0c44298fc1c149afbf4c8996fb92427ae41e4649b934ca495991b7852b855
subprocess-logs/0636-jdk23_no-debug_NullRawParam_original-run.stdout	99432d5aa83e97874597f1a0fde12c2a963ce4099787ae00fd33faff35b18418
subprocess-logs/0637-jdk23_no-debug_NullRawParam_jarde-NullRawParam.stderr	16a236d514ebcc02d03caef5d1073742b56bc3f0076b173c47736e54182e9b2c
subprocess-logs/0637-jdk23_no-debug_NullRawParam_jarde-NullRawParam.stdout	d68300b3bdd64dc0a1769de4c77a88e3eebccc14b47a17dc3e1ee4f8165ca2e2
subprocess-logs/0638-jdk23_no-debug_NullRawParam_jarde-javac.stderr	7d01de69ed57978bbec61f9bcfe98823fc7315f119bb5834eb04674dd6f5e810
subprocess-logs/0638-jdk23_no-debug_NullRawParam_jarde-javac.stdout	e3b0c44298fc1c149afbf4c8996fb92427ae41e4649b934ca495991b7852b855
subprocess-logs/0639-jdk23_no-debug_NullRawParam_jarde-verify-run.stderr	e3b0c44298fc1c149afbf4c8996fb92427ae41e4649b934ca495991b7852b855
subprocess-logs/0639-jdk23_no-debug_NullRawParam_jarde-verify-run.stdout	99432d5aa83e97874597f1a0fde12c2a963ce4099787ae00fd33faff35b18418
subprocess-logs/0640-jdk23_no-debug_NullRawParam_jadx.stderr	e3b0c44298fc1c149afbf4c8996fb92427ae41e4649b934ca495991b7852b855
subprocess-logs/0640-jdk23_no-debug_NullRawParam_jadx.stdout	c931c6f96acdabef89d800704df549076cc91d9db5600ddebf885c47070257d2
subprocess-logs/0641-jdk23_no-debug_NullRawParam_jadx-javac.stderr	1111d8b7f37802c4b95d09ea9f52cd95e8dde8db761ceed5553fca24de3d3ec7
subprocess-logs/0641-jdk23_no-debug_NullRawParam_jadx-javac.stdout	e3b0c44298fc1c149afbf4c8996fb92427ae41e4649b934ca495991b7852b855
subprocess-logs/0642-jdk23_no-debug_NullRawParam_jadx-verify-run.stderr	e3b0c44298fc1c149afbf4c8996fb92427ae41e4649b934ca495991b7852b855
subprocess-logs/0642-jdk23_no-debug_NullRawParam_jadx-verify-run.stdout	f4e759450c3306919076b843e677ebd4315a206a7a08c607258e8ee49a6eb720
subprocess-logs/0643-jdk23_debug_RetainedAliasRawParam_jar-contents.stderr	e3b0c44298fc1c149afbf4c8996fb92427ae41e4649b934ca495991b7852b855
subprocess-logs/0643-jdk23_debug_RetainedAliasRawParam_jar-contents.stdout	a1985b9d7beb306cabb087220b328de3b90ea1632d23bad706a4d4d2071ef201
subprocess-logs/0644-jdk23_debug_RetainedAliasRawParam_original-javac.stderr	f3d54802be68d3a5ea5882fb6e1cc05904d541ecebc1b395c733ff97352fa0eb
subprocess-logs/0644-jdk23_debug_RetainedAliasRawParam_original-javac.stdout	e3b0c44298fc1c149afbf4c8996fb92427ae41e4649b934ca495991b7852b855
subprocess-logs/0645-jdk23_debug_RetainedAliasRawParam_javap.stderr	e3b0c44298fc1c149afbf4c8996fb92427ae41e4649b934ca495991b7852b855
subprocess-logs/0645-jdk23_debug_RetainedAliasRawParam_javap.stdout	52f1a5e1188002499119033efef31c9651210558f5418d43808f7d80148d4ac7
subprocess-logs/0646-jdk23_debug_RetainedAliasRawParam_original-probe-javac.stderr	4f875b75f0bac1d971d8fc3ab19a64d5d92273f61235f2bb734eed34ab07458f
subprocess-logs/0646-jdk23_debug_RetainedAliasRawParam_original-probe-javac.stdout	e3b0c44298fc1c149afbf4c8996fb92427ae41e4649b934ca495991b7852b855
subprocess-logs/0647-jdk23_debug_RetainedAliasRawParam_original-run.stderr	e3b0c44298fc1c149afbf4c8996fb92427ae41e4649b934ca495991b7852b855
subprocess-logs/0647-jdk23_debug_RetainedAliasRawParam_original-run.stdout	587147b6fcdb6f90959b73653be0302d121556b4c0626fb20a88ff47291ce8ff
subprocess-logs/0648-jdk23_debug_RetainedAliasRawParam_jarde-RetainedAliasRawParam.stderr	d1886f6db8dca5f9048d9651fdd63d69a91ca992e6ae834e0549189ef72ee35e
subprocess-logs/0648-jdk23_debug_RetainedAliasRawParam_jarde-RetainedAliasRawParam.stdout	67c03164c7f4c286881d760c247bdc8ed73c851a4377db2751830cc607eb3f89
subprocess-logs/0649-jdk23_debug_RetainedAliasRawParam_jarde-javac.stderr	cf825b993c8bb9e07058b6647ab10cbb9876073b6ff0ae63cf30c19c279eaa5f
subprocess-logs/0649-jdk23_debug_RetainedAliasRawParam_jarde-javac.stdout	e3b0c44298fc1c149afbf4c8996fb92427ae41e4649b934ca495991b7852b855
subprocess-logs/0650-jdk23_debug_RetainedAliasRawParam_jarde-verify-run.stderr	e3b0c44298fc1c149afbf4c8996fb92427ae41e4649b934ca495991b7852b855
subprocess-logs/0650-jdk23_debug_RetainedAliasRawParam_jarde-verify-run.stdout	587147b6fcdb6f90959b73653be0302d121556b4c0626fb20a88ff47291ce8ff
subprocess-logs/0651-jdk23_debug_RetainedAliasRawParam_jadx.stderr	e3b0c44298fc1c149afbf4c8996fb92427ae41e4649b934ca495991b7852b855
subprocess-logs/0651-jdk23_debug_RetainedAliasRawParam_jadx.stdout	64800ea86636a60562a30263453a95ea192ab6c57ae283c4689cd021b089a5c5
subprocess-logs/0652-jdk23_debug_RetainedAliasRawParam_jadx-javac.stderr	d3670dfef3fa4ce42b631b832608cff33ad9170026984f3f3f78b902091ad62a
subprocess-logs/0652-jdk23_debug_RetainedAliasRawParam_jadx-javac.stdout	e3b0c44298fc1c149afbf4c8996fb92427ae41e4649b934ca495991b7852b855
subprocess-logs/0653-jdk23_debug_RetainedAliasRawParam_jadx-verify-run.stderr	e3b0c44298fc1c149afbf4c8996fb92427ae41e4649b934ca495991b7852b855
subprocess-logs/0653-jdk23_debug_RetainedAliasRawParam_jadx-verify-run.stdout	f92fd71052669f4c2419e8516949617f14ee858caeb232d80d63117f41ea2d94
subprocess-logs/0654-jdk23_no-debug_RetainedAliasRawParam_jar-contents.stderr	e3b0c44298fc1c149afbf4c8996fb92427ae41e4649b934ca495991b7852b855
subprocess-logs/0654-jdk23_no-debug_RetainedAliasRawParam_jar-contents.stdout	a1985b9d7beb306cabb087220b328de3b90ea1632d23bad706a4d4d2071ef201
subprocess-logs/0655-jdk23_no-debug_RetainedAliasRawParam_original-javac.stderr	f3d54802be68d3a5ea5882fb6e1cc05904d541ecebc1b395c733ff97352fa0eb
subprocess-logs/0655-jdk23_no-debug_RetainedAliasRawParam_original-javac.stdout	e3b0c44298fc1c149afbf4c8996fb92427ae41e4649b934ca495991b7852b855
subprocess-logs/0656-jdk23_no-debug_RetainedAliasRawParam_javap.stderr	e3b0c44298fc1c149afbf4c8996fb92427ae41e4649b934ca495991b7852b855
subprocess-logs/0656-jdk23_no-debug_RetainedAliasRawParam_javap.stdout	62fc5ac7f72922c89480e5a834531e8f83800794857777d7708557259feddc97
subprocess-logs/0657-jdk23_no-debug_RetainedAliasRawParam_original-probe-javac.stderr	4f875b75f0bac1d971d8fc3ab19a64d5d92273f61235f2bb734eed34ab07458f
subprocess-logs/0657-jdk23_no-debug_RetainedAliasRawParam_original-probe-javac.stdout	e3b0c44298fc1c149afbf4c8996fb92427ae41e4649b934ca495991b7852b855
subprocess-logs/0658-jdk23_no-debug_RetainedAliasRawParam_original-run.stderr	e3b0c44298fc1c149afbf4c8996fb92427ae41e4649b934ca495991b7852b855
subprocess-logs/0658-jdk23_no-debug_RetainedAliasRawParam_original-run.stdout	587147b6fcdb6f90959b73653be0302d121556b4c0626fb20a88ff47291ce8ff
subprocess-logs/0659-jdk23_no-debug_RetainedAliasRawParam_jarde-RetainedAliasRawParam.stderr	731dccceb4a589f890e2dcce44a1ff47e6ad258ad95b2189d0b30eaf9052b293
subprocess-logs/0659-jdk23_no-debug_RetainedAliasRawParam_jarde-RetainedAliasRawParam.stdout	e3536151d6425f7cf9e601be73cd6fccdb94be39c2157ee6ae0f84a8c7d364e5
subprocess-logs/0660-jdk23_no-debug_RetainedAliasRawParam_jarde-javac.stderr	7a75fe6e305b967935f847d2b44a6b946380c73635bc422a1e72c3b7a71f5de4
subprocess-logs/0660-jdk23_no-debug_RetainedAliasRawParam_jarde-javac.stdout	e3b0c44298fc1c149afbf4c8996fb92427ae41e4649b934ca495991b7852b855
subprocess-logs/0661-jdk23_no-debug_RetainedAliasRawParam_jarde-verify-run.stderr	e3b0c44298fc1c149afbf4c8996fb92427ae41e4649b934ca495991b7852b855
subprocess-logs/0661-jdk23_no-debug_RetainedAliasRawParam_jarde-verify-run.stdout	587147b6fcdb6f90959b73653be0302d121556b4c0626fb20a88ff47291ce8ff
subprocess-logs/0662-jdk23_no-debug_RetainedAliasRawParam_jadx.stderr	e3b0c44298fc1c149afbf4c8996fb92427ae41e4649b934ca495991b7852b855
subprocess-logs/0662-jdk23_no-debug_RetainedAliasRawParam_jadx.stdout	f59fa2cdf8bf79771381fc37169909a7f74cdb7e684d0e2b7916b960b948c607
subprocess-logs/0663-jdk23_no-debug_RetainedAliasRawParam_jadx-javac.stderr	8df36857c6fa38c268a5786603cd3a885728b6cd928ab2e7d452f8e2282d26ac
subprocess-logs/0663-jdk23_no-debug_RetainedAliasRawParam_jadx-javac.stdout	e3b0c44298fc1c149afbf4c8996fb92427ae41e4649b934ca495991b7852b855
subprocess-logs/0664-jdk23_no-debug_RetainedAliasRawParam_jadx-verify-run.stderr	e3b0c44298fc1c149afbf4c8996fb92427ae41e4649b934ca495991b7852b855
subprocess-logs/0664-jdk23_no-debug_RetainedAliasRawParam_jadx-verify-run.stdout	f92fd71052669f4c2419e8516949617f14ee858caeb232d80d63117f41ea2d94
subprocess-logs/0665-jdk23_debug_MultiFormalRawParam_jar-contents.stderr	e3b0c44298fc1c149afbf4c8996fb92427ae41e4649b934ca495991b7852b855
subprocess-logs/0665-jdk23_debug_MultiFormalRawParam_jar-contents.stdout	4bc05ecbba4968bacfc686b7e4b7523216b1c1705eac9aef254aaff653bf7e55
subprocess-logs/0666-jdk23_debug_MultiFormalRawParam_original-javac.stderr	1bf9910e61d8cb783de3e626bfbf32d9f68db8362067c4351c9e3b064f561a4e
subprocess-logs/0666-jdk23_debug_MultiFormalRawParam_original-javac.stdout	e3b0c44298fc1c149afbf4c8996fb92427ae41e4649b934ca495991b7852b855
subprocess-logs/0667-jdk23_debug_MultiFormalRawParam_javap.stderr	e3b0c44298fc1c149afbf4c8996fb92427ae41e4649b934ca495991b7852b855
subprocess-logs/0667-jdk23_debug_MultiFormalRawParam_javap.stdout	c0f896241d7a15ce2877ce98de100e669f49b4bece1511ba65c16a2fa4ce30e8
subprocess-logs/0668-jdk23_debug_MultiFormalRawParam_original-probe-javac.stderr	4f875b75f0bac1d971d8fc3ab19a64d5d92273f61235f2bb734eed34ab07458f
subprocess-logs/0668-jdk23_debug_MultiFormalRawParam_original-probe-javac.stdout	e3b0c44298fc1c149afbf4c8996fb92427ae41e4649b934ca495991b7852b855
subprocess-logs/0669-jdk23_debug_MultiFormalRawParam_original-run.stderr	e3b0c44298fc1c149afbf4c8996fb92427ae41e4649b934ca495991b7852b855
subprocess-logs/0669-jdk23_debug_MultiFormalRawParam_original-run.stdout	6d16de1512a82cf13a56f94903001249dbfdb1ab81b29b817616448334e1d0c4
subprocess-logs/0670-jdk23_debug_MultiFormalRawParam_jarde-MultiFormalRawParam.stderr	f3399bd1ebcae2303b9be3bd99d1a58091096cbdd307441a7c3e15713d236b8c
subprocess-logs/0670-jdk23_debug_MultiFormalRawParam_jarde-MultiFormalRawParam.stdout	fc2962c0aac9ec98ea86aa50ec132f77514a683ba76d7c329493e954bce56e48
subprocess-logs/0671-jdk23_debug_MultiFormalRawParam_jarde-javac.stderr	367ee3f938506696274e68fd1b13fc59741fc19c1b0e0d621434110549dc8f7d
subprocess-logs/0671-jdk23_debug_MultiFormalRawParam_jarde-javac.stdout	e3b0c44298fc1c149afbf4c8996fb92427ae41e4649b934ca495991b7852b855
subprocess-logs/0672-jdk23_debug_MultiFormalRawParam_jarde-verify-run.stderr	e3b0c44298fc1c149afbf4c8996fb92427ae41e4649b934ca495991b7852b855
subprocess-logs/0672-jdk23_debug_MultiFormalRawParam_jarde-verify-run.stdout	8bc5d0b9f7ed8f8820c0a056a24f74615b3e6104dd1ccada41aee9975df41485
subprocess-logs/0673-jdk23_debug_MultiFormalRawParam_jadx.stderr	e3b0c44298fc1c149afbf4c8996fb92427ae41e4649b934ca495991b7852b855
subprocess-logs/0673-jdk23_debug_MultiFormalRawParam_jadx.stdout	773a80abf69ded3b2fd29b625c2444cb1d5995cd5e94cb78ef411f8fabe85373
subprocess-logs/0674-jdk23_debug_MultiFormalRawParam_jadx-javac.stderr	5f3001f1d6bdd40fb322f3c821b31662c4f13d5f21d6ab06c7c58a4f6bc3663f
subprocess-logs/0674-jdk23_debug_MultiFormalRawParam_jadx-javac.stdout	e3b0c44298fc1c149afbf4c8996fb92427ae41e4649b934ca495991b7852b855
subprocess-logs/0675-jdk23_debug_MultiFormalRawParam_jadx-verify-run.stderr	e3b0c44298fc1c149afbf4c8996fb92427ae41e4649b934ca495991b7852b855
subprocess-logs/0675-jdk23_debug_MultiFormalRawParam_jadx-verify-run.stdout	8d284d37fb44425659f63776c8f684d596146724e653b1147b4adc2b7c50d4e2
subprocess-logs/0676-jdk23_no-debug_MultiFormalRawParam_jar-contents.stderr	e3b0c44298fc1c149afbf4c8996fb92427ae41e4649b934ca495991b7852b855
subprocess-logs/0676-jdk23_no-debug_MultiFormalRawParam_jar-contents.stdout	4bc05ecbba4968bacfc686b7e4b7523216b1c1705eac9aef254aaff653bf7e55
subprocess-logs/0677-jdk23_no-debug_MultiFormalRawParam_original-javac.stderr	1bf9910e61d8cb783de3e626bfbf32d9f68db8362067c4351c9e3b064f561a4e
subprocess-logs/0677-jdk23_no-debug_MultiFormalRawParam_original-javac.stdout	e3b0c44298fc1c149afbf4c8996fb92427ae41e4649b934ca495991b7852b855
subprocess-logs/0678-jdk23_no-debug_MultiFormalRawParam_javap.stderr	e3b0c44298fc1c149afbf4c8996fb92427ae41e4649b934ca495991b7852b855
subprocess-logs/0678-jdk23_no-debug_MultiFormalRawParam_javap.stdout	4a09857ffb5fb119716fadaab498240930a0315b6ec6efcbac843d0b6ecd0729
subprocess-logs/0679-jdk23_no-debug_MultiFormalRawParam_original-probe-javac.stderr	4f875b75f0bac1d971d8fc3ab19a64d5d92273f61235f2bb734eed34ab07458f
subprocess-logs/0679-jdk23_no-debug_MultiFormalRawParam_original-probe-javac.stdout	e3b0c44298fc1c149afbf4c8996fb92427ae41e4649b934ca495991b7852b855
subprocess-logs/0680-jdk23_no-debug_MultiFormalRawParam_original-run.stderr	e3b0c44298fc1c149afbf4c8996fb92427ae41e4649b934ca495991b7852b855
subprocess-logs/0680-jdk23_no-debug_MultiFormalRawParam_original-run.stdout	6d16de1512a82cf13a56f94903001249dbfdb1ab81b29b817616448334e1d0c4
subprocess-logs/0681-jdk23_no-debug_MultiFormalRawParam_jarde-MultiFormalRawParam.stderr	ffe370e694e8958d926f7a31a602fa6b5d792e0eb7a5dd505d7727b0b8a817e2
subprocess-logs/0681-jdk23_no-debug_MultiFormalRawParam_jarde-MultiFormalRawParam.stdout	4b437b42cf47a3ccf750355128c463728a56d507544aa92a0cb529860058e62c
subprocess-logs/0682-jdk23_no-debug_MultiFormalRawParam_jarde-javac.stderr	a4580eb7e25c18bc2228cc5dd131f970db0a3edf49704b3a10a0e17cf47b18eb
subprocess-logs/0682-jdk23_no-debug_MultiFormalRawParam_jarde-javac.stdout	e3b0c44298fc1c149afbf4c8996fb92427ae41e4649b934ca495991b7852b855
subprocess-logs/0683-jdk23_no-debug_MultiFormalRawParam_jarde-verify-run.stderr	e3b0c44298fc1c149afbf4c8996fb92427ae41e4649b934ca495991b7852b855
subprocess-logs/0683-jdk23_no-debug_MultiFormalRawParam_jarde-verify-run.stdout	8bc5d0b9f7ed8f8820c0a056a24f74615b3e6104dd1ccada41aee9975df41485
subprocess-logs/0684-jdk23_no-debug_MultiFormalRawParam_jadx.stderr	e3b0c44298fc1c149afbf4c8996fb92427ae41e4649b934ca495991b7852b855
subprocess-logs/0684-jdk23_no-debug_MultiFormalRawParam_jadx.stdout	f69da4e98aca4fb01c18d6bf188fb61de3262f106c3165951d60b2edb61c978c
subprocess-logs/0685-jdk23_no-debug_MultiFormalRawParam_jadx-javac.stderr	4218129b9c94a6266e6b8743f43092dec4c9707d0fd8ce136cbadc84d8535c5d
subprocess-logs/0685-jdk23_no-debug_MultiFormalRawParam_jadx-javac.stdout	e3b0c44298fc1c149afbf4c8996fb92427ae41e4649b934ca495991b7852b855
subprocess-logs/0686-jdk23_no-debug_MultiFormalRawParam_jadx-verify-run.stderr	e3b0c44298fc1c149afbf4c8996fb92427ae41e4649b934ca495991b7852b855
subprocess-logs/0686-jdk23_no-debug_MultiFormalRawParam_jadx-verify-run.stdout	8d284d37fb44425659f63776c8f684d596146724e653b1147b4adc2b7c50d4e2
subprocess-logs/0687-jdk23_debug_RawOwnerChild_jar-contents.stderr	e3b0c44298fc1c149afbf4c8996fb92427ae41e4649b934ca495991b7852b855
subprocess-logs/0687-jdk23_debug_RawOwnerChild_jar-contents.stdout	8fe6ebef204dbd6d19631ba48bbbd5ec4ae5213f3712a9629e2c6cdec917a44e
subprocess-logs/0688-jdk23_debug_RawOwnerChild_original-javac.stderr	2c8b44e4bbe4b1e75d913c852f8e972539180b23f0b541195865269775f55698
subprocess-logs/0688-jdk23_debug_RawOwnerChild_original-javac.stdout	e3b0c44298fc1c149afbf4c8996fb92427ae41e4649b934ca495991b7852b855
subprocess-logs/0689-jdk23_debug_RawOwnerChild_javap.stderr	e3b0c44298fc1c149afbf4c8996fb92427ae41e4649b934ca495991b7852b855
subprocess-logs/0689-jdk23_debug_RawOwnerChild_javap.stdout	0132462da1080853f38ff9c046056abc9d806c2dcc4f0512ee12bbb1c19261fa
subprocess-logs/0690-jdk23_debug_RawOwnerChild_original-probe-javac.stderr	4f875b75f0bac1d971d8fc3ab19a64d5d92273f61235f2bb734eed34ab07458f
subprocess-logs/0690-jdk23_debug_RawOwnerChild_original-probe-javac.stdout	e3b0c44298fc1c149afbf4c8996fb92427ae41e4649b934ca495991b7852b855
subprocess-logs/0691-jdk23_debug_RawOwnerChild_original-run.stderr	e3b0c44298fc1c149afbf4c8996fb92427ae41e4649b934ca495991b7852b855
subprocess-logs/0691-jdk23_debug_RawOwnerChild_original-run.stdout	c25e0c82c8f818f082f08ceef41ac63b15ed1ce4bb020bcf1eff5396c577b047
subprocess-logs/0692-jdk23_debug_RawOwnerChild_jarde-RawOwnerChild.stderr	833ebc4c48c9aa82d3b73ccb9862bd95bf8cbaf12e069fb7941235c304fc9367
subprocess-logs/0692-jdk23_debug_RawOwnerChild_jarde-RawOwnerChild.stdout	85654234ed265aea8c2af90fe4353ca2be2b352c36d98476b0f89a9661e064cd
subprocess-logs/0693-jdk23_debug_RawOwnerChild_jarde-RawOwnerBase.stderr	aca0c220c88ed78307b61f4e589421712ca6a9cc3a446ba73b9a7a7224411f9e
subprocess-logs/0693-jdk23_debug_RawOwnerChild_jarde-RawOwnerBase.stdout	f400195673e17b46cfe5e1ecf2dfa6ad1e569fc2a83c23d92202a00ba21aba24
subprocess-logs/0694-jdk23_debug_RawOwnerChild_jarde-javac.stderr	e563fb30f9f46ee91639a8989a169c2ba70f981e2e124ca29f9668df08f51910
subprocess-logs/0694-jdk23_debug_RawOwnerChild_jarde-javac.stdout	e3b0c44298fc1c149afbf4c8996fb92427ae41e4649b934ca495991b7852b855
subprocess-logs/0695-jdk23_debug_RawOwnerChild_jarde-verify-run.stderr	e3b0c44298fc1c149afbf4c8996fb92427ae41e4649b934ca495991b7852b855
subprocess-logs/0695-jdk23_debug_RawOwnerChild_jarde-verify-run.stdout	e65da6d8f2478e3a0b6f43759b106518ecb2b77f17bd072cf737ed70a4ac28ad
subprocess-logs/0696-jdk23_debug_RawOwnerChild_jadx.stderr	e3b0c44298fc1c149afbf4c8996fb92427ae41e4649b934ca495991b7852b855
subprocess-logs/0696-jdk23_debug_RawOwnerChild_jadx.stdout	6c98674d5819aff5b0ce8c68cf3ece4cbebd831816c7f8632c268444656056d5
subprocess-logs/0697-jdk23_debug_RawOwnerChild_jadx-javac.stderr	62e51cdea1479dc7f28fc4afa698c67f03762b5dd91227be9dbc87c6606cbfa4
subprocess-logs/0697-jdk23_debug_RawOwnerChild_jadx-javac.stdout	e3b0c44298fc1c149afbf4c8996fb92427ae41e4649b934ca495991b7852b855
subprocess-logs/0698-jdk23_debug_RawOwnerChild_jadx-verify-run.stderr	e3b0c44298fc1c149afbf4c8996fb92427ae41e4649b934ca495991b7852b855
subprocess-logs/0698-jdk23_debug_RawOwnerChild_jadx-verify-run.stdout	2404a47a7f7c206decbce521d1ad8ca2966f33929a01a6e1cd462d7eda65b76b
subprocess-logs/0699-jdk23_no-debug_RawOwnerChild_jar-contents.stderr	e3b0c44298fc1c149afbf4c8996fb92427ae41e4649b934ca495991b7852b855
subprocess-logs/0699-jdk23_no-debug_RawOwnerChild_jar-contents.stdout	8fe6ebef204dbd6d19631ba48bbbd5ec4ae5213f3712a9629e2c6cdec917a44e
subprocess-logs/0700-jdk23_no-debug_RawOwnerChild_original-javac.stderr	2c8b44e4bbe4b1e75d913c852f8e972539180b23f0b541195865269775f55698
subprocess-logs/0700-jdk23_no-debug_RawOwnerChild_original-javac.stdout	e3b0c44298fc1c149afbf4c8996fb92427ae41e4649b934ca495991b7852b855
subprocess-logs/0701-jdk23_no-debug_RawOwnerChild_javap.stderr	e3b0c44298fc1c149afbf4c8996fb92427ae41e4649b934ca495991b7852b855
subprocess-logs/0701-jdk23_no-debug_RawOwnerChild_javap.stdout	1faa3568f1ac92d22de17f20c46261e9ec207e3b1e8a44f5dbe98337e214c13e
subprocess-logs/0702-jdk23_no-debug_RawOwnerChild_original-probe-javac.stderr	4f875b75f0bac1d971d8fc3ab19a64d5d92273f61235f2bb734eed34ab07458f
subprocess-logs/0702-jdk23_no-debug_RawOwnerChild_original-probe-javac.stdout	e3b0c44298fc1c149afbf4c8996fb92427ae41e4649b934ca495991b7852b855
subprocess-logs/0703-jdk23_no-debug_RawOwnerChild_original-run.stderr	e3b0c44298fc1c149afbf4c8996fb92427ae41e4649b934ca495991b7852b855
subprocess-logs/0703-jdk23_no-debug_RawOwnerChild_original-run.stdout	c25e0c82c8f818f082f08ceef41ac63b15ed1ce4bb020bcf1eff5396c577b047
subprocess-logs/0704-jdk23_no-debug_RawOwnerChild_jarde-RawOwnerChild.stderr	d944909db4349c4be226a3e2a9013520a40de4f1272d8077c6901eb1e157edd0
subprocess-logs/0704-jdk23_no-debug_RawOwnerChild_jarde-RawOwnerChild.stdout	8bc50b0f6cb5bc0a65e96706a623c1fc4bc19fa7d9d3586ebaace845198a1015
subprocess-logs/0705-jdk23_no-debug_RawOwnerChild_jarde-RawOwnerBase.stderr	d862e222c52a8aaea762c793c0d0efdf1b1768d2f6553dcddcaf58b487c51974
subprocess-logs/0705-jdk23_no-debug_RawOwnerChild_jarde-RawOwnerBase.stdout	f400195673e17b46cfe5e1ecf2dfa6ad1e569fc2a83c23d92202a00ba21aba24
subprocess-logs/0706-jdk23_no-debug_RawOwnerChild_jarde-javac.stderr	ce2b736f2493bd25ed69217d802dd9c99da7f2a01a521c82427d14420293c48a
subprocess-logs/0706-jdk23_no-debug_RawOwnerChild_jarde-javac.stdout	e3b0c44298fc1c149afbf4c8996fb92427ae41e4649b934ca495991b7852b855
subprocess-logs/0707-jdk23_no-debug_RawOwnerChild_jarde-verify-run.stderr	e3b0c44298fc1c149afbf4c8996fb92427ae41e4649b934ca495991b7852b855
subprocess-logs/0707-jdk23_no-debug_RawOwnerChild_jarde-verify-run.stdout	e65da6d8f2478e3a0b6f43759b106518ecb2b77f17bd072cf737ed70a4ac28ad
subprocess-logs/0708-jdk23_no-debug_RawOwnerChild_jadx.stderr	e3b0c44298fc1c149afbf4c8996fb92427ae41e4649b934ca495991b7852b855
subprocess-logs/0708-jdk23_no-debug_RawOwnerChild_jadx.stdout	6c98674d5819aff5b0ce8c68cf3ece4cbebd831816c7f8632c268444656056d5
subprocess-logs/0709-jdk23_no-debug_RawOwnerChild_jadx-javac.stderr	d2c2e405f383453b87a547ca657d0236f36878abc802ec1005b72905e9492c85
subprocess-logs/0709-jdk23_no-debug_RawOwnerChild_jadx-javac.stdout	e3b0c44298fc1c149afbf4c8996fb92427ae41e4649b934ca495991b7852b855
subprocess-logs/0710-jdk23_no-debug_RawOwnerChild_jadx-verify-run.stderr	e3b0c44298fc1c149afbf4c8996fb92427ae41e4649b934ca495991b7852b855
subprocess-logs/0710-jdk23_no-debug_RawOwnerChild_jadx-verify-run.stdout	2404a47a7f7c206decbce521d1ad8ca2966f33929a01a6e1cd462d7eda65b76b
subprocesses.jsonl	beaca91479c22e3fa10c22b11deb8a525d5cba1449070c0a3e144bb534242a31
versions/frozen-input-jar-hashes.tsv	01066ef00dd1d514566c806fba7b80aeb7097218a09068765fdb8422fc02cbe7
versions/jadx-cli.txt	9c5955fc99a60b8f6dee6cf582c4420d91e1b3e2a201f532c91e2cbdfce7fa51
versions/jarde-cli.txt	4e3523057f610dda085c877b3d636cbdeb15c23a541dba3b399c7c04eb4b14b5
versions/source-hashes.tsv	37c52cc236e03e827f7df7354350ade76abad1ba41beb4e6b7c6d9dcce2b6d26
versions/tool-hashes.tsv	d362eb71365516a88edce5fcc1d4f7deec8e34bc6242ee755a2ad39ba2cd0c58
