exit=0
stdout:
// jarde: presentation of `cf07/LoopCases` from the class file's own declaration and one recovery run per member.
// jarde: not a compilable project: no imports and no resources are claimed (the `package` line is the class file's own name, not a claim about a directory); every place this text is not a full recovery carries a marker of this prefix.
package cf07;

public class LoopCases extends java.lang.Object {
    public LoopCases() {
        // @method <init>()V
        // @declaration a constructor of `cf07.LoopCases`, member flags 0x0001
        // recovered from bytecode; presentation is not claimed to compile
        super();
        return;
    }

    public static int andWhile(boolean arg0) {
        // @method andWhile(Z)I
        // @declaration a static method of `cf07.LoopCases`, member flags 0x0009
        // recovered from bytecode; presentation is not claimed to compile
        int local1;
        local1 = 0;
        while (arg0 && local1 < 10) {
            local1 = local1 + 1;
        }
        return local1;
    }

    public static int counted(int arg0, int arg1) {
        // @method counted(II)I
        // @declaration a static method of `cf07.LoopCases`, member flags 0x0009
        // recovered from bytecode; presentation is not claimed to compile
        int local2;
        int local3;
        local2 = arg0 + arg1;
        local3 = arg0;
        while (local3 < arg1) {
            if (local3 == 7) {
                local2 = local2 + 2;
            } else {
                local2 = local2 * 2;
            }
            local3 = local3 + 1;
        }
        local2 = local2 - 1;
        return local2;
    }

    public static int lastIndexOf(int[] arg0, int arg1, int arg2, int arg3) {
        // @method lastIndexOf([IIII)I
        // @declaration a static method of `cf07.LoopCases`, member flags 0x0009
        // recovered from bytecode; presentation is not claimed to compile
        int local4;
        local4 = arg3 - 1;
        while (local4 >= arg2) {
            if (arg0[local4] == arg1) {
                return local4;
            } else {
                local4 = local4 - 1;
            }
        }
        return -1;
    }
}

stderr:
anonymous_interface_projection.state = "absent"
bridge_proofs = []
class.class_bytes.digest = "52ddcc0b5ab5de0702266901380266b53498433df87ca02f4861c61c7f4c9b19"
class.class_bytes.length = 419
class.location.entry.ordinal = 3
class.location.entry.origin.root_container = "root"
class.location.entry.origin.snapshot = "7bd36d15403917ddfd030b4c0df2554ab5e9524733fb2161b280916e6cb6bb27"
class.location.entry.origin.steps = []
class.location.entry.raw_name = [99,102,48,55,47,76,111,111,112,67,97,115,101,115,46,99,108,97,115,115]
class.location.kind = "archive_entry"
class.variant.kind = "base"
coverage.artifact_structural.scanned.0.end = 5
coverage.artifact_structural.scanned.0.label = "central_directory_entries"
coverage.artifact_structural.scanned.0.start = 0
coverage.artifact_structural.scanned.1.end = 1
coverage.artifact_structural.scanned.1.label = "navigation_candidates"
coverage.artifact_structural.scanned.1.start = 0
coverage.artifact_structural.scanned.2.end = 4
coverage.artifact_structural.scanned.2.label = "class_methods"
coverage.artifact_structural.scanned.2.start = 0
coverage.artifact_structural.scanned.3.end = 4
coverage.artifact_structural.scanned.3.label = "class_source_bodies"
coverage.artifact_structural.scanned.3.start = 0
coverage.artifact_structural.skipped = []
coverage.artifact_structural.state = "complete_within_schema"
coverage.artifact_structural.uninterpreted_extensions = []
coverage.dynamic_analysis.scanned = []
coverage.dynamic_analysis.skipped = []
coverage.dynamic_analysis.state = "not_requested"
coverage.dynamic_analysis.uninterpreted_extensions = []
coverage.runtime_resolution.scanned = []
coverage.runtime_resolution.skipped = []
coverage.runtime_resolution.state = "not_requested"
coverage.runtime_resolution.uninterpreted_extensions = []
declaration.annotation_attributes = []
declaration.annotation_refusals = []
declaration.annotation_uses = []
declaration.declaration = "public class LoopCases extends java.lang.Object"
declaration.generic_refusal = null
declaration.generic_signature = null
declaration.item.binding.kind = "path_name_agrees"
declaration.item.declaration.access_flags = 33
declaration.item.declaration.interfaces = []
declaration.item.declaration.super_class.escaped = "java/lang/Object"
declaration.item.declaration.super_class.raw = [106,97,118,97,47,108,97,110,103,47,79,98,106,101,99,116]
declaration.item.declaration.super_class.utf16 = [106,97,118,97,47,108,97,110,103,47,79,98,106,101,99,116]
declaration.item.declaration.this_class.escaped = "cf07/LoopCases"
declaration.item.declaration.this_class.raw = [99,102,48,55,47,76,111,111,112,67,97,115,101,115]
declaration.item.declaration.this_class.utf16 = [99,102,48,55,47,76,111,111,112,67,97,115,101,115]
declaration.item.definition.class_bytes.digest = "52ddcc0b5ab5de0702266901380266b53498433df87ca02f4861c61c7f4c9b19"
declaration.item.definition.class_bytes.length = 419
declaration.item.definition.location.entry.ordinal = 3
declaration.item.definition.location.entry.origin.root_container = "root"
declaration.item.definition.location.entry.origin.snapshot = "7bd36d15403917ddfd030b4c0df2554ab5e9524733fb2161b280916e6cb6bb27"
declaration.item.definition.location.entry.origin.steps = []
declaration.item.definition.location.entry.raw_name = [99,102,48,55,47,76,111,111,112,67,97,115,101,115,46,99,108,97,115,115]
declaration.item.definition.location.kind = "archive_entry"
declaration.item.definition.variant.kind = "base"
declaration.item.member_table = null
declaration.name = "LoopCases"
diagnostics = []
direct_override_proofs = []
enum_switch_proofs = []
execution.status = "complete"
execution.usage.analysis_steps = 1161
execution.usage.archive_entries = 14
execution.usage.attribute_bytes = 636
execution.usage.class_bytes = 838
execution.usage.class_headers = 1
execution.usage.code_bytes = 93
execution.usage.dependency_depth = 0
execution.usage.elapsed_millis = 39
execution.usage.entry_bytes = 419
execution.usage.input_bytes = 1368
execution.usage.ir_edges = 175
execution.usage.ir_items = 1989
execution.usage.method_bodies = 4
execution.usage.nested_depth = 0
execution.usage.normalization_clones = 0
execution.usage.output_bytes = 1335
execution.usage.read_bytes = 340
execution.usage.result_items = 23
fields = []
initializer_proof.kind = "not_applicable"
limits.analysis_steps = 4194304
limits.archive_entries = 65536
limits.attribute_bytes = 67108864
limits.class_bytes = 67108864
limits.class_headers = 4096
limits.code_bytes = 16777216
limits.dependency_depth = 8
limits.elapsed_millis = 30000
limits.entry_bytes = 67108864
limits.input_bytes = 67108864
limits.ir_edges = 4194304
limits.ir_items = 4194304
limits.method_bodies = 4096
limits.nested_depth = 4
limits.normalization_clones = 1048576
limits.output_bytes = 16777216
limits.read_bytes = 67108864
limits.result_items = 65536
member_family.state = "absent"
methods.0.annotations.attributes = []
methods.0.annotations.refusals = []
methods.0.annotations.uses = []
methods.0.declaration = "public LoopCases()"
methods.0.item.access_flags = 1
methods.0.item.body.content_span.length = 17
methods.0.item.body.content_span.start = 187
methods.0.item.body.kind = "code_attribute"
methods.0.item.descriptor.escaped = "()V"
methods.0.item.descriptor.raw = [40,41,86]
methods.0.item.descriptor.utf16 = [40,41,86]
methods.0.item.identity.descriptor = [40,41,86]
methods.0.item.identity.name = [60,105,110,105,116,62]
methods.0.item.identity.owner.class_bytes.digest = "52ddcc0b5ab5de0702266901380266b53498433df87ca02f4861c61c7f4c9b19"
methods.0.item.identity.owner.class_bytes.length = 419
methods.0.item.identity.owner.location.entry.ordinal = 3
methods.0.item.identity.owner.location.entry.origin.root_container = "root"
methods.0.item.identity.owner.location.entry.origin.snapshot = "7bd36d15403917ddfd030b4c0df2554ab5e9524733fb2161b280916e6cb6bb27"
methods.0.item.identity.owner.location.entry.origin.steps = []
methods.0.item.identity.owner.location.entry.raw_name = [99,102,48,55,47,76,111,111,112,67,97,115,101,115,46,99,108,97,115,115]
methods.0.item.identity.owner.location.kind = "archive_entry"
methods.0.item.identity.owner.variant.kind = "base"
methods.0.item.index = 0
methods.0.item.name.escaped = "<init>"
methods.0.item.name.raw = [60,105,110,105,116,62]
methods.0.item.name.utf16 = [60,105,110,105,116,62]
methods.0.markers = []
methods.0.no_body_kind = null
methods.0.outcome.analysis.diagnostics = 0
methods.0.outcome.analysis.execution.status = "complete"
methods.0.outcome.analysis.execution.usage.analysis_steps = 21
methods.0.outcome.analysis.execution.usage.archive_entries = 14
methods.0.outcome.analysis.execution.usage.attribute_bytes = 447
methods.0.outcome.analysis.execution.usage.class_bytes = 838
methods.0.outcome.analysis.execution.usage.class_headers = 1
methods.0.outcome.analysis.execution.usage.code_bytes = 5
methods.0.outcome.analysis.execution.usage.dependency_depth = 0
methods.0.outcome.analysis.execution.usage.elapsed_millis = 24
methods.0.outcome.analysis.execution.usage.entry_bytes = 419
methods.0.outcome.analysis.execution.usage.input_bytes = 1368
methods.0.outcome.analysis.execution.usage.ir_edges = 2
methods.0.outcome.analysis.execution.usage.ir_items = 48
methods.0.outcome.analysis.execution.usage.method_bodies = 1
methods.0.outcome.analysis.execution.usage.nested_depth = 0
methods.0.outcome.analysis.execution.usage.normalization_clones = 0
methods.0.outcome.analysis.execution.usage.output_bytes = 0
methods.0.outcome.analysis.execution.usage.read_bytes = 340
methods.0.outcome.analysis.execution.usage.result_items = 19
methods.0.outcome.kind = "recovered"
methods.0.outcome.report.accessors = []
methods.0.outcome.report.aliased_names = []
methods.0.outcome.report.artifact.agreement.state = "not_stated"
methods.0.outcome.report.artifact.binding.engine = "0.1.0"
methods.0.outcome.report.artifact.binding.environment.content = ["7bd36d15403917ddfd030b4c0df2554ab5e9524733fb2161b280916e6cb6bb27"]
methods.0.outcome.report.artifact.binding.environment.domain_loaders = ["app"]
methods.0.outcome.report.artifact.binding.environment.providers = []
methods.0.outcome.report.artifact.binding.environment.runtime.load_domain.delegation.kind = "parent_first"
methods.0.outcome.report.artifact.binding.environment.runtime.load_domain.external_override = "none"
methods.0.outcome.report.artifact.binding.environment.runtime.load_domain.loader = "app"
methods.0.outcome.report.artifact.binding.environment.runtime.load_domain.module_mode.kind = "class_path"
methods.0.outcome.report.artifact.binding.environment.runtime.load_domain.parent_loader = null
methods.0.outcome.report.artifact.binding.environment.runtime.load_domain.roots.0.kind = "container"
methods.0.outcome.report.artifact.binding.environment.runtime.load_domain.roots.0.origin.root_container = "root"
methods.0.outcome.report.artifact.binding.environment.runtime.load_domain.roots.0.origin.snapshot = "7bd36d15403917ddfd030b4c0df2554ab5e9524733fb2161b280916e6cb6bb27"
methods.0.outcome.report.artifact.binding.environment.runtime.load_domain.roots.0.origin.steps = []
methods.0.outcome.report.artifact.binding.environment.runtime.load_domain.roots.0.prefix = []
methods.0.outcome.report.artifact.binding.environment.runtime.load_domain.runtime_transformation = "none"
methods.0.outcome.report.artifact.binding.environment.runtime.physical.scope.kind = "snapshot_all"
methods.0.outcome.report.artifact.binding.environment.runtime.physical.snapshot = "7bd36d15403917ddfd030b4c0df2554ab5e9524733fb2161b280916e6cb6bb27"
methods.0.outcome.report.artifact.binding.environment.runtime.profile.java_release = 8
methods.0.outcome.report.artifact.binding.environment.runtime.profile.layout.kind = "generic"
methods.0.outcome.report.artifact.binding.environment.runtime.profile.multi_release.kind = "disabled"
methods.0.outcome.report.artifact.binding.member_ordinal = 0
methods.0.outcome.report.artifact.binding.method.descriptor = [40,41,86]
methods.0.outcome.report.artifact.binding.method.name = [60,105,110,105,116,62]
methods.0.outcome.report.artifact.binding.method.owner.class_bytes.digest = "52ddcc0b5ab5de0702266901380266b53498433df87ca02f4861c61c7f4c9b19"
methods.0.outcome.report.artifact.binding.method.owner.class_bytes.length = 419
methods.0.outcome.report.artifact.binding.method.owner.location.entry.ordinal = 3
methods.0.outcome.report.artifact.binding.method.owner.location.entry.origin.root_container = "root"
methods.0.outcome.report.artifact.binding.method.owner.location.entry.origin.snapshot = "7bd36d15403917ddfd030b4c0df2554ab5e9524733fb2161b280916e6cb6bb27"
methods.0.outcome.report.artifact.binding.method.owner.location.entry.origin.steps = []
methods.0.outcome.report.artifact.binding.method.owner.location.entry.raw_name = [99,102,48,55,47,76,111,111,112,67,97,115,101,115,46,99,108,97,115,115]
methods.0.outcome.report.artifact.binding.method.owner.location.kind = "archive_entry"
methods.0.outcome.report.artifact.binding.method.owner.variant.kind = "base"
methods.0.outcome.report.artifact.binding.profile.java_release = 8
methods.0.outcome.report.artifact.binding.profile.layout.kind = "generic"
methods.0.outcome.report.artifact.binding.profile.multi_release.kind = "disabled"
methods.0.outcome.report.artifact.binding.registry = 71
methods.0.outcome.report.artifact.binding.rules = ["straight@1","if@1","loop@1","switch@1","lambda@1","concat@1","bridge@1","accessor@1","new@1","field@1","enumswitch@1","init@1","declaration@1","twr@1","monitor@1","finally@1"]
methods.0.outcome.report.artifact.binding.schema = 1
methods.0.outcome.report.artifact.binding.text_bytes = 188
methods.0.outcome.report.artifact.binding.text_digest = "6d7a12e54b2eec32dc275b6b375e8e2b"
methods.0.outcome.report.bridges = []
methods.0.outcome.report.compile_status = "not_attempted"
methods.0.outcome.report.concats = []
methods.0.outcome.report.content = "contains_statements"
methods.0.outcome.report.declaration = null
methods.0.outcome.report.diagnostics.0.code = "jre_recovery_produced"
methods.0.outcome.report.diagnostics.0.message = "1 region(s), 2 statement(s), 2 segment(s), 188 byte(s) written from 1 canonical block(s)"
methods.0.outcome.report.diagnostics.0.provenance = null
methods.0.outcome.report.diagnostics.0.severity = "info"
methods.0.outcome.report.diagnostics.1.code = "jre_constructor_prologue"
methods.0.outcome.report.diagnostics.1.message = "the body is an instance initializer and its prologue is written under init@1 as `super`: the call at BCI 1 names `java/lang/Object`, and the class that declares this constructor is `cf07/LoopCases`"
methods.0.outcome.report.diagnostics.1.provenance = null
methods.0.outcome.report.diagnostics.1.severity = "info"
methods.0.outcome.report.diagnostics.2.code = "jre_declaration"
methods.0.outcome.report.diagnostics.2.message = "the artifact's envelope states the member's declaration under declaration@1: a constructor"
methods.0.outcome.report.diagnostics.2.provenance = null
methods.0.outcome.report.diagnostics.2.severity = "info"
methods.0.outcome.report.enum_switches = []
methods.0.outcome.report.evidence.categories.0.kind = "source_map"
methods.0.outcome.report.evidence.categories.0.state.state = "complete"
methods.0.outcome.report.evidence.categories.1.kind = "region_details"
methods.0.outcome.report.evidence.categories.1.state.state = "not_requested"
methods.0.outcome.report.evidence.categories.2.kind = "rule_details"
methods.0.outcome.report.evidence.categories.2.state.state = "not_requested"
methods.0.outcome.report.evidence.categories.3.kind = "name_details"
methods.0.outcome.report.evidence.categories.3.state.state = "not_requested"
methods.0.outcome.report.evidence.categories.4.kind = "read_details"
methods.0.outcome.report.evidence.categories.4.state.state = "not_requested"
methods.0.outcome.report.evidence.requested.driver_bci_range = null
methods.0.outcome.report.evidence.requested.expected_artifact = null
methods.0.outcome.report.evidence.requested.kinds = ["source_map"]
methods.0.outcome.report.execution.status = "complete"
methods.0.outcome.report.execution.usage.analysis_steps = 39
methods.0.outcome.report.execution.usage.archive_entries = 14
methods.0.outcome.report.execution.usage.attribute_bytes = 447
methods.0.outcome.report.execution.usage.class_bytes = 838
methods.0.outcome.report.execution.usage.class_headers = 1
methods.0.outcome.report.execution.usage.code_bytes = 5
methods.0.outcome.report.execution.usage.dependency_depth = 0
methods.0.outcome.report.execution.usage.elapsed_millis = 33
methods.0.outcome.report.execution.usage.entry_bytes = 419
methods.0.outcome.report.execution.usage.input_bytes = 1368
methods.0.outcome.report.execution.usage.ir_edges = 2
methods.0.outcome.report.execution.usage.ir_items = 65
methods.0.outcome.report.execution.usage.method_bodies = 1
methods.0.outcome.report.execution.usage.nested_depth = 0
methods.0.outcome.report.execution.usage.normalization_clones = 0
methods.0.outcome.report.execution.usage.output_bytes = 188
methods.0.outcome.report.execution.usage.read_bytes = 340
methods.0.outcome.report.execution.usage.result_items = 19
methods.0.outcome.report.fallbacks = []
methods.0.outcome.report.fields = []
methods.0.outcome.report.init = null
methods.0.outcome.report.lambdas = []
methods.0.outcome.report.method = "<init>()V"
methods.0.outcome.report.news = []
methods.0.outcome.report.outcome = "produced"
methods.0.outcome.report.profile.java_release = 8
methods.0.outcome.report.profile.layout.kind = "generic"
methods.0.outcome.report.profile.multi_release.kind = "disabled"
methods.0.outcome.report.quality = "structured"
methods.0.outcome.report.regions = []
methods.0.outcome.report.representation = "java"
methods.0.outcome.report.rules = []
methods.0.outcome.report.semantic_validation = "unproven"
methods.0.outcome.report.source_map.segments.0.end = 174
methods.0.outcome.report.source_map.segments.0.origin.derived.0.bci = 0
methods.0.outcome.report.source_map.segments.0.origin.derived.0.cp = null
methods.0.outcome.report.source_map.segments.0.origin.derived.0.method.descriptor = [40,41,86]
methods.0.outcome.report.source_map.segments.0.origin.derived.0.method.name = [60,105,110,105,116,62]
methods.0.outcome.report.source_map.segments.0.origin.derived.0.method.owner.class_bytes.digest = "52ddcc0b5ab5de0702266901380266b53498433df87ca02f4861c61c7f4c9b19"
methods.0.outcome.report.source_map.segments.0.origin.derived.0.method.owner.class_bytes.length = 419
methods.0.outcome.report.source_map.segments.0.origin.derived.0.method.owner.location.entry.ordinal = 3
methods.0.outcome.report.source_map.segments.0.origin.derived.0.method.owner.location.entry.origin.root_container = "root"
methods.0.outcome.report.source_map.segments.0.origin.derived.0.method.owner.location.entry.origin.snapshot = "7bd36d15403917ddfd030b4c0df2554ab5e9524733fb2161b280916e6cb6bb27"
methods.0.outcome.report.source_map.segments.0.origin.derived.0.method.owner.location.entry.origin.steps = []
methods.0.outcome.report.source_map.segments.0.origin.derived.0.method.owner.location.entry.raw_name = [99,102,48,55,47,76,111,111,112,67,97,115,101,115,46,99,108,97,115,115]
methods.0.outcome.report.source_map.segments.0.origin.derived.0.method.owner.location.kind = "archive_entry"
methods.0.outcome.report.source_map.segments.0.origin.derived.0.method.owner.variant.kind = "base"
methods.0.outcome.report.source_map.segments.0.origin.derived.0.provenance = "Derived"
methods.0.outcome.report.source_map.segments.0.origin.primary.bci = 1
methods.0.outcome.report.source_map.segments.0.origin.primary.cp = null
methods.0.outcome.report.source_map.segments.0.origin.primary.method.descriptor = [40,41,86]
methods.0.outcome.report.source_map.segments.0.origin.primary.method.name = [60,105,110,105,116,62]
methods.0.outcome.report.source_map.segments.0.origin.primary.method.owner.class_bytes.digest = "52ddcc0b5ab5de0702266901380266b53498433df87ca02f4861c61c7f4c9b19"
methods.0.outcome.report.source_map.segments.0.origin.primary.method.owner.class_bytes.length = 419
methods.0.outcome.report.source_map.segments.0.origin.primary.method.owner.location.entry.ordinal = 3
methods.0.outcome.report.source_map.segments.0.origin.primary.method.owner.location.entry.origin.root_container = "root"
methods.0.outcome.report.source_map.segments.0.origin.primary.method.owner.location.entry.origin.snapshot = "7bd36d15403917ddfd030b4c0df2554ab5e9524733fb2161b280916e6cb6bb27"
methods.0.outcome.report.source_map.segments.0.origin.primary.method.owner.location.entry.origin.steps = []
methods.0.outcome.report.source_map.segments.0.origin.primary.method.owner.location.entry.raw_name = [99,102,48,55,47,76,111,111,112,67,97,115,101,115,46,99,108,97,115,115]
methods.0.outcome.report.source_map.segments.0.origin.primary.method.owner.location.kind = "archive_entry"
methods.0.outcome.report.source_map.segments.0.origin.primary.method.owner.variant.kind = "base"
methods.0.outcome.report.source_map.segments.0.origin.primary.provenance = "Direct"
methods.0.outcome.report.source_map.segments.0.start = 161
methods.0.outcome.report.source_map.segments.1.end = 186
methods.0.outcome.report.source_map.segments.1.origin.derived = []
methods.0.outcome.report.source_map.segments.1.origin.primary.bci = 4
methods.0.outcome.report.source_map.segments.1.origin.primary.cp = null
methods.0.outcome.report.source_map.segments.1.origin.primary.method.descriptor = [40,41,86]
methods.0.outcome.report.source_map.segments.1.origin.primary.method.name = [60,105,110,105,116,62]
methods.0.outcome.report.source_map.segments.1.origin.primary.method.owner.class_bytes.digest = "52ddcc0b5ab5de0702266901380266b53498433df87ca02f4861c61c7f4c9b19"
methods.0.outcome.report.source_map.segments.1.origin.primary.method.owner.class_bytes.length = 419
methods.0.outcome.report.source_map.segments.1.origin.primary.method.owner.location.entry.ordinal = 3
methods.0.outcome.report.source_map.segments.1.origin.primary.method.owner.location.entry.origin.root_container = "root"
methods.0.outcome.report.source_map.segments.1.origin.primary.method.owner.location.entry.origin.snapshot = "7bd36d15403917ddfd030b4c0df2554ab5e9524733fb2161b280916e6cb6bb27"
methods.0.outcome.report.source_map.segments.1.origin.primary.method.owner.location.entry.origin.steps = []
methods.0.outcome.report.source_map.segments.1.origin.primary.method.owner.location.entry.raw_name = [99,102,48,55,47,76,111,111,112,67,97,115,101,115,46,99,108,97,115,115]
methods.0.outcome.report.source_map.segments.1.origin.primary.method.owner.location.kind = "archive_entry"
methods.0.outcome.report.source_map.segments.1.origin.primary.method.owner.variant.kind = "base"
methods.0.outcome.report.source_map.segments.1.origin.primary.provenance = "Direct"
methods.0.outcome.report.source_map.segments.1.start = 174
methods.0.outcome.report.syntax_status = "unchecked"
methods.0.outcome.report.text = "// @method <init>()V\n// @declaration a constructor of `cf07.LoopCases`, member flags 0x0001\n// recovered from bytecode; presentation is not claimed to compile\n{\n    super();\n    return;\n}\n"
methods.0.outcome.report.verification = "not_performed"
methods.0.parameter_annotations.attributes = []
methods.0.parameter_annotations.refusals = []
methods.0.parameter_annotations.uses_by_position = []
methods.0.text = "    public LoopCases() {\n        // @method <init>()V\n        // @declaration a constructor of `cf07.LoopCases`, member flags 0x0001\n        // recovered from bytecode; presentation is not claimed to compile\n        super();\n        return;\n    }\n"
methods.0.type_annotations.attributes = []
methods.0.type_annotations.field_uses = []
methods.0.type_annotations.parameter_uses = []
methods.0.type_annotations.refusals = []
methods.0.type_annotations.return_uses = []
methods.1.annotations.attributes = []
methods.1.annotations.refusals = []
methods.1.annotations.uses = []
methods.1.declaration = "public static int andWhile(boolean arg0)"
methods.1.item.access_flags = 9
methods.1.item.body.content_span.length = 45
methods.1.item.body.content_span.start = 218
methods.1.item.body.kind = "code_attribute"
methods.1.item.descriptor.escaped = "(Z)I"
methods.1.item.descriptor.raw = [40,90,41,73]
methods.1.item.descriptor.utf16 = [40,90,41,73]
methods.1.item.identity.descriptor = [40,90,41,73]
methods.1.item.identity.name = [97,110,100,87,104,105,108,101]
methods.1.item.identity.owner.class_bytes.digest = "52ddcc0b5ab5de0702266901380266b53498433df87ca02f4861c61c7f4c9b19"
methods.1.item.identity.owner.class_bytes.length = 419
methods.1.item.identity.owner.location.entry.ordinal = 3
methods.1.item.identity.owner.location.entry.origin.root_container = "root"
methods.1.item.identity.owner.location.entry.origin.snapshot = "7bd36d15403917ddfd030b4c0df2554ab5e9524733fb2161b280916e6cb6bb27"
methods.1.item.identity.owner.location.entry.origin.steps = []
methods.1.item.identity.owner.location.entry.raw_name = [99,102,48,55,47,76,111,111,112,67,97,115,101,115,46,99,108,97,115,115]
methods.1.item.identity.owner.location.kind = "archive_entry"
methods.1.item.identity.owner.variant.kind = "base"
methods.1.item.index = 1
methods.1.item.name.escaped = "andWhile"
methods.1.item.name.raw = [97,110,100,87,104,105,108,101]
methods.1.item.name.utf16 = [97,110,100,87,104,105,108,101]
methods.1.markers = []
methods.1.no_body_kind = null
methods.1.outcome.analysis.diagnostics = 0
methods.1.outcome.analysis.execution.status = "complete"
methods.1.outcome.analysis.execution.usage.analysis_steps = 148
methods.1.outcome.analysis.execution.usage.archive_entries = 14
methods.1.outcome.analysis.execution.usage.attribute_bytes = 498
methods.1.outcome.analysis.execution.usage.class_bytes = 838
methods.1.outcome.analysis.execution.usage.class_headers = 1
methods.1.outcome.analysis.execution.usage.code_bytes = 25
methods.1.outcome.analysis.execution.usage.dependency_depth = 0
methods.1.outcome.analysis.execution.usage.elapsed_millis = 34
methods.1.outcome.analysis.execution.usage.entry_bytes = 419
methods.1.outcome.analysis.execution.usage.input_bytes = 1368
methods.1.outcome.analysis.execution.usage.ir_edges = 40
methods.1.outcome.analysis.execution.usage.ir_items = 356
methods.1.outcome.analysis.execution.usage.method_bodies = 2
methods.1.outcome.analysis.execution.usage.nested_depth = 0
methods.1.outcome.analysis.execution.usage.normalization_clones = 0
methods.1.outcome.analysis.execution.usage.output_bytes = 188
methods.1.outcome.analysis.execution.usage.read_bytes = 340
methods.1.outcome.analysis.execution.usage.result_items = 20
methods.1.outcome.kind = "recovered"
methods.1.outcome.report.accessors = []
methods.1.outcome.report.aliased_names = []
methods.1.outcome.report.artifact.agreement.state = "not_stated"
methods.1.outcome.report.artifact.binding.engine = "0.1.0"
methods.1.outcome.report.artifact.binding.environment.content = ["7bd36d15403917ddfd030b4c0df2554ab5e9524733fb2161b280916e6cb6bb27"]
methods.1.outcome.report.artifact.binding.environment.domain_loaders = ["app"]
methods.1.outcome.report.artifact.binding.environment.providers = []
methods.1.outcome.report.artifact.binding.environment.runtime.load_domain.delegation.kind = "parent_first"
methods.1.outcome.report.artifact.binding.environment.runtime.load_domain.external_override = "none"
methods.1.outcome.report.artifact.binding.environment.runtime.load_domain.loader = "app"
methods.1.outcome.report.artifact.binding.environment.runtime.load_domain.module_mode.kind = "class_path"
methods.1.outcome.report.artifact.binding.environment.runtime.load_domain.parent_loader = null
methods.1.outcome.report.artifact.binding.environment.runtime.load_domain.roots.0.kind = "container"
methods.1.outcome.report.artifact.binding.environment.runtime.load_domain.roots.0.origin.root_container = "root"
methods.1.outcome.report.artifact.binding.environment.runtime.load_domain.roots.0.origin.snapshot = "7bd36d15403917ddfd030b4c0df2554ab5e9524733fb2161b280916e6cb6bb27"
methods.1.outcome.report.artifact.binding.environment.runtime.load_domain.roots.0.origin.steps = []
methods.1.outcome.report.artifact.binding.environment.runtime.load_domain.roots.0.prefix = []
methods.1.outcome.report.artifact.binding.environment.runtime.load_domain.runtime_transformation = "none"
methods.1.outcome.report.artifact.binding.environment.runtime.physical.scope.kind = "snapshot_all"
methods.1.outcome.report.artifact.binding.environment.runtime.physical.snapshot = "7bd36d15403917ddfd030b4c0df2554ab5e9524733fb2161b280916e6cb6bb27"
methods.1.outcome.report.artifact.binding.environment.runtime.profile.java_release = 8
methods.1.outcome.report.artifact.binding.environment.runtime.profile.layout.kind = "generic"
methods.1.outcome.report.artifact.binding.environment.runtime.profile.multi_release.kind = "disabled"
methods.1.outcome.report.artifact.binding.member_ordinal = 1
methods.1.outcome.report.artifact.binding.method.descriptor = [40,90,41,73]
methods.1.outcome.report.artifact.binding.method.name = [97,110,100,87,104,105,108,101]
methods.1.outcome.report.artifact.binding.method.owner.class_bytes.digest = "52ddcc0b5ab5de0702266901380266b53498433df87ca02f4861c61c7f4c9b19"
methods.1.outcome.report.artifact.binding.method.owner.class_bytes.length = 419
methods.1.outcome.report.artifact.binding.method.owner.location.entry.ordinal = 3
methods.1.outcome.report.artifact.binding.method.owner.location.entry.origin.root_container = "root"
methods.1.outcome.report.artifact.binding.method.owner.location.entry.origin.snapshot = "7bd36d15403917ddfd030b4c0df2554ab5e9524733fb2161b280916e6cb6bb27"
methods.1.outcome.report.artifact.binding.method.owner.location.entry.origin.steps = []
methods.1.outcome.report.artifact.binding.method.owner.location.entry.raw_name = [99,102,48,55,47,76,111,111,112,67,97,115,101,115,46,99,108,97,115,115]
methods.1.outcome.report.artifact.binding.method.owner.location.kind = "archive_entry"
methods.1.outcome.report.artifact.binding.method.owner.variant.kind = "base"
methods.1.outcome.report.artifact.binding.profile.java_release = 8
methods.1.outcome.report.artifact.binding.profile.layout.kind = "generic"
methods.1.outcome.report.artifact.binding.profile.multi_release.kind = "disabled"
methods.1.outcome.report.artifact.binding.registry = 71
methods.1.outcome.report.artifact.binding.rules = ["straight@1","if@1","loop@1","switch@1","lambda@1","concat@1","bridge@1","accessor@1","new@1","field@1","enumswitch@1","init@1","declaration@1","twr@1","monitor@1","finally@1"]
methods.1.outcome.report.artifact.binding.schema = 1
methods.1.outcome.report.artifact.binding.text_bytes = 288
methods.1.outcome.report.artifact.binding.text_digest = "46e443de6e82a02eec312d899a605f2d"
methods.1.outcome.report.bridges = []
methods.1.outcome.report.compile_status = "not_attempted"
methods.1.outcome.report.concats = []
methods.1.outcome.report.content = "contains_statements"
methods.1.outcome.report.declaration = null
methods.1.outcome.report.diagnostics.0.code = "jre_recovery_produced"
methods.1.outcome.report.diagnostics.0.message = "3 region(s), 5 statement(s), 15 segment(s), 288 byte(s) written from 5 canonical block(s)"
methods.1.outcome.report.diagnostics.0.provenance = null
methods.1.outcome.report.diagnostics.0.severity = "info"
methods.1.outcome.report.diagnostics.1.code = "jre_declaration"
methods.1.outcome.report.diagnostics.1.message = "the artifact's envelope states the member's declaration under declaration@1: a static method"
methods.1.outcome.report.diagnostics.1.provenance = null
methods.1.outcome.report.diagnostics.1.severity = "info"
methods.1.outcome.report.enum_switches = []
methods.1.outcome.report.evidence.categories.0.kind = "source_map"
methods.1.outcome.report.evidence.categories.0.state.state = "complete"
methods.1.outcome.report.evidence.categories.1.kind = "region_details"
methods.1.outcome.report.evidence.categories.1.state.state = "not_requested"
methods.1.outcome.report.evidence.categories.2.kind = "rule_details"
methods.1.outcome.report.evidence.categories.2.state.state = "not_requested"
methods.1.outcome.report.evidence.categories.3.kind = "name_details"
methods.1.outcome.report.evidence.categories.3.state.state = "not_requested"
methods.1.outcome.report.evidence.categories.4.kind = "read_details"
methods.1.outcome.report.evidence.categories.4.state.state = "not_requested"
methods.1.outcome.report.evidence.requested.driver_bci_range = null
methods.1.outcome.report.evidence.requested.expected_artifact = null
methods.1.outcome.report.evidence.requested.kinds = ["source_map"]
methods.1.outcome.report.execution.status = "complete"
methods.1.outcome.report.execution.usage.analysis_steps = 262
methods.1.outcome.report.execution.usage.archive_entries = 14
methods.1.outcome.report.execution.usage.attribute_bytes = 498
methods.1.outcome.report.execution.usage.class_bytes = 838
methods.1.outcome.report.execution.usage.class_headers = 1
methods.1.outcome.report.execution.usage.code_bytes = 25
methods.1.outcome.report.execution.usage.dependency_depth = 0
methods.1.outcome.report.execution.usage.elapsed_millis = 35
methods.1.outcome.report.execution.usage.entry_bytes = 419
methods.1.outcome.report.execution.usage.input_bytes = 1368
methods.1.outcome.report.execution.usage.ir_edges = 46
methods.1.outcome.report.execution.usage.ir_items = 434
methods.1.outcome.report.execution.usage.method_bodies = 2
methods.1.outcome.report.execution.usage.nested_depth = 0
methods.1.outcome.report.execution.usage.normalization_clones = 0
methods.1.outcome.report.execution.usage.output_bytes = 476
methods.1.outcome.report.execution.usage.read_bytes = 340
methods.1.outcome.report.execution.usage.result_items = 20
methods.1.outcome.report.fallbacks = []
methods.1.outcome.report.fields = []
methods.1.outcome.report.init = null
methods.1.outcome.report.lambdas = []
methods.1.outcome.report.method = "andWhile(Z)I"
methods.1.outcome.report.news = []
methods.1.outcome.report.outcome = "produced"
methods.1.outcome.report.profile.java_release = 8
methods.1.outcome.report.profile.layout.kind = "generic"
methods.1.outcome.report.profile.multi_release.kind = "disabled"
methods.1.outcome.report.quality = "structured"
methods.1.outcome.report.regions = []
methods.1.outcome.report.representation = "java"
methods.1.outcome.report.rules = []
methods.1.outcome.report.semantic_validation = "unproven"
methods.1.outcome.report.source_map.segments.0.end = 182
methods.1.outcome.report.source_map.segments.0.origin.derived = []
methods.1.outcome.report.source_map.segments.0.origin.primary.bci = 1
methods.1.outcome.report.source_map.segments.0.origin.primary.cp = null
methods.1.outcome.report.source_map.segments.0.origin.primary.method.descriptor = [40,90,41,73]
methods.1.outcome.report.source_map.segments.0.origin.primary.method.name = [97,110,100,87,104,105,108,101]
methods.1.outcome.report.source_map.segments.0.origin.primary.method.owner.class_bytes.digest = "52ddcc0b5ab5de0702266901380266b53498433df87ca02f4861c61c7f4c9b19"
methods.1.outcome.report.source_map.segments.0.origin.primary.method.owner.class_bytes.length = 419
methods.1.outcome.report.source_map.segments.0.origin.primary.method.owner.location.entry.ordinal = 3
methods.1.outcome.report.source_map.segments.0.origin.primary.method.owner.location.entry.origin.root_container = "root"
methods.1.outcome.report.source_map.segments.0.origin.primary.method.owner.location.entry.origin.snapshot = "7bd36d15403917ddfd030b4c0df2554ab5e9524733fb2161b280916e6cb6bb27"
methods.1.outcome.report.source_map.segments.0.origin.primary.method.owner.location.entry.origin.steps = []
methods.1.outcome.report.source_map.segments.0.origin.primary.method.owner.location.entry.raw_name = [99,102,48,55,47,76,111,111,112,67,97,115,101,115,46,99,108,97,115,115]
methods.1.outcome.report.source_map.segments.0.origin.primary.method.owner.location.kind = "archive_entry"
methods.1.outcome.report.source_map.segments.0.origin.primary.method.owner.variant.kind = "base"
methods.1.outcome.report.source_map.segments.0.origin.primary.provenance = "Direct"
methods.1.outcome.report.source_map.segments.0.start = 166
methods.1.outcome.report.source_map.segments.1.end = 196
methods.1.outcome.report.source_map.segments.1.origin.derived = []
methods.1.outcome.report.source_map.segments.1.origin.primary.bci = 0
methods.1.outcome.report.source_map.segments.1.origin.primary.cp = null
methods.1.outcome.report.source_map.segments.1.origin.primary.method.descriptor = [40,90,41,73]
methods.1.outcome.report.source_map.segments.1.origin.primary.method.name = [97,110,100,87,104,105,108,101]
methods.1.outcome.report.source_map.segments.1.origin.primary.method.owner.class_bytes.digest = "52ddcc0b5ab5de0702266901380266b53498433df87ca02f4861c61c7f4c9b19"
methods.1.outcome.report.source_map.segments.1.origin.primary.method.owner.class_bytes.length = 419
methods.1.outcome.report.source_map.segments.1.origin.primary.method.owner.location.entry.ordinal = 3
methods.1.outcome.report.source_map.segments.1.origin.primary.method.owner.location.entry.origin.root_container = "root"
methods.1.outcome.report.source_map.segments.1.origin.primary.method.owner.location.entry.origin.snapshot = "7bd36d15403917ddfd030b4c0df2554ab5e9524733fb2161b280916e6cb6bb27"
methods.1.outcome.report.source_map.segments.1.origin.primary.method.owner.location.entry.origin.steps = []
methods.1.outcome.report.source_map.segments.1.origin.primary.method.owner.location.entry.raw_name = [99,102,48,55,47,76,111,111,112,67,97,115,101,115,46,99,108,97,115,115]
methods.1.outcome.report.source_map.segments.1.origin.primary.method.owner.location.kind = "archive_entry"
methods.1.outcome.report.source_map.segments.1.origin.primary.method.owner.variant.kind = "base"
methods.1.outcome.report.source_map.segments.1.origin.primary.provenance = "Direct"
methods.1.outcome.report.source_map.segments.1.start = 195
methods.1.outcome.report.source_map.segments.2.end = 198
methods.1.outcome.report.source_map.segments.2.origin.derived = []
methods.1.outcome.report.source_map.segments.2.origin.primary.bci = 1
methods.1.outcome.report.source_map.segments.2.origin.primary.cp = null
methods.1.outcome.report.source_map.segments.2.origin.primary.method.descriptor = [40,90,41,73]
methods.1.outcome.report.source_map.segments.2.origin.primary.method.name = [97,110,100,87,104,105,108,101]
methods.1.outcome.report.source_map.segments.2.origin.primary.method.owner.class_bytes.digest = "52ddcc0b5ab5de0702266901380266b53498433df87ca02f4861c61c7f4c9b19"
methods.1.outcome.report.source_map.segments.2.origin.primary.method.owner.class_bytes.length = 419
methods.1.outcome.report.source_map.segments.2.origin.primary.method.owner.location.entry.ordinal = 3
methods.1.outcome.report.source_map.segments.2.origin.primary.method.owner.location.entry.origin.root_container = "root"
methods.1.outcome.report.source_map.segments.2.origin.primary.method.owner.location.entry.origin.snapshot = "7bd36d15403917ddfd030b4c0df2554ab5e9524733fb2161b280916e6cb6bb27"
methods.1.outcome.report.source_map.segments.2.origin.primary.method.owner.location.entry.origin.steps = []
methods.1.outcome.report.source_map.segments.2.origin.primary.method.owner.location.entry.raw_name = [99,102,48,55,47,76,111,111,112,67,97,115,101,115,46,99,108,97,115,115]
methods.1.outcome.report.source_map.segments.2.origin.primary.method.owner.location.kind = "archive_entry"
methods.1.outcome.report.source_map.segments.2.origin.primary.method.owner.variant.kind = "base"
methods.1.outcome.report.source_map.segments.2.origin.primary.provenance = "Direct"
methods.1.outcome.report.source_map.segments.2.start = 182
methods.1.outcome.report.source_map.segments.3.end = 213
methods.1.outcome.report.source_map.segments.3.origin.derived.0.bci = 3
methods.1.outcome.report.source_map.segments.3.origin.derived.0.cp = null
methods.1.outcome.report.source_map.segments.3.origin.derived.0.method.descriptor = [40,90,41,73]
methods.1.outcome.report.source_map.segments.3.origin.derived.0.method.name = [97,110,100,87,104,105,108,101]
methods.1.outcome.report.source_map.segments.3.origin.derived.0.method.owner.class_bytes.digest = "52ddcc0b5ab5de0702266901380266b53498433df87ca02f4861c61c7f4c9b19"
methods.1.outcome.report.source_map.segments.3.origin.derived.0.method.owner.class_bytes.length = 419
methods.1.outcome.report.source_map.segments.3.origin.derived.0.method.owner.location.entry.ordinal = 3
methods.1.outcome.report.source_map.segments.3.origin.derived.0.method.owner.location.entry.origin.root_container = "root"
methods.1.outcome.report.source_map.segments.3.origin.derived.0.method.owner.location.entry.origin.snapshot = "7bd36d15403917ddfd030b4c0df2554ab5e9524733fb2161b280916e6cb6bb27"
methods.1.outcome.report.source_map.segments.3.origin.derived.0.method.owner.location.entry.origin.steps = []
methods.1.outcome.report.source_map.segments.3.origin.derived.0.method.owner.location.entry.raw_name = [99,102,48,55,47,76,111,111,112,67,97,115,101,115,46,99,108,97,115,115]
methods.1.outcome.report.source_map.segments.3.origin.derived.0.method.owner.location.kind = "archive_entry"
methods.1.outcome.report.source_map.segments.3.origin.derived.0.method.owner.variant.kind = "base"
methods.1.outcome.report.source_map.segments.3.origin.derived.0.provenance = "Derived"
methods.1.outcome.report.source_map.segments.3.origin.primary.bci = 2
methods.1.outcome.report.source_map.segments.3.origin.primary.cp = null
methods.1.outcome.report.source_map.segments.3.origin.primary.method.descriptor = [40,90,41,73]
methods.1.outcome.report.source_map.segments.3.origin.primary.method.name = [97,110,100,87,104,105,108,101]
methods.1.outcome.report.source_map.segments.3.origin.primary.method.owner.class_bytes.digest = "52ddcc0b5ab5de0702266901380266b53498433df87ca02f4861c61c7f4c9b19"
methods.1.outcome.report.source_map.segments.3.origin.primary.method.owner.class_bytes.length = 419
methods.1.outcome.report.source_map.segments.3.origin.primary.method.owner.location.entry.ordinal = 3
methods.1.outcome.report.source_map.segments.3.origin.primary.method.owner.location.entry.origin.root_container = "root"
methods.1.outcome.report.source_map.segments.3.origin.primary.method.owner.location.entry.origin.snapshot = "7bd36d15403917ddfd030b4c0df2554ab5e9524733fb2161b280916e6cb6bb27"
methods.1.outcome.report.source_map.segments.3.origin.primary.method.owner.location.entry.origin.steps = []
methods.1.outcome.report.source_map.segments.3.origin.primary.method.owner.location.entry.raw_name = [99,102,48,55,47,76,111,111,112,67,97,115,101,115,46,99,108,97,115,115]
methods.1.outcome.report.source_map.segments.3.origin.primary.method.owner.location.kind = "archive_entry"
methods.1.outcome.report.source_map.segments.3.origin.primary.method.owner.variant.kind = "base"
methods.1.outcome.report.source_map.segments.3.origin.primary.provenance = "Direct"
methods.1.outcome.report.source_map.segments.3.start = 209
methods.1.outcome.report.source_map.segments.4.end = 223
methods.1.outcome.report.source_map.segments.4.origin.derived = []
methods.1.outcome.report.source_map.segments.4.origin.primary.bci = 6
methods.1.outcome.report.source_map.segments.4.origin.primary.cp = null
methods.1.outcome.report.source_map.segments.4.origin.primary.method.descriptor = [40,90,41,73]
methods.1.outcome.report.source_map.segments.4.origin.primary.method.name = [97,110,100,87,104,105,108,101]
methods.1.outcome.report.source_map.segments.4.origin.primary.method.owner.class_bytes.digest = "52ddcc0b5ab5de0702266901380266b53498433df87ca02f4861c61c7f4c9b19"
methods.1.outcome.report.source_map.segments.4.origin.primary.method.owner.class_bytes.length = 419
methods.1.outcome.report.source_map.segments.4.origin.primary.method.owner.location.entry.ordinal = 3
methods.1.outcome.report.source_map.segments.4.origin.primary.method.owner.location.entry.origin.root_container = "root"
methods.1.outcome.report.source_map.segments.4.origin.primary.method.owner.location.entry.origin.snapshot = "7bd36d15403917ddfd030b4c0df2554ab5e9524733fb2161b280916e6cb6bb27"
methods.1.outcome.report.source_map.segments.4.origin.primary.method.owner.location.entry.origin.steps = []
methods.1.outcome.report.source_map.segments.4.origin.primary.method.owner.location.entry.raw_name = [99,102,48,55,47,76,111,111,112,67,97,115,101,115,46,99,108,97,115,115]
methods.1.outcome.report.source_map.segments.4.origin.primary.method.owner.location.kind = "archive_entry"
methods.1.outcome.report.source_map.segments.4.origin.primary.method.owner.variant.kind = "base"
methods.1.outcome.report.source_map.segments.4.origin.primary.provenance = "Direct"
methods.1.outcome.report.source_map.segments.4.start = 217
methods.1.outcome.report.source_map.segments.5.end = 228
methods.1.outcome.report.source_map.segments.5.origin.derived = []
methods.1.outcome.report.source_map.segments.5.origin.primary.bci = 7
methods.1.outcome.report.source_map.segments.5.origin.primary.cp = null
methods.1.outcome.report.source_map.segments.5.origin.primary.method.descriptor = [40,90,41,73]
methods.1.outcome.report.source_map.segments.5.origin.primary.method.name = [97,110,100,87,104,105,108,101]
methods.1.outcome.report.source_map.segments.5.origin.primary.method.owner.class_bytes.digest = "52ddcc0b5ab5de0702266901380266b53498433df87ca02f4861c61c7f4c9b19"
methods.1.outcome.report.source_map.segments.5.origin.primary.method.owner.class_bytes.length = 419
methods.1.outcome.report.source_map.segments.5.origin.primary.method.owner.location.entry.ordinal = 3
methods.1.outcome.report.source_map.segments.5.origin.primary.method.owner.location.entry.origin.root_container = "root"
methods.1.outcome.report.source_map.segments.5.origin.primary.method.owner.location.entry.origin.snapshot = "7bd36d15403917ddfd030b4c0df2554ab5e9524733fb2161b280916e6cb6bb27"
methods.1.outcome.report.source_map.segments.5.origin.primary.method.owner.location.entry.origin.steps = []
methods.1.outcome.report.source_map.segments.5.origin.primary.method.owner.location.entry.raw_name = [99,102,48,55,47,76,111,111,112,67,97,115,101,115,46,99,108,97,115,115]
methods.1.outcome.report.source_map.segments.5.origin.primary.method.owner.location.kind = "archive_entry"
methods.1.outcome.report.source_map.segments.5.origin.primary.method.owner.variant.kind = "base"
methods.1.outcome.report.source_map.segments.5.origin.primary.provenance = "Direct"
methods.1.outcome.report.source_map.segments.5.start = 226
methods.1.outcome.report.source_map.segments.6.end = 228
methods.1.outcome.report.source_map.segments.6.origin.derived.0.bci = 9
methods.1.outcome.report.source_map.segments.6.origin.derived.0.cp = null
methods.1.outcome.report.source_map.segments.6.origin.derived.0.method.descriptor = [40,90,41,73]
methods.1.outcome.report.source_map.segments.6.origin.derived.0.method.name = [97,110,100,87,104,105,108,101]
methods.1.outcome.report.source_map.segments.6.origin.derived.0.method.owner.class_bytes.digest = "52ddcc0b5ab5de0702266901380266b53498433df87ca02f4861c61c7f4c9b19"
methods.1.outcome.report.source_map.segments.6.origin.derived.0.method.owner.class_bytes.length = 419
methods.1.outcome.report.source_map.segments.6.origin.derived.0.method.owner.location.entry.ordinal = 3
methods.1.outcome.report.source_map.segments.6.origin.derived.0.method.owner.location.entry.origin.root_container = "root"
methods.1.outcome.report.source_map.segments.6.origin.derived.0.method.owner.location.entry.origin.snapshot = "7bd36d15403917ddfd030b4c0df2554ab5e9524733fb2161b280916e6cb6bb27"
methods.1.outcome.report.source_map.segments.6.origin.derived.0.method.owner.location.entry.origin.steps = []
methods.1.outcome.report.source_map.segments.6.origin.derived.0.method.owner.location.entry.raw_name = [99,102,48,55,47,76,111,111,112,67,97,115,101,115,46,99,108,97,115,115]
methods.1.outcome.report.source_map.segments.6.origin.derived.0.method.owner.location.kind = "archive_entry"
methods.1.outcome.report.source_map.segments.6.origin.derived.0.method.owner.variant.kind = "base"
methods.1.outcome.report.source_map.segments.6.origin.derived.0.provenance = "Derived"
methods.1.outcome.report.source_map.segments.6.origin.primary.bci = 6
methods.1.outcome.report.source_map.segments.6.origin.primary.cp = null
methods.1.outcome.report.source_map.segments.6.origin.primary.method.descriptor = [40,90,41,73]
methods.1.outcome.report.source_map.segments.6.origin.primary.method.name = [97,110,100,87,104,105,108,101]
methods.1.outcome.report.source_map.segments.6.origin.primary.method.owner.class_bytes.digest = "52ddcc0b5ab5de0702266901380266b53498433df87ca02f4861c61c7f4c9b19"
methods.1.outcome.report.source_map.segments.6.origin.primary.method.owner.class_bytes.length = 419
methods.1.outcome.report.source_map.segments.6.origin.primary.method.owner.location.entry.ordinal = 3
methods.1.outcome.report.source_map.segments.6.origin.primary.method.owner.location.entry.origin.root_container = "root"
methods.1.outcome.report.source_map.segments.6.origin.primary.method.owner.location.entry.origin.snapshot = "7bd36d15403917ddfd030b4c0df2554ab5e9524733fb2161b280916e6cb6bb27"
methods.1.outcome.report.source_map.segments.6.origin.primary.method.owner.location.entry.origin.steps = []
methods.1.outcome.report.source_map.segments.6.origin.primary.method.owner.location.entry.raw_name = [99,102,48,55,47,76,111,111,112,67,97,115,101,115,46,99,108,97,115,115]
methods.1.outcome.report.source_map.segments.6.origin.primary.method.owner.location.kind = "archive_entry"
methods.1.outcome.report.source_map.segments.6.origin.primary.method.owner.variant.kind = "base"
methods.1.outcome.report.source_map.segments.6.origin.primary.provenance = "Direct"
methods.1.outcome.report.source_map.segments.6.start = 217
methods.1.outcome.report.source_map.segments.7.end = 228
methods.1.outcome.report.source_map.segments.7.origin.derived.0.bci = 9
methods.1.outcome.report.source_map.segments.7.origin.derived.0.cp = null
methods.1.outcome.report.source_map.segments.7.origin.derived.0.method.descriptor = [40,90,41,73]
methods.1.outcome.report.source_map.segments.7.origin.derived.0.method.name = [97,110,100,87,104,105,108,101]
methods.1.outcome.report.source_map.segments.7.origin.derived.0.method.owner.class_bytes.digest = "52ddcc0b5ab5de0702266901380266b53498433df87ca02f4861c61c7f4c9b19"
methods.1.outcome.report.source_map.segments.7.origin.derived.0.method.owner.class_bytes.length = 419
methods.1.outcome.report.source_map.segments.7.origin.derived.0.method.owner.location.entry.ordinal = 3
methods.1.outcome.report.source_map.segments.7.origin.derived.0.method.owner.location.entry.origin.root_container = "root"
methods.1.outcome.report.source_map.segments.7.origin.derived.0.method.owner.location.entry.origin.snapshot = "7bd36d15403917ddfd030b4c0df2554ab5e9524733fb2161b280916e6cb6bb27"
methods.1.outcome.report.source_map.segments.7.origin.derived.0.method.owner.location.entry.origin.steps = []
methods.1.outcome.report.source_map.segments.7.origin.derived.0.method.owner.location.entry.raw_name = [99,102,48,55,47,76,111,111,112,67,97,115,101,115,46,99,108,97,115,115]
methods.1.outcome.report.source_map.segments.7.origin.derived.0.method.owner.location.kind = "archive_entry"
methods.1.outcome.report.source_map.segments.7.origin.derived.0.method.owner.variant.kind = "base"
methods.1.outcome.report.source_map.segments.7.origin.derived.0.provenance = "Derived"
methods.1.outcome.report.source_map.segments.7.origin.primary.bci = 3
methods.1.outcome.report.source_map.segments.7.origin.primary.cp = null
methods.1.outcome.report.source_map.segments.7.origin.primary.method.descriptor = [40,90,41,73]
methods.1.outcome.report.source_map.segments.7.origin.primary.method.name = [97,110,100,87,104,105,108,101]
methods.1.outcome.report.source_map.segments.7.origin.primary.method.owner.class_bytes.digest = "52ddcc0b5ab5de0702266901380266b53498433df87ca02f4861c61c7f4c9b19"
methods.1.outcome.report.source_map.segments.7.origin.primary.method.owner.class_bytes.length = 419
methods.1.outcome.report.source_map.segments.7.origin.primary.method.owner.location.entry.ordinal = 3
methods.1.outcome.report.source_map.segments.7.origin.primary.method.owner.location.entry.origin.root_container = "root"
methods.1.outcome.report.source_map.segments.7.origin.primary.method.owner.location.entry.origin.snapshot = "7bd36d15403917ddfd030b4c0df2554ab5e9524733fb2161b280916e6cb6bb27"
methods.1.outcome.report.source_map.segments.7.origin.primary.method.owner.location.entry.origin.steps = []
methods.1.outcome.report.source_map.segments.7.origin.primary.method.owner.location.entry.raw_name = [99,102,48,55,47,76,111,111,112,67,97,115,101,115,46,99,108,97,115,115]
methods.1.outcome.report.source_map.segments.7.origin.primary.method.owner.location.kind = "archive_entry"
methods.1.outcome.report.source_map.segments.7.origin.primary.method.owner.variant.kind = "base"
methods.1.outcome.report.source_map.segments.7.origin.primary.provenance = "Direct"
methods.1.outcome.report.source_map.segments.7.start = 209
methods.1.outcome.report.source_map.segments.8.end = 255
methods.1.outcome.report.source_map.segments.8.origin.derived = []
methods.1.outcome.report.source_map.segments.8.origin.primary.bci = 12
methods.1.outcome.report.source_map.segments.8.origin.primary.cp = null
methods.1.outcome.report.source_map.segments.8.origin.primary.method.descriptor = [40,90,41,73]
methods.1.outcome.report.source_map.segments.8.origin.primary.method.name = [97,110,100,87,104,105,108,101]
methods.1.outcome.report.source_map.segments.8.origin.primary.method.owner.class_bytes.digest = "52ddcc0b5ab5de0702266901380266b53498433df87ca02f4861c61c7f4c9b19"
methods.1.outcome.report.source_map.segments.8.origin.primary.method.owner.class_bytes.length = 419
methods.1.outcome.report.source_map.segments.8.origin.primary.method.owner.location.entry.ordinal = 3
methods.1.outcome.report.source_map.segments.8.origin.primary.method.owner.location.entry.origin.root_container = "root"
methods.1.outcome.report.source_map.segments.8.origin.primary.method.owner.location.entry.origin.snapshot = "7bd36d15403917ddfd030b4c0df2554ab5e9524733fb2161b280916e6cb6bb27"
methods.1.outcome.report.source_map.segments.8.origin.primary.method.owner.location.entry.origin.steps = []
methods.1.outcome.report.source_map.segments.8.origin.primary.method.owner.location.entry.raw_name = [99,102,48,55,47,76,111,111,112,67,97,115,101,115,46,99,108,97,115,115]
methods.1.outcome.report.source_map.segments.8.origin.primary.method.owner.location.kind = "archive_entry"
methods.1.outcome.report.source_map.segments.8.origin.primary.method.owner.variant.kind = "base"
methods.1.outcome.report.source_map.segments.8.origin.primary.provenance = "Direct"
methods.1.outcome.report.source_map.segments.8.start = 249
methods.1.outcome.report.source_map.segments.9.end = 259
methods.1.outcome.report.source_map.segments.9.origin.derived = []
methods.1.outcome.report.source_map.segments.9.origin.primary.bci = 12
methods.1.outcome.report.source_map.segments.9.origin.primary.cp = null
methods.1.outcome.report.source_map.segments.9.origin.primary.method.descriptor = [40,90,41,73]
methods.1.outcome.report.source_map.segments.9.origin.primary.method.name = [97,110,100,87,104,105,108,101]
methods.1.outcome.report.source_map.segments.9.origin.primary.method.owner.class_bytes.digest = "52ddcc0b5ab5de0702266901380266b53498433df87ca02f4861c61c7f4c9b19"
methods.1.outcome.report.source_map.segments.9.origin.primary.method.owner.class_bytes.length = 419
methods.1.outcome.report.source_map.segments.9.origin.primary.method.owner.location.entry.ordinal = 3
methods.1.outcome.report.source_map.segments.9.origin.primary.method.owner.location.entry.origin.root_container = "root"
methods.1.outcome.report.source_map.segments.9.origin.primary.method.owner.location.entry.origin.snapshot = "7bd36d15403917ddfd030b4c0df2554ab5e9524733fb2161b280916e6cb6bb27"
methods.1.outcome.report.source_map.segments.9.origin.primary.method.owner.location.entry.origin.steps = []
methods.1.outcome.report.source_map.segments.9.origin.primary.method.owner.location.entry.raw_name = [99,102,48,55,47,76,111,111,112,67,97,115,101,115,46,99,108,97,115,115]
methods.1.outcome.report.source_map.segments.9.origin.primary.method.owner.location.kind = "archive_entry"
methods.1.outcome.report.source_map.segments.9.origin.primary.method.owner.variant.kind = "base"
methods.1.outcome.report.source_map.segments.9.origin.primary.provenance = "Direct"
methods.1.outcome.report.source_map.segments.9.start = 258
methods.1.outcome.report.source_map.segments.10.end = 259
methods.1.outcome.report.source_map.segments.10.origin.derived = []
methods.1.outcome.report.source_map.segments.10.origin.primary.bci = 12
methods.1.outcome.report.source_map.segments.10.origin.primary.cp = null
methods.1.outcome.report.source_map.segments.10.origin.primary.method.descriptor = [40,90,41,73]
methods.1.outcome.report.source_map.segments.10.origin.primary.method.name = [97,110,100,87,104,105,108,101]
methods.1.outcome.report.source_map.segments.10.origin.primary.method.owner.class_bytes.digest = "52ddcc0b5ab5de0702266901380266b53498433df87ca02f4861c61c7f4c9b19"
methods.1.outcome.report.source_map.segments.10.origin.primary.method.owner.class_bytes.length = 419
methods.1.outcome.report.source_map.segments.10.origin.primary.method.owner.location.entry.ordinal = 3
methods.1.outcome.report.source_map.segments.10.origin.primary.method.owner.location.entry.origin.root_container = "root"
methods.1.outcome.report.source_map.segments.10.origin.primary.method.owner.location.entry.origin.snapshot = "7bd36d15403917ddfd030b4c0df2554ab5e9524733fb2161b280916e6cb6bb27"
methods.1.outcome.report.source_map.segments.10.origin.primary.method.owner.location.entry.origin.steps = []
methods.1.outcome.report.source_map.segments.10.origin.primary.method.owner.location.entry.raw_name = [99,102,48,55,47,76,111,111,112,67,97,115,101,115,46,99,108,97,115,115]
methods.1.outcome.report.source_map.segments.10.origin.primary.method.owner.location.kind = "archive_entry"
methods.1.outcome.report.source_map.segments.10.origin.primary.method.owner.variant.kind = "base"
methods.1.outcome.report.source_map.segments.10.origin.primary.provenance = "Direct"
methods.1.outcome.report.source_map.segments.10.start = 249
methods.1.outcome.report.source_map.segments.11.end = 261
methods.1.outcome.report.source_map.segments.11.origin.derived = []
methods.1.outcome.report.source_map.segments.11.origin.primary.bci = 12
methods.1.outcome.report.source_map.segments.11.origin.primary.cp = null
methods.1.outcome.report.source_map.segments.11.origin.primary.method.descriptor = [40,90,41,73]
methods.1.outcome.report.source_map.segments.11.origin.primary.method.name = [97,110,100,87,104,105,108,101]
methods.1.outcome.report.source_map.segments.11.origin.primary.method.owner.class_bytes.digest = "52ddcc0b5ab5de0702266901380266b53498433df87ca02f4861c61c7f4c9b19"
methods.1.outcome.report.source_map.segments.11.origin.primary.method.owner.class_bytes.length = 419
methods.1.outcome.report.source_map.segments.11.origin.primary.method.owner.location.entry.ordinal = 3
methods.1.outcome.report.source_map.segments.11.origin.primary.method.owner.location.entry.origin.root_container = "root"
methods.1.outcome.report.source_map.segments.11.origin.primary.method.owner.location.entry.origin.snapshot = "7bd36d15403917ddfd030b4c0df2554ab5e9524733fb2161b280916e6cb6bb27"
methods.1.outcome.report.source_map.segments.11.origin.primary.method.owner.location.entry.origin.steps = []
methods.1.outcome.report.source_map.segments.11.origin.primary.method.owner.location.entry.raw_name = [99,102,48,55,47,76,111,111,112,67,97,115,101,115,46,99,108,97,115,115]
methods.1.outcome.report.source_map.segments.11.origin.primary.method.owner.location.kind = "archive_entry"
methods.1.outcome.report.source_map.segments.11.origin.primary.method.owner.variant.kind = "base"
methods.1.outcome.report.source_map.segments.11.origin.primary.provenance = "Direct"
methods.1.outcome.report.source_map.segments.11.start = 232
methods.1.outcome.report.source_map.segments.12.end = 267
methods.1.outcome.report.source_map.segments.12.origin.derived = []
methods.1.outcome.report.source_map.segments.12.origin.primary.bci = 3
methods.1.outcome.report.source_map.segments.12.origin.primary.cp = null
methods.1.outcome.report.source_map.segments.12.origin.primary.method.descriptor = [40,90,41,73]
methods.1.outcome.report.source_map.segments.12.origin.primary.method.name = [97,110,100,87,104,105,108,101]
methods.1.outcome.report.source_map.segments.12.origin.primary.method.owner.class_bytes.digest = "52ddcc0b5ab5de0702266901380266b53498433df87ca02f4861c61c7f4c9b19"
methods.1.outcome.report.source_map.segments.12.origin.primary.method.owner.class_bytes.length = 419
methods.1.outcome.report.source_map.segments.12.origin.primary.method.owner.location.entry.ordinal = 3
methods.1.outcome.report.source_map.segments.12.origin.primary.method.owner.location.entry.origin.root_container = "root"
methods.1.outcome.report.source_map.segments.12.origin.primary.method.owner.location.entry.origin.snapshot = "7bd36d15403917ddfd030b4c0df2554ab5e9524733fb2161b280916e6cb6bb27"
methods.1.outcome.report.source_map.segments.12.origin.primary.method.owner.location.entry.origin.steps = []
methods.1.outcome.report.source_map.segments.12.origin.primary.method.owner.location.entry.raw_name = [99,102,48,55,47,76,111,111,112,67,97,115,101,115,46,99,108,97,115,115]
methods.1.outcome.report.source_map.segments.12.origin.primary.method.owner.location.kind = "archive_entry"
methods.1.outcome.report.source_map.segments.12.origin.primary.method.owner.variant.kind = "base"
methods.1.outcome.report.source_map.segments.12.origin.primary.provenance = "Direct"
methods.1.outcome.report.source_map.segments.12.start = 198
methods.1.outcome.report.source_map.segments.13.end = 284
methods.1.outcome.report.source_map.segments.13.origin.derived = []
methods.1.outcome.report.source_map.segments.13.origin.primary.bci = 18
methods.1.outcome.report.source_map.segments.13.origin.primary.cp = null
methods.1.outcome.report.source_map.segments.13.origin.primary.method.descriptor = [40,90,41,73]
methods.1.outcome.report.source_map.segments.13.origin.primary.method.name = [97,110,100,87,104,105,108,101]
methods.1.outcome.report.source_map.segments.13.origin.primary.method.owner.class_bytes.digest = "52ddcc0b5ab5de0702266901380266b53498433df87ca02f4861c61c7f4c9b19"
methods.1.outcome.report.source_map.segments.13.origin.primary.method.owner.class_bytes.length = 419
methods.1.outcome.report.source_map.segments.13.origin.primary.method.owner.location.entry.ordinal = 3
methods.1.outcome.report.source_map.segments.13.origin.primary.method.owner.location.entry.origin.root_container = "root"
methods.1.outcome.report.source_map.segments.13.origin.primary.method.owner.location.entry.origin.snapshot = "7bd36d15403917ddfd030b4c0df2554ab5e9524733fb2161b280916e6cb6bb27"
methods.1.outcome.report.source_map.segments.13.origin.primary.method.owner.location.entry.origin.steps = []
methods.1.outcome.report.source_map.segments.13.origin.primary.method.owner.location.entry.raw_name = [99,102,48,55,47,76,111,111,112,67,97,115,101,115,46,99,108,97,115,115]
methods.1.outcome.report.source_map.segments.13.origin.primary.method.owner.location.kind = "archive_entry"
methods.1.outcome.report.source_map.segments.13.origin.primary.method.owner.variant.kind = "base"
methods.1.outcome.report.source_map.segments.13.origin.primary.provenance = "Direct"
methods.1.outcome.report.source_map.segments.13.start = 278
methods.1.outcome.report.source_map.segments.14.end = 286
methods.1.outcome.report.source_map.segments.14.origin.derived = []
methods.1.outcome.report.source_map.segments.14.origin.primary.bci = 19
methods.1.outcome.report.source_map.segments.14.origin.primary.cp = null
methods.1.outcome.report.source_map.segments.14.origin.primary.method.descriptor = [40,90,41,73]
methods.1.outcome.report.source_map.segments.14.origin.primary.method.name = [97,110,100,87,104,105,108,101]
methods.1.outcome.report.source_map.segments.14.origin.primary.method.owner.class_bytes.digest = "52ddcc0b5ab5de0702266901380266b53498433df87ca02f4861c61c7f4c9b19"
methods.1.outcome.report.source_map.segments.14.origin.primary.method.owner.class_bytes.length = 419
methods.1.outcome.report.source_map.segments.14.origin.primary.method.owner.location.entry.ordinal = 3
methods.1.outcome.report.source_map.segments.14.origin.primary.method.owner.location.entry.origin.root_container = "root"
methods.1.outcome.report.source_map.segments.14.origin.primary.method.owner.location.entry.origin.snapshot = "7bd36d15403917ddfd030b4c0df2554ab5e9524733fb2161b280916e6cb6bb27"
methods.1.outcome.report.source_map.segments.14.origin.primary.method.owner.location.entry.origin.steps = []
methods.1.outcome.report.source_map.segments.14.origin.primary.method.owner.location.entry.raw_name = [99,102,48,55,47,76,111,111,112,67,97,115,101,115,46,99,108,97,115,115]
methods.1.outcome.report.source_map.segments.14.origin.primary.method.owner.location.kind = "archive_entry"
methods.1.outcome.report.source_map.segments.14.origin.primary.method.owner.variant.kind = "base"
methods.1.outcome.report.source_map.segments.14.origin.primary.provenance = "Direct"
methods.1.outcome.report.source_map.segments.14.start = 267
methods.1.outcome.report.syntax_status = "unchecked"
methods.1.outcome.report.text = "// @method andWhile(Z)I\n// @declaration a static method of `cf07.LoopCases`, member flags 0x0009\n// recovered from bytecode; presentation is not claimed to compile\n{\n    int local1;\n    local1 = 0;\n    while (arg0 && local1 < 10) {\n        local1 = local1 + 1;\n    }\n    return local1;\n}\n"
methods.1.outcome.report.verification = "not_performed"
methods.1.parameter_annotations.attributes = []
methods.1.parameter_annotations.refusals = []
methods.1.parameter_annotations.uses_by_position = [[]]
methods.1.text = "    public static int andWhile(boolean arg0) {\n        // @method andWhile(Z)I\n        // @declaration a static method of `cf07.LoopCases`, member flags 0x0009\n        // recovered from bytecode; presentation is not claimed to compile\n        int local1;\n        local1 = 0;\n        while (arg0 && local1 < 10) {\n            local1 = local1 + 1;\n        }\n        return local1;\n    }\n"
methods.1.type_annotations.attributes = []
methods.1.type_annotations.field_uses = []
methods.1.type_annotations.parameter_uses = [[]]
methods.1.type_annotations.refusals = []
methods.1.type_annotations.return_uses = []
methods.2.annotations.attributes = []
methods.2.annotations.refusals = []
methods.2.annotations.uses = []
methods.2.declaration = "public static int counted(int arg0, int arg1)"
methods.2.item.access_flags = 9
methods.2.item.body.content_span.length = 68
methods.2.item.body.content_span.start = 277
methods.2.item.body.kind = "code_attribute"
methods.2.item.descriptor.escaped = "(II)I"
methods.2.item.descriptor.raw = [40,73,73,41,73]
methods.2.item.descriptor.utf16 = [40,73,73,41,73]
methods.2.item.identity.descriptor = [40,73,73,41,73]
methods.2.item.identity.name = [99,111,117,110,116,101,100]
methods.2.item.identity.owner.class_bytes.digest = "52ddcc0b5ab5de0702266901380266b53498433df87ca02f4861c61c7f4c9b19"
methods.2.item.identity.owner.class_bytes.length = 419
methods.2.item.identity.owner.location.entry.ordinal = 3
methods.2.item.identity.owner.location.entry.origin.root_container = "root"
methods.2.item.identity.owner.location.entry.origin.snapshot = "7bd36d15403917ddfd030b4c0df2554ab5e9524733fb2161b280916e6cb6bb27"
methods.2.item.identity.owner.location.entry.origin.steps = []
methods.2.item.identity.owner.location.entry.raw_name = [99,102,48,55,47,76,111,111,112,67,97,115,101,115,46,99,108,97,115,115]
methods.2.item.identity.owner.location.kind = "archive_entry"
methods.2.item.identity.owner.variant.kind = "base"
methods.2.item.index = 2
methods.2.item.name.escaped = "counted"
methods.2.item.name.raw = [99,111,117,110,116,101,100]
methods.2.item.name.utf16 = [99,111,117,110,116,101,100]
methods.2.markers = []
methods.2.no_body_kind = null
methods.2.outcome.analysis.diagnostics = 0
methods.2.outcome.analysis.execution.status = "complete"
methods.2.outcome.analysis.execution.usage.analysis_steps = 441
methods.2.outcome.analysis.execution.usage.archive_entries = 14
methods.2.outcome.analysis.execution.usage.attribute_bytes = 572
methods.2.outcome.analysis.execution.usage.class_bytes = 838
methods.2.outcome.analysis.execution.usage.class_headers = 1
methods.2.outcome.analysis.execution.usage.code_bytes = 63
methods.2.outcome.analysis.execution.usage.dependency_depth = 0
methods.2.outcome.analysis.execution.usage.elapsed_millis = 36
methods.2.outcome.analysis.execution.usage.entry_bytes = 419
methods.2.outcome.analysis.execution.usage.input_bytes = 1368
methods.2.outcome.analysis.execution.usage.ir_edges = 115
methods.2.outcome.analysis.execution.usage.ir_items = 1097
methods.2.outcome.analysis.execution.usage.method_bodies = 3
methods.2.outcome.analysis.execution.usage.nested_depth = 0
methods.2.outcome.analysis.execution.usage.normalization_clones = 0
methods.2.outcome.analysis.execution.usage.output_bytes = 476
methods.2.outcome.analysis.execution.usage.read_bytes = 340
methods.2.outcome.analysis.execution.usage.result_items = 21
methods.2.outcome.kind = "recovered"
methods.2.outcome.report.accessors = []
methods.2.outcome.report.aliased_names = []
methods.2.outcome.report.artifact.agreement.state = "not_stated"
methods.2.outcome.report.artifact.binding.engine = "0.1.0"
methods.2.outcome.report.artifact.binding.environment.content = ["7bd36d15403917ddfd030b4c0df2554ab5e9524733fb2161b280916e6cb6bb27"]
methods.2.outcome.report.artifact.binding.environment.domain_loaders = ["app"]
methods.2.outcome.report.artifact.binding.environment.providers = []
methods.2.outcome.report.artifact.binding.environment.runtime.load_domain.delegation.kind = "parent_first"
methods.2.outcome.report.artifact.binding.environment.runtime.load_domain.external_override = "none"
methods.2.outcome.report.artifact.binding.environment.runtime.load_domain.loader = "app"
methods.2.outcome.report.artifact.binding.environment.runtime.load_domain.module_mode.kind = "class_path"
methods.2.outcome.report.artifact.binding.environment.runtime.load_domain.parent_loader = null
methods.2.outcome.report.artifact.binding.environment.runtime.load_domain.roots.0.kind = "container"
methods.2.outcome.report.artifact.binding.environment.runtime.load_domain.roots.0.origin.root_container = "root"
methods.2.outcome.report.artifact.binding.environment.runtime.load_domain.roots.0.origin.snapshot = "7bd36d15403917ddfd030b4c0df2554ab5e9524733fb2161b280916e6cb6bb27"
methods.2.outcome.report.artifact.binding.environment.runtime.load_domain.roots.0.origin.steps = []
methods.2.outcome.report.artifact.binding.environment.runtime.load_domain.roots.0.prefix = []
methods.2.outcome.report.artifact.binding.environment.runtime.load_domain.runtime_transformation = "none"
methods.2.outcome.report.artifact.binding.environment.runtime.physical.scope.kind = "snapshot_all"
methods.2.outcome.report.artifact.binding.environment.runtime.physical.snapshot = "7bd36d15403917ddfd030b4c0df2554ab5e9524733fb2161b280916e6cb6bb27"
methods.2.outcome.report.artifact.binding.environment.runtime.profile.java_release = 8
methods.2.outcome.report.artifact.binding.environment.runtime.profile.layout.kind = "generic"
methods.2.outcome.report.artifact.binding.environment.runtime.profile.multi_release.kind = "disabled"
methods.2.outcome.report.artifact.binding.member_ordinal = 2
methods.2.outcome.report.artifact.binding.method.descriptor = [40,73,73,41,73]
methods.2.outcome.report.artifact.binding.method.name = [99,111,117,110,116,101,100]
methods.2.outcome.report.artifact.binding.method.owner.class_bytes.digest = "52ddcc0b5ab5de0702266901380266b53498433df87ca02f4861c61c7f4c9b19"
methods.2.outcome.report.artifact.binding.method.owner.class_bytes.length = 419
methods.2.outcome.report.artifact.binding.method.owner.location.entry.ordinal = 3
methods.2.outcome.report.artifact.binding.method.owner.location.entry.origin.root_container = "root"
methods.2.outcome.report.artifact.binding.method.owner.location.entry.origin.snapshot = "7bd36d15403917ddfd030b4c0df2554ab5e9524733fb2161b280916e6cb6bb27"
methods.2.outcome.report.artifact.binding.method.owner.location.entry.origin.steps = []
methods.2.outcome.report.artifact.binding.method.owner.location.entry.raw_name = [99,102,48,55,47,76,111,111,112,67,97,115,101,115,46,99,108,97,115,115]
methods.2.outcome.report.artifact.binding.method.owner.location.kind = "archive_entry"
methods.2.outcome.report.artifact.binding.method.owner.variant.kind = "base"
methods.2.outcome.report.artifact.binding.profile.java_release = 8
methods.2.outcome.report.artifact.binding.profile.layout.kind = "generic"
methods.2.outcome.report.artifact.binding.profile.multi_release.kind = "disabled"
methods.2.outcome.report.artifact.binding.registry = 71
methods.2.outcome.report.artifact.binding.rules = ["straight@1","if@1","loop@1","switch@1","lambda@1","concat@1","bridge@1","accessor@1","new@1","field@1","enumswitch@1","init@1","declaration@1","twr@1","monitor@1","finally@1"]
methods.2.outcome.report.artifact.binding.schema = 1
methods.2.outcome.report.artifact.binding.text_bytes = 472
methods.2.outcome.report.artifact.binding.text_digest = "bba884d9db7bd491f4b61030d084b5bd"
methods.2.outcome.report.bridges = []
methods.2.outcome.report.compile_status = "not_attempted"
methods.2.outcome.report.concats = []
methods.2.outcome.report.content = "contains_statements"
methods.2.outcome.report.declaration = null
methods.2.outcome.report.diagnostics.0.code = "jre_recovery_produced"
methods.2.outcome.report.diagnostics.0.message = "3 region(s), 11 statement(s), 34 segment(s), 472 byte(s) written from 7 canonical block(s)"
methods.2.outcome.report.diagnostics.0.provenance = null
methods.2.outcome.report.diagnostics.0.severity = "info"
methods.2.outcome.report.diagnostics.1.code = "jre_declaration"
methods.2.outcome.report.diagnostics.1.message = "the artifact's envelope states the member's declaration under declaration@1: a static method"
methods.2.outcome.report.diagnostics.1.provenance = null
methods.2.outcome.report.diagnostics.1.severity = "info"
methods.2.outcome.report.enum_switches = []
methods.2.outcome.report.evidence.categories.0.kind = "source_map"
methods.2.outcome.report.evidence.categories.0.state.state = "complete"
methods.2.outcome.report.evidence.categories.1.kind = "region_details"
methods.2.outcome.report.evidence.categories.1.state.state = "not_requested"
methods.2.outcome.report.evidence.categories.2.kind = "rule_details"
methods.2.outcome.report.evidence.categories.2.state.state = "not_requested"
methods.2.outcome.report.evidence.categories.3.kind = "name_details"
methods.2.outcome.report.evidence.categories.3.state.state = "not_requested"
methods.2.outcome.report.evidence.categories.4.kind = "read_details"
methods.2.outcome.report.evidence.categories.4.state.state = "not_requested"
methods.2.outcome.report.evidence.requested.driver_bci_range = null
methods.2.outcome.report.evidence.requested.expected_artifact = null
methods.2.outcome.report.evidence.requested.kinds = ["source_map"]
methods.2.outcome.report.execution.status = "complete"
methods.2.outcome.report.execution.usage.analysis_steps = 804
methods.2.outcome.report.execution.usage.archive_entries = 14
methods.2.outcome.report.execution.usage.attribute_bytes = 572
methods.2.outcome.report.execution.usage.class_bytes = 838
methods.2.outcome.report.execution.usage.class_headers = 1
methods.2.outcome.report.execution.usage.code_bytes = 63
methods.2.outcome.report.execution.usage.dependency_depth = 0
methods.2.outcome.report.execution.usage.elapsed_millis = 37
methods.2.outcome.report.execution.usage.entry_bytes = 419
methods.2.outcome.report.execution.usage.input_bytes = 1368
methods.2.outcome.report.execution.usage.ir_edges = 123
methods.2.outcome.report.execution.usage.ir_items = 1280
methods.2.outcome.report.execution.usage.method_bodies = 3
methods.2.outcome.report.execution.usage.nested_depth = 0
methods.2.outcome.report.execution.usage.normalization_clones = 0
methods.2.outcome.report.execution.usage.output_bytes = 948
methods.2.outcome.report.execution.usage.read_bytes = 340
methods.2.outcome.report.execution.usage.result_items = 21
methods.2.outcome.report.fallbacks = []
methods.2.outcome.report.fields = []
methods.2.outcome.report.init = null
methods.2.outcome.report.lambdas = []
methods.2.outcome.report.method = "counted(II)I"
methods.2.outcome.report.news = []
methods.2.outcome.report.outcome = "produced"
methods.2.outcome.report.profile.java_release = 8
methods.2.outcome.report.profile.layout.kind = "generic"
methods.2.outcome.report.profile.multi_release.kind = "disabled"
methods.2.outcome.report.quality = "structured"
methods.2.outcome.report.regions = []
methods.2.outcome.report.representation = "java"
methods.2.outcome.report.rules = []
methods.2.outcome.report.semantic_validation = "unproven"
methods.2.outcome.report.source_map.segments.0.end = 182
methods.2.outcome.report.source_map.segments.0.origin.derived = []
methods.2.outcome.report.source_map.segments.0.origin.primary.bci = 3
methods.2.outcome.report.source_map.segments.0.origin.primary.cp = null
methods.2.outcome.report.source_map.segments.0.origin.primary.method.descriptor = [40,73,73,41,73]
methods.2.outcome.report.source_map.segments.0.origin.primary.method.name = [99,111,117,110,116,101,100]
methods.2.outcome.report.source_map.segments.0.origin.primary.method.owner.class_bytes.digest = "52ddcc0b5ab5de0702266901380266b53498433df87ca02f4861c61c7f4c9b19"
methods.2.outcome.report.source_map.segments.0.origin.primary.method.owner.class_bytes.length = 419
methods.2.outcome.report.source_map.segments.0.origin.primary.method.owner.location.entry.ordinal = 3
methods.2.outcome.report.source_map.segments.0.origin.primary.method.owner.location.entry.origin.root_container = "root"
methods.2.outcome.report.source_map.segments.0.origin.primary.method.owner.location.entry.origin.snapshot = "7bd36d15403917ddfd030b4c0df2554ab5e9524733fb2161b280916e6cb6bb27"
methods.2.outcome.report.source_map.segments.0.origin.primary.method.owner.location.entry.origin.steps = []
methods.2.outcome.report.source_map.segments.0.origin.primary.method.owner.location.entry.raw_name = [99,102,48,55,47,76,111,111,112,67,97,115,101,115,46,99,108,97,115,115]
methods.2.outcome.report.source_map.segments.0.origin.primary.method.owner.location.kind = "archive_entry"
methods.2.outcome.report.source_map.segments.0.origin.primary.method.owner.variant.kind = "base"
methods.2.outcome.report.source_map.segments.0.origin.primary.provenance = "Direct"
methods.2.outcome.report.source_map.segments.0.start = 166
methods.2.outcome.report.source_map.segments.1.end = 198
methods.2.outcome.report.source_map.segments.1.origin.derived = []
methods.2.outcome.report.source_map.segments.1.origin.primary.bci = 5
methods.2.outcome.report.source_map.segments.1.origin.primary.cp = null
methods.2.outcome.report.source_map.segments.1.origin.primary.method.descriptor = [40,73,73,41,73]
methods.2.outcome.report.source_map.segments.1.origin.primary.method.name = [99,111,117,110,116,101,100]
methods.2.outcome.report.source_map.segments.1.origin.primary.method.owner.class_bytes.digest = "52ddcc0b5ab5de0702266901380266b53498433df87ca02f4861c61c7f4c9b19"
methods.2.outcome.report.source_map.segments.1.origin.primary.method.owner.class_bytes.length = 419
methods.2.outcome.report.source_map.segments.1.origin.primary.method.owner.location.entry.ordinal = 3
methods.2.outcome.report.source_map.segments.1.origin.primary.method.owner.location.entry.origin.root_container = "root"
methods.2.outcome.report.source_map.segments.1.origin.primary.method.owner.location.entry.origin.snapshot = "7bd36d15403917ddfd030b4c0df2554ab5e9524733fb2161b280916e6cb6bb27"
methods.2.outcome.report.source_map.segments.1.origin.primary.method.owner.location.entry.origin.steps = []
methods.2.outcome.report.source_map.segments.1.origin.primary.method.owner.location.entry.raw_name = [99,102,48,55,47,76,111,111,112,67,97,115,101,115,46,99,108,97,115,115]
methods.2.outcome.report.source_map.segments.1.origin.primary.method.owner.location.kind = "archive_entry"
methods.2.outcome.report.source_map.segments.1.origin.primary.method.owner.variant.kind = "base"
methods.2.outcome.report.source_map.segments.1.origin.primary.provenance = "Direct"
methods.2.outcome.report.source_map.segments.1.start = 182
methods.2.outcome.report.source_map.segments.2.end = 215
methods.2.outcome.report.source_map.segments.2.origin.derived = []
methods.2.outcome.report.source_map.segments.2.origin.primary.bci = 0
methods.2.outcome.report.source_map.segments.2.origin.primary.cp = null
methods.2.outcome.report.source_map.segments.2.origin.primary.method.descriptor = [40,73,73,41,73]
methods.2.outcome.report.source_map.segments.2.origin.primary.method.name = [99,111,117,110,116,101,100]
methods.2.outcome.report.source_map.segments.2.origin.primary.method.owner.class_bytes.digest = "52ddcc0b5ab5de0702266901380266b53498433df87ca02f4861c61c7f4c9b19"
methods.2.outcome.report.source_map.segments.2.origin.primary.method.owner.class_bytes.length = 419
methods.2.outcome.report.source_map.segments.2.origin.primary.method.owner.location.entry.ordinal = 3
methods.2.outcome.report.source_map.segments.2.origin.primary.method.owner.location.entry.origin.root_container = "root"
methods.2.outcome.report.source_map.segments.2.origin.primary.method.owner.location.entry.origin.snapshot = "7bd36d15403917ddfd030b4c0df2554ab5e9524733fb2161b280916e6cb6bb27"
methods.2.outcome.report.source_map.segments.2.origin.primary.method.owner.location.entry.origin.steps = []
methods.2.outcome.report.source_map.segments.2.origin.primary.method.owner.location.entry.raw_name = [99,102,48,55,47,76,111,111,112,67,97,115,101,115,46,99,108,97,115,115]
methods.2.outcome.report.source_map.segments.2.origin.primary.method.owner.location.kind = "archive_entry"
methods.2.outcome.report.source_map.segments.2.origin.primary.method.owner.variant.kind = "base"
methods.2.outcome.report.source_map.segments.2.origin.primary.provenance = "Direct"
methods.2.outcome.report.source_map.segments.2.start = 211
methods.2.outcome.report.source_map.segments.3.end = 222
methods.2.outcome.report.source_map.segments.3.origin.derived = []
methods.2.outcome.report.source_map.segments.3.origin.primary.bci = 1
methods.2.outcome.report.source_map.segments.3.origin.primary.cp = null
methods.2.outcome.report.source_map.segments.3.origin.primary.method.descriptor = [40,73,73,41,73]
methods.2.outcome.report.source_map.segments.3.origin.primary.method.name = [99,111,117,110,116,101,100]
methods.2.outcome.report.source_map.segments.3.origin.primary.method.owner.class_bytes.digest = "52ddcc0b5ab5de0702266901380266b53498433df87ca02f4861c61c7f4c9b19"
methods.2.outcome.report.source_map.segments.3.origin.primary.method.owner.class_bytes.length = 419
methods.2.outcome.report.source_map.segments.3.origin.primary.method.owner.location.entry.ordinal = 3
methods.2.outcome.report.source_map.segments.3.origin.primary.method.owner.location.entry.origin.root_container = "root"
methods.2.outcome.report.source_map.segments.3.origin.primary.method.owner.location.entry.origin.snapshot = "7bd36d15403917ddfd030b4c0df2554ab5e9524733fb2161b280916e6cb6bb27"
methods.2.outcome.report.source_map.segments.3.origin.primary.method.owner.location.entry.origin.steps = []
methods.2.outcome.report.source_map.segments.3.origin.primary.method.owner.location.entry.raw_name = [99,102,48,55,47,76,111,111,112,67,97,115,101,115,46,99,108,97,115,115]
methods.2.outcome.report.source_map.segments.3.origin.primary.method.owner.location.kind = "archive_entry"
methods.2.outcome.report.source_map.segments.3.origin.primary.method.owner.variant.kind = "base"
methods.2.outcome.report.source_map.segments.3.origin.primary.provenance = "Direct"
methods.2.outcome.report.source_map.segments.3.start = 218
methods.2.outcome.report.source_map.segments.4.end = 222
methods.2.outcome.report.source_map.segments.4.origin.derived = []
methods.2.outcome.report.source_map.segments.4.origin.primary.bci = 2
methods.2.outcome.report.source_map.segments.4.origin.primary.cp = null
methods.2.outcome.report.source_map.segments.4.origin.primary.method.descriptor = [40,73,73,41,73]
methods.2.outcome.report.source_map.segments.4.origin.primary.method.name = [99,111,117,110,116,101,100]
methods.2.outcome.report.source_map.segments.4.origin.primary.method.owner.class_bytes.digest = "52ddcc0b5ab5de0702266901380266b53498433df87ca02f4861c61c7f4c9b19"
methods.2.outcome.report.source_map.segments.4.origin.primary.method.owner.class_bytes.length = 419
methods.2.outcome.report.source_map.segments.4.origin.primary.method.owner.location.entry.ordinal = 3
methods.2.outcome.report.source_map.segments.4.origin.primary.method.owner.location.entry.origin.root_container = "root"
methods.2.outcome.report.source_map.segments.4.origin.primary.method.owner.location.entry.origin.snapshot = "7bd36d15403917ddfd030b4c0df2554ab5e9524733fb2161b280916e6cb6bb27"
methods.2.outcome.report.source_map.segments.4.origin.primary.method.owner.location.entry.origin.steps = []
methods.2.outcome.report.source_map.segments.4.origin.primary.method.owner.location.entry.raw_name = [99,102,48,55,47,76,111,111,112,67,97,115,101,115,46,99,108,97,115,115]
methods.2.outcome.report.source_map.segments.4.origin.primary.method.owner.location.kind = "archive_entry"
methods.2.outcome.report.source_map.segments.4.origin.primary.method.owner.variant.kind = "base"
methods.2.outcome.report.source_map.segments.4.origin.primary.provenance = "Direct"
methods.2.outcome.report.source_map.segments.4.start = 211
methods.2.outcome.report.source_map.segments.5.end = 224
methods.2.outcome.report.source_map.segments.5.origin.derived = []
methods.2.outcome.report.source_map.segments.5.origin.primary.bci = 3
methods.2.outcome.report.source_map.segments.5.origin.primary.cp = null
methods.2.outcome.report.source_map.segments.5.origin.primary.method.descriptor = [40,73,73,41,73]
methods.2.outcome.report.source_map.segments.5.origin.primary.method.name = [99,111,117,110,116,101,100]
methods.2.outcome.report.source_map.segments.5.origin.primary.method.owner.class_bytes.digest = "52ddcc0b5ab5de0702266901380266b53498433df87ca02f4861c61c7f4c9b19"
methods.2.outcome.report.source_map.segments.5.origin.primary.method.owner.class_bytes.length = 419
methods.2.outcome.report.source_map.segments.5.origin.primary.method.owner.location.entry.ordinal = 3
methods.2.outcome.report.source_map.segments.5.origin.primary.method.owner.location.entry.origin.root_container = "root"
methods.2.outcome.report.source_map.segments.5.origin.primary.method.owner.location.entry.origin.snapshot = "7bd36d15403917ddfd030b4c0df2554ab5e9524733fb2161b280916e6cb6bb27"
methods.2.outcome.report.source_map.segments.5.origin.primary.method.owner.location.entry.origin.steps = []
methods.2.outcome.report.source_map.segments.5.origin.primary.method.owner.location.entry.raw_name = [99,102,48,55,47,76,111,111,112,67,97,115,101,115,46,99,108,97,115,115]
methods.2.outcome.report.source_map.segments.5.origin.primary.method.owner.location.kind = "archive_entry"
methods.2.outcome.report.source_map.segments.5.origin.primary.method.owner.variant.kind = "base"
methods.2.outcome.report.source_map.segments.5.origin.primary.provenance = "Direct"
methods.2.outcome.report.source_map.segments.5.start = 198
methods.2.outcome.report.source_map.segments.6.end = 241
methods.2.outcome.report.source_map.segments.6.origin.derived = []
methods.2.outcome.report.source_map.segments.6.origin.primary.bci = 4
methods.2.outcome.report.source_map.segments.6.origin.primary.cp = null
methods.2.outcome.report.source_map.segments.6.origin.primary.method.descriptor = [40,73,73,41,73]
methods.2.outcome.report.source_map.segments.6.origin.primary.method.name = [99,111,117,110,116,101,100]
methods.2.outcome.report.source_map.segments.6.origin.primary.method.owner.class_bytes.digest = "52ddcc0b5ab5de0702266901380266b53498433df87ca02f4861c61c7f4c9b19"
methods.2.outcome.report.source_map.segments.6.origin.primary.method.owner.class_bytes.length = 419
methods.2.outcome.report.source_map.segments.6.origin.primary.method.owner.location.entry.ordinal = 3
methods.2.outcome.report.source_map.segments.6.origin.primary.method.owner.location.entry.origin.root_container = "root"
methods.2.outcome.report.source_map.segments.6.origin.primary.method.owner.location.entry.origin.snapshot = "7bd36d15403917ddfd030b4c0df2554ab5e9524733fb2161b280916e6cb6bb27"
methods.2.outcome.report.source_map.segments.6.origin.primary.method.owner.location.entry.origin.steps = []
methods.2.outcome.report.source_map.segments.6.origin.primary.method.owner.location.entry.raw_name = [99,102,48,55,47,76,111,111,112,67,97,115,101,115,46,99,108,97,115,115]
methods.2.outcome.report.source_map.segments.6.origin.primary.method.owner.location.kind = "archive_entry"
methods.2.outcome.report.source_map.segments.6.origin.primary.method.owner.variant.kind = "base"
methods.2.outcome.report.source_map.segments.6.origin.primary.provenance = "Direct"
methods.2.outcome.report.source_map.segments.6.start = 237
methods.2.outcome.report.source_map.segments.7.end = 243
methods.2.outcome.report.source_map.segments.7.origin.derived = []
methods.2.outcome.report.source_map.segments.7.origin.primary.bci = 5
methods.2.outcome.report.source_map.segments.7.origin.primary.cp = null
methods.2.outcome.report.source_map.segments.7.origin.primary.method.descriptor = [40,73,73,41,73]
methods.2.outcome.report.source_map.segments.7.origin.primary.method.name = [99,111,117,110,116,101,100]
methods.2.outcome.report.source_map.segments.7.origin.primary.method.owner.class_bytes.digest = "52ddcc0b5ab5de0702266901380266b53498433df87ca02f4861c61c7f4c9b19"
methods.2.outcome.report.source_map.segments.7.origin.primary.method.owner.class_bytes.length = 419
methods.2.outcome.report.source_map.segments.7.origin.primary.method.owner.location.entry.ordinal = 3
methods.2.outcome.report.source_map.segments.7.origin.primary.method.owner.location.entry.origin.root_container = "root"
methods.2.outcome.report.source_map.segments.7.origin.primary.method.owner.location.entry.origin.snapshot = "7bd36d15403917ddfd030b4c0df2554ab5e9524733fb2161b280916e6cb6bb27"
methods.2.outcome.report.source_map.segments.7.origin.primary.method.owner.location.entry.origin.steps = []
methods.2.outcome.report.source_map.segments.7.origin.primary.method.owner.location.entry.raw_name = [99,102,48,55,47,76,111,111,112,67,97,115,101,115,46,99,108,97,115,115]
methods.2.outcome.report.source_map.segments.7.origin.primary.method.owner.location.kind = "archive_entry"
methods.2.outcome.report.source_map.segments.7.origin.primary.method.owner.variant.kind = "base"
methods.2.outcome.report.source_map.segments.7.origin.primary.provenance = "Direct"
methods.2.outcome.report.source_map.segments.7.start = 224
methods.2.outcome.report.source_map.segments.8.end = 260
methods.2.outcome.report.source_map.segments.8.origin.derived = []
methods.2.outcome.report.source_map.segments.8.origin.primary.bci = 6
methods.2.outcome.report.source_map.segments.8.origin.primary.cp = null
methods.2.outcome.report.source_map.segments.8.origin.primary.method.descriptor = [40,73,73,41,73]
methods.2.outcome.report.source_map.segments.8.origin.primary.method.name = [99,111,117,110,116,101,100]
methods.2.outcome.report.source_map.segments.8.origin.primary.method.owner.class_bytes.digest = "52ddcc0b5ab5de0702266901380266b53498433df87ca02f4861c61c7f4c9b19"
methods.2.outcome.report.source_map.segments.8.origin.primary.method.owner.class_bytes.length = 419
methods.2.outcome.report.source_map.segments.8.origin.primary.method.owner.location.entry.ordinal = 3
methods.2.outcome.report.source_map.segments.8.origin.primary.method.owner.location.entry.origin.root_container = "root"
methods.2.outcome.report.source_map.segments.8.origin.primary.method.owner.location.entry.origin.snapshot = "7bd36d15403917ddfd030b4c0df2554ab5e9524733fb2161b280916e6cb6bb27"
methods.2.outcome.report.source_map.segments.8.origin.primary.method.owner.location.entry.origin.steps = []
methods.2.outcome.report.source_map.segments.8.origin.primary.method.owner.location.entry.raw_name = [99,102,48,55,47,76,111,111,112,67,97,115,101,115,46,99,108,97,115,115]
methods.2.outcome.report.source_map.segments.8.origin.primary.method.owner.location.kind = "archive_entry"
methods.2.outcome.report.source_map.segments.8.origin.primary.method.owner.variant.kind = "base"
methods.2.outcome.report.source_map.segments.8.origin.primary.provenance = "Direct"
methods.2.outcome.report.source_map.segments.8.start = 254
methods.2.outcome.report.source_map.segments.9.end = 267
methods.2.outcome.report.source_map.segments.9.origin.derived = []
methods.2.outcome.report.source_map.segments.9.origin.primary.bci = 7
methods.2.outcome.report.source_map.segments.9.origin.primary.cp = null
methods.2.outcome.report.source_map.segments.9.origin.primary.method.descriptor = [40,73,73,41,73]
methods.2.outcome.report.source_map.segments.9.origin.primary.method.name = [99,111,117,110,116,101,100]
methods.2.outcome.report.source_map.segments.9.origin.primary.method.owner.class_bytes.digest = "52ddcc0b5ab5de0702266901380266b53498433df87ca02f4861c61c7f4c9b19"
methods.2.outcome.report.source_map.segments.9.origin.primary.method.owner.class_bytes.length = 419
methods.2.outcome.report.source_map.segments.9.origin.primary.method.owner.location.entry.ordinal = 3
methods.2.outcome.report.source_map.segments.9.origin.primary.method.owner.location.entry.origin.root_container = "root"
methods.2.outcome.report.source_map.segments.9.origin.primary.method.owner.location.entry.origin.snapshot = "7bd36d15403917ddfd030b4c0df2554ab5e9524733fb2161b280916e6cb6bb27"
methods.2.outcome.report.source_map.segments.9.origin.primary.method.owner.location.entry.origin.steps = []
methods.2.outcome.report.source_map.segments.9.origin.primary.method.owner.location.entry.raw_name = [99,102,48,55,47,76,111,111,112,67,97,115,101,115,46,99,108,97,115,115]
methods.2.outcome.report.source_map.segments.9.origin.primary.method.owner.location.kind = "archive_entry"
methods.2.outcome.report.source_map.segments.9.origin.primary.method.owner.variant.kind = "base"
methods.2.outcome.report.source_map.segments.9.origin.primary.provenance = "Direct"
methods.2.outcome.report.source_map.segments.9.start = 263
methods.2.outcome.report.source_map.segments.10.end = 267
methods.2.outcome.report.source_map.segments.10.origin.derived.0.bci = 8
methods.2.outcome.report.source_map.segments.10.origin.derived.0.cp = null
methods.2.outcome.report.source_map.segments.10.origin.derived.0.method.descriptor = [40,73,73,41,73]
methods.2.outcome.report.source_map.segments.10.origin.derived.0.method.name = [99,111,117,110,116,101,100]
methods.2.outcome.report.source_map.segments.10.origin.derived.0.method.owner.class_bytes.digest = "52ddcc0b5ab5de0702266901380266b53498433df87ca02f4861c61c7f4c9b19"
methods.2.outcome.report.source_map.segments.10.origin.derived.0.method.owner.class_bytes.length = 419
methods.2.outcome.report.source_map.segments.10.origin.derived.0.method.owner.location.entry.ordinal = 3
methods.2.outcome.report.source_map.segments.10.origin.derived.0.method.owner.location.entry.origin.root_container = "root"
methods.2.outcome.report.source_map.segments.10.origin.derived.0.method.owner.location.entry.origin.snapshot = "7bd36d15403917ddfd030b4c0df2554ab5e9524733fb2161b280916e6cb6bb27"
methods.2.outcome.report.source_map.segments.10.origin.derived.0.method.owner.location.entry.origin.steps = []
methods.2.outcome.report.source_map.segments.10.origin.derived.0.method.owner.location.entry.raw_name = [99,102,48,55,47,76,111,111,112,67,97,115,101,115,46,99,108,97,115,115]
methods.2.outcome.report.source_map.segments.10.origin.derived.0.method.owner.location.kind = "archive_entry"
methods.2.outcome.report.source_map.segments.10.origin.derived.0.method.owner.variant.kind = "base"
methods.2.outcome.report.source_map.segments.10.origin.derived.0.provenance = "Derived"
methods.2.outcome.report.source_map.segments.10.origin.primary.bci = 6
methods.2.outcome.report.source_map.segments.10.origin.primary.cp = null
methods.2.outcome.report.source_map.segments.10.origin.primary.method.descriptor = [40,73,73,41,73]
methods.2.outcome.report.source_map.segments.10.origin.primary.method.name = [99,111,117,110,116,101,100]
methods.2.outcome.report.source_map.segments.10.origin.primary.method.owner.class_bytes.digest = "52ddcc0b5ab5de0702266901380266b53498433df87ca02f4861c61c7f4c9b19"
methods.2.outcome.report.source_map.segments.10.origin.primary.method.owner.class_bytes.length = 419
methods.2.outcome.report.source_map.segments.10.origin.primary.method.owner.location.entry.ordinal = 3
methods.2.outcome.report.source_map.segments.10.origin.primary.method.owner.location.entry.origin.root_container = "root"
methods.2.outcome.report.source_map.segments.10.origin.primary.method.owner.location.entry.origin.snapshot = "7bd36d15403917ddfd030b4c0df2554ab5e9524733fb2161b280916e6cb6bb27"
methods.2.outcome.report.source_map.segments.10.origin.primary.method.owner.location.entry.origin.steps = []
methods.2.outcome.report.source_map.segments.10.origin.primary.method.owner.location.entry.raw_name = [99,102,48,55,47,76,111,111,112,67,97,115,101,115,46,99,108,97,115,115]
methods.2.outcome.report.source_map.segments.10.origin.primary.method.owner.location.kind = "archive_entry"
methods.2.outcome.report.source_map.segments.10.origin.primary.method.owner.variant.kind = "base"
methods.2.outcome.report.source_map.segments.10.origin.primary.provenance = "Direct"
methods.2.outcome.report.source_map.segments.10.start = 254
methods.2.outcome.report.source_map.segments.11.end = 289
methods.2.outcome.report.source_map.segments.11.origin.derived = []
methods.2.outcome.report.source_map.segments.11.origin.primary.bci = 11
methods.2.outcome.report.source_map.segments.11.origin.primary.cp = null
methods.2.outcome.report.source_map.segments.11.origin.primary.method.descriptor = [40,73,73,41,73]
methods.2.outcome.report.source_map.segments.11.origin.primary.method.name = [99,111,117,110,116,101,100]
methods.2.outcome.report.source_map.segments.11.origin.primary.method.owner.class_bytes.digest = "52ddcc0b5ab5de0702266901380266b53498433df87ca02f4861c61c7f4c9b19"
methods.2.outcome.report.source_map.segments.11.origin.primary.method.owner.class_bytes.length = 419
methods.2.outcome.report.source_map.segments.11.origin.primary.method.owner.location.entry.ordinal = 3
methods.2.outcome.report.source_map.segments.11.origin.primary.method.owner.location.entry.origin.root_container = "root"
methods.2.outcome.report.source_map.segments.11.origin.primary.method.owner.location.entry.origin.snapshot = "7bd36d15403917ddfd030b4c0df2554ab5e9524733fb2161b280916e6cb6bb27"
methods.2.outcome.report.source_map.segments.11.origin.primary.method.owner.location.entry.origin.steps = []
methods.2.outcome.report.source_map.segments.11.origin.primary.method.owner.location.entry.raw_name = [99,102,48,55,47,76,111,111,112,67,97,115,101,115,46,99,108,97,115,115]
methods.2.outcome.report.source_map.segments.11.origin.primary.method.owner.location.kind = "archive_entry"
methods.2.outcome.report.source_map.segments.11.origin.primary.method.owner.variant.kind = "base"
methods.2.outcome.report.source_map.segments.11.origin.primary.provenance = "Direct"
methods.2.outcome.report.source_map.segments.11.start = 283
methods.2.outcome.report.source_map.segments.12.end = 294
methods.2.outcome.report.source_map.segments.12.origin.derived = []
methods.2.outcome.report.source_map.segments.12.origin.primary.bci = 12
methods.2.outcome.report.source_map.segments.12.origin.primary.cp = null
methods.2.outcome.report.source_map.segments.12.origin.primary.method.descriptor = [40,73,73,41,73]
methods.2.outcome.report.source_map.segments.12.origin.primary.method.name = [99,111,117,110,116,101,100]
methods.2.outcome.report.source_map.segments.12.origin.primary.method.owner.class_bytes.digest = "52ddcc0b5ab5de0702266901380266b53498433df87ca02f4861c61c7f4c9b19"
methods.2.outcome.report.source_map.segments.12.origin.primary.method.owner.class_bytes.length = 419
methods.2.outcome.report.source_map.segments.12.origin.primary.method.owner.location.entry.ordinal = 3
methods.2.outcome.report.source_map.segments.12.origin.primary.method.owner.location.entry.origin.root_container = "root"
methods.2.outcome.report.source_map.segments.12.origin.primary.method.owner.location.entry.origin.snapshot = "7bd36d15403917ddfd030b4c0df2554ab5e9524733fb2161b280916e6cb6bb27"
methods.2.outcome.report.source_map.segments.12.origin.primary.method.owner.location.entry.origin.steps = []
methods.2.outcome.report.source_map.segments.12.origin.primary.method.owner.location.entry.raw_name = [99,102,48,55,47,76,111,111,112,67,97,115,101,115,46,99,108,97,115,115]
methods.2.outcome.report.source_map.segments.12.origin.primary.method.owner.location.kind = "archive_entry"
methods.2.outcome.report.source_map.segments.12.origin.primary.method.owner.variant.kind = "base"
methods.2.outcome.report.source_map.segments.12.origin.primary.provenance = "Direct"
methods.2.outcome.report.source_map.segments.12.start = 293
methods.2.outcome.report.source_map.segments.13.end = 294
methods.2.outcome.report.source_map.segments.13.origin.derived.0.bci = 14
methods.2.outcome.report.source_map.segments.13.origin.derived.0.cp = null
methods.2.outcome.report.source_map.segments.13.origin.derived.0.method.descriptor = [40,73,73,41,73]
methods.2.outcome.report.source_map.segments.13.origin.derived.0.method.name = [99,111,117,110,116,101,100]
methods.2.outcome.report.source_map.segments.13.origin.derived.0.method.owner.class_bytes.digest = "52ddcc0b5ab5de0702266901380266b53498433df87ca02f4861c61c7f4c9b19"
methods.2.outcome.report.source_map.segments.13.origin.derived.0.method.owner.class_bytes.length = 419
methods.2.outcome.report.source_map.segments.13.origin.derived.0.method.owner.location.entry.ordinal = 3
methods.2.outcome.report.source_map.segments.13.origin.derived.0.method.owner.location.entry.origin.root_container = "root"
methods.2.outcome.report.source_map.segments.13.origin.derived.0.method.owner.location.entry.origin.snapshot = "7bd36d15403917ddfd030b4c0df2554ab5e9524733fb2161b280916e6cb6bb27"
methods.2.outcome.report.source_map.segments.13.origin.derived.0.method.owner.location.entry.origin.steps = []
methods.2.outcome.report.source_map.segments.13.origin.derived.0.method.owner.location.entry.raw_name = [99,102,48,55,47,76,111,111,112,67,97,115,101,115,46,99,108,97,115,115]
methods.2.outcome.report.source_map.segments.13.origin.derived.0.method.owner.location.kind = "archive_entry"
methods.2.outcome.report.source_map.segments.13.origin.derived.0.method.owner.variant.kind = "base"
methods.2.outcome.report.source_map.segments.13.origin.derived.0.provenance = "Derived"
methods.2.outcome.report.source_map.segments.13.origin.primary.bci = 11
methods.2.outcome.report.source_map.segments.13.origin.primary.cp = null
methods.2.outcome.report.source_map.segments.13.origin.primary.method.descriptor = [40,73,73,41,73]
methods.2.outcome.report.source_map.segments.13.origin.primary.method.name = [99,111,117,110,116,101,100]
methods.2.outcome.report.source_map.segments.13.origin.primary.method.owner.class_bytes.digest = "52ddcc0b5ab5de0702266901380266b53498433df87ca02f4861c61c7f4c9b19"
methods.2.outcome.report.source_map.segments.13.origin.primary.method.owner.class_bytes.length = 419
methods.2.outcome.report.source_map.segments.13.origin.primary.method.owner.location.entry.ordinal = 3
methods.2.outcome.report.source_map.segments.13.origin.primary.method.owner.location.entry.origin.root_container = "root"
methods.2.outcome.report.source_map.segments.13.origin.primary.method.owner.location.entry.origin.snapshot = "7bd36d15403917ddfd030b4c0df2554ab5e9524733fb2161b280916e6cb6bb27"
methods.2.outcome.report.source_map.segments.13.origin.primary.method.owner.location.entry.origin.steps = []
methods.2.outcome.report.source_map.segments.13.origin.primary.method.owner.location.entry.raw_name = [99,102,48,55,47,76,111,111,112,67,97,115,101,115,46,99,108,97,115,115]
methods.2.outcome.report.source_map.segments.13.origin.primary.method.owner.location.kind = "archive_entry"
methods.2.outcome.report.source_map.segments.13.origin.primary.method.owner.variant.kind = "base"
methods.2.outcome.report.source_map.segments.13.origin.primary.provenance = "Direct"
methods.2.outcome.report.source_map.segments.13.start = 283
methods.2.outcome.report.source_map.segments.14.end = 325
methods.2.outcome.report.source_map.segments.14.origin.derived = []
methods.2.outcome.report.source_map.segments.14.origin.primary.bci = 17
methods.2.outcome.report.source_map.segments.14.origin.primary.cp = null
methods.2.outcome.report.source_map.segments.14.origin.primary.method.descriptor = [40,73,73,41,73]
methods.2.outcome.report.source_map.segments.14.origin.primary.method.name = [99,111,117,110,116,101,100]
methods.2.outcome.report.source_map.segments.14.origin.primary.method.owner.class_bytes.digest = "52ddcc0b5ab5de0702266901380266b53498433df87ca02f4861c61c7f4c9b19"
methods.2.outcome.report.source_map.segments.14.origin.primary.method.owner.class_bytes.length = 419
methods.2.outcome.report.source_map.segments.14.origin.primary.method.owner.location.entry.ordinal = 3
methods.2.outcome.report.source_map.segments.14.origin.primary.method.owner.location.entry.origin.root_container = "root"
methods.2.outcome.report.source_map.segments.14.origin.primary.method.owner.location.entry.origin.snapshot = "7bd36d15403917ddfd030b4c0df2554ab5e9524733fb2161b280916e6cb6bb27"
methods.2.outcome.report.source_map.segments.14.origin.primary.method.owner.location.entry.origin.steps = []
methods.2.outcome.report.source_map.segments.14.origin.primary.method.owner.location.entry.raw_name = [99,102,48,55,47,76,111,111,112,67,97,115,101,115,46,99,108,97,115,115]
methods.2.outcome.report.source_map.segments.14.origin.primary.method.owner.location.kind = "archive_entry"
methods.2.outcome.report.source_map.segments.14.origin.primary.method.owner.variant.kind = "base"
methods.2.outcome.report.source_map.segments.14.origin.primary.provenance = "Direct"
methods.2.outcome.report.source_map.segments.14.start = 319
methods.2.outcome.report.source_map.segments.15.end = 329
methods.2.outcome.report.source_map.segments.15.origin.derived = []
methods.2.outcome.report.source_map.segments.15.origin.primary.bci = 17
methods.2.outcome.report.source_map.segments.15.origin.primary.cp = null
methods.2.outcome.report.source_map.segments.15.origin.primary.method.descriptor = [40,73,73,41,73]
methods.2.outcome.report.source_map.segments.15.origin.primary.method.name = [99,111,117,110,116,101,100]
methods.2.outcome.report.source_map.segments.15.origin.primary.method.owner.class_bytes.digest = "52ddcc0b5ab5de0702266901380266b53498433df87ca02f4861c61c7f4c9b19"
methods.2.outcome.report.source_map.segments.15.origin.primary.method.owner.class_bytes.length = 419
methods.2.outcome.report.source_map.segments.15.origin.primary.method.owner.location.entry.ordinal = 3
methods.2.outcome.report.source_map.segments.15.origin.primary.method.owner.location.entry.origin.root_container = "root"
methods.2.outcome.report.source_map.segments.15.origin.primary.method.owner.location.entry.origin.snapshot = "7bd36d15403917ddfd030b4c0df2554ab5e9524733fb2161b280916e6cb6bb27"
methods.2.outcome.report.source_map.segments.15.origin.primary.method.owner.location.entry.origin.steps = []
methods.2.outcome.report.source_map.segments.15.origin.primary.method.owner.location.entry.raw_name = [99,102,48,55,47,76,111,111,112,67,97,115,101,115,46,99,108,97,115,115]
methods.2.outcome.report.source_map.segments.15.origin.primary.method.owner.location.kind = "archive_entry"
methods.2.outcome.report.source_map.segments.15.origin.primary.method.owner.variant.kind = "base"
methods.2.outcome.report.source_map.segments.15.origin.primary.provenance = "Direct"
methods.2.outcome.report.source_map.segments.15.start = 328
methods.2.outcome.report.source_map.segments.16.end = 329
methods.2.outcome.report.source_map.segments.16.origin.derived = []
methods.2.outcome.report.source_map.segments.16.origin.primary.bci = 17
methods.2.outcome.report.source_map.segments.16.origin.primary.cp = null
methods.2.outcome.report.source_map.segments.16.origin.primary.method.descriptor = [40,73,73,41,73]
methods.2.outcome.report.source_map.segments.16.origin.primary.method.name = [99,111,117,110,116,101,100]
methods.2.outcome.report.source_map.segments.16.origin.primary.method.owner.class_bytes.digest = "52ddcc0b5ab5de0702266901380266b53498433df87ca02f4861c61c7f4c9b19"
methods.2.outcome.report.source_map.segments.16.origin.primary.method.owner.class_bytes.length = 419
methods.2.outcome.report.source_map.segments.16.origin.primary.method.owner.location.entry.ordinal = 3
methods.2.outcome.report.source_map.segments.16.origin.primary.method.owner.location.entry.origin.root_container = "root"
methods.2.outcome.report.source_map.segments.16.origin.primary.method.owner.location.entry.origin.snapshot = "7bd36d15403917ddfd030b4c0df2554ab5e9524733fb2161b280916e6cb6bb27"
methods.2.outcome.report.source_map.segments.16.origin.primary.method.owner.location.entry.origin.steps = []
methods.2.outcome.report.source_map.segments.16.origin.primary.method.owner.location.entry.raw_name = [99,102,48,55,47,76,111,111,112,67,97,115,101,115,46,99,108,97,115,115]
methods.2.outcome.report.source_map.segments.16.origin.primary.method.owner.location.kind = "archive_entry"
methods.2.outcome.report.source_map.segments.16.origin.primary.method.owner.variant.kind = "base"
methods.2.outcome.report.source_map.segments.16.origin.primary.provenance = "Direct"
methods.2.outcome.report.source_map.segments.16.start = 319
methods.2.outcome.report.source_map.segments.17.end = 331
methods.2.outcome.report.source_map.segments.17.origin.derived = []
methods.2.outcome.report.source_map.segments.17.origin.primary.bci = 17
methods.2.outcome.report.source_map.segments.17.origin.primary.cp = null
methods.2.outcome.report.source_map.segments.17.origin.primary.method.descriptor = [40,73,73,41,73]
methods.2.outcome.report.source_map.segments.17.origin.primary.method.name = [99,111,117,110,116,101,100]
methods.2.outcome.report.source_map.segments.17.origin.primary.method.owner.class_bytes.digest = "52ddcc0b5ab5de0702266901380266b53498433df87ca02f4861c61c7f4c9b19"
methods.2.outcome.report.source_map.segments.17.origin.primary.method.owner.class_bytes.length = 419
methods.2.outcome.report.source_map.segments.17.origin.primary.method.owner.location.entry.ordinal = 3
methods.2.outcome.report.source_map.segments.17.origin.primary.method.owner.location.entry.origin.root_container = "root"
methods.2.outcome.report.source_map.segments.17.origin.primary.method.owner.location.entry.origin.snapshot = "7bd36d15403917ddfd030b4c0df2554ab5e9524733fb2161b280916e6cb6bb27"
methods.2.outcome.report.source_map.segments.17.origin.primary.method.owner.location.entry.origin.steps = []
methods.2.outcome.report.source_map.segments.17.origin.primary.method.owner.location.entry.raw_name = [99,102,48,55,47,76,111,111,112,67,97,115,101,115,46,99,108,97,115,115]
methods.2.outcome.report.source_map.segments.17.origin.primary.method.owner.location.kind = "archive_entry"
methods.2.outcome.report.source_map.segments.17.origin.primary.method.owner.variant.kind = "base"
methods.2.outcome.report.source_map.segments.17.origin.primary.provenance = "Direct"
methods.2.outcome.report.source_map.segments.17.start = 298
methods.2.outcome.report.source_map.segments.18.end = 375
methods.2.outcome.report.source_map.segments.18.origin.derived = []
methods.2.outcome.report.source_map.segments.18.origin.primary.bci = 23
methods.2.outcome.report.source_map.segments.18.origin.primary.cp = null
methods.2.outcome.report.source_map.segments.18.origin.primary.method.descriptor = [40,73,73,41,73]
methods.2.outcome.report.source_map.segments.18.origin.primary.method.name = [99,111,117,110,116,101,100]
methods.2.outcome.report.source_map.segments.18.origin.primary.method.owner.class_bytes.digest = "52ddcc0b5ab5de0702266901380266b53498433df87ca02f4861c61c7f4c9b19"
methods.2.outcome.report.source_map.segments.18.origin.primary.method.owner.class_bytes.length = 419
methods.2.outcome.report.source_map.segments.18.origin.primary.method.owner.location.entry.ordinal = 3
methods.2.outcome.report.source_map.segments.18.origin.primary.method.owner.location.entry.origin.root_container = "root"
methods.2.outcome.report.source_map.segments.18.origin.primary.method.owner.location.entry.origin.snapshot = "7bd36d15403917ddfd030b4c0df2554ab5e9524733fb2161b280916e6cb6bb27"
methods.2.outcome.report.source_map.segments.18.origin.primary.method.owner.location.entry.origin.steps = []
methods.2.outcome.report.source_map.segments.18.origin.primary.method.owner.location.entry.raw_name = [99,102,48,55,47,76,111,111,112,67,97,115,101,115,46,99,108,97,115,115]
methods.2.outcome.report.source_map.segments.18.origin.primary.method.owner.location.kind = "archive_entry"
methods.2.outcome.report.source_map.segments.18.origin.primary.method.owner.variant.kind = "base"
methods.2.outcome.report.source_map.segments.18.origin.primary.provenance = "Direct"
methods.2.outcome.report.source_map.segments.18.start = 369
methods.2.outcome.report.source_map.segments.19.end = 379
methods.2.outcome.report.source_map.segments.19.origin.derived = []
methods.2.outcome.report.source_map.segments.19.origin.primary.bci = 24
methods.2.outcome.report.source_map.segments.19.origin.primary.cp = null
methods.2.outcome.report.source_map.segments.19.origin.primary.method.descriptor = [40,73,73,41,73]
methods.2.outcome.report.source_map.segments.19.origin.primary.method.name = [99,111,117,110,116,101,100]
methods.2.outcome.report.source_map.segments.19.origin.primary.method.owner.class_bytes.digest = "52ddcc0b5ab5de0702266901380266b53498433df87ca02f4861c61c7f4c9b19"
methods.2.outcome.report.source_map.segments.19.origin.primary.method.owner.class_bytes.length = 419
methods.2.outcome.report.source_map.segments.19.origin.primary.method.owner.location.entry.ordinal = 3
methods.2.outcome.report.source_map.segments.19.origin.primary.method.owner.location.entry.origin.root_container = "root"
methods.2.outcome.report.source_map.segments.19.origin.primary.method.owner.location.entry.origin.snapshot = "7bd36d15403917ddfd030b4c0df2554ab5e9524733fb2161b280916e6cb6bb27"
methods.2.outcome.report.source_map.segments.19.origin.primary.method.owner.location.entry.origin.steps = []
methods.2.outcome.report.source_map.segments.19.origin.primary.method.owner.location.entry.raw_name = [99,102,48,55,47,76,111,111,112,67,97,115,101,115,46,99,108,97,115,115]
methods.2.outcome.report.source_map.segments.19.origin.primary.method.owner.location.kind = "archive_entry"
methods.2.outcome.report.source_map.segments.19.origin.primary.method.owner.variant.kind = "base"
methods.2.outcome.report.source_map.segments.19.origin.primary.provenance = "Direct"
methods.2.outcome.report.source_map.segments.19.start = 378
methods.2.outcome.report.source_map.segments.20.end = 379
methods.2.outcome.report.source_map.segments.20.origin.derived = []
methods.2.outcome.report.source_map.segments.20.origin.primary.bci = 25
methods.2.outcome.report.source_map.segments.20.origin.primary.cp = null
methods.2.outcome.report.source_map.segments.20.origin.primary.method.descriptor = [40,73,73,41,73]
methods.2.outcome.report.source_map.segments.20.origin.primary.method.name = [99,111,117,110,116,101,100]
methods.2.outcome.report.source_map.segments.20.origin.primary.method.owner.class_bytes.digest = "52ddcc0b5ab5de0702266901380266b53498433df87ca02f4861c61c7f4c9b19"
methods.2.outcome.report.source_map.segments.20.origin.primary.method.owner.class_bytes.length = 419
methods.2.outcome.report.source_map.segments.20.origin.primary.method.owner.location.entry.ordinal = 3
methods.2.outcome.report.source_map.segments.20.origin.primary.method.owner.location.entry.origin.root_container = "root"
methods.2.outcome.report.source_map.segments.20.origin.primary.method.owner.location.entry.origin.snapshot = "7bd36d15403917ddfd030b4c0df2554ab5e9524733fb2161b280916e6cb6bb27"
methods.2.outcome.report.source_map.segments.20.origin.primary.method.owner.location.entry.origin.steps = []
methods.2.outcome.report.source_map.segments.20.origin.primary.method.owner.location.entry.raw_name = [99,102,48,55,47,76,111,111,112,67,97,115,101,115,46,99,108,97,115,115]
methods.2.outcome.report.source_map.segments.20.origin.primary.method.owner.location.kind = "archive_entry"
methods.2.outcome.report.source_map.segments.20.origin.primary.method.owner.variant.kind = "base"
methods.2.outcome.report.source_map.segments.20.origin.primary.provenance = "Direct"
methods.2.outcome.report.source_map.segments.20.start = 369
methods.2.outcome.report.source_map.segments.21.end = 381
methods.2.outcome.report.source_map.segments.21.origin.derived = []
methods.2.outcome.report.source_map.segments.21.origin.primary.bci = 26
methods.2.outcome.report.source_map.segments.21.origin.primary.cp = null
methods.2.outcome.report.source_map.segments.21.origin.primary.method.descriptor = [40,73,73,41,73]
methods.2.outcome.report.source_map.segments.21.origin.primary.method.name = [99,111,117,110,116,101,100]
methods.2.outcome.report.source_map.segments.21.origin.primary.method.owner.class_bytes.digest = "52ddcc0b5ab5de0702266901380266b53498433df87ca02f4861c61c7f4c9b19"
methods.2.outcome.report.source_map.segments.21.origin.primary.method.owner.class_bytes.length = 419
methods.2.outcome.report.source_map.segments.21.origin.primary.method.owner.location.entry.ordinal = 3
methods.2.outcome.report.source_map.segments.21.origin.primary.method.owner.location.entry.origin.root_container = "root"
methods.2.outcome.report.source_map.segments.21.origin.primary.method.owner.location.entry.origin.snapshot = "7bd36d15403917ddfd030b4c0df2554ab5e9524733fb2161b280916e6cb6bb27"
methods.2.outcome.report.source_map.segments.21.origin.primary.method.owner.location.entry.origin.steps = []
methods.2.outcome.report.source_map.segments.21.origin.primary.method.owner.location.entry.raw_name = [99,102,48,55,47,76,111,111,112,67,97,115,101,115,46,99,108,97,115,115]
methods.2.outcome.report.source_map.segments.21.origin.primary.method.owner.location.kind = "archive_entry"
methods.2.outcome.report.source_map.segments.21.origin.primary.method.owner.variant.kind = "base"
methods.2.outcome.report.source_map.segments.21.origin.primary.provenance = "Direct"
methods.2.outcome.report.source_map.segments.21.start = 348
methods.2.outcome.report.source_map.segments.22.end = 391
methods.2.outcome.report.source_map.segments.22.origin.derived = []
methods.2.outcome.report.source_map.segments.22.origin.primary.bci = 14
methods.2.outcome.report.source_map.segments.22.origin.primary.cp = null
methods.2.outcome.report.source_map.segments.22.origin.primary.method.descriptor = [40,73,73,41,73]
methods.2.outcome.report.source_map.segments.22.origin.primary.method.name = [99,111,117,110,116,101,100]
methods.2.outcome.report.source_map.segments.22.origin.primary.method.owner.class_bytes.digest = "52ddcc0b5ab5de0702266901380266b53498433df87ca02f4861c61c7f4c9b19"
methods.2.outcome.report.source_map.segments.22.origin.primary.method.owner.class_bytes.length = 419
methods.2.outcome.report.source_map.segments.22.origin.primary.method.owner.location.entry.ordinal = 3
methods.2.outcome.report.source_map.segments.22.origin.primary.method.owner.location.entry.origin.root_container = "root"
methods.2.outcome.report.source_map.segments.22.origin.primary.method.owner.location.entry.origin.snapshot = "7bd36d15403917ddfd030b4c0df2554ab5e9524733fb2161b280916e6cb6bb27"
methods.2.outcome.report.source_map.segments.22.origin.primary.method.owner.location.entry.origin.steps = []
methods.2.outcome.report.source_map.segments.22.origin.primary.method.owner.location.entry.raw_name = [99,102,48,55,47,76,111,111,112,67,97,115,101,115,46,99,108,97,115,115]
methods.2.outcome.report.source_map.segments.22.origin.primary.method.owner.location.kind = "archive_entry"
methods.2.outcome.report.source_map.segments.22.origin.primary.method.owner.variant.kind = "base"
methods.2.outcome.report.source_map.segments.22.origin.primary.provenance = "Direct"
methods.2.outcome.report.source_map.segments.22.start = 271
methods.2.outcome.report.source_map.segments.23.end = 414
methods.2.outcome.report.source_map.segments.23.origin.derived = []
methods.2.outcome.report.source_map.segments.23.origin.primary.bci = 27
methods.2.outcome.report.source_map.segments.23.origin.primary.cp = null
methods.2.outcome.report.source_map.segments.23.origin.primary.method.descriptor = [40,73,73,41,73]
methods.2.outcome.report.source_map.segments.23.origin.primary.method.name = [99,111,117,110,116,101,100]
methods.2.outcome.report.source_map.segments.23.origin.primary.method.owner.class_bytes.digest = "52ddcc0b5ab5de0702266901380266b53498433df87ca02f4861c61c7f4c9b19"
methods.2.outcome.report.source_map.segments.23.origin.primary.method.owner.class_bytes.length = 419
methods.2.outcome.report.source_map.segments.23.origin.primary.method.owner.location.entry.ordinal = 3
methods.2.outcome.report.source_map.segments.23.origin.primary.method.owner.location.entry.origin.root_container = "root"
methods.2.outcome.report.source_map.segments.23.origin.primary.method.owner.location.entry.origin.snapshot = "7bd36d15403917ddfd030b4c0df2554ab5e9524733fb2161b280916e6cb6bb27"
methods.2.outcome.report.source_map.segments.23.origin.primary.method.owner.location.entry.origin.steps = []
methods.2.outcome.report.source_map.segments.23.origin.primary.method.owner.location.entry.raw_name = [99,102,48,55,47,76,111,111,112,67,97,115,101,115,46,99,108,97,115,115]
methods.2.outcome.report.source_map.segments.23.origin.primary.method.owner.location.kind = "archive_entry"
methods.2.outcome.report.source_map.segments.23.origin.primary.method.owner.variant.kind = "base"
methods.2.outcome.report.source_map.segments.23.origin.primary.provenance = "Direct"
methods.2.outcome.report.source_map.segments.23.start = 408
methods.2.outcome.report.source_map.segments.24.end = 418
methods.2.outcome.report.source_map.segments.24.origin.derived = []
methods.2.outcome.report.source_map.segments.24.origin.primary.bci = 27
methods.2.outcome.report.source_map.segments.24.origin.primary.cp = null
methods.2.outcome.report.source_map.segments.24.origin.primary.method.descriptor = [40,73,73,41,73]
methods.2.outcome.report.source_map.segments.24.origin.primary.method.name = [99,111,117,110,116,101,100]
methods.2.outcome.report.source_map.segments.24.origin.primary.method.owner.class_bytes.digest = "52ddcc0b5ab5de0702266901380266b53498433df87ca02f4861c61c7f4c9b19"
methods.2.outcome.report.source_map.segments.24.origin.primary.method.owner.class_bytes.length = 419
methods.2.outcome.report.source_map.segments.24.origin.primary.method.owner.location.entry.ordinal = 3
methods.2.outcome.report.source_map.segments.24.origin.primary.method.owner.location.entry.origin.root_container = "root"
methods.2.outcome.report.source_map.segments.24.origin.primary.method.owner.location.entry.origin.snapshot = "7bd36d15403917ddfd030b4c0df2554ab5e9524733fb2161b280916e6cb6bb27"
methods.2.outcome.report.source_map.segments.24.origin.primary.method.owner.location.entry.origin.steps = []
methods.2.outcome.report.source_map.segments.24.origin.primary.method.owner.location.entry.raw_name = [99,102,48,55,47,76,111,111,112,67,97,115,101,115,46,99,108,97,115,115]
methods.2.outcome.report.source_map.segments.24.origin.primary.method.owner.location.kind = "archive_entry"
methods.2.outcome.report.source_map.segments.24.origin.primary.method.owner.variant.kind = "base"
methods.2.outcome.report.source_map.segments.24.origin.primary.provenance = "Direct"
methods.2.outcome.report.source_map.segments.24.start = 417
methods.2.outcome.report.source_map.segments.25.end = 418
methods.2.outcome.report.source_map.segments.25.origin.derived = []
methods.2.outcome.report.source_map.segments.25.origin.primary.bci = 27
methods.2.outcome.report.source_map.segments.25.origin.primary.cp = null
methods.2.outcome.report.source_map.segments.25.origin.primary.method.descriptor = [40,73,73,41,73]
methods.2.outcome.report.source_map.segments.25.origin.primary.method.name = [99,111,117,110,116,101,100]
methods.2.outcome.report.source_map.segments.25.origin.primary.method.owner.class_bytes.digest = "52ddcc0b5ab5de0702266901380266b53498433df87ca02f4861c61c7f4c9b19"
methods.2.outcome.report.source_map.segments.25.origin.primary.method.owner.class_bytes.length = 419
methods.2.outcome.report.source_map.segments.25.origin.primary.method.owner.location.entry.ordinal = 3
methods.2.outcome.report.source_map.segments.25.origin.primary.method.owner.location.entry.origin.root_container = "root"
methods.2.outcome.report.source_map.segments.25.origin.primary.method.owner.location.entry.origin.snapshot = "7bd36d15403917ddfd030b4c0df2554ab5e9524733fb2161b280916e6cb6bb27"
methods.2.outcome.report.source_map.segments.25.origin.primary.method.owner.location.entry.origin.steps = []
methods.2.outcome.report.source_map.segments.25.origin.primary.method.owner.location.entry.raw_name = [99,102,48,55,47,76,111,111,112,67,97,115,101,115,46,99,108,97,115,115]
methods.2.outcome.report.source_map.segments.25.origin.primary.method.owner.location.kind = "archive_entry"
methods.2.outcome.report.source_map.segments.25.origin.primary.method.owner.variant.kind = "base"
methods.2.outcome.report.source_map.segments.25.origin.primary.provenance = "Direct"
methods.2.outcome.report.source_map.segments.25.start = 408
methods.2.outcome.report.source_map.segments.26.end = 420
methods.2.outcome.report.source_map.segments.26.origin.derived = []
methods.2.outcome.report.source_map.segments.26.origin.primary.bci = 27
methods.2.outcome.report.source_map.segments.26.origin.primary.cp = null
methods.2.outcome.report.source_map.segments.26.origin.primary.method.descriptor = [40,73,73,41,73]
methods.2.outcome.report.source_map.segments.26.origin.primary.method.name = [99,111,117,110,116,101,100]
methods.2.outcome.report.source_map.segments.26.origin.primary.method.owner.class_bytes.digest = "52ddcc0b5ab5de0702266901380266b53498433df87ca02f4861c61c7f4c9b19"
methods.2.outcome.report.source_map.segments.26.origin.primary.method.owner.class_bytes.length = 419
methods.2.outcome.report.source_map.segments.26.origin.primary.method.owner.location.entry.ordinal = 3
methods.2.outcome.report.source_map.segments.26.origin.primary.method.owner.location.entry.origin.root_container = "root"
methods.2.outcome.report.source_map.segments.26.origin.primary.method.owner.location.entry.origin.snapshot = "7bd36d15403917ddfd030b4c0df2554ab5e9524733fb2161b280916e6cb6bb27"
methods.2.outcome.report.source_map.segments.26.origin.primary.method.owner.location.entry.origin.steps = []
methods.2.outcome.report.source_map.segments.26.origin.primary.method.owner.location.entry.raw_name = [99,102,48,55,47,76,111,111,112,67,97,115,101,115,46,99,108,97,115,115]
methods.2.outcome.report.source_map.segments.26.origin.primary.method.owner.location.kind = "archive_entry"
methods.2.outcome.report.source_map.segments.26.origin.primary.method.owner.variant.kind = "base"
methods.2.outcome.report.source_map.segments.26.origin.primary.provenance = "Direct"
methods.2.outcome.report.source_map.segments.26.start = 391
methods.2.outcome.report.source_map.segments.27.end = 426
methods.2.outcome.report.source_map.segments.27.origin.derived = []
methods.2.outcome.report.source_map.segments.27.origin.primary.bci = 8
methods.2.outcome.report.source_map.segments.27.origin.primary.cp = null
methods.2.outcome.report.source_map.segments.27.origin.primary.method.descriptor = [40,73,73,41,73]
methods.2.outcome.report.source_map.segments.27.origin.primary.method.name = [99,111,117,110,116,101,100]
methods.2.outcome.report.source_map.segments.27.origin.primary.method.owner.class_bytes.digest = "52ddcc0b5ab5de0702266901380266b53498433df87ca02f4861c61c7f4c9b19"
methods.2.outcome.report.source_map.segments.27.origin.primary.method.owner.class_bytes.length = 419
methods.2.outcome.report.source_map.segments.27.origin.primary.method.owner.location.entry.ordinal = 3
methods.2.outcome.report.source_map.segments.27.origin.primary.method.owner.location.entry.origin.root_container = "root"
methods.2.outcome.report.source_map.segments.27.origin.primary.method.owner.location.entry.origin.snapshot = "7bd36d15403917ddfd030b4c0df2554ab5e9524733fb2161b280916e6cb6bb27"
methods.2.outcome.report.source_map.segments.27.origin.primary.method.owner.location.entry.origin.steps = []
methods.2.outcome.report.source_map.segments.27.origin.primary.method.owner.location.entry.raw_name = [99,102,48,55,47,76,111,111,112,67,97,115,101,115,46,99,108,97,115,115]
methods.2.outcome.report.source_map.segments.27.origin.primary.method.owner.location.kind = "archive_entry"
methods.2.outcome.report.source_map.segments.27.origin.primary.method.owner.variant.kind = "base"
methods.2.outcome.report.source_map.segments.27.origin.primary.provenance = "Direct"
methods.2.outcome.report.source_map.segments.27.start = 243
methods.2.outcome.report.source_map.segments.28.end = 445
methods.2.outcome.report.source_map.segments.28.origin.derived = []
methods.2.outcome.report.source_map.segments.28.origin.primary.bci = 33
methods.2.outcome.report.source_map.segments.28.origin.primary.cp = null
methods.2.outcome.report.source_map.segments.28.origin.primary.method.descriptor = [40,73,73,41,73]
methods.2.outcome.report.source_map.segments.28.origin.primary.method.name = [99,111,117,110,116,101,100]
methods.2.outcome.report.source_map.segments.28.origin.primary.method.owner.class_bytes.digest = "52ddcc0b5ab5de0702266901380266b53498433df87ca02f4861c61c7f4c9b19"
methods.2.outcome.report.source_map.segments.28.origin.primary.method.owner.class_bytes.length = 419
methods.2.outcome.report.source_map.segments.28.origin.primary.method.owner.location.entry.ordinal = 3
methods.2.outcome.report.source_map.segments.28.origin.primary.method.owner.location.entry.origin.root_container = "root"
methods.2.outcome.report.source_map.segments.28.origin.primary.method.owner.location.entry.origin.snapshot = "7bd36d15403917ddfd030b4c0df2554ab5e9524733fb2161b280916e6cb6bb27"
methods.2.outcome.report.source_map.segments.28.origin.primary.method.owner.location.entry.origin.steps = []
methods.2.outcome.report.source_map.segments.28.origin.primary.method.owner.location.entry.raw_name = [99,102,48,55,47,76,111,111,112,67,97,115,101,115,46,99,108,97,115,115]
methods.2.outcome.report.source_map.segments.28.origin.primary.method.owner.location.kind = "archive_entry"
methods.2.outcome.report.source_map.segments.28.origin.primary.method.owner.variant.kind = "base"
methods.2.outcome.report.source_map.segments.28.origin.primary.provenance = "Direct"
methods.2.outcome.report.source_map.segments.28.start = 439
methods.2.outcome.report.source_map.segments.29.end = 449
methods.2.outcome.report.source_map.segments.29.origin.derived = []
methods.2.outcome.report.source_map.segments.29.origin.primary.bci = 33
methods.2.outcome.report.source_map.segments.29.origin.primary.cp = null
methods.2.outcome.report.source_map.segments.29.origin.primary.method.descriptor = [40,73,73,41,73]
methods.2.outcome.report.source_map.segments.29.origin.primary.method.name = [99,111,117,110,116,101,100]
methods.2.outcome.report.source_map.segments.29.origin.primary.method.owner.class_bytes.digest = "52ddcc0b5ab5de0702266901380266b53498433df87ca02f4861c61c7f4c9b19"
methods.2.outcome.report.source_map.segments.29.origin.primary.method.owner.class_bytes.length = 419
methods.2.outcome.report.source_map.segments.29.origin.primary.method.owner.location.entry.ordinal = 3
methods.2.outcome.report.source_map.segments.29.origin.primary.method.owner.location.entry.origin.root_container = "root"
methods.2.outcome.report.source_map.segments.29.origin.primary.method.owner.location.entry.origin.snapshot = "7bd36d15403917ddfd030b4c0df2554ab5e9524733fb2161b280916e6cb6bb27"
methods.2.outcome.report.source_map.segments.29.origin.primary.method.owner.location.entry.origin.steps = []
methods.2.outcome.report.source_map.segments.29.origin.primary.method.owner.location.entry.raw_name = [99,102,48,55,47,76,111,111,112,67,97,115,101,115,46,99,108,97,115,115]
methods.2.outcome.report.source_map.segments.29.origin.primary.method.owner.location.kind = "archive_entry"
methods.2.outcome.report.source_map.segments.29.origin.primary.method.owner.variant.kind = "base"
methods.2.outcome.report.source_map.segments.29.origin.primary.provenance = "Direct"
methods.2.outcome.report.source_map.segments.29.start = 448
methods.2.outcome.report.source_map.segments.30.end = 449
methods.2.outcome.report.source_map.segments.30.origin.derived = []
methods.2.outcome.report.source_map.segments.30.origin.primary.bci = 33
methods.2.outcome.report.source_map.segments.30.origin.primary.cp = null
methods.2.outcome.report.source_map.segments.30.origin.primary.method.descriptor = [40,73,73,41,73]
methods.2.outcome.report.source_map.segments.30.origin.primary.method.name = [99,111,117,110,116,101,100]
methods.2.outcome.report.source_map.segments.30.origin.primary.method.owner.class_bytes.digest = "52ddcc0b5ab5de0702266901380266b53498433df87ca02f4861c61c7f4c9b19"
methods.2.outcome.report.source_map.segments.30.origin.primary.method.owner.class_bytes.length = 419
methods.2.outcome.report.source_map.segments.30.origin.primary.method.owner.location.entry.ordinal = 3
methods.2.outcome.report.source_map.segments.30.origin.primary.method.owner.location.entry.origin.root_container = "root"
methods.2.outcome.report.source_map.segments.30.origin.primary.method.owner.location.entry.origin.snapshot = "7bd36d15403917ddfd030b4c0df2554ab5e9524733fb2161b280916e6cb6bb27"
methods.2.outcome.report.source_map.segments.30.origin.primary.method.owner.location.entry.origin.steps = []
methods.2.outcome.report.source_map.segments.30.origin.primary.method.owner.location.entry.raw_name = [99,102,48,55,47,76,111,111,112,67,97,115,101,115,46,99,108,97,115,115]
methods.2.outcome.report.source_map.segments.30.origin.primary.method.owner.location.kind = "archive_entry"
methods.2.outcome.report.source_map.segments.30.origin.primary.method.owner.variant.kind = "base"
methods.2.outcome.report.source_map.segments.30.origin.primary.provenance = "Direct"
methods.2.outcome.report.source_map.segments.30.start = 439
methods.2.outcome.report.source_map.segments.31.end = 451
methods.2.outcome.report.source_map.segments.31.origin.derived = []
methods.2.outcome.report.source_map.segments.31.origin.primary.bci = 33
methods.2.outcome.report.source_map.segments.31.origin.primary.cp = null
methods.2.outcome.report.source_map.segments.31.origin.primary.method.descriptor = [40,73,73,41,73]
methods.2.outcome.report.source_map.segments.31.origin.primary.method.name = [99,111,117,110,116,101,100]
methods.2.outcome.report.source_map.segments.31.origin.primary.method.owner.class_bytes.digest = "52ddcc0b5ab5de0702266901380266b53498433df87ca02f4861c61c7f4c9b19"
methods.2.outcome.report.source_map.segments.31.origin.primary.method.owner.class_bytes.length = 419
methods.2.outcome.report.source_map.segments.31.origin.primary.method.owner.location.entry.ordinal = 3
methods.2.outcome.report.source_map.segments.31.origin.primary.method.owner.location.entry.origin.root_container = "root"
methods.2.outcome.report.source_map.segments.31.origin.primary.method.owner.location.entry.origin.snapshot = "7bd36d15403917ddfd030b4c0df2554ab5e9524733fb2161b280916e6cb6bb27"
methods.2.outcome.report.source_map.segments.31.origin.primary.method.owner.location.entry.origin.steps = []
methods.2.outcome.report.source_map.segments.31.origin.primary.method.owner.location.entry.raw_name = [99,102,48,55,47,76,111,111,112,67,97,115,101,115,46,99,108,97,115,115]
methods.2.outcome.report.source_map.segments.31.origin.primary.method.owner.location.kind = "archive_entry"
methods.2.outcome.report.source_map.segments.31.origin.primary.method.owner.variant.kind = "base"
methods.2.outcome.report.source_map.segments.31.origin.primary.provenance = "Direct"
methods.2.outcome.report.source_map.segments.31.start = 426
methods.2.outcome.report.source_map.segments.32.end = 468
methods.2.outcome.report.source_map.segments.32.origin.derived = []
methods.2.outcome.report.source_map.segments.32.origin.primary.bci = 36
methods.2.outcome.report.source_map.segments.32.origin.primary.cp = null
methods.2.outcome.report.source_map.segments.32.origin.primary.method.descriptor = [40,73,73,41,73]
methods.2.outcome.report.source_map.segments.32.origin.primary.method.name = [99,111,117,110,116,101,100]
methods.2.outcome.report.source_map.segments.32.origin.primary.method.owner.class_bytes.digest = "52ddcc0b5ab5de0702266901380266b53498433df87ca02f4861c61c7f4c9b19"
methods.2.outcome.report.source_map.segments.32.origin.primary.method.owner.class_bytes.length = 419
methods.2.outcome.report.source_map.segments.32.origin.primary.method.owner.location.entry.ordinal = 3
methods.2.outcome.report.source_map.segments.32.origin.primary.method.owner.location.entry.origin.root_container = "root"
methods.2.outcome.report.source_map.segments.32.origin.primary.method.owner.location.entry.origin.snapshot = "7bd36d15403917ddfd030b4c0df2554ab5e9524733fb2161b280916e6cb6bb27"
methods.2.outcome.report.source_map.segments.32.origin.primary.method.owner.location.entry.origin.steps = []
methods.2.outcome.report.source_map.segments.32.origin.primary.method.owner.location.entry.raw_name = [99,102,48,55,47,76,111,111,112,67,97,115,101,115,46,99,108,97,115,115]
methods.2.outcome.report.source_map.segments.32.origin.primary.method.owner.location.kind = "archive_entry"
methods.2.outcome.report.source_map.segments.32.origin.primary.method.owner.variant.kind = "base"
methods.2.outcome.report.source_map.segments.32.origin.primary.provenance = "Direct"
methods.2.outcome.report.source_map.segments.32.start = 462
methods.2.outcome.report.source_map.segments.33.end = 470
methods.2.outcome.report.source_map.segments.33.origin.derived = []
methods.2.outcome.report.source_map.segments.33.origin.primary.bci = 37
methods.2.outcome.report.source_map.segments.33.origin.primary.cp = null
methods.2.outcome.report.source_map.segments.33.origin.primary.method.descriptor = [40,73,73,41,73]
methods.2.outcome.report.source_map.segments.33.origin.primary.method.name = [99,111,117,110,116,101,100]
methods.2.outcome.report.source_map.segments.33.origin.primary.method.owner.class_bytes.digest = "52ddcc0b5ab5de0702266901380266b53498433df87ca02f4861c61c7f4c9b19"
methods.2.outcome.report.source_map.segments.33.origin.primary.method.owner.class_bytes.length = 419
methods.2.outcome.report.source_map.segments.33.origin.primary.method.owner.location.entry.ordinal = 3
methods.2.outcome.report.source_map.segments.33.origin.primary.method.owner.location.entry.origin.root_container = "root"
methods.2.outcome.report.source_map.segments.33.origin.primary.method.owner.location.entry.origin.snapshot = "7bd36d15403917ddfd030b4c0df2554ab5e9524733fb2161b280916e6cb6bb27"
methods.2.outcome.report.source_map.segments.33.origin.primary.method.owner.location.entry.origin.steps = []
methods.2.outcome.report.source_map.segments.33.origin.primary.method.owner.location.entry.raw_name = [99,102,48,55,47,76,111,111,112,67,97,115,101,115,46,99,108,97,115,115]
methods.2.outcome.report.source_map.segments.33.origin.primary.method.owner.location.kind = "archive_entry"
methods.2.outcome.report.source_map.segments.33.origin.primary.method.owner.variant.kind = "base"
methods.2.outcome.report.source_map.segments.33.origin.primary.provenance = "Direct"
methods.2.outcome.report.source_map.segments.33.start = 451
methods.2.outcome.report.syntax_status = "unchecked"
methods.2.outcome.report.text = "// @method counted(II)I\n// @declaration a static method of `cf07.LoopCases`, member flags 0x0009\n// recovered from bytecode; presentation is not claimed to compile\n{\n    int local2;\n    int local3;\n    local2 = arg0 + arg1;\n    local3 = arg0;\n    while (local3 < arg1) {\n        if (local3 == 7) {\n            local2 = local2 + 2;\n        } else {\n            local2 = local2 * 2;\n        }\n        local3 = local3 + 1;\n    }\n    local2 = local2 - 1;\n    return local2;\n}\n"
methods.2.outcome.report.verification = "not_performed"
methods.2.parameter_annotations.attributes = []
methods.2.parameter_annotations.refusals = []
methods.2.parameter_annotations.uses_by_position = [[],[]]
methods.2.text = "    public static int counted(int arg0, int arg1) {\n        // @method counted(II)I\n        // @declaration a static method of `cf07.LoopCases`, member flags 0x0009\n        // recovered from bytecode; presentation is not claimed to compile\n        int local2;\n        int local3;\n        local2 = arg0 + arg1;\n        local3 = arg0;\n        while (local3 < arg1) {\n            if (local3 == 7) {\n                local2 = local2 + 2;\n            } else {\n                local2 = local2 * 2;\n            }\n            local3 = local3 + 1;\n        }\n        local2 = local2 - 1;\n        return local2;\n    }\n"
methods.2.type_annotations.attributes = []
methods.2.type_annotations.field_uses = []
methods.2.type_annotations.parameter_uses = [[],[]]
methods.2.type_annotations.refusals = []
methods.2.type_annotations.return_uses = []
methods.3.annotations.attributes = []
methods.3.annotations.refusals = []
methods.3.annotations.uses = []
methods.3.declaration = "public static int lastIndexOf(int[] arg0, int arg1, int arg2, int arg3)"
methods.3.item.access_flags = 9
methods.3.item.body.content_span.length = 58
methods.3.item.body.content_span.start = 359
methods.3.item.body.kind = "code_attribute"
methods.3.item.descriptor.escaped = "([IIII)I"
methods.3.item.descriptor.raw = [40,91,73,73,73,73,41,73]
methods.3.item.descriptor.utf16 = [40,91,73,73,73,73,41,73]
methods.3.item.identity.descriptor = [40,91,73,73,73,73,41,73]
methods.3.item.identity.name = [108,97,115,116,73,110,100,101,120,79,102]
methods.3.item.identity.owner.class_bytes.digest = "52ddcc0b5ab5de0702266901380266b53498433df87ca02f4861c61c7f4c9b19"
methods.3.item.identity.owner.class_bytes.length = 419
methods.3.item.identity.owner.location.entry.ordinal = 3
methods.3.item.identity.owner.location.entry.origin.root_container = "root"
methods.3.item.identity.owner.location.entry.origin.snapshot = "7bd36d15403917ddfd030b4c0df2554ab5e9524733fb2161b280916e6cb6bb27"
methods.3.item.identity.owner.location.entry.origin.steps = []
methods.3.item.identity.owner.location.entry.raw_name = [99,102,48,55,47,76,111,111,112,67,97,115,101,115,46,99,108,97,115,115]
methods.3.item.identity.owner.location.kind = "archive_entry"
methods.3.item.identity.owner.variant.kind = "base"
methods.3.item.index = 3
methods.3.item.name.escaped = "lastIndexOf"
methods.3.item.name.raw = [108,97,115,116,73,110,100,101,120,79,102]
methods.3.item.name.utf16 = [108,97,115,116,73,110,100,101,120,79,102]
methods.3.markers = []
methods.3.no_body_kind = null
methods.3.outcome.analysis.diagnostics = 0
methods.3.outcome.analysis.execution.status = "complete"
methods.3.outcome.analysis.execution.usage.analysis_steps = 949
methods.3.outcome.analysis.execution.usage.archive_entries = 14
methods.3.outcome.analysis.execution.usage.attribute_bytes = 636
methods.3.outcome.analysis.execution.usage.class_bytes = 838
methods.3.outcome.analysis.execution.usage.class_headers = 1
methods.3.outcome.analysis.execution.usage.code_bytes = 93
methods.3.outcome.analysis.execution.usage.dependency_depth = 0
methods.3.outcome.analysis.execution.usage.elapsed_millis = 38
methods.3.outcome.analysis.execution.usage.entry_bytes = 419
methods.3.outcome.analysis.execution.usage.input_bytes = 1368
methods.3.outcome.analysis.execution.usage.ir_edges = 169
methods.3.outcome.analysis.execution.usage.ir_items = 1857
methods.3.outcome.analysis.execution.usage.method_bodies = 4
methods.3.outcome.analysis.execution.usage.nested_depth = 0
methods.3.outcome.analysis.execution.usage.normalization_clones = 0
methods.3.outcome.analysis.execution.usage.output_bytes = 948
methods.3.outcome.analysis.execution.usage.read_bytes = 340
methods.3.outcome.analysis.execution.usage.result_items = 22
methods.3.outcome.kind = "recovered"
methods.3.outcome.report.accessors = []
methods.3.outcome.report.aliased_names = []
methods.3.outcome.report.artifact.agreement.state = "not_stated"
methods.3.outcome.report.artifact.binding.engine = "0.1.0"
methods.3.outcome.report.artifact.binding.environment.content = ["7bd36d15403917ddfd030b4c0df2554ab5e9524733fb2161b280916e6cb6bb27"]
methods.3.outcome.report.artifact.binding.environment.domain_loaders = ["app"]
methods.3.outcome.report.artifact.binding.environment.providers = []
methods.3.outcome.report.artifact.binding.environment.runtime.load_domain.delegation.kind = "parent_first"
methods.3.outcome.report.artifact.binding.environment.runtime.load_domain.external_override = "none"
methods.3.outcome.report.artifact.binding.environment.runtime.load_domain.loader = "app"
methods.3.outcome.report.artifact.binding.environment.runtime.load_domain.module_mode.kind = "class_path"
methods.3.outcome.report.artifact.binding.environment.runtime.load_domain.parent_loader = null
methods.3.outcome.report.artifact.binding.environment.runtime.load_domain.roots.0.kind = "container"
methods.3.outcome.report.artifact.binding.environment.runtime.load_domain.roots.0.origin.root_container = "root"
methods.3.outcome.report.artifact.binding.environment.runtime.load_domain.roots.0.origin.snapshot = "7bd36d15403917ddfd030b4c0df2554ab5e9524733fb2161b280916e6cb6bb27"
methods.3.outcome.report.artifact.binding.environment.runtime.load_domain.roots.0.origin.steps = []
methods.3.outcome.report.artifact.binding.environment.runtime.load_domain.roots.0.prefix = []
methods.3.outcome.report.artifact.binding.environment.runtime.load_domain.runtime_transformation = "none"
methods.3.outcome.report.artifact.binding.environment.runtime.physical.scope.kind = "snapshot_all"
methods.3.outcome.report.artifact.binding.environment.runtime.physical.snapshot = "7bd36d15403917ddfd030b4c0df2554ab5e9524733fb2161b280916e6cb6bb27"
methods.3.outcome.report.artifact.binding.environment.runtime.profile.java_release = 8
methods.3.outcome.report.artifact.binding.environment.runtime.profile.layout.kind = "generic"
methods.3.outcome.report.artifact.binding.environment.runtime.profile.multi_release.kind = "disabled"
methods.3.outcome.report.artifact.binding.member_ordinal = 3
methods.3.outcome.report.artifact.binding.method.descriptor = [40,91,73,73,73,73,41,73]
methods.3.outcome.report.artifact.binding.method.name = [108,97,115,116,73,110,100,101,120,79,102]
methods.3.outcome.report.artifact.binding.method.owner.class_bytes.digest = "52ddcc0b5ab5de0702266901380266b53498433df87ca02f4861c61c7f4c9b19"
methods.3.outcome.report.artifact.binding.method.owner.class_bytes.length = 419
methods.3.outcome.report.artifact.binding.method.owner.location.entry.ordinal = 3
methods.3.outcome.report.artifact.binding.method.owner.location.entry.origin.root_container = "root"
methods.3.outcome.report.artifact.binding.method.owner.location.entry.origin.snapshot = "7bd36d15403917ddfd030b4c0df2554ab5e9524733fb2161b280916e6cb6bb27"
methods.3.outcome.report.artifact.binding.method.owner.location.entry.origin.steps = []
methods.3.outcome.report.artifact.binding.method.owner.location.entry.raw_name = [99,102,48,55,47,76,111,111,112,67,97,115,101,115,46,99,108,97,115,115]
methods.3.outcome.report.artifact.binding.method.owner.location.kind = "archive_entry"
methods.3.outcome.report.artifact.binding.method.owner.variant.kind = "base"
methods.3.outcome.report.artifact.binding.profile.java_release = 8
methods.3.outcome.report.artifact.binding.profile.layout.kind = "generic"
methods.3.outcome.report.artifact.binding.profile.multi_release.kind = "disabled"
methods.3.outcome.report.artifact.binding.registry = 71
methods.3.outcome.report.artifact.binding.rules = ["straight@1","if@1","loop@1","switch@1","lambda@1","concat@1","bridge@1","accessor@1","new@1","field@1","enumswitch@1","init@1","declaration@1","twr@1","monitor@1","finally@1"]
methods.3.outcome.report.artifact.binding.schema = 1
methods.3.outcome.report.artifact.binding.text_bytes = 387
methods.3.outcome.report.artifact.binding.text_digest = "8cfc3ade5dbadb9ac46419eedf86fb36"
methods.3.outcome.report.bridges = []
methods.3.outcome.report.compile_status = "not_attempted"
methods.3.outcome.report.concats = []
methods.3.outcome.report.content = "contains_statements"
methods.3.outcome.report.declaration = null
methods.3.outcome.report.diagnostics.0.code = "jre_recovery_produced"
methods.3.outcome.report.diagnostics.0.message = "3 region(s), 7 statement(s), 23 segment(s), 387 byte(s) written from 6 canonical block(s)"
methods.3.outcome.report.diagnostics.0.provenance = null
methods.3.outcome.report.diagnostics.0.severity = "info"
methods.3.outcome.report.diagnostics.1.code = "jre_enumswitch_shape"
methods.3.outcome.report.diagnostics.1.message = "the array read at BCI 14 was not presented: the array the read at BCI 14 indexes is produced at BCI 11, which is not a static field of this run's pool"
methods.3.outcome.report.diagnostics.1.provenance = null
methods.3.outcome.report.diagnostics.1.severity = "warning"
methods.3.outcome.report.diagnostics.2.code = "jre_enumswitch"
methods.3.outcome.report.diagnostics.2.message = "1 dispatch-table read(s) read under enumswitch@1: 0 presented as the table read the bytecode performs, 1 refused; the constants those entries stand for are the enum class's own declaration, which this run does not hold, so no `case T.CONST:` label is written"
methods.3.outcome.report.diagnostics.2.provenance = null
methods.3.outcome.report.diagnostics.2.severity = "info"
methods.3.outcome.report.diagnostics.3.code = "jre_declaration"
methods.3.outcome.report.diagnostics.3.message = "the artifact's envelope states the member's declaration under declaration@1: a static method"
methods.3.outcome.report.diagnostics.3.provenance = null
methods.3.outcome.report.diagnostics.3.severity = "info"
methods.3.outcome.report.enum_switches = []
methods.3.outcome.report.evidence.categories.0.kind = "source_map"
methods.3.outcome.report.evidence.categories.0.state.state = "complete"
methods.3.outcome.report.evidence.categories.1.kind = "region_details"
methods.3.outcome.report.evidence.categories.1.state.state = "not_requested"
methods.3.outcome.report.evidence.categories.2.kind = "rule_details"
methods.3.outcome.report.evidence.categories.2.state.state = "not_requested"
methods.3.outcome.report.evidence.categories.3.kind = "name_details"
methods.3.outcome.report.evidence.categories.3.state.state = "not_requested"
methods.3.outcome.report.evidence.categories.4.kind = "read_details"
methods.3.outcome.report.evidence.categories.4.state.state = "not_requested"
methods.3.outcome.report.evidence.requested.driver_bci_range = null
methods.3.outcome.report.evidence.requested.expected_artifact = null
methods.3.outcome.report.evidence.requested.kinds = ["source_map"]
methods.3.outcome.report.execution.status = "complete"
methods.3.outcome.report.execution.usage.analysis_steps = 1161
methods.3.outcome.report.execution.usage.archive_entries = 14
methods.3.outcome.report.execution.usage.attribute_bytes = 636
methods.3.outcome.report.execution.usage.class_bytes = 838
methods.3.outcome.report.execution.usage.class_headers = 1
methods.3.outcome.report.execution.usage.code_bytes = 93
methods.3.outcome.report.execution.usage.dependency_depth = 0
methods.3.outcome.report.execution.usage.elapsed_millis = 38
methods.3.outcome.report.execution.usage.entry_bytes = 419
methods.3.outcome.report.execution.usage.input_bytes = 1368
methods.3.outcome.report.execution.usage.ir_edges = 175
methods.3.outcome.report.execution.usage.ir_items = 1989
methods.3.outcome.report.execution.usage.method_bodies = 4
methods.3.outcome.report.execution.usage.nested_depth = 0
methods.3.outcome.report.execution.usage.normalization_clones = 0
methods.3.outcome.report.execution.usage.output_bytes = 1335
methods.3.outcome.report.execution.usage.read_bytes = 340
methods.3.outcome.report.execution.usage.result_items = 22
methods.3.outcome.report.fallbacks = []
methods.3.outcome.report.fields = []
methods.3.outcome.report.init = null
methods.3.outcome.report.lambdas = []
methods.3.outcome.report.method = "lastIndexOf([IIII)I"
methods.3.outcome.report.news = []
methods.3.outcome.report.outcome = "produced"
methods.3.outcome.report.profile.java_release = 8
methods.3.outcome.report.profile.layout.kind = "generic"
methods.3.outcome.report.profile.multi_release.kind = "disabled"
methods.3.outcome.report.quality = "structured"
methods.3.outcome.report.regions = []
methods.3.outcome.report.representation = "java"
methods.3.outcome.report.rules = []
methods.3.outcome.report.semantic_validation = "unproven"
methods.3.outcome.report.source_map.segments.0.end = 189
methods.3.outcome.report.source_map.segments.0.origin.derived = []
methods.3.outcome.report.source_map.segments.0.origin.primary.bci = 3
methods.3.outcome.report.source_map.segments.0.origin.primary.cp = null
methods.3.outcome.report.source_map.segments.0.origin.primary.method.descriptor = [40,91,73,73,73,73,41,73]
methods.3.outcome.report.source_map.segments.0.origin.primary.method.name = [108,97,115,116,73,110,100,101,120,79,102]
methods.3.outcome.report.source_map.segments.0.origin.primary.method.owner.class_bytes.digest = "52ddcc0b5ab5de0702266901380266b53498433df87ca02f4861c61c7f4c9b19"
methods.3.outcome.report.source_map.segments.0.origin.primary.method.owner.class_bytes.length = 419
methods.3.outcome.report.source_map.segments.0.origin.primary.method.owner.location.entry.ordinal = 3
methods.3.outcome.report.source_map.segments.0.origin.primary.method.owner.location.entry.origin.root_container = "root"
methods.3.outcome.report.source_map.segments.0.origin.primary.method.owner.location.entry.origin.snapshot = "7bd36d15403917ddfd030b4c0df2554ab5e9524733fb2161b280916e6cb6bb27"
methods.3.outcome.report.source_map.segments.0.origin.primary.method.owner.location.entry.origin.steps = []
methods.3.outcome.report.source_map.segments.0.origin.primary.method.owner.location.entry.raw_name = [99,102,48,55,47,76,111,111,112,67,97,115,101,115,46,99,108,97,115,115]
methods.3.outcome.report.source_map.segments.0.origin.primary.method.owner.location.kind = "archive_entry"
methods.3.outcome.report.source_map.segments.0.origin.primary.method.owner.variant.kind = "base"
methods.3.outcome.report.source_map.segments.0.origin.primary.provenance = "Direct"
methods.3.outcome.report.source_map.segments.0.start = 173
methods.3.outcome.report.source_map.segments.1.end = 206
methods.3.outcome.report.source_map.segments.1.origin.derived = []
methods.3.outcome.report.source_map.segments.1.origin.primary.bci = 0
methods.3.outcome.report.source_map.segments.1.origin.primary.cp = null
methods.3.outcome.report.source_map.segments.1.origin.primary.method.descriptor = [40,91,73,73,73,73,41,73]
methods.3.outcome.report.source_map.segments.1.origin.primary.method.name = [108,97,115,116,73,110,100,101,120,79,102]
methods.3.outcome.report.source_map.segments.1.origin.primary.method.owner.class_bytes.digest = "52ddcc0b5ab5de0702266901380266b53498433df87ca02f4861c61c7f4c9b19"
methods.3.outcome.report.source_map.segments.1.origin.primary.method.owner.class_bytes.length = 419
methods.3.outcome.report.source_map.segments.1.origin.primary.method.owner.location.entry.ordinal = 3
methods.3.outcome.report.source_map.segments.1.origin.primary.method.owner.location.entry.origin.root_container = "root"
methods.3.outcome.report.source_map.segments.1.origin.primary.method.owner.location.entry.origin.snapshot = "7bd36d15403917ddfd030b4c0df2554ab5e9524733fb2161b280916e6cb6bb27"
methods.3.outcome.report.source_map.segments.1.origin.primary.method.owner.location.entry.origin.steps = []
methods.3.outcome.report.source_map.segments.1.origin.primary.method.owner.location.entry.raw_name = [99,102,48,55,47,76,111,111,112,67,97,115,101,115,46,99,108,97,115,115]
methods.3.outcome.report.source_map.segments.1.origin.primary.method.owner.location.kind = "archive_entry"
methods.3.outcome.report.source_map.segments.1.origin.primary.method.owner.variant.kind = "base"
methods.3.outcome.report.source_map.segments.1.origin.primary.provenance = "Direct"
methods.3.outcome.report.source_map.segments.1.start = 202
methods.3.outcome.report.source_map.segments.2.end = 210
methods.3.outcome.report.source_map.segments.2.origin.derived = []
methods.3.outcome.report.source_map.segments.2.origin.primary.bci = 1
methods.3.outcome.report.source_map.segments.2.origin.primary.cp = null
methods.3.outcome.report.source_map.segments.2.origin.primary.method.descriptor = [40,91,73,73,73,73,41,73]
methods.3.outcome.report.source_map.segments.2.origin.primary.method.name = [108,97,115,116,73,110,100,101,120,79,102]
methods.3.outcome.report.source_map.segments.2.origin.primary.method.owner.class_bytes.digest = "52ddcc0b5ab5de0702266901380266b53498433df87ca02f4861c61c7f4c9b19"
methods.3.outcome.report.source_map.segments.2.origin.primary.method.owner.class_bytes.length = 419
methods.3.outcome.report.source_map.segments.2.origin.primary.method.owner.location.entry.ordinal = 3
methods.3.outcome.report.source_map.segments.2.origin.primary.method.owner.location.entry.origin.root_container = "root"
methods.3.outcome.report.source_map.segments.2.origin.primary.method.owner.location.entry.origin.snapshot = "7bd36d15403917ddfd030b4c0df2554ab5e9524733fb2161b280916e6cb6bb27"
methods.3.outcome.report.source_map.segments.2.origin.primary.method.owner.location.entry.origin.steps = []
methods.3.outcome.report.source_map.segments.2.origin.primary.method.owner.location.entry.raw_name = [99,102,48,55,47,76,111,111,112,67,97,115,101,115,46,99,108,97,115,115]
methods.3.outcome.report.source_map.segments.2.origin.primary.method.owner.location.kind = "archive_entry"
methods.3.outcome.report.source_map.segments.2.origin.primary.method.owner.variant.kind = "base"
methods.3.outcome.report.source_map.segments.2.origin.primary.provenance = "Direct"
methods.3.outcome.report.source_map.segments.2.start = 209
methods.3.outcome.report.source_map.segments.3.end = 210
methods.3.outcome.report.source_map.segments.3.origin.derived = []
methods.3.outcome.report.source_map.segments.3.origin.primary.bci = 2
methods.3.outcome.report.source_map.segments.3.origin.primary.cp = null
methods.3.outcome.report.source_map.segments.3.origin.primary.method.descriptor = [40,91,73,73,73,73,41,73]
methods.3.outcome.report.source_map.segments.3.origin.primary.method.name = [108,97,115,116,73,110,100,101,120,79,102]
methods.3.outcome.report.source_map.segments.3.origin.primary.method.owner.class_bytes.digest = "52ddcc0b5ab5de0702266901380266b53498433df87ca02f4861c61c7f4c9b19"
methods.3.outcome.report.source_map.segments.3.origin.primary.method.owner.class_bytes.length = 419
methods.3.outcome.report.source_map.segments.3.origin.primary.method.owner.location.entry.ordinal = 3
methods.3.outcome.report.source_map.segments.3.origin.primary.method.owner.location.entry.origin.root_container = "root"
methods.3.outcome.report.source_map.segments.3.origin.primary.method.owner.location.entry.origin.snapshot = "7bd36d15403917ddfd030b4c0df2554ab5e9524733fb2161b280916e6cb6bb27"
methods.3.outcome.report.source_map.segments.3.origin.primary.method.owner.location.entry.origin.steps = []
methods.3.outcome.report.source_map.segments.3.origin.primary.method.owner.location.entry.raw_name = [99,102,48,55,47,76,111,111,112,67,97,115,101,115,46,99,108,97,115,115]
methods.3.outcome.report.source_map.segments.3.origin.primary.method.owner.location.kind = "archive_entry"
methods.3.outcome.report.source_map.segments.3.origin.primary.method.owner.variant.kind = "base"
methods.3.outcome.report.source_map.segments.3.origin.primary.provenance = "Direct"
methods.3.outcome.report.source_map.segments.3.start = 202
methods.3.outcome.report.source_map.segments.4.end = 212
methods.3.outcome.report.source_map.segments.4.origin.derived = []
methods.3.outcome.report.source_map.segments.4.origin.primary.bci = 3
methods.3.outcome.report.source_map.segments.4.origin.primary.cp = null
methods.3.outcome.report.source_map.segments.4.origin.primary.method.descriptor = [40,91,73,73,73,73,41,73]
methods.3.outcome.report.source_map.segments.4.origin.primary.method.name = [108,97,115,116,73,110,100,101,120,79,102]
methods.3.outcome.report.source_map.segments.4.origin.primary.method.owner.class_bytes.digest = "52ddcc0b5ab5de0702266901380266b53498433df87ca02f4861c61c7f4c9b19"
methods.3.outcome.report.source_map.segments.4.origin.primary.method.owner.class_bytes.length = 419
methods.3.outcome.report.source_map.segments.4.origin.primary.method.owner.location.entry.ordinal = 3
methods.3.outcome.report.source_map.segments.4.origin.primary.method.owner.location.entry.origin.root_container = "root"
methods.3.outcome.report.source_map.segments.4.origin.primary.method.owner.location.entry.origin.snapshot = "7bd36d15403917ddfd030b4c0df2554ab5e9524733fb2161b280916e6cb6bb27"
methods.3.outcome.report.source_map.segments.4.origin.primary.method.owner.location.entry.origin.steps = []
methods.3.outcome.report.source_map.segments.4.origin.primary.method.owner.location.entry.raw_name = [99,102,48,55,47,76,111,111,112,67,97,115,101,115,46,99,108,97,115,115]
methods.3.outcome.report.source_map.segments.4.origin.primary.method.owner.location.kind = "archive_entry"
methods.3.outcome.report.source_map.segments.4.origin.primary.method.owner.variant.kind = "base"
methods.3.outcome.report.source_map.segments.4.origin.primary.provenance = "Direct"
methods.3.outcome.report.source_map.segments.4.start = 189
methods.3.outcome.report.source_map.segments.5.end = 229
methods.3.outcome.report.source_map.segments.5.origin.derived = []
methods.3.outcome.report.source_map.segments.5.origin.primary.bci = 5
methods.3.outcome.report.source_map.segments.5.origin.primary.cp = null
methods.3.outcome.report.source_map.segments.5.origin.primary.method.descriptor = [40,91,73,73,73,73,41,73]
methods.3.outcome.report.source_map.segments.5.origin.primary.method.name = [108,97,115,116,73,110,100,101,120,79,102]
methods.3.outcome.report.source_map.segments.5.origin.primary.method.owner.class_bytes.digest = "52ddcc0b5ab5de0702266901380266b53498433df87ca02f4861c61c7f4c9b19"
methods.3.outcome.report.source_map.segments.5.origin.primary.method.owner.class_bytes.length = 419
methods.3.outcome.report.source_map.segments.5.origin.primary.method.owner.location.entry.ordinal = 3
methods.3.outcome.report.source_map.segments.5.origin.primary.method.owner.location.entry.origin.root_container = "root"
methods.3.outcome.report.source_map.segments.5.origin.primary.method.owner.location.entry.origin.snapshot = "7bd36d15403917ddfd030b4c0df2554ab5e9524733fb2161b280916e6cb6bb27"
methods.3.outcome.report.source_map.segments.5.origin.primary.method.owner.location.entry.origin.steps = []
methods.3.outcome.report.source_map.segments.5.origin.primary.method.owner.location.entry.raw_name = [99,102,48,55,47,76,111,111,112,67,97,115,101,115,46,99,108,97,115,115]
methods.3.outcome.report.source_map.segments.5.origin.primary.method.owner.location.kind = "archive_entry"
methods.3.outcome.report.source_map.segments.5.origin.primary.method.owner.variant.kind = "base"
methods.3.outcome.report.source_map.segments.5.origin.primary.provenance = "Direct"
methods.3.outcome.report.source_map.segments.5.start = 223
methods.3.outcome.report.source_map.segments.6.end = 237
methods.3.outcome.report.source_map.segments.6.origin.derived = []
methods.3.outcome.report.source_map.segments.6.origin.primary.bci = 7
methods.3.outcome.report.source_map.segments.6.origin.primary.cp = null
methods.3.outcome.report.source_map.segments.6.origin.primary.method.descriptor = [40,91,73,73,73,73,41,73]
methods.3.outcome.report.source_map.segments.6.origin.primary.method.name = [108,97,115,116,73,110,100,101,120,79,102]
methods.3.outcome.report.source_map.segments.6.origin.primary.method.owner.class_bytes.digest = "52ddcc0b5ab5de0702266901380266b53498433df87ca02f4861c61c7f4c9b19"
methods.3.outcome.report.source_map.segments.6.origin.primary.method.owner.class_bytes.length = 419
methods.3.outcome.report.source_map.segments.6.origin.primary.method.owner.location.entry.ordinal = 3
methods.3.outcome.report.source_map.segments.6.origin.primary.method.owner.location.entry.origin.root_container = "root"
methods.3.outcome.report.source_map.segments.6.origin.primary.method.owner.location.entry.origin.snapshot = "7bd36d15403917ddfd030b4c0df2554ab5e9524733fb2161b280916e6cb6bb27"
methods.3.outcome.report.source_map.segments.6.origin.primary.method.owner.location.entry.origin.steps = []
methods.3.outcome.report.source_map.segments.6.origin.primary.method.owner.location.entry.raw_name = [99,102,48,55,47,76,111,111,112,67,97,115,101,115,46,99,108,97,115,115]
methods.3.outcome.report.source_map.segments.6.origin.primary.method.owner.location.kind = "archive_entry"
methods.3.outcome.report.source_map.segments.6.origin.primary.method.owner.variant.kind = "base"
methods.3.outcome.report.source_map.segments.6.origin.primary.provenance = "Direct"
methods.3.outcome.report.source_map.segments.6.start = 233
methods.3.outcome.report.source_map.segments.7.end = 237
methods.3.outcome.report.source_map.segments.7.origin.derived.0.bci = 8
methods.3.outcome.report.source_map.segments.7.origin.derived.0.cp = null
methods.3.outcome.report.source_map.segments.7.origin.derived.0.method.descriptor = [40,91,73,73,73,73,41,73]
methods.3.outcome.report.source_map.segments.7.origin.derived.0.method.name = [108,97,115,116,73,110,100,101,120,79,102]
methods.3.outcome.report.source_map.segments.7.origin.derived.0.method.owner.class_bytes.digest = "52ddcc0b5ab5de0702266901380266b53498433df87ca02f4861c61c7f4c9b19"
methods.3.outcome.report.source_map.segments.7.origin.derived.0.method.owner.class_bytes.length = 419
methods.3.outcome.report.source_map.segments.7.origin.derived.0.method.owner.location.entry.ordinal = 3
methods.3.outcome.report.source_map.segments.7.origin.derived.0.method.owner.location.entry.origin.root_container = "root"
methods.3.outcome.report.source_map.segments.7.origin.derived.0.method.owner.location.entry.origin.snapshot = "7bd36d15403917ddfd030b4c0df2554ab5e9524733fb2161b280916e6cb6bb27"
methods.3.outcome.report.source_map.segments.7.origin.derived.0.method.owner.location.entry.origin.steps = []
methods.3.outcome.report.source_map.segments.7.origin.derived.0.method.owner.location.entry.raw_name = [99,102,48,55,47,76,111,111,112,67,97,115,101,115,46,99,108,97,115,115]
methods.3.outcome.report.source_map.segments.7.origin.derived.0.method.owner.location.kind = "archive_entry"
methods.3.outcome.report.source_map.segments.7.origin.derived.0.method.owner.variant.kind = "base"
methods.3.outcome.report.source_map.segments.7.origin.derived.0.provenance = "Derived"
methods.3.outcome.report.source_map.segments.7.origin.primary.bci = 5
methods.3.outcome.report.source_map.segments.7.origin.primary.cp = null
methods.3.outcome.report.source_map.segments.7.origin.primary.method.descriptor = [40,91,73,73,73,73,41,73]
methods.3.outcome.report.source_map.segments.7.origin.primary.method.name = [108,97,115,116,73,110,100,101,120,79,102]
methods.3.outcome.report.source_map.segments.7.origin.primary.method.owner.class_bytes.digest = "52ddcc0b5ab5de0702266901380266b53498433df87ca02f4861c61c7f4c9b19"
methods.3.outcome.report.source_map.segments.7.origin.primary.method.owner.class_bytes.length = 419
methods.3.outcome.report.source_map.segments.7.origin.primary.method.owner.location.entry.ordinal = 3
methods.3.outcome.report.source_map.segments.7.origin.primary.method.owner.location.entry.origin.root_container = "root"
methods.3.outcome.report.source_map.segments.7.origin.primary.method.owner.location.entry.origin.snapshot = "7bd36d15403917ddfd030b4c0df2554ab5e9524733fb2161b280916e6cb6bb27"
methods.3.outcome.report.source_map.segments.7.origin.primary.method.owner.location.entry.origin.steps = []
methods.3.outcome.report.source_map.segments.7.origin.primary.method.owner.location.entry.raw_name = [99,102,48,55,47,76,111,111,112,67,97,115,101,115,46,99,108,97,115,115]
methods.3.outcome.report.source_map.segments.7.origin.primary.method.owner.location.kind = "archive_entry"
methods.3.outcome.report.source_map.segments.7.origin.primary.method.owner.variant.kind = "base"
methods.3.outcome.report.source_map.segments.7.origin.primary.provenance = "Direct"
methods.3.outcome.report.source_map.segments.7.start = 223
methods.3.outcome.report.source_map.segments.8.end = 257
methods.3.outcome.report.source_map.segments.8.origin.derived = []
methods.3.outcome.report.source_map.segments.8.origin.primary.bci = 11
methods.3.outcome.report.source_map.segments.8.origin.primary.cp = null
methods.3.outcome.report.source_map.segments.8.origin.primary.method.descriptor = [40,91,73,73,73,73,41,73]
methods.3.outcome.report.source_map.segments.8.origin.primary.method.name = [108,97,115,116,73,110,100,101,120,79,102]
methods.3.outcome.report.source_map.segments.8.origin.primary.method.owner.class_bytes.digest = "52ddcc0b5ab5de0702266901380266b53498433df87ca02f4861c61c7f4c9b19"
methods.3.outcome.report.source_map.segments.8.origin.primary.method.owner.class_bytes.length = 419
methods.3.outcome.report.source_map.segments.8.origin.primary.method.owner.location.entry.ordinal = 3
methods.3.outcome.report.source_map.segments.8.origin.primary.method.owner.location.entry.origin.root_container = "root"
methods.3.outcome.report.source_map.segments.8.origin.primary.method.owner.location.entry.origin.snapshot = "7bd36d15403917ddfd030b4c0df2554ab5e9524733fb2161b280916e6cb6bb27"
methods.3.outcome.report.source_map.segments.8.origin.primary.method.owner.location.entry.origin.steps = []
methods.3.outcome.report.source_map.segments.8.origin.primary.method.owner.location.entry.raw_name = [99,102,48,55,47,76,111,111,112,67,97,115,101,115,46,99,108,97,115,115]
methods.3.outcome.report.source_map.segments.8.origin.primary.method.owner.location.kind = "archive_entry"
methods.3.outcome.report.source_map.segments.8.origin.primary.method.owner.variant.kind = "base"
methods.3.outcome.report.source_map.segments.8.origin.primary.provenance = "Direct"
methods.3.outcome.report.source_map.segments.8.start = 253
methods.3.outcome.report.source_map.segments.9.end = 264
methods.3.outcome.report.source_map.segments.9.origin.derived = []
methods.3.outcome.report.source_map.segments.9.origin.primary.bci = 12
methods.3.outcome.report.source_map.segments.9.origin.primary.cp = null
methods.3.outcome.report.source_map.segments.9.origin.primary.method.descriptor = [40,91,73,73,73,73,41,73]
methods.3.outcome.report.source_map.segments.9.origin.primary.method.name = [108,97,115,116,73,110,100,101,120,79,102]
methods.3.outcome.report.source_map.segments.9.origin.primary.method.owner.class_bytes.digest = "52ddcc0b5ab5de0702266901380266b53498433df87ca02f4861c61c7f4c9b19"
methods.3.outcome.report.source_map.segments.9.origin.primary.method.owner.class_bytes.length = 419
methods.3.outcome.report.source_map.segments.9.origin.primary.method.owner.location.entry.ordinal = 3
methods.3.outcome.report.source_map.segments.9.origin.primary.method.owner.location.entry.origin.root_container = "root"
methods.3.outcome.report.source_map.segments.9.origin.primary.method.owner.location.entry.origin.snapshot = "7bd36d15403917ddfd030b4c0df2554ab5e9524733fb2161b280916e6cb6bb27"
methods.3.outcome.report.source_map.segments.9.origin.primary.method.owner.location.entry.origin.steps = []
methods.3.outcome.report.source_map.segments.9.origin.primary.method.owner.location.entry.raw_name = [99,102,48,55,47,76,111,111,112,67,97,115,101,115,46,99,108,97,115,115]
methods.3.outcome.report.source_map.segments.9.origin.primary.method.owner.location.kind = "archive_entry"
methods.3.outcome.report.source_map.segments.9.origin.primary.method.owner.variant.kind = "base"
methods.3.outcome.report.source_map.segments.9.origin.primary.provenance = "Direct"
methods.3.outcome.report.source_map.segments.9.start = 258
methods.3.outcome.report.source_map.segments.10.end = 265
methods.3.outcome.report.source_map.segments.10.origin.derived = []
methods.3.outcome.report.source_map.segments.10.origin.primary.bci = 14
methods.3.outcome.report.source_map.segments.10.origin.primary.cp = null
methods.3.outcome.report.source_map.segments.10.origin.primary.method.descriptor = [40,91,73,73,73,73,41,73]
methods.3.outcome.report.source_map.segments.10.origin.primary.method.name = [108,97,115,116,73,110,100,101,120,79,102]
methods.3.outcome.report.source_map.segments.10.origin.primary.method.owner.class_bytes.digest = "52ddcc0b5ab5de0702266901380266b53498433df87ca02f4861c61c7f4c9b19"
methods.3.outcome.report.source_map.segments.10.origin.primary.method.owner.class_bytes.length = 419
methods.3.outcome.report.source_map.segments.10.origin.primary.method.owner.location.entry.ordinal = 3
methods.3.outcome.report.source_map.segments.10.origin.primary.method.owner.location.entry.origin.root_container = "root"
methods.3.outcome.report.source_map.segments.10.origin.primary.method.owner.location.entry.origin.snapshot = "7bd36d15403917ddfd030b4c0df2554ab5e9524733fb2161b280916e6cb6bb27"
methods.3.outcome.report.source_map.segments.10.origin.primary.method.owner.location.entry.origin.steps = []
methods.3.outcome.report.source_map.segments.10.origin.primary.method.owner.location.entry.raw_name = [99,102,48,55,47,76,111,111,112,67,97,115,101,115,46,99,108,97,115,115]
methods.3.outcome.report.source_map.segments.10.origin.primary.method.owner.location.kind = "archive_entry"
methods.3.outcome.report.source_map.segments.10.origin.primary.method.owner.variant.kind = "base"
methods.3.outcome.report.source_map.segments.10.origin.primary.provenance = "Direct"
methods.3.outcome.report.source_map.segments.10.start = 253
methods.3.outcome.report.source_map.segments.11.end = 273
methods.3.outcome.report.source_map.segments.11.origin.derived = []
methods.3.outcome.report.source_map.segments.11.origin.primary.bci = 15
methods.3.outcome.report.source_map.segments.11.origin.primary.cp = null
methods.3.outcome.report.source_map.segments.11.origin.primary.method.descriptor = [40,91,73,73,73,73,41,73]
methods.3.outcome.report.source_map.segments.11.origin.primary.method.name = [108,97,115,116,73,110,100,101,120,79,102]
methods.3.outcome.report.source_map.segments.11.origin.primary.method.owner.class_bytes.digest = "52ddcc0b5ab5de0702266901380266b53498433df87ca02f4861c61c7f4c9b19"
methods.3.outcome.report.source_map.segments.11.origin.primary.method.owner.class_bytes.length = 419
methods.3.outcome.report.source_map.segments.11.origin.primary.method.owner.location.entry.ordinal = 3
methods.3.outcome.report.source_map.segments.11.origin.primary.method.owner.location.entry.origin.root_container = "root"
methods.3.outcome.report.source_map.segments.11.origin.primary.method.owner.location.entry.origin.snapshot = "7bd36d15403917ddfd030b4c0df2554ab5e9524733fb2161b280916e6cb6bb27"
methods.3.outcome.report.source_map.segments.11.origin.primary.method.owner.location.entry.origin.steps = []
methods.3.outcome.report.source_map.segments.11.origin.primary.method.owner.location.entry.raw_name = [99,102,48,55,47,76,111,111,112,67,97,115,101,115,46,99,108,97,115,115]
methods.3.outcome.report.source_map.segments.11.origin.primary.method.owner.location.kind = "archive_entry"
methods.3.outcome.report.source_map.segments.11.origin.primary.method.owner.variant.kind = "base"
methods.3.outcome.report.source_map.segments.11.origin.primary.provenance = "Direct"
methods.3.outcome.report.source_map.segments.11.start = 269
methods.3.outcome.report.source_map.segments.12.end = 273
methods.3.outcome.report.source_map.segments.12.origin.derived.0.bci = 16
methods.3.outcome.report.source_map.segments.12.origin.derived.0.cp = null
methods.3.outcome.report.source_map.segments.12.origin.derived.0.method.descriptor = [40,91,73,73,73,73,41,73]
methods.3.outcome.report.source_map.segments.12.origin.derived.0.method.name = [108,97,115,116,73,110,100,101,120,79,102]
methods.3.outcome.report.source_map.segments.12.origin.derived.0.method.owner.class_bytes.digest = "52ddcc0b5ab5de0702266901380266b53498433df87ca02f4861c61c7f4c9b19"
methods.3.outcome.report.source_map.segments.12.origin.derived.0.method.owner.class_bytes.length = 419
methods.3.outcome.report.source_map.segments.12.origin.derived.0.method.owner.location.entry.ordinal = 3
methods.3.outcome.report.source_map.segments.12.origin.derived.0.method.owner.location.entry.origin.root_container = "root"
methods.3.outcome.report.source_map.segments.12.origin.derived.0.method.owner.location.entry.origin.snapshot = "7bd36d15403917ddfd030b4c0df2554ab5e9524733fb2161b280916e6cb6bb27"
methods.3.outcome.report.source_map.segments.12.origin.derived.0.method.owner.location.entry.origin.steps = []
methods.3.outcome.report.source_map.segments.12.origin.derived.0.method.owner.location.entry.raw_name = [99,102,48,55,47,76,111,111,112,67,97,115,101,115,46,99,108,97,115,115]
methods.3.outcome.report.source_map.segments.12.origin.derived.0.method.owner.location.kind = "archive_entry"
methods.3.outcome.report.source_map.segments.12.origin.derived.0.method.owner.variant.kind = "base"
methods.3.outcome.report.source_map.segments.12.origin.derived.0.provenance = "Derived"
methods.3.outcome.report.source_map.segments.12.origin.primary.bci = 14
methods.3.outcome.report.source_map.segments.12.origin.primary.cp = null
methods.3.outcome.report.source_map.segments.12.origin.primary.method.descriptor = [40,91,73,73,73,73,41,73]
methods.3.outcome.report.source_map.segments.12.origin.primary.method.name = [108,97,115,116,73,110,100,101,120,79,102]
methods.3.outcome.report.source_map.segments.12.origin.primary.method.owner.class_bytes.digest = "52ddcc0b5ab5de0702266901380266b53498433df87ca02f4861c61c7f4c9b19"
methods.3.outcome.report.source_map.segments.12.origin.primary.method.owner.class_bytes.length = 419
methods.3.outcome.report.source_map.segments.12.origin.primary.method.owner.location.entry.ordinal = 3
methods.3.outcome.report.source_map.segments.12.origin.primary.method.owner.location.entry.origin.root_container = "root"
methods.3.outcome.report.source_map.segments.12.origin.primary.method.owner.location.entry.origin.snapshot = "7bd36d15403917ddfd030b4c0df2554ab5e9524733fb2161b280916e6cb6bb27"
methods.3.outcome.report.source_map.segments.12.origin.primary.method.owner.location.entry.origin.steps = []
methods.3.outcome.report.source_map.segments.12.origin.primary.method.owner.location.entry.raw_name = [99,102,48,55,47,76,111,111,112,67,97,115,101,115,46,99,108,97,115,115]
methods.3.outcome.report.source_map.segments.12.origin.primary.method.owner.location.kind = "archive_entry"
methods.3.outcome.report.source_map.segments.12.origin.primary.method.owner.variant.kind = "base"
methods.3.outcome.report.source_map.segments.12.origin.primary.provenance = "Direct"
methods.3.outcome.report.source_map.segments.12.start = 253
methods.3.outcome.report.source_map.segments.13.end = 302
methods.3.outcome.report.source_map.segments.13.origin.derived = []
methods.3.outcome.report.source_map.segments.13.origin.primary.bci = 19
methods.3.outcome.report.source_map.segments.13.origin.primary.cp = null
methods.3.outcome.report.source_map.segments.13.origin.primary.method.descriptor = [40,91,73,73,73,73,41,73]
methods.3.outcome.report.source_map.segments.13.origin.primary.method.name = [108,97,115,116,73,110,100,101,120,79,102]
methods.3.outcome.report.source_map.segments.13.origin.primary.method.owner.class_bytes.digest = "52ddcc0b5ab5de0702266901380266b53498433df87ca02f4861c61c7f4c9b19"
methods.3.outcome.report.source_map.segments.13.origin.primary.method.owner.class_bytes.length = 419
methods.3.outcome.report.source_map.segments.13.origin.primary.method.owner.location.entry.ordinal = 3
methods.3.outcome.report.source_map.segments.13.origin.primary.method.owner.location.entry.origin.root_container = "root"
methods.3.outcome.report.source_map.segments.13.origin.primary.method.owner.location.entry.origin.snapshot = "7bd36d15403917ddfd030b4c0df2554ab5e9524733fb2161b280916e6cb6bb27"
methods.3.outcome.report.source_map.segments.13.origin.primary.method.owner.location.entry.origin.steps = []
methods.3.outcome.report.source_map.segments.13.origin.primary.method.owner.location.entry.raw_name = [99,102,48,55,47,76,111,111,112,67,97,115,101,115,46,99,108,97,115,115]
methods.3.outcome.report.source_map.segments.13.origin.primary.method.owner.location.kind = "archive_entry"
methods.3.outcome.report.source_map.segments.13.origin.primary.method.owner.variant.kind = "base"
methods.3.outcome.report.source_map.segments.13.origin.primary.provenance = "Direct"
methods.3.outcome.report.source_map.segments.13.start = 296
methods.3.outcome.report.source_map.segments.14.end = 304
methods.3.outcome.report.source_map.segments.14.origin.derived = []
methods.3.outcome.report.source_map.segments.14.origin.primary.bci = 21
methods.3.outcome.report.source_map.segments.14.origin.primary.cp = null
methods.3.outcome.report.source_map.segments.14.origin.primary.method.descriptor = [40,91,73,73,73,73,41,73]
methods.3.outcome.report.source_map.segments.14.origin.primary.method.name = [108,97,115,116,73,110,100,101,120,79,102]
methods.3.outcome.report.source_map.segments.14.origin.primary.method.owner.class_bytes.digest = "52ddcc0b5ab5de0702266901380266b53498433df87ca02f4861c61c7f4c9b19"
methods.3.outcome.report.source_map.segments.14.origin.primary.method.owner.class_bytes.length = 419
methods.3.outcome.report.source_map.segments.14.origin.primary.method.owner.location.entry.ordinal = 3
methods.3.outcome.report.source_map.segments.14.origin.primary.method.owner.location.entry.origin.root_container = "root"
methods.3.outcome.report.source_map.segments.14.origin.primary.method.owner.location.entry.origin.snapshot = "7bd36d15403917ddfd030b4c0df2554ab5e9524733fb2161b280916e6cb6bb27"
methods.3.outcome.report.source_map.segments.14.origin.primary.method.owner.location.entry.origin.steps = []
methods.3.outcome.report.source_map.segments.14.origin.primary.method.owner.location.entry.raw_name = [99,102,48,55,47,76,111,111,112,67,97,115,101,115,46,99,108,97,115,115]
methods.3.outcome.report.source_map.segments.14.origin.primary.method.owner.location.kind = "archive_entry"
methods.3.outcome.report.source_map.segments.14.origin.primary.method.owner.variant.kind = "base"
methods.3.outcome.report.source_map.segments.14.origin.primary.provenance = "Direct"
methods.3.outcome.report.source_map.segments.14.start = 277
methods.3.outcome.report.source_map.segments.15.end = 348
methods.3.outcome.report.source_map.segments.15.origin.derived = []
methods.3.outcome.report.source_map.segments.15.origin.primary.bci = 22
methods.3.outcome.report.source_map.segments.15.origin.primary.cp = null
methods.3.outcome.report.source_map.segments.15.origin.primary.method.descriptor = [40,91,73,73,73,73,41,73]
methods.3.outcome.report.source_map.segments.15.origin.primary.method.name = [108,97,115,116,73,110,100,101,120,79,102]
methods.3.outcome.report.source_map.segments.15.origin.primary.method.owner.class_bytes.digest = "52ddcc0b5ab5de0702266901380266b53498433df87ca02f4861c61c7f4c9b19"
methods.3.outcome.report.source_map.segments.15.origin.primary.method.owner.class_bytes.length = 419
methods.3.outcome.report.source_map.segments.15.origin.primary.method.owner.location.entry.ordinal = 3
methods.3.outcome.report.source_map.segments.15.origin.primary.method.owner.location.entry.origin.root_container = "root"
methods.3.outcome.report.source_map.segments.15.origin.primary.method.owner.location.entry.origin.snapshot = "7bd36d15403917ddfd030b4c0df2554ab5e9524733fb2161b280916e6cb6bb27"
methods.3.outcome.report.source_map.segments.15.origin.primary.method.owner.location.entry.origin.steps = []
methods.3.outcome.report.source_map.segments.15.origin.primary.method.owner.location.entry.raw_name = [99,102,48,55,47,76,111,111,112,67,97,115,101,115,46,99,108,97,115,115]
methods.3.outcome.report.source_map.segments.15.origin.primary.method.owner.location.kind = "archive_entry"
methods.3.outcome.report.source_map.segments.15.origin.primary.method.owner.variant.kind = "base"
methods.3.outcome.report.source_map.segments.15.origin.primary.provenance = "Direct"
methods.3.outcome.report.source_map.segments.15.start = 342
methods.3.outcome.report.source_map.segments.16.end = 352
methods.3.outcome.report.source_map.segments.16.origin.derived = []
methods.3.outcome.report.source_map.segments.16.origin.primary.bci = 22
methods.3.outcome.report.source_map.segments.16.origin.primary.cp = null
methods.3.outcome.report.source_map.segments.16.origin.primary.method.descriptor = [40,91,73,73,73,73,41,73]
methods.3.outcome.report.source_map.segments.16.origin.primary.method.name = [108,97,115,116,73,110,100,101,120,79,102]
methods.3.outcome.report.source_map.segments.16.origin.primary.method.owner.class_bytes.digest = "52ddcc0b5ab5de0702266901380266b53498433df87ca02f4861c61c7f4c9b19"
methods.3.outcome.report.source_map.segments.16.origin.primary.method.owner.class_bytes.length = 419
methods.3.outcome.report.source_map.segments.16.origin.primary.method.owner.location.entry.ordinal = 3
methods.3.outcome.report.source_map.segments.16.origin.primary.method.owner.location.entry.origin.root_container = "root"
methods.3.outcome.report.source_map.segments.16.origin.primary.method.owner.location.entry.origin.snapshot = "7bd36d15403917ddfd030b4c0df2554ab5e9524733fb2161b280916e6cb6bb27"
methods.3.outcome.report.source_map.segments.16.origin.primary.method.owner.location.entry.origin.steps = []
methods.3.outcome.report.source_map.segments.16.origin.primary.method.owner.location.entry.raw_name = [99,102,48,55,47,76,111,111,112,67,97,115,101,115,46,99,108,97,115,115]
methods.3.outcome.report.source_map.segments.16.origin.primary.method.owner.location.kind = "archive_entry"
methods.3.outcome.report.source_map.segments.16.origin.primary.method.owner.variant.kind = "base"
methods.3.outcome.report.source_map.segments.16.origin.primary.provenance = "Direct"
methods.3.outcome.report.source_map.segments.16.start = 351
methods.3.outcome.report.source_map.segments.17.end = 352
methods.3.outcome.report.source_map.segments.17.origin.derived = []
methods.3.outcome.report.source_map.segments.17.origin.primary.bci = 22
methods.3.outcome.report.source_map.segments.17.origin.primary.cp = null
methods.3.outcome.report.source_map.segments.17.origin.primary.method.descriptor = [40,91,73,73,73,73,41,73]
methods.3.outcome.report.source_map.segments.17.origin.primary.method.name = [108,97,115,116,73,110,100,101,120,79,102]
methods.3.outcome.report.source_map.segments.17.origin.primary.method.owner.class_bytes.digest = "52ddcc0b5ab5de0702266901380266b53498433df87ca02f4861c61c7f4c9b19"
methods.3.outcome.report.source_map.segments.17.origin.primary.method.owner.class_bytes.length = 419
methods.3.outcome.report.source_map.segments.17.origin.primary.method.owner.location.entry.ordinal = 3
methods.3.outcome.report.source_map.segments.17.origin.primary.method.owner.location.entry.origin.root_container = "root"
methods.3.outcome.report.source_map.segments.17.origin.primary.method.owner.location.entry.origin.snapshot = "7bd36d15403917ddfd030b4c0df2554ab5e9524733fb2161b280916e6cb6bb27"
methods.3.outcome.report.source_map.segments.17.origin.primary.method.owner.location.entry.origin.steps = []
methods.3.outcome.report.source_map.segments.17.origin.primary.method.owner.location.entry.raw_name = [99,102,48,55,47,76,111,111,112,67,97,115,101,115,46,99,108,97,115,115]
methods.3.outcome.report.source_map.segments.17.origin.primary.method.owner.location.kind = "archive_entry"
methods.3.outcome.report.source_map.segments.17.origin.primary.method.owner.variant.kind = "base"
methods.3.outcome.report.source_map.segments.17.origin.primary.provenance = "Direct"
methods.3.outcome.report.source_map.segments.17.start = 342
methods.3.outcome.report.source_map.segments.18.end = 354
methods.3.outcome.report.source_map.segments.18.origin.derived = []
methods.3.outcome.report.source_map.segments.18.origin.primary.bci = 22
methods.3.outcome.report.source_map.segments.18.origin.primary.cp = null
methods.3.outcome.report.source_map.segments.18.origin.primary.method.descriptor = [40,91,73,73,73,73,41,73]
methods.3.outcome.report.source_map.segments.18.origin.primary.method.name = [108,97,115,116,73,110,100,101,120,79,102]
methods.3.outcome.report.source_map.segments.18.origin.primary.method.owner.class_bytes.digest = "52ddcc0b5ab5de0702266901380266b53498433df87ca02f4861c61c7f4c9b19"
methods.3.outcome.report.source_map.segments.18.origin.primary.method.owner.class_bytes.length = 419
methods.3.outcome.report.source_map.segments.18.origin.primary.method.owner.location.entry.ordinal = 3
methods.3.outcome.report.source_map.segments.18.origin.primary.method.owner.location.entry.origin.root_container = "root"
methods.3.outcome.report.source_map.segments.18.origin.primary.method.owner.location.entry.origin.snapshot = "7bd36d15403917ddfd030b4c0df2554ab5e9524733fb2161b280916e6cb6bb27"
methods.3.outcome.report.source_map.segments.18.origin.primary.method.owner.location.entry.origin.steps = []
methods.3.outcome.report.source_map.segments.18.origin.primary.method.owner.location.entry.raw_name = [99,102,48,55,47,76,111,111,112,67,97,115,101,115,46,99,108,97,115,115]
methods.3.outcome.report.source_map.segments.18.origin.primary.method.owner.location.kind = "archive_entry"
methods.3.outcome.report.source_map.segments.18.origin.primary.method.owner.variant.kind = "base"
methods.3.outcome.report.source_map.segments.18.origin.primary.provenance = "Direct"
methods.3.outcome.report.source_map.segments.18.start = 321
methods.3.outcome.report.source_map.segments.19.end = 364
methods.3.outcome.report.source_map.segments.19.origin.derived = []
methods.3.outcome.report.source_map.segments.19.origin.primary.bci = 16
methods.3.outcome.report.source_map.segments.19.origin.primary.cp = null
methods.3.outcome.report.source_map.segments.19.origin.primary.method.descriptor = [40,91,73,73,73,73,41,73]
methods.3.outcome.report.source_map.segments.19.origin.primary.method.name = [108,97,115,116,73,110,100,101,120,79,102]
methods.3.outcome.report.source_map.segments.19.origin.primary.method.owner.class_bytes.digest = "52ddcc0b5ab5de0702266901380266b53498433df87ca02f4861c61c7f4c9b19"
methods.3.outcome.report.source_map.segments.19.origin.primary.method.owner.class_bytes.length = 419
methods.3.outcome.report.source_map.segments.19.origin.primary.method.owner.location.entry.ordinal = 3
methods.3.outcome.report.source_map.segments.19.origin.primary.method.owner.location.entry.origin.root_container = "root"
methods.3.outcome.report.source_map.segments.19.origin.primary.method.owner.location.entry.origin.snapshot = "7bd36d15403917ddfd030b4c0df2554ab5e9524733fb2161b280916e6cb6bb27"
methods.3.outcome.report.source_map.segments.19.origin.primary.method.owner.location.entry.origin.steps = []
methods.3.outcome.report.source_map.segments.19.origin.primary.method.owner.location.entry.raw_name = [99,102,48,55,47,76,111,111,112,67,97,115,101,115,46,99,108,97,115,115]
methods.3.outcome.report.source_map.segments.19.origin.primary.method.owner.location.kind = "archive_entry"
methods.3.outcome.report.source_map.segments.19.origin.primary.method.owner.variant.kind = "base"
methods.3.outcome.report.source_map.segments.19.origin.primary.provenance = "Direct"
methods.3.outcome.report.source_map.segments.19.start = 241
methods.3.outcome.report.source_map.segments.20.end = 370
methods.3.outcome.report.source_map.segments.20.origin.derived = []
methods.3.outcome.report.source_map.segments.20.origin.primary.bci = 8
methods.3.outcome.report.source_map.segments.20.origin.primary.cp = null
methods.3.outcome.report.source_map.segments.20.origin.primary.method.descriptor = [40,91,73,73,73,73,41,73]
methods.3.outcome.report.source_map.segments.20.origin.primary.method.name = [108,97,115,116,73,110,100,101,120,79,102]
methods.3.outcome.report.source_map.segments.20.origin.primary.method.owner.class_bytes.digest = "52ddcc0b5ab5de0702266901380266b53498433df87ca02f4861c61c7f4c9b19"
methods.3.outcome.report.source_map.segments.20.origin.primary.method.owner.class_bytes.length = 419
methods.3.outcome.report.source_map.segments.20.origin.primary.method.owner.location.entry.ordinal = 3
methods.3.outcome.report.source_map.segments.20.origin.primary.method.owner.location.entry.origin.root_container = "root"
methods.3.outcome.report.source_map.segments.20.origin.primary.method.owner.location.entry.origin.snapshot = "7bd36d15403917ddfd030b4c0df2554ab5e9524733fb2161b280916e6cb6bb27"
methods.3.outcome.report.source_map.segments.20.origin.primary.method.owner.location.entry.origin.steps = []
methods.3.outcome.report.source_map.segments.20.origin.primary.method.owner.location.entry.raw_name = [99,102,48,55,47,76,111,111,112,67,97,115,101,115,46,99,108,97,115,115]
methods.3.outcome.report.source_map.segments.20.origin.primary.method.owner.location.kind = "archive_entry"
methods.3.outcome.report.source_map.segments.20.origin.primary.method.owner.variant.kind = "base"
methods.3.outcome.report.source_map.segments.20.origin.primary.provenance = "Direct"
methods.3.outcome.report.source_map.segments.20.start = 212
methods.3.outcome.report.source_map.segments.21.end = 383
methods.3.outcome.report.source_map.segments.21.origin.derived = []
methods.3.outcome.report.source_map.segments.21.origin.primary.bci = 28
methods.3.outcome.report.source_map.segments.21.origin.primary.cp = null
methods.3.outcome.report.source_map.segments.21.origin.primary.method.descriptor = [40,91,73,73,73,73,41,73]
methods.3.outcome.report.source_map.segments.21.origin.primary.method.name = [108,97,115,116,73,110,100,101,120,79,102]
methods.3.outcome.report.source_map.segments.21.origin.primary.method.owner.class_bytes.digest = "52ddcc0b5ab5de0702266901380266b53498433df87ca02f4861c61c7f4c9b19"
methods.3.outcome.report.source_map.segments.21.origin.primary.method.owner.class_bytes.length = 419
methods.3.outcome.report.source_map.segments.21.origin.primary.method.owner.location.entry.ordinal = 3
methods.3.outcome.report.source_map.segments.21.origin.primary.method.owner.location.entry.origin.root_container = "root"
methods.3.outcome.report.source_map.segments.21.origin.primary.method.owner.location.entry.origin.snapshot = "7bd36d15403917ddfd030b4c0df2554ab5e9524733fb2161b280916e6cb6bb27"
methods.3.outcome.report.source_map.segments.21.origin.primary.method.owner.location.entry.origin.steps = []
methods.3.outcome.report.source_map.segments.21.origin.primary.method.owner.location.entry.raw_name = [99,102,48,55,47,76,111,111,112,67,97,115,101,115,46,99,108,97,115,115]
methods.3.outcome.report.source_map.segments.21.origin.primary.method.owner.location.kind = "archive_entry"
methods.3.outcome.report.source_map.segments.21.origin.primary.method.owner.variant.kind = "base"
methods.3.outcome.report.source_map.segments.21.origin.primary.provenance = "Direct"
methods.3.outcome.report.source_map.segments.21.start = 381
methods.3.outcome.report.source_map.segments.22.end = 385
methods.3.outcome.report.source_map.segments.22.origin.derived = []
methods.3.outcome.report.source_map.segments.22.origin.primary.bci = 29
methods.3.outcome.report.source_map.segments.22.origin.primary.cp = null
methods.3.outcome.report.source_map.segments.22.origin.primary.method.descriptor = [40,91,73,73,73,73,41,73]
methods.3.outcome.report.source_map.segments.22.origin.primary.method.name = [108,97,115,116,73,110,100,101,120,79,102]
methods.3.outcome.report.source_map.segments.22.origin.primary.method.owner.class_bytes.digest = "52ddcc0b5ab5de0702266901380266b53498433df87ca02f4861c61c7f4c9b19"
methods.3.outcome.report.source_map.segments.22.origin.primary.method.owner.class_bytes.length = 419
methods.3.outcome.report.source_map.segments.22.origin.primary.method.owner.location.entry.ordinal = 3
methods.3.outcome.report.source_map.segments.22.origin.primary.method.owner.location.entry.origin.root_container = "root"
methods.3.outcome.report.source_map.segments.22.origin.primary.method.owner.location.entry.origin.snapshot = "7bd36d15403917ddfd030b4c0df2554ab5e9524733fb2161b280916e6cb6bb27"
methods.3.outcome.report.source_map.segments.22.origin.primary.method.owner.location.entry.origin.steps = []
methods.3.outcome.report.source_map.segments.22.origin.primary.method.owner.location.entry.raw_name = [99,102,48,55,47,76,111,111,112,67,97,115,101,115,46,99,108,97,115,115]
methods.3.outcome.report.source_map.segments.22.origin.primary.method.owner.location.kind = "archive_entry"
methods.3.outcome.report.source_map.segments.22.origin.primary.method.owner.variant.kind = "base"
methods.3.outcome.report.source_map.segments.22.origin.primary.provenance = "Direct"
methods.3.outcome.report.source_map.segments.22.start = 370
methods.3.outcome.report.syntax_status = "unchecked"
methods.3.outcome.report.text = "// @method lastIndexOf([IIII)I\n// @declaration a static method of `cf07.LoopCases`, member flags 0x0009\n// recovered from bytecode; presentation is not claimed to compile\n{\n    int local4;\n    local4 = arg3 - 1;\n    while (local4 >= arg2) {\n        if (arg0[local4] == arg1) {\n            return local4;\n        } else {\n            local4 = local4 - 1;\n        }\n    }\n    return -1;\n}\n"
methods.3.outcome.report.verification = "not_performed"
methods.3.parameter_annotations.attributes = []
methods.3.parameter_annotations.refusals = []
methods.3.parameter_annotations.uses_by_position = [[],[],[],[]]
methods.3.text = "    public static int lastIndexOf(int[] arg0, int arg1, int arg2, int arg3) {\n        // @method lastIndexOf([IIII)I\n        // @declaration a static method of `cf07.LoopCases`, member flags 0x0009\n        // recovered from bytecode; presentation is not claimed to compile\n        int local4;\n        local4 = arg3 - 1;\n        while (local4 >= arg2) {\n            if (arg0[local4] == arg1) {\n                return local4;\n            } else {\n                local4 = local4 - 1;\n            }\n        }\n        return -1;\n    }\n"
methods.3.type_annotations.attributes = []
methods.3.type_annotations.field_uses = []
methods.3.type_annotations.parameter_uses = [[],[],[],[]]
methods.3.type_annotations.refusals = []
methods.3.type_annotations.return_uses = []
nested_annotation_family.state = "absent"
nested_enum_family.state = "absent"
outcome = "performed"
stages = ["raw_facts","raw_cfg","legacy_normalization","canonical_cfg","frame","ssa"]
usage.analysis_steps = 1161
usage.archive_entries = 14
usage.attribute_bytes = 636
usage.class_bytes = 838
usage.class_headers = 1
usage.code_bytes = 93
usage.dependency_depth = 0
usage.elapsed_millis = 39
usage.entry_bytes = 419
usage.input_bytes = 1368
usage.ir_edges = 175
usage.ir_items = 1989
usage.method_bodies = 4
usage.nested_depth = 0
usage.normalization_clones = 0
usage.output_bytes = 1335
usage.read_bytes = 340
usage.result_items = 23
view.scope.kind = "snapshot_all"
view.snapshot = "7bd36d15403917ddfd030b4c0df2554ab5e9524733fb2161b280916e6cb6bb27"
