path	sha256
README.md	4d91fa59991ddb09c8b67c03e371e9db42e87166dfddea91a2a6dcdb5b6fbf43
adapter-executed.py	e170ad879448687dfe972f615dfd78a56406d5b5bc1b9a841a526fdee2633fb3
commands.tsv	d365e11f57a4669da8a38eb1aa2ba6e7aab3fd8d9fa6392488bf626bb3cbd4c5
failures/jdk23/debug/InstanceRawLocal/jadx-javac.stderr.txt	5ec29f06f00b56192b9fde1220ec40c6d2f740bb916fdda45ad7c6aa4a0b2d85
failures/jdk23/no-debug/InstanceRawLocal/jadx-javac.stderr.txt	6fb343af500ba064fdb2346e233dedfc09efa37ca1374048fc20fa02703d0901
failures/jdk8/debug/InstanceRawLocal/jadx-javac.stderr.txt	e0970506a1698b55e6e8e52c08dc304980c11aaeae3036c2c46feae5d4fcab68
failures/jdk8/no-debug/InstanceRawLocal/jadx-javac.stderr.txt	78395e680919fb42de805f2191b066d8121d71fbf98cdd7fda41d1df50e033c9
jdk-version-logs/0001-jdk-preflight_jdk8_java.stderr	faab3c8a678f056adf83280dbda6950d4d51a39eaf84b2136be0a1812b62e22d
jdk-version-logs/0001-jdk-preflight_jdk8_java.stdout	e3b0c44298fc1c149afbf4c8996fb92427ae41e4649b934ca495991b7852b855
jdk-version-logs/0002-jdk-preflight_jdk8_javac.stderr	b78c3d234842235ae1b53dd6405da54b3af2b02047c45858b595870662803db8
jdk-version-logs/0002-jdk-preflight_jdk8_javac.stdout	e3b0c44298fc1c149afbf4c8996fb92427ae41e4649b934ca495991b7852b855
jdk-version-logs/0003-jdk-preflight_jdk8_jar.stderr	faab3c8a678f056adf83280dbda6950d4d51a39eaf84b2136be0a1812b62e22d
jdk-version-logs/0003-jdk-preflight_jdk8_jar.stdout	e3b0c44298fc1c149afbf4c8996fb92427ae41e4649b934ca495991b7852b855
jdk-version-logs/0004-jdk-preflight_jdk8_javap.stderr	e3b0c44298fc1c149afbf4c8996fb92427ae41e4649b934ca495991b7852b855
jdk-version-logs/0004-jdk-preflight_jdk8_javap.stdout	6a282b7b9e5da8c1d9ecd31367d3828a20d54da2205390fd0c9529a48b3be713
jdk-version-logs/0005-jdk-preflight_jdk23_java.stderr	11d9a1559a3f4fab380e536f54e14acacdbd9fb56e147f04a9cc4723e3c229f7
jdk-version-logs/0005-jdk-preflight_jdk23_java.stdout	e3b0c44298fc1c149afbf4c8996fb92427ae41e4649b934ca495991b7852b855
jdk-version-logs/0006-jdk-preflight_jdk23_javac.stderr	e3b0c44298fc1c149afbf4c8996fb92427ae41e4649b934ca495991b7852b855
jdk-version-logs/0006-jdk-preflight_jdk23_javac.stdout	8b08d363e50e3d8f80fe38c5910e7f52b3e267b192efacb74878c7103361d3cd
jdk-version-logs/0007-jdk-preflight_jdk23_jar.stderr	e3b0c44298fc1c149afbf4c8996fb92427ae41e4649b934ca495991b7852b855
jdk-version-logs/0007-jdk-preflight_jdk23_jar.stdout	25e5829092e156bcdbd2a23c369bd544724e94b3793ba5982bac1aab6573e82c
jdk-version-logs/0008-jdk-preflight_jdk23_javap.stderr	e3b0c44298fc1c149afbf4c8996fb92427ae41e4649b934ca495991b7852b855
jdk-version-logs/0008-jdk-preflight_jdk23_javap.stdout	93012e27a4b9c01457ab2e4cc367a8dd4f4f42e6db886be6030d542771338bfb
jdk23/debug/jadx/Array2DRawParam/sources/defpackage/Array2DRawParam.java	d9af1990c95193456c46473f31939177a2632e34152dde0ed791caf10ac40d27
jdk23/debug/jadx/ArrayRawParam/sources/defpackage/ArrayRawParam.java	b9356814382670f5cc31457caf107ca11a4836ca88b6a2964a73120afa021457
jdk23/debug/jadx/BoundRawParam/sources/defpackage/BoundRawParam.java	4545a9f6e22269ff21bcac1e1abc69f7f9186d982c4c395eb5c10471783b9eda
jdk23/debug/jadx/DirectInstanceRawParam/sources/defpackage/DirectInstanceRawParam.java	d5a81d1a0941226f34e220c355943cd81eace76a7f72ab9c0a07e079166af029
jdk23/debug/jadx/InstanceRawLocal/sources/defpackage/InstanceRawLocal.java	183a867140d3ec0d651f1c6024251ab3805b4a7cb5736eab8893104121ed39df
jdk23/debug/jadx/MultiFormalRawParam/sources/defpackage/MultiFormalRawParam.java	46dff0ad150401facc3becf5fa2e92685a87d46f2c9b537e02a20af4e0da4072
jdk23/debug/jadx/NullRawParam/sources/defpackage/NullRawParam.java	2497fde8c7696cef28caddbb5432e9775944289511bd27767183fd2665087b19
jdk23/debug/jadx/PrimitiveArrayRawParam/sources/defpackage/PrimitiveArrayRawParam.java	6e080e95264345c55088fab59d326568454b5c431b3bd4674254c4c3f7931b0b
jdk23/debug/jadx/RawOwnerChild/sources/defpackage/RawOwnerBase.java	a4256e0b800f68dffd6124722d909d24bb9958b2d27d0668e20575fd05ead39d
jdk23/debug/jadx/RawOwnerChild/sources/defpackage/RawOwnerChild.java	ea53cd737a4ca1e297f8ae71a5ed156924a2cf3ad7c61206b43694e7cb016fde
jdk23/debug/jadx/RawParam/sources/defpackage/RawParam.java	a36e1bd1ec630ddccadc5178ea2ef1483d9b784fef412784d34d672f34d9c855
jdk23/debug/jadx/RetainedAliasRawParam/sources/defpackage/RetainedAliasRawParam.java	0d8c28f014d9873131e2277ec147645b4f2e8f88f10d96ebafa1ca68ec7519a9
jdk23/debug/jadx/ShadowMethodT/sources/defpackage/ShadowMethodT.java	e638423e067858654f869a3c38d7f38daf64e4a0855011122ace6be028722f99
jdk23/debug/jadx/StaticRawLocal/sources/defpackage/StaticRawLocal.java	0875242685024debb56daf13e862932967d9e7c860f92e7b89c872dc99a16be8
jdk23/debug/jadx/ThisReceiver/sources/defpackage/ThisReceiver.java	908f8f9ccda887868f6a515f1942aed41297b5a73a55e0a062da8faeca7b049f
jdk23/debug/jadx/TypedReceiver/sources/defpackage/TypedReceiver.java	f6885117b5b3c43020e4cede27dbe323b9d8ef2900b0d386adc3a22e1abcc97f
jdk23/debug/jadx/WideRawParam/sources/defpackage/WideRawParam.java	1b5390662572c65827dc2e38557a649a6c3f92cb2c6813556092327e680a54fd
jdk23/debug/jarde/Array2DRawParam.java	d4ba813f6f198eed97a53a5c193bca2f69698ce49b7a93aa69e279e7c27acb62
jdk23/debug/jarde/Array2DRawParam.stderr.txt	b6c457ac00a05c4e62549a3d6336cc514f1d720ed72b9b59081a07de3cfd5ab0
jdk23/debug/jarde/ArrayRawParam.java	c8c72849f11741a77f70b21b0436745c69e7f2e9d60ae7c7724adfd147a8faab
jdk23/debug/jarde/ArrayRawParam.stderr.txt	03e7c11475ee94d0373a503ecd87c3141d4b24f049e473bed105127b6a6a2852
jdk23/debug/jarde/BoundRawParam.java	6780b9df7fd79af1b6d8e0acb289d0257a77eaa548101c8cfe3fdc3911d66eac
jdk23/debug/jarde/BoundRawParam.stderr.txt	c2ea28f242b74803f6e90945942f861f48537f2cbfa91fcdeae202fa4a44aba2
jdk23/debug/jarde/DirectInstanceRawParam.java	66882766f2731a7d18b72428b8ad38d8f2bd8e0183b4bf42ab71e0a8bcb56671
jdk23/debug/jarde/DirectInstanceRawParam.stderr.txt	628d7b7e86fb23981b3c09ffda36f8f824c98f28d1e6c4d6a7e218a953aaf3fc
jdk23/debug/jarde/InstanceRawLocal.java	5739eae80933689e02968db38be749560fea18f7852efc7071bc402ac1657445
jdk23/debug/jarde/InstanceRawLocal.stderr.txt	72a44e4f4a8023c360796f09d33417fc0c9f141a12504423c53a1d3c7af2dac2
jdk23/debug/jarde/MultiFormalRawParam.java	f619dc6de622abbbb601490c87b29154ed05f1dc9da16fd08f994de9faa1e729
jdk23/debug/jarde/MultiFormalRawParam.stderr.txt	9ebf31c2b41a3c459ca8cac3a52f55006da514bd8794dcad0b328793634e92e6
jdk23/debug/jarde/NullRawParam.java	f60daa335370ba4b9535a79d8a6039e957fde7f7fbf1179b722b7dff8c1bb168
jdk23/debug/jarde/NullRawParam.stderr.txt	44265c3ef731c5a8c239e6eb985e368dae4f5b23e84ff330c97e85f06d24e1c7
jdk23/debug/jarde/PrimitiveArrayRawParam.java	ca19f53923fbfb66917c75ea83f0d5053343cf8c6aa62b562778ef54d5028a26
jdk23/debug/jarde/PrimitiveArrayRawParam.stderr.txt	15ad7ebabd550c755777671df7a2428f64ce825dd107327074fa7144babcce27
jdk23/debug/jarde/RawOwnerBase.java	f400195673e17b46cfe5e1ecf2dfa6ad1e569fc2a83c23d92202a00ba21aba24
jdk23/debug/jarde/RawOwnerBase.stderr.txt	aca0c220c88ed78307b61f4e589421712ca6a9cc3a446ba73b9a7a7224411f9e
jdk23/debug/jarde/RawOwnerChild.java	85654234ed265aea8c2af90fe4353ca2be2b352c36d98476b0f89a9661e064cd
jdk23/debug/jarde/RawOwnerChild.stderr.txt	833ebc4c48c9aa82d3b73ccb9862bd95bf8cbaf12e069fb7941235c304fc9367
jdk23/debug/jarde/RawParam.java	e086985b6879bfbebb341e501fb7f963bc33d5623ac87904b40e011163135e9b
jdk23/debug/jarde/RawParam.stderr.txt	3d2a646d1a2c0fe40254e0e2953d7f695c390a586b81c4274d573e1436ea07a2
jdk23/debug/jarde/RetainedAliasRawParam.java	67c03164c7f4c286881d760c247bdc8ed73c851a4377db2751830cc607eb3f89
jdk23/debug/jarde/RetainedAliasRawParam.stderr.txt	d1886f6db8dca5f9048d9651fdd63d69a91ca992e6ae834e0549189ef72ee35e
jdk23/debug/jarde/ShadowMethodT.java	b6d351665b1a03c8f6b0bfadfbb2dc22c1ab88457700d15dc23ffdd9d8ec560e
jdk23/debug/jarde/ShadowMethodT.stderr.txt	0d2e0921a3f8f3fd138459ca36ebfd859111a5fcc7d7eb806f469201f8bb63dd
jdk23/debug/jarde/StaticRawLocal.java	9ec274de3d0847441e7de73ff79a6d027179b6c14306c18643ee8e2346b54332
jdk23/debug/jarde/StaticRawLocal.stderr.txt	4da2a719b57c26946cf8d8204e609996e2a71efb22311f253b722302e17f756d
jdk23/debug/jarde/ThisReceiver.java	a97d2cf3fb8ae606b390fe7a96386fb611ca686a76a5a25889978f7e8fc03c52
jdk23/debug/jarde/ThisReceiver.stderr.txt	2ad2a9dd53578954ba4a9dce756094c2ba53b03063b8e52afdb0ec6b067096c8
jdk23/debug/jarde/TypedReceiver.java	bdf8ee04b0e67af0e95616b5995872c1accab0101131b4987ca1cfa4bc6d46f0
jdk23/debug/jarde/TypedReceiver.stderr.txt	5102df7655be84cb876f778a74e59b9cb036f3d75bc753b3189795d9e08d4bd5
jdk23/debug/jarde/WideRawParam.java	a8c2366e3a709f7941c00dff72d5921e0b3e9772cd7195d3caf1094bb0a95be9
jdk23/debug/jarde/WideRawParam.stderr.txt	f40d4ebeee911d7e9da406139e4a9ff2095fdbfce1d2e745c1d95c9dd3cfc89c
jdk23/debug/javap/Array2DRawParam.txt	d3e7d59ed9de6427484423766e890742100e50539680c5500ba76a78e978aee4
jdk23/debug/javap/ArrayRawParam.txt	545cc0ed9cd4ee5a3dfd9cd36bc2ea9f99b43a4f296001fa1ba87c4e70461483
jdk23/debug/javap/BoundRawParam.txt	a9cc48530178948b0ef2522222ee87f6fa4b18a9562c438d23c2d4df0f163cec
jdk23/debug/javap/DirectInstanceRawParam.txt	dae6436bf67ca48a6be069fb2a99259f629e616df93c99788d6e280e92c7e1a0
jdk23/debug/javap/InstanceRawLocal.txt	61694ae4173e5acf45257dc21e14f18369f88e8d6174cfecd499bb58b4716a5b
jdk23/debug/javap/MultiFormalRawParam.txt	c0f896241d7a15ce2877ce98de100e669f49b4bece1511ba65c16a2fa4ce30e8
jdk23/debug/javap/NullRawParam.txt	24639551a84c9f092e03155ca19a00ce4785ab1a0c04ee008338724e5e688749
jdk23/debug/javap/PrimitiveArrayRawParam.txt	0c5e9afe111852818d0ec9547e756192d3bc649e63e7c30af4a83cd8c15c5a88
jdk23/debug/javap/RawOwnerChild.txt	0132462da1080853f38ff9c046056abc9d806c2dcc4f0512ee12bbb1c19261fa
jdk23/debug/javap/RawParam.txt	643f960b952233003d168002eff538f1174de04eaf360b4fed0e1bf87c87fc49
jdk23/debug/javap/RetainedAliasRawParam.txt	52f1a5e1188002499119033efef31c9651210558f5418d43808f7d80148d4ac7
jdk23/debug/javap/ShadowMethodT.txt	62ec7dca1ba288360e9cdb3dee7d6fa51bae38174902fd3bf4b25b89706bdbab
jdk23/debug/javap/StaticRawLocal.txt	3c02dbbd54549b6584dcc4fda9101a47af57af55262067b96d7fcc0a3d769992
jdk23/debug/javap/ThisReceiver.txt	343a15458cd6d05d7e7f5ffc955904a3cb22e08e6a218bac9f67c26aff810430
jdk23/debug/javap/TypedReceiver.txt	644a2c56d254b7f5fa9ba80670e3d02a9669e01d27ed79af9f3eb1678495a307
jdk23/debug/javap/WideRawParam.txt	32e088383eb2592a9d7024fdad617672d9dd852f63dc5c9f6c519674a14fbf1a
jdk23/debug/runtime/Array2DRawParam.jadx.txt	8a25af8b8504893fffac8c1872e3c93e85925b6aa0b3d9ff5f62750cee2ba267
jdk23/debug/runtime/Array2DRawParam.jarde.txt	f48a2d307b1f6c7abb8d91e7a8ed8a5ccc87d07c1114588c08ddfb0808240329
jdk23/debug/runtime/Array2DRawParam.original.txt	f48a2d307b1f6c7abb8d91e7a8ed8a5ccc87d07c1114588c08ddfb0808240329
jdk23/debug/runtime/ArrayRawParam.jadx.txt	65890eea8fe7c3065fbc2f644c7253d5354fdffeba56efc1a47107d7914063b6
jdk23/debug/runtime/ArrayRawParam.jarde.txt	d51f3b7d45328701a337bb2285770bcd1cf8f2179c66734c318010571e65ac8b
jdk23/debug/runtime/ArrayRawParam.original.txt	d51f3b7d45328701a337bb2285770bcd1cf8f2179c66734c318010571e65ac8b
jdk23/debug/runtime/BoundRawParam.jadx.txt	bdeb71e6ccb9da375831745c55c6fa5137fd29b7007948eecaea74516d6991ca
jdk23/debug/runtime/BoundRawParam.jarde.txt	0c5cb2a465e5db671d09e57d82dc7d2279cee6ef898da3154a4cac90f5c80de8
jdk23/debug/runtime/BoundRawParam.original.txt	0c5cb2a465e5db671d09e57d82dc7d2279cee6ef898da3154a4cac90f5c80de8
jdk23/debug/runtime/DirectInstanceRawParam.jadx.txt	b3cda9506188b60dd9d215bc5efd1dafb315f344e7cea3910361ebe407f0cc9b
jdk23/debug/runtime/DirectInstanceRawParam.jarde.txt	9358c79b8f63417a168963e9dc02e1e1359ee5bda8614638bec755f01d5683be
jdk23/debug/runtime/DirectInstanceRawParam.original.txt	9358c79b8f63417a168963e9dc02e1e1359ee5bda8614638bec755f01d5683be
jdk23/debug/runtime/InstanceRawLocal.jarde.txt	c4a0fd4eb5e838df4c7116cc09d11740387e51309b8dd9c85cb1eac73adb9692
jdk23/debug/runtime/InstanceRawLocal.original.txt	b5f800a25ef5e547f36ccdecb9d6798cca74aee4a8a677d83bd449aea30f57e1
jdk23/debug/runtime/MultiFormalRawParam.jadx.txt	8d284d37fb44425659f63776c8f684d596146724e653b1147b4adc2b7c50d4e2
jdk23/debug/runtime/MultiFormalRawParam.jarde.txt	8bc5d0b9f7ed8f8820c0a056a24f74615b3e6104dd1ccada41aee9975df41485
jdk23/debug/runtime/MultiFormalRawParam.original.txt	6d16de1512a82cf13a56f94903001249dbfdb1ab81b29b817616448334e1d0c4
jdk23/debug/runtime/NullRawParam.jadx.txt	f4e759450c3306919076b843e677ebd4315a206a7a08c607258e8ee49a6eb720
jdk23/debug/runtime/NullRawParam.jarde.txt	99432d5aa83e97874597f1a0fde12c2a963ce4099787ae00fd33faff35b18418
jdk23/debug/runtime/NullRawParam.original.txt	99432d5aa83e97874597f1a0fde12c2a963ce4099787ae00fd33faff35b18418
jdk23/debug/runtime/PrimitiveArrayRawParam.jadx.txt	8dbde5389e6da69a121d5ad297157ee52bcb682d49d75d8a4bc7844fd4d1d1e8
jdk23/debug/runtime/PrimitiveArrayRawParam.jarde.txt	e156798549dd3ab3c3eced5fadfdced0789f4ee0e3f65410c291f2c46434dfba
jdk23/debug/runtime/PrimitiveArrayRawParam.original.txt	e156798549dd3ab3c3eced5fadfdced0789f4ee0e3f65410c291f2c46434dfba
jdk23/debug/runtime/RawOwnerChild.jadx.txt	2404a47a7f7c206decbce521d1ad8ca2966f33929a01a6e1cd462d7eda65b76b
jdk23/debug/runtime/RawOwnerChild.jarde.txt	e65da6d8f2478e3a0b6f43759b106518ecb2b77f17bd072cf737ed70a4ac28ad
jdk23/debug/runtime/RawOwnerChild.original.txt	c25e0c82c8f818f082f08ceef41ac63b15ed1ce4bb020bcf1eff5396c577b047
jdk23/debug/runtime/RawParam.jadx.txt	33b65814b563635c3b26f292f11a234ec9eda87fc8bbf5409c3fc0f323ad9d3d
jdk23/debug/runtime/RawParam.jarde.txt	6a2e3f1a9739b680582fea7e805eed4d712c0aaa5f345bb00d8449a502e68b6d
jdk23/debug/runtime/RawParam.original.txt	6a2e3f1a9739b680582fea7e805eed4d712c0aaa5f345bb00d8449a502e68b6d
jdk23/debug/runtime/RetainedAliasRawParam.jadx.txt	f92fd71052669f4c2419e8516949617f14ee858caeb232d80d63117f41ea2d94
jdk23/debug/runtime/RetainedAliasRawParam.jarde.txt	587147b6fcdb6f90959b73653be0302d121556b4c0626fb20a88ff47291ce8ff
jdk23/debug/runtime/RetainedAliasRawParam.original.txt	587147b6fcdb6f90959b73653be0302d121556b4c0626fb20a88ff47291ce8ff
jdk23/debug/runtime/ShadowMethodT.jadx.txt	1c91e9e73e2b1038112652360b7e0dcd639e400df84523aac0d0102801a17264
jdk23/debug/runtime/ShadowMethodT.jarde.txt	ceb1dd45add8519cb6e22a15e06a6eab6b515c2f59d517b64ede6b379fcd7b53
jdk23/debug/runtime/ShadowMethodT.original.txt	e491f2fc9b0efb07abdaf9da8848a50d38b4da3848f045e3268c35d95124df5a
jdk23/debug/runtime/StaticRawLocal.jadx.txt	caa078a6f6a66a11482c09645632ebb52566091c80fab4fa927b1053dce64fde
jdk23/debug/runtime/StaticRawLocal.jarde.txt	25ea87cacc91c856b41331c020cf776ffda40333d737cff0309fadf5141463b0
jdk23/debug/runtime/StaticRawLocal.original.txt	25ea87cacc91c856b41331c020cf776ffda40333d737cff0309fadf5141463b0
jdk23/debug/runtime/ThisReceiver.jadx.txt	f2c2ade79741f3c077a9767a2c86b6f9e8b3c91395a41c1c035e78ca2c19717e
jdk23/debug/runtime/ThisReceiver.jarde.txt	9916911dd761a7b0d550673bef203cb77fb4cb96733a8fb0a2184fb7d3ba65b8
jdk23/debug/runtime/ThisReceiver.original.txt	9916911dd761a7b0d550673bef203cb77fb4cb96733a8fb0a2184fb7d3ba65b8
jdk23/debug/runtime/TypedReceiver.jadx.txt	1a07b6f4350dff1a6ca5a3e4ec3062096840ad9dbc1a6efbd816e82d4c9ccb31
jdk23/debug/runtime/TypedReceiver.jarde.txt	d7134843994e4b3ba1d434e5bdfba85531e98e0ec94492801f5dbfa4a5b0ca18
jdk23/debug/runtime/TypedReceiver.original.txt	7f08ef56194b137543c901f9bd3946d1ac0f4153f2cc202df75762d9c8052a16
jdk23/debug/runtime/WideRawParam.jadx.txt	bb098a483d7226c3ef490fd7d5502cfaae0fa2dc00a248054971f81a95f5b14e
jdk23/debug/runtime/WideRawParam.jarde.txt	9b6ad934d85edae64408a458838c3e4654befd592a41b43cedf7710c2e9b1512
jdk23/debug/runtime/WideRawParam.original.txt	9b6ad934d85edae64408a458838c3e4654befd592a41b43cedf7710c2e9b1512
jdk23/no-debug/jadx/Array2DRawParam/sources/defpackage/Array2DRawParam.java	7bf3005284b755fe00567641896be8ddcb1010ecdf431bb7cbd62e0fed69cd65
jdk23/no-debug/jadx/ArrayRawParam/sources/defpackage/ArrayRawParam.java	ce0ba57264c94dc463df8d3dbd6b3be4221b852d694a4a6471d38a3f13b35d4b
jdk23/no-debug/jadx/BoundRawParam/sources/defpackage/BoundRawParam.java	c728ec861a3d99357641665f0f7db8e272eda3309e78679b587b8bf8d4b156b7
jdk23/no-debug/jadx/DirectInstanceRawParam/sources/defpackage/DirectInstanceRawParam.java	d510980f6071ada1a310dd5a76fd7ff932c97703337c794fbccb526b8309c33c
jdk23/no-debug/jadx/InstanceRawLocal/sources/defpackage/InstanceRawLocal.java	183a867140d3ec0d651f1c6024251ab3805b4a7cb5736eab8893104121ed39df
jdk23/no-debug/jadx/MultiFormalRawParam/sources/defpackage/MultiFormalRawParam.java	7d015e6743c7ed99d6c7690a03fcf4ecf861a9c582097a14130d74c338cc9376
jdk23/no-debug/jadx/NullRawParam/sources/defpackage/NullRawParam.java	a851150cb6e01aab4844ecce9c0ebb6f65cf050e4aef37382ef53b379c9c7d87
jdk23/no-debug/jadx/PrimitiveArrayRawParam/sources/defpackage/PrimitiveArrayRawParam.java	331c49fc214f34eda5179d4a5fdd3a84dccbec84b083fc49d9121ea426240d11
jdk23/no-debug/jadx/RawOwnerChild/sources/defpackage/RawOwnerBase.java	a4256e0b800f68dffd6124722d909d24bb9958b2d27d0668e20575fd05ead39d
jdk23/no-debug/jadx/RawOwnerChild/sources/defpackage/RawOwnerChild.java	7b1d0110195f085b030ec850679ab6449421c0bc84e5a9decc86d154332e6a5b
jdk23/no-debug/jadx/RawParam/sources/defpackage/RawParam.java	12bd0a83b15704e980d959b9015f1cee6036fe3e2ea3cf799a394dd9a4732787
jdk23/no-debug/jadx/RetainedAliasRawParam/sources/defpackage/RetainedAliasRawParam.java	a04d278d436e9e8d24ab1aa54b93f44ae2766c59e3670b1f663515abdd163ced
jdk23/no-debug/jadx/ShadowMethodT/sources/defpackage/ShadowMethodT.java	a3cc4ded8594ea60b6a6aded917b5d81b18665b64ed2a0e7e869b7435445eeec
jdk23/no-debug/jadx/StaticRawLocal/sources/defpackage/StaticRawLocal.java	c62aaca50bf0904967018ce58649678d845644764106ae6e56fc95af81c82cd2
jdk23/no-debug/jadx/ThisReceiver/sources/defpackage/ThisReceiver.java	29bdbc10deda533facdba2757b0246d7b9e1284023c246cbff18c76ea9e82a3c
jdk23/no-debug/jadx/TypedReceiver/sources/defpackage/TypedReceiver.java	93a41a4f4f11b77fc7b06c143144ebb4254d182495e5a60594be22385b0e594b
jdk23/no-debug/jadx/WideRawParam/sources/defpackage/WideRawParam.java	688c4a0e9325d677f23f0a8f7c56c05436f009b6b8249eb0336dc5362904b189
jdk23/no-debug/jarde/Array2DRawParam.java	84b51bbf39ee444117977442cc40e3d8c27a72fb65b6164c7b2fbdfcc4eae13c
jdk23/no-debug/jarde/Array2DRawParam.stderr.txt	486201881a19e8b214becad9efa76613dbd72e7e5643126fd8a716565d6e47e7
jdk23/no-debug/jarde/ArrayRawParam.java	6eca13086c3cca27c7ef5ed7c3ebc60b7bd9d8daada5cdd7d9c1eb80bf88c0bf
jdk23/no-debug/jarde/ArrayRawParam.stderr.txt	b2547f9fb69bfde39c4336483e9448232f2325dd8dee3cc747519a10e12f4191
jdk23/no-debug/jarde/BoundRawParam.java	81ee814aa442d16bedb0f72f370830c16ee2069d4e84754453ae15445e258294
jdk23/no-debug/jarde/BoundRawParam.stderr.txt	fc828cb3291ffbe352b2646a87b4867a7f00e8ae7b0f64b1535195a41f98e6e8
jdk23/no-debug/jarde/DirectInstanceRawParam.java	4a94736315b6eae244e0c86bd52673d4184206d783c03a281542fea7858efed2
jdk23/no-debug/jarde/DirectInstanceRawParam.stderr.txt	70bcea8aa4623e39c894aa805701c34ba42c28615b9c829db1ef58b4f37ec72d
jdk23/no-debug/jarde/InstanceRawLocal.java	da10013688a30b0cc61c5f8ad8649f79792d67b4ea0d861293afdaf595225214
jdk23/no-debug/jarde/InstanceRawLocal.stderr.txt	d8b8fc417f1c640236a52af33a1ee0a7fcb98bc3e92576edcaebc935178f3588
jdk23/no-debug/jarde/MultiFormalRawParam.java	25dc6e16e8b9f5a62fe2333fe44c3491fde8f6d40b762bca42951af6d817bbd1
jdk23/no-debug/jarde/MultiFormalRawParam.stderr.txt	6d46658d847c00392b58237e980c713b35623f6aeedb7f2ade06cca679eec373
jdk23/no-debug/jarde/NullRawParam.java	d68300b3bdd64dc0a1769de4c77a88e3eebccc14b47a17dc3e1ee4f8165ca2e2
jdk23/no-debug/jarde/NullRawParam.stderr.txt	16a236d514ebcc02d03caef5d1073742b56bc3f0076b173c47736e54182e9b2c
jdk23/no-debug/jarde/PrimitiveArrayRawParam.java	90298d00e9daee2bf9bea1ca50260dee0b170c49e8bc25e85ffbce8789fa2c77
jdk23/no-debug/jarde/PrimitiveArrayRawParam.stderr.txt	60c1613d06d620d8c76bce94461113658e7ebf84384e6148f0bda5a9da70dab7
jdk23/no-debug/jarde/RawOwnerBase.java	f400195673e17b46cfe5e1ecf2dfa6ad1e569fc2a83c23d92202a00ba21aba24
jdk23/no-debug/jarde/RawOwnerBase.stderr.txt	d862e222c52a8aaea762c793c0d0efdf1b1768d2f6553dcddcaf58b487c51974
jdk23/no-debug/jarde/RawOwnerChild.java	8bc50b0f6cb5bc0a65e96706a623c1fc4bc19fa7d9d3586ebaace845198a1015
jdk23/no-debug/jarde/RawOwnerChild.stderr.txt	785b3996fe0c6de2fa96cf62e13e7875e2a924bd98533095f80e24dfe25c1bfa
jdk23/no-debug/jarde/RawParam.java	deadf9d5abebeb93b29bb8330dd107c0f9f84ba1ddfa430103fcb8261f91caa4
jdk23/no-debug/jarde/RawParam.stderr.txt	0cdc73554045d79832f102c60a1ad9c6c2ed8daf99506a60f4e60327a2c394cc
jdk23/no-debug/jarde/RetainedAliasRawParam.java	e3536151d6425f7cf9e601be73cd6fccdb94be39c2157ee6ae0f84a8c7d364e5
jdk23/no-debug/jarde/RetainedAliasRawParam.stderr.txt	cf0bb3dc07f8aab4641cc1e2f894f054ff0eed92662f06c663bdda8404abe94a
jdk23/no-debug/jarde/ShadowMethodT.java	b04b610fd3bcae70366460c87281526e1a77989a2393c91d4e0cf746fee52a9a
jdk23/no-debug/jarde/ShadowMethodT.stderr.txt	e4e01169c1e98c0ff846cbe48c08ffdfc65bdc798e7be7341e785cd85615239f
jdk23/no-debug/jarde/StaticRawLocal.java	fd3a53f3051037b2d49c8966c16550fc2360b0f7494664a72673443748783747
jdk23/no-debug/jarde/StaticRawLocal.stderr.txt	9e0b8ba0ec482275ae3b72f696eb6d68f80694fb4dc45022432ea54c0c5a0913
jdk23/no-debug/jarde/ThisReceiver.java	0c40a3e0e09b0e97ca13b527dcc647a9f01c29a3f73f31f6d7de68b4408b0d8f
jdk23/no-debug/jarde/ThisReceiver.stderr.txt	73a92e6926c8450788a3e79afe17f3da7ffd534a52bb505f6bee594f1770991d
jdk23/no-debug/jarde/TypedReceiver.java	50c3079f863db603a415bf7cc07cdbc4457249ab9e0bfadcb21fa7b4aaccd53b
jdk23/no-debug/jarde/TypedReceiver.stderr.txt	5fce9cd4971d4104fe6adb2c3b7a7c7369d492310408006cfa13270380d6934f
jdk23/no-debug/jarde/WideRawParam.java	1fffb038dc24c28f794c348a356b25bf8f3cac2017e72733ba1b38208c722010
jdk23/no-debug/jarde/WideRawParam.stderr.txt	d2be74eaf61da6b3eb3d3ffd6f69687f63a7737b1979448c3db33fe42e30e3fa
jdk23/no-debug/javap/Array2DRawParam.txt	de0dd64fa34b565d95e66c3dd20304a0c61908e78e94815258d484d805894dee
jdk23/no-debug/javap/ArrayRawParam.txt	76131af95db7c4c709ae0a1ac1f17e1941539e37fef78db6fe7c544ea40a3f77
jdk23/no-debug/javap/BoundRawParam.txt	a5cc3eb82c80f8280fbc27eb671f298f44ad55c18b51ebd9fb1b1dfee515319e
jdk23/no-debug/javap/DirectInstanceRawParam.txt	86b769b524ec33859cadd81aa8555413bab468a4f6c6fb443e23e3bcfd337a1b
jdk23/no-debug/javap/InstanceRawLocal.txt	ff39951f4582e15378eac0ce1397753e028059a8a7446254fc50b21b7e777eee
jdk23/no-debug/javap/MultiFormalRawParam.txt	4a09857ffb5fb119716fadaab498240930a0315b6ec6efcbac843d0b6ecd0729
jdk23/no-debug/javap/NullRawParam.txt	3da7f16383956fcfba0362b07d0397c4521642a0129cb1d11a6d5b0794734e43
jdk23/no-debug/javap/PrimitiveArrayRawParam.txt	46921aa1b278c7e676eeb72ee249cc5b9b5c6ce85a313d320faa4514e476c6ae
jdk23/no-debug/javap/RawOwnerChild.txt	1faa3568f1ac92d22de17f20c46261e9ec207e3b1e8a44f5dbe98337e214c13e
jdk23/no-debug/javap/RawParam.txt	da4a2617e0e141bd47eda6588e1493e538f200232d07ad2b4b45a375ba72b62a
jdk23/no-debug/javap/RetainedAliasRawParam.txt	62fc5ac7f72922c89480e5a834531e8f83800794857777d7708557259feddc97
jdk23/no-debug/javap/ShadowMethodT.txt	21bdc1dc6eaae9e029c98be6702c2be862675bb102994fb0ffea284c0fa0e895
jdk23/no-debug/javap/StaticRawLocal.txt	650bcea27e776c0eb6eae39111c62625889c7fb1ecc319bd62b40869f51404c4
jdk23/no-debug/javap/ThisReceiver.txt	f8cb778404269f6dbb0e4ec7b2557386cfba4cb551527c4b21529354aa8df6c4
jdk23/no-debug/javap/TypedReceiver.txt	e3d115aedb5acf674231df3249b1cfc3da3ec4db2a135c59cff7fa9042f29958
jdk23/no-debug/javap/WideRawParam.txt	8040f386f71de3028b172bcf3c865af0c91588114f3b077d990cb692bcaa77d8
jdk23/no-debug/runtime/Array2DRawParam.jadx.txt	8a25af8b8504893fffac8c1872e3c93e85925b6aa0b3d9ff5f62750cee2ba267
jdk23/no-debug/runtime/Array2DRawParam.jarde.txt	f48a2d307b1f6c7abb8d91e7a8ed8a5ccc87d07c1114588c08ddfb0808240329
jdk23/no-debug/runtime/Array2DRawParam.original.txt	f48a2d307b1f6c7abb8d91e7a8ed8a5ccc87d07c1114588c08ddfb0808240329
jdk23/no-debug/runtime/ArrayRawParam.jadx.txt	65890eea8fe7c3065fbc2f644c7253d5354fdffeba56efc1a47107d7914063b6
jdk23/no-debug/runtime/ArrayRawParam.jarde.txt	d51f3b7d45328701a337bb2285770bcd1cf8f2179c66734c318010571e65ac8b
jdk23/no-debug/runtime/ArrayRawParam.original.txt	d51f3b7d45328701a337bb2285770bcd1cf8f2179c66734c318010571e65ac8b
jdk23/no-debug/runtime/BoundRawParam.jadx.txt	bdeb71e6ccb9da375831745c55c6fa5137fd29b7007948eecaea74516d6991ca
jdk23/no-debug/runtime/BoundRawParam.jarde.txt	0c5cb2a465e5db671d09e57d82dc7d2279cee6ef898da3154a4cac90f5c80de8
jdk23/no-debug/runtime/BoundRawParam.original.txt	0c5cb2a465e5db671d09e57d82dc7d2279cee6ef898da3154a4cac90f5c80de8
jdk23/no-debug/runtime/DirectInstanceRawParam.jadx.txt	b3cda9506188b60dd9d215bc5efd1dafb315f344e7cea3910361ebe407f0cc9b
jdk23/no-debug/runtime/DirectInstanceRawParam.jarde.txt	9358c79b8f63417a168963e9dc02e1e1359ee5bda8614638bec755f01d5683be
jdk23/no-debug/runtime/DirectInstanceRawParam.original.txt	9358c79b8f63417a168963e9dc02e1e1359ee5bda8614638bec755f01d5683be
jdk23/no-debug/runtime/InstanceRawLocal.jarde.txt	c4a0fd4eb5e838df4c7116cc09d11740387e51309b8dd9c85cb1eac73adb9692
jdk23/no-debug/runtime/InstanceRawLocal.original.txt	b5f800a25ef5e547f36ccdecb9d6798cca74aee4a8a677d83bd449aea30f57e1
jdk23/no-debug/runtime/MultiFormalRawParam.jadx.txt	8d284d37fb44425659f63776c8f684d596146724e653b1147b4adc2b7c50d4e2
jdk23/no-debug/runtime/MultiFormalRawParam.jarde.txt	8bc5d0b9f7ed8f8820c0a056a24f74615b3e6104dd1ccada41aee9975df41485
jdk23/no-debug/runtime/MultiFormalRawParam.original.txt	6d16de1512a82cf13a56f94903001249dbfdb1ab81b29b817616448334e1d0c4
jdk23/no-debug/runtime/NullRawParam.jadx.txt	f4e759450c3306919076b843e677ebd4315a206a7a08c607258e8ee49a6eb720
jdk23/no-debug/runtime/NullRawParam.jarde.txt	99432d5aa83e97874597f1a0fde12c2a963ce4099787ae00fd33faff35b18418
jdk23/no-debug/runtime/NullRawParam.original.txt	99432d5aa83e97874597f1a0fde12c2a963ce4099787ae00fd33faff35b18418
jdk23/no-debug/runtime/PrimitiveArrayRawParam.jadx.txt	8dbde5389e6da69a121d5ad297157ee52bcb682d49d75d8a4bc7844fd4d1d1e8
jdk23/no-debug/runtime/PrimitiveArrayRawParam.jarde.txt	e156798549dd3ab3c3eced5fadfdced0789f4ee0e3f65410c291f2c46434dfba
jdk23/no-debug/runtime/PrimitiveArrayRawParam.original.txt	e156798549dd3ab3c3eced5fadfdced0789f4ee0e3f65410c291f2c46434dfba
jdk23/no-debug/runtime/RawOwnerChild.jadx.txt	2404a47a7f7c206decbce521d1ad8ca2966f33929a01a6e1cd462d7eda65b76b
jdk23/no-debug/runtime/RawOwnerChild.jarde.txt	e65da6d8f2478e3a0b6f43759b106518ecb2b77f17bd072cf737ed70a4ac28ad
jdk23/no-debug/runtime/RawOwnerChild.original.txt	c25e0c82c8f818f082f08ceef41ac63b15ed1ce4bb020bcf1eff5396c577b047
jdk23/no-debug/runtime/RawParam.jadx.txt	33b65814b563635c3b26f292f11a234ec9eda87fc8bbf5409c3fc0f323ad9d3d
jdk23/no-debug/runtime/RawParam.jarde.txt	6a2e3f1a9739b680582fea7e805eed4d712c0aaa5f345bb00d8449a502e68b6d
jdk23/no-debug/runtime/RawParam.original.txt	6a2e3f1a9739b680582fea7e805eed4d712c0aaa5f345bb00d8449a502e68b6d
jdk23/no-debug/runtime/RetainedAliasRawParam.jadx.txt	f92fd71052669f4c2419e8516949617f14ee858caeb232d80d63117f41ea2d94
jdk23/no-debug/runtime/RetainedAliasRawParam.jarde.txt	587147b6fcdb6f90959b73653be0302d121556b4c0626fb20a88ff47291ce8ff
jdk23/no-debug/runtime/RetainedAliasRawParam.original.txt	587147b6fcdb6f90959b73653be0302d121556b4c0626fb20a88ff47291ce8ff
jdk23/no-debug/runtime/ShadowMethodT.jadx.txt	1c91e9e73e2b1038112652360b7e0dcd639e400df84523aac0d0102801a17264
jdk23/no-debug/runtime/ShadowMethodT.jarde.txt	ceb1dd45add8519cb6e22a15e06a6eab6b515c2f59d517b64ede6b379fcd7b53
jdk23/no-debug/runtime/ShadowMethodT.original.txt	e491f2fc9b0efb07abdaf9da8848a50d38b4da3848f045e3268c35d95124df5a
jdk23/no-debug/runtime/StaticRawLocal.jadx.txt	caa078a6f6a66a11482c09645632ebb52566091c80fab4fa927b1053dce64fde
jdk23/no-debug/runtime/StaticRawLocal.jarde.txt	25ea87cacc91c856b41331c020cf776ffda40333d737cff0309fadf5141463b0
jdk23/no-debug/runtime/StaticRawLocal.original.txt	25ea87cacc91c856b41331c020cf776ffda40333d737cff0309fadf5141463b0
jdk23/no-debug/runtime/ThisReceiver.jadx.txt	f2c2ade79741f3c077a9767a2c86b6f9e8b3c91395a41c1c035e78ca2c19717e
jdk23/no-debug/runtime/ThisReceiver.jarde.txt	9916911dd761a7b0d550673bef203cb77fb4cb96733a8fb0a2184fb7d3ba65b8
jdk23/no-debug/runtime/ThisReceiver.original.txt	9916911dd761a7b0d550673bef203cb77fb4cb96733a8fb0a2184fb7d3ba65b8
jdk23/no-debug/runtime/TypedReceiver.jadx.txt	1a07b6f4350dff1a6ca5a3e4ec3062096840ad9dbc1a6efbd816e82d4c9ccb31
jdk23/no-debug/runtime/TypedReceiver.jarde.txt	d7134843994e4b3ba1d434e5bdfba85531e98e0ec94492801f5dbfa4a5b0ca18
jdk23/no-debug/runtime/TypedReceiver.original.txt	7f08ef56194b137543c901f9bd3946d1ac0f4153f2cc202df75762d9c8052a16
jdk23/no-debug/runtime/WideRawParam.jadx.txt	bb098a483d7226c3ef490fd7d5502cfaae0fa2dc00a248054971f81a95f5b14e
jdk23/no-debug/runtime/WideRawParam.jarde.txt	9b6ad934d85edae64408a458838c3e4654befd592a41b43cedf7710c2e9b1512
jdk23/no-debug/runtime/WideRawParam.original.txt	9b6ad934d85edae64408a458838c3e4654befd592a41b43cedf7710c2e9b1512
jdk23/versions/java.txt	11d9a1559a3f4fab380e536f54e14acacdbd9fb56e147f04a9cc4723e3c229f7
jdk23/versions/javac.txt	8b08d363e50e3d8f80fe38c5910e7f52b3e267b192efacb74878c7103361d3cd
jdk8/debug/jadx/Array2DRawParam/sources/defpackage/Array2DRawParam.java	d9af1990c95193456c46473f31939177a2632e34152dde0ed791caf10ac40d27
jdk8/debug/jadx/ArrayRawParam/sources/defpackage/ArrayRawParam.java	b9356814382670f5cc31457caf107ca11a4836ca88b6a2964a73120afa021457
jdk8/debug/jadx/BoundRawParam/sources/defpackage/BoundRawParam.java	4545a9f6e22269ff21bcac1e1abc69f7f9186d982c4c395eb5c10471783b9eda
jdk8/debug/jadx/DirectInstanceRawParam/sources/defpackage/DirectInstanceRawParam.java	d5a81d1a0941226f34e220c355943cd81eace76a7f72ab9c0a07e079166af029
jdk8/debug/jadx/InstanceRawLocal/sources/defpackage/InstanceRawLocal.java	183a867140d3ec0d651f1c6024251ab3805b4a7cb5736eab8893104121ed39df
jdk8/debug/jadx/MultiFormalRawParam/sources/defpackage/MultiFormalRawParam.java	46dff0ad150401facc3becf5fa2e92685a87d46f2c9b537e02a20af4e0da4072
jdk8/debug/jadx/NullRawParam/sources/defpackage/NullRawParam.java	2497fde8c7696cef28caddbb5432e9775944289511bd27767183fd2665087b19
jdk8/debug/jadx/PrimitiveArrayRawParam/sources/defpackage/PrimitiveArrayRawParam.java	6e080e95264345c55088fab59d326568454b5c431b3bd4674254c4c3f7931b0b
jdk8/debug/jadx/RawOwnerChild/sources/defpackage/RawOwnerBase.java	a4256e0b800f68dffd6124722d909d24bb9958b2d27d0668e20575fd05ead39d
jdk8/debug/jadx/RawOwnerChild/sources/defpackage/RawOwnerChild.java	ea53cd737a4ca1e297f8ae71a5ed156924a2cf3ad7c61206b43694e7cb016fde
jdk8/debug/jadx/RawParam/sources/defpackage/RawParam.java	a36e1bd1ec630ddccadc5178ea2ef1483d9b784fef412784d34d672f34d9c855
jdk8/debug/jadx/RetainedAliasRawParam/sources/defpackage/RetainedAliasRawParam.java	0d8c28f014d9873131e2277ec147645b4f2e8f88f10d96ebafa1ca68ec7519a9
jdk8/debug/jadx/ShadowMethodT/sources/defpackage/ShadowMethodT.java	e638423e067858654f869a3c38d7f38daf64e4a0855011122ace6be028722f99
jdk8/debug/jadx/StaticRawLocal/sources/defpackage/StaticRawLocal.java	0875242685024debb56daf13e862932967d9e7c860f92e7b89c872dc99a16be8
jdk8/debug/jadx/ThisReceiver/sources/defpackage/ThisReceiver.java	908f8f9ccda887868f6a515f1942aed41297b5a73a55e0a062da8faeca7b049f
jdk8/debug/jadx/TypedReceiver/sources/defpackage/TypedReceiver.java	f6885117b5b3c43020e4cede27dbe323b9d8ef2900b0d386adc3a22e1abcc97f
jdk8/debug/jadx/WideRawParam/sources/defpackage/WideRawParam.java	1b5390662572c65827dc2e38557a649a6c3f92cb2c6813556092327e680a54fd
jdk8/debug/jarde/Array2DRawParam.java	d4ba813f6f198eed97a53a5c193bca2f69698ce49b7a93aa69e279e7c27acb62
jdk8/debug/jarde/Array2DRawParam.stderr.txt	76d4b0cf7f7c59e46ea198db8853fb50a88d27228c6f647c60f2be976ad6df9c
jdk8/debug/jarde/ArrayRawParam.java	c8c72849f11741a77f70b21b0436745c69e7f2e9d60ae7c7724adfd147a8faab
jdk8/debug/jarde/ArrayRawParam.stderr.txt	0c652af998be7ebacd770d99ed6661f2f76c29d67fee838528c98fa2a7f26678
jdk8/debug/jarde/BoundRawParam.java	6780b9df7fd79af1b6d8e0acb289d0257a77eaa548101c8cfe3fdc3911d66eac
jdk8/debug/jarde/BoundRawParam.stderr.txt	512ded7eaecf54ffc3950d028e80c732999884ae8e14ec4b0d80ce71ae8fc2a4
jdk8/debug/jarde/DirectInstanceRawParam.java	66882766f2731a7d18b72428b8ad38d8f2bd8e0183b4bf42ab71e0a8bcb56671
jdk8/debug/jarde/DirectInstanceRawParam.stderr.txt	4c9e028541d7315174462b130600c81382775585197d1d4ca1c42a8e6fcefeb3
jdk8/debug/jarde/InstanceRawLocal.java	5739eae80933689e02968db38be749560fea18f7852efc7071bc402ac1657445
jdk8/debug/jarde/InstanceRawLocal.stderr.txt	17ba20cd02479cb16e4c5a752aa8d6407418db1367b6c22ae1c20dcf87a8329d
jdk8/debug/jarde/MultiFormalRawParam.java	f619dc6de622abbbb601490c87b29154ed05f1dc9da16fd08f994de9faa1e729
jdk8/debug/jarde/MultiFormalRawParam.stderr.txt	148f230b6bc8acce793cc25cbd39473a740979c5c8669d9da450b0a0d19c4afb
jdk8/debug/jarde/NullRawParam.java	f60daa335370ba4b9535a79d8a6039e957fde7f7fbf1179b722b7dff8c1bb168
jdk8/debug/jarde/NullRawParam.stderr.txt	71cc19bc3bbaf298b2e56ae648827796305af353d25c82f632c0f3d0590cd5d9
jdk8/debug/jarde/PrimitiveArrayRawParam.java	ca19f53923fbfb66917c75ea83f0d5053343cf8c6aa62b562778ef54d5028a26
jdk8/debug/jarde/PrimitiveArrayRawParam.stderr.txt	b12cbbf0e71bb4268d6b82bc82756f331fff402c58943c360fef5f43a2217b4c
jdk8/debug/jarde/RawOwnerBase.java	f400195673e17b46cfe5e1ecf2dfa6ad1e569fc2a83c23d92202a00ba21aba24
jdk8/debug/jarde/RawOwnerBase.stderr.txt	fd58e33beeab47116595be498ad7f2c02edded3610e13962d37caab229ffb3d0
jdk8/debug/jarde/RawOwnerChild.java	85654234ed265aea8c2af90fe4353ca2be2b352c36d98476b0f89a9661e064cd
jdk8/debug/jarde/RawOwnerChild.stderr.txt	c3557c4d5eaad6a041d16ea5ac9e910639ad677f617c14b9689a3fb89bd32b08
jdk8/debug/jarde/RawParam.java	e086985b6879bfbebb341e501fb7f963bc33d5623ac87904b40e011163135e9b
jdk8/debug/jarde/RawParam.stderr.txt	50eab7f0725a3bac30972893171f04a17dc8f9e23a83dea8a83a61f4b6cdaada
jdk8/debug/jarde/RetainedAliasRawParam.java	67c03164c7f4c286881d760c247bdc8ed73c851a4377db2751830cc607eb3f89
jdk8/debug/jarde/RetainedAliasRawParam.stderr.txt	662716da726f50adb6c29a1839e23cdb4e451b34a9e9883afecb9e9519ab9288
jdk8/debug/jarde/ShadowMethodT.java	b6d351665b1a03c8f6b0bfadfbb2dc22c1ab88457700d15dc23ffdd9d8ec560e
jdk8/debug/jarde/ShadowMethodT.stderr.txt	d2ffe40b6952153fb262c43eb0fbd088b67b8704fca66f28cc990fef190d03b7
jdk8/debug/jarde/StaticRawLocal.java	9ec274de3d0847441e7de73ff79a6d027179b6c14306c18643ee8e2346b54332
jdk8/debug/jarde/StaticRawLocal.stderr.txt	1723220adff8f3cda10678de28b9682709e49db2febb19bf57735fd2b92d7037
jdk8/debug/jarde/ThisReceiver.java	a97d2cf3fb8ae606b390fe7a96386fb611ca686a76a5a25889978f7e8fc03c52
jdk8/debug/jarde/ThisReceiver.stderr.txt	003e848fa115cdfa7fe6d487a3668cb991b2fd3c998e1beac00af90bb9993cc0
jdk8/debug/jarde/TypedReceiver.java	bdf8ee04b0e67af0e95616b5995872c1accab0101131b4987ca1cfa4bc6d46f0
jdk8/debug/jarde/TypedReceiver.stderr.txt	32a9a5b5784175687e142f80cb767b3224629197c8691ea75c97723c3aebb91d
jdk8/debug/jarde/WideRawParam.java	a8c2366e3a709f7941c00dff72d5921e0b3e9772cd7195d3caf1094bb0a95be9
jdk8/debug/jarde/WideRawParam.stderr.txt	b2709b3e82feee04a3d0fe88d1de71814dfa44ec7d5694c0717e12142d094f23
jdk8/debug/javap/Array2DRawParam.txt	deba0d0fd6477619e89f6e76cb0525d7928b911974091d0073491756b6417e97
jdk8/debug/javap/ArrayRawParam.txt	4c7ce421a74e0ffc33ec4ecc7a9712fe726a9b9db67edf403b567249c28fe909
jdk8/debug/javap/BoundRawParam.txt	0583d8322acdeef96e916b2cd62e0e25b844428cb9daff422eefb25ea2352e81
jdk8/debug/javap/DirectInstanceRawParam.txt	985b63aa149ff87b9b79d1688950f005707ac1fe3ebca01c335333d2b931f006
jdk8/debug/javap/InstanceRawLocal.txt	9249a05a4572e949a37723bf4ff6085801591039804b4eee4014d3dd1f8cfd06
jdk8/debug/javap/MultiFormalRawParam.txt	dd1d4e622d2f408c5f5449b163dce274f44ce66b401816ce045a25ad1fc513c7
jdk8/debug/javap/NullRawParam.txt	139d2e1df5d613b81e80530d7449c85459b12960a83cda1800ca1f8801c39daf
jdk8/debug/javap/PrimitiveArrayRawParam.txt	6c4c7ae38c5a52141338d2360ce13fbbcd8a280a300025a4a460905647984ee8
jdk8/debug/javap/RawOwnerChild.txt	a3a1264e9c4e89058dde177c37e9e84d5d04b0241e271244df647a02a10108f8
jdk8/debug/javap/RawParam.txt	bc0b7e43895553691716cf1abb0c59faf3ab7b72ef31d17ce517b552e969b435
jdk8/debug/javap/RetainedAliasRawParam.txt	3cb057158548fc3131bab5f82e09bcb27fd50bfa5ef8d55801944101226deb0e
jdk8/debug/javap/ShadowMethodT.txt	5f88b0dbb9231e78d4e602f89003a6cb83bbca11530d969965acb02353395676
jdk8/debug/javap/StaticRawLocal.txt	e0994f098dd155f0f2867b8a271f4c7dfb09c0342b8f7ac40d767ee8c18864e4
jdk8/debug/javap/ThisReceiver.txt	2f2a02e12469f568ae016a6557d63d63bdb89f4e4ab63fe6a2e6ddf9a205ecaf
jdk8/debug/javap/TypedReceiver.txt	0fafdbe630a9c84f8a1689942d1d318fbf4965b15a3f175ce3af6e45ad59f135
jdk8/debug/javap/WideRawParam.txt	251a24fecb60d9545e8c5bff05871e4aec25485f0800735c1fe9de099cd4efdb
jdk8/debug/runtime/Array2DRawParam.jadx.txt	8a25af8b8504893fffac8c1872e3c93e85925b6aa0b3d9ff5f62750cee2ba267
jdk8/debug/runtime/Array2DRawParam.jarde.txt	f48a2d307b1f6c7abb8d91e7a8ed8a5ccc87d07c1114588c08ddfb0808240329
jdk8/debug/runtime/Array2DRawParam.original.txt	f48a2d307b1f6c7abb8d91e7a8ed8a5ccc87d07c1114588c08ddfb0808240329
jdk8/debug/runtime/ArrayRawParam.jadx.txt	65890eea8fe7c3065fbc2f644c7253d5354fdffeba56efc1a47107d7914063b6
jdk8/debug/runtime/ArrayRawParam.jarde.txt	d51f3b7d45328701a337bb2285770bcd1cf8f2179c66734c318010571e65ac8b
jdk8/debug/runtime/ArrayRawParam.original.txt	d51f3b7d45328701a337bb2285770bcd1cf8f2179c66734c318010571e65ac8b
jdk8/debug/runtime/BoundRawParam.jadx.txt	bdeb71e6ccb9da375831745c55c6fa5137fd29b7007948eecaea74516d6991ca
jdk8/debug/runtime/BoundRawParam.jarde.txt	0c5cb2a465e5db671d09e57d82dc7d2279cee6ef898da3154a4cac90f5c80de8
jdk8/debug/runtime/BoundRawParam.original.txt	0c5cb2a465e5db671d09e57d82dc7d2279cee6ef898da3154a4cac90f5c80de8
jdk8/debug/runtime/DirectInstanceRawParam.jadx.txt	b3cda9506188b60dd9d215bc5efd1dafb315f344e7cea3910361ebe407f0cc9b
jdk8/debug/runtime/DirectInstanceRawParam.jarde.txt	9358c79b8f63417a168963e9dc02e1e1359ee5bda8614638bec755f01d5683be
jdk8/debug/runtime/DirectInstanceRawParam.original.txt	9358c79b8f63417a168963e9dc02e1e1359ee5bda8614638bec755f01d5683be
jdk8/debug/runtime/InstanceRawLocal.jarde.txt	c4a0fd4eb5e838df4c7116cc09d11740387e51309b8dd9c85cb1eac73adb9692
jdk8/debug/runtime/InstanceRawLocal.original.txt	b5f800a25ef5e547f36ccdecb9d6798cca74aee4a8a677d83bd449aea30f57e1
jdk8/debug/runtime/MultiFormalRawParam.jadx.txt	8d284d37fb44425659f63776c8f684d596146724e653b1147b4adc2b7c50d4e2
jdk8/debug/runtime/MultiFormalRawParam.jarde.txt	8bc5d0b9f7ed8f8820c0a056a24f74615b3e6104dd1ccada41aee9975df41485
jdk8/debug/runtime/MultiFormalRawParam.original.txt	6d16de1512a82cf13a56f94903001249dbfdb1ab81b29b817616448334e1d0c4
jdk8/debug/runtime/NullRawParam.jadx.txt	f4e759450c3306919076b843e677ebd4315a206a7a08c607258e8ee49a6eb720
jdk8/debug/runtime/NullRawParam.jarde.txt	99432d5aa83e97874597f1a0fde12c2a963ce4099787ae00fd33faff35b18418
jdk8/debug/runtime/NullRawParam.original.txt	99432d5aa83e97874597f1a0fde12c2a963ce4099787ae00fd33faff35b18418
jdk8/debug/runtime/PrimitiveArrayRawParam.jadx.txt	8dbde5389e6da69a121d5ad297157ee52bcb682d49d75d8a4bc7844fd4d1d1e8
jdk8/debug/runtime/PrimitiveArrayRawParam.jarde.txt	e156798549dd3ab3c3eced5fadfdced0789f4ee0e3f65410c291f2c46434dfba
jdk8/debug/runtime/PrimitiveArrayRawParam.original.txt	e156798549dd3ab3c3eced5fadfdced0789f4ee0e3f65410c291f2c46434dfba
jdk8/debug/runtime/RawOwnerChild.jadx.txt	2404a47a7f7c206decbce521d1ad8ca2966f33929a01a6e1cd462d7eda65b76b
jdk8/debug/runtime/RawOwnerChild.jarde.txt	e65da6d8f2478e3a0b6f43759b106518ecb2b77f17bd072cf737ed70a4ac28ad
jdk8/debug/runtime/RawOwnerChild.original.txt	c25e0c82c8f818f082f08ceef41ac63b15ed1ce4bb020bcf1eff5396c577b047
jdk8/debug/runtime/RawParam.jadx.txt	33b65814b563635c3b26f292f11a234ec9eda87fc8bbf5409c3fc0f323ad9d3d
jdk8/debug/runtime/RawParam.jarde.txt	6a2e3f1a9739b680582fea7e805eed4d712c0aaa5f345bb00d8449a502e68b6d
jdk8/debug/runtime/RawParam.original.txt	6a2e3f1a9739b680582fea7e805eed4d712c0aaa5f345bb00d8449a502e68b6d
jdk8/debug/runtime/RetainedAliasRawParam.jadx.txt	f92fd71052669f4c2419e8516949617f14ee858caeb232d80d63117f41ea2d94
jdk8/debug/runtime/RetainedAliasRawParam.jarde.txt	587147b6fcdb6f90959b73653be0302d121556b4c0626fb20a88ff47291ce8ff
jdk8/debug/runtime/RetainedAliasRawParam.original.txt	587147b6fcdb6f90959b73653be0302d121556b4c0626fb20a88ff47291ce8ff
jdk8/debug/runtime/ShadowMethodT.jadx.txt	1c91e9e73e2b1038112652360b7e0dcd639e400df84523aac0d0102801a17264
jdk8/debug/runtime/ShadowMethodT.jarde.txt	ceb1dd45add8519cb6e22a15e06a6eab6b515c2f59d517b64ede6b379fcd7b53
jdk8/debug/runtime/ShadowMethodT.original.txt	e491f2fc9b0efb07abdaf9da8848a50d38b4da3848f045e3268c35d95124df5a
jdk8/debug/runtime/StaticRawLocal.jadx.txt	caa078a6f6a66a11482c09645632ebb52566091c80fab4fa927b1053dce64fde
jdk8/debug/runtime/StaticRawLocal.jarde.txt	25ea87cacc91c856b41331c020cf776ffda40333d737cff0309fadf5141463b0
jdk8/debug/runtime/StaticRawLocal.original.txt	25ea87cacc91c856b41331c020cf776ffda40333d737cff0309fadf5141463b0
jdk8/debug/runtime/ThisReceiver.jadx.txt	f2c2ade79741f3c077a9767a2c86b6f9e8b3c91395a41c1c035e78ca2c19717e
jdk8/debug/runtime/ThisReceiver.jarde.txt	9916911dd761a7b0d550673bef203cb77fb4cb96733a8fb0a2184fb7d3ba65b8
jdk8/debug/runtime/ThisReceiver.original.txt	9916911dd761a7b0d550673bef203cb77fb4cb96733a8fb0a2184fb7d3ba65b8
jdk8/debug/runtime/TypedReceiver.jadx.txt	1a07b6f4350dff1a6ca5a3e4ec3062096840ad9dbc1a6efbd816e82d4c9ccb31
jdk8/debug/runtime/TypedReceiver.jarde.txt	d7134843994e4b3ba1d434e5bdfba85531e98e0ec94492801f5dbfa4a5b0ca18
jdk8/debug/runtime/TypedReceiver.original.txt	7f08ef56194b137543c901f9bd3946d1ac0f4153f2cc202df75762d9c8052a16
jdk8/debug/runtime/WideRawParam.jadx.txt	bb098a483d7226c3ef490fd7d5502cfaae0fa2dc00a248054971f81a95f5b14e
jdk8/debug/runtime/WideRawParam.jarde.txt	9b6ad934d85edae64408a458838c3e4654befd592a41b43cedf7710c2e9b1512
jdk8/debug/runtime/WideRawParam.original.txt	9b6ad934d85edae64408a458838c3e4654befd592a41b43cedf7710c2e9b1512
jdk8/no-debug/jadx/Array2DRawParam/sources/defpackage/Array2DRawParam.java	7bf3005284b755fe00567641896be8ddcb1010ecdf431bb7cbd62e0fed69cd65
jdk8/no-debug/jadx/ArrayRawParam/sources/defpackage/ArrayRawParam.java	ce0ba57264c94dc463df8d3dbd6b3be4221b852d694a4a6471d38a3f13b35d4b
jdk8/no-debug/jadx/BoundRawParam/sources/defpackage/BoundRawParam.java	c728ec861a3d99357641665f0f7db8e272eda3309e78679b587b8bf8d4b156b7
jdk8/no-debug/jadx/DirectInstanceRawParam/sources/defpackage/DirectInstanceRawParam.java	d510980f6071ada1a310dd5a76fd7ff932c97703337c794fbccb526b8309c33c
jdk8/no-debug/jadx/InstanceRawLocal/sources/defpackage/InstanceRawLocal.java	183a867140d3ec0d651f1c6024251ab3805b4a7cb5736eab8893104121ed39df
jdk8/no-debug/jadx/MultiFormalRawParam/sources/defpackage/MultiFormalRawParam.java	7d015e6743c7ed99d6c7690a03fcf4ecf861a9c582097a14130d74c338cc9376
jdk8/no-debug/jadx/NullRawParam/sources/defpackage/NullRawParam.java	a851150cb6e01aab4844ecce9c0ebb6f65cf050e4aef37382ef53b379c9c7d87
jdk8/no-debug/jadx/PrimitiveArrayRawParam/sources/defpackage/PrimitiveArrayRawParam.java	331c49fc214f34eda5179d4a5fdd3a84dccbec84b083fc49d9121ea426240d11
jdk8/no-debug/jadx/RawOwnerChild/sources/defpackage/RawOwnerBase.java	a4256e0b800f68dffd6124722d909d24bb9958b2d27d0668e20575fd05ead39d
jdk8/no-debug/jadx/RawOwnerChild/sources/defpackage/RawOwnerChild.java	7b1d0110195f085b030ec850679ab6449421c0bc84e5a9decc86d154332e6a5b
jdk8/no-debug/jadx/RawParam/sources/defpackage/RawParam.java	12bd0a83b15704e980d959b9015f1cee6036fe3e2ea3cf799a394dd9a4732787
jdk8/no-debug/jadx/RetainedAliasRawParam/sources/defpackage/RetainedAliasRawParam.java	a04d278d436e9e8d24ab1aa54b93f44ae2766c59e3670b1f663515abdd163ced
jdk8/no-debug/jadx/ShadowMethodT/sources/defpackage/ShadowMethodT.java	a3cc4ded8594ea60b6a6aded917b5d81b18665b64ed2a0e7e869b7435445eeec
jdk8/no-debug/jadx/StaticRawLocal/sources/defpackage/StaticRawLocal.java	c62aaca50bf0904967018ce58649678d845644764106ae6e56fc95af81c82cd2
jdk8/no-debug/jadx/ThisReceiver/sources/defpackage/ThisReceiver.java	29bdbc10deda533facdba2757b0246d7b9e1284023c246cbff18c76ea9e82a3c
jdk8/no-debug/jadx/TypedReceiver/sources/defpackage/TypedReceiver.java	93a41a4f4f11b77fc7b06c143144ebb4254d182495e5a60594be22385b0e594b
jdk8/no-debug/jadx/WideRawParam/sources/defpackage/WideRawParam.java	688c4a0e9325d677f23f0a8f7c56c05436f009b6b8249eb0336dc5362904b189
jdk8/no-debug/jarde/Array2DRawParam.java	84b51bbf39ee444117977442cc40e3d8c27a72fb65b6164c7b2fbdfcc4eae13c
jdk8/no-debug/jarde/Array2DRawParam.stderr.txt	4af96adcd84a9b8c7aa810398b73bd5a1d32936c7e51a19b4254105f251e35fd
jdk8/no-debug/jarde/ArrayRawParam.java	6eca13086c3cca27c7ef5ed7c3ebc60b7bd9d8daada5cdd7d9c1eb80bf88c0bf
jdk8/no-debug/jarde/ArrayRawParam.stderr.txt	1cd2ca49221297c9f52bc1e5e921a731f65de5bee0af5da6aa9f3456caf39aa5
jdk8/no-debug/jarde/BoundRawParam.java	81ee814aa442d16bedb0f72f370830c16ee2069d4e84754453ae15445e258294
jdk8/no-debug/jarde/BoundRawParam.stderr.txt	43e05254928a15059889cf13525853e38e0e3b1bb2534487bed46a5f996c3d78
jdk8/no-debug/jarde/DirectInstanceRawParam.java	4a94736315b6eae244e0c86bd52673d4184206d783c03a281542fea7858efed2
jdk8/no-debug/jarde/DirectInstanceRawParam.stderr.txt	215dc3ffae6f21c0cd9b276c56647c9a0d580c9770509f5d1a14ce97b0f3a38d
jdk8/no-debug/jarde/InstanceRawLocal.java	da10013688a30b0cc61c5f8ad8649f79792d67b4ea0d861293afdaf595225214
jdk8/no-debug/jarde/InstanceRawLocal.stderr.txt	d1932bbce0780e958ef19455352048081e88c12ea432b1ce86139bf5111f4add
jdk8/no-debug/jarde/MultiFormalRawParam.java	25dc6e16e8b9f5a62fe2333fe44c3491fde8f6d40b762bca42951af6d817bbd1
jdk8/no-debug/jarde/MultiFormalRawParam.stderr.txt	2a6b5e62f9713658a05e912f22f657b9d83478f27db2125d4f81c4c023311a3a
jdk8/no-debug/jarde/NullRawParam.java	d68300b3bdd64dc0a1769de4c77a88e3eebccc14b47a17dc3e1ee4f8165ca2e2
jdk8/no-debug/jarde/NullRawParam.stderr.txt	ec7a700b3b00b4e8d6ba10650c4b0b575a1fb0f9858e6c86b9b530139d534c0b
jdk8/no-debug/jarde/PrimitiveArrayRawParam.java	90298d00e9daee2bf9bea1ca50260dee0b170c49e8bc25e85ffbce8789fa2c77
jdk8/no-debug/jarde/PrimitiveArrayRawParam.stderr.txt	19663e30648619cf2bdb33cbb35ccb0ef4fc8eca9f61944f732e60c8da356e98
jdk8/no-debug/jarde/RawOwnerBase.java	f400195673e17b46cfe5e1ecf2dfa6ad1e569fc2a83c23d92202a00ba21aba24
jdk8/no-debug/jarde/RawOwnerBase.stderr.txt	1275020ed5302c0eb41f6bd41f53fe6dcf77dd83b8b687d91eb9efc678212426
jdk8/no-debug/jarde/RawOwnerChild.java	8bc50b0f6cb5bc0a65e96706a623c1fc4bc19fa7d9d3586ebaace845198a1015
jdk8/no-debug/jarde/RawOwnerChild.stderr.txt	dca497edfa2baca8b0c28e053af7ba23ebf99929cde2cccb6c73650c05b90d52
jdk8/no-debug/jarde/RawParam.java	deadf9d5abebeb93b29bb8330dd107c0f9f84ba1ddfa430103fcb8261f91caa4
jdk8/no-debug/jarde/RawParam.stderr.txt	023159e223bdf9bceddeb138dcd82b078f69955af70da271c92f820998f2ed04
jdk8/no-debug/jarde/RetainedAliasRawParam.java	e3536151d6425f7cf9e601be73cd6fccdb94be39c2157ee6ae0f84a8c7d364e5
jdk8/no-debug/jarde/RetainedAliasRawParam.stderr.txt	5e97caf8081a4f405abd05d0498fa2740650b40202619e9ce601a52666aeb615
jdk8/no-debug/jarde/ShadowMethodT.java	b04b610fd3bcae70366460c87281526e1a77989a2393c91d4e0cf746fee52a9a
jdk8/no-debug/jarde/ShadowMethodT.stderr.txt	a21998f8ea1b44f29b3748aa4780092fc005e0fa9794f0ab943fb1f35aabbb60
jdk8/no-debug/jarde/StaticRawLocal.java	fd3a53f3051037b2d49c8966c16550fc2360b0f7494664a72673443748783747
jdk8/no-debug/jarde/StaticRawLocal.stderr.txt	c7c83b158bd915a92dee6e1c7a872d53d67b8ed6431492ad5c6614fcdb7ea2cc
jdk8/no-debug/jarde/ThisReceiver.java	0c40a3e0e09b0e97ca13b527dcc647a9f01c29a3f73f31f6d7de68b4408b0d8f
jdk8/no-debug/jarde/ThisReceiver.stderr.txt	4eeec8e4cf811b2b67cd01db9e1f893547949083d28c893cf0420f39fa3976ef
jdk8/no-debug/jarde/TypedReceiver.java	50c3079f863db603a415bf7cc07cdbc4457249ab9e0bfadcb21fa7b4aaccd53b
jdk8/no-debug/jarde/TypedReceiver.stderr.txt	68bedf77a1a36014b15d71d4d929fa02fc65919068732f72f24a79688e2b3728
jdk8/no-debug/jarde/WideRawParam.java	1fffb038dc24c28f794c348a356b25bf8f3cac2017e72733ba1b38208c722010
jdk8/no-debug/jarde/WideRawParam.stderr.txt	1a6a4f55ac7ffbbcc7f2d3b9dd7ed960de1377aa483293ae03d28c0044a3eb99
jdk8/no-debug/javap/Array2DRawParam.txt	9085a4808db8ad5e0144f9e80b3bd5fb71cc39d9128c891f71ebe19da37b12d7
jdk8/no-debug/javap/ArrayRawParam.txt	24ed418999b82029ba80cfe7fb5f5170b36d811fe7db60dc4fc424f0dac2188f
jdk8/no-debug/javap/BoundRawParam.txt	35328488ae05ff6cb9f5ea7516ee2ff849fd1910c1da48b8be5d2290ccf91aaf
jdk8/no-debug/javap/DirectInstanceRawParam.txt	4957d9f929264dc89c0ce8e20c5518e881a8862ea97e61f11d9ed818e6cd5b73
jdk8/no-debug/javap/InstanceRawLocal.txt	d7aad3786566a8bfdffbfabdf54ee56978abafe2c5c4f9154f892c01bf836281
jdk8/no-debug/javap/MultiFormalRawParam.txt	576d418084006c3432ae54bde722c5e1f3329fa92d098f3b84fce07ff58a8b83
jdk8/no-debug/javap/NullRawParam.txt	9a59b31b98a5661258bcaf443731f7673ffb6ced1e6bd1a1aed6f998cc92b6f1
jdk8/no-debug/javap/PrimitiveArrayRawParam.txt	275f1e044e17248fbec53bb33c68fcd2bb7a3501f996d9ede23b698af39fc073
jdk8/no-debug/javap/RawOwnerChild.txt	4b6867ba7a8ffd26d6b4167344e0025c5756c4895040f1f7d5ebe1ad40a3deed
jdk8/no-debug/javap/RawParam.txt	cc2c68d9572b763ce658882d9210752a0cd40c7a38cb210d8abbc6ba5f6aa291
jdk8/no-debug/javap/RetainedAliasRawParam.txt	b9fe7985316c785d39a3760244459ca1200626315058c1b0a2d5baa16cb822cb
jdk8/no-debug/javap/ShadowMethodT.txt	f4bcacef3b8048d7270b588c9fdc067893b945c368750d1d7f1bf6f89da099c2
jdk8/no-debug/javap/StaticRawLocal.txt	f524d996d106d91974cf2b6d64dbe542b10606b0499411bdcd62f1698717625a
jdk8/no-debug/javap/ThisReceiver.txt	6ca1c12ab28e407f2ebce7f75369b2122364e2218c6c3c7543db1144a7b80a60
jdk8/no-debug/javap/TypedReceiver.txt	95eafd92fd08eea310d88bc1cd1cde1bca66ce8f8eeeb6801efc78caaa685a15
jdk8/no-debug/javap/WideRawParam.txt	d09c8be9c649a1712af9cc5e05f0f9f4b726e1dccedf88236075288c3e34e0a5
jdk8/no-debug/runtime/Array2DRawParam.jadx.txt	8a25af8b8504893fffac8c1872e3c93e85925b6aa0b3d9ff5f62750cee2ba267
jdk8/no-debug/runtime/Array2DRawParam.jarde.txt	f48a2d307b1f6c7abb8d91e7a8ed8a5ccc87d07c1114588c08ddfb0808240329
jdk8/no-debug/runtime/Array2DRawParam.original.txt	f48a2d307b1f6c7abb8d91e7a8ed8a5ccc87d07c1114588c08ddfb0808240329
jdk8/no-debug/runtime/ArrayRawParam.jadx.txt	65890eea8fe7c3065fbc2f644c7253d5354fdffeba56efc1a47107d7914063b6
jdk8/no-debug/runtime/ArrayRawParam.jarde.txt	d51f3b7d45328701a337bb2285770bcd1cf8f2179c66734c318010571e65ac8b
jdk8/no-debug/runtime/ArrayRawParam.original.txt	d51f3b7d45328701a337bb2285770bcd1cf8f2179c66734c318010571e65ac8b
jdk8/no-debug/runtime/BoundRawParam.jadx.txt	bdeb71e6ccb9da375831745c55c6fa5137fd29b7007948eecaea74516d6991ca
jdk8/no-debug/runtime/BoundRawParam.jarde.txt	0c5cb2a465e5db671d09e57d82dc7d2279cee6ef898da3154a4cac90f5c80de8
jdk8/no-debug/runtime/BoundRawParam.original.txt	0c5cb2a465e5db671d09e57d82dc7d2279cee6ef898da3154a4cac90f5c80de8
jdk8/no-debug/runtime/DirectInstanceRawParam.jadx.txt	b3cda9506188b60dd9d215bc5efd1dafb315f344e7cea3910361ebe407f0cc9b
jdk8/no-debug/runtime/DirectInstanceRawParam.jarde.txt	9358c79b8f63417a168963e9dc02e1e1359ee5bda8614638bec755f01d5683be
jdk8/no-debug/runtime/DirectInstanceRawParam.original.txt	9358c79b8f63417a168963e9dc02e1e1359ee5bda8614638bec755f01d5683be
jdk8/no-debug/runtime/InstanceRawLocal.jarde.txt	c4a0fd4eb5e838df4c7116cc09d11740387e51309b8dd9c85cb1eac73adb9692
jdk8/no-debug/runtime/InstanceRawLocal.original.txt	b5f800a25ef5e547f36ccdecb9d6798cca74aee4a8a677d83bd449aea30f57e1
jdk8/no-debug/runtime/MultiFormalRawParam.jadx.txt	8d284d37fb44425659f63776c8f684d596146724e653b1147b4adc2b7c50d4e2
jdk8/no-debug/runtime/MultiFormalRawParam.jarde.txt	8bc5d0b9f7ed8f8820c0a056a24f74615b3e6104dd1ccada41aee9975df41485
jdk8/no-debug/runtime/MultiFormalRawParam.original.txt	6d16de1512a82cf13a56f94903001249dbfdb1ab81b29b817616448334e1d0c4
jdk8/no-debug/runtime/NullRawParam.jadx.txt	f4e759450c3306919076b843e677ebd4315a206a7a08c607258e8ee49a6eb720
jdk8/no-debug/runtime/NullRawParam.jarde.txt	99432d5aa83e97874597f1a0fde12c2a963ce4099787ae00fd33faff35b18418
jdk8/no-debug/runtime/NullRawParam.original.txt	99432d5aa83e97874597f1a0fde12c2a963ce4099787ae00fd33faff35b18418
jdk8/no-debug/runtime/PrimitiveArrayRawParam.jadx.txt	8dbde5389e6da69a121d5ad297157ee52bcb682d49d75d8a4bc7844fd4d1d1e8
jdk8/no-debug/runtime/PrimitiveArrayRawParam.jarde.txt	e156798549dd3ab3c3eced5fadfdced0789f4ee0e3f65410c291f2c46434dfba
jdk8/no-debug/runtime/PrimitiveArrayRawParam.original.txt	e156798549dd3ab3c3eced5fadfdced0789f4ee0e3f65410c291f2c46434dfba
jdk8/no-debug/runtime/RawOwnerChild.jadx.txt	2404a47a7f7c206decbce521d1ad8ca2966f33929a01a6e1cd462d7eda65b76b
jdk8/no-debug/runtime/RawOwnerChild.jarde.txt	e65da6d8f2478e3a0b6f43759b106518ecb2b77f17bd072cf737ed70a4ac28ad
jdk8/no-debug/runtime/RawOwnerChild.original.txt	c25e0c82c8f818f082f08ceef41ac63b15ed1ce4bb020bcf1eff5396c577b047
jdk8/no-debug/runtime/RawParam.jadx.txt	33b65814b563635c3b26f292f11a234ec9eda87fc8bbf5409c3fc0f323ad9d3d
jdk8/no-debug/runtime/RawParam.jarde.txt	6a2e3f1a9739b680582fea7e805eed4d712c0aaa5f345bb00d8449a502e68b6d
jdk8/no-debug/runtime/RawParam.original.txt	6a2e3f1a9739b680582fea7e805eed4d712c0aaa5f345bb00d8449a502e68b6d
jdk8/no-debug/runtime/RetainedAliasRawParam.jadx.txt	f92fd71052669f4c2419e8516949617f14ee858caeb232d80d63117f41ea2d94
jdk8/no-debug/runtime/RetainedAliasRawParam.jarde.txt	587147b6fcdb6f90959b73653be0302d121556b4c0626fb20a88ff47291ce8ff
jdk8/no-debug/runtime/RetainedAliasRawParam.original.txt	587147b6fcdb6f90959b73653be0302d121556b4c0626fb20a88ff47291ce8ff
jdk8/no-debug/runtime/ShadowMethodT.jadx.txt	1c91e9e73e2b1038112652360b7e0dcd639e400df84523aac0d0102801a17264
jdk8/no-debug/runtime/ShadowMethodT.jarde.txt	ceb1dd45add8519cb6e22a15e06a6eab6b515c2f59d517b64ede6b379fcd7b53
jdk8/no-debug/runtime/ShadowMethodT.original.txt	e491f2fc9b0efb07abdaf9da8848a50d38b4da3848f045e3268c35d95124df5a
jdk8/no-debug/runtime/StaticRawLocal.jadx.txt	caa078a6f6a66a11482c09645632ebb52566091c80fab4fa927b1053dce64fde
jdk8/no-debug/runtime/StaticRawLocal.jarde.txt	25ea87cacc91c856b41331c020cf776ffda40333d737cff0309fadf5141463b0
jdk8/no-debug/runtime/StaticRawLocal.original.txt	25ea87cacc91c856b41331c020cf776ffda40333d737cff0309fadf5141463b0
jdk8/no-debug/runtime/ThisReceiver.jadx.txt	f2c2ade79741f3c077a9767a2c86b6f9e8b3c91395a41c1c035e78ca2c19717e
jdk8/no-debug/runtime/ThisReceiver.jarde.txt	9916911dd761a7b0d550673bef203cb77fb4cb96733a8fb0a2184fb7d3ba65b8
jdk8/no-debug/runtime/ThisReceiver.original.txt	9916911dd761a7b0d550673bef203cb77fb4cb96733a8fb0a2184fb7d3ba65b8
jdk8/no-debug/runtime/TypedReceiver.jadx.txt	1a07b6f4350dff1a6ca5a3e4ec3062096840ad9dbc1a6efbd816e82d4c9ccb31
jdk8/no-debug/runtime/TypedReceiver.jarde.txt	d7134843994e4b3ba1d434e5bdfba85531e98e0ec94492801f5dbfa4a5b0ca18
jdk8/no-debug/runtime/TypedReceiver.original.txt	7f08ef56194b137543c901f9bd3946d1ac0f4153f2cc202df75762d9c8052a16
jdk8/no-debug/runtime/WideRawParam.jadx.txt	bb098a483d7226c3ef490fd7d5502cfaae0fa2dc00a248054971f81a95f5b14e
jdk8/no-debug/runtime/WideRawParam.jarde.txt	9b6ad934d85edae64408a458838c3e4654befd592a41b43cedf7710c2e9b1512
jdk8/no-debug/runtime/WideRawParam.original.txt	9b6ad934d85edae64408a458838c3e4654befd592a41b43cedf7710c2e9b1512
jdk8/versions/java.txt	faab3c8a678f056adf83280dbda6950d4d51a39eaf84b2136be0a1812b62e22d
jdk8/versions/javac.txt	b78c3d234842235ae1b53dd6405da54b3af2b02047c45858b595870662803db8
outer-preflight-metadata.json	77607ec5a23c41d6725ccdf41bf9b656f9a2df61c97fc1ab31db016e9a363f84
replay-executed.py	2c9b8233f41f13a483fa252a898f81e4602b9c7b3a0308cbc95bcd42162dc3a2
run-label.txt	fe777c24aee23e1191efd3b574f14c4a099621055cdb71086526f2e56c9ca5eb
runtime-comparisons.tsv	59f46618900e7c2db880727853072b27009fac81285d19a5b6f6a0f72bea24b0
subprocess-logs/0001-versions_jarde-cli.stderr	e3b0c44298fc1c149afbf4c8996fb92427ae41e4649b934ca495991b7852b855
subprocess-logs/0001-versions_jarde-cli.stdout	4e3523057f610dda085c877b3d636cbdeb15c23a541dba3b399c7c04eb4b14b5
subprocess-logs/0002-versions_jadx-cli.stderr	e3b0c44298fc1c149afbf4c8996fb92427ae41e4649b934ca495991b7852b855
subprocess-logs/0002-versions_jadx-cli.stdout	9c5955fc99a60b8f6dee6cf582c4420d91e1b3e2a201f532c91e2cbdfce7fa51
subprocess-logs/0003-jdk8_versions_java.stderr	faab3c8a678f056adf83280dbda6950d4d51a39eaf84b2136be0a1812b62e22d
subprocess-logs/0003-jdk8_versions_java.stdout	e3b0c44298fc1c149afbf4c8996fb92427ae41e4649b934ca495991b7852b855
subprocess-logs/0004-jdk8_versions_javac.stderr	b78c3d234842235ae1b53dd6405da54b3af2b02047c45858b595870662803db8
subprocess-logs/0004-jdk8_versions_javac.stdout	e3b0c44298fc1c149afbf4c8996fb92427ae41e4649b934ca495991b7852b855
subprocess-logs/0005-jdk8_debug_RawParam_jar-contents.stderr	e3b0c44298fc1c149afbf4c8996fb92427ae41e4649b934ca495991b7852b855
subprocess-logs/0005-jdk8_debug_RawParam_jar-contents.stdout	f05bc4ea2d7bc579f4987b4528010f3e37b2499a541d17b872ac93047629c0ee
subprocess-logs/0006-jdk8_debug_RawParam_original-javac.stderr	9d9730b78eecc0bec068e8425ed36cb28f298a28293b51d7ed462c65fe14ad4f
subprocess-logs/0006-jdk8_debug_RawParam_original-javac.stdout	e3b0c44298fc1c149afbf4c8996fb92427ae41e4649b934ca495991b7852b855
subprocess-logs/0007-jdk8_debug_RawParam_javap.stderr	e3b0c44298fc1c149afbf4c8996fb92427ae41e4649b934ca495991b7852b855
subprocess-logs/0007-jdk8_debug_RawParam_javap.stdout	bc0b7e43895553691716cf1abb0c59faf3ab7b72ef31d17ce517b552e969b435
subprocess-logs/0008-jdk8_debug_RawParam_original-probe-javac.stderr	e3b0c44298fc1c149afbf4c8996fb92427ae41e4649b934ca495991b7852b855
subprocess-logs/0008-jdk8_debug_RawParam_original-probe-javac.stdout	e3b0c44298fc1c149afbf4c8996fb92427ae41e4649b934ca495991b7852b855
subprocess-logs/0009-jdk8_debug_RawParam_original-run.stderr	e3b0c44298fc1c149afbf4c8996fb92427ae41e4649b934ca495991b7852b855
subprocess-logs/0009-jdk8_debug_RawParam_original-run.stdout	6a2e3f1a9739b680582fea7e805eed4d712c0aaa5f345bb00d8449a502e68b6d
subprocess-logs/0010-jdk8_debug_RawParam_jarde-RawParam.stderr	50eab7f0725a3bac30972893171f04a17dc8f9e23a83dea8a83a61f4b6cdaada
subprocess-logs/0010-jdk8_debug_RawParam_jarde-RawParam.stdout	e086985b6879bfbebb341e501fb7f963bc33d5623ac87904b40e011163135e9b
subprocess-logs/0011-jdk8_debug_RawParam_jarde-javac.stderr	86fb6718be4bc8a73a4d854fbd2919a30da7ba4e4d84bea99ab973214fd46bda
subprocess-logs/0011-jdk8_debug_RawParam_jarde-javac.stdout	e3b0c44298fc1c149afbf4c8996fb92427ae41e4649b934ca495991b7852b855
subprocess-logs/0012-jdk8_debug_RawParam_jarde-verify-run.stderr	e3b0c44298fc1c149afbf4c8996fb92427ae41e4649b934ca495991b7852b855
subprocess-logs/0012-jdk8_debug_RawParam_jarde-verify-run.stdout	6a2e3f1a9739b680582fea7e805eed4d712c0aaa5f345bb00d8449a502e68b6d
subprocess-logs/0013-jdk8_debug_RawParam_jadx.stderr	e3b0c44298fc1c149afbf4c8996fb92427ae41e4649b934ca495991b7852b855
subprocess-logs/0013-jdk8_debug_RawParam_jadx.stdout	aaf95b0f86a12f09a28bc418a6fa4136018006a061aa6581051bdc0f49c492e6
subprocess-logs/0014-jdk8_debug_RawParam_jadx-javac.stderr	d79eb1cd80f69ca82b975306a01e28a03e4656f3fb6476127eafc3e7b78e0a7e
subprocess-logs/0014-jdk8_debug_RawParam_jadx-javac.stdout	e3b0c44298fc1c149afbf4c8996fb92427ae41e4649b934ca495991b7852b855
subprocess-logs/0015-jdk8_debug_RawParam_jadx-verify-run.stderr	e3b0c44298fc1c149afbf4c8996fb92427ae41e4649b934ca495991b7852b855
subprocess-logs/0015-jdk8_debug_RawParam_jadx-verify-run.stdout	33b65814b563635c3b26f292f11a234ec9eda87fc8bbf5409c3fc0f323ad9d3d
subprocess-logs/0016-jdk8_no-debug_RawParam_jar-contents.stderr	e3b0c44298fc1c149afbf4c8996fb92427ae41e4649b934ca495991b7852b855
subprocess-logs/0016-jdk8_no-debug_RawParam_jar-contents.stdout	f05bc4ea2d7bc579f4987b4528010f3e37b2499a541d17b872ac93047629c0ee
subprocess-logs/0017-jdk8_no-debug_RawParam_original-javac.stderr	9d9730b78eecc0bec068e8425ed36cb28f298a28293b51d7ed462c65fe14ad4f
subprocess-logs/0017-jdk8_no-debug_RawParam_original-javac.stdout	e3b0c44298fc1c149afbf4c8996fb92427ae41e4649b934ca495991b7852b855
subprocess-logs/0018-jdk8_no-debug_RawParam_javap.stderr	e3b0c44298fc1c149afbf4c8996fb92427ae41e4649b934ca495991b7852b855
subprocess-logs/0018-jdk8_no-debug_RawParam_javap.stdout	cc2c68d9572b763ce658882d9210752a0cd40c7a38cb210d8abbc6ba5f6aa291
subprocess-logs/0019-jdk8_no-debug_RawParam_original-probe-javac.stderr	e3b0c44298fc1c149afbf4c8996fb92427ae41e4649b934ca495991b7852b855
subprocess-logs/0019-jdk8_no-debug_RawParam_original-probe-javac.stdout	e3b0c44298fc1c149afbf4c8996fb92427ae41e4649b934ca495991b7852b855
subprocess-logs/0020-jdk8_no-debug_RawParam_original-run.stderr	e3b0c44298fc1c149afbf4c8996fb92427ae41e4649b934ca495991b7852b855
subprocess-logs/0020-jdk8_no-debug_RawParam_original-run.stdout	6a2e3f1a9739b680582fea7e805eed4d712c0aaa5f345bb00d8449a502e68b6d
subprocess-logs/0021-jdk8_no-debug_RawParam_jarde-RawParam.stderr	023159e223bdf9bceddeb138dcd82b078f69955af70da271c92f820998f2ed04
subprocess-logs/0021-jdk8_no-debug_RawParam_jarde-RawParam.stdout	deadf9d5abebeb93b29bb8330dd107c0f9f84ba1ddfa430103fcb8261f91caa4
subprocess-logs/0022-jdk8_no-debug_RawParam_jarde-javac.stderr	e13fc2c24d28fc9925b571c42de72998d532c52546c8455391492221cf38ef4e
subprocess-logs/0022-jdk8_no-debug_RawParam_jarde-javac.stdout	e3b0c44298fc1c149afbf4c8996fb92427ae41e4649b934ca495991b7852b855
subprocess-logs/0023-jdk8_no-debug_RawParam_jarde-verify-run.stderr	e3b0c44298fc1c149afbf4c8996fb92427ae41e4649b934ca495991b7852b855
subprocess-logs/0023-jdk8_no-debug_RawParam_jarde-verify-run.stdout	6a2e3f1a9739b680582fea7e805eed4d712c0aaa5f345bb00d8449a502e68b6d
subprocess-logs/0024-jdk8_no-debug_RawParam_jadx.stderr	e3b0c44298fc1c149afbf4c8996fb92427ae41e4649b934ca495991b7852b855
subprocess-logs/0024-jdk8_no-debug_RawParam_jadx.stdout	67f2d13109d5bde978fd4140c88099b0f836b1a4db512893c620149e02738148
subprocess-logs/0025-jdk8_no-debug_RawParam_jadx-javac.stderr	632d777a95d406e28253a08859a12496f25070010ba9fbcd38178d66d335c7a0
subprocess-logs/0025-jdk8_no-debug_RawParam_jadx-javac.stdout	e3b0c44298fc1c149afbf4c8996fb92427ae41e4649b934ca495991b7852b855
subprocess-logs/0026-jdk8_no-debug_RawParam_jadx-verify-run.stderr	e3b0c44298fc1c149afbf4c8996fb92427ae41e4649b934ca495991b7852b855
subprocess-logs/0026-jdk8_no-debug_RawParam_jadx-verify-run.stdout	33b65814b563635c3b26f292f11a234ec9eda87fc8bbf5409c3fc0f323ad9d3d
subprocess-logs/0027-jdk8_debug_StaticRawLocal_jar-contents.stderr	e3b0c44298fc1c149afbf4c8996fb92427ae41e4649b934ca495991b7852b855
subprocess-logs/0027-jdk8_debug_StaticRawLocal_jar-contents.stdout	fb8ff04b200dd376807a9a425a37f1a645e63a3f90b47df4f84e407b0fed9d07
subprocess-logs/0028-jdk8_debug_StaticRawLocal_original-javac.stderr	23527a58b01798057acd5c28c00f81495224d919b15e566b51e41149473a51f1
subprocess-logs/0028-jdk8_debug_StaticRawLocal_original-javac.stdout	e3b0c44298fc1c149afbf4c8996fb92427ae41e4649b934ca495991b7852b855
subprocess-logs/0029-jdk8_debug_StaticRawLocal_javap.stderr	e3b0c44298fc1c149afbf4c8996fb92427ae41e4649b934ca495991b7852b855
subprocess-logs/0029-jdk8_debug_StaticRawLocal_javap.stdout	e0994f098dd155f0f2867b8a271f4c7dfb09c0342b8f7ac40d767ee8c18864e4
subprocess-logs/0030-jdk8_debug_StaticRawLocal_original-probe-javac.stderr	e3b0c44298fc1c149afbf4c8996fb92427ae41e4649b934ca495991b7852b855
subprocess-logs/0030-jdk8_debug_StaticRawLocal_original-probe-javac.stdout	e3b0c44298fc1c149afbf4c8996fb92427ae41e4649b934ca495991b7852b855
subprocess-logs/0031-jdk8_debug_StaticRawLocal_original-run.stderr	e3b0c44298fc1c149afbf4c8996fb92427ae41e4649b934ca495991b7852b855
subprocess-logs/0031-jdk8_debug_StaticRawLocal_original-run.stdout	25ea87cacc91c856b41331c020cf776ffda40333d737cff0309fadf5141463b0
subprocess-logs/0032-jdk8_debug_StaticRawLocal_jarde-StaticRawLocal.stderr	1723220adff8f3cda10678de28b9682709e49db2febb19bf57735fd2b92d7037
subprocess-logs/0032-jdk8_debug_StaticRawLocal_jarde-StaticRawLocal.stdout	9ec274de3d0847441e7de73ff79a6d027179b6c14306c18643ee8e2346b54332
subprocess-logs/0033-jdk8_debug_StaticRawLocal_jarde-javac.stderr	3317ba4a21fbd50794c286325c61609f27f0aad0e7e912d5c585d76f49b2d9e6
subprocess-logs/0033-jdk8_debug_StaticRawLocal_jarde-javac.stdout	e3b0c44298fc1c149afbf4c8996fb92427ae41e4649b934ca495991b7852b855
subprocess-logs/0034-jdk8_debug_StaticRawLocal_jarde-verify-run.stderr	e3b0c44298fc1c149afbf4c8996fb92427ae41e4649b934ca495991b7852b855
subprocess-logs/0034-jdk8_debug_StaticRawLocal_jarde-verify-run.stdout	25ea87cacc91c856b41331c020cf776ffda40333d737cff0309fadf5141463b0
subprocess-logs/0035-jdk8_debug_StaticRawLocal_jadx.stderr	e3b0c44298fc1c149afbf4c8996fb92427ae41e4649b934ca495991b7852b855
subprocess-logs/0035-jdk8_debug_StaticRawLocal_jadx.stdout	aabc04dc550ee24ed22f18aae565c5827d94f9b64166d8016d44fee9ffe14957
subprocess-logs/0036-jdk8_debug_StaticRawLocal_jadx-javac.stderr	c07452444f7960c303742fef1e536a70e0b8b7b3ce2abd6b71e63705c6ee33d1
subprocess-logs/0036-jdk8_debug_StaticRawLocal_jadx-javac.stdout	e3b0c44298fc1c149afbf4c8996fb92427ae41e4649b934ca495991b7852b855
subprocess-logs/0037-jdk8_debug_StaticRawLocal_jadx-verify-run.stderr	e3b0c44298fc1c149afbf4c8996fb92427ae41e4649b934ca495991b7852b855
subprocess-logs/0037-jdk8_debug_StaticRawLocal_jadx-verify-run.stdout	caa078a6f6a66a11482c09645632ebb52566091c80fab4fa927b1053dce64fde
subprocess-logs/0038-jdk8_no-debug_StaticRawLocal_jar-contents.stderr	e3b0c44298fc1c149afbf4c8996fb92427ae41e4649b934ca495991b7852b855
subprocess-logs/0038-jdk8_no-debug_StaticRawLocal_jar-contents.stdout	fb8ff04b200dd376807a9a425a37f1a645e63a3f90b47df4f84e407b0fed9d07
subprocess-logs/0039-jdk8_no-debug_StaticRawLocal_original-javac.stderr	23527a58b01798057acd5c28c00f81495224d919b15e566b51e41149473a51f1
subprocess-logs/0039-jdk8_no-debug_StaticRawLocal_original-javac.stdout	e3b0c44298fc1c149afbf4c8996fb92427ae41e4649b934ca495991b7852b855
subprocess-logs/0040-jdk8_no-debug_StaticRawLocal_javap.stderr	e3b0c44298fc1c149afbf4c8996fb92427ae41e4649b934ca495991b7852b855
subprocess-logs/0040-jdk8_no-debug_StaticRawLocal_javap.stdout	f524d996d106d91974cf2b6d64dbe542b10606b0499411bdcd62f1698717625a
subprocess-logs/0041-jdk8_no-debug_StaticRawLocal_original-probe-javac.stderr	e3b0c44298fc1c149afbf4c8996fb92427ae41e4649b934ca495991b7852b855
subprocess-logs/0041-jdk8_no-debug_StaticRawLocal_original-probe-javac.stdout	e3b0c44298fc1c149afbf4c8996fb92427ae41e4649b934ca495991b7852b855
subprocess-logs/0042-jdk8_no-debug_StaticRawLocal_original-run.stderr	e3b0c44298fc1c149afbf4c8996fb92427ae41e4649b934ca495991b7852b855
subprocess-logs/0042-jdk8_no-debug_StaticRawLocal_original-run.stdout	25ea87cacc91c856b41331c020cf776ffda40333d737cff0309fadf5141463b0
subprocess-logs/0043-jdk8_no-debug_StaticRawLocal_jarde-StaticRawLocal.stderr	c7c83b158bd915a92dee6e1c7a872d53d67b8ed6431492ad5c6614fcdb7ea2cc
subprocess-logs/0043-jdk8_no-debug_StaticRawLocal_jarde-StaticRawLocal.stdout	fd3a53f3051037b2d49c8966c16550fc2360b0f7494664a72673443748783747
subprocess-logs/0044-jdk8_no-debug_StaticRawLocal_jarde-javac.stderr	7f286614676dc5ff327d3803c76297c17f9a0e65ac54e3b92e33c9ead33ad1ef
subprocess-logs/0044-jdk8_no-debug_StaticRawLocal_jarde-javac.stdout	e3b0c44298fc1c149afbf4c8996fb92427ae41e4649b934ca495991b7852b855
subprocess-logs/0045-jdk8_no-debug_StaticRawLocal_jarde-verify-run.stderr	e3b0c44298fc1c149afbf4c8996fb92427ae41e4649b934ca495991b7852b855
subprocess-logs/0045-jdk8_no-debug_StaticRawLocal_jarde-verify-run.stdout	25ea87cacc91c856b41331c020cf776ffda40333d737cff0309fadf5141463b0
subprocess-logs/0046-jdk8_no-debug_StaticRawLocal_jadx.stderr	e3b0c44298fc1c149afbf4c8996fb92427ae41e4649b934ca495991b7852b855
subprocess-logs/0046-jdk8_no-debug_StaticRawLocal_jadx.stdout	5df83a5d548217f0d62b7e398c55f78a93bef18c4a7fccb35811e8784cd17991
subprocess-logs/0047-jdk8_no-debug_StaticRawLocal_jadx-javac.stderr	33c8989061bcbb70c1d64cac1c02cc00c90b6793b2b2e29d61e0f6974880fa8b
subprocess-logs/0047-jdk8_no-debug_StaticRawLocal_jadx-javac.stdout	e3b0c44298fc1c149afbf4c8996fb92427ae41e4649b934ca495991b7852b855
subprocess-logs/0048-jdk8_no-debug_StaticRawLocal_jadx-verify-run.stderr	e3b0c44298fc1c149afbf4c8996fb92427ae41e4649b934ca495991b7852b855
subprocess-logs/0048-jdk8_no-debug_StaticRawLocal_jadx-verify-run.stdout	caa078a6f6a66a11482c09645632ebb52566091c80fab4fa927b1053dce64fde
subprocess-logs/0049-jdk8_debug_InstanceRawLocal_jar-contents.stderr	e3b0c44298fc1c149afbf4c8996fb92427ae41e4649b934ca495991b7852b855
subprocess-logs/0049-jdk8_debug_InstanceRawLocal_jar-contents.stdout	14fa51d33a6937146f86014d2ee03c2e459c32def063b6fd66b0be882ef50b5b
subprocess-logs/0050-jdk8_debug_InstanceRawLocal_original-javac.stderr	217bb0a1d4765a48a9791a61d67250fed3dde327803c7634fec1e8515f4305c2
subprocess-logs/0050-jdk8_debug_InstanceRawLocal_original-javac.stdout	e3b0c44298fc1c149afbf4c8996fb92427ae41e4649b934ca495991b7852b855
subprocess-logs/0051-jdk8_debug_InstanceRawLocal_javap.stderr	e3b0c44298fc1c149afbf4c8996fb92427ae41e4649b934ca495991b7852b855
subprocess-logs/0051-jdk8_debug_InstanceRawLocal_javap.stdout	9249a05a4572e949a37723bf4ff6085801591039804b4eee4014d3dd1f8cfd06
subprocess-logs/0052-jdk8_debug_InstanceRawLocal_original-probe-javac.stderr	e3b0c44298fc1c149afbf4c8996fb92427ae41e4649b934ca495991b7852b855
subprocess-logs/0052-jdk8_debug_InstanceRawLocal_original-probe-javac.stdout	e3b0c44298fc1c149afbf4c8996fb92427ae41e4649b934ca495991b7852b855
subprocess-logs/0053-jdk8_debug_InstanceRawLocal_original-run.stderr	e3b0c44298fc1c149afbf4c8996fb92427ae41e4649b934ca495991b7852b855
subprocess-logs/0053-jdk8_debug_InstanceRawLocal_original-run.stdout	b5f800a25ef5e547f36ccdecb9d6798cca74aee4a8a677d83bd449aea30f57e1
subprocess-logs/0054-jdk8_debug_InstanceRawLocal_jarde-InstanceRawLocal.stderr	17ba20cd02479cb16e4c5a752aa8d6407418db1367b6c22ae1c20dcf87a8329d
subprocess-logs/0054-jdk8_debug_InstanceRawLocal_jarde-InstanceRawLocal.stdout	5739eae80933689e02968db38be749560fea18f7852efc7071bc402ac1657445
subprocess-logs/0055-jdk8_debug_InstanceRawLocal_jarde-javac.stderr	e3b0c44298fc1c149afbf4c8996fb92427ae41e4649b934ca495991b7852b855
subprocess-logs/0055-jdk8_debug_InstanceRawLocal_jarde-javac.stdout	e3b0c44298fc1c149afbf4c8996fb92427ae41e4649b934ca495991b7852b855
subprocess-logs/0056-jdk8_debug_InstanceRawLocal_jarde-verify-run.stderr	e3b0c44298fc1c149afbf4c8996fb92427ae41e4649b934ca495991b7852b855
subprocess-logs/0056-jdk8_debug_InstanceRawLocal_jarde-verify-run.stdout	c4a0fd4eb5e838df4c7116cc09d11740387e51309b8dd9c85cb1eac73adb9692
subprocess-logs/0057-jdk8_debug_InstanceRawLocal_jadx.stderr	e3b0c44298fc1c149afbf4c8996fb92427ae41e4649b934ca495991b7852b855
subprocess-logs/0057-jdk8_debug_InstanceRawLocal_jadx.stdout	b039a0908d23d1711682c293e2b9f285da37c3177ea4244e6a6063fa32bd9ecf
subprocess-logs/0058-jdk8_debug_InstanceRawLocal_jadx-javac.stderr	e0970506a1698b55e6e8e52c08dc304980c11aaeae3036c2c46feae5d4fcab68
subprocess-logs/0058-jdk8_debug_InstanceRawLocal_jadx-javac.stdout	e3b0c44298fc1c149afbf4c8996fb92427ae41e4649b934ca495991b7852b855
subprocess-logs/0059-jdk8_no-debug_InstanceRawLocal_jar-contents.stderr	e3b0c44298fc1c149afbf4c8996fb92427ae41e4649b934ca495991b7852b855
subprocess-logs/0059-jdk8_no-debug_InstanceRawLocal_jar-contents.stdout	14fa51d33a6937146f86014d2ee03c2e459c32def063b6fd66b0be882ef50b5b
subprocess-logs/0060-jdk8_no-debug_InstanceRawLocal_original-javac.stderr	217bb0a1d4765a48a9791a61d67250fed3dde327803c7634fec1e8515f4305c2
subprocess-logs/0060-jdk8_no-debug_InstanceRawLocal_original-javac.stdout	e3b0c44298fc1c149afbf4c8996fb92427ae41e4649b934ca495991b7852b855
subprocess-logs/0061-jdk8_no-debug_InstanceRawLocal_javap.stderr	e3b0c44298fc1c149afbf4c8996fb92427ae41e4649b934ca495991b7852b855
subprocess-logs/0061-jdk8_no-debug_InstanceRawLocal_javap.stdout	d7aad3786566a8bfdffbfabdf54ee56978abafe2c5c4f9154f892c01bf836281
subprocess-logs/0062-jdk8_no-debug_InstanceRawLocal_original-probe-javac.stderr	e3b0c44298fc1c149afbf4c8996fb92427ae41e4649b934ca495991b7852b855
subprocess-logs/0062-jdk8_no-debug_InstanceRawLocal_original-probe-javac.stdout	e3b0c44298fc1c149afbf4c8996fb92427ae41e4649b934ca495991b7852b855
subprocess-logs/0063-jdk8_no-debug_InstanceRawLocal_original-run.stderr	e3b0c44298fc1c149afbf4c8996fb92427ae41e4649b934ca495991b7852b855
subprocess-logs/0063-jdk8_no-debug_InstanceRawLocal_original-run.stdout	b5f800a25ef5e547f36ccdecb9d6798cca74aee4a8a677d83bd449aea30f57e1
subprocess-logs/0064-jdk8_no-debug_InstanceRawLocal_jarde-InstanceRawLocal.stderr	d1932bbce0780e958ef19455352048081e88c12ea432b1ce86139bf5111f4add
subprocess-logs/0064-jdk8_no-debug_InstanceRawLocal_jarde-InstanceRawLocal.stdout	da10013688a30b0cc61c5f8ad8649f79792d67b4ea0d861293afdaf595225214
subprocess-logs/0065-jdk8_no-debug_InstanceRawLocal_jarde-javac.stderr	e3b0c44298fc1c149afbf4c8996fb92427ae41e4649b934ca495991b7852b855
subprocess-logs/0065-jdk8_no-debug_InstanceRawLocal_jarde-javac.stdout	e3b0c44298fc1c149afbf4c8996fb92427ae41e4649b934ca495991b7852b855
subprocess-logs/0066-jdk8_no-debug_InstanceRawLocal_jarde-verify-run.stderr	e3b0c44298fc1c149afbf4c8996fb92427ae41e4649b934ca495991b7852b855
subprocess-logs/0066-jdk8_no-debug_InstanceRawLocal_jarde-verify-run.stdout	c4a0fd4eb5e838df4c7116cc09d11740387e51309b8dd9c85cb1eac73adb9692
subprocess-logs/0067-jdk8_no-debug_InstanceRawLocal_jadx.stderr	e3b0c44298fc1c149afbf4c8996fb92427ae41e4649b934ca495991b7852b855
subprocess-logs/0067-jdk8_no-debug_InstanceRawLocal_jadx.stdout	9fcfcaf8fdda43662311c0ac404821e1088fbfd679f53b19acf950e54b5b530c
subprocess-logs/0068-jdk8_no-debug_InstanceRawLocal_jadx-javac.stderr	78395e680919fb42de805f2191b066d8121d71fbf98cdd7fda41d1df50e033c9
subprocess-logs/0068-jdk8_no-debug_InstanceRawLocal_jadx-javac.stdout	e3b0c44298fc1c149afbf4c8996fb92427ae41e4649b934ca495991b7852b855
subprocess-logs/0069-jdk8_debug_TypedReceiver_jar-contents.stderr	e3b0c44298fc1c149afbf4c8996fb92427ae41e4649b934ca495991b7852b855
subprocess-logs/0069-jdk8_debug_TypedReceiver_jar-contents.stdout	de8b80e7eef68f017a319fe14e4ce5bcfa8e9eab45f9d818e61b1bf3001f42d7
subprocess-logs/0070-jdk8_debug_TypedReceiver_original-javac.stderr	e3b0c44298fc1c149afbf4c8996fb92427ae41e4649b934ca495991b7852b855
subprocess-logs/0070-jdk8_debug_TypedReceiver_original-javac.stdout	e3b0c44298fc1c149afbf4c8996fb92427ae41e4649b934ca495991b7852b855
subprocess-logs/0071-jdk8_debug_TypedReceiver_javap.stderr	e3b0c44298fc1c149afbf4c8996fb92427ae41e4649b934ca495991b7852b855
subprocess-logs/0071-jdk8_debug_TypedReceiver_javap.stdout	0fafdbe630a9c84f8a1689942d1d318fbf4965b15a3f175ce3af6e45ad59f135
subprocess-logs/0072-jdk8_debug_TypedReceiver_original-probe-javac.stderr	e3b0c44298fc1c149afbf4c8996fb92427ae41e4649b934ca495991b7852b855
subprocess-logs/0072-jdk8_debug_TypedReceiver_original-probe-javac.stdout	e3b0c44298fc1c149afbf4c8996fb92427ae41e4649b934ca495991b7852b855
subprocess-logs/0073-jdk8_debug_TypedReceiver_original-run.stderr	e3b0c44298fc1c149afbf4c8996fb92427ae41e4649b934ca495991b7852b855
subprocess-logs/0073-jdk8_debug_TypedReceiver_original-run.stdout	7f08ef56194b137543c901f9bd3946d1ac0f4153f2cc202df75762d9c8052a16
subprocess-logs/0074-jdk8_debug_TypedReceiver_jarde-TypedReceiver.stderr	32a9a5b5784175687e142f80cb767b3224629197c8691ea75c97723c3aebb91d
subprocess-logs/0074-jdk8_debug_TypedReceiver_jarde-TypedReceiver.stdout	bdf8ee04b0e67af0e95616b5995872c1accab0101131b4987ca1cfa4bc6d46f0
subprocess-logs/0075-jdk8_debug_TypedReceiver_jarde-javac.stderr	fd0a0c64c9f5334300e0f9fa14431f59f8895fdb47b6e88bbbaae38bc98fac08
subprocess-logs/0075-jdk8_debug_TypedReceiver_jarde-javac.stdout	e3b0c44298fc1c149afbf4c8996fb92427ae41e4649b934ca495991b7852b855
subprocess-logs/0076-jdk8_debug_TypedReceiver_jarde-verify-run.stderr	e3b0c44298fc1c149afbf4c8996fb92427ae41e4649b934ca495991b7852b855
subprocess-logs/0076-jdk8_debug_TypedReceiver_jarde-verify-run.stdout	d7134843994e4b3ba1d434e5bdfba85531e98e0ec94492801f5dbfa4a5b0ca18
subprocess-logs/0077-jdk8_debug_TypedReceiver_jadx.stderr	e3b0c44298fc1c149afbf4c8996fb92427ae41e4649b934ca495991b7852b855
subprocess-logs/0077-jdk8_debug_TypedReceiver_jadx.stdout	79ad0045fcbdabf178cd0aea2df762b27594d4873760f0bc50008c130164a719
subprocess-logs/0078-jdk8_debug_TypedReceiver_jadx-javac.stderr	e3b0c44298fc1c149afbf4c8996fb92427ae41e4649b934ca495991b7852b855
subprocess-logs/0078-jdk8_debug_TypedReceiver_jadx-javac.stdout	e3b0c44298fc1c149afbf4c8996fb92427ae41e4649b934ca495991b7852b855
subprocess-logs/0079-jdk8_debug_TypedReceiver_jadx-verify-run.stderr	e3b0c44298fc1c149afbf4c8996fb92427ae41e4649b934ca495991b7852b855
subprocess-logs/0079-jdk8_debug_TypedReceiver_jadx-verify-run.stdout	1a07b6f4350dff1a6ca5a3e4ec3062096840ad9dbc1a6efbd816e82d4c9ccb31
subprocess-logs/0080-jdk8_no-debug_TypedReceiver_jar-contents.stderr	e3b0c44298fc1c149afbf4c8996fb92427ae41e4649b934ca495991b7852b855
subprocess-logs/0080-jdk8_no-debug_TypedReceiver_jar-contents.stdout	de8b80e7eef68f017a319fe14e4ce5bcfa8e9eab45f9d818e61b1bf3001f42d7
subprocess-logs/0081-jdk8_no-debug_TypedReceiver_original-javac.stderr	e3b0c44298fc1c149afbf4c8996fb92427ae41e4649b934ca495991b7852b855
subprocess-logs/0081-jdk8_no-debug_TypedReceiver_original-javac.stdout	e3b0c44298fc1c149afbf4c8996fb92427ae41e4649b934ca495991b7852b855
subprocess-logs/0082-jdk8_no-debug_TypedReceiver_javap.stderr	e3b0c44298fc1c149afbf4c8996fb92427ae41e4649b934ca495991b7852b855
subprocess-logs/0082-jdk8_no-debug_TypedReceiver_javap.stdout	95eafd92fd08eea310d88bc1cd1cde1bca66ce8f8eeeb6801efc78caaa685a15
subprocess-logs/0083-jdk8_no-debug_TypedReceiver_original-probe-javac.stderr	e3b0c44298fc1c149afbf4c8996fb92427ae41e4649b934ca495991b7852b855
subprocess-logs/0083-jdk8_no-debug_TypedReceiver_original-probe-javac.stdout	e3b0c44298fc1c149afbf4c8996fb92427ae41e4649b934ca495991b7852b855
subprocess-logs/0084-jdk8_no-debug_TypedReceiver_original-run.stderr	e3b0c44298fc1c149afbf4c8996fb92427ae41e4649b934ca495991b7852b855
subprocess-logs/0084-jdk8_no-debug_TypedReceiver_original-run.stdout	7f08ef56194b137543c901f9bd3946d1ac0f4153f2cc202df75762d9c8052a16
subprocess-logs/0085-jdk8_no-debug_TypedReceiver_jarde-TypedReceiver.stderr	68bedf77a1a36014b15d71d4d929fa02fc65919068732f72f24a79688e2b3728
subprocess-logs/0085-jdk8_no-debug_TypedReceiver_jarde-TypedReceiver.stdout	50c3079f863db603a415bf7cc07cdbc4457249ab9e0bfadcb21fa7b4aaccd53b
subprocess-logs/0086-jdk8_no-debug_TypedReceiver_jarde-javac.stderr	32c527894088950b5dfedfe87e7d6d1d6f38a0f8acd2af3dbf988d50ba086dcc
subprocess-logs/0086-jdk8_no-debug_TypedReceiver_jarde-javac.stdout	e3b0c44298fc1c149afbf4c8996fb92427ae41e4649b934ca495991b7852b855
subprocess-logs/0087-jdk8_no-debug_TypedReceiver_jarde-verify-run.stderr	e3b0c44298fc1c149afbf4c8996fb92427ae41e4649b934ca495991b7852b855
subprocess-logs/0087-jdk8_no-debug_TypedReceiver_jarde-verify-run.stdout	d7134843994e4b3ba1d434e5bdfba85531e98e0ec94492801f5dbfa4a5b0ca18
subprocess-logs/0088-jdk8_no-debug_TypedReceiver_jadx.stderr	e3b0c44298fc1c149afbf4c8996fb92427ae41e4649b934ca495991b7852b855
subprocess-logs/0088-jdk8_no-debug_TypedReceiver_jadx.stdout	f2de8658e319cb0597bde115421bea9920bc204556ea4346c4b6c4aae0d80f54
subprocess-logs/0089-jdk8_no-debug_TypedReceiver_jadx-javac.stderr	e3b0c44298fc1c149afbf4c8996fb92427ae41e4649b934ca495991b7852b855
subprocess-logs/0089-jdk8_no-debug_TypedReceiver_jadx-javac.stdout	e3b0c44298fc1c149afbf4c8996fb92427ae41e4649b934ca495991b7852b855
subprocess-logs/0090-jdk8_no-debug_TypedReceiver_jadx-verify-run.stderr	e3b0c44298fc1c149afbf4c8996fb92427ae41e4649b934ca495991b7852b855
subprocess-logs/0090-jdk8_no-debug_TypedReceiver_jadx-verify-run.stdout	1a07b6f4350dff1a6ca5a3e4ec3062096840ad9dbc1a6efbd816e82d4c9ccb31
subprocess-logs/0091-jdk8_debug_ThisReceiver_jar-contents.stderr	e3b0c44298fc1c149afbf4c8996fb92427ae41e4649b934ca495991b7852b855
subprocess-logs/0091-jdk8_debug_ThisReceiver_jar-contents.stdout	1656887c3d8299160e12e3dd882357c23f33dc5f9d4f301e546a69530b435c72
subprocess-logs/0092-jdk8_debug_ThisReceiver_original-javac.stderr	e3b0c44298fc1c149afbf4c8996fb92427ae41e4649b934ca495991b7852b855
subprocess-logs/0092-jdk8_debug_ThisReceiver_original-javac.stdout	e3b0c44298fc1c149afbf4c8996fb92427ae41e4649b934ca495991b7852b855
subprocess-logs/0093-jdk8_debug_ThisReceiver_javap.stderr	e3b0c44298fc1c149afbf4c8996fb92427ae41e4649b934ca495991b7852b855
subprocess-logs/0093-jdk8_debug_ThisReceiver_javap.stdout	2f2a02e12469f568ae016a6557d63d63bdb89f4e4ab63fe6a2e6ddf9a205ecaf
subprocess-logs/0094-jdk8_debug_ThisReceiver_original-probe-javac.stderr	e3b0c44298fc1c149afbf4c8996fb92427ae41e4649b934ca495991b7852b855
subprocess-logs/0094-jdk8_debug_ThisReceiver_original-probe-javac.stdout	e3b0c44298fc1c149afbf4c8996fb92427ae41e4649b934ca495991b7852b855
subprocess-logs/0095-jdk8_debug_ThisReceiver_original-run.stderr	e3b0c44298fc1c149afbf4c8996fb92427ae41e4649b934ca495991b7852b855
subprocess-logs/0095-jdk8_debug_ThisReceiver_original-run.stdout	9916911dd761a7b0d550673bef203cb77fb4cb96733a8fb0a2184fb7d3ba65b8
subprocess-logs/0096-jdk8_debug_ThisReceiver_jarde-ThisReceiver.stderr	003e848fa115cdfa7fe6d487a3668cb991b2fd3c998e1beac00af90bb9993cc0
subprocess-logs/0096-jdk8_debug_ThisReceiver_jarde-ThisReceiver.stdout	a97d2cf3fb8ae606b390fe7a96386fb611ca686a76a5a25889978f7e8fc03c52
subprocess-logs/0097-jdk8_debug_ThisReceiver_jarde-javac.stderr	e3b0c44298fc1c149afbf4c8996fb92427ae41e4649b934ca495991b7852b855
subprocess-logs/0097-jdk8_debug_ThisReceiver_jarde-javac.stdout	e3b0c44298fc1c149afbf4c8996fb92427ae41e4649b934ca495991b7852b855
subprocess-logs/0098-jdk8_debug_ThisReceiver_jarde-verify-run.stderr	e3b0c44298fc1c149afbf4c8996fb92427ae41e4649b934ca495991b7852b855
subprocess-logs/0098-jdk8_debug_ThisReceiver_jarde-verify-run.stdout	9916911dd761a7b0d550673bef203cb77fb4cb96733a8fb0a2184fb7d3ba65b8
subprocess-logs/0099-jdk8_debug_ThisReceiver_jadx.stderr	e3b0c44298fc1c149afbf4c8996fb92427ae41e4649b934ca495991b7852b855
subprocess-logs/0099-jdk8_debug_ThisReceiver_jadx.stdout	38760aad271f1c574f51898e91666f202d49cac743f53eeb5231d7f2a4981ccc
subprocess-logs/0100-jdk8_debug_ThisReceiver_jadx-javac.stderr	e3b0c44298fc1c149afbf4c8996fb92427ae41e4649b934ca495991b7852b855
subprocess-logs/0100-jdk8_debug_ThisReceiver_jadx-javac.stdout	e3b0c44298fc1c149afbf4c8996fb92427ae41e4649b934ca495991b7852b855
subprocess-logs/0101-jdk8_debug_ThisReceiver_jadx-verify-run.stderr	e3b0c44298fc1c149afbf4c8996fb92427ae41e4649b934ca495991b7852b855
subprocess-logs/0101-jdk8_debug_ThisReceiver_jadx-verify-run.stdout	f2c2ade79741f3c077a9767a2c86b6f9e8b3c91395a41c1c035e78ca2c19717e
subprocess-logs/0102-jdk8_no-debug_ThisReceiver_jar-contents.stderr	e3b0c44298fc1c149afbf4c8996fb92427ae41e4649b934ca495991b7852b855
subprocess-logs/0102-jdk8_no-debug_ThisReceiver_jar-contents.stdout	1656887c3d8299160e12e3dd882357c23f33dc5f9d4f301e546a69530b435c72
subprocess-logs/0103-jdk8_no-debug_ThisReceiver_original-javac.stderr	e3b0c44298fc1c149afbf4c8996fb92427ae41e4649b934ca495991b7852b855
subprocess-logs/0103-jdk8_no-debug_ThisReceiver_original-javac.stdout	e3b0c44298fc1c149afbf4c8996fb92427ae41e4649b934ca495991b7852b855
subprocess-logs/0104-jdk8_no-debug_ThisReceiver_javap.stderr	e3b0c44298fc1c149afbf4c8996fb92427ae41e4649b934ca495991b7852b855
subprocess-logs/0104-jdk8_no-debug_ThisReceiver_javap.stdout	6ca1c12ab28e407f2ebce7f75369b2122364e2218c6c3c7543db1144a7b80a60
subprocess-logs/0105-jdk8_no-debug_ThisReceiver_original-probe-javac.stderr	e3b0c44298fc1c149afbf4c8996fb92427ae41e4649b934ca495991b7852b855
subprocess-logs/0105-jdk8_no-debug_ThisReceiver_original-probe-javac.stdout	e3b0c44298fc1c149afbf4c8996fb92427ae41e4649b934ca495991b7852b855
subprocess-logs/0106-jdk8_no-debug_ThisReceiver_original-run.stderr	e3b0c44298fc1c149afbf4c8996fb92427ae41e4649b934ca495991b7852b855
subprocess-logs/0106-jdk8_no-debug_ThisReceiver_original-run.stdout	9916911dd761a7b0d550673bef203cb77fb4cb96733a8fb0a2184fb7d3ba65b8
subprocess-logs/0107-jdk8_no-debug_ThisReceiver_jarde-ThisReceiver.stderr	4eeec8e4cf811b2b67cd01db9e1f893547949083d28c893cf0420f39fa3976ef
subprocess-logs/0107-jdk8_no-debug_ThisReceiver_jarde-ThisReceiver.stdout	0c40a3e0e09b0e97ca13b527dcc647a9f01c29a3f73f31f6d7de68b4408b0d8f
subprocess-logs/0108-jdk8_no-debug_ThisReceiver_jarde-javac.stderr	e3b0c44298fc1c149afbf4c8996fb92427ae41e4649b934ca495991b7852b855
subprocess-logs/0108-jdk8_no-debug_ThisReceiver_jarde-javac.stdout	e3b0c44298fc1c149afbf4c8996fb92427ae41e4649b934ca495991b7852b855
subprocess-logs/0109-jdk8_no-debug_ThisReceiver_jarde-verify-run.stderr	e3b0c44298fc1c149afbf4c8996fb92427ae41e4649b934ca495991b7852b855
subprocess-logs/0109-jdk8_no-debug_ThisReceiver_jarde-verify-run.stdout	9916911dd761a7b0d550673bef203cb77fb4cb96733a8fb0a2184fb7d3ba65b8
subprocess-logs/0110-jdk8_no-debug_ThisReceiver_jadx.stderr	e3b0c44298fc1c149afbf4c8996fb92427ae41e4649b934ca495991b7852b855
subprocess-logs/0110-jdk8_no-debug_ThisReceiver_jadx.stdout	a1c7326ff1e58d7848f8bb6b788437e6eff78267905ce4ce0ef857950e7a697e
subprocess-logs/0111-jdk8_no-debug_ThisReceiver_jadx-javac.stderr	e3b0c44298fc1c149afbf4c8996fb92427ae41e4649b934ca495991b7852b855
subprocess-logs/0111-jdk8_no-debug_ThisReceiver_jadx-javac.stdout	e3b0c44298fc1c149afbf4c8996fb92427ae41e4649b934ca495991b7852b855
subprocess-logs/0112-jdk8_no-debug_ThisReceiver_jadx-verify-run.stderr	e3b0c44298fc1c149afbf4c8996fb92427ae41e4649b934ca495991b7852b855
subprocess-logs/0112-jdk8_no-debug_ThisReceiver_jadx-verify-run.stdout	f2c2ade79741f3c077a9767a2c86b6f9e8b3c91395a41c1c035e78ca2c19717e
subprocess-logs/0113-jdk8_debug_ShadowMethodT_jar-contents.stderr	e3b0c44298fc1c149afbf4c8996fb92427ae41e4649b934ca495991b7852b855
subprocess-logs/0113-jdk8_debug_ShadowMethodT_jar-contents.stdout	0a014d28d43f161014ee6c5d0696b18e41bff4bb83b1ac87222e9f4a8516ab35
subprocess-logs/0114-jdk8_debug_ShadowMethodT_original-javac.stderr	e3b0c44298fc1c149afbf4c8996fb92427ae41e4649b934ca495991b7852b855
subprocess-logs/0114-jdk8_debug_ShadowMethodT_original-javac.stdout	e3b0c44298fc1c149afbf4c8996fb92427ae41e4649b934ca495991b7852b855
subprocess-logs/0115-jdk8_debug_ShadowMethodT_javap.stderr	e3b0c44298fc1c149afbf4c8996fb92427ae41e4649b934ca495991b7852b855
subprocess-logs/0115-jdk8_debug_ShadowMethodT_javap.stdout	5f88b0dbb9231e78d4e602f89003a6cb83bbca11530d969965acb02353395676
subprocess-logs/0116-jdk8_debug_ShadowMethodT_original-probe-javac.stderr	e3b0c44298fc1c149afbf4c8996fb92427ae41e4649b934ca495991b7852b855
subprocess-logs/0116-jdk8_debug_ShadowMethodT_original-probe-javac.stdout	e3b0c44298fc1c149afbf4c8996fb92427ae41e4649b934ca495991b7852b855
subprocess-logs/0117-jdk8_debug_ShadowMethodT_original-run.stderr	e3b0c44298fc1c149afbf4c8996fb92427ae41e4649b934ca495991b7852b855
subprocess-logs/0117-jdk8_debug_ShadowMethodT_original-run.stdout	e491f2fc9b0efb07abdaf9da8848a50d38b4da3848f045e3268c35d95124df5a
subprocess-logs/0118-jdk8_debug_ShadowMethodT_jarde-ShadowMethodT.stderr	d2ffe40b6952153fb262c43eb0fbd088b67b8704fca66f28cc990fef190d03b7
subprocess-logs/0118-jdk8_debug_ShadowMethodT_jarde-ShadowMethodT.stdout	b6d351665b1a03c8f6b0bfadfbb2dc22c1ab88457700d15dc23ffdd9d8ec560e
subprocess-logs/0119-jdk8_debug_ShadowMethodT_jarde-javac.stderr	7147694e27b48f2c15da308df6057d6646ff20537bd87d1bf31343a351826aab
subprocess-logs/0119-jdk8_debug_ShadowMethodT_jarde-javac.stdout	e3b0c44298fc1c149afbf4c8996fb92427ae41e4649b934ca495991b7852b855
subprocess-logs/0120-jdk8_debug_ShadowMethodT_jarde-verify-run.stderr	e3b0c44298fc1c149afbf4c8996fb92427ae41e4649b934ca495991b7852b855
subprocess-logs/0120-jdk8_debug_ShadowMethodT_jarde-verify-run.stdout	ceb1dd45add8519cb6e22a15e06a6eab6b515c2f59d517b64ede6b379fcd7b53
subprocess-logs/0121-jdk8_debug_ShadowMethodT_jadx.stderr	e3b0c44298fc1c149afbf4c8996fb92427ae41e4649b934ca495991b7852b855
subprocess-logs/0121-jdk8_debug_ShadowMethodT_jadx.stdout	5f21d561d5dfc277dba5551f6d0368f0e8837f8bdc570639e50578a27e076868
subprocess-logs/0122-jdk8_debug_ShadowMethodT_jadx-javac.stderr	e3b0c44298fc1c149afbf4c8996fb92427ae41e4649b934ca495991b7852b855
subprocess-logs/0122-jdk8_debug_ShadowMethodT_jadx-javac.stdout	e3b0c44298fc1c149afbf4c8996fb92427ae41e4649b934ca495991b7852b855
subprocess-logs/0123-jdk8_debug_ShadowMethodT_jadx-verify-run.stderr	e3b0c44298fc1c149afbf4c8996fb92427ae41e4649b934ca495991b7852b855
subprocess-logs/0123-jdk8_debug_ShadowMethodT_jadx-verify-run.stdout	1c91e9e73e2b1038112652360b7e0dcd639e400df84523aac0d0102801a17264
subprocess-logs/0124-jdk8_no-debug_ShadowMethodT_jar-contents.stderr	e3b0c44298fc1c149afbf4c8996fb92427ae41e4649b934ca495991b7852b855
subprocess-logs/0124-jdk8_no-debug_ShadowMethodT_jar-contents.stdout	0a014d28d43f161014ee6c5d0696b18e41bff4bb83b1ac87222e9f4a8516ab35
subprocess-logs/0125-jdk8_no-debug_ShadowMethodT_original-javac.stderr	e3b0c44298fc1c149afbf4c8996fb92427ae41e4649b934ca495991b7852b855
subprocess-logs/0125-jdk8_no-debug_ShadowMethodT_original-javac.stdout	e3b0c44298fc1c149afbf4c8996fb92427ae41e4649b934ca495991b7852b855
subprocess-logs/0126-jdk8_no-debug_ShadowMethodT_javap.stderr	e3b0c44298fc1c149afbf4c8996fb92427ae41e4649b934ca495991b7852b855
subprocess-logs/0126-jdk8_no-debug_ShadowMethodT_javap.stdout	f4bcacef3b8048d7270b588c9fdc067893b945c368750d1d7f1bf6f89da099c2
subprocess-logs/0127-jdk8_no-debug_ShadowMethodT_original-probe-javac.stderr	e3b0c44298fc1c149afbf4c8996fb92427ae41e4649b934ca495991b7852b855
subprocess-logs/0127-jdk8_no-debug_ShadowMethodT_original-probe-javac.stdout	e3b0c44298fc1c149afbf4c8996fb92427ae41e4649b934ca495991b7852b855
subprocess-logs/0128-jdk8_no-debug_ShadowMethodT_original-run.stderr	e3b0c44298fc1c149afbf4c8996fb92427ae41e4649b934ca495991b7852b855
subprocess-logs/0128-jdk8_no-debug_ShadowMethodT_original-run.stdout	e491f2fc9b0efb07abdaf9da8848a50d38b4da3848f045e3268c35d95124df5a
subprocess-logs/0129-jdk8_no-debug_ShadowMethodT_jarde-ShadowMethodT.stderr	a21998f8ea1b44f29b3748aa4780092fc005e0fa9794f0ab943fb1f35aabbb60
subprocess-logs/0129-jdk8_no-debug_ShadowMethodT_jarde-ShadowMethodT.stdout	b04b610fd3bcae70366460c87281526e1a77989a2393c91d4e0cf746fee52a9a
subprocess-logs/0130-jdk8_no-debug_ShadowMethodT_jarde-javac.stderr	4dfdc1881f3b0da560e408f53e7b0c611b3693b2c38a92355dcac55364dae8cb
subprocess-logs/0130-jdk8_no-debug_ShadowMethodT_jarde-javac.stdout	e3b0c44298fc1c149afbf4c8996fb92427ae41e4649b934ca495991b7852b855
subprocess-logs/0131-jdk8_no-debug_ShadowMethodT_jarde-verify-run.stderr	e3b0c44298fc1c149afbf4c8996fb92427ae41e4649b934ca495991b7852b855
subprocess-logs/0131-jdk8_no-debug_ShadowMethodT_jarde-verify-run.stdout	ceb1dd45add8519cb6e22a15e06a6eab6b515c2f59d517b64ede6b379fcd7b53
subprocess-logs/0132-jdk8_no-debug_ShadowMethodT_jadx.stderr	e3b0c44298fc1c149afbf4c8996fb92427ae41e4649b934ca495991b7852b855
subprocess-logs/0132-jdk8_no-debug_ShadowMethodT_jadx.stdout	32d2e0566b9abb9634e8fa59346497918f0e4cc9d902a58a9127913cdce7ba4e
subprocess-logs/0133-jdk8_no-debug_ShadowMethodT_jadx-javac.stderr	e3b0c44298fc1c149afbf4c8996fb92427ae41e4649b934ca495991b7852b855
subprocess-logs/0133-jdk8_no-debug_ShadowMethodT_jadx-javac.stdout	e3b0c44298fc1c149afbf4c8996fb92427ae41e4649b934ca495991b7852b855
subprocess-logs/0134-jdk8_no-debug_ShadowMethodT_jadx-verify-run.stderr	e3b0c44298fc1c149afbf4c8996fb92427ae41e4649b934ca495991b7852b855
subprocess-logs/0134-jdk8_no-debug_ShadowMethodT_jadx-verify-run.stdout	1c91e9e73e2b1038112652360b7e0dcd639e400df84523aac0d0102801a17264
subprocess-logs/0135-jdk8_debug_DirectInstanceRawParam_jar-contents.stderr	e3b0c44298fc1c149afbf4c8996fb92427ae41e4649b934ca495991b7852b855
subprocess-logs/0135-jdk8_debug_DirectInstanceRawParam_jar-contents.stdout	fc15d4455024ee977b4d1922c14c180928c2138e1582c5adccbb1d8fe3953218
subprocess-logs/0136-jdk8_debug_DirectInstanceRawParam_original-javac.stderr	0ba3987920336d7f3107d9ccc9dbe7c312342815dfc44d531d9e54ca6d1191a0
subprocess-logs/0136-jdk8_debug_DirectInstanceRawParam_original-javac.stdout	e3b0c44298fc1c149afbf4c8996fb92427ae41e4649b934ca495991b7852b855
subprocess-logs/0137-jdk8_debug_DirectInstanceRawParam_javap.stderr	e3b0c44298fc1c149afbf4c8996fb92427ae41e4649b934ca495991b7852b855
subprocess-logs/0137-jdk8_debug_DirectInstanceRawParam_javap.stdout	985b63aa149ff87b9b79d1688950f005707ac1fe3ebca01c335333d2b931f006
subprocess-logs/0138-jdk8_debug_DirectInstanceRawParam_original-probe-javac.stderr	e3b0c44298fc1c149afbf4c8996fb92427ae41e4649b934ca495991b7852b855
subprocess-logs/0138-jdk8_debug_DirectInstanceRawParam_original-probe-javac.stdout	e3b0c44298fc1c149afbf4c8996fb92427ae41e4649b934ca495991b7852b855
subprocess-logs/0139-jdk8_debug_DirectInstanceRawParam_original-run.stderr	e3b0c44298fc1c149afbf4c8996fb92427ae41e4649b934ca495991b7852b855
subprocess-logs/0139-jdk8_debug_DirectInstanceRawParam_original-run.stdout	9358c79b8f63417a168963e9dc02e1e1359ee5bda8614638bec755f01d5683be
subprocess-logs/0140-jdk8_debug_DirectInstanceRawParam_jarde-DirectInstanceRawParam.stderr	4c9e028541d7315174462b130600c81382775585197d1d4ca1c42a8e6fcefeb3
subprocess-logs/0140-jdk8_debug_DirectInstanceRawParam_jarde-DirectInstanceRawParam.stdout	66882766f2731a7d18b72428b8ad38d8f2bd8e0183b4bf42ab71e0a8bcb56671
subprocess-logs/0141-jdk8_debug_DirectInstanceRawParam_jarde-javac.stderr	d248fb318c11b4f1e6bd2d7828817f01bdae3a029dc6516ca3cb1771b50bc630
subprocess-logs/0141-jdk8_debug_DirectInstanceRawParam_jarde-javac.stdout	e3b0c44298fc1c149afbf4c8996fb92427ae41e4649b934ca495991b7852b855
subprocess-logs/0142-jdk8_debug_DirectInstanceRawParam_jarde-verify-run.stderr	e3b0c44298fc1c149afbf4c8996fb92427ae41e4649b934ca495991b7852b855
subprocess-logs/0142-jdk8_debug_DirectInstanceRawParam_jarde-verify-run.stdout	9358c79b8f63417a168963e9dc02e1e1359ee5bda8614638bec755f01d5683be
subprocess-logs/0143-jdk8_debug_DirectInstanceRawParam_jadx.stderr	e3b0c44298fc1c149afbf4c8996fb92427ae41e4649b934ca495991b7852b855
subprocess-logs/0143-jdk8_debug_DirectInstanceRawParam_jadx.stdout	acffecb52945c045f912bb9224927bddf27ab8dc4b6e6e6056048e8e3fdc50a3
subprocess-logs/0144-jdk8_debug_DirectInstanceRawParam_jadx-javac.stderr	224f4a08d1195aac5e0d50021ac2a5f55e06e3e26e226a9665dfeade5f21d604
subprocess-logs/0144-jdk8_debug_DirectInstanceRawParam_jadx-javac.stdout	e3b0c44298fc1c149afbf4c8996fb92427ae41e4649b934ca495991b7852b855
subprocess-logs/0145-jdk8_debug_DirectInstanceRawParam_jadx-verify-run.stderr	e3b0c44298fc1c149afbf4c8996fb92427ae41e4649b934ca495991b7852b855
subprocess-logs/0145-jdk8_debug_DirectInstanceRawParam_jadx-verify-run.stdout	b3cda9506188b60dd9d215bc5efd1dafb315f344e7cea3910361ebe407f0cc9b
subprocess-logs/0146-jdk8_no-debug_DirectInstanceRawParam_jar-contents.stderr	e3b0c44298fc1c149afbf4c8996fb92427ae41e4649b934ca495991b7852b855
subprocess-logs/0146-jdk8_no-debug_DirectInstanceRawParam_jar-contents.stdout	fc15d4455024ee977b4d1922c14c180928c2138e1582c5adccbb1d8fe3953218
subprocess-logs/0147-jdk8_no-debug_DirectInstanceRawParam_original-javac.stderr	0ba3987920336d7f3107d9ccc9dbe7c312342815dfc44d531d9e54ca6d1191a0
subprocess-logs/0147-jdk8_no-debug_DirectInstanceRawParam_original-javac.stdout	e3b0c44298fc1c149afbf4c8996fb92427ae41e4649b934ca495991b7852b855
subprocess-logs/0148-jdk8_no-debug_DirectInstanceRawParam_javap.stderr	e3b0c44298fc1c149afbf4c8996fb92427ae41e4649b934ca495991b7852b855
subprocess-logs/0148-jdk8_no-debug_DirectInstanceRawParam_javap.stdout	4957d9f929264dc89c0ce8e20c5518e881a8862ea97e61f11d9ed818e6cd5b73
subprocess-logs/0149-jdk8_no-debug_DirectInstanceRawParam_original-probe-javac.stderr	e3b0c44298fc1c149afbf4c8996fb92427ae41e4649b934ca495991b7852b855
subprocess-logs/0149-jdk8_no-debug_DirectInstanceRawParam_original-probe-javac.stdout	e3b0c44298fc1c149afbf4c8996fb92427ae41e4649b934ca495991b7852b855
subprocess-logs/0150-jdk8_no-debug_DirectInstanceRawParam_original-run.stderr	e3b0c44298fc1c149afbf4c8996fb92427ae41e4649b934ca495991b7852b855
subprocess-logs/0150-jdk8_no-debug_DirectInstanceRawParam_original-run.stdout	9358c79b8f63417a168963e9dc02e1e1359ee5bda8614638bec755f01d5683be
subprocess-logs/0151-jdk8_no-debug_DirectInstanceRawParam_jarde-DirectInstanceRawParam.stderr	215dc3ffae6f21c0cd9b276c56647c9a0d580c9770509f5d1a14ce97b0f3a38d
subprocess-logs/0151-jdk8_no-debug_DirectInstanceRawParam_jarde-DirectInstanceRawParam.stdout	4a94736315b6eae244e0c86bd52673d4184206d783c03a281542fea7858efed2
subprocess-logs/0152-jdk8_no-debug_DirectInstanceRawParam_jarde-javac.stderr	3f91b25b3bd56c315088d894185a66da846678e4a65424767bf3f69eb2969d93
subprocess-logs/0152-jdk8_no-debug_DirectInstanceRawParam_jarde-javac.stdout	e3b0c44298fc1c149afbf4c8996fb92427ae41e4649b934ca495991b7852b855
subprocess-logs/0153-jdk8_no-debug_DirectInstanceRawParam_jarde-verify-run.stderr	e3b0c44298fc1c149afbf4c8996fb92427ae41e4649b934ca495991b7852b855
subprocess-logs/0153-jdk8_no-debug_DirectInstanceRawParam_jarde-verify-run.stdout	9358c79b8f63417a168963e9dc02e1e1359ee5bda8614638bec755f01d5683be
subprocess-logs/0154-jdk8_no-debug_DirectInstanceRawParam_jadx.stderr	e3b0c44298fc1c149afbf4c8996fb92427ae41e4649b934ca495991b7852b855
subprocess-logs/0154-jdk8_no-debug_DirectInstanceRawParam_jadx.stdout	ab6666b9e386eb348c7c7221e8ddb8e82a0807cb40a52890626d226014ccb092
subprocess-logs/0155-jdk8_no-debug_DirectInstanceRawParam_jadx-javac.stderr	f66a56358af39a7afd80e7b72f4fa792128470043a22e2f074f21701f6c7bdf6
subprocess-logs/0155-jdk8_no-debug_DirectInstanceRawParam_jadx-javac.stdout	e3b0c44298fc1c149afbf4c8996fb92427ae41e4649b934ca495991b7852b855
subprocess-logs/0156-jdk8_no-debug_DirectInstanceRawParam_jadx-verify-run.stderr	e3b0c44298fc1c149afbf4c8996fb92427ae41e4649b934ca495991b7852b855
subprocess-logs/0156-jdk8_no-debug_DirectInstanceRawParam_jadx-verify-run.stdout	b3cda9506188b60dd9d215bc5efd1dafb315f344e7cea3910361ebe407f0cc9b
subprocess-logs/0157-jdk8_debug_WideRawParam_jar-contents.stderr	e3b0c44298fc1c149afbf4c8996fb92427ae41e4649b934ca495991b7852b855
subprocess-logs/0157-jdk8_debug_WideRawParam_jar-contents.stdout	c7b383a50ec45946ad9d59c86fa09aeb20831c235da656e4fb4c89f12a7bd588
subprocess-logs/0158-jdk8_debug_WideRawParam_original-javac.stderr	aeb03bb6e0ae5dc3f7fc3d80a055ebaa4ae1ec6c9c9b8a2a78364e8629ccf196
subprocess-logs/0158-jdk8_debug_WideRawParam_original-javac.stdout	e3b0c44298fc1c149afbf4c8996fb92427ae41e4649b934ca495991b7852b855
subprocess-logs/0159-jdk8_debug_WideRawParam_javap.stderr	e3b0c44298fc1c149afbf4c8996fb92427ae41e4649b934ca495991b7852b855
subprocess-logs/0159-jdk8_debug_WideRawParam_javap.stdout	251a24fecb60d9545e8c5bff05871e4aec25485f0800735c1fe9de099cd4efdb
subprocess-logs/0160-jdk8_debug_WideRawParam_original-probe-javac.stderr	e3b0c44298fc1c149afbf4c8996fb92427ae41e4649b934ca495991b7852b855
subprocess-logs/0160-jdk8_debug_WideRawParam_original-probe-javac.stdout	e3b0c44298fc1c149afbf4c8996fb92427ae41e4649b934ca495991b7852b855
subprocess-logs/0161-jdk8_debug_WideRawParam_original-run.stderr	e3b0c44298fc1c149afbf4c8996fb92427ae41e4649b934ca495991b7852b855
subprocess-logs/0161-jdk8_debug_WideRawParam_original-run.stdout	9b6ad934d85edae64408a458838c3e4654befd592a41b43cedf7710c2e9b1512
subprocess-logs/0162-jdk8_debug_WideRawParam_jarde-WideRawParam.stderr	b2709b3e82feee04a3d0fe88d1de71814dfa44ec7d5694c0717e12142d094f23
subprocess-logs/0162-jdk8_debug_WideRawParam_jarde-WideRawParam.stdout	a8c2366e3a709f7941c00dff72d5921e0b3e9772cd7195d3caf1094bb0a95be9
subprocess-logs/0163-jdk8_debug_WideRawParam_jarde-javac.stderr	e8c6aab67988eea91f83ad06b9a638332b48ca41748ddc3077aa9a71b542c17e
subprocess-logs/0163-jdk8_debug_WideRawParam_jarde-javac.stdout	e3b0c44298fc1c149afbf4c8996fb92427ae41e4649b934ca495991b7852b855
subprocess-logs/0164-jdk8_debug_WideRawParam_jarde-verify-run.stderr	e3b0c44298fc1c149afbf4c8996fb92427ae41e4649b934ca495991b7852b855
subprocess-logs/0164-jdk8_debug_WideRawParam_jarde-verify-run.stdout	9b6ad934d85edae64408a458838c3e4654befd592a41b43cedf7710c2e9b1512
subprocess-logs/0165-jdk8_debug_WideRawParam_jadx.stderr	e3b0c44298fc1c149afbf4c8996fb92427ae41e4649b934ca495991b7852b855
subprocess-logs/0165-jdk8_debug_WideRawParam_jadx.stdout	7b1fe1d44e03d9068e98022a0f4cb901e130931119d4d3acc3972e3376d726e3
subprocess-logs/0166-jdk8_debug_WideRawParam_jadx-javac.stderr	23f4aca40ff409ee0965bbc11b327e9d59c64f83ef127f62fd6abb158b230ba0
subprocess-logs/0166-jdk8_debug_WideRawParam_jadx-javac.stdout	e3b0c44298fc1c149afbf4c8996fb92427ae41e4649b934ca495991b7852b855
subprocess-logs/0167-jdk8_debug_WideRawParam_jadx-verify-run.stderr	e3b0c44298fc1c149afbf4c8996fb92427ae41e4649b934ca495991b7852b855
subprocess-logs/0167-jdk8_debug_WideRawParam_jadx-verify-run.stdout	bb098a483d7226c3ef490fd7d5502cfaae0fa2dc00a248054971f81a95f5b14e
subprocess-logs/0168-jdk8_no-debug_WideRawParam_jar-contents.stderr	e3b0c44298fc1c149afbf4c8996fb92427ae41e4649b934ca495991b7852b855
subprocess-logs/0168-jdk8_no-debug_WideRawParam_jar-contents.stdout	c7b383a50ec45946ad9d59c86fa09aeb20831c235da656e4fb4c89f12a7bd588
subprocess-logs/0169-jdk8_no-debug_WideRawParam_original-javac.stderr	aeb03bb6e0ae5dc3f7fc3d80a055ebaa4ae1ec6c9c9b8a2a78364e8629ccf196
subprocess-logs/0169-jdk8_no-debug_WideRawParam_original-javac.stdout	e3b0c44298fc1c149afbf4c8996fb92427ae41e4649b934ca495991b7852b855
subprocess-logs/0170-jdk8_no-debug_WideRawParam_javap.stderr	e3b0c44298fc1c149afbf4c8996fb92427ae41e4649b934ca495991b7852b855
subprocess-logs/0170-jdk8_no-debug_WideRawParam_javap.stdout	d09c8be9c649a1712af9cc5e05f0f9f4b726e1dccedf88236075288c3e34e0a5
subprocess-logs/0171-jdk8_no-debug_WideRawParam_original-probe-javac.stderr	e3b0c44298fc1c149afbf4c8996fb92427ae41e4649b934ca495991b7852b855
subprocess-logs/0171-jdk8_no-debug_WideRawParam_original-probe-javac.stdout	e3b0c44298fc1c149afbf4c8996fb92427ae41e4649b934ca495991b7852b855
subprocess-logs/0172-jdk8_no-debug_WideRawParam_original-run.stderr	e3b0c44298fc1c149afbf4c8996fb92427ae41e4649b934ca495991b7852b855
subprocess-logs/0172-jdk8_no-debug_WideRawParam_original-run.stdout	9b6ad934d85edae64408a458838c3e4654befd592a41b43cedf7710c2e9b1512
subprocess-logs/0173-jdk8_no-debug_WideRawParam_jarde-WideRawParam.stderr	1a6a4f55ac7ffbbcc7f2d3b9dd7ed960de1377aa483293ae03d28c0044a3eb99
subprocess-logs/0173-jdk8_no-debug_WideRawParam_jarde-WideRawParam.stdout	1fffb038dc24c28f794c348a356b25bf8f3cac2017e72733ba1b38208c722010
subprocess-logs/0174-jdk8_no-debug_WideRawParam_jarde-javac.stderr	61f818e27118f7c753f5ddd7119366a31034c69979aff7afa807b32b1619d088
subprocess-logs/0174-jdk8_no-debug_WideRawParam_jarde-javac.stdout	e3b0c44298fc1c149afbf4c8996fb92427ae41e4649b934ca495991b7852b855
subprocess-logs/0175-jdk8_no-debug_WideRawParam_jarde-verify-run.stderr	e3b0c44298fc1c149afbf4c8996fb92427ae41e4649b934ca495991b7852b855
subprocess-logs/0175-jdk8_no-debug_WideRawParam_jarde-verify-run.stdout	9b6ad934d85edae64408a458838c3e4654befd592a41b43cedf7710c2e9b1512
subprocess-logs/0176-jdk8_no-debug_WideRawParam_jadx.stderr	e3b0c44298fc1c149afbf4c8996fb92427ae41e4649b934ca495991b7852b855
subprocess-logs/0176-jdk8_no-debug_WideRawParam_jadx.stdout	beb16d8466551ee75e1bc17f9e56d15f77eb746843a1e0bba211c63fdc4de922
subprocess-logs/0177-jdk8_no-debug_WideRawParam_jadx-javac.stderr	5031f0e85879d6bf2c1bf982b12ba982a39a3be3bb0b71751a3a40a2e79754a0
subprocess-logs/0177-jdk8_no-debug_WideRawParam_jadx-javac.stdout	e3b0c44298fc1c149afbf4c8996fb92427ae41e4649b934ca495991b7852b855
subprocess-logs/0178-jdk8_no-debug_WideRawParam_jadx-verify-run.stderr	e3b0c44298fc1c149afbf4c8996fb92427ae41e4649b934ca495991b7852b855
subprocess-logs/0178-jdk8_no-debug_WideRawParam_jadx-verify-run.stdout	bb098a483d7226c3ef490fd7d5502cfaae0fa2dc00a248054971f81a95f5b14e
subprocess-logs/0179-jdk8_debug_ArrayRawParam_jar-contents.stderr	e3b0c44298fc1c149afbf4c8996fb92427ae41e4649b934ca495991b7852b855
subprocess-logs/0179-jdk8_debug_ArrayRawParam_jar-contents.stdout	3158ddd8210c312dd495e4f4bed9c58b47a294ca772f97d51d89a67d7715ebc7
subprocess-logs/0180-jdk8_debug_ArrayRawParam_original-javac.stderr	cb8a628cd783c342302463ddf01fbb8818bab7bee540276c0bbc9f5a43763de8
subprocess-logs/0180-jdk8_debug_ArrayRawParam_original-javac.stdout	e3b0c44298fc1c149afbf4c8996fb92427ae41e4649b934ca495991b7852b855
subprocess-logs/0181-jdk8_debug_ArrayRawParam_javap.stderr	e3b0c44298fc1c149afbf4c8996fb92427ae41e4649b934ca495991b7852b855
subprocess-logs/0181-jdk8_debug_ArrayRawParam_javap.stdout	4c7ce421a74e0ffc33ec4ecc7a9712fe726a9b9db67edf403b567249c28fe909
subprocess-logs/0182-jdk8_debug_ArrayRawParam_original-probe-javac.stderr	e3b0c44298fc1c149afbf4c8996fb92427ae41e4649b934ca495991b7852b855
subprocess-logs/0182-jdk8_debug_ArrayRawParam_original-probe-javac.stdout	e3b0c44298fc1c149afbf4c8996fb92427ae41e4649b934ca495991b7852b855
subprocess-logs/0183-jdk8_debug_ArrayRawParam_original-run.stderr	e3b0c44298fc1c149afbf4c8996fb92427ae41e4649b934ca495991b7852b855
subprocess-logs/0183-jdk8_debug_ArrayRawParam_original-run.stdout	d51f3b7d45328701a337bb2285770bcd1cf8f2179c66734c318010571e65ac8b
subprocess-logs/0184-jdk8_debug_ArrayRawParam_jarde-ArrayRawParam.stderr	0c652af998be7ebacd770d99ed6661f2f76c29d67fee838528c98fa2a7f26678
subprocess-logs/0184-jdk8_debug_ArrayRawParam_jarde-ArrayRawParam.stdout	c8c72849f11741a77f70b21b0436745c69e7f2e9d60ae7c7724adfd147a8faab
subprocess-logs/0185-jdk8_debug_ArrayRawParam_jarde-javac.stderr	677ea63691507db0224d370f2cb7a43ce7f276fe960a3a0aa9747408ee6f60b7
subprocess-logs/0185-jdk8_debug_ArrayRawParam_jarde-javac.stdout	e3b0c44298fc1c149afbf4c8996fb92427ae41e4649b934ca495991b7852b855
subprocess-logs/0186-jdk8_debug_ArrayRawParam_jarde-verify-run.stderr	e3b0c44298fc1c149afbf4c8996fb92427ae41e4649b934ca495991b7852b855
subprocess-logs/0186-jdk8_debug_ArrayRawParam_jarde-verify-run.stdout	d51f3b7d45328701a337bb2285770bcd1cf8f2179c66734c318010571e65ac8b
subprocess-logs/0187-jdk8_debug_ArrayRawParam_jadx.stderr	e3b0c44298fc1c149afbf4c8996fb92427ae41e4649b934ca495991b7852b855
subprocess-logs/0187-jdk8_debug_ArrayRawParam_jadx.stdout	d707f123f8be55c74b093f6c7e50a1b6dcb5cee27157fbd74f8873ba1ab66d7a
subprocess-logs/0188-jdk8_debug_ArrayRawParam_jadx-javac.stderr	eb76c763c041958f3253377ff5006400a7f2323122ba02db2e3d61845ad57a38
subprocess-logs/0188-jdk8_debug_ArrayRawParam_jadx-javac.stdout	e3b0c44298fc1c149afbf4c8996fb92427ae41e4649b934ca495991b7852b855
subprocess-logs/0189-jdk8_debug_ArrayRawParam_jadx-verify-run.stderr	e3b0c44298fc1c149afbf4c8996fb92427ae41e4649b934ca495991b7852b855
subprocess-logs/0189-jdk8_debug_ArrayRawParam_jadx-verify-run.stdout	65890eea8fe7c3065fbc2f644c7253d5354fdffeba56efc1a47107d7914063b6
subprocess-logs/0190-jdk8_no-debug_ArrayRawParam_jar-contents.stderr	e3b0c44298fc1c149afbf4c8996fb92427ae41e4649b934ca495991b7852b855
subprocess-logs/0190-jdk8_no-debug_ArrayRawParam_jar-contents.stdout	3158ddd8210c312dd495e4f4bed9c58b47a294ca772f97d51d89a67d7715ebc7
subprocess-logs/0191-jdk8_no-debug_ArrayRawParam_original-javac.stderr	cb8a628cd783c342302463ddf01fbb8818bab7bee540276c0bbc9f5a43763de8
subprocess-logs/0191-jdk8_no-debug_ArrayRawParam_original-javac.stdout	e3b0c44298fc1c149afbf4c8996fb92427ae41e4649b934ca495991b7852b855
subprocess-logs/0192-jdk8_no-debug_ArrayRawParam_javap.stderr	e3b0c44298fc1c149afbf4c8996fb92427ae41e4649b934ca495991b7852b855
subprocess-logs/0192-jdk8_no-debug_ArrayRawParam_javap.stdout	24ed418999b82029ba80cfe7fb5f5170b36d811fe7db60dc4fc424f0dac2188f
subprocess-logs/0193-jdk8_no-debug_ArrayRawParam_original-probe-javac.stderr	e3b0c44298fc1c149afbf4c8996fb92427ae41e4649b934ca495991b7852b855
subprocess-logs/0193-jdk8_no-debug_ArrayRawParam_original-probe-javac.stdout	e3b0c44298fc1c149afbf4c8996fb92427ae41e4649b934ca495991b7852b855
subprocess-logs/0194-jdk8_no-debug_ArrayRawParam_original-run.stderr	e3b0c44298fc1c149afbf4c8996fb92427ae41e4649b934ca495991b7852b855
subprocess-logs/0194-jdk8_no-debug_ArrayRawParam_original-run.stdout	d51f3b7d45328701a337bb2285770bcd1cf8f2179c66734c318010571e65ac8b
subprocess-logs/0195-jdk8_no-debug_ArrayRawParam_jarde-ArrayRawParam.stderr	1cd2ca49221297c9f52bc1e5e921a731f65de5bee0af5da6aa9f3456caf39aa5
subprocess-logs/0195-jdk8_no-debug_ArrayRawParam_jarde-ArrayRawParam.stdout	6eca13086c3cca27c7ef5ed7c3ebc60b7bd9d8daada5cdd7d9c1eb80bf88c0bf
subprocess-logs/0196-jdk8_no-debug_ArrayRawParam_jarde-javac.stderr	88c4f887cbe39722a2539ee8f0f7eaceb46d9b37e665bf34fcc24bda4df506fc
subprocess-logs/0196-jdk8_no-debug_ArrayRawParam_jarde-javac.stdout	e3b0c44298fc1c149afbf4c8996fb92427ae41e4649b934ca495991b7852b855
subprocess-logs/0197-jdk8_no-debug_ArrayRawParam_jarde-verify-run.stderr	e3b0c44298fc1c149afbf4c8996fb92427ae41e4649b934ca495991b7852b855
subprocess-logs/0197-jdk8_no-debug_ArrayRawParam_jarde-verify-run.stdout	d51f3b7d45328701a337bb2285770bcd1cf8f2179c66734c318010571e65ac8b
subprocess-logs/0198-jdk8_no-debug_ArrayRawParam_jadx.stderr	e3b0c44298fc1c149afbf4c8996fb92427ae41e4649b934ca495991b7852b855
subprocess-logs/0198-jdk8_no-debug_ArrayRawParam_jadx.stdout	2de25407894a7ee1cf167218540ab613a68d293d2d52883a6ae77e4529dfb72f
subprocess-logs/0199-jdk8_no-debug_ArrayRawParam_jadx-javac.stderr	3d4c669dae7259db8fcb9d07b0d71d622a07e8e82e368b0d27439e33e91c3e0d
subprocess-logs/0199-jdk8_no-debug_ArrayRawParam_jadx-javac.stdout	e3b0c44298fc1c149afbf4c8996fb92427ae41e4649b934ca495991b7852b855
subprocess-logs/0200-jdk8_no-debug_ArrayRawParam_jadx-verify-run.stderr	e3b0c44298fc1c149afbf4c8996fb92427ae41e4649b934ca495991b7852b855
subprocess-logs/0200-jdk8_no-debug_ArrayRawParam_jadx-verify-run.stdout	65890eea8fe7c3065fbc2f644c7253d5354fdffeba56efc1a47107d7914063b6
subprocess-logs/0201-jdk8_debug_Array2DRawParam_jar-contents.stderr	e3b0c44298fc1c149afbf4c8996fb92427ae41e4649b934ca495991b7852b855
subprocess-logs/0201-jdk8_debug_Array2DRawParam_jar-contents.stdout	86b3231e464de56fb31cc21b9c23fd1d14d9545fe2f4454953b325583d420684
subprocess-logs/0202-jdk8_debug_Array2DRawParam_original-javac.stderr	d8c2fb561e15c0af3736407dc45a073b8fba19668877f99ae386f51e04b5fd6e
subprocess-logs/0202-jdk8_debug_Array2DRawParam_original-javac.stdout	e3b0c44298fc1c149afbf4c8996fb92427ae41e4649b934ca495991b7852b855
subprocess-logs/0203-jdk8_debug_Array2DRawParam_javap.stderr	e3b0c44298fc1c149afbf4c8996fb92427ae41e4649b934ca495991b7852b855
subprocess-logs/0203-jdk8_debug_Array2DRawParam_javap.stdout	deba0d0fd6477619e89f6e76cb0525d7928b911974091d0073491756b6417e97
subprocess-logs/0204-jdk8_debug_Array2DRawParam_original-probe-javac.stderr	e3b0c44298fc1c149afbf4c8996fb92427ae41e4649b934ca495991b7852b855
subprocess-logs/0204-jdk8_debug_Array2DRawParam_original-probe-javac.stdout	e3b0c44298fc1c149afbf4c8996fb92427ae41e4649b934ca495991b7852b855
subprocess-logs/0205-jdk8_debug_Array2DRawParam_original-run.stderr	e3b0c44298fc1c149afbf4c8996fb92427ae41e4649b934ca495991b7852b855
subprocess-logs/0205-jdk8_debug_Array2DRawParam_original-run.stdout	f48a2d307b1f6c7abb8d91e7a8ed8a5ccc87d07c1114588c08ddfb0808240329
subprocess-logs/0206-jdk8_debug_Array2DRawParam_jarde-Array2DRawParam.stderr	76d4b0cf7f7c59e46ea198db8853fb50a88d27228c6f647c60f2be976ad6df9c
subprocess-logs/0206-jdk8_debug_Array2DRawParam_jarde-Array2DRawParam.stdout	d4ba813f6f198eed97a53a5c193bca2f69698ce49b7a93aa69e279e7c27acb62
subprocess-logs/0207-jdk8_debug_Array2DRawParam_jarde-javac.stderr	5024e50d700bdea9d4eca3ab245f13913f736ca2dd2ac23c8519d74c0c0540a8
subprocess-logs/0207-jdk8_debug_Array2DRawParam_jarde-javac.stdout	e3b0c44298fc1c149afbf4c8996fb92427ae41e4649b934ca495991b7852b855
subprocess-logs/0208-jdk8_debug_Array2DRawParam_jarde-verify-run.stderr	e3b0c44298fc1c149afbf4c8996fb92427ae41e4649b934ca495991b7852b855
subprocess-logs/0208-jdk8_debug_Array2DRawParam_jarde-verify-run.stdout	f48a2d307b1f6c7abb8d91e7a8ed8a5ccc87d07c1114588c08ddfb0808240329
subprocess-logs/0209-jdk8_debug_Array2DRawParam_jadx.stderr	e3b0c44298fc1c149afbf4c8996fb92427ae41e4649b934ca495991b7852b855
subprocess-logs/0209-jdk8_debug_Array2DRawParam_jadx.stdout	7a246aec0a88467fecd89f05d81dfe350c6ac5662625a0018934768c99c5d84e
subprocess-logs/0210-jdk8_debug_Array2DRawParam_jadx-javac.stderr	4e77bc7dd7402fc335d6b2e11ba7000e15693a33fa5031060f5f2e83441c8789
subprocess-logs/0210-jdk8_debug_Array2DRawParam_jadx-javac.stdout	e3b0c44298fc1c149afbf4c8996fb92427ae41e4649b934ca495991b7852b855
subprocess-logs/0211-jdk8_debug_Array2DRawParam_jadx-verify-run.stderr	e3b0c44298fc1c149afbf4c8996fb92427ae41e4649b934ca495991b7852b855
subprocess-logs/0211-jdk8_debug_Array2DRawParam_jadx-verify-run.stdout	8a25af8b8504893fffac8c1872e3c93e85925b6aa0b3d9ff5f62750cee2ba267
subprocess-logs/0212-jdk8_no-debug_Array2DRawParam_jar-contents.stderr	e3b0c44298fc1c149afbf4c8996fb92427ae41e4649b934ca495991b7852b855
subprocess-logs/0212-jdk8_no-debug_Array2DRawParam_jar-contents.stdout	86b3231e464de56fb31cc21b9c23fd1d14d9545fe2f4454953b325583d420684
subprocess-logs/0213-jdk8_no-debug_Array2DRawParam_original-javac.stderr	d8c2fb561e15c0af3736407dc45a073b8fba19668877f99ae386f51e04b5fd6e
subprocess-logs/0213-jdk8_no-debug_Array2DRawParam_original-javac.stdout	e3b0c44298fc1c149afbf4c8996fb92427ae41e4649b934ca495991b7852b855
subprocess-logs/0214-jdk8_no-debug_Array2DRawParam_javap.stderr	e3b0c44298fc1c149afbf4c8996fb92427ae41e4649b934ca495991b7852b855
subprocess-logs/0214-jdk8_no-debug_Array2DRawParam_javap.stdout	9085a4808db8ad5e0144f9e80b3bd5fb71cc39d9128c891f71ebe19da37b12d7
subprocess-logs/0215-jdk8_no-debug_Array2DRawParam_original-probe-javac.stderr	e3b0c44298fc1c149afbf4c8996fb92427ae41e4649b934ca495991b7852b855
subprocess-logs/0215-jdk8_no-debug_Array2DRawParam_original-probe-javac.stdout	e3b0c44298fc1c149afbf4c8996fb92427ae41e4649b934ca495991b7852b855
subprocess-logs/0216-jdk8_no-debug_Array2DRawParam_original-run.stderr	e3b0c44298fc1c149afbf4c8996fb92427ae41e4649b934ca495991b7852b855
subprocess-logs/0216-jdk8_no-debug_Array2DRawParam_original-run.stdout	f48a2d307b1f6c7abb8d91e7a8ed8a5ccc87d07c1114588c08ddfb0808240329
subprocess-logs/0217-jdk8_no-debug_Array2DRawParam_jarde-Array2DRawParam.stderr	4af96adcd84a9b8c7aa810398b73bd5a1d32936c7e51a19b4254105f251e35fd
subprocess-logs/0217-jdk8_no-debug_Array2DRawParam_jarde-Array2DRawParam.stdout	84b51bbf39ee444117977442cc40e3d8c27a72fb65b6164c7b2fbdfcc4eae13c
subprocess-logs/0218-jdk8_no-debug_Array2DRawParam_jarde-javac.stderr	6134b3b3c4ed8830625501b413aaf7a903fba885177e82350da1a2c2d8e78eae
subprocess-logs/0218-jdk8_no-debug_Array2DRawParam_jarde-javac.stdout	e3b0c44298fc1c149afbf4c8996fb92427ae41e4649b934ca495991b7852b855
subprocess-logs/0219-jdk8_no-debug_Array2DRawParam_jarde-verify-run.stderr	e3b0c44298fc1c149afbf4c8996fb92427ae41e4649b934ca495991b7852b855
subprocess-logs/0219-jdk8_no-debug_Array2DRawParam_jarde-verify-run.stdout	f48a2d307b1f6c7abb8d91e7a8ed8a5ccc87d07c1114588c08ddfb0808240329
subprocess-logs/0220-jdk8_no-debug_Array2DRawParam_jadx.stderr	e3b0c44298fc1c149afbf4c8996fb92427ae41e4649b934ca495991b7852b855
subprocess-logs/0220-jdk8_no-debug_Array2DRawParam_jadx.stdout	fc91f35b056ba06631b5d0ca6ec35da930868862a4283d888b8d8df0c6535c1e
subprocess-logs/0221-jdk8_no-debug_Array2DRawParam_jadx-javac.stderr	4f4bd068ca0c770c10dd4d29ae6b6764fb0aad7562c1aedd479ae6cf571c16c7
subprocess-logs/0221-jdk8_no-debug_Array2DRawParam_jadx-javac.stdout	e3b0c44298fc1c149afbf4c8996fb92427ae41e4649b934ca495991b7852b855
subprocess-logs/0222-jdk8_no-debug_Array2DRawParam_jadx-verify-run.stderr	e3b0c44298fc1c149afbf4c8996fb92427ae41e4649b934ca495991b7852b855
subprocess-logs/0222-jdk8_no-debug_Array2DRawParam_jadx-verify-run.stdout	8a25af8b8504893fffac8c1872e3c93e85925b6aa0b3d9ff5f62750cee2ba267
subprocess-logs/0223-jdk8_debug_PrimitiveArrayRawParam_jar-contents.stderr	e3b0c44298fc1c149afbf4c8996fb92427ae41e4649b934ca495991b7852b855
subprocess-logs/0223-jdk8_debug_PrimitiveArrayRawParam_jar-contents.stdout	91705ed612b1ad8f23b13ed6271590bfefda591510c739ce0052bb665848cb44
subprocess-logs/0224-jdk8_debug_PrimitiveArrayRawParam_original-javac.stderr	fdc6d87e49ebb010d6e855ea793247478d09b865401d94d4ef4104ae5bfeec66
subprocess-logs/0224-jdk8_debug_PrimitiveArrayRawParam_original-javac.stdout	e3b0c44298fc1c149afbf4c8996fb92427ae41e4649b934ca495991b7852b855
subprocess-logs/0225-jdk8_debug_PrimitiveArrayRawParam_javap.stderr	e3b0c44298fc1c149afbf4c8996fb92427ae41e4649b934ca495991b7852b855
subprocess-logs/0225-jdk8_debug_PrimitiveArrayRawParam_javap.stdout	6c4c7ae38c5a52141338d2360ce13fbbcd8a280a300025a4a460905647984ee8
subprocess-logs/0226-jdk8_debug_PrimitiveArrayRawParam_original-probe-javac.stderr	e3b0c44298fc1c149afbf4c8996fb92427ae41e4649b934ca495991b7852b855
subprocess-logs/0226-jdk8_debug_PrimitiveArrayRawParam_original-probe-javac.stdout	e3b0c44298fc1c149afbf4c8996fb92427ae41e4649b934ca495991b7852b855
subprocess-logs/0227-jdk8_debug_PrimitiveArrayRawParam_original-run.stderr	e3b0c44298fc1c149afbf4c8996fb92427ae41e4649b934ca495991b7852b855
subprocess-logs/0227-jdk8_debug_PrimitiveArrayRawParam_original-run.stdout	e156798549dd3ab3c3eced5fadfdced0789f4ee0e3f65410c291f2c46434dfba
subprocess-logs/0228-jdk8_debug_PrimitiveArrayRawParam_jarde-PrimitiveArrayRawParam.stderr	b12cbbf0e71bb4268d6b82bc82756f331fff402c58943c360fef5f43a2217b4c
subprocess-logs/0228-jdk8_debug_PrimitiveArrayRawParam_jarde-PrimitiveArrayRawParam.stdout	ca19f53923fbfb66917c75ea83f0d5053343cf8c6aa62b562778ef54d5028a26
subprocess-logs/0229-jdk8_debug_PrimitiveArrayRawParam_jarde-javac.stderr	5e127d1be709ab6fb7950e0194397189c3c638339eea2af51d257e7d18b031c3
subprocess-logs/0229-jdk8_debug_PrimitiveArrayRawParam_jarde-javac.stdout	e3b0c44298fc1c149afbf4c8996fb92427ae41e4649b934ca495991b7852b855
subprocess-logs/0230-jdk8_debug_PrimitiveArrayRawParam_jarde-verify-run.stderr	e3b0c44298fc1c149afbf4c8996fb92427ae41e4649b934ca495991b7852b855
subprocess-logs/0230-jdk8_debug_PrimitiveArrayRawParam_jarde-verify-run.stdout	e156798549dd3ab3c3eced5fadfdced0789f4ee0e3f65410c291f2c46434dfba
subprocess-logs/0231-jdk8_debug_PrimitiveArrayRawParam_jadx.stderr	e3b0c44298fc1c149afbf4c8996fb92427ae41e4649b934ca495991b7852b855
subprocess-logs/0231-jdk8_debug_PrimitiveArrayRawParam_jadx.stdout	467952825aacee05e2d330fe2842f421c94b4997392200e7d6cdf4d2ef40885b
subprocess-logs/0232-jdk8_debug_PrimitiveArrayRawParam_jadx-javac.stderr	18ce23931f013275281180657ea216c0cfd1aca5705b2056bdd1595a82a2b3f6
subprocess-logs/0232-jdk8_debug_PrimitiveArrayRawParam_jadx-javac.stdout	e3b0c44298fc1c149afbf4c8996fb92427ae41e4649b934ca495991b7852b855
subprocess-logs/0233-jdk8_debug_PrimitiveArrayRawParam_jadx-verify-run.stderr	e3b0c44298fc1c149afbf4c8996fb92427ae41e4649b934ca495991b7852b855
subprocess-logs/0233-jdk8_debug_PrimitiveArrayRawParam_jadx-verify-run.stdout	8dbde5389e6da69a121d5ad297157ee52bcb682d49d75d8a4bc7844fd4d1d1e8
subprocess-logs/0234-jdk8_no-debug_PrimitiveArrayRawParam_jar-contents.stderr	e3b0c44298fc1c149afbf4c8996fb92427ae41e4649b934ca495991b7852b855
subprocess-logs/0234-jdk8_no-debug_PrimitiveArrayRawParam_jar-contents.stdout	91705ed612b1ad8f23b13ed6271590bfefda591510c739ce0052bb665848cb44
subprocess-logs/0235-jdk8_no-debug_PrimitiveArrayRawParam_original-javac.stderr	fdc6d87e49ebb010d6e855ea793247478d09b865401d94d4ef4104ae5bfeec66
subprocess-logs/0235-jdk8_no-debug_PrimitiveArrayRawParam_original-javac.stdout	e3b0c44298fc1c149afbf4c8996fb92427ae41e4649b934ca495991b7852b855
subprocess-logs/0236-jdk8_no-debug_PrimitiveArrayRawParam_javap.stderr	e3b0c44298fc1c149afbf4c8996fb92427ae41e4649b934ca495991b7852b855
subprocess-logs/0236-jdk8_no-debug_PrimitiveArrayRawParam_javap.stdout	275f1e044e17248fbec53bb33c68fcd2bb7a3501f996d9ede23b698af39fc073
subprocess-logs/0237-jdk8_no-debug_PrimitiveArrayRawParam_original-probe-javac.stderr	e3b0c44298fc1c149afbf4c8996fb92427ae41e4649b934ca495991b7852b855
subprocess-logs/0237-jdk8_no-debug_PrimitiveArrayRawParam_original-probe-javac.stdout	e3b0c44298fc1c149afbf4c8996fb92427ae41e4649b934ca495991b7852b855
subprocess-logs/0238-jdk8_no-debug_PrimitiveArrayRawParam_original-run.stderr	e3b0c44298fc1c149afbf4c8996fb92427ae41e4649b934ca495991b7852b855
subprocess-logs/0238-jdk8_no-debug_PrimitiveArrayRawParam_original-run.stdout	e156798549dd3ab3c3eced5fadfdced0789f4ee0e3f65410c291f2c46434dfba
subprocess-logs/0239-jdk8_no-debug_PrimitiveArrayRawParam_jarde-PrimitiveArrayRawParam.stderr	19663e30648619cf2bdb33cbb35ccb0ef4fc8eca9f61944f732e60c8da356e98
subprocess-logs/0239-jdk8_no-debug_PrimitiveArrayRawParam_jarde-PrimitiveArrayRawParam.stdout	90298d00e9daee2bf9bea1ca50260dee0b170c49e8bc25e85ffbce8789fa2c77
subprocess-logs/0240-jdk8_no-debug_PrimitiveArrayRawParam_jarde-javac.stderr	0a0b88f1b59f4805e54fe890eec1b220062279840b5282604b5d942d47adb629
subprocess-logs/0240-jdk8_no-debug_PrimitiveArrayRawParam_jarde-javac.stdout	e3b0c44298fc1c149afbf4c8996fb92427ae41e4649b934ca495991b7852b855
subprocess-logs/0241-jdk8_no-debug_PrimitiveArrayRawParam_jarde-verify-run.stderr	e3b0c44298fc1c149afbf4c8996fb92427ae41e4649b934ca495991b7852b855
subprocess-logs/0241-jdk8_no-debug_PrimitiveArrayRawParam_jarde-verify-run.stdout	e156798549dd3ab3c3eced5fadfdced0789f4ee0e3f65410c291f2c46434dfba
subprocess-logs/0242-jdk8_no-debug_PrimitiveArrayRawParam_jadx.stderr	e3b0c44298fc1c149afbf4c8996fb92427ae41e4649b934ca495991b7852b855
subprocess-logs/0242-jdk8_no-debug_PrimitiveArrayRawParam_jadx.stdout	885c0177d42f6c4154c03a59c5f254f4bf3f408e3447195894d8e2383a7b9d16
subprocess-logs/0243-jdk8_no-debug_PrimitiveArrayRawParam_jadx-javac.stderr	f8b1461e0ac5fc321cd981fc51d4afa8918ead48c13af5459dff27bc0f1fe8ea
subprocess-logs/0243-jdk8_no-debug_PrimitiveArrayRawParam_jadx-javac.stdout	e3b0c44298fc1c149afbf4c8996fb92427ae41e4649b934ca495991b7852b855
subprocess-logs/0244-jdk8_no-debug_PrimitiveArrayRawParam_jadx-verify-run.stderr	e3b0c44298fc1c149afbf4c8996fb92427ae41e4649b934ca495991b7852b855
subprocess-logs/0244-jdk8_no-debug_PrimitiveArrayRawParam_jadx-verify-run.stdout	8dbde5389e6da69a121d5ad297157ee52bcb682d49d75d8a4bc7844fd4d1d1e8
subprocess-logs/0245-jdk8_debug_BoundRawParam_jar-contents.stderr	e3b0c44298fc1c149afbf4c8996fb92427ae41e4649b934ca495991b7852b855
subprocess-logs/0245-jdk8_debug_BoundRawParam_jar-contents.stdout	075878ec5b85246aaaf568037703e8c8504af213c36e979109d2de5461da85a9
subprocess-logs/0246-jdk8_debug_BoundRawParam_original-javac.stderr	332b6f179045eb2cb088f970e068ab6fa31d45b9312806bfdad964b6011a5fe3
subprocess-logs/0246-jdk8_debug_BoundRawParam_original-javac.stdout	e3b0c44298fc1c149afbf4c8996fb92427ae41e4649b934ca495991b7852b855
subprocess-logs/0247-jdk8_debug_BoundRawParam_javap.stderr	e3b0c44298fc1c149afbf4c8996fb92427ae41e4649b934ca495991b7852b855
subprocess-logs/0247-jdk8_debug_BoundRawParam_javap.stdout	0583d8322acdeef96e916b2cd62e0e25b844428cb9daff422eefb25ea2352e81
subprocess-logs/0248-jdk8_debug_BoundRawParam_original-probe-javac.stderr	e3b0c44298fc1c149afbf4c8996fb92427ae41e4649b934ca495991b7852b855
subprocess-logs/0248-jdk8_debug_BoundRawParam_original-probe-javac.stdout	e3b0c44298fc1c149afbf4c8996fb92427ae41e4649b934ca495991b7852b855
subprocess-logs/0249-jdk8_debug_BoundRawParam_original-run.stderr	e3b0c44298fc1c149afbf4c8996fb92427ae41e4649b934ca495991b7852b855
subprocess-logs/0249-jdk8_debug_BoundRawParam_original-run.stdout	0c5cb2a465e5db671d09e57d82dc7d2279cee6ef898da3154a4cac90f5c80de8
subprocess-logs/0250-jdk8_debug_BoundRawParam_jarde-BoundRawParam.stderr	512ded7eaecf54ffc3950d028e80c732999884ae8e14ec4b0d80ce71ae8fc2a4
subprocess-logs/0250-jdk8_debug_BoundRawParam_jarde-BoundRawParam.stdout	6780b9df7fd79af1b6d8e0acb289d0257a77eaa548101c8cfe3fdc3911d66eac
subprocess-logs/0251-jdk8_debug_BoundRawParam_jarde-javac.stderr	21cb1891705eaf1feabb74c48d289c65cc041b23a250bb238e0e8bb78d7b99be
subprocess-logs/0251-jdk8_debug_BoundRawParam_jarde-javac.stdout	e3b0c44298fc1c149afbf4c8996fb92427ae41e4649b934ca495991b7852b855
subprocess-logs/0252-jdk8_debug_BoundRawParam_jarde-verify-run.stderr	e3b0c44298fc1c149afbf4c8996fb92427ae41e4649b934ca495991b7852b855
subprocess-logs/0252-jdk8_debug_BoundRawParam_jarde-verify-run.stdout	0c5cb2a465e5db671d09e57d82dc7d2279cee6ef898da3154a4cac90f5c80de8
subprocess-logs/0253-jdk8_debug_BoundRawParam_jadx.stderr	e3b0c44298fc1c149afbf4c8996fb92427ae41e4649b934ca495991b7852b855
subprocess-logs/0253-jdk8_debug_BoundRawParam_jadx.stdout	3dfd59ce96c800864134bf130834b9978f02685f24f6b7c0becb24229324b61c
subprocess-logs/0254-jdk8_debug_BoundRawParam_jadx-javac.stderr	aab86521d71d233d91cddca2ad9b6045617a3e4baa8a9e900786503591843012
subprocess-logs/0254-jdk8_debug_BoundRawParam_jadx-javac.stdout	e3b0c44298fc1c149afbf4c8996fb92427ae41e4649b934ca495991b7852b855
subprocess-logs/0255-jdk8_debug_BoundRawParam_jadx-verify-run.stderr	e3b0c44298fc1c149afbf4c8996fb92427ae41e4649b934ca495991b7852b855
subprocess-logs/0255-jdk8_debug_BoundRawParam_jadx-verify-run.stdout	bdeb71e6ccb9da375831745c55c6fa5137fd29b7007948eecaea74516d6991ca
subprocess-logs/0256-jdk8_no-debug_BoundRawParam_jar-contents.stderr	e3b0c44298fc1c149afbf4c8996fb92427ae41e4649b934ca495991b7852b855
subprocess-logs/0256-jdk8_no-debug_BoundRawParam_jar-contents.stdout	075878ec5b85246aaaf568037703e8c8504af213c36e979109d2de5461da85a9
subprocess-logs/0257-jdk8_no-debug_BoundRawParam_original-javac.stderr	332b6f179045eb2cb088f970e068ab6fa31d45b9312806bfdad964b6011a5fe3
subprocess-logs/0257-jdk8_no-debug_BoundRawParam_original-javac.stdout	e3b0c44298fc1c149afbf4c8996fb92427ae41e4649b934ca495991b7852b855
subprocess-logs/0258-jdk8_no-debug_BoundRawParam_javap.stderr	e3b0c44298fc1c149afbf4c8996fb92427ae41e4649b934ca495991b7852b855
subprocess-logs/0258-jdk8_no-debug_BoundRawParam_javap.stdout	35328488ae05ff6cb9f5ea7516ee2ff849fd1910c1da48b8be5d2290ccf91aaf
subprocess-logs/0259-jdk8_no-debug_BoundRawParam_original-probe-javac.stderr	e3b0c44298fc1c149afbf4c8996fb92427ae41e4649b934ca495991b7852b855
subprocess-logs/0259-jdk8_no-debug_BoundRawParam_original-probe-javac.stdout	e3b0c44298fc1c149afbf4c8996fb92427ae41e4649b934ca495991b7852b855
subprocess-logs/0260-jdk8_no-debug_BoundRawParam_original-run.stderr	e3b0c44298fc1c149afbf4c8996fb92427ae41e4649b934ca495991b7852b855
subprocess-logs/0260-jdk8_no-debug_BoundRawParam_original-run.stdout	0c5cb2a465e5db671d09e57d82dc7d2279cee6ef898da3154a4cac90f5c80de8
subprocess-logs/0261-jdk8_no-debug_BoundRawParam_jarde-BoundRawParam.stderr	43e05254928a15059889cf13525853e38e0e3b1bb2534487bed46a5f996c3d78
subprocess-logs/0261-jdk8_no-debug_BoundRawParam_jarde-BoundRawParam.stdout	81ee814aa442d16bedb0f72f370830c16ee2069d4e84754453ae15445e258294
subprocess-logs/0262-jdk8_no-debug_BoundRawParam_jarde-javac.stderr	f66311266f3bab971bf2c276f62c8aab05a7fac31835d22a7e507fe8eedd6b5f
subprocess-logs/0262-jdk8_no-debug_BoundRawParam_jarde-javac.stdout	e3b0c44298fc1c149afbf4c8996fb92427ae41e4649b934ca495991b7852b855
subprocess-logs/0263-jdk8_no-debug_BoundRawParam_jarde-verify-run.stderr	e3b0c44298fc1c149afbf4c8996fb92427ae41e4649b934ca495991b7852b855
subprocess-logs/0263-jdk8_no-debug_BoundRawParam_jarde-verify-run.stdout	0c5cb2a465e5db671d09e57d82dc7d2279cee6ef898da3154a4cac90f5c80de8
subprocess-logs/0264-jdk8_no-debug_BoundRawParam_jadx.stderr	e3b0c44298fc1c149afbf4c8996fb92427ae41e4649b934ca495991b7852b855
subprocess-logs/0264-jdk8_no-debug_BoundRawParam_jadx.stdout	ff3fa57993ec317417372f84145824765b293e180e0e289cce7a95011027017e
subprocess-logs/0265-jdk8_no-debug_BoundRawParam_jadx-javac.stderr	f0d6db18b3418558c0c63b87b9f5741750cfae16d8e6e9bb824bf305dc0d65f6
subprocess-logs/0265-jdk8_no-debug_BoundRawParam_jadx-javac.stdout	e3b0c44298fc1c149afbf4c8996fb92427ae41e4649b934ca495991b7852b855
subprocess-logs/0266-jdk8_no-debug_BoundRawParam_jadx-verify-run.stderr	e3b0c44298fc1c149afbf4c8996fb92427ae41e4649b934ca495991b7852b855
subprocess-logs/0266-jdk8_no-debug_BoundRawParam_jadx-verify-run.stdout	bdeb71e6ccb9da375831745c55c6fa5137fd29b7007948eecaea74516d6991ca
subprocess-logs/0267-jdk8_debug_NullRawParam_jar-contents.stderr	e3b0c44298fc1c149afbf4c8996fb92427ae41e4649b934ca495991b7852b855
subprocess-logs/0267-jdk8_debug_NullRawParam_jar-contents.stdout	ec9be3c8fc3cd99b67f4aaee4928989735f2768aa23a4b40308f2268d7274f2c
subprocess-logs/0268-jdk8_debug_NullRawParam_original-javac.stderr	783fcc6f6b5a0f5a3939e21fd8140e506cab11d0d0342910949529ff8bfc74a4
subprocess-logs/0268-jdk8_debug_NullRawParam_original-javac.stdout	e3b0c44298fc1c149afbf4c8996fb92427ae41e4649b934ca495991b7852b855
subprocess-logs/0269-jdk8_debug_NullRawParam_javap.stderr	e3b0c44298fc1c149afbf4c8996fb92427ae41e4649b934ca495991b7852b855
subprocess-logs/0269-jdk8_debug_NullRawParam_javap.stdout	139d2e1df5d613b81e80530d7449c85459b12960a83cda1800ca1f8801c39daf
subprocess-logs/0270-jdk8_debug_NullRawParam_original-probe-javac.stderr	e3b0c44298fc1c149afbf4c8996fb92427ae41e4649b934ca495991b7852b855
subprocess-logs/0270-jdk8_debug_NullRawParam_original-probe-javac.stdout	e3b0c44298fc1c149afbf4c8996fb92427ae41e4649b934ca495991b7852b855
subprocess-logs/0271-jdk8_debug_NullRawParam_original-run.stderr	e3b0c44298fc1c149afbf4c8996fb92427ae41e4649b934ca495991b7852b855
subprocess-logs/0271-jdk8_debug_NullRawParam_original-run.stdout	99432d5aa83e97874597f1a0fde12c2a963ce4099787ae00fd33faff35b18418
subprocess-logs/0272-jdk8_debug_NullRawParam_jarde-NullRawParam.stderr	71cc19bc3bbaf298b2e56ae648827796305af353d25c82f632c0f3d0590cd5d9
subprocess-logs/0272-jdk8_debug_NullRawParam_jarde-NullRawParam.stdout	f60daa335370ba4b9535a79d8a6039e957fde7f7fbf1179b722b7dff8c1bb168
subprocess-logs/0273-jdk8_debug_NullRawParam_jarde-javac.stderr	aa2410051a88c42c62e8ecf87d1abb57d05ecca8b07e9b7f768c2ceb31535e6c
subprocess-logs/0273-jdk8_debug_NullRawParam_jarde-javac.stdout	e3b0c44298fc1c149afbf4c8996fb92427ae41e4649b934ca495991b7852b855
subprocess-logs/0274-jdk8_debug_NullRawParam_jarde-verify-run.stderr	e3b0c44298fc1c149afbf4c8996fb92427ae41e4649b934ca495991b7852b855
subprocess-logs/0274-jdk8_debug_NullRawParam_jarde-verify-run.stdout	99432d5aa83e97874597f1a0fde12c2a963ce4099787ae00fd33faff35b18418
subprocess-logs/0275-jdk8_debug_NullRawParam_jadx.stderr	e3b0c44298fc1c149afbf4c8996fb92427ae41e4649b934ca495991b7852b855
subprocess-logs/0275-jdk8_debug_NullRawParam_jadx.stdout	ec9d2bae2b6a51cc8c751b89dc2e455cfb7557156de85c822e2ad06f49337338
subprocess-logs/0276-jdk8_debug_NullRawParam_jadx-javac.stderr	87b5d71352007d9b062392e4514a0d64fd7896382fed41c0233efacca306420b
subprocess-logs/0276-jdk8_debug_NullRawParam_jadx-javac.stdout	e3b0c44298fc1c149afbf4c8996fb92427ae41e4649b934ca495991b7852b855
subprocess-logs/0277-jdk8_debug_NullRawParam_jadx-verify-run.stderr	e3b0c44298fc1c149afbf4c8996fb92427ae41e4649b934ca495991b7852b855
subprocess-logs/0277-jdk8_debug_NullRawParam_jadx-verify-run.stdout	f4e759450c3306919076b843e677ebd4315a206a7a08c607258e8ee49a6eb720
subprocess-logs/0278-jdk8_no-debug_NullRawParam_jar-contents.stderr	e3b0c44298fc1c149afbf4c8996fb92427ae41e4649b934ca495991b7852b855
subprocess-logs/0278-jdk8_no-debug_NullRawParam_jar-contents.stdout	ec9be3c8fc3cd99b67f4aaee4928989735f2768aa23a4b40308f2268d7274f2c
subprocess-logs/0279-jdk8_no-debug_NullRawParam_original-javac.stderr	783fcc6f6b5a0f5a3939e21fd8140e506cab11d0d0342910949529ff8bfc74a4
subprocess-logs/0279-jdk8_no-debug_NullRawParam_original-javac.stdout	e3b0c44298fc1c149afbf4c8996fb92427ae41e4649b934ca495991b7852b855
subprocess-logs/0280-jdk8_no-debug_NullRawParam_javap.stderr	e3b0c44298fc1c149afbf4c8996fb92427ae41e4649b934ca495991b7852b855
subprocess-logs/0280-jdk8_no-debug_NullRawParam_javap.stdout	9a59b31b98a5661258bcaf443731f7673ffb6ced1e6bd1a1aed6f998cc92b6f1
subprocess-logs/0281-jdk8_no-debug_NullRawParam_original-probe-javac.stderr	e3b0c44298fc1c149afbf4c8996fb92427ae41e4649b934ca495991b7852b855
subprocess-logs/0281-jdk8_no-debug_NullRawParam_original-probe-javac.stdout	e3b0c44298fc1c149afbf4c8996fb92427ae41e4649b934ca495991b7852b855
subprocess-logs/0282-jdk8_no-debug_NullRawParam_original-run.stderr	e3b0c44298fc1c149afbf4c8996fb92427ae41e4649b934ca495991b7852b855
subprocess-logs/0282-jdk8_no-debug_NullRawParam_original-run.stdout	99432d5aa83e97874597f1a0fde12c2a963ce4099787ae00fd33faff35b18418
subprocess-logs/0283-jdk8_no-debug_NullRawParam_jarde-NullRawParam.stderr	ec7a700b3b00b4e8d6ba10650c4b0b575a1fb0f9858e6c86b9b530139d534c0b
subprocess-logs/0283-jdk8_no-debug_NullRawParam_jarde-NullRawParam.stdout	d68300b3bdd64dc0a1769de4c77a88e3eebccc14b47a17dc3e1ee4f8165ca2e2
subprocess-logs/0284-jdk8_no-debug_NullRawParam_jarde-javac.stderr	43f315133c4923a7610edda9a70c5e5e5bc4e6c77d26d2f7bb61a8b4829228ee
subprocess-logs/0284-jdk8_no-debug_NullRawParam_jarde-javac.stdout	e3b0c44298fc1c149afbf4c8996fb92427ae41e4649b934ca495991b7852b855
subprocess-logs/0285-jdk8_no-debug_NullRawParam_jarde-verify-run.stderr	e3b0c44298fc1c149afbf4c8996fb92427ae41e4649b934ca495991b7852b855
subprocess-logs/0285-jdk8_no-debug_NullRawParam_jarde-verify-run.stdout	99432d5aa83e97874597f1a0fde12c2a963ce4099787ae00fd33faff35b18418
subprocess-logs/0286-jdk8_no-debug_NullRawParam_jadx.stderr	e3b0c44298fc1c149afbf4c8996fb92427ae41e4649b934ca495991b7852b855
subprocess-logs/0286-jdk8_no-debug_NullRawParam_jadx.stdout	7393298b9453bc29a7542063df31b9520944d6b38e226e20f37ed214b525f877
subprocess-logs/0287-jdk8_no-debug_NullRawParam_jadx-javac.stderr	0a3bfea9f311127ffecfe086a3d9acf7cd8f4b7086d85e7aecfd875d812caca6
subprocess-logs/0287-jdk8_no-debug_NullRawParam_jadx-javac.stdout	e3b0c44298fc1c149afbf4c8996fb92427ae41e4649b934ca495991b7852b855
subprocess-logs/0288-jdk8_no-debug_NullRawParam_jadx-verify-run.stderr	e3b0c44298fc1c149afbf4c8996fb92427ae41e4649b934ca495991b7852b855
subprocess-logs/0288-jdk8_no-debug_NullRawParam_jadx-verify-run.stdout	f4e759450c3306919076b843e677ebd4315a206a7a08c607258e8ee49a6eb720
subprocess-logs/0289-jdk8_debug_RetainedAliasRawParam_jar-contents.stderr	e3b0c44298fc1c149afbf4c8996fb92427ae41e4649b934ca495991b7852b855
subprocess-logs/0289-jdk8_debug_RetainedAliasRawParam_jar-contents.stdout	a1985b9d7beb306cabb087220b328de3b90ea1632d23bad706a4d4d2071ef201
subprocess-logs/0290-jdk8_debug_RetainedAliasRawParam_original-javac.stderr	50c41222a602d30852da3abf82e029d976424c723a93ff1708bc54b19eb25180
subprocess-logs/0290-jdk8_debug_RetainedAliasRawParam_original-javac.stdout	e3b0c44298fc1c149afbf4c8996fb92427ae41e4649b934ca495991b7852b855
subprocess-logs/0291-jdk8_debug_RetainedAliasRawParam_javap.stderr	e3b0c44298fc1c149afbf4c8996fb92427ae41e4649b934ca495991b7852b855
subprocess-logs/0291-jdk8_debug_RetainedAliasRawParam_javap.stdout	3cb057158548fc3131bab5f82e09bcb27fd50bfa5ef8d55801944101226deb0e
subprocess-logs/0292-jdk8_debug_RetainedAliasRawParam_original-probe-javac.stderr	e3b0c44298fc1c149afbf4c8996fb92427ae41e4649b934ca495991b7852b855
subprocess-logs/0292-jdk8_debug_RetainedAliasRawParam_original-probe-javac.stdout	e3b0c44298fc1c149afbf4c8996fb92427ae41e4649b934ca495991b7852b855
subprocess-logs/0293-jdk8_debug_RetainedAliasRawParam_original-run.stderr	e3b0c44298fc1c149afbf4c8996fb92427ae41e4649b934ca495991b7852b855
subprocess-logs/0293-jdk8_debug_RetainedAliasRawParam_original-run.stdout	587147b6fcdb6f90959b73653be0302d121556b4c0626fb20a88ff47291ce8ff
subprocess-logs/0294-jdk8_debug_RetainedAliasRawParam_jarde-RetainedAliasRawParam.stderr	662716da726f50adb6c29a1839e23cdb4e451b34a9e9883afecb9e9519ab9288
subprocess-logs/0294-jdk8_debug_RetainedAliasRawParam_jarde-RetainedAliasRawParam.stdout	67c03164c7f4c286881d760c247bdc8ed73c851a4377db2751830cc607eb3f89
subprocess-logs/0295-jdk8_debug_RetainedAliasRawParam_jarde-javac.stderr	d4b482c879f7a3cc989245903c11ee5796526ea1c11b9952a9320f5c5257e179
subprocess-logs/0295-jdk8_debug_RetainedAliasRawParam_jarde-javac.stdout	e3b0c44298fc1c149afbf4c8996fb92427ae41e4649b934ca495991b7852b855
subprocess-logs/0296-jdk8_debug_RetainedAliasRawParam_jarde-verify-run.stderr	e3b0c44298fc1c149afbf4c8996fb92427ae41e4649b934ca495991b7852b855
subprocess-logs/0296-jdk8_debug_RetainedAliasRawParam_jarde-verify-run.stdout	587147b6fcdb6f90959b73653be0302d121556b4c0626fb20a88ff47291ce8ff
subprocess-logs/0297-jdk8_debug_RetainedAliasRawParam_jadx.stderr	e3b0c44298fc1c149afbf4c8996fb92427ae41e4649b934ca495991b7852b855
subprocess-logs/0297-jdk8_debug_RetainedAliasRawParam_jadx.stdout	d1ef089fa57f0c1b67f1e74c86849fff6e124880012136fa02c925a6c0db7115
subprocess-logs/0298-jdk8_debug_RetainedAliasRawParam_jadx-javac.stderr	1be0873dd0f9e5f70ef9489b8f8be6dd4e9b49419b8a551b72aa462d5daedeea
subprocess-logs/0298-jdk8_debug_RetainedAliasRawParam_jadx-javac.stdout	e3b0c44298fc1c149afbf4c8996fb92427ae41e4649b934ca495991b7852b855
subprocess-logs/0299-jdk8_debug_RetainedAliasRawParam_jadx-verify-run.stderr	e3b0c44298fc1c149afbf4c8996fb92427ae41e4649b934ca495991b7852b855
subprocess-logs/0299-jdk8_debug_RetainedAliasRawParam_jadx-verify-run.stdout	f92fd71052669f4c2419e8516949617f14ee858caeb232d80d63117f41ea2d94
subprocess-logs/0300-jdk8_no-debug_RetainedAliasRawParam_jar-contents.stderr	e3b0c44298fc1c149afbf4c8996fb92427ae41e4649b934ca495991b7852b855
subprocess-logs/0300-jdk8_no-debug_RetainedAliasRawParam_jar-contents.stdout	a1985b9d7beb306cabb087220b328de3b90ea1632d23bad706a4d4d2071ef201
subprocess-logs/0301-jdk8_no-debug_RetainedAliasRawParam_original-javac.stderr	50c41222a602d30852da3abf82e029d976424c723a93ff1708bc54b19eb25180
subprocess-logs/0301-jdk8_no-debug_RetainedAliasRawParam_original-javac.stdout	e3b0c44298fc1c149afbf4c8996fb92427ae41e4649b934ca495991b7852b855
subprocess-logs/0302-jdk8_no-debug_RetainedAliasRawParam_javap.stderr	e3b0c44298fc1c149afbf4c8996fb92427ae41e4649b934ca495991b7852b855
subprocess-logs/0302-jdk8_no-debug_RetainedAliasRawParam_javap.stdout	b9fe7985316c785d39a3760244459ca1200626315058c1b0a2d5baa16cb822cb
subprocess-logs/0303-jdk8_no-debug_RetainedAliasRawParam_original-probe-javac.stderr	e3b0c44298fc1c149afbf4c8996fb92427ae41e4649b934ca495991b7852b855
subprocess-logs/0303-jdk8_no-debug_RetainedAliasRawParam_original-probe-javac.stdout	e3b0c44298fc1c149afbf4c8996fb92427ae41e4649b934ca495991b7852b855
subprocess-logs/0304-jdk8_no-debug_RetainedAliasRawParam_original-run.stderr	e3b0c44298fc1c149afbf4c8996fb92427ae41e4649b934ca495991b7852b855
subprocess-logs/0304-jdk8_no-debug_RetainedAliasRawParam_original-run.stdout	587147b6fcdb6f90959b73653be0302d121556b4c0626fb20a88ff47291ce8ff
subprocess-logs/0305-jdk8_no-debug_RetainedAliasRawParam_jarde-RetainedAliasRawParam.stderr	5e97caf8081a4f405abd05d0498fa2740650b40202619e9ce601a52666aeb615
subprocess-logs/0305-jdk8_no-debug_RetainedAliasRawParam_jarde-RetainedAliasRawParam.stdout	e3536151d6425f7cf9e601be73cd6fccdb94be39c2157ee6ae0f84a8c7d364e5
subprocess-logs/0306-jdk8_no-debug_RetainedAliasRawParam_jarde-javac.stderr	5fff70d1e49a7cfe17aa1baeec9abe0280ccd75e2a2e35962fe060387e19a9a7
subprocess-logs/0306-jdk8_no-debug_RetainedAliasRawParam_jarde-javac.stdout	e3b0c44298fc1c149afbf4c8996fb92427ae41e4649b934ca495991b7852b855
subprocess-logs/0307-jdk8_no-debug_RetainedAliasRawParam_jarde-verify-run.stderr	e3b0c44298fc1c149afbf4c8996fb92427ae41e4649b934ca495991b7852b855
subprocess-logs/0307-jdk8_no-debug_RetainedAliasRawParam_jarde-verify-run.stdout	587147b6fcdb6f90959b73653be0302d121556b4c0626fb20a88ff47291ce8ff
subprocess-logs/0308-jdk8_no-debug_RetainedAliasRawParam_jadx.stderr	e3b0c44298fc1c149afbf4c8996fb92427ae41e4649b934ca495991b7852b855
subprocess-logs/0308-jdk8_no-debug_RetainedAliasRawParam_jadx.stdout	951f17f1a16584b4f80053e3a69eef807771cb537469c860819d8c7546d08017
subprocess-logs/0309-jdk8_no-debug_RetainedAliasRawParam_jadx-javac.stderr	c89d9cb04b733c34d32ef7f91ea34b31fb2b8b2735d7a73a981619aef3784f16
subprocess-logs/0309-jdk8_no-debug_RetainedAliasRawParam_jadx-javac.stdout	e3b0c44298fc1c149afbf4c8996fb92427ae41e4649b934ca495991b7852b855
subprocess-logs/0310-jdk8_no-debug_RetainedAliasRawParam_jadx-verify-run.stderr	e3b0c44298fc1c149afbf4c8996fb92427ae41e4649b934ca495991b7852b855
subprocess-logs/0310-jdk8_no-debug_RetainedAliasRawParam_jadx-verify-run.stdout	f92fd71052669f4c2419e8516949617f14ee858caeb232d80d63117f41ea2d94
subprocess-logs/0311-jdk8_debug_MultiFormalRawParam_jar-contents.stderr	e3b0c44298fc1c149afbf4c8996fb92427ae41e4649b934ca495991b7852b855
subprocess-logs/0311-jdk8_debug_MultiFormalRawParam_jar-contents.stdout	4bc05ecbba4968bacfc686b7e4b7523216b1c1705eac9aef254aaff653bf7e55
subprocess-logs/0312-jdk8_debug_MultiFormalRawParam_original-javac.stderr	a7aac962d457f5d861ff850678dc960f9c140ea9b8b48cd9fdb25d20133bc9dd
subprocess-logs/0312-jdk8_debug_MultiFormalRawParam_original-javac.stdout	e3b0c44298fc1c149afbf4c8996fb92427ae41e4649b934ca495991b7852b855
subprocess-logs/0313-jdk8_debug_MultiFormalRawParam_javap.stderr	e3b0c44298fc1c149afbf4c8996fb92427ae41e4649b934ca495991b7852b855
subprocess-logs/0313-jdk8_debug_MultiFormalRawParam_javap.stdout	dd1d4e622d2f408c5f5449b163dce274f44ce66b401816ce045a25ad1fc513c7
subprocess-logs/0314-jdk8_debug_MultiFormalRawParam_original-probe-javac.stderr	e3b0c44298fc1c149afbf4c8996fb92427ae41e4649b934ca495991b7852b855
subprocess-logs/0314-jdk8_debug_MultiFormalRawParam_original-probe-javac.stdout	e3b0c44298fc1c149afbf4c8996fb92427ae41e4649b934ca495991b7852b855
subprocess-logs/0315-jdk8_debug_MultiFormalRawParam_original-run.stderr	e3b0c44298fc1c149afbf4c8996fb92427ae41e4649b934ca495991b7852b855
subprocess-logs/0315-jdk8_debug_MultiFormalRawParam_original-run.stdout	6d16de1512a82cf13a56f94903001249dbfdb1ab81b29b817616448334e1d0c4
subprocess-logs/0316-jdk8_debug_MultiFormalRawParam_jarde-MultiFormalRawParam.stderr	148f230b6bc8acce793cc25cbd39473a740979c5c8669d9da450b0a0d19c4afb
subprocess-logs/0316-jdk8_debug_MultiFormalRawParam_jarde-MultiFormalRawParam.stdout	f619dc6de622abbbb601490c87b29154ed05f1dc9da16fd08f994de9faa1e729
subprocess-logs/0317-jdk8_debug_MultiFormalRawParam_jarde-javac.stderr	56d06e81d9450a398e86663cb1fb2743644c96dac4fa3d033243c3ba424d1120
subprocess-logs/0317-jdk8_debug_MultiFormalRawParam_jarde-javac.stdout	e3b0c44298fc1c149afbf4c8996fb92427ae41e4649b934ca495991b7852b855
subprocess-logs/0318-jdk8_debug_MultiFormalRawParam_jarde-verify-run.stderr	e3b0c44298fc1c149afbf4c8996fb92427ae41e4649b934ca495991b7852b855
subprocess-logs/0318-jdk8_debug_MultiFormalRawParam_jarde-verify-run.stdout	8bc5d0b9f7ed8f8820c0a056a24f74615b3e6104dd1ccada41aee9975df41485
subprocess-logs/0319-jdk8_debug_MultiFormalRawParam_jadx.stderr	e3b0c44298fc1c149afbf4c8996fb92427ae41e4649b934ca495991b7852b855
subprocess-logs/0319-jdk8_debug_MultiFormalRawParam_jadx.stdout	ffb4f76ca5f11edd07e2571e0ccd8f272d7cd2414d0bf1cde8ee9e42d0895b2f
subprocess-logs/0320-jdk8_debug_MultiFormalRawParam_jadx-javac.stderr	7fa2a30978bf8ea3fdfa9735f0a8e1c25d42097917623de2cc6f85d9fb2bc658
subprocess-logs/0320-jdk8_debug_MultiFormalRawParam_jadx-javac.stdout	e3b0c44298fc1c149afbf4c8996fb92427ae41e4649b934ca495991b7852b855
subprocess-logs/0321-jdk8_debug_MultiFormalRawParam_jadx-verify-run.stderr	e3b0c44298fc1c149afbf4c8996fb92427ae41e4649b934ca495991b7852b855
subprocess-logs/0321-jdk8_debug_MultiFormalRawParam_jadx-verify-run.stdout	8d284d37fb44425659f63776c8f684d596146724e653b1147b4adc2b7c50d4e2
subprocess-logs/0322-jdk8_no-debug_MultiFormalRawParam_jar-contents.stderr	e3b0c44298fc1c149afbf4c8996fb92427ae41e4649b934ca495991b7852b855
subprocess-logs/0322-jdk8_no-debug_MultiFormalRawParam_jar-contents.stdout	4bc05ecbba4968bacfc686b7e4b7523216b1c1705eac9aef254aaff653bf7e55
subprocess-logs/0323-jdk8_no-debug_MultiFormalRawParam_original-javac.stderr	a7aac962d457f5d861ff850678dc960f9c140ea9b8b48cd9fdb25d20133bc9dd
subprocess-logs/0323-jdk8_no-debug_MultiFormalRawParam_original-javac.stdout	e3b0c44298fc1c149afbf4c8996fb92427ae41e4649b934ca495991b7852b855
subprocess-logs/0324-jdk8_no-debug_MultiFormalRawParam_javap.stderr	e3b0c44298fc1c149afbf4c8996fb92427ae41e4649b934ca495991b7852b855
subprocess-logs/0324-jdk8_no-debug_MultiFormalRawParam_javap.stdout	576d418084006c3432ae54bde722c5e1f3329fa92d098f3b84fce07ff58a8b83
subprocess-logs/0325-jdk8_no-debug_MultiFormalRawParam_original-probe-javac.stderr	e3b0c44298fc1c149afbf4c8996fb92427ae41e4649b934ca495991b7852b855
subprocess-logs/0325-jdk8_no-debug_MultiFormalRawParam_original-probe-javac.stdout	e3b0c44298fc1c149afbf4c8996fb92427ae41e4649b934ca495991b7852b855
subprocess-logs/0326-jdk8_no-debug_MultiFormalRawParam_original-run.stderr	e3b0c44298fc1c149afbf4c8996fb92427ae41e4649b934ca495991b7852b855
subprocess-logs/0326-jdk8_no-debug_MultiFormalRawParam_original-run.stdout	6d16de1512a82cf13a56f94903001249dbfdb1ab81b29b817616448334e1d0c4
subprocess-logs/0327-jdk8_no-debug_MultiFormalRawParam_jarde-MultiFormalRawParam.stderr	2a6b5e62f9713658a05e912f22f657b9d83478f27db2125d4f81c4c023311a3a
subprocess-logs/0327-jdk8_no-debug_MultiFormalRawParam_jarde-MultiFormalRawParam.stdout	25dc6e16e8b9f5a62fe2333fe44c3491fde8f6d40b762bca42951af6d817bbd1
subprocess-logs/0328-jdk8_no-debug_MultiFormalRawParam_jarde-javac.stderr	ed0e298725ccf8ba93e6b9bba932b348b695678deba76aa6f08e6cf076885028
subprocess-logs/0328-jdk8_no-debug_MultiFormalRawParam_jarde-javac.stdout	e3b0c44298fc1c149afbf4c8996fb92427ae41e4649b934ca495991b7852b855
subprocess-logs/0329-jdk8_no-debug_MultiFormalRawParam_jarde-verify-run.stderr	e3b0c44298fc1c149afbf4c8996fb92427ae41e4649b934ca495991b7852b855
subprocess-logs/0329-jdk8_no-debug_MultiFormalRawParam_jarde-verify-run.stdout	8bc5d0b9f7ed8f8820c0a056a24f74615b3e6104dd1ccada41aee9975df41485
subprocess-logs/0330-jdk8_no-debug_MultiFormalRawParam_jadx.stderr	e3b0c44298fc1c149afbf4c8996fb92427ae41e4649b934ca495991b7852b855
subprocess-logs/0330-jdk8_no-debug_MultiFormalRawParam_jadx.stdout	aa819c682c36879eede99ea270259db6214ee2b938465950d1c972a42feaf757
subprocess-logs/0331-jdk8_no-debug_MultiFormalRawParam_jadx-javac.stderr	d1ea53f2bdd3b830cdab17a0628088f1bc071b97ba315e935e947fb7b13fb056
subprocess-logs/0331-jdk8_no-debug_MultiFormalRawParam_jadx-javac.stdout	e3b0c44298fc1c149afbf4c8996fb92427ae41e4649b934ca495991b7852b855
subprocess-logs/0332-jdk8_no-debug_MultiFormalRawParam_jadx-verify-run.stderr	e3b0c44298fc1c149afbf4c8996fb92427ae41e4649b934ca495991b7852b855
subprocess-logs/0332-jdk8_no-debug_MultiFormalRawParam_jadx-verify-run.stdout	8d284d37fb44425659f63776c8f684d596146724e653b1147b4adc2b7c50d4e2
subprocess-logs/0333-jdk8_debug_RawOwnerChild_jar-contents.stderr	e3b0c44298fc1c149afbf4c8996fb92427ae41e4649b934ca495991b7852b855
subprocess-logs/0333-jdk8_debug_RawOwnerChild_jar-contents.stdout	8fe6ebef204dbd6d19631ba48bbbd5ec4ae5213f3712a9629e2c6cdec917a44e
subprocess-logs/0334-jdk8_debug_RawOwnerChild_original-javac.stderr	cf3d4c7f34177b900bd060a9f1e86b0bed36e944062b3a5d915bb4b052d6ba47
subprocess-logs/0334-jdk8_debug_RawOwnerChild_original-javac.stdout	e3b0c44298fc1c149afbf4c8996fb92427ae41e4649b934ca495991b7852b855
subprocess-logs/0335-jdk8_debug_RawOwnerChild_javap.stderr	e3b0c44298fc1c149afbf4c8996fb92427ae41e4649b934ca495991b7852b855
subprocess-logs/0335-jdk8_debug_RawOwnerChild_javap.stdout	a3a1264e9c4e89058dde177c37e9e84d5d04b0241e271244df647a02a10108f8
subprocess-logs/0336-jdk8_debug_RawOwnerChild_original-probe-javac.stderr	e3b0c44298fc1c149afbf4c8996fb92427ae41e4649b934ca495991b7852b855
subprocess-logs/0336-jdk8_debug_RawOwnerChild_original-probe-javac.stdout	e3b0c44298fc1c149afbf4c8996fb92427ae41e4649b934ca495991b7852b855
subprocess-logs/0337-jdk8_debug_RawOwnerChild_original-run.stderr	e3b0c44298fc1c149afbf4c8996fb92427ae41e4649b934ca495991b7852b855
subprocess-logs/0337-jdk8_debug_RawOwnerChild_original-run.stdout	c25e0c82c8f818f082f08ceef41ac63b15ed1ce4bb020bcf1eff5396c577b047
subprocess-logs/0338-jdk8_debug_RawOwnerChild_jarde-RawOwnerChild.stderr	c3557c4d5eaad6a041d16ea5ac9e910639ad677f617c14b9689a3fb89bd32b08
subprocess-logs/0338-jdk8_debug_RawOwnerChild_jarde-RawOwnerChild.stdout	85654234ed265aea8c2af90fe4353ca2be2b352c36d98476b0f89a9661e064cd
subprocess-logs/0339-jdk8_debug_RawOwnerChild_jarde-RawOwnerBase.stderr	fd58e33beeab47116595be498ad7f2c02edded3610e13962d37caab229ffb3d0
subprocess-logs/0339-jdk8_debug_RawOwnerChild_jarde-RawOwnerBase.stdout	f400195673e17b46cfe5e1ecf2dfa6ad1e569fc2a83c23d92202a00ba21aba24
subprocess-logs/0340-jdk8_debug_RawOwnerChild_jarde-javac.stderr	2d31a7d5495004057c24028e8e9e146fdca12b8920dba5d94d6d4f0ed05e52ee
subprocess-logs/0340-jdk8_debug_RawOwnerChild_jarde-javac.stdout	e3b0c44298fc1c149afbf4c8996fb92427ae41e4649b934ca495991b7852b855
subprocess-logs/0341-jdk8_debug_RawOwnerChild_jarde-verify-run.stderr	e3b0c44298fc1c149afbf4c8996fb92427ae41e4649b934ca495991b7852b855
subprocess-logs/0341-jdk8_debug_RawOwnerChild_jarde-verify-run.stdout	e65da6d8f2478e3a0b6f43759b106518ecb2b77f17bd072cf737ed70a4ac28ad
subprocess-logs/0342-jdk8_debug_RawOwnerChild_jadx.stderr	e3b0c44298fc1c149afbf4c8996fb92427ae41e4649b934ca495991b7852b855
subprocess-logs/0342-jdk8_debug_RawOwnerChild_jadx.stdout	6c98674d5819aff5b0ce8c68cf3ece4cbebd831816c7f8632c268444656056d5
subprocess-logs/0343-jdk8_debug_RawOwnerChild_jadx-javac.stderr	3ed60a587b5c438cb3f95989e30fb7cee191fe73dcd1a0d2bd8d5010c7e5f1cd
subprocess-logs/0343-jdk8_debug_RawOwnerChild_jadx-javac.stdout	e3b0c44298fc1c149afbf4c8996fb92427ae41e4649b934ca495991b7852b855
subprocess-logs/0344-jdk8_debug_RawOwnerChild_jadx-verify-run.stderr	e3b0c44298fc1c149afbf4c8996fb92427ae41e4649b934ca495991b7852b855
subprocess-logs/0344-jdk8_debug_RawOwnerChild_jadx-verify-run.stdout	2404a47a7f7c206decbce521d1ad8ca2966f33929a01a6e1cd462d7eda65b76b
subprocess-logs/0345-jdk8_no-debug_RawOwnerChild_jar-contents.stderr	e3b0c44298fc1c149afbf4c8996fb92427ae41e4649b934ca495991b7852b855
subprocess-logs/0345-jdk8_no-debug_RawOwnerChild_jar-contents.stdout	8fe6ebef204dbd6d19631ba48bbbd5ec4ae5213f3712a9629e2c6cdec917a44e
subprocess-logs/0346-jdk8_no-debug_RawOwnerChild_original-javac.stderr	cf3d4c7f34177b900bd060a9f1e86b0bed36e944062b3a5d915bb4b052d6ba47
subprocess-logs/0346-jdk8_no-debug_RawOwnerChild_original-javac.stdout	e3b0c44298fc1c149afbf4c8996fb92427ae41e4649b934ca495991b7852b855
subprocess-logs/0347-jdk8_no-debug_RawOwnerChild_javap.stderr	e3b0c44298fc1c149afbf4c8996fb92427ae41e4649b934ca495991b7852b855
subprocess-logs/0347-jdk8_no-debug_RawOwnerChild_javap.stdout	4b6867ba7a8ffd26d6b4167344e0025c5756c4895040f1f7d5ebe1ad40a3deed
subprocess-logs/0348-jdk8_no-debug_RawOwnerChild_original-probe-javac.stderr	e3b0c44298fc1c149afbf4c8996fb92427ae41e4649b934ca495991b7852b855
subprocess-logs/0348-jdk8_no-debug_RawOwnerChild_original-probe-javac.stdout	e3b0c44298fc1c149afbf4c8996fb92427ae41e4649b934ca495991b7852b855
subprocess-logs/0349-jdk8_no-debug_RawOwnerChild_original-run.stderr	e3b0c44298fc1c149afbf4c8996fb92427ae41e4649b934ca495991b7852b855
subprocess-logs/0349-jdk8_no-debug_RawOwnerChild_original-run.stdout	c25e0c82c8f818f082f08ceef41ac63b15ed1ce4bb020bcf1eff5396c577b047
subprocess-logs/0350-jdk8_no-debug_RawOwnerChild_jarde-RawOwnerChild.stderr	dca497edfa2baca8b0c28e053af7ba23ebf99929cde2cccb6c73650c05b90d52
subprocess-logs/0350-jdk8_no-debug_RawOwnerChild_jarde-RawOwnerChild.stdout	8bc50b0f6cb5bc0a65e96706a623c1fc4bc19fa7d9d3586ebaace845198a1015
subprocess-logs/0351-jdk8_no-debug_RawOwnerChild_jarde-RawOwnerBase.stderr	1275020ed5302c0eb41f6bd41f53fe6dcf77dd83b8b687d91eb9efc678212426
subprocess-logs/0351-jdk8_no-debug_RawOwnerChild_jarde-RawOwnerBase.stdout	f400195673e17b46cfe5e1ecf2dfa6ad1e569fc2a83c23d92202a00ba21aba24
subprocess-logs/0352-jdk8_no-debug_RawOwnerChild_jarde-javac.stderr	b1618ff341b11cc0d0fbc34cc54961cfb8fde64bd1929a4218f57de1e3d5d19b
subprocess-logs/0352-jdk8_no-debug_RawOwnerChild_jarde-javac.stdout	e3b0c44298fc1c149afbf4c8996fb92427ae41e4649b934ca495991b7852b855
subprocess-logs/0353-jdk8_no-debug_RawOwnerChild_jarde-verify-run.stderr	e3b0c44298fc1c149afbf4c8996fb92427ae41e4649b934ca495991b7852b855
subprocess-logs/0353-jdk8_no-debug_RawOwnerChild_jarde-verify-run.stdout	e65da6d8f2478e3a0b6f43759b106518ecb2b77f17bd072cf737ed70a4ac28ad
subprocess-logs/0354-jdk8_no-debug_RawOwnerChild_jadx.stderr	e3b0c44298fc1c149afbf4c8996fb92427ae41e4649b934ca495991b7852b855
subprocess-logs/0354-jdk8_no-debug_RawOwnerChild_jadx.stdout	6c98674d5819aff5b0ce8c68cf3ece4cbebd831816c7f8632c268444656056d5
subprocess-logs/0355-jdk8_no-debug_RawOwnerChild_jadx-javac.stderr	17145b66ac9a3f250924442a7ec75a6df5846636134c9bb8ec621f1069bacc76
subprocess-logs/0355-jdk8_no-debug_RawOwnerChild_jadx-javac.stdout	e3b0c44298fc1c149afbf4c8996fb92427ae41e4649b934ca495991b7852b855
subprocess-logs/0356-jdk8_no-debug_RawOwnerChild_jadx-verify-run.stderr	e3b0c44298fc1c149afbf4c8996fb92427ae41e4649b934ca495991b7852b855
subprocess-logs/0356-jdk8_no-debug_RawOwnerChild_jadx-verify-run.stdout	2404a47a7f7c206decbce521d1ad8ca2966f33929a01a6e1cd462d7eda65b76b
subprocess-logs/0357-jdk23_versions_java.stderr	11d9a1559a3f4fab380e536f54e14acacdbd9fb56e147f04a9cc4723e3c229f7
subprocess-logs/0357-jdk23_versions_java.stdout	e3b0c44298fc1c149afbf4c8996fb92427ae41e4649b934ca495991b7852b855
subprocess-logs/0358-jdk23_versions_javac.stderr	e3b0c44298fc1c149afbf4c8996fb92427ae41e4649b934ca495991b7852b855
subprocess-logs/0358-jdk23_versions_javac.stdout	8b08d363e50e3d8f80fe38c5910e7f52b3e267b192efacb74878c7103361d3cd
subprocess-logs/0359-jdk23_debug_RawParam_jar-contents.stderr	e3b0c44298fc1c149afbf4c8996fb92427ae41e4649b934ca495991b7852b855
subprocess-logs/0359-jdk23_debug_RawParam_jar-contents.stdout	f05bc4ea2d7bc579f4987b4528010f3e37b2499a541d17b872ac93047629c0ee
subprocess-logs/0360-jdk23_debug_RawParam_original-javac.stderr	8389e79b0f23f4372bad2237b4863ba2d51fb3233437096c41b12e18cb18a541
subprocess-logs/0360-jdk23_debug_RawParam_original-javac.stdout	e3b0c44298fc1c149afbf4c8996fb92427ae41e4649b934ca495991b7852b855
subprocess-logs/0361-jdk23_debug_RawParam_javap.stderr	e3b0c44298fc1c149afbf4c8996fb92427ae41e4649b934ca495991b7852b855
subprocess-logs/0361-jdk23_debug_RawParam_javap.stdout	643f960b952233003d168002eff538f1174de04eaf360b4fed0e1bf87c87fc49
subprocess-logs/0362-jdk23_debug_RawParam_original-probe-javac.stderr	4f875b75f0bac1d971d8fc3ab19a64d5d92273f61235f2bb734eed34ab07458f
subprocess-logs/0362-jdk23_debug_RawParam_original-probe-javac.stdout	e3b0c44298fc1c149afbf4c8996fb92427ae41e4649b934ca495991b7852b855
subprocess-logs/0363-jdk23_debug_RawParam_original-run.stderr	e3b0c44298fc1c149afbf4c8996fb92427ae41e4649b934ca495991b7852b855
subprocess-logs/0363-jdk23_debug_RawParam_original-run.stdout	6a2e3f1a9739b680582fea7e805eed4d712c0aaa5f345bb00d8449a502e68b6d
subprocess-logs/0364-jdk23_debug_RawParam_jarde-RawParam.stderr	3d2a646d1a2c0fe40254e0e2953d7f695c390a586b81c4274d573e1436ea07a2
subprocess-logs/0364-jdk23_debug_RawParam_jarde-RawParam.stdout	e086985b6879bfbebb341e501fb7f963bc33d5623ac87904b40e011163135e9b
subprocess-logs/0365-jdk23_debug_RawParam_jarde-javac.stderr	b8d202173f7689b0e2bfedb0bd0cc4c0ee265bfc9e91f4becec2d7c21a9b191a
subprocess-logs/0365-jdk23_debug_RawParam_jarde-javac.stdout	e3b0c44298fc1c149afbf4c8996fb92427ae41e4649b934ca495991b7852b855
subprocess-logs/0366-jdk23_debug_RawParam_jarde-verify-run.stderr	e3b0c44298fc1c149afbf4c8996fb92427ae41e4649b934ca495991b7852b855
subprocess-logs/0366-jdk23_debug_RawParam_jarde-verify-run.stdout	6a2e3f1a9739b680582fea7e805eed4d712c0aaa5f345bb00d8449a502e68b6d
subprocess-logs/0367-jdk23_debug_RawParam_jadx.stderr	e3b0c44298fc1c149afbf4c8996fb92427ae41e4649b934ca495991b7852b855
subprocess-logs/0367-jdk23_debug_RawParam_jadx.stdout	ac574cfbae19b54a05d33b72462c30848e716a4d47acfc8c3acccfa70eeb6fe0
subprocess-logs/0368-jdk23_debug_RawParam_jadx-javac.stderr	9919424b1830edd5ebea526df3a2122485b3a3430a8eb6bb842c460fd2741ee1
subprocess-logs/0368-jdk23_debug_RawParam_jadx-javac.stdout	e3b0c44298fc1c149afbf4c8996fb92427ae41e4649b934ca495991b7852b855
subprocess-logs/0369-jdk23_debug_RawParam_jadx-verify-run.stderr	e3b0c44298fc1c149afbf4c8996fb92427ae41e4649b934ca495991b7852b855
subprocess-logs/0369-jdk23_debug_RawParam_jadx-verify-run.stdout	33b65814b563635c3b26f292f11a234ec9eda87fc8bbf5409c3fc0f323ad9d3d
subprocess-logs/0370-jdk23_no-debug_RawParam_jar-contents.stderr	e3b0c44298fc1c149afbf4c8996fb92427ae41e4649b934ca495991b7852b855
subprocess-logs/0370-jdk23_no-debug_RawParam_jar-contents.stdout	f05bc4ea2d7bc579f4987b4528010f3e37b2499a541d17b872ac93047629c0ee
subprocess-logs/0371-jdk23_no-debug_RawParam_original-javac.stderr	8389e79b0f23f4372bad2237b4863ba2d51fb3233437096c41b12e18cb18a541
subprocess-logs/0371-jdk23_no-debug_RawParam_original-javac.stdout	e3b0c44298fc1c149afbf4c8996fb92427ae41e4649b934ca495991b7852b855
subprocess-logs/0372-jdk23_no-debug_RawParam_javap.stderr	e3b0c44298fc1c149afbf4c8996fb92427ae41e4649b934ca495991b7852b855
subprocess-logs/0372-jdk23_no-debug_RawParam_javap.stdout	da4a2617e0e141bd47eda6588e1493e538f200232d07ad2b4b45a375ba72b62a
subprocess-logs/0373-jdk23_no-debug_RawParam_original-probe-javac.stderr	4f875b75f0bac1d971d8fc3ab19a64d5d92273f61235f2bb734eed34ab07458f
subprocess-logs/0373-jdk23_no-debug_RawParam_original-probe-javac.stdout	e3b0c44298fc1c149afbf4c8996fb92427ae41e4649b934ca495991b7852b855
subprocess-logs/0374-jdk23_no-debug_RawParam_original-run.stderr	e3b0c44298fc1c149afbf4c8996fb92427ae41e4649b934ca495991b7852b855
subprocess-logs/0374-jdk23_no-debug_RawParam_original-run.stdout	6a2e3f1a9739b680582fea7e805eed4d712c0aaa5f345bb00d8449a502e68b6d
subprocess-logs/0375-jdk23_no-debug_RawParam_jarde-RawParam.stderr	0cdc73554045d79832f102c60a1ad9c6c2ed8daf99506a60f4e60327a2c394cc
subprocess-logs/0375-jdk23_no-debug_RawParam_jarde-RawParam.stdout	deadf9d5abebeb93b29bb8330dd107c0f9f84ba1ddfa430103fcb8261f91caa4
subprocess-logs/0376-jdk23_no-debug_RawParam_jarde-javac.stderr	23df8d374f5c69c0d51fa55c7318b4a9cb8364beda42a08f442c9443d1e33cc1
subprocess-logs/0376-jdk23_no-debug_RawParam_jarde-javac.stdout	e3b0c44298fc1c149afbf4c8996fb92427ae41e4649b934ca495991b7852b855
subprocess-logs/0377-jdk23_no-debug_RawParam_jarde-verify-run.stderr	e3b0c44298fc1c149afbf4c8996fb92427ae41e4649b934ca495991b7852b855
subprocess-logs/0377-jdk23_no-debug_RawParam_jarde-verify-run.stdout	6a2e3f1a9739b680582fea7e805eed4d712c0aaa5f345bb00d8449a502e68b6d
subprocess-logs/0378-jdk23_no-debug_RawParam_jadx.stderr	e3b0c44298fc1c149afbf4c8996fb92427ae41e4649b934ca495991b7852b855
subprocess-logs/0378-jdk23_no-debug_RawParam_jadx.stdout	66789e6f2c6a6f0596756420418fb3a7b3b12b094365ef8971c8535060805783
subprocess-logs/0379-jdk23_no-debug_RawParam_jadx-javac.stderr	d00aa57f72ac1e9062cc47e77df05be5d54c8020472a76f488241ec4431ef913
subprocess-logs/0379-jdk23_no-debug_RawParam_jadx-javac.stdout	e3b0c44298fc1c149afbf4c8996fb92427ae41e4649b934ca495991b7852b855
subprocess-logs/0380-jdk23_no-debug_RawParam_jadx-verify-run.stderr	e3b0c44298fc1c149afbf4c8996fb92427ae41e4649b934ca495991b7852b855
subprocess-logs/0380-jdk23_no-debug_RawParam_jadx-verify-run.stdout	33b65814b563635c3b26f292f11a234ec9eda87fc8bbf5409c3fc0f323ad9d3d
subprocess-logs/0381-jdk23_debug_StaticRawLocal_jar-contents.stderr	e3b0c44298fc1c149afbf4c8996fb92427ae41e4649b934ca495991b7852b855
subprocess-logs/0381-jdk23_debug_StaticRawLocal_jar-contents.stdout	fb8ff04b200dd376807a9a425a37f1a645e63a3f90b47df4f84e407b0fed9d07
subprocess-logs/0382-jdk23_debug_StaticRawLocal_original-javac.stderr	ff48daff02375611c7eea7f5e0f7a5b1593a6e606f2c6bbce7202ad661436d66
subprocess-logs/0382-jdk23_debug_StaticRawLocal_original-javac.stdout	e3b0c44298fc1c149afbf4c8996fb92427ae41e4649b934ca495991b7852b855
subprocess-logs/0383-jdk23_debug_StaticRawLocal_javap.stderr	e3b0c44298fc1c149afbf4c8996fb92427ae41e4649b934ca495991b7852b855
subprocess-logs/0383-jdk23_debug_StaticRawLocal_javap.stdout	3c02dbbd54549b6584dcc4fda9101a47af57af55262067b96d7fcc0a3d769992
subprocess-logs/0384-jdk23_debug_StaticRawLocal_original-probe-javac.stderr	4f875b75f0bac1d971d8fc3ab19a64d5d92273f61235f2bb734eed34ab07458f
subprocess-logs/0384-jdk23_debug_StaticRawLocal_original-probe-javac.stdout	e3b0c44298fc1c149afbf4c8996fb92427ae41e4649b934ca495991b7852b855
subprocess-logs/0385-jdk23_debug_StaticRawLocal_original-run.stderr	e3b0c44298fc1c149afbf4c8996fb92427ae41e4649b934ca495991b7852b855
subprocess-logs/0385-jdk23_debug_StaticRawLocal_original-run.stdout	25ea87cacc91c856b41331c020cf776ffda40333d737cff0309fadf5141463b0
subprocess-logs/0386-jdk23_debug_StaticRawLocal_jarde-StaticRawLocal.stderr	4da2a719b57c26946cf8d8204e609996e2a71efb22311f253b722302e17f756d
subprocess-logs/0386-jdk23_debug_StaticRawLocal_jarde-StaticRawLocal.stdout	9ec274de3d0847441e7de73ff79a6d027179b6c14306c18643ee8e2346b54332
subprocess-logs/0387-jdk23_debug_StaticRawLocal_jarde-javac.stderr	549cc0accf8d3375cf5c3c8f54655e32aea7cb86c42211d60a351b0e07af6c88
subprocess-logs/0387-jdk23_debug_StaticRawLocal_jarde-javac.stdout	e3b0c44298fc1c149afbf4c8996fb92427ae41e4649b934ca495991b7852b855
subprocess-logs/0388-jdk23_debug_StaticRawLocal_jarde-verify-run.stderr	e3b0c44298fc1c149afbf4c8996fb92427ae41e4649b934ca495991b7852b855
subprocess-logs/0388-jdk23_debug_StaticRawLocal_jarde-verify-run.stdout	25ea87cacc91c856b41331c020cf776ffda40333d737cff0309fadf5141463b0
subprocess-logs/0389-jdk23_debug_StaticRawLocal_jadx.stderr	e3b0c44298fc1c149afbf4c8996fb92427ae41e4649b934ca495991b7852b855
subprocess-logs/0389-jdk23_debug_StaticRawLocal_jadx.stdout	a50c48003b6cbf33ef1e4901fc76d3efc1f5b6a8a034550f25c7045a854eed8a
subprocess-logs/0390-jdk23_debug_StaticRawLocal_jadx-javac.stderr	956594c7fbb7a820f209f4bcd409236e24da385b4d7b1150a56c03113a55149b
subprocess-logs/0390-jdk23_debug_StaticRawLocal_jadx-javac.stdout	e3b0c44298fc1c149afbf4c8996fb92427ae41e4649b934ca495991b7852b855
subprocess-logs/0391-jdk23_debug_StaticRawLocal_jadx-verify-run.stderr	e3b0c44298fc1c149afbf4c8996fb92427ae41e4649b934ca495991b7852b855
subprocess-logs/0391-jdk23_debug_StaticRawLocal_jadx-verify-run.stdout	caa078a6f6a66a11482c09645632ebb52566091c80fab4fa927b1053dce64fde
subprocess-logs/0392-jdk23_no-debug_StaticRawLocal_jar-contents.stderr	e3b0c44298fc1c149afbf4c8996fb92427ae41e4649b934ca495991b7852b855
subprocess-logs/0392-jdk23_no-debug_StaticRawLocal_jar-contents.stdout	fb8ff04b200dd376807a9a425a37f1a645e63a3f90b47df4f84e407b0fed9d07
subprocess-logs/0393-jdk23_no-debug_StaticRawLocal_original-javac.stderr	ff48daff02375611c7eea7f5e0f7a5b1593a6e606f2c6bbce7202ad661436d66
subprocess-logs/0393-jdk23_no-debug_StaticRawLocal_original-javac.stdout	e3b0c44298fc1c149afbf4c8996fb92427ae41e4649b934ca495991b7852b855
subprocess-logs/0394-jdk23_no-debug_StaticRawLocal_javap.stderr	e3b0c44298fc1c149afbf4c8996fb92427ae41e4649b934ca495991b7852b855
subprocess-logs/0394-jdk23_no-debug_StaticRawLocal_javap.stdout	650bcea27e776c0eb6eae39111c62625889c7fb1ecc319bd62b40869f51404c4
subprocess-logs/0395-jdk23_no-debug_StaticRawLocal_original-probe-javac.stderr	4f875b75f0bac1d971d8fc3ab19a64d5d92273f61235f2bb734eed34ab07458f
subprocess-logs/0395-jdk23_no-debug_StaticRawLocal_original-probe-javac.stdout	e3b0c44298fc1c149afbf4c8996fb92427ae41e4649b934ca495991b7852b855
subprocess-logs/0396-jdk23_no-debug_StaticRawLocal_original-run.stderr	e3b0c44298fc1c149afbf4c8996fb92427ae41e4649b934ca495991b7852b855
subprocess-logs/0396-jdk23_no-debug_StaticRawLocal_original-run.stdout	25ea87cacc91c856b41331c020cf776ffda40333d737cff0309fadf5141463b0
subprocess-logs/0397-jdk23_no-debug_StaticRawLocal_jarde-StaticRawLocal.stderr	9e0b8ba0ec482275ae3b72f696eb6d68f80694fb4dc45022432ea54c0c5a0913
subprocess-logs/0397-jdk23_no-debug_StaticRawLocal_jarde-StaticRawLocal.stdout	fd3a53f3051037b2d49c8966c16550fc2360b0f7494664a72673443748783747
subprocess-logs/0398-jdk23_no-debug_StaticRawLocal_jarde-javac.stderr	dfaf61c53b37145065a42ba64a5ea4e48e3bb16fd568ae5a34421705b29bcce6
subprocess-logs/0398-jdk23_no-debug_StaticRawLocal_jarde-javac.stdout	e3b0c44298fc1c149afbf4c8996fb92427ae41e4649b934ca495991b7852b855
subprocess-logs/0399-jdk23_no-debug_StaticRawLocal_jarde-verify-run.stderr	e3b0c44298fc1c149afbf4c8996fb92427ae41e4649b934ca495991b7852b855
subprocess-logs/0399-jdk23_no-debug_StaticRawLocal_jarde-verify-run.stdout	25ea87cacc91c856b41331c020cf776ffda40333d737cff0309fadf5141463b0
subprocess-logs/0400-jdk23_no-debug_StaticRawLocal_jadx.stderr	e3b0c44298fc1c149afbf4c8996fb92427ae41e4649b934ca495991b7852b855
subprocess-logs/0400-jdk23_no-debug_StaticRawLocal_jadx.stdout	64c6f131eb86753560386eba94e5b2a98595596e9af8b13edabec9b01169079c
subprocess-logs/0401-jdk23_no-debug_StaticRawLocal_jadx-javac.stderr	4f1b4b4aa39954fd10cf3dd13de99c515406a4cb7ccbe8efdf2563d7f7ba01f9
subprocess-logs/0401-jdk23_no-debug_StaticRawLocal_jadx-javac.stdout	e3b0c44298fc1c149afbf4c8996fb92427ae41e4649b934ca495991b7852b855
subprocess-logs/0402-jdk23_no-debug_StaticRawLocal_jadx-verify-run.stderr	e3b0c44298fc1c149afbf4c8996fb92427ae41e4649b934ca495991b7852b855
subprocess-logs/0402-jdk23_no-debug_StaticRawLocal_jadx-verify-run.stdout	caa078a6f6a66a11482c09645632ebb52566091c80fab4fa927b1053dce64fde
subprocess-logs/0403-jdk23_debug_InstanceRawLocal_jar-contents.stderr	e3b0c44298fc1c149afbf4c8996fb92427ae41e4649b934ca495991b7852b855
subprocess-logs/0403-jdk23_debug_InstanceRawLocal_jar-contents.stdout	14fa51d33a6937146f86014d2ee03c2e459c32def063b6fd66b0be882ef50b5b
subprocess-logs/0404-jdk23_debug_InstanceRawLocal_original-javac.stderr	9adad72752fa5ad4c28cfae616c1aa8214263acc3d8ca90c7c847c10d604d30f
subprocess-logs/0404-jdk23_debug_InstanceRawLocal_original-javac.stdout	e3b0c44298fc1c149afbf4c8996fb92427ae41e4649b934ca495991b7852b855
subprocess-logs/0405-jdk23_debug_InstanceRawLocal_javap.stderr	e3b0c44298fc1c149afbf4c8996fb92427ae41e4649b934ca495991b7852b855
subprocess-logs/0405-jdk23_debug_InstanceRawLocal_javap.stdout	61694ae4173e5acf45257dc21e14f18369f88e8d6174cfecd499bb58b4716a5b
subprocess-logs/0406-jdk23_debug_InstanceRawLocal_original-probe-javac.stderr	4f875b75f0bac1d971d8fc3ab19a64d5d92273f61235f2bb734eed34ab07458f
subprocess-logs/0406-jdk23_debug_InstanceRawLocal_original-probe-javac.stdout	e3b0c44298fc1c149afbf4c8996fb92427ae41e4649b934ca495991b7852b855
subprocess-logs/0407-jdk23_debug_InstanceRawLocal_original-run.stderr	e3b0c44298fc1c149afbf4c8996fb92427ae41e4649b934ca495991b7852b855
subprocess-logs/0407-jdk23_debug_InstanceRawLocal_original-run.stdout	b5f800a25ef5e547f36ccdecb9d6798cca74aee4a8a677d83bd449aea30f57e1
subprocess-logs/0408-jdk23_debug_InstanceRawLocal_jarde-InstanceRawLocal.stderr	72a44e4f4a8023c360796f09d33417fc0c9f141a12504423c53a1d3c7af2dac2
subprocess-logs/0408-jdk23_debug_InstanceRawLocal_jarde-InstanceRawLocal.stdout	5739eae80933689e02968db38be749560fea18f7852efc7071bc402ac1657445
subprocess-logs/0409-jdk23_debug_InstanceRawLocal_jarde-javac.stderr	4f875b75f0bac1d971d8fc3ab19a64d5d92273f61235f2bb734eed34ab07458f
subprocess-logs/0409-jdk23_debug_InstanceRawLocal_jarde-javac.stdout	e3b0c44298fc1c149afbf4c8996fb92427ae41e4649b934ca495991b7852b855
subprocess-logs/0410-jdk23_debug_InstanceRawLocal_jarde-verify-run.stderr	e3b0c44298fc1c149afbf4c8996fb92427ae41e4649b934ca495991b7852b855
subprocess-logs/0410-jdk23_debug_InstanceRawLocal_jarde-verify-run.stdout	c4a0fd4eb5e838df4c7116cc09d11740387e51309b8dd9c85cb1eac73adb9692
subprocess-logs/0411-jdk23_debug_InstanceRawLocal_jadx.stderr	e3b0c44298fc1c149afbf4c8996fb92427ae41e4649b934ca495991b7852b855
subprocess-logs/0411-jdk23_debug_InstanceRawLocal_jadx.stdout	d6c09cd8e342fca66c9cc7c3fd34f06c6f2b3a01280179c7d379298071309f2e
subprocess-logs/0412-jdk23_debug_InstanceRawLocal_jadx-javac.stderr	5ec29f06f00b56192b9fde1220ec40c6d2f740bb916fdda45ad7c6aa4a0b2d85
subprocess-logs/0412-jdk23_debug_InstanceRawLocal_jadx-javac.stdout	e3b0c44298fc1c149afbf4c8996fb92427ae41e4649b934ca495991b7852b855
subprocess-logs/0413-jdk23_no-debug_InstanceRawLocal_jar-contents.stderr	e3b0c44298fc1c149afbf4c8996fb92427ae41e4649b934ca495991b7852b855
subprocess-logs/0413-jdk23_no-debug_InstanceRawLocal_jar-contents.stdout	14fa51d33a6937146f86014d2ee03c2e459c32def063b6fd66b0be882ef50b5b
subprocess-logs/0414-jdk23_no-debug_InstanceRawLocal_original-javac.stderr	9adad72752fa5ad4c28cfae616c1aa8214263acc3d8ca90c7c847c10d604d30f
subprocess-logs/0414-jdk23_no-debug_InstanceRawLocal_original-javac.stdout	e3b0c44298fc1c149afbf4c8996fb92427ae41e4649b934ca495991b7852b855
subprocess-logs/0415-jdk23_no-debug_InstanceRawLocal_javap.stderr	e3b0c44298fc1c149afbf4c8996fb92427ae41e4649b934ca495991b7852b855
subprocess-logs/0415-jdk23_no-debug_InstanceRawLocal_javap.stdout	ff39951f4582e15378eac0ce1397753e028059a8a7446254fc50b21b7e777eee
subprocess-logs/0416-jdk23_no-debug_InstanceRawLocal_original-probe-javac.stderr	4f875b75f0bac1d971d8fc3ab19a64d5d92273f61235f2bb734eed34ab07458f
subprocess-logs/0416-jdk23_no-debug_InstanceRawLocal_original-probe-javac.stdout	e3b0c44298fc1c149afbf4c8996fb92427ae41e4649b934ca495991b7852b855
subprocess-logs/0417-jdk23_no-debug_InstanceRawLocal_original-run.stderr	e3b0c44298fc1c149afbf4c8996fb92427ae41e4649b934ca495991b7852b855
subprocess-logs/0417-jdk23_no-debug_InstanceRawLocal_original-run.stdout	b5f800a25ef5e547f36ccdecb9d6798cca74aee4a8a677d83bd449aea30f57e1
subprocess-logs/0418-jdk23_no-debug_InstanceRawLocal_jarde-InstanceRawLocal.stderr	d8b8fc417f1c640236a52af33a1ee0a7fcb98bc3e92576edcaebc935178f3588
subprocess-logs/0418-jdk23_no-debug_InstanceRawLocal_jarde-InstanceRawLocal.stdout	da10013688a30b0cc61c5f8ad8649f79792d67b4ea0d861293afdaf595225214
subprocess-logs/0419-jdk23_no-debug_InstanceRawLocal_jarde-javac.stderr	4f875b75f0bac1d971d8fc3ab19a64d5d92273f61235f2bb734eed34ab07458f
subprocess-logs/0419-jdk23_no-debug_InstanceRawLocal_jarde-javac.stdout	e3b0c44298fc1c149afbf4c8996fb92427ae41e4649b934ca495991b7852b855
subprocess-logs/0420-jdk23_no-debug_InstanceRawLocal_jarde-verify-run.stderr	e3b0c44298fc1c149afbf4c8996fb92427ae41e4649b934ca495991b7852b855
subprocess-logs/0420-jdk23_no-debug_InstanceRawLocal_jarde-verify-run.stdout	c4a0fd4eb5e838df4c7116cc09d11740387e51309b8dd9c85cb1eac73adb9692
subprocess-logs/0421-jdk23_no-debug_InstanceRawLocal_jadx.stderr	e3b0c44298fc1c149afbf4c8996fb92427ae41e4649b934ca495991b7852b855
subprocess-logs/0421-jdk23_no-debug_InstanceRawLocal_jadx.stdout	52dda502ceb0dd6c9f7705ed948766c6076ed6d9d49b4f2736be5e175e7fb01a
subprocess-logs/0422-jdk23_no-debug_InstanceRawLocal_jadx-javac.stderr	6fb343af500ba064fdb2346e233dedfc09efa37ca1374048fc20fa02703d0901
subprocess-logs/0422-jdk23_no-debug_InstanceRawLocal_jadx-javac.stdout	e3b0c44298fc1c149afbf4c8996fb92427ae41e4649b934ca495991b7852b855
subprocess-logs/0423-jdk23_debug_TypedReceiver_jar-contents.stderr	e3b0c44298fc1c149afbf4c8996fb92427ae41e4649b934ca495991b7852b855
subprocess-logs/0423-jdk23_debug_TypedReceiver_jar-contents.stdout	de8b80e7eef68f017a319fe14e4ce5bcfa8e9eab45f9d818e61b1bf3001f42d7
subprocess-logs/0424-jdk23_debug_TypedReceiver_original-javac.stderr	4f875b75f0bac1d971d8fc3ab19a64d5d92273f61235f2bb734eed34ab07458f
subprocess-logs/0424-jdk23_debug_TypedReceiver_original-javac.stdout	e3b0c44298fc1c149afbf4c8996fb92427ae41e4649b934ca495991b7852b855
subprocess-logs/0425-jdk23_debug_TypedReceiver_javap.stderr	e3b0c44298fc1c149afbf4c8996fb92427ae41e4649b934ca495991b7852b855
subprocess-logs/0425-jdk23_debug_TypedReceiver_javap.stdout	644a2c56d254b7f5fa9ba80670e3d02a9669e01d27ed79af9f3eb1678495a307
subprocess-logs/0426-jdk23_debug_TypedReceiver_original-probe-javac.stderr	4f875b75f0bac1d971d8fc3ab19a64d5d92273f61235f2bb734eed34ab07458f
subprocess-logs/0426-jdk23_debug_TypedReceiver_original-probe-javac.stdout	e3b0c44298fc1c149afbf4c8996fb92427ae41e4649b934ca495991b7852b855
subprocess-logs/0427-jdk23_debug_TypedReceiver_original-run.stderr	e3b0c44298fc1c149afbf4c8996fb92427ae41e4649b934ca495991b7852b855
subprocess-logs/0427-jdk23_debug_TypedReceiver_original-run.stdout	7f08ef56194b137543c901f9bd3946d1ac0f4153f2cc202df75762d9c8052a16
subprocess-logs/0428-jdk23_debug_TypedReceiver_jarde-TypedReceiver.stderr	5102df7655be84cb876f778a74e59b9cb036f3d75bc753b3189795d9e08d4bd5
subprocess-logs/0428-jdk23_debug_TypedReceiver_jarde-TypedReceiver.stdout	bdf8ee04b0e67af0e95616b5995872c1accab0101131b4987ca1cfa4bc6d46f0
subprocess-logs/0429-jdk23_debug_TypedReceiver_jarde-javac.stderr	683539e0e5a9071b23dd23f4df82e846f981e565074010ef5f101509308b79f5
subprocess-logs/0429-jdk23_debug_TypedReceiver_jarde-javac.stdout	e3b0c44298fc1c149afbf4c8996fb92427ae41e4649b934ca495991b7852b855
subprocess-logs/0430-jdk23_debug_TypedReceiver_jarde-verify-run.stderr	e3b0c44298fc1c149afbf4c8996fb92427ae41e4649b934ca495991b7852b855
subprocess-logs/0430-jdk23_debug_TypedReceiver_jarde-verify-run.stdout	d7134843994e4b3ba1d434e5bdfba85531e98e0ec94492801f5dbfa4a5b0ca18
subprocess-logs/0431-jdk23_debug_TypedReceiver_jadx.stderr	e3b0c44298fc1c149afbf4c8996fb92427ae41e4649b934ca495991b7852b855
subprocess-logs/0431-jdk23_debug_TypedReceiver_jadx.stdout	b15505808a06f02915746ce5ae680fc51cfb8c4050c0177056253df90e64d345
subprocess-logs/0432-jdk23_debug_TypedReceiver_jadx-javac.stderr	4f875b75f0bac1d971d8fc3ab19a64d5d92273f61235f2bb734eed34ab07458f
subprocess-logs/0432-jdk23_debug_TypedReceiver_jadx-javac.stdout	e3b0c44298fc1c149afbf4c8996fb92427ae41e4649b934ca495991b7852b855
subprocess-logs/0433-jdk23_debug_TypedReceiver_jadx-verify-run.stderr	e3b0c44298fc1c149afbf4c8996fb92427ae41e4649b934ca495991b7852b855
subprocess-logs/0433-jdk23_debug_TypedReceiver_jadx-verify-run.stdout	1a07b6f4350dff1a6ca5a3e4ec3062096840ad9dbc1a6efbd816e82d4c9ccb31
subprocess-logs/0434-jdk23_no-debug_TypedReceiver_jar-contents.stderr	e3b0c44298fc1c149afbf4c8996fb92427ae41e4649b934ca495991b7852b855
subprocess-logs/0434-jdk23_no-debug_TypedReceiver_jar-contents.stdout	de8b80e7eef68f017a319fe14e4ce5bcfa8e9eab45f9d818e61b1bf3001f42d7
subprocess-logs/0435-jdk23_no-debug_TypedReceiver_original-javac.stderr	4f875b75f0bac1d971d8fc3ab19a64d5d92273f61235f2bb734eed34ab07458f
subprocess-logs/0435-jdk23_no-debug_TypedReceiver_original-javac.stdout	e3b0c44298fc1c149afbf4c8996fb92427ae41e4649b934ca495991b7852b855
subprocess-logs/0436-jdk23_no-debug_TypedReceiver_javap.stderr	e3b0c44298fc1c149afbf4c8996fb92427ae41e4649b934ca495991b7852b855
subprocess-logs/0436-jdk23_no-debug_TypedReceiver_javap.stdout	e3d115aedb5acf674231df3249b1cfc3da3ec4db2a135c59cff7fa9042f29958
subprocess-logs/0437-jdk23_no-debug_TypedReceiver_original-probe-javac.stderr	4f875b75f0bac1d971d8fc3ab19a64d5d92273f61235f2bb734eed34ab07458f
subprocess-logs/0437-jdk23_no-debug_TypedReceiver_original-probe-javac.stdout	e3b0c44298fc1c149afbf4c8996fb92427ae41e4649b934ca495991b7852b855
subprocess-logs/0438-jdk23_no-debug_TypedReceiver_original-run.stderr	e3b0c44298fc1c149afbf4c8996fb92427ae41e4649b934ca495991b7852b855
subprocess-logs/0438-jdk23_no-debug_TypedReceiver_original-run.stdout	7f08ef56194b137543c901f9bd3946d1ac0f4153f2cc202df75762d9c8052a16
subprocess-logs/0439-jdk23_no-debug_TypedReceiver_jarde-TypedReceiver.stderr	5fce9cd4971d4104fe6adb2c3b7a7c7369d492310408006cfa13270380d6934f
subprocess-logs/0439-jdk23_no-debug_TypedReceiver_jarde-TypedReceiver.stdout	50c3079f863db603a415bf7cc07cdbc4457249ab9e0bfadcb21fa7b4aaccd53b
subprocess-logs/0440-jdk23_no-debug_TypedReceiver_jarde-javac.stderr	0a984ac10544a3caa6c6f62baebe2ba5223a85e389fe953404d8bd244102f14e
subprocess-logs/0440-jdk23_no-debug_TypedReceiver_jarde-javac.stdout	e3b0c44298fc1c149afbf4c8996fb92427ae41e4649b934ca495991b7852b855
subprocess-logs/0441-jdk23_no-debug_TypedReceiver_jarde-verify-run.stderr	e3b0c44298fc1c149afbf4c8996fb92427ae41e4649b934ca495991b7852b855
subprocess-logs/0441-jdk23_no-debug_TypedReceiver_jarde-verify-run.stdout	d7134843994e4b3ba1d434e5bdfba85531e98e0ec94492801f5dbfa4a5b0ca18
subprocess-logs/0442-jdk23_no-debug_TypedReceiver_jadx.stderr	e3b0c44298fc1c149afbf4c8996fb92427ae41e4649b934ca495991b7852b855
subprocess-logs/0442-jdk23_no-debug_TypedReceiver_jadx.stdout	7d7a218c0f7ca0118900330b53b242a6963744c04248f6bfba1ae105c13db461
subprocess-logs/0443-jdk23_no-debug_TypedReceiver_jadx-javac.stderr	4f875b75f0bac1d971d8fc3ab19a64d5d92273f61235f2bb734eed34ab07458f
subprocess-logs/0443-jdk23_no-debug_TypedReceiver_jadx-javac.stdout	e3b0c44298fc1c149afbf4c8996fb92427ae41e4649b934ca495991b7852b855
subprocess-logs/0444-jdk23_no-debug_TypedReceiver_jadx-verify-run.stderr	e3b0c44298fc1c149afbf4c8996fb92427ae41e4649b934ca495991b7852b855
subprocess-logs/0444-jdk23_no-debug_TypedReceiver_jadx-verify-run.stdout	1a07b6f4350dff1a6ca5a3e4ec3062096840ad9dbc1a6efbd816e82d4c9ccb31
subprocess-logs/0445-jdk23_debug_ThisReceiver_jar-contents.stderr	e3b0c44298fc1c149afbf4c8996fb92427ae41e4649b934ca495991b7852b855
subprocess-logs/0445-jdk23_debug_ThisReceiver_jar-contents.stdout	1656887c3d8299160e12e3dd882357c23f33dc5f9d4f301e546a69530b435c72
subprocess-logs/0446-jdk23_debug_ThisReceiver_original-javac.stderr	4f875b75f0bac1d971d8fc3ab19a64d5d92273f61235f2bb734eed34ab07458f
subprocess-logs/0446-jdk23_debug_ThisReceiver_original-javac.stdout	e3b0c44298fc1c149afbf4c8996fb92427ae41e4649b934ca495991b7852b855
subprocess-logs/0447-jdk23_debug_ThisReceiver_javap.stderr	e3b0c44298fc1c149afbf4c8996fb92427ae41e4649b934ca495991b7852b855
subprocess-logs/0447-jdk23_debug_ThisReceiver_javap.stdout	343a15458cd6d05d7e7f5ffc955904a3cb22e08e6a218bac9f67c26aff810430
subprocess-logs/0448-jdk23_debug_ThisReceiver_original-probe-javac.stderr	4f875b75f0bac1d971d8fc3ab19a64d5d92273f61235f2bb734eed34ab07458f
subprocess-logs/0448-jdk23_debug_ThisReceiver_original-probe-javac.stdout	e3b0c44298fc1c149afbf4c8996fb92427ae41e4649b934ca495991b7852b855
subprocess-logs/0449-jdk23_debug_ThisReceiver_original-run.stderr	e3b0c44298fc1c149afbf4c8996fb92427ae41e4649b934ca495991b7852b855
subprocess-logs/0449-jdk23_debug_ThisReceiver_original-run.stdout	9916911dd761a7b0d550673bef203cb77fb4cb96733a8fb0a2184fb7d3ba65b8
subprocess-logs/0450-jdk23_debug_ThisReceiver_jarde-ThisReceiver.stderr	2ad2a9dd53578954ba4a9dce756094c2ba53b03063b8e52afdb0ec6b067096c8
subprocess-logs/0450-jdk23_debug_ThisReceiver_jarde-ThisReceiver.stdout	a97d2cf3fb8ae606b390fe7a96386fb611ca686a76a5a25889978f7e8fc03c52
subprocess-logs/0451-jdk23_debug_ThisReceiver_jarde-javac.stderr	4f875b75f0bac1d971d8fc3ab19a64d5d92273f61235f2bb734eed34ab07458f
subprocess-logs/0451-jdk23_debug_ThisReceiver_jarde-javac.stdout	e3b0c44298fc1c149afbf4c8996fb92427ae41e4649b934ca495991b7852b855
subprocess-logs/0452-jdk23_debug_ThisReceiver_jarde-verify-run.stderr	e3b0c44298fc1c149afbf4c8996fb92427ae41e4649b934ca495991b7852b855
subprocess-logs/0452-jdk23_debug_ThisReceiver_jarde-verify-run.stdout	9916911dd761a7b0d550673bef203cb77fb4cb96733a8fb0a2184fb7d3ba65b8
subprocess-logs/0453-jdk23_debug_ThisReceiver_jadx.stderr	e3b0c44298fc1c149afbf4c8996fb92427ae41e4649b934ca495991b7852b855
subprocess-logs/0453-jdk23_debug_ThisReceiver_jadx.stdout	ad850b007b08c4f6ef9c89b9211cb991c461acfc37bc2cd5cee82b08fd0a9404
subprocess-logs/0454-jdk23_debug_ThisReceiver_jadx-javac.stderr	4f875b75f0bac1d971d8fc3ab19a64d5d92273f61235f2bb734eed34ab07458f
subprocess-logs/0454-jdk23_debug_ThisReceiver_jadx-javac.stdout	e3b0c44298fc1c149afbf4c8996fb92427ae41e4649b934ca495991b7852b855
subprocess-logs/0455-jdk23_debug_ThisReceiver_jadx-verify-run.stderr	e3b0c44298fc1c149afbf4c8996fb92427ae41e4649b934ca495991b7852b855
subprocess-logs/0455-jdk23_debug_ThisReceiver_jadx-verify-run.stdout	f2c2ade79741f3c077a9767a2c86b6f9e8b3c91395a41c1c035e78ca2c19717e
subprocess-logs/0456-jdk23_no-debug_ThisReceiver_jar-contents.stderr	e3b0c44298fc1c149afbf4c8996fb92427ae41e4649b934ca495991b7852b855
subprocess-logs/0456-jdk23_no-debug_ThisReceiver_jar-contents.stdout	1656887c3d8299160e12e3dd882357c23f33dc5f9d4f301e546a69530b435c72
subprocess-logs/0457-jdk23_no-debug_ThisReceiver_original-javac.stderr	4f875b75f0bac1d971d8fc3ab19a64d5d92273f61235f2bb734eed34ab07458f
subprocess-logs/0457-jdk23_no-debug_ThisReceiver_original-javac.stdout	e3b0c44298fc1c149afbf4c8996fb92427ae41e4649b934ca495991b7852b855
subprocess-logs/0458-jdk23_no-debug_ThisReceiver_javap.stderr	e3b0c44298fc1c149afbf4c8996fb92427ae41e4649b934ca495991b7852b855
subprocess-logs/0458-jdk23_no-debug_ThisReceiver_javap.stdout	f8cb778404269f6dbb0e4ec7b2557386cfba4cb551527c4b21529354aa8df6c4
subprocess-logs/0459-jdk23_no-debug_ThisReceiver_original-probe-javac.stderr	4f875b75f0bac1d971d8fc3ab19a64d5d92273f61235f2bb734eed34ab07458f
subprocess-logs/0459-jdk23_no-debug_ThisReceiver_original-probe-javac.stdout	e3b0c44298fc1c149afbf4c8996fb92427ae41e4649b934ca495991b7852b855
subprocess-logs/0460-jdk23_no-debug_ThisReceiver_original-run.stderr	e3b0c44298fc1c149afbf4c8996fb92427ae41e4649b934ca495991b7852b855
subprocess-logs/0460-jdk23_no-debug_ThisReceiver_original-run.stdout	9916911dd761a7b0d550673bef203cb77fb4cb96733a8fb0a2184fb7d3ba65b8
subprocess-logs/0461-jdk23_no-debug_ThisReceiver_jarde-ThisReceiver.stderr	73a92e6926c8450788a3e79afe17f3da7ffd534a52bb505f6bee594f1770991d
subprocess-logs/0461-jdk23_no-debug_ThisReceiver_jarde-ThisReceiver.stdout	0c40a3e0e09b0e97ca13b527dcc647a9f01c29a3f73f31f6d7de68b4408b0d8f
subprocess-logs/0462-jdk23_no-debug_ThisReceiver_jarde-javac.stderr	4f875b75f0bac1d971d8fc3ab19a64d5d92273f61235f2bb734eed34ab07458f
subprocess-logs/0462-jdk23_no-debug_ThisReceiver_jarde-javac.stdout	e3b0c44298fc1c149afbf4c8996fb92427ae41e4649b934ca495991b7852b855
subprocess-logs/0463-jdk23_no-debug_ThisReceiver_jarde-verify-run.stderr	e3b0c44298fc1c149afbf4c8996fb92427ae41e4649b934ca495991b7852b855
subprocess-logs/0463-jdk23_no-debug_ThisReceiver_jarde-verify-run.stdout	9916911dd761a7b0d550673bef203cb77fb4cb96733a8fb0a2184fb7d3ba65b8
subprocess-logs/0464-jdk23_no-debug_ThisReceiver_jadx.stderr	e3b0c44298fc1c149afbf4c8996fb92427ae41e4649b934ca495991b7852b855
subprocess-logs/0464-jdk23_no-debug_ThisReceiver_jadx.stdout	9de4888e66318488d27cb3dd9bb366c6f817299cfeaa5b47b11e7873d3fd1c99
subprocess-logs/0465-jdk23_no-debug_ThisReceiver_jadx-javac.stderr	4f875b75f0bac1d971d8fc3ab19a64d5d92273f61235f2bb734eed34ab07458f
subprocess-logs/0465-jdk23_no-debug_ThisReceiver_jadx-javac.stdout	e3b0c44298fc1c149afbf4c8996fb92427ae41e4649b934ca495991b7852b855
subprocess-logs/0466-jdk23_no-debug_ThisReceiver_jadx-verify-run.stderr	e3b0c44298fc1c149afbf4c8996fb92427ae41e4649b934ca495991b7852b855
subprocess-logs/0466-jdk23_no-debug_ThisReceiver_jadx-verify-run.stdout	f2c2ade79741f3c077a9767a2c86b6f9e8b3c91395a41c1c035e78ca2c19717e
subprocess-logs/0467-jdk23_debug_ShadowMethodT_jar-contents.stderr	e3b0c44298fc1c149afbf4c8996fb92427ae41e4649b934ca495991b7852b855
subprocess-logs/0467-jdk23_debug_ShadowMethodT_jar-contents.stdout	0a014d28d43f161014ee6c5d0696b18e41bff4bb83b1ac87222e9f4a8516ab35
subprocess-logs/0468-jdk23_debug_ShadowMethodT_original-javac.stderr	4f875b75f0bac1d971d8fc3ab19a64d5d92273f61235f2bb734eed34ab07458f
subprocess-logs/0468-jdk23_debug_ShadowMethodT_original-javac.stdout	e3b0c44298fc1c149afbf4c8996fb92427ae41e4649b934ca495991b7852b855
subprocess-logs/0469-jdk23_debug_ShadowMethodT_javap.stderr	e3b0c44298fc1c149afbf4c8996fb92427ae41e4649b934ca495991b7852b855
subprocess-logs/0469-jdk23_debug_ShadowMethodT_javap.stdout	62ec7dca1ba288360e9cdb3dee7d6fa51bae38174902fd3bf4b25b89706bdbab
subprocess-logs/0470-jdk23_debug_ShadowMethodT_original-probe-javac.stderr	4f875b75f0bac1d971d8fc3ab19a64d5d92273f61235f2bb734eed34ab07458f
subprocess-logs/0470-jdk23_debug_ShadowMethodT_original-probe-javac.stdout	e3b0c44298fc1c149afbf4c8996fb92427ae41e4649b934ca495991b7852b855
subprocess-logs/0471-jdk23_debug_ShadowMethodT_original-run.stderr	e3b0c44298fc1c149afbf4c8996fb92427ae41e4649b934ca495991b7852b855
subprocess-logs/0471-jdk23_debug_ShadowMethodT_original-run.stdout	e491f2fc9b0efb07abdaf9da8848a50d38b4da3848f045e3268c35d95124df5a
subprocess-logs/0472-jdk23_debug_ShadowMethodT_jarde-ShadowMethodT.stderr	0d2e0921a3f8f3fd138459ca36ebfd859111a5fcc7d7eb806f469201f8bb63dd
subprocess-logs/0472-jdk23_debug_ShadowMethodT_jarde-ShadowMethodT.stdout	b6d351665b1a03c8f6b0bfadfbb2dc22c1ab88457700d15dc23ffdd9d8ec560e
subprocess-logs/0473-jdk23_debug_ShadowMethodT_jarde-javac.stderr	b53e7504b28019112662ff696025ab9e77cf0fd668688e0ef4a353a82c48ba9a
subprocess-logs/0473-jdk23_debug_ShadowMethodT_jarde-javac.stdout	e3b0c44298fc1c149afbf4c8996fb92427ae41e4649b934ca495991b7852b855
subprocess-logs/0474-jdk23_debug_ShadowMethodT_jarde-verify-run.stderr	e3b0c44298fc1c149afbf4c8996fb92427ae41e4649b934ca495991b7852b855
subprocess-logs/0474-jdk23_debug_ShadowMethodT_jarde-verify-run.stdout	ceb1dd45add8519cb6e22a15e06a6eab6b515c2f59d517b64ede6b379fcd7b53
subprocess-logs/0475-jdk23_debug_ShadowMethodT_jadx.stderr	e3b0c44298fc1c149afbf4c8996fb92427ae41e4649b934ca495991b7852b855
subprocess-logs/0475-jdk23_debug_ShadowMethodT_jadx.stdout	f7b08f2207b2185ec4859d46a73847603323d0630a4db7d45ab9fd149c12eca0
subprocess-logs/0476-jdk23_debug_ShadowMethodT_jadx-javac.stderr	4f875b75f0bac1d971d8fc3ab19a64d5d92273f61235f2bb734eed34ab07458f
subprocess-logs/0476-jdk23_debug_ShadowMethodT_jadx-javac.stdout	e3b0c44298fc1c149afbf4c8996fb92427ae41e4649b934ca495991b7852b855
subprocess-logs/0477-jdk23_debug_ShadowMethodT_jadx-verify-run.stderr	e3b0c44298fc1c149afbf4c8996fb92427ae41e4649b934ca495991b7852b855
subprocess-logs/0477-jdk23_debug_ShadowMethodT_jadx-verify-run.stdout	1c91e9e73e2b1038112652360b7e0dcd639e400df84523aac0d0102801a17264
subprocess-logs/0478-jdk23_no-debug_ShadowMethodT_jar-contents.stderr	e3b0c44298fc1c149afbf4c8996fb92427ae41e4649b934ca495991b7852b855
subprocess-logs/0478-jdk23_no-debug_ShadowMethodT_jar-contents.stdout	0a014d28d43f161014ee6c5d0696b18e41bff4bb83b1ac87222e9f4a8516ab35
subprocess-logs/0479-jdk23_no-debug_ShadowMethodT_original-javac.stderr	4f875b75f0bac1d971d8fc3ab19a64d5d92273f61235f2bb734eed34ab07458f
subprocess-logs/0479-jdk23_no-debug_ShadowMethodT_original-javac.stdout	e3b0c44298fc1c149afbf4c8996fb92427ae41e4649b934ca495991b7852b855
subprocess-logs/0480-jdk23_no-debug_ShadowMethodT_javap.stderr	e3b0c44298fc1c149afbf4c8996fb92427ae41e4649b934ca495991b7852b855
subprocess-logs/0480-jdk23_no-debug_ShadowMethodT_javap.stdout	21bdc1dc6eaae9e029c98be6702c2be862675bb102994fb0ffea284c0fa0e895
subprocess-logs/0481-jdk23_no-debug_ShadowMethodT_original-probe-javac.stderr	4f875b75f0bac1d971d8fc3ab19a64d5d92273f61235f2bb734eed34ab07458f
subprocess-logs/0481-jdk23_no-debug_ShadowMethodT_original-probe-javac.stdout	e3b0c44298fc1c149afbf4c8996fb92427ae41e4649b934ca495991b7852b855
subprocess-logs/0482-jdk23_no-debug_ShadowMethodT_original-run.stderr	e3b0c44298fc1c149afbf4c8996fb92427ae41e4649b934ca495991b7852b855
subprocess-logs/0482-jdk23_no-debug_ShadowMethodT_original-run.stdout	e491f2fc9b0efb07abdaf9da8848a50d38b4da3848f045e3268c35d95124df5a
subprocess-logs/0483-jdk23_no-debug_ShadowMethodT_jarde-ShadowMethodT.stderr	e4e01169c1e98c0ff846cbe48c08ffdfc65bdc798e7be7341e785cd85615239f
subprocess-logs/0483-jdk23_no-debug_ShadowMethodT_jarde-ShadowMethodT.stdout	b04b610fd3bcae70366460c87281526e1a77989a2393c91d4e0cf746fee52a9a
subprocess-logs/0484-jdk23_no-debug_ShadowMethodT_jarde-javac.stderr	44062f91ee285c38f20bc7cf16d690352fbbe4e3433e93e268ed5a3ea8e140cf
subprocess-logs/0484-jdk23_no-debug_ShadowMethodT_jarde-javac.stdout	e3b0c44298fc1c149afbf4c8996fb92427ae41e4649b934ca495991b7852b855
subprocess-logs/0485-jdk23_no-debug_ShadowMethodT_jarde-verify-run.stderr	e3b0c44298fc1c149afbf4c8996fb92427ae41e4649b934ca495991b7852b855
subprocess-logs/0485-jdk23_no-debug_ShadowMethodT_jarde-verify-run.stdout	ceb1dd45add8519cb6e22a15e06a6eab6b515c2f59d517b64ede6b379fcd7b53
subprocess-logs/0486-jdk23_no-debug_ShadowMethodT_jadx.stderr	e3b0c44298fc1c149afbf4c8996fb92427ae41e4649b934ca495991b7852b855
subprocess-logs/0486-jdk23_no-debug_ShadowMethodT_jadx.stdout	8b968426ea01b9940eec9bf698d98a04b9379c133d8eaa717fae2a27cbf4828d
subprocess-logs/0487-jdk23_no-debug_ShadowMethodT_jadx-javac.stderr	4f875b75f0bac1d971d8fc3ab19a64d5d92273f61235f2bb734eed34ab07458f
subprocess-logs/0487-jdk23_no-debug_ShadowMethodT_jadx-javac.stdout	e3b0c44298fc1c149afbf4c8996fb92427ae41e4649b934ca495991b7852b855
subprocess-logs/0488-jdk23_no-debug_ShadowMethodT_jadx-verify-run.stderr	e3b0c44298fc1c149afbf4c8996fb92427ae41e4649b934ca495991b7852b855
subprocess-logs/0488-jdk23_no-debug_ShadowMethodT_jadx-verify-run.stdout	1c91e9e73e2b1038112652360b7e0dcd639e400df84523aac0d0102801a17264
subprocess-logs/0489-jdk23_debug_DirectInstanceRawParam_jar-contents.stderr	e3b0c44298fc1c149afbf4c8996fb92427ae41e4649b934ca495991b7852b855
subprocess-logs/0489-jdk23_debug_DirectInstanceRawParam_jar-contents.stdout	fc15d4455024ee977b4d1922c14c180928c2138e1582c5adccbb1d8fe3953218
subprocess-logs/0490-jdk23_debug_DirectInstanceRawParam_original-javac.stderr	6d0055fa613fc7fc277efc859a67e566b8a0f51ab180da58f06fc254b12c2dc6
subprocess-logs/0490-jdk23_debug_DirectInstanceRawParam_original-javac.stdout	e3b0c44298fc1c149afbf4c8996fb92427ae41e4649b934ca495991b7852b855
subprocess-logs/0491-jdk23_debug_DirectInstanceRawParam_javap.stderr	e3b0c44298fc1c149afbf4c8996fb92427ae41e4649b934ca495991b7852b855
subprocess-logs/0491-jdk23_debug_DirectInstanceRawParam_javap.stdout	dae6436bf67ca48a6be069fb2a99259f629e616df93c99788d6e280e92c7e1a0
subprocess-logs/0492-jdk23_debug_DirectInstanceRawParam_original-probe-javac.stderr	4f875b75f0bac1d971d8fc3ab19a64d5d92273f61235f2bb734eed34ab07458f
subprocess-logs/0492-jdk23_debug_DirectInstanceRawParam_original-probe-javac.stdout	e3b0c44298fc1c149afbf4c8996fb92427ae41e4649b934ca495991b7852b855
subprocess-logs/0493-jdk23_debug_DirectInstanceRawParam_original-run.stderr	e3b0c44298fc1c149afbf4c8996fb92427ae41e4649b934ca495991b7852b855
subprocess-logs/0493-jdk23_debug_DirectInstanceRawParam_original-run.stdout	9358c79b8f63417a168963e9dc02e1e1359ee5bda8614638bec755f01d5683be
subprocess-logs/0494-jdk23_debug_DirectInstanceRawParam_jarde-DirectInstanceRawParam.stderr	628d7b7e86fb23981b3c09ffda36f8f824c98f28d1e6c4d6a7e218a953aaf3fc
subprocess-logs/0494-jdk23_debug_DirectInstanceRawParam_jarde-DirectInstanceRawParam.stdout	66882766f2731a7d18b72428b8ad38d8f2bd8e0183b4bf42ab71e0a8bcb56671
subprocess-logs/0495-jdk23_debug_DirectInstanceRawParam_jarde-javac.stderr	02e52963aa1d01d48a8c0f0c9320b065c29d1b05064434053bc122ddf825bd46
subprocess-logs/0495-jdk23_debug_DirectInstanceRawParam_jarde-javac.stdout	e3b0c44298fc1c149afbf4c8996fb92427ae41e4649b934ca495991b7852b855
subprocess-logs/0496-jdk23_debug_DirectInstanceRawParam_jarde-verify-run.stderr	e3b0c44298fc1c149afbf4c8996fb92427ae41e4649b934ca495991b7852b855
subprocess-logs/0496-jdk23_debug_DirectInstanceRawParam_jarde-verify-run.stdout	9358c79b8f63417a168963e9dc02e1e1359ee5bda8614638bec755f01d5683be
subprocess-logs/0497-jdk23_debug_DirectInstanceRawParam_jadx.stderr	e3b0c44298fc1c149afbf4c8996fb92427ae41e4649b934ca495991b7852b855
subprocess-logs/0497-jdk23_debug_DirectInstanceRawParam_jadx.stdout	d828fe85bd9b4a4f48ced1bbeda693e7a43e2328d7220ab408e405ff037b1833
subprocess-logs/0498-jdk23_debug_DirectInstanceRawParam_jadx-javac.stderr	3635080cf360abd75bb5f36a7fe10f764db2360f5d85e575d769ed5ef95004c5
subprocess-logs/0498-jdk23_debug_DirectInstanceRawParam_jadx-javac.stdout	e3b0c44298fc1c149afbf4c8996fb92427ae41e4649b934ca495991b7852b855
subprocess-logs/0499-jdk23_debug_DirectInstanceRawParam_jadx-verify-run.stderr	e3b0c44298fc1c149afbf4c8996fb92427ae41e4649b934ca495991b7852b855
subprocess-logs/0499-jdk23_debug_DirectInstanceRawParam_jadx-verify-run.stdout	b3cda9506188b60dd9d215bc5efd1dafb315f344e7cea3910361ebe407f0cc9b
subprocess-logs/0500-jdk23_no-debug_DirectInstanceRawParam_jar-contents.stderr	e3b0c44298fc1c149afbf4c8996fb92427ae41e4649b934ca495991b7852b855
subprocess-logs/0500-jdk23_no-debug_DirectInstanceRawParam_jar-contents.stdout	fc15d4455024ee977b4d1922c14c180928c2138e1582c5adccbb1d8fe3953218
subprocess-logs/0501-jdk23_no-debug_DirectInstanceRawParam_original-javac.stderr	6d0055fa613fc7fc277efc859a67e566b8a0f51ab180da58f06fc254b12c2dc6
subprocess-logs/0501-jdk23_no-debug_DirectInstanceRawParam_original-javac.stdout	e3b0c44298fc1c149afbf4c8996fb92427ae41e4649b934ca495991b7852b855
subprocess-logs/0502-jdk23_no-debug_DirectInstanceRawParam_javap.stderr	e3b0c44298fc1c149afbf4c8996fb92427ae41e4649b934ca495991b7852b855
subprocess-logs/0502-jdk23_no-debug_DirectInstanceRawParam_javap.stdout	86b769b524ec33859cadd81aa8555413bab468a4f6c6fb443e23e3bcfd337a1b
subprocess-logs/0503-jdk23_no-debug_DirectInstanceRawParam_original-probe-javac.stderr	4f875b75f0bac1d971d8fc3ab19a64d5d92273f61235f2bb734eed34ab07458f
subprocess-logs/0503-jdk23_no-debug_DirectInstanceRawParam_original-probe-javac.stdout	e3b0c44298fc1c149afbf4c8996fb92427ae41e4649b934ca495991b7852b855
subprocess-logs/0504-jdk23_no-debug_DirectInstanceRawParam_original-run.stderr	e3b0c44298fc1c149afbf4c8996fb92427ae41e4649b934ca495991b7852b855
subprocess-logs/0504-jdk23_no-debug_DirectInstanceRawParam_original-run.stdout	9358c79b8f63417a168963e9dc02e1e1359ee5bda8614638bec755f01d5683be
subprocess-logs/0505-jdk23_no-debug_DirectInstanceRawParam_jarde-DirectInstanceRawParam.stderr	70bcea8aa4623e39c894aa805701c34ba42c28615b9c829db1ef58b4f37ec72d
subprocess-logs/0505-jdk23_no-debug_DirectInstanceRawParam_jarde-DirectInstanceRawParam.stdout	4a94736315b6eae244e0c86bd52673d4184206d783c03a281542fea7858efed2
subprocess-logs/0506-jdk23_no-debug_DirectInstanceRawParam_jarde-javac.stderr	a6bd9e122449188f20d21dbd9562d8cf1acd361fb6b730bb77c32f8a8dfaf25c
subprocess-logs/0506-jdk23_no-debug_DirectInstanceRawParam_jarde-javac.stdout	e3b0c44298fc1c149afbf4c8996fb92427ae41e4649b934ca495991b7852b855
subprocess-logs/0507-jdk23_no-debug_DirectInstanceRawParam_jarde-verify-run.stderr	e3b0c44298fc1c149afbf4c8996fb92427ae41e4649b934ca495991b7852b855
subprocess-logs/0507-jdk23_no-debug_DirectInstanceRawParam_jarde-verify-run.stdout	9358c79b8f63417a168963e9dc02e1e1359ee5bda8614638bec755f01d5683be
subprocess-logs/0508-jdk23_no-debug_DirectInstanceRawParam_jadx.stderr	e3b0c44298fc1c149afbf4c8996fb92427ae41e4649b934ca495991b7852b855
subprocess-logs/0508-jdk23_no-debug_DirectInstanceRawParam_jadx.stdout	f578a18f48c60a1627d0d4fff9508d631f813cc8f88a3bf3d6b585f0fb8f18ec
subprocess-logs/0509-jdk23_no-debug_DirectInstanceRawParam_jadx-javac.stderr	39c0d5bc59643482adf8171d231a64502eed68638487539b488a0876629b1ffd
subprocess-logs/0509-jdk23_no-debug_DirectInstanceRawParam_jadx-javac.stdout	e3b0c44298fc1c149afbf4c8996fb92427ae41e4649b934ca495991b7852b855
subprocess-logs/0510-jdk23_no-debug_DirectInstanceRawParam_jadx-verify-run.stderr	e3b0c44298fc1c149afbf4c8996fb92427ae41e4649b934ca495991b7852b855
subprocess-logs/0510-jdk23_no-debug_DirectInstanceRawParam_jadx-verify-run.stdout	b3cda9506188b60dd9d215bc5efd1dafb315f344e7cea3910361ebe407f0cc9b
subprocess-logs/0511-jdk23_debug_WideRawParam_jar-contents.stderr	e3b0c44298fc1c149afbf4c8996fb92427ae41e4649b934ca495991b7852b855
subprocess-logs/0511-jdk23_debug_WideRawParam_jar-contents.stdout	c7b383a50ec45946ad9d59c86fa09aeb20831c235da656e4fb4c89f12a7bd588
subprocess-logs/0512-jdk23_debug_WideRawParam_original-javac.stderr	5984210921671ac4f716987bfb7b3a0587e0070a86c3537c51330e2be75448de
subprocess-logs/0512-jdk23_debug_WideRawParam_original-javac.stdout	e3b0c44298fc1c149afbf4c8996fb92427ae41e4649b934ca495991b7852b855
subprocess-logs/0513-jdk23_debug_WideRawParam_javap.stderr	e3b0c44298fc1c149afbf4c8996fb92427ae41e4649b934ca495991b7852b855
subprocess-logs/0513-jdk23_debug_WideRawParam_javap.stdout	32e088383eb2592a9d7024fdad617672d9dd852f63dc5c9f6c519674a14fbf1a
subprocess-logs/0514-jdk23_debug_WideRawParam_original-probe-javac.stderr	4f875b75f0bac1d971d8fc3ab19a64d5d92273f61235f2bb734eed34ab07458f
subprocess-logs/0514-jdk23_debug_WideRawParam_original-probe-javac.stdout	e3b0c44298fc1c149afbf4c8996fb92427ae41e4649b934ca495991b7852b855
subprocess-logs/0515-jdk23_debug_WideRawParam_original-run.stderr	e3b0c44298fc1c149afbf4c8996fb92427ae41e4649b934ca495991b7852b855
subprocess-logs/0515-jdk23_debug_WideRawParam_original-run.stdout	9b6ad934d85edae64408a458838c3e4654befd592a41b43cedf7710c2e9b1512
subprocess-logs/0516-jdk23_debug_WideRawParam_jarde-WideRawParam.stderr	f40d4ebeee911d7e9da406139e4a9ff2095fdbfce1d2e745c1d95c9dd3cfc89c
subprocess-logs/0516-jdk23_debug_WideRawParam_jarde-WideRawParam.stdout	a8c2366e3a709f7941c00dff72d5921e0b3e9772cd7195d3caf1094bb0a95be9
subprocess-logs/0517-jdk23_debug_WideRawParam_jarde-javac.stderr	04ff2001826ddda60001a04426c53750bf3aceaaf6c47e45ce6554f1dc73a516
subprocess-logs/0517-jdk23_debug_WideRawParam_jarde-javac.stdout	e3b0c44298fc1c149afbf4c8996fb92427ae41e4649b934ca495991b7852b855
subprocess-logs/0518-jdk23_debug_WideRawParam_jarde-verify-run.stderr	e3b0c44298fc1c149afbf4c8996fb92427ae41e4649b934ca495991b7852b855
subprocess-logs/0518-jdk23_debug_WideRawParam_jarde-verify-run.stdout	9b6ad934d85edae64408a458838c3e4654befd592a41b43cedf7710c2e9b1512
subprocess-logs/0519-jdk23_debug_WideRawParam_jadx.stderr	e3b0c44298fc1c149afbf4c8996fb92427ae41e4649b934ca495991b7852b855
subprocess-logs/0519-jdk23_debug_WideRawParam_jadx.stdout	4a03bd31c79278a87337a97d9c2c304f304aa3e2670eea26508bc4841fa39a2d
subprocess-logs/0520-jdk23_debug_WideRawParam_jadx-javac.stderr	194653f624eab1a9c61463b182f34acf27cb074b706bd6f5f10063babb289e86
subprocess-logs/0520-jdk23_debug_WideRawParam_jadx-javac.stdout	e3b0c44298fc1c149afbf4c8996fb92427ae41e4649b934ca495991b7852b855
subprocess-logs/0521-jdk23_debug_WideRawParam_jadx-verify-run.stderr	e3b0c44298fc1c149afbf4c8996fb92427ae41e4649b934ca495991b7852b855
subprocess-logs/0521-jdk23_debug_WideRawParam_jadx-verify-run.stdout	bb098a483d7226c3ef490fd7d5502cfaae0fa2dc00a248054971f81a95f5b14e
subprocess-logs/0522-jdk23_no-debug_WideRawParam_jar-contents.stderr	e3b0c44298fc1c149afbf4c8996fb92427ae41e4649b934ca495991b7852b855
subprocess-logs/0522-jdk23_no-debug_WideRawParam_jar-contents.stdout	c7b383a50ec45946ad9d59c86fa09aeb20831c235da656e4fb4c89f12a7bd588
subprocess-logs/0523-jdk23_no-debug_WideRawParam_original-javac.stderr	5984210921671ac4f716987bfb7b3a0587e0070a86c3537c51330e2be75448de
subprocess-logs/0523-jdk23_no-debug_WideRawParam_original-javac.stdout	e3b0c44298fc1c149afbf4c8996fb92427ae41e4649b934ca495991b7852b855
subprocess-logs/0524-jdk23_no-debug_WideRawParam_javap.stderr	e3b0c44298fc1c149afbf4c8996fb92427ae41e4649b934ca495991b7852b855
subprocess-logs/0524-jdk23_no-debug_WideRawParam_javap.stdout	8040f386f71de3028b172bcf3c865af0c91588114f3b077d990cb692bcaa77d8
subprocess-logs/0525-jdk23_no-debug_WideRawParam_original-probe-javac.stderr	4f875b75f0bac1d971d8fc3ab19a64d5d92273f61235f2bb734eed34ab07458f
subprocess-logs/0525-jdk23_no-debug_WideRawParam_original-probe-javac.stdout	e3b0c44298fc1c149afbf4c8996fb92427ae41e4649b934ca495991b7852b855
subprocess-logs/0526-jdk23_no-debug_WideRawParam_original-run.stderr	e3b0c44298fc1c149afbf4c8996fb92427ae41e4649b934ca495991b7852b855
subprocess-logs/0526-jdk23_no-debug_WideRawParam_original-run.stdout	9b6ad934d85edae64408a458838c3e4654befd592a41b43cedf7710c2e9b1512
subprocess-logs/0527-jdk23_no-debug_WideRawParam_jarde-WideRawParam.stderr	d2be74eaf61da6b3eb3d3ffd6f69687f63a7737b1979448c3db33fe42e30e3fa
subprocess-logs/0527-jdk23_no-debug_WideRawParam_jarde-WideRawParam.stdout	1fffb038dc24c28f794c348a356b25bf8f3cac2017e72733ba1b38208c722010
subprocess-logs/0528-jdk23_no-debug_WideRawParam_jarde-javac.stderr	bbc9bdc1a05184123bceea2c1b4361dc2dbecb0a8394f59429012206ae6c8b09
subprocess-logs/0528-jdk23_no-debug_WideRawParam_jarde-javac.stdout	e3b0c44298fc1c149afbf4c8996fb92427ae41e4649b934ca495991b7852b855
subprocess-logs/0529-jdk23_no-debug_WideRawParam_jarde-verify-run.stderr	e3b0c44298fc1c149afbf4c8996fb92427ae41e4649b934ca495991b7852b855
subprocess-logs/0529-jdk23_no-debug_WideRawParam_jarde-verify-run.stdout	9b6ad934d85edae64408a458838c3e4654befd592a41b43cedf7710c2e9b1512
subprocess-logs/0530-jdk23_no-debug_WideRawParam_jadx.stderr	e3b0c44298fc1c149afbf4c8996fb92427ae41e4649b934ca495991b7852b855
subprocess-logs/0530-jdk23_no-debug_WideRawParam_jadx.stdout	19855ca7bc53d8cad1ea149434e737029629c02176b966df1892400fb0ac7ee5
subprocess-logs/0531-jdk23_no-debug_WideRawParam_jadx-javac.stderr	01ff6ff792c4fa236ab51e7673b4782aef582ee4a15e21496b24ff6ee21b551a
subprocess-logs/0531-jdk23_no-debug_WideRawParam_jadx-javac.stdout	e3b0c44298fc1c149afbf4c8996fb92427ae41e4649b934ca495991b7852b855
subprocess-logs/0532-jdk23_no-debug_WideRawParam_jadx-verify-run.stderr	e3b0c44298fc1c149afbf4c8996fb92427ae41e4649b934ca495991b7852b855
subprocess-logs/0532-jdk23_no-debug_WideRawParam_jadx-verify-run.stdout	bb098a483d7226c3ef490fd7d5502cfaae0fa2dc00a248054971f81a95f5b14e
subprocess-logs/0533-jdk23_debug_ArrayRawParam_jar-contents.stderr	e3b0c44298fc1c149afbf4c8996fb92427ae41e4649b934ca495991b7852b855
subprocess-logs/0533-jdk23_debug_ArrayRawParam_jar-contents.stdout	3158ddd8210c312dd495e4f4bed9c58b47a294ca772f97d51d89a67d7715ebc7
subprocess-logs/0534-jdk23_debug_ArrayRawParam_original-javac.stderr	0a4c58e120bd162e228f1d4f2607e9b5b7ee84ff22f1c569ac3088c3b45c6e8f
subprocess-logs/0534-jdk23_debug_ArrayRawParam_original-javac.stdout	e3b0c44298fc1c149afbf4c8996fb92427ae41e4649b934ca495991b7852b855
subprocess-logs/0535-jdk23_debug_ArrayRawParam_javap.stderr	e3b0c44298fc1c149afbf4c8996fb92427ae41e4649b934ca495991b7852b855
subprocess-logs/0535-jdk23_debug_ArrayRawParam_javap.stdout	545cc0ed9cd4ee5a3dfd9cd36bc2ea9f99b43a4f296001fa1ba87c4e70461483
subprocess-logs/0536-jdk23_debug_ArrayRawParam_original-probe-javac.stderr	4f875b75f0bac1d971d8fc3ab19a64d5d92273f61235f2bb734eed34ab07458f
subprocess-logs/0536-jdk23_debug_ArrayRawParam_original-probe-javac.stdout	e3b0c44298fc1c149afbf4c8996fb92427ae41e4649b934ca495991b7852b855
subprocess-logs/0537-jdk23_debug_ArrayRawParam_original-run.stderr	e3b0c44298fc1c149afbf4c8996fb92427ae41e4649b934ca495991b7852b855
subprocess-logs/0537-jdk23_debug_ArrayRawParam_original-run.stdout	d51f3b7d45328701a337bb2285770bcd1cf8f2179c66734c318010571e65ac8b
subprocess-logs/0538-jdk23_debug_ArrayRawParam_jarde-ArrayRawParam.stderr	03e7c11475ee94d0373a503ecd87c3141d4b24f049e473bed105127b6a6a2852
subprocess-logs/0538-jdk23_debug_ArrayRawParam_jarde-ArrayRawParam.stdout	c8c72849f11741a77f70b21b0436745c69e7f2e9d60ae7c7724adfd147a8faab
subprocess-logs/0539-jdk23_debug_ArrayRawParam_jarde-javac.stderr	6657be6503cafbf7d85f5d0a9aac4ab947d33c8aa8cc00361b9d61cb74e6a871
subprocess-logs/0539-jdk23_debug_ArrayRawParam_jarde-javac.stdout	e3b0c44298fc1c149afbf4c8996fb92427ae41e4649b934ca495991b7852b855
subprocess-logs/0540-jdk23_debug_ArrayRawParam_jarde-verify-run.stderr	e3b0c44298fc1c149afbf4c8996fb92427ae41e4649b934ca495991b7852b855
subprocess-logs/0540-jdk23_debug_ArrayRawParam_jarde-verify-run.stdout	d51f3b7d45328701a337bb2285770bcd1cf8f2179c66734c318010571e65ac8b
subprocess-logs/0541-jdk23_debug_ArrayRawParam_jadx.stderr	e3b0c44298fc1c149afbf4c8996fb92427ae41e4649b934ca495991b7852b855
subprocess-logs/0541-jdk23_debug_ArrayRawParam_jadx.stdout	60e4d3063078d728a4d48928481185d9d8fa643ddff2528613d4769e02326cb3
subprocess-logs/0542-jdk23_debug_ArrayRawParam_jadx-javac.stderr	185018de8204c767d3c7192232c08b846f1dac6940fa0305e73624f3f0d1e430
subprocess-logs/0542-jdk23_debug_ArrayRawParam_jadx-javac.stdout	e3b0c44298fc1c149afbf4c8996fb92427ae41e4649b934ca495991b7852b855
subprocess-logs/0543-jdk23_debug_ArrayRawParam_jadx-verify-run.stderr	e3b0c44298fc1c149afbf4c8996fb92427ae41e4649b934ca495991b7852b855
subprocess-logs/0543-jdk23_debug_ArrayRawParam_jadx-verify-run.stdout	65890eea8fe7c3065fbc2f644c7253d5354fdffeba56efc1a47107d7914063b6
subprocess-logs/0544-jdk23_no-debug_ArrayRawParam_jar-contents.stderr	e3b0c44298fc1c149afbf4c8996fb92427ae41e4649b934ca495991b7852b855
subprocess-logs/0544-jdk23_no-debug_ArrayRawParam_jar-contents.stdout	3158ddd8210c312dd495e4f4bed9c58b47a294ca772f97d51d89a67d7715ebc7
subprocess-logs/0545-jdk23_no-debug_ArrayRawParam_original-javac.stderr	0a4c58e120bd162e228f1d4f2607e9b5b7ee84ff22f1c569ac3088c3b45c6e8f
subprocess-logs/0545-jdk23_no-debug_ArrayRawParam_original-javac.stdout	e3b0c44298fc1c149afbf4c8996fb92427ae41e4649b934ca495991b7852b855
subprocess-logs/0546-jdk23_no-debug_ArrayRawParam_javap.stderr	e3b0c44298fc1c149afbf4c8996fb92427ae41e4649b934ca495991b7852b855
subprocess-logs/0546-jdk23_no-debug_ArrayRawParam_javap.stdout	76131af95db7c4c709ae0a1ac1f17e1941539e37fef78db6fe7c544ea40a3f77
subprocess-logs/0547-jdk23_no-debug_ArrayRawParam_original-probe-javac.stderr	4f875b75f0bac1d971d8fc3ab19a64d5d92273f61235f2bb734eed34ab07458f
subprocess-logs/0547-jdk23_no-debug_ArrayRawParam_original-probe-javac.stdout	e3b0c44298fc1c149afbf4c8996fb92427ae41e4649b934ca495991b7852b855
subprocess-logs/0548-jdk23_no-debug_ArrayRawParam_original-run.stderr	e3b0c44298fc1c149afbf4c8996fb92427ae41e4649b934ca495991b7852b855
subprocess-logs/0548-jdk23_no-debug_ArrayRawParam_original-run.stdout	d51f3b7d45328701a337bb2285770bcd1cf8f2179c66734c318010571e65ac8b
subprocess-logs/0549-jdk23_no-debug_ArrayRawParam_jarde-ArrayRawParam.stderr	b2547f9fb69bfde39c4336483e9448232f2325dd8dee3cc747519a10e12f4191
subprocess-logs/0549-jdk23_no-debug_ArrayRawParam_jarde-ArrayRawParam.stdout	6eca13086c3cca27c7ef5ed7c3ebc60b7bd9d8daada5cdd7d9c1eb80bf88c0bf
subprocess-logs/0550-jdk23_no-debug_ArrayRawParam_jarde-javac.stderr	762692899cca15d7a8ee8407398aa0687c4e2b6f41b5f8a65b952ef3ac613541
subprocess-logs/0550-jdk23_no-debug_ArrayRawParam_jarde-javac.stdout	e3b0c44298fc1c149afbf4c8996fb92427ae41e4649b934ca495991b7852b855
subprocess-logs/0551-jdk23_no-debug_ArrayRawParam_jarde-verify-run.stderr	e3b0c44298fc1c149afbf4c8996fb92427ae41e4649b934ca495991b7852b855
subprocess-logs/0551-jdk23_no-debug_ArrayRawParam_jarde-verify-run.stdout	d51f3b7d45328701a337bb2285770bcd1cf8f2179c66734c318010571e65ac8b
subprocess-logs/0552-jdk23_no-debug_ArrayRawParam_jadx.stderr	e3b0c44298fc1c149afbf4c8996fb92427ae41e4649b934ca495991b7852b855
subprocess-logs/0552-jdk23_no-debug_ArrayRawParam_jadx.stdout	18dcd7f2fc34f8b3053c9bd07470f285ae47af1f3f2fcc1469e0211b1fc6d8f0
subprocess-logs/0553-jdk23_no-debug_ArrayRawParam_jadx-javac.stderr	1c65f92ffdded99b4eb42882bedb7062d23b4f654102fdeb62352e1a04940581
subprocess-logs/0553-jdk23_no-debug_ArrayRawParam_jadx-javac.stdout	e3b0c44298fc1c149afbf4c8996fb92427ae41e4649b934ca495991b7852b855
subprocess-logs/0554-jdk23_no-debug_ArrayRawParam_jadx-verify-run.stderr	e3b0c44298fc1c149afbf4c8996fb92427ae41e4649b934ca495991b7852b855
subprocess-logs/0554-jdk23_no-debug_ArrayRawParam_jadx-verify-run.stdout	65890eea8fe7c3065fbc2f644c7253d5354fdffeba56efc1a47107d7914063b6
subprocess-logs/0555-jdk23_debug_Array2DRawParam_jar-contents.stderr	e3b0c44298fc1c149afbf4c8996fb92427ae41e4649b934ca495991b7852b855
subprocess-logs/0555-jdk23_debug_Array2DRawParam_jar-contents.stdout	86b3231e464de56fb31cc21b9c23fd1d14d9545fe2f4454953b325583d420684
subprocess-logs/0556-jdk23_debug_Array2DRawParam_original-javac.stderr	f704b58cfd8f85c8131e8711005a0133d70940c91518cb202bb3b8cee38f43ea
subprocess-logs/0556-jdk23_debug_Array2DRawParam_original-javac.stdout	e3b0c44298fc1c149afbf4c8996fb92427ae41e4649b934ca495991b7852b855
subprocess-logs/0557-jdk23_debug_Array2DRawParam_javap.stderr	e3b0c44298fc1c149afbf4c8996fb92427ae41e4649b934ca495991b7852b855
subprocess-logs/0557-jdk23_debug_Array2DRawParam_javap.stdout	d3e7d59ed9de6427484423766e890742100e50539680c5500ba76a78e978aee4
subprocess-logs/0558-jdk23_debug_Array2DRawParam_original-probe-javac.stderr	4f875b75f0bac1d971d8fc3ab19a64d5d92273f61235f2bb734eed34ab07458f
subprocess-logs/0558-jdk23_debug_Array2DRawParam_original-probe-javac.stdout	e3b0c44298fc1c149afbf4c8996fb92427ae41e4649b934ca495991b7852b855
subprocess-logs/0559-jdk23_debug_Array2DRawParam_original-run.stderr	e3b0c44298fc1c149afbf4c8996fb92427ae41e4649b934ca495991b7852b855
subprocess-logs/0559-jdk23_debug_Array2DRawParam_original-run.stdout	f48a2d307b1f6c7abb8d91e7a8ed8a5ccc87d07c1114588c08ddfb0808240329
subprocess-logs/0560-jdk23_debug_Array2DRawParam_jarde-Array2DRawParam.stderr	b6c457ac00a05c4e62549a3d6336cc514f1d720ed72b9b59081a07de3cfd5ab0
subprocess-logs/0560-jdk23_debug_Array2DRawParam_jarde-Array2DRawParam.stdout	d4ba813f6f198eed97a53a5c193bca2f69698ce49b7a93aa69e279e7c27acb62
subprocess-logs/0561-jdk23_debug_Array2DRawParam_jarde-javac.stderr	b1a52e515ca64763ee2d167714bf490da6811a27040d8019715f75ae3330a977
subprocess-logs/0561-jdk23_debug_Array2DRawParam_jarde-javac.stdout	e3b0c44298fc1c149afbf4c8996fb92427ae41e4649b934ca495991b7852b855
subprocess-logs/0562-jdk23_debug_Array2DRawParam_jarde-verify-run.stderr	e3b0c44298fc1c149afbf4c8996fb92427ae41e4649b934ca495991b7852b855
subprocess-logs/0562-jdk23_debug_Array2DRawParam_jarde-verify-run.stdout	f48a2d307b1f6c7abb8d91e7a8ed8a5ccc87d07c1114588c08ddfb0808240329
subprocess-logs/0563-jdk23_debug_Array2DRawParam_jadx.stderr	e3b0c44298fc1c149afbf4c8996fb92427ae41e4649b934ca495991b7852b855
subprocess-logs/0563-jdk23_debug_Array2DRawParam_jadx.stdout	3d9a535613487a989adceb3978a159ff8120df711aca57422e2768179388adff
subprocess-logs/0564-jdk23_debug_Array2DRawParam_jadx-javac.stderr	275ad354e09dceca9695a143dfcac4f34997901fce6df6fdba50828ffdfa91bc
subprocess-logs/0564-jdk23_debug_Array2DRawParam_jadx-javac.stdout	e3b0c44298fc1c149afbf4c8996fb92427ae41e4649b934ca495991b7852b855
subprocess-logs/0565-jdk23_debug_Array2DRawParam_jadx-verify-run.stderr	e3b0c44298fc1c149afbf4c8996fb92427ae41e4649b934ca495991b7852b855
subprocess-logs/0565-jdk23_debug_Array2DRawParam_jadx-verify-run.stdout	8a25af8b8504893fffac8c1872e3c93e85925b6aa0b3d9ff5f62750cee2ba267
subprocess-logs/0566-jdk23_no-debug_Array2DRawParam_jar-contents.stderr	e3b0c44298fc1c149afbf4c8996fb92427ae41e4649b934ca495991b7852b855
subprocess-logs/0566-jdk23_no-debug_Array2DRawParam_jar-contents.stdout	86b3231e464de56fb31cc21b9c23fd1d14d9545fe2f4454953b325583d420684
subprocess-logs/0567-jdk23_no-debug_Array2DRawParam_original-javac.stderr	f704b58cfd8f85c8131e8711005a0133d70940c91518cb202bb3b8cee38f43ea
subprocess-logs/0567-jdk23_no-debug_Array2DRawParam_original-javac.stdout	e3b0c44298fc1c149afbf4c8996fb92427ae41e4649b934ca495991b7852b855
subprocess-logs/0568-jdk23_no-debug_Array2DRawParam_javap.stderr	e3b0c44298fc1c149afbf4c8996fb92427ae41e4649b934ca495991b7852b855
subprocess-logs/0568-jdk23_no-debug_Array2DRawParam_javap.stdout	de0dd64fa34b565d95e66c3dd20304a0c61908e78e94815258d484d805894dee
subprocess-logs/0569-jdk23_no-debug_Array2DRawParam_original-probe-javac.stderr	4f875b75f0bac1d971d8fc3ab19a64d5d92273f61235f2bb734eed34ab07458f
subprocess-logs/0569-jdk23_no-debug_Array2DRawParam_original-probe-javac.stdout	e3b0c44298fc1c149afbf4c8996fb92427ae41e4649b934ca495991b7852b855
subprocess-logs/0570-jdk23_no-debug_Array2DRawParam_original-run.stderr	e3b0c44298fc1c149afbf4c8996fb92427ae41e4649b934ca495991b7852b855
subprocess-logs/0570-jdk23_no-debug_Array2DRawParam_original-run.stdout	f48a2d307b1f6c7abb8d91e7a8ed8a5ccc87d07c1114588c08ddfb0808240329
subprocess-logs/0571-jdk23_no-debug_Array2DRawParam_jarde-Array2DRawParam.stderr	486201881a19e8b214becad9efa76613dbd72e7e5643126fd8a716565d6e47e7
subprocess-logs/0571-jdk23_no-debug_Array2DRawParam_jarde-Array2DRawParam.stdout	84b51bbf39ee444117977442cc40e3d8c27a72fb65b6164c7b2fbdfcc4eae13c
subprocess-logs/0572-jdk23_no-debug_Array2DRawParam_jarde-javac.stderr	7a3d7dfc801942b543fbaedc562a0cbf02af75ca1a63b5e0d04e333bb5f9ee21
subprocess-logs/0572-jdk23_no-debug_Array2DRawParam_jarde-javac.stdout	e3b0c44298fc1c149afbf4c8996fb92427ae41e4649b934ca495991b7852b855
subprocess-logs/0573-jdk23_no-debug_Array2DRawParam_jarde-verify-run.stderr	e3b0c44298fc1c149afbf4c8996fb92427ae41e4649b934ca495991b7852b855
subprocess-logs/0573-jdk23_no-debug_Array2DRawParam_jarde-verify-run.stdout	f48a2d307b1f6c7abb8d91e7a8ed8a5ccc87d07c1114588c08ddfb0808240329
subprocess-logs/0574-jdk23_no-debug_Array2DRawParam_jadx.stderr	e3b0c44298fc1c149afbf4c8996fb92427ae41e4649b934ca495991b7852b855
subprocess-logs/0574-jdk23_no-debug_Array2DRawParam_jadx.stdout	8dc7cb4e7970f61381e97667b65d74385736dba4ba2eb89d676b8425b0938c1c
subprocess-logs/0575-jdk23_no-debug_Array2DRawParam_jadx-javac.stderr	b4c73dfc7d22b81fc614ad78eff749bac59432fce88674535dbff1a75c4e1493
subprocess-logs/0575-jdk23_no-debug_Array2DRawParam_jadx-javac.stdout	e3b0c44298fc1c149afbf4c8996fb92427ae41e4649b934ca495991b7852b855
subprocess-logs/0576-jdk23_no-debug_Array2DRawParam_jadx-verify-run.stderr	e3b0c44298fc1c149afbf4c8996fb92427ae41e4649b934ca495991b7852b855
subprocess-logs/0576-jdk23_no-debug_Array2DRawParam_jadx-verify-run.stdout	8a25af8b8504893fffac8c1872e3c93e85925b6aa0b3d9ff5f62750cee2ba267
subprocess-logs/0577-jdk23_debug_PrimitiveArrayRawParam_jar-contents.stderr	e3b0c44298fc1c149afbf4c8996fb92427ae41e4649b934ca495991b7852b855
subprocess-logs/0577-jdk23_debug_PrimitiveArrayRawParam_jar-contents.stdout	91705ed612b1ad8f23b13ed6271590bfefda591510c739ce0052bb665848cb44
subprocess-logs/0578-jdk23_debug_PrimitiveArrayRawParam_original-javac.stderr	a12896d59d82efa0f427004e9962d3c51b7d1f01cc0115170859fd5011ab8ea4
subprocess-logs/0578-jdk23_debug_PrimitiveArrayRawParam_original-javac.stdout	e3b0c44298fc1c149afbf4c8996fb92427ae41e4649b934ca495991b7852b855
subprocess-logs/0579-jdk23_debug_PrimitiveArrayRawParam_javap.stderr	e3b0c44298fc1c149afbf4c8996fb92427ae41e4649b934ca495991b7852b855
subprocess-logs/0579-jdk23_debug_PrimitiveArrayRawParam_javap.stdout	0c5e9afe111852818d0ec9547e756192d3bc649e63e7c30af4a83cd8c15c5a88
subprocess-logs/0580-jdk23_debug_PrimitiveArrayRawParam_original-probe-javac.stderr	4f875b75f0bac1d971d8fc3ab19a64d5d92273f61235f2bb734eed34ab07458f
subprocess-logs/0580-jdk23_debug_PrimitiveArrayRawParam_original-probe-javac.stdout	e3b0c44298fc1c149afbf4c8996fb92427ae41e4649b934ca495991b7852b855
subprocess-logs/0581-jdk23_debug_PrimitiveArrayRawParam_original-run.stderr	e3b0c44298fc1c149afbf4c8996fb92427ae41e4649b934ca495991b7852b855
subprocess-logs/0581-jdk23_debug_PrimitiveArrayRawParam_original-run.stdout	e156798549dd3ab3c3eced5fadfdced0789f4ee0e3f65410c291f2c46434dfba
subprocess-logs/0582-jdk23_debug_PrimitiveArrayRawParam_jarde-PrimitiveArrayRawParam.stderr	15ad7ebabd550c755777671df7a2428f64ce825dd107327074fa7144babcce27
subprocess-logs/0582-jdk23_debug_PrimitiveArrayRawParam_jarde-PrimitiveArrayRawParam.stdout	ca19f53923fbfb66917c75ea83f0d5053343cf8c6aa62b562778ef54d5028a26
subprocess-logs/0583-jdk23_debug_PrimitiveArrayRawParam_jarde-javac.stderr	73ea3447c7c658d535c33c48aa8899876124bd8dfd049e39f841c7083c1fe913
subprocess-logs/0583-jdk23_debug_PrimitiveArrayRawParam_jarde-javac.stdout	e3b0c44298fc1c149afbf4c8996fb92427ae41e4649b934ca495991b7852b855
subprocess-logs/0584-jdk23_debug_PrimitiveArrayRawParam_jarde-verify-run.stderr	e3b0c44298fc1c149afbf4c8996fb92427ae41e4649b934ca495991b7852b855
subprocess-logs/0584-jdk23_debug_PrimitiveArrayRawParam_jarde-verify-run.stdout	e156798549dd3ab3c3eced5fadfdced0789f4ee0e3f65410c291f2c46434dfba
subprocess-logs/0585-jdk23_debug_PrimitiveArrayRawParam_jadx.stderr	e3b0c44298fc1c149afbf4c8996fb92427ae41e4649b934ca495991b7852b855
subprocess-logs/0585-jdk23_debug_PrimitiveArrayRawParam_jadx.stdout	992a57b59ece9bb0fefa23f737b1707c03180351c468f0598e467354226b86e3
subprocess-logs/0586-jdk23_debug_PrimitiveArrayRawParam_jadx-javac.stderr	143717e9bf49e530006ba7a7e288098429b838d1f48fd0c94fc08e09d625e102
subprocess-logs/0586-jdk23_debug_PrimitiveArrayRawParam_jadx-javac.stdout	e3b0c44298fc1c149afbf4c8996fb92427ae41e4649b934ca495991b7852b855
subprocess-logs/0587-jdk23_debug_PrimitiveArrayRawParam_jadx-verify-run.stderr	e3b0c44298fc1c149afbf4c8996fb92427ae41e4649b934ca495991b7852b855
subprocess-logs/0587-jdk23_debug_PrimitiveArrayRawParam_jadx-verify-run.stdout	8dbde5389e6da69a121d5ad297157ee52bcb682d49d75d8a4bc7844fd4d1d1e8
subprocess-logs/0588-jdk23_no-debug_PrimitiveArrayRawParam_jar-contents.stderr	e3b0c44298fc1c149afbf4c8996fb92427ae41e4649b934ca495991b7852b855
subprocess-logs/0588-jdk23_no-debug_PrimitiveArrayRawParam_jar-contents.stdout	91705ed612b1ad8f23b13ed6271590bfefda591510c739ce0052bb665848cb44
subprocess-logs/0589-jdk23_no-debug_PrimitiveArrayRawParam_original-javac.stderr	a12896d59d82efa0f427004e9962d3c51b7d1f01cc0115170859fd5011ab8ea4
subprocess-logs/0589-jdk23_no-debug_PrimitiveArrayRawParam_original-javac.stdout	e3b0c44298fc1c149afbf4c8996fb92427ae41e4649b934ca495991b7852b855
subprocess-logs/0590-jdk23_no-debug_PrimitiveArrayRawParam_javap.stderr	e3b0c44298fc1c149afbf4c8996fb92427ae41e4649b934ca495991b7852b855
subprocess-logs/0590-jdk23_no-debug_PrimitiveArrayRawParam_javap.stdout	46921aa1b278c7e676eeb72ee249cc5b9b5c6ce85a313d320faa4514e476c6ae
subprocess-logs/0591-jdk23_no-debug_PrimitiveArrayRawParam_original-probe-javac.stderr	4f875b75f0bac1d971d8fc3ab19a64d5d92273f61235f2bb734eed34ab07458f
subprocess-logs/0591-jdk23_no-debug_PrimitiveArrayRawParam_original-probe-javac.stdout	e3b0c44298fc1c149afbf4c8996fb92427ae41e4649b934ca495991b7852b855
subprocess-logs/0592-jdk23_no-debug_PrimitiveArrayRawParam_original-run.stderr	e3b0c44298fc1c149afbf4c8996fb92427ae41e4649b934ca495991b7852b855
subprocess-logs/0592-jdk23_no-debug_PrimitiveArrayRawParam_original-run.stdout	e156798549dd3ab3c3eced5fadfdced0789f4ee0e3f65410c291f2c46434dfba
subprocess-logs/0593-jdk23_no-debug_PrimitiveArrayRawParam_jarde-PrimitiveArrayRawParam.stderr	60c1613d06d620d8c76bce94461113658e7ebf84384e6148f0bda5a9da70dab7
subprocess-logs/0593-jdk23_no-debug_PrimitiveArrayRawParam_jarde-PrimitiveArrayRawParam.stdout	90298d00e9daee2bf9bea1ca50260dee0b170c49e8bc25e85ffbce8789fa2c77
subprocess-logs/0594-jdk23_no-debug_PrimitiveArrayRawParam_jarde-javac.stderr	828c45aa30c7466ff2609cd10408be19fadaea496f969d9de7875d56ea49231b
subprocess-logs/0594-jdk23_no-debug_PrimitiveArrayRawParam_jarde-javac.stdout	e3b0c44298fc1c149afbf4c8996fb92427ae41e4649b934ca495991b7852b855
subprocess-logs/0595-jdk23_no-debug_PrimitiveArrayRawParam_jarde-verify-run.stderr	e3b0c44298fc1c149afbf4c8996fb92427ae41e4649b934ca495991b7852b855
subprocess-logs/0595-jdk23_no-debug_PrimitiveArrayRawParam_jarde-verify-run.stdout	e156798549dd3ab3c3eced5fadfdced0789f4ee0e3f65410c291f2c46434dfba
subprocess-logs/0596-jdk23_no-debug_PrimitiveArrayRawParam_jadx.stderr	e3b0c44298fc1c149afbf4c8996fb92427ae41e4649b934ca495991b7852b855
subprocess-logs/0596-jdk23_no-debug_PrimitiveArrayRawParam_jadx.stdout	82231ee41ad369461fa97ecb2f844b37c0629baac401ab1298bea4ceabba6709
subprocess-logs/0597-jdk23_no-debug_PrimitiveArrayRawParam_jadx-javac.stderr	d99903d69bb83ad54c0d4e40420c2179dd6f7b222bc13b3018185c12d89f93e2
subprocess-logs/0597-jdk23_no-debug_PrimitiveArrayRawParam_jadx-javac.stdout	e3b0c44298fc1c149afbf4c8996fb92427ae41e4649b934ca495991b7852b855
subprocess-logs/0598-jdk23_no-debug_PrimitiveArrayRawParam_jadx-verify-run.stderr	e3b0c44298fc1c149afbf4c8996fb92427ae41e4649b934ca495991b7852b855
subprocess-logs/0598-jdk23_no-debug_PrimitiveArrayRawParam_jadx-verify-run.stdout	8dbde5389e6da69a121d5ad297157ee52bcb682d49d75d8a4bc7844fd4d1d1e8
subprocess-logs/0599-jdk23_debug_BoundRawParam_jar-contents.stderr	e3b0c44298fc1c149afbf4c8996fb92427ae41e4649b934ca495991b7852b855
subprocess-logs/0599-jdk23_debug_BoundRawParam_jar-contents.stdout	075878ec5b85246aaaf568037703e8c8504af213c36e979109d2de5461da85a9
subprocess-logs/0600-jdk23_debug_BoundRawParam_original-javac.stderr	db505fdd45bd9b9efa124f9b88456aa2b6bde26402e63e4f8a6d13f0854698e2
subprocess-logs/0600-jdk23_debug_BoundRawParam_original-javac.stdout	e3b0c44298fc1c149afbf4c8996fb92427ae41e4649b934ca495991b7852b855
subprocess-logs/0601-jdk23_debug_BoundRawParam_javap.stderr	e3b0c44298fc1c149afbf4c8996fb92427ae41e4649b934ca495991b7852b855
subprocess-logs/0601-jdk23_debug_BoundRawParam_javap.stdout	a9cc48530178948b0ef2522222ee87f6fa4b18a9562c438d23c2d4df0f163cec
subprocess-logs/0602-jdk23_debug_BoundRawParam_original-probe-javac.stderr	4f875b75f0bac1d971d8fc3ab19a64d5d92273f61235f2bb734eed34ab07458f
subprocess-logs/0602-jdk23_debug_BoundRawParam_original-probe-javac.stdout	e3b0c44298fc1c149afbf4c8996fb92427ae41e4649b934ca495991b7852b855
subprocess-logs/0603-jdk23_debug_BoundRawParam_original-run.stderr	e3b0c44298fc1c149afbf4c8996fb92427ae41e4649b934ca495991b7852b855
subprocess-logs/0603-jdk23_debug_BoundRawParam_original-run.stdout	0c5cb2a465e5db671d09e57d82dc7d2279cee6ef898da3154a4cac90f5c80de8
subprocess-logs/0604-jdk23_debug_BoundRawParam_jarde-BoundRawParam.stderr	c2ea28f242b74803f6e90945942f861f48537f2cbfa91fcdeae202fa4a44aba2
subprocess-logs/0604-jdk23_debug_BoundRawParam_jarde-BoundRawParam.stdout	6780b9df7fd79af1b6d8e0acb289d0257a77eaa548101c8cfe3fdc3911d66eac
subprocess-logs/0605-jdk23_debug_BoundRawParam_jarde-javac.stderr	3fa9ac1380577dc5dce6e7711e993d0ab00c8c9c59bedf084a384c21d4dfb1ff
subprocess-logs/0605-jdk23_debug_BoundRawParam_jarde-javac.stdout	e3b0c44298fc1c149afbf4c8996fb92427ae41e4649b934ca495991b7852b855
subprocess-logs/0606-jdk23_debug_BoundRawParam_jarde-verify-run.stderr	e3b0c44298fc1c149afbf4c8996fb92427ae41e4649b934ca495991b7852b855
subprocess-logs/0606-jdk23_debug_BoundRawParam_jarde-verify-run.stdout	0c5cb2a465e5db671d09e57d82dc7d2279cee6ef898da3154a4cac90f5c80de8
subprocess-logs/0607-jdk23_debug_BoundRawParam_jadx.stderr	e3b0c44298fc1c149afbf4c8996fb92427ae41e4649b934ca495991b7852b855
subprocess-logs/0607-jdk23_debug_BoundRawParam_jadx.stdout	9e138b80454551c2b105ae1580fe3a47f08943c2cc3ed96776ca3ee1e7ffac9e
subprocess-logs/0608-jdk23_debug_BoundRawParam_jadx-javac.stderr	43de4f468a87df8ebe927b6a86f5eeada503000d6cc2a0db4c21b479a29f2b58
subprocess-logs/0608-jdk23_debug_BoundRawParam_jadx-javac.stdout	e3b0c44298fc1c149afbf4c8996fb92427ae41e4649b934ca495991b7852b855
subprocess-logs/0609-jdk23_debug_BoundRawParam_jadx-verify-run.stderr	e3b0c44298fc1c149afbf4c8996fb92427ae41e4649b934ca495991b7852b855
subprocess-logs/0609-jdk23_debug_BoundRawParam_jadx-verify-run.stdout	bdeb71e6ccb9da375831745c55c6fa5137fd29b7007948eecaea74516d6991ca
subprocess-logs/0610-jdk23_no-debug_BoundRawParam_jar-contents.stderr	e3b0c44298fc1c149afbf4c8996fb92427ae41e4649b934ca495991b7852b855
subprocess-logs/0610-jdk23_no-debug_BoundRawParam_jar-contents.stdout	075878ec5b85246aaaf568037703e8c8504af213c36e979109d2de5461da85a9
subprocess-logs/0611-jdk23_no-debug_BoundRawParam_original-javac.stderr	db505fdd45bd9b9efa124f9b88456aa2b6bde26402e63e4f8a6d13f0854698e2
subprocess-logs/0611-jdk23_no-debug_BoundRawParam_original-javac.stdout	e3b0c44298fc1c149afbf4c8996fb92427ae41e4649b934ca495991b7852b855
subprocess-logs/0612-jdk23_no-debug_BoundRawParam_javap.stderr	e3b0c44298fc1c149afbf4c8996fb92427ae41e4649b934ca495991b7852b855
subprocess-logs/0612-jdk23_no-debug_BoundRawParam_javap.stdout	a5cc3eb82c80f8280fbc27eb671f298f44ad55c18b51ebd9fb1b1dfee515319e
subprocess-logs/0613-jdk23_no-debug_BoundRawParam_original-probe-javac.stderr	4f875b75f0bac1d971d8fc3ab19a64d5d92273f61235f2bb734eed34ab07458f
subprocess-logs/0613-jdk23_no-debug_BoundRawParam_original-probe-javac.stdout	e3b0c44298fc1c149afbf4c8996fb92427ae41e4649b934ca495991b7852b855
subprocess-logs/0614-jdk23_no-debug_BoundRawParam_original-run.stderr	e3b0c44298fc1c149afbf4c8996fb92427ae41e4649b934ca495991b7852b855
subprocess-logs/0614-jdk23_no-debug_BoundRawParam_original-run.stdout	0c5cb2a465e5db671d09e57d82dc7d2279cee6ef898da3154a4cac90f5c80de8
subprocess-logs/0615-jdk23_no-debug_BoundRawParam_jarde-BoundRawParam.stderr	fc828cb3291ffbe352b2646a87b4867a7f00e8ae7b0f64b1535195a41f98e6e8
subprocess-logs/0615-jdk23_no-debug_BoundRawParam_jarde-BoundRawParam.stdout	81ee814aa442d16bedb0f72f370830c16ee2069d4e84754453ae15445e258294
subprocess-logs/0616-jdk23_no-debug_BoundRawParam_jarde-javac.stderr	8d5833149329b88e4f5a8d177258db86bc49bb94d4f2f3a4313456286ec392c7
subprocess-logs/0616-jdk23_no-debug_BoundRawParam_jarde-javac.stdout	e3b0c44298fc1c149afbf4c8996fb92427ae41e4649b934ca495991b7852b855
subprocess-logs/0617-jdk23_no-debug_BoundRawParam_jarde-verify-run.stderr	e3b0c44298fc1c149afbf4c8996fb92427ae41e4649b934ca495991b7852b855
subprocess-logs/0617-jdk23_no-debug_BoundRawParam_jarde-verify-run.stdout	0c5cb2a465e5db671d09e57d82dc7d2279cee6ef898da3154a4cac90f5c80de8
subprocess-logs/0618-jdk23_no-debug_BoundRawParam_jadx.stderr	e3b0c44298fc1c149afbf4c8996fb92427ae41e4649b934ca495991b7852b855
subprocess-logs/0618-jdk23_no-debug_BoundRawParam_jadx.stdout	d477c8f2bacec7a356da1290150c0fc3993a06101dce16aa40108786176aaeba
subprocess-logs/0619-jdk23_no-debug_BoundRawParam_jadx-javac.stderr	a697362caca6d94796f840c958ef788aed6a5024bbfe02a4da0c0ee84bbd7299
subprocess-logs/0619-jdk23_no-debug_BoundRawParam_jadx-javac.stdout	e3b0c44298fc1c149afbf4c8996fb92427ae41e4649b934ca495991b7852b855
subprocess-logs/0620-jdk23_no-debug_BoundRawParam_jadx-verify-run.stderr	e3b0c44298fc1c149afbf4c8996fb92427ae41e4649b934ca495991b7852b855
subprocess-logs/0620-jdk23_no-debug_BoundRawParam_jadx-verify-run.stdout	bdeb71e6ccb9da375831745c55c6fa5137fd29b7007948eecaea74516d6991ca
subprocess-logs/0621-jdk23_debug_NullRawParam_jar-contents.stderr	e3b0c44298fc1c149afbf4c8996fb92427ae41e4649b934ca495991b7852b855
subprocess-logs/0621-jdk23_debug_NullRawParam_jar-contents.stdout	ec9be3c8fc3cd99b67f4aaee4928989735f2768aa23a4b40308f2268d7274f2c
subprocess-logs/0622-jdk23_debug_NullRawParam_original-javac.stderr	142ae31f012f7500c2f9d50ec9a449f19686005826733b6f6a03739e3c7bbfb9
subprocess-logs/0622-jdk23_debug_NullRawParam_original-javac.stdout	e3b0c44298fc1c149afbf4c8996fb92427ae41e4649b934ca495991b7852b855
subprocess-logs/0623-jdk23_debug_NullRawParam_javap.stderr	e3b0c44298fc1c149afbf4c8996fb92427ae41e4649b934ca495991b7852b855
subprocess-logs/0623-jdk23_debug_NullRawParam_javap.stdout	24639551a84c9f092e03155ca19a00ce4785ab1a0c04ee008338724e5e688749
subprocess-logs/0624-jdk23_debug_NullRawParam_original-probe-javac.stderr	4f875b75f0bac1d971d8fc3ab19a64d5d92273f61235f2bb734eed34ab07458f
subprocess-logs/0624-jdk23_debug_NullRawParam_original-probe-javac.stdout	e3b0c44298fc1c149afbf4c8996fb92427ae41e4649b934ca495991b7852b855
subprocess-logs/0625-jdk23_debug_NullRawParam_original-run.stderr	e3b0c44298fc1c149afbf4c8996fb92427ae41e4649b934ca495991b7852b855
subprocess-logs/0625-jdk23_debug_NullRawParam_original-run.stdout	99432d5aa83e97874597f1a0fde12c2a963ce4099787ae00fd33faff35b18418
subprocess-logs/0626-jdk23_debug_NullRawParam_jarde-NullRawParam.stderr	44265c3ef731c5a8c239e6eb985e368dae4f5b23e84ff330c97e85f06d24e1c7
subprocess-logs/0626-jdk23_debug_NullRawParam_jarde-NullRawParam.stdout	f60daa335370ba4b9535a79d8a6039e957fde7f7fbf1179b722b7dff8c1bb168
subprocess-logs/0627-jdk23_debug_NullRawParam_jarde-javac.stderr	5c5d7948e1cf669505b7a8f071df0920c036c3f492bb8abd67726fd673c0a4e4
subprocess-logs/0627-jdk23_debug_NullRawParam_jarde-javac.stdout	e3b0c44298fc1c149afbf4c8996fb92427ae41e4649b934ca495991b7852b855
subprocess-logs/0628-jdk23_debug_NullRawParam_jarde-verify-run.stderr	e3b0c44298fc1c149afbf4c8996fb92427ae41e4649b934ca495991b7852b855
subprocess-logs/0628-jdk23_debug_NullRawParam_jarde-verify-run.stdout	99432d5aa83e97874597f1a0fde12c2a963ce4099787ae00fd33faff35b18418
subprocess-logs/0629-jdk23_debug_NullRawParam_jadx.stderr	e3b0c44298fc1c149afbf4c8996fb92427ae41e4649b934ca495991b7852b855
subprocess-logs/0629-jdk23_debug_NullRawParam_jadx.stdout	8db66b577477871861c55113511bf4763becb3110518493aee51b126129ebcd2
subprocess-logs/0630-jdk23_debug_NullRawParam_jadx-javac.stderr	8d73c3cb206d6ce7d06c163d61568402b0bbe6e17f9a5dae3e8d295eaa54aff9
subprocess-logs/0630-jdk23_debug_NullRawParam_jadx-javac.stdout	e3b0c44298fc1c149afbf4c8996fb92427ae41e4649b934ca495991b7852b855
subprocess-logs/0631-jdk23_debug_NullRawParam_jadx-verify-run.stderr	e3b0c44298fc1c149afbf4c8996fb92427ae41e4649b934ca495991b7852b855
subprocess-logs/0631-jdk23_debug_NullRawParam_jadx-verify-run.stdout	f4e759450c3306919076b843e677ebd4315a206a7a08c607258e8ee49a6eb720
subprocess-logs/0632-jdk23_no-debug_NullRawParam_jar-contents.stderr	e3b0c44298fc1c149afbf4c8996fb92427ae41e4649b934ca495991b7852b855
subprocess-logs/0632-jdk23_no-debug_NullRawParam_jar-contents.stdout	ec9be3c8fc3cd99b67f4aaee4928989735f2768aa23a4b40308f2268d7274f2c
subprocess-logs/0633-jdk23_no-debug_NullRawParam_original-javac.stderr	142ae31f012f7500c2f9d50ec9a449f19686005826733b6f6a03739e3c7bbfb9
subprocess-logs/0633-jdk23_no-debug_NullRawParam_original-javac.stdout	e3b0c44298fc1c149afbf4c8996fb92427ae41e4649b934ca495991b7852b855
subprocess-logs/0634-jdk23_no-debug_NullRawParam_javap.stderr	e3b0c44298fc1c149afbf4c8996fb92427ae41e4649b934ca495991b7852b855
subprocess-logs/0634-jdk23_no-debug_NullRawParam_javap.stdout	3da7f16383956fcfba0362b07d0397c4521642a0129cb1d11a6d5b0794734e43
subprocess-logs/0635-jdk23_no-debug_NullRawParam_original-probe-javac.stderr	4f875b75f0bac1d971d8fc3ab19a64d5d92273f61235f2bb734eed34ab07458f
subprocess-logs/0635-jdk23_no-debug_NullRawParam_original-probe-javac.stdout	e3b0c44298fc1c149afbf4c8996fb92427ae41e4649b934ca495991b7852b855
subprocess-logs/0636-jdk23_no-debug_NullRawParam_original-run.stderr	e3b0c44298fc1c149afbf4c8996fb92427ae41e4649b934ca495991b7852b855
subprocess-logs/0636-jdk23_no-debug_NullRawParam_original-run.stdout	99432d5aa83e97874597f1a0fde12c2a963ce4099787ae00fd33faff35b18418
subprocess-logs/0637-jdk23_no-debug_NullRawParam_jarde-NullRawParam.stderr	16a236d514ebcc02d03caef5d1073742b56bc3f0076b173c47736e54182e9b2c
subprocess-logs/0637-jdk23_no-debug_NullRawParam_jarde-NullRawParam.stdout	d68300b3bdd64dc0a1769de4c77a88e3eebccc14b47a17dc3e1ee4f8165ca2e2
subprocess-logs/0638-jdk23_no-debug_NullRawParam_jarde-javac.stderr	26c805676e40aeb93ba625d33eec457625c57554860c4c14368cb3247ec24a64
subprocess-logs/0638-jdk23_no-debug_NullRawParam_jarde-javac.stdout	e3b0c44298fc1c149afbf4c8996fb92427ae41e4649b934ca495991b7852b855
subprocess-logs/0639-jdk23_no-debug_NullRawParam_jarde-verify-run.stderr	e3b0c44298fc1c149afbf4c8996fb92427ae41e4649b934ca495991b7852b855
subprocess-logs/0639-jdk23_no-debug_NullRawParam_jarde-verify-run.stdout	99432d5aa83e97874597f1a0fde12c2a963ce4099787ae00fd33faff35b18418
subprocess-logs/0640-jdk23_no-debug_NullRawParam_jadx.stderr	e3b0c44298fc1c149afbf4c8996fb92427ae41e4649b934ca495991b7852b855
subprocess-logs/0640-jdk23_no-debug_NullRawParam_jadx.stdout	78362d64a5d4770ea27e4300e19a1b6beee4cd8086556aa4b70e0a2eff8e07f0
subprocess-logs/0641-jdk23_no-debug_NullRawParam_jadx-javac.stderr	dfb163953dbbb1a9c88899157189add8c174839319f194be6a9c5b7aa38dd296
subprocess-logs/0641-jdk23_no-debug_NullRawParam_jadx-javac.stdout	e3b0c44298fc1c149afbf4c8996fb92427ae41e4649b934ca495991b7852b855
subprocess-logs/0642-jdk23_no-debug_NullRawParam_jadx-verify-run.stderr	e3b0c44298fc1c149afbf4c8996fb92427ae41e4649b934ca495991b7852b855
subprocess-logs/0642-jdk23_no-debug_NullRawParam_jadx-verify-run.stdout	f4e759450c3306919076b843e677ebd4315a206a7a08c607258e8ee49a6eb720
subprocess-logs/0643-jdk23_debug_RetainedAliasRawParam_jar-contents.stderr	e3b0c44298fc1c149afbf4c8996fb92427ae41e4649b934ca495991b7852b855
subprocess-logs/0643-jdk23_debug_RetainedAliasRawParam_jar-contents.stdout	a1985b9d7beb306cabb087220b328de3b90ea1632d23bad706a4d4d2071ef201
subprocess-logs/0644-jdk23_debug_RetainedAliasRawParam_original-javac.stderr	f3d54802be68d3a5ea5882fb6e1cc05904d541ecebc1b395c733ff97352fa0eb
subprocess-logs/0644-jdk23_debug_RetainedAliasRawParam_original-javac.stdout	e3b0c44298fc1c149afbf4c8996fb92427ae41e4649b934ca495991b7852b855
subprocess-logs/0645-jdk23_debug_RetainedAliasRawParam_javap.stderr	e3b0c44298fc1c149afbf4c8996fb92427ae41e4649b934ca495991b7852b855
subprocess-logs/0645-jdk23_debug_RetainedAliasRawParam_javap.stdout	52f1a5e1188002499119033efef31c9651210558f5418d43808f7d80148d4ac7
subprocess-logs/0646-jdk23_debug_RetainedAliasRawParam_original-probe-javac.stderr	4f875b75f0bac1d971d8fc3ab19a64d5d92273f61235f2bb734eed34ab07458f
subprocess-logs/0646-jdk23_debug_RetainedAliasRawParam_original-probe-javac.stdout	e3b0c44298fc1c149afbf4c8996fb92427ae41e4649b934ca495991b7852b855
subprocess-logs/0647-jdk23_debug_RetainedAliasRawParam_original-run.stderr	e3b0c44298fc1c149afbf4c8996fb92427ae41e4649b934ca495991b7852b855
subprocess-logs/0647-jdk23_debug_RetainedAliasRawParam_original-run.stdout	587147b6fcdb6f90959b73653be0302d121556b4c0626fb20a88ff47291ce8ff
subprocess-logs/0648-jdk23_debug_RetainedAliasRawParam_jarde-RetainedAliasRawParam.stderr	d1886f6db8dca5f9048d9651fdd63d69a91ca992e6ae834e0549189ef72ee35e
subprocess-logs/0648-jdk23_debug_RetainedAliasRawParam_jarde-RetainedAliasRawParam.stdout	67c03164c7f4c286881d760c247bdc8ed73c851a4377db2751830cc607eb3f89
subprocess-logs/0649-jdk23_debug_RetainedAliasRawParam_jarde-javac.stderr	e360ea4be4c6bce6e4fbbafc44919e3d15af0544cbadb70d61ef740e77dfe8eb
subprocess-logs/0649-jdk23_debug_RetainedAliasRawParam_jarde-javac.stdout	e3b0c44298fc1c149afbf4c8996fb92427ae41e4649b934ca495991b7852b855
subprocess-logs/0650-jdk23_debug_RetainedAliasRawParam_jarde-verify-run.stderr	e3b0c44298fc1c149afbf4c8996fb92427ae41e4649b934ca495991b7852b855
subprocess-logs/0650-jdk23_debug_RetainedAliasRawParam_jarde-verify-run.stdout	587147b6fcdb6f90959b73653be0302d121556b4c0626fb20a88ff47291ce8ff
subprocess-logs/0651-jdk23_debug_RetainedAliasRawParam_jadx.stderr	e3b0c44298fc1c149afbf4c8996fb92427ae41e4649b934ca495991b7852b855
subprocess-logs/0651-jdk23_debug_RetainedAliasRawParam_jadx.stdout	efa031dcb46ef5bcd58a0a7f70296952600443bee8c56fc30d6d3d2c1ff49133
subprocess-logs/0652-jdk23_debug_RetainedAliasRawParam_jadx-javac.stderr	5407154f734c593e815d8d36ca215cb0a269e981e220a6e6e01a2e9e15c5dc5b
subprocess-logs/0652-jdk23_debug_RetainedAliasRawParam_jadx-javac.stdout	e3b0c44298fc1c149afbf4c8996fb92427ae41e4649b934ca495991b7852b855
subprocess-logs/0653-jdk23_debug_RetainedAliasRawParam_jadx-verify-run.stderr	e3b0c44298fc1c149afbf4c8996fb92427ae41e4649b934ca495991b7852b855
subprocess-logs/0653-jdk23_debug_RetainedAliasRawParam_jadx-verify-run.stdout	f92fd71052669f4c2419e8516949617f14ee858caeb232d80d63117f41ea2d94
subprocess-logs/0654-jdk23_no-debug_RetainedAliasRawParam_jar-contents.stderr	e3b0c44298fc1c149afbf4c8996fb92427ae41e4649b934ca495991b7852b855
subprocess-logs/0654-jdk23_no-debug_RetainedAliasRawParam_jar-contents.stdout	a1985b9d7beb306cabb087220b328de3b90ea1632d23bad706a4d4d2071ef201
subprocess-logs/0655-jdk23_no-debug_RetainedAliasRawParam_original-javac.stderr	f3d54802be68d3a5ea5882fb6e1cc05904d541ecebc1b395c733ff97352fa0eb
subprocess-logs/0655-jdk23_no-debug_RetainedAliasRawParam_original-javac.stdout	e3b0c44298fc1c149afbf4c8996fb92427ae41e4649b934ca495991b7852b855
subprocess-logs/0656-jdk23_no-debug_RetainedAliasRawParam_javap.stderr	e3b0c44298fc1c149afbf4c8996fb92427ae41e4649b934ca495991b7852b855
subprocess-logs/0656-jdk23_no-debug_RetainedAliasRawParam_javap.stdout	62fc5ac7f72922c89480e5a834531e8f83800794857777d7708557259feddc97
subprocess-logs/0657-jdk23_no-debug_RetainedAliasRawParam_original-probe-javac.stderr	4f875b75f0bac1d971d8fc3ab19a64d5d92273f61235f2bb734eed34ab07458f
subprocess-logs/0657-jdk23_no-debug_RetainedAliasRawParam_original-probe-javac.stdout	e3b0c44298fc1c149afbf4c8996fb92427ae41e4649b934ca495991b7852b855
subprocess-logs/0658-jdk23_no-debug_RetainedAliasRawParam_original-run.stderr	e3b0c44298fc1c149afbf4c8996fb92427ae41e4649b934ca495991b7852b855
subprocess-logs/0658-jdk23_no-debug_RetainedAliasRawParam_original-run.stdout	587147b6fcdb6f90959b73653be0302d121556b4c0626fb20a88ff47291ce8ff
subprocess-logs/0659-jdk23_no-debug_RetainedAliasRawParam_jarde-RetainedAliasRawParam.stderr	cf0bb3dc07f8aab4641cc1e2f894f054ff0eed92662f06c663bdda8404abe94a
subprocess-logs/0659-jdk23_no-debug_RetainedAliasRawParam_jarde-RetainedAliasRawParam.stdout	e3536151d6425f7cf9e601be73cd6fccdb94be39c2157ee6ae0f84a8c7d364e5
subprocess-logs/0660-jdk23_no-debug_RetainedAliasRawParam_jarde-javac.stderr	7d524e20d5fedae8b8f3e21d3b9e0b21b9d152f68f04d773cdf9b6c7a4cb5e3b
subprocess-logs/0660-jdk23_no-debug_RetainedAliasRawParam_jarde-javac.stdout	e3b0c44298fc1c149afbf4c8996fb92427ae41e4649b934ca495991b7852b855
subprocess-logs/0661-jdk23_no-debug_RetainedAliasRawParam_jarde-verify-run.stderr	e3b0c44298fc1c149afbf4c8996fb92427ae41e4649b934ca495991b7852b855
subprocess-logs/0661-jdk23_no-debug_RetainedAliasRawParam_jarde-verify-run.stdout	587147b6fcdb6f90959b73653be0302d121556b4c0626fb20a88ff47291ce8ff
subprocess-logs/0662-jdk23_no-debug_RetainedAliasRawParam_jadx.stderr	e3b0c44298fc1c149afbf4c8996fb92427ae41e4649b934ca495991b7852b855
subprocess-logs/0662-jdk23_no-debug_RetainedAliasRawParam_jadx.stdout	0d0b96141e9dda0c1d02219914e746851a2e6223343e6f0e55d6e6f519556263
subprocess-logs/0663-jdk23_no-debug_RetainedAliasRawParam_jadx-javac.stderr	6427f7665e7b6ac8835396afb11bdcf0ecdeff31c02fc187fbb252132a1055ee
subprocess-logs/0663-jdk23_no-debug_RetainedAliasRawParam_jadx-javac.stdout	e3b0c44298fc1c149afbf4c8996fb92427ae41e4649b934ca495991b7852b855
subprocess-logs/0664-jdk23_no-debug_RetainedAliasRawParam_jadx-verify-run.stderr	e3b0c44298fc1c149afbf4c8996fb92427ae41e4649b934ca495991b7852b855
subprocess-logs/0664-jdk23_no-debug_RetainedAliasRawParam_jadx-verify-run.stdout	f92fd71052669f4c2419e8516949617f14ee858caeb232d80d63117f41ea2d94
subprocess-logs/0665-jdk23_debug_MultiFormalRawParam_jar-contents.stderr	e3b0c44298fc1c149afbf4c8996fb92427ae41e4649b934ca495991b7852b855
subprocess-logs/0665-jdk23_debug_MultiFormalRawParam_jar-contents.stdout	4bc05ecbba4968bacfc686b7e4b7523216b1c1705eac9aef254aaff653bf7e55
subprocess-logs/0666-jdk23_debug_MultiFormalRawParam_original-javac.stderr	1bf9910e61d8cb783de3e626bfbf32d9f68db8362067c4351c9e3b064f561a4e
subprocess-logs/0666-jdk23_debug_MultiFormalRawParam_original-javac.stdout	e3b0c44298fc1c149afbf4c8996fb92427ae41e4649b934ca495991b7852b855
subprocess-logs/0667-jdk23_debug_MultiFormalRawParam_javap.stderr	e3b0c44298fc1c149afbf4c8996fb92427ae41e4649b934ca495991b7852b855
subprocess-logs/0667-jdk23_debug_MultiFormalRawParam_javap.stdout	c0f896241d7a15ce2877ce98de100e669f49b4bece1511ba65c16a2fa4ce30e8
subprocess-logs/0668-jdk23_debug_MultiFormalRawParam_original-probe-javac.stderr	4f875b75f0bac1d971d8fc3ab19a64d5d92273f61235f2bb734eed34ab07458f
subprocess-logs/0668-jdk23_debug_MultiFormalRawParam_original-probe-javac.stdout	e3b0c44298fc1c149afbf4c8996fb92427ae41e4649b934ca495991b7852b855
subprocess-logs/0669-jdk23_debug_MultiFormalRawParam_original-run.stderr	e3b0c44298fc1c149afbf4c8996fb92427ae41e4649b934ca495991b7852b855
subprocess-logs/0669-jdk23_debug_MultiFormalRawParam_original-run.stdout	6d16de1512a82cf13a56f94903001249dbfdb1ab81b29b817616448334e1d0c4
subprocess-logs/0670-jdk23_debug_MultiFormalRawParam_jarde-MultiFormalRawParam.stderr	9ebf31c2b41a3c459ca8cac3a52f55006da514bd8794dcad0b328793634e92e6
subprocess-logs/0670-jdk23_debug_MultiFormalRawParam_jarde-MultiFormalRawParam.stdout	f619dc6de622abbbb601490c87b29154ed05f1dc9da16fd08f994de9faa1e729
subprocess-logs/0671-jdk23_debug_MultiFormalRawParam_jarde-javac.stderr	d33ddaa129d4363b3aeca7997c0f68ce25ca2be176e23804af7335a900d98fbf
subprocess-logs/0671-jdk23_debug_MultiFormalRawParam_jarde-javac.stdout	e3b0c44298fc1c149afbf4c8996fb92427ae41e4649b934ca495991b7852b855
subprocess-logs/0672-jdk23_debug_MultiFormalRawParam_jarde-verify-run.stderr	e3b0c44298fc1c149afbf4c8996fb92427ae41e4649b934ca495991b7852b855
subprocess-logs/0672-jdk23_debug_MultiFormalRawParam_jarde-verify-run.stdout	8bc5d0b9f7ed8f8820c0a056a24f74615b3e6104dd1ccada41aee9975df41485
subprocess-logs/0673-jdk23_debug_MultiFormalRawParam_jadx.stderr	e3b0c44298fc1c149afbf4c8996fb92427ae41e4649b934ca495991b7852b855
subprocess-logs/0673-jdk23_debug_MultiFormalRawParam_jadx.stdout	7f12d7d664cc3e3799d39d518003061f5c23c5446279f8e6c8153b8e42b91467
subprocess-logs/0674-jdk23_debug_MultiFormalRawParam_jadx-javac.stderr	bff855f27a95f73281fa9aa4f7a2e9e00cf5ecb833b0a7ddc7b55e004a27bba9
subprocess-logs/0674-jdk23_debug_MultiFormalRawParam_jadx-javac.stdout	e3b0c44298fc1c149afbf4c8996fb92427ae41e4649b934ca495991b7852b855
subprocess-logs/0675-jdk23_debug_MultiFormalRawParam_jadx-verify-run.stderr	e3b0c44298fc1c149afbf4c8996fb92427ae41e4649b934ca495991b7852b855
subprocess-logs/0675-jdk23_debug_MultiFormalRawParam_jadx-verify-run.stdout	8d284d37fb44425659f63776c8f684d596146724e653b1147b4adc2b7c50d4e2
subprocess-logs/0676-jdk23_no-debug_MultiFormalRawParam_jar-contents.stderr	e3b0c44298fc1c149afbf4c8996fb92427ae41e4649b934ca495991b7852b855
subprocess-logs/0676-jdk23_no-debug_MultiFormalRawParam_jar-contents.stdout	4bc05ecbba4968bacfc686b7e4b7523216b1c1705eac9aef254aaff653bf7e55
subprocess-logs/0677-jdk23_no-debug_MultiFormalRawParam_original-javac.stderr	1bf9910e61d8cb783de3e626bfbf32d9f68db8362067c4351c9e3b064f561a4e
subprocess-logs/0677-jdk23_no-debug_MultiFormalRawParam_original-javac.stdout	e3b0c44298fc1c149afbf4c8996fb92427ae41e4649b934ca495991b7852b855
subprocess-logs/0678-jdk23_no-debug_MultiFormalRawParam_javap.stderr	e3b0c44298fc1c149afbf4c8996fb92427ae41e4649b934ca495991b7852b855
subprocess-logs/0678-jdk23_no-debug_MultiFormalRawParam_javap.stdout	4a09857ffb5fb119716fadaab498240930a0315b6ec6efcbac843d0b6ecd0729
subprocess-logs/0679-jdk23_no-debug_MultiFormalRawParam_original-probe-javac.stderr	4f875b75f0bac1d971d8fc3ab19a64d5d92273f61235f2bb734eed34ab07458f
subprocess-logs/0679-jdk23_no-debug_MultiFormalRawParam_original-probe-javac.stdout	e3b0c44298fc1c149afbf4c8996fb92427ae41e4649b934ca495991b7852b855
subprocess-logs/0680-jdk23_no-debug_MultiFormalRawParam_original-run.stderr	e3b0c44298fc1c149afbf4c8996fb92427ae41e4649b934ca495991b7852b855
subprocess-logs/0680-jdk23_no-debug_MultiFormalRawParam_original-run.stdout	6d16de1512a82cf13a56f94903001249dbfdb1ab81b29b817616448334e1d0c4
subprocess-logs/0681-jdk23_no-debug_MultiFormalRawParam_jarde-MultiFormalRawParam.stderr	6d46658d847c00392b58237e980c713b35623f6aeedb7f2ade06cca679eec373
subprocess-logs/0681-jdk23_no-debug_MultiFormalRawParam_jarde-MultiFormalRawParam.stdout	25dc6e16e8b9f5a62fe2333fe44c3491fde8f6d40b762bca42951af6d817bbd1
subprocess-logs/0682-jdk23_no-debug_MultiFormalRawParam_jarde-javac.stderr	d2c5f6cfd70da00dfee2cf4940ade5fe6a5bc8043fc937ba7774676b8e9f9047
subprocess-logs/0682-jdk23_no-debug_MultiFormalRawParam_jarde-javac.stdout	e3b0c44298fc1c149afbf4c8996fb92427ae41e4649b934ca495991b7852b855
subprocess-logs/0683-jdk23_no-debug_MultiFormalRawParam_jarde-verify-run.stderr	e3b0c44298fc1c149afbf4c8996fb92427ae41e4649b934ca495991b7852b855
subprocess-logs/0683-jdk23_no-debug_MultiFormalRawParam_jarde-verify-run.stdout	8bc5d0b9f7ed8f8820c0a056a24f74615b3e6104dd1ccada41aee9975df41485
subprocess-logs/0684-jdk23_no-debug_MultiFormalRawParam_jadx.stderr	e3b0c44298fc1c149afbf4c8996fb92427ae41e4649b934ca495991b7852b855
subprocess-logs/0684-jdk23_no-debug_MultiFormalRawParam_jadx.stdout	b040840fb26c07bfb5ceae27fd98d9182236aa7625dd229cc360b4f1e0e01fe1
subprocess-logs/0685-jdk23_no-debug_MultiFormalRawParam_jadx-javac.stderr	167d4f6c519de182d45212ee1eb8ce0be015806170774155de13d0856e9b3553
subprocess-logs/0685-jdk23_no-debug_MultiFormalRawParam_jadx-javac.stdout	e3b0c44298fc1c149afbf4c8996fb92427ae41e4649b934ca495991b7852b855
subprocess-logs/0686-jdk23_no-debug_MultiFormalRawParam_jadx-verify-run.stderr	e3b0c44298fc1c149afbf4c8996fb92427ae41e4649b934ca495991b7852b855
subprocess-logs/0686-jdk23_no-debug_MultiFormalRawParam_jadx-verify-run.stdout	8d284d37fb44425659f63776c8f684d596146724e653b1147b4adc2b7c50d4e2
subprocess-logs/0687-jdk23_debug_RawOwnerChild_jar-contents.stderr	e3b0c44298fc1c149afbf4c8996fb92427ae41e4649b934ca495991b7852b855
subprocess-logs/0687-jdk23_debug_RawOwnerChild_jar-contents.stdout	8fe6ebef204dbd6d19631ba48bbbd5ec4ae5213f3712a9629e2c6cdec917a44e
subprocess-logs/0688-jdk23_debug_RawOwnerChild_original-javac.stderr	2c8b44e4bbe4b1e75d913c852f8e972539180b23f0b541195865269775f55698
subprocess-logs/0688-jdk23_debug_RawOwnerChild_original-javac.stdout	e3b0c44298fc1c149afbf4c8996fb92427ae41e4649b934ca495991b7852b855
subprocess-logs/0689-jdk23_debug_RawOwnerChild_javap.stderr	e3b0c44298fc1c149afbf4c8996fb92427ae41e4649b934ca495991b7852b855
subprocess-logs/0689-jdk23_debug_RawOwnerChild_javap.stdout	0132462da1080853f38ff9c046056abc9d806c2dcc4f0512ee12bbb1c19261fa
subprocess-logs/0690-jdk23_debug_RawOwnerChild_original-probe-javac.stderr	4f875b75f0bac1d971d8fc3ab19a64d5d92273f61235f2bb734eed34ab07458f
subprocess-logs/0690-jdk23_debug_RawOwnerChild_original-probe-javac.stdout	e3b0c44298fc1c149afbf4c8996fb92427ae41e4649b934ca495991b7852b855
subprocess-logs/0691-jdk23_debug_RawOwnerChild_original-run.stderr	e3b0c44298fc1c149afbf4c8996fb92427ae41e4649b934ca495991b7852b855
subprocess-logs/0691-jdk23_debug_RawOwnerChild_original-run.stdout	c25e0c82c8f818f082f08ceef41ac63b15ed1ce4bb020bcf1eff5396c577b047
subprocess-logs/0692-jdk23_debug_RawOwnerChild_jarde-RawOwnerChild.stderr	833ebc4c48c9aa82d3b73ccb9862bd95bf8cbaf12e069fb7941235c304fc9367
subprocess-logs/0692-jdk23_debug_RawOwnerChild_jarde-RawOwnerChild.stdout	85654234ed265aea8c2af90fe4353ca2be2b352c36d98476b0f89a9661e064cd
subprocess-logs/0693-jdk23_debug_RawOwnerChild_jarde-RawOwnerBase.stderr	aca0c220c88ed78307b61f4e589421712ca6a9cc3a446ba73b9a7a7224411f9e
subprocess-logs/0693-jdk23_debug_RawOwnerChild_jarde-RawOwnerBase.stdout	f400195673e17b46cfe5e1ecf2dfa6ad1e569fc2a83c23d92202a00ba21aba24
subprocess-logs/0694-jdk23_debug_RawOwnerChild_jarde-javac.stderr	38a4463db6184b1d9629188f584a29615928f8c83aa0cb7971cbfb08bbd823af
subprocess-logs/0694-jdk23_debug_RawOwnerChild_jarde-javac.stdout	e3b0c44298fc1c149afbf4c8996fb92427ae41e4649b934ca495991b7852b855
subprocess-logs/0695-jdk23_debug_RawOwnerChild_jarde-verify-run.stderr	e3b0c44298fc1c149afbf4c8996fb92427ae41e4649b934ca495991b7852b855
subprocess-logs/0695-jdk23_debug_RawOwnerChild_jarde-verify-run.stdout	e65da6d8f2478e3a0b6f43759b106518ecb2b77f17bd072cf737ed70a4ac28ad
subprocess-logs/0696-jdk23_debug_RawOwnerChild_jadx.stderr	e3b0c44298fc1c149afbf4c8996fb92427ae41e4649b934ca495991b7852b855
subprocess-logs/0696-jdk23_debug_RawOwnerChild_jadx.stdout	6c98674d5819aff5b0ce8c68cf3ece4cbebd831816c7f8632c268444656056d5
subprocess-logs/0697-jdk23_debug_RawOwnerChild_jadx-javac.stderr	c62ac97ecb3415176bed1099a1afb938d49b0d5a7ca3da6e8f46bf256227fa8f
subprocess-logs/0697-jdk23_debug_RawOwnerChild_jadx-javac.stdout	e3b0c44298fc1c149afbf4c8996fb92427ae41e4649b934ca495991b7852b855
subprocess-logs/0698-jdk23_debug_RawOwnerChild_jadx-verify-run.stderr	e3b0c44298fc1c149afbf4c8996fb92427ae41e4649b934ca495991b7852b855
subprocess-logs/0698-jdk23_debug_RawOwnerChild_jadx-verify-run.stdout	2404a47a7f7c206decbce521d1ad8ca2966f33929a01a6e1cd462d7eda65b76b
subprocess-logs/0699-jdk23_no-debug_RawOwnerChild_jar-contents.stderr	e3b0c44298fc1c149afbf4c8996fb92427ae41e4649b934ca495991b7852b855
subprocess-logs/0699-jdk23_no-debug_RawOwnerChild_jar-contents.stdout	8fe6ebef204dbd6d19631ba48bbbd5ec4ae5213f3712a9629e2c6cdec917a44e
subprocess-logs/0700-jdk23_no-debug_RawOwnerChild_original-javac.stderr	2c8b44e4bbe4b1e75d913c852f8e972539180b23f0b541195865269775f55698
subprocess-logs/0700-jdk23_no-debug_RawOwnerChild_original-javac.stdout	e3b0c44298fc1c149afbf4c8996fb92427ae41e4649b934ca495991b7852b855
subprocess-logs/0701-jdk23_no-debug_RawOwnerChild_javap.stderr	e3b0c44298fc1c149afbf4c8996fb92427ae41e4649b934ca495991b7852b855
subprocess-logs/0701-jdk23_no-debug_RawOwnerChild_javap.stdout	1faa3568f1ac92d22de17f20c46261e9ec207e3b1e8a44f5dbe98337e214c13e
subprocess-logs/0702-jdk23_no-debug_RawOwnerChild_original-probe-javac.stderr	4f875b75f0bac1d971d8fc3ab19a64d5d92273f61235f2bb734eed34ab07458f
subprocess-logs/0702-jdk23_no-debug_RawOwnerChild_original-probe-javac.stdout	e3b0c44298fc1c149afbf4c8996fb92427ae41e4649b934ca495991b7852b855
subprocess-logs/0703-jdk23_no-debug_RawOwnerChild_original-run.stderr	e3b0c44298fc1c149afbf4c8996fb92427ae41e4649b934ca495991b7852b855
subprocess-logs/0703-jdk23_no-debug_RawOwnerChild_original-run.stdout	c25e0c82c8f818f082f08ceef41ac63b15ed1ce4bb020bcf1eff5396c577b047
subprocess-logs/0704-jdk23_no-debug_RawOwnerChild_jarde-RawOwnerChild.stderr	785b3996fe0c6de2fa96cf62e13e7875e2a924bd98533095f80e24dfe25c1bfa
subprocess-logs/0704-jdk23_no-debug_RawOwnerChild_jarde-RawOwnerChild.stdout	8bc50b0f6cb5bc0a65e96706a623c1fc4bc19fa7d9d3586ebaace845198a1015
subprocess-logs/0705-jdk23_no-debug_RawOwnerChild_jarde-RawOwnerBase.stderr	d862e222c52a8aaea762c793c0d0efdf1b1768d2f6553dcddcaf58b487c51974
subprocess-logs/0705-jdk23_no-debug_RawOwnerChild_jarde-RawOwnerBase.stdout	f400195673e17b46cfe5e1ecf2dfa6ad1e569fc2a83c23d92202a00ba21aba24
subprocess-logs/0706-jdk23_no-debug_RawOwnerChild_jarde-javac.stderr	8b66b4c38a4859df89cfe9363c4d5ed57cfd340860e811c3443e31683c03cd5e
subprocess-logs/0706-jdk23_no-debug_RawOwnerChild_jarde-javac.stdout	e3b0c44298fc1c149afbf4c8996fb92427ae41e4649b934ca495991b7852b855
subprocess-logs/0707-jdk23_no-debug_RawOwnerChild_jarde-verify-run.stderr	e3b0c44298fc1c149afbf4c8996fb92427ae41e4649b934ca495991b7852b855
subprocess-logs/0707-jdk23_no-debug_RawOwnerChild_jarde-verify-run.stdout	e65da6d8f2478e3a0b6f43759b106518ecb2b77f17bd072cf737ed70a4ac28ad
subprocess-logs/0708-jdk23_no-debug_RawOwnerChild_jadx.stderr	e3b0c44298fc1c149afbf4c8996fb92427ae41e4649b934ca495991b7852b855
subprocess-logs/0708-jdk23_no-debug_RawOwnerChild_jadx.stdout	6c98674d5819aff5b0ce8c68cf3ece4cbebd831816c7f8632c268444656056d5
subprocess-logs/0709-jdk23_no-debug_RawOwnerChild_jadx-javac.stderr	064c5619b210052ef724abac5a58e899e1a8d2ed922bd6d6eecdc7430535c055
subprocess-logs/0709-jdk23_no-debug_RawOwnerChild_jadx-javac.stdout	e3b0c44298fc1c149afbf4c8996fb92427ae41e4649b934ca495991b7852b855
subprocess-logs/0710-jdk23_no-debug_RawOwnerChild_jadx-verify-run.stderr	e3b0c44298fc1c149afbf4c8996fb92427ae41e4649b934ca495991b7852b855
subprocess-logs/0710-jdk23_no-debug_RawOwnerChild_jadx-verify-run.stdout	2404a47a7f7c206decbce521d1ad8ca2966f33929a01a6e1cd462d7eda65b76b
subprocesses.jsonl	8891d2b2532b6b3d0da92b09fee8edda1a4afef0ec4577bd6bdff5b34ea6d563
versions/frozen-input-jar-hashes.tsv	01066ef00dd1d514566c806fba7b80aeb7097218a09068765fdb8422fc02cbe7
versions/jadx-cli.txt	9c5955fc99a60b8f6dee6cf582c4420d91e1b3e2a201f532c91e2cbdfce7fa51
versions/jarde-cli.txt	4e3523057f610dda085c877b3d636cbdeb15c23a541dba3b399c7c04eb4b14b5
versions/source-hashes.tsv	b3ec9e0f673ff4d67d64590f7ddd47e605b793484d2cd923fb17c15088f0d6e1
versions/tool-hashes.tsv	13d8b5a9e9e992895bf973dd55127ea00e6d260cb8ffd838d2dac62bab4da16f
