// jarde: presentation of `em17/Shapes` from the class file's own declaration and one recovery run per member.
// jarde: not a compilable project: no imports and no resources are claimed (the `package` line is the class file's own name, not a claim about a directory); every place this text is not a full recovery carries a marker of this prefix.
package em17;

public class Shapes extends java.lang.Object {
    private char[] payload;

    public Shapes(byte[] arg1) {
        // @method <init>([B)V
        // @declaration a constructor of `em17.Shapes`, member flags 0x0001
        // recovered from bytecode; presentation is not claimed to compile
        super();
        char[] local2 = toChars(arg1);
        this.payload = new char[local2.length];
        java.lang.System.arraycopy((java.lang.Object) local2, 0, (java.lang.Object) this.payload, 0, arg1.length);
        return;
    }

    private static char[] toChars(byte[] arg0) {
        // @method toChars([B)[C
        // @declaration a static method of `em17.Shapes`, member flags 0x000a
        // recovered from bytecode; presentation is not claimed to compile
        return new char[arg0.length];
    }

    public int payloadLength() {
        // @method payloadLength()I
        // @declaration an instance method of `em17.Shapes`, member flags 0x0001
        // recovered from bytecode; presentation is not claimed to compile
        return this.payload.length;
    }

    public static long[][] longRows(int arg0) {
        // @method longRows(I)[[J
        // @declaration a static method of `em17.Shapes`, member flags 0x0009
        // recovered from bytecode; presentation is not claimed to compile
        return new long[arg0][];
    }

    public static java.lang.String[][] stringRows(int arg0) {
        // @method stringRows(I)[[Ljava/lang/String;
        // @declaration a static method of `em17.Shapes`, member flags 0x0009
        // recovered from bytecode; presentation is not claimed to compile
        return new java.lang.String[arg0][];
    }

    public static int[][][] deep(int arg0) {
        // @method deep(I)[[[I
        // @declaration a static method of `em17.Shapes`, member flags 0x0009
        // recovered from bytecode; presentation is not claimed to compile
        return new int[arg0][][];
    }

    public static int[][] full(int arg0, int arg1) {
        // @method full(II)[[I
        // @declaration a static method of `em17.Shapes`, member flags 0x0009
        // recovered from bytecode; presentation is not claimed to compile
        return new int[arg0][arg1];
    }

    public static int[][] literal(int arg0, int arg1) {
        // @method literal(II)[[I
        // @declaration a static method of `em17.Shapes`, member flags 0x0009
        // recovered from bytecode; presentation is not claimed to compile
        return new int[][]{new int[]{1}, new int[]{arg0, arg1}, new int[0]};
    }

    public static java.lang.Object[] wrapped(byte[] arg0) {
        // @method wrapped([B)[Ljava/lang/Object;
        // @declaration a static method of `em17.Shapes`, member flags 0x0009
        // recovered from bytecode; presentation is not claimed to compile
        return new java.lang.Object[]{arg0};
    }
}
bridge_proofs = []
class.class_bytes.digest = "24d8ebf742f835ab34e7f0c5823c165bf096ab21ed67b1770dc8c6249ada2cad"
class.class_bytes.length = 806
class.location.entry.ordinal = 4
class.location.entry.origin.root_container = "root"
class.location.entry.origin.snapshot = "bf1fbad6df26950df50ef3994d98d360fda246affa316b7eda65245387493cd6"
class.location.entry.origin.steps = []
class.location.entry.raw_name = [101,109,49,55,47,83,104,97,112,101,115,46,99,108,97,115,115]
class.location.kind = "archive_entry"
class.variant.kind = "base"
coverage.artifact_structural.scanned.0.end = 5
coverage.artifact_structural.scanned.0.label = "central_directory_entries"
coverage.artifact_structural.scanned.0.start = 0
coverage.artifact_structural.scanned.1.end = 1
coverage.artifact_structural.scanned.1.label = "navigation_candidates"
coverage.artifact_structural.scanned.1.start = 0
coverage.artifact_structural.scanned.2.end = 1
coverage.artifact_structural.scanned.2.label = "class_fields"
coverage.artifact_structural.scanned.2.start = 0
coverage.artifact_structural.scanned.3.end = 9
coverage.artifact_structural.scanned.3.label = "class_methods"
coverage.artifact_structural.scanned.3.start = 0
coverage.artifact_structural.scanned.4.end = 9
coverage.artifact_structural.scanned.4.label = "class_source_bodies"
coverage.artifact_structural.scanned.4.start = 0
coverage.artifact_structural.skipped = []
coverage.artifact_structural.state = "complete_within_schema"
coverage.artifact_structural.uninterpreted_extensions = []
coverage.dynamic_analysis.scanned = []
coverage.dynamic_analysis.skipped = []
coverage.dynamic_analysis.state = "not_requested"
coverage.dynamic_analysis.uninterpreted_extensions = []
coverage.runtime_resolution.scanned = []
coverage.runtime_resolution.skipped = []
coverage.runtime_resolution.state = "not_requested"
coverage.runtime_resolution.uninterpreted_extensions = []
declaration.annotation_attributes = []
declaration.annotation_refusals = []
declaration.annotation_uses = []
declaration.declaration = "public class Shapes extends java.lang.Object"
declaration.generic_refusal = null
declaration.generic_signature = null
declaration.item.binding.kind = "path_name_agrees"
declaration.item.declaration.access_flags = 33
declaration.item.declaration.interfaces = []
declaration.item.declaration.super_class.escaped = "java/lang/Object"
declaration.item.declaration.super_class.raw = [106,97,118,97,47,108,97,110,103,47,79,98,106,101,99,116]
declaration.item.declaration.super_class.utf16 = [106,97,118,97,47,108,97,110,103,47,79,98,106,101,99,116]
declaration.item.declaration.this_class.escaped = "em17/Shapes"
declaration.item.declaration.this_class.raw = [101,109,49,55,47,83,104,97,112,101,115]
declaration.item.declaration.this_class.utf16 = [101,109,49,55,47,83,104,97,112,101,115]
declaration.item.definition.class_bytes.digest = "24d8ebf742f835ab34e7f0c5823c165bf096ab21ed67b1770dc8c6249ada2cad"
declaration.item.definition.class_bytes.length = 806
declaration.item.definition.location.entry.ordinal = 4
declaration.item.definition.location.entry.origin.root_container = "root"
declaration.item.definition.location.entry.origin.snapshot = "bf1fbad6df26950df50ef3994d98d360fda246affa316b7eda65245387493cd6"
declaration.item.definition.location.entry.origin.steps = []
declaration.item.definition.location.entry.raw_name = [101,109,49,55,47,83,104,97,112,101,115,46,99,108,97,115,115]
declaration.item.definition.location.kind = "archive_entry"
declaration.item.definition.variant.kind = "base"
declaration.item.member_table = null
declaration.name = "Shapes"
diagnostics = []
enum_switch_proofs = []
execution.status = "complete"
execution.usage.analysis_steps = 636
execution.usage.archive_entries = 15
execution.usage.attribute_bytes = 807
execution.usage.class_bytes = 1612
execution.usage.class_headers = 1
execution.usage.code_bytes = 107
execution.usage.dependency_depth = 0
execution.usage.elapsed_millis = 8
execution.usage.entry_bytes = 806
execution.usage.input_bytes = 1844
execution.usage.ir_edges = 81
execution.usage.ir_items = 1935
execution.usage.method_bodies = 9
execution.usage.nested_depth = 0
execution.usage.normalization_clones = 0
execution.usage.output_bytes = 2058
execution.usage.read_bytes = 482
execution.usage.result_items = 40
fields.0.annotations.attributes = []
fields.0.annotations.refusals = []
fields.0.annotations.uses = []
fields.0.declaration = "private char[] payload"
fields.0.item.access_flags = 2
fields.0.item.descriptor.escaped = "[C"
fields.0.item.descriptor.raw = [91,67]
fields.0.item.descriptor.utf16 = [91,67]
fields.0.item.identity.member.descriptor = [91,67]
fields.0.item.identity.member.kind = "field"
fields.0.item.identity.member.name = [112,97,121,108,111,97,100]
fields.0.item.identity.owner.class_bytes.digest = "24d8ebf742f835ab34e7f0c5823c165bf096ab21ed67b1770dc8c6249ada2cad"
fields.0.item.identity.owner.class_bytes.length = 806
fields.0.item.identity.owner.location.entry.ordinal = 4
fields.0.item.identity.owner.location.entry.origin.root_container = "root"
fields.0.item.identity.owner.location.entry.origin.snapshot = "bf1fbad6df26950df50ef3994d98d360fda246affa316b7eda65245387493cd6"
fields.0.item.identity.owner.location.entry.origin.steps = []
fields.0.item.identity.owner.location.entry.raw_name = [101,109,49,55,47,83,104,97,112,101,115,46,99,108,97,115,115]
fields.0.item.identity.owner.location.kind = "archive_entry"
fields.0.item.identity.owner.variant.kind = "base"
fields.0.item.index = 0
fields.0.item.name.escaped = "payload"
fields.0.item.name.raw = [112,97,121,108,111,97,100]
fields.0.item.name.utf16 = [112,97,121,108,111,97,100]
fields.0.markers = []
fields.0.type_annotations.attributes = []
fields.0.type_annotations.field_uses = []
fields.0.type_annotations.parameter_uses = []
fields.0.type_annotations.refusals = []
fields.0.type_annotations.return_uses = []
initializer_proof.kind = "not_applicable"
limits.analysis_steps = 4194304
limits.archive_entries = 65536
limits.attribute_bytes = 67108864
limits.class_bytes = 67108864
limits.class_headers = 4096
limits.code_bytes = 16777216
limits.dependency_depth = 8
limits.elapsed_millis = 30000
limits.entry_bytes = 67108864
limits.input_bytes = 67108864
limits.ir_edges = 4194304
limits.ir_items = 4194304
limits.method_bodies = 4096
limits.nested_depth = 4
limits.normalization_clones = 1048576
limits.output_bytes = 16777216
limits.read_bytes = 67108864
limits.result_items = 65536
member_family.state = "absent"
methods.0.annotations.attributes = []
methods.0.annotations.refusals = []
methods.0.annotations.uses = []
methods.0.declaration = "public Shapes(byte[] arg1)"
methods.0.item.access_flags = 1
methods.0.item.body.content_span.length = 42
methods.0.item.body.content_span.start = 477
methods.0.item.body.kind = "code_attribute"
methods.0.item.descriptor.escaped = "([B)V"
methods.0.item.descriptor.raw = [40,91,66,41,86]
methods.0.item.descriptor.utf16 = [40,91,66,41,86]
methods.0.item.identity.descriptor = [40,91,66,41,86]
methods.0.item.identity.name = [60,105,110,105,116,62]
methods.0.item.identity.owner.class_bytes.digest = "24d8ebf742f835ab34e7f0c5823c165bf096ab21ed67b1770dc8c6249ada2cad"
methods.0.item.identity.owner.class_bytes.length = 806
methods.0.item.identity.owner.location.entry.ordinal = 4
methods.0.item.identity.owner.location.entry.origin.root_container = "root"
methods.0.item.identity.owner.location.entry.origin.snapshot = "bf1fbad6df26950df50ef3994d98d360fda246affa316b7eda65245387493cd6"
methods.0.item.identity.owner.location.entry.origin.steps = []
methods.0.item.identity.owner.location.entry.raw_name = [101,109,49,55,47,83,104,97,112,101,115,46,99,108,97,115,115]
methods.0.item.identity.owner.location.kind = "archive_entry"
methods.0.item.identity.owner.variant.kind = "base"
methods.0.item.index = 0
methods.0.item.name.escaped = "<init>"
methods.0.item.name.raw = [60,105,110,105,116,62]
methods.0.item.name.utf16 = [60,105,110,105,116,62]
methods.0.markers = []
methods.0.no_body_kind = null
methods.0.outcome.analysis.diagnostics = 0
methods.0.outcome.analysis.execution.status = "complete"
methods.0.outcome.analysis.execution.usage.analysis_steps = 92
methods.0.outcome.analysis.execution.usage.archive_entries = 15
methods.0.outcome.analysis.execution.usage.attribute_bytes = 586
methods.0.outcome.analysis.execution.usage.class_bytes = 1612
methods.0.outcome.analysis.execution.usage.class_headers = 1
methods.0.outcome.analysis.execution.usage.code_bytes = 30
methods.0.outcome.analysis.execution.usage.dependency_depth = 0
methods.0.outcome.analysis.execution.usage.elapsed_millis = 2
methods.0.outcome.analysis.execution.usage.entry_bytes = 806
methods.0.outcome.analysis.execution.usage.input_bytes = 1844
methods.0.outcome.analysis.execution.usage.ir_edges = 21
methods.0.outcome.analysis.execution.usage.ir_items = 269
methods.0.outcome.analysis.execution.usage.method_bodies = 1
methods.0.outcome.analysis.execution.usage.nested_depth = 0
methods.0.outcome.analysis.execution.usage.normalization_clones = 0
methods.0.outcome.analysis.execution.usage.output_bytes = 0
methods.0.outcome.analysis.execution.usage.read_bytes = 482
methods.0.outcome.analysis.execution.usage.result_items = 31
methods.0.outcome.kind = "recovered"
methods.0.outcome.report.accessors = []
methods.0.outcome.report.aliased_names = []
methods.0.outcome.report.artifact.agreement.state = "not_stated"
methods.0.outcome.report.artifact.binding.engine = "0.1.0"
methods.0.outcome.report.artifact.binding.environment.content = ["bf1fbad6df26950df50ef3994d98d360fda246affa316b7eda65245387493cd6"]
methods.0.outcome.report.artifact.binding.environment.domain_loaders = ["app"]
methods.0.outcome.report.artifact.binding.environment.providers = []
methods.0.outcome.report.artifact.binding.environment.runtime.load_domain.delegation.kind = "parent_first"
methods.0.outcome.report.artifact.binding.environment.runtime.load_domain.external_override = "none"
methods.0.outcome.report.artifact.binding.environment.runtime.load_domain.loader = "app"
methods.0.outcome.report.artifact.binding.environment.runtime.load_domain.module_mode.kind = "class_path"
methods.0.outcome.report.artifact.binding.environment.runtime.load_domain.parent_loader = null
methods.0.outcome.report.artifact.binding.environment.runtime.load_domain.roots.0.kind = "container"
methods.0.outcome.report.artifact.binding.environment.runtime.load_domain.roots.0.origin.root_container = "root"
methods.0.outcome.report.artifact.binding.environment.runtime.load_domain.roots.0.origin.snapshot = "bf1fbad6df26950df50ef3994d98d360fda246affa316b7eda65245387493cd6"
methods.0.outcome.report.artifact.binding.environment.runtime.load_domain.roots.0.origin.steps = []
methods.0.outcome.report.artifact.binding.environment.runtime.load_domain.roots.0.prefix = []
methods.0.outcome.report.artifact.binding.environment.runtime.load_domain.runtime_transformation = "none"
methods.0.outcome.report.artifact.binding.environment.runtime.physical.scope.kind = "snapshot_all"
methods.0.outcome.report.artifact.binding.environment.runtime.physical.snapshot = "bf1fbad6df26950df50ef3994d98d360fda246affa316b7eda65245387493cd6"
methods.0.outcome.report.artifact.binding.environment.runtime.profile.java_release = 8
methods.0.outcome.report.artifact.binding.environment.runtime.profile.layout.kind = "generic"
methods.0.outcome.report.artifact.binding.environment.runtime.profile.multi_release.kind = "disabled"
methods.0.outcome.report.artifact.binding.member_ordinal = 0
methods.0.outcome.report.artifact.binding.method.descriptor = [40,91,66,41,86]
methods.0.outcome.report.artifact.binding.method.name = [60,105,110,105,116,62]
methods.0.outcome.report.artifact.binding.method.owner.class_bytes.digest = "24d8ebf742f835ab34e7f0c5823c165bf096ab21ed67b1770dc8c6249ada2cad"
methods.0.outcome.report.artifact.binding.method.owner.class_bytes.length = 806
methods.0.outcome.report.artifact.binding.method.owner.location.entry.ordinal = 4
methods.0.outcome.report.artifact.binding.method.owner.location.entry.origin.root_container = "root"
methods.0.outcome.report.artifact.binding.method.owner.location.entry.origin.snapshot = "bf1fbad6df26950df50ef3994d98d360fda246affa316b7eda65245387493cd6"
methods.0.outcome.report.artifact.binding.method.owner.location.entry.origin.steps = []
methods.0.outcome.report.artifact.binding.method.owner.location.entry.raw_name = [101,109,49,55,47,83,104,97,112,101,115,46,99,108,97,115,115]
methods.0.outcome.report.artifact.binding.method.owner.location.kind = "archive_entry"
methods.0.outcome.report.artifact.binding.method.owner.variant.kind = "base"
methods.0.outcome.report.artifact.binding.profile.java_release = 8
methods.0.outcome.report.artifact.binding.profile.layout.kind = "generic"
methods.0.outcome.report.artifact.binding.profile.multi_release.kind = "disabled"
methods.0.outcome.report.artifact.binding.registry = 71
methods.0.outcome.report.artifact.binding.rules = ["straight@1","if@1","loop@1","switch@1","lambda@1","concat@1","bridge@1","accessor@1","new@1","field@1","enumswitch@1","init@1","declaration@1","twr@1","monitor@1","finally@1"]
methods.0.outcome.report.artifact.binding.schema = 1
methods.0.outcome.report.artifact.binding.text_bytes = 377
methods.0.outcome.report.artifact.binding.text_digest = "b523df1b1d1d632b8f3637f0b1cae086"
methods.0.outcome.report.bridges = []
methods.0.outcome.report.compile_status = "not_attempted"
methods.0.outcome.report.concats = []
methods.0.outcome.report.content = "contains_statements"
methods.0.outcome.report.declaration = null
methods.0.outcome.report.diagnostics.0.code = "jre_recovery_produced"
methods.0.outcome.report.diagnostics.0.message = "1 region(s), 5 statement(s), 22 segment(s), 377 byte(s) written from 1 canonical block(s)"
methods.0.outcome.report.diagnostics.0.provenance = null
methods.0.outcome.report.diagnostics.0.severity = "info"
methods.0.outcome.report.diagnostics.1.code = "jre_field_accesses"
methods.0.outcome.report.diagnostics.1.message = "2 field instruction(s) read under field@1: 2 presented, 0 refused"
methods.0.outcome.report.diagnostics.1.provenance = null
methods.0.outcome.report.diagnostics.1.severity = "info"
methods.0.outcome.report.diagnostics.2.code = "jre_constructor_prologue"
methods.0.outcome.report.diagnostics.2.message = "the body is an instance initializer and its prologue is written under init@1 as `super`: the call at BCI 1 names `java/lang/Object`, and the class that declares this constructor is `em17/Shapes`"
methods.0.outcome.report.diagnostics.2.provenance = null
methods.0.outcome.report.diagnostics.2.severity = "info"
methods.0.outcome.report.diagnostics.3.code = "jre_declaration"
methods.0.outcome.report.diagnostics.3.message = "the artifact's envelope states the member's declaration under declaration@1: a constructor"
methods.0.outcome.report.diagnostics.3.provenance = null
methods.0.outcome.report.diagnostics.3.severity = "info"
methods.0.outcome.report.enum_switches = []
methods.0.outcome.report.evidence.categories.0.kind = "source_map"
methods.0.outcome.report.evidence.categories.0.state.state = "not_requested"
methods.0.outcome.report.evidence.categories.1.kind = "region_details"
methods.0.outcome.report.evidence.categories.1.state.state = "not_requested"
methods.0.outcome.report.evidence.categories.2.kind = "rule_details"
methods.0.outcome.report.evidence.categories.2.state.state = "not_requested"
methods.0.outcome.report.evidence.categories.3.kind = "name_details"
methods.0.outcome.report.evidence.categories.3.state.state = "not_requested"
methods.0.outcome.report.evidence.categories.4.kind = "read_details"
methods.0.outcome.report.evidence.categories.4.state.state = "not_requested"
methods.0.outcome.report.evidence.requested.driver_bci_range = null
methods.0.outcome.report.evidence.requested.expected_artifact = null
methods.0.outcome.report.evidence.requested.kinds = []
methods.0.outcome.report.execution.status = "complete"
methods.0.outcome.report.execution.usage.analysis_steps = 155
methods.0.outcome.report.execution.usage.archive_entries = 15
methods.0.outcome.report.execution.usage.attribute_bytes = 586
methods.0.outcome.report.execution.usage.class_bytes = 1612
methods.0.outcome.report.execution.usage.class_headers = 1
methods.0.outcome.report.execution.usage.code_bytes = 30
methods.0.outcome.report.execution.usage.dependency_depth = 0
methods.0.outcome.report.execution.usage.elapsed_millis = 3
methods.0.outcome.report.execution.usage.entry_bytes = 806
methods.0.outcome.report.execution.usage.input_bytes = 1844
methods.0.outcome.report.execution.usage.ir_edges = 21
methods.0.outcome.report.execution.usage.ir_items = 441
methods.0.outcome.report.execution.usage.method_bodies = 1
methods.0.outcome.report.execution.usage.nested_depth = 0
methods.0.outcome.report.execution.usage.normalization_clones = 0
methods.0.outcome.report.execution.usage.output_bytes = 377
methods.0.outcome.report.execution.usage.read_bytes = 482
methods.0.outcome.report.execution.usage.result_items = 31
methods.0.outcome.report.fallbacks = []
methods.0.outcome.report.fields = []
methods.0.outcome.report.init = null
methods.0.outcome.report.lambdas = []
methods.0.outcome.report.method = "<init>([B)V"
methods.0.outcome.report.news = []
methods.0.outcome.report.outcome = "produced"
methods.0.outcome.report.profile.java_release = 8
methods.0.outcome.report.profile.layout.kind = "generic"
methods.0.outcome.report.profile.multi_release.kind = "disabled"
methods.0.outcome.report.quality = "structured"
methods.0.outcome.report.regions = []
methods.0.outcome.report.representation = "java"
methods.0.outcome.report.rules = []
methods.0.outcome.report.semantic_validation = "unproven"
methods.0.outcome.report.source_map.segments = []
methods.0.outcome.report.syntax_status = "unchecked"
methods.0.outcome.report.text = "// @method <init>([B)V\n// @declaration a constructor of `em17.Shapes`, member flags 0x0001\n// recovered from bytecode; presentation is not claimed to compile\n{\n    super();\n    char[] local2 = toChars(arg1);\n    this.payload = new char[local2.length];\n    java.lang.System.arraycopy((java.lang.Object) local2, 0, (java.lang.Object) this.payload, 0, arg1.length);\n    return;\n}\n"
methods.0.outcome.report.verification = "not_performed"
methods.0.parameter_annotations.attributes = []
methods.0.parameter_annotations.refusals = []
methods.0.parameter_annotations.uses_by_position = [[]]
methods.0.text = "    public Shapes(byte[] arg1) {\n        // @method <init>([B)V\n        // @declaration a constructor of `em17.Shapes`, member flags 0x0001\n        // recovered from bytecode; presentation is not claimed to compile\n        super();\n        char[] local2 = toChars(arg1);\n        this.payload = new char[local2.length];\n        java.lang.System.arraycopy((java.lang.Object) local2, 0, (java.lang.Object) this.payload, 0, arg1.length);\n        return;\n    }\n"
methods.0.type_annotations.attributes = []
methods.0.type_annotations.field_uses = []
methods.0.type_annotations.parameter_uses = [[]]
methods.0.type_annotations.refusals = []
methods.0.type_annotations.return_uses = []
methods.1.annotations.attributes = []
methods.1.annotations.refusals = []
methods.1.annotations.uses = []
methods.1.declaration = "private static char[] toChars(byte[] arg0)"
methods.1.item.access_flags = 10
methods.1.item.body.content_span.length = 17
methods.1.item.body.content_span.start = 533
methods.1.item.body.kind = "code_attribute"
methods.1.item.descriptor.escaped = "([B)[C"
methods.1.item.descriptor.raw = [40,91,66,41,91,67]
methods.1.item.descriptor.utf16 = [40,91,66,41,91,67]
methods.1.item.identity.descriptor = [40,91,66,41,91,67]
methods.1.item.identity.name = [116,111,67,104,97,114,115]
methods.1.item.identity.owner.class_bytes.digest = "24d8ebf742f835ab34e7f0c5823c165bf096ab21ed67b1770dc8c6249ada2cad"
methods.1.item.identity.owner.class_bytes.length = 806
methods.1.item.identity.owner.location.entry.ordinal = 4
methods.1.item.identity.owner.location.entry.origin.root_container = "root"
methods.1.item.identity.owner.location.entry.origin.snapshot = "bf1fbad6df26950df50ef3994d98d360fda246affa316b7eda65245387493cd6"
methods.1.item.identity.owner.location.entry.origin.steps = []
methods.1.item.identity.owner.location.entry.raw_name = [101,109,49,55,47,83,104,97,112,101,115,46,99,108,97,115,115]
methods.1.item.identity.owner.location.kind = "archive_entry"
methods.1.item.identity.owner.variant.kind = "base"
methods.1.item.index = 1
methods.1.item.name.escaped = "toChars"
methods.1.item.name.raw = [116,111,67,104,97,114,115]
methods.1.item.name.utf16 = [116,111,67,104,97,114,115]
methods.1.markers = []
methods.1.no_body_kind = null
methods.1.outcome.analysis.diagnostics = 0
methods.1.outcome.analysis.execution.status = "complete"
methods.1.outcome.analysis.execution.usage.analysis_steps = 181
methods.1.outcome.analysis.execution.usage.archive_entries = 15
methods.1.outcome.analysis.execution.usage.attribute_bytes = 609
methods.1.outcome.analysis.execution.usage.class_bytes = 1612
methods.1.outcome.analysis.execution.usage.class_headers = 1
methods.1.outcome.analysis.execution.usage.code_bytes = 35
methods.1.outcome.analysis.execution.usage.dependency_depth = 0
methods.1.outcome.analysis.execution.usage.elapsed_millis = 4
methods.1.outcome.analysis.execution.usage.entry_bytes = 806
methods.1.outcome.analysis.execution.usage.input_bytes = 1844
methods.1.outcome.analysis.execution.usage.ir_edges = 25
methods.1.outcome.analysis.execution.usage.ir_items = 506
methods.1.outcome.analysis.execution.usage.method_bodies = 2
methods.1.outcome.analysis.execution.usage.nested_depth = 0
methods.1.outcome.analysis.execution.usage.normalization_clones = 0
methods.1.outcome.analysis.execution.usage.output_bytes = 377
methods.1.outcome.analysis.execution.usage.read_bytes = 482
methods.1.outcome.analysis.execution.usage.result_items = 32
methods.1.outcome.kind = "recovered"
methods.1.outcome.report.accessors = []
methods.1.outcome.report.aliased_names = []
methods.1.outcome.report.artifact.agreement.state = "not_stated"
methods.1.outcome.report.artifact.binding.engine = "0.1.0"
methods.1.outcome.report.artifact.binding.environment.content = ["bf1fbad6df26950df50ef3994d98d360fda246affa316b7eda65245387493cd6"]
methods.1.outcome.report.artifact.binding.environment.domain_loaders = ["app"]
methods.1.outcome.report.artifact.binding.environment.providers = []
methods.1.outcome.report.artifact.binding.environment.runtime.load_domain.delegation.kind = "parent_first"
methods.1.outcome.report.artifact.binding.environment.runtime.load_domain.external_override = "none"
methods.1.outcome.report.artifact.binding.environment.runtime.load_domain.loader = "app"
methods.1.outcome.report.artifact.binding.environment.runtime.load_domain.module_mode.kind = "class_path"
methods.1.outcome.report.artifact.binding.environment.runtime.load_domain.parent_loader = null
methods.1.outcome.report.artifact.binding.environment.runtime.load_domain.roots.0.kind = "container"
methods.1.outcome.report.artifact.binding.environment.runtime.load_domain.roots.0.origin.root_container = "root"
methods.1.outcome.report.artifact.binding.environment.runtime.load_domain.roots.0.origin.snapshot = "bf1fbad6df26950df50ef3994d98d360fda246affa316b7eda65245387493cd6"
methods.1.outcome.report.artifact.binding.environment.runtime.load_domain.roots.0.origin.steps = []
methods.1.outcome.report.artifact.binding.environment.runtime.load_domain.roots.0.prefix = []
methods.1.outcome.report.artifact.binding.environment.runtime.load_domain.runtime_transformation = "none"
methods.1.outcome.report.artifact.binding.environment.runtime.physical.scope.kind = "snapshot_all"
methods.1.outcome.report.artifact.binding.environment.runtime.physical.snapshot = "bf1fbad6df26950df50ef3994d98d360fda246affa316b7eda65245387493cd6"
methods.1.outcome.report.artifact.binding.environment.runtime.profile.java_release = 8
methods.1.outcome.report.artifact.binding.environment.runtime.profile.layout.kind = "generic"
methods.1.outcome.report.artifact.binding.environment.runtime.profile.multi_release.kind = "disabled"
methods.1.outcome.report.artifact.binding.member_ordinal = 1
methods.1.outcome.report.artifact.binding.method.descriptor = [40,91,66,41,91,67]
methods.1.outcome.report.artifact.binding.method.name = [116,111,67,104,97,114,115]
methods.1.outcome.report.artifact.binding.method.owner.class_bytes.digest = "24d8ebf742f835ab34e7f0c5823c165bf096ab21ed67b1770dc8c6249ada2cad"
methods.1.outcome.report.artifact.binding.method.owner.class_bytes.length = 806
methods.1.outcome.report.artifact.binding.method.owner.location.entry.ordinal = 4
methods.1.outcome.report.artifact.binding.method.owner.location.entry.origin.root_container = "root"
methods.1.outcome.report.artifact.binding.method.owner.location.entry.origin.snapshot = "bf1fbad6df26950df50ef3994d98d360fda246affa316b7eda65245387493cd6"
methods.1.outcome.report.artifact.binding.method.owner.location.entry.origin.steps = []
methods.1.outcome.report.artifact.binding.method.owner.location.entry.raw_name = [101,109,49,55,47,83,104,97,112,101,115,46,99,108,97,115,115]
methods.1.outcome.report.artifact.binding.method.owner.location.kind = "archive_entry"
methods.1.outcome.report.artifact.binding.method.owner.variant.kind = "base"
methods.1.outcome.report.artifact.binding.profile.java_release = 8
methods.1.outcome.report.artifact.binding.profile.layout.kind = "generic"
methods.1.outcome.report.artifact.binding.profile.multi_release.kind = "disabled"
methods.1.outcome.report.artifact.binding.registry = 71
methods.1.outcome.report.artifact.binding.rules = ["straight@1","if@1","loop@1","switch@1","lambda@1","concat@1","bridge@1","accessor@1","new@1","field@1","enumswitch@1","init@1","declaration@1","twr@1","monitor@1","finally@1"]
methods.1.outcome.report.artifact.binding.schema = 1
methods.1.outcome.report.artifact.binding.text_bytes = 200
methods.1.outcome.report.artifact.binding.text_digest = "c9693b7933bf916914bedbad1383c715"
methods.1.outcome.report.bridges = []
methods.1.outcome.report.compile_status = "not_attempted"
methods.1.outcome.report.concats = []
methods.1.outcome.report.content = "contains_statements"
methods.1.outcome.report.declaration = null
methods.1.outcome.report.diagnostics.0.code = "jre_recovery_produced"
methods.1.outcome.report.diagnostics.0.message = "1 region(s), 1 statement(s), 4 segment(s), 200 byte(s) written from 1 canonical block(s)"
methods.1.outcome.report.diagnostics.0.provenance = null
methods.1.outcome.report.diagnostics.0.severity = "info"
methods.1.outcome.report.diagnostics.1.code = "jre_declaration"
methods.1.outcome.report.diagnostics.1.message = "the artifact's envelope states the member's declaration under declaration@1: a static method"
methods.1.outcome.report.diagnostics.1.provenance = null
methods.1.outcome.report.diagnostics.1.severity = "info"
methods.1.outcome.report.enum_switches = []
methods.1.outcome.report.evidence.categories.0.kind = "source_map"
methods.1.outcome.report.evidence.categories.0.state.state = "not_requested"
methods.1.outcome.report.evidence.categories.1.kind = "region_details"
methods.1.outcome.report.evidence.categories.1.state.state = "not_requested"
methods.1.outcome.report.evidence.categories.2.kind = "rule_details"
methods.1.outcome.report.evidence.categories.2.state.state = "not_requested"
methods.1.outcome.report.evidence.categories.3.kind = "name_details"
methods.1.outcome.report.evidence.categories.3.state.state = "not_requested"
methods.1.outcome.report.evidence.categories.4.kind = "read_details"
methods.1.outcome.report.evidence.categories.4.state.state = "not_requested"
methods.1.outcome.report.evidence.requested.driver_bci_range = null
methods.1.outcome.report.evidence.requested.expected_artifact = null
methods.1.outcome.report.evidence.requested.kinds = []
methods.1.outcome.report.execution.status = "complete"
methods.1.outcome.report.execution.usage.analysis_steps = 198
methods.1.outcome.report.execution.usage.archive_entries = 15
methods.1.outcome.report.execution.usage.attribute_bytes = 609
methods.1.outcome.report.execution.usage.class_bytes = 1612
methods.1.outcome.report.execution.usage.class_headers = 1
methods.1.outcome.report.execution.usage.code_bytes = 35
methods.1.outcome.report.execution.usage.dependency_depth = 0
methods.1.outcome.report.execution.usage.elapsed_millis = 4
methods.1.outcome.report.execution.usage.entry_bytes = 806
methods.1.outcome.report.execution.usage.input_bytes = 1844
methods.1.outcome.report.execution.usage.ir_edges = 25
methods.1.outcome.report.execution.usage.ir_items = 548
methods.1.outcome.report.execution.usage.method_bodies = 2
methods.1.outcome.report.execution.usage.nested_depth = 0
methods.1.outcome.report.execution.usage.normalization_clones = 0
methods.1.outcome.report.execution.usage.output_bytes = 577
methods.1.outcome.report.execution.usage.read_bytes = 482
methods.1.outcome.report.execution.usage.result_items = 32
methods.1.outcome.report.fallbacks = []
methods.1.outcome.report.fields = []
methods.1.outcome.report.init = null
methods.1.outcome.report.lambdas = []
methods.1.outcome.report.method = "toChars([B)[C"
methods.1.outcome.report.news = []
methods.1.outcome.report.outcome = "produced"
methods.1.outcome.report.profile.java_release = 8
methods.1.outcome.report.profile.layout.kind = "generic"
methods.1.outcome.report.profile.multi_release.kind = "disabled"
methods.1.outcome.report.quality = "structured"
methods.1.outcome.report.regions = []
methods.1.outcome.report.representation = "java"
methods.1.outcome.report.rules = []
methods.1.outcome.report.semantic_validation = "unproven"
methods.1.outcome.report.source_map.segments = []
methods.1.outcome.report.syntax_status = "unchecked"
methods.1.outcome.report.text = "// @method toChars([B)[C\n// @declaration a static method of `em17.Shapes`, member flags 0x000a\n// recovered from bytecode; presentation is not claimed to compile\n{\n    return new char[arg0.length];\n}\n"
methods.1.outcome.report.verification = "not_performed"
methods.1.parameter_annotations.attributes = []
methods.1.parameter_annotations.refusals = []
methods.1.parameter_annotations.uses_by_position = [[]]
methods.1.text = "    private static char[] toChars(byte[] arg0) {\n        // @method toChars([B)[C\n        // @declaration a static method of `em17.Shapes`, member flags 0x000a\n        // recovered from bytecode; presentation is not claimed to compile\n        return new char[arg0.length];\n    }\n"
methods.1.type_annotations.attributes = []
methods.1.type_annotations.field_uses = []
methods.1.type_annotations.parameter_uses = [[]]
methods.1.type_annotations.refusals = []
methods.1.type_annotations.return_uses = []
methods.2.annotations.attributes = []
methods.2.annotations.refusals = []
methods.2.annotations.uses = []
methods.2.declaration = "public int payloadLength()"
methods.2.item.access_flags = 1
methods.2.item.body.content_span.length = 18
methods.2.item.body.content_span.start = 564
methods.2.item.body.kind = "code_attribute"
methods.2.item.descriptor.escaped = "()I"
methods.2.item.descriptor.raw = [40,41,73]
methods.2.item.descriptor.utf16 = [40,41,73]
methods.2.item.identity.descriptor = [40,41,73]
methods.2.item.identity.name = [112,97,121,108,111,97,100,76,101,110,103,116,104]
methods.2.item.identity.owner.class_bytes.digest = "24d8ebf742f835ab34e7f0c5823c165bf096ab21ed67b1770dc8c6249ada2cad"
methods.2.item.identity.owner.class_bytes.length = 806
methods.2.item.identity.owner.location.entry.ordinal = 4
methods.2.item.identity.owner.location.entry.origin.root_container = "root"
methods.2.item.identity.owner.location.entry.origin.snapshot = "bf1fbad6df26950df50ef3994d98d360fda246affa316b7eda65245387493cd6"
methods.2.item.identity.owner.location.entry.origin.steps = []
methods.2.item.identity.owner.location.entry.raw_name = [101,109,49,55,47,83,104,97,112,101,115,46,99,108,97,115,115]
methods.2.item.identity.owner.location.kind = "archive_entry"
methods.2.item.identity.owner.variant.kind = "base"
methods.2.item.index = 2
methods.2.item.name.escaped = "payloadLength"
methods.2.item.name.raw = [112,97,121,108,111,97,100,76,101,110,103,116,104]
methods.2.item.name.utf16 = [112,97,121,108,111,97,100,76,101,110,103,116,104]
methods.2.markers = []
methods.2.no_body_kind = null
methods.2.outcome.analysis.diagnostics = 0
methods.2.outcome.analysis.execution.status = "complete"
methods.2.outcome.analysis.execution.usage.analysis_steps = 224
methods.2.outcome.analysis.execution.usage.archive_entries = 15
methods.2.outcome.analysis.execution.usage.attribute_bytes = 633
methods.2.outcome.analysis.execution.usage.class_bytes = 1612
methods.2.outcome.analysis.execution.usage.class_headers = 1
methods.2.outcome.analysis.execution.usage.code_bytes = 41
methods.2.outcome.analysis.execution.usage.dependency_depth = 0
methods.2.outcome.analysis.execution.usage.elapsed_millis = 4
methods.2.outcome.analysis.execution.usage.entry_bytes = 806
methods.2.outcome.analysis.execution.usage.input_bytes = 1844
methods.2.outcome.analysis.execution.usage.ir_edges = 29
methods.2.outcome.analysis.execution.usage.ir_items = 613
methods.2.outcome.analysis.execution.usage.method_bodies = 3
methods.2.outcome.analysis.execution.usage.nested_depth = 0
methods.2.outcome.analysis.execution.usage.normalization_clones = 0
methods.2.outcome.analysis.execution.usage.output_bytes = 577
methods.2.outcome.analysis.execution.usage.read_bytes = 482
methods.2.outcome.analysis.execution.usage.result_items = 33
methods.2.outcome.kind = "recovered"
methods.2.outcome.report.accessors = []
methods.2.outcome.report.aliased_names = []
methods.2.outcome.report.artifact.agreement.state = "not_stated"
methods.2.outcome.report.artifact.binding.engine = "0.1.0"
methods.2.outcome.report.artifact.binding.environment.content = ["bf1fbad6df26950df50ef3994d98d360fda246affa316b7eda65245387493cd6"]
methods.2.outcome.report.artifact.binding.environment.domain_loaders = ["app"]
methods.2.outcome.report.artifact.binding.environment.providers = []
methods.2.outcome.report.artifact.binding.environment.runtime.load_domain.delegation.kind = "parent_first"
methods.2.outcome.report.artifact.binding.environment.runtime.load_domain.external_override = "none"
methods.2.outcome.report.artifact.binding.environment.runtime.load_domain.loader = "app"
methods.2.outcome.report.artifact.binding.environment.runtime.load_domain.module_mode.kind = "class_path"
methods.2.outcome.report.artifact.binding.environment.runtime.load_domain.parent_loader = null
methods.2.outcome.report.artifact.binding.environment.runtime.load_domain.roots.0.kind = "container"
methods.2.outcome.report.artifact.binding.environment.runtime.load_domain.roots.0.origin.root_container = "root"
methods.2.outcome.report.artifact.binding.environment.runtime.load_domain.roots.0.origin.snapshot = "bf1fbad6df26950df50ef3994d98d360fda246affa316b7eda65245387493cd6"
methods.2.outcome.report.artifact.binding.environment.runtime.load_domain.roots.0.origin.steps = []
methods.2.outcome.report.artifact.binding.environment.runtime.load_domain.roots.0.prefix = []
methods.2.outcome.report.artifact.binding.environment.runtime.load_domain.runtime_transformation = "none"
methods.2.outcome.report.artifact.binding.environment.runtime.physical.scope.kind = "snapshot_all"
methods.2.outcome.report.artifact.binding.environment.runtime.physical.snapshot = "bf1fbad6df26950df50ef3994d98d360fda246affa316b7eda65245387493cd6"
methods.2.outcome.report.artifact.binding.environment.runtime.profile.java_release = 8
methods.2.outcome.report.artifact.binding.environment.runtime.profile.layout.kind = "generic"
methods.2.outcome.report.artifact.binding.environment.runtime.profile.multi_release.kind = "disabled"
methods.2.outcome.report.artifact.binding.member_ordinal = 2
methods.2.outcome.report.artifact.binding.method.descriptor = [40,41,73]
methods.2.outcome.report.artifact.binding.method.name = [112,97,121,108,111,97,100,76,101,110,103,116,104]
methods.2.outcome.report.artifact.binding.method.owner.class_bytes.digest = "24d8ebf742f835ab34e7f0c5823c165bf096ab21ed67b1770dc8c6249ada2cad"
methods.2.outcome.report.artifact.binding.method.owner.class_bytes.length = 806
methods.2.outcome.report.artifact.binding.method.owner.location.entry.ordinal = 4
methods.2.outcome.report.artifact.binding.method.owner.location.entry.origin.root_container = "root"
methods.2.outcome.report.artifact.binding.method.owner.location.entry.origin.snapshot = "bf1fbad6df26950df50ef3994d98d360fda246affa316b7eda65245387493cd6"
methods.2.outcome.report.artifact.binding.method.owner.location.entry.origin.steps = []
methods.2.outcome.report.artifact.binding.method.owner.location.entry.raw_name = [101,109,49,55,47,83,104,97,112,101,115,46,99,108,97,115,115]
methods.2.outcome.report.artifact.binding.method.owner.location.kind = "archive_entry"
methods.2.outcome.report.artifact.binding.method.owner.variant.kind = "base"
methods.2.outcome.report.artifact.binding.profile.java_release = 8
methods.2.outcome.report.artifact.binding.profile.layout.kind = "generic"
methods.2.outcome.report.artifact.binding.profile.multi_release.kind = "disabled"
methods.2.outcome.report.artifact.binding.registry = 71
methods.2.outcome.report.artifact.binding.rules = ["straight@1","if@1","loop@1","switch@1","lambda@1","concat@1","bridge@1","accessor@1","new@1","field@1","enumswitch@1","init@1","declaration@1","twr@1","monitor@1","finally@1"]
methods.2.outcome.report.artifact.binding.schema = 1
methods.2.outcome.report.artifact.binding.text_bytes = 204
methods.2.outcome.report.artifact.binding.text_digest = "2b14b060f60de69c58806cbde48c7602"
methods.2.outcome.report.bridges = []
methods.2.outcome.report.compile_status = "not_attempted"
methods.2.outcome.report.concats = []
methods.2.outcome.report.content = "contains_statements"
methods.2.outcome.report.declaration = null
methods.2.outcome.report.diagnostics.0.code = "jre_recovery_produced"
methods.2.outcome.report.diagnostics.0.message = "1 region(s), 1 statement(s), 4 segment(s), 204 byte(s) written from 1 canonical block(s)"
methods.2.outcome.report.diagnostics.0.provenance = null
methods.2.outcome.report.diagnostics.0.severity = "info"
methods.2.outcome.report.diagnostics.1.code = "jre_field_accesses"
methods.2.outcome.report.diagnostics.1.message = "1 field instruction(s) read under field@1: 1 presented, 0 refused"
methods.2.outcome.report.diagnostics.1.provenance = null
methods.2.outcome.report.diagnostics.1.severity = "info"
methods.2.outcome.report.diagnostics.2.code = "jre_declaration"
methods.2.outcome.report.diagnostics.2.message = "the artifact's envelope states the member's declaration under declaration@1: an instance method"
methods.2.outcome.report.diagnostics.2.provenance = null
methods.2.outcome.report.diagnostics.2.severity = "info"
methods.2.outcome.report.enum_switches = []
methods.2.outcome.report.evidence.categories.0.kind = "source_map"
methods.2.outcome.report.evidence.categories.0.state.state = "not_requested"
methods.2.outcome.report.evidence.categories.1.kind = "region_details"
methods.2.outcome.report.evidence.categories.1.state.state = "not_requested"
methods.2.outcome.report.evidence.categories.2.kind = "rule_details"
methods.2.outcome.report.evidence.categories.2.state.state = "not_requested"
methods.2.outcome.report.evidence.categories.3.kind = "name_details"
methods.2.outcome.report.evidence.categories.3.state.state = "not_requested"
methods.2.outcome.report.evidence.categories.4.kind = "read_details"
methods.2.outcome.report.evidence.categories.4.state.state = "not_requested"
methods.2.outcome.report.evidence.requested.driver_bci_range = null
methods.2.outcome.report.evidence.requested.expected_artifact = null
methods.2.outcome.report.evidence.requested.kinds = []
methods.2.outcome.report.execution.status = "complete"
methods.2.outcome.report.execution.usage.analysis_steps = 241
methods.2.outcome.report.execution.usage.archive_entries = 15
methods.2.outcome.report.execution.usage.attribute_bytes = 633
methods.2.outcome.report.execution.usage.class_bytes = 1612
methods.2.outcome.report.execution.usage.class_headers = 1
methods.2.outcome.report.execution.usage.code_bytes = 41
methods.2.outcome.report.execution.usage.dependency_depth = 0
methods.2.outcome.report.execution.usage.elapsed_millis = 4
methods.2.outcome.report.execution.usage.entry_bytes = 806
methods.2.outcome.report.execution.usage.input_bytes = 1844
methods.2.outcome.report.execution.usage.ir_edges = 29
methods.2.outcome.report.execution.usage.ir_items = 649
methods.2.outcome.report.execution.usage.method_bodies = 3
methods.2.outcome.report.execution.usage.nested_depth = 0
methods.2.outcome.report.execution.usage.normalization_clones = 0
methods.2.outcome.report.execution.usage.output_bytes = 781
methods.2.outcome.report.execution.usage.read_bytes = 482
methods.2.outcome.report.execution.usage.result_items = 33
methods.2.outcome.report.fallbacks = []
methods.2.outcome.report.fields = []
methods.2.outcome.report.init = null
methods.2.outcome.report.lambdas = []
methods.2.outcome.report.method = "payloadLength()I"
methods.2.outcome.report.news = []
methods.2.outcome.report.outcome = "produced"
methods.2.outcome.report.profile.java_release = 8
methods.2.outcome.report.profile.layout.kind = "generic"
methods.2.outcome.report.profile.multi_release.kind = "disabled"
methods.2.outcome.report.quality = "structured"
methods.2.outcome.report.regions = []
methods.2.outcome.report.representation = "java"
methods.2.outcome.report.rules = []
methods.2.outcome.report.semantic_validation = "unproven"
methods.2.outcome.report.source_map.segments = []
methods.2.outcome.report.syntax_status = "unchecked"
methods.2.outcome.report.text = "// @method payloadLength()I\n// @declaration an instance method of `em17.Shapes`, member flags 0x0001\n// recovered from bytecode; presentation is not claimed to compile\n{\n    return this.payload.length;\n}\n"
methods.2.outcome.report.verification = "not_performed"
methods.2.parameter_annotations.attributes = []
methods.2.parameter_annotations.refusals = []
methods.2.parameter_annotations.uses_by_position = []
methods.2.text = "    public int payloadLength() {\n        // @method payloadLength()I\n        // @declaration an instance method of `em17.Shapes`, member flags 0x0001\n        // recovered from bytecode; presentation is not claimed to compile\n        return this.payload.length;\n    }\n"
methods.2.type_annotations.attributes = []
methods.2.type_annotations.field_uses = []
methods.2.type_annotations.parameter_uses = []
methods.2.type_annotations.refusals = []
methods.2.type_annotations.return_uses = []
methods.3.annotations.attributes = []
methods.3.annotations.refusals = []
methods.3.annotations.uses = []
methods.3.declaration = "public static long[][] longRows(int arg0)"
methods.3.item.access_flags = 9
methods.3.item.body.content_span.length = 17
methods.3.item.body.content_span.start = 596
methods.3.item.body.kind = "code_attribute"
methods.3.item.descriptor.escaped = "(I)[[J"
methods.3.item.descriptor.raw = [40,73,41,91,91,74]
methods.3.item.descriptor.utf16 = [40,73,41,91,91,74]
methods.3.item.identity.descriptor = [40,73,41,91,91,74]
methods.3.item.identity.name = [108,111,110,103,82,111,119,115]
methods.3.item.identity.owner.class_bytes.digest = "24d8ebf742f835ab34e7f0c5823c165bf096ab21ed67b1770dc8c6249ada2cad"
methods.3.item.identity.owner.class_bytes.length = 806
methods.3.item.identity.owner.location.entry.ordinal = 4
methods.3.item.identity.owner.location.entry.origin.root_container = "root"
methods.3.item.identity.owner.location.entry.origin.snapshot = "bf1fbad6df26950df50ef3994d98d360fda246affa316b7eda65245387493cd6"
methods.3.item.identity.owner.location.entry.origin.steps = []
methods.3.item.identity.owner.location.entry.raw_name = [101,109,49,55,47,83,104,97,112,101,115,46,99,108,97,115,115]
methods.3.item.identity.owner.location.kind = "archive_entry"
methods.3.item.identity.owner.variant.kind = "base"
methods.3.item.index = 3
methods.3.item.name.escaped = "longRows"
methods.3.item.name.raw = [108,111,110,103,82,111,119,115]
methods.3.item.name.utf16 = [108,111,110,103,82,111,119,115]
methods.3.markers = []
methods.3.no_body_kind = null
methods.3.outcome.analysis.diagnostics = 0
methods.3.outcome.analysis.execution.status = "complete"
methods.3.outcome.analysis.execution.usage.analysis_steps = 262
methods.3.outcome.analysis.execution.usage.archive_entries = 15
methods.3.outcome.analysis.execution.usage.attribute_bytes = 656
methods.3.outcome.analysis.execution.usage.class_bytes = 1612
methods.3.outcome.analysis.execution.usage.class_headers = 1
methods.3.outcome.analysis.execution.usage.code_bytes = 46
methods.3.outcome.analysis.execution.usage.dependency_depth = 0
methods.3.outcome.analysis.execution.usage.elapsed_millis = 5
methods.3.outcome.analysis.execution.usage.entry_bytes = 806
methods.3.outcome.analysis.execution.usage.input_bytes = 1844
methods.3.outcome.analysis.execution.usage.ir_edges = 32
methods.3.outcome.analysis.execution.usage.ir_items = 700
methods.3.outcome.analysis.execution.usage.method_bodies = 4
methods.3.outcome.analysis.execution.usage.nested_depth = 0
methods.3.outcome.analysis.execution.usage.normalization_clones = 0
methods.3.outcome.analysis.execution.usage.output_bytes = 781
methods.3.outcome.analysis.execution.usage.read_bytes = 482
methods.3.outcome.analysis.execution.usage.result_items = 34
methods.3.outcome.kind = "recovered"
methods.3.outcome.report.accessors = []
methods.3.outcome.report.aliased_names = []
methods.3.outcome.report.artifact.agreement.state = "not_stated"
methods.3.outcome.report.artifact.binding.engine = "0.1.0"
methods.3.outcome.report.artifact.binding.environment.content = ["bf1fbad6df26950df50ef3994d98d360fda246affa316b7eda65245387493cd6"]
methods.3.outcome.report.artifact.binding.environment.domain_loaders = ["app"]
methods.3.outcome.report.artifact.binding.environment.providers = []
methods.3.outcome.report.artifact.binding.environment.runtime.load_domain.delegation.kind = "parent_first"
methods.3.outcome.report.artifact.binding.environment.runtime.load_domain.external_override = "none"
methods.3.outcome.report.artifact.binding.environment.runtime.load_domain.loader = "app"
methods.3.outcome.report.artifact.binding.environment.runtime.load_domain.module_mode.kind = "class_path"
methods.3.outcome.report.artifact.binding.environment.runtime.load_domain.parent_loader = null
methods.3.outcome.report.artifact.binding.environment.runtime.load_domain.roots.0.kind = "container"
methods.3.outcome.report.artifact.binding.environment.runtime.load_domain.roots.0.origin.root_container = "root"
methods.3.outcome.report.artifact.binding.environment.runtime.load_domain.roots.0.origin.snapshot = "bf1fbad6df26950df50ef3994d98d360fda246affa316b7eda65245387493cd6"
methods.3.outcome.report.artifact.binding.environment.runtime.load_domain.roots.0.origin.steps = []
methods.3.outcome.report.artifact.binding.environment.runtime.load_domain.roots.0.prefix = []
methods.3.outcome.report.artifact.binding.environment.runtime.load_domain.runtime_transformation = "none"
methods.3.outcome.report.artifact.binding.environment.runtime.physical.scope.kind = "snapshot_all"
methods.3.outcome.report.artifact.binding.environment.runtime.physical.snapshot = "bf1fbad6df26950df50ef3994d98d360fda246affa316b7eda65245387493cd6"
methods.3.outcome.report.artifact.binding.environment.runtime.profile.java_release = 8
methods.3.outcome.report.artifact.binding.environment.runtime.profile.layout.kind = "generic"
methods.3.outcome.report.artifact.binding.environment.runtime.profile.multi_release.kind = "disabled"
methods.3.outcome.report.artifact.binding.member_ordinal = 3
methods.3.outcome.report.artifact.binding.method.descriptor = [40,73,41,91,91,74]
methods.3.outcome.report.artifact.binding.method.name = [108,111,110,103,82,111,119,115]
methods.3.outcome.report.artifact.binding.method.owner.class_bytes.digest = "24d8ebf742f835ab34e7f0c5823c165bf096ab21ed67b1770dc8c6249ada2cad"
methods.3.outcome.report.artifact.binding.method.owner.class_bytes.length = 806
methods.3.outcome.report.artifact.binding.method.owner.location.entry.ordinal = 4
methods.3.outcome.report.artifact.binding.method.owner.location.entry.origin.root_container = "root"
methods.3.outcome.report.artifact.binding.method.owner.location.entry.origin.snapshot = "bf1fbad6df26950df50ef3994d98d360fda246affa316b7eda65245387493cd6"
methods.3.outcome.report.artifact.binding.method.owner.location.entry.origin.steps = []
methods.3.outcome.report.artifact.binding.method.owner.location.entry.raw_name = [101,109,49,55,47,83,104,97,112,101,115,46,99,108,97,115,115]
methods.3.outcome.report.artifact.binding.method.owner.location.kind = "archive_entry"
methods.3.outcome.report.artifact.binding.method.owner.variant.kind = "base"
methods.3.outcome.report.artifact.binding.profile.java_release = 8
methods.3.outcome.report.artifact.binding.profile.layout.kind = "generic"
methods.3.outcome.report.artifact.binding.profile.multi_release.kind = "disabled"
methods.3.outcome.report.artifact.binding.registry = 71
methods.3.outcome.report.artifact.binding.rules = ["straight@1","if@1","loop@1","switch@1","lambda@1","concat@1","bridge@1","accessor@1","new@1","field@1","enumswitch@1","init@1","declaration@1","twr@1","monitor@1","finally@1"]
methods.3.outcome.report.artifact.binding.schema = 1
methods.3.outcome.report.artifact.binding.text_bytes = 196
methods.3.outcome.report.artifact.binding.text_digest = "ba396dd92cd0a48914dce3f66dddc14a"
methods.3.outcome.report.bridges = []
methods.3.outcome.report.compile_status = "not_attempted"
methods.3.outcome.report.concats = []
methods.3.outcome.report.content = "contains_statements"
methods.3.outcome.report.declaration = null
methods.3.outcome.report.diagnostics.0.code = "jre_recovery_produced"
methods.3.outcome.report.diagnostics.0.message = "1 region(s), 1 statement(s), 3 segment(s), 196 byte(s) written from 1 canonical block(s)"
methods.3.outcome.report.diagnostics.0.provenance = null
methods.3.outcome.report.diagnostics.0.severity = "info"
methods.3.outcome.report.diagnostics.1.code = "jre_declaration"
methods.3.outcome.report.diagnostics.1.message = "the artifact's envelope states the member's declaration under declaration@1: a static method"
methods.3.outcome.report.diagnostics.1.provenance = null
methods.3.outcome.report.diagnostics.1.severity = "info"
methods.3.outcome.report.enum_switches = []
methods.3.outcome.report.evidence.categories.0.kind = "source_map"
methods.3.outcome.report.evidence.categories.0.state.state = "not_requested"
methods.3.outcome.report.evidence.categories.1.kind = "region_details"
methods.3.outcome.report.evidence.categories.1.state.state = "not_requested"
methods.3.outcome.report.evidence.categories.2.kind = "rule_details"
methods.3.outcome.report.evidence.categories.2.state.state = "not_requested"
methods.3.outcome.report.evidence.categories.3.kind = "name_details"
methods.3.outcome.report.evidence.categories.3.state.state = "not_requested"
methods.3.outcome.report.evidence.categories.4.kind = "read_details"
methods.3.outcome.report.evidence.categories.4.state.state = "not_requested"
methods.3.outcome.report.evidence.requested.driver_bci_range = null
methods.3.outcome.report.evidence.requested.expected_artifact = null
methods.3.outcome.report.evidence.requested.kinds = []
methods.3.outcome.report.execution.status = "complete"
methods.3.outcome.report.execution.usage.analysis_steps = 277
methods.3.outcome.report.execution.usage.archive_entries = 15
methods.3.outcome.report.execution.usage.attribute_bytes = 656
methods.3.outcome.report.execution.usage.class_bytes = 1612
methods.3.outcome.report.execution.usage.class_headers = 1
methods.3.outcome.report.execution.usage.code_bytes = 46
methods.3.outcome.report.execution.usage.dependency_depth = 0
methods.3.outcome.report.execution.usage.elapsed_millis = 5
methods.3.outcome.report.execution.usage.entry_bytes = 806
methods.3.outcome.report.execution.usage.input_bytes = 1844
methods.3.outcome.report.execution.usage.ir_edges = 32
methods.3.outcome.report.execution.usage.ir_items = 726
methods.3.outcome.report.execution.usage.method_bodies = 4
methods.3.outcome.report.execution.usage.nested_depth = 0
methods.3.outcome.report.execution.usage.normalization_clones = 0
methods.3.outcome.report.execution.usage.output_bytes = 977
methods.3.outcome.report.execution.usage.read_bytes = 482
methods.3.outcome.report.execution.usage.result_items = 34
methods.3.outcome.report.fallbacks = []
methods.3.outcome.report.fields = []
methods.3.outcome.report.init = null
methods.3.outcome.report.lambdas = []
methods.3.outcome.report.method = "longRows(I)[[J"
methods.3.outcome.report.news = []
methods.3.outcome.report.outcome = "produced"
methods.3.outcome.report.profile.java_release = 8
methods.3.outcome.report.profile.layout.kind = "generic"
methods.3.outcome.report.profile.multi_release.kind = "disabled"
methods.3.outcome.report.quality = "structured"
methods.3.outcome.report.regions = []
methods.3.outcome.report.representation = "java"
methods.3.outcome.report.rules = []
methods.3.outcome.report.semantic_validation = "unproven"
methods.3.outcome.report.source_map.segments = []
methods.3.outcome.report.syntax_status = "unchecked"
methods.3.outcome.report.text = "// @method longRows(I)[[J\n// @declaration a static method of `em17.Shapes`, member flags 0x0009\n// recovered from bytecode; presentation is not claimed to compile\n{\n    return new long[arg0][];\n}\n"
methods.3.outcome.report.verification = "not_performed"
methods.3.parameter_annotations.attributes = []
methods.3.parameter_annotations.refusals = []
methods.3.parameter_annotations.uses_by_position = [[]]
methods.3.text = "    public static long[][] longRows(int arg0) {\n        // @method longRows(I)[[J\n        // @declaration a static method of `em17.Shapes`, member flags 0x0009\n        // recovered from bytecode; presentation is not claimed to compile\n        return new long[arg0][];\n    }\n"
methods.3.type_annotations.attributes = []
methods.3.type_annotations.field_uses = []
methods.3.type_annotations.parameter_uses = [[]]
methods.3.type_annotations.refusals = []
methods.3.type_annotations.return_uses = []
methods.4.annotations.attributes = []
methods.4.annotations.refusals = []
methods.4.annotations.uses = []
methods.4.declaration = "public static java.lang.String[][] stringRows(int arg0)"
methods.4.item.access_flags = 9
methods.4.item.body.content_span.length = 17
methods.4.item.body.content_span.start = 627
methods.4.item.body.kind = "code_attribute"
methods.4.item.descriptor.escaped = "(I)[[Ljava/lang/String;"
methods.4.item.descriptor.raw = [40,73,41,91,91,76,106,97,118,97,47,108,97,110,103,47,83,116,114,105,110,103,59]
methods.4.item.descriptor.utf16 = [40,73,41,91,91,76,106,97,118,97,47,108,97,110,103,47,83,116,114,105,110,103,59]
methods.4.item.identity.descriptor = [40,73,41,91,91,76,106,97,118,97,47,108,97,110,103,47,83,116,114,105,110,103,59]
methods.4.item.identity.name = [115,116,114,105,110,103,82,111,119,115]
methods.4.item.identity.owner.class_bytes.digest = "24d8ebf742f835ab34e7f0c5823c165bf096ab21ed67b1770dc8c6249ada2cad"
methods.4.item.identity.owner.class_bytes.length = 806
methods.4.item.identity.owner.location.entry.ordinal = 4
methods.4.item.identity.owner.location.entry.origin.root_container = "root"
methods.4.item.identity.owner.location.entry.origin.snapshot = "bf1fbad6df26950df50ef3994d98d360fda246affa316b7eda65245387493cd6"
methods.4.item.identity.owner.location.entry.origin.steps = []
methods.4.item.identity.owner.location.entry.raw_name = [101,109,49,55,47,83,104,97,112,101,115,46,99,108,97,115,115]
methods.4.item.identity.owner.location.kind = "archive_entry"
methods.4.item.identity.owner.variant.kind = "base"
methods.4.item.index = 4
methods.4.item.name.escaped = "stringRows"
methods.4.item.name.raw = [115,116,114,105,110,103,82,111,119,115]
methods.4.item.name.utf16 = [115,116,114,105,110,103,82,111,119,115]
methods.4.markers = []
methods.4.no_body_kind = null
methods.4.outcome.analysis.diagnostics = 0
methods.4.outcome.analysis.execution.status = "complete"
methods.4.outcome.analysis.execution.usage.analysis_steps = 298
methods.4.outcome.analysis.execution.usage.archive_entries = 15
methods.4.outcome.analysis.execution.usage.attribute_bytes = 679
methods.4.outcome.analysis.execution.usage.class_bytes = 1612
methods.4.outcome.analysis.execution.usage.class_headers = 1
methods.4.outcome.analysis.execution.usage.code_bytes = 51
methods.4.outcome.analysis.execution.usage.dependency_depth = 0
methods.4.outcome.analysis.execution.usage.elapsed_millis = 5
methods.4.outcome.analysis.execution.usage.entry_bytes = 806
methods.4.outcome.analysis.execution.usage.input_bytes = 1844
methods.4.outcome.analysis.execution.usage.ir_edges = 35
methods.4.outcome.analysis.execution.usage.ir_items = 777
methods.4.outcome.analysis.execution.usage.method_bodies = 5
methods.4.outcome.analysis.execution.usage.nested_depth = 0
methods.4.outcome.analysis.execution.usage.normalization_clones = 0
methods.4.outcome.analysis.execution.usage.output_bytes = 977
methods.4.outcome.analysis.execution.usage.read_bytes = 482
methods.4.outcome.analysis.execution.usage.result_items = 35
methods.4.outcome.kind = "recovered"
methods.4.outcome.report.accessors = []
methods.4.outcome.report.aliased_names = []
methods.4.outcome.report.artifact.agreement.state = "not_stated"
methods.4.outcome.report.artifact.binding.engine = "0.1.0"
methods.4.outcome.report.artifact.binding.environment.content = ["bf1fbad6df26950df50ef3994d98d360fda246affa316b7eda65245387493cd6"]
methods.4.outcome.report.artifact.binding.environment.domain_loaders = ["app"]
methods.4.outcome.report.artifact.binding.environment.providers = []
methods.4.outcome.report.artifact.binding.environment.runtime.load_domain.delegation.kind = "parent_first"
methods.4.outcome.report.artifact.binding.environment.runtime.load_domain.external_override = "none"
methods.4.outcome.report.artifact.binding.environment.runtime.load_domain.loader = "app"
methods.4.outcome.report.artifact.binding.environment.runtime.load_domain.module_mode.kind = "class_path"
methods.4.outcome.report.artifact.binding.environment.runtime.load_domain.parent_loader = null
methods.4.outcome.report.artifact.binding.environment.runtime.load_domain.roots.0.kind = "container"
methods.4.outcome.report.artifact.binding.environment.runtime.load_domain.roots.0.origin.root_container = "root"
methods.4.outcome.report.artifact.binding.environment.runtime.load_domain.roots.0.origin.snapshot = "bf1fbad6df26950df50ef3994d98d360fda246affa316b7eda65245387493cd6"
methods.4.outcome.report.artifact.binding.environment.runtime.load_domain.roots.0.origin.steps = []
methods.4.outcome.report.artifact.binding.environment.runtime.load_domain.roots.0.prefix = []
methods.4.outcome.report.artifact.binding.environment.runtime.load_domain.runtime_transformation = "none"
methods.4.outcome.report.artifact.binding.environment.runtime.physical.scope.kind = "snapshot_all"
methods.4.outcome.report.artifact.binding.environment.runtime.physical.snapshot = "bf1fbad6df26950df50ef3994d98d360fda246affa316b7eda65245387493cd6"
methods.4.outcome.report.artifact.binding.environment.runtime.profile.java_release = 8
methods.4.outcome.report.artifact.binding.environment.runtime.profile.layout.kind = "generic"
methods.4.outcome.report.artifact.binding.environment.runtime.profile.multi_release.kind = "disabled"
methods.4.outcome.report.artifact.binding.member_ordinal = 4
methods.4.outcome.report.artifact.binding.method.descriptor = [40,73,41,91,91,76,106,97,118,97,47,108,97,110,103,47,83,116,114,105,110,103,59]
methods.4.outcome.report.artifact.binding.method.name = [115,116,114,105,110,103,82,111,119,115]
methods.4.outcome.report.artifact.binding.method.owner.class_bytes.digest = "24d8ebf742f835ab34e7f0c5823c165bf096ab21ed67b1770dc8c6249ada2cad"
methods.4.outcome.report.artifact.binding.method.owner.class_bytes.length = 806
methods.4.outcome.report.artifact.binding.method.owner.location.entry.ordinal = 4
methods.4.outcome.report.artifact.binding.method.owner.location.entry.origin.root_container = "root"
methods.4.outcome.report.artifact.binding.method.owner.location.entry.origin.snapshot = "bf1fbad6df26950df50ef3994d98d360fda246affa316b7eda65245387493cd6"
methods.4.outcome.report.artifact.binding.method.owner.location.entry.origin.steps = []
methods.4.outcome.report.artifact.binding.method.owner.location.entry.raw_name = [101,109,49,55,47,83,104,97,112,101,115,46,99,108,97,115,115]
methods.4.outcome.report.artifact.binding.method.owner.location.kind = "archive_entry"
methods.4.outcome.report.artifact.binding.method.owner.variant.kind = "base"
methods.4.outcome.report.artifact.binding.profile.java_release = 8
methods.4.outcome.report.artifact.binding.profile.layout.kind = "generic"
methods.4.outcome.report.artifact.binding.profile.multi_release.kind = "disabled"
methods.4.outcome.report.artifact.binding.registry = 71
methods.4.outcome.report.artifact.binding.rules = ["straight@1","if@1","loop@1","switch@1","lambda@1","concat@1","bridge@1","accessor@1","new@1","field@1","enumswitch@1","init@1","declaration@1","twr@1","monitor@1","finally@1"]
methods.4.outcome.report.artifact.binding.schema = 1
methods.4.outcome.report.artifact.binding.text_bytes = 227
methods.4.outcome.report.artifact.binding.text_digest = "5f1e60210fa089b312ec2baea2b4c42e"
methods.4.outcome.report.bridges = []
methods.4.outcome.report.compile_status = "not_attempted"
methods.4.outcome.report.concats = []
methods.4.outcome.report.content = "contains_statements"
methods.4.outcome.report.declaration = null
methods.4.outcome.report.diagnostics.0.code = "jre_recovery_produced"
methods.4.outcome.report.diagnostics.0.message = "1 region(s), 1 statement(s), 3 segment(s), 227 byte(s) written from 1 canonical block(s)"
methods.4.outcome.report.diagnostics.0.provenance = null
methods.4.outcome.report.diagnostics.0.severity = "info"
methods.4.outcome.report.diagnostics.1.code = "jre_declaration"
methods.4.outcome.report.diagnostics.1.message = "the artifact's envelope states the member's declaration under declaration@1: a static method"
methods.4.outcome.report.diagnostics.1.provenance = null
methods.4.outcome.report.diagnostics.1.severity = "info"
methods.4.outcome.report.enum_switches = []
methods.4.outcome.report.evidence.categories.0.kind = "source_map"
methods.4.outcome.report.evidence.categories.0.state.state = "not_requested"
methods.4.outcome.report.evidence.categories.1.kind = "region_details"
methods.4.outcome.report.evidence.categories.1.state.state = "not_requested"
methods.4.outcome.report.evidence.categories.2.kind = "rule_details"
methods.4.outcome.report.evidence.categories.2.state.state = "not_requested"
methods.4.outcome.report.evidence.categories.3.kind = "name_details"
methods.4.outcome.report.evidence.categories.3.state.state = "not_requested"
methods.4.outcome.report.evidence.categories.4.kind = "read_details"
methods.4.outcome.report.evidence.categories.4.state.state = "not_requested"
methods.4.outcome.report.evidence.requested.driver_bci_range = null
methods.4.outcome.report.evidence.requested.expected_artifact = null
methods.4.outcome.report.evidence.requested.kinds = []
methods.4.outcome.report.execution.status = "complete"
methods.4.outcome.report.execution.usage.analysis_steps = 313
methods.4.outcome.report.execution.usage.archive_entries = 15
methods.4.outcome.report.execution.usage.attribute_bytes = 679
methods.4.outcome.report.execution.usage.class_bytes = 1612
methods.4.outcome.report.execution.usage.class_headers = 1
methods.4.outcome.report.execution.usage.code_bytes = 51
methods.4.outcome.report.execution.usage.dependency_depth = 0
methods.4.outcome.report.execution.usage.elapsed_millis = 5
methods.4.outcome.report.execution.usage.entry_bytes = 806
methods.4.outcome.report.execution.usage.input_bytes = 1844
methods.4.outcome.report.execution.usage.ir_edges = 35
methods.4.outcome.report.execution.usage.ir_items = 803
methods.4.outcome.report.execution.usage.method_bodies = 5
methods.4.outcome.report.execution.usage.nested_depth = 0
methods.4.outcome.report.execution.usage.normalization_clones = 0
methods.4.outcome.report.execution.usage.output_bytes = 1204
methods.4.outcome.report.execution.usage.read_bytes = 482
methods.4.outcome.report.execution.usage.result_items = 35
methods.4.outcome.report.fallbacks = []
methods.4.outcome.report.fields = []
methods.4.outcome.report.init = null
methods.4.outcome.report.lambdas = []
methods.4.outcome.report.method = "stringRows(I)[[Ljava/lang/String;"
methods.4.outcome.report.news = []
methods.4.outcome.report.outcome = "produced"
methods.4.outcome.report.profile.java_release = 8
methods.4.outcome.report.profile.layout.kind = "generic"
methods.4.outcome.report.profile.multi_release.kind = "disabled"
methods.4.outcome.report.quality = "structured"
methods.4.outcome.report.regions = []
methods.4.outcome.report.representation = "java"
methods.4.outcome.report.rules = []
methods.4.outcome.report.semantic_validation = "unproven"
methods.4.outcome.report.source_map.segments = []
methods.4.outcome.report.syntax_status = "unchecked"
methods.4.outcome.report.text = "// @method stringRows(I)[[Ljava/lang/String;\n// @declaration a static method of `em17.Shapes`, member flags 0x0009\n// recovered from bytecode; presentation is not claimed to compile\n{\n    return new java.lang.String[arg0][];\n}\n"
methods.4.outcome.report.verification = "not_performed"
methods.4.parameter_annotations.attributes = []
methods.4.parameter_annotations.refusals = []
methods.4.parameter_annotations.uses_by_position = [[]]
methods.4.text = "    public static java.lang.String[][] stringRows(int arg0) {\n        // @method stringRows(I)[[Ljava/lang/String;\n        // @declaration a static method of `em17.Shapes`, member flags 0x0009\n        // recovered from bytecode; presentation is not claimed to compile\n        return new java.lang.String[arg0][];\n    }\n"
methods.4.type_annotations.attributes = []
methods.4.type_annotations.field_uses = []
methods.4.type_annotations.parameter_uses = [[]]
methods.4.type_annotations.refusals = []
methods.4.type_annotations.return_uses = []
methods.5.annotations.attributes = []
methods.5.annotations.refusals = []
methods.5.annotations.uses = []
methods.5.declaration = "public static int[][][] deep(int arg0)"
methods.5.item.access_flags = 9
methods.5.item.body.content_span.length = 17
methods.5.item.body.content_span.start = 658
methods.5.item.body.kind = "code_attribute"
methods.5.item.descriptor.escaped = "(I)[[[I"
methods.5.item.descriptor.raw = [40,73,41,91,91,91,73]
methods.5.item.descriptor.utf16 = [40,73,41,91,91,91,73]
methods.5.item.identity.descriptor = [40,73,41,91,91,91,73]
methods.5.item.identity.name = [100,101,101,112]
methods.5.item.identity.owner.class_bytes.digest = "24d8ebf742f835ab34e7f0c5823c165bf096ab21ed67b1770dc8c6249ada2cad"
methods.5.item.identity.owner.class_bytes.length = 806
methods.5.item.identity.owner.location.entry.ordinal = 4
methods.5.item.identity.owner.location.entry.origin.root_container = "root"
methods.5.item.identity.owner.location.entry.origin.snapshot = "bf1fbad6df26950df50ef3994d98d360fda246affa316b7eda65245387493cd6"
methods.5.item.identity.owner.location.entry.origin.steps = []
methods.5.item.identity.owner.location.entry.raw_name = [101,109,49,55,47,83,104,97,112,101,115,46,99,108,97,115,115]
methods.5.item.identity.owner.location.kind = "archive_entry"
methods.5.item.identity.owner.variant.kind = "base"
methods.5.item.index = 5
methods.5.item.name.escaped = "deep"
methods.5.item.name.raw = [100,101,101,112]
methods.5.item.name.utf16 = [100,101,101,112]
methods.5.markers = []
methods.5.no_body_kind = null
methods.5.outcome.analysis.diagnostics = 0
methods.5.outcome.analysis.execution.status = "complete"
methods.5.outcome.analysis.execution.usage.analysis_steps = 334
methods.5.outcome.analysis.execution.usage.archive_entries = 15
methods.5.outcome.analysis.execution.usage.attribute_bytes = 702
methods.5.outcome.analysis.execution.usage.class_bytes = 1612
methods.5.outcome.analysis.execution.usage.class_headers = 1
methods.5.outcome.analysis.execution.usage.code_bytes = 56
methods.5.outcome.analysis.execution.usage.dependency_depth = 0
methods.5.outcome.analysis.execution.usage.elapsed_millis = 5
methods.5.outcome.analysis.execution.usage.entry_bytes = 806
methods.5.outcome.analysis.execution.usage.input_bytes = 1844
methods.5.outcome.analysis.execution.usage.ir_edges = 38
methods.5.outcome.analysis.execution.usage.ir_items = 854
methods.5.outcome.analysis.execution.usage.method_bodies = 6
methods.5.outcome.analysis.execution.usage.nested_depth = 0
methods.5.outcome.analysis.execution.usage.normalization_clones = 0
methods.5.outcome.analysis.execution.usage.output_bytes = 1204
methods.5.outcome.analysis.execution.usage.read_bytes = 482
methods.5.outcome.analysis.execution.usage.result_items = 36
methods.5.outcome.kind = "recovered"
methods.5.outcome.report.accessors = []
methods.5.outcome.report.aliased_names = []
methods.5.outcome.report.artifact.agreement.state = "not_stated"
methods.5.outcome.report.artifact.binding.engine = "0.1.0"
methods.5.outcome.report.artifact.binding.environment.content = ["bf1fbad6df26950df50ef3994d98d360fda246affa316b7eda65245387493cd6"]
methods.5.outcome.report.artifact.binding.environment.domain_loaders = ["app"]
methods.5.outcome.report.artifact.binding.environment.providers = []
methods.5.outcome.report.artifact.binding.environment.runtime.load_domain.delegation.kind = "parent_first"
methods.5.outcome.report.artifact.binding.environment.runtime.load_domain.external_override = "none"
methods.5.outcome.report.artifact.binding.environment.runtime.load_domain.loader = "app"
methods.5.outcome.report.artifact.binding.environment.runtime.load_domain.module_mode.kind = "class_path"
methods.5.outcome.report.artifact.binding.environment.runtime.load_domain.parent_loader = null
methods.5.outcome.report.artifact.binding.environment.runtime.load_domain.roots.0.kind = "container"
methods.5.outcome.report.artifact.binding.environment.runtime.load_domain.roots.0.origin.root_container = "root"
methods.5.outcome.report.artifact.binding.environment.runtime.load_domain.roots.0.origin.snapshot = "bf1fbad6df26950df50ef3994d98d360fda246affa316b7eda65245387493cd6"
methods.5.outcome.report.artifact.binding.environment.runtime.load_domain.roots.0.origin.steps = []
methods.5.outcome.report.artifact.binding.environment.runtime.load_domain.roots.0.prefix = []
methods.5.outcome.report.artifact.binding.environment.runtime.load_domain.runtime_transformation = "none"
methods.5.outcome.report.artifact.binding.environment.runtime.physical.scope.kind = "snapshot_all"
methods.5.outcome.report.artifact.binding.environment.runtime.physical.snapshot = "bf1fbad6df26950df50ef3994d98d360fda246affa316b7eda65245387493cd6"
methods.5.outcome.report.artifact.binding.environment.runtime.profile.java_release = 8
methods.5.outcome.report.artifact.binding.environment.runtime.profile.layout.kind = "generic"
methods.5.outcome.report.artifact.binding.environment.runtime.profile.multi_release.kind = "disabled"
methods.5.outcome.report.artifact.binding.member_ordinal = 5
methods.5.outcome.report.artifact.binding.method.descriptor = [40,73,41,91,91,91,73]
methods.5.outcome.report.artifact.binding.method.name = [100,101,101,112]
methods.5.outcome.report.artifact.binding.method.owner.class_bytes.digest = "24d8ebf742f835ab34e7f0c5823c165bf096ab21ed67b1770dc8c6249ada2cad"
methods.5.outcome.report.artifact.binding.method.owner.class_bytes.length = 806
methods.5.outcome.report.artifact.binding.method.owner.location.entry.ordinal = 4
methods.5.outcome.report.artifact.binding.method.owner.location.entry.origin.root_container = "root"
methods.5.outcome.report.artifact.binding.method.owner.location.entry.origin.snapshot = "bf1fbad6df26950df50ef3994d98d360fda246affa316b7eda65245387493cd6"
methods.5.outcome.report.artifact.binding.method.owner.location.entry.origin.steps = []
methods.5.outcome.report.artifact.binding.method.owner.location.entry.raw_name = [101,109,49,55,47,83,104,97,112,101,115,46,99,108,97,115,115]
methods.5.outcome.report.artifact.binding.method.owner.location.kind = "archive_entry"
methods.5.outcome.report.artifact.binding.method.owner.variant.kind = "base"
methods.5.outcome.report.artifact.binding.profile.java_release = 8
methods.5.outcome.report.artifact.binding.profile.layout.kind = "generic"
methods.5.outcome.report.artifact.binding.profile.multi_release.kind = "disabled"
methods.5.outcome.report.artifact.binding.registry = 71
methods.5.outcome.report.artifact.binding.rules = ["straight@1","if@1","loop@1","switch@1","lambda@1","concat@1","bridge@1","accessor@1","new@1","field@1","enumswitch@1","init@1","declaration@1","twr@1","monitor@1","finally@1"]
methods.5.outcome.report.artifact.binding.schema = 1
methods.5.outcome.report.artifact.binding.text_bytes = 194
methods.5.outcome.report.artifact.binding.text_digest = "a19c8a44bd86e746a838685de93c5a56"
methods.5.outcome.report.bridges = []
methods.5.outcome.report.compile_status = "not_attempted"
methods.5.outcome.report.concats = []
methods.5.outcome.report.content = "contains_statements"
methods.5.outcome.report.declaration = null
methods.5.outcome.report.diagnostics.0.code = "jre_recovery_produced"
methods.5.outcome.report.diagnostics.0.message = "1 region(s), 1 statement(s), 3 segment(s), 194 byte(s) written from 1 canonical block(s)"
methods.5.outcome.report.diagnostics.0.provenance = null
methods.5.outcome.report.diagnostics.0.severity = "info"
methods.5.outcome.report.diagnostics.1.code = "jre_declaration"
methods.5.outcome.report.diagnostics.1.message = "the artifact's envelope states the member's declaration under declaration@1: a static method"
methods.5.outcome.report.diagnostics.1.provenance = null
methods.5.outcome.report.diagnostics.1.severity = "info"
methods.5.outcome.report.enum_switches = []
methods.5.outcome.report.evidence.categories.0.kind = "source_map"
methods.5.outcome.report.evidence.categories.0.state.state = "not_requested"
methods.5.outcome.report.evidence.categories.1.kind = "region_details"
methods.5.outcome.report.evidence.categories.1.state.state = "not_requested"
methods.5.outcome.report.evidence.categories.2.kind = "rule_details"
methods.5.outcome.report.evidence.categories.2.state.state = "not_requested"
methods.5.outcome.report.evidence.categories.3.kind = "name_details"
methods.5.outcome.report.evidence.categories.3.state.state = "not_requested"
methods.5.outcome.report.evidence.categories.4.kind = "read_details"
methods.5.outcome.report.evidence.categories.4.state.state = "not_requested"
methods.5.outcome.report.evidence.requested.driver_bci_range = null
methods.5.outcome.report.evidence.requested.expected_artifact = null
methods.5.outcome.report.evidence.requested.kinds = []
methods.5.outcome.report.execution.status = "complete"
methods.5.outcome.report.execution.usage.analysis_steps = 349
methods.5.outcome.report.execution.usage.archive_entries = 15
methods.5.outcome.report.execution.usage.attribute_bytes = 702
methods.5.outcome.report.execution.usage.class_bytes = 1612
methods.5.outcome.report.execution.usage.class_headers = 1
methods.5.outcome.report.execution.usage.code_bytes = 56
methods.5.outcome.report.execution.usage.dependency_depth = 0
methods.5.outcome.report.execution.usage.elapsed_millis = 5
methods.5.outcome.report.execution.usage.entry_bytes = 806
methods.5.outcome.report.execution.usage.input_bytes = 1844
methods.5.outcome.report.execution.usage.ir_edges = 38
methods.5.outcome.report.execution.usage.ir_items = 880
methods.5.outcome.report.execution.usage.method_bodies = 6
methods.5.outcome.report.execution.usage.nested_depth = 0
methods.5.outcome.report.execution.usage.normalization_clones = 0
methods.5.outcome.report.execution.usage.output_bytes = 1398
methods.5.outcome.report.execution.usage.read_bytes = 482
methods.5.outcome.report.execution.usage.result_items = 36
methods.5.outcome.report.fallbacks = []
methods.5.outcome.report.fields = []
methods.5.outcome.report.init = null
methods.5.outcome.report.lambdas = []
methods.5.outcome.report.method = "deep(I)[[[I"
methods.5.outcome.report.news = []
methods.5.outcome.report.outcome = "produced"
methods.5.outcome.report.profile.java_release = 8
methods.5.outcome.report.profile.layout.kind = "generic"
methods.5.outcome.report.profile.multi_release.kind = "disabled"
methods.5.outcome.report.quality = "structured"
methods.5.outcome.report.regions = []
methods.5.outcome.report.representation = "java"
methods.5.outcome.report.rules = []
methods.5.outcome.report.semantic_validation = "unproven"
methods.5.outcome.report.source_map.segments = []
methods.5.outcome.report.syntax_status = "unchecked"
methods.5.outcome.report.text = "// @method deep(I)[[[I\n// @declaration a static method of `em17.Shapes`, member flags 0x0009\n// recovered from bytecode; presentation is not claimed to compile\n{\n    return new int[arg0][][];\n}\n"
methods.5.outcome.report.verification = "not_performed"
methods.5.parameter_annotations.attributes = []
methods.5.parameter_annotations.refusals = []
methods.5.parameter_annotations.uses_by_position = [[]]
methods.5.text = "    public static int[][][] deep(int arg0) {\n        // @method deep(I)[[[I\n        // @declaration a static method of `em17.Shapes`, member flags 0x0009\n        // recovered from bytecode; presentation is not claimed to compile\n        return new int[arg0][][];\n    }\n"
methods.5.type_annotations.attributes = []
methods.5.type_annotations.field_uses = []
methods.5.type_annotations.parameter_uses = [[]]
methods.5.type_annotations.refusals = []
methods.5.type_annotations.return_uses = []
methods.6.annotations.attributes = []
methods.6.annotations.refusals = []
methods.6.annotations.uses = []
methods.6.declaration = "public static int[][] full(int arg0, int arg1)"
methods.6.item.access_flags = 9
methods.6.item.body.content_span.length = 19
methods.6.item.body.content_span.start = 689
methods.6.item.body.kind = "code_attribute"
methods.6.item.descriptor.escaped = "(II)[[I"
methods.6.item.descriptor.raw = [40,73,73,41,91,91,73]
methods.6.item.descriptor.utf16 = [40,73,73,41,91,91,73]
methods.6.item.identity.descriptor = [40,73,73,41,91,91,73]
methods.6.item.identity.name = [102,117,108,108]
methods.6.item.identity.owner.class_bytes.digest = "24d8ebf742f835ab34e7f0c5823c165bf096ab21ed67b1770dc8c6249ada2cad"
methods.6.item.identity.owner.class_bytes.length = 806
methods.6.item.identity.owner.location.entry.ordinal = 4
methods.6.item.identity.owner.location.entry.origin.root_container = "root"
methods.6.item.identity.owner.location.entry.origin.snapshot = "bf1fbad6df26950df50ef3994d98d360fda246affa316b7eda65245387493cd6"
methods.6.item.identity.owner.location.entry.origin.steps = []
methods.6.item.identity.owner.location.entry.raw_name = [101,109,49,55,47,83,104,97,112,101,115,46,99,108,97,115,115]
methods.6.item.identity.owner.location.kind = "archive_entry"
methods.6.item.identity.owner.variant.kind = "base"
methods.6.item.index = 6
methods.6.item.name.escaped = "full"
methods.6.item.name.raw = [102,117,108,108]
methods.6.item.name.utf16 = [102,117,108,108]
methods.6.markers = []
methods.6.no_body_kind = null
methods.6.outcome.analysis.diagnostics = 0
methods.6.outcome.analysis.execution.status = "complete"
methods.6.outcome.analysis.execution.usage.analysis_steps = 374
methods.6.outcome.analysis.execution.usage.archive_entries = 15
methods.6.outcome.analysis.execution.usage.attribute_bytes = 727
methods.6.outcome.analysis.execution.usage.class_bytes = 1612
methods.6.outcome.analysis.execution.usage.class_headers = 1
methods.6.outcome.analysis.execution.usage.code_bytes = 63
methods.6.outcome.analysis.execution.usage.dependency_depth = 0
methods.6.outcome.analysis.execution.usage.elapsed_millis = 6
methods.6.outcome.analysis.execution.usage.entry_bytes = 806
methods.6.outcome.analysis.execution.usage.input_bytes = 1844
methods.6.outcome.analysis.execution.usage.ir_edges = 43
methods.6.outcome.analysis.execution.usage.ir_items = 956
methods.6.outcome.analysis.execution.usage.method_bodies = 7
methods.6.outcome.analysis.execution.usage.nested_depth = 0
methods.6.outcome.analysis.execution.usage.normalization_clones = 0
methods.6.outcome.analysis.execution.usage.output_bytes = 1398
methods.6.outcome.analysis.execution.usage.read_bytes = 482
methods.6.outcome.analysis.execution.usage.result_items = 37
methods.6.outcome.kind = "recovered"
methods.6.outcome.report.accessors = []
methods.6.outcome.report.aliased_names = []
methods.6.outcome.report.artifact.agreement.state = "not_stated"
methods.6.outcome.report.artifact.binding.engine = "0.1.0"
methods.6.outcome.report.artifact.binding.environment.content = ["bf1fbad6df26950df50ef3994d98d360fda246affa316b7eda65245387493cd6"]
methods.6.outcome.report.artifact.binding.environment.domain_loaders = ["app"]
methods.6.outcome.report.artifact.binding.environment.providers = []
methods.6.outcome.report.artifact.binding.environment.runtime.load_domain.delegation.kind = "parent_first"
methods.6.outcome.report.artifact.binding.environment.runtime.load_domain.external_override = "none"
methods.6.outcome.report.artifact.binding.environment.runtime.load_domain.loader = "app"
methods.6.outcome.report.artifact.binding.environment.runtime.load_domain.module_mode.kind = "class_path"
methods.6.outcome.report.artifact.binding.environment.runtime.load_domain.parent_loader = null
methods.6.outcome.report.artifact.binding.environment.runtime.load_domain.roots.0.kind = "container"
methods.6.outcome.report.artifact.binding.environment.runtime.load_domain.roots.0.origin.root_container = "root"
methods.6.outcome.report.artifact.binding.environment.runtime.load_domain.roots.0.origin.snapshot = "bf1fbad6df26950df50ef3994d98d360fda246affa316b7eda65245387493cd6"
methods.6.outcome.report.artifact.binding.environment.runtime.load_domain.roots.0.origin.steps = []
methods.6.outcome.report.artifact.binding.environment.runtime.load_domain.roots.0.prefix = []
methods.6.outcome.report.artifact.binding.environment.runtime.load_domain.runtime_transformation = "none"
methods.6.outcome.report.artifact.binding.environment.runtime.physical.scope.kind = "snapshot_all"
methods.6.outcome.report.artifact.binding.environment.runtime.physical.snapshot = "bf1fbad6df26950df50ef3994d98d360fda246affa316b7eda65245387493cd6"
methods.6.outcome.report.artifact.binding.environment.runtime.profile.java_release = 8
methods.6.outcome.report.artifact.binding.environment.runtime.profile.layout.kind = "generic"
methods.6.outcome.report.artifact.binding.environment.runtime.profile.multi_release.kind = "disabled"
methods.6.outcome.report.artifact.binding.member_ordinal = 6
methods.6.outcome.report.artifact.binding.method.descriptor = [40,73,73,41,91,91,73]
methods.6.outcome.report.artifact.binding.method.name = [102,117,108,108]
methods.6.outcome.report.artifact.binding.method.owner.class_bytes.digest = "24d8ebf742f835ab34e7f0c5823c165bf096ab21ed67b1770dc8c6249ada2cad"
methods.6.outcome.report.artifact.binding.method.owner.class_bytes.length = 806
methods.6.outcome.report.artifact.binding.method.owner.location.entry.ordinal = 4
methods.6.outcome.report.artifact.binding.method.owner.location.entry.origin.root_container = "root"
methods.6.outcome.report.artifact.binding.method.owner.location.entry.origin.snapshot = "bf1fbad6df26950df50ef3994d98d360fda246affa316b7eda65245387493cd6"
methods.6.outcome.report.artifact.binding.method.owner.location.entry.origin.steps = []
methods.6.outcome.report.artifact.binding.method.owner.location.entry.raw_name = [101,109,49,55,47,83,104,97,112,101,115,46,99,108,97,115,115]
methods.6.outcome.report.artifact.binding.method.owner.location.kind = "archive_entry"
methods.6.outcome.report.artifact.binding.method.owner.variant.kind = "base"
methods.6.outcome.report.artifact.binding.profile.java_release = 8
methods.6.outcome.report.artifact.binding.profile.layout.kind = "generic"
methods.6.outcome.report.artifact.binding.profile.multi_release.kind = "disabled"
methods.6.outcome.report.artifact.binding.registry = 71
methods.6.outcome.report.artifact.binding.rules = ["straight@1","if@1","loop@1","switch@1","lambda@1","concat@1","bridge@1","accessor@1","new@1","field@1","enumswitch@1","init@1","declaration@1","twr@1","monitor@1","finally@1"]
methods.6.outcome.report.artifact.binding.schema = 1
methods.6.outcome.report.artifact.binding.text_bytes = 196
methods.6.outcome.report.artifact.binding.text_digest = "e6e484aebf50784e870f8764989441ac"
methods.6.outcome.report.bridges = []
methods.6.outcome.report.compile_status = "not_attempted"
methods.6.outcome.report.concats = []
methods.6.outcome.report.content = "contains_statements"
methods.6.outcome.report.declaration = null
methods.6.outcome.report.diagnostics.0.code = "jre_recovery_produced"
methods.6.outcome.report.diagnostics.0.message = "1 region(s), 1 statement(s), 4 segment(s), 196 byte(s) written from 1 canonical block(s)"
methods.6.outcome.report.diagnostics.0.provenance = null
methods.6.outcome.report.diagnostics.0.severity = "info"
methods.6.outcome.report.diagnostics.1.code = "jre_declaration"
methods.6.outcome.report.diagnostics.1.message = "the artifact's envelope states the member's declaration under declaration@1: a static method"
methods.6.outcome.report.diagnostics.1.provenance = null
methods.6.outcome.report.diagnostics.1.severity = "info"
methods.6.outcome.report.enum_switches = []
methods.6.outcome.report.evidence.categories.0.kind = "source_map"
methods.6.outcome.report.evidence.categories.0.state.state = "not_requested"
methods.6.outcome.report.evidence.categories.1.kind = "region_details"
methods.6.outcome.report.evidence.categories.1.state.state = "not_requested"
methods.6.outcome.report.evidence.categories.2.kind = "rule_details"
methods.6.outcome.report.evidence.categories.2.state.state = "not_requested"
methods.6.outcome.report.evidence.categories.3.kind = "name_details"
methods.6.outcome.report.evidence.categories.3.state.state = "not_requested"
methods.6.outcome.report.evidence.categories.4.kind = "read_details"
methods.6.outcome.report.evidence.categories.4.state.state = "not_requested"
methods.6.outcome.report.evidence.requested.driver_bci_range = null
methods.6.outcome.report.evidence.requested.expected_artifact = null
methods.6.outcome.report.evidence.requested.kinds = []
methods.6.outcome.report.execution.status = "complete"
methods.6.outcome.report.execution.usage.analysis_steps = 392
methods.6.outcome.report.execution.usage.archive_entries = 15
methods.6.outcome.report.execution.usage.attribute_bytes = 727
methods.6.outcome.report.execution.usage.class_bytes = 1612
methods.6.outcome.report.execution.usage.class_headers = 1
methods.6.outcome.report.execution.usage.code_bytes = 63
methods.6.outcome.report.execution.usage.dependency_depth = 0
methods.6.outcome.report.execution.usage.elapsed_millis = 6
methods.6.outcome.report.execution.usage.entry_bytes = 806
methods.6.outcome.report.execution.usage.input_bytes = 1844
methods.6.outcome.report.execution.usage.ir_edges = 43
methods.6.outcome.report.execution.usage.ir_items = 983
methods.6.outcome.report.execution.usage.method_bodies = 7
methods.6.outcome.report.execution.usage.nested_depth = 0
methods.6.outcome.report.execution.usage.normalization_clones = 0
methods.6.outcome.report.execution.usage.output_bytes = 1594
methods.6.outcome.report.execution.usage.read_bytes = 482
methods.6.outcome.report.execution.usage.result_items = 37
methods.6.outcome.report.fallbacks = []
methods.6.outcome.report.fields = []
methods.6.outcome.report.init = null
methods.6.outcome.report.lambdas = []
methods.6.outcome.report.method = "full(II)[[I"
methods.6.outcome.report.news = []
methods.6.outcome.report.outcome = "produced"
methods.6.outcome.report.profile.java_release = 8
methods.6.outcome.report.profile.layout.kind = "generic"
methods.6.outcome.report.profile.multi_release.kind = "disabled"
methods.6.outcome.report.quality = "structured"
methods.6.outcome.report.regions = []
methods.6.outcome.report.representation = "java"
methods.6.outcome.report.rules = []
methods.6.outcome.report.semantic_validation = "unproven"
methods.6.outcome.report.source_map.segments = []
methods.6.outcome.report.syntax_status = "unchecked"
methods.6.outcome.report.text = "// @method full(II)[[I\n// @declaration a static method of `em17.Shapes`, member flags 0x0009\n// recovered from bytecode; presentation is not claimed to compile\n{\n    return new int[arg0][arg1];\n}\n"
methods.6.outcome.report.verification = "not_performed"
methods.6.parameter_annotations.attributes = []
methods.6.parameter_annotations.refusals = []
methods.6.parameter_annotations.uses_by_position = [[],[]]
methods.6.text = "    public static int[][] full(int arg0, int arg1) {\n        // @method full(II)[[I\n        // @declaration a static method of `em17.Shapes`, member flags 0x0009\n        // recovered from bytecode; presentation is not claimed to compile\n        return new int[arg0][arg1];\n    }\n"
methods.6.type_annotations.attributes = []
methods.6.type_annotations.field_uses = []
methods.6.type_annotations.parameter_uses = [[],[]]
methods.6.type_annotations.refusals = []
methods.6.type_annotations.return_uses = []
methods.7.annotations.attributes = []
methods.7.annotations.refusals = []
methods.7.annotations.uses = []
methods.7.declaration = "public static int[][] literal(int arg0, int arg1)"
methods.7.item.access_flags = 9
methods.7.item.body.content_span.length = 47
methods.7.item.body.content_span.start = 722
methods.7.item.body.kind = "code_attribute"
methods.7.item.descriptor.escaped = "(II)[[I"
methods.7.item.descriptor.raw = [40,73,73,41,91,91,73]
methods.7.item.descriptor.utf16 = [40,73,73,41,91,91,73]
methods.7.item.identity.descriptor = [40,73,73,41,91,91,73]
methods.7.item.identity.name = [108,105,116,101,114,97,108]
methods.7.item.identity.owner.class_bytes.digest = "24d8ebf742f835ab34e7f0c5823c165bf096ab21ed67b1770dc8c6249ada2cad"
methods.7.item.identity.owner.class_bytes.length = 806
methods.7.item.identity.owner.location.entry.ordinal = 4
methods.7.item.identity.owner.location.entry.origin.root_container = "root"
methods.7.item.identity.owner.location.entry.origin.snapshot = "bf1fbad6df26950df50ef3994d98d360fda246affa316b7eda65245387493cd6"
methods.7.item.identity.owner.location.entry.origin.steps = []
methods.7.item.identity.owner.location.entry.raw_name = [101,109,49,55,47,83,104,97,112,101,115,46,99,108,97,115,115]
methods.7.item.identity.owner.location.kind = "archive_entry"
methods.7.item.identity.owner.variant.kind = "base"
methods.7.item.index = 7
methods.7.item.name.escaped = "literal"
methods.7.item.name.raw = [108,105,116,101,114,97,108]
methods.7.item.name.utf16 = [108,105,116,101,114,97,108]
methods.7.markers = []
methods.7.no_body_kind = null
methods.7.outcome.analysis.diagnostics = 0
methods.7.outcome.analysis.execution.status = "complete"
methods.7.outcome.analysis.execution.usage.analysis_steps = 530
methods.7.outcome.analysis.execution.usage.archive_entries = 15
methods.7.outcome.analysis.execution.usage.attribute_bytes = 780
methods.7.outcome.analysis.execution.usage.class_bytes = 1612
methods.7.outcome.analysis.execution.usage.class_headers = 1
methods.7.outcome.analysis.execution.usage.code_bytes = 98
methods.7.outcome.analysis.execution.usage.dependency_depth = 0
methods.7.outcome.analysis.execution.usage.elapsed_millis = 6
methods.7.outcome.analysis.execution.usage.entry_bytes = 806
methods.7.outcome.analysis.execution.usage.input_bytes = 1844
methods.7.outcome.analysis.execution.usage.ir_edges = 74
methods.7.outcome.analysis.execution.usage.ir_items = 1389
methods.7.outcome.analysis.execution.usage.method_bodies = 8
methods.7.outcome.analysis.execution.usage.nested_depth = 0
methods.7.outcome.analysis.execution.usage.normalization_clones = 0
methods.7.outcome.analysis.execution.usage.output_bytes = 1594
methods.7.outcome.analysis.execution.usage.read_bytes = 482
methods.7.outcome.analysis.execution.usage.result_items = 38
methods.7.outcome.kind = "recovered"
methods.7.outcome.report.accessors = []
methods.7.outcome.report.aliased_names = []
methods.7.outcome.report.artifact.agreement.state = "not_stated"
methods.7.outcome.report.artifact.binding.engine = "0.1.0"
methods.7.outcome.report.artifact.binding.environment.content = ["bf1fbad6df26950df50ef3994d98d360fda246affa316b7eda65245387493cd6"]
methods.7.outcome.report.artifact.binding.environment.domain_loaders = ["app"]
methods.7.outcome.report.artifact.binding.environment.providers = []
methods.7.outcome.report.artifact.binding.environment.runtime.load_domain.delegation.kind = "parent_first"
methods.7.outcome.report.artifact.binding.environment.runtime.load_domain.external_override = "none"
methods.7.outcome.report.artifact.binding.environment.runtime.load_domain.loader = "app"
methods.7.outcome.report.artifact.binding.environment.runtime.load_domain.module_mode.kind = "class_path"
methods.7.outcome.report.artifact.binding.environment.runtime.load_domain.parent_loader = null
methods.7.outcome.report.artifact.binding.environment.runtime.load_domain.roots.0.kind = "container"
methods.7.outcome.report.artifact.binding.environment.runtime.load_domain.roots.0.origin.root_container = "root"
methods.7.outcome.report.artifact.binding.environment.runtime.load_domain.roots.0.origin.snapshot = "bf1fbad6df26950df50ef3994d98d360fda246affa316b7eda65245387493cd6"
methods.7.outcome.report.artifact.binding.environment.runtime.load_domain.roots.0.origin.steps = []
methods.7.outcome.report.artifact.binding.environment.runtime.load_domain.roots.0.prefix = []
methods.7.outcome.report.artifact.binding.environment.runtime.load_domain.runtime_transformation = "none"
methods.7.outcome.report.artifact.binding.environment.runtime.physical.scope.kind = "snapshot_all"
methods.7.outcome.report.artifact.binding.environment.runtime.physical.snapshot = "bf1fbad6df26950df50ef3994d98d360fda246affa316b7eda65245387493cd6"
methods.7.outcome.report.artifact.binding.environment.runtime.profile.java_release = 8
methods.7.outcome.report.artifact.binding.environment.runtime.profile.layout.kind = "generic"
methods.7.outcome.report.artifact.binding.environment.runtime.profile.multi_release.kind = "disabled"
methods.7.outcome.report.artifact.binding.member_ordinal = 7
methods.7.outcome.report.artifact.binding.method.descriptor = [40,73,73,41,91,91,73]
methods.7.outcome.report.artifact.binding.method.name = [108,105,116,101,114,97,108]
methods.7.outcome.report.artifact.binding.method.owner.class_bytes.digest = "24d8ebf742f835ab34e7f0c5823c165bf096ab21ed67b1770dc8c6249ada2cad"
methods.7.outcome.report.artifact.binding.method.owner.class_bytes.length = 806
methods.7.outcome.report.artifact.binding.method.owner.location.entry.ordinal = 4
methods.7.outcome.report.artifact.binding.method.owner.location.entry.origin.root_container = "root"
methods.7.outcome.report.artifact.binding.method.owner.location.entry.origin.snapshot = "bf1fbad6df26950df50ef3994d98d360fda246affa316b7eda65245387493cd6"
methods.7.outcome.report.artifact.binding.method.owner.location.entry.origin.steps = []
methods.7.outcome.report.artifact.binding.method.owner.location.entry.raw_name = [101,109,49,55,47,83,104,97,112,101,115,46,99,108,97,115,115]
methods.7.outcome.report.artifact.binding.method.owner.location.kind = "archive_entry"
methods.7.outcome.report.artifact.binding.method.owner.variant.kind = "base"
methods.7.outcome.report.artifact.binding.profile.java_release = 8
methods.7.outcome.report.artifact.binding.profile.layout.kind = "generic"
methods.7.outcome.report.artifact.binding.profile.multi_release.kind = "disabled"
methods.7.outcome.report.artifact.binding.registry = 71
methods.7.outcome.report.artifact.binding.rules = ["straight@1","if@1","loop@1","switch@1","lambda@1","concat@1","bridge@1","accessor@1","new@1","field@1","enumswitch@1","init@1","declaration@1","twr@1","monitor@1","finally@1"]
methods.7.outcome.report.artifact.binding.schema = 1
methods.7.outcome.report.artifact.binding.text_bytes = 240
methods.7.outcome.report.artifact.binding.text_digest = "b3825f0d0cf6eb8703402847c40e5326"
methods.7.outcome.report.bridges = []
methods.7.outcome.report.compile_status = "not_attempted"
methods.7.outcome.report.concats = []
methods.7.outcome.report.content = "contains_statements"
methods.7.outcome.report.declaration = null
methods.7.outcome.report.diagnostics.0.code = "jre_recovery_produced"
methods.7.outcome.report.diagnostics.0.message = "1 region(s), 1 statement(s), 9 segment(s), 240 byte(s) written from 1 canonical block(s)"
methods.7.outcome.report.diagnostics.0.provenance = null
methods.7.outcome.report.diagnostics.0.severity = "info"
methods.7.outcome.report.diagnostics.1.code = "jre_declaration"
methods.7.outcome.report.diagnostics.1.message = "the artifact's envelope states the member's declaration under declaration@1: a static method"
methods.7.outcome.report.diagnostics.1.provenance = null
methods.7.outcome.report.diagnostics.1.severity = "info"
methods.7.outcome.report.enum_switches = []
methods.7.outcome.report.evidence.categories.0.kind = "source_map"
methods.7.outcome.report.evidence.categories.0.state.state = "not_requested"
methods.7.outcome.report.evidence.categories.1.kind = "region_details"
methods.7.outcome.report.evidence.categories.1.state.state = "not_requested"
methods.7.outcome.report.evidence.categories.2.kind = "rule_details"
methods.7.outcome.report.evidence.categories.2.state.state = "not_requested"
methods.7.outcome.report.evidence.categories.3.kind = "name_details"
methods.7.outcome.report.evidence.categories.3.state.state = "not_requested"
methods.7.outcome.report.evidence.categories.4.kind = "read_details"
methods.7.outcome.report.evidence.categories.4.state.state = "not_requested"
methods.7.outcome.report.evidence.requested.driver_bci_range = null
methods.7.outcome.report.evidence.requested.expected_artifact = null
methods.7.outcome.report.evidence.requested.kinds = []
methods.7.outcome.report.execution.status = "complete"
methods.7.outcome.report.execution.usage.analysis_steps = 579
methods.7.outcome.report.execution.usage.archive_entries = 15
methods.7.outcome.report.execution.usage.attribute_bytes = 780
methods.7.outcome.report.execution.usage.class_bytes = 1612
methods.7.outcome.report.execution.usage.class_headers = 1
methods.7.outcome.report.execution.usage.code_bytes = 98
methods.7.outcome.report.execution.usage.dependency_depth = 0
methods.7.outcome.report.execution.usage.elapsed_millis = 7
methods.7.outcome.report.execution.usage.entry_bytes = 806
methods.7.outcome.report.execution.usage.input_bytes = 1844
methods.7.outcome.report.execution.usage.ir_edges = 74
methods.7.outcome.report.execution.usage.ir_items = 1764
methods.7.outcome.report.execution.usage.method_bodies = 8
methods.7.outcome.report.execution.usage.nested_depth = 0
methods.7.outcome.report.execution.usage.normalization_clones = 0
methods.7.outcome.report.execution.usage.output_bytes = 1834
methods.7.outcome.report.execution.usage.read_bytes = 482
methods.7.outcome.report.execution.usage.result_items = 38
methods.7.outcome.report.fallbacks = []
methods.7.outcome.report.fields = []
methods.7.outcome.report.init = null
methods.7.outcome.report.lambdas = []
methods.7.outcome.report.method = "literal(II)[[I"
methods.7.outcome.report.news = []
methods.7.outcome.report.outcome = "produced"
methods.7.outcome.report.profile.java_release = 8
methods.7.outcome.report.profile.layout.kind = "generic"
methods.7.outcome.report.profile.multi_release.kind = "disabled"
methods.7.outcome.report.quality = "structured"
methods.7.outcome.report.regions = []
methods.7.outcome.report.representation = "java"
methods.7.outcome.report.rules = []
methods.7.outcome.report.semantic_validation = "unproven"
methods.7.outcome.report.source_map.segments = []
methods.7.outcome.report.syntax_status = "unchecked"
methods.7.outcome.report.text = "// @method literal(II)[[I\n// @declaration a static method of `em17.Shapes`, member flags 0x0009\n// recovered from bytecode; presentation is not claimed to compile\n{\n    return new int[][]{new int[]{1}, new int[]{arg0, arg1}, new int[0]};\n}\n"
methods.7.outcome.report.verification = "not_performed"
methods.7.parameter_annotations.attributes = []
methods.7.parameter_annotations.refusals = []
methods.7.parameter_annotations.uses_by_position = [[],[]]
methods.7.text = "    public static int[][] literal(int arg0, int arg1) {\n        // @method literal(II)[[I\n        // @declaration a static method of `em17.Shapes`, member flags 0x0009\n        // recovered from bytecode; presentation is not claimed to compile\n        return new int[][]{new int[]{1}, new int[]{arg0, arg1}, new int[0]};\n    }\n"
methods.7.type_annotations.attributes = []
methods.7.type_annotations.field_uses = []
methods.7.type_annotations.parameter_uses = [[],[]]
methods.7.type_annotations.refusals = []
methods.7.type_annotations.return_uses = []
methods.8.annotations.attributes = []
methods.8.annotations.refusals = []
methods.8.annotations.uses = []
methods.8.declaration = "public static java.lang.Object[] wrapped(byte[] arg0)"
methods.8.item.access_flags = 9
methods.8.item.body.content_span.length = 21
methods.8.item.body.content_span.start = 783
methods.8.item.body.kind = "code_attribute"
methods.8.item.descriptor.escaped = "([B)[Ljava/lang/Object;"
methods.8.item.descriptor.raw = [40,91,66,41,91,76,106,97,118,97,47,108,97,110,103,47,79,98,106,101,99,116,59]
methods.8.item.descriptor.utf16 = [40,91,66,41,91,76,106,97,118,97,47,108,97,110,103,47,79,98,106,101,99,116,59]
methods.8.item.identity.descriptor = [40,91,66,41,91,76,106,97,118,97,47,108,97,110,103,47,79,98,106,101,99,116,59]
methods.8.item.identity.name = [119,114,97,112,112,101,100]
methods.8.item.identity.owner.class_bytes.digest = "24d8ebf742f835ab34e7f0c5823c165bf096ab21ed67b1770dc8c6249ada2cad"
methods.8.item.identity.owner.class_bytes.length = 806
methods.8.item.identity.owner.location.entry.ordinal = 4
methods.8.item.identity.owner.location.entry.origin.root_container = "root"
methods.8.item.identity.owner.location.entry.origin.snapshot = "bf1fbad6df26950df50ef3994d98d360fda246affa316b7eda65245387493cd6"
methods.8.item.identity.owner.location.entry.origin.steps = []
methods.8.item.identity.owner.location.entry.raw_name = [101,109,49,55,47,83,104,97,112,101,115,46,99,108,97,115,115]
methods.8.item.identity.owner.location.kind = "archive_entry"
methods.8.item.identity.owner.variant.kind = "base"
methods.8.item.index = 8
methods.8.item.name.escaped = "wrapped"
methods.8.item.name.raw = [119,114,97,112,112,101,100]
methods.8.item.name.utf16 = [119,114,97,112,112,101,100]
methods.8.markers = []
methods.8.no_body_kind = null
methods.8.outcome.analysis.diagnostics = 0
methods.8.outcome.analysis.execution.status = "complete"
methods.8.outcome.analysis.execution.usage.analysis_steps = 617
methods.8.outcome.analysis.execution.usage.archive_entries = 15
methods.8.outcome.analysis.execution.usage.attribute_bytes = 807
methods.8.outcome.analysis.execution.usage.class_bytes = 1612
methods.8.outcome.analysis.execution.usage.class_headers = 1
methods.8.outcome.analysis.execution.usage.code_bytes = 107
methods.8.outcome.analysis.execution.usage.dependency_depth = 0
methods.8.outcome.analysis.execution.usage.elapsed_millis = 7
methods.8.outcome.analysis.execution.usage.entry_bytes = 806
methods.8.outcome.analysis.execution.usage.input_bytes = 1844
methods.8.outcome.analysis.execution.usage.ir_edges = 81
methods.8.outcome.analysis.execution.usage.ir_items = 1865
methods.8.outcome.analysis.execution.usage.method_bodies = 9
methods.8.outcome.analysis.execution.usage.nested_depth = 0
methods.8.outcome.analysis.execution.usage.normalization_clones = 0
methods.8.outcome.analysis.execution.usage.output_bytes = 1834
methods.8.outcome.analysis.execution.usage.read_bytes = 482
methods.8.outcome.analysis.execution.usage.result_items = 39
methods.8.outcome.kind = "recovered"
methods.8.outcome.report.accessors = []
methods.8.outcome.report.aliased_names = []
methods.8.outcome.report.artifact.agreement.state = "not_stated"
methods.8.outcome.report.artifact.binding.engine = "0.1.0"
methods.8.outcome.report.artifact.binding.environment.content = ["bf1fbad6df26950df50ef3994d98d360fda246affa316b7eda65245387493cd6"]
methods.8.outcome.report.artifact.binding.environment.domain_loaders = ["app"]
methods.8.outcome.report.artifact.binding.environment.providers = []
methods.8.outcome.report.artifact.binding.environment.runtime.load_domain.delegation.kind = "parent_first"
methods.8.outcome.report.artifact.binding.environment.runtime.load_domain.external_override = "none"
methods.8.outcome.report.artifact.binding.environment.runtime.load_domain.loader = "app"
methods.8.outcome.report.artifact.binding.environment.runtime.load_domain.module_mode.kind = "class_path"
methods.8.outcome.report.artifact.binding.environment.runtime.load_domain.parent_loader = null
methods.8.outcome.report.artifact.binding.environment.runtime.load_domain.roots.0.kind = "container"
methods.8.outcome.report.artifact.binding.environment.runtime.load_domain.roots.0.origin.root_container = "root"
methods.8.outcome.report.artifact.binding.environment.runtime.load_domain.roots.0.origin.snapshot = "bf1fbad6df26950df50ef3994d98d360fda246affa316b7eda65245387493cd6"
methods.8.outcome.report.artifact.binding.environment.runtime.load_domain.roots.0.origin.steps = []
methods.8.outcome.report.artifact.binding.environment.runtime.load_domain.roots.0.prefix = []
methods.8.outcome.report.artifact.binding.environment.runtime.load_domain.runtime_transformation = "none"
methods.8.outcome.report.artifact.binding.environment.runtime.physical.scope.kind = "snapshot_all"
methods.8.outcome.report.artifact.binding.environment.runtime.physical.snapshot = "bf1fbad6df26950df50ef3994d98d360fda246affa316b7eda65245387493cd6"
methods.8.outcome.report.artifact.binding.environment.runtime.profile.java_release = 8
methods.8.outcome.report.artifact.binding.environment.runtime.profile.layout.kind = "generic"
methods.8.outcome.report.artifact.binding.environment.runtime.profile.multi_release.kind = "disabled"
methods.8.outcome.report.artifact.binding.member_ordinal = 8
methods.8.outcome.report.artifact.binding.method.descriptor = [40,91,66,41,91,76,106,97,118,97,47,108,97,110,103,47,79,98,106,101,99,116,59]
methods.8.outcome.report.artifact.binding.method.name = [119,114,97,112,112,101,100]
methods.8.outcome.report.artifact.binding.method.owner.class_bytes.digest = "24d8ebf742f835ab34e7f0c5823c165bf096ab21ed67b1770dc8c6249ada2cad"
methods.8.outcome.report.artifact.binding.method.owner.class_bytes.length = 806
methods.8.outcome.report.artifact.binding.method.owner.location.entry.ordinal = 4
methods.8.outcome.report.artifact.binding.method.owner.location.entry.origin.root_container = "root"
methods.8.outcome.report.artifact.binding.method.owner.location.entry.origin.snapshot = "bf1fbad6df26950df50ef3994d98d360fda246affa316b7eda65245387493cd6"
methods.8.outcome.report.artifact.binding.method.owner.location.entry.origin.steps = []
methods.8.outcome.report.artifact.binding.method.owner.location.entry.raw_name = [101,109,49,55,47,83,104,97,112,101,115,46,99,108,97,115,115]
methods.8.outcome.report.artifact.binding.method.owner.location.kind = "archive_entry"
methods.8.outcome.report.artifact.binding.method.owner.variant.kind = "base"
methods.8.outcome.report.artifact.binding.profile.java_release = 8
methods.8.outcome.report.artifact.binding.profile.layout.kind = "generic"
methods.8.outcome.report.artifact.binding.profile.multi_release.kind = "disabled"
methods.8.outcome.report.artifact.binding.registry = 71
methods.8.outcome.report.artifact.binding.rules = ["straight@1","if@1","loop@1","switch@1","lambda@1","concat@1","bridge@1","accessor@1","new@1","field@1","enumswitch@1","init@1","declaration@1","twr@1","monitor@1","finally@1"]
methods.8.outcome.report.artifact.binding.schema = 1
methods.8.outcome.report.artifact.binding.text_bytes = 224
methods.8.outcome.report.artifact.binding.text_digest = "895b21b9691ca9487f505ae8889cb1f4"
methods.8.outcome.report.bridges = []
methods.8.outcome.report.compile_status = "not_attempted"
methods.8.outcome.report.concats = []
methods.8.outcome.report.content = "contains_statements"
methods.8.outcome.report.declaration = null
methods.8.outcome.report.diagnostics.0.code = "jre_recovery_produced"
methods.8.outcome.report.diagnostics.0.message = "1 region(s), 1 statement(s), 3 segment(s), 224 byte(s) written from 1 canonical block(s)"
methods.8.outcome.report.diagnostics.0.provenance = null
methods.8.outcome.report.diagnostics.0.severity = "info"
methods.8.outcome.report.diagnostics.1.code = "jre_declaration"
methods.8.outcome.report.diagnostics.1.message = "the artifact's envelope states the member's declaration under declaration@1: a static method"
methods.8.outcome.report.diagnostics.1.provenance = null
methods.8.outcome.report.diagnostics.1.severity = "info"
methods.8.outcome.report.enum_switches = []
methods.8.outcome.report.evidence.categories.0.kind = "source_map"
methods.8.outcome.report.evidence.categories.0.state.state = "not_requested"
methods.8.outcome.report.evidence.categories.1.kind = "region_details"
methods.8.outcome.report.evidence.categories.1.state.state = "not_requested"
methods.8.outcome.report.evidence.categories.2.kind = "rule_details"
methods.8.outcome.report.evidence.categories.2.state.state = "not_requested"
methods.8.outcome.report.evidence.categories.3.kind = "name_details"
methods.8.outcome.report.evidence.categories.3.state.state = "not_requested"
methods.8.outcome.report.evidence.categories.4.kind = "read_details"
methods.8.outcome.report.evidence.categories.4.state.state = "not_requested"
methods.8.outcome.report.evidence.requested.driver_bci_range = null
methods.8.outcome.report.evidence.requested.expected_artifact = null
methods.8.outcome.report.evidence.requested.kinds = []
methods.8.outcome.report.execution.status = "complete"
methods.8.outcome.report.execution.usage.analysis_steps = 636
methods.8.outcome.report.execution.usage.archive_entries = 15
methods.8.outcome.report.execution.usage.attribute_bytes = 807
methods.8.outcome.report.execution.usage.class_bytes = 1612
methods.8.outcome.report.execution.usage.class_headers = 1
methods.8.outcome.report.execution.usage.code_bytes = 107
methods.8.outcome.report.execution.usage.dependency_depth = 0
methods.8.outcome.report.execution.usage.elapsed_millis = 7
methods.8.outcome.report.execution.usage.entry_bytes = 806
methods.8.outcome.report.execution.usage.input_bytes = 1844
methods.8.outcome.report.execution.usage.ir_edges = 81
methods.8.outcome.report.execution.usage.ir_items = 1935
methods.8.outcome.report.execution.usage.method_bodies = 9
methods.8.outcome.report.execution.usage.nested_depth = 0
methods.8.outcome.report.execution.usage.normalization_clones = 0
methods.8.outcome.report.execution.usage.output_bytes = 2058
methods.8.outcome.report.execution.usage.read_bytes = 482
methods.8.outcome.report.execution.usage.result_items = 39
methods.8.outcome.report.fallbacks = []
methods.8.outcome.report.fields = []
methods.8.outcome.report.init = null
methods.8.outcome.report.lambdas = []
methods.8.outcome.report.method = "wrapped([B)[Ljava/lang/Object;"
methods.8.outcome.report.news = []
methods.8.outcome.report.outcome = "produced"
methods.8.outcome.report.profile.java_release = 8
methods.8.outcome.report.profile.layout.kind = "generic"
methods.8.outcome.report.profile.multi_release.kind = "disabled"
methods.8.outcome.report.quality = "structured"
methods.8.outcome.report.regions = []
methods.8.outcome.report.representation = "java"
methods.8.outcome.report.rules = []
methods.8.outcome.report.semantic_validation = "unproven"
methods.8.outcome.report.source_map.segments = []
methods.8.outcome.report.syntax_status = "unchecked"
methods.8.outcome.report.text = "// @method wrapped([B)[Ljava/lang/Object;\n// @declaration a static method of `em17.Shapes`, member flags 0x0009\n// recovered from bytecode; presentation is not claimed to compile\n{\n    return new java.lang.Object[]{arg0};\n}\n"
methods.8.outcome.report.verification = "not_performed"
methods.8.parameter_annotations.attributes = []
methods.8.parameter_annotations.refusals = []
methods.8.parameter_annotations.uses_by_position = [[]]
methods.8.text = "    public static java.lang.Object[] wrapped(byte[] arg0) {\n        // @method wrapped([B)[Ljava/lang/Object;\n        // @declaration a static method of `em17.Shapes`, member flags 0x0009\n        // recovered from bytecode; presentation is not claimed to compile\n        return new java.lang.Object[]{arg0};\n    }\n"
methods.8.type_annotations.attributes = []
methods.8.type_annotations.field_uses = []
methods.8.type_annotations.parameter_uses = [[]]
methods.8.type_annotations.refusals = []
methods.8.type_annotations.return_uses = []
nested_annotation_family.state = "absent"
nested_enum_family.state = "absent"
outcome = "performed"
stages = ["raw_facts","raw_cfg","legacy_normalization","canonical_cfg","frame","ssa"]
usage.analysis_steps = 636
usage.archive_entries = 15
usage.attribute_bytes = 807
usage.class_bytes = 1612
usage.class_headers = 1
usage.code_bytes = 107
usage.dependency_depth = 0
usage.elapsed_millis = 8
usage.entry_bytes = 806
usage.input_bytes = 1844
usage.ir_edges = 81
usage.ir_items = 1935
usage.method_bodies = 9
usage.nested_depth = 0
usage.normalization_clones = 0
usage.output_bytes = 2058
usage.read_bytes = 482
usage.result_items = 40
view.scope.kind = "snapshot_all"
view.snapshot = "bf1fbad6df26950df50ef3994d98d360fda246affa316b7eda65245387493cd6"
