exit=0
stdout:
// jarde: presentation of `cf02/Predicates` from the class file's own declaration and one recovery run per member.
// jarde: not a compilable project: no imports and no resources are claimed (the `package` line is the class file's own name, not a claim about a directory); every place this text is not a full recovery carries a marker of this prefix.
package cf02;

public class Predicates extends java.lang.Object {
    public Predicates() {
        // @method <init>()V
        // @declaration a constructor of `cf02.Predicates`, member flags 0x0001
        // recovered from bytecode; presentation is not claimed to compile
        super();
        return;
    }

    public boolean greater(float arg1, float arg2) {
        // @method greater(FF)Z
        // @declaration an instance method of `cf02.Predicates`, member flags 0x0001
        // recovered from bytecode; presentation is not claimed to compile
        return arg1 > arg2;
    }

    public boolean mixed(float arg1, double arg2) {
        // @method mixed(FD)Z
        // @declaration an instance method of `cf02.Predicates`, member flags 0x0001
        // recovered from bytecode; presentation is not claimed to compile
        return (double) arg1 < arg2;
    }

    public boolean inBounds(int[] arg1, int arg2) {
        // @method inBounds([II)Z
        // @declaration an instance method of `cf02.Predicates`, member flags 0x0001
        // recovered from bytecode; presentation is not claimed to compile
        return arg2 >= 0 && arg2 < arg1.length;
    }

    public boolean named(java.lang.Object arg1) {
        // @method named(Ljava/lang/Object;)Z
        // @declaration an instance method of `cf02.Predicates`, member flags 0x0001
        // recovered from bytecode; presentation is not claimed to compile
        if (arg1 != null) {
            if (!(arg1 instanceof java.lang.String)) {
            }
        }
        return false;
        // @bytecode 28
        // 1 live block(s) are reachable only through edges the normal-flow view leaves out: [28]
    }
}

stderr:
anonymous_interface_projection.state = "absent"
bridge_proofs = []
class.class_bytes.digest = "2deb547529e72a8b6b4c4685c72478fce627fa26bf2d80f3142084057fde8484"
class.class_bytes.length = 499
class.location.entry.ordinal = 2
class.location.entry.origin.root_container = "root"
class.location.entry.origin.snapshot = "a70b81a61bdac4fe45f49e97d4e3a1d8fbb032918e0a6ac0b5d8fb8cda619f1d"
class.location.entry.origin.steps = []
class.location.entry.raw_name = [99,102,48,50,47,80,114,101,100,105,99,97,116,101,115,46,99,108,97,115,115]
class.location.kind = "archive_entry"
class.variant.kind = "base"
coverage.artifact_structural.scanned.0.end = 3
coverage.artifact_structural.scanned.0.label = "central_directory_entries"
coverage.artifact_structural.scanned.0.start = 0
coverage.artifact_structural.scanned.1.end = 1
coverage.artifact_structural.scanned.1.label = "navigation_candidates"
coverage.artifact_structural.scanned.1.start = 0
coverage.artifact_structural.scanned.2.end = 5
coverage.artifact_structural.scanned.2.label = "class_methods"
coverage.artifact_structural.scanned.2.start = 0
coverage.artifact_structural.scanned.3.end = 5
coverage.artifact_structural.scanned.3.label = "class_source_bodies"
coverage.artifact_structural.scanned.3.start = 0
coverage.artifact_structural.skipped = []
coverage.artifact_structural.state = "complete_within_schema"
coverage.artifact_structural.uninterpreted_extensions = []
coverage.dynamic_analysis.scanned = []
coverage.dynamic_analysis.skipped = []
coverage.dynamic_analysis.state = "not_requested"
coverage.dynamic_analysis.uninterpreted_extensions = []
coverage.runtime_resolution.scanned = []
coverage.runtime_resolution.skipped = []
coverage.runtime_resolution.state = "not_requested"
coverage.runtime_resolution.uninterpreted_extensions = []
declaration.annotation_attributes = []
declaration.annotation_refusals = []
declaration.annotation_uses = []
declaration.declaration = "public class Predicates extends java.lang.Object"
declaration.generic_refusal = null
declaration.generic_signature = null
declaration.item.binding.kind = "path_name_agrees"
declaration.item.declaration.access_flags = 33
declaration.item.declaration.interfaces = []
declaration.item.declaration.super_class.escaped = "java/lang/Object"
declaration.item.declaration.super_class.raw = [106,97,118,97,47,108,97,110,103,47,79,98,106,101,99,116]
declaration.item.declaration.super_class.utf16 = [106,97,118,97,47,108,97,110,103,47,79,98,106,101,99,116]
declaration.item.declaration.this_class.escaped = "cf02/Predicates"
declaration.item.declaration.this_class.raw = [99,102,48,50,47,80,114,101,100,105,99,97,116,101,115]
declaration.item.declaration.this_class.utf16 = [99,102,48,50,47,80,114,101,100,105,99,97,116,101,115]
declaration.item.definition.class_bytes.digest = "2deb547529e72a8b6b4c4685c72478fce627fa26bf2d80f3142084057fde8484"
declaration.item.definition.class_bytes.length = 499
declaration.item.definition.location.entry.ordinal = 2
declaration.item.definition.location.entry.origin.root_container = "root"
declaration.item.definition.location.entry.origin.snapshot = "a70b81a61bdac4fe45f49e97d4e3a1d8fbb032918e0a6ac0b5d8fb8cda619f1d"
declaration.item.definition.location.entry.origin.steps = []
declaration.item.definition.location.entry.raw_name = [99,102,48,50,47,80,114,101,100,105,99,97,116,101,115,46,99,108,97,115,115]
declaration.item.definition.location.kind = "archive_entry"
declaration.item.definition.variant.kind = "base"
declaration.item.member_table = null
declaration.name = "Predicates"
diagnostics = []
direct_override_proofs = []
enum_switch_proofs = []
execution.status = "complete"
execution.usage.analysis_steps = 1165
execution.usage.archive_entries = 9
execution.usage.attribute_bytes = 633
execution.usage.class_bytes = 998
execution.usage.class_headers = 1
execution.usage.code_bytes = 75
execution.usage.dependency_depth = 0
execution.usage.elapsed_millis = 40
execution.usage.entry_bytes = 499
execution.usage.input_bytes = 800
execution.usage.ir_edges = 165
execution.usage.ir_items = 1803
execution.usage.method_bodies = 5
execution.usage.nested_depth = 0
execution.usage.normalization_clones = 0
execution.usage.output_bytes = 1215
execution.usage.read_bytes = 343
execution.usage.result_items = 22
fields = []
initializer_proof.kind = "not_applicable"
limits.analysis_steps = 4194304
limits.archive_entries = 65536
limits.attribute_bytes = 67108864
limits.class_bytes = 67108864
limits.class_headers = 4096
limits.code_bytes = 16777216
limits.dependency_depth = 8
limits.elapsed_millis = 30000
limits.entry_bytes = 67108864
limits.input_bytes = 67108864
limits.ir_edges = 4194304
limits.ir_items = 4194304
limits.method_bodies = 4096
limits.nested_depth = 4
limits.normalization_clones = 1048576
limits.output_bytes = 16777216
limits.read_bytes = 67108864
limits.result_items = 65536
member_family.state = "absent"
methods.0.annotations.attributes = []
methods.0.annotations.refusals = []
methods.0.annotations.uses = []
methods.0.declaration = "public Predicates()"
methods.0.item.access_flags = 1
methods.0.item.body.content_span.length = 17
methods.0.item.body.content_span.start = 260
methods.0.item.body.kind = "code_attribute"
methods.0.item.descriptor.escaped = "()V"
methods.0.item.descriptor.raw = [40,41,86]
methods.0.item.descriptor.utf16 = [40,41,86]
methods.0.item.identity.descriptor = [40,41,86]
methods.0.item.identity.name = [60,105,110,105,116,62]
methods.0.item.identity.owner.class_bytes.digest = "2deb547529e72a8b6b4c4685c72478fce627fa26bf2d80f3142084057fde8484"
methods.0.item.identity.owner.class_bytes.length = 499
methods.0.item.identity.owner.location.entry.ordinal = 2
methods.0.item.identity.owner.location.entry.origin.root_container = "root"
methods.0.item.identity.owner.location.entry.origin.snapshot = "a70b81a61bdac4fe45f49e97d4e3a1d8fbb032918e0a6ac0b5d8fb8cda619f1d"
methods.0.item.identity.owner.location.entry.origin.steps = []
methods.0.item.identity.owner.location.entry.raw_name = [99,102,48,50,47,80,114,101,100,105,99,97,116,101,115,46,99,108,97,115,115]
methods.0.item.identity.owner.location.kind = "archive_entry"
methods.0.item.identity.owner.variant.kind = "base"
methods.0.item.index = 0
methods.0.item.name.escaped = "<init>"
methods.0.item.name.raw = [60,105,110,105,116,62]
methods.0.item.name.utf16 = [60,105,110,105,116,62]
methods.0.markers = []
methods.0.no_body_kind = null
methods.0.outcome.analysis.diagnostics = 0
methods.0.outcome.analysis.execution.status = "complete"
methods.0.outcome.analysis.execution.usage.analysis_steps = 21
methods.0.outcome.analysis.execution.usage.archive_entries = 9
methods.0.outcome.analysis.execution.usage.attribute_bytes = 445
methods.0.outcome.analysis.execution.usage.class_bytes = 998
methods.0.outcome.analysis.execution.usage.class_headers = 1
methods.0.outcome.analysis.execution.usage.code_bytes = 5
methods.0.outcome.analysis.execution.usage.dependency_depth = 0
methods.0.outcome.analysis.execution.usage.elapsed_millis = 24
methods.0.outcome.analysis.execution.usage.entry_bytes = 499
methods.0.outcome.analysis.execution.usage.input_bytes = 800
methods.0.outcome.analysis.execution.usage.ir_edges = 2
methods.0.outcome.analysis.execution.usage.ir_items = 48
methods.0.outcome.analysis.execution.usage.method_bodies = 1
methods.0.outcome.analysis.execution.usage.nested_depth = 0
methods.0.outcome.analysis.execution.usage.normalization_clones = 0
methods.0.outcome.analysis.execution.usage.output_bytes = 0
methods.0.outcome.analysis.execution.usage.read_bytes = 343
methods.0.outcome.analysis.execution.usage.result_items = 17
methods.0.outcome.kind = "recovered"
methods.0.outcome.report.accessors = []
methods.0.outcome.report.aliased_names = []
methods.0.outcome.report.artifact.agreement.state = "not_stated"
methods.0.outcome.report.artifact.binding.engine = "0.1.0"
methods.0.outcome.report.artifact.binding.environment.content = ["a70b81a61bdac4fe45f49e97d4e3a1d8fbb032918e0a6ac0b5d8fb8cda619f1d"]
methods.0.outcome.report.artifact.binding.environment.domain_loaders = ["app"]
methods.0.outcome.report.artifact.binding.environment.providers = []
methods.0.outcome.report.artifact.binding.environment.runtime.load_domain.delegation.kind = "parent_first"
methods.0.outcome.report.artifact.binding.environment.runtime.load_domain.external_override = "none"
methods.0.outcome.report.artifact.binding.environment.runtime.load_domain.loader = "app"
methods.0.outcome.report.artifact.binding.environment.runtime.load_domain.module_mode.kind = "class_path"
methods.0.outcome.report.artifact.binding.environment.runtime.load_domain.parent_loader = null
methods.0.outcome.report.artifact.binding.environment.runtime.load_domain.roots.0.kind = "container"
methods.0.outcome.report.artifact.binding.environment.runtime.load_domain.roots.0.origin.root_container = "root"
methods.0.outcome.report.artifact.binding.environment.runtime.load_domain.roots.0.origin.snapshot = "a70b81a61bdac4fe45f49e97d4e3a1d8fbb032918e0a6ac0b5d8fb8cda619f1d"
methods.0.outcome.report.artifact.binding.environment.runtime.load_domain.roots.0.origin.steps = []
methods.0.outcome.report.artifact.binding.environment.runtime.load_domain.roots.0.prefix = []
methods.0.outcome.report.artifact.binding.environment.runtime.load_domain.runtime_transformation = "none"
methods.0.outcome.report.artifact.binding.environment.runtime.physical.scope.kind = "snapshot_all"
methods.0.outcome.report.artifact.binding.environment.runtime.physical.snapshot = "a70b81a61bdac4fe45f49e97d4e3a1d8fbb032918e0a6ac0b5d8fb8cda619f1d"
methods.0.outcome.report.artifact.binding.environment.runtime.profile.java_release = 8
methods.0.outcome.report.artifact.binding.environment.runtime.profile.layout.kind = "generic"
methods.0.outcome.report.artifact.binding.environment.runtime.profile.multi_release.kind = "disabled"
methods.0.outcome.report.artifact.binding.member_ordinal = 0
methods.0.outcome.report.artifact.binding.method.descriptor = [40,41,86]
methods.0.outcome.report.artifact.binding.method.name = [60,105,110,105,116,62]
methods.0.outcome.report.artifact.binding.method.owner.class_bytes.digest = "2deb547529e72a8b6b4c4685c72478fce627fa26bf2d80f3142084057fde8484"
methods.0.outcome.report.artifact.binding.method.owner.class_bytes.length = 499
methods.0.outcome.report.artifact.binding.method.owner.location.entry.ordinal = 2
methods.0.outcome.report.artifact.binding.method.owner.location.entry.origin.root_container = "root"
methods.0.outcome.report.artifact.binding.method.owner.location.entry.origin.snapshot = "a70b81a61bdac4fe45f49e97d4e3a1d8fbb032918e0a6ac0b5d8fb8cda619f1d"
methods.0.outcome.report.artifact.binding.method.owner.location.entry.origin.steps = []
methods.0.outcome.report.artifact.binding.method.owner.location.entry.raw_name = [99,102,48,50,47,80,114,101,100,105,99,97,116,101,115,46,99,108,97,115,115]
methods.0.outcome.report.artifact.binding.method.owner.location.kind = "archive_entry"
methods.0.outcome.report.artifact.binding.method.owner.variant.kind = "base"
methods.0.outcome.report.artifact.binding.profile.java_release = 8
methods.0.outcome.report.artifact.binding.profile.layout.kind = "generic"
methods.0.outcome.report.artifact.binding.profile.multi_release.kind = "disabled"
methods.0.outcome.report.artifact.binding.registry = 71
methods.0.outcome.report.artifact.binding.rules = ["straight@1","if@1","loop@1","switch@1","lambda@1","concat@1","bridge@1","accessor@1","new@1","field@1","enumswitch@1","init@1","declaration@1","twr@1","monitor@1","finally@1"]
methods.0.outcome.report.artifact.binding.schema = 1
methods.0.outcome.report.artifact.binding.text_bytes = 189
methods.0.outcome.report.artifact.binding.text_digest = "e780d498d5c0e2c346fc8c0d7b9dec35"
methods.0.outcome.report.bridges = []
methods.0.outcome.report.compile_status = "not_attempted"
methods.0.outcome.report.concats = []
methods.0.outcome.report.content = "contains_statements"
methods.0.outcome.report.declaration = null
methods.0.outcome.report.diagnostics.0.code = "jre_recovery_produced"
methods.0.outcome.report.diagnostics.0.message = "1 region(s), 2 statement(s), 2 segment(s), 189 byte(s) written from 1 canonical block(s)"
methods.0.outcome.report.diagnostics.0.provenance = null
methods.0.outcome.report.diagnostics.0.severity = "info"
methods.0.outcome.report.diagnostics.1.code = "jre_constructor_prologue"
methods.0.outcome.report.diagnostics.1.message = "the body is an instance initializer and its prologue is written under init@1 as `super`: the call at BCI 1 names `java/lang/Object`, and the class that declares this constructor is `cf02/Predicates`"
methods.0.outcome.report.diagnostics.1.provenance = null
methods.0.outcome.report.diagnostics.1.severity = "info"
methods.0.outcome.report.diagnostics.2.code = "jre_declaration"
methods.0.outcome.report.diagnostics.2.message = "the artifact's envelope states the member's declaration under declaration@1: a constructor"
methods.0.outcome.report.diagnostics.2.provenance = null
methods.0.outcome.report.diagnostics.2.severity = "info"
methods.0.outcome.report.enum_switches = []
methods.0.outcome.report.evidence.categories.0.kind = "source_map"
methods.0.outcome.report.evidence.categories.0.state.state = "complete"
methods.0.outcome.report.evidence.categories.1.kind = "region_details"
methods.0.outcome.report.evidence.categories.1.state.state = "not_requested"
methods.0.outcome.report.evidence.categories.2.kind = "rule_details"
methods.0.outcome.report.evidence.categories.2.state.state = "not_requested"
methods.0.outcome.report.evidence.categories.3.kind = "name_details"
methods.0.outcome.report.evidence.categories.3.state.state = "not_requested"
methods.0.outcome.report.evidence.categories.4.kind = "read_details"
methods.0.outcome.report.evidence.categories.4.state.state = "not_requested"
methods.0.outcome.report.evidence.requested.driver_bci_range = null
methods.0.outcome.report.evidence.requested.expected_artifact = null
methods.0.outcome.report.evidence.requested.kinds = ["source_map"]
methods.0.outcome.report.execution.status = "complete"
methods.0.outcome.report.execution.usage.analysis_steps = 36
methods.0.outcome.report.execution.usage.archive_entries = 9
methods.0.outcome.report.execution.usage.attribute_bytes = 445
methods.0.outcome.report.execution.usage.class_bytes = 998
methods.0.outcome.report.execution.usage.class_headers = 1
methods.0.outcome.report.execution.usage.code_bytes = 5
methods.0.outcome.report.execution.usage.dependency_depth = 0
methods.0.outcome.report.execution.usage.elapsed_millis = 35
methods.0.outcome.report.execution.usage.entry_bytes = 499
methods.0.outcome.report.execution.usage.input_bytes = 800
methods.0.outcome.report.execution.usage.ir_edges = 2
methods.0.outcome.report.execution.usage.ir_items = 65
methods.0.outcome.report.execution.usage.method_bodies = 1
methods.0.outcome.report.execution.usage.nested_depth = 0
methods.0.outcome.report.execution.usage.normalization_clones = 0
methods.0.outcome.report.execution.usage.output_bytes = 189
methods.0.outcome.report.execution.usage.read_bytes = 343
methods.0.outcome.report.execution.usage.result_items = 17
methods.0.outcome.report.fallbacks = []
methods.0.outcome.report.fields = []
methods.0.outcome.report.init = null
methods.0.outcome.report.lambdas = []
methods.0.outcome.report.method = "<init>()V"
methods.0.outcome.report.news = []
methods.0.outcome.report.outcome = "produced"
methods.0.outcome.report.profile.java_release = 8
methods.0.outcome.report.profile.layout.kind = "generic"
methods.0.outcome.report.profile.multi_release.kind = "disabled"
methods.0.outcome.report.quality = "structured"
methods.0.outcome.report.regions = []
methods.0.outcome.report.representation = "java"
methods.0.outcome.report.rules = []
methods.0.outcome.report.semantic_validation = "unproven"
methods.0.outcome.report.source_map.segments.0.end = 175
methods.0.outcome.report.source_map.segments.0.origin.derived.0.bci = 0
methods.0.outcome.report.source_map.segments.0.origin.derived.0.cp = null
methods.0.outcome.report.source_map.segments.0.origin.derived.0.method.descriptor = [40,41,86]
methods.0.outcome.report.source_map.segments.0.origin.derived.0.method.name = [60,105,110,105,116,62]
methods.0.outcome.report.source_map.segments.0.origin.derived.0.method.owner.class_bytes.digest = "2deb547529e72a8b6b4c4685c72478fce627fa26bf2d80f3142084057fde8484"
methods.0.outcome.report.source_map.segments.0.origin.derived.0.method.owner.class_bytes.length = 499
methods.0.outcome.report.source_map.segments.0.origin.derived.0.method.owner.location.entry.ordinal = 2
methods.0.outcome.report.source_map.segments.0.origin.derived.0.method.owner.location.entry.origin.root_container = "root"
methods.0.outcome.report.source_map.segments.0.origin.derived.0.method.owner.location.entry.origin.snapshot = "a70b81a61bdac4fe45f49e97d4e3a1d8fbb032918e0a6ac0b5d8fb8cda619f1d"
methods.0.outcome.report.source_map.segments.0.origin.derived.0.method.owner.location.entry.origin.steps = []
methods.0.outcome.report.source_map.segments.0.origin.derived.0.method.owner.location.entry.raw_name = [99,102,48,50,47,80,114,101,100,105,99,97,116,101,115,46,99,108,97,115,115]
methods.0.outcome.report.source_map.segments.0.origin.derived.0.method.owner.location.kind = "archive_entry"
methods.0.outcome.report.source_map.segments.0.origin.derived.0.method.owner.variant.kind = "base"
methods.0.outcome.report.source_map.segments.0.origin.derived.0.provenance = "Derived"
methods.0.outcome.report.source_map.segments.0.origin.primary.bci = 1
methods.0.outcome.report.source_map.segments.0.origin.primary.cp = null
methods.0.outcome.report.source_map.segments.0.origin.primary.method.descriptor = [40,41,86]
methods.0.outcome.report.source_map.segments.0.origin.primary.method.name = [60,105,110,105,116,62]
methods.0.outcome.report.source_map.segments.0.origin.primary.method.owner.class_bytes.digest = "2deb547529e72a8b6b4c4685c72478fce627fa26bf2d80f3142084057fde8484"
methods.0.outcome.report.source_map.segments.0.origin.primary.method.owner.class_bytes.length = 499
methods.0.outcome.report.source_map.segments.0.origin.primary.method.owner.location.entry.ordinal = 2
methods.0.outcome.report.source_map.segments.0.origin.primary.method.owner.location.entry.origin.root_container = "root"
methods.0.outcome.report.source_map.segments.0.origin.primary.method.owner.location.entry.origin.snapshot = "a70b81a61bdac4fe45f49e97d4e3a1d8fbb032918e0a6ac0b5d8fb8cda619f1d"
methods.0.outcome.report.source_map.segments.0.origin.primary.method.owner.location.entry.origin.steps = []
methods.0.outcome.report.source_map.segments.0.origin.primary.method.owner.location.entry.raw_name = [99,102,48,50,47,80,114,101,100,105,99,97,116,101,115,46,99,108,97,115,115]
methods.0.outcome.report.source_map.segments.0.origin.primary.method.owner.location.kind = "archive_entry"
methods.0.outcome.report.source_map.segments.0.origin.primary.method.owner.variant.kind = "base"
methods.0.outcome.report.source_map.segments.0.origin.primary.provenance = "Direct"
methods.0.outcome.report.source_map.segments.0.start = 162
methods.0.outcome.report.source_map.segments.1.end = 187
methods.0.outcome.report.source_map.segments.1.origin.derived = []
methods.0.outcome.report.source_map.segments.1.origin.primary.bci = 4
methods.0.outcome.report.source_map.segments.1.origin.primary.cp = null
methods.0.outcome.report.source_map.segments.1.origin.primary.method.descriptor = [40,41,86]
methods.0.outcome.report.source_map.segments.1.origin.primary.method.name = [60,105,110,105,116,62]
methods.0.outcome.report.source_map.segments.1.origin.primary.method.owner.class_bytes.digest = "2deb547529e72a8b6b4c4685c72478fce627fa26bf2d80f3142084057fde8484"
methods.0.outcome.report.source_map.segments.1.origin.primary.method.owner.class_bytes.length = 499
methods.0.outcome.report.source_map.segments.1.origin.primary.method.owner.location.entry.ordinal = 2
methods.0.outcome.report.source_map.segments.1.origin.primary.method.owner.location.entry.origin.root_container = "root"
methods.0.outcome.report.source_map.segments.1.origin.primary.method.owner.location.entry.origin.snapshot = "a70b81a61bdac4fe45f49e97d4e3a1d8fbb032918e0a6ac0b5d8fb8cda619f1d"
methods.0.outcome.report.source_map.segments.1.origin.primary.method.owner.location.entry.origin.steps = []
methods.0.outcome.report.source_map.segments.1.origin.primary.method.owner.location.entry.raw_name = [99,102,48,50,47,80,114,101,100,105,99,97,116,101,115,46,99,108,97,115,115]
methods.0.outcome.report.source_map.segments.1.origin.primary.method.owner.location.kind = "archive_entry"
methods.0.outcome.report.source_map.segments.1.origin.primary.method.owner.variant.kind = "base"
methods.0.outcome.report.source_map.segments.1.origin.primary.provenance = "Direct"
methods.0.outcome.report.source_map.segments.1.start = 175
methods.0.outcome.report.syntax_status = "unchecked"
methods.0.outcome.report.text = "// @method <init>()V\n// @declaration a constructor of `cf02.Predicates`, member flags 0x0001\n// recovered from bytecode; presentation is not claimed to compile\n{\n    super();\n    return;\n}\n"
methods.0.outcome.report.verification = "not_performed"
methods.0.parameter_annotations.attributes = []
methods.0.parameter_annotations.refusals = []
methods.0.parameter_annotations.uses_by_position = []
methods.0.text = "    public Predicates() {\n        // @method <init>()V\n        // @declaration a constructor of `cf02.Predicates`, member flags 0x0001\n        // recovered from bytecode; presentation is not claimed to compile\n        super();\n        return;\n    }\n"
methods.0.type_annotations.attributes = []
methods.0.type_annotations.field_uses = []
methods.0.type_annotations.parameter_uses = []
methods.0.type_annotations.refusals = []
methods.0.type_annotations.return_uses = []
methods.1.annotations.attributes = []
methods.1.annotations.refusals = []
methods.1.annotations.uses = []
methods.1.declaration = "public boolean greater(float arg1, float arg2)"
methods.1.item.access_flags = 1
methods.1.item.body.content_span.length = 35
methods.1.item.body.content_span.start = 291
methods.1.item.body.kind = "code_attribute"
methods.1.item.descriptor.escaped = "(FF)Z"
methods.1.item.descriptor.raw = [40,70,70,41,90]
methods.1.item.descriptor.utf16 = [40,70,70,41,90]
methods.1.item.identity.descriptor = [40,70,70,41,90]
methods.1.item.identity.name = [103,114,101,97,116,101,114]
methods.1.item.identity.owner.class_bytes.digest = "2deb547529e72a8b6b4c4685c72478fce627fa26bf2d80f3142084057fde8484"
methods.1.item.identity.owner.class_bytes.length = 499
methods.1.item.identity.owner.location.entry.ordinal = 2
methods.1.item.identity.owner.location.entry.origin.root_container = "root"
methods.1.item.identity.owner.location.entry.origin.snapshot = "a70b81a61bdac4fe45f49e97d4e3a1d8fbb032918e0a6ac0b5d8fb8cda619f1d"
methods.1.item.identity.owner.location.entry.origin.steps = []
methods.1.item.identity.owner.location.entry.raw_name = [99,102,48,50,47,80,114,101,100,105,99,97,116,101,115,46,99,108,97,115,115]
methods.1.item.identity.owner.location.kind = "archive_entry"
methods.1.item.identity.owner.variant.kind = "base"
methods.1.item.index = 1
methods.1.item.name.escaped = "greater"
methods.1.item.name.raw = [103,114,101,97,116,101,114]
methods.1.item.name.utf16 = [103,114,101,97,116,101,114]
methods.1.markers = []
methods.1.no_body_kind = null
methods.1.outcome.analysis.diagnostics = 0
methods.1.outcome.analysis.execution.status = "complete"
methods.1.outcome.analysis.execution.usage.analysis_steps = 116
methods.1.outcome.analysis.execution.usage.archive_entries = 9
methods.1.outcome.analysis.execution.usage.attribute_bytes = 486
methods.1.outcome.analysis.execution.usage.class_bytes = 998
methods.1.outcome.analysis.execution.usage.class_headers = 1
methods.1.outcome.analysis.execution.usage.code_bytes = 17
methods.1.outcome.analysis.execution.usage.dependency_depth = 0
methods.1.outcome.analysis.execution.usage.elapsed_millis = 35
methods.1.outcome.analysis.execution.usage.entry_bytes = 499
methods.1.outcome.analysis.execution.usage.input_bytes = 800
methods.1.outcome.analysis.execution.usage.ir_edges = 28
methods.1.outcome.analysis.execution.usage.ir_items = 346
methods.1.outcome.analysis.execution.usage.method_bodies = 2
methods.1.outcome.analysis.execution.usage.nested_depth = 0
methods.1.outcome.analysis.execution.usage.normalization_clones = 0
methods.1.outcome.analysis.execution.usage.output_bytes = 189
methods.1.outcome.analysis.execution.usage.read_bytes = 343
methods.1.outcome.analysis.execution.usage.result_items = 18
methods.1.outcome.kind = "recovered"
methods.1.outcome.report.accessors = []
methods.1.outcome.report.aliased_names = []
methods.1.outcome.report.artifact.agreement.state = "not_stated"
methods.1.outcome.report.artifact.binding.engine = "0.1.0"
methods.1.outcome.report.artifact.binding.environment.content = ["a70b81a61bdac4fe45f49e97d4e3a1d8fbb032918e0a6ac0b5d8fb8cda619f1d"]
methods.1.outcome.report.artifact.binding.environment.domain_loaders = ["app"]
methods.1.outcome.report.artifact.binding.environment.providers = []
methods.1.outcome.report.artifact.binding.environment.runtime.load_domain.delegation.kind = "parent_first"
methods.1.outcome.report.artifact.binding.environment.runtime.load_domain.external_override = "none"
methods.1.outcome.report.artifact.binding.environment.runtime.load_domain.loader = "app"
methods.1.outcome.report.artifact.binding.environment.runtime.load_domain.module_mode.kind = "class_path"
methods.1.outcome.report.artifact.binding.environment.runtime.load_domain.parent_loader = null
methods.1.outcome.report.artifact.binding.environment.runtime.load_domain.roots.0.kind = "container"
methods.1.outcome.report.artifact.binding.environment.runtime.load_domain.roots.0.origin.root_container = "root"
methods.1.outcome.report.artifact.binding.environment.runtime.load_domain.roots.0.origin.snapshot = "a70b81a61bdac4fe45f49e97d4e3a1d8fbb032918e0a6ac0b5d8fb8cda619f1d"
methods.1.outcome.report.artifact.binding.environment.runtime.load_domain.roots.0.origin.steps = []
methods.1.outcome.report.artifact.binding.environment.runtime.load_domain.roots.0.prefix = []
methods.1.outcome.report.artifact.binding.environment.runtime.load_domain.runtime_transformation = "none"
methods.1.outcome.report.artifact.binding.environment.runtime.physical.scope.kind = "snapshot_all"
methods.1.outcome.report.artifact.binding.environment.runtime.physical.snapshot = "a70b81a61bdac4fe45f49e97d4e3a1d8fbb032918e0a6ac0b5d8fb8cda619f1d"
methods.1.outcome.report.artifact.binding.environment.runtime.profile.java_release = 8
methods.1.outcome.report.artifact.binding.environment.runtime.profile.layout.kind = "generic"
methods.1.outcome.report.artifact.binding.environment.runtime.profile.multi_release.kind = "disabled"
methods.1.outcome.report.artifact.binding.member_ordinal = 1
methods.1.outcome.report.artifact.binding.method.descriptor = [40,70,70,41,90]
methods.1.outcome.report.artifact.binding.method.name = [103,114,101,97,116,101,114]
methods.1.outcome.report.artifact.binding.method.owner.class_bytes.digest = "2deb547529e72a8b6b4c4685c72478fce627fa26bf2d80f3142084057fde8484"
methods.1.outcome.report.artifact.binding.method.owner.class_bytes.length = 499
methods.1.outcome.report.artifact.binding.method.owner.location.entry.ordinal = 2
methods.1.outcome.report.artifact.binding.method.owner.location.entry.origin.root_container = "root"
methods.1.outcome.report.artifact.binding.method.owner.location.entry.origin.snapshot = "a70b81a61bdac4fe45f49e97d4e3a1d8fbb032918e0a6ac0b5d8fb8cda619f1d"
methods.1.outcome.report.artifact.binding.method.owner.location.entry.origin.steps = []
methods.1.outcome.report.artifact.binding.method.owner.location.entry.raw_name = [99,102,48,50,47,80,114,101,100,105,99,97,116,101,115,46,99,108,97,115,115]
methods.1.outcome.report.artifact.binding.method.owner.location.kind = "archive_entry"
methods.1.outcome.report.artifact.binding.method.owner.variant.kind = "base"
methods.1.outcome.report.artifact.binding.profile.java_release = 8
methods.1.outcome.report.artifact.binding.profile.layout.kind = "generic"
methods.1.outcome.report.artifact.binding.profile.multi_release.kind = "disabled"
methods.1.outcome.report.artifact.binding.registry = 71
methods.1.outcome.report.artifact.binding.rules = ["straight@1","if@1","loop@1","switch@1","lambda@1","concat@1","bridge@1","accessor@1","new@1","field@1","enumswitch@1","init@1","declaration@1","twr@1","monitor@1","finally@1"]
methods.1.outcome.report.artifact.binding.schema = 1
methods.1.outcome.report.artifact.binding.text_bytes = 196
methods.1.outcome.report.artifact.binding.text_digest = "d713c77586b12f7bc31cdeb50dcabc79"
methods.1.outcome.report.bridges = []
methods.1.outcome.report.compile_status = "not_attempted"
methods.1.outcome.report.concats = []
methods.1.outcome.report.content = "contains_statements"
methods.1.outcome.report.declaration = null
methods.1.outcome.report.diagnostics.0.code = "jre_recovery_produced"
methods.1.outcome.report.diagnostics.0.message = "2 region(s), 1 statement(s), 4 segment(s), 196 byte(s) written from 4 canonical block(s)"
methods.1.outcome.report.diagnostics.0.provenance = null
methods.1.outcome.report.diagnostics.0.severity = "info"
methods.1.outcome.report.diagnostics.1.code = "jre_declaration"
methods.1.outcome.report.diagnostics.1.message = "the artifact's envelope states the member's declaration under declaration@1: an instance method"
methods.1.outcome.report.diagnostics.1.provenance = null
methods.1.outcome.report.diagnostics.1.severity = "info"
methods.1.outcome.report.enum_switches = []
methods.1.outcome.report.evidence.categories.0.kind = "source_map"
methods.1.outcome.report.evidence.categories.0.state.state = "complete"
methods.1.outcome.report.evidence.categories.1.kind = "region_details"
methods.1.outcome.report.evidence.categories.1.state.state = "not_requested"
methods.1.outcome.report.evidence.categories.2.kind = "rule_details"
methods.1.outcome.report.evidence.categories.2.state.state = "not_requested"
methods.1.outcome.report.evidence.categories.3.kind = "name_details"
methods.1.outcome.report.evidence.categories.3.state.state = "not_requested"
methods.1.outcome.report.evidence.categories.4.kind = "read_details"
methods.1.outcome.report.evidence.categories.4.state.state = "not_requested"
methods.1.outcome.report.evidence.requested.driver_bci_range = null
methods.1.outcome.report.evidence.requested.expected_artifact = null
methods.1.outcome.report.evidence.requested.kinds = ["source_map"]
methods.1.outcome.report.execution.status = "complete"
methods.1.outcome.report.execution.usage.analysis_steps = 222
methods.1.outcome.report.execution.usage.archive_entries = 9
methods.1.outcome.report.execution.usage.attribute_bytes = 486
methods.1.outcome.report.execution.usage.class_bytes = 998
methods.1.outcome.report.execution.usage.class_headers = 1
methods.1.outcome.report.execution.usage.code_bytes = 17
methods.1.outcome.report.execution.usage.dependency_depth = 0
methods.1.outcome.report.execution.usage.elapsed_millis = 36
methods.1.outcome.report.execution.usage.entry_bytes = 499
methods.1.outcome.report.execution.usage.input_bytes = 800
methods.1.outcome.report.execution.usage.ir_edges = 32
methods.1.outcome.report.execution.usage.ir_items = 414
methods.1.outcome.report.execution.usage.method_bodies = 2
methods.1.outcome.report.execution.usage.nested_depth = 0
methods.1.outcome.report.execution.usage.normalization_clones = 0
methods.1.outcome.report.execution.usage.output_bytes = 385
methods.1.outcome.report.execution.usage.read_bytes = 343
methods.1.outcome.report.execution.usage.result_items = 18
methods.1.outcome.report.fallbacks = []
methods.1.outcome.report.fields = []
methods.1.outcome.report.init = null
methods.1.outcome.report.lambdas = []
methods.1.outcome.report.method = "greater(FF)Z"
methods.1.outcome.report.news = []
methods.1.outcome.report.outcome = "produced"
methods.1.outcome.report.profile.java_release = 8
methods.1.outcome.report.profile.layout.kind = "generic"
methods.1.outcome.report.profile.multi_release.kind = "disabled"
methods.1.outcome.report.quality = "structured"
methods.1.outcome.report.regions = []
methods.1.outcome.report.representation = "java"
methods.1.outcome.report.rules = []
methods.1.outcome.report.semantic_validation = "unproven"
methods.1.outcome.report.source_map.segments.0.end = 185
methods.1.outcome.report.source_map.segments.0.origin.derived = []
methods.1.outcome.report.source_map.segments.0.origin.primary.bci = 0
methods.1.outcome.report.source_map.segments.0.origin.primary.cp = null
methods.1.outcome.report.source_map.segments.0.origin.primary.method.descriptor = [40,70,70,41,90]
methods.1.outcome.report.source_map.segments.0.origin.primary.method.name = [103,114,101,97,116,101,114]
methods.1.outcome.report.source_map.segments.0.origin.primary.method.owner.class_bytes.digest = "2deb547529e72a8b6b4c4685c72478fce627fa26bf2d80f3142084057fde8484"
methods.1.outcome.report.source_map.segments.0.origin.primary.method.owner.class_bytes.length = 499
methods.1.outcome.report.source_map.segments.0.origin.primary.method.owner.location.entry.ordinal = 2
methods.1.outcome.report.source_map.segments.0.origin.primary.method.owner.location.entry.origin.root_container = "root"
methods.1.outcome.report.source_map.segments.0.origin.primary.method.owner.location.entry.origin.snapshot = "a70b81a61bdac4fe45f49e97d4e3a1d8fbb032918e0a6ac0b5d8fb8cda619f1d"
methods.1.outcome.report.source_map.segments.0.origin.primary.method.owner.location.entry.origin.steps = []
methods.1.outcome.report.source_map.segments.0.origin.primary.method.owner.location.entry.raw_name = [99,102,48,50,47,80,114,101,100,105,99,97,116,101,115,46,99,108,97,115,115]
methods.1.outcome.report.source_map.segments.0.origin.primary.method.owner.location.kind = "archive_entry"
methods.1.outcome.report.source_map.segments.0.origin.primary.method.owner.variant.kind = "base"
methods.1.outcome.report.source_map.segments.0.origin.primary.provenance = "Direct"
methods.1.outcome.report.source_map.segments.0.start = 181
methods.1.outcome.report.source_map.segments.1.end = 192
methods.1.outcome.report.source_map.segments.1.origin.derived = []
methods.1.outcome.report.source_map.segments.1.origin.primary.bci = 1
methods.1.outcome.report.source_map.segments.1.origin.primary.cp = null
methods.1.outcome.report.source_map.segments.1.origin.primary.method.descriptor = [40,70,70,41,90]
methods.1.outcome.report.source_map.segments.1.origin.primary.method.name = [103,114,101,97,116,101,114]
methods.1.outcome.report.source_map.segments.1.origin.primary.method.owner.class_bytes.digest = "2deb547529e72a8b6b4c4685c72478fce627fa26bf2d80f3142084057fde8484"
methods.1.outcome.report.source_map.segments.1.origin.primary.method.owner.class_bytes.length = 499
methods.1.outcome.report.source_map.segments.1.origin.primary.method.owner.location.entry.ordinal = 2
methods.1.outcome.report.source_map.segments.1.origin.primary.method.owner.location.entry.origin.root_container = "root"
methods.1.outcome.report.source_map.segments.1.origin.primary.method.owner.location.entry.origin.snapshot = "a70b81a61bdac4fe45f49e97d4e3a1d8fbb032918e0a6ac0b5d8fb8cda619f1d"
methods.1.outcome.report.source_map.segments.1.origin.primary.method.owner.location.entry.origin.steps = []
methods.1.outcome.report.source_map.segments.1.origin.primary.method.owner.location.entry.raw_name = [99,102,48,50,47,80,114,101,100,105,99,97,116,101,115,46,99,108,97,115,115]
methods.1.outcome.report.source_map.segments.1.origin.primary.method.owner.location.kind = "archive_entry"
methods.1.outcome.report.source_map.segments.1.origin.primary.method.owner.variant.kind = "base"
methods.1.outcome.report.source_map.segments.1.origin.primary.provenance = "Direct"
methods.1.outcome.report.source_map.segments.1.start = 188
methods.1.outcome.report.source_map.segments.2.end = 192
methods.1.outcome.report.source_map.segments.2.origin.derived.0.bci = 3
methods.1.outcome.report.source_map.segments.2.origin.derived.0.cp = null
methods.1.outcome.report.source_map.segments.2.origin.derived.0.method.descriptor = [40,70,70,41,90]
methods.1.outcome.report.source_map.segments.2.origin.derived.0.method.name = [103,114,101,97,116,101,114]
methods.1.outcome.report.source_map.segments.2.origin.derived.0.method.owner.class_bytes.digest = "2deb547529e72a8b6b4c4685c72478fce627fa26bf2d80f3142084057fde8484"
methods.1.outcome.report.source_map.segments.2.origin.derived.0.method.owner.class_bytes.length = 499
methods.1.outcome.report.source_map.segments.2.origin.derived.0.method.owner.location.entry.ordinal = 2
methods.1.outcome.report.source_map.segments.2.origin.derived.0.method.owner.location.entry.origin.root_container = "root"
methods.1.outcome.report.source_map.segments.2.origin.derived.0.method.owner.location.entry.origin.snapshot = "a70b81a61bdac4fe45f49e97d4e3a1d8fbb032918e0a6ac0b5d8fb8cda619f1d"
methods.1.outcome.report.source_map.segments.2.origin.derived.0.method.owner.location.entry.origin.steps = []
methods.1.outcome.report.source_map.segments.2.origin.derived.0.method.owner.location.entry.raw_name = [99,102,48,50,47,80,114,101,100,105,99,97,116,101,115,46,99,108,97,115,115]
methods.1.outcome.report.source_map.segments.2.origin.derived.0.method.owner.location.kind = "archive_entry"
methods.1.outcome.report.source_map.segments.2.origin.derived.0.method.owner.variant.kind = "base"
methods.1.outcome.report.source_map.segments.2.origin.derived.0.provenance = "Derived"
methods.1.outcome.report.source_map.segments.2.origin.derived.1.bci = 2
methods.1.outcome.report.source_map.segments.2.origin.derived.1.cp = null
methods.1.outcome.report.source_map.segments.2.origin.derived.1.method.descriptor = [40,70,70,41,90]
methods.1.outcome.report.source_map.segments.2.origin.derived.1.method.name = [103,114,101,97,116,101,114]
methods.1.outcome.report.source_map.segments.2.origin.derived.1.method.owner.class_bytes.digest = "2deb547529e72a8b6b4c4685c72478fce627fa26bf2d80f3142084057fde8484"
methods.1.outcome.report.source_map.segments.2.origin.derived.1.method.owner.class_bytes.length = 499
methods.1.outcome.report.source_map.segments.2.origin.derived.1.method.owner.location.entry.ordinal = 2
methods.1.outcome.report.source_map.segments.2.origin.derived.1.method.owner.location.entry.origin.root_container = "root"
methods.1.outcome.report.source_map.segments.2.origin.derived.1.method.owner.location.entry.origin.snapshot = "a70b81a61bdac4fe45f49e97d4e3a1d8fbb032918e0a6ac0b5d8fb8cda619f1d"
methods.1.outcome.report.source_map.segments.2.origin.derived.1.method.owner.location.entry.origin.steps = []
methods.1.outcome.report.source_map.segments.2.origin.derived.1.method.owner.location.entry.raw_name = [99,102,48,50,47,80,114,101,100,105,99,97,116,101,115,46,99,108,97,115,115]
methods.1.outcome.report.source_map.segments.2.origin.derived.1.method.owner.location.kind = "archive_entry"
methods.1.outcome.report.source_map.segments.2.origin.derived.1.method.owner.variant.kind = "base"
methods.1.outcome.report.source_map.segments.2.origin.derived.1.provenance = "Derived"
methods.1.outcome.report.source_map.segments.2.origin.derived.2.bci = 6
methods.1.outcome.report.source_map.segments.2.origin.derived.2.cp = null
methods.1.outcome.report.source_map.segments.2.origin.derived.2.method.descriptor = [40,70,70,41,90]
methods.1.outcome.report.source_map.segments.2.origin.derived.2.method.name = [103,114,101,97,116,101,114]
methods.1.outcome.report.source_map.segments.2.origin.derived.2.method.owner.class_bytes.digest = "2deb547529e72a8b6b4c4685c72478fce627fa26bf2d80f3142084057fde8484"
methods.1.outcome.report.source_map.segments.2.origin.derived.2.method.owner.class_bytes.length = 499
methods.1.outcome.report.source_map.segments.2.origin.derived.2.method.owner.location.entry.ordinal = 2
methods.1.outcome.report.source_map.segments.2.origin.derived.2.method.owner.location.entry.origin.root_container = "root"
methods.1.outcome.report.source_map.segments.2.origin.derived.2.method.owner.location.entry.origin.snapshot = "a70b81a61bdac4fe45f49e97d4e3a1d8fbb032918e0a6ac0b5d8fb8cda619f1d"
methods.1.outcome.report.source_map.segments.2.origin.derived.2.method.owner.location.entry.origin.steps = []
methods.1.outcome.report.source_map.segments.2.origin.derived.2.method.owner.location.entry.raw_name = [99,102,48,50,47,80,114,101,100,105,99,97,116,101,115,46,99,108,97,115,115]
methods.1.outcome.report.source_map.segments.2.origin.derived.2.method.owner.location.kind = "archive_entry"
methods.1.outcome.report.source_map.segments.2.origin.derived.2.method.owner.variant.kind = "base"
methods.1.outcome.report.source_map.segments.2.origin.derived.2.provenance = "Derived"
methods.1.outcome.report.source_map.segments.2.origin.derived.3.bci = 10
methods.1.outcome.report.source_map.segments.2.origin.derived.3.cp = null
methods.1.outcome.report.source_map.segments.2.origin.derived.3.method.descriptor = [40,70,70,41,90]
methods.1.outcome.report.source_map.segments.2.origin.derived.3.method.name = [103,114,101,97,116,101,114]
methods.1.outcome.report.source_map.segments.2.origin.derived.3.method.owner.class_bytes.digest = "2deb547529e72a8b6b4c4685c72478fce627fa26bf2d80f3142084057fde8484"
methods.1.outcome.report.source_map.segments.2.origin.derived.3.method.owner.class_bytes.length = 499
methods.1.outcome.report.source_map.segments.2.origin.derived.3.method.owner.location.entry.ordinal = 2
methods.1.outcome.report.source_map.segments.2.origin.derived.3.method.owner.location.entry.origin.root_container = "root"
methods.1.outcome.report.source_map.segments.2.origin.derived.3.method.owner.location.entry.origin.snapshot = "a70b81a61bdac4fe45f49e97d4e3a1d8fbb032918e0a6ac0b5d8fb8cda619f1d"
methods.1.outcome.report.source_map.segments.2.origin.derived.3.method.owner.location.entry.origin.steps = []
methods.1.outcome.report.source_map.segments.2.origin.derived.3.method.owner.location.entry.raw_name = [99,102,48,50,47,80,114,101,100,105,99,97,116,101,115,46,99,108,97,115,115]
methods.1.outcome.report.source_map.segments.2.origin.derived.3.method.owner.location.kind = "archive_entry"
methods.1.outcome.report.source_map.segments.2.origin.derived.3.method.owner.variant.kind = "base"
methods.1.outcome.report.source_map.segments.2.origin.derived.3.provenance = "Derived"
methods.1.outcome.report.source_map.segments.2.origin.derived.4.bci = 7
methods.1.outcome.report.source_map.segments.2.origin.derived.4.cp = null
methods.1.outcome.report.source_map.segments.2.origin.derived.4.method.descriptor = [40,70,70,41,90]
methods.1.outcome.report.source_map.segments.2.origin.derived.4.method.name = [103,114,101,97,116,101,114]
methods.1.outcome.report.source_map.segments.2.origin.derived.4.method.owner.class_bytes.digest = "2deb547529e72a8b6b4c4685c72478fce627fa26bf2d80f3142084057fde8484"
methods.1.outcome.report.source_map.segments.2.origin.derived.4.method.owner.class_bytes.length = 499
methods.1.outcome.report.source_map.segments.2.origin.derived.4.method.owner.location.entry.ordinal = 2
methods.1.outcome.report.source_map.segments.2.origin.derived.4.method.owner.location.entry.origin.root_container = "root"
methods.1.outcome.report.source_map.segments.2.origin.derived.4.method.owner.location.entry.origin.snapshot = "a70b81a61bdac4fe45f49e97d4e3a1d8fbb032918e0a6ac0b5d8fb8cda619f1d"
methods.1.outcome.report.source_map.segments.2.origin.derived.4.method.owner.location.entry.origin.steps = []
methods.1.outcome.report.source_map.segments.2.origin.derived.4.method.owner.location.entry.raw_name = [99,102,48,50,47,80,114,101,100,105,99,97,116,101,115,46,99,108,97,115,115]
methods.1.outcome.report.source_map.segments.2.origin.derived.4.method.owner.location.kind = "archive_entry"
methods.1.outcome.report.source_map.segments.2.origin.derived.4.method.owner.variant.kind = "base"
methods.1.outcome.report.source_map.segments.2.origin.derived.4.provenance = "Derived"
methods.1.outcome.report.source_map.segments.2.origin.primary.bci = 11
methods.1.outcome.report.source_map.segments.2.origin.primary.cp = null
methods.1.outcome.report.source_map.segments.2.origin.primary.method.descriptor = [40,70,70,41,90]
methods.1.outcome.report.source_map.segments.2.origin.primary.method.name = [103,114,101,97,116,101,114]
methods.1.outcome.report.source_map.segments.2.origin.primary.method.owner.class_bytes.digest = "2deb547529e72a8b6b4c4685c72478fce627fa26bf2d80f3142084057fde8484"
methods.1.outcome.report.source_map.segments.2.origin.primary.method.owner.class_bytes.length = 499
methods.1.outcome.report.source_map.segments.2.origin.primary.method.owner.location.entry.ordinal = 2
methods.1.outcome.report.source_map.segments.2.origin.primary.method.owner.location.entry.origin.root_container = "root"
methods.1.outcome.report.source_map.segments.2.origin.primary.method.owner.location.entry.origin.snapshot = "a70b81a61bdac4fe45f49e97d4e3a1d8fbb032918e0a6ac0b5d8fb8cda619f1d"
methods.1.outcome.report.source_map.segments.2.origin.primary.method.owner.location.entry.origin.steps = []
methods.1.outcome.report.source_map.segments.2.origin.primary.method.owner.location.entry.raw_name = [99,102,48,50,47,80,114,101,100,105,99,97,116,101,115,46,99,108,97,115,115]
methods.1.outcome.report.source_map.segments.2.origin.primary.method.owner.location.kind = "archive_entry"
methods.1.outcome.report.source_map.segments.2.origin.primary.method.owner.variant.kind = "base"
methods.1.outcome.report.source_map.segments.2.origin.primary.provenance = "Direct"
methods.1.outcome.report.source_map.segments.2.start = 181
methods.1.outcome.report.source_map.segments.3.end = 194
methods.1.outcome.report.source_map.segments.3.origin.derived = []
methods.1.outcome.report.source_map.segments.3.origin.primary.bci = 11
methods.1.outcome.report.source_map.segments.3.origin.primary.cp = null
methods.1.outcome.report.source_map.segments.3.origin.primary.method.descriptor = [40,70,70,41,90]
methods.1.outcome.report.source_map.segments.3.origin.primary.method.name = [103,114,101,97,116,101,114]
methods.1.outcome.report.source_map.segments.3.origin.primary.method.owner.class_bytes.digest = "2deb547529e72a8b6b4c4685c72478fce627fa26bf2d80f3142084057fde8484"
methods.1.outcome.report.source_map.segments.3.origin.primary.method.owner.class_bytes.length = 499
methods.1.outcome.report.source_map.segments.3.origin.primary.method.owner.location.entry.ordinal = 2
methods.1.outcome.report.source_map.segments.3.origin.primary.method.owner.location.entry.origin.root_container = "root"
methods.1.outcome.report.source_map.segments.3.origin.primary.method.owner.location.entry.origin.snapshot = "a70b81a61bdac4fe45f49e97d4e3a1d8fbb032918e0a6ac0b5d8fb8cda619f1d"
methods.1.outcome.report.source_map.segments.3.origin.primary.method.owner.location.entry.origin.steps = []
methods.1.outcome.report.source_map.segments.3.origin.primary.method.owner.location.entry.raw_name = [99,102,48,50,47,80,114,101,100,105,99,97,116,101,115,46,99,108,97,115,115]
methods.1.outcome.report.source_map.segments.3.origin.primary.method.owner.location.kind = "archive_entry"
methods.1.outcome.report.source_map.segments.3.origin.primary.method.owner.variant.kind = "base"
methods.1.outcome.report.source_map.segments.3.origin.primary.provenance = "Direct"
methods.1.outcome.report.source_map.segments.3.start = 170
methods.1.outcome.report.syntax_status = "unchecked"
methods.1.outcome.report.text = "// @method greater(FF)Z\n// @declaration an instance method of `cf02.Predicates`, member flags 0x0001\n// recovered from bytecode; presentation is not claimed to compile\n{\n    return arg1 > arg2;\n}\n"
methods.1.outcome.report.verification = "not_performed"
methods.1.parameter_annotations.attributes = []
methods.1.parameter_annotations.refusals = []
methods.1.parameter_annotations.uses_by_position = [[],[]]
methods.1.text = "    public boolean greater(float arg1, float arg2) {\n        // @method greater(FF)Z\n        // @declaration an instance method of `cf02.Predicates`, member flags 0x0001\n        // recovered from bytecode; presentation is not claimed to compile\n        return arg1 > arg2;\n    }\n"
methods.1.type_annotations.attributes = []
methods.1.type_annotations.field_uses = []
methods.1.type_annotations.parameter_uses = [[],[]]
methods.1.type_annotations.refusals = []
methods.1.type_annotations.return_uses = []
methods.2.annotations.attributes = []
methods.2.annotations.refusals = []
methods.2.annotations.uses = []
methods.2.declaration = "public boolean mixed(float arg1, double arg2)"
methods.2.item.access_flags = 1
methods.2.item.body.content_span.length = 36
methods.2.item.body.content_span.start = 340
methods.2.item.body.kind = "code_attribute"
methods.2.item.descriptor.escaped = "(FD)Z"
methods.2.item.descriptor.raw = [40,70,68,41,90]
methods.2.item.descriptor.utf16 = [40,70,68,41,90]
methods.2.item.identity.descriptor = [40,70,68,41,90]
methods.2.item.identity.name = [109,105,120,101,100]
methods.2.item.identity.owner.class_bytes.digest = "2deb547529e72a8b6b4c4685c72478fce627fa26bf2d80f3142084057fde8484"
methods.2.item.identity.owner.class_bytes.length = 499
methods.2.item.identity.owner.location.entry.ordinal = 2
methods.2.item.identity.owner.location.entry.origin.root_container = "root"
methods.2.item.identity.owner.location.entry.origin.snapshot = "a70b81a61bdac4fe45f49e97d4e3a1d8fbb032918e0a6ac0b5d8fb8cda619f1d"
methods.2.item.identity.owner.location.entry.origin.steps = []
methods.2.item.identity.owner.location.entry.raw_name = [99,102,48,50,47,80,114,101,100,105,99,97,116,101,115,46,99,108,97,115,115]
methods.2.item.identity.owner.location.kind = "archive_entry"
methods.2.item.identity.owner.variant.kind = "base"
methods.2.item.index = 2
methods.2.item.name.escaped = "mixed"
methods.2.item.name.raw = [109,105,120,101,100]
methods.2.item.name.utf16 = [109,105,120,101,100]
methods.2.markers = []
methods.2.no_body_kind = null
methods.2.outcome.analysis.diagnostics = 0
methods.2.outcome.analysis.execution.status = "complete"
methods.2.outcome.analysis.execution.usage.analysis_steps = 306
methods.2.outcome.analysis.execution.usage.archive_entries = 9
methods.2.outcome.analysis.execution.usage.attribute_bytes = 528
methods.2.outcome.analysis.execution.usage.class_bytes = 998
methods.2.outcome.analysis.execution.usage.class_headers = 1
methods.2.outcome.analysis.execution.usage.code_bytes = 30
methods.2.outcome.analysis.execution.usage.dependency_depth = 0
methods.2.outcome.analysis.execution.usage.elapsed_millis = 37
methods.2.outcome.analysis.execution.usage.entry_bytes = 499
methods.2.outcome.analysis.execution.usage.input_bytes = 800
methods.2.outcome.analysis.execution.usage.ir_edges = 59
methods.2.outcome.analysis.execution.usage.ir_items = 725
methods.2.outcome.analysis.execution.usage.method_bodies = 3
methods.2.outcome.analysis.execution.usage.nested_depth = 0
methods.2.outcome.analysis.execution.usage.normalization_clones = 0
methods.2.outcome.analysis.execution.usage.output_bytes = 385
methods.2.outcome.analysis.execution.usage.read_bytes = 343
methods.2.outcome.analysis.execution.usage.result_items = 19
methods.2.outcome.kind = "recovered"
methods.2.outcome.report.accessors = []
methods.2.outcome.report.aliased_names = []
methods.2.outcome.report.artifact.agreement.state = "not_stated"
methods.2.outcome.report.artifact.binding.engine = "0.1.0"
methods.2.outcome.report.artifact.binding.environment.content = ["a70b81a61bdac4fe45f49e97d4e3a1d8fbb032918e0a6ac0b5d8fb8cda619f1d"]
methods.2.outcome.report.artifact.binding.environment.domain_loaders = ["app"]
methods.2.outcome.report.artifact.binding.environment.providers = []
methods.2.outcome.report.artifact.binding.environment.runtime.load_domain.delegation.kind = "parent_first"
methods.2.outcome.report.artifact.binding.environment.runtime.load_domain.external_override = "none"
methods.2.outcome.report.artifact.binding.environment.runtime.load_domain.loader = "app"
methods.2.outcome.report.artifact.binding.environment.runtime.load_domain.module_mode.kind = "class_path"
methods.2.outcome.report.artifact.binding.environment.runtime.load_domain.parent_loader = null
methods.2.outcome.report.artifact.binding.environment.runtime.load_domain.roots.0.kind = "container"
methods.2.outcome.report.artifact.binding.environment.runtime.load_domain.roots.0.origin.root_container = "root"
methods.2.outcome.report.artifact.binding.environment.runtime.load_domain.roots.0.origin.snapshot = "a70b81a61bdac4fe45f49e97d4e3a1d8fbb032918e0a6ac0b5d8fb8cda619f1d"
methods.2.outcome.report.artifact.binding.environment.runtime.load_domain.roots.0.origin.steps = []
methods.2.outcome.report.artifact.binding.environment.runtime.load_domain.roots.0.prefix = []
methods.2.outcome.report.artifact.binding.environment.runtime.load_domain.runtime_transformation = "none"
methods.2.outcome.report.artifact.binding.environment.runtime.physical.scope.kind = "snapshot_all"
methods.2.outcome.report.artifact.binding.environment.runtime.physical.snapshot = "a70b81a61bdac4fe45f49e97d4e3a1d8fbb032918e0a6ac0b5d8fb8cda619f1d"
methods.2.outcome.report.artifact.binding.environment.runtime.profile.java_release = 8
methods.2.outcome.report.artifact.binding.environment.runtime.profile.layout.kind = "generic"
methods.2.outcome.report.artifact.binding.environment.runtime.profile.multi_release.kind = "disabled"
methods.2.outcome.report.artifact.binding.member_ordinal = 2
methods.2.outcome.report.artifact.binding.method.descriptor = [40,70,68,41,90]
methods.2.outcome.report.artifact.binding.method.name = [109,105,120,101,100]
methods.2.outcome.report.artifact.binding.method.owner.class_bytes.digest = "2deb547529e72a8b6b4c4685c72478fce627fa26bf2d80f3142084057fde8484"
methods.2.outcome.report.artifact.binding.method.owner.class_bytes.length = 499
methods.2.outcome.report.artifact.binding.method.owner.location.entry.ordinal = 2
methods.2.outcome.report.artifact.binding.method.owner.location.entry.origin.root_container = "root"
methods.2.outcome.report.artifact.binding.method.owner.location.entry.origin.snapshot = "a70b81a61bdac4fe45f49e97d4e3a1d8fbb032918e0a6ac0b5d8fb8cda619f1d"
methods.2.outcome.report.artifact.binding.method.owner.location.entry.origin.steps = []
methods.2.outcome.report.artifact.binding.method.owner.location.entry.raw_name = [99,102,48,50,47,80,114,101,100,105,99,97,116,101,115,46,99,108,97,115,115]
methods.2.outcome.report.artifact.binding.method.owner.location.kind = "archive_entry"
methods.2.outcome.report.artifact.binding.method.owner.variant.kind = "base"
methods.2.outcome.report.artifact.binding.profile.java_release = 8
methods.2.outcome.report.artifact.binding.profile.layout.kind = "generic"
methods.2.outcome.report.artifact.binding.profile.multi_release.kind = "disabled"
methods.2.outcome.report.artifact.binding.registry = 71
methods.2.outcome.report.artifact.binding.rules = ["straight@1","if@1","loop@1","switch@1","lambda@1","concat@1","bridge@1","accessor@1","new@1","field@1","enumswitch@1","init@1","declaration@1","twr@1","monitor@1","finally@1"]
methods.2.outcome.report.artifact.binding.schema = 1
methods.2.outcome.report.artifact.binding.text_bytes = 203
methods.2.outcome.report.artifact.binding.text_digest = "5a79baaabf83064e8e97027aff0f3ce2"
methods.2.outcome.report.bridges = []
methods.2.outcome.report.compile_status = "not_attempted"
methods.2.outcome.report.concats = []
methods.2.outcome.report.content = "contains_statements"
methods.2.outcome.report.declaration = null
methods.2.outcome.report.diagnostics.0.code = "jre_recovery_produced"
methods.2.outcome.report.diagnostics.0.message = "2 region(s), 1 statement(s), 5 segment(s), 203 byte(s) written from 4 canonical block(s)"
methods.2.outcome.report.diagnostics.0.provenance = null
methods.2.outcome.report.diagnostics.0.severity = "info"
methods.2.outcome.report.diagnostics.1.code = "jre_declaration"
methods.2.outcome.report.diagnostics.1.message = "the artifact's envelope states the member's declaration under declaration@1: an instance method"
methods.2.outcome.report.diagnostics.1.provenance = null
methods.2.outcome.report.diagnostics.1.severity = "info"
methods.2.outcome.report.enum_switches = []
methods.2.outcome.report.evidence.categories.0.kind = "source_map"
methods.2.outcome.report.evidence.categories.0.state.state = "complete"
methods.2.outcome.report.evidence.categories.1.kind = "region_details"
methods.2.outcome.report.evidence.categories.1.state.state = "not_requested"
methods.2.outcome.report.evidence.categories.2.kind = "rule_details"
methods.2.outcome.report.evidence.categories.2.state.state = "not_requested"
methods.2.outcome.report.evidence.categories.3.kind = "name_details"
methods.2.outcome.report.evidence.categories.3.state.state = "not_requested"
methods.2.outcome.report.evidence.categories.4.kind = "read_details"
methods.2.outcome.report.evidence.categories.4.state.state = "not_requested"
methods.2.outcome.report.evidence.requested.driver_bci_range = null
methods.2.outcome.report.evidence.requested.expected_artifact = null
methods.2.outcome.report.evidence.requested.kinds = ["source_map"]
methods.2.outcome.report.execution.status = "complete"
methods.2.outcome.report.execution.usage.analysis_steps = 416
methods.2.outcome.report.execution.usage.archive_entries = 9
methods.2.outcome.report.execution.usage.attribute_bytes = 528
methods.2.outcome.report.execution.usage.class_bytes = 998
methods.2.outcome.report.execution.usage.class_headers = 1
methods.2.outcome.report.execution.usage.code_bytes = 30
methods.2.outcome.report.execution.usage.dependency_depth = 0
methods.2.outcome.report.execution.usage.elapsed_millis = 37
methods.2.outcome.report.execution.usage.entry_bytes = 499
methods.2.outcome.report.execution.usage.input_bytes = 800
methods.2.outcome.report.execution.usage.ir_edges = 63
methods.2.outcome.report.execution.usage.ir_items = 805
methods.2.outcome.report.execution.usage.method_bodies = 3
methods.2.outcome.report.execution.usage.nested_depth = 0
methods.2.outcome.report.execution.usage.normalization_clones = 0
methods.2.outcome.report.execution.usage.output_bytes = 588
methods.2.outcome.report.execution.usage.read_bytes = 343
methods.2.outcome.report.execution.usage.result_items = 19
methods.2.outcome.report.fallbacks = []
methods.2.outcome.report.fields = []
methods.2.outcome.report.init = null
methods.2.outcome.report.lambdas = []
methods.2.outcome.report.method = "mixed(FD)Z"
methods.2.outcome.report.news = []
methods.2.outcome.report.outcome = "produced"
methods.2.outcome.report.profile.java_release = 8
methods.2.outcome.report.profile.layout.kind = "generic"
methods.2.outcome.report.profile.multi_release.kind = "disabled"
methods.2.outcome.report.quality = "structured"
methods.2.outcome.report.regions = []
methods.2.outcome.report.representation = "java"
methods.2.outcome.report.rules = []
methods.2.outcome.report.semantic_validation = "unproven"
methods.2.outcome.report.source_map.segments.0.end = 192
methods.2.outcome.report.source_map.segments.0.origin.derived = []
methods.2.outcome.report.source_map.segments.0.origin.primary.bci = 0
methods.2.outcome.report.source_map.segments.0.origin.primary.cp = null
methods.2.outcome.report.source_map.segments.0.origin.primary.method.descriptor = [40,70,68,41,90]
methods.2.outcome.report.source_map.segments.0.origin.primary.method.name = [109,105,120,101,100]
methods.2.outcome.report.source_map.segments.0.origin.primary.method.owner.class_bytes.digest = "2deb547529e72a8b6b4c4685c72478fce627fa26bf2d80f3142084057fde8484"
methods.2.outcome.report.source_map.segments.0.origin.primary.method.owner.class_bytes.length = 499
methods.2.outcome.report.source_map.segments.0.origin.primary.method.owner.location.entry.ordinal = 2
methods.2.outcome.report.source_map.segments.0.origin.primary.method.owner.location.entry.origin.root_container = "root"
methods.2.outcome.report.source_map.segments.0.origin.primary.method.owner.location.entry.origin.snapshot = "a70b81a61bdac4fe45f49e97d4e3a1d8fbb032918e0a6ac0b5d8fb8cda619f1d"
methods.2.outcome.report.source_map.segments.0.origin.primary.method.owner.location.entry.origin.steps = []
methods.2.outcome.report.source_map.segments.0.origin.primary.method.owner.location.entry.raw_name = [99,102,48,50,47,80,114,101,100,105,99,97,116,101,115,46,99,108,97,115,115]
methods.2.outcome.report.source_map.segments.0.origin.primary.method.owner.location.kind = "archive_entry"
methods.2.outcome.report.source_map.segments.0.origin.primary.method.owner.variant.kind = "base"
methods.2.outcome.report.source_map.segments.0.origin.primary.provenance = "Direct"
methods.2.outcome.report.source_map.segments.0.start = 188
methods.2.outcome.report.source_map.segments.1.end = 192
methods.2.outcome.report.source_map.segments.1.origin.derived = []
methods.2.outcome.report.source_map.segments.1.origin.primary.bci = 1
methods.2.outcome.report.source_map.segments.1.origin.primary.cp = null
methods.2.outcome.report.source_map.segments.1.origin.primary.method.descriptor = [40,70,68,41,90]
methods.2.outcome.report.source_map.segments.1.origin.primary.method.name = [109,105,120,101,100]
methods.2.outcome.report.source_map.segments.1.origin.primary.method.owner.class_bytes.digest = "2deb547529e72a8b6b4c4685c72478fce627fa26bf2d80f3142084057fde8484"
methods.2.outcome.report.source_map.segments.1.origin.primary.method.owner.class_bytes.length = 499
methods.2.outcome.report.source_map.segments.1.origin.primary.method.owner.location.entry.ordinal = 2
methods.2.outcome.report.source_map.segments.1.origin.primary.method.owner.location.entry.origin.root_container = "root"
methods.2.outcome.report.source_map.segments.1.origin.primary.method.owner.location.entry.origin.snapshot = "a70b81a61bdac4fe45f49e97d4e3a1d8fbb032918e0a6ac0b5d8fb8cda619f1d"
methods.2.outcome.report.source_map.segments.1.origin.primary.method.owner.location.entry.origin.steps = []
methods.2.outcome.report.source_map.segments.1.origin.primary.method.owner.location.entry.raw_name = [99,102,48,50,47,80,114,101,100,105,99,97,116,101,115,46,99,108,97,115,115]
methods.2.outcome.report.source_map.segments.1.origin.primary.method.owner.location.kind = "archive_entry"
methods.2.outcome.report.source_map.segments.1.origin.primary.method.owner.variant.kind = "base"
methods.2.outcome.report.source_map.segments.1.origin.primary.provenance = "Direct"
methods.2.outcome.report.source_map.segments.1.start = 179
methods.2.outcome.report.source_map.segments.2.end = 199
methods.2.outcome.report.source_map.segments.2.origin.derived = []
methods.2.outcome.report.source_map.segments.2.origin.primary.bci = 2
methods.2.outcome.report.source_map.segments.2.origin.primary.cp = null
methods.2.outcome.report.source_map.segments.2.origin.primary.method.descriptor = [40,70,68,41,90]
methods.2.outcome.report.source_map.segments.2.origin.primary.method.name = [109,105,120,101,100]
methods.2.outcome.report.source_map.segments.2.origin.primary.method.owner.class_bytes.digest = "2deb547529e72a8b6b4c4685c72478fce627fa26bf2d80f3142084057fde8484"
methods.2.outcome.report.source_map.segments.2.origin.primary.method.owner.class_bytes.length = 499
methods.2.outcome.report.source_map.segments.2.origin.primary.method.owner.location.entry.ordinal = 2
methods.2.outcome.report.source_map.segments.2.origin.primary.method.owner.location.entry.origin.root_container = "root"
methods.2.outcome.report.source_map.segments.2.origin.primary.method.owner.location.entry.origin.snapshot = "a70b81a61bdac4fe45f49e97d4e3a1d8fbb032918e0a6ac0b5d8fb8cda619f1d"
methods.2.outcome.report.source_map.segments.2.origin.primary.method.owner.location.entry.origin.steps = []
methods.2.outcome.report.source_map.segments.2.origin.primary.method.owner.location.entry.raw_name = [99,102,48,50,47,80,114,101,100,105,99,97,116,101,115,46,99,108,97,115,115]
methods.2.outcome.report.source_map.segments.2.origin.primary.method.owner.location.kind = "archive_entry"
methods.2.outcome.report.source_map.segments.2.origin.primary.method.owner.variant.kind = "base"
methods.2.outcome.report.source_map.segments.2.origin.primary.provenance = "Direct"
methods.2.outcome.report.source_map.segments.2.start = 195
methods.2.outcome.report.source_map.segments.3.end = 199
methods.2.outcome.report.source_map.segments.3.origin.derived.0.bci = 4
methods.2.outcome.report.source_map.segments.3.origin.derived.0.cp = null
methods.2.outcome.report.source_map.segments.3.origin.derived.0.method.descriptor = [40,70,68,41,90]
methods.2.outcome.report.source_map.segments.3.origin.derived.0.method.name = [109,105,120,101,100]
methods.2.outcome.report.source_map.segments.3.origin.derived.0.method.owner.class_bytes.digest = "2deb547529e72a8b6b4c4685c72478fce627fa26bf2d80f3142084057fde8484"
methods.2.outcome.report.source_map.segments.3.origin.derived.0.method.owner.class_bytes.length = 499
methods.2.outcome.report.source_map.segments.3.origin.derived.0.method.owner.location.entry.ordinal = 2
methods.2.outcome.report.source_map.segments.3.origin.derived.0.method.owner.location.entry.origin.root_container = "root"
methods.2.outcome.report.source_map.segments.3.origin.derived.0.method.owner.location.entry.origin.snapshot = "a70b81a61bdac4fe45f49e97d4e3a1d8fbb032918e0a6ac0b5d8fb8cda619f1d"
methods.2.outcome.report.source_map.segments.3.origin.derived.0.method.owner.location.entry.origin.steps = []
methods.2.outcome.report.source_map.segments.3.origin.derived.0.method.owner.location.entry.raw_name = [99,102,48,50,47,80,114,101,100,105,99,97,116,101,115,46,99,108,97,115,115]
methods.2.outcome.report.source_map.segments.3.origin.derived.0.method.owner.location.kind = "archive_entry"
methods.2.outcome.report.source_map.segments.3.origin.derived.0.method.owner.variant.kind = "base"
methods.2.outcome.report.source_map.segments.3.origin.derived.0.provenance = "Derived"
methods.2.outcome.report.source_map.segments.3.origin.derived.1.bci = 3
methods.2.outcome.report.source_map.segments.3.origin.derived.1.cp = null
methods.2.outcome.report.source_map.segments.3.origin.derived.1.method.descriptor = [40,70,68,41,90]
methods.2.outcome.report.source_map.segments.3.origin.derived.1.method.name = [109,105,120,101,100]
methods.2.outcome.report.source_map.segments.3.origin.derived.1.method.owner.class_bytes.digest = "2deb547529e72a8b6b4c4685c72478fce627fa26bf2d80f3142084057fde8484"
methods.2.outcome.report.source_map.segments.3.origin.derived.1.method.owner.class_bytes.length = 499
methods.2.outcome.report.source_map.segments.3.origin.derived.1.method.owner.location.entry.ordinal = 2
methods.2.outcome.report.source_map.segments.3.origin.derived.1.method.owner.location.entry.origin.root_container = "root"
methods.2.outcome.report.source_map.segments.3.origin.derived.1.method.owner.location.entry.origin.snapshot = "a70b81a61bdac4fe45f49e97d4e3a1d8fbb032918e0a6ac0b5d8fb8cda619f1d"
methods.2.outcome.report.source_map.segments.3.origin.derived.1.method.owner.location.entry.origin.steps = []
methods.2.outcome.report.source_map.segments.3.origin.derived.1.method.owner.location.entry.raw_name = [99,102,48,50,47,80,114,101,100,105,99,97,116,101,115,46,99,108,97,115,115]
methods.2.outcome.report.source_map.segments.3.origin.derived.1.method.owner.location.kind = "archive_entry"
methods.2.outcome.report.source_map.segments.3.origin.derived.1.method.owner.variant.kind = "base"
methods.2.outcome.report.source_map.segments.3.origin.derived.1.provenance = "Derived"
methods.2.outcome.report.source_map.segments.3.origin.derived.2.bci = 7
methods.2.outcome.report.source_map.segments.3.origin.derived.2.cp = null
methods.2.outcome.report.source_map.segments.3.origin.derived.2.method.descriptor = [40,70,68,41,90]
methods.2.outcome.report.source_map.segments.3.origin.derived.2.method.name = [109,105,120,101,100]
methods.2.outcome.report.source_map.segments.3.origin.derived.2.method.owner.class_bytes.digest = "2deb547529e72a8b6b4c4685c72478fce627fa26bf2d80f3142084057fde8484"
methods.2.outcome.report.source_map.segments.3.origin.derived.2.method.owner.class_bytes.length = 499
methods.2.outcome.report.source_map.segments.3.origin.derived.2.method.owner.location.entry.ordinal = 2
methods.2.outcome.report.source_map.segments.3.origin.derived.2.method.owner.location.entry.origin.root_container = "root"
methods.2.outcome.report.source_map.segments.3.origin.derived.2.method.owner.location.entry.origin.snapshot = "a70b81a61bdac4fe45f49e97d4e3a1d8fbb032918e0a6ac0b5d8fb8cda619f1d"
methods.2.outcome.report.source_map.segments.3.origin.derived.2.method.owner.location.entry.origin.steps = []
methods.2.outcome.report.source_map.segments.3.origin.derived.2.method.owner.location.entry.raw_name = [99,102,48,50,47,80,114,101,100,105,99,97,116,101,115,46,99,108,97,115,115]
methods.2.outcome.report.source_map.segments.3.origin.derived.2.method.owner.location.kind = "archive_entry"
methods.2.outcome.report.source_map.segments.3.origin.derived.2.method.owner.variant.kind = "base"
methods.2.outcome.report.source_map.segments.3.origin.derived.2.provenance = "Derived"
methods.2.outcome.report.source_map.segments.3.origin.derived.3.bci = 11
methods.2.outcome.report.source_map.segments.3.origin.derived.3.cp = null
methods.2.outcome.report.source_map.segments.3.origin.derived.3.method.descriptor = [40,70,68,41,90]
methods.2.outcome.report.source_map.segments.3.origin.derived.3.method.name = [109,105,120,101,100]
methods.2.outcome.report.source_map.segments.3.origin.derived.3.method.owner.class_bytes.digest = "2deb547529e72a8b6b4c4685c72478fce627fa26bf2d80f3142084057fde8484"
methods.2.outcome.report.source_map.segments.3.origin.derived.3.method.owner.class_bytes.length = 499
methods.2.outcome.report.source_map.segments.3.origin.derived.3.method.owner.location.entry.ordinal = 2
methods.2.outcome.report.source_map.segments.3.origin.derived.3.method.owner.location.entry.origin.root_container = "root"
methods.2.outcome.report.source_map.segments.3.origin.derived.3.method.owner.location.entry.origin.snapshot = "a70b81a61bdac4fe45f49e97d4e3a1d8fbb032918e0a6ac0b5d8fb8cda619f1d"
methods.2.outcome.report.source_map.segments.3.origin.derived.3.method.owner.location.entry.origin.steps = []
methods.2.outcome.report.source_map.segments.3.origin.derived.3.method.owner.location.entry.raw_name = [99,102,48,50,47,80,114,101,100,105,99,97,116,101,115,46,99,108,97,115,115]
methods.2.outcome.report.source_map.segments.3.origin.derived.3.method.owner.location.kind = "archive_entry"
methods.2.outcome.report.source_map.segments.3.origin.derived.3.method.owner.variant.kind = "base"
methods.2.outcome.report.source_map.segments.3.origin.derived.3.provenance = "Derived"
methods.2.outcome.report.source_map.segments.3.origin.derived.4.bci = 8
methods.2.outcome.report.source_map.segments.3.origin.derived.4.cp = null
methods.2.outcome.report.source_map.segments.3.origin.derived.4.method.descriptor = [40,70,68,41,90]
methods.2.outcome.report.source_map.segments.3.origin.derived.4.method.name = [109,105,120,101,100]
methods.2.outcome.report.source_map.segments.3.origin.derived.4.method.owner.class_bytes.digest = "2deb547529e72a8b6b4c4685c72478fce627fa26bf2d80f3142084057fde8484"
methods.2.outcome.report.source_map.segments.3.origin.derived.4.method.owner.class_bytes.length = 499
methods.2.outcome.report.source_map.segments.3.origin.derived.4.method.owner.location.entry.ordinal = 2
methods.2.outcome.report.source_map.segments.3.origin.derived.4.method.owner.location.entry.origin.root_container = "root"
methods.2.outcome.report.source_map.segments.3.origin.derived.4.method.owner.location.entry.origin.snapshot = "a70b81a61bdac4fe45f49e97d4e3a1d8fbb032918e0a6ac0b5d8fb8cda619f1d"
methods.2.outcome.report.source_map.segments.3.origin.derived.4.method.owner.location.entry.origin.steps = []
methods.2.outcome.report.source_map.segments.3.origin.derived.4.method.owner.location.entry.raw_name = [99,102,48,50,47,80,114,101,100,105,99,97,116,101,115,46,99,108,97,115,115]
methods.2.outcome.report.source_map.segments.3.origin.derived.4.method.owner.location.kind = "archive_entry"
methods.2.outcome.report.source_map.segments.3.origin.derived.4.method.owner.variant.kind = "base"
methods.2.outcome.report.source_map.segments.3.origin.derived.4.provenance = "Derived"
methods.2.outcome.report.source_map.segments.3.origin.primary.bci = 12
methods.2.outcome.report.source_map.segments.3.origin.primary.cp = null
methods.2.outcome.report.source_map.segments.3.origin.primary.method.descriptor = [40,70,68,41,90]
methods.2.outcome.report.source_map.segments.3.origin.primary.method.name = [109,105,120,101,100]
methods.2.outcome.report.source_map.segments.3.origin.primary.method.owner.class_bytes.digest = "2deb547529e72a8b6b4c4685c72478fce627fa26bf2d80f3142084057fde8484"
methods.2.outcome.report.source_map.segments.3.origin.primary.method.owner.class_bytes.length = 499
methods.2.outcome.report.source_map.segments.3.origin.primary.method.owner.location.entry.ordinal = 2
methods.2.outcome.report.source_map.segments.3.origin.primary.method.owner.location.entry.origin.root_container = "root"
methods.2.outcome.report.source_map.segments.3.origin.primary.method.owner.location.entry.origin.snapshot = "a70b81a61bdac4fe45f49e97d4e3a1d8fbb032918e0a6ac0b5d8fb8cda619f1d"
methods.2.outcome.report.source_map.segments.3.origin.primary.method.owner.location.entry.origin.steps = []
methods.2.outcome.report.source_map.segments.3.origin.primary.method.owner.location.entry.raw_name = [99,102,48,50,47,80,114,101,100,105,99,97,116,101,115,46,99,108,97,115,115]
methods.2.outcome.report.source_map.segments.3.origin.primary.method.owner.location.kind = "archive_entry"
methods.2.outcome.report.source_map.segments.3.origin.primary.method.owner.variant.kind = "base"
methods.2.outcome.report.source_map.segments.3.origin.primary.provenance = "Direct"
methods.2.outcome.report.source_map.segments.3.start = 179
methods.2.outcome.report.source_map.segments.4.end = 201
methods.2.outcome.report.source_map.segments.4.origin.derived = []
methods.2.outcome.report.source_map.segments.4.origin.primary.bci = 12
methods.2.outcome.report.source_map.segments.4.origin.primary.cp = null
methods.2.outcome.report.source_map.segments.4.origin.primary.method.descriptor = [40,70,68,41,90]
methods.2.outcome.report.source_map.segments.4.origin.primary.method.name = [109,105,120,101,100]
methods.2.outcome.report.source_map.segments.4.origin.primary.method.owner.class_bytes.digest = "2deb547529e72a8b6b4c4685c72478fce627fa26bf2d80f3142084057fde8484"
methods.2.outcome.report.source_map.segments.4.origin.primary.method.owner.class_bytes.length = 499
methods.2.outcome.report.source_map.segments.4.origin.primary.method.owner.location.entry.ordinal = 2
methods.2.outcome.report.source_map.segments.4.origin.primary.method.owner.location.entry.origin.root_container = "root"
methods.2.outcome.report.source_map.segments.4.origin.primary.method.owner.location.entry.origin.snapshot = "a70b81a61bdac4fe45f49e97d4e3a1d8fbb032918e0a6ac0b5d8fb8cda619f1d"
methods.2.outcome.report.source_map.segments.4.origin.primary.method.owner.location.entry.origin.steps = []
methods.2.outcome.report.source_map.segments.4.origin.primary.method.owner.location.entry.raw_name = [99,102,48,50,47,80,114,101,100,105,99,97,116,101,115,46,99,108,97,115,115]
methods.2.outcome.report.source_map.segments.4.origin.primary.method.owner.location.kind = "archive_entry"
methods.2.outcome.report.source_map.segments.4.origin.primary.method.owner.variant.kind = "base"
methods.2.outcome.report.source_map.segments.4.origin.primary.provenance = "Direct"
methods.2.outcome.report.source_map.segments.4.start = 168
methods.2.outcome.report.syntax_status = "unchecked"
methods.2.outcome.report.text = "// @method mixed(FD)Z\n// @declaration an instance method of `cf02.Predicates`, member flags 0x0001\n// recovered from bytecode; presentation is not claimed to compile\n{\n    return (double) arg1 < arg2;\n}\n"
methods.2.outcome.report.verification = "not_performed"
methods.2.parameter_annotations.attributes = []
methods.2.parameter_annotations.refusals = []
methods.2.parameter_annotations.uses_by_position = [[],[]]
methods.2.text = "    public boolean mixed(float arg1, double arg2) {\n        // @method mixed(FD)Z\n        // @declaration an instance method of `cf02.Predicates`, member flags 0x0001\n        // recovered from bytecode; presentation is not claimed to compile\n        return (double) arg1 < arg2;\n    }\n"
methods.2.type_annotations.attributes = []
methods.2.type_annotations.field_uses = []
methods.2.type_annotations.parameter_uses = [[],[]]
methods.2.type_annotations.refusals = []
methods.2.type_annotations.return_uses = []
methods.3.annotations.attributes = []
methods.3.annotations.refusals = []
methods.3.annotations.uses = []
methods.3.declaration = "public boolean inBounds(int[] arg1, int arg2)"
methods.3.item.access_flags = 1
methods.3.item.body.content_span.length = 39
methods.3.item.body.content_span.start = 390
methods.3.item.body.kind = "code_attribute"
methods.3.item.descriptor.escaped = "([II)Z"
methods.3.item.descriptor.raw = [40,91,73,73,41,90]
methods.3.item.descriptor.utf16 = [40,91,73,73,41,90]
methods.3.item.identity.descriptor = [40,91,73,73,41,90]
methods.3.item.identity.name = [105,110,66,111,117,110,100,115]
methods.3.item.identity.owner.class_bytes.digest = "2deb547529e72a8b6b4c4685c72478fce627fa26bf2d80f3142084057fde8484"
methods.3.item.identity.owner.class_bytes.length = 499
methods.3.item.identity.owner.location.entry.ordinal = 2
methods.3.item.identity.owner.location.entry.origin.root_container = "root"
methods.3.item.identity.owner.location.entry.origin.snapshot = "a70b81a61bdac4fe45f49e97d4e3a1d8fbb032918e0a6ac0b5d8fb8cda619f1d"
methods.3.item.identity.owner.location.entry.origin.steps = []
methods.3.item.identity.owner.location.entry.raw_name = [99,102,48,50,47,80,114,101,100,105,99,97,116,101,115,46,99,108,97,115,115]
methods.3.item.identity.owner.location.kind = "archive_entry"
methods.3.item.identity.owner.variant.kind = "base"
methods.3.item.index = 3
methods.3.item.name.escaped = "inBounds"
methods.3.item.name.raw = [105,110,66,111,117,110,100,115]
methods.3.item.name.utf16 = [105,110,66,111,117,110,100,115]
methods.3.markers = []
methods.3.no_body_kind = null
methods.3.outcome.analysis.diagnostics = 0
methods.3.outcome.analysis.execution.status = "complete"
methods.3.outcome.analysis.execution.usage.analysis_steps = 525
methods.3.outcome.analysis.execution.usage.archive_entries = 9
methods.3.outcome.analysis.execution.usage.attribute_bytes = 573
methods.3.outcome.analysis.execution.usage.class_bytes = 998
methods.3.outcome.analysis.execution.usage.class_headers = 1
methods.3.outcome.analysis.execution.usage.code_bytes = 46
methods.3.outcome.analysis.execution.usage.dependency_depth = 0
methods.3.outcome.analysis.execution.usage.elapsed_millis = 38
methods.3.outcome.analysis.execution.usage.entry_bytes = 499
methods.3.outcome.analysis.execution.usage.input_bytes = 800
methods.3.outcome.analysis.execution.usage.ir_edges = 106
methods.3.outcome.analysis.execution.usage.ir_items = 1184
methods.3.outcome.analysis.execution.usage.method_bodies = 4
methods.3.outcome.analysis.execution.usage.nested_depth = 0
methods.3.outcome.analysis.execution.usage.normalization_clones = 0
methods.3.outcome.analysis.execution.usage.output_bytes = 588
methods.3.outcome.analysis.execution.usage.read_bytes = 343
methods.3.outcome.analysis.execution.usage.result_items = 20
methods.3.outcome.kind = "recovered"
methods.3.outcome.report.accessors = []
methods.3.outcome.report.aliased_names = []
methods.3.outcome.report.artifact.agreement.state = "not_stated"
methods.3.outcome.report.artifact.binding.engine = "0.1.0"
methods.3.outcome.report.artifact.binding.environment.content = ["a70b81a61bdac4fe45f49e97d4e3a1d8fbb032918e0a6ac0b5d8fb8cda619f1d"]
methods.3.outcome.report.artifact.binding.environment.domain_loaders = ["app"]
methods.3.outcome.report.artifact.binding.environment.providers = []
methods.3.outcome.report.artifact.binding.environment.runtime.load_domain.delegation.kind = "parent_first"
methods.3.outcome.report.artifact.binding.environment.runtime.load_domain.external_override = "none"
methods.3.outcome.report.artifact.binding.environment.runtime.load_domain.loader = "app"
methods.3.outcome.report.artifact.binding.environment.runtime.load_domain.module_mode.kind = "class_path"
methods.3.outcome.report.artifact.binding.environment.runtime.load_domain.parent_loader = null
methods.3.outcome.report.artifact.binding.environment.runtime.load_domain.roots.0.kind = "container"
methods.3.outcome.report.artifact.binding.environment.runtime.load_domain.roots.0.origin.root_container = "root"
methods.3.outcome.report.artifact.binding.environment.runtime.load_domain.roots.0.origin.snapshot = "a70b81a61bdac4fe45f49e97d4e3a1d8fbb032918e0a6ac0b5d8fb8cda619f1d"
methods.3.outcome.report.artifact.binding.environment.runtime.load_domain.roots.0.origin.steps = []
methods.3.outcome.report.artifact.binding.environment.runtime.load_domain.roots.0.prefix = []
methods.3.outcome.report.artifact.binding.environment.runtime.load_domain.runtime_transformation = "none"
methods.3.outcome.report.artifact.binding.environment.runtime.physical.scope.kind = "snapshot_all"
methods.3.outcome.report.artifact.binding.environment.runtime.physical.snapshot = "a70b81a61bdac4fe45f49e97d4e3a1d8fbb032918e0a6ac0b5d8fb8cda619f1d"
methods.3.outcome.report.artifact.binding.environment.runtime.profile.java_release = 8
methods.3.outcome.report.artifact.binding.environment.runtime.profile.layout.kind = "generic"
methods.3.outcome.report.artifact.binding.environment.runtime.profile.multi_release.kind = "disabled"
methods.3.outcome.report.artifact.binding.member_ordinal = 3
methods.3.outcome.report.artifact.binding.method.descriptor = [40,91,73,73,41,90]
methods.3.outcome.report.artifact.binding.method.name = [105,110,66,111,117,110,100,115]
methods.3.outcome.report.artifact.binding.method.owner.class_bytes.digest = "2deb547529e72a8b6b4c4685c72478fce627fa26bf2d80f3142084057fde8484"
methods.3.outcome.report.artifact.binding.method.owner.class_bytes.length = 499
methods.3.outcome.report.artifact.binding.method.owner.location.entry.ordinal = 2
methods.3.outcome.report.artifact.binding.method.owner.location.entry.origin.root_container = "root"
methods.3.outcome.report.artifact.binding.method.owner.location.entry.origin.snapshot = "a70b81a61bdac4fe45f49e97d4e3a1d8fbb032918e0a6ac0b5d8fb8cda619f1d"
methods.3.outcome.report.artifact.binding.method.owner.location.entry.origin.steps = []
methods.3.outcome.report.artifact.binding.method.owner.location.entry.raw_name = [99,102,48,50,47,80,114,101,100,105,99,97,116,101,115,46,99,108,97,115,115]
methods.3.outcome.report.artifact.binding.method.owner.location.kind = "archive_entry"
methods.3.outcome.report.artifact.binding.method.owner.variant.kind = "base"
methods.3.outcome.report.artifact.binding.profile.java_release = 8
methods.3.outcome.report.artifact.binding.profile.layout.kind = "generic"
methods.3.outcome.report.artifact.binding.profile.multi_release.kind = "disabled"
methods.3.outcome.report.artifact.binding.registry = 71
methods.3.outcome.report.artifact.binding.rules = ["straight@1","if@1","loop@1","switch@1","lambda@1","concat@1","bridge@1","accessor@1","new@1","field@1","enumswitch@1","init@1","declaration@1","twr@1","monitor@1","finally@1"]
methods.3.outcome.report.artifact.binding.schema = 1
methods.3.outcome.report.artifact.binding.text_bytes = 218
methods.3.outcome.report.artifact.binding.text_digest = "68dd75a5ace7d9892f029da775c34ba7"
methods.3.outcome.report.bridges = []
methods.3.outcome.report.compile_status = "not_attempted"
methods.3.outcome.report.concats = []
methods.3.outcome.report.content = "contains_statements"
methods.3.outcome.report.declaration = null
methods.3.outcome.report.diagnostics.0.code = "jre_recovery_produced"
methods.3.outcome.report.diagnostics.0.message = "1 region(s), 1 statement(s), 9 segment(s), 218 byte(s) written from 5 canonical block(s)"
methods.3.outcome.report.diagnostics.0.provenance = null
methods.3.outcome.report.diagnostics.0.severity = "info"
methods.3.outcome.report.diagnostics.1.code = "jre_declaration"
methods.3.outcome.report.diagnostics.1.message = "the artifact's envelope states the member's declaration under declaration@1: an instance method"
methods.3.outcome.report.diagnostics.1.provenance = null
methods.3.outcome.report.diagnostics.1.severity = "info"
methods.3.outcome.report.enum_switches = []
methods.3.outcome.report.evidence.categories.0.kind = "source_map"
methods.3.outcome.report.evidence.categories.0.state.state = "complete"
methods.3.outcome.report.evidence.categories.1.kind = "region_details"
methods.3.outcome.report.evidence.categories.1.state.state = "not_requested"
methods.3.outcome.report.evidence.categories.2.kind = "rule_details"
methods.3.outcome.report.evidence.categories.2.state.state = "not_requested"
methods.3.outcome.report.evidence.categories.3.kind = "name_details"
methods.3.outcome.report.evidence.categories.3.state.state = "not_requested"
methods.3.outcome.report.evidence.categories.4.kind = "read_details"
methods.3.outcome.report.evidence.categories.4.state.state = "not_requested"
methods.3.outcome.report.evidence.requested.driver_bci_range = null
methods.3.outcome.report.evidence.requested.expected_artifact = null
methods.3.outcome.report.evidence.requested.kinds = ["source_map"]
methods.3.outcome.report.execution.status = "complete"
methods.3.outcome.report.execution.usage.analysis_steps = 790
methods.3.outcome.report.execution.usage.archive_entries = 9
methods.3.outcome.report.execution.usage.attribute_bytes = 573
methods.3.outcome.report.execution.usage.class_bytes = 998
methods.3.outcome.report.execution.usage.class_headers = 1
methods.3.outcome.report.execution.usage.code_bytes = 46
methods.3.outcome.report.execution.usage.dependency_depth = 0
methods.3.outcome.report.execution.usage.elapsed_millis = 38
methods.3.outcome.report.execution.usage.entry_bytes = 499
methods.3.outcome.report.execution.usage.input_bytes = 800
methods.3.outcome.report.execution.usage.ir_edges = 112
methods.3.outcome.report.execution.usage.ir_items = 1263
methods.3.outcome.report.execution.usage.method_bodies = 4
methods.3.outcome.report.execution.usage.nested_depth = 0
methods.3.outcome.report.execution.usage.normalization_clones = 0
methods.3.outcome.report.execution.usage.output_bytes = 806
methods.3.outcome.report.execution.usage.read_bytes = 343
methods.3.outcome.report.execution.usage.result_items = 20
methods.3.outcome.report.fallbacks = []
methods.3.outcome.report.fields = []
methods.3.outcome.report.init = null
methods.3.outcome.report.lambdas = []
methods.3.outcome.report.method = "inBounds([II)Z"
methods.3.outcome.report.news = []
methods.3.outcome.report.outcome = "produced"
methods.3.outcome.report.profile.java_release = 8
methods.3.outcome.report.profile.layout.kind = "generic"
methods.3.outcome.report.profile.multi_release.kind = "disabled"
methods.3.outcome.report.quality = "structured"
methods.3.outcome.report.regions = []
methods.3.outcome.report.representation = "java"
methods.3.outcome.report.rules = []
methods.3.outcome.report.semantic_validation = "unproven"
methods.3.outcome.report.source_map.segments.0.end = 187
methods.3.outcome.report.source_map.segments.0.origin.derived = []
methods.3.outcome.report.source_map.segments.0.origin.primary.bci = 0
methods.3.outcome.report.source_map.segments.0.origin.primary.cp = null
methods.3.outcome.report.source_map.segments.0.origin.primary.method.descriptor = [40,91,73,73,41,90]
methods.3.outcome.report.source_map.segments.0.origin.primary.method.name = [105,110,66,111,117,110,100,115]
methods.3.outcome.report.source_map.segments.0.origin.primary.method.owner.class_bytes.digest = "2deb547529e72a8b6b4c4685c72478fce627fa26bf2d80f3142084057fde8484"
methods.3.outcome.report.source_map.segments.0.origin.primary.method.owner.class_bytes.length = 499
methods.3.outcome.report.source_map.segments.0.origin.primary.method.owner.location.entry.ordinal = 2
methods.3.outcome.report.source_map.segments.0.origin.primary.method.owner.location.entry.origin.root_container = "root"
methods.3.outcome.report.source_map.segments.0.origin.primary.method.owner.location.entry.origin.snapshot = "a70b81a61bdac4fe45f49e97d4e3a1d8fbb032918e0a6ac0b5d8fb8cda619f1d"
methods.3.outcome.report.source_map.segments.0.origin.primary.method.owner.location.entry.origin.steps = []
methods.3.outcome.report.source_map.segments.0.origin.primary.method.owner.location.entry.raw_name = [99,102,48,50,47,80,114,101,100,105,99,97,116,101,115,46,99,108,97,115,115]
methods.3.outcome.report.source_map.segments.0.origin.primary.method.owner.location.kind = "archive_entry"
methods.3.outcome.report.source_map.segments.0.origin.primary.method.owner.variant.kind = "base"
methods.3.outcome.report.source_map.segments.0.origin.primary.provenance = "Direct"
methods.3.outcome.report.source_map.segments.0.start = 183
methods.3.outcome.report.source_map.segments.1.end = 192
methods.3.outcome.report.source_map.segments.1.origin.derived = []
methods.3.outcome.report.source_map.segments.1.origin.primary.bci = 1
methods.3.outcome.report.source_map.segments.1.origin.primary.cp = null
methods.3.outcome.report.source_map.segments.1.origin.primary.method.descriptor = [40,91,73,73,41,90]
methods.3.outcome.report.source_map.segments.1.origin.primary.method.name = [105,110,66,111,117,110,100,115]
methods.3.outcome.report.source_map.segments.1.origin.primary.method.owner.class_bytes.digest = "2deb547529e72a8b6b4c4685c72478fce627fa26bf2d80f3142084057fde8484"
methods.3.outcome.report.source_map.segments.1.origin.primary.method.owner.class_bytes.length = 499
methods.3.outcome.report.source_map.segments.1.origin.primary.method.owner.location.entry.ordinal = 2
methods.3.outcome.report.source_map.segments.1.origin.primary.method.owner.location.entry.origin.root_container = "root"
methods.3.outcome.report.source_map.segments.1.origin.primary.method.owner.location.entry.origin.snapshot = "a70b81a61bdac4fe45f49e97d4e3a1d8fbb032918e0a6ac0b5d8fb8cda619f1d"
methods.3.outcome.report.source_map.segments.1.origin.primary.method.owner.location.entry.origin.steps = []
methods.3.outcome.report.source_map.segments.1.origin.primary.method.owner.location.entry.raw_name = [99,102,48,50,47,80,114,101,100,105,99,97,116,101,115,46,99,108,97,115,115]
methods.3.outcome.report.source_map.segments.1.origin.primary.method.owner.location.kind = "archive_entry"
methods.3.outcome.report.source_map.segments.1.origin.primary.method.owner.variant.kind = "base"
methods.3.outcome.report.source_map.segments.1.origin.primary.provenance = "Direct"
methods.3.outcome.report.source_map.segments.1.start = 191
methods.3.outcome.report.source_map.segments.2.end = 192
methods.3.outcome.report.source_map.segments.2.origin.derived.0.bci = 1
methods.3.outcome.report.source_map.segments.2.origin.derived.0.cp = null
methods.3.outcome.report.source_map.segments.2.origin.derived.0.method.descriptor = [40,91,73,73,41,90]
methods.3.outcome.report.source_map.segments.2.origin.derived.0.method.name = [105,110,66,111,117,110,100,115]
methods.3.outcome.report.source_map.segments.2.origin.derived.0.method.owner.class_bytes.digest = "2deb547529e72a8b6b4c4685c72478fce627fa26bf2d80f3142084057fde8484"
methods.3.outcome.report.source_map.segments.2.origin.derived.0.method.owner.class_bytes.length = 499
methods.3.outcome.report.source_map.segments.2.origin.derived.0.method.owner.location.entry.ordinal = 2
methods.3.outcome.report.source_map.segments.2.origin.derived.0.method.owner.location.entry.origin.root_container = "root"
methods.3.outcome.report.source_map.segments.2.origin.derived.0.method.owner.location.entry.origin.snapshot = "a70b81a61bdac4fe45f49e97d4e3a1d8fbb032918e0a6ac0b5d8fb8cda619f1d"
methods.3.outcome.report.source_map.segments.2.origin.derived.0.method.owner.location.entry.origin.steps = []
methods.3.outcome.report.source_map.segments.2.origin.derived.0.method.owner.location.entry.raw_name = [99,102,48,50,47,80,114,101,100,105,99,97,116,101,115,46,99,108,97,115,115]
methods.3.outcome.report.source_map.segments.2.origin.derived.0.method.owner.location.kind = "archive_entry"
methods.3.outcome.report.source_map.segments.2.origin.derived.0.method.owner.variant.kind = "base"
methods.3.outcome.report.source_map.segments.2.origin.derived.0.provenance = "Derived"
methods.3.outcome.report.source_map.segments.2.origin.primary.bci = 0
methods.3.outcome.report.source_map.segments.2.origin.primary.cp = null
methods.3.outcome.report.source_map.segments.2.origin.primary.method.descriptor = [40,91,73,73,41,90]
methods.3.outcome.report.source_map.segments.2.origin.primary.method.name = [105,110,66,111,117,110,100,115]
methods.3.outcome.report.source_map.segments.2.origin.primary.method.owner.class_bytes.digest = "2deb547529e72a8b6b4c4685c72478fce627fa26bf2d80f3142084057fde8484"
methods.3.outcome.report.source_map.segments.2.origin.primary.method.owner.class_bytes.length = 499
methods.3.outcome.report.source_map.segments.2.origin.primary.method.owner.location.entry.ordinal = 2
methods.3.outcome.report.source_map.segments.2.origin.primary.method.owner.location.entry.origin.root_container = "root"
methods.3.outcome.report.source_map.segments.2.origin.primary.method.owner.location.entry.origin.snapshot = "a70b81a61bdac4fe45f49e97d4e3a1d8fbb032918e0a6ac0b5d8fb8cda619f1d"
methods.3.outcome.report.source_map.segments.2.origin.primary.method.owner.location.entry.origin.steps = []
methods.3.outcome.report.source_map.segments.2.origin.primary.method.owner.location.entry.raw_name = [99,102,48,50,47,80,114,101,100,105,99,97,116,101,115,46,99,108,97,115,115]
methods.3.outcome.report.source_map.segments.2.origin.primary.method.owner.location.kind = "archive_entry"
methods.3.outcome.report.source_map.segments.2.origin.primary.method.owner.variant.kind = "base"
methods.3.outcome.report.source_map.segments.2.origin.primary.provenance = "Direct"
methods.3.outcome.report.source_map.segments.2.start = 183
methods.3.outcome.report.source_map.segments.3.end = 200
methods.3.outcome.report.source_map.segments.3.origin.derived = []
methods.3.outcome.report.source_map.segments.3.origin.primary.bci = 4
methods.3.outcome.report.source_map.segments.3.origin.primary.cp = null
methods.3.outcome.report.source_map.segments.3.origin.primary.method.descriptor = [40,91,73,73,41,90]
methods.3.outcome.report.source_map.segments.3.origin.primary.method.name = [105,110,66,111,117,110,100,115]
methods.3.outcome.report.source_map.segments.3.origin.primary.method.owner.class_bytes.digest = "2deb547529e72a8b6b4c4685c72478fce627fa26bf2d80f3142084057fde8484"
methods.3.outcome.report.source_map.segments.3.origin.primary.method.owner.class_bytes.length = 499
methods.3.outcome.report.source_map.segments.3.origin.primary.method.owner.location.entry.ordinal = 2
methods.3.outcome.report.source_map.segments.3.origin.primary.method.owner.location.entry.origin.root_container = "root"
methods.3.outcome.report.source_map.segments.3.origin.primary.method.owner.location.entry.origin.snapshot = "a70b81a61bdac4fe45f49e97d4e3a1d8fbb032918e0a6ac0b5d8fb8cda619f1d"
methods.3.outcome.report.source_map.segments.3.origin.primary.method.owner.location.entry.origin.steps = []
methods.3.outcome.report.source_map.segments.3.origin.primary.method.owner.location.entry.raw_name = [99,102,48,50,47,80,114,101,100,105,99,97,116,101,115,46,99,108,97,115,115]
methods.3.outcome.report.source_map.segments.3.origin.primary.method.owner.location.kind = "archive_entry"
methods.3.outcome.report.source_map.segments.3.origin.primary.method.owner.variant.kind = "base"
methods.3.outcome.report.source_map.segments.3.origin.primary.provenance = "Direct"
methods.3.outcome.report.source_map.segments.3.start = 196
methods.3.outcome.report.source_map.segments.4.end = 207
methods.3.outcome.report.source_map.segments.4.origin.derived = []
methods.3.outcome.report.source_map.segments.4.origin.primary.bci = 5
methods.3.outcome.report.source_map.segments.4.origin.primary.cp = null
methods.3.outcome.report.source_map.segments.4.origin.primary.method.descriptor = [40,91,73,73,41,90]
methods.3.outcome.report.source_map.segments.4.origin.primary.method.name = [105,110,66,111,117,110,100,115]
methods.3.outcome.report.source_map.segments.4.origin.primary.method.owner.class_bytes.digest = "2deb547529e72a8b6b4c4685c72478fce627fa26bf2d80f3142084057fde8484"
methods.3.outcome.report.source_map.segments.4.origin.primary.method.owner.class_bytes.length = 499
methods.3.outcome.report.source_map.segments.4.origin.primary.method.owner.location.entry.ordinal = 2
methods.3.outcome.report.source_map.segments.4.origin.primary.method.owner.location.entry.origin.root_container = "root"
methods.3.outcome.report.source_map.segments.4.origin.primary.method.owner.location.entry.origin.snapshot = "a70b81a61bdac4fe45f49e97d4e3a1d8fbb032918e0a6ac0b5d8fb8cda619f1d"
methods.3.outcome.report.source_map.segments.4.origin.primary.method.owner.location.entry.origin.steps = []
methods.3.outcome.report.source_map.segments.4.origin.primary.method.owner.location.entry.raw_name = [99,102,48,50,47,80,114,101,100,105,99,97,116,101,115,46,99,108,97,115,115]
methods.3.outcome.report.source_map.segments.4.origin.primary.method.owner.location.kind = "archive_entry"
methods.3.outcome.report.source_map.segments.4.origin.primary.method.owner.variant.kind = "base"
methods.3.outcome.report.source_map.segments.4.origin.primary.provenance = "Direct"
methods.3.outcome.report.source_map.segments.4.start = 203
methods.3.outcome.report.source_map.segments.5.end = 214
methods.3.outcome.report.source_map.segments.5.origin.derived = []
methods.3.outcome.report.source_map.segments.5.origin.primary.bci = 6
methods.3.outcome.report.source_map.segments.5.origin.primary.cp = null
methods.3.outcome.report.source_map.segments.5.origin.primary.method.descriptor = [40,91,73,73,41,90]
methods.3.outcome.report.source_map.segments.5.origin.primary.method.name = [105,110,66,111,117,110,100,115]
methods.3.outcome.report.source_map.segments.5.origin.primary.method.owner.class_bytes.digest = "2deb547529e72a8b6b4c4685c72478fce627fa26bf2d80f3142084057fde8484"
methods.3.outcome.report.source_map.segments.5.origin.primary.method.owner.class_bytes.length = 499
methods.3.outcome.report.source_map.segments.5.origin.primary.method.owner.location.entry.ordinal = 2
methods.3.outcome.report.source_map.segments.5.origin.primary.method.owner.location.entry.origin.root_container = "root"
methods.3.outcome.report.source_map.segments.5.origin.primary.method.owner.location.entry.origin.snapshot = "a70b81a61bdac4fe45f49e97d4e3a1d8fbb032918e0a6ac0b5d8fb8cda619f1d"
methods.3.outcome.report.source_map.segments.5.origin.primary.method.owner.location.entry.origin.steps = []
methods.3.outcome.report.source_map.segments.5.origin.primary.method.owner.location.entry.raw_name = [99,102,48,50,47,80,114,101,100,105,99,97,116,101,115,46,99,108,97,115,115]
methods.3.outcome.report.source_map.segments.5.origin.primary.method.owner.location.kind = "archive_entry"
methods.3.outcome.report.source_map.segments.5.origin.primary.method.owner.variant.kind = "base"
methods.3.outcome.report.source_map.segments.5.origin.primary.provenance = "Direct"
methods.3.outcome.report.source_map.segments.5.start = 203
methods.3.outcome.report.source_map.segments.6.end = 214
methods.3.outcome.report.source_map.segments.6.origin.derived.0.bci = 4
methods.3.outcome.report.source_map.segments.6.origin.derived.0.cp = null
methods.3.outcome.report.source_map.segments.6.origin.derived.0.method.descriptor = [40,91,73,73,41,90]
methods.3.outcome.report.source_map.segments.6.origin.derived.0.method.name = [105,110,66,111,117,110,100,115]
methods.3.outcome.report.source_map.segments.6.origin.derived.0.method.owner.class_bytes.digest = "2deb547529e72a8b6b4c4685c72478fce627fa26bf2d80f3142084057fde8484"
methods.3.outcome.report.source_map.segments.6.origin.derived.0.method.owner.class_bytes.length = 499
methods.3.outcome.report.source_map.segments.6.origin.derived.0.method.owner.location.entry.ordinal = 2
methods.3.outcome.report.source_map.segments.6.origin.derived.0.method.owner.location.entry.origin.root_container = "root"
methods.3.outcome.report.source_map.segments.6.origin.derived.0.method.owner.location.entry.origin.snapshot = "a70b81a61bdac4fe45f49e97d4e3a1d8fbb032918e0a6ac0b5d8fb8cda619f1d"
methods.3.outcome.report.source_map.segments.6.origin.derived.0.method.owner.location.entry.origin.steps = []
methods.3.outcome.report.source_map.segments.6.origin.derived.0.method.owner.location.entry.raw_name = [99,102,48,50,47,80,114,101,100,105,99,97,116,101,115,46,99,108,97,115,115]
methods.3.outcome.report.source_map.segments.6.origin.derived.0.method.owner.location.kind = "archive_entry"
methods.3.outcome.report.source_map.segments.6.origin.derived.0.method.owner.variant.kind = "base"
methods.3.outcome.report.source_map.segments.6.origin.derived.0.provenance = "Direct"
methods.3.outcome.report.source_map.segments.6.origin.derived.1.bci = 7
methods.3.outcome.report.source_map.segments.6.origin.derived.1.cp = null
methods.3.outcome.report.source_map.segments.6.origin.derived.1.method.descriptor = [40,91,73,73,41,90]
methods.3.outcome.report.source_map.segments.6.origin.derived.1.method.name = [105,110,66,111,117,110,100,115]
methods.3.outcome.report.source_map.segments.6.origin.derived.1.method.owner.class_bytes.digest = "2deb547529e72a8b6b4c4685c72478fce627fa26bf2d80f3142084057fde8484"
methods.3.outcome.report.source_map.segments.6.origin.derived.1.method.owner.class_bytes.length = 499
methods.3.outcome.report.source_map.segments.6.origin.derived.1.method.owner.location.entry.ordinal = 2
methods.3.outcome.report.source_map.segments.6.origin.derived.1.method.owner.location.entry.origin.root_container = "root"
methods.3.outcome.report.source_map.segments.6.origin.derived.1.method.owner.location.entry.origin.snapshot = "a70b81a61bdac4fe45f49e97d4e3a1d8fbb032918e0a6ac0b5d8fb8cda619f1d"
methods.3.outcome.report.source_map.segments.6.origin.derived.1.method.owner.location.entry.origin.steps = []
methods.3.outcome.report.source_map.segments.6.origin.derived.1.method.owner.location.entry.raw_name = [99,102,48,50,47,80,114,101,100,105,99,97,116,101,115,46,99,108,97,115,115]
methods.3.outcome.report.source_map.segments.6.origin.derived.1.method.owner.location.kind = "archive_entry"
methods.3.outcome.report.source_map.segments.6.origin.derived.1.method.owner.variant.kind = "base"
methods.3.outcome.report.source_map.segments.6.origin.derived.1.provenance = "Derived"
methods.3.outcome.report.source_map.segments.6.origin.derived.2.bci = 10
methods.3.outcome.report.source_map.segments.6.origin.derived.2.cp = null
methods.3.outcome.report.source_map.segments.6.origin.derived.2.method.descriptor = [40,91,73,73,41,90]
methods.3.outcome.report.source_map.segments.6.origin.derived.2.method.name = [105,110,66,111,117,110,100,115]
methods.3.outcome.report.source_map.segments.6.origin.derived.2.method.owner.class_bytes.digest = "2deb547529e72a8b6b4c4685c72478fce627fa26bf2d80f3142084057fde8484"
methods.3.outcome.report.source_map.segments.6.origin.derived.2.method.owner.class_bytes.length = 499
methods.3.outcome.report.source_map.segments.6.origin.derived.2.method.owner.location.entry.ordinal = 2
methods.3.outcome.report.source_map.segments.6.origin.derived.2.method.owner.location.entry.origin.root_container = "root"
methods.3.outcome.report.source_map.segments.6.origin.derived.2.method.owner.location.entry.origin.snapshot = "a70b81a61bdac4fe45f49e97d4e3a1d8fbb032918e0a6ac0b5d8fb8cda619f1d"
methods.3.outcome.report.source_map.segments.6.origin.derived.2.method.owner.location.entry.origin.steps = []
methods.3.outcome.report.source_map.segments.6.origin.derived.2.method.owner.location.entry.raw_name = [99,102,48,50,47,80,114,101,100,105,99,97,116,101,115,46,99,108,97,115,115]
methods.3.outcome.report.source_map.segments.6.origin.derived.2.method.owner.location.kind = "archive_entry"
methods.3.outcome.report.source_map.segments.6.origin.derived.2.method.owner.variant.kind = "base"
methods.3.outcome.report.source_map.segments.6.origin.derived.2.provenance = "Direct"
methods.3.outcome.report.source_map.segments.6.origin.derived.3.bci = 14
methods.3.outcome.report.source_map.segments.6.origin.derived.3.cp = null
methods.3.outcome.report.source_map.segments.6.origin.derived.3.method.descriptor = [40,91,73,73,41,90]
methods.3.outcome.report.source_map.segments.6.origin.derived.3.method.name = [105,110,66,111,117,110,100,115]
methods.3.outcome.report.source_map.segments.6.origin.derived.3.method.owner.class_bytes.digest = "2deb547529e72a8b6b4c4685c72478fce627fa26bf2d80f3142084057fde8484"
methods.3.outcome.report.source_map.segments.6.origin.derived.3.method.owner.class_bytes.length = 499
methods.3.outcome.report.source_map.segments.6.origin.derived.3.method.owner.location.entry.ordinal = 2
methods.3.outcome.report.source_map.segments.6.origin.derived.3.method.owner.location.entry.origin.root_container = "root"
methods.3.outcome.report.source_map.segments.6.origin.derived.3.method.owner.location.entry.origin.snapshot = "a70b81a61bdac4fe45f49e97d4e3a1d8fbb032918e0a6ac0b5d8fb8cda619f1d"
methods.3.outcome.report.source_map.segments.6.origin.derived.3.method.owner.location.entry.origin.steps = []
methods.3.outcome.report.source_map.segments.6.origin.derived.3.method.owner.location.entry.raw_name = [99,102,48,50,47,80,114,101,100,105,99,97,116,101,115,46,99,108,97,115,115]
methods.3.outcome.report.source_map.segments.6.origin.derived.3.method.owner.location.kind = "archive_entry"
methods.3.outcome.report.source_map.segments.6.origin.derived.3.method.owner.variant.kind = "base"
methods.3.outcome.report.source_map.segments.6.origin.derived.3.provenance = "Direct"
methods.3.outcome.report.source_map.segments.6.origin.primary.bci = 7
methods.3.outcome.report.source_map.segments.6.origin.primary.cp = null
methods.3.outcome.report.source_map.segments.6.origin.primary.method.descriptor = [40,91,73,73,41,90]
methods.3.outcome.report.source_map.segments.6.origin.primary.method.name = [105,110,66,111,117,110,100,115]
methods.3.outcome.report.source_map.segments.6.origin.primary.method.owner.class_bytes.digest = "2deb547529e72a8b6b4c4685c72478fce627fa26bf2d80f3142084057fde8484"
methods.3.outcome.report.source_map.segments.6.origin.primary.method.owner.class_bytes.length = 499
methods.3.outcome.report.source_map.segments.6.origin.primary.method.owner.location.entry.ordinal = 2
methods.3.outcome.report.source_map.segments.6.origin.primary.method.owner.location.entry.origin.root_container = "root"
methods.3.outcome.report.source_map.segments.6.origin.primary.method.owner.location.entry.origin.snapshot = "a70b81a61bdac4fe45f49e97d4e3a1d8fbb032918e0a6ac0b5d8fb8cda619f1d"
methods.3.outcome.report.source_map.segments.6.origin.primary.method.owner.location.entry.origin.steps = []
methods.3.outcome.report.source_map.segments.6.origin.primary.method.owner.location.entry.raw_name = [99,102,48,50,47,80,114,101,100,105,99,97,116,101,115,46,99,108,97,115,115]
methods.3.outcome.report.source_map.segments.6.origin.primary.method.owner.location.kind = "archive_entry"
methods.3.outcome.report.source_map.segments.6.origin.primary.method.owner.variant.kind = "base"
methods.3.outcome.report.source_map.segments.6.origin.primary.provenance = "Direct"
methods.3.outcome.report.source_map.segments.6.start = 196
methods.3.outcome.report.source_map.segments.7.end = 214
methods.3.outcome.report.source_map.segments.7.origin.derived.0.bci = 0
methods.3.outcome.report.source_map.segments.7.origin.derived.0.cp = null
methods.3.outcome.report.source_map.segments.7.origin.derived.0.method.descriptor = [40,91,73,73,41,90]
methods.3.outcome.report.source_map.segments.7.origin.derived.0.method.name = [105,110,66,111,117,110,100,115]
methods.3.outcome.report.source_map.segments.7.origin.derived.0.method.owner.class_bytes.digest = "2deb547529e72a8b6b4c4685c72478fce627fa26bf2d80f3142084057fde8484"
methods.3.outcome.report.source_map.segments.7.origin.derived.0.method.owner.class_bytes.length = 499
methods.3.outcome.report.source_map.segments.7.origin.derived.0.method.owner.location.entry.ordinal = 2
methods.3.outcome.report.source_map.segments.7.origin.derived.0.method.owner.location.entry.origin.root_container = "root"
methods.3.outcome.report.source_map.segments.7.origin.derived.0.method.owner.location.entry.origin.snapshot = "a70b81a61bdac4fe45f49e97d4e3a1d8fbb032918e0a6ac0b5d8fb8cda619f1d"
methods.3.outcome.report.source_map.segments.7.origin.derived.0.method.owner.location.entry.origin.steps = []
methods.3.outcome.report.source_map.segments.7.origin.derived.0.method.owner.location.entry.raw_name = [99,102,48,50,47,80,114,101,100,105,99,97,116,101,115,46,99,108,97,115,115]
methods.3.outcome.report.source_map.segments.7.origin.derived.0.method.owner.location.kind = "archive_entry"
methods.3.outcome.report.source_map.segments.7.origin.derived.0.method.owner.variant.kind = "base"
methods.3.outcome.report.source_map.segments.7.origin.derived.0.provenance = "Direct"
methods.3.outcome.report.source_map.segments.7.origin.derived.1.bci = 1
methods.3.outcome.report.source_map.segments.7.origin.derived.1.cp = null
methods.3.outcome.report.source_map.segments.7.origin.derived.1.method.descriptor = [40,91,73,73,41,90]
methods.3.outcome.report.source_map.segments.7.origin.derived.1.method.name = [105,110,66,111,117,110,100,115]
methods.3.outcome.report.source_map.segments.7.origin.derived.1.method.owner.class_bytes.digest = "2deb547529e72a8b6b4c4685c72478fce627fa26bf2d80f3142084057fde8484"
methods.3.outcome.report.source_map.segments.7.origin.derived.1.method.owner.class_bytes.length = 499
methods.3.outcome.report.source_map.segments.7.origin.derived.1.method.owner.location.entry.ordinal = 2
methods.3.outcome.report.source_map.segments.7.origin.derived.1.method.owner.location.entry.origin.root_container = "root"
methods.3.outcome.report.source_map.segments.7.origin.derived.1.method.owner.location.entry.origin.snapshot = "a70b81a61bdac4fe45f49e97d4e3a1d8fbb032918e0a6ac0b5d8fb8cda619f1d"
methods.3.outcome.report.source_map.segments.7.origin.derived.1.method.owner.location.entry.origin.steps = []
methods.3.outcome.report.source_map.segments.7.origin.derived.1.method.owner.location.entry.raw_name = [99,102,48,50,47,80,114,101,100,105,99,97,116,101,115,46,99,108,97,115,115]
methods.3.outcome.report.source_map.segments.7.origin.derived.1.method.owner.location.kind = "archive_entry"
methods.3.outcome.report.source_map.segments.7.origin.derived.1.method.owner.variant.kind = "base"
methods.3.outcome.report.source_map.segments.7.origin.derived.1.provenance = "Derived"
methods.3.outcome.report.source_map.segments.7.origin.derived.2.bci = 7
methods.3.outcome.report.source_map.segments.7.origin.derived.2.cp = null
methods.3.outcome.report.source_map.segments.7.origin.derived.2.method.descriptor = [40,91,73,73,41,90]
methods.3.outcome.report.source_map.segments.7.origin.derived.2.method.name = [105,110,66,111,117,110,100,115]
methods.3.outcome.report.source_map.segments.7.origin.derived.2.method.owner.class_bytes.digest = "2deb547529e72a8b6b4c4685c72478fce627fa26bf2d80f3142084057fde8484"
methods.3.outcome.report.source_map.segments.7.origin.derived.2.method.owner.class_bytes.length = 499
methods.3.outcome.report.source_map.segments.7.origin.derived.2.method.owner.location.entry.ordinal = 2
methods.3.outcome.report.source_map.segments.7.origin.derived.2.method.owner.location.entry.origin.root_container = "root"
methods.3.outcome.report.source_map.segments.7.origin.derived.2.method.owner.location.entry.origin.snapshot = "a70b81a61bdac4fe45f49e97d4e3a1d8fbb032918e0a6ac0b5d8fb8cda619f1d"
methods.3.outcome.report.source_map.segments.7.origin.derived.2.method.owner.location.entry.origin.steps = []
methods.3.outcome.report.source_map.segments.7.origin.derived.2.method.owner.location.entry.raw_name = [99,102,48,50,47,80,114,101,100,105,99,97,116,101,115,46,99,108,97,115,115]
methods.3.outcome.report.source_map.segments.7.origin.derived.2.method.owner.location.kind = "archive_entry"
methods.3.outcome.report.source_map.segments.7.origin.derived.2.method.owner.variant.kind = "base"
methods.3.outcome.report.source_map.segments.7.origin.derived.2.provenance = "Direct"
methods.3.outcome.report.source_map.segments.7.origin.derived.3.bci = 4
methods.3.outcome.report.source_map.segments.7.origin.derived.3.cp = null
methods.3.outcome.report.source_map.segments.7.origin.derived.3.method.descriptor = [40,91,73,73,41,90]
methods.3.outcome.report.source_map.segments.7.origin.derived.3.method.name = [105,110,66,111,117,110,100,115]
methods.3.outcome.report.source_map.segments.7.origin.derived.3.method.owner.class_bytes.digest = "2deb547529e72a8b6b4c4685c72478fce627fa26bf2d80f3142084057fde8484"
methods.3.outcome.report.source_map.segments.7.origin.derived.3.method.owner.class_bytes.length = 499
methods.3.outcome.report.source_map.segments.7.origin.derived.3.method.owner.location.entry.ordinal = 2
methods.3.outcome.report.source_map.segments.7.origin.derived.3.method.owner.location.entry.origin.root_container = "root"
methods.3.outcome.report.source_map.segments.7.origin.derived.3.method.owner.location.entry.origin.snapshot = "a70b81a61bdac4fe45f49e97d4e3a1d8fbb032918e0a6ac0b5d8fb8cda619f1d"
methods.3.outcome.report.source_map.segments.7.origin.derived.3.method.owner.location.entry.origin.steps = []
methods.3.outcome.report.source_map.segments.7.origin.derived.3.method.owner.location.entry.raw_name = [99,102,48,50,47,80,114,101,100,105,99,97,116,101,115,46,99,108,97,115,115]
methods.3.outcome.report.source_map.segments.7.origin.derived.3.method.owner.location.kind = "archive_entry"
methods.3.outcome.report.source_map.segments.7.origin.derived.3.method.owner.variant.kind = "base"
methods.3.outcome.report.source_map.segments.7.origin.derived.3.provenance = "Direct"
methods.3.outcome.report.source_map.segments.7.origin.derived.4.bci = 7
methods.3.outcome.report.source_map.segments.7.origin.derived.4.cp = null
methods.3.outcome.report.source_map.segments.7.origin.derived.4.method.descriptor = [40,91,73,73,41,90]
methods.3.outcome.report.source_map.segments.7.origin.derived.4.method.name = [105,110,66,111,117,110,100,115]
methods.3.outcome.report.source_map.segments.7.origin.derived.4.method.owner.class_bytes.digest = "2deb547529e72a8b6b4c4685c72478fce627fa26bf2d80f3142084057fde8484"
methods.3.outcome.report.source_map.segments.7.origin.derived.4.method.owner.class_bytes.length = 499
methods.3.outcome.report.source_map.segments.7.origin.derived.4.method.owner.location.entry.ordinal = 2
methods.3.outcome.report.source_map.segments.7.origin.derived.4.method.owner.location.entry.origin.root_container = "root"
methods.3.outcome.report.source_map.segments.7.origin.derived.4.method.owner.location.entry.origin.snapshot = "a70b81a61bdac4fe45f49e97d4e3a1d8fbb032918e0a6ac0b5d8fb8cda619f1d"
methods.3.outcome.report.source_map.segments.7.origin.derived.4.method.owner.location.entry.origin.steps = []
methods.3.outcome.report.source_map.segments.7.origin.derived.4.method.owner.location.entry.raw_name = [99,102,48,50,47,80,114,101,100,105,99,97,116,101,115,46,99,108,97,115,115]
methods.3.outcome.report.source_map.segments.7.origin.derived.4.method.owner.location.kind = "archive_entry"
methods.3.outcome.report.source_map.segments.7.origin.derived.4.method.owner.variant.kind = "base"
methods.3.outcome.report.source_map.segments.7.origin.derived.4.provenance = "Derived"
methods.3.outcome.report.source_map.segments.7.origin.derived.5.bci = 10
methods.3.outcome.report.source_map.segments.7.origin.derived.5.cp = null
methods.3.outcome.report.source_map.segments.7.origin.derived.5.method.descriptor = [40,91,73,73,41,90]
methods.3.outcome.report.source_map.segments.7.origin.derived.5.method.name = [105,110,66,111,117,110,100,115]
methods.3.outcome.report.source_map.segments.7.origin.derived.5.method.owner.class_bytes.digest = "2deb547529e72a8b6b4c4685c72478fce627fa26bf2d80f3142084057fde8484"
methods.3.outcome.report.source_map.segments.7.origin.derived.5.method.owner.class_bytes.length = 499
methods.3.outcome.report.source_map.segments.7.origin.derived.5.method.owner.location.entry.ordinal = 2
methods.3.outcome.report.source_map.segments.7.origin.derived.5.method.owner.location.entry.origin.root_container = "root"
methods.3.outcome.report.source_map.segments.7.origin.derived.5.method.owner.location.entry.origin.snapshot = "a70b81a61bdac4fe45f49e97d4e3a1d8fbb032918e0a6ac0b5d8fb8cda619f1d"
methods.3.outcome.report.source_map.segments.7.origin.derived.5.method.owner.location.entry.origin.steps = []
methods.3.outcome.report.source_map.segments.7.origin.derived.5.method.owner.location.entry.raw_name = [99,102,48,50,47,80,114,101,100,105,99,97,116,101,115,46,99,108,97,115,115]
methods.3.outcome.report.source_map.segments.7.origin.derived.5.method.owner.location.kind = "archive_entry"
methods.3.outcome.report.source_map.segments.7.origin.derived.5.method.owner.variant.kind = "base"
methods.3.outcome.report.source_map.segments.7.origin.derived.5.provenance = "Direct"
methods.3.outcome.report.source_map.segments.7.origin.derived.6.bci = 14
methods.3.outcome.report.source_map.segments.7.origin.derived.6.cp = null
methods.3.outcome.report.source_map.segments.7.origin.derived.6.method.descriptor = [40,91,73,73,41,90]
methods.3.outcome.report.source_map.segments.7.origin.derived.6.method.name = [105,110,66,111,117,110,100,115]
methods.3.outcome.report.source_map.segments.7.origin.derived.6.method.owner.class_bytes.digest = "2deb547529e72a8b6b4c4685c72478fce627fa26bf2d80f3142084057fde8484"
methods.3.outcome.report.source_map.segments.7.origin.derived.6.method.owner.class_bytes.length = 499
methods.3.outcome.report.source_map.segments.7.origin.derived.6.method.owner.location.entry.ordinal = 2
methods.3.outcome.report.source_map.segments.7.origin.derived.6.method.owner.location.entry.origin.root_container = "root"
methods.3.outcome.report.source_map.segments.7.origin.derived.6.method.owner.location.entry.origin.snapshot = "a70b81a61bdac4fe45f49e97d4e3a1d8fbb032918e0a6ac0b5d8fb8cda619f1d"
methods.3.outcome.report.source_map.segments.7.origin.derived.6.method.owner.location.entry.origin.steps = []
methods.3.outcome.report.source_map.segments.7.origin.derived.6.method.owner.location.entry.raw_name = [99,102,48,50,47,80,114,101,100,105,99,97,116,101,115,46,99,108,97,115,115]
methods.3.outcome.report.source_map.segments.7.origin.derived.6.method.owner.location.kind = "archive_entry"
methods.3.outcome.report.source_map.segments.7.origin.derived.6.method.owner.variant.kind = "base"
methods.3.outcome.report.source_map.segments.7.origin.derived.6.provenance = "Direct"
methods.3.outcome.report.source_map.segments.7.origin.primary.bci = 1
methods.3.outcome.report.source_map.segments.7.origin.primary.cp = null
methods.3.outcome.report.source_map.segments.7.origin.primary.method.descriptor = [40,91,73,73,41,90]
methods.3.outcome.report.source_map.segments.7.origin.primary.method.name = [105,110,66,111,117,110,100,115]
methods.3.outcome.report.source_map.segments.7.origin.primary.method.owner.class_bytes.digest = "2deb547529e72a8b6b4c4685c72478fce627fa26bf2d80f3142084057fde8484"
methods.3.outcome.report.source_map.segments.7.origin.primary.method.owner.class_bytes.length = 499
methods.3.outcome.report.source_map.segments.7.origin.primary.method.owner.location.entry.ordinal = 2
methods.3.outcome.report.source_map.segments.7.origin.primary.method.owner.location.entry.origin.root_container = "root"
methods.3.outcome.report.source_map.segments.7.origin.primary.method.owner.location.entry.origin.snapshot = "a70b81a61bdac4fe45f49e97d4e3a1d8fbb032918e0a6ac0b5d8fb8cda619f1d"
methods.3.outcome.report.source_map.segments.7.origin.primary.method.owner.location.entry.origin.steps = []
methods.3.outcome.report.source_map.segments.7.origin.primary.method.owner.location.entry.raw_name = [99,102,48,50,47,80,114,101,100,105,99,97,116,101,115,46,99,108,97,115,115]
methods.3.outcome.report.source_map.segments.7.origin.primary.method.owner.location.kind = "archive_entry"
methods.3.outcome.report.source_map.segments.7.origin.primary.method.owner.variant.kind = "base"
methods.3.outcome.report.source_map.segments.7.origin.primary.provenance = "Direct"
methods.3.outcome.report.source_map.segments.7.start = 183
methods.3.outcome.report.source_map.segments.8.end = 216
methods.3.outcome.report.source_map.segments.8.origin.derived.0.bci = 1
methods.3.outcome.report.source_map.segments.8.origin.derived.0.cp = null
methods.3.outcome.report.source_map.segments.8.origin.derived.0.method.descriptor = [40,91,73,73,41,90]
methods.3.outcome.report.source_map.segments.8.origin.derived.0.method.name = [105,110,66,111,117,110,100,115]
methods.3.outcome.report.source_map.segments.8.origin.derived.0.method.owner.class_bytes.digest = "2deb547529e72a8b6b4c4685c72478fce627fa26bf2d80f3142084057fde8484"
methods.3.outcome.report.source_map.segments.8.origin.derived.0.method.owner.class_bytes.length = 499
methods.3.outcome.report.source_map.segments.8.origin.derived.0.method.owner.location.entry.ordinal = 2
methods.3.outcome.report.source_map.segments.8.origin.derived.0.method.owner.location.entry.origin.root_container = "root"
methods.3.outcome.report.source_map.segments.8.origin.derived.0.method.owner.location.entry.origin.snapshot = "a70b81a61bdac4fe45f49e97d4e3a1d8fbb032918e0a6ac0b5d8fb8cda619f1d"
methods.3.outcome.report.source_map.segments.8.origin.derived.0.method.owner.location.entry.origin.steps = []
methods.3.outcome.report.source_map.segments.8.origin.derived.0.method.owner.location.entry.raw_name = [99,102,48,50,47,80,114,101,100,105,99,97,116,101,115,46,99,108,97,115,115]
methods.3.outcome.report.source_map.segments.8.origin.derived.0.method.owner.location.kind = "archive_entry"
methods.3.outcome.report.source_map.segments.8.origin.derived.0.method.owner.variant.kind = "base"
methods.3.outcome.report.source_map.segments.8.origin.derived.0.provenance = "Derived"
methods.3.outcome.report.source_map.segments.8.origin.derived.1.bci = 4
methods.3.outcome.report.source_map.segments.8.origin.derived.1.cp = null
methods.3.outcome.report.source_map.segments.8.origin.derived.1.method.descriptor = [40,91,73,73,41,90]
methods.3.outcome.report.source_map.segments.8.origin.derived.1.method.name = [105,110,66,111,117,110,100,115]
methods.3.outcome.report.source_map.segments.8.origin.derived.1.method.owner.class_bytes.digest = "2deb547529e72a8b6b4c4685c72478fce627fa26bf2d80f3142084057fde8484"
methods.3.outcome.report.source_map.segments.8.origin.derived.1.method.owner.class_bytes.length = 499
methods.3.outcome.report.source_map.segments.8.origin.derived.1.method.owner.location.entry.ordinal = 2
methods.3.outcome.report.source_map.segments.8.origin.derived.1.method.owner.location.entry.origin.root_container = "root"
methods.3.outcome.report.source_map.segments.8.origin.derived.1.method.owner.location.entry.origin.snapshot = "a70b81a61bdac4fe45f49e97d4e3a1d8fbb032918e0a6ac0b5d8fb8cda619f1d"
methods.3.outcome.report.source_map.segments.8.origin.derived.1.method.owner.location.entry.origin.steps = []
methods.3.outcome.report.source_map.segments.8.origin.derived.1.method.owner.location.entry.raw_name = [99,102,48,50,47,80,114,101,100,105,99,97,116,101,115,46,99,108,97,115,115]
methods.3.outcome.report.source_map.segments.8.origin.derived.1.method.owner.location.kind = "archive_entry"
methods.3.outcome.report.source_map.segments.8.origin.derived.1.method.owner.variant.kind = "base"
methods.3.outcome.report.source_map.segments.8.origin.derived.1.provenance = "Derived"
methods.3.outcome.report.source_map.segments.8.origin.derived.2.bci = 5
methods.3.outcome.report.source_map.segments.8.origin.derived.2.cp = null
methods.3.outcome.report.source_map.segments.8.origin.derived.2.method.descriptor = [40,91,73,73,41,90]
methods.3.outcome.report.source_map.segments.8.origin.derived.2.method.name = [105,110,66,111,117,110,100,115]
methods.3.outcome.report.source_map.segments.8.origin.derived.2.method.owner.class_bytes.digest = "2deb547529e72a8b6b4c4685c72478fce627fa26bf2d80f3142084057fde8484"
methods.3.outcome.report.source_map.segments.8.origin.derived.2.method.owner.class_bytes.length = 499
methods.3.outcome.report.source_map.segments.8.origin.derived.2.method.owner.location.entry.ordinal = 2
methods.3.outcome.report.source_map.segments.8.origin.derived.2.method.owner.location.entry.origin.root_container = "root"
methods.3.outcome.report.source_map.segments.8.origin.derived.2.method.owner.location.entry.origin.snapshot = "a70b81a61bdac4fe45f49e97d4e3a1d8fbb032918e0a6ac0b5d8fb8cda619f1d"
methods.3.outcome.report.source_map.segments.8.origin.derived.2.method.owner.location.entry.origin.steps = []
methods.3.outcome.report.source_map.segments.8.origin.derived.2.method.owner.location.entry.raw_name = [99,102,48,50,47,80,114,101,100,105,99,97,116,101,115,46,99,108,97,115,115]
methods.3.outcome.report.source_map.segments.8.origin.derived.2.method.owner.location.kind = "archive_entry"
methods.3.outcome.report.source_map.segments.8.origin.derived.2.method.owner.variant.kind = "base"
methods.3.outcome.report.source_map.segments.8.origin.derived.2.provenance = "Derived"
methods.3.outcome.report.source_map.segments.8.origin.derived.3.bci = 6
methods.3.outcome.report.source_map.segments.8.origin.derived.3.cp = null
methods.3.outcome.report.source_map.segments.8.origin.derived.3.method.descriptor = [40,91,73,73,41,90]
methods.3.outcome.report.source_map.segments.8.origin.derived.3.method.name = [105,110,66,111,117,110,100,115]
methods.3.outcome.report.source_map.segments.8.origin.derived.3.method.owner.class_bytes.digest = "2deb547529e72a8b6b4c4685c72478fce627fa26bf2d80f3142084057fde8484"
methods.3.outcome.report.source_map.segments.8.origin.derived.3.method.owner.class_bytes.length = 499
methods.3.outcome.report.source_map.segments.8.origin.derived.3.method.owner.location.entry.ordinal = 2
methods.3.outcome.report.source_map.segments.8.origin.derived.3.method.owner.location.entry.origin.root_container = "root"
methods.3.outcome.report.source_map.segments.8.origin.derived.3.method.owner.location.entry.origin.snapshot = "a70b81a61bdac4fe45f49e97d4e3a1d8fbb032918e0a6ac0b5d8fb8cda619f1d"
methods.3.outcome.report.source_map.segments.8.origin.derived.3.method.owner.location.entry.origin.steps = []
methods.3.outcome.report.source_map.segments.8.origin.derived.3.method.owner.location.entry.raw_name = [99,102,48,50,47,80,114,101,100,105,99,97,116,101,115,46,99,108,97,115,115]
methods.3.outcome.report.source_map.segments.8.origin.derived.3.method.owner.location.kind = "archive_entry"
methods.3.outcome.report.source_map.segments.8.origin.derived.3.method.owner.variant.kind = "base"
methods.3.outcome.report.source_map.segments.8.origin.derived.3.provenance = "Derived"
methods.3.outcome.report.source_map.segments.8.origin.derived.4.bci = 7
methods.3.outcome.report.source_map.segments.8.origin.derived.4.cp = null
methods.3.outcome.report.source_map.segments.8.origin.derived.4.method.descriptor = [40,91,73,73,41,90]
methods.3.outcome.report.source_map.segments.8.origin.derived.4.method.name = [105,110,66,111,117,110,100,115]
methods.3.outcome.report.source_map.segments.8.origin.derived.4.method.owner.class_bytes.digest = "2deb547529e72a8b6b4c4685c72478fce627fa26bf2d80f3142084057fde8484"
methods.3.outcome.report.source_map.segments.8.origin.derived.4.method.owner.class_bytes.length = 499
methods.3.outcome.report.source_map.segments.8.origin.derived.4.method.owner.location.entry.ordinal = 2
methods.3.outcome.report.source_map.segments.8.origin.derived.4.method.owner.location.entry.origin.root_container = "root"
methods.3.outcome.report.source_map.segments.8.origin.derived.4.method.owner.location.entry.origin.snapshot = "a70b81a61bdac4fe45f49e97d4e3a1d8fbb032918e0a6ac0b5d8fb8cda619f1d"
methods.3.outcome.report.source_map.segments.8.origin.derived.4.method.owner.location.entry.origin.steps = []
methods.3.outcome.report.source_map.segments.8.origin.derived.4.method.owner.location.entry.raw_name = [99,102,48,50,47,80,114,101,100,105,99,97,116,101,115,46,99,108,97,115,115]
methods.3.outcome.report.source_map.segments.8.origin.derived.4.method.owner.location.kind = "archive_entry"
methods.3.outcome.report.source_map.segments.8.origin.derived.4.method.owner.variant.kind = "base"
methods.3.outcome.report.source_map.segments.8.origin.derived.4.provenance = "Derived"
methods.3.outcome.report.source_map.segments.8.origin.derived.5.bci = 10
methods.3.outcome.report.source_map.segments.8.origin.derived.5.cp = null
methods.3.outcome.report.source_map.segments.8.origin.derived.5.method.descriptor = [40,91,73,73,41,90]
methods.3.outcome.report.source_map.segments.8.origin.derived.5.method.name = [105,110,66,111,117,110,100,115]
methods.3.outcome.report.source_map.segments.8.origin.derived.5.method.owner.class_bytes.digest = "2deb547529e72a8b6b4c4685c72478fce627fa26bf2d80f3142084057fde8484"
methods.3.outcome.report.source_map.segments.8.origin.derived.5.method.owner.class_bytes.length = 499
methods.3.outcome.report.source_map.segments.8.origin.derived.5.method.owner.location.entry.ordinal = 2
methods.3.outcome.report.source_map.segments.8.origin.derived.5.method.owner.location.entry.origin.root_container = "root"
methods.3.outcome.report.source_map.segments.8.origin.derived.5.method.owner.location.entry.origin.snapshot = "a70b81a61bdac4fe45f49e97d4e3a1d8fbb032918e0a6ac0b5d8fb8cda619f1d"
methods.3.outcome.report.source_map.segments.8.origin.derived.5.method.owner.location.entry.origin.steps = []
methods.3.outcome.report.source_map.segments.8.origin.derived.5.method.owner.location.entry.raw_name = [99,102,48,50,47,80,114,101,100,105,99,97,116,101,115,46,99,108,97,115,115]
methods.3.outcome.report.source_map.segments.8.origin.derived.5.method.owner.location.kind = "archive_entry"
methods.3.outcome.report.source_map.segments.8.origin.derived.5.method.owner.variant.kind = "base"
methods.3.outcome.report.source_map.segments.8.origin.derived.5.provenance = "Derived"
methods.3.outcome.report.source_map.segments.8.origin.derived.6.bci = 11
methods.3.outcome.report.source_map.segments.8.origin.derived.6.cp = null
methods.3.outcome.report.source_map.segments.8.origin.derived.6.method.descriptor = [40,91,73,73,41,90]
methods.3.outcome.report.source_map.segments.8.origin.derived.6.method.name = [105,110,66,111,117,110,100,115]
methods.3.outcome.report.source_map.segments.8.origin.derived.6.method.owner.class_bytes.digest = "2deb547529e72a8b6b4c4685c72478fce627fa26bf2d80f3142084057fde8484"
methods.3.outcome.report.source_map.segments.8.origin.derived.6.method.owner.class_bytes.length = 499
methods.3.outcome.report.source_map.segments.8.origin.derived.6.method.owner.location.entry.ordinal = 2
methods.3.outcome.report.source_map.segments.8.origin.derived.6.method.owner.location.entry.origin.root_container = "root"
methods.3.outcome.report.source_map.segments.8.origin.derived.6.method.owner.location.entry.origin.snapshot = "a70b81a61bdac4fe45f49e97d4e3a1d8fbb032918e0a6ac0b5d8fb8cda619f1d"
methods.3.outcome.report.source_map.segments.8.origin.derived.6.method.owner.location.entry.origin.steps = []
methods.3.outcome.report.source_map.segments.8.origin.derived.6.method.owner.location.entry.raw_name = [99,102,48,50,47,80,114,101,100,105,99,97,116,101,115,46,99,108,97,115,115]
methods.3.outcome.report.source_map.segments.8.origin.derived.6.method.owner.location.kind = "archive_entry"
methods.3.outcome.report.source_map.segments.8.origin.derived.6.method.owner.variant.kind = "base"
methods.3.outcome.report.source_map.segments.8.origin.derived.6.provenance = "Derived"
methods.3.outcome.report.source_map.segments.8.origin.derived.7.bci = 14
methods.3.outcome.report.source_map.segments.8.origin.derived.7.cp = null
methods.3.outcome.report.source_map.segments.8.origin.derived.7.method.descriptor = [40,91,73,73,41,90]
methods.3.outcome.report.source_map.segments.8.origin.derived.7.method.name = [105,110,66,111,117,110,100,115]
methods.3.outcome.report.source_map.segments.8.origin.derived.7.method.owner.class_bytes.digest = "2deb547529e72a8b6b4c4685c72478fce627fa26bf2d80f3142084057fde8484"
methods.3.outcome.report.source_map.segments.8.origin.derived.7.method.owner.class_bytes.length = 499
methods.3.outcome.report.source_map.segments.8.origin.derived.7.method.owner.location.entry.ordinal = 2
methods.3.outcome.report.source_map.segments.8.origin.derived.7.method.owner.location.entry.origin.root_container = "root"
methods.3.outcome.report.source_map.segments.8.origin.derived.7.method.owner.location.entry.origin.snapshot = "a70b81a61bdac4fe45f49e97d4e3a1d8fbb032918e0a6ac0b5d8fb8cda619f1d"
methods.3.outcome.report.source_map.segments.8.origin.derived.7.method.owner.location.entry.origin.steps = []
methods.3.outcome.report.source_map.segments.8.origin.derived.7.method.owner.location.entry.raw_name = [99,102,48,50,47,80,114,101,100,105,99,97,116,101,115,46,99,108,97,115,115]
methods.3.outcome.report.source_map.segments.8.origin.derived.7.method.owner.location.kind = "archive_entry"
methods.3.outcome.report.source_map.segments.8.origin.derived.7.method.owner.variant.kind = "base"
methods.3.outcome.report.source_map.segments.8.origin.derived.7.provenance = "Derived"
methods.3.outcome.report.source_map.segments.8.origin.primary.bci = 15
methods.3.outcome.report.source_map.segments.8.origin.primary.cp = null
methods.3.outcome.report.source_map.segments.8.origin.primary.method.descriptor = [40,91,73,73,41,90]
methods.3.outcome.report.source_map.segments.8.origin.primary.method.name = [105,110,66,111,117,110,100,115]
methods.3.outcome.report.source_map.segments.8.origin.primary.method.owner.class_bytes.digest = "2deb547529e72a8b6b4c4685c72478fce627fa26bf2d80f3142084057fde8484"
methods.3.outcome.report.source_map.segments.8.origin.primary.method.owner.class_bytes.length = 499
methods.3.outcome.report.source_map.segments.8.origin.primary.method.owner.location.entry.ordinal = 2
methods.3.outcome.report.source_map.segments.8.origin.primary.method.owner.location.entry.origin.root_container = "root"
methods.3.outcome.report.source_map.segments.8.origin.primary.method.owner.location.entry.origin.snapshot = "a70b81a61bdac4fe45f49e97d4e3a1d8fbb032918e0a6ac0b5d8fb8cda619f1d"
methods.3.outcome.report.source_map.segments.8.origin.primary.method.owner.location.entry.origin.steps = []
methods.3.outcome.report.source_map.segments.8.origin.primary.method.owner.location.entry.raw_name = [99,102,48,50,47,80,114,101,100,105,99,97,116,101,115,46,99,108,97,115,115]
methods.3.outcome.report.source_map.segments.8.origin.primary.method.owner.location.kind = "archive_entry"
methods.3.outcome.report.source_map.segments.8.origin.primary.method.owner.variant.kind = "base"
methods.3.outcome.report.source_map.segments.8.origin.primary.provenance = "Direct"
methods.3.outcome.report.source_map.segments.8.start = 172
methods.3.outcome.report.syntax_status = "unchecked"
methods.3.outcome.report.text = "// @method inBounds([II)Z\n// @declaration an instance method of `cf02.Predicates`, member flags 0x0001\n// recovered from bytecode; presentation is not claimed to compile\n{\n    return arg2 >= 0 && arg2 < arg1.length;\n}\n"
methods.3.outcome.report.verification = "not_performed"
methods.3.parameter_annotations.attributes = []
methods.3.parameter_annotations.refusals = []
methods.3.parameter_annotations.uses_by_position = [[],[]]
methods.3.text = "    public boolean inBounds(int[] arg1, int arg2) {\n        // @method inBounds([II)Z\n        // @declaration an instance method of `cf02.Predicates`, member flags 0x0001\n        // recovered from bytecode; presentation is not claimed to compile\n        return arg2 >= 0 && arg2 < arg1.length;\n    }\n"
methods.3.type_annotations.attributes = []
methods.3.type_annotations.field_uses = []
methods.3.type_annotations.parameter_uses = [[],[]]
methods.3.type_annotations.refusals = []
methods.3.type_annotations.return_uses = []
methods.4.annotations.attributes = []
methods.4.annotations.refusals = []
methods.4.annotations.uses = []
methods.4.declaration = "public boolean named(java.lang.Object arg1)"
methods.4.item.access_flags = 1
methods.4.item.body.content_span.length = 54
methods.4.item.body.content_span.start = 443
methods.4.item.body.kind = "code_attribute"
methods.4.item.descriptor.escaped = "(Ljava/lang/Object;)Z"
methods.4.item.descriptor.raw = [40,76,106,97,118,97,47,108,97,110,103,47,79,98,106,101,99,116,59,41,90]
methods.4.item.descriptor.utf16 = [40,76,106,97,118,97,47,108,97,110,103,47,79,98,106,101,99,116,59,41,90]
methods.4.item.identity.descriptor = [40,76,106,97,118,97,47,108,97,110,103,47,79,98,106,101,99,116,59,41,90]
methods.4.item.identity.name = [110,97,109,101,100]
methods.4.item.identity.owner.class_bytes.digest = "2deb547529e72a8b6b4c4685c72478fce627fa26bf2d80f3142084057fde8484"
methods.4.item.identity.owner.class_bytes.length = 499
methods.4.item.identity.owner.location.entry.ordinal = 2
methods.4.item.identity.owner.location.entry.origin.root_container = "root"
methods.4.item.identity.owner.location.entry.origin.snapshot = "a70b81a61bdac4fe45f49e97d4e3a1d8fbb032918e0a6ac0b5d8fb8cda619f1d"
methods.4.item.identity.owner.location.entry.origin.steps = []
methods.4.item.identity.owner.location.entry.raw_name = [99,102,48,50,47,80,114,101,100,105,99,97,116,101,115,46,99,108,97,115,115]
methods.4.item.identity.owner.location.kind = "archive_entry"
methods.4.item.identity.owner.variant.kind = "base"
methods.4.item.index = 4
methods.4.item.name.escaped = "named"
methods.4.item.name.raw = [110,97,109,101,100]
methods.4.item.name.utf16 = [110,97,109,101,100]
methods.4.markers = []
methods.4.no_body_kind = null
methods.4.outcome.analysis.diagnostics = 0
methods.4.outcome.analysis.execution.status = "complete"
methods.4.outcome.analysis.execution.usage.analysis_steps = 940
methods.4.outcome.analysis.execution.usage.archive_entries = 9
methods.4.outcome.analysis.execution.usage.attribute_bytes = 633
methods.4.outcome.analysis.execution.usage.class_bytes = 998
methods.4.outcome.analysis.execution.usage.class_headers = 1
methods.4.outcome.analysis.execution.usage.code_bytes = 75
methods.4.outcome.analysis.execution.usage.dependency_depth = 0
methods.4.outcome.analysis.execution.usage.elapsed_millis = 39
methods.4.outcome.analysis.execution.usage.entry_bytes = 499
methods.4.outcome.analysis.execution.usage.input_bytes = 800
methods.4.outcome.analysis.execution.usage.ir_edges = 157
methods.4.outcome.analysis.execution.usage.ir_items = 1669
methods.4.outcome.analysis.execution.usage.method_bodies = 5
methods.4.outcome.analysis.execution.usage.nested_depth = 0
methods.4.outcome.analysis.execution.usage.normalization_clones = 0
methods.4.outcome.analysis.execution.usage.output_bytes = 806
methods.4.outcome.analysis.execution.usage.read_bytes = 343
methods.4.outcome.analysis.execution.usage.result_items = 21
methods.4.outcome.kind = "recovered"
methods.4.outcome.report.accessors = []
methods.4.outcome.report.aliased_names = []
methods.4.outcome.report.artifact.agreement.state = "not_stated"
methods.4.outcome.report.artifact.binding.engine = "0.1.0"
methods.4.outcome.report.artifact.binding.environment.content = ["a70b81a61bdac4fe45f49e97d4e3a1d8fbb032918e0a6ac0b5d8fb8cda619f1d"]
methods.4.outcome.report.artifact.binding.environment.domain_loaders = ["app"]
methods.4.outcome.report.artifact.binding.environment.providers = []
methods.4.outcome.report.artifact.binding.environment.runtime.load_domain.delegation.kind = "parent_first"
methods.4.outcome.report.artifact.binding.environment.runtime.load_domain.external_override = "none"
methods.4.outcome.report.artifact.binding.environment.runtime.load_domain.loader = "app"
methods.4.outcome.report.artifact.binding.environment.runtime.load_domain.module_mode.kind = "class_path"
methods.4.outcome.report.artifact.binding.environment.runtime.load_domain.parent_loader = null
methods.4.outcome.report.artifact.binding.environment.runtime.load_domain.roots.0.kind = "container"
methods.4.outcome.report.artifact.binding.environment.runtime.load_domain.roots.0.origin.root_container = "root"
methods.4.outcome.report.artifact.binding.environment.runtime.load_domain.roots.0.origin.snapshot = "a70b81a61bdac4fe45f49e97d4e3a1d8fbb032918e0a6ac0b5d8fb8cda619f1d"
methods.4.outcome.report.artifact.binding.environment.runtime.load_domain.roots.0.origin.steps = []
methods.4.outcome.report.artifact.binding.environment.runtime.load_domain.roots.0.prefix = []
methods.4.outcome.report.artifact.binding.environment.runtime.load_domain.runtime_transformation = "none"
methods.4.outcome.report.artifact.binding.environment.runtime.physical.scope.kind = "snapshot_all"
methods.4.outcome.report.artifact.binding.environment.runtime.physical.snapshot = "a70b81a61bdac4fe45f49e97d4e3a1d8fbb032918e0a6ac0b5d8fb8cda619f1d"
methods.4.outcome.report.artifact.binding.environment.runtime.profile.java_release = 8
methods.4.outcome.report.artifact.binding.environment.runtime.profile.layout.kind = "generic"
methods.4.outcome.report.artifact.binding.environment.runtime.profile.multi_release.kind = "disabled"
methods.4.outcome.report.artifact.binding.member_ordinal = 4
methods.4.outcome.report.artifact.binding.method.descriptor = [40,76,106,97,118,97,47,108,97,110,103,47,79,98,106,101,99,116,59,41,90]
methods.4.outcome.report.artifact.binding.method.name = [110,97,109,101,100]
methods.4.outcome.report.artifact.binding.method.owner.class_bytes.digest = "2deb547529e72a8b6b4c4685c72478fce627fa26bf2d80f3142084057fde8484"
methods.4.outcome.report.artifact.binding.method.owner.class_bytes.length = 499
methods.4.outcome.report.artifact.binding.method.owner.location.entry.ordinal = 2
methods.4.outcome.report.artifact.binding.method.owner.location.entry.origin.root_container = "root"
methods.4.outcome.report.artifact.binding.method.owner.location.entry.origin.snapshot = "a70b81a61bdac4fe45f49e97d4e3a1d8fbb032918e0a6ac0b5d8fb8cda619f1d"
methods.4.outcome.report.artifact.binding.method.owner.location.entry.origin.steps = []
methods.4.outcome.report.artifact.binding.method.owner.location.entry.raw_name = [99,102,48,50,47,80,114,101,100,105,99,97,116,101,115,46,99,108,97,115,115]
methods.4.outcome.report.artifact.binding.method.owner.location.kind = "archive_entry"
methods.4.outcome.report.artifact.binding.method.owner.variant.kind = "base"
methods.4.outcome.report.artifact.binding.profile.java_release = 8
methods.4.outcome.report.artifact.binding.profile.layout.kind = "generic"
methods.4.outcome.report.artifact.binding.profile.multi_release.kind = "disabled"
methods.4.outcome.report.artifact.binding.registry = 71
methods.4.outcome.report.artifact.binding.rules = ["straight@1","if@1","loop@1","switch@1","lambda@1","concat@1","bridge@1","accessor@1","new@1","field@1","enumswitch@1","init@1","declaration@1","twr@1","monitor@1","finally@1"]
methods.4.outcome.report.artifact.binding.schema = 1
methods.4.outcome.report.artifact.binding.text_bytes = 409
methods.4.outcome.report.artifact.binding.text_digest = "91a91c2a301847af69b8dee511397b2b"
methods.4.outcome.report.bridges = []
methods.4.outcome.report.compile_status = "not_attempted"
methods.4.outcome.report.concats = []
methods.4.outcome.report.content = "contains_statements"
methods.4.outcome.report.declaration = null
methods.4.outcome.report.diagnostics.0.code = "jre_region_uncovered_blocks"
methods.4.outcome.report.diagnostics.0.message = "1 live block(s) are reachable only through edges the normal-flow view leaves out: [28]"
methods.4.outcome.report.diagnostics.0.provenance = null
methods.4.outcome.report.diagnostics.0.severity = "warning"
methods.4.outcome.report.diagnostics.1.code = "jre_recovery_produced"
methods.4.outcome.report.diagnostics.1.message = "3 region(s), 4 statement(s), 11 segment(s), 409 byte(s) written from 7 canonical block(s)"
methods.4.outcome.report.diagnostics.1.provenance = null
methods.4.outcome.report.diagnostics.1.severity = "info"
methods.4.outcome.report.diagnostics.2.code = "jre_declaration"
methods.4.outcome.report.diagnostics.2.message = "the artifact's envelope states the member's declaration under declaration@1: an instance method"
methods.4.outcome.report.diagnostics.2.provenance = null
methods.4.outcome.report.diagnostics.2.severity = "info"
methods.4.outcome.report.enum_switches = []
methods.4.outcome.report.evidence.categories.0.kind = "source_map"
methods.4.outcome.report.evidence.categories.0.state.state = "complete"
methods.4.outcome.report.evidence.categories.1.kind = "region_details"
methods.4.outcome.report.evidence.categories.1.state.state = "not_requested"
methods.4.outcome.report.evidence.categories.2.kind = "rule_details"
methods.4.outcome.report.evidence.categories.2.state.state = "not_requested"
methods.4.outcome.report.evidence.categories.3.kind = "name_details"
methods.4.outcome.report.evidence.categories.3.state.state = "not_requested"
methods.4.outcome.report.evidence.categories.4.kind = "read_details"
methods.4.outcome.report.evidence.categories.4.state.state = "not_requested"
methods.4.outcome.report.evidence.requested.driver_bci_range = null
methods.4.outcome.report.evidence.requested.expected_artifact = null
methods.4.outcome.report.evidence.requested.kinds = ["source_map"]
methods.4.outcome.report.execution.status = "complete"
methods.4.outcome.report.execution.usage.analysis_steps = 1165
methods.4.outcome.report.execution.usage.archive_entries = 9
methods.4.outcome.report.execution.usage.attribute_bytes = 633
methods.4.outcome.report.execution.usage.class_bytes = 998
methods.4.outcome.report.execution.usage.class_headers = 1
methods.4.outcome.report.execution.usage.code_bytes = 75
methods.4.outcome.report.execution.usage.dependency_depth = 0
methods.4.outcome.report.execution.usage.elapsed_millis = 39
methods.4.outcome.report.execution.usage.entry_bytes = 499
methods.4.outcome.report.execution.usage.input_bytes = 800
methods.4.outcome.report.execution.usage.ir_edges = 165
methods.4.outcome.report.execution.usage.ir_items = 1803
methods.4.outcome.report.execution.usage.method_bodies = 5
methods.4.outcome.report.execution.usage.nested_depth = 0
methods.4.outcome.report.execution.usage.normalization_clones = 0
methods.4.outcome.report.execution.usage.output_bytes = 1215
methods.4.outcome.report.execution.usage.read_bytes = 343
methods.4.outcome.report.execution.usage.result_items = 21
methods.4.outcome.report.fallbacks = ["jre_region_uncovered_blocks"]
methods.4.outcome.report.fields = []
methods.4.outcome.report.init = null
methods.4.outcome.report.lambdas = []
methods.4.outcome.report.method = "named(Ljava/lang/Object;)Z"
methods.4.outcome.report.news = []
methods.4.outcome.report.outcome = "produced"
methods.4.outcome.report.profile.java_release = 8
methods.4.outcome.report.profile.layout.kind = "generic"
methods.4.outcome.report.profile.multi_release.kind = "disabled"
methods.4.outcome.report.quality = "fallback"
methods.4.outcome.report.regions = []
methods.4.outcome.report.representation = "mixed"
methods.4.outcome.report.rules = []
methods.4.outcome.report.semantic_validation = "unproven"
methods.4.outcome.report.source_map.segments.0.end = 196
methods.4.outcome.report.source_map.segments.0.origin.derived = []
methods.4.outcome.report.source_map.segments.0.origin.primary.bci = 0
methods.4.outcome.report.source_map.segments.0.origin.primary.cp = null
methods.4.outcome.report.source_map.segments.0.origin.primary.method.descriptor = [40,76,106,97,118,97,47,108,97,110,103,47,79,98,106,101,99,116,59,41,90]
methods.4.outcome.report.source_map.segments.0.origin.primary.method.name = [110,97,109,101,100]
methods.4.outcome.report.source_map.segments.0.origin.primary.method.owner.class_bytes.digest = "2deb547529e72a8b6b4c4685c72478fce627fa26bf2d80f3142084057fde8484"
methods.4.outcome.report.source_map.segments.0.origin.primary.method.owner.class_bytes.length = 499
methods.4.outcome.report.source_map.segments.0.origin.primary.method.owner.location.entry.ordinal = 2
methods.4.outcome.report.source_map.segments.0.origin.primary.method.owner.location.entry.origin.root_container = "root"
methods.4.outcome.report.source_map.segments.0.origin.primary.method.owner.location.entry.origin.snapshot = "a70b81a61bdac4fe45f49e97d4e3a1d8fbb032918e0a6ac0b5d8fb8cda619f1d"
methods.4.outcome.report.source_map.segments.0.origin.primary.method.owner.location.entry.origin.steps = []
methods.4.outcome.report.source_map.segments.0.origin.primary.method.owner.location.entry.raw_name = [99,102,48,50,47,80,114,101,100,105,99,97,116,101,115,46,99,108,97,115,115]
methods.4.outcome.report.source_map.segments.0.origin.primary.method.owner.location.kind = "archive_entry"
methods.4.outcome.report.source_map.segments.0.origin.primary.method.owner.variant.kind = "base"
methods.4.outcome.report.source_map.segments.0.origin.primary.provenance = "Direct"
methods.4.outcome.report.source_map.segments.0.start = 192
methods.4.outcome.report.source_map.segments.1.end = 204
methods.4.outcome.report.source_map.segments.1.origin.derived = []
methods.4.outcome.report.source_map.segments.1.origin.primary.bci = 1
methods.4.outcome.report.source_map.segments.1.origin.primary.cp = null
methods.4.outcome.report.source_map.segments.1.origin.primary.method.descriptor = [40,76,106,97,118,97,47,108,97,110,103,47,79,98,106,101,99,116,59,41,90]
methods.4.outcome.report.source_map.segments.1.origin.primary.method.name = [110,97,109,101,100]
methods.4.outcome.report.source_map.segments.1.origin.primary.method.owner.class_bytes.digest = "2deb547529e72a8b6b4c4685c72478fce627fa26bf2d80f3142084057fde8484"
methods.4.outcome.report.source_map.segments.1.origin.primary.method.owner.class_bytes.length = 499
methods.4.outcome.report.source_map.segments.1.origin.primary.method.owner.location.entry.ordinal = 2
methods.4.outcome.report.source_map.segments.1.origin.primary.method.owner.location.entry.origin.root_container = "root"
methods.4.outcome.report.source_map.segments.1.origin.primary.method.owner.location.entry.origin.snapshot = "a70b81a61bdac4fe45f49e97d4e3a1d8fbb032918e0a6ac0b5d8fb8cda619f1d"
methods.4.outcome.report.source_map.segments.1.origin.primary.method.owner.location.entry.origin.steps = []
methods.4.outcome.report.source_map.segments.1.origin.primary.method.owner.location.entry.raw_name = [99,102,48,50,47,80,114,101,100,105,99,97,116,101,115,46,99,108,97,115,115]
methods.4.outcome.report.source_map.segments.1.origin.primary.method.owner.location.kind = "archive_entry"
methods.4.outcome.report.source_map.segments.1.origin.primary.method.owner.variant.kind = "base"
methods.4.outcome.report.source_map.segments.1.origin.primary.provenance = "Direct"
methods.4.outcome.report.source_map.segments.1.start = 200
methods.4.outcome.report.source_map.segments.2.end = 204
methods.4.outcome.report.source_map.segments.2.origin.derived.0.bci = 1
methods.4.outcome.report.source_map.segments.2.origin.derived.0.cp = null
methods.4.outcome.report.source_map.segments.2.origin.derived.0.method.descriptor = [40,76,106,97,118,97,47,108,97,110,103,47,79,98,106,101,99,116,59,41,90]
methods.4.outcome.report.source_map.segments.2.origin.derived.0.method.name = [110,97,109,101,100]
methods.4.outcome.report.source_map.segments.2.origin.derived.0.method.owner.class_bytes.digest = "2deb547529e72a8b6b4c4685c72478fce627fa26bf2d80f3142084057fde8484"
methods.4.outcome.report.source_map.segments.2.origin.derived.0.method.owner.class_bytes.length = 499
methods.4.outcome.report.source_map.segments.2.origin.derived.0.method.owner.location.entry.ordinal = 2
methods.4.outcome.report.source_map.segments.2.origin.derived.0.method.owner.location.entry.origin.root_container = "root"
methods.4.outcome.report.source_map.segments.2.origin.derived.0.method.owner.location.entry.origin.snapshot = "a70b81a61bdac4fe45f49e97d4e3a1d8fbb032918e0a6ac0b5d8fb8cda619f1d"
methods.4.outcome.report.source_map.segments.2.origin.derived.0.method.owner.location.entry.origin.steps = []
methods.4.outcome.report.source_map.segments.2.origin.derived.0.method.owner.location.entry.raw_name = [99,102,48,50,47,80,114,101,100,105,99,97,116,101,115,46,99,108,97,115,115]
methods.4.outcome.report.source_map.segments.2.origin.derived.0.method.owner.location.kind = "archive_entry"
methods.4.outcome.report.source_map.segments.2.origin.derived.0.method.owner.variant.kind = "base"
methods.4.outcome.report.source_map.segments.2.origin.derived.0.provenance = "Derived"
methods.4.outcome.report.source_map.segments.2.origin.primary.bci = 0
methods.4.outcome.report.source_map.segments.2.origin.primary.cp = null
methods.4.outcome.report.source_map.segments.2.origin.primary.method.descriptor = [40,76,106,97,118,97,47,108,97,110,103,47,79,98,106,101,99,116,59,41,90]
methods.4.outcome.report.source_map.segments.2.origin.primary.method.name = [110,97,109,101,100]
methods.4.outcome.report.source_map.segments.2.origin.primary.method.owner.class_bytes.digest = "2deb547529e72a8b6b4c4685c72478fce627fa26bf2d80f3142084057fde8484"
methods.4.outcome.report.source_map.segments.2.origin.primary.method.owner.class_bytes.length = 499
methods.4.outcome.report.source_map.segments.2.origin.primary.method.owner.location.entry.ordinal = 2
methods.4.outcome.report.source_map.segments.2.origin.primary.method.owner.location.entry.origin.root_container = "root"
methods.4.outcome.report.source_map.segments.2.origin.primary.method.owner.location.entry.origin.snapshot = "a70b81a61bdac4fe45f49e97d4e3a1d8fbb032918e0a6ac0b5d8fb8cda619f1d"
methods.4.outcome.report.source_map.segments.2.origin.primary.method.owner.location.entry.origin.steps = []
methods.4.outcome.report.source_map.segments.2.origin.primary.method.owner.location.entry.raw_name = [99,102,48,50,47,80,114,101,100,105,99,97,116,101,115,46,99,108,97,115,115]
methods.4.outcome.report.source_map.segments.2.origin.primary.method.owner.location.kind = "archive_entry"
methods.4.outcome.report.source_map.segments.2.origin.primary.method.owner.variant.kind = "base"
methods.4.outcome.report.source_map.segments.2.origin.primary.provenance = "Direct"
methods.4.outcome.report.source_map.segments.2.start = 192
methods.4.outcome.report.source_map.segments.3.end = 226
methods.4.outcome.report.source_map.segments.3.origin.derived = []
methods.4.outcome.report.source_map.segments.3.origin.primary.bci = 4
methods.4.outcome.report.source_map.segments.3.origin.primary.cp = null
methods.4.outcome.report.source_map.segments.3.origin.primary.method.descriptor = [40,76,106,97,118,97,47,108,97,110,103,47,79,98,106,101,99,116,59,41,90]
methods.4.outcome.report.source_map.segments.3.origin.primary.method.name = [110,97,109,101,100]
methods.4.outcome.report.source_map.segments.3.origin.primary.method.owner.class_bytes.digest = "2deb547529e72a8b6b4c4685c72478fce627fa26bf2d80f3142084057fde8484"
methods.4.outcome.report.source_map.segments.3.origin.primary.method.owner.class_bytes.length = 499
methods.4.outcome.report.source_map.segments.3.origin.primary.method.owner.location.entry.ordinal = 2
methods.4.outcome.report.source_map.segments.3.origin.primary.method.owner.location.entry.origin.root_container = "root"
methods.4.outcome.report.source_map.segments.3.origin.primary.method.owner.location.entry.origin.snapshot = "a70b81a61bdac4fe45f49e97d4e3a1d8fbb032918e0a6ac0b5d8fb8cda619f1d"
methods.4.outcome.report.source_map.segments.3.origin.primary.method.owner.location.entry.origin.steps = []
methods.4.outcome.report.source_map.segments.3.origin.primary.method.owner.location.entry.raw_name = [99,102,48,50,47,80,114,101,100,105,99,97,116,101,115,46,99,108,97,115,115]
methods.4.outcome.report.source_map.segments.3.origin.primary.method.owner.location.kind = "archive_entry"
methods.4.outcome.report.source_map.segments.3.origin.primary.method.owner.variant.kind = "base"
methods.4.outcome.report.source_map.segments.3.origin.primary.provenance = "Direct"
methods.4.outcome.report.source_map.segments.3.start = 222
methods.4.outcome.report.source_map.segments.4.end = 254
methods.4.outcome.report.source_map.segments.4.origin.derived = []
methods.4.outcome.report.source_map.segments.4.origin.primary.bci = 5
methods.4.outcome.report.source_map.segments.4.origin.primary.cp = null
methods.4.outcome.report.source_map.segments.4.origin.primary.method.descriptor = [40,76,106,97,118,97,47,108,97,110,103,47,79,98,106,101,99,116,59,41,90]
methods.4.outcome.report.source_map.segments.4.origin.primary.method.name = [110,97,109,101,100]
methods.4.outcome.report.source_map.segments.4.origin.primary.method.owner.class_bytes.digest = "2deb547529e72a8b6b4c4685c72478fce627fa26bf2d80f3142084057fde8484"
methods.4.outcome.report.source_map.segments.4.origin.primary.method.owner.class_bytes.length = 499
methods.4.outcome.report.source_map.segments.4.origin.primary.method.owner.location.entry.ordinal = 2
methods.4.outcome.report.source_map.segments.4.origin.primary.method.owner.location.entry.origin.root_container = "root"
methods.4.outcome.report.source_map.segments.4.origin.primary.method.owner.location.entry.origin.snapshot = "a70b81a61bdac4fe45f49e97d4e3a1d8fbb032918e0a6ac0b5d8fb8cda619f1d"
methods.4.outcome.report.source_map.segments.4.origin.primary.method.owner.location.entry.origin.steps = []
methods.4.outcome.report.source_map.segments.4.origin.primary.method.owner.location.entry.raw_name = [99,102,48,50,47,80,114,101,100,105,99,97,116,101,115,46,99,108,97,115,115]
methods.4.outcome.report.source_map.segments.4.origin.primary.method.owner.location.kind = "archive_entry"
methods.4.outcome.report.source_map.segments.4.origin.primary.method.owner.variant.kind = "base"
methods.4.outcome.report.source_map.segments.4.origin.primary.provenance = "Direct"
methods.4.outcome.report.source_map.segments.4.start = 222
methods.4.outcome.report.source_map.segments.5.end = 255
methods.4.outcome.report.source_map.segments.5.origin.derived.0.bci = 8
methods.4.outcome.report.source_map.segments.5.origin.derived.0.cp = null
methods.4.outcome.report.source_map.segments.5.origin.derived.0.method.descriptor = [40,76,106,97,118,97,47,108,97,110,103,47,79,98,106,101,99,116,59,41,90]
methods.4.outcome.report.source_map.segments.5.origin.derived.0.method.name = [110,97,109,101,100]
methods.4.outcome.report.source_map.segments.5.origin.derived.0.method.owner.class_bytes.digest = "2deb547529e72a8b6b4c4685c72478fce627fa26bf2d80f3142084057fde8484"
methods.4.outcome.report.source_map.segments.5.origin.derived.0.method.owner.class_bytes.length = 499
methods.4.outcome.report.source_map.segments.5.origin.derived.0.method.owner.location.entry.ordinal = 2
methods.4.outcome.report.source_map.segments.5.origin.derived.0.method.owner.location.entry.origin.root_container = "root"
methods.4.outcome.report.source_map.segments.5.origin.derived.0.method.owner.location.entry.origin.snapshot = "a70b81a61bdac4fe45f49e97d4e3a1d8fbb032918e0a6ac0b5d8fb8cda619f1d"
methods.4.outcome.report.source_map.segments.5.origin.derived.0.method.owner.location.entry.origin.steps = []
methods.4.outcome.report.source_map.segments.5.origin.derived.0.method.owner.location.entry.raw_name = [99,102,48,50,47,80,114,101,100,105,99,97,116,101,115,46,99,108,97,115,115]
methods.4.outcome.report.source_map.segments.5.origin.derived.0.method.owner.location.kind = "archive_entry"
methods.4.outcome.report.source_map.segments.5.origin.derived.0.method.owner.variant.kind = "base"
methods.4.outcome.report.source_map.segments.5.origin.derived.0.provenance = "Derived"
methods.4.outcome.report.source_map.segments.5.origin.primary.bci = 5
methods.4.outcome.report.source_map.segments.5.origin.primary.cp = null
methods.4.outcome.report.source_map.segments.5.origin.primary.method.descriptor = [40,76,106,97,118,97,47,108,97,110,103,47,79,98,106,101,99,116,59,41,90]
methods.4.outcome.report.source_map.segments.5.origin.primary.method.name = [110,97,109,101,100]
methods.4.outcome.report.source_map.segments.5.origin.primary.method.owner.class_bytes.digest = "2deb547529e72a8b6b4c4685c72478fce627fa26bf2d80f3142084057fde8484"
methods.4.outcome.report.source_map.segments.5.origin.primary.method.owner.class_bytes.length = 499
methods.4.outcome.report.source_map.segments.5.origin.primary.method.owner.location.entry.ordinal = 2
methods.4.outcome.report.source_map.segments.5.origin.primary.method.owner.location.entry.origin.root_container = "root"
methods.4.outcome.report.source_map.segments.5.origin.primary.method.owner.location.entry.origin.snapshot = "a70b81a61bdac4fe45f49e97d4e3a1d8fbb032918e0a6ac0b5d8fb8cda619f1d"
methods.4.outcome.report.source_map.segments.5.origin.primary.method.owner.location.entry.origin.steps = []
methods.4.outcome.report.source_map.segments.5.origin.primary.method.owner.location.entry.raw_name = [99,102,48,50,47,80,114,101,100,105,99,97,116,101,115,46,99,108,97,115,115]
methods.4.outcome.report.source_map.segments.5.origin.primary.method.owner.location.kind = "archive_entry"
methods.4.outcome.report.source_map.segments.5.origin.primary.method.owner.variant.kind = "base"
methods.4.outcome.report.source_map.segments.5.origin.primary.provenance = "Direct"
methods.4.outcome.report.source_map.segments.5.start = 220
methods.4.outcome.report.source_map.segments.6.end = 269
methods.4.outcome.report.source_map.segments.6.origin.derived = []
methods.4.outcome.report.source_map.segments.6.origin.primary.bci = 8
methods.4.outcome.report.source_map.segments.6.origin.primary.cp = null
methods.4.outcome.report.source_map.segments.6.origin.primary.method.descriptor = [40,76,106,97,118,97,47,108,97,110,103,47,79,98,106,101,99,116,59,41,90]
methods.4.outcome.report.source_map.segments.6.origin.primary.method.name = [110,97,109,101,100]
methods.4.outcome.report.source_map.segments.6.origin.primary.method.owner.class_bytes.digest = "2deb547529e72a8b6b4c4685c72478fce627fa26bf2d80f3142084057fde8484"
methods.4.outcome.report.source_map.segments.6.origin.primary.method.owner.class_bytes.length = 499
methods.4.outcome.report.source_map.segments.6.origin.primary.method.owner.location.entry.ordinal = 2
methods.4.outcome.report.source_map.segments.6.origin.primary.method.owner.location.entry.origin.root_container = "root"
methods.4.outcome.report.source_map.segments.6.origin.primary.method.owner.location.entry.origin.snapshot = "a70b81a61bdac4fe45f49e97d4e3a1d8fbb032918e0a6ac0b5d8fb8cda619f1d"
methods.4.outcome.report.source_map.segments.6.origin.primary.method.owner.location.entry.origin.steps = []
methods.4.outcome.report.source_map.segments.6.origin.primary.method.owner.location.entry.raw_name = [99,102,48,50,47,80,114,101,100,105,99,97,116,101,115,46,99,108,97,115,115]
methods.4.outcome.report.source_map.segments.6.origin.primary.method.owner.location.kind = "archive_entry"
methods.4.outcome.report.source_map.segments.6.origin.primary.method.owner.variant.kind = "base"
methods.4.outcome.report.source_map.segments.6.origin.primary.provenance = "Direct"
methods.4.outcome.report.source_map.segments.6.start = 208
methods.4.outcome.report.source_map.segments.7.end = 275
methods.4.outcome.report.source_map.segments.7.origin.derived = []
methods.4.outcome.report.source_map.segments.7.origin.primary.bci = 1
methods.4.outcome.report.source_map.segments.7.origin.primary.cp = null
methods.4.outcome.report.source_map.segments.7.origin.primary.method.descriptor = [40,76,106,97,118,97,47,108,97,110,103,47,79,98,106,101,99,116,59,41,90]
methods.4.outcome.report.source_map.segments.7.origin.primary.method.name = [110,97,109,101,100]
methods.4.outcome.report.source_map.segments.7.origin.primary.method.owner.class_bytes.digest = "2deb547529e72a8b6b4c4685c72478fce627fa26bf2d80f3142084057fde8484"
methods.4.outcome.report.source_map.segments.7.origin.primary.method.owner.class_bytes.length = 499
methods.4.outcome.report.source_map.segments.7.origin.primary.method.owner.location.entry.ordinal = 2
methods.4.outcome.report.source_map.segments.7.origin.primary.method.owner.location.entry.origin.root_container = "root"
methods.4.outcome.report.source_map.segments.7.origin.primary.method.owner.location.entry.origin.snapshot = "a70b81a61bdac4fe45f49e97d4e3a1d8fbb032918e0a6ac0b5d8fb8cda619f1d"
methods.4.outcome.report.source_map.segments.7.origin.primary.method.owner.location.entry.origin.steps = []
methods.4.outcome.report.source_map.segments.7.origin.primary.method.owner.location.entry.raw_name = [99,102,48,50,47,80,114,101,100,105,99,97,116,101,115,46,99,108,97,115,115]
methods.4.outcome.report.source_map.segments.7.origin.primary.method.owner.location.kind = "archive_entry"
methods.4.outcome.report.source_map.segments.7.origin.primary.method.owner.variant.kind = "base"
methods.4.outcome.report.source_map.segments.7.origin.primary.provenance = "Direct"
methods.4.outcome.report.source_map.segments.7.start = 184
methods.4.outcome.report.source_map.segments.8.end = 291
methods.4.outcome.report.source_map.segments.8.origin.derived = []
methods.4.outcome.report.source_map.segments.8.origin.primary.bci = 11
methods.4.outcome.report.source_map.segments.8.origin.primary.cp = null
methods.4.outcome.report.source_map.segments.8.origin.primary.method.descriptor = [40,76,106,97,118,97,47,108,97,110,103,47,79,98,106,101,99,116,59,41,90]
methods.4.outcome.report.source_map.segments.8.origin.primary.method.name = [110,97,109,101,100]
methods.4.outcome.report.source_map.segments.8.origin.primary.method.owner.class_bytes.digest = "2deb547529e72a8b6b4c4685c72478fce627fa26bf2d80f3142084057fde8484"
methods.4.outcome.report.source_map.segments.8.origin.primary.method.owner.class_bytes.length = 499
methods.4.outcome.report.source_map.segments.8.origin.primary.method.owner.location.entry.ordinal = 2
methods.4.outcome.report.source_map.segments.8.origin.primary.method.owner.location.entry.origin.root_container = "root"
methods.4.outcome.report.source_map.segments.8.origin.primary.method.owner.location.entry.origin.snapshot = "a70b81a61bdac4fe45f49e97d4e3a1d8fbb032918e0a6ac0b5d8fb8cda619f1d"
methods.4.outcome.report.source_map.segments.8.origin.primary.method.owner.location.entry.origin.steps = []
methods.4.outcome.report.source_map.segments.8.origin.primary.method.owner.location.entry.raw_name = [99,102,48,50,47,80,114,101,100,105,99,97,116,101,115,46,99,108,97,115,115]
methods.4.outcome.report.source_map.segments.8.origin.primary.method.owner.location.kind = "archive_entry"
methods.4.outcome.report.source_map.segments.8.origin.primary.method.owner.variant.kind = "base"
methods.4.outcome.report.source_map.segments.8.origin.primary.provenance = "Direct"
methods.4.outcome.report.source_map.segments.8.start = 286
methods.4.outcome.report.source_map.segments.9.end = 293
methods.4.outcome.report.source_map.segments.9.origin.derived = []
methods.4.outcome.report.source_map.segments.9.origin.primary.bci = 12
methods.4.outcome.report.source_map.segments.9.origin.primary.cp = null
methods.4.outcome.report.source_map.segments.9.origin.primary.method.descriptor = [40,76,106,97,118,97,47,108,97,110,103,47,79,98,106,101,99,116,59,41,90]
methods.4.outcome.report.source_map.segments.9.origin.primary.method.name = [110,97,109,101,100]
methods.4.outcome.report.source_map.segments.9.origin.primary.method.owner.class_bytes.digest = "2deb547529e72a8b6b4c4685c72478fce627fa26bf2d80f3142084057fde8484"
methods.4.outcome.report.source_map.segments.9.origin.primary.method.owner.class_bytes.length = 499
methods.4.outcome.report.source_map.segments.9.origin.primary.method.owner.location.entry.ordinal = 2
methods.4.outcome.report.source_map.segments.9.origin.primary.method.owner.location.entry.origin.root_container = "root"
methods.4.outcome.report.source_map.segments.9.origin.primary.method.owner.location.entry.origin.snapshot = "a70b81a61bdac4fe45f49e97d4e3a1d8fbb032918e0a6ac0b5d8fb8cda619f1d"
methods.4.outcome.report.source_map.segments.9.origin.primary.method.owner.location.entry.origin.steps = []
methods.4.outcome.report.source_map.segments.9.origin.primary.method.owner.location.entry.raw_name = [99,102,48,50,47,80,114,101,100,105,99,97,116,101,115,46,99,108,97,115,115]
methods.4.outcome.report.source_map.segments.9.origin.primary.method.owner.location.kind = "archive_entry"
methods.4.outcome.report.source_map.segments.9.origin.primary.method.owner.variant.kind = "base"
methods.4.outcome.report.source_map.segments.9.origin.primary.provenance = "Direct"
methods.4.outcome.report.source_map.segments.9.start = 275
methods.4.outcome.report.source_map.segments.10.end = 407
methods.4.outcome.report.source_map.segments.10.origin.derived = []
methods.4.outcome.report.source_map.segments.10.origin.primary.bci = 28
methods.4.outcome.report.source_map.segments.10.origin.primary.cp = null
methods.4.outcome.report.source_map.segments.10.origin.primary.method.descriptor = [40,76,106,97,118,97,47,108,97,110,103,47,79,98,106,101,99,116,59,41,90]
methods.4.outcome.report.source_map.segments.10.origin.primary.method.name = [110,97,109,101,100]
methods.4.outcome.report.source_map.segments.10.origin.primary.method.owner.class_bytes.digest = "2deb547529e72a8b6b4c4685c72478fce627fa26bf2d80f3142084057fde8484"
methods.4.outcome.report.source_map.segments.10.origin.primary.method.owner.class_bytes.length = 499
methods.4.outcome.report.source_map.segments.10.origin.primary.method.owner.location.entry.ordinal = 2
methods.4.outcome.report.source_map.segments.10.origin.primary.method.owner.location.entry.origin.root_container = "root"
methods.4.outcome.report.source_map.segments.10.origin.primary.method.owner.location.entry.origin.snapshot = "a70b81a61bdac4fe45f49e97d4e3a1d8fbb032918e0a6ac0b5d8fb8cda619f1d"
methods.4.outcome.report.source_map.segments.10.origin.primary.method.owner.location.entry.origin.steps = []
methods.4.outcome.report.source_map.segments.10.origin.primary.method.owner.location.entry.raw_name = [99,102,48,50,47,80,114,101,100,105,99,97,116,101,115,46,99,108,97,115,115]
methods.4.outcome.report.source_map.segments.10.origin.primary.method.owner.location.kind = "archive_entry"
methods.4.outcome.report.source_map.segments.10.origin.primary.method.owner.variant.kind = "base"
methods.4.outcome.report.source_map.segments.10.origin.primary.provenance = "Direct"
methods.4.outcome.report.source_map.segments.10.start = 293
methods.4.outcome.report.syntax_status = "not_java"
methods.4.outcome.report.text = "// @method named(Ljava/lang/Object;)Z\n// @declaration an instance method of `cf02.Predicates`, member flags 0x0001\n// recovered from bytecode; presentation is not claimed to compile\n{\n    if (arg1 != null) {\n        if (!(arg1 instanceof java.lang.String)) {\n        }\n    }\n    return false;\n    // @bytecode 28\n    // 1 live block(s) are reachable only through edges the normal-flow view leaves out: [28]\n}\n"
methods.4.outcome.report.verification = "not_performed"
methods.4.parameter_annotations.attributes = []
methods.4.parameter_annotations.refusals = []
methods.4.parameter_annotations.uses_by_position = [[]]
methods.4.text = "    public boolean named(java.lang.Object arg1) {\n        // @method named(Ljava/lang/Object;)Z\n        // @declaration an instance method of `cf02.Predicates`, member flags 0x0001\n        // recovered from bytecode; presentation is not claimed to compile\n        if (arg1 != null) {\n            if (!(arg1 instanceof java.lang.String)) {\n            }\n        }\n        return false;\n        // @bytecode 28\n        // 1 live block(s) are reachable only through edges the normal-flow view leaves out: [28]\n    }\n"
methods.4.type_annotations.attributes = []
methods.4.type_annotations.field_uses = []
methods.4.type_annotations.parameter_uses = [[]]
methods.4.type_annotations.refusals = []
methods.4.type_annotations.return_uses = []
nested_annotation_family.state = "absent"
nested_enum_family.state = "absent"
outcome = "performed"
stages = ["raw_facts","raw_cfg","legacy_normalization","canonical_cfg","frame","ssa"]
usage.analysis_steps = 1165
usage.archive_entries = 9
usage.attribute_bytes = 633
usage.class_bytes = 998
usage.class_headers = 1
usage.code_bytes = 75
usage.dependency_depth = 0
usage.elapsed_millis = 40
usage.entry_bytes = 499
usage.input_bytes = 800
usage.ir_edges = 165
usage.ir_items = 1803
usage.method_bodies = 5
usage.nested_depth = 0
usage.normalization_clones = 0
usage.output_bytes = 1215
usage.read_bytes = 343
usage.result_items = 22
view.scope.kind = "snapshot_all"
view.snapshot = "a70b81a61bdac4fe45f49e97d4e3a1d8fbb032918e0a6ac0b5d8fb8cda619f1d"
