scope	exit_code	command
versions/jarde-cli	0	/private/tmp/jarde-raw-receiver-final-v3-cli --version
versions/jadx-cli	0	/Users/lordcasser/workspace/testzone/jadx/jadx-cli/build/install/jadx/bin/jadx --version
jdk8/versions/java	0	/Library/Java/JavaVirtualMachines/corretto-1.8.0_432/Contents/Home/bin/java -version
jdk8/versions/javac	0	/Library/Java/JavaVirtualMachines/corretto-1.8.0_432/Contents/Home/bin/javac -version
jdk8/debug/RawParam/jar-contents	0	/Library/Java/JavaVirtualMachines/corretto-1.8.0_432/Contents/Home/bin/jar tf /Users/lordcasser/workspace/projects/jarde/openspec/evidence/raw-receiver-field-selection-2026-10-09/jdk8/debug/input/RawParam.jar
jdk8/debug/RawParam/original-javac	0	/Library/Java/JavaVirtualMachines/corretto-1.8.0_432/Contents/Home/bin/javac -source 8 -target 8 -g -classpath /var/folders/gm/lzn3ylzx4lz7mx29lftngdz40000gn/T/jarde-raw-receiver-replay-a8f0kqa8/empty-classpath -sourcepath /var/folders/gm/lzn3ylzx4lz7mx29lftngdz40000gn/T/jarde-raw-receiver-replay-a8f0kqa8/empty-sourcepath -d /var/folders/gm/lzn3ylzx4lz7mx29lftngdz40000gn/T/jarde-raw-receiver-replay-a8f0kqa8/original /Users/lordcasser/workspace/projects/jarde/openspec/evidence/raw-receiver-field-selection-2026-10-09/source/RawParam.java
jdk8/debug/RawParam/javap	0	/Library/Java/JavaVirtualMachines/corretto-1.8.0_432/Contents/Home/bin/javap -p -c -s -v -classpath /Users/lordcasser/workspace/projects/jarde/openspec/evidence/raw-receiver-field-selection-2026-10-09/jdk8/debug/input/RawParam.jar RawParam
jdk8/debug/RawParam/original-probe-javac	0	/Library/Java/JavaVirtualMachines/corretto-1.8.0_432/Contents/Home/bin/javac -source 8 -target 8 -g -classpath /var/folders/gm/lzn3ylzx4lz7mx29lftngdz40000gn/T/jarde-raw-receiver-replay-a8f0kqa8/empty-classpath -sourcepath /var/folders/gm/lzn3ylzx4lz7mx29lftngdz40000gn/T/jarde-raw-receiver-replay-a8f0kqa8/empty-sourcepath -d /var/folders/gm/lzn3ylzx4lz7mx29lftngdz40000gn/T/jarde-raw-receiver-replay-a8f0kqa8/original-probe /Users/lordcasser/workspace/projects/jarde/openspec/evidence/raw-receiver-field-selection-2026-10-09/source/ReceiverProbe.java
jdk8/debug/RawParam/original-run	0	/Library/Java/JavaVirtualMachines/corretto-1.8.0_432/Contents/Home/bin/java -Xverify:all -cp /var/folders/gm/lzn3ylzx4lz7mx29lftngdz40000gn/T/jarde-raw-receiver-replay-a8f0kqa8/original:/var/folders/gm/lzn3ylzx4lz7mx29lftngdz40000gn/T/jarde-raw-receiver-replay-a8f0kqa8/original-probe ReceiverProbe RawParam
jdk8/debug/RawParam/jarde-RawParam	0	/private/tmp/jarde-raw-receiver-final-v3-cli class-source --input /Users/lordcasser/workspace/projects/jarde/openspec/evidence/raw-receiver-field-selection-2026-10-09/jdk8/debug/input/RawParam.jar --class RawParam --policy plain-jar --release 8 --format text
jdk8/debug/RawParam/jarde-RawParam-source-header	0	nonempty self-describing source
jdk8/debug/RawParam/jarde-javac	0	/Library/Java/JavaVirtualMachines/corretto-1.8.0_432/Contents/Home/bin/javac -source 8 -target 8 -g -classpath /var/folders/gm/lzn3ylzx4lz7mx29lftngdz40000gn/T/jarde-raw-receiver-replay-a8f0kqa8/empty-classpath -sourcepath /var/folders/gm/lzn3ylzx4lz7mx29lftngdz40000gn/T/jarde-raw-receiver-replay-a8f0kqa8/empty-sourcepath -d /var/folders/gm/lzn3ylzx4lz7mx29lftngdz40000gn/T/jarde-raw-receiver-replay-a8f0kqa8/jarde-classes /Users/lordcasser/workspace/projects/jarde/openspec/changes/recover-same-class-generic-call-consumers/results/candidate/gc09-raw-64-baseline-v1/jdk8/debug/jarde/RawParam.java /Users/lordcasser/workspace/projects/jarde/openspec/evidence/raw-receiver-field-selection-2026-10-09/source/ReceiverProbe.java
jdk8/debug/RawParam/jarde-verify-run	0	/Library/Java/JavaVirtualMachines/corretto-1.8.0_432/Contents/Home/bin/java -Xverify:all -cp /var/folders/gm/lzn3ylzx4lz7mx29lftngdz40000gn/T/jarde-raw-receiver-replay-a8f0kqa8/jarde-classes ReceiverProbe RawParam
jdk8/debug/RawParam/jadx	0	/Users/lordcasser/workspace/testzone/jadx/jadx-cli/build/install/jadx/bin/jadx --no-res --single-class RawParam -d /Users/lordcasser/workspace/projects/jarde/openspec/changes/recover-same-class-generic-call-consumers/results/candidate/gc09-raw-64-baseline-v1/jdk8/debug/jadx/RawParam /Users/lordcasser/workspace/projects/jarde/openspec/evidence/raw-receiver-field-selection-2026-10-09/jdk8/debug/input/RawParam.jar
jdk8/debug/RawParam/jadx-source-header	0	nonempty class source
jdk8/debug/RawParam/jadx-javac	0	/Library/Java/JavaVirtualMachines/corretto-1.8.0_432/Contents/Home/bin/javac -source 8 -target 8 -g -classpath /var/folders/gm/lzn3ylzx4lz7mx29lftngdz40000gn/T/jarde-raw-receiver-replay-a8f0kqa8/empty-classpath -sourcepath /var/folders/gm/lzn3ylzx4lz7mx29lftngdz40000gn/T/jarde-raw-receiver-replay-a8f0kqa8/empty-sourcepath -d /var/folders/gm/lzn3ylzx4lz7mx29lftngdz40000gn/T/jarde-raw-receiver-replay-a8f0kqa8/jadx-classes /Users/lordcasser/workspace/projects/jarde/openspec/changes/recover-same-class-generic-call-consumers/results/candidate/gc09-raw-64-baseline-v1/jdk8/debug/jadx/RawParam/sources/defpackage/RawParam.java /Users/lordcasser/workspace/projects/jarde/openspec/evidence/raw-receiver-field-selection-2026-10-09/source/ReceiverProbe.java
jdk8/debug/RawParam/jadx-verify-run	0	/Library/Java/JavaVirtualMachines/corretto-1.8.0_432/Contents/Home/bin/java -Xverify:all -cp /var/folders/gm/lzn3ylzx4lz7mx29lftngdz40000gn/T/jarde-raw-receiver-replay-a8f0kqa8/jadx-classes ReceiverProbe defpackage.RawParam
jdk8/no-debug/RawParam/jar-contents	0	/Library/Java/JavaVirtualMachines/corretto-1.8.0_432/Contents/Home/bin/jar tf /Users/lordcasser/workspace/projects/jarde/openspec/evidence/raw-receiver-field-selection-2026-10-09/jdk8/no-debug/input/RawParam.jar
jdk8/no-debug/RawParam/original-javac	0	/Library/Java/JavaVirtualMachines/corretto-1.8.0_432/Contents/Home/bin/javac -source 8 -target 8 -g:none -classpath /var/folders/gm/lzn3ylzx4lz7mx29lftngdz40000gn/T/jarde-raw-receiver-replay-uxx0mlzp/empty-classpath -sourcepath /var/folders/gm/lzn3ylzx4lz7mx29lftngdz40000gn/T/jarde-raw-receiver-replay-uxx0mlzp/empty-sourcepath -d /var/folders/gm/lzn3ylzx4lz7mx29lftngdz40000gn/T/jarde-raw-receiver-replay-uxx0mlzp/original /Users/lordcasser/workspace/projects/jarde/openspec/evidence/raw-receiver-field-selection-2026-10-09/source/RawParam.java
jdk8/no-debug/RawParam/javap	0	/Library/Java/JavaVirtualMachines/corretto-1.8.0_432/Contents/Home/bin/javap -p -c -s -v -classpath /Users/lordcasser/workspace/projects/jarde/openspec/evidence/raw-receiver-field-selection-2026-10-09/jdk8/no-debug/input/RawParam.jar RawParam
jdk8/no-debug/RawParam/original-probe-javac	0	/Library/Java/JavaVirtualMachines/corretto-1.8.0_432/Contents/Home/bin/javac -source 8 -target 8 -g:none -classpath /var/folders/gm/lzn3ylzx4lz7mx29lftngdz40000gn/T/jarde-raw-receiver-replay-uxx0mlzp/empty-classpath -sourcepath /var/folders/gm/lzn3ylzx4lz7mx29lftngdz40000gn/T/jarde-raw-receiver-replay-uxx0mlzp/empty-sourcepath -d /var/folders/gm/lzn3ylzx4lz7mx29lftngdz40000gn/T/jarde-raw-receiver-replay-uxx0mlzp/original-probe /Users/lordcasser/workspace/projects/jarde/openspec/evidence/raw-receiver-field-selection-2026-10-09/source/ReceiverProbe.java
jdk8/no-debug/RawParam/original-run	0	/Library/Java/JavaVirtualMachines/corretto-1.8.0_432/Contents/Home/bin/java -Xverify:all -cp /var/folders/gm/lzn3ylzx4lz7mx29lftngdz40000gn/T/jarde-raw-receiver-replay-uxx0mlzp/original:/var/folders/gm/lzn3ylzx4lz7mx29lftngdz40000gn/T/jarde-raw-receiver-replay-uxx0mlzp/original-probe ReceiverProbe RawParam
jdk8/no-debug/RawParam/jarde-RawParam	0	/private/tmp/jarde-raw-receiver-final-v3-cli class-source --input /Users/lordcasser/workspace/projects/jarde/openspec/evidence/raw-receiver-field-selection-2026-10-09/jdk8/no-debug/input/RawParam.jar --class RawParam --policy plain-jar --release 8 --format text
jdk8/no-debug/RawParam/jarde-RawParam-source-header	0	nonempty self-describing source
jdk8/no-debug/RawParam/jarde-javac	0	/Library/Java/JavaVirtualMachines/corretto-1.8.0_432/Contents/Home/bin/javac -source 8 -target 8 -g:none -classpath /var/folders/gm/lzn3ylzx4lz7mx29lftngdz40000gn/T/jarde-raw-receiver-replay-uxx0mlzp/empty-classpath -sourcepath /var/folders/gm/lzn3ylzx4lz7mx29lftngdz40000gn/T/jarde-raw-receiver-replay-uxx0mlzp/empty-sourcepath -d /var/folders/gm/lzn3ylzx4lz7mx29lftngdz40000gn/T/jarde-raw-receiver-replay-uxx0mlzp/jarde-classes /Users/lordcasser/workspace/projects/jarde/openspec/changes/recover-same-class-generic-call-consumers/results/candidate/gc09-raw-64-baseline-v1/jdk8/no-debug/jarde/RawParam.java /Users/lordcasser/workspace/projects/jarde/openspec/evidence/raw-receiver-field-selection-2026-10-09/source/ReceiverProbe.java
jdk8/no-debug/RawParam/jarde-verify-run	0	/Library/Java/JavaVirtualMachines/corretto-1.8.0_432/Contents/Home/bin/java -Xverify:all -cp /var/folders/gm/lzn3ylzx4lz7mx29lftngdz40000gn/T/jarde-raw-receiver-replay-uxx0mlzp/jarde-classes ReceiverProbe RawParam
jdk8/no-debug/RawParam/jadx	0	/Users/lordcasser/workspace/testzone/jadx/jadx-cli/build/install/jadx/bin/jadx --no-res --single-class RawParam -d /Users/lordcasser/workspace/projects/jarde/openspec/changes/recover-same-class-generic-call-consumers/results/candidate/gc09-raw-64-baseline-v1/jdk8/no-debug/jadx/RawParam /Users/lordcasser/workspace/projects/jarde/openspec/evidence/raw-receiver-field-selection-2026-10-09/jdk8/no-debug/input/RawParam.jar
jdk8/no-debug/RawParam/jadx-source-header	0	nonempty class source
jdk8/no-debug/RawParam/jadx-javac	0	/Library/Java/JavaVirtualMachines/corretto-1.8.0_432/Contents/Home/bin/javac -source 8 -target 8 -g:none -classpath /var/folders/gm/lzn3ylzx4lz7mx29lftngdz40000gn/T/jarde-raw-receiver-replay-uxx0mlzp/empty-classpath -sourcepath /var/folders/gm/lzn3ylzx4lz7mx29lftngdz40000gn/T/jarde-raw-receiver-replay-uxx0mlzp/empty-sourcepath -d /var/folders/gm/lzn3ylzx4lz7mx29lftngdz40000gn/T/jarde-raw-receiver-replay-uxx0mlzp/jadx-classes /Users/lordcasser/workspace/projects/jarde/openspec/changes/recover-same-class-generic-call-consumers/results/candidate/gc09-raw-64-baseline-v1/jdk8/no-debug/jadx/RawParam/sources/defpackage/RawParam.java /Users/lordcasser/workspace/projects/jarde/openspec/evidence/raw-receiver-field-selection-2026-10-09/source/ReceiverProbe.java
jdk8/no-debug/RawParam/jadx-verify-run	0	/Library/Java/JavaVirtualMachines/corretto-1.8.0_432/Contents/Home/bin/java -Xverify:all -cp /var/folders/gm/lzn3ylzx4lz7mx29lftngdz40000gn/T/jarde-raw-receiver-replay-uxx0mlzp/jadx-classes ReceiverProbe defpackage.RawParam
jdk8/debug/StaticRawLocal/jar-contents	0	/Library/Java/JavaVirtualMachines/corretto-1.8.0_432/Contents/Home/bin/jar tf /Users/lordcasser/workspace/projects/jarde/openspec/evidence/raw-receiver-field-selection-2026-10-09/jdk8/debug/input/StaticRawLocal.jar
jdk8/debug/StaticRawLocal/original-javac	0	/Library/Java/JavaVirtualMachines/corretto-1.8.0_432/Contents/Home/bin/javac -source 8 -target 8 -g -classpath /var/folders/gm/lzn3ylzx4lz7mx29lftngdz40000gn/T/jarde-raw-receiver-replay-sdyh14zg/empty-classpath -sourcepath /var/folders/gm/lzn3ylzx4lz7mx29lftngdz40000gn/T/jarde-raw-receiver-replay-sdyh14zg/empty-sourcepath -d /var/folders/gm/lzn3ylzx4lz7mx29lftngdz40000gn/T/jarde-raw-receiver-replay-sdyh14zg/original /Users/lordcasser/workspace/projects/jarde/openspec/evidence/raw-receiver-field-selection-2026-10-09/source/StaticRawLocal.java
jdk8/debug/StaticRawLocal/javap	0	/Library/Java/JavaVirtualMachines/corretto-1.8.0_432/Contents/Home/bin/javap -p -c -s -v -classpath /Users/lordcasser/workspace/projects/jarde/openspec/evidence/raw-receiver-field-selection-2026-10-09/jdk8/debug/input/StaticRawLocal.jar StaticRawLocal
jdk8/debug/StaticRawLocal/original-probe-javac	0	/Library/Java/JavaVirtualMachines/corretto-1.8.0_432/Contents/Home/bin/javac -source 8 -target 8 -g -classpath /var/folders/gm/lzn3ylzx4lz7mx29lftngdz40000gn/T/jarde-raw-receiver-replay-sdyh14zg/empty-classpath -sourcepath /var/folders/gm/lzn3ylzx4lz7mx29lftngdz40000gn/T/jarde-raw-receiver-replay-sdyh14zg/empty-sourcepath -d /var/folders/gm/lzn3ylzx4lz7mx29lftngdz40000gn/T/jarde-raw-receiver-replay-sdyh14zg/original-probe /Users/lordcasser/workspace/projects/jarde/openspec/evidence/raw-receiver-field-selection-2026-10-09/source/ReceiverProbe.java
jdk8/debug/StaticRawLocal/original-run	0	/Library/Java/JavaVirtualMachines/corretto-1.8.0_432/Contents/Home/bin/java -Xverify:all -cp /var/folders/gm/lzn3ylzx4lz7mx29lftngdz40000gn/T/jarde-raw-receiver-replay-sdyh14zg/original:/var/folders/gm/lzn3ylzx4lz7mx29lftngdz40000gn/T/jarde-raw-receiver-replay-sdyh14zg/original-probe ReceiverProbe StaticRawLocal
jdk8/debug/StaticRawLocal/jarde-StaticRawLocal	0	/private/tmp/jarde-raw-receiver-final-v3-cli class-source --input /Users/lordcasser/workspace/projects/jarde/openspec/evidence/raw-receiver-field-selection-2026-10-09/jdk8/debug/input/StaticRawLocal.jar --class StaticRawLocal --policy plain-jar --release 8 --format text
jdk8/debug/StaticRawLocal/jarde-StaticRawLocal-source-header	0	nonempty self-describing source
jdk8/debug/StaticRawLocal/jarde-javac	0	/Library/Java/JavaVirtualMachines/corretto-1.8.0_432/Contents/Home/bin/javac -source 8 -target 8 -g -classpath /var/folders/gm/lzn3ylzx4lz7mx29lftngdz40000gn/T/jarde-raw-receiver-replay-sdyh14zg/empty-classpath -sourcepath /var/folders/gm/lzn3ylzx4lz7mx29lftngdz40000gn/T/jarde-raw-receiver-replay-sdyh14zg/empty-sourcepath -d /var/folders/gm/lzn3ylzx4lz7mx29lftngdz40000gn/T/jarde-raw-receiver-replay-sdyh14zg/jarde-classes /Users/lordcasser/workspace/projects/jarde/openspec/changes/recover-same-class-generic-call-consumers/results/candidate/gc09-raw-64-baseline-v1/jdk8/debug/jarde/StaticRawLocal.java /Users/lordcasser/workspace/projects/jarde/openspec/evidence/raw-receiver-field-selection-2026-10-09/source/ReceiverProbe.java
jdk8/debug/StaticRawLocal/jarde-verify-run	0	/Library/Java/JavaVirtualMachines/corretto-1.8.0_432/Contents/Home/bin/java -Xverify:all -cp /var/folders/gm/lzn3ylzx4lz7mx29lftngdz40000gn/T/jarde-raw-receiver-replay-sdyh14zg/jarde-classes ReceiverProbe StaticRawLocal
jdk8/debug/StaticRawLocal/jadx	0	/Users/lordcasser/workspace/testzone/jadx/jadx-cli/build/install/jadx/bin/jadx --no-res --single-class StaticRawLocal -d /Users/lordcasser/workspace/projects/jarde/openspec/changes/recover-same-class-generic-call-consumers/results/candidate/gc09-raw-64-baseline-v1/jdk8/debug/jadx/StaticRawLocal /Users/lordcasser/workspace/projects/jarde/openspec/evidence/raw-receiver-field-selection-2026-10-09/jdk8/debug/input/StaticRawLocal.jar
jdk8/debug/StaticRawLocal/jadx-source-header	0	nonempty class source
jdk8/debug/StaticRawLocal/jadx-javac	0	/Library/Java/JavaVirtualMachines/corretto-1.8.0_432/Contents/Home/bin/javac -source 8 -target 8 -g -classpath /var/folders/gm/lzn3ylzx4lz7mx29lftngdz40000gn/T/jarde-raw-receiver-replay-sdyh14zg/empty-classpath -sourcepath /var/folders/gm/lzn3ylzx4lz7mx29lftngdz40000gn/T/jarde-raw-receiver-replay-sdyh14zg/empty-sourcepath -d /var/folders/gm/lzn3ylzx4lz7mx29lftngdz40000gn/T/jarde-raw-receiver-replay-sdyh14zg/jadx-classes /Users/lordcasser/workspace/projects/jarde/openspec/changes/recover-same-class-generic-call-consumers/results/candidate/gc09-raw-64-baseline-v1/jdk8/debug/jadx/StaticRawLocal/sources/defpackage/StaticRawLocal.java /Users/lordcasser/workspace/projects/jarde/openspec/evidence/raw-receiver-field-selection-2026-10-09/source/ReceiverProbe.java
jdk8/debug/StaticRawLocal/jadx-verify-run	0	/Library/Java/JavaVirtualMachines/corretto-1.8.0_432/Contents/Home/bin/java -Xverify:all -cp /var/folders/gm/lzn3ylzx4lz7mx29lftngdz40000gn/T/jarde-raw-receiver-replay-sdyh14zg/jadx-classes ReceiverProbe defpackage.StaticRawLocal
jdk8/no-debug/StaticRawLocal/jar-contents	0	/Library/Java/JavaVirtualMachines/corretto-1.8.0_432/Contents/Home/bin/jar tf /Users/lordcasser/workspace/projects/jarde/openspec/evidence/raw-receiver-field-selection-2026-10-09/jdk8/no-debug/input/StaticRawLocal.jar
jdk8/no-debug/StaticRawLocal/original-javac	0	/Library/Java/JavaVirtualMachines/corretto-1.8.0_432/Contents/Home/bin/javac -source 8 -target 8 -g:none -classpath /var/folders/gm/lzn3ylzx4lz7mx29lftngdz40000gn/T/jarde-raw-receiver-replay-rg_4vqha/empty-classpath -sourcepath /var/folders/gm/lzn3ylzx4lz7mx29lftngdz40000gn/T/jarde-raw-receiver-replay-rg_4vqha/empty-sourcepath -d /var/folders/gm/lzn3ylzx4lz7mx29lftngdz40000gn/T/jarde-raw-receiver-replay-rg_4vqha/original /Users/lordcasser/workspace/projects/jarde/openspec/evidence/raw-receiver-field-selection-2026-10-09/source/StaticRawLocal.java
jdk8/no-debug/StaticRawLocal/javap	0	/Library/Java/JavaVirtualMachines/corretto-1.8.0_432/Contents/Home/bin/javap -p -c -s -v -classpath /Users/lordcasser/workspace/projects/jarde/openspec/evidence/raw-receiver-field-selection-2026-10-09/jdk8/no-debug/input/StaticRawLocal.jar StaticRawLocal
jdk8/no-debug/StaticRawLocal/original-probe-javac	0	/Library/Java/JavaVirtualMachines/corretto-1.8.0_432/Contents/Home/bin/javac -source 8 -target 8 -g:none -classpath /var/folders/gm/lzn3ylzx4lz7mx29lftngdz40000gn/T/jarde-raw-receiver-replay-rg_4vqha/empty-classpath -sourcepath /var/folders/gm/lzn3ylzx4lz7mx29lftngdz40000gn/T/jarde-raw-receiver-replay-rg_4vqha/empty-sourcepath -d /var/folders/gm/lzn3ylzx4lz7mx29lftngdz40000gn/T/jarde-raw-receiver-replay-rg_4vqha/original-probe /Users/lordcasser/workspace/projects/jarde/openspec/evidence/raw-receiver-field-selection-2026-10-09/source/ReceiverProbe.java
jdk8/no-debug/StaticRawLocal/original-run	0	/Library/Java/JavaVirtualMachines/corretto-1.8.0_432/Contents/Home/bin/java -Xverify:all -cp /var/folders/gm/lzn3ylzx4lz7mx29lftngdz40000gn/T/jarde-raw-receiver-replay-rg_4vqha/original:/var/folders/gm/lzn3ylzx4lz7mx29lftngdz40000gn/T/jarde-raw-receiver-replay-rg_4vqha/original-probe ReceiverProbe StaticRawLocal
jdk8/no-debug/StaticRawLocal/jarde-StaticRawLocal	0	/private/tmp/jarde-raw-receiver-final-v3-cli class-source --input /Users/lordcasser/workspace/projects/jarde/openspec/evidence/raw-receiver-field-selection-2026-10-09/jdk8/no-debug/input/StaticRawLocal.jar --class StaticRawLocal --policy plain-jar --release 8 --format text
jdk8/no-debug/StaticRawLocal/jarde-StaticRawLocal-source-header	0	nonempty self-describing source
jdk8/no-debug/StaticRawLocal/jarde-javac	0	/Library/Java/JavaVirtualMachines/corretto-1.8.0_432/Contents/Home/bin/javac -source 8 -target 8 -g:none -classpath /var/folders/gm/lzn3ylzx4lz7mx29lftngdz40000gn/T/jarde-raw-receiver-replay-rg_4vqha/empty-classpath -sourcepath /var/folders/gm/lzn3ylzx4lz7mx29lftngdz40000gn/T/jarde-raw-receiver-replay-rg_4vqha/empty-sourcepath -d /var/folders/gm/lzn3ylzx4lz7mx29lftngdz40000gn/T/jarde-raw-receiver-replay-rg_4vqha/jarde-classes /Users/lordcasser/workspace/projects/jarde/openspec/changes/recover-same-class-generic-call-consumers/results/candidate/gc09-raw-64-baseline-v1/jdk8/no-debug/jarde/StaticRawLocal.java /Users/lordcasser/workspace/projects/jarde/openspec/evidence/raw-receiver-field-selection-2026-10-09/source/ReceiverProbe.java
jdk8/no-debug/StaticRawLocal/jarde-verify-run	0	/Library/Java/JavaVirtualMachines/corretto-1.8.0_432/Contents/Home/bin/java -Xverify:all -cp /var/folders/gm/lzn3ylzx4lz7mx29lftngdz40000gn/T/jarde-raw-receiver-replay-rg_4vqha/jarde-classes ReceiverProbe StaticRawLocal
jdk8/no-debug/StaticRawLocal/jadx	0	/Users/lordcasser/workspace/testzone/jadx/jadx-cli/build/install/jadx/bin/jadx --no-res --single-class StaticRawLocal -d /Users/lordcasser/workspace/projects/jarde/openspec/changes/recover-same-class-generic-call-consumers/results/candidate/gc09-raw-64-baseline-v1/jdk8/no-debug/jadx/StaticRawLocal /Users/lordcasser/workspace/projects/jarde/openspec/evidence/raw-receiver-field-selection-2026-10-09/jdk8/no-debug/input/StaticRawLocal.jar
jdk8/no-debug/StaticRawLocal/jadx-source-header	0	nonempty class source
jdk8/no-debug/StaticRawLocal/jadx-javac	0	/Library/Java/JavaVirtualMachines/corretto-1.8.0_432/Contents/Home/bin/javac -source 8 -target 8 -g:none -classpath /var/folders/gm/lzn3ylzx4lz7mx29lftngdz40000gn/T/jarde-raw-receiver-replay-rg_4vqha/empty-classpath -sourcepath /var/folders/gm/lzn3ylzx4lz7mx29lftngdz40000gn/T/jarde-raw-receiver-replay-rg_4vqha/empty-sourcepath -d /var/folders/gm/lzn3ylzx4lz7mx29lftngdz40000gn/T/jarde-raw-receiver-replay-rg_4vqha/jadx-classes /Users/lordcasser/workspace/projects/jarde/openspec/changes/recover-same-class-generic-call-consumers/results/candidate/gc09-raw-64-baseline-v1/jdk8/no-debug/jadx/StaticRawLocal/sources/defpackage/StaticRawLocal.java /Users/lordcasser/workspace/projects/jarde/openspec/evidence/raw-receiver-field-selection-2026-10-09/source/ReceiverProbe.java
jdk8/no-debug/StaticRawLocal/jadx-verify-run	0	/Library/Java/JavaVirtualMachines/corretto-1.8.0_432/Contents/Home/bin/java -Xverify:all -cp /var/folders/gm/lzn3ylzx4lz7mx29lftngdz40000gn/T/jarde-raw-receiver-replay-rg_4vqha/jadx-classes ReceiverProbe defpackage.StaticRawLocal
jdk8/debug/InstanceRawLocal/jar-contents	0	/Library/Java/JavaVirtualMachines/corretto-1.8.0_432/Contents/Home/bin/jar tf /Users/lordcasser/workspace/projects/jarde/openspec/evidence/raw-receiver-field-selection-2026-10-09/jdk8/debug/input/InstanceRawLocal.jar
jdk8/debug/InstanceRawLocal/original-javac	0	/Library/Java/JavaVirtualMachines/corretto-1.8.0_432/Contents/Home/bin/javac -source 8 -target 8 -g -classpath /var/folders/gm/lzn3ylzx4lz7mx29lftngdz40000gn/T/jarde-raw-receiver-replay-4exgz00o/empty-classpath -sourcepath /var/folders/gm/lzn3ylzx4lz7mx29lftngdz40000gn/T/jarde-raw-receiver-replay-4exgz00o/empty-sourcepath -d /var/folders/gm/lzn3ylzx4lz7mx29lftngdz40000gn/T/jarde-raw-receiver-replay-4exgz00o/original /Users/lordcasser/workspace/projects/jarde/openspec/evidence/raw-receiver-field-selection-2026-10-09/source/InstanceRawLocal.java
jdk8/debug/InstanceRawLocal/javap	0	/Library/Java/JavaVirtualMachines/corretto-1.8.0_432/Contents/Home/bin/javap -p -c -s -v -classpath /Users/lordcasser/workspace/projects/jarde/openspec/evidence/raw-receiver-field-selection-2026-10-09/jdk8/debug/input/InstanceRawLocal.jar InstanceRawLocal
jdk8/debug/InstanceRawLocal/original-probe-javac	0	/Library/Java/JavaVirtualMachines/corretto-1.8.0_432/Contents/Home/bin/javac -source 8 -target 8 -g -classpath /var/folders/gm/lzn3ylzx4lz7mx29lftngdz40000gn/T/jarde-raw-receiver-replay-4exgz00o/empty-classpath -sourcepath /var/folders/gm/lzn3ylzx4lz7mx29lftngdz40000gn/T/jarde-raw-receiver-replay-4exgz00o/empty-sourcepath -d /var/folders/gm/lzn3ylzx4lz7mx29lftngdz40000gn/T/jarde-raw-receiver-replay-4exgz00o/original-probe /Users/lordcasser/workspace/projects/jarde/openspec/evidence/raw-receiver-field-selection-2026-10-09/source/ReceiverProbe.java
jdk8/debug/InstanceRawLocal/original-run	0	/Library/Java/JavaVirtualMachines/corretto-1.8.0_432/Contents/Home/bin/java -Xverify:all -cp /var/folders/gm/lzn3ylzx4lz7mx29lftngdz40000gn/T/jarde-raw-receiver-replay-4exgz00o/original:/var/folders/gm/lzn3ylzx4lz7mx29lftngdz40000gn/T/jarde-raw-receiver-replay-4exgz00o/original-probe ReceiverProbe InstanceRawLocal
jdk8/debug/InstanceRawLocal/jarde-InstanceRawLocal	0	/private/tmp/jarde-raw-receiver-final-v3-cli class-source --input /Users/lordcasser/workspace/projects/jarde/openspec/evidence/raw-receiver-field-selection-2026-10-09/jdk8/debug/input/InstanceRawLocal.jar --class InstanceRawLocal --policy plain-jar --release 8 --format text
jdk8/debug/InstanceRawLocal/jarde-InstanceRawLocal-source-header	0	nonempty self-describing source
jdk8/debug/InstanceRawLocal/jarde-javac	0	/Library/Java/JavaVirtualMachines/corretto-1.8.0_432/Contents/Home/bin/javac -source 8 -target 8 -g -classpath /var/folders/gm/lzn3ylzx4lz7mx29lftngdz40000gn/T/jarde-raw-receiver-replay-4exgz00o/empty-classpath -sourcepath /var/folders/gm/lzn3ylzx4lz7mx29lftngdz40000gn/T/jarde-raw-receiver-replay-4exgz00o/empty-sourcepath -d /var/folders/gm/lzn3ylzx4lz7mx29lftngdz40000gn/T/jarde-raw-receiver-replay-4exgz00o/jarde-classes /Users/lordcasser/workspace/projects/jarde/openspec/changes/recover-same-class-generic-call-consumers/results/candidate/gc09-raw-64-baseline-v1/jdk8/debug/jarde/InstanceRawLocal.java /Users/lordcasser/workspace/projects/jarde/openspec/evidence/raw-receiver-field-selection-2026-10-09/source/ReceiverProbe.java
jdk8/debug/InstanceRawLocal/jarde-verify-run	0	/Library/Java/JavaVirtualMachines/corretto-1.8.0_432/Contents/Home/bin/java -Xverify:all -cp /var/folders/gm/lzn3ylzx4lz7mx29lftngdz40000gn/T/jarde-raw-receiver-replay-4exgz00o/jarde-classes ReceiverProbe InstanceRawLocal
jdk8/debug/InstanceRawLocal/jadx	0	/Users/lordcasser/workspace/testzone/jadx/jadx-cli/build/install/jadx/bin/jadx --no-res --single-class InstanceRawLocal -d /Users/lordcasser/workspace/projects/jarde/openspec/changes/recover-same-class-generic-call-consumers/results/candidate/gc09-raw-64-baseline-v1/jdk8/debug/jadx/InstanceRawLocal /Users/lordcasser/workspace/projects/jarde/openspec/evidence/raw-receiver-field-selection-2026-10-09/jdk8/debug/input/InstanceRawLocal.jar
jdk8/debug/InstanceRawLocal/jadx-source-header	0	nonempty class source
jdk8/debug/InstanceRawLocal/jadx-javac	1	/Library/Java/JavaVirtualMachines/corretto-1.8.0_432/Contents/Home/bin/javac -source 8 -target 8 -g -classpath /var/folders/gm/lzn3ylzx4lz7mx29lftngdz40000gn/T/jarde-raw-receiver-replay-4exgz00o/empty-classpath -sourcepath /var/folders/gm/lzn3ylzx4lz7mx29lftngdz40000gn/T/jarde-raw-receiver-replay-4exgz00o/empty-sourcepath -d /var/folders/gm/lzn3ylzx4lz7mx29lftngdz40000gn/T/jarde-raw-receiver-replay-4exgz00o/jadx-classes /Users/lordcasser/workspace/projects/jarde/openspec/changes/recover-same-class-generic-call-consumers/results/candidate/gc09-raw-64-baseline-v1/jdk8/debug/jadx/InstanceRawLocal/sources/defpackage/InstanceRawLocal.java /Users/lordcasser/workspace/projects/jarde/openspec/evidence/raw-receiver-field-selection-2026-10-09/source/ReceiverProbe.java
jdk8/no-debug/InstanceRawLocal/jar-contents	0	/Library/Java/JavaVirtualMachines/corretto-1.8.0_432/Contents/Home/bin/jar tf /Users/lordcasser/workspace/projects/jarde/openspec/evidence/raw-receiver-field-selection-2026-10-09/jdk8/no-debug/input/InstanceRawLocal.jar
jdk8/no-debug/InstanceRawLocal/original-javac	0	/Library/Java/JavaVirtualMachines/corretto-1.8.0_432/Contents/Home/bin/javac -source 8 -target 8 -g:none -classpath /var/folders/gm/lzn3ylzx4lz7mx29lftngdz40000gn/T/jarde-raw-receiver-replay-mwhia32p/empty-classpath -sourcepath /var/folders/gm/lzn3ylzx4lz7mx29lftngdz40000gn/T/jarde-raw-receiver-replay-mwhia32p/empty-sourcepath -d /var/folders/gm/lzn3ylzx4lz7mx29lftngdz40000gn/T/jarde-raw-receiver-replay-mwhia32p/original /Users/lordcasser/workspace/projects/jarde/openspec/evidence/raw-receiver-field-selection-2026-10-09/source/InstanceRawLocal.java
jdk8/no-debug/InstanceRawLocal/javap	0	/Library/Java/JavaVirtualMachines/corretto-1.8.0_432/Contents/Home/bin/javap -p -c -s -v -classpath /Users/lordcasser/workspace/projects/jarde/openspec/evidence/raw-receiver-field-selection-2026-10-09/jdk8/no-debug/input/InstanceRawLocal.jar InstanceRawLocal
jdk8/no-debug/InstanceRawLocal/original-probe-javac	0	/Library/Java/JavaVirtualMachines/corretto-1.8.0_432/Contents/Home/bin/javac -source 8 -target 8 -g:none -classpath /var/folders/gm/lzn3ylzx4lz7mx29lftngdz40000gn/T/jarde-raw-receiver-replay-mwhia32p/empty-classpath -sourcepath /var/folders/gm/lzn3ylzx4lz7mx29lftngdz40000gn/T/jarde-raw-receiver-replay-mwhia32p/empty-sourcepath -d /var/folders/gm/lzn3ylzx4lz7mx29lftngdz40000gn/T/jarde-raw-receiver-replay-mwhia32p/original-probe /Users/lordcasser/workspace/projects/jarde/openspec/evidence/raw-receiver-field-selection-2026-10-09/source/ReceiverProbe.java
jdk8/no-debug/InstanceRawLocal/original-run	0	/Library/Java/JavaVirtualMachines/corretto-1.8.0_432/Contents/Home/bin/java -Xverify:all -cp /var/folders/gm/lzn3ylzx4lz7mx29lftngdz40000gn/T/jarde-raw-receiver-replay-mwhia32p/original:/var/folders/gm/lzn3ylzx4lz7mx29lftngdz40000gn/T/jarde-raw-receiver-replay-mwhia32p/original-probe ReceiverProbe InstanceRawLocal
jdk8/no-debug/InstanceRawLocal/jarde-InstanceRawLocal	0	/private/tmp/jarde-raw-receiver-final-v3-cli class-source --input /Users/lordcasser/workspace/projects/jarde/openspec/evidence/raw-receiver-field-selection-2026-10-09/jdk8/no-debug/input/InstanceRawLocal.jar --class InstanceRawLocal --policy plain-jar --release 8 --format text
jdk8/no-debug/InstanceRawLocal/jarde-InstanceRawLocal-source-header	0	nonempty self-describing source
jdk8/no-debug/InstanceRawLocal/jarde-javac	0	/Library/Java/JavaVirtualMachines/corretto-1.8.0_432/Contents/Home/bin/javac -source 8 -target 8 -g:none -classpath /var/folders/gm/lzn3ylzx4lz7mx29lftngdz40000gn/T/jarde-raw-receiver-replay-mwhia32p/empty-classpath -sourcepath /var/folders/gm/lzn3ylzx4lz7mx29lftngdz40000gn/T/jarde-raw-receiver-replay-mwhia32p/empty-sourcepath -d /var/folders/gm/lzn3ylzx4lz7mx29lftngdz40000gn/T/jarde-raw-receiver-replay-mwhia32p/jarde-classes /Users/lordcasser/workspace/projects/jarde/openspec/changes/recover-same-class-generic-call-consumers/results/candidate/gc09-raw-64-baseline-v1/jdk8/no-debug/jarde/InstanceRawLocal.java /Users/lordcasser/workspace/projects/jarde/openspec/evidence/raw-receiver-field-selection-2026-10-09/source/ReceiverProbe.java
jdk8/no-debug/InstanceRawLocal/jarde-verify-run	0	/Library/Java/JavaVirtualMachines/corretto-1.8.0_432/Contents/Home/bin/java -Xverify:all -cp /var/folders/gm/lzn3ylzx4lz7mx29lftngdz40000gn/T/jarde-raw-receiver-replay-mwhia32p/jarde-classes ReceiverProbe InstanceRawLocal
jdk8/no-debug/InstanceRawLocal/jadx	0	/Users/lordcasser/workspace/testzone/jadx/jadx-cli/build/install/jadx/bin/jadx --no-res --single-class InstanceRawLocal -d /Users/lordcasser/workspace/projects/jarde/openspec/changes/recover-same-class-generic-call-consumers/results/candidate/gc09-raw-64-baseline-v1/jdk8/no-debug/jadx/InstanceRawLocal /Users/lordcasser/workspace/projects/jarde/openspec/evidence/raw-receiver-field-selection-2026-10-09/jdk8/no-debug/input/InstanceRawLocal.jar
jdk8/no-debug/InstanceRawLocal/jadx-source-header	0	nonempty class source
jdk8/no-debug/InstanceRawLocal/jadx-javac	1	/Library/Java/JavaVirtualMachines/corretto-1.8.0_432/Contents/Home/bin/javac -source 8 -target 8 -g:none -classpath /var/folders/gm/lzn3ylzx4lz7mx29lftngdz40000gn/T/jarde-raw-receiver-replay-mwhia32p/empty-classpath -sourcepath /var/folders/gm/lzn3ylzx4lz7mx29lftngdz40000gn/T/jarde-raw-receiver-replay-mwhia32p/empty-sourcepath -d /var/folders/gm/lzn3ylzx4lz7mx29lftngdz40000gn/T/jarde-raw-receiver-replay-mwhia32p/jadx-classes /Users/lordcasser/workspace/projects/jarde/openspec/changes/recover-same-class-generic-call-consumers/results/candidate/gc09-raw-64-baseline-v1/jdk8/no-debug/jadx/InstanceRawLocal/sources/defpackage/InstanceRawLocal.java /Users/lordcasser/workspace/projects/jarde/openspec/evidence/raw-receiver-field-selection-2026-10-09/source/ReceiverProbe.java
jdk8/debug/TypedReceiver/jar-contents	0	/Library/Java/JavaVirtualMachines/corretto-1.8.0_432/Contents/Home/bin/jar tf /Users/lordcasser/workspace/projects/jarde/openspec/evidence/raw-receiver-field-selection-2026-10-09/jdk8/debug/input/TypedReceiver.jar
jdk8/debug/TypedReceiver/original-javac	0	/Library/Java/JavaVirtualMachines/corretto-1.8.0_432/Contents/Home/bin/javac -source 8 -target 8 -g -classpath /var/folders/gm/lzn3ylzx4lz7mx29lftngdz40000gn/T/jarde-raw-receiver-replay-dys9jrce/empty-classpath -sourcepath /var/folders/gm/lzn3ylzx4lz7mx29lftngdz40000gn/T/jarde-raw-receiver-replay-dys9jrce/empty-sourcepath -d /var/folders/gm/lzn3ylzx4lz7mx29lftngdz40000gn/T/jarde-raw-receiver-replay-dys9jrce/original /Users/lordcasser/workspace/projects/jarde/openspec/evidence/raw-receiver-field-selection-2026-10-09/source/TypedReceiver.java
jdk8/debug/TypedReceiver/javap	0	/Library/Java/JavaVirtualMachines/corretto-1.8.0_432/Contents/Home/bin/javap -p -c -s -v -classpath /Users/lordcasser/workspace/projects/jarde/openspec/evidence/raw-receiver-field-selection-2026-10-09/jdk8/debug/input/TypedReceiver.jar TypedReceiver
jdk8/debug/TypedReceiver/original-probe-javac	0	/Library/Java/JavaVirtualMachines/corretto-1.8.0_432/Contents/Home/bin/javac -source 8 -target 8 -g -classpath /var/folders/gm/lzn3ylzx4lz7mx29lftngdz40000gn/T/jarde-raw-receiver-replay-dys9jrce/empty-classpath -sourcepath /var/folders/gm/lzn3ylzx4lz7mx29lftngdz40000gn/T/jarde-raw-receiver-replay-dys9jrce/empty-sourcepath -d /var/folders/gm/lzn3ylzx4lz7mx29lftngdz40000gn/T/jarde-raw-receiver-replay-dys9jrce/original-probe /Users/lordcasser/workspace/projects/jarde/openspec/evidence/raw-receiver-field-selection-2026-10-09/source/ReceiverProbe.java
jdk8/debug/TypedReceiver/original-run	0	/Library/Java/JavaVirtualMachines/corretto-1.8.0_432/Contents/Home/bin/java -Xverify:all -cp /var/folders/gm/lzn3ylzx4lz7mx29lftngdz40000gn/T/jarde-raw-receiver-replay-dys9jrce/original:/var/folders/gm/lzn3ylzx4lz7mx29lftngdz40000gn/T/jarde-raw-receiver-replay-dys9jrce/original-probe ReceiverProbe TypedReceiver
jdk8/debug/TypedReceiver/jarde-TypedReceiver	0	/private/tmp/jarde-raw-receiver-final-v3-cli class-source --input /Users/lordcasser/workspace/projects/jarde/openspec/evidence/raw-receiver-field-selection-2026-10-09/jdk8/debug/input/TypedReceiver.jar --class TypedReceiver --policy plain-jar --release 8 --format text
jdk8/debug/TypedReceiver/jarde-TypedReceiver-source-header	0	nonempty self-describing source
jdk8/debug/TypedReceiver/jarde-javac	0	/Library/Java/JavaVirtualMachines/corretto-1.8.0_432/Contents/Home/bin/javac -source 8 -target 8 -g -classpath /var/folders/gm/lzn3ylzx4lz7mx29lftngdz40000gn/T/jarde-raw-receiver-replay-dys9jrce/empty-classpath -sourcepath /var/folders/gm/lzn3ylzx4lz7mx29lftngdz40000gn/T/jarde-raw-receiver-replay-dys9jrce/empty-sourcepath -d /var/folders/gm/lzn3ylzx4lz7mx29lftngdz40000gn/T/jarde-raw-receiver-replay-dys9jrce/jarde-classes /Users/lordcasser/workspace/projects/jarde/openspec/changes/recover-same-class-generic-call-consumers/results/candidate/gc09-raw-64-baseline-v1/jdk8/debug/jarde/TypedReceiver.java /Users/lordcasser/workspace/projects/jarde/openspec/evidence/raw-receiver-field-selection-2026-10-09/source/ReceiverProbe.java
jdk8/debug/TypedReceiver/jarde-verify-run	0	/Library/Java/JavaVirtualMachines/corretto-1.8.0_432/Contents/Home/bin/java -Xverify:all -cp /var/folders/gm/lzn3ylzx4lz7mx29lftngdz40000gn/T/jarde-raw-receiver-replay-dys9jrce/jarde-classes ReceiverProbe TypedReceiver
jdk8/debug/TypedReceiver/jadx	0	/Users/lordcasser/workspace/testzone/jadx/jadx-cli/build/install/jadx/bin/jadx --no-res --single-class TypedReceiver -d /Users/lordcasser/workspace/projects/jarde/openspec/changes/recover-same-class-generic-call-consumers/results/candidate/gc09-raw-64-baseline-v1/jdk8/debug/jadx/TypedReceiver /Users/lordcasser/workspace/projects/jarde/openspec/evidence/raw-receiver-field-selection-2026-10-09/jdk8/debug/input/TypedReceiver.jar
jdk8/debug/TypedReceiver/jadx-source-header	0	nonempty class source
jdk8/debug/TypedReceiver/jadx-javac	0	/Library/Java/JavaVirtualMachines/corretto-1.8.0_432/Contents/Home/bin/javac -source 8 -target 8 -g -classpath /var/folders/gm/lzn3ylzx4lz7mx29lftngdz40000gn/T/jarde-raw-receiver-replay-dys9jrce/empty-classpath -sourcepath /var/folders/gm/lzn3ylzx4lz7mx29lftngdz40000gn/T/jarde-raw-receiver-replay-dys9jrce/empty-sourcepath -d /var/folders/gm/lzn3ylzx4lz7mx29lftngdz40000gn/T/jarde-raw-receiver-replay-dys9jrce/jadx-classes /Users/lordcasser/workspace/projects/jarde/openspec/changes/recover-same-class-generic-call-consumers/results/candidate/gc09-raw-64-baseline-v1/jdk8/debug/jadx/TypedReceiver/sources/defpackage/TypedReceiver.java /Users/lordcasser/workspace/projects/jarde/openspec/evidence/raw-receiver-field-selection-2026-10-09/source/ReceiverProbe.java
jdk8/debug/TypedReceiver/jadx-verify-run	0	/Library/Java/JavaVirtualMachines/corretto-1.8.0_432/Contents/Home/bin/java -Xverify:all -cp /var/folders/gm/lzn3ylzx4lz7mx29lftngdz40000gn/T/jarde-raw-receiver-replay-dys9jrce/jadx-classes ReceiverProbe defpackage.TypedReceiver
jdk8/no-debug/TypedReceiver/jar-contents	0	/Library/Java/JavaVirtualMachines/corretto-1.8.0_432/Contents/Home/bin/jar tf /Users/lordcasser/workspace/projects/jarde/openspec/evidence/raw-receiver-field-selection-2026-10-09/jdk8/no-debug/input/TypedReceiver.jar
jdk8/no-debug/TypedReceiver/original-javac	0	/Library/Java/JavaVirtualMachines/corretto-1.8.0_432/Contents/Home/bin/javac -source 8 -target 8 -g:none -classpath /var/folders/gm/lzn3ylzx4lz7mx29lftngdz40000gn/T/jarde-raw-receiver-replay-s8a63585/empty-classpath -sourcepath /var/folders/gm/lzn3ylzx4lz7mx29lftngdz40000gn/T/jarde-raw-receiver-replay-s8a63585/empty-sourcepath -d /var/folders/gm/lzn3ylzx4lz7mx29lftngdz40000gn/T/jarde-raw-receiver-replay-s8a63585/original /Users/lordcasser/workspace/projects/jarde/openspec/evidence/raw-receiver-field-selection-2026-10-09/source/TypedReceiver.java
jdk8/no-debug/TypedReceiver/javap	0	/Library/Java/JavaVirtualMachines/corretto-1.8.0_432/Contents/Home/bin/javap -p -c -s -v -classpath /Users/lordcasser/workspace/projects/jarde/openspec/evidence/raw-receiver-field-selection-2026-10-09/jdk8/no-debug/input/TypedReceiver.jar TypedReceiver
jdk8/no-debug/TypedReceiver/original-probe-javac	0	/Library/Java/JavaVirtualMachines/corretto-1.8.0_432/Contents/Home/bin/javac -source 8 -target 8 -g:none -classpath /var/folders/gm/lzn3ylzx4lz7mx29lftngdz40000gn/T/jarde-raw-receiver-replay-s8a63585/empty-classpath -sourcepath /var/folders/gm/lzn3ylzx4lz7mx29lftngdz40000gn/T/jarde-raw-receiver-replay-s8a63585/empty-sourcepath -d /var/folders/gm/lzn3ylzx4lz7mx29lftngdz40000gn/T/jarde-raw-receiver-replay-s8a63585/original-probe /Users/lordcasser/workspace/projects/jarde/openspec/evidence/raw-receiver-field-selection-2026-10-09/source/ReceiverProbe.java
jdk8/no-debug/TypedReceiver/original-run	0	/Library/Java/JavaVirtualMachines/corretto-1.8.0_432/Contents/Home/bin/java -Xverify:all -cp /var/folders/gm/lzn3ylzx4lz7mx29lftngdz40000gn/T/jarde-raw-receiver-replay-s8a63585/original:/var/folders/gm/lzn3ylzx4lz7mx29lftngdz40000gn/T/jarde-raw-receiver-replay-s8a63585/original-probe ReceiverProbe TypedReceiver
jdk8/no-debug/TypedReceiver/jarde-TypedReceiver	0	/private/tmp/jarde-raw-receiver-final-v3-cli class-source --input /Users/lordcasser/workspace/projects/jarde/openspec/evidence/raw-receiver-field-selection-2026-10-09/jdk8/no-debug/input/TypedReceiver.jar --class TypedReceiver --policy plain-jar --release 8 --format text
jdk8/no-debug/TypedReceiver/jarde-TypedReceiver-source-header	0	nonempty self-describing source
jdk8/no-debug/TypedReceiver/jarde-javac	0	/Library/Java/JavaVirtualMachines/corretto-1.8.0_432/Contents/Home/bin/javac -source 8 -target 8 -g:none -classpath /var/folders/gm/lzn3ylzx4lz7mx29lftngdz40000gn/T/jarde-raw-receiver-replay-s8a63585/empty-classpath -sourcepath /var/folders/gm/lzn3ylzx4lz7mx29lftngdz40000gn/T/jarde-raw-receiver-replay-s8a63585/empty-sourcepath -d /var/folders/gm/lzn3ylzx4lz7mx29lftngdz40000gn/T/jarde-raw-receiver-replay-s8a63585/jarde-classes /Users/lordcasser/workspace/projects/jarde/openspec/changes/recover-same-class-generic-call-consumers/results/candidate/gc09-raw-64-baseline-v1/jdk8/no-debug/jarde/TypedReceiver.java /Users/lordcasser/workspace/projects/jarde/openspec/evidence/raw-receiver-field-selection-2026-10-09/source/ReceiverProbe.java
jdk8/no-debug/TypedReceiver/jarde-verify-run	0	/Library/Java/JavaVirtualMachines/corretto-1.8.0_432/Contents/Home/bin/java -Xverify:all -cp /var/folders/gm/lzn3ylzx4lz7mx29lftngdz40000gn/T/jarde-raw-receiver-replay-s8a63585/jarde-classes ReceiverProbe TypedReceiver
jdk8/no-debug/TypedReceiver/jadx	0	/Users/lordcasser/workspace/testzone/jadx/jadx-cli/build/install/jadx/bin/jadx --no-res --single-class TypedReceiver -d /Users/lordcasser/workspace/projects/jarde/openspec/changes/recover-same-class-generic-call-consumers/results/candidate/gc09-raw-64-baseline-v1/jdk8/no-debug/jadx/TypedReceiver /Users/lordcasser/workspace/projects/jarde/openspec/evidence/raw-receiver-field-selection-2026-10-09/jdk8/no-debug/input/TypedReceiver.jar
jdk8/no-debug/TypedReceiver/jadx-source-header	0	nonempty class source
jdk8/no-debug/TypedReceiver/jadx-javac	0	/Library/Java/JavaVirtualMachines/corretto-1.8.0_432/Contents/Home/bin/javac -source 8 -target 8 -g:none -classpath /var/folders/gm/lzn3ylzx4lz7mx29lftngdz40000gn/T/jarde-raw-receiver-replay-s8a63585/empty-classpath -sourcepath /var/folders/gm/lzn3ylzx4lz7mx29lftngdz40000gn/T/jarde-raw-receiver-replay-s8a63585/empty-sourcepath -d /var/folders/gm/lzn3ylzx4lz7mx29lftngdz40000gn/T/jarde-raw-receiver-replay-s8a63585/jadx-classes /Users/lordcasser/workspace/projects/jarde/openspec/changes/recover-same-class-generic-call-consumers/results/candidate/gc09-raw-64-baseline-v1/jdk8/no-debug/jadx/TypedReceiver/sources/defpackage/TypedReceiver.java /Users/lordcasser/workspace/projects/jarde/openspec/evidence/raw-receiver-field-selection-2026-10-09/source/ReceiverProbe.java
jdk8/no-debug/TypedReceiver/jadx-verify-run	0	/Library/Java/JavaVirtualMachines/corretto-1.8.0_432/Contents/Home/bin/java -Xverify:all -cp /var/folders/gm/lzn3ylzx4lz7mx29lftngdz40000gn/T/jarde-raw-receiver-replay-s8a63585/jadx-classes ReceiverProbe defpackage.TypedReceiver
jdk8/debug/ThisReceiver/jar-contents	0	/Library/Java/JavaVirtualMachines/corretto-1.8.0_432/Contents/Home/bin/jar tf /Users/lordcasser/workspace/projects/jarde/openspec/evidence/raw-receiver-field-selection-2026-10-09/jdk8/debug/input/ThisReceiver.jar
jdk8/debug/ThisReceiver/original-javac	0	/Library/Java/JavaVirtualMachines/corretto-1.8.0_432/Contents/Home/bin/javac -source 8 -target 8 -g -classpath /var/folders/gm/lzn3ylzx4lz7mx29lftngdz40000gn/T/jarde-raw-receiver-replay-quk8nce_/empty-classpath -sourcepath /var/folders/gm/lzn3ylzx4lz7mx29lftngdz40000gn/T/jarde-raw-receiver-replay-quk8nce_/empty-sourcepath -d /var/folders/gm/lzn3ylzx4lz7mx29lftngdz40000gn/T/jarde-raw-receiver-replay-quk8nce_/original /Users/lordcasser/workspace/projects/jarde/openspec/evidence/raw-receiver-field-selection-2026-10-09/source/ThisReceiver.java
jdk8/debug/ThisReceiver/javap	0	/Library/Java/JavaVirtualMachines/corretto-1.8.0_432/Contents/Home/bin/javap -p -c -s -v -classpath /Users/lordcasser/workspace/projects/jarde/openspec/evidence/raw-receiver-field-selection-2026-10-09/jdk8/debug/input/ThisReceiver.jar ThisReceiver
jdk8/debug/ThisReceiver/original-probe-javac	0	/Library/Java/JavaVirtualMachines/corretto-1.8.0_432/Contents/Home/bin/javac -source 8 -target 8 -g -classpath /var/folders/gm/lzn3ylzx4lz7mx29lftngdz40000gn/T/jarde-raw-receiver-replay-quk8nce_/empty-classpath -sourcepath /var/folders/gm/lzn3ylzx4lz7mx29lftngdz40000gn/T/jarde-raw-receiver-replay-quk8nce_/empty-sourcepath -d /var/folders/gm/lzn3ylzx4lz7mx29lftngdz40000gn/T/jarde-raw-receiver-replay-quk8nce_/original-probe /Users/lordcasser/workspace/projects/jarde/openspec/evidence/raw-receiver-field-selection-2026-10-09/source/ReceiverProbe.java
jdk8/debug/ThisReceiver/original-run	0	/Library/Java/JavaVirtualMachines/corretto-1.8.0_432/Contents/Home/bin/java -Xverify:all -cp /var/folders/gm/lzn3ylzx4lz7mx29lftngdz40000gn/T/jarde-raw-receiver-replay-quk8nce_/original:/var/folders/gm/lzn3ylzx4lz7mx29lftngdz40000gn/T/jarde-raw-receiver-replay-quk8nce_/original-probe ReceiverProbe ThisReceiver
jdk8/debug/ThisReceiver/jarde-ThisReceiver	0	/private/tmp/jarde-raw-receiver-final-v3-cli class-source --input /Users/lordcasser/workspace/projects/jarde/openspec/evidence/raw-receiver-field-selection-2026-10-09/jdk8/debug/input/ThisReceiver.jar --class ThisReceiver --policy plain-jar --release 8 --format text
jdk8/debug/ThisReceiver/jarde-ThisReceiver-source-header	0	nonempty self-describing source
jdk8/debug/ThisReceiver/jarde-javac	0	/Library/Java/JavaVirtualMachines/corretto-1.8.0_432/Contents/Home/bin/javac -source 8 -target 8 -g -classpath /var/folders/gm/lzn3ylzx4lz7mx29lftngdz40000gn/T/jarde-raw-receiver-replay-quk8nce_/empty-classpath -sourcepath /var/folders/gm/lzn3ylzx4lz7mx29lftngdz40000gn/T/jarde-raw-receiver-replay-quk8nce_/empty-sourcepath -d /var/folders/gm/lzn3ylzx4lz7mx29lftngdz40000gn/T/jarde-raw-receiver-replay-quk8nce_/jarde-classes /Users/lordcasser/workspace/projects/jarde/openspec/changes/recover-same-class-generic-call-consumers/results/candidate/gc09-raw-64-baseline-v1/jdk8/debug/jarde/ThisReceiver.java /Users/lordcasser/workspace/projects/jarde/openspec/evidence/raw-receiver-field-selection-2026-10-09/source/ReceiverProbe.java
jdk8/debug/ThisReceiver/jarde-verify-run	0	/Library/Java/JavaVirtualMachines/corretto-1.8.0_432/Contents/Home/bin/java -Xverify:all -cp /var/folders/gm/lzn3ylzx4lz7mx29lftngdz40000gn/T/jarde-raw-receiver-replay-quk8nce_/jarde-classes ReceiverProbe ThisReceiver
jdk8/debug/ThisReceiver/jadx	0	/Users/lordcasser/workspace/testzone/jadx/jadx-cli/build/install/jadx/bin/jadx --no-res --single-class ThisReceiver -d /Users/lordcasser/workspace/projects/jarde/openspec/changes/recover-same-class-generic-call-consumers/results/candidate/gc09-raw-64-baseline-v1/jdk8/debug/jadx/ThisReceiver /Users/lordcasser/workspace/projects/jarde/openspec/evidence/raw-receiver-field-selection-2026-10-09/jdk8/debug/input/ThisReceiver.jar
jdk8/debug/ThisReceiver/jadx-source-header	0	nonempty class source
jdk8/debug/ThisReceiver/jadx-javac	0	/Library/Java/JavaVirtualMachines/corretto-1.8.0_432/Contents/Home/bin/javac -source 8 -target 8 -g -classpath /var/folders/gm/lzn3ylzx4lz7mx29lftngdz40000gn/T/jarde-raw-receiver-replay-quk8nce_/empty-classpath -sourcepath /var/folders/gm/lzn3ylzx4lz7mx29lftngdz40000gn/T/jarde-raw-receiver-replay-quk8nce_/empty-sourcepath -d /var/folders/gm/lzn3ylzx4lz7mx29lftngdz40000gn/T/jarde-raw-receiver-replay-quk8nce_/jadx-classes /Users/lordcasser/workspace/projects/jarde/openspec/changes/recover-same-class-generic-call-consumers/results/candidate/gc09-raw-64-baseline-v1/jdk8/debug/jadx/ThisReceiver/sources/defpackage/ThisReceiver.java /Users/lordcasser/workspace/projects/jarde/openspec/evidence/raw-receiver-field-selection-2026-10-09/source/ReceiverProbe.java
jdk8/debug/ThisReceiver/jadx-verify-run	0	/Library/Java/JavaVirtualMachines/corretto-1.8.0_432/Contents/Home/bin/java -Xverify:all -cp /var/folders/gm/lzn3ylzx4lz7mx29lftngdz40000gn/T/jarde-raw-receiver-replay-quk8nce_/jadx-classes ReceiverProbe defpackage.ThisReceiver
jdk8/no-debug/ThisReceiver/jar-contents	0	/Library/Java/JavaVirtualMachines/corretto-1.8.0_432/Contents/Home/bin/jar tf /Users/lordcasser/workspace/projects/jarde/openspec/evidence/raw-receiver-field-selection-2026-10-09/jdk8/no-debug/input/ThisReceiver.jar
jdk8/no-debug/ThisReceiver/original-javac	0	/Library/Java/JavaVirtualMachines/corretto-1.8.0_432/Contents/Home/bin/javac -source 8 -target 8 -g:none -classpath /var/folders/gm/lzn3ylzx4lz7mx29lftngdz40000gn/T/jarde-raw-receiver-replay-g0ph30ew/empty-classpath -sourcepath /var/folders/gm/lzn3ylzx4lz7mx29lftngdz40000gn/T/jarde-raw-receiver-replay-g0ph30ew/empty-sourcepath -d /var/folders/gm/lzn3ylzx4lz7mx29lftngdz40000gn/T/jarde-raw-receiver-replay-g0ph30ew/original /Users/lordcasser/workspace/projects/jarde/openspec/evidence/raw-receiver-field-selection-2026-10-09/source/ThisReceiver.java
jdk8/no-debug/ThisReceiver/javap	0	/Library/Java/JavaVirtualMachines/corretto-1.8.0_432/Contents/Home/bin/javap -p -c -s -v -classpath /Users/lordcasser/workspace/projects/jarde/openspec/evidence/raw-receiver-field-selection-2026-10-09/jdk8/no-debug/input/ThisReceiver.jar ThisReceiver
jdk8/no-debug/ThisReceiver/original-probe-javac	0	/Library/Java/JavaVirtualMachines/corretto-1.8.0_432/Contents/Home/bin/javac -source 8 -target 8 -g:none -classpath /var/folders/gm/lzn3ylzx4lz7mx29lftngdz40000gn/T/jarde-raw-receiver-replay-g0ph30ew/empty-classpath -sourcepath /var/folders/gm/lzn3ylzx4lz7mx29lftngdz40000gn/T/jarde-raw-receiver-replay-g0ph30ew/empty-sourcepath -d /var/folders/gm/lzn3ylzx4lz7mx29lftngdz40000gn/T/jarde-raw-receiver-replay-g0ph30ew/original-probe /Users/lordcasser/workspace/projects/jarde/openspec/evidence/raw-receiver-field-selection-2026-10-09/source/ReceiverProbe.java
jdk8/no-debug/ThisReceiver/original-run	0	/Library/Java/JavaVirtualMachines/corretto-1.8.0_432/Contents/Home/bin/java -Xverify:all -cp /var/folders/gm/lzn3ylzx4lz7mx29lftngdz40000gn/T/jarde-raw-receiver-replay-g0ph30ew/original:/var/folders/gm/lzn3ylzx4lz7mx29lftngdz40000gn/T/jarde-raw-receiver-replay-g0ph30ew/original-probe ReceiverProbe ThisReceiver
jdk8/no-debug/ThisReceiver/jarde-ThisReceiver	0	/private/tmp/jarde-raw-receiver-final-v3-cli class-source --input /Users/lordcasser/workspace/projects/jarde/openspec/evidence/raw-receiver-field-selection-2026-10-09/jdk8/no-debug/input/ThisReceiver.jar --class ThisReceiver --policy plain-jar --release 8 --format text
jdk8/no-debug/ThisReceiver/jarde-ThisReceiver-source-header	0	nonempty self-describing source
jdk8/no-debug/ThisReceiver/jarde-javac	0	/Library/Java/JavaVirtualMachines/corretto-1.8.0_432/Contents/Home/bin/javac -source 8 -target 8 -g:none -classpath /var/folders/gm/lzn3ylzx4lz7mx29lftngdz40000gn/T/jarde-raw-receiver-replay-g0ph30ew/empty-classpath -sourcepath /var/folders/gm/lzn3ylzx4lz7mx29lftngdz40000gn/T/jarde-raw-receiver-replay-g0ph30ew/empty-sourcepath -d /var/folders/gm/lzn3ylzx4lz7mx29lftngdz40000gn/T/jarde-raw-receiver-replay-g0ph30ew/jarde-classes /Users/lordcasser/workspace/projects/jarde/openspec/changes/recover-same-class-generic-call-consumers/results/candidate/gc09-raw-64-baseline-v1/jdk8/no-debug/jarde/ThisReceiver.java /Users/lordcasser/workspace/projects/jarde/openspec/evidence/raw-receiver-field-selection-2026-10-09/source/ReceiverProbe.java
jdk8/no-debug/ThisReceiver/jarde-verify-run	0	/Library/Java/JavaVirtualMachines/corretto-1.8.0_432/Contents/Home/bin/java -Xverify:all -cp /var/folders/gm/lzn3ylzx4lz7mx29lftngdz40000gn/T/jarde-raw-receiver-replay-g0ph30ew/jarde-classes ReceiverProbe ThisReceiver
jdk8/no-debug/ThisReceiver/jadx	0	/Users/lordcasser/workspace/testzone/jadx/jadx-cli/build/install/jadx/bin/jadx --no-res --single-class ThisReceiver -d /Users/lordcasser/workspace/projects/jarde/openspec/changes/recover-same-class-generic-call-consumers/results/candidate/gc09-raw-64-baseline-v1/jdk8/no-debug/jadx/ThisReceiver /Users/lordcasser/workspace/projects/jarde/openspec/evidence/raw-receiver-field-selection-2026-10-09/jdk8/no-debug/input/ThisReceiver.jar
jdk8/no-debug/ThisReceiver/jadx-source-header	0	nonempty class source
jdk8/no-debug/ThisReceiver/jadx-javac	0	/Library/Java/JavaVirtualMachines/corretto-1.8.0_432/Contents/Home/bin/javac -source 8 -target 8 -g:none -classpath /var/folders/gm/lzn3ylzx4lz7mx29lftngdz40000gn/T/jarde-raw-receiver-replay-g0ph30ew/empty-classpath -sourcepath /var/folders/gm/lzn3ylzx4lz7mx29lftngdz40000gn/T/jarde-raw-receiver-replay-g0ph30ew/empty-sourcepath -d /var/folders/gm/lzn3ylzx4lz7mx29lftngdz40000gn/T/jarde-raw-receiver-replay-g0ph30ew/jadx-classes /Users/lordcasser/workspace/projects/jarde/openspec/changes/recover-same-class-generic-call-consumers/results/candidate/gc09-raw-64-baseline-v1/jdk8/no-debug/jadx/ThisReceiver/sources/defpackage/ThisReceiver.java /Users/lordcasser/workspace/projects/jarde/openspec/evidence/raw-receiver-field-selection-2026-10-09/source/ReceiverProbe.java
jdk8/no-debug/ThisReceiver/jadx-verify-run	0	/Library/Java/JavaVirtualMachines/corretto-1.8.0_432/Contents/Home/bin/java -Xverify:all -cp /var/folders/gm/lzn3ylzx4lz7mx29lftngdz40000gn/T/jarde-raw-receiver-replay-g0ph30ew/jadx-classes ReceiverProbe defpackage.ThisReceiver
jdk8/debug/ShadowMethodT/jar-contents	0	/Library/Java/JavaVirtualMachines/corretto-1.8.0_432/Contents/Home/bin/jar tf /Users/lordcasser/workspace/projects/jarde/openspec/evidence/raw-receiver-field-selection-2026-10-09/jdk8/debug/input/ShadowMethodT.jar
jdk8/debug/ShadowMethodT/original-javac	0	/Library/Java/JavaVirtualMachines/corretto-1.8.0_432/Contents/Home/bin/javac -source 8 -target 8 -g -classpath /var/folders/gm/lzn3ylzx4lz7mx29lftngdz40000gn/T/jarde-raw-receiver-replay-32sjjqgf/empty-classpath -sourcepath /var/folders/gm/lzn3ylzx4lz7mx29lftngdz40000gn/T/jarde-raw-receiver-replay-32sjjqgf/empty-sourcepath -d /var/folders/gm/lzn3ylzx4lz7mx29lftngdz40000gn/T/jarde-raw-receiver-replay-32sjjqgf/original /Users/lordcasser/workspace/projects/jarde/openspec/evidence/raw-receiver-field-selection-2026-10-09/source/ShadowMethodT.java
jdk8/debug/ShadowMethodT/javap	0	/Library/Java/JavaVirtualMachines/corretto-1.8.0_432/Contents/Home/bin/javap -p -c -s -v -classpath /Users/lordcasser/workspace/projects/jarde/openspec/evidence/raw-receiver-field-selection-2026-10-09/jdk8/debug/input/ShadowMethodT.jar ShadowMethodT
jdk8/debug/ShadowMethodT/original-probe-javac	0	/Library/Java/JavaVirtualMachines/corretto-1.8.0_432/Contents/Home/bin/javac -source 8 -target 8 -g -classpath /var/folders/gm/lzn3ylzx4lz7mx29lftngdz40000gn/T/jarde-raw-receiver-replay-32sjjqgf/empty-classpath -sourcepath /var/folders/gm/lzn3ylzx4lz7mx29lftngdz40000gn/T/jarde-raw-receiver-replay-32sjjqgf/empty-sourcepath -d /var/folders/gm/lzn3ylzx4lz7mx29lftngdz40000gn/T/jarde-raw-receiver-replay-32sjjqgf/original-probe /Users/lordcasser/workspace/projects/jarde/openspec/evidence/raw-receiver-field-selection-2026-10-09/source/ReceiverProbe.java
jdk8/debug/ShadowMethodT/original-run	0	/Library/Java/JavaVirtualMachines/corretto-1.8.0_432/Contents/Home/bin/java -Xverify:all -cp /var/folders/gm/lzn3ylzx4lz7mx29lftngdz40000gn/T/jarde-raw-receiver-replay-32sjjqgf/original:/var/folders/gm/lzn3ylzx4lz7mx29lftngdz40000gn/T/jarde-raw-receiver-replay-32sjjqgf/original-probe ReceiverProbe ShadowMethodT
jdk8/debug/ShadowMethodT/jarde-ShadowMethodT	0	/private/tmp/jarde-raw-receiver-final-v3-cli class-source --input /Users/lordcasser/workspace/projects/jarde/openspec/evidence/raw-receiver-field-selection-2026-10-09/jdk8/debug/input/ShadowMethodT.jar --class ShadowMethodT --policy plain-jar --release 8 --format text
jdk8/debug/ShadowMethodT/jarde-ShadowMethodT-source-header	0	nonempty self-describing source
jdk8/debug/ShadowMethodT/jarde-javac	0	/Library/Java/JavaVirtualMachines/corretto-1.8.0_432/Contents/Home/bin/javac -source 8 -target 8 -g -classpath /var/folders/gm/lzn3ylzx4lz7mx29lftngdz40000gn/T/jarde-raw-receiver-replay-32sjjqgf/empty-classpath -sourcepath /var/folders/gm/lzn3ylzx4lz7mx29lftngdz40000gn/T/jarde-raw-receiver-replay-32sjjqgf/empty-sourcepath -d /var/folders/gm/lzn3ylzx4lz7mx29lftngdz40000gn/T/jarde-raw-receiver-replay-32sjjqgf/jarde-classes /Users/lordcasser/workspace/projects/jarde/openspec/changes/recover-same-class-generic-call-consumers/results/candidate/gc09-raw-64-baseline-v1/jdk8/debug/jarde/ShadowMethodT.java /Users/lordcasser/workspace/projects/jarde/openspec/evidence/raw-receiver-field-selection-2026-10-09/source/ReceiverProbe.java
jdk8/debug/ShadowMethodT/jarde-verify-run	0	/Library/Java/JavaVirtualMachines/corretto-1.8.0_432/Contents/Home/bin/java -Xverify:all -cp /var/folders/gm/lzn3ylzx4lz7mx29lftngdz40000gn/T/jarde-raw-receiver-replay-32sjjqgf/jarde-classes ReceiverProbe ShadowMethodT
jdk8/debug/ShadowMethodT/jadx	0	/Users/lordcasser/workspace/testzone/jadx/jadx-cli/build/install/jadx/bin/jadx --no-res --single-class ShadowMethodT -d /Users/lordcasser/workspace/projects/jarde/openspec/changes/recover-same-class-generic-call-consumers/results/candidate/gc09-raw-64-baseline-v1/jdk8/debug/jadx/ShadowMethodT /Users/lordcasser/workspace/projects/jarde/openspec/evidence/raw-receiver-field-selection-2026-10-09/jdk8/debug/input/ShadowMethodT.jar
jdk8/debug/ShadowMethodT/jadx-source-header	0	nonempty class source
jdk8/debug/ShadowMethodT/jadx-javac	0	/Library/Java/JavaVirtualMachines/corretto-1.8.0_432/Contents/Home/bin/javac -source 8 -target 8 -g -classpath /var/folders/gm/lzn3ylzx4lz7mx29lftngdz40000gn/T/jarde-raw-receiver-replay-32sjjqgf/empty-classpath -sourcepath /var/folders/gm/lzn3ylzx4lz7mx29lftngdz40000gn/T/jarde-raw-receiver-replay-32sjjqgf/empty-sourcepath -d /var/folders/gm/lzn3ylzx4lz7mx29lftngdz40000gn/T/jarde-raw-receiver-replay-32sjjqgf/jadx-classes /Users/lordcasser/workspace/projects/jarde/openspec/changes/recover-same-class-generic-call-consumers/results/candidate/gc09-raw-64-baseline-v1/jdk8/debug/jadx/ShadowMethodT/sources/defpackage/ShadowMethodT.java /Users/lordcasser/workspace/projects/jarde/openspec/evidence/raw-receiver-field-selection-2026-10-09/source/ReceiverProbe.java
jdk8/debug/ShadowMethodT/jadx-verify-run	0	/Library/Java/JavaVirtualMachines/corretto-1.8.0_432/Contents/Home/bin/java -Xverify:all -cp /var/folders/gm/lzn3ylzx4lz7mx29lftngdz40000gn/T/jarde-raw-receiver-replay-32sjjqgf/jadx-classes ReceiverProbe defpackage.ShadowMethodT
jdk8/no-debug/ShadowMethodT/jar-contents	0	/Library/Java/JavaVirtualMachines/corretto-1.8.0_432/Contents/Home/bin/jar tf /Users/lordcasser/workspace/projects/jarde/openspec/evidence/raw-receiver-field-selection-2026-10-09/jdk8/no-debug/input/ShadowMethodT.jar
jdk8/no-debug/ShadowMethodT/original-javac	0	/Library/Java/JavaVirtualMachines/corretto-1.8.0_432/Contents/Home/bin/javac -source 8 -target 8 -g:none -classpath /var/folders/gm/lzn3ylzx4lz7mx29lftngdz40000gn/T/jarde-raw-receiver-replay-_3du1na2/empty-classpath -sourcepath /var/folders/gm/lzn3ylzx4lz7mx29lftngdz40000gn/T/jarde-raw-receiver-replay-_3du1na2/empty-sourcepath -d /var/folders/gm/lzn3ylzx4lz7mx29lftngdz40000gn/T/jarde-raw-receiver-replay-_3du1na2/original /Users/lordcasser/workspace/projects/jarde/openspec/evidence/raw-receiver-field-selection-2026-10-09/source/ShadowMethodT.java
jdk8/no-debug/ShadowMethodT/javap	0	/Library/Java/JavaVirtualMachines/corretto-1.8.0_432/Contents/Home/bin/javap -p -c -s -v -classpath /Users/lordcasser/workspace/projects/jarde/openspec/evidence/raw-receiver-field-selection-2026-10-09/jdk8/no-debug/input/ShadowMethodT.jar ShadowMethodT
jdk8/no-debug/ShadowMethodT/original-probe-javac	0	/Library/Java/JavaVirtualMachines/corretto-1.8.0_432/Contents/Home/bin/javac -source 8 -target 8 -g:none -classpath /var/folders/gm/lzn3ylzx4lz7mx29lftngdz40000gn/T/jarde-raw-receiver-replay-_3du1na2/empty-classpath -sourcepath /var/folders/gm/lzn3ylzx4lz7mx29lftngdz40000gn/T/jarde-raw-receiver-replay-_3du1na2/empty-sourcepath -d /var/folders/gm/lzn3ylzx4lz7mx29lftngdz40000gn/T/jarde-raw-receiver-replay-_3du1na2/original-probe /Users/lordcasser/workspace/projects/jarde/openspec/evidence/raw-receiver-field-selection-2026-10-09/source/ReceiverProbe.java
jdk8/no-debug/ShadowMethodT/original-run	0	/Library/Java/JavaVirtualMachines/corretto-1.8.0_432/Contents/Home/bin/java -Xverify:all -cp /var/folders/gm/lzn3ylzx4lz7mx29lftngdz40000gn/T/jarde-raw-receiver-replay-_3du1na2/original:/var/folders/gm/lzn3ylzx4lz7mx29lftngdz40000gn/T/jarde-raw-receiver-replay-_3du1na2/original-probe ReceiverProbe ShadowMethodT
jdk8/no-debug/ShadowMethodT/jarde-ShadowMethodT	0	/private/tmp/jarde-raw-receiver-final-v3-cli class-source --input /Users/lordcasser/workspace/projects/jarde/openspec/evidence/raw-receiver-field-selection-2026-10-09/jdk8/no-debug/input/ShadowMethodT.jar --class ShadowMethodT --policy plain-jar --release 8 --format text
jdk8/no-debug/ShadowMethodT/jarde-ShadowMethodT-source-header	0	nonempty self-describing source
jdk8/no-debug/ShadowMethodT/jarde-javac	0	/Library/Java/JavaVirtualMachines/corretto-1.8.0_432/Contents/Home/bin/javac -source 8 -target 8 -g:none -classpath /var/folders/gm/lzn3ylzx4lz7mx29lftngdz40000gn/T/jarde-raw-receiver-replay-_3du1na2/empty-classpath -sourcepath /var/folders/gm/lzn3ylzx4lz7mx29lftngdz40000gn/T/jarde-raw-receiver-replay-_3du1na2/empty-sourcepath -d /var/folders/gm/lzn3ylzx4lz7mx29lftngdz40000gn/T/jarde-raw-receiver-replay-_3du1na2/jarde-classes /Users/lordcasser/workspace/projects/jarde/openspec/changes/recover-same-class-generic-call-consumers/results/candidate/gc09-raw-64-baseline-v1/jdk8/no-debug/jarde/ShadowMethodT.java /Users/lordcasser/workspace/projects/jarde/openspec/evidence/raw-receiver-field-selection-2026-10-09/source/ReceiverProbe.java
jdk8/no-debug/ShadowMethodT/jarde-verify-run	0	/Library/Java/JavaVirtualMachines/corretto-1.8.0_432/Contents/Home/bin/java -Xverify:all -cp /var/folders/gm/lzn3ylzx4lz7mx29lftngdz40000gn/T/jarde-raw-receiver-replay-_3du1na2/jarde-classes ReceiverProbe ShadowMethodT
jdk8/no-debug/ShadowMethodT/jadx	0	/Users/lordcasser/workspace/testzone/jadx/jadx-cli/build/install/jadx/bin/jadx --no-res --single-class ShadowMethodT -d /Users/lordcasser/workspace/projects/jarde/openspec/changes/recover-same-class-generic-call-consumers/results/candidate/gc09-raw-64-baseline-v1/jdk8/no-debug/jadx/ShadowMethodT /Users/lordcasser/workspace/projects/jarde/openspec/evidence/raw-receiver-field-selection-2026-10-09/jdk8/no-debug/input/ShadowMethodT.jar
jdk8/no-debug/ShadowMethodT/jadx-source-header	0	nonempty class source
jdk8/no-debug/ShadowMethodT/jadx-javac	0	/Library/Java/JavaVirtualMachines/corretto-1.8.0_432/Contents/Home/bin/javac -source 8 -target 8 -g:none -classpath /var/folders/gm/lzn3ylzx4lz7mx29lftngdz40000gn/T/jarde-raw-receiver-replay-_3du1na2/empty-classpath -sourcepath /var/folders/gm/lzn3ylzx4lz7mx29lftngdz40000gn/T/jarde-raw-receiver-replay-_3du1na2/empty-sourcepath -d /var/folders/gm/lzn3ylzx4lz7mx29lftngdz40000gn/T/jarde-raw-receiver-replay-_3du1na2/jadx-classes /Users/lordcasser/workspace/projects/jarde/openspec/changes/recover-same-class-generic-call-consumers/results/candidate/gc09-raw-64-baseline-v1/jdk8/no-debug/jadx/ShadowMethodT/sources/defpackage/ShadowMethodT.java /Users/lordcasser/workspace/projects/jarde/openspec/evidence/raw-receiver-field-selection-2026-10-09/source/ReceiverProbe.java
jdk8/no-debug/ShadowMethodT/jadx-verify-run	0	/Library/Java/JavaVirtualMachines/corretto-1.8.0_432/Contents/Home/bin/java -Xverify:all -cp /var/folders/gm/lzn3ylzx4lz7mx29lftngdz40000gn/T/jarde-raw-receiver-replay-_3du1na2/jadx-classes ReceiverProbe defpackage.ShadowMethodT
jdk8/debug/DirectInstanceRawParam/jar-contents	0	/Library/Java/JavaVirtualMachines/corretto-1.8.0_432/Contents/Home/bin/jar tf /Users/lordcasser/workspace/projects/jarde/openspec/evidence/raw-receiver-field-selection-2026-10-09/jdk8/debug/input/DirectInstanceRawParam.jar
jdk8/debug/DirectInstanceRawParam/original-javac	0	/Library/Java/JavaVirtualMachines/corretto-1.8.0_432/Contents/Home/bin/javac -source 8 -target 8 -g -classpath /var/folders/gm/lzn3ylzx4lz7mx29lftngdz40000gn/T/jarde-raw-receiver-replay-j5fmezrk/empty-classpath -sourcepath /var/folders/gm/lzn3ylzx4lz7mx29lftngdz40000gn/T/jarde-raw-receiver-replay-j5fmezrk/empty-sourcepath -d /var/folders/gm/lzn3ylzx4lz7mx29lftngdz40000gn/T/jarde-raw-receiver-replay-j5fmezrk/original /Users/lordcasser/workspace/projects/jarde/openspec/evidence/raw-receiver-field-selection-2026-10-09/source/DirectInstanceRawParam.java
jdk8/debug/DirectInstanceRawParam/javap	0	/Library/Java/JavaVirtualMachines/corretto-1.8.0_432/Contents/Home/bin/javap -p -c -s -v -classpath /Users/lordcasser/workspace/projects/jarde/openspec/evidence/raw-receiver-field-selection-2026-10-09/jdk8/debug/input/DirectInstanceRawParam.jar DirectInstanceRawParam
jdk8/debug/DirectInstanceRawParam/original-probe-javac	0	/Library/Java/JavaVirtualMachines/corretto-1.8.0_432/Contents/Home/bin/javac -source 8 -target 8 -g -classpath /var/folders/gm/lzn3ylzx4lz7mx29lftngdz40000gn/T/jarde-raw-receiver-replay-j5fmezrk/empty-classpath -sourcepath /var/folders/gm/lzn3ylzx4lz7mx29lftngdz40000gn/T/jarde-raw-receiver-replay-j5fmezrk/empty-sourcepath -d /var/folders/gm/lzn3ylzx4lz7mx29lftngdz40000gn/T/jarde-raw-receiver-replay-j5fmezrk/original-probe /Users/lordcasser/workspace/projects/jarde/openspec/evidence/raw-receiver-field-selection-2026-10-09/source/ReceiverProbe.java
jdk8/debug/DirectInstanceRawParam/original-run	0	/Library/Java/JavaVirtualMachines/corretto-1.8.0_432/Contents/Home/bin/java -Xverify:all -cp /var/folders/gm/lzn3ylzx4lz7mx29lftngdz40000gn/T/jarde-raw-receiver-replay-j5fmezrk/original:/var/folders/gm/lzn3ylzx4lz7mx29lftngdz40000gn/T/jarde-raw-receiver-replay-j5fmezrk/original-probe ReceiverProbe DirectInstanceRawParam
jdk8/debug/DirectInstanceRawParam/jarde-DirectInstanceRawParam	0	/private/tmp/jarde-raw-receiver-final-v3-cli class-source --input /Users/lordcasser/workspace/projects/jarde/openspec/evidence/raw-receiver-field-selection-2026-10-09/jdk8/debug/input/DirectInstanceRawParam.jar --class DirectInstanceRawParam --policy plain-jar --release 8 --format text
jdk8/debug/DirectInstanceRawParam/jarde-DirectInstanceRawParam-source-header	0	nonempty self-describing source
jdk8/debug/DirectInstanceRawParam/jarde-javac	0	/Library/Java/JavaVirtualMachines/corretto-1.8.0_432/Contents/Home/bin/javac -source 8 -target 8 -g -classpath /var/folders/gm/lzn3ylzx4lz7mx29lftngdz40000gn/T/jarde-raw-receiver-replay-j5fmezrk/empty-classpath -sourcepath /var/folders/gm/lzn3ylzx4lz7mx29lftngdz40000gn/T/jarde-raw-receiver-replay-j5fmezrk/empty-sourcepath -d /var/folders/gm/lzn3ylzx4lz7mx29lftngdz40000gn/T/jarde-raw-receiver-replay-j5fmezrk/jarde-classes /Users/lordcasser/workspace/projects/jarde/openspec/changes/recover-same-class-generic-call-consumers/results/candidate/gc09-raw-64-baseline-v1/jdk8/debug/jarde/DirectInstanceRawParam.java /Users/lordcasser/workspace/projects/jarde/openspec/evidence/raw-receiver-field-selection-2026-10-09/source/ReceiverProbe.java
jdk8/debug/DirectInstanceRawParam/jarde-verify-run	0	/Library/Java/JavaVirtualMachines/corretto-1.8.0_432/Contents/Home/bin/java -Xverify:all -cp /var/folders/gm/lzn3ylzx4lz7mx29lftngdz40000gn/T/jarde-raw-receiver-replay-j5fmezrk/jarde-classes ReceiverProbe DirectInstanceRawParam
jdk8/debug/DirectInstanceRawParam/jadx	0	/Users/lordcasser/workspace/testzone/jadx/jadx-cli/build/install/jadx/bin/jadx --no-res --single-class DirectInstanceRawParam -d /Users/lordcasser/workspace/projects/jarde/openspec/changes/recover-same-class-generic-call-consumers/results/candidate/gc09-raw-64-baseline-v1/jdk8/debug/jadx/DirectInstanceRawParam /Users/lordcasser/workspace/projects/jarde/openspec/evidence/raw-receiver-field-selection-2026-10-09/jdk8/debug/input/DirectInstanceRawParam.jar
jdk8/debug/DirectInstanceRawParam/jadx-source-header	0	nonempty class source
jdk8/debug/DirectInstanceRawParam/jadx-javac	0	/Library/Java/JavaVirtualMachines/corretto-1.8.0_432/Contents/Home/bin/javac -source 8 -target 8 -g -classpath /var/folders/gm/lzn3ylzx4lz7mx29lftngdz40000gn/T/jarde-raw-receiver-replay-j5fmezrk/empty-classpath -sourcepath /var/folders/gm/lzn3ylzx4lz7mx29lftngdz40000gn/T/jarde-raw-receiver-replay-j5fmezrk/empty-sourcepath -d /var/folders/gm/lzn3ylzx4lz7mx29lftngdz40000gn/T/jarde-raw-receiver-replay-j5fmezrk/jadx-classes /Users/lordcasser/workspace/projects/jarde/openspec/changes/recover-same-class-generic-call-consumers/results/candidate/gc09-raw-64-baseline-v1/jdk8/debug/jadx/DirectInstanceRawParam/sources/defpackage/DirectInstanceRawParam.java /Users/lordcasser/workspace/projects/jarde/openspec/evidence/raw-receiver-field-selection-2026-10-09/source/ReceiverProbe.java
jdk8/debug/DirectInstanceRawParam/jadx-verify-run	0	/Library/Java/JavaVirtualMachines/corretto-1.8.0_432/Contents/Home/bin/java -Xverify:all -cp /var/folders/gm/lzn3ylzx4lz7mx29lftngdz40000gn/T/jarde-raw-receiver-replay-j5fmezrk/jadx-classes ReceiverProbe defpackage.DirectInstanceRawParam
jdk8/no-debug/DirectInstanceRawParam/jar-contents	0	/Library/Java/JavaVirtualMachines/corretto-1.8.0_432/Contents/Home/bin/jar tf /Users/lordcasser/workspace/projects/jarde/openspec/evidence/raw-receiver-field-selection-2026-10-09/jdk8/no-debug/input/DirectInstanceRawParam.jar
jdk8/no-debug/DirectInstanceRawParam/original-javac	0	/Library/Java/JavaVirtualMachines/corretto-1.8.0_432/Contents/Home/bin/javac -source 8 -target 8 -g:none -classpath /var/folders/gm/lzn3ylzx4lz7mx29lftngdz40000gn/T/jarde-raw-receiver-replay-ii0s1t1x/empty-classpath -sourcepath /var/folders/gm/lzn3ylzx4lz7mx29lftngdz40000gn/T/jarde-raw-receiver-replay-ii0s1t1x/empty-sourcepath -d /var/folders/gm/lzn3ylzx4lz7mx29lftngdz40000gn/T/jarde-raw-receiver-replay-ii0s1t1x/original /Users/lordcasser/workspace/projects/jarde/openspec/evidence/raw-receiver-field-selection-2026-10-09/source/DirectInstanceRawParam.java
jdk8/no-debug/DirectInstanceRawParam/javap	0	/Library/Java/JavaVirtualMachines/corretto-1.8.0_432/Contents/Home/bin/javap -p -c -s -v -classpath /Users/lordcasser/workspace/projects/jarde/openspec/evidence/raw-receiver-field-selection-2026-10-09/jdk8/no-debug/input/DirectInstanceRawParam.jar DirectInstanceRawParam
jdk8/no-debug/DirectInstanceRawParam/original-probe-javac	0	/Library/Java/JavaVirtualMachines/corretto-1.8.0_432/Contents/Home/bin/javac -source 8 -target 8 -g:none -classpath /var/folders/gm/lzn3ylzx4lz7mx29lftngdz40000gn/T/jarde-raw-receiver-replay-ii0s1t1x/empty-classpath -sourcepath /var/folders/gm/lzn3ylzx4lz7mx29lftngdz40000gn/T/jarde-raw-receiver-replay-ii0s1t1x/empty-sourcepath -d /var/folders/gm/lzn3ylzx4lz7mx29lftngdz40000gn/T/jarde-raw-receiver-replay-ii0s1t1x/original-probe /Users/lordcasser/workspace/projects/jarde/openspec/evidence/raw-receiver-field-selection-2026-10-09/source/ReceiverProbe.java
jdk8/no-debug/DirectInstanceRawParam/original-run	0	/Library/Java/JavaVirtualMachines/corretto-1.8.0_432/Contents/Home/bin/java -Xverify:all -cp /var/folders/gm/lzn3ylzx4lz7mx29lftngdz40000gn/T/jarde-raw-receiver-replay-ii0s1t1x/original:/var/folders/gm/lzn3ylzx4lz7mx29lftngdz40000gn/T/jarde-raw-receiver-replay-ii0s1t1x/original-probe ReceiverProbe DirectInstanceRawParam
jdk8/no-debug/DirectInstanceRawParam/jarde-DirectInstanceRawParam	0	/private/tmp/jarde-raw-receiver-final-v3-cli class-source --input /Users/lordcasser/workspace/projects/jarde/openspec/evidence/raw-receiver-field-selection-2026-10-09/jdk8/no-debug/input/DirectInstanceRawParam.jar --class DirectInstanceRawParam --policy plain-jar --release 8 --format text
jdk8/no-debug/DirectInstanceRawParam/jarde-DirectInstanceRawParam-source-header	0	nonempty self-describing source
jdk8/no-debug/DirectInstanceRawParam/jarde-javac	0	/Library/Java/JavaVirtualMachines/corretto-1.8.0_432/Contents/Home/bin/javac -source 8 -target 8 -g:none -classpath /var/folders/gm/lzn3ylzx4lz7mx29lftngdz40000gn/T/jarde-raw-receiver-replay-ii0s1t1x/empty-classpath -sourcepath /var/folders/gm/lzn3ylzx4lz7mx29lftngdz40000gn/T/jarde-raw-receiver-replay-ii0s1t1x/empty-sourcepath -d /var/folders/gm/lzn3ylzx4lz7mx29lftngdz40000gn/T/jarde-raw-receiver-replay-ii0s1t1x/jarde-classes /Users/lordcasser/workspace/projects/jarde/openspec/changes/recover-same-class-generic-call-consumers/results/candidate/gc09-raw-64-baseline-v1/jdk8/no-debug/jarde/DirectInstanceRawParam.java /Users/lordcasser/workspace/projects/jarde/openspec/evidence/raw-receiver-field-selection-2026-10-09/source/ReceiverProbe.java
jdk8/no-debug/DirectInstanceRawParam/jarde-verify-run	0	/Library/Java/JavaVirtualMachines/corretto-1.8.0_432/Contents/Home/bin/java -Xverify:all -cp /var/folders/gm/lzn3ylzx4lz7mx29lftngdz40000gn/T/jarde-raw-receiver-replay-ii0s1t1x/jarde-classes ReceiverProbe DirectInstanceRawParam
jdk8/no-debug/DirectInstanceRawParam/jadx	0	/Users/lordcasser/workspace/testzone/jadx/jadx-cli/build/install/jadx/bin/jadx --no-res --single-class DirectInstanceRawParam -d /Users/lordcasser/workspace/projects/jarde/openspec/changes/recover-same-class-generic-call-consumers/results/candidate/gc09-raw-64-baseline-v1/jdk8/no-debug/jadx/DirectInstanceRawParam /Users/lordcasser/workspace/projects/jarde/openspec/evidence/raw-receiver-field-selection-2026-10-09/jdk8/no-debug/input/DirectInstanceRawParam.jar
jdk8/no-debug/DirectInstanceRawParam/jadx-source-header	0	nonempty class source
jdk8/no-debug/DirectInstanceRawParam/jadx-javac	0	/Library/Java/JavaVirtualMachines/corretto-1.8.0_432/Contents/Home/bin/javac -source 8 -target 8 -g:none -classpath /var/folders/gm/lzn3ylzx4lz7mx29lftngdz40000gn/T/jarde-raw-receiver-replay-ii0s1t1x/empty-classpath -sourcepath /var/folders/gm/lzn3ylzx4lz7mx29lftngdz40000gn/T/jarde-raw-receiver-replay-ii0s1t1x/empty-sourcepath -d /var/folders/gm/lzn3ylzx4lz7mx29lftngdz40000gn/T/jarde-raw-receiver-replay-ii0s1t1x/jadx-classes /Users/lordcasser/workspace/projects/jarde/openspec/changes/recover-same-class-generic-call-consumers/results/candidate/gc09-raw-64-baseline-v1/jdk8/no-debug/jadx/DirectInstanceRawParam/sources/defpackage/DirectInstanceRawParam.java /Users/lordcasser/workspace/projects/jarde/openspec/evidence/raw-receiver-field-selection-2026-10-09/source/ReceiverProbe.java
jdk8/no-debug/DirectInstanceRawParam/jadx-verify-run	0	/Library/Java/JavaVirtualMachines/corretto-1.8.0_432/Contents/Home/bin/java -Xverify:all -cp /var/folders/gm/lzn3ylzx4lz7mx29lftngdz40000gn/T/jarde-raw-receiver-replay-ii0s1t1x/jadx-classes ReceiverProbe defpackage.DirectInstanceRawParam
jdk8/debug/WideRawParam/jar-contents	0	/Library/Java/JavaVirtualMachines/corretto-1.8.0_432/Contents/Home/bin/jar tf /Users/lordcasser/workspace/projects/jarde/openspec/evidence/raw-receiver-field-selection-2026-10-09/jdk8/debug/input/WideRawParam.jar
jdk8/debug/WideRawParam/original-javac	0	/Library/Java/JavaVirtualMachines/corretto-1.8.0_432/Contents/Home/bin/javac -source 8 -target 8 -g -classpath /var/folders/gm/lzn3ylzx4lz7mx29lftngdz40000gn/T/jarde-raw-receiver-replay-mq7fu3ss/empty-classpath -sourcepath /var/folders/gm/lzn3ylzx4lz7mx29lftngdz40000gn/T/jarde-raw-receiver-replay-mq7fu3ss/empty-sourcepath -d /var/folders/gm/lzn3ylzx4lz7mx29lftngdz40000gn/T/jarde-raw-receiver-replay-mq7fu3ss/original /Users/lordcasser/workspace/projects/jarde/openspec/evidence/raw-receiver-field-selection-2026-10-09/source/WideRawParam.java
jdk8/debug/WideRawParam/javap	0	/Library/Java/JavaVirtualMachines/corretto-1.8.0_432/Contents/Home/bin/javap -p -c -s -v -classpath /Users/lordcasser/workspace/projects/jarde/openspec/evidence/raw-receiver-field-selection-2026-10-09/jdk8/debug/input/WideRawParam.jar WideRawParam
jdk8/debug/WideRawParam/original-probe-javac	0	/Library/Java/JavaVirtualMachines/corretto-1.8.0_432/Contents/Home/bin/javac -source 8 -target 8 -g -classpath /var/folders/gm/lzn3ylzx4lz7mx29lftngdz40000gn/T/jarde-raw-receiver-replay-mq7fu3ss/empty-classpath -sourcepath /var/folders/gm/lzn3ylzx4lz7mx29lftngdz40000gn/T/jarde-raw-receiver-replay-mq7fu3ss/empty-sourcepath -d /var/folders/gm/lzn3ylzx4lz7mx29lftngdz40000gn/T/jarde-raw-receiver-replay-mq7fu3ss/original-probe /Users/lordcasser/workspace/projects/jarde/openspec/evidence/raw-receiver-field-selection-2026-10-09/source/ReceiverProbe.java
jdk8/debug/WideRawParam/original-run	0	/Library/Java/JavaVirtualMachines/corretto-1.8.0_432/Contents/Home/bin/java -Xverify:all -cp /var/folders/gm/lzn3ylzx4lz7mx29lftngdz40000gn/T/jarde-raw-receiver-replay-mq7fu3ss/original:/var/folders/gm/lzn3ylzx4lz7mx29lftngdz40000gn/T/jarde-raw-receiver-replay-mq7fu3ss/original-probe ReceiverProbe WideRawParam
jdk8/debug/WideRawParam/jarde-WideRawParam	0	/private/tmp/jarde-raw-receiver-final-v3-cli class-source --input /Users/lordcasser/workspace/projects/jarde/openspec/evidence/raw-receiver-field-selection-2026-10-09/jdk8/debug/input/WideRawParam.jar --class WideRawParam --policy plain-jar --release 8 --format text
jdk8/debug/WideRawParam/jarde-WideRawParam-source-header	0	nonempty self-describing source
jdk8/debug/WideRawParam/jarde-javac	0	/Library/Java/JavaVirtualMachines/corretto-1.8.0_432/Contents/Home/bin/javac -source 8 -target 8 -g -classpath /var/folders/gm/lzn3ylzx4lz7mx29lftngdz40000gn/T/jarde-raw-receiver-replay-mq7fu3ss/empty-classpath -sourcepath /var/folders/gm/lzn3ylzx4lz7mx29lftngdz40000gn/T/jarde-raw-receiver-replay-mq7fu3ss/empty-sourcepath -d /var/folders/gm/lzn3ylzx4lz7mx29lftngdz40000gn/T/jarde-raw-receiver-replay-mq7fu3ss/jarde-classes /Users/lordcasser/workspace/projects/jarde/openspec/changes/recover-same-class-generic-call-consumers/results/candidate/gc09-raw-64-baseline-v1/jdk8/debug/jarde/WideRawParam.java /Users/lordcasser/workspace/projects/jarde/openspec/evidence/raw-receiver-field-selection-2026-10-09/source/ReceiverProbe.java
jdk8/debug/WideRawParam/jarde-verify-run	0	/Library/Java/JavaVirtualMachines/corretto-1.8.0_432/Contents/Home/bin/java -Xverify:all -cp /var/folders/gm/lzn3ylzx4lz7mx29lftngdz40000gn/T/jarde-raw-receiver-replay-mq7fu3ss/jarde-classes ReceiverProbe WideRawParam
jdk8/debug/WideRawParam/jadx	0	/Users/lordcasser/workspace/testzone/jadx/jadx-cli/build/install/jadx/bin/jadx --no-res --single-class WideRawParam -d /Users/lordcasser/workspace/projects/jarde/openspec/changes/recover-same-class-generic-call-consumers/results/candidate/gc09-raw-64-baseline-v1/jdk8/debug/jadx/WideRawParam /Users/lordcasser/workspace/projects/jarde/openspec/evidence/raw-receiver-field-selection-2026-10-09/jdk8/debug/input/WideRawParam.jar
jdk8/debug/WideRawParam/jadx-source-header	0	nonempty class source
jdk8/debug/WideRawParam/jadx-javac	0	/Library/Java/JavaVirtualMachines/corretto-1.8.0_432/Contents/Home/bin/javac -source 8 -target 8 -g -classpath /var/folders/gm/lzn3ylzx4lz7mx29lftngdz40000gn/T/jarde-raw-receiver-replay-mq7fu3ss/empty-classpath -sourcepath /var/folders/gm/lzn3ylzx4lz7mx29lftngdz40000gn/T/jarde-raw-receiver-replay-mq7fu3ss/empty-sourcepath -d /var/folders/gm/lzn3ylzx4lz7mx29lftngdz40000gn/T/jarde-raw-receiver-replay-mq7fu3ss/jadx-classes /Users/lordcasser/workspace/projects/jarde/openspec/changes/recover-same-class-generic-call-consumers/results/candidate/gc09-raw-64-baseline-v1/jdk8/debug/jadx/WideRawParam/sources/defpackage/WideRawParam.java /Users/lordcasser/workspace/projects/jarde/openspec/evidence/raw-receiver-field-selection-2026-10-09/source/ReceiverProbe.java
jdk8/debug/WideRawParam/jadx-verify-run	0	/Library/Java/JavaVirtualMachines/corretto-1.8.0_432/Contents/Home/bin/java -Xverify:all -cp /var/folders/gm/lzn3ylzx4lz7mx29lftngdz40000gn/T/jarde-raw-receiver-replay-mq7fu3ss/jadx-classes ReceiverProbe defpackage.WideRawParam
jdk8/no-debug/WideRawParam/jar-contents	0	/Library/Java/JavaVirtualMachines/corretto-1.8.0_432/Contents/Home/bin/jar tf /Users/lordcasser/workspace/projects/jarde/openspec/evidence/raw-receiver-field-selection-2026-10-09/jdk8/no-debug/input/WideRawParam.jar
jdk8/no-debug/WideRawParam/original-javac	0	/Library/Java/JavaVirtualMachines/corretto-1.8.0_432/Contents/Home/bin/javac -source 8 -target 8 -g:none -classpath /var/folders/gm/lzn3ylzx4lz7mx29lftngdz40000gn/T/jarde-raw-receiver-replay-o4cjwkpk/empty-classpath -sourcepath /var/folders/gm/lzn3ylzx4lz7mx29lftngdz40000gn/T/jarde-raw-receiver-replay-o4cjwkpk/empty-sourcepath -d /var/folders/gm/lzn3ylzx4lz7mx29lftngdz40000gn/T/jarde-raw-receiver-replay-o4cjwkpk/original /Users/lordcasser/workspace/projects/jarde/openspec/evidence/raw-receiver-field-selection-2026-10-09/source/WideRawParam.java
jdk8/no-debug/WideRawParam/javap	0	/Library/Java/JavaVirtualMachines/corretto-1.8.0_432/Contents/Home/bin/javap -p -c -s -v -classpath /Users/lordcasser/workspace/projects/jarde/openspec/evidence/raw-receiver-field-selection-2026-10-09/jdk8/no-debug/input/WideRawParam.jar WideRawParam
jdk8/no-debug/WideRawParam/original-probe-javac	0	/Library/Java/JavaVirtualMachines/corretto-1.8.0_432/Contents/Home/bin/javac -source 8 -target 8 -g:none -classpath /var/folders/gm/lzn3ylzx4lz7mx29lftngdz40000gn/T/jarde-raw-receiver-replay-o4cjwkpk/empty-classpath -sourcepath /var/folders/gm/lzn3ylzx4lz7mx29lftngdz40000gn/T/jarde-raw-receiver-replay-o4cjwkpk/empty-sourcepath -d /var/folders/gm/lzn3ylzx4lz7mx29lftngdz40000gn/T/jarde-raw-receiver-replay-o4cjwkpk/original-probe /Users/lordcasser/workspace/projects/jarde/openspec/evidence/raw-receiver-field-selection-2026-10-09/source/ReceiverProbe.java
jdk8/no-debug/WideRawParam/original-run	0	/Library/Java/JavaVirtualMachines/corretto-1.8.0_432/Contents/Home/bin/java -Xverify:all -cp /var/folders/gm/lzn3ylzx4lz7mx29lftngdz40000gn/T/jarde-raw-receiver-replay-o4cjwkpk/original:/var/folders/gm/lzn3ylzx4lz7mx29lftngdz40000gn/T/jarde-raw-receiver-replay-o4cjwkpk/original-probe ReceiverProbe WideRawParam
jdk8/no-debug/WideRawParam/jarde-WideRawParam	0	/private/tmp/jarde-raw-receiver-final-v3-cli class-source --input /Users/lordcasser/workspace/projects/jarde/openspec/evidence/raw-receiver-field-selection-2026-10-09/jdk8/no-debug/input/WideRawParam.jar --class WideRawParam --policy plain-jar --release 8 --format text
jdk8/no-debug/WideRawParam/jarde-WideRawParam-source-header	0	nonempty self-describing source
jdk8/no-debug/WideRawParam/jarde-javac	0	/Library/Java/JavaVirtualMachines/corretto-1.8.0_432/Contents/Home/bin/javac -source 8 -target 8 -g:none -classpath /var/folders/gm/lzn3ylzx4lz7mx29lftngdz40000gn/T/jarde-raw-receiver-replay-o4cjwkpk/empty-classpath -sourcepath /var/folders/gm/lzn3ylzx4lz7mx29lftngdz40000gn/T/jarde-raw-receiver-replay-o4cjwkpk/empty-sourcepath -d /var/folders/gm/lzn3ylzx4lz7mx29lftngdz40000gn/T/jarde-raw-receiver-replay-o4cjwkpk/jarde-classes /Users/lordcasser/workspace/projects/jarde/openspec/changes/recover-same-class-generic-call-consumers/results/candidate/gc09-raw-64-baseline-v1/jdk8/no-debug/jarde/WideRawParam.java /Users/lordcasser/workspace/projects/jarde/openspec/evidence/raw-receiver-field-selection-2026-10-09/source/ReceiverProbe.java
jdk8/no-debug/WideRawParam/jarde-verify-run	0	/Library/Java/JavaVirtualMachines/corretto-1.8.0_432/Contents/Home/bin/java -Xverify:all -cp /var/folders/gm/lzn3ylzx4lz7mx29lftngdz40000gn/T/jarde-raw-receiver-replay-o4cjwkpk/jarde-classes ReceiverProbe WideRawParam
jdk8/no-debug/WideRawParam/jadx	0	/Users/lordcasser/workspace/testzone/jadx/jadx-cli/build/install/jadx/bin/jadx --no-res --single-class WideRawParam -d /Users/lordcasser/workspace/projects/jarde/openspec/changes/recover-same-class-generic-call-consumers/results/candidate/gc09-raw-64-baseline-v1/jdk8/no-debug/jadx/WideRawParam /Users/lordcasser/workspace/projects/jarde/openspec/evidence/raw-receiver-field-selection-2026-10-09/jdk8/no-debug/input/WideRawParam.jar
jdk8/no-debug/WideRawParam/jadx-source-header	0	nonempty class source
jdk8/no-debug/WideRawParam/jadx-javac	0	/Library/Java/JavaVirtualMachines/corretto-1.8.0_432/Contents/Home/bin/javac -source 8 -target 8 -g:none -classpath /var/folders/gm/lzn3ylzx4lz7mx29lftngdz40000gn/T/jarde-raw-receiver-replay-o4cjwkpk/empty-classpath -sourcepath /var/folders/gm/lzn3ylzx4lz7mx29lftngdz40000gn/T/jarde-raw-receiver-replay-o4cjwkpk/empty-sourcepath -d /var/folders/gm/lzn3ylzx4lz7mx29lftngdz40000gn/T/jarde-raw-receiver-replay-o4cjwkpk/jadx-classes /Users/lordcasser/workspace/projects/jarde/openspec/changes/recover-same-class-generic-call-consumers/results/candidate/gc09-raw-64-baseline-v1/jdk8/no-debug/jadx/WideRawParam/sources/defpackage/WideRawParam.java /Users/lordcasser/workspace/projects/jarde/openspec/evidence/raw-receiver-field-selection-2026-10-09/source/ReceiverProbe.java
jdk8/no-debug/WideRawParam/jadx-verify-run	0	/Library/Java/JavaVirtualMachines/corretto-1.8.0_432/Contents/Home/bin/java -Xverify:all -cp /var/folders/gm/lzn3ylzx4lz7mx29lftngdz40000gn/T/jarde-raw-receiver-replay-o4cjwkpk/jadx-classes ReceiverProbe defpackage.WideRawParam
jdk8/debug/ArrayRawParam/jar-contents	0	/Library/Java/JavaVirtualMachines/corretto-1.8.0_432/Contents/Home/bin/jar tf /Users/lordcasser/workspace/projects/jarde/openspec/evidence/raw-receiver-field-selection-2026-10-09/jdk8/debug/input/ArrayRawParam.jar
jdk8/debug/ArrayRawParam/original-javac	0	/Library/Java/JavaVirtualMachines/corretto-1.8.0_432/Contents/Home/bin/javac -source 8 -target 8 -g -classpath /var/folders/gm/lzn3ylzx4lz7mx29lftngdz40000gn/T/jarde-raw-receiver-replay-z5p_41_l/empty-classpath -sourcepath /var/folders/gm/lzn3ylzx4lz7mx29lftngdz40000gn/T/jarde-raw-receiver-replay-z5p_41_l/empty-sourcepath -d /var/folders/gm/lzn3ylzx4lz7mx29lftngdz40000gn/T/jarde-raw-receiver-replay-z5p_41_l/original /Users/lordcasser/workspace/projects/jarde/openspec/evidence/raw-receiver-field-selection-2026-10-09/source/ArrayRawParam.java
jdk8/debug/ArrayRawParam/javap	0	/Library/Java/JavaVirtualMachines/corretto-1.8.0_432/Contents/Home/bin/javap -p -c -s -v -classpath /Users/lordcasser/workspace/projects/jarde/openspec/evidence/raw-receiver-field-selection-2026-10-09/jdk8/debug/input/ArrayRawParam.jar ArrayRawParam
jdk8/debug/ArrayRawParam/original-probe-javac	0	/Library/Java/JavaVirtualMachines/corretto-1.8.0_432/Contents/Home/bin/javac -source 8 -target 8 -g -classpath /var/folders/gm/lzn3ylzx4lz7mx29lftngdz40000gn/T/jarde-raw-receiver-replay-z5p_41_l/empty-classpath -sourcepath /var/folders/gm/lzn3ylzx4lz7mx29lftngdz40000gn/T/jarde-raw-receiver-replay-z5p_41_l/empty-sourcepath -d /var/folders/gm/lzn3ylzx4lz7mx29lftngdz40000gn/T/jarde-raw-receiver-replay-z5p_41_l/original-probe /Users/lordcasser/workspace/projects/jarde/openspec/evidence/raw-receiver-field-selection-2026-10-09/source/ReceiverProbe.java
jdk8/debug/ArrayRawParam/original-run	0	/Library/Java/JavaVirtualMachines/corretto-1.8.0_432/Contents/Home/bin/java -Xverify:all -cp /var/folders/gm/lzn3ylzx4lz7mx29lftngdz40000gn/T/jarde-raw-receiver-replay-z5p_41_l/original:/var/folders/gm/lzn3ylzx4lz7mx29lftngdz40000gn/T/jarde-raw-receiver-replay-z5p_41_l/original-probe ReceiverProbe ArrayRawParam
jdk8/debug/ArrayRawParam/jarde-ArrayRawParam	0	/private/tmp/jarde-raw-receiver-final-v3-cli class-source --input /Users/lordcasser/workspace/projects/jarde/openspec/evidence/raw-receiver-field-selection-2026-10-09/jdk8/debug/input/ArrayRawParam.jar --class ArrayRawParam --policy plain-jar --release 8 --format text
jdk8/debug/ArrayRawParam/jarde-ArrayRawParam-source-header	0	nonempty self-describing source
jdk8/debug/ArrayRawParam/jarde-javac	0	/Library/Java/JavaVirtualMachines/corretto-1.8.0_432/Contents/Home/bin/javac -source 8 -target 8 -g -classpath /var/folders/gm/lzn3ylzx4lz7mx29lftngdz40000gn/T/jarde-raw-receiver-replay-z5p_41_l/empty-classpath -sourcepath /var/folders/gm/lzn3ylzx4lz7mx29lftngdz40000gn/T/jarde-raw-receiver-replay-z5p_41_l/empty-sourcepath -d /var/folders/gm/lzn3ylzx4lz7mx29lftngdz40000gn/T/jarde-raw-receiver-replay-z5p_41_l/jarde-classes /Users/lordcasser/workspace/projects/jarde/openspec/changes/recover-same-class-generic-call-consumers/results/candidate/gc09-raw-64-baseline-v1/jdk8/debug/jarde/ArrayRawParam.java /Users/lordcasser/workspace/projects/jarde/openspec/evidence/raw-receiver-field-selection-2026-10-09/source/ReceiverProbe.java
jdk8/debug/ArrayRawParam/jarde-verify-run	0	/Library/Java/JavaVirtualMachines/corretto-1.8.0_432/Contents/Home/bin/java -Xverify:all -cp /var/folders/gm/lzn3ylzx4lz7mx29lftngdz40000gn/T/jarde-raw-receiver-replay-z5p_41_l/jarde-classes ReceiverProbe ArrayRawParam
jdk8/debug/ArrayRawParam/jadx	0	/Users/lordcasser/workspace/testzone/jadx/jadx-cli/build/install/jadx/bin/jadx --no-res --single-class ArrayRawParam -d /Users/lordcasser/workspace/projects/jarde/openspec/changes/recover-same-class-generic-call-consumers/results/candidate/gc09-raw-64-baseline-v1/jdk8/debug/jadx/ArrayRawParam /Users/lordcasser/workspace/projects/jarde/openspec/evidence/raw-receiver-field-selection-2026-10-09/jdk8/debug/input/ArrayRawParam.jar
jdk8/debug/ArrayRawParam/jadx-source-header	0	nonempty class source
jdk8/debug/ArrayRawParam/jadx-javac	0	/Library/Java/JavaVirtualMachines/corretto-1.8.0_432/Contents/Home/bin/javac -source 8 -target 8 -g -classpath /var/folders/gm/lzn3ylzx4lz7mx29lftngdz40000gn/T/jarde-raw-receiver-replay-z5p_41_l/empty-classpath -sourcepath /var/folders/gm/lzn3ylzx4lz7mx29lftngdz40000gn/T/jarde-raw-receiver-replay-z5p_41_l/empty-sourcepath -d /var/folders/gm/lzn3ylzx4lz7mx29lftngdz40000gn/T/jarde-raw-receiver-replay-z5p_41_l/jadx-classes /Users/lordcasser/workspace/projects/jarde/openspec/changes/recover-same-class-generic-call-consumers/results/candidate/gc09-raw-64-baseline-v1/jdk8/debug/jadx/ArrayRawParam/sources/defpackage/ArrayRawParam.java /Users/lordcasser/workspace/projects/jarde/openspec/evidence/raw-receiver-field-selection-2026-10-09/source/ReceiverProbe.java
jdk8/debug/ArrayRawParam/jadx-verify-run	0	/Library/Java/JavaVirtualMachines/corretto-1.8.0_432/Contents/Home/bin/java -Xverify:all -cp /var/folders/gm/lzn3ylzx4lz7mx29lftngdz40000gn/T/jarde-raw-receiver-replay-z5p_41_l/jadx-classes ReceiverProbe defpackage.ArrayRawParam
jdk8/no-debug/ArrayRawParam/jar-contents	0	/Library/Java/JavaVirtualMachines/corretto-1.8.0_432/Contents/Home/bin/jar tf /Users/lordcasser/workspace/projects/jarde/openspec/evidence/raw-receiver-field-selection-2026-10-09/jdk8/no-debug/input/ArrayRawParam.jar
jdk8/no-debug/ArrayRawParam/original-javac	0	/Library/Java/JavaVirtualMachines/corretto-1.8.0_432/Contents/Home/bin/javac -source 8 -target 8 -g:none -classpath /var/folders/gm/lzn3ylzx4lz7mx29lftngdz40000gn/T/jarde-raw-receiver-replay-rc4_dnbe/empty-classpath -sourcepath /var/folders/gm/lzn3ylzx4lz7mx29lftngdz40000gn/T/jarde-raw-receiver-replay-rc4_dnbe/empty-sourcepath -d /var/folders/gm/lzn3ylzx4lz7mx29lftngdz40000gn/T/jarde-raw-receiver-replay-rc4_dnbe/original /Users/lordcasser/workspace/projects/jarde/openspec/evidence/raw-receiver-field-selection-2026-10-09/source/ArrayRawParam.java
jdk8/no-debug/ArrayRawParam/javap	0	/Library/Java/JavaVirtualMachines/corretto-1.8.0_432/Contents/Home/bin/javap -p -c -s -v -classpath /Users/lordcasser/workspace/projects/jarde/openspec/evidence/raw-receiver-field-selection-2026-10-09/jdk8/no-debug/input/ArrayRawParam.jar ArrayRawParam
jdk8/no-debug/ArrayRawParam/original-probe-javac	0	/Library/Java/JavaVirtualMachines/corretto-1.8.0_432/Contents/Home/bin/javac -source 8 -target 8 -g:none -classpath /var/folders/gm/lzn3ylzx4lz7mx29lftngdz40000gn/T/jarde-raw-receiver-replay-rc4_dnbe/empty-classpath -sourcepath /var/folders/gm/lzn3ylzx4lz7mx29lftngdz40000gn/T/jarde-raw-receiver-replay-rc4_dnbe/empty-sourcepath -d /var/folders/gm/lzn3ylzx4lz7mx29lftngdz40000gn/T/jarde-raw-receiver-replay-rc4_dnbe/original-probe /Users/lordcasser/workspace/projects/jarde/openspec/evidence/raw-receiver-field-selection-2026-10-09/source/ReceiverProbe.java
jdk8/no-debug/ArrayRawParam/original-run	0	/Library/Java/JavaVirtualMachines/corretto-1.8.0_432/Contents/Home/bin/java -Xverify:all -cp /var/folders/gm/lzn3ylzx4lz7mx29lftngdz40000gn/T/jarde-raw-receiver-replay-rc4_dnbe/original:/var/folders/gm/lzn3ylzx4lz7mx29lftngdz40000gn/T/jarde-raw-receiver-replay-rc4_dnbe/original-probe ReceiverProbe ArrayRawParam
jdk8/no-debug/ArrayRawParam/jarde-ArrayRawParam	0	/private/tmp/jarde-raw-receiver-final-v3-cli class-source --input /Users/lordcasser/workspace/projects/jarde/openspec/evidence/raw-receiver-field-selection-2026-10-09/jdk8/no-debug/input/ArrayRawParam.jar --class ArrayRawParam --policy plain-jar --release 8 --format text
jdk8/no-debug/ArrayRawParam/jarde-ArrayRawParam-source-header	0	nonempty self-describing source
jdk8/no-debug/ArrayRawParam/jarde-javac	0	/Library/Java/JavaVirtualMachines/corretto-1.8.0_432/Contents/Home/bin/javac -source 8 -target 8 -g:none -classpath /var/folders/gm/lzn3ylzx4lz7mx29lftngdz40000gn/T/jarde-raw-receiver-replay-rc4_dnbe/empty-classpath -sourcepath /var/folders/gm/lzn3ylzx4lz7mx29lftngdz40000gn/T/jarde-raw-receiver-replay-rc4_dnbe/empty-sourcepath -d /var/folders/gm/lzn3ylzx4lz7mx29lftngdz40000gn/T/jarde-raw-receiver-replay-rc4_dnbe/jarde-classes /Users/lordcasser/workspace/projects/jarde/openspec/changes/recover-same-class-generic-call-consumers/results/candidate/gc09-raw-64-baseline-v1/jdk8/no-debug/jarde/ArrayRawParam.java /Users/lordcasser/workspace/projects/jarde/openspec/evidence/raw-receiver-field-selection-2026-10-09/source/ReceiverProbe.java
jdk8/no-debug/ArrayRawParam/jarde-verify-run	0	/Library/Java/JavaVirtualMachines/corretto-1.8.0_432/Contents/Home/bin/java -Xverify:all -cp /var/folders/gm/lzn3ylzx4lz7mx29lftngdz40000gn/T/jarde-raw-receiver-replay-rc4_dnbe/jarde-classes ReceiverProbe ArrayRawParam
jdk8/no-debug/ArrayRawParam/jadx	0	/Users/lordcasser/workspace/testzone/jadx/jadx-cli/build/install/jadx/bin/jadx --no-res --single-class ArrayRawParam -d /Users/lordcasser/workspace/projects/jarde/openspec/changes/recover-same-class-generic-call-consumers/results/candidate/gc09-raw-64-baseline-v1/jdk8/no-debug/jadx/ArrayRawParam /Users/lordcasser/workspace/projects/jarde/openspec/evidence/raw-receiver-field-selection-2026-10-09/jdk8/no-debug/input/ArrayRawParam.jar
jdk8/no-debug/ArrayRawParam/jadx-source-header	0	nonempty class source
jdk8/no-debug/ArrayRawParam/jadx-javac	0	/Library/Java/JavaVirtualMachines/corretto-1.8.0_432/Contents/Home/bin/javac -source 8 -target 8 -g:none -classpath /var/folders/gm/lzn3ylzx4lz7mx29lftngdz40000gn/T/jarde-raw-receiver-replay-rc4_dnbe/empty-classpath -sourcepath /var/folders/gm/lzn3ylzx4lz7mx29lftngdz40000gn/T/jarde-raw-receiver-replay-rc4_dnbe/empty-sourcepath -d /var/folders/gm/lzn3ylzx4lz7mx29lftngdz40000gn/T/jarde-raw-receiver-replay-rc4_dnbe/jadx-classes /Users/lordcasser/workspace/projects/jarde/openspec/changes/recover-same-class-generic-call-consumers/results/candidate/gc09-raw-64-baseline-v1/jdk8/no-debug/jadx/ArrayRawParam/sources/defpackage/ArrayRawParam.java /Users/lordcasser/workspace/projects/jarde/openspec/evidence/raw-receiver-field-selection-2026-10-09/source/ReceiverProbe.java
jdk8/no-debug/ArrayRawParam/jadx-verify-run	0	/Library/Java/JavaVirtualMachines/corretto-1.8.0_432/Contents/Home/bin/java -Xverify:all -cp /var/folders/gm/lzn3ylzx4lz7mx29lftngdz40000gn/T/jarde-raw-receiver-replay-rc4_dnbe/jadx-classes ReceiverProbe defpackage.ArrayRawParam
jdk8/debug/Array2DRawParam/jar-contents	0	/Library/Java/JavaVirtualMachines/corretto-1.8.0_432/Contents/Home/bin/jar tf /Users/lordcasser/workspace/projects/jarde/openspec/evidence/raw-receiver-field-selection-2026-10-09/jdk8/debug/input/Array2DRawParam.jar
jdk8/debug/Array2DRawParam/original-javac	0	/Library/Java/JavaVirtualMachines/corretto-1.8.0_432/Contents/Home/bin/javac -source 8 -target 8 -g -classpath /var/folders/gm/lzn3ylzx4lz7mx29lftngdz40000gn/T/jarde-raw-receiver-replay-im3zl6ts/empty-classpath -sourcepath /var/folders/gm/lzn3ylzx4lz7mx29lftngdz40000gn/T/jarde-raw-receiver-replay-im3zl6ts/empty-sourcepath -d /var/folders/gm/lzn3ylzx4lz7mx29lftngdz40000gn/T/jarde-raw-receiver-replay-im3zl6ts/original /Users/lordcasser/workspace/projects/jarde/openspec/evidence/raw-receiver-field-selection-2026-10-09/source/Array2DRawParam.java
jdk8/debug/Array2DRawParam/javap	0	/Library/Java/JavaVirtualMachines/corretto-1.8.0_432/Contents/Home/bin/javap -p -c -s -v -classpath /Users/lordcasser/workspace/projects/jarde/openspec/evidence/raw-receiver-field-selection-2026-10-09/jdk8/debug/input/Array2DRawParam.jar Array2DRawParam
jdk8/debug/Array2DRawParam/original-probe-javac	0	/Library/Java/JavaVirtualMachines/corretto-1.8.0_432/Contents/Home/bin/javac -source 8 -target 8 -g -classpath /var/folders/gm/lzn3ylzx4lz7mx29lftngdz40000gn/T/jarde-raw-receiver-replay-im3zl6ts/empty-classpath -sourcepath /var/folders/gm/lzn3ylzx4lz7mx29lftngdz40000gn/T/jarde-raw-receiver-replay-im3zl6ts/empty-sourcepath -d /var/folders/gm/lzn3ylzx4lz7mx29lftngdz40000gn/T/jarde-raw-receiver-replay-im3zl6ts/original-probe /Users/lordcasser/workspace/projects/jarde/openspec/evidence/raw-receiver-field-selection-2026-10-09/source/ReceiverProbe.java
jdk8/debug/Array2DRawParam/original-run	0	/Library/Java/JavaVirtualMachines/corretto-1.8.0_432/Contents/Home/bin/java -Xverify:all -cp /var/folders/gm/lzn3ylzx4lz7mx29lftngdz40000gn/T/jarde-raw-receiver-replay-im3zl6ts/original:/var/folders/gm/lzn3ylzx4lz7mx29lftngdz40000gn/T/jarde-raw-receiver-replay-im3zl6ts/original-probe ReceiverProbe Array2DRawParam
jdk8/debug/Array2DRawParam/jarde-Array2DRawParam	0	/private/tmp/jarde-raw-receiver-final-v3-cli class-source --input /Users/lordcasser/workspace/projects/jarde/openspec/evidence/raw-receiver-field-selection-2026-10-09/jdk8/debug/input/Array2DRawParam.jar --class Array2DRawParam --policy plain-jar --release 8 --format text
jdk8/debug/Array2DRawParam/jarde-Array2DRawParam-source-header	0	nonempty self-describing source
jdk8/debug/Array2DRawParam/jarde-javac	0	/Library/Java/JavaVirtualMachines/corretto-1.8.0_432/Contents/Home/bin/javac -source 8 -target 8 -g -classpath /var/folders/gm/lzn3ylzx4lz7mx29lftngdz40000gn/T/jarde-raw-receiver-replay-im3zl6ts/empty-classpath -sourcepath /var/folders/gm/lzn3ylzx4lz7mx29lftngdz40000gn/T/jarde-raw-receiver-replay-im3zl6ts/empty-sourcepath -d /var/folders/gm/lzn3ylzx4lz7mx29lftngdz40000gn/T/jarde-raw-receiver-replay-im3zl6ts/jarde-classes /Users/lordcasser/workspace/projects/jarde/openspec/changes/recover-same-class-generic-call-consumers/results/candidate/gc09-raw-64-baseline-v1/jdk8/debug/jarde/Array2DRawParam.java /Users/lordcasser/workspace/projects/jarde/openspec/evidence/raw-receiver-field-selection-2026-10-09/source/ReceiverProbe.java
jdk8/debug/Array2DRawParam/jarde-verify-run	0	/Library/Java/JavaVirtualMachines/corretto-1.8.0_432/Contents/Home/bin/java -Xverify:all -cp /var/folders/gm/lzn3ylzx4lz7mx29lftngdz40000gn/T/jarde-raw-receiver-replay-im3zl6ts/jarde-classes ReceiverProbe Array2DRawParam
jdk8/debug/Array2DRawParam/jadx	0	/Users/lordcasser/workspace/testzone/jadx/jadx-cli/build/install/jadx/bin/jadx --no-res --single-class Array2DRawParam -d /Users/lordcasser/workspace/projects/jarde/openspec/changes/recover-same-class-generic-call-consumers/results/candidate/gc09-raw-64-baseline-v1/jdk8/debug/jadx/Array2DRawParam /Users/lordcasser/workspace/projects/jarde/openspec/evidence/raw-receiver-field-selection-2026-10-09/jdk8/debug/input/Array2DRawParam.jar
jdk8/debug/Array2DRawParam/jadx-source-header	0	nonempty class source
jdk8/debug/Array2DRawParam/jadx-javac	0	/Library/Java/JavaVirtualMachines/corretto-1.8.0_432/Contents/Home/bin/javac -source 8 -target 8 -g -classpath /var/folders/gm/lzn3ylzx4lz7mx29lftngdz40000gn/T/jarde-raw-receiver-replay-im3zl6ts/empty-classpath -sourcepath /var/folders/gm/lzn3ylzx4lz7mx29lftngdz40000gn/T/jarde-raw-receiver-replay-im3zl6ts/empty-sourcepath -d /var/folders/gm/lzn3ylzx4lz7mx29lftngdz40000gn/T/jarde-raw-receiver-replay-im3zl6ts/jadx-classes /Users/lordcasser/workspace/projects/jarde/openspec/changes/recover-same-class-generic-call-consumers/results/candidate/gc09-raw-64-baseline-v1/jdk8/debug/jadx/Array2DRawParam/sources/defpackage/Array2DRawParam.java /Users/lordcasser/workspace/projects/jarde/openspec/evidence/raw-receiver-field-selection-2026-10-09/source/ReceiverProbe.java
jdk8/debug/Array2DRawParam/jadx-verify-run	0	/Library/Java/JavaVirtualMachines/corretto-1.8.0_432/Contents/Home/bin/java -Xverify:all -cp /var/folders/gm/lzn3ylzx4lz7mx29lftngdz40000gn/T/jarde-raw-receiver-replay-im3zl6ts/jadx-classes ReceiverProbe defpackage.Array2DRawParam
jdk8/no-debug/Array2DRawParam/jar-contents	0	/Library/Java/JavaVirtualMachines/corretto-1.8.0_432/Contents/Home/bin/jar tf /Users/lordcasser/workspace/projects/jarde/openspec/evidence/raw-receiver-field-selection-2026-10-09/jdk8/no-debug/input/Array2DRawParam.jar
jdk8/no-debug/Array2DRawParam/original-javac	0	/Library/Java/JavaVirtualMachines/corretto-1.8.0_432/Contents/Home/bin/javac -source 8 -target 8 -g:none -classpath /var/folders/gm/lzn3ylzx4lz7mx29lftngdz40000gn/T/jarde-raw-receiver-replay-yogs4_5d/empty-classpath -sourcepath /var/folders/gm/lzn3ylzx4lz7mx29lftngdz40000gn/T/jarde-raw-receiver-replay-yogs4_5d/empty-sourcepath -d /var/folders/gm/lzn3ylzx4lz7mx29lftngdz40000gn/T/jarde-raw-receiver-replay-yogs4_5d/original /Users/lordcasser/workspace/projects/jarde/openspec/evidence/raw-receiver-field-selection-2026-10-09/source/Array2DRawParam.java
jdk8/no-debug/Array2DRawParam/javap	0	/Library/Java/JavaVirtualMachines/corretto-1.8.0_432/Contents/Home/bin/javap -p -c -s -v -classpath /Users/lordcasser/workspace/projects/jarde/openspec/evidence/raw-receiver-field-selection-2026-10-09/jdk8/no-debug/input/Array2DRawParam.jar Array2DRawParam
jdk8/no-debug/Array2DRawParam/original-probe-javac	0	/Library/Java/JavaVirtualMachines/corretto-1.8.0_432/Contents/Home/bin/javac -source 8 -target 8 -g:none -classpath /var/folders/gm/lzn3ylzx4lz7mx29lftngdz40000gn/T/jarde-raw-receiver-replay-yogs4_5d/empty-classpath -sourcepath /var/folders/gm/lzn3ylzx4lz7mx29lftngdz40000gn/T/jarde-raw-receiver-replay-yogs4_5d/empty-sourcepath -d /var/folders/gm/lzn3ylzx4lz7mx29lftngdz40000gn/T/jarde-raw-receiver-replay-yogs4_5d/original-probe /Users/lordcasser/workspace/projects/jarde/openspec/evidence/raw-receiver-field-selection-2026-10-09/source/ReceiverProbe.java
jdk8/no-debug/Array2DRawParam/original-run	0	/Library/Java/JavaVirtualMachines/corretto-1.8.0_432/Contents/Home/bin/java -Xverify:all -cp /var/folders/gm/lzn3ylzx4lz7mx29lftngdz40000gn/T/jarde-raw-receiver-replay-yogs4_5d/original:/var/folders/gm/lzn3ylzx4lz7mx29lftngdz40000gn/T/jarde-raw-receiver-replay-yogs4_5d/original-probe ReceiverProbe Array2DRawParam
jdk8/no-debug/Array2DRawParam/jarde-Array2DRawParam	0	/private/tmp/jarde-raw-receiver-final-v3-cli class-source --input /Users/lordcasser/workspace/projects/jarde/openspec/evidence/raw-receiver-field-selection-2026-10-09/jdk8/no-debug/input/Array2DRawParam.jar --class Array2DRawParam --policy plain-jar --release 8 --format text
jdk8/no-debug/Array2DRawParam/jarde-Array2DRawParam-source-header	0	nonempty self-describing source
jdk8/no-debug/Array2DRawParam/jarde-javac	0	/Library/Java/JavaVirtualMachines/corretto-1.8.0_432/Contents/Home/bin/javac -source 8 -target 8 -g:none -classpath /var/folders/gm/lzn3ylzx4lz7mx29lftngdz40000gn/T/jarde-raw-receiver-replay-yogs4_5d/empty-classpath -sourcepath /var/folders/gm/lzn3ylzx4lz7mx29lftngdz40000gn/T/jarde-raw-receiver-replay-yogs4_5d/empty-sourcepath -d /var/folders/gm/lzn3ylzx4lz7mx29lftngdz40000gn/T/jarde-raw-receiver-replay-yogs4_5d/jarde-classes /Users/lordcasser/workspace/projects/jarde/openspec/changes/recover-same-class-generic-call-consumers/results/candidate/gc09-raw-64-baseline-v1/jdk8/no-debug/jarde/Array2DRawParam.java /Users/lordcasser/workspace/projects/jarde/openspec/evidence/raw-receiver-field-selection-2026-10-09/source/ReceiverProbe.java
jdk8/no-debug/Array2DRawParam/jarde-verify-run	0	/Library/Java/JavaVirtualMachines/corretto-1.8.0_432/Contents/Home/bin/java -Xverify:all -cp /var/folders/gm/lzn3ylzx4lz7mx29lftngdz40000gn/T/jarde-raw-receiver-replay-yogs4_5d/jarde-classes ReceiverProbe Array2DRawParam
jdk8/no-debug/Array2DRawParam/jadx	0	/Users/lordcasser/workspace/testzone/jadx/jadx-cli/build/install/jadx/bin/jadx --no-res --single-class Array2DRawParam -d /Users/lordcasser/workspace/projects/jarde/openspec/changes/recover-same-class-generic-call-consumers/results/candidate/gc09-raw-64-baseline-v1/jdk8/no-debug/jadx/Array2DRawParam /Users/lordcasser/workspace/projects/jarde/openspec/evidence/raw-receiver-field-selection-2026-10-09/jdk8/no-debug/input/Array2DRawParam.jar
jdk8/no-debug/Array2DRawParam/jadx-source-header	0	nonempty class source
jdk8/no-debug/Array2DRawParam/jadx-javac	0	/Library/Java/JavaVirtualMachines/corretto-1.8.0_432/Contents/Home/bin/javac -source 8 -target 8 -g:none -classpath /var/folders/gm/lzn3ylzx4lz7mx29lftngdz40000gn/T/jarde-raw-receiver-replay-yogs4_5d/empty-classpath -sourcepath /var/folders/gm/lzn3ylzx4lz7mx29lftngdz40000gn/T/jarde-raw-receiver-replay-yogs4_5d/empty-sourcepath -d /var/folders/gm/lzn3ylzx4lz7mx29lftngdz40000gn/T/jarde-raw-receiver-replay-yogs4_5d/jadx-classes /Users/lordcasser/workspace/projects/jarde/openspec/changes/recover-same-class-generic-call-consumers/results/candidate/gc09-raw-64-baseline-v1/jdk8/no-debug/jadx/Array2DRawParam/sources/defpackage/Array2DRawParam.java /Users/lordcasser/workspace/projects/jarde/openspec/evidence/raw-receiver-field-selection-2026-10-09/source/ReceiverProbe.java
jdk8/no-debug/Array2DRawParam/jadx-verify-run	0	/Library/Java/JavaVirtualMachines/corretto-1.8.0_432/Contents/Home/bin/java -Xverify:all -cp /var/folders/gm/lzn3ylzx4lz7mx29lftngdz40000gn/T/jarde-raw-receiver-replay-yogs4_5d/jadx-classes ReceiverProbe defpackage.Array2DRawParam
jdk8/debug/PrimitiveArrayRawParam/jar-contents	0	/Library/Java/JavaVirtualMachines/corretto-1.8.0_432/Contents/Home/bin/jar tf /Users/lordcasser/workspace/projects/jarde/openspec/evidence/raw-receiver-field-selection-2026-10-09/jdk8/debug/input/PrimitiveArrayRawParam.jar
jdk8/debug/PrimitiveArrayRawParam/original-javac	0	/Library/Java/JavaVirtualMachines/corretto-1.8.0_432/Contents/Home/bin/javac -source 8 -target 8 -g -classpath /var/folders/gm/lzn3ylzx4lz7mx29lftngdz40000gn/T/jarde-raw-receiver-replay-37q9bh1u/empty-classpath -sourcepath /var/folders/gm/lzn3ylzx4lz7mx29lftngdz40000gn/T/jarde-raw-receiver-replay-37q9bh1u/empty-sourcepath -d /var/folders/gm/lzn3ylzx4lz7mx29lftngdz40000gn/T/jarde-raw-receiver-replay-37q9bh1u/original /Users/lordcasser/workspace/projects/jarde/openspec/evidence/raw-receiver-field-selection-2026-10-09/source/PrimitiveArrayRawParam.java
jdk8/debug/PrimitiveArrayRawParam/javap	0	/Library/Java/JavaVirtualMachines/corretto-1.8.0_432/Contents/Home/bin/javap -p -c -s -v -classpath /Users/lordcasser/workspace/projects/jarde/openspec/evidence/raw-receiver-field-selection-2026-10-09/jdk8/debug/input/PrimitiveArrayRawParam.jar PrimitiveArrayRawParam
jdk8/debug/PrimitiveArrayRawParam/original-probe-javac	0	/Library/Java/JavaVirtualMachines/corretto-1.8.0_432/Contents/Home/bin/javac -source 8 -target 8 -g -classpath /var/folders/gm/lzn3ylzx4lz7mx29lftngdz40000gn/T/jarde-raw-receiver-replay-37q9bh1u/empty-classpath -sourcepath /var/folders/gm/lzn3ylzx4lz7mx29lftngdz40000gn/T/jarde-raw-receiver-replay-37q9bh1u/empty-sourcepath -d /var/folders/gm/lzn3ylzx4lz7mx29lftngdz40000gn/T/jarde-raw-receiver-replay-37q9bh1u/original-probe /Users/lordcasser/workspace/projects/jarde/openspec/evidence/raw-receiver-field-selection-2026-10-09/source/ReceiverProbe.java
jdk8/debug/PrimitiveArrayRawParam/original-run	0	/Library/Java/JavaVirtualMachines/corretto-1.8.0_432/Contents/Home/bin/java -Xverify:all -cp /var/folders/gm/lzn3ylzx4lz7mx29lftngdz40000gn/T/jarde-raw-receiver-replay-37q9bh1u/original:/var/folders/gm/lzn3ylzx4lz7mx29lftngdz40000gn/T/jarde-raw-receiver-replay-37q9bh1u/original-probe ReceiverProbe PrimitiveArrayRawParam
jdk8/debug/PrimitiveArrayRawParam/jarde-PrimitiveArrayRawParam	0	/private/tmp/jarde-raw-receiver-final-v3-cli class-source --input /Users/lordcasser/workspace/projects/jarde/openspec/evidence/raw-receiver-field-selection-2026-10-09/jdk8/debug/input/PrimitiveArrayRawParam.jar --class PrimitiveArrayRawParam --policy plain-jar --release 8 --format text
jdk8/debug/PrimitiveArrayRawParam/jarde-PrimitiveArrayRawParam-source-header	0	nonempty self-describing source
jdk8/debug/PrimitiveArrayRawParam/jarde-javac	0	/Library/Java/JavaVirtualMachines/corretto-1.8.0_432/Contents/Home/bin/javac -source 8 -target 8 -g -classpath /var/folders/gm/lzn3ylzx4lz7mx29lftngdz40000gn/T/jarde-raw-receiver-replay-37q9bh1u/empty-classpath -sourcepath /var/folders/gm/lzn3ylzx4lz7mx29lftngdz40000gn/T/jarde-raw-receiver-replay-37q9bh1u/empty-sourcepath -d /var/folders/gm/lzn3ylzx4lz7mx29lftngdz40000gn/T/jarde-raw-receiver-replay-37q9bh1u/jarde-classes /Users/lordcasser/workspace/projects/jarde/openspec/changes/recover-same-class-generic-call-consumers/results/candidate/gc09-raw-64-baseline-v1/jdk8/debug/jarde/PrimitiveArrayRawParam.java /Users/lordcasser/workspace/projects/jarde/openspec/evidence/raw-receiver-field-selection-2026-10-09/source/ReceiverProbe.java
jdk8/debug/PrimitiveArrayRawParam/jarde-verify-run	0	/Library/Java/JavaVirtualMachines/corretto-1.8.0_432/Contents/Home/bin/java -Xverify:all -cp /var/folders/gm/lzn3ylzx4lz7mx29lftngdz40000gn/T/jarde-raw-receiver-replay-37q9bh1u/jarde-classes ReceiverProbe PrimitiveArrayRawParam
jdk8/debug/PrimitiveArrayRawParam/jadx	0	/Users/lordcasser/workspace/testzone/jadx/jadx-cli/build/install/jadx/bin/jadx --no-res --single-class PrimitiveArrayRawParam -d /Users/lordcasser/workspace/projects/jarde/openspec/changes/recover-same-class-generic-call-consumers/results/candidate/gc09-raw-64-baseline-v1/jdk8/debug/jadx/PrimitiveArrayRawParam /Users/lordcasser/workspace/projects/jarde/openspec/evidence/raw-receiver-field-selection-2026-10-09/jdk8/debug/input/PrimitiveArrayRawParam.jar
jdk8/debug/PrimitiveArrayRawParam/jadx-source-header	0	nonempty class source
jdk8/debug/PrimitiveArrayRawParam/jadx-javac	0	/Library/Java/JavaVirtualMachines/corretto-1.8.0_432/Contents/Home/bin/javac -source 8 -target 8 -g -classpath /var/folders/gm/lzn3ylzx4lz7mx29lftngdz40000gn/T/jarde-raw-receiver-replay-37q9bh1u/empty-classpath -sourcepath /var/folders/gm/lzn3ylzx4lz7mx29lftngdz40000gn/T/jarde-raw-receiver-replay-37q9bh1u/empty-sourcepath -d /var/folders/gm/lzn3ylzx4lz7mx29lftngdz40000gn/T/jarde-raw-receiver-replay-37q9bh1u/jadx-classes /Users/lordcasser/workspace/projects/jarde/openspec/changes/recover-same-class-generic-call-consumers/results/candidate/gc09-raw-64-baseline-v1/jdk8/debug/jadx/PrimitiveArrayRawParam/sources/defpackage/PrimitiveArrayRawParam.java /Users/lordcasser/workspace/projects/jarde/openspec/evidence/raw-receiver-field-selection-2026-10-09/source/ReceiverProbe.java
jdk8/debug/PrimitiveArrayRawParam/jadx-verify-run	0	/Library/Java/JavaVirtualMachines/corretto-1.8.0_432/Contents/Home/bin/java -Xverify:all -cp /var/folders/gm/lzn3ylzx4lz7mx29lftngdz40000gn/T/jarde-raw-receiver-replay-37q9bh1u/jadx-classes ReceiverProbe defpackage.PrimitiveArrayRawParam
jdk8/no-debug/PrimitiveArrayRawParam/jar-contents	0	/Library/Java/JavaVirtualMachines/corretto-1.8.0_432/Contents/Home/bin/jar tf /Users/lordcasser/workspace/projects/jarde/openspec/evidence/raw-receiver-field-selection-2026-10-09/jdk8/no-debug/input/PrimitiveArrayRawParam.jar
jdk8/no-debug/PrimitiveArrayRawParam/original-javac	0	/Library/Java/JavaVirtualMachines/corretto-1.8.0_432/Contents/Home/bin/javac -source 8 -target 8 -g:none -classpath /var/folders/gm/lzn3ylzx4lz7mx29lftngdz40000gn/T/jarde-raw-receiver-replay-qqpe2jiy/empty-classpath -sourcepath /var/folders/gm/lzn3ylzx4lz7mx29lftngdz40000gn/T/jarde-raw-receiver-replay-qqpe2jiy/empty-sourcepath -d /var/folders/gm/lzn3ylzx4lz7mx29lftngdz40000gn/T/jarde-raw-receiver-replay-qqpe2jiy/original /Users/lordcasser/workspace/projects/jarde/openspec/evidence/raw-receiver-field-selection-2026-10-09/source/PrimitiveArrayRawParam.java
jdk8/no-debug/PrimitiveArrayRawParam/javap	0	/Library/Java/JavaVirtualMachines/corretto-1.8.0_432/Contents/Home/bin/javap -p -c -s -v -classpath /Users/lordcasser/workspace/projects/jarde/openspec/evidence/raw-receiver-field-selection-2026-10-09/jdk8/no-debug/input/PrimitiveArrayRawParam.jar PrimitiveArrayRawParam
jdk8/no-debug/PrimitiveArrayRawParam/original-probe-javac	0	/Library/Java/JavaVirtualMachines/corretto-1.8.0_432/Contents/Home/bin/javac -source 8 -target 8 -g:none -classpath /var/folders/gm/lzn3ylzx4lz7mx29lftngdz40000gn/T/jarde-raw-receiver-replay-qqpe2jiy/empty-classpath -sourcepath /var/folders/gm/lzn3ylzx4lz7mx29lftngdz40000gn/T/jarde-raw-receiver-replay-qqpe2jiy/empty-sourcepath -d /var/folders/gm/lzn3ylzx4lz7mx29lftngdz40000gn/T/jarde-raw-receiver-replay-qqpe2jiy/original-probe /Users/lordcasser/workspace/projects/jarde/openspec/evidence/raw-receiver-field-selection-2026-10-09/source/ReceiverProbe.java
jdk8/no-debug/PrimitiveArrayRawParam/original-run	0	/Library/Java/JavaVirtualMachines/corretto-1.8.0_432/Contents/Home/bin/java -Xverify:all -cp /var/folders/gm/lzn3ylzx4lz7mx29lftngdz40000gn/T/jarde-raw-receiver-replay-qqpe2jiy/original:/var/folders/gm/lzn3ylzx4lz7mx29lftngdz40000gn/T/jarde-raw-receiver-replay-qqpe2jiy/original-probe ReceiverProbe PrimitiveArrayRawParam
jdk8/no-debug/PrimitiveArrayRawParam/jarde-PrimitiveArrayRawParam	0	/private/tmp/jarde-raw-receiver-final-v3-cli class-source --input /Users/lordcasser/workspace/projects/jarde/openspec/evidence/raw-receiver-field-selection-2026-10-09/jdk8/no-debug/input/PrimitiveArrayRawParam.jar --class PrimitiveArrayRawParam --policy plain-jar --release 8 --format text
jdk8/no-debug/PrimitiveArrayRawParam/jarde-PrimitiveArrayRawParam-source-header	0	nonempty self-describing source
jdk8/no-debug/PrimitiveArrayRawParam/jarde-javac	0	/Library/Java/JavaVirtualMachines/corretto-1.8.0_432/Contents/Home/bin/javac -source 8 -target 8 -g:none -classpath /var/folders/gm/lzn3ylzx4lz7mx29lftngdz40000gn/T/jarde-raw-receiver-replay-qqpe2jiy/empty-classpath -sourcepath /var/folders/gm/lzn3ylzx4lz7mx29lftngdz40000gn/T/jarde-raw-receiver-replay-qqpe2jiy/empty-sourcepath -d /var/folders/gm/lzn3ylzx4lz7mx29lftngdz40000gn/T/jarde-raw-receiver-replay-qqpe2jiy/jarde-classes /Users/lordcasser/workspace/projects/jarde/openspec/changes/recover-same-class-generic-call-consumers/results/candidate/gc09-raw-64-baseline-v1/jdk8/no-debug/jarde/PrimitiveArrayRawParam.java /Users/lordcasser/workspace/projects/jarde/openspec/evidence/raw-receiver-field-selection-2026-10-09/source/ReceiverProbe.java
jdk8/no-debug/PrimitiveArrayRawParam/jarde-verify-run	0	/Library/Java/JavaVirtualMachines/corretto-1.8.0_432/Contents/Home/bin/java -Xverify:all -cp /var/folders/gm/lzn3ylzx4lz7mx29lftngdz40000gn/T/jarde-raw-receiver-replay-qqpe2jiy/jarde-classes ReceiverProbe PrimitiveArrayRawParam
jdk8/no-debug/PrimitiveArrayRawParam/jadx	0	/Users/lordcasser/workspace/testzone/jadx/jadx-cli/build/install/jadx/bin/jadx --no-res --single-class PrimitiveArrayRawParam -d /Users/lordcasser/workspace/projects/jarde/openspec/changes/recover-same-class-generic-call-consumers/results/candidate/gc09-raw-64-baseline-v1/jdk8/no-debug/jadx/PrimitiveArrayRawParam /Users/lordcasser/workspace/projects/jarde/openspec/evidence/raw-receiver-field-selection-2026-10-09/jdk8/no-debug/input/PrimitiveArrayRawParam.jar
jdk8/no-debug/PrimitiveArrayRawParam/jadx-source-header	0	nonempty class source
jdk8/no-debug/PrimitiveArrayRawParam/jadx-javac	0	/Library/Java/JavaVirtualMachines/corretto-1.8.0_432/Contents/Home/bin/javac -source 8 -target 8 -g:none -classpath /var/folders/gm/lzn3ylzx4lz7mx29lftngdz40000gn/T/jarde-raw-receiver-replay-qqpe2jiy/empty-classpath -sourcepath /var/folders/gm/lzn3ylzx4lz7mx29lftngdz40000gn/T/jarde-raw-receiver-replay-qqpe2jiy/empty-sourcepath -d /var/folders/gm/lzn3ylzx4lz7mx29lftngdz40000gn/T/jarde-raw-receiver-replay-qqpe2jiy/jadx-classes /Users/lordcasser/workspace/projects/jarde/openspec/changes/recover-same-class-generic-call-consumers/results/candidate/gc09-raw-64-baseline-v1/jdk8/no-debug/jadx/PrimitiveArrayRawParam/sources/defpackage/PrimitiveArrayRawParam.java /Users/lordcasser/workspace/projects/jarde/openspec/evidence/raw-receiver-field-selection-2026-10-09/source/ReceiverProbe.java
jdk8/no-debug/PrimitiveArrayRawParam/jadx-verify-run	0	/Library/Java/JavaVirtualMachines/corretto-1.8.0_432/Contents/Home/bin/java -Xverify:all -cp /var/folders/gm/lzn3ylzx4lz7mx29lftngdz40000gn/T/jarde-raw-receiver-replay-qqpe2jiy/jadx-classes ReceiverProbe defpackage.PrimitiveArrayRawParam
jdk8/debug/BoundRawParam/jar-contents	0	/Library/Java/JavaVirtualMachines/corretto-1.8.0_432/Contents/Home/bin/jar tf /Users/lordcasser/workspace/projects/jarde/openspec/evidence/raw-receiver-field-selection-2026-10-09/jdk8/debug/input/BoundRawParam.jar
jdk8/debug/BoundRawParam/original-javac	0	/Library/Java/JavaVirtualMachines/corretto-1.8.0_432/Contents/Home/bin/javac -source 8 -target 8 -g -classpath /var/folders/gm/lzn3ylzx4lz7mx29lftngdz40000gn/T/jarde-raw-receiver-replay-5ekb5di3/empty-classpath -sourcepath /var/folders/gm/lzn3ylzx4lz7mx29lftngdz40000gn/T/jarde-raw-receiver-replay-5ekb5di3/empty-sourcepath -d /var/folders/gm/lzn3ylzx4lz7mx29lftngdz40000gn/T/jarde-raw-receiver-replay-5ekb5di3/original /Users/lordcasser/workspace/projects/jarde/openspec/evidence/raw-receiver-field-selection-2026-10-09/source/BoundRawParam.java
jdk8/debug/BoundRawParam/javap	0	/Library/Java/JavaVirtualMachines/corretto-1.8.0_432/Contents/Home/bin/javap -p -c -s -v -classpath /Users/lordcasser/workspace/projects/jarde/openspec/evidence/raw-receiver-field-selection-2026-10-09/jdk8/debug/input/BoundRawParam.jar BoundRawParam
jdk8/debug/BoundRawParam/original-probe-javac	0	/Library/Java/JavaVirtualMachines/corretto-1.8.0_432/Contents/Home/bin/javac -source 8 -target 8 -g -classpath /var/folders/gm/lzn3ylzx4lz7mx29lftngdz40000gn/T/jarde-raw-receiver-replay-5ekb5di3/empty-classpath -sourcepath /var/folders/gm/lzn3ylzx4lz7mx29lftngdz40000gn/T/jarde-raw-receiver-replay-5ekb5di3/empty-sourcepath -d /var/folders/gm/lzn3ylzx4lz7mx29lftngdz40000gn/T/jarde-raw-receiver-replay-5ekb5di3/original-probe /Users/lordcasser/workspace/projects/jarde/openspec/evidence/raw-receiver-field-selection-2026-10-09/source/ReceiverProbe.java
jdk8/debug/BoundRawParam/original-run	0	/Library/Java/JavaVirtualMachines/corretto-1.8.0_432/Contents/Home/bin/java -Xverify:all -cp /var/folders/gm/lzn3ylzx4lz7mx29lftngdz40000gn/T/jarde-raw-receiver-replay-5ekb5di3/original:/var/folders/gm/lzn3ylzx4lz7mx29lftngdz40000gn/T/jarde-raw-receiver-replay-5ekb5di3/original-probe ReceiverProbe BoundRawParam
jdk8/debug/BoundRawParam/jarde-BoundRawParam	0	/private/tmp/jarde-raw-receiver-final-v3-cli class-source --input /Users/lordcasser/workspace/projects/jarde/openspec/evidence/raw-receiver-field-selection-2026-10-09/jdk8/debug/input/BoundRawParam.jar --class BoundRawParam --policy plain-jar --release 8 --format text
jdk8/debug/BoundRawParam/jarde-BoundRawParam-source-header	0	nonempty self-describing source
jdk8/debug/BoundRawParam/jarde-javac	0	/Library/Java/JavaVirtualMachines/corretto-1.8.0_432/Contents/Home/bin/javac -source 8 -target 8 -g -classpath /var/folders/gm/lzn3ylzx4lz7mx29lftngdz40000gn/T/jarde-raw-receiver-replay-5ekb5di3/empty-classpath -sourcepath /var/folders/gm/lzn3ylzx4lz7mx29lftngdz40000gn/T/jarde-raw-receiver-replay-5ekb5di3/empty-sourcepath -d /var/folders/gm/lzn3ylzx4lz7mx29lftngdz40000gn/T/jarde-raw-receiver-replay-5ekb5di3/jarde-classes /Users/lordcasser/workspace/projects/jarde/openspec/changes/recover-same-class-generic-call-consumers/results/candidate/gc09-raw-64-baseline-v1/jdk8/debug/jarde/BoundRawParam.java /Users/lordcasser/workspace/projects/jarde/openspec/evidence/raw-receiver-field-selection-2026-10-09/source/ReceiverProbe.java
jdk8/debug/BoundRawParam/jarde-verify-run	0	/Library/Java/JavaVirtualMachines/corretto-1.8.0_432/Contents/Home/bin/java -Xverify:all -cp /var/folders/gm/lzn3ylzx4lz7mx29lftngdz40000gn/T/jarde-raw-receiver-replay-5ekb5di3/jarde-classes ReceiverProbe BoundRawParam
jdk8/debug/BoundRawParam/jadx	0	/Users/lordcasser/workspace/testzone/jadx/jadx-cli/build/install/jadx/bin/jadx --no-res --single-class BoundRawParam -d /Users/lordcasser/workspace/projects/jarde/openspec/changes/recover-same-class-generic-call-consumers/results/candidate/gc09-raw-64-baseline-v1/jdk8/debug/jadx/BoundRawParam /Users/lordcasser/workspace/projects/jarde/openspec/evidence/raw-receiver-field-selection-2026-10-09/jdk8/debug/input/BoundRawParam.jar
jdk8/debug/BoundRawParam/jadx-source-header	0	nonempty class source
jdk8/debug/BoundRawParam/jadx-javac	0	/Library/Java/JavaVirtualMachines/corretto-1.8.0_432/Contents/Home/bin/javac -source 8 -target 8 -g -classpath /var/folders/gm/lzn3ylzx4lz7mx29lftngdz40000gn/T/jarde-raw-receiver-replay-5ekb5di3/empty-classpath -sourcepath /var/folders/gm/lzn3ylzx4lz7mx29lftngdz40000gn/T/jarde-raw-receiver-replay-5ekb5di3/empty-sourcepath -d /var/folders/gm/lzn3ylzx4lz7mx29lftngdz40000gn/T/jarde-raw-receiver-replay-5ekb5di3/jadx-classes /Users/lordcasser/workspace/projects/jarde/openspec/changes/recover-same-class-generic-call-consumers/results/candidate/gc09-raw-64-baseline-v1/jdk8/debug/jadx/BoundRawParam/sources/defpackage/BoundRawParam.java /Users/lordcasser/workspace/projects/jarde/openspec/evidence/raw-receiver-field-selection-2026-10-09/source/ReceiverProbe.java
jdk8/debug/BoundRawParam/jadx-verify-run	0	/Library/Java/JavaVirtualMachines/corretto-1.8.0_432/Contents/Home/bin/java -Xverify:all -cp /var/folders/gm/lzn3ylzx4lz7mx29lftngdz40000gn/T/jarde-raw-receiver-replay-5ekb5di3/jadx-classes ReceiverProbe defpackage.BoundRawParam
jdk8/no-debug/BoundRawParam/jar-contents	0	/Library/Java/JavaVirtualMachines/corretto-1.8.0_432/Contents/Home/bin/jar tf /Users/lordcasser/workspace/projects/jarde/openspec/evidence/raw-receiver-field-selection-2026-10-09/jdk8/no-debug/input/BoundRawParam.jar
jdk8/no-debug/BoundRawParam/original-javac	0	/Library/Java/JavaVirtualMachines/corretto-1.8.0_432/Contents/Home/bin/javac -source 8 -target 8 -g:none -classpath /var/folders/gm/lzn3ylzx4lz7mx29lftngdz40000gn/T/jarde-raw-receiver-replay-davvnewx/empty-classpath -sourcepath /var/folders/gm/lzn3ylzx4lz7mx29lftngdz40000gn/T/jarde-raw-receiver-replay-davvnewx/empty-sourcepath -d /var/folders/gm/lzn3ylzx4lz7mx29lftngdz40000gn/T/jarde-raw-receiver-replay-davvnewx/original /Users/lordcasser/workspace/projects/jarde/openspec/evidence/raw-receiver-field-selection-2026-10-09/source/BoundRawParam.java
jdk8/no-debug/BoundRawParam/javap	0	/Library/Java/JavaVirtualMachines/corretto-1.8.0_432/Contents/Home/bin/javap -p -c -s -v -classpath /Users/lordcasser/workspace/projects/jarde/openspec/evidence/raw-receiver-field-selection-2026-10-09/jdk8/no-debug/input/BoundRawParam.jar BoundRawParam
jdk8/no-debug/BoundRawParam/original-probe-javac	0	/Library/Java/JavaVirtualMachines/corretto-1.8.0_432/Contents/Home/bin/javac -source 8 -target 8 -g:none -classpath /var/folders/gm/lzn3ylzx4lz7mx29lftngdz40000gn/T/jarde-raw-receiver-replay-davvnewx/empty-classpath -sourcepath /var/folders/gm/lzn3ylzx4lz7mx29lftngdz40000gn/T/jarde-raw-receiver-replay-davvnewx/empty-sourcepath -d /var/folders/gm/lzn3ylzx4lz7mx29lftngdz40000gn/T/jarde-raw-receiver-replay-davvnewx/original-probe /Users/lordcasser/workspace/projects/jarde/openspec/evidence/raw-receiver-field-selection-2026-10-09/source/ReceiverProbe.java
jdk8/no-debug/BoundRawParam/original-run	0	/Library/Java/JavaVirtualMachines/corretto-1.8.0_432/Contents/Home/bin/java -Xverify:all -cp /var/folders/gm/lzn3ylzx4lz7mx29lftngdz40000gn/T/jarde-raw-receiver-replay-davvnewx/original:/var/folders/gm/lzn3ylzx4lz7mx29lftngdz40000gn/T/jarde-raw-receiver-replay-davvnewx/original-probe ReceiverProbe BoundRawParam
jdk8/no-debug/BoundRawParam/jarde-BoundRawParam	0	/private/tmp/jarde-raw-receiver-final-v3-cli class-source --input /Users/lordcasser/workspace/projects/jarde/openspec/evidence/raw-receiver-field-selection-2026-10-09/jdk8/no-debug/input/BoundRawParam.jar --class BoundRawParam --policy plain-jar --release 8 --format text
jdk8/no-debug/BoundRawParam/jarde-BoundRawParam-source-header	0	nonempty self-describing source
jdk8/no-debug/BoundRawParam/jarde-javac	0	/Library/Java/JavaVirtualMachines/corretto-1.8.0_432/Contents/Home/bin/javac -source 8 -target 8 -g:none -classpath /var/folders/gm/lzn3ylzx4lz7mx29lftngdz40000gn/T/jarde-raw-receiver-replay-davvnewx/empty-classpath -sourcepath /var/folders/gm/lzn3ylzx4lz7mx29lftngdz40000gn/T/jarde-raw-receiver-replay-davvnewx/empty-sourcepath -d /var/folders/gm/lzn3ylzx4lz7mx29lftngdz40000gn/T/jarde-raw-receiver-replay-davvnewx/jarde-classes /Users/lordcasser/workspace/projects/jarde/openspec/changes/recover-same-class-generic-call-consumers/results/candidate/gc09-raw-64-baseline-v1/jdk8/no-debug/jarde/BoundRawParam.java /Users/lordcasser/workspace/projects/jarde/openspec/evidence/raw-receiver-field-selection-2026-10-09/source/ReceiverProbe.java
jdk8/no-debug/BoundRawParam/jarde-verify-run	0	/Library/Java/JavaVirtualMachines/corretto-1.8.0_432/Contents/Home/bin/java -Xverify:all -cp /var/folders/gm/lzn3ylzx4lz7mx29lftngdz40000gn/T/jarde-raw-receiver-replay-davvnewx/jarde-classes ReceiverProbe BoundRawParam
jdk8/no-debug/BoundRawParam/jadx	0	/Users/lordcasser/workspace/testzone/jadx/jadx-cli/build/install/jadx/bin/jadx --no-res --single-class BoundRawParam -d /Users/lordcasser/workspace/projects/jarde/openspec/changes/recover-same-class-generic-call-consumers/results/candidate/gc09-raw-64-baseline-v1/jdk8/no-debug/jadx/BoundRawParam /Users/lordcasser/workspace/projects/jarde/openspec/evidence/raw-receiver-field-selection-2026-10-09/jdk8/no-debug/input/BoundRawParam.jar
jdk8/no-debug/BoundRawParam/jadx-source-header	0	nonempty class source
jdk8/no-debug/BoundRawParam/jadx-javac	0	/Library/Java/JavaVirtualMachines/corretto-1.8.0_432/Contents/Home/bin/javac -source 8 -target 8 -g:none -classpath /var/folders/gm/lzn3ylzx4lz7mx29lftngdz40000gn/T/jarde-raw-receiver-replay-davvnewx/empty-classpath -sourcepath /var/folders/gm/lzn3ylzx4lz7mx29lftngdz40000gn/T/jarde-raw-receiver-replay-davvnewx/empty-sourcepath -d /var/folders/gm/lzn3ylzx4lz7mx29lftngdz40000gn/T/jarde-raw-receiver-replay-davvnewx/jadx-classes /Users/lordcasser/workspace/projects/jarde/openspec/changes/recover-same-class-generic-call-consumers/results/candidate/gc09-raw-64-baseline-v1/jdk8/no-debug/jadx/BoundRawParam/sources/defpackage/BoundRawParam.java /Users/lordcasser/workspace/projects/jarde/openspec/evidence/raw-receiver-field-selection-2026-10-09/source/ReceiverProbe.java
jdk8/no-debug/BoundRawParam/jadx-verify-run	0	/Library/Java/JavaVirtualMachines/corretto-1.8.0_432/Contents/Home/bin/java -Xverify:all -cp /var/folders/gm/lzn3ylzx4lz7mx29lftngdz40000gn/T/jarde-raw-receiver-replay-davvnewx/jadx-classes ReceiverProbe defpackage.BoundRawParam
jdk8/debug/NullRawParam/jar-contents	0	/Library/Java/JavaVirtualMachines/corretto-1.8.0_432/Contents/Home/bin/jar tf /Users/lordcasser/workspace/projects/jarde/openspec/evidence/raw-receiver-field-selection-2026-10-09/jdk8/debug/input/NullRawParam.jar
jdk8/debug/NullRawParam/original-javac	0	/Library/Java/JavaVirtualMachines/corretto-1.8.0_432/Contents/Home/bin/javac -source 8 -target 8 -g -classpath /var/folders/gm/lzn3ylzx4lz7mx29lftngdz40000gn/T/jarde-raw-receiver-replay-g51t38oc/empty-classpath -sourcepath /var/folders/gm/lzn3ylzx4lz7mx29lftngdz40000gn/T/jarde-raw-receiver-replay-g51t38oc/empty-sourcepath -d /var/folders/gm/lzn3ylzx4lz7mx29lftngdz40000gn/T/jarde-raw-receiver-replay-g51t38oc/original /Users/lordcasser/workspace/projects/jarde/openspec/evidence/raw-receiver-field-selection-2026-10-09/source/NullRawParam.java
jdk8/debug/NullRawParam/javap	0	/Library/Java/JavaVirtualMachines/corretto-1.8.0_432/Contents/Home/bin/javap -p -c -s -v -classpath /Users/lordcasser/workspace/projects/jarde/openspec/evidence/raw-receiver-field-selection-2026-10-09/jdk8/debug/input/NullRawParam.jar NullRawParam
jdk8/debug/NullRawParam/original-probe-javac	0	/Library/Java/JavaVirtualMachines/corretto-1.8.0_432/Contents/Home/bin/javac -source 8 -target 8 -g -classpath /var/folders/gm/lzn3ylzx4lz7mx29lftngdz40000gn/T/jarde-raw-receiver-replay-g51t38oc/empty-classpath -sourcepath /var/folders/gm/lzn3ylzx4lz7mx29lftngdz40000gn/T/jarde-raw-receiver-replay-g51t38oc/empty-sourcepath -d /var/folders/gm/lzn3ylzx4lz7mx29lftngdz40000gn/T/jarde-raw-receiver-replay-g51t38oc/original-probe /Users/lordcasser/workspace/projects/jarde/openspec/evidence/raw-receiver-field-selection-2026-10-09/source/ReceiverProbe.java
jdk8/debug/NullRawParam/original-run	0	/Library/Java/JavaVirtualMachines/corretto-1.8.0_432/Contents/Home/bin/java -Xverify:all -cp /var/folders/gm/lzn3ylzx4lz7mx29lftngdz40000gn/T/jarde-raw-receiver-replay-g51t38oc/original:/var/folders/gm/lzn3ylzx4lz7mx29lftngdz40000gn/T/jarde-raw-receiver-replay-g51t38oc/original-probe ReceiverProbe NullRawParam
jdk8/debug/NullRawParam/jarde-NullRawParam	0	/private/tmp/jarde-raw-receiver-final-v3-cli class-source --input /Users/lordcasser/workspace/projects/jarde/openspec/evidence/raw-receiver-field-selection-2026-10-09/jdk8/debug/input/NullRawParam.jar --class NullRawParam --policy plain-jar --release 8 --format text
jdk8/debug/NullRawParam/jarde-NullRawParam-source-header	0	nonempty self-describing source
jdk8/debug/NullRawParam/jarde-javac	0	/Library/Java/JavaVirtualMachines/corretto-1.8.0_432/Contents/Home/bin/javac -source 8 -target 8 -g -classpath /var/folders/gm/lzn3ylzx4lz7mx29lftngdz40000gn/T/jarde-raw-receiver-replay-g51t38oc/empty-classpath -sourcepath /var/folders/gm/lzn3ylzx4lz7mx29lftngdz40000gn/T/jarde-raw-receiver-replay-g51t38oc/empty-sourcepath -d /var/folders/gm/lzn3ylzx4lz7mx29lftngdz40000gn/T/jarde-raw-receiver-replay-g51t38oc/jarde-classes /Users/lordcasser/workspace/projects/jarde/openspec/changes/recover-same-class-generic-call-consumers/results/candidate/gc09-raw-64-baseline-v1/jdk8/debug/jarde/NullRawParam.java /Users/lordcasser/workspace/projects/jarde/openspec/evidence/raw-receiver-field-selection-2026-10-09/source/ReceiverProbe.java
jdk8/debug/NullRawParam/jarde-verify-run	0	/Library/Java/JavaVirtualMachines/corretto-1.8.0_432/Contents/Home/bin/java -Xverify:all -cp /var/folders/gm/lzn3ylzx4lz7mx29lftngdz40000gn/T/jarde-raw-receiver-replay-g51t38oc/jarde-classes ReceiverProbe NullRawParam
jdk8/debug/NullRawParam/jadx	0	/Users/lordcasser/workspace/testzone/jadx/jadx-cli/build/install/jadx/bin/jadx --no-res --single-class NullRawParam -d /Users/lordcasser/workspace/projects/jarde/openspec/changes/recover-same-class-generic-call-consumers/results/candidate/gc09-raw-64-baseline-v1/jdk8/debug/jadx/NullRawParam /Users/lordcasser/workspace/projects/jarde/openspec/evidence/raw-receiver-field-selection-2026-10-09/jdk8/debug/input/NullRawParam.jar
jdk8/debug/NullRawParam/jadx-source-header	0	nonempty class source
jdk8/debug/NullRawParam/jadx-javac	0	/Library/Java/JavaVirtualMachines/corretto-1.8.0_432/Contents/Home/bin/javac -source 8 -target 8 -g -classpath /var/folders/gm/lzn3ylzx4lz7mx29lftngdz40000gn/T/jarde-raw-receiver-replay-g51t38oc/empty-classpath -sourcepath /var/folders/gm/lzn3ylzx4lz7mx29lftngdz40000gn/T/jarde-raw-receiver-replay-g51t38oc/empty-sourcepath -d /var/folders/gm/lzn3ylzx4lz7mx29lftngdz40000gn/T/jarde-raw-receiver-replay-g51t38oc/jadx-classes /Users/lordcasser/workspace/projects/jarde/openspec/changes/recover-same-class-generic-call-consumers/results/candidate/gc09-raw-64-baseline-v1/jdk8/debug/jadx/NullRawParam/sources/defpackage/NullRawParam.java /Users/lordcasser/workspace/projects/jarde/openspec/evidence/raw-receiver-field-selection-2026-10-09/source/ReceiverProbe.java
jdk8/debug/NullRawParam/jadx-verify-run	0	/Library/Java/JavaVirtualMachines/corretto-1.8.0_432/Contents/Home/bin/java -Xverify:all -cp /var/folders/gm/lzn3ylzx4lz7mx29lftngdz40000gn/T/jarde-raw-receiver-replay-g51t38oc/jadx-classes ReceiverProbe defpackage.NullRawParam
jdk8/no-debug/NullRawParam/jar-contents	0	/Library/Java/JavaVirtualMachines/corretto-1.8.0_432/Contents/Home/bin/jar tf /Users/lordcasser/workspace/projects/jarde/openspec/evidence/raw-receiver-field-selection-2026-10-09/jdk8/no-debug/input/NullRawParam.jar
jdk8/no-debug/NullRawParam/original-javac	0	/Library/Java/JavaVirtualMachines/corretto-1.8.0_432/Contents/Home/bin/javac -source 8 -target 8 -g:none -classpath /var/folders/gm/lzn3ylzx4lz7mx29lftngdz40000gn/T/jarde-raw-receiver-replay-cs9djdg6/empty-classpath -sourcepath /var/folders/gm/lzn3ylzx4lz7mx29lftngdz40000gn/T/jarde-raw-receiver-replay-cs9djdg6/empty-sourcepath -d /var/folders/gm/lzn3ylzx4lz7mx29lftngdz40000gn/T/jarde-raw-receiver-replay-cs9djdg6/original /Users/lordcasser/workspace/projects/jarde/openspec/evidence/raw-receiver-field-selection-2026-10-09/source/NullRawParam.java
jdk8/no-debug/NullRawParam/javap	0	/Library/Java/JavaVirtualMachines/corretto-1.8.0_432/Contents/Home/bin/javap -p -c -s -v -classpath /Users/lordcasser/workspace/projects/jarde/openspec/evidence/raw-receiver-field-selection-2026-10-09/jdk8/no-debug/input/NullRawParam.jar NullRawParam
jdk8/no-debug/NullRawParam/original-probe-javac	0	/Library/Java/JavaVirtualMachines/corretto-1.8.0_432/Contents/Home/bin/javac -source 8 -target 8 -g:none -classpath /var/folders/gm/lzn3ylzx4lz7mx29lftngdz40000gn/T/jarde-raw-receiver-replay-cs9djdg6/empty-classpath -sourcepath /var/folders/gm/lzn3ylzx4lz7mx29lftngdz40000gn/T/jarde-raw-receiver-replay-cs9djdg6/empty-sourcepath -d /var/folders/gm/lzn3ylzx4lz7mx29lftngdz40000gn/T/jarde-raw-receiver-replay-cs9djdg6/original-probe /Users/lordcasser/workspace/projects/jarde/openspec/evidence/raw-receiver-field-selection-2026-10-09/source/ReceiverProbe.java
jdk8/no-debug/NullRawParam/original-run	0	/Library/Java/JavaVirtualMachines/corretto-1.8.0_432/Contents/Home/bin/java -Xverify:all -cp /var/folders/gm/lzn3ylzx4lz7mx29lftngdz40000gn/T/jarde-raw-receiver-replay-cs9djdg6/original:/var/folders/gm/lzn3ylzx4lz7mx29lftngdz40000gn/T/jarde-raw-receiver-replay-cs9djdg6/original-probe ReceiverProbe NullRawParam
jdk8/no-debug/NullRawParam/jarde-NullRawParam	0	/private/tmp/jarde-raw-receiver-final-v3-cli class-source --input /Users/lordcasser/workspace/projects/jarde/openspec/evidence/raw-receiver-field-selection-2026-10-09/jdk8/no-debug/input/NullRawParam.jar --class NullRawParam --policy plain-jar --release 8 --format text
jdk8/no-debug/NullRawParam/jarde-NullRawParam-source-header	0	nonempty self-describing source
jdk8/no-debug/NullRawParam/jarde-javac	0	/Library/Java/JavaVirtualMachines/corretto-1.8.0_432/Contents/Home/bin/javac -source 8 -target 8 -g:none -classpath /var/folders/gm/lzn3ylzx4lz7mx29lftngdz40000gn/T/jarde-raw-receiver-replay-cs9djdg6/empty-classpath -sourcepath /var/folders/gm/lzn3ylzx4lz7mx29lftngdz40000gn/T/jarde-raw-receiver-replay-cs9djdg6/empty-sourcepath -d /var/folders/gm/lzn3ylzx4lz7mx29lftngdz40000gn/T/jarde-raw-receiver-replay-cs9djdg6/jarde-classes /Users/lordcasser/workspace/projects/jarde/openspec/changes/recover-same-class-generic-call-consumers/results/candidate/gc09-raw-64-baseline-v1/jdk8/no-debug/jarde/NullRawParam.java /Users/lordcasser/workspace/projects/jarde/openspec/evidence/raw-receiver-field-selection-2026-10-09/source/ReceiverProbe.java
jdk8/no-debug/NullRawParam/jarde-verify-run	0	/Library/Java/JavaVirtualMachines/corretto-1.8.0_432/Contents/Home/bin/java -Xverify:all -cp /var/folders/gm/lzn3ylzx4lz7mx29lftngdz40000gn/T/jarde-raw-receiver-replay-cs9djdg6/jarde-classes ReceiverProbe NullRawParam
jdk8/no-debug/NullRawParam/jadx	0	/Users/lordcasser/workspace/testzone/jadx/jadx-cli/build/install/jadx/bin/jadx --no-res --single-class NullRawParam -d /Users/lordcasser/workspace/projects/jarde/openspec/changes/recover-same-class-generic-call-consumers/results/candidate/gc09-raw-64-baseline-v1/jdk8/no-debug/jadx/NullRawParam /Users/lordcasser/workspace/projects/jarde/openspec/evidence/raw-receiver-field-selection-2026-10-09/jdk8/no-debug/input/NullRawParam.jar
jdk8/no-debug/NullRawParam/jadx-source-header	0	nonempty class source
jdk8/no-debug/NullRawParam/jadx-javac	0	/Library/Java/JavaVirtualMachines/corretto-1.8.0_432/Contents/Home/bin/javac -source 8 -target 8 -g:none -classpath /var/folders/gm/lzn3ylzx4lz7mx29lftngdz40000gn/T/jarde-raw-receiver-replay-cs9djdg6/empty-classpath -sourcepath /var/folders/gm/lzn3ylzx4lz7mx29lftngdz40000gn/T/jarde-raw-receiver-replay-cs9djdg6/empty-sourcepath -d /var/folders/gm/lzn3ylzx4lz7mx29lftngdz40000gn/T/jarde-raw-receiver-replay-cs9djdg6/jadx-classes /Users/lordcasser/workspace/projects/jarde/openspec/changes/recover-same-class-generic-call-consumers/results/candidate/gc09-raw-64-baseline-v1/jdk8/no-debug/jadx/NullRawParam/sources/defpackage/NullRawParam.java /Users/lordcasser/workspace/projects/jarde/openspec/evidence/raw-receiver-field-selection-2026-10-09/source/ReceiverProbe.java
jdk8/no-debug/NullRawParam/jadx-verify-run	0	/Library/Java/JavaVirtualMachines/corretto-1.8.0_432/Contents/Home/bin/java -Xverify:all -cp /var/folders/gm/lzn3ylzx4lz7mx29lftngdz40000gn/T/jarde-raw-receiver-replay-cs9djdg6/jadx-classes ReceiverProbe defpackage.NullRawParam
jdk8/debug/RetainedAliasRawParam/jar-contents	0	/Library/Java/JavaVirtualMachines/corretto-1.8.0_432/Contents/Home/bin/jar tf /Users/lordcasser/workspace/projects/jarde/openspec/evidence/raw-receiver-field-selection-2026-10-09/jdk8/debug/input/RetainedAliasRawParam.jar
jdk8/debug/RetainedAliasRawParam/original-javac	0	/Library/Java/JavaVirtualMachines/corretto-1.8.0_432/Contents/Home/bin/javac -source 8 -target 8 -g -classpath /var/folders/gm/lzn3ylzx4lz7mx29lftngdz40000gn/T/jarde-raw-receiver-replay-7gyw1852/empty-classpath -sourcepath /var/folders/gm/lzn3ylzx4lz7mx29lftngdz40000gn/T/jarde-raw-receiver-replay-7gyw1852/empty-sourcepath -d /var/folders/gm/lzn3ylzx4lz7mx29lftngdz40000gn/T/jarde-raw-receiver-replay-7gyw1852/original /Users/lordcasser/workspace/projects/jarde/openspec/evidence/raw-receiver-field-selection-2026-10-09/source/RetainedAliasRawParam.java
jdk8/debug/RetainedAliasRawParam/javap	0	/Library/Java/JavaVirtualMachines/corretto-1.8.0_432/Contents/Home/bin/javap -p -c -s -v -classpath /Users/lordcasser/workspace/projects/jarde/openspec/evidence/raw-receiver-field-selection-2026-10-09/jdk8/debug/input/RetainedAliasRawParam.jar RetainedAliasRawParam
jdk8/debug/RetainedAliasRawParam/original-probe-javac	0	/Library/Java/JavaVirtualMachines/corretto-1.8.0_432/Contents/Home/bin/javac -source 8 -target 8 -g -classpath /var/folders/gm/lzn3ylzx4lz7mx29lftngdz40000gn/T/jarde-raw-receiver-replay-7gyw1852/empty-classpath -sourcepath /var/folders/gm/lzn3ylzx4lz7mx29lftngdz40000gn/T/jarde-raw-receiver-replay-7gyw1852/empty-sourcepath -d /var/folders/gm/lzn3ylzx4lz7mx29lftngdz40000gn/T/jarde-raw-receiver-replay-7gyw1852/original-probe /Users/lordcasser/workspace/projects/jarde/openspec/evidence/raw-receiver-field-selection-2026-10-09/source/ReceiverProbe.java
jdk8/debug/RetainedAliasRawParam/original-run	0	/Library/Java/JavaVirtualMachines/corretto-1.8.0_432/Contents/Home/bin/java -Xverify:all -cp /var/folders/gm/lzn3ylzx4lz7mx29lftngdz40000gn/T/jarde-raw-receiver-replay-7gyw1852/original:/var/folders/gm/lzn3ylzx4lz7mx29lftngdz40000gn/T/jarde-raw-receiver-replay-7gyw1852/original-probe ReceiverProbe RetainedAliasRawParam
jdk8/debug/RetainedAliasRawParam/jarde-RetainedAliasRawParam	0	/private/tmp/jarde-raw-receiver-final-v3-cli class-source --input /Users/lordcasser/workspace/projects/jarde/openspec/evidence/raw-receiver-field-selection-2026-10-09/jdk8/debug/input/RetainedAliasRawParam.jar --class RetainedAliasRawParam --policy plain-jar --release 8 --format text
jdk8/debug/RetainedAliasRawParam/jarde-RetainedAliasRawParam-source-header	0	nonempty self-describing source
jdk8/debug/RetainedAliasRawParam/jarde-javac	0	/Library/Java/JavaVirtualMachines/corretto-1.8.0_432/Contents/Home/bin/javac -source 8 -target 8 -g -classpath /var/folders/gm/lzn3ylzx4lz7mx29lftngdz40000gn/T/jarde-raw-receiver-replay-7gyw1852/empty-classpath -sourcepath /var/folders/gm/lzn3ylzx4lz7mx29lftngdz40000gn/T/jarde-raw-receiver-replay-7gyw1852/empty-sourcepath -d /var/folders/gm/lzn3ylzx4lz7mx29lftngdz40000gn/T/jarde-raw-receiver-replay-7gyw1852/jarde-classes /Users/lordcasser/workspace/projects/jarde/openspec/changes/recover-same-class-generic-call-consumers/results/candidate/gc09-raw-64-baseline-v1/jdk8/debug/jarde/RetainedAliasRawParam.java /Users/lordcasser/workspace/projects/jarde/openspec/evidence/raw-receiver-field-selection-2026-10-09/source/ReceiverProbe.java
jdk8/debug/RetainedAliasRawParam/jarde-verify-run	0	/Library/Java/JavaVirtualMachines/corretto-1.8.0_432/Contents/Home/bin/java -Xverify:all -cp /var/folders/gm/lzn3ylzx4lz7mx29lftngdz40000gn/T/jarde-raw-receiver-replay-7gyw1852/jarde-classes ReceiverProbe RetainedAliasRawParam
jdk8/debug/RetainedAliasRawParam/jadx	0	/Users/lordcasser/workspace/testzone/jadx/jadx-cli/build/install/jadx/bin/jadx --no-res --single-class RetainedAliasRawParam -d /Users/lordcasser/workspace/projects/jarde/openspec/changes/recover-same-class-generic-call-consumers/results/candidate/gc09-raw-64-baseline-v1/jdk8/debug/jadx/RetainedAliasRawParam /Users/lordcasser/workspace/projects/jarde/openspec/evidence/raw-receiver-field-selection-2026-10-09/jdk8/debug/input/RetainedAliasRawParam.jar
jdk8/debug/RetainedAliasRawParam/jadx-source-header	0	nonempty class source
jdk8/debug/RetainedAliasRawParam/jadx-javac	0	/Library/Java/JavaVirtualMachines/corretto-1.8.0_432/Contents/Home/bin/javac -source 8 -target 8 -g -classpath /var/folders/gm/lzn3ylzx4lz7mx29lftngdz40000gn/T/jarde-raw-receiver-replay-7gyw1852/empty-classpath -sourcepath /var/folders/gm/lzn3ylzx4lz7mx29lftngdz40000gn/T/jarde-raw-receiver-replay-7gyw1852/empty-sourcepath -d /var/folders/gm/lzn3ylzx4lz7mx29lftngdz40000gn/T/jarde-raw-receiver-replay-7gyw1852/jadx-classes /Users/lordcasser/workspace/projects/jarde/openspec/changes/recover-same-class-generic-call-consumers/results/candidate/gc09-raw-64-baseline-v1/jdk8/debug/jadx/RetainedAliasRawParam/sources/defpackage/RetainedAliasRawParam.java /Users/lordcasser/workspace/projects/jarde/openspec/evidence/raw-receiver-field-selection-2026-10-09/source/ReceiverProbe.java
jdk8/debug/RetainedAliasRawParam/jadx-verify-run	0	/Library/Java/JavaVirtualMachines/corretto-1.8.0_432/Contents/Home/bin/java -Xverify:all -cp /var/folders/gm/lzn3ylzx4lz7mx29lftngdz40000gn/T/jarde-raw-receiver-replay-7gyw1852/jadx-classes ReceiverProbe defpackage.RetainedAliasRawParam
jdk8/no-debug/RetainedAliasRawParam/jar-contents	0	/Library/Java/JavaVirtualMachines/corretto-1.8.0_432/Contents/Home/bin/jar tf /Users/lordcasser/workspace/projects/jarde/openspec/evidence/raw-receiver-field-selection-2026-10-09/jdk8/no-debug/input/RetainedAliasRawParam.jar
jdk8/no-debug/RetainedAliasRawParam/original-javac	0	/Library/Java/JavaVirtualMachines/corretto-1.8.0_432/Contents/Home/bin/javac -source 8 -target 8 -g:none -classpath /var/folders/gm/lzn3ylzx4lz7mx29lftngdz40000gn/T/jarde-raw-receiver-replay-8bmvd_qy/empty-classpath -sourcepath /var/folders/gm/lzn3ylzx4lz7mx29lftngdz40000gn/T/jarde-raw-receiver-replay-8bmvd_qy/empty-sourcepath -d /var/folders/gm/lzn3ylzx4lz7mx29lftngdz40000gn/T/jarde-raw-receiver-replay-8bmvd_qy/original /Users/lordcasser/workspace/projects/jarde/openspec/evidence/raw-receiver-field-selection-2026-10-09/source/RetainedAliasRawParam.java
jdk8/no-debug/RetainedAliasRawParam/javap	0	/Library/Java/JavaVirtualMachines/corretto-1.8.0_432/Contents/Home/bin/javap -p -c -s -v -classpath /Users/lordcasser/workspace/projects/jarde/openspec/evidence/raw-receiver-field-selection-2026-10-09/jdk8/no-debug/input/RetainedAliasRawParam.jar RetainedAliasRawParam
jdk8/no-debug/RetainedAliasRawParam/original-probe-javac	0	/Library/Java/JavaVirtualMachines/corretto-1.8.0_432/Contents/Home/bin/javac -source 8 -target 8 -g:none -classpath /var/folders/gm/lzn3ylzx4lz7mx29lftngdz40000gn/T/jarde-raw-receiver-replay-8bmvd_qy/empty-classpath -sourcepath /var/folders/gm/lzn3ylzx4lz7mx29lftngdz40000gn/T/jarde-raw-receiver-replay-8bmvd_qy/empty-sourcepath -d /var/folders/gm/lzn3ylzx4lz7mx29lftngdz40000gn/T/jarde-raw-receiver-replay-8bmvd_qy/original-probe /Users/lordcasser/workspace/projects/jarde/openspec/evidence/raw-receiver-field-selection-2026-10-09/source/ReceiverProbe.java
jdk8/no-debug/RetainedAliasRawParam/original-run	0	/Library/Java/JavaVirtualMachines/corretto-1.8.0_432/Contents/Home/bin/java -Xverify:all -cp /var/folders/gm/lzn3ylzx4lz7mx29lftngdz40000gn/T/jarde-raw-receiver-replay-8bmvd_qy/original:/var/folders/gm/lzn3ylzx4lz7mx29lftngdz40000gn/T/jarde-raw-receiver-replay-8bmvd_qy/original-probe ReceiverProbe RetainedAliasRawParam
jdk8/no-debug/RetainedAliasRawParam/jarde-RetainedAliasRawParam	0	/private/tmp/jarde-raw-receiver-final-v3-cli class-source --input /Users/lordcasser/workspace/projects/jarde/openspec/evidence/raw-receiver-field-selection-2026-10-09/jdk8/no-debug/input/RetainedAliasRawParam.jar --class RetainedAliasRawParam --policy plain-jar --release 8 --format text
jdk8/no-debug/RetainedAliasRawParam/jarde-RetainedAliasRawParam-source-header	0	nonempty self-describing source
jdk8/no-debug/RetainedAliasRawParam/jarde-javac	0	/Library/Java/JavaVirtualMachines/corretto-1.8.0_432/Contents/Home/bin/javac -source 8 -target 8 -g:none -classpath /var/folders/gm/lzn3ylzx4lz7mx29lftngdz40000gn/T/jarde-raw-receiver-replay-8bmvd_qy/empty-classpath -sourcepath /var/folders/gm/lzn3ylzx4lz7mx29lftngdz40000gn/T/jarde-raw-receiver-replay-8bmvd_qy/empty-sourcepath -d /var/folders/gm/lzn3ylzx4lz7mx29lftngdz40000gn/T/jarde-raw-receiver-replay-8bmvd_qy/jarde-classes /Users/lordcasser/workspace/projects/jarde/openspec/changes/recover-same-class-generic-call-consumers/results/candidate/gc09-raw-64-baseline-v1/jdk8/no-debug/jarde/RetainedAliasRawParam.java /Users/lordcasser/workspace/projects/jarde/openspec/evidence/raw-receiver-field-selection-2026-10-09/source/ReceiverProbe.java
jdk8/no-debug/RetainedAliasRawParam/jarde-verify-run	0	/Library/Java/JavaVirtualMachines/corretto-1.8.0_432/Contents/Home/bin/java -Xverify:all -cp /var/folders/gm/lzn3ylzx4lz7mx29lftngdz40000gn/T/jarde-raw-receiver-replay-8bmvd_qy/jarde-classes ReceiverProbe RetainedAliasRawParam
jdk8/no-debug/RetainedAliasRawParam/jadx	0	/Users/lordcasser/workspace/testzone/jadx/jadx-cli/build/install/jadx/bin/jadx --no-res --single-class RetainedAliasRawParam -d /Users/lordcasser/workspace/projects/jarde/openspec/changes/recover-same-class-generic-call-consumers/results/candidate/gc09-raw-64-baseline-v1/jdk8/no-debug/jadx/RetainedAliasRawParam /Users/lordcasser/workspace/projects/jarde/openspec/evidence/raw-receiver-field-selection-2026-10-09/jdk8/no-debug/input/RetainedAliasRawParam.jar
jdk8/no-debug/RetainedAliasRawParam/jadx-source-header	0	nonempty class source
jdk8/no-debug/RetainedAliasRawParam/jadx-javac	0	/Library/Java/JavaVirtualMachines/corretto-1.8.0_432/Contents/Home/bin/javac -source 8 -target 8 -g:none -classpath /var/folders/gm/lzn3ylzx4lz7mx29lftngdz40000gn/T/jarde-raw-receiver-replay-8bmvd_qy/empty-classpath -sourcepath /var/folders/gm/lzn3ylzx4lz7mx29lftngdz40000gn/T/jarde-raw-receiver-replay-8bmvd_qy/empty-sourcepath -d /var/folders/gm/lzn3ylzx4lz7mx29lftngdz40000gn/T/jarde-raw-receiver-replay-8bmvd_qy/jadx-classes /Users/lordcasser/workspace/projects/jarde/openspec/changes/recover-same-class-generic-call-consumers/results/candidate/gc09-raw-64-baseline-v1/jdk8/no-debug/jadx/RetainedAliasRawParam/sources/defpackage/RetainedAliasRawParam.java /Users/lordcasser/workspace/projects/jarde/openspec/evidence/raw-receiver-field-selection-2026-10-09/source/ReceiverProbe.java
jdk8/no-debug/RetainedAliasRawParam/jadx-verify-run	0	/Library/Java/JavaVirtualMachines/corretto-1.8.0_432/Contents/Home/bin/java -Xverify:all -cp /var/folders/gm/lzn3ylzx4lz7mx29lftngdz40000gn/T/jarde-raw-receiver-replay-8bmvd_qy/jadx-classes ReceiverProbe defpackage.RetainedAliasRawParam
jdk8/debug/MultiFormalRawParam/jar-contents	0	/Library/Java/JavaVirtualMachines/corretto-1.8.0_432/Contents/Home/bin/jar tf /Users/lordcasser/workspace/projects/jarde/openspec/evidence/raw-receiver-field-selection-2026-10-09/jdk8/debug/input/MultiFormalRawParam.jar
jdk8/debug/MultiFormalRawParam/original-javac	0	/Library/Java/JavaVirtualMachines/corretto-1.8.0_432/Contents/Home/bin/javac -source 8 -target 8 -g -classpath /var/folders/gm/lzn3ylzx4lz7mx29lftngdz40000gn/T/jarde-raw-receiver-replay-ol4oc63h/empty-classpath -sourcepath /var/folders/gm/lzn3ylzx4lz7mx29lftngdz40000gn/T/jarde-raw-receiver-replay-ol4oc63h/empty-sourcepath -d /var/folders/gm/lzn3ylzx4lz7mx29lftngdz40000gn/T/jarde-raw-receiver-replay-ol4oc63h/original /Users/lordcasser/workspace/projects/jarde/openspec/evidence/raw-receiver-field-selection-2026-10-09/source/MultiFormalRawParam.java
jdk8/debug/MultiFormalRawParam/javap	0	/Library/Java/JavaVirtualMachines/corretto-1.8.0_432/Contents/Home/bin/javap -p -c -s -v -classpath /Users/lordcasser/workspace/projects/jarde/openspec/evidence/raw-receiver-field-selection-2026-10-09/jdk8/debug/input/MultiFormalRawParam.jar MultiFormalRawParam
jdk8/debug/MultiFormalRawParam/original-probe-javac	0	/Library/Java/JavaVirtualMachines/corretto-1.8.0_432/Contents/Home/bin/javac -source 8 -target 8 -g -classpath /var/folders/gm/lzn3ylzx4lz7mx29lftngdz40000gn/T/jarde-raw-receiver-replay-ol4oc63h/empty-classpath -sourcepath /var/folders/gm/lzn3ylzx4lz7mx29lftngdz40000gn/T/jarde-raw-receiver-replay-ol4oc63h/empty-sourcepath -d /var/folders/gm/lzn3ylzx4lz7mx29lftngdz40000gn/T/jarde-raw-receiver-replay-ol4oc63h/original-probe /Users/lordcasser/workspace/projects/jarde/openspec/evidence/raw-receiver-field-selection-2026-10-09/source/ReceiverProbe.java
jdk8/debug/MultiFormalRawParam/original-run	0	/Library/Java/JavaVirtualMachines/corretto-1.8.0_432/Contents/Home/bin/java -Xverify:all -cp /var/folders/gm/lzn3ylzx4lz7mx29lftngdz40000gn/T/jarde-raw-receiver-replay-ol4oc63h/original:/var/folders/gm/lzn3ylzx4lz7mx29lftngdz40000gn/T/jarde-raw-receiver-replay-ol4oc63h/original-probe ReceiverProbe MultiFormalRawParam
jdk8/debug/MultiFormalRawParam/jarde-MultiFormalRawParam	0	/private/tmp/jarde-raw-receiver-final-v3-cli class-source --input /Users/lordcasser/workspace/projects/jarde/openspec/evidence/raw-receiver-field-selection-2026-10-09/jdk8/debug/input/MultiFormalRawParam.jar --class MultiFormalRawParam --policy plain-jar --release 8 --format text
jdk8/debug/MultiFormalRawParam/jarde-MultiFormalRawParam-source-header	0	nonempty self-describing source
jdk8/debug/MultiFormalRawParam/jarde-javac	0	/Library/Java/JavaVirtualMachines/corretto-1.8.0_432/Contents/Home/bin/javac -source 8 -target 8 -g -classpath /var/folders/gm/lzn3ylzx4lz7mx29lftngdz40000gn/T/jarde-raw-receiver-replay-ol4oc63h/empty-classpath -sourcepath /var/folders/gm/lzn3ylzx4lz7mx29lftngdz40000gn/T/jarde-raw-receiver-replay-ol4oc63h/empty-sourcepath -d /var/folders/gm/lzn3ylzx4lz7mx29lftngdz40000gn/T/jarde-raw-receiver-replay-ol4oc63h/jarde-classes /Users/lordcasser/workspace/projects/jarde/openspec/changes/recover-same-class-generic-call-consumers/results/candidate/gc09-raw-64-baseline-v1/jdk8/debug/jarde/MultiFormalRawParam.java /Users/lordcasser/workspace/projects/jarde/openspec/evidence/raw-receiver-field-selection-2026-10-09/source/ReceiverProbe.java
jdk8/debug/MultiFormalRawParam/jarde-verify-run	0	/Library/Java/JavaVirtualMachines/corretto-1.8.0_432/Contents/Home/bin/java -Xverify:all -cp /var/folders/gm/lzn3ylzx4lz7mx29lftngdz40000gn/T/jarde-raw-receiver-replay-ol4oc63h/jarde-classes ReceiverProbe MultiFormalRawParam
jdk8/debug/MultiFormalRawParam/jadx	0	/Users/lordcasser/workspace/testzone/jadx/jadx-cli/build/install/jadx/bin/jadx --no-res --single-class MultiFormalRawParam -d /Users/lordcasser/workspace/projects/jarde/openspec/changes/recover-same-class-generic-call-consumers/results/candidate/gc09-raw-64-baseline-v1/jdk8/debug/jadx/MultiFormalRawParam /Users/lordcasser/workspace/projects/jarde/openspec/evidence/raw-receiver-field-selection-2026-10-09/jdk8/debug/input/MultiFormalRawParam.jar
jdk8/debug/MultiFormalRawParam/jadx-source-header	0	nonempty class source
jdk8/debug/MultiFormalRawParam/jadx-javac	0	/Library/Java/JavaVirtualMachines/corretto-1.8.0_432/Contents/Home/bin/javac -source 8 -target 8 -g -classpath /var/folders/gm/lzn3ylzx4lz7mx29lftngdz40000gn/T/jarde-raw-receiver-replay-ol4oc63h/empty-classpath -sourcepath /var/folders/gm/lzn3ylzx4lz7mx29lftngdz40000gn/T/jarde-raw-receiver-replay-ol4oc63h/empty-sourcepath -d /var/folders/gm/lzn3ylzx4lz7mx29lftngdz40000gn/T/jarde-raw-receiver-replay-ol4oc63h/jadx-classes /Users/lordcasser/workspace/projects/jarde/openspec/changes/recover-same-class-generic-call-consumers/results/candidate/gc09-raw-64-baseline-v1/jdk8/debug/jadx/MultiFormalRawParam/sources/defpackage/MultiFormalRawParam.java /Users/lordcasser/workspace/projects/jarde/openspec/evidence/raw-receiver-field-selection-2026-10-09/source/ReceiverProbe.java
jdk8/debug/MultiFormalRawParam/jadx-verify-run	0	/Library/Java/JavaVirtualMachines/corretto-1.8.0_432/Contents/Home/bin/java -Xverify:all -cp /var/folders/gm/lzn3ylzx4lz7mx29lftngdz40000gn/T/jarde-raw-receiver-replay-ol4oc63h/jadx-classes ReceiverProbe defpackage.MultiFormalRawParam
jdk8/no-debug/MultiFormalRawParam/jar-contents	0	/Library/Java/JavaVirtualMachines/corretto-1.8.0_432/Contents/Home/bin/jar tf /Users/lordcasser/workspace/projects/jarde/openspec/evidence/raw-receiver-field-selection-2026-10-09/jdk8/no-debug/input/MultiFormalRawParam.jar
jdk8/no-debug/MultiFormalRawParam/original-javac	0	/Library/Java/JavaVirtualMachines/corretto-1.8.0_432/Contents/Home/bin/javac -source 8 -target 8 -g:none -classpath /var/folders/gm/lzn3ylzx4lz7mx29lftngdz40000gn/T/jarde-raw-receiver-replay-71wca733/empty-classpath -sourcepath /var/folders/gm/lzn3ylzx4lz7mx29lftngdz40000gn/T/jarde-raw-receiver-replay-71wca733/empty-sourcepath -d /var/folders/gm/lzn3ylzx4lz7mx29lftngdz40000gn/T/jarde-raw-receiver-replay-71wca733/original /Users/lordcasser/workspace/projects/jarde/openspec/evidence/raw-receiver-field-selection-2026-10-09/source/MultiFormalRawParam.java
jdk8/no-debug/MultiFormalRawParam/javap	0	/Library/Java/JavaVirtualMachines/corretto-1.8.0_432/Contents/Home/bin/javap -p -c -s -v -classpath /Users/lordcasser/workspace/projects/jarde/openspec/evidence/raw-receiver-field-selection-2026-10-09/jdk8/no-debug/input/MultiFormalRawParam.jar MultiFormalRawParam
jdk8/no-debug/MultiFormalRawParam/original-probe-javac	0	/Library/Java/JavaVirtualMachines/corretto-1.8.0_432/Contents/Home/bin/javac -source 8 -target 8 -g:none -classpath /var/folders/gm/lzn3ylzx4lz7mx29lftngdz40000gn/T/jarde-raw-receiver-replay-71wca733/empty-classpath -sourcepath /var/folders/gm/lzn3ylzx4lz7mx29lftngdz40000gn/T/jarde-raw-receiver-replay-71wca733/empty-sourcepath -d /var/folders/gm/lzn3ylzx4lz7mx29lftngdz40000gn/T/jarde-raw-receiver-replay-71wca733/original-probe /Users/lordcasser/workspace/projects/jarde/openspec/evidence/raw-receiver-field-selection-2026-10-09/source/ReceiverProbe.java
jdk8/no-debug/MultiFormalRawParam/original-run	0	/Library/Java/JavaVirtualMachines/corretto-1.8.0_432/Contents/Home/bin/java -Xverify:all -cp /var/folders/gm/lzn3ylzx4lz7mx29lftngdz40000gn/T/jarde-raw-receiver-replay-71wca733/original:/var/folders/gm/lzn3ylzx4lz7mx29lftngdz40000gn/T/jarde-raw-receiver-replay-71wca733/original-probe ReceiverProbe MultiFormalRawParam
jdk8/no-debug/MultiFormalRawParam/jarde-MultiFormalRawParam	0	/private/tmp/jarde-raw-receiver-final-v3-cli class-source --input /Users/lordcasser/workspace/projects/jarde/openspec/evidence/raw-receiver-field-selection-2026-10-09/jdk8/no-debug/input/MultiFormalRawParam.jar --class MultiFormalRawParam --policy plain-jar --release 8 --format text
jdk8/no-debug/MultiFormalRawParam/jarde-MultiFormalRawParam-source-header	0	nonempty self-describing source
jdk8/no-debug/MultiFormalRawParam/jarde-javac	0	/Library/Java/JavaVirtualMachines/corretto-1.8.0_432/Contents/Home/bin/javac -source 8 -target 8 -g:none -classpath /var/folders/gm/lzn3ylzx4lz7mx29lftngdz40000gn/T/jarde-raw-receiver-replay-71wca733/empty-classpath -sourcepath /var/folders/gm/lzn3ylzx4lz7mx29lftngdz40000gn/T/jarde-raw-receiver-replay-71wca733/empty-sourcepath -d /var/folders/gm/lzn3ylzx4lz7mx29lftngdz40000gn/T/jarde-raw-receiver-replay-71wca733/jarde-classes /Users/lordcasser/workspace/projects/jarde/openspec/changes/recover-same-class-generic-call-consumers/results/candidate/gc09-raw-64-baseline-v1/jdk8/no-debug/jarde/MultiFormalRawParam.java /Users/lordcasser/workspace/projects/jarde/openspec/evidence/raw-receiver-field-selection-2026-10-09/source/ReceiverProbe.java
jdk8/no-debug/MultiFormalRawParam/jarde-verify-run	0	/Library/Java/JavaVirtualMachines/corretto-1.8.0_432/Contents/Home/bin/java -Xverify:all -cp /var/folders/gm/lzn3ylzx4lz7mx29lftngdz40000gn/T/jarde-raw-receiver-replay-71wca733/jarde-classes ReceiverProbe MultiFormalRawParam
jdk8/no-debug/MultiFormalRawParam/jadx	0	/Users/lordcasser/workspace/testzone/jadx/jadx-cli/build/install/jadx/bin/jadx --no-res --single-class MultiFormalRawParam -d /Users/lordcasser/workspace/projects/jarde/openspec/changes/recover-same-class-generic-call-consumers/results/candidate/gc09-raw-64-baseline-v1/jdk8/no-debug/jadx/MultiFormalRawParam /Users/lordcasser/workspace/projects/jarde/openspec/evidence/raw-receiver-field-selection-2026-10-09/jdk8/no-debug/input/MultiFormalRawParam.jar
jdk8/no-debug/MultiFormalRawParam/jadx-source-header	0	nonempty class source
jdk8/no-debug/MultiFormalRawParam/jadx-javac	0	/Library/Java/JavaVirtualMachines/corretto-1.8.0_432/Contents/Home/bin/javac -source 8 -target 8 -g:none -classpath /var/folders/gm/lzn3ylzx4lz7mx29lftngdz40000gn/T/jarde-raw-receiver-replay-71wca733/empty-classpath -sourcepath /var/folders/gm/lzn3ylzx4lz7mx29lftngdz40000gn/T/jarde-raw-receiver-replay-71wca733/empty-sourcepath -d /var/folders/gm/lzn3ylzx4lz7mx29lftngdz40000gn/T/jarde-raw-receiver-replay-71wca733/jadx-classes /Users/lordcasser/workspace/projects/jarde/openspec/changes/recover-same-class-generic-call-consumers/results/candidate/gc09-raw-64-baseline-v1/jdk8/no-debug/jadx/MultiFormalRawParam/sources/defpackage/MultiFormalRawParam.java /Users/lordcasser/workspace/projects/jarde/openspec/evidence/raw-receiver-field-selection-2026-10-09/source/ReceiverProbe.java
jdk8/no-debug/MultiFormalRawParam/jadx-verify-run	0	/Library/Java/JavaVirtualMachines/corretto-1.8.0_432/Contents/Home/bin/java -Xverify:all -cp /var/folders/gm/lzn3ylzx4lz7mx29lftngdz40000gn/T/jarde-raw-receiver-replay-71wca733/jadx-classes ReceiverProbe defpackage.MultiFormalRawParam
jdk8/debug/RawOwnerChild/jar-contents	0	/Library/Java/JavaVirtualMachines/corretto-1.8.0_432/Contents/Home/bin/jar tf /Users/lordcasser/workspace/projects/jarde/openspec/evidence/raw-receiver-field-selection-2026-10-09/jdk8/debug/input/RawOwnerChild.jar
jdk8/debug/RawOwnerChild/original-javac	0	/Library/Java/JavaVirtualMachines/corretto-1.8.0_432/Contents/Home/bin/javac -source 8 -target 8 -g -classpath /var/folders/gm/lzn3ylzx4lz7mx29lftngdz40000gn/T/jarde-raw-receiver-replay-lo0t9xqf/empty-classpath -sourcepath /var/folders/gm/lzn3ylzx4lz7mx29lftngdz40000gn/T/jarde-raw-receiver-replay-lo0t9xqf/empty-sourcepath -d /var/folders/gm/lzn3ylzx4lz7mx29lftngdz40000gn/T/jarde-raw-receiver-replay-lo0t9xqf/original /Users/lordcasser/workspace/projects/jarde/openspec/evidence/raw-receiver-field-selection-2026-10-09/source/RawOwnerChild.java /Users/lordcasser/workspace/projects/jarde/openspec/evidence/raw-receiver-field-selection-2026-10-09/source/RawOwnerBase.java
jdk8/debug/RawOwnerChild/javap	0	/Library/Java/JavaVirtualMachines/corretto-1.8.0_432/Contents/Home/bin/javap -p -c -s -v -classpath /Users/lordcasser/workspace/projects/jarde/openspec/evidence/raw-receiver-field-selection-2026-10-09/jdk8/debug/input/RawOwnerChild.jar RawOwnerChild
jdk8/debug/RawOwnerChild/original-probe-javac	0	/Library/Java/JavaVirtualMachines/corretto-1.8.0_432/Contents/Home/bin/javac -source 8 -target 8 -g -classpath /var/folders/gm/lzn3ylzx4lz7mx29lftngdz40000gn/T/jarde-raw-receiver-replay-lo0t9xqf/empty-classpath -sourcepath /var/folders/gm/lzn3ylzx4lz7mx29lftngdz40000gn/T/jarde-raw-receiver-replay-lo0t9xqf/empty-sourcepath -d /var/folders/gm/lzn3ylzx4lz7mx29lftngdz40000gn/T/jarde-raw-receiver-replay-lo0t9xqf/original-probe /Users/lordcasser/workspace/projects/jarde/openspec/evidence/raw-receiver-field-selection-2026-10-09/source/ReceiverProbe.java
jdk8/debug/RawOwnerChild/original-run	0	/Library/Java/JavaVirtualMachines/corretto-1.8.0_432/Contents/Home/bin/java -Xverify:all -cp /var/folders/gm/lzn3ylzx4lz7mx29lftngdz40000gn/T/jarde-raw-receiver-replay-lo0t9xqf/original:/var/folders/gm/lzn3ylzx4lz7mx29lftngdz40000gn/T/jarde-raw-receiver-replay-lo0t9xqf/original-probe ReceiverProbe RawOwnerChild
jdk8/debug/RawOwnerChild/jarde-RawOwnerChild	0	/private/tmp/jarde-raw-receiver-final-v3-cli class-source --input /Users/lordcasser/workspace/projects/jarde/openspec/evidence/raw-receiver-field-selection-2026-10-09/jdk8/debug/input/RawOwnerChild.jar --class RawOwnerChild --policy plain-jar --release 8 --format text
jdk8/debug/RawOwnerChild/jarde-RawOwnerChild-source-header	0	nonempty self-describing source
jdk8/debug/RawOwnerChild/jarde-RawOwnerBase	0	/private/tmp/jarde-raw-receiver-final-v3-cli class-source --input /Users/lordcasser/workspace/projects/jarde/openspec/evidence/raw-receiver-field-selection-2026-10-09/jdk8/debug/input/RawOwnerChild.jar --class RawOwnerBase --policy plain-jar --release 8 --format text
jdk8/debug/RawOwnerChild/jarde-RawOwnerBase-source-header	0	nonempty self-describing source
jdk8/debug/RawOwnerChild/jarde-javac	0	/Library/Java/JavaVirtualMachines/corretto-1.8.0_432/Contents/Home/bin/javac -source 8 -target 8 -g -classpath /var/folders/gm/lzn3ylzx4lz7mx29lftngdz40000gn/T/jarde-raw-receiver-replay-lo0t9xqf/empty-classpath -sourcepath /var/folders/gm/lzn3ylzx4lz7mx29lftngdz40000gn/T/jarde-raw-receiver-replay-lo0t9xqf/empty-sourcepath -d /var/folders/gm/lzn3ylzx4lz7mx29lftngdz40000gn/T/jarde-raw-receiver-replay-lo0t9xqf/jarde-classes /Users/lordcasser/workspace/projects/jarde/openspec/changes/recover-same-class-generic-call-consumers/results/candidate/gc09-raw-64-baseline-v1/jdk8/debug/jarde/RawOwnerChild.java /Users/lordcasser/workspace/projects/jarde/openspec/changes/recover-same-class-generic-call-consumers/results/candidate/gc09-raw-64-baseline-v1/jdk8/debug/jarde/RawOwnerBase.java /Users/lordcasser/workspace/projects/jarde/openspec/evidence/raw-receiver-field-selection-2026-10-09/source/ReceiverProbe.java
jdk8/debug/RawOwnerChild/jarde-verify-run	0	/Library/Java/JavaVirtualMachines/corretto-1.8.0_432/Contents/Home/bin/java -Xverify:all -cp /var/folders/gm/lzn3ylzx4lz7mx29lftngdz40000gn/T/jarde-raw-receiver-replay-lo0t9xqf/jarde-classes ReceiverProbe RawOwnerChild
jdk8/debug/RawOwnerChild/jadx	0	/Users/lordcasser/workspace/testzone/jadx/jadx-cli/build/install/jadx/bin/jadx --no-res -d /Users/lordcasser/workspace/projects/jarde/openspec/changes/recover-same-class-generic-call-consumers/results/candidate/gc09-raw-64-baseline-v1/jdk8/debug/jadx/RawOwnerChild /Users/lordcasser/workspace/projects/jarde/openspec/evidence/raw-receiver-field-selection-2026-10-09/jdk8/debug/input/RawOwnerChild.jar
jdk8/debug/RawOwnerChild/jadx-source-header	0	nonempty class source
jdk8/debug/RawOwnerChild/jadx-javac	0	/Library/Java/JavaVirtualMachines/corretto-1.8.0_432/Contents/Home/bin/javac -source 8 -target 8 -g -classpath /var/folders/gm/lzn3ylzx4lz7mx29lftngdz40000gn/T/jarde-raw-receiver-replay-lo0t9xqf/empty-classpath -sourcepath /var/folders/gm/lzn3ylzx4lz7mx29lftngdz40000gn/T/jarde-raw-receiver-replay-lo0t9xqf/empty-sourcepath -d /var/folders/gm/lzn3ylzx4lz7mx29lftngdz40000gn/T/jarde-raw-receiver-replay-lo0t9xqf/jadx-classes /Users/lordcasser/workspace/projects/jarde/openspec/changes/recover-same-class-generic-call-consumers/results/candidate/gc09-raw-64-baseline-v1/jdk8/debug/jadx/RawOwnerChild/sources/defpackage/RawOwnerBase.java /Users/lordcasser/workspace/projects/jarde/openspec/changes/recover-same-class-generic-call-consumers/results/candidate/gc09-raw-64-baseline-v1/jdk8/debug/jadx/RawOwnerChild/sources/defpackage/RawOwnerChild.java /Users/lordcasser/workspace/projects/jarde/openspec/evidence/raw-receiver-field-selection-2026-10-09/source/ReceiverProbe.java
jdk8/debug/RawOwnerChild/jadx-verify-run	0	/Library/Java/JavaVirtualMachines/corretto-1.8.0_432/Contents/Home/bin/java -Xverify:all -cp /var/folders/gm/lzn3ylzx4lz7mx29lftngdz40000gn/T/jarde-raw-receiver-replay-lo0t9xqf/jadx-classes ReceiverProbe defpackage.RawOwnerChild
jdk8/no-debug/RawOwnerChild/jar-contents	0	/Library/Java/JavaVirtualMachines/corretto-1.8.0_432/Contents/Home/bin/jar tf /Users/lordcasser/workspace/projects/jarde/openspec/evidence/raw-receiver-field-selection-2026-10-09/jdk8/no-debug/input/RawOwnerChild.jar
jdk8/no-debug/RawOwnerChild/original-javac	0	/Library/Java/JavaVirtualMachines/corretto-1.8.0_432/Contents/Home/bin/javac -source 8 -target 8 -g:none -classpath /var/folders/gm/lzn3ylzx4lz7mx29lftngdz40000gn/T/jarde-raw-receiver-replay-_b2s0y2k/empty-classpath -sourcepath /var/folders/gm/lzn3ylzx4lz7mx29lftngdz40000gn/T/jarde-raw-receiver-replay-_b2s0y2k/empty-sourcepath -d /var/folders/gm/lzn3ylzx4lz7mx29lftngdz40000gn/T/jarde-raw-receiver-replay-_b2s0y2k/original /Users/lordcasser/workspace/projects/jarde/openspec/evidence/raw-receiver-field-selection-2026-10-09/source/RawOwnerChild.java /Users/lordcasser/workspace/projects/jarde/openspec/evidence/raw-receiver-field-selection-2026-10-09/source/RawOwnerBase.java
jdk8/no-debug/RawOwnerChild/javap	0	/Library/Java/JavaVirtualMachines/corretto-1.8.0_432/Contents/Home/bin/javap -p -c -s -v -classpath /Users/lordcasser/workspace/projects/jarde/openspec/evidence/raw-receiver-field-selection-2026-10-09/jdk8/no-debug/input/RawOwnerChild.jar RawOwnerChild
jdk8/no-debug/RawOwnerChild/original-probe-javac	0	/Library/Java/JavaVirtualMachines/corretto-1.8.0_432/Contents/Home/bin/javac -source 8 -target 8 -g:none -classpath /var/folders/gm/lzn3ylzx4lz7mx29lftngdz40000gn/T/jarde-raw-receiver-replay-_b2s0y2k/empty-classpath -sourcepath /var/folders/gm/lzn3ylzx4lz7mx29lftngdz40000gn/T/jarde-raw-receiver-replay-_b2s0y2k/empty-sourcepath -d /var/folders/gm/lzn3ylzx4lz7mx29lftngdz40000gn/T/jarde-raw-receiver-replay-_b2s0y2k/original-probe /Users/lordcasser/workspace/projects/jarde/openspec/evidence/raw-receiver-field-selection-2026-10-09/source/ReceiverProbe.java
jdk8/no-debug/RawOwnerChild/original-run	0	/Library/Java/JavaVirtualMachines/corretto-1.8.0_432/Contents/Home/bin/java -Xverify:all -cp /var/folders/gm/lzn3ylzx4lz7mx29lftngdz40000gn/T/jarde-raw-receiver-replay-_b2s0y2k/original:/var/folders/gm/lzn3ylzx4lz7mx29lftngdz40000gn/T/jarde-raw-receiver-replay-_b2s0y2k/original-probe ReceiverProbe RawOwnerChild
jdk8/no-debug/RawOwnerChild/jarde-RawOwnerChild	0	/private/tmp/jarde-raw-receiver-final-v3-cli class-source --input /Users/lordcasser/workspace/projects/jarde/openspec/evidence/raw-receiver-field-selection-2026-10-09/jdk8/no-debug/input/RawOwnerChild.jar --class RawOwnerChild --policy plain-jar --release 8 --format text
jdk8/no-debug/RawOwnerChild/jarde-RawOwnerChild-source-header	0	nonempty self-describing source
jdk8/no-debug/RawOwnerChild/jarde-RawOwnerBase	0	/private/tmp/jarde-raw-receiver-final-v3-cli class-source --input /Users/lordcasser/workspace/projects/jarde/openspec/evidence/raw-receiver-field-selection-2026-10-09/jdk8/no-debug/input/RawOwnerChild.jar --class RawOwnerBase --policy plain-jar --release 8 --format text
jdk8/no-debug/RawOwnerChild/jarde-RawOwnerBase-source-header	0	nonempty self-describing source
jdk8/no-debug/RawOwnerChild/jarde-javac	0	/Library/Java/JavaVirtualMachines/corretto-1.8.0_432/Contents/Home/bin/javac -source 8 -target 8 -g:none -classpath /var/folders/gm/lzn3ylzx4lz7mx29lftngdz40000gn/T/jarde-raw-receiver-replay-_b2s0y2k/empty-classpath -sourcepath /var/folders/gm/lzn3ylzx4lz7mx29lftngdz40000gn/T/jarde-raw-receiver-replay-_b2s0y2k/empty-sourcepath -d /var/folders/gm/lzn3ylzx4lz7mx29lftngdz40000gn/T/jarde-raw-receiver-replay-_b2s0y2k/jarde-classes /Users/lordcasser/workspace/projects/jarde/openspec/changes/recover-same-class-generic-call-consumers/results/candidate/gc09-raw-64-baseline-v1/jdk8/no-debug/jarde/RawOwnerChild.java /Users/lordcasser/workspace/projects/jarde/openspec/changes/recover-same-class-generic-call-consumers/results/candidate/gc09-raw-64-baseline-v1/jdk8/no-debug/jarde/RawOwnerBase.java /Users/lordcasser/workspace/projects/jarde/openspec/evidence/raw-receiver-field-selection-2026-10-09/source/ReceiverProbe.java
jdk8/no-debug/RawOwnerChild/jarde-verify-run	0	/Library/Java/JavaVirtualMachines/corretto-1.8.0_432/Contents/Home/bin/java -Xverify:all -cp /var/folders/gm/lzn3ylzx4lz7mx29lftngdz40000gn/T/jarde-raw-receiver-replay-_b2s0y2k/jarde-classes ReceiverProbe RawOwnerChild
jdk8/no-debug/RawOwnerChild/jadx	0	/Users/lordcasser/workspace/testzone/jadx/jadx-cli/build/install/jadx/bin/jadx --no-res -d /Users/lordcasser/workspace/projects/jarde/openspec/changes/recover-same-class-generic-call-consumers/results/candidate/gc09-raw-64-baseline-v1/jdk8/no-debug/jadx/RawOwnerChild /Users/lordcasser/workspace/projects/jarde/openspec/evidence/raw-receiver-field-selection-2026-10-09/jdk8/no-debug/input/RawOwnerChild.jar
jdk8/no-debug/RawOwnerChild/jadx-source-header	0	nonempty class source
jdk8/no-debug/RawOwnerChild/jadx-javac	0	/Library/Java/JavaVirtualMachines/corretto-1.8.0_432/Contents/Home/bin/javac -source 8 -target 8 -g:none -classpath /var/folders/gm/lzn3ylzx4lz7mx29lftngdz40000gn/T/jarde-raw-receiver-replay-_b2s0y2k/empty-classpath -sourcepath /var/folders/gm/lzn3ylzx4lz7mx29lftngdz40000gn/T/jarde-raw-receiver-replay-_b2s0y2k/empty-sourcepath -d /var/folders/gm/lzn3ylzx4lz7mx29lftngdz40000gn/T/jarde-raw-receiver-replay-_b2s0y2k/jadx-classes /Users/lordcasser/workspace/projects/jarde/openspec/changes/recover-same-class-generic-call-consumers/results/candidate/gc09-raw-64-baseline-v1/jdk8/no-debug/jadx/RawOwnerChild/sources/defpackage/RawOwnerBase.java /Users/lordcasser/workspace/projects/jarde/openspec/changes/recover-same-class-generic-call-consumers/results/candidate/gc09-raw-64-baseline-v1/jdk8/no-debug/jadx/RawOwnerChild/sources/defpackage/RawOwnerChild.java /Users/lordcasser/workspace/projects/jarde/openspec/evidence/raw-receiver-field-selection-2026-10-09/source/ReceiverProbe.java
jdk8/no-debug/RawOwnerChild/jadx-verify-run	0	/Library/Java/JavaVirtualMachines/corretto-1.8.0_432/Contents/Home/bin/java -Xverify:all -cp /var/folders/gm/lzn3ylzx4lz7mx29lftngdz40000gn/T/jarde-raw-receiver-replay-_b2s0y2k/jadx-classes ReceiverProbe defpackage.RawOwnerChild
jdk23/versions/java	0	/Library/Java/JavaVirtualMachines/openjdk-23.0.1/Contents/Home/bin/java -version
jdk23/versions/javac	0	/Library/Java/JavaVirtualMachines/openjdk-23.0.1/Contents/Home/bin/javac -version
jdk23/debug/RawParam/jar-contents	0	/Library/Java/JavaVirtualMachines/openjdk-23.0.1/Contents/Home/bin/jar tf /Users/lordcasser/workspace/projects/jarde/openspec/evidence/raw-receiver-field-selection-2026-10-09/jdk23/debug/input/RawParam.jar
jdk23/debug/RawParam/original-javac	0	/Library/Java/JavaVirtualMachines/openjdk-23.0.1/Contents/Home/bin/javac --release 8 -g -classpath /var/folders/gm/lzn3ylzx4lz7mx29lftngdz40000gn/T/jarde-raw-receiver-replay-3p9mayol/empty-classpath -sourcepath /var/folders/gm/lzn3ylzx4lz7mx29lftngdz40000gn/T/jarde-raw-receiver-replay-3p9mayol/empty-sourcepath -d /var/folders/gm/lzn3ylzx4lz7mx29lftngdz40000gn/T/jarde-raw-receiver-replay-3p9mayol/original /Users/lordcasser/workspace/projects/jarde/openspec/evidence/raw-receiver-field-selection-2026-10-09/source/RawParam.java
jdk23/debug/RawParam/javap	0	/Library/Java/JavaVirtualMachines/openjdk-23.0.1/Contents/Home/bin/javap -p -c -s -v -classpath /Users/lordcasser/workspace/projects/jarde/openspec/evidence/raw-receiver-field-selection-2026-10-09/jdk23/debug/input/RawParam.jar RawParam
jdk23/debug/RawParam/original-probe-javac	0	/Library/Java/JavaVirtualMachines/openjdk-23.0.1/Contents/Home/bin/javac --release 8 -g -classpath /var/folders/gm/lzn3ylzx4lz7mx29lftngdz40000gn/T/jarde-raw-receiver-replay-3p9mayol/empty-classpath -sourcepath /var/folders/gm/lzn3ylzx4lz7mx29lftngdz40000gn/T/jarde-raw-receiver-replay-3p9mayol/empty-sourcepath -d /var/folders/gm/lzn3ylzx4lz7mx29lftngdz40000gn/T/jarde-raw-receiver-replay-3p9mayol/original-probe /Users/lordcasser/workspace/projects/jarde/openspec/evidence/raw-receiver-field-selection-2026-10-09/source/ReceiverProbe.java
jdk23/debug/RawParam/original-run	0	/Library/Java/JavaVirtualMachines/openjdk-23.0.1/Contents/Home/bin/java -Xverify:all -cp /var/folders/gm/lzn3ylzx4lz7mx29lftngdz40000gn/T/jarde-raw-receiver-replay-3p9mayol/original:/var/folders/gm/lzn3ylzx4lz7mx29lftngdz40000gn/T/jarde-raw-receiver-replay-3p9mayol/original-probe ReceiverProbe RawParam
jdk23/debug/RawParam/jarde-RawParam	0	/private/tmp/jarde-raw-receiver-final-v3-cli class-source --input /Users/lordcasser/workspace/projects/jarde/openspec/evidence/raw-receiver-field-selection-2026-10-09/jdk23/debug/input/RawParam.jar --class RawParam --policy plain-jar --release 8 --format text
jdk23/debug/RawParam/jarde-RawParam-source-header	0	nonempty self-describing source
jdk23/debug/RawParam/jarde-javac	0	/Library/Java/JavaVirtualMachines/openjdk-23.0.1/Contents/Home/bin/javac --release 8 -g -classpath /var/folders/gm/lzn3ylzx4lz7mx29lftngdz40000gn/T/jarde-raw-receiver-replay-3p9mayol/empty-classpath -sourcepath /var/folders/gm/lzn3ylzx4lz7mx29lftngdz40000gn/T/jarde-raw-receiver-replay-3p9mayol/empty-sourcepath -d /var/folders/gm/lzn3ylzx4lz7mx29lftngdz40000gn/T/jarde-raw-receiver-replay-3p9mayol/jarde-classes /Users/lordcasser/workspace/projects/jarde/openspec/changes/recover-same-class-generic-call-consumers/results/candidate/gc09-raw-64-baseline-v1/jdk23/debug/jarde/RawParam.java /Users/lordcasser/workspace/projects/jarde/openspec/evidence/raw-receiver-field-selection-2026-10-09/source/ReceiverProbe.java
jdk23/debug/RawParam/jarde-verify-run	0	/Library/Java/JavaVirtualMachines/openjdk-23.0.1/Contents/Home/bin/java -Xverify:all -cp /var/folders/gm/lzn3ylzx4lz7mx29lftngdz40000gn/T/jarde-raw-receiver-replay-3p9mayol/jarde-classes ReceiverProbe RawParam
jdk23/debug/RawParam/jadx	0	/Users/lordcasser/workspace/testzone/jadx/jadx-cli/build/install/jadx/bin/jadx --no-res --single-class RawParam -d /Users/lordcasser/workspace/projects/jarde/openspec/changes/recover-same-class-generic-call-consumers/results/candidate/gc09-raw-64-baseline-v1/jdk23/debug/jadx/RawParam /Users/lordcasser/workspace/projects/jarde/openspec/evidence/raw-receiver-field-selection-2026-10-09/jdk23/debug/input/RawParam.jar
jdk23/debug/RawParam/jadx-source-header	0	nonempty class source
jdk23/debug/RawParam/jadx-javac	0	/Library/Java/JavaVirtualMachines/openjdk-23.0.1/Contents/Home/bin/javac --release 8 -g -classpath /var/folders/gm/lzn3ylzx4lz7mx29lftngdz40000gn/T/jarde-raw-receiver-replay-3p9mayol/empty-classpath -sourcepath /var/folders/gm/lzn3ylzx4lz7mx29lftngdz40000gn/T/jarde-raw-receiver-replay-3p9mayol/empty-sourcepath -d /var/folders/gm/lzn3ylzx4lz7mx29lftngdz40000gn/T/jarde-raw-receiver-replay-3p9mayol/jadx-classes /Users/lordcasser/workspace/projects/jarde/openspec/changes/recover-same-class-generic-call-consumers/results/candidate/gc09-raw-64-baseline-v1/jdk23/debug/jadx/RawParam/sources/defpackage/RawParam.java /Users/lordcasser/workspace/projects/jarde/openspec/evidence/raw-receiver-field-selection-2026-10-09/source/ReceiverProbe.java
jdk23/debug/RawParam/jadx-verify-run	0	/Library/Java/JavaVirtualMachines/openjdk-23.0.1/Contents/Home/bin/java -Xverify:all -cp /var/folders/gm/lzn3ylzx4lz7mx29lftngdz40000gn/T/jarde-raw-receiver-replay-3p9mayol/jadx-classes ReceiverProbe defpackage.RawParam
jdk23/no-debug/RawParam/jar-contents	0	/Library/Java/JavaVirtualMachines/openjdk-23.0.1/Contents/Home/bin/jar tf /Users/lordcasser/workspace/projects/jarde/openspec/evidence/raw-receiver-field-selection-2026-10-09/jdk23/no-debug/input/RawParam.jar
jdk23/no-debug/RawParam/original-javac	0	/Library/Java/JavaVirtualMachines/openjdk-23.0.1/Contents/Home/bin/javac --release 8 -g:none -classpath /var/folders/gm/lzn3ylzx4lz7mx29lftngdz40000gn/T/jarde-raw-receiver-replay-z2ov2jxf/empty-classpath -sourcepath /var/folders/gm/lzn3ylzx4lz7mx29lftngdz40000gn/T/jarde-raw-receiver-replay-z2ov2jxf/empty-sourcepath -d /var/folders/gm/lzn3ylzx4lz7mx29lftngdz40000gn/T/jarde-raw-receiver-replay-z2ov2jxf/original /Users/lordcasser/workspace/projects/jarde/openspec/evidence/raw-receiver-field-selection-2026-10-09/source/RawParam.java
jdk23/no-debug/RawParam/javap	0	/Library/Java/JavaVirtualMachines/openjdk-23.0.1/Contents/Home/bin/javap -p -c -s -v -classpath /Users/lordcasser/workspace/projects/jarde/openspec/evidence/raw-receiver-field-selection-2026-10-09/jdk23/no-debug/input/RawParam.jar RawParam
jdk23/no-debug/RawParam/original-probe-javac	0	/Library/Java/JavaVirtualMachines/openjdk-23.0.1/Contents/Home/bin/javac --release 8 -g:none -classpath /var/folders/gm/lzn3ylzx4lz7mx29lftngdz40000gn/T/jarde-raw-receiver-replay-z2ov2jxf/empty-classpath -sourcepath /var/folders/gm/lzn3ylzx4lz7mx29lftngdz40000gn/T/jarde-raw-receiver-replay-z2ov2jxf/empty-sourcepath -d /var/folders/gm/lzn3ylzx4lz7mx29lftngdz40000gn/T/jarde-raw-receiver-replay-z2ov2jxf/original-probe /Users/lordcasser/workspace/projects/jarde/openspec/evidence/raw-receiver-field-selection-2026-10-09/source/ReceiverProbe.java
jdk23/no-debug/RawParam/original-run	0	/Library/Java/JavaVirtualMachines/openjdk-23.0.1/Contents/Home/bin/java -Xverify:all -cp /var/folders/gm/lzn3ylzx4lz7mx29lftngdz40000gn/T/jarde-raw-receiver-replay-z2ov2jxf/original:/var/folders/gm/lzn3ylzx4lz7mx29lftngdz40000gn/T/jarde-raw-receiver-replay-z2ov2jxf/original-probe ReceiverProbe RawParam
jdk23/no-debug/RawParam/jarde-RawParam	0	/private/tmp/jarde-raw-receiver-final-v3-cli class-source --input /Users/lordcasser/workspace/projects/jarde/openspec/evidence/raw-receiver-field-selection-2026-10-09/jdk23/no-debug/input/RawParam.jar --class RawParam --policy plain-jar --release 8 --format text
jdk23/no-debug/RawParam/jarde-RawParam-source-header	0	nonempty self-describing source
jdk23/no-debug/RawParam/jarde-javac	0	/Library/Java/JavaVirtualMachines/openjdk-23.0.1/Contents/Home/bin/javac --release 8 -g:none -classpath /var/folders/gm/lzn3ylzx4lz7mx29lftngdz40000gn/T/jarde-raw-receiver-replay-z2ov2jxf/empty-classpath -sourcepath /var/folders/gm/lzn3ylzx4lz7mx29lftngdz40000gn/T/jarde-raw-receiver-replay-z2ov2jxf/empty-sourcepath -d /var/folders/gm/lzn3ylzx4lz7mx29lftngdz40000gn/T/jarde-raw-receiver-replay-z2ov2jxf/jarde-classes /Users/lordcasser/workspace/projects/jarde/openspec/changes/recover-same-class-generic-call-consumers/results/candidate/gc09-raw-64-baseline-v1/jdk23/no-debug/jarde/RawParam.java /Users/lordcasser/workspace/projects/jarde/openspec/evidence/raw-receiver-field-selection-2026-10-09/source/ReceiverProbe.java
jdk23/no-debug/RawParam/jarde-verify-run	0	/Library/Java/JavaVirtualMachines/openjdk-23.0.1/Contents/Home/bin/java -Xverify:all -cp /var/folders/gm/lzn3ylzx4lz7mx29lftngdz40000gn/T/jarde-raw-receiver-replay-z2ov2jxf/jarde-classes ReceiverProbe RawParam
jdk23/no-debug/RawParam/jadx	0	/Users/lordcasser/workspace/testzone/jadx/jadx-cli/build/install/jadx/bin/jadx --no-res --single-class RawParam -d /Users/lordcasser/workspace/projects/jarde/openspec/changes/recover-same-class-generic-call-consumers/results/candidate/gc09-raw-64-baseline-v1/jdk23/no-debug/jadx/RawParam /Users/lordcasser/workspace/projects/jarde/openspec/evidence/raw-receiver-field-selection-2026-10-09/jdk23/no-debug/input/RawParam.jar
jdk23/no-debug/RawParam/jadx-source-header	0	nonempty class source
jdk23/no-debug/RawParam/jadx-javac	0	/Library/Java/JavaVirtualMachines/openjdk-23.0.1/Contents/Home/bin/javac --release 8 -g:none -classpath /var/folders/gm/lzn3ylzx4lz7mx29lftngdz40000gn/T/jarde-raw-receiver-replay-z2ov2jxf/empty-classpath -sourcepath /var/folders/gm/lzn3ylzx4lz7mx29lftngdz40000gn/T/jarde-raw-receiver-replay-z2ov2jxf/empty-sourcepath -d /var/folders/gm/lzn3ylzx4lz7mx29lftngdz40000gn/T/jarde-raw-receiver-replay-z2ov2jxf/jadx-classes /Users/lordcasser/workspace/projects/jarde/openspec/changes/recover-same-class-generic-call-consumers/results/candidate/gc09-raw-64-baseline-v1/jdk23/no-debug/jadx/RawParam/sources/defpackage/RawParam.java /Users/lordcasser/workspace/projects/jarde/openspec/evidence/raw-receiver-field-selection-2026-10-09/source/ReceiverProbe.java
jdk23/no-debug/RawParam/jadx-verify-run	0	/Library/Java/JavaVirtualMachines/openjdk-23.0.1/Contents/Home/bin/java -Xverify:all -cp /var/folders/gm/lzn3ylzx4lz7mx29lftngdz40000gn/T/jarde-raw-receiver-replay-z2ov2jxf/jadx-classes ReceiverProbe defpackage.RawParam
jdk23/debug/StaticRawLocal/jar-contents	0	/Library/Java/JavaVirtualMachines/openjdk-23.0.1/Contents/Home/bin/jar tf /Users/lordcasser/workspace/projects/jarde/openspec/evidence/raw-receiver-field-selection-2026-10-09/jdk23/debug/input/StaticRawLocal.jar
jdk23/debug/StaticRawLocal/original-javac	0	/Library/Java/JavaVirtualMachines/openjdk-23.0.1/Contents/Home/bin/javac --release 8 -g -classpath /var/folders/gm/lzn3ylzx4lz7mx29lftngdz40000gn/T/jarde-raw-receiver-replay-z3pr07rl/empty-classpath -sourcepath /var/folders/gm/lzn3ylzx4lz7mx29lftngdz40000gn/T/jarde-raw-receiver-replay-z3pr07rl/empty-sourcepath -d /var/folders/gm/lzn3ylzx4lz7mx29lftngdz40000gn/T/jarde-raw-receiver-replay-z3pr07rl/original /Users/lordcasser/workspace/projects/jarde/openspec/evidence/raw-receiver-field-selection-2026-10-09/source/StaticRawLocal.java
jdk23/debug/StaticRawLocal/javap	0	/Library/Java/JavaVirtualMachines/openjdk-23.0.1/Contents/Home/bin/javap -p -c -s -v -classpath /Users/lordcasser/workspace/projects/jarde/openspec/evidence/raw-receiver-field-selection-2026-10-09/jdk23/debug/input/StaticRawLocal.jar StaticRawLocal
jdk23/debug/StaticRawLocal/original-probe-javac	0	/Library/Java/JavaVirtualMachines/openjdk-23.0.1/Contents/Home/bin/javac --release 8 -g -classpath /var/folders/gm/lzn3ylzx4lz7mx29lftngdz40000gn/T/jarde-raw-receiver-replay-z3pr07rl/empty-classpath -sourcepath /var/folders/gm/lzn3ylzx4lz7mx29lftngdz40000gn/T/jarde-raw-receiver-replay-z3pr07rl/empty-sourcepath -d /var/folders/gm/lzn3ylzx4lz7mx29lftngdz40000gn/T/jarde-raw-receiver-replay-z3pr07rl/original-probe /Users/lordcasser/workspace/projects/jarde/openspec/evidence/raw-receiver-field-selection-2026-10-09/source/ReceiverProbe.java
jdk23/debug/StaticRawLocal/original-run	0	/Library/Java/JavaVirtualMachines/openjdk-23.0.1/Contents/Home/bin/java -Xverify:all -cp /var/folders/gm/lzn3ylzx4lz7mx29lftngdz40000gn/T/jarde-raw-receiver-replay-z3pr07rl/original:/var/folders/gm/lzn3ylzx4lz7mx29lftngdz40000gn/T/jarde-raw-receiver-replay-z3pr07rl/original-probe ReceiverProbe StaticRawLocal
jdk23/debug/StaticRawLocal/jarde-StaticRawLocal	0	/private/tmp/jarde-raw-receiver-final-v3-cli class-source --input /Users/lordcasser/workspace/projects/jarde/openspec/evidence/raw-receiver-field-selection-2026-10-09/jdk23/debug/input/StaticRawLocal.jar --class StaticRawLocal --policy plain-jar --release 8 --format text
jdk23/debug/StaticRawLocal/jarde-StaticRawLocal-source-header	0	nonempty self-describing source
jdk23/debug/StaticRawLocal/jarde-javac	0	/Library/Java/JavaVirtualMachines/openjdk-23.0.1/Contents/Home/bin/javac --release 8 -g -classpath /var/folders/gm/lzn3ylzx4lz7mx29lftngdz40000gn/T/jarde-raw-receiver-replay-z3pr07rl/empty-classpath -sourcepath /var/folders/gm/lzn3ylzx4lz7mx29lftngdz40000gn/T/jarde-raw-receiver-replay-z3pr07rl/empty-sourcepath -d /var/folders/gm/lzn3ylzx4lz7mx29lftngdz40000gn/T/jarde-raw-receiver-replay-z3pr07rl/jarde-classes /Users/lordcasser/workspace/projects/jarde/openspec/changes/recover-same-class-generic-call-consumers/results/candidate/gc09-raw-64-baseline-v1/jdk23/debug/jarde/StaticRawLocal.java /Users/lordcasser/workspace/projects/jarde/openspec/evidence/raw-receiver-field-selection-2026-10-09/source/ReceiverProbe.java
jdk23/debug/StaticRawLocal/jarde-verify-run	0	/Library/Java/JavaVirtualMachines/openjdk-23.0.1/Contents/Home/bin/java -Xverify:all -cp /var/folders/gm/lzn3ylzx4lz7mx29lftngdz40000gn/T/jarde-raw-receiver-replay-z3pr07rl/jarde-classes ReceiverProbe StaticRawLocal
jdk23/debug/StaticRawLocal/jadx	0	/Users/lordcasser/workspace/testzone/jadx/jadx-cli/build/install/jadx/bin/jadx --no-res --single-class StaticRawLocal -d /Users/lordcasser/workspace/projects/jarde/openspec/changes/recover-same-class-generic-call-consumers/results/candidate/gc09-raw-64-baseline-v1/jdk23/debug/jadx/StaticRawLocal /Users/lordcasser/workspace/projects/jarde/openspec/evidence/raw-receiver-field-selection-2026-10-09/jdk23/debug/input/StaticRawLocal.jar
jdk23/debug/StaticRawLocal/jadx-source-header	0	nonempty class source
jdk23/debug/StaticRawLocal/jadx-javac	0	/Library/Java/JavaVirtualMachines/openjdk-23.0.1/Contents/Home/bin/javac --release 8 -g -classpath /var/folders/gm/lzn3ylzx4lz7mx29lftngdz40000gn/T/jarde-raw-receiver-replay-z3pr07rl/empty-classpath -sourcepath /var/folders/gm/lzn3ylzx4lz7mx29lftngdz40000gn/T/jarde-raw-receiver-replay-z3pr07rl/empty-sourcepath -d /var/folders/gm/lzn3ylzx4lz7mx29lftngdz40000gn/T/jarde-raw-receiver-replay-z3pr07rl/jadx-classes /Users/lordcasser/workspace/projects/jarde/openspec/changes/recover-same-class-generic-call-consumers/results/candidate/gc09-raw-64-baseline-v1/jdk23/debug/jadx/StaticRawLocal/sources/defpackage/StaticRawLocal.java /Users/lordcasser/workspace/projects/jarde/openspec/evidence/raw-receiver-field-selection-2026-10-09/source/ReceiverProbe.java
jdk23/debug/StaticRawLocal/jadx-verify-run	0	/Library/Java/JavaVirtualMachines/openjdk-23.0.1/Contents/Home/bin/java -Xverify:all -cp /var/folders/gm/lzn3ylzx4lz7mx29lftngdz40000gn/T/jarde-raw-receiver-replay-z3pr07rl/jadx-classes ReceiverProbe defpackage.StaticRawLocal
jdk23/no-debug/StaticRawLocal/jar-contents	0	/Library/Java/JavaVirtualMachines/openjdk-23.0.1/Contents/Home/bin/jar tf /Users/lordcasser/workspace/projects/jarde/openspec/evidence/raw-receiver-field-selection-2026-10-09/jdk23/no-debug/input/StaticRawLocal.jar
jdk23/no-debug/StaticRawLocal/original-javac	0	/Library/Java/JavaVirtualMachines/openjdk-23.0.1/Contents/Home/bin/javac --release 8 -g:none -classpath /var/folders/gm/lzn3ylzx4lz7mx29lftngdz40000gn/T/jarde-raw-receiver-replay-rxkxf996/empty-classpath -sourcepath /var/folders/gm/lzn3ylzx4lz7mx29lftngdz40000gn/T/jarde-raw-receiver-replay-rxkxf996/empty-sourcepath -d /var/folders/gm/lzn3ylzx4lz7mx29lftngdz40000gn/T/jarde-raw-receiver-replay-rxkxf996/original /Users/lordcasser/workspace/projects/jarde/openspec/evidence/raw-receiver-field-selection-2026-10-09/source/StaticRawLocal.java
jdk23/no-debug/StaticRawLocal/javap	0	/Library/Java/JavaVirtualMachines/openjdk-23.0.1/Contents/Home/bin/javap -p -c -s -v -classpath /Users/lordcasser/workspace/projects/jarde/openspec/evidence/raw-receiver-field-selection-2026-10-09/jdk23/no-debug/input/StaticRawLocal.jar StaticRawLocal
jdk23/no-debug/StaticRawLocal/original-probe-javac	0	/Library/Java/JavaVirtualMachines/openjdk-23.0.1/Contents/Home/bin/javac --release 8 -g:none -classpath /var/folders/gm/lzn3ylzx4lz7mx29lftngdz40000gn/T/jarde-raw-receiver-replay-rxkxf996/empty-classpath -sourcepath /var/folders/gm/lzn3ylzx4lz7mx29lftngdz40000gn/T/jarde-raw-receiver-replay-rxkxf996/empty-sourcepath -d /var/folders/gm/lzn3ylzx4lz7mx29lftngdz40000gn/T/jarde-raw-receiver-replay-rxkxf996/original-probe /Users/lordcasser/workspace/projects/jarde/openspec/evidence/raw-receiver-field-selection-2026-10-09/source/ReceiverProbe.java
jdk23/no-debug/StaticRawLocal/original-run	0	/Library/Java/JavaVirtualMachines/openjdk-23.0.1/Contents/Home/bin/java -Xverify:all -cp /var/folders/gm/lzn3ylzx4lz7mx29lftngdz40000gn/T/jarde-raw-receiver-replay-rxkxf996/original:/var/folders/gm/lzn3ylzx4lz7mx29lftngdz40000gn/T/jarde-raw-receiver-replay-rxkxf996/original-probe ReceiverProbe StaticRawLocal
jdk23/no-debug/StaticRawLocal/jarde-StaticRawLocal	0	/private/tmp/jarde-raw-receiver-final-v3-cli class-source --input /Users/lordcasser/workspace/projects/jarde/openspec/evidence/raw-receiver-field-selection-2026-10-09/jdk23/no-debug/input/StaticRawLocal.jar --class StaticRawLocal --policy plain-jar --release 8 --format text
jdk23/no-debug/StaticRawLocal/jarde-StaticRawLocal-source-header	0	nonempty self-describing source
jdk23/no-debug/StaticRawLocal/jarde-javac	0	/Library/Java/JavaVirtualMachines/openjdk-23.0.1/Contents/Home/bin/javac --release 8 -g:none -classpath /var/folders/gm/lzn3ylzx4lz7mx29lftngdz40000gn/T/jarde-raw-receiver-replay-rxkxf996/empty-classpath -sourcepath /var/folders/gm/lzn3ylzx4lz7mx29lftngdz40000gn/T/jarde-raw-receiver-replay-rxkxf996/empty-sourcepath -d /var/folders/gm/lzn3ylzx4lz7mx29lftngdz40000gn/T/jarde-raw-receiver-replay-rxkxf996/jarde-classes /Users/lordcasser/workspace/projects/jarde/openspec/changes/recover-same-class-generic-call-consumers/results/candidate/gc09-raw-64-baseline-v1/jdk23/no-debug/jarde/StaticRawLocal.java /Users/lordcasser/workspace/projects/jarde/openspec/evidence/raw-receiver-field-selection-2026-10-09/source/ReceiverProbe.java
jdk23/no-debug/StaticRawLocal/jarde-verify-run	0	/Library/Java/JavaVirtualMachines/openjdk-23.0.1/Contents/Home/bin/java -Xverify:all -cp /var/folders/gm/lzn3ylzx4lz7mx29lftngdz40000gn/T/jarde-raw-receiver-replay-rxkxf996/jarde-classes ReceiverProbe StaticRawLocal
jdk23/no-debug/StaticRawLocal/jadx	0	/Users/lordcasser/workspace/testzone/jadx/jadx-cli/build/install/jadx/bin/jadx --no-res --single-class StaticRawLocal -d /Users/lordcasser/workspace/projects/jarde/openspec/changes/recover-same-class-generic-call-consumers/results/candidate/gc09-raw-64-baseline-v1/jdk23/no-debug/jadx/StaticRawLocal /Users/lordcasser/workspace/projects/jarde/openspec/evidence/raw-receiver-field-selection-2026-10-09/jdk23/no-debug/input/StaticRawLocal.jar
jdk23/no-debug/StaticRawLocal/jadx-source-header	0	nonempty class source
jdk23/no-debug/StaticRawLocal/jadx-javac	0	/Library/Java/JavaVirtualMachines/openjdk-23.0.1/Contents/Home/bin/javac --release 8 -g:none -classpath /var/folders/gm/lzn3ylzx4lz7mx29lftngdz40000gn/T/jarde-raw-receiver-replay-rxkxf996/empty-classpath -sourcepath /var/folders/gm/lzn3ylzx4lz7mx29lftngdz40000gn/T/jarde-raw-receiver-replay-rxkxf996/empty-sourcepath -d /var/folders/gm/lzn3ylzx4lz7mx29lftngdz40000gn/T/jarde-raw-receiver-replay-rxkxf996/jadx-classes /Users/lordcasser/workspace/projects/jarde/openspec/changes/recover-same-class-generic-call-consumers/results/candidate/gc09-raw-64-baseline-v1/jdk23/no-debug/jadx/StaticRawLocal/sources/defpackage/StaticRawLocal.java /Users/lordcasser/workspace/projects/jarde/openspec/evidence/raw-receiver-field-selection-2026-10-09/source/ReceiverProbe.java
jdk23/no-debug/StaticRawLocal/jadx-verify-run	0	/Library/Java/JavaVirtualMachines/openjdk-23.0.1/Contents/Home/bin/java -Xverify:all -cp /var/folders/gm/lzn3ylzx4lz7mx29lftngdz40000gn/T/jarde-raw-receiver-replay-rxkxf996/jadx-classes ReceiverProbe defpackage.StaticRawLocal
jdk23/debug/InstanceRawLocal/jar-contents	0	/Library/Java/JavaVirtualMachines/openjdk-23.0.1/Contents/Home/bin/jar tf /Users/lordcasser/workspace/projects/jarde/openspec/evidence/raw-receiver-field-selection-2026-10-09/jdk23/debug/input/InstanceRawLocal.jar
jdk23/debug/InstanceRawLocal/original-javac	0	/Library/Java/JavaVirtualMachines/openjdk-23.0.1/Contents/Home/bin/javac --release 8 -g -classpath /var/folders/gm/lzn3ylzx4lz7mx29lftngdz40000gn/T/jarde-raw-receiver-replay-ng2_arwn/empty-classpath -sourcepath /var/folders/gm/lzn3ylzx4lz7mx29lftngdz40000gn/T/jarde-raw-receiver-replay-ng2_arwn/empty-sourcepath -d /var/folders/gm/lzn3ylzx4lz7mx29lftngdz40000gn/T/jarde-raw-receiver-replay-ng2_arwn/original /Users/lordcasser/workspace/projects/jarde/openspec/evidence/raw-receiver-field-selection-2026-10-09/source/InstanceRawLocal.java
jdk23/debug/InstanceRawLocal/javap	0	/Library/Java/JavaVirtualMachines/openjdk-23.0.1/Contents/Home/bin/javap -p -c -s -v -classpath /Users/lordcasser/workspace/projects/jarde/openspec/evidence/raw-receiver-field-selection-2026-10-09/jdk23/debug/input/InstanceRawLocal.jar InstanceRawLocal
jdk23/debug/InstanceRawLocal/original-probe-javac	0	/Library/Java/JavaVirtualMachines/openjdk-23.0.1/Contents/Home/bin/javac --release 8 -g -classpath /var/folders/gm/lzn3ylzx4lz7mx29lftngdz40000gn/T/jarde-raw-receiver-replay-ng2_arwn/empty-classpath -sourcepath /var/folders/gm/lzn3ylzx4lz7mx29lftngdz40000gn/T/jarde-raw-receiver-replay-ng2_arwn/empty-sourcepath -d /var/folders/gm/lzn3ylzx4lz7mx29lftngdz40000gn/T/jarde-raw-receiver-replay-ng2_arwn/original-probe /Users/lordcasser/workspace/projects/jarde/openspec/evidence/raw-receiver-field-selection-2026-10-09/source/ReceiverProbe.java
jdk23/debug/InstanceRawLocal/original-run	0	/Library/Java/JavaVirtualMachines/openjdk-23.0.1/Contents/Home/bin/java -Xverify:all -cp /var/folders/gm/lzn3ylzx4lz7mx29lftngdz40000gn/T/jarde-raw-receiver-replay-ng2_arwn/original:/var/folders/gm/lzn3ylzx4lz7mx29lftngdz40000gn/T/jarde-raw-receiver-replay-ng2_arwn/original-probe ReceiverProbe InstanceRawLocal
jdk23/debug/InstanceRawLocal/jarde-InstanceRawLocal	0	/private/tmp/jarde-raw-receiver-final-v3-cli class-source --input /Users/lordcasser/workspace/projects/jarde/openspec/evidence/raw-receiver-field-selection-2026-10-09/jdk23/debug/input/InstanceRawLocal.jar --class InstanceRawLocal --policy plain-jar --release 8 --format text
jdk23/debug/InstanceRawLocal/jarde-InstanceRawLocal-source-header	0	nonempty self-describing source
jdk23/debug/InstanceRawLocal/jarde-javac	0	/Library/Java/JavaVirtualMachines/openjdk-23.0.1/Contents/Home/bin/javac --release 8 -g -classpath /var/folders/gm/lzn3ylzx4lz7mx29lftngdz40000gn/T/jarde-raw-receiver-replay-ng2_arwn/empty-classpath -sourcepath /var/folders/gm/lzn3ylzx4lz7mx29lftngdz40000gn/T/jarde-raw-receiver-replay-ng2_arwn/empty-sourcepath -d /var/folders/gm/lzn3ylzx4lz7mx29lftngdz40000gn/T/jarde-raw-receiver-replay-ng2_arwn/jarde-classes /Users/lordcasser/workspace/projects/jarde/openspec/changes/recover-same-class-generic-call-consumers/results/candidate/gc09-raw-64-baseline-v1/jdk23/debug/jarde/InstanceRawLocal.java /Users/lordcasser/workspace/projects/jarde/openspec/evidence/raw-receiver-field-selection-2026-10-09/source/ReceiverProbe.java
jdk23/debug/InstanceRawLocal/jarde-verify-run	0	/Library/Java/JavaVirtualMachines/openjdk-23.0.1/Contents/Home/bin/java -Xverify:all -cp /var/folders/gm/lzn3ylzx4lz7mx29lftngdz40000gn/T/jarde-raw-receiver-replay-ng2_arwn/jarde-classes ReceiverProbe InstanceRawLocal
jdk23/debug/InstanceRawLocal/jadx	0	/Users/lordcasser/workspace/testzone/jadx/jadx-cli/build/install/jadx/bin/jadx --no-res --single-class InstanceRawLocal -d /Users/lordcasser/workspace/projects/jarde/openspec/changes/recover-same-class-generic-call-consumers/results/candidate/gc09-raw-64-baseline-v1/jdk23/debug/jadx/InstanceRawLocal /Users/lordcasser/workspace/projects/jarde/openspec/evidence/raw-receiver-field-selection-2026-10-09/jdk23/debug/input/InstanceRawLocal.jar
jdk23/debug/InstanceRawLocal/jadx-source-header	0	nonempty class source
jdk23/debug/InstanceRawLocal/jadx-javac	1	/Library/Java/JavaVirtualMachines/openjdk-23.0.1/Contents/Home/bin/javac --release 8 -g -classpath /var/folders/gm/lzn3ylzx4lz7mx29lftngdz40000gn/T/jarde-raw-receiver-replay-ng2_arwn/empty-classpath -sourcepath /var/folders/gm/lzn3ylzx4lz7mx29lftngdz40000gn/T/jarde-raw-receiver-replay-ng2_arwn/empty-sourcepath -d /var/folders/gm/lzn3ylzx4lz7mx29lftngdz40000gn/T/jarde-raw-receiver-replay-ng2_arwn/jadx-classes /Users/lordcasser/workspace/projects/jarde/openspec/changes/recover-same-class-generic-call-consumers/results/candidate/gc09-raw-64-baseline-v1/jdk23/debug/jadx/InstanceRawLocal/sources/defpackage/InstanceRawLocal.java /Users/lordcasser/workspace/projects/jarde/openspec/evidence/raw-receiver-field-selection-2026-10-09/source/ReceiverProbe.java
jdk23/no-debug/InstanceRawLocal/jar-contents	0	/Library/Java/JavaVirtualMachines/openjdk-23.0.1/Contents/Home/bin/jar tf /Users/lordcasser/workspace/projects/jarde/openspec/evidence/raw-receiver-field-selection-2026-10-09/jdk23/no-debug/input/InstanceRawLocal.jar
jdk23/no-debug/InstanceRawLocal/original-javac	0	/Library/Java/JavaVirtualMachines/openjdk-23.0.1/Contents/Home/bin/javac --release 8 -g:none -classpath /var/folders/gm/lzn3ylzx4lz7mx29lftngdz40000gn/T/jarde-raw-receiver-replay-ichwow98/empty-classpath -sourcepath /var/folders/gm/lzn3ylzx4lz7mx29lftngdz40000gn/T/jarde-raw-receiver-replay-ichwow98/empty-sourcepath -d /var/folders/gm/lzn3ylzx4lz7mx29lftngdz40000gn/T/jarde-raw-receiver-replay-ichwow98/original /Users/lordcasser/workspace/projects/jarde/openspec/evidence/raw-receiver-field-selection-2026-10-09/source/InstanceRawLocal.java
jdk23/no-debug/InstanceRawLocal/javap	0	/Library/Java/JavaVirtualMachines/openjdk-23.0.1/Contents/Home/bin/javap -p -c -s -v -classpath /Users/lordcasser/workspace/projects/jarde/openspec/evidence/raw-receiver-field-selection-2026-10-09/jdk23/no-debug/input/InstanceRawLocal.jar InstanceRawLocal
jdk23/no-debug/InstanceRawLocal/original-probe-javac	0	/Library/Java/JavaVirtualMachines/openjdk-23.0.1/Contents/Home/bin/javac --release 8 -g:none -classpath /var/folders/gm/lzn3ylzx4lz7mx29lftngdz40000gn/T/jarde-raw-receiver-replay-ichwow98/empty-classpath -sourcepath /var/folders/gm/lzn3ylzx4lz7mx29lftngdz40000gn/T/jarde-raw-receiver-replay-ichwow98/empty-sourcepath -d /var/folders/gm/lzn3ylzx4lz7mx29lftngdz40000gn/T/jarde-raw-receiver-replay-ichwow98/original-probe /Users/lordcasser/workspace/projects/jarde/openspec/evidence/raw-receiver-field-selection-2026-10-09/source/ReceiverProbe.java
jdk23/no-debug/InstanceRawLocal/original-run	0	/Library/Java/JavaVirtualMachines/openjdk-23.0.1/Contents/Home/bin/java -Xverify:all -cp /var/folders/gm/lzn3ylzx4lz7mx29lftngdz40000gn/T/jarde-raw-receiver-replay-ichwow98/original:/var/folders/gm/lzn3ylzx4lz7mx29lftngdz40000gn/T/jarde-raw-receiver-replay-ichwow98/original-probe ReceiverProbe InstanceRawLocal
jdk23/no-debug/InstanceRawLocal/jarde-InstanceRawLocal	0	/private/tmp/jarde-raw-receiver-final-v3-cli class-source --input /Users/lordcasser/workspace/projects/jarde/openspec/evidence/raw-receiver-field-selection-2026-10-09/jdk23/no-debug/input/InstanceRawLocal.jar --class InstanceRawLocal --policy plain-jar --release 8 --format text
jdk23/no-debug/InstanceRawLocal/jarde-InstanceRawLocal-source-header	0	nonempty self-describing source
jdk23/no-debug/InstanceRawLocal/jarde-javac	0	/Library/Java/JavaVirtualMachines/openjdk-23.0.1/Contents/Home/bin/javac --release 8 -g:none -classpath /var/folders/gm/lzn3ylzx4lz7mx29lftngdz40000gn/T/jarde-raw-receiver-replay-ichwow98/empty-classpath -sourcepath /var/folders/gm/lzn3ylzx4lz7mx29lftngdz40000gn/T/jarde-raw-receiver-replay-ichwow98/empty-sourcepath -d /var/folders/gm/lzn3ylzx4lz7mx29lftngdz40000gn/T/jarde-raw-receiver-replay-ichwow98/jarde-classes /Users/lordcasser/workspace/projects/jarde/openspec/changes/recover-same-class-generic-call-consumers/results/candidate/gc09-raw-64-baseline-v1/jdk23/no-debug/jarde/InstanceRawLocal.java /Users/lordcasser/workspace/projects/jarde/openspec/evidence/raw-receiver-field-selection-2026-10-09/source/ReceiverProbe.java
jdk23/no-debug/InstanceRawLocal/jarde-verify-run	0	/Library/Java/JavaVirtualMachines/openjdk-23.0.1/Contents/Home/bin/java -Xverify:all -cp /var/folders/gm/lzn3ylzx4lz7mx29lftngdz40000gn/T/jarde-raw-receiver-replay-ichwow98/jarde-classes ReceiverProbe InstanceRawLocal
jdk23/no-debug/InstanceRawLocal/jadx	0	/Users/lordcasser/workspace/testzone/jadx/jadx-cli/build/install/jadx/bin/jadx --no-res --single-class InstanceRawLocal -d /Users/lordcasser/workspace/projects/jarde/openspec/changes/recover-same-class-generic-call-consumers/results/candidate/gc09-raw-64-baseline-v1/jdk23/no-debug/jadx/InstanceRawLocal /Users/lordcasser/workspace/projects/jarde/openspec/evidence/raw-receiver-field-selection-2026-10-09/jdk23/no-debug/input/InstanceRawLocal.jar
jdk23/no-debug/InstanceRawLocal/jadx-source-header	0	nonempty class source
jdk23/no-debug/InstanceRawLocal/jadx-javac	1	/Library/Java/JavaVirtualMachines/openjdk-23.0.1/Contents/Home/bin/javac --release 8 -g:none -classpath /var/folders/gm/lzn3ylzx4lz7mx29lftngdz40000gn/T/jarde-raw-receiver-replay-ichwow98/empty-classpath -sourcepath /var/folders/gm/lzn3ylzx4lz7mx29lftngdz40000gn/T/jarde-raw-receiver-replay-ichwow98/empty-sourcepath -d /var/folders/gm/lzn3ylzx4lz7mx29lftngdz40000gn/T/jarde-raw-receiver-replay-ichwow98/jadx-classes /Users/lordcasser/workspace/projects/jarde/openspec/changes/recover-same-class-generic-call-consumers/results/candidate/gc09-raw-64-baseline-v1/jdk23/no-debug/jadx/InstanceRawLocal/sources/defpackage/InstanceRawLocal.java /Users/lordcasser/workspace/projects/jarde/openspec/evidence/raw-receiver-field-selection-2026-10-09/source/ReceiverProbe.java
jdk23/debug/TypedReceiver/jar-contents	0	/Library/Java/JavaVirtualMachines/openjdk-23.0.1/Contents/Home/bin/jar tf /Users/lordcasser/workspace/projects/jarde/openspec/evidence/raw-receiver-field-selection-2026-10-09/jdk23/debug/input/TypedReceiver.jar
jdk23/debug/TypedReceiver/original-javac	0	/Library/Java/JavaVirtualMachines/openjdk-23.0.1/Contents/Home/bin/javac --release 8 -g -classpath /var/folders/gm/lzn3ylzx4lz7mx29lftngdz40000gn/T/jarde-raw-receiver-replay-8cc8sigt/empty-classpath -sourcepath /var/folders/gm/lzn3ylzx4lz7mx29lftngdz40000gn/T/jarde-raw-receiver-replay-8cc8sigt/empty-sourcepath -d /var/folders/gm/lzn3ylzx4lz7mx29lftngdz40000gn/T/jarde-raw-receiver-replay-8cc8sigt/original /Users/lordcasser/workspace/projects/jarde/openspec/evidence/raw-receiver-field-selection-2026-10-09/source/TypedReceiver.java
jdk23/debug/TypedReceiver/javap	0	/Library/Java/JavaVirtualMachines/openjdk-23.0.1/Contents/Home/bin/javap -p -c -s -v -classpath /Users/lordcasser/workspace/projects/jarde/openspec/evidence/raw-receiver-field-selection-2026-10-09/jdk23/debug/input/TypedReceiver.jar TypedReceiver
jdk23/debug/TypedReceiver/original-probe-javac	0	/Library/Java/JavaVirtualMachines/openjdk-23.0.1/Contents/Home/bin/javac --release 8 -g -classpath /var/folders/gm/lzn3ylzx4lz7mx29lftngdz40000gn/T/jarde-raw-receiver-replay-8cc8sigt/empty-classpath -sourcepath /var/folders/gm/lzn3ylzx4lz7mx29lftngdz40000gn/T/jarde-raw-receiver-replay-8cc8sigt/empty-sourcepath -d /var/folders/gm/lzn3ylzx4lz7mx29lftngdz40000gn/T/jarde-raw-receiver-replay-8cc8sigt/original-probe /Users/lordcasser/workspace/projects/jarde/openspec/evidence/raw-receiver-field-selection-2026-10-09/source/ReceiverProbe.java
jdk23/debug/TypedReceiver/original-run	0	/Library/Java/JavaVirtualMachines/openjdk-23.0.1/Contents/Home/bin/java -Xverify:all -cp /var/folders/gm/lzn3ylzx4lz7mx29lftngdz40000gn/T/jarde-raw-receiver-replay-8cc8sigt/original:/var/folders/gm/lzn3ylzx4lz7mx29lftngdz40000gn/T/jarde-raw-receiver-replay-8cc8sigt/original-probe ReceiverProbe TypedReceiver
jdk23/debug/TypedReceiver/jarde-TypedReceiver	0	/private/tmp/jarde-raw-receiver-final-v3-cli class-source --input /Users/lordcasser/workspace/projects/jarde/openspec/evidence/raw-receiver-field-selection-2026-10-09/jdk23/debug/input/TypedReceiver.jar --class TypedReceiver --policy plain-jar --release 8 --format text
jdk23/debug/TypedReceiver/jarde-TypedReceiver-source-header	0	nonempty self-describing source
jdk23/debug/TypedReceiver/jarde-javac	0	/Library/Java/JavaVirtualMachines/openjdk-23.0.1/Contents/Home/bin/javac --release 8 -g -classpath /var/folders/gm/lzn3ylzx4lz7mx29lftngdz40000gn/T/jarde-raw-receiver-replay-8cc8sigt/empty-classpath -sourcepath /var/folders/gm/lzn3ylzx4lz7mx29lftngdz40000gn/T/jarde-raw-receiver-replay-8cc8sigt/empty-sourcepath -d /var/folders/gm/lzn3ylzx4lz7mx29lftngdz40000gn/T/jarde-raw-receiver-replay-8cc8sigt/jarde-classes /Users/lordcasser/workspace/projects/jarde/openspec/changes/recover-same-class-generic-call-consumers/results/candidate/gc09-raw-64-baseline-v1/jdk23/debug/jarde/TypedReceiver.java /Users/lordcasser/workspace/projects/jarde/openspec/evidence/raw-receiver-field-selection-2026-10-09/source/ReceiverProbe.java
jdk23/debug/TypedReceiver/jarde-verify-run	0	/Library/Java/JavaVirtualMachines/openjdk-23.0.1/Contents/Home/bin/java -Xverify:all -cp /var/folders/gm/lzn3ylzx4lz7mx29lftngdz40000gn/T/jarde-raw-receiver-replay-8cc8sigt/jarde-classes ReceiverProbe TypedReceiver
jdk23/debug/TypedReceiver/jadx	0	/Users/lordcasser/workspace/testzone/jadx/jadx-cli/build/install/jadx/bin/jadx --no-res --single-class TypedReceiver -d /Users/lordcasser/workspace/projects/jarde/openspec/changes/recover-same-class-generic-call-consumers/results/candidate/gc09-raw-64-baseline-v1/jdk23/debug/jadx/TypedReceiver /Users/lordcasser/workspace/projects/jarde/openspec/evidence/raw-receiver-field-selection-2026-10-09/jdk23/debug/input/TypedReceiver.jar
jdk23/debug/TypedReceiver/jadx-source-header	0	nonempty class source
jdk23/debug/TypedReceiver/jadx-javac	0	/Library/Java/JavaVirtualMachines/openjdk-23.0.1/Contents/Home/bin/javac --release 8 -g -classpath /var/folders/gm/lzn3ylzx4lz7mx29lftngdz40000gn/T/jarde-raw-receiver-replay-8cc8sigt/empty-classpath -sourcepath /var/folders/gm/lzn3ylzx4lz7mx29lftngdz40000gn/T/jarde-raw-receiver-replay-8cc8sigt/empty-sourcepath -d /var/folders/gm/lzn3ylzx4lz7mx29lftngdz40000gn/T/jarde-raw-receiver-replay-8cc8sigt/jadx-classes /Users/lordcasser/workspace/projects/jarde/openspec/changes/recover-same-class-generic-call-consumers/results/candidate/gc09-raw-64-baseline-v1/jdk23/debug/jadx/TypedReceiver/sources/defpackage/TypedReceiver.java /Users/lordcasser/workspace/projects/jarde/openspec/evidence/raw-receiver-field-selection-2026-10-09/source/ReceiverProbe.java
jdk23/debug/TypedReceiver/jadx-verify-run	0	/Library/Java/JavaVirtualMachines/openjdk-23.0.1/Contents/Home/bin/java -Xverify:all -cp /var/folders/gm/lzn3ylzx4lz7mx29lftngdz40000gn/T/jarde-raw-receiver-replay-8cc8sigt/jadx-classes ReceiverProbe defpackage.TypedReceiver
jdk23/no-debug/TypedReceiver/jar-contents	0	/Library/Java/JavaVirtualMachines/openjdk-23.0.1/Contents/Home/bin/jar tf /Users/lordcasser/workspace/projects/jarde/openspec/evidence/raw-receiver-field-selection-2026-10-09/jdk23/no-debug/input/TypedReceiver.jar
jdk23/no-debug/TypedReceiver/original-javac	0	/Library/Java/JavaVirtualMachines/openjdk-23.0.1/Contents/Home/bin/javac --release 8 -g:none -classpath /var/folders/gm/lzn3ylzx4lz7mx29lftngdz40000gn/T/jarde-raw-receiver-replay-2j2equtb/empty-classpath -sourcepath /var/folders/gm/lzn3ylzx4lz7mx29lftngdz40000gn/T/jarde-raw-receiver-replay-2j2equtb/empty-sourcepath -d /var/folders/gm/lzn3ylzx4lz7mx29lftngdz40000gn/T/jarde-raw-receiver-replay-2j2equtb/original /Users/lordcasser/workspace/projects/jarde/openspec/evidence/raw-receiver-field-selection-2026-10-09/source/TypedReceiver.java
jdk23/no-debug/TypedReceiver/javap	0	/Library/Java/JavaVirtualMachines/openjdk-23.0.1/Contents/Home/bin/javap -p -c -s -v -classpath /Users/lordcasser/workspace/projects/jarde/openspec/evidence/raw-receiver-field-selection-2026-10-09/jdk23/no-debug/input/TypedReceiver.jar TypedReceiver
jdk23/no-debug/TypedReceiver/original-probe-javac	0	/Library/Java/JavaVirtualMachines/openjdk-23.0.1/Contents/Home/bin/javac --release 8 -g:none -classpath /var/folders/gm/lzn3ylzx4lz7mx29lftngdz40000gn/T/jarde-raw-receiver-replay-2j2equtb/empty-classpath -sourcepath /var/folders/gm/lzn3ylzx4lz7mx29lftngdz40000gn/T/jarde-raw-receiver-replay-2j2equtb/empty-sourcepath -d /var/folders/gm/lzn3ylzx4lz7mx29lftngdz40000gn/T/jarde-raw-receiver-replay-2j2equtb/original-probe /Users/lordcasser/workspace/projects/jarde/openspec/evidence/raw-receiver-field-selection-2026-10-09/source/ReceiverProbe.java
jdk23/no-debug/TypedReceiver/original-run	0	/Library/Java/JavaVirtualMachines/openjdk-23.0.1/Contents/Home/bin/java -Xverify:all -cp /var/folders/gm/lzn3ylzx4lz7mx29lftngdz40000gn/T/jarde-raw-receiver-replay-2j2equtb/original:/var/folders/gm/lzn3ylzx4lz7mx29lftngdz40000gn/T/jarde-raw-receiver-replay-2j2equtb/original-probe ReceiverProbe TypedReceiver
jdk23/no-debug/TypedReceiver/jarde-TypedReceiver	0	/private/tmp/jarde-raw-receiver-final-v3-cli class-source --input /Users/lordcasser/workspace/projects/jarde/openspec/evidence/raw-receiver-field-selection-2026-10-09/jdk23/no-debug/input/TypedReceiver.jar --class TypedReceiver --policy plain-jar --release 8 --format text
jdk23/no-debug/TypedReceiver/jarde-TypedReceiver-source-header	0	nonempty self-describing source
jdk23/no-debug/TypedReceiver/jarde-javac	0	/Library/Java/JavaVirtualMachines/openjdk-23.0.1/Contents/Home/bin/javac --release 8 -g:none -classpath /var/folders/gm/lzn3ylzx4lz7mx29lftngdz40000gn/T/jarde-raw-receiver-replay-2j2equtb/empty-classpath -sourcepath /var/folders/gm/lzn3ylzx4lz7mx29lftngdz40000gn/T/jarde-raw-receiver-replay-2j2equtb/empty-sourcepath -d /var/folders/gm/lzn3ylzx4lz7mx29lftngdz40000gn/T/jarde-raw-receiver-replay-2j2equtb/jarde-classes /Users/lordcasser/workspace/projects/jarde/openspec/changes/recover-same-class-generic-call-consumers/results/candidate/gc09-raw-64-baseline-v1/jdk23/no-debug/jarde/TypedReceiver.java /Users/lordcasser/workspace/projects/jarde/openspec/evidence/raw-receiver-field-selection-2026-10-09/source/ReceiverProbe.java
jdk23/no-debug/TypedReceiver/jarde-verify-run	0	/Library/Java/JavaVirtualMachines/openjdk-23.0.1/Contents/Home/bin/java -Xverify:all -cp /var/folders/gm/lzn3ylzx4lz7mx29lftngdz40000gn/T/jarde-raw-receiver-replay-2j2equtb/jarde-classes ReceiverProbe TypedReceiver
jdk23/no-debug/TypedReceiver/jadx	0	/Users/lordcasser/workspace/testzone/jadx/jadx-cli/build/install/jadx/bin/jadx --no-res --single-class TypedReceiver -d /Users/lordcasser/workspace/projects/jarde/openspec/changes/recover-same-class-generic-call-consumers/results/candidate/gc09-raw-64-baseline-v1/jdk23/no-debug/jadx/TypedReceiver /Users/lordcasser/workspace/projects/jarde/openspec/evidence/raw-receiver-field-selection-2026-10-09/jdk23/no-debug/input/TypedReceiver.jar
jdk23/no-debug/TypedReceiver/jadx-source-header	0	nonempty class source
jdk23/no-debug/TypedReceiver/jadx-javac	0	/Library/Java/JavaVirtualMachines/openjdk-23.0.1/Contents/Home/bin/javac --release 8 -g:none -classpath /var/folders/gm/lzn3ylzx4lz7mx29lftngdz40000gn/T/jarde-raw-receiver-replay-2j2equtb/empty-classpath -sourcepath /var/folders/gm/lzn3ylzx4lz7mx29lftngdz40000gn/T/jarde-raw-receiver-replay-2j2equtb/empty-sourcepath -d /var/folders/gm/lzn3ylzx4lz7mx29lftngdz40000gn/T/jarde-raw-receiver-replay-2j2equtb/jadx-classes /Users/lordcasser/workspace/projects/jarde/openspec/changes/recover-same-class-generic-call-consumers/results/candidate/gc09-raw-64-baseline-v1/jdk23/no-debug/jadx/TypedReceiver/sources/defpackage/TypedReceiver.java /Users/lordcasser/workspace/projects/jarde/openspec/evidence/raw-receiver-field-selection-2026-10-09/source/ReceiverProbe.java
jdk23/no-debug/TypedReceiver/jadx-verify-run	0	/Library/Java/JavaVirtualMachines/openjdk-23.0.1/Contents/Home/bin/java -Xverify:all -cp /var/folders/gm/lzn3ylzx4lz7mx29lftngdz40000gn/T/jarde-raw-receiver-replay-2j2equtb/jadx-classes ReceiverProbe defpackage.TypedReceiver
jdk23/debug/ThisReceiver/jar-contents	0	/Library/Java/JavaVirtualMachines/openjdk-23.0.1/Contents/Home/bin/jar tf /Users/lordcasser/workspace/projects/jarde/openspec/evidence/raw-receiver-field-selection-2026-10-09/jdk23/debug/input/ThisReceiver.jar
jdk23/debug/ThisReceiver/original-javac	0	/Library/Java/JavaVirtualMachines/openjdk-23.0.1/Contents/Home/bin/javac --release 8 -g -classpath /var/folders/gm/lzn3ylzx4lz7mx29lftngdz40000gn/T/jarde-raw-receiver-replay-z6nowsok/empty-classpath -sourcepath /var/folders/gm/lzn3ylzx4lz7mx29lftngdz40000gn/T/jarde-raw-receiver-replay-z6nowsok/empty-sourcepath -d /var/folders/gm/lzn3ylzx4lz7mx29lftngdz40000gn/T/jarde-raw-receiver-replay-z6nowsok/original /Users/lordcasser/workspace/projects/jarde/openspec/evidence/raw-receiver-field-selection-2026-10-09/source/ThisReceiver.java
jdk23/debug/ThisReceiver/javap	0	/Library/Java/JavaVirtualMachines/openjdk-23.0.1/Contents/Home/bin/javap -p -c -s -v -classpath /Users/lordcasser/workspace/projects/jarde/openspec/evidence/raw-receiver-field-selection-2026-10-09/jdk23/debug/input/ThisReceiver.jar ThisReceiver
jdk23/debug/ThisReceiver/original-probe-javac	0	/Library/Java/JavaVirtualMachines/openjdk-23.0.1/Contents/Home/bin/javac --release 8 -g -classpath /var/folders/gm/lzn3ylzx4lz7mx29lftngdz40000gn/T/jarde-raw-receiver-replay-z6nowsok/empty-classpath -sourcepath /var/folders/gm/lzn3ylzx4lz7mx29lftngdz40000gn/T/jarde-raw-receiver-replay-z6nowsok/empty-sourcepath -d /var/folders/gm/lzn3ylzx4lz7mx29lftngdz40000gn/T/jarde-raw-receiver-replay-z6nowsok/original-probe /Users/lordcasser/workspace/projects/jarde/openspec/evidence/raw-receiver-field-selection-2026-10-09/source/ReceiverProbe.java
jdk23/debug/ThisReceiver/original-run	0	/Library/Java/JavaVirtualMachines/openjdk-23.0.1/Contents/Home/bin/java -Xverify:all -cp /var/folders/gm/lzn3ylzx4lz7mx29lftngdz40000gn/T/jarde-raw-receiver-replay-z6nowsok/original:/var/folders/gm/lzn3ylzx4lz7mx29lftngdz40000gn/T/jarde-raw-receiver-replay-z6nowsok/original-probe ReceiverProbe ThisReceiver
jdk23/debug/ThisReceiver/jarde-ThisReceiver	0	/private/tmp/jarde-raw-receiver-final-v3-cli class-source --input /Users/lordcasser/workspace/projects/jarde/openspec/evidence/raw-receiver-field-selection-2026-10-09/jdk23/debug/input/ThisReceiver.jar --class ThisReceiver --policy plain-jar --release 8 --format text
jdk23/debug/ThisReceiver/jarde-ThisReceiver-source-header	0	nonempty self-describing source
jdk23/debug/ThisReceiver/jarde-javac	0	/Library/Java/JavaVirtualMachines/openjdk-23.0.1/Contents/Home/bin/javac --release 8 -g -classpath /var/folders/gm/lzn3ylzx4lz7mx29lftngdz40000gn/T/jarde-raw-receiver-replay-z6nowsok/empty-classpath -sourcepath /var/folders/gm/lzn3ylzx4lz7mx29lftngdz40000gn/T/jarde-raw-receiver-replay-z6nowsok/empty-sourcepath -d /var/folders/gm/lzn3ylzx4lz7mx29lftngdz40000gn/T/jarde-raw-receiver-replay-z6nowsok/jarde-classes /Users/lordcasser/workspace/projects/jarde/openspec/changes/recover-same-class-generic-call-consumers/results/candidate/gc09-raw-64-baseline-v1/jdk23/debug/jarde/ThisReceiver.java /Users/lordcasser/workspace/projects/jarde/openspec/evidence/raw-receiver-field-selection-2026-10-09/source/ReceiverProbe.java
jdk23/debug/ThisReceiver/jarde-verify-run	0	/Library/Java/JavaVirtualMachines/openjdk-23.0.1/Contents/Home/bin/java -Xverify:all -cp /var/folders/gm/lzn3ylzx4lz7mx29lftngdz40000gn/T/jarde-raw-receiver-replay-z6nowsok/jarde-classes ReceiverProbe ThisReceiver
jdk23/debug/ThisReceiver/jadx	0	/Users/lordcasser/workspace/testzone/jadx/jadx-cli/build/install/jadx/bin/jadx --no-res --single-class ThisReceiver -d /Users/lordcasser/workspace/projects/jarde/openspec/changes/recover-same-class-generic-call-consumers/results/candidate/gc09-raw-64-baseline-v1/jdk23/debug/jadx/ThisReceiver /Users/lordcasser/workspace/projects/jarde/openspec/evidence/raw-receiver-field-selection-2026-10-09/jdk23/debug/input/ThisReceiver.jar
jdk23/debug/ThisReceiver/jadx-source-header	0	nonempty class source
jdk23/debug/ThisReceiver/jadx-javac	0	/Library/Java/JavaVirtualMachines/openjdk-23.0.1/Contents/Home/bin/javac --release 8 -g -classpath /var/folders/gm/lzn3ylzx4lz7mx29lftngdz40000gn/T/jarde-raw-receiver-replay-z6nowsok/empty-classpath -sourcepath /var/folders/gm/lzn3ylzx4lz7mx29lftngdz40000gn/T/jarde-raw-receiver-replay-z6nowsok/empty-sourcepath -d /var/folders/gm/lzn3ylzx4lz7mx29lftngdz40000gn/T/jarde-raw-receiver-replay-z6nowsok/jadx-classes /Users/lordcasser/workspace/projects/jarde/openspec/changes/recover-same-class-generic-call-consumers/results/candidate/gc09-raw-64-baseline-v1/jdk23/debug/jadx/ThisReceiver/sources/defpackage/ThisReceiver.java /Users/lordcasser/workspace/projects/jarde/openspec/evidence/raw-receiver-field-selection-2026-10-09/source/ReceiverProbe.java
jdk23/debug/ThisReceiver/jadx-verify-run	0	/Library/Java/JavaVirtualMachines/openjdk-23.0.1/Contents/Home/bin/java -Xverify:all -cp /var/folders/gm/lzn3ylzx4lz7mx29lftngdz40000gn/T/jarde-raw-receiver-replay-z6nowsok/jadx-classes ReceiverProbe defpackage.ThisReceiver
jdk23/no-debug/ThisReceiver/jar-contents	0	/Library/Java/JavaVirtualMachines/openjdk-23.0.1/Contents/Home/bin/jar tf /Users/lordcasser/workspace/projects/jarde/openspec/evidence/raw-receiver-field-selection-2026-10-09/jdk23/no-debug/input/ThisReceiver.jar
jdk23/no-debug/ThisReceiver/original-javac	0	/Library/Java/JavaVirtualMachines/openjdk-23.0.1/Contents/Home/bin/javac --release 8 -g:none -classpath /var/folders/gm/lzn3ylzx4lz7mx29lftngdz40000gn/T/jarde-raw-receiver-replay-lmnjqnfy/empty-classpath -sourcepath /var/folders/gm/lzn3ylzx4lz7mx29lftngdz40000gn/T/jarde-raw-receiver-replay-lmnjqnfy/empty-sourcepath -d /var/folders/gm/lzn3ylzx4lz7mx29lftngdz40000gn/T/jarde-raw-receiver-replay-lmnjqnfy/original /Users/lordcasser/workspace/projects/jarde/openspec/evidence/raw-receiver-field-selection-2026-10-09/source/ThisReceiver.java
jdk23/no-debug/ThisReceiver/javap	0	/Library/Java/JavaVirtualMachines/openjdk-23.0.1/Contents/Home/bin/javap -p -c -s -v -classpath /Users/lordcasser/workspace/projects/jarde/openspec/evidence/raw-receiver-field-selection-2026-10-09/jdk23/no-debug/input/ThisReceiver.jar ThisReceiver
jdk23/no-debug/ThisReceiver/original-probe-javac	0	/Library/Java/JavaVirtualMachines/openjdk-23.0.1/Contents/Home/bin/javac --release 8 -g:none -classpath /var/folders/gm/lzn3ylzx4lz7mx29lftngdz40000gn/T/jarde-raw-receiver-replay-lmnjqnfy/empty-classpath -sourcepath /var/folders/gm/lzn3ylzx4lz7mx29lftngdz40000gn/T/jarde-raw-receiver-replay-lmnjqnfy/empty-sourcepath -d /var/folders/gm/lzn3ylzx4lz7mx29lftngdz40000gn/T/jarde-raw-receiver-replay-lmnjqnfy/original-probe /Users/lordcasser/workspace/projects/jarde/openspec/evidence/raw-receiver-field-selection-2026-10-09/source/ReceiverProbe.java
jdk23/no-debug/ThisReceiver/original-run	0	/Library/Java/JavaVirtualMachines/openjdk-23.0.1/Contents/Home/bin/java -Xverify:all -cp /var/folders/gm/lzn3ylzx4lz7mx29lftngdz40000gn/T/jarde-raw-receiver-replay-lmnjqnfy/original:/var/folders/gm/lzn3ylzx4lz7mx29lftngdz40000gn/T/jarde-raw-receiver-replay-lmnjqnfy/original-probe ReceiverProbe ThisReceiver
jdk23/no-debug/ThisReceiver/jarde-ThisReceiver	0	/private/tmp/jarde-raw-receiver-final-v3-cli class-source --input /Users/lordcasser/workspace/projects/jarde/openspec/evidence/raw-receiver-field-selection-2026-10-09/jdk23/no-debug/input/ThisReceiver.jar --class ThisReceiver --policy plain-jar --release 8 --format text
jdk23/no-debug/ThisReceiver/jarde-ThisReceiver-source-header	0	nonempty self-describing source
jdk23/no-debug/ThisReceiver/jarde-javac	0	/Library/Java/JavaVirtualMachines/openjdk-23.0.1/Contents/Home/bin/javac --release 8 -g:none -classpath /var/folders/gm/lzn3ylzx4lz7mx29lftngdz40000gn/T/jarde-raw-receiver-replay-lmnjqnfy/empty-classpath -sourcepath /var/folders/gm/lzn3ylzx4lz7mx29lftngdz40000gn/T/jarde-raw-receiver-replay-lmnjqnfy/empty-sourcepath -d /var/folders/gm/lzn3ylzx4lz7mx29lftngdz40000gn/T/jarde-raw-receiver-replay-lmnjqnfy/jarde-classes /Users/lordcasser/workspace/projects/jarde/openspec/changes/recover-same-class-generic-call-consumers/results/candidate/gc09-raw-64-baseline-v1/jdk23/no-debug/jarde/ThisReceiver.java /Users/lordcasser/workspace/projects/jarde/openspec/evidence/raw-receiver-field-selection-2026-10-09/source/ReceiverProbe.java
jdk23/no-debug/ThisReceiver/jarde-verify-run	0	/Library/Java/JavaVirtualMachines/openjdk-23.0.1/Contents/Home/bin/java -Xverify:all -cp /var/folders/gm/lzn3ylzx4lz7mx29lftngdz40000gn/T/jarde-raw-receiver-replay-lmnjqnfy/jarde-classes ReceiverProbe ThisReceiver
jdk23/no-debug/ThisReceiver/jadx	0	/Users/lordcasser/workspace/testzone/jadx/jadx-cli/build/install/jadx/bin/jadx --no-res --single-class ThisReceiver -d /Users/lordcasser/workspace/projects/jarde/openspec/changes/recover-same-class-generic-call-consumers/results/candidate/gc09-raw-64-baseline-v1/jdk23/no-debug/jadx/ThisReceiver /Users/lordcasser/workspace/projects/jarde/openspec/evidence/raw-receiver-field-selection-2026-10-09/jdk23/no-debug/input/ThisReceiver.jar
jdk23/no-debug/ThisReceiver/jadx-source-header	0	nonempty class source
jdk23/no-debug/ThisReceiver/jadx-javac	0	/Library/Java/JavaVirtualMachines/openjdk-23.0.1/Contents/Home/bin/javac --release 8 -g:none -classpath /var/folders/gm/lzn3ylzx4lz7mx29lftngdz40000gn/T/jarde-raw-receiver-replay-lmnjqnfy/empty-classpath -sourcepath /var/folders/gm/lzn3ylzx4lz7mx29lftngdz40000gn/T/jarde-raw-receiver-replay-lmnjqnfy/empty-sourcepath -d /var/folders/gm/lzn3ylzx4lz7mx29lftngdz40000gn/T/jarde-raw-receiver-replay-lmnjqnfy/jadx-classes /Users/lordcasser/workspace/projects/jarde/openspec/changes/recover-same-class-generic-call-consumers/results/candidate/gc09-raw-64-baseline-v1/jdk23/no-debug/jadx/ThisReceiver/sources/defpackage/ThisReceiver.java /Users/lordcasser/workspace/projects/jarde/openspec/evidence/raw-receiver-field-selection-2026-10-09/source/ReceiverProbe.java
jdk23/no-debug/ThisReceiver/jadx-verify-run	0	/Library/Java/JavaVirtualMachines/openjdk-23.0.1/Contents/Home/bin/java -Xverify:all -cp /var/folders/gm/lzn3ylzx4lz7mx29lftngdz40000gn/T/jarde-raw-receiver-replay-lmnjqnfy/jadx-classes ReceiverProbe defpackage.ThisReceiver
jdk23/debug/ShadowMethodT/jar-contents	0	/Library/Java/JavaVirtualMachines/openjdk-23.0.1/Contents/Home/bin/jar tf /Users/lordcasser/workspace/projects/jarde/openspec/evidence/raw-receiver-field-selection-2026-10-09/jdk23/debug/input/ShadowMethodT.jar
jdk23/debug/ShadowMethodT/original-javac	0	/Library/Java/JavaVirtualMachines/openjdk-23.0.1/Contents/Home/bin/javac --release 8 -g -classpath /var/folders/gm/lzn3ylzx4lz7mx29lftngdz40000gn/T/jarde-raw-receiver-replay-8j5t0rcy/empty-classpath -sourcepath /var/folders/gm/lzn3ylzx4lz7mx29lftngdz40000gn/T/jarde-raw-receiver-replay-8j5t0rcy/empty-sourcepath -d /var/folders/gm/lzn3ylzx4lz7mx29lftngdz40000gn/T/jarde-raw-receiver-replay-8j5t0rcy/original /Users/lordcasser/workspace/projects/jarde/openspec/evidence/raw-receiver-field-selection-2026-10-09/source/ShadowMethodT.java
jdk23/debug/ShadowMethodT/javap	0	/Library/Java/JavaVirtualMachines/openjdk-23.0.1/Contents/Home/bin/javap -p -c -s -v -classpath /Users/lordcasser/workspace/projects/jarde/openspec/evidence/raw-receiver-field-selection-2026-10-09/jdk23/debug/input/ShadowMethodT.jar ShadowMethodT
jdk23/debug/ShadowMethodT/original-probe-javac	0	/Library/Java/JavaVirtualMachines/openjdk-23.0.1/Contents/Home/bin/javac --release 8 -g -classpath /var/folders/gm/lzn3ylzx4lz7mx29lftngdz40000gn/T/jarde-raw-receiver-replay-8j5t0rcy/empty-classpath -sourcepath /var/folders/gm/lzn3ylzx4lz7mx29lftngdz40000gn/T/jarde-raw-receiver-replay-8j5t0rcy/empty-sourcepath -d /var/folders/gm/lzn3ylzx4lz7mx29lftngdz40000gn/T/jarde-raw-receiver-replay-8j5t0rcy/original-probe /Users/lordcasser/workspace/projects/jarde/openspec/evidence/raw-receiver-field-selection-2026-10-09/source/ReceiverProbe.java
jdk23/debug/ShadowMethodT/original-run	0	/Library/Java/JavaVirtualMachines/openjdk-23.0.1/Contents/Home/bin/java -Xverify:all -cp /var/folders/gm/lzn3ylzx4lz7mx29lftngdz40000gn/T/jarde-raw-receiver-replay-8j5t0rcy/original:/var/folders/gm/lzn3ylzx4lz7mx29lftngdz40000gn/T/jarde-raw-receiver-replay-8j5t0rcy/original-probe ReceiverProbe ShadowMethodT
jdk23/debug/ShadowMethodT/jarde-ShadowMethodT	0	/private/tmp/jarde-raw-receiver-final-v3-cli class-source --input /Users/lordcasser/workspace/projects/jarde/openspec/evidence/raw-receiver-field-selection-2026-10-09/jdk23/debug/input/ShadowMethodT.jar --class ShadowMethodT --policy plain-jar --release 8 --format text
jdk23/debug/ShadowMethodT/jarde-ShadowMethodT-source-header	0	nonempty self-describing source
jdk23/debug/ShadowMethodT/jarde-javac	0	/Library/Java/JavaVirtualMachines/openjdk-23.0.1/Contents/Home/bin/javac --release 8 -g -classpath /var/folders/gm/lzn3ylzx4lz7mx29lftngdz40000gn/T/jarde-raw-receiver-replay-8j5t0rcy/empty-classpath -sourcepath /var/folders/gm/lzn3ylzx4lz7mx29lftngdz40000gn/T/jarde-raw-receiver-replay-8j5t0rcy/empty-sourcepath -d /var/folders/gm/lzn3ylzx4lz7mx29lftngdz40000gn/T/jarde-raw-receiver-replay-8j5t0rcy/jarde-classes /Users/lordcasser/workspace/projects/jarde/openspec/changes/recover-same-class-generic-call-consumers/results/candidate/gc09-raw-64-baseline-v1/jdk23/debug/jarde/ShadowMethodT.java /Users/lordcasser/workspace/projects/jarde/openspec/evidence/raw-receiver-field-selection-2026-10-09/source/ReceiverProbe.java
jdk23/debug/ShadowMethodT/jarde-verify-run	0	/Library/Java/JavaVirtualMachines/openjdk-23.0.1/Contents/Home/bin/java -Xverify:all -cp /var/folders/gm/lzn3ylzx4lz7mx29lftngdz40000gn/T/jarde-raw-receiver-replay-8j5t0rcy/jarde-classes ReceiverProbe ShadowMethodT
jdk23/debug/ShadowMethodT/jadx	0	/Users/lordcasser/workspace/testzone/jadx/jadx-cli/build/install/jadx/bin/jadx --no-res --single-class ShadowMethodT -d /Users/lordcasser/workspace/projects/jarde/openspec/changes/recover-same-class-generic-call-consumers/results/candidate/gc09-raw-64-baseline-v1/jdk23/debug/jadx/ShadowMethodT /Users/lordcasser/workspace/projects/jarde/openspec/evidence/raw-receiver-field-selection-2026-10-09/jdk23/debug/input/ShadowMethodT.jar
jdk23/debug/ShadowMethodT/jadx-source-header	0	nonempty class source
jdk23/debug/ShadowMethodT/jadx-javac	0	/Library/Java/JavaVirtualMachines/openjdk-23.0.1/Contents/Home/bin/javac --release 8 -g -classpath /var/folders/gm/lzn3ylzx4lz7mx29lftngdz40000gn/T/jarde-raw-receiver-replay-8j5t0rcy/empty-classpath -sourcepath /var/folders/gm/lzn3ylzx4lz7mx29lftngdz40000gn/T/jarde-raw-receiver-replay-8j5t0rcy/empty-sourcepath -d /var/folders/gm/lzn3ylzx4lz7mx29lftngdz40000gn/T/jarde-raw-receiver-replay-8j5t0rcy/jadx-classes /Users/lordcasser/workspace/projects/jarde/openspec/changes/recover-same-class-generic-call-consumers/results/candidate/gc09-raw-64-baseline-v1/jdk23/debug/jadx/ShadowMethodT/sources/defpackage/ShadowMethodT.java /Users/lordcasser/workspace/projects/jarde/openspec/evidence/raw-receiver-field-selection-2026-10-09/source/ReceiverProbe.java
jdk23/debug/ShadowMethodT/jadx-verify-run	0	/Library/Java/JavaVirtualMachines/openjdk-23.0.1/Contents/Home/bin/java -Xverify:all -cp /var/folders/gm/lzn3ylzx4lz7mx29lftngdz40000gn/T/jarde-raw-receiver-replay-8j5t0rcy/jadx-classes ReceiverProbe defpackage.ShadowMethodT
jdk23/no-debug/ShadowMethodT/jar-contents	0	/Library/Java/JavaVirtualMachines/openjdk-23.0.1/Contents/Home/bin/jar tf /Users/lordcasser/workspace/projects/jarde/openspec/evidence/raw-receiver-field-selection-2026-10-09/jdk23/no-debug/input/ShadowMethodT.jar
jdk23/no-debug/ShadowMethodT/original-javac	0	/Library/Java/JavaVirtualMachines/openjdk-23.0.1/Contents/Home/bin/javac --release 8 -g:none -classpath /var/folders/gm/lzn3ylzx4lz7mx29lftngdz40000gn/T/jarde-raw-receiver-replay-81busaih/empty-classpath -sourcepath /var/folders/gm/lzn3ylzx4lz7mx29lftngdz40000gn/T/jarde-raw-receiver-replay-81busaih/empty-sourcepath -d /var/folders/gm/lzn3ylzx4lz7mx29lftngdz40000gn/T/jarde-raw-receiver-replay-81busaih/original /Users/lordcasser/workspace/projects/jarde/openspec/evidence/raw-receiver-field-selection-2026-10-09/source/ShadowMethodT.java
jdk23/no-debug/ShadowMethodT/javap	0	/Library/Java/JavaVirtualMachines/openjdk-23.0.1/Contents/Home/bin/javap -p -c -s -v -classpath /Users/lordcasser/workspace/projects/jarde/openspec/evidence/raw-receiver-field-selection-2026-10-09/jdk23/no-debug/input/ShadowMethodT.jar ShadowMethodT
jdk23/no-debug/ShadowMethodT/original-probe-javac	0	/Library/Java/JavaVirtualMachines/openjdk-23.0.1/Contents/Home/bin/javac --release 8 -g:none -classpath /var/folders/gm/lzn3ylzx4lz7mx29lftngdz40000gn/T/jarde-raw-receiver-replay-81busaih/empty-classpath -sourcepath /var/folders/gm/lzn3ylzx4lz7mx29lftngdz40000gn/T/jarde-raw-receiver-replay-81busaih/empty-sourcepath -d /var/folders/gm/lzn3ylzx4lz7mx29lftngdz40000gn/T/jarde-raw-receiver-replay-81busaih/original-probe /Users/lordcasser/workspace/projects/jarde/openspec/evidence/raw-receiver-field-selection-2026-10-09/source/ReceiverProbe.java
jdk23/no-debug/ShadowMethodT/original-run	0	/Library/Java/JavaVirtualMachines/openjdk-23.0.1/Contents/Home/bin/java -Xverify:all -cp /var/folders/gm/lzn3ylzx4lz7mx29lftngdz40000gn/T/jarde-raw-receiver-replay-81busaih/original:/var/folders/gm/lzn3ylzx4lz7mx29lftngdz40000gn/T/jarde-raw-receiver-replay-81busaih/original-probe ReceiverProbe ShadowMethodT
jdk23/no-debug/ShadowMethodT/jarde-ShadowMethodT	0	/private/tmp/jarde-raw-receiver-final-v3-cli class-source --input /Users/lordcasser/workspace/projects/jarde/openspec/evidence/raw-receiver-field-selection-2026-10-09/jdk23/no-debug/input/ShadowMethodT.jar --class ShadowMethodT --policy plain-jar --release 8 --format text
jdk23/no-debug/ShadowMethodT/jarde-ShadowMethodT-source-header	0	nonempty self-describing source
jdk23/no-debug/ShadowMethodT/jarde-javac	0	/Library/Java/JavaVirtualMachines/openjdk-23.0.1/Contents/Home/bin/javac --release 8 -g:none -classpath /var/folders/gm/lzn3ylzx4lz7mx29lftngdz40000gn/T/jarde-raw-receiver-replay-81busaih/empty-classpath -sourcepath /var/folders/gm/lzn3ylzx4lz7mx29lftngdz40000gn/T/jarde-raw-receiver-replay-81busaih/empty-sourcepath -d /var/folders/gm/lzn3ylzx4lz7mx29lftngdz40000gn/T/jarde-raw-receiver-replay-81busaih/jarde-classes /Users/lordcasser/workspace/projects/jarde/openspec/changes/recover-same-class-generic-call-consumers/results/candidate/gc09-raw-64-baseline-v1/jdk23/no-debug/jarde/ShadowMethodT.java /Users/lordcasser/workspace/projects/jarde/openspec/evidence/raw-receiver-field-selection-2026-10-09/source/ReceiverProbe.java
jdk23/no-debug/ShadowMethodT/jarde-verify-run	0	/Library/Java/JavaVirtualMachines/openjdk-23.0.1/Contents/Home/bin/java -Xverify:all -cp /var/folders/gm/lzn3ylzx4lz7mx29lftngdz40000gn/T/jarde-raw-receiver-replay-81busaih/jarde-classes ReceiverProbe ShadowMethodT
jdk23/no-debug/ShadowMethodT/jadx	0	/Users/lordcasser/workspace/testzone/jadx/jadx-cli/build/install/jadx/bin/jadx --no-res --single-class ShadowMethodT -d /Users/lordcasser/workspace/projects/jarde/openspec/changes/recover-same-class-generic-call-consumers/results/candidate/gc09-raw-64-baseline-v1/jdk23/no-debug/jadx/ShadowMethodT /Users/lordcasser/workspace/projects/jarde/openspec/evidence/raw-receiver-field-selection-2026-10-09/jdk23/no-debug/input/ShadowMethodT.jar
jdk23/no-debug/ShadowMethodT/jadx-source-header	0	nonempty class source
jdk23/no-debug/ShadowMethodT/jadx-javac	0	/Library/Java/JavaVirtualMachines/openjdk-23.0.1/Contents/Home/bin/javac --release 8 -g:none -classpath /var/folders/gm/lzn3ylzx4lz7mx29lftngdz40000gn/T/jarde-raw-receiver-replay-81busaih/empty-classpath -sourcepath /var/folders/gm/lzn3ylzx4lz7mx29lftngdz40000gn/T/jarde-raw-receiver-replay-81busaih/empty-sourcepath -d /var/folders/gm/lzn3ylzx4lz7mx29lftngdz40000gn/T/jarde-raw-receiver-replay-81busaih/jadx-classes /Users/lordcasser/workspace/projects/jarde/openspec/changes/recover-same-class-generic-call-consumers/results/candidate/gc09-raw-64-baseline-v1/jdk23/no-debug/jadx/ShadowMethodT/sources/defpackage/ShadowMethodT.java /Users/lordcasser/workspace/projects/jarde/openspec/evidence/raw-receiver-field-selection-2026-10-09/source/ReceiverProbe.java
jdk23/no-debug/ShadowMethodT/jadx-verify-run	0	/Library/Java/JavaVirtualMachines/openjdk-23.0.1/Contents/Home/bin/java -Xverify:all -cp /var/folders/gm/lzn3ylzx4lz7mx29lftngdz40000gn/T/jarde-raw-receiver-replay-81busaih/jadx-classes ReceiverProbe defpackage.ShadowMethodT
jdk23/debug/DirectInstanceRawParam/jar-contents	0	/Library/Java/JavaVirtualMachines/openjdk-23.0.1/Contents/Home/bin/jar tf /Users/lordcasser/workspace/projects/jarde/openspec/evidence/raw-receiver-field-selection-2026-10-09/jdk23/debug/input/DirectInstanceRawParam.jar
jdk23/debug/DirectInstanceRawParam/original-javac	0	/Library/Java/JavaVirtualMachines/openjdk-23.0.1/Contents/Home/bin/javac --release 8 -g -classpath /var/folders/gm/lzn3ylzx4lz7mx29lftngdz40000gn/T/jarde-raw-receiver-replay-xb4r3xrc/empty-classpath -sourcepath /var/folders/gm/lzn3ylzx4lz7mx29lftngdz40000gn/T/jarde-raw-receiver-replay-xb4r3xrc/empty-sourcepath -d /var/folders/gm/lzn3ylzx4lz7mx29lftngdz40000gn/T/jarde-raw-receiver-replay-xb4r3xrc/original /Users/lordcasser/workspace/projects/jarde/openspec/evidence/raw-receiver-field-selection-2026-10-09/source/DirectInstanceRawParam.java
jdk23/debug/DirectInstanceRawParam/javap	0	/Library/Java/JavaVirtualMachines/openjdk-23.0.1/Contents/Home/bin/javap -p -c -s -v -classpath /Users/lordcasser/workspace/projects/jarde/openspec/evidence/raw-receiver-field-selection-2026-10-09/jdk23/debug/input/DirectInstanceRawParam.jar DirectInstanceRawParam
jdk23/debug/DirectInstanceRawParam/original-probe-javac	0	/Library/Java/JavaVirtualMachines/openjdk-23.0.1/Contents/Home/bin/javac --release 8 -g -classpath /var/folders/gm/lzn3ylzx4lz7mx29lftngdz40000gn/T/jarde-raw-receiver-replay-xb4r3xrc/empty-classpath -sourcepath /var/folders/gm/lzn3ylzx4lz7mx29lftngdz40000gn/T/jarde-raw-receiver-replay-xb4r3xrc/empty-sourcepath -d /var/folders/gm/lzn3ylzx4lz7mx29lftngdz40000gn/T/jarde-raw-receiver-replay-xb4r3xrc/original-probe /Users/lordcasser/workspace/projects/jarde/openspec/evidence/raw-receiver-field-selection-2026-10-09/source/ReceiverProbe.java
jdk23/debug/DirectInstanceRawParam/original-run	0	/Library/Java/JavaVirtualMachines/openjdk-23.0.1/Contents/Home/bin/java -Xverify:all -cp /var/folders/gm/lzn3ylzx4lz7mx29lftngdz40000gn/T/jarde-raw-receiver-replay-xb4r3xrc/original:/var/folders/gm/lzn3ylzx4lz7mx29lftngdz40000gn/T/jarde-raw-receiver-replay-xb4r3xrc/original-probe ReceiverProbe DirectInstanceRawParam
jdk23/debug/DirectInstanceRawParam/jarde-DirectInstanceRawParam	0	/private/tmp/jarde-raw-receiver-final-v3-cli class-source --input /Users/lordcasser/workspace/projects/jarde/openspec/evidence/raw-receiver-field-selection-2026-10-09/jdk23/debug/input/DirectInstanceRawParam.jar --class DirectInstanceRawParam --policy plain-jar --release 8 --format text
jdk23/debug/DirectInstanceRawParam/jarde-DirectInstanceRawParam-source-header	0	nonempty self-describing source
jdk23/debug/DirectInstanceRawParam/jarde-javac	0	/Library/Java/JavaVirtualMachines/openjdk-23.0.1/Contents/Home/bin/javac --release 8 -g -classpath /var/folders/gm/lzn3ylzx4lz7mx29lftngdz40000gn/T/jarde-raw-receiver-replay-xb4r3xrc/empty-classpath -sourcepath /var/folders/gm/lzn3ylzx4lz7mx29lftngdz40000gn/T/jarde-raw-receiver-replay-xb4r3xrc/empty-sourcepath -d /var/folders/gm/lzn3ylzx4lz7mx29lftngdz40000gn/T/jarde-raw-receiver-replay-xb4r3xrc/jarde-classes /Users/lordcasser/workspace/projects/jarde/openspec/changes/recover-same-class-generic-call-consumers/results/candidate/gc09-raw-64-baseline-v1/jdk23/debug/jarde/DirectInstanceRawParam.java /Users/lordcasser/workspace/projects/jarde/openspec/evidence/raw-receiver-field-selection-2026-10-09/source/ReceiverProbe.java
jdk23/debug/DirectInstanceRawParam/jarde-verify-run	0	/Library/Java/JavaVirtualMachines/openjdk-23.0.1/Contents/Home/bin/java -Xverify:all -cp /var/folders/gm/lzn3ylzx4lz7mx29lftngdz40000gn/T/jarde-raw-receiver-replay-xb4r3xrc/jarde-classes ReceiverProbe DirectInstanceRawParam
jdk23/debug/DirectInstanceRawParam/jadx	0	/Users/lordcasser/workspace/testzone/jadx/jadx-cli/build/install/jadx/bin/jadx --no-res --single-class DirectInstanceRawParam -d /Users/lordcasser/workspace/projects/jarde/openspec/changes/recover-same-class-generic-call-consumers/results/candidate/gc09-raw-64-baseline-v1/jdk23/debug/jadx/DirectInstanceRawParam /Users/lordcasser/workspace/projects/jarde/openspec/evidence/raw-receiver-field-selection-2026-10-09/jdk23/debug/input/DirectInstanceRawParam.jar
jdk23/debug/DirectInstanceRawParam/jadx-source-header	0	nonempty class source
jdk23/debug/DirectInstanceRawParam/jadx-javac	0	/Library/Java/JavaVirtualMachines/openjdk-23.0.1/Contents/Home/bin/javac --release 8 -g -classpath /var/folders/gm/lzn3ylzx4lz7mx29lftngdz40000gn/T/jarde-raw-receiver-replay-xb4r3xrc/empty-classpath -sourcepath /var/folders/gm/lzn3ylzx4lz7mx29lftngdz40000gn/T/jarde-raw-receiver-replay-xb4r3xrc/empty-sourcepath -d /var/folders/gm/lzn3ylzx4lz7mx29lftngdz40000gn/T/jarde-raw-receiver-replay-xb4r3xrc/jadx-classes /Users/lordcasser/workspace/projects/jarde/openspec/changes/recover-same-class-generic-call-consumers/results/candidate/gc09-raw-64-baseline-v1/jdk23/debug/jadx/DirectInstanceRawParam/sources/defpackage/DirectInstanceRawParam.java /Users/lordcasser/workspace/projects/jarde/openspec/evidence/raw-receiver-field-selection-2026-10-09/source/ReceiverProbe.java
jdk23/debug/DirectInstanceRawParam/jadx-verify-run	0	/Library/Java/JavaVirtualMachines/openjdk-23.0.1/Contents/Home/bin/java -Xverify:all -cp /var/folders/gm/lzn3ylzx4lz7mx29lftngdz40000gn/T/jarde-raw-receiver-replay-xb4r3xrc/jadx-classes ReceiverProbe defpackage.DirectInstanceRawParam
jdk23/no-debug/DirectInstanceRawParam/jar-contents	0	/Library/Java/JavaVirtualMachines/openjdk-23.0.1/Contents/Home/bin/jar tf /Users/lordcasser/workspace/projects/jarde/openspec/evidence/raw-receiver-field-selection-2026-10-09/jdk23/no-debug/input/DirectInstanceRawParam.jar
jdk23/no-debug/DirectInstanceRawParam/original-javac	0	/Library/Java/JavaVirtualMachines/openjdk-23.0.1/Contents/Home/bin/javac --release 8 -g:none -classpath /var/folders/gm/lzn3ylzx4lz7mx29lftngdz40000gn/T/jarde-raw-receiver-replay-0wzhx0r8/empty-classpath -sourcepath /var/folders/gm/lzn3ylzx4lz7mx29lftngdz40000gn/T/jarde-raw-receiver-replay-0wzhx0r8/empty-sourcepath -d /var/folders/gm/lzn3ylzx4lz7mx29lftngdz40000gn/T/jarde-raw-receiver-replay-0wzhx0r8/original /Users/lordcasser/workspace/projects/jarde/openspec/evidence/raw-receiver-field-selection-2026-10-09/source/DirectInstanceRawParam.java
jdk23/no-debug/DirectInstanceRawParam/javap	0	/Library/Java/JavaVirtualMachines/openjdk-23.0.1/Contents/Home/bin/javap -p -c -s -v -classpath /Users/lordcasser/workspace/projects/jarde/openspec/evidence/raw-receiver-field-selection-2026-10-09/jdk23/no-debug/input/DirectInstanceRawParam.jar DirectInstanceRawParam
jdk23/no-debug/DirectInstanceRawParam/original-probe-javac	0	/Library/Java/JavaVirtualMachines/openjdk-23.0.1/Contents/Home/bin/javac --release 8 -g:none -classpath /var/folders/gm/lzn3ylzx4lz7mx29lftngdz40000gn/T/jarde-raw-receiver-replay-0wzhx0r8/empty-classpath -sourcepath /var/folders/gm/lzn3ylzx4lz7mx29lftngdz40000gn/T/jarde-raw-receiver-replay-0wzhx0r8/empty-sourcepath -d /var/folders/gm/lzn3ylzx4lz7mx29lftngdz40000gn/T/jarde-raw-receiver-replay-0wzhx0r8/original-probe /Users/lordcasser/workspace/projects/jarde/openspec/evidence/raw-receiver-field-selection-2026-10-09/source/ReceiverProbe.java
jdk23/no-debug/DirectInstanceRawParam/original-run	0	/Library/Java/JavaVirtualMachines/openjdk-23.0.1/Contents/Home/bin/java -Xverify:all -cp /var/folders/gm/lzn3ylzx4lz7mx29lftngdz40000gn/T/jarde-raw-receiver-replay-0wzhx0r8/original:/var/folders/gm/lzn3ylzx4lz7mx29lftngdz40000gn/T/jarde-raw-receiver-replay-0wzhx0r8/original-probe ReceiverProbe DirectInstanceRawParam
jdk23/no-debug/DirectInstanceRawParam/jarde-DirectInstanceRawParam	0	/private/tmp/jarde-raw-receiver-final-v3-cli class-source --input /Users/lordcasser/workspace/projects/jarde/openspec/evidence/raw-receiver-field-selection-2026-10-09/jdk23/no-debug/input/DirectInstanceRawParam.jar --class DirectInstanceRawParam --policy plain-jar --release 8 --format text
jdk23/no-debug/DirectInstanceRawParam/jarde-DirectInstanceRawParam-source-header	0	nonempty self-describing source
jdk23/no-debug/DirectInstanceRawParam/jarde-javac	0	/Library/Java/JavaVirtualMachines/openjdk-23.0.1/Contents/Home/bin/javac --release 8 -g:none -classpath /var/folders/gm/lzn3ylzx4lz7mx29lftngdz40000gn/T/jarde-raw-receiver-replay-0wzhx0r8/empty-classpath -sourcepath /var/folders/gm/lzn3ylzx4lz7mx29lftngdz40000gn/T/jarde-raw-receiver-replay-0wzhx0r8/empty-sourcepath -d /var/folders/gm/lzn3ylzx4lz7mx29lftngdz40000gn/T/jarde-raw-receiver-replay-0wzhx0r8/jarde-classes /Users/lordcasser/workspace/projects/jarde/openspec/changes/recover-same-class-generic-call-consumers/results/candidate/gc09-raw-64-baseline-v1/jdk23/no-debug/jarde/DirectInstanceRawParam.java /Users/lordcasser/workspace/projects/jarde/openspec/evidence/raw-receiver-field-selection-2026-10-09/source/ReceiverProbe.java
jdk23/no-debug/DirectInstanceRawParam/jarde-verify-run	0	/Library/Java/JavaVirtualMachines/openjdk-23.0.1/Contents/Home/bin/java -Xverify:all -cp /var/folders/gm/lzn3ylzx4lz7mx29lftngdz40000gn/T/jarde-raw-receiver-replay-0wzhx0r8/jarde-classes ReceiverProbe DirectInstanceRawParam
jdk23/no-debug/DirectInstanceRawParam/jadx	0	/Users/lordcasser/workspace/testzone/jadx/jadx-cli/build/install/jadx/bin/jadx --no-res --single-class DirectInstanceRawParam -d /Users/lordcasser/workspace/projects/jarde/openspec/changes/recover-same-class-generic-call-consumers/results/candidate/gc09-raw-64-baseline-v1/jdk23/no-debug/jadx/DirectInstanceRawParam /Users/lordcasser/workspace/projects/jarde/openspec/evidence/raw-receiver-field-selection-2026-10-09/jdk23/no-debug/input/DirectInstanceRawParam.jar
jdk23/no-debug/DirectInstanceRawParam/jadx-source-header	0	nonempty class source
jdk23/no-debug/DirectInstanceRawParam/jadx-javac	0	/Library/Java/JavaVirtualMachines/openjdk-23.0.1/Contents/Home/bin/javac --release 8 -g:none -classpath /var/folders/gm/lzn3ylzx4lz7mx29lftngdz40000gn/T/jarde-raw-receiver-replay-0wzhx0r8/empty-classpath -sourcepath /var/folders/gm/lzn3ylzx4lz7mx29lftngdz40000gn/T/jarde-raw-receiver-replay-0wzhx0r8/empty-sourcepath -d /var/folders/gm/lzn3ylzx4lz7mx29lftngdz40000gn/T/jarde-raw-receiver-replay-0wzhx0r8/jadx-classes /Users/lordcasser/workspace/projects/jarde/openspec/changes/recover-same-class-generic-call-consumers/results/candidate/gc09-raw-64-baseline-v1/jdk23/no-debug/jadx/DirectInstanceRawParam/sources/defpackage/DirectInstanceRawParam.java /Users/lordcasser/workspace/projects/jarde/openspec/evidence/raw-receiver-field-selection-2026-10-09/source/ReceiverProbe.java
jdk23/no-debug/DirectInstanceRawParam/jadx-verify-run	0	/Library/Java/JavaVirtualMachines/openjdk-23.0.1/Contents/Home/bin/java -Xverify:all -cp /var/folders/gm/lzn3ylzx4lz7mx29lftngdz40000gn/T/jarde-raw-receiver-replay-0wzhx0r8/jadx-classes ReceiverProbe defpackage.DirectInstanceRawParam
jdk23/debug/WideRawParam/jar-contents	0	/Library/Java/JavaVirtualMachines/openjdk-23.0.1/Contents/Home/bin/jar tf /Users/lordcasser/workspace/projects/jarde/openspec/evidence/raw-receiver-field-selection-2026-10-09/jdk23/debug/input/WideRawParam.jar
jdk23/debug/WideRawParam/original-javac	0	/Library/Java/JavaVirtualMachines/openjdk-23.0.1/Contents/Home/bin/javac --release 8 -g -classpath /var/folders/gm/lzn3ylzx4lz7mx29lftngdz40000gn/T/jarde-raw-receiver-replay-k5nd_0jg/empty-classpath -sourcepath /var/folders/gm/lzn3ylzx4lz7mx29lftngdz40000gn/T/jarde-raw-receiver-replay-k5nd_0jg/empty-sourcepath -d /var/folders/gm/lzn3ylzx4lz7mx29lftngdz40000gn/T/jarde-raw-receiver-replay-k5nd_0jg/original /Users/lordcasser/workspace/projects/jarde/openspec/evidence/raw-receiver-field-selection-2026-10-09/source/WideRawParam.java
jdk23/debug/WideRawParam/javap	0	/Library/Java/JavaVirtualMachines/openjdk-23.0.1/Contents/Home/bin/javap -p -c -s -v -classpath /Users/lordcasser/workspace/projects/jarde/openspec/evidence/raw-receiver-field-selection-2026-10-09/jdk23/debug/input/WideRawParam.jar WideRawParam
jdk23/debug/WideRawParam/original-probe-javac	0	/Library/Java/JavaVirtualMachines/openjdk-23.0.1/Contents/Home/bin/javac --release 8 -g -classpath /var/folders/gm/lzn3ylzx4lz7mx29lftngdz40000gn/T/jarde-raw-receiver-replay-k5nd_0jg/empty-classpath -sourcepath /var/folders/gm/lzn3ylzx4lz7mx29lftngdz40000gn/T/jarde-raw-receiver-replay-k5nd_0jg/empty-sourcepath -d /var/folders/gm/lzn3ylzx4lz7mx29lftngdz40000gn/T/jarde-raw-receiver-replay-k5nd_0jg/original-probe /Users/lordcasser/workspace/projects/jarde/openspec/evidence/raw-receiver-field-selection-2026-10-09/source/ReceiverProbe.java
jdk23/debug/WideRawParam/original-run	0	/Library/Java/JavaVirtualMachines/openjdk-23.0.1/Contents/Home/bin/java -Xverify:all -cp /var/folders/gm/lzn3ylzx4lz7mx29lftngdz40000gn/T/jarde-raw-receiver-replay-k5nd_0jg/original:/var/folders/gm/lzn3ylzx4lz7mx29lftngdz40000gn/T/jarde-raw-receiver-replay-k5nd_0jg/original-probe ReceiverProbe WideRawParam
jdk23/debug/WideRawParam/jarde-WideRawParam	0	/private/tmp/jarde-raw-receiver-final-v3-cli class-source --input /Users/lordcasser/workspace/projects/jarde/openspec/evidence/raw-receiver-field-selection-2026-10-09/jdk23/debug/input/WideRawParam.jar --class WideRawParam --policy plain-jar --release 8 --format text
jdk23/debug/WideRawParam/jarde-WideRawParam-source-header	0	nonempty self-describing source
jdk23/debug/WideRawParam/jarde-javac	0	/Library/Java/JavaVirtualMachines/openjdk-23.0.1/Contents/Home/bin/javac --release 8 -g -classpath /var/folders/gm/lzn3ylzx4lz7mx29lftngdz40000gn/T/jarde-raw-receiver-replay-k5nd_0jg/empty-classpath -sourcepath /var/folders/gm/lzn3ylzx4lz7mx29lftngdz40000gn/T/jarde-raw-receiver-replay-k5nd_0jg/empty-sourcepath -d /var/folders/gm/lzn3ylzx4lz7mx29lftngdz40000gn/T/jarde-raw-receiver-replay-k5nd_0jg/jarde-classes /Users/lordcasser/workspace/projects/jarde/openspec/changes/recover-same-class-generic-call-consumers/results/candidate/gc09-raw-64-baseline-v1/jdk23/debug/jarde/WideRawParam.java /Users/lordcasser/workspace/projects/jarde/openspec/evidence/raw-receiver-field-selection-2026-10-09/source/ReceiverProbe.java
jdk23/debug/WideRawParam/jarde-verify-run	0	/Library/Java/JavaVirtualMachines/openjdk-23.0.1/Contents/Home/bin/java -Xverify:all -cp /var/folders/gm/lzn3ylzx4lz7mx29lftngdz40000gn/T/jarde-raw-receiver-replay-k5nd_0jg/jarde-classes ReceiverProbe WideRawParam
jdk23/debug/WideRawParam/jadx	0	/Users/lordcasser/workspace/testzone/jadx/jadx-cli/build/install/jadx/bin/jadx --no-res --single-class WideRawParam -d /Users/lordcasser/workspace/projects/jarde/openspec/changes/recover-same-class-generic-call-consumers/results/candidate/gc09-raw-64-baseline-v1/jdk23/debug/jadx/WideRawParam /Users/lordcasser/workspace/projects/jarde/openspec/evidence/raw-receiver-field-selection-2026-10-09/jdk23/debug/input/WideRawParam.jar
jdk23/debug/WideRawParam/jadx-source-header	0	nonempty class source
jdk23/debug/WideRawParam/jadx-javac	0	/Library/Java/JavaVirtualMachines/openjdk-23.0.1/Contents/Home/bin/javac --release 8 -g -classpath /var/folders/gm/lzn3ylzx4lz7mx29lftngdz40000gn/T/jarde-raw-receiver-replay-k5nd_0jg/empty-classpath -sourcepath /var/folders/gm/lzn3ylzx4lz7mx29lftngdz40000gn/T/jarde-raw-receiver-replay-k5nd_0jg/empty-sourcepath -d /var/folders/gm/lzn3ylzx4lz7mx29lftngdz40000gn/T/jarde-raw-receiver-replay-k5nd_0jg/jadx-classes /Users/lordcasser/workspace/projects/jarde/openspec/changes/recover-same-class-generic-call-consumers/results/candidate/gc09-raw-64-baseline-v1/jdk23/debug/jadx/WideRawParam/sources/defpackage/WideRawParam.java /Users/lordcasser/workspace/projects/jarde/openspec/evidence/raw-receiver-field-selection-2026-10-09/source/ReceiverProbe.java
jdk23/debug/WideRawParam/jadx-verify-run	0	/Library/Java/JavaVirtualMachines/openjdk-23.0.1/Contents/Home/bin/java -Xverify:all -cp /var/folders/gm/lzn3ylzx4lz7mx29lftngdz40000gn/T/jarde-raw-receiver-replay-k5nd_0jg/jadx-classes ReceiverProbe defpackage.WideRawParam
jdk23/no-debug/WideRawParam/jar-contents	0	/Library/Java/JavaVirtualMachines/openjdk-23.0.1/Contents/Home/bin/jar tf /Users/lordcasser/workspace/projects/jarde/openspec/evidence/raw-receiver-field-selection-2026-10-09/jdk23/no-debug/input/WideRawParam.jar
jdk23/no-debug/WideRawParam/original-javac	0	/Library/Java/JavaVirtualMachines/openjdk-23.0.1/Contents/Home/bin/javac --release 8 -g:none -classpath /var/folders/gm/lzn3ylzx4lz7mx29lftngdz40000gn/T/jarde-raw-receiver-replay-i2hamt33/empty-classpath -sourcepath /var/folders/gm/lzn3ylzx4lz7mx29lftngdz40000gn/T/jarde-raw-receiver-replay-i2hamt33/empty-sourcepath -d /var/folders/gm/lzn3ylzx4lz7mx29lftngdz40000gn/T/jarde-raw-receiver-replay-i2hamt33/original /Users/lordcasser/workspace/projects/jarde/openspec/evidence/raw-receiver-field-selection-2026-10-09/source/WideRawParam.java
jdk23/no-debug/WideRawParam/javap	0	/Library/Java/JavaVirtualMachines/openjdk-23.0.1/Contents/Home/bin/javap -p -c -s -v -classpath /Users/lordcasser/workspace/projects/jarde/openspec/evidence/raw-receiver-field-selection-2026-10-09/jdk23/no-debug/input/WideRawParam.jar WideRawParam
jdk23/no-debug/WideRawParam/original-probe-javac	0	/Library/Java/JavaVirtualMachines/openjdk-23.0.1/Contents/Home/bin/javac --release 8 -g:none -classpath /var/folders/gm/lzn3ylzx4lz7mx29lftngdz40000gn/T/jarde-raw-receiver-replay-i2hamt33/empty-classpath -sourcepath /var/folders/gm/lzn3ylzx4lz7mx29lftngdz40000gn/T/jarde-raw-receiver-replay-i2hamt33/empty-sourcepath -d /var/folders/gm/lzn3ylzx4lz7mx29lftngdz40000gn/T/jarde-raw-receiver-replay-i2hamt33/original-probe /Users/lordcasser/workspace/projects/jarde/openspec/evidence/raw-receiver-field-selection-2026-10-09/source/ReceiverProbe.java
jdk23/no-debug/WideRawParam/original-run	0	/Library/Java/JavaVirtualMachines/openjdk-23.0.1/Contents/Home/bin/java -Xverify:all -cp /var/folders/gm/lzn3ylzx4lz7mx29lftngdz40000gn/T/jarde-raw-receiver-replay-i2hamt33/original:/var/folders/gm/lzn3ylzx4lz7mx29lftngdz40000gn/T/jarde-raw-receiver-replay-i2hamt33/original-probe ReceiverProbe WideRawParam
jdk23/no-debug/WideRawParam/jarde-WideRawParam	0	/private/tmp/jarde-raw-receiver-final-v3-cli class-source --input /Users/lordcasser/workspace/projects/jarde/openspec/evidence/raw-receiver-field-selection-2026-10-09/jdk23/no-debug/input/WideRawParam.jar --class WideRawParam --policy plain-jar --release 8 --format text
jdk23/no-debug/WideRawParam/jarde-WideRawParam-source-header	0	nonempty self-describing source
jdk23/no-debug/WideRawParam/jarde-javac	0	/Library/Java/JavaVirtualMachines/openjdk-23.0.1/Contents/Home/bin/javac --release 8 -g:none -classpath /var/folders/gm/lzn3ylzx4lz7mx29lftngdz40000gn/T/jarde-raw-receiver-replay-i2hamt33/empty-classpath -sourcepath /var/folders/gm/lzn3ylzx4lz7mx29lftngdz40000gn/T/jarde-raw-receiver-replay-i2hamt33/empty-sourcepath -d /var/folders/gm/lzn3ylzx4lz7mx29lftngdz40000gn/T/jarde-raw-receiver-replay-i2hamt33/jarde-classes /Users/lordcasser/workspace/projects/jarde/openspec/changes/recover-same-class-generic-call-consumers/results/candidate/gc09-raw-64-baseline-v1/jdk23/no-debug/jarde/WideRawParam.java /Users/lordcasser/workspace/projects/jarde/openspec/evidence/raw-receiver-field-selection-2026-10-09/source/ReceiverProbe.java
jdk23/no-debug/WideRawParam/jarde-verify-run	0	/Library/Java/JavaVirtualMachines/openjdk-23.0.1/Contents/Home/bin/java -Xverify:all -cp /var/folders/gm/lzn3ylzx4lz7mx29lftngdz40000gn/T/jarde-raw-receiver-replay-i2hamt33/jarde-classes ReceiverProbe WideRawParam
jdk23/no-debug/WideRawParam/jadx	0	/Users/lordcasser/workspace/testzone/jadx/jadx-cli/build/install/jadx/bin/jadx --no-res --single-class WideRawParam -d /Users/lordcasser/workspace/projects/jarde/openspec/changes/recover-same-class-generic-call-consumers/results/candidate/gc09-raw-64-baseline-v1/jdk23/no-debug/jadx/WideRawParam /Users/lordcasser/workspace/projects/jarde/openspec/evidence/raw-receiver-field-selection-2026-10-09/jdk23/no-debug/input/WideRawParam.jar
jdk23/no-debug/WideRawParam/jadx-source-header	0	nonempty class source
jdk23/no-debug/WideRawParam/jadx-javac	0	/Library/Java/JavaVirtualMachines/openjdk-23.0.1/Contents/Home/bin/javac --release 8 -g:none -classpath /var/folders/gm/lzn3ylzx4lz7mx29lftngdz40000gn/T/jarde-raw-receiver-replay-i2hamt33/empty-classpath -sourcepath /var/folders/gm/lzn3ylzx4lz7mx29lftngdz40000gn/T/jarde-raw-receiver-replay-i2hamt33/empty-sourcepath -d /var/folders/gm/lzn3ylzx4lz7mx29lftngdz40000gn/T/jarde-raw-receiver-replay-i2hamt33/jadx-classes /Users/lordcasser/workspace/projects/jarde/openspec/changes/recover-same-class-generic-call-consumers/results/candidate/gc09-raw-64-baseline-v1/jdk23/no-debug/jadx/WideRawParam/sources/defpackage/WideRawParam.java /Users/lordcasser/workspace/projects/jarde/openspec/evidence/raw-receiver-field-selection-2026-10-09/source/ReceiverProbe.java
jdk23/no-debug/WideRawParam/jadx-verify-run	0	/Library/Java/JavaVirtualMachines/openjdk-23.0.1/Contents/Home/bin/java -Xverify:all -cp /var/folders/gm/lzn3ylzx4lz7mx29lftngdz40000gn/T/jarde-raw-receiver-replay-i2hamt33/jadx-classes ReceiverProbe defpackage.WideRawParam
jdk23/debug/ArrayRawParam/jar-contents	0	/Library/Java/JavaVirtualMachines/openjdk-23.0.1/Contents/Home/bin/jar tf /Users/lordcasser/workspace/projects/jarde/openspec/evidence/raw-receiver-field-selection-2026-10-09/jdk23/debug/input/ArrayRawParam.jar
jdk23/debug/ArrayRawParam/original-javac	0	/Library/Java/JavaVirtualMachines/openjdk-23.0.1/Contents/Home/bin/javac --release 8 -g -classpath /var/folders/gm/lzn3ylzx4lz7mx29lftngdz40000gn/T/jarde-raw-receiver-replay-kt33jkgm/empty-classpath -sourcepath /var/folders/gm/lzn3ylzx4lz7mx29lftngdz40000gn/T/jarde-raw-receiver-replay-kt33jkgm/empty-sourcepath -d /var/folders/gm/lzn3ylzx4lz7mx29lftngdz40000gn/T/jarde-raw-receiver-replay-kt33jkgm/original /Users/lordcasser/workspace/projects/jarde/openspec/evidence/raw-receiver-field-selection-2026-10-09/source/ArrayRawParam.java
jdk23/debug/ArrayRawParam/javap	0	/Library/Java/JavaVirtualMachines/openjdk-23.0.1/Contents/Home/bin/javap -p -c -s -v -classpath /Users/lordcasser/workspace/projects/jarde/openspec/evidence/raw-receiver-field-selection-2026-10-09/jdk23/debug/input/ArrayRawParam.jar ArrayRawParam
jdk23/debug/ArrayRawParam/original-probe-javac	0	/Library/Java/JavaVirtualMachines/openjdk-23.0.1/Contents/Home/bin/javac --release 8 -g -classpath /var/folders/gm/lzn3ylzx4lz7mx29lftngdz40000gn/T/jarde-raw-receiver-replay-kt33jkgm/empty-classpath -sourcepath /var/folders/gm/lzn3ylzx4lz7mx29lftngdz40000gn/T/jarde-raw-receiver-replay-kt33jkgm/empty-sourcepath -d /var/folders/gm/lzn3ylzx4lz7mx29lftngdz40000gn/T/jarde-raw-receiver-replay-kt33jkgm/original-probe /Users/lordcasser/workspace/projects/jarde/openspec/evidence/raw-receiver-field-selection-2026-10-09/source/ReceiverProbe.java
jdk23/debug/ArrayRawParam/original-run	0	/Library/Java/JavaVirtualMachines/openjdk-23.0.1/Contents/Home/bin/java -Xverify:all -cp /var/folders/gm/lzn3ylzx4lz7mx29lftngdz40000gn/T/jarde-raw-receiver-replay-kt33jkgm/original:/var/folders/gm/lzn3ylzx4lz7mx29lftngdz40000gn/T/jarde-raw-receiver-replay-kt33jkgm/original-probe ReceiverProbe ArrayRawParam
jdk23/debug/ArrayRawParam/jarde-ArrayRawParam	0	/private/tmp/jarde-raw-receiver-final-v3-cli class-source --input /Users/lordcasser/workspace/projects/jarde/openspec/evidence/raw-receiver-field-selection-2026-10-09/jdk23/debug/input/ArrayRawParam.jar --class ArrayRawParam --policy plain-jar --release 8 --format text
jdk23/debug/ArrayRawParam/jarde-ArrayRawParam-source-header	0	nonempty self-describing source
jdk23/debug/ArrayRawParam/jarde-javac	0	/Library/Java/JavaVirtualMachines/openjdk-23.0.1/Contents/Home/bin/javac --release 8 -g -classpath /var/folders/gm/lzn3ylzx4lz7mx29lftngdz40000gn/T/jarde-raw-receiver-replay-kt33jkgm/empty-classpath -sourcepath /var/folders/gm/lzn3ylzx4lz7mx29lftngdz40000gn/T/jarde-raw-receiver-replay-kt33jkgm/empty-sourcepath -d /var/folders/gm/lzn3ylzx4lz7mx29lftngdz40000gn/T/jarde-raw-receiver-replay-kt33jkgm/jarde-classes /Users/lordcasser/workspace/projects/jarde/openspec/changes/recover-same-class-generic-call-consumers/results/candidate/gc09-raw-64-baseline-v1/jdk23/debug/jarde/ArrayRawParam.java /Users/lordcasser/workspace/projects/jarde/openspec/evidence/raw-receiver-field-selection-2026-10-09/source/ReceiverProbe.java
jdk23/debug/ArrayRawParam/jarde-verify-run	0	/Library/Java/JavaVirtualMachines/openjdk-23.0.1/Contents/Home/bin/java -Xverify:all -cp /var/folders/gm/lzn3ylzx4lz7mx29lftngdz40000gn/T/jarde-raw-receiver-replay-kt33jkgm/jarde-classes ReceiverProbe ArrayRawParam
jdk23/debug/ArrayRawParam/jadx	0	/Users/lordcasser/workspace/testzone/jadx/jadx-cli/build/install/jadx/bin/jadx --no-res --single-class ArrayRawParam -d /Users/lordcasser/workspace/projects/jarde/openspec/changes/recover-same-class-generic-call-consumers/results/candidate/gc09-raw-64-baseline-v1/jdk23/debug/jadx/ArrayRawParam /Users/lordcasser/workspace/projects/jarde/openspec/evidence/raw-receiver-field-selection-2026-10-09/jdk23/debug/input/ArrayRawParam.jar
jdk23/debug/ArrayRawParam/jadx-source-header	0	nonempty class source
jdk23/debug/ArrayRawParam/jadx-javac	0	/Library/Java/JavaVirtualMachines/openjdk-23.0.1/Contents/Home/bin/javac --release 8 -g -classpath /var/folders/gm/lzn3ylzx4lz7mx29lftngdz40000gn/T/jarde-raw-receiver-replay-kt33jkgm/empty-classpath -sourcepath /var/folders/gm/lzn3ylzx4lz7mx29lftngdz40000gn/T/jarde-raw-receiver-replay-kt33jkgm/empty-sourcepath -d /var/folders/gm/lzn3ylzx4lz7mx29lftngdz40000gn/T/jarde-raw-receiver-replay-kt33jkgm/jadx-classes /Users/lordcasser/workspace/projects/jarde/openspec/changes/recover-same-class-generic-call-consumers/results/candidate/gc09-raw-64-baseline-v1/jdk23/debug/jadx/ArrayRawParam/sources/defpackage/ArrayRawParam.java /Users/lordcasser/workspace/projects/jarde/openspec/evidence/raw-receiver-field-selection-2026-10-09/source/ReceiverProbe.java
jdk23/debug/ArrayRawParam/jadx-verify-run	0	/Library/Java/JavaVirtualMachines/openjdk-23.0.1/Contents/Home/bin/java -Xverify:all -cp /var/folders/gm/lzn3ylzx4lz7mx29lftngdz40000gn/T/jarde-raw-receiver-replay-kt33jkgm/jadx-classes ReceiverProbe defpackage.ArrayRawParam
jdk23/no-debug/ArrayRawParam/jar-contents	0	/Library/Java/JavaVirtualMachines/openjdk-23.0.1/Contents/Home/bin/jar tf /Users/lordcasser/workspace/projects/jarde/openspec/evidence/raw-receiver-field-selection-2026-10-09/jdk23/no-debug/input/ArrayRawParam.jar
jdk23/no-debug/ArrayRawParam/original-javac	0	/Library/Java/JavaVirtualMachines/openjdk-23.0.1/Contents/Home/bin/javac --release 8 -g:none -classpath /var/folders/gm/lzn3ylzx4lz7mx29lftngdz40000gn/T/jarde-raw-receiver-replay-d1yksgki/empty-classpath -sourcepath /var/folders/gm/lzn3ylzx4lz7mx29lftngdz40000gn/T/jarde-raw-receiver-replay-d1yksgki/empty-sourcepath -d /var/folders/gm/lzn3ylzx4lz7mx29lftngdz40000gn/T/jarde-raw-receiver-replay-d1yksgki/original /Users/lordcasser/workspace/projects/jarde/openspec/evidence/raw-receiver-field-selection-2026-10-09/source/ArrayRawParam.java
jdk23/no-debug/ArrayRawParam/javap	0	/Library/Java/JavaVirtualMachines/openjdk-23.0.1/Contents/Home/bin/javap -p -c -s -v -classpath /Users/lordcasser/workspace/projects/jarde/openspec/evidence/raw-receiver-field-selection-2026-10-09/jdk23/no-debug/input/ArrayRawParam.jar ArrayRawParam
jdk23/no-debug/ArrayRawParam/original-probe-javac	0	/Library/Java/JavaVirtualMachines/openjdk-23.0.1/Contents/Home/bin/javac --release 8 -g:none -classpath /var/folders/gm/lzn3ylzx4lz7mx29lftngdz40000gn/T/jarde-raw-receiver-replay-d1yksgki/empty-classpath -sourcepath /var/folders/gm/lzn3ylzx4lz7mx29lftngdz40000gn/T/jarde-raw-receiver-replay-d1yksgki/empty-sourcepath -d /var/folders/gm/lzn3ylzx4lz7mx29lftngdz40000gn/T/jarde-raw-receiver-replay-d1yksgki/original-probe /Users/lordcasser/workspace/projects/jarde/openspec/evidence/raw-receiver-field-selection-2026-10-09/source/ReceiverProbe.java
jdk23/no-debug/ArrayRawParam/original-run	0	/Library/Java/JavaVirtualMachines/openjdk-23.0.1/Contents/Home/bin/java -Xverify:all -cp /var/folders/gm/lzn3ylzx4lz7mx29lftngdz40000gn/T/jarde-raw-receiver-replay-d1yksgki/original:/var/folders/gm/lzn3ylzx4lz7mx29lftngdz40000gn/T/jarde-raw-receiver-replay-d1yksgki/original-probe ReceiverProbe ArrayRawParam
jdk23/no-debug/ArrayRawParam/jarde-ArrayRawParam	0	/private/tmp/jarde-raw-receiver-final-v3-cli class-source --input /Users/lordcasser/workspace/projects/jarde/openspec/evidence/raw-receiver-field-selection-2026-10-09/jdk23/no-debug/input/ArrayRawParam.jar --class ArrayRawParam --policy plain-jar --release 8 --format text
jdk23/no-debug/ArrayRawParam/jarde-ArrayRawParam-source-header	0	nonempty self-describing source
jdk23/no-debug/ArrayRawParam/jarde-javac	0	/Library/Java/JavaVirtualMachines/openjdk-23.0.1/Contents/Home/bin/javac --release 8 -g:none -classpath /var/folders/gm/lzn3ylzx4lz7mx29lftngdz40000gn/T/jarde-raw-receiver-replay-d1yksgki/empty-classpath -sourcepath /var/folders/gm/lzn3ylzx4lz7mx29lftngdz40000gn/T/jarde-raw-receiver-replay-d1yksgki/empty-sourcepath -d /var/folders/gm/lzn3ylzx4lz7mx29lftngdz40000gn/T/jarde-raw-receiver-replay-d1yksgki/jarde-classes /Users/lordcasser/workspace/projects/jarde/openspec/changes/recover-same-class-generic-call-consumers/results/candidate/gc09-raw-64-baseline-v1/jdk23/no-debug/jarde/ArrayRawParam.java /Users/lordcasser/workspace/projects/jarde/openspec/evidence/raw-receiver-field-selection-2026-10-09/source/ReceiverProbe.java
jdk23/no-debug/ArrayRawParam/jarde-verify-run	0	/Library/Java/JavaVirtualMachines/openjdk-23.0.1/Contents/Home/bin/java -Xverify:all -cp /var/folders/gm/lzn3ylzx4lz7mx29lftngdz40000gn/T/jarde-raw-receiver-replay-d1yksgki/jarde-classes ReceiverProbe ArrayRawParam
jdk23/no-debug/ArrayRawParam/jadx	0	/Users/lordcasser/workspace/testzone/jadx/jadx-cli/build/install/jadx/bin/jadx --no-res --single-class ArrayRawParam -d /Users/lordcasser/workspace/projects/jarde/openspec/changes/recover-same-class-generic-call-consumers/results/candidate/gc09-raw-64-baseline-v1/jdk23/no-debug/jadx/ArrayRawParam /Users/lordcasser/workspace/projects/jarde/openspec/evidence/raw-receiver-field-selection-2026-10-09/jdk23/no-debug/input/ArrayRawParam.jar
jdk23/no-debug/ArrayRawParam/jadx-source-header	0	nonempty class source
jdk23/no-debug/ArrayRawParam/jadx-javac	0	/Library/Java/JavaVirtualMachines/openjdk-23.0.1/Contents/Home/bin/javac --release 8 -g:none -classpath /var/folders/gm/lzn3ylzx4lz7mx29lftngdz40000gn/T/jarde-raw-receiver-replay-d1yksgki/empty-classpath -sourcepath /var/folders/gm/lzn3ylzx4lz7mx29lftngdz40000gn/T/jarde-raw-receiver-replay-d1yksgki/empty-sourcepath -d /var/folders/gm/lzn3ylzx4lz7mx29lftngdz40000gn/T/jarde-raw-receiver-replay-d1yksgki/jadx-classes /Users/lordcasser/workspace/projects/jarde/openspec/changes/recover-same-class-generic-call-consumers/results/candidate/gc09-raw-64-baseline-v1/jdk23/no-debug/jadx/ArrayRawParam/sources/defpackage/ArrayRawParam.java /Users/lordcasser/workspace/projects/jarde/openspec/evidence/raw-receiver-field-selection-2026-10-09/source/ReceiverProbe.java
jdk23/no-debug/ArrayRawParam/jadx-verify-run	0	/Library/Java/JavaVirtualMachines/openjdk-23.0.1/Contents/Home/bin/java -Xverify:all -cp /var/folders/gm/lzn3ylzx4lz7mx29lftngdz40000gn/T/jarde-raw-receiver-replay-d1yksgki/jadx-classes ReceiverProbe defpackage.ArrayRawParam
jdk23/debug/Array2DRawParam/jar-contents	0	/Library/Java/JavaVirtualMachines/openjdk-23.0.1/Contents/Home/bin/jar tf /Users/lordcasser/workspace/projects/jarde/openspec/evidence/raw-receiver-field-selection-2026-10-09/jdk23/debug/input/Array2DRawParam.jar
jdk23/debug/Array2DRawParam/original-javac	0	/Library/Java/JavaVirtualMachines/openjdk-23.0.1/Contents/Home/bin/javac --release 8 -g -classpath /var/folders/gm/lzn3ylzx4lz7mx29lftngdz40000gn/T/jarde-raw-receiver-replay-vs8i8rnx/empty-classpath -sourcepath /var/folders/gm/lzn3ylzx4lz7mx29lftngdz40000gn/T/jarde-raw-receiver-replay-vs8i8rnx/empty-sourcepath -d /var/folders/gm/lzn3ylzx4lz7mx29lftngdz40000gn/T/jarde-raw-receiver-replay-vs8i8rnx/original /Users/lordcasser/workspace/projects/jarde/openspec/evidence/raw-receiver-field-selection-2026-10-09/source/Array2DRawParam.java
jdk23/debug/Array2DRawParam/javap	0	/Library/Java/JavaVirtualMachines/openjdk-23.0.1/Contents/Home/bin/javap -p -c -s -v -classpath /Users/lordcasser/workspace/projects/jarde/openspec/evidence/raw-receiver-field-selection-2026-10-09/jdk23/debug/input/Array2DRawParam.jar Array2DRawParam
jdk23/debug/Array2DRawParam/original-probe-javac	0	/Library/Java/JavaVirtualMachines/openjdk-23.0.1/Contents/Home/bin/javac --release 8 -g -classpath /var/folders/gm/lzn3ylzx4lz7mx29lftngdz40000gn/T/jarde-raw-receiver-replay-vs8i8rnx/empty-classpath -sourcepath /var/folders/gm/lzn3ylzx4lz7mx29lftngdz40000gn/T/jarde-raw-receiver-replay-vs8i8rnx/empty-sourcepath -d /var/folders/gm/lzn3ylzx4lz7mx29lftngdz40000gn/T/jarde-raw-receiver-replay-vs8i8rnx/original-probe /Users/lordcasser/workspace/projects/jarde/openspec/evidence/raw-receiver-field-selection-2026-10-09/source/ReceiverProbe.java
jdk23/debug/Array2DRawParam/original-run	0	/Library/Java/JavaVirtualMachines/openjdk-23.0.1/Contents/Home/bin/java -Xverify:all -cp /var/folders/gm/lzn3ylzx4lz7mx29lftngdz40000gn/T/jarde-raw-receiver-replay-vs8i8rnx/original:/var/folders/gm/lzn3ylzx4lz7mx29lftngdz40000gn/T/jarde-raw-receiver-replay-vs8i8rnx/original-probe ReceiverProbe Array2DRawParam
jdk23/debug/Array2DRawParam/jarde-Array2DRawParam	0	/private/tmp/jarde-raw-receiver-final-v3-cli class-source --input /Users/lordcasser/workspace/projects/jarde/openspec/evidence/raw-receiver-field-selection-2026-10-09/jdk23/debug/input/Array2DRawParam.jar --class Array2DRawParam --policy plain-jar --release 8 --format text
jdk23/debug/Array2DRawParam/jarde-Array2DRawParam-source-header	0	nonempty self-describing source
jdk23/debug/Array2DRawParam/jarde-javac	0	/Library/Java/JavaVirtualMachines/openjdk-23.0.1/Contents/Home/bin/javac --release 8 -g -classpath /var/folders/gm/lzn3ylzx4lz7mx29lftngdz40000gn/T/jarde-raw-receiver-replay-vs8i8rnx/empty-classpath -sourcepath /var/folders/gm/lzn3ylzx4lz7mx29lftngdz40000gn/T/jarde-raw-receiver-replay-vs8i8rnx/empty-sourcepath -d /var/folders/gm/lzn3ylzx4lz7mx29lftngdz40000gn/T/jarde-raw-receiver-replay-vs8i8rnx/jarde-classes /Users/lordcasser/workspace/projects/jarde/openspec/changes/recover-same-class-generic-call-consumers/results/candidate/gc09-raw-64-baseline-v1/jdk23/debug/jarde/Array2DRawParam.java /Users/lordcasser/workspace/projects/jarde/openspec/evidence/raw-receiver-field-selection-2026-10-09/source/ReceiverProbe.java
jdk23/debug/Array2DRawParam/jarde-verify-run	0	/Library/Java/JavaVirtualMachines/openjdk-23.0.1/Contents/Home/bin/java -Xverify:all -cp /var/folders/gm/lzn3ylzx4lz7mx29lftngdz40000gn/T/jarde-raw-receiver-replay-vs8i8rnx/jarde-classes ReceiverProbe Array2DRawParam
jdk23/debug/Array2DRawParam/jadx	0	/Users/lordcasser/workspace/testzone/jadx/jadx-cli/build/install/jadx/bin/jadx --no-res --single-class Array2DRawParam -d /Users/lordcasser/workspace/projects/jarde/openspec/changes/recover-same-class-generic-call-consumers/results/candidate/gc09-raw-64-baseline-v1/jdk23/debug/jadx/Array2DRawParam /Users/lordcasser/workspace/projects/jarde/openspec/evidence/raw-receiver-field-selection-2026-10-09/jdk23/debug/input/Array2DRawParam.jar
jdk23/debug/Array2DRawParam/jadx-source-header	0	nonempty class source
jdk23/debug/Array2DRawParam/jadx-javac	0	/Library/Java/JavaVirtualMachines/openjdk-23.0.1/Contents/Home/bin/javac --release 8 -g -classpath /var/folders/gm/lzn3ylzx4lz7mx29lftngdz40000gn/T/jarde-raw-receiver-replay-vs8i8rnx/empty-classpath -sourcepath /var/folders/gm/lzn3ylzx4lz7mx29lftngdz40000gn/T/jarde-raw-receiver-replay-vs8i8rnx/empty-sourcepath -d /var/folders/gm/lzn3ylzx4lz7mx29lftngdz40000gn/T/jarde-raw-receiver-replay-vs8i8rnx/jadx-classes /Users/lordcasser/workspace/projects/jarde/openspec/changes/recover-same-class-generic-call-consumers/results/candidate/gc09-raw-64-baseline-v1/jdk23/debug/jadx/Array2DRawParam/sources/defpackage/Array2DRawParam.java /Users/lordcasser/workspace/projects/jarde/openspec/evidence/raw-receiver-field-selection-2026-10-09/source/ReceiverProbe.java
jdk23/debug/Array2DRawParam/jadx-verify-run	0	/Library/Java/JavaVirtualMachines/openjdk-23.0.1/Contents/Home/bin/java -Xverify:all -cp /var/folders/gm/lzn3ylzx4lz7mx29lftngdz40000gn/T/jarde-raw-receiver-replay-vs8i8rnx/jadx-classes ReceiverProbe defpackage.Array2DRawParam
jdk23/no-debug/Array2DRawParam/jar-contents	0	/Library/Java/JavaVirtualMachines/openjdk-23.0.1/Contents/Home/bin/jar tf /Users/lordcasser/workspace/projects/jarde/openspec/evidence/raw-receiver-field-selection-2026-10-09/jdk23/no-debug/input/Array2DRawParam.jar
jdk23/no-debug/Array2DRawParam/original-javac	0	/Library/Java/JavaVirtualMachines/openjdk-23.0.1/Contents/Home/bin/javac --release 8 -g:none -classpath /var/folders/gm/lzn3ylzx4lz7mx29lftngdz40000gn/T/jarde-raw-receiver-replay-rkobu4yr/empty-classpath -sourcepath /var/folders/gm/lzn3ylzx4lz7mx29lftngdz40000gn/T/jarde-raw-receiver-replay-rkobu4yr/empty-sourcepath -d /var/folders/gm/lzn3ylzx4lz7mx29lftngdz40000gn/T/jarde-raw-receiver-replay-rkobu4yr/original /Users/lordcasser/workspace/projects/jarde/openspec/evidence/raw-receiver-field-selection-2026-10-09/source/Array2DRawParam.java
jdk23/no-debug/Array2DRawParam/javap	0	/Library/Java/JavaVirtualMachines/openjdk-23.0.1/Contents/Home/bin/javap -p -c -s -v -classpath /Users/lordcasser/workspace/projects/jarde/openspec/evidence/raw-receiver-field-selection-2026-10-09/jdk23/no-debug/input/Array2DRawParam.jar Array2DRawParam
jdk23/no-debug/Array2DRawParam/original-probe-javac	0	/Library/Java/JavaVirtualMachines/openjdk-23.0.1/Contents/Home/bin/javac --release 8 -g:none -classpath /var/folders/gm/lzn3ylzx4lz7mx29lftngdz40000gn/T/jarde-raw-receiver-replay-rkobu4yr/empty-classpath -sourcepath /var/folders/gm/lzn3ylzx4lz7mx29lftngdz40000gn/T/jarde-raw-receiver-replay-rkobu4yr/empty-sourcepath -d /var/folders/gm/lzn3ylzx4lz7mx29lftngdz40000gn/T/jarde-raw-receiver-replay-rkobu4yr/original-probe /Users/lordcasser/workspace/projects/jarde/openspec/evidence/raw-receiver-field-selection-2026-10-09/source/ReceiverProbe.java
jdk23/no-debug/Array2DRawParam/original-run	0	/Library/Java/JavaVirtualMachines/openjdk-23.0.1/Contents/Home/bin/java -Xverify:all -cp /var/folders/gm/lzn3ylzx4lz7mx29lftngdz40000gn/T/jarde-raw-receiver-replay-rkobu4yr/original:/var/folders/gm/lzn3ylzx4lz7mx29lftngdz40000gn/T/jarde-raw-receiver-replay-rkobu4yr/original-probe ReceiverProbe Array2DRawParam
jdk23/no-debug/Array2DRawParam/jarde-Array2DRawParam	0	/private/tmp/jarde-raw-receiver-final-v3-cli class-source --input /Users/lordcasser/workspace/projects/jarde/openspec/evidence/raw-receiver-field-selection-2026-10-09/jdk23/no-debug/input/Array2DRawParam.jar --class Array2DRawParam --policy plain-jar --release 8 --format text
jdk23/no-debug/Array2DRawParam/jarde-Array2DRawParam-source-header	0	nonempty self-describing source
jdk23/no-debug/Array2DRawParam/jarde-javac	0	/Library/Java/JavaVirtualMachines/openjdk-23.0.1/Contents/Home/bin/javac --release 8 -g:none -classpath /var/folders/gm/lzn3ylzx4lz7mx29lftngdz40000gn/T/jarde-raw-receiver-replay-rkobu4yr/empty-classpath -sourcepath /var/folders/gm/lzn3ylzx4lz7mx29lftngdz40000gn/T/jarde-raw-receiver-replay-rkobu4yr/empty-sourcepath -d /var/folders/gm/lzn3ylzx4lz7mx29lftngdz40000gn/T/jarde-raw-receiver-replay-rkobu4yr/jarde-classes /Users/lordcasser/workspace/projects/jarde/openspec/changes/recover-same-class-generic-call-consumers/results/candidate/gc09-raw-64-baseline-v1/jdk23/no-debug/jarde/Array2DRawParam.java /Users/lordcasser/workspace/projects/jarde/openspec/evidence/raw-receiver-field-selection-2026-10-09/source/ReceiverProbe.java
jdk23/no-debug/Array2DRawParam/jarde-verify-run	0	/Library/Java/JavaVirtualMachines/openjdk-23.0.1/Contents/Home/bin/java -Xverify:all -cp /var/folders/gm/lzn3ylzx4lz7mx29lftngdz40000gn/T/jarde-raw-receiver-replay-rkobu4yr/jarde-classes ReceiverProbe Array2DRawParam
jdk23/no-debug/Array2DRawParam/jadx	0	/Users/lordcasser/workspace/testzone/jadx/jadx-cli/build/install/jadx/bin/jadx --no-res --single-class Array2DRawParam -d /Users/lordcasser/workspace/projects/jarde/openspec/changes/recover-same-class-generic-call-consumers/results/candidate/gc09-raw-64-baseline-v1/jdk23/no-debug/jadx/Array2DRawParam /Users/lordcasser/workspace/projects/jarde/openspec/evidence/raw-receiver-field-selection-2026-10-09/jdk23/no-debug/input/Array2DRawParam.jar
jdk23/no-debug/Array2DRawParam/jadx-source-header	0	nonempty class source
jdk23/no-debug/Array2DRawParam/jadx-javac	0	/Library/Java/JavaVirtualMachines/openjdk-23.0.1/Contents/Home/bin/javac --release 8 -g:none -classpath /var/folders/gm/lzn3ylzx4lz7mx29lftngdz40000gn/T/jarde-raw-receiver-replay-rkobu4yr/empty-classpath -sourcepath /var/folders/gm/lzn3ylzx4lz7mx29lftngdz40000gn/T/jarde-raw-receiver-replay-rkobu4yr/empty-sourcepath -d /var/folders/gm/lzn3ylzx4lz7mx29lftngdz40000gn/T/jarde-raw-receiver-replay-rkobu4yr/jadx-classes /Users/lordcasser/workspace/projects/jarde/openspec/changes/recover-same-class-generic-call-consumers/results/candidate/gc09-raw-64-baseline-v1/jdk23/no-debug/jadx/Array2DRawParam/sources/defpackage/Array2DRawParam.java /Users/lordcasser/workspace/projects/jarde/openspec/evidence/raw-receiver-field-selection-2026-10-09/source/ReceiverProbe.java
jdk23/no-debug/Array2DRawParam/jadx-verify-run	0	/Library/Java/JavaVirtualMachines/openjdk-23.0.1/Contents/Home/bin/java -Xverify:all -cp /var/folders/gm/lzn3ylzx4lz7mx29lftngdz40000gn/T/jarde-raw-receiver-replay-rkobu4yr/jadx-classes ReceiverProbe defpackage.Array2DRawParam
jdk23/debug/PrimitiveArrayRawParam/jar-contents	0	/Library/Java/JavaVirtualMachines/openjdk-23.0.1/Contents/Home/bin/jar tf /Users/lordcasser/workspace/projects/jarde/openspec/evidence/raw-receiver-field-selection-2026-10-09/jdk23/debug/input/PrimitiveArrayRawParam.jar
jdk23/debug/PrimitiveArrayRawParam/original-javac	0	/Library/Java/JavaVirtualMachines/openjdk-23.0.1/Contents/Home/bin/javac --release 8 -g -classpath /var/folders/gm/lzn3ylzx4lz7mx29lftngdz40000gn/T/jarde-raw-receiver-replay-h1wzb4ah/empty-classpath -sourcepath /var/folders/gm/lzn3ylzx4lz7mx29lftngdz40000gn/T/jarde-raw-receiver-replay-h1wzb4ah/empty-sourcepath -d /var/folders/gm/lzn3ylzx4lz7mx29lftngdz40000gn/T/jarde-raw-receiver-replay-h1wzb4ah/original /Users/lordcasser/workspace/projects/jarde/openspec/evidence/raw-receiver-field-selection-2026-10-09/source/PrimitiveArrayRawParam.java
jdk23/debug/PrimitiveArrayRawParam/javap	0	/Library/Java/JavaVirtualMachines/openjdk-23.0.1/Contents/Home/bin/javap -p -c -s -v -classpath /Users/lordcasser/workspace/projects/jarde/openspec/evidence/raw-receiver-field-selection-2026-10-09/jdk23/debug/input/PrimitiveArrayRawParam.jar PrimitiveArrayRawParam
jdk23/debug/PrimitiveArrayRawParam/original-probe-javac	0	/Library/Java/JavaVirtualMachines/openjdk-23.0.1/Contents/Home/bin/javac --release 8 -g -classpath /var/folders/gm/lzn3ylzx4lz7mx29lftngdz40000gn/T/jarde-raw-receiver-replay-h1wzb4ah/empty-classpath -sourcepath /var/folders/gm/lzn3ylzx4lz7mx29lftngdz40000gn/T/jarde-raw-receiver-replay-h1wzb4ah/empty-sourcepath -d /var/folders/gm/lzn3ylzx4lz7mx29lftngdz40000gn/T/jarde-raw-receiver-replay-h1wzb4ah/original-probe /Users/lordcasser/workspace/projects/jarde/openspec/evidence/raw-receiver-field-selection-2026-10-09/source/ReceiverProbe.java
jdk23/debug/PrimitiveArrayRawParam/original-run	0	/Library/Java/JavaVirtualMachines/openjdk-23.0.1/Contents/Home/bin/java -Xverify:all -cp /var/folders/gm/lzn3ylzx4lz7mx29lftngdz40000gn/T/jarde-raw-receiver-replay-h1wzb4ah/original:/var/folders/gm/lzn3ylzx4lz7mx29lftngdz40000gn/T/jarde-raw-receiver-replay-h1wzb4ah/original-probe ReceiverProbe PrimitiveArrayRawParam
jdk23/debug/PrimitiveArrayRawParam/jarde-PrimitiveArrayRawParam	0	/private/tmp/jarde-raw-receiver-final-v3-cli class-source --input /Users/lordcasser/workspace/projects/jarde/openspec/evidence/raw-receiver-field-selection-2026-10-09/jdk23/debug/input/PrimitiveArrayRawParam.jar --class PrimitiveArrayRawParam --policy plain-jar --release 8 --format text
jdk23/debug/PrimitiveArrayRawParam/jarde-PrimitiveArrayRawParam-source-header	0	nonempty self-describing source
jdk23/debug/PrimitiveArrayRawParam/jarde-javac	0	/Library/Java/JavaVirtualMachines/openjdk-23.0.1/Contents/Home/bin/javac --release 8 -g -classpath /var/folders/gm/lzn3ylzx4lz7mx29lftngdz40000gn/T/jarde-raw-receiver-replay-h1wzb4ah/empty-classpath -sourcepath /var/folders/gm/lzn3ylzx4lz7mx29lftngdz40000gn/T/jarde-raw-receiver-replay-h1wzb4ah/empty-sourcepath -d /var/folders/gm/lzn3ylzx4lz7mx29lftngdz40000gn/T/jarde-raw-receiver-replay-h1wzb4ah/jarde-classes /Users/lordcasser/workspace/projects/jarde/openspec/changes/recover-same-class-generic-call-consumers/results/candidate/gc09-raw-64-baseline-v1/jdk23/debug/jarde/PrimitiveArrayRawParam.java /Users/lordcasser/workspace/projects/jarde/openspec/evidence/raw-receiver-field-selection-2026-10-09/source/ReceiverProbe.java
jdk23/debug/PrimitiveArrayRawParam/jarde-verify-run	0	/Library/Java/JavaVirtualMachines/openjdk-23.0.1/Contents/Home/bin/java -Xverify:all -cp /var/folders/gm/lzn3ylzx4lz7mx29lftngdz40000gn/T/jarde-raw-receiver-replay-h1wzb4ah/jarde-classes ReceiverProbe PrimitiveArrayRawParam
jdk23/debug/PrimitiveArrayRawParam/jadx	0	/Users/lordcasser/workspace/testzone/jadx/jadx-cli/build/install/jadx/bin/jadx --no-res --single-class PrimitiveArrayRawParam -d /Users/lordcasser/workspace/projects/jarde/openspec/changes/recover-same-class-generic-call-consumers/results/candidate/gc09-raw-64-baseline-v1/jdk23/debug/jadx/PrimitiveArrayRawParam /Users/lordcasser/workspace/projects/jarde/openspec/evidence/raw-receiver-field-selection-2026-10-09/jdk23/debug/input/PrimitiveArrayRawParam.jar
jdk23/debug/PrimitiveArrayRawParam/jadx-source-header	0	nonempty class source
jdk23/debug/PrimitiveArrayRawParam/jadx-javac	0	/Library/Java/JavaVirtualMachines/openjdk-23.0.1/Contents/Home/bin/javac --release 8 -g -classpath /var/folders/gm/lzn3ylzx4lz7mx29lftngdz40000gn/T/jarde-raw-receiver-replay-h1wzb4ah/empty-classpath -sourcepath /var/folders/gm/lzn3ylzx4lz7mx29lftngdz40000gn/T/jarde-raw-receiver-replay-h1wzb4ah/empty-sourcepath -d /var/folders/gm/lzn3ylzx4lz7mx29lftngdz40000gn/T/jarde-raw-receiver-replay-h1wzb4ah/jadx-classes /Users/lordcasser/workspace/projects/jarde/openspec/changes/recover-same-class-generic-call-consumers/results/candidate/gc09-raw-64-baseline-v1/jdk23/debug/jadx/PrimitiveArrayRawParam/sources/defpackage/PrimitiveArrayRawParam.java /Users/lordcasser/workspace/projects/jarde/openspec/evidence/raw-receiver-field-selection-2026-10-09/source/ReceiverProbe.java
jdk23/debug/PrimitiveArrayRawParam/jadx-verify-run	0	/Library/Java/JavaVirtualMachines/openjdk-23.0.1/Contents/Home/bin/java -Xverify:all -cp /var/folders/gm/lzn3ylzx4lz7mx29lftngdz40000gn/T/jarde-raw-receiver-replay-h1wzb4ah/jadx-classes ReceiverProbe defpackage.PrimitiveArrayRawParam
jdk23/no-debug/PrimitiveArrayRawParam/jar-contents	0	/Library/Java/JavaVirtualMachines/openjdk-23.0.1/Contents/Home/bin/jar tf /Users/lordcasser/workspace/projects/jarde/openspec/evidence/raw-receiver-field-selection-2026-10-09/jdk23/no-debug/input/PrimitiveArrayRawParam.jar
jdk23/no-debug/PrimitiveArrayRawParam/original-javac	0	/Library/Java/JavaVirtualMachines/openjdk-23.0.1/Contents/Home/bin/javac --release 8 -g:none -classpath /var/folders/gm/lzn3ylzx4lz7mx29lftngdz40000gn/T/jarde-raw-receiver-replay-2cuzmneh/empty-classpath -sourcepath /var/folders/gm/lzn3ylzx4lz7mx29lftngdz40000gn/T/jarde-raw-receiver-replay-2cuzmneh/empty-sourcepath -d /var/folders/gm/lzn3ylzx4lz7mx29lftngdz40000gn/T/jarde-raw-receiver-replay-2cuzmneh/original /Users/lordcasser/workspace/projects/jarde/openspec/evidence/raw-receiver-field-selection-2026-10-09/source/PrimitiveArrayRawParam.java
jdk23/no-debug/PrimitiveArrayRawParam/javap	0	/Library/Java/JavaVirtualMachines/openjdk-23.0.1/Contents/Home/bin/javap -p -c -s -v -classpath /Users/lordcasser/workspace/projects/jarde/openspec/evidence/raw-receiver-field-selection-2026-10-09/jdk23/no-debug/input/PrimitiveArrayRawParam.jar PrimitiveArrayRawParam
jdk23/no-debug/PrimitiveArrayRawParam/original-probe-javac	0	/Library/Java/JavaVirtualMachines/openjdk-23.0.1/Contents/Home/bin/javac --release 8 -g:none -classpath /var/folders/gm/lzn3ylzx4lz7mx29lftngdz40000gn/T/jarde-raw-receiver-replay-2cuzmneh/empty-classpath -sourcepath /var/folders/gm/lzn3ylzx4lz7mx29lftngdz40000gn/T/jarde-raw-receiver-replay-2cuzmneh/empty-sourcepath -d /var/folders/gm/lzn3ylzx4lz7mx29lftngdz40000gn/T/jarde-raw-receiver-replay-2cuzmneh/original-probe /Users/lordcasser/workspace/projects/jarde/openspec/evidence/raw-receiver-field-selection-2026-10-09/source/ReceiverProbe.java
jdk23/no-debug/PrimitiveArrayRawParam/original-run	0	/Library/Java/JavaVirtualMachines/openjdk-23.0.1/Contents/Home/bin/java -Xverify:all -cp /var/folders/gm/lzn3ylzx4lz7mx29lftngdz40000gn/T/jarde-raw-receiver-replay-2cuzmneh/original:/var/folders/gm/lzn3ylzx4lz7mx29lftngdz40000gn/T/jarde-raw-receiver-replay-2cuzmneh/original-probe ReceiverProbe PrimitiveArrayRawParam
jdk23/no-debug/PrimitiveArrayRawParam/jarde-PrimitiveArrayRawParam	0	/private/tmp/jarde-raw-receiver-final-v3-cli class-source --input /Users/lordcasser/workspace/projects/jarde/openspec/evidence/raw-receiver-field-selection-2026-10-09/jdk23/no-debug/input/PrimitiveArrayRawParam.jar --class PrimitiveArrayRawParam --policy plain-jar --release 8 --format text
jdk23/no-debug/PrimitiveArrayRawParam/jarde-PrimitiveArrayRawParam-source-header	0	nonempty self-describing source
jdk23/no-debug/PrimitiveArrayRawParam/jarde-javac	0	/Library/Java/JavaVirtualMachines/openjdk-23.0.1/Contents/Home/bin/javac --release 8 -g:none -classpath /var/folders/gm/lzn3ylzx4lz7mx29lftngdz40000gn/T/jarde-raw-receiver-replay-2cuzmneh/empty-classpath -sourcepath /var/folders/gm/lzn3ylzx4lz7mx29lftngdz40000gn/T/jarde-raw-receiver-replay-2cuzmneh/empty-sourcepath -d /var/folders/gm/lzn3ylzx4lz7mx29lftngdz40000gn/T/jarde-raw-receiver-replay-2cuzmneh/jarde-classes /Users/lordcasser/workspace/projects/jarde/openspec/changes/recover-same-class-generic-call-consumers/results/candidate/gc09-raw-64-baseline-v1/jdk23/no-debug/jarde/PrimitiveArrayRawParam.java /Users/lordcasser/workspace/projects/jarde/openspec/evidence/raw-receiver-field-selection-2026-10-09/source/ReceiverProbe.java
jdk23/no-debug/PrimitiveArrayRawParam/jarde-verify-run	0	/Library/Java/JavaVirtualMachines/openjdk-23.0.1/Contents/Home/bin/java -Xverify:all -cp /var/folders/gm/lzn3ylzx4lz7mx29lftngdz40000gn/T/jarde-raw-receiver-replay-2cuzmneh/jarde-classes ReceiverProbe PrimitiveArrayRawParam
jdk23/no-debug/PrimitiveArrayRawParam/jadx	0	/Users/lordcasser/workspace/testzone/jadx/jadx-cli/build/install/jadx/bin/jadx --no-res --single-class PrimitiveArrayRawParam -d /Users/lordcasser/workspace/projects/jarde/openspec/changes/recover-same-class-generic-call-consumers/results/candidate/gc09-raw-64-baseline-v1/jdk23/no-debug/jadx/PrimitiveArrayRawParam /Users/lordcasser/workspace/projects/jarde/openspec/evidence/raw-receiver-field-selection-2026-10-09/jdk23/no-debug/input/PrimitiveArrayRawParam.jar
jdk23/no-debug/PrimitiveArrayRawParam/jadx-source-header	0	nonempty class source
jdk23/no-debug/PrimitiveArrayRawParam/jadx-javac	0	/Library/Java/JavaVirtualMachines/openjdk-23.0.1/Contents/Home/bin/javac --release 8 -g:none -classpath /var/folders/gm/lzn3ylzx4lz7mx29lftngdz40000gn/T/jarde-raw-receiver-replay-2cuzmneh/empty-classpath -sourcepath /var/folders/gm/lzn3ylzx4lz7mx29lftngdz40000gn/T/jarde-raw-receiver-replay-2cuzmneh/empty-sourcepath -d /var/folders/gm/lzn3ylzx4lz7mx29lftngdz40000gn/T/jarde-raw-receiver-replay-2cuzmneh/jadx-classes /Users/lordcasser/workspace/projects/jarde/openspec/changes/recover-same-class-generic-call-consumers/results/candidate/gc09-raw-64-baseline-v1/jdk23/no-debug/jadx/PrimitiveArrayRawParam/sources/defpackage/PrimitiveArrayRawParam.java /Users/lordcasser/workspace/projects/jarde/openspec/evidence/raw-receiver-field-selection-2026-10-09/source/ReceiverProbe.java
jdk23/no-debug/PrimitiveArrayRawParam/jadx-verify-run	0	/Library/Java/JavaVirtualMachines/openjdk-23.0.1/Contents/Home/bin/java -Xverify:all -cp /var/folders/gm/lzn3ylzx4lz7mx29lftngdz40000gn/T/jarde-raw-receiver-replay-2cuzmneh/jadx-classes ReceiverProbe defpackage.PrimitiveArrayRawParam
jdk23/debug/BoundRawParam/jar-contents	0	/Library/Java/JavaVirtualMachines/openjdk-23.0.1/Contents/Home/bin/jar tf /Users/lordcasser/workspace/projects/jarde/openspec/evidence/raw-receiver-field-selection-2026-10-09/jdk23/debug/input/BoundRawParam.jar
jdk23/debug/BoundRawParam/original-javac	0	/Library/Java/JavaVirtualMachines/openjdk-23.0.1/Contents/Home/bin/javac --release 8 -g -classpath /var/folders/gm/lzn3ylzx4lz7mx29lftngdz40000gn/T/jarde-raw-receiver-replay-fgz7w913/empty-classpath -sourcepath /var/folders/gm/lzn3ylzx4lz7mx29lftngdz40000gn/T/jarde-raw-receiver-replay-fgz7w913/empty-sourcepath -d /var/folders/gm/lzn3ylzx4lz7mx29lftngdz40000gn/T/jarde-raw-receiver-replay-fgz7w913/original /Users/lordcasser/workspace/projects/jarde/openspec/evidence/raw-receiver-field-selection-2026-10-09/source/BoundRawParam.java
jdk23/debug/BoundRawParam/javap	0	/Library/Java/JavaVirtualMachines/openjdk-23.0.1/Contents/Home/bin/javap -p -c -s -v -classpath /Users/lordcasser/workspace/projects/jarde/openspec/evidence/raw-receiver-field-selection-2026-10-09/jdk23/debug/input/BoundRawParam.jar BoundRawParam
jdk23/debug/BoundRawParam/original-probe-javac	0	/Library/Java/JavaVirtualMachines/openjdk-23.0.1/Contents/Home/bin/javac --release 8 -g -classpath /var/folders/gm/lzn3ylzx4lz7mx29lftngdz40000gn/T/jarde-raw-receiver-replay-fgz7w913/empty-classpath -sourcepath /var/folders/gm/lzn3ylzx4lz7mx29lftngdz40000gn/T/jarde-raw-receiver-replay-fgz7w913/empty-sourcepath -d /var/folders/gm/lzn3ylzx4lz7mx29lftngdz40000gn/T/jarde-raw-receiver-replay-fgz7w913/original-probe /Users/lordcasser/workspace/projects/jarde/openspec/evidence/raw-receiver-field-selection-2026-10-09/source/ReceiverProbe.java
jdk23/debug/BoundRawParam/original-run	0	/Library/Java/JavaVirtualMachines/openjdk-23.0.1/Contents/Home/bin/java -Xverify:all -cp /var/folders/gm/lzn3ylzx4lz7mx29lftngdz40000gn/T/jarde-raw-receiver-replay-fgz7w913/original:/var/folders/gm/lzn3ylzx4lz7mx29lftngdz40000gn/T/jarde-raw-receiver-replay-fgz7w913/original-probe ReceiverProbe BoundRawParam
jdk23/debug/BoundRawParam/jarde-BoundRawParam	0	/private/tmp/jarde-raw-receiver-final-v3-cli class-source --input /Users/lordcasser/workspace/projects/jarde/openspec/evidence/raw-receiver-field-selection-2026-10-09/jdk23/debug/input/BoundRawParam.jar --class BoundRawParam --policy plain-jar --release 8 --format text
jdk23/debug/BoundRawParam/jarde-BoundRawParam-source-header	0	nonempty self-describing source
jdk23/debug/BoundRawParam/jarde-javac	0	/Library/Java/JavaVirtualMachines/openjdk-23.0.1/Contents/Home/bin/javac --release 8 -g -classpath /var/folders/gm/lzn3ylzx4lz7mx29lftngdz40000gn/T/jarde-raw-receiver-replay-fgz7w913/empty-classpath -sourcepath /var/folders/gm/lzn3ylzx4lz7mx29lftngdz40000gn/T/jarde-raw-receiver-replay-fgz7w913/empty-sourcepath -d /var/folders/gm/lzn3ylzx4lz7mx29lftngdz40000gn/T/jarde-raw-receiver-replay-fgz7w913/jarde-classes /Users/lordcasser/workspace/projects/jarde/openspec/changes/recover-same-class-generic-call-consumers/results/candidate/gc09-raw-64-baseline-v1/jdk23/debug/jarde/BoundRawParam.java /Users/lordcasser/workspace/projects/jarde/openspec/evidence/raw-receiver-field-selection-2026-10-09/source/ReceiverProbe.java
jdk23/debug/BoundRawParam/jarde-verify-run	0	/Library/Java/JavaVirtualMachines/openjdk-23.0.1/Contents/Home/bin/java -Xverify:all -cp /var/folders/gm/lzn3ylzx4lz7mx29lftngdz40000gn/T/jarde-raw-receiver-replay-fgz7w913/jarde-classes ReceiverProbe BoundRawParam
jdk23/debug/BoundRawParam/jadx	0	/Users/lordcasser/workspace/testzone/jadx/jadx-cli/build/install/jadx/bin/jadx --no-res --single-class BoundRawParam -d /Users/lordcasser/workspace/projects/jarde/openspec/changes/recover-same-class-generic-call-consumers/results/candidate/gc09-raw-64-baseline-v1/jdk23/debug/jadx/BoundRawParam /Users/lordcasser/workspace/projects/jarde/openspec/evidence/raw-receiver-field-selection-2026-10-09/jdk23/debug/input/BoundRawParam.jar
jdk23/debug/BoundRawParam/jadx-source-header	0	nonempty class source
jdk23/debug/BoundRawParam/jadx-javac	0	/Library/Java/JavaVirtualMachines/openjdk-23.0.1/Contents/Home/bin/javac --release 8 -g -classpath /var/folders/gm/lzn3ylzx4lz7mx29lftngdz40000gn/T/jarde-raw-receiver-replay-fgz7w913/empty-classpath -sourcepath /var/folders/gm/lzn3ylzx4lz7mx29lftngdz40000gn/T/jarde-raw-receiver-replay-fgz7w913/empty-sourcepath -d /var/folders/gm/lzn3ylzx4lz7mx29lftngdz40000gn/T/jarde-raw-receiver-replay-fgz7w913/jadx-classes /Users/lordcasser/workspace/projects/jarde/openspec/changes/recover-same-class-generic-call-consumers/results/candidate/gc09-raw-64-baseline-v1/jdk23/debug/jadx/BoundRawParam/sources/defpackage/BoundRawParam.java /Users/lordcasser/workspace/projects/jarde/openspec/evidence/raw-receiver-field-selection-2026-10-09/source/ReceiverProbe.java
jdk23/debug/BoundRawParam/jadx-verify-run	0	/Library/Java/JavaVirtualMachines/openjdk-23.0.1/Contents/Home/bin/java -Xverify:all -cp /var/folders/gm/lzn3ylzx4lz7mx29lftngdz40000gn/T/jarde-raw-receiver-replay-fgz7w913/jadx-classes ReceiverProbe defpackage.BoundRawParam
jdk23/no-debug/BoundRawParam/jar-contents	0	/Library/Java/JavaVirtualMachines/openjdk-23.0.1/Contents/Home/bin/jar tf /Users/lordcasser/workspace/projects/jarde/openspec/evidence/raw-receiver-field-selection-2026-10-09/jdk23/no-debug/input/BoundRawParam.jar
jdk23/no-debug/BoundRawParam/original-javac	0	/Library/Java/JavaVirtualMachines/openjdk-23.0.1/Contents/Home/bin/javac --release 8 -g:none -classpath /var/folders/gm/lzn3ylzx4lz7mx29lftngdz40000gn/T/jarde-raw-receiver-replay-99uenxd6/empty-classpath -sourcepath /var/folders/gm/lzn3ylzx4lz7mx29lftngdz40000gn/T/jarde-raw-receiver-replay-99uenxd6/empty-sourcepath -d /var/folders/gm/lzn3ylzx4lz7mx29lftngdz40000gn/T/jarde-raw-receiver-replay-99uenxd6/original /Users/lordcasser/workspace/projects/jarde/openspec/evidence/raw-receiver-field-selection-2026-10-09/source/BoundRawParam.java
jdk23/no-debug/BoundRawParam/javap	0	/Library/Java/JavaVirtualMachines/openjdk-23.0.1/Contents/Home/bin/javap -p -c -s -v -classpath /Users/lordcasser/workspace/projects/jarde/openspec/evidence/raw-receiver-field-selection-2026-10-09/jdk23/no-debug/input/BoundRawParam.jar BoundRawParam
jdk23/no-debug/BoundRawParam/original-probe-javac	0	/Library/Java/JavaVirtualMachines/openjdk-23.0.1/Contents/Home/bin/javac --release 8 -g:none -classpath /var/folders/gm/lzn3ylzx4lz7mx29lftngdz40000gn/T/jarde-raw-receiver-replay-99uenxd6/empty-classpath -sourcepath /var/folders/gm/lzn3ylzx4lz7mx29lftngdz40000gn/T/jarde-raw-receiver-replay-99uenxd6/empty-sourcepath -d /var/folders/gm/lzn3ylzx4lz7mx29lftngdz40000gn/T/jarde-raw-receiver-replay-99uenxd6/original-probe /Users/lordcasser/workspace/projects/jarde/openspec/evidence/raw-receiver-field-selection-2026-10-09/source/ReceiverProbe.java
jdk23/no-debug/BoundRawParam/original-run	0	/Library/Java/JavaVirtualMachines/openjdk-23.0.1/Contents/Home/bin/java -Xverify:all -cp /var/folders/gm/lzn3ylzx4lz7mx29lftngdz40000gn/T/jarde-raw-receiver-replay-99uenxd6/original:/var/folders/gm/lzn3ylzx4lz7mx29lftngdz40000gn/T/jarde-raw-receiver-replay-99uenxd6/original-probe ReceiverProbe BoundRawParam
jdk23/no-debug/BoundRawParam/jarde-BoundRawParam	0	/private/tmp/jarde-raw-receiver-final-v3-cli class-source --input /Users/lordcasser/workspace/projects/jarde/openspec/evidence/raw-receiver-field-selection-2026-10-09/jdk23/no-debug/input/BoundRawParam.jar --class BoundRawParam --policy plain-jar --release 8 --format text
jdk23/no-debug/BoundRawParam/jarde-BoundRawParam-source-header	0	nonempty self-describing source
jdk23/no-debug/BoundRawParam/jarde-javac	0	/Library/Java/JavaVirtualMachines/openjdk-23.0.1/Contents/Home/bin/javac --release 8 -g:none -classpath /var/folders/gm/lzn3ylzx4lz7mx29lftngdz40000gn/T/jarde-raw-receiver-replay-99uenxd6/empty-classpath -sourcepath /var/folders/gm/lzn3ylzx4lz7mx29lftngdz40000gn/T/jarde-raw-receiver-replay-99uenxd6/empty-sourcepath -d /var/folders/gm/lzn3ylzx4lz7mx29lftngdz40000gn/T/jarde-raw-receiver-replay-99uenxd6/jarde-classes /Users/lordcasser/workspace/projects/jarde/openspec/changes/recover-same-class-generic-call-consumers/results/candidate/gc09-raw-64-baseline-v1/jdk23/no-debug/jarde/BoundRawParam.java /Users/lordcasser/workspace/projects/jarde/openspec/evidence/raw-receiver-field-selection-2026-10-09/source/ReceiverProbe.java
jdk23/no-debug/BoundRawParam/jarde-verify-run	0	/Library/Java/JavaVirtualMachines/openjdk-23.0.1/Contents/Home/bin/java -Xverify:all -cp /var/folders/gm/lzn3ylzx4lz7mx29lftngdz40000gn/T/jarde-raw-receiver-replay-99uenxd6/jarde-classes ReceiverProbe BoundRawParam
jdk23/no-debug/BoundRawParam/jadx	0	/Users/lordcasser/workspace/testzone/jadx/jadx-cli/build/install/jadx/bin/jadx --no-res --single-class BoundRawParam -d /Users/lordcasser/workspace/projects/jarde/openspec/changes/recover-same-class-generic-call-consumers/results/candidate/gc09-raw-64-baseline-v1/jdk23/no-debug/jadx/BoundRawParam /Users/lordcasser/workspace/projects/jarde/openspec/evidence/raw-receiver-field-selection-2026-10-09/jdk23/no-debug/input/BoundRawParam.jar
jdk23/no-debug/BoundRawParam/jadx-source-header	0	nonempty class source
jdk23/no-debug/BoundRawParam/jadx-javac	0	/Library/Java/JavaVirtualMachines/openjdk-23.0.1/Contents/Home/bin/javac --release 8 -g:none -classpath /var/folders/gm/lzn3ylzx4lz7mx29lftngdz40000gn/T/jarde-raw-receiver-replay-99uenxd6/empty-classpath -sourcepath /var/folders/gm/lzn3ylzx4lz7mx29lftngdz40000gn/T/jarde-raw-receiver-replay-99uenxd6/empty-sourcepath -d /var/folders/gm/lzn3ylzx4lz7mx29lftngdz40000gn/T/jarde-raw-receiver-replay-99uenxd6/jadx-classes /Users/lordcasser/workspace/projects/jarde/openspec/changes/recover-same-class-generic-call-consumers/results/candidate/gc09-raw-64-baseline-v1/jdk23/no-debug/jadx/BoundRawParam/sources/defpackage/BoundRawParam.java /Users/lordcasser/workspace/projects/jarde/openspec/evidence/raw-receiver-field-selection-2026-10-09/source/ReceiverProbe.java
jdk23/no-debug/BoundRawParam/jadx-verify-run	0	/Library/Java/JavaVirtualMachines/openjdk-23.0.1/Contents/Home/bin/java -Xverify:all -cp /var/folders/gm/lzn3ylzx4lz7mx29lftngdz40000gn/T/jarde-raw-receiver-replay-99uenxd6/jadx-classes ReceiverProbe defpackage.BoundRawParam
jdk23/debug/NullRawParam/jar-contents	0	/Library/Java/JavaVirtualMachines/openjdk-23.0.1/Contents/Home/bin/jar tf /Users/lordcasser/workspace/projects/jarde/openspec/evidence/raw-receiver-field-selection-2026-10-09/jdk23/debug/input/NullRawParam.jar
jdk23/debug/NullRawParam/original-javac	0	/Library/Java/JavaVirtualMachines/openjdk-23.0.1/Contents/Home/bin/javac --release 8 -g -classpath /var/folders/gm/lzn3ylzx4lz7mx29lftngdz40000gn/T/jarde-raw-receiver-replay-n2jk7o4z/empty-classpath -sourcepath /var/folders/gm/lzn3ylzx4lz7mx29lftngdz40000gn/T/jarde-raw-receiver-replay-n2jk7o4z/empty-sourcepath -d /var/folders/gm/lzn3ylzx4lz7mx29lftngdz40000gn/T/jarde-raw-receiver-replay-n2jk7o4z/original /Users/lordcasser/workspace/projects/jarde/openspec/evidence/raw-receiver-field-selection-2026-10-09/source/NullRawParam.java
jdk23/debug/NullRawParam/javap	0	/Library/Java/JavaVirtualMachines/openjdk-23.0.1/Contents/Home/bin/javap -p -c -s -v -classpath /Users/lordcasser/workspace/projects/jarde/openspec/evidence/raw-receiver-field-selection-2026-10-09/jdk23/debug/input/NullRawParam.jar NullRawParam
jdk23/debug/NullRawParam/original-probe-javac	0	/Library/Java/JavaVirtualMachines/openjdk-23.0.1/Contents/Home/bin/javac --release 8 -g -classpath /var/folders/gm/lzn3ylzx4lz7mx29lftngdz40000gn/T/jarde-raw-receiver-replay-n2jk7o4z/empty-classpath -sourcepath /var/folders/gm/lzn3ylzx4lz7mx29lftngdz40000gn/T/jarde-raw-receiver-replay-n2jk7o4z/empty-sourcepath -d /var/folders/gm/lzn3ylzx4lz7mx29lftngdz40000gn/T/jarde-raw-receiver-replay-n2jk7o4z/original-probe /Users/lordcasser/workspace/projects/jarde/openspec/evidence/raw-receiver-field-selection-2026-10-09/source/ReceiverProbe.java
jdk23/debug/NullRawParam/original-run	0	/Library/Java/JavaVirtualMachines/openjdk-23.0.1/Contents/Home/bin/java -Xverify:all -cp /var/folders/gm/lzn3ylzx4lz7mx29lftngdz40000gn/T/jarde-raw-receiver-replay-n2jk7o4z/original:/var/folders/gm/lzn3ylzx4lz7mx29lftngdz40000gn/T/jarde-raw-receiver-replay-n2jk7o4z/original-probe ReceiverProbe NullRawParam
jdk23/debug/NullRawParam/jarde-NullRawParam	0	/private/tmp/jarde-raw-receiver-final-v3-cli class-source --input /Users/lordcasser/workspace/projects/jarde/openspec/evidence/raw-receiver-field-selection-2026-10-09/jdk23/debug/input/NullRawParam.jar --class NullRawParam --policy plain-jar --release 8 --format text
jdk23/debug/NullRawParam/jarde-NullRawParam-source-header	0	nonempty self-describing source
jdk23/debug/NullRawParam/jarde-javac	0	/Library/Java/JavaVirtualMachines/openjdk-23.0.1/Contents/Home/bin/javac --release 8 -g -classpath /var/folders/gm/lzn3ylzx4lz7mx29lftngdz40000gn/T/jarde-raw-receiver-replay-n2jk7o4z/empty-classpath -sourcepath /var/folders/gm/lzn3ylzx4lz7mx29lftngdz40000gn/T/jarde-raw-receiver-replay-n2jk7o4z/empty-sourcepath -d /var/folders/gm/lzn3ylzx4lz7mx29lftngdz40000gn/T/jarde-raw-receiver-replay-n2jk7o4z/jarde-classes /Users/lordcasser/workspace/projects/jarde/openspec/changes/recover-same-class-generic-call-consumers/results/candidate/gc09-raw-64-baseline-v1/jdk23/debug/jarde/NullRawParam.java /Users/lordcasser/workspace/projects/jarde/openspec/evidence/raw-receiver-field-selection-2026-10-09/source/ReceiverProbe.java
jdk23/debug/NullRawParam/jarde-verify-run	0	/Library/Java/JavaVirtualMachines/openjdk-23.0.1/Contents/Home/bin/java -Xverify:all -cp /var/folders/gm/lzn3ylzx4lz7mx29lftngdz40000gn/T/jarde-raw-receiver-replay-n2jk7o4z/jarde-classes ReceiverProbe NullRawParam
jdk23/debug/NullRawParam/jadx	0	/Users/lordcasser/workspace/testzone/jadx/jadx-cli/build/install/jadx/bin/jadx --no-res --single-class NullRawParam -d /Users/lordcasser/workspace/projects/jarde/openspec/changes/recover-same-class-generic-call-consumers/results/candidate/gc09-raw-64-baseline-v1/jdk23/debug/jadx/NullRawParam /Users/lordcasser/workspace/projects/jarde/openspec/evidence/raw-receiver-field-selection-2026-10-09/jdk23/debug/input/NullRawParam.jar
jdk23/debug/NullRawParam/jadx-source-header	0	nonempty class source
jdk23/debug/NullRawParam/jadx-javac	0	/Library/Java/JavaVirtualMachines/openjdk-23.0.1/Contents/Home/bin/javac --release 8 -g -classpath /var/folders/gm/lzn3ylzx4lz7mx29lftngdz40000gn/T/jarde-raw-receiver-replay-n2jk7o4z/empty-classpath -sourcepath /var/folders/gm/lzn3ylzx4lz7mx29lftngdz40000gn/T/jarde-raw-receiver-replay-n2jk7o4z/empty-sourcepath -d /var/folders/gm/lzn3ylzx4lz7mx29lftngdz40000gn/T/jarde-raw-receiver-replay-n2jk7o4z/jadx-classes /Users/lordcasser/workspace/projects/jarde/openspec/changes/recover-same-class-generic-call-consumers/results/candidate/gc09-raw-64-baseline-v1/jdk23/debug/jadx/NullRawParam/sources/defpackage/NullRawParam.java /Users/lordcasser/workspace/projects/jarde/openspec/evidence/raw-receiver-field-selection-2026-10-09/source/ReceiverProbe.java
jdk23/debug/NullRawParam/jadx-verify-run	0	/Library/Java/JavaVirtualMachines/openjdk-23.0.1/Contents/Home/bin/java -Xverify:all -cp /var/folders/gm/lzn3ylzx4lz7mx29lftngdz40000gn/T/jarde-raw-receiver-replay-n2jk7o4z/jadx-classes ReceiverProbe defpackage.NullRawParam
jdk23/no-debug/NullRawParam/jar-contents	0	/Library/Java/JavaVirtualMachines/openjdk-23.0.1/Contents/Home/bin/jar tf /Users/lordcasser/workspace/projects/jarde/openspec/evidence/raw-receiver-field-selection-2026-10-09/jdk23/no-debug/input/NullRawParam.jar
jdk23/no-debug/NullRawParam/original-javac	0	/Library/Java/JavaVirtualMachines/openjdk-23.0.1/Contents/Home/bin/javac --release 8 -g:none -classpath /var/folders/gm/lzn3ylzx4lz7mx29lftngdz40000gn/T/jarde-raw-receiver-replay-upo9g6zs/empty-classpath -sourcepath /var/folders/gm/lzn3ylzx4lz7mx29lftngdz40000gn/T/jarde-raw-receiver-replay-upo9g6zs/empty-sourcepath -d /var/folders/gm/lzn3ylzx4lz7mx29lftngdz40000gn/T/jarde-raw-receiver-replay-upo9g6zs/original /Users/lordcasser/workspace/projects/jarde/openspec/evidence/raw-receiver-field-selection-2026-10-09/source/NullRawParam.java
jdk23/no-debug/NullRawParam/javap	0	/Library/Java/JavaVirtualMachines/openjdk-23.0.1/Contents/Home/bin/javap -p -c -s -v -classpath /Users/lordcasser/workspace/projects/jarde/openspec/evidence/raw-receiver-field-selection-2026-10-09/jdk23/no-debug/input/NullRawParam.jar NullRawParam
jdk23/no-debug/NullRawParam/original-probe-javac	0	/Library/Java/JavaVirtualMachines/openjdk-23.0.1/Contents/Home/bin/javac --release 8 -g:none -classpath /var/folders/gm/lzn3ylzx4lz7mx29lftngdz40000gn/T/jarde-raw-receiver-replay-upo9g6zs/empty-classpath -sourcepath /var/folders/gm/lzn3ylzx4lz7mx29lftngdz40000gn/T/jarde-raw-receiver-replay-upo9g6zs/empty-sourcepath -d /var/folders/gm/lzn3ylzx4lz7mx29lftngdz40000gn/T/jarde-raw-receiver-replay-upo9g6zs/original-probe /Users/lordcasser/workspace/projects/jarde/openspec/evidence/raw-receiver-field-selection-2026-10-09/source/ReceiverProbe.java
jdk23/no-debug/NullRawParam/original-run	0	/Library/Java/JavaVirtualMachines/openjdk-23.0.1/Contents/Home/bin/java -Xverify:all -cp /var/folders/gm/lzn3ylzx4lz7mx29lftngdz40000gn/T/jarde-raw-receiver-replay-upo9g6zs/original:/var/folders/gm/lzn3ylzx4lz7mx29lftngdz40000gn/T/jarde-raw-receiver-replay-upo9g6zs/original-probe ReceiverProbe NullRawParam
jdk23/no-debug/NullRawParam/jarde-NullRawParam	0	/private/tmp/jarde-raw-receiver-final-v3-cli class-source --input /Users/lordcasser/workspace/projects/jarde/openspec/evidence/raw-receiver-field-selection-2026-10-09/jdk23/no-debug/input/NullRawParam.jar --class NullRawParam --policy plain-jar --release 8 --format text
jdk23/no-debug/NullRawParam/jarde-NullRawParam-source-header	0	nonempty self-describing source
jdk23/no-debug/NullRawParam/jarde-javac	0	/Library/Java/JavaVirtualMachines/openjdk-23.0.1/Contents/Home/bin/javac --release 8 -g:none -classpath /var/folders/gm/lzn3ylzx4lz7mx29lftngdz40000gn/T/jarde-raw-receiver-replay-upo9g6zs/empty-classpath -sourcepath /var/folders/gm/lzn3ylzx4lz7mx29lftngdz40000gn/T/jarde-raw-receiver-replay-upo9g6zs/empty-sourcepath -d /var/folders/gm/lzn3ylzx4lz7mx29lftngdz40000gn/T/jarde-raw-receiver-replay-upo9g6zs/jarde-classes /Users/lordcasser/workspace/projects/jarde/openspec/changes/recover-same-class-generic-call-consumers/results/candidate/gc09-raw-64-baseline-v1/jdk23/no-debug/jarde/NullRawParam.java /Users/lordcasser/workspace/projects/jarde/openspec/evidence/raw-receiver-field-selection-2026-10-09/source/ReceiverProbe.java
jdk23/no-debug/NullRawParam/jarde-verify-run	0	/Library/Java/JavaVirtualMachines/openjdk-23.0.1/Contents/Home/bin/java -Xverify:all -cp /var/folders/gm/lzn3ylzx4lz7mx29lftngdz40000gn/T/jarde-raw-receiver-replay-upo9g6zs/jarde-classes ReceiverProbe NullRawParam
jdk23/no-debug/NullRawParam/jadx	0	/Users/lordcasser/workspace/testzone/jadx/jadx-cli/build/install/jadx/bin/jadx --no-res --single-class NullRawParam -d /Users/lordcasser/workspace/projects/jarde/openspec/changes/recover-same-class-generic-call-consumers/results/candidate/gc09-raw-64-baseline-v1/jdk23/no-debug/jadx/NullRawParam /Users/lordcasser/workspace/projects/jarde/openspec/evidence/raw-receiver-field-selection-2026-10-09/jdk23/no-debug/input/NullRawParam.jar
jdk23/no-debug/NullRawParam/jadx-source-header	0	nonempty class source
jdk23/no-debug/NullRawParam/jadx-javac	0	/Library/Java/JavaVirtualMachines/openjdk-23.0.1/Contents/Home/bin/javac --release 8 -g:none -classpath /var/folders/gm/lzn3ylzx4lz7mx29lftngdz40000gn/T/jarde-raw-receiver-replay-upo9g6zs/empty-classpath -sourcepath /var/folders/gm/lzn3ylzx4lz7mx29lftngdz40000gn/T/jarde-raw-receiver-replay-upo9g6zs/empty-sourcepath -d /var/folders/gm/lzn3ylzx4lz7mx29lftngdz40000gn/T/jarde-raw-receiver-replay-upo9g6zs/jadx-classes /Users/lordcasser/workspace/projects/jarde/openspec/changes/recover-same-class-generic-call-consumers/results/candidate/gc09-raw-64-baseline-v1/jdk23/no-debug/jadx/NullRawParam/sources/defpackage/NullRawParam.java /Users/lordcasser/workspace/projects/jarde/openspec/evidence/raw-receiver-field-selection-2026-10-09/source/ReceiverProbe.java
jdk23/no-debug/NullRawParam/jadx-verify-run	0	/Library/Java/JavaVirtualMachines/openjdk-23.0.1/Contents/Home/bin/java -Xverify:all -cp /var/folders/gm/lzn3ylzx4lz7mx29lftngdz40000gn/T/jarde-raw-receiver-replay-upo9g6zs/jadx-classes ReceiverProbe defpackage.NullRawParam
jdk23/debug/RetainedAliasRawParam/jar-contents	0	/Library/Java/JavaVirtualMachines/openjdk-23.0.1/Contents/Home/bin/jar tf /Users/lordcasser/workspace/projects/jarde/openspec/evidence/raw-receiver-field-selection-2026-10-09/jdk23/debug/input/RetainedAliasRawParam.jar
jdk23/debug/RetainedAliasRawParam/original-javac	0	/Library/Java/JavaVirtualMachines/openjdk-23.0.1/Contents/Home/bin/javac --release 8 -g -classpath /var/folders/gm/lzn3ylzx4lz7mx29lftngdz40000gn/T/jarde-raw-receiver-replay-ce4k2lb6/empty-classpath -sourcepath /var/folders/gm/lzn3ylzx4lz7mx29lftngdz40000gn/T/jarde-raw-receiver-replay-ce4k2lb6/empty-sourcepath -d /var/folders/gm/lzn3ylzx4lz7mx29lftngdz40000gn/T/jarde-raw-receiver-replay-ce4k2lb6/original /Users/lordcasser/workspace/projects/jarde/openspec/evidence/raw-receiver-field-selection-2026-10-09/source/RetainedAliasRawParam.java
jdk23/debug/RetainedAliasRawParam/javap	0	/Library/Java/JavaVirtualMachines/openjdk-23.0.1/Contents/Home/bin/javap -p -c -s -v -classpath /Users/lordcasser/workspace/projects/jarde/openspec/evidence/raw-receiver-field-selection-2026-10-09/jdk23/debug/input/RetainedAliasRawParam.jar RetainedAliasRawParam
jdk23/debug/RetainedAliasRawParam/original-probe-javac	0	/Library/Java/JavaVirtualMachines/openjdk-23.0.1/Contents/Home/bin/javac --release 8 -g -classpath /var/folders/gm/lzn3ylzx4lz7mx29lftngdz40000gn/T/jarde-raw-receiver-replay-ce4k2lb6/empty-classpath -sourcepath /var/folders/gm/lzn3ylzx4lz7mx29lftngdz40000gn/T/jarde-raw-receiver-replay-ce4k2lb6/empty-sourcepath -d /var/folders/gm/lzn3ylzx4lz7mx29lftngdz40000gn/T/jarde-raw-receiver-replay-ce4k2lb6/original-probe /Users/lordcasser/workspace/projects/jarde/openspec/evidence/raw-receiver-field-selection-2026-10-09/source/ReceiverProbe.java
jdk23/debug/RetainedAliasRawParam/original-run	0	/Library/Java/JavaVirtualMachines/openjdk-23.0.1/Contents/Home/bin/java -Xverify:all -cp /var/folders/gm/lzn3ylzx4lz7mx29lftngdz40000gn/T/jarde-raw-receiver-replay-ce4k2lb6/original:/var/folders/gm/lzn3ylzx4lz7mx29lftngdz40000gn/T/jarde-raw-receiver-replay-ce4k2lb6/original-probe ReceiverProbe RetainedAliasRawParam
jdk23/debug/RetainedAliasRawParam/jarde-RetainedAliasRawParam	0	/private/tmp/jarde-raw-receiver-final-v3-cli class-source --input /Users/lordcasser/workspace/projects/jarde/openspec/evidence/raw-receiver-field-selection-2026-10-09/jdk23/debug/input/RetainedAliasRawParam.jar --class RetainedAliasRawParam --policy plain-jar --release 8 --format text
jdk23/debug/RetainedAliasRawParam/jarde-RetainedAliasRawParam-source-header	0	nonempty self-describing source
jdk23/debug/RetainedAliasRawParam/jarde-javac	0	/Library/Java/JavaVirtualMachines/openjdk-23.0.1/Contents/Home/bin/javac --release 8 -g -classpath /var/folders/gm/lzn3ylzx4lz7mx29lftngdz40000gn/T/jarde-raw-receiver-replay-ce4k2lb6/empty-classpath -sourcepath /var/folders/gm/lzn3ylzx4lz7mx29lftngdz40000gn/T/jarde-raw-receiver-replay-ce4k2lb6/empty-sourcepath -d /var/folders/gm/lzn3ylzx4lz7mx29lftngdz40000gn/T/jarde-raw-receiver-replay-ce4k2lb6/jarde-classes /Users/lordcasser/workspace/projects/jarde/openspec/changes/recover-same-class-generic-call-consumers/results/candidate/gc09-raw-64-baseline-v1/jdk23/debug/jarde/RetainedAliasRawParam.java /Users/lordcasser/workspace/projects/jarde/openspec/evidence/raw-receiver-field-selection-2026-10-09/source/ReceiverProbe.java
jdk23/debug/RetainedAliasRawParam/jarde-verify-run	0	/Library/Java/JavaVirtualMachines/openjdk-23.0.1/Contents/Home/bin/java -Xverify:all -cp /var/folders/gm/lzn3ylzx4lz7mx29lftngdz40000gn/T/jarde-raw-receiver-replay-ce4k2lb6/jarde-classes ReceiverProbe RetainedAliasRawParam
jdk23/debug/RetainedAliasRawParam/jadx	0	/Users/lordcasser/workspace/testzone/jadx/jadx-cli/build/install/jadx/bin/jadx --no-res --single-class RetainedAliasRawParam -d /Users/lordcasser/workspace/projects/jarde/openspec/changes/recover-same-class-generic-call-consumers/results/candidate/gc09-raw-64-baseline-v1/jdk23/debug/jadx/RetainedAliasRawParam /Users/lordcasser/workspace/projects/jarde/openspec/evidence/raw-receiver-field-selection-2026-10-09/jdk23/debug/input/RetainedAliasRawParam.jar
jdk23/debug/RetainedAliasRawParam/jadx-source-header	0	nonempty class source
jdk23/debug/RetainedAliasRawParam/jadx-javac	0	/Library/Java/JavaVirtualMachines/openjdk-23.0.1/Contents/Home/bin/javac --release 8 -g -classpath /var/folders/gm/lzn3ylzx4lz7mx29lftngdz40000gn/T/jarde-raw-receiver-replay-ce4k2lb6/empty-classpath -sourcepath /var/folders/gm/lzn3ylzx4lz7mx29lftngdz40000gn/T/jarde-raw-receiver-replay-ce4k2lb6/empty-sourcepath -d /var/folders/gm/lzn3ylzx4lz7mx29lftngdz40000gn/T/jarde-raw-receiver-replay-ce4k2lb6/jadx-classes /Users/lordcasser/workspace/projects/jarde/openspec/changes/recover-same-class-generic-call-consumers/results/candidate/gc09-raw-64-baseline-v1/jdk23/debug/jadx/RetainedAliasRawParam/sources/defpackage/RetainedAliasRawParam.java /Users/lordcasser/workspace/projects/jarde/openspec/evidence/raw-receiver-field-selection-2026-10-09/source/ReceiverProbe.java
jdk23/debug/RetainedAliasRawParam/jadx-verify-run	0	/Library/Java/JavaVirtualMachines/openjdk-23.0.1/Contents/Home/bin/java -Xverify:all -cp /var/folders/gm/lzn3ylzx4lz7mx29lftngdz40000gn/T/jarde-raw-receiver-replay-ce4k2lb6/jadx-classes ReceiverProbe defpackage.RetainedAliasRawParam
jdk23/no-debug/RetainedAliasRawParam/jar-contents	0	/Library/Java/JavaVirtualMachines/openjdk-23.0.1/Contents/Home/bin/jar tf /Users/lordcasser/workspace/projects/jarde/openspec/evidence/raw-receiver-field-selection-2026-10-09/jdk23/no-debug/input/RetainedAliasRawParam.jar
jdk23/no-debug/RetainedAliasRawParam/original-javac	0	/Library/Java/JavaVirtualMachines/openjdk-23.0.1/Contents/Home/bin/javac --release 8 -g:none -classpath /var/folders/gm/lzn3ylzx4lz7mx29lftngdz40000gn/T/jarde-raw-receiver-replay-mobbejxp/empty-classpath -sourcepath /var/folders/gm/lzn3ylzx4lz7mx29lftngdz40000gn/T/jarde-raw-receiver-replay-mobbejxp/empty-sourcepath -d /var/folders/gm/lzn3ylzx4lz7mx29lftngdz40000gn/T/jarde-raw-receiver-replay-mobbejxp/original /Users/lordcasser/workspace/projects/jarde/openspec/evidence/raw-receiver-field-selection-2026-10-09/source/RetainedAliasRawParam.java
jdk23/no-debug/RetainedAliasRawParam/javap	0	/Library/Java/JavaVirtualMachines/openjdk-23.0.1/Contents/Home/bin/javap -p -c -s -v -classpath /Users/lordcasser/workspace/projects/jarde/openspec/evidence/raw-receiver-field-selection-2026-10-09/jdk23/no-debug/input/RetainedAliasRawParam.jar RetainedAliasRawParam
jdk23/no-debug/RetainedAliasRawParam/original-probe-javac	0	/Library/Java/JavaVirtualMachines/openjdk-23.0.1/Contents/Home/bin/javac --release 8 -g:none -classpath /var/folders/gm/lzn3ylzx4lz7mx29lftngdz40000gn/T/jarde-raw-receiver-replay-mobbejxp/empty-classpath -sourcepath /var/folders/gm/lzn3ylzx4lz7mx29lftngdz40000gn/T/jarde-raw-receiver-replay-mobbejxp/empty-sourcepath -d /var/folders/gm/lzn3ylzx4lz7mx29lftngdz40000gn/T/jarde-raw-receiver-replay-mobbejxp/original-probe /Users/lordcasser/workspace/projects/jarde/openspec/evidence/raw-receiver-field-selection-2026-10-09/source/ReceiverProbe.java
jdk23/no-debug/RetainedAliasRawParam/original-run	0	/Library/Java/JavaVirtualMachines/openjdk-23.0.1/Contents/Home/bin/java -Xverify:all -cp /var/folders/gm/lzn3ylzx4lz7mx29lftngdz40000gn/T/jarde-raw-receiver-replay-mobbejxp/original:/var/folders/gm/lzn3ylzx4lz7mx29lftngdz40000gn/T/jarde-raw-receiver-replay-mobbejxp/original-probe ReceiverProbe RetainedAliasRawParam
jdk23/no-debug/RetainedAliasRawParam/jarde-RetainedAliasRawParam	0	/private/tmp/jarde-raw-receiver-final-v3-cli class-source --input /Users/lordcasser/workspace/projects/jarde/openspec/evidence/raw-receiver-field-selection-2026-10-09/jdk23/no-debug/input/RetainedAliasRawParam.jar --class RetainedAliasRawParam --policy plain-jar --release 8 --format text
jdk23/no-debug/RetainedAliasRawParam/jarde-RetainedAliasRawParam-source-header	0	nonempty self-describing source
jdk23/no-debug/RetainedAliasRawParam/jarde-javac	0	/Library/Java/JavaVirtualMachines/openjdk-23.0.1/Contents/Home/bin/javac --release 8 -g:none -classpath /var/folders/gm/lzn3ylzx4lz7mx29lftngdz40000gn/T/jarde-raw-receiver-replay-mobbejxp/empty-classpath -sourcepath /var/folders/gm/lzn3ylzx4lz7mx29lftngdz40000gn/T/jarde-raw-receiver-replay-mobbejxp/empty-sourcepath -d /var/folders/gm/lzn3ylzx4lz7mx29lftngdz40000gn/T/jarde-raw-receiver-replay-mobbejxp/jarde-classes /Users/lordcasser/workspace/projects/jarde/openspec/changes/recover-same-class-generic-call-consumers/results/candidate/gc09-raw-64-baseline-v1/jdk23/no-debug/jarde/RetainedAliasRawParam.java /Users/lordcasser/workspace/projects/jarde/openspec/evidence/raw-receiver-field-selection-2026-10-09/source/ReceiverProbe.java
jdk23/no-debug/RetainedAliasRawParam/jarde-verify-run	0	/Library/Java/JavaVirtualMachines/openjdk-23.0.1/Contents/Home/bin/java -Xverify:all -cp /var/folders/gm/lzn3ylzx4lz7mx29lftngdz40000gn/T/jarde-raw-receiver-replay-mobbejxp/jarde-classes ReceiverProbe RetainedAliasRawParam
jdk23/no-debug/RetainedAliasRawParam/jadx	0	/Users/lordcasser/workspace/testzone/jadx/jadx-cli/build/install/jadx/bin/jadx --no-res --single-class RetainedAliasRawParam -d /Users/lordcasser/workspace/projects/jarde/openspec/changes/recover-same-class-generic-call-consumers/results/candidate/gc09-raw-64-baseline-v1/jdk23/no-debug/jadx/RetainedAliasRawParam /Users/lordcasser/workspace/projects/jarde/openspec/evidence/raw-receiver-field-selection-2026-10-09/jdk23/no-debug/input/RetainedAliasRawParam.jar
jdk23/no-debug/RetainedAliasRawParam/jadx-source-header	0	nonempty class source
jdk23/no-debug/RetainedAliasRawParam/jadx-javac	0	/Library/Java/JavaVirtualMachines/openjdk-23.0.1/Contents/Home/bin/javac --release 8 -g:none -classpath /var/folders/gm/lzn3ylzx4lz7mx29lftngdz40000gn/T/jarde-raw-receiver-replay-mobbejxp/empty-classpath -sourcepath /var/folders/gm/lzn3ylzx4lz7mx29lftngdz40000gn/T/jarde-raw-receiver-replay-mobbejxp/empty-sourcepath -d /var/folders/gm/lzn3ylzx4lz7mx29lftngdz40000gn/T/jarde-raw-receiver-replay-mobbejxp/jadx-classes /Users/lordcasser/workspace/projects/jarde/openspec/changes/recover-same-class-generic-call-consumers/results/candidate/gc09-raw-64-baseline-v1/jdk23/no-debug/jadx/RetainedAliasRawParam/sources/defpackage/RetainedAliasRawParam.java /Users/lordcasser/workspace/projects/jarde/openspec/evidence/raw-receiver-field-selection-2026-10-09/source/ReceiverProbe.java
jdk23/no-debug/RetainedAliasRawParam/jadx-verify-run	0	/Library/Java/JavaVirtualMachines/openjdk-23.0.1/Contents/Home/bin/java -Xverify:all -cp /var/folders/gm/lzn3ylzx4lz7mx29lftngdz40000gn/T/jarde-raw-receiver-replay-mobbejxp/jadx-classes ReceiverProbe defpackage.RetainedAliasRawParam
jdk23/debug/MultiFormalRawParam/jar-contents	0	/Library/Java/JavaVirtualMachines/openjdk-23.0.1/Contents/Home/bin/jar tf /Users/lordcasser/workspace/projects/jarde/openspec/evidence/raw-receiver-field-selection-2026-10-09/jdk23/debug/input/MultiFormalRawParam.jar
jdk23/debug/MultiFormalRawParam/original-javac	0	/Library/Java/JavaVirtualMachines/openjdk-23.0.1/Contents/Home/bin/javac --release 8 -g -classpath /var/folders/gm/lzn3ylzx4lz7mx29lftngdz40000gn/T/jarde-raw-receiver-replay-rl2lstwo/empty-classpath -sourcepath /var/folders/gm/lzn3ylzx4lz7mx29lftngdz40000gn/T/jarde-raw-receiver-replay-rl2lstwo/empty-sourcepath -d /var/folders/gm/lzn3ylzx4lz7mx29lftngdz40000gn/T/jarde-raw-receiver-replay-rl2lstwo/original /Users/lordcasser/workspace/projects/jarde/openspec/evidence/raw-receiver-field-selection-2026-10-09/source/MultiFormalRawParam.java
jdk23/debug/MultiFormalRawParam/javap	0	/Library/Java/JavaVirtualMachines/openjdk-23.0.1/Contents/Home/bin/javap -p -c -s -v -classpath /Users/lordcasser/workspace/projects/jarde/openspec/evidence/raw-receiver-field-selection-2026-10-09/jdk23/debug/input/MultiFormalRawParam.jar MultiFormalRawParam
jdk23/debug/MultiFormalRawParam/original-probe-javac	0	/Library/Java/JavaVirtualMachines/openjdk-23.0.1/Contents/Home/bin/javac --release 8 -g -classpath /var/folders/gm/lzn3ylzx4lz7mx29lftngdz40000gn/T/jarde-raw-receiver-replay-rl2lstwo/empty-classpath -sourcepath /var/folders/gm/lzn3ylzx4lz7mx29lftngdz40000gn/T/jarde-raw-receiver-replay-rl2lstwo/empty-sourcepath -d /var/folders/gm/lzn3ylzx4lz7mx29lftngdz40000gn/T/jarde-raw-receiver-replay-rl2lstwo/original-probe /Users/lordcasser/workspace/projects/jarde/openspec/evidence/raw-receiver-field-selection-2026-10-09/source/ReceiverProbe.java
jdk23/debug/MultiFormalRawParam/original-run	0	/Library/Java/JavaVirtualMachines/openjdk-23.0.1/Contents/Home/bin/java -Xverify:all -cp /var/folders/gm/lzn3ylzx4lz7mx29lftngdz40000gn/T/jarde-raw-receiver-replay-rl2lstwo/original:/var/folders/gm/lzn3ylzx4lz7mx29lftngdz40000gn/T/jarde-raw-receiver-replay-rl2lstwo/original-probe ReceiverProbe MultiFormalRawParam
jdk23/debug/MultiFormalRawParam/jarde-MultiFormalRawParam	0	/private/tmp/jarde-raw-receiver-final-v3-cli class-source --input /Users/lordcasser/workspace/projects/jarde/openspec/evidence/raw-receiver-field-selection-2026-10-09/jdk23/debug/input/MultiFormalRawParam.jar --class MultiFormalRawParam --policy plain-jar --release 8 --format text
jdk23/debug/MultiFormalRawParam/jarde-MultiFormalRawParam-source-header	0	nonempty self-describing source
jdk23/debug/MultiFormalRawParam/jarde-javac	0	/Library/Java/JavaVirtualMachines/openjdk-23.0.1/Contents/Home/bin/javac --release 8 -g -classpath /var/folders/gm/lzn3ylzx4lz7mx29lftngdz40000gn/T/jarde-raw-receiver-replay-rl2lstwo/empty-classpath -sourcepath /var/folders/gm/lzn3ylzx4lz7mx29lftngdz40000gn/T/jarde-raw-receiver-replay-rl2lstwo/empty-sourcepath -d /var/folders/gm/lzn3ylzx4lz7mx29lftngdz40000gn/T/jarde-raw-receiver-replay-rl2lstwo/jarde-classes /Users/lordcasser/workspace/projects/jarde/openspec/changes/recover-same-class-generic-call-consumers/results/candidate/gc09-raw-64-baseline-v1/jdk23/debug/jarde/MultiFormalRawParam.java /Users/lordcasser/workspace/projects/jarde/openspec/evidence/raw-receiver-field-selection-2026-10-09/source/ReceiverProbe.java
jdk23/debug/MultiFormalRawParam/jarde-verify-run	0	/Library/Java/JavaVirtualMachines/openjdk-23.0.1/Contents/Home/bin/java -Xverify:all -cp /var/folders/gm/lzn3ylzx4lz7mx29lftngdz40000gn/T/jarde-raw-receiver-replay-rl2lstwo/jarde-classes ReceiverProbe MultiFormalRawParam
jdk23/debug/MultiFormalRawParam/jadx	0	/Users/lordcasser/workspace/testzone/jadx/jadx-cli/build/install/jadx/bin/jadx --no-res --single-class MultiFormalRawParam -d /Users/lordcasser/workspace/projects/jarde/openspec/changes/recover-same-class-generic-call-consumers/results/candidate/gc09-raw-64-baseline-v1/jdk23/debug/jadx/MultiFormalRawParam /Users/lordcasser/workspace/projects/jarde/openspec/evidence/raw-receiver-field-selection-2026-10-09/jdk23/debug/input/MultiFormalRawParam.jar
jdk23/debug/MultiFormalRawParam/jadx-source-header	0	nonempty class source
jdk23/debug/MultiFormalRawParam/jadx-javac	0	/Library/Java/JavaVirtualMachines/openjdk-23.0.1/Contents/Home/bin/javac --release 8 -g -classpath /var/folders/gm/lzn3ylzx4lz7mx29lftngdz40000gn/T/jarde-raw-receiver-replay-rl2lstwo/empty-classpath -sourcepath /var/folders/gm/lzn3ylzx4lz7mx29lftngdz40000gn/T/jarde-raw-receiver-replay-rl2lstwo/empty-sourcepath -d /var/folders/gm/lzn3ylzx4lz7mx29lftngdz40000gn/T/jarde-raw-receiver-replay-rl2lstwo/jadx-classes /Users/lordcasser/workspace/projects/jarde/openspec/changes/recover-same-class-generic-call-consumers/results/candidate/gc09-raw-64-baseline-v1/jdk23/debug/jadx/MultiFormalRawParam/sources/defpackage/MultiFormalRawParam.java /Users/lordcasser/workspace/projects/jarde/openspec/evidence/raw-receiver-field-selection-2026-10-09/source/ReceiverProbe.java
jdk23/debug/MultiFormalRawParam/jadx-verify-run	0	/Library/Java/JavaVirtualMachines/openjdk-23.0.1/Contents/Home/bin/java -Xverify:all -cp /var/folders/gm/lzn3ylzx4lz7mx29lftngdz40000gn/T/jarde-raw-receiver-replay-rl2lstwo/jadx-classes ReceiverProbe defpackage.MultiFormalRawParam
jdk23/no-debug/MultiFormalRawParam/jar-contents	0	/Library/Java/JavaVirtualMachines/openjdk-23.0.1/Contents/Home/bin/jar tf /Users/lordcasser/workspace/projects/jarde/openspec/evidence/raw-receiver-field-selection-2026-10-09/jdk23/no-debug/input/MultiFormalRawParam.jar
jdk23/no-debug/MultiFormalRawParam/original-javac	0	/Library/Java/JavaVirtualMachines/openjdk-23.0.1/Contents/Home/bin/javac --release 8 -g:none -classpath /var/folders/gm/lzn3ylzx4lz7mx29lftngdz40000gn/T/jarde-raw-receiver-replay-35a19qxu/empty-classpath -sourcepath /var/folders/gm/lzn3ylzx4lz7mx29lftngdz40000gn/T/jarde-raw-receiver-replay-35a19qxu/empty-sourcepath -d /var/folders/gm/lzn3ylzx4lz7mx29lftngdz40000gn/T/jarde-raw-receiver-replay-35a19qxu/original /Users/lordcasser/workspace/projects/jarde/openspec/evidence/raw-receiver-field-selection-2026-10-09/source/MultiFormalRawParam.java
jdk23/no-debug/MultiFormalRawParam/javap	0	/Library/Java/JavaVirtualMachines/openjdk-23.0.1/Contents/Home/bin/javap -p -c -s -v -classpath /Users/lordcasser/workspace/projects/jarde/openspec/evidence/raw-receiver-field-selection-2026-10-09/jdk23/no-debug/input/MultiFormalRawParam.jar MultiFormalRawParam
jdk23/no-debug/MultiFormalRawParam/original-probe-javac	0	/Library/Java/JavaVirtualMachines/openjdk-23.0.1/Contents/Home/bin/javac --release 8 -g:none -classpath /var/folders/gm/lzn3ylzx4lz7mx29lftngdz40000gn/T/jarde-raw-receiver-replay-35a19qxu/empty-classpath -sourcepath /var/folders/gm/lzn3ylzx4lz7mx29lftngdz40000gn/T/jarde-raw-receiver-replay-35a19qxu/empty-sourcepath -d /var/folders/gm/lzn3ylzx4lz7mx29lftngdz40000gn/T/jarde-raw-receiver-replay-35a19qxu/original-probe /Users/lordcasser/workspace/projects/jarde/openspec/evidence/raw-receiver-field-selection-2026-10-09/source/ReceiverProbe.java
jdk23/no-debug/MultiFormalRawParam/original-run	0	/Library/Java/JavaVirtualMachines/openjdk-23.0.1/Contents/Home/bin/java -Xverify:all -cp /var/folders/gm/lzn3ylzx4lz7mx29lftngdz40000gn/T/jarde-raw-receiver-replay-35a19qxu/original:/var/folders/gm/lzn3ylzx4lz7mx29lftngdz40000gn/T/jarde-raw-receiver-replay-35a19qxu/original-probe ReceiverProbe MultiFormalRawParam
jdk23/no-debug/MultiFormalRawParam/jarde-MultiFormalRawParam	0	/private/tmp/jarde-raw-receiver-final-v3-cli class-source --input /Users/lordcasser/workspace/projects/jarde/openspec/evidence/raw-receiver-field-selection-2026-10-09/jdk23/no-debug/input/MultiFormalRawParam.jar --class MultiFormalRawParam --policy plain-jar --release 8 --format text
jdk23/no-debug/MultiFormalRawParam/jarde-MultiFormalRawParam-source-header	0	nonempty self-describing source
jdk23/no-debug/MultiFormalRawParam/jarde-javac	0	/Library/Java/JavaVirtualMachines/openjdk-23.0.1/Contents/Home/bin/javac --release 8 -g:none -classpath /var/folders/gm/lzn3ylzx4lz7mx29lftngdz40000gn/T/jarde-raw-receiver-replay-35a19qxu/empty-classpath -sourcepath /var/folders/gm/lzn3ylzx4lz7mx29lftngdz40000gn/T/jarde-raw-receiver-replay-35a19qxu/empty-sourcepath -d /var/folders/gm/lzn3ylzx4lz7mx29lftngdz40000gn/T/jarde-raw-receiver-replay-35a19qxu/jarde-classes /Users/lordcasser/workspace/projects/jarde/openspec/changes/recover-same-class-generic-call-consumers/results/candidate/gc09-raw-64-baseline-v1/jdk23/no-debug/jarde/MultiFormalRawParam.java /Users/lordcasser/workspace/projects/jarde/openspec/evidence/raw-receiver-field-selection-2026-10-09/source/ReceiverProbe.java
jdk23/no-debug/MultiFormalRawParam/jarde-verify-run	0	/Library/Java/JavaVirtualMachines/openjdk-23.0.1/Contents/Home/bin/java -Xverify:all -cp /var/folders/gm/lzn3ylzx4lz7mx29lftngdz40000gn/T/jarde-raw-receiver-replay-35a19qxu/jarde-classes ReceiverProbe MultiFormalRawParam
jdk23/no-debug/MultiFormalRawParam/jadx	0	/Users/lordcasser/workspace/testzone/jadx/jadx-cli/build/install/jadx/bin/jadx --no-res --single-class MultiFormalRawParam -d /Users/lordcasser/workspace/projects/jarde/openspec/changes/recover-same-class-generic-call-consumers/results/candidate/gc09-raw-64-baseline-v1/jdk23/no-debug/jadx/MultiFormalRawParam /Users/lordcasser/workspace/projects/jarde/openspec/evidence/raw-receiver-field-selection-2026-10-09/jdk23/no-debug/input/MultiFormalRawParam.jar
jdk23/no-debug/MultiFormalRawParam/jadx-source-header	0	nonempty class source
jdk23/no-debug/MultiFormalRawParam/jadx-javac	0	/Library/Java/JavaVirtualMachines/openjdk-23.0.1/Contents/Home/bin/javac --release 8 -g:none -classpath /var/folders/gm/lzn3ylzx4lz7mx29lftngdz40000gn/T/jarde-raw-receiver-replay-35a19qxu/empty-classpath -sourcepath /var/folders/gm/lzn3ylzx4lz7mx29lftngdz40000gn/T/jarde-raw-receiver-replay-35a19qxu/empty-sourcepath -d /var/folders/gm/lzn3ylzx4lz7mx29lftngdz40000gn/T/jarde-raw-receiver-replay-35a19qxu/jadx-classes /Users/lordcasser/workspace/projects/jarde/openspec/changes/recover-same-class-generic-call-consumers/results/candidate/gc09-raw-64-baseline-v1/jdk23/no-debug/jadx/MultiFormalRawParam/sources/defpackage/MultiFormalRawParam.java /Users/lordcasser/workspace/projects/jarde/openspec/evidence/raw-receiver-field-selection-2026-10-09/source/ReceiverProbe.java
jdk23/no-debug/MultiFormalRawParam/jadx-verify-run	0	/Library/Java/JavaVirtualMachines/openjdk-23.0.1/Contents/Home/bin/java -Xverify:all -cp /var/folders/gm/lzn3ylzx4lz7mx29lftngdz40000gn/T/jarde-raw-receiver-replay-35a19qxu/jadx-classes ReceiverProbe defpackage.MultiFormalRawParam
jdk23/debug/RawOwnerChild/jar-contents	0	/Library/Java/JavaVirtualMachines/openjdk-23.0.1/Contents/Home/bin/jar tf /Users/lordcasser/workspace/projects/jarde/openspec/evidence/raw-receiver-field-selection-2026-10-09/jdk23/debug/input/RawOwnerChild.jar
jdk23/debug/RawOwnerChild/original-javac	0	/Library/Java/JavaVirtualMachines/openjdk-23.0.1/Contents/Home/bin/javac --release 8 -g -classpath /var/folders/gm/lzn3ylzx4lz7mx29lftngdz40000gn/T/jarde-raw-receiver-replay-1qm8573y/empty-classpath -sourcepath /var/folders/gm/lzn3ylzx4lz7mx29lftngdz40000gn/T/jarde-raw-receiver-replay-1qm8573y/empty-sourcepath -d /var/folders/gm/lzn3ylzx4lz7mx29lftngdz40000gn/T/jarde-raw-receiver-replay-1qm8573y/original /Users/lordcasser/workspace/projects/jarde/openspec/evidence/raw-receiver-field-selection-2026-10-09/source/RawOwnerChild.java /Users/lordcasser/workspace/projects/jarde/openspec/evidence/raw-receiver-field-selection-2026-10-09/source/RawOwnerBase.java
jdk23/debug/RawOwnerChild/javap	0	/Library/Java/JavaVirtualMachines/openjdk-23.0.1/Contents/Home/bin/javap -p -c -s -v -classpath /Users/lordcasser/workspace/projects/jarde/openspec/evidence/raw-receiver-field-selection-2026-10-09/jdk23/debug/input/RawOwnerChild.jar RawOwnerChild
jdk23/debug/RawOwnerChild/original-probe-javac	0	/Library/Java/JavaVirtualMachines/openjdk-23.0.1/Contents/Home/bin/javac --release 8 -g -classpath /var/folders/gm/lzn3ylzx4lz7mx29lftngdz40000gn/T/jarde-raw-receiver-replay-1qm8573y/empty-classpath -sourcepath /var/folders/gm/lzn3ylzx4lz7mx29lftngdz40000gn/T/jarde-raw-receiver-replay-1qm8573y/empty-sourcepath -d /var/folders/gm/lzn3ylzx4lz7mx29lftngdz40000gn/T/jarde-raw-receiver-replay-1qm8573y/original-probe /Users/lordcasser/workspace/projects/jarde/openspec/evidence/raw-receiver-field-selection-2026-10-09/source/ReceiverProbe.java
jdk23/debug/RawOwnerChild/original-run	0	/Library/Java/JavaVirtualMachines/openjdk-23.0.1/Contents/Home/bin/java -Xverify:all -cp /var/folders/gm/lzn3ylzx4lz7mx29lftngdz40000gn/T/jarde-raw-receiver-replay-1qm8573y/original:/var/folders/gm/lzn3ylzx4lz7mx29lftngdz40000gn/T/jarde-raw-receiver-replay-1qm8573y/original-probe ReceiverProbe RawOwnerChild
jdk23/debug/RawOwnerChild/jarde-RawOwnerChild	0	/private/tmp/jarde-raw-receiver-final-v3-cli class-source --input /Users/lordcasser/workspace/projects/jarde/openspec/evidence/raw-receiver-field-selection-2026-10-09/jdk23/debug/input/RawOwnerChild.jar --class RawOwnerChild --policy plain-jar --release 8 --format text
jdk23/debug/RawOwnerChild/jarde-RawOwnerChild-source-header	0	nonempty self-describing source
jdk23/debug/RawOwnerChild/jarde-RawOwnerBase	0	/private/tmp/jarde-raw-receiver-final-v3-cli class-source --input /Users/lordcasser/workspace/projects/jarde/openspec/evidence/raw-receiver-field-selection-2026-10-09/jdk23/debug/input/RawOwnerChild.jar --class RawOwnerBase --policy plain-jar --release 8 --format text
jdk23/debug/RawOwnerChild/jarde-RawOwnerBase-source-header	0	nonempty self-describing source
jdk23/debug/RawOwnerChild/jarde-javac	0	/Library/Java/JavaVirtualMachines/openjdk-23.0.1/Contents/Home/bin/javac --release 8 -g -classpath /var/folders/gm/lzn3ylzx4lz7mx29lftngdz40000gn/T/jarde-raw-receiver-replay-1qm8573y/empty-classpath -sourcepath /var/folders/gm/lzn3ylzx4lz7mx29lftngdz40000gn/T/jarde-raw-receiver-replay-1qm8573y/empty-sourcepath -d /var/folders/gm/lzn3ylzx4lz7mx29lftngdz40000gn/T/jarde-raw-receiver-replay-1qm8573y/jarde-classes /Users/lordcasser/workspace/projects/jarde/openspec/changes/recover-same-class-generic-call-consumers/results/candidate/gc09-raw-64-baseline-v1/jdk23/debug/jarde/RawOwnerChild.java /Users/lordcasser/workspace/projects/jarde/openspec/changes/recover-same-class-generic-call-consumers/results/candidate/gc09-raw-64-baseline-v1/jdk23/debug/jarde/RawOwnerBase.java /Users/lordcasser/workspace/projects/jarde/openspec/evidence/raw-receiver-field-selection-2026-10-09/source/ReceiverProbe.java
jdk23/debug/RawOwnerChild/jarde-verify-run	0	/Library/Java/JavaVirtualMachines/openjdk-23.0.1/Contents/Home/bin/java -Xverify:all -cp /var/folders/gm/lzn3ylzx4lz7mx29lftngdz40000gn/T/jarde-raw-receiver-replay-1qm8573y/jarde-classes ReceiverProbe RawOwnerChild
jdk23/debug/RawOwnerChild/jadx	0	/Users/lordcasser/workspace/testzone/jadx/jadx-cli/build/install/jadx/bin/jadx --no-res -d /Users/lordcasser/workspace/projects/jarde/openspec/changes/recover-same-class-generic-call-consumers/results/candidate/gc09-raw-64-baseline-v1/jdk23/debug/jadx/RawOwnerChild /Users/lordcasser/workspace/projects/jarde/openspec/evidence/raw-receiver-field-selection-2026-10-09/jdk23/debug/input/RawOwnerChild.jar
jdk23/debug/RawOwnerChild/jadx-source-header	0	nonempty class source
jdk23/debug/RawOwnerChild/jadx-javac	0	/Library/Java/JavaVirtualMachines/openjdk-23.0.1/Contents/Home/bin/javac --release 8 -g -classpath /var/folders/gm/lzn3ylzx4lz7mx29lftngdz40000gn/T/jarde-raw-receiver-replay-1qm8573y/empty-classpath -sourcepath /var/folders/gm/lzn3ylzx4lz7mx29lftngdz40000gn/T/jarde-raw-receiver-replay-1qm8573y/empty-sourcepath -d /var/folders/gm/lzn3ylzx4lz7mx29lftngdz40000gn/T/jarde-raw-receiver-replay-1qm8573y/jadx-classes /Users/lordcasser/workspace/projects/jarde/openspec/changes/recover-same-class-generic-call-consumers/results/candidate/gc09-raw-64-baseline-v1/jdk23/debug/jadx/RawOwnerChild/sources/defpackage/RawOwnerBase.java /Users/lordcasser/workspace/projects/jarde/openspec/changes/recover-same-class-generic-call-consumers/results/candidate/gc09-raw-64-baseline-v1/jdk23/debug/jadx/RawOwnerChild/sources/defpackage/RawOwnerChild.java /Users/lordcasser/workspace/projects/jarde/openspec/evidence/raw-receiver-field-selection-2026-10-09/source/ReceiverProbe.java
jdk23/debug/RawOwnerChild/jadx-verify-run	0	/Library/Java/JavaVirtualMachines/openjdk-23.0.1/Contents/Home/bin/java -Xverify:all -cp /var/folders/gm/lzn3ylzx4lz7mx29lftngdz40000gn/T/jarde-raw-receiver-replay-1qm8573y/jadx-classes ReceiverProbe defpackage.RawOwnerChild
jdk23/no-debug/RawOwnerChild/jar-contents	0	/Library/Java/JavaVirtualMachines/openjdk-23.0.1/Contents/Home/bin/jar tf /Users/lordcasser/workspace/projects/jarde/openspec/evidence/raw-receiver-field-selection-2026-10-09/jdk23/no-debug/input/RawOwnerChild.jar
jdk23/no-debug/RawOwnerChild/original-javac	0	/Library/Java/JavaVirtualMachines/openjdk-23.0.1/Contents/Home/bin/javac --release 8 -g:none -classpath /var/folders/gm/lzn3ylzx4lz7mx29lftngdz40000gn/T/jarde-raw-receiver-replay-ze4yg2l5/empty-classpath -sourcepath /var/folders/gm/lzn3ylzx4lz7mx29lftngdz40000gn/T/jarde-raw-receiver-replay-ze4yg2l5/empty-sourcepath -d /var/folders/gm/lzn3ylzx4lz7mx29lftngdz40000gn/T/jarde-raw-receiver-replay-ze4yg2l5/original /Users/lordcasser/workspace/projects/jarde/openspec/evidence/raw-receiver-field-selection-2026-10-09/source/RawOwnerChild.java /Users/lordcasser/workspace/projects/jarde/openspec/evidence/raw-receiver-field-selection-2026-10-09/source/RawOwnerBase.java
jdk23/no-debug/RawOwnerChild/javap	0	/Library/Java/JavaVirtualMachines/openjdk-23.0.1/Contents/Home/bin/javap -p -c -s -v -classpath /Users/lordcasser/workspace/projects/jarde/openspec/evidence/raw-receiver-field-selection-2026-10-09/jdk23/no-debug/input/RawOwnerChild.jar RawOwnerChild
jdk23/no-debug/RawOwnerChild/original-probe-javac	0	/Library/Java/JavaVirtualMachines/openjdk-23.0.1/Contents/Home/bin/javac --release 8 -g:none -classpath /var/folders/gm/lzn3ylzx4lz7mx29lftngdz40000gn/T/jarde-raw-receiver-replay-ze4yg2l5/empty-classpath -sourcepath /var/folders/gm/lzn3ylzx4lz7mx29lftngdz40000gn/T/jarde-raw-receiver-replay-ze4yg2l5/empty-sourcepath -d /var/folders/gm/lzn3ylzx4lz7mx29lftngdz40000gn/T/jarde-raw-receiver-replay-ze4yg2l5/original-probe /Users/lordcasser/workspace/projects/jarde/openspec/evidence/raw-receiver-field-selection-2026-10-09/source/ReceiverProbe.java
jdk23/no-debug/RawOwnerChild/original-run	0	/Library/Java/JavaVirtualMachines/openjdk-23.0.1/Contents/Home/bin/java -Xverify:all -cp /var/folders/gm/lzn3ylzx4lz7mx29lftngdz40000gn/T/jarde-raw-receiver-replay-ze4yg2l5/original:/var/folders/gm/lzn3ylzx4lz7mx29lftngdz40000gn/T/jarde-raw-receiver-replay-ze4yg2l5/original-probe ReceiverProbe RawOwnerChild
jdk23/no-debug/RawOwnerChild/jarde-RawOwnerChild	0	/private/tmp/jarde-raw-receiver-final-v3-cli class-source --input /Users/lordcasser/workspace/projects/jarde/openspec/evidence/raw-receiver-field-selection-2026-10-09/jdk23/no-debug/input/RawOwnerChild.jar --class RawOwnerChild --policy plain-jar --release 8 --format text
jdk23/no-debug/RawOwnerChild/jarde-RawOwnerChild-source-header	0	nonempty self-describing source
jdk23/no-debug/RawOwnerChild/jarde-RawOwnerBase	0	/private/tmp/jarde-raw-receiver-final-v3-cli class-source --input /Users/lordcasser/workspace/projects/jarde/openspec/evidence/raw-receiver-field-selection-2026-10-09/jdk23/no-debug/input/RawOwnerChild.jar --class RawOwnerBase --policy plain-jar --release 8 --format text
jdk23/no-debug/RawOwnerChild/jarde-RawOwnerBase-source-header	0	nonempty self-describing source
jdk23/no-debug/RawOwnerChild/jarde-javac	0	/Library/Java/JavaVirtualMachines/openjdk-23.0.1/Contents/Home/bin/javac --release 8 -g:none -classpath /var/folders/gm/lzn3ylzx4lz7mx29lftngdz40000gn/T/jarde-raw-receiver-replay-ze4yg2l5/empty-classpath -sourcepath /var/folders/gm/lzn3ylzx4lz7mx29lftngdz40000gn/T/jarde-raw-receiver-replay-ze4yg2l5/empty-sourcepath -d /var/folders/gm/lzn3ylzx4lz7mx29lftngdz40000gn/T/jarde-raw-receiver-replay-ze4yg2l5/jarde-classes /Users/lordcasser/workspace/projects/jarde/openspec/changes/recover-same-class-generic-call-consumers/results/candidate/gc09-raw-64-baseline-v1/jdk23/no-debug/jarde/RawOwnerChild.java /Users/lordcasser/workspace/projects/jarde/openspec/changes/recover-same-class-generic-call-consumers/results/candidate/gc09-raw-64-baseline-v1/jdk23/no-debug/jarde/RawOwnerBase.java /Users/lordcasser/workspace/projects/jarde/openspec/evidence/raw-receiver-field-selection-2026-10-09/source/ReceiverProbe.java
jdk23/no-debug/RawOwnerChild/jarde-verify-run	0	/Library/Java/JavaVirtualMachines/openjdk-23.0.1/Contents/Home/bin/java -Xverify:all -cp /var/folders/gm/lzn3ylzx4lz7mx29lftngdz40000gn/T/jarde-raw-receiver-replay-ze4yg2l5/jarde-classes ReceiverProbe RawOwnerChild
jdk23/no-debug/RawOwnerChild/jadx	0	/Users/lordcasser/workspace/testzone/jadx/jadx-cli/build/install/jadx/bin/jadx --no-res -d /Users/lordcasser/workspace/projects/jarde/openspec/changes/recover-same-class-generic-call-consumers/results/candidate/gc09-raw-64-baseline-v1/jdk23/no-debug/jadx/RawOwnerChild /Users/lordcasser/workspace/projects/jarde/openspec/evidence/raw-receiver-field-selection-2026-10-09/jdk23/no-debug/input/RawOwnerChild.jar
jdk23/no-debug/RawOwnerChild/jadx-source-header	0	nonempty class source
jdk23/no-debug/RawOwnerChild/jadx-javac	0	/Library/Java/JavaVirtualMachines/openjdk-23.0.1/Contents/Home/bin/javac --release 8 -g:none -classpath /var/folders/gm/lzn3ylzx4lz7mx29lftngdz40000gn/T/jarde-raw-receiver-replay-ze4yg2l5/empty-classpath -sourcepath /var/folders/gm/lzn3ylzx4lz7mx29lftngdz40000gn/T/jarde-raw-receiver-replay-ze4yg2l5/empty-sourcepath -d /var/folders/gm/lzn3ylzx4lz7mx29lftngdz40000gn/T/jarde-raw-receiver-replay-ze4yg2l5/jadx-classes /Users/lordcasser/workspace/projects/jarde/openspec/changes/recover-same-class-generic-call-consumers/results/candidate/gc09-raw-64-baseline-v1/jdk23/no-debug/jadx/RawOwnerChild/sources/defpackage/RawOwnerBase.java /Users/lordcasser/workspace/projects/jarde/openspec/changes/recover-same-class-generic-call-consumers/results/candidate/gc09-raw-64-baseline-v1/jdk23/no-debug/jadx/RawOwnerChild/sources/defpackage/RawOwnerChild.java /Users/lordcasser/workspace/projects/jarde/openspec/evidence/raw-receiver-field-selection-2026-10-09/source/ReceiverProbe.java
jdk23/no-debug/RawOwnerChild/jadx-verify-run	0	/Library/Java/JavaVirtualMachines/openjdk-23.0.1/Contents/Home/bin/java -Xverify:all -cp /var/folders/gm/lzn3ylzx4lz7mx29lftngdz40000gn/T/jarde-raw-receiver-replay-ze4yg2l5/jadx-classes ReceiverProbe defpackage.RawOwnerChild
