scope	exit_code	command
versions/jarde-cli	0	/private/tmp/jarde-class-ctor-final-cli --version
versions/jadx-cli	0	/Users/lordcasser/workspace/testzone/jadx/jadx-cli/build/install/jadx/bin/jadx --version
jdk8/versions/java	0	/Library/Java/JavaVirtualMachines/corretto-1.8.0_432/Contents/Home/bin/java -version
jdk8/versions/javac	0	/Library/Java/JavaVirtualMachines/corretto-1.8.0_432/Contents/Home/bin/javac -version
jdk8/debug/RawParam/jar-contents	0	/Library/Java/JavaVirtualMachines/corretto-1.8.0_432/Contents/Home/bin/jar tf /Users/lordcasser/workspace/projects/jarde/openspec/evidence/raw-receiver-field-selection-2026-10-09/jdk8/debug/input/RawParam.jar
jdk8/debug/RawParam/original-javac	0	/Library/Java/JavaVirtualMachines/corretto-1.8.0_432/Contents/Home/bin/javac -source 8 -target 8 -g -classpath /var/folders/gm/lzn3ylzx4lz7mx29lftngdz40000gn/T/jarde-raw-receiver-replay-bdvqdmg3/empty-classpath -sourcepath /var/folders/gm/lzn3ylzx4lz7mx29lftngdz40000gn/T/jarde-raw-receiver-replay-bdvqdmg3/empty-sourcepath -d /var/folders/gm/lzn3ylzx4lz7mx29lftngdz40000gn/T/jarde-raw-receiver-replay-bdvqdmg3/original /Users/lordcasser/workspace/projects/jarde/openspec/evidence/raw-receiver-field-selection-2026-10-09/source/RawParam.java
jdk8/debug/RawParam/javap	0	/Library/Java/JavaVirtualMachines/corretto-1.8.0_432/Contents/Home/bin/javap -p -c -s -v -classpath /Users/lordcasser/workspace/projects/jarde/openspec/evidence/raw-receiver-field-selection-2026-10-09/jdk8/debug/input/RawParam.jar RawParam
jdk8/debug/RawParam/original-probe-javac	0	/Library/Java/JavaVirtualMachines/corretto-1.8.0_432/Contents/Home/bin/javac -source 8 -target 8 -g -classpath /var/folders/gm/lzn3ylzx4lz7mx29lftngdz40000gn/T/jarde-raw-receiver-replay-bdvqdmg3/empty-classpath -sourcepath /var/folders/gm/lzn3ylzx4lz7mx29lftngdz40000gn/T/jarde-raw-receiver-replay-bdvqdmg3/empty-sourcepath -d /var/folders/gm/lzn3ylzx4lz7mx29lftngdz40000gn/T/jarde-raw-receiver-replay-bdvqdmg3/original-probe /Users/lordcasser/workspace/projects/jarde/openspec/evidence/raw-receiver-field-selection-2026-10-09/source/ReceiverProbe.java
jdk8/debug/RawParam/original-run	0	/Library/Java/JavaVirtualMachines/corretto-1.8.0_432/Contents/Home/bin/java -Xverify:all -cp /var/folders/gm/lzn3ylzx4lz7mx29lftngdz40000gn/T/jarde-raw-receiver-replay-bdvqdmg3/original:/var/folders/gm/lzn3ylzx4lz7mx29lftngdz40000gn/T/jarde-raw-receiver-replay-bdvqdmg3/original-probe ReceiverProbe RawParam
jdk8/debug/RawParam/jarde-RawParam	0	/private/tmp/jarde-class-ctor-final-cli class-source --input /Users/lordcasser/workspace/projects/jarde/openspec/evidence/raw-receiver-field-selection-2026-10-09/jdk8/debug/input/RawParam.jar --class RawParam --policy plain-jar --release 8 --format text
jdk8/debug/RawParam/jarde-RawParam-source-header	0	nonempty self-describing source
jdk8/debug/RawParam/jarde-javac	0	/Library/Java/JavaVirtualMachines/corretto-1.8.0_432/Contents/Home/bin/javac -source 8 -target 8 -g -classpath /var/folders/gm/lzn3ylzx4lz7mx29lftngdz40000gn/T/jarde-raw-receiver-replay-bdvqdmg3/empty-classpath -sourcepath /var/folders/gm/lzn3ylzx4lz7mx29lftngdz40000gn/T/jarde-raw-receiver-replay-bdvqdmg3/empty-sourcepath -d /var/folders/gm/lzn3ylzx4lz7mx29lftngdz40000gn/T/jarde-raw-receiver-replay-bdvqdmg3/jarde-classes /private/tmp/jarde-raw-receiver-marker-baseline-root-20261009/jdk8/debug/jarde/RawParam.java /Users/lordcasser/workspace/projects/jarde/openspec/evidence/raw-receiver-field-selection-2026-10-09/source/ReceiverProbe.java
jdk8/debug/RawParam/jarde-verify-run	0	/Library/Java/JavaVirtualMachines/corretto-1.8.0_432/Contents/Home/bin/java -Xverify:all -cp /var/folders/gm/lzn3ylzx4lz7mx29lftngdz40000gn/T/jarde-raw-receiver-replay-bdvqdmg3/jarde-classes ReceiverProbe RawParam
jdk8/debug/RawParam/jadx	0	/Users/lordcasser/workspace/testzone/jadx/jadx-cli/build/install/jadx/bin/jadx --no-res --single-class RawParam -d /private/tmp/jarde-raw-receiver-marker-baseline-root-20261009/jdk8/debug/jadx/RawParam /Users/lordcasser/workspace/projects/jarde/openspec/evidence/raw-receiver-field-selection-2026-10-09/jdk8/debug/input/RawParam.jar
jdk8/debug/RawParam/jadx-source-header	0	nonempty class source
jdk8/debug/RawParam/jadx-javac	0	/Library/Java/JavaVirtualMachines/corretto-1.8.0_432/Contents/Home/bin/javac -source 8 -target 8 -g -classpath /var/folders/gm/lzn3ylzx4lz7mx29lftngdz40000gn/T/jarde-raw-receiver-replay-bdvqdmg3/empty-classpath -sourcepath /var/folders/gm/lzn3ylzx4lz7mx29lftngdz40000gn/T/jarde-raw-receiver-replay-bdvqdmg3/empty-sourcepath -d /var/folders/gm/lzn3ylzx4lz7mx29lftngdz40000gn/T/jarde-raw-receiver-replay-bdvqdmg3/jadx-classes /private/tmp/jarde-raw-receiver-marker-baseline-root-20261009/jdk8/debug/jadx/RawParam/sources/defpackage/RawParam.java /Users/lordcasser/workspace/projects/jarde/openspec/evidence/raw-receiver-field-selection-2026-10-09/source/ReceiverProbe.java
jdk8/debug/RawParam/jadx-verify-run	0	/Library/Java/JavaVirtualMachines/corretto-1.8.0_432/Contents/Home/bin/java -Xverify:all -cp /var/folders/gm/lzn3ylzx4lz7mx29lftngdz40000gn/T/jarde-raw-receiver-replay-bdvqdmg3/jadx-classes ReceiverProbe defpackage.RawParam
jdk8/no-debug/RawParam/jar-contents	0	/Library/Java/JavaVirtualMachines/corretto-1.8.0_432/Contents/Home/bin/jar tf /Users/lordcasser/workspace/projects/jarde/openspec/evidence/raw-receiver-field-selection-2026-10-09/jdk8/no-debug/input/RawParam.jar
jdk8/no-debug/RawParam/original-javac	0	/Library/Java/JavaVirtualMachines/corretto-1.8.0_432/Contents/Home/bin/javac -source 8 -target 8 -g:none -classpath /var/folders/gm/lzn3ylzx4lz7mx29lftngdz40000gn/T/jarde-raw-receiver-replay-vuk964iz/empty-classpath -sourcepath /var/folders/gm/lzn3ylzx4lz7mx29lftngdz40000gn/T/jarde-raw-receiver-replay-vuk964iz/empty-sourcepath -d /var/folders/gm/lzn3ylzx4lz7mx29lftngdz40000gn/T/jarde-raw-receiver-replay-vuk964iz/original /Users/lordcasser/workspace/projects/jarde/openspec/evidence/raw-receiver-field-selection-2026-10-09/source/RawParam.java
jdk8/no-debug/RawParam/javap	0	/Library/Java/JavaVirtualMachines/corretto-1.8.0_432/Contents/Home/bin/javap -p -c -s -v -classpath /Users/lordcasser/workspace/projects/jarde/openspec/evidence/raw-receiver-field-selection-2026-10-09/jdk8/no-debug/input/RawParam.jar RawParam
jdk8/no-debug/RawParam/original-probe-javac	0	/Library/Java/JavaVirtualMachines/corretto-1.8.0_432/Contents/Home/bin/javac -source 8 -target 8 -g:none -classpath /var/folders/gm/lzn3ylzx4lz7mx29lftngdz40000gn/T/jarde-raw-receiver-replay-vuk964iz/empty-classpath -sourcepath /var/folders/gm/lzn3ylzx4lz7mx29lftngdz40000gn/T/jarde-raw-receiver-replay-vuk964iz/empty-sourcepath -d /var/folders/gm/lzn3ylzx4lz7mx29lftngdz40000gn/T/jarde-raw-receiver-replay-vuk964iz/original-probe /Users/lordcasser/workspace/projects/jarde/openspec/evidence/raw-receiver-field-selection-2026-10-09/source/ReceiverProbe.java
jdk8/no-debug/RawParam/original-run	0	/Library/Java/JavaVirtualMachines/corretto-1.8.0_432/Contents/Home/bin/java -Xverify:all -cp /var/folders/gm/lzn3ylzx4lz7mx29lftngdz40000gn/T/jarde-raw-receiver-replay-vuk964iz/original:/var/folders/gm/lzn3ylzx4lz7mx29lftngdz40000gn/T/jarde-raw-receiver-replay-vuk964iz/original-probe ReceiverProbe RawParam
jdk8/no-debug/RawParam/jarde-RawParam	0	/private/tmp/jarde-class-ctor-final-cli class-source --input /Users/lordcasser/workspace/projects/jarde/openspec/evidence/raw-receiver-field-selection-2026-10-09/jdk8/no-debug/input/RawParam.jar --class RawParam --policy plain-jar --release 8 --format text
jdk8/no-debug/RawParam/jarde-RawParam-source-header	0	nonempty self-describing source
jdk8/no-debug/RawParam/jarde-javac	0	/Library/Java/JavaVirtualMachines/corretto-1.8.0_432/Contents/Home/bin/javac -source 8 -target 8 -g:none -classpath /var/folders/gm/lzn3ylzx4lz7mx29lftngdz40000gn/T/jarde-raw-receiver-replay-vuk964iz/empty-classpath -sourcepath /var/folders/gm/lzn3ylzx4lz7mx29lftngdz40000gn/T/jarde-raw-receiver-replay-vuk964iz/empty-sourcepath -d /var/folders/gm/lzn3ylzx4lz7mx29lftngdz40000gn/T/jarde-raw-receiver-replay-vuk964iz/jarde-classes /private/tmp/jarde-raw-receiver-marker-baseline-root-20261009/jdk8/no-debug/jarde/RawParam.java /Users/lordcasser/workspace/projects/jarde/openspec/evidence/raw-receiver-field-selection-2026-10-09/source/ReceiverProbe.java
jdk8/no-debug/RawParam/jarde-verify-run	0	/Library/Java/JavaVirtualMachines/corretto-1.8.0_432/Contents/Home/bin/java -Xverify:all -cp /var/folders/gm/lzn3ylzx4lz7mx29lftngdz40000gn/T/jarde-raw-receiver-replay-vuk964iz/jarde-classes ReceiverProbe RawParam
jdk8/no-debug/RawParam/jadx	0	/Users/lordcasser/workspace/testzone/jadx/jadx-cli/build/install/jadx/bin/jadx --no-res --single-class RawParam -d /private/tmp/jarde-raw-receiver-marker-baseline-root-20261009/jdk8/no-debug/jadx/RawParam /Users/lordcasser/workspace/projects/jarde/openspec/evidence/raw-receiver-field-selection-2026-10-09/jdk8/no-debug/input/RawParam.jar
jdk8/no-debug/RawParam/jadx-source-header	0	nonempty class source
jdk8/no-debug/RawParam/jadx-javac	0	/Library/Java/JavaVirtualMachines/corretto-1.8.0_432/Contents/Home/bin/javac -source 8 -target 8 -g:none -classpath /var/folders/gm/lzn3ylzx4lz7mx29lftngdz40000gn/T/jarde-raw-receiver-replay-vuk964iz/empty-classpath -sourcepath /var/folders/gm/lzn3ylzx4lz7mx29lftngdz40000gn/T/jarde-raw-receiver-replay-vuk964iz/empty-sourcepath -d /var/folders/gm/lzn3ylzx4lz7mx29lftngdz40000gn/T/jarde-raw-receiver-replay-vuk964iz/jadx-classes /private/tmp/jarde-raw-receiver-marker-baseline-root-20261009/jdk8/no-debug/jadx/RawParam/sources/defpackage/RawParam.java /Users/lordcasser/workspace/projects/jarde/openspec/evidence/raw-receiver-field-selection-2026-10-09/source/ReceiverProbe.java
jdk8/no-debug/RawParam/jadx-verify-run	0	/Library/Java/JavaVirtualMachines/corretto-1.8.0_432/Contents/Home/bin/java -Xverify:all -cp /var/folders/gm/lzn3ylzx4lz7mx29lftngdz40000gn/T/jarde-raw-receiver-replay-vuk964iz/jadx-classes ReceiverProbe defpackage.RawParam
jdk8/debug/StaticRawLocal/jar-contents	0	/Library/Java/JavaVirtualMachines/corretto-1.8.0_432/Contents/Home/bin/jar tf /Users/lordcasser/workspace/projects/jarde/openspec/evidence/raw-receiver-field-selection-2026-10-09/jdk8/debug/input/StaticRawLocal.jar
jdk8/debug/StaticRawLocal/original-javac	0	/Library/Java/JavaVirtualMachines/corretto-1.8.0_432/Contents/Home/bin/javac -source 8 -target 8 -g -classpath /var/folders/gm/lzn3ylzx4lz7mx29lftngdz40000gn/T/jarde-raw-receiver-replay-dnza56h6/empty-classpath -sourcepath /var/folders/gm/lzn3ylzx4lz7mx29lftngdz40000gn/T/jarde-raw-receiver-replay-dnza56h6/empty-sourcepath -d /var/folders/gm/lzn3ylzx4lz7mx29lftngdz40000gn/T/jarde-raw-receiver-replay-dnza56h6/original /Users/lordcasser/workspace/projects/jarde/openspec/evidence/raw-receiver-field-selection-2026-10-09/source/StaticRawLocal.java
jdk8/debug/StaticRawLocal/javap	0	/Library/Java/JavaVirtualMachines/corretto-1.8.0_432/Contents/Home/bin/javap -p -c -s -v -classpath /Users/lordcasser/workspace/projects/jarde/openspec/evidence/raw-receiver-field-selection-2026-10-09/jdk8/debug/input/StaticRawLocal.jar StaticRawLocal
jdk8/debug/StaticRawLocal/original-probe-javac	0	/Library/Java/JavaVirtualMachines/corretto-1.8.0_432/Contents/Home/bin/javac -source 8 -target 8 -g -classpath /var/folders/gm/lzn3ylzx4lz7mx29lftngdz40000gn/T/jarde-raw-receiver-replay-dnza56h6/empty-classpath -sourcepath /var/folders/gm/lzn3ylzx4lz7mx29lftngdz40000gn/T/jarde-raw-receiver-replay-dnza56h6/empty-sourcepath -d /var/folders/gm/lzn3ylzx4lz7mx29lftngdz40000gn/T/jarde-raw-receiver-replay-dnza56h6/original-probe /Users/lordcasser/workspace/projects/jarde/openspec/evidence/raw-receiver-field-selection-2026-10-09/source/ReceiverProbe.java
jdk8/debug/StaticRawLocal/original-run	0	/Library/Java/JavaVirtualMachines/corretto-1.8.0_432/Contents/Home/bin/java -Xverify:all -cp /var/folders/gm/lzn3ylzx4lz7mx29lftngdz40000gn/T/jarde-raw-receiver-replay-dnza56h6/original:/var/folders/gm/lzn3ylzx4lz7mx29lftngdz40000gn/T/jarde-raw-receiver-replay-dnza56h6/original-probe ReceiverProbe StaticRawLocal
jdk8/debug/StaticRawLocal/jarde-StaticRawLocal	0	/private/tmp/jarde-class-ctor-final-cli class-source --input /Users/lordcasser/workspace/projects/jarde/openspec/evidence/raw-receiver-field-selection-2026-10-09/jdk8/debug/input/StaticRawLocal.jar --class StaticRawLocal --policy plain-jar --release 8 --format text
jdk8/debug/StaticRawLocal/jarde-StaticRawLocal-source-header	0	nonempty self-describing source
jdk8/debug/StaticRawLocal/jarde-javac	0	/Library/Java/JavaVirtualMachines/corretto-1.8.0_432/Contents/Home/bin/javac -source 8 -target 8 -g -classpath /var/folders/gm/lzn3ylzx4lz7mx29lftngdz40000gn/T/jarde-raw-receiver-replay-dnza56h6/empty-classpath -sourcepath /var/folders/gm/lzn3ylzx4lz7mx29lftngdz40000gn/T/jarde-raw-receiver-replay-dnza56h6/empty-sourcepath -d /var/folders/gm/lzn3ylzx4lz7mx29lftngdz40000gn/T/jarde-raw-receiver-replay-dnza56h6/jarde-classes /private/tmp/jarde-raw-receiver-marker-baseline-root-20261009/jdk8/debug/jarde/StaticRawLocal.java /Users/lordcasser/workspace/projects/jarde/openspec/evidence/raw-receiver-field-selection-2026-10-09/source/ReceiverProbe.java
jdk8/debug/StaticRawLocal/jarde-verify-run	0	/Library/Java/JavaVirtualMachines/corretto-1.8.0_432/Contents/Home/bin/java -Xverify:all -cp /var/folders/gm/lzn3ylzx4lz7mx29lftngdz40000gn/T/jarde-raw-receiver-replay-dnza56h6/jarde-classes ReceiverProbe StaticRawLocal
jdk8/debug/StaticRawLocal/jadx	0	/Users/lordcasser/workspace/testzone/jadx/jadx-cli/build/install/jadx/bin/jadx --no-res --single-class StaticRawLocal -d /private/tmp/jarde-raw-receiver-marker-baseline-root-20261009/jdk8/debug/jadx/StaticRawLocal /Users/lordcasser/workspace/projects/jarde/openspec/evidence/raw-receiver-field-selection-2026-10-09/jdk8/debug/input/StaticRawLocal.jar
jdk8/debug/StaticRawLocal/jadx-source-header	0	nonempty class source
jdk8/debug/StaticRawLocal/jadx-javac	0	/Library/Java/JavaVirtualMachines/corretto-1.8.0_432/Contents/Home/bin/javac -source 8 -target 8 -g -classpath /var/folders/gm/lzn3ylzx4lz7mx29lftngdz40000gn/T/jarde-raw-receiver-replay-dnza56h6/empty-classpath -sourcepath /var/folders/gm/lzn3ylzx4lz7mx29lftngdz40000gn/T/jarde-raw-receiver-replay-dnza56h6/empty-sourcepath -d /var/folders/gm/lzn3ylzx4lz7mx29lftngdz40000gn/T/jarde-raw-receiver-replay-dnza56h6/jadx-classes /private/tmp/jarde-raw-receiver-marker-baseline-root-20261009/jdk8/debug/jadx/StaticRawLocal/sources/defpackage/StaticRawLocal.java /Users/lordcasser/workspace/projects/jarde/openspec/evidence/raw-receiver-field-selection-2026-10-09/source/ReceiverProbe.java
jdk8/debug/StaticRawLocal/jadx-verify-run	0	/Library/Java/JavaVirtualMachines/corretto-1.8.0_432/Contents/Home/bin/java -Xverify:all -cp /var/folders/gm/lzn3ylzx4lz7mx29lftngdz40000gn/T/jarde-raw-receiver-replay-dnza56h6/jadx-classes ReceiverProbe defpackage.StaticRawLocal
jdk8/no-debug/StaticRawLocal/jar-contents	0	/Library/Java/JavaVirtualMachines/corretto-1.8.0_432/Contents/Home/bin/jar tf /Users/lordcasser/workspace/projects/jarde/openspec/evidence/raw-receiver-field-selection-2026-10-09/jdk8/no-debug/input/StaticRawLocal.jar
jdk8/no-debug/StaticRawLocal/original-javac	0	/Library/Java/JavaVirtualMachines/corretto-1.8.0_432/Contents/Home/bin/javac -source 8 -target 8 -g:none -classpath /var/folders/gm/lzn3ylzx4lz7mx29lftngdz40000gn/T/jarde-raw-receiver-replay-uxi2na5v/empty-classpath -sourcepath /var/folders/gm/lzn3ylzx4lz7mx29lftngdz40000gn/T/jarde-raw-receiver-replay-uxi2na5v/empty-sourcepath -d /var/folders/gm/lzn3ylzx4lz7mx29lftngdz40000gn/T/jarde-raw-receiver-replay-uxi2na5v/original /Users/lordcasser/workspace/projects/jarde/openspec/evidence/raw-receiver-field-selection-2026-10-09/source/StaticRawLocal.java
jdk8/no-debug/StaticRawLocal/javap	0	/Library/Java/JavaVirtualMachines/corretto-1.8.0_432/Contents/Home/bin/javap -p -c -s -v -classpath /Users/lordcasser/workspace/projects/jarde/openspec/evidence/raw-receiver-field-selection-2026-10-09/jdk8/no-debug/input/StaticRawLocal.jar StaticRawLocal
jdk8/no-debug/StaticRawLocal/original-probe-javac	0	/Library/Java/JavaVirtualMachines/corretto-1.8.0_432/Contents/Home/bin/javac -source 8 -target 8 -g:none -classpath /var/folders/gm/lzn3ylzx4lz7mx29lftngdz40000gn/T/jarde-raw-receiver-replay-uxi2na5v/empty-classpath -sourcepath /var/folders/gm/lzn3ylzx4lz7mx29lftngdz40000gn/T/jarde-raw-receiver-replay-uxi2na5v/empty-sourcepath -d /var/folders/gm/lzn3ylzx4lz7mx29lftngdz40000gn/T/jarde-raw-receiver-replay-uxi2na5v/original-probe /Users/lordcasser/workspace/projects/jarde/openspec/evidence/raw-receiver-field-selection-2026-10-09/source/ReceiverProbe.java
jdk8/no-debug/StaticRawLocal/original-run	0	/Library/Java/JavaVirtualMachines/corretto-1.8.0_432/Contents/Home/bin/java -Xverify:all -cp /var/folders/gm/lzn3ylzx4lz7mx29lftngdz40000gn/T/jarde-raw-receiver-replay-uxi2na5v/original:/var/folders/gm/lzn3ylzx4lz7mx29lftngdz40000gn/T/jarde-raw-receiver-replay-uxi2na5v/original-probe ReceiverProbe StaticRawLocal
jdk8/no-debug/StaticRawLocal/jarde-StaticRawLocal	0	/private/tmp/jarde-class-ctor-final-cli class-source --input /Users/lordcasser/workspace/projects/jarde/openspec/evidence/raw-receiver-field-selection-2026-10-09/jdk8/no-debug/input/StaticRawLocal.jar --class StaticRawLocal --policy plain-jar --release 8 --format text
jdk8/no-debug/StaticRawLocal/jarde-StaticRawLocal-source-header	0	nonempty self-describing source
jdk8/no-debug/StaticRawLocal/jarde-javac	0	/Library/Java/JavaVirtualMachines/corretto-1.8.0_432/Contents/Home/bin/javac -source 8 -target 8 -g:none -classpath /var/folders/gm/lzn3ylzx4lz7mx29lftngdz40000gn/T/jarde-raw-receiver-replay-uxi2na5v/empty-classpath -sourcepath /var/folders/gm/lzn3ylzx4lz7mx29lftngdz40000gn/T/jarde-raw-receiver-replay-uxi2na5v/empty-sourcepath -d /var/folders/gm/lzn3ylzx4lz7mx29lftngdz40000gn/T/jarde-raw-receiver-replay-uxi2na5v/jarde-classes /private/tmp/jarde-raw-receiver-marker-baseline-root-20261009/jdk8/no-debug/jarde/StaticRawLocal.java /Users/lordcasser/workspace/projects/jarde/openspec/evidence/raw-receiver-field-selection-2026-10-09/source/ReceiverProbe.java
jdk8/no-debug/StaticRawLocal/jarde-verify-run	0	/Library/Java/JavaVirtualMachines/corretto-1.8.0_432/Contents/Home/bin/java -Xverify:all -cp /var/folders/gm/lzn3ylzx4lz7mx29lftngdz40000gn/T/jarde-raw-receiver-replay-uxi2na5v/jarde-classes ReceiverProbe StaticRawLocal
jdk8/no-debug/StaticRawLocal/jadx	0	/Users/lordcasser/workspace/testzone/jadx/jadx-cli/build/install/jadx/bin/jadx --no-res --single-class StaticRawLocal -d /private/tmp/jarde-raw-receiver-marker-baseline-root-20261009/jdk8/no-debug/jadx/StaticRawLocal /Users/lordcasser/workspace/projects/jarde/openspec/evidence/raw-receiver-field-selection-2026-10-09/jdk8/no-debug/input/StaticRawLocal.jar
jdk8/no-debug/StaticRawLocal/jadx-source-header	0	nonempty class source
jdk8/no-debug/StaticRawLocal/jadx-javac	0	/Library/Java/JavaVirtualMachines/corretto-1.8.0_432/Contents/Home/bin/javac -source 8 -target 8 -g:none -classpath /var/folders/gm/lzn3ylzx4lz7mx29lftngdz40000gn/T/jarde-raw-receiver-replay-uxi2na5v/empty-classpath -sourcepath /var/folders/gm/lzn3ylzx4lz7mx29lftngdz40000gn/T/jarde-raw-receiver-replay-uxi2na5v/empty-sourcepath -d /var/folders/gm/lzn3ylzx4lz7mx29lftngdz40000gn/T/jarde-raw-receiver-replay-uxi2na5v/jadx-classes /private/tmp/jarde-raw-receiver-marker-baseline-root-20261009/jdk8/no-debug/jadx/StaticRawLocal/sources/defpackage/StaticRawLocal.java /Users/lordcasser/workspace/projects/jarde/openspec/evidence/raw-receiver-field-selection-2026-10-09/source/ReceiverProbe.java
jdk8/no-debug/StaticRawLocal/jadx-verify-run	0	/Library/Java/JavaVirtualMachines/corretto-1.8.0_432/Contents/Home/bin/java -Xverify:all -cp /var/folders/gm/lzn3ylzx4lz7mx29lftngdz40000gn/T/jarde-raw-receiver-replay-uxi2na5v/jadx-classes ReceiverProbe defpackage.StaticRawLocal
jdk8/debug/InstanceRawLocal/jar-contents	0	/Library/Java/JavaVirtualMachines/corretto-1.8.0_432/Contents/Home/bin/jar tf /Users/lordcasser/workspace/projects/jarde/openspec/evidence/raw-receiver-field-selection-2026-10-09/jdk8/debug/input/InstanceRawLocal.jar
jdk8/debug/InstanceRawLocal/original-javac	0	/Library/Java/JavaVirtualMachines/corretto-1.8.0_432/Contents/Home/bin/javac -source 8 -target 8 -g -classpath /var/folders/gm/lzn3ylzx4lz7mx29lftngdz40000gn/T/jarde-raw-receiver-replay-1sqvdvtr/empty-classpath -sourcepath /var/folders/gm/lzn3ylzx4lz7mx29lftngdz40000gn/T/jarde-raw-receiver-replay-1sqvdvtr/empty-sourcepath -d /var/folders/gm/lzn3ylzx4lz7mx29lftngdz40000gn/T/jarde-raw-receiver-replay-1sqvdvtr/original /Users/lordcasser/workspace/projects/jarde/openspec/evidence/raw-receiver-field-selection-2026-10-09/source/InstanceRawLocal.java
jdk8/debug/InstanceRawLocal/javap	0	/Library/Java/JavaVirtualMachines/corretto-1.8.0_432/Contents/Home/bin/javap -p -c -s -v -classpath /Users/lordcasser/workspace/projects/jarde/openspec/evidence/raw-receiver-field-selection-2026-10-09/jdk8/debug/input/InstanceRawLocal.jar InstanceRawLocal
jdk8/debug/InstanceRawLocal/original-probe-javac	0	/Library/Java/JavaVirtualMachines/corretto-1.8.0_432/Contents/Home/bin/javac -source 8 -target 8 -g -classpath /var/folders/gm/lzn3ylzx4lz7mx29lftngdz40000gn/T/jarde-raw-receiver-replay-1sqvdvtr/empty-classpath -sourcepath /var/folders/gm/lzn3ylzx4lz7mx29lftngdz40000gn/T/jarde-raw-receiver-replay-1sqvdvtr/empty-sourcepath -d /var/folders/gm/lzn3ylzx4lz7mx29lftngdz40000gn/T/jarde-raw-receiver-replay-1sqvdvtr/original-probe /Users/lordcasser/workspace/projects/jarde/openspec/evidence/raw-receiver-field-selection-2026-10-09/source/ReceiverProbe.java
jdk8/debug/InstanceRawLocal/original-run	0	/Library/Java/JavaVirtualMachines/corretto-1.8.0_432/Contents/Home/bin/java -Xverify:all -cp /var/folders/gm/lzn3ylzx4lz7mx29lftngdz40000gn/T/jarde-raw-receiver-replay-1sqvdvtr/original:/var/folders/gm/lzn3ylzx4lz7mx29lftngdz40000gn/T/jarde-raw-receiver-replay-1sqvdvtr/original-probe ReceiverProbe InstanceRawLocal
jdk8/debug/InstanceRawLocal/jarde-InstanceRawLocal	0	/private/tmp/jarde-class-ctor-final-cli class-source --input /Users/lordcasser/workspace/projects/jarde/openspec/evidence/raw-receiver-field-selection-2026-10-09/jdk8/debug/input/InstanceRawLocal.jar --class InstanceRawLocal --policy plain-jar --release 8 --format text
jdk8/debug/InstanceRawLocal/jarde-InstanceRawLocal-source-header	0	nonempty self-describing source
jdk8/debug/InstanceRawLocal/jarde-javac	0	/Library/Java/JavaVirtualMachines/corretto-1.8.0_432/Contents/Home/bin/javac -source 8 -target 8 -g -classpath /var/folders/gm/lzn3ylzx4lz7mx29lftngdz40000gn/T/jarde-raw-receiver-replay-1sqvdvtr/empty-classpath -sourcepath /var/folders/gm/lzn3ylzx4lz7mx29lftngdz40000gn/T/jarde-raw-receiver-replay-1sqvdvtr/empty-sourcepath -d /var/folders/gm/lzn3ylzx4lz7mx29lftngdz40000gn/T/jarde-raw-receiver-replay-1sqvdvtr/jarde-classes /private/tmp/jarde-raw-receiver-marker-baseline-root-20261009/jdk8/debug/jarde/InstanceRawLocal.java /Users/lordcasser/workspace/projects/jarde/openspec/evidence/raw-receiver-field-selection-2026-10-09/source/ReceiverProbe.java
jdk8/debug/InstanceRawLocal/jarde-verify-run	0	/Library/Java/JavaVirtualMachines/corretto-1.8.0_432/Contents/Home/bin/java -Xverify:all -cp /var/folders/gm/lzn3ylzx4lz7mx29lftngdz40000gn/T/jarde-raw-receiver-replay-1sqvdvtr/jarde-classes ReceiverProbe InstanceRawLocal
jdk8/debug/InstanceRawLocal/jadx	0	/Users/lordcasser/workspace/testzone/jadx/jadx-cli/build/install/jadx/bin/jadx --no-res --single-class InstanceRawLocal -d /private/tmp/jarde-raw-receiver-marker-baseline-root-20261009/jdk8/debug/jadx/InstanceRawLocal /Users/lordcasser/workspace/projects/jarde/openspec/evidence/raw-receiver-field-selection-2026-10-09/jdk8/debug/input/InstanceRawLocal.jar
jdk8/debug/InstanceRawLocal/jadx-source-header	0	nonempty class source
jdk8/debug/InstanceRawLocal/jadx-javac	1	/Library/Java/JavaVirtualMachines/corretto-1.8.0_432/Contents/Home/bin/javac -source 8 -target 8 -g -classpath /var/folders/gm/lzn3ylzx4lz7mx29lftngdz40000gn/T/jarde-raw-receiver-replay-1sqvdvtr/empty-classpath -sourcepath /var/folders/gm/lzn3ylzx4lz7mx29lftngdz40000gn/T/jarde-raw-receiver-replay-1sqvdvtr/empty-sourcepath -d /var/folders/gm/lzn3ylzx4lz7mx29lftngdz40000gn/T/jarde-raw-receiver-replay-1sqvdvtr/jadx-classes /private/tmp/jarde-raw-receiver-marker-baseline-root-20261009/jdk8/debug/jadx/InstanceRawLocal/sources/defpackage/InstanceRawLocal.java /Users/lordcasser/workspace/projects/jarde/openspec/evidence/raw-receiver-field-selection-2026-10-09/source/ReceiverProbe.java
jdk8/no-debug/InstanceRawLocal/jar-contents	0	/Library/Java/JavaVirtualMachines/corretto-1.8.0_432/Contents/Home/bin/jar tf /Users/lordcasser/workspace/projects/jarde/openspec/evidence/raw-receiver-field-selection-2026-10-09/jdk8/no-debug/input/InstanceRawLocal.jar
jdk8/no-debug/InstanceRawLocal/original-javac	0	/Library/Java/JavaVirtualMachines/corretto-1.8.0_432/Contents/Home/bin/javac -source 8 -target 8 -g:none -classpath /var/folders/gm/lzn3ylzx4lz7mx29lftngdz40000gn/T/jarde-raw-receiver-replay-fkuw39oc/empty-classpath -sourcepath /var/folders/gm/lzn3ylzx4lz7mx29lftngdz40000gn/T/jarde-raw-receiver-replay-fkuw39oc/empty-sourcepath -d /var/folders/gm/lzn3ylzx4lz7mx29lftngdz40000gn/T/jarde-raw-receiver-replay-fkuw39oc/original /Users/lordcasser/workspace/projects/jarde/openspec/evidence/raw-receiver-field-selection-2026-10-09/source/InstanceRawLocal.java
jdk8/no-debug/InstanceRawLocal/javap	0	/Library/Java/JavaVirtualMachines/corretto-1.8.0_432/Contents/Home/bin/javap -p -c -s -v -classpath /Users/lordcasser/workspace/projects/jarde/openspec/evidence/raw-receiver-field-selection-2026-10-09/jdk8/no-debug/input/InstanceRawLocal.jar InstanceRawLocal
jdk8/no-debug/InstanceRawLocal/original-probe-javac	0	/Library/Java/JavaVirtualMachines/corretto-1.8.0_432/Contents/Home/bin/javac -source 8 -target 8 -g:none -classpath /var/folders/gm/lzn3ylzx4lz7mx29lftngdz40000gn/T/jarde-raw-receiver-replay-fkuw39oc/empty-classpath -sourcepath /var/folders/gm/lzn3ylzx4lz7mx29lftngdz40000gn/T/jarde-raw-receiver-replay-fkuw39oc/empty-sourcepath -d /var/folders/gm/lzn3ylzx4lz7mx29lftngdz40000gn/T/jarde-raw-receiver-replay-fkuw39oc/original-probe /Users/lordcasser/workspace/projects/jarde/openspec/evidence/raw-receiver-field-selection-2026-10-09/source/ReceiverProbe.java
jdk8/no-debug/InstanceRawLocal/original-run	0	/Library/Java/JavaVirtualMachines/corretto-1.8.0_432/Contents/Home/bin/java -Xverify:all -cp /var/folders/gm/lzn3ylzx4lz7mx29lftngdz40000gn/T/jarde-raw-receiver-replay-fkuw39oc/original:/var/folders/gm/lzn3ylzx4lz7mx29lftngdz40000gn/T/jarde-raw-receiver-replay-fkuw39oc/original-probe ReceiverProbe InstanceRawLocal
jdk8/no-debug/InstanceRawLocal/jarde-InstanceRawLocal	0	/private/tmp/jarde-class-ctor-final-cli class-source --input /Users/lordcasser/workspace/projects/jarde/openspec/evidence/raw-receiver-field-selection-2026-10-09/jdk8/no-debug/input/InstanceRawLocal.jar --class InstanceRawLocal --policy plain-jar --release 8 --format text
jdk8/no-debug/InstanceRawLocal/jarde-InstanceRawLocal-source-header	0	nonempty self-describing source
jdk8/no-debug/InstanceRawLocal/jarde-javac	0	/Library/Java/JavaVirtualMachines/corretto-1.8.0_432/Contents/Home/bin/javac -source 8 -target 8 -g:none -classpath /var/folders/gm/lzn3ylzx4lz7mx29lftngdz40000gn/T/jarde-raw-receiver-replay-fkuw39oc/empty-classpath -sourcepath /var/folders/gm/lzn3ylzx4lz7mx29lftngdz40000gn/T/jarde-raw-receiver-replay-fkuw39oc/empty-sourcepath -d /var/folders/gm/lzn3ylzx4lz7mx29lftngdz40000gn/T/jarde-raw-receiver-replay-fkuw39oc/jarde-classes /private/tmp/jarde-raw-receiver-marker-baseline-root-20261009/jdk8/no-debug/jarde/InstanceRawLocal.java /Users/lordcasser/workspace/projects/jarde/openspec/evidence/raw-receiver-field-selection-2026-10-09/source/ReceiverProbe.java
jdk8/no-debug/InstanceRawLocal/jarde-verify-run	0	/Library/Java/JavaVirtualMachines/corretto-1.8.0_432/Contents/Home/bin/java -Xverify:all -cp /var/folders/gm/lzn3ylzx4lz7mx29lftngdz40000gn/T/jarde-raw-receiver-replay-fkuw39oc/jarde-classes ReceiverProbe InstanceRawLocal
jdk8/no-debug/InstanceRawLocal/jadx	0	/Users/lordcasser/workspace/testzone/jadx/jadx-cli/build/install/jadx/bin/jadx --no-res --single-class InstanceRawLocal -d /private/tmp/jarde-raw-receiver-marker-baseline-root-20261009/jdk8/no-debug/jadx/InstanceRawLocal /Users/lordcasser/workspace/projects/jarde/openspec/evidence/raw-receiver-field-selection-2026-10-09/jdk8/no-debug/input/InstanceRawLocal.jar
jdk8/no-debug/InstanceRawLocal/jadx-source-header	0	nonempty class source
jdk8/no-debug/InstanceRawLocal/jadx-javac	1	/Library/Java/JavaVirtualMachines/corretto-1.8.0_432/Contents/Home/bin/javac -source 8 -target 8 -g:none -classpath /var/folders/gm/lzn3ylzx4lz7mx29lftngdz40000gn/T/jarde-raw-receiver-replay-fkuw39oc/empty-classpath -sourcepath /var/folders/gm/lzn3ylzx4lz7mx29lftngdz40000gn/T/jarde-raw-receiver-replay-fkuw39oc/empty-sourcepath -d /var/folders/gm/lzn3ylzx4lz7mx29lftngdz40000gn/T/jarde-raw-receiver-replay-fkuw39oc/jadx-classes /private/tmp/jarde-raw-receiver-marker-baseline-root-20261009/jdk8/no-debug/jadx/InstanceRawLocal/sources/defpackage/InstanceRawLocal.java /Users/lordcasser/workspace/projects/jarde/openspec/evidence/raw-receiver-field-selection-2026-10-09/source/ReceiverProbe.java
jdk8/debug/TypedReceiver/jar-contents	0	/Library/Java/JavaVirtualMachines/corretto-1.8.0_432/Contents/Home/bin/jar tf /Users/lordcasser/workspace/projects/jarde/openspec/evidence/raw-receiver-field-selection-2026-10-09/jdk8/debug/input/TypedReceiver.jar
jdk8/debug/TypedReceiver/original-javac	0	/Library/Java/JavaVirtualMachines/corretto-1.8.0_432/Contents/Home/bin/javac -source 8 -target 8 -g -classpath /var/folders/gm/lzn3ylzx4lz7mx29lftngdz40000gn/T/jarde-raw-receiver-replay-rwyemktt/empty-classpath -sourcepath /var/folders/gm/lzn3ylzx4lz7mx29lftngdz40000gn/T/jarde-raw-receiver-replay-rwyemktt/empty-sourcepath -d /var/folders/gm/lzn3ylzx4lz7mx29lftngdz40000gn/T/jarde-raw-receiver-replay-rwyemktt/original /Users/lordcasser/workspace/projects/jarde/openspec/evidence/raw-receiver-field-selection-2026-10-09/source/TypedReceiver.java
jdk8/debug/TypedReceiver/javap	0	/Library/Java/JavaVirtualMachines/corretto-1.8.0_432/Contents/Home/bin/javap -p -c -s -v -classpath /Users/lordcasser/workspace/projects/jarde/openspec/evidence/raw-receiver-field-selection-2026-10-09/jdk8/debug/input/TypedReceiver.jar TypedReceiver
jdk8/debug/TypedReceiver/original-probe-javac	0	/Library/Java/JavaVirtualMachines/corretto-1.8.0_432/Contents/Home/bin/javac -source 8 -target 8 -g -classpath /var/folders/gm/lzn3ylzx4lz7mx29lftngdz40000gn/T/jarde-raw-receiver-replay-rwyemktt/empty-classpath -sourcepath /var/folders/gm/lzn3ylzx4lz7mx29lftngdz40000gn/T/jarde-raw-receiver-replay-rwyemktt/empty-sourcepath -d /var/folders/gm/lzn3ylzx4lz7mx29lftngdz40000gn/T/jarde-raw-receiver-replay-rwyemktt/original-probe /Users/lordcasser/workspace/projects/jarde/openspec/evidence/raw-receiver-field-selection-2026-10-09/source/ReceiverProbe.java
jdk8/debug/TypedReceiver/original-run	0	/Library/Java/JavaVirtualMachines/corretto-1.8.0_432/Contents/Home/bin/java -Xverify:all -cp /var/folders/gm/lzn3ylzx4lz7mx29lftngdz40000gn/T/jarde-raw-receiver-replay-rwyemktt/original:/var/folders/gm/lzn3ylzx4lz7mx29lftngdz40000gn/T/jarde-raw-receiver-replay-rwyemktt/original-probe ReceiverProbe TypedReceiver
jdk8/debug/TypedReceiver/jarde-TypedReceiver	0	/private/tmp/jarde-class-ctor-final-cli class-source --input /Users/lordcasser/workspace/projects/jarde/openspec/evidence/raw-receiver-field-selection-2026-10-09/jdk8/debug/input/TypedReceiver.jar --class TypedReceiver --policy plain-jar --release 8 --format text
jdk8/debug/TypedReceiver/jarde-TypedReceiver-source-header	0	nonempty self-describing source
jdk8/debug/TypedReceiver/jarde-javac	0	/Library/Java/JavaVirtualMachines/corretto-1.8.0_432/Contents/Home/bin/javac -source 8 -target 8 -g -classpath /var/folders/gm/lzn3ylzx4lz7mx29lftngdz40000gn/T/jarde-raw-receiver-replay-rwyemktt/empty-classpath -sourcepath /var/folders/gm/lzn3ylzx4lz7mx29lftngdz40000gn/T/jarde-raw-receiver-replay-rwyemktt/empty-sourcepath -d /var/folders/gm/lzn3ylzx4lz7mx29lftngdz40000gn/T/jarde-raw-receiver-replay-rwyemktt/jarde-classes /private/tmp/jarde-raw-receiver-marker-baseline-root-20261009/jdk8/debug/jarde/TypedReceiver.java /Users/lordcasser/workspace/projects/jarde/openspec/evidence/raw-receiver-field-selection-2026-10-09/source/ReceiverProbe.java
jdk8/debug/TypedReceiver/jarde-verify-run	0	/Library/Java/JavaVirtualMachines/corretto-1.8.0_432/Contents/Home/bin/java -Xverify:all -cp /var/folders/gm/lzn3ylzx4lz7mx29lftngdz40000gn/T/jarde-raw-receiver-replay-rwyemktt/jarde-classes ReceiverProbe TypedReceiver
jdk8/debug/TypedReceiver/jadx	0	/Users/lordcasser/workspace/testzone/jadx/jadx-cli/build/install/jadx/bin/jadx --no-res --single-class TypedReceiver -d /private/tmp/jarde-raw-receiver-marker-baseline-root-20261009/jdk8/debug/jadx/TypedReceiver /Users/lordcasser/workspace/projects/jarde/openspec/evidence/raw-receiver-field-selection-2026-10-09/jdk8/debug/input/TypedReceiver.jar
jdk8/debug/TypedReceiver/jadx-source-header	0	nonempty class source
jdk8/debug/TypedReceiver/jadx-javac	0	/Library/Java/JavaVirtualMachines/corretto-1.8.0_432/Contents/Home/bin/javac -source 8 -target 8 -g -classpath /var/folders/gm/lzn3ylzx4lz7mx29lftngdz40000gn/T/jarde-raw-receiver-replay-rwyemktt/empty-classpath -sourcepath /var/folders/gm/lzn3ylzx4lz7mx29lftngdz40000gn/T/jarde-raw-receiver-replay-rwyemktt/empty-sourcepath -d /var/folders/gm/lzn3ylzx4lz7mx29lftngdz40000gn/T/jarde-raw-receiver-replay-rwyemktt/jadx-classes /private/tmp/jarde-raw-receiver-marker-baseline-root-20261009/jdk8/debug/jadx/TypedReceiver/sources/defpackage/TypedReceiver.java /Users/lordcasser/workspace/projects/jarde/openspec/evidence/raw-receiver-field-selection-2026-10-09/source/ReceiverProbe.java
jdk8/debug/TypedReceiver/jadx-verify-run	0	/Library/Java/JavaVirtualMachines/corretto-1.8.0_432/Contents/Home/bin/java -Xverify:all -cp /var/folders/gm/lzn3ylzx4lz7mx29lftngdz40000gn/T/jarde-raw-receiver-replay-rwyemktt/jadx-classes ReceiverProbe defpackage.TypedReceiver
jdk8/no-debug/TypedReceiver/jar-contents	0	/Library/Java/JavaVirtualMachines/corretto-1.8.0_432/Contents/Home/bin/jar tf /Users/lordcasser/workspace/projects/jarde/openspec/evidence/raw-receiver-field-selection-2026-10-09/jdk8/no-debug/input/TypedReceiver.jar
jdk8/no-debug/TypedReceiver/original-javac	0	/Library/Java/JavaVirtualMachines/corretto-1.8.0_432/Contents/Home/bin/javac -source 8 -target 8 -g:none -classpath /var/folders/gm/lzn3ylzx4lz7mx29lftngdz40000gn/T/jarde-raw-receiver-replay-xz67w0j2/empty-classpath -sourcepath /var/folders/gm/lzn3ylzx4lz7mx29lftngdz40000gn/T/jarde-raw-receiver-replay-xz67w0j2/empty-sourcepath -d /var/folders/gm/lzn3ylzx4lz7mx29lftngdz40000gn/T/jarde-raw-receiver-replay-xz67w0j2/original /Users/lordcasser/workspace/projects/jarde/openspec/evidence/raw-receiver-field-selection-2026-10-09/source/TypedReceiver.java
jdk8/no-debug/TypedReceiver/javap	0	/Library/Java/JavaVirtualMachines/corretto-1.8.0_432/Contents/Home/bin/javap -p -c -s -v -classpath /Users/lordcasser/workspace/projects/jarde/openspec/evidence/raw-receiver-field-selection-2026-10-09/jdk8/no-debug/input/TypedReceiver.jar TypedReceiver
jdk8/no-debug/TypedReceiver/original-probe-javac	0	/Library/Java/JavaVirtualMachines/corretto-1.8.0_432/Contents/Home/bin/javac -source 8 -target 8 -g:none -classpath /var/folders/gm/lzn3ylzx4lz7mx29lftngdz40000gn/T/jarde-raw-receiver-replay-xz67w0j2/empty-classpath -sourcepath /var/folders/gm/lzn3ylzx4lz7mx29lftngdz40000gn/T/jarde-raw-receiver-replay-xz67w0j2/empty-sourcepath -d /var/folders/gm/lzn3ylzx4lz7mx29lftngdz40000gn/T/jarde-raw-receiver-replay-xz67w0j2/original-probe /Users/lordcasser/workspace/projects/jarde/openspec/evidence/raw-receiver-field-selection-2026-10-09/source/ReceiverProbe.java
jdk8/no-debug/TypedReceiver/original-run	0	/Library/Java/JavaVirtualMachines/corretto-1.8.0_432/Contents/Home/bin/java -Xverify:all -cp /var/folders/gm/lzn3ylzx4lz7mx29lftngdz40000gn/T/jarde-raw-receiver-replay-xz67w0j2/original:/var/folders/gm/lzn3ylzx4lz7mx29lftngdz40000gn/T/jarde-raw-receiver-replay-xz67w0j2/original-probe ReceiverProbe TypedReceiver
jdk8/no-debug/TypedReceiver/jarde-TypedReceiver	0	/private/tmp/jarde-class-ctor-final-cli class-source --input /Users/lordcasser/workspace/projects/jarde/openspec/evidence/raw-receiver-field-selection-2026-10-09/jdk8/no-debug/input/TypedReceiver.jar --class TypedReceiver --policy plain-jar --release 8 --format text
jdk8/no-debug/TypedReceiver/jarde-TypedReceiver-source-header	0	nonempty self-describing source
jdk8/no-debug/TypedReceiver/jarde-javac	0	/Library/Java/JavaVirtualMachines/corretto-1.8.0_432/Contents/Home/bin/javac -source 8 -target 8 -g:none -classpath /var/folders/gm/lzn3ylzx4lz7mx29lftngdz40000gn/T/jarde-raw-receiver-replay-xz67w0j2/empty-classpath -sourcepath /var/folders/gm/lzn3ylzx4lz7mx29lftngdz40000gn/T/jarde-raw-receiver-replay-xz67w0j2/empty-sourcepath -d /var/folders/gm/lzn3ylzx4lz7mx29lftngdz40000gn/T/jarde-raw-receiver-replay-xz67w0j2/jarde-classes /private/tmp/jarde-raw-receiver-marker-baseline-root-20261009/jdk8/no-debug/jarde/TypedReceiver.java /Users/lordcasser/workspace/projects/jarde/openspec/evidence/raw-receiver-field-selection-2026-10-09/source/ReceiverProbe.java
jdk8/no-debug/TypedReceiver/jarde-verify-run	0	/Library/Java/JavaVirtualMachines/corretto-1.8.0_432/Contents/Home/bin/java -Xverify:all -cp /var/folders/gm/lzn3ylzx4lz7mx29lftngdz40000gn/T/jarde-raw-receiver-replay-xz67w0j2/jarde-classes ReceiverProbe TypedReceiver
jdk8/no-debug/TypedReceiver/jadx	0	/Users/lordcasser/workspace/testzone/jadx/jadx-cli/build/install/jadx/bin/jadx --no-res --single-class TypedReceiver -d /private/tmp/jarde-raw-receiver-marker-baseline-root-20261009/jdk8/no-debug/jadx/TypedReceiver /Users/lordcasser/workspace/projects/jarde/openspec/evidence/raw-receiver-field-selection-2026-10-09/jdk8/no-debug/input/TypedReceiver.jar
jdk8/no-debug/TypedReceiver/jadx-source-header	0	nonempty class source
jdk8/no-debug/TypedReceiver/jadx-javac	0	/Library/Java/JavaVirtualMachines/corretto-1.8.0_432/Contents/Home/bin/javac -source 8 -target 8 -g:none -classpath /var/folders/gm/lzn3ylzx4lz7mx29lftngdz40000gn/T/jarde-raw-receiver-replay-xz67w0j2/empty-classpath -sourcepath /var/folders/gm/lzn3ylzx4lz7mx29lftngdz40000gn/T/jarde-raw-receiver-replay-xz67w0j2/empty-sourcepath -d /var/folders/gm/lzn3ylzx4lz7mx29lftngdz40000gn/T/jarde-raw-receiver-replay-xz67w0j2/jadx-classes /private/tmp/jarde-raw-receiver-marker-baseline-root-20261009/jdk8/no-debug/jadx/TypedReceiver/sources/defpackage/TypedReceiver.java /Users/lordcasser/workspace/projects/jarde/openspec/evidence/raw-receiver-field-selection-2026-10-09/source/ReceiverProbe.java
jdk8/no-debug/TypedReceiver/jadx-verify-run	0	/Library/Java/JavaVirtualMachines/corretto-1.8.0_432/Contents/Home/bin/java -Xverify:all -cp /var/folders/gm/lzn3ylzx4lz7mx29lftngdz40000gn/T/jarde-raw-receiver-replay-xz67w0j2/jadx-classes ReceiverProbe defpackage.TypedReceiver
jdk8/debug/ThisReceiver/jar-contents	0	/Library/Java/JavaVirtualMachines/corretto-1.8.0_432/Contents/Home/bin/jar tf /Users/lordcasser/workspace/projects/jarde/openspec/evidence/raw-receiver-field-selection-2026-10-09/jdk8/debug/input/ThisReceiver.jar
jdk8/debug/ThisReceiver/original-javac	0	/Library/Java/JavaVirtualMachines/corretto-1.8.0_432/Contents/Home/bin/javac -source 8 -target 8 -g -classpath /var/folders/gm/lzn3ylzx4lz7mx29lftngdz40000gn/T/jarde-raw-receiver-replay-oq9m0t7x/empty-classpath -sourcepath /var/folders/gm/lzn3ylzx4lz7mx29lftngdz40000gn/T/jarde-raw-receiver-replay-oq9m0t7x/empty-sourcepath -d /var/folders/gm/lzn3ylzx4lz7mx29lftngdz40000gn/T/jarde-raw-receiver-replay-oq9m0t7x/original /Users/lordcasser/workspace/projects/jarde/openspec/evidence/raw-receiver-field-selection-2026-10-09/source/ThisReceiver.java
jdk8/debug/ThisReceiver/javap	0	/Library/Java/JavaVirtualMachines/corretto-1.8.0_432/Contents/Home/bin/javap -p -c -s -v -classpath /Users/lordcasser/workspace/projects/jarde/openspec/evidence/raw-receiver-field-selection-2026-10-09/jdk8/debug/input/ThisReceiver.jar ThisReceiver
jdk8/debug/ThisReceiver/original-probe-javac	0	/Library/Java/JavaVirtualMachines/corretto-1.8.0_432/Contents/Home/bin/javac -source 8 -target 8 -g -classpath /var/folders/gm/lzn3ylzx4lz7mx29lftngdz40000gn/T/jarde-raw-receiver-replay-oq9m0t7x/empty-classpath -sourcepath /var/folders/gm/lzn3ylzx4lz7mx29lftngdz40000gn/T/jarde-raw-receiver-replay-oq9m0t7x/empty-sourcepath -d /var/folders/gm/lzn3ylzx4lz7mx29lftngdz40000gn/T/jarde-raw-receiver-replay-oq9m0t7x/original-probe /Users/lordcasser/workspace/projects/jarde/openspec/evidence/raw-receiver-field-selection-2026-10-09/source/ReceiverProbe.java
jdk8/debug/ThisReceiver/original-run	0	/Library/Java/JavaVirtualMachines/corretto-1.8.0_432/Contents/Home/bin/java -Xverify:all -cp /var/folders/gm/lzn3ylzx4lz7mx29lftngdz40000gn/T/jarde-raw-receiver-replay-oq9m0t7x/original:/var/folders/gm/lzn3ylzx4lz7mx29lftngdz40000gn/T/jarde-raw-receiver-replay-oq9m0t7x/original-probe ReceiverProbe ThisReceiver
jdk8/debug/ThisReceiver/jarde-ThisReceiver	0	/private/tmp/jarde-class-ctor-final-cli class-source --input /Users/lordcasser/workspace/projects/jarde/openspec/evidence/raw-receiver-field-selection-2026-10-09/jdk8/debug/input/ThisReceiver.jar --class ThisReceiver --policy plain-jar --release 8 --format text
jdk8/debug/ThisReceiver/jarde-ThisReceiver-source-header	0	nonempty self-describing source
jdk8/debug/ThisReceiver/jarde-javac	0	/Library/Java/JavaVirtualMachines/corretto-1.8.0_432/Contents/Home/bin/javac -source 8 -target 8 -g -classpath /var/folders/gm/lzn3ylzx4lz7mx29lftngdz40000gn/T/jarde-raw-receiver-replay-oq9m0t7x/empty-classpath -sourcepath /var/folders/gm/lzn3ylzx4lz7mx29lftngdz40000gn/T/jarde-raw-receiver-replay-oq9m0t7x/empty-sourcepath -d /var/folders/gm/lzn3ylzx4lz7mx29lftngdz40000gn/T/jarde-raw-receiver-replay-oq9m0t7x/jarde-classes /private/tmp/jarde-raw-receiver-marker-baseline-root-20261009/jdk8/debug/jarde/ThisReceiver.java /Users/lordcasser/workspace/projects/jarde/openspec/evidence/raw-receiver-field-selection-2026-10-09/source/ReceiverProbe.java
jdk8/debug/ThisReceiver/jarde-verify-run	0	/Library/Java/JavaVirtualMachines/corretto-1.8.0_432/Contents/Home/bin/java -Xverify:all -cp /var/folders/gm/lzn3ylzx4lz7mx29lftngdz40000gn/T/jarde-raw-receiver-replay-oq9m0t7x/jarde-classes ReceiverProbe ThisReceiver
jdk8/debug/ThisReceiver/jadx	0	/Users/lordcasser/workspace/testzone/jadx/jadx-cli/build/install/jadx/bin/jadx --no-res --single-class ThisReceiver -d /private/tmp/jarde-raw-receiver-marker-baseline-root-20261009/jdk8/debug/jadx/ThisReceiver /Users/lordcasser/workspace/projects/jarde/openspec/evidence/raw-receiver-field-selection-2026-10-09/jdk8/debug/input/ThisReceiver.jar
jdk8/debug/ThisReceiver/jadx-source-header	0	nonempty class source
jdk8/debug/ThisReceiver/jadx-javac	0	/Library/Java/JavaVirtualMachines/corretto-1.8.0_432/Contents/Home/bin/javac -source 8 -target 8 -g -classpath /var/folders/gm/lzn3ylzx4lz7mx29lftngdz40000gn/T/jarde-raw-receiver-replay-oq9m0t7x/empty-classpath -sourcepath /var/folders/gm/lzn3ylzx4lz7mx29lftngdz40000gn/T/jarde-raw-receiver-replay-oq9m0t7x/empty-sourcepath -d /var/folders/gm/lzn3ylzx4lz7mx29lftngdz40000gn/T/jarde-raw-receiver-replay-oq9m0t7x/jadx-classes /private/tmp/jarde-raw-receiver-marker-baseline-root-20261009/jdk8/debug/jadx/ThisReceiver/sources/defpackage/ThisReceiver.java /Users/lordcasser/workspace/projects/jarde/openspec/evidence/raw-receiver-field-selection-2026-10-09/source/ReceiverProbe.java
jdk8/debug/ThisReceiver/jadx-verify-run	0	/Library/Java/JavaVirtualMachines/corretto-1.8.0_432/Contents/Home/bin/java -Xverify:all -cp /var/folders/gm/lzn3ylzx4lz7mx29lftngdz40000gn/T/jarde-raw-receiver-replay-oq9m0t7x/jadx-classes ReceiverProbe defpackage.ThisReceiver
jdk8/no-debug/ThisReceiver/jar-contents	0	/Library/Java/JavaVirtualMachines/corretto-1.8.0_432/Contents/Home/bin/jar tf /Users/lordcasser/workspace/projects/jarde/openspec/evidence/raw-receiver-field-selection-2026-10-09/jdk8/no-debug/input/ThisReceiver.jar
jdk8/no-debug/ThisReceiver/original-javac	0	/Library/Java/JavaVirtualMachines/corretto-1.8.0_432/Contents/Home/bin/javac -source 8 -target 8 -g:none -classpath /var/folders/gm/lzn3ylzx4lz7mx29lftngdz40000gn/T/jarde-raw-receiver-replay-13uyt8yh/empty-classpath -sourcepath /var/folders/gm/lzn3ylzx4lz7mx29lftngdz40000gn/T/jarde-raw-receiver-replay-13uyt8yh/empty-sourcepath -d /var/folders/gm/lzn3ylzx4lz7mx29lftngdz40000gn/T/jarde-raw-receiver-replay-13uyt8yh/original /Users/lordcasser/workspace/projects/jarde/openspec/evidence/raw-receiver-field-selection-2026-10-09/source/ThisReceiver.java
jdk8/no-debug/ThisReceiver/javap	0	/Library/Java/JavaVirtualMachines/corretto-1.8.0_432/Contents/Home/bin/javap -p -c -s -v -classpath /Users/lordcasser/workspace/projects/jarde/openspec/evidence/raw-receiver-field-selection-2026-10-09/jdk8/no-debug/input/ThisReceiver.jar ThisReceiver
jdk8/no-debug/ThisReceiver/original-probe-javac	0	/Library/Java/JavaVirtualMachines/corretto-1.8.0_432/Contents/Home/bin/javac -source 8 -target 8 -g:none -classpath /var/folders/gm/lzn3ylzx4lz7mx29lftngdz40000gn/T/jarde-raw-receiver-replay-13uyt8yh/empty-classpath -sourcepath /var/folders/gm/lzn3ylzx4lz7mx29lftngdz40000gn/T/jarde-raw-receiver-replay-13uyt8yh/empty-sourcepath -d /var/folders/gm/lzn3ylzx4lz7mx29lftngdz40000gn/T/jarde-raw-receiver-replay-13uyt8yh/original-probe /Users/lordcasser/workspace/projects/jarde/openspec/evidence/raw-receiver-field-selection-2026-10-09/source/ReceiverProbe.java
jdk8/no-debug/ThisReceiver/original-run	0	/Library/Java/JavaVirtualMachines/corretto-1.8.0_432/Contents/Home/bin/java -Xverify:all -cp /var/folders/gm/lzn3ylzx4lz7mx29lftngdz40000gn/T/jarde-raw-receiver-replay-13uyt8yh/original:/var/folders/gm/lzn3ylzx4lz7mx29lftngdz40000gn/T/jarde-raw-receiver-replay-13uyt8yh/original-probe ReceiverProbe ThisReceiver
jdk8/no-debug/ThisReceiver/jarde-ThisReceiver	0	/private/tmp/jarde-class-ctor-final-cli class-source --input /Users/lordcasser/workspace/projects/jarde/openspec/evidence/raw-receiver-field-selection-2026-10-09/jdk8/no-debug/input/ThisReceiver.jar --class ThisReceiver --policy plain-jar --release 8 --format text
jdk8/no-debug/ThisReceiver/jarde-ThisReceiver-source-header	0	nonempty self-describing source
jdk8/no-debug/ThisReceiver/jarde-javac	0	/Library/Java/JavaVirtualMachines/corretto-1.8.0_432/Contents/Home/bin/javac -source 8 -target 8 -g:none -classpath /var/folders/gm/lzn3ylzx4lz7mx29lftngdz40000gn/T/jarde-raw-receiver-replay-13uyt8yh/empty-classpath -sourcepath /var/folders/gm/lzn3ylzx4lz7mx29lftngdz40000gn/T/jarde-raw-receiver-replay-13uyt8yh/empty-sourcepath -d /var/folders/gm/lzn3ylzx4lz7mx29lftngdz40000gn/T/jarde-raw-receiver-replay-13uyt8yh/jarde-classes /private/tmp/jarde-raw-receiver-marker-baseline-root-20261009/jdk8/no-debug/jarde/ThisReceiver.java /Users/lordcasser/workspace/projects/jarde/openspec/evidence/raw-receiver-field-selection-2026-10-09/source/ReceiverProbe.java
jdk8/no-debug/ThisReceiver/jarde-verify-run	0	/Library/Java/JavaVirtualMachines/corretto-1.8.0_432/Contents/Home/bin/java -Xverify:all -cp /var/folders/gm/lzn3ylzx4lz7mx29lftngdz40000gn/T/jarde-raw-receiver-replay-13uyt8yh/jarde-classes ReceiverProbe ThisReceiver
jdk8/no-debug/ThisReceiver/jadx	0	/Users/lordcasser/workspace/testzone/jadx/jadx-cli/build/install/jadx/bin/jadx --no-res --single-class ThisReceiver -d /private/tmp/jarde-raw-receiver-marker-baseline-root-20261009/jdk8/no-debug/jadx/ThisReceiver /Users/lordcasser/workspace/projects/jarde/openspec/evidence/raw-receiver-field-selection-2026-10-09/jdk8/no-debug/input/ThisReceiver.jar
jdk8/no-debug/ThisReceiver/jadx-source-header	0	nonempty class source
jdk8/no-debug/ThisReceiver/jadx-javac	0	/Library/Java/JavaVirtualMachines/corretto-1.8.0_432/Contents/Home/bin/javac -source 8 -target 8 -g:none -classpath /var/folders/gm/lzn3ylzx4lz7mx29lftngdz40000gn/T/jarde-raw-receiver-replay-13uyt8yh/empty-classpath -sourcepath /var/folders/gm/lzn3ylzx4lz7mx29lftngdz40000gn/T/jarde-raw-receiver-replay-13uyt8yh/empty-sourcepath -d /var/folders/gm/lzn3ylzx4lz7mx29lftngdz40000gn/T/jarde-raw-receiver-replay-13uyt8yh/jadx-classes /private/tmp/jarde-raw-receiver-marker-baseline-root-20261009/jdk8/no-debug/jadx/ThisReceiver/sources/defpackage/ThisReceiver.java /Users/lordcasser/workspace/projects/jarde/openspec/evidence/raw-receiver-field-selection-2026-10-09/source/ReceiverProbe.java
jdk8/no-debug/ThisReceiver/jadx-verify-run	0	/Library/Java/JavaVirtualMachines/corretto-1.8.0_432/Contents/Home/bin/java -Xverify:all -cp /var/folders/gm/lzn3ylzx4lz7mx29lftngdz40000gn/T/jarde-raw-receiver-replay-13uyt8yh/jadx-classes ReceiverProbe defpackage.ThisReceiver
jdk8/debug/ShadowMethodT/jar-contents	0	/Library/Java/JavaVirtualMachines/corretto-1.8.0_432/Contents/Home/bin/jar tf /Users/lordcasser/workspace/projects/jarde/openspec/evidence/raw-receiver-field-selection-2026-10-09/jdk8/debug/input/ShadowMethodT.jar
jdk8/debug/ShadowMethodT/original-javac	0	/Library/Java/JavaVirtualMachines/corretto-1.8.0_432/Contents/Home/bin/javac -source 8 -target 8 -g -classpath /var/folders/gm/lzn3ylzx4lz7mx29lftngdz40000gn/T/jarde-raw-receiver-replay-_o5m7rgf/empty-classpath -sourcepath /var/folders/gm/lzn3ylzx4lz7mx29lftngdz40000gn/T/jarde-raw-receiver-replay-_o5m7rgf/empty-sourcepath -d /var/folders/gm/lzn3ylzx4lz7mx29lftngdz40000gn/T/jarde-raw-receiver-replay-_o5m7rgf/original /Users/lordcasser/workspace/projects/jarde/openspec/evidence/raw-receiver-field-selection-2026-10-09/source/ShadowMethodT.java
jdk8/debug/ShadowMethodT/javap	0	/Library/Java/JavaVirtualMachines/corretto-1.8.0_432/Contents/Home/bin/javap -p -c -s -v -classpath /Users/lordcasser/workspace/projects/jarde/openspec/evidence/raw-receiver-field-selection-2026-10-09/jdk8/debug/input/ShadowMethodT.jar ShadowMethodT
jdk8/debug/ShadowMethodT/original-probe-javac	0	/Library/Java/JavaVirtualMachines/corretto-1.8.0_432/Contents/Home/bin/javac -source 8 -target 8 -g -classpath /var/folders/gm/lzn3ylzx4lz7mx29lftngdz40000gn/T/jarde-raw-receiver-replay-_o5m7rgf/empty-classpath -sourcepath /var/folders/gm/lzn3ylzx4lz7mx29lftngdz40000gn/T/jarde-raw-receiver-replay-_o5m7rgf/empty-sourcepath -d /var/folders/gm/lzn3ylzx4lz7mx29lftngdz40000gn/T/jarde-raw-receiver-replay-_o5m7rgf/original-probe /Users/lordcasser/workspace/projects/jarde/openspec/evidence/raw-receiver-field-selection-2026-10-09/source/ReceiverProbe.java
jdk8/debug/ShadowMethodT/original-run	0	/Library/Java/JavaVirtualMachines/corretto-1.8.0_432/Contents/Home/bin/java -Xverify:all -cp /var/folders/gm/lzn3ylzx4lz7mx29lftngdz40000gn/T/jarde-raw-receiver-replay-_o5m7rgf/original:/var/folders/gm/lzn3ylzx4lz7mx29lftngdz40000gn/T/jarde-raw-receiver-replay-_o5m7rgf/original-probe ReceiverProbe ShadowMethodT
jdk8/debug/ShadowMethodT/jarde-ShadowMethodT	0	/private/tmp/jarde-class-ctor-final-cli class-source --input /Users/lordcasser/workspace/projects/jarde/openspec/evidence/raw-receiver-field-selection-2026-10-09/jdk8/debug/input/ShadowMethodT.jar --class ShadowMethodT --policy plain-jar --release 8 --format text
jdk8/debug/ShadowMethodT/jarde-ShadowMethodT-source-header	0	nonempty self-describing source
jdk8/debug/ShadowMethodT/jarde-javac	0	/Library/Java/JavaVirtualMachines/corretto-1.8.0_432/Contents/Home/bin/javac -source 8 -target 8 -g -classpath /var/folders/gm/lzn3ylzx4lz7mx29lftngdz40000gn/T/jarde-raw-receiver-replay-_o5m7rgf/empty-classpath -sourcepath /var/folders/gm/lzn3ylzx4lz7mx29lftngdz40000gn/T/jarde-raw-receiver-replay-_o5m7rgf/empty-sourcepath -d /var/folders/gm/lzn3ylzx4lz7mx29lftngdz40000gn/T/jarde-raw-receiver-replay-_o5m7rgf/jarde-classes /private/tmp/jarde-raw-receiver-marker-baseline-root-20261009/jdk8/debug/jarde/ShadowMethodT.java /Users/lordcasser/workspace/projects/jarde/openspec/evidence/raw-receiver-field-selection-2026-10-09/source/ReceiverProbe.java
jdk8/debug/ShadowMethodT/jarde-verify-run	0	/Library/Java/JavaVirtualMachines/corretto-1.8.0_432/Contents/Home/bin/java -Xverify:all -cp /var/folders/gm/lzn3ylzx4lz7mx29lftngdz40000gn/T/jarde-raw-receiver-replay-_o5m7rgf/jarde-classes ReceiverProbe ShadowMethodT
jdk8/debug/ShadowMethodT/jadx	0	/Users/lordcasser/workspace/testzone/jadx/jadx-cli/build/install/jadx/bin/jadx --no-res --single-class ShadowMethodT -d /private/tmp/jarde-raw-receiver-marker-baseline-root-20261009/jdk8/debug/jadx/ShadowMethodT /Users/lordcasser/workspace/projects/jarde/openspec/evidence/raw-receiver-field-selection-2026-10-09/jdk8/debug/input/ShadowMethodT.jar
jdk8/debug/ShadowMethodT/jadx-source-header	0	nonempty class source
jdk8/debug/ShadowMethodT/jadx-javac	0	/Library/Java/JavaVirtualMachines/corretto-1.8.0_432/Contents/Home/bin/javac -source 8 -target 8 -g -classpath /var/folders/gm/lzn3ylzx4lz7mx29lftngdz40000gn/T/jarde-raw-receiver-replay-_o5m7rgf/empty-classpath -sourcepath /var/folders/gm/lzn3ylzx4lz7mx29lftngdz40000gn/T/jarde-raw-receiver-replay-_o5m7rgf/empty-sourcepath -d /var/folders/gm/lzn3ylzx4lz7mx29lftngdz40000gn/T/jarde-raw-receiver-replay-_o5m7rgf/jadx-classes /private/tmp/jarde-raw-receiver-marker-baseline-root-20261009/jdk8/debug/jadx/ShadowMethodT/sources/defpackage/ShadowMethodT.java /Users/lordcasser/workspace/projects/jarde/openspec/evidence/raw-receiver-field-selection-2026-10-09/source/ReceiverProbe.java
jdk8/debug/ShadowMethodT/jadx-verify-run	0	/Library/Java/JavaVirtualMachines/corretto-1.8.0_432/Contents/Home/bin/java -Xverify:all -cp /var/folders/gm/lzn3ylzx4lz7mx29lftngdz40000gn/T/jarde-raw-receiver-replay-_o5m7rgf/jadx-classes ReceiverProbe defpackage.ShadowMethodT
jdk8/no-debug/ShadowMethodT/jar-contents	0	/Library/Java/JavaVirtualMachines/corretto-1.8.0_432/Contents/Home/bin/jar tf /Users/lordcasser/workspace/projects/jarde/openspec/evidence/raw-receiver-field-selection-2026-10-09/jdk8/no-debug/input/ShadowMethodT.jar
jdk8/no-debug/ShadowMethodT/original-javac	0	/Library/Java/JavaVirtualMachines/corretto-1.8.0_432/Contents/Home/bin/javac -source 8 -target 8 -g:none -classpath /var/folders/gm/lzn3ylzx4lz7mx29lftngdz40000gn/T/jarde-raw-receiver-replay-stb6guum/empty-classpath -sourcepath /var/folders/gm/lzn3ylzx4lz7mx29lftngdz40000gn/T/jarde-raw-receiver-replay-stb6guum/empty-sourcepath -d /var/folders/gm/lzn3ylzx4lz7mx29lftngdz40000gn/T/jarde-raw-receiver-replay-stb6guum/original /Users/lordcasser/workspace/projects/jarde/openspec/evidence/raw-receiver-field-selection-2026-10-09/source/ShadowMethodT.java
jdk8/no-debug/ShadowMethodT/javap	0	/Library/Java/JavaVirtualMachines/corretto-1.8.0_432/Contents/Home/bin/javap -p -c -s -v -classpath /Users/lordcasser/workspace/projects/jarde/openspec/evidence/raw-receiver-field-selection-2026-10-09/jdk8/no-debug/input/ShadowMethodT.jar ShadowMethodT
jdk8/no-debug/ShadowMethodT/original-probe-javac	0	/Library/Java/JavaVirtualMachines/corretto-1.8.0_432/Contents/Home/bin/javac -source 8 -target 8 -g:none -classpath /var/folders/gm/lzn3ylzx4lz7mx29lftngdz40000gn/T/jarde-raw-receiver-replay-stb6guum/empty-classpath -sourcepath /var/folders/gm/lzn3ylzx4lz7mx29lftngdz40000gn/T/jarde-raw-receiver-replay-stb6guum/empty-sourcepath -d /var/folders/gm/lzn3ylzx4lz7mx29lftngdz40000gn/T/jarde-raw-receiver-replay-stb6guum/original-probe /Users/lordcasser/workspace/projects/jarde/openspec/evidence/raw-receiver-field-selection-2026-10-09/source/ReceiverProbe.java
jdk8/no-debug/ShadowMethodT/original-run	0	/Library/Java/JavaVirtualMachines/corretto-1.8.0_432/Contents/Home/bin/java -Xverify:all -cp /var/folders/gm/lzn3ylzx4lz7mx29lftngdz40000gn/T/jarde-raw-receiver-replay-stb6guum/original:/var/folders/gm/lzn3ylzx4lz7mx29lftngdz40000gn/T/jarde-raw-receiver-replay-stb6guum/original-probe ReceiverProbe ShadowMethodT
jdk8/no-debug/ShadowMethodT/jarde-ShadowMethodT	0	/private/tmp/jarde-class-ctor-final-cli class-source --input /Users/lordcasser/workspace/projects/jarde/openspec/evidence/raw-receiver-field-selection-2026-10-09/jdk8/no-debug/input/ShadowMethodT.jar --class ShadowMethodT --policy plain-jar --release 8 --format text
jdk8/no-debug/ShadowMethodT/jarde-ShadowMethodT-source-header	0	nonempty self-describing source
jdk8/no-debug/ShadowMethodT/jarde-javac	0	/Library/Java/JavaVirtualMachines/corretto-1.8.0_432/Contents/Home/bin/javac -source 8 -target 8 -g:none -classpath /var/folders/gm/lzn3ylzx4lz7mx29lftngdz40000gn/T/jarde-raw-receiver-replay-stb6guum/empty-classpath -sourcepath /var/folders/gm/lzn3ylzx4lz7mx29lftngdz40000gn/T/jarde-raw-receiver-replay-stb6guum/empty-sourcepath -d /var/folders/gm/lzn3ylzx4lz7mx29lftngdz40000gn/T/jarde-raw-receiver-replay-stb6guum/jarde-classes /private/tmp/jarde-raw-receiver-marker-baseline-root-20261009/jdk8/no-debug/jarde/ShadowMethodT.java /Users/lordcasser/workspace/projects/jarde/openspec/evidence/raw-receiver-field-selection-2026-10-09/source/ReceiverProbe.java
jdk8/no-debug/ShadowMethodT/jarde-verify-run	0	/Library/Java/JavaVirtualMachines/corretto-1.8.0_432/Contents/Home/bin/java -Xverify:all -cp /var/folders/gm/lzn3ylzx4lz7mx29lftngdz40000gn/T/jarde-raw-receiver-replay-stb6guum/jarde-classes ReceiverProbe ShadowMethodT
jdk8/no-debug/ShadowMethodT/jadx	0	/Users/lordcasser/workspace/testzone/jadx/jadx-cli/build/install/jadx/bin/jadx --no-res --single-class ShadowMethodT -d /private/tmp/jarde-raw-receiver-marker-baseline-root-20261009/jdk8/no-debug/jadx/ShadowMethodT /Users/lordcasser/workspace/projects/jarde/openspec/evidence/raw-receiver-field-selection-2026-10-09/jdk8/no-debug/input/ShadowMethodT.jar
jdk8/no-debug/ShadowMethodT/jadx-source-header	0	nonempty class source
jdk8/no-debug/ShadowMethodT/jadx-javac	0	/Library/Java/JavaVirtualMachines/corretto-1.8.0_432/Contents/Home/bin/javac -source 8 -target 8 -g:none -classpath /var/folders/gm/lzn3ylzx4lz7mx29lftngdz40000gn/T/jarde-raw-receiver-replay-stb6guum/empty-classpath -sourcepath /var/folders/gm/lzn3ylzx4lz7mx29lftngdz40000gn/T/jarde-raw-receiver-replay-stb6guum/empty-sourcepath -d /var/folders/gm/lzn3ylzx4lz7mx29lftngdz40000gn/T/jarde-raw-receiver-replay-stb6guum/jadx-classes /private/tmp/jarde-raw-receiver-marker-baseline-root-20261009/jdk8/no-debug/jadx/ShadowMethodT/sources/defpackage/ShadowMethodT.java /Users/lordcasser/workspace/projects/jarde/openspec/evidence/raw-receiver-field-selection-2026-10-09/source/ReceiverProbe.java
jdk8/no-debug/ShadowMethodT/jadx-verify-run	0	/Library/Java/JavaVirtualMachines/corretto-1.8.0_432/Contents/Home/bin/java -Xverify:all -cp /var/folders/gm/lzn3ylzx4lz7mx29lftngdz40000gn/T/jarde-raw-receiver-replay-stb6guum/jadx-classes ReceiverProbe defpackage.ShadowMethodT
jdk8/debug/DirectInstanceRawParam/jar-contents	0	/Library/Java/JavaVirtualMachines/corretto-1.8.0_432/Contents/Home/bin/jar tf /Users/lordcasser/workspace/projects/jarde/openspec/evidence/raw-receiver-field-selection-2026-10-09/jdk8/debug/input/DirectInstanceRawParam.jar
jdk8/debug/DirectInstanceRawParam/original-javac	0	/Library/Java/JavaVirtualMachines/corretto-1.8.0_432/Contents/Home/bin/javac -source 8 -target 8 -g -classpath /var/folders/gm/lzn3ylzx4lz7mx29lftngdz40000gn/T/jarde-raw-receiver-replay-c3w5bluo/empty-classpath -sourcepath /var/folders/gm/lzn3ylzx4lz7mx29lftngdz40000gn/T/jarde-raw-receiver-replay-c3w5bluo/empty-sourcepath -d /var/folders/gm/lzn3ylzx4lz7mx29lftngdz40000gn/T/jarde-raw-receiver-replay-c3w5bluo/original /Users/lordcasser/workspace/projects/jarde/openspec/evidence/raw-receiver-field-selection-2026-10-09/source/DirectInstanceRawParam.java
jdk8/debug/DirectInstanceRawParam/javap	0	/Library/Java/JavaVirtualMachines/corretto-1.8.0_432/Contents/Home/bin/javap -p -c -s -v -classpath /Users/lordcasser/workspace/projects/jarde/openspec/evidence/raw-receiver-field-selection-2026-10-09/jdk8/debug/input/DirectInstanceRawParam.jar DirectInstanceRawParam
jdk8/debug/DirectInstanceRawParam/original-probe-javac	0	/Library/Java/JavaVirtualMachines/corretto-1.8.0_432/Contents/Home/bin/javac -source 8 -target 8 -g -classpath /var/folders/gm/lzn3ylzx4lz7mx29lftngdz40000gn/T/jarde-raw-receiver-replay-c3w5bluo/empty-classpath -sourcepath /var/folders/gm/lzn3ylzx4lz7mx29lftngdz40000gn/T/jarde-raw-receiver-replay-c3w5bluo/empty-sourcepath -d /var/folders/gm/lzn3ylzx4lz7mx29lftngdz40000gn/T/jarde-raw-receiver-replay-c3w5bluo/original-probe /Users/lordcasser/workspace/projects/jarde/openspec/evidence/raw-receiver-field-selection-2026-10-09/source/ReceiverProbe.java
jdk8/debug/DirectInstanceRawParam/original-run	0	/Library/Java/JavaVirtualMachines/corretto-1.8.0_432/Contents/Home/bin/java -Xverify:all -cp /var/folders/gm/lzn3ylzx4lz7mx29lftngdz40000gn/T/jarde-raw-receiver-replay-c3w5bluo/original:/var/folders/gm/lzn3ylzx4lz7mx29lftngdz40000gn/T/jarde-raw-receiver-replay-c3w5bluo/original-probe ReceiverProbe DirectInstanceRawParam
jdk8/debug/DirectInstanceRawParam/jarde-DirectInstanceRawParam	0	/private/tmp/jarde-class-ctor-final-cli class-source --input /Users/lordcasser/workspace/projects/jarde/openspec/evidence/raw-receiver-field-selection-2026-10-09/jdk8/debug/input/DirectInstanceRawParam.jar --class DirectInstanceRawParam --policy plain-jar --release 8 --format text
jdk8/debug/DirectInstanceRawParam/jarde-DirectInstanceRawParam-source-header	0	nonempty self-describing source
jdk8/debug/DirectInstanceRawParam/jarde-javac	0	/Library/Java/JavaVirtualMachines/corretto-1.8.0_432/Contents/Home/bin/javac -source 8 -target 8 -g -classpath /var/folders/gm/lzn3ylzx4lz7mx29lftngdz40000gn/T/jarde-raw-receiver-replay-c3w5bluo/empty-classpath -sourcepath /var/folders/gm/lzn3ylzx4lz7mx29lftngdz40000gn/T/jarde-raw-receiver-replay-c3w5bluo/empty-sourcepath -d /var/folders/gm/lzn3ylzx4lz7mx29lftngdz40000gn/T/jarde-raw-receiver-replay-c3w5bluo/jarde-classes /private/tmp/jarde-raw-receiver-marker-baseline-root-20261009/jdk8/debug/jarde/DirectInstanceRawParam.java /Users/lordcasser/workspace/projects/jarde/openspec/evidence/raw-receiver-field-selection-2026-10-09/source/ReceiverProbe.java
jdk8/debug/DirectInstanceRawParam/jarde-verify-run	0	/Library/Java/JavaVirtualMachines/corretto-1.8.0_432/Contents/Home/bin/java -Xverify:all -cp /var/folders/gm/lzn3ylzx4lz7mx29lftngdz40000gn/T/jarde-raw-receiver-replay-c3w5bluo/jarde-classes ReceiverProbe DirectInstanceRawParam
jdk8/debug/DirectInstanceRawParam/jadx	0	/Users/lordcasser/workspace/testzone/jadx/jadx-cli/build/install/jadx/bin/jadx --no-res --single-class DirectInstanceRawParam -d /private/tmp/jarde-raw-receiver-marker-baseline-root-20261009/jdk8/debug/jadx/DirectInstanceRawParam /Users/lordcasser/workspace/projects/jarde/openspec/evidence/raw-receiver-field-selection-2026-10-09/jdk8/debug/input/DirectInstanceRawParam.jar
jdk8/debug/DirectInstanceRawParam/jadx-source-header	0	nonempty class source
jdk8/debug/DirectInstanceRawParam/jadx-javac	0	/Library/Java/JavaVirtualMachines/corretto-1.8.0_432/Contents/Home/bin/javac -source 8 -target 8 -g -classpath /var/folders/gm/lzn3ylzx4lz7mx29lftngdz40000gn/T/jarde-raw-receiver-replay-c3w5bluo/empty-classpath -sourcepath /var/folders/gm/lzn3ylzx4lz7mx29lftngdz40000gn/T/jarde-raw-receiver-replay-c3w5bluo/empty-sourcepath -d /var/folders/gm/lzn3ylzx4lz7mx29lftngdz40000gn/T/jarde-raw-receiver-replay-c3w5bluo/jadx-classes /private/tmp/jarde-raw-receiver-marker-baseline-root-20261009/jdk8/debug/jadx/DirectInstanceRawParam/sources/defpackage/DirectInstanceRawParam.java /Users/lordcasser/workspace/projects/jarde/openspec/evidence/raw-receiver-field-selection-2026-10-09/source/ReceiverProbe.java
jdk8/debug/DirectInstanceRawParam/jadx-verify-run	0	/Library/Java/JavaVirtualMachines/corretto-1.8.0_432/Contents/Home/bin/java -Xverify:all -cp /var/folders/gm/lzn3ylzx4lz7mx29lftngdz40000gn/T/jarde-raw-receiver-replay-c3w5bluo/jadx-classes ReceiverProbe defpackage.DirectInstanceRawParam
jdk8/no-debug/DirectInstanceRawParam/jar-contents	0	/Library/Java/JavaVirtualMachines/corretto-1.8.0_432/Contents/Home/bin/jar tf /Users/lordcasser/workspace/projects/jarde/openspec/evidence/raw-receiver-field-selection-2026-10-09/jdk8/no-debug/input/DirectInstanceRawParam.jar
jdk8/no-debug/DirectInstanceRawParam/original-javac	0	/Library/Java/JavaVirtualMachines/corretto-1.8.0_432/Contents/Home/bin/javac -source 8 -target 8 -g:none -classpath /var/folders/gm/lzn3ylzx4lz7mx29lftngdz40000gn/T/jarde-raw-receiver-replay-uils8olc/empty-classpath -sourcepath /var/folders/gm/lzn3ylzx4lz7mx29lftngdz40000gn/T/jarde-raw-receiver-replay-uils8olc/empty-sourcepath -d /var/folders/gm/lzn3ylzx4lz7mx29lftngdz40000gn/T/jarde-raw-receiver-replay-uils8olc/original /Users/lordcasser/workspace/projects/jarde/openspec/evidence/raw-receiver-field-selection-2026-10-09/source/DirectInstanceRawParam.java
jdk8/no-debug/DirectInstanceRawParam/javap	0	/Library/Java/JavaVirtualMachines/corretto-1.8.0_432/Contents/Home/bin/javap -p -c -s -v -classpath /Users/lordcasser/workspace/projects/jarde/openspec/evidence/raw-receiver-field-selection-2026-10-09/jdk8/no-debug/input/DirectInstanceRawParam.jar DirectInstanceRawParam
jdk8/no-debug/DirectInstanceRawParam/original-probe-javac	0	/Library/Java/JavaVirtualMachines/corretto-1.8.0_432/Contents/Home/bin/javac -source 8 -target 8 -g:none -classpath /var/folders/gm/lzn3ylzx4lz7mx29lftngdz40000gn/T/jarde-raw-receiver-replay-uils8olc/empty-classpath -sourcepath /var/folders/gm/lzn3ylzx4lz7mx29lftngdz40000gn/T/jarde-raw-receiver-replay-uils8olc/empty-sourcepath -d /var/folders/gm/lzn3ylzx4lz7mx29lftngdz40000gn/T/jarde-raw-receiver-replay-uils8olc/original-probe /Users/lordcasser/workspace/projects/jarde/openspec/evidence/raw-receiver-field-selection-2026-10-09/source/ReceiverProbe.java
jdk8/no-debug/DirectInstanceRawParam/original-run	0	/Library/Java/JavaVirtualMachines/corretto-1.8.0_432/Contents/Home/bin/java -Xverify:all -cp /var/folders/gm/lzn3ylzx4lz7mx29lftngdz40000gn/T/jarde-raw-receiver-replay-uils8olc/original:/var/folders/gm/lzn3ylzx4lz7mx29lftngdz40000gn/T/jarde-raw-receiver-replay-uils8olc/original-probe ReceiverProbe DirectInstanceRawParam
jdk8/no-debug/DirectInstanceRawParam/jarde-DirectInstanceRawParam	0	/private/tmp/jarde-class-ctor-final-cli class-source --input /Users/lordcasser/workspace/projects/jarde/openspec/evidence/raw-receiver-field-selection-2026-10-09/jdk8/no-debug/input/DirectInstanceRawParam.jar --class DirectInstanceRawParam --policy plain-jar --release 8 --format text
jdk8/no-debug/DirectInstanceRawParam/jarde-DirectInstanceRawParam-source-header	0	nonempty self-describing source
jdk8/no-debug/DirectInstanceRawParam/jarde-javac	0	/Library/Java/JavaVirtualMachines/corretto-1.8.0_432/Contents/Home/bin/javac -source 8 -target 8 -g:none -classpath /var/folders/gm/lzn3ylzx4lz7mx29lftngdz40000gn/T/jarde-raw-receiver-replay-uils8olc/empty-classpath -sourcepath /var/folders/gm/lzn3ylzx4lz7mx29lftngdz40000gn/T/jarde-raw-receiver-replay-uils8olc/empty-sourcepath -d /var/folders/gm/lzn3ylzx4lz7mx29lftngdz40000gn/T/jarde-raw-receiver-replay-uils8olc/jarde-classes /private/tmp/jarde-raw-receiver-marker-baseline-root-20261009/jdk8/no-debug/jarde/DirectInstanceRawParam.java /Users/lordcasser/workspace/projects/jarde/openspec/evidence/raw-receiver-field-selection-2026-10-09/source/ReceiverProbe.java
jdk8/no-debug/DirectInstanceRawParam/jarde-verify-run	0	/Library/Java/JavaVirtualMachines/corretto-1.8.0_432/Contents/Home/bin/java -Xverify:all -cp /var/folders/gm/lzn3ylzx4lz7mx29lftngdz40000gn/T/jarde-raw-receiver-replay-uils8olc/jarde-classes ReceiverProbe DirectInstanceRawParam
jdk8/no-debug/DirectInstanceRawParam/jadx	0	/Users/lordcasser/workspace/testzone/jadx/jadx-cli/build/install/jadx/bin/jadx --no-res --single-class DirectInstanceRawParam -d /private/tmp/jarde-raw-receiver-marker-baseline-root-20261009/jdk8/no-debug/jadx/DirectInstanceRawParam /Users/lordcasser/workspace/projects/jarde/openspec/evidence/raw-receiver-field-selection-2026-10-09/jdk8/no-debug/input/DirectInstanceRawParam.jar
jdk8/no-debug/DirectInstanceRawParam/jadx-source-header	0	nonempty class source
jdk8/no-debug/DirectInstanceRawParam/jadx-javac	0	/Library/Java/JavaVirtualMachines/corretto-1.8.0_432/Contents/Home/bin/javac -source 8 -target 8 -g:none -classpath /var/folders/gm/lzn3ylzx4lz7mx29lftngdz40000gn/T/jarde-raw-receiver-replay-uils8olc/empty-classpath -sourcepath /var/folders/gm/lzn3ylzx4lz7mx29lftngdz40000gn/T/jarde-raw-receiver-replay-uils8olc/empty-sourcepath -d /var/folders/gm/lzn3ylzx4lz7mx29lftngdz40000gn/T/jarde-raw-receiver-replay-uils8olc/jadx-classes /private/tmp/jarde-raw-receiver-marker-baseline-root-20261009/jdk8/no-debug/jadx/DirectInstanceRawParam/sources/defpackage/DirectInstanceRawParam.java /Users/lordcasser/workspace/projects/jarde/openspec/evidence/raw-receiver-field-selection-2026-10-09/source/ReceiverProbe.java
jdk8/no-debug/DirectInstanceRawParam/jadx-verify-run	0	/Library/Java/JavaVirtualMachines/corretto-1.8.0_432/Contents/Home/bin/java -Xverify:all -cp /var/folders/gm/lzn3ylzx4lz7mx29lftngdz40000gn/T/jarde-raw-receiver-replay-uils8olc/jadx-classes ReceiverProbe defpackage.DirectInstanceRawParam
jdk8/debug/WideRawParam/jar-contents	0	/Library/Java/JavaVirtualMachines/corretto-1.8.0_432/Contents/Home/bin/jar tf /Users/lordcasser/workspace/projects/jarde/openspec/evidence/raw-receiver-field-selection-2026-10-09/jdk8/debug/input/WideRawParam.jar
jdk8/debug/WideRawParam/original-javac	0	/Library/Java/JavaVirtualMachines/corretto-1.8.0_432/Contents/Home/bin/javac -source 8 -target 8 -g -classpath /var/folders/gm/lzn3ylzx4lz7mx29lftngdz40000gn/T/jarde-raw-receiver-replay-z7hco69m/empty-classpath -sourcepath /var/folders/gm/lzn3ylzx4lz7mx29lftngdz40000gn/T/jarde-raw-receiver-replay-z7hco69m/empty-sourcepath -d /var/folders/gm/lzn3ylzx4lz7mx29lftngdz40000gn/T/jarde-raw-receiver-replay-z7hco69m/original /Users/lordcasser/workspace/projects/jarde/openspec/evidence/raw-receiver-field-selection-2026-10-09/source/WideRawParam.java
jdk8/debug/WideRawParam/javap	0	/Library/Java/JavaVirtualMachines/corretto-1.8.0_432/Contents/Home/bin/javap -p -c -s -v -classpath /Users/lordcasser/workspace/projects/jarde/openspec/evidence/raw-receiver-field-selection-2026-10-09/jdk8/debug/input/WideRawParam.jar WideRawParam
jdk8/debug/WideRawParam/original-probe-javac	0	/Library/Java/JavaVirtualMachines/corretto-1.8.0_432/Contents/Home/bin/javac -source 8 -target 8 -g -classpath /var/folders/gm/lzn3ylzx4lz7mx29lftngdz40000gn/T/jarde-raw-receiver-replay-z7hco69m/empty-classpath -sourcepath /var/folders/gm/lzn3ylzx4lz7mx29lftngdz40000gn/T/jarde-raw-receiver-replay-z7hco69m/empty-sourcepath -d /var/folders/gm/lzn3ylzx4lz7mx29lftngdz40000gn/T/jarde-raw-receiver-replay-z7hco69m/original-probe /Users/lordcasser/workspace/projects/jarde/openspec/evidence/raw-receiver-field-selection-2026-10-09/source/ReceiverProbe.java
jdk8/debug/WideRawParam/original-run	0	/Library/Java/JavaVirtualMachines/corretto-1.8.0_432/Contents/Home/bin/java -Xverify:all -cp /var/folders/gm/lzn3ylzx4lz7mx29lftngdz40000gn/T/jarde-raw-receiver-replay-z7hco69m/original:/var/folders/gm/lzn3ylzx4lz7mx29lftngdz40000gn/T/jarde-raw-receiver-replay-z7hco69m/original-probe ReceiverProbe WideRawParam
jdk8/debug/WideRawParam/jarde-WideRawParam	0	/private/tmp/jarde-class-ctor-final-cli class-source --input /Users/lordcasser/workspace/projects/jarde/openspec/evidence/raw-receiver-field-selection-2026-10-09/jdk8/debug/input/WideRawParam.jar --class WideRawParam --policy plain-jar --release 8 --format text
jdk8/debug/WideRawParam/jarde-WideRawParam-source-header	0	nonempty self-describing source
jdk8/debug/WideRawParam/jarde-javac	0	/Library/Java/JavaVirtualMachines/corretto-1.8.0_432/Contents/Home/bin/javac -source 8 -target 8 -g -classpath /var/folders/gm/lzn3ylzx4lz7mx29lftngdz40000gn/T/jarde-raw-receiver-replay-z7hco69m/empty-classpath -sourcepath /var/folders/gm/lzn3ylzx4lz7mx29lftngdz40000gn/T/jarde-raw-receiver-replay-z7hco69m/empty-sourcepath -d /var/folders/gm/lzn3ylzx4lz7mx29lftngdz40000gn/T/jarde-raw-receiver-replay-z7hco69m/jarde-classes /private/tmp/jarde-raw-receiver-marker-baseline-root-20261009/jdk8/debug/jarde/WideRawParam.java /Users/lordcasser/workspace/projects/jarde/openspec/evidence/raw-receiver-field-selection-2026-10-09/source/ReceiverProbe.java
jdk8/debug/WideRawParam/jarde-verify-run	0	/Library/Java/JavaVirtualMachines/corretto-1.8.0_432/Contents/Home/bin/java -Xverify:all -cp /var/folders/gm/lzn3ylzx4lz7mx29lftngdz40000gn/T/jarde-raw-receiver-replay-z7hco69m/jarde-classes ReceiverProbe WideRawParam
jdk8/debug/WideRawParam/jadx	0	/Users/lordcasser/workspace/testzone/jadx/jadx-cli/build/install/jadx/bin/jadx --no-res --single-class WideRawParam -d /private/tmp/jarde-raw-receiver-marker-baseline-root-20261009/jdk8/debug/jadx/WideRawParam /Users/lordcasser/workspace/projects/jarde/openspec/evidence/raw-receiver-field-selection-2026-10-09/jdk8/debug/input/WideRawParam.jar
jdk8/debug/WideRawParam/jadx-source-header	0	nonempty class source
jdk8/debug/WideRawParam/jadx-javac	0	/Library/Java/JavaVirtualMachines/corretto-1.8.0_432/Contents/Home/bin/javac -source 8 -target 8 -g -classpath /var/folders/gm/lzn3ylzx4lz7mx29lftngdz40000gn/T/jarde-raw-receiver-replay-z7hco69m/empty-classpath -sourcepath /var/folders/gm/lzn3ylzx4lz7mx29lftngdz40000gn/T/jarde-raw-receiver-replay-z7hco69m/empty-sourcepath -d /var/folders/gm/lzn3ylzx4lz7mx29lftngdz40000gn/T/jarde-raw-receiver-replay-z7hco69m/jadx-classes /private/tmp/jarde-raw-receiver-marker-baseline-root-20261009/jdk8/debug/jadx/WideRawParam/sources/defpackage/WideRawParam.java /Users/lordcasser/workspace/projects/jarde/openspec/evidence/raw-receiver-field-selection-2026-10-09/source/ReceiverProbe.java
jdk8/debug/WideRawParam/jadx-verify-run	0	/Library/Java/JavaVirtualMachines/corretto-1.8.0_432/Contents/Home/bin/java -Xverify:all -cp /var/folders/gm/lzn3ylzx4lz7mx29lftngdz40000gn/T/jarde-raw-receiver-replay-z7hco69m/jadx-classes ReceiverProbe defpackage.WideRawParam
jdk8/no-debug/WideRawParam/jar-contents	0	/Library/Java/JavaVirtualMachines/corretto-1.8.0_432/Contents/Home/bin/jar tf /Users/lordcasser/workspace/projects/jarde/openspec/evidence/raw-receiver-field-selection-2026-10-09/jdk8/no-debug/input/WideRawParam.jar
jdk8/no-debug/WideRawParam/original-javac	0	/Library/Java/JavaVirtualMachines/corretto-1.8.0_432/Contents/Home/bin/javac -source 8 -target 8 -g:none -classpath /var/folders/gm/lzn3ylzx4lz7mx29lftngdz40000gn/T/jarde-raw-receiver-replay-mjq4gj3i/empty-classpath -sourcepath /var/folders/gm/lzn3ylzx4lz7mx29lftngdz40000gn/T/jarde-raw-receiver-replay-mjq4gj3i/empty-sourcepath -d /var/folders/gm/lzn3ylzx4lz7mx29lftngdz40000gn/T/jarde-raw-receiver-replay-mjq4gj3i/original /Users/lordcasser/workspace/projects/jarde/openspec/evidence/raw-receiver-field-selection-2026-10-09/source/WideRawParam.java
jdk8/no-debug/WideRawParam/javap	0	/Library/Java/JavaVirtualMachines/corretto-1.8.0_432/Contents/Home/bin/javap -p -c -s -v -classpath /Users/lordcasser/workspace/projects/jarde/openspec/evidence/raw-receiver-field-selection-2026-10-09/jdk8/no-debug/input/WideRawParam.jar WideRawParam
jdk8/no-debug/WideRawParam/original-probe-javac	0	/Library/Java/JavaVirtualMachines/corretto-1.8.0_432/Contents/Home/bin/javac -source 8 -target 8 -g:none -classpath /var/folders/gm/lzn3ylzx4lz7mx29lftngdz40000gn/T/jarde-raw-receiver-replay-mjq4gj3i/empty-classpath -sourcepath /var/folders/gm/lzn3ylzx4lz7mx29lftngdz40000gn/T/jarde-raw-receiver-replay-mjq4gj3i/empty-sourcepath -d /var/folders/gm/lzn3ylzx4lz7mx29lftngdz40000gn/T/jarde-raw-receiver-replay-mjq4gj3i/original-probe /Users/lordcasser/workspace/projects/jarde/openspec/evidence/raw-receiver-field-selection-2026-10-09/source/ReceiverProbe.java
jdk8/no-debug/WideRawParam/original-run	0	/Library/Java/JavaVirtualMachines/corretto-1.8.0_432/Contents/Home/bin/java -Xverify:all -cp /var/folders/gm/lzn3ylzx4lz7mx29lftngdz40000gn/T/jarde-raw-receiver-replay-mjq4gj3i/original:/var/folders/gm/lzn3ylzx4lz7mx29lftngdz40000gn/T/jarde-raw-receiver-replay-mjq4gj3i/original-probe ReceiverProbe WideRawParam
jdk8/no-debug/WideRawParam/jarde-WideRawParam	0	/private/tmp/jarde-class-ctor-final-cli class-source --input /Users/lordcasser/workspace/projects/jarde/openspec/evidence/raw-receiver-field-selection-2026-10-09/jdk8/no-debug/input/WideRawParam.jar --class WideRawParam --policy plain-jar --release 8 --format text
jdk8/no-debug/WideRawParam/jarde-WideRawParam-source-header	0	nonempty self-describing source
jdk8/no-debug/WideRawParam/jarde-javac	0	/Library/Java/JavaVirtualMachines/corretto-1.8.0_432/Contents/Home/bin/javac -source 8 -target 8 -g:none -classpath /var/folders/gm/lzn3ylzx4lz7mx29lftngdz40000gn/T/jarde-raw-receiver-replay-mjq4gj3i/empty-classpath -sourcepath /var/folders/gm/lzn3ylzx4lz7mx29lftngdz40000gn/T/jarde-raw-receiver-replay-mjq4gj3i/empty-sourcepath -d /var/folders/gm/lzn3ylzx4lz7mx29lftngdz40000gn/T/jarde-raw-receiver-replay-mjq4gj3i/jarde-classes /private/tmp/jarde-raw-receiver-marker-baseline-root-20261009/jdk8/no-debug/jarde/WideRawParam.java /Users/lordcasser/workspace/projects/jarde/openspec/evidence/raw-receiver-field-selection-2026-10-09/source/ReceiverProbe.java
jdk8/no-debug/WideRawParam/jarde-verify-run	0	/Library/Java/JavaVirtualMachines/corretto-1.8.0_432/Contents/Home/bin/java -Xverify:all -cp /var/folders/gm/lzn3ylzx4lz7mx29lftngdz40000gn/T/jarde-raw-receiver-replay-mjq4gj3i/jarde-classes ReceiverProbe WideRawParam
jdk8/no-debug/WideRawParam/jadx	0	/Users/lordcasser/workspace/testzone/jadx/jadx-cli/build/install/jadx/bin/jadx --no-res --single-class WideRawParam -d /private/tmp/jarde-raw-receiver-marker-baseline-root-20261009/jdk8/no-debug/jadx/WideRawParam /Users/lordcasser/workspace/projects/jarde/openspec/evidence/raw-receiver-field-selection-2026-10-09/jdk8/no-debug/input/WideRawParam.jar
jdk8/no-debug/WideRawParam/jadx-source-header	0	nonempty class source
jdk8/no-debug/WideRawParam/jadx-javac	0	/Library/Java/JavaVirtualMachines/corretto-1.8.0_432/Contents/Home/bin/javac -source 8 -target 8 -g:none -classpath /var/folders/gm/lzn3ylzx4lz7mx29lftngdz40000gn/T/jarde-raw-receiver-replay-mjq4gj3i/empty-classpath -sourcepath /var/folders/gm/lzn3ylzx4lz7mx29lftngdz40000gn/T/jarde-raw-receiver-replay-mjq4gj3i/empty-sourcepath -d /var/folders/gm/lzn3ylzx4lz7mx29lftngdz40000gn/T/jarde-raw-receiver-replay-mjq4gj3i/jadx-classes /private/tmp/jarde-raw-receiver-marker-baseline-root-20261009/jdk8/no-debug/jadx/WideRawParam/sources/defpackage/WideRawParam.java /Users/lordcasser/workspace/projects/jarde/openspec/evidence/raw-receiver-field-selection-2026-10-09/source/ReceiverProbe.java
jdk8/no-debug/WideRawParam/jadx-verify-run	0	/Library/Java/JavaVirtualMachines/corretto-1.8.0_432/Contents/Home/bin/java -Xverify:all -cp /var/folders/gm/lzn3ylzx4lz7mx29lftngdz40000gn/T/jarde-raw-receiver-replay-mjq4gj3i/jadx-classes ReceiverProbe defpackage.WideRawParam
jdk8/debug/ArrayRawParam/jar-contents	0	/Library/Java/JavaVirtualMachines/corretto-1.8.0_432/Contents/Home/bin/jar tf /Users/lordcasser/workspace/projects/jarde/openspec/evidence/raw-receiver-field-selection-2026-10-09/jdk8/debug/input/ArrayRawParam.jar
jdk8/debug/ArrayRawParam/original-javac	0	/Library/Java/JavaVirtualMachines/corretto-1.8.0_432/Contents/Home/bin/javac -source 8 -target 8 -g -classpath /var/folders/gm/lzn3ylzx4lz7mx29lftngdz40000gn/T/jarde-raw-receiver-replay-9jyfcvn3/empty-classpath -sourcepath /var/folders/gm/lzn3ylzx4lz7mx29lftngdz40000gn/T/jarde-raw-receiver-replay-9jyfcvn3/empty-sourcepath -d /var/folders/gm/lzn3ylzx4lz7mx29lftngdz40000gn/T/jarde-raw-receiver-replay-9jyfcvn3/original /Users/lordcasser/workspace/projects/jarde/openspec/evidence/raw-receiver-field-selection-2026-10-09/source/ArrayRawParam.java
jdk8/debug/ArrayRawParam/javap	0	/Library/Java/JavaVirtualMachines/corretto-1.8.0_432/Contents/Home/bin/javap -p -c -s -v -classpath /Users/lordcasser/workspace/projects/jarde/openspec/evidence/raw-receiver-field-selection-2026-10-09/jdk8/debug/input/ArrayRawParam.jar ArrayRawParam
jdk8/debug/ArrayRawParam/original-probe-javac	0	/Library/Java/JavaVirtualMachines/corretto-1.8.0_432/Contents/Home/bin/javac -source 8 -target 8 -g -classpath /var/folders/gm/lzn3ylzx4lz7mx29lftngdz40000gn/T/jarde-raw-receiver-replay-9jyfcvn3/empty-classpath -sourcepath /var/folders/gm/lzn3ylzx4lz7mx29lftngdz40000gn/T/jarde-raw-receiver-replay-9jyfcvn3/empty-sourcepath -d /var/folders/gm/lzn3ylzx4lz7mx29lftngdz40000gn/T/jarde-raw-receiver-replay-9jyfcvn3/original-probe /Users/lordcasser/workspace/projects/jarde/openspec/evidence/raw-receiver-field-selection-2026-10-09/source/ReceiverProbe.java
jdk8/debug/ArrayRawParam/original-run	0	/Library/Java/JavaVirtualMachines/corretto-1.8.0_432/Contents/Home/bin/java -Xverify:all -cp /var/folders/gm/lzn3ylzx4lz7mx29lftngdz40000gn/T/jarde-raw-receiver-replay-9jyfcvn3/original:/var/folders/gm/lzn3ylzx4lz7mx29lftngdz40000gn/T/jarde-raw-receiver-replay-9jyfcvn3/original-probe ReceiverProbe ArrayRawParam
jdk8/debug/ArrayRawParam/jarde-ArrayRawParam	0	/private/tmp/jarde-class-ctor-final-cli class-source --input /Users/lordcasser/workspace/projects/jarde/openspec/evidence/raw-receiver-field-selection-2026-10-09/jdk8/debug/input/ArrayRawParam.jar --class ArrayRawParam --policy plain-jar --release 8 --format text
jdk8/debug/ArrayRawParam/jarde-ArrayRawParam-source-header	0	nonempty self-describing source
jdk8/debug/ArrayRawParam/jarde-javac	0	/Library/Java/JavaVirtualMachines/corretto-1.8.0_432/Contents/Home/bin/javac -source 8 -target 8 -g -classpath /var/folders/gm/lzn3ylzx4lz7mx29lftngdz40000gn/T/jarde-raw-receiver-replay-9jyfcvn3/empty-classpath -sourcepath /var/folders/gm/lzn3ylzx4lz7mx29lftngdz40000gn/T/jarde-raw-receiver-replay-9jyfcvn3/empty-sourcepath -d /var/folders/gm/lzn3ylzx4lz7mx29lftngdz40000gn/T/jarde-raw-receiver-replay-9jyfcvn3/jarde-classes /private/tmp/jarde-raw-receiver-marker-baseline-root-20261009/jdk8/debug/jarde/ArrayRawParam.java /Users/lordcasser/workspace/projects/jarde/openspec/evidence/raw-receiver-field-selection-2026-10-09/source/ReceiverProbe.java
jdk8/debug/ArrayRawParam/jarde-verify-run	0	/Library/Java/JavaVirtualMachines/corretto-1.8.0_432/Contents/Home/bin/java -Xverify:all -cp /var/folders/gm/lzn3ylzx4lz7mx29lftngdz40000gn/T/jarde-raw-receiver-replay-9jyfcvn3/jarde-classes ReceiverProbe ArrayRawParam
jdk8/debug/ArrayRawParam/jadx	0	/Users/lordcasser/workspace/testzone/jadx/jadx-cli/build/install/jadx/bin/jadx --no-res --single-class ArrayRawParam -d /private/tmp/jarde-raw-receiver-marker-baseline-root-20261009/jdk8/debug/jadx/ArrayRawParam /Users/lordcasser/workspace/projects/jarde/openspec/evidence/raw-receiver-field-selection-2026-10-09/jdk8/debug/input/ArrayRawParam.jar
jdk8/debug/ArrayRawParam/jadx-source-header	0	nonempty class source
jdk8/debug/ArrayRawParam/jadx-javac	0	/Library/Java/JavaVirtualMachines/corretto-1.8.0_432/Contents/Home/bin/javac -source 8 -target 8 -g -classpath /var/folders/gm/lzn3ylzx4lz7mx29lftngdz40000gn/T/jarde-raw-receiver-replay-9jyfcvn3/empty-classpath -sourcepath /var/folders/gm/lzn3ylzx4lz7mx29lftngdz40000gn/T/jarde-raw-receiver-replay-9jyfcvn3/empty-sourcepath -d /var/folders/gm/lzn3ylzx4lz7mx29lftngdz40000gn/T/jarde-raw-receiver-replay-9jyfcvn3/jadx-classes /private/tmp/jarde-raw-receiver-marker-baseline-root-20261009/jdk8/debug/jadx/ArrayRawParam/sources/defpackage/ArrayRawParam.java /Users/lordcasser/workspace/projects/jarde/openspec/evidence/raw-receiver-field-selection-2026-10-09/source/ReceiverProbe.java
jdk8/debug/ArrayRawParam/jadx-verify-run	0	/Library/Java/JavaVirtualMachines/corretto-1.8.0_432/Contents/Home/bin/java -Xverify:all -cp /var/folders/gm/lzn3ylzx4lz7mx29lftngdz40000gn/T/jarde-raw-receiver-replay-9jyfcvn3/jadx-classes ReceiverProbe defpackage.ArrayRawParam
jdk8/no-debug/ArrayRawParam/jar-contents	0	/Library/Java/JavaVirtualMachines/corretto-1.8.0_432/Contents/Home/bin/jar tf /Users/lordcasser/workspace/projects/jarde/openspec/evidence/raw-receiver-field-selection-2026-10-09/jdk8/no-debug/input/ArrayRawParam.jar
jdk8/no-debug/ArrayRawParam/original-javac	0	/Library/Java/JavaVirtualMachines/corretto-1.8.0_432/Contents/Home/bin/javac -source 8 -target 8 -g:none -classpath /var/folders/gm/lzn3ylzx4lz7mx29lftngdz40000gn/T/jarde-raw-receiver-replay-cnb6gjrs/empty-classpath -sourcepath /var/folders/gm/lzn3ylzx4lz7mx29lftngdz40000gn/T/jarde-raw-receiver-replay-cnb6gjrs/empty-sourcepath -d /var/folders/gm/lzn3ylzx4lz7mx29lftngdz40000gn/T/jarde-raw-receiver-replay-cnb6gjrs/original /Users/lordcasser/workspace/projects/jarde/openspec/evidence/raw-receiver-field-selection-2026-10-09/source/ArrayRawParam.java
jdk8/no-debug/ArrayRawParam/javap	0	/Library/Java/JavaVirtualMachines/corretto-1.8.0_432/Contents/Home/bin/javap -p -c -s -v -classpath /Users/lordcasser/workspace/projects/jarde/openspec/evidence/raw-receiver-field-selection-2026-10-09/jdk8/no-debug/input/ArrayRawParam.jar ArrayRawParam
jdk8/no-debug/ArrayRawParam/original-probe-javac	0	/Library/Java/JavaVirtualMachines/corretto-1.8.0_432/Contents/Home/bin/javac -source 8 -target 8 -g:none -classpath /var/folders/gm/lzn3ylzx4lz7mx29lftngdz40000gn/T/jarde-raw-receiver-replay-cnb6gjrs/empty-classpath -sourcepath /var/folders/gm/lzn3ylzx4lz7mx29lftngdz40000gn/T/jarde-raw-receiver-replay-cnb6gjrs/empty-sourcepath -d /var/folders/gm/lzn3ylzx4lz7mx29lftngdz40000gn/T/jarde-raw-receiver-replay-cnb6gjrs/original-probe /Users/lordcasser/workspace/projects/jarde/openspec/evidence/raw-receiver-field-selection-2026-10-09/source/ReceiverProbe.java
jdk8/no-debug/ArrayRawParam/original-run	0	/Library/Java/JavaVirtualMachines/corretto-1.8.0_432/Contents/Home/bin/java -Xverify:all -cp /var/folders/gm/lzn3ylzx4lz7mx29lftngdz40000gn/T/jarde-raw-receiver-replay-cnb6gjrs/original:/var/folders/gm/lzn3ylzx4lz7mx29lftngdz40000gn/T/jarde-raw-receiver-replay-cnb6gjrs/original-probe ReceiverProbe ArrayRawParam
jdk8/no-debug/ArrayRawParam/jarde-ArrayRawParam	0	/private/tmp/jarde-class-ctor-final-cli class-source --input /Users/lordcasser/workspace/projects/jarde/openspec/evidence/raw-receiver-field-selection-2026-10-09/jdk8/no-debug/input/ArrayRawParam.jar --class ArrayRawParam --policy plain-jar --release 8 --format text
jdk8/no-debug/ArrayRawParam/jarde-ArrayRawParam-source-header	0	nonempty self-describing source
jdk8/no-debug/ArrayRawParam/jarde-javac	0	/Library/Java/JavaVirtualMachines/corretto-1.8.0_432/Contents/Home/bin/javac -source 8 -target 8 -g:none -classpath /var/folders/gm/lzn3ylzx4lz7mx29lftngdz40000gn/T/jarde-raw-receiver-replay-cnb6gjrs/empty-classpath -sourcepath /var/folders/gm/lzn3ylzx4lz7mx29lftngdz40000gn/T/jarde-raw-receiver-replay-cnb6gjrs/empty-sourcepath -d /var/folders/gm/lzn3ylzx4lz7mx29lftngdz40000gn/T/jarde-raw-receiver-replay-cnb6gjrs/jarde-classes /private/tmp/jarde-raw-receiver-marker-baseline-root-20261009/jdk8/no-debug/jarde/ArrayRawParam.java /Users/lordcasser/workspace/projects/jarde/openspec/evidence/raw-receiver-field-selection-2026-10-09/source/ReceiverProbe.java
jdk8/no-debug/ArrayRawParam/jarde-verify-run	0	/Library/Java/JavaVirtualMachines/corretto-1.8.0_432/Contents/Home/bin/java -Xverify:all -cp /var/folders/gm/lzn3ylzx4lz7mx29lftngdz40000gn/T/jarde-raw-receiver-replay-cnb6gjrs/jarde-classes ReceiverProbe ArrayRawParam
jdk8/no-debug/ArrayRawParam/jadx	0	/Users/lordcasser/workspace/testzone/jadx/jadx-cli/build/install/jadx/bin/jadx --no-res --single-class ArrayRawParam -d /private/tmp/jarde-raw-receiver-marker-baseline-root-20261009/jdk8/no-debug/jadx/ArrayRawParam /Users/lordcasser/workspace/projects/jarde/openspec/evidence/raw-receiver-field-selection-2026-10-09/jdk8/no-debug/input/ArrayRawParam.jar
jdk8/no-debug/ArrayRawParam/jadx-source-header	0	nonempty class source
jdk8/no-debug/ArrayRawParam/jadx-javac	0	/Library/Java/JavaVirtualMachines/corretto-1.8.0_432/Contents/Home/bin/javac -source 8 -target 8 -g:none -classpath /var/folders/gm/lzn3ylzx4lz7mx29lftngdz40000gn/T/jarde-raw-receiver-replay-cnb6gjrs/empty-classpath -sourcepath /var/folders/gm/lzn3ylzx4lz7mx29lftngdz40000gn/T/jarde-raw-receiver-replay-cnb6gjrs/empty-sourcepath -d /var/folders/gm/lzn3ylzx4lz7mx29lftngdz40000gn/T/jarde-raw-receiver-replay-cnb6gjrs/jadx-classes /private/tmp/jarde-raw-receiver-marker-baseline-root-20261009/jdk8/no-debug/jadx/ArrayRawParam/sources/defpackage/ArrayRawParam.java /Users/lordcasser/workspace/projects/jarde/openspec/evidence/raw-receiver-field-selection-2026-10-09/source/ReceiverProbe.java
jdk8/no-debug/ArrayRawParam/jadx-verify-run	0	/Library/Java/JavaVirtualMachines/corretto-1.8.0_432/Contents/Home/bin/java -Xverify:all -cp /var/folders/gm/lzn3ylzx4lz7mx29lftngdz40000gn/T/jarde-raw-receiver-replay-cnb6gjrs/jadx-classes ReceiverProbe defpackage.ArrayRawParam
jdk8/debug/Array2DRawParam/jar-contents	0	/Library/Java/JavaVirtualMachines/corretto-1.8.0_432/Contents/Home/bin/jar tf /Users/lordcasser/workspace/projects/jarde/openspec/evidence/raw-receiver-field-selection-2026-10-09/jdk8/debug/input/Array2DRawParam.jar
jdk8/debug/Array2DRawParam/original-javac	0	/Library/Java/JavaVirtualMachines/corretto-1.8.0_432/Contents/Home/bin/javac -source 8 -target 8 -g -classpath /var/folders/gm/lzn3ylzx4lz7mx29lftngdz40000gn/T/jarde-raw-receiver-replay-dqlm1zmx/empty-classpath -sourcepath /var/folders/gm/lzn3ylzx4lz7mx29lftngdz40000gn/T/jarde-raw-receiver-replay-dqlm1zmx/empty-sourcepath -d /var/folders/gm/lzn3ylzx4lz7mx29lftngdz40000gn/T/jarde-raw-receiver-replay-dqlm1zmx/original /Users/lordcasser/workspace/projects/jarde/openspec/evidence/raw-receiver-field-selection-2026-10-09/source/Array2DRawParam.java
jdk8/debug/Array2DRawParam/javap	0	/Library/Java/JavaVirtualMachines/corretto-1.8.0_432/Contents/Home/bin/javap -p -c -s -v -classpath /Users/lordcasser/workspace/projects/jarde/openspec/evidence/raw-receiver-field-selection-2026-10-09/jdk8/debug/input/Array2DRawParam.jar Array2DRawParam
jdk8/debug/Array2DRawParam/original-probe-javac	0	/Library/Java/JavaVirtualMachines/corretto-1.8.0_432/Contents/Home/bin/javac -source 8 -target 8 -g -classpath /var/folders/gm/lzn3ylzx4lz7mx29lftngdz40000gn/T/jarde-raw-receiver-replay-dqlm1zmx/empty-classpath -sourcepath /var/folders/gm/lzn3ylzx4lz7mx29lftngdz40000gn/T/jarde-raw-receiver-replay-dqlm1zmx/empty-sourcepath -d /var/folders/gm/lzn3ylzx4lz7mx29lftngdz40000gn/T/jarde-raw-receiver-replay-dqlm1zmx/original-probe /Users/lordcasser/workspace/projects/jarde/openspec/evidence/raw-receiver-field-selection-2026-10-09/source/ReceiverProbe.java
jdk8/debug/Array2DRawParam/original-run	0	/Library/Java/JavaVirtualMachines/corretto-1.8.0_432/Contents/Home/bin/java -Xverify:all -cp /var/folders/gm/lzn3ylzx4lz7mx29lftngdz40000gn/T/jarde-raw-receiver-replay-dqlm1zmx/original:/var/folders/gm/lzn3ylzx4lz7mx29lftngdz40000gn/T/jarde-raw-receiver-replay-dqlm1zmx/original-probe ReceiverProbe Array2DRawParam
jdk8/debug/Array2DRawParam/jarde-Array2DRawParam	0	/private/tmp/jarde-class-ctor-final-cli class-source --input /Users/lordcasser/workspace/projects/jarde/openspec/evidence/raw-receiver-field-selection-2026-10-09/jdk8/debug/input/Array2DRawParam.jar --class Array2DRawParam --policy plain-jar --release 8 --format text
jdk8/debug/Array2DRawParam/jarde-Array2DRawParam-source-header	0	nonempty self-describing source
jdk8/debug/Array2DRawParam/jarde-javac	0	/Library/Java/JavaVirtualMachines/corretto-1.8.0_432/Contents/Home/bin/javac -source 8 -target 8 -g -classpath /var/folders/gm/lzn3ylzx4lz7mx29lftngdz40000gn/T/jarde-raw-receiver-replay-dqlm1zmx/empty-classpath -sourcepath /var/folders/gm/lzn3ylzx4lz7mx29lftngdz40000gn/T/jarde-raw-receiver-replay-dqlm1zmx/empty-sourcepath -d /var/folders/gm/lzn3ylzx4lz7mx29lftngdz40000gn/T/jarde-raw-receiver-replay-dqlm1zmx/jarde-classes /private/tmp/jarde-raw-receiver-marker-baseline-root-20261009/jdk8/debug/jarde/Array2DRawParam.java /Users/lordcasser/workspace/projects/jarde/openspec/evidence/raw-receiver-field-selection-2026-10-09/source/ReceiverProbe.java
jdk8/debug/Array2DRawParam/jarde-verify-run	0	/Library/Java/JavaVirtualMachines/corretto-1.8.0_432/Contents/Home/bin/java -Xverify:all -cp /var/folders/gm/lzn3ylzx4lz7mx29lftngdz40000gn/T/jarde-raw-receiver-replay-dqlm1zmx/jarde-classes ReceiverProbe Array2DRawParam
jdk8/debug/Array2DRawParam/jadx	0	/Users/lordcasser/workspace/testzone/jadx/jadx-cli/build/install/jadx/bin/jadx --no-res --single-class Array2DRawParam -d /private/tmp/jarde-raw-receiver-marker-baseline-root-20261009/jdk8/debug/jadx/Array2DRawParam /Users/lordcasser/workspace/projects/jarde/openspec/evidence/raw-receiver-field-selection-2026-10-09/jdk8/debug/input/Array2DRawParam.jar
jdk8/debug/Array2DRawParam/jadx-source-header	0	nonempty class source
jdk8/debug/Array2DRawParam/jadx-javac	0	/Library/Java/JavaVirtualMachines/corretto-1.8.0_432/Contents/Home/bin/javac -source 8 -target 8 -g -classpath /var/folders/gm/lzn3ylzx4lz7mx29lftngdz40000gn/T/jarde-raw-receiver-replay-dqlm1zmx/empty-classpath -sourcepath /var/folders/gm/lzn3ylzx4lz7mx29lftngdz40000gn/T/jarde-raw-receiver-replay-dqlm1zmx/empty-sourcepath -d /var/folders/gm/lzn3ylzx4lz7mx29lftngdz40000gn/T/jarde-raw-receiver-replay-dqlm1zmx/jadx-classes /private/tmp/jarde-raw-receiver-marker-baseline-root-20261009/jdk8/debug/jadx/Array2DRawParam/sources/defpackage/Array2DRawParam.java /Users/lordcasser/workspace/projects/jarde/openspec/evidence/raw-receiver-field-selection-2026-10-09/source/ReceiverProbe.java
jdk8/debug/Array2DRawParam/jadx-verify-run	0	/Library/Java/JavaVirtualMachines/corretto-1.8.0_432/Contents/Home/bin/java -Xverify:all -cp /var/folders/gm/lzn3ylzx4lz7mx29lftngdz40000gn/T/jarde-raw-receiver-replay-dqlm1zmx/jadx-classes ReceiverProbe defpackage.Array2DRawParam
jdk8/no-debug/Array2DRawParam/jar-contents	0	/Library/Java/JavaVirtualMachines/corretto-1.8.0_432/Contents/Home/bin/jar tf /Users/lordcasser/workspace/projects/jarde/openspec/evidence/raw-receiver-field-selection-2026-10-09/jdk8/no-debug/input/Array2DRawParam.jar
jdk8/no-debug/Array2DRawParam/original-javac	0	/Library/Java/JavaVirtualMachines/corretto-1.8.0_432/Contents/Home/bin/javac -source 8 -target 8 -g:none -classpath /var/folders/gm/lzn3ylzx4lz7mx29lftngdz40000gn/T/jarde-raw-receiver-replay-x81cj1o2/empty-classpath -sourcepath /var/folders/gm/lzn3ylzx4lz7mx29lftngdz40000gn/T/jarde-raw-receiver-replay-x81cj1o2/empty-sourcepath -d /var/folders/gm/lzn3ylzx4lz7mx29lftngdz40000gn/T/jarde-raw-receiver-replay-x81cj1o2/original /Users/lordcasser/workspace/projects/jarde/openspec/evidence/raw-receiver-field-selection-2026-10-09/source/Array2DRawParam.java
jdk8/no-debug/Array2DRawParam/javap	0	/Library/Java/JavaVirtualMachines/corretto-1.8.0_432/Contents/Home/bin/javap -p -c -s -v -classpath /Users/lordcasser/workspace/projects/jarde/openspec/evidence/raw-receiver-field-selection-2026-10-09/jdk8/no-debug/input/Array2DRawParam.jar Array2DRawParam
jdk8/no-debug/Array2DRawParam/original-probe-javac	0	/Library/Java/JavaVirtualMachines/corretto-1.8.0_432/Contents/Home/bin/javac -source 8 -target 8 -g:none -classpath /var/folders/gm/lzn3ylzx4lz7mx29lftngdz40000gn/T/jarde-raw-receiver-replay-x81cj1o2/empty-classpath -sourcepath /var/folders/gm/lzn3ylzx4lz7mx29lftngdz40000gn/T/jarde-raw-receiver-replay-x81cj1o2/empty-sourcepath -d /var/folders/gm/lzn3ylzx4lz7mx29lftngdz40000gn/T/jarde-raw-receiver-replay-x81cj1o2/original-probe /Users/lordcasser/workspace/projects/jarde/openspec/evidence/raw-receiver-field-selection-2026-10-09/source/ReceiverProbe.java
jdk8/no-debug/Array2DRawParam/original-run	0	/Library/Java/JavaVirtualMachines/corretto-1.8.0_432/Contents/Home/bin/java -Xverify:all -cp /var/folders/gm/lzn3ylzx4lz7mx29lftngdz40000gn/T/jarde-raw-receiver-replay-x81cj1o2/original:/var/folders/gm/lzn3ylzx4lz7mx29lftngdz40000gn/T/jarde-raw-receiver-replay-x81cj1o2/original-probe ReceiverProbe Array2DRawParam
jdk8/no-debug/Array2DRawParam/jarde-Array2DRawParam	0	/private/tmp/jarde-class-ctor-final-cli class-source --input /Users/lordcasser/workspace/projects/jarde/openspec/evidence/raw-receiver-field-selection-2026-10-09/jdk8/no-debug/input/Array2DRawParam.jar --class Array2DRawParam --policy plain-jar --release 8 --format text
jdk8/no-debug/Array2DRawParam/jarde-Array2DRawParam-source-header	0	nonempty self-describing source
jdk8/no-debug/Array2DRawParam/jarde-javac	0	/Library/Java/JavaVirtualMachines/corretto-1.8.0_432/Contents/Home/bin/javac -source 8 -target 8 -g:none -classpath /var/folders/gm/lzn3ylzx4lz7mx29lftngdz40000gn/T/jarde-raw-receiver-replay-x81cj1o2/empty-classpath -sourcepath /var/folders/gm/lzn3ylzx4lz7mx29lftngdz40000gn/T/jarde-raw-receiver-replay-x81cj1o2/empty-sourcepath -d /var/folders/gm/lzn3ylzx4lz7mx29lftngdz40000gn/T/jarde-raw-receiver-replay-x81cj1o2/jarde-classes /private/tmp/jarde-raw-receiver-marker-baseline-root-20261009/jdk8/no-debug/jarde/Array2DRawParam.java /Users/lordcasser/workspace/projects/jarde/openspec/evidence/raw-receiver-field-selection-2026-10-09/source/ReceiverProbe.java
jdk8/no-debug/Array2DRawParam/jarde-verify-run	0	/Library/Java/JavaVirtualMachines/corretto-1.8.0_432/Contents/Home/bin/java -Xverify:all -cp /var/folders/gm/lzn3ylzx4lz7mx29lftngdz40000gn/T/jarde-raw-receiver-replay-x81cj1o2/jarde-classes ReceiverProbe Array2DRawParam
jdk8/no-debug/Array2DRawParam/jadx	0	/Users/lordcasser/workspace/testzone/jadx/jadx-cli/build/install/jadx/bin/jadx --no-res --single-class Array2DRawParam -d /private/tmp/jarde-raw-receiver-marker-baseline-root-20261009/jdk8/no-debug/jadx/Array2DRawParam /Users/lordcasser/workspace/projects/jarde/openspec/evidence/raw-receiver-field-selection-2026-10-09/jdk8/no-debug/input/Array2DRawParam.jar
jdk8/no-debug/Array2DRawParam/jadx-source-header	0	nonempty class source
jdk8/no-debug/Array2DRawParam/jadx-javac	0	/Library/Java/JavaVirtualMachines/corretto-1.8.0_432/Contents/Home/bin/javac -source 8 -target 8 -g:none -classpath /var/folders/gm/lzn3ylzx4lz7mx29lftngdz40000gn/T/jarde-raw-receiver-replay-x81cj1o2/empty-classpath -sourcepath /var/folders/gm/lzn3ylzx4lz7mx29lftngdz40000gn/T/jarde-raw-receiver-replay-x81cj1o2/empty-sourcepath -d /var/folders/gm/lzn3ylzx4lz7mx29lftngdz40000gn/T/jarde-raw-receiver-replay-x81cj1o2/jadx-classes /private/tmp/jarde-raw-receiver-marker-baseline-root-20261009/jdk8/no-debug/jadx/Array2DRawParam/sources/defpackage/Array2DRawParam.java /Users/lordcasser/workspace/projects/jarde/openspec/evidence/raw-receiver-field-selection-2026-10-09/source/ReceiverProbe.java
jdk8/no-debug/Array2DRawParam/jadx-verify-run	0	/Library/Java/JavaVirtualMachines/corretto-1.8.0_432/Contents/Home/bin/java -Xverify:all -cp /var/folders/gm/lzn3ylzx4lz7mx29lftngdz40000gn/T/jarde-raw-receiver-replay-x81cj1o2/jadx-classes ReceiverProbe defpackage.Array2DRawParam
jdk8/debug/PrimitiveArrayRawParam/jar-contents	0	/Library/Java/JavaVirtualMachines/corretto-1.8.0_432/Contents/Home/bin/jar tf /Users/lordcasser/workspace/projects/jarde/openspec/evidence/raw-receiver-field-selection-2026-10-09/jdk8/debug/input/PrimitiveArrayRawParam.jar
jdk8/debug/PrimitiveArrayRawParam/original-javac	0	/Library/Java/JavaVirtualMachines/corretto-1.8.0_432/Contents/Home/bin/javac -source 8 -target 8 -g -classpath /var/folders/gm/lzn3ylzx4lz7mx29lftngdz40000gn/T/jarde-raw-receiver-replay-2qasvapl/empty-classpath -sourcepath /var/folders/gm/lzn3ylzx4lz7mx29lftngdz40000gn/T/jarde-raw-receiver-replay-2qasvapl/empty-sourcepath -d /var/folders/gm/lzn3ylzx4lz7mx29lftngdz40000gn/T/jarde-raw-receiver-replay-2qasvapl/original /Users/lordcasser/workspace/projects/jarde/openspec/evidence/raw-receiver-field-selection-2026-10-09/source/PrimitiveArrayRawParam.java
jdk8/debug/PrimitiveArrayRawParam/javap	0	/Library/Java/JavaVirtualMachines/corretto-1.8.0_432/Contents/Home/bin/javap -p -c -s -v -classpath /Users/lordcasser/workspace/projects/jarde/openspec/evidence/raw-receiver-field-selection-2026-10-09/jdk8/debug/input/PrimitiveArrayRawParam.jar PrimitiveArrayRawParam
jdk8/debug/PrimitiveArrayRawParam/original-probe-javac	0	/Library/Java/JavaVirtualMachines/corretto-1.8.0_432/Contents/Home/bin/javac -source 8 -target 8 -g -classpath /var/folders/gm/lzn3ylzx4lz7mx29lftngdz40000gn/T/jarde-raw-receiver-replay-2qasvapl/empty-classpath -sourcepath /var/folders/gm/lzn3ylzx4lz7mx29lftngdz40000gn/T/jarde-raw-receiver-replay-2qasvapl/empty-sourcepath -d /var/folders/gm/lzn3ylzx4lz7mx29lftngdz40000gn/T/jarde-raw-receiver-replay-2qasvapl/original-probe /Users/lordcasser/workspace/projects/jarde/openspec/evidence/raw-receiver-field-selection-2026-10-09/source/ReceiverProbe.java
jdk8/debug/PrimitiveArrayRawParam/original-run	0	/Library/Java/JavaVirtualMachines/corretto-1.8.0_432/Contents/Home/bin/java -Xverify:all -cp /var/folders/gm/lzn3ylzx4lz7mx29lftngdz40000gn/T/jarde-raw-receiver-replay-2qasvapl/original:/var/folders/gm/lzn3ylzx4lz7mx29lftngdz40000gn/T/jarde-raw-receiver-replay-2qasvapl/original-probe ReceiverProbe PrimitiveArrayRawParam
jdk8/debug/PrimitiveArrayRawParam/jarde-PrimitiveArrayRawParam	0	/private/tmp/jarde-class-ctor-final-cli class-source --input /Users/lordcasser/workspace/projects/jarde/openspec/evidence/raw-receiver-field-selection-2026-10-09/jdk8/debug/input/PrimitiveArrayRawParam.jar --class PrimitiveArrayRawParam --policy plain-jar --release 8 --format text
jdk8/debug/PrimitiveArrayRawParam/jarde-PrimitiveArrayRawParam-source-header	0	nonempty self-describing source
jdk8/debug/PrimitiveArrayRawParam/jarde-javac	0	/Library/Java/JavaVirtualMachines/corretto-1.8.0_432/Contents/Home/bin/javac -source 8 -target 8 -g -classpath /var/folders/gm/lzn3ylzx4lz7mx29lftngdz40000gn/T/jarde-raw-receiver-replay-2qasvapl/empty-classpath -sourcepath /var/folders/gm/lzn3ylzx4lz7mx29lftngdz40000gn/T/jarde-raw-receiver-replay-2qasvapl/empty-sourcepath -d /var/folders/gm/lzn3ylzx4lz7mx29lftngdz40000gn/T/jarde-raw-receiver-replay-2qasvapl/jarde-classes /private/tmp/jarde-raw-receiver-marker-baseline-root-20261009/jdk8/debug/jarde/PrimitiveArrayRawParam.java /Users/lordcasser/workspace/projects/jarde/openspec/evidence/raw-receiver-field-selection-2026-10-09/source/ReceiverProbe.java
jdk8/debug/PrimitiveArrayRawParam/jarde-verify-run	0	/Library/Java/JavaVirtualMachines/corretto-1.8.0_432/Contents/Home/bin/java -Xverify:all -cp /var/folders/gm/lzn3ylzx4lz7mx29lftngdz40000gn/T/jarde-raw-receiver-replay-2qasvapl/jarde-classes ReceiverProbe PrimitiveArrayRawParam
jdk8/debug/PrimitiveArrayRawParam/jadx	0	/Users/lordcasser/workspace/testzone/jadx/jadx-cli/build/install/jadx/bin/jadx --no-res --single-class PrimitiveArrayRawParam -d /private/tmp/jarde-raw-receiver-marker-baseline-root-20261009/jdk8/debug/jadx/PrimitiveArrayRawParam /Users/lordcasser/workspace/projects/jarde/openspec/evidence/raw-receiver-field-selection-2026-10-09/jdk8/debug/input/PrimitiveArrayRawParam.jar
jdk8/debug/PrimitiveArrayRawParam/jadx-source-header	0	nonempty class source
jdk8/debug/PrimitiveArrayRawParam/jadx-javac	0	/Library/Java/JavaVirtualMachines/corretto-1.8.0_432/Contents/Home/bin/javac -source 8 -target 8 -g -classpath /var/folders/gm/lzn3ylzx4lz7mx29lftngdz40000gn/T/jarde-raw-receiver-replay-2qasvapl/empty-classpath -sourcepath /var/folders/gm/lzn3ylzx4lz7mx29lftngdz40000gn/T/jarde-raw-receiver-replay-2qasvapl/empty-sourcepath -d /var/folders/gm/lzn3ylzx4lz7mx29lftngdz40000gn/T/jarde-raw-receiver-replay-2qasvapl/jadx-classes /private/tmp/jarde-raw-receiver-marker-baseline-root-20261009/jdk8/debug/jadx/PrimitiveArrayRawParam/sources/defpackage/PrimitiveArrayRawParam.java /Users/lordcasser/workspace/projects/jarde/openspec/evidence/raw-receiver-field-selection-2026-10-09/source/ReceiverProbe.java
jdk8/debug/PrimitiveArrayRawParam/jadx-verify-run	0	/Library/Java/JavaVirtualMachines/corretto-1.8.0_432/Contents/Home/bin/java -Xverify:all -cp /var/folders/gm/lzn3ylzx4lz7mx29lftngdz40000gn/T/jarde-raw-receiver-replay-2qasvapl/jadx-classes ReceiverProbe defpackage.PrimitiveArrayRawParam
jdk8/no-debug/PrimitiveArrayRawParam/jar-contents	0	/Library/Java/JavaVirtualMachines/corretto-1.8.0_432/Contents/Home/bin/jar tf /Users/lordcasser/workspace/projects/jarde/openspec/evidence/raw-receiver-field-selection-2026-10-09/jdk8/no-debug/input/PrimitiveArrayRawParam.jar
jdk8/no-debug/PrimitiveArrayRawParam/original-javac	0	/Library/Java/JavaVirtualMachines/corretto-1.8.0_432/Contents/Home/bin/javac -source 8 -target 8 -g:none -classpath /var/folders/gm/lzn3ylzx4lz7mx29lftngdz40000gn/T/jarde-raw-receiver-replay-90opnwww/empty-classpath -sourcepath /var/folders/gm/lzn3ylzx4lz7mx29lftngdz40000gn/T/jarde-raw-receiver-replay-90opnwww/empty-sourcepath -d /var/folders/gm/lzn3ylzx4lz7mx29lftngdz40000gn/T/jarde-raw-receiver-replay-90opnwww/original /Users/lordcasser/workspace/projects/jarde/openspec/evidence/raw-receiver-field-selection-2026-10-09/source/PrimitiveArrayRawParam.java
jdk8/no-debug/PrimitiveArrayRawParam/javap	0	/Library/Java/JavaVirtualMachines/corretto-1.8.0_432/Contents/Home/bin/javap -p -c -s -v -classpath /Users/lordcasser/workspace/projects/jarde/openspec/evidence/raw-receiver-field-selection-2026-10-09/jdk8/no-debug/input/PrimitiveArrayRawParam.jar PrimitiveArrayRawParam
jdk8/no-debug/PrimitiveArrayRawParam/original-probe-javac	0	/Library/Java/JavaVirtualMachines/corretto-1.8.0_432/Contents/Home/bin/javac -source 8 -target 8 -g:none -classpath /var/folders/gm/lzn3ylzx4lz7mx29lftngdz40000gn/T/jarde-raw-receiver-replay-90opnwww/empty-classpath -sourcepath /var/folders/gm/lzn3ylzx4lz7mx29lftngdz40000gn/T/jarde-raw-receiver-replay-90opnwww/empty-sourcepath -d /var/folders/gm/lzn3ylzx4lz7mx29lftngdz40000gn/T/jarde-raw-receiver-replay-90opnwww/original-probe /Users/lordcasser/workspace/projects/jarde/openspec/evidence/raw-receiver-field-selection-2026-10-09/source/ReceiverProbe.java
jdk8/no-debug/PrimitiveArrayRawParam/original-run	0	/Library/Java/JavaVirtualMachines/corretto-1.8.0_432/Contents/Home/bin/java -Xverify:all -cp /var/folders/gm/lzn3ylzx4lz7mx29lftngdz40000gn/T/jarde-raw-receiver-replay-90opnwww/original:/var/folders/gm/lzn3ylzx4lz7mx29lftngdz40000gn/T/jarde-raw-receiver-replay-90opnwww/original-probe ReceiverProbe PrimitiveArrayRawParam
jdk8/no-debug/PrimitiveArrayRawParam/jarde-PrimitiveArrayRawParam	0	/private/tmp/jarde-class-ctor-final-cli class-source --input /Users/lordcasser/workspace/projects/jarde/openspec/evidence/raw-receiver-field-selection-2026-10-09/jdk8/no-debug/input/PrimitiveArrayRawParam.jar --class PrimitiveArrayRawParam --policy plain-jar --release 8 --format text
jdk8/no-debug/PrimitiveArrayRawParam/jarde-PrimitiveArrayRawParam-source-header	0	nonempty self-describing source
jdk8/no-debug/PrimitiveArrayRawParam/jarde-javac	0	/Library/Java/JavaVirtualMachines/corretto-1.8.0_432/Contents/Home/bin/javac -source 8 -target 8 -g:none -classpath /var/folders/gm/lzn3ylzx4lz7mx29lftngdz40000gn/T/jarde-raw-receiver-replay-90opnwww/empty-classpath -sourcepath /var/folders/gm/lzn3ylzx4lz7mx29lftngdz40000gn/T/jarde-raw-receiver-replay-90opnwww/empty-sourcepath -d /var/folders/gm/lzn3ylzx4lz7mx29lftngdz40000gn/T/jarde-raw-receiver-replay-90opnwww/jarde-classes /private/tmp/jarde-raw-receiver-marker-baseline-root-20261009/jdk8/no-debug/jarde/PrimitiveArrayRawParam.java /Users/lordcasser/workspace/projects/jarde/openspec/evidence/raw-receiver-field-selection-2026-10-09/source/ReceiverProbe.java
jdk8/no-debug/PrimitiveArrayRawParam/jarde-verify-run	0	/Library/Java/JavaVirtualMachines/corretto-1.8.0_432/Contents/Home/bin/java -Xverify:all -cp /var/folders/gm/lzn3ylzx4lz7mx29lftngdz40000gn/T/jarde-raw-receiver-replay-90opnwww/jarde-classes ReceiverProbe PrimitiveArrayRawParam
jdk8/no-debug/PrimitiveArrayRawParam/jadx	0	/Users/lordcasser/workspace/testzone/jadx/jadx-cli/build/install/jadx/bin/jadx --no-res --single-class PrimitiveArrayRawParam -d /private/tmp/jarde-raw-receiver-marker-baseline-root-20261009/jdk8/no-debug/jadx/PrimitiveArrayRawParam /Users/lordcasser/workspace/projects/jarde/openspec/evidence/raw-receiver-field-selection-2026-10-09/jdk8/no-debug/input/PrimitiveArrayRawParam.jar
jdk8/no-debug/PrimitiveArrayRawParam/jadx-source-header	0	nonempty class source
jdk8/no-debug/PrimitiveArrayRawParam/jadx-javac	0	/Library/Java/JavaVirtualMachines/corretto-1.8.0_432/Contents/Home/bin/javac -source 8 -target 8 -g:none -classpath /var/folders/gm/lzn3ylzx4lz7mx29lftngdz40000gn/T/jarde-raw-receiver-replay-90opnwww/empty-classpath -sourcepath /var/folders/gm/lzn3ylzx4lz7mx29lftngdz40000gn/T/jarde-raw-receiver-replay-90opnwww/empty-sourcepath -d /var/folders/gm/lzn3ylzx4lz7mx29lftngdz40000gn/T/jarde-raw-receiver-replay-90opnwww/jadx-classes /private/tmp/jarde-raw-receiver-marker-baseline-root-20261009/jdk8/no-debug/jadx/PrimitiveArrayRawParam/sources/defpackage/PrimitiveArrayRawParam.java /Users/lordcasser/workspace/projects/jarde/openspec/evidence/raw-receiver-field-selection-2026-10-09/source/ReceiverProbe.java
jdk8/no-debug/PrimitiveArrayRawParam/jadx-verify-run	0	/Library/Java/JavaVirtualMachines/corretto-1.8.0_432/Contents/Home/bin/java -Xverify:all -cp /var/folders/gm/lzn3ylzx4lz7mx29lftngdz40000gn/T/jarde-raw-receiver-replay-90opnwww/jadx-classes ReceiverProbe defpackage.PrimitiveArrayRawParam
jdk8/debug/BoundRawParam/jar-contents	0	/Library/Java/JavaVirtualMachines/corretto-1.8.0_432/Contents/Home/bin/jar tf /Users/lordcasser/workspace/projects/jarde/openspec/evidence/raw-receiver-field-selection-2026-10-09/jdk8/debug/input/BoundRawParam.jar
jdk8/debug/BoundRawParam/original-javac	0	/Library/Java/JavaVirtualMachines/corretto-1.8.0_432/Contents/Home/bin/javac -source 8 -target 8 -g -classpath /var/folders/gm/lzn3ylzx4lz7mx29lftngdz40000gn/T/jarde-raw-receiver-replay-rt_6gxwy/empty-classpath -sourcepath /var/folders/gm/lzn3ylzx4lz7mx29lftngdz40000gn/T/jarde-raw-receiver-replay-rt_6gxwy/empty-sourcepath -d /var/folders/gm/lzn3ylzx4lz7mx29lftngdz40000gn/T/jarde-raw-receiver-replay-rt_6gxwy/original /Users/lordcasser/workspace/projects/jarde/openspec/evidence/raw-receiver-field-selection-2026-10-09/source/BoundRawParam.java
jdk8/debug/BoundRawParam/javap	0	/Library/Java/JavaVirtualMachines/corretto-1.8.0_432/Contents/Home/bin/javap -p -c -s -v -classpath /Users/lordcasser/workspace/projects/jarde/openspec/evidence/raw-receiver-field-selection-2026-10-09/jdk8/debug/input/BoundRawParam.jar BoundRawParam
jdk8/debug/BoundRawParam/original-probe-javac	0	/Library/Java/JavaVirtualMachines/corretto-1.8.0_432/Contents/Home/bin/javac -source 8 -target 8 -g -classpath /var/folders/gm/lzn3ylzx4lz7mx29lftngdz40000gn/T/jarde-raw-receiver-replay-rt_6gxwy/empty-classpath -sourcepath /var/folders/gm/lzn3ylzx4lz7mx29lftngdz40000gn/T/jarde-raw-receiver-replay-rt_6gxwy/empty-sourcepath -d /var/folders/gm/lzn3ylzx4lz7mx29lftngdz40000gn/T/jarde-raw-receiver-replay-rt_6gxwy/original-probe /Users/lordcasser/workspace/projects/jarde/openspec/evidence/raw-receiver-field-selection-2026-10-09/source/ReceiverProbe.java
jdk8/debug/BoundRawParam/original-run	0	/Library/Java/JavaVirtualMachines/corretto-1.8.0_432/Contents/Home/bin/java -Xverify:all -cp /var/folders/gm/lzn3ylzx4lz7mx29lftngdz40000gn/T/jarde-raw-receiver-replay-rt_6gxwy/original:/var/folders/gm/lzn3ylzx4lz7mx29lftngdz40000gn/T/jarde-raw-receiver-replay-rt_6gxwy/original-probe ReceiverProbe BoundRawParam
jdk8/debug/BoundRawParam/jarde-BoundRawParam	0	/private/tmp/jarde-class-ctor-final-cli class-source --input /Users/lordcasser/workspace/projects/jarde/openspec/evidence/raw-receiver-field-selection-2026-10-09/jdk8/debug/input/BoundRawParam.jar --class BoundRawParam --policy plain-jar --release 8 --format text
jdk8/debug/BoundRawParam/jarde-BoundRawParam-source-header	0	nonempty self-describing source
jdk8/debug/BoundRawParam/jarde-javac	0	/Library/Java/JavaVirtualMachines/corretto-1.8.0_432/Contents/Home/bin/javac -source 8 -target 8 -g -classpath /var/folders/gm/lzn3ylzx4lz7mx29lftngdz40000gn/T/jarde-raw-receiver-replay-rt_6gxwy/empty-classpath -sourcepath /var/folders/gm/lzn3ylzx4lz7mx29lftngdz40000gn/T/jarde-raw-receiver-replay-rt_6gxwy/empty-sourcepath -d /var/folders/gm/lzn3ylzx4lz7mx29lftngdz40000gn/T/jarde-raw-receiver-replay-rt_6gxwy/jarde-classes /private/tmp/jarde-raw-receiver-marker-baseline-root-20261009/jdk8/debug/jarde/BoundRawParam.java /Users/lordcasser/workspace/projects/jarde/openspec/evidence/raw-receiver-field-selection-2026-10-09/source/ReceiverProbe.java
jdk8/debug/BoundRawParam/jarde-verify-run	0	/Library/Java/JavaVirtualMachines/corretto-1.8.0_432/Contents/Home/bin/java -Xverify:all -cp /var/folders/gm/lzn3ylzx4lz7mx29lftngdz40000gn/T/jarde-raw-receiver-replay-rt_6gxwy/jarde-classes ReceiverProbe BoundRawParam
jdk8/debug/BoundRawParam/jadx	0	/Users/lordcasser/workspace/testzone/jadx/jadx-cli/build/install/jadx/bin/jadx --no-res --single-class BoundRawParam -d /private/tmp/jarde-raw-receiver-marker-baseline-root-20261009/jdk8/debug/jadx/BoundRawParam /Users/lordcasser/workspace/projects/jarde/openspec/evidence/raw-receiver-field-selection-2026-10-09/jdk8/debug/input/BoundRawParam.jar
jdk8/debug/BoundRawParam/jadx-source-header	0	nonempty class source
jdk8/debug/BoundRawParam/jadx-javac	0	/Library/Java/JavaVirtualMachines/corretto-1.8.0_432/Contents/Home/bin/javac -source 8 -target 8 -g -classpath /var/folders/gm/lzn3ylzx4lz7mx29lftngdz40000gn/T/jarde-raw-receiver-replay-rt_6gxwy/empty-classpath -sourcepath /var/folders/gm/lzn3ylzx4lz7mx29lftngdz40000gn/T/jarde-raw-receiver-replay-rt_6gxwy/empty-sourcepath -d /var/folders/gm/lzn3ylzx4lz7mx29lftngdz40000gn/T/jarde-raw-receiver-replay-rt_6gxwy/jadx-classes /private/tmp/jarde-raw-receiver-marker-baseline-root-20261009/jdk8/debug/jadx/BoundRawParam/sources/defpackage/BoundRawParam.java /Users/lordcasser/workspace/projects/jarde/openspec/evidence/raw-receiver-field-selection-2026-10-09/source/ReceiverProbe.java
jdk8/debug/BoundRawParam/jadx-verify-run	0	/Library/Java/JavaVirtualMachines/corretto-1.8.0_432/Contents/Home/bin/java -Xverify:all -cp /var/folders/gm/lzn3ylzx4lz7mx29lftngdz40000gn/T/jarde-raw-receiver-replay-rt_6gxwy/jadx-classes ReceiverProbe defpackage.BoundRawParam
jdk8/no-debug/BoundRawParam/jar-contents	0	/Library/Java/JavaVirtualMachines/corretto-1.8.0_432/Contents/Home/bin/jar tf /Users/lordcasser/workspace/projects/jarde/openspec/evidence/raw-receiver-field-selection-2026-10-09/jdk8/no-debug/input/BoundRawParam.jar
jdk8/no-debug/BoundRawParam/original-javac	0	/Library/Java/JavaVirtualMachines/corretto-1.8.0_432/Contents/Home/bin/javac -source 8 -target 8 -g:none -classpath /var/folders/gm/lzn3ylzx4lz7mx29lftngdz40000gn/T/jarde-raw-receiver-replay-yedgy3hc/empty-classpath -sourcepath /var/folders/gm/lzn3ylzx4lz7mx29lftngdz40000gn/T/jarde-raw-receiver-replay-yedgy3hc/empty-sourcepath -d /var/folders/gm/lzn3ylzx4lz7mx29lftngdz40000gn/T/jarde-raw-receiver-replay-yedgy3hc/original /Users/lordcasser/workspace/projects/jarde/openspec/evidence/raw-receiver-field-selection-2026-10-09/source/BoundRawParam.java
jdk8/no-debug/BoundRawParam/javap	0	/Library/Java/JavaVirtualMachines/corretto-1.8.0_432/Contents/Home/bin/javap -p -c -s -v -classpath /Users/lordcasser/workspace/projects/jarde/openspec/evidence/raw-receiver-field-selection-2026-10-09/jdk8/no-debug/input/BoundRawParam.jar BoundRawParam
jdk8/no-debug/BoundRawParam/original-probe-javac	0	/Library/Java/JavaVirtualMachines/corretto-1.8.0_432/Contents/Home/bin/javac -source 8 -target 8 -g:none -classpath /var/folders/gm/lzn3ylzx4lz7mx29lftngdz40000gn/T/jarde-raw-receiver-replay-yedgy3hc/empty-classpath -sourcepath /var/folders/gm/lzn3ylzx4lz7mx29lftngdz40000gn/T/jarde-raw-receiver-replay-yedgy3hc/empty-sourcepath -d /var/folders/gm/lzn3ylzx4lz7mx29lftngdz40000gn/T/jarde-raw-receiver-replay-yedgy3hc/original-probe /Users/lordcasser/workspace/projects/jarde/openspec/evidence/raw-receiver-field-selection-2026-10-09/source/ReceiverProbe.java
jdk8/no-debug/BoundRawParam/original-run	0	/Library/Java/JavaVirtualMachines/corretto-1.8.0_432/Contents/Home/bin/java -Xverify:all -cp /var/folders/gm/lzn3ylzx4lz7mx29lftngdz40000gn/T/jarde-raw-receiver-replay-yedgy3hc/original:/var/folders/gm/lzn3ylzx4lz7mx29lftngdz40000gn/T/jarde-raw-receiver-replay-yedgy3hc/original-probe ReceiverProbe BoundRawParam
jdk8/no-debug/BoundRawParam/jarde-BoundRawParam	0	/private/tmp/jarde-class-ctor-final-cli class-source --input /Users/lordcasser/workspace/projects/jarde/openspec/evidence/raw-receiver-field-selection-2026-10-09/jdk8/no-debug/input/BoundRawParam.jar --class BoundRawParam --policy plain-jar --release 8 --format text
jdk8/no-debug/BoundRawParam/jarde-BoundRawParam-source-header	0	nonempty self-describing source
jdk8/no-debug/BoundRawParam/jarde-javac	0	/Library/Java/JavaVirtualMachines/corretto-1.8.0_432/Contents/Home/bin/javac -source 8 -target 8 -g:none -classpath /var/folders/gm/lzn3ylzx4lz7mx29lftngdz40000gn/T/jarde-raw-receiver-replay-yedgy3hc/empty-classpath -sourcepath /var/folders/gm/lzn3ylzx4lz7mx29lftngdz40000gn/T/jarde-raw-receiver-replay-yedgy3hc/empty-sourcepath -d /var/folders/gm/lzn3ylzx4lz7mx29lftngdz40000gn/T/jarde-raw-receiver-replay-yedgy3hc/jarde-classes /private/tmp/jarde-raw-receiver-marker-baseline-root-20261009/jdk8/no-debug/jarde/BoundRawParam.java /Users/lordcasser/workspace/projects/jarde/openspec/evidence/raw-receiver-field-selection-2026-10-09/source/ReceiverProbe.java
jdk8/no-debug/BoundRawParam/jarde-verify-run	0	/Library/Java/JavaVirtualMachines/corretto-1.8.0_432/Contents/Home/bin/java -Xverify:all -cp /var/folders/gm/lzn3ylzx4lz7mx29lftngdz40000gn/T/jarde-raw-receiver-replay-yedgy3hc/jarde-classes ReceiverProbe BoundRawParam
jdk8/no-debug/BoundRawParam/jadx	0	/Users/lordcasser/workspace/testzone/jadx/jadx-cli/build/install/jadx/bin/jadx --no-res --single-class BoundRawParam -d /private/tmp/jarde-raw-receiver-marker-baseline-root-20261009/jdk8/no-debug/jadx/BoundRawParam /Users/lordcasser/workspace/projects/jarde/openspec/evidence/raw-receiver-field-selection-2026-10-09/jdk8/no-debug/input/BoundRawParam.jar
jdk8/no-debug/BoundRawParam/jadx-source-header	0	nonempty class source
jdk8/no-debug/BoundRawParam/jadx-javac	0	/Library/Java/JavaVirtualMachines/corretto-1.8.0_432/Contents/Home/bin/javac -source 8 -target 8 -g:none -classpath /var/folders/gm/lzn3ylzx4lz7mx29lftngdz40000gn/T/jarde-raw-receiver-replay-yedgy3hc/empty-classpath -sourcepath /var/folders/gm/lzn3ylzx4lz7mx29lftngdz40000gn/T/jarde-raw-receiver-replay-yedgy3hc/empty-sourcepath -d /var/folders/gm/lzn3ylzx4lz7mx29lftngdz40000gn/T/jarde-raw-receiver-replay-yedgy3hc/jadx-classes /private/tmp/jarde-raw-receiver-marker-baseline-root-20261009/jdk8/no-debug/jadx/BoundRawParam/sources/defpackage/BoundRawParam.java /Users/lordcasser/workspace/projects/jarde/openspec/evidence/raw-receiver-field-selection-2026-10-09/source/ReceiverProbe.java
jdk8/no-debug/BoundRawParam/jadx-verify-run	0	/Library/Java/JavaVirtualMachines/corretto-1.8.0_432/Contents/Home/bin/java -Xverify:all -cp /var/folders/gm/lzn3ylzx4lz7mx29lftngdz40000gn/T/jarde-raw-receiver-replay-yedgy3hc/jadx-classes ReceiverProbe defpackage.BoundRawParam
jdk8/debug/NullRawParam/jar-contents	0	/Library/Java/JavaVirtualMachines/corretto-1.8.0_432/Contents/Home/bin/jar tf /Users/lordcasser/workspace/projects/jarde/openspec/evidence/raw-receiver-field-selection-2026-10-09/jdk8/debug/input/NullRawParam.jar
jdk8/debug/NullRawParam/original-javac	0	/Library/Java/JavaVirtualMachines/corretto-1.8.0_432/Contents/Home/bin/javac -source 8 -target 8 -g -classpath /var/folders/gm/lzn3ylzx4lz7mx29lftngdz40000gn/T/jarde-raw-receiver-replay-fi8toma6/empty-classpath -sourcepath /var/folders/gm/lzn3ylzx4lz7mx29lftngdz40000gn/T/jarde-raw-receiver-replay-fi8toma6/empty-sourcepath -d /var/folders/gm/lzn3ylzx4lz7mx29lftngdz40000gn/T/jarde-raw-receiver-replay-fi8toma6/original /Users/lordcasser/workspace/projects/jarde/openspec/evidence/raw-receiver-field-selection-2026-10-09/source/NullRawParam.java
jdk8/debug/NullRawParam/javap	0	/Library/Java/JavaVirtualMachines/corretto-1.8.0_432/Contents/Home/bin/javap -p -c -s -v -classpath /Users/lordcasser/workspace/projects/jarde/openspec/evidence/raw-receiver-field-selection-2026-10-09/jdk8/debug/input/NullRawParam.jar NullRawParam
jdk8/debug/NullRawParam/original-probe-javac	0	/Library/Java/JavaVirtualMachines/corretto-1.8.0_432/Contents/Home/bin/javac -source 8 -target 8 -g -classpath /var/folders/gm/lzn3ylzx4lz7mx29lftngdz40000gn/T/jarde-raw-receiver-replay-fi8toma6/empty-classpath -sourcepath /var/folders/gm/lzn3ylzx4lz7mx29lftngdz40000gn/T/jarde-raw-receiver-replay-fi8toma6/empty-sourcepath -d /var/folders/gm/lzn3ylzx4lz7mx29lftngdz40000gn/T/jarde-raw-receiver-replay-fi8toma6/original-probe /Users/lordcasser/workspace/projects/jarde/openspec/evidence/raw-receiver-field-selection-2026-10-09/source/ReceiverProbe.java
jdk8/debug/NullRawParam/original-run	0	/Library/Java/JavaVirtualMachines/corretto-1.8.0_432/Contents/Home/bin/java -Xverify:all -cp /var/folders/gm/lzn3ylzx4lz7mx29lftngdz40000gn/T/jarde-raw-receiver-replay-fi8toma6/original:/var/folders/gm/lzn3ylzx4lz7mx29lftngdz40000gn/T/jarde-raw-receiver-replay-fi8toma6/original-probe ReceiverProbe NullRawParam
jdk8/debug/NullRawParam/jarde-NullRawParam	0	/private/tmp/jarde-class-ctor-final-cli class-source --input /Users/lordcasser/workspace/projects/jarde/openspec/evidence/raw-receiver-field-selection-2026-10-09/jdk8/debug/input/NullRawParam.jar --class NullRawParam --policy plain-jar --release 8 --format text
jdk8/debug/NullRawParam/jarde-NullRawParam-source-header	0	nonempty self-describing source
jdk8/debug/NullRawParam/jarde-javac	0	/Library/Java/JavaVirtualMachines/corretto-1.8.0_432/Contents/Home/bin/javac -source 8 -target 8 -g -classpath /var/folders/gm/lzn3ylzx4lz7mx29lftngdz40000gn/T/jarde-raw-receiver-replay-fi8toma6/empty-classpath -sourcepath /var/folders/gm/lzn3ylzx4lz7mx29lftngdz40000gn/T/jarde-raw-receiver-replay-fi8toma6/empty-sourcepath -d /var/folders/gm/lzn3ylzx4lz7mx29lftngdz40000gn/T/jarde-raw-receiver-replay-fi8toma6/jarde-classes /private/tmp/jarde-raw-receiver-marker-baseline-root-20261009/jdk8/debug/jarde/NullRawParam.java /Users/lordcasser/workspace/projects/jarde/openspec/evidence/raw-receiver-field-selection-2026-10-09/source/ReceiverProbe.java
jdk8/debug/NullRawParam/jarde-verify-run	0	/Library/Java/JavaVirtualMachines/corretto-1.8.0_432/Contents/Home/bin/java -Xverify:all -cp /var/folders/gm/lzn3ylzx4lz7mx29lftngdz40000gn/T/jarde-raw-receiver-replay-fi8toma6/jarde-classes ReceiverProbe NullRawParam
jdk8/debug/NullRawParam/jadx	0	/Users/lordcasser/workspace/testzone/jadx/jadx-cli/build/install/jadx/bin/jadx --no-res --single-class NullRawParam -d /private/tmp/jarde-raw-receiver-marker-baseline-root-20261009/jdk8/debug/jadx/NullRawParam /Users/lordcasser/workspace/projects/jarde/openspec/evidence/raw-receiver-field-selection-2026-10-09/jdk8/debug/input/NullRawParam.jar
jdk8/debug/NullRawParam/jadx-source-header	0	nonempty class source
jdk8/debug/NullRawParam/jadx-javac	0	/Library/Java/JavaVirtualMachines/corretto-1.8.0_432/Contents/Home/bin/javac -source 8 -target 8 -g -classpath /var/folders/gm/lzn3ylzx4lz7mx29lftngdz40000gn/T/jarde-raw-receiver-replay-fi8toma6/empty-classpath -sourcepath /var/folders/gm/lzn3ylzx4lz7mx29lftngdz40000gn/T/jarde-raw-receiver-replay-fi8toma6/empty-sourcepath -d /var/folders/gm/lzn3ylzx4lz7mx29lftngdz40000gn/T/jarde-raw-receiver-replay-fi8toma6/jadx-classes /private/tmp/jarde-raw-receiver-marker-baseline-root-20261009/jdk8/debug/jadx/NullRawParam/sources/defpackage/NullRawParam.java /Users/lordcasser/workspace/projects/jarde/openspec/evidence/raw-receiver-field-selection-2026-10-09/source/ReceiverProbe.java
jdk8/debug/NullRawParam/jadx-verify-run	0	/Library/Java/JavaVirtualMachines/corretto-1.8.0_432/Contents/Home/bin/java -Xverify:all -cp /var/folders/gm/lzn3ylzx4lz7mx29lftngdz40000gn/T/jarde-raw-receiver-replay-fi8toma6/jadx-classes ReceiverProbe defpackage.NullRawParam
jdk8/no-debug/NullRawParam/jar-contents	0	/Library/Java/JavaVirtualMachines/corretto-1.8.0_432/Contents/Home/bin/jar tf /Users/lordcasser/workspace/projects/jarde/openspec/evidence/raw-receiver-field-selection-2026-10-09/jdk8/no-debug/input/NullRawParam.jar
jdk8/no-debug/NullRawParam/original-javac	0	/Library/Java/JavaVirtualMachines/corretto-1.8.0_432/Contents/Home/bin/javac -source 8 -target 8 -g:none -classpath /var/folders/gm/lzn3ylzx4lz7mx29lftngdz40000gn/T/jarde-raw-receiver-replay-_b3jc0su/empty-classpath -sourcepath /var/folders/gm/lzn3ylzx4lz7mx29lftngdz40000gn/T/jarde-raw-receiver-replay-_b3jc0su/empty-sourcepath -d /var/folders/gm/lzn3ylzx4lz7mx29lftngdz40000gn/T/jarde-raw-receiver-replay-_b3jc0su/original /Users/lordcasser/workspace/projects/jarde/openspec/evidence/raw-receiver-field-selection-2026-10-09/source/NullRawParam.java
jdk8/no-debug/NullRawParam/javap	0	/Library/Java/JavaVirtualMachines/corretto-1.8.0_432/Contents/Home/bin/javap -p -c -s -v -classpath /Users/lordcasser/workspace/projects/jarde/openspec/evidence/raw-receiver-field-selection-2026-10-09/jdk8/no-debug/input/NullRawParam.jar NullRawParam
jdk8/no-debug/NullRawParam/original-probe-javac	0	/Library/Java/JavaVirtualMachines/corretto-1.8.0_432/Contents/Home/bin/javac -source 8 -target 8 -g:none -classpath /var/folders/gm/lzn3ylzx4lz7mx29lftngdz40000gn/T/jarde-raw-receiver-replay-_b3jc0su/empty-classpath -sourcepath /var/folders/gm/lzn3ylzx4lz7mx29lftngdz40000gn/T/jarde-raw-receiver-replay-_b3jc0su/empty-sourcepath -d /var/folders/gm/lzn3ylzx4lz7mx29lftngdz40000gn/T/jarde-raw-receiver-replay-_b3jc0su/original-probe /Users/lordcasser/workspace/projects/jarde/openspec/evidence/raw-receiver-field-selection-2026-10-09/source/ReceiverProbe.java
jdk8/no-debug/NullRawParam/original-run	0	/Library/Java/JavaVirtualMachines/corretto-1.8.0_432/Contents/Home/bin/java -Xverify:all -cp /var/folders/gm/lzn3ylzx4lz7mx29lftngdz40000gn/T/jarde-raw-receiver-replay-_b3jc0su/original:/var/folders/gm/lzn3ylzx4lz7mx29lftngdz40000gn/T/jarde-raw-receiver-replay-_b3jc0su/original-probe ReceiverProbe NullRawParam
jdk8/no-debug/NullRawParam/jarde-NullRawParam	0	/private/tmp/jarde-class-ctor-final-cli class-source --input /Users/lordcasser/workspace/projects/jarde/openspec/evidence/raw-receiver-field-selection-2026-10-09/jdk8/no-debug/input/NullRawParam.jar --class NullRawParam --policy plain-jar --release 8 --format text
jdk8/no-debug/NullRawParam/jarde-NullRawParam-source-header	0	nonempty self-describing source
jdk8/no-debug/NullRawParam/jarde-javac	0	/Library/Java/JavaVirtualMachines/corretto-1.8.0_432/Contents/Home/bin/javac -source 8 -target 8 -g:none -classpath /var/folders/gm/lzn3ylzx4lz7mx29lftngdz40000gn/T/jarde-raw-receiver-replay-_b3jc0su/empty-classpath -sourcepath /var/folders/gm/lzn3ylzx4lz7mx29lftngdz40000gn/T/jarde-raw-receiver-replay-_b3jc0su/empty-sourcepath -d /var/folders/gm/lzn3ylzx4lz7mx29lftngdz40000gn/T/jarde-raw-receiver-replay-_b3jc0su/jarde-classes /private/tmp/jarde-raw-receiver-marker-baseline-root-20261009/jdk8/no-debug/jarde/NullRawParam.java /Users/lordcasser/workspace/projects/jarde/openspec/evidence/raw-receiver-field-selection-2026-10-09/source/ReceiverProbe.java
jdk8/no-debug/NullRawParam/jarde-verify-run	0	/Library/Java/JavaVirtualMachines/corretto-1.8.0_432/Contents/Home/bin/java -Xverify:all -cp /var/folders/gm/lzn3ylzx4lz7mx29lftngdz40000gn/T/jarde-raw-receiver-replay-_b3jc0su/jarde-classes ReceiverProbe NullRawParam
jdk8/no-debug/NullRawParam/jadx	0	/Users/lordcasser/workspace/testzone/jadx/jadx-cli/build/install/jadx/bin/jadx --no-res --single-class NullRawParam -d /private/tmp/jarde-raw-receiver-marker-baseline-root-20261009/jdk8/no-debug/jadx/NullRawParam /Users/lordcasser/workspace/projects/jarde/openspec/evidence/raw-receiver-field-selection-2026-10-09/jdk8/no-debug/input/NullRawParam.jar
jdk8/no-debug/NullRawParam/jadx-source-header	0	nonempty class source
jdk8/no-debug/NullRawParam/jadx-javac	0	/Library/Java/JavaVirtualMachines/corretto-1.8.0_432/Contents/Home/bin/javac -source 8 -target 8 -g:none -classpath /var/folders/gm/lzn3ylzx4lz7mx29lftngdz40000gn/T/jarde-raw-receiver-replay-_b3jc0su/empty-classpath -sourcepath /var/folders/gm/lzn3ylzx4lz7mx29lftngdz40000gn/T/jarde-raw-receiver-replay-_b3jc0su/empty-sourcepath -d /var/folders/gm/lzn3ylzx4lz7mx29lftngdz40000gn/T/jarde-raw-receiver-replay-_b3jc0su/jadx-classes /private/tmp/jarde-raw-receiver-marker-baseline-root-20261009/jdk8/no-debug/jadx/NullRawParam/sources/defpackage/NullRawParam.java /Users/lordcasser/workspace/projects/jarde/openspec/evidence/raw-receiver-field-selection-2026-10-09/source/ReceiverProbe.java
jdk8/no-debug/NullRawParam/jadx-verify-run	0	/Library/Java/JavaVirtualMachines/corretto-1.8.0_432/Contents/Home/bin/java -Xverify:all -cp /var/folders/gm/lzn3ylzx4lz7mx29lftngdz40000gn/T/jarde-raw-receiver-replay-_b3jc0su/jadx-classes ReceiverProbe defpackage.NullRawParam
jdk8/debug/RetainedAliasRawParam/jar-contents	0	/Library/Java/JavaVirtualMachines/corretto-1.8.0_432/Contents/Home/bin/jar tf /Users/lordcasser/workspace/projects/jarde/openspec/evidence/raw-receiver-field-selection-2026-10-09/jdk8/debug/input/RetainedAliasRawParam.jar
jdk8/debug/RetainedAliasRawParam/original-javac	0	/Library/Java/JavaVirtualMachines/corretto-1.8.0_432/Contents/Home/bin/javac -source 8 -target 8 -g -classpath /var/folders/gm/lzn3ylzx4lz7mx29lftngdz40000gn/T/jarde-raw-receiver-replay-_f_qfof7/empty-classpath -sourcepath /var/folders/gm/lzn3ylzx4lz7mx29lftngdz40000gn/T/jarde-raw-receiver-replay-_f_qfof7/empty-sourcepath -d /var/folders/gm/lzn3ylzx4lz7mx29lftngdz40000gn/T/jarde-raw-receiver-replay-_f_qfof7/original /Users/lordcasser/workspace/projects/jarde/openspec/evidence/raw-receiver-field-selection-2026-10-09/source/RetainedAliasRawParam.java
jdk8/debug/RetainedAliasRawParam/javap	0	/Library/Java/JavaVirtualMachines/corretto-1.8.0_432/Contents/Home/bin/javap -p -c -s -v -classpath /Users/lordcasser/workspace/projects/jarde/openspec/evidence/raw-receiver-field-selection-2026-10-09/jdk8/debug/input/RetainedAliasRawParam.jar RetainedAliasRawParam
jdk8/debug/RetainedAliasRawParam/original-probe-javac	0	/Library/Java/JavaVirtualMachines/corretto-1.8.0_432/Contents/Home/bin/javac -source 8 -target 8 -g -classpath /var/folders/gm/lzn3ylzx4lz7mx29lftngdz40000gn/T/jarde-raw-receiver-replay-_f_qfof7/empty-classpath -sourcepath /var/folders/gm/lzn3ylzx4lz7mx29lftngdz40000gn/T/jarde-raw-receiver-replay-_f_qfof7/empty-sourcepath -d /var/folders/gm/lzn3ylzx4lz7mx29lftngdz40000gn/T/jarde-raw-receiver-replay-_f_qfof7/original-probe /Users/lordcasser/workspace/projects/jarde/openspec/evidence/raw-receiver-field-selection-2026-10-09/source/ReceiverProbe.java
jdk8/debug/RetainedAliasRawParam/original-run	0	/Library/Java/JavaVirtualMachines/corretto-1.8.0_432/Contents/Home/bin/java -Xverify:all -cp /var/folders/gm/lzn3ylzx4lz7mx29lftngdz40000gn/T/jarde-raw-receiver-replay-_f_qfof7/original:/var/folders/gm/lzn3ylzx4lz7mx29lftngdz40000gn/T/jarde-raw-receiver-replay-_f_qfof7/original-probe ReceiverProbe RetainedAliasRawParam
jdk8/debug/RetainedAliasRawParam/jarde-RetainedAliasRawParam	0	/private/tmp/jarde-class-ctor-final-cli class-source --input /Users/lordcasser/workspace/projects/jarde/openspec/evidence/raw-receiver-field-selection-2026-10-09/jdk8/debug/input/RetainedAliasRawParam.jar --class RetainedAliasRawParam --policy plain-jar --release 8 --format text
jdk8/debug/RetainedAliasRawParam/jarde-RetainedAliasRawParam-source-header	0	nonempty self-describing source
jdk8/debug/RetainedAliasRawParam/jarde-javac	0	/Library/Java/JavaVirtualMachines/corretto-1.8.0_432/Contents/Home/bin/javac -source 8 -target 8 -g -classpath /var/folders/gm/lzn3ylzx4lz7mx29lftngdz40000gn/T/jarde-raw-receiver-replay-_f_qfof7/empty-classpath -sourcepath /var/folders/gm/lzn3ylzx4lz7mx29lftngdz40000gn/T/jarde-raw-receiver-replay-_f_qfof7/empty-sourcepath -d /var/folders/gm/lzn3ylzx4lz7mx29lftngdz40000gn/T/jarde-raw-receiver-replay-_f_qfof7/jarde-classes /private/tmp/jarde-raw-receiver-marker-baseline-root-20261009/jdk8/debug/jarde/RetainedAliasRawParam.java /Users/lordcasser/workspace/projects/jarde/openspec/evidence/raw-receiver-field-selection-2026-10-09/source/ReceiverProbe.java
jdk8/debug/RetainedAliasRawParam/jarde-verify-run	0	/Library/Java/JavaVirtualMachines/corretto-1.8.0_432/Contents/Home/bin/java -Xverify:all -cp /var/folders/gm/lzn3ylzx4lz7mx29lftngdz40000gn/T/jarde-raw-receiver-replay-_f_qfof7/jarde-classes ReceiverProbe RetainedAliasRawParam
jdk8/debug/RetainedAliasRawParam/jadx	0	/Users/lordcasser/workspace/testzone/jadx/jadx-cli/build/install/jadx/bin/jadx --no-res --single-class RetainedAliasRawParam -d /private/tmp/jarde-raw-receiver-marker-baseline-root-20261009/jdk8/debug/jadx/RetainedAliasRawParam /Users/lordcasser/workspace/projects/jarde/openspec/evidence/raw-receiver-field-selection-2026-10-09/jdk8/debug/input/RetainedAliasRawParam.jar
jdk8/debug/RetainedAliasRawParam/jadx-source-header	0	nonempty class source
jdk8/debug/RetainedAliasRawParam/jadx-javac	0	/Library/Java/JavaVirtualMachines/corretto-1.8.0_432/Contents/Home/bin/javac -source 8 -target 8 -g -classpath /var/folders/gm/lzn3ylzx4lz7mx29lftngdz40000gn/T/jarde-raw-receiver-replay-_f_qfof7/empty-classpath -sourcepath /var/folders/gm/lzn3ylzx4lz7mx29lftngdz40000gn/T/jarde-raw-receiver-replay-_f_qfof7/empty-sourcepath -d /var/folders/gm/lzn3ylzx4lz7mx29lftngdz40000gn/T/jarde-raw-receiver-replay-_f_qfof7/jadx-classes /private/tmp/jarde-raw-receiver-marker-baseline-root-20261009/jdk8/debug/jadx/RetainedAliasRawParam/sources/defpackage/RetainedAliasRawParam.java /Users/lordcasser/workspace/projects/jarde/openspec/evidence/raw-receiver-field-selection-2026-10-09/source/ReceiverProbe.java
jdk8/debug/RetainedAliasRawParam/jadx-verify-run	0	/Library/Java/JavaVirtualMachines/corretto-1.8.0_432/Contents/Home/bin/java -Xverify:all -cp /var/folders/gm/lzn3ylzx4lz7mx29lftngdz40000gn/T/jarde-raw-receiver-replay-_f_qfof7/jadx-classes ReceiverProbe defpackage.RetainedAliasRawParam
jdk8/no-debug/RetainedAliasRawParam/jar-contents	0	/Library/Java/JavaVirtualMachines/corretto-1.8.0_432/Contents/Home/bin/jar tf /Users/lordcasser/workspace/projects/jarde/openspec/evidence/raw-receiver-field-selection-2026-10-09/jdk8/no-debug/input/RetainedAliasRawParam.jar
jdk8/no-debug/RetainedAliasRawParam/original-javac	0	/Library/Java/JavaVirtualMachines/corretto-1.8.0_432/Contents/Home/bin/javac -source 8 -target 8 -g:none -classpath /var/folders/gm/lzn3ylzx4lz7mx29lftngdz40000gn/T/jarde-raw-receiver-replay-ggp0yav1/empty-classpath -sourcepath /var/folders/gm/lzn3ylzx4lz7mx29lftngdz40000gn/T/jarde-raw-receiver-replay-ggp0yav1/empty-sourcepath -d /var/folders/gm/lzn3ylzx4lz7mx29lftngdz40000gn/T/jarde-raw-receiver-replay-ggp0yav1/original /Users/lordcasser/workspace/projects/jarde/openspec/evidence/raw-receiver-field-selection-2026-10-09/source/RetainedAliasRawParam.java
jdk8/no-debug/RetainedAliasRawParam/javap	0	/Library/Java/JavaVirtualMachines/corretto-1.8.0_432/Contents/Home/bin/javap -p -c -s -v -classpath /Users/lordcasser/workspace/projects/jarde/openspec/evidence/raw-receiver-field-selection-2026-10-09/jdk8/no-debug/input/RetainedAliasRawParam.jar RetainedAliasRawParam
jdk8/no-debug/RetainedAliasRawParam/original-probe-javac	0	/Library/Java/JavaVirtualMachines/corretto-1.8.0_432/Contents/Home/bin/javac -source 8 -target 8 -g:none -classpath /var/folders/gm/lzn3ylzx4lz7mx29lftngdz40000gn/T/jarde-raw-receiver-replay-ggp0yav1/empty-classpath -sourcepath /var/folders/gm/lzn3ylzx4lz7mx29lftngdz40000gn/T/jarde-raw-receiver-replay-ggp0yav1/empty-sourcepath -d /var/folders/gm/lzn3ylzx4lz7mx29lftngdz40000gn/T/jarde-raw-receiver-replay-ggp0yav1/original-probe /Users/lordcasser/workspace/projects/jarde/openspec/evidence/raw-receiver-field-selection-2026-10-09/source/ReceiverProbe.java
jdk8/no-debug/RetainedAliasRawParam/original-run	0	/Library/Java/JavaVirtualMachines/corretto-1.8.0_432/Contents/Home/bin/java -Xverify:all -cp /var/folders/gm/lzn3ylzx4lz7mx29lftngdz40000gn/T/jarde-raw-receiver-replay-ggp0yav1/original:/var/folders/gm/lzn3ylzx4lz7mx29lftngdz40000gn/T/jarde-raw-receiver-replay-ggp0yav1/original-probe ReceiverProbe RetainedAliasRawParam
jdk8/no-debug/RetainedAliasRawParam/jarde-RetainedAliasRawParam	0	/private/tmp/jarde-class-ctor-final-cli class-source --input /Users/lordcasser/workspace/projects/jarde/openspec/evidence/raw-receiver-field-selection-2026-10-09/jdk8/no-debug/input/RetainedAliasRawParam.jar --class RetainedAliasRawParam --policy plain-jar --release 8 --format text
jdk8/no-debug/RetainedAliasRawParam/jarde-RetainedAliasRawParam-source-header	0	nonempty self-describing source
jdk8/no-debug/RetainedAliasRawParam/jarde-javac	0	/Library/Java/JavaVirtualMachines/corretto-1.8.0_432/Contents/Home/bin/javac -source 8 -target 8 -g:none -classpath /var/folders/gm/lzn3ylzx4lz7mx29lftngdz40000gn/T/jarde-raw-receiver-replay-ggp0yav1/empty-classpath -sourcepath /var/folders/gm/lzn3ylzx4lz7mx29lftngdz40000gn/T/jarde-raw-receiver-replay-ggp0yav1/empty-sourcepath -d /var/folders/gm/lzn3ylzx4lz7mx29lftngdz40000gn/T/jarde-raw-receiver-replay-ggp0yav1/jarde-classes /private/tmp/jarde-raw-receiver-marker-baseline-root-20261009/jdk8/no-debug/jarde/RetainedAliasRawParam.java /Users/lordcasser/workspace/projects/jarde/openspec/evidence/raw-receiver-field-selection-2026-10-09/source/ReceiverProbe.java
jdk8/no-debug/RetainedAliasRawParam/jarde-verify-run	0	/Library/Java/JavaVirtualMachines/corretto-1.8.0_432/Contents/Home/bin/java -Xverify:all -cp /var/folders/gm/lzn3ylzx4lz7mx29lftngdz40000gn/T/jarde-raw-receiver-replay-ggp0yav1/jarde-classes ReceiverProbe RetainedAliasRawParam
jdk8/no-debug/RetainedAliasRawParam/jadx	0	/Users/lordcasser/workspace/testzone/jadx/jadx-cli/build/install/jadx/bin/jadx --no-res --single-class RetainedAliasRawParam -d /private/tmp/jarde-raw-receiver-marker-baseline-root-20261009/jdk8/no-debug/jadx/RetainedAliasRawParam /Users/lordcasser/workspace/projects/jarde/openspec/evidence/raw-receiver-field-selection-2026-10-09/jdk8/no-debug/input/RetainedAliasRawParam.jar
jdk8/no-debug/RetainedAliasRawParam/jadx-source-header	0	nonempty class source
jdk8/no-debug/RetainedAliasRawParam/jadx-javac	0	/Library/Java/JavaVirtualMachines/corretto-1.8.0_432/Contents/Home/bin/javac -source 8 -target 8 -g:none -classpath /var/folders/gm/lzn3ylzx4lz7mx29lftngdz40000gn/T/jarde-raw-receiver-replay-ggp0yav1/empty-classpath -sourcepath /var/folders/gm/lzn3ylzx4lz7mx29lftngdz40000gn/T/jarde-raw-receiver-replay-ggp0yav1/empty-sourcepath -d /var/folders/gm/lzn3ylzx4lz7mx29lftngdz40000gn/T/jarde-raw-receiver-replay-ggp0yav1/jadx-classes /private/tmp/jarde-raw-receiver-marker-baseline-root-20261009/jdk8/no-debug/jadx/RetainedAliasRawParam/sources/defpackage/RetainedAliasRawParam.java /Users/lordcasser/workspace/projects/jarde/openspec/evidence/raw-receiver-field-selection-2026-10-09/source/ReceiverProbe.java
jdk8/no-debug/RetainedAliasRawParam/jadx-verify-run	0	/Library/Java/JavaVirtualMachines/corretto-1.8.0_432/Contents/Home/bin/java -Xverify:all -cp /var/folders/gm/lzn3ylzx4lz7mx29lftngdz40000gn/T/jarde-raw-receiver-replay-ggp0yav1/jadx-classes ReceiverProbe defpackage.RetainedAliasRawParam
jdk8/debug/MultiFormalRawParam/jar-contents	0	/Library/Java/JavaVirtualMachines/corretto-1.8.0_432/Contents/Home/bin/jar tf /Users/lordcasser/workspace/projects/jarde/openspec/evidence/raw-receiver-field-selection-2026-10-09/jdk8/debug/input/MultiFormalRawParam.jar
jdk8/debug/MultiFormalRawParam/original-javac	0	/Library/Java/JavaVirtualMachines/corretto-1.8.0_432/Contents/Home/bin/javac -source 8 -target 8 -g -classpath /var/folders/gm/lzn3ylzx4lz7mx29lftngdz40000gn/T/jarde-raw-receiver-replay-mio8ejkb/empty-classpath -sourcepath /var/folders/gm/lzn3ylzx4lz7mx29lftngdz40000gn/T/jarde-raw-receiver-replay-mio8ejkb/empty-sourcepath -d /var/folders/gm/lzn3ylzx4lz7mx29lftngdz40000gn/T/jarde-raw-receiver-replay-mio8ejkb/original /Users/lordcasser/workspace/projects/jarde/openspec/evidence/raw-receiver-field-selection-2026-10-09/source/MultiFormalRawParam.java
jdk8/debug/MultiFormalRawParam/javap	0	/Library/Java/JavaVirtualMachines/corretto-1.8.0_432/Contents/Home/bin/javap -p -c -s -v -classpath /Users/lordcasser/workspace/projects/jarde/openspec/evidence/raw-receiver-field-selection-2026-10-09/jdk8/debug/input/MultiFormalRawParam.jar MultiFormalRawParam
jdk8/debug/MultiFormalRawParam/original-probe-javac	0	/Library/Java/JavaVirtualMachines/corretto-1.8.0_432/Contents/Home/bin/javac -source 8 -target 8 -g -classpath /var/folders/gm/lzn3ylzx4lz7mx29lftngdz40000gn/T/jarde-raw-receiver-replay-mio8ejkb/empty-classpath -sourcepath /var/folders/gm/lzn3ylzx4lz7mx29lftngdz40000gn/T/jarde-raw-receiver-replay-mio8ejkb/empty-sourcepath -d /var/folders/gm/lzn3ylzx4lz7mx29lftngdz40000gn/T/jarde-raw-receiver-replay-mio8ejkb/original-probe /Users/lordcasser/workspace/projects/jarde/openspec/evidence/raw-receiver-field-selection-2026-10-09/source/ReceiverProbe.java
jdk8/debug/MultiFormalRawParam/original-run	0	/Library/Java/JavaVirtualMachines/corretto-1.8.0_432/Contents/Home/bin/java -Xverify:all -cp /var/folders/gm/lzn3ylzx4lz7mx29lftngdz40000gn/T/jarde-raw-receiver-replay-mio8ejkb/original:/var/folders/gm/lzn3ylzx4lz7mx29lftngdz40000gn/T/jarde-raw-receiver-replay-mio8ejkb/original-probe ReceiverProbe MultiFormalRawParam
jdk8/debug/MultiFormalRawParam/jarde-MultiFormalRawParam	0	/private/tmp/jarde-class-ctor-final-cli class-source --input /Users/lordcasser/workspace/projects/jarde/openspec/evidence/raw-receiver-field-selection-2026-10-09/jdk8/debug/input/MultiFormalRawParam.jar --class MultiFormalRawParam --policy plain-jar --release 8 --format text
jdk8/debug/MultiFormalRawParam/jarde-MultiFormalRawParam-source-header	0	nonempty self-describing source
jdk8/debug/MultiFormalRawParam/jarde-javac	0	/Library/Java/JavaVirtualMachines/corretto-1.8.0_432/Contents/Home/bin/javac -source 8 -target 8 -g -classpath /var/folders/gm/lzn3ylzx4lz7mx29lftngdz40000gn/T/jarde-raw-receiver-replay-mio8ejkb/empty-classpath -sourcepath /var/folders/gm/lzn3ylzx4lz7mx29lftngdz40000gn/T/jarde-raw-receiver-replay-mio8ejkb/empty-sourcepath -d /var/folders/gm/lzn3ylzx4lz7mx29lftngdz40000gn/T/jarde-raw-receiver-replay-mio8ejkb/jarde-classes /private/tmp/jarde-raw-receiver-marker-baseline-root-20261009/jdk8/debug/jarde/MultiFormalRawParam.java /Users/lordcasser/workspace/projects/jarde/openspec/evidence/raw-receiver-field-selection-2026-10-09/source/ReceiverProbe.java
jdk8/debug/MultiFormalRawParam/jarde-verify-run	0	/Library/Java/JavaVirtualMachines/corretto-1.8.0_432/Contents/Home/bin/java -Xverify:all -cp /var/folders/gm/lzn3ylzx4lz7mx29lftngdz40000gn/T/jarde-raw-receiver-replay-mio8ejkb/jarde-classes ReceiverProbe MultiFormalRawParam
jdk8/debug/MultiFormalRawParam/jadx	0	/Users/lordcasser/workspace/testzone/jadx/jadx-cli/build/install/jadx/bin/jadx --no-res --single-class MultiFormalRawParam -d /private/tmp/jarde-raw-receiver-marker-baseline-root-20261009/jdk8/debug/jadx/MultiFormalRawParam /Users/lordcasser/workspace/projects/jarde/openspec/evidence/raw-receiver-field-selection-2026-10-09/jdk8/debug/input/MultiFormalRawParam.jar
jdk8/debug/MultiFormalRawParam/jadx-source-header	0	nonempty class source
jdk8/debug/MultiFormalRawParam/jadx-javac	0	/Library/Java/JavaVirtualMachines/corretto-1.8.0_432/Contents/Home/bin/javac -source 8 -target 8 -g -classpath /var/folders/gm/lzn3ylzx4lz7mx29lftngdz40000gn/T/jarde-raw-receiver-replay-mio8ejkb/empty-classpath -sourcepath /var/folders/gm/lzn3ylzx4lz7mx29lftngdz40000gn/T/jarde-raw-receiver-replay-mio8ejkb/empty-sourcepath -d /var/folders/gm/lzn3ylzx4lz7mx29lftngdz40000gn/T/jarde-raw-receiver-replay-mio8ejkb/jadx-classes /private/tmp/jarde-raw-receiver-marker-baseline-root-20261009/jdk8/debug/jadx/MultiFormalRawParam/sources/defpackage/MultiFormalRawParam.java /Users/lordcasser/workspace/projects/jarde/openspec/evidence/raw-receiver-field-selection-2026-10-09/source/ReceiverProbe.java
jdk8/debug/MultiFormalRawParam/jadx-verify-run	0	/Library/Java/JavaVirtualMachines/corretto-1.8.0_432/Contents/Home/bin/java -Xverify:all -cp /var/folders/gm/lzn3ylzx4lz7mx29lftngdz40000gn/T/jarde-raw-receiver-replay-mio8ejkb/jadx-classes ReceiverProbe defpackage.MultiFormalRawParam
jdk8/no-debug/MultiFormalRawParam/jar-contents	0	/Library/Java/JavaVirtualMachines/corretto-1.8.0_432/Contents/Home/bin/jar tf /Users/lordcasser/workspace/projects/jarde/openspec/evidence/raw-receiver-field-selection-2026-10-09/jdk8/no-debug/input/MultiFormalRawParam.jar
jdk8/no-debug/MultiFormalRawParam/original-javac	0	/Library/Java/JavaVirtualMachines/corretto-1.8.0_432/Contents/Home/bin/javac -source 8 -target 8 -g:none -classpath /var/folders/gm/lzn3ylzx4lz7mx29lftngdz40000gn/T/jarde-raw-receiver-replay-4mb48ebt/empty-classpath -sourcepath /var/folders/gm/lzn3ylzx4lz7mx29lftngdz40000gn/T/jarde-raw-receiver-replay-4mb48ebt/empty-sourcepath -d /var/folders/gm/lzn3ylzx4lz7mx29lftngdz40000gn/T/jarde-raw-receiver-replay-4mb48ebt/original /Users/lordcasser/workspace/projects/jarde/openspec/evidence/raw-receiver-field-selection-2026-10-09/source/MultiFormalRawParam.java
jdk8/no-debug/MultiFormalRawParam/javap	0	/Library/Java/JavaVirtualMachines/corretto-1.8.0_432/Contents/Home/bin/javap -p -c -s -v -classpath /Users/lordcasser/workspace/projects/jarde/openspec/evidence/raw-receiver-field-selection-2026-10-09/jdk8/no-debug/input/MultiFormalRawParam.jar MultiFormalRawParam
jdk8/no-debug/MultiFormalRawParam/original-probe-javac	0	/Library/Java/JavaVirtualMachines/corretto-1.8.0_432/Contents/Home/bin/javac -source 8 -target 8 -g:none -classpath /var/folders/gm/lzn3ylzx4lz7mx29lftngdz40000gn/T/jarde-raw-receiver-replay-4mb48ebt/empty-classpath -sourcepath /var/folders/gm/lzn3ylzx4lz7mx29lftngdz40000gn/T/jarde-raw-receiver-replay-4mb48ebt/empty-sourcepath -d /var/folders/gm/lzn3ylzx4lz7mx29lftngdz40000gn/T/jarde-raw-receiver-replay-4mb48ebt/original-probe /Users/lordcasser/workspace/projects/jarde/openspec/evidence/raw-receiver-field-selection-2026-10-09/source/ReceiverProbe.java
jdk8/no-debug/MultiFormalRawParam/original-run	0	/Library/Java/JavaVirtualMachines/corretto-1.8.0_432/Contents/Home/bin/java -Xverify:all -cp /var/folders/gm/lzn3ylzx4lz7mx29lftngdz40000gn/T/jarde-raw-receiver-replay-4mb48ebt/original:/var/folders/gm/lzn3ylzx4lz7mx29lftngdz40000gn/T/jarde-raw-receiver-replay-4mb48ebt/original-probe ReceiverProbe MultiFormalRawParam
jdk8/no-debug/MultiFormalRawParam/jarde-MultiFormalRawParam	0	/private/tmp/jarde-class-ctor-final-cli class-source --input /Users/lordcasser/workspace/projects/jarde/openspec/evidence/raw-receiver-field-selection-2026-10-09/jdk8/no-debug/input/MultiFormalRawParam.jar --class MultiFormalRawParam --policy plain-jar --release 8 --format text
jdk8/no-debug/MultiFormalRawParam/jarde-MultiFormalRawParam-source-header	0	nonempty self-describing source
jdk8/no-debug/MultiFormalRawParam/jarde-javac	0	/Library/Java/JavaVirtualMachines/corretto-1.8.0_432/Contents/Home/bin/javac -source 8 -target 8 -g:none -classpath /var/folders/gm/lzn3ylzx4lz7mx29lftngdz40000gn/T/jarde-raw-receiver-replay-4mb48ebt/empty-classpath -sourcepath /var/folders/gm/lzn3ylzx4lz7mx29lftngdz40000gn/T/jarde-raw-receiver-replay-4mb48ebt/empty-sourcepath -d /var/folders/gm/lzn3ylzx4lz7mx29lftngdz40000gn/T/jarde-raw-receiver-replay-4mb48ebt/jarde-classes /private/tmp/jarde-raw-receiver-marker-baseline-root-20261009/jdk8/no-debug/jarde/MultiFormalRawParam.java /Users/lordcasser/workspace/projects/jarde/openspec/evidence/raw-receiver-field-selection-2026-10-09/source/ReceiverProbe.java
jdk8/no-debug/MultiFormalRawParam/jarde-verify-run	0	/Library/Java/JavaVirtualMachines/corretto-1.8.0_432/Contents/Home/bin/java -Xverify:all -cp /var/folders/gm/lzn3ylzx4lz7mx29lftngdz40000gn/T/jarde-raw-receiver-replay-4mb48ebt/jarde-classes ReceiverProbe MultiFormalRawParam
jdk8/no-debug/MultiFormalRawParam/jadx	0	/Users/lordcasser/workspace/testzone/jadx/jadx-cli/build/install/jadx/bin/jadx --no-res --single-class MultiFormalRawParam -d /private/tmp/jarde-raw-receiver-marker-baseline-root-20261009/jdk8/no-debug/jadx/MultiFormalRawParam /Users/lordcasser/workspace/projects/jarde/openspec/evidence/raw-receiver-field-selection-2026-10-09/jdk8/no-debug/input/MultiFormalRawParam.jar
jdk8/no-debug/MultiFormalRawParam/jadx-source-header	0	nonempty class source
jdk8/no-debug/MultiFormalRawParam/jadx-javac	0	/Library/Java/JavaVirtualMachines/corretto-1.8.0_432/Contents/Home/bin/javac -source 8 -target 8 -g:none -classpath /var/folders/gm/lzn3ylzx4lz7mx29lftngdz40000gn/T/jarde-raw-receiver-replay-4mb48ebt/empty-classpath -sourcepath /var/folders/gm/lzn3ylzx4lz7mx29lftngdz40000gn/T/jarde-raw-receiver-replay-4mb48ebt/empty-sourcepath -d /var/folders/gm/lzn3ylzx4lz7mx29lftngdz40000gn/T/jarde-raw-receiver-replay-4mb48ebt/jadx-classes /private/tmp/jarde-raw-receiver-marker-baseline-root-20261009/jdk8/no-debug/jadx/MultiFormalRawParam/sources/defpackage/MultiFormalRawParam.java /Users/lordcasser/workspace/projects/jarde/openspec/evidence/raw-receiver-field-selection-2026-10-09/source/ReceiverProbe.java
jdk8/no-debug/MultiFormalRawParam/jadx-verify-run	0	/Library/Java/JavaVirtualMachines/corretto-1.8.0_432/Contents/Home/bin/java -Xverify:all -cp /var/folders/gm/lzn3ylzx4lz7mx29lftngdz40000gn/T/jarde-raw-receiver-replay-4mb48ebt/jadx-classes ReceiverProbe defpackage.MultiFormalRawParam
jdk8/debug/RawOwnerChild/jar-contents	0	/Library/Java/JavaVirtualMachines/corretto-1.8.0_432/Contents/Home/bin/jar tf /Users/lordcasser/workspace/projects/jarde/openspec/evidence/raw-receiver-field-selection-2026-10-09/jdk8/debug/input/RawOwnerChild.jar
jdk8/debug/RawOwnerChild/original-javac	0	/Library/Java/JavaVirtualMachines/corretto-1.8.0_432/Contents/Home/bin/javac -source 8 -target 8 -g -classpath /var/folders/gm/lzn3ylzx4lz7mx29lftngdz40000gn/T/jarde-raw-receiver-replay-wwuv6bmk/empty-classpath -sourcepath /var/folders/gm/lzn3ylzx4lz7mx29lftngdz40000gn/T/jarde-raw-receiver-replay-wwuv6bmk/empty-sourcepath -d /var/folders/gm/lzn3ylzx4lz7mx29lftngdz40000gn/T/jarde-raw-receiver-replay-wwuv6bmk/original /Users/lordcasser/workspace/projects/jarde/openspec/evidence/raw-receiver-field-selection-2026-10-09/source/RawOwnerChild.java /Users/lordcasser/workspace/projects/jarde/openspec/evidence/raw-receiver-field-selection-2026-10-09/source/RawOwnerBase.java
jdk8/debug/RawOwnerChild/javap	0	/Library/Java/JavaVirtualMachines/corretto-1.8.0_432/Contents/Home/bin/javap -p -c -s -v -classpath /Users/lordcasser/workspace/projects/jarde/openspec/evidence/raw-receiver-field-selection-2026-10-09/jdk8/debug/input/RawOwnerChild.jar RawOwnerChild
jdk8/debug/RawOwnerChild/original-probe-javac	0	/Library/Java/JavaVirtualMachines/corretto-1.8.0_432/Contents/Home/bin/javac -source 8 -target 8 -g -classpath /var/folders/gm/lzn3ylzx4lz7mx29lftngdz40000gn/T/jarde-raw-receiver-replay-wwuv6bmk/empty-classpath -sourcepath /var/folders/gm/lzn3ylzx4lz7mx29lftngdz40000gn/T/jarde-raw-receiver-replay-wwuv6bmk/empty-sourcepath -d /var/folders/gm/lzn3ylzx4lz7mx29lftngdz40000gn/T/jarde-raw-receiver-replay-wwuv6bmk/original-probe /Users/lordcasser/workspace/projects/jarde/openspec/evidence/raw-receiver-field-selection-2026-10-09/source/ReceiverProbe.java
jdk8/debug/RawOwnerChild/original-run	0	/Library/Java/JavaVirtualMachines/corretto-1.8.0_432/Contents/Home/bin/java -Xverify:all -cp /var/folders/gm/lzn3ylzx4lz7mx29lftngdz40000gn/T/jarde-raw-receiver-replay-wwuv6bmk/original:/var/folders/gm/lzn3ylzx4lz7mx29lftngdz40000gn/T/jarde-raw-receiver-replay-wwuv6bmk/original-probe ReceiverProbe RawOwnerChild
jdk8/debug/RawOwnerChild/jarde-RawOwnerChild	0	/private/tmp/jarde-class-ctor-final-cli class-source --input /Users/lordcasser/workspace/projects/jarde/openspec/evidence/raw-receiver-field-selection-2026-10-09/jdk8/debug/input/RawOwnerChild.jar --class RawOwnerChild --policy plain-jar --release 8 --format text
jdk8/debug/RawOwnerChild/jarde-RawOwnerChild-source-header	0	nonempty self-describing source
jdk8/debug/RawOwnerChild/jarde-RawOwnerBase	0	/private/tmp/jarde-class-ctor-final-cli class-source --input /Users/lordcasser/workspace/projects/jarde/openspec/evidence/raw-receiver-field-selection-2026-10-09/jdk8/debug/input/RawOwnerChild.jar --class RawOwnerBase --policy plain-jar --release 8 --format text
jdk8/debug/RawOwnerChild/jarde-RawOwnerBase-source-header	0	nonempty self-describing source
jdk8/debug/RawOwnerChild/jarde-javac	0	/Library/Java/JavaVirtualMachines/corretto-1.8.0_432/Contents/Home/bin/javac -source 8 -target 8 -g -classpath /var/folders/gm/lzn3ylzx4lz7mx29lftngdz40000gn/T/jarde-raw-receiver-replay-wwuv6bmk/empty-classpath -sourcepath /var/folders/gm/lzn3ylzx4lz7mx29lftngdz40000gn/T/jarde-raw-receiver-replay-wwuv6bmk/empty-sourcepath -d /var/folders/gm/lzn3ylzx4lz7mx29lftngdz40000gn/T/jarde-raw-receiver-replay-wwuv6bmk/jarde-classes /private/tmp/jarde-raw-receiver-marker-baseline-root-20261009/jdk8/debug/jarde/RawOwnerChild.java /private/tmp/jarde-raw-receiver-marker-baseline-root-20261009/jdk8/debug/jarde/RawOwnerBase.java /Users/lordcasser/workspace/projects/jarde/openspec/evidence/raw-receiver-field-selection-2026-10-09/source/ReceiverProbe.java
jdk8/debug/RawOwnerChild/jarde-verify-run	0	/Library/Java/JavaVirtualMachines/corretto-1.8.0_432/Contents/Home/bin/java -Xverify:all -cp /var/folders/gm/lzn3ylzx4lz7mx29lftngdz40000gn/T/jarde-raw-receiver-replay-wwuv6bmk/jarde-classes ReceiverProbe RawOwnerChild
jdk8/debug/RawOwnerChild/jadx	0	/Users/lordcasser/workspace/testzone/jadx/jadx-cli/build/install/jadx/bin/jadx --no-res -d /private/tmp/jarde-raw-receiver-marker-baseline-root-20261009/jdk8/debug/jadx/RawOwnerChild /Users/lordcasser/workspace/projects/jarde/openspec/evidence/raw-receiver-field-selection-2026-10-09/jdk8/debug/input/RawOwnerChild.jar
jdk8/debug/RawOwnerChild/jadx-source-header	0	nonempty class source
jdk8/debug/RawOwnerChild/jadx-javac	0	/Library/Java/JavaVirtualMachines/corretto-1.8.0_432/Contents/Home/bin/javac -source 8 -target 8 -g -classpath /var/folders/gm/lzn3ylzx4lz7mx29lftngdz40000gn/T/jarde-raw-receiver-replay-wwuv6bmk/empty-classpath -sourcepath /var/folders/gm/lzn3ylzx4lz7mx29lftngdz40000gn/T/jarde-raw-receiver-replay-wwuv6bmk/empty-sourcepath -d /var/folders/gm/lzn3ylzx4lz7mx29lftngdz40000gn/T/jarde-raw-receiver-replay-wwuv6bmk/jadx-classes /private/tmp/jarde-raw-receiver-marker-baseline-root-20261009/jdk8/debug/jadx/RawOwnerChild/sources/defpackage/RawOwnerBase.java /private/tmp/jarde-raw-receiver-marker-baseline-root-20261009/jdk8/debug/jadx/RawOwnerChild/sources/defpackage/RawOwnerChild.java /Users/lordcasser/workspace/projects/jarde/openspec/evidence/raw-receiver-field-selection-2026-10-09/source/ReceiverProbe.java
jdk8/debug/RawOwnerChild/jadx-verify-run	0	/Library/Java/JavaVirtualMachines/corretto-1.8.0_432/Contents/Home/bin/java -Xverify:all -cp /var/folders/gm/lzn3ylzx4lz7mx29lftngdz40000gn/T/jarde-raw-receiver-replay-wwuv6bmk/jadx-classes ReceiverProbe defpackage.RawOwnerChild
jdk8/no-debug/RawOwnerChild/jar-contents	0	/Library/Java/JavaVirtualMachines/corretto-1.8.0_432/Contents/Home/bin/jar tf /Users/lordcasser/workspace/projects/jarde/openspec/evidence/raw-receiver-field-selection-2026-10-09/jdk8/no-debug/input/RawOwnerChild.jar
jdk8/no-debug/RawOwnerChild/original-javac	0	/Library/Java/JavaVirtualMachines/corretto-1.8.0_432/Contents/Home/bin/javac -source 8 -target 8 -g:none -classpath /var/folders/gm/lzn3ylzx4lz7mx29lftngdz40000gn/T/jarde-raw-receiver-replay-doa_hf7n/empty-classpath -sourcepath /var/folders/gm/lzn3ylzx4lz7mx29lftngdz40000gn/T/jarde-raw-receiver-replay-doa_hf7n/empty-sourcepath -d /var/folders/gm/lzn3ylzx4lz7mx29lftngdz40000gn/T/jarde-raw-receiver-replay-doa_hf7n/original /Users/lordcasser/workspace/projects/jarde/openspec/evidence/raw-receiver-field-selection-2026-10-09/source/RawOwnerChild.java /Users/lordcasser/workspace/projects/jarde/openspec/evidence/raw-receiver-field-selection-2026-10-09/source/RawOwnerBase.java
jdk8/no-debug/RawOwnerChild/javap	0	/Library/Java/JavaVirtualMachines/corretto-1.8.0_432/Contents/Home/bin/javap -p -c -s -v -classpath /Users/lordcasser/workspace/projects/jarde/openspec/evidence/raw-receiver-field-selection-2026-10-09/jdk8/no-debug/input/RawOwnerChild.jar RawOwnerChild
jdk8/no-debug/RawOwnerChild/original-probe-javac	0	/Library/Java/JavaVirtualMachines/corretto-1.8.0_432/Contents/Home/bin/javac -source 8 -target 8 -g:none -classpath /var/folders/gm/lzn3ylzx4lz7mx29lftngdz40000gn/T/jarde-raw-receiver-replay-doa_hf7n/empty-classpath -sourcepath /var/folders/gm/lzn3ylzx4lz7mx29lftngdz40000gn/T/jarde-raw-receiver-replay-doa_hf7n/empty-sourcepath -d /var/folders/gm/lzn3ylzx4lz7mx29lftngdz40000gn/T/jarde-raw-receiver-replay-doa_hf7n/original-probe /Users/lordcasser/workspace/projects/jarde/openspec/evidence/raw-receiver-field-selection-2026-10-09/source/ReceiverProbe.java
jdk8/no-debug/RawOwnerChild/original-run	0	/Library/Java/JavaVirtualMachines/corretto-1.8.0_432/Contents/Home/bin/java -Xverify:all -cp /var/folders/gm/lzn3ylzx4lz7mx29lftngdz40000gn/T/jarde-raw-receiver-replay-doa_hf7n/original:/var/folders/gm/lzn3ylzx4lz7mx29lftngdz40000gn/T/jarde-raw-receiver-replay-doa_hf7n/original-probe ReceiverProbe RawOwnerChild
jdk8/no-debug/RawOwnerChild/jarde-RawOwnerChild	0	/private/tmp/jarde-class-ctor-final-cli class-source --input /Users/lordcasser/workspace/projects/jarde/openspec/evidence/raw-receiver-field-selection-2026-10-09/jdk8/no-debug/input/RawOwnerChild.jar --class RawOwnerChild --policy plain-jar --release 8 --format text
jdk8/no-debug/RawOwnerChild/jarde-RawOwnerChild-source-header	0	nonempty self-describing source
jdk8/no-debug/RawOwnerChild/jarde-RawOwnerBase	0	/private/tmp/jarde-class-ctor-final-cli class-source --input /Users/lordcasser/workspace/projects/jarde/openspec/evidence/raw-receiver-field-selection-2026-10-09/jdk8/no-debug/input/RawOwnerChild.jar --class RawOwnerBase --policy plain-jar --release 8 --format text
jdk8/no-debug/RawOwnerChild/jarde-RawOwnerBase-source-header	0	nonempty self-describing source
jdk8/no-debug/RawOwnerChild/jarde-javac	0	/Library/Java/JavaVirtualMachines/corretto-1.8.0_432/Contents/Home/bin/javac -source 8 -target 8 -g:none -classpath /var/folders/gm/lzn3ylzx4lz7mx29lftngdz40000gn/T/jarde-raw-receiver-replay-doa_hf7n/empty-classpath -sourcepath /var/folders/gm/lzn3ylzx4lz7mx29lftngdz40000gn/T/jarde-raw-receiver-replay-doa_hf7n/empty-sourcepath -d /var/folders/gm/lzn3ylzx4lz7mx29lftngdz40000gn/T/jarde-raw-receiver-replay-doa_hf7n/jarde-classes /private/tmp/jarde-raw-receiver-marker-baseline-root-20261009/jdk8/no-debug/jarde/RawOwnerChild.java /private/tmp/jarde-raw-receiver-marker-baseline-root-20261009/jdk8/no-debug/jarde/RawOwnerBase.java /Users/lordcasser/workspace/projects/jarde/openspec/evidence/raw-receiver-field-selection-2026-10-09/source/ReceiverProbe.java
jdk8/no-debug/RawOwnerChild/jarde-verify-run	0	/Library/Java/JavaVirtualMachines/corretto-1.8.0_432/Contents/Home/bin/java -Xverify:all -cp /var/folders/gm/lzn3ylzx4lz7mx29lftngdz40000gn/T/jarde-raw-receiver-replay-doa_hf7n/jarde-classes ReceiverProbe RawOwnerChild
jdk8/no-debug/RawOwnerChild/jadx	0	/Users/lordcasser/workspace/testzone/jadx/jadx-cli/build/install/jadx/bin/jadx --no-res -d /private/tmp/jarde-raw-receiver-marker-baseline-root-20261009/jdk8/no-debug/jadx/RawOwnerChild /Users/lordcasser/workspace/projects/jarde/openspec/evidence/raw-receiver-field-selection-2026-10-09/jdk8/no-debug/input/RawOwnerChild.jar
jdk8/no-debug/RawOwnerChild/jadx-source-header	0	nonempty class source
jdk8/no-debug/RawOwnerChild/jadx-javac	0	/Library/Java/JavaVirtualMachines/corretto-1.8.0_432/Contents/Home/bin/javac -source 8 -target 8 -g:none -classpath /var/folders/gm/lzn3ylzx4lz7mx29lftngdz40000gn/T/jarde-raw-receiver-replay-doa_hf7n/empty-classpath -sourcepath /var/folders/gm/lzn3ylzx4lz7mx29lftngdz40000gn/T/jarde-raw-receiver-replay-doa_hf7n/empty-sourcepath -d /var/folders/gm/lzn3ylzx4lz7mx29lftngdz40000gn/T/jarde-raw-receiver-replay-doa_hf7n/jadx-classes /private/tmp/jarde-raw-receiver-marker-baseline-root-20261009/jdk8/no-debug/jadx/RawOwnerChild/sources/defpackage/RawOwnerBase.java /private/tmp/jarde-raw-receiver-marker-baseline-root-20261009/jdk8/no-debug/jadx/RawOwnerChild/sources/defpackage/RawOwnerChild.java /Users/lordcasser/workspace/projects/jarde/openspec/evidence/raw-receiver-field-selection-2026-10-09/source/ReceiverProbe.java
jdk8/no-debug/RawOwnerChild/jadx-verify-run	0	/Library/Java/JavaVirtualMachines/corretto-1.8.0_432/Contents/Home/bin/java -Xverify:all -cp /var/folders/gm/lzn3ylzx4lz7mx29lftngdz40000gn/T/jarde-raw-receiver-replay-doa_hf7n/jadx-classes ReceiverProbe defpackage.RawOwnerChild
jdk23/versions/java	0	/Library/Java/JavaVirtualMachines/openjdk-23.0.1/Contents/Home/bin/java -version
jdk23/versions/javac	0	/Library/Java/JavaVirtualMachines/openjdk-23.0.1/Contents/Home/bin/javac -version
jdk23/debug/RawParam/jar-contents	0	/Library/Java/JavaVirtualMachines/openjdk-23.0.1/Contents/Home/bin/jar tf /Users/lordcasser/workspace/projects/jarde/openspec/evidence/raw-receiver-field-selection-2026-10-09/jdk23/debug/input/RawParam.jar
jdk23/debug/RawParam/original-javac	0	/Library/Java/JavaVirtualMachines/openjdk-23.0.1/Contents/Home/bin/javac --release 8 -g -classpath /var/folders/gm/lzn3ylzx4lz7mx29lftngdz40000gn/T/jarde-raw-receiver-replay-v02yi40r/empty-classpath -sourcepath /var/folders/gm/lzn3ylzx4lz7mx29lftngdz40000gn/T/jarde-raw-receiver-replay-v02yi40r/empty-sourcepath -d /var/folders/gm/lzn3ylzx4lz7mx29lftngdz40000gn/T/jarde-raw-receiver-replay-v02yi40r/original /Users/lordcasser/workspace/projects/jarde/openspec/evidence/raw-receiver-field-selection-2026-10-09/source/RawParam.java
jdk23/debug/RawParam/javap	0	/Library/Java/JavaVirtualMachines/openjdk-23.0.1/Contents/Home/bin/javap -p -c -s -v -classpath /Users/lordcasser/workspace/projects/jarde/openspec/evidence/raw-receiver-field-selection-2026-10-09/jdk23/debug/input/RawParam.jar RawParam
jdk23/debug/RawParam/original-probe-javac	0	/Library/Java/JavaVirtualMachines/openjdk-23.0.1/Contents/Home/bin/javac --release 8 -g -classpath /var/folders/gm/lzn3ylzx4lz7mx29lftngdz40000gn/T/jarde-raw-receiver-replay-v02yi40r/empty-classpath -sourcepath /var/folders/gm/lzn3ylzx4lz7mx29lftngdz40000gn/T/jarde-raw-receiver-replay-v02yi40r/empty-sourcepath -d /var/folders/gm/lzn3ylzx4lz7mx29lftngdz40000gn/T/jarde-raw-receiver-replay-v02yi40r/original-probe /Users/lordcasser/workspace/projects/jarde/openspec/evidence/raw-receiver-field-selection-2026-10-09/source/ReceiverProbe.java
jdk23/debug/RawParam/original-run	0	/Library/Java/JavaVirtualMachines/openjdk-23.0.1/Contents/Home/bin/java -Xverify:all -cp /var/folders/gm/lzn3ylzx4lz7mx29lftngdz40000gn/T/jarde-raw-receiver-replay-v02yi40r/original:/var/folders/gm/lzn3ylzx4lz7mx29lftngdz40000gn/T/jarde-raw-receiver-replay-v02yi40r/original-probe ReceiverProbe RawParam
jdk23/debug/RawParam/jarde-RawParam	0	/private/tmp/jarde-class-ctor-final-cli class-source --input /Users/lordcasser/workspace/projects/jarde/openspec/evidence/raw-receiver-field-selection-2026-10-09/jdk23/debug/input/RawParam.jar --class RawParam --policy plain-jar --release 8 --format text
jdk23/debug/RawParam/jarde-RawParam-source-header	0	nonempty self-describing source
jdk23/debug/RawParam/jarde-javac	0	/Library/Java/JavaVirtualMachines/openjdk-23.0.1/Contents/Home/bin/javac --release 8 -g -classpath /var/folders/gm/lzn3ylzx4lz7mx29lftngdz40000gn/T/jarde-raw-receiver-replay-v02yi40r/empty-classpath -sourcepath /var/folders/gm/lzn3ylzx4lz7mx29lftngdz40000gn/T/jarde-raw-receiver-replay-v02yi40r/empty-sourcepath -d /var/folders/gm/lzn3ylzx4lz7mx29lftngdz40000gn/T/jarde-raw-receiver-replay-v02yi40r/jarde-classes /private/tmp/jarde-raw-receiver-marker-baseline-root-20261009/jdk23/debug/jarde/RawParam.java /Users/lordcasser/workspace/projects/jarde/openspec/evidence/raw-receiver-field-selection-2026-10-09/source/ReceiverProbe.java
jdk23/debug/RawParam/jarde-verify-run	0	/Library/Java/JavaVirtualMachines/openjdk-23.0.1/Contents/Home/bin/java -Xverify:all -cp /var/folders/gm/lzn3ylzx4lz7mx29lftngdz40000gn/T/jarde-raw-receiver-replay-v02yi40r/jarde-classes ReceiverProbe RawParam
jdk23/debug/RawParam/jadx	0	/Users/lordcasser/workspace/testzone/jadx/jadx-cli/build/install/jadx/bin/jadx --no-res --single-class RawParam -d /private/tmp/jarde-raw-receiver-marker-baseline-root-20261009/jdk23/debug/jadx/RawParam /Users/lordcasser/workspace/projects/jarde/openspec/evidence/raw-receiver-field-selection-2026-10-09/jdk23/debug/input/RawParam.jar
jdk23/debug/RawParam/jadx-source-header	0	nonempty class source
jdk23/debug/RawParam/jadx-javac	0	/Library/Java/JavaVirtualMachines/openjdk-23.0.1/Contents/Home/bin/javac --release 8 -g -classpath /var/folders/gm/lzn3ylzx4lz7mx29lftngdz40000gn/T/jarde-raw-receiver-replay-v02yi40r/empty-classpath -sourcepath /var/folders/gm/lzn3ylzx4lz7mx29lftngdz40000gn/T/jarde-raw-receiver-replay-v02yi40r/empty-sourcepath -d /var/folders/gm/lzn3ylzx4lz7mx29lftngdz40000gn/T/jarde-raw-receiver-replay-v02yi40r/jadx-classes /private/tmp/jarde-raw-receiver-marker-baseline-root-20261009/jdk23/debug/jadx/RawParam/sources/defpackage/RawParam.java /Users/lordcasser/workspace/projects/jarde/openspec/evidence/raw-receiver-field-selection-2026-10-09/source/ReceiverProbe.java
jdk23/debug/RawParam/jadx-verify-run	0	/Library/Java/JavaVirtualMachines/openjdk-23.0.1/Contents/Home/bin/java -Xverify:all -cp /var/folders/gm/lzn3ylzx4lz7mx29lftngdz40000gn/T/jarde-raw-receiver-replay-v02yi40r/jadx-classes ReceiverProbe defpackage.RawParam
jdk23/no-debug/RawParam/jar-contents	0	/Library/Java/JavaVirtualMachines/openjdk-23.0.1/Contents/Home/bin/jar tf /Users/lordcasser/workspace/projects/jarde/openspec/evidence/raw-receiver-field-selection-2026-10-09/jdk23/no-debug/input/RawParam.jar
jdk23/no-debug/RawParam/original-javac	0	/Library/Java/JavaVirtualMachines/openjdk-23.0.1/Contents/Home/bin/javac --release 8 -g:none -classpath /var/folders/gm/lzn3ylzx4lz7mx29lftngdz40000gn/T/jarde-raw-receiver-replay-f_wm4z0i/empty-classpath -sourcepath /var/folders/gm/lzn3ylzx4lz7mx29lftngdz40000gn/T/jarde-raw-receiver-replay-f_wm4z0i/empty-sourcepath -d /var/folders/gm/lzn3ylzx4lz7mx29lftngdz40000gn/T/jarde-raw-receiver-replay-f_wm4z0i/original /Users/lordcasser/workspace/projects/jarde/openspec/evidence/raw-receiver-field-selection-2026-10-09/source/RawParam.java
jdk23/no-debug/RawParam/javap	0	/Library/Java/JavaVirtualMachines/openjdk-23.0.1/Contents/Home/bin/javap -p -c -s -v -classpath /Users/lordcasser/workspace/projects/jarde/openspec/evidence/raw-receiver-field-selection-2026-10-09/jdk23/no-debug/input/RawParam.jar RawParam
jdk23/no-debug/RawParam/original-probe-javac	0	/Library/Java/JavaVirtualMachines/openjdk-23.0.1/Contents/Home/bin/javac --release 8 -g:none -classpath /var/folders/gm/lzn3ylzx4lz7mx29lftngdz40000gn/T/jarde-raw-receiver-replay-f_wm4z0i/empty-classpath -sourcepath /var/folders/gm/lzn3ylzx4lz7mx29lftngdz40000gn/T/jarde-raw-receiver-replay-f_wm4z0i/empty-sourcepath -d /var/folders/gm/lzn3ylzx4lz7mx29lftngdz40000gn/T/jarde-raw-receiver-replay-f_wm4z0i/original-probe /Users/lordcasser/workspace/projects/jarde/openspec/evidence/raw-receiver-field-selection-2026-10-09/source/ReceiverProbe.java
jdk23/no-debug/RawParam/original-run	0	/Library/Java/JavaVirtualMachines/openjdk-23.0.1/Contents/Home/bin/java -Xverify:all -cp /var/folders/gm/lzn3ylzx4lz7mx29lftngdz40000gn/T/jarde-raw-receiver-replay-f_wm4z0i/original:/var/folders/gm/lzn3ylzx4lz7mx29lftngdz40000gn/T/jarde-raw-receiver-replay-f_wm4z0i/original-probe ReceiverProbe RawParam
jdk23/no-debug/RawParam/jarde-RawParam	0	/private/tmp/jarde-class-ctor-final-cli class-source --input /Users/lordcasser/workspace/projects/jarde/openspec/evidence/raw-receiver-field-selection-2026-10-09/jdk23/no-debug/input/RawParam.jar --class RawParam --policy plain-jar --release 8 --format text
jdk23/no-debug/RawParam/jarde-RawParam-source-header	0	nonempty self-describing source
jdk23/no-debug/RawParam/jarde-javac	0	/Library/Java/JavaVirtualMachines/openjdk-23.0.1/Contents/Home/bin/javac --release 8 -g:none -classpath /var/folders/gm/lzn3ylzx4lz7mx29lftngdz40000gn/T/jarde-raw-receiver-replay-f_wm4z0i/empty-classpath -sourcepath /var/folders/gm/lzn3ylzx4lz7mx29lftngdz40000gn/T/jarde-raw-receiver-replay-f_wm4z0i/empty-sourcepath -d /var/folders/gm/lzn3ylzx4lz7mx29lftngdz40000gn/T/jarde-raw-receiver-replay-f_wm4z0i/jarde-classes /private/tmp/jarde-raw-receiver-marker-baseline-root-20261009/jdk23/no-debug/jarde/RawParam.java /Users/lordcasser/workspace/projects/jarde/openspec/evidence/raw-receiver-field-selection-2026-10-09/source/ReceiverProbe.java
jdk23/no-debug/RawParam/jarde-verify-run	0	/Library/Java/JavaVirtualMachines/openjdk-23.0.1/Contents/Home/bin/java -Xverify:all -cp /var/folders/gm/lzn3ylzx4lz7mx29lftngdz40000gn/T/jarde-raw-receiver-replay-f_wm4z0i/jarde-classes ReceiverProbe RawParam
jdk23/no-debug/RawParam/jadx	0	/Users/lordcasser/workspace/testzone/jadx/jadx-cli/build/install/jadx/bin/jadx --no-res --single-class RawParam -d /private/tmp/jarde-raw-receiver-marker-baseline-root-20261009/jdk23/no-debug/jadx/RawParam /Users/lordcasser/workspace/projects/jarde/openspec/evidence/raw-receiver-field-selection-2026-10-09/jdk23/no-debug/input/RawParam.jar
jdk23/no-debug/RawParam/jadx-source-header	0	nonempty class source
jdk23/no-debug/RawParam/jadx-javac	0	/Library/Java/JavaVirtualMachines/openjdk-23.0.1/Contents/Home/bin/javac --release 8 -g:none -classpath /var/folders/gm/lzn3ylzx4lz7mx29lftngdz40000gn/T/jarde-raw-receiver-replay-f_wm4z0i/empty-classpath -sourcepath /var/folders/gm/lzn3ylzx4lz7mx29lftngdz40000gn/T/jarde-raw-receiver-replay-f_wm4z0i/empty-sourcepath -d /var/folders/gm/lzn3ylzx4lz7mx29lftngdz40000gn/T/jarde-raw-receiver-replay-f_wm4z0i/jadx-classes /private/tmp/jarde-raw-receiver-marker-baseline-root-20261009/jdk23/no-debug/jadx/RawParam/sources/defpackage/RawParam.java /Users/lordcasser/workspace/projects/jarde/openspec/evidence/raw-receiver-field-selection-2026-10-09/source/ReceiverProbe.java
jdk23/no-debug/RawParam/jadx-verify-run	0	/Library/Java/JavaVirtualMachines/openjdk-23.0.1/Contents/Home/bin/java -Xverify:all -cp /var/folders/gm/lzn3ylzx4lz7mx29lftngdz40000gn/T/jarde-raw-receiver-replay-f_wm4z0i/jadx-classes ReceiverProbe defpackage.RawParam
jdk23/debug/StaticRawLocal/jar-contents	0	/Library/Java/JavaVirtualMachines/openjdk-23.0.1/Contents/Home/bin/jar tf /Users/lordcasser/workspace/projects/jarde/openspec/evidence/raw-receiver-field-selection-2026-10-09/jdk23/debug/input/StaticRawLocal.jar
jdk23/debug/StaticRawLocal/original-javac	0	/Library/Java/JavaVirtualMachines/openjdk-23.0.1/Contents/Home/bin/javac --release 8 -g -classpath /var/folders/gm/lzn3ylzx4lz7mx29lftngdz40000gn/T/jarde-raw-receiver-replay-lzlntsnl/empty-classpath -sourcepath /var/folders/gm/lzn3ylzx4lz7mx29lftngdz40000gn/T/jarde-raw-receiver-replay-lzlntsnl/empty-sourcepath -d /var/folders/gm/lzn3ylzx4lz7mx29lftngdz40000gn/T/jarde-raw-receiver-replay-lzlntsnl/original /Users/lordcasser/workspace/projects/jarde/openspec/evidence/raw-receiver-field-selection-2026-10-09/source/StaticRawLocal.java
jdk23/debug/StaticRawLocal/javap	0	/Library/Java/JavaVirtualMachines/openjdk-23.0.1/Contents/Home/bin/javap -p -c -s -v -classpath /Users/lordcasser/workspace/projects/jarde/openspec/evidence/raw-receiver-field-selection-2026-10-09/jdk23/debug/input/StaticRawLocal.jar StaticRawLocal
jdk23/debug/StaticRawLocal/original-probe-javac	0	/Library/Java/JavaVirtualMachines/openjdk-23.0.1/Contents/Home/bin/javac --release 8 -g -classpath /var/folders/gm/lzn3ylzx4lz7mx29lftngdz40000gn/T/jarde-raw-receiver-replay-lzlntsnl/empty-classpath -sourcepath /var/folders/gm/lzn3ylzx4lz7mx29lftngdz40000gn/T/jarde-raw-receiver-replay-lzlntsnl/empty-sourcepath -d /var/folders/gm/lzn3ylzx4lz7mx29lftngdz40000gn/T/jarde-raw-receiver-replay-lzlntsnl/original-probe /Users/lordcasser/workspace/projects/jarde/openspec/evidence/raw-receiver-field-selection-2026-10-09/source/ReceiverProbe.java
jdk23/debug/StaticRawLocal/original-run	0	/Library/Java/JavaVirtualMachines/openjdk-23.0.1/Contents/Home/bin/java -Xverify:all -cp /var/folders/gm/lzn3ylzx4lz7mx29lftngdz40000gn/T/jarde-raw-receiver-replay-lzlntsnl/original:/var/folders/gm/lzn3ylzx4lz7mx29lftngdz40000gn/T/jarde-raw-receiver-replay-lzlntsnl/original-probe ReceiverProbe StaticRawLocal
jdk23/debug/StaticRawLocal/jarde-StaticRawLocal	0	/private/tmp/jarde-class-ctor-final-cli class-source --input /Users/lordcasser/workspace/projects/jarde/openspec/evidence/raw-receiver-field-selection-2026-10-09/jdk23/debug/input/StaticRawLocal.jar --class StaticRawLocal --policy plain-jar --release 8 --format text
jdk23/debug/StaticRawLocal/jarde-StaticRawLocal-source-header	0	nonempty self-describing source
jdk23/debug/StaticRawLocal/jarde-javac	0	/Library/Java/JavaVirtualMachines/openjdk-23.0.1/Contents/Home/bin/javac --release 8 -g -classpath /var/folders/gm/lzn3ylzx4lz7mx29lftngdz40000gn/T/jarde-raw-receiver-replay-lzlntsnl/empty-classpath -sourcepath /var/folders/gm/lzn3ylzx4lz7mx29lftngdz40000gn/T/jarde-raw-receiver-replay-lzlntsnl/empty-sourcepath -d /var/folders/gm/lzn3ylzx4lz7mx29lftngdz40000gn/T/jarde-raw-receiver-replay-lzlntsnl/jarde-classes /private/tmp/jarde-raw-receiver-marker-baseline-root-20261009/jdk23/debug/jarde/StaticRawLocal.java /Users/lordcasser/workspace/projects/jarde/openspec/evidence/raw-receiver-field-selection-2026-10-09/source/ReceiverProbe.java
jdk23/debug/StaticRawLocal/jarde-verify-run	0	/Library/Java/JavaVirtualMachines/openjdk-23.0.1/Contents/Home/bin/java -Xverify:all -cp /var/folders/gm/lzn3ylzx4lz7mx29lftngdz40000gn/T/jarde-raw-receiver-replay-lzlntsnl/jarde-classes ReceiverProbe StaticRawLocal
jdk23/debug/StaticRawLocal/jadx	0	/Users/lordcasser/workspace/testzone/jadx/jadx-cli/build/install/jadx/bin/jadx --no-res --single-class StaticRawLocal -d /private/tmp/jarde-raw-receiver-marker-baseline-root-20261009/jdk23/debug/jadx/StaticRawLocal /Users/lordcasser/workspace/projects/jarde/openspec/evidence/raw-receiver-field-selection-2026-10-09/jdk23/debug/input/StaticRawLocal.jar
jdk23/debug/StaticRawLocal/jadx-source-header	0	nonempty class source
jdk23/debug/StaticRawLocal/jadx-javac	0	/Library/Java/JavaVirtualMachines/openjdk-23.0.1/Contents/Home/bin/javac --release 8 -g -classpath /var/folders/gm/lzn3ylzx4lz7mx29lftngdz40000gn/T/jarde-raw-receiver-replay-lzlntsnl/empty-classpath -sourcepath /var/folders/gm/lzn3ylzx4lz7mx29lftngdz40000gn/T/jarde-raw-receiver-replay-lzlntsnl/empty-sourcepath -d /var/folders/gm/lzn3ylzx4lz7mx29lftngdz40000gn/T/jarde-raw-receiver-replay-lzlntsnl/jadx-classes /private/tmp/jarde-raw-receiver-marker-baseline-root-20261009/jdk23/debug/jadx/StaticRawLocal/sources/defpackage/StaticRawLocal.java /Users/lordcasser/workspace/projects/jarde/openspec/evidence/raw-receiver-field-selection-2026-10-09/source/ReceiverProbe.java
jdk23/debug/StaticRawLocal/jadx-verify-run	0	/Library/Java/JavaVirtualMachines/openjdk-23.0.1/Contents/Home/bin/java -Xverify:all -cp /var/folders/gm/lzn3ylzx4lz7mx29lftngdz40000gn/T/jarde-raw-receiver-replay-lzlntsnl/jadx-classes ReceiverProbe defpackage.StaticRawLocal
jdk23/no-debug/StaticRawLocal/jar-contents	0	/Library/Java/JavaVirtualMachines/openjdk-23.0.1/Contents/Home/bin/jar tf /Users/lordcasser/workspace/projects/jarde/openspec/evidence/raw-receiver-field-selection-2026-10-09/jdk23/no-debug/input/StaticRawLocal.jar
jdk23/no-debug/StaticRawLocal/original-javac	0	/Library/Java/JavaVirtualMachines/openjdk-23.0.1/Contents/Home/bin/javac --release 8 -g:none -classpath /var/folders/gm/lzn3ylzx4lz7mx29lftngdz40000gn/T/jarde-raw-receiver-replay-1s2ve6lo/empty-classpath -sourcepath /var/folders/gm/lzn3ylzx4lz7mx29lftngdz40000gn/T/jarde-raw-receiver-replay-1s2ve6lo/empty-sourcepath -d /var/folders/gm/lzn3ylzx4lz7mx29lftngdz40000gn/T/jarde-raw-receiver-replay-1s2ve6lo/original /Users/lordcasser/workspace/projects/jarde/openspec/evidence/raw-receiver-field-selection-2026-10-09/source/StaticRawLocal.java
jdk23/no-debug/StaticRawLocal/javap	0	/Library/Java/JavaVirtualMachines/openjdk-23.0.1/Contents/Home/bin/javap -p -c -s -v -classpath /Users/lordcasser/workspace/projects/jarde/openspec/evidence/raw-receiver-field-selection-2026-10-09/jdk23/no-debug/input/StaticRawLocal.jar StaticRawLocal
jdk23/no-debug/StaticRawLocal/original-probe-javac	0	/Library/Java/JavaVirtualMachines/openjdk-23.0.1/Contents/Home/bin/javac --release 8 -g:none -classpath /var/folders/gm/lzn3ylzx4lz7mx29lftngdz40000gn/T/jarde-raw-receiver-replay-1s2ve6lo/empty-classpath -sourcepath /var/folders/gm/lzn3ylzx4lz7mx29lftngdz40000gn/T/jarde-raw-receiver-replay-1s2ve6lo/empty-sourcepath -d /var/folders/gm/lzn3ylzx4lz7mx29lftngdz40000gn/T/jarde-raw-receiver-replay-1s2ve6lo/original-probe /Users/lordcasser/workspace/projects/jarde/openspec/evidence/raw-receiver-field-selection-2026-10-09/source/ReceiverProbe.java
jdk23/no-debug/StaticRawLocal/original-run	0	/Library/Java/JavaVirtualMachines/openjdk-23.0.1/Contents/Home/bin/java -Xverify:all -cp /var/folders/gm/lzn3ylzx4lz7mx29lftngdz40000gn/T/jarde-raw-receiver-replay-1s2ve6lo/original:/var/folders/gm/lzn3ylzx4lz7mx29lftngdz40000gn/T/jarde-raw-receiver-replay-1s2ve6lo/original-probe ReceiverProbe StaticRawLocal
jdk23/no-debug/StaticRawLocal/jarde-StaticRawLocal	0	/private/tmp/jarde-class-ctor-final-cli class-source --input /Users/lordcasser/workspace/projects/jarde/openspec/evidence/raw-receiver-field-selection-2026-10-09/jdk23/no-debug/input/StaticRawLocal.jar --class StaticRawLocal --policy plain-jar --release 8 --format text
jdk23/no-debug/StaticRawLocal/jarde-StaticRawLocal-source-header	0	nonempty self-describing source
jdk23/no-debug/StaticRawLocal/jarde-javac	0	/Library/Java/JavaVirtualMachines/openjdk-23.0.1/Contents/Home/bin/javac --release 8 -g:none -classpath /var/folders/gm/lzn3ylzx4lz7mx29lftngdz40000gn/T/jarde-raw-receiver-replay-1s2ve6lo/empty-classpath -sourcepath /var/folders/gm/lzn3ylzx4lz7mx29lftngdz40000gn/T/jarde-raw-receiver-replay-1s2ve6lo/empty-sourcepath -d /var/folders/gm/lzn3ylzx4lz7mx29lftngdz40000gn/T/jarde-raw-receiver-replay-1s2ve6lo/jarde-classes /private/tmp/jarde-raw-receiver-marker-baseline-root-20261009/jdk23/no-debug/jarde/StaticRawLocal.java /Users/lordcasser/workspace/projects/jarde/openspec/evidence/raw-receiver-field-selection-2026-10-09/source/ReceiverProbe.java
jdk23/no-debug/StaticRawLocal/jarde-verify-run	0	/Library/Java/JavaVirtualMachines/openjdk-23.0.1/Contents/Home/bin/java -Xverify:all -cp /var/folders/gm/lzn3ylzx4lz7mx29lftngdz40000gn/T/jarde-raw-receiver-replay-1s2ve6lo/jarde-classes ReceiverProbe StaticRawLocal
jdk23/no-debug/StaticRawLocal/jadx	0	/Users/lordcasser/workspace/testzone/jadx/jadx-cli/build/install/jadx/bin/jadx --no-res --single-class StaticRawLocal -d /private/tmp/jarde-raw-receiver-marker-baseline-root-20261009/jdk23/no-debug/jadx/StaticRawLocal /Users/lordcasser/workspace/projects/jarde/openspec/evidence/raw-receiver-field-selection-2026-10-09/jdk23/no-debug/input/StaticRawLocal.jar
jdk23/no-debug/StaticRawLocal/jadx-source-header	0	nonempty class source
jdk23/no-debug/StaticRawLocal/jadx-javac	0	/Library/Java/JavaVirtualMachines/openjdk-23.0.1/Contents/Home/bin/javac --release 8 -g:none -classpath /var/folders/gm/lzn3ylzx4lz7mx29lftngdz40000gn/T/jarde-raw-receiver-replay-1s2ve6lo/empty-classpath -sourcepath /var/folders/gm/lzn3ylzx4lz7mx29lftngdz40000gn/T/jarde-raw-receiver-replay-1s2ve6lo/empty-sourcepath -d /var/folders/gm/lzn3ylzx4lz7mx29lftngdz40000gn/T/jarde-raw-receiver-replay-1s2ve6lo/jadx-classes /private/tmp/jarde-raw-receiver-marker-baseline-root-20261009/jdk23/no-debug/jadx/StaticRawLocal/sources/defpackage/StaticRawLocal.java /Users/lordcasser/workspace/projects/jarde/openspec/evidence/raw-receiver-field-selection-2026-10-09/source/ReceiverProbe.java
jdk23/no-debug/StaticRawLocal/jadx-verify-run	0	/Library/Java/JavaVirtualMachines/openjdk-23.0.1/Contents/Home/bin/java -Xverify:all -cp /var/folders/gm/lzn3ylzx4lz7mx29lftngdz40000gn/T/jarde-raw-receiver-replay-1s2ve6lo/jadx-classes ReceiverProbe defpackage.StaticRawLocal
jdk23/debug/InstanceRawLocal/jar-contents	0	/Library/Java/JavaVirtualMachines/openjdk-23.0.1/Contents/Home/bin/jar tf /Users/lordcasser/workspace/projects/jarde/openspec/evidence/raw-receiver-field-selection-2026-10-09/jdk23/debug/input/InstanceRawLocal.jar
jdk23/debug/InstanceRawLocal/original-javac	0	/Library/Java/JavaVirtualMachines/openjdk-23.0.1/Contents/Home/bin/javac --release 8 -g -classpath /var/folders/gm/lzn3ylzx4lz7mx29lftngdz40000gn/T/jarde-raw-receiver-replay-_r8a5a46/empty-classpath -sourcepath /var/folders/gm/lzn3ylzx4lz7mx29lftngdz40000gn/T/jarde-raw-receiver-replay-_r8a5a46/empty-sourcepath -d /var/folders/gm/lzn3ylzx4lz7mx29lftngdz40000gn/T/jarde-raw-receiver-replay-_r8a5a46/original /Users/lordcasser/workspace/projects/jarde/openspec/evidence/raw-receiver-field-selection-2026-10-09/source/InstanceRawLocal.java
jdk23/debug/InstanceRawLocal/javap	0	/Library/Java/JavaVirtualMachines/openjdk-23.0.1/Contents/Home/bin/javap -p -c -s -v -classpath /Users/lordcasser/workspace/projects/jarde/openspec/evidence/raw-receiver-field-selection-2026-10-09/jdk23/debug/input/InstanceRawLocal.jar InstanceRawLocal
jdk23/debug/InstanceRawLocal/original-probe-javac	0	/Library/Java/JavaVirtualMachines/openjdk-23.0.1/Contents/Home/bin/javac --release 8 -g -classpath /var/folders/gm/lzn3ylzx4lz7mx29lftngdz40000gn/T/jarde-raw-receiver-replay-_r8a5a46/empty-classpath -sourcepath /var/folders/gm/lzn3ylzx4lz7mx29lftngdz40000gn/T/jarde-raw-receiver-replay-_r8a5a46/empty-sourcepath -d /var/folders/gm/lzn3ylzx4lz7mx29lftngdz40000gn/T/jarde-raw-receiver-replay-_r8a5a46/original-probe /Users/lordcasser/workspace/projects/jarde/openspec/evidence/raw-receiver-field-selection-2026-10-09/source/ReceiverProbe.java
jdk23/debug/InstanceRawLocal/original-run	0	/Library/Java/JavaVirtualMachines/openjdk-23.0.1/Contents/Home/bin/java -Xverify:all -cp /var/folders/gm/lzn3ylzx4lz7mx29lftngdz40000gn/T/jarde-raw-receiver-replay-_r8a5a46/original:/var/folders/gm/lzn3ylzx4lz7mx29lftngdz40000gn/T/jarde-raw-receiver-replay-_r8a5a46/original-probe ReceiverProbe InstanceRawLocal
jdk23/debug/InstanceRawLocal/jarde-InstanceRawLocal	0	/private/tmp/jarde-class-ctor-final-cli class-source --input /Users/lordcasser/workspace/projects/jarde/openspec/evidence/raw-receiver-field-selection-2026-10-09/jdk23/debug/input/InstanceRawLocal.jar --class InstanceRawLocal --policy plain-jar --release 8 --format text
jdk23/debug/InstanceRawLocal/jarde-InstanceRawLocal-source-header	0	nonempty self-describing source
jdk23/debug/InstanceRawLocal/jarde-javac	0	/Library/Java/JavaVirtualMachines/openjdk-23.0.1/Contents/Home/bin/javac --release 8 -g -classpath /var/folders/gm/lzn3ylzx4lz7mx29lftngdz40000gn/T/jarde-raw-receiver-replay-_r8a5a46/empty-classpath -sourcepath /var/folders/gm/lzn3ylzx4lz7mx29lftngdz40000gn/T/jarde-raw-receiver-replay-_r8a5a46/empty-sourcepath -d /var/folders/gm/lzn3ylzx4lz7mx29lftngdz40000gn/T/jarde-raw-receiver-replay-_r8a5a46/jarde-classes /private/tmp/jarde-raw-receiver-marker-baseline-root-20261009/jdk23/debug/jarde/InstanceRawLocal.java /Users/lordcasser/workspace/projects/jarde/openspec/evidence/raw-receiver-field-selection-2026-10-09/source/ReceiverProbe.java
jdk23/debug/InstanceRawLocal/jarde-verify-run	0	/Library/Java/JavaVirtualMachines/openjdk-23.0.1/Contents/Home/bin/java -Xverify:all -cp /var/folders/gm/lzn3ylzx4lz7mx29lftngdz40000gn/T/jarde-raw-receiver-replay-_r8a5a46/jarde-classes ReceiverProbe InstanceRawLocal
jdk23/debug/InstanceRawLocal/jadx	0	/Users/lordcasser/workspace/testzone/jadx/jadx-cli/build/install/jadx/bin/jadx --no-res --single-class InstanceRawLocal -d /private/tmp/jarde-raw-receiver-marker-baseline-root-20261009/jdk23/debug/jadx/InstanceRawLocal /Users/lordcasser/workspace/projects/jarde/openspec/evidence/raw-receiver-field-selection-2026-10-09/jdk23/debug/input/InstanceRawLocal.jar
jdk23/debug/InstanceRawLocal/jadx-source-header	0	nonempty class source
jdk23/debug/InstanceRawLocal/jadx-javac	1	/Library/Java/JavaVirtualMachines/openjdk-23.0.1/Contents/Home/bin/javac --release 8 -g -classpath /var/folders/gm/lzn3ylzx4lz7mx29lftngdz40000gn/T/jarde-raw-receiver-replay-_r8a5a46/empty-classpath -sourcepath /var/folders/gm/lzn3ylzx4lz7mx29lftngdz40000gn/T/jarde-raw-receiver-replay-_r8a5a46/empty-sourcepath -d /var/folders/gm/lzn3ylzx4lz7mx29lftngdz40000gn/T/jarde-raw-receiver-replay-_r8a5a46/jadx-classes /private/tmp/jarde-raw-receiver-marker-baseline-root-20261009/jdk23/debug/jadx/InstanceRawLocal/sources/defpackage/InstanceRawLocal.java /Users/lordcasser/workspace/projects/jarde/openspec/evidence/raw-receiver-field-selection-2026-10-09/source/ReceiverProbe.java
jdk23/no-debug/InstanceRawLocal/jar-contents	0	/Library/Java/JavaVirtualMachines/openjdk-23.0.1/Contents/Home/bin/jar tf /Users/lordcasser/workspace/projects/jarde/openspec/evidence/raw-receiver-field-selection-2026-10-09/jdk23/no-debug/input/InstanceRawLocal.jar
jdk23/no-debug/InstanceRawLocal/original-javac	0	/Library/Java/JavaVirtualMachines/openjdk-23.0.1/Contents/Home/bin/javac --release 8 -g:none -classpath /var/folders/gm/lzn3ylzx4lz7mx29lftngdz40000gn/T/jarde-raw-receiver-replay-voyh0wle/empty-classpath -sourcepath /var/folders/gm/lzn3ylzx4lz7mx29lftngdz40000gn/T/jarde-raw-receiver-replay-voyh0wle/empty-sourcepath -d /var/folders/gm/lzn3ylzx4lz7mx29lftngdz40000gn/T/jarde-raw-receiver-replay-voyh0wle/original /Users/lordcasser/workspace/projects/jarde/openspec/evidence/raw-receiver-field-selection-2026-10-09/source/InstanceRawLocal.java
jdk23/no-debug/InstanceRawLocal/javap	0	/Library/Java/JavaVirtualMachines/openjdk-23.0.1/Contents/Home/bin/javap -p -c -s -v -classpath /Users/lordcasser/workspace/projects/jarde/openspec/evidence/raw-receiver-field-selection-2026-10-09/jdk23/no-debug/input/InstanceRawLocal.jar InstanceRawLocal
jdk23/no-debug/InstanceRawLocal/original-probe-javac	0	/Library/Java/JavaVirtualMachines/openjdk-23.0.1/Contents/Home/bin/javac --release 8 -g:none -classpath /var/folders/gm/lzn3ylzx4lz7mx29lftngdz40000gn/T/jarde-raw-receiver-replay-voyh0wle/empty-classpath -sourcepath /var/folders/gm/lzn3ylzx4lz7mx29lftngdz40000gn/T/jarde-raw-receiver-replay-voyh0wle/empty-sourcepath -d /var/folders/gm/lzn3ylzx4lz7mx29lftngdz40000gn/T/jarde-raw-receiver-replay-voyh0wle/original-probe /Users/lordcasser/workspace/projects/jarde/openspec/evidence/raw-receiver-field-selection-2026-10-09/source/ReceiverProbe.java
jdk23/no-debug/InstanceRawLocal/original-run	0	/Library/Java/JavaVirtualMachines/openjdk-23.0.1/Contents/Home/bin/java -Xverify:all -cp /var/folders/gm/lzn3ylzx4lz7mx29lftngdz40000gn/T/jarde-raw-receiver-replay-voyh0wle/original:/var/folders/gm/lzn3ylzx4lz7mx29lftngdz40000gn/T/jarde-raw-receiver-replay-voyh0wle/original-probe ReceiverProbe InstanceRawLocal
jdk23/no-debug/InstanceRawLocal/jarde-InstanceRawLocal	0	/private/tmp/jarde-class-ctor-final-cli class-source --input /Users/lordcasser/workspace/projects/jarde/openspec/evidence/raw-receiver-field-selection-2026-10-09/jdk23/no-debug/input/InstanceRawLocal.jar --class InstanceRawLocal --policy plain-jar --release 8 --format text
jdk23/no-debug/InstanceRawLocal/jarde-InstanceRawLocal-source-header	0	nonempty self-describing source
jdk23/no-debug/InstanceRawLocal/jarde-javac	0	/Library/Java/JavaVirtualMachines/openjdk-23.0.1/Contents/Home/bin/javac --release 8 -g:none -classpath /var/folders/gm/lzn3ylzx4lz7mx29lftngdz40000gn/T/jarde-raw-receiver-replay-voyh0wle/empty-classpath -sourcepath /var/folders/gm/lzn3ylzx4lz7mx29lftngdz40000gn/T/jarde-raw-receiver-replay-voyh0wle/empty-sourcepath -d /var/folders/gm/lzn3ylzx4lz7mx29lftngdz40000gn/T/jarde-raw-receiver-replay-voyh0wle/jarde-classes /private/tmp/jarde-raw-receiver-marker-baseline-root-20261009/jdk23/no-debug/jarde/InstanceRawLocal.java /Users/lordcasser/workspace/projects/jarde/openspec/evidence/raw-receiver-field-selection-2026-10-09/source/ReceiverProbe.java
jdk23/no-debug/InstanceRawLocal/jarde-verify-run	0	/Library/Java/JavaVirtualMachines/openjdk-23.0.1/Contents/Home/bin/java -Xverify:all -cp /var/folders/gm/lzn3ylzx4lz7mx29lftngdz40000gn/T/jarde-raw-receiver-replay-voyh0wle/jarde-classes ReceiverProbe InstanceRawLocal
jdk23/no-debug/InstanceRawLocal/jadx	0	/Users/lordcasser/workspace/testzone/jadx/jadx-cli/build/install/jadx/bin/jadx --no-res --single-class InstanceRawLocal -d /private/tmp/jarde-raw-receiver-marker-baseline-root-20261009/jdk23/no-debug/jadx/InstanceRawLocal /Users/lordcasser/workspace/projects/jarde/openspec/evidence/raw-receiver-field-selection-2026-10-09/jdk23/no-debug/input/InstanceRawLocal.jar
jdk23/no-debug/InstanceRawLocal/jadx-source-header	0	nonempty class source
jdk23/no-debug/InstanceRawLocal/jadx-javac	1	/Library/Java/JavaVirtualMachines/openjdk-23.0.1/Contents/Home/bin/javac --release 8 -g:none -classpath /var/folders/gm/lzn3ylzx4lz7mx29lftngdz40000gn/T/jarde-raw-receiver-replay-voyh0wle/empty-classpath -sourcepath /var/folders/gm/lzn3ylzx4lz7mx29lftngdz40000gn/T/jarde-raw-receiver-replay-voyh0wle/empty-sourcepath -d /var/folders/gm/lzn3ylzx4lz7mx29lftngdz40000gn/T/jarde-raw-receiver-replay-voyh0wle/jadx-classes /private/tmp/jarde-raw-receiver-marker-baseline-root-20261009/jdk23/no-debug/jadx/InstanceRawLocal/sources/defpackage/InstanceRawLocal.java /Users/lordcasser/workspace/projects/jarde/openspec/evidence/raw-receiver-field-selection-2026-10-09/source/ReceiverProbe.java
jdk23/debug/TypedReceiver/jar-contents	0	/Library/Java/JavaVirtualMachines/openjdk-23.0.1/Contents/Home/bin/jar tf /Users/lordcasser/workspace/projects/jarde/openspec/evidence/raw-receiver-field-selection-2026-10-09/jdk23/debug/input/TypedReceiver.jar
jdk23/debug/TypedReceiver/original-javac	0	/Library/Java/JavaVirtualMachines/openjdk-23.0.1/Contents/Home/bin/javac --release 8 -g -classpath /var/folders/gm/lzn3ylzx4lz7mx29lftngdz40000gn/T/jarde-raw-receiver-replay-an72j9l2/empty-classpath -sourcepath /var/folders/gm/lzn3ylzx4lz7mx29lftngdz40000gn/T/jarde-raw-receiver-replay-an72j9l2/empty-sourcepath -d /var/folders/gm/lzn3ylzx4lz7mx29lftngdz40000gn/T/jarde-raw-receiver-replay-an72j9l2/original /Users/lordcasser/workspace/projects/jarde/openspec/evidence/raw-receiver-field-selection-2026-10-09/source/TypedReceiver.java
jdk23/debug/TypedReceiver/javap	0	/Library/Java/JavaVirtualMachines/openjdk-23.0.1/Contents/Home/bin/javap -p -c -s -v -classpath /Users/lordcasser/workspace/projects/jarde/openspec/evidence/raw-receiver-field-selection-2026-10-09/jdk23/debug/input/TypedReceiver.jar TypedReceiver
jdk23/debug/TypedReceiver/original-probe-javac	0	/Library/Java/JavaVirtualMachines/openjdk-23.0.1/Contents/Home/bin/javac --release 8 -g -classpath /var/folders/gm/lzn3ylzx4lz7mx29lftngdz40000gn/T/jarde-raw-receiver-replay-an72j9l2/empty-classpath -sourcepath /var/folders/gm/lzn3ylzx4lz7mx29lftngdz40000gn/T/jarde-raw-receiver-replay-an72j9l2/empty-sourcepath -d /var/folders/gm/lzn3ylzx4lz7mx29lftngdz40000gn/T/jarde-raw-receiver-replay-an72j9l2/original-probe /Users/lordcasser/workspace/projects/jarde/openspec/evidence/raw-receiver-field-selection-2026-10-09/source/ReceiverProbe.java
jdk23/debug/TypedReceiver/original-run	0	/Library/Java/JavaVirtualMachines/openjdk-23.0.1/Contents/Home/bin/java -Xverify:all -cp /var/folders/gm/lzn3ylzx4lz7mx29lftngdz40000gn/T/jarde-raw-receiver-replay-an72j9l2/original:/var/folders/gm/lzn3ylzx4lz7mx29lftngdz40000gn/T/jarde-raw-receiver-replay-an72j9l2/original-probe ReceiverProbe TypedReceiver
jdk23/debug/TypedReceiver/jarde-TypedReceiver	0	/private/tmp/jarde-class-ctor-final-cli class-source --input /Users/lordcasser/workspace/projects/jarde/openspec/evidence/raw-receiver-field-selection-2026-10-09/jdk23/debug/input/TypedReceiver.jar --class TypedReceiver --policy plain-jar --release 8 --format text
jdk23/debug/TypedReceiver/jarde-TypedReceiver-source-header	0	nonempty self-describing source
jdk23/debug/TypedReceiver/jarde-javac	0	/Library/Java/JavaVirtualMachines/openjdk-23.0.1/Contents/Home/bin/javac --release 8 -g -classpath /var/folders/gm/lzn3ylzx4lz7mx29lftngdz40000gn/T/jarde-raw-receiver-replay-an72j9l2/empty-classpath -sourcepath /var/folders/gm/lzn3ylzx4lz7mx29lftngdz40000gn/T/jarde-raw-receiver-replay-an72j9l2/empty-sourcepath -d /var/folders/gm/lzn3ylzx4lz7mx29lftngdz40000gn/T/jarde-raw-receiver-replay-an72j9l2/jarde-classes /private/tmp/jarde-raw-receiver-marker-baseline-root-20261009/jdk23/debug/jarde/TypedReceiver.java /Users/lordcasser/workspace/projects/jarde/openspec/evidence/raw-receiver-field-selection-2026-10-09/source/ReceiverProbe.java
jdk23/debug/TypedReceiver/jarde-verify-run	0	/Library/Java/JavaVirtualMachines/openjdk-23.0.1/Contents/Home/bin/java -Xverify:all -cp /var/folders/gm/lzn3ylzx4lz7mx29lftngdz40000gn/T/jarde-raw-receiver-replay-an72j9l2/jarde-classes ReceiverProbe TypedReceiver
jdk23/debug/TypedReceiver/jadx	0	/Users/lordcasser/workspace/testzone/jadx/jadx-cli/build/install/jadx/bin/jadx --no-res --single-class TypedReceiver -d /private/tmp/jarde-raw-receiver-marker-baseline-root-20261009/jdk23/debug/jadx/TypedReceiver /Users/lordcasser/workspace/projects/jarde/openspec/evidence/raw-receiver-field-selection-2026-10-09/jdk23/debug/input/TypedReceiver.jar
jdk23/debug/TypedReceiver/jadx-source-header	0	nonempty class source
jdk23/debug/TypedReceiver/jadx-javac	0	/Library/Java/JavaVirtualMachines/openjdk-23.0.1/Contents/Home/bin/javac --release 8 -g -classpath /var/folders/gm/lzn3ylzx4lz7mx29lftngdz40000gn/T/jarde-raw-receiver-replay-an72j9l2/empty-classpath -sourcepath /var/folders/gm/lzn3ylzx4lz7mx29lftngdz40000gn/T/jarde-raw-receiver-replay-an72j9l2/empty-sourcepath -d /var/folders/gm/lzn3ylzx4lz7mx29lftngdz40000gn/T/jarde-raw-receiver-replay-an72j9l2/jadx-classes /private/tmp/jarde-raw-receiver-marker-baseline-root-20261009/jdk23/debug/jadx/TypedReceiver/sources/defpackage/TypedReceiver.java /Users/lordcasser/workspace/projects/jarde/openspec/evidence/raw-receiver-field-selection-2026-10-09/source/ReceiverProbe.java
jdk23/debug/TypedReceiver/jadx-verify-run	0	/Library/Java/JavaVirtualMachines/openjdk-23.0.1/Contents/Home/bin/java -Xverify:all -cp /var/folders/gm/lzn3ylzx4lz7mx29lftngdz40000gn/T/jarde-raw-receiver-replay-an72j9l2/jadx-classes ReceiverProbe defpackage.TypedReceiver
jdk23/no-debug/TypedReceiver/jar-contents	0	/Library/Java/JavaVirtualMachines/openjdk-23.0.1/Contents/Home/bin/jar tf /Users/lordcasser/workspace/projects/jarde/openspec/evidence/raw-receiver-field-selection-2026-10-09/jdk23/no-debug/input/TypedReceiver.jar
jdk23/no-debug/TypedReceiver/original-javac	0	/Library/Java/JavaVirtualMachines/openjdk-23.0.1/Contents/Home/bin/javac --release 8 -g:none -classpath /var/folders/gm/lzn3ylzx4lz7mx29lftngdz40000gn/T/jarde-raw-receiver-replay-zkyb1nu0/empty-classpath -sourcepath /var/folders/gm/lzn3ylzx4lz7mx29lftngdz40000gn/T/jarde-raw-receiver-replay-zkyb1nu0/empty-sourcepath -d /var/folders/gm/lzn3ylzx4lz7mx29lftngdz40000gn/T/jarde-raw-receiver-replay-zkyb1nu0/original /Users/lordcasser/workspace/projects/jarde/openspec/evidence/raw-receiver-field-selection-2026-10-09/source/TypedReceiver.java
jdk23/no-debug/TypedReceiver/javap	0	/Library/Java/JavaVirtualMachines/openjdk-23.0.1/Contents/Home/bin/javap -p -c -s -v -classpath /Users/lordcasser/workspace/projects/jarde/openspec/evidence/raw-receiver-field-selection-2026-10-09/jdk23/no-debug/input/TypedReceiver.jar TypedReceiver
jdk23/no-debug/TypedReceiver/original-probe-javac	0	/Library/Java/JavaVirtualMachines/openjdk-23.0.1/Contents/Home/bin/javac --release 8 -g:none -classpath /var/folders/gm/lzn3ylzx4lz7mx29lftngdz40000gn/T/jarde-raw-receiver-replay-zkyb1nu0/empty-classpath -sourcepath /var/folders/gm/lzn3ylzx4lz7mx29lftngdz40000gn/T/jarde-raw-receiver-replay-zkyb1nu0/empty-sourcepath -d /var/folders/gm/lzn3ylzx4lz7mx29lftngdz40000gn/T/jarde-raw-receiver-replay-zkyb1nu0/original-probe /Users/lordcasser/workspace/projects/jarde/openspec/evidence/raw-receiver-field-selection-2026-10-09/source/ReceiverProbe.java
jdk23/no-debug/TypedReceiver/original-run	0	/Library/Java/JavaVirtualMachines/openjdk-23.0.1/Contents/Home/bin/java -Xverify:all -cp /var/folders/gm/lzn3ylzx4lz7mx29lftngdz40000gn/T/jarde-raw-receiver-replay-zkyb1nu0/original:/var/folders/gm/lzn3ylzx4lz7mx29lftngdz40000gn/T/jarde-raw-receiver-replay-zkyb1nu0/original-probe ReceiverProbe TypedReceiver
jdk23/no-debug/TypedReceiver/jarde-TypedReceiver	0	/private/tmp/jarde-class-ctor-final-cli class-source --input /Users/lordcasser/workspace/projects/jarde/openspec/evidence/raw-receiver-field-selection-2026-10-09/jdk23/no-debug/input/TypedReceiver.jar --class TypedReceiver --policy plain-jar --release 8 --format text
jdk23/no-debug/TypedReceiver/jarde-TypedReceiver-source-header	0	nonempty self-describing source
jdk23/no-debug/TypedReceiver/jarde-javac	0	/Library/Java/JavaVirtualMachines/openjdk-23.0.1/Contents/Home/bin/javac --release 8 -g:none -classpath /var/folders/gm/lzn3ylzx4lz7mx29lftngdz40000gn/T/jarde-raw-receiver-replay-zkyb1nu0/empty-classpath -sourcepath /var/folders/gm/lzn3ylzx4lz7mx29lftngdz40000gn/T/jarde-raw-receiver-replay-zkyb1nu0/empty-sourcepath -d /var/folders/gm/lzn3ylzx4lz7mx29lftngdz40000gn/T/jarde-raw-receiver-replay-zkyb1nu0/jarde-classes /private/tmp/jarde-raw-receiver-marker-baseline-root-20261009/jdk23/no-debug/jarde/TypedReceiver.java /Users/lordcasser/workspace/projects/jarde/openspec/evidence/raw-receiver-field-selection-2026-10-09/source/ReceiverProbe.java
jdk23/no-debug/TypedReceiver/jarde-verify-run	0	/Library/Java/JavaVirtualMachines/openjdk-23.0.1/Contents/Home/bin/java -Xverify:all -cp /var/folders/gm/lzn3ylzx4lz7mx29lftngdz40000gn/T/jarde-raw-receiver-replay-zkyb1nu0/jarde-classes ReceiverProbe TypedReceiver
jdk23/no-debug/TypedReceiver/jadx	0	/Users/lordcasser/workspace/testzone/jadx/jadx-cli/build/install/jadx/bin/jadx --no-res --single-class TypedReceiver -d /private/tmp/jarde-raw-receiver-marker-baseline-root-20261009/jdk23/no-debug/jadx/TypedReceiver /Users/lordcasser/workspace/projects/jarde/openspec/evidence/raw-receiver-field-selection-2026-10-09/jdk23/no-debug/input/TypedReceiver.jar
jdk23/no-debug/TypedReceiver/jadx-source-header	0	nonempty class source
jdk23/no-debug/TypedReceiver/jadx-javac	0	/Library/Java/JavaVirtualMachines/openjdk-23.0.1/Contents/Home/bin/javac --release 8 -g:none -classpath /var/folders/gm/lzn3ylzx4lz7mx29lftngdz40000gn/T/jarde-raw-receiver-replay-zkyb1nu0/empty-classpath -sourcepath /var/folders/gm/lzn3ylzx4lz7mx29lftngdz40000gn/T/jarde-raw-receiver-replay-zkyb1nu0/empty-sourcepath -d /var/folders/gm/lzn3ylzx4lz7mx29lftngdz40000gn/T/jarde-raw-receiver-replay-zkyb1nu0/jadx-classes /private/tmp/jarde-raw-receiver-marker-baseline-root-20261009/jdk23/no-debug/jadx/TypedReceiver/sources/defpackage/TypedReceiver.java /Users/lordcasser/workspace/projects/jarde/openspec/evidence/raw-receiver-field-selection-2026-10-09/source/ReceiverProbe.java
jdk23/no-debug/TypedReceiver/jadx-verify-run	0	/Library/Java/JavaVirtualMachines/openjdk-23.0.1/Contents/Home/bin/java -Xverify:all -cp /var/folders/gm/lzn3ylzx4lz7mx29lftngdz40000gn/T/jarde-raw-receiver-replay-zkyb1nu0/jadx-classes ReceiverProbe defpackage.TypedReceiver
jdk23/debug/ThisReceiver/jar-contents	0	/Library/Java/JavaVirtualMachines/openjdk-23.0.1/Contents/Home/bin/jar tf /Users/lordcasser/workspace/projects/jarde/openspec/evidence/raw-receiver-field-selection-2026-10-09/jdk23/debug/input/ThisReceiver.jar
jdk23/debug/ThisReceiver/original-javac	0	/Library/Java/JavaVirtualMachines/openjdk-23.0.1/Contents/Home/bin/javac --release 8 -g -classpath /var/folders/gm/lzn3ylzx4lz7mx29lftngdz40000gn/T/jarde-raw-receiver-replay-0l9604sp/empty-classpath -sourcepath /var/folders/gm/lzn3ylzx4lz7mx29lftngdz40000gn/T/jarde-raw-receiver-replay-0l9604sp/empty-sourcepath -d /var/folders/gm/lzn3ylzx4lz7mx29lftngdz40000gn/T/jarde-raw-receiver-replay-0l9604sp/original /Users/lordcasser/workspace/projects/jarde/openspec/evidence/raw-receiver-field-selection-2026-10-09/source/ThisReceiver.java
jdk23/debug/ThisReceiver/javap	0	/Library/Java/JavaVirtualMachines/openjdk-23.0.1/Contents/Home/bin/javap -p -c -s -v -classpath /Users/lordcasser/workspace/projects/jarde/openspec/evidence/raw-receiver-field-selection-2026-10-09/jdk23/debug/input/ThisReceiver.jar ThisReceiver
jdk23/debug/ThisReceiver/original-probe-javac	0	/Library/Java/JavaVirtualMachines/openjdk-23.0.1/Contents/Home/bin/javac --release 8 -g -classpath /var/folders/gm/lzn3ylzx4lz7mx29lftngdz40000gn/T/jarde-raw-receiver-replay-0l9604sp/empty-classpath -sourcepath /var/folders/gm/lzn3ylzx4lz7mx29lftngdz40000gn/T/jarde-raw-receiver-replay-0l9604sp/empty-sourcepath -d /var/folders/gm/lzn3ylzx4lz7mx29lftngdz40000gn/T/jarde-raw-receiver-replay-0l9604sp/original-probe /Users/lordcasser/workspace/projects/jarde/openspec/evidence/raw-receiver-field-selection-2026-10-09/source/ReceiverProbe.java
jdk23/debug/ThisReceiver/original-run	0	/Library/Java/JavaVirtualMachines/openjdk-23.0.1/Contents/Home/bin/java -Xverify:all -cp /var/folders/gm/lzn3ylzx4lz7mx29lftngdz40000gn/T/jarde-raw-receiver-replay-0l9604sp/original:/var/folders/gm/lzn3ylzx4lz7mx29lftngdz40000gn/T/jarde-raw-receiver-replay-0l9604sp/original-probe ReceiverProbe ThisReceiver
jdk23/debug/ThisReceiver/jarde-ThisReceiver	0	/private/tmp/jarde-class-ctor-final-cli class-source --input /Users/lordcasser/workspace/projects/jarde/openspec/evidence/raw-receiver-field-selection-2026-10-09/jdk23/debug/input/ThisReceiver.jar --class ThisReceiver --policy plain-jar --release 8 --format text
jdk23/debug/ThisReceiver/jarde-ThisReceiver-source-header	0	nonempty self-describing source
jdk23/debug/ThisReceiver/jarde-javac	0	/Library/Java/JavaVirtualMachines/openjdk-23.0.1/Contents/Home/bin/javac --release 8 -g -classpath /var/folders/gm/lzn3ylzx4lz7mx29lftngdz40000gn/T/jarde-raw-receiver-replay-0l9604sp/empty-classpath -sourcepath /var/folders/gm/lzn3ylzx4lz7mx29lftngdz40000gn/T/jarde-raw-receiver-replay-0l9604sp/empty-sourcepath -d /var/folders/gm/lzn3ylzx4lz7mx29lftngdz40000gn/T/jarde-raw-receiver-replay-0l9604sp/jarde-classes /private/tmp/jarde-raw-receiver-marker-baseline-root-20261009/jdk23/debug/jarde/ThisReceiver.java /Users/lordcasser/workspace/projects/jarde/openspec/evidence/raw-receiver-field-selection-2026-10-09/source/ReceiverProbe.java
jdk23/debug/ThisReceiver/jarde-verify-run	0	/Library/Java/JavaVirtualMachines/openjdk-23.0.1/Contents/Home/bin/java -Xverify:all -cp /var/folders/gm/lzn3ylzx4lz7mx29lftngdz40000gn/T/jarde-raw-receiver-replay-0l9604sp/jarde-classes ReceiverProbe ThisReceiver
jdk23/debug/ThisReceiver/jadx	0	/Users/lordcasser/workspace/testzone/jadx/jadx-cli/build/install/jadx/bin/jadx --no-res --single-class ThisReceiver -d /private/tmp/jarde-raw-receiver-marker-baseline-root-20261009/jdk23/debug/jadx/ThisReceiver /Users/lordcasser/workspace/projects/jarde/openspec/evidence/raw-receiver-field-selection-2026-10-09/jdk23/debug/input/ThisReceiver.jar
jdk23/debug/ThisReceiver/jadx-source-header	0	nonempty class source
jdk23/debug/ThisReceiver/jadx-javac	0	/Library/Java/JavaVirtualMachines/openjdk-23.0.1/Contents/Home/bin/javac --release 8 -g -classpath /var/folders/gm/lzn3ylzx4lz7mx29lftngdz40000gn/T/jarde-raw-receiver-replay-0l9604sp/empty-classpath -sourcepath /var/folders/gm/lzn3ylzx4lz7mx29lftngdz40000gn/T/jarde-raw-receiver-replay-0l9604sp/empty-sourcepath -d /var/folders/gm/lzn3ylzx4lz7mx29lftngdz40000gn/T/jarde-raw-receiver-replay-0l9604sp/jadx-classes /private/tmp/jarde-raw-receiver-marker-baseline-root-20261009/jdk23/debug/jadx/ThisReceiver/sources/defpackage/ThisReceiver.java /Users/lordcasser/workspace/projects/jarde/openspec/evidence/raw-receiver-field-selection-2026-10-09/source/ReceiverProbe.java
jdk23/debug/ThisReceiver/jadx-verify-run	0	/Library/Java/JavaVirtualMachines/openjdk-23.0.1/Contents/Home/bin/java -Xverify:all -cp /var/folders/gm/lzn3ylzx4lz7mx29lftngdz40000gn/T/jarde-raw-receiver-replay-0l9604sp/jadx-classes ReceiverProbe defpackage.ThisReceiver
jdk23/no-debug/ThisReceiver/jar-contents	0	/Library/Java/JavaVirtualMachines/openjdk-23.0.1/Contents/Home/bin/jar tf /Users/lordcasser/workspace/projects/jarde/openspec/evidence/raw-receiver-field-selection-2026-10-09/jdk23/no-debug/input/ThisReceiver.jar
jdk23/no-debug/ThisReceiver/original-javac	0	/Library/Java/JavaVirtualMachines/openjdk-23.0.1/Contents/Home/bin/javac --release 8 -g:none -classpath /var/folders/gm/lzn3ylzx4lz7mx29lftngdz40000gn/T/jarde-raw-receiver-replay-frpk15a6/empty-classpath -sourcepath /var/folders/gm/lzn3ylzx4lz7mx29lftngdz40000gn/T/jarde-raw-receiver-replay-frpk15a6/empty-sourcepath -d /var/folders/gm/lzn3ylzx4lz7mx29lftngdz40000gn/T/jarde-raw-receiver-replay-frpk15a6/original /Users/lordcasser/workspace/projects/jarde/openspec/evidence/raw-receiver-field-selection-2026-10-09/source/ThisReceiver.java
jdk23/no-debug/ThisReceiver/javap	0	/Library/Java/JavaVirtualMachines/openjdk-23.0.1/Contents/Home/bin/javap -p -c -s -v -classpath /Users/lordcasser/workspace/projects/jarde/openspec/evidence/raw-receiver-field-selection-2026-10-09/jdk23/no-debug/input/ThisReceiver.jar ThisReceiver
jdk23/no-debug/ThisReceiver/original-probe-javac	0	/Library/Java/JavaVirtualMachines/openjdk-23.0.1/Contents/Home/bin/javac --release 8 -g:none -classpath /var/folders/gm/lzn3ylzx4lz7mx29lftngdz40000gn/T/jarde-raw-receiver-replay-frpk15a6/empty-classpath -sourcepath /var/folders/gm/lzn3ylzx4lz7mx29lftngdz40000gn/T/jarde-raw-receiver-replay-frpk15a6/empty-sourcepath -d /var/folders/gm/lzn3ylzx4lz7mx29lftngdz40000gn/T/jarde-raw-receiver-replay-frpk15a6/original-probe /Users/lordcasser/workspace/projects/jarde/openspec/evidence/raw-receiver-field-selection-2026-10-09/source/ReceiverProbe.java
jdk23/no-debug/ThisReceiver/original-run	0	/Library/Java/JavaVirtualMachines/openjdk-23.0.1/Contents/Home/bin/java -Xverify:all -cp /var/folders/gm/lzn3ylzx4lz7mx29lftngdz40000gn/T/jarde-raw-receiver-replay-frpk15a6/original:/var/folders/gm/lzn3ylzx4lz7mx29lftngdz40000gn/T/jarde-raw-receiver-replay-frpk15a6/original-probe ReceiverProbe ThisReceiver
jdk23/no-debug/ThisReceiver/jarde-ThisReceiver	0	/private/tmp/jarde-class-ctor-final-cli class-source --input /Users/lordcasser/workspace/projects/jarde/openspec/evidence/raw-receiver-field-selection-2026-10-09/jdk23/no-debug/input/ThisReceiver.jar --class ThisReceiver --policy plain-jar --release 8 --format text
jdk23/no-debug/ThisReceiver/jarde-ThisReceiver-source-header	0	nonempty self-describing source
jdk23/no-debug/ThisReceiver/jarde-javac	0	/Library/Java/JavaVirtualMachines/openjdk-23.0.1/Contents/Home/bin/javac --release 8 -g:none -classpath /var/folders/gm/lzn3ylzx4lz7mx29lftngdz40000gn/T/jarde-raw-receiver-replay-frpk15a6/empty-classpath -sourcepath /var/folders/gm/lzn3ylzx4lz7mx29lftngdz40000gn/T/jarde-raw-receiver-replay-frpk15a6/empty-sourcepath -d /var/folders/gm/lzn3ylzx4lz7mx29lftngdz40000gn/T/jarde-raw-receiver-replay-frpk15a6/jarde-classes /private/tmp/jarde-raw-receiver-marker-baseline-root-20261009/jdk23/no-debug/jarde/ThisReceiver.java /Users/lordcasser/workspace/projects/jarde/openspec/evidence/raw-receiver-field-selection-2026-10-09/source/ReceiverProbe.java
jdk23/no-debug/ThisReceiver/jarde-verify-run	0	/Library/Java/JavaVirtualMachines/openjdk-23.0.1/Contents/Home/bin/java -Xverify:all -cp /var/folders/gm/lzn3ylzx4lz7mx29lftngdz40000gn/T/jarde-raw-receiver-replay-frpk15a6/jarde-classes ReceiverProbe ThisReceiver
jdk23/no-debug/ThisReceiver/jadx	0	/Users/lordcasser/workspace/testzone/jadx/jadx-cli/build/install/jadx/bin/jadx --no-res --single-class ThisReceiver -d /private/tmp/jarde-raw-receiver-marker-baseline-root-20261009/jdk23/no-debug/jadx/ThisReceiver /Users/lordcasser/workspace/projects/jarde/openspec/evidence/raw-receiver-field-selection-2026-10-09/jdk23/no-debug/input/ThisReceiver.jar
jdk23/no-debug/ThisReceiver/jadx-source-header	0	nonempty class source
jdk23/no-debug/ThisReceiver/jadx-javac	0	/Library/Java/JavaVirtualMachines/openjdk-23.0.1/Contents/Home/bin/javac --release 8 -g:none -classpath /var/folders/gm/lzn3ylzx4lz7mx29lftngdz40000gn/T/jarde-raw-receiver-replay-frpk15a6/empty-classpath -sourcepath /var/folders/gm/lzn3ylzx4lz7mx29lftngdz40000gn/T/jarde-raw-receiver-replay-frpk15a6/empty-sourcepath -d /var/folders/gm/lzn3ylzx4lz7mx29lftngdz40000gn/T/jarde-raw-receiver-replay-frpk15a6/jadx-classes /private/tmp/jarde-raw-receiver-marker-baseline-root-20261009/jdk23/no-debug/jadx/ThisReceiver/sources/defpackage/ThisReceiver.java /Users/lordcasser/workspace/projects/jarde/openspec/evidence/raw-receiver-field-selection-2026-10-09/source/ReceiverProbe.java
jdk23/no-debug/ThisReceiver/jadx-verify-run	0	/Library/Java/JavaVirtualMachines/openjdk-23.0.1/Contents/Home/bin/java -Xverify:all -cp /var/folders/gm/lzn3ylzx4lz7mx29lftngdz40000gn/T/jarde-raw-receiver-replay-frpk15a6/jadx-classes ReceiverProbe defpackage.ThisReceiver
jdk23/debug/ShadowMethodT/jar-contents	0	/Library/Java/JavaVirtualMachines/openjdk-23.0.1/Contents/Home/bin/jar tf /Users/lordcasser/workspace/projects/jarde/openspec/evidence/raw-receiver-field-selection-2026-10-09/jdk23/debug/input/ShadowMethodT.jar
jdk23/debug/ShadowMethodT/original-javac	0	/Library/Java/JavaVirtualMachines/openjdk-23.0.1/Contents/Home/bin/javac --release 8 -g -classpath /var/folders/gm/lzn3ylzx4lz7mx29lftngdz40000gn/T/jarde-raw-receiver-replay-1iiqmm8n/empty-classpath -sourcepath /var/folders/gm/lzn3ylzx4lz7mx29lftngdz40000gn/T/jarde-raw-receiver-replay-1iiqmm8n/empty-sourcepath -d /var/folders/gm/lzn3ylzx4lz7mx29lftngdz40000gn/T/jarde-raw-receiver-replay-1iiqmm8n/original /Users/lordcasser/workspace/projects/jarde/openspec/evidence/raw-receiver-field-selection-2026-10-09/source/ShadowMethodT.java
jdk23/debug/ShadowMethodT/javap	0	/Library/Java/JavaVirtualMachines/openjdk-23.0.1/Contents/Home/bin/javap -p -c -s -v -classpath /Users/lordcasser/workspace/projects/jarde/openspec/evidence/raw-receiver-field-selection-2026-10-09/jdk23/debug/input/ShadowMethodT.jar ShadowMethodT
jdk23/debug/ShadowMethodT/original-probe-javac	0	/Library/Java/JavaVirtualMachines/openjdk-23.0.1/Contents/Home/bin/javac --release 8 -g -classpath /var/folders/gm/lzn3ylzx4lz7mx29lftngdz40000gn/T/jarde-raw-receiver-replay-1iiqmm8n/empty-classpath -sourcepath /var/folders/gm/lzn3ylzx4lz7mx29lftngdz40000gn/T/jarde-raw-receiver-replay-1iiqmm8n/empty-sourcepath -d /var/folders/gm/lzn3ylzx4lz7mx29lftngdz40000gn/T/jarde-raw-receiver-replay-1iiqmm8n/original-probe /Users/lordcasser/workspace/projects/jarde/openspec/evidence/raw-receiver-field-selection-2026-10-09/source/ReceiverProbe.java
jdk23/debug/ShadowMethodT/original-run	0	/Library/Java/JavaVirtualMachines/openjdk-23.0.1/Contents/Home/bin/java -Xverify:all -cp /var/folders/gm/lzn3ylzx4lz7mx29lftngdz40000gn/T/jarde-raw-receiver-replay-1iiqmm8n/original:/var/folders/gm/lzn3ylzx4lz7mx29lftngdz40000gn/T/jarde-raw-receiver-replay-1iiqmm8n/original-probe ReceiverProbe ShadowMethodT
jdk23/debug/ShadowMethodT/jarde-ShadowMethodT	0	/private/tmp/jarde-class-ctor-final-cli class-source --input /Users/lordcasser/workspace/projects/jarde/openspec/evidence/raw-receiver-field-selection-2026-10-09/jdk23/debug/input/ShadowMethodT.jar --class ShadowMethodT --policy plain-jar --release 8 --format text
jdk23/debug/ShadowMethodT/jarde-ShadowMethodT-source-header	0	nonempty self-describing source
jdk23/debug/ShadowMethodT/jarde-javac	0	/Library/Java/JavaVirtualMachines/openjdk-23.0.1/Contents/Home/bin/javac --release 8 -g -classpath /var/folders/gm/lzn3ylzx4lz7mx29lftngdz40000gn/T/jarde-raw-receiver-replay-1iiqmm8n/empty-classpath -sourcepath /var/folders/gm/lzn3ylzx4lz7mx29lftngdz40000gn/T/jarde-raw-receiver-replay-1iiqmm8n/empty-sourcepath -d /var/folders/gm/lzn3ylzx4lz7mx29lftngdz40000gn/T/jarde-raw-receiver-replay-1iiqmm8n/jarde-classes /private/tmp/jarde-raw-receiver-marker-baseline-root-20261009/jdk23/debug/jarde/ShadowMethodT.java /Users/lordcasser/workspace/projects/jarde/openspec/evidence/raw-receiver-field-selection-2026-10-09/source/ReceiverProbe.java
jdk23/debug/ShadowMethodT/jarde-verify-run	0	/Library/Java/JavaVirtualMachines/openjdk-23.0.1/Contents/Home/bin/java -Xverify:all -cp /var/folders/gm/lzn3ylzx4lz7mx29lftngdz40000gn/T/jarde-raw-receiver-replay-1iiqmm8n/jarde-classes ReceiverProbe ShadowMethodT
jdk23/debug/ShadowMethodT/jadx	0	/Users/lordcasser/workspace/testzone/jadx/jadx-cli/build/install/jadx/bin/jadx --no-res --single-class ShadowMethodT -d /private/tmp/jarde-raw-receiver-marker-baseline-root-20261009/jdk23/debug/jadx/ShadowMethodT /Users/lordcasser/workspace/projects/jarde/openspec/evidence/raw-receiver-field-selection-2026-10-09/jdk23/debug/input/ShadowMethodT.jar
jdk23/debug/ShadowMethodT/jadx-source-header	0	nonempty class source
jdk23/debug/ShadowMethodT/jadx-javac	0	/Library/Java/JavaVirtualMachines/openjdk-23.0.1/Contents/Home/bin/javac --release 8 -g -classpath /var/folders/gm/lzn3ylzx4lz7mx29lftngdz40000gn/T/jarde-raw-receiver-replay-1iiqmm8n/empty-classpath -sourcepath /var/folders/gm/lzn3ylzx4lz7mx29lftngdz40000gn/T/jarde-raw-receiver-replay-1iiqmm8n/empty-sourcepath -d /var/folders/gm/lzn3ylzx4lz7mx29lftngdz40000gn/T/jarde-raw-receiver-replay-1iiqmm8n/jadx-classes /private/tmp/jarde-raw-receiver-marker-baseline-root-20261009/jdk23/debug/jadx/ShadowMethodT/sources/defpackage/ShadowMethodT.java /Users/lordcasser/workspace/projects/jarde/openspec/evidence/raw-receiver-field-selection-2026-10-09/source/ReceiverProbe.java
jdk23/debug/ShadowMethodT/jadx-verify-run	0	/Library/Java/JavaVirtualMachines/openjdk-23.0.1/Contents/Home/bin/java -Xverify:all -cp /var/folders/gm/lzn3ylzx4lz7mx29lftngdz40000gn/T/jarde-raw-receiver-replay-1iiqmm8n/jadx-classes ReceiverProbe defpackage.ShadowMethodT
jdk23/no-debug/ShadowMethodT/jar-contents	0	/Library/Java/JavaVirtualMachines/openjdk-23.0.1/Contents/Home/bin/jar tf /Users/lordcasser/workspace/projects/jarde/openspec/evidence/raw-receiver-field-selection-2026-10-09/jdk23/no-debug/input/ShadowMethodT.jar
jdk23/no-debug/ShadowMethodT/original-javac	0	/Library/Java/JavaVirtualMachines/openjdk-23.0.1/Contents/Home/bin/javac --release 8 -g:none -classpath /var/folders/gm/lzn3ylzx4lz7mx29lftngdz40000gn/T/jarde-raw-receiver-replay-s_72vuom/empty-classpath -sourcepath /var/folders/gm/lzn3ylzx4lz7mx29lftngdz40000gn/T/jarde-raw-receiver-replay-s_72vuom/empty-sourcepath -d /var/folders/gm/lzn3ylzx4lz7mx29lftngdz40000gn/T/jarde-raw-receiver-replay-s_72vuom/original /Users/lordcasser/workspace/projects/jarde/openspec/evidence/raw-receiver-field-selection-2026-10-09/source/ShadowMethodT.java
jdk23/no-debug/ShadowMethodT/javap	0	/Library/Java/JavaVirtualMachines/openjdk-23.0.1/Contents/Home/bin/javap -p -c -s -v -classpath /Users/lordcasser/workspace/projects/jarde/openspec/evidence/raw-receiver-field-selection-2026-10-09/jdk23/no-debug/input/ShadowMethodT.jar ShadowMethodT
jdk23/no-debug/ShadowMethodT/original-probe-javac	0	/Library/Java/JavaVirtualMachines/openjdk-23.0.1/Contents/Home/bin/javac --release 8 -g:none -classpath /var/folders/gm/lzn3ylzx4lz7mx29lftngdz40000gn/T/jarde-raw-receiver-replay-s_72vuom/empty-classpath -sourcepath /var/folders/gm/lzn3ylzx4lz7mx29lftngdz40000gn/T/jarde-raw-receiver-replay-s_72vuom/empty-sourcepath -d /var/folders/gm/lzn3ylzx4lz7mx29lftngdz40000gn/T/jarde-raw-receiver-replay-s_72vuom/original-probe /Users/lordcasser/workspace/projects/jarde/openspec/evidence/raw-receiver-field-selection-2026-10-09/source/ReceiverProbe.java
jdk23/no-debug/ShadowMethodT/original-run	0	/Library/Java/JavaVirtualMachines/openjdk-23.0.1/Contents/Home/bin/java -Xverify:all -cp /var/folders/gm/lzn3ylzx4lz7mx29lftngdz40000gn/T/jarde-raw-receiver-replay-s_72vuom/original:/var/folders/gm/lzn3ylzx4lz7mx29lftngdz40000gn/T/jarde-raw-receiver-replay-s_72vuom/original-probe ReceiverProbe ShadowMethodT
jdk23/no-debug/ShadowMethodT/jarde-ShadowMethodT	0	/private/tmp/jarde-class-ctor-final-cli class-source --input /Users/lordcasser/workspace/projects/jarde/openspec/evidence/raw-receiver-field-selection-2026-10-09/jdk23/no-debug/input/ShadowMethodT.jar --class ShadowMethodT --policy plain-jar --release 8 --format text
jdk23/no-debug/ShadowMethodT/jarde-ShadowMethodT-source-header	0	nonempty self-describing source
jdk23/no-debug/ShadowMethodT/jarde-javac	0	/Library/Java/JavaVirtualMachines/openjdk-23.0.1/Contents/Home/bin/javac --release 8 -g:none -classpath /var/folders/gm/lzn3ylzx4lz7mx29lftngdz40000gn/T/jarde-raw-receiver-replay-s_72vuom/empty-classpath -sourcepath /var/folders/gm/lzn3ylzx4lz7mx29lftngdz40000gn/T/jarde-raw-receiver-replay-s_72vuom/empty-sourcepath -d /var/folders/gm/lzn3ylzx4lz7mx29lftngdz40000gn/T/jarde-raw-receiver-replay-s_72vuom/jarde-classes /private/tmp/jarde-raw-receiver-marker-baseline-root-20261009/jdk23/no-debug/jarde/ShadowMethodT.java /Users/lordcasser/workspace/projects/jarde/openspec/evidence/raw-receiver-field-selection-2026-10-09/source/ReceiverProbe.java
jdk23/no-debug/ShadowMethodT/jarde-verify-run	0	/Library/Java/JavaVirtualMachines/openjdk-23.0.1/Contents/Home/bin/java -Xverify:all -cp /var/folders/gm/lzn3ylzx4lz7mx29lftngdz40000gn/T/jarde-raw-receiver-replay-s_72vuom/jarde-classes ReceiverProbe ShadowMethodT
jdk23/no-debug/ShadowMethodT/jadx	0	/Users/lordcasser/workspace/testzone/jadx/jadx-cli/build/install/jadx/bin/jadx --no-res --single-class ShadowMethodT -d /private/tmp/jarde-raw-receiver-marker-baseline-root-20261009/jdk23/no-debug/jadx/ShadowMethodT /Users/lordcasser/workspace/projects/jarde/openspec/evidence/raw-receiver-field-selection-2026-10-09/jdk23/no-debug/input/ShadowMethodT.jar
jdk23/no-debug/ShadowMethodT/jadx-source-header	0	nonempty class source
jdk23/no-debug/ShadowMethodT/jadx-javac	0	/Library/Java/JavaVirtualMachines/openjdk-23.0.1/Contents/Home/bin/javac --release 8 -g:none -classpath /var/folders/gm/lzn3ylzx4lz7mx29lftngdz40000gn/T/jarde-raw-receiver-replay-s_72vuom/empty-classpath -sourcepath /var/folders/gm/lzn3ylzx4lz7mx29lftngdz40000gn/T/jarde-raw-receiver-replay-s_72vuom/empty-sourcepath -d /var/folders/gm/lzn3ylzx4lz7mx29lftngdz40000gn/T/jarde-raw-receiver-replay-s_72vuom/jadx-classes /private/tmp/jarde-raw-receiver-marker-baseline-root-20261009/jdk23/no-debug/jadx/ShadowMethodT/sources/defpackage/ShadowMethodT.java /Users/lordcasser/workspace/projects/jarde/openspec/evidence/raw-receiver-field-selection-2026-10-09/source/ReceiverProbe.java
jdk23/no-debug/ShadowMethodT/jadx-verify-run	0	/Library/Java/JavaVirtualMachines/openjdk-23.0.1/Contents/Home/bin/java -Xverify:all -cp /var/folders/gm/lzn3ylzx4lz7mx29lftngdz40000gn/T/jarde-raw-receiver-replay-s_72vuom/jadx-classes ReceiverProbe defpackage.ShadowMethodT
jdk23/debug/DirectInstanceRawParam/jar-contents	0	/Library/Java/JavaVirtualMachines/openjdk-23.0.1/Contents/Home/bin/jar tf /Users/lordcasser/workspace/projects/jarde/openspec/evidence/raw-receiver-field-selection-2026-10-09/jdk23/debug/input/DirectInstanceRawParam.jar
jdk23/debug/DirectInstanceRawParam/original-javac	0	/Library/Java/JavaVirtualMachines/openjdk-23.0.1/Contents/Home/bin/javac --release 8 -g -classpath /var/folders/gm/lzn3ylzx4lz7mx29lftngdz40000gn/T/jarde-raw-receiver-replay-ibf3znel/empty-classpath -sourcepath /var/folders/gm/lzn3ylzx4lz7mx29lftngdz40000gn/T/jarde-raw-receiver-replay-ibf3znel/empty-sourcepath -d /var/folders/gm/lzn3ylzx4lz7mx29lftngdz40000gn/T/jarde-raw-receiver-replay-ibf3znel/original /Users/lordcasser/workspace/projects/jarde/openspec/evidence/raw-receiver-field-selection-2026-10-09/source/DirectInstanceRawParam.java
jdk23/debug/DirectInstanceRawParam/javap	0	/Library/Java/JavaVirtualMachines/openjdk-23.0.1/Contents/Home/bin/javap -p -c -s -v -classpath /Users/lordcasser/workspace/projects/jarde/openspec/evidence/raw-receiver-field-selection-2026-10-09/jdk23/debug/input/DirectInstanceRawParam.jar DirectInstanceRawParam
jdk23/debug/DirectInstanceRawParam/original-probe-javac	0	/Library/Java/JavaVirtualMachines/openjdk-23.0.1/Contents/Home/bin/javac --release 8 -g -classpath /var/folders/gm/lzn3ylzx4lz7mx29lftngdz40000gn/T/jarde-raw-receiver-replay-ibf3znel/empty-classpath -sourcepath /var/folders/gm/lzn3ylzx4lz7mx29lftngdz40000gn/T/jarde-raw-receiver-replay-ibf3znel/empty-sourcepath -d /var/folders/gm/lzn3ylzx4lz7mx29lftngdz40000gn/T/jarde-raw-receiver-replay-ibf3znel/original-probe /Users/lordcasser/workspace/projects/jarde/openspec/evidence/raw-receiver-field-selection-2026-10-09/source/ReceiverProbe.java
jdk23/debug/DirectInstanceRawParam/original-run	0	/Library/Java/JavaVirtualMachines/openjdk-23.0.1/Contents/Home/bin/java -Xverify:all -cp /var/folders/gm/lzn3ylzx4lz7mx29lftngdz40000gn/T/jarde-raw-receiver-replay-ibf3znel/original:/var/folders/gm/lzn3ylzx4lz7mx29lftngdz40000gn/T/jarde-raw-receiver-replay-ibf3znel/original-probe ReceiverProbe DirectInstanceRawParam
jdk23/debug/DirectInstanceRawParam/jarde-DirectInstanceRawParam	0	/private/tmp/jarde-class-ctor-final-cli class-source --input /Users/lordcasser/workspace/projects/jarde/openspec/evidence/raw-receiver-field-selection-2026-10-09/jdk23/debug/input/DirectInstanceRawParam.jar --class DirectInstanceRawParam --policy plain-jar --release 8 --format text
jdk23/debug/DirectInstanceRawParam/jarde-DirectInstanceRawParam-source-header	0	nonempty self-describing source
jdk23/debug/DirectInstanceRawParam/jarde-javac	0	/Library/Java/JavaVirtualMachines/openjdk-23.0.1/Contents/Home/bin/javac --release 8 -g -classpath /var/folders/gm/lzn3ylzx4lz7mx29lftngdz40000gn/T/jarde-raw-receiver-replay-ibf3znel/empty-classpath -sourcepath /var/folders/gm/lzn3ylzx4lz7mx29lftngdz40000gn/T/jarde-raw-receiver-replay-ibf3znel/empty-sourcepath -d /var/folders/gm/lzn3ylzx4lz7mx29lftngdz40000gn/T/jarde-raw-receiver-replay-ibf3znel/jarde-classes /private/tmp/jarde-raw-receiver-marker-baseline-root-20261009/jdk23/debug/jarde/DirectInstanceRawParam.java /Users/lordcasser/workspace/projects/jarde/openspec/evidence/raw-receiver-field-selection-2026-10-09/source/ReceiverProbe.java
jdk23/debug/DirectInstanceRawParam/jarde-verify-run	0	/Library/Java/JavaVirtualMachines/openjdk-23.0.1/Contents/Home/bin/java -Xverify:all -cp /var/folders/gm/lzn3ylzx4lz7mx29lftngdz40000gn/T/jarde-raw-receiver-replay-ibf3znel/jarde-classes ReceiverProbe DirectInstanceRawParam
jdk23/debug/DirectInstanceRawParam/jadx	0	/Users/lordcasser/workspace/testzone/jadx/jadx-cli/build/install/jadx/bin/jadx --no-res --single-class DirectInstanceRawParam -d /private/tmp/jarde-raw-receiver-marker-baseline-root-20261009/jdk23/debug/jadx/DirectInstanceRawParam /Users/lordcasser/workspace/projects/jarde/openspec/evidence/raw-receiver-field-selection-2026-10-09/jdk23/debug/input/DirectInstanceRawParam.jar
jdk23/debug/DirectInstanceRawParam/jadx-source-header	0	nonempty class source
jdk23/debug/DirectInstanceRawParam/jadx-javac	0	/Library/Java/JavaVirtualMachines/openjdk-23.0.1/Contents/Home/bin/javac --release 8 -g -classpath /var/folders/gm/lzn3ylzx4lz7mx29lftngdz40000gn/T/jarde-raw-receiver-replay-ibf3znel/empty-classpath -sourcepath /var/folders/gm/lzn3ylzx4lz7mx29lftngdz40000gn/T/jarde-raw-receiver-replay-ibf3znel/empty-sourcepath -d /var/folders/gm/lzn3ylzx4lz7mx29lftngdz40000gn/T/jarde-raw-receiver-replay-ibf3znel/jadx-classes /private/tmp/jarde-raw-receiver-marker-baseline-root-20261009/jdk23/debug/jadx/DirectInstanceRawParam/sources/defpackage/DirectInstanceRawParam.java /Users/lordcasser/workspace/projects/jarde/openspec/evidence/raw-receiver-field-selection-2026-10-09/source/ReceiverProbe.java
jdk23/debug/DirectInstanceRawParam/jadx-verify-run	0	/Library/Java/JavaVirtualMachines/openjdk-23.0.1/Contents/Home/bin/java -Xverify:all -cp /var/folders/gm/lzn3ylzx4lz7mx29lftngdz40000gn/T/jarde-raw-receiver-replay-ibf3znel/jadx-classes ReceiverProbe defpackage.DirectInstanceRawParam
jdk23/no-debug/DirectInstanceRawParam/jar-contents	0	/Library/Java/JavaVirtualMachines/openjdk-23.0.1/Contents/Home/bin/jar tf /Users/lordcasser/workspace/projects/jarde/openspec/evidence/raw-receiver-field-selection-2026-10-09/jdk23/no-debug/input/DirectInstanceRawParam.jar
jdk23/no-debug/DirectInstanceRawParam/original-javac	0	/Library/Java/JavaVirtualMachines/openjdk-23.0.1/Contents/Home/bin/javac --release 8 -g:none -classpath /var/folders/gm/lzn3ylzx4lz7mx29lftngdz40000gn/T/jarde-raw-receiver-replay-h6shw_o_/empty-classpath -sourcepath /var/folders/gm/lzn3ylzx4lz7mx29lftngdz40000gn/T/jarde-raw-receiver-replay-h6shw_o_/empty-sourcepath -d /var/folders/gm/lzn3ylzx4lz7mx29lftngdz40000gn/T/jarde-raw-receiver-replay-h6shw_o_/original /Users/lordcasser/workspace/projects/jarde/openspec/evidence/raw-receiver-field-selection-2026-10-09/source/DirectInstanceRawParam.java
jdk23/no-debug/DirectInstanceRawParam/javap	0	/Library/Java/JavaVirtualMachines/openjdk-23.0.1/Contents/Home/bin/javap -p -c -s -v -classpath /Users/lordcasser/workspace/projects/jarde/openspec/evidence/raw-receiver-field-selection-2026-10-09/jdk23/no-debug/input/DirectInstanceRawParam.jar DirectInstanceRawParam
jdk23/no-debug/DirectInstanceRawParam/original-probe-javac	0	/Library/Java/JavaVirtualMachines/openjdk-23.0.1/Contents/Home/bin/javac --release 8 -g:none -classpath /var/folders/gm/lzn3ylzx4lz7mx29lftngdz40000gn/T/jarde-raw-receiver-replay-h6shw_o_/empty-classpath -sourcepath /var/folders/gm/lzn3ylzx4lz7mx29lftngdz40000gn/T/jarde-raw-receiver-replay-h6shw_o_/empty-sourcepath -d /var/folders/gm/lzn3ylzx4lz7mx29lftngdz40000gn/T/jarde-raw-receiver-replay-h6shw_o_/original-probe /Users/lordcasser/workspace/projects/jarde/openspec/evidence/raw-receiver-field-selection-2026-10-09/source/ReceiverProbe.java
jdk23/no-debug/DirectInstanceRawParam/original-run	0	/Library/Java/JavaVirtualMachines/openjdk-23.0.1/Contents/Home/bin/java -Xverify:all -cp /var/folders/gm/lzn3ylzx4lz7mx29lftngdz40000gn/T/jarde-raw-receiver-replay-h6shw_o_/original:/var/folders/gm/lzn3ylzx4lz7mx29lftngdz40000gn/T/jarde-raw-receiver-replay-h6shw_o_/original-probe ReceiverProbe DirectInstanceRawParam
jdk23/no-debug/DirectInstanceRawParam/jarde-DirectInstanceRawParam	0	/private/tmp/jarde-class-ctor-final-cli class-source --input /Users/lordcasser/workspace/projects/jarde/openspec/evidence/raw-receiver-field-selection-2026-10-09/jdk23/no-debug/input/DirectInstanceRawParam.jar --class DirectInstanceRawParam --policy plain-jar --release 8 --format text
jdk23/no-debug/DirectInstanceRawParam/jarde-DirectInstanceRawParam-source-header	0	nonempty self-describing source
jdk23/no-debug/DirectInstanceRawParam/jarde-javac	0	/Library/Java/JavaVirtualMachines/openjdk-23.0.1/Contents/Home/bin/javac --release 8 -g:none -classpath /var/folders/gm/lzn3ylzx4lz7mx29lftngdz40000gn/T/jarde-raw-receiver-replay-h6shw_o_/empty-classpath -sourcepath /var/folders/gm/lzn3ylzx4lz7mx29lftngdz40000gn/T/jarde-raw-receiver-replay-h6shw_o_/empty-sourcepath -d /var/folders/gm/lzn3ylzx4lz7mx29lftngdz40000gn/T/jarde-raw-receiver-replay-h6shw_o_/jarde-classes /private/tmp/jarde-raw-receiver-marker-baseline-root-20261009/jdk23/no-debug/jarde/DirectInstanceRawParam.java /Users/lordcasser/workspace/projects/jarde/openspec/evidence/raw-receiver-field-selection-2026-10-09/source/ReceiverProbe.java
jdk23/no-debug/DirectInstanceRawParam/jarde-verify-run	0	/Library/Java/JavaVirtualMachines/openjdk-23.0.1/Contents/Home/bin/java -Xverify:all -cp /var/folders/gm/lzn3ylzx4lz7mx29lftngdz40000gn/T/jarde-raw-receiver-replay-h6shw_o_/jarde-classes ReceiverProbe DirectInstanceRawParam
jdk23/no-debug/DirectInstanceRawParam/jadx	0	/Users/lordcasser/workspace/testzone/jadx/jadx-cli/build/install/jadx/bin/jadx --no-res --single-class DirectInstanceRawParam -d /private/tmp/jarde-raw-receiver-marker-baseline-root-20261009/jdk23/no-debug/jadx/DirectInstanceRawParam /Users/lordcasser/workspace/projects/jarde/openspec/evidence/raw-receiver-field-selection-2026-10-09/jdk23/no-debug/input/DirectInstanceRawParam.jar
jdk23/no-debug/DirectInstanceRawParam/jadx-source-header	0	nonempty class source
jdk23/no-debug/DirectInstanceRawParam/jadx-javac	0	/Library/Java/JavaVirtualMachines/openjdk-23.0.1/Contents/Home/bin/javac --release 8 -g:none -classpath /var/folders/gm/lzn3ylzx4lz7mx29lftngdz40000gn/T/jarde-raw-receiver-replay-h6shw_o_/empty-classpath -sourcepath /var/folders/gm/lzn3ylzx4lz7mx29lftngdz40000gn/T/jarde-raw-receiver-replay-h6shw_o_/empty-sourcepath -d /var/folders/gm/lzn3ylzx4lz7mx29lftngdz40000gn/T/jarde-raw-receiver-replay-h6shw_o_/jadx-classes /private/tmp/jarde-raw-receiver-marker-baseline-root-20261009/jdk23/no-debug/jadx/DirectInstanceRawParam/sources/defpackage/DirectInstanceRawParam.java /Users/lordcasser/workspace/projects/jarde/openspec/evidence/raw-receiver-field-selection-2026-10-09/source/ReceiverProbe.java
jdk23/no-debug/DirectInstanceRawParam/jadx-verify-run	0	/Library/Java/JavaVirtualMachines/openjdk-23.0.1/Contents/Home/bin/java -Xverify:all -cp /var/folders/gm/lzn3ylzx4lz7mx29lftngdz40000gn/T/jarde-raw-receiver-replay-h6shw_o_/jadx-classes ReceiverProbe defpackage.DirectInstanceRawParam
jdk23/debug/WideRawParam/jar-contents	0	/Library/Java/JavaVirtualMachines/openjdk-23.0.1/Contents/Home/bin/jar tf /Users/lordcasser/workspace/projects/jarde/openspec/evidence/raw-receiver-field-selection-2026-10-09/jdk23/debug/input/WideRawParam.jar
jdk23/debug/WideRawParam/original-javac	0	/Library/Java/JavaVirtualMachines/openjdk-23.0.1/Contents/Home/bin/javac --release 8 -g -classpath /var/folders/gm/lzn3ylzx4lz7mx29lftngdz40000gn/T/jarde-raw-receiver-replay-zzuq1g4y/empty-classpath -sourcepath /var/folders/gm/lzn3ylzx4lz7mx29lftngdz40000gn/T/jarde-raw-receiver-replay-zzuq1g4y/empty-sourcepath -d /var/folders/gm/lzn3ylzx4lz7mx29lftngdz40000gn/T/jarde-raw-receiver-replay-zzuq1g4y/original /Users/lordcasser/workspace/projects/jarde/openspec/evidence/raw-receiver-field-selection-2026-10-09/source/WideRawParam.java
jdk23/debug/WideRawParam/javap	0	/Library/Java/JavaVirtualMachines/openjdk-23.0.1/Contents/Home/bin/javap -p -c -s -v -classpath /Users/lordcasser/workspace/projects/jarde/openspec/evidence/raw-receiver-field-selection-2026-10-09/jdk23/debug/input/WideRawParam.jar WideRawParam
jdk23/debug/WideRawParam/original-probe-javac	0	/Library/Java/JavaVirtualMachines/openjdk-23.0.1/Contents/Home/bin/javac --release 8 -g -classpath /var/folders/gm/lzn3ylzx4lz7mx29lftngdz40000gn/T/jarde-raw-receiver-replay-zzuq1g4y/empty-classpath -sourcepath /var/folders/gm/lzn3ylzx4lz7mx29lftngdz40000gn/T/jarde-raw-receiver-replay-zzuq1g4y/empty-sourcepath -d /var/folders/gm/lzn3ylzx4lz7mx29lftngdz40000gn/T/jarde-raw-receiver-replay-zzuq1g4y/original-probe /Users/lordcasser/workspace/projects/jarde/openspec/evidence/raw-receiver-field-selection-2026-10-09/source/ReceiverProbe.java
jdk23/debug/WideRawParam/original-run	0	/Library/Java/JavaVirtualMachines/openjdk-23.0.1/Contents/Home/bin/java -Xverify:all -cp /var/folders/gm/lzn3ylzx4lz7mx29lftngdz40000gn/T/jarde-raw-receiver-replay-zzuq1g4y/original:/var/folders/gm/lzn3ylzx4lz7mx29lftngdz40000gn/T/jarde-raw-receiver-replay-zzuq1g4y/original-probe ReceiverProbe WideRawParam
jdk23/debug/WideRawParam/jarde-WideRawParam	0	/private/tmp/jarde-class-ctor-final-cli class-source --input /Users/lordcasser/workspace/projects/jarde/openspec/evidence/raw-receiver-field-selection-2026-10-09/jdk23/debug/input/WideRawParam.jar --class WideRawParam --policy plain-jar --release 8 --format text
jdk23/debug/WideRawParam/jarde-WideRawParam-source-header	0	nonempty self-describing source
jdk23/debug/WideRawParam/jarde-javac	0	/Library/Java/JavaVirtualMachines/openjdk-23.0.1/Contents/Home/bin/javac --release 8 -g -classpath /var/folders/gm/lzn3ylzx4lz7mx29lftngdz40000gn/T/jarde-raw-receiver-replay-zzuq1g4y/empty-classpath -sourcepath /var/folders/gm/lzn3ylzx4lz7mx29lftngdz40000gn/T/jarde-raw-receiver-replay-zzuq1g4y/empty-sourcepath -d /var/folders/gm/lzn3ylzx4lz7mx29lftngdz40000gn/T/jarde-raw-receiver-replay-zzuq1g4y/jarde-classes /private/tmp/jarde-raw-receiver-marker-baseline-root-20261009/jdk23/debug/jarde/WideRawParam.java /Users/lordcasser/workspace/projects/jarde/openspec/evidence/raw-receiver-field-selection-2026-10-09/source/ReceiverProbe.java
jdk23/debug/WideRawParam/jarde-verify-run	0	/Library/Java/JavaVirtualMachines/openjdk-23.0.1/Contents/Home/bin/java -Xverify:all -cp /var/folders/gm/lzn3ylzx4lz7mx29lftngdz40000gn/T/jarde-raw-receiver-replay-zzuq1g4y/jarde-classes ReceiverProbe WideRawParam
jdk23/debug/WideRawParam/jadx	0	/Users/lordcasser/workspace/testzone/jadx/jadx-cli/build/install/jadx/bin/jadx --no-res --single-class WideRawParam -d /private/tmp/jarde-raw-receiver-marker-baseline-root-20261009/jdk23/debug/jadx/WideRawParam /Users/lordcasser/workspace/projects/jarde/openspec/evidence/raw-receiver-field-selection-2026-10-09/jdk23/debug/input/WideRawParam.jar
jdk23/debug/WideRawParam/jadx-source-header	0	nonempty class source
jdk23/debug/WideRawParam/jadx-javac	0	/Library/Java/JavaVirtualMachines/openjdk-23.0.1/Contents/Home/bin/javac --release 8 -g -classpath /var/folders/gm/lzn3ylzx4lz7mx29lftngdz40000gn/T/jarde-raw-receiver-replay-zzuq1g4y/empty-classpath -sourcepath /var/folders/gm/lzn3ylzx4lz7mx29lftngdz40000gn/T/jarde-raw-receiver-replay-zzuq1g4y/empty-sourcepath -d /var/folders/gm/lzn3ylzx4lz7mx29lftngdz40000gn/T/jarde-raw-receiver-replay-zzuq1g4y/jadx-classes /private/tmp/jarde-raw-receiver-marker-baseline-root-20261009/jdk23/debug/jadx/WideRawParam/sources/defpackage/WideRawParam.java /Users/lordcasser/workspace/projects/jarde/openspec/evidence/raw-receiver-field-selection-2026-10-09/source/ReceiverProbe.java
jdk23/debug/WideRawParam/jadx-verify-run	0	/Library/Java/JavaVirtualMachines/openjdk-23.0.1/Contents/Home/bin/java -Xverify:all -cp /var/folders/gm/lzn3ylzx4lz7mx29lftngdz40000gn/T/jarde-raw-receiver-replay-zzuq1g4y/jadx-classes ReceiverProbe defpackage.WideRawParam
jdk23/no-debug/WideRawParam/jar-contents	0	/Library/Java/JavaVirtualMachines/openjdk-23.0.1/Contents/Home/bin/jar tf /Users/lordcasser/workspace/projects/jarde/openspec/evidence/raw-receiver-field-selection-2026-10-09/jdk23/no-debug/input/WideRawParam.jar
jdk23/no-debug/WideRawParam/original-javac	0	/Library/Java/JavaVirtualMachines/openjdk-23.0.1/Contents/Home/bin/javac --release 8 -g:none -classpath /var/folders/gm/lzn3ylzx4lz7mx29lftngdz40000gn/T/jarde-raw-receiver-replay-rl9jmtnm/empty-classpath -sourcepath /var/folders/gm/lzn3ylzx4lz7mx29lftngdz40000gn/T/jarde-raw-receiver-replay-rl9jmtnm/empty-sourcepath -d /var/folders/gm/lzn3ylzx4lz7mx29lftngdz40000gn/T/jarde-raw-receiver-replay-rl9jmtnm/original /Users/lordcasser/workspace/projects/jarde/openspec/evidence/raw-receiver-field-selection-2026-10-09/source/WideRawParam.java
jdk23/no-debug/WideRawParam/javap	0	/Library/Java/JavaVirtualMachines/openjdk-23.0.1/Contents/Home/bin/javap -p -c -s -v -classpath /Users/lordcasser/workspace/projects/jarde/openspec/evidence/raw-receiver-field-selection-2026-10-09/jdk23/no-debug/input/WideRawParam.jar WideRawParam
jdk23/no-debug/WideRawParam/original-probe-javac	0	/Library/Java/JavaVirtualMachines/openjdk-23.0.1/Contents/Home/bin/javac --release 8 -g:none -classpath /var/folders/gm/lzn3ylzx4lz7mx29lftngdz40000gn/T/jarde-raw-receiver-replay-rl9jmtnm/empty-classpath -sourcepath /var/folders/gm/lzn3ylzx4lz7mx29lftngdz40000gn/T/jarde-raw-receiver-replay-rl9jmtnm/empty-sourcepath -d /var/folders/gm/lzn3ylzx4lz7mx29lftngdz40000gn/T/jarde-raw-receiver-replay-rl9jmtnm/original-probe /Users/lordcasser/workspace/projects/jarde/openspec/evidence/raw-receiver-field-selection-2026-10-09/source/ReceiverProbe.java
jdk23/no-debug/WideRawParam/original-run	0	/Library/Java/JavaVirtualMachines/openjdk-23.0.1/Contents/Home/bin/java -Xverify:all -cp /var/folders/gm/lzn3ylzx4lz7mx29lftngdz40000gn/T/jarde-raw-receiver-replay-rl9jmtnm/original:/var/folders/gm/lzn3ylzx4lz7mx29lftngdz40000gn/T/jarde-raw-receiver-replay-rl9jmtnm/original-probe ReceiverProbe WideRawParam
jdk23/no-debug/WideRawParam/jarde-WideRawParam	0	/private/tmp/jarde-class-ctor-final-cli class-source --input /Users/lordcasser/workspace/projects/jarde/openspec/evidence/raw-receiver-field-selection-2026-10-09/jdk23/no-debug/input/WideRawParam.jar --class WideRawParam --policy plain-jar --release 8 --format text
jdk23/no-debug/WideRawParam/jarde-WideRawParam-source-header	0	nonempty self-describing source
jdk23/no-debug/WideRawParam/jarde-javac	0	/Library/Java/JavaVirtualMachines/openjdk-23.0.1/Contents/Home/bin/javac --release 8 -g:none -classpath /var/folders/gm/lzn3ylzx4lz7mx29lftngdz40000gn/T/jarde-raw-receiver-replay-rl9jmtnm/empty-classpath -sourcepath /var/folders/gm/lzn3ylzx4lz7mx29lftngdz40000gn/T/jarde-raw-receiver-replay-rl9jmtnm/empty-sourcepath -d /var/folders/gm/lzn3ylzx4lz7mx29lftngdz40000gn/T/jarde-raw-receiver-replay-rl9jmtnm/jarde-classes /private/tmp/jarde-raw-receiver-marker-baseline-root-20261009/jdk23/no-debug/jarde/WideRawParam.java /Users/lordcasser/workspace/projects/jarde/openspec/evidence/raw-receiver-field-selection-2026-10-09/source/ReceiverProbe.java
jdk23/no-debug/WideRawParam/jarde-verify-run	0	/Library/Java/JavaVirtualMachines/openjdk-23.0.1/Contents/Home/bin/java -Xverify:all -cp /var/folders/gm/lzn3ylzx4lz7mx29lftngdz40000gn/T/jarde-raw-receiver-replay-rl9jmtnm/jarde-classes ReceiverProbe WideRawParam
jdk23/no-debug/WideRawParam/jadx	0	/Users/lordcasser/workspace/testzone/jadx/jadx-cli/build/install/jadx/bin/jadx --no-res --single-class WideRawParam -d /private/tmp/jarde-raw-receiver-marker-baseline-root-20261009/jdk23/no-debug/jadx/WideRawParam /Users/lordcasser/workspace/projects/jarde/openspec/evidence/raw-receiver-field-selection-2026-10-09/jdk23/no-debug/input/WideRawParam.jar
jdk23/no-debug/WideRawParam/jadx-source-header	0	nonempty class source
jdk23/no-debug/WideRawParam/jadx-javac	0	/Library/Java/JavaVirtualMachines/openjdk-23.0.1/Contents/Home/bin/javac --release 8 -g:none -classpath /var/folders/gm/lzn3ylzx4lz7mx29lftngdz40000gn/T/jarde-raw-receiver-replay-rl9jmtnm/empty-classpath -sourcepath /var/folders/gm/lzn3ylzx4lz7mx29lftngdz40000gn/T/jarde-raw-receiver-replay-rl9jmtnm/empty-sourcepath -d /var/folders/gm/lzn3ylzx4lz7mx29lftngdz40000gn/T/jarde-raw-receiver-replay-rl9jmtnm/jadx-classes /private/tmp/jarde-raw-receiver-marker-baseline-root-20261009/jdk23/no-debug/jadx/WideRawParam/sources/defpackage/WideRawParam.java /Users/lordcasser/workspace/projects/jarde/openspec/evidence/raw-receiver-field-selection-2026-10-09/source/ReceiverProbe.java
jdk23/no-debug/WideRawParam/jadx-verify-run	0	/Library/Java/JavaVirtualMachines/openjdk-23.0.1/Contents/Home/bin/java -Xverify:all -cp /var/folders/gm/lzn3ylzx4lz7mx29lftngdz40000gn/T/jarde-raw-receiver-replay-rl9jmtnm/jadx-classes ReceiverProbe defpackage.WideRawParam
jdk23/debug/ArrayRawParam/jar-contents	0	/Library/Java/JavaVirtualMachines/openjdk-23.0.1/Contents/Home/bin/jar tf /Users/lordcasser/workspace/projects/jarde/openspec/evidence/raw-receiver-field-selection-2026-10-09/jdk23/debug/input/ArrayRawParam.jar
jdk23/debug/ArrayRawParam/original-javac	0	/Library/Java/JavaVirtualMachines/openjdk-23.0.1/Contents/Home/bin/javac --release 8 -g -classpath /var/folders/gm/lzn3ylzx4lz7mx29lftngdz40000gn/T/jarde-raw-receiver-replay-ge0g32v6/empty-classpath -sourcepath /var/folders/gm/lzn3ylzx4lz7mx29lftngdz40000gn/T/jarde-raw-receiver-replay-ge0g32v6/empty-sourcepath -d /var/folders/gm/lzn3ylzx4lz7mx29lftngdz40000gn/T/jarde-raw-receiver-replay-ge0g32v6/original /Users/lordcasser/workspace/projects/jarde/openspec/evidence/raw-receiver-field-selection-2026-10-09/source/ArrayRawParam.java
jdk23/debug/ArrayRawParam/javap	0	/Library/Java/JavaVirtualMachines/openjdk-23.0.1/Contents/Home/bin/javap -p -c -s -v -classpath /Users/lordcasser/workspace/projects/jarde/openspec/evidence/raw-receiver-field-selection-2026-10-09/jdk23/debug/input/ArrayRawParam.jar ArrayRawParam
jdk23/debug/ArrayRawParam/original-probe-javac	0	/Library/Java/JavaVirtualMachines/openjdk-23.0.1/Contents/Home/bin/javac --release 8 -g -classpath /var/folders/gm/lzn3ylzx4lz7mx29lftngdz40000gn/T/jarde-raw-receiver-replay-ge0g32v6/empty-classpath -sourcepath /var/folders/gm/lzn3ylzx4lz7mx29lftngdz40000gn/T/jarde-raw-receiver-replay-ge0g32v6/empty-sourcepath -d /var/folders/gm/lzn3ylzx4lz7mx29lftngdz40000gn/T/jarde-raw-receiver-replay-ge0g32v6/original-probe /Users/lordcasser/workspace/projects/jarde/openspec/evidence/raw-receiver-field-selection-2026-10-09/source/ReceiverProbe.java
jdk23/debug/ArrayRawParam/original-run	0	/Library/Java/JavaVirtualMachines/openjdk-23.0.1/Contents/Home/bin/java -Xverify:all -cp /var/folders/gm/lzn3ylzx4lz7mx29lftngdz40000gn/T/jarde-raw-receiver-replay-ge0g32v6/original:/var/folders/gm/lzn3ylzx4lz7mx29lftngdz40000gn/T/jarde-raw-receiver-replay-ge0g32v6/original-probe ReceiverProbe ArrayRawParam
jdk23/debug/ArrayRawParam/jarde-ArrayRawParam	0	/private/tmp/jarde-class-ctor-final-cli class-source --input /Users/lordcasser/workspace/projects/jarde/openspec/evidence/raw-receiver-field-selection-2026-10-09/jdk23/debug/input/ArrayRawParam.jar --class ArrayRawParam --policy plain-jar --release 8 --format text
jdk23/debug/ArrayRawParam/jarde-ArrayRawParam-source-header	0	nonempty self-describing source
jdk23/debug/ArrayRawParam/jarde-javac	0	/Library/Java/JavaVirtualMachines/openjdk-23.0.1/Contents/Home/bin/javac --release 8 -g -classpath /var/folders/gm/lzn3ylzx4lz7mx29lftngdz40000gn/T/jarde-raw-receiver-replay-ge0g32v6/empty-classpath -sourcepath /var/folders/gm/lzn3ylzx4lz7mx29lftngdz40000gn/T/jarde-raw-receiver-replay-ge0g32v6/empty-sourcepath -d /var/folders/gm/lzn3ylzx4lz7mx29lftngdz40000gn/T/jarde-raw-receiver-replay-ge0g32v6/jarde-classes /private/tmp/jarde-raw-receiver-marker-baseline-root-20261009/jdk23/debug/jarde/ArrayRawParam.java /Users/lordcasser/workspace/projects/jarde/openspec/evidence/raw-receiver-field-selection-2026-10-09/source/ReceiverProbe.java
jdk23/debug/ArrayRawParam/jarde-verify-run	0	/Library/Java/JavaVirtualMachines/openjdk-23.0.1/Contents/Home/bin/java -Xverify:all -cp /var/folders/gm/lzn3ylzx4lz7mx29lftngdz40000gn/T/jarde-raw-receiver-replay-ge0g32v6/jarde-classes ReceiverProbe ArrayRawParam
jdk23/debug/ArrayRawParam/jadx	0	/Users/lordcasser/workspace/testzone/jadx/jadx-cli/build/install/jadx/bin/jadx --no-res --single-class ArrayRawParam -d /private/tmp/jarde-raw-receiver-marker-baseline-root-20261009/jdk23/debug/jadx/ArrayRawParam /Users/lordcasser/workspace/projects/jarde/openspec/evidence/raw-receiver-field-selection-2026-10-09/jdk23/debug/input/ArrayRawParam.jar
jdk23/debug/ArrayRawParam/jadx-source-header	0	nonempty class source
jdk23/debug/ArrayRawParam/jadx-javac	0	/Library/Java/JavaVirtualMachines/openjdk-23.0.1/Contents/Home/bin/javac --release 8 -g -classpath /var/folders/gm/lzn3ylzx4lz7mx29lftngdz40000gn/T/jarde-raw-receiver-replay-ge0g32v6/empty-classpath -sourcepath /var/folders/gm/lzn3ylzx4lz7mx29lftngdz40000gn/T/jarde-raw-receiver-replay-ge0g32v6/empty-sourcepath -d /var/folders/gm/lzn3ylzx4lz7mx29lftngdz40000gn/T/jarde-raw-receiver-replay-ge0g32v6/jadx-classes /private/tmp/jarde-raw-receiver-marker-baseline-root-20261009/jdk23/debug/jadx/ArrayRawParam/sources/defpackage/ArrayRawParam.java /Users/lordcasser/workspace/projects/jarde/openspec/evidence/raw-receiver-field-selection-2026-10-09/source/ReceiverProbe.java
jdk23/debug/ArrayRawParam/jadx-verify-run	0	/Library/Java/JavaVirtualMachines/openjdk-23.0.1/Contents/Home/bin/java -Xverify:all -cp /var/folders/gm/lzn3ylzx4lz7mx29lftngdz40000gn/T/jarde-raw-receiver-replay-ge0g32v6/jadx-classes ReceiverProbe defpackage.ArrayRawParam
jdk23/no-debug/ArrayRawParam/jar-contents	0	/Library/Java/JavaVirtualMachines/openjdk-23.0.1/Contents/Home/bin/jar tf /Users/lordcasser/workspace/projects/jarde/openspec/evidence/raw-receiver-field-selection-2026-10-09/jdk23/no-debug/input/ArrayRawParam.jar
jdk23/no-debug/ArrayRawParam/original-javac	0	/Library/Java/JavaVirtualMachines/openjdk-23.0.1/Contents/Home/bin/javac --release 8 -g:none -classpath /var/folders/gm/lzn3ylzx4lz7mx29lftngdz40000gn/T/jarde-raw-receiver-replay-a9bnxn9z/empty-classpath -sourcepath /var/folders/gm/lzn3ylzx4lz7mx29lftngdz40000gn/T/jarde-raw-receiver-replay-a9bnxn9z/empty-sourcepath -d /var/folders/gm/lzn3ylzx4lz7mx29lftngdz40000gn/T/jarde-raw-receiver-replay-a9bnxn9z/original /Users/lordcasser/workspace/projects/jarde/openspec/evidence/raw-receiver-field-selection-2026-10-09/source/ArrayRawParam.java
jdk23/no-debug/ArrayRawParam/javap	0	/Library/Java/JavaVirtualMachines/openjdk-23.0.1/Contents/Home/bin/javap -p -c -s -v -classpath /Users/lordcasser/workspace/projects/jarde/openspec/evidence/raw-receiver-field-selection-2026-10-09/jdk23/no-debug/input/ArrayRawParam.jar ArrayRawParam
jdk23/no-debug/ArrayRawParam/original-probe-javac	0	/Library/Java/JavaVirtualMachines/openjdk-23.0.1/Contents/Home/bin/javac --release 8 -g:none -classpath /var/folders/gm/lzn3ylzx4lz7mx29lftngdz40000gn/T/jarde-raw-receiver-replay-a9bnxn9z/empty-classpath -sourcepath /var/folders/gm/lzn3ylzx4lz7mx29lftngdz40000gn/T/jarde-raw-receiver-replay-a9bnxn9z/empty-sourcepath -d /var/folders/gm/lzn3ylzx4lz7mx29lftngdz40000gn/T/jarde-raw-receiver-replay-a9bnxn9z/original-probe /Users/lordcasser/workspace/projects/jarde/openspec/evidence/raw-receiver-field-selection-2026-10-09/source/ReceiverProbe.java
jdk23/no-debug/ArrayRawParam/original-run	0	/Library/Java/JavaVirtualMachines/openjdk-23.0.1/Contents/Home/bin/java -Xverify:all -cp /var/folders/gm/lzn3ylzx4lz7mx29lftngdz40000gn/T/jarde-raw-receiver-replay-a9bnxn9z/original:/var/folders/gm/lzn3ylzx4lz7mx29lftngdz40000gn/T/jarde-raw-receiver-replay-a9bnxn9z/original-probe ReceiverProbe ArrayRawParam
jdk23/no-debug/ArrayRawParam/jarde-ArrayRawParam	0	/private/tmp/jarde-class-ctor-final-cli class-source --input /Users/lordcasser/workspace/projects/jarde/openspec/evidence/raw-receiver-field-selection-2026-10-09/jdk23/no-debug/input/ArrayRawParam.jar --class ArrayRawParam --policy plain-jar --release 8 --format text
jdk23/no-debug/ArrayRawParam/jarde-ArrayRawParam-source-header	0	nonempty self-describing source
jdk23/no-debug/ArrayRawParam/jarde-javac	0	/Library/Java/JavaVirtualMachines/openjdk-23.0.1/Contents/Home/bin/javac --release 8 -g:none -classpath /var/folders/gm/lzn3ylzx4lz7mx29lftngdz40000gn/T/jarde-raw-receiver-replay-a9bnxn9z/empty-classpath -sourcepath /var/folders/gm/lzn3ylzx4lz7mx29lftngdz40000gn/T/jarde-raw-receiver-replay-a9bnxn9z/empty-sourcepath -d /var/folders/gm/lzn3ylzx4lz7mx29lftngdz40000gn/T/jarde-raw-receiver-replay-a9bnxn9z/jarde-classes /private/tmp/jarde-raw-receiver-marker-baseline-root-20261009/jdk23/no-debug/jarde/ArrayRawParam.java /Users/lordcasser/workspace/projects/jarde/openspec/evidence/raw-receiver-field-selection-2026-10-09/source/ReceiverProbe.java
jdk23/no-debug/ArrayRawParam/jarde-verify-run	0	/Library/Java/JavaVirtualMachines/openjdk-23.0.1/Contents/Home/bin/java -Xverify:all -cp /var/folders/gm/lzn3ylzx4lz7mx29lftngdz40000gn/T/jarde-raw-receiver-replay-a9bnxn9z/jarde-classes ReceiverProbe ArrayRawParam
jdk23/no-debug/ArrayRawParam/jadx	0	/Users/lordcasser/workspace/testzone/jadx/jadx-cli/build/install/jadx/bin/jadx --no-res --single-class ArrayRawParam -d /private/tmp/jarde-raw-receiver-marker-baseline-root-20261009/jdk23/no-debug/jadx/ArrayRawParam /Users/lordcasser/workspace/projects/jarde/openspec/evidence/raw-receiver-field-selection-2026-10-09/jdk23/no-debug/input/ArrayRawParam.jar
jdk23/no-debug/ArrayRawParam/jadx-source-header	0	nonempty class source
jdk23/no-debug/ArrayRawParam/jadx-javac	0	/Library/Java/JavaVirtualMachines/openjdk-23.0.1/Contents/Home/bin/javac --release 8 -g:none -classpath /var/folders/gm/lzn3ylzx4lz7mx29lftngdz40000gn/T/jarde-raw-receiver-replay-a9bnxn9z/empty-classpath -sourcepath /var/folders/gm/lzn3ylzx4lz7mx29lftngdz40000gn/T/jarde-raw-receiver-replay-a9bnxn9z/empty-sourcepath -d /var/folders/gm/lzn3ylzx4lz7mx29lftngdz40000gn/T/jarde-raw-receiver-replay-a9bnxn9z/jadx-classes /private/tmp/jarde-raw-receiver-marker-baseline-root-20261009/jdk23/no-debug/jadx/ArrayRawParam/sources/defpackage/ArrayRawParam.java /Users/lordcasser/workspace/projects/jarde/openspec/evidence/raw-receiver-field-selection-2026-10-09/source/ReceiverProbe.java
jdk23/no-debug/ArrayRawParam/jadx-verify-run	0	/Library/Java/JavaVirtualMachines/openjdk-23.0.1/Contents/Home/bin/java -Xverify:all -cp /var/folders/gm/lzn3ylzx4lz7mx29lftngdz40000gn/T/jarde-raw-receiver-replay-a9bnxn9z/jadx-classes ReceiverProbe defpackage.ArrayRawParam
jdk23/debug/Array2DRawParam/jar-contents	0	/Library/Java/JavaVirtualMachines/openjdk-23.0.1/Contents/Home/bin/jar tf /Users/lordcasser/workspace/projects/jarde/openspec/evidence/raw-receiver-field-selection-2026-10-09/jdk23/debug/input/Array2DRawParam.jar
jdk23/debug/Array2DRawParam/original-javac	0	/Library/Java/JavaVirtualMachines/openjdk-23.0.1/Contents/Home/bin/javac --release 8 -g -classpath /var/folders/gm/lzn3ylzx4lz7mx29lftngdz40000gn/T/jarde-raw-receiver-replay-zkq3uf7_/empty-classpath -sourcepath /var/folders/gm/lzn3ylzx4lz7mx29lftngdz40000gn/T/jarde-raw-receiver-replay-zkq3uf7_/empty-sourcepath -d /var/folders/gm/lzn3ylzx4lz7mx29lftngdz40000gn/T/jarde-raw-receiver-replay-zkq3uf7_/original /Users/lordcasser/workspace/projects/jarde/openspec/evidence/raw-receiver-field-selection-2026-10-09/source/Array2DRawParam.java
jdk23/debug/Array2DRawParam/javap	0	/Library/Java/JavaVirtualMachines/openjdk-23.0.1/Contents/Home/bin/javap -p -c -s -v -classpath /Users/lordcasser/workspace/projects/jarde/openspec/evidence/raw-receiver-field-selection-2026-10-09/jdk23/debug/input/Array2DRawParam.jar Array2DRawParam
jdk23/debug/Array2DRawParam/original-probe-javac	0	/Library/Java/JavaVirtualMachines/openjdk-23.0.1/Contents/Home/bin/javac --release 8 -g -classpath /var/folders/gm/lzn3ylzx4lz7mx29lftngdz40000gn/T/jarde-raw-receiver-replay-zkq3uf7_/empty-classpath -sourcepath /var/folders/gm/lzn3ylzx4lz7mx29lftngdz40000gn/T/jarde-raw-receiver-replay-zkq3uf7_/empty-sourcepath -d /var/folders/gm/lzn3ylzx4lz7mx29lftngdz40000gn/T/jarde-raw-receiver-replay-zkq3uf7_/original-probe /Users/lordcasser/workspace/projects/jarde/openspec/evidence/raw-receiver-field-selection-2026-10-09/source/ReceiverProbe.java
jdk23/debug/Array2DRawParam/original-run	0	/Library/Java/JavaVirtualMachines/openjdk-23.0.1/Contents/Home/bin/java -Xverify:all -cp /var/folders/gm/lzn3ylzx4lz7mx29lftngdz40000gn/T/jarde-raw-receiver-replay-zkq3uf7_/original:/var/folders/gm/lzn3ylzx4lz7mx29lftngdz40000gn/T/jarde-raw-receiver-replay-zkq3uf7_/original-probe ReceiverProbe Array2DRawParam
jdk23/debug/Array2DRawParam/jarde-Array2DRawParam	0	/private/tmp/jarde-class-ctor-final-cli class-source --input /Users/lordcasser/workspace/projects/jarde/openspec/evidence/raw-receiver-field-selection-2026-10-09/jdk23/debug/input/Array2DRawParam.jar --class Array2DRawParam --policy plain-jar --release 8 --format text
jdk23/debug/Array2DRawParam/jarde-Array2DRawParam-source-header	0	nonempty self-describing source
jdk23/debug/Array2DRawParam/jarde-javac	0	/Library/Java/JavaVirtualMachines/openjdk-23.0.1/Contents/Home/bin/javac --release 8 -g -classpath /var/folders/gm/lzn3ylzx4lz7mx29lftngdz40000gn/T/jarde-raw-receiver-replay-zkq3uf7_/empty-classpath -sourcepath /var/folders/gm/lzn3ylzx4lz7mx29lftngdz40000gn/T/jarde-raw-receiver-replay-zkq3uf7_/empty-sourcepath -d /var/folders/gm/lzn3ylzx4lz7mx29lftngdz40000gn/T/jarde-raw-receiver-replay-zkq3uf7_/jarde-classes /private/tmp/jarde-raw-receiver-marker-baseline-root-20261009/jdk23/debug/jarde/Array2DRawParam.java /Users/lordcasser/workspace/projects/jarde/openspec/evidence/raw-receiver-field-selection-2026-10-09/source/ReceiverProbe.java
jdk23/debug/Array2DRawParam/jarde-verify-run	0	/Library/Java/JavaVirtualMachines/openjdk-23.0.1/Contents/Home/bin/java -Xverify:all -cp /var/folders/gm/lzn3ylzx4lz7mx29lftngdz40000gn/T/jarde-raw-receiver-replay-zkq3uf7_/jarde-classes ReceiverProbe Array2DRawParam
jdk23/debug/Array2DRawParam/jadx	0	/Users/lordcasser/workspace/testzone/jadx/jadx-cli/build/install/jadx/bin/jadx --no-res --single-class Array2DRawParam -d /private/tmp/jarde-raw-receiver-marker-baseline-root-20261009/jdk23/debug/jadx/Array2DRawParam /Users/lordcasser/workspace/projects/jarde/openspec/evidence/raw-receiver-field-selection-2026-10-09/jdk23/debug/input/Array2DRawParam.jar
jdk23/debug/Array2DRawParam/jadx-source-header	0	nonempty class source
jdk23/debug/Array2DRawParam/jadx-javac	0	/Library/Java/JavaVirtualMachines/openjdk-23.0.1/Contents/Home/bin/javac --release 8 -g -classpath /var/folders/gm/lzn3ylzx4lz7mx29lftngdz40000gn/T/jarde-raw-receiver-replay-zkq3uf7_/empty-classpath -sourcepath /var/folders/gm/lzn3ylzx4lz7mx29lftngdz40000gn/T/jarde-raw-receiver-replay-zkq3uf7_/empty-sourcepath -d /var/folders/gm/lzn3ylzx4lz7mx29lftngdz40000gn/T/jarde-raw-receiver-replay-zkq3uf7_/jadx-classes /private/tmp/jarde-raw-receiver-marker-baseline-root-20261009/jdk23/debug/jadx/Array2DRawParam/sources/defpackage/Array2DRawParam.java /Users/lordcasser/workspace/projects/jarde/openspec/evidence/raw-receiver-field-selection-2026-10-09/source/ReceiverProbe.java
jdk23/debug/Array2DRawParam/jadx-verify-run	0	/Library/Java/JavaVirtualMachines/openjdk-23.0.1/Contents/Home/bin/java -Xverify:all -cp /var/folders/gm/lzn3ylzx4lz7mx29lftngdz40000gn/T/jarde-raw-receiver-replay-zkq3uf7_/jadx-classes ReceiverProbe defpackage.Array2DRawParam
jdk23/no-debug/Array2DRawParam/jar-contents	0	/Library/Java/JavaVirtualMachines/openjdk-23.0.1/Contents/Home/bin/jar tf /Users/lordcasser/workspace/projects/jarde/openspec/evidence/raw-receiver-field-selection-2026-10-09/jdk23/no-debug/input/Array2DRawParam.jar
jdk23/no-debug/Array2DRawParam/original-javac	0	/Library/Java/JavaVirtualMachines/openjdk-23.0.1/Contents/Home/bin/javac --release 8 -g:none -classpath /var/folders/gm/lzn3ylzx4lz7mx29lftngdz40000gn/T/jarde-raw-receiver-replay-x6rqi2xw/empty-classpath -sourcepath /var/folders/gm/lzn3ylzx4lz7mx29lftngdz40000gn/T/jarde-raw-receiver-replay-x6rqi2xw/empty-sourcepath -d /var/folders/gm/lzn3ylzx4lz7mx29lftngdz40000gn/T/jarde-raw-receiver-replay-x6rqi2xw/original /Users/lordcasser/workspace/projects/jarde/openspec/evidence/raw-receiver-field-selection-2026-10-09/source/Array2DRawParam.java
jdk23/no-debug/Array2DRawParam/javap	0	/Library/Java/JavaVirtualMachines/openjdk-23.0.1/Contents/Home/bin/javap -p -c -s -v -classpath /Users/lordcasser/workspace/projects/jarde/openspec/evidence/raw-receiver-field-selection-2026-10-09/jdk23/no-debug/input/Array2DRawParam.jar Array2DRawParam
jdk23/no-debug/Array2DRawParam/original-probe-javac	0	/Library/Java/JavaVirtualMachines/openjdk-23.0.1/Contents/Home/bin/javac --release 8 -g:none -classpath /var/folders/gm/lzn3ylzx4lz7mx29lftngdz40000gn/T/jarde-raw-receiver-replay-x6rqi2xw/empty-classpath -sourcepath /var/folders/gm/lzn3ylzx4lz7mx29lftngdz40000gn/T/jarde-raw-receiver-replay-x6rqi2xw/empty-sourcepath -d /var/folders/gm/lzn3ylzx4lz7mx29lftngdz40000gn/T/jarde-raw-receiver-replay-x6rqi2xw/original-probe /Users/lordcasser/workspace/projects/jarde/openspec/evidence/raw-receiver-field-selection-2026-10-09/source/ReceiverProbe.java
jdk23/no-debug/Array2DRawParam/original-run	0	/Library/Java/JavaVirtualMachines/openjdk-23.0.1/Contents/Home/bin/java -Xverify:all -cp /var/folders/gm/lzn3ylzx4lz7mx29lftngdz40000gn/T/jarde-raw-receiver-replay-x6rqi2xw/original:/var/folders/gm/lzn3ylzx4lz7mx29lftngdz40000gn/T/jarde-raw-receiver-replay-x6rqi2xw/original-probe ReceiverProbe Array2DRawParam
jdk23/no-debug/Array2DRawParam/jarde-Array2DRawParam	0	/private/tmp/jarde-class-ctor-final-cli class-source --input /Users/lordcasser/workspace/projects/jarde/openspec/evidence/raw-receiver-field-selection-2026-10-09/jdk23/no-debug/input/Array2DRawParam.jar --class Array2DRawParam --policy plain-jar --release 8 --format text
jdk23/no-debug/Array2DRawParam/jarde-Array2DRawParam-source-header	0	nonempty self-describing source
jdk23/no-debug/Array2DRawParam/jarde-javac	0	/Library/Java/JavaVirtualMachines/openjdk-23.0.1/Contents/Home/bin/javac --release 8 -g:none -classpath /var/folders/gm/lzn3ylzx4lz7mx29lftngdz40000gn/T/jarde-raw-receiver-replay-x6rqi2xw/empty-classpath -sourcepath /var/folders/gm/lzn3ylzx4lz7mx29lftngdz40000gn/T/jarde-raw-receiver-replay-x6rqi2xw/empty-sourcepath -d /var/folders/gm/lzn3ylzx4lz7mx29lftngdz40000gn/T/jarde-raw-receiver-replay-x6rqi2xw/jarde-classes /private/tmp/jarde-raw-receiver-marker-baseline-root-20261009/jdk23/no-debug/jarde/Array2DRawParam.java /Users/lordcasser/workspace/projects/jarde/openspec/evidence/raw-receiver-field-selection-2026-10-09/source/ReceiverProbe.java
jdk23/no-debug/Array2DRawParam/jarde-verify-run	0	/Library/Java/JavaVirtualMachines/openjdk-23.0.1/Contents/Home/bin/java -Xverify:all -cp /var/folders/gm/lzn3ylzx4lz7mx29lftngdz40000gn/T/jarde-raw-receiver-replay-x6rqi2xw/jarde-classes ReceiverProbe Array2DRawParam
jdk23/no-debug/Array2DRawParam/jadx	0	/Users/lordcasser/workspace/testzone/jadx/jadx-cli/build/install/jadx/bin/jadx --no-res --single-class Array2DRawParam -d /private/tmp/jarde-raw-receiver-marker-baseline-root-20261009/jdk23/no-debug/jadx/Array2DRawParam /Users/lordcasser/workspace/projects/jarde/openspec/evidence/raw-receiver-field-selection-2026-10-09/jdk23/no-debug/input/Array2DRawParam.jar
jdk23/no-debug/Array2DRawParam/jadx-source-header	0	nonempty class source
jdk23/no-debug/Array2DRawParam/jadx-javac	0	/Library/Java/JavaVirtualMachines/openjdk-23.0.1/Contents/Home/bin/javac --release 8 -g:none -classpath /var/folders/gm/lzn3ylzx4lz7mx29lftngdz40000gn/T/jarde-raw-receiver-replay-x6rqi2xw/empty-classpath -sourcepath /var/folders/gm/lzn3ylzx4lz7mx29lftngdz40000gn/T/jarde-raw-receiver-replay-x6rqi2xw/empty-sourcepath -d /var/folders/gm/lzn3ylzx4lz7mx29lftngdz40000gn/T/jarde-raw-receiver-replay-x6rqi2xw/jadx-classes /private/tmp/jarde-raw-receiver-marker-baseline-root-20261009/jdk23/no-debug/jadx/Array2DRawParam/sources/defpackage/Array2DRawParam.java /Users/lordcasser/workspace/projects/jarde/openspec/evidence/raw-receiver-field-selection-2026-10-09/source/ReceiverProbe.java
jdk23/no-debug/Array2DRawParam/jadx-verify-run	0	/Library/Java/JavaVirtualMachines/openjdk-23.0.1/Contents/Home/bin/java -Xverify:all -cp /var/folders/gm/lzn3ylzx4lz7mx29lftngdz40000gn/T/jarde-raw-receiver-replay-x6rqi2xw/jadx-classes ReceiverProbe defpackage.Array2DRawParam
jdk23/debug/PrimitiveArrayRawParam/jar-contents	0	/Library/Java/JavaVirtualMachines/openjdk-23.0.1/Contents/Home/bin/jar tf /Users/lordcasser/workspace/projects/jarde/openspec/evidence/raw-receiver-field-selection-2026-10-09/jdk23/debug/input/PrimitiveArrayRawParam.jar
jdk23/debug/PrimitiveArrayRawParam/original-javac	0	/Library/Java/JavaVirtualMachines/openjdk-23.0.1/Contents/Home/bin/javac --release 8 -g -classpath /var/folders/gm/lzn3ylzx4lz7mx29lftngdz40000gn/T/jarde-raw-receiver-replay-s9h1xhac/empty-classpath -sourcepath /var/folders/gm/lzn3ylzx4lz7mx29lftngdz40000gn/T/jarde-raw-receiver-replay-s9h1xhac/empty-sourcepath -d /var/folders/gm/lzn3ylzx4lz7mx29lftngdz40000gn/T/jarde-raw-receiver-replay-s9h1xhac/original /Users/lordcasser/workspace/projects/jarde/openspec/evidence/raw-receiver-field-selection-2026-10-09/source/PrimitiveArrayRawParam.java
jdk23/debug/PrimitiveArrayRawParam/javap	0	/Library/Java/JavaVirtualMachines/openjdk-23.0.1/Contents/Home/bin/javap -p -c -s -v -classpath /Users/lordcasser/workspace/projects/jarde/openspec/evidence/raw-receiver-field-selection-2026-10-09/jdk23/debug/input/PrimitiveArrayRawParam.jar PrimitiveArrayRawParam
jdk23/debug/PrimitiveArrayRawParam/original-probe-javac	0	/Library/Java/JavaVirtualMachines/openjdk-23.0.1/Contents/Home/bin/javac --release 8 -g -classpath /var/folders/gm/lzn3ylzx4lz7mx29lftngdz40000gn/T/jarde-raw-receiver-replay-s9h1xhac/empty-classpath -sourcepath /var/folders/gm/lzn3ylzx4lz7mx29lftngdz40000gn/T/jarde-raw-receiver-replay-s9h1xhac/empty-sourcepath -d /var/folders/gm/lzn3ylzx4lz7mx29lftngdz40000gn/T/jarde-raw-receiver-replay-s9h1xhac/original-probe /Users/lordcasser/workspace/projects/jarde/openspec/evidence/raw-receiver-field-selection-2026-10-09/source/ReceiverProbe.java
jdk23/debug/PrimitiveArrayRawParam/original-run	0	/Library/Java/JavaVirtualMachines/openjdk-23.0.1/Contents/Home/bin/java -Xverify:all -cp /var/folders/gm/lzn3ylzx4lz7mx29lftngdz40000gn/T/jarde-raw-receiver-replay-s9h1xhac/original:/var/folders/gm/lzn3ylzx4lz7mx29lftngdz40000gn/T/jarde-raw-receiver-replay-s9h1xhac/original-probe ReceiverProbe PrimitiveArrayRawParam
jdk23/debug/PrimitiveArrayRawParam/jarde-PrimitiveArrayRawParam	0	/private/tmp/jarde-class-ctor-final-cli class-source --input /Users/lordcasser/workspace/projects/jarde/openspec/evidence/raw-receiver-field-selection-2026-10-09/jdk23/debug/input/PrimitiveArrayRawParam.jar --class PrimitiveArrayRawParam --policy plain-jar --release 8 --format text
jdk23/debug/PrimitiveArrayRawParam/jarde-PrimitiveArrayRawParam-source-header	0	nonempty self-describing source
jdk23/debug/PrimitiveArrayRawParam/jarde-javac	0	/Library/Java/JavaVirtualMachines/openjdk-23.0.1/Contents/Home/bin/javac --release 8 -g -classpath /var/folders/gm/lzn3ylzx4lz7mx29lftngdz40000gn/T/jarde-raw-receiver-replay-s9h1xhac/empty-classpath -sourcepath /var/folders/gm/lzn3ylzx4lz7mx29lftngdz40000gn/T/jarde-raw-receiver-replay-s9h1xhac/empty-sourcepath -d /var/folders/gm/lzn3ylzx4lz7mx29lftngdz40000gn/T/jarde-raw-receiver-replay-s9h1xhac/jarde-classes /private/tmp/jarde-raw-receiver-marker-baseline-root-20261009/jdk23/debug/jarde/PrimitiveArrayRawParam.java /Users/lordcasser/workspace/projects/jarde/openspec/evidence/raw-receiver-field-selection-2026-10-09/source/ReceiverProbe.java
jdk23/debug/PrimitiveArrayRawParam/jarde-verify-run	0	/Library/Java/JavaVirtualMachines/openjdk-23.0.1/Contents/Home/bin/java -Xverify:all -cp /var/folders/gm/lzn3ylzx4lz7mx29lftngdz40000gn/T/jarde-raw-receiver-replay-s9h1xhac/jarde-classes ReceiverProbe PrimitiveArrayRawParam
jdk23/debug/PrimitiveArrayRawParam/jadx	0	/Users/lordcasser/workspace/testzone/jadx/jadx-cli/build/install/jadx/bin/jadx --no-res --single-class PrimitiveArrayRawParam -d /private/tmp/jarde-raw-receiver-marker-baseline-root-20261009/jdk23/debug/jadx/PrimitiveArrayRawParam /Users/lordcasser/workspace/projects/jarde/openspec/evidence/raw-receiver-field-selection-2026-10-09/jdk23/debug/input/PrimitiveArrayRawParam.jar
jdk23/debug/PrimitiveArrayRawParam/jadx-source-header	0	nonempty class source
jdk23/debug/PrimitiveArrayRawParam/jadx-javac	0	/Library/Java/JavaVirtualMachines/openjdk-23.0.1/Contents/Home/bin/javac --release 8 -g -classpath /var/folders/gm/lzn3ylzx4lz7mx29lftngdz40000gn/T/jarde-raw-receiver-replay-s9h1xhac/empty-classpath -sourcepath /var/folders/gm/lzn3ylzx4lz7mx29lftngdz40000gn/T/jarde-raw-receiver-replay-s9h1xhac/empty-sourcepath -d /var/folders/gm/lzn3ylzx4lz7mx29lftngdz40000gn/T/jarde-raw-receiver-replay-s9h1xhac/jadx-classes /private/tmp/jarde-raw-receiver-marker-baseline-root-20261009/jdk23/debug/jadx/PrimitiveArrayRawParam/sources/defpackage/PrimitiveArrayRawParam.java /Users/lordcasser/workspace/projects/jarde/openspec/evidence/raw-receiver-field-selection-2026-10-09/source/ReceiverProbe.java
jdk23/debug/PrimitiveArrayRawParam/jadx-verify-run	0	/Library/Java/JavaVirtualMachines/openjdk-23.0.1/Contents/Home/bin/java -Xverify:all -cp /var/folders/gm/lzn3ylzx4lz7mx29lftngdz40000gn/T/jarde-raw-receiver-replay-s9h1xhac/jadx-classes ReceiverProbe defpackage.PrimitiveArrayRawParam
jdk23/no-debug/PrimitiveArrayRawParam/jar-contents	0	/Library/Java/JavaVirtualMachines/openjdk-23.0.1/Contents/Home/bin/jar tf /Users/lordcasser/workspace/projects/jarde/openspec/evidence/raw-receiver-field-selection-2026-10-09/jdk23/no-debug/input/PrimitiveArrayRawParam.jar
jdk23/no-debug/PrimitiveArrayRawParam/original-javac	0	/Library/Java/JavaVirtualMachines/openjdk-23.0.1/Contents/Home/bin/javac --release 8 -g:none -classpath /var/folders/gm/lzn3ylzx4lz7mx29lftngdz40000gn/T/jarde-raw-receiver-replay-a4y4hstp/empty-classpath -sourcepath /var/folders/gm/lzn3ylzx4lz7mx29lftngdz40000gn/T/jarde-raw-receiver-replay-a4y4hstp/empty-sourcepath -d /var/folders/gm/lzn3ylzx4lz7mx29lftngdz40000gn/T/jarde-raw-receiver-replay-a4y4hstp/original /Users/lordcasser/workspace/projects/jarde/openspec/evidence/raw-receiver-field-selection-2026-10-09/source/PrimitiveArrayRawParam.java
jdk23/no-debug/PrimitiveArrayRawParam/javap	0	/Library/Java/JavaVirtualMachines/openjdk-23.0.1/Contents/Home/bin/javap -p -c -s -v -classpath /Users/lordcasser/workspace/projects/jarde/openspec/evidence/raw-receiver-field-selection-2026-10-09/jdk23/no-debug/input/PrimitiveArrayRawParam.jar PrimitiveArrayRawParam
jdk23/no-debug/PrimitiveArrayRawParam/original-probe-javac	0	/Library/Java/JavaVirtualMachines/openjdk-23.0.1/Contents/Home/bin/javac --release 8 -g:none -classpath /var/folders/gm/lzn3ylzx4lz7mx29lftngdz40000gn/T/jarde-raw-receiver-replay-a4y4hstp/empty-classpath -sourcepath /var/folders/gm/lzn3ylzx4lz7mx29lftngdz40000gn/T/jarde-raw-receiver-replay-a4y4hstp/empty-sourcepath -d /var/folders/gm/lzn3ylzx4lz7mx29lftngdz40000gn/T/jarde-raw-receiver-replay-a4y4hstp/original-probe /Users/lordcasser/workspace/projects/jarde/openspec/evidence/raw-receiver-field-selection-2026-10-09/source/ReceiverProbe.java
jdk23/no-debug/PrimitiveArrayRawParam/original-run	0	/Library/Java/JavaVirtualMachines/openjdk-23.0.1/Contents/Home/bin/java -Xverify:all -cp /var/folders/gm/lzn3ylzx4lz7mx29lftngdz40000gn/T/jarde-raw-receiver-replay-a4y4hstp/original:/var/folders/gm/lzn3ylzx4lz7mx29lftngdz40000gn/T/jarde-raw-receiver-replay-a4y4hstp/original-probe ReceiverProbe PrimitiveArrayRawParam
jdk23/no-debug/PrimitiveArrayRawParam/jarde-PrimitiveArrayRawParam	0	/private/tmp/jarde-class-ctor-final-cli class-source --input /Users/lordcasser/workspace/projects/jarde/openspec/evidence/raw-receiver-field-selection-2026-10-09/jdk23/no-debug/input/PrimitiveArrayRawParam.jar --class PrimitiveArrayRawParam --policy plain-jar --release 8 --format text
jdk23/no-debug/PrimitiveArrayRawParam/jarde-PrimitiveArrayRawParam-source-header	0	nonempty self-describing source
jdk23/no-debug/PrimitiveArrayRawParam/jarde-javac	0	/Library/Java/JavaVirtualMachines/openjdk-23.0.1/Contents/Home/bin/javac --release 8 -g:none -classpath /var/folders/gm/lzn3ylzx4lz7mx29lftngdz40000gn/T/jarde-raw-receiver-replay-a4y4hstp/empty-classpath -sourcepath /var/folders/gm/lzn3ylzx4lz7mx29lftngdz40000gn/T/jarde-raw-receiver-replay-a4y4hstp/empty-sourcepath -d /var/folders/gm/lzn3ylzx4lz7mx29lftngdz40000gn/T/jarde-raw-receiver-replay-a4y4hstp/jarde-classes /private/tmp/jarde-raw-receiver-marker-baseline-root-20261009/jdk23/no-debug/jarde/PrimitiveArrayRawParam.java /Users/lordcasser/workspace/projects/jarde/openspec/evidence/raw-receiver-field-selection-2026-10-09/source/ReceiverProbe.java
jdk23/no-debug/PrimitiveArrayRawParam/jarde-verify-run	0	/Library/Java/JavaVirtualMachines/openjdk-23.0.1/Contents/Home/bin/java -Xverify:all -cp /var/folders/gm/lzn3ylzx4lz7mx29lftngdz40000gn/T/jarde-raw-receiver-replay-a4y4hstp/jarde-classes ReceiverProbe PrimitiveArrayRawParam
jdk23/no-debug/PrimitiveArrayRawParam/jadx	0	/Users/lordcasser/workspace/testzone/jadx/jadx-cli/build/install/jadx/bin/jadx --no-res --single-class PrimitiveArrayRawParam -d /private/tmp/jarde-raw-receiver-marker-baseline-root-20261009/jdk23/no-debug/jadx/PrimitiveArrayRawParam /Users/lordcasser/workspace/projects/jarde/openspec/evidence/raw-receiver-field-selection-2026-10-09/jdk23/no-debug/input/PrimitiveArrayRawParam.jar
jdk23/no-debug/PrimitiveArrayRawParam/jadx-source-header	0	nonempty class source
jdk23/no-debug/PrimitiveArrayRawParam/jadx-javac	0	/Library/Java/JavaVirtualMachines/openjdk-23.0.1/Contents/Home/bin/javac --release 8 -g:none -classpath /var/folders/gm/lzn3ylzx4lz7mx29lftngdz40000gn/T/jarde-raw-receiver-replay-a4y4hstp/empty-classpath -sourcepath /var/folders/gm/lzn3ylzx4lz7mx29lftngdz40000gn/T/jarde-raw-receiver-replay-a4y4hstp/empty-sourcepath -d /var/folders/gm/lzn3ylzx4lz7mx29lftngdz40000gn/T/jarde-raw-receiver-replay-a4y4hstp/jadx-classes /private/tmp/jarde-raw-receiver-marker-baseline-root-20261009/jdk23/no-debug/jadx/PrimitiveArrayRawParam/sources/defpackage/PrimitiveArrayRawParam.java /Users/lordcasser/workspace/projects/jarde/openspec/evidence/raw-receiver-field-selection-2026-10-09/source/ReceiverProbe.java
jdk23/no-debug/PrimitiveArrayRawParam/jadx-verify-run	0	/Library/Java/JavaVirtualMachines/openjdk-23.0.1/Contents/Home/bin/java -Xverify:all -cp /var/folders/gm/lzn3ylzx4lz7mx29lftngdz40000gn/T/jarde-raw-receiver-replay-a4y4hstp/jadx-classes ReceiverProbe defpackage.PrimitiveArrayRawParam
jdk23/debug/BoundRawParam/jar-contents	0	/Library/Java/JavaVirtualMachines/openjdk-23.0.1/Contents/Home/bin/jar tf /Users/lordcasser/workspace/projects/jarde/openspec/evidence/raw-receiver-field-selection-2026-10-09/jdk23/debug/input/BoundRawParam.jar
jdk23/debug/BoundRawParam/original-javac	0	/Library/Java/JavaVirtualMachines/openjdk-23.0.1/Contents/Home/bin/javac --release 8 -g -classpath /var/folders/gm/lzn3ylzx4lz7mx29lftngdz40000gn/T/jarde-raw-receiver-replay-3tvvujxu/empty-classpath -sourcepath /var/folders/gm/lzn3ylzx4lz7mx29lftngdz40000gn/T/jarde-raw-receiver-replay-3tvvujxu/empty-sourcepath -d /var/folders/gm/lzn3ylzx4lz7mx29lftngdz40000gn/T/jarde-raw-receiver-replay-3tvvujxu/original /Users/lordcasser/workspace/projects/jarde/openspec/evidence/raw-receiver-field-selection-2026-10-09/source/BoundRawParam.java
jdk23/debug/BoundRawParam/javap	0	/Library/Java/JavaVirtualMachines/openjdk-23.0.1/Contents/Home/bin/javap -p -c -s -v -classpath /Users/lordcasser/workspace/projects/jarde/openspec/evidence/raw-receiver-field-selection-2026-10-09/jdk23/debug/input/BoundRawParam.jar BoundRawParam
jdk23/debug/BoundRawParam/original-probe-javac	0	/Library/Java/JavaVirtualMachines/openjdk-23.0.1/Contents/Home/bin/javac --release 8 -g -classpath /var/folders/gm/lzn3ylzx4lz7mx29lftngdz40000gn/T/jarde-raw-receiver-replay-3tvvujxu/empty-classpath -sourcepath /var/folders/gm/lzn3ylzx4lz7mx29lftngdz40000gn/T/jarde-raw-receiver-replay-3tvvujxu/empty-sourcepath -d /var/folders/gm/lzn3ylzx4lz7mx29lftngdz40000gn/T/jarde-raw-receiver-replay-3tvvujxu/original-probe /Users/lordcasser/workspace/projects/jarde/openspec/evidence/raw-receiver-field-selection-2026-10-09/source/ReceiverProbe.java
jdk23/debug/BoundRawParam/original-run	0	/Library/Java/JavaVirtualMachines/openjdk-23.0.1/Contents/Home/bin/java -Xverify:all -cp /var/folders/gm/lzn3ylzx4lz7mx29lftngdz40000gn/T/jarde-raw-receiver-replay-3tvvujxu/original:/var/folders/gm/lzn3ylzx4lz7mx29lftngdz40000gn/T/jarde-raw-receiver-replay-3tvvujxu/original-probe ReceiverProbe BoundRawParam
jdk23/debug/BoundRawParam/jarde-BoundRawParam	0	/private/tmp/jarde-class-ctor-final-cli class-source --input /Users/lordcasser/workspace/projects/jarde/openspec/evidence/raw-receiver-field-selection-2026-10-09/jdk23/debug/input/BoundRawParam.jar --class BoundRawParam --policy plain-jar --release 8 --format text
jdk23/debug/BoundRawParam/jarde-BoundRawParam-source-header	0	nonempty self-describing source
jdk23/debug/BoundRawParam/jarde-javac	0	/Library/Java/JavaVirtualMachines/openjdk-23.0.1/Contents/Home/bin/javac --release 8 -g -classpath /var/folders/gm/lzn3ylzx4lz7mx29lftngdz40000gn/T/jarde-raw-receiver-replay-3tvvujxu/empty-classpath -sourcepath /var/folders/gm/lzn3ylzx4lz7mx29lftngdz40000gn/T/jarde-raw-receiver-replay-3tvvujxu/empty-sourcepath -d /var/folders/gm/lzn3ylzx4lz7mx29lftngdz40000gn/T/jarde-raw-receiver-replay-3tvvujxu/jarde-classes /private/tmp/jarde-raw-receiver-marker-baseline-root-20261009/jdk23/debug/jarde/BoundRawParam.java /Users/lordcasser/workspace/projects/jarde/openspec/evidence/raw-receiver-field-selection-2026-10-09/source/ReceiverProbe.java
jdk23/debug/BoundRawParam/jarde-verify-run	0	/Library/Java/JavaVirtualMachines/openjdk-23.0.1/Contents/Home/bin/java -Xverify:all -cp /var/folders/gm/lzn3ylzx4lz7mx29lftngdz40000gn/T/jarde-raw-receiver-replay-3tvvujxu/jarde-classes ReceiverProbe BoundRawParam
jdk23/debug/BoundRawParam/jadx	0	/Users/lordcasser/workspace/testzone/jadx/jadx-cli/build/install/jadx/bin/jadx --no-res --single-class BoundRawParam -d /private/tmp/jarde-raw-receiver-marker-baseline-root-20261009/jdk23/debug/jadx/BoundRawParam /Users/lordcasser/workspace/projects/jarde/openspec/evidence/raw-receiver-field-selection-2026-10-09/jdk23/debug/input/BoundRawParam.jar
jdk23/debug/BoundRawParam/jadx-source-header	0	nonempty class source
jdk23/debug/BoundRawParam/jadx-javac	0	/Library/Java/JavaVirtualMachines/openjdk-23.0.1/Contents/Home/bin/javac --release 8 -g -classpath /var/folders/gm/lzn3ylzx4lz7mx29lftngdz40000gn/T/jarde-raw-receiver-replay-3tvvujxu/empty-classpath -sourcepath /var/folders/gm/lzn3ylzx4lz7mx29lftngdz40000gn/T/jarde-raw-receiver-replay-3tvvujxu/empty-sourcepath -d /var/folders/gm/lzn3ylzx4lz7mx29lftngdz40000gn/T/jarde-raw-receiver-replay-3tvvujxu/jadx-classes /private/tmp/jarde-raw-receiver-marker-baseline-root-20261009/jdk23/debug/jadx/BoundRawParam/sources/defpackage/BoundRawParam.java /Users/lordcasser/workspace/projects/jarde/openspec/evidence/raw-receiver-field-selection-2026-10-09/source/ReceiverProbe.java
jdk23/debug/BoundRawParam/jadx-verify-run	0	/Library/Java/JavaVirtualMachines/openjdk-23.0.1/Contents/Home/bin/java -Xverify:all -cp /var/folders/gm/lzn3ylzx4lz7mx29lftngdz40000gn/T/jarde-raw-receiver-replay-3tvvujxu/jadx-classes ReceiverProbe defpackage.BoundRawParam
jdk23/no-debug/BoundRawParam/jar-contents	0	/Library/Java/JavaVirtualMachines/openjdk-23.0.1/Contents/Home/bin/jar tf /Users/lordcasser/workspace/projects/jarde/openspec/evidence/raw-receiver-field-selection-2026-10-09/jdk23/no-debug/input/BoundRawParam.jar
jdk23/no-debug/BoundRawParam/original-javac	0	/Library/Java/JavaVirtualMachines/openjdk-23.0.1/Contents/Home/bin/javac --release 8 -g:none -classpath /var/folders/gm/lzn3ylzx4lz7mx29lftngdz40000gn/T/jarde-raw-receiver-replay-oe4p5qoi/empty-classpath -sourcepath /var/folders/gm/lzn3ylzx4lz7mx29lftngdz40000gn/T/jarde-raw-receiver-replay-oe4p5qoi/empty-sourcepath -d /var/folders/gm/lzn3ylzx4lz7mx29lftngdz40000gn/T/jarde-raw-receiver-replay-oe4p5qoi/original /Users/lordcasser/workspace/projects/jarde/openspec/evidence/raw-receiver-field-selection-2026-10-09/source/BoundRawParam.java
jdk23/no-debug/BoundRawParam/javap	0	/Library/Java/JavaVirtualMachines/openjdk-23.0.1/Contents/Home/bin/javap -p -c -s -v -classpath /Users/lordcasser/workspace/projects/jarde/openspec/evidence/raw-receiver-field-selection-2026-10-09/jdk23/no-debug/input/BoundRawParam.jar BoundRawParam
jdk23/no-debug/BoundRawParam/original-probe-javac	0	/Library/Java/JavaVirtualMachines/openjdk-23.0.1/Contents/Home/bin/javac --release 8 -g:none -classpath /var/folders/gm/lzn3ylzx4lz7mx29lftngdz40000gn/T/jarde-raw-receiver-replay-oe4p5qoi/empty-classpath -sourcepath /var/folders/gm/lzn3ylzx4lz7mx29lftngdz40000gn/T/jarde-raw-receiver-replay-oe4p5qoi/empty-sourcepath -d /var/folders/gm/lzn3ylzx4lz7mx29lftngdz40000gn/T/jarde-raw-receiver-replay-oe4p5qoi/original-probe /Users/lordcasser/workspace/projects/jarde/openspec/evidence/raw-receiver-field-selection-2026-10-09/source/ReceiverProbe.java
jdk23/no-debug/BoundRawParam/original-run	0	/Library/Java/JavaVirtualMachines/openjdk-23.0.1/Contents/Home/bin/java -Xverify:all -cp /var/folders/gm/lzn3ylzx4lz7mx29lftngdz40000gn/T/jarde-raw-receiver-replay-oe4p5qoi/original:/var/folders/gm/lzn3ylzx4lz7mx29lftngdz40000gn/T/jarde-raw-receiver-replay-oe4p5qoi/original-probe ReceiverProbe BoundRawParam
jdk23/no-debug/BoundRawParam/jarde-BoundRawParam	0	/private/tmp/jarde-class-ctor-final-cli class-source --input /Users/lordcasser/workspace/projects/jarde/openspec/evidence/raw-receiver-field-selection-2026-10-09/jdk23/no-debug/input/BoundRawParam.jar --class BoundRawParam --policy plain-jar --release 8 --format text
jdk23/no-debug/BoundRawParam/jarde-BoundRawParam-source-header	0	nonempty self-describing source
jdk23/no-debug/BoundRawParam/jarde-javac	0	/Library/Java/JavaVirtualMachines/openjdk-23.0.1/Contents/Home/bin/javac --release 8 -g:none -classpath /var/folders/gm/lzn3ylzx4lz7mx29lftngdz40000gn/T/jarde-raw-receiver-replay-oe4p5qoi/empty-classpath -sourcepath /var/folders/gm/lzn3ylzx4lz7mx29lftngdz40000gn/T/jarde-raw-receiver-replay-oe4p5qoi/empty-sourcepath -d /var/folders/gm/lzn3ylzx4lz7mx29lftngdz40000gn/T/jarde-raw-receiver-replay-oe4p5qoi/jarde-classes /private/tmp/jarde-raw-receiver-marker-baseline-root-20261009/jdk23/no-debug/jarde/BoundRawParam.java /Users/lordcasser/workspace/projects/jarde/openspec/evidence/raw-receiver-field-selection-2026-10-09/source/ReceiverProbe.java
jdk23/no-debug/BoundRawParam/jarde-verify-run	0	/Library/Java/JavaVirtualMachines/openjdk-23.0.1/Contents/Home/bin/java -Xverify:all -cp /var/folders/gm/lzn3ylzx4lz7mx29lftngdz40000gn/T/jarde-raw-receiver-replay-oe4p5qoi/jarde-classes ReceiverProbe BoundRawParam
jdk23/no-debug/BoundRawParam/jadx	0	/Users/lordcasser/workspace/testzone/jadx/jadx-cli/build/install/jadx/bin/jadx --no-res --single-class BoundRawParam -d /private/tmp/jarde-raw-receiver-marker-baseline-root-20261009/jdk23/no-debug/jadx/BoundRawParam /Users/lordcasser/workspace/projects/jarde/openspec/evidence/raw-receiver-field-selection-2026-10-09/jdk23/no-debug/input/BoundRawParam.jar
jdk23/no-debug/BoundRawParam/jadx-source-header	0	nonempty class source
jdk23/no-debug/BoundRawParam/jadx-javac	0	/Library/Java/JavaVirtualMachines/openjdk-23.0.1/Contents/Home/bin/javac --release 8 -g:none -classpath /var/folders/gm/lzn3ylzx4lz7mx29lftngdz40000gn/T/jarde-raw-receiver-replay-oe4p5qoi/empty-classpath -sourcepath /var/folders/gm/lzn3ylzx4lz7mx29lftngdz40000gn/T/jarde-raw-receiver-replay-oe4p5qoi/empty-sourcepath -d /var/folders/gm/lzn3ylzx4lz7mx29lftngdz40000gn/T/jarde-raw-receiver-replay-oe4p5qoi/jadx-classes /private/tmp/jarde-raw-receiver-marker-baseline-root-20261009/jdk23/no-debug/jadx/BoundRawParam/sources/defpackage/BoundRawParam.java /Users/lordcasser/workspace/projects/jarde/openspec/evidence/raw-receiver-field-selection-2026-10-09/source/ReceiverProbe.java
jdk23/no-debug/BoundRawParam/jadx-verify-run	0	/Library/Java/JavaVirtualMachines/openjdk-23.0.1/Contents/Home/bin/java -Xverify:all -cp /var/folders/gm/lzn3ylzx4lz7mx29lftngdz40000gn/T/jarde-raw-receiver-replay-oe4p5qoi/jadx-classes ReceiverProbe defpackage.BoundRawParam
jdk23/debug/NullRawParam/jar-contents	0	/Library/Java/JavaVirtualMachines/openjdk-23.0.1/Contents/Home/bin/jar tf /Users/lordcasser/workspace/projects/jarde/openspec/evidence/raw-receiver-field-selection-2026-10-09/jdk23/debug/input/NullRawParam.jar
jdk23/debug/NullRawParam/original-javac	0	/Library/Java/JavaVirtualMachines/openjdk-23.0.1/Contents/Home/bin/javac --release 8 -g -classpath /var/folders/gm/lzn3ylzx4lz7mx29lftngdz40000gn/T/jarde-raw-receiver-replay-w9c71dfq/empty-classpath -sourcepath /var/folders/gm/lzn3ylzx4lz7mx29lftngdz40000gn/T/jarde-raw-receiver-replay-w9c71dfq/empty-sourcepath -d /var/folders/gm/lzn3ylzx4lz7mx29lftngdz40000gn/T/jarde-raw-receiver-replay-w9c71dfq/original /Users/lordcasser/workspace/projects/jarde/openspec/evidence/raw-receiver-field-selection-2026-10-09/source/NullRawParam.java
jdk23/debug/NullRawParam/javap	0	/Library/Java/JavaVirtualMachines/openjdk-23.0.1/Contents/Home/bin/javap -p -c -s -v -classpath /Users/lordcasser/workspace/projects/jarde/openspec/evidence/raw-receiver-field-selection-2026-10-09/jdk23/debug/input/NullRawParam.jar NullRawParam
jdk23/debug/NullRawParam/original-probe-javac	0	/Library/Java/JavaVirtualMachines/openjdk-23.0.1/Contents/Home/bin/javac --release 8 -g -classpath /var/folders/gm/lzn3ylzx4lz7mx29lftngdz40000gn/T/jarde-raw-receiver-replay-w9c71dfq/empty-classpath -sourcepath /var/folders/gm/lzn3ylzx4lz7mx29lftngdz40000gn/T/jarde-raw-receiver-replay-w9c71dfq/empty-sourcepath -d /var/folders/gm/lzn3ylzx4lz7mx29lftngdz40000gn/T/jarde-raw-receiver-replay-w9c71dfq/original-probe /Users/lordcasser/workspace/projects/jarde/openspec/evidence/raw-receiver-field-selection-2026-10-09/source/ReceiverProbe.java
jdk23/debug/NullRawParam/original-run	0	/Library/Java/JavaVirtualMachines/openjdk-23.0.1/Contents/Home/bin/java -Xverify:all -cp /var/folders/gm/lzn3ylzx4lz7mx29lftngdz40000gn/T/jarde-raw-receiver-replay-w9c71dfq/original:/var/folders/gm/lzn3ylzx4lz7mx29lftngdz40000gn/T/jarde-raw-receiver-replay-w9c71dfq/original-probe ReceiverProbe NullRawParam
jdk23/debug/NullRawParam/jarde-NullRawParam	0	/private/tmp/jarde-class-ctor-final-cli class-source --input /Users/lordcasser/workspace/projects/jarde/openspec/evidence/raw-receiver-field-selection-2026-10-09/jdk23/debug/input/NullRawParam.jar --class NullRawParam --policy plain-jar --release 8 --format text
jdk23/debug/NullRawParam/jarde-NullRawParam-source-header	0	nonempty self-describing source
jdk23/debug/NullRawParam/jarde-javac	0	/Library/Java/JavaVirtualMachines/openjdk-23.0.1/Contents/Home/bin/javac --release 8 -g -classpath /var/folders/gm/lzn3ylzx4lz7mx29lftngdz40000gn/T/jarde-raw-receiver-replay-w9c71dfq/empty-classpath -sourcepath /var/folders/gm/lzn3ylzx4lz7mx29lftngdz40000gn/T/jarde-raw-receiver-replay-w9c71dfq/empty-sourcepath -d /var/folders/gm/lzn3ylzx4lz7mx29lftngdz40000gn/T/jarde-raw-receiver-replay-w9c71dfq/jarde-classes /private/tmp/jarde-raw-receiver-marker-baseline-root-20261009/jdk23/debug/jarde/NullRawParam.java /Users/lordcasser/workspace/projects/jarde/openspec/evidence/raw-receiver-field-selection-2026-10-09/source/ReceiverProbe.java
jdk23/debug/NullRawParam/jarde-verify-run	0	/Library/Java/JavaVirtualMachines/openjdk-23.0.1/Contents/Home/bin/java -Xverify:all -cp /var/folders/gm/lzn3ylzx4lz7mx29lftngdz40000gn/T/jarde-raw-receiver-replay-w9c71dfq/jarde-classes ReceiverProbe NullRawParam
jdk23/debug/NullRawParam/jadx	0	/Users/lordcasser/workspace/testzone/jadx/jadx-cli/build/install/jadx/bin/jadx --no-res --single-class NullRawParam -d /private/tmp/jarde-raw-receiver-marker-baseline-root-20261009/jdk23/debug/jadx/NullRawParam /Users/lordcasser/workspace/projects/jarde/openspec/evidence/raw-receiver-field-selection-2026-10-09/jdk23/debug/input/NullRawParam.jar
jdk23/debug/NullRawParam/jadx-source-header	0	nonempty class source
jdk23/debug/NullRawParam/jadx-javac	0	/Library/Java/JavaVirtualMachines/openjdk-23.0.1/Contents/Home/bin/javac --release 8 -g -classpath /var/folders/gm/lzn3ylzx4lz7mx29lftngdz40000gn/T/jarde-raw-receiver-replay-w9c71dfq/empty-classpath -sourcepath /var/folders/gm/lzn3ylzx4lz7mx29lftngdz40000gn/T/jarde-raw-receiver-replay-w9c71dfq/empty-sourcepath -d /var/folders/gm/lzn3ylzx4lz7mx29lftngdz40000gn/T/jarde-raw-receiver-replay-w9c71dfq/jadx-classes /private/tmp/jarde-raw-receiver-marker-baseline-root-20261009/jdk23/debug/jadx/NullRawParam/sources/defpackage/NullRawParam.java /Users/lordcasser/workspace/projects/jarde/openspec/evidence/raw-receiver-field-selection-2026-10-09/source/ReceiverProbe.java
jdk23/debug/NullRawParam/jadx-verify-run	0	/Library/Java/JavaVirtualMachines/openjdk-23.0.1/Contents/Home/bin/java -Xverify:all -cp /var/folders/gm/lzn3ylzx4lz7mx29lftngdz40000gn/T/jarde-raw-receiver-replay-w9c71dfq/jadx-classes ReceiverProbe defpackage.NullRawParam
jdk23/no-debug/NullRawParam/jar-contents	0	/Library/Java/JavaVirtualMachines/openjdk-23.0.1/Contents/Home/bin/jar tf /Users/lordcasser/workspace/projects/jarde/openspec/evidence/raw-receiver-field-selection-2026-10-09/jdk23/no-debug/input/NullRawParam.jar
jdk23/no-debug/NullRawParam/original-javac	0	/Library/Java/JavaVirtualMachines/openjdk-23.0.1/Contents/Home/bin/javac --release 8 -g:none -classpath /var/folders/gm/lzn3ylzx4lz7mx29lftngdz40000gn/T/jarde-raw-receiver-replay-74z5xz72/empty-classpath -sourcepath /var/folders/gm/lzn3ylzx4lz7mx29lftngdz40000gn/T/jarde-raw-receiver-replay-74z5xz72/empty-sourcepath -d /var/folders/gm/lzn3ylzx4lz7mx29lftngdz40000gn/T/jarde-raw-receiver-replay-74z5xz72/original /Users/lordcasser/workspace/projects/jarde/openspec/evidence/raw-receiver-field-selection-2026-10-09/source/NullRawParam.java
jdk23/no-debug/NullRawParam/javap	0	/Library/Java/JavaVirtualMachines/openjdk-23.0.1/Contents/Home/bin/javap -p -c -s -v -classpath /Users/lordcasser/workspace/projects/jarde/openspec/evidence/raw-receiver-field-selection-2026-10-09/jdk23/no-debug/input/NullRawParam.jar NullRawParam
jdk23/no-debug/NullRawParam/original-probe-javac	0	/Library/Java/JavaVirtualMachines/openjdk-23.0.1/Contents/Home/bin/javac --release 8 -g:none -classpath /var/folders/gm/lzn3ylzx4lz7mx29lftngdz40000gn/T/jarde-raw-receiver-replay-74z5xz72/empty-classpath -sourcepath /var/folders/gm/lzn3ylzx4lz7mx29lftngdz40000gn/T/jarde-raw-receiver-replay-74z5xz72/empty-sourcepath -d /var/folders/gm/lzn3ylzx4lz7mx29lftngdz40000gn/T/jarde-raw-receiver-replay-74z5xz72/original-probe /Users/lordcasser/workspace/projects/jarde/openspec/evidence/raw-receiver-field-selection-2026-10-09/source/ReceiverProbe.java
jdk23/no-debug/NullRawParam/original-run	0	/Library/Java/JavaVirtualMachines/openjdk-23.0.1/Contents/Home/bin/java -Xverify:all -cp /var/folders/gm/lzn3ylzx4lz7mx29lftngdz40000gn/T/jarde-raw-receiver-replay-74z5xz72/original:/var/folders/gm/lzn3ylzx4lz7mx29lftngdz40000gn/T/jarde-raw-receiver-replay-74z5xz72/original-probe ReceiverProbe NullRawParam
jdk23/no-debug/NullRawParam/jarde-NullRawParam	0	/private/tmp/jarde-class-ctor-final-cli class-source --input /Users/lordcasser/workspace/projects/jarde/openspec/evidence/raw-receiver-field-selection-2026-10-09/jdk23/no-debug/input/NullRawParam.jar --class NullRawParam --policy plain-jar --release 8 --format text
jdk23/no-debug/NullRawParam/jarde-NullRawParam-source-header	0	nonempty self-describing source
jdk23/no-debug/NullRawParam/jarde-javac	0	/Library/Java/JavaVirtualMachines/openjdk-23.0.1/Contents/Home/bin/javac --release 8 -g:none -classpath /var/folders/gm/lzn3ylzx4lz7mx29lftngdz40000gn/T/jarde-raw-receiver-replay-74z5xz72/empty-classpath -sourcepath /var/folders/gm/lzn3ylzx4lz7mx29lftngdz40000gn/T/jarde-raw-receiver-replay-74z5xz72/empty-sourcepath -d /var/folders/gm/lzn3ylzx4lz7mx29lftngdz40000gn/T/jarde-raw-receiver-replay-74z5xz72/jarde-classes /private/tmp/jarde-raw-receiver-marker-baseline-root-20261009/jdk23/no-debug/jarde/NullRawParam.java /Users/lordcasser/workspace/projects/jarde/openspec/evidence/raw-receiver-field-selection-2026-10-09/source/ReceiverProbe.java
jdk23/no-debug/NullRawParam/jarde-verify-run	0	/Library/Java/JavaVirtualMachines/openjdk-23.0.1/Contents/Home/bin/java -Xverify:all -cp /var/folders/gm/lzn3ylzx4lz7mx29lftngdz40000gn/T/jarde-raw-receiver-replay-74z5xz72/jarde-classes ReceiverProbe NullRawParam
jdk23/no-debug/NullRawParam/jadx	0	/Users/lordcasser/workspace/testzone/jadx/jadx-cli/build/install/jadx/bin/jadx --no-res --single-class NullRawParam -d /private/tmp/jarde-raw-receiver-marker-baseline-root-20261009/jdk23/no-debug/jadx/NullRawParam /Users/lordcasser/workspace/projects/jarde/openspec/evidence/raw-receiver-field-selection-2026-10-09/jdk23/no-debug/input/NullRawParam.jar
jdk23/no-debug/NullRawParam/jadx-source-header	0	nonempty class source
jdk23/no-debug/NullRawParam/jadx-javac	0	/Library/Java/JavaVirtualMachines/openjdk-23.0.1/Contents/Home/bin/javac --release 8 -g:none -classpath /var/folders/gm/lzn3ylzx4lz7mx29lftngdz40000gn/T/jarde-raw-receiver-replay-74z5xz72/empty-classpath -sourcepath /var/folders/gm/lzn3ylzx4lz7mx29lftngdz40000gn/T/jarde-raw-receiver-replay-74z5xz72/empty-sourcepath -d /var/folders/gm/lzn3ylzx4lz7mx29lftngdz40000gn/T/jarde-raw-receiver-replay-74z5xz72/jadx-classes /private/tmp/jarde-raw-receiver-marker-baseline-root-20261009/jdk23/no-debug/jadx/NullRawParam/sources/defpackage/NullRawParam.java /Users/lordcasser/workspace/projects/jarde/openspec/evidence/raw-receiver-field-selection-2026-10-09/source/ReceiverProbe.java
jdk23/no-debug/NullRawParam/jadx-verify-run	0	/Library/Java/JavaVirtualMachines/openjdk-23.0.1/Contents/Home/bin/java -Xverify:all -cp /var/folders/gm/lzn3ylzx4lz7mx29lftngdz40000gn/T/jarde-raw-receiver-replay-74z5xz72/jadx-classes ReceiverProbe defpackage.NullRawParam
jdk23/debug/RetainedAliasRawParam/jar-contents	0	/Library/Java/JavaVirtualMachines/openjdk-23.0.1/Contents/Home/bin/jar tf /Users/lordcasser/workspace/projects/jarde/openspec/evidence/raw-receiver-field-selection-2026-10-09/jdk23/debug/input/RetainedAliasRawParam.jar
jdk23/debug/RetainedAliasRawParam/original-javac	0	/Library/Java/JavaVirtualMachines/openjdk-23.0.1/Contents/Home/bin/javac --release 8 -g -classpath /var/folders/gm/lzn3ylzx4lz7mx29lftngdz40000gn/T/jarde-raw-receiver-replay-1r559cnd/empty-classpath -sourcepath /var/folders/gm/lzn3ylzx4lz7mx29lftngdz40000gn/T/jarde-raw-receiver-replay-1r559cnd/empty-sourcepath -d /var/folders/gm/lzn3ylzx4lz7mx29lftngdz40000gn/T/jarde-raw-receiver-replay-1r559cnd/original /Users/lordcasser/workspace/projects/jarde/openspec/evidence/raw-receiver-field-selection-2026-10-09/source/RetainedAliasRawParam.java
jdk23/debug/RetainedAliasRawParam/javap	0	/Library/Java/JavaVirtualMachines/openjdk-23.0.1/Contents/Home/bin/javap -p -c -s -v -classpath /Users/lordcasser/workspace/projects/jarde/openspec/evidence/raw-receiver-field-selection-2026-10-09/jdk23/debug/input/RetainedAliasRawParam.jar RetainedAliasRawParam
jdk23/debug/RetainedAliasRawParam/original-probe-javac	0	/Library/Java/JavaVirtualMachines/openjdk-23.0.1/Contents/Home/bin/javac --release 8 -g -classpath /var/folders/gm/lzn3ylzx4lz7mx29lftngdz40000gn/T/jarde-raw-receiver-replay-1r559cnd/empty-classpath -sourcepath /var/folders/gm/lzn3ylzx4lz7mx29lftngdz40000gn/T/jarde-raw-receiver-replay-1r559cnd/empty-sourcepath -d /var/folders/gm/lzn3ylzx4lz7mx29lftngdz40000gn/T/jarde-raw-receiver-replay-1r559cnd/original-probe /Users/lordcasser/workspace/projects/jarde/openspec/evidence/raw-receiver-field-selection-2026-10-09/source/ReceiverProbe.java
jdk23/debug/RetainedAliasRawParam/original-run	0	/Library/Java/JavaVirtualMachines/openjdk-23.0.1/Contents/Home/bin/java -Xverify:all -cp /var/folders/gm/lzn3ylzx4lz7mx29lftngdz40000gn/T/jarde-raw-receiver-replay-1r559cnd/original:/var/folders/gm/lzn3ylzx4lz7mx29lftngdz40000gn/T/jarde-raw-receiver-replay-1r559cnd/original-probe ReceiverProbe RetainedAliasRawParam
jdk23/debug/RetainedAliasRawParam/jarde-RetainedAliasRawParam	0	/private/tmp/jarde-class-ctor-final-cli class-source --input /Users/lordcasser/workspace/projects/jarde/openspec/evidence/raw-receiver-field-selection-2026-10-09/jdk23/debug/input/RetainedAliasRawParam.jar --class RetainedAliasRawParam --policy plain-jar --release 8 --format text
jdk23/debug/RetainedAliasRawParam/jarde-RetainedAliasRawParam-source-header	0	nonempty self-describing source
jdk23/debug/RetainedAliasRawParam/jarde-javac	0	/Library/Java/JavaVirtualMachines/openjdk-23.0.1/Contents/Home/bin/javac --release 8 -g -classpath /var/folders/gm/lzn3ylzx4lz7mx29lftngdz40000gn/T/jarde-raw-receiver-replay-1r559cnd/empty-classpath -sourcepath /var/folders/gm/lzn3ylzx4lz7mx29lftngdz40000gn/T/jarde-raw-receiver-replay-1r559cnd/empty-sourcepath -d /var/folders/gm/lzn3ylzx4lz7mx29lftngdz40000gn/T/jarde-raw-receiver-replay-1r559cnd/jarde-classes /private/tmp/jarde-raw-receiver-marker-baseline-root-20261009/jdk23/debug/jarde/RetainedAliasRawParam.java /Users/lordcasser/workspace/projects/jarde/openspec/evidence/raw-receiver-field-selection-2026-10-09/source/ReceiverProbe.java
jdk23/debug/RetainedAliasRawParam/jarde-verify-run	0	/Library/Java/JavaVirtualMachines/openjdk-23.0.1/Contents/Home/bin/java -Xverify:all -cp /var/folders/gm/lzn3ylzx4lz7mx29lftngdz40000gn/T/jarde-raw-receiver-replay-1r559cnd/jarde-classes ReceiverProbe RetainedAliasRawParam
jdk23/debug/RetainedAliasRawParam/jadx	0	/Users/lordcasser/workspace/testzone/jadx/jadx-cli/build/install/jadx/bin/jadx --no-res --single-class RetainedAliasRawParam -d /private/tmp/jarde-raw-receiver-marker-baseline-root-20261009/jdk23/debug/jadx/RetainedAliasRawParam /Users/lordcasser/workspace/projects/jarde/openspec/evidence/raw-receiver-field-selection-2026-10-09/jdk23/debug/input/RetainedAliasRawParam.jar
jdk23/debug/RetainedAliasRawParam/jadx-source-header	0	nonempty class source
jdk23/debug/RetainedAliasRawParam/jadx-javac	0	/Library/Java/JavaVirtualMachines/openjdk-23.0.1/Contents/Home/bin/javac --release 8 -g -classpath /var/folders/gm/lzn3ylzx4lz7mx29lftngdz40000gn/T/jarde-raw-receiver-replay-1r559cnd/empty-classpath -sourcepath /var/folders/gm/lzn3ylzx4lz7mx29lftngdz40000gn/T/jarde-raw-receiver-replay-1r559cnd/empty-sourcepath -d /var/folders/gm/lzn3ylzx4lz7mx29lftngdz40000gn/T/jarde-raw-receiver-replay-1r559cnd/jadx-classes /private/tmp/jarde-raw-receiver-marker-baseline-root-20261009/jdk23/debug/jadx/RetainedAliasRawParam/sources/defpackage/RetainedAliasRawParam.java /Users/lordcasser/workspace/projects/jarde/openspec/evidence/raw-receiver-field-selection-2026-10-09/source/ReceiverProbe.java
jdk23/debug/RetainedAliasRawParam/jadx-verify-run	0	/Library/Java/JavaVirtualMachines/openjdk-23.0.1/Contents/Home/bin/java -Xverify:all -cp /var/folders/gm/lzn3ylzx4lz7mx29lftngdz40000gn/T/jarde-raw-receiver-replay-1r559cnd/jadx-classes ReceiverProbe defpackage.RetainedAliasRawParam
jdk23/no-debug/RetainedAliasRawParam/jar-contents	0	/Library/Java/JavaVirtualMachines/openjdk-23.0.1/Contents/Home/bin/jar tf /Users/lordcasser/workspace/projects/jarde/openspec/evidence/raw-receiver-field-selection-2026-10-09/jdk23/no-debug/input/RetainedAliasRawParam.jar
jdk23/no-debug/RetainedAliasRawParam/original-javac	0	/Library/Java/JavaVirtualMachines/openjdk-23.0.1/Contents/Home/bin/javac --release 8 -g:none -classpath /var/folders/gm/lzn3ylzx4lz7mx29lftngdz40000gn/T/jarde-raw-receiver-replay-3bzbyh13/empty-classpath -sourcepath /var/folders/gm/lzn3ylzx4lz7mx29lftngdz40000gn/T/jarde-raw-receiver-replay-3bzbyh13/empty-sourcepath -d /var/folders/gm/lzn3ylzx4lz7mx29lftngdz40000gn/T/jarde-raw-receiver-replay-3bzbyh13/original /Users/lordcasser/workspace/projects/jarde/openspec/evidence/raw-receiver-field-selection-2026-10-09/source/RetainedAliasRawParam.java
jdk23/no-debug/RetainedAliasRawParam/javap	0	/Library/Java/JavaVirtualMachines/openjdk-23.0.1/Contents/Home/bin/javap -p -c -s -v -classpath /Users/lordcasser/workspace/projects/jarde/openspec/evidence/raw-receiver-field-selection-2026-10-09/jdk23/no-debug/input/RetainedAliasRawParam.jar RetainedAliasRawParam
jdk23/no-debug/RetainedAliasRawParam/original-probe-javac	0	/Library/Java/JavaVirtualMachines/openjdk-23.0.1/Contents/Home/bin/javac --release 8 -g:none -classpath /var/folders/gm/lzn3ylzx4lz7mx29lftngdz40000gn/T/jarde-raw-receiver-replay-3bzbyh13/empty-classpath -sourcepath /var/folders/gm/lzn3ylzx4lz7mx29lftngdz40000gn/T/jarde-raw-receiver-replay-3bzbyh13/empty-sourcepath -d /var/folders/gm/lzn3ylzx4lz7mx29lftngdz40000gn/T/jarde-raw-receiver-replay-3bzbyh13/original-probe /Users/lordcasser/workspace/projects/jarde/openspec/evidence/raw-receiver-field-selection-2026-10-09/source/ReceiverProbe.java
jdk23/no-debug/RetainedAliasRawParam/original-run	0	/Library/Java/JavaVirtualMachines/openjdk-23.0.1/Contents/Home/bin/java -Xverify:all -cp /var/folders/gm/lzn3ylzx4lz7mx29lftngdz40000gn/T/jarde-raw-receiver-replay-3bzbyh13/original:/var/folders/gm/lzn3ylzx4lz7mx29lftngdz40000gn/T/jarde-raw-receiver-replay-3bzbyh13/original-probe ReceiverProbe RetainedAliasRawParam
jdk23/no-debug/RetainedAliasRawParam/jarde-RetainedAliasRawParam	0	/private/tmp/jarde-class-ctor-final-cli class-source --input /Users/lordcasser/workspace/projects/jarde/openspec/evidence/raw-receiver-field-selection-2026-10-09/jdk23/no-debug/input/RetainedAliasRawParam.jar --class RetainedAliasRawParam --policy plain-jar --release 8 --format text
jdk23/no-debug/RetainedAliasRawParam/jarde-RetainedAliasRawParam-source-header	0	nonempty self-describing source
jdk23/no-debug/RetainedAliasRawParam/jarde-javac	0	/Library/Java/JavaVirtualMachines/openjdk-23.0.1/Contents/Home/bin/javac --release 8 -g:none -classpath /var/folders/gm/lzn3ylzx4lz7mx29lftngdz40000gn/T/jarde-raw-receiver-replay-3bzbyh13/empty-classpath -sourcepath /var/folders/gm/lzn3ylzx4lz7mx29lftngdz40000gn/T/jarde-raw-receiver-replay-3bzbyh13/empty-sourcepath -d /var/folders/gm/lzn3ylzx4lz7mx29lftngdz40000gn/T/jarde-raw-receiver-replay-3bzbyh13/jarde-classes /private/tmp/jarde-raw-receiver-marker-baseline-root-20261009/jdk23/no-debug/jarde/RetainedAliasRawParam.java /Users/lordcasser/workspace/projects/jarde/openspec/evidence/raw-receiver-field-selection-2026-10-09/source/ReceiverProbe.java
jdk23/no-debug/RetainedAliasRawParam/jarde-verify-run	0	/Library/Java/JavaVirtualMachines/openjdk-23.0.1/Contents/Home/bin/java -Xverify:all -cp /var/folders/gm/lzn3ylzx4lz7mx29lftngdz40000gn/T/jarde-raw-receiver-replay-3bzbyh13/jarde-classes ReceiverProbe RetainedAliasRawParam
jdk23/no-debug/RetainedAliasRawParam/jadx	0	/Users/lordcasser/workspace/testzone/jadx/jadx-cli/build/install/jadx/bin/jadx --no-res --single-class RetainedAliasRawParam -d /private/tmp/jarde-raw-receiver-marker-baseline-root-20261009/jdk23/no-debug/jadx/RetainedAliasRawParam /Users/lordcasser/workspace/projects/jarde/openspec/evidence/raw-receiver-field-selection-2026-10-09/jdk23/no-debug/input/RetainedAliasRawParam.jar
jdk23/no-debug/RetainedAliasRawParam/jadx-source-header	0	nonempty class source
jdk23/no-debug/RetainedAliasRawParam/jadx-javac	0	/Library/Java/JavaVirtualMachines/openjdk-23.0.1/Contents/Home/bin/javac --release 8 -g:none -classpath /var/folders/gm/lzn3ylzx4lz7mx29lftngdz40000gn/T/jarde-raw-receiver-replay-3bzbyh13/empty-classpath -sourcepath /var/folders/gm/lzn3ylzx4lz7mx29lftngdz40000gn/T/jarde-raw-receiver-replay-3bzbyh13/empty-sourcepath -d /var/folders/gm/lzn3ylzx4lz7mx29lftngdz40000gn/T/jarde-raw-receiver-replay-3bzbyh13/jadx-classes /private/tmp/jarde-raw-receiver-marker-baseline-root-20261009/jdk23/no-debug/jadx/RetainedAliasRawParam/sources/defpackage/RetainedAliasRawParam.java /Users/lordcasser/workspace/projects/jarde/openspec/evidence/raw-receiver-field-selection-2026-10-09/source/ReceiverProbe.java
jdk23/no-debug/RetainedAliasRawParam/jadx-verify-run	0	/Library/Java/JavaVirtualMachines/openjdk-23.0.1/Contents/Home/bin/java -Xverify:all -cp /var/folders/gm/lzn3ylzx4lz7mx29lftngdz40000gn/T/jarde-raw-receiver-replay-3bzbyh13/jadx-classes ReceiverProbe defpackage.RetainedAliasRawParam
jdk23/debug/MultiFormalRawParam/jar-contents	0	/Library/Java/JavaVirtualMachines/openjdk-23.0.1/Contents/Home/bin/jar tf /Users/lordcasser/workspace/projects/jarde/openspec/evidence/raw-receiver-field-selection-2026-10-09/jdk23/debug/input/MultiFormalRawParam.jar
jdk23/debug/MultiFormalRawParam/original-javac	0	/Library/Java/JavaVirtualMachines/openjdk-23.0.1/Contents/Home/bin/javac --release 8 -g -classpath /var/folders/gm/lzn3ylzx4lz7mx29lftngdz40000gn/T/jarde-raw-receiver-replay-b8tu9qtk/empty-classpath -sourcepath /var/folders/gm/lzn3ylzx4lz7mx29lftngdz40000gn/T/jarde-raw-receiver-replay-b8tu9qtk/empty-sourcepath -d /var/folders/gm/lzn3ylzx4lz7mx29lftngdz40000gn/T/jarde-raw-receiver-replay-b8tu9qtk/original /Users/lordcasser/workspace/projects/jarde/openspec/evidence/raw-receiver-field-selection-2026-10-09/source/MultiFormalRawParam.java
jdk23/debug/MultiFormalRawParam/javap	0	/Library/Java/JavaVirtualMachines/openjdk-23.0.1/Contents/Home/bin/javap -p -c -s -v -classpath /Users/lordcasser/workspace/projects/jarde/openspec/evidence/raw-receiver-field-selection-2026-10-09/jdk23/debug/input/MultiFormalRawParam.jar MultiFormalRawParam
jdk23/debug/MultiFormalRawParam/original-probe-javac	0	/Library/Java/JavaVirtualMachines/openjdk-23.0.1/Contents/Home/bin/javac --release 8 -g -classpath /var/folders/gm/lzn3ylzx4lz7mx29lftngdz40000gn/T/jarde-raw-receiver-replay-b8tu9qtk/empty-classpath -sourcepath /var/folders/gm/lzn3ylzx4lz7mx29lftngdz40000gn/T/jarde-raw-receiver-replay-b8tu9qtk/empty-sourcepath -d /var/folders/gm/lzn3ylzx4lz7mx29lftngdz40000gn/T/jarde-raw-receiver-replay-b8tu9qtk/original-probe /Users/lordcasser/workspace/projects/jarde/openspec/evidence/raw-receiver-field-selection-2026-10-09/source/ReceiverProbe.java
jdk23/debug/MultiFormalRawParam/original-run	0	/Library/Java/JavaVirtualMachines/openjdk-23.0.1/Contents/Home/bin/java -Xverify:all -cp /var/folders/gm/lzn3ylzx4lz7mx29lftngdz40000gn/T/jarde-raw-receiver-replay-b8tu9qtk/original:/var/folders/gm/lzn3ylzx4lz7mx29lftngdz40000gn/T/jarde-raw-receiver-replay-b8tu9qtk/original-probe ReceiverProbe MultiFormalRawParam
jdk23/debug/MultiFormalRawParam/jarde-MultiFormalRawParam	0	/private/tmp/jarde-class-ctor-final-cli class-source --input /Users/lordcasser/workspace/projects/jarde/openspec/evidence/raw-receiver-field-selection-2026-10-09/jdk23/debug/input/MultiFormalRawParam.jar --class MultiFormalRawParam --policy plain-jar --release 8 --format text
jdk23/debug/MultiFormalRawParam/jarde-MultiFormalRawParam-source-header	0	nonempty self-describing source
jdk23/debug/MultiFormalRawParam/jarde-javac	0	/Library/Java/JavaVirtualMachines/openjdk-23.0.1/Contents/Home/bin/javac --release 8 -g -classpath /var/folders/gm/lzn3ylzx4lz7mx29lftngdz40000gn/T/jarde-raw-receiver-replay-b8tu9qtk/empty-classpath -sourcepath /var/folders/gm/lzn3ylzx4lz7mx29lftngdz40000gn/T/jarde-raw-receiver-replay-b8tu9qtk/empty-sourcepath -d /var/folders/gm/lzn3ylzx4lz7mx29lftngdz40000gn/T/jarde-raw-receiver-replay-b8tu9qtk/jarde-classes /private/tmp/jarde-raw-receiver-marker-baseline-root-20261009/jdk23/debug/jarde/MultiFormalRawParam.java /Users/lordcasser/workspace/projects/jarde/openspec/evidence/raw-receiver-field-selection-2026-10-09/source/ReceiverProbe.java
jdk23/debug/MultiFormalRawParam/jarde-verify-run	0	/Library/Java/JavaVirtualMachines/openjdk-23.0.1/Contents/Home/bin/java -Xverify:all -cp /var/folders/gm/lzn3ylzx4lz7mx29lftngdz40000gn/T/jarde-raw-receiver-replay-b8tu9qtk/jarde-classes ReceiverProbe MultiFormalRawParam
jdk23/debug/MultiFormalRawParam/jadx	0	/Users/lordcasser/workspace/testzone/jadx/jadx-cli/build/install/jadx/bin/jadx --no-res --single-class MultiFormalRawParam -d /private/tmp/jarde-raw-receiver-marker-baseline-root-20261009/jdk23/debug/jadx/MultiFormalRawParam /Users/lordcasser/workspace/projects/jarde/openspec/evidence/raw-receiver-field-selection-2026-10-09/jdk23/debug/input/MultiFormalRawParam.jar
jdk23/debug/MultiFormalRawParam/jadx-source-header	0	nonempty class source
jdk23/debug/MultiFormalRawParam/jadx-javac	0	/Library/Java/JavaVirtualMachines/openjdk-23.0.1/Contents/Home/bin/javac --release 8 -g -classpath /var/folders/gm/lzn3ylzx4lz7mx29lftngdz40000gn/T/jarde-raw-receiver-replay-b8tu9qtk/empty-classpath -sourcepath /var/folders/gm/lzn3ylzx4lz7mx29lftngdz40000gn/T/jarde-raw-receiver-replay-b8tu9qtk/empty-sourcepath -d /var/folders/gm/lzn3ylzx4lz7mx29lftngdz40000gn/T/jarde-raw-receiver-replay-b8tu9qtk/jadx-classes /private/tmp/jarde-raw-receiver-marker-baseline-root-20261009/jdk23/debug/jadx/MultiFormalRawParam/sources/defpackage/MultiFormalRawParam.java /Users/lordcasser/workspace/projects/jarde/openspec/evidence/raw-receiver-field-selection-2026-10-09/source/ReceiverProbe.java
jdk23/debug/MultiFormalRawParam/jadx-verify-run	0	/Library/Java/JavaVirtualMachines/openjdk-23.0.1/Contents/Home/bin/java -Xverify:all -cp /var/folders/gm/lzn3ylzx4lz7mx29lftngdz40000gn/T/jarde-raw-receiver-replay-b8tu9qtk/jadx-classes ReceiverProbe defpackage.MultiFormalRawParam
jdk23/no-debug/MultiFormalRawParam/jar-contents	0	/Library/Java/JavaVirtualMachines/openjdk-23.0.1/Contents/Home/bin/jar tf /Users/lordcasser/workspace/projects/jarde/openspec/evidence/raw-receiver-field-selection-2026-10-09/jdk23/no-debug/input/MultiFormalRawParam.jar
jdk23/no-debug/MultiFormalRawParam/original-javac	0	/Library/Java/JavaVirtualMachines/openjdk-23.0.1/Contents/Home/bin/javac --release 8 -g:none -classpath /var/folders/gm/lzn3ylzx4lz7mx29lftngdz40000gn/T/jarde-raw-receiver-replay-nvyg03yu/empty-classpath -sourcepath /var/folders/gm/lzn3ylzx4lz7mx29lftngdz40000gn/T/jarde-raw-receiver-replay-nvyg03yu/empty-sourcepath -d /var/folders/gm/lzn3ylzx4lz7mx29lftngdz40000gn/T/jarde-raw-receiver-replay-nvyg03yu/original /Users/lordcasser/workspace/projects/jarde/openspec/evidence/raw-receiver-field-selection-2026-10-09/source/MultiFormalRawParam.java
jdk23/no-debug/MultiFormalRawParam/javap	0	/Library/Java/JavaVirtualMachines/openjdk-23.0.1/Contents/Home/bin/javap -p -c -s -v -classpath /Users/lordcasser/workspace/projects/jarde/openspec/evidence/raw-receiver-field-selection-2026-10-09/jdk23/no-debug/input/MultiFormalRawParam.jar MultiFormalRawParam
jdk23/no-debug/MultiFormalRawParam/original-probe-javac	0	/Library/Java/JavaVirtualMachines/openjdk-23.0.1/Contents/Home/bin/javac --release 8 -g:none -classpath /var/folders/gm/lzn3ylzx4lz7mx29lftngdz40000gn/T/jarde-raw-receiver-replay-nvyg03yu/empty-classpath -sourcepath /var/folders/gm/lzn3ylzx4lz7mx29lftngdz40000gn/T/jarde-raw-receiver-replay-nvyg03yu/empty-sourcepath -d /var/folders/gm/lzn3ylzx4lz7mx29lftngdz40000gn/T/jarde-raw-receiver-replay-nvyg03yu/original-probe /Users/lordcasser/workspace/projects/jarde/openspec/evidence/raw-receiver-field-selection-2026-10-09/source/ReceiverProbe.java
jdk23/no-debug/MultiFormalRawParam/original-run	0	/Library/Java/JavaVirtualMachines/openjdk-23.0.1/Contents/Home/bin/java -Xverify:all -cp /var/folders/gm/lzn3ylzx4lz7mx29lftngdz40000gn/T/jarde-raw-receiver-replay-nvyg03yu/original:/var/folders/gm/lzn3ylzx4lz7mx29lftngdz40000gn/T/jarde-raw-receiver-replay-nvyg03yu/original-probe ReceiverProbe MultiFormalRawParam
jdk23/no-debug/MultiFormalRawParam/jarde-MultiFormalRawParam	0	/private/tmp/jarde-class-ctor-final-cli class-source --input /Users/lordcasser/workspace/projects/jarde/openspec/evidence/raw-receiver-field-selection-2026-10-09/jdk23/no-debug/input/MultiFormalRawParam.jar --class MultiFormalRawParam --policy plain-jar --release 8 --format text
jdk23/no-debug/MultiFormalRawParam/jarde-MultiFormalRawParam-source-header	0	nonempty self-describing source
jdk23/no-debug/MultiFormalRawParam/jarde-javac	0	/Library/Java/JavaVirtualMachines/openjdk-23.0.1/Contents/Home/bin/javac --release 8 -g:none -classpath /var/folders/gm/lzn3ylzx4lz7mx29lftngdz40000gn/T/jarde-raw-receiver-replay-nvyg03yu/empty-classpath -sourcepath /var/folders/gm/lzn3ylzx4lz7mx29lftngdz40000gn/T/jarde-raw-receiver-replay-nvyg03yu/empty-sourcepath -d /var/folders/gm/lzn3ylzx4lz7mx29lftngdz40000gn/T/jarde-raw-receiver-replay-nvyg03yu/jarde-classes /private/tmp/jarde-raw-receiver-marker-baseline-root-20261009/jdk23/no-debug/jarde/MultiFormalRawParam.java /Users/lordcasser/workspace/projects/jarde/openspec/evidence/raw-receiver-field-selection-2026-10-09/source/ReceiverProbe.java
jdk23/no-debug/MultiFormalRawParam/jarde-verify-run	0	/Library/Java/JavaVirtualMachines/openjdk-23.0.1/Contents/Home/bin/java -Xverify:all -cp /var/folders/gm/lzn3ylzx4lz7mx29lftngdz40000gn/T/jarde-raw-receiver-replay-nvyg03yu/jarde-classes ReceiverProbe MultiFormalRawParam
jdk23/no-debug/MultiFormalRawParam/jadx	0	/Users/lordcasser/workspace/testzone/jadx/jadx-cli/build/install/jadx/bin/jadx --no-res --single-class MultiFormalRawParam -d /private/tmp/jarde-raw-receiver-marker-baseline-root-20261009/jdk23/no-debug/jadx/MultiFormalRawParam /Users/lordcasser/workspace/projects/jarde/openspec/evidence/raw-receiver-field-selection-2026-10-09/jdk23/no-debug/input/MultiFormalRawParam.jar
jdk23/no-debug/MultiFormalRawParam/jadx-source-header	0	nonempty class source
jdk23/no-debug/MultiFormalRawParam/jadx-javac	0	/Library/Java/JavaVirtualMachines/openjdk-23.0.1/Contents/Home/bin/javac --release 8 -g:none -classpath /var/folders/gm/lzn3ylzx4lz7mx29lftngdz40000gn/T/jarde-raw-receiver-replay-nvyg03yu/empty-classpath -sourcepath /var/folders/gm/lzn3ylzx4lz7mx29lftngdz40000gn/T/jarde-raw-receiver-replay-nvyg03yu/empty-sourcepath -d /var/folders/gm/lzn3ylzx4lz7mx29lftngdz40000gn/T/jarde-raw-receiver-replay-nvyg03yu/jadx-classes /private/tmp/jarde-raw-receiver-marker-baseline-root-20261009/jdk23/no-debug/jadx/MultiFormalRawParam/sources/defpackage/MultiFormalRawParam.java /Users/lordcasser/workspace/projects/jarde/openspec/evidence/raw-receiver-field-selection-2026-10-09/source/ReceiverProbe.java
jdk23/no-debug/MultiFormalRawParam/jadx-verify-run	0	/Library/Java/JavaVirtualMachines/openjdk-23.0.1/Contents/Home/bin/java -Xverify:all -cp /var/folders/gm/lzn3ylzx4lz7mx29lftngdz40000gn/T/jarde-raw-receiver-replay-nvyg03yu/jadx-classes ReceiverProbe defpackage.MultiFormalRawParam
jdk23/debug/RawOwnerChild/jar-contents	0	/Library/Java/JavaVirtualMachines/openjdk-23.0.1/Contents/Home/bin/jar tf /Users/lordcasser/workspace/projects/jarde/openspec/evidence/raw-receiver-field-selection-2026-10-09/jdk23/debug/input/RawOwnerChild.jar
jdk23/debug/RawOwnerChild/original-javac	0	/Library/Java/JavaVirtualMachines/openjdk-23.0.1/Contents/Home/bin/javac --release 8 -g -classpath /var/folders/gm/lzn3ylzx4lz7mx29lftngdz40000gn/T/jarde-raw-receiver-replay-j8zf900w/empty-classpath -sourcepath /var/folders/gm/lzn3ylzx4lz7mx29lftngdz40000gn/T/jarde-raw-receiver-replay-j8zf900w/empty-sourcepath -d /var/folders/gm/lzn3ylzx4lz7mx29lftngdz40000gn/T/jarde-raw-receiver-replay-j8zf900w/original /Users/lordcasser/workspace/projects/jarde/openspec/evidence/raw-receiver-field-selection-2026-10-09/source/RawOwnerChild.java /Users/lordcasser/workspace/projects/jarde/openspec/evidence/raw-receiver-field-selection-2026-10-09/source/RawOwnerBase.java
jdk23/debug/RawOwnerChild/javap	0	/Library/Java/JavaVirtualMachines/openjdk-23.0.1/Contents/Home/bin/javap -p -c -s -v -classpath /Users/lordcasser/workspace/projects/jarde/openspec/evidence/raw-receiver-field-selection-2026-10-09/jdk23/debug/input/RawOwnerChild.jar RawOwnerChild
jdk23/debug/RawOwnerChild/original-probe-javac	0	/Library/Java/JavaVirtualMachines/openjdk-23.0.1/Contents/Home/bin/javac --release 8 -g -classpath /var/folders/gm/lzn3ylzx4lz7mx29lftngdz40000gn/T/jarde-raw-receiver-replay-j8zf900w/empty-classpath -sourcepath /var/folders/gm/lzn3ylzx4lz7mx29lftngdz40000gn/T/jarde-raw-receiver-replay-j8zf900w/empty-sourcepath -d /var/folders/gm/lzn3ylzx4lz7mx29lftngdz40000gn/T/jarde-raw-receiver-replay-j8zf900w/original-probe /Users/lordcasser/workspace/projects/jarde/openspec/evidence/raw-receiver-field-selection-2026-10-09/source/ReceiverProbe.java
jdk23/debug/RawOwnerChild/original-run	0	/Library/Java/JavaVirtualMachines/openjdk-23.0.1/Contents/Home/bin/java -Xverify:all -cp /var/folders/gm/lzn3ylzx4lz7mx29lftngdz40000gn/T/jarde-raw-receiver-replay-j8zf900w/original:/var/folders/gm/lzn3ylzx4lz7mx29lftngdz40000gn/T/jarde-raw-receiver-replay-j8zf900w/original-probe ReceiverProbe RawOwnerChild
jdk23/debug/RawOwnerChild/jarde-RawOwnerChild	0	/private/tmp/jarde-class-ctor-final-cli class-source --input /Users/lordcasser/workspace/projects/jarde/openspec/evidence/raw-receiver-field-selection-2026-10-09/jdk23/debug/input/RawOwnerChild.jar --class RawOwnerChild --policy plain-jar --release 8 --format text
jdk23/debug/RawOwnerChild/jarde-RawOwnerChild-source-header	0	nonempty self-describing source
jdk23/debug/RawOwnerChild/jarde-RawOwnerBase	0	/private/tmp/jarde-class-ctor-final-cli class-source --input /Users/lordcasser/workspace/projects/jarde/openspec/evidence/raw-receiver-field-selection-2026-10-09/jdk23/debug/input/RawOwnerChild.jar --class RawOwnerBase --policy plain-jar --release 8 --format text
jdk23/debug/RawOwnerChild/jarde-RawOwnerBase-source-header	0	nonempty self-describing source
jdk23/debug/RawOwnerChild/jarde-javac	0	/Library/Java/JavaVirtualMachines/openjdk-23.0.1/Contents/Home/bin/javac --release 8 -g -classpath /var/folders/gm/lzn3ylzx4lz7mx29lftngdz40000gn/T/jarde-raw-receiver-replay-j8zf900w/empty-classpath -sourcepath /var/folders/gm/lzn3ylzx4lz7mx29lftngdz40000gn/T/jarde-raw-receiver-replay-j8zf900w/empty-sourcepath -d /var/folders/gm/lzn3ylzx4lz7mx29lftngdz40000gn/T/jarde-raw-receiver-replay-j8zf900w/jarde-classes /private/tmp/jarde-raw-receiver-marker-baseline-root-20261009/jdk23/debug/jarde/RawOwnerChild.java /private/tmp/jarde-raw-receiver-marker-baseline-root-20261009/jdk23/debug/jarde/RawOwnerBase.java /Users/lordcasser/workspace/projects/jarde/openspec/evidence/raw-receiver-field-selection-2026-10-09/source/ReceiverProbe.java
jdk23/debug/RawOwnerChild/jarde-verify-run	0	/Library/Java/JavaVirtualMachines/openjdk-23.0.1/Contents/Home/bin/java -Xverify:all -cp /var/folders/gm/lzn3ylzx4lz7mx29lftngdz40000gn/T/jarde-raw-receiver-replay-j8zf900w/jarde-classes ReceiverProbe RawOwnerChild
jdk23/debug/RawOwnerChild/jadx	0	/Users/lordcasser/workspace/testzone/jadx/jadx-cli/build/install/jadx/bin/jadx --no-res -d /private/tmp/jarde-raw-receiver-marker-baseline-root-20261009/jdk23/debug/jadx/RawOwnerChild /Users/lordcasser/workspace/projects/jarde/openspec/evidence/raw-receiver-field-selection-2026-10-09/jdk23/debug/input/RawOwnerChild.jar
jdk23/debug/RawOwnerChild/jadx-source-header	0	nonempty class source
jdk23/debug/RawOwnerChild/jadx-javac	0	/Library/Java/JavaVirtualMachines/openjdk-23.0.1/Contents/Home/bin/javac --release 8 -g -classpath /var/folders/gm/lzn3ylzx4lz7mx29lftngdz40000gn/T/jarde-raw-receiver-replay-j8zf900w/empty-classpath -sourcepath /var/folders/gm/lzn3ylzx4lz7mx29lftngdz40000gn/T/jarde-raw-receiver-replay-j8zf900w/empty-sourcepath -d /var/folders/gm/lzn3ylzx4lz7mx29lftngdz40000gn/T/jarde-raw-receiver-replay-j8zf900w/jadx-classes /private/tmp/jarde-raw-receiver-marker-baseline-root-20261009/jdk23/debug/jadx/RawOwnerChild/sources/defpackage/RawOwnerBase.java /private/tmp/jarde-raw-receiver-marker-baseline-root-20261009/jdk23/debug/jadx/RawOwnerChild/sources/defpackage/RawOwnerChild.java /Users/lordcasser/workspace/projects/jarde/openspec/evidence/raw-receiver-field-selection-2026-10-09/source/ReceiverProbe.java
jdk23/debug/RawOwnerChild/jadx-verify-run	0	/Library/Java/JavaVirtualMachines/openjdk-23.0.1/Contents/Home/bin/java -Xverify:all -cp /var/folders/gm/lzn3ylzx4lz7mx29lftngdz40000gn/T/jarde-raw-receiver-replay-j8zf900w/jadx-classes ReceiverProbe defpackage.RawOwnerChild
jdk23/no-debug/RawOwnerChild/jar-contents	0	/Library/Java/JavaVirtualMachines/openjdk-23.0.1/Contents/Home/bin/jar tf /Users/lordcasser/workspace/projects/jarde/openspec/evidence/raw-receiver-field-selection-2026-10-09/jdk23/no-debug/input/RawOwnerChild.jar
jdk23/no-debug/RawOwnerChild/original-javac	0	/Library/Java/JavaVirtualMachines/openjdk-23.0.1/Contents/Home/bin/javac --release 8 -g:none -classpath /var/folders/gm/lzn3ylzx4lz7mx29lftngdz40000gn/T/jarde-raw-receiver-replay-hfbrj0i4/empty-classpath -sourcepath /var/folders/gm/lzn3ylzx4lz7mx29lftngdz40000gn/T/jarde-raw-receiver-replay-hfbrj0i4/empty-sourcepath -d /var/folders/gm/lzn3ylzx4lz7mx29lftngdz40000gn/T/jarde-raw-receiver-replay-hfbrj0i4/original /Users/lordcasser/workspace/projects/jarde/openspec/evidence/raw-receiver-field-selection-2026-10-09/source/RawOwnerChild.java /Users/lordcasser/workspace/projects/jarde/openspec/evidence/raw-receiver-field-selection-2026-10-09/source/RawOwnerBase.java
jdk23/no-debug/RawOwnerChild/javap	0	/Library/Java/JavaVirtualMachines/openjdk-23.0.1/Contents/Home/bin/javap -p -c -s -v -classpath /Users/lordcasser/workspace/projects/jarde/openspec/evidence/raw-receiver-field-selection-2026-10-09/jdk23/no-debug/input/RawOwnerChild.jar RawOwnerChild
jdk23/no-debug/RawOwnerChild/original-probe-javac	0	/Library/Java/JavaVirtualMachines/openjdk-23.0.1/Contents/Home/bin/javac --release 8 -g:none -classpath /var/folders/gm/lzn3ylzx4lz7mx29lftngdz40000gn/T/jarde-raw-receiver-replay-hfbrj0i4/empty-classpath -sourcepath /var/folders/gm/lzn3ylzx4lz7mx29lftngdz40000gn/T/jarde-raw-receiver-replay-hfbrj0i4/empty-sourcepath -d /var/folders/gm/lzn3ylzx4lz7mx29lftngdz40000gn/T/jarde-raw-receiver-replay-hfbrj0i4/original-probe /Users/lordcasser/workspace/projects/jarde/openspec/evidence/raw-receiver-field-selection-2026-10-09/source/ReceiverProbe.java
jdk23/no-debug/RawOwnerChild/original-run	0	/Library/Java/JavaVirtualMachines/openjdk-23.0.1/Contents/Home/bin/java -Xverify:all -cp /var/folders/gm/lzn3ylzx4lz7mx29lftngdz40000gn/T/jarde-raw-receiver-replay-hfbrj0i4/original:/var/folders/gm/lzn3ylzx4lz7mx29lftngdz40000gn/T/jarde-raw-receiver-replay-hfbrj0i4/original-probe ReceiverProbe RawOwnerChild
jdk23/no-debug/RawOwnerChild/jarde-RawOwnerChild	0	/private/tmp/jarde-class-ctor-final-cli class-source --input /Users/lordcasser/workspace/projects/jarde/openspec/evidence/raw-receiver-field-selection-2026-10-09/jdk23/no-debug/input/RawOwnerChild.jar --class RawOwnerChild --policy plain-jar --release 8 --format text
jdk23/no-debug/RawOwnerChild/jarde-RawOwnerChild-source-header	0	nonempty self-describing source
jdk23/no-debug/RawOwnerChild/jarde-RawOwnerBase	0	/private/tmp/jarde-class-ctor-final-cli class-source --input /Users/lordcasser/workspace/projects/jarde/openspec/evidence/raw-receiver-field-selection-2026-10-09/jdk23/no-debug/input/RawOwnerChild.jar --class RawOwnerBase --policy plain-jar --release 8 --format text
jdk23/no-debug/RawOwnerChild/jarde-RawOwnerBase-source-header	0	nonempty self-describing source
jdk23/no-debug/RawOwnerChild/jarde-javac	0	/Library/Java/JavaVirtualMachines/openjdk-23.0.1/Contents/Home/bin/javac --release 8 -g:none -classpath /var/folders/gm/lzn3ylzx4lz7mx29lftngdz40000gn/T/jarde-raw-receiver-replay-hfbrj0i4/empty-classpath -sourcepath /var/folders/gm/lzn3ylzx4lz7mx29lftngdz40000gn/T/jarde-raw-receiver-replay-hfbrj0i4/empty-sourcepath -d /var/folders/gm/lzn3ylzx4lz7mx29lftngdz40000gn/T/jarde-raw-receiver-replay-hfbrj0i4/jarde-classes /private/tmp/jarde-raw-receiver-marker-baseline-root-20261009/jdk23/no-debug/jarde/RawOwnerChild.java /private/tmp/jarde-raw-receiver-marker-baseline-root-20261009/jdk23/no-debug/jarde/RawOwnerBase.java /Users/lordcasser/workspace/projects/jarde/openspec/evidence/raw-receiver-field-selection-2026-10-09/source/ReceiverProbe.java
jdk23/no-debug/RawOwnerChild/jarde-verify-run	0	/Library/Java/JavaVirtualMachines/openjdk-23.0.1/Contents/Home/bin/java -Xverify:all -cp /var/folders/gm/lzn3ylzx4lz7mx29lftngdz40000gn/T/jarde-raw-receiver-replay-hfbrj0i4/jarde-classes ReceiverProbe RawOwnerChild
jdk23/no-debug/RawOwnerChild/jadx	0	/Users/lordcasser/workspace/testzone/jadx/jadx-cli/build/install/jadx/bin/jadx --no-res -d /private/tmp/jarde-raw-receiver-marker-baseline-root-20261009/jdk23/no-debug/jadx/RawOwnerChild /Users/lordcasser/workspace/projects/jarde/openspec/evidence/raw-receiver-field-selection-2026-10-09/jdk23/no-debug/input/RawOwnerChild.jar
jdk23/no-debug/RawOwnerChild/jadx-source-header	0	nonempty class source
jdk23/no-debug/RawOwnerChild/jadx-javac	0	/Library/Java/JavaVirtualMachines/openjdk-23.0.1/Contents/Home/bin/javac --release 8 -g:none -classpath /var/folders/gm/lzn3ylzx4lz7mx29lftngdz40000gn/T/jarde-raw-receiver-replay-hfbrj0i4/empty-classpath -sourcepath /var/folders/gm/lzn3ylzx4lz7mx29lftngdz40000gn/T/jarde-raw-receiver-replay-hfbrj0i4/empty-sourcepath -d /var/folders/gm/lzn3ylzx4lz7mx29lftngdz40000gn/T/jarde-raw-receiver-replay-hfbrj0i4/jadx-classes /private/tmp/jarde-raw-receiver-marker-baseline-root-20261009/jdk23/no-debug/jadx/RawOwnerChild/sources/defpackage/RawOwnerBase.java /private/tmp/jarde-raw-receiver-marker-baseline-root-20261009/jdk23/no-debug/jadx/RawOwnerChild/sources/defpackage/RawOwnerChild.java /Users/lordcasser/workspace/projects/jarde/openspec/evidence/raw-receiver-field-selection-2026-10-09/source/ReceiverProbe.java
jdk23/no-debug/RawOwnerChild/jadx-verify-run	0	/Library/Java/JavaVirtualMachines/openjdk-23.0.1/Contents/Home/bin/java -Xverify:all -cp /var/folders/gm/lzn3ylzx4lz7mx29lftngdz40000gn/T/jarde-raw-receiver-replay-hfbrj0i4/jadx-classes ReceiverProbe defpackage.RawOwnerChild
