class.class_bytes.digest = "fc8b7c0376a0083afb699de841aa7a18a3b413c441049650a4e058d0f84e493b"
class.class_bytes.length = 1303
class.location.kind = "standalone_root"
class.location.snapshot = "fc8b7c0376a0083afb699de841aa7a18a3b413c441049650a4e058d0f84e493b"
class.variant.kind = "base"
coverage.artifact_structural.scanned.0.end = 1
coverage.artifact_structural.scanned.0.label = "navigation_candidates"
coverage.artifact_structural.scanned.0.start = 0
coverage.artifact_structural.scanned.1.end = 23
coverage.artifact_structural.scanned.1.label = "class_methods"
coverage.artifact_structural.scanned.1.start = 0
coverage.artifact_structural.scanned.2.end = 23
coverage.artifact_structural.scanned.2.label = "class_source_bodies"
coverage.artifact_structural.scanned.2.start = 0
coverage.artifact_structural.skipped = []
coverage.artifact_structural.state = "complete_within_schema"
coverage.artifact_structural.uninterpreted_extensions = []
coverage.dynamic_analysis.scanned = []
coverage.dynamic_analysis.skipped = []
coverage.dynamic_analysis.state = "not_requested"
coverage.dynamic_analysis.uninterpreted_extensions = []
coverage.runtime_resolution.scanned = []
coverage.runtime_resolution.skipped = []
coverage.runtime_resolution.state = "not_requested"
coverage.runtime_resolution.uninterpreted_extensions = []
declaration.declaration = "public class BitwiseProbe extends java.lang.Object"
declaration.item.binding.kind = "standalone_root"
declaration.item.declaration.access_flags = 33
declaration.item.declaration.interfaces = []
declaration.item.declaration.super_class.escaped = "java/lang/Object"
declaration.item.declaration.super_class.raw = [106,97,118,97,47,108,97,110,103,47,79,98,106,101,99,116]
declaration.item.declaration.super_class.utf16 = [106,97,118,97,47,108,97,110,103,47,79,98,106,101,99,116]
declaration.item.declaration.this_class.escaped = "BitwiseProbe"
declaration.item.declaration.this_class.raw = [66,105,116,119,105,115,101,80,114,111,98,101]
declaration.item.declaration.this_class.utf16 = [66,105,116,119,105,115,101,80,114,111,98,101]
declaration.item.definition.class_bytes.digest = "fc8b7c0376a0083afb699de841aa7a18a3b413c441049650a4e058d0f84e493b"
declaration.item.definition.class_bytes.length = 1303
declaration.item.definition.location.kind = "standalone_root"
declaration.item.definition.location.snapshot = "fc8b7c0376a0083afb699de841aa7a18a3b413c441049650a4e058d0f84e493b"
declaration.item.definition.variant.kind = "base"
declaration.item.member_table = null
declaration.name = "BitwiseProbe"
diagnostics = []
execution.status = "complete"
execution.usage.analysis_steps = 923
execution.usage.archive_entries = 0
execution.usage.attribute_bytes = 1773
execution.usage.class_bytes = 2606
execution.usage.class_headers = 1
execution.usage.code_bytes = 156
execution.usage.dependency_depth = 0
execution.usage.elapsed_millis = 8
execution.usage.entry_bytes = 0
execution.usage.input_bytes = 1303
execution.usage.ir_edges = 185
execution.usage.ir_items = 2740
execution.usage.method_bodies = 23
execution.usage.nested_depth = 0
execution.usage.normalization_clones = 0
execution.usage.output_bytes = 6100
execution.usage.read_bytes = 1303
execution.usage.result_items = 70
fields = []
limits.analysis_steps = 4194304
limits.archive_entries = 65536
limits.attribute_bytes = 67108864
limits.class_bytes = 67108864
limits.class_headers = 4096
limits.code_bytes = 16777216
limits.dependency_depth = 8
limits.elapsed_millis = 30000
limits.entry_bytes = 67108864
limits.input_bytes = 67108864
limits.ir_edges = 4194304
limits.ir_items = 4194304
limits.method_bodies = 4096
limits.nested_depth = 4
limits.normalization_clones = 1048576
limits.output_bytes = 16777216
limits.read_bytes = 67108864
limits.result_items = 65536
methods.0.declaration = "public BitwiseProbe()"
methods.0.item.access_flags = 1
methods.0.item.body.content_span.length = 17
methods.0.item.body.content_span.start = 540
methods.0.item.body.kind = "code_attribute"
methods.0.item.descriptor.escaped = "()V"
methods.0.item.descriptor.raw = [40,41,86]
methods.0.item.descriptor.utf16 = [40,41,86]
methods.0.item.identity.descriptor = [40,41,86]
methods.0.item.identity.name = [60,105,110,105,116,62]
methods.0.item.identity.owner.class_bytes.digest = "fc8b7c0376a0083afb699de841aa7a18a3b413c441049650a4e058d0f84e493b"
methods.0.item.identity.owner.class_bytes.length = 1303
methods.0.item.identity.owner.location.kind = "standalone_root"
methods.0.item.identity.owner.location.snapshot = "fc8b7c0376a0083afb699de841aa7a18a3b413c441049650a4e058d0f84e493b"
methods.0.item.identity.owner.variant.kind = "base"
methods.0.item.index = 0
methods.0.item.name.escaped = "<init>"
methods.0.item.name.raw = [60,105,110,105,116,62]
methods.0.item.name.utf16 = [60,105,110,105,116,62]
methods.0.markers = []
methods.0.no_body_kind = null
methods.0.outcome.analysis.diagnostics = 0
methods.0.outcome.analysis.execution.status = "complete"
methods.0.outcome.analysis.execution.usage.analysis_steps = 21
methods.0.outcome.analysis.execution.usage.archive_entries = 0
methods.0.outcome.analysis.execution.usage.attribute_bytes = 1205
methods.0.outcome.analysis.execution.usage.class_bytes = 2606
methods.0.outcome.analysis.execution.usage.class_headers = 1
methods.0.outcome.analysis.execution.usage.code_bytes = 5
methods.0.outcome.analysis.execution.usage.dependency_depth = 0
methods.0.outcome.analysis.execution.usage.elapsed_millis = 2
methods.0.outcome.analysis.execution.usage.entry_bytes = 0
methods.0.outcome.analysis.execution.usage.input_bytes = 1303
methods.0.outcome.analysis.execution.usage.ir_edges = 2
methods.0.outcome.analysis.execution.usage.ir_items = 48
methods.0.outcome.analysis.execution.usage.method_bodies = 1
methods.0.outcome.analysis.execution.usage.nested_depth = 0
methods.0.outcome.analysis.execution.usage.normalization_clones = 0
methods.0.outcome.analysis.execution.usage.output_bytes = 1303
methods.0.outcome.analysis.execution.usage.read_bytes = 1303
methods.0.outcome.analysis.execution.usage.result_items = 47
methods.0.outcome.kind = "recovered"
methods.0.outcome.report.accessors = []
methods.0.outcome.report.aliased_names = []
methods.0.outcome.report.artifact.agreement.state = "not_stated"
methods.0.outcome.report.artifact.binding.engine = "0.1.0"
methods.0.outcome.report.artifact.binding.environment.content = ["fc8b7c0376a0083afb699de841aa7a18a3b413c441049650a4e058d0f84e493b"]
methods.0.outcome.report.artifact.binding.environment.domain_loaders = ["app"]
methods.0.outcome.report.artifact.binding.environment.providers = []
methods.0.outcome.report.artifact.binding.environment.runtime.load_domain.delegation.kind = "parent_first"
methods.0.outcome.report.artifact.binding.environment.runtime.load_domain.external_override = "none"
methods.0.outcome.report.artifact.binding.environment.runtime.load_domain.loader = "app"
methods.0.outcome.report.artifact.binding.environment.runtime.load_domain.module_mode.kind = "class_path"
methods.0.outcome.report.artifact.binding.environment.runtime.load_domain.parent_loader = null
methods.0.outcome.report.artifact.binding.environment.runtime.load_domain.roots.0.kind = "standalone_class"
methods.0.outcome.report.artifact.binding.environment.runtime.load_domain.roots.0.snapshot = "fc8b7c0376a0083afb699de841aa7a18a3b413c441049650a4e058d0f84e493b"
methods.0.outcome.report.artifact.binding.environment.runtime.load_domain.runtime_transformation = "none"
methods.0.outcome.report.artifact.binding.environment.runtime.physical.scope.kind = "snapshot_all"
methods.0.outcome.report.artifact.binding.environment.runtime.physical.snapshot = "fc8b7c0376a0083afb699de841aa7a18a3b413c441049650a4e058d0f84e493b"
methods.0.outcome.report.artifact.binding.environment.runtime.profile.java_release = 8
methods.0.outcome.report.artifact.binding.environment.runtime.profile.layout.kind = "generic"
methods.0.outcome.report.artifact.binding.environment.runtime.profile.multi_release.kind = "disabled"
methods.0.outcome.report.artifact.binding.member_ordinal = 0
methods.0.outcome.report.artifact.binding.method.descriptor = [40,41,86]
methods.0.outcome.report.artifact.binding.method.name = [60,105,110,105,116,62]
methods.0.outcome.report.artifact.binding.method.owner.class_bytes.digest = "fc8b7c0376a0083afb699de841aa7a18a3b413c441049650a4e058d0f84e493b"
methods.0.outcome.report.artifact.binding.method.owner.class_bytes.length = 1303
methods.0.outcome.report.artifact.binding.method.owner.location.kind = "standalone_root"
methods.0.outcome.report.artifact.binding.method.owner.location.snapshot = "fc8b7c0376a0083afb699de841aa7a18a3b413c441049650a4e058d0f84e493b"
methods.0.outcome.report.artifact.binding.method.owner.variant.kind = "base"
methods.0.outcome.report.artifact.binding.profile.java_release = 8
methods.0.outcome.report.artifact.binding.profile.layout.kind = "generic"
methods.0.outcome.report.artifact.binding.profile.multi_release.kind = "disabled"
methods.0.outcome.report.artifact.binding.registry = 71
methods.0.outcome.report.artifact.binding.rules = ["straight@1","if@1","loop@1","switch@1","lambda@1","concat@1","bridge@1","accessor@1","new@1","field@1","enumswitch@1","init@1","declaration@1","twr@1","monitor@1"]
methods.0.outcome.report.artifact.binding.schema = 1
methods.0.outcome.report.artifact.binding.text_bytes = 186
methods.0.outcome.report.artifact.binding.text_digest = "8231d4b2ae7afea469ddf45e22448e45"
methods.0.outcome.report.bridges = []
methods.0.outcome.report.compile_status = "not_attempted"
methods.0.outcome.report.concats = []
methods.0.outcome.report.content = "contains_statements"
methods.0.outcome.report.declaration = null
methods.0.outcome.report.diagnostics.0.code = "jre_recovery_produced"
methods.0.outcome.report.diagnostics.0.message = "1 region(s), 2 statement(s), 2 segment(s), 186 byte(s) written from 1 canonical block(s)"
methods.0.outcome.report.diagnostics.0.provenance = null
methods.0.outcome.report.diagnostics.0.severity = "info"
methods.0.outcome.report.diagnostics.1.code = "jre_constructor_prologue"
methods.0.outcome.report.diagnostics.1.message = "the body is an instance initializer and its prologue is written under init@1 as `super`: the call at BCI 1 names `java/lang/Object`, and the class that declares this constructor is `BitwiseProbe`"
methods.0.outcome.report.diagnostics.1.provenance = null
methods.0.outcome.report.diagnostics.1.severity = "info"
methods.0.outcome.report.diagnostics.2.code = "jre_declaration"
methods.0.outcome.report.diagnostics.2.message = "the artifact's envelope states the member's declaration under declaration@1: a constructor"
methods.0.outcome.report.diagnostics.2.provenance = null
methods.0.outcome.report.diagnostics.2.severity = "info"
methods.0.outcome.report.enum_switches = []
methods.0.outcome.report.evidence.categories.0.kind = "source_map"
methods.0.outcome.report.evidence.categories.0.state.state = "not_requested"
methods.0.outcome.report.evidence.categories.1.kind = "region_details"
methods.0.outcome.report.evidence.categories.1.state.state = "not_requested"
methods.0.outcome.report.evidence.categories.2.kind = "rule_details"
methods.0.outcome.report.evidence.categories.2.state.state = "not_requested"
methods.0.outcome.report.evidence.categories.3.kind = "name_details"
methods.0.outcome.report.evidence.categories.3.state.state = "not_requested"
methods.0.outcome.report.evidence.categories.4.kind = "read_details"
methods.0.outcome.report.evidence.categories.4.state.state = "not_requested"
methods.0.outcome.report.evidence.requested.driver_bci_range = null
methods.0.outcome.report.evidence.requested.expected_artifact = null
methods.0.outcome.report.evidence.requested.kinds = []
methods.0.outcome.report.execution.status = "complete"
methods.0.outcome.report.execution.usage.analysis_steps = 26
methods.0.outcome.report.execution.usage.archive_entries = 0
methods.0.outcome.report.execution.usage.attribute_bytes = 1205
methods.0.outcome.report.execution.usage.class_bytes = 2606
methods.0.outcome.report.execution.usage.class_headers = 1
methods.0.outcome.report.execution.usage.code_bytes = 5
methods.0.outcome.report.execution.usage.dependency_depth = 0
methods.0.outcome.report.execution.usage.elapsed_millis = 3
methods.0.outcome.report.execution.usage.entry_bytes = 0
methods.0.outcome.report.execution.usage.input_bytes = 1303
methods.0.outcome.report.execution.usage.ir_edges = 2
methods.0.outcome.report.execution.usage.ir_items = 54
methods.0.outcome.report.execution.usage.method_bodies = 1
methods.0.outcome.report.execution.usage.nested_depth = 0
methods.0.outcome.report.execution.usage.normalization_clones = 0
methods.0.outcome.report.execution.usage.output_bytes = 1489
methods.0.outcome.report.execution.usage.read_bytes = 1303
methods.0.outcome.report.execution.usage.result_items = 47
methods.0.outcome.report.fallbacks = []
methods.0.outcome.report.fields = []
methods.0.outcome.report.init = null
methods.0.outcome.report.lambdas = []
methods.0.outcome.report.method = "<init>()V"
methods.0.outcome.report.news = []
methods.0.outcome.report.outcome = "produced"
methods.0.outcome.report.profile.java_release = 8
methods.0.outcome.report.profile.layout.kind = "generic"
methods.0.outcome.report.profile.multi_release.kind = "disabled"
methods.0.outcome.report.quality = "structured"
methods.0.outcome.report.regions = []
methods.0.outcome.report.representation = "java"
methods.0.outcome.report.rules = []
methods.0.outcome.report.semantic_validation = "unproven"
methods.0.outcome.report.source_map.segments = []
methods.0.outcome.report.syntax_status = "unchecked"
methods.0.outcome.report.text = "// @method <init>()V\n// @declaration a constructor of `BitwiseProbe`, member flags 0x0001\n// recovered from bytecode; presentation is not claimed to compile\n{\n    super();\n    return;\n}\n"
methods.0.outcome.report.verification = "not_performed"
methods.0.text = "    public BitwiseProbe() {\n        // @method <init>()V\n        // @declaration a constructor of `BitwiseProbe`, member flags 0x0001\n        // recovered from bytecode; presentation is not claimed to compile\n        super();\n        return;\n    }\n"
methods.1.declaration = "public static int andInt(int arg0, int arg1)"
methods.1.item.access_flags = 9
methods.1.item.body.content_span.length = 16
methods.1.item.body.content_span.start = 571
methods.1.item.body.kind = "code_attribute"
methods.1.item.descriptor.escaped = "(II)I"
methods.1.item.descriptor.raw = [40,73,73,41,73]
methods.1.item.descriptor.utf16 = [40,73,73,41,73]
methods.1.item.identity.descriptor = [40,73,73,41,73]
methods.1.item.identity.name = [97,110,100,73,110,116]
methods.1.item.identity.owner.class_bytes.digest = "fc8b7c0376a0083afb699de841aa7a18a3b413c441049650a4e058d0f84e493b"
methods.1.item.identity.owner.class_bytes.length = 1303
methods.1.item.identity.owner.location.kind = "standalone_root"
methods.1.item.identity.owner.location.snapshot = "fc8b7c0376a0083afb699de841aa7a18a3b413c441049650a4e058d0f84e493b"
methods.1.item.identity.owner.variant.kind = "base"
methods.1.item.index = 1
methods.1.item.name.escaped = "andInt"
methods.1.item.name.raw = [97,110,100,73,110,116]
methods.1.item.name.utf16 = [97,110,100,73,110,116]
methods.1.markers = []
methods.1.no_body_kind = null
methods.1.outcome.analysis.diagnostics = 0
methods.1.outcome.analysis.execution.status = "complete"
methods.1.outcome.analysis.execution.usage.analysis_steps = 50
methods.1.outcome.analysis.execution.usage.archive_entries = 0
methods.1.outcome.analysis.execution.usage.attribute_bytes = 1227
methods.1.outcome.analysis.execution.usage.class_bytes = 2606
methods.1.outcome.analysis.execution.usage.class_headers = 1
methods.1.outcome.analysis.execution.usage.code_bytes = 9
methods.1.outcome.analysis.execution.usage.dependency_depth = 0
methods.1.outcome.analysis.execution.usage.elapsed_millis = 3
methods.1.outcome.analysis.execution.usage.entry_bytes = 0
methods.1.outcome.analysis.execution.usage.input_bytes = 1303
methods.1.outcome.analysis.execution.usage.ir_edges = 7
methods.1.outcome.analysis.execution.usage.ir_items = 128
methods.1.outcome.analysis.execution.usage.method_bodies = 2
methods.1.outcome.analysis.execution.usage.nested_depth = 0
methods.1.outcome.analysis.execution.usage.normalization_clones = 0
methods.1.outcome.analysis.execution.usage.output_bytes = 1489
methods.1.outcome.analysis.execution.usage.read_bytes = 1303
methods.1.outcome.analysis.execution.usage.result_items = 48
methods.1.outcome.kind = "recovered"
methods.1.outcome.report.accessors = []
methods.1.outcome.report.aliased_names = []
methods.1.outcome.report.artifact.agreement.state = "not_stated"
methods.1.outcome.report.artifact.binding.engine = "0.1.0"
methods.1.outcome.report.artifact.binding.environment.content = ["fc8b7c0376a0083afb699de841aa7a18a3b413c441049650a4e058d0f84e493b"]
methods.1.outcome.report.artifact.binding.environment.domain_loaders = ["app"]
methods.1.outcome.report.artifact.binding.environment.providers = []
methods.1.outcome.report.artifact.binding.environment.runtime.load_domain.delegation.kind = "parent_first"
methods.1.outcome.report.artifact.binding.environment.runtime.load_domain.external_override = "none"
methods.1.outcome.report.artifact.binding.environment.runtime.load_domain.loader = "app"
methods.1.outcome.report.artifact.binding.environment.runtime.load_domain.module_mode.kind = "class_path"
methods.1.outcome.report.artifact.binding.environment.runtime.load_domain.parent_loader = null
methods.1.outcome.report.artifact.binding.environment.runtime.load_domain.roots.0.kind = "standalone_class"
methods.1.outcome.report.artifact.binding.environment.runtime.load_domain.roots.0.snapshot = "fc8b7c0376a0083afb699de841aa7a18a3b413c441049650a4e058d0f84e493b"
methods.1.outcome.report.artifact.binding.environment.runtime.load_domain.runtime_transformation = "none"
methods.1.outcome.report.artifact.binding.environment.runtime.physical.scope.kind = "snapshot_all"
methods.1.outcome.report.artifact.binding.environment.runtime.physical.snapshot = "fc8b7c0376a0083afb699de841aa7a18a3b413c441049650a4e058d0f84e493b"
methods.1.outcome.report.artifact.binding.environment.runtime.profile.java_release = 8
methods.1.outcome.report.artifact.binding.environment.runtime.profile.layout.kind = "generic"
methods.1.outcome.report.artifact.binding.environment.runtime.profile.multi_release.kind = "disabled"
methods.1.outcome.report.artifact.binding.member_ordinal = 1
methods.1.outcome.report.artifact.binding.method.descriptor = [40,73,73,41,73]
methods.1.outcome.report.artifact.binding.method.name = [97,110,100,73,110,116]
methods.1.outcome.report.artifact.binding.method.owner.class_bytes.digest = "fc8b7c0376a0083afb699de841aa7a18a3b413c441049650a4e058d0f84e493b"
methods.1.outcome.report.artifact.binding.method.owner.class_bytes.length = 1303
methods.1.outcome.report.artifact.binding.method.owner.location.kind = "standalone_root"
methods.1.outcome.report.artifact.binding.method.owner.location.snapshot = "fc8b7c0376a0083afb699de841aa7a18a3b413c441049650a4e058d0f84e493b"
methods.1.outcome.report.artifact.binding.method.owner.variant.kind = "base"
methods.1.outcome.report.artifact.binding.profile.java_release = 8
methods.1.outcome.report.artifact.binding.profile.layout.kind = "generic"
methods.1.outcome.report.artifact.binding.profile.multi_release.kind = "disabled"
methods.1.outcome.report.artifact.binding.registry = 71
methods.1.outcome.report.artifact.binding.rules = ["straight@1","if@1","loop@1","switch@1","lambda@1","concat@1","bridge@1","accessor@1","new@1","field@1","enumswitch@1","init@1","declaration@1","twr@1","monitor@1"]
methods.1.outcome.report.artifact.binding.schema = 1
methods.1.outcome.report.artifact.binding.text_bytes = 189
methods.1.outcome.report.artifact.binding.text_digest = "094030b2575d1b1d32596d5a6471041f"
methods.1.outcome.report.bridges = []
methods.1.outcome.report.compile_status = "not_attempted"
methods.1.outcome.report.concats = []
methods.1.outcome.report.content = "contains_statements"
methods.1.outcome.report.declaration = null
methods.1.outcome.report.diagnostics.0.code = "jre_recovery_produced"
methods.1.outcome.report.diagnostics.0.message = "1 region(s), 1 statement(s), 4 segment(s), 189 byte(s) written from 1 canonical block(s)"
methods.1.outcome.report.diagnostics.0.provenance = null
methods.1.outcome.report.diagnostics.0.severity = "info"
methods.1.outcome.report.diagnostics.1.code = "jre_declaration"
methods.1.outcome.report.diagnostics.1.message = "the artifact's envelope states the member's declaration under declaration@1: a static method"
methods.1.outcome.report.diagnostics.1.provenance = null
methods.1.outcome.report.diagnostics.1.severity = "info"
methods.1.outcome.report.enum_switches = []
methods.1.outcome.report.evidence.categories.0.kind = "source_map"
methods.1.outcome.report.evidence.categories.0.state.state = "not_requested"
methods.1.outcome.report.evidence.categories.1.kind = "region_details"
methods.1.outcome.report.evidence.categories.1.state.state = "not_requested"
methods.1.outcome.report.evidence.categories.2.kind = "rule_details"
methods.1.outcome.report.evidence.categories.2.state.state = "not_requested"
methods.1.outcome.report.evidence.categories.3.kind = "name_details"
methods.1.outcome.report.evidence.categories.3.state.state = "not_requested"
methods.1.outcome.report.evidence.categories.4.kind = "read_details"
methods.1.outcome.report.evidence.categories.4.state.state = "not_requested"
methods.1.outcome.report.evidence.requested.driver_bci_range = null
methods.1.outcome.report.evidence.requested.expected_artifact = null
methods.1.outcome.report.evidence.requested.kinds = []
methods.1.outcome.report.execution.status = "complete"
methods.1.outcome.report.execution.usage.analysis_steps = 55
methods.1.outcome.report.execution.usage.archive_entries = 0
methods.1.outcome.report.execution.usage.attribute_bytes = 1227
methods.1.outcome.report.execution.usage.class_bytes = 2606
methods.1.outcome.report.execution.usage.class_headers = 1
methods.1.outcome.report.execution.usage.code_bytes = 9
methods.1.outcome.report.execution.usage.dependency_depth = 0
methods.1.outcome.report.execution.usage.elapsed_millis = 4
methods.1.outcome.report.execution.usage.entry_bytes = 0
methods.1.outcome.report.execution.usage.input_bytes = 1303
methods.1.outcome.report.execution.usage.ir_edges = 7
methods.1.outcome.report.execution.usage.ir_items = 135
methods.1.outcome.report.execution.usage.method_bodies = 2
methods.1.outcome.report.execution.usage.nested_depth = 0
methods.1.outcome.report.execution.usage.normalization_clones = 0
methods.1.outcome.report.execution.usage.output_bytes = 1678
methods.1.outcome.report.execution.usage.read_bytes = 1303
methods.1.outcome.report.execution.usage.result_items = 48
methods.1.outcome.report.fallbacks = []
methods.1.outcome.report.fields = []
methods.1.outcome.report.init = null
methods.1.outcome.report.lambdas = []
methods.1.outcome.report.method = "andInt(II)I"
methods.1.outcome.report.news = []
methods.1.outcome.report.outcome = "produced"
methods.1.outcome.report.profile.java_release = 8
methods.1.outcome.report.profile.layout.kind = "generic"
methods.1.outcome.report.profile.multi_release.kind = "disabled"
methods.1.outcome.report.quality = "structured"
methods.1.outcome.report.regions = []
methods.1.outcome.report.representation = "java"
methods.1.outcome.report.rules = []
methods.1.outcome.report.semantic_validation = "unproven"
methods.1.outcome.report.source_map.segments = []
methods.1.outcome.report.syntax_status = "unchecked"
methods.1.outcome.report.text = "// @method andInt(II)I\n// @declaration a static method of `BitwiseProbe`, member flags 0x0009\n// recovered from bytecode; presentation is not claimed to compile\n{\n    return arg0 & arg1;\n}\n"
methods.1.outcome.report.verification = "not_performed"
methods.1.text = "    public static int andInt(int arg0, int arg1) {\n        // @method andInt(II)I\n        // @declaration a static method of `BitwiseProbe`, member flags 0x0009\n        // recovered from bytecode; presentation is not claimed to compile\n        return arg0 & arg1;\n    }\n"
methods.2.declaration = "public static int orInt(int arg0, int arg1)"
methods.2.item.access_flags = 9
methods.2.item.body.content_span.length = 16
methods.2.item.body.content_span.start = 601
methods.2.item.body.kind = "code_attribute"
methods.2.item.descriptor.escaped = "(II)I"
methods.2.item.descriptor.raw = [40,73,73,41,73]
methods.2.item.descriptor.utf16 = [40,73,73,41,73]
methods.2.item.identity.descriptor = [40,73,73,41,73]
methods.2.item.identity.name = [111,114,73,110,116]
methods.2.item.identity.owner.class_bytes.digest = "fc8b7c0376a0083afb699de841aa7a18a3b413c441049650a4e058d0f84e493b"
methods.2.item.identity.owner.class_bytes.length = 1303
methods.2.item.identity.owner.location.kind = "standalone_root"
methods.2.item.identity.owner.location.snapshot = "fc8b7c0376a0083afb699de841aa7a18a3b413c441049650a4e058d0f84e493b"
methods.2.item.identity.owner.variant.kind = "base"
methods.2.item.index = 2
methods.2.item.name.escaped = "orInt"
methods.2.item.name.raw = [111,114,73,110,116]
methods.2.item.name.utf16 = [111,114,73,110,116]
methods.2.markers = []
methods.2.no_body_kind = null
methods.2.outcome.analysis.diagnostics = 0
methods.2.outcome.analysis.execution.status = "complete"
methods.2.outcome.analysis.execution.usage.analysis_steps = 79
methods.2.outcome.analysis.execution.usage.archive_entries = 0
methods.2.outcome.analysis.execution.usage.attribute_bytes = 1249
methods.2.outcome.analysis.execution.usage.class_bytes = 2606
methods.2.outcome.analysis.execution.usage.class_headers = 1
methods.2.outcome.analysis.execution.usage.code_bytes = 13
methods.2.outcome.analysis.execution.usage.dependency_depth = 0
methods.2.outcome.analysis.execution.usage.elapsed_millis = 4
methods.2.outcome.analysis.execution.usage.entry_bytes = 0
methods.2.outcome.analysis.execution.usage.input_bytes = 1303
methods.2.outcome.analysis.execution.usage.ir_edges = 12
methods.2.outcome.analysis.execution.usage.ir_items = 209
methods.2.outcome.analysis.execution.usage.method_bodies = 3
methods.2.outcome.analysis.execution.usage.nested_depth = 0
methods.2.outcome.analysis.execution.usage.normalization_clones = 0
methods.2.outcome.analysis.execution.usage.output_bytes = 1678
methods.2.outcome.analysis.execution.usage.read_bytes = 1303
methods.2.outcome.analysis.execution.usage.result_items = 49
methods.2.outcome.kind = "recovered"
methods.2.outcome.report.accessors = []
methods.2.outcome.report.aliased_names = []
methods.2.outcome.report.artifact.agreement.state = "not_stated"
methods.2.outcome.report.artifact.binding.engine = "0.1.0"
methods.2.outcome.report.artifact.binding.environment.content = ["fc8b7c0376a0083afb699de841aa7a18a3b413c441049650a4e058d0f84e493b"]
methods.2.outcome.report.artifact.binding.environment.domain_loaders = ["app"]
methods.2.outcome.report.artifact.binding.environment.providers = []
methods.2.outcome.report.artifact.binding.environment.runtime.load_domain.delegation.kind = "parent_first"
methods.2.outcome.report.artifact.binding.environment.runtime.load_domain.external_override = "none"
methods.2.outcome.report.artifact.binding.environment.runtime.load_domain.loader = "app"
methods.2.outcome.report.artifact.binding.environment.runtime.load_domain.module_mode.kind = "class_path"
methods.2.outcome.report.artifact.binding.environment.runtime.load_domain.parent_loader = null
methods.2.outcome.report.artifact.binding.environment.runtime.load_domain.roots.0.kind = "standalone_class"
methods.2.outcome.report.artifact.binding.environment.runtime.load_domain.roots.0.snapshot = "fc8b7c0376a0083afb699de841aa7a18a3b413c441049650a4e058d0f84e493b"
methods.2.outcome.report.artifact.binding.environment.runtime.load_domain.runtime_transformation = "none"
methods.2.outcome.report.artifact.binding.environment.runtime.physical.scope.kind = "snapshot_all"
methods.2.outcome.report.artifact.binding.environment.runtime.physical.snapshot = "fc8b7c0376a0083afb699de841aa7a18a3b413c441049650a4e058d0f84e493b"
methods.2.outcome.report.artifact.binding.environment.runtime.profile.java_release = 8
methods.2.outcome.report.artifact.binding.environment.runtime.profile.layout.kind = "generic"
methods.2.outcome.report.artifact.binding.environment.runtime.profile.multi_release.kind = "disabled"
methods.2.outcome.report.artifact.binding.member_ordinal = 2
methods.2.outcome.report.artifact.binding.method.descriptor = [40,73,73,41,73]
methods.2.outcome.report.artifact.binding.method.name = [111,114,73,110,116]
methods.2.outcome.report.artifact.binding.method.owner.class_bytes.digest = "fc8b7c0376a0083afb699de841aa7a18a3b413c441049650a4e058d0f84e493b"
methods.2.outcome.report.artifact.binding.method.owner.class_bytes.length = 1303
methods.2.outcome.report.artifact.binding.method.owner.location.kind = "standalone_root"
methods.2.outcome.report.artifact.binding.method.owner.location.snapshot = "fc8b7c0376a0083afb699de841aa7a18a3b413c441049650a4e058d0f84e493b"
methods.2.outcome.report.artifact.binding.method.owner.variant.kind = "base"
methods.2.outcome.report.artifact.binding.profile.java_release = 8
methods.2.outcome.report.artifact.binding.profile.layout.kind = "generic"
methods.2.outcome.report.artifact.binding.profile.multi_release.kind = "disabled"
methods.2.outcome.report.artifact.binding.registry = 71
methods.2.outcome.report.artifact.binding.rules = ["straight@1","if@1","loop@1","switch@1","lambda@1","concat@1","bridge@1","accessor@1","new@1","field@1","enumswitch@1","init@1","declaration@1","twr@1","monitor@1"]
methods.2.outcome.report.artifact.binding.schema = 1
methods.2.outcome.report.artifact.binding.text_bytes = 188
methods.2.outcome.report.artifact.binding.text_digest = "d837774e0e6a8928ed2729ab00c3586d"
methods.2.outcome.report.bridges = []
methods.2.outcome.report.compile_status = "not_attempted"
methods.2.outcome.report.concats = []
methods.2.outcome.report.content = "contains_statements"
methods.2.outcome.report.declaration = null
methods.2.outcome.report.diagnostics.0.code = "jre_recovery_produced"
methods.2.outcome.report.diagnostics.0.message = "1 region(s), 1 statement(s), 4 segment(s), 188 byte(s) written from 1 canonical block(s)"
methods.2.outcome.report.diagnostics.0.provenance = null
methods.2.outcome.report.diagnostics.0.severity = "info"
methods.2.outcome.report.diagnostics.1.code = "jre_declaration"
methods.2.outcome.report.diagnostics.1.message = "the artifact's envelope states the member's declaration under declaration@1: a static method"
methods.2.outcome.report.diagnostics.1.provenance = null
methods.2.outcome.report.diagnostics.1.severity = "info"
methods.2.outcome.report.enum_switches = []
methods.2.outcome.report.evidence.categories.0.kind = "source_map"
methods.2.outcome.report.evidence.categories.0.state.state = "not_requested"
methods.2.outcome.report.evidence.categories.1.kind = "region_details"
methods.2.outcome.report.evidence.categories.1.state.state = "not_requested"
methods.2.outcome.report.evidence.categories.2.kind = "rule_details"
methods.2.outcome.report.evidence.categories.2.state.state = "not_requested"
methods.2.outcome.report.evidence.categories.3.kind = "name_details"
methods.2.outcome.report.evidence.categories.3.state.state = "not_requested"
methods.2.outcome.report.evidence.categories.4.kind = "read_details"
methods.2.outcome.report.evidence.categories.4.state.state = "not_requested"
methods.2.outcome.report.evidence.requested.driver_bci_range = null
methods.2.outcome.report.evidence.requested.expected_artifact = null
methods.2.outcome.report.evidence.requested.kinds = []
methods.2.outcome.report.execution.status = "complete"
methods.2.outcome.report.execution.usage.analysis_steps = 84
methods.2.outcome.report.execution.usage.archive_entries = 0
methods.2.outcome.report.execution.usage.attribute_bytes = 1249
methods.2.outcome.report.execution.usage.class_bytes = 2606
methods.2.outcome.report.execution.usage.class_headers = 1
methods.2.outcome.report.execution.usage.code_bytes = 13
methods.2.outcome.report.execution.usage.dependency_depth = 0
methods.2.outcome.report.execution.usage.elapsed_millis = 4
methods.2.outcome.report.execution.usage.entry_bytes = 0
methods.2.outcome.report.execution.usage.input_bytes = 1303
methods.2.outcome.report.execution.usage.ir_edges = 12
methods.2.outcome.report.execution.usage.ir_items = 216
methods.2.outcome.report.execution.usage.method_bodies = 3
methods.2.outcome.report.execution.usage.nested_depth = 0
methods.2.outcome.report.execution.usage.normalization_clones = 0
methods.2.outcome.report.execution.usage.output_bytes = 1866
methods.2.outcome.report.execution.usage.read_bytes = 1303
methods.2.outcome.report.execution.usage.result_items = 49
methods.2.outcome.report.fallbacks = []
methods.2.outcome.report.fields = []
methods.2.outcome.report.init = null
methods.2.outcome.report.lambdas = []
methods.2.outcome.report.method = "orInt(II)I"
methods.2.outcome.report.news = []
methods.2.outcome.report.outcome = "produced"
methods.2.outcome.report.profile.java_release = 8
methods.2.outcome.report.profile.layout.kind = "generic"
methods.2.outcome.report.profile.multi_release.kind = "disabled"
methods.2.outcome.report.quality = "structured"
methods.2.outcome.report.regions = []
methods.2.outcome.report.representation = "java"
methods.2.outcome.report.rules = []
methods.2.outcome.report.semantic_validation = "unproven"
methods.2.outcome.report.source_map.segments = []
methods.2.outcome.report.syntax_status = "unchecked"
methods.2.outcome.report.text = "// @method orInt(II)I\n// @declaration a static method of `BitwiseProbe`, member flags 0x0009\n// recovered from bytecode; presentation is not claimed to compile\n{\n    return arg0 | arg1;\n}\n"
methods.2.outcome.report.verification = "not_performed"
methods.2.text = "    public static int orInt(int arg0, int arg1) {\n        // @method orInt(II)I\n        // @declaration a static method of `BitwiseProbe`, member flags 0x0009\n        // recovered from bytecode; presentation is not claimed to compile\n        return arg0 | arg1;\n    }\n"
methods.3.declaration = "public static int xorInt(int arg0, int arg1)"
methods.3.item.access_flags = 9
methods.3.item.body.content_span.length = 16
methods.3.item.body.content_span.start = 631
methods.3.item.body.kind = "code_attribute"
methods.3.item.descriptor.escaped = "(II)I"
methods.3.item.descriptor.raw = [40,73,73,41,73]
methods.3.item.descriptor.utf16 = [40,73,73,41,73]
methods.3.item.identity.descriptor = [40,73,73,41,73]
methods.3.item.identity.name = [120,111,114,73,110,116]
methods.3.item.identity.owner.class_bytes.digest = "fc8b7c0376a0083afb699de841aa7a18a3b413c441049650a4e058d0f84e493b"
methods.3.item.identity.owner.class_bytes.length = 1303
methods.3.item.identity.owner.location.kind = "standalone_root"
methods.3.item.identity.owner.location.snapshot = "fc8b7c0376a0083afb699de841aa7a18a3b413c441049650a4e058d0f84e493b"
methods.3.item.identity.owner.variant.kind = "base"
methods.3.item.index = 3
methods.3.item.name.escaped = "xorInt"
methods.3.item.name.raw = [120,111,114,73,110,116]
methods.3.item.name.utf16 = [120,111,114,73,110,116]
methods.3.markers = []
methods.3.no_body_kind = null
methods.3.outcome.analysis.diagnostics = 0
methods.3.outcome.analysis.execution.status = "complete"
methods.3.outcome.analysis.execution.usage.analysis_steps = 108
methods.3.outcome.analysis.execution.usage.archive_entries = 0
methods.3.outcome.analysis.execution.usage.attribute_bytes = 1271
methods.3.outcome.analysis.execution.usage.class_bytes = 2606
methods.3.outcome.analysis.execution.usage.class_headers = 1
methods.3.outcome.analysis.execution.usage.code_bytes = 17
methods.3.outcome.analysis.execution.usage.dependency_depth = 0
methods.3.outcome.analysis.execution.usage.elapsed_millis = 4
methods.3.outcome.analysis.execution.usage.entry_bytes = 0
methods.3.outcome.analysis.execution.usage.input_bytes = 1303
methods.3.outcome.analysis.execution.usage.ir_edges = 17
methods.3.outcome.analysis.execution.usage.ir_items = 290
methods.3.outcome.analysis.execution.usage.method_bodies = 4
methods.3.outcome.analysis.execution.usage.nested_depth = 0
methods.3.outcome.analysis.execution.usage.normalization_clones = 0
methods.3.outcome.analysis.execution.usage.output_bytes = 1866
methods.3.outcome.analysis.execution.usage.read_bytes = 1303
methods.3.outcome.analysis.execution.usage.result_items = 50
methods.3.outcome.kind = "recovered"
methods.3.outcome.report.accessors = []
methods.3.outcome.report.aliased_names = []
methods.3.outcome.report.artifact.agreement.state = "not_stated"
methods.3.outcome.report.artifact.binding.engine = "0.1.0"
methods.3.outcome.report.artifact.binding.environment.content = ["fc8b7c0376a0083afb699de841aa7a18a3b413c441049650a4e058d0f84e493b"]
methods.3.outcome.report.artifact.binding.environment.domain_loaders = ["app"]
methods.3.outcome.report.artifact.binding.environment.providers = []
methods.3.outcome.report.artifact.binding.environment.runtime.load_domain.delegation.kind = "parent_first"
methods.3.outcome.report.artifact.binding.environment.runtime.load_domain.external_override = "none"
methods.3.outcome.report.artifact.binding.environment.runtime.load_domain.loader = "app"
methods.3.outcome.report.artifact.binding.environment.runtime.load_domain.module_mode.kind = "class_path"
methods.3.outcome.report.artifact.binding.environment.runtime.load_domain.parent_loader = null
methods.3.outcome.report.artifact.binding.environment.runtime.load_domain.roots.0.kind = "standalone_class"
methods.3.outcome.report.artifact.binding.environment.runtime.load_domain.roots.0.snapshot = "fc8b7c0376a0083afb699de841aa7a18a3b413c441049650a4e058d0f84e493b"
methods.3.outcome.report.artifact.binding.environment.runtime.load_domain.runtime_transformation = "none"
methods.3.outcome.report.artifact.binding.environment.runtime.physical.scope.kind = "snapshot_all"
methods.3.outcome.report.artifact.binding.environment.runtime.physical.snapshot = "fc8b7c0376a0083afb699de841aa7a18a3b413c441049650a4e058d0f84e493b"
methods.3.outcome.report.artifact.binding.environment.runtime.profile.java_release = 8
methods.3.outcome.report.artifact.binding.environment.runtime.profile.layout.kind = "generic"
methods.3.outcome.report.artifact.binding.environment.runtime.profile.multi_release.kind = "disabled"
methods.3.outcome.report.artifact.binding.member_ordinal = 3
methods.3.outcome.report.artifact.binding.method.descriptor = [40,73,73,41,73]
methods.3.outcome.report.artifact.binding.method.name = [120,111,114,73,110,116]
methods.3.outcome.report.artifact.binding.method.owner.class_bytes.digest = "fc8b7c0376a0083afb699de841aa7a18a3b413c441049650a4e058d0f84e493b"
methods.3.outcome.report.artifact.binding.method.owner.class_bytes.length = 1303
methods.3.outcome.report.artifact.binding.method.owner.location.kind = "standalone_root"
methods.3.outcome.report.artifact.binding.method.owner.location.snapshot = "fc8b7c0376a0083afb699de841aa7a18a3b413c441049650a4e058d0f84e493b"
methods.3.outcome.report.artifact.binding.method.owner.variant.kind = "base"
methods.3.outcome.report.artifact.binding.profile.java_release = 8
methods.3.outcome.report.artifact.binding.profile.layout.kind = "generic"
methods.3.outcome.report.artifact.binding.profile.multi_release.kind = "disabled"
methods.3.outcome.report.artifact.binding.registry = 71
methods.3.outcome.report.artifact.binding.rules = ["straight@1","if@1","loop@1","switch@1","lambda@1","concat@1","bridge@1","accessor@1","new@1","field@1","enumswitch@1","init@1","declaration@1","twr@1","monitor@1"]
methods.3.outcome.report.artifact.binding.schema = 1
methods.3.outcome.report.artifact.binding.text_bytes = 189
methods.3.outcome.report.artifact.binding.text_digest = "ad6260c68a337ec7d0e23ee408046667"
methods.3.outcome.report.bridges = []
methods.3.outcome.report.compile_status = "not_attempted"
methods.3.outcome.report.concats = []
methods.3.outcome.report.content = "contains_statements"
methods.3.outcome.report.declaration = null
methods.3.outcome.report.diagnostics.0.code = "jre_recovery_produced"
methods.3.outcome.report.diagnostics.0.message = "1 region(s), 1 statement(s), 4 segment(s), 189 byte(s) written from 1 canonical block(s)"
methods.3.outcome.report.diagnostics.0.provenance = null
methods.3.outcome.report.diagnostics.0.severity = "info"
methods.3.outcome.report.diagnostics.1.code = "jre_declaration"
methods.3.outcome.report.diagnostics.1.message = "the artifact's envelope states the member's declaration under declaration@1: a static method"
methods.3.outcome.report.diagnostics.1.provenance = null
methods.3.outcome.report.diagnostics.1.severity = "info"
methods.3.outcome.report.enum_switches = []
methods.3.outcome.report.evidence.categories.0.kind = "source_map"
methods.3.outcome.report.evidence.categories.0.state.state = "not_requested"
methods.3.outcome.report.evidence.categories.1.kind = "region_details"
methods.3.outcome.report.evidence.categories.1.state.state = "not_requested"
methods.3.outcome.report.evidence.categories.2.kind = "rule_details"
methods.3.outcome.report.evidence.categories.2.state.state = "not_requested"
methods.3.outcome.report.evidence.categories.3.kind = "name_details"
methods.3.outcome.report.evidence.categories.3.state.state = "not_requested"
methods.3.outcome.report.evidence.categories.4.kind = "read_details"
methods.3.outcome.report.evidence.categories.4.state.state = "not_requested"
methods.3.outcome.report.evidence.requested.driver_bci_range = null
methods.3.outcome.report.evidence.requested.expected_artifact = null
methods.3.outcome.report.evidence.requested.kinds = []
methods.3.outcome.report.execution.status = "complete"
methods.3.outcome.report.execution.usage.analysis_steps = 113
methods.3.outcome.report.execution.usage.archive_entries = 0
methods.3.outcome.report.execution.usage.attribute_bytes = 1271
methods.3.outcome.report.execution.usage.class_bytes = 2606
methods.3.outcome.report.execution.usage.class_headers = 1
methods.3.outcome.report.execution.usage.code_bytes = 17
methods.3.outcome.report.execution.usage.dependency_depth = 0
methods.3.outcome.report.execution.usage.elapsed_millis = 4
methods.3.outcome.report.execution.usage.entry_bytes = 0
methods.3.outcome.report.execution.usage.input_bytes = 1303
methods.3.outcome.report.execution.usage.ir_edges = 17
methods.3.outcome.report.execution.usage.ir_items = 297
methods.3.outcome.report.execution.usage.method_bodies = 4
methods.3.outcome.report.execution.usage.nested_depth = 0
methods.3.outcome.report.execution.usage.normalization_clones = 0
methods.3.outcome.report.execution.usage.output_bytes = 2055
methods.3.outcome.report.execution.usage.read_bytes = 1303
methods.3.outcome.report.execution.usage.result_items = 50
methods.3.outcome.report.fallbacks = []
methods.3.outcome.report.fields = []
methods.3.outcome.report.init = null
methods.3.outcome.report.lambdas = []
methods.3.outcome.report.method = "xorInt(II)I"
methods.3.outcome.report.news = []
methods.3.outcome.report.outcome = "produced"
methods.3.outcome.report.profile.java_release = 8
methods.3.outcome.report.profile.layout.kind = "generic"
methods.3.outcome.report.profile.multi_release.kind = "disabled"
methods.3.outcome.report.quality = "structured"
methods.3.outcome.report.regions = []
methods.3.outcome.report.representation = "java"
methods.3.outcome.report.rules = []
methods.3.outcome.report.semantic_validation = "unproven"
methods.3.outcome.report.source_map.segments = []
methods.3.outcome.report.syntax_status = "unchecked"
methods.3.outcome.report.text = "// @method xorInt(II)I\n// @declaration a static method of `BitwiseProbe`, member flags 0x0009\n// recovered from bytecode; presentation is not claimed to compile\n{\n    return arg0 ^ arg1;\n}\n"
methods.3.outcome.report.verification = "not_performed"
methods.3.text = "    public static int xorInt(int arg0, int arg1) {\n        // @method xorInt(II)I\n        // @declaration a static method of `BitwiseProbe`, member flags 0x0009\n        // recovered from bytecode; presentation is not claimed to compile\n        return arg0 ^ arg1;\n    }\n"
methods.4.declaration = "public static long andLong(long arg0, long arg2)"
methods.4.item.access_flags = 9
methods.4.item.body.content_span.length = 16
methods.4.item.body.content_span.start = 661
methods.4.item.body.kind = "code_attribute"
methods.4.item.descriptor.escaped = "(JJ)J"
methods.4.item.descriptor.raw = [40,74,74,41,74]
methods.4.item.descriptor.utf16 = [40,74,74,41,74]
methods.4.item.identity.descriptor = [40,74,74,41,74]
methods.4.item.identity.name = [97,110,100,76,111,110,103]
methods.4.item.identity.owner.class_bytes.digest = "fc8b7c0376a0083afb699de841aa7a18a3b413c441049650a4e058d0f84e493b"
methods.4.item.identity.owner.class_bytes.length = 1303
methods.4.item.identity.owner.location.kind = "standalone_root"
methods.4.item.identity.owner.location.snapshot = "fc8b7c0376a0083afb699de841aa7a18a3b413c441049650a4e058d0f84e493b"
methods.4.item.identity.owner.variant.kind = "base"
methods.4.item.index = 4
methods.4.item.name.escaped = "andLong"
methods.4.item.name.raw = [97,110,100,76,111,110,103]
methods.4.item.name.utf16 = [97,110,100,76,111,110,103]
methods.4.markers = []
methods.4.no_body_kind = null
methods.4.outcome.analysis.diagnostics = 0
methods.4.outcome.analysis.execution.status = "complete"
methods.4.outcome.analysis.execution.usage.analysis_steps = 137
methods.4.outcome.analysis.execution.usage.archive_entries = 0
methods.4.outcome.analysis.execution.usage.attribute_bytes = 1293
methods.4.outcome.analysis.execution.usage.class_bytes = 2606
methods.4.outcome.analysis.execution.usage.class_headers = 1
methods.4.outcome.analysis.execution.usage.code_bytes = 21
methods.4.outcome.analysis.execution.usage.dependency_depth = 0
methods.4.outcome.analysis.execution.usage.elapsed_millis = 4
methods.4.outcome.analysis.execution.usage.entry_bytes = 0
methods.4.outcome.analysis.execution.usage.input_bytes = 1303
methods.4.outcome.analysis.execution.usage.ir_edges = 22
methods.4.outcome.analysis.execution.usage.ir_items = 379
methods.4.outcome.analysis.execution.usage.method_bodies = 5
methods.4.outcome.analysis.execution.usage.nested_depth = 0
methods.4.outcome.analysis.execution.usage.normalization_clones = 0
methods.4.outcome.analysis.execution.usage.output_bytes = 2055
methods.4.outcome.analysis.execution.usage.read_bytes = 1303
methods.4.outcome.analysis.execution.usage.result_items = 51
methods.4.outcome.kind = "recovered"
methods.4.outcome.report.accessors = []
methods.4.outcome.report.aliased_names = []
methods.4.outcome.report.artifact.agreement.state = "not_stated"
methods.4.outcome.report.artifact.binding.engine = "0.1.0"
methods.4.outcome.report.artifact.binding.environment.content = ["fc8b7c0376a0083afb699de841aa7a18a3b413c441049650a4e058d0f84e493b"]
methods.4.outcome.report.artifact.binding.environment.domain_loaders = ["app"]
methods.4.outcome.report.artifact.binding.environment.providers = []
methods.4.outcome.report.artifact.binding.environment.runtime.load_domain.delegation.kind = "parent_first"
methods.4.outcome.report.artifact.binding.environment.runtime.load_domain.external_override = "none"
methods.4.outcome.report.artifact.binding.environment.runtime.load_domain.loader = "app"
methods.4.outcome.report.artifact.binding.environment.runtime.load_domain.module_mode.kind = "class_path"
methods.4.outcome.report.artifact.binding.environment.runtime.load_domain.parent_loader = null
methods.4.outcome.report.artifact.binding.environment.runtime.load_domain.roots.0.kind = "standalone_class"
methods.4.outcome.report.artifact.binding.environment.runtime.load_domain.roots.0.snapshot = "fc8b7c0376a0083afb699de841aa7a18a3b413c441049650a4e058d0f84e493b"
methods.4.outcome.report.artifact.binding.environment.runtime.load_domain.runtime_transformation = "none"
methods.4.outcome.report.artifact.binding.environment.runtime.physical.scope.kind = "snapshot_all"
methods.4.outcome.report.artifact.binding.environment.runtime.physical.snapshot = "fc8b7c0376a0083afb699de841aa7a18a3b413c441049650a4e058d0f84e493b"
methods.4.outcome.report.artifact.binding.environment.runtime.profile.java_release = 8
methods.4.outcome.report.artifact.binding.environment.runtime.profile.layout.kind = "generic"
methods.4.outcome.report.artifact.binding.environment.runtime.profile.multi_release.kind = "disabled"
methods.4.outcome.report.artifact.binding.member_ordinal = 4
methods.4.outcome.report.artifact.binding.method.descriptor = [40,74,74,41,74]
methods.4.outcome.report.artifact.binding.method.name = [97,110,100,76,111,110,103]
methods.4.outcome.report.artifact.binding.method.owner.class_bytes.digest = "fc8b7c0376a0083afb699de841aa7a18a3b413c441049650a4e058d0f84e493b"
methods.4.outcome.report.artifact.binding.method.owner.class_bytes.length = 1303
methods.4.outcome.report.artifact.binding.method.owner.location.kind = "standalone_root"
methods.4.outcome.report.artifact.binding.method.owner.location.snapshot = "fc8b7c0376a0083afb699de841aa7a18a3b413c441049650a4e058d0f84e493b"
methods.4.outcome.report.artifact.binding.method.owner.variant.kind = "base"
methods.4.outcome.report.artifact.binding.profile.java_release = 8
methods.4.outcome.report.artifact.binding.profile.layout.kind = "generic"
methods.4.outcome.report.artifact.binding.profile.multi_release.kind = "disabled"
methods.4.outcome.report.artifact.binding.registry = 71
methods.4.outcome.report.artifact.binding.rules = ["straight@1","if@1","loop@1","switch@1","lambda@1","concat@1","bridge@1","accessor@1","new@1","field@1","enumswitch@1","init@1","declaration@1","twr@1","monitor@1"]
methods.4.outcome.report.artifact.binding.schema = 1
methods.4.outcome.report.artifact.binding.text_bytes = 190
methods.4.outcome.report.artifact.binding.text_digest = "2a833fbe91c06a04ae6cdbe84b4c91de"
methods.4.outcome.report.bridges = []
methods.4.outcome.report.compile_status = "not_attempted"
methods.4.outcome.report.concats = []
methods.4.outcome.report.content = "contains_statements"
methods.4.outcome.report.declaration = null
methods.4.outcome.report.diagnostics.0.code = "jre_recovery_produced"
methods.4.outcome.report.diagnostics.0.message = "1 region(s), 1 statement(s), 4 segment(s), 190 byte(s) written from 1 canonical block(s)"
methods.4.outcome.report.diagnostics.0.provenance = null
methods.4.outcome.report.diagnostics.0.severity = "info"
methods.4.outcome.report.diagnostics.1.code = "jre_declaration"
methods.4.outcome.report.diagnostics.1.message = "the artifact's envelope states the member's declaration under declaration@1: a static method"
methods.4.outcome.report.diagnostics.1.provenance = null
methods.4.outcome.report.diagnostics.1.severity = "info"
methods.4.outcome.report.enum_switches = []
methods.4.outcome.report.evidence.categories.0.kind = "source_map"
methods.4.outcome.report.evidence.categories.0.state.state = "not_requested"
methods.4.outcome.report.evidence.categories.1.kind = "region_details"
methods.4.outcome.report.evidence.categories.1.state.state = "not_requested"
methods.4.outcome.report.evidence.categories.2.kind = "rule_details"
methods.4.outcome.report.evidence.categories.2.state.state = "not_requested"
methods.4.outcome.report.evidence.categories.3.kind = "name_details"
methods.4.outcome.report.evidence.categories.3.state.state = "not_requested"
methods.4.outcome.report.evidence.categories.4.kind = "read_details"
methods.4.outcome.report.evidence.categories.4.state.state = "not_requested"
methods.4.outcome.report.evidence.requested.driver_bci_range = null
methods.4.outcome.report.evidence.requested.expected_artifact = null
methods.4.outcome.report.evidence.requested.kinds = []
methods.4.outcome.report.execution.status = "complete"
methods.4.outcome.report.execution.usage.analysis_steps = 142
methods.4.outcome.report.execution.usage.archive_entries = 0
methods.4.outcome.report.execution.usage.attribute_bytes = 1293
methods.4.outcome.report.execution.usage.class_bytes = 2606
methods.4.outcome.report.execution.usage.class_headers = 1
methods.4.outcome.report.execution.usage.code_bytes = 21
methods.4.outcome.report.execution.usage.dependency_depth = 0
methods.4.outcome.report.execution.usage.elapsed_millis = 4
methods.4.outcome.report.execution.usage.entry_bytes = 0
methods.4.outcome.report.execution.usage.input_bytes = 1303
methods.4.outcome.report.execution.usage.ir_edges = 22
methods.4.outcome.report.execution.usage.ir_items = 386
methods.4.outcome.report.execution.usage.method_bodies = 5
methods.4.outcome.report.execution.usage.nested_depth = 0
methods.4.outcome.report.execution.usage.normalization_clones = 0
methods.4.outcome.report.execution.usage.output_bytes = 2245
methods.4.outcome.report.execution.usage.read_bytes = 1303
methods.4.outcome.report.execution.usage.result_items = 51
methods.4.outcome.report.fallbacks = []
methods.4.outcome.report.fields = []
methods.4.outcome.report.init = null
methods.4.outcome.report.lambdas = []
methods.4.outcome.report.method = "andLong(JJ)J"
methods.4.outcome.report.news = []
methods.4.outcome.report.outcome = "produced"
methods.4.outcome.report.profile.java_release = 8
methods.4.outcome.report.profile.layout.kind = "generic"
methods.4.outcome.report.profile.multi_release.kind = "disabled"
methods.4.outcome.report.quality = "structured"
methods.4.outcome.report.regions = []
methods.4.outcome.report.representation = "java"
methods.4.outcome.report.rules = []
methods.4.outcome.report.semantic_validation = "unproven"
methods.4.outcome.report.source_map.segments = []
methods.4.outcome.report.syntax_status = "unchecked"
methods.4.outcome.report.text = "// @method andLong(JJ)J\n// @declaration a static method of `BitwiseProbe`, member flags 0x0009\n// recovered from bytecode; presentation is not claimed to compile\n{\n    return arg0 & arg2;\n}\n"
methods.4.outcome.report.verification = "not_performed"
methods.4.text = "    public static long andLong(long arg0, long arg2) {\n        // @method andLong(JJ)J\n        // @declaration a static method of `BitwiseProbe`, member flags 0x0009\n        // recovered from bytecode; presentation is not claimed to compile\n        return arg0 & arg2;\n    }\n"
methods.5.declaration = "public static long orLong(long arg0, long arg2)"
methods.5.item.access_flags = 9
methods.5.item.body.content_span.length = 16
methods.5.item.body.content_span.start = 691
methods.5.item.body.kind = "code_attribute"
methods.5.item.descriptor.escaped = "(JJ)J"
methods.5.item.descriptor.raw = [40,74,74,41,74]
methods.5.item.descriptor.utf16 = [40,74,74,41,74]
methods.5.item.identity.descriptor = [40,74,74,41,74]
methods.5.item.identity.name = [111,114,76,111,110,103]
methods.5.item.identity.owner.class_bytes.digest = "fc8b7c0376a0083afb699de841aa7a18a3b413c441049650a4e058d0f84e493b"
methods.5.item.identity.owner.class_bytes.length = 1303
methods.5.item.identity.owner.location.kind = "standalone_root"
methods.5.item.identity.owner.location.snapshot = "fc8b7c0376a0083afb699de841aa7a18a3b413c441049650a4e058d0f84e493b"
methods.5.item.identity.owner.variant.kind = "base"
methods.5.item.index = 5
methods.5.item.name.escaped = "orLong"
methods.5.item.name.raw = [111,114,76,111,110,103]
methods.5.item.name.utf16 = [111,114,76,111,110,103]
methods.5.markers = []
methods.5.no_body_kind = null
methods.5.outcome.analysis.diagnostics = 0
methods.5.outcome.analysis.execution.status = "complete"
methods.5.outcome.analysis.execution.usage.analysis_steps = 166
methods.5.outcome.analysis.execution.usage.archive_entries = 0
methods.5.outcome.analysis.execution.usage.attribute_bytes = 1315
methods.5.outcome.analysis.execution.usage.class_bytes = 2606
methods.5.outcome.analysis.execution.usage.class_headers = 1
methods.5.outcome.analysis.execution.usage.code_bytes = 25
methods.5.outcome.analysis.execution.usage.dependency_depth = 0
methods.5.outcome.analysis.execution.usage.elapsed_millis = 4
methods.5.outcome.analysis.execution.usage.entry_bytes = 0
methods.5.outcome.analysis.execution.usage.input_bytes = 1303
methods.5.outcome.analysis.execution.usage.ir_edges = 27
methods.5.outcome.analysis.execution.usage.ir_items = 468
methods.5.outcome.analysis.execution.usage.method_bodies = 6
methods.5.outcome.analysis.execution.usage.nested_depth = 0
methods.5.outcome.analysis.execution.usage.normalization_clones = 0
methods.5.outcome.analysis.execution.usage.output_bytes = 2245
methods.5.outcome.analysis.execution.usage.read_bytes = 1303
methods.5.outcome.analysis.execution.usage.result_items = 52
methods.5.outcome.kind = "recovered"
methods.5.outcome.report.accessors = []
methods.5.outcome.report.aliased_names = []
methods.5.outcome.report.artifact.agreement.state = "not_stated"
methods.5.outcome.report.artifact.binding.engine = "0.1.0"
methods.5.outcome.report.artifact.binding.environment.content = ["fc8b7c0376a0083afb699de841aa7a18a3b413c441049650a4e058d0f84e493b"]
methods.5.outcome.report.artifact.binding.environment.domain_loaders = ["app"]
methods.5.outcome.report.artifact.binding.environment.providers = []
methods.5.outcome.report.artifact.binding.environment.runtime.load_domain.delegation.kind = "parent_first"
methods.5.outcome.report.artifact.binding.environment.runtime.load_domain.external_override = "none"
methods.5.outcome.report.artifact.binding.environment.runtime.load_domain.loader = "app"
methods.5.outcome.report.artifact.binding.environment.runtime.load_domain.module_mode.kind = "class_path"
methods.5.outcome.report.artifact.binding.environment.runtime.load_domain.parent_loader = null
methods.5.outcome.report.artifact.binding.environment.runtime.load_domain.roots.0.kind = "standalone_class"
methods.5.outcome.report.artifact.binding.environment.runtime.load_domain.roots.0.snapshot = "fc8b7c0376a0083afb699de841aa7a18a3b413c441049650a4e058d0f84e493b"
methods.5.outcome.report.artifact.binding.environment.runtime.load_domain.runtime_transformation = "none"
methods.5.outcome.report.artifact.binding.environment.runtime.physical.scope.kind = "snapshot_all"
methods.5.outcome.report.artifact.binding.environment.runtime.physical.snapshot = "fc8b7c0376a0083afb699de841aa7a18a3b413c441049650a4e058d0f84e493b"
methods.5.outcome.report.artifact.binding.environment.runtime.profile.java_release = 8
methods.5.outcome.report.artifact.binding.environment.runtime.profile.layout.kind = "generic"
methods.5.outcome.report.artifact.binding.environment.runtime.profile.multi_release.kind = "disabled"
methods.5.outcome.report.artifact.binding.member_ordinal = 5
methods.5.outcome.report.artifact.binding.method.descriptor = [40,74,74,41,74]
methods.5.outcome.report.artifact.binding.method.name = [111,114,76,111,110,103]
methods.5.outcome.report.artifact.binding.method.owner.class_bytes.digest = "fc8b7c0376a0083afb699de841aa7a18a3b413c441049650a4e058d0f84e493b"
methods.5.outcome.report.artifact.binding.method.owner.class_bytes.length = 1303
methods.5.outcome.report.artifact.binding.method.owner.location.kind = "standalone_root"
methods.5.outcome.report.artifact.binding.method.owner.location.snapshot = "fc8b7c0376a0083afb699de841aa7a18a3b413c441049650a4e058d0f84e493b"
methods.5.outcome.report.artifact.binding.method.owner.variant.kind = "base"
methods.5.outcome.report.artifact.binding.profile.java_release = 8
methods.5.outcome.report.artifact.binding.profile.layout.kind = "generic"
methods.5.outcome.report.artifact.binding.profile.multi_release.kind = "disabled"
methods.5.outcome.report.artifact.binding.registry = 71
methods.5.outcome.report.artifact.binding.rules = ["straight@1","if@1","loop@1","switch@1","lambda@1","concat@1","bridge@1","accessor@1","new@1","field@1","enumswitch@1","init@1","declaration@1","twr@1","monitor@1"]
methods.5.outcome.report.artifact.binding.schema = 1
methods.5.outcome.report.artifact.binding.text_bytes = 189
methods.5.outcome.report.artifact.binding.text_digest = "d5119218773981ccf0ebc6fa96ea8048"
methods.5.outcome.report.bridges = []
methods.5.outcome.report.compile_status = "not_attempted"
methods.5.outcome.report.concats = []
methods.5.outcome.report.content = "contains_statements"
methods.5.outcome.report.declaration = null
methods.5.outcome.report.diagnostics.0.code = "jre_recovery_produced"
methods.5.outcome.report.diagnostics.0.message = "1 region(s), 1 statement(s), 4 segment(s), 189 byte(s) written from 1 canonical block(s)"
methods.5.outcome.report.diagnostics.0.provenance = null
methods.5.outcome.report.diagnostics.0.severity = "info"
methods.5.outcome.report.diagnostics.1.code = "jre_declaration"
methods.5.outcome.report.diagnostics.1.message = "the artifact's envelope states the member's declaration under declaration@1: a static method"
methods.5.outcome.report.diagnostics.1.provenance = null
methods.5.outcome.report.diagnostics.1.severity = "info"
methods.5.outcome.report.enum_switches = []
methods.5.outcome.report.evidence.categories.0.kind = "source_map"
methods.5.outcome.report.evidence.categories.0.state.state = "not_requested"
methods.5.outcome.report.evidence.categories.1.kind = "region_details"
methods.5.outcome.report.evidence.categories.1.state.state = "not_requested"
methods.5.outcome.report.evidence.categories.2.kind = "rule_details"
methods.5.outcome.report.evidence.categories.2.state.state = "not_requested"
methods.5.outcome.report.evidence.categories.3.kind = "name_details"
methods.5.outcome.report.evidence.categories.3.state.state = "not_requested"
methods.5.outcome.report.evidence.categories.4.kind = "read_details"
methods.5.outcome.report.evidence.categories.4.state.state = "not_requested"
methods.5.outcome.report.evidence.requested.driver_bci_range = null
methods.5.outcome.report.evidence.requested.expected_artifact = null
methods.5.outcome.report.evidence.requested.kinds = []
methods.5.outcome.report.execution.status = "complete"
methods.5.outcome.report.execution.usage.analysis_steps = 171
methods.5.outcome.report.execution.usage.archive_entries = 0
methods.5.outcome.report.execution.usage.attribute_bytes = 1315
methods.5.outcome.report.execution.usage.class_bytes = 2606
methods.5.outcome.report.execution.usage.class_headers = 1
methods.5.outcome.report.execution.usage.code_bytes = 25
methods.5.outcome.report.execution.usage.dependency_depth = 0
methods.5.outcome.report.execution.usage.elapsed_millis = 4
methods.5.outcome.report.execution.usage.entry_bytes = 0
methods.5.outcome.report.execution.usage.input_bytes = 1303
methods.5.outcome.report.execution.usage.ir_edges = 27
methods.5.outcome.report.execution.usage.ir_items = 475
methods.5.outcome.report.execution.usage.method_bodies = 6
methods.5.outcome.report.execution.usage.nested_depth = 0
methods.5.outcome.report.execution.usage.normalization_clones = 0
methods.5.outcome.report.execution.usage.output_bytes = 2434
methods.5.outcome.report.execution.usage.read_bytes = 1303
methods.5.outcome.report.execution.usage.result_items = 52
methods.5.outcome.report.fallbacks = []
methods.5.outcome.report.fields = []
methods.5.outcome.report.init = null
methods.5.outcome.report.lambdas = []
methods.5.outcome.report.method = "orLong(JJ)J"
methods.5.outcome.report.news = []
methods.5.outcome.report.outcome = "produced"
methods.5.outcome.report.profile.java_release = 8
methods.5.outcome.report.profile.layout.kind = "generic"
methods.5.outcome.report.profile.multi_release.kind = "disabled"
methods.5.outcome.report.quality = "structured"
methods.5.outcome.report.regions = []
methods.5.outcome.report.representation = "java"
methods.5.outcome.report.rules = []
methods.5.outcome.report.semantic_validation = "unproven"
methods.5.outcome.report.source_map.segments = []
methods.5.outcome.report.syntax_status = "unchecked"
methods.5.outcome.report.text = "// @method orLong(JJ)J\n// @declaration a static method of `BitwiseProbe`, member flags 0x0009\n// recovered from bytecode; presentation is not claimed to compile\n{\n    return arg0 | arg2;\n}\n"
methods.5.outcome.report.verification = "not_performed"
methods.5.text = "    public static long orLong(long arg0, long arg2) {\n        // @method orLong(JJ)J\n        // @declaration a static method of `BitwiseProbe`, member flags 0x0009\n        // recovered from bytecode; presentation is not claimed to compile\n        return arg0 | arg2;\n    }\n"
methods.6.declaration = "public static long xorLong(long arg0, long arg2)"
methods.6.item.access_flags = 9
methods.6.item.body.content_span.length = 16
methods.6.item.body.content_span.start = 721
methods.6.item.body.kind = "code_attribute"
methods.6.item.descriptor.escaped = "(JJ)J"
methods.6.item.descriptor.raw = [40,74,74,41,74]
methods.6.item.descriptor.utf16 = [40,74,74,41,74]
methods.6.item.identity.descriptor = [40,74,74,41,74]
methods.6.item.identity.name = [120,111,114,76,111,110,103]
methods.6.item.identity.owner.class_bytes.digest = "fc8b7c0376a0083afb699de841aa7a18a3b413c441049650a4e058d0f84e493b"
methods.6.item.identity.owner.class_bytes.length = 1303
methods.6.item.identity.owner.location.kind = "standalone_root"
methods.6.item.identity.owner.location.snapshot = "fc8b7c0376a0083afb699de841aa7a18a3b413c441049650a4e058d0f84e493b"
methods.6.item.identity.owner.variant.kind = "base"
methods.6.item.index = 6
methods.6.item.name.escaped = "xorLong"
methods.6.item.name.raw = [120,111,114,76,111,110,103]
methods.6.item.name.utf16 = [120,111,114,76,111,110,103]
methods.6.markers = []
methods.6.no_body_kind = null
methods.6.outcome.analysis.diagnostics = 0
methods.6.outcome.analysis.execution.status = "complete"
methods.6.outcome.analysis.execution.usage.analysis_steps = 195
methods.6.outcome.analysis.execution.usage.archive_entries = 0
methods.6.outcome.analysis.execution.usage.attribute_bytes = 1337
methods.6.outcome.analysis.execution.usage.class_bytes = 2606
methods.6.outcome.analysis.execution.usage.class_headers = 1
methods.6.outcome.analysis.execution.usage.code_bytes = 29
methods.6.outcome.analysis.execution.usage.dependency_depth = 0
methods.6.outcome.analysis.execution.usage.elapsed_millis = 5
methods.6.outcome.analysis.execution.usage.entry_bytes = 0
methods.6.outcome.analysis.execution.usage.input_bytes = 1303
methods.6.outcome.analysis.execution.usage.ir_edges = 32
methods.6.outcome.analysis.execution.usage.ir_items = 557
methods.6.outcome.analysis.execution.usage.method_bodies = 7
methods.6.outcome.analysis.execution.usage.nested_depth = 0
methods.6.outcome.analysis.execution.usage.normalization_clones = 0
methods.6.outcome.analysis.execution.usage.output_bytes = 2434
methods.6.outcome.analysis.execution.usage.read_bytes = 1303
methods.6.outcome.analysis.execution.usage.result_items = 53
methods.6.outcome.kind = "recovered"
methods.6.outcome.report.accessors = []
methods.6.outcome.report.aliased_names = []
methods.6.outcome.report.artifact.agreement.state = "not_stated"
methods.6.outcome.report.artifact.binding.engine = "0.1.0"
methods.6.outcome.report.artifact.binding.environment.content = ["fc8b7c0376a0083afb699de841aa7a18a3b413c441049650a4e058d0f84e493b"]
methods.6.outcome.report.artifact.binding.environment.domain_loaders = ["app"]
methods.6.outcome.report.artifact.binding.environment.providers = []
methods.6.outcome.report.artifact.binding.environment.runtime.load_domain.delegation.kind = "parent_first"
methods.6.outcome.report.artifact.binding.environment.runtime.load_domain.external_override = "none"
methods.6.outcome.report.artifact.binding.environment.runtime.load_domain.loader = "app"
methods.6.outcome.report.artifact.binding.environment.runtime.load_domain.module_mode.kind = "class_path"
methods.6.outcome.report.artifact.binding.environment.runtime.load_domain.parent_loader = null
methods.6.outcome.report.artifact.binding.environment.runtime.load_domain.roots.0.kind = "standalone_class"
methods.6.outcome.report.artifact.binding.environment.runtime.load_domain.roots.0.snapshot = "fc8b7c0376a0083afb699de841aa7a18a3b413c441049650a4e058d0f84e493b"
methods.6.outcome.report.artifact.binding.environment.runtime.load_domain.runtime_transformation = "none"
methods.6.outcome.report.artifact.binding.environment.runtime.physical.scope.kind = "snapshot_all"
methods.6.outcome.report.artifact.binding.environment.runtime.physical.snapshot = "fc8b7c0376a0083afb699de841aa7a18a3b413c441049650a4e058d0f84e493b"
methods.6.outcome.report.artifact.binding.environment.runtime.profile.java_release = 8
methods.6.outcome.report.artifact.binding.environment.runtime.profile.layout.kind = "generic"
methods.6.outcome.report.artifact.binding.environment.runtime.profile.multi_release.kind = "disabled"
methods.6.outcome.report.artifact.binding.member_ordinal = 6
methods.6.outcome.report.artifact.binding.method.descriptor = [40,74,74,41,74]
methods.6.outcome.report.artifact.binding.method.name = [120,111,114,76,111,110,103]
methods.6.outcome.report.artifact.binding.method.owner.class_bytes.digest = "fc8b7c0376a0083afb699de841aa7a18a3b413c441049650a4e058d0f84e493b"
methods.6.outcome.report.artifact.binding.method.owner.class_bytes.length = 1303
methods.6.outcome.report.artifact.binding.method.owner.location.kind = "standalone_root"
methods.6.outcome.report.artifact.binding.method.owner.location.snapshot = "fc8b7c0376a0083afb699de841aa7a18a3b413c441049650a4e058d0f84e493b"
methods.6.outcome.report.artifact.binding.method.owner.variant.kind = "base"
methods.6.outcome.report.artifact.binding.profile.java_release = 8
methods.6.outcome.report.artifact.binding.profile.layout.kind = "generic"
methods.6.outcome.report.artifact.binding.profile.multi_release.kind = "disabled"
methods.6.outcome.report.artifact.binding.registry = 71
methods.6.outcome.report.artifact.binding.rules = ["straight@1","if@1","loop@1","switch@1","lambda@1","concat@1","bridge@1","accessor@1","new@1","field@1","enumswitch@1","init@1","declaration@1","twr@1","monitor@1"]
methods.6.outcome.report.artifact.binding.schema = 1
methods.6.outcome.report.artifact.binding.text_bytes = 190
methods.6.outcome.report.artifact.binding.text_digest = "963050e35d9b248aabc52f5dcb71c426"
methods.6.outcome.report.bridges = []
methods.6.outcome.report.compile_status = "not_attempted"
methods.6.outcome.report.concats = []
methods.6.outcome.report.content = "contains_statements"
methods.6.outcome.report.declaration = null
methods.6.outcome.report.diagnostics.0.code = "jre_recovery_produced"
methods.6.outcome.report.diagnostics.0.message = "1 region(s), 1 statement(s), 4 segment(s), 190 byte(s) written from 1 canonical block(s)"
methods.6.outcome.report.diagnostics.0.provenance = null
methods.6.outcome.report.diagnostics.0.severity = "info"
methods.6.outcome.report.diagnostics.1.code = "jre_declaration"
methods.6.outcome.report.diagnostics.1.message = "the artifact's envelope states the member's declaration under declaration@1: a static method"
methods.6.outcome.report.diagnostics.1.provenance = null
methods.6.outcome.report.diagnostics.1.severity = "info"
methods.6.outcome.report.enum_switches = []
methods.6.outcome.report.evidence.categories.0.kind = "source_map"
methods.6.outcome.report.evidence.categories.0.state.state = "not_requested"
methods.6.outcome.report.evidence.categories.1.kind = "region_details"
methods.6.outcome.report.evidence.categories.1.state.state = "not_requested"
methods.6.outcome.report.evidence.categories.2.kind = "rule_details"
methods.6.outcome.report.evidence.categories.2.state.state = "not_requested"
methods.6.outcome.report.evidence.categories.3.kind = "name_details"
methods.6.outcome.report.evidence.categories.3.state.state = "not_requested"
methods.6.outcome.report.evidence.categories.4.kind = "read_details"
methods.6.outcome.report.evidence.categories.4.state.state = "not_requested"
methods.6.outcome.report.evidence.requested.driver_bci_range = null
methods.6.outcome.report.evidence.requested.expected_artifact = null
methods.6.outcome.report.evidence.requested.kinds = []
methods.6.outcome.report.execution.status = "complete"
methods.6.outcome.report.execution.usage.analysis_steps = 200
methods.6.outcome.report.execution.usage.archive_entries = 0
methods.6.outcome.report.execution.usage.attribute_bytes = 1337
methods.6.outcome.report.execution.usage.class_bytes = 2606
methods.6.outcome.report.execution.usage.class_headers = 1
methods.6.outcome.report.execution.usage.code_bytes = 29
methods.6.outcome.report.execution.usage.dependency_depth = 0
methods.6.outcome.report.execution.usage.elapsed_millis = 5
methods.6.outcome.report.execution.usage.entry_bytes = 0
methods.6.outcome.report.execution.usage.input_bytes = 1303
methods.6.outcome.report.execution.usage.ir_edges = 32
methods.6.outcome.report.execution.usage.ir_items = 564
methods.6.outcome.report.execution.usage.method_bodies = 7
methods.6.outcome.report.execution.usage.nested_depth = 0
methods.6.outcome.report.execution.usage.normalization_clones = 0
methods.6.outcome.report.execution.usage.output_bytes = 2624
methods.6.outcome.report.execution.usage.read_bytes = 1303
methods.6.outcome.report.execution.usage.result_items = 53
methods.6.outcome.report.fallbacks = []
methods.6.outcome.report.fields = []
methods.6.outcome.report.init = null
methods.6.outcome.report.lambdas = []
methods.6.outcome.report.method = "xorLong(JJ)J"
methods.6.outcome.report.news = []
methods.6.outcome.report.outcome = "produced"
methods.6.outcome.report.profile.java_release = 8
methods.6.outcome.report.profile.layout.kind = "generic"
methods.6.outcome.report.profile.multi_release.kind = "disabled"
methods.6.outcome.report.quality = "structured"
methods.6.outcome.report.regions = []
methods.6.outcome.report.representation = "java"
methods.6.outcome.report.rules = []
methods.6.outcome.report.semantic_validation = "unproven"
methods.6.outcome.report.source_map.segments = []
methods.6.outcome.report.syntax_status = "unchecked"
methods.6.outcome.report.text = "// @method xorLong(JJ)J\n// @declaration a static method of `BitwiseProbe`, member flags 0x0009\n// recovered from bytecode; presentation is not claimed to compile\n{\n    return arg0 ^ arg2;\n}\n"
methods.6.outcome.report.verification = "not_performed"
methods.6.text = "    public static long xorLong(long arg0, long arg2) {\n        // @method xorLong(JJ)J\n        // @declaration a static method of `BitwiseProbe`, member flags 0x0009\n        // recovered from bytecode; presentation is not claimed to compile\n        return arg0 ^ arg2;\n    }\n"
methods.7.declaration = "public static int nested(int arg0, int arg1)"
methods.7.item.access_flags = 9
methods.7.item.body.content_span.length = 22
methods.7.item.body.content_span.start = 751
methods.7.item.body.kind = "code_attribute"
methods.7.item.descriptor.escaped = "(II)I"
methods.7.item.descriptor.raw = [40,73,73,41,73]
methods.7.item.descriptor.utf16 = [40,73,73,41,73]
methods.7.item.identity.descriptor = [40,73,73,41,73]
methods.7.item.identity.name = [110,101,115,116,101,100]
methods.7.item.identity.owner.class_bytes.digest = "fc8b7c0376a0083afb699de841aa7a18a3b413c441049650a4e058d0f84e493b"
methods.7.item.identity.owner.class_bytes.length = 1303
methods.7.item.identity.owner.location.kind = "standalone_root"
methods.7.item.identity.owner.location.snapshot = "fc8b7c0376a0083afb699de841aa7a18a3b413c441049650a4e058d0f84e493b"
methods.7.item.identity.owner.variant.kind = "base"
methods.7.item.index = 7
methods.7.item.name.escaped = "nested"
methods.7.item.name.raw = [110,101,115,116,101,100]
methods.7.item.name.utf16 = [110,101,115,116,101,100]
methods.7.markers = []
methods.7.no_body_kind = null
methods.7.outcome.analysis.diagnostics = 0
methods.7.outcome.analysis.execution.status = "complete"
methods.7.outcome.analysis.execution.usage.analysis_steps = 248
methods.7.outcome.analysis.execution.usage.archive_entries = 0
methods.7.outcome.analysis.execution.usage.attribute_bytes = 1365
methods.7.outcome.analysis.execution.usage.class_bytes = 2606
methods.7.outcome.analysis.execution.usage.class_headers = 1
methods.7.outcome.analysis.execution.usage.code_bytes = 39
methods.7.outcome.analysis.execution.usage.dependency_depth = 0
methods.7.outcome.analysis.execution.usage.elapsed_millis = 5
methods.7.outcome.analysis.execution.usage.entry_bytes = 0
methods.7.outcome.analysis.execution.usage.input_bytes = 1303
methods.7.outcome.analysis.execution.usage.ir_edges = 45
methods.7.outcome.analysis.execution.usage.ir_items = 716
methods.7.outcome.analysis.execution.usage.method_bodies = 8
methods.7.outcome.analysis.execution.usage.nested_depth = 0
methods.7.outcome.analysis.execution.usage.normalization_clones = 0
methods.7.outcome.analysis.execution.usage.output_bytes = 2624
methods.7.outcome.analysis.execution.usage.read_bytes = 1303
methods.7.outcome.analysis.execution.usage.result_items = 54
methods.7.outcome.kind = "recovered"
methods.7.outcome.report.accessors = []
methods.7.outcome.report.aliased_names = []
methods.7.outcome.report.artifact.agreement.state = "not_stated"
methods.7.outcome.report.artifact.binding.engine = "0.1.0"
methods.7.outcome.report.artifact.binding.environment.content = ["fc8b7c0376a0083afb699de841aa7a18a3b413c441049650a4e058d0f84e493b"]
methods.7.outcome.report.artifact.binding.environment.domain_loaders = ["app"]
methods.7.outcome.report.artifact.binding.environment.providers = []
methods.7.outcome.report.artifact.binding.environment.runtime.load_domain.delegation.kind = "parent_first"
methods.7.outcome.report.artifact.binding.environment.runtime.load_domain.external_override = "none"
methods.7.outcome.report.artifact.binding.environment.runtime.load_domain.loader = "app"
methods.7.outcome.report.artifact.binding.environment.runtime.load_domain.module_mode.kind = "class_path"
methods.7.outcome.report.artifact.binding.environment.runtime.load_domain.parent_loader = null
methods.7.outcome.report.artifact.binding.environment.runtime.load_domain.roots.0.kind = "standalone_class"
methods.7.outcome.report.artifact.binding.environment.runtime.load_domain.roots.0.snapshot = "fc8b7c0376a0083afb699de841aa7a18a3b413c441049650a4e058d0f84e493b"
methods.7.outcome.report.artifact.binding.environment.runtime.load_domain.runtime_transformation = "none"
methods.7.outcome.report.artifact.binding.environment.runtime.physical.scope.kind = "snapshot_all"
methods.7.outcome.report.artifact.binding.environment.runtime.physical.snapshot = "fc8b7c0376a0083afb699de841aa7a18a3b413c441049650a4e058d0f84e493b"
methods.7.outcome.report.artifact.binding.environment.runtime.profile.java_release = 8
methods.7.outcome.report.artifact.binding.environment.runtime.profile.layout.kind = "generic"
methods.7.outcome.report.artifact.binding.environment.runtime.profile.multi_release.kind = "disabled"
methods.7.outcome.report.artifact.binding.member_ordinal = 7
methods.7.outcome.report.artifact.binding.method.descriptor = [40,73,73,41,73]
methods.7.outcome.report.artifact.binding.method.name = [110,101,115,116,101,100]
methods.7.outcome.report.artifact.binding.method.owner.class_bytes.digest = "fc8b7c0376a0083afb699de841aa7a18a3b413c441049650a4e058d0f84e493b"
methods.7.outcome.report.artifact.binding.method.owner.class_bytes.length = 1303
methods.7.outcome.report.artifact.binding.method.owner.location.kind = "standalone_root"
methods.7.outcome.report.artifact.binding.method.owner.location.snapshot = "fc8b7c0376a0083afb699de841aa7a18a3b413c441049650a4e058d0f84e493b"
methods.7.outcome.report.artifact.binding.method.owner.variant.kind = "base"
methods.7.outcome.report.artifact.binding.profile.java_release = 8
methods.7.outcome.report.artifact.binding.profile.layout.kind = "generic"
methods.7.outcome.report.artifact.binding.profile.multi_release.kind = "disabled"
methods.7.outcome.report.artifact.binding.registry = 71
methods.7.outcome.report.artifact.binding.rules = ["straight@1","if@1","loop@1","switch@1","lambda@1","concat@1","bridge@1","accessor@1","new@1","field@1","enumswitch@1","init@1","declaration@1","twr@1","monitor@1"]
methods.7.outcome.report.artifact.binding.schema = 1
methods.7.outcome.report.artifact.binding.text_bytes = 209
methods.7.outcome.report.artifact.binding.text_digest = "a35dcbf7d8da2d9cc3ec238408c3c630"
methods.7.outcome.report.bridges = []
methods.7.outcome.report.compile_status = "not_attempted"
methods.7.outcome.report.concats = []
methods.7.outcome.report.content = "contains_statements"
methods.7.outcome.report.declaration = null
methods.7.outcome.report.diagnostics.0.code = "jre_recovery_produced"
methods.7.outcome.report.diagnostics.0.message = "1 region(s), 1 statement(s), 10 segment(s), 209 byte(s) written from 1 canonical block(s)"
methods.7.outcome.report.diagnostics.0.provenance = null
methods.7.outcome.report.diagnostics.0.severity = "info"
methods.7.outcome.report.diagnostics.1.code = "jre_declaration"
methods.7.outcome.report.diagnostics.1.message = "the artifact's envelope states the member's declaration under declaration@1: a static method"
methods.7.outcome.report.diagnostics.1.provenance = null
methods.7.outcome.report.diagnostics.1.severity = "info"
methods.7.outcome.report.enum_switches = []
methods.7.outcome.report.evidence.categories.0.kind = "source_map"
methods.7.outcome.report.evidence.categories.0.state.state = "not_requested"
methods.7.outcome.report.evidence.categories.1.kind = "region_details"
methods.7.outcome.report.evidence.categories.1.state.state = "not_requested"
methods.7.outcome.report.evidence.categories.2.kind = "rule_details"
methods.7.outcome.report.evidence.categories.2.state.state = "not_requested"
methods.7.outcome.report.evidence.categories.3.kind = "name_details"
methods.7.outcome.report.evidence.categories.3.state.state = "not_requested"
methods.7.outcome.report.evidence.categories.4.kind = "read_details"
methods.7.outcome.report.evidence.categories.4.state.state = "not_requested"
methods.7.outcome.report.evidence.requested.driver_bci_range = null
methods.7.outcome.report.evidence.requested.expected_artifact = null
methods.7.outcome.report.evidence.requested.kinds = []
methods.7.outcome.report.execution.status = "complete"
methods.7.outcome.report.execution.usage.analysis_steps = 253
methods.7.outcome.report.execution.usage.archive_entries = 0
methods.7.outcome.report.execution.usage.attribute_bytes = 1365
methods.7.outcome.report.execution.usage.class_bytes = 2606
methods.7.outcome.report.execution.usage.class_headers = 1
methods.7.outcome.report.execution.usage.code_bytes = 39
methods.7.outcome.report.execution.usage.dependency_depth = 0
methods.7.outcome.report.execution.usage.elapsed_millis = 5
methods.7.outcome.report.execution.usage.entry_bytes = 0
methods.7.outcome.report.execution.usage.input_bytes = 1303
methods.7.outcome.report.execution.usage.ir_edges = 45
methods.7.outcome.report.execution.usage.ir_items = 729
methods.7.outcome.report.execution.usage.method_bodies = 8
methods.7.outcome.report.execution.usage.nested_depth = 0
methods.7.outcome.report.execution.usage.normalization_clones = 0
methods.7.outcome.report.execution.usage.output_bytes = 2833
methods.7.outcome.report.execution.usage.read_bytes = 1303
methods.7.outcome.report.execution.usage.result_items = 54
methods.7.outcome.report.fallbacks = []
methods.7.outcome.report.fields = []
methods.7.outcome.report.init = null
methods.7.outcome.report.lambdas = []
methods.7.outcome.report.method = "nested(II)I"
methods.7.outcome.report.news = []
methods.7.outcome.report.outcome = "produced"
methods.7.outcome.report.profile.java_release = 8
methods.7.outcome.report.profile.layout.kind = "generic"
methods.7.outcome.report.profile.multi_release.kind = "disabled"
methods.7.outcome.report.quality = "structured"
methods.7.outcome.report.regions = []
methods.7.outcome.report.representation = "java"
methods.7.outcome.report.rules = []
methods.7.outcome.report.semantic_validation = "unproven"
methods.7.outcome.report.source_map.segments = []
methods.7.outcome.report.syntax_status = "unchecked"
methods.7.outcome.report.text = "// @method nested(II)I\n// @declaration a static method of `BitwiseProbe`, member flags 0x0009\n// recovered from bytecode; presentation is not claimed to compile\n{\n    return (arg0 | arg1) ^ arg0 & arg1 + 1;\n}\n"
methods.7.outcome.report.verification = "not_performed"
methods.7.text = "    public static int nested(int arg0, int arg1) {\n        // @method nested(II)I\n        // @declaration a static method of `BitwiseProbe`, member flags 0x0009\n        // recovered from bytecode; presentation is not claimed to compile\n        return (arg0 | arg1) ^ arg0 & arg1 + 1;\n    }\n"
methods.8.declaration = "public static int complement(int arg0)"
methods.8.item.access_flags = 9
methods.8.item.body.content_span.length = 16
methods.8.item.body.content_span.start = 787
methods.8.item.body.kind = "code_attribute"
methods.8.item.descriptor.escaped = "(I)I"
methods.8.item.descriptor.raw = [40,73,41,73]
methods.8.item.descriptor.utf16 = [40,73,41,73]
methods.8.item.identity.descriptor = [40,73,41,73]
methods.8.item.identity.name = [99,111,109,112,108,101,109,101,110,116]
methods.8.item.identity.owner.class_bytes.digest = "fc8b7c0376a0083afb699de841aa7a18a3b413c441049650a4e058d0f84e493b"
methods.8.item.identity.owner.class_bytes.length = 1303
methods.8.item.identity.owner.location.kind = "standalone_root"
methods.8.item.identity.owner.location.snapshot = "fc8b7c0376a0083afb699de841aa7a18a3b413c441049650a4e058d0f84e493b"
methods.8.item.identity.owner.variant.kind = "base"
methods.8.item.index = 8
methods.8.item.name.escaped = "complement"
methods.8.item.name.raw = [99,111,109,112,108,101,109,101,110,116]
methods.8.item.name.utf16 = [99,111,109,112,108,101,109,101,110,116]
methods.8.markers = []
methods.8.no_body_kind = null
methods.8.outcome.analysis.diagnostics = 0
methods.8.outcome.analysis.execution.status = "complete"
methods.8.outcome.analysis.execution.usage.analysis_steps = 277
methods.8.outcome.analysis.execution.usage.archive_entries = 0
methods.8.outcome.analysis.execution.usage.attribute_bytes = 1387
methods.8.outcome.analysis.execution.usage.class_bytes = 2606
methods.8.outcome.analysis.execution.usage.class_headers = 1
methods.8.outcome.analysis.execution.usage.code_bytes = 43
methods.8.outcome.analysis.execution.usage.dependency_depth = 0
methods.8.outcome.analysis.execution.usage.elapsed_millis = 5
methods.8.outcome.analysis.execution.usage.entry_bytes = 0
methods.8.outcome.analysis.execution.usage.input_bytes = 1303
methods.8.outcome.analysis.execution.usage.ir_edges = 49
methods.8.outcome.analysis.execution.usage.ir_items = 790
methods.8.outcome.analysis.execution.usage.method_bodies = 9
methods.8.outcome.analysis.execution.usage.nested_depth = 0
methods.8.outcome.analysis.execution.usage.normalization_clones = 0
methods.8.outcome.analysis.execution.usage.output_bytes = 2833
methods.8.outcome.analysis.execution.usage.read_bytes = 1303
methods.8.outcome.analysis.execution.usage.result_items = 55
methods.8.outcome.kind = "recovered"
methods.8.outcome.report.accessors = []
methods.8.outcome.report.aliased_names = []
methods.8.outcome.report.artifact.agreement.state = "not_stated"
methods.8.outcome.report.artifact.binding.engine = "0.1.0"
methods.8.outcome.report.artifact.binding.environment.content = ["fc8b7c0376a0083afb699de841aa7a18a3b413c441049650a4e058d0f84e493b"]
methods.8.outcome.report.artifact.binding.environment.domain_loaders = ["app"]
methods.8.outcome.report.artifact.binding.environment.providers = []
methods.8.outcome.report.artifact.binding.environment.runtime.load_domain.delegation.kind = "parent_first"
methods.8.outcome.report.artifact.binding.environment.runtime.load_domain.external_override = "none"
methods.8.outcome.report.artifact.binding.environment.runtime.load_domain.loader = "app"
methods.8.outcome.report.artifact.binding.environment.runtime.load_domain.module_mode.kind = "class_path"
methods.8.outcome.report.artifact.binding.environment.runtime.load_domain.parent_loader = null
methods.8.outcome.report.artifact.binding.environment.runtime.load_domain.roots.0.kind = "standalone_class"
methods.8.outcome.report.artifact.binding.environment.runtime.load_domain.roots.0.snapshot = "fc8b7c0376a0083afb699de841aa7a18a3b413c441049650a4e058d0f84e493b"
methods.8.outcome.report.artifact.binding.environment.runtime.load_domain.runtime_transformation = "none"
methods.8.outcome.report.artifact.binding.environment.runtime.physical.scope.kind = "snapshot_all"
methods.8.outcome.report.artifact.binding.environment.runtime.physical.snapshot = "fc8b7c0376a0083afb699de841aa7a18a3b413c441049650a4e058d0f84e493b"
methods.8.outcome.report.artifact.binding.environment.runtime.profile.java_release = 8
methods.8.outcome.report.artifact.binding.environment.runtime.profile.layout.kind = "generic"
methods.8.outcome.report.artifact.binding.environment.runtime.profile.multi_release.kind = "disabled"
methods.8.outcome.report.artifact.binding.member_ordinal = 8
methods.8.outcome.report.artifact.binding.method.descriptor = [40,73,41,73]
methods.8.outcome.report.artifact.binding.method.name = [99,111,109,112,108,101,109,101,110,116]
methods.8.outcome.report.artifact.binding.method.owner.class_bytes.digest = "fc8b7c0376a0083afb699de841aa7a18a3b413c441049650a4e058d0f84e493b"
methods.8.outcome.report.artifact.binding.method.owner.class_bytes.length = 1303
methods.8.outcome.report.artifact.binding.method.owner.location.kind = "standalone_root"
methods.8.outcome.report.artifact.binding.method.owner.location.snapshot = "fc8b7c0376a0083afb699de841aa7a18a3b413c441049650a4e058d0f84e493b"
methods.8.outcome.report.artifact.binding.method.owner.variant.kind = "base"
methods.8.outcome.report.artifact.binding.profile.java_release = 8
methods.8.outcome.report.artifact.binding.profile.layout.kind = "generic"
methods.8.outcome.report.artifact.binding.profile.multi_release.kind = "disabled"
methods.8.outcome.report.artifact.binding.registry = 71
methods.8.outcome.report.artifact.binding.rules = ["straight@1","if@1","loop@1","switch@1","lambda@1","concat@1","bridge@1","accessor@1","new@1","field@1","enumswitch@1","init@1","declaration@1","twr@1","monitor@1"]
methods.8.outcome.report.artifact.binding.schema = 1
methods.8.outcome.report.artifact.binding.text_bytes = 190
methods.8.outcome.report.artifact.binding.text_digest = "c6b2f3c819f37c78001f8915a0a9ec1f"
methods.8.outcome.report.bridges = []
methods.8.outcome.report.compile_status = "not_attempted"
methods.8.outcome.report.concats = []
methods.8.outcome.report.content = "contains_statements"
methods.8.outcome.report.declaration = null
methods.8.outcome.report.diagnostics.0.code = "jre_recovery_produced"
methods.8.outcome.report.diagnostics.0.message = "1 region(s), 1 statement(s), 4 segment(s), 190 byte(s) written from 1 canonical block(s)"
methods.8.outcome.report.diagnostics.0.provenance = null
methods.8.outcome.report.diagnostics.0.severity = "info"
methods.8.outcome.report.diagnostics.1.code = "jre_declaration"
methods.8.outcome.report.diagnostics.1.message = "the artifact's envelope states the member's declaration under declaration@1: a static method"
methods.8.outcome.report.diagnostics.1.provenance = null
methods.8.outcome.report.diagnostics.1.severity = "info"
methods.8.outcome.report.enum_switches = []
methods.8.outcome.report.evidence.categories.0.kind = "source_map"
methods.8.outcome.report.evidence.categories.0.state.state = "not_requested"
methods.8.outcome.report.evidence.categories.1.kind = "region_details"
methods.8.outcome.report.evidence.categories.1.state.state = "not_requested"
methods.8.outcome.report.evidence.categories.2.kind = "rule_details"
methods.8.outcome.report.evidence.categories.2.state.state = "not_requested"
methods.8.outcome.report.evidence.categories.3.kind = "name_details"
methods.8.outcome.report.evidence.categories.3.state.state = "not_requested"
methods.8.outcome.report.evidence.categories.4.kind = "read_details"
methods.8.outcome.report.evidence.categories.4.state.state = "not_requested"
methods.8.outcome.report.evidence.requested.driver_bci_range = null
methods.8.outcome.report.evidence.requested.expected_artifact = null
methods.8.outcome.report.evidence.requested.kinds = []
methods.8.outcome.report.execution.status = "complete"
methods.8.outcome.report.execution.usage.analysis_steps = 282
methods.8.outcome.report.execution.usage.archive_entries = 0
methods.8.outcome.report.execution.usage.attribute_bytes = 1387
methods.8.outcome.report.execution.usage.class_bytes = 2606
methods.8.outcome.report.execution.usage.class_headers = 1
methods.8.outcome.report.execution.usage.code_bytes = 43
methods.8.outcome.report.execution.usage.dependency_depth = 0
methods.8.outcome.report.execution.usage.elapsed_millis = 5
methods.8.outcome.report.execution.usage.entry_bytes = 0
methods.8.outcome.report.execution.usage.input_bytes = 1303
methods.8.outcome.report.execution.usage.ir_edges = 49
methods.8.outcome.report.execution.usage.ir_items = 796
methods.8.outcome.report.execution.usage.method_bodies = 9
methods.8.outcome.report.execution.usage.nested_depth = 0
methods.8.outcome.report.execution.usage.normalization_clones = 0
methods.8.outcome.report.execution.usage.output_bytes = 3023
methods.8.outcome.report.execution.usage.read_bytes = 1303
methods.8.outcome.report.execution.usage.result_items = 55
methods.8.outcome.report.fallbacks = []
methods.8.outcome.report.fields = []
methods.8.outcome.report.init = null
methods.8.outcome.report.lambdas = []
methods.8.outcome.report.method = "complement(I)I"
methods.8.outcome.report.news = []
methods.8.outcome.report.outcome = "produced"
methods.8.outcome.report.profile.java_release = 8
methods.8.outcome.report.profile.layout.kind = "generic"
methods.8.outcome.report.profile.multi_release.kind = "disabled"
methods.8.outcome.report.quality = "structured"
methods.8.outcome.report.regions = []
methods.8.outcome.report.representation = "java"
methods.8.outcome.report.rules = []
methods.8.outcome.report.semantic_validation = "unproven"
methods.8.outcome.report.source_map.segments = []
methods.8.outcome.report.syntax_status = "unchecked"
methods.8.outcome.report.text = "// @method complement(I)I\n// @declaration a static method of `BitwiseProbe`, member flags 0x0009\n// recovered from bytecode; presentation is not claimed to compile\n{\n    return arg0 ^ -1;\n}\n"
methods.8.outcome.report.verification = "not_performed"
methods.8.text = "    public static int complement(int arg0) {\n        // @method complement(I)I\n        // @declaration a static method of `BitwiseProbe`, member flags 0x0009\n        // recovered from bytecode; presentation is not claimed to compile\n        return arg0 ^ -1;\n    }\n"
methods.9.declaration = "public static long complementLong(long arg0)"
methods.9.item.access_flags = 9
methods.9.item.body.content_span.length = 18
methods.9.item.body.content_span.start = 817
methods.9.item.body.kind = "code_attribute"
methods.9.item.descriptor.escaped = "(J)J"
methods.9.item.descriptor.raw = [40,74,41,74]
methods.9.item.descriptor.utf16 = [40,74,41,74]
methods.9.item.identity.descriptor = [40,74,41,74]
methods.9.item.identity.name = [99,111,109,112,108,101,109,101,110,116,76,111,110,103]
methods.9.item.identity.owner.class_bytes.digest = "fc8b7c0376a0083afb699de841aa7a18a3b413c441049650a4e058d0f84e493b"
methods.9.item.identity.owner.class_bytes.length = 1303
methods.9.item.identity.owner.location.kind = "standalone_root"
methods.9.item.identity.owner.location.snapshot = "fc8b7c0376a0083afb699de841aa7a18a3b413c441049650a4e058d0f84e493b"
methods.9.item.identity.owner.variant.kind = "base"
methods.9.item.index = 9
methods.9.item.name.escaped = "complementLong"
methods.9.item.name.raw = [99,111,109,112,108,101,109,101,110,116,76,111,110,103]
methods.9.item.name.utf16 = [99,111,109,112,108,101,109,101,110,116,76,111,110,103]
methods.9.markers = []
methods.9.no_body_kind = null
methods.9.outcome.analysis.diagnostics = 0
methods.9.outcome.analysis.execution.status = "complete"
methods.9.outcome.analysis.execution.usage.analysis_steps = 307
methods.9.outcome.analysis.execution.usage.archive_entries = 0
methods.9.outcome.analysis.execution.usage.attribute_bytes = 1411
methods.9.outcome.analysis.execution.usage.class_bytes = 2606
methods.9.outcome.analysis.execution.usage.class_headers = 1
methods.9.outcome.analysis.execution.usage.code_bytes = 49
methods.9.outcome.analysis.execution.usage.dependency_depth = 0
methods.9.outcome.analysis.execution.usage.elapsed_millis = 5
methods.9.outcome.analysis.execution.usage.entry_bytes = 0
methods.9.outcome.analysis.execution.usage.input_bytes = 1303
methods.9.outcome.analysis.execution.usage.ir_edges = 53
methods.9.outcome.analysis.execution.usage.ir_items = 863
methods.9.outcome.analysis.execution.usage.method_bodies = 10
methods.9.outcome.analysis.execution.usage.nested_depth = 0
methods.9.outcome.analysis.execution.usage.normalization_clones = 0
methods.9.outcome.analysis.execution.usage.output_bytes = 3023
methods.9.outcome.analysis.execution.usage.read_bytes = 1303
methods.9.outcome.analysis.execution.usage.result_items = 56
methods.9.outcome.kind = "recovered"
methods.9.outcome.report.accessors = []
methods.9.outcome.report.aliased_names = []
methods.9.outcome.report.artifact.agreement.state = "not_stated"
methods.9.outcome.report.artifact.binding.engine = "0.1.0"
methods.9.outcome.report.artifact.binding.environment.content = ["fc8b7c0376a0083afb699de841aa7a18a3b413c441049650a4e058d0f84e493b"]
methods.9.outcome.report.artifact.binding.environment.domain_loaders = ["app"]
methods.9.outcome.report.artifact.binding.environment.providers = []
methods.9.outcome.report.artifact.binding.environment.runtime.load_domain.delegation.kind = "parent_first"
methods.9.outcome.report.artifact.binding.environment.runtime.load_domain.external_override = "none"
methods.9.outcome.report.artifact.binding.environment.runtime.load_domain.loader = "app"
methods.9.outcome.report.artifact.binding.environment.runtime.load_domain.module_mode.kind = "class_path"
methods.9.outcome.report.artifact.binding.environment.runtime.load_domain.parent_loader = null
methods.9.outcome.report.artifact.binding.environment.runtime.load_domain.roots.0.kind = "standalone_class"
methods.9.outcome.report.artifact.binding.environment.runtime.load_domain.roots.0.snapshot = "fc8b7c0376a0083afb699de841aa7a18a3b413c441049650a4e058d0f84e493b"
methods.9.outcome.report.artifact.binding.environment.runtime.load_domain.runtime_transformation = "none"
methods.9.outcome.report.artifact.binding.environment.runtime.physical.scope.kind = "snapshot_all"
methods.9.outcome.report.artifact.binding.environment.runtime.physical.snapshot = "fc8b7c0376a0083afb699de841aa7a18a3b413c441049650a4e058d0f84e493b"
methods.9.outcome.report.artifact.binding.environment.runtime.profile.java_release = 8
methods.9.outcome.report.artifact.binding.environment.runtime.profile.layout.kind = "generic"
methods.9.outcome.report.artifact.binding.environment.runtime.profile.multi_release.kind = "disabled"
methods.9.outcome.report.artifact.binding.member_ordinal = 9
methods.9.outcome.report.artifact.binding.method.descriptor = [40,74,41,74]
methods.9.outcome.report.artifact.binding.method.name = [99,111,109,112,108,101,109,101,110,116,76,111,110,103]
methods.9.outcome.report.artifact.binding.method.owner.class_bytes.digest = "fc8b7c0376a0083afb699de841aa7a18a3b413c441049650a4e058d0f84e493b"
methods.9.outcome.report.artifact.binding.method.owner.class_bytes.length = 1303
methods.9.outcome.report.artifact.binding.method.owner.location.kind = "standalone_root"
methods.9.outcome.report.artifact.binding.method.owner.location.snapshot = "fc8b7c0376a0083afb699de841aa7a18a3b413c441049650a4e058d0f84e493b"
methods.9.outcome.report.artifact.binding.method.owner.variant.kind = "base"
methods.9.outcome.report.artifact.binding.profile.java_release = 8
methods.9.outcome.report.artifact.binding.profile.layout.kind = "generic"
methods.9.outcome.report.artifact.binding.profile.multi_release.kind = "disabled"
methods.9.outcome.report.artifact.binding.registry = 71
methods.9.outcome.report.artifact.binding.rules = ["straight@1","if@1","loop@1","switch@1","lambda@1","concat@1","bridge@1","accessor@1","new@1","field@1","enumswitch@1","init@1","declaration@1","twr@1","monitor@1"]
methods.9.outcome.report.artifact.binding.schema = 1
methods.9.outcome.report.artifact.binding.text_bytes = 195
methods.9.outcome.report.artifact.binding.text_digest = "2986ef9290fbfcf387fff9ecfe662e43"
methods.9.outcome.report.bridges = []
methods.9.outcome.report.compile_status = "not_attempted"
methods.9.outcome.report.concats = []
methods.9.outcome.report.content = "contains_statements"
methods.9.outcome.report.declaration = null
methods.9.outcome.report.diagnostics.0.code = "jre_recovery_produced"
methods.9.outcome.report.diagnostics.0.message = "1 region(s), 1 statement(s), 4 segment(s), 195 byte(s) written from 1 canonical block(s)"
methods.9.outcome.report.diagnostics.0.provenance = null
methods.9.outcome.report.diagnostics.0.severity = "info"
methods.9.outcome.report.diagnostics.1.code = "jre_declaration"
methods.9.outcome.report.diagnostics.1.message = "the artifact's envelope states the member's declaration under declaration@1: a static method"
methods.9.outcome.report.diagnostics.1.provenance = null
methods.9.outcome.report.diagnostics.1.severity = "info"
methods.9.outcome.report.enum_switches = []
methods.9.outcome.report.evidence.categories.0.kind = "source_map"
methods.9.outcome.report.evidence.categories.0.state.state = "not_requested"
methods.9.outcome.report.evidence.categories.1.kind = "region_details"
methods.9.outcome.report.evidence.categories.1.state.state = "not_requested"
methods.9.outcome.report.evidence.categories.2.kind = "rule_details"
methods.9.outcome.report.evidence.categories.2.state.state = "not_requested"
methods.9.outcome.report.evidence.categories.3.kind = "name_details"
methods.9.outcome.report.evidence.categories.3.state.state = "not_requested"
methods.9.outcome.report.evidence.categories.4.kind = "read_details"
methods.9.outcome.report.evidence.categories.4.state.state = "not_requested"
methods.9.outcome.report.evidence.requested.driver_bci_range = null
methods.9.outcome.report.evidence.requested.expected_artifact = null
methods.9.outcome.report.evidence.requested.kinds = []
methods.9.outcome.report.execution.status = "complete"
methods.9.outcome.report.execution.usage.analysis_steps = 312
methods.9.outcome.report.execution.usage.archive_entries = 0
methods.9.outcome.report.execution.usage.attribute_bytes = 1411
methods.9.outcome.report.execution.usage.class_bytes = 2606
methods.9.outcome.report.execution.usage.class_headers = 1
methods.9.outcome.report.execution.usage.code_bytes = 49
methods.9.outcome.report.execution.usage.dependency_depth = 0
methods.9.outcome.report.execution.usage.elapsed_millis = 5
methods.9.outcome.report.execution.usage.entry_bytes = 0
methods.9.outcome.report.execution.usage.input_bytes = 1303
methods.9.outcome.report.execution.usage.ir_edges = 53
methods.9.outcome.report.execution.usage.ir_items = 869
methods.9.outcome.report.execution.usage.method_bodies = 10
methods.9.outcome.report.execution.usage.nested_depth = 0
methods.9.outcome.report.execution.usage.normalization_clones = 0
methods.9.outcome.report.execution.usage.output_bytes = 3218
methods.9.outcome.report.execution.usage.read_bytes = 1303
methods.9.outcome.report.execution.usage.result_items = 56
methods.9.outcome.report.fallbacks = []
methods.9.outcome.report.fields = []
methods.9.outcome.report.init = null
methods.9.outcome.report.lambdas = []
methods.9.outcome.report.method = "complementLong(J)J"
methods.9.outcome.report.news = []
methods.9.outcome.report.outcome = "produced"
methods.9.outcome.report.profile.java_release = 8
methods.9.outcome.report.profile.layout.kind = "generic"
methods.9.outcome.report.profile.multi_release.kind = "disabled"
methods.9.outcome.report.quality = "structured"
methods.9.outcome.report.regions = []
methods.9.outcome.report.representation = "java"
methods.9.outcome.report.rules = []
methods.9.outcome.report.semantic_validation = "unproven"
methods.9.outcome.report.source_map.segments = []
methods.9.outcome.report.syntax_status = "unchecked"
methods.9.outcome.report.text = "// @method complementLong(J)J\n// @declaration a static method of `BitwiseProbe`, member flags 0x0009\n// recovered from bytecode; presentation is not claimed to compile\n{\n    return arg0 ^ -1L;\n}\n"
methods.9.outcome.report.verification = "not_performed"
methods.9.text = "    public static long complementLong(long arg0) {\n        // @method complementLong(J)J\n        // @declaration a static method of `BitwiseProbe`, member flags 0x0009\n        // recovered from bytecode; presentation is not claimed to compile\n        return arg0 ^ -1L;\n    }\n"
methods.10.declaration = "public static boolean andBoolean(boolean arg0, boolean arg1)"
methods.10.item.access_flags = 9
methods.10.item.body.content_span.length = 16
methods.10.item.body.content_span.start = 849
methods.10.item.body.kind = "code_attribute"
methods.10.item.descriptor.escaped = "(ZZ)Z"
methods.10.item.descriptor.raw = [40,90,90,41,90]
methods.10.item.descriptor.utf16 = [40,90,90,41,90]
methods.10.item.identity.descriptor = [40,90,90,41,90]
methods.10.item.identity.name = [97,110,100,66,111,111,108,101,97,110]
methods.10.item.identity.owner.class_bytes.digest = "fc8b7c0376a0083afb699de841aa7a18a3b413c441049650a4e058d0f84e493b"
methods.10.item.identity.owner.class_bytes.length = 1303
methods.10.item.identity.owner.location.kind = "standalone_root"
methods.10.item.identity.owner.location.snapshot = "fc8b7c0376a0083afb699de841aa7a18a3b413c441049650a4e058d0f84e493b"
methods.10.item.identity.owner.variant.kind = "base"
methods.10.item.index = 10
methods.10.item.name.escaped = "andBoolean"
methods.10.item.name.raw = [97,110,100,66,111,111,108,101,97,110]
methods.10.item.name.utf16 = [97,110,100,66,111,111,108,101,97,110]
methods.10.markers = []
methods.10.no_body_kind = null
methods.10.outcome.analysis.diagnostics = 0
methods.10.outcome.analysis.execution.status = "complete"
methods.10.outcome.analysis.execution.usage.analysis_steps = 336
methods.10.outcome.analysis.execution.usage.archive_entries = 0
methods.10.outcome.analysis.execution.usage.attribute_bytes = 1433
methods.10.outcome.analysis.execution.usage.class_bytes = 2606
methods.10.outcome.analysis.execution.usage.class_headers = 1
methods.10.outcome.analysis.execution.usage.code_bytes = 53
methods.10.outcome.analysis.execution.usage.dependency_depth = 0
methods.10.outcome.analysis.execution.usage.elapsed_millis = 5
methods.10.outcome.analysis.execution.usage.entry_bytes = 0
methods.10.outcome.analysis.execution.usage.input_bytes = 1303
methods.10.outcome.analysis.execution.usage.ir_edges = 58
methods.10.outcome.analysis.execution.usage.ir_items = 943
methods.10.outcome.analysis.execution.usage.method_bodies = 11
methods.10.outcome.analysis.execution.usage.nested_depth = 0
methods.10.outcome.analysis.execution.usage.normalization_clones = 0
methods.10.outcome.analysis.execution.usage.output_bytes = 3218
methods.10.outcome.analysis.execution.usage.read_bytes = 1303
methods.10.outcome.analysis.execution.usage.result_items = 57
methods.10.outcome.kind = "recovered"
methods.10.outcome.report.accessors = []
methods.10.outcome.report.aliased_names = []
methods.10.outcome.report.artifact.agreement.state = "not_stated"
methods.10.outcome.report.artifact.binding.engine = "0.1.0"
methods.10.outcome.report.artifact.binding.environment.content = ["fc8b7c0376a0083afb699de841aa7a18a3b413c441049650a4e058d0f84e493b"]
methods.10.outcome.report.artifact.binding.environment.domain_loaders = ["app"]
methods.10.outcome.report.artifact.binding.environment.providers = []
methods.10.outcome.report.artifact.binding.environment.runtime.load_domain.delegation.kind = "parent_first"
methods.10.outcome.report.artifact.binding.environment.runtime.load_domain.external_override = "none"
methods.10.outcome.report.artifact.binding.environment.runtime.load_domain.loader = "app"
methods.10.outcome.report.artifact.binding.environment.runtime.load_domain.module_mode.kind = "class_path"
methods.10.outcome.report.artifact.binding.environment.runtime.load_domain.parent_loader = null
methods.10.outcome.report.artifact.binding.environment.runtime.load_domain.roots.0.kind = "standalone_class"
methods.10.outcome.report.artifact.binding.environment.runtime.load_domain.roots.0.snapshot = "fc8b7c0376a0083afb699de841aa7a18a3b413c441049650a4e058d0f84e493b"
methods.10.outcome.report.artifact.binding.environment.runtime.load_domain.runtime_transformation = "none"
methods.10.outcome.report.artifact.binding.environment.runtime.physical.scope.kind = "snapshot_all"
methods.10.outcome.report.artifact.binding.environment.runtime.physical.snapshot = "fc8b7c0376a0083afb699de841aa7a18a3b413c441049650a4e058d0f84e493b"
methods.10.outcome.report.artifact.binding.environment.runtime.profile.java_release = 8
methods.10.outcome.report.artifact.binding.environment.runtime.profile.layout.kind = "generic"
methods.10.outcome.report.artifact.binding.environment.runtime.profile.multi_release.kind = "disabled"
methods.10.outcome.report.artifact.binding.member_ordinal = 10
methods.10.outcome.report.artifact.binding.method.descriptor = [40,90,90,41,90]
methods.10.outcome.report.artifact.binding.method.name = [97,110,100,66,111,111,108,101,97,110]
methods.10.outcome.report.artifact.binding.method.owner.class_bytes.digest = "fc8b7c0376a0083afb699de841aa7a18a3b413c441049650a4e058d0f84e493b"
methods.10.outcome.report.artifact.binding.method.owner.class_bytes.length = 1303
methods.10.outcome.report.artifact.binding.method.owner.location.kind = "standalone_root"
methods.10.outcome.report.artifact.binding.method.owner.location.snapshot = "fc8b7c0376a0083afb699de841aa7a18a3b413c441049650a4e058d0f84e493b"
methods.10.outcome.report.artifact.binding.method.owner.variant.kind = "base"
methods.10.outcome.report.artifact.binding.profile.java_release = 8
methods.10.outcome.report.artifact.binding.profile.layout.kind = "generic"
methods.10.outcome.report.artifact.binding.profile.multi_release.kind = "disabled"
methods.10.outcome.report.artifact.binding.registry = 71
methods.10.outcome.report.artifact.binding.rules = ["straight@1","if@1","loop@1","switch@1","lambda@1","concat@1","bridge@1","accessor@1","new@1","field@1","enumswitch@1","init@1","declaration@1","twr@1","monitor@1"]
methods.10.outcome.report.artifact.binding.schema = 1
methods.10.outcome.report.artifact.binding.text_bytes = 193
methods.10.outcome.report.artifact.binding.text_digest = "64885bb6be114e0f2c07764b2f9204fb"
methods.10.outcome.report.bridges = []
methods.10.outcome.report.compile_status = "not_attempted"
methods.10.outcome.report.concats = []
methods.10.outcome.report.content = "contains_statements"
methods.10.outcome.report.declaration = null
methods.10.outcome.report.diagnostics.0.code = "jre_recovery_produced"
methods.10.outcome.report.diagnostics.0.message = "1 region(s), 1 statement(s), 4 segment(s), 193 byte(s) written from 1 canonical block(s)"
methods.10.outcome.report.diagnostics.0.provenance = null
methods.10.outcome.report.diagnostics.0.severity = "info"
methods.10.outcome.report.diagnostics.1.code = "jre_declaration"
methods.10.outcome.report.diagnostics.1.message = "the artifact's envelope states the member's declaration under declaration@1: a static method"
methods.10.outcome.report.diagnostics.1.provenance = null
methods.10.outcome.report.diagnostics.1.severity = "info"
methods.10.outcome.report.enum_switches = []
methods.10.outcome.report.evidence.categories.0.kind = "source_map"
methods.10.outcome.report.evidence.categories.0.state.state = "not_requested"
methods.10.outcome.report.evidence.categories.1.kind = "region_details"
methods.10.outcome.report.evidence.categories.1.state.state = "not_requested"
methods.10.outcome.report.evidence.categories.2.kind = "rule_details"
methods.10.outcome.report.evidence.categories.2.state.state = "not_requested"
methods.10.outcome.report.evidence.categories.3.kind = "name_details"
methods.10.outcome.report.evidence.categories.3.state.state = "not_requested"
methods.10.outcome.report.evidence.categories.4.kind = "read_details"
methods.10.outcome.report.evidence.categories.4.state.state = "not_requested"
methods.10.outcome.report.evidence.requested.driver_bci_range = null
methods.10.outcome.report.evidence.requested.expected_artifact = null
methods.10.outcome.report.evidence.requested.kinds = []
methods.10.outcome.report.execution.status = "complete"
methods.10.outcome.report.execution.usage.analysis_steps = 341
methods.10.outcome.report.execution.usage.archive_entries = 0
methods.10.outcome.report.execution.usage.attribute_bytes = 1433
methods.10.outcome.report.execution.usage.class_bytes = 2606
methods.10.outcome.report.execution.usage.class_headers = 1
methods.10.outcome.report.execution.usage.code_bytes = 53
methods.10.outcome.report.execution.usage.dependency_depth = 0
methods.10.outcome.report.execution.usage.elapsed_millis = 5
methods.10.outcome.report.execution.usage.entry_bytes = 0
methods.10.outcome.report.execution.usage.input_bytes = 1303
methods.10.outcome.report.execution.usage.ir_edges = 58
methods.10.outcome.report.execution.usage.ir_items = 950
methods.10.outcome.report.execution.usage.method_bodies = 11
methods.10.outcome.report.execution.usage.nested_depth = 0
methods.10.outcome.report.execution.usage.normalization_clones = 0
methods.10.outcome.report.execution.usage.output_bytes = 3411
methods.10.outcome.report.execution.usage.read_bytes = 1303
methods.10.outcome.report.execution.usage.result_items = 57
methods.10.outcome.report.fallbacks = []
methods.10.outcome.report.fields = []
methods.10.outcome.report.init = null
methods.10.outcome.report.lambdas = []
methods.10.outcome.report.method = "andBoolean(ZZ)Z"
methods.10.outcome.report.news = []
methods.10.outcome.report.outcome = "produced"
methods.10.outcome.report.profile.java_release = 8
methods.10.outcome.report.profile.layout.kind = "generic"
methods.10.outcome.report.profile.multi_release.kind = "disabled"
methods.10.outcome.report.quality = "structured"
methods.10.outcome.report.regions = []
methods.10.outcome.report.representation = "java"
methods.10.outcome.report.rules = []
methods.10.outcome.report.semantic_validation = "unproven"
methods.10.outcome.report.source_map.segments = []
methods.10.outcome.report.syntax_status = "unchecked"
methods.10.outcome.report.text = "// @method andBoolean(ZZ)Z\n// @declaration a static method of `BitwiseProbe`, member flags 0x0009\n// recovered from bytecode; presentation is not claimed to compile\n{\n    return arg0 & arg1;\n}\n"
methods.10.outcome.report.verification = "not_performed"
methods.10.text = "    public static boolean andBoolean(boolean arg0, boolean arg1) {\n        // @method andBoolean(ZZ)Z\n        // @declaration a static method of `BitwiseProbe`, member flags 0x0009\n        // recovered from bytecode; presentation is not claimed to compile\n        return arg0 & arg1;\n    }\n"
methods.11.declaration = "public static boolean orBoolean(boolean arg0, boolean arg1)"
methods.11.item.access_flags = 9
methods.11.item.body.content_span.length = 16
methods.11.item.body.content_span.start = 879
methods.11.item.body.kind = "code_attribute"
methods.11.item.descriptor.escaped = "(ZZ)Z"
methods.11.item.descriptor.raw = [40,90,90,41,90]
methods.11.item.descriptor.utf16 = [40,90,90,41,90]
methods.11.item.identity.descriptor = [40,90,90,41,90]
methods.11.item.identity.name = [111,114,66,111,111,108,101,97,110]
methods.11.item.identity.owner.class_bytes.digest = "fc8b7c0376a0083afb699de841aa7a18a3b413c441049650a4e058d0f84e493b"
methods.11.item.identity.owner.class_bytes.length = 1303
methods.11.item.identity.owner.location.kind = "standalone_root"
methods.11.item.identity.owner.location.snapshot = "fc8b7c0376a0083afb699de841aa7a18a3b413c441049650a4e058d0f84e493b"
methods.11.item.identity.owner.variant.kind = "base"
methods.11.item.index = 11
methods.11.item.name.escaped = "orBoolean"
methods.11.item.name.raw = [111,114,66,111,111,108,101,97,110]
methods.11.item.name.utf16 = [111,114,66,111,111,108,101,97,110]
methods.11.markers = []
methods.11.no_body_kind = null
methods.11.outcome.analysis.diagnostics = 0
methods.11.outcome.analysis.execution.status = "complete"
methods.11.outcome.analysis.execution.usage.analysis_steps = 365
methods.11.outcome.analysis.execution.usage.archive_entries = 0
methods.11.outcome.analysis.execution.usage.attribute_bytes = 1455
methods.11.outcome.analysis.execution.usage.class_bytes = 2606
methods.11.outcome.analysis.execution.usage.class_headers = 1
methods.11.outcome.analysis.execution.usage.code_bytes = 57
methods.11.outcome.analysis.execution.usage.dependency_depth = 0
methods.11.outcome.analysis.execution.usage.elapsed_millis = 5
methods.11.outcome.analysis.execution.usage.entry_bytes = 0
methods.11.outcome.analysis.execution.usage.input_bytes = 1303
methods.11.outcome.analysis.execution.usage.ir_edges = 63
methods.11.outcome.analysis.execution.usage.ir_items = 1024
methods.11.outcome.analysis.execution.usage.method_bodies = 12
methods.11.outcome.analysis.execution.usage.nested_depth = 0
methods.11.outcome.analysis.execution.usage.normalization_clones = 0
methods.11.outcome.analysis.execution.usage.output_bytes = 3411
methods.11.outcome.analysis.execution.usage.read_bytes = 1303
methods.11.outcome.analysis.execution.usage.result_items = 58
methods.11.outcome.kind = "recovered"
methods.11.outcome.report.accessors = []
methods.11.outcome.report.aliased_names = []
methods.11.outcome.report.artifact.agreement.state = "not_stated"
methods.11.outcome.report.artifact.binding.engine = "0.1.0"
methods.11.outcome.report.artifact.binding.environment.content = ["fc8b7c0376a0083afb699de841aa7a18a3b413c441049650a4e058d0f84e493b"]
methods.11.outcome.report.artifact.binding.environment.domain_loaders = ["app"]
methods.11.outcome.report.artifact.binding.environment.providers = []
methods.11.outcome.report.artifact.binding.environment.runtime.load_domain.delegation.kind = "parent_first"
methods.11.outcome.report.artifact.binding.environment.runtime.load_domain.external_override = "none"
methods.11.outcome.report.artifact.binding.environment.runtime.load_domain.loader = "app"
methods.11.outcome.report.artifact.binding.environment.runtime.load_domain.module_mode.kind = "class_path"
methods.11.outcome.report.artifact.binding.environment.runtime.load_domain.parent_loader = null
methods.11.outcome.report.artifact.binding.environment.runtime.load_domain.roots.0.kind = "standalone_class"
methods.11.outcome.report.artifact.binding.environment.runtime.load_domain.roots.0.snapshot = "fc8b7c0376a0083afb699de841aa7a18a3b413c441049650a4e058d0f84e493b"
methods.11.outcome.report.artifact.binding.environment.runtime.load_domain.runtime_transformation = "none"
methods.11.outcome.report.artifact.binding.environment.runtime.physical.scope.kind = "snapshot_all"
methods.11.outcome.report.artifact.binding.environment.runtime.physical.snapshot = "fc8b7c0376a0083afb699de841aa7a18a3b413c441049650a4e058d0f84e493b"
methods.11.outcome.report.artifact.binding.environment.runtime.profile.java_release = 8
methods.11.outcome.report.artifact.binding.environment.runtime.profile.layout.kind = "generic"
methods.11.outcome.report.artifact.binding.environment.runtime.profile.multi_release.kind = "disabled"
methods.11.outcome.report.artifact.binding.member_ordinal = 11
methods.11.outcome.report.artifact.binding.method.descriptor = [40,90,90,41,90]
methods.11.outcome.report.artifact.binding.method.name = [111,114,66,111,111,108,101,97,110]
methods.11.outcome.report.artifact.binding.method.owner.class_bytes.digest = "fc8b7c0376a0083afb699de841aa7a18a3b413c441049650a4e058d0f84e493b"
methods.11.outcome.report.artifact.binding.method.owner.class_bytes.length = 1303
methods.11.outcome.report.artifact.binding.method.owner.location.kind = "standalone_root"
methods.11.outcome.report.artifact.binding.method.owner.location.snapshot = "fc8b7c0376a0083afb699de841aa7a18a3b413c441049650a4e058d0f84e493b"
methods.11.outcome.report.artifact.binding.method.owner.variant.kind = "base"
methods.11.outcome.report.artifact.binding.profile.java_release = 8
methods.11.outcome.report.artifact.binding.profile.layout.kind = "generic"
methods.11.outcome.report.artifact.binding.profile.multi_release.kind = "disabled"
methods.11.outcome.report.artifact.binding.registry = 71
methods.11.outcome.report.artifact.binding.rules = ["straight@1","if@1","loop@1","switch@1","lambda@1","concat@1","bridge@1","accessor@1","new@1","field@1","enumswitch@1","init@1","declaration@1","twr@1","monitor@1"]
methods.11.outcome.report.artifact.binding.schema = 1
methods.11.outcome.report.artifact.binding.text_bytes = 192
methods.11.outcome.report.artifact.binding.text_digest = "c810f2f5026d9e7900d9bfa48369e201"
methods.11.outcome.report.bridges = []
methods.11.outcome.report.compile_status = "not_attempted"
methods.11.outcome.report.concats = []
methods.11.outcome.report.content = "contains_statements"
methods.11.outcome.report.declaration = null
methods.11.outcome.report.diagnostics.0.code = "jre_recovery_produced"
methods.11.outcome.report.diagnostics.0.message = "1 region(s), 1 statement(s), 4 segment(s), 192 byte(s) written from 1 canonical block(s)"
methods.11.outcome.report.diagnostics.0.provenance = null
methods.11.outcome.report.diagnostics.0.severity = "info"
methods.11.outcome.report.diagnostics.1.code = "jre_declaration"
methods.11.outcome.report.diagnostics.1.message = "the artifact's envelope states the member's declaration under declaration@1: a static method"
methods.11.outcome.report.diagnostics.1.provenance = null
methods.11.outcome.report.diagnostics.1.severity = "info"
methods.11.outcome.report.enum_switches = []
methods.11.outcome.report.evidence.categories.0.kind = "source_map"
methods.11.outcome.report.evidence.categories.0.state.state = "not_requested"
methods.11.outcome.report.evidence.categories.1.kind = "region_details"
methods.11.outcome.report.evidence.categories.1.state.state = "not_requested"
methods.11.outcome.report.evidence.categories.2.kind = "rule_details"
methods.11.outcome.report.evidence.categories.2.state.state = "not_requested"
methods.11.outcome.report.evidence.categories.3.kind = "name_details"
methods.11.outcome.report.evidence.categories.3.state.state = "not_requested"
methods.11.outcome.report.evidence.categories.4.kind = "read_details"
methods.11.outcome.report.evidence.categories.4.state.state = "not_requested"
methods.11.outcome.report.evidence.requested.driver_bci_range = null
methods.11.outcome.report.evidence.requested.expected_artifact = null
methods.11.outcome.report.evidence.requested.kinds = []
methods.11.outcome.report.execution.status = "complete"
methods.11.outcome.report.execution.usage.analysis_steps = 370
methods.11.outcome.report.execution.usage.archive_entries = 0
methods.11.outcome.report.execution.usage.attribute_bytes = 1455
methods.11.outcome.report.execution.usage.class_bytes = 2606
methods.11.outcome.report.execution.usage.class_headers = 1
methods.11.outcome.report.execution.usage.code_bytes = 57
methods.11.outcome.report.execution.usage.dependency_depth = 0
methods.11.outcome.report.execution.usage.elapsed_millis = 5
methods.11.outcome.report.execution.usage.entry_bytes = 0
methods.11.outcome.report.execution.usage.input_bytes = 1303
methods.11.outcome.report.execution.usage.ir_edges = 63
methods.11.outcome.report.execution.usage.ir_items = 1031
methods.11.outcome.report.execution.usage.method_bodies = 12
methods.11.outcome.report.execution.usage.nested_depth = 0
methods.11.outcome.report.execution.usage.normalization_clones = 0
methods.11.outcome.report.execution.usage.output_bytes = 3603
methods.11.outcome.report.execution.usage.read_bytes = 1303
methods.11.outcome.report.execution.usage.result_items = 58
methods.11.outcome.report.fallbacks = []
methods.11.outcome.report.fields = []
methods.11.outcome.report.init = null
methods.11.outcome.report.lambdas = []
methods.11.outcome.report.method = "orBoolean(ZZ)Z"
methods.11.outcome.report.news = []
methods.11.outcome.report.outcome = "produced"
methods.11.outcome.report.profile.java_release = 8
methods.11.outcome.report.profile.layout.kind = "generic"
methods.11.outcome.report.profile.multi_release.kind = "disabled"
methods.11.outcome.report.quality = "structured"
methods.11.outcome.report.regions = []
methods.11.outcome.report.representation = "java"
methods.11.outcome.report.rules = []
methods.11.outcome.report.semantic_validation = "unproven"
methods.11.outcome.report.source_map.segments = []
methods.11.outcome.report.syntax_status = "unchecked"
methods.11.outcome.report.text = "// @method orBoolean(ZZ)Z\n// @declaration a static method of `BitwiseProbe`, member flags 0x0009\n// recovered from bytecode; presentation is not claimed to compile\n{\n    return arg0 | arg1;\n}\n"
methods.11.outcome.report.verification = "not_performed"
methods.11.text = "    public static boolean orBoolean(boolean arg0, boolean arg1) {\n        // @method orBoolean(ZZ)Z\n        // @declaration a static method of `BitwiseProbe`, member flags 0x0009\n        // recovered from bytecode; presentation is not claimed to compile\n        return arg0 | arg1;\n    }\n"
methods.12.declaration = "public static boolean xorBoolean(boolean arg0, boolean arg1)"
methods.12.item.access_flags = 9
methods.12.item.body.content_span.length = 16
methods.12.item.body.content_span.start = 909
methods.12.item.body.kind = "code_attribute"
methods.12.item.descriptor.escaped = "(ZZ)Z"
methods.12.item.descriptor.raw = [40,90,90,41,90]
methods.12.item.descriptor.utf16 = [40,90,90,41,90]
methods.12.item.identity.descriptor = [40,90,90,41,90]
methods.12.item.identity.name = [120,111,114,66,111,111,108,101,97,110]
methods.12.item.identity.owner.class_bytes.digest = "fc8b7c0376a0083afb699de841aa7a18a3b413c441049650a4e058d0f84e493b"
methods.12.item.identity.owner.class_bytes.length = 1303
methods.12.item.identity.owner.location.kind = "standalone_root"
methods.12.item.identity.owner.location.snapshot = "fc8b7c0376a0083afb699de841aa7a18a3b413c441049650a4e058d0f84e493b"
methods.12.item.identity.owner.variant.kind = "base"
methods.12.item.index = 12
methods.12.item.name.escaped = "xorBoolean"
methods.12.item.name.raw = [120,111,114,66,111,111,108,101,97,110]
methods.12.item.name.utf16 = [120,111,114,66,111,111,108,101,97,110]
methods.12.markers = []
methods.12.no_body_kind = null
methods.12.outcome.analysis.diagnostics = 0
methods.12.outcome.analysis.execution.status = "complete"
methods.12.outcome.analysis.execution.usage.analysis_steps = 394
methods.12.outcome.analysis.execution.usage.archive_entries = 0
methods.12.outcome.analysis.execution.usage.attribute_bytes = 1477
methods.12.outcome.analysis.execution.usage.class_bytes = 2606
methods.12.outcome.analysis.execution.usage.class_headers = 1
methods.12.outcome.analysis.execution.usage.code_bytes = 61
methods.12.outcome.analysis.execution.usage.dependency_depth = 0
methods.12.outcome.analysis.execution.usage.elapsed_millis = 5
methods.12.outcome.analysis.execution.usage.entry_bytes = 0
methods.12.outcome.analysis.execution.usage.input_bytes = 1303
methods.12.outcome.analysis.execution.usage.ir_edges = 68
methods.12.outcome.analysis.execution.usage.ir_items = 1105
methods.12.outcome.analysis.execution.usage.method_bodies = 13
methods.12.outcome.analysis.execution.usage.nested_depth = 0
methods.12.outcome.analysis.execution.usage.normalization_clones = 0
methods.12.outcome.analysis.execution.usage.output_bytes = 3603
methods.12.outcome.analysis.execution.usage.read_bytes = 1303
methods.12.outcome.analysis.execution.usage.result_items = 59
methods.12.outcome.kind = "recovered"
methods.12.outcome.report.accessors = []
methods.12.outcome.report.aliased_names = []
methods.12.outcome.report.artifact.agreement.state = "not_stated"
methods.12.outcome.report.artifact.binding.engine = "0.1.0"
methods.12.outcome.report.artifact.binding.environment.content = ["fc8b7c0376a0083afb699de841aa7a18a3b413c441049650a4e058d0f84e493b"]
methods.12.outcome.report.artifact.binding.environment.domain_loaders = ["app"]
methods.12.outcome.report.artifact.binding.environment.providers = []
methods.12.outcome.report.artifact.binding.environment.runtime.load_domain.delegation.kind = "parent_first"
methods.12.outcome.report.artifact.binding.environment.runtime.load_domain.external_override = "none"
methods.12.outcome.report.artifact.binding.environment.runtime.load_domain.loader = "app"
methods.12.outcome.report.artifact.binding.environment.runtime.load_domain.module_mode.kind = "class_path"
methods.12.outcome.report.artifact.binding.environment.runtime.load_domain.parent_loader = null
methods.12.outcome.report.artifact.binding.environment.runtime.load_domain.roots.0.kind = "standalone_class"
methods.12.outcome.report.artifact.binding.environment.runtime.load_domain.roots.0.snapshot = "fc8b7c0376a0083afb699de841aa7a18a3b413c441049650a4e058d0f84e493b"
methods.12.outcome.report.artifact.binding.environment.runtime.load_domain.runtime_transformation = "none"
methods.12.outcome.report.artifact.binding.environment.runtime.physical.scope.kind = "snapshot_all"
methods.12.outcome.report.artifact.binding.environment.runtime.physical.snapshot = "fc8b7c0376a0083afb699de841aa7a18a3b413c441049650a4e058d0f84e493b"
methods.12.outcome.report.artifact.binding.environment.runtime.profile.java_release = 8
methods.12.outcome.report.artifact.binding.environment.runtime.profile.layout.kind = "generic"
methods.12.outcome.report.artifact.binding.environment.runtime.profile.multi_release.kind = "disabled"
methods.12.outcome.report.artifact.binding.member_ordinal = 12
methods.12.outcome.report.artifact.binding.method.descriptor = [40,90,90,41,90]
methods.12.outcome.report.artifact.binding.method.name = [120,111,114,66,111,111,108,101,97,110]
methods.12.outcome.report.artifact.binding.method.owner.class_bytes.digest = "fc8b7c0376a0083afb699de841aa7a18a3b413c441049650a4e058d0f84e493b"
methods.12.outcome.report.artifact.binding.method.owner.class_bytes.length = 1303
methods.12.outcome.report.artifact.binding.method.owner.location.kind = "standalone_root"
methods.12.outcome.report.artifact.binding.method.owner.location.snapshot = "fc8b7c0376a0083afb699de841aa7a18a3b413c441049650a4e058d0f84e493b"
methods.12.outcome.report.artifact.binding.method.owner.variant.kind = "base"
methods.12.outcome.report.artifact.binding.profile.java_release = 8
methods.12.outcome.report.artifact.binding.profile.layout.kind = "generic"
methods.12.outcome.report.artifact.binding.profile.multi_release.kind = "disabled"
methods.12.outcome.report.artifact.binding.registry = 71
methods.12.outcome.report.artifact.binding.rules = ["straight@1","if@1","loop@1","switch@1","lambda@1","concat@1","bridge@1","accessor@1","new@1","field@1","enumswitch@1","init@1","declaration@1","twr@1","monitor@1"]
methods.12.outcome.report.artifact.binding.schema = 1
methods.12.outcome.report.artifact.binding.text_bytes = 193
methods.12.outcome.report.artifact.binding.text_digest = "4a3abf50738c29988951fd90da3462c3"
methods.12.outcome.report.bridges = []
methods.12.outcome.report.compile_status = "not_attempted"
methods.12.outcome.report.concats = []
methods.12.outcome.report.content = "contains_statements"
methods.12.outcome.report.declaration = null
methods.12.outcome.report.diagnostics.0.code = "jre_recovery_produced"
methods.12.outcome.report.diagnostics.0.message = "1 region(s), 1 statement(s), 4 segment(s), 193 byte(s) written from 1 canonical block(s)"
methods.12.outcome.report.diagnostics.0.provenance = null
methods.12.outcome.report.diagnostics.0.severity = "info"
methods.12.outcome.report.diagnostics.1.code = "jre_declaration"
methods.12.outcome.report.diagnostics.1.message = "the artifact's envelope states the member's declaration under declaration@1: a static method"
methods.12.outcome.report.diagnostics.1.provenance = null
methods.12.outcome.report.diagnostics.1.severity = "info"
methods.12.outcome.report.enum_switches = []
methods.12.outcome.report.evidence.categories.0.kind = "source_map"
methods.12.outcome.report.evidence.categories.0.state.state = "not_requested"
methods.12.outcome.report.evidence.categories.1.kind = "region_details"
methods.12.outcome.report.evidence.categories.1.state.state = "not_requested"
methods.12.outcome.report.evidence.categories.2.kind = "rule_details"
methods.12.outcome.report.evidence.categories.2.state.state = "not_requested"
methods.12.outcome.report.evidence.categories.3.kind = "name_details"
methods.12.outcome.report.evidence.categories.3.state.state = "not_requested"
methods.12.outcome.report.evidence.categories.4.kind = "read_details"
methods.12.outcome.report.evidence.categories.4.state.state = "not_requested"
methods.12.outcome.report.evidence.requested.driver_bci_range = null
methods.12.outcome.report.evidence.requested.expected_artifact = null
methods.12.outcome.report.evidence.requested.kinds = []
methods.12.outcome.report.execution.status = "complete"
methods.12.outcome.report.execution.usage.analysis_steps = 399
methods.12.outcome.report.execution.usage.archive_entries = 0
methods.12.outcome.report.execution.usage.attribute_bytes = 1477
methods.12.outcome.report.execution.usage.class_bytes = 2606
methods.12.outcome.report.execution.usage.class_headers = 1
methods.12.outcome.report.execution.usage.code_bytes = 61
methods.12.outcome.report.execution.usage.dependency_depth = 0
methods.12.outcome.report.execution.usage.elapsed_millis = 5
methods.12.outcome.report.execution.usage.entry_bytes = 0
methods.12.outcome.report.execution.usage.input_bytes = 1303
methods.12.outcome.report.execution.usage.ir_edges = 68
methods.12.outcome.report.execution.usage.ir_items = 1112
methods.12.outcome.report.execution.usage.method_bodies = 13
methods.12.outcome.report.execution.usage.nested_depth = 0
methods.12.outcome.report.execution.usage.normalization_clones = 0
methods.12.outcome.report.execution.usage.output_bytes = 3796
methods.12.outcome.report.execution.usage.read_bytes = 1303
methods.12.outcome.report.execution.usage.result_items = 59
methods.12.outcome.report.fallbacks = []
methods.12.outcome.report.fields = []
methods.12.outcome.report.init = null
methods.12.outcome.report.lambdas = []
methods.12.outcome.report.method = "xorBoolean(ZZ)Z"
methods.12.outcome.report.news = []
methods.12.outcome.report.outcome = "produced"
methods.12.outcome.report.profile.java_release = 8
methods.12.outcome.report.profile.layout.kind = "generic"
methods.12.outcome.report.profile.multi_release.kind = "disabled"
methods.12.outcome.report.quality = "structured"
methods.12.outcome.report.regions = []
methods.12.outcome.report.representation = "java"
methods.12.outcome.report.rules = []
methods.12.outcome.report.semantic_validation = "unproven"
methods.12.outcome.report.source_map.segments = []
methods.12.outcome.report.syntax_status = "unchecked"
methods.12.outcome.report.text = "// @method xorBoolean(ZZ)Z\n// @declaration a static method of `BitwiseProbe`, member flags 0x0009\n// recovered from bytecode; presentation is not claimed to compile\n{\n    return arg0 ^ arg1;\n}\n"
methods.12.outcome.report.verification = "not_performed"
methods.12.text = "    public static boolean xorBoolean(boolean arg0, boolean arg1) {\n        // @method xorBoolean(ZZ)Z\n        // @declaration a static method of `BitwiseProbe`, member flags 0x0009\n        // recovered from bytecode; presentation is not claimed to compile\n        return arg0 ^ arg1;\n    }\n"
methods.13.declaration = "public static boolean constant(boolean arg0)"
methods.13.item.access_flags = 9
methods.13.item.body.content_span.length = 16
methods.13.item.body.content_span.start = 939
methods.13.item.body.kind = "code_attribute"
methods.13.item.descriptor.escaped = "(Z)Z"
methods.13.item.descriptor.raw = [40,90,41,90]
methods.13.item.descriptor.utf16 = [40,90,41,90]
methods.13.item.identity.descriptor = [40,90,41,90]
methods.13.item.identity.name = [99,111,110,115,116,97,110,116]
methods.13.item.identity.owner.class_bytes.digest = "fc8b7c0376a0083afb699de841aa7a18a3b413c441049650a4e058d0f84e493b"
methods.13.item.identity.owner.class_bytes.length = 1303
methods.13.item.identity.owner.location.kind = "standalone_root"
methods.13.item.identity.owner.location.snapshot = "fc8b7c0376a0083afb699de841aa7a18a3b413c441049650a4e058d0f84e493b"
methods.13.item.identity.owner.variant.kind = "base"
methods.13.item.index = 13
methods.13.item.name.escaped = "constant"
methods.13.item.name.raw = [99,111,110,115,116,97,110,116]
methods.13.item.name.utf16 = [99,111,110,115,116,97,110,116]
methods.13.markers = []
methods.13.no_body_kind = null
methods.13.outcome.analysis.diagnostics = 0
methods.13.outcome.analysis.execution.status = "complete"
methods.13.outcome.analysis.execution.usage.analysis_steps = 423
methods.13.outcome.analysis.execution.usage.archive_entries = 0
methods.13.outcome.analysis.execution.usage.attribute_bytes = 1499
methods.13.outcome.analysis.execution.usage.class_bytes = 2606
methods.13.outcome.analysis.execution.usage.class_headers = 1
methods.13.outcome.analysis.execution.usage.code_bytes = 65
methods.13.outcome.analysis.execution.usage.dependency_depth = 0
methods.13.outcome.analysis.execution.usage.elapsed_millis = 6
methods.13.outcome.analysis.execution.usage.entry_bytes = 0
methods.13.outcome.analysis.execution.usage.input_bytes = 1303
methods.13.outcome.analysis.execution.usage.ir_edges = 72
methods.13.outcome.analysis.execution.usage.ir_items = 1173
methods.13.outcome.analysis.execution.usage.method_bodies = 14
methods.13.outcome.analysis.execution.usage.nested_depth = 0
methods.13.outcome.analysis.execution.usage.normalization_clones = 0
methods.13.outcome.analysis.execution.usage.output_bytes = 3796
methods.13.outcome.analysis.execution.usage.read_bytes = 1303
methods.13.outcome.analysis.execution.usage.result_items = 60
methods.13.outcome.kind = "recovered"
methods.13.outcome.report.accessors = []
methods.13.outcome.report.aliased_names = []
methods.13.outcome.report.artifact.agreement.state = "not_stated"
methods.13.outcome.report.artifact.binding.engine = "0.1.0"
methods.13.outcome.report.artifact.binding.environment.content = ["fc8b7c0376a0083afb699de841aa7a18a3b413c441049650a4e058d0f84e493b"]
methods.13.outcome.report.artifact.binding.environment.domain_loaders = ["app"]
methods.13.outcome.report.artifact.binding.environment.providers = []
methods.13.outcome.report.artifact.binding.environment.runtime.load_domain.delegation.kind = "parent_first"
methods.13.outcome.report.artifact.binding.environment.runtime.load_domain.external_override = "none"
methods.13.outcome.report.artifact.binding.environment.runtime.load_domain.loader = "app"
methods.13.outcome.report.artifact.binding.environment.runtime.load_domain.module_mode.kind = "class_path"
methods.13.outcome.report.artifact.binding.environment.runtime.load_domain.parent_loader = null
methods.13.outcome.report.artifact.binding.environment.runtime.load_domain.roots.0.kind = "standalone_class"
methods.13.outcome.report.artifact.binding.environment.runtime.load_domain.roots.0.snapshot = "fc8b7c0376a0083afb699de841aa7a18a3b413c441049650a4e058d0f84e493b"
methods.13.outcome.report.artifact.binding.environment.runtime.load_domain.runtime_transformation = "none"
methods.13.outcome.report.artifact.binding.environment.runtime.physical.scope.kind = "snapshot_all"
methods.13.outcome.report.artifact.binding.environment.runtime.physical.snapshot = "fc8b7c0376a0083afb699de841aa7a18a3b413c441049650a4e058d0f84e493b"
methods.13.outcome.report.artifact.binding.environment.runtime.profile.java_release = 8
methods.13.outcome.report.artifact.binding.environment.runtime.profile.layout.kind = "generic"
methods.13.outcome.report.artifact.binding.environment.runtime.profile.multi_release.kind = "disabled"
methods.13.outcome.report.artifact.binding.member_ordinal = 13
methods.13.outcome.report.artifact.binding.method.descriptor = [40,90,41,90]
methods.13.outcome.report.artifact.binding.method.name = [99,111,110,115,116,97,110,116]
methods.13.outcome.report.artifact.binding.method.owner.class_bytes.digest = "fc8b7c0376a0083afb699de841aa7a18a3b413c441049650a4e058d0f84e493b"
methods.13.outcome.report.artifact.binding.method.owner.class_bytes.length = 1303
methods.13.outcome.report.artifact.binding.method.owner.location.kind = "standalone_root"
methods.13.outcome.report.artifact.binding.method.owner.location.snapshot = "fc8b7c0376a0083afb699de841aa7a18a3b413c441049650a4e058d0f84e493b"
methods.13.outcome.report.artifact.binding.method.owner.variant.kind = "base"
methods.13.outcome.report.artifact.binding.profile.java_release = 8
methods.13.outcome.report.artifact.binding.profile.layout.kind = "generic"
methods.13.outcome.report.artifact.binding.profile.multi_release.kind = "disabled"
methods.13.outcome.report.artifact.binding.registry = 71
methods.13.outcome.report.artifact.binding.rules = ["straight@1","if@1","loop@1","switch@1","lambda@1","concat@1","bridge@1","accessor@1","new@1","field@1","enumswitch@1","init@1","declaration@1","twr@1","monitor@1"]
methods.13.outcome.report.artifact.binding.schema = 1
methods.13.outcome.report.artifact.binding.text_bytes = 190
methods.13.outcome.report.artifact.binding.text_digest = "4ca020b89e01aa6bcb5b4828c9b3e18d"
methods.13.outcome.report.bridges = []
methods.13.outcome.report.compile_status = "not_attempted"
methods.13.outcome.report.concats = []
methods.13.outcome.report.content = "contains_statements"
methods.13.outcome.report.declaration = null
methods.13.outcome.report.diagnostics.0.code = "jre_recovery_produced"
methods.13.outcome.report.diagnostics.0.message = "1 region(s), 1 statement(s), 4 segment(s), 190 byte(s) written from 1 canonical block(s)"
methods.13.outcome.report.diagnostics.0.provenance = null
methods.13.outcome.report.diagnostics.0.severity = "info"
methods.13.outcome.report.diagnostics.1.code = "jre_declaration"
methods.13.outcome.report.diagnostics.1.message = "the artifact's envelope states the member's declaration under declaration@1: a static method"
methods.13.outcome.report.diagnostics.1.provenance = null
methods.13.outcome.report.diagnostics.1.severity = "info"
methods.13.outcome.report.enum_switches = []
methods.13.outcome.report.evidence.categories.0.kind = "source_map"
methods.13.outcome.report.evidence.categories.0.state.state = "not_requested"
methods.13.outcome.report.evidence.categories.1.kind = "region_details"
methods.13.outcome.report.evidence.categories.1.state.state = "not_requested"
methods.13.outcome.report.evidence.categories.2.kind = "rule_details"
methods.13.outcome.report.evidence.categories.2.state.state = "not_requested"
methods.13.outcome.report.evidence.categories.3.kind = "name_details"
methods.13.outcome.report.evidence.categories.3.state.state = "not_requested"
methods.13.outcome.report.evidence.categories.4.kind = "read_details"
methods.13.outcome.report.evidence.categories.4.state.state = "not_requested"
methods.13.outcome.report.evidence.requested.driver_bci_range = null
methods.13.outcome.report.evidence.requested.expected_artifact = null
methods.13.outcome.report.evidence.requested.kinds = []
methods.13.outcome.report.execution.status = "complete"
methods.13.outcome.report.execution.usage.analysis_steps = 428
methods.13.outcome.report.execution.usage.archive_entries = 0
methods.13.outcome.report.execution.usage.attribute_bytes = 1499
methods.13.outcome.report.execution.usage.class_bytes = 2606
methods.13.outcome.report.execution.usage.class_headers = 1
methods.13.outcome.report.execution.usage.code_bytes = 65
methods.13.outcome.report.execution.usage.dependency_depth = 0
methods.13.outcome.report.execution.usage.elapsed_millis = 6
methods.13.outcome.report.execution.usage.entry_bytes = 0
methods.13.outcome.report.execution.usage.input_bytes = 1303
methods.13.outcome.report.execution.usage.ir_edges = 72
methods.13.outcome.report.execution.usage.ir_items = 1179
methods.13.outcome.report.execution.usage.method_bodies = 14
methods.13.outcome.report.execution.usage.nested_depth = 0
methods.13.outcome.report.execution.usage.normalization_clones = 0
methods.13.outcome.report.execution.usage.output_bytes = 3986
methods.13.outcome.report.execution.usage.read_bytes = 1303
methods.13.outcome.report.execution.usage.result_items = 60
methods.13.outcome.report.fallbacks = []
methods.13.outcome.report.fields = []
methods.13.outcome.report.init = null
methods.13.outcome.report.lambdas = []
methods.13.outcome.report.method = "constant(Z)Z"
methods.13.outcome.report.news = []
methods.13.outcome.report.outcome = "produced"
methods.13.outcome.report.profile.java_release = 8
methods.13.outcome.report.profile.layout.kind = "generic"
methods.13.outcome.report.profile.multi_release.kind = "disabled"
methods.13.outcome.report.quality = "structured"
methods.13.outcome.report.regions = []
methods.13.outcome.report.representation = "java"
methods.13.outcome.report.rules = []
methods.13.outcome.report.semantic_validation = "unproven"
methods.13.outcome.report.source_map.segments = []
methods.13.outcome.report.syntax_status = "unchecked"
methods.13.outcome.report.text = "// @method constant(Z)Z\n// @declaration a static method of `BitwiseProbe`, member flags 0x0009\n// recovered from bytecode; presentation is not claimed to compile\n{\n    return arg0 ^ true;\n}\n"
methods.13.outcome.report.verification = "not_performed"
methods.13.text = "    public static boolean constant(boolean arg0) {\n        // @method constant(Z)Z\n        // @declaration a static method of `BitwiseProbe`, member flags 0x0009\n        // recovered from bytecode; presentation is not claimed to compile\n        return arg0 ^ true;\n    }\n"
methods.14.declaration = "public static boolean ordered(boolean arg0, boolean arg1)"
methods.14.item.access_flags = 9
methods.14.item.body.content_span.length = 22
methods.14.item.body.content_span.start = 969
methods.14.item.body.kind = "code_attribute"
methods.14.item.descriptor.escaped = "(ZZ)Z"
methods.14.item.descriptor.raw = [40,90,90,41,90]
methods.14.item.descriptor.utf16 = [40,90,90,41,90]
methods.14.item.identity.descriptor = [40,90,90,41,90]
methods.14.item.identity.name = [111,114,100,101,114,101,100]
methods.14.item.identity.owner.class_bytes.digest = "fc8b7c0376a0083afb699de841aa7a18a3b413c441049650a4e058d0f84e493b"
methods.14.item.identity.owner.class_bytes.length = 1303
methods.14.item.identity.owner.location.kind = "standalone_root"
methods.14.item.identity.owner.location.snapshot = "fc8b7c0376a0083afb699de841aa7a18a3b413c441049650a4e058d0f84e493b"
methods.14.item.identity.owner.variant.kind = "base"
methods.14.item.index = 14
methods.14.item.name.escaped = "ordered"
methods.14.item.name.raw = [111,114,100,101,114,101,100]
methods.14.item.name.utf16 = [111,114,100,101,114,101,100]
methods.14.markers = []
methods.14.no_body_kind = null
methods.14.outcome.analysis.diagnostics = 0
methods.14.outcome.analysis.execution.status = "complete"
methods.14.outcome.analysis.execution.usage.analysis_steps = 462
methods.14.outcome.analysis.execution.usage.archive_entries = 0
methods.14.outcome.analysis.execution.usage.attribute_bytes = 1527
methods.14.outcome.analysis.execution.usage.class_bytes = 2606
methods.14.outcome.analysis.execution.usage.class_headers = 1
methods.14.outcome.analysis.execution.usage.code_bytes = 75
methods.14.outcome.analysis.execution.usage.dependency_depth = 0
methods.14.outcome.analysis.execution.usage.elapsed_millis = 6
methods.14.outcome.analysis.execution.usage.entry_bytes = 0
methods.14.outcome.analysis.execution.usage.input_bytes = 1303
methods.14.outcome.analysis.execution.usage.ir_edges = 79
methods.14.outcome.analysis.execution.usage.ir_items = 1281
methods.14.outcome.analysis.execution.usage.method_bodies = 15
methods.14.outcome.analysis.execution.usage.nested_depth = 0
methods.14.outcome.analysis.execution.usage.normalization_clones = 0
methods.14.outcome.analysis.execution.usage.output_bytes = 3986
methods.14.outcome.analysis.execution.usage.read_bytes = 1303
methods.14.outcome.analysis.execution.usage.result_items = 61
methods.14.outcome.kind = "recovered"
methods.14.outcome.report.accessors = []
methods.14.outcome.report.aliased_names = []
methods.14.outcome.report.artifact.agreement.state = "not_stated"
methods.14.outcome.report.artifact.binding.engine = "0.1.0"
methods.14.outcome.report.artifact.binding.environment.content = ["fc8b7c0376a0083afb699de841aa7a18a3b413c441049650a4e058d0f84e493b"]
methods.14.outcome.report.artifact.binding.environment.domain_loaders = ["app"]
methods.14.outcome.report.artifact.binding.environment.providers = []
methods.14.outcome.report.artifact.binding.environment.runtime.load_domain.delegation.kind = "parent_first"
methods.14.outcome.report.artifact.binding.environment.runtime.load_domain.external_override = "none"
methods.14.outcome.report.artifact.binding.environment.runtime.load_domain.loader = "app"
methods.14.outcome.report.artifact.binding.environment.runtime.load_domain.module_mode.kind = "class_path"
methods.14.outcome.report.artifact.binding.environment.runtime.load_domain.parent_loader = null
methods.14.outcome.report.artifact.binding.environment.runtime.load_domain.roots.0.kind = "standalone_class"
methods.14.outcome.report.artifact.binding.environment.runtime.load_domain.roots.0.snapshot = "fc8b7c0376a0083afb699de841aa7a18a3b413c441049650a4e058d0f84e493b"
methods.14.outcome.report.artifact.binding.environment.runtime.load_domain.runtime_transformation = "none"
methods.14.outcome.report.artifact.binding.environment.runtime.physical.scope.kind = "snapshot_all"
methods.14.outcome.report.artifact.binding.environment.runtime.physical.snapshot = "fc8b7c0376a0083afb699de841aa7a18a3b413c441049650a4e058d0f84e493b"
methods.14.outcome.report.artifact.binding.environment.runtime.profile.java_release = 8
methods.14.outcome.report.artifact.binding.environment.runtime.profile.layout.kind = "generic"
methods.14.outcome.report.artifact.binding.environment.runtime.profile.multi_release.kind = "disabled"
methods.14.outcome.report.artifact.binding.member_ordinal = 14
methods.14.outcome.report.artifact.binding.method.descriptor = [40,90,90,41,90]
methods.14.outcome.report.artifact.binding.method.name = [111,114,100,101,114,101,100]
methods.14.outcome.report.artifact.binding.method.owner.class_bytes.digest = "fc8b7c0376a0083afb699de841aa7a18a3b413c441049650a4e058d0f84e493b"
methods.14.outcome.report.artifact.binding.method.owner.class_bytes.length = 1303
methods.14.outcome.report.artifact.binding.method.owner.location.kind = "standalone_root"
methods.14.outcome.report.artifact.binding.method.owner.location.snapshot = "fc8b7c0376a0083afb699de841aa7a18a3b413c441049650a4e058d0f84e493b"
methods.14.outcome.report.artifact.binding.method.owner.variant.kind = "base"
methods.14.outcome.report.artifact.binding.profile.java_release = 8
methods.14.outcome.report.artifact.binding.profile.layout.kind = "generic"
methods.14.outcome.report.artifact.binding.profile.multi_release.kind = "disabled"
methods.14.outcome.report.artifact.binding.registry = 71
methods.14.outcome.report.artifact.binding.rules = ["straight@1","if@1","loop@1","switch@1","lambda@1","concat@1","bridge@1","accessor@1","new@1","field@1","enumswitch@1","init@1","declaration@1","twr@1","monitor@1"]
methods.14.outcome.report.artifact.binding.schema = 1
methods.14.outcome.report.artifact.binding.text_bytes = 233
methods.14.outcome.report.artifact.binding.text_digest = "633b16169c23e4e1928a362b3e6f6004"
methods.14.outcome.report.bridges = []
methods.14.outcome.report.compile_status = "not_attempted"
methods.14.outcome.report.concats = []
methods.14.outcome.report.content = "contains_statements"
methods.14.outcome.report.declaration = null
methods.14.outcome.report.diagnostics.0.code = "jre_recovery_produced"
methods.14.outcome.report.diagnostics.0.message = "1 region(s), 1 statement(s), 8 segment(s), 233 byte(s) written from 1 canonical block(s)"
methods.14.outcome.report.diagnostics.0.provenance = null
methods.14.outcome.report.diagnostics.0.severity = "info"
methods.14.outcome.report.diagnostics.1.code = "jre_declaration"
methods.14.outcome.report.diagnostics.1.message = "the artifact's envelope states the member's declaration under declaration@1: a static method"
methods.14.outcome.report.diagnostics.1.provenance = null
methods.14.outcome.report.diagnostics.1.severity = "info"
methods.14.outcome.report.enum_switches = []
methods.14.outcome.report.evidence.categories.0.kind = "source_map"
methods.14.outcome.report.evidence.categories.0.state.state = "not_requested"
methods.14.outcome.report.evidence.categories.1.kind = "region_details"
methods.14.outcome.report.evidence.categories.1.state.state = "not_requested"
methods.14.outcome.report.evidence.categories.2.kind = "rule_details"
methods.14.outcome.report.evidence.categories.2.state.state = "not_requested"
methods.14.outcome.report.evidence.categories.3.kind = "name_details"
methods.14.outcome.report.evidence.categories.3.state.state = "not_requested"
methods.14.outcome.report.evidence.categories.4.kind = "read_details"
methods.14.outcome.report.evidence.categories.4.state.state = "not_requested"
methods.14.outcome.report.evidence.requested.driver_bci_range = null
methods.14.outcome.report.evidence.requested.expected_artifact = null
methods.14.outcome.report.evidence.requested.kinds = []
methods.14.outcome.report.execution.status = "complete"
methods.14.outcome.report.execution.usage.analysis_steps = 467
methods.14.outcome.report.execution.usage.archive_entries = 0
methods.14.outcome.report.execution.usage.attribute_bytes = 1527
methods.14.outcome.report.execution.usage.class_bytes = 2606
methods.14.outcome.report.execution.usage.class_headers = 1
methods.14.outcome.report.execution.usage.code_bytes = 75
methods.14.outcome.report.execution.usage.dependency_depth = 0
methods.14.outcome.report.execution.usage.elapsed_millis = 6
methods.14.outcome.report.execution.usage.entry_bytes = 0
methods.14.outcome.report.execution.usage.input_bytes = 1303
methods.14.outcome.report.execution.usage.ir_edges = 79
methods.14.outcome.report.execution.usage.ir_items = 1312
methods.14.outcome.report.execution.usage.method_bodies = 15
methods.14.outcome.report.execution.usage.nested_depth = 0
methods.14.outcome.report.execution.usage.normalization_clones = 0
methods.14.outcome.report.execution.usage.output_bytes = 4219
methods.14.outcome.report.execution.usage.read_bytes = 1303
methods.14.outcome.report.execution.usage.result_items = 61
methods.14.outcome.report.fallbacks = []
methods.14.outcome.report.fields = []
methods.14.outcome.report.init = null
methods.14.outcome.report.lambdas = []
methods.14.outcome.report.method = "ordered(ZZ)Z"
methods.14.outcome.report.news = []
methods.14.outcome.report.outcome = "produced"
methods.14.outcome.report.profile.java_release = 8
methods.14.outcome.report.profile.layout.kind = "generic"
methods.14.outcome.report.profile.multi_release.kind = "disabled"
methods.14.outcome.report.quality = "structured"
methods.14.outcome.report.regions = []
methods.14.outcome.report.representation = "java"
methods.14.outcome.report.rules = []
methods.14.outcome.report.semantic_validation = "unproven"
methods.14.outcome.report.source_map.segments = []
methods.14.outcome.report.syntax_status = "unchecked"
methods.14.outcome.report.text = "// @method ordered(ZZ)Z\n// @declaration a static method of `BitwiseProbe`, member flags 0x0009\n// recovered from bytecode; presentation is not claimed to compile\n{\n    return BitwiseEffects.left(arg0) & BitwiseEffects.right(arg1);\n}\n"
methods.14.outcome.report.verification = "not_performed"
methods.14.text = "    public static boolean ordered(boolean arg0, boolean arg1) {\n        // @method ordered(ZZ)Z\n        // @declaration a static method of `BitwiseProbe`, member flags 0x0009\n        // recovered from bytecode; presentation is not claimed to compile\n        return BitwiseEffects.left(arg0) & BitwiseEffects.right(arg1);\n    }\n"
methods.15.declaration = "public static int branch(boolean arg0, boolean arg1)"
methods.15.item.access_flags = 9
methods.15.item.body.content_span.length = 33
methods.15.item.body.content_span.start = 1005
methods.15.item.body.kind = "code_attribute"
methods.15.item.descriptor.escaped = "(ZZ)I"
methods.15.item.descriptor.raw = [40,90,90,41,73]
methods.15.item.descriptor.utf16 = [40,90,90,41,73]
methods.15.item.identity.descriptor = [40,90,90,41,73]
methods.15.item.identity.name = [98,114,97,110,99,104]
methods.15.item.identity.owner.class_bytes.digest = "fc8b7c0376a0083afb699de841aa7a18a3b413c441049650a4e058d0f84e493b"
methods.15.item.identity.owner.class_bytes.length = 1303
methods.15.item.identity.owner.location.kind = "standalone_root"
methods.15.item.identity.owner.location.snapshot = "fc8b7c0376a0083afb699de841aa7a18a3b413c441049650a4e058d0f84e493b"
methods.15.item.identity.owner.variant.kind = "base"
methods.15.item.index = 15
methods.15.item.name.escaped = "branch"
methods.15.item.name.raw = [98,114,97,110,99,104]
methods.15.item.name.utf16 = [98,114,97,110,99,104]
methods.15.markers = []
methods.15.no_body_kind = null
methods.15.outcome.analysis.diagnostics = 0
methods.15.outcome.analysis.execution.status = "complete"
methods.15.outcome.analysis.execution.usage.analysis_steps = 529
methods.15.outcome.analysis.execution.usage.archive_entries = 0
methods.15.outcome.analysis.execution.usage.attribute_bytes = 1566
methods.15.outcome.analysis.execution.usage.class_bytes = 2606
methods.15.outcome.analysis.execution.usage.class_headers = 1
methods.15.outcome.analysis.execution.usage.code_bytes = 87
methods.15.outcome.analysis.execution.usage.dependency_depth = 0
methods.15.outcome.analysis.execution.usage.elapsed_millis = 6
methods.15.outcome.analysis.execution.usage.entry_bytes = 0
methods.15.outcome.analysis.execution.usage.input_bytes = 1303
methods.15.outcome.analysis.execution.usage.ir_edges = 92
methods.15.outcome.analysis.execution.usage.ir_items = 1470
methods.15.outcome.analysis.execution.usage.method_bodies = 16
methods.15.outcome.analysis.execution.usage.nested_depth = 0
methods.15.outcome.analysis.execution.usage.normalization_clones = 0
methods.15.outcome.analysis.execution.usage.output_bytes = 4219
methods.15.outcome.analysis.execution.usage.read_bytes = 1303
methods.15.outcome.analysis.execution.usage.result_items = 62
methods.15.outcome.kind = "recovered"
methods.15.outcome.report.accessors = []
methods.15.outcome.report.aliased_names = []
methods.15.outcome.report.artifact.agreement.state = "not_stated"
methods.15.outcome.report.artifact.binding.engine = "0.1.0"
methods.15.outcome.report.artifact.binding.environment.content = ["fc8b7c0376a0083afb699de841aa7a18a3b413c441049650a4e058d0f84e493b"]
methods.15.outcome.report.artifact.binding.environment.domain_loaders = ["app"]
methods.15.outcome.report.artifact.binding.environment.providers = []
methods.15.outcome.report.artifact.binding.environment.runtime.load_domain.delegation.kind = "parent_first"
methods.15.outcome.report.artifact.binding.environment.runtime.load_domain.external_override = "none"
methods.15.outcome.report.artifact.binding.environment.runtime.load_domain.loader = "app"
methods.15.outcome.report.artifact.binding.environment.runtime.load_domain.module_mode.kind = "class_path"
methods.15.outcome.report.artifact.binding.environment.runtime.load_domain.parent_loader = null
methods.15.outcome.report.artifact.binding.environment.runtime.load_domain.roots.0.kind = "standalone_class"
methods.15.outcome.report.artifact.binding.environment.runtime.load_domain.roots.0.snapshot = "fc8b7c0376a0083afb699de841aa7a18a3b413c441049650a4e058d0f84e493b"
methods.15.outcome.report.artifact.binding.environment.runtime.load_domain.runtime_transformation = "none"
methods.15.outcome.report.artifact.binding.environment.runtime.physical.scope.kind = "snapshot_all"
methods.15.outcome.report.artifact.binding.environment.runtime.physical.snapshot = "fc8b7c0376a0083afb699de841aa7a18a3b413c441049650a4e058d0f84e493b"
methods.15.outcome.report.artifact.binding.environment.runtime.profile.java_release = 8
methods.15.outcome.report.artifact.binding.environment.runtime.profile.layout.kind = "generic"
methods.15.outcome.report.artifact.binding.environment.runtime.profile.multi_release.kind = "disabled"
methods.15.outcome.report.artifact.binding.member_ordinal = 15
methods.15.outcome.report.artifact.binding.method.descriptor = [40,90,90,41,73]
methods.15.outcome.report.artifact.binding.method.name = [98,114,97,110,99,104]
methods.15.outcome.report.artifact.binding.method.owner.class_bytes.digest = "fc8b7c0376a0083afb699de841aa7a18a3b413c441049650a4e058d0f84e493b"
methods.15.outcome.report.artifact.binding.method.owner.class_bytes.length = 1303
methods.15.outcome.report.artifact.binding.method.owner.location.kind = "standalone_root"
methods.15.outcome.report.artifact.binding.method.owner.location.snapshot = "fc8b7c0376a0083afb699de841aa7a18a3b413c441049650a4e058d0f84e493b"
methods.15.outcome.report.artifact.binding.method.owner.variant.kind = "base"
methods.15.outcome.report.artifact.binding.profile.java_release = 8
methods.15.outcome.report.artifact.binding.profile.layout.kind = "generic"
methods.15.outcome.report.artifact.binding.profile.multi_release.kind = "disabled"
methods.15.outcome.report.artifact.binding.registry = 71
methods.15.outcome.report.artifact.binding.rules = ["straight@1","if@1","loop@1","switch@1","lambda@1","concat@1","bridge@1","accessor@1","new@1","field@1","enumswitch@1","init@1","declaration@1","twr@1","monitor@1"]
methods.15.outcome.report.artifact.binding.schema = 1
methods.15.outcome.report.artifact.binding.text_bytes = 243
methods.15.outcome.report.artifact.binding.text_digest = "460f81663814343e140b74539c768c7f"
methods.15.outcome.report.bridges = []
methods.15.outcome.report.compile_status = "not_attempted"
methods.15.outcome.report.concats = []
methods.15.outcome.report.content = "contains_statements"
methods.15.outcome.report.declaration = null
methods.15.outcome.report.diagnostics.0.code = "jre_recovery_produced"
methods.15.outcome.report.diagnostics.0.message = "1 region(s), 3 statement(s), 8 segment(s), 243 byte(s) written from 3 canonical block(s)"
methods.15.outcome.report.diagnostics.0.provenance = null
methods.15.outcome.report.diagnostics.0.severity = "info"
methods.15.outcome.report.diagnostics.1.code = "jre_declaration"
methods.15.outcome.report.diagnostics.1.message = "the artifact's envelope states the member's declaration under declaration@1: a static method"
methods.15.outcome.report.diagnostics.1.provenance = null
methods.15.outcome.report.diagnostics.1.severity = "info"
methods.15.outcome.report.enum_switches = []
methods.15.outcome.report.evidence.categories.0.kind = "source_map"
methods.15.outcome.report.evidence.categories.0.state.state = "not_requested"
methods.15.outcome.report.evidence.categories.1.kind = "region_details"
methods.15.outcome.report.evidence.categories.1.state.state = "not_requested"
methods.15.outcome.report.evidence.categories.2.kind = "rule_details"
methods.15.outcome.report.evidence.categories.2.state.state = "not_requested"
methods.15.outcome.report.evidence.categories.3.kind = "name_details"
methods.15.outcome.report.evidence.categories.3.state.state = "not_requested"
methods.15.outcome.report.evidence.categories.4.kind = "read_details"
methods.15.outcome.report.evidence.categories.4.state.state = "not_requested"
methods.15.outcome.report.evidence.requested.driver_bci_range = null
methods.15.outcome.report.evidence.requested.expected_artifact = null
methods.15.outcome.report.evidence.requested.kinds = []
methods.15.outcome.report.execution.status = "complete"
methods.15.outcome.report.execution.usage.analysis_steps = 544
methods.15.outcome.report.execution.usage.archive_entries = 0
methods.15.outcome.report.execution.usage.attribute_bytes = 1566
methods.15.outcome.report.execution.usage.class_bytes = 2606
methods.15.outcome.report.execution.usage.class_headers = 1
methods.15.outcome.report.execution.usage.code_bytes = 87
methods.15.outcome.report.execution.usage.dependency_depth = 0
methods.15.outcome.report.execution.usage.elapsed_millis = 6
methods.15.outcome.report.execution.usage.entry_bytes = 0
methods.15.outcome.report.execution.usage.input_bytes = 1303
methods.15.outcome.report.execution.usage.ir_edges = 94
methods.15.outcome.report.execution.usage.ir_items = 1483
methods.15.outcome.report.execution.usage.method_bodies = 16
methods.15.outcome.report.execution.usage.nested_depth = 0
methods.15.outcome.report.execution.usage.normalization_clones = 0
methods.15.outcome.report.execution.usage.output_bytes = 4462
methods.15.outcome.report.execution.usage.read_bytes = 1303
methods.15.outcome.report.execution.usage.result_items = 62
methods.15.outcome.report.fallbacks = []
methods.15.outcome.report.fields = []
methods.15.outcome.report.init = null
methods.15.outcome.report.lambdas = []
methods.15.outcome.report.method = "branch(ZZ)I"
methods.15.outcome.report.news = []
methods.15.outcome.report.outcome = "produced"
methods.15.outcome.report.profile.java_release = 8
methods.15.outcome.report.profile.layout.kind = "generic"
methods.15.outcome.report.profile.multi_release.kind = "disabled"
methods.15.outcome.report.quality = "structured"
methods.15.outcome.report.regions = []
methods.15.outcome.report.representation = "java"
methods.15.outcome.report.rules = []
methods.15.outcome.report.semantic_validation = "unproven"
methods.15.outcome.report.source_map.segments = []
methods.15.outcome.report.syntax_status = "unchecked"
methods.15.outcome.report.text = "// @method branch(ZZ)I\n// @declaration a static method of `BitwiseProbe`, member flags 0x0009\n// recovered from bytecode; presentation is not claimed to compile\n{\n    if (arg0 | arg1) {\n        return 7;\n    } else {\n        return 9;\n    }\n}\n"
methods.15.outcome.report.verification = "not_performed"
methods.15.text = "    public static int branch(boolean arg0, boolean arg1) {\n        // @method branch(ZZ)I\n        // @declaration a static method of `BitwiseProbe`, member flags 0x0009\n        // recovered from bytecode; presentation is not claimed to compile\n        if (arg0 | arg1) {\n            return 7;\n        } else {\n            return 9;\n        }\n    }\n"
methods.16.declaration = "public static boolean nested(boolean arg0, boolean arg1, boolean arg2)"
methods.16.item.access_flags = 9
methods.16.item.body.content_span.length = 20
methods.16.item.body.content_span.start = 1052
methods.16.item.body.kind = "code_attribute"
methods.16.item.descriptor.escaped = "(ZZZ)Z"
methods.16.item.descriptor.raw = [40,90,90,90,41,90]
methods.16.item.descriptor.utf16 = [40,90,90,90,41,90]
methods.16.item.identity.descriptor = [40,90,90,90,41,90]
methods.16.item.identity.name = [110,101,115,116,101,100]
methods.16.item.identity.owner.class_bytes.digest = "fc8b7c0376a0083afb699de841aa7a18a3b413c441049650a4e058d0f84e493b"
methods.16.item.identity.owner.class_bytes.length = 1303
methods.16.item.identity.owner.location.kind = "standalone_root"
methods.16.item.identity.owner.location.snapshot = "fc8b7c0376a0083afb699de841aa7a18a3b413c441049650a4e058d0f84e493b"
methods.16.item.identity.owner.variant.kind = "base"
methods.16.item.index = 16
methods.16.item.name.escaped = "nested"
methods.16.item.name.raw = [110,101,115,116,101,100]
methods.16.item.name.utf16 = [110,101,115,116,101,100]
methods.16.markers = []
methods.16.no_body_kind = null
methods.16.outcome.analysis.diagnostics = 0
methods.16.outcome.analysis.execution.status = "complete"
methods.16.outcome.analysis.execution.usage.analysis_steps = 584
methods.16.outcome.analysis.execution.usage.archive_entries = 0
methods.16.outcome.analysis.execution.usage.attribute_bytes = 1592
methods.16.outcome.analysis.execution.usage.class_bytes = 2606
methods.16.outcome.analysis.execution.usage.class_headers = 1
methods.16.outcome.analysis.execution.usage.code_bytes = 95
methods.16.outcome.analysis.execution.usage.dependency_depth = 0
methods.16.outcome.analysis.execution.usage.elapsed_millis = 6
methods.16.outcome.analysis.execution.usage.entry_bytes = 0
methods.16.outcome.analysis.execution.usage.input_bytes = 1303
methods.16.outcome.analysis.execution.usage.ir_edges = 104
methods.16.outcome.analysis.execution.usage.ir_items = 1618
methods.16.outcome.analysis.execution.usage.method_bodies = 17
methods.16.outcome.analysis.execution.usage.nested_depth = 0
methods.16.outcome.analysis.execution.usage.normalization_clones = 0
methods.16.outcome.analysis.execution.usage.output_bytes = 4462
methods.16.outcome.analysis.execution.usage.read_bytes = 1303
methods.16.outcome.analysis.execution.usage.result_items = 63
methods.16.outcome.kind = "recovered"
methods.16.outcome.report.accessors = []
methods.16.outcome.report.aliased_names = []
methods.16.outcome.report.artifact.agreement.state = "not_stated"
methods.16.outcome.report.artifact.binding.engine = "0.1.0"
methods.16.outcome.report.artifact.binding.environment.content = ["fc8b7c0376a0083afb699de841aa7a18a3b413c441049650a4e058d0f84e493b"]
methods.16.outcome.report.artifact.binding.environment.domain_loaders = ["app"]
methods.16.outcome.report.artifact.binding.environment.providers = []
methods.16.outcome.report.artifact.binding.environment.runtime.load_domain.delegation.kind = "parent_first"
methods.16.outcome.report.artifact.binding.environment.runtime.load_domain.external_override = "none"
methods.16.outcome.report.artifact.binding.environment.runtime.load_domain.loader = "app"
methods.16.outcome.report.artifact.binding.environment.runtime.load_domain.module_mode.kind = "class_path"
methods.16.outcome.report.artifact.binding.environment.runtime.load_domain.parent_loader = null
methods.16.outcome.report.artifact.binding.environment.runtime.load_domain.roots.0.kind = "standalone_class"
methods.16.outcome.report.artifact.binding.environment.runtime.load_domain.roots.0.snapshot = "fc8b7c0376a0083afb699de841aa7a18a3b413c441049650a4e058d0f84e493b"
methods.16.outcome.report.artifact.binding.environment.runtime.load_domain.runtime_transformation = "none"
methods.16.outcome.report.artifact.binding.environment.runtime.physical.scope.kind = "snapshot_all"
methods.16.outcome.report.artifact.binding.environment.runtime.physical.snapshot = "fc8b7c0376a0083afb699de841aa7a18a3b413c441049650a4e058d0f84e493b"
methods.16.outcome.report.artifact.binding.environment.runtime.profile.java_release = 8
methods.16.outcome.report.artifact.binding.environment.runtime.profile.layout.kind = "generic"
methods.16.outcome.report.artifact.binding.environment.runtime.profile.multi_release.kind = "disabled"
methods.16.outcome.report.artifact.binding.member_ordinal = 16
methods.16.outcome.report.artifact.binding.method.descriptor = [40,90,90,90,41,90]
methods.16.outcome.report.artifact.binding.method.name = [110,101,115,116,101,100]
methods.16.outcome.report.artifact.binding.method.owner.class_bytes.digest = "fc8b7c0376a0083afb699de841aa7a18a3b413c441049650a4e058d0f84e493b"
methods.16.outcome.report.artifact.binding.method.owner.class_bytes.length = 1303
methods.16.outcome.report.artifact.binding.method.owner.location.kind = "standalone_root"
methods.16.outcome.report.artifact.binding.method.owner.location.snapshot = "fc8b7c0376a0083afb699de841aa7a18a3b413c441049650a4e058d0f84e493b"
methods.16.outcome.report.artifact.binding.method.owner.variant.kind = "base"
methods.16.outcome.report.artifact.binding.profile.java_release = 8
methods.16.outcome.report.artifact.binding.profile.layout.kind = "generic"
methods.16.outcome.report.artifact.binding.profile.multi_release.kind = "disabled"
methods.16.outcome.report.artifact.binding.registry = 71
methods.16.outcome.report.artifact.binding.rules = ["straight@1","if@1","loop@1","switch@1","lambda@1","concat@1","bridge@1","accessor@1","new@1","field@1","enumswitch@1","init@1","declaration@1","twr@1","monitor@1"]
methods.16.outcome.report.artifact.binding.schema = 1
methods.16.outcome.report.artifact.binding.text_bytes = 208
methods.16.outcome.report.artifact.binding.text_digest = "8a08ac74bd4fe96c22553cbc39cd8803"
methods.16.outcome.report.bridges = []
methods.16.outcome.report.compile_status = "not_attempted"
methods.16.outcome.report.concats = []
methods.16.outcome.report.content = "contains_statements"
methods.16.outcome.report.declaration = null
methods.16.outcome.report.diagnostics.0.code = "jre_recovery_produced"
methods.16.outcome.report.diagnostics.0.message = "1 region(s), 1 statement(s), 8 segment(s), 208 byte(s) written from 1 canonical block(s)"
methods.16.outcome.report.diagnostics.0.provenance = null
methods.16.outcome.report.diagnostics.0.severity = "info"
methods.16.outcome.report.diagnostics.1.code = "jre_declaration"
methods.16.outcome.report.diagnostics.1.message = "the artifact's envelope states the member's declaration under declaration@1: a static method"
methods.16.outcome.report.diagnostics.1.provenance = null
methods.16.outcome.report.diagnostics.1.severity = "info"
methods.16.outcome.report.enum_switches = []
methods.16.outcome.report.evidence.categories.0.kind = "source_map"
methods.16.outcome.report.evidence.categories.0.state.state = "not_requested"
methods.16.outcome.report.evidence.categories.1.kind = "region_details"
methods.16.outcome.report.evidence.categories.1.state.state = "not_requested"
methods.16.outcome.report.evidence.categories.2.kind = "rule_details"
methods.16.outcome.report.evidence.categories.2.state.state = "not_requested"
methods.16.outcome.report.evidence.categories.3.kind = "name_details"
methods.16.outcome.report.evidence.categories.3.state.state = "not_requested"
methods.16.outcome.report.evidence.categories.4.kind = "read_details"
methods.16.outcome.report.evidence.categories.4.state.state = "not_requested"
methods.16.outcome.report.evidence.requested.driver_bci_range = null
methods.16.outcome.report.evidence.requested.expected_artifact = null
methods.16.outcome.report.evidence.requested.kinds = []
methods.16.outcome.report.execution.status = "complete"
methods.16.outcome.report.execution.usage.analysis_steps = 589
methods.16.outcome.report.execution.usage.archive_entries = 0
methods.16.outcome.report.execution.usage.attribute_bytes = 1592
methods.16.outcome.report.execution.usage.class_bytes = 2606
methods.16.outcome.report.execution.usage.class_headers = 1
methods.16.outcome.report.execution.usage.code_bytes = 95
methods.16.outcome.report.execution.usage.dependency_depth = 0
methods.16.outcome.report.execution.usage.elapsed_millis = 6
methods.16.outcome.report.execution.usage.entry_bytes = 0
methods.16.outcome.report.execution.usage.input_bytes = 1303
methods.16.outcome.report.execution.usage.ir_edges = 104
methods.16.outcome.report.execution.usage.ir_items = 1630
methods.16.outcome.report.execution.usage.method_bodies = 17
methods.16.outcome.report.execution.usage.nested_depth = 0
methods.16.outcome.report.execution.usage.normalization_clones = 0
methods.16.outcome.report.execution.usage.output_bytes = 4670
methods.16.outcome.report.execution.usage.read_bytes = 1303
methods.16.outcome.report.execution.usage.result_items = 63
methods.16.outcome.report.fallbacks = []
methods.16.outcome.report.fields = []
methods.16.outcome.report.init = null
methods.16.outcome.report.lambdas = []
methods.16.outcome.report.method = "nested(ZZZ)Z"
methods.16.outcome.report.news = []
methods.16.outcome.report.outcome = "produced"
methods.16.outcome.report.profile.java_release = 8
methods.16.outcome.report.profile.layout.kind = "generic"
methods.16.outcome.report.profile.multi_release.kind = "disabled"
methods.16.outcome.report.quality = "structured"
methods.16.outcome.report.regions = []
methods.16.outcome.report.representation = "java"
methods.16.outcome.report.rules = []
methods.16.outcome.report.semantic_validation = "unproven"
methods.16.outcome.report.source_map.segments = []
methods.16.outcome.report.syntax_status = "unchecked"
methods.16.outcome.report.text = "// @method nested(ZZZ)Z\n// @declaration a static method of `BitwiseProbe`, member flags 0x0009\n// recovered from bytecode; presentation is not claimed to compile\n{\n    return arg0 & (arg1 ^ (arg2 | true));\n}\n"
methods.16.outcome.report.verification = "not_performed"
methods.16.text = "    public static boolean nested(boolean arg0, boolean arg1, boolean arg2) {\n        // @method nested(ZZZ)Z\n        // @declaration a static method of `BitwiseProbe`, member flags 0x0009\n        // recovered from bytecode; presentation is not claimed to compile\n        return arg0 & (arg1 ^ (arg2 | true));\n    }\n"
methods.17.declaration = "public static boolean copied(boolean arg0, boolean arg1, boolean arg2)"
methods.17.item.access_flags = 9
methods.17.item.body.content_span.length = 28
methods.17.item.body.content_span.start = 1086
methods.17.item.body.kind = "code_attribute"
methods.17.item.descriptor.escaped = "(ZZZ)Z"
methods.17.item.descriptor.raw = [40,90,90,90,41,90]
methods.17.item.descriptor.utf16 = [40,90,90,90,41,90]
methods.17.item.identity.descriptor = [40,90,90,90,41,90]
methods.17.item.identity.name = [99,111,112,105,101,100]
methods.17.item.identity.owner.class_bytes.digest = "fc8b7c0376a0083afb699de841aa7a18a3b413c441049650a4e058d0f84e493b"
methods.17.item.identity.owner.class_bytes.length = 1303
methods.17.item.identity.owner.location.kind = "standalone_root"
methods.17.item.identity.owner.location.snapshot = "fc8b7c0376a0083afb699de841aa7a18a3b413c441049650a4e058d0f84e493b"
methods.17.item.identity.owner.variant.kind = "base"
methods.17.item.index = 17
methods.17.item.name.escaped = "copied"
methods.17.item.name.raw = [99,111,112,105,101,100]
methods.17.item.name.utf16 = [99,111,112,105,101,100]
methods.17.markers = []
methods.17.no_body_kind = null
methods.17.outcome.analysis.diagnostics = 0
methods.17.outcome.analysis.execution.status = "complete"
methods.17.outcome.analysis.execution.usage.analysis_steps = 645
methods.17.outcome.analysis.execution.usage.archive_entries = 0
methods.17.outcome.analysis.execution.usage.attribute_bytes = 1626
methods.17.outcome.analysis.execution.usage.class_bytes = 2606
methods.17.outcome.analysis.execution.usage.class_headers = 1
methods.17.outcome.analysis.execution.usage.code_bytes = 111
methods.17.outcome.analysis.execution.usage.dependency_depth = 0
methods.17.outcome.analysis.execution.usage.elapsed_millis = 6
methods.17.outcome.analysis.execution.usage.entry_bytes = 0
methods.17.outcome.analysis.execution.usage.input_bytes = 1303
methods.17.outcome.analysis.execution.usage.ir_edges = 118
methods.17.outcome.analysis.execution.usage.ir_items = 1831
methods.17.outcome.analysis.execution.usage.method_bodies = 18
methods.17.outcome.analysis.execution.usage.nested_depth = 0
methods.17.outcome.analysis.execution.usage.normalization_clones = 0
methods.17.outcome.analysis.execution.usage.output_bytes = 4670
methods.17.outcome.analysis.execution.usage.read_bytes = 1303
methods.17.outcome.analysis.execution.usage.result_items = 64
methods.17.outcome.kind = "recovered"
methods.17.outcome.report.accessors = []
methods.17.outcome.report.aliased_names = []
methods.17.outcome.report.artifact.agreement.state = "not_stated"
methods.17.outcome.report.artifact.binding.engine = "0.1.0"
methods.17.outcome.report.artifact.binding.environment.content = ["fc8b7c0376a0083afb699de841aa7a18a3b413c441049650a4e058d0f84e493b"]
methods.17.outcome.report.artifact.binding.environment.domain_loaders = ["app"]
methods.17.outcome.report.artifact.binding.environment.providers = []
methods.17.outcome.report.artifact.binding.environment.runtime.load_domain.delegation.kind = "parent_first"
methods.17.outcome.report.artifact.binding.environment.runtime.load_domain.external_override = "none"
methods.17.outcome.report.artifact.binding.environment.runtime.load_domain.loader = "app"
methods.17.outcome.report.artifact.binding.environment.runtime.load_domain.module_mode.kind = "class_path"
methods.17.outcome.report.artifact.binding.environment.runtime.load_domain.parent_loader = null
methods.17.outcome.report.artifact.binding.environment.runtime.load_domain.roots.0.kind = "standalone_class"
methods.17.outcome.report.artifact.binding.environment.runtime.load_domain.roots.0.snapshot = "fc8b7c0376a0083afb699de841aa7a18a3b413c441049650a4e058d0f84e493b"
methods.17.outcome.report.artifact.binding.environment.runtime.load_domain.runtime_transformation = "none"
methods.17.outcome.report.artifact.binding.environment.runtime.physical.scope.kind = "snapshot_all"
methods.17.outcome.report.artifact.binding.environment.runtime.physical.snapshot = "fc8b7c0376a0083afb699de841aa7a18a3b413c441049650a4e058d0f84e493b"
methods.17.outcome.report.artifact.binding.environment.runtime.profile.java_release = 8
methods.17.outcome.report.artifact.binding.environment.runtime.profile.layout.kind = "generic"
methods.17.outcome.report.artifact.binding.environment.runtime.profile.multi_release.kind = "disabled"
methods.17.outcome.report.artifact.binding.member_ordinal = 17
methods.17.outcome.report.artifact.binding.method.descriptor = [40,90,90,90,41,90]
methods.17.outcome.report.artifact.binding.method.name = [99,111,112,105,101,100]
methods.17.outcome.report.artifact.binding.method.owner.class_bytes.digest = "fc8b7c0376a0083afb699de841aa7a18a3b413c441049650a4e058d0f84e493b"
methods.17.outcome.report.artifact.binding.method.owner.class_bytes.length = 1303
methods.17.outcome.report.artifact.binding.method.owner.location.kind = "standalone_root"
methods.17.outcome.report.artifact.binding.method.owner.location.snapshot = "fc8b7c0376a0083afb699de841aa7a18a3b413c441049650a4e058d0f84e493b"
methods.17.outcome.report.artifact.binding.method.owner.variant.kind = "base"
methods.17.outcome.report.artifact.binding.profile.java_release = 8
methods.17.outcome.report.artifact.binding.profile.layout.kind = "generic"
methods.17.outcome.report.artifact.binding.profile.multi_release.kind = "disabled"
methods.17.outcome.report.artifact.binding.registry = 71
methods.17.outcome.report.artifact.binding.rules = ["straight@1","if@1","loop@1","switch@1","lambda@1","concat@1","bridge@1","accessor@1","new@1","field@1","enumswitch@1","init@1","declaration@1","twr@1","monitor@1"]
methods.17.outcome.report.artifact.binding.schema = 1
methods.17.outcome.report.artifact.binding.text_bytes = 284
methods.17.outcome.report.artifact.binding.text_digest = "c2ccf75696d4fc3ac9627e763d4c3318"
methods.17.outcome.report.bridges = []
methods.17.outcome.report.compile_status = "not_attempted"
methods.17.outcome.report.concats = []
methods.17.outcome.report.content = "contains_statements"
methods.17.outcome.report.declaration = null
methods.17.outcome.report.diagnostics.0.code = "jre_recovery_produced"
methods.17.outcome.report.diagnostics.0.message = "1 region(s), 4 statement(s), 12 segment(s), 284 byte(s) written from 1 canonical block(s)"
methods.17.outcome.report.diagnostics.0.provenance = null
methods.17.outcome.report.diagnostics.0.severity = "info"
methods.17.outcome.report.diagnostics.1.code = "jre_declaration"
methods.17.outcome.report.diagnostics.1.message = "the artifact's envelope states the member's declaration under declaration@1: a static method"
methods.17.outcome.report.diagnostics.1.provenance = null
methods.17.outcome.report.diagnostics.1.severity = "info"
methods.17.outcome.report.enum_switches = []
methods.17.outcome.report.evidence.categories.0.kind = "source_map"
methods.17.outcome.report.evidence.categories.0.state.state = "not_requested"
methods.17.outcome.report.evidence.categories.1.kind = "region_details"
methods.17.outcome.report.evidence.categories.1.state.state = "not_requested"
methods.17.outcome.report.evidence.categories.2.kind = "rule_details"
methods.17.outcome.report.evidence.categories.2.state.state = "not_requested"
methods.17.outcome.report.evidence.categories.3.kind = "name_details"
methods.17.outcome.report.evidence.categories.3.state.state = "not_requested"
methods.17.outcome.report.evidence.categories.4.kind = "read_details"
methods.17.outcome.report.evidence.categories.4.state.state = "not_requested"
methods.17.outcome.report.evidence.requested.driver_bci_range = null
methods.17.outcome.report.evidence.requested.expected_artifact = null
methods.17.outcome.report.evidence.requested.kinds = []
methods.17.outcome.report.execution.status = "complete"
methods.17.outcome.report.execution.usage.analysis_steps = 650
methods.17.outcome.report.execution.usage.archive_entries = 0
methods.17.outcome.report.execution.usage.attribute_bytes = 1626
methods.17.outcome.report.execution.usage.class_bytes = 2606
methods.17.outcome.report.execution.usage.class_headers = 1
methods.17.outcome.report.execution.usage.code_bytes = 111
methods.17.outcome.report.execution.usage.dependency_depth = 0
methods.17.outcome.report.execution.usage.elapsed_millis = 7
methods.17.outcome.report.execution.usage.entry_bytes = 0
methods.17.outcome.report.execution.usage.input_bytes = 1303
methods.17.outcome.report.execution.usage.ir_edges = 118
methods.17.outcome.report.execution.usage.ir_items = 1857
methods.17.outcome.report.execution.usage.method_bodies = 18
methods.17.outcome.report.execution.usage.nested_depth = 0
methods.17.outcome.report.execution.usage.normalization_clones = 0
methods.17.outcome.report.execution.usage.output_bytes = 4954
methods.17.outcome.report.execution.usage.read_bytes = 1303
methods.17.outcome.report.execution.usage.result_items = 64
methods.17.outcome.report.fallbacks = []
methods.17.outcome.report.fields = []
methods.17.outcome.report.init = null
methods.17.outcome.report.lambdas = []
methods.17.outcome.report.method = "copied(ZZZ)Z"
methods.17.outcome.report.news = []
methods.17.outcome.report.outcome = "produced"
methods.17.outcome.report.profile.java_release = 8
methods.17.outcome.report.profile.layout.kind = "generic"
methods.17.outcome.report.profile.multi_release.kind = "disabled"
methods.17.outcome.report.quality = "structured"
methods.17.outcome.report.regions = []
methods.17.outcome.report.representation = "java"
methods.17.outcome.report.rules = []
methods.17.outcome.report.semantic_validation = "unproven"
methods.17.outcome.report.source_map.segments = []
methods.17.outcome.report.syntax_status = "unchecked"
methods.17.outcome.report.text = "// @method copied(ZZZ)Z\n// @declaration a static method of `BitwiseProbe`, member flags 0x0009\n// recovered from bytecode; presentation is not claimed to compile\n{\n    boolean local3 = arg0 | arg1;\n    boolean local4 = local3;\n    boolean local5 = local4 & arg2;\n    return local5;\n}\n"
methods.17.outcome.report.verification = "not_performed"
methods.17.text = "    public static boolean copied(boolean arg0, boolean arg1, boolean arg2) {\n        // @method copied(ZZZ)Z\n        // @declaration a static method of `BitwiseProbe`, member flags 0x0009\n        // recovered from bytecode; presentation is not claimed to compile\n        boolean local3 = arg0 | arg1;\n        boolean local4 = local3;\n        boolean local5 = local4 & arg2;\n        return local5;\n    }\n"
methods.18.declaration = "public static boolean hoisted(boolean arg0, boolean arg1, boolean arg2)"
methods.18.item.access_flags = 9
methods.18.item.body.content_span.length = 38
methods.18.item.body.content_span.start = 1128
methods.18.item.body.kind = "code_attribute"
methods.18.item.descriptor.escaped = "(ZZZ)Z"
methods.18.item.descriptor.raw = [40,90,90,90,41,90]
methods.18.item.descriptor.utf16 = [40,90,90,90,41,90]
methods.18.item.identity.descriptor = [40,90,90,90,41,90]
methods.18.item.identity.name = [104,111,105,115,116,101,100]
methods.18.item.identity.owner.class_bytes.digest = "fc8b7c0376a0083afb699de841aa7a18a3b413c441049650a4e058d0f84e493b"
methods.18.item.identity.owner.class_bytes.length = 1303
methods.18.item.identity.owner.location.kind = "standalone_root"
methods.18.item.identity.owner.location.snapshot = "fc8b7c0376a0083afb699de841aa7a18a3b413c441049650a4e058d0f84e493b"
methods.18.item.identity.owner.variant.kind = "base"
methods.18.item.index = 18
methods.18.item.name.escaped = "hoisted"
methods.18.item.name.raw = [104,111,105,115,116,101,100]
methods.18.item.name.utf16 = [104,111,105,115,116,101,100]
methods.18.markers = []
methods.18.no_body_kind = null
methods.18.outcome.analysis.diagnostics = 0
methods.18.outcome.analysis.execution.status = "complete"
methods.18.outcome.analysis.execution.usage.analysis_steps = 736
methods.18.outcome.analysis.execution.usage.archive_entries = 0
methods.18.outcome.analysis.execution.usage.attribute_bytes = 1670
methods.18.outcome.analysis.execution.usage.class_bytes = 2606
methods.18.outcome.analysis.execution.usage.class_headers = 1
methods.18.outcome.analysis.execution.usage.code_bytes = 125
methods.18.outcome.analysis.execution.usage.dependency_depth = 0
methods.18.outcome.analysis.execution.usage.elapsed_millis = 7
methods.18.outcome.analysis.execution.usage.entry_bytes = 0
methods.18.outcome.analysis.execution.usage.input_bytes = 1303
methods.18.outcome.analysis.execution.usage.ir_edges = 149
methods.18.outcome.analysis.execution.usage.ir_items = 2180
methods.18.outcome.analysis.execution.usage.method_bodies = 19
methods.18.outcome.analysis.execution.usage.nested_depth = 0
methods.18.outcome.analysis.execution.usage.normalization_clones = 0
methods.18.outcome.analysis.execution.usage.output_bytes = 4954
methods.18.outcome.analysis.execution.usage.read_bytes = 1303
methods.18.outcome.analysis.execution.usage.result_items = 65
methods.18.outcome.kind = "recovered"
methods.18.outcome.report.accessors = []
methods.18.outcome.report.aliased_names = []
methods.18.outcome.report.artifact.agreement.state = "not_stated"
methods.18.outcome.report.artifact.binding.engine = "0.1.0"
methods.18.outcome.report.artifact.binding.environment.content = ["fc8b7c0376a0083afb699de841aa7a18a3b413c441049650a4e058d0f84e493b"]
methods.18.outcome.report.artifact.binding.environment.domain_loaders = ["app"]
methods.18.outcome.report.artifact.binding.environment.providers = []
methods.18.outcome.report.artifact.binding.environment.runtime.load_domain.delegation.kind = "parent_first"
methods.18.outcome.report.artifact.binding.environment.runtime.load_domain.external_override = "none"
methods.18.outcome.report.artifact.binding.environment.runtime.load_domain.loader = "app"
methods.18.outcome.report.artifact.binding.environment.runtime.load_domain.module_mode.kind = "class_path"
methods.18.outcome.report.artifact.binding.environment.runtime.load_domain.parent_loader = null
methods.18.outcome.report.artifact.binding.environment.runtime.load_domain.roots.0.kind = "standalone_class"
methods.18.outcome.report.artifact.binding.environment.runtime.load_domain.roots.0.snapshot = "fc8b7c0376a0083afb699de841aa7a18a3b413c441049650a4e058d0f84e493b"
methods.18.outcome.report.artifact.binding.environment.runtime.load_domain.runtime_transformation = "none"
methods.18.outcome.report.artifact.binding.environment.runtime.physical.scope.kind = "snapshot_all"
methods.18.outcome.report.artifact.binding.environment.runtime.physical.snapshot = "fc8b7c0376a0083afb699de841aa7a18a3b413c441049650a4e058d0f84e493b"
methods.18.outcome.report.artifact.binding.environment.runtime.profile.java_release = 8
methods.18.outcome.report.artifact.binding.environment.runtime.profile.layout.kind = "generic"
methods.18.outcome.report.artifact.binding.environment.runtime.profile.multi_release.kind = "disabled"
methods.18.outcome.report.artifact.binding.member_ordinal = 18
methods.18.outcome.report.artifact.binding.method.descriptor = [40,90,90,90,41,90]
methods.18.outcome.report.artifact.binding.method.name = [104,111,105,115,116,101,100]
methods.18.outcome.report.artifact.binding.method.owner.class_bytes.digest = "fc8b7c0376a0083afb699de841aa7a18a3b413c441049650a4e058d0f84e493b"
methods.18.outcome.report.artifact.binding.method.owner.class_bytes.length = 1303
methods.18.outcome.report.artifact.binding.method.owner.location.kind = "standalone_root"
methods.18.outcome.report.artifact.binding.method.owner.location.snapshot = "fc8b7c0376a0083afb699de841aa7a18a3b413c441049650a4e058d0f84e493b"
methods.18.outcome.report.artifact.binding.method.owner.variant.kind = "base"
methods.18.outcome.report.artifact.binding.profile.java_release = 8
methods.18.outcome.report.artifact.binding.profile.layout.kind = "generic"
methods.18.outcome.report.artifact.binding.profile.multi_release.kind = "disabled"
methods.18.outcome.report.artifact.binding.registry = 71
methods.18.outcome.report.artifact.binding.rules = ["straight@1","if@1","loop@1","switch@1","lambda@1","concat@1","bridge@1","accessor@1","new@1","field@1","enumswitch@1","init@1","declaration@1","twr@1","monitor@1"]
methods.18.outcome.report.artifact.binding.schema = 1
methods.18.outcome.report.artifact.binding.text_bytes = 284
methods.18.outcome.report.artifact.binding.text_digest = "6234c1ac2ae874b72b70c40b19187638"
methods.18.outcome.report.bridges = []
methods.18.outcome.report.compile_status = "not_attempted"
methods.18.outcome.report.concats = []
methods.18.outcome.report.content = "contains_statements"
methods.18.outcome.report.declaration = null
methods.18.outcome.report.diagnostics.0.code = "jre_recovery_produced"
methods.18.outcome.report.diagnostics.0.message = "2 region(s), 5 statement(s), 13 segment(s), 284 byte(s) written from 3 canonical block(s)"
methods.18.outcome.report.diagnostics.0.provenance = null
methods.18.outcome.report.diagnostics.0.severity = "info"
methods.18.outcome.report.diagnostics.1.code = "jre_declaration"
methods.18.outcome.report.diagnostics.1.message = "the artifact's envelope states the member's declaration under declaration@1: a static method"
methods.18.outcome.report.diagnostics.1.provenance = null
methods.18.outcome.report.diagnostics.1.severity = "info"
methods.18.outcome.report.enum_switches = []
methods.18.outcome.report.evidence.categories.0.kind = "source_map"
methods.18.outcome.report.evidence.categories.0.state.state = "not_requested"
methods.18.outcome.report.evidence.categories.1.kind = "region_details"
methods.18.outcome.report.evidence.categories.1.state.state = "not_requested"
methods.18.outcome.report.evidence.categories.2.kind = "rule_details"
methods.18.outcome.report.evidence.categories.2.state.state = "not_requested"
methods.18.outcome.report.evidence.categories.3.kind = "name_details"
methods.18.outcome.report.evidence.categories.3.state.state = "not_requested"
methods.18.outcome.report.evidence.categories.4.kind = "read_details"
methods.18.outcome.report.evidence.categories.4.state.state = "not_requested"
methods.18.outcome.report.evidence.requested.driver_bci_range = null
methods.18.outcome.report.evidence.requested.expected_artifact = null
methods.18.outcome.report.evidence.requested.kinds = []
methods.18.outcome.report.execution.status = "complete"
methods.18.outcome.report.execution.usage.analysis_steps = 752
methods.18.outcome.report.execution.usage.archive_entries = 0
methods.18.outcome.report.execution.usage.attribute_bytes = 1670
methods.18.outcome.report.execution.usage.class_bytes = 2606
methods.18.outcome.report.execution.usage.class_headers = 1
methods.18.outcome.report.execution.usage.code_bytes = 125
methods.18.outcome.report.execution.usage.dependency_depth = 0
methods.18.outcome.report.execution.usage.elapsed_millis = 7
methods.18.outcome.report.execution.usage.entry_bytes = 0
methods.18.outcome.report.execution.usage.input_bytes = 1303
methods.18.outcome.report.execution.usage.ir_edges = 152
methods.18.outcome.report.execution.usage.ir_items = 2208
methods.18.outcome.report.execution.usage.method_bodies = 19
methods.18.outcome.report.execution.usage.nested_depth = 0
methods.18.outcome.report.execution.usage.normalization_clones = 0
methods.18.outcome.report.execution.usage.output_bytes = 5238
methods.18.outcome.report.execution.usage.read_bytes = 1303
methods.18.outcome.report.execution.usage.result_items = 65
methods.18.outcome.report.fallbacks = []
methods.18.outcome.report.fields = []
methods.18.outcome.report.init = null
methods.18.outcome.report.lambdas = []
methods.18.outcome.report.method = "hoisted(ZZZ)Z"
methods.18.outcome.report.news = []
methods.18.outcome.report.outcome = "produced"
methods.18.outcome.report.profile.java_release = 8
methods.18.outcome.report.profile.layout.kind = "generic"
methods.18.outcome.report.profile.multi_release.kind = "disabled"
methods.18.outcome.report.quality = "structured"
methods.18.outcome.report.regions = []
methods.18.outcome.report.representation = "java"
methods.18.outcome.report.rules = []
methods.18.outcome.report.semantic_validation = "unproven"
methods.18.outcome.report.source_map.segments = []
methods.18.outcome.report.syntax_status = "unchecked"
methods.18.outcome.report.text = "// @method hoisted(ZZZ)Z\n// @declaration a static method of `BitwiseProbe`, member flags 0x0009\n// recovered from bytecode; presentation is not claimed to compile\n{\n    boolean local3;\n    local3 = arg0 & arg1;\n    if (arg2) {\n        local3 = arg0 | arg1;\n    }\n    return local3;\n}\n"
methods.18.outcome.report.verification = "not_performed"
methods.18.text = "    public static boolean hoisted(boolean arg0, boolean arg1, boolean arg2) {\n        // @method hoisted(ZZZ)Z\n        // @declaration a static method of `BitwiseProbe`, member flags 0x0009\n        // recovered from bytecode; presentation is not claimed to compile\n        boolean local3;\n        local3 = arg0 & arg1;\n        if (arg2) {\n            local3 = arg0 | arg1;\n        }\n        return local3;\n    }\n"
methods.19.declaration = "public static int passed(boolean arg0, boolean arg1, boolean arg2)"
methods.19.item.access_flags = 9
methods.19.item.body.content_span.length = 21
methods.19.item.body.content_span.start = 1180
methods.19.item.body.kind = "code_attribute"
methods.19.item.descriptor.escaped = "(ZZZ)I"
methods.19.item.descriptor.raw = [40,90,90,90,41,73]
methods.19.item.descriptor.utf16 = [40,90,90,90,41,73]
methods.19.item.identity.descriptor = [40,90,90,90,41,73]
methods.19.item.identity.name = [112,97,115,115,101,100]
methods.19.item.identity.owner.class_bytes.digest = "fc8b7c0376a0083afb699de841aa7a18a3b413c441049650a4e058d0f84e493b"
methods.19.item.identity.owner.class_bytes.length = 1303
methods.19.item.identity.owner.location.kind = "standalone_root"
methods.19.item.identity.owner.location.snapshot = "fc8b7c0376a0083afb699de841aa7a18a3b413c441049650a4e058d0f84e493b"
methods.19.item.identity.owner.variant.kind = "base"
methods.19.item.index = 19
methods.19.item.name.escaped = "passed"
methods.19.item.name.raw = [112,97,115,115,101,100]
methods.19.item.name.utf16 = [112,97,115,115,101,100]
methods.19.markers = []
methods.19.no_body_kind = null
methods.19.outcome.analysis.diagnostics = 0
methods.19.outcome.analysis.execution.status = "complete"
methods.19.outcome.analysis.execution.usage.analysis_steps = 789
methods.19.outcome.analysis.execution.usage.archive_entries = 0
methods.19.outcome.analysis.execution.usage.attribute_bytes = 1697
methods.19.outcome.analysis.execution.usage.class_bytes = 2606
methods.19.outcome.analysis.execution.usage.class_headers = 1
methods.19.outcome.analysis.execution.usage.code_bytes = 134
methods.19.outcome.analysis.execution.usage.dependency_depth = 0
methods.19.outcome.analysis.execution.usage.elapsed_millis = 7
methods.19.outcome.analysis.execution.usage.entry_bytes = 0
methods.19.outcome.analysis.execution.usage.input_bytes = 1303
methods.19.outcome.analysis.execution.usage.ir_edges = 161
methods.19.outcome.analysis.execution.usage.ir_items = 2333
methods.19.outcome.analysis.execution.usage.method_bodies = 20
methods.19.outcome.analysis.execution.usage.nested_depth = 0
methods.19.outcome.analysis.execution.usage.normalization_clones = 0
methods.19.outcome.analysis.execution.usage.output_bytes = 5238
methods.19.outcome.analysis.execution.usage.read_bytes = 1303
methods.19.outcome.analysis.execution.usage.result_items = 66
methods.19.outcome.kind = "recovered"
methods.19.outcome.report.accessors = []
methods.19.outcome.report.aliased_names = []
methods.19.outcome.report.artifact.agreement.state = "not_stated"
methods.19.outcome.report.artifact.binding.engine = "0.1.0"
methods.19.outcome.report.artifact.binding.environment.content = ["fc8b7c0376a0083afb699de841aa7a18a3b413c441049650a4e058d0f84e493b"]
methods.19.outcome.report.artifact.binding.environment.domain_loaders = ["app"]
methods.19.outcome.report.artifact.binding.environment.providers = []
methods.19.outcome.report.artifact.binding.environment.runtime.load_domain.delegation.kind = "parent_first"
methods.19.outcome.report.artifact.binding.environment.runtime.load_domain.external_override = "none"
methods.19.outcome.report.artifact.binding.environment.runtime.load_domain.loader = "app"
methods.19.outcome.report.artifact.binding.environment.runtime.load_domain.module_mode.kind = "class_path"
methods.19.outcome.report.artifact.binding.environment.runtime.load_domain.parent_loader = null
methods.19.outcome.report.artifact.binding.environment.runtime.load_domain.roots.0.kind = "standalone_class"
methods.19.outcome.report.artifact.binding.environment.runtime.load_domain.roots.0.snapshot = "fc8b7c0376a0083afb699de841aa7a18a3b413c441049650a4e058d0f84e493b"
methods.19.outcome.report.artifact.binding.environment.runtime.load_domain.runtime_transformation = "none"
methods.19.outcome.report.artifact.binding.environment.runtime.physical.scope.kind = "snapshot_all"
methods.19.outcome.report.artifact.binding.environment.runtime.physical.snapshot = "fc8b7c0376a0083afb699de841aa7a18a3b413c441049650a4e058d0f84e493b"
methods.19.outcome.report.artifact.binding.environment.runtime.profile.java_release = 8
methods.19.outcome.report.artifact.binding.environment.runtime.profile.layout.kind = "generic"
methods.19.outcome.report.artifact.binding.environment.runtime.profile.multi_release.kind = "disabled"
methods.19.outcome.report.artifact.binding.member_ordinal = 19
methods.19.outcome.report.artifact.binding.method.descriptor = [40,90,90,90,41,73]
methods.19.outcome.report.artifact.binding.method.name = [112,97,115,115,101,100]
methods.19.outcome.report.artifact.binding.method.owner.class_bytes.digest = "fc8b7c0376a0083afb699de841aa7a18a3b413c441049650a4e058d0f84e493b"
methods.19.outcome.report.artifact.binding.method.owner.class_bytes.length = 1303
methods.19.outcome.report.artifact.binding.method.owner.location.kind = "standalone_root"
methods.19.outcome.report.artifact.binding.method.owner.location.snapshot = "fc8b7c0376a0083afb699de841aa7a18a3b413c441049650a4e058d0f84e493b"
methods.19.outcome.report.artifact.binding.method.owner.variant.kind = "base"
methods.19.outcome.report.artifact.binding.profile.java_release = 8
methods.19.outcome.report.artifact.binding.profile.layout.kind = "generic"
methods.19.outcome.report.artifact.binding.profile.multi_release.kind = "disabled"
methods.19.outcome.report.artifact.binding.registry = 71
methods.19.outcome.report.artifact.binding.rules = ["straight@1","if@1","loop@1","switch@1","lambda@1","concat@1","bridge@1","accessor@1","new@1","field@1","enumswitch@1","init@1","declaration@1","twr@1","monitor@1"]
methods.19.outcome.report.artifact.binding.schema = 1
methods.19.outcome.report.artifact.binding.text_bytes = 222
methods.19.outcome.report.artifact.binding.text_digest = "1484e5d7477d2b4538219057fad31444"
methods.19.outcome.report.bridges = []
methods.19.outcome.report.compile_status = "not_attempted"
methods.19.outcome.report.concats = []
methods.19.outcome.report.content = "contains_statements"
methods.19.outcome.report.declaration = null
methods.19.outcome.report.diagnostics.0.code = "jre_recovery_produced"
methods.19.outcome.report.diagnostics.0.message = "1 region(s), 1 statement(s), 8 segment(s), 222 byte(s) written from 1 canonical block(s)"
methods.19.outcome.report.diagnostics.0.provenance = null
methods.19.outcome.report.diagnostics.0.severity = "info"
methods.19.outcome.report.diagnostics.1.code = "jre_declaration"
methods.19.outcome.report.diagnostics.1.message = "the artifact's envelope states the member's declaration under declaration@1: a static method"
methods.19.outcome.report.diagnostics.1.provenance = null
methods.19.outcome.report.diagnostics.1.severity = "info"
methods.19.outcome.report.enum_switches = []
methods.19.outcome.report.evidence.categories.0.kind = "source_map"
methods.19.outcome.report.evidence.categories.0.state.state = "not_requested"
methods.19.outcome.report.evidence.categories.1.kind = "region_details"
methods.19.outcome.report.evidence.categories.1.state.state = "not_requested"
methods.19.outcome.report.evidence.categories.2.kind = "rule_details"
methods.19.outcome.report.evidence.categories.2.state.state = "not_requested"
methods.19.outcome.report.evidence.categories.3.kind = "name_details"
methods.19.outcome.report.evidence.categories.3.state.state = "not_requested"
methods.19.outcome.report.evidence.categories.4.kind = "read_details"
methods.19.outcome.report.evidence.categories.4.state.state = "not_requested"
methods.19.outcome.report.evidence.requested.driver_bci_range = null
methods.19.outcome.report.evidence.requested.expected_artifact = null
methods.19.outcome.report.evidence.requested.kinds = []
methods.19.outcome.report.execution.status = "complete"
methods.19.outcome.report.execution.usage.analysis_steps = 794
methods.19.outcome.report.execution.usage.archive_entries = 0
methods.19.outcome.report.execution.usage.attribute_bytes = 1697
methods.19.outcome.report.execution.usage.class_bytes = 2606
methods.19.outcome.report.execution.usage.class_headers = 1
methods.19.outcome.report.execution.usage.code_bytes = 134
methods.19.outcome.report.execution.usage.dependency_depth = 0
methods.19.outcome.report.execution.usage.elapsed_millis = 7
methods.19.outcome.report.execution.usage.entry_bytes = 0
methods.19.outcome.report.execution.usage.input_bytes = 1303
methods.19.outcome.report.execution.usage.ir_edges = 161
methods.19.outcome.report.execution.usage.ir_items = 2357
methods.19.outcome.report.execution.usage.method_bodies = 20
methods.19.outcome.report.execution.usage.nested_depth = 0
methods.19.outcome.report.execution.usage.normalization_clones = 0
methods.19.outcome.report.execution.usage.output_bytes = 5460
methods.19.outcome.report.execution.usage.read_bytes = 1303
methods.19.outcome.report.execution.usage.result_items = 66
methods.19.outcome.report.fallbacks = []
methods.19.outcome.report.fields = []
methods.19.outcome.report.init = null
methods.19.outcome.report.lambdas = []
methods.19.outcome.report.method = "passed(ZZZ)I"
methods.19.outcome.report.news = []
methods.19.outcome.report.outcome = "produced"
methods.19.outcome.report.profile.java_release = 8
methods.19.outcome.report.profile.layout.kind = "generic"
methods.19.outcome.report.profile.multi_release.kind = "disabled"
methods.19.outcome.report.quality = "structured"
methods.19.outcome.report.regions = []
methods.19.outcome.report.representation = "java"
methods.19.outcome.report.rules = []
methods.19.outcome.report.semantic_validation = "unproven"
methods.19.outcome.report.source_map.segments = []
methods.19.outcome.report.syntax_status = "unchecked"
methods.19.outcome.report.text = "// @method passed(ZZZ)I\n// @declaration a static method of `BitwiseProbe`, member flags 0x0009\n// recovered from bytecode; presentation is not claimed to compile\n{\n    return BitwiseEffects.accept((arg0 ^ arg1) & arg2);\n}\n"
methods.19.outcome.report.verification = "not_performed"
methods.19.text = "    public static int passed(boolean arg0, boolean arg1, boolean arg2) {\n        // @method passed(ZZZ)I\n        // @declaration a static method of `BitwiseProbe`, member flags 0x0009\n        // recovered from bytecode; presentation is not claimed to compile\n        return BitwiseEffects.accept((arg0 ^ arg1) & arg2);\n    }\n"
methods.20.declaration = "public static boolean array(boolean[] arg0)"
methods.20.item.access_flags = 9
methods.20.item.body.content_span.length = 20
methods.20.item.body.content_span.start = 1215
methods.20.item.body.kind = "code_attribute"
methods.20.item.descriptor.escaped = "([Z)Z"
methods.20.item.descriptor.raw = [40,91,90,41,90]
methods.20.item.descriptor.utf16 = [40,91,90,41,90]
methods.20.item.identity.descriptor = [40,91,90,41,90]
methods.20.item.identity.name = [97,114,114,97,121]
methods.20.item.identity.owner.class_bytes.digest = "fc8b7c0376a0083afb699de841aa7a18a3b413c441049650a4e058d0f84e493b"
methods.20.item.identity.owner.class_bytes.length = 1303
methods.20.item.identity.owner.location.kind = "standalone_root"
methods.20.item.identity.owner.location.snapshot = "fc8b7c0376a0083afb699de841aa7a18a3b413c441049650a4e058d0f84e493b"
methods.20.item.identity.owner.variant.kind = "base"
methods.20.item.index = 20
methods.20.item.name.escaped = "array"
methods.20.item.name.raw = [97,114,114,97,121]
methods.20.item.name.utf16 = [97,114,114,97,121]
methods.20.markers = []
methods.20.no_body_kind = null
methods.20.outcome.analysis.diagnostics = 0
methods.20.outcome.analysis.execution.status = "complete"
methods.20.outcome.analysis.execution.usage.analysis_steps = 836
methods.20.outcome.analysis.execution.usage.archive_entries = 0
methods.20.outcome.analysis.execution.usage.attribute_bytes = 1723
methods.20.outcome.analysis.execution.usage.class_bytes = 2606
methods.20.outcome.analysis.execution.usage.class_headers = 1
methods.20.outcome.analysis.execution.usage.code_bytes = 142
methods.20.outcome.analysis.execution.usage.dependency_depth = 0
methods.20.outcome.analysis.execution.usage.elapsed_millis = 7
methods.20.outcome.analysis.execution.usage.entry_bytes = 0
methods.20.outcome.analysis.execution.usage.input_bytes = 1303
methods.20.outcome.analysis.execution.usage.ir_edges = 170
methods.20.outcome.analysis.execution.usage.ir_items = 2473
methods.20.outcome.analysis.execution.usage.method_bodies = 21
methods.20.outcome.analysis.execution.usage.nested_depth = 0
methods.20.outcome.analysis.execution.usage.normalization_clones = 0
methods.20.outcome.analysis.execution.usage.output_bytes = 5460
methods.20.outcome.analysis.execution.usage.read_bytes = 1303
methods.20.outcome.analysis.execution.usage.result_items = 67
methods.20.outcome.kind = "recovered"
methods.20.outcome.report.accessors = []
methods.20.outcome.report.aliased_names = []
methods.20.outcome.report.artifact.agreement.state = "not_stated"
methods.20.outcome.report.artifact.binding.engine = "0.1.0"
methods.20.outcome.report.artifact.binding.environment.content = ["fc8b7c0376a0083afb699de841aa7a18a3b413c441049650a4e058d0f84e493b"]
methods.20.outcome.report.artifact.binding.environment.domain_loaders = ["app"]
methods.20.outcome.report.artifact.binding.environment.providers = []
methods.20.outcome.report.artifact.binding.environment.runtime.load_domain.delegation.kind = "parent_first"
methods.20.outcome.report.artifact.binding.environment.runtime.load_domain.external_override = "none"
methods.20.outcome.report.artifact.binding.environment.runtime.load_domain.loader = "app"
methods.20.outcome.report.artifact.binding.environment.runtime.load_domain.module_mode.kind = "class_path"
methods.20.outcome.report.artifact.binding.environment.runtime.load_domain.parent_loader = null
methods.20.outcome.report.artifact.binding.environment.runtime.load_domain.roots.0.kind = "standalone_class"
methods.20.outcome.report.artifact.binding.environment.runtime.load_domain.roots.0.snapshot = "fc8b7c0376a0083afb699de841aa7a18a3b413c441049650a4e058d0f84e493b"
methods.20.outcome.report.artifact.binding.environment.runtime.load_domain.runtime_transformation = "none"
methods.20.outcome.report.artifact.binding.environment.runtime.physical.scope.kind = "snapshot_all"
methods.20.outcome.report.artifact.binding.environment.runtime.physical.snapshot = "fc8b7c0376a0083afb699de841aa7a18a3b413c441049650a4e058d0f84e493b"
methods.20.outcome.report.artifact.binding.environment.runtime.profile.java_release = 8
methods.20.outcome.report.artifact.binding.environment.runtime.profile.layout.kind = "generic"
methods.20.outcome.report.artifact.binding.environment.runtime.profile.multi_release.kind = "disabled"
methods.20.outcome.report.artifact.binding.member_ordinal = 20
methods.20.outcome.report.artifact.binding.method.descriptor = [40,91,90,41,90]
methods.20.outcome.report.artifact.binding.method.name = [97,114,114,97,121]
methods.20.outcome.report.artifact.binding.method.owner.class_bytes.digest = "fc8b7c0376a0083afb699de841aa7a18a3b413c441049650a4e058d0f84e493b"
methods.20.outcome.report.artifact.binding.method.owner.class_bytes.length = 1303
methods.20.outcome.report.artifact.binding.method.owner.location.kind = "standalone_root"
methods.20.outcome.report.artifact.binding.method.owner.location.snapshot = "fc8b7c0376a0083afb699de841aa7a18a3b413c441049650a4e058d0f84e493b"
methods.20.outcome.report.artifact.binding.method.owner.variant.kind = "base"
methods.20.outcome.report.artifact.binding.profile.java_release = 8
methods.20.outcome.report.artifact.binding.profile.layout.kind = "generic"
methods.20.outcome.report.artifact.binding.profile.multi_release.kind = "disabled"
methods.20.outcome.report.artifact.binding.registry = 71
methods.20.outcome.report.artifact.binding.rules = ["straight@1","if@1","loop@1","switch@1","lambda@1","concat@1","bridge@1","accessor@1","new@1","field@1","enumswitch@1","init@1","declaration@1","twr@1","monitor@1"]
methods.20.outcome.report.artifact.binding.schema = 1
methods.20.outcome.report.artifact.binding.text_bytes = 194
methods.20.outcome.report.artifact.binding.text_digest = "5e3569c1d0c1856409fcfd95acf6e2b4"
methods.20.outcome.report.bridges = []
methods.20.outcome.report.compile_status = "not_attempted"
methods.20.outcome.report.concats = []
methods.20.outcome.report.content = "contains_statements"
methods.20.outcome.report.declaration = null
methods.20.outcome.report.diagnostics.0.code = "jre_recovery_produced"
methods.20.outcome.report.diagnostics.0.message = "1 region(s), 1 statement(s), 8 segment(s), 194 byte(s) written from 1 canonical block(s)"
methods.20.outcome.report.diagnostics.0.provenance = null
methods.20.outcome.report.diagnostics.0.severity = "info"
methods.20.outcome.report.diagnostics.1.code = "jre_declaration"
methods.20.outcome.report.diagnostics.1.message = "the artifact's envelope states the member's declaration under declaration@1: a static method"
methods.20.outcome.report.diagnostics.1.provenance = null
methods.20.outcome.report.diagnostics.1.severity = "info"
methods.20.outcome.report.enum_switches = []
methods.20.outcome.report.evidence.categories.0.kind = "source_map"
methods.20.outcome.report.evidence.categories.0.state.state = "not_requested"
methods.20.outcome.report.evidence.categories.1.kind = "region_details"
methods.20.outcome.report.evidence.categories.1.state.state = "not_requested"
methods.20.outcome.report.evidence.categories.2.kind = "rule_details"
methods.20.outcome.report.evidence.categories.2.state.state = "not_requested"
methods.20.outcome.report.evidence.categories.3.kind = "name_details"
methods.20.outcome.report.evidence.categories.3.state.state = "not_requested"
methods.20.outcome.report.evidence.categories.4.kind = "read_details"
methods.20.outcome.report.evidence.categories.4.state.state = "not_requested"
methods.20.outcome.report.evidence.requested.driver_bci_range = null
methods.20.outcome.report.evidence.requested.expected_artifact = null
methods.20.outcome.report.evidence.requested.kinds = []
methods.20.outcome.report.execution.status = "complete"
methods.20.outcome.report.execution.usage.analysis_steps = 841
methods.20.outcome.report.execution.usage.archive_entries = 0
methods.20.outcome.report.execution.usage.attribute_bytes = 1723
methods.20.outcome.report.execution.usage.class_bytes = 2606
methods.20.outcome.report.execution.usage.class_headers = 1
methods.20.outcome.report.execution.usage.code_bytes = 142
methods.20.outcome.report.execution.usage.dependency_depth = 0
methods.20.outcome.report.execution.usage.elapsed_millis = 7
methods.20.outcome.report.execution.usage.entry_bytes = 0
methods.20.outcome.report.execution.usage.input_bytes = 1303
methods.20.outcome.report.execution.usage.ir_edges = 170
methods.20.outcome.report.execution.usage.ir_items = 2512
methods.20.outcome.report.execution.usage.method_bodies = 21
methods.20.outcome.report.execution.usage.nested_depth = 0
methods.20.outcome.report.execution.usage.normalization_clones = 0
methods.20.outcome.report.execution.usage.output_bytes = 5654
methods.20.outcome.report.execution.usage.read_bytes = 1303
methods.20.outcome.report.execution.usage.result_items = 67
methods.20.outcome.report.fallbacks = []
methods.20.outcome.report.fields = []
methods.20.outcome.report.init = null
methods.20.outcome.report.lambdas = []
methods.20.outcome.report.method = "array([Z)Z"
methods.20.outcome.report.news = []
methods.20.outcome.report.outcome = "produced"
methods.20.outcome.report.profile.java_release = 8
methods.20.outcome.report.profile.layout.kind = "generic"
methods.20.outcome.report.profile.multi_release.kind = "disabled"
methods.20.outcome.report.quality = "structured"
methods.20.outcome.report.regions = []
methods.20.outcome.report.representation = "java"
methods.20.outcome.report.rules = []
methods.20.outcome.report.semantic_validation = "unproven"
methods.20.outcome.report.source_map.segments = []
methods.20.outcome.report.syntax_status = "unchecked"
methods.20.outcome.report.text = "// @method array([Z)Z\n// @declaration a static method of `BitwiseProbe`, member flags 0x0009\n// recovered from bytecode; presentation is not claimed to compile\n{\n    return arg0[0] ^ arg0[1];\n}\n"
methods.20.outcome.report.verification = "not_performed"
methods.20.text = "    public static boolean array(boolean[] arg0) {\n        // @method array([Z)Z\n        // @declaration a static method of `BitwiseProbe`, member flags 0x0009\n        // recovered from bytecode; presentation is not claimed to compile\n        return arg0[0] ^ arg0[1];\n    }\n"
methods.21.declaration = "public static int promoted(byte arg0, char arg1)"
methods.21.item.access_flags = 9
methods.21.item.body.content_span.length = 16
methods.21.item.body.content_span.start = 1249
methods.21.item.body.kind = "code_attribute"
methods.21.item.descriptor.escaped = "(BC)I"
methods.21.item.descriptor.raw = [40,66,67,41,73]
methods.21.item.descriptor.utf16 = [40,66,67,41,73]
methods.21.item.identity.descriptor = [40,66,67,41,73]
methods.21.item.identity.name = [112,114,111,109,111,116,101,100]
methods.21.item.identity.owner.class_bytes.digest = "fc8b7c0376a0083afb699de841aa7a18a3b413c441049650a4e058d0f84e493b"
methods.21.item.identity.owner.class_bytes.length = 1303
methods.21.item.identity.owner.location.kind = "standalone_root"
methods.21.item.identity.owner.location.snapshot = "fc8b7c0376a0083afb699de841aa7a18a3b413c441049650a4e058d0f84e493b"
methods.21.item.identity.owner.variant.kind = "base"
methods.21.item.index = 21
methods.21.item.name.escaped = "promoted"
methods.21.item.name.raw = [112,114,111,109,111,116,101,100]
methods.21.item.name.utf16 = [112,114,111,109,111,116,101,100]
methods.21.markers = []
methods.21.no_body_kind = null
methods.21.outcome.analysis.diagnostics = 0
methods.21.outcome.analysis.execution.status = "complete"
methods.21.outcome.analysis.execution.usage.analysis_steps = 865
methods.21.outcome.analysis.execution.usage.archive_entries = 0
methods.21.outcome.analysis.execution.usage.attribute_bytes = 1745
methods.21.outcome.analysis.execution.usage.class_bytes = 2606
methods.21.outcome.analysis.execution.usage.class_headers = 1
methods.21.outcome.analysis.execution.usage.code_bytes = 146
methods.21.outcome.analysis.execution.usage.dependency_depth = 0
methods.21.outcome.analysis.execution.usage.elapsed_millis = 8
methods.21.outcome.analysis.execution.usage.entry_bytes = 0
methods.21.outcome.analysis.execution.usage.input_bytes = 1303
methods.21.outcome.analysis.execution.usage.ir_edges = 175
methods.21.outcome.analysis.execution.usage.ir_items = 2586
methods.21.outcome.analysis.execution.usage.method_bodies = 22
methods.21.outcome.analysis.execution.usage.nested_depth = 0
methods.21.outcome.analysis.execution.usage.normalization_clones = 0
methods.21.outcome.analysis.execution.usage.output_bytes = 5654
methods.21.outcome.analysis.execution.usage.read_bytes = 1303
methods.21.outcome.analysis.execution.usage.result_items = 68
methods.21.outcome.kind = "recovered"
methods.21.outcome.report.accessors = []
methods.21.outcome.report.aliased_names = []
methods.21.outcome.report.artifact.agreement.state = "not_stated"
methods.21.outcome.report.artifact.binding.engine = "0.1.0"
methods.21.outcome.report.artifact.binding.environment.content = ["fc8b7c0376a0083afb699de841aa7a18a3b413c441049650a4e058d0f84e493b"]
methods.21.outcome.report.artifact.binding.environment.domain_loaders = ["app"]
methods.21.outcome.report.artifact.binding.environment.providers = []
methods.21.outcome.report.artifact.binding.environment.runtime.load_domain.delegation.kind = "parent_first"
methods.21.outcome.report.artifact.binding.environment.runtime.load_domain.external_override = "none"
methods.21.outcome.report.artifact.binding.environment.runtime.load_domain.loader = "app"
methods.21.outcome.report.artifact.binding.environment.runtime.load_domain.module_mode.kind = "class_path"
methods.21.outcome.report.artifact.binding.environment.runtime.load_domain.parent_loader = null
methods.21.outcome.report.artifact.binding.environment.runtime.load_domain.roots.0.kind = "standalone_class"
methods.21.outcome.report.artifact.binding.environment.runtime.load_domain.roots.0.snapshot = "fc8b7c0376a0083afb699de841aa7a18a3b413c441049650a4e058d0f84e493b"
methods.21.outcome.report.artifact.binding.environment.runtime.load_domain.runtime_transformation = "none"
methods.21.outcome.report.artifact.binding.environment.runtime.physical.scope.kind = "snapshot_all"
methods.21.outcome.report.artifact.binding.environment.runtime.physical.snapshot = "fc8b7c0376a0083afb699de841aa7a18a3b413c441049650a4e058d0f84e493b"
methods.21.outcome.report.artifact.binding.environment.runtime.profile.java_release = 8
methods.21.outcome.report.artifact.binding.environment.runtime.profile.layout.kind = "generic"
methods.21.outcome.report.artifact.binding.environment.runtime.profile.multi_release.kind = "disabled"
methods.21.outcome.report.artifact.binding.member_ordinal = 21
methods.21.outcome.report.artifact.binding.method.descriptor = [40,66,67,41,73]
methods.21.outcome.report.artifact.binding.method.name = [112,114,111,109,111,116,101,100]
methods.21.outcome.report.artifact.binding.method.owner.class_bytes.digest = "fc8b7c0376a0083afb699de841aa7a18a3b413c441049650a4e058d0f84e493b"
methods.21.outcome.report.artifact.binding.method.owner.class_bytes.length = 1303
methods.21.outcome.report.artifact.binding.method.owner.location.kind = "standalone_root"
methods.21.outcome.report.artifact.binding.method.owner.location.snapshot = "fc8b7c0376a0083afb699de841aa7a18a3b413c441049650a4e058d0f84e493b"
methods.21.outcome.report.artifact.binding.method.owner.variant.kind = "base"
methods.21.outcome.report.artifact.binding.profile.java_release = 8
methods.21.outcome.report.artifact.binding.profile.layout.kind = "generic"
methods.21.outcome.report.artifact.binding.profile.multi_release.kind = "disabled"
methods.21.outcome.report.artifact.binding.registry = 71
methods.21.outcome.report.artifact.binding.rules = ["straight@1","if@1","loop@1","switch@1","lambda@1","concat@1","bridge@1","accessor@1","new@1","field@1","enumswitch@1","init@1","declaration@1","twr@1","monitor@1"]
methods.21.outcome.report.artifact.binding.schema = 1
methods.21.outcome.report.artifact.binding.text_bytes = 191
methods.21.outcome.report.artifact.binding.text_digest = "47aac6dc352c718324419bee5ccf7970"
methods.21.outcome.report.bridges = []
methods.21.outcome.report.compile_status = "not_attempted"
methods.21.outcome.report.concats = []
methods.21.outcome.report.content = "contains_statements"
methods.21.outcome.report.declaration = null
methods.21.outcome.report.diagnostics.0.code = "jre_recovery_produced"
methods.21.outcome.report.diagnostics.0.message = "1 region(s), 1 statement(s), 4 segment(s), 191 byte(s) written from 1 canonical block(s)"
methods.21.outcome.report.diagnostics.0.provenance = null
methods.21.outcome.report.diagnostics.0.severity = "info"
methods.21.outcome.report.diagnostics.1.code = "jre_declaration"
methods.21.outcome.report.diagnostics.1.message = "the artifact's envelope states the member's declaration under declaration@1: a static method"
methods.21.outcome.report.diagnostics.1.provenance = null
methods.21.outcome.report.diagnostics.1.severity = "info"
methods.21.outcome.report.enum_switches = []
methods.21.outcome.report.evidence.categories.0.kind = "source_map"
methods.21.outcome.report.evidence.categories.0.state.state = "not_requested"
methods.21.outcome.report.evidence.categories.1.kind = "region_details"
methods.21.outcome.report.evidence.categories.1.state.state = "not_requested"
methods.21.outcome.report.evidence.categories.2.kind = "rule_details"
methods.21.outcome.report.evidence.categories.2.state.state = "not_requested"
methods.21.outcome.report.evidence.categories.3.kind = "name_details"
methods.21.outcome.report.evidence.categories.3.state.state = "not_requested"
methods.21.outcome.report.evidence.categories.4.kind = "read_details"
methods.21.outcome.report.evidence.categories.4.state.state = "not_requested"
methods.21.outcome.report.evidence.requested.driver_bci_range = null
methods.21.outcome.report.evidence.requested.expected_artifact = null
methods.21.outcome.report.evidence.requested.kinds = []
methods.21.outcome.report.execution.status = "complete"
methods.21.outcome.report.execution.usage.analysis_steps = 870
methods.21.outcome.report.execution.usage.archive_entries = 0
methods.21.outcome.report.execution.usage.attribute_bytes = 1745
methods.21.outcome.report.execution.usage.class_bytes = 2606
methods.21.outcome.report.execution.usage.class_headers = 1
methods.21.outcome.report.execution.usage.code_bytes = 146
methods.21.outcome.report.execution.usage.dependency_depth = 0
methods.21.outcome.report.execution.usage.elapsed_millis = 8
methods.21.outcome.report.execution.usage.entry_bytes = 0
methods.21.outcome.report.execution.usage.input_bytes = 1303
methods.21.outcome.report.execution.usage.ir_edges = 175
methods.21.outcome.report.execution.usage.ir_items = 2593
methods.21.outcome.report.execution.usage.method_bodies = 22
methods.21.outcome.report.execution.usage.nested_depth = 0
methods.21.outcome.report.execution.usage.normalization_clones = 0
methods.21.outcome.report.execution.usage.output_bytes = 5845
methods.21.outcome.report.execution.usage.read_bytes = 1303
methods.21.outcome.report.execution.usage.result_items = 68
methods.21.outcome.report.fallbacks = []
methods.21.outcome.report.fields = []
methods.21.outcome.report.init = null
methods.21.outcome.report.lambdas = []
methods.21.outcome.report.method = "promoted(BC)I"
methods.21.outcome.report.news = []
methods.21.outcome.report.outcome = "produced"
methods.21.outcome.report.profile.java_release = 8
methods.21.outcome.report.profile.layout.kind = "generic"
methods.21.outcome.report.profile.multi_release.kind = "disabled"
methods.21.outcome.report.quality = "structured"
methods.21.outcome.report.regions = []
methods.21.outcome.report.representation = "java"
methods.21.outcome.report.rules = []
methods.21.outcome.report.semantic_validation = "unproven"
methods.21.outcome.report.source_map.segments = []
methods.21.outcome.report.syntax_status = "unchecked"
methods.21.outcome.report.text = "// @method promoted(BC)I\n// @declaration a static method of `BitwiseProbe`, member flags 0x0009\n// recovered from bytecode; presentation is not claimed to compile\n{\n    return arg0 | arg1;\n}\n"
methods.21.outcome.report.verification = "not_performed"
methods.21.text = "    public static int promoted(byte arg0, char arg1) {\n        // @method promoted(BC)I\n        // @declaration a static method of `BitwiseProbe`, member flags 0x0009\n        // recovered from bytecode; presentation is not claimed to compile\n        return arg0 | arg1;\n    }\n"
methods.22.declaration = "public static int integerLiteralControl()"
methods.22.item.access_flags = 9
methods.22.item.body.content_span.length = 22
methods.22.item.body.content_span.start = 1279
methods.22.item.body.kind = "code_attribute"
methods.22.item.descriptor.escaped = "()I"
methods.22.item.descriptor.raw = [40,41,73]
methods.22.item.descriptor.utf16 = [40,41,73]
methods.22.item.identity.descriptor = [40,41,73]
methods.22.item.identity.name = [105,110,116,101,103,101,114,76,105,116,101,114,97,108,67,111,110,116,114,111,108]
methods.22.item.identity.owner.class_bytes.digest = "fc8b7c0376a0083afb699de841aa7a18a3b413c441049650a4e058d0f84e493b"
methods.22.item.identity.owner.class_bytes.length = 1303
methods.22.item.identity.owner.location.kind = "standalone_root"
methods.22.item.identity.owner.location.snapshot = "fc8b7c0376a0083afb699de841aa7a18a3b413c441049650a4e058d0f84e493b"
methods.22.item.identity.owner.variant.kind = "base"
methods.22.item.index = 22
methods.22.item.name.escaped = "integerLiteralControl"
methods.22.item.name.raw = [105,110,116,101,103,101,114,76,105,116,101,114,97,108,67,111,110,116,114,111,108]
methods.22.item.name.utf16 = [105,110,116,101,103,101,114,76,105,116,101,114,97,108,67,111,110,116,114,111,108]
methods.22.markers = []
methods.22.no_body_kind = null
methods.22.outcome.analysis.diagnostics = 0
methods.22.outcome.analysis.execution.status = "complete"
methods.22.outcome.analysis.execution.usage.analysis_steps = 918
methods.22.outcome.analysis.execution.usage.archive_entries = 0
methods.22.outcome.analysis.execution.usage.attribute_bytes = 1773
methods.22.outcome.analysis.execution.usage.class_bytes = 2606
methods.22.outcome.analysis.execution.usage.class_headers = 1
methods.22.outcome.analysis.execution.usage.code_bytes = 156
methods.22.outcome.analysis.execution.usage.dependency_depth = 0
methods.22.outcome.analysis.execution.usage.elapsed_millis = 8
methods.22.outcome.analysis.execution.usage.entry_bytes = 0
methods.22.outcome.analysis.execution.usage.input_bytes = 1303
methods.22.outcome.analysis.execution.usage.ir_edges = 185
methods.22.outcome.analysis.execution.usage.ir_items = 2727
methods.22.outcome.analysis.execution.usage.method_bodies = 23
methods.22.outcome.analysis.execution.usage.nested_depth = 0
methods.22.outcome.analysis.execution.usage.normalization_clones = 0
methods.22.outcome.analysis.execution.usage.output_bytes = 5845
methods.22.outcome.analysis.execution.usage.read_bytes = 1303
methods.22.outcome.analysis.execution.usage.result_items = 69
methods.22.outcome.kind = "recovered"
methods.22.outcome.report.accessors = []
methods.22.outcome.report.aliased_names = []
methods.22.outcome.report.artifact.agreement.state = "not_stated"
methods.22.outcome.report.artifact.binding.engine = "0.1.0"
methods.22.outcome.report.artifact.binding.environment.content = ["fc8b7c0376a0083afb699de841aa7a18a3b413c441049650a4e058d0f84e493b"]
methods.22.outcome.report.artifact.binding.environment.domain_loaders = ["app"]
methods.22.outcome.report.artifact.binding.environment.providers = []
methods.22.outcome.report.artifact.binding.environment.runtime.load_domain.delegation.kind = "parent_first"
methods.22.outcome.report.artifact.binding.environment.runtime.load_domain.external_override = "none"
methods.22.outcome.report.artifact.binding.environment.runtime.load_domain.loader = "app"
methods.22.outcome.report.artifact.binding.environment.runtime.load_domain.module_mode.kind = "class_path"
methods.22.outcome.report.artifact.binding.environment.runtime.load_domain.parent_loader = null
methods.22.outcome.report.artifact.binding.environment.runtime.load_domain.roots.0.kind = "standalone_class"
methods.22.outcome.report.artifact.binding.environment.runtime.load_domain.roots.0.snapshot = "fc8b7c0376a0083afb699de841aa7a18a3b413c441049650a4e058d0f84e493b"
methods.22.outcome.report.artifact.binding.environment.runtime.load_domain.runtime_transformation = "none"
methods.22.outcome.report.artifact.binding.environment.runtime.physical.scope.kind = "snapshot_all"
methods.22.outcome.report.artifact.binding.environment.runtime.physical.snapshot = "fc8b7c0376a0083afb699de841aa7a18a3b413c441049650a4e058d0f84e493b"
methods.22.outcome.report.artifact.binding.environment.runtime.profile.java_release = 8
methods.22.outcome.report.artifact.binding.environment.runtime.profile.layout.kind = "generic"
methods.22.outcome.report.artifact.binding.environment.runtime.profile.multi_release.kind = "disabled"
methods.22.outcome.report.artifact.binding.member_ordinal = 22
methods.22.outcome.report.artifact.binding.method.descriptor = [40,41,73]
methods.22.outcome.report.artifact.binding.method.name = [105,110,116,101,103,101,114,76,105,116,101,114,97,108,67,111,110,116,114,111,108]
methods.22.outcome.report.artifact.binding.method.owner.class_bytes.digest = "fc8b7c0376a0083afb699de841aa7a18a3b413c441049650a4e058d0f84e493b"
methods.22.outcome.report.artifact.binding.method.owner.class_bytes.length = 1303
methods.22.outcome.report.artifact.binding.method.owner.location.kind = "standalone_root"
methods.22.outcome.report.artifact.binding.method.owner.location.snapshot = "fc8b7c0376a0083afb699de841aa7a18a3b413c441049650a4e058d0f84e493b"
methods.22.outcome.report.artifact.binding.method.owner.variant.kind = "base"
methods.22.outcome.report.artifact.binding.profile.java_release = 8
methods.22.outcome.report.artifact.binding.profile.layout.kind = "generic"
methods.22.outcome.report.artifact.binding.profile.multi_release.kind = "disabled"
methods.22.outcome.report.artifact.binding.registry = 71
methods.22.outcome.report.artifact.binding.rules = ["straight@1","if@1","loop@1","switch@1","lambda@1","concat@1","bridge@1","accessor@1","new@1","field@1","enumswitch@1","init@1","declaration@1","twr@1","monitor@1"]
methods.22.outcome.report.artifact.binding.schema = 1
methods.22.outcome.report.artifact.binding.text_bytes = 255
methods.22.outcome.report.artifact.binding.text_digest = "6f530ce5a08d217adbacd77b01e55376"
methods.22.outcome.report.bridges = []
methods.22.outcome.report.compile_status = "not_attempted"
methods.22.outcome.report.concats = []
methods.22.outcome.report.content = "contains_statements"
methods.22.outcome.report.declaration = null
methods.22.outcome.report.diagnostics.0.code = "jre_recovery_produced"
methods.22.outcome.report.diagnostics.0.message = "1 region(s), 3 statement(s), 10 segment(s), 255 byte(s) written from 1 canonical block(s)"
methods.22.outcome.report.diagnostics.0.provenance = null
methods.22.outcome.report.diagnostics.0.severity = "info"
methods.22.outcome.report.diagnostics.1.code = "jre_declaration"
methods.22.outcome.report.diagnostics.1.message = "the artifact's envelope states the member's declaration under declaration@1: a static method"
methods.22.outcome.report.diagnostics.1.provenance = null
methods.22.outcome.report.diagnostics.1.severity = "info"
methods.22.outcome.report.enum_switches = []
methods.22.outcome.report.evidence.categories.0.kind = "source_map"
methods.22.outcome.report.evidence.categories.0.state.state = "not_requested"
methods.22.outcome.report.evidence.categories.1.kind = "region_details"
methods.22.outcome.report.evidence.categories.1.state.state = "not_requested"
methods.22.outcome.report.evidence.categories.2.kind = "rule_details"
methods.22.outcome.report.evidence.categories.2.state.state = "not_requested"
methods.22.outcome.report.evidence.categories.3.kind = "name_details"
methods.22.outcome.report.evidence.categories.3.state.state = "not_requested"
methods.22.outcome.report.evidence.categories.4.kind = "read_details"
methods.22.outcome.report.evidence.categories.4.state.state = "not_requested"
methods.22.outcome.report.evidence.requested.driver_bci_range = null
methods.22.outcome.report.evidence.requested.expected_artifact = null
methods.22.outcome.report.evidence.requested.kinds = []
methods.22.outcome.report.execution.status = "complete"
methods.22.outcome.report.execution.usage.analysis_steps = 923
methods.22.outcome.report.execution.usage.archive_entries = 0
methods.22.outcome.report.execution.usage.attribute_bytes = 1773
methods.22.outcome.report.execution.usage.class_bytes = 2606
methods.22.outcome.report.execution.usage.class_headers = 1
methods.22.outcome.report.execution.usage.code_bytes = 156
methods.22.outcome.report.execution.usage.dependency_depth = 0
methods.22.outcome.report.execution.usage.elapsed_millis = 8
methods.22.outcome.report.execution.usage.entry_bytes = 0
methods.22.outcome.report.execution.usage.input_bytes = 1303
methods.22.outcome.report.execution.usage.ir_edges = 185
methods.22.outcome.report.execution.usage.ir_items = 2740
methods.22.outcome.report.execution.usage.method_bodies = 23
methods.22.outcome.report.execution.usage.nested_depth = 0
methods.22.outcome.report.execution.usage.normalization_clones = 0
methods.22.outcome.report.execution.usage.output_bytes = 6100
methods.22.outcome.report.execution.usage.read_bytes = 1303
methods.22.outcome.report.execution.usage.result_items = 69
methods.22.outcome.report.fallbacks = []
methods.22.outcome.report.fields = []
methods.22.outcome.report.init = null
methods.22.outcome.report.lambdas = []
methods.22.outcome.report.method = "integerLiteralControl()I"
methods.22.outcome.report.news = []
methods.22.outcome.report.outcome = "produced"
methods.22.outcome.report.profile.java_release = 8
methods.22.outcome.report.profile.layout.kind = "generic"
methods.22.outcome.report.profile.multi_release.kind = "disabled"
methods.22.outcome.report.quality = "structured"
methods.22.outcome.report.regions = []
methods.22.outcome.report.representation = "java"
methods.22.outcome.report.rules = []
methods.22.outcome.report.semantic_validation = "unproven"
methods.22.outcome.report.source_map.segments = []
methods.22.outcome.report.syntax_status = "unchecked"
methods.22.outcome.report.text = "// @method integerLiteralControl()I\n// @declaration a static method of `BitwiseProbe`, member flags 0x0009\n// recovered from bytecode; presentation is not claimed to compile\n{\n    int local0 = 1;\n    int local1 = 0;\n    return local0 & local1 ^ local0;\n}\n"
methods.22.outcome.report.verification = "not_performed"
methods.22.text = "    public static int integerLiteralControl() {\n        // @method integerLiteralControl()I\n        // @declaration a static method of `BitwiseProbe`, member flags 0x0009\n        // recovered from bytecode; presentation is not claimed to compile\n        int local0 = 1;\n        int local1 = 0;\n        return local0 & local1 ^ local0;\n    }\n"
outcome = "performed"
stages = ["raw_facts","raw_cfg","legacy_normalization","canonical_cfg","frame","ssa"]
usage.analysis_steps = 923
usage.archive_entries = 0
usage.attribute_bytes = 1773
usage.class_bytes = 2606
usage.class_headers = 1
usage.code_bytes = 156
usage.dependency_depth = 0
usage.elapsed_millis = 8
usage.entry_bytes = 0
usage.input_bytes = 1303
usage.ir_edges = 185
usage.ir_items = 2740
usage.method_bodies = 23
usage.nested_depth = 0
usage.normalization_clones = 0
usage.output_bytes = 6100
usage.read_bytes = 1303
usage.result_items = 70
view.scope.kind = "snapshot_all"
view.snapshot = "fc8b7c0376a0083afb699de841aa7a18a3b413c441049650a4e058d0f84e493b"
