path	sha256
adapter-executed.py	e170ad879448687dfe972f615dfd78a56406d5b5bc1b9a841a526fdee2633fb3
commands.tsv	9015c86f0d6858afb6c5543673d6d06884aad81278430414ac8fdf734f32556c
failures/jdk23/debug/InstanceRawLocal/jadx-javac.stderr.txt	009d0e436aa640adff6874594538328ff7655e4e564d544600143f0ffe3f1934
failures/jdk23/no-debug/InstanceRawLocal/jadx-javac.stderr.txt	90a9b1aa3b2f742824b48e48e30758fc5c02ba88293aaace8b84010d65d0ebb4
failures/jdk8/debug/InstanceRawLocal/jadx-javac.stderr.txt	1b3c974572ddbd39bc24d2fb35d06117b3097c806137cd8155e80e4cfdcf8752
failures/jdk8/no-debug/InstanceRawLocal/jadx-javac.stderr.txt	d22f20b742fc0da40e63b9a67b93eeafb256b50af0e0f44d106d2b9b0932050d
jdk-version-logs/0001-jdk-preflight_jdk8_java.stderr	faab3c8a678f056adf83280dbda6950d4d51a39eaf84b2136be0a1812b62e22d
jdk-version-logs/0001-jdk-preflight_jdk8_java.stdout	e3b0c44298fc1c149afbf4c8996fb92427ae41e4649b934ca495991b7852b855
jdk-version-logs/0002-jdk-preflight_jdk8_javac.stderr	b78c3d234842235ae1b53dd6405da54b3af2b02047c45858b595870662803db8
jdk-version-logs/0002-jdk-preflight_jdk8_javac.stdout	e3b0c44298fc1c149afbf4c8996fb92427ae41e4649b934ca495991b7852b855
jdk-version-logs/0003-jdk-preflight_jdk8_jar.stderr	faab3c8a678f056adf83280dbda6950d4d51a39eaf84b2136be0a1812b62e22d
jdk-version-logs/0003-jdk-preflight_jdk8_jar.stdout	e3b0c44298fc1c149afbf4c8996fb92427ae41e4649b934ca495991b7852b855
jdk-version-logs/0004-jdk-preflight_jdk8_javap.stderr	e3b0c44298fc1c149afbf4c8996fb92427ae41e4649b934ca495991b7852b855
jdk-version-logs/0004-jdk-preflight_jdk8_javap.stdout	6a282b7b9e5da8c1d9ecd31367d3828a20d54da2205390fd0c9529a48b3be713
jdk-version-logs/0005-jdk-preflight_jdk23_java.stderr	11d9a1559a3f4fab380e536f54e14acacdbd9fb56e147f04a9cc4723e3c229f7
jdk-version-logs/0005-jdk-preflight_jdk23_java.stdout	e3b0c44298fc1c149afbf4c8996fb92427ae41e4649b934ca495991b7852b855
jdk-version-logs/0006-jdk-preflight_jdk23_javac.stderr	e3b0c44298fc1c149afbf4c8996fb92427ae41e4649b934ca495991b7852b855
jdk-version-logs/0006-jdk-preflight_jdk23_javac.stdout	8b08d363e50e3d8f80fe38c5910e7f52b3e267b192efacb74878c7103361d3cd
jdk-version-logs/0007-jdk-preflight_jdk23_jar.stderr	e3b0c44298fc1c149afbf4c8996fb92427ae41e4649b934ca495991b7852b855
jdk-version-logs/0007-jdk-preflight_jdk23_jar.stdout	25e5829092e156bcdbd2a23c369bd544724e94b3793ba5982bac1aab6573e82c
jdk-version-logs/0008-jdk-preflight_jdk23_javap.stderr	e3b0c44298fc1c149afbf4c8996fb92427ae41e4649b934ca495991b7852b855
jdk-version-logs/0008-jdk-preflight_jdk23_javap.stdout	93012e27a4b9c01457ab2e4cc367a8dd4f4f42e6db886be6030d542771338bfb
jdk23/debug/jadx/Array2DRawParam/sources/defpackage/Array2DRawParam.java	d9af1990c95193456c46473f31939177a2632e34152dde0ed791caf10ac40d27
jdk23/debug/jadx/ArrayRawParam/sources/defpackage/ArrayRawParam.java	b9356814382670f5cc31457caf107ca11a4836ca88b6a2964a73120afa021457
jdk23/debug/jadx/BoundRawParam/sources/defpackage/BoundRawParam.java	4545a9f6e22269ff21bcac1e1abc69f7f9186d982c4c395eb5c10471783b9eda
jdk23/debug/jadx/DirectInstanceRawParam/sources/defpackage/DirectInstanceRawParam.java	d5a81d1a0941226f34e220c355943cd81eace76a7f72ab9c0a07e079166af029
jdk23/debug/jadx/InstanceRawLocal/sources/defpackage/InstanceRawLocal.java	183a867140d3ec0d651f1c6024251ab3805b4a7cb5736eab8893104121ed39df
jdk23/debug/jadx/MultiFormalRawParam/sources/defpackage/MultiFormalRawParam.java	46dff0ad150401facc3becf5fa2e92685a87d46f2c9b537e02a20af4e0da4072
jdk23/debug/jadx/NullRawParam/sources/defpackage/NullRawParam.java	2497fde8c7696cef28caddbb5432e9775944289511bd27767183fd2665087b19
jdk23/debug/jadx/PrimitiveArrayRawParam/sources/defpackage/PrimitiveArrayRawParam.java	6e080e95264345c55088fab59d326568454b5c431b3bd4674254c4c3f7931b0b
jdk23/debug/jadx/RawOwnerChild/sources/defpackage/RawOwnerBase.java	a4256e0b800f68dffd6124722d909d24bb9958b2d27d0668e20575fd05ead39d
jdk23/debug/jadx/RawOwnerChild/sources/defpackage/RawOwnerChild.java	ea53cd737a4ca1e297f8ae71a5ed156924a2cf3ad7c61206b43694e7cb016fde
jdk23/debug/jadx/RawParam/sources/defpackage/RawParam.java	a36e1bd1ec630ddccadc5178ea2ef1483d9b784fef412784d34d672f34d9c855
jdk23/debug/jadx/RetainedAliasRawParam/sources/defpackage/RetainedAliasRawParam.java	0d8c28f014d9873131e2277ec147645b4f2e8f88f10d96ebafa1ca68ec7519a9
jdk23/debug/jadx/ShadowMethodT/sources/defpackage/ShadowMethodT.java	e638423e067858654f869a3c38d7f38daf64e4a0855011122ace6be028722f99
jdk23/debug/jadx/StaticRawLocal/sources/defpackage/StaticRawLocal.java	0875242685024debb56daf13e862932967d9e7c860f92e7b89c872dc99a16be8
jdk23/debug/jadx/ThisReceiver/sources/defpackage/ThisReceiver.java	908f8f9ccda887868f6a515f1942aed41297b5a73a55e0a062da8faeca7b049f
jdk23/debug/jadx/TypedReceiver/sources/defpackage/TypedReceiver.java	f6885117b5b3c43020e4cede27dbe323b9d8ef2900b0d386adc3a22e1abcc97f
jdk23/debug/jadx/WideRawParam/sources/defpackage/WideRawParam.java	1b5390662572c65827dc2e38557a649a6c3f92cb2c6813556092327e680a54fd
jdk23/debug/jarde/Array2DRawParam.java	d4ba813f6f198eed97a53a5c193bca2f69698ce49b7a93aa69e279e7c27acb62
jdk23/debug/jarde/Array2DRawParam.stderr.txt	b6c457ac00a05c4e62549a3d6336cc514f1d720ed72b9b59081a07de3cfd5ab0
jdk23/debug/jarde/ArrayRawParam.java	c8c72849f11741a77f70b21b0436745c69e7f2e9d60ae7c7724adfd147a8faab
jdk23/debug/jarde/ArrayRawParam.stderr.txt	03e7c11475ee94d0373a503ecd87c3141d4b24f049e473bed105127b6a6a2852
jdk23/debug/jarde/BoundRawParam.java	6780b9df7fd79af1b6d8e0acb289d0257a77eaa548101c8cfe3fdc3911d66eac
jdk23/debug/jarde/BoundRawParam.stderr.txt	68afcfc1140db2b61ec7963012a1addd28c6a0654beea9421f0ca20eacdaacda
jdk23/debug/jarde/DirectInstanceRawParam.java	66882766f2731a7d18b72428b8ad38d8f2bd8e0183b4bf42ab71e0a8bcb56671
jdk23/debug/jarde/DirectInstanceRawParam.stderr.txt	6a19a66197a77cec1fce2012dc65b5fab31cceb548a4ce26ca4d4bc489b252a2
jdk23/debug/jarde/InstanceRawLocal.java	5739eae80933689e02968db38be749560fea18f7852efc7071bc402ac1657445
jdk23/debug/jarde/InstanceRawLocal.stderr.txt	1e298259f07eb57b48ee9904d3876331138cab8276222ac4aef46aa3f966ad68
jdk23/debug/jarde/MultiFormalRawParam.java	fc2962c0aac9ec98ea86aa50ec132f77514a683ba76d7c329493e954bce56e48
jdk23/debug/jarde/MultiFormalRawParam.stderr.txt	7bec3604ac2c63e6120e44a584f67c3a271f0819c9883d71458b1553214d24e3
jdk23/debug/jarde/NullRawParam.java	f60daa335370ba4b9535a79d8a6039e957fde7f7fbf1179b722b7dff8c1bb168
jdk23/debug/jarde/NullRawParam.stderr.txt	44265c3ef731c5a8c239e6eb985e368dae4f5b23e84ff330c97e85f06d24e1c7
jdk23/debug/jarde/PrimitiveArrayRawParam.java	ca19f53923fbfb66917c75ea83f0d5053343cf8c6aa62b562778ef54d5028a26
jdk23/debug/jarde/PrimitiveArrayRawParam.stderr.txt	15ad7ebabd550c755777671df7a2428f64ce825dd107327074fa7144babcce27
jdk23/debug/jarde/RawOwnerBase.java	f400195673e17b46cfe5e1ecf2dfa6ad1e569fc2a83c23d92202a00ba21aba24
jdk23/debug/jarde/RawOwnerBase.stderr.txt	2120aca23eb847c2168899a1f5d39b351412d902e9236ccb20e38e5eb08be77b
jdk23/debug/jarde/RawOwnerChild.java	85654234ed265aea8c2af90fe4353ca2be2b352c36d98476b0f89a9661e064cd
jdk23/debug/jarde/RawOwnerChild.stderr.txt	b8100c9b6bf5e9e074673b4f5b333c790b48deb22cd722720d40e174f1a3648b
jdk23/debug/jarde/RawParam.java	e086985b6879bfbebb341e501fb7f963bc33d5623ac87904b40e011163135e9b
jdk23/debug/jarde/RawParam.stderr.txt	93b84c599796d102715101fc933fe1f51709e95e5b7453497e09083833e171bb
jdk23/debug/jarde/RetainedAliasRawParam.java	67c03164c7f4c286881d760c247bdc8ed73c851a4377db2751830cc607eb3f89
jdk23/debug/jarde/RetainedAliasRawParam.stderr.txt	d1886f6db8dca5f9048d9651fdd63d69a91ca992e6ae834e0549189ef72ee35e
jdk23/debug/jarde/ShadowMethodT.java	4bd7e971db097e54afcb2dfe2a4ccc9029b04e3c9626bd76bd0ee0e0b5a316b4
jdk23/debug/jarde/ShadowMethodT.stderr.txt	8cfa37e4daad0ffe4f5fdeaf0a1c2d921589d938a62cf5f5f19da43e84fca467
jdk23/debug/jarde/StaticRawLocal.java	9ec274de3d0847441e7de73ff79a6d027179b6c14306c18643ee8e2346b54332
jdk23/debug/jarde/StaticRawLocal.stderr.txt	d643edc3fa1c381a55024fc81e29d7b35df3fafaddaaa62915033c72f8cce29a
jdk23/debug/jarde/ThisReceiver.java	a97d2cf3fb8ae606b390fe7a96386fb611ca686a76a5a25889978f7e8fc03c52
jdk23/debug/jarde/ThisReceiver.stderr.txt	7ecce5fba8124a23402a7cdd1aa077c6b7ffc2e6abe94e39da4974558debf4a4
jdk23/debug/jarde/TypedReceiver.java	161785be22add146d3c6fd6f56636a636935030610ccacf7511a7d7982dd2e71
jdk23/debug/jarde/TypedReceiver.stderr.txt	dfbe6aee7583184596dffc0392f404a7955a62bc8b488b53715b6c0faa389e84
jdk23/debug/jarde/WideRawParam.java	a8c2366e3a709f7941c00dff72d5921e0b3e9772cd7195d3caf1094bb0a95be9
jdk23/debug/jarde/WideRawParam.stderr.txt	5252825e194c34aba7ce3806cc5cce0108b410383c9c373c25a71a77a8d0d792
jdk23/debug/javap/Array2DRawParam.txt	d3e7d59ed9de6427484423766e890742100e50539680c5500ba76a78e978aee4
jdk23/debug/javap/ArrayRawParam.txt	545cc0ed9cd4ee5a3dfd9cd36bc2ea9f99b43a4f296001fa1ba87c4e70461483
jdk23/debug/javap/BoundRawParam.txt	a9cc48530178948b0ef2522222ee87f6fa4b18a9562c438d23c2d4df0f163cec
jdk23/debug/javap/DirectInstanceRawParam.txt	dae6436bf67ca48a6be069fb2a99259f629e616df93c99788d6e280e92c7e1a0
jdk23/debug/javap/InstanceRawLocal.txt	61694ae4173e5acf45257dc21e14f18369f88e8d6174cfecd499bb58b4716a5b
jdk23/debug/javap/MultiFormalRawParam.txt	c0f896241d7a15ce2877ce98de100e669f49b4bece1511ba65c16a2fa4ce30e8
jdk23/debug/javap/NullRawParam.txt	24639551a84c9f092e03155ca19a00ce4785ab1a0c04ee008338724e5e688749
jdk23/debug/javap/PrimitiveArrayRawParam.txt	0c5e9afe111852818d0ec9547e756192d3bc649e63e7c30af4a83cd8c15c5a88
jdk23/debug/javap/RawOwnerChild.txt	0132462da1080853f38ff9c046056abc9d806c2dcc4f0512ee12bbb1c19261fa
jdk23/debug/javap/RawParam.txt	643f960b952233003d168002eff538f1174de04eaf360b4fed0e1bf87c87fc49
jdk23/debug/javap/RetainedAliasRawParam.txt	52f1a5e1188002499119033efef31c9651210558f5418d43808f7d80148d4ac7
jdk23/debug/javap/ShadowMethodT.txt	62ec7dca1ba288360e9cdb3dee7d6fa51bae38174902fd3bf4b25b89706bdbab
jdk23/debug/javap/StaticRawLocal.txt	3c02dbbd54549b6584dcc4fda9101a47af57af55262067b96d7fcc0a3d769992
jdk23/debug/javap/ThisReceiver.txt	343a15458cd6d05d7e7f5ffc955904a3cb22e08e6a218bac9f67c26aff810430
jdk23/debug/javap/TypedReceiver.txt	644a2c56d254b7f5fa9ba80670e3d02a9669e01d27ed79af9f3eb1678495a307
jdk23/debug/javap/WideRawParam.txt	32e088383eb2592a9d7024fdad617672d9dd852f63dc5c9f6c519674a14fbf1a
jdk23/debug/runtime/Array2DRawParam.jadx.txt	8a25af8b8504893fffac8c1872e3c93e85925b6aa0b3d9ff5f62750cee2ba267
jdk23/debug/runtime/Array2DRawParam.jarde.txt	f48a2d307b1f6c7abb8d91e7a8ed8a5ccc87d07c1114588c08ddfb0808240329
jdk23/debug/runtime/Array2DRawParam.original.txt	f48a2d307b1f6c7abb8d91e7a8ed8a5ccc87d07c1114588c08ddfb0808240329
jdk23/debug/runtime/ArrayRawParam.jadx.txt	65890eea8fe7c3065fbc2f644c7253d5354fdffeba56efc1a47107d7914063b6
jdk23/debug/runtime/ArrayRawParam.jarde.txt	d51f3b7d45328701a337bb2285770bcd1cf8f2179c66734c318010571e65ac8b
jdk23/debug/runtime/ArrayRawParam.original.txt	d51f3b7d45328701a337bb2285770bcd1cf8f2179c66734c318010571e65ac8b
jdk23/debug/runtime/BoundRawParam.jadx.txt	bdeb71e6ccb9da375831745c55c6fa5137fd29b7007948eecaea74516d6991ca
jdk23/debug/runtime/BoundRawParam.jarde.txt	0c5cb2a465e5db671d09e57d82dc7d2279cee6ef898da3154a4cac90f5c80de8
jdk23/debug/runtime/BoundRawParam.original.txt	0c5cb2a465e5db671d09e57d82dc7d2279cee6ef898da3154a4cac90f5c80de8
jdk23/debug/runtime/DirectInstanceRawParam.jadx.txt	b3cda9506188b60dd9d215bc5efd1dafb315f344e7cea3910361ebe407f0cc9b
jdk23/debug/runtime/DirectInstanceRawParam.jarde.txt	9358c79b8f63417a168963e9dc02e1e1359ee5bda8614638bec755f01d5683be
jdk23/debug/runtime/DirectInstanceRawParam.original.txt	9358c79b8f63417a168963e9dc02e1e1359ee5bda8614638bec755f01d5683be
jdk23/debug/runtime/InstanceRawLocal.jarde.txt	c4a0fd4eb5e838df4c7116cc09d11740387e51309b8dd9c85cb1eac73adb9692
jdk23/debug/runtime/InstanceRawLocal.original.txt	b5f800a25ef5e547f36ccdecb9d6798cca74aee4a8a677d83bd449aea30f57e1
jdk23/debug/runtime/MultiFormalRawParam.jadx.txt	8d284d37fb44425659f63776c8f684d596146724e653b1147b4adc2b7c50d4e2
jdk23/debug/runtime/MultiFormalRawParam.jarde.txt	8bc5d0b9f7ed8f8820c0a056a24f74615b3e6104dd1ccada41aee9975df41485
jdk23/debug/runtime/MultiFormalRawParam.original.txt	6d16de1512a82cf13a56f94903001249dbfdb1ab81b29b817616448334e1d0c4
jdk23/debug/runtime/NullRawParam.jadx.txt	f4e759450c3306919076b843e677ebd4315a206a7a08c607258e8ee49a6eb720
jdk23/debug/runtime/NullRawParam.jarde.txt	99432d5aa83e97874597f1a0fde12c2a963ce4099787ae00fd33faff35b18418
jdk23/debug/runtime/NullRawParam.original.txt	99432d5aa83e97874597f1a0fde12c2a963ce4099787ae00fd33faff35b18418
jdk23/debug/runtime/PrimitiveArrayRawParam.jadx.txt	8dbde5389e6da69a121d5ad297157ee52bcb682d49d75d8a4bc7844fd4d1d1e8
jdk23/debug/runtime/PrimitiveArrayRawParam.jarde.txt	e156798549dd3ab3c3eced5fadfdced0789f4ee0e3f65410c291f2c46434dfba
jdk23/debug/runtime/PrimitiveArrayRawParam.original.txt	e156798549dd3ab3c3eced5fadfdced0789f4ee0e3f65410c291f2c46434dfba
jdk23/debug/runtime/RawOwnerChild.jadx.txt	2404a47a7f7c206decbce521d1ad8ca2966f33929a01a6e1cd462d7eda65b76b
jdk23/debug/runtime/RawOwnerChild.jarde.txt	e65da6d8f2478e3a0b6f43759b106518ecb2b77f17bd072cf737ed70a4ac28ad
jdk23/debug/runtime/RawOwnerChild.original.txt	c25e0c82c8f818f082f08ceef41ac63b15ed1ce4bb020bcf1eff5396c577b047
jdk23/debug/runtime/RawParam.jadx.txt	33b65814b563635c3b26f292f11a234ec9eda87fc8bbf5409c3fc0f323ad9d3d
jdk23/debug/runtime/RawParam.jarde.txt	6a2e3f1a9739b680582fea7e805eed4d712c0aaa5f345bb00d8449a502e68b6d
jdk23/debug/runtime/RawParam.original.txt	6a2e3f1a9739b680582fea7e805eed4d712c0aaa5f345bb00d8449a502e68b6d
jdk23/debug/runtime/RetainedAliasRawParam.jadx.txt	f92fd71052669f4c2419e8516949617f14ee858caeb232d80d63117f41ea2d94
jdk23/debug/runtime/RetainedAliasRawParam.jarde.txt	587147b6fcdb6f90959b73653be0302d121556b4c0626fb20a88ff47291ce8ff
jdk23/debug/runtime/RetainedAliasRawParam.original.txt	587147b6fcdb6f90959b73653be0302d121556b4c0626fb20a88ff47291ce8ff
jdk23/debug/runtime/ShadowMethodT.jadx.txt	1c91e9e73e2b1038112652360b7e0dcd639e400df84523aac0d0102801a17264
jdk23/debug/runtime/ShadowMethodT.jarde.txt	ceb1dd45add8519cb6e22a15e06a6eab6b515c2f59d517b64ede6b379fcd7b53
jdk23/debug/runtime/ShadowMethodT.original.txt	e491f2fc9b0efb07abdaf9da8848a50d38b4da3848f045e3268c35d95124df5a
jdk23/debug/runtime/StaticRawLocal.jadx.txt	caa078a6f6a66a11482c09645632ebb52566091c80fab4fa927b1053dce64fde
jdk23/debug/runtime/StaticRawLocal.jarde.txt	25ea87cacc91c856b41331c020cf776ffda40333d737cff0309fadf5141463b0
jdk23/debug/runtime/StaticRawLocal.original.txt	25ea87cacc91c856b41331c020cf776ffda40333d737cff0309fadf5141463b0
jdk23/debug/runtime/ThisReceiver.jadx.txt	f2c2ade79741f3c077a9767a2c86b6f9e8b3c91395a41c1c035e78ca2c19717e
jdk23/debug/runtime/ThisReceiver.jarde.txt	9916911dd761a7b0d550673bef203cb77fb4cb96733a8fb0a2184fb7d3ba65b8
jdk23/debug/runtime/ThisReceiver.original.txt	9916911dd761a7b0d550673bef203cb77fb4cb96733a8fb0a2184fb7d3ba65b8
jdk23/debug/runtime/TypedReceiver.jadx.txt	1a07b6f4350dff1a6ca5a3e4ec3062096840ad9dbc1a6efbd816e82d4c9ccb31
jdk23/debug/runtime/TypedReceiver.jarde.txt	d7134843994e4b3ba1d434e5bdfba85531e98e0ec94492801f5dbfa4a5b0ca18
jdk23/debug/runtime/TypedReceiver.original.txt	7f08ef56194b137543c901f9bd3946d1ac0f4153f2cc202df75762d9c8052a16
jdk23/debug/runtime/WideRawParam.jadx.txt	bb098a483d7226c3ef490fd7d5502cfaae0fa2dc00a248054971f81a95f5b14e
jdk23/debug/runtime/WideRawParam.jarde.txt	9b6ad934d85edae64408a458838c3e4654befd592a41b43cedf7710c2e9b1512
jdk23/debug/runtime/WideRawParam.original.txt	9b6ad934d85edae64408a458838c3e4654befd592a41b43cedf7710c2e9b1512
jdk23/no-debug/jadx/Array2DRawParam/sources/defpackage/Array2DRawParam.java	7bf3005284b755fe00567641896be8ddcb1010ecdf431bb7cbd62e0fed69cd65
jdk23/no-debug/jadx/ArrayRawParam/sources/defpackage/ArrayRawParam.java	ce0ba57264c94dc463df8d3dbd6b3be4221b852d694a4a6471d38a3f13b35d4b
jdk23/no-debug/jadx/BoundRawParam/sources/defpackage/BoundRawParam.java	c728ec861a3d99357641665f0f7db8e272eda3309e78679b587b8bf8d4b156b7
jdk23/no-debug/jadx/DirectInstanceRawParam/sources/defpackage/DirectInstanceRawParam.java	d510980f6071ada1a310dd5a76fd7ff932c97703337c794fbccb526b8309c33c
jdk23/no-debug/jadx/InstanceRawLocal/sources/defpackage/InstanceRawLocal.java	183a867140d3ec0d651f1c6024251ab3805b4a7cb5736eab8893104121ed39df
jdk23/no-debug/jadx/MultiFormalRawParam/sources/defpackage/MultiFormalRawParam.java	7d015e6743c7ed99d6c7690a03fcf4ecf861a9c582097a14130d74c338cc9376
jdk23/no-debug/jadx/NullRawParam/sources/defpackage/NullRawParam.java	a851150cb6e01aab4844ecce9c0ebb6f65cf050e4aef37382ef53b379c9c7d87
jdk23/no-debug/jadx/PrimitiveArrayRawParam/sources/defpackage/PrimitiveArrayRawParam.java	331c49fc214f34eda5179d4a5fdd3a84dccbec84b083fc49d9121ea426240d11
jdk23/no-debug/jadx/RawOwnerChild/sources/defpackage/RawOwnerBase.java	a4256e0b800f68dffd6124722d909d24bb9958b2d27d0668e20575fd05ead39d
jdk23/no-debug/jadx/RawOwnerChild/sources/defpackage/RawOwnerChild.java	7b1d0110195f085b030ec850679ab6449421c0bc84e5a9decc86d154332e6a5b
jdk23/no-debug/jadx/RawParam/sources/defpackage/RawParam.java	12bd0a83b15704e980d959b9015f1cee6036fe3e2ea3cf799a394dd9a4732787
jdk23/no-debug/jadx/RetainedAliasRawParam/sources/defpackage/RetainedAliasRawParam.java	a04d278d436e9e8d24ab1aa54b93f44ae2766c59e3670b1f663515abdd163ced
jdk23/no-debug/jadx/ShadowMethodT/sources/defpackage/ShadowMethodT.java	a3cc4ded8594ea60b6a6aded917b5d81b18665b64ed2a0e7e869b7435445eeec
jdk23/no-debug/jadx/StaticRawLocal/sources/defpackage/StaticRawLocal.java	c62aaca50bf0904967018ce58649678d845644764106ae6e56fc95af81c82cd2
jdk23/no-debug/jadx/ThisReceiver/sources/defpackage/ThisReceiver.java	29bdbc10deda533facdba2757b0246d7b9e1284023c246cbff18c76ea9e82a3c
jdk23/no-debug/jadx/TypedReceiver/sources/defpackage/TypedReceiver.java	93a41a4f4f11b77fc7b06c143144ebb4254d182495e5a60594be22385b0e594b
jdk23/no-debug/jadx/WideRawParam/sources/defpackage/WideRawParam.java	688c4a0e9325d677f23f0a8f7c56c05436f009b6b8249eb0336dc5362904b189
jdk23/no-debug/jarde/Array2DRawParam.java	84b51bbf39ee444117977442cc40e3d8c27a72fb65b6164c7b2fbdfcc4eae13c
jdk23/no-debug/jarde/Array2DRawParam.stderr.txt	6eb14d10d45d5b12f9d2e7187fe9d54dd9e1fde43372b0a26c78ab5348464f86
jdk23/no-debug/jarde/ArrayRawParam.java	6eca13086c3cca27c7ef5ed7c3ebc60b7bd9d8daada5cdd7d9c1eb80bf88c0bf
jdk23/no-debug/jarde/ArrayRawParam.stderr.txt	125202f892a6151582e6aa3231c78c73c18c36221c046e1f024a3322aacc0641
jdk23/no-debug/jarde/BoundRawParam.java	81ee814aa442d16bedb0f72f370830c16ee2069d4e84754453ae15445e258294
jdk23/no-debug/jarde/BoundRawParam.stderr.txt	fc828cb3291ffbe352b2646a87b4867a7f00e8ae7b0f64b1535195a41f98e6e8
jdk23/no-debug/jarde/DirectInstanceRawParam.java	4a94736315b6eae244e0c86bd52673d4184206d783c03a281542fea7858efed2
jdk23/no-debug/jarde/DirectInstanceRawParam.stderr.txt	47ea18fa9408c1dabf71fa77f2b888aae764f837c85f6490be192916395f94c3
jdk23/no-debug/jarde/InstanceRawLocal.java	da10013688a30b0cc61c5f8ad8649f79792d67b4ea0d861293afdaf595225214
jdk23/no-debug/jarde/InstanceRawLocal.stderr.txt	28d93a2850dd82aa67ac5aba1012266186e05bee561a42af23e18592bddc81e5
jdk23/no-debug/jarde/MultiFormalRawParam.java	4b437b42cf47a3ccf750355128c463728a56d507544aa92a0cb529860058e62c
jdk23/no-debug/jarde/MultiFormalRawParam.stderr.txt	dfa69a99f1acaed5d6fea257580df8e6fd853dd0b0ec1288d276627155e872ad
jdk23/no-debug/jarde/NullRawParam.java	d68300b3bdd64dc0a1769de4c77a88e3eebccc14b47a17dc3e1ee4f8165ca2e2
jdk23/no-debug/jarde/NullRawParam.stderr.txt	f08444f1216a55ca75854878b9671248536759cf93d348753224fcbc0bca5cb5
jdk23/no-debug/jarde/PrimitiveArrayRawParam.java	90298d00e9daee2bf9bea1ca50260dee0b170c49e8bc25e85ffbce8789fa2c77
jdk23/no-debug/jarde/PrimitiveArrayRawParam.stderr.txt	a223cdc34745c092deddaf010faa04a3f274b45a32f78b51b294c85cfdc884b4
jdk23/no-debug/jarde/RawOwnerBase.java	f400195673e17b46cfe5e1ecf2dfa6ad1e569fc2a83c23d92202a00ba21aba24
jdk23/no-debug/jarde/RawOwnerBase.stderr.txt	d862e222c52a8aaea762c793c0d0efdf1b1768d2f6553dcddcaf58b487c51974
jdk23/no-debug/jarde/RawOwnerChild.java	8bc50b0f6cb5bc0a65e96706a623c1fc4bc19fa7d9d3586ebaace845198a1015
jdk23/no-debug/jarde/RawOwnerChild.stderr.txt	785b3996fe0c6de2fa96cf62e13e7875e2a924bd98533095f80e24dfe25c1bfa
jdk23/no-debug/jarde/RawParam.java	deadf9d5abebeb93b29bb8330dd107c0f9f84ba1ddfa430103fcb8261f91caa4
jdk23/no-debug/jarde/RawParam.stderr.txt	25866e5241d7b76dcb46125351285df3c1e320447cadacc91869066249a10f25
jdk23/no-debug/jarde/RetainedAliasRawParam.java	e3536151d6425f7cf9e601be73cd6fccdb94be39c2157ee6ae0f84a8c7d364e5
jdk23/no-debug/jarde/RetainedAliasRawParam.stderr.txt	731dccceb4a589f890e2dcce44a1ff47e6ad258ad95b2189d0b30eaf9052b293
jdk23/no-debug/jarde/ShadowMethodT.java	d40fba0fc2def10495115feecb8a0139d3b24cd1fb22da16660c49bde2ca9953
jdk23/no-debug/jarde/ShadowMethodT.stderr.txt	7e59a9b459c2cf1462204c71d65bbda51d07bdfa248995fc58d10520bce1cae7
jdk23/no-debug/jarde/StaticRawLocal.java	fd3a53f3051037b2d49c8966c16550fc2360b0f7494664a72673443748783747
jdk23/no-debug/jarde/StaticRawLocal.stderr.txt	9e0b8ba0ec482275ae3b72f696eb6d68f80694fb4dc45022432ea54c0c5a0913
jdk23/no-debug/jarde/ThisReceiver.java	0c40a3e0e09b0e97ca13b527dcc647a9f01c29a3f73f31f6d7de68b4408b0d8f
jdk23/no-debug/jarde/ThisReceiver.stderr.txt	d543afd253b586d885c3c9b1fa42b34a7437e1623643df171e81476da8d2d624
jdk23/no-debug/jarde/TypedReceiver.java	bc23f6d670ae4739cc5c483c23851a87180cb7706f8bb4daa8c17c88625efb56
jdk23/no-debug/jarde/TypedReceiver.stderr.txt	304022e8c5457405bea72c3d26344d6b2b1703568e6ed8b5499ef30ba3e0ac0a
jdk23/no-debug/jarde/WideRawParam.java	1fffb038dc24c28f794c348a356b25bf8f3cac2017e72733ba1b38208c722010
jdk23/no-debug/jarde/WideRawParam.stderr.txt	d2be74eaf61da6b3eb3d3ffd6f69687f63a7737b1979448c3db33fe42e30e3fa
jdk23/no-debug/javap/Array2DRawParam.txt	de0dd64fa34b565d95e66c3dd20304a0c61908e78e94815258d484d805894dee
jdk23/no-debug/javap/ArrayRawParam.txt	76131af95db7c4c709ae0a1ac1f17e1941539e37fef78db6fe7c544ea40a3f77
jdk23/no-debug/javap/BoundRawParam.txt	a5cc3eb82c80f8280fbc27eb671f298f44ad55c18b51ebd9fb1b1dfee515319e
jdk23/no-debug/javap/DirectInstanceRawParam.txt	86b769b524ec33859cadd81aa8555413bab468a4f6c6fb443e23e3bcfd337a1b
jdk23/no-debug/javap/InstanceRawLocal.txt	ff39951f4582e15378eac0ce1397753e028059a8a7446254fc50b21b7e777eee
jdk23/no-debug/javap/MultiFormalRawParam.txt	4a09857ffb5fb119716fadaab498240930a0315b6ec6efcbac843d0b6ecd0729
jdk23/no-debug/javap/NullRawParam.txt	3da7f16383956fcfba0362b07d0397c4521642a0129cb1d11a6d5b0794734e43
jdk23/no-debug/javap/PrimitiveArrayRawParam.txt	46921aa1b278c7e676eeb72ee249cc5b9b5c6ce85a313d320faa4514e476c6ae
jdk23/no-debug/javap/RawOwnerChild.txt	1faa3568f1ac92d22de17f20c46261e9ec207e3b1e8a44f5dbe98337e214c13e
jdk23/no-debug/javap/RawParam.txt	da4a2617e0e141bd47eda6588e1493e538f200232d07ad2b4b45a375ba72b62a
jdk23/no-debug/javap/RetainedAliasRawParam.txt	62fc5ac7f72922c89480e5a834531e8f83800794857777d7708557259feddc97
jdk23/no-debug/javap/ShadowMethodT.txt	21bdc1dc6eaae9e029c98be6702c2be862675bb102994fb0ffea284c0fa0e895
jdk23/no-debug/javap/StaticRawLocal.txt	650bcea27e776c0eb6eae39111c62625889c7fb1ecc319bd62b40869f51404c4
jdk23/no-debug/javap/ThisReceiver.txt	f8cb778404269f6dbb0e4ec7b2557386cfba4cb551527c4b21529354aa8df6c4
jdk23/no-debug/javap/TypedReceiver.txt	e3d115aedb5acf674231df3249b1cfc3da3ec4db2a135c59cff7fa9042f29958
jdk23/no-debug/javap/WideRawParam.txt	8040f386f71de3028b172bcf3c865af0c91588114f3b077d990cb692bcaa77d8
jdk23/no-debug/runtime/Array2DRawParam.jadx.txt	8a25af8b8504893fffac8c1872e3c93e85925b6aa0b3d9ff5f62750cee2ba267
jdk23/no-debug/runtime/Array2DRawParam.jarde.txt	f48a2d307b1f6c7abb8d91e7a8ed8a5ccc87d07c1114588c08ddfb0808240329
jdk23/no-debug/runtime/Array2DRawParam.original.txt	f48a2d307b1f6c7abb8d91e7a8ed8a5ccc87d07c1114588c08ddfb0808240329
jdk23/no-debug/runtime/ArrayRawParam.jadx.txt	65890eea8fe7c3065fbc2f644c7253d5354fdffeba56efc1a47107d7914063b6
jdk23/no-debug/runtime/ArrayRawParam.jarde.txt	d51f3b7d45328701a337bb2285770bcd1cf8f2179c66734c318010571e65ac8b
jdk23/no-debug/runtime/ArrayRawParam.original.txt	d51f3b7d45328701a337bb2285770bcd1cf8f2179c66734c318010571e65ac8b
jdk23/no-debug/runtime/BoundRawParam.jadx.txt	bdeb71e6ccb9da375831745c55c6fa5137fd29b7007948eecaea74516d6991ca
jdk23/no-debug/runtime/BoundRawParam.jarde.txt	0c5cb2a465e5db671d09e57d82dc7d2279cee6ef898da3154a4cac90f5c80de8
jdk23/no-debug/runtime/BoundRawParam.original.txt	0c5cb2a465e5db671d09e57d82dc7d2279cee6ef898da3154a4cac90f5c80de8
jdk23/no-debug/runtime/DirectInstanceRawParam.jadx.txt	b3cda9506188b60dd9d215bc5efd1dafb315f344e7cea3910361ebe407f0cc9b
jdk23/no-debug/runtime/DirectInstanceRawParam.jarde.txt	9358c79b8f63417a168963e9dc02e1e1359ee5bda8614638bec755f01d5683be
jdk23/no-debug/runtime/DirectInstanceRawParam.original.txt	9358c79b8f63417a168963e9dc02e1e1359ee5bda8614638bec755f01d5683be
jdk23/no-debug/runtime/InstanceRawLocal.jarde.txt	c4a0fd4eb5e838df4c7116cc09d11740387e51309b8dd9c85cb1eac73adb9692
jdk23/no-debug/runtime/InstanceRawLocal.original.txt	b5f800a25ef5e547f36ccdecb9d6798cca74aee4a8a677d83bd449aea30f57e1
jdk23/no-debug/runtime/MultiFormalRawParam.jadx.txt	8d284d37fb44425659f63776c8f684d596146724e653b1147b4adc2b7c50d4e2
jdk23/no-debug/runtime/MultiFormalRawParam.jarde.txt	8bc5d0b9f7ed8f8820c0a056a24f74615b3e6104dd1ccada41aee9975df41485
jdk23/no-debug/runtime/MultiFormalRawParam.original.txt	6d16de1512a82cf13a56f94903001249dbfdb1ab81b29b817616448334e1d0c4
jdk23/no-debug/runtime/NullRawParam.jadx.txt	f4e759450c3306919076b843e677ebd4315a206a7a08c607258e8ee49a6eb720
jdk23/no-debug/runtime/NullRawParam.jarde.txt	99432d5aa83e97874597f1a0fde12c2a963ce4099787ae00fd33faff35b18418
jdk23/no-debug/runtime/NullRawParam.original.txt	99432d5aa83e97874597f1a0fde12c2a963ce4099787ae00fd33faff35b18418
jdk23/no-debug/runtime/PrimitiveArrayRawParam.jadx.txt	8dbde5389e6da69a121d5ad297157ee52bcb682d49d75d8a4bc7844fd4d1d1e8
jdk23/no-debug/runtime/PrimitiveArrayRawParam.jarde.txt	e156798549dd3ab3c3eced5fadfdced0789f4ee0e3f65410c291f2c46434dfba
jdk23/no-debug/runtime/PrimitiveArrayRawParam.original.txt	e156798549dd3ab3c3eced5fadfdced0789f4ee0e3f65410c291f2c46434dfba
jdk23/no-debug/runtime/RawOwnerChild.jadx.txt	2404a47a7f7c206decbce521d1ad8ca2966f33929a01a6e1cd462d7eda65b76b
jdk23/no-debug/runtime/RawOwnerChild.jarde.txt	e65da6d8f2478e3a0b6f43759b106518ecb2b77f17bd072cf737ed70a4ac28ad
jdk23/no-debug/runtime/RawOwnerChild.original.txt	c25e0c82c8f818f082f08ceef41ac63b15ed1ce4bb020bcf1eff5396c577b047
jdk23/no-debug/runtime/RawParam.jadx.txt	33b65814b563635c3b26f292f11a234ec9eda87fc8bbf5409c3fc0f323ad9d3d
jdk23/no-debug/runtime/RawParam.jarde.txt	6a2e3f1a9739b680582fea7e805eed4d712c0aaa5f345bb00d8449a502e68b6d
jdk23/no-debug/runtime/RawParam.original.txt	6a2e3f1a9739b680582fea7e805eed4d712c0aaa5f345bb00d8449a502e68b6d
jdk23/no-debug/runtime/RetainedAliasRawParam.jadx.txt	f92fd71052669f4c2419e8516949617f14ee858caeb232d80d63117f41ea2d94
jdk23/no-debug/runtime/RetainedAliasRawParam.jarde.txt	587147b6fcdb6f90959b73653be0302d121556b4c0626fb20a88ff47291ce8ff
jdk23/no-debug/runtime/RetainedAliasRawParam.original.txt	587147b6fcdb6f90959b73653be0302d121556b4c0626fb20a88ff47291ce8ff
jdk23/no-debug/runtime/ShadowMethodT.jadx.txt	1c91e9e73e2b1038112652360b7e0dcd639e400df84523aac0d0102801a17264
jdk23/no-debug/runtime/ShadowMethodT.jarde.txt	ceb1dd45add8519cb6e22a15e06a6eab6b515c2f59d517b64ede6b379fcd7b53
jdk23/no-debug/runtime/ShadowMethodT.original.txt	e491f2fc9b0efb07abdaf9da8848a50d38b4da3848f045e3268c35d95124df5a
jdk23/no-debug/runtime/StaticRawLocal.jadx.txt	caa078a6f6a66a11482c09645632ebb52566091c80fab4fa927b1053dce64fde
jdk23/no-debug/runtime/StaticRawLocal.jarde.txt	25ea87cacc91c856b41331c020cf776ffda40333d737cff0309fadf5141463b0
jdk23/no-debug/runtime/StaticRawLocal.original.txt	25ea87cacc91c856b41331c020cf776ffda40333d737cff0309fadf5141463b0
jdk23/no-debug/runtime/ThisReceiver.jadx.txt	f2c2ade79741f3c077a9767a2c86b6f9e8b3c91395a41c1c035e78ca2c19717e
jdk23/no-debug/runtime/ThisReceiver.jarde.txt	9916911dd761a7b0d550673bef203cb77fb4cb96733a8fb0a2184fb7d3ba65b8
jdk23/no-debug/runtime/ThisReceiver.original.txt	9916911dd761a7b0d550673bef203cb77fb4cb96733a8fb0a2184fb7d3ba65b8
jdk23/no-debug/runtime/TypedReceiver.jadx.txt	1a07b6f4350dff1a6ca5a3e4ec3062096840ad9dbc1a6efbd816e82d4c9ccb31
jdk23/no-debug/runtime/TypedReceiver.jarde.txt	d7134843994e4b3ba1d434e5bdfba85531e98e0ec94492801f5dbfa4a5b0ca18
jdk23/no-debug/runtime/TypedReceiver.original.txt	7f08ef56194b137543c901f9bd3946d1ac0f4153f2cc202df75762d9c8052a16
jdk23/no-debug/runtime/WideRawParam.jadx.txt	bb098a483d7226c3ef490fd7d5502cfaae0fa2dc00a248054971f81a95f5b14e
jdk23/no-debug/runtime/WideRawParam.jarde.txt	9b6ad934d85edae64408a458838c3e4654befd592a41b43cedf7710c2e9b1512
jdk23/no-debug/runtime/WideRawParam.original.txt	9b6ad934d85edae64408a458838c3e4654befd592a41b43cedf7710c2e9b1512
jdk23/versions/java.txt	11d9a1559a3f4fab380e536f54e14acacdbd9fb56e147f04a9cc4723e3c229f7
jdk23/versions/javac.txt	8b08d363e50e3d8f80fe38c5910e7f52b3e267b192efacb74878c7103361d3cd
jdk8/debug/jadx/Array2DRawParam/sources/defpackage/Array2DRawParam.java	d9af1990c95193456c46473f31939177a2632e34152dde0ed791caf10ac40d27
jdk8/debug/jadx/ArrayRawParam/sources/defpackage/ArrayRawParam.java	b9356814382670f5cc31457caf107ca11a4836ca88b6a2964a73120afa021457
jdk8/debug/jadx/BoundRawParam/sources/defpackage/BoundRawParam.java	4545a9f6e22269ff21bcac1e1abc69f7f9186d982c4c395eb5c10471783b9eda
jdk8/debug/jadx/DirectInstanceRawParam/sources/defpackage/DirectInstanceRawParam.java	d5a81d1a0941226f34e220c355943cd81eace76a7f72ab9c0a07e079166af029
jdk8/debug/jadx/InstanceRawLocal/sources/defpackage/InstanceRawLocal.java	183a867140d3ec0d651f1c6024251ab3805b4a7cb5736eab8893104121ed39df
jdk8/debug/jadx/MultiFormalRawParam/sources/defpackage/MultiFormalRawParam.java	46dff0ad150401facc3becf5fa2e92685a87d46f2c9b537e02a20af4e0da4072
jdk8/debug/jadx/NullRawParam/sources/defpackage/NullRawParam.java	2497fde8c7696cef28caddbb5432e9775944289511bd27767183fd2665087b19
jdk8/debug/jadx/PrimitiveArrayRawParam/sources/defpackage/PrimitiveArrayRawParam.java	6e080e95264345c55088fab59d326568454b5c431b3bd4674254c4c3f7931b0b
jdk8/debug/jadx/RawOwnerChild/sources/defpackage/RawOwnerBase.java	a4256e0b800f68dffd6124722d909d24bb9958b2d27d0668e20575fd05ead39d
jdk8/debug/jadx/RawOwnerChild/sources/defpackage/RawOwnerChild.java	ea53cd737a4ca1e297f8ae71a5ed156924a2cf3ad7c61206b43694e7cb016fde
jdk8/debug/jadx/RawParam/sources/defpackage/RawParam.java	a36e1bd1ec630ddccadc5178ea2ef1483d9b784fef412784d34d672f34d9c855
jdk8/debug/jadx/RetainedAliasRawParam/sources/defpackage/RetainedAliasRawParam.java	0d8c28f014d9873131e2277ec147645b4f2e8f88f10d96ebafa1ca68ec7519a9
jdk8/debug/jadx/ShadowMethodT/sources/defpackage/ShadowMethodT.java	e638423e067858654f869a3c38d7f38daf64e4a0855011122ace6be028722f99
jdk8/debug/jadx/StaticRawLocal/sources/defpackage/StaticRawLocal.java	0875242685024debb56daf13e862932967d9e7c860f92e7b89c872dc99a16be8
jdk8/debug/jadx/ThisReceiver/sources/defpackage/ThisReceiver.java	908f8f9ccda887868f6a515f1942aed41297b5a73a55e0a062da8faeca7b049f
jdk8/debug/jadx/TypedReceiver/sources/defpackage/TypedReceiver.java	f6885117b5b3c43020e4cede27dbe323b9d8ef2900b0d386adc3a22e1abcc97f
jdk8/debug/jadx/WideRawParam/sources/defpackage/WideRawParam.java	1b5390662572c65827dc2e38557a649a6c3f92cb2c6813556092327e680a54fd
jdk8/debug/jarde/Array2DRawParam.java	d4ba813f6f198eed97a53a5c193bca2f69698ce49b7a93aa69e279e7c27acb62
jdk8/debug/jarde/Array2DRawParam.stderr.txt	76d4b0cf7f7c59e46ea198db8853fb50a88d27228c6f647c60f2be976ad6df9c
jdk8/debug/jarde/ArrayRawParam.java	c8c72849f11741a77f70b21b0436745c69e7f2e9d60ae7c7724adfd147a8faab
jdk8/debug/jarde/ArrayRawParam.stderr.txt	4ce8417d588bb3e873e7c63ff2881a7e984667ed9c5fb6c38688f5bb59accbb6
jdk8/debug/jarde/BoundRawParam.java	6780b9df7fd79af1b6d8e0acb289d0257a77eaa548101c8cfe3fdc3911d66eac
jdk8/debug/jarde/BoundRawParam.stderr.txt	512ded7eaecf54ffc3950d028e80c732999884ae8e14ec4b0d80ce71ae8fc2a4
jdk8/debug/jarde/DirectInstanceRawParam.java	66882766f2731a7d18b72428b8ad38d8f2bd8e0183b4bf42ab71e0a8bcb56671
jdk8/debug/jarde/DirectInstanceRawParam.stderr.txt	7e548463c95a58920be22fe92d3939a426551fee4ad252216be3126b6deebf9d
jdk8/debug/jarde/InstanceRawLocal.java	5739eae80933689e02968db38be749560fea18f7852efc7071bc402ac1657445
jdk8/debug/jarde/InstanceRawLocal.stderr.txt	bc18d52dff814df62ff68c5615b4c14d2f06a738ea985b8df39ff8e792eb84cd
jdk8/debug/jarde/MultiFormalRawParam.java	fc2962c0aac9ec98ea86aa50ec132f77514a683ba76d7c329493e954bce56e48
jdk8/debug/jarde/MultiFormalRawParam.stderr.txt	a09fe789081623a2eda541d06ba02336aef85c07c1f75d85bb09715dbbcf77d3
jdk8/debug/jarde/NullRawParam.java	f60daa335370ba4b9535a79d8a6039e957fde7f7fbf1179b722b7dff8c1bb168
jdk8/debug/jarde/NullRawParam.stderr.txt	b6a9695c208f04a5d492074df629a0d4763880253c7fb7c4d3f11264b352a4ef
jdk8/debug/jarde/PrimitiveArrayRawParam.java	ca19f53923fbfb66917c75ea83f0d5053343cf8c6aa62b562778ef54d5028a26
jdk8/debug/jarde/PrimitiveArrayRawParam.stderr.txt	6ed748f4c4739e139098d698f6a8005d24298ba374e516185383ed3a45299171
jdk8/debug/jarde/RawOwnerBase.java	f400195673e17b46cfe5e1ecf2dfa6ad1e569fc2a83c23d92202a00ba21aba24
jdk8/debug/jarde/RawOwnerBase.stderr.txt	8824f209e7a2b6085403ac415258bb95ceaedfbcd2bad72feaf8ee3bce3d5f2e
jdk8/debug/jarde/RawOwnerChild.java	85654234ed265aea8c2af90fe4353ca2be2b352c36d98476b0f89a9661e064cd
jdk8/debug/jarde/RawOwnerChild.stderr.txt	c3557c4d5eaad6a041d16ea5ac9e910639ad677f617c14b9689a3fb89bd32b08
jdk8/debug/jarde/RawParam.java	e086985b6879bfbebb341e501fb7f963bc33d5623ac87904b40e011163135e9b
jdk8/debug/jarde/RawParam.stderr.txt	50eab7f0725a3bac30972893171f04a17dc8f9e23a83dea8a83a61f4b6cdaada
jdk8/debug/jarde/RetainedAliasRawParam.java	67c03164c7f4c286881d760c247bdc8ed73c851a4377db2751830cc607eb3f89
jdk8/debug/jarde/RetainedAliasRawParam.stderr.txt	6c02e8343a4bc464912cb13f410d073a98537bf20cc2f92457153e45beb25977
jdk8/debug/jarde/ShadowMethodT.java	4bd7e971db097e54afcb2dfe2a4ccc9029b04e3c9626bd76bd0ee0e0b5a316b4
jdk8/debug/jarde/ShadowMethodT.stderr.txt	d0552134a214b5305693f9906f025857884cf6a510cdba3c7af6f656dbc98ba6
jdk8/debug/jarde/StaticRawLocal.java	9ec274de3d0847441e7de73ff79a6d027179b6c14306c18643ee8e2346b54332
jdk8/debug/jarde/StaticRawLocal.stderr.txt	1723220adff8f3cda10678de28b9682709e49db2febb19bf57735fd2b92d7037
jdk8/debug/jarde/ThisReceiver.java	a97d2cf3fb8ae606b390fe7a96386fb611ca686a76a5a25889978f7e8fc03c52
jdk8/debug/jarde/ThisReceiver.stderr.txt	c0b6ff480120f241e04e298060556ad0eae808fd382767b339e68f79a594ef48
jdk8/debug/jarde/TypedReceiver.java	161785be22add146d3c6fd6f56636a636935030610ccacf7511a7d7982dd2e71
jdk8/debug/jarde/TypedReceiver.stderr.txt	ed3dcf74950eae1e048cd81e80837291049b89190314aec06b4c3e6c73034212
jdk8/debug/jarde/WideRawParam.java	a8c2366e3a709f7941c00dff72d5921e0b3e9772cd7195d3caf1094bb0a95be9
jdk8/debug/jarde/WideRawParam.stderr.txt	cabc952079cfaa432f0a133c936d42c7d1295f169b60776e4d6ce2df20c941c1
jdk8/debug/javap/Array2DRawParam.txt	deba0d0fd6477619e89f6e76cb0525d7928b911974091d0073491756b6417e97
jdk8/debug/javap/ArrayRawParam.txt	4c7ce421a74e0ffc33ec4ecc7a9712fe726a9b9db67edf403b567249c28fe909
jdk8/debug/javap/BoundRawParam.txt	0583d8322acdeef96e916b2cd62e0e25b844428cb9daff422eefb25ea2352e81
jdk8/debug/javap/DirectInstanceRawParam.txt	985b63aa149ff87b9b79d1688950f005707ac1fe3ebca01c335333d2b931f006
jdk8/debug/javap/InstanceRawLocal.txt	9249a05a4572e949a37723bf4ff6085801591039804b4eee4014d3dd1f8cfd06
jdk8/debug/javap/MultiFormalRawParam.txt	dd1d4e622d2f408c5f5449b163dce274f44ce66b401816ce045a25ad1fc513c7
jdk8/debug/javap/NullRawParam.txt	139d2e1df5d613b81e80530d7449c85459b12960a83cda1800ca1f8801c39daf
jdk8/debug/javap/PrimitiveArrayRawParam.txt	6c4c7ae38c5a52141338d2360ce13fbbcd8a280a300025a4a460905647984ee8
jdk8/debug/javap/RawOwnerChild.txt	a3a1264e9c4e89058dde177c37e9e84d5d04b0241e271244df647a02a10108f8
jdk8/debug/javap/RawParam.txt	bc0b7e43895553691716cf1abb0c59faf3ab7b72ef31d17ce517b552e969b435
jdk8/debug/javap/RetainedAliasRawParam.txt	3cb057158548fc3131bab5f82e09bcb27fd50bfa5ef8d55801944101226deb0e
jdk8/debug/javap/ShadowMethodT.txt	5f88b0dbb9231e78d4e602f89003a6cb83bbca11530d969965acb02353395676
jdk8/debug/javap/StaticRawLocal.txt	e0994f098dd155f0f2867b8a271f4c7dfb09c0342b8f7ac40d767ee8c18864e4
jdk8/debug/javap/ThisReceiver.txt	2f2a02e12469f568ae016a6557d63d63bdb89f4e4ab63fe6a2e6ddf9a205ecaf
jdk8/debug/javap/TypedReceiver.txt	0fafdbe630a9c84f8a1689942d1d318fbf4965b15a3f175ce3af6e45ad59f135
jdk8/debug/javap/WideRawParam.txt	251a24fecb60d9545e8c5bff05871e4aec25485f0800735c1fe9de099cd4efdb
jdk8/debug/runtime/Array2DRawParam.jadx.txt	8a25af8b8504893fffac8c1872e3c93e85925b6aa0b3d9ff5f62750cee2ba267
jdk8/debug/runtime/Array2DRawParam.jarde.txt	f48a2d307b1f6c7abb8d91e7a8ed8a5ccc87d07c1114588c08ddfb0808240329
jdk8/debug/runtime/Array2DRawParam.original.txt	f48a2d307b1f6c7abb8d91e7a8ed8a5ccc87d07c1114588c08ddfb0808240329
jdk8/debug/runtime/ArrayRawParam.jadx.txt	65890eea8fe7c3065fbc2f644c7253d5354fdffeba56efc1a47107d7914063b6
jdk8/debug/runtime/ArrayRawParam.jarde.txt	d51f3b7d45328701a337bb2285770bcd1cf8f2179c66734c318010571e65ac8b
jdk8/debug/runtime/ArrayRawParam.original.txt	d51f3b7d45328701a337bb2285770bcd1cf8f2179c66734c318010571e65ac8b
jdk8/debug/runtime/BoundRawParam.jadx.txt	bdeb71e6ccb9da375831745c55c6fa5137fd29b7007948eecaea74516d6991ca
jdk8/debug/runtime/BoundRawParam.jarde.txt	0c5cb2a465e5db671d09e57d82dc7d2279cee6ef898da3154a4cac90f5c80de8
jdk8/debug/runtime/BoundRawParam.original.txt	0c5cb2a465e5db671d09e57d82dc7d2279cee6ef898da3154a4cac90f5c80de8
jdk8/debug/runtime/DirectInstanceRawParam.jadx.txt	b3cda9506188b60dd9d215bc5efd1dafb315f344e7cea3910361ebe407f0cc9b
jdk8/debug/runtime/DirectInstanceRawParam.jarde.txt	9358c79b8f63417a168963e9dc02e1e1359ee5bda8614638bec755f01d5683be
jdk8/debug/runtime/DirectInstanceRawParam.original.txt	9358c79b8f63417a168963e9dc02e1e1359ee5bda8614638bec755f01d5683be
jdk8/debug/runtime/InstanceRawLocal.jarde.txt	c4a0fd4eb5e838df4c7116cc09d11740387e51309b8dd9c85cb1eac73adb9692
jdk8/debug/runtime/InstanceRawLocal.original.txt	b5f800a25ef5e547f36ccdecb9d6798cca74aee4a8a677d83bd449aea30f57e1
jdk8/debug/runtime/MultiFormalRawParam.jadx.txt	8d284d37fb44425659f63776c8f684d596146724e653b1147b4adc2b7c50d4e2
jdk8/debug/runtime/MultiFormalRawParam.jarde.txt	8bc5d0b9f7ed8f8820c0a056a24f74615b3e6104dd1ccada41aee9975df41485
jdk8/debug/runtime/MultiFormalRawParam.original.txt	6d16de1512a82cf13a56f94903001249dbfdb1ab81b29b817616448334e1d0c4
jdk8/debug/runtime/NullRawParam.jadx.txt	f4e759450c3306919076b843e677ebd4315a206a7a08c607258e8ee49a6eb720
jdk8/debug/runtime/NullRawParam.jarde.txt	99432d5aa83e97874597f1a0fde12c2a963ce4099787ae00fd33faff35b18418
jdk8/debug/runtime/NullRawParam.original.txt	99432d5aa83e97874597f1a0fde12c2a963ce4099787ae00fd33faff35b18418
jdk8/debug/runtime/PrimitiveArrayRawParam.jadx.txt	8dbde5389e6da69a121d5ad297157ee52bcb682d49d75d8a4bc7844fd4d1d1e8
jdk8/debug/runtime/PrimitiveArrayRawParam.jarde.txt	e156798549dd3ab3c3eced5fadfdced0789f4ee0e3f65410c291f2c46434dfba
jdk8/debug/runtime/PrimitiveArrayRawParam.original.txt	e156798549dd3ab3c3eced5fadfdced0789f4ee0e3f65410c291f2c46434dfba
jdk8/debug/runtime/RawOwnerChild.jadx.txt	2404a47a7f7c206decbce521d1ad8ca2966f33929a01a6e1cd462d7eda65b76b
jdk8/debug/runtime/RawOwnerChild.jarde.txt	e65da6d8f2478e3a0b6f43759b106518ecb2b77f17bd072cf737ed70a4ac28ad
jdk8/debug/runtime/RawOwnerChild.original.txt	c25e0c82c8f818f082f08ceef41ac63b15ed1ce4bb020bcf1eff5396c577b047
jdk8/debug/runtime/RawParam.jadx.txt	33b65814b563635c3b26f292f11a234ec9eda87fc8bbf5409c3fc0f323ad9d3d
jdk8/debug/runtime/RawParam.jarde.txt	6a2e3f1a9739b680582fea7e805eed4d712c0aaa5f345bb00d8449a502e68b6d
jdk8/debug/runtime/RawParam.original.txt	6a2e3f1a9739b680582fea7e805eed4d712c0aaa5f345bb00d8449a502e68b6d
jdk8/debug/runtime/RetainedAliasRawParam.jadx.txt	f92fd71052669f4c2419e8516949617f14ee858caeb232d80d63117f41ea2d94
jdk8/debug/runtime/RetainedAliasRawParam.jarde.txt	587147b6fcdb6f90959b73653be0302d121556b4c0626fb20a88ff47291ce8ff
jdk8/debug/runtime/RetainedAliasRawParam.original.txt	587147b6fcdb6f90959b73653be0302d121556b4c0626fb20a88ff47291ce8ff
jdk8/debug/runtime/ShadowMethodT.jadx.txt	1c91e9e73e2b1038112652360b7e0dcd639e400df84523aac0d0102801a17264
jdk8/debug/runtime/ShadowMethodT.jarde.txt	ceb1dd45add8519cb6e22a15e06a6eab6b515c2f59d517b64ede6b379fcd7b53
jdk8/debug/runtime/ShadowMethodT.original.txt	e491f2fc9b0efb07abdaf9da8848a50d38b4da3848f045e3268c35d95124df5a
jdk8/debug/runtime/StaticRawLocal.jadx.txt	caa078a6f6a66a11482c09645632ebb52566091c80fab4fa927b1053dce64fde
jdk8/debug/runtime/StaticRawLocal.jarde.txt	25ea87cacc91c856b41331c020cf776ffda40333d737cff0309fadf5141463b0
jdk8/debug/runtime/StaticRawLocal.original.txt	25ea87cacc91c856b41331c020cf776ffda40333d737cff0309fadf5141463b0
jdk8/debug/runtime/ThisReceiver.jadx.txt	f2c2ade79741f3c077a9767a2c86b6f9e8b3c91395a41c1c035e78ca2c19717e
jdk8/debug/runtime/ThisReceiver.jarde.txt	9916911dd761a7b0d550673bef203cb77fb4cb96733a8fb0a2184fb7d3ba65b8
jdk8/debug/runtime/ThisReceiver.original.txt	9916911dd761a7b0d550673bef203cb77fb4cb96733a8fb0a2184fb7d3ba65b8
jdk8/debug/runtime/TypedReceiver.jadx.txt	1a07b6f4350dff1a6ca5a3e4ec3062096840ad9dbc1a6efbd816e82d4c9ccb31
jdk8/debug/runtime/TypedReceiver.jarde.txt	d7134843994e4b3ba1d434e5bdfba85531e98e0ec94492801f5dbfa4a5b0ca18
jdk8/debug/runtime/TypedReceiver.original.txt	7f08ef56194b137543c901f9bd3946d1ac0f4153f2cc202df75762d9c8052a16
jdk8/debug/runtime/WideRawParam.jadx.txt	bb098a483d7226c3ef490fd7d5502cfaae0fa2dc00a248054971f81a95f5b14e
jdk8/debug/runtime/WideRawParam.jarde.txt	9b6ad934d85edae64408a458838c3e4654befd592a41b43cedf7710c2e9b1512
jdk8/debug/runtime/WideRawParam.original.txt	9b6ad934d85edae64408a458838c3e4654befd592a41b43cedf7710c2e9b1512
jdk8/no-debug/jadx/Array2DRawParam/sources/defpackage/Array2DRawParam.java	7bf3005284b755fe00567641896be8ddcb1010ecdf431bb7cbd62e0fed69cd65
jdk8/no-debug/jadx/ArrayRawParam/sources/defpackage/ArrayRawParam.java	ce0ba57264c94dc463df8d3dbd6b3be4221b852d694a4a6471d38a3f13b35d4b
jdk8/no-debug/jadx/BoundRawParam/sources/defpackage/BoundRawParam.java	c728ec861a3d99357641665f0f7db8e272eda3309e78679b587b8bf8d4b156b7
jdk8/no-debug/jadx/DirectInstanceRawParam/sources/defpackage/DirectInstanceRawParam.java	d510980f6071ada1a310dd5a76fd7ff932c97703337c794fbccb526b8309c33c
jdk8/no-debug/jadx/InstanceRawLocal/sources/defpackage/InstanceRawLocal.java	183a867140d3ec0d651f1c6024251ab3805b4a7cb5736eab8893104121ed39df
jdk8/no-debug/jadx/MultiFormalRawParam/sources/defpackage/MultiFormalRawParam.java	7d015e6743c7ed99d6c7690a03fcf4ecf861a9c582097a14130d74c338cc9376
jdk8/no-debug/jadx/NullRawParam/sources/defpackage/NullRawParam.java	a851150cb6e01aab4844ecce9c0ebb6f65cf050e4aef37382ef53b379c9c7d87
jdk8/no-debug/jadx/PrimitiveArrayRawParam/sources/defpackage/PrimitiveArrayRawParam.java	331c49fc214f34eda5179d4a5fdd3a84dccbec84b083fc49d9121ea426240d11
jdk8/no-debug/jadx/RawOwnerChild/sources/defpackage/RawOwnerBase.java	a4256e0b800f68dffd6124722d909d24bb9958b2d27d0668e20575fd05ead39d
jdk8/no-debug/jadx/RawOwnerChild/sources/defpackage/RawOwnerChild.java	7b1d0110195f085b030ec850679ab6449421c0bc84e5a9decc86d154332e6a5b
jdk8/no-debug/jadx/RawParam/sources/defpackage/RawParam.java	12bd0a83b15704e980d959b9015f1cee6036fe3e2ea3cf799a394dd9a4732787
jdk8/no-debug/jadx/RetainedAliasRawParam/sources/defpackage/RetainedAliasRawParam.java	a04d278d436e9e8d24ab1aa54b93f44ae2766c59e3670b1f663515abdd163ced
jdk8/no-debug/jadx/ShadowMethodT/sources/defpackage/ShadowMethodT.java	a3cc4ded8594ea60b6a6aded917b5d81b18665b64ed2a0e7e869b7435445eeec
jdk8/no-debug/jadx/StaticRawLocal/sources/defpackage/StaticRawLocal.java	c62aaca50bf0904967018ce58649678d845644764106ae6e56fc95af81c82cd2
jdk8/no-debug/jadx/ThisReceiver/sources/defpackage/ThisReceiver.java	29bdbc10deda533facdba2757b0246d7b9e1284023c246cbff18c76ea9e82a3c
jdk8/no-debug/jadx/TypedReceiver/sources/defpackage/TypedReceiver.java	93a41a4f4f11b77fc7b06c143144ebb4254d182495e5a60594be22385b0e594b
jdk8/no-debug/jadx/WideRawParam/sources/defpackage/WideRawParam.java	688c4a0e9325d677f23f0a8f7c56c05436f009b6b8249eb0336dc5362904b189
jdk8/no-debug/jarde/Array2DRawParam.java	84b51bbf39ee444117977442cc40e3d8c27a72fb65b6164c7b2fbdfcc4eae13c
jdk8/no-debug/jarde/Array2DRawParam.stderr.txt	4af96adcd84a9b8c7aa810398b73bd5a1d32936c7e51a19b4254105f251e35fd
jdk8/no-debug/jarde/ArrayRawParam.java	6eca13086c3cca27c7ef5ed7c3ebc60b7bd9d8daada5cdd7d9c1eb80bf88c0bf
jdk8/no-debug/jarde/ArrayRawParam.stderr.txt	7b14c5a23964f00a64cc3cfcb1c41406fd825fc7d59f17dda8d0d3acc6c4872e
jdk8/no-debug/jarde/BoundRawParam.java	81ee814aa442d16bedb0f72f370830c16ee2069d4e84754453ae15445e258294
jdk8/no-debug/jarde/BoundRawParam.stderr.txt	43e05254928a15059889cf13525853e38e0e3b1bb2534487bed46a5f996c3d78
jdk8/no-debug/jarde/DirectInstanceRawParam.java	4a94736315b6eae244e0c86bd52673d4184206d783c03a281542fea7858efed2
jdk8/no-debug/jarde/DirectInstanceRawParam.stderr.txt	215dc3ffae6f21c0cd9b276c56647c9a0d580c9770509f5d1a14ce97b0f3a38d
jdk8/no-debug/jarde/InstanceRawLocal.java	da10013688a30b0cc61c5f8ad8649f79792d67b4ea0d861293afdaf595225214
jdk8/no-debug/jarde/InstanceRawLocal.stderr.txt	8b242337de7235857d1adcbbe7989fc229ee050cff5a75dc6e7c7dcf9814fe9a
jdk8/no-debug/jarde/MultiFormalRawParam.java	4b437b42cf47a3ccf750355128c463728a56d507544aa92a0cb529860058e62c
jdk8/no-debug/jarde/MultiFormalRawParam.stderr.txt	6e913fe1c8852d2f46c6b898dc69b6156fd6a985c2e3554d74061076ff50cb06
jdk8/no-debug/jarde/NullRawParam.java	d68300b3bdd64dc0a1769de4c77a88e3eebccc14b47a17dc3e1ee4f8165ca2e2
jdk8/no-debug/jarde/NullRawParam.stderr.txt	0bb628496543b6d39c540e04a04696903759487617bbb921337509df331d2638
jdk8/no-debug/jarde/PrimitiveArrayRawParam.java	90298d00e9daee2bf9bea1ca50260dee0b170c49e8bc25e85ffbce8789fa2c77
jdk8/no-debug/jarde/PrimitiveArrayRawParam.stderr.txt	ac3c688dddd97153b1f0ae5a046f6ef5402428e6e0aeb4ea1c996f8d1c9a75cb
jdk8/no-debug/jarde/RawOwnerBase.java	f400195673e17b46cfe5e1ecf2dfa6ad1e569fc2a83c23d92202a00ba21aba24
jdk8/no-debug/jarde/RawOwnerBase.stderr.txt	1275020ed5302c0eb41f6bd41f53fe6dcf77dd83b8b687d91eb9efc678212426
jdk8/no-debug/jarde/RawOwnerChild.java	8bc50b0f6cb5bc0a65e96706a623c1fc4bc19fa7d9d3586ebaace845198a1015
jdk8/no-debug/jarde/RawOwnerChild.stderr.txt	7fa6ecef6b46f8ed79040af4505976244f1f95f70e09a5cc560535b39a6cf3e1
jdk8/no-debug/jarde/RawParam.java	deadf9d5abebeb93b29bb8330dd107c0f9f84ba1ddfa430103fcb8261f91caa4
jdk8/no-debug/jarde/RawParam.stderr.txt	9f263ef886e30938eae5f4a7a64ccaa77c4b0b76760a96b3087cb1a4e6e6faec
jdk8/no-debug/jarde/RetainedAliasRawParam.java	e3536151d6425f7cf9e601be73cd6fccdb94be39c2157ee6ae0f84a8c7d364e5
jdk8/no-debug/jarde/RetainedAliasRawParam.stderr.txt	5e97caf8081a4f405abd05d0498fa2740650b40202619e9ce601a52666aeb615
jdk8/no-debug/jarde/ShadowMethodT.java	d40fba0fc2def10495115feecb8a0139d3b24cd1fb22da16660c49bde2ca9953
jdk8/no-debug/jarde/ShadowMethodT.stderr.txt	04c82b6ce36f27025cb0b06ee0470dd55ca4066baf3935146dfed08eaed5c64f
jdk8/no-debug/jarde/StaticRawLocal.java	fd3a53f3051037b2d49c8966c16550fc2360b0f7494664a72673443748783747
jdk8/no-debug/jarde/StaticRawLocal.stderr.txt	c7c83b158bd915a92dee6e1c7a872d53d67b8ed6431492ad5c6614fcdb7ea2cc
jdk8/no-debug/jarde/ThisReceiver.java	0c40a3e0e09b0e97ca13b527dcc647a9f01c29a3f73f31f6d7de68b4408b0d8f
jdk8/no-debug/jarde/ThisReceiver.stderr.txt	d2c3307d0117f5182ac6c60d40efd6394b856d8726b26c0e9e521cda6d5e921e
jdk8/no-debug/jarde/TypedReceiver.java	bc23f6d670ae4739cc5c483c23851a87180cb7706f8bb4daa8c17c88625efb56
jdk8/no-debug/jarde/TypedReceiver.stderr.txt	b1fbf7c6ae568acfbcaaed2169760ead086a6773b87dedfb0dbf5e39e13f742b
jdk8/no-debug/jarde/WideRawParam.java	1fffb038dc24c28f794c348a356b25bf8f3cac2017e72733ba1b38208c722010
jdk8/no-debug/jarde/WideRawParam.stderr.txt	7e86e91174d6219afbb36ca12d99f9757caee4d8b7bfebd07b1555e909a28f32
jdk8/no-debug/javap/Array2DRawParam.txt	9085a4808db8ad5e0144f9e80b3bd5fb71cc39d9128c891f71ebe19da37b12d7
jdk8/no-debug/javap/ArrayRawParam.txt	24ed418999b82029ba80cfe7fb5f5170b36d811fe7db60dc4fc424f0dac2188f
jdk8/no-debug/javap/BoundRawParam.txt	35328488ae05ff6cb9f5ea7516ee2ff849fd1910c1da48b8be5d2290ccf91aaf
jdk8/no-debug/javap/DirectInstanceRawParam.txt	4957d9f929264dc89c0ce8e20c5518e881a8862ea97e61f11d9ed818e6cd5b73
jdk8/no-debug/javap/InstanceRawLocal.txt	d7aad3786566a8bfdffbfabdf54ee56978abafe2c5c4f9154f892c01bf836281
jdk8/no-debug/javap/MultiFormalRawParam.txt	576d418084006c3432ae54bde722c5e1f3329fa92d098f3b84fce07ff58a8b83
jdk8/no-debug/javap/NullRawParam.txt	9a59b31b98a5661258bcaf443731f7673ffb6ced1e6bd1a1aed6f998cc92b6f1
jdk8/no-debug/javap/PrimitiveArrayRawParam.txt	275f1e044e17248fbec53bb33c68fcd2bb7a3501f996d9ede23b698af39fc073
jdk8/no-debug/javap/RawOwnerChild.txt	4b6867ba7a8ffd26d6b4167344e0025c5756c4895040f1f7d5ebe1ad40a3deed
jdk8/no-debug/javap/RawParam.txt	cc2c68d9572b763ce658882d9210752a0cd40c7a38cb210d8abbc6ba5f6aa291
jdk8/no-debug/javap/RetainedAliasRawParam.txt	b9fe7985316c785d39a3760244459ca1200626315058c1b0a2d5baa16cb822cb
jdk8/no-debug/javap/ShadowMethodT.txt	f4bcacef3b8048d7270b588c9fdc067893b945c368750d1d7f1bf6f89da099c2
jdk8/no-debug/javap/StaticRawLocal.txt	f524d996d106d91974cf2b6d64dbe542b10606b0499411bdcd62f1698717625a
jdk8/no-debug/javap/ThisReceiver.txt	6ca1c12ab28e407f2ebce7f75369b2122364e2218c6c3c7543db1144a7b80a60
jdk8/no-debug/javap/TypedReceiver.txt	95eafd92fd08eea310d88bc1cd1cde1bca66ce8f8eeeb6801efc78caaa685a15
jdk8/no-debug/javap/WideRawParam.txt	d09c8be9c649a1712af9cc5e05f0f9f4b726e1dccedf88236075288c3e34e0a5
jdk8/no-debug/runtime/Array2DRawParam.jadx.txt	8a25af8b8504893fffac8c1872e3c93e85925b6aa0b3d9ff5f62750cee2ba267
jdk8/no-debug/runtime/Array2DRawParam.jarde.txt	f48a2d307b1f6c7abb8d91e7a8ed8a5ccc87d07c1114588c08ddfb0808240329
jdk8/no-debug/runtime/Array2DRawParam.original.txt	f48a2d307b1f6c7abb8d91e7a8ed8a5ccc87d07c1114588c08ddfb0808240329
jdk8/no-debug/runtime/ArrayRawParam.jadx.txt	65890eea8fe7c3065fbc2f644c7253d5354fdffeba56efc1a47107d7914063b6
jdk8/no-debug/runtime/ArrayRawParam.jarde.txt	d51f3b7d45328701a337bb2285770bcd1cf8f2179c66734c318010571e65ac8b
jdk8/no-debug/runtime/ArrayRawParam.original.txt	d51f3b7d45328701a337bb2285770bcd1cf8f2179c66734c318010571e65ac8b
jdk8/no-debug/runtime/BoundRawParam.jadx.txt	bdeb71e6ccb9da375831745c55c6fa5137fd29b7007948eecaea74516d6991ca
jdk8/no-debug/runtime/BoundRawParam.jarde.txt	0c5cb2a465e5db671d09e57d82dc7d2279cee6ef898da3154a4cac90f5c80de8
jdk8/no-debug/runtime/BoundRawParam.original.txt	0c5cb2a465e5db671d09e57d82dc7d2279cee6ef898da3154a4cac90f5c80de8
jdk8/no-debug/runtime/DirectInstanceRawParam.jadx.txt	b3cda9506188b60dd9d215bc5efd1dafb315f344e7cea3910361ebe407f0cc9b
jdk8/no-debug/runtime/DirectInstanceRawParam.jarde.txt	9358c79b8f63417a168963e9dc02e1e1359ee5bda8614638bec755f01d5683be
jdk8/no-debug/runtime/DirectInstanceRawParam.original.txt	9358c79b8f63417a168963e9dc02e1e1359ee5bda8614638bec755f01d5683be
jdk8/no-debug/runtime/InstanceRawLocal.jarde.txt	c4a0fd4eb5e838df4c7116cc09d11740387e51309b8dd9c85cb1eac73adb9692
jdk8/no-debug/runtime/InstanceRawLocal.original.txt	b5f800a25ef5e547f36ccdecb9d6798cca74aee4a8a677d83bd449aea30f57e1
jdk8/no-debug/runtime/MultiFormalRawParam.jadx.txt	8d284d37fb44425659f63776c8f684d596146724e653b1147b4adc2b7c50d4e2
jdk8/no-debug/runtime/MultiFormalRawParam.jarde.txt	8bc5d0b9f7ed8f8820c0a056a24f74615b3e6104dd1ccada41aee9975df41485
jdk8/no-debug/runtime/MultiFormalRawParam.original.txt	6d16de1512a82cf13a56f94903001249dbfdb1ab81b29b817616448334e1d0c4
jdk8/no-debug/runtime/NullRawParam.jadx.txt	f4e759450c3306919076b843e677ebd4315a206a7a08c607258e8ee49a6eb720
jdk8/no-debug/runtime/NullRawParam.jarde.txt	99432d5aa83e97874597f1a0fde12c2a963ce4099787ae00fd33faff35b18418
jdk8/no-debug/runtime/NullRawParam.original.txt	99432d5aa83e97874597f1a0fde12c2a963ce4099787ae00fd33faff35b18418
jdk8/no-debug/runtime/PrimitiveArrayRawParam.jadx.txt	8dbde5389e6da69a121d5ad297157ee52bcb682d49d75d8a4bc7844fd4d1d1e8
jdk8/no-debug/runtime/PrimitiveArrayRawParam.jarde.txt	e156798549dd3ab3c3eced5fadfdced0789f4ee0e3f65410c291f2c46434dfba
jdk8/no-debug/runtime/PrimitiveArrayRawParam.original.txt	e156798549dd3ab3c3eced5fadfdced0789f4ee0e3f65410c291f2c46434dfba
jdk8/no-debug/runtime/RawOwnerChild.jadx.txt	2404a47a7f7c206decbce521d1ad8ca2966f33929a01a6e1cd462d7eda65b76b
jdk8/no-debug/runtime/RawOwnerChild.jarde.txt	e65da6d8f2478e3a0b6f43759b106518ecb2b77f17bd072cf737ed70a4ac28ad
jdk8/no-debug/runtime/RawOwnerChild.original.txt	c25e0c82c8f818f082f08ceef41ac63b15ed1ce4bb020bcf1eff5396c577b047
jdk8/no-debug/runtime/RawParam.jadx.txt	33b65814b563635c3b26f292f11a234ec9eda87fc8bbf5409c3fc0f323ad9d3d
jdk8/no-debug/runtime/RawParam.jarde.txt	6a2e3f1a9739b680582fea7e805eed4d712c0aaa5f345bb00d8449a502e68b6d
jdk8/no-debug/runtime/RawParam.original.txt	6a2e3f1a9739b680582fea7e805eed4d712c0aaa5f345bb00d8449a502e68b6d
jdk8/no-debug/runtime/RetainedAliasRawParam.jadx.txt	f92fd71052669f4c2419e8516949617f14ee858caeb232d80d63117f41ea2d94
jdk8/no-debug/runtime/RetainedAliasRawParam.jarde.txt	587147b6fcdb6f90959b73653be0302d121556b4c0626fb20a88ff47291ce8ff
jdk8/no-debug/runtime/RetainedAliasRawParam.original.txt	587147b6fcdb6f90959b73653be0302d121556b4c0626fb20a88ff47291ce8ff
jdk8/no-debug/runtime/ShadowMethodT.jadx.txt	1c91e9e73e2b1038112652360b7e0dcd639e400df84523aac0d0102801a17264
jdk8/no-debug/runtime/ShadowMethodT.jarde.txt	ceb1dd45add8519cb6e22a15e06a6eab6b515c2f59d517b64ede6b379fcd7b53
jdk8/no-debug/runtime/ShadowMethodT.original.txt	e491f2fc9b0efb07abdaf9da8848a50d38b4da3848f045e3268c35d95124df5a
jdk8/no-debug/runtime/StaticRawLocal.jadx.txt	caa078a6f6a66a11482c09645632ebb52566091c80fab4fa927b1053dce64fde
jdk8/no-debug/runtime/StaticRawLocal.jarde.txt	25ea87cacc91c856b41331c020cf776ffda40333d737cff0309fadf5141463b0
jdk8/no-debug/runtime/StaticRawLocal.original.txt	25ea87cacc91c856b41331c020cf776ffda40333d737cff0309fadf5141463b0
jdk8/no-debug/runtime/ThisReceiver.jadx.txt	f2c2ade79741f3c077a9767a2c86b6f9e8b3c91395a41c1c035e78ca2c19717e
jdk8/no-debug/runtime/ThisReceiver.jarde.txt	9916911dd761a7b0d550673bef203cb77fb4cb96733a8fb0a2184fb7d3ba65b8
jdk8/no-debug/runtime/ThisReceiver.original.txt	9916911dd761a7b0d550673bef203cb77fb4cb96733a8fb0a2184fb7d3ba65b8
jdk8/no-debug/runtime/TypedReceiver.jadx.txt	1a07b6f4350dff1a6ca5a3e4ec3062096840ad9dbc1a6efbd816e82d4c9ccb31
jdk8/no-debug/runtime/TypedReceiver.jarde.txt	d7134843994e4b3ba1d434e5bdfba85531e98e0ec94492801f5dbfa4a5b0ca18
jdk8/no-debug/runtime/TypedReceiver.original.txt	7f08ef56194b137543c901f9bd3946d1ac0f4153f2cc202df75762d9c8052a16
jdk8/no-debug/runtime/WideRawParam.jadx.txt	bb098a483d7226c3ef490fd7d5502cfaae0fa2dc00a248054971f81a95f5b14e
jdk8/no-debug/runtime/WideRawParam.jarde.txt	9b6ad934d85edae64408a458838c3e4654befd592a41b43cedf7710c2e9b1512
jdk8/no-debug/runtime/WideRawParam.original.txt	9b6ad934d85edae64408a458838c3e4654befd592a41b43cedf7710c2e9b1512
jdk8/versions/java.txt	faab3c8a678f056adf83280dbda6950d4d51a39eaf84b2136be0a1812b62e22d
jdk8/versions/javac.txt	b78c3d234842235ae1b53dd6405da54b3af2b02047c45858b595870662803db8
outer-preflight-metadata.json	a429847d1c8ec8d2803b41c715017574465dc4ed5c9cbaa040cc97b71fd76124
outer-run-metadata.json	327f7203283eb6880d3d5b4f6aba3232e0b60b8a6f310b8696d9974fb9cbc177
replay-executed.py	2c9b8233f41f13a483fa252a898f81e4602b9c7b3a0308cbc95bcd42162dc3a2
run-label.txt	1e81270f1a47dce22a2e4985250c74b2e3374443734f1492b03ea2cd2af4ec48
runtime-comparisons.tsv	59f46618900e7c2db880727853072b27009fac81285d19a5b6f6a0f72bea24b0
subprocess-logs/0001-versions_jarde-cli.stderr	e3b0c44298fc1c149afbf4c8996fb92427ae41e4649b934ca495991b7852b855
subprocess-logs/0001-versions_jarde-cli.stdout	4e3523057f610dda085c877b3d636cbdeb15c23a541dba3b399c7c04eb4b14b5
subprocess-logs/0002-versions_jadx-cli.stderr	e3b0c44298fc1c149afbf4c8996fb92427ae41e4649b934ca495991b7852b855
subprocess-logs/0002-versions_jadx-cli.stdout	9c5955fc99a60b8f6dee6cf582c4420d91e1b3e2a201f532c91e2cbdfce7fa51
subprocess-logs/0003-jdk8_versions_java.stderr	faab3c8a678f056adf83280dbda6950d4d51a39eaf84b2136be0a1812b62e22d
subprocess-logs/0003-jdk8_versions_java.stdout	e3b0c44298fc1c149afbf4c8996fb92427ae41e4649b934ca495991b7852b855
subprocess-logs/0004-jdk8_versions_javac.stderr	b78c3d234842235ae1b53dd6405da54b3af2b02047c45858b595870662803db8
subprocess-logs/0004-jdk8_versions_javac.stdout	e3b0c44298fc1c149afbf4c8996fb92427ae41e4649b934ca495991b7852b855
subprocess-logs/0005-jdk8_debug_RawParam_jar-contents.stderr	e3b0c44298fc1c149afbf4c8996fb92427ae41e4649b934ca495991b7852b855
subprocess-logs/0005-jdk8_debug_RawParam_jar-contents.stdout	f05bc4ea2d7bc579f4987b4528010f3e37b2499a541d17b872ac93047629c0ee
subprocess-logs/0006-jdk8_debug_RawParam_original-javac.stderr	9d9730b78eecc0bec068e8425ed36cb28f298a28293b51d7ed462c65fe14ad4f
subprocess-logs/0006-jdk8_debug_RawParam_original-javac.stdout	e3b0c44298fc1c149afbf4c8996fb92427ae41e4649b934ca495991b7852b855
subprocess-logs/0007-jdk8_debug_RawParam_javap.stderr	e3b0c44298fc1c149afbf4c8996fb92427ae41e4649b934ca495991b7852b855
subprocess-logs/0007-jdk8_debug_RawParam_javap.stdout	bc0b7e43895553691716cf1abb0c59faf3ab7b72ef31d17ce517b552e969b435
subprocess-logs/0008-jdk8_debug_RawParam_original-probe-javac.stderr	e3b0c44298fc1c149afbf4c8996fb92427ae41e4649b934ca495991b7852b855
subprocess-logs/0008-jdk8_debug_RawParam_original-probe-javac.stdout	e3b0c44298fc1c149afbf4c8996fb92427ae41e4649b934ca495991b7852b855
subprocess-logs/0009-jdk8_debug_RawParam_original-run.stderr	e3b0c44298fc1c149afbf4c8996fb92427ae41e4649b934ca495991b7852b855
subprocess-logs/0009-jdk8_debug_RawParam_original-run.stdout	6a2e3f1a9739b680582fea7e805eed4d712c0aaa5f345bb00d8449a502e68b6d
subprocess-logs/0010-jdk8_debug_RawParam_jarde-RawParam.stderr	50eab7f0725a3bac30972893171f04a17dc8f9e23a83dea8a83a61f4b6cdaada
subprocess-logs/0010-jdk8_debug_RawParam_jarde-RawParam.stdout	e086985b6879bfbebb341e501fb7f963bc33d5623ac87904b40e011163135e9b
subprocess-logs/0011-jdk8_debug_RawParam_jarde-javac.stderr	f6238e17c39462e7a7ba791a386f94cebb4a252499434a37b7d0fefc23b2b547
subprocess-logs/0011-jdk8_debug_RawParam_jarde-javac.stdout	e3b0c44298fc1c149afbf4c8996fb92427ae41e4649b934ca495991b7852b855
subprocess-logs/0012-jdk8_debug_RawParam_jarde-verify-run.stderr	e3b0c44298fc1c149afbf4c8996fb92427ae41e4649b934ca495991b7852b855
subprocess-logs/0012-jdk8_debug_RawParam_jarde-verify-run.stdout	6a2e3f1a9739b680582fea7e805eed4d712c0aaa5f345bb00d8449a502e68b6d
subprocess-logs/0013-jdk8_debug_RawParam_jadx.stderr	e3b0c44298fc1c149afbf4c8996fb92427ae41e4649b934ca495991b7852b855
subprocess-logs/0013-jdk8_debug_RawParam_jadx.stdout	d6b62e25ef8a2f8e7899960fbb5e3de49f3bfd45371ddb46051afb5d47465d6c
subprocess-logs/0014-jdk8_debug_RawParam_jadx-javac.stderr	8fc84187c9057155c11c4f5ccdcaeaae7b0e233c9bd51159db511bb95622158a
subprocess-logs/0014-jdk8_debug_RawParam_jadx-javac.stdout	e3b0c44298fc1c149afbf4c8996fb92427ae41e4649b934ca495991b7852b855
subprocess-logs/0015-jdk8_debug_RawParam_jadx-verify-run.stderr	e3b0c44298fc1c149afbf4c8996fb92427ae41e4649b934ca495991b7852b855
subprocess-logs/0015-jdk8_debug_RawParam_jadx-verify-run.stdout	33b65814b563635c3b26f292f11a234ec9eda87fc8bbf5409c3fc0f323ad9d3d
subprocess-logs/0016-jdk8_no-debug_RawParam_jar-contents.stderr	e3b0c44298fc1c149afbf4c8996fb92427ae41e4649b934ca495991b7852b855
subprocess-logs/0016-jdk8_no-debug_RawParam_jar-contents.stdout	f05bc4ea2d7bc579f4987b4528010f3e37b2499a541d17b872ac93047629c0ee
subprocess-logs/0017-jdk8_no-debug_RawParam_original-javac.stderr	9d9730b78eecc0bec068e8425ed36cb28f298a28293b51d7ed462c65fe14ad4f
subprocess-logs/0017-jdk8_no-debug_RawParam_original-javac.stdout	e3b0c44298fc1c149afbf4c8996fb92427ae41e4649b934ca495991b7852b855
subprocess-logs/0018-jdk8_no-debug_RawParam_javap.stderr	e3b0c44298fc1c149afbf4c8996fb92427ae41e4649b934ca495991b7852b855
subprocess-logs/0018-jdk8_no-debug_RawParam_javap.stdout	cc2c68d9572b763ce658882d9210752a0cd40c7a38cb210d8abbc6ba5f6aa291
subprocess-logs/0019-jdk8_no-debug_RawParam_original-probe-javac.stderr	e3b0c44298fc1c149afbf4c8996fb92427ae41e4649b934ca495991b7852b855
subprocess-logs/0019-jdk8_no-debug_RawParam_original-probe-javac.stdout	e3b0c44298fc1c149afbf4c8996fb92427ae41e4649b934ca495991b7852b855
subprocess-logs/0020-jdk8_no-debug_RawParam_original-run.stderr	e3b0c44298fc1c149afbf4c8996fb92427ae41e4649b934ca495991b7852b855
subprocess-logs/0020-jdk8_no-debug_RawParam_original-run.stdout	6a2e3f1a9739b680582fea7e805eed4d712c0aaa5f345bb00d8449a502e68b6d
subprocess-logs/0021-jdk8_no-debug_RawParam_jarde-RawParam.stderr	9f263ef886e30938eae5f4a7a64ccaa77c4b0b76760a96b3087cb1a4e6e6faec
subprocess-logs/0021-jdk8_no-debug_RawParam_jarde-RawParam.stdout	deadf9d5abebeb93b29bb8330dd107c0f9f84ba1ddfa430103fcb8261f91caa4
subprocess-logs/0022-jdk8_no-debug_RawParam_jarde-javac.stderr	da3cb0470e23e9671c07f382b4e8d29ec0586946063142d7b508e03a16c51e37
subprocess-logs/0022-jdk8_no-debug_RawParam_jarde-javac.stdout	e3b0c44298fc1c149afbf4c8996fb92427ae41e4649b934ca495991b7852b855
subprocess-logs/0023-jdk8_no-debug_RawParam_jarde-verify-run.stderr	e3b0c44298fc1c149afbf4c8996fb92427ae41e4649b934ca495991b7852b855
subprocess-logs/0023-jdk8_no-debug_RawParam_jarde-verify-run.stdout	6a2e3f1a9739b680582fea7e805eed4d712c0aaa5f345bb00d8449a502e68b6d
subprocess-logs/0024-jdk8_no-debug_RawParam_jadx.stderr	e3b0c44298fc1c149afbf4c8996fb92427ae41e4649b934ca495991b7852b855
subprocess-logs/0024-jdk8_no-debug_RawParam_jadx.stdout	82b9bea0bd1067307d990a65cc0dd2669f2081677a248c9890d0e508e705a428
subprocess-logs/0025-jdk8_no-debug_RawParam_jadx-javac.stderr	307d6c3ea9040762f05974b98d4ec59797820e3f5f38c2ed9e12c417ab518fdc
subprocess-logs/0025-jdk8_no-debug_RawParam_jadx-javac.stdout	e3b0c44298fc1c149afbf4c8996fb92427ae41e4649b934ca495991b7852b855
subprocess-logs/0026-jdk8_no-debug_RawParam_jadx-verify-run.stderr	e3b0c44298fc1c149afbf4c8996fb92427ae41e4649b934ca495991b7852b855
subprocess-logs/0026-jdk8_no-debug_RawParam_jadx-verify-run.stdout	33b65814b563635c3b26f292f11a234ec9eda87fc8bbf5409c3fc0f323ad9d3d
subprocess-logs/0027-jdk8_debug_StaticRawLocal_jar-contents.stderr	e3b0c44298fc1c149afbf4c8996fb92427ae41e4649b934ca495991b7852b855
subprocess-logs/0027-jdk8_debug_StaticRawLocal_jar-contents.stdout	fb8ff04b200dd376807a9a425a37f1a645e63a3f90b47df4f84e407b0fed9d07
subprocess-logs/0028-jdk8_debug_StaticRawLocal_original-javac.stderr	23527a58b01798057acd5c28c00f81495224d919b15e566b51e41149473a51f1
subprocess-logs/0028-jdk8_debug_StaticRawLocal_original-javac.stdout	e3b0c44298fc1c149afbf4c8996fb92427ae41e4649b934ca495991b7852b855
subprocess-logs/0029-jdk8_debug_StaticRawLocal_javap.stderr	e3b0c44298fc1c149afbf4c8996fb92427ae41e4649b934ca495991b7852b855
subprocess-logs/0029-jdk8_debug_StaticRawLocal_javap.stdout	e0994f098dd155f0f2867b8a271f4c7dfb09c0342b8f7ac40d767ee8c18864e4
subprocess-logs/0030-jdk8_debug_StaticRawLocal_original-probe-javac.stderr	e3b0c44298fc1c149afbf4c8996fb92427ae41e4649b934ca495991b7852b855
subprocess-logs/0030-jdk8_debug_StaticRawLocal_original-probe-javac.stdout	e3b0c44298fc1c149afbf4c8996fb92427ae41e4649b934ca495991b7852b855
subprocess-logs/0031-jdk8_debug_StaticRawLocal_original-run.stderr	e3b0c44298fc1c149afbf4c8996fb92427ae41e4649b934ca495991b7852b855
subprocess-logs/0031-jdk8_debug_StaticRawLocal_original-run.stdout	25ea87cacc91c856b41331c020cf776ffda40333d737cff0309fadf5141463b0
subprocess-logs/0032-jdk8_debug_StaticRawLocal_jarde-StaticRawLocal.stderr	1723220adff8f3cda10678de28b9682709e49db2febb19bf57735fd2b92d7037
subprocess-logs/0032-jdk8_debug_StaticRawLocal_jarde-StaticRawLocal.stdout	9ec274de3d0847441e7de73ff79a6d027179b6c14306c18643ee8e2346b54332
subprocess-logs/0033-jdk8_debug_StaticRawLocal_jarde-javac.stderr	5e7a290702c5612cb2ea15d82575d78fd5fd172b8994637d355b02adc1920e16
subprocess-logs/0033-jdk8_debug_StaticRawLocal_jarde-javac.stdout	e3b0c44298fc1c149afbf4c8996fb92427ae41e4649b934ca495991b7852b855
subprocess-logs/0034-jdk8_debug_StaticRawLocal_jarde-verify-run.stderr	e3b0c44298fc1c149afbf4c8996fb92427ae41e4649b934ca495991b7852b855
subprocess-logs/0034-jdk8_debug_StaticRawLocal_jarde-verify-run.stdout	25ea87cacc91c856b41331c020cf776ffda40333d737cff0309fadf5141463b0
subprocess-logs/0035-jdk8_debug_StaticRawLocal_jadx.stderr	e3b0c44298fc1c149afbf4c8996fb92427ae41e4649b934ca495991b7852b855
subprocess-logs/0035-jdk8_debug_StaticRawLocal_jadx.stdout	960b17ac40fba341c20a11b7d70aaa8fb09cf2733c9452394a52a9d864fec5e3
subprocess-logs/0036-jdk8_debug_StaticRawLocal_jadx-javac.stderr	3c239d095bbd53f55563e204adce056b0df50bb816c5bfaacd9afe242adb42a3
subprocess-logs/0036-jdk8_debug_StaticRawLocal_jadx-javac.stdout	e3b0c44298fc1c149afbf4c8996fb92427ae41e4649b934ca495991b7852b855
subprocess-logs/0037-jdk8_debug_StaticRawLocal_jadx-verify-run.stderr	e3b0c44298fc1c149afbf4c8996fb92427ae41e4649b934ca495991b7852b855
subprocess-logs/0037-jdk8_debug_StaticRawLocal_jadx-verify-run.stdout	caa078a6f6a66a11482c09645632ebb52566091c80fab4fa927b1053dce64fde
subprocess-logs/0038-jdk8_no-debug_StaticRawLocal_jar-contents.stderr	e3b0c44298fc1c149afbf4c8996fb92427ae41e4649b934ca495991b7852b855
subprocess-logs/0038-jdk8_no-debug_StaticRawLocal_jar-contents.stdout	fb8ff04b200dd376807a9a425a37f1a645e63a3f90b47df4f84e407b0fed9d07
subprocess-logs/0039-jdk8_no-debug_StaticRawLocal_original-javac.stderr	23527a58b01798057acd5c28c00f81495224d919b15e566b51e41149473a51f1
subprocess-logs/0039-jdk8_no-debug_StaticRawLocal_original-javac.stdout	e3b0c44298fc1c149afbf4c8996fb92427ae41e4649b934ca495991b7852b855
subprocess-logs/0040-jdk8_no-debug_StaticRawLocal_javap.stderr	e3b0c44298fc1c149afbf4c8996fb92427ae41e4649b934ca495991b7852b855
subprocess-logs/0040-jdk8_no-debug_StaticRawLocal_javap.stdout	f524d996d106d91974cf2b6d64dbe542b10606b0499411bdcd62f1698717625a
subprocess-logs/0041-jdk8_no-debug_StaticRawLocal_original-probe-javac.stderr	e3b0c44298fc1c149afbf4c8996fb92427ae41e4649b934ca495991b7852b855
subprocess-logs/0041-jdk8_no-debug_StaticRawLocal_original-probe-javac.stdout	e3b0c44298fc1c149afbf4c8996fb92427ae41e4649b934ca495991b7852b855
subprocess-logs/0042-jdk8_no-debug_StaticRawLocal_original-run.stderr	e3b0c44298fc1c149afbf4c8996fb92427ae41e4649b934ca495991b7852b855
subprocess-logs/0042-jdk8_no-debug_StaticRawLocal_original-run.stdout	25ea87cacc91c856b41331c020cf776ffda40333d737cff0309fadf5141463b0
subprocess-logs/0043-jdk8_no-debug_StaticRawLocal_jarde-StaticRawLocal.stderr	c7c83b158bd915a92dee6e1c7a872d53d67b8ed6431492ad5c6614fcdb7ea2cc
subprocess-logs/0043-jdk8_no-debug_StaticRawLocal_jarde-StaticRawLocal.stdout	fd3a53f3051037b2d49c8966c16550fc2360b0f7494664a72673443748783747
subprocess-logs/0044-jdk8_no-debug_StaticRawLocal_jarde-javac.stderr	0e6ac9befe3d8917972b0e2f92feaa7d3335c9fe6633d0f84efb5755db686a73
subprocess-logs/0044-jdk8_no-debug_StaticRawLocal_jarde-javac.stdout	e3b0c44298fc1c149afbf4c8996fb92427ae41e4649b934ca495991b7852b855
subprocess-logs/0045-jdk8_no-debug_StaticRawLocal_jarde-verify-run.stderr	e3b0c44298fc1c149afbf4c8996fb92427ae41e4649b934ca495991b7852b855
subprocess-logs/0045-jdk8_no-debug_StaticRawLocal_jarde-verify-run.stdout	25ea87cacc91c856b41331c020cf776ffda40333d737cff0309fadf5141463b0
subprocess-logs/0046-jdk8_no-debug_StaticRawLocal_jadx.stderr	e3b0c44298fc1c149afbf4c8996fb92427ae41e4649b934ca495991b7852b855
subprocess-logs/0046-jdk8_no-debug_StaticRawLocal_jadx.stdout	eb4e0c4e9b8f4ab2e84f804d0a6813f059f7afd1a5043d2156f25877e3f6326c
subprocess-logs/0047-jdk8_no-debug_StaticRawLocal_jadx-javac.stderr	c01d3a2973664eedd782e685a2342d1cbccbd8d1326161d57995c7cc550da36d
subprocess-logs/0047-jdk8_no-debug_StaticRawLocal_jadx-javac.stdout	e3b0c44298fc1c149afbf4c8996fb92427ae41e4649b934ca495991b7852b855
subprocess-logs/0048-jdk8_no-debug_StaticRawLocal_jadx-verify-run.stderr	e3b0c44298fc1c149afbf4c8996fb92427ae41e4649b934ca495991b7852b855
subprocess-logs/0048-jdk8_no-debug_StaticRawLocal_jadx-verify-run.stdout	caa078a6f6a66a11482c09645632ebb52566091c80fab4fa927b1053dce64fde
subprocess-logs/0049-jdk8_debug_InstanceRawLocal_jar-contents.stderr	e3b0c44298fc1c149afbf4c8996fb92427ae41e4649b934ca495991b7852b855
subprocess-logs/0049-jdk8_debug_InstanceRawLocal_jar-contents.stdout	14fa51d33a6937146f86014d2ee03c2e459c32def063b6fd66b0be882ef50b5b
subprocess-logs/0050-jdk8_debug_InstanceRawLocal_original-javac.stderr	217bb0a1d4765a48a9791a61d67250fed3dde327803c7634fec1e8515f4305c2
subprocess-logs/0050-jdk8_debug_InstanceRawLocal_original-javac.stdout	e3b0c44298fc1c149afbf4c8996fb92427ae41e4649b934ca495991b7852b855
subprocess-logs/0051-jdk8_debug_InstanceRawLocal_javap.stderr	e3b0c44298fc1c149afbf4c8996fb92427ae41e4649b934ca495991b7852b855
subprocess-logs/0051-jdk8_debug_InstanceRawLocal_javap.stdout	9249a05a4572e949a37723bf4ff6085801591039804b4eee4014d3dd1f8cfd06
subprocess-logs/0052-jdk8_debug_InstanceRawLocal_original-probe-javac.stderr	e3b0c44298fc1c149afbf4c8996fb92427ae41e4649b934ca495991b7852b855
subprocess-logs/0052-jdk8_debug_InstanceRawLocal_original-probe-javac.stdout	e3b0c44298fc1c149afbf4c8996fb92427ae41e4649b934ca495991b7852b855
subprocess-logs/0053-jdk8_debug_InstanceRawLocal_original-run.stderr	e3b0c44298fc1c149afbf4c8996fb92427ae41e4649b934ca495991b7852b855
subprocess-logs/0053-jdk8_debug_InstanceRawLocal_original-run.stdout	b5f800a25ef5e547f36ccdecb9d6798cca74aee4a8a677d83bd449aea30f57e1
subprocess-logs/0054-jdk8_debug_InstanceRawLocal_jarde-InstanceRawLocal.stderr	bc18d52dff814df62ff68c5615b4c14d2f06a738ea985b8df39ff8e792eb84cd
subprocess-logs/0054-jdk8_debug_InstanceRawLocal_jarde-InstanceRawLocal.stdout	5739eae80933689e02968db38be749560fea18f7852efc7071bc402ac1657445
subprocess-logs/0055-jdk8_debug_InstanceRawLocal_jarde-javac.stderr	e3b0c44298fc1c149afbf4c8996fb92427ae41e4649b934ca495991b7852b855
subprocess-logs/0055-jdk8_debug_InstanceRawLocal_jarde-javac.stdout	e3b0c44298fc1c149afbf4c8996fb92427ae41e4649b934ca495991b7852b855
subprocess-logs/0056-jdk8_debug_InstanceRawLocal_jarde-verify-run.stderr	e3b0c44298fc1c149afbf4c8996fb92427ae41e4649b934ca495991b7852b855
subprocess-logs/0056-jdk8_debug_InstanceRawLocal_jarde-verify-run.stdout	c4a0fd4eb5e838df4c7116cc09d11740387e51309b8dd9c85cb1eac73adb9692
subprocess-logs/0057-jdk8_debug_InstanceRawLocal_jadx.stderr	e3b0c44298fc1c149afbf4c8996fb92427ae41e4649b934ca495991b7852b855
subprocess-logs/0057-jdk8_debug_InstanceRawLocal_jadx.stdout	267991042ddd1a92b352631ab487484bde0eb5ccd10cb723ed025fddeef7dfc2
subprocess-logs/0058-jdk8_debug_InstanceRawLocal_jadx-javac.stderr	1b3c974572ddbd39bc24d2fb35d06117b3097c806137cd8155e80e4cfdcf8752
subprocess-logs/0058-jdk8_debug_InstanceRawLocal_jadx-javac.stdout	e3b0c44298fc1c149afbf4c8996fb92427ae41e4649b934ca495991b7852b855
subprocess-logs/0059-jdk8_no-debug_InstanceRawLocal_jar-contents.stderr	e3b0c44298fc1c149afbf4c8996fb92427ae41e4649b934ca495991b7852b855
subprocess-logs/0059-jdk8_no-debug_InstanceRawLocal_jar-contents.stdout	14fa51d33a6937146f86014d2ee03c2e459c32def063b6fd66b0be882ef50b5b
subprocess-logs/0060-jdk8_no-debug_InstanceRawLocal_original-javac.stderr	217bb0a1d4765a48a9791a61d67250fed3dde327803c7634fec1e8515f4305c2
subprocess-logs/0060-jdk8_no-debug_InstanceRawLocal_original-javac.stdout	e3b0c44298fc1c149afbf4c8996fb92427ae41e4649b934ca495991b7852b855
subprocess-logs/0061-jdk8_no-debug_InstanceRawLocal_javap.stderr	e3b0c44298fc1c149afbf4c8996fb92427ae41e4649b934ca495991b7852b855
subprocess-logs/0061-jdk8_no-debug_InstanceRawLocal_javap.stdout	d7aad3786566a8bfdffbfabdf54ee56978abafe2c5c4f9154f892c01bf836281
subprocess-logs/0062-jdk8_no-debug_InstanceRawLocal_original-probe-javac.stderr	e3b0c44298fc1c149afbf4c8996fb92427ae41e4649b934ca495991b7852b855
subprocess-logs/0062-jdk8_no-debug_InstanceRawLocal_original-probe-javac.stdout	e3b0c44298fc1c149afbf4c8996fb92427ae41e4649b934ca495991b7852b855
subprocess-logs/0063-jdk8_no-debug_InstanceRawLocal_original-run.stderr	e3b0c44298fc1c149afbf4c8996fb92427ae41e4649b934ca495991b7852b855
subprocess-logs/0063-jdk8_no-debug_InstanceRawLocal_original-run.stdout	b5f800a25ef5e547f36ccdecb9d6798cca74aee4a8a677d83bd449aea30f57e1
subprocess-logs/0064-jdk8_no-debug_InstanceRawLocal_jarde-InstanceRawLocal.stderr	8b242337de7235857d1adcbbe7989fc229ee050cff5a75dc6e7c7dcf9814fe9a
subprocess-logs/0064-jdk8_no-debug_InstanceRawLocal_jarde-InstanceRawLocal.stdout	da10013688a30b0cc61c5f8ad8649f79792d67b4ea0d861293afdaf595225214
subprocess-logs/0065-jdk8_no-debug_InstanceRawLocal_jarde-javac.stderr	e3b0c44298fc1c149afbf4c8996fb92427ae41e4649b934ca495991b7852b855
subprocess-logs/0065-jdk8_no-debug_InstanceRawLocal_jarde-javac.stdout	e3b0c44298fc1c149afbf4c8996fb92427ae41e4649b934ca495991b7852b855
subprocess-logs/0066-jdk8_no-debug_InstanceRawLocal_jarde-verify-run.stderr	e3b0c44298fc1c149afbf4c8996fb92427ae41e4649b934ca495991b7852b855
subprocess-logs/0066-jdk8_no-debug_InstanceRawLocal_jarde-verify-run.stdout	c4a0fd4eb5e838df4c7116cc09d11740387e51309b8dd9c85cb1eac73adb9692
subprocess-logs/0067-jdk8_no-debug_InstanceRawLocal_jadx.stderr	e3b0c44298fc1c149afbf4c8996fb92427ae41e4649b934ca495991b7852b855
subprocess-logs/0067-jdk8_no-debug_InstanceRawLocal_jadx.stdout	d89ce82898e1404208651e586ce9571ab98a457b4ee41db42ced1168d782982f
subprocess-logs/0068-jdk8_no-debug_InstanceRawLocal_jadx-javac.stderr	d22f20b742fc0da40e63b9a67b93eeafb256b50af0e0f44d106d2b9b0932050d
subprocess-logs/0068-jdk8_no-debug_InstanceRawLocal_jadx-javac.stdout	e3b0c44298fc1c149afbf4c8996fb92427ae41e4649b934ca495991b7852b855
subprocess-logs/0069-jdk8_debug_TypedReceiver_jar-contents.stderr	e3b0c44298fc1c149afbf4c8996fb92427ae41e4649b934ca495991b7852b855
subprocess-logs/0069-jdk8_debug_TypedReceiver_jar-contents.stdout	de8b80e7eef68f017a319fe14e4ce5bcfa8e9eab45f9d818e61b1bf3001f42d7
subprocess-logs/0070-jdk8_debug_TypedReceiver_original-javac.stderr	e3b0c44298fc1c149afbf4c8996fb92427ae41e4649b934ca495991b7852b855
subprocess-logs/0070-jdk8_debug_TypedReceiver_original-javac.stdout	e3b0c44298fc1c149afbf4c8996fb92427ae41e4649b934ca495991b7852b855
subprocess-logs/0071-jdk8_debug_TypedReceiver_javap.stderr	e3b0c44298fc1c149afbf4c8996fb92427ae41e4649b934ca495991b7852b855
subprocess-logs/0071-jdk8_debug_TypedReceiver_javap.stdout	0fafdbe630a9c84f8a1689942d1d318fbf4965b15a3f175ce3af6e45ad59f135
subprocess-logs/0072-jdk8_debug_TypedReceiver_original-probe-javac.stderr	e3b0c44298fc1c149afbf4c8996fb92427ae41e4649b934ca495991b7852b855
subprocess-logs/0072-jdk8_debug_TypedReceiver_original-probe-javac.stdout	e3b0c44298fc1c149afbf4c8996fb92427ae41e4649b934ca495991b7852b855
subprocess-logs/0073-jdk8_debug_TypedReceiver_original-run.stderr	e3b0c44298fc1c149afbf4c8996fb92427ae41e4649b934ca495991b7852b855
subprocess-logs/0073-jdk8_debug_TypedReceiver_original-run.stdout	7f08ef56194b137543c901f9bd3946d1ac0f4153f2cc202df75762d9c8052a16
subprocess-logs/0074-jdk8_debug_TypedReceiver_jarde-TypedReceiver.stderr	ed3dcf74950eae1e048cd81e80837291049b89190314aec06b4c3e6c73034212
subprocess-logs/0074-jdk8_debug_TypedReceiver_jarde-TypedReceiver.stdout	161785be22add146d3c6fd6f56636a636935030610ccacf7511a7d7982dd2e71
subprocess-logs/0075-jdk8_debug_TypedReceiver_jarde-javac.stderr	7e357cfab71ca2be203a975699f8a7843d9efc2fbfb7e37a680878ca88ade618
subprocess-logs/0075-jdk8_debug_TypedReceiver_jarde-javac.stdout	e3b0c44298fc1c149afbf4c8996fb92427ae41e4649b934ca495991b7852b855
subprocess-logs/0076-jdk8_debug_TypedReceiver_jarde-verify-run.stderr	e3b0c44298fc1c149afbf4c8996fb92427ae41e4649b934ca495991b7852b855
subprocess-logs/0076-jdk8_debug_TypedReceiver_jarde-verify-run.stdout	d7134843994e4b3ba1d434e5bdfba85531e98e0ec94492801f5dbfa4a5b0ca18
subprocess-logs/0077-jdk8_debug_TypedReceiver_jadx.stderr	e3b0c44298fc1c149afbf4c8996fb92427ae41e4649b934ca495991b7852b855
subprocess-logs/0077-jdk8_debug_TypedReceiver_jadx.stdout	777ab9b8038506cfa8b031b07412e0acefccbe685c55fa7aa212f122c0215fbe
subprocess-logs/0078-jdk8_debug_TypedReceiver_jadx-javac.stderr	e3b0c44298fc1c149afbf4c8996fb92427ae41e4649b934ca495991b7852b855
subprocess-logs/0078-jdk8_debug_TypedReceiver_jadx-javac.stdout	e3b0c44298fc1c149afbf4c8996fb92427ae41e4649b934ca495991b7852b855
subprocess-logs/0079-jdk8_debug_TypedReceiver_jadx-verify-run.stderr	e3b0c44298fc1c149afbf4c8996fb92427ae41e4649b934ca495991b7852b855
subprocess-logs/0079-jdk8_debug_TypedReceiver_jadx-verify-run.stdout	1a07b6f4350dff1a6ca5a3e4ec3062096840ad9dbc1a6efbd816e82d4c9ccb31
subprocess-logs/0080-jdk8_no-debug_TypedReceiver_jar-contents.stderr	e3b0c44298fc1c149afbf4c8996fb92427ae41e4649b934ca495991b7852b855
subprocess-logs/0080-jdk8_no-debug_TypedReceiver_jar-contents.stdout	de8b80e7eef68f017a319fe14e4ce5bcfa8e9eab45f9d818e61b1bf3001f42d7
subprocess-logs/0081-jdk8_no-debug_TypedReceiver_original-javac.stderr	e3b0c44298fc1c149afbf4c8996fb92427ae41e4649b934ca495991b7852b855
subprocess-logs/0081-jdk8_no-debug_TypedReceiver_original-javac.stdout	e3b0c44298fc1c149afbf4c8996fb92427ae41e4649b934ca495991b7852b855
subprocess-logs/0082-jdk8_no-debug_TypedReceiver_javap.stderr	e3b0c44298fc1c149afbf4c8996fb92427ae41e4649b934ca495991b7852b855
subprocess-logs/0082-jdk8_no-debug_TypedReceiver_javap.stdout	95eafd92fd08eea310d88bc1cd1cde1bca66ce8f8eeeb6801efc78caaa685a15
subprocess-logs/0083-jdk8_no-debug_TypedReceiver_original-probe-javac.stderr	e3b0c44298fc1c149afbf4c8996fb92427ae41e4649b934ca495991b7852b855
subprocess-logs/0083-jdk8_no-debug_TypedReceiver_original-probe-javac.stdout	e3b0c44298fc1c149afbf4c8996fb92427ae41e4649b934ca495991b7852b855
subprocess-logs/0084-jdk8_no-debug_TypedReceiver_original-run.stderr	e3b0c44298fc1c149afbf4c8996fb92427ae41e4649b934ca495991b7852b855
subprocess-logs/0084-jdk8_no-debug_TypedReceiver_original-run.stdout	7f08ef56194b137543c901f9bd3946d1ac0f4153f2cc202df75762d9c8052a16
subprocess-logs/0085-jdk8_no-debug_TypedReceiver_jarde-TypedReceiver.stderr	b1fbf7c6ae568acfbcaaed2169760ead086a6773b87dedfb0dbf5e39e13f742b
subprocess-logs/0085-jdk8_no-debug_TypedReceiver_jarde-TypedReceiver.stdout	bc23f6d670ae4739cc5c483c23851a87180cb7706f8bb4daa8c17c88625efb56
subprocess-logs/0086-jdk8_no-debug_TypedReceiver_jarde-javac.stderr	5aab5faf03f62a01461ec457c3165acb7a8840a6b69ecb6656cb6d632f5040d9
subprocess-logs/0086-jdk8_no-debug_TypedReceiver_jarde-javac.stdout	e3b0c44298fc1c149afbf4c8996fb92427ae41e4649b934ca495991b7852b855
subprocess-logs/0087-jdk8_no-debug_TypedReceiver_jarde-verify-run.stderr	e3b0c44298fc1c149afbf4c8996fb92427ae41e4649b934ca495991b7852b855
subprocess-logs/0087-jdk8_no-debug_TypedReceiver_jarde-verify-run.stdout	d7134843994e4b3ba1d434e5bdfba85531e98e0ec94492801f5dbfa4a5b0ca18
subprocess-logs/0088-jdk8_no-debug_TypedReceiver_jadx.stderr	e3b0c44298fc1c149afbf4c8996fb92427ae41e4649b934ca495991b7852b855
subprocess-logs/0088-jdk8_no-debug_TypedReceiver_jadx.stdout	ac0ea25c216ab10d40397482bbf6711b23fb6a5f65c138174a72752bb38f7ae5
subprocess-logs/0089-jdk8_no-debug_TypedReceiver_jadx-javac.stderr	e3b0c44298fc1c149afbf4c8996fb92427ae41e4649b934ca495991b7852b855
subprocess-logs/0089-jdk8_no-debug_TypedReceiver_jadx-javac.stdout	e3b0c44298fc1c149afbf4c8996fb92427ae41e4649b934ca495991b7852b855
subprocess-logs/0090-jdk8_no-debug_TypedReceiver_jadx-verify-run.stderr	e3b0c44298fc1c149afbf4c8996fb92427ae41e4649b934ca495991b7852b855
subprocess-logs/0090-jdk8_no-debug_TypedReceiver_jadx-verify-run.stdout	1a07b6f4350dff1a6ca5a3e4ec3062096840ad9dbc1a6efbd816e82d4c9ccb31
subprocess-logs/0091-jdk8_debug_ThisReceiver_jar-contents.stderr	e3b0c44298fc1c149afbf4c8996fb92427ae41e4649b934ca495991b7852b855
subprocess-logs/0091-jdk8_debug_ThisReceiver_jar-contents.stdout	1656887c3d8299160e12e3dd882357c23f33dc5f9d4f301e546a69530b435c72
subprocess-logs/0092-jdk8_debug_ThisReceiver_original-javac.stderr	e3b0c44298fc1c149afbf4c8996fb92427ae41e4649b934ca495991b7852b855
subprocess-logs/0092-jdk8_debug_ThisReceiver_original-javac.stdout	e3b0c44298fc1c149afbf4c8996fb92427ae41e4649b934ca495991b7852b855
subprocess-logs/0093-jdk8_debug_ThisReceiver_javap.stderr	e3b0c44298fc1c149afbf4c8996fb92427ae41e4649b934ca495991b7852b855
subprocess-logs/0093-jdk8_debug_ThisReceiver_javap.stdout	2f2a02e12469f568ae016a6557d63d63bdb89f4e4ab63fe6a2e6ddf9a205ecaf
subprocess-logs/0094-jdk8_debug_ThisReceiver_original-probe-javac.stderr	e3b0c44298fc1c149afbf4c8996fb92427ae41e4649b934ca495991b7852b855
subprocess-logs/0094-jdk8_debug_ThisReceiver_original-probe-javac.stdout	e3b0c44298fc1c149afbf4c8996fb92427ae41e4649b934ca495991b7852b855
subprocess-logs/0095-jdk8_debug_ThisReceiver_original-run.stderr	e3b0c44298fc1c149afbf4c8996fb92427ae41e4649b934ca495991b7852b855
subprocess-logs/0095-jdk8_debug_ThisReceiver_original-run.stdout	9916911dd761a7b0d550673bef203cb77fb4cb96733a8fb0a2184fb7d3ba65b8
subprocess-logs/0096-jdk8_debug_ThisReceiver_jarde-ThisReceiver.stderr	c0b6ff480120f241e04e298060556ad0eae808fd382767b339e68f79a594ef48
subprocess-logs/0096-jdk8_debug_ThisReceiver_jarde-ThisReceiver.stdout	a97d2cf3fb8ae606b390fe7a96386fb611ca686a76a5a25889978f7e8fc03c52
subprocess-logs/0097-jdk8_debug_ThisReceiver_jarde-javac.stderr	e3b0c44298fc1c149afbf4c8996fb92427ae41e4649b934ca495991b7852b855
subprocess-logs/0097-jdk8_debug_ThisReceiver_jarde-javac.stdout	e3b0c44298fc1c149afbf4c8996fb92427ae41e4649b934ca495991b7852b855
subprocess-logs/0098-jdk8_debug_ThisReceiver_jarde-verify-run.stderr	e3b0c44298fc1c149afbf4c8996fb92427ae41e4649b934ca495991b7852b855
subprocess-logs/0098-jdk8_debug_ThisReceiver_jarde-verify-run.stdout	9916911dd761a7b0d550673bef203cb77fb4cb96733a8fb0a2184fb7d3ba65b8
subprocess-logs/0099-jdk8_debug_ThisReceiver_jadx.stderr	e3b0c44298fc1c149afbf4c8996fb92427ae41e4649b934ca495991b7852b855
subprocess-logs/0099-jdk8_debug_ThisReceiver_jadx.stdout	02da9803b0627d6187ae701e3723268dd61810750eae34d17499f5e0f0b9dccc
subprocess-logs/0100-jdk8_debug_ThisReceiver_jadx-javac.stderr	e3b0c44298fc1c149afbf4c8996fb92427ae41e4649b934ca495991b7852b855
subprocess-logs/0100-jdk8_debug_ThisReceiver_jadx-javac.stdout	e3b0c44298fc1c149afbf4c8996fb92427ae41e4649b934ca495991b7852b855
subprocess-logs/0101-jdk8_debug_ThisReceiver_jadx-verify-run.stderr	e3b0c44298fc1c149afbf4c8996fb92427ae41e4649b934ca495991b7852b855
subprocess-logs/0101-jdk8_debug_ThisReceiver_jadx-verify-run.stdout	f2c2ade79741f3c077a9767a2c86b6f9e8b3c91395a41c1c035e78ca2c19717e
subprocess-logs/0102-jdk8_no-debug_ThisReceiver_jar-contents.stderr	e3b0c44298fc1c149afbf4c8996fb92427ae41e4649b934ca495991b7852b855
subprocess-logs/0102-jdk8_no-debug_ThisReceiver_jar-contents.stdout	1656887c3d8299160e12e3dd882357c23f33dc5f9d4f301e546a69530b435c72
subprocess-logs/0103-jdk8_no-debug_ThisReceiver_original-javac.stderr	e3b0c44298fc1c149afbf4c8996fb92427ae41e4649b934ca495991b7852b855
subprocess-logs/0103-jdk8_no-debug_ThisReceiver_original-javac.stdout	e3b0c44298fc1c149afbf4c8996fb92427ae41e4649b934ca495991b7852b855
subprocess-logs/0104-jdk8_no-debug_ThisReceiver_javap.stderr	e3b0c44298fc1c149afbf4c8996fb92427ae41e4649b934ca495991b7852b855
subprocess-logs/0104-jdk8_no-debug_ThisReceiver_javap.stdout	6ca1c12ab28e407f2ebce7f75369b2122364e2218c6c3c7543db1144a7b80a60
subprocess-logs/0105-jdk8_no-debug_ThisReceiver_original-probe-javac.stderr	e3b0c44298fc1c149afbf4c8996fb92427ae41e4649b934ca495991b7852b855
subprocess-logs/0105-jdk8_no-debug_ThisReceiver_original-probe-javac.stdout	e3b0c44298fc1c149afbf4c8996fb92427ae41e4649b934ca495991b7852b855
subprocess-logs/0106-jdk8_no-debug_ThisReceiver_original-run.stderr	e3b0c44298fc1c149afbf4c8996fb92427ae41e4649b934ca495991b7852b855
subprocess-logs/0106-jdk8_no-debug_ThisReceiver_original-run.stdout	9916911dd761a7b0d550673bef203cb77fb4cb96733a8fb0a2184fb7d3ba65b8
subprocess-logs/0107-jdk8_no-debug_ThisReceiver_jarde-ThisReceiver.stderr	d2c3307d0117f5182ac6c60d40efd6394b856d8726b26c0e9e521cda6d5e921e
subprocess-logs/0107-jdk8_no-debug_ThisReceiver_jarde-ThisReceiver.stdout	0c40a3e0e09b0e97ca13b527dcc647a9f01c29a3f73f31f6d7de68b4408b0d8f
subprocess-logs/0108-jdk8_no-debug_ThisReceiver_jarde-javac.stderr	e3b0c44298fc1c149afbf4c8996fb92427ae41e4649b934ca495991b7852b855
subprocess-logs/0108-jdk8_no-debug_ThisReceiver_jarde-javac.stdout	e3b0c44298fc1c149afbf4c8996fb92427ae41e4649b934ca495991b7852b855
subprocess-logs/0109-jdk8_no-debug_ThisReceiver_jarde-verify-run.stderr	e3b0c44298fc1c149afbf4c8996fb92427ae41e4649b934ca495991b7852b855
subprocess-logs/0109-jdk8_no-debug_ThisReceiver_jarde-verify-run.stdout	9916911dd761a7b0d550673bef203cb77fb4cb96733a8fb0a2184fb7d3ba65b8
subprocess-logs/0110-jdk8_no-debug_ThisReceiver_jadx.stderr	e3b0c44298fc1c149afbf4c8996fb92427ae41e4649b934ca495991b7852b855
subprocess-logs/0110-jdk8_no-debug_ThisReceiver_jadx.stdout	1470a79a00ae2aab24e01f9ebf561c4f216fa025dcf8141a599bb446885b337a
subprocess-logs/0111-jdk8_no-debug_ThisReceiver_jadx-javac.stderr	e3b0c44298fc1c149afbf4c8996fb92427ae41e4649b934ca495991b7852b855
subprocess-logs/0111-jdk8_no-debug_ThisReceiver_jadx-javac.stdout	e3b0c44298fc1c149afbf4c8996fb92427ae41e4649b934ca495991b7852b855
subprocess-logs/0112-jdk8_no-debug_ThisReceiver_jadx-verify-run.stderr	e3b0c44298fc1c149afbf4c8996fb92427ae41e4649b934ca495991b7852b855
subprocess-logs/0112-jdk8_no-debug_ThisReceiver_jadx-verify-run.stdout	f2c2ade79741f3c077a9767a2c86b6f9e8b3c91395a41c1c035e78ca2c19717e
subprocess-logs/0113-jdk8_debug_ShadowMethodT_jar-contents.stderr	e3b0c44298fc1c149afbf4c8996fb92427ae41e4649b934ca495991b7852b855
subprocess-logs/0113-jdk8_debug_ShadowMethodT_jar-contents.stdout	0a014d28d43f161014ee6c5d0696b18e41bff4bb83b1ac87222e9f4a8516ab35
subprocess-logs/0114-jdk8_debug_ShadowMethodT_original-javac.stderr	e3b0c44298fc1c149afbf4c8996fb92427ae41e4649b934ca495991b7852b855
subprocess-logs/0114-jdk8_debug_ShadowMethodT_original-javac.stdout	e3b0c44298fc1c149afbf4c8996fb92427ae41e4649b934ca495991b7852b855
subprocess-logs/0115-jdk8_debug_ShadowMethodT_javap.stderr	e3b0c44298fc1c149afbf4c8996fb92427ae41e4649b934ca495991b7852b855
subprocess-logs/0115-jdk8_debug_ShadowMethodT_javap.stdout	5f88b0dbb9231e78d4e602f89003a6cb83bbca11530d969965acb02353395676
subprocess-logs/0116-jdk8_debug_ShadowMethodT_original-probe-javac.stderr	e3b0c44298fc1c149afbf4c8996fb92427ae41e4649b934ca495991b7852b855
subprocess-logs/0116-jdk8_debug_ShadowMethodT_original-probe-javac.stdout	e3b0c44298fc1c149afbf4c8996fb92427ae41e4649b934ca495991b7852b855
subprocess-logs/0117-jdk8_debug_ShadowMethodT_original-run.stderr	e3b0c44298fc1c149afbf4c8996fb92427ae41e4649b934ca495991b7852b855
subprocess-logs/0117-jdk8_debug_ShadowMethodT_original-run.stdout	e491f2fc9b0efb07abdaf9da8848a50d38b4da3848f045e3268c35d95124df5a
subprocess-logs/0118-jdk8_debug_ShadowMethodT_jarde-ShadowMethodT.stderr	d0552134a214b5305693f9906f025857884cf6a510cdba3c7af6f656dbc98ba6
subprocess-logs/0118-jdk8_debug_ShadowMethodT_jarde-ShadowMethodT.stdout	4bd7e971db097e54afcb2dfe2a4ccc9029b04e3c9626bd76bd0ee0e0b5a316b4
subprocess-logs/0119-jdk8_debug_ShadowMethodT_jarde-javac.stderr	0ed60a83f911bc82d75d49e51c89c6d37d0fc9efc5cdb55bdfec91be4a3f9f4b
subprocess-logs/0119-jdk8_debug_ShadowMethodT_jarde-javac.stdout	e3b0c44298fc1c149afbf4c8996fb92427ae41e4649b934ca495991b7852b855
subprocess-logs/0120-jdk8_debug_ShadowMethodT_jarde-verify-run.stderr	e3b0c44298fc1c149afbf4c8996fb92427ae41e4649b934ca495991b7852b855
subprocess-logs/0120-jdk8_debug_ShadowMethodT_jarde-verify-run.stdout	ceb1dd45add8519cb6e22a15e06a6eab6b515c2f59d517b64ede6b379fcd7b53
subprocess-logs/0121-jdk8_debug_ShadowMethodT_jadx.stderr	e3b0c44298fc1c149afbf4c8996fb92427ae41e4649b934ca495991b7852b855
subprocess-logs/0121-jdk8_debug_ShadowMethodT_jadx.stdout	d7fe6c7634987f3acfb2b0659a08d3570e40ff033bef2e4f02c2443c1e6779ae
subprocess-logs/0122-jdk8_debug_ShadowMethodT_jadx-javac.stderr	e3b0c44298fc1c149afbf4c8996fb92427ae41e4649b934ca495991b7852b855
subprocess-logs/0122-jdk8_debug_ShadowMethodT_jadx-javac.stdout	e3b0c44298fc1c149afbf4c8996fb92427ae41e4649b934ca495991b7852b855
subprocess-logs/0123-jdk8_debug_ShadowMethodT_jadx-verify-run.stderr	e3b0c44298fc1c149afbf4c8996fb92427ae41e4649b934ca495991b7852b855
subprocess-logs/0123-jdk8_debug_ShadowMethodT_jadx-verify-run.stdout	1c91e9e73e2b1038112652360b7e0dcd639e400df84523aac0d0102801a17264
subprocess-logs/0124-jdk8_no-debug_ShadowMethodT_jar-contents.stderr	e3b0c44298fc1c149afbf4c8996fb92427ae41e4649b934ca495991b7852b855
subprocess-logs/0124-jdk8_no-debug_ShadowMethodT_jar-contents.stdout	0a014d28d43f161014ee6c5d0696b18e41bff4bb83b1ac87222e9f4a8516ab35
subprocess-logs/0125-jdk8_no-debug_ShadowMethodT_original-javac.stderr	e3b0c44298fc1c149afbf4c8996fb92427ae41e4649b934ca495991b7852b855
subprocess-logs/0125-jdk8_no-debug_ShadowMethodT_original-javac.stdout	e3b0c44298fc1c149afbf4c8996fb92427ae41e4649b934ca495991b7852b855
subprocess-logs/0126-jdk8_no-debug_ShadowMethodT_javap.stderr	e3b0c44298fc1c149afbf4c8996fb92427ae41e4649b934ca495991b7852b855
subprocess-logs/0126-jdk8_no-debug_ShadowMethodT_javap.stdout	f4bcacef3b8048d7270b588c9fdc067893b945c368750d1d7f1bf6f89da099c2
subprocess-logs/0127-jdk8_no-debug_ShadowMethodT_original-probe-javac.stderr	e3b0c44298fc1c149afbf4c8996fb92427ae41e4649b934ca495991b7852b855
subprocess-logs/0127-jdk8_no-debug_ShadowMethodT_original-probe-javac.stdout	e3b0c44298fc1c149afbf4c8996fb92427ae41e4649b934ca495991b7852b855
subprocess-logs/0128-jdk8_no-debug_ShadowMethodT_original-run.stderr	e3b0c44298fc1c149afbf4c8996fb92427ae41e4649b934ca495991b7852b855
subprocess-logs/0128-jdk8_no-debug_ShadowMethodT_original-run.stdout	e491f2fc9b0efb07abdaf9da8848a50d38b4da3848f045e3268c35d95124df5a
subprocess-logs/0129-jdk8_no-debug_ShadowMethodT_jarde-ShadowMethodT.stderr	04c82b6ce36f27025cb0b06ee0470dd55ca4066baf3935146dfed08eaed5c64f
subprocess-logs/0129-jdk8_no-debug_ShadowMethodT_jarde-ShadowMethodT.stdout	d40fba0fc2def10495115feecb8a0139d3b24cd1fb22da16660c49bde2ca9953
subprocess-logs/0130-jdk8_no-debug_ShadowMethodT_jarde-javac.stderr	23ceaba07aa7787d26f8f6f837429546affbd020eecbbcd67556fc8d5304d8b5
subprocess-logs/0130-jdk8_no-debug_ShadowMethodT_jarde-javac.stdout	e3b0c44298fc1c149afbf4c8996fb92427ae41e4649b934ca495991b7852b855
subprocess-logs/0131-jdk8_no-debug_ShadowMethodT_jarde-verify-run.stderr	e3b0c44298fc1c149afbf4c8996fb92427ae41e4649b934ca495991b7852b855
subprocess-logs/0131-jdk8_no-debug_ShadowMethodT_jarde-verify-run.stdout	ceb1dd45add8519cb6e22a15e06a6eab6b515c2f59d517b64ede6b379fcd7b53
subprocess-logs/0132-jdk8_no-debug_ShadowMethodT_jadx.stderr	e3b0c44298fc1c149afbf4c8996fb92427ae41e4649b934ca495991b7852b855
subprocess-logs/0132-jdk8_no-debug_ShadowMethodT_jadx.stdout	0299299507cce72d0b6ad1b91309553f68c87e608d958648cb8993106a7bec6c
subprocess-logs/0133-jdk8_no-debug_ShadowMethodT_jadx-javac.stderr	e3b0c44298fc1c149afbf4c8996fb92427ae41e4649b934ca495991b7852b855
subprocess-logs/0133-jdk8_no-debug_ShadowMethodT_jadx-javac.stdout	e3b0c44298fc1c149afbf4c8996fb92427ae41e4649b934ca495991b7852b855
subprocess-logs/0134-jdk8_no-debug_ShadowMethodT_jadx-verify-run.stderr	e3b0c44298fc1c149afbf4c8996fb92427ae41e4649b934ca495991b7852b855
subprocess-logs/0134-jdk8_no-debug_ShadowMethodT_jadx-verify-run.stdout	1c91e9e73e2b1038112652360b7e0dcd639e400df84523aac0d0102801a17264
subprocess-logs/0135-jdk8_debug_DirectInstanceRawParam_jar-contents.stderr	e3b0c44298fc1c149afbf4c8996fb92427ae41e4649b934ca495991b7852b855
subprocess-logs/0135-jdk8_debug_DirectInstanceRawParam_jar-contents.stdout	fc15d4455024ee977b4d1922c14c180928c2138e1582c5adccbb1d8fe3953218
subprocess-logs/0136-jdk8_debug_DirectInstanceRawParam_original-javac.stderr	0ba3987920336d7f3107d9ccc9dbe7c312342815dfc44d531d9e54ca6d1191a0
subprocess-logs/0136-jdk8_debug_DirectInstanceRawParam_original-javac.stdout	e3b0c44298fc1c149afbf4c8996fb92427ae41e4649b934ca495991b7852b855
subprocess-logs/0137-jdk8_debug_DirectInstanceRawParam_javap.stderr	e3b0c44298fc1c149afbf4c8996fb92427ae41e4649b934ca495991b7852b855
subprocess-logs/0137-jdk8_debug_DirectInstanceRawParam_javap.stdout	985b63aa149ff87b9b79d1688950f005707ac1fe3ebca01c335333d2b931f006
subprocess-logs/0138-jdk8_debug_DirectInstanceRawParam_original-probe-javac.stderr	e3b0c44298fc1c149afbf4c8996fb92427ae41e4649b934ca495991b7852b855
subprocess-logs/0138-jdk8_debug_DirectInstanceRawParam_original-probe-javac.stdout	e3b0c44298fc1c149afbf4c8996fb92427ae41e4649b934ca495991b7852b855
subprocess-logs/0139-jdk8_debug_DirectInstanceRawParam_original-run.stderr	e3b0c44298fc1c149afbf4c8996fb92427ae41e4649b934ca495991b7852b855
subprocess-logs/0139-jdk8_debug_DirectInstanceRawParam_original-run.stdout	9358c79b8f63417a168963e9dc02e1e1359ee5bda8614638bec755f01d5683be
subprocess-logs/0140-jdk8_debug_DirectInstanceRawParam_jarde-DirectInstanceRawParam.stderr	7e548463c95a58920be22fe92d3939a426551fee4ad252216be3126b6deebf9d
subprocess-logs/0140-jdk8_debug_DirectInstanceRawParam_jarde-DirectInstanceRawParam.stdout	66882766f2731a7d18b72428b8ad38d8f2bd8e0183b4bf42ab71e0a8bcb56671
subprocess-logs/0141-jdk8_debug_DirectInstanceRawParam_jarde-javac.stderr	1631b5888252e738fbf6de56c393444f4830c5b517982601a65b07afaafe92a6
subprocess-logs/0141-jdk8_debug_DirectInstanceRawParam_jarde-javac.stdout	e3b0c44298fc1c149afbf4c8996fb92427ae41e4649b934ca495991b7852b855
subprocess-logs/0142-jdk8_debug_DirectInstanceRawParam_jarde-verify-run.stderr	e3b0c44298fc1c149afbf4c8996fb92427ae41e4649b934ca495991b7852b855
subprocess-logs/0142-jdk8_debug_DirectInstanceRawParam_jarde-verify-run.stdout	9358c79b8f63417a168963e9dc02e1e1359ee5bda8614638bec755f01d5683be
subprocess-logs/0143-jdk8_debug_DirectInstanceRawParam_jadx.stderr	e3b0c44298fc1c149afbf4c8996fb92427ae41e4649b934ca495991b7852b855
subprocess-logs/0143-jdk8_debug_DirectInstanceRawParam_jadx.stdout	c506a074d5032950e8a64b1f41edc82b241bb082be9b87a67c3027e486e4c2af
subprocess-logs/0144-jdk8_debug_DirectInstanceRawParam_jadx-javac.stderr	a472412c8bd1460762a60589bc0abaaa641675dddcce452bb5571e8edc97253d
subprocess-logs/0144-jdk8_debug_DirectInstanceRawParam_jadx-javac.stdout	e3b0c44298fc1c149afbf4c8996fb92427ae41e4649b934ca495991b7852b855
subprocess-logs/0145-jdk8_debug_DirectInstanceRawParam_jadx-verify-run.stderr	e3b0c44298fc1c149afbf4c8996fb92427ae41e4649b934ca495991b7852b855
subprocess-logs/0145-jdk8_debug_DirectInstanceRawParam_jadx-verify-run.stdout	b3cda9506188b60dd9d215bc5efd1dafb315f344e7cea3910361ebe407f0cc9b
subprocess-logs/0146-jdk8_no-debug_DirectInstanceRawParam_jar-contents.stderr	e3b0c44298fc1c149afbf4c8996fb92427ae41e4649b934ca495991b7852b855
subprocess-logs/0146-jdk8_no-debug_DirectInstanceRawParam_jar-contents.stdout	fc15d4455024ee977b4d1922c14c180928c2138e1582c5adccbb1d8fe3953218
subprocess-logs/0147-jdk8_no-debug_DirectInstanceRawParam_original-javac.stderr	0ba3987920336d7f3107d9ccc9dbe7c312342815dfc44d531d9e54ca6d1191a0
subprocess-logs/0147-jdk8_no-debug_DirectInstanceRawParam_original-javac.stdout	e3b0c44298fc1c149afbf4c8996fb92427ae41e4649b934ca495991b7852b855
subprocess-logs/0148-jdk8_no-debug_DirectInstanceRawParam_javap.stderr	e3b0c44298fc1c149afbf4c8996fb92427ae41e4649b934ca495991b7852b855
subprocess-logs/0148-jdk8_no-debug_DirectInstanceRawParam_javap.stdout	4957d9f929264dc89c0ce8e20c5518e881a8862ea97e61f11d9ed818e6cd5b73
subprocess-logs/0149-jdk8_no-debug_DirectInstanceRawParam_original-probe-javac.stderr	e3b0c44298fc1c149afbf4c8996fb92427ae41e4649b934ca495991b7852b855
subprocess-logs/0149-jdk8_no-debug_DirectInstanceRawParam_original-probe-javac.stdout	e3b0c44298fc1c149afbf4c8996fb92427ae41e4649b934ca495991b7852b855
subprocess-logs/0150-jdk8_no-debug_DirectInstanceRawParam_original-run.stderr	e3b0c44298fc1c149afbf4c8996fb92427ae41e4649b934ca495991b7852b855
subprocess-logs/0150-jdk8_no-debug_DirectInstanceRawParam_original-run.stdout	9358c79b8f63417a168963e9dc02e1e1359ee5bda8614638bec755f01d5683be
subprocess-logs/0151-jdk8_no-debug_DirectInstanceRawParam_jarde-DirectInstanceRawParam.stderr	215dc3ffae6f21c0cd9b276c56647c9a0d580c9770509f5d1a14ce97b0f3a38d
subprocess-logs/0151-jdk8_no-debug_DirectInstanceRawParam_jarde-DirectInstanceRawParam.stdout	4a94736315b6eae244e0c86bd52673d4184206d783c03a281542fea7858efed2
subprocess-logs/0152-jdk8_no-debug_DirectInstanceRawParam_jarde-javac.stderr	f6c0ffd5862d6f014b80c75ca65d8fcf92d84bd4230ba8759ad38d6eb9dd2234
subprocess-logs/0152-jdk8_no-debug_DirectInstanceRawParam_jarde-javac.stdout	e3b0c44298fc1c149afbf4c8996fb92427ae41e4649b934ca495991b7852b855
subprocess-logs/0153-jdk8_no-debug_DirectInstanceRawParam_jarde-verify-run.stderr	e3b0c44298fc1c149afbf4c8996fb92427ae41e4649b934ca495991b7852b855
subprocess-logs/0153-jdk8_no-debug_DirectInstanceRawParam_jarde-verify-run.stdout	9358c79b8f63417a168963e9dc02e1e1359ee5bda8614638bec755f01d5683be
subprocess-logs/0154-jdk8_no-debug_DirectInstanceRawParam_jadx.stderr	e3b0c44298fc1c149afbf4c8996fb92427ae41e4649b934ca495991b7852b855
subprocess-logs/0154-jdk8_no-debug_DirectInstanceRawParam_jadx.stdout	7c02d069a42f0a55d2ced19b6ce6fbe2c816aca46c2cd898ee4183443d72575d
subprocess-logs/0155-jdk8_no-debug_DirectInstanceRawParam_jadx-javac.stderr	2b6e52cf3c7e9821df9c3eeb67573dc8ad03ac8c4cd74d493b18fcab85b7a829
subprocess-logs/0155-jdk8_no-debug_DirectInstanceRawParam_jadx-javac.stdout	e3b0c44298fc1c149afbf4c8996fb92427ae41e4649b934ca495991b7852b855
subprocess-logs/0156-jdk8_no-debug_DirectInstanceRawParam_jadx-verify-run.stderr	e3b0c44298fc1c149afbf4c8996fb92427ae41e4649b934ca495991b7852b855
subprocess-logs/0156-jdk8_no-debug_DirectInstanceRawParam_jadx-verify-run.stdout	b3cda9506188b60dd9d215bc5efd1dafb315f344e7cea3910361ebe407f0cc9b
subprocess-logs/0157-jdk8_debug_WideRawParam_jar-contents.stderr	e3b0c44298fc1c149afbf4c8996fb92427ae41e4649b934ca495991b7852b855
subprocess-logs/0157-jdk8_debug_WideRawParam_jar-contents.stdout	c7b383a50ec45946ad9d59c86fa09aeb20831c235da656e4fb4c89f12a7bd588
subprocess-logs/0158-jdk8_debug_WideRawParam_original-javac.stderr	aeb03bb6e0ae5dc3f7fc3d80a055ebaa4ae1ec6c9c9b8a2a78364e8629ccf196
subprocess-logs/0158-jdk8_debug_WideRawParam_original-javac.stdout	e3b0c44298fc1c149afbf4c8996fb92427ae41e4649b934ca495991b7852b855
subprocess-logs/0159-jdk8_debug_WideRawParam_javap.stderr	e3b0c44298fc1c149afbf4c8996fb92427ae41e4649b934ca495991b7852b855
subprocess-logs/0159-jdk8_debug_WideRawParam_javap.stdout	251a24fecb60d9545e8c5bff05871e4aec25485f0800735c1fe9de099cd4efdb
subprocess-logs/0160-jdk8_debug_WideRawParam_original-probe-javac.stderr	e3b0c44298fc1c149afbf4c8996fb92427ae41e4649b934ca495991b7852b855
subprocess-logs/0160-jdk8_debug_WideRawParam_original-probe-javac.stdout	e3b0c44298fc1c149afbf4c8996fb92427ae41e4649b934ca495991b7852b855
subprocess-logs/0161-jdk8_debug_WideRawParam_original-run.stderr	e3b0c44298fc1c149afbf4c8996fb92427ae41e4649b934ca495991b7852b855
subprocess-logs/0161-jdk8_debug_WideRawParam_original-run.stdout	9b6ad934d85edae64408a458838c3e4654befd592a41b43cedf7710c2e9b1512
subprocess-logs/0162-jdk8_debug_WideRawParam_jarde-WideRawParam.stderr	cabc952079cfaa432f0a133c936d42c7d1295f169b60776e4d6ce2df20c941c1
subprocess-logs/0162-jdk8_debug_WideRawParam_jarde-WideRawParam.stdout	a8c2366e3a709f7941c00dff72d5921e0b3e9772cd7195d3caf1094bb0a95be9
subprocess-logs/0163-jdk8_debug_WideRawParam_jarde-javac.stderr	602227517b5ff2742223c025762087a3325d177c00c42bbccda62d4daef3fa64
subprocess-logs/0163-jdk8_debug_WideRawParam_jarde-javac.stdout	e3b0c44298fc1c149afbf4c8996fb92427ae41e4649b934ca495991b7852b855
subprocess-logs/0164-jdk8_debug_WideRawParam_jarde-verify-run.stderr	e3b0c44298fc1c149afbf4c8996fb92427ae41e4649b934ca495991b7852b855
subprocess-logs/0164-jdk8_debug_WideRawParam_jarde-verify-run.stdout	9b6ad934d85edae64408a458838c3e4654befd592a41b43cedf7710c2e9b1512
subprocess-logs/0165-jdk8_debug_WideRawParam_jadx.stderr	e3b0c44298fc1c149afbf4c8996fb92427ae41e4649b934ca495991b7852b855
subprocess-logs/0165-jdk8_debug_WideRawParam_jadx.stdout	97969b3e673a4ab8d4896cb68d5cca0f97dead89ee958551cb5ac3ea2d542be6
subprocess-logs/0166-jdk8_debug_WideRawParam_jadx-javac.stderr	33281a402501a672929ae9f866fb3d939ad9dbcbd8713b2cbfff4c3439d6c039
subprocess-logs/0166-jdk8_debug_WideRawParam_jadx-javac.stdout	e3b0c44298fc1c149afbf4c8996fb92427ae41e4649b934ca495991b7852b855
subprocess-logs/0167-jdk8_debug_WideRawParam_jadx-verify-run.stderr	e3b0c44298fc1c149afbf4c8996fb92427ae41e4649b934ca495991b7852b855
subprocess-logs/0167-jdk8_debug_WideRawParam_jadx-verify-run.stdout	bb098a483d7226c3ef490fd7d5502cfaae0fa2dc00a248054971f81a95f5b14e
subprocess-logs/0168-jdk8_no-debug_WideRawParam_jar-contents.stderr	e3b0c44298fc1c149afbf4c8996fb92427ae41e4649b934ca495991b7852b855
subprocess-logs/0168-jdk8_no-debug_WideRawParam_jar-contents.stdout	c7b383a50ec45946ad9d59c86fa09aeb20831c235da656e4fb4c89f12a7bd588
subprocess-logs/0169-jdk8_no-debug_WideRawParam_original-javac.stderr	aeb03bb6e0ae5dc3f7fc3d80a055ebaa4ae1ec6c9c9b8a2a78364e8629ccf196
subprocess-logs/0169-jdk8_no-debug_WideRawParam_original-javac.stdout	e3b0c44298fc1c149afbf4c8996fb92427ae41e4649b934ca495991b7852b855
subprocess-logs/0170-jdk8_no-debug_WideRawParam_javap.stderr	e3b0c44298fc1c149afbf4c8996fb92427ae41e4649b934ca495991b7852b855
subprocess-logs/0170-jdk8_no-debug_WideRawParam_javap.stdout	d09c8be9c649a1712af9cc5e05f0f9f4b726e1dccedf88236075288c3e34e0a5
subprocess-logs/0171-jdk8_no-debug_WideRawParam_original-probe-javac.stderr	e3b0c44298fc1c149afbf4c8996fb92427ae41e4649b934ca495991b7852b855
subprocess-logs/0171-jdk8_no-debug_WideRawParam_original-probe-javac.stdout	e3b0c44298fc1c149afbf4c8996fb92427ae41e4649b934ca495991b7852b855
subprocess-logs/0172-jdk8_no-debug_WideRawParam_original-run.stderr	e3b0c44298fc1c149afbf4c8996fb92427ae41e4649b934ca495991b7852b855
subprocess-logs/0172-jdk8_no-debug_WideRawParam_original-run.stdout	9b6ad934d85edae64408a458838c3e4654befd592a41b43cedf7710c2e9b1512
subprocess-logs/0173-jdk8_no-debug_WideRawParam_jarde-WideRawParam.stderr	7e86e91174d6219afbb36ca12d99f9757caee4d8b7bfebd07b1555e909a28f32
subprocess-logs/0173-jdk8_no-debug_WideRawParam_jarde-WideRawParam.stdout	1fffb038dc24c28f794c348a356b25bf8f3cac2017e72733ba1b38208c722010
subprocess-logs/0174-jdk8_no-debug_WideRawParam_jarde-javac.stderr	d84feef74e3756e810afb6e77d942fadddd7e60110a57a0f63caa7a061826005
subprocess-logs/0174-jdk8_no-debug_WideRawParam_jarde-javac.stdout	e3b0c44298fc1c149afbf4c8996fb92427ae41e4649b934ca495991b7852b855
subprocess-logs/0175-jdk8_no-debug_WideRawParam_jarde-verify-run.stderr	e3b0c44298fc1c149afbf4c8996fb92427ae41e4649b934ca495991b7852b855
subprocess-logs/0175-jdk8_no-debug_WideRawParam_jarde-verify-run.stdout	9b6ad934d85edae64408a458838c3e4654befd592a41b43cedf7710c2e9b1512
subprocess-logs/0176-jdk8_no-debug_WideRawParam_jadx.stderr	e3b0c44298fc1c149afbf4c8996fb92427ae41e4649b934ca495991b7852b855
subprocess-logs/0176-jdk8_no-debug_WideRawParam_jadx.stdout	cf5289dc960ad391557b3f412f39123453a993153dc54c3bcc69c7d81f550b1f
subprocess-logs/0177-jdk8_no-debug_WideRawParam_jadx-javac.stderr	9eb93662379bac5155b4ec35dda1cf67ca0af207f503fa417ec80ef9015135cf
subprocess-logs/0177-jdk8_no-debug_WideRawParam_jadx-javac.stdout	e3b0c44298fc1c149afbf4c8996fb92427ae41e4649b934ca495991b7852b855
subprocess-logs/0178-jdk8_no-debug_WideRawParam_jadx-verify-run.stderr	e3b0c44298fc1c149afbf4c8996fb92427ae41e4649b934ca495991b7852b855
subprocess-logs/0178-jdk8_no-debug_WideRawParam_jadx-verify-run.stdout	bb098a483d7226c3ef490fd7d5502cfaae0fa2dc00a248054971f81a95f5b14e
subprocess-logs/0179-jdk8_debug_ArrayRawParam_jar-contents.stderr	e3b0c44298fc1c149afbf4c8996fb92427ae41e4649b934ca495991b7852b855
subprocess-logs/0179-jdk8_debug_ArrayRawParam_jar-contents.stdout	3158ddd8210c312dd495e4f4bed9c58b47a294ca772f97d51d89a67d7715ebc7
subprocess-logs/0180-jdk8_debug_ArrayRawParam_original-javac.stderr	cb8a628cd783c342302463ddf01fbb8818bab7bee540276c0bbc9f5a43763de8
subprocess-logs/0180-jdk8_debug_ArrayRawParam_original-javac.stdout	e3b0c44298fc1c149afbf4c8996fb92427ae41e4649b934ca495991b7852b855
subprocess-logs/0181-jdk8_debug_ArrayRawParam_javap.stderr	e3b0c44298fc1c149afbf4c8996fb92427ae41e4649b934ca495991b7852b855
subprocess-logs/0181-jdk8_debug_ArrayRawParam_javap.stdout	4c7ce421a74e0ffc33ec4ecc7a9712fe726a9b9db67edf403b567249c28fe909
subprocess-logs/0182-jdk8_debug_ArrayRawParam_original-probe-javac.stderr	e3b0c44298fc1c149afbf4c8996fb92427ae41e4649b934ca495991b7852b855
subprocess-logs/0182-jdk8_debug_ArrayRawParam_original-probe-javac.stdout	e3b0c44298fc1c149afbf4c8996fb92427ae41e4649b934ca495991b7852b855
subprocess-logs/0183-jdk8_debug_ArrayRawParam_original-run.stderr	e3b0c44298fc1c149afbf4c8996fb92427ae41e4649b934ca495991b7852b855
subprocess-logs/0183-jdk8_debug_ArrayRawParam_original-run.stdout	d51f3b7d45328701a337bb2285770bcd1cf8f2179c66734c318010571e65ac8b
subprocess-logs/0184-jdk8_debug_ArrayRawParam_jarde-ArrayRawParam.stderr	4ce8417d588bb3e873e7c63ff2881a7e984667ed9c5fb6c38688f5bb59accbb6
subprocess-logs/0184-jdk8_debug_ArrayRawParam_jarde-ArrayRawParam.stdout	c8c72849f11741a77f70b21b0436745c69e7f2e9d60ae7c7724adfd147a8faab
subprocess-logs/0185-jdk8_debug_ArrayRawParam_jarde-javac.stderr	2b65033f4103171d1552ef1bfa9cd850708027e6c42f8e024401213edfd74416
subprocess-logs/0185-jdk8_debug_ArrayRawParam_jarde-javac.stdout	e3b0c44298fc1c149afbf4c8996fb92427ae41e4649b934ca495991b7852b855
subprocess-logs/0186-jdk8_debug_ArrayRawParam_jarde-verify-run.stderr	e3b0c44298fc1c149afbf4c8996fb92427ae41e4649b934ca495991b7852b855
subprocess-logs/0186-jdk8_debug_ArrayRawParam_jarde-verify-run.stdout	d51f3b7d45328701a337bb2285770bcd1cf8f2179c66734c318010571e65ac8b
subprocess-logs/0187-jdk8_debug_ArrayRawParam_jadx.stderr	e3b0c44298fc1c149afbf4c8996fb92427ae41e4649b934ca495991b7852b855
subprocess-logs/0187-jdk8_debug_ArrayRawParam_jadx.stdout	f78405c5668359c188df5046e4eb833696e8006a1428123c6c76dbc90e629527
subprocess-logs/0188-jdk8_debug_ArrayRawParam_jadx-javac.stderr	b8174fefa196f0068d209558f2f7a5e7ccca5f066726f8281542d819d3edd659
subprocess-logs/0188-jdk8_debug_ArrayRawParam_jadx-javac.stdout	e3b0c44298fc1c149afbf4c8996fb92427ae41e4649b934ca495991b7852b855
subprocess-logs/0189-jdk8_debug_ArrayRawParam_jadx-verify-run.stderr	e3b0c44298fc1c149afbf4c8996fb92427ae41e4649b934ca495991b7852b855
subprocess-logs/0189-jdk8_debug_ArrayRawParam_jadx-verify-run.stdout	65890eea8fe7c3065fbc2f644c7253d5354fdffeba56efc1a47107d7914063b6
subprocess-logs/0190-jdk8_no-debug_ArrayRawParam_jar-contents.stderr	e3b0c44298fc1c149afbf4c8996fb92427ae41e4649b934ca495991b7852b855
subprocess-logs/0190-jdk8_no-debug_ArrayRawParam_jar-contents.stdout	3158ddd8210c312dd495e4f4bed9c58b47a294ca772f97d51d89a67d7715ebc7
subprocess-logs/0191-jdk8_no-debug_ArrayRawParam_original-javac.stderr	cb8a628cd783c342302463ddf01fbb8818bab7bee540276c0bbc9f5a43763de8
subprocess-logs/0191-jdk8_no-debug_ArrayRawParam_original-javac.stdout	e3b0c44298fc1c149afbf4c8996fb92427ae41e4649b934ca495991b7852b855
subprocess-logs/0192-jdk8_no-debug_ArrayRawParam_javap.stderr	e3b0c44298fc1c149afbf4c8996fb92427ae41e4649b934ca495991b7852b855
subprocess-logs/0192-jdk8_no-debug_ArrayRawParam_javap.stdout	24ed418999b82029ba80cfe7fb5f5170b36d811fe7db60dc4fc424f0dac2188f
subprocess-logs/0193-jdk8_no-debug_ArrayRawParam_original-probe-javac.stderr	e3b0c44298fc1c149afbf4c8996fb92427ae41e4649b934ca495991b7852b855
subprocess-logs/0193-jdk8_no-debug_ArrayRawParam_original-probe-javac.stdout	e3b0c44298fc1c149afbf4c8996fb92427ae41e4649b934ca495991b7852b855
subprocess-logs/0194-jdk8_no-debug_ArrayRawParam_original-run.stderr	e3b0c44298fc1c149afbf4c8996fb92427ae41e4649b934ca495991b7852b855
subprocess-logs/0194-jdk8_no-debug_ArrayRawParam_original-run.stdout	d51f3b7d45328701a337bb2285770bcd1cf8f2179c66734c318010571e65ac8b
subprocess-logs/0195-jdk8_no-debug_ArrayRawParam_jarde-ArrayRawParam.stderr	7b14c5a23964f00a64cc3cfcb1c41406fd825fc7d59f17dda8d0d3acc6c4872e
subprocess-logs/0195-jdk8_no-debug_ArrayRawParam_jarde-ArrayRawParam.stdout	6eca13086c3cca27c7ef5ed7c3ebc60b7bd9d8daada5cdd7d9c1eb80bf88c0bf
subprocess-logs/0196-jdk8_no-debug_ArrayRawParam_jarde-javac.stderr	164f3a39b0490967a798fff56c93a7f0d095caa6fed1f2255c7f7ec83e43e836
subprocess-logs/0196-jdk8_no-debug_ArrayRawParam_jarde-javac.stdout	e3b0c44298fc1c149afbf4c8996fb92427ae41e4649b934ca495991b7852b855
subprocess-logs/0197-jdk8_no-debug_ArrayRawParam_jarde-verify-run.stderr	e3b0c44298fc1c149afbf4c8996fb92427ae41e4649b934ca495991b7852b855
subprocess-logs/0197-jdk8_no-debug_ArrayRawParam_jarde-verify-run.stdout	d51f3b7d45328701a337bb2285770bcd1cf8f2179c66734c318010571e65ac8b
subprocess-logs/0198-jdk8_no-debug_ArrayRawParam_jadx.stderr	e3b0c44298fc1c149afbf4c8996fb92427ae41e4649b934ca495991b7852b855
subprocess-logs/0198-jdk8_no-debug_ArrayRawParam_jadx.stdout	d6e785f08f94601f8c91d6e87f6aabddcbc1351b7b0a8a77799882c1a32ae098
subprocess-logs/0199-jdk8_no-debug_ArrayRawParam_jadx-javac.stderr	b7656ea0dbb365534de8ebd50e44c93571a9a4579c59e415eda0f6dd04cbcabe
subprocess-logs/0199-jdk8_no-debug_ArrayRawParam_jadx-javac.stdout	e3b0c44298fc1c149afbf4c8996fb92427ae41e4649b934ca495991b7852b855
subprocess-logs/0200-jdk8_no-debug_ArrayRawParam_jadx-verify-run.stderr	e3b0c44298fc1c149afbf4c8996fb92427ae41e4649b934ca495991b7852b855
subprocess-logs/0200-jdk8_no-debug_ArrayRawParam_jadx-verify-run.stdout	65890eea8fe7c3065fbc2f644c7253d5354fdffeba56efc1a47107d7914063b6
subprocess-logs/0201-jdk8_debug_Array2DRawParam_jar-contents.stderr	e3b0c44298fc1c149afbf4c8996fb92427ae41e4649b934ca495991b7852b855
subprocess-logs/0201-jdk8_debug_Array2DRawParam_jar-contents.stdout	86b3231e464de56fb31cc21b9c23fd1d14d9545fe2f4454953b325583d420684
subprocess-logs/0202-jdk8_debug_Array2DRawParam_original-javac.stderr	d8c2fb561e15c0af3736407dc45a073b8fba19668877f99ae386f51e04b5fd6e
subprocess-logs/0202-jdk8_debug_Array2DRawParam_original-javac.stdout	e3b0c44298fc1c149afbf4c8996fb92427ae41e4649b934ca495991b7852b855
subprocess-logs/0203-jdk8_debug_Array2DRawParam_javap.stderr	e3b0c44298fc1c149afbf4c8996fb92427ae41e4649b934ca495991b7852b855
subprocess-logs/0203-jdk8_debug_Array2DRawParam_javap.stdout	deba0d0fd6477619e89f6e76cb0525d7928b911974091d0073491756b6417e97
subprocess-logs/0204-jdk8_debug_Array2DRawParam_original-probe-javac.stderr	e3b0c44298fc1c149afbf4c8996fb92427ae41e4649b934ca495991b7852b855
subprocess-logs/0204-jdk8_debug_Array2DRawParam_original-probe-javac.stdout	e3b0c44298fc1c149afbf4c8996fb92427ae41e4649b934ca495991b7852b855
subprocess-logs/0205-jdk8_debug_Array2DRawParam_original-run.stderr	e3b0c44298fc1c149afbf4c8996fb92427ae41e4649b934ca495991b7852b855
subprocess-logs/0205-jdk8_debug_Array2DRawParam_original-run.stdout	f48a2d307b1f6c7abb8d91e7a8ed8a5ccc87d07c1114588c08ddfb0808240329
subprocess-logs/0206-jdk8_debug_Array2DRawParam_jarde-Array2DRawParam.stderr	76d4b0cf7f7c59e46ea198db8853fb50a88d27228c6f647c60f2be976ad6df9c
subprocess-logs/0206-jdk8_debug_Array2DRawParam_jarde-Array2DRawParam.stdout	d4ba813f6f198eed97a53a5c193bca2f69698ce49b7a93aa69e279e7c27acb62
subprocess-logs/0207-jdk8_debug_Array2DRawParam_jarde-javac.stderr	3dbc0c9dc8f7937b1ff0613e029cd6cbf5736f64ce0f0b806c1a3bd025115c89
subprocess-logs/0207-jdk8_debug_Array2DRawParam_jarde-javac.stdout	e3b0c44298fc1c149afbf4c8996fb92427ae41e4649b934ca495991b7852b855
subprocess-logs/0208-jdk8_debug_Array2DRawParam_jarde-verify-run.stderr	e3b0c44298fc1c149afbf4c8996fb92427ae41e4649b934ca495991b7852b855
subprocess-logs/0208-jdk8_debug_Array2DRawParam_jarde-verify-run.stdout	f48a2d307b1f6c7abb8d91e7a8ed8a5ccc87d07c1114588c08ddfb0808240329
subprocess-logs/0209-jdk8_debug_Array2DRawParam_jadx.stderr	e3b0c44298fc1c149afbf4c8996fb92427ae41e4649b934ca495991b7852b855
subprocess-logs/0209-jdk8_debug_Array2DRawParam_jadx.stdout	31064e3cb9d5a9d6e319d1439408b7d2a729401ae2e7d5fa5c6a311dbb4d80fd
subprocess-logs/0210-jdk8_debug_Array2DRawParam_jadx-javac.stderr	ca8cc9cdf761e6c43b00a2b13637de4b67dffdd0665ffaca4bcb7476425854c6
subprocess-logs/0210-jdk8_debug_Array2DRawParam_jadx-javac.stdout	e3b0c44298fc1c149afbf4c8996fb92427ae41e4649b934ca495991b7852b855
subprocess-logs/0211-jdk8_debug_Array2DRawParam_jadx-verify-run.stderr	e3b0c44298fc1c149afbf4c8996fb92427ae41e4649b934ca495991b7852b855
subprocess-logs/0211-jdk8_debug_Array2DRawParam_jadx-verify-run.stdout	8a25af8b8504893fffac8c1872e3c93e85925b6aa0b3d9ff5f62750cee2ba267
subprocess-logs/0212-jdk8_no-debug_Array2DRawParam_jar-contents.stderr	e3b0c44298fc1c149afbf4c8996fb92427ae41e4649b934ca495991b7852b855
subprocess-logs/0212-jdk8_no-debug_Array2DRawParam_jar-contents.stdout	86b3231e464de56fb31cc21b9c23fd1d14d9545fe2f4454953b325583d420684
subprocess-logs/0213-jdk8_no-debug_Array2DRawParam_original-javac.stderr	d8c2fb561e15c0af3736407dc45a073b8fba19668877f99ae386f51e04b5fd6e
subprocess-logs/0213-jdk8_no-debug_Array2DRawParam_original-javac.stdout	e3b0c44298fc1c149afbf4c8996fb92427ae41e4649b934ca495991b7852b855
subprocess-logs/0214-jdk8_no-debug_Array2DRawParam_javap.stderr	e3b0c44298fc1c149afbf4c8996fb92427ae41e4649b934ca495991b7852b855
subprocess-logs/0214-jdk8_no-debug_Array2DRawParam_javap.stdout	9085a4808db8ad5e0144f9e80b3bd5fb71cc39d9128c891f71ebe19da37b12d7
subprocess-logs/0215-jdk8_no-debug_Array2DRawParam_original-probe-javac.stderr	e3b0c44298fc1c149afbf4c8996fb92427ae41e4649b934ca495991b7852b855
subprocess-logs/0215-jdk8_no-debug_Array2DRawParam_original-probe-javac.stdout	e3b0c44298fc1c149afbf4c8996fb92427ae41e4649b934ca495991b7852b855
subprocess-logs/0216-jdk8_no-debug_Array2DRawParam_original-run.stderr	e3b0c44298fc1c149afbf4c8996fb92427ae41e4649b934ca495991b7852b855
subprocess-logs/0216-jdk8_no-debug_Array2DRawParam_original-run.stdout	f48a2d307b1f6c7abb8d91e7a8ed8a5ccc87d07c1114588c08ddfb0808240329
subprocess-logs/0217-jdk8_no-debug_Array2DRawParam_jarde-Array2DRawParam.stderr	4af96adcd84a9b8c7aa810398b73bd5a1d32936c7e51a19b4254105f251e35fd
subprocess-logs/0217-jdk8_no-debug_Array2DRawParam_jarde-Array2DRawParam.stdout	84b51bbf39ee444117977442cc40e3d8c27a72fb65b6164c7b2fbdfcc4eae13c
subprocess-logs/0218-jdk8_no-debug_Array2DRawParam_jarde-javac.stderr	d7fdc01bff5f5cb6e2104125a58e6556bcf7a8c3f036eb7e762009463934de52
subprocess-logs/0218-jdk8_no-debug_Array2DRawParam_jarde-javac.stdout	e3b0c44298fc1c149afbf4c8996fb92427ae41e4649b934ca495991b7852b855
subprocess-logs/0219-jdk8_no-debug_Array2DRawParam_jarde-verify-run.stderr	e3b0c44298fc1c149afbf4c8996fb92427ae41e4649b934ca495991b7852b855
subprocess-logs/0219-jdk8_no-debug_Array2DRawParam_jarde-verify-run.stdout	f48a2d307b1f6c7abb8d91e7a8ed8a5ccc87d07c1114588c08ddfb0808240329
subprocess-logs/0220-jdk8_no-debug_Array2DRawParam_jadx.stderr	e3b0c44298fc1c149afbf4c8996fb92427ae41e4649b934ca495991b7852b855
subprocess-logs/0220-jdk8_no-debug_Array2DRawParam_jadx.stdout	2def20724465dc9edde0d816e3ebba05a24bae4ce4d4c3c75e707222e8a1b9cd
subprocess-logs/0221-jdk8_no-debug_Array2DRawParam_jadx-javac.stderr	ac57cc9670b0bff609ad6e6662b45f9f6fbdacda2a50f79e35d872cdb79a956e
subprocess-logs/0221-jdk8_no-debug_Array2DRawParam_jadx-javac.stdout	e3b0c44298fc1c149afbf4c8996fb92427ae41e4649b934ca495991b7852b855
subprocess-logs/0222-jdk8_no-debug_Array2DRawParam_jadx-verify-run.stderr	e3b0c44298fc1c149afbf4c8996fb92427ae41e4649b934ca495991b7852b855
subprocess-logs/0222-jdk8_no-debug_Array2DRawParam_jadx-verify-run.stdout	8a25af8b8504893fffac8c1872e3c93e85925b6aa0b3d9ff5f62750cee2ba267
subprocess-logs/0223-jdk8_debug_PrimitiveArrayRawParam_jar-contents.stderr	e3b0c44298fc1c149afbf4c8996fb92427ae41e4649b934ca495991b7852b855
subprocess-logs/0223-jdk8_debug_PrimitiveArrayRawParam_jar-contents.stdout	91705ed612b1ad8f23b13ed6271590bfefda591510c739ce0052bb665848cb44
subprocess-logs/0224-jdk8_debug_PrimitiveArrayRawParam_original-javac.stderr	fdc6d87e49ebb010d6e855ea793247478d09b865401d94d4ef4104ae5bfeec66
subprocess-logs/0224-jdk8_debug_PrimitiveArrayRawParam_original-javac.stdout	e3b0c44298fc1c149afbf4c8996fb92427ae41e4649b934ca495991b7852b855
subprocess-logs/0225-jdk8_debug_PrimitiveArrayRawParam_javap.stderr	e3b0c44298fc1c149afbf4c8996fb92427ae41e4649b934ca495991b7852b855
subprocess-logs/0225-jdk8_debug_PrimitiveArrayRawParam_javap.stdout	6c4c7ae38c5a52141338d2360ce13fbbcd8a280a300025a4a460905647984ee8
subprocess-logs/0226-jdk8_debug_PrimitiveArrayRawParam_original-probe-javac.stderr	e3b0c44298fc1c149afbf4c8996fb92427ae41e4649b934ca495991b7852b855
subprocess-logs/0226-jdk8_debug_PrimitiveArrayRawParam_original-probe-javac.stdout	e3b0c44298fc1c149afbf4c8996fb92427ae41e4649b934ca495991b7852b855
subprocess-logs/0227-jdk8_debug_PrimitiveArrayRawParam_original-run.stderr	e3b0c44298fc1c149afbf4c8996fb92427ae41e4649b934ca495991b7852b855
subprocess-logs/0227-jdk8_debug_PrimitiveArrayRawParam_original-run.stdout	e156798549dd3ab3c3eced5fadfdced0789f4ee0e3f65410c291f2c46434dfba
subprocess-logs/0228-jdk8_debug_PrimitiveArrayRawParam_jarde-PrimitiveArrayRawParam.stderr	6ed748f4c4739e139098d698f6a8005d24298ba374e516185383ed3a45299171
subprocess-logs/0228-jdk8_debug_PrimitiveArrayRawParam_jarde-PrimitiveArrayRawParam.stdout	ca19f53923fbfb66917c75ea83f0d5053343cf8c6aa62b562778ef54d5028a26
subprocess-logs/0229-jdk8_debug_PrimitiveArrayRawParam_jarde-javac.stderr	6397eda02cca0f6ab58c8449e4f396ab2dfd5de49fd6c3c763ebfc779fba6f85
subprocess-logs/0229-jdk8_debug_PrimitiveArrayRawParam_jarde-javac.stdout	e3b0c44298fc1c149afbf4c8996fb92427ae41e4649b934ca495991b7852b855
subprocess-logs/0230-jdk8_debug_PrimitiveArrayRawParam_jarde-verify-run.stderr	e3b0c44298fc1c149afbf4c8996fb92427ae41e4649b934ca495991b7852b855
subprocess-logs/0230-jdk8_debug_PrimitiveArrayRawParam_jarde-verify-run.stdout	e156798549dd3ab3c3eced5fadfdced0789f4ee0e3f65410c291f2c46434dfba
subprocess-logs/0231-jdk8_debug_PrimitiveArrayRawParam_jadx.stderr	e3b0c44298fc1c149afbf4c8996fb92427ae41e4649b934ca495991b7852b855
subprocess-logs/0231-jdk8_debug_PrimitiveArrayRawParam_jadx.stdout	11d57224172d4c4bd6b472a94425365625322a3aae9c0be0115dce6a3c7939fd
subprocess-logs/0232-jdk8_debug_PrimitiveArrayRawParam_jadx-javac.stderr	d3afde4bac38435602dfc498494e942fb71a7b7e73ce20c988318425b731b7af
subprocess-logs/0232-jdk8_debug_PrimitiveArrayRawParam_jadx-javac.stdout	e3b0c44298fc1c149afbf4c8996fb92427ae41e4649b934ca495991b7852b855
subprocess-logs/0233-jdk8_debug_PrimitiveArrayRawParam_jadx-verify-run.stderr	e3b0c44298fc1c149afbf4c8996fb92427ae41e4649b934ca495991b7852b855
subprocess-logs/0233-jdk8_debug_PrimitiveArrayRawParam_jadx-verify-run.stdout	8dbde5389e6da69a121d5ad297157ee52bcb682d49d75d8a4bc7844fd4d1d1e8
subprocess-logs/0234-jdk8_no-debug_PrimitiveArrayRawParam_jar-contents.stderr	e3b0c44298fc1c149afbf4c8996fb92427ae41e4649b934ca495991b7852b855
subprocess-logs/0234-jdk8_no-debug_PrimitiveArrayRawParam_jar-contents.stdout	91705ed612b1ad8f23b13ed6271590bfefda591510c739ce0052bb665848cb44
subprocess-logs/0235-jdk8_no-debug_PrimitiveArrayRawParam_original-javac.stderr	fdc6d87e49ebb010d6e855ea793247478d09b865401d94d4ef4104ae5bfeec66
subprocess-logs/0235-jdk8_no-debug_PrimitiveArrayRawParam_original-javac.stdout	e3b0c44298fc1c149afbf4c8996fb92427ae41e4649b934ca495991b7852b855
subprocess-logs/0236-jdk8_no-debug_PrimitiveArrayRawParam_javap.stderr	e3b0c44298fc1c149afbf4c8996fb92427ae41e4649b934ca495991b7852b855
subprocess-logs/0236-jdk8_no-debug_PrimitiveArrayRawParam_javap.stdout	275f1e044e17248fbec53bb33c68fcd2bb7a3501f996d9ede23b698af39fc073
subprocess-logs/0237-jdk8_no-debug_PrimitiveArrayRawParam_original-probe-javac.stderr	e3b0c44298fc1c149afbf4c8996fb92427ae41e4649b934ca495991b7852b855
subprocess-logs/0237-jdk8_no-debug_PrimitiveArrayRawParam_original-probe-javac.stdout	e3b0c44298fc1c149afbf4c8996fb92427ae41e4649b934ca495991b7852b855
subprocess-logs/0238-jdk8_no-debug_PrimitiveArrayRawParam_original-run.stderr	e3b0c44298fc1c149afbf4c8996fb92427ae41e4649b934ca495991b7852b855
subprocess-logs/0238-jdk8_no-debug_PrimitiveArrayRawParam_original-run.stdout	e156798549dd3ab3c3eced5fadfdced0789f4ee0e3f65410c291f2c46434dfba
subprocess-logs/0239-jdk8_no-debug_PrimitiveArrayRawParam_jarde-PrimitiveArrayRawParam.stderr	ac3c688dddd97153b1f0ae5a046f6ef5402428e6e0aeb4ea1c996f8d1c9a75cb
subprocess-logs/0239-jdk8_no-debug_PrimitiveArrayRawParam_jarde-PrimitiveArrayRawParam.stdout	90298d00e9daee2bf9bea1ca50260dee0b170c49e8bc25e85ffbce8789fa2c77
subprocess-logs/0240-jdk8_no-debug_PrimitiveArrayRawParam_jarde-javac.stderr	bcceca4433d726de0f7a5b9ebd0935762d95743fa4a33f1c21060b5ec26978b5
subprocess-logs/0240-jdk8_no-debug_PrimitiveArrayRawParam_jarde-javac.stdout	e3b0c44298fc1c149afbf4c8996fb92427ae41e4649b934ca495991b7852b855
subprocess-logs/0241-jdk8_no-debug_PrimitiveArrayRawParam_jarde-verify-run.stderr	e3b0c44298fc1c149afbf4c8996fb92427ae41e4649b934ca495991b7852b855
subprocess-logs/0241-jdk8_no-debug_PrimitiveArrayRawParam_jarde-verify-run.stdout	e156798549dd3ab3c3eced5fadfdced0789f4ee0e3f65410c291f2c46434dfba
subprocess-logs/0242-jdk8_no-debug_PrimitiveArrayRawParam_jadx.stderr	e3b0c44298fc1c149afbf4c8996fb92427ae41e4649b934ca495991b7852b855
subprocess-logs/0242-jdk8_no-debug_PrimitiveArrayRawParam_jadx.stdout	07337f5785d2d1854e93036b3e5758bfab10fc7329ac89545b53b60125f4a9e8
subprocess-logs/0243-jdk8_no-debug_PrimitiveArrayRawParam_jadx-javac.stderr	26283cd43b47b8e3ef5473170d618fbbe46f0b1f71737a93d02fa265dfaec6c2
subprocess-logs/0243-jdk8_no-debug_PrimitiveArrayRawParam_jadx-javac.stdout	e3b0c44298fc1c149afbf4c8996fb92427ae41e4649b934ca495991b7852b855
subprocess-logs/0244-jdk8_no-debug_PrimitiveArrayRawParam_jadx-verify-run.stderr	e3b0c44298fc1c149afbf4c8996fb92427ae41e4649b934ca495991b7852b855
subprocess-logs/0244-jdk8_no-debug_PrimitiveArrayRawParam_jadx-verify-run.stdout	8dbde5389e6da69a121d5ad297157ee52bcb682d49d75d8a4bc7844fd4d1d1e8
subprocess-logs/0245-jdk8_debug_BoundRawParam_jar-contents.stderr	e3b0c44298fc1c149afbf4c8996fb92427ae41e4649b934ca495991b7852b855
subprocess-logs/0245-jdk8_debug_BoundRawParam_jar-contents.stdout	075878ec5b85246aaaf568037703e8c8504af213c36e979109d2de5461da85a9
subprocess-logs/0246-jdk8_debug_BoundRawParam_original-javac.stderr	332b6f179045eb2cb088f970e068ab6fa31d45b9312806bfdad964b6011a5fe3
subprocess-logs/0246-jdk8_debug_BoundRawParam_original-javac.stdout	e3b0c44298fc1c149afbf4c8996fb92427ae41e4649b934ca495991b7852b855
subprocess-logs/0247-jdk8_debug_BoundRawParam_javap.stderr	e3b0c44298fc1c149afbf4c8996fb92427ae41e4649b934ca495991b7852b855
subprocess-logs/0247-jdk8_debug_BoundRawParam_javap.stdout	0583d8322acdeef96e916b2cd62e0e25b844428cb9daff422eefb25ea2352e81
subprocess-logs/0248-jdk8_debug_BoundRawParam_original-probe-javac.stderr	e3b0c44298fc1c149afbf4c8996fb92427ae41e4649b934ca495991b7852b855
subprocess-logs/0248-jdk8_debug_BoundRawParam_original-probe-javac.stdout	e3b0c44298fc1c149afbf4c8996fb92427ae41e4649b934ca495991b7852b855
subprocess-logs/0249-jdk8_debug_BoundRawParam_original-run.stderr	e3b0c44298fc1c149afbf4c8996fb92427ae41e4649b934ca495991b7852b855
subprocess-logs/0249-jdk8_debug_BoundRawParam_original-run.stdout	0c5cb2a465e5db671d09e57d82dc7d2279cee6ef898da3154a4cac90f5c80de8
subprocess-logs/0250-jdk8_debug_BoundRawParam_jarde-BoundRawParam.stderr	512ded7eaecf54ffc3950d028e80c732999884ae8e14ec4b0d80ce71ae8fc2a4
subprocess-logs/0250-jdk8_debug_BoundRawParam_jarde-BoundRawParam.stdout	6780b9df7fd79af1b6d8e0acb289d0257a77eaa548101c8cfe3fdc3911d66eac
subprocess-logs/0251-jdk8_debug_BoundRawParam_jarde-javac.stderr	c256bd52837c47b3d8e358309a1a4e5baa8eb7d7bd29f9b4d91f854d231bcb77
subprocess-logs/0251-jdk8_debug_BoundRawParam_jarde-javac.stdout	e3b0c44298fc1c149afbf4c8996fb92427ae41e4649b934ca495991b7852b855
subprocess-logs/0252-jdk8_debug_BoundRawParam_jarde-verify-run.stderr	e3b0c44298fc1c149afbf4c8996fb92427ae41e4649b934ca495991b7852b855
subprocess-logs/0252-jdk8_debug_BoundRawParam_jarde-verify-run.stdout	0c5cb2a465e5db671d09e57d82dc7d2279cee6ef898da3154a4cac90f5c80de8
subprocess-logs/0253-jdk8_debug_BoundRawParam_jadx.stderr	e3b0c44298fc1c149afbf4c8996fb92427ae41e4649b934ca495991b7852b855
subprocess-logs/0253-jdk8_debug_BoundRawParam_jadx.stdout	8a550986ae5b24785e6e565dda1987d8afca482cb212c242574586f5fa2f8840
subprocess-logs/0254-jdk8_debug_BoundRawParam_jadx-javac.stderr	68e53e30f34c955ee08d31cecd9201541d7ed83fb20c02aced4674a697968a83
subprocess-logs/0254-jdk8_debug_BoundRawParam_jadx-javac.stdout	e3b0c44298fc1c149afbf4c8996fb92427ae41e4649b934ca495991b7852b855
subprocess-logs/0255-jdk8_debug_BoundRawParam_jadx-verify-run.stderr	e3b0c44298fc1c149afbf4c8996fb92427ae41e4649b934ca495991b7852b855
subprocess-logs/0255-jdk8_debug_BoundRawParam_jadx-verify-run.stdout	bdeb71e6ccb9da375831745c55c6fa5137fd29b7007948eecaea74516d6991ca
subprocess-logs/0256-jdk8_no-debug_BoundRawParam_jar-contents.stderr	e3b0c44298fc1c149afbf4c8996fb92427ae41e4649b934ca495991b7852b855
subprocess-logs/0256-jdk8_no-debug_BoundRawParam_jar-contents.stdout	075878ec5b85246aaaf568037703e8c8504af213c36e979109d2de5461da85a9
subprocess-logs/0257-jdk8_no-debug_BoundRawParam_original-javac.stderr	332b6f179045eb2cb088f970e068ab6fa31d45b9312806bfdad964b6011a5fe3
subprocess-logs/0257-jdk8_no-debug_BoundRawParam_original-javac.stdout	e3b0c44298fc1c149afbf4c8996fb92427ae41e4649b934ca495991b7852b855
subprocess-logs/0258-jdk8_no-debug_BoundRawParam_javap.stderr	e3b0c44298fc1c149afbf4c8996fb92427ae41e4649b934ca495991b7852b855
subprocess-logs/0258-jdk8_no-debug_BoundRawParam_javap.stdout	35328488ae05ff6cb9f5ea7516ee2ff849fd1910c1da48b8be5d2290ccf91aaf
subprocess-logs/0259-jdk8_no-debug_BoundRawParam_original-probe-javac.stderr	e3b0c44298fc1c149afbf4c8996fb92427ae41e4649b934ca495991b7852b855
subprocess-logs/0259-jdk8_no-debug_BoundRawParam_original-probe-javac.stdout	e3b0c44298fc1c149afbf4c8996fb92427ae41e4649b934ca495991b7852b855
subprocess-logs/0260-jdk8_no-debug_BoundRawParam_original-run.stderr	e3b0c44298fc1c149afbf4c8996fb92427ae41e4649b934ca495991b7852b855
subprocess-logs/0260-jdk8_no-debug_BoundRawParam_original-run.stdout	0c5cb2a465e5db671d09e57d82dc7d2279cee6ef898da3154a4cac90f5c80de8
subprocess-logs/0261-jdk8_no-debug_BoundRawParam_jarde-BoundRawParam.stderr	43e05254928a15059889cf13525853e38e0e3b1bb2534487bed46a5f996c3d78
subprocess-logs/0261-jdk8_no-debug_BoundRawParam_jarde-BoundRawParam.stdout	81ee814aa442d16bedb0f72f370830c16ee2069d4e84754453ae15445e258294
subprocess-logs/0262-jdk8_no-debug_BoundRawParam_jarde-javac.stderr	1436e464744e2b9361831a4f0a7802dffb6ab0c8e54b29163719fde4026b580e
subprocess-logs/0262-jdk8_no-debug_BoundRawParam_jarde-javac.stdout	e3b0c44298fc1c149afbf4c8996fb92427ae41e4649b934ca495991b7852b855
subprocess-logs/0263-jdk8_no-debug_BoundRawParam_jarde-verify-run.stderr	e3b0c44298fc1c149afbf4c8996fb92427ae41e4649b934ca495991b7852b855
subprocess-logs/0263-jdk8_no-debug_BoundRawParam_jarde-verify-run.stdout	0c5cb2a465e5db671d09e57d82dc7d2279cee6ef898da3154a4cac90f5c80de8
subprocess-logs/0264-jdk8_no-debug_BoundRawParam_jadx.stderr	e3b0c44298fc1c149afbf4c8996fb92427ae41e4649b934ca495991b7852b855
subprocess-logs/0264-jdk8_no-debug_BoundRawParam_jadx.stdout	4a5fef6ea20fbf6f315b3d8b3ee419d75e622c46a638ab88cc23190452a3a78b
subprocess-logs/0265-jdk8_no-debug_BoundRawParam_jadx-javac.stderr	af2086bfd55ebaa10218bdee579d2ec7384ef2bb53db58f39b6f8ce241dcbe0f
subprocess-logs/0265-jdk8_no-debug_BoundRawParam_jadx-javac.stdout	e3b0c44298fc1c149afbf4c8996fb92427ae41e4649b934ca495991b7852b855
subprocess-logs/0266-jdk8_no-debug_BoundRawParam_jadx-verify-run.stderr	e3b0c44298fc1c149afbf4c8996fb92427ae41e4649b934ca495991b7852b855
subprocess-logs/0266-jdk8_no-debug_BoundRawParam_jadx-verify-run.stdout	bdeb71e6ccb9da375831745c55c6fa5137fd29b7007948eecaea74516d6991ca
subprocess-logs/0267-jdk8_debug_NullRawParam_jar-contents.stderr	e3b0c44298fc1c149afbf4c8996fb92427ae41e4649b934ca495991b7852b855
subprocess-logs/0267-jdk8_debug_NullRawParam_jar-contents.stdout	ec9be3c8fc3cd99b67f4aaee4928989735f2768aa23a4b40308f2268d7274f2c
subprocess-logs/0268-jdk8_debug_NullRawParam_original-javac.stderr	783fcc6f6b5a0f5a3939e21fd8140e506cab11d0d0342910949529ff8bfc74a4
subprocess-logs/0268-jdk8_debug_NullRawParam_original-javac.stdout	e3b0c44298fc1c149afbf4c8996fb92427ae41e4649b934ca495991b7852b855
subprocess-logs/0269-jdk8_debug_NullRawParam_javap.stderr	e3b0c44298fc1c149afbf4c8996fb92427ae41e4649b934ca495991b7852b855
subprocess-logs/0269-jdk8_debug_NullRawParam_javap.stdout	139d2e1df5d613b81e80530d7449c85459b12960a83cda1800ca1f8801c39daf
subprocess-logs/0270-jdk8_debug_NullRawParam_original-probe-javac.stderr	e3b0c44298fc1c149afbf4c8996fb92427ae41e4649b934ca495991b7852b855
subprocess-logs/0270-jdk8_debug_NullRawParam_original-probe-javac.stdout	e3b0c44298fc1c149afbf4c8996fb92427ae41e4649b934ca495991b7852b855
subprocess-logs/0271-jdk8_debug_NullRawParam_original-run.stderr	e3b0c44298fc1c149afbf4c8996fb92427ae41e4649b934ca495991b7852b855
subprocess-logs/0271-jdk8_debug_NullRawParam_original-run.stdout	99432d5aa83e97874597f1a0fde12c2a963ce4099787ae00fd33faff35b18418
subprocess-logs/0272-jdk8_debug_NullRawParam_jarde-NullRawParam.stderr	b6a9695c208f04a5d492074df629a0d4763880253c7fb7c4d3f11264b352a4ef
subprocess-logs/0272-jdk8_debug_NullRawParam_jarde-NullRawParam.stdout	f60daa335370ba4b9535a79d8a6039e957fde7f7fbf1179b722b7dff8c1bb168
subprocess-logs/0273-jdk8_debug_NullRawParam_jarde-javac.stderr	57b83ff20f550cdd2fa094c1d6687798983e8d4a3f4d4d8045cc0d71da59f123
subprocess-logs/0273-jdk8_debug_NullRawParam_jarde-javac.stdout	e3b0c44298fc1c149afbf4c8996fb92427ae41e4649b934ca495991b7852b855
subprocess-logs/0274-jdk8_debug_NullRawParam_jarde-verify-run.stderr	e3b0c44298fc1c149afbf4c8996fb92427ae41e4649b934ca495991b7852b855
subprocess-logs/0274-jdk8_debug_NullRawParam_jarde-verify-run.stdout	99432d5aa83e97874597f1a0fde12c2a963ce4099787ae00fd33faff35b18418
subprocess-logs/0275-jdk8_debug_NullRawParam_jadx.stderr	e3b0c44298fc1c149afbf4c8996fb92427ae41e4649b934ca495991b7852b855
subprocess-logs/0275-jdk8_debug_NullRawParam_jadx.stdout	fc013aba50490d4b1aa3d9e49be88b22a78594b2e241b4cffc60e74e82ac7cbf
subprocess-logs/0276-jdk8_debug_NullRawParam_jadx-javac.stderr	b99ed19682a33c477d98ebe6d9bfbbe8a22cdd9aca4b6529a69374bc9173ef29
subprocess-logs/0276-jdk8_debug_NullRawParam_jadx-javac.stdout	e3b0c44298fc1c149afbf4c8996fb92427ae41e4649b934ca495991b7852b855
subprocess-logs/0277-jdk8_debug_NullRawParam_jadx-verify-run.stderr	e3b0c44298fc1c149afbf4c8996fb92427ae41e4649b934ca495991b7852b855
subprocess-logs/0277-jdk8_debug_NullRawParam_jadx-verify-run.stdout	f4e759450c3306919076b843e677ebd4315a206a7a08c607258e8ee49a6eb720
subprocess-logs/0278-jdk8_no-debug_NullRawParam_jar-contents.stderr	e3b0c44298fc1c149afbf4c8996fb92427ae41e4649b934ca495991b7852b855
subprocess-logs/0278-jdk8_no-debug_NullRawParam_jar-contents.stdout	ec9be3c8fc3cd99b67f4aaee4928989735f2768aa23a4b40308f2268d7274f2c
subprocess-logs/0279-jdk8_no-debug_NullRawParam_original-javac.stderr	783fcc6f6b5a0f5a3939e21fd8140e506cab11d0d0342910949529ff8bfc74a4
subprocess-logs/0279-jdk8_no-debug_NullRawParam_original-javac.stdout	e3b0c44298fc1c149afbf4c8996fb92427ae41e4649b934ca495991b7852b855
subprocess-logs/0280-jdk8_no-debug_NullRawParam_javap.stderr	e3b0c44298fc1c149afbf4c8996fb92427ae41e4649b934ca495991b7852b855
subprocess-logs/0280-jdk8_no-debug_NullRawParam_javap.stdout	9a59b31b98a5661258bcaf443731f7673ffb6ced1e6bd1a1aed6f998cc92b6f1
subprocess-logs/0281-jdk8_no-debug_NullRawParam_original-probe-javac.stderr	e3b0c44298fc1c149afbf4c8996fb92427ae41e4649b934ca495991b7852b855
subprocess-logs/0281-jdk8_no-debug_NullRawParam_original-probe-javac.stdout	e3b0c44298fc1c149afbf4c8996fb92427ae41e4649b934ca495991b7852b855
subprocess-logs/0282-jdk8_no-debug_NullRawParam_original-run.stderr	e3b0c44298fc1c149afbf4c8996fb92427ae41e4649b934ca495991b7852b855
subprocess-logs/0282-jdk8_no-debug_NullRawParam_original-run.stdout	99432d5aa83e97874597f1a0fde12c2a963ce4099787ae00fd33faff35b18418
subprocess-logs/0283-jdk8_no-debug_NullRawParam_jarde-NullRawParam.stderr	0bb628496543b6d39c540e04a04696903759487617bbb921337509df331d2638
subprocess-logs/0283-jdk8_no-debug_NullRawParam_jarde-NullRawParam.stdout	d68300b3bdd64dc0a1769de4c77a88e3eebccc14b47a17dc3e1ee4f8165ca2e2
subprocess-logs/0284-jdk8_no-debug_NullRawParam_jarde-javac.stderr	a7e4d91e030167020c516cd16c7be7446a25fe41d4b5732421fbbc7bb374eff5
subprocess-logs/0284-jdk8_no-debug_NullRawParam_jarde-javac.stdout	e3b0c44298fc1c149afbf4c8996fb92427ae41e4649b934ca495991b7852b855
subprocess-logs/0285-jdk8_no-debug_NullRawParam_jarde-verify-run.stderr	e3b0c44298fc1c149afbf4c8996fb92427ae41e4649b934ca495991b7852b855
subprocess-logs/0285-jdk8_no-debug_NullRawParam_jarde-verify-run.stdout	99432d5aa83e97874597f1a0fde12c2a963ce4099787ae00fd33faff35b18418
subprocess-logs/0286-jdk8_no-debug_NullRawParam_jadx.stderr	e3b0c44298fc1c149afbf4c8996fb92427ae41e4649b934ca495991b7852b855
subprocess-logs/0286-jdk8_no-debug_NullRawParam_jadx.stdout	96db131e0b46e9baa6fa69f2a7753c0391aaabaa6a2a726906ff95e980b4c278
subprocess-logs/0287-jdk8_no-debug_NullRawParam_jadx-javac.stderr	8cb0b15b46fb8e0fa75ab78c860668eaedec020e67fb555ee02de5c95253369d
subprocess-logs/0287-jdk8_no-debug_NullRawParam_jadx-javac.stdout	e3b0c44298fc1c149afbf4c8996fb92427ae41e4649b934ca495991b7852b855
subprocess-logs/0288-jdk8_no-debug_NullRawParam_jadx-verify-run.stderr	e3b0c44298fc1c149afbf4c8996fb92427ae41e4649b934ca495991b7852b855
subprocess-logs/0288-jdk8_no-debug_NullRawParam_jadx-verify-run.stdout	f4e759450c3306919076b843e677ebd4315a206a7a08c607258e8ee49a6eb720
subprocess-logs/0289-jdk8_debug_RetainedAliasRawParam_jar-contents.stderr	e3b0c44298fc1c149afbf4c8996fb92427ae41e4649b934ca495991b7852b855
subprocess-logs/0289-jdk8_debug_RetainedAliasRawParam_jar-contents.stdout	a1985b9d7beb306cabb087220b328de3b90ea1632d23bad706a4d4d2071ef201
subprocess-logs/0290-jdk8_debug_RetainedAliasRawParam_original-javac.stderr	50c41222a602d30852da3abf82e029d976424c723a93ff1708bc54b19eb25180
subprocess-logs/0290-jdk8_debug_RetainedAliasRawParam_original-javac.stdout	e3b0c44298fc1c149afbf4c8996fb92427ae41e4649b934ca495991b7852b855
subprocess-logs/0291-jdk8_debug_RetainedAliasRawParam_javap.stderr	e3b0c44298fc1c149afbf4c8996fb92427ae41e4649b934ca495991b7852b855
subprocess-logs/0291-jdk8_debug_RetainedAliasRawParam_javap.stdout	3cb057158548fc3131bab5f82e09bcb27fd50bfa5ef8d55801944101226deb0e
subprocess-logs/0292-jdk8_debug_RetainedAliasRawParam_original-probe-javac.stderr	e3b0c44298fc1c149afbf4c8996fb92427ae41e4649b934ca495991b7852b855
subprocess-logs/0292-jdk8_debug_RetainedAliasRawParam_original-probe-javac.stdout	e3b0c44298fc1c149afbf4c8996fb92427ae41e4649b934ca495991b7852b855
subprocess-logs/0293-jdk8_debug_RetainedAliasRawParam_original-run.stderr	e3b0c44298fc1c149afbf4c8996fb92427ae41e4649b934ca495991b7852b855
subprocess-logs/0293-jdk8_debug_RetainedAliasRawParam_original-run.stdout	587147b6fcdb6f90959b73653be0302d121556b4c0626fb20a88ff47291ce8ff
subprocess-logs/0294-jdk8_debug_RetainedAliasRawParam_jarde-RetainedAliasRawParam.stderr	6c02e8343a4bc464912cb13f410d073a98537bf20cc2f92457153e45beb25977
subprocess-logs/0294-jdk8_debug_RetainedAliasRawParam_jarde-RetainedAliasRawParam.stdout	67c03164c7f4c286881d760c247bdc8ed73c851a4377db2751830cc607eb3f89
subprocess-logs/0295-jdk8_debug_RetainedAliasRawParam_jarde-javac.stderr	6177caa4d3e89a036aa8e3e7da8797fd93055d9a2c3d44be555ea1c635a94ec2
subprocess-logs/0295-jdk8_debug_RetainedAliasRawParam_jarde-javac.stdout	e3b0c44298fc1c149afbf4c8996fb92427ae41e4649b934ca495991b7852b855
subprocess-logs/0296-jdk8_debug_RetainedAliasRawParam_jarde-verify-run.stderr	e3b0c44298fc1c149afbf4c8996fb92427ae41e4649b934ca495991b7852b855
subprocess-logs/0296-jdk8_debug_RetainedAliasRawParam_jarde-verify-run.stdout	587147b6fcdb6f90959b73653be0302d121556b4c0626fb20a88ff47291ce8ff
subprocess-logs/0297-jdk8_debug_RetainedAliasRawParam_jadx.stderr	e3b0c44298fc1c149afbf4c8996fb92427ae41e4649b934ca495991b7852b855
subprocess-logs/0297-jdk8_debug_RetainedAliasRawParam_jadx.stdout	0d4cf89032536c47c154a091aa187651e26f11ed2ed369ed6edd5ec1dfb0a767
subprocess-logs/0298-jdk8_debug_RetainedAliasRawParam_jadx-javac.stderr	42bd9f4bf92d5387038393b4423e67c46fb936d257eedcfb2625f97fdd9b4e24
subprocess-logs/0298-jdk8_debug_RetainedAliasRawParam_jadx-javac.stdout	e3b0c44298fc1c149afbf4c8996fb92427ae41e4649b934ca495991b7852b855
subprocess-logs/0299-jdk8_debug_RetainedAliasRawParam_jadx-verify-run.stderr	e3b0c44298fc1c149afbf4c8996fb92427ae41e4649b934ca495991b7852b855
subprocess-logs/0299-jdk8_debug_RetainedAliasRawParam_jadx-verify-run.stdout	f92fd71052669f4c2419e8516949617f14ee858caeb232d80d63117f41ea2d94
subprocess-logs/0300-jdk8_no-debug_RetainedAliasRawParam_jar-contents.stderr	e3b0c44298fc1c149afbf4c8996fb92427ae41e4649b934ca495991b7852b855
subprocess-logs/0300-jdk8_no-debug_RetainedAliasRawParam_jar-contents.stdout	a1985b9d7beb306cabb087220b328de3b90ea1632d23bad706a4d4d2071ef201
subprocess-logs/0301-jdk8_no-debug_RetainedAliasRawParam_original-javac.stderr	50c41222a602d30852da3abf82e029d976424c723a93ff1708bc54b19eb25180
subprocess-logs/0301-jdk8_no-debug_RetainedAliasRawParam_original-javac.stdout	e3b0c44298fc1c149afbf4c8996fb92427ae41e4649b934ca495991b7852b855
subprocess-logs/0302-jdk8_no-debug_RetainedAliasRawParam_javap.stderr	e3b0c44298fc1c149afbf4c8996fb92427ae41e4649b934ca495991b7852b855
subprocess-logs/0302-jdk8_no-debug_RetainedAliasRawParam_javap.stdout	b9fe7985316c785d39a3760244459ca1200626315058c1b0a2d5baa16cb822cb
subprocess-logs/0303-jdk8_no-debug_RetainedAliasRawParam_original-probe-javac.stderr	e3b0c44298fc1c149afbf4c8996fb92427ae41e4649b934ca495991b7852b855
subprocess-logs/0303-jdk8_no-debug_RetainedAliasRawParam_original-probe-javac.stdout	e3b0c44298fc1c149afbf4c8996fb92427ae41e4649b934ca495991b7852b855
subprocess-logs/0304-jdk8_no-debug_RetainedAliasRawParam_original-run.stderr	e3b0c44298fc1c149afbf4c8996fb92427ae41e4649b934ca495991b7852b855
subprocess-logs/0304-jdk8_no-debug_RetainedAliasRawParam_original-run.stdout	587147b6fcdb6f90959b73653be0302d121556b4c0626fb20a88ff47291ce8ff
subprocess-logs/0305-jdk8_no-debug_RetainedAliasRawParam_jarde-RetainedAliasRawParam.stderr	5e97caf8081a4f405abd05d0498fa2740650b40202619e9ce601a52666aeb615
subprocess-logs/0305-jdk8_no-debug_RetainedAliasRawParam_jarde-RetainedAliasRawParam.stdout	e3536151d6425f7cf9e601be73cd6fccdb94be39c2157ee6ae0f84a8c7d364e5
subprocess-logs/0306-jdk8_no-debug_RetainedAliasRawParam_jarde-javac.stderr	e002d1ed09b359c25f8ca04651adf9c8b517dad51e9b0d80657f6b2f5c34e7ff
subprocess-logs/0306-jdk8_no-debug_RetainedAliasRawParam_jarde-javac.stdout	e3b0c44298fc1c149afbf4c8996fb92427ae41e4649b934ca495991b7852b855
subprocess-logs/0307-jdk8_no-debug_RetainedAliasRawParam_jarde-verify-run.stderr	e3b0c44298fc1c149afbf4c8996fb92427ae41e4649b934ca495991b7852b855
subprocess-logs/0307-jdk8_no-debug_RetainedAliasRawParam_jarde-verify-run.stdout	587147b6fcdb6f90959b73653be0302d121556b4c0626fb20a88ff47291ce8ff
subprocess-logs/0308-jdk8_no-debug_RetainedAliasRawParam_jadx.stderr	e3b0c44298fc1c149afbf4c8996fb92427ae41e4649b934ca495991b7852b855
subprocess-logs/0308-jdk8_no-debug_RetainedAliasRawParam_jadx.stdout	228b591618fd3603d83772d56ea7e34e39afa3fb6163c3245f4dd0bc76c2c764
subprocess-logs/0309-jdk8_no-debug_RetainedAliasRawParam_jadx-javac.stderr	a42e2427940b3e3bc7b954eaf9c2d94b63a3e4807f3c2dc1d5083f3c75c39fc3
subprocess-logs/0309-jdk8_no-debug_RetainedAliasRawParam_jadx-javac.stdout	e3b0c44298fc1c149afbf4c8996fb92427ae41e4649b934ca495991b7852b855
subprocess-logs/0310-jdk8_no-debug_RetainedAliasRawParam_jadx-verify-run.stderr	e3b0c44298fc1c149afbf4c8996fb92427ae41e4649b934ca495991b7852b855
subprocess-logs/0310-jdk8_no-debug_RetainedAliasRawParam_jadx-verify-run.stdout	f92fd71052669f4c2419e8516949617f14ee858caeb232d80d63117f41ea2d94
subprocess-logs/0311-jdk8_debug_MultiFormalRawParam_jar-contents.stderr	e3b0c44298fc1c149afbf4c8996fb92427ae41e4649b934ca495991b7852b855
subprocess-logs/0311-jdk8_debug_MultiFormalRawParam_jar-contents.stdout	4bc05ecbba4968bacfc686b7e4b7523216b1c1705eac9aef254aaff653bf7e55
subprocess-logs/0312-jdk8_debug_MultiFormalRawParam_original-javac.stderr	a7aac962d457f5d861ff850678dc960f9c140ea9b8b48cd9fdb25d20133bc9dd
subprocess-logs/0312-jdk8_debug_MultiFormalRawParam_original-javac.stdout	e3b0c44298fc1c149afbf4c8996fb92427ae41e4649b934ca495991b7852b855
subprocess-logs/0313-jdk8_debug_MultiFormalRawParam_javap.stderr	e3b0c44298fc1c149afbf4c8996fb92427ae41e4649b934ca495991b7852b855
subprocess-logs/0313-jdk8_debug_MultiFormalRawParam_javap.stdout	dd1d4e622d2f408c5f5449b163dce274f44ce66b401816ce045a25ad1fc513c7
subprocess-logs/0314-jdk8_debug_MultiFormalRawParam_original-probe-javac.stderr	e3b0c44298fc1c149afbf4c8996fb92427ae41e4649b934ca495991b7852b855
subprocess-logs/0314-jdk8_debug_MultiFormalRawParam_original-probe-javac.stdout	e3b0c44298fc1c149afbf4c8996fb92427ae41e4649b934ca495991b7852b855
subprocess-logs/0315-jdk8_debug_MultiFormalRawParam_original-run.stderr	e3b0c44298fc1c149afbf4c8996fb92427ae41e4649b934ca495991b7852b855
subprocess-logs/0315-jdk8_debug_MultiFormalRawParam_original-run.stdout	6d16de1512a82cf13a56f94903001249dbfdb1ab81b29b817616448334e1d0c4
subprocess-logs/0316-jdk8_debug_MultiFormalRawParam_jarde-MultiFormalRawParam.stderr	a09fe789081623a2eda541d06ba02336aef85c07c1f75d85bb09715dbbcf77d3
subprocess-logs/0316-jdk8_debug_MultiFormalRawParam_jarde-MultiFormalRawParam.stdout	fc2962c0aac9ec98ea86aa50ec132f77514a683ba76d7c329493e954bce56e48
subprocess-logs/0317-jdk8_debug_MultiFormalRawParam_jarde-javac.stderr	5806d02b3e050bf2d2c502a45d1baaa065241942bf7347a082d1551b1ddea68a
subprocess-logs/0317-jdk8_debug_MultiFormalRawParam_jarde-javac.stdout	e3b0c44298fc1c149afbf4c8996fb92427ae41e4649b934ca495991b7852b855
subprocess-logs/0318-jdk8_debug_MultiFormalRawParam_jarde-verify-run.stderr	e3b0c44298fc1c149afbf4c8996fb92427ae41e4649b934ca495991b7852b855
subprocess-logs/0318-jdk8_debug_MultiFormalRawParam_jarde-verify-run.stdout	8bc5d0b9f7ed8f8820c0a056a24f74615b3e6104dd1ccada41aee9975df41485
subprocess-logs/0319-jdk8_debug_MultiFormalRawParam_jadx.stderr	e3b0c44298fc1c149afbf4c8996fb92427ae41e4649b934ca495991b7852b855
subprocess-logs/0319-jdk8_debug_MultiFormalRawParam_jadx.stdout	05bf6269589d36148c1d56f4a2c12cded81600650d5e1071f41fb5728c8706f3
subprocess-logs/0320-jdk8_debug_MultiFormalRawParam_jadx-javac.stderr	a58b3d39581d54fd66bbff180ffdb9d1e71b1304ada4f1bec85c7b8113887ac6
subprocess-logs/0320-jdk8_debug_MultiFormalRawParam_jadx-javac.stdout	e3b0c44298fc1c149afbf4c8996fb92427ae41e4649b934ca495991b7852b855
subprocess-logs/0321-jdk8_debug_MultiFormalRawParam_jadx-verify-run.stderr	e3b0c44298fc1c149afbf4c8996fb92427ae41e4649b934ca495991b7852b855
subprocess-logs/0321-jdk8_debug_MultiFormalRawParam_jadx-verify-run.stdout	8d284d37fb44425659f63776c8f684d596146724e653b1147b4adc2b7c50d4e2
subprocess-logs/0322-jdk8_no-debug_MultiFormalRawParam_jar-contents.stderr	e3b0c44298fc1c149afbf4c8996fb92427ae41e4649b934ca495991b7852b855
subprocess-logs/0322-jdk8_no-debug_MultiFormalRawParam_jar-contents.stdout	4bc05ecbba4968bacfc686b7e4b7523216b1c1705eac9aef254aaff653bf7e55
subprocess-logs/0323-jdk8_no-debug_MultiFormalRawParam_original-javac.stderr	a7aac962d457f5d861ff850678dc960f9c140ea9b8b48cd9fdb25d20133bc9dd
subprocess-logs/0323-jdk8_no-debug_MultiFormalRawParam_original-javac.stdout	e3b0c44298fc1c149afbf4c8996fb92427ae41e4649b934ca495991b7852b855
subprocess-logs/0324-jdk8_no-debug_MultiFormalRawParam_javap.stderr	e3b0c44298fc1c149afbf4c8996fb92427ae41e4649b934ca495991b7852b855
subprocess-logs/0324-jdk8_no-debug_MultiFormalRawParam_javap.stdout	576d418084006c3432ae54bde722c5e1f3329fa92d098f3b84fce07ff58a8b83
subprocess-logs/0325-jdk8_no-debug_MultiFormalRawParam_original-probe-javac.stderr	e3b0c44298fc1c149afbf4c8996fb92427ae41e4649b934ca495991b7852b855
subprocess-logs/0325-jdk8_no-debug_MultiFormalRawParam_original-probe-javac.stdout	e3b0c44298fc1c149afbf4c8996fb92427ae41e4649b934ca495991b7852b855
subprocess-logs/0326-jdk8_no-debug_MultiFormalRawParam_original-run.stderr	e3b0c44298fc1c149afbf4c8996fb92427ae41e4649b934ca495991b7852b855
subprocess-logs/0326-jdk8_no-debug_MultiFormalRawParam_original-run.stdout	6d16de1512a82cf13a56f94903001249dbfdb1ab81b29b817616448334e1d0c4
subprocess-logs/0327-jdk8_no-debug_MultiFormalRawParam_jarde-MultiFormalRawParam.stderr	6e913fe1c8852d2f46c6b898dc69b6156fd6a985c2e3554d74061076ff50cb06
subprocess-logs/0327-jdk8_no-debug_MultiFormalRawParam_jarde-MultiFormalRawParam.stdout	4b437b42cf47a3ccf750355128c463728a56d507544aa92a0cb529860058e62c
subprocess-logs/0328-jdk8_no-debug_MultiFormalRawParam_jarde-javac.stderr	f188d02e3e5112f20699ea7fa5d20ec9f0161ca7dad4738b219f39b690ec03eb
subprocess-logs/0328-jdk8_no-debug_MultiFormalRawParam_jarde-javac.stdout	e3b0c44298fc1c149afbf4c8996fb92427ae41e4649b934ca495991b7852b855
subprocess-logs/0329-jdk8_no-debug_MultiFormalRawParam_jarde-verify-run.stderr	e3b0c44298fc1c149afbf4c8996fb92427ae41e4649b934ca495991b7852b855
subprocess-logs/0329-jdk8_no-debug_MultiFormalRawParam_jarde-verify-run.stdout	8bc5d0b9f7ed8f8820c0a056a24f74615b3e6104dd1ccada41aee9975df41485
subprocess-logs/0330-jdk8_no-debug_MultiFormalRawParam_jadx.stderr	e3b0c44298fc1c149afbf4c8996fb92427ae41e4649b934ca495991b7852b855
subprocess-logs/0330-jdk8_no-debug_MultiFormalRawParam_jadx.stdout	6df7d2aaa6aa9b857d934c254c62ad94a2de05d564e068585797b61e8bcfce74
subprocess-logs/0331-jdk8_no-debug_MultiFormalRawParam_jadx-javac.stderr	42300e0b66b4a573e065d5a8885572c4061c4133640fbad1cb1ca977ace16373
subprocess-logs/0331-jdk8_no-debug_MultiFormalRawParam_jadx-javac.stdout	e3b0c44298fc1c149afbf4c8996fb92427ae41e4649b934ca495991b7852b855
subprocess-logs/0332-jdk8_no-debug_MultiFormalRawParam_jadx-verify-run.stderr	e3b0c44298fc1c149afbf4c8996fb92427ae41e4649b934ca495991b7852b855
subprocess-logs/0332-jdk8_no-debug_MultiFormalRawParam_jadx-verify-run.stdout	8d284d37fb44425659f63776c8f684d596146724e653b1147b4adc2b7c50d4e2
subprocess-logs/0333-jdk8_debug_RawOwnerChild_jar-contents.stderr	e3b0c44298fc1c149afbf4c8996fb92427ae41e4649b934ca495991b7852b855
subprocess-logs/0333-jdk8_debug_RawOwnerChild_jar-contents.stdout	8fe6ebef204dbd6d19631ba48bbbd5ec4ae5213f3712a9629e2c6cdec917a44e
subprocess-logs/0334-jdk8_debug_RawOwnerChild_original-javac.stderr	cf3d4c7f34177b900bd060a9f1e86b0bed36e944062b3a5d915bb4b052d6ba47
subprocess-logs/0334-jdk8_debug_RawOwnerChild_original-javac.stdout	e3b0c44298fc1c149afbf4c8996fb92427ae41e4649b934ca495991b7852b855
subprocess-logs/0335-jdk8_debug_RawOwnerChild_javap.stderr	e3b0c44298fc1c149afbf4c8996fb92427ae41e4649b934ca495991b7852b855
subprocess-logs/0335-jdk8_debug_RawOwnerChild_javap.stdout	a3a1264e9c4e89058dde177c37e9e84d5d04b0241e271244df647a02a10108f8
subprocess-logs/0336-jdk8_debug_RawOwnerChild_original-probe-javac.stderr	e3b0c44298fc1c149afbf4c8996fb92427ae41e4649b934ca495991b7852b855
subprocess-logs/0336-jdk8_debug_RawOwnerChild_original-probe-javac.stdout	e3b0c44298fc1c149afbf4c8996fb92427ae41e4649b934ca495991b7852b855
subprocess-logs/0337-jdk8_debug_RawOwnerChild_original-run.stderr	e3b0c44298fc1c149afbf4c8996fb92427ae41e4649b934ca495991b7852b855
subprocess-logs/0337-jdk8_debug_RawOwnerChild_original-run.stdout	c25e0c82c8f818f082f08ceef41ac63b15ed1ce4bb020bcf1eff5396c577b047
subprocess-logs/0338-jdk8_debug_RawOwnerChild_jarde-RawOwnerChild.stderr	c3557c4d5eaad6a041d16ea5ac9e910639ad677f617c14b9689a3fb89bd32b08
subprocess-logs/0338-jdk8_debug_RawOwnerChild_jarde-RawOwnerChild.stdout	85654234ed265aea8c2af90fe4353ca2be2b352c36d98476b0f89a9661e064cd
subprocess-logs/0339-jdk8_debug_RawOwnerChild_jarde-RawOwnerBase.stderr	8824f209e7a2b6085403ac415258bb95ceaedfbcd2bad72feaf8ee3bce3d5f2e
subprocess-logs/0339-jdk8_debug_RawOwnerChild_jarde-RawOwnerBase.stdout	f400195673e17b46cfe5e1ecf2dfa6ad1e569fc2a83c23d92202a00ba21aba24
subprocess-logs/0340-jdk8_debug_RawOwnerChild_jarde-javac.stderr	71e40ce02cf771aaac12cfc19ee930c68a87dc029ad00fe4f8ddd9725ccfd457
subprocess-logs/0340-jdk8_debug_RawOwnerChild_jarde-javac.stdout	e3b0c44298fc1c149afbf4c8996fb92427ae41e4649b934ca495991b7852b855
subprocess-logs/0341-jdk8_debug_RawOwnerChild_jarde-verify-run.stderr	e3b0c44298fc1c149afbf4c8996fb92427ae41e4649b934ca495991b7852b855
subprocess-logs/0341-jdk8_debug_RawOwnerChild_jarde-verify-run.stdout	e65da6d8f2478e3a0b6f43759b106518ecb2b77f17bd072cf737ed70a4ac28ad
subprocess-logs/0342-jdk8_debug_RawOwnerChild_jadx.stderr	e3b0c44298fc1c149afbf4c8996fb92427ae41e4649b934ca495991b7852b855
subprocess-logs/0342-jdk8_debug_RawOwnerChild_jadx.stdout	6c98674d5819aff5b0ce8c68cf3ece4cbebd831816c7f8632c268444656056d5
subprocess-logs/0343-jdk8_debug_RawOwnerChild_jadx-javac.stderr	b2aec7059c3f7471ef12750ceac88f6e636c4850ed742c5e5c1cad875b155b08
subprocess-logs/0343-jdk8_debug_RawOwnerChild_jadx-javac.stdout	e3b0c44298fc1c149afbf4c8996fb92427ae41e4649b934ca495991b7852b855
subprocess-logs/0344-jdk8_debug_RawOwnerChild_jadx-verify-run.stderr	e3b0c44298fc1c149afbf4c8996fb92427ae41e4649b934ca495991b7852b855
subprocess-logs/0344-jdk8_debug_RawOwnerChild_jadx-verify-run.stdout	2404a47a7f7c206decbce521d1ad8ca2966f33929a01a6e1cd462d7eda65b76b
subprocess-logs/0345-jdk8_no-debug_RawOwnerChild_jar-contents.stderr	e3b0c44298fc1c149afbf4c8996fb92427ae41e4649b934ca495991b7852b855
subprocess-logs/0345-jdk8_no-debug_RawOwnerChild_jar-contents.stdout	8fe6ebef204dbd6d19631ba48bbbd5ec4ae5213f3712a9629e2c6cdec917a44e
subprocess-logs/0346-jdk8_no-debug_RawOwnerChild_original-javac.stderr	cf3d4c7f34177b900bd060a9f1e86b0bed36e944062b3a5d915bb4b052d6ba47
subprocess-logs/0346-jdk8_no-debug_RawOwnerChild_original-javac.stdout	e3b0c44298fc1c149afbf4c8996fb92427ae41e4649b934ca495991b7852b855
subprocess-logs/0347-jdk8_no-debug_RawOwnerChild_javap.stderr	e3b0c44298fc1c149afbf4c8996fb92427ae41e4649b934ca495991b7852b855
subprocess-logs/0347-jdk8_no-debug_RawOwnerChild_javap.stdout	4b6867ba7a8ffd26d6b4167344e0025c5756c4895040f1f7d5ebe1ad40a3deed
subprocess-logs/0348-jdk8_no-debug_RawOwnerChild_original-probe-javac.stderr	e3b0c44298fc1c149afbf4c8996fb92427ae41e4649b934ca495991b7852b855
subprocess-logs/0348-jdk8_no-debug_RawOwnerChild_original-probe-javac.stdout	e3b0c44298fc1c149afbf4c8996fb92427ae41e4649b934ca495991b7852b855
subprocess-logs/0349-jdk8_no-debug_RawOwnerChild_original-run.stderr	e3b0c44298fc1c149afbf4c8996fb92427ae41e4649b934ca495991b7852b855
subprocess-logs/0349-jdk8_no-debug_RawOwnerChild_original-run.stdout	c25e0c82c8f818f082f08ceef41ac63b15ed1ce4bb020bcf1eff5396c577b047
subprocess-logs/0350-jdk8_no-debug_RawOwnerChild_jarde-RawOwnerChild.stderr	7fa6ecef6b46f8ed79040af4505976244f1f95f70e09a5cc560535b39a6cf3e1
subprocess-logs/0350-jdk8_no-debug_RawOwnerChild_jarde-RawOwnerChild.stdout	8bc50b0f6cb5bc0a65e96706a623c1fc4bc19fa7d9d3586ebaace845198a1015
subprocess-logs/0351-jdk8_no-debug_RawOwnerChild_jarde-RawOwnerBase.stderr	1275020ed5302c0eb41f6bd41f53fe6dcf77dd83b8b687d91eb9efc678212426
subprocess-logs/0351-jdk8_no-debug_RawOwnerChild_jarde-RawOwnerBase.stdout	f400195673e17b46cfe5e1ecf2dfa6ad1e569fc2a83c23d92202a00ba21aba24
subprocess-logs/0352-jdk8_no-debug_RawOwnerChild_jarde-javac.stderr	67eb0569af2b925a8bc80ddaeaeba08f5e4351d547df4269a4b0018da45c442b
subprocess-logs/0352-jdk8_no-debug_RawOwnerChild_jarde-javac.stdout	e3b0c44298fc1c149afbf4c8996fb92427ae41e4649b934ca495991b7852b855
subprocess-logs/0353-jdk8_no-debug_RawOwnerChild_jarde-verify-run.stderr	e3b0c44298fc1c149afbf4c8996fb92427ae41e4649b934ca495991b7852b855
subprocess-logs/0353-jdk8_no-debug_RawOwnerChild_jarde-verify-run.stdout	e65da6d8f2478e3a0b6f43759b106518ecb2b77f17bd072cf737ed70a4ac28ad
subprocess-logs/0354-jdk8_no-debug_RawOwnerChild_jadx.stderr	e3b0c44298fc1c149afbf4c8996fb92427ae41e4649b934ca495991b7852b855
subprocess-logs/0354-jdk8_no-debug_RawOwnerChild_jadx.stdout	6c98674d5819aff5b0ce8c68cf3ece4cbebd831816c7f8632c268444656056d5
subprocess-logs/0355-jdk8_no-debug_RawOwnerChild_jadx-javac.stderr	d31cc3a95e1daaec0ba34a8a25da917786f51166d00fc5da3bad09e026730222
subprocess-logs/0355-jdk8_no-debug_RawOwnerChild_jadx-javac.stdout	e3b0c44298fc1c149afbf4c8996fb92427ae41e4649b934ca495991b7852b855
subprocess-logs/0356-jdk8_no-debug_RawOwnerChild_jadx-verify-run.stderr	e3b0c44298fc1c149afbf4c8996fb92427ae41e4649b934ca495991b7852b855
subprocess-logs/0356-jdk8_no-debug_RawOwnerChild_jadx-verify-run.stdout	2404a47a7f7c206decbce521d1ad8ca2966f33929a01a6e1cd462d7eda65b76b
subprocess-logs/0357-jdk23_versions_java.stderr	11d9a1559a3f4fab380e536f54e14acacdbd9fb56e147f04a9cc4723e3c229f7
subprocess-logs/0357-jdk23_versions_java.stdout	e3b0c44298fc1c149afbf4c8996fb92427ae41e4649b934ca495991b7852b855
subprocess-logs/0358-jdk23_versions_javac.stderr	e3b0c44298fc1c149afbf4c8996fb92427ae41e4649b934ca495991b7852b855
subprocess-logs/0358-jdk23_versions_javac.stdout	8b08d363e50e3d8f80fe38c5910e7f52b3e267b192efacb74878c7103361d3cd
subprocess-logs/0359-jdk23_debug_RawParam_jar-contents.stderr	e3b0c44298fc1c149afbf4c8996fb92427ae41e4649b934ca495991b7852b855
subprocess-logs/0359-jdk23_debug_RawParam_jar-contents.stdout	f05bc4ea2d7bc579f4987b4528010f3e37b2499a541d17b872ac93047629c0ee
subprocess-logs/0360-jdk23_debug_RawParam_original-javac.stderr	8389e79b0f23f4372bad2237b4863ba2d51fb3233437096c41b12e18cb18a541
subprocess-logs/0360-jdk23_debug_RawParam_original-javac.stdout	e3b0c44298fc1c149afbf4c8996fb92427ae41e4649b934ca495991b7852b855
subprocess-logs/0361-jdk23_debug_RawParam_javap.stderr	e3b0c44298fc1c149afbf4c8996fb92427ae41e4649b934ca495991b7852b855
subprocess-logs/0361-jdk23_debug_RawParam_javap.stdout	643f960b952233003d168002eff538f1174de04eaf360b4fed0e1bf87c87fc49
subprocess-logs/0362-jdk23_debug_RawParam_original-probe-javac.stderr	4f875b75f0bac1d971d8fc3ab19a64d5d92273f61235f2bb734eed34ab07458f
subprocess-logs/0362-jdk23_debug_RawParam_original-probe-javac.stdout	e3b0c44298fc1c149afbf4c8996fb92427ae41e4649b934ca495991b7852b855
subprocess-logs/0363-jdk23_debug_RawParam_original-run.stderr	e3b0c44298fc1c149afbf4c8996fb92427ae41e4649b934ca495991b7852b855
subprocess-logs/0363-jdk23_debug_RawParam_original-run.stdout	6a2e3f1a9739b680582fea7e805eed4d712c0aaa5f345bb00d8449a502e68b6d
subprocess-logs/0364-jdk23_debug_RawParam_jarde-RawParam.stderr	93b84c599796d102715101fc933fe1f51709e95e5b7453497e09083833e171bb
subprocess-logs/0364-jdk23_debug_RawParam_jarde-RawParam.stdout	e086985b6879bfbebb341e501fb7f963bc33d5623ac87904b40e011163135e9b
subprocess-logs/0365-jdk23_debug_RawParam_jarde-javac.stderr	f78a2a09816a63a036c4e3e4fe519b6f0979a3f523fa561efddcf976c29e373f
subprocess-logs/0365-jdk23_debug_RawParam_jarde-javac.stdout	e3b0c44298fc1c149afbf4c8996fb92427ae41e4649b934ca495991b7852b855
subprocess-logs/0366-jdk23_debug_RawParam_jarde-verify-run.stderr	e3b0c44298fc1c149afbf4c8996fb92427ae41e4649b934ca495991b7852b855
subprocess-logs/0366-jdk23_debug_RawParam_jarde-verify-run.stdout	6a2e3f1a9739b680582fea7e805eed4d712c0aaa5f345bb00d8449a502e68b6d
subprocess-logs/0367-jdk23_debug_RawParam_jadx.stderr	e3b0c44298fc1c149afbf4c8996fb92427ae41e4649b934ca495991b7852b855
subprocess-logs/0367-jdk23_debug_RawParam_jadx.stdout	bd9dd0769919579a9c1faf92d28bea18c7532fac62b79c798c4041570594d925
subprocess-logs/0368-jdk23_debug_RawParam_jadx-javac.stderr	05aa18fb852a4871bd059f645f71fedd9e49a6d0b91d66a5f131b3bd3d4e3286
subprocess-logs/0368-jdk23_debug_RawParam_jadx-javac.stdout	e3b0c44298fc1c149afbf4c8996fb92427ae41e4649b934ca495991b7852b855
subprocess-logs/0369-jdk23_debug_RawParam_jadx-verify-run.stderr	e3b0c44298fc1c149afbf4c8996fb92427ae41e4649b934ca495991b7852b855
subprocess-logs/0369-jdk23_debug_RawParam_jadx-verify-run.stdout	33b65814b563635c3b26f292f11a234ec9eda87fc8bbf5409c3fc0f323ad9d3d
subprocess-logs/0370-jdk23_no-debug_RawParam_jar-contents.stderr	e3b0c44298fc1c149afbf4c8996fb92427ae41e4649b934ca495991b7852b855
subprocess-logs/0370-jdk23_no-debug_RawParam_jar-contents.stdout	f05bc4ea2d7bc579f4987b4528010f3e37b2499a541d17b872ac93047629c0ee
subprocess-logs/0371-jdk23_no-debug_RawParam_original-javac.stderr	8389e79b0f23f4372bad2237b4863ba2d51fb3233437096c41b12e18cb18a541
subprocess-logs/0371-jdk23_no-debug_RawParam_original-javac.stdout	e3b0c44298fc1c149afbf4c8996fb92427ae41e4649b934ca495991b7852b855
subprocess-logs/0372-jdk23_no-debug_RawParam_javap.stderr	e3b0c44298fc1c149afbf4c8996fb92427ae41e4649b934ca495991b7852b855
subprocess-logs/0372-jdk23_no-debug_RawParam_javap.stdout	da4a2617e0e141bd47eda6588e1493e538f200232d07ad2b4b45a375ba72b62a
subprocess-logs/0373-jdk23_no-debug_RawParam_original-probe-javac.stderr	4f875b75f0bac1d971d8fc3ab19a64d5d92273f61235f2bb734eed34ab07458f
subprocess-logs/0373-jdk23_no-debug_RawParam_original-probe-javac.stdout	e3b0c44298fc1c149afbf4c8996fb92427ae41e4649b934ca495991b7852b855
subprocess-logs/0374-jdk23_no-debug_RawParam_original-run.stderr	e3b0c44298fc1c149afbf4c8996fb92427ae41e4649b934ca495991b7852b855
subprocess-logs/0374-jdk23_no-debug_RawParam_original-run.stdout	6a2e3f1a9739b680582fea7e805eed4d712c0aaa5f345bb00d8449a502e68b6d
subprocess-logs/0375-jdk23_no-debug_RawParam_jarde-RawParam.stderr	25866e5241d7b76dcb46125351285df3c1e320447cadacc91869066249a10f25
subprocess-logs/0375-jdk23_no-debug_RawParam_jarde-RawParam.stdout	deadf9d5abebeb93b29bb8330dd107c0f9f84ba1ddfa430103fcb8261f91caa4
subprocess-logs/0376-jdk23_no-debug_RawParam_jarde-javac.stderr	fae24102adf4c6dd7fe7fc913d6de1690d3c924c98f0a34173fe03703eb8b7da
subprocess-logs/0376-jdk23_no-debug_RawParam_jarde-javac.stdout	e3b0c44298fc1c149afbf4c8996fb92427ae41e4649b934ca495991b7852b855
subprocess-logs/0377-jdk23_no-debug_RawParam_jarde-verify-run.stderr	e3b0c44298fc1c149afbf4c8996fb92427ae41e4649b934ca495991b7852b855
subprocess-logs/0377-jdk23_no-debug_RawParam_jarde-verify-run.stdout	6a2e3f1a9739b680582fea7e805eed4d712c0aaa5f345bb00d8449a502e68b6d
subprocess-logs/0378-jdk23_no-debug_RawParam_jadx.stderr	e3b0c44298fc1c149afbf4c8996fb92427ae41e4649b934ca495991b7852b855
subprocess-logs/0378-jdk23_no-debug_RawParam_jadx.stdout	36f6c5711347b6ce672805f67d085ceb8813c868405afbff15dd93f99e4ecb42
subprocess-logs/0379-jdk23_no-debug_RawParam_jadx-javac.stderr	71d0478bfbba2ebecb0b3c41e9a05ffdd5dfe4cf55f5ece31d8a67e32ca7fc60
subprocess-logs/0379-jdk23_no-debug_RawParam_jadx-javac.stdout	e3b0c44298fc1c149afbf4c8996fb92427ae41e4649b934ca495991b7852b855
subprocess-logs/0380-jdk23_no-debug_RawParam_jadx-verify-run.stderr	e3b0c44298fc1c149afbf4c8996fb92427ae41e4649b934ca495991b7852b855
subprocess-logs/0380-jdk23_no-debug_RawParam_jadx-verify-run.stdout	33b65814b563635c3b26f292f11a234ec9eda87fc8bbf5409c3fc0f323ad9d3d
subprocess-logs/0381-jdk23_debug_StaticRawLocal_jar-contents.stderr	e3b0c44298fc1c149afbf4c8996fb92427ae41e4649b934ca495991b7852b855
subprocess-logs/0381-jdk23_debug_StaticRawLocal_jar-contents.stdout	fb8ff04b200dd376807a9a425a37f1a645e63a3f90b47df4f84e407b0fed9d07
subprocess-logs/0382-jdk23_debug_StaticRawLocal_original-javac.stderr	ff48daff02375611c7eea7f5e0f7a5b1593a6e606f2c6bbce7202ad661436d66
subprocess-logs/0382-jdk23_debug_StaticRawLocal_original-javac.stdout	e3b0c44298fc1c149afbf4c8996fb92427ae41e4649b934ca495991b7852b855
subprocess-logs/0383-jdk23_debug_StaticRawLocal_javap.stderr	e3b0c44298fc1c149afbf4c8996fb92427ae41e4649b934ca495991b7852b855
subprocess-logs/0383-jdk23_debug_StaticRawLocal_javap.stdout	3c02dbbd54549b6584dcc4fda9101a47af57af55262067b96d7fcc0a3d769992
subprocess-logs/0384-jdk23_debug_StaticRawLocal_original-probe-javac.stderr	4f875b75f0bac1d971d8fc3ab19a64d5d92273f61235f2bb734eed34ab07458f
subprocess-logs/0384-jdk23_debug_StaticRawLocal_original-probe-javac.stdout	e3b0c44298fc1c149afbf4c8996fb92427ae41e4649b934ca495991b7852b855
subprocess-logs/0385-jdk23_debug_StaticRawLocal_original-run.stderr	e3b0c44298fc1c149afbf4c8996fb92427ae41e4649b934ca495991b7852b855
subprocess-logs/0385-jdk23_debug_StaticRawLocal_original-run.stdout	25ea87cacc91c856b41331c020cf776ffda40333d737cff0309fadf5141463b0
subprocess-logs/0386-jdk23_debug_StaticRawLocal_jarde-StaticRawLocal.stderr	d643edc3fa1c381a55024fc81e29d7b35df3fafaddaaa62915033c72f8cce29a
subprocess-logs/0386-jdk23_debug_StaticRawLocal_jarde-StaticRawLocal.stdout	9ec274de3d0847441e7de73ff79a6d027179b6c14306c18643ee8e2346b54332
subprocess-logs/0387-jdk23_debug_StaticRawLocal_jarde-javac.stderr	13993974b44548750c6823b9aa351d3d765bb05e97175709c0cc49ebdc8f6587
subprocess-logs/0387-jdk23_debug_StaticRawLocal_jarde-javac.stdout	e3b0c44298fc1c149afbf4c8996fb92427ae41e4649b934ca495991b7852b855
subprocess-logs/0388-jdk23_debug_StaticRawLocal_jarde-verify-run.stderr	e3b0c44298fc1c149afbf4c8996fb92427ae41e4649b934ca495991b7852b855
subprocess-logs/0388-jdk23_debug_StaticRawLocal_jarde-verify-run.stdout	25ea87cacc91c856b41331c020cf776ffda40333d737cff0309fadf5141463b0
subprocess-logs/0389-jdk23_debug_StaticRawLocal_jadx.stderr	e3b0c44298fc1c149afbf4c8996fb92427ae41e4649b934ca495991b7852b855
subprocess-logs/0389-jdk23_debug_StaticRawLocal_jadx.stdout	fdf8e9130005c8ece0a04f1c514c4b5bbf75c77d750bfe01426a6cf286b4308a
subprocess-logs/0390-jdk23_debug_StaticRawLocal_jadx-javac.stderr	bb555b85adcdb16075e3e087fe7af10fcb773661e89069a48a5364d92527f749
subprocess-logs/0390-jdk23_debug_StaticRawLocal_jadx-javac.stdout	e3b0c44298fc1c149afbf4c8996fb92427ae41e4649b934ca495991b7852b855
subprocess-logs/0391-jdk23_debug_StaticRawLocal_jadx-verify-run.stderr	e3b0c44298fc1c149afbf4c8996fb92427ae41e4649b934ca495991b7852b855
subprocess-logs/0391-jdk23_debug_StaticRawLocal_jadx-verify-run.stdout	caa078a6f6a66a11482c09645632ebb52566091c80fab4fa927b1053dce64fde
subprocess-logs/0392-jdk23_no-debug_StaticRawLocal_jar-contents.stderr	e3b0c44298fc1c149afbf4c8996fb92427ae41e4649b934ca495991b7852b855
subprocess-logs/0392-jdk23_no-debug_StaticRawLocal_jar-contents.stdout	fb8ff04b200dd376807a9a425a37f1a645e63a3f90b47df4f84e407b0fed9d07
subprocess-logs/0393-jdk23_no-debug_StaticRawLocal_original-javac.stderr	ff48daff02375611c7eea7f5e0f7a5b1593a6e606f2c6bbce7202ad661436d66
subprocess-logs/0393-jdk23_no-debug_StaticRawLocal_original-javac.stdout	e3b0c44298fc1c149afbf4c8996fb92427ae41e4649b934ca495991b7852b855
subprocess-logs/0394-jdk23_no-debug_StaticRawLocal_javap.stderr	e3b0c44298fc1c149afbf4c8996fb92427ae41e4649b934ca495991b7852b855
subprocess-logs/0394-jdk23_no-debug_StaticRawLocal_javap.stdout	650bcea27e776c0eb6eae39111c62625889c7fb1ecc319bd62b40869f51404c4
subprocess-logs/0395-jdk23_no-debug_StaticRawLocal_original-probe-javac.stderr	4f875b75f0bac1d971d8fc3ab19a64d5d92273f61235f2bb734eed34ab07458f
subprocess-logs/0395-jdk23_no-debug_StaticRawLocal_original-probe-javac.stdout	e3b0c44298fc1c149afbf4c8996fb92427ae41e4649b934ca495991b7852b855
subprocess-logs/0396-jdk23_no-debug_StaticRawLocal_original-run.stderr	e3b0c44298fc1c149afbf4c8996fb92427ae41e4649b934ca495991b7852b855
subprocess-logs/0396-jdk23_no-debug_StaticRawLocal_original-run.stdout	25ea87cacc91c856b41331c020cf776ffda40333d737cff0309fadf5141463b0
subprocess-logs/0397-jdk23_no-debug_StaticRawLocal_jarde-StaticRawLocal.stderr	9e0b8ba0ec482275ae3b72f696eb6d68f80694fb4dc45022432ea54c0c5a0913
subprocess-logs/0397-jdk23_no-debug_StaticRawLocal_jarde-StaticRawLocal.stdout	fd3a53f3051037b2d49c8966c16550fc2360b0f7494664a72673443748783747
subprocess-logs/0398-jdk23_no-debug_StaticRawLocal_jarde-javac.stderr	28457280bc531165282c615c4bf06a44e6419a376cd487bb4d059f5f063f9580
subprocess-logs/0398-jdk23_no-debug_StaticRawLocal_jarde-javac.stdout	e3b0c44298fc1c149afbf4c8996fb92427ae41e4649b934ca495991b7852b855
subprocess-logs/0399-jdk23_no-debug_StaticRawLocal_jarde-verify-run.stderr	e3b0c44298fc1c149afbf4c8996fb92427ae41e4649b934ca495991b7852b855
subprocess-logs/0399-jdk23_no-debug_StaticRawLocal_jarde-verify-run.stdout	25ea87cacc91c856b41331c020cf776ffda40333d737cff0309fadf5141463b0
subprocess-logs/0400-jdk23_no-debug_StaticRawLocal_jadx.stderr	e3b0c44298fc1c149afbf4c8996fb92427ae41e4649b934ca495991b7852b855
subprocess-logs/0400-jdk23_no-debug_StaticRawLocal_jadx.stdout	5f001508efc09b27aaad55e938dee02b89ea4be0ae0cec6f5bd62451af7236f7
subprocess-logs/0401-jdk23_no-debug_StaticRawLocal_jadx-javac.stderr	3b56f7fb991b4b1216bec3029391563c95cd1ddc65485e486bf235342f336b41
subprocess-logs/0401-jdk23_no-debug_StaticRawLocal_jadx-javac.stdout	e3b0c44298fc1c149afbf4c8996fb92427ae41e4649b934ca495991b7852b855
subprocess-logs/0402-jdk23_no-debug_StaticRawLocal_jadx-verify-run.stderr	e3b0c44298fc1c149afbf4c8996fb92427ae41e4649b934ca495991b7852b855
subprocess-logs/0402-jdk23_no-debug_StaticRawLocal_jadx-verify-run.stdout	caa078a6f6a66a11482c09645632ebb52566091c80fab4fa927b1053dce64fde
subprocess-logs/0403-jdk23_debug_InstanceRawLocal_jar-contents.stderr	e3b0c44298fc1c149afbf4c8996fb92427ae41e4649b934ca495991b7852b855
subprocess-logs/0403-jdk23_debug_InstanceRawLocal_jar-contents.stdout	14fa51d33a6937146f86014d2ee03c2e459c32def063b6fd66b0be882ef50b5b
subprocess-logs/0404-jdk23_debug_InstanceRawLocal_original-javac.stderr	9adad72752fa5ad4c28cfae616c1aa8214263acc3d8ca90c7c847c10d604d30f
subprocess-logs/0404-jdk23_debug_InstanceRawLocal_original-javac.stdout	e3b0c44298fc1c149afbf4c8996fb92427ae41e4649b934ca495991b7852b855
subprocess-logs/0405-jdk23_debug_InstanceRawLocal_javap.stderr	e3b0c44298fc1c149afbf4c8996fb92427ae41e4649b934ca495991b7852b855
subprocess-logs/0405-jdk23_debug_InstanceRawLocal_javap.stdout	61694ae4173e5acf45257dc21e14f18369f88e8d6174cfecd499bb58b4716a5b
subprocess-logs/0406-jdk23_debug_InstanceRawLocal_original-probe-javac.stderr	4f875b75f0bac1d971d8fc3ab19a64d5d92273f61235f2bb734eed34ab07458f
subprocess-logs/0406-jdk23_debug_InstanceRawLocal_original-probe-javac.stdout	e3b0c44298fc1c149afbf4c8996fb92427ae41e4649b934ca495991b7852b855
subprocess-logs/0407-jdk23_debug_InstanceRawLocal_original-run.stderr	e3b0c44298fc1c149afbf4c8996fb92427ae41e4649b934ca495991b7852b855
subprocess-logs/0407-jdk23_debug_InstanceRawLocal_original-run.stdout	b5f800a25ef5e547f36ccdecb9d6798cca74aee4a8a677d83bd449aea30f57e1
subprocess-logs/0408-jdk23_debug_InstanceRawLocal_jarde-InstanceRawLocal.stderr	1e298259f07eb57b48ee9904d3876331138cab8276222ac4aef46aa3f966ad68
subprocess-logs/0408-jdk23_debug_InstanceRawLocal_jarde-InstanceRawLocal.stdout	5739eae80933689e02968db38be749560fea18f7852efc7071bc402ac1657445
subprocess-logs/0409-jdk23_debug_InstanceRawLocal_jarde-javac.stderr	4f875b75f0bac1d971d8fc3ab19a64d5d92273f61235f2bb734eed34ab07458f
subprocess-logs/0409-jdk23_debug_InstanceRawLocal_jarde-javac.stdout	e3b0c44298fc1c149afbf4c8996fb92427ae41e4649b934ca495991b7852b855
subprocess-logs/0410-jdk23_debug_InstanceRawLocal_jarde-verify-run.stderr	e3b0c44298fc1c149afbf4c8996fb92427ae41e4649b934ca495991b7852b855
subprocess-logs/0410-jdk23_debug_InstanceRawLocal_jarde-verify-run.stdout	c4a0fd4eb5e838df4c7116cc09d11740387e51309b8dd9c85cb1eac73adb9692
subprocess-logs/0411-jdk23_debug_InstanceRawLocal_jadx.stderr	e3b0c44298fc1c149afbf4c8996fb92427ae41e4649b934ca495991b7852b855
subprocess-logs/0411-jdk23_debug_InstanceRawLocal_jadx.stdout	5012c37cdf3e5f24f9faafcccc167f11f2fb26a92e8a0024034472b8d0724594
subprocess-logs/0412-jdk23_debug_InstanceRawLocal_jadx-javac.stderr	009d0e436aa640adff6874594538328ff7655e4e564d544600143f0ffe3f1934
subprocess-logs/0412-jdk23_debug_InstanceRawLocal_jadx-javac.stdout	e3b0c44298fc1c149afbf4c8996fb92427ae41e4649b934ca495991b7852b855
subprocess-logs/0413-jdk23_no-debug_InstanceRawLocal_jar-contents.stderr	e3b0c44298fc1c149afbf4c8996fb92427ae41e4649b934ca495991b7852b855
subprocess-logs/0413-jdk23_no-debug_InstanceRawLocal_jar-contents.stdout	14fa51d33a6937146f86014d2ee03c2e459c32def063b6fd66b0be882ef50b5b
subprocess-logs/0414-jdk23_no-debug_InstanceRawLocal_original-javac.stderr	9adad72752fa5ad4c28cfae616c1aa8214263acc3d8ca90c7c847c10d604d30f
subprocess-logs/0414-jdk23_no-debug_InstanceRawLocal_original-javac.stdout	e3b0c44298fc1c149afbf4c8996fb92427ae41e4649b934ca495991b7852b855
subprocess-logs/0415-jdk23_no-debug_InstanceRawLocal_javap.stderr	e3b0c44298fc1c149afbf4c8996fb92427ae41e4649b934ca495991b7852b855
subprocess-logs/0415-jdk23_no-debug_InstanceRawLocal_javap.stdout	ff39951f4582e15378eac0ce1397753e028059a8a7446254fc50b21b7e777eee
subprocess-logs/0416-jdk23_no-debug_InstanceRawLocal_original-probe-javac.stderr	4f875b75f0bac1d971d8fc3ab19a64d5d92273f61235f2bb734eed34ab07458f
subprocess-logs/0416-jdk23_no-debug_InstanceRawLocal_original-probe-javac.stdout	e3b0c44298fc1c149afbf4c8996fb92427ae41e4649b934ca495991b7852b855
subprocess-logs/0417-jdk23_no-debug_InstanceRawLocal_original-run.stderr	e3b0c44298fc1c149afbf4c8996fb92427ae41e4649b934ca495991b7852b855
subprocess-logs/0417-jdk23_no-debug_InstanceRawLocal_original-run.stdout	b5f800a25ef5e547f36ccdecb9d6798cca74aee4a8a677d83bd449aea30f57e1
subprocess-logs/0418-jdk23_no-debug_InstanceRawLocal_jarde-InstanceRawLocal.stderr	28d93a2850dd82aa67ac5aba1012266186e05bee561a42af23e18592bddc81e5
subprocess-logs/0418-jdk23_no-debug_InstanceRawLocal_jarde-InstanceRawLocal.stdout	da10013688a30b0cc61c5f8ad8649f79792d67b4ea0d861293afdaf595225214
subprocess-logs/0419-jdk23_no-debug_InstanceRawLocal_jarde-javac.stderr	4f875b75f0bac1d971d8fc3ab19a64d5d92273f61235f2bb734eed34ab07458f
subprocess-logs/0419-jdk23_no-debug_InstanceRawLocal_jarde-javac.stdout	e3b0c44298fc1c149afbf4c8996fb92427ae41e4649b934ca495991b7852b855
subprocess-logs/0420-jdk23_no-debug_InstanceRawLocal_jarde-verify-run.stderr	e3b0c44298fc1c149afbf4c8996fb92427ae41e4649b934ca495991b7852b855
subprocess-logs/0420-jdk23_no-debug_InstanceRawLocal_jarde-verify-run.stdout	c4a0fd4eb5e838df4c7116cc09d11740387e51309b8dd9c85cb1eac73adb9692
subprocess-logs/0421-jdk23_no-debug_InstanceRawLocal_jadx.stderr	e3b0c44298fc1c149afbf4c8996fb92427ae41e4649b934ca495991b7852b855
subprocess-logs/0421-jdk23_no-debug_InstanceRawLocal_jadx.stdout	a2af09116f73be9bcd8184cb39719c74c09edb8a0d956be3f2d30e56aae5a938
subprocess-logs/0422-jdk23_no-debug_InstanceRawLocal_jadx-javac.stderr	90a9b1aa3b2f742824b48e48e30758fc5c02ba88293aaace8b84010d65d0ebb4
subprocess-logs/0422-jdk23_no-debug_InstanceRawLocal_jadx-javac.stdout	e3b0c44298fc1c149afbf4c8996fb92427ae41e4649b934ca495991b7852b855
subprocess-logs/0423-jdk23_debug_TypedReceiver_jar-contents.stderr	e3b0c44298fc1c149afbf4c8996fb92427ae41e4649b934ca495991b7852b855
subprocess-logs/0423-jdk23_debug_TypedReceiver_jar-contents.stdout	de8b80e7eef68f017a319fe14e4ce5bcfa8e9eab45f9d818e61b1bf3001f42d7
subprocess-logs/0424-jdk23_debug_TypedReceiver_original-javac.stderr	4f875b75f0bac1d971d8fc3ab19a64d5d92273f61235f2bb734eed34ab07458f
subprocess-logs/0424-jdk23_debug_TypedReceiver_original-javac.stdout	e3b0c44298fc1c149afbf4c8996fb92427ae41e4649b934ca495991b7852b855
subprocess-logs/0425-jdk23_debug_TypedReceiver_javap.stderr	e3b0c44298fc1c149afbf4c8996fb92427ae41e4649b934ca495991b7852b855
subprocess-logs/0425-jdk23_debug_TypedReceiver_javap.stdout	644a2c56d254b7f5fa9ba80670e3d02a9669e01d27ed79af9f3eb1678495a307
subprocess-logs/0426-jdk23_debug_TypedReceiver_original-probe-javac.stderr	4f875b75f0bac1d971d8fc3ab19a64d5d92273f61235f2bb734eed34ab07458f
subprocess-logs/0426-jdk23_debug_TypedReceiver_original-probe-javac.stdout	e3b0c44298fc1c149afbf4c8996fb92427ae41e4649b934ca495991b7852b855
subprocess-logs/0427-jdk23_debug_TypedReceiver_original-run.stderr	e3b0c44298fc1c149afbf4c8996fb92427ae41e4649b934ca495991b7852b855
subprocess-logs/0427-jdk23_debug_TypedReceiver_original-run.stdout	7f08ef56194b137543c901f9bd3946d1ac0f4153f2cc202df75762d9c8052a16
subprocess-logs/0428-jdk23_debug_TypedReceiver_jarde-TypedReceiver.stderr	dfbe6aee7583184596dffc0392f404a7955a62bc8b488b53715b6c0faa389e84
subprocess-logs/0428-jdk23_debug_TypedReceiver_jarde-TypedReceiver.stdout	161785be22add146d3c6fd6f56636a636935030610ccacf7511a7d7982dd2e71
subprocess-logs/0429-jdk23_debug_TypedReceiver_jarde-javac.stderr	30096ed4c022a89cbf30d84c98914bb0ea4c9e93d916db7661609c40ff9acf38
subprocess-logs/0429-jdk23_debug_TypedReceiver_jarde-javac.stdout	e3b0c44298fc1c149afbf4c8996fb92427ae41e4649b934ca495991b7852b855
subprocess-logs/0430-jdk23_debug_TypedReceiver_jarde-verify-run.stderr	e3b0c44298fc1c149afbf4c8996fb92427ae41e4649b934ca495991b7852b855
subprocess-logs/0430-jdk23_debug_TypedReceiver_jarde-verify-run.stdout	d7134843994e4b3ba1d434e5bdfba85531e98e0ec94492801f5dbfa4a5b0ca18
subprocess-logs/0431-jdk23_debug_TypedReceiver_jadx.stderr	e3b0c44298fc1c149afbf4c8996fb92427ae41e4649b934ca495991b7852b855
subprocess-logs/0431-jdk23_debug_TypedReceiver_jadx.stdout	36ab7cc2d82d82a4da2abcc8bddf9fbdade48866b897af6113f27b8d4c16fe2b
subprocess-logs/0432-jdk23_debug_TypedReceiver_jadx-javac.stderr	4f875b75f0bac1d971d8fc3ab19a64d5d92273f61235f2bb734eed34ab07458f
subprocess-logs/0432-jdk23_debug_TypedReceiver_jadx-javac.stdout	e3b0c44298fc1c149afbf4c8996fb92427ae41e4649b934ca495991b7852b855
subprocess-logs/0433-jdk23_debug_TypedReceiver_jadx-verify-run.stderr	e3b0c44298fc1c149afbf4c8996fb92427ae41e4649b934ca495991b7852b855
subprocess-logs/0433-jdk23_debug_TypedReceiver_jadx-verify-run.stdout	1a07b6f4350dff1a6ca5a3e4ec3062096840ad9dbc1a6efbd816e82d4c9ccb31
subprocess-logs/0434-jdk23_no-debug_TypedReceiver_jar-contents.stderr	e3b0c44298fc1c149afbf4c8996fb92427ae41e4649b934ca495991b7852b855
subprocess-logs/0434-jdk23_no-debug_TypedReceiver_jar-contents.stdout	de8b80e7eef68f017a319fe14e4ce5bcfa8e9eab45f9d818e61b1bf3001f42d7
subprocess-logs/0435-jdk23_no-debug_TypedReceiver_original-javac.stderr	4f875b75f0bac1d971d8fc3ab19a64d5d92273f61235f2bb734eed34ab07458f
subprocess-logs/0435-jdk23_no-debug_TypedReceiver_original-javac.stdout	e3b0c44298fc1c149afbf4c8996fb92427ae41e4649b934ca495991b7852b855
subprocess-logs/0436-jdk23_no-debug_TypedReceiver_javap.stderr	e3b0c44298fc1c149afbf4c8996fb92427ae41e4649b934ca495991b7852b855
subprocess-logs/0436-jdk23_no-debug_TypedReceiver_javap.stdout	e3d115aedb5acf674231df3249b1cfc3da3ec4db2a135c59cff7fa9042f29958
subprocess-logs/0437-jdk23_no-debug_TypedReceiver_original-probe-javac.stderr	4f875b75f0bac1d971d8fc3ab19a64d5d92273f61235f2bb734eed34ab07458f
subprocess-logs/0437-jdk23_no-debug_TypedReceiver_original-probe-javac.stdout	e3b0c44298fc1c149afbf4c8996fb92427ae41e4649b934ca495991b7852b855
subprocess-logs/0438-jdk23_no-debug_TypedReceiver_original-run.stderr	e3b0c44298fc1c149afbf4c8996fb92427ae41e4649b934ca495991b7852b855
subprocess-logs/0438-jdk23_no-debug_TypedReceiver_original-run.stdout	7f08ef56194b137543c901f9bd3946d1ac0f4153f2cc202df75762d9c8052a16
subprocess-logs/0439-jdk23_no-debug_TypedReceiver_jarde-TypedReceiver.stderr	304022e8c5457405bea72c3d26344d6b2b1703568e6ed8b5499ef30ba3e0ac0a
subprocess-logs/0439-jdk23_no-debug_TypedReceiver_jarde-TypedReceiver.stdout	bc23f6d670ae4739cc5c483c23851a87180cb7706f8bb4daa8c17c88625efb56
subprocess-logs/0440-jdk23_no-debug_TypedReceiver_jarde-javac.stderr	a31065008dfd446c32b95b0aa06c22f8b769e0782b8af0d9768822c3592efbd6
subprocess-logs/0440-jdk23_no-debug_TypedReceiver_jarde-javac.stdout	e3b0c44298fc1c149afbf4c8996fb92427ae41e4649b934ca495991b7852b855
subprocess-logs/0441-jdk23_no-debug_TypedReceiver_jarde-verify-run.stderr	e3b0c44298fc1c149afbf4c8996fb92427ae41e4649b934ca495991b7852b855
subprocess-logs/0441-jdk23_no-debug_TypedReceiver_jarde-verify-run.stdout	d7134843994e4b3ba1d434e5bdfba85531e98e0ec94492801f5dbfa4a5b0ca18
subprocess-logs/0442-jdk23_no-debug_TypedReceiver_jadx.stderr	e3b0c44298fc1c149afbf4c8996fb92427ae41e4649b934ca495991b7852b855
subprocess-logs/0442-jdk23_no-debug_TypedReceiver_jadx.stdout	877d887c82dcf11b700a1271e240d76a08fde6c54f5ff048be9889a57859abd4
subprocess-logs/0443-jdk23_no-debug_TypedReceiver_jadx-javac.stderr	4f875b75f0bac1d971d8fc3ab19a64d5d92273f61235f2bb734eed34ab07458f
subprocess-logs/0443-jdk23_no-debug_TypedReceiver_jadx-javac.stdout	e3b0c44298fc1c149afbf4c8996fb92427ae41e4649b934ca495991b7852b855
subprocess-logs/0444-jdk23_no-debug_TypedReceiver_jadx-verify-run.stderr	e3b0c44298fc1c149afbf4c8996fb92427ae41e4649b934ca495991b7852b855
subprocess-logs/0444-jdk23_no-debug_TypedReceiver_jadx-verify-run.stdout	1a07b6f4350dff1a6ca5a3e4ec3062096840ad9dbc1a6efbd816e82d4c9ccb31
subprocess-logs/0445-jdk23_debug_ThisReceiver_jar-contents.stderr	e3b0c44298fc1c149afbf4c8996fb92427ae41e4649b934ca495991b7852b855
subprocess-logs/0445-jdk23_debug_ThisReceiver_jar-contents.stdout	1656887c3d8299160e12e3dd882357c23f33dc5f9d4f301e546a69530b435c72
subprocess-logs/0446-jdk23_debug_ThisReceiver_original-javac.stderr	4f875b75f0bac1d971d8fc3ab19a64d5d92273f61235f2bb734eed34ab07458f
subprocess-logs/0446-jdk23_debug_ThisReceiver_original-javac.stdout	e3b0c44298fc1c149afbf4c8996fb92427ae41e4649b934ca495991b7852b855
subprocess-logs/0447-jdk23_debug_ThisReceiver_javap.stderr	e3b0c44298fc1c149afbf4c8996fb92427ae41e4649b934ca495991b7852b855
subprocess-logs/0447-jdk23_debug_ThisReceiver_javap.stdout	343a15458cd6d05d7e7f5ffc955904a3cb22e08e6a218bac9f67c26aff810430
subprocess-logs/0448-jdk23_debug_ThisReceiver_original-probe-javac.stderr	4f875b75f0bac1d971d8fc3ab19a64d5d92273f61235f2bb734eed34ab07458f
subprocess-logs/0448-jdk23_debug_ThisReceiver_original-probe-javac.stdout	e3b0c44298fc1c149afbf4c8996fb92427ae41e4649b934ca495991b7852b855
subprocess-logs/0449-jdk23_debug_ThisReceiver_original-run.stderr	e3b0c44298fc1c149afbf4c8996fb92427ae41e4649b934ca495991b7852b855
subprocess-logs/0449-jdk23_debug_ThisReceiver_original-run.stdout	9916911dd761a7b0d550673bef203cb77fb4cb96733a8fb0a2184fb7d3ba65b8
subprocess-logs/0450-jdk23_debug_ThisReceiver_jarde-ThisReceiver.stderr	7ecce5fba8124a23402a7cdd1aa077c6b7ffc2e6abe94e39da4974558debf4a4
subprocess-logs/0450-jdk23_debug_ThisReceiver_jarde-ThisReceiver.stdout	a97d2cf3fb8ae606b390fe7a96386fb611ca686a76a5a25889978f7e8fc03c52
subprocess-logs/0451-jdk23_debug_ThisReceiver_jarde-javac.stderr	4f875b75f0bac1d971d8fc3ab19a64d5d92273f61235f2bb734eed34ab07458f
subprocess-logs/0451-jdk23_debug_ThisReceiver_jarde-javac.stdout	e3b0c44298fc1c149afbf4c8996fb92427ae41e4649b934ca495991b7852b855
subprocess-logs/0452-jdk23_debug_ThisReceiver_jarde-verify-run.stderr	e3b0c44298fc1c149afbf4c8996fb92427ae41e4649b934ca495991b7852b855
subprocess-logs/0452-jdk23_debug_ThisReceiver_jarde-verify-run.stdout	9916911dd761a7b0d550673bef203cb77fb4cb96733a8fb0a2184fb7d3ba65b8
subprocess-logs/0453-jdk23_debug_ThisReceiver_jadx.stderr	e3b0c44298fc1c149afbf4c8996fb92427ae41e4649b934ca495991b7852b855
subprocess-logs/0453-jdk23_debug_ThisReceiver_jadx.stdout	47ab139f1503e8dacb56f08e71f21b3b67a304547c56f3c7bfae4db065408fbc
subprocess-logs/0454-jdk23_debug_ThisReceiver_jadx-javac.stderr	4f875b75f0bac1d971d8fc3ab19a64d5d92273f61235f2bb734eed34ab07458f
subprocess-logs/0454-jdk23_debug_ThisReceiver_jadx-javac.stdout	e3b0c44298fc1c149afbf4c8996fb92427ae41e4649b934ca495991b7852b855
subprocess-logs/0455-jdk23_debug_ThisReceiver_jadx-verify-run.stderr	e3b0c44298fc1c149afbf4c8996fb92427ae41e4649b934ca495991b7852b855
subprocess-logs/0455-jdk23_debug_ThisReceiver_jadx-verify-run.stdout	f2c2ade79741f3c077a9767a2c86b6f9e8b3c91395a41c1c035e78ca2c19717e
subprocess-logs/0456-jdk23_no-debug_ThisReceiver_jar-contents.stderr	e3b0c44298fc1c149afbf4c8996fb92427ae41e4649b934ca495991b7852b855
subprocess-logs/0456-jdk23_no-debug_ThisReceiver_jar-contents.stdout	1656887c3d8299160e12e3dd882357c23f33dc5f9d4f301e546a69530b435c72
subprocess-logs/0457-jdk23_no-debug_ThisReceiver_original-javac.stderr	4f875b75f0bac1d971d8fc3ab19a64d5d92273f61235f2bb734eed34ab07458f
subprocess-logs/0457-jdk23_no-debug_ThisReceiver_original-javac.stdout	e3b0c44298fc1c149afbf4c8996fb92427ae41e4649b934ca495991b7852b855
subprocess-logs/0458-jdk23_no-debug_ThisReceiver_javap.stderr	e3b0c44298fc1c149afbf4c8996fb92427ae41e4649b934ca495991b7852b855
subprocess-logs/0458-jdk23_no-debug_ThisReceiver_javap.stdout	f8cb778404269f6dbb0e4ec7b2557386cfba4cb551527c4b21529354aa8df6c4
subprocess-logs/0459-jdk23_no-debug_ThisReceiver_original-probe-javac.stderr	4f875b75f0bac1d971d8fc3ab19a64d5d92273f61235f2bb734eed34ab07458f
subprocess-logs/0459-jdk23_no-debug_ThisReceiver_original-probe-javac.stdout	e3b0c44298fc1c149afbf4c8996fb92427ae41e4649b934ca495991b7852b855
subprocess-logs/0460-jdk23_no-debug_ThisReceiver_original-run.stderr	e3b0c44298fc1c149afbf4c8996fb92427ae41e4649b934ca495991b7852b855
subprocess-logs/0460-jdk23_no-debug_ThisReceiver_original-run.stdout	9916911dd761a7b0d550673bef203cb77fb4cb96733a8fb0a2184fb7d3ba65b8
subprocess-logs/0461-jdk23_no-debug_ThisReceiver_jarde-ThisReceiver.stderr	d543afd253b586d885c3c9b1fa42b34a7437e1623643df171e81476da8d2d624
subprocess-logs/0461-jdk23_no-debug_ThisReceiver_jarde-ThisReceiver.stdout	0c40a3e0e09b0e97ca13b527dcc647a9f01c29a3f73f31f6d7de68b4408b0d8f
subprocess-logs/0462-jdk23_no-debug_ThisReceiver_jarde-javac.stderr	4f875b75f0bac1d971d8fc3ab19a64d5d92273f61235f2bb734eed34ab07458f
subprocess-logs/0462-jdk23_no-debug_ThisReceiver_jarde-javac.stdout	e3b0c44298fc1c149afbf4c8996fb92427ae41e4649b934ca495991b7852b855
subprocess-logs/0463-jdk23_no-debug_ThisReceiver_jarde-verify-run.stderr	e3b0c44298fc1c149afbf4c8996fb92427ae41e4649b934ca495991b7852b855
subprocess-logs/0463-jdk23_no-debug_ThisReceiver_jarde-verify-run.stdout	9916911dd761a7b0d550673bef203cb77fb4cb96733a8fb0a2184fb7d3ba65b8
subprocess-logs/0464-jdk23_no-debug_ThisReceiver_jadx.stderr	e3b0c44298fc1c149afbf4c8996fb92427ae41e4649b934ca495991b7852b855
subprocess-logs/0464-jdk23_no-debug_ThisReceiver_jadx.stdout	5a47b6ae3df75c722c2555085a2e5f490a463cf78958dc62bdcaf568cac4c3e3
subprocess-logs/0465-jdk23_no-debug_ThisReceiver_jadx-javac.stderr	4f875b75f0bac1d971d8fc3ab19a64d5d92273f61235f2bb734eed34ab07458f
subprocess-logs/0465-jdk23_no-debug_ThisReceiver_jadx-javac.stdout	e3b0c44298fc1c149afbf4c8996fb92427ae41e4649b934ca495991b7852b855
subprocess-logs/0466-jdk23_no-debug_ThisReceiver_jadx-verify-run.stderr	e3b0c44298fc1c149afbf4c8996fb92427ae41e4649b934ca495991b7852b855
subprocess-logs/0466-jdk23_no-debug_ThisReceiver_jadx-verify-run.stdout	f2c2ade79741f3c077a9767a2c86b6f9e8b3c91395a41c1c035e78ca2c19717e
subprocess-logs/0467-jdk23_debug_ShadowMethodT_jar-contents.stderr	e3b0c44298fc1c149afbf4c8996fb92427ae41e4649b934ca495991b7852b855
subprocess-logs/0467-jdk23_debug_ShadowMethodT_jar-contents.stdout	0a014d28d43f161014ee6c5d0696b18e41bff4bb83b1ac87222e9f4a8516ab35
subprocess-logs/0468-jdk23_debug_ShadowMethodT_original-javac.stderr	4f875b75f0bac1d971d8fc3ab19a64d5d92273f61235f2bb734eed34ab07458f
subprocess-logs/0468-jdk23_debug_ShadowMethodT_original-javac.stdout	e3b0c44298fc1c149afbf4c8996fb92427ae41e4649b934ca495991b7852b855
subprocess-logs/0469-jdk23_debug_ShadowMethodT_javap.stderr	e3b0c44298fc1c149afbf4c8996fb92427ae41e4649b934ca495991b7852b855
subprocess-logs/0469-jdk23_debug_ShadowMethodT_javap.stdout	62ec7dca1ba288360e9cdb3dee7d6fa51bae38174902fd3bf4b25b89706bdbab
subprocess-logs/0470-jdk23_debug_ShadowMethodT_original-probe-javac.stderr	4f875b75f0bac1d971d8fc3ab19a64d5d92273f61235f2bb734eed34ab07458f
subprocess-logs/0470-jdk23_debug_ShadowMethodT_original-probe-javac.stdout	e3b0c44298fc1c149afbf4c8996fb92427ae41e4649b934ca495991b7852b855
subprocess-logs/0471-jdk23_debug_ShadowMethodT_original-run.stderr	e3b0c44298fc1c149afbf4c8996fb92427ae41e4649b934ca495991b7852b855
subprocess-logs/0471-jdk23_debug_ShadowMethodT_original-run.stdout	e491f2fc9b0efb07abdaf9da8848a50d38b4da3848f045e3268c35d95124df5a
subprocess-logs/0472-jdk23_debug_ShadowMethodT_jarde-ShadowMethodT.stderr	8cfa37e4daad0ffe4f5fdeaf0a1c2d921589d938a62cf5f5f19da43e84fca467
subprocess-logs/0472-jdk23_debug_ShadowMethodT_jarde-ShadowMethodT.stdout	4bd7e971db097e54afcb2dfe2a4ccc9029b04e3c9626bd76bd0ee0e0b5a316b4
subprocess-logs/0473-jdk23_debug_ShadowMethodT_jarde-javac.stderr	179f1b5f170573ddf92fb2714e151336e6b54526321c6b5cc14e95b310611f0a
subprocess-logs/0473-jdk23_debug_ShadowMethodT_jarde-javac.stdout	e3b0c44298fc1c149afbf4c8996fb92427ae41e4649b934ca495991b7852b855
subprocess-logs/0474-jdk23_debug_ShadowMethodT_jarde-verify-run.stderr	e3b0c44298fc1c149afbf4c8996fb92427ae41e4649b934ca495991b7852b855
subprocess-logs/0474-jdk23_debug_ShadowMethodT_jarde-verify-run.stdout	ceb1dd45add8519cb6e22a15e06a6eab6b515c2f59d517b64ede6b379fcd7b53
subprocess-logs/0475-jdk23_debug_ShadowMethodT_jadx.stderr	e3b0c44298fc1c149afbf4c8996fb92427ae41e4649b934ca495991b7852b855
subprocess-logs/0475-jdk23_debug_ShadowMethodT_jadx.stdout	6fb46defe15685768f357b81b874c7e7075820210fa7bf5ad1bcaff7e2309178
subprocess-logs/0476-jdk23_debug_ShadowMethodT_jadx-javac.stderr	4f875b75f0bac1d971d8fc3ab19a64d5d92273f61235f2bb734eed34ab07458f
subprocess-logs/0476-jdk23_debug_ShadowMethodT_jadx-javac.stdout	e3b0c44298fc1c149afbf4c8996fb92427ae41e4649b934ca495991b7852b855
subprocess-logs/0477-jdk23_debug_ShadowMethodT_jadx-verify-run.stderr	e3b0c44298fc1c149afbf4c8996fb92427ae41e4649b934ca495991b7852b855
subprocess-logs/0477-jdk23_debug_ShadowMethodT_jadx-verify-run.stdout	1c91e9e73e2b1038112652360b7e0dcd639e400df84523aac0d0102801a17264
subprocess-logs/0478-jdk23_no-debug_ShadowMethodT_jar-contents.stderr	e3b0c44298fc1c149afbf4c8996fb92427ae41e4649b934ca495991b7852b855
subprocess-logs/0478-jdk23_no-debug_ShadowMethodT_jar-contents.stdout	0a014d28d43f161014ee6c5d0696b18e41bff4bb83b1ac87222e9f4a8516ab35
subprocess-logs/0479-jdk23_no-debug_ShadowMethodT_original-javac.stderr	4f875b75f0bac1d971d8fc3ab19a64d5d92273f61235f2bb734eed34ab07458f
subprocess-logs/0479-jdk23_no-debug_ShadowMethodT_original-javac.stdout	e3b0c44298fc1c149afbf4c8996fb92427ae41e4649b934ca495991b7852b855
subprocess-logs/0480-jdk23_no-debug_ShadowMethodT_javap.stderr	e3b0c44298fc1c149afbf4c8996fb92427ae41e4649b934ca495991b7852b855
subprocess-logs/0480-jdk23_no-debug_ShadowMethodT_javap.stdout	21bdc1dc6eaae9e029c98be6702c2be862675bb102994fb0ffea284c0fa0e895
subprocess-logs/0481-jdk23_no-debug_ShadowMethodT_original-probe-javac.stderr	4f875b75f0bac1d971d8fc3ab19a64d5d92273f61235f2bb734eed34ab07458f
subprocess-logs/0481-jdk23_no-debug_ShadowMethodT_original-probe-javac.stdout	e3b0c44298fc1c149afbf4c8996fb92427ae41e4649b934ca495991b7852b855
subprocess-logs/0482-jdk23_no-debug_ShadowMethodT_original-run.stderr	e3b0c44298fc1c149afbf4c8996fb92427ae41e4649b934ca495991b7852b855
subprocess-logs/0482-jdk23_no-debug_ShadowMethodT_original-run.stdout	e491f2fc9b0efb07abdaf9da8848a50d38b4da3848f045e3268c35d95124df5a
subprocess-logs/0483-jdk23_no-debug_ShadowMethodT_jarde-ShadowMethodT.stderr	7e59a9b459c2cf1462204c71d65bbda51d07bdfa248995fc58d10520bce1cae7
subprocess-logs/0483-jdk23_no-debug_ShadowMethodT_jarde-ShadowMethodT.stdout	d40fba0fc2def10495115feecb8a0139d3b24cd1fb22da16660c49bde2ca9953
subprocess-logs/0484-jdk23_no-debug_ShadowMethodT_jarde-javac.stderr	750db25523f691a9d78622ddbb2089051de51cab15fb81a12d1bb59e951a6b09
subprocess-logs/0484-jdk23_no-debug_ShadowMethodT_jarde-javac.stdout	e3b0c44298fc1c149afbf4c8996fb92427ae41e4649b934ca495991b7852b855
subprocess-logs/0485-jdk23_no-debug_ShadowMethodT_jarde-verify-run.stderr	e3b0c44298fc1c149afbf4c8996fb92427ae41e4649b934ca495991b7852b855
subprocess-logs/0485-jdk23_no-debug_ShadowMethodT_jarde-verify-run.stdout	ceb1dd45add8519cb6e22a15e06a6eab6b515c2f59d517b64ede6b379fcd7b53
subprocess-logs/0486-jdk23_no-debug_ShadowMethodT_jadx.stderr	e3b0c44298fc1c149afbf4c8996fb92427ae41e4649b934ca495991b7852b855
subprocess-logs/0486-jdk23_no-debug_ShadowMethodT_jadx.stdout	7ab5b6d21a71a43cb66256db56adcd285490d89fea014220f7dc41b0d07046d8
subprocess-logs/0487-jdk23_no-debug_ShadowMethodT_jadx-javac.stderr	4f875b75f0bac1d971d8fc3ab19a64d5d92273f61235f2bb734eed34ab07458f
subprocess-logs/0487-jdk23_no-debug_ShadowMethodT_jadx-javac.stdout	e3b0c44298fc1c149afbf4c8996fb92427ae41e4649b934ca495991b7852b855
subprocess-logs/0488-jdk23_no-debug_ShadowMethodT_jadx-verify-run.stderr	e3b0c44298fc1c149afbf4c8996fb92427ae41e4649b934ca495991b7852b855
subprocess-logs/0488-jdk23_no-debug_ShadowMethodT_jadx-verify-run.stdout	1c91e9e73e2b1038112652360b7e0dcd639e400df84523aac0d0102801a17264
subprocess-logs/0489-jdk23_debug_DirectInstanceRawParam_jar-contents.stderr	e3b0c44298fc1c149afbf4c8996fb92427ae41e4649b934ca495991b7852b855
subprocess-logs/0489-jdk23_debug_DirectInstanceRawParam_jar-contents.stdout	fc15d4455024ee977b4d1922c14c180928c2138e1582c5adccbb1d8fe3953218
subprocess-logs/0490-jdk23_debug_DirectInstanceRawParam_original-javac.stderr	6d0055fa613fc7fc277efc859a67e566b8a0f51ab180da58f06fc254b12c2dc6
subprocess-logs/0490-jdk23_debug_DirectInstanceRawParam_original-javac.stdout	e3b0c44298fc1c149afbf4c8996fb92427ae41e4649b934ca495991b7852b855
subprocess-logs/0491-jdk23_debug_DirectInstanceRawParam_javap.stderr	e3b0c44298fc1c149afbf4c8996fb92427ae41e4649b934ca495991b7852b855
subprocess-logs/0491-jdk23_debug_DirectInstanceRawParam_javap.stdout	dae6436bf67ca48a6be069fb2a99259f629e616df93c99788d6e280e92c7e1a0
subprocess-logs/0492-jdk23_debug_DirectInstanceRawParam_original-probe-javac.stderr	4f875b75f0bac1d971d8fc3ab19a64d5d92273f61235f2bb734eed34ab07458f
subprocess-logs/0492-jdk23_debug_DirectInstanceRawParam_original-probe-javac.stdout	e3b0c44298fc1c149afbf4c8996fb92427ae41e4649b934ca495991b7852b855
subprocess-logs/0493-jdk23_debug_DirectInstanceRawParam_original-run.stderr	e3b0c44298fc1c149afbf4c8996fb92427ae41e4649b934ca495991b7852b855
subprocess-logs/0493-jdk23_debug_DirectInstanceRawParam_original-run.stdout	9358c79b8f63417a168963e9dc02e1e1359ee5bda8614638bec755f01d5683be
subprocess-logs/0494-jdk23_debug_DirectInstanceRawParam_jarde-DirectInstanceRawParam.stderr	6a19a66197a77cec1fce2012dc65b5fab31cceb548a4ce26ca4d4bc489b252a2
subprocess-logs/0494-jdk23_debug_DirectInstanceRawParam_jarde-DirectInstanceRawParam.stdout	66882766f2731a7d18b72428b8ad38d8f2bd8e0183b4bf42ab71e0a8bcb56671
subprocess-logs/0495-jdk23_debug_DirectInstanceRawParam_jarde-javac.stderr	e10dd88ef667d86e0f1c5db5076eaf7e5af01ce3bef50a74e893867ae48cd4d6
subprocess-logs/0495-jdk23_debug_DirectInstanceRawParam_jarde-javac.stdout	e3b0c44298fc1c149afbf4c8996fb92427ae41e4649b934ca495991b7852b855
subprocess-logs/0496-jdk23_debug_DirectInstanceRawParam_jarde-verify-run.stderr	e3b0c44298fc1c149afbf4c8996fb92427ae41e4649b934ca495991b7852b855
subprocess-logs/0496-jdk23_debug_DirectInstanceRawParam_jarde-verify-run.stdout	9358c79b8f63417a168963e9dc02e1e1359ee5bda8614638bec755f01d5683be
subprocess-logs/0497-jdk23_debug_DirectInstanceRawParam_jadx.stderr	e3b0c44298fc1c149afbf4c8996fb92427ae41e4649b934ca495991b7852b855
subprocess-logs/0497-jdk23_debug_DirectInstanceRawParam_jadx.stdout	b59ae12de1e133ae461f4e3313bece8bd0fa1d7b2598edd13ec1a49f8b3bc767
subprocess-logs/0498-jdk23_debug_DirectInstanceRawParam_jadx-javac.stderr	30288ec053849c159175d164db2b5dd71e0fab51aa1598d3df4606d7c3dea065
subprocess-logs/0498-jdk23_debug_DirectInstanceRawParam_jadx-javac.stdout	e3b0c44298fc1c149afbf4c8996fb92427ae41e4649b934ca495991b7852b855
subprocess-logs/0499-jdk23_debug_DirectInstanceRawParam_jadx-verify-run.stderr	e3b0c44298fc1c149afbf4c8996fb92427ae41e4649b934ca495991b7852b855
subprocess-logs/0499-jdk23_debug_DirectInstanceRawParam_jadx-verify-run.stdout	b3cda9506188b60dd9d215bc5efd1dafb315f344e7cea3910361ebe407f0cc9b
subprocess-logs/0500-jdk23_no-debug_DirectInstanceRawParam_jar-contents.stderr	e3b0c44298fc1c149afbf4c8996fb92427ae41e4649b934ca495991b7852b855
subprocess-logs/0500-jdk23_no-debug_DirectInstanceRawParam_jar-contents.stdout	fc15d4455024ee977b4d1922c14c180928c2138e1582c5adccbb1d8fe3953218
subprocess-logs/0501-jdk23_no-debug_DirectInstanceRawParam_original-javac.stderr	6d0055fa613fc7fc277efc859a67e566b8a0f51ab180da58f06fc254b12c2dc6
subprocess-logs/0501-jdk23_no-debug_DirectInstanceRawParam_original-javac.stdout	e3b0c44298fc1c149afbf4c8996fb92427ae41e4649b934ca495991b7852b855
subprocess-logs/0502-jdk23_no-debug_DirectInstanceRawParam_javap.stderr	e3b0c44298fc1c149afbf4c8996fb92427ae41e4649b934ca495991b7852b855
subprocess-logs/0502-jdk23_no-debug_DirectInstanceRawParam_javap.stdout	86b769b524ec33859cadd81aa8555413bab468a4f6c6fb443e23e3bcfd337a1b
subprocess-logs/0503-jdk23_no-debug_DirectInstanceRawParam_original-probe-javac.stderr	4f875b75f0bac1d971d8fc3ab19a64d5d92273f61235f2bb734eed34ab07458f
subprocess-logs/0503-jdk23_no-debug_DirectInstanceRawParam_original-probe-javac.stdout	e3b0c44298fc1c149afbf4c8996fb92427ae41e4649b934ca495991b7852b855
subprocess-logs/0504-jdk23_no-debug_DirectInstanceRawParam_original-run.stderr	e3b0c44298fc1c149afbf4c8996fb92427ae41e4649b934ca495991b7852b855
subprocess-logs/0504-jdk23_no-debug_DirectInstanceRawParam_original-run.stdout	9358c79b8f63417a168963e9dc02e1e1359ee5bda8614638bec755f01d5683be
subprocess-logs/0505-jdk23_no-debug_DirectInstanceRawParam_jarde-DirectInstanceRawParam.stderr	47ea18fa9408c1dabf71fa77f2b888aae764f837c85f6490be192916395f94c3
subprocess-logs/0505-jdk23_no-debug_DirectInstanceRawParam_jarde-DirectInstanceRawParam.stdout	4a94736315b6eae244e0c86bd52673d4184206d783c03a281542fea7858efed2
subprocess-logs/0506-jdk23_no-debug_DirectInstanceRawParam_jarde-javac.stderr	334ccb1654f2c149e64af0f4b4ed09b5b785cfff7ca9e9148050daec939d031b
subprocess-logs/0506-jdk23_no-debug_DirectInstanceRawParam_jarde-javac.stdout	e3b0c44298fc1c149afbf4c8996fb92427ae41e4649b934ca495991b7852b855
subprocess-logs/0507-jdk23_no-debug_DirectInstanceRawParam_jarde-verify-run.stderr	e3b0c44298fc1c149afbf4c8996fb92427ae41e4649b934ca495991b7852b855
subprocess-logs/0507-jdk23_no-debug_DirectInstanceRawParam_jarde-verify-run.stdout	9358c79b8f63417a168963e9dc02e1e1359ee5bda8614638bec755f01d5683be
subprocess-logs/0508-jdk23_no-debug_DirectInstanceRawParam_jadx.stderr	e3b0c44298fc1c149afbf4c8996fb92427ae41e4649b934ca495991b7852b855
subprocess-logs/0508-jdk23_no-debug_DirectInstanceRawParam_jadx.stdout	70840cbab489bbb456df253e1d8b39b21d48233503ab96200162899d9ad466f2
subprocess-logs/0509-jdk23_no-debug_DirectInstanceRawParam_jadx-javac.stderr	e6f6dc60282bb1bb8c0c5da4f9e0fa5c78f101360118921e4b32ad47fb05a9ff
subprocess-logs/0509-jdk23_no-debug_DirectInstanceRawParam_jadx-javac.stdout	e3b0c44298fc1c149afbf4c8996fb92427ae41e4649b934ca495991b7852b855
subprocess-logs/0510-jdk23_no-debug_DirectInstanceRawParam_jadx-verify-run.stderr	e3b0c44298fc1c149afbf4c8996fb92427ae41e4649b934ca495991b7852b855
subprocess-logs/0510-jdk23_no-debug_DirectInstanceRawParam_jadx-verify-run.stdout	b3cda9506188b60dd9d215bc5efd1dafb315f344e7cea3910361ebe407f0cc9b
subprocess-logs/0511-jdk23_debug_WideRawParam_jar-contents.stderr	e3b0c44298fc1c149afbf4c8996fb92427ae41e4649b934ca495991b7852b855
subprocess-logs/0511-jdk23_debug_WideRawParam_jar-contents.stdout	c7b383a50ec45946ad9d59c86fa09aeb20831c235da656e4fb4c89f12a7bd588
subprocess-logs/0512-jdk23_debug_WideRawParam_original-javac.stderr	5984210921671ac4f716987bfb7b3a0587e0070a86c3537c51330e2be75448de
subprocess-logs/0512-jdk23_debug_WideRawParam_original-javac.stdout	e3b0c44298fc1c149afbf4c8996fb92427ae41e4649b934ca495991b7852b855
subprocess-logs/0513-jdk23_debug_WideRawParam_javap.stderr	e3b0c44298fc1c149afbf4c8996fb92427ae41e4649b934ca495991b7852b855
subprocess-logs/0513-jdk23_debug_WideRawParam_javap.stdout	32e088383eb2592a9d7024fdad617672d9dd852f63dc5c9f6c519674a14fbf1a
subprocess-logs/0514-jdk23_debug_WideRawParam_original-probe-javac.stderr	4f875b75f0bac1d971d8fc3ab19a64d5d92273f61235f2bb734eed34ab07458f
subprocess-logs/0514-jdk23_debug_WideRawParam_original-probe-javac.stdout	e3b0c44298fc1c149afbf4c8996fb92427ae41e4649b934ca495991b7852b855
subprocess-logs/0515-jdk23_debug_WideRawParam_original-run.stderr	e3b0c44298fc1c149afbf4c8996fb92427ae41e4649b934ca495991b7852b855
subprocess-logs/0515-jdk23_debug_WideRawParam_original-run.stdout	9b6ad934d85edae64408a458838c3e4654befd592a41b43cedf7710c2e9b1512
subprocess-logs/0516-jdk23_debug_WideRawParam_jarde-WideRawParam.stderr	5252825e194c34aba7ce3806cc5cce0108b410383c9c373c25a71a77a8d0d792
subprocess-logs/0516-jdk23_debug_WideRawParam_jarde-WideRawParam.stdout	a8c2366e3a709f7941c00dff72d5921e0b3e9772cd7195d3caf1094bb0a95be9
subprocess-logs/0517-jdk23_debug_WideRawParam_jarde-javac.stderr	9560b52972180ab7832db545d4b0eec9c626d1bfba05574e6c8bf68cd4d96c98
subprocess-logs/0517-jdk23_debug_WideRawParam_jarde-javac.stdout	e3b0c44298fc1c149afbf4c8996fb92427ae41e4649b934ca495991b7852b855
subprocess-logs/0518-jdk23_debug_WideRawParam_jarde-verify-run.stderr	e3b0c44298fc1c149afbf4c8996fb92427ae41e4649b934ca495991b7852b855
subprocess-logs/0518-jdk23_debug_WideRawParam_jarde-verify-run.stdout	9b6ad934d85edae64408a458838c3e4654befd592a41b43cedf7710c2e9b1512
subprocess-logs/0519-jdk23_debug_WideRawParam_jadx.stderr	e3b0c44298fc1c149afbf4c8996fb92427ae41e4649b934ca495991b7852b855
subprocess-logs/0519-jdk23_debug_WideRawParam_jadx.stdout	3e6a33b039f1091d309ae7d9c7fe5d01afcba7ff6f35d158ad7e29beffd39754
subprocess-logs/0520-jdk23_debug_WideRawParam_jadx-javac.stderr	fe937aa88ef861e1346eee355ece96303779ee7e49298ba1e0c52111e9e44c27
subprocess-logs/0520-jdk23_debug_WideRawParam_jadx-javac.stdout	e3b0c44298fc1c149afbf4c8996fb92427ae41e4649b934ca495991b7852b855
subprocess-logs/0521-jdk23_debug_WideRawParam_jadx-verify-run.stderr	e3b0c44298fc1c149afbf4c8996fb92427ae41e4649b934ca495991b7852b855
subprocess-logs/0521-jdk23_debug_WideRawParam_jadx-verify-run.stdout	bb098a483d7226c3ef490fd7d5502cfaae0fa2dc00a248054971f81a95f5b14e
subprocess-logs/0522-jdk23_no-debug_WideRawParam_jar-contents.stderr	e3b0c44298fc1c149afbf4c8996fb92427ae41e4649b934ca495991b7852b855
subprocess-logs/0522-jdk23_no-debug_WideRawParam_jar-contents.stdout	c7b383a50ec45946ad9d59c86fa09aeb20831c235da656e4fb4c89f12a7bd588
subprocess-logs/0523-jdk23_no-debug_WideRawParam_original-javac.stderr	5984210921671ac4f716987bfb7b3a0587e0070a86c3537c51330e2be75448de
subprocess-logs/0523-jdk23_no-debug_WideRawParam_original-javac.stdout	e3b0c44298fc1c149afbf4c8996fb92427ae41e4649b934ca495991b7852b855
subprocess-logs/0524-jdk23_no-debug_WideRawParam_javap.stderr	e3b0c44298fc1c149afbf4c8996fb92427ae41e4649b934ca495991b7852b855
subprocess-logs/0524-jdk23_no-debug_WideRawParam_javap.stdout	8040f386f71de3028b172bcf3c865af0c91588114f3b077d990cb692bcaa77d8
subprocess-logs/0525-jdk23_no-debug_WideRawParam_original-probe-javac.stderr	4f875b75f0bac1d971d8fc3ab19a64d5d92273f61235f2bb734eed34ab07458f
subprocess-logs/0525-jdk23_no-debug_WideRawParam_original-probe-javac.stdout	e3b0c44298fc1c149afbf4c8996fb92427ae41e4649b934ca495991b7852b855
subprocess-logs/0526-jdk23_no-debug_WideRawParam_original-run.stderr	e3b0c44298fc1c149afbf4c8996fb92427ae41e4649b934ca495991b7852b855
subprocess-logs/0526-jdk23_no-debug_WideRawParam_original-run.stdout	9b6ad934d85edae64408a458838c3e4654befd592a41b43cedf7710c2e9b1512
subprocess-logs/0527-jdk23_no-debug_WideRawParam_jarde-WideRawParam.stderr	d2be74eaf61da6b3eb3d3ffd6f69687f63a7737b1979448c3db33fe42e30e3fa
subprocess-logs/0527-jdk23_no-debug_WideRawParam_jarde-WideRawParam.stdout	1fffb038dc24c28f794c348a356b25bf8f3cac2017e72733ba1b38208c722010
subprocess-logs/0528-jdk23_no-debug_WideRawParam_jarde-javac.stderr	44ff1ee25871b42bd4b235d96c9f7ddb8252170d0c53d42708b8717e19aa2ad1
subprocess-logs/0528-jdk23_no-debug_WideRawParam_jarde-javac.stdout	e3b0c44298fc1c149afbf4c8996fb92427ae41e4649b934ca495991b7852b855
subprocess-logs/0529-jdk23_no-debug_WideRawParam_jarde-verify-run.stderr	e3b0c44298fc1c149afbf4c8996fb92427ae41e4649b934ca495991b7852b855
subprocess-logs/0529-jdk23_no-debug_WideRawParam_jarde-verify-run.stdout	9b6ad934d85edae64408a458838c3e4654befd592a41b43cedf7710c2e9b1512
subprocess-logs/0530-jdk23_no-debug_WideRawParam_jadx.stderr	e3b0c44298fc1c149afbf4c8996fb92427ae41e4649b934ca495991b7852b855
subprocess-logs/0530-jdk23_no-debug_WideRawParam_jadx.stdout	e7f54da1e3a8ce2edb9bc2c242a9dbb4d9cceabf7dc415b607fd5f532f8932e6
subprocess-logs/0531-jdk23_no-debug_WideRawParam_jadx-javac.stderr	eb5c99ceedbe25b311457dcc873067812b06ca0114b6d971ed41af8eaeffb82e
subprocess-logs/0531-jdk23_no-debug_WideRawParam_jadx-javac.stdout	e3b0c44298fc1c149afbf4c8996fb92427ae41e4649b934ca495991b7852b855
subprocess-logs/0532-jdk23_no-debug_WideRawParam_jadx-verify-run.stderr	e3b0c44298fc1c149afbf4c8996fb92427ae41e4649b934ca495991b7852b855
subprocess-logs/0532-jdk23_no-debug_WideRawParam_jadx-verify-run.stdout	bb098a483d7226c3ef490fd7d5502cfaae0fa2dc00a248054971f81a95f5b14e
subprocess-logs/0533-jdk23_debug_ArrayRawParam_jar-contents.stderr	e3b0c44298fc1c149afbf4c8996fb92427ae41e4649b934ca495991b7852b855
subprocess-logs/0533-jdk23_debug_ArrayRawParam_jar-contents.stdout	3158ddd8210c312dd495e4f4bed9c58b47a294ca772f97d51d89a67d7715ebc7
subprocess-logs/0534-jdk23_debug_ArrayRawParam_original-javac.stderr	0a4c58e120bd162e228f1d4f2607e9b5b7ee84ff22f1c569ac3088c3b45c6e8f
subprocess-logs/0534-jdk23_debug_ArrayRawParam_original-javac.stdout	e3b0c44298fc1c149afbf4c8996fb92427ae41e4649b934ca495991b7852b855
subprocess-logs/0535-jdk23_debug_ArrayRawParam_javap.stderr	e3b0c44298fc1c149afbf4c8996fb92427ae41e4649b934ca495991b7852b855
subprocess-logs/0535-jdk23_debug_ArrayRawParam_javap.stdout	545cc0ed9cd4ee5a3dfd9cd36bc2ea9f99b43a4f296001fa1ba87c4e70461483
subprocess-logs/0536-jdk23_debug_ArrayRawParam_original-probe-javac.stderr	4f875b75f0bac1d971d8fc3ab19a64d5d92273f61235f2bb734eed34ab07458f
subprocess-logs/0536-jdk23_debug_ArrayRawParam_original-probe-javac.stdout	e3b0c44298fc1c149afbf4c8996fb92427ae41e4649b934ca495991b7852b855
subprocess-logs/0537-jdk23_debug_ArrayRawParam_original-run.stderr	e3b0c44298fc1c149afbf4c8996fb92427ae41e4649b934ca495991b7852b855
subprocess-logs/0537-jdk23_debug_ArrayRawParam_original-run.stdout	d51f3b7d45328701a337bb2285770bcd1cf8f2179c66734c318010571e65ac8b
subprocess-logs/0538-jdk23_debug_ArrayRawParam_jarde-ArrayRawParam.stderr	03e7c11475ee94d0373a503ecd87c3141d4b24f049e473bed105127b6a6a2852
subprocess-logs/0538-jdk23_debug_ArrayRawParam_jarde-ArrayRawParam.stdout	c8c72849f11741a77f70b21b0436745c69e7f2e9d60ae7c7724adfd147a8faab
subprocess-logs/0539-jdk23_debug_ArrayRawParam_jarde-javac.stderr	2f5cecc3d730f6912b3ad19d05740cb5a00a01d6e6fe5f97f7a5d87e77c84363
subprocess-logs/0539-jdk23_debug_ArrayRawParam_jarde-javac.stdout	e3b0c44298fc1c149afbf4c8996fb92427ae41e4649b934ca495991b7852b855
subprocess-logs/0540-jdk23_debug_ArrayRawParam_jarde-verify-run.stderr	e3b0c44298fc1c149afbf4c8996fb92427ae41e4649b934ca495991b7852b855
subprocess-logs/0540-jdk23_debug_ArrayRawParam_jarde-verify-run.stdout	d51f3b7d45328701a337bb2285770bcd1cf8f2179c66734c318010571e65ac8b
subprocess-logs/0541-jdk23_debug_ArrayRawParam_jadx.stderr	e3b0c44298fc1c149afbf4c8996fb92427ae41e4649b934ca495991b7852b855
subprocess-logs/0541-jdk23_debug_ArrayRawParam_jadx.stdout	36374ef7b3f3657a891f0bc5f9225c53229f9a247ed716c4e8343d851300f6e2
subprocess-logs/0542-jdk23_debug_ArrayRawParam_jadx-javac.stderr	c4fd733a4a4cf523b6e7a960692d42e36cf7b64fa1f1c106581ff1fe649382c3
subprocess-logs/0542-jdk23_debug_ArrayRawParam_jadx-javac.stdout	e3b0c44298fc1c149afbf4c8996fb92427ae41e4649b934ca495991b7852b855
subprocess-logs/0543-jdk23_debug_ArrayRawParam_jadx-verify-run.stderr	e3b0c44298fc1c149afbf4c8996fb92427ae41e4649b934ca495991b7852b855
subprocess-logs/0543-jdk23_debug_ArrayRawParam_jadx-verify-run.stdout	65890eea8fe7c3065fbc2f644c7253d5354fdffeba56efc1a47107d7914063b6
subprocess-logs/0544-jdk23_no-debug_ArrayRawParam_jar-contents.stderr	e3b0c44298fc1c149afbf4c8996fb92427ae41e4649b934ca495991b7852b855
subprocess-logs/0544-jdk23_no-debug_ArrayRawParam_jar-contents.stdout	3158ddd8210c312dd495e4f4bed9c58b47a294ca772f97d51d89a67d7715ebc7
subprocess-logs/0545-jdk23_no-debug_ArrayRawParam_original-javac.stderr	0a4c58e120bd162e228f1d4f2607e9b5b7ee84ff22f1c569ac3088c3b45c6e8f
subprocess-logs/0545-jdk23_no-debug_ArrayRawParam_original-javac.stdout	e3b0c44298fc1c149afbf4c8996fb92427ae41e4649b934ca495991b7852b855
subprocess-logs/0546-jdk23_no-debug_ArrayRawParam_javap.stderr	e3b0c44298fc1c149afbf4c8996fb92427ae41e4649b934ca495991b7852b855
subprocess-logs/0546-jdk23_no-debug_ArrayRawParam_javap.stdout	76131af95db7c4c709ae0a1ac1f17e1941539e37fef78db6fe7c544ea40a3f77
subprocess-logs/0547-jdk23_no-debug_ArrayRawParam_original-probe-javac.stderr	4f875b75f0bac1d971d8fc3ab19a64d5d92273f61235f2bb734eed34ab07458f
subprocess-logs/0547-jdk23_no-debug_ArrayRawParam_original-probe-javac.stdout	e3b0c44298fc1c149afbf4c8996fb92427ae41e4649b934ca495991b7852b855
subprocess-logs/0548-jdk23_no-debug_ArrayRawParam_original-run.stderr	e3b0c44298fc1c149afbf4c8996fb92427ae41e4649b934ca495991b7852b855
subprocess-logs/0548-jdk23_no-debug_ArrayRawParam_original-run.stdout	d51f3b7d45328701a337bb2285770bcd1cf8f2179c66734c318010571e65ac8b
subprocess-logs/0549-jdk23_no-debug_ArrayRawParam_jarde-ArrayRawParam.stderr	125202f892a6151582e6aa3231c78c73c18c36221c046e1f024a3322aacc0641
subprocess-logs/0549-jdk23_no-debug_ArrayRawParam_jarde-ArrayRawParam.stdout	6eca13086c3cca27c7ef5ed7c3ebc60b7bd9d8daada5cdd7d9c1eb80bf88c0bf
subprocess-logs/0550-jdk23_no-debug_ArrayRawParam_jarde-javac.stderr	cbf10108d945abba291668a15834bc1ac13abcbfc556d36726df9942f14d0c4f
subprocess-logs/0550-jdk23_no-debug_ArrayRawParam_jarde-javac.stdout	e3b0c44298fc1c149afbf4c8996fb92427ae41e4649b934ca495991b7852b855
subprocess-logs/0551-jdk23_no-debug_ArrayRawParam_jarde-verify-run.stderr	e3b0c44298fc1c149afbf4c8996fb92427ae41e4649b934ca495991b7852b855
subprocess-logs/0551-jdk23_no-debug_ArrayRawParam_jarde-verify-run.stdout	d51f3b7d45328701a337bb2285770bcd1cf8f2179c66734c318010571e65ac8b
subprocess-logs/0552-jdk23_no-debug_ArrayRawParam_jadx.stderr	e3b0c44298fc1c149afbf4c8996fb92427ae41e4649b934ca495991b7852b855
subprocess-logs/0552-jdk23_no-debug_ArrayRawParam_jadx.stdout	0644b36a1ab1c18974395a66c2e02a47bdfb5defd0f9c6527b517f588c18ef63
subprocess-logs/0553-jdk23_no-debug_ArrayRawParam_jadx-javac.stderr	1c29255f4b9e3619bd8460867c62a29ef8203fc9abc0599aae8494e7a232eeb5
subprocess-logs/0553-jdk23_no-debug_ArrayRawParam_jadx-javac.stdout	e3b0c44298fc1c149afbf4c8996fb92427ae41e4649b934ca495991b7852b855
subprocess-logs/0554-jdk23_no-debug_ArrayRawParam_jadx-verify-run.stderr	e3b0c44298fc1c149afbf4c8996fb92427ae41e4649b934ca495991b7852b855
subprocess-logs/0554-jdk23_no-debug_ArrayRawParam_jadx-verify-run.stdout	65890eea8fe7c3065fbc2f644c7253d5354fdffeba56efc1a47107d7914063b6
subprocess-logs/0555-jdk23_debug_Array2DRawParam_jar-contents.stderr	e3b0c44298fc1c149afbf4c8996fb92427ae41e4649b934ca495991b7852b855
subprocess-logs/0555-jdk23_debug_Array2DRawParam_jar-contents.stdout	86b3231e464de56fb31cc21b9c23fd1d14d9545fe2f4454953b325583d420684
subprocess-logs/0556-jdk23_debug_Array2DRawParam_original-javac.stderr	f704b58cfd8f85c8131e8711005a0133d70940c91518cb202bb3b8cee38f43ea
subprocess-logs/0556-jdk23_debug_Array2DRawParam_original-javac.stdout	e3b0c44298fc1c149afbf4c8996fb92427ae41e4649b934ca495991b7852b855
subprocess-logs/0557-jdk23_debug_Array2DRawParam_javap.stderr	e3b0c44298fc1c149afbf4c8996fb92427ae41e4649b934ca495991b7852b855
subprocess-logs/0557-jdk23_debug_Array2DRawParam_javap.stdout	d3e7d59ed9de6427484423766e890742100e50539680c5500ba76a78e978aee4
subprocess-logs/0558-jdk23_debug_Array2DRawParam_original-probe-javac.stderr	4f875b75f0bac1d971d8fc3ab19a64d5d92273f61235f2bb734eed34ab07458f
subprocess-logs/0558-jdk23_debug_Array2DRawParam_original-probe-javac.stdout	e3b0c44298fc1c149afbf4c8996fb92427ae41e4649b934ca495991b7852b855
subprocess-logs/0559-jdk23_debug_Array2DRawParam_original-run.stderr	e3b0c44298fc1c149afbf4c8996fb92427ae41e4649b934ca495991b7852b855
subprocess-logs/0559-jdk23_debug_Array2DRawParam_original-run.stdout	f48a2d307b1f6c7abb8d91e7a8ed8a5ccc87d07c1114588c08ddfb0808240329
subprocess-logs/0560-jdk23_debug_Array2DRawParam_jarde-Array2DRawParam.stderr	b6c457ac00a05c4e62549a3d6336cc514f1d720ed72b9b59081a07de3cfd5ab0
subprocess-logs/0560-jdk23_debug_Array2DRawParam_jarde-Array2DRawParam.stdout	d4ba813f6f198eed97a53a5c193bca2f69698ce49b7a93aa69e279e7c27acb62
subprocess-logs/0561-jdk23_debug_Array2DRawParam_jarde-javac.stderr	fc2f4c14d27e926885b748a376a855084d2c071e5138be3385bad2003a273698
subprocess-logs/0561-jdk23_debug_Array2DRawParam_jarde-javac.stdout	e3b0c44298fc1c149afbf4c8996fb92427ae41e4649b934ca495991b7852b855
subprocess-logs/0562-jdk23_debug_Array2DRawParam_jarde-verify-run.stderr	e3b0c44298fc1c149afbf4c8996fb92427ae41e4649b934ca495991b7852b855
subprocess-logs/0562-jdk23_debug_Array2DRawParam_jarde-verify-run.stdout	f48a2d307b1f6c7abb8d91e7a8ed8a5ccc87d07c1114588c08ddfb0808240329
subprocess-logs/0563-jdk23_debug_Array2DRawParam_jadx.stderr	e3b0c44298fc1c149afbf4c8996fb92427ae41e4649b934ca495991b7852b855
subprocess-logs/0563-jdk23_debug_Array2DRawParam_jadx.stdout	a0d0d2e28b91648f35e3bc98c7b53163581f2d014ff85987c56d447850cd1e54
subprocess-logs/0564-jdk23_debug_Array2DRawParam_jadx-javac.stderr	f97bb6774d33ba5e1bcb196d99f48ed8fea4ea4ff0a2e57b8d8c7543fe63c20c
subprocess-logs/0564-jdk23_debug_Array2DRawParam_jadx-javac.stdout	e3b0c44298fc1c149afbf4c8996fb92427ae41e4649b934ca495991b7852b855
subprocess-logs/0565-jdk23_debug_Array2DRawParam_jadx-verify-run.stderr	e3b0c44298fc1c149afbf4c8996fb92427ae41e4649b934ca495991b7852b855
subprocess-logs/0565-jdk23_debug_Array2DRawParam_jadx-verify-run.stdout	8a25af8b8504893fffac8c1872e3c93e85925b6aa0b3d9ff5f62750cee2ba267
subprocess-logs/0566-jdk23_no-debug_Array2DRawParam_jar-contents.stderr	e3b0c44298fc1c149afbf4c8996fb92427ae41e4649b934ca495991b7852b855
subprocess-logs/0566-jdk23_no-debug_Array2DRawParam_jar-contents.stdout	86b3231e464de56fb31cc21b9c23fd1d14d9545fe2f4454953b325583d420684
subprocess-logs/0567-jdk23_no-debug_Array2DRawParam_original-javac.stderr	f704b58cfd8f85c8131e8711005a0133d70940c91518cb202bb3b8cee38f43ea
subprocess-logs/0567-jdk23_no-debug_Array2DRawParam_original-javac.stdout	e3b0c44298fc1c149afbf4c8996fb92427ae41e4649b934ca495991b7852b855
subprocess-logs/0568-jdk23_no-debug_Array2DRawParam_javap.stderr	e3b0c44298fc1c149afbf4c8996fb92427ae41e4649b934ca495991b7852b855
subprocess-logs/0568-jdk23_no-debug_Array2DRawParam_javap.stdout	de0dd64fa34b565d95e66c3dd20304a0c61908e78e94815258d484d805894dee
subprocess-logs/0569-jdk23_no-debug_Array2DRawParam_original-probe-javac.stderr	4f875b75f0bac1d971d8fc3ab19a64d5d92273f61235f2bb734eed34ab07458f
subprocess-logs/0569-jdk23_no-debug_Array2DRawParam_original-probe-javac.stdout	e3b0c44298fc1c149afbf4c8996fb92427ae41e4649b934ca495991b7852b855
subprocess-logs/0570-jdk23_no-debug_Array2DRawParam_original-run.stderr	e3b0c44298fc1c149afbf4c8996fb92427ae41e4649b934ca495991b7852b855
subprocess-logs/0570-jdk23_no-debug_Array2DRawParam_original-run.stdout	f48a2d307b1f6c7abb8d91e7a8ed8a5ccc87d07c1114588c08ddfb0808240329
subprocess-logs/0571-jdk23_no-debug_Array2DRawParam_jarde-Array2DRawParam.stderr	6eb14d10d45d5b12f9d2e7187fe9d54dd9e1fde43372b0a26c78ab5348464f86
subprocess-logs/0571-jdk23_no-debug_Array2DRawParam_jarde-Array2DRawParam.stdout	84b51bbf39ee444117977442cc40e3d8c27a72fb65b6164c7b2fbdfcc4eae13c
subprocess-logs/0572-jdk23_no-debug_Array2DRawParam_jarde-javac.stderr	251a33f2c5de45e0c71fb8b2b81cada50bdac28571205a037c9c0a6e7487427f
subprocess-logs/0572-jdk23_no-debug_Array2DRawParam_jarde-javac.stdout	e3b0c44298fc1c149afbf4c8996fb92427ae41e4649b934ca495991b7852b855
subprocess-logs/0573-jdk23_no-debug_Array2DRawParam_jarde-verify-run.stderr	e3b0c44298fc1c149afbf4c8996fb92427ae41e4649b934ca495991b7852b855
subprocess-logs/0573-jdk23_no-debug_Array2DRawParam_jarde-verify-run.stdout	f48a2d307b1f6c7abb8d91e7a8ed8a5ccc87d07c1114588c08ddfb0808240329
subprocess-logs/0574-jdk23_no-debug_Array2DRawParam_jadx.stderr	e3b0c44298fc1c149afbf4c8996fb92427ae41e4649b934ca495991b7852b855
subprocess-logs/0574-jdk23_no-debug_Array2DRawParam_jadx.stdout	4d07e9d185ce1a282591695e704e25e9242034b90506192beaa2fa929360958b
subprocess-logs/0575-jdk23_no-debug_Array2DRawParam_jadx-javac.stderr	49527f635f69016d65967480dea92fb5452bea3e35e4c6d15ba826e78ceb4da3
subprocess-logs/0575-jdk23_no-debug_Array2DRawParam_jadx-javac.stdout	e3b0c44298fc1c149afbf4c8996fb92427ae41e4649b934ca495991b7852b855
subprocess-logs/0576-jdk23_no-debug_Array2DRawParam_jadx-verify-run.stderr	e3b0c44298fc1c149afbf4c8996fb92427ae41e4649b934ca495991b7852b855
subprocess-logs/0576-jdk23_no-debug_Array2DRawParam_jadx-verify-run.stdout	8a25af8b8504893fffac8c1872e3c93e85925b6aa0b3d9ff5f62750cee2ba267
subprocess-logs/0577-jdk23_debug_PrimitiveArrayRawParam_jar-contents.stderr	e3b0c44298fc1c149afbf4c8996fb92427ae41e4649b934ca495991b7852b855
subprocess-logs/0577-jdk23_debug_PrimitiveArrayRawParam_jar-contents.stdout	91705ed612b1ad8f23b13ed6271590bfefda591510c739ce0052bb665848cb44
subprocess-logs/0578-jdk23_debug_PrimitiveArrayRawParam_original-javac.stderr	a12896d59d82efa0f427004e9962d3c51b7d1f01cc0115170859fd5011ab8ea4
subprocess-logs/0578-jdk23_debug_PrimitiveArrayRawParam_original-javac.stdout	e3b0c44298fc1c149afbf4c8996fb92427ae41e4649b934ca495991b7852b855
subprocess-logs/0579-jdk23_debug_PrimitiveArrayRawParam_javap.stderr	e3b0c44298fc1c149afbf4c8996fb92427ae41e4649b934ca495991b7852b855
subprocess-logs/0579-jdk23_debug_PrimitiveArrayRawParam_javap.stdout	0c5e9afe111852818d0ec9547e756192d3bc649e63e7c30af4a83cd8c15c5a88
subprocess-logs/0580-jdk23_debug_PrimitiveArrayRawParam_original-probe-javac.stderr	4f875b75f0bac1d971d8fc3ab19a64d5d92273f61235f2bb734eed34ab07458f
subprocess-logs/0580-jdk23_debug_PrimitiveArrayRawParam_original-probe-javac.stdout	e3b0c44298fc1c149afbf4c8996fb92427ae41e4649b934ca495991b7852b855
subprocess-logs/0581-jdk23_debug_PrimitiveArrayRawParam_original-run.stderr	e3b0c44298fc1c149afbf4c8996fb92427ae41e4649b934ca495991b7852b855
subprocess-logs/0581-jdk23_debug_PrimitiveArrayRawParam_original-run.stdout	e156798549dd3ab3c3eced5fadfdced0789f4ee0e3f65410c291f2c46434dfba
subprocess-logs/0582-jdk23_debug_PrimitiveArrayRawParam_jarde-PrimitiveArrayRawParam.stderr	15ad7ebabd550c755777671df7a2428f64ce825dd107327074fa7144babcce27
subprocess-logs/0582-jdk23_debug_PrimitiveArrayRawParam_jarde-PrimitiveArrayRawParam.stdout	ca19f53923fbfb66917c75ea83f0d5053343cf8c6aa62b562778ef54d5028a26
subprocess-logs/0583-jdk23_debug_PrimitiveArrayRawParam_jarde-javac.stderr	0d4fb44084ca03f07577eec27cf5c49653ded2da47c99a6c1823aee52652ee13
subprocess-logs/0583-jdk23_debug_PrimitiveArrayRawParam_jarde-javac.stdout	e3b0c44298fc1c149afbf4c8996fb92427ae41e4649b934ca495991b7852b855
subprocess-logs/0584-jdk23_debug_PrimitiveArrayRawParam_jarde-verify-run.stderr	e3b0c44298fc1c149afbf4c8996fb92427ae41e4649b934ca495991b7852b855
subprocess-logs/0584-jdk23_debug_PrimitiveArrayRawParam_jarde-verify-run.stdout	e156798549dd3ab3c3eced5fadfdced0789f4ee0e3f65410c291f2c46434dfba
subprocess-logs/0585-jdk23_debug_PrimitiveArrayRawParam_jadx.stderr	e3b0c44298fc1c149afbf4c8996fb92427ae41e4649b934ca495991b7852b855
subprocess-logs/0585-jdk23_debug_PrimitiveArrayRawParam_jadx.stdout	f88c7bf876009b9e100c12563a4acff00186b55effbf670312636ad94cd44570
subprocess-logs/0586-jdk23_debug_PrimitiveArrayRawParam_jadx-javac.stderr	70db7bf5f3a31e70a29454177dbd2ebe6aa3af781a25cba3e5212bf4bf3a8207
subprocess-logs/0586-jdk23_debug_PrimitiveArrayRawParam_jadx-javac.stdout	e3b0c44298fc1c149afbf4c8996fb92427ae41e4649b934ca495991b7852b855
subprocess-logs/0587-jdk23_debug_PrimitiveArrayRawParam_jadx-verify-run.stderr	e3b0c44298fc1c149afbf4c8996fb92427ae41e4649b934ca495991b7852b855
subprocess-logs/0587-jdk23_debug_PrimitiveArrayRawParam_jadx-verify-run.stdout	8dbde5389e6da69a121d5ad297157ee52bcb682d49d75d8a4bc7844fd4d1d1e8
subprocess-logs/0588-jdk23_no-debug_PrimitiveArrayRawParam_jar-contents.stderr	e3b0c44298fc1c149afbf4c8996fb92427ae41e4649b934ca495991b7852b855
subprocess-logs/0588-jdk23_no-debug_PrimitiveArrayRawParam_jar-contents.stdout	91705ed612b1ad8f23b13ed6271590bfefda591510c739ce0052bb665848cb44
subprocess-logs/0589-jdk23_no-debug_PrimitiveArrayRawParam_original-javac.stderr	a12896d59d82efa0f427004e9962d3c51b7d1f01cc0115170859fd5011ab8ea4
subprocess-logs/0589-jdk23_no-debug_PrimitiveArrayRawParam_original-javac.stdout	e3b0c44298fc1c149afbf4c8996fb92427ae41e4649b934ca495991b7852b855
subprocess-logs/0590-jdk23_no-debug_PrimitiveArrayRawParam_javap.stderr	e3b0c44298fc1c149afbf4c8996fb92427ae41e4649b934ca495991b7852b855
subprocess-logs/0590-jdk23_no-debug_PrimitiveArrayRawParam_javap.stdout	46921aa1b278c7e676eeb72ee249cc5b9b5c6ce85a313d320faa4514e476c6ae
subprocess-logs/0591-jdk23_no-debug_PrimitiveArrayRawParam_original-probe-javac.stderr	4f875b75f0bac1d971d8fc3ab19a64d5d92273f61235f2bb734eed34ab07458f
subprocess-logs/0591-jdk23_no-debug_PrimitiveArrayRawParam_original-probe-javac.stdout	e3b0c44298fc1c149afbf4c8996fb92427ae41e4649b934ca495991b7852b855
subprocess-logs/0592-jdk23_no-debug_PrimitiveArrayRawParam_original-run.stderr	e3b0c44298fc1c149afbf4c8996fb92427ae41e4649b934ca495991b7852b855
subprocess-logs/0592-jdk23_no-debug_PrimitiveArrayRawParam_original-run.stdout	e156798549dd3ab3c3eced5fadfdced0789f4ee0e3f65410c291f2c46434dfba
subprocess-logs/0593-jdk23_no-debug_PrimitiveArrayRawParam_jarde-PrimitiveArrayRawParam.stderr	a223cdc34745c092deddaf010faa04a3f274b45a32f78b51b294c85cfdc884b4
subprocess-logs/0593-jdk23_no-debug_PrimitiveArrayRawParam_jarde-PrimitiveArrayRawParam.stdout	90298d00e9daee2bf9bea1ca50260dee0b170c49e8bc25e85ffbce8789fa2c77
subprocess-logs/0594-jdk23_no-debug_PrimitiveArrayRawParam_jarde-javac.stderr	463ebb5cf354258529fcfc67eec0f7d53c78390bbb2d0b7d0e6a984ae81dd6d0
subprocess-logs/0594-jdk23_no-debug_PrimitiveArrayRawParam_jarde-javac.stdout	e3b0c44298fc1c149afbf4c8996fb92427ae41e4649b934ca495991b7852b855
subprocess-logs/0595-jdk23_no-debug_PrimitiveArrayRawParam_jarde-verify-run.stderr	e3b0c44298fc1c149afbf4c8996fb92427ae41e4649b934ca495991b7852b855
subprocess-logs/0595-jdk23_no-debug_PrimitiveArrayRawParam_jarde-verify-run.stdout	e156798549dd3ab3c3eced5fadfdced0789f4ee0e3f65410c291f2c46434dfba
subprocess-logs/0596-jdk23_no-debug_PrimitiveArrayRawParam_jadx.stderr	e3b0c44298fc1c149afbf4c8996fb92427ae41e4649b934ca495991b7852b855
subprocess-logs/0596-jdk23_no-debug_PrimitiveArrayRawParam_jadx.stdout	95a5eccafeedf079fc1418db762de72c5fe8186a3a86ea315547367159719ace
subprocess-logs/0597-jdk23_no-debug_PrimitiveArrayRawParam_jadx-javac.stderr	ad4051847ebd7a459d848aa4be7068ba579a9d4c3bb79ce96a566841f2c30598
subprocess-logs/0597-jdk23_no-debug_PrimitiveArrayRawParam_jadx-javac.stdout	e3b0c44298fc1c149afbf4c8996fb92427ae41e4649b934ca495991b7852b855
subprocess-logs/0598-jdk23_no-debug_PrimitiveArrayRawParam_jadx-verify-run.stderr	e3b0c44298fc1c149afbf4c8996fb92427ae41e4649b934ca495991b7852b855
subprocess-logs/0598-jdk23_no-debug_PrimitiveArrayRawParam_jadx-verify-run.stdout	8dbde5389e6da69a121d5ad297157ee52bcb682d49d75d8a4bc7844fd4d1d1e8
subprocess-logs/0599-jdk23_debug_BoundRawParam_jar-contents.stderr	e3b0c44298fc1c149afbf4c8996fb92427ae41e4649b934ca495991b7852b855
subprocess-logs/0599-jdk23_debug_BoundRawParam_jar-contents.stdout	075878ec5b85246aaaf568037703e8c8504af213c36e979109d2de5461da85a9
subprocess-logs/0600-jdk23_debug_BoundRawParam_original-javac.stderr	db505fdd45bd9b9efa124f9b88456aa2b6bde26402e63e4f8a6d13f0854698e2
subprocess-logs/0600-jdk23_debug_BoundRawParam_original-javac.stdout	e3b0c44298fc1c149afbf4c8996fb92427ae41e4649b934ca495991b7852b855
subprocess-logs/0601-jdk23_debug_BoundRawParam_javap.stderr	e3b0c44298fc1c149afbf4c8996fb92427ae41e4649b934ca495991b7852b855
subprocess-logs/0601-jdk23_debug_BoundRawParam_javap.stdout	a9cc48530178948b0ef2522222ee87f6fa4b18a9562c438d23c2d4df0f163cec
subprocess-logs/0602-jdk23_debug_BoundRawParam_original-probe-javac.stderr	4f875b75f0bac1d971d8fc3ab19a64d5d92273f61235f2bb734eed34ab07458f
subprocess-logs/0602-jdk23_debug_BoundRawParam_original-probe-javac.stdout	e3b0c44298fc1c149afbf4c8996fb92427ae41e4649b934ca495991b7852b855
subprocess-logs/0603-jdk23_debug_BoundRawParam_original-run.stderr	e3b0c44298fc1c149afbf4c8996fb92427ae41e4649b934ca495991b7852b855
subprocess-logs/0603-jdk23_debug_BoundRawParam_original-run.stdout	0c5cb2a465e5db671d09e57d82dc7d2279cee6ef898da3154a4cac90f5c80de8
subprocess-logs/0604-jdk23_debug_BoundRawParam_jarde-BoundRawParam.stderr	68afcfc1140db2b61ec7963012a1addd28c6a0654beea9421f0ca20eacdaacda
subprocess-logs/0604-jdk23_debug_BoundRawParam_jarde-BoundRawParam.stdout	6780b9df7fd79af1b6d8e0acb289d0257a77eaa548101c8cfe3fdc3911d66eac
subprocess-logs/0605-jdk23_debug_BoundRawParam_jarde-javac.stderr	db7636bad0b8cd03bf4704c7cc2785d1bca6a132ec7501a602d9cab6599f12d2
subprocess-logs/0605-jdk23_debug_BoundRawParam_jarde-javac.stdout	e3b0c44298fc1c149afbf4c8996fb92427ae41e4649b934ca495991b7852b855
subprocess-logs/0606-jdk23_debug_BoundRawParam_jarde-verify-run.stderr	e3b0c44298fc1c149afbf4c8996fb92427ae41e4649b934ca495991b7852b855
subprocess-logs/0606-jdk23_debug_BoundRawParam_jarde-verify-run.stdout	0c5cb2a465e5db671d09e57d82dc7d2279cee6ef898da3154a4cac90f5c80de8
subprocess-logs/0607-jdk23_debug_BoundRawParam_jadx.stderr	e3b0c44298fc1c149afbf4c8996fb92427ae41e4649b934ca495991b7852b855
subprocess-logs/0607-jdk23_debug_BoundRawParam_jadx.stdout	dc33d4a8ff9d453a07a69f8565767c3e409b9a5cab319fdc647dfd2fe384a596
subprocess-logs/0608-jdk23_debug_BoundRawParam_jadx-javac.stderr	6f811bf013404b483b825ba8509870faa80dce74db1d6c49a2fd15dc4f993a68
subprocess-logs/0608-jdk23_debug_BoundRawParam_jadx-javac.stdout	e3b0c44298fc1c149afbf4c8996fb92427ae41e4649b934ca495991b7852b855
subprocess-logs/0609-jdk23_debug_BoundRawParam_jadx-verify-run.stderr	e3b0c44298fc1c149afbf4c8996fb92427ae41e4649b934ca495991b7852b855
subprocess-logs/0609-jdk23_debug_BoundRawParam_jadx-verify-run.stdout	bdeb71e6ccb9da375831745c55c6fa5137fd29b7007948eecaea74516d6991ca
subprocess-logs/0610-jdk23_no-debug_BoundRawParam_jar-contents.stderr	e3b0c44298fc1c149afbf4c8996fb92427ae41e4649b934ca495991b7852b855
subprocess-logs/0610-jdk23_no-debug_BoundRawParam_jar-contents.stdout	075878ec5b85246aaaf568037703e8c8504af213c36e979109d2de5461da85a9
subprocess-logs/0611-jdk23_no-debug_BoundRawParam_original-javac.stderr	db505fdd45bd9b9efa124f9b88456aa2b6bde26402e63e4f8a6d13f0854698e2
subprocess-logs/0611-jdk23_no-debug_BoundRawParam_original-javac.stdout	e3b0c44298fc1c149afbf4c8996fb92427ae41e4649b934ca495991b7852b855
subprocess-logs/0612-jdk23_no-debug_BoundRawParam_javap.stderr	e3b0c44298fc1c149afbf4c8996fb92427ae41e4649b934ca495991b7852b855
subprocess-logs/0612-jdk23_no-debug_BoundRawParam_javap.stdout	a5cc3eb82c80f8280fbc27eb671f298f44ad55c18b51ebd9fb1b1dfee515319e
subprocess-logs/0613-jdk23_no-debug_BoundRawParam_original-probe-javac.stderr	4f875b75f0bac1d971d8fc3ab19a64d5d92273f61235f2bb734eed34ab07458f
subprocess-logs/0613-jdk23_no-debug_BoundRawParam_original-probe-javac.stdout	e3b0c44298fc1c149afbf4c8996fb92427ae41e4649b934ca495991b7852b855
subprocess-logs/0614-jdk23_no-debug_BoundRawParam_original-run.stderr	e3b0c44298fc1c149afbf4c8996fb92427ae41e4649b934ca495991b7852b855
subprocess-logs/0614-jdk23_no-debug_BoundRawParam_original-run.stdout	0c5cb2a465e5db671d09e57d82dc7d2279cee6ef898da3154a4cac90f5c80de8
subprocess-logs/0615-jdk23_no-debug_BoundRawParam_jarde-BoundRawParam.stderr	fc828cb3291ffbe352b2646a87b4867a7f00e8ae7b0f64b1535195a41f98e6e8
subprocess-logs/0615-jdk23_no-debug_BoundRawParam_jarde-BoundRawParam.stdout	81ee814aa442d16bedb0f72f370830c16ee2069d4e84754453ae15445e258294
subprocess-logs/0616-jdk23_no-debug_BoundRawParam_jarde-javac.stderr	e83033e111f4f8b50bd4e82bd03e10e12f06a3a17b2b9f2b7459aa371c3464b4
subprocess-logs/0616-jdk23_no-debug_BoundRawParam_jarde-javac.stdout	e3b0c44298fc1c149afbf4c8996fb92427ae41e4649b934ca495991b7852b855
subprocess-logs/0617-jdk23_no-debug_BoundRawParam_jarde-verify-run.stderr	e3b0c44298fc1c149afbf4c8996fb92427ae41e4649b934ca495991b7852b855
subprocess-logs/0617-jdk23_no-debug_BoundRawParam_jarde-verify-run.stdout	0c5cb2a465e5db671d09e57d82dc7d2279cee6ef898da3154a4cac90f5c80de8
subprocess-logs/0618-jdk23_no-debug_BoundRawParam_jadx.stderr	e3b0c44298fc1c149afbf4c8996fb92427ae41e4649b934ca495991b7852b855
subprocess-logs/0618-jdk23_no-debug_BoundRawParam_jadx.stdout	f801d2ff5a1e225814b3ae07138a2a0e7e14031b68978eba1991e1c037ffe35f
subprocess-logs/0619-jdk23_no-debug_BoundRawParam_jadx-javac.stderr	7c744ac0df6e399bab5d14fc431dfe4b3b0c9f203860a582bcb7eb45591d9e98
subprocess-logs/0619-jdk23_no-debug_BoundRawParam_jadx-javac.stdout	e3b0c44298fc1c149afbf4c8996fb92427ae41e4649b934ca495991b7852b855
subprocess-logs/0620-jdk23_no-debug_BoundRawParam_jadx-verify-run.stderr	e3b0c44298fc1c149afbf4c8996fb92427ae41e4649b934ca495991b7852b855
subprocess-logs/0620-jdk23_no-debug_BoundRawParam_jadx-verify-run.stdout	bdeb71e6ccb9da375831745c55c6fa5137fd29b7007948eecaea74516d6991ca
subprocess-logs/0621-jdk23_debug_NullRawParam_jar-contents.stderr	e3b0c44298fc1c149afbf4c8996fb92427ae41e4649b934ca495991b7852b855
subprocess-logs/0621-jdk23_debug_NullRawParam_jar-contents.stdout	ec9be3c8fc3cd99b67f4aaee4928989735f2768aa23a4b40308f2268d7274f2c
subprocess-logs/0622-jdk23_debug_NullRawParam_original-javac.stderr	142ae31f012f7500c2f9d50ec9a449f19686005826733b6f6a03739e3c7bbfb9
subprocess-logs/0622-jdk23_debug_NullRawParam_original-javac.stdout	e3b0c44298fc1c149afbf4c8996fb92427ae41e4649b934ca495991b7852b855
subprocess-logs/0623-jdk23_debug_NullRawParam_javap.stderr	e3b0c44298fc1c149afbf4c8996fb92427ae41e4649b934ca495991b7852b855
subprocess-logs/0623-jdk23_debug_NullRawParam_javap.stdout	24639551a84c9f092e03155ca19a00ce4785ab1a0c04ee008338724e5e688749
subprocess-logs/0624-jdk23_debug_NullRawParam_original-probe-javac.stderr	4f875b75f0bac1d971d8fc3ab19a64d5d92273f61235f2bb734eed34ab07458f
subprocess-logs/0624-jdk23_debug_NullRawParam_original-probe-javac.stdout	e3b0c44298fc1c149afbf4c8996fb92427ae41e4649b934ca495991b7852b855
subprocess-logs/0625-jdk23_debug_NullRawParam_original-run.stderr	e3b0c44298fc1c149afbf4c8996fb92427ae41e4649b934ca495991b7852b855
subprocess-logs/0625-jdk23_debug_NullRawParam_original-run.stdout	99432d5aa83e97874597f1a0fde12c2a963ce4099787ae00fd33faff35b18418
subprocess-logs/0626-jdk23_debug_NullRawParam_jarde-NullRawParam.stderr	44265c3ef731c5a8c239e6eb985e368dae4f5b23e84ff330c97e85f06d24e1c7
subprocess-logs/0626-jdk23_debug_NullRawParam_jarde-NullRawParam.stdout	f60daa335370ba4b9535a79d8a6039e957fde7f7fbf1179b722b7dff8c1bb168
subprocess-logs/0627-jdk23_debug_NullRawParam_jarde-javac.stderr	bd1bf3fad9588704d16be25c6b6de59329cb9fdf13e9f9d658657508f36c976e
subprocess-logs/0627-jdk23_debug_NullRawParam_jarde-javac.stdout	e3b0c44298fc1c149afbf4c8996fb92427ae41e4649b934ca495991b7852b855
subprocess-logs/0628-jdk23_debug_NullRawParam_jarde-verify-run.stderr	e3b0c44298fc1c149afbf4c8996fb92427ae41e4649b934ca495991b7852b855
subprocess-logs/0628-jdk23_debug_NullRawParam_jarde-verify-run.stdout	99432d5aa83e97874597f1a0fde12c2a963ce4099787ae00fd33faff35b18418
subprocess-logs/0629-jdk23_debug_NullRawParam_jadx.stderr	e3b0c44298fc1c149afbf4c8996fb92427ae41e4649b934ca495991b7852b855
subprocess-logs/0629-jdk23_debug_NullRawParam_jadx.stdout	5766bff713b13376712ce692ea99e48ecf532ec14e5a06313f2b14074afcf512
subprocess-logs/0630-jdk23_debug_NullRawParam_jadx-javac.stderr	9099af598e3dfbed1712ad76d852f41e49551de4010de5f63d6a1cb1f81e593e
subprocess-logs/0630-jdk23_debug_NullRawParam_jadx-javac.stdout	e3b0c44298fc1c149afbf4c8996fb92427ae41e4649b934ca495991b7852b855
subprocess-logs/0631-jdk23_debug_NullRawParam_jadx-verify-run.stderr	e3b0c44298fc1c149afbf4c8996fb92427ae41e4649b934ca495991b7852b855
subprocess-logs/0631-jdk23_debug_NullRawParam_jadx-verify-run.stdout	f4e759450c3306919076b843e677ebd4315a206a7a08c607258e8ee49a6eb720
subprocess-logs/0632-jdk23_no-debug_NullRawParam_jar-contents.stderr	e3b0c44298fc1c149afbf4c8996fb92427ae41e4649b934ca495991b7852b855
subprocess-logs/0632-jdk23_no-debug_NullRawParam_jar-contents.stdout	ec9be3c8fc3cd99b67f4aaee4928989735f2768aa23a4b40308f2268d7274f2c
subprocess-logs/0633-jdk23_no-debug_NullRawParam_original-javac.stderr	142ae31f012f7500c2f9d50ec9a449f19686005826733b6f6a03739e3c7bbfb9
subprocess-logs/0633-jdk23_no-debug_NullRawParam_original-javac.stdout	e3b0c44298fc1c149afbf4c8996fb92427ae41e4649b934ca495991b7852b855
subprocess-logs/0634-jdk23_no-debug_NullRawParam_javap.stderr	e3b0c44298fc1c149afbf4c8996fb92427ae41e4649b934ca495991b7852b855
subprocess-logs/0634-jdk23_no-debug_NullRawParam_javap.stdout	3da7f16383956fcfba0362b07d0397c4521642a0129cb1d11a6d5b0794734e43
subprocess-logs/0635-jdk23_no-debug_NullRawParam_original-probe-javac.stderr	4f875b75f0bac1d971d8fc3ab19a64d5d92273f61235f2bb734eed34ab07458f
subprocess-logs/0635-jdk23_no-debug_NullRawParam_original-probe-javac.stdout	e3b0c44298fc1c149afbf4c8996fb92427ae41e4649b934ca495991b7852b855
subprocess-logs/0636-jdk23_no-debug_NullRawParam_original-run.stderr	e3b0c44298fc1c149afbf4c8996fb92427ae41e4649b934ca495991b7852b855
subprocess-logs/0636-jdk23_no-debug_NullRawParam_original-run.stdout	99432d5aa83e97874597f1a0fde12c2a963ce4099787ae00fd33faff35b18418
subprocess-logs/0637-jdk23_no-debug_NullRawParam_jarde-NullRawParam.stderr	f08444f1216a55ca75854878b9671248536759cf93d348753224fcbc0bca5cb5
subprocess-logs/0637-jdk23_no-debug_NullRawParam_jarde-NullRawParam.stdout	d68300b3bdd64dc0a1769de4c77a88e3eebccc14b47a17dc3e1ee4f8165ca2e2
subprocess-logs/0638-jdk23_no-debug_NullRawParam_jarde-javac.stderr	ab3f98c0bd5de96487aed9f4cee45eaf9faeaae3cb306a2a915c49b4bd1374b3
subprocess-logs/0638-jdk23_no-debug_NullRawParam_jarde-javac.stdout	e3b0c44298fc1c149afbf4c8996fb92427ae41e4649b934ca495991b7852b855
subprocess-logs/0639-jdk23_no-debug_NullRawParam_jarde-verify-run.stderr	e3b0c44298fc1c149afbf4c8996fb92427ae41e4649b934ca495991b7852b855
subprocess-logs/0639-jdk23_no-debug_NullRawParam_jarde-verify-run.stdout	99432d5aa83e97874597f1a0fde12c2a963ce4099787ae00fd33faff35b18418
subprocess-logs/0640-jdk23_no-debug_NullRawParam_jadx.stderr	e3b0c44298fc1c149afbf4c8996fb92427ae41e4649b934ca495991b7852b855
subprocess-logs/0640-jdk23_no-debug_NullRawParam_jadx.stdout	f369b173f8e42b163f01e01d6687f335257495a19bc1a76d83134ce0dde2ce85
subprocess-logs/0641-jdk23_no-debug_NullRawParam_jadx-javac.stderr	84472c4c4dce6491f0c0747b9885ec414bd7fb643c45c642c50b6ec2ea263309
subprocess-logs/0641-jdk23_no-debug_NullRawParam_jadx-javac.stdout	e3b0c44298fc1c149afbf4c8996fb92427ae41e4649b934ca495991b7852b855
subprocess-logs/0642-jdk23_no-debug_NullRawParam_jadx-verify-run.stderr	e3b0c44298fc1c149afbf4c8996fb92427ae41e4649b934ca495991b7852b855
subprocess-logs/0642-jdk23_no-debug_NullRawParam_jadx-verify-run.stdout	f4e759450c3306919076b843e677ebd4315a206a7a08c607258e8ee49a6eb720
subprocess-logs/0643-jdk23_debug_RetainedAliasRawParam_jar-contents.stderr	e3b0c44298fc1c149afbf4c8996fb92427ae41e4649b934ca495991b7852b855
subprocess-logs/0643-jdk23_debug_RetainedAliasRawParam_jar-contents.stdout	a1985b9d7beb306cabb087220b328de3b90ea1632d23bad706a4d4d2071ef201
subprocess-logs/0644-jdk23_debug_RetainedAliasRawParam_original-javac.stderr	f3d54802be68d3a5ea5882fb6e1cc05904d541ecebc1b395c733ff97352fa0eb
subprocess-logs/0644-jdk23_debug_RetainedAliasRawParam_original-javac.stdout	e3b0c44298fc1c149afbf4c8996fb92427ae41e4649b934ca495991b7852b855
subprocess-logs/0645-jdk23_debug_RetainedAliasRawParam_javap.stderr	e3b0c44298fc1c149afbf4c8996fb92427ae41e4649b934ca495991b7852b855
subprocess-logs/0645-jdk23_debug_RetainedAliasRawParam_javap.stdout	52f1a5e1188002499119033efef31c9651210558f5418d43808f7d80148d4ac7
subprocess-logs/0646-jdk23_debug_RetainedAliasRawParam_original-probe-javac.stderr	4f875b75f0bac1d971d8fc3ab19a64d5d92273f61235f2bb734eed34ab07458f
subprocess-logs/0646-jdk23_debug_RetainedAliasRawParam_original-probe-javac.stdout	e3b0c44298fc1c149afbf4c8996fb92427ae41e4649b934ca495991b7852b855
subprocess-logs/0647-jdk23_debug_RetainedAliasRawParam_original-run.stderr	e3b0c44298fc1c149afbf4c8996fb92427ae41e4649b934ca495991b7852b855
subprocess-logs/0647-jdk23_debug_RetainedAliasRawParam_original-run.stdout	587147b6fcdb6f90959b73653be0302d121556b4c0626fb20a88ff47291ce8ff
subprocess-logs/0648-jdk23_debug_RetainedAliasRawParam_jarde-RetainedAliasRawParam.stderr	d1886f6db8dca5f9048d9651fdd63d69a91ca992e6ae834e0549189ef72ee35e
subprocess-logs/0648-jdk23_debug_RetainedAliasRawParam_jarde-RetainedAliasRawParam.stdout	67c03164c7f4c286881d760c247bdc8ed73c851a4377db2751830cc607eb3f89
subprocess-logs/0649-jdk23_debug_RetainedAliasRawParam_jarde-javac.stderr	30b7a6e561606eff39f000cc691a1dc3aa50d423edf614f28229701b3f5dad5c
subprocess-logs/0649-jdk23_debug_RetainedAliasRawParam_jarde-javac.stdout	e3b0c44298fc1c149afbf4c8996fb92427ae41e4649b934ca495991b7852b855
subprocess-logs/0650-jdk23_debug_RetainedAliasRawParam_jarde-verify-run.stderr	e3b0c44298fc1c149afbf4c8996fb92427ae41e4649b934ca495991b7852b855
subprocess-logs/0650-jdk23_debug_RetainedAliasRawParam_jarde-verify-run.stdout	587147b6fcdb6f90959b73653be0302d121556b4c0626fb20a88ff47291ce8ff
subprocess-logs/0651-jdk23_debug_RetainedAliasRawParam_jadx.stderr	e3b0c44298fc1c149afbf4c8996fb92427ae41e4649b934ca495991b7852b855
subprocess-logs/0651-jdk23_debug_RetainedAliasRawParam_jadx.stdout	aa38dc31282ea725d4b1ebe11e815b3004f184215829dfb740f73b6e1a5f62ed
subprocess-logs/0652-jdk23_debug_RetainedAliasRawParam_jadx-javac.stderr	4165a3c1cfa39ba6d42b96dfc532c6801510e70b764662ec845407aaf6d5fa60
subprocess-logs/0652-jdk23_debug_RetainedAliasRawParam_jadx-javac.stdout	e3b0c44298fc1c149afbf4c8996fb92427ae41e4649b934ca495991b7852b855
subprocess-logs/0653-jdk23_debug_RetainedAliasRawParam_jadx-verify-run.stderr	e3b0c44298fc1c149afbf4c8996fb92427ae41e4649b934ca495991b7852b855
subprocess-logs/0653-jdk23_debug_RetainedAliasRawParam_jadx-verify-run.stdout	f92fd71052669f4c2419e8516949617f14ee858caeb232d80d63117f41ea2d94
subprocess-logs/0654-jdk23_no-debug_RetainedAliasRawParam_jar-contents.stderr	e3b0c44298fc1c149afbf4c8996fb92427ae41e4649b934ca495991b7852b855
subprocess-logs/0654-jdk23_no-debug_RetainedAliasRawParam_jar-contents.stdout	a1985b9d7beb306cabb087220b328de3b90ea1632d23bad706a4d4d2071ef201
subprocess-logs/0655-jdk23_no-debug_RetainedAliasRawParam_original-javac.stderr	f3d54802be68d3a5ea5882fb6e1cc05904d541ecebc1b395c733ff97352fa0eb
subprocess-logs/0655-jdk23_no-debug_RetainedAliasRawParam_original-javac.stdout	e3b0c44298fc1c149afbf4c8996fb92427ae41e4649b934ca495991b7852b855
subprocess-logs/0656-jdk23_no-debug_RetainedAliasRawParam_javap.stderr	e3b0c44298fc1c149afbf4c8996fb92427ae41e4649b934ca495991b7852b855
subprocess-logs/0656-jdk23_no-debug_RetainedAliasRawParam_javap.stdout	62fc5ac7f72922c89480e5a834531e8f83800794857777d7708557259feddc97
subprocess-logs/0657-jdk23_no-debug_RetainedAliasRawParam_original-probe-javac.stderr	4f875b75f0bac1d971d8fc3ab19a64d5d92273f61235f2bb734eed34ab07458f
subprocess-logs/0657-jdk23_no-debug_RetainedAliasRawParam_original-probe-javac.stdout	e3b0c44298fc1c149afbf4c8996fb92427ae41e4649b934ca495991b7852b855
subprocess-logs/0658-jdk23_no-debug_RetainedAliasRawParam_original-run.stderr	e3b0c44298fc1c149afbf4c8996fb92427ae41e4649b934ca495991b7852b855
subprocess-logs/0658-jdk23_no-debug_RetainedAliasRawParam_original-run.stdout	587147b6fcdb6f90959b73653be0302d121556b4c0626fb20a88ff47291ce8ff
subprocess-logs/0659-jdk23_no-debug_RetainedAliasRawParam_jarde-RetainedAliasRawParam.stderr	731dccceb4a589f890e2dcce44a1ff47e6ad258ad95b2189d0b30eaf9052b293
subprocess-logs/0659-jdk23_no-debug_RetainedAliasRawParam_jarde-RetainedAliasRawParam.stdout	e3536151d6425f7cf9e601be73cd6fccdb94be39c2157ee6ae0f84a8c7d364e5
subprocess-logs/0660-jdk23_no-debug_RetainedAliasRawParam_jarde-javac.stderr	d5a8da2a6ccc7be23ba38cf9a4bf8c82debf85f62841a5153f5ed438b2d51b19
subprocess-logs/0660-jdk23_no-debug_RetainedAliasRawParam_jarde-javac.stdout	e3b0c44298fc1c149afbf4c8996fb92427ae41e4649b934ca495991b7852b855
subprocess-logs/0661-jdk23_no-debug_RetainedAliasRawParam_jarde-verify-run.stderr	e3b0c44298fc1c149afbf4c8996fb92427ae41e4649b934ca495991b7852b855
subprocess-logs/0661-jdk23_no-debug_RetainedAliasRawParam_jarde-verify-run.stdout	587147b6fcdb6f90959b73653be0302d121556b4c0626fb20a88ff47291ce8ff
subprocess-logs/0662-jdk23_no-debug_RetainedAliasRawParam_jadx.stderr	e3b0c44298fc1c149afbf4c8996fb92427ae41e4649b934ca495991b7852b855
subprocess-logs/0662-jdk23_no-debug_RetainedAliasRawParam_jadx.stdout	4c07081a08c4c7d6b831882b302ce0537fb83440914d0ed18aa2a3b4ce52e337
subprocess-logs/0663-jdk23_no-debug_RetainedAliasRawParam_jadx-javac.stderr	e6c46a5e2d75a0d5f6a8fffddf951f0312bf4f2b20cce6918847300c7ca59024
subprocess-logs/0663-jdk23_no-debug_RetainedAliasRawParam_jadx-javac.stdout	e3b0c44298fc1c149afbf4c8996fb92427ae41e4649b934ca495991b7852b855
subprocess-logs/0664-jdk23_no-debug_RetainedAliasRawParam_jadx-verify-run.stderr	e3b0c44298fc1c149afbf4c8996fb92427ae41e4649b934ca495991b7852b855
subprocess-logs/0664-jdk23_no-debug_RetainedAliasRawParam_jadx-verify-run.stdout	f92fd71052669f4c2419e8516949617f14ee858caeb232d80d63117f41ea2d94
subprocess-logs/0665-jdk23_debug_MultiFormalRawParam_jar-contents.stderr	e3b0c44298fc1c149afbf4c8996fb92427ae41e4649b934ca495991b7852b855
subprocess-logs/0665-jdk23_debug_MultiFormalRawParam_jar-contents.stdout	4bc05ecbba4968bacfc686b7e4b7523216b1c1705eac9aef254aaff653bf7e55
subprocess-logs/0666-jdk23_debug_MultiFormalRawParam_original-javac.stderr	1bf9910e61d8cb783de3e626bfbf32d9f68db8362067c4351c9e3b064f561a4e
subprocess-logs/0666-jdk23_debug_MultiFormalRawParam_original-javac.stdout	e3b0c44298fc1c149afbf4c8996fb92427ae41e4649b934ca495991b7852b855
subprocess-logs/0667-jdk23_debug_MultiFormalRawParam_javap.stderr	e3b0c44298fc1c149afbf4c8996fb92427ae41e4649b934ca495991b7852b855
subprocess-logs/0667-jdk23_debug_MultiFormalRawParam_javap.stdout	c0f896241d7a15ce2877ce98de100e669f49b4bece1511ba65c16a2fa4ce30e8
subprocess-logs/0668-jdk23_debug_MultiFormalRawParam_original-probe-javac.stderr	4f875b75f0bac1d971d8fc3ab19a64d5d92273f61235f2bb734eed34ab07458f
subprocess-logs/0668-jdk23_debug_MultiFormalRawParam_original-probe-javac.stdout	e3b0c44298fc1c149afbf4c8996fb92427ae41e4649b934ca495991b7852b855
subprocess-logs/0669-jdk23_debug_MultiFormalRawParam_original-run.stderr	e3b0c44298fc1c149afbf4c8996fb92427ae41e4649b934ca495991b7852b855
subprocess-logs/0669-jdk23_debug_MultiFormalRawParam_original-run.stdout	6d16de1512a82cf13a56f94903001249dbfdb1ab81b29b817616448334e1d0c4
subprocess-logs/0670-jdk23_debug_MultiFormalRawParam_jarde-MultiFormalRawParam.stderr	7bec3604ac2c63e6120e44a584f67c3a271f0819c9883d71458b1553214d24e3
subprocess-logs/0670-jdk23_debug_MultiFormalRawParam_jarde-MultiFormalRawParam.stdout	fc2962c0aac9ec98ea86aa50ec132f77514a683ba76d7c329493e954bce56e48
subprocess-logs/0671-jdk23_debug_MultiFormalRawParam_jarde-javac.stderr	64638f6eebefa63b0059963fddfed4696cd6b5557cd23868ea30b3d66d3eb541
subprocess-logs/0671-jdk23_debug_MultiFormalRawParam_jarde-javac.stdout	e3b0c44298fc1c149afbf4c8996fb92427ae41e4649b934ca495991b7852b855
subprocess-logs/0672-jdk23_debug_MultiFormalRawParam_jarde-verify-run.stderr	e3b0c44298fc1c149afbf4c8996fb92427ae41e4649b934ca495991b7852b855
subprocess-logs/0672-jdk23_debug_MultiFormalRawParam_jarde-verify-run.stdout	8bc5d0b9f7ed8f8820c0a056a24f74615b3e6104dd1ccada41aee9975df41485
subprocess-logs/0673-jdk23_debug_MultiFormalRawParam_jadx.stderr	e3b0c44298fc1c149afbf4c8996fb92427ae41e4649b934ca495991b7852b855
subprocess-logs/0673-jdk23_debug_MultiFormalRawParam_jadx.stdout	6613b95c9948f68cbc914bf61fee8fb34470475ee3239a1e2dbdcfc838cd5ccf
subprocess-logs/0674-jdk23_debug_MultiFormalRawParam_jadx-javac.stderr	3309308adb20de1acaffcaa6688dd82553939546ae70931b3756f078235cb8c7
subprocess-logs/0674-jdk23_debug_MultiFormalRawParam_jadx-javac.stdout	e3b0c44298fc1c149afbf4c8996fb92427ae41e4649b934ca495991b7852b855
subprocess-logs/0675-jdk23_debug_MultiFormalRawParam_jadx-verify-run.stderr	e3b0c44298fc1c149afbf4c8996fb92427ae41e4649b934ca495991b7852b855
subprocess-logs/0675-jdk23_debug_MultiFormalRawParam_jadx-verify-run.stdout	8d284d37fb44425659f63776c8f684d596146724e653b1147b4adc2b7c50d4e2
subprocess-logs/0676-jdk23_no-debug_MultiFormalRawParam_jar-contents.stderr	e3b0c44298fc1c149afbf4c8996fb92427ae41e4649b934ca495991b7852b855
subprocess-logs/0676-jdk23_no-debug_MultiFormalRawParam_jar-contents.stdout	4bc05ecbba4968bacfc686b7e4b7523216b1c1705eac9aef254aaff653bf7e55
subprocess-logs/0677-jdk23_no-debug_MultiFormalRawParam_original-javac.stderr	1bf9910e61d8cb783de3e626bfbf32d9f68db8362067c4351c9e3b064f561a4e
subprocess-logs/0677-jdk23_no-debug_MultiFormalRawParam_original-javac.stdout	e3b0c44298fc1c149afbf4c8996fb92427ae41e4649b934ca495991b7852b855
subprocess-logs/0678-jdk23_no-debug_MultiFormalRawParam_javap.stderr	e3b0c44298fc1c149afbf4c8996fb92427ae41e4649b934ca495991b7852b855
subprocess-logs/0678-jdk23_no-debug_MultiFormalRawParam_javap.stdout	4a09857ffb5fb119716fadaab498240930a0315b6ec6efcbac843d0b6ecd0729
subprocess-logs/0679-jdk23_no-debug_MultiFormalRawParam_original-probe-javac.stderr	4f875b75f0bac1d971d8fc3ab19a64d5d92273f61235f2bb734eed34ab07458f
subprocess-logs/0679-jdk23_no-debug_MultiFormalRawParam_original-probe-javac.stdout	e3b0c44298fc1c149afbf4c8996fb92427ae41e4649b934ca495991b7852b855
subprocess-logs/0680-jdk23_no-debug_MultiFormalRawParam_original-run.stderr	e3b0c44298fc1c149afbf4c8996fb92427ae41e4649b934ca495991b7852b855
subprocess-logs/0680-jdk23_no-debug_MultiFormalRawParam_original-run.stdout	6d16de1512a82cf13a56f94903001249dbfdb1ab81b29b817616448334e1d0c4
subprocess-logs/0681-jdk23_no-debug_MultiFormalRawParam_jarde-MultiFormalRawParam.stderr	dfa69a99f1acaed5d6fea257580df8e6fd853dd0b0ec1288d276627155e872ad
subprocess-logs/0681-jdk23_no-debug_MultiFormalRawParam_jarde-MultiFormalRawParam.stdout	4b437b42cf47a3ccf750355128c463728a56d507544aa92a0cb529860058e62c
subprocess-logs/0682-jdk23_no-debug_MultiFormalRawParam_jarde-javac.stderr	6c48c7460197317a9a820caa967a650e935a50a679955b4fc44b392508f662b4
subprocess-logs/0682-jdk23_no-debug_MultiFormalRawParam_jarde-javac.stdout	e3b0c44298fc1c149afbf4c8996fb92427ae41e4649b934ca495991b7852b855
subprocess-logs/0683-jdk23_no-debug_MultiFormalRawParam_jarde-verify-run.stderr	e3b0c44298fc1c149afbf4c8996fb92427ae41e4649b934ca495991b7852b855
subprocess-logs/0683-jdk23_no-debug_MultiFormalRawParam_jarde-verify-run.stdout	8bc5d0b9f7ed8f8820c0a056a24f74615b3e6104dd1ccada41aee9975df41485
subprocess-logs/0684-jdk23_no-debug_MultiFormalRawParam_jadx.stderr	e3b0c44298fc1c149afbf4c8996fb92427ae41e4649b934ca495991b7852b855
subprocess-logs/0684-jdk23_no-debug_MultiFormalRawParam_jadx.stdout	40f0194e1d560b0767c8ffe7d5cb941586cae8e88a7644bfb7ccb8e7b0201f3a
subprocess-logs/0685-jdk23_no-debug_MultiFormalRawParam_jadx-javac.stderr	6ede39bdfe0c0ad23b022f9aa873c6b288e3a70d7256a01ca9dcdcf7d38d1ec1
subprocess-logs/0685-jdk23_no-debug_MultiFormalRawParam_jadx-javac.stdout	e3b0c44298fc1c149afbf4c8996fb92427ae41e4649b934ca495991b7852b855
subprocess-logs/0686-jdk23_no-debug_MultiFormalRawParam_jadx-verify-run.stderr	e3b0c44298fc1c149afbf4c8996fb92427ae41e4649b934ca495991b7852b855
subprocess-logs/0686-jdk23_no-debug_MultiFormalRawParam_jadx-verify-run.stdout	8d284d37fb44425659f63776c8f684d596146724e653b1147b4adc2b7c50d4e2
subprocess-logs/0687-jdk23_debug_RawOwnerChild_jar-contents.stderr	e3b0c44298fc1c149afbf4c8996fb92427ae41e4649b934ca495991b7852b855
subprocess-logs/0687-jdk23_debug_RawOwnerChild_jar-contents.stdout	8fe6ebef204dbd6d19631ba48bbbd5ec4ae5213f3712a9629e2c6cdec917a44e
subprocess-logs/0688-jdk23_debug_RawOwnerChild_original-javac.stderr	2c8b44e4bbe4b1e75d913c852f8e972539180b23f0b541195865269775f55698
subprocess-logs/0688-jdk23_debug_RawOwnerChild_original-javac.stdout	e3b0c44298fc1c149afbf4c8996fb92427ae41e4649b934ca495991b7852b855
subprocess-logs/0689-jdk23_debug_RawOwnerChild_javap.stderr	e3b0c44298fc1c149afbf4c8996fb92427ae41e4649b934ca495991b7852b855
subprocess-logs/0689-jdk23_debug_RawOwnerChild_javap.stdout	0132462da1080853f38ff9c046056abc9d806c2dcc4f0512ee12bbb1c19261fa
subprocess-logs/0690-jdk23_debug_RawOwnerChild_original-probe-javac.stderr	4f875b75f0bac1d971d8fc3ab19a64d5d92273f61235f2bb734eed34ab07458f
subprocess-logs/0690-jdk23_debug_RawOwnerChild_original-probe-javac.stdout	e3b0c44298fc1c149afbf4c8996fb92427ae41e4649b934ca495991b7852b855
subprocess-logs/0691-jdk23_debug_RawOwnerChild_original-run.stderr	e3b0c44298fc1c149afbf4c8996fb92427ae41e4649b934ca495991b7852b855
subprocess-logs/0691-jdk23_debug_RawOwnerChild_original-run.stdout	c25e0c82c8f818f082f08ceef41ac63b15ed1ce4bb020bcf1eff5396c577b047
subprocess-logs/0692-jdk23_debug_RawOwnerChild_jarde-RawOwnerChild.stderr	b8100c9b6bf5e9e074673b4f5b333c790b48deb22cd722720d40e174f1a3648b
subprocess-logs/0692-jdk23_debug_RawOwnerChild_jarde-RawOwnerChild.stdout	85654234ed265aea8c2af90fe4353ca2be2b352c36d98476b0f89a9661e064cd
subprocess-logs/0693-jdk23_debug_RawOwnerChild_jarde-RawOwnerBase.stderr	2120aca23eb847c2168899a1f5d39b351412d902e9236ccb20e38e5eb08be77b
subprocess-logs/0693-jdk23_debug_RawOwnerChild_jarde-RawOwnerBase.stdout	f400195673e17b46cfe5e1ecf2dfa6ad1e569fc2a83c23d92202a00ba21aba24
subprocess-logs/0694-jdk23_debug_RawOwnerChild_jarde-javac.stderr	61981d80137ed7e4a4d911a47d9e4a6a482b76fe0399d89a093d40f52f8c0c03
subprocess-logs/0694-jdk23_debug_RawOwnerChild_jarde-javac.stdout	e3b0c44298fc1c149afbf4c8996fb92427ae41e4649b934ca495991b7852b855
subprocess-logs/0695-jdk23_debug_RawOwnerChild_jarde-verify-run.stderr	e3b0c44298fc1c149afbf4c8996fb92427ae41e4649b934ca495991b7852b855
subprocess-logs/0695-jdk23_debug_RawOwnerChild_jarde-verify-run.stdout	e65da6d8f2478e3a0b6f43759b106518ecb2b77f17bd072cf737ed70a4ac28ad
subprocess-logs/0696-jdk23_debug_RawOwnerChild_jadx.stderr	e3b0c44298fc1c149afbf4c8996fb92427ae41e4649b934ca495991b7852b855
subprocess-logs/0696-jdk23_debug_RawOwnerChild_jadx.stdout	6c98674d5819aff5b0ce8c68cf3ece4cbebd831816c7f8632c268444656056d5
subprocess-logs/0697-jdk23_debug_RawOwnerChild_jadx-javac.stderr	2eec0bbeaaed1e1a51a8ef9102f5c43b74eeb8e2cad4d5676ca4109c6955e9f1
subprocess-logs/0697-jdk23_debug_RawOwnerChild_jadx-javac.stdout	e3b0c44298fc1c149afbf4c8996fb92427ae41e4649b934ca495991b7852b855
subprocess-logs/0698-jdk23_debug_RawOwnerChild_jadx-verify-run.stderr	e3b0c44298fc1c149afbf4c8996fb92427ae41e4649b934ca495991b7852b855
subprocess-logs/0698-jdk23_debug_RawOwnerChild_jadx-verify-run.stdout	2404a47a7f7c206decbce521d1ad8ca2966f33929a01a6e1cd462d7eda65b76b
subprocess-logs/0699-jdk23_no-debug_RawOwnerChild_jar-contents.stderr	e3b0c44298fc1c149afbf4c8996fb92427ae41e4649b934ca495991b7852b855
subprocess-logs/0699-jdk23_no-debug_RawOwnerChild_jar-contents.stdout	8fe6ebef204dbd6d19631ba48bbbd5ec4ae5213f3712a9629e2c6cdec917a44e
subprocess-logs/0700-jdk23_no-debug_RawOwnerChild_original-javac.stderr	2c8b44e4bbe4b1e75d913c852f8e972539180b23f0b541195865269775f55698
subprocess-logs/0700-jdk23_no-debug_RawOwnerChild_original-javac.stdout	e3b0c44298fc1c149afbf4c8996fb92427ae41e4649b934ca495991b7852b855
subprocess-logs/0701-jdk23_no-debug_RawOwnerChild_javap.stderr	e3b0c44298fc1c149afbf4c8996fb92427ae41e4649b934ca495991b7852b855
subprocess-logs/0701-jdk23_no-debug_RawOwnerChild_javap.stdout	1faa3568f1ac92d22de17f20c46261e9ec207e3b1e8a44f5dbe98337e214c13e
subprocess-logs/0702-jdk23_no-debug_RawOwnerChild_original-probe-javac.stderr	4f875b75f0bac1d971d8fc3ab19a64d5d92273f61235f2bb734eed34ab07458f
subprocess-logs/0702-jdk23_no-debug_RawOwnerChild_original-probe-javac.stdout	e3b0c44298fc1c149afbf4c8996fb92427ae41e4649b934ca495991b7852b855
subprocess-logs/0703-jdk23_no-debug_RawOwnerChild_original-run.stderr	e3b0c44298fc1c149afbf4c8996fb92427ae41e4649b934ca495991b7852b855
subprocess-logs/0703-jdk23_no-debug_RawOwnerChild_original-run.stdout	c25e0c82c8f818f082f08ceef41ac63b15ed1ce4bb020bcf1eff5396c577b047
subprocess-logs/0704-jdk23_no-debug_RawOwnerChild_jarde-RawOwnerChild.stderr	785b3996fe0c6de2fa96cf62e13e7875e2a924bd98533095f80e24dfe25c1bfa
subprocess-logs/0704-jdk23_no-debug_RawOwnerChild_jarde-RawOwnerChild.stdout	8bc50b0f6cb5bc0a65e96706a623c1fc4bc19fa7d9d3586ebaace845198a1015
subprocess-logs/0705-jdk23_no-debug_RawOwnerChild_jarde-RawOwnerBase.stderr	d862e222c52a8aaea762c793c0d0efdf1b1768d2f6553dcddcaf58b487c51974
subprocess-logs/0705-jdk23_no-debug_RawOwnerChild_jarde-RawOwnerBase.stdout	f400195673e17b46cfe5e1ecf2dfa6ad1e569fc2a83c23d92202a00ba21aba24
subprocess-logs/0706-jdk23_no-debug_RawOwnerChild_jarde-javac.stderr	a4b6c5693d9bb7434fa41ac2b1a5525b31bd854004a1b5413c3ef659df9f07f0
subprocess-logs/0706-jdk23_no-debug_RawOwnerChild_jarde-javac.stdout	e3b0c44298fc1c149afbf4c8996fb92427ae41e4649b934ca495991b7852b855
subprocess-logs/0707-jdk23_no-debug_RawOwnerChild_jarde-verify-run.stderr	e3b0c44298fc1c149afbf4c8996fb92427ae41e4649b934ca495991b7852b855
subprocess-logs/0707-jdk23_no-debug_RawOwnerChild_jarde-verify-run.stdout	e65da6d8f2478e3a0b6f43759b106518ecb2b77f17bd072cf737ed70a4ac28ad
subprocess-logs/0708-jdk23_no-debug_RawOwnerChild_jadx.stderr	e3b0c44298fc1c149afbf4c8996fb92427ae41e4649b934ca495991b7852b855
subprocess-logs/0708-jdk23_no-debug_RawOwnerChild_jadx.stdout	6c98674d5819aff5b0ce8c68cf3ece4cbebd831816c7f8632c268444656056d5
subprocess-logs/0709-jdk23_no-debug_RawOwnerChild_jadx-javac.stderr	9a91765aaa6838b664674cc76e61106fc5f4ed8d9f07830299679f51d679e3a1
subprocess-logs/0709-jdk23_no-debug_RawOwnerChild_jadx-javac.stdout	e3b0c44298fc1c149afbf4c8996fb92427ae41e4649b934ca495991b7852b855
subprocess-logs/0710-jdk23_no-debug_RawOwnerChild_jadx-verify-run.stderr	e3b0c44298fc1c149afbf4c8996fb92427ae41e4649b934ca495991b7852b855
subprocess-logs/0710-jdk23_no-debug_RawOwnerChild_jadx-verify-run.stdout	2404a47a7f7c206decbce521d1ad8ca2966f33929a01a6e1cd462d7eda65b76b
subprocesses.jsonl	55cc5be0ef56910074ae79aee7a317993d5e66f3eb5ed37e8ce96d97a8234f9d
versions/frozen-input-jar-hashes.tsv	01066ef00dd1d514566c806fba7b80aeb7097218a09068765fdb8422fc02cbe7
versions/jadx-cli.txt	9c5955fc99a60b8f6dee6cf582c4420d91e1b3e2a201f532c91e2cbdfce7fa51
versions/jarde-cli.txt	4e3523057f610dda085c877b3d636cbdeb15c23a541dba3b399c7c04eb4b14b5
versions/source-hashes.tsv	9b0ebd895bc738ec761b2c9c3fd639a4e23824056d349071c67bde98ca92a59c
versions/tool-hashes.tsv	a5025b149c997f5804bc0ef9b8b2dc6a45730c6f89a7abed14660f81b7fa2ccf
