// jarde: presentation of `em27/Concat` from the class file's own declaration and one recovery run per member.
// jarde: not a compilable project: no imports and no resources are claimed (the `package` line is the class file's own name, not a claim about a directory); every place this text is not a full recovery carries a marker of this prefix.
package em27;

public final class Concat extends java.lang.Object {
    private Concat() {
        // @method <init>()V
        // @declaration a constructor of `em27.Concat`, member flags 0x0002
        // recovered from bytecode; presentation is not claimed to compile
        super();
        return;
    }

    public static java.lang.String builder(int arg0) {
        // @method builder(I)Ljava/lang/String;
        // @declaration a static method of `em27.Concat`, member flags 0x0009
        // recovered from bytecode; presentation is not claimed to compile
        return "Value" + " equals " + arg0;
    }

    public static java.lang.String folded() {
        // @method folded()Ljava/lang/String;
        // @declaration a static method of `em27.Concat`, member flags 0x0009
        // recovered from bytecode; presentation is not claimed to compile
        return "App " + "version: " + 1 + '.' + 2;
    }

    public static java.lang.String objects(java.lang.Object arg0, java.lang.Object arg1) {
        // @method objects(Ljava/lang/Object;Ljava/lang/Object;)Ljava/lang/String;
        // @declaration a static method of `em27.Concat`, member flags 0x0009
        // recovered from bytecode; presentation is not claimed to compile
        java.lang.StringBuilder local2 = new java.lang.StringBuilder();
        local2.append(arg0);
        local2.append('=');
        local2.append(arg1);
        return local2.toString();
    }

    public static java.lang.String character(java.lang.String arg0) {
        // @method character(Ljava/lang/String;)Ljava/lang/String;
        // @declaration a static method of `em27.Concat`, member flags 0x0009
        // recovered from bytecode; presentation is not claimed to compile
        return "" + '1' + arg0 + ", e: " + 2;
    }

    public static void discarded(int arg0) {
        // @method discarded(I)V
        // @declaration a static method of `em27.Concat`, member flags 0x0009
        // recovered from bytecode; presentation is not claimed to compile
        java.lang.String local1 = "Input arg value: " + arg0;
        return;
    }

    public static java.lang.String explicitConstructor() {
        // @method explicitConstructor()Ljava/lang/String;
        // @declaration a static method of `em27.Concat`, member flags 0x0009
        // recovered from bytecode; presentation is not claimed to compile
        return new java.lang.String(new char[]{'a', 'b', 'c'});
    }

    public static java.lang.String explicitStored() {
        // @method explicitStored()Ljava/lang/String;
        // @declaration a static method of `em27.Concat`, member flags 0x0009
        // recovered from bytecode; presentation is not claimed to compile
        char[] local0 = new char[]{'a', 'b', 'c'};
        return new java.lang.String(local0);
    }
}
anonymous_interface_projection.state = "absent"
bridge_proofs = []
class.class_bytes.digest = "a9c28fff93ee189a8e59b317b99cbf366d5c7e1e7ffe85b5079fdec7bfd476fc"
class.class_bytes.length = 1135
class.location.entry.ordinal = 2
class.location.entry.origin.root_container = "root"
class.location.entry.origin.snapshot = "85d7dcbd77f803e35da5039edb0b3a0b940ad252958a24a67fe28b969d1791d1"
class.location.entry.origin.steps = []
class.location.entry.raw_name = [101,109,50,55,47,67,111,110,99,97,116,46,99,108,97,115,115]
class.location.kind = "archive_entry"
class.variant.kind = "base"
coverage.artifact_structural.scanned.0.end = 3
coverage.artifact_structural.scanned.0.label = "central_directory_entries"
coverage.artifact_structural.scanned.0.start = 0
coverage.artifact_structural.scanned.1.end = 1
coverage.artifact_structural.scanned.1.label = "navigation_candidates"
coverage.artifact_structural.scanned.1.start = 0
coverage.artifact_structural.scanned.2.end = 8
coverage.artifact_structural.scanned.2.label = "class_methods"
coverage.artifact_structural.scanned.2.start = 0
coverage.artifact_structural.scanned.3.end = 8
coverage.artifact_structural.scanned.3.label = "class_source_bodies"
coverage.artifact_structural.scanned.3.start = 0
coverage.artifact_structural.skipped = []
coverage.artifact_structural.state = "complete_within_schema"
coverage.artifact_structural.uninterpreted_extensions = []
coverage.dynamic_analysis.scanned = []
coverage.dynamic_analysis.skipped = []
coverage.dynamic_analysis.state = "not_requested"
coverage.dynamic_analysis.uninterpreted_extensions = []
coverage.runtime_resolution.scanned = []
coverage.runtime_resolution.skipped = []
coverage.runtime_resolution.state = "not_requested"
coverage.runtime_resolution.uninterpreted_extensions = []
declaration.annotation_attributes = []
declaration.annotation_refusals = []
declaration.annotation_uses = []
declaration.declaration = "public final class Concat extends java.lang.Object"
declaration.generic_refusal = null
declaration.generic_signature = null
declaration.item.binding.kind = "path_name_agrees"
declaration.item.declaration.access_flags = 49
declaration.item.declaration.interfaces = []
declaration.item.declaration.super_class.escaped = "java/lang/Object"
declaration.item.declaration.super_class.raw = [106,97,118,97,47,108,97,110,103,47,79,98,106,101,99,116]
declaration.item.declaration.super_class.utf16 = [106,97,118,97,47,108,97,110,103,47,79,98,106,101,99,116]
declaration.item.declaration.this_class.escaped = "em27/Concat"
declaration.item.declaration.this_class.raw = [101,109,50,55,47,67,111,110,99,97,116]
declaration.item.declaration.this_class.utf16 = [101,109,50,55,47,67,111,110,99,97,116]
declaration.item.definition.class_bytes.digest = "a9c28fff93ee189a8e59b317b99cbf366d5c7e1e7ffe85b5079fdec7bfd476fc"
declaration.item.definition.class_bytes.length = 1135
declaration.item.definition.location.entry.ordinal = 2
declaration.item.definition.location.entry.origin.root_container = "root"
declaration.item.definition.location.entry.origin.snapshot = "85d7dcbd77f803e35da5039edb0b3a0b940ad252958a24a67fe28b969d1791d1"
declaration.item.definition.location.entry.origin.steps = []
declaration.item.definition.location.entry.raw_name = [101,109,50,55,47,67,111,110,99,97,116,46,99,108,97,115,115]
declaration.item.definition.location.kind = "archive_entry"
declaration.item.definition.variant.kind = "base"
declaration.item.member_table = null
declaration.name = "Concat"
diagnostics = []
enum_switch_proofs = []
execution.status = "complete"
execution.usage.analysis_steps = 809
execution.usage.archive_entries = 9
execution.usage.attribute_bytes = 1032
execution.usage.class_bytes = 2270
execution.usage.class_headers = 1
execution.usage.code_bytes = 200
execution.usage.dependency_depth = 0
execution.usage.elapsed_millis = 15
execution.usage.entry_bytes = 1135
execution.usage.input_bytes = 1017
execution.usage.ir_edges = 105
execution.usage.ir_items = 2227
execution.usage.method_bodies = 8
execution.usage.nested_depth = 0
execution.usage.normalization_clones = 0
execution.usage.output_bytes = 2025
execution.usage.read_bytes = 568
execution.usage.result_items = 31
fields = []
initializer_proof.kind = "not_applicable"
limits.analysis_steps = 4194304
limits.archive_entries = 65536
limits.attribute_bytes = 67108864
limits.class_bytes = 67108864
limits.class_headers = 4096
limits.code_bytes = 16777216
limits.dependency_depth = 8
limits.elapsed_millis = 30000
limits.entry_bytes = 67108864
limits.input_bytes = 67108864
limits.ir_edges = 4194304
limits.ir_items = 4194304
limits.method_bodies = 4096
limits.nested_depth = 4
limits.normalization_clones = 1048576
limits.output_bytes = 16777216
limits.read_bytes = 67108864
limits.result_items = 65536
member_family.state = "absent"
methods.0.annotations.attributes = []
methods.0.annotations.refusals = []
methods.0.annotations.uses = []
methods.0.declaration = "private Concat()"
methods.0.item.access_flags = 2
methods.0.item.body.content_span.length = 17
methods.0.item.body.content_span.start = 739
methods.0.item.body.kind = "code_attribute"
methods.0.item.descriptor.escaped = "()V"
methods.0.item.descriptor.raw = [40,41,86]
methods.0.item.descriptor.utf16 = [40,41,86]
methods.0.item.identity.descriptor = [40,41,86]
methods.0.item.identity.name = [60,105,110,105,116,62]
methods.0.item.identity.owner.class_bytes.digest = "a9c28fff93ee189a8e59b317b99cbf366d5c7e1e7ffe85b5079fdec7bfd476fc"
methods.0.item.identity.owner.class_bytes.length = 1135
methods.0.item.identity.owner.location.entry.ordinal = 2
methods.0.item.identity.owner.location.entry.origin.root_container = "root"
methods.0.item.identity.owner.location.entry.origin.snapshot = "85d7dcbd77f803e35da5039edb0b3a0b940ad252958a24a67fe28b969d1791d1"
methods.0.item.identity.owner.location.entry.origin.steps = []
methods.0.item.identity.owner.location.entry.raw_name = [101,109,50,55,47,67,111,110,99,97,116,46,99,108,97,115,115]
methods.0.item.identity.owner.location.kind = "archive_entry"
methods.0.item.identity.owner.variant.kind = "base"
methods.0.item.index = 0
methods.0.item.name.escaped = "<init>"
methods.0.item.name.raw = [60,105,110,105,116,62]
methods.0.item.name.utf16 = [60,105,110,105,116,62]
methods.0.markers = []
methods.0.no_body_kind = null
methods.0.outcome.analysis.diagnostics = 0
methods.0.outcome.analysis.execution.status = "complete"
methods.0.outcome.analysis.execution.usage.analysis_steps = 21
methods.0.outcome.analysis.execution.usage.archive_entries = 9
methods.0.outcome.analysis.execution.usage.attribute_bytes = 711
methods.0.outcome.analysis.execution.usage.class_bytes = 2270
methods.0.outcome.analysis.execution.usage.class_headers = 1
methods.0.outcome.analysis.execution.usage.code_bytes = 5
methods.0.outcome.analysis.execution.usage.dependency_depth = 0
methods.0.outcome.analysis.execution.usage.elapsed_millis = 6
methods.0.outcome.analysis.execution.usage.entry_bytes = 1135
methods.0.outcome.analysis.execution.usage.input_bytes = 1017
methods.0.outcome.analysis.execution.usage.ir_edges = 2
methods.0.outcome.analysis.execution.usage.ir_items = 48
methods.0.outcome.analysis.execution.usage.method_bodies = 1
methods.0.outcome.analysis.execution.usage.nested_depth = 0
methods.0.outcome.analysis.execution.usage.normalization_clones = 0
methods.0.outcome.analysis.execution.usage.output_bytes = 0
methods.0.outcome.analysis.execution.usage.read_bytes = 568
methods.0.outcome.analysis.execution.usage.result_items = 23
methods.0.outcome.kind = "recovered"
methods.0.outcome.report.accessors = []
methods.0.outcome.report.aliased_names = []
methods.0.outcome.report.artifact.agreement.state = "not_stated"
methods.0.outcome.report.artifact.binding.engine = "0.1.0"
methods.0.outcome.report.artifact.binding.environment.content = ["85d7dcbd77f803e35da5039edb0b3a0b940ad252958a24a67fe28b969d1791d1"]
methods.0.outcome.report.artifact.binding.environment.domain_loaders = ["app"]
methods.0.outcome.report.artifact.binding.environment.providers = []
methods.0.outcome.report.artifact.binding.environment.runtime.load_domain.delegation.kind = "parent_first"
methods.0.outcome.report.artifact.binding.environment.runtime.load_domain.external_override = "none"
methods.0.outcome.report.artifact.binding.environment.runtime.load_domain.loader = "app"
methods.0.outcome.report.artifact.binding.environment.runtime.load_domain.module_mode.kind = "class_path"
methods.0.outcome.report.artifact.binding.environment.runtime.load_domain.parent_loader = null
methods.0.outcome.report.artifact.binding.environment.runtime.load_domain.roots.0.kind = "container"
methods.0.outcome.report.artifact.binding.environment.runtime.load_domain.roots.0.origin.root_container = "root"
methods.0.outcome.report.artifact.binding.environment.runtime.load_domain.roots.0.origin.snapshot = "85d7dcbd77f803e35da5039edb0b3a0b940ad252958a24a67fe28b969d1791d1"
methods.0.outcome.report.artifact.binding.environment.runtime.load_domain.roots.0.origin.steps = []
methods.0.outcome.report.artifact.binding.environment.runtime.load_domain.roots.0.prefix = []
methods.0.outcome.report.artifact.binding.environment.runtime.load_domain.runtime_transformation = "none"
methods.0.outcome.report.artifact.binding.environment.runtime.physical.scope.kind = "snapshot_all"
methods.0.outcome.report.artifact.binding.environment.runtime.physical.snapshot = "85d7dcbd77f803e35da5039edb0b3a0b940ad252958a24a67fe28b969d1791d1"
methods.0.outcome.report.artifact.binding.environment.runtime.profile.java_release = 8
methods.0.outcome.report.artifact.binding.environment.runtime.profile.layout.kind = "generic"
methods.0.outcome.report.artifact.binding.environment.runtime.profile.multi_release.kind = "disabled"
methods.0.outcome.report.artifact.binding.member_ordinal = 0
methods.0.outcome.report.artifact.binding.method.descriptor = [40,41,86]
methods.0.outcome.report.artifact.binding.method.name = [60,105,110,105,116,62]
methods.0.outcome.report.artifact.binding.method.owner.class_bytes.digest = "a9c28fff93ee189a8e59b317b99cbf366d5c7e1e7ffe85b5079fdec7bfd476fc"
methods.0.outcome.report.artifact.binding.method.owner.class_bytes.length = 1135
methods.0.outcome.report.artifact.binding.method.owner.location.entry.ordinal = 2
methods.0.outcome.report.artifact.binding.method.owner.location.entry.origin.root_container = "root"
methods.0.outcome.report.artifact.binding.method.owner.location.entry.origin.snapshot = "85d7dcbd77f803e35da5039edb0b3a0b940ad252958a24a67fe28b969d1791d1"
methods.0.outcome.report.artifact.binding.method.owner.location.entry.origin.steps = []
methods.0.outcome.report.artifact.binding.method.owner.location.entry.raw_name = [101,109,50,55,47,67,111,110,99,97,116,46,99,108,97,115,115]
methods.0.outcome.report.artifact.binding.method.owner.location.kind = "archive_entry"
methods.0.outcome.report.artifact.binding.method.owner.variant.kind = "base"
methods.0.outcome.report.artifact.binding.profile.java_release = 8
methods.0.outcome.report.artifact.binding.profile.layout.kind = "generic"
methods.0.outcome.report.artifact.binding.profile.multi_release.kind = "disabled"
methods.0.outcome.report.artifact.binding.registry = 71
methods.0.outcome.report.artifact.binding.rules = ["straight@1","if@1","loop@1","switch@1","lambda@1","concat@1","bridge@1","accessor@1","new@1","field@1","enumswitch@1","init@1","declaration@1","twr@1","monitor@1","finally@1"]
methods.0.outcome.report.artifact.binding.schema = 1
methods.0.outcome.report.artifact.binding.text_bytes = 185
methods.0.outcome.report.artifact.binding.text_digest = "37beb86692fe14c31c2b840db8b52f82"
methods.0.outcome.report.bridges = []
methods.0.outcome.report.compile_status = "not_attempted"
methods.0.outcome.report.concats = []
methods.0.outcome.report.content = "contains_statements"
methods.0.outcome.report.declaration = null
methods.0.outcome.report.diagnostics.0.code = "jre_recovery_produced"
methods.0.outcome.report.diagnostics.0.message = "1 region(s), 2 statement(s), 2 segment(s), 185 byte(s) written from 1 canonical block(s)"
methods.0.outcome.report.diagnostics.0.provenance = null
methods.0.outcome.report.diagnostics.0.severity = "info"
methods.0.outcome.report.diagnostics.1.code = "jre_constructor_prologue"
methods.0.outcome.report.diagnostics.1.message = "the body is an instance initializer and its prologue is written under init@1 as `super`: the call at BCI 1 names `java/lang/Object`, and the class that declares this constructor is `em27/Concat`"
methods.0.outcome.report.diagnostics.1.provenance = null
methods.0.outcome.report.diagnostics.1.severity = "info"
methods.0.outcome.report.diagnostics.2.code = "jre_declaration"
methods.0.outcome.report.diagnostics.2.message = "the artifact's envelope states the member's declaration under declaration@1: a constructor"
methods.0.outcome.report.diagnostics.2.provenance = null
methods.0.outcome.report.diagnostics.2.severity = "info"
methods.0.outcome.report.enum_switches = []
methods.0.outcome.report.evidence.categories.0.kind = "source_map"
methods.0.outcome.report.evidence.categories.0.state.state = "not_requested"
methods.0.outcome.report.evidence.categories.1.kind = "region_details"
methods.0.outcome.report.evidence.categories.1.state.state = "not_requested"
methods.0.outcome.report.evidence.categories.2.kind = "rule_details"
methods.0.outcome.report.evidence.categories.2.state.state = "not_requested"
methods.0.outcome.report.evidence.categories.3.kind = "name_details"
methods.0.outcome.report.evidence.categories.3.state.state = "not_requested"
methods.0.outcome.report.evidence.categories.4.kind = "read_details"
methods.0.outcome.report.evidence.categories.4.state.state = "not_requested"
methods.0.outcome.report.evidence.requested.driver_bci_range = null
methods.0.outcome.report.evidence.requested.expected_artifact = null
methods.0.outcome.report.evidence.requested.kinds = []
methods.0.outcome.report.execution.status = "complete"
methods.0.outcome.report.execution.usage.analysis_steps = 36
methods.0.outcome.report.execution.usage.archive_entries = 9
methods.0.outcome.report.execution.usage.attribute_bytes = 711
methods.0.outcome.report.execution.usage.class_bytes = 2270
methods.0.outcome.report.execution.usage.class_headers = 1
methods.0.outcome.report.execution.usage.code_bytes = 5
methods.0.outcome.report.execution.usage.dependency_depth = 0
methods.0.outcome.report.execution.usage.elapsed_millis = 9
methods.0.outcome.report.execution.usage.entry_bytes = 1135
methods.0.outcome.report.execution.usage.input_bytes = 1017
methods.0.outcome.report.execution.usage.ir_edges = 2
methods.0.outcome.report.execution.usage.ir_items = 63
methods.0.outcome.report.execution.usage.method_bodies = 1
methods.0.outcome.report.execution.usage.nested_depth = 0
methods.0.outcome.report.execution.usage.normalization_clones = 0
methods.0.outcome.report.execution.usage.output_bytes = 185
methods.0.outcome.report.execution.usage.read_bytes = 568
methods.0.outcome.report.execution.usage.result_items = 23
methods.0.outcome.report.fallbacks = []
methods.0.outcome.report.fields = []
methods.0.outcome.report.init = null
methods.0.outcome.report.lambdas = []
methods.0.outcome.report.method = "<init>()V"
methods.0.outcome.report.news = []
methods.0.outcome.report.outcome = "produced"
methods.0.outcome.report.profile.java_release = 8
methods.0.outcome.report.profile.layout.kind = "generic"
methods.0.outcome.report.profile.multi_release.kind = "disabled"
methods.0.outcome.report.quality = "structured"
methods.0.outcome.report.regions = []
methods.0.outcome.report.representation = "java"
methods.0.outcome.report.rules = []
methods.0.outcome.report.semantic_validation = "unproven"
methods.0.outcome.report.source_map.segments = []
methods.0.outcome.report.syntax_status = "unchecked"
methods.0.outcome.report.text = "// @method <init>()V\n// @declaration a constructor of `em27.Concat`, member flags 0x0002\n// recovered from bytecode; presentation is not claimed to compile\n{\n    super();\n    return;\n}\n"
methods.0.outcome.report.verification = "not_performed"
methods.0.parameter_annotations.attributes = []
methods.0.parameter_annotations.refusals = []
methods.0.parameter_annotations.uses_by_position = []
methods.0.text = "    private Concat() {\n        // @method <init>()V\n        // @declaration a constructor of `em27.Concat`, member flags 0x0002\n        // recovered from bytecode; presentation is not claimed to compile\n        super();\n        return;\n    }\n"
methods.0.type_annotations.attributes = []
methods.0.type_annotations.field_uses = []
methods.0.type_annotations.parameter_uses = []
methods.0.type_annotations.refusals = []
methods.0.type_annotations.return_uses = []
methods.1.annotations.attributes = []
methods.1.annotations.refusals = []
methods.1.annotations.uses = []
methods.1.declaration = "public static java.lang.String builder(int arg0)"
methods.1.item.access_flags = 9
methods.1.item.body.content_span.length = 37
methods.1.item.body.content_span.start = 770
methods.1.item.body.kind = "code_attribute"
methods.1.item.descriptor.escaped = "(I)Ljava/lang/String;"
methods.1.item.descriptor.raw = [40,73,41,76,106,97,118,97,47,108,97,110,103,47,83,116,114,105,110,103,59]
methods.1.item.descriptor.utf16 = [40,73,41,76,106,97,118,97,47,108,97,110,103,47,83,116,114,105,110,103,59]
methods.1.item.identity.descriptor = [40,73,41,76,106,97,118,97,47,108,97,110,103,47,83,116,114,105,110,103,59]
methods.1.item.identity.name = [98,117,105,108,100,101,114]
methods.1.item.identity.owner.class_bytes.digest = "a9c28fff93ee189a8e59b317b99cbf366d5c7e1e7ffe85b5079fdec7bfd476fc"
methods.1.item.identity.owner.class_bytes.length = 1135
methods.1.item.identity.owner.location.entry.ordinal = 2
methods.1.item.identity.owner.location.entry.origin.root_container = "root"
methods.1.item.identity.owner.location.entry.origin.snapshot = "85d7dcbd77f803e35da5039edb0b3a0b940ad252958a24a67fe28b969d1791d1"
methods.1.item.identity.owner.location.entry.origin.steps = []
methods.1.item.identity.owner.location.entry.raw_name = [101,109,50,55,47,67,111,110,99,97,116,46,99,108,97,115,115]
methods.1.item.identity.owner.location.kind = "archive_entry"
methods.1.item.identity.owner.variant.kind = "base"
methods.1.item.index = 1
methods.1.item.name.escaped = "builder"
methods.1.item.name.raw = [98,117,105,108,100,101,114]
methods.1.item.name.utf16 = [98,117,105,108,100,101,114]
methods.1.markers = []
methods.1.no_body_kind = null
methods.1.outcome.analysis.diagnostics = 0
methods.1.outcome.analysis.execution.status = "complete"
methods.1.outcome.analysis.execution.usage.analysis_steps = 96
methods.1.outcome.analysis.execution.usage.archive_entries = 9
methods.1.outcome.analysis.execution.usage.attribute_bytes = 754
methods.1.outcome.analysis.execution.usage.class_bytes = 2270
methods.1.outcome.analysis.execution.usage.class_headers = 1
methods.1.outcome.analysis.execution.usage.code_bytes = 30
methods.1.outcome.analysis.execution.usage.dependency_depth = 0
methods.1.outcome.analysis.execution.usage.elapsed_millis = 9
methods.1.outcome.analysis.execution.usage.entry_bytes = 1135
methods.1.outcome.analysis.execution.usage.input_bytes = 1017
methods.1.outcome.analysis.execution.usage.ir_edges = 13
methods.1.outcome.analysis.execution.usage.ir_items = 229
methods.1.outcome.analysis.execution.usage.method_bodies = 2
methods.1.outcome.analysis.execution.usage.nested_depth = 0
methods.1.outcome.analysis.execution.usage.normalization_clones = 0
methods.1.outcome.analysis.execution.usage.output_bytes = 185
methods.1.outcome.analysis.execution.usage.read_bytes = 568
methods.1.outcome.analysis.execution.usage.result_items = 24
methods.1.outcome.kind = "recovered"
methods.1.outcome.report.accessors = []
methods.1.outcome.report.aliased_names = []
methods.1.outcome.report.artifact.agreement.state = "not_stated"
methods.1.outcome.report.artifact.binding.engine = "0.1.0"
methods.1.outcome.report.artifact.binding.environment.content = ["85d7dcbd77f803e35da5039edb0b3a0b940ad252958a24a67fe28b969d1791d1"]
methods.1.outcome.report.artifact.binding.environment.domain_loaders = ["app"]
methods.1.outcome.report.artifact.binding.environment.providers = []
methods.1.outcome.report.artifact.binding.environment.runtime.load_domain.delegation.kind = "parent_first"
methods.1.outcome.report.artifact.binding.environment.runtime.load_domain.external_override = "none"
methods.1.outcome.report.artifact.binding.environment.runtime.load_domain.loader = "app"
methods.1.outcome.report.artifact.binding.environment.runtime.load_domain.module_mode.kind = "class_path"
methods.1.outcome.report.artifact.binding.environment.runtime.load_domain.parent_loader = null
methods.1.outcome.report.artifact.binding.environment.runtime.load_domain.roots.0.kind = "container"
methods.1.outcome.report.artifact.binding.environment.runtime.load_domain.roots.0.origin.root_container = "root"
methods.1.outcome.report.artifact.binding.environment.runtime.load_domain.roots.0.origin.snapshot = "85d7dcbd77f803e35da5039edb0b3a0b940ad252958a24a67fe28b969d1791d1"
methods.1.outcome.report.artifact.binding.environment.runtime.load_domain.roots.0.origin.steps = []
methods.1.outcome.report.artifact.binding.environment.runtime.load_domain.roots.0.prefix = []
methods.1.outcome.report.artifact.binding.environment.runtime.load_domain.runtime_transformation = "none"
methods.1.outcome.report.artifact.binding.environment.runtime.physical.scope.kind = "snapshot_all"
methods.1.outcome.report.artifact.binding.environment.runtime.physical.snapshot = "85d7dcbd77f803e35da5039edb0b3a0b940ad252958a24a67fe28b969d1791d1"
methods.1.outcome.report.artifact.binding.environment.runtime.profile.java_release = 8
methods.1.outcome.report.artifact.binding.environment.runtime.profile.layout.kind = "generic"
methods.1.outcome.report.artifact.binding.environment.runtime.profile.multi_release.kind = "disabled"
methods.1.outcome.report.artifact.binding.member_ordinal = 1
methods.1.outcome.report.artifact.binding.method.descriptor = [40,73,41,76,106,97,118,97,47,108,97,110,103,47,83,116,114,105,110,103,59]
methods.1.outcome.report.artifact.binding.method.name = [98,117,105,108,100,101,114]
methods.1.outcome.report.artifact.binding.method.owner.class_bytes.digest = "a9c28fff93ee189a8e59b317b99cbf366d5c7e1e7ffe85b5079fdec7bfd476fc"
methods.1.outcome.report.artifact.binding.method.owner.class_bytes.length = 1135
methods.1.outcome.report.artifact.binding.method.owner.location.entry.ordinal = 2
methods.1.outcome.report.artifact.binding.method.owner.location.entry.origin.root_container = "root"
methods.1.outcome.report.artifact.binding.method.owner.location.entry.origin.snapshot = "85d7dcbd77f803e35da5039edb0b3a0b940ad252958a24a67fe28b969d1791d1"
methods.1.outcome.report.artifact.binding.method.owner.location.entry.origin.steps = []
methods.1.outcome.report.artifact.binding.method.owner.location.entry.raw_name = [101,109,50,55,47,67,111,110,99,97,116,46,99,108,97,115,115]
methods.1.outcome.report.artifact.binding.method.owner.location.kind = "archive_entry"
methods.1.outcome.report.artifact.binding.method.owner.variant.kind = "base"
methods.1.outcome.report.artifact.binding.profile.java_release = 8
methods.1.outcome.report.artifact.binding.profile.layout.kind = "generic"
methods.1.outcome.report.artifact.binding.profile.multi_release.kind = "disabled"
methods.1.outcome.report.artifact.binding.registry = 71
methods.1.outcome.report.artifact.binding.rules = ["straight@1","if@1","loop@1","switch@1","lambda@1","concat@1","bridge@1","accessor@1","new@1","field@1","enumswitch@1","init@1","declaration@1","twr@1","monitor@1","finally@1"]
methods.1.outcome.report.artifact.binding.schema = 1
methods.1.outcome.report.artifact.binding.text_bytes = 221
methods.1.outcome.report.artifact.binding.text_digest = "ba2401409145d4dfc5b688e05d315d7d"
methods.1.outcome.report.bridges = []
methods.1.outcome.report.compile_status = "not_attempted"
methods.1.outcome.report.concats = []
methods.1.outcome.report.content = "contains_statements"
methods.1.outcome.report.declaration = null
methods.1.outcome.report.diagnostics.0.code = "jre_recovery_produced"
methods.1.outcome.report.diagnostics.0.message = "1 region(s), 1 statement(s), 5 segment(s), 221 byte(s) written from 1 canonical block(s)"
methods.1.outcome.report.diagnostics.0.provenance = null
methods.1.outcome.report.diagnostics.0.severity = "info"
methods.1.outcome.report.diagnostics.1.code = "jre_concat_chains"
methods.1.outcome.report.diagnostics.1.message = "1 concatenation candidate(s) read under concat@1: 1 presented, 0 refused"
methods.1.outcome.report.diagnostics.1.provenance = null
methods.1.outcome.report.diagnostics.1.severity = "info"
methods.1.outcome.report.diagnostics.2.code = "jre_declaration"
methods.1.outcome.report.diagnostics.2.message = "the artifact's envelope states the member's declaration under declaration@1: a static method"
methods.1.outcome.report.diagnostics.2.provenance = null
methods.1.outcome.report.diagnostics.2.severity = "info"
methods.1.outcome.report.enum_switches = []
methods.1.outcome.report.evidence.categories.0.kind = "source_map"
methods.1.outcome.report.evidence.categories.0.state.state = "not_requested"
methods.1.outcome.report.evidence.categories.1.kind = "region_details"
methods.1.outcome.report.evidence.categories.1.state.state = "not_requested"
methods.1.outcome.report.evidence.categories.2.kind = "rule_details"
methods.1.outcome.report.evidence.categories.2.state.state = "not_requested"
methods.1.outcome.report.evidence.categories.3.kind = "name_details"
methods.1.outcome.report.evidence.categories.3.state.state = "not_requested"
methods.1.outcome.report.evidence.categories.4.kind = "read_details"
methods.1.outcome.report.evidence.categories.4.state.state = "not_requested"
methods.1.outcome.report.evidence.requested.driver_bci_range = null
methods.1.outcome.report.evidence.requested.expected_artifact = null
methods.1.outcome.report.evidence.requested.kinds = []
methods.1.outcome.report.execution.status = "complete"
methods.1.outcome.report.execution.usage.analysis_steps = 121
methods.1.outcome.report.execution.usage.archive_entries = 9
methods.1.outcome.report.execution.usage.attribute_bytes = 754
methods.1.outcome.report.execution.usage.class_bytes = 2270
methods.1.outcome.report.execution.usage.class_headers = 1
methods.1.outcome.report.execution.usage.code_bytes = 30
methods.1.outcome.report.execution.usage.dependency_depth = 0
methods.1.outcome.report.execution.usage.elapsed_millis = 10
methods.1.outcome.report.execution.usage.entry_bytes = 1135
methods.1.outcome.report.execution.usage.input_bytes = 1017
methods.1.outcome.report.execution.usage.ir_edges = 13
methods.1.outcome.report.execution.usage.ir_items = 272
methods.1.outcome.report.execution.usage.method_bodies = 2
methods.1.outcome.report.execution.usage.nested_depth = 0
methods.1.outcome.report.execution.usage.normalization_clones = 0
methods.1.outcome.report.execution.usage.output_bytes = 406
methods.1.outcome.report.execution.usage.read_bytes = 568
methods.1.outcome.report.execution.usage.result_items = 24
methods.1.outcome.report.fallbacks = []
methods.1.outcome.report.fields = []
methods.1.outcome.report.init = null
methods.1.outcome.report.lambdas = []
methods.1.outcome.report.method = "builder(I)Ljava/lang/String;"
methods.1.outcome.report.news = []
methods.1.outcome.report.outcome = "produced"
methods.1.outcome.report.profile.java_release = 8
methods.1.outcome.report.profile.layout.kind = "generic"
methods.1.outcome.report.profile.multi_release.kind = "disabled"
methods.1.outcome.report.quality = "structured"
methods.1.outcome.report.regions = []
methods.1.outcome.report.representation = "java"
methods.1.outcome.report.rules = []
methods.1.outcome.report.semantic_validation = "unproven"
methods.1.outcome.report.source_map.segments = []
methods.1.outcome.report.syntax_status = "unchecked"
methods.1.outcome.report.text = "// @method builder(I)Ljava/lang/String;\n// @declaration a static method of `em27.Concat`, member flags 0x0009\n// recovered from bytecode; presentation is not claimed to compile\n{\n    return \"Value\" + \" equals \" + arg0;\n}\n"
methods.1.outcome.report.verification = "not_performed"
methods.1.parameter_annotations.attributes = []
methods.1.parameter_annotations.refusals = []
methods.1.parameter_annotations.uses_by_position = [[]]
methods.1.text = "    public static java.lang.String builder(int arg0) {\n        // @method builder(I)Ljava/lang/String;\n        // @declaration a static method of `em27.Concat`, member flags 0x0009\n        // recovered from bytecode; presentation is not claimed to compile\n        return \"Value\" + \" equals \" + arg0;\n    }\n"
methods.1.type_annotations.attributes = []
methods.1.type_annotations.field_uses = []
methods.1.type_annotations.parameter_uses = [[]]
methods.1.type_annotations.refusals = []
methods.1.type_annotations.return_uses = []
methods.2.annotations.attributes = []
methods.2.annotations.refusals = []
methods.2.annotations.uses = []
methods.2.declaration = "public static java.lang.String folded()"
methods.2.item.access_flags = 9
methods.2.item.body.content_span.length = 46
methods.2.item.body.content_span.start = 821
methods.2.item.body.kind = "code_attribute"
methods.2.item.descriptor.escaped = "()Ljava/lang/String;"
methods.2.item.descriptor.raw = [40,41,76,106,97,118,97,47,108,97,110,103,47,83,116,114,105,110,103,59]
methods.2.item.descriptor.utf16 = [40,41,76,106,97,118,97,47,108,97,110,103,47,83,116,114,105,110,103,59]
methods.2.item.identity.descriptor = [40,41,76,106,97,118,97,47,108,97,110,103,47,83,116,114,105,110,103,59]
methods.2.item.identity.name = [102,111,108,100,101,100]
methods.2.item.identity.owner.class_bytes.digest = "a9c28fff93ee189a8e59b317b99cbf366d5c7e1e7ffe85b5079fdec7bfd476fc"
methods.2.item.identity.owner.class_bytes.length = 1135
methods.2.item.identity.owner.location.entry.ordinal = 2
methods.2.item.identity.owner.location.entry.origin.root_container = "root"
methods.2.item.identity.owner.location.entry.origin.snapshot = "85d7dcbd77f803e35da5039edb0b3a0b940ad252958a24a67fe28b969d1791d1"
methods.2.item.identity.owner.location.entry.origin.steps = []
methods.2.item.identity.owner.location.entry.raw_name = [101,109,50,55,47,67,111,110,99,97,116,46,99,108,97,115,115]
methods.2.item.identity.owner.location.kind = "archive_entry"
methods.2.item.identity.owner.variant.kind = "base"
methods.2.item.index = 2
methods.2.item.name.escaped = "folded"
methods.2.item.name.raw = [102,111,108,100,101,100]
methods.2.item.name.utf16 = [102,111,108,100,101,100]
methods.2.markers = []
methods.2.no_body_kind = null
methods.2.outcome.analysis.diagnostics = 0
methods.2.outcome.analysis.execution.status = "complete"
methods.2.outcome.analysis.execution.usage.analysis_steps = 199
methods.2.outcome.analysis.execution.usage.archive_entries = 9
methods.2.outcome.analysis.execution.usage.attribute_bytes = 806
methods.2.outcome.analysis.execution.usage.class_bytes = 2270
methods.2.outcome.analysis.execution.usage.class_headers = 1
methods.2.outcome.analysis.execution.usage.code_bytes = 64
methods.2.outcome.analysis.execution.usage.dependency_depth = 0
methods.2.outcome.analysis.execution.usage.elapsed_millis = 10
methods.2.outcome.analysis.execution.usage.entry_bytes = 1135
methods.2.outcome.analysis.execution.usage.input_bytes = 1017
methods.2.outcome.analysis.execution.usage.ir_edges = 27
methods.2.outcome.analysis.execution.usage.ir_items = 476
methods.2.outcome.analysis.execution.usage.method_bodies = 3
methods.2.outcome.analysis.execution.usage.nested_depth = 0
methods.2.outcome.analysis.execution.usage.normalization_clones = 0
methods.2.outcome.analysis.execution.usage.output_bytes = 406
methods.2.outcome.analysis.execution.usage.read_bytes = 568
methods.2.outcome.analysis.execution.usage.result_items = 25
methods.2.outcome.kind = "recovered"
methods.2.outcome.report.accessors = []
methods.2.outcome.report.aliased_names = []
methods.2.outcome.report.artifact.agreement.state = "not_stated"
methods.2.outcome.report.artifact.binding.engine = "0.1.0"
methods.2.outcome.report.artifact.binding.environment.content = ["85d7dcbd77f803e35da5039edb0b3a0b940ad252958a24a67fe28b969d1791d1"]
methods.2.outcome.report.artifact.binding.environment.domain_loaders = ["app"]
methods.2.outcome.report.artifact.binding.environment.providers = []
methods.2.outcome.report.artifact.binding.environment.runtime.load_domain.delegation.kind = "parent_first"
methods.2.outcome.report.artifact.binding.environment.runtime.load_domain.external_override = "none"
methods.2.outcome.report.artifact.binding.environment.runtime.load_domain.loader = "app"
methods.2.outcome.report.artifact.binding.environment.runtime.load_domain.module_mode.kind = "class_path"
methods.2.outcome.report.artifact.binding.environment.runtime.load_domain.parent_loader = null
methods.2.outcome.report.artifact.binding.environment.runtime.load_domain.roots.0.kind = "container"
methods.2.outcome.report.artifact.binding.environment.runtime.load_domain.roots.0.origin.root_container = "root"
methods.2.outcome.report.artifact.binding.environment.runtime.load_domain.roots.0.origin.snapshot = "85d7dcbd77f803e35da5039edb0b3a0b940ad252958a24a67fe28b969d1791d1"
methods.2.outcome.report.artifact.binding.environment.runtime.load_domain.roots.0.origin.steps = []
methods.2.outcome.report.artifact.binding.environment.runtime.load_domain.roots.0.prefix = []
methods.2.outcome.report.artifact.binding.environment.runtime.load_domain.runtime_transformation = "none"
methods.2.outcome.report.artifact.binding.environment.runtime.physical.scope.kind = "snapshot_all"
methods.2.outcome.report.artifact.binding.environment.runtime.physical.snapshot = "85d7dcbd77f803e35da5039edb0b3a0b940ad252958a24a67fe28b969d1791d1"
methods.2.outcome.report.artifact.binding.environment.runtime.profile.java_release = 8
methods.2.outcome.report.artifact.binding.environment.runtime.profile.layout.kind = "generic"
methods.2.outcome.report.artifact.binding.environment.runtime.profile.multi_release.kind = "disabled"
methods.2.outcome.report.artifact.binding.member_ordinal = 2
methods.2.outcome.report.artifact.binding.method.descriptor = [40,41,76,106,97,118,97,47,108,97,110,103,47,83,116,114,105,110,103,59]
methods.2.outcome.report.artifact.binding.method.name = [102,111,108,100,101,100]
methods.2.outcome.report.artifact.binding.method.owner.class_bytes.digest = "a9c28fff93ee189a8e59b317b99cbf366d5c7e1e7ffe85b5079fdec7bfd476fc"
methods.2.outcome.report.artifact.binding.method.owner.class_bytes.length = 1135
methods.2.outcome.report.artifact.binding.method.owner.location.entry.ordinal = 2
methods.2.outcome.report.artifact.binding.method.owner.location.entry.origin.root_container = "root"
methods.2.outcome.report.artifact.binding.method.owner.location.entry.origin.snapshot = "85d7dcbd77f803e35da5039edb0b3a0b940ad252958a24a67fe28b969d1791d1"
methods.2.outcome.report.artifact.binding.method.owner.location.entry.origin.steps = []
methods.2.outcome.report.artifact.binding.method.owner.location.entry.raw_name = [101,109,50,55,47,67,111,110,99,97,116,46,99,108,97,115,115]
methods.2.outcome.report.artifact.binding.method.owner.location.kind = "archive_entry"
methods.2.outcome.report.artifact.binding.method.owner.variant.kind = "base"
methods.2.outcome.report.artifact.binding.profile.java_release = 8
methods.2.outcome.report.artifact.binding.profile.layout.kind = "generic"
methods.2.outcome.report.artifact.binding.profile.multi_release.kind = "disabled"
methods.2.outcome.report.artifact.binding.registry = 71
methods.2.outcome.report.artifact.binding.rules = ["straight@1","if@1","loop@1","switch@1","lambda@1","concat@1","bridge@1","accessor@1","new@1","field@1","enumswitch@1","init@1","declaration@1","twr@1","monitor@1","finally@1"]
methods.2.outcome.report.artifact.binding.schema = 1
methods.2.outcome.report.artifact.binding.text_bytes = 226
methods.2.outcome.report.artifact.binding.text_digest = "8fd318f2168d5969a47c2fb26c1b6eb1"
methods.2.outcome.report.bridges = []
methods.2.outcome.report.compile_status = "not_attempted"
methods.2.outcome.report.concats = []
methods.2.outcome.report.content = "contains_statements"
methods.2.outcome.report.declaration = null
methods.2.outcome.report.diagnostics.0.code = "jre_recovery_produced"
methods.2.outcome.report.diagnostics.0.message = "1 region(s), 1 statement(s), 7 segment(s), 226 byte(s) written from 1 canonical block(s)"
methods.2.outcome.report.diagnostics.0.provenance = null
methods.2.outcome.report.diagnostics.0.severity = "info"
methods.2.outcome.report.diagnostics.1.code = "jre_concat_chains"
methods.2.outcome.report.diagnostics.1.message = "1 concatenation candidate(s) read under concat@1: 1 presented, 0 refused"
methods.2.outcome.report.diagnostics.1.provenance = null
methods.2.outcome.report.diagnostics.1.severity = "info"
methods.2.outcome.report.diagnostics.2.code = "jre_declaration"
methods.2.outcome.report.diagnostics.2.message = "the artifact's envelope states the member's declaration under declaration@1: a static method"
methods.2.outcome.report.diagnostics.2.provenance = null
methods.2.outcome.report.diagnostics.2.severity = "info"
methods.2.outcome.report.enum_switches = []
methods.2.outcome.report.evidence.categories.0.kind = "source_map"
methods.2.outcome.report.evidence.categories.0.state.state = "not_requested"
methods.2.outcome.report.evidence.categories.1.kind = "region_details"
methods.2.outcome.report.evidence.categories.1.state.state = "not_requested"
methods.2.outcome.report.evidence.categories.2.kind = "rule_details"
methods.2.outcome.report.evidence.categories.2.state.state = "not_requested"
methods.2.outcome.report.evidence.categories.3.kind = "name_details"
methods.2.outcome.report.evidence.categories.3.state.state = "not_requested"
methods.2.outcome.report.evidence.categories.4.kind = "read_details"
methods.2.outcome.report.evidence.categories.4.state.state = "not_requested"
methods.2.outcome.report.evidence.requested.driver_bci_range = null
methods.2.outcome.report.evidence.requested.expected_artifact = null
methods.2.outcome.report.evidence.requested.kinds = []
methods.2.outcome.report.execution.status = "complete"
methods.2.outcome.report.execution.usage.analysis_steps = 229
methods.2.outcome.report.execution.usage.archive_entries = 9
methods.2.outcome.report.execution.usage.attribute_bytes = 806
methods.2.outcome.report.execution.usage.class_bytes = 2270
methods.2.outcome.report.execution.usage.class_headers = 1
methods.2.outcome.report.execution.usage.code_bytes = 64
methods.2.outcome.report.execution.usage.dependency_depth = 0
methods.2.outcome.report.execution.usage.elapsed_millis = 11
methods.2.outcome.report.execution.usage.entry_bytes = 1135
methods.2.outcome.report.execution.usage.input_bytes = 1017
methods.2.outcome.report.execution.usage.ir_edges = 27
methods.2.outcome.report.execution.usage.ir_items = 532
methods.2.outcome.report.execution.usage.method_bodies = 3
methods.2.outcome.report.execution.usage.nested_depth = 0
methods.2.outcome.report.execution.usage.normalization_clones = 0
methods.2.outcome.report.execution.usage.output_bytes = 632
methods.2.outcome.report.execution.usage.read_bytes = 568
methods.2.outcome.report.execution.usage.result_items = 25
methods.2.outcome.report.fallbacks = []
methods.2.outcome.report.fields = []
methods.2.outcome.report.init = null
methods.2.outcome.report.lambdas = []
methods.2.outcome.report.method = "folded()Ljava/lang/String;"
methods.2.outcome.report.news = []
methods.2.outcome.report.outcome = "produced"
methods.2.outcome.report.profile.java_release = 8
methods.2.outcome.report.profile.layout.kind = "generic"
methods.2.outcome.report.profile.multi_release.kind = "disabled"
methods.2.outcome.report.quality = "structured"
methods.2.outcome.report.regions = []
methods.2.outcome.report.representation = "java"
methods.2.outcome.report.rules = []
methods.2.outcome.report.semantic_validation = "unproven"
methods.2.outcome.report.source_map.segments = []
methods.2.outcome.report.syntax_status = "unchecked"
methods.2.outcome.report.text = "// @method folded()Ljava/lang/String;\n// @declaration a static method of `em27.Concat`, member flags 0x0009\n// recovered from bytecode; presentation is not claimed to compile\n{\n    return \"App \" + \"version: \" + 1 + '.' + 2;\n}\n"
methods.2.outcome.report.verification = "not_performed"
methods.2.parameter_annotations.attributes = []
methods.2.parameter_annotations.refusals = []
methods.2.parameter_annotations.uses_by_position = []
methods.2.text = "    public static java.lang.String folded() {\n        // @method folded()Ljava/lang/String;\n        // @declaration a static method of `em27.Concat`, member flags 0x0009\n        // recovered from bytecode; presentation is not claimed to compile\n        return \"App \" + \"version: \" + 1 + '.' + 2;\n    }\n"
methods.2.type_annotations.attributes = []
methods.2.type_annotations.field_uses = []
methods.2.type_annotations.parameter_uses = []
methods.2.type_annotations.refusals = []
methods.2.type_annotations.return_uses = []
methods.3.annotations.attributes = []
methods.3.annotations.refusals = []
methods.3.annotations.uses = []
methods.3.declaration = "public static java.lang.String objects(java.lang.Object arg0, java.lang.Object arg1)"
methods.3.item.access_flags = 9
methods.3.item.body.content_span.length = 44
methods.3.item.body.content_span.start = 881
methods.3.item.body.kind = "code_attribute"
methods.3.item.descriptor.escaped = "(Ljava/lang/Object;Ljava/lang/Object;)Ljava/lang/String;"
methods.3.item.descriptor.raw = [40,76,106,97,118,97,47,108,97,110,103,47,79,98,106,101,99,116,59,76,106,97,118,97,47,108,97,110,103,47,79,98,106,101,99,116,59,41,76,106,97,118,97,47,108,97,110,103,47,83,116,114,105,110,103,59]
methods.3.item.descriptor.utf16 = [40,76,106,97,118,97,47,108,97,110,103,47,79,98,106,101,99,116,59,76,106,97,118,97,47,108,97,110,103,47,79,98,106,101,99,116,59,41,76,106,97,118,97,47,108,97,110,103,47,83,116,114,105,110,103,59]
methods.3.item.identity.descriptor = [40,76,106,97,118,97,47,108,97,110,103,47,79,98,106,101,99,116,59,76,106,97,118,97,47,108,97,110,103,47,79,98,106,101,99,116,59,41,76,106,97,118,97,47,108,97,110,103,47,83,116,114,105,110,103,59]
methods.3.item.identity.name = [111,98,106,101,99,116,115]
methods.3.item.identity.owner.class_bytes.digest = "a9c28fff93ee189a8e59b317b99cbf366d5c7e1e7ffe85b5079fdec7bfd476fc"
methods.3.item.identity.owner.class_bytes.length = 1135
methods.3.item.identity.owner.location.entry.ordinal = 2
methods.3.item.identity.owner.location.entry.origin.root_container = "root"
methods.3.item.identity.owner.location.entry.origin.snapshot = "85d7dcbd77f803e35da5039edb0b3a0b940ad252958a24a67fe28b969d1791d1"
methods.3.item.identity.owner.location.entry.origin.steps = []
methods.3.item.identity.owner.location.entry.raw_name = [101,109,50,55,47,67,111,110,99,97,116,46,99,108,97,115,115]
methods.3.item.identity.owner.location.kind = "archive_entry"
methods.3.item.identity.owner.variant.kind = "base"
methods.3.item.index = 3
methods.3.item.name.escaped = "objects"
methods.3.item.name.raw = [111,98,106,101,99,116,115]
methods.3.item.name.utf16 = [111,98,106,101,99,116,115]
methods.3.markers = []
methods.3.no_body_kind = null
methods.3.outcome.analysis.diagnostics = 0
methods.3.outcome.analysis.execution.status = "complete"
methods.3.outcome.analysis.execution.usage.analysis_steps = 319
methods.3.outcome.analysis.execution.usage.archive_entries = 9
methods.3.outcome.analysis.execution.usage.attribute_bytes = 856
methods.3.outcome.analysis.execution.usage.class_bytes = 2270
methods.3.outcome.analysis.execution.usage.class_headers = 1
methods.3.outcome.analysis.execution.usage.code_bytes = 96
methods.3.outcome.analysis.execution.usage.dependency_depth = 0
methods.3.outcome.analysis.execution.usage.elapsed_millis = 11
methods.3.outcome.analysis.execution.usage.entry_bytes = 1135
methods.3.outcome.analysis.execution.usage.input_bytes = 1017
methods.3.outcome.analysis.execution.usage.ir_edges = 47
methods.3.outcome.analysis.execution.usage.ir_items = 794
methods.3.outcome.analysis.execution.usage.method_bodies = 4
methods.3.outcome.analysis.execution.usage.nested_depth = 0
methods.3.outcome.analysis.execution.usage.normalization_clones = 0
methods.3.outcome.analysis.execution.usage.output_bytes = 632
methods.3.outcome.analysis.execution.usage.read_bytes = 568
methods.3.outcome.analysis.execution.usage.result_items = 26
methods.3.outcome.kind = "recovered"
methods.3.outcome.report.accessors = []
methods.3.outcome.report.aliased_names = []
methods.3.outcome.report.artifact.agreement.state = "not_stated"
methods.3.outcome.report.artifact.binding.engine = "0.1.0"
methods.3.outcome.report.artifact.binding.environment.content = ["85d7dcbd77f803e35da5039edb0b3a0b940ad252958a24a67fe28b969d1791d1"]
methods.3.outcome.report.artifact.binding.environment.domain_loaders = ["app"]
methods.3.outcome.report.artifact.binding.environment.providers = []
methods.3.outcome.report.artifact.binding.environment.runtime.load_domain.delegation.kind = "parent_first"
methods.3.outcome.report.artifact.binding.environment.runtime.load_domain.external_override = "none"
methods.3.outcome.report.artifact.binding.environment.runtime.load_domain.loader = "app"
methods.3.outcome.report.artifact.binding.environment.runtime.load_domain.module_mode.kind = "class_path"
methods.3.outcome.report.artifact.binding.environment.runtime.load_domain.parent_loader = null
methods.3.outcome.report.artifact.binding.environment.runtime.load_domain.roots.0.kind = "container"
methods.3.outcome.report.artifact.binding.environment.runtime.load_domain.roots.0.origin.root_container = "root"
methods.3.outcome.report.artifact.binding.environment.runtime.load_domain.roots.0.origin.snapshot = "85d7dcbd77f803e35da5039edb0b3a0b940ad252958a24a67fe28b969d1791d1"
methods.3.outcome.report.artifact.binding.environment.runtime.load_domain.roots.0.origin.steps = []
methods.3.outcome.report.artifact.binding.environment.runtime.load_domain.roots.0.prefix = []
methods.3.outcome.report.artifact.binding.environment.runtime.load_domain.runtime_transformation = "none"
methods.3.outcome.report.artifact.binding.environment.runtime.physical.scope.kind = "snapshot_all"
methods.3.outcome.report.artifact.binding.environment.runtime.physical.snapshot = "85d7dcbd77f803e35da5039edb0b3a0b940ad252958a24a67fe28b969d1791d1"
methods.3.outcome.report.artifact.binding.environment.runtime.profile.java_release = 8
methods.3.outcome.report.artifact.binding.environment.runtime.profile.layout.kind = "generic"
methods.3.outcome.report.artifact.binding.environment.runtime.profile.multi_release.kind = "disabled"
methods.3.outcome.report.artifact.binding.member_ordinal = 3
methods.3.outcome.report.artifact.binding.method.descriptor = [40,76,106,97,118,97,47,108,97,110,103,47,79,98,106,101,99,116,59,76,106,97,118,97,47,108,97,110,103,47,79,98,106,101,99,116,59,41,76,106,97,118,97,47,108,97,110,103,47,83,116,114,105,110,103,59]
methods.3.outcome.report.artifact.binding.method.name = [111,98,106,101,99,116,115]
methods.3.outcome.report.artifact.binding.method.owner.class_bytes.digest = "a9c28fff93ee189a8e59b317b99cbf366d5c7e1e7ffe85b5079fdec7bfd476fc"
methods.3.outcome.report.artifact.binding.method.owner.class_bytes.length = 1135
methods.3.outcome.report.artifact.binding.method.owner.location.entry.ordinal = 2
methods.3.outcome.report.artifact.binding.method.owner.location.entry.origin.root_container = "root"
methods.3.outcome.report.artifact.binding.method.owner.location.entry.origin.snapshot = "85d7dcbd77f803e35da5039edb0b3a0b940ad252958a24a67fe28b969d1791d1"
methods.3.outcome.report.artifact.binding.method.owner.location.entry.origin.steps = []
methods.3.outcome.report.artifact.binding.method.owner.location.entry.raw_name = [101,109,50,55,47,67,111,110,99,97,116,46,99,108,97,115,115]
methods.3.outcome.report.artifact.binding.method.owner.location.kind = "archive_entry"
methods.3.outcome.report.artifact.binding.method.owner.variant.kind = "base"
methods.3.outcome.report.artifact.binding.profile.java_release = 8
methods.3.outcome.report.artifact.binding.profile.layout.kind = "generic"
methods.3.outcome.report.artifact.binding.profile.multi_release.kind = "disabled"
methods.3.outcome.report.artifact.binding.registry = 71
methods.3.outcome.report.artifact.binding.rules = ["straight@1","if@1","loop@1","switch@1","lambda@1","concat@1","bridge@1","accessor@1","new@1","field@1","enumswitch@1","init@1","declaration@1","twr@1","monitor@1","finally@1"]
methods.3.outcome.report.artifact.binding.schema = 1
methods.3.outcome.report.artifact.binding.text_bytes = 388
methods.3.outcome.report.artifact.binding.text_digest = "c767d962fdb234f370097f3c4cba7f38"
methods.3.outcome.report.bridges = []
methods.3.outcome.report.compile_status = "not_attempted"
methods.3.outcome.report.concats = []
methods.3.outcome.report.content = "contains_statements"
methods.3.outcome.report.declaration = null
methods.3.outcome.report.diagnostics.0.code = "jre_recovery_produced"
methods.3.outcome.report.diagnostics.0.message = "1 region(s), 5 statement(s), 17 segment(s), 388 byte(s) written from 1 canonical block(s)"
methods.3.outcome.report.diagnostics.0.provenance = null
methods.3.outcome.report.diagnostics.0.severity = "info"
methods.3.outcome.report.diagnostics.1.code = "jre_concat_interleaved_effect"
methods.3.outcome.report.diagnostics.1.message = "the concatenation at BCI 0 was not presented: the instruction at BCI 7 is an Store { slot: 2 } between the chain's own instructions, and presenting the concatenation would write the `append` calls around it: the effect at BCI 7 would run in a different order or a different number of times"
methods.3.outcome.report.diagnostics.1.provenance = null
methods.3.outcome.report.diagnostics.1.severity = "warning"
methods.3.outcome.report.diagnostics.2.code = "jre_concat_chains"
methods.3.outcome.report.diagnostics.2.message = "1 concatenation candidate(s) read under concat@1: 0 presented, 1 refused"
methods.3.outcome.report.diagnostics.2.provenance = null
methods.3.outcome.report.diagnostics.2.severity = "info"
methods.3.outcome.report.diagnostics.3.code = "jre_new_sites"
methods.3.outcome.report.diagnostics.3.message = "1 construction candidate(s) read under new@1: 1 presented as `new`, 0 refused"
methods.3.outcome.report.diagnostics.3.provenance = null
methods.3.outcome.report.diagnostics.3.severity = "info"
methods.3.outcome.report.diagnostics.4.code = "jre_declaration"
methods.3.outcome.report.diagnostics.4.message = "the artifact's envelope states the member's declaration under declaration@1: a static method"
methods.3.outcome.report.diagnostics.4.provenance = null
methods.3.outcome.report.diagnostics.4.severity = "info"
methods.3.outcome.report.enum_switches = []
methods.3.outcome.report.evidence.categories.0.kind = "source_map"
methods.3.outcome.report.evidence.categories.0.state.state = "not_requested"
methods.3.outcome.report.evidence.categories.1.kind = "region_details"
methods.3.outcome.report.evidence.categories.1.state.state = "not_requested"
methods.3.outcome.report.evidence.categories.2.kind = "rule_details"
methods.3.outcome.report.evidence.categories.2.state.state = "not_requested"
methods.3.outcome.report.evidence.categories.3.kind = "name_details"
methods.3.outcome.report.evidence.categories.3.state.state = "not_requested"
methods.3.outcome.report.evidence.categories.4.kind = "read_details"
methods.3.outcome.report.evidence.categories.4.state.state = "not_requested"
methods.3.outcome.report.evidence.requested.driver_bci_range = null
methods.3.outcome.report.evidence.requested.expected_artifact = null
methods.3.outcome.report.evidence.requested.kinds = []
methods.3.outcome.report.execution.status = "complete"
methods.3.outcome.report.execution.usage.analysis_steps = 377
methods.3.outcome.report.execution.usage.archive_entries = 9
methods.3.outcome.report.execution.usage.attribute_bytes = 856
methods.3.outcome.report.execution.usage.class_bytes = 2270
methods.3.outcome.report.execution.usage.class_headers = 1
methods.3.outcome.report.execution.usage.code_bytes = 96
methods.3.outcome.report.execution.usage.dependency_depth = 0
methods.3.outcome.report.execution.usage.elapsed_millis = 12
methods.3.outcome.report.execution.usage.entry_bytes = 1135
methods.3.outcome.report.execution.usage.input_bytes = 1017
methods.3.outcome.report.execution.usage.ir_edges = 47
methods.3.outcome.report.execution.usage.ir_items = 908
methods.3.outcome.report.execution.usage.method_bodies = 4
methods.3.outcome.report.execution.usage.nested_depth = 0
methods.3.outcome.report.execution.usage.normalization_clones = 0
methods.3.outcome.report.execution.usage.output_bytes = 1020
methods.3.outcome.report.execution.usage.read_bytes = 568
methods.3.outcome.report.execution.usage.result_items = 26
methods.3.outcome.report.fallbacks = []
methods.3.outcome.report.fields = []
methods.3.outcome.report.init = null
methods.3.outcome.report.lambdas = []
methods.3.outcome.report.method = "objects(Ljava/lang/Object;Ljava/lang/Object;)Ljava/lang/String;"
methods.3.outcome.report.news = []
methods.3.outcome.report.outcome = "produced"
methods.3.outcome.report.profile.java_release = 8
methods.3.outcome.report.profile.layout.kind = "generic"
methods.3.outcome.report.profile.multi_release.kind = "disabled"
methods.3.outcome.report.quality = "structured"
methods.3.outcome.report.regions = []
methods.3.outcome.report.representation = "java"
methods.3.outcome.report.rules = []
methods.3.outcome.report.semantic_validation = "unproven"
methods.3.outcome.report.source_map.segments = []
methods.3.outcome.report.syntax_status = "unchecked"
methods.3.outcome.report.text = "// @method objects(Ljava/lang/Object;Ljava/lang/Object;)Ljava/lang/String;\n// @declaration a static method of `em27.Concat`, member flags 0x0009\n// recovered from bytecode; presentation is not claimed to compile\n{\n    java.lang.StringBuilder local2 = new java.lang.StringBuilder();\n    local2.append(arg0);\n    local2.append('=');\n    local2.append(arg1);\n    return local2.toString();\n}\n"
methods.3.outcome.report.verification = "not_performed"
methods.3.parameter_annotations.attributes = []
methods.3.parameter_annotations.refusals = []
methods.3.parameter_annotations.uses_by_position = [[],[]]
methods.3.text = "    public static java.lang.String objects(java.lang.Object arg0, java.lang.Object arg1) {\n        // @method objects(Ljava/lang/Object;Ljava/lang/Object;)Ljava/lang/String;\n        // @declaration a static method of `em27.Concat`, member flags 0x0009\n        // recovered from bytecode; presentation is not claimed to compile\n        java.lang.StringBuilder local2 = new java.lang.StringBuilder();\n        local2.append(arg0);\n        local2.append('=');\n        local2.append(arg1);\n        return local2.toString();\n    }\n"
methods.3.type_annotations.attributes = []
methods.3.type_annotations.field_uses = []
methods.3.type_annotations.parameter_uses = [[],[]]
methods.3.type_annotations.refusals = []
methods.3.type_annotations.return_uses = []
methods.4.annotations.attributes = []
methods.4.annotations.refusals = []
methods.4.annotations.uses = []
methods.4.declaration = "public static java.lang.String character(java.lang.String arg0)"
methods.4.item.access_flags = 9
methods.4.item.body.content_span.length = 41
methods.4.item.body.content_span.start = 939
methods.4.item.body.kind = "code_attribute"
methods.4.item.descriptor.escaped = "(Ljava/lang/String;)Ljava/lang/String;"
methods.4.item.descriptor.raw = [40,76,106,97,118,97,47,108,97,110,103,47,83,116,114,105,110,103,59,41,76,106,97,118,97,47,108,97,110,103,47,83,116,114,105,110,103,59]
methods.4.item.descriptor.utf16 = [40,76,106,97,118,97,47,108,97,110,103,47,83,116,114,105,110,103,59,41,76,106,97,118,97,47,108,97,110,103,47,83,116,114,105,110,103,59]
methods.4.item.identity.descriptor = [40,76,106,97,118,97,47,108,97,110,103,47,83,116,114,105,110,103,59,41,76,106,97,118,97,47,108,97,110,103,47,83,116,114,105,110,103,59]
methods.4.item.identity.name = [99,104,97,114,97,99,116,101,114]
methods.4.item.identity.owner.class_bytes.digest = "a9c28fff93ee189a8e59b317b99cbf366d5c7e1e7ffe85b5079fdec7bfd476fc"
methods.4.item.identity.owner.class_bytes.length = 1135
methods.4.item.identity.owner.location.entry.ordinal = 2
methods.4.item.identity.owner.location.entry.origin.root_container = "root"
methods.4.item.identity.owner.location.entry.origin.snapshot = "85d7dcbd77f803e35da5039edb0b3a0b940ad252958a24a67fe28b969d1791d1"
methods.4.item.identity.owner.location.entry.origin.steps = []
methods.4.item.identity.owner.location.entry.raw_name = [101,109,50,55,47,67,111,110,99,97,116,46,99,108,97,115,115]
methods.4.item.identity.owner.location.kind = "archive_entry"
methods.4.item.identity.owner.variant.kind = "base"
methods.4.item.index = 4
methods.4.item.name.escaped = "character"
methods.4.item.name.raw = [99,104,97,114,97,99,116,101,114]
methods.4.item.name.utf16 = [99,104,97,114,97,99,116,101,114]
methods.4.markers = []
methods.4.no_body_kind = null
methods.4.outcome.analysis.diagnostics = 0
methods.4.outcome.analysis.execution.status = "complete"
methods.4.outcome.analysis.execution.usage.analysis_steps = 445
methods.4.outcome.analysis.execution.usage.archive_entries = 9
methods.4.outcome.analysis.execution.usage.attribute_bytes = 903
methods.4.outcome.analysis.execution.usage.class_bytes = 2270
methods.4.outcome.analysis.execution.usage.class_headers = 1
methods.4.outcome.analysis.execution.usage.code_bytes = 125
methods.4.outcome.analysis.execution.usage.dependency_depth = 0
methods.4.outcome.analysis.execution.usage.elapsed_millis = 12
methods.4.outcome.analysis.execution.usage.entry_bytes = 1135
methods.4.outcome.analysis.execution.usage.input_bytes = 1017
methods.4.outcome.analysis.execution.usage.ir_edges = 60
methods.4.outcome.analysis.execution.usage.ir_items = 1098
methods.4.outcome.analysis.execution.usage.method_bodies = 5
methods.4.outcome.analysis.execution.usage.nested_depth = 0
methods.4.outcome.analysis.execution.usage.normalization_clones = 0
methods.4.outcome.analysis.execution.usage.output_bytes = 1020
methods.4.outcome.analysis.execution.usage.read_bytes = 568
methods.4.outcome.analysis.execution.usage.result_items = 27
methods.4.outcome.kind = "recovered"
methods.4.outcome.report.accessors = []
methods.4.outcome.report.aliased_names = []
methods.4.outcome.report.artifact.agreement.state = "not_stated"
methods.4.outcome.report.artifact.binding.engine = "0.1.0"
methods.4.outcome.report.artifact.binding.environment.content = ["85d7dcbd77f803e35da5039edb0b3a0b940ad252958a24a67fe28b969d1791d1"]
methods.4.outcome.report.artifact.binding.environment.domain_loaders = ["app"]
methods.4.outcome.report.artifact.binding.environment.providers = []
methods.4.outcome.report.artifact.binding.environment.runtime.load_domain.delegation.kind = "parent_first"
methods.4.outcome.report.artifact.binding.environment.runtime.load_domain.external_override = "none"
methods.4.outcome.report.artifact.binding.environment.runtime.load_domain.loader = "app"
methods.4.outcome.report.artifact.binding.environment.runtime.load_domain.module_mode.kind = "class_path"
methods.4.outcome.report.artifact.binding.environment.runtime.load_domain.parent_loader = null
methods.4.outcome.report.artifact.binding.environment.runtime.load_domain.roots.0.kind = "container"
methods.4.outcome.report.artifact.binding.environment.runtime.load_domain.roots.0.origin.root_container = "root"
methods.4.outcome.report.artifact.binding.environment.runtime.load_domain.roots.0.origin.snapshot = "85d7dcbd77f803e35da5039edb0b3a0b940ad252958a24a67fe28b969d1791d1"
methods.4.outcome.report.artifact.binding.environment.runtime.load_domain.roots.0.origin.steps = []
methods.4.outcome.report.artifact.binding.environment.runtime.load_domain.roots.0.prefix = []
methods.4.outcome.report.artifact.binding.environment.runtime.load_domain.runtime_transformation = "none"
methods.4.outcome.report.artifact.binding.environment.runtime.physical.scope.kind = "snapshot_all"
methods.4.outcome.report.artifact.binding.environment.runtime.physical.snapshot = "85d7dcbd77f803e35da5039edb0b3a0b940ad252958a24a67fe28b969d1791d1"
methods.4.outcome.report.artifact.binding.environment.runtime.profile.java_release = 8
methods.4.outcome.report.artifact.binding.environment.runtime.profile.layout.kind = "generic"
methods.4.outcome.report.artifact.binding.environment.runtime.profile.multi_release.kind = "disabled"
methods.4.outcome.report.artifact.binding.member_ordinal = 4
methods.4.outcome.report.artifact.binding.method.descriptor = [40,76,106,97,118,97,47,108,97,110,103,47,83,116,114,105,110,103,59,41,76,106,97,118,97,47,108,97,110,103,47,83,116,114,105,110,103,59]
methods.4.outcome.report.artifact.binding.method.name = [99,104,97,114,97,99,116,101,114]
methods.4.outcome.report.artifact.binding.method.owner.class_bytes.digest = "a9c28fff93ee189a8e59b317b99cbf366d5c7e1e7ffe85b5079fdec7bfd476fc"
methods.4.outcome.report.artifact.binding.method.owner.class_bytes.length = 1135
methods.4.outcome.report.artifact.binding.method.owner.location.entry.ordinal = 2
methods.4.outcome.report.artifact.binding.method.owner.location.entry.origin.root_container = "root"
methods.4.outcome.report.artifact.binding.method.owner.location.entry.origin.snapshot = "85d7dcbd77f803e35da5039edb0b3a0b940ad252958a24a67fe28b969d1791d1"
methods.4.outcome.report.artifact.binding.method.owner.location.entry.origin.steps = []
methods.4.outcome.report.artifact.binding.method.owner.location.entry.raw_name = [101,109,50,55,47,67,111,110,99,97,116,46,99,108,97,115,115]
methods.4.outcome.report.artifact.binding.method.owner.location.kind = "archive_entry"
methods.4.outcome.report.artifact.binding.method.owner.variant.kind = "base"
methods.4.outcome.report.artifact.binding.profile.java_release = 8
methods.4.outcome.report.artifact.binding.profile.layout.kind = "generic"
methods.4.outcome.report.artifact.binding.profile.multi_release.kind = "disabled"
methods.4.outcome.report.artifact.binding.registry = 71
methods.4.outcome.report.artifact.binding.rules = ["straight@1","if@1","loop@1","switch@1","lambda@1","concat@1","bridge@1","accessor@1","new@1","field@1","enumswitch@1","init@1","declaration@1","twr@1","monitor@1","finally@1"]
methods.4.outcome.report.artifact.binding.schema = 1
methods.4.outcome.report.artifact.binding.text_bytes = 242
methods.4.outcome.report.artifact.binding.text_digest = "931a9bc07e0af0ee02158abca1d09ed2"
methods.4.outcome.report.bridges = []
methods.4.outcome.report.compile_status = "not_attempted"
methods.4.outcome.report.concats = []
methods.4.outcome.report.content = "contains_statements"
methods.4.outcome.report.declaration = null
methods.4.outcome.report.diagnostics.0.code = "jre_recovery_produced"
methods.4.outcome.report.diagnostics.0.message = "1 region(s), 1 statement(s), 6 segment(s), 242 byte(s) written from 1 canonical block(s)"
methods.4.outcome.report.diagnostics.0.provenance = null
methods.4.outcome.report.diagnostics.0.severity = "info"
methods.4.outcome.report.diagnostics.1.code = "jre_concat_chains"
methods.4.outcome.report.diagnostics.1.message = "1 concatenation candidate(s) read under concat@1: 1 presented, 0 refused"
methods.4.outcome.report.diagnostics.1.provenance = null
methods.4.outcome.report.diagnostics.1.severity = "info"
methods.4.outcome.report.diagnostics.2.code = "jre_declaration"
methods.4.outcome.report.diagnostics.2.message = "the artifact's envelope states the member's declaration under declaration@1: a static method"
methods.4.outcome.report.diagnostics.2.provenance = null
methods.4.outcome.report.diagnostics.2.severity = "info"
methods.4.outcome.report.enum_switches = []
methods.4.outcome.report.evidence.categories.0.kind = "source_map"
methods.4.outcome.report.evidence.categories.0.state.state = "not_requested"
methods.4.outcome.report.evidence.categories.1.kind = "region_details"
methods.4.outcome.report.evidence.categories.1.state.state = "not_requested"
methods.4.outcome.report.evidence.categories.2.kind = "rule_details"
methods.4.outcome.report.evidence.categories.2.state.state = "not_requested"
methods.4.outcome.report.evidence.categories.3.kind = "name_details"
methods.4.outcome.report.evidence.categories.3.state.state = "not_requested"
methods.4.outcome.report.evidence.categories.4.kind = "read_details"
methods.4.outcome.report.evidence.categories.4.state.state = "not_requested"
methods.4.outcome.report.evidence.requested.driver_bci_range = null
methods.4.outcome.report.evidence.requested.expected_artifact = null
methods.4.outcome.report.evidence.requested.kinds = []
methods.4.outcome.report.execution.status = "complete"
methods.4.outcome.report.execution.usage.analysis_steps = 473
methods.4.outcome.report.execution.usage.archive_entries = 9
methods.4.outcome.report.execution.usage.attribute_bytes = 903
methods.4.outcome.report.execution.usage.class_bytes = 2270
methods.4.outcome.report.execution.usage.class_headers = 1
methods.4.outcome.report.execution.usage.code_bytes = 125
methods.4.outcome.report.execution.usage.dependency_depth = 0
methods.4.outcome.report.execution.usage.elapsed_millis = 12
methods.4.outcome.report.execution.usage.entry_bytes = 1135
methods.4.outcome.report.execution.usage.input_bytes = 1017
methods.4.outcome.report.execution.usage.ir_edges = 60
methods.4.outcome.report.execution.usage.ir_items = 1148
methods.4.outcome.report.execution.usage.method_bodies = 5
methods.4.outcome.report.execution.usage.nested_depth = 0
methods.4.outcome.report.execution.usage.normalization_clones = 0
methods.4.outcome.report.execution.usage.output_bytes = 1262
methods.4.outcome.report.execution.usage.read_bytes = 568
methods.4.outcome.report.execution.usage.result_items = 27
methods.4.outcome.report.fallbacks = []
methods.4.outcome.report.fields = []
methods.4.outcome.report.init = null
methods.4.outcome.report.lambdas = []
methods.4.outcome.report.method = "character(Ljava/lang/String;)Ljava/lang/String;"
methods.4.outcome.report.news = []
methods.4.outcome.report.outcome = "produced"
methods.4.outcome.report.profile.java_release = 8
methods.4.outcome.report.profile.layout.kind = "generic"
methods.4.outcome.report.profile.multi_release.kind = "disabled"
methods.4.outcome.report.quality = "structured"
methods.4.outcome.report.regions = []
methods.4.outcome.report.representation = "java"
methods.4.outcome.report.rules = []
methods.4.outcome.report.semantic_validation = "unproven"
methods.4.outcome.report.source_map.segments = []
methods.4.outcome.report.syntax_status = "unchecked"
methods.4.outcome.report.text = "// @method character(Ljava/lang/String;)Ljava/lang/String;\n// @declaration a static method of `em27.Concat`, member flags 0x0009\n// recovered from bytecode; presentation is not claimed to compile\n{\n    return \"\" + '1' + arg0 + \", e: \" + 2;\n}\n"
methods.4.outcome.report.verification = "not_performed"
methods.4.parameter_annotations.attributes = []
methods.4.parameter_annotations.refusals = []
methods.4.parameter_annotations.uses_by_position = [[]]
methods.4.text = "    public static java.lang.String character(java.lang.String arg0) {\n        // @method character(Ljava/lang/String;)Ljava/lang/String;\n        // @declaration a static method of `em27.Concat`, member flags 0x0009\n        // recovered from bytecode; presentation is not claimed to compile\n        return \"\" + '1' + arg0 + \", e: \" + 2;\n    }\n"
methods.4.type_annotations.attributes = []
methods.4.type_annotations.field_uses = []
methods.4.type_annotations.parameter_uses = [[]]
methods.4.type_annotations.refusals = []
methods.4.type_annotations.return_uses = []
methods.5.annotations.attributes = []
methods.5.annotations.refusals = []
methods.5.annotations.uses = []
methods.5.declaration = "public static void discarded(int arg0)"
methods.5.item.access_flags = 9
methods.5.item.body.content_span.length = 33
methods.5.item.body.content_span.start = 994
methods.5.item.body.kind = "code_attribute"
methods.5.item.descriptor.escaped = "(I)V"
methods.5.item.descriptor.raw = [40,73,41,86]
methods.5.item.descriptor.utf16 = [40,73,41,86]
methods.5.item.identity.descriptor = [40,73,41,86]
methods.5.item.identity.name = [100,105,115,99,97,114,100,101,100]
methods.5.item.identity.owner.class_bytes.digest = "a9c28fff93ee189a8e59b317b99cbf366d5c7e1e7ffe85b5079fdec7bfd476fc"
methods.5.item.identity.owner.class_bytes.length = 1135
methods.5.item.identity.owner.location.entry.ordinal = 2
methods.5.item.identity.owner.location.entry.origin.root_container = "root"
methods.5.item.identity.owner.location.entry.origin.snapshot = "85d7dcbd77f803e35da5039edb0b3a0b940ad252958a24a67fe28b969d1791d1"
methods.5.item.identity.owner.location.entry.origin.steps = []
methods.5.item.identity.owner.location.entry.raw_name = [101,109,50,55,47,67,111,110,99,97,116,46,99,108,97,115,115]
methods.5.item.identity.owner.location.kind = "archive_entry"
methods.5.item.identity.owner.variant.kind = "base"
methods.5.item.index = 5
methods.5.item.name.escaped = "discarded"
methods.5.item.name.raw = [100,105,115,99,97,114,100,101,100]
methods.5.item.name.utf16 = [100,105,115,99,97,114,100,101,100]
methods.5.markers = []
methods.5.no_body_kind = null
methods.5.outcome.analysis.diagnostics = 0
methods.5.outcome.analysis.execution.status = "complete"
methods.5.outcome.analysis.execution.usage.analysis_steps = 527
methods.5.outcome.analysis.execution.usage.archive_entries = 9
methods.5.outcome.analysis.execution.usage.attribute_bytes = 942
methods.5.outcome.analysis.execution.usage.class_bytes = 2270
methods.5.outcome.analysis.execution.usage.class_headers = 1
methods.5.outcome.analysis.execution.usage.code_bytes = 146
methods.5.outcome.analysis.execution.usage.dependency_depth = 0
methods.5.outcome.analysis.execution.usage.elapsed_millis = 13
methods.5.outcome.analysis.execution.usage.entry_bytes = 1135
methods.5.outcome.analysis.execution.usage.input_bytes = 1017
methods.5.outcome.analysis.execution.usage.ir_edges = 69
methods.5.outcome.analysis.execution.usage.ir_items = 1301
methods.5.outcome.analysis.execution.usage.method_bodies = 6
methods.5.outcome.analysis.execution.usage.nested_depth = 0
methods.5.outcome.analysis.execution.usage.normalization_clones = 0
methods.5.outcome.analysis.execution.usage.output_bytes = 1262
methods.5.outcome.analysis.execution.usage.read_bytes = 568
methods.5.outcome.analysis.execution.usage.result_items = 28
methods.5.outcome.kind = "recovered"
methods.5.outcome.report.accessors = []
methods.5.outcome.report.aliased_names = []
methods.5.outcome.report.artifact.agreement.state = "not_stated"
methods.5.outcome.report.artifact.binding.engine = "0.1.0"
methods.5.outcome.report.artifact.binding.environment.content = ["85d7dcbd77f803e35da5039edb0b3a0b940ad252958a24a67fe28b969d1791d1"]
methods.5.outcome.report.artifact.binding.environment.domain_loaders = ["app"]
methods.5.outcome.report.artifact.binding.environment.providers = []
methods.5.outcome.report.artifact.binding.environment.runtime.load_domain.delegation.kind = "parent_first"
methods.5.outcome.report.artifact.binding.environment.runtime.load_domain.external_override = "none"
methods.5.outcome.report.artifact.binding.environment.runtime.load_domain.loader = "app"
methods.5.outcome.report.artifact.binding.environment.runtime.load_domain.module_mode.kind = "class_path"
methods.5.outcome.report.artifact.binding.environment.runtime.load_domain.parent_loader = null
methods.5.outcome.report.artifact.binding.environment.runtime.load_domain.roots.0.kind = "container"
methods.5.outcome.report.artifact.binding.environment.runtime.load_domain.roots.0.origin.root_container = "root"
methods.5.outcome.report.artifact.binding.environment.runtime.load_domain.roots.0.origin.snapshot = "85d7dcbd77f803e35da5039edb0b3a0b940ad252958a24a67fe28b969d1791d1"
methods.5.outcome.report.artifact.binding.environment.runtime.load_domain.roots.0.origin.steps = []
methods.5.outcome.report.artifact.binding.environment.runtime.load_domain.roots.0.prefix = []
methods.5.outcome.report.artifact.binding.environment.runtime.load_domain.runtime_transformation = "none"
methods.5.outcome.report.artifact.binding.environment.runtime.physical.scope.kind = "snapshot_all"
methods.5.outcome.report.artifact.binding.environment.runtime.physical.snapshot = "85d7dcbd77f803e35da5039edb0b3a0b940ad252958a24a67fe28b969d1791d1"
methods.5.outcome.report.artifact.binding.environment.runtime.profile.java_release = 8
methods.5.outcome.report.artifact.binding.environment.runtime.profile.layout.kind = "generic"
methods.5.outcome.report.artifact.binding.environment.runtime.profile.multi_release.kind = "disabled"
methods.5.outcome.report.artifact.binding.member_ordinal = 5
methods.5.outcome.report.artifact.binding.method.descriptor = [40,73,41,86]
methods.5.outcome.report.artifact.binding.method.name = [100,105,115,99,97,114,100,101,100]
methods.5.outcome.report.artifact.binding.method.owner.class_bytes.digest = "a9c28fff93ee189a8e59b317b99cbf366d5c7e1e7ffe85b5079fdec7bfd476fc"
methods.5.outcome.report.artifact.binding.method.owner.class_bytes.length = 1135
methods.5.outcome.report.artifact.binding.method.owner.location.entry.ordinal = 2
methods.5.outcome.report.artifact.binding.method.owner.location.entry.origin.root_container = "root"
methods.5.outcome.report.artifact.binding.method.owner.location.entry.origin.snapshot = "85d7dcbd77f803e35da5039edb0b3a0b940ad252958a24a67fe28b969d1791d1"
methods.5.outcome.report.artifact.binding.method.owner.location.entry.origin.steps = []
methods.5.outcome.report.artifact.binding.method.owner.location.entry.raw_name = [101,109,50,55,47,67,111,110,99,97,116,46,99,108,97,115,115]
methods.5.outcome.report.artifact.binding.method.owner.location.kind = "archive_entry"
methods.5.outcome.report.artifact.binding.method.owner.variant.kind = "base"
methods.5.outcome.report.artifact.binding.profile.java_release = 8
methods.5.outcome.report.artifact.binding.profile.layout.kind = "generic"
methods.5.outcome.report.artifact.binding.profile.multi_release.kind = "disabled"
methods.5.outcome.report.artifact.binding.registry = 71
methods.5.outcome.report.artifact.binding.rules = ["straight@1","if@1","loop@1","switch@1","lambda@1","concat@1","bridge@1","accessor@1","new@1","field@1","enumswitch@1","init@1","declaration@1","twr@1","monitor@1","finally@1"]
methods.5.outcome.report.artifact.binding.schema = 1
methods.5.outcome.report.artifact.binding.text_bytes = 236
methods.5.outcome.report.artifact.binding.text_digest = "746a33a9889991a9d8ac668ae3f12e78"
methods.5.outcome.report.bridges = []
methods.5.outcome.report.compile_status = "not_attempted"
methods.5.outcome.report.concats = []
methods.5.outcome.report.content = "contains_statements"
methods.5.outcome.report.declaration = null
methods.5.outcome.report.diagnostics.0.code = "jre_recovery_produced"
methods.5.outcome.report.diagnostics.0.message = "1 region(s), 2 statement(s), 5 segment(s), 236 byte(s) written from 1 canonical block(s)"
methods.5.outcome.report.diagnostics.0.provenance = null
methods.5.outcome.report.diagnostics.0.severity = "info"
methods.5.outcome.report.diagnostics.1.code = "jre_concat_chains"
methods.5.outcome.report.diagnostics.1.message = "1 concatenation candidate(s) read under concat@1: 1 presented, 0 refused"
methods.5.outcome.report.diagnostics.1.provenance = null
methods.5.outcome.report.diagnostics.1.severity = "info"
methods.5.outcome.report.diagnostics.2.code = "jre_declaration"
methods.5.outcome.report.diagnostics.2.message = "the artifact's envelope states the member's declaration under declaration@1: a static method"
methods.5.outcome.report.diagnostics.2.provenance = null
methods.5.outcome.report.diagnostics.2.severity = "info"
methods.5.outcome.report.enum_switches = []
methods.5.outcome.report.evidence.categories.0.kind = "source_map"
methods.5.outcome.report.evidence.categories.0.state.state = "not_requested"
methods.5.outcome.report.evidence.categories.1.kind = "region_details"
methods.5.outcome.report.evidence.categories.1.state.state = "not_requested"
methods.5.outcome.report.evidence.categories.2.kind = "rule_details"
methods.5.outcome.report.evidence.categories.2.state.state = "not_requested"
methods.5.outcome.report.evidence.categories.3.kind = "name_details"
methods.5.outcome.report.evidence.categories.3.state.state = "not_requested"
methods.5.outcome.report.evidence.categories.4.kind = "read_details"
methods.5.outcome.report.evidence.categories.4.state.state = "not_requested"
methods.5.outcome.report.evidence.requested.driver_bci_range = null
methods.5.outcome.report.evidence.requested.expected_artifact = null
methods.5.outcome.report.evidence.requested.kinds = []
methods.5.outcome.report.execution.status = "complete"
methods.5.outcome.report.execution.usage.analysis_steps = 555
methods.5.outcome.report.execution.usage.archive_entries = 9
methods.5.outcome.report.execution.usage.attribute_bytes = 942
methods.5.outcome.report.execution.usage.class_bytes = 2270
methods.5.outcome.report.execution.usage.class_headers = 1
methods.5.outcome.report.execution.usage.code_bytes = 146
methods.5.outcome.report.execution.usage.dependency_depth = 0
methods.5.outcome.report.execution.usage.elapsed_millis = 13
methods.5.outcome.report.execution.usage.entry_bytes = 1135
methods.5.outcome.report.execution.usage.input_bytes = 1017
methods.5.outcome.report.execution.usage.ir_edges = 69
methods.5.outcome.report.execution.usage.ir_items = 1342
methods.5.outcome.report.execution.usage.method_bodies = 6
methods.5.outcome.report.execution.usage.nested_depth = 0
methods.5.outcome.report.execution.usage.normalization_clones = 0
methods.5.outcome.report.execution.usage.output_bytes = 1498
methods.5.outcome.report.execution.usage.read_bytes = 568
methods.5.outcome.report.execution.usage.result_items = 28
methods.5.outcome.report.fallbacks = []
methods.5.outcome.report.fields = []
methods.5.outcome.report.init = null
methods.5.outcome.report.lambdas = []
methods.5.outcome.report.method = "discarded(I)V"
methods.5.outcome.report.news = []
methods.5.outcome.report.outcome = "produced"
methods.5.outcome.report.profile.java_release = 8
methods.5.outcome.report.profile.layout.kind = "generic"
methods.5.outcome.report.profile.multi_release.kind = "disabled"
methods.5.outcome.report.quality = "structured"
methods.5.outcome.report.regions = []
methods.5.outcome.report.representation = "java"
methods.5.outcome.report.rules = []
methods.5.outcome.report.semantic_validation = "unproven"
methods.5.outcome.report.source_map.segments = []
methods.5.outcome.report.syntax_status = "unchecked"
methods.5.outcome.report.text = "// @method discarded(I)V\n// @declaration a static method of `em27.Concat`, member flags 0x0009\n// recovered from bytecode; presentation is not claimed to compile\n{\n    java.lang.String local1 = \"Input arg value: \" + arg0;\n    return;\n}\n"
methods.5.outcome.report.verification = "not_performed"
methods.5.parameter_annotations.attributes = []
methods.5.parameter_annotations.refusals = []
methods.5.parameter_annotations.uses_by_position = [[]]
methods.5.text = "    public static void discarded(int arg0) {\n        // @method discarded(I)V\n        // @declaration a static method of `em27.Concat`, member flags 0x0009\n        // recovered from bytecode; presentation is not claimed to compile\n        java.lang.String local1 = \"Input arg value: \" + arg0;\n        return;\n    }\n"
methods.5.type_annotations.attributes = []
methods.5.type_annotations.field_uses = []
methods.5.type_annotations.parameter_uses = [[]]
methods.5.type_annotations.refusals = []
methods.5.type_annotations.return_uses = []
methods.6.annotations.attributes = []
methods.6.annotations.refusals = []
methods.6.annotations.uses = []
methods.6.declaration = "public static java.lang.String explicitConstructor()"
methods.6.item.access_flags = 9
methods.6.item.body.content_span.length = 38
methods.6.item.body.content_span.start = 1041
methods.6.item.body.kind = "code_attribute"
methods.6.item.descriptor.escaped = "()Ljava/lang/String;"
methods.6.item.descriptor.raw = [40,41,76,106,97,118,97,47,108,97,110,103,47,83,116,114,105,110,103,59]
methods.6.item.descriptor.utf16 = [40,41,76,106,97,118,97,47,108,97,110,103,47,83,116,114,105,110,103,59]
methods.6.item.identity.descriptor = [40,41,76,106,97,118,97,47,108,97,110,103,47,83,116,114,105,110,103,59]
methods.6.item.identity.name = [101,120,112,108,105,99,105,116,67,111,110,115,116,114,117,99,116,111,114]
methods.6.item.identity.owner.class_bytes.digest = "a9c28fff93ee189a8e59b317b99cbf366d5c7e1e7ffe85b5079fdec7bfd476fc"
methods.6.item.identity.owner.class_bytes.length = 1135
methods.6.item.identity.owner.location.entry.ordinal = 2
methods.6.item.identity.owner.location.entry.origin.root_container = "root"
methods.6.item.identity.owner.location.entry.origin.snapshot = "85d7dcbd77f803e35da5039edb0b3a0b940ad252958a24a67fe28b969d1791d1"
methods.6.item.identity.owner.location.entry.origin.steps = []
methods.6.item.identity.owner.location.entry.raw_name = [101,109,50,55,47,67,111,110,99,97,116,46,99,108,97,115,115]
methods.6.item.identity.owner.location.kind = "archive_entry"
methods.6.item.identity.owner.variant.kind = "base"
methods.6.item.index = 6
methods.6.item.name.escaped = "explicitConstructor"
methods.6.item.name.raw = [101,120,112,108,105,99,105,116,67,111,110,115,116,114,117,99,116,111,114]
methods.6.item.name.utf16 = [101,120,112,108,105,99,105,116,67,111,110,115,116,114,117,99,116,111,114]
methods.6.markers = []
methods.6.no_body_kind = null
methods.6.outcome.analysis.diagnostics = 0
methods.6.outcome.analysis.execution.status = "complete"
methods.6.outcome.analysis.execution.usage.analysis_steps = 641
methods.6.outcome.analysis.execution.usage.archive_entries = 9
methods.6.outcome.analysis.execution.usage.attribute_bytes = 986
methods.6.outcome.analysis.execution.usage.class_bytes = 2270
methods.6.outcome.analysis.execution.usage.class_headers = 1
methods.6.outcome.analysis.execution.usage.code_bytes = 172
methods.6.outcome.analysis.execution.usage.dependency_depth = 0
methods.6.outcome.analysis.execution.usage.elapsed_millis = 13
methods.6.outcome.analysis.execution.usage.entry_bytes = 1135
methods.6.outcome.analysis.execution.usage.input_bytes = 1017
methods.6.outcome.analysis.execution.usage.ir_edges = 86
methods.6.outcome.analysis.execution.usage.ir_items = 1574
methods.6.outcome.analysis.execution.usage.method_bodies = 7
methods.6.outcome.analysis.execution.usage.nested_depth = 0
methods.6.outcome.analysis.execution.usage.normalization_clones = 0
methods.6.outcome.analysis.execution.usage.output_bytes = 1498
methods.6.outcome.analysis.execution.usage.read_bytes = 568
methods.6.outcome.analysis.execution.usage.result_items = 29
methods.6.outcome.kind = "recovered"
methods.6.outcome.report.accessors = []
methods.6.outcome.report.aliased_names = []
methods.6.outcome.report.artifact.agreement.state = "not_stated"
methods.6.outcome.report.artifact.binding.engine = "0.1.0"
methods.6.outcome.report.artifact.binding.environment.content = ["85d7dcbd77f803e35da5039edb0b3a0b940ad252958a24a67fe28b969d1791d1"]
methods.6.outcome.report.artifact.binding.environment.domain_loaders = ["app"]
methods.6.outcome.report.artifact.binding.environment.providers = []
methods.6.outcome.report.artifact.binding.environment.runtime.load_domain.delegation.kind = "parent_first"
methods.6.outcome.report.artifact.binding.environment.runtime.load_domain.external_override = "none"
methods.6.outcome.report.artifact.binding.environment.runtime.load_domain.loader = "app"
methods.6.outcome.report.artifact.binding.environment.runtime.load_domain.module_mode.kind = "class_path"
methods.6.outcome.report.artifact.binding.environment.runtime.load_domain.parent_loader = null
methods.6.outcome.report.artifact.binding.environment.runtime.load_domain.roots.0.kind = "container"
methods.6.outcome.report.artifact.binding.environment.runtime.load_domain.roots.0.origin.root_container = "root"
methods.6.outcome.report.artifact.binding.environment.runtime.load_domain.roots.0.origin.snapshot = "85d7dcbd77f803e35da5039edb0b3a0b940ad252958a24a67fe28b969d1791d1"
methods.6.outcome.report.artifact.binding.environment.runtime.load_domain.roots.0.origin.steps = []
methods.6.outcome.report.artifact.binding.environment.runtime.load_domain.roots.0.prefix = []
methods.6.outcome.report.artifact.binding.environment.runtime.load_domain.runtime_transformation = "none"
methods.6.outcome.report.artifact.binding.environment.runtime.physical.scope.kind = "snapshot_all"
methods.6.outcome.report.artifact.binding.environment.runtime.physical.snapshot = "85d7dcbd77f803e35da5039edb0b3a0b940ad252958a24a67fe28b969d1791d1"
methods.6.outcome.report.artifact.binding.environment.runtime.profile.java_release = 8
methods.6.outcome.report.artifact.binding.environment.runtime.profile.layout.kind = "generic"
methods.6.outcome.report.artifact.binding.environment.runtime.profile.multi_release.kind = "disabled"
methods.6.outcome.report.artifact.binding.member_ordinal = 6
methods.6.outcome.report.artifact.binding.method.descriptor = [40,41,76,106,97,118,97,47,108,97,110,103,47,83,116,114,105,110,103,59]
methods.6.outcome.report.artifact.binding.method.name = [101,120,112,108,105,99,105,116,67,111,110,115,116,114,117,99,116,111,114]
methods.6.outcome.report.artifact.binding.method.owner.class_bytes.digest = "a9c28fff93ee189a8e59b317b99cbf366d5c7e1e7ffe85b5079fdec7bfd476fc"
methods.6.outcome.report.artifact.binding.method.owner.class_bytes.length = 1135
methods.6.outcome.report.artifact.binding.method.owner.location.entry.ordinal = 2
methods.6.outcome.report.artifact.binding.method.owner.location.entry.origin.root_container = "root"
methods.6.outcome.report.artifact.binding.method.owner.location.entry.origin.snapshot = "85d7dcbd77f803e35da5039edb0b3a0b940ad252958a24a67fe28b969d1791d1"
methods.6.outcome.report.artifact.binding.method.owner.location.entry.origin.steps = []
methods.6.outcome.report.artifact.binding.method.owner.location.entry.raw_name = [101,109,50,55,47,67,111,110,99,97,116,46,99,108,97,115,115]
methods.6.outcome.report.artifact.binding.method.owner.location.kind = "archive_entry"
methods.6.outcome.report.artifact.binding.method.owner.variant.kind = "base"
methods.6.outcome.report.artifact.binding.profile.java_release = 8
methods.6.outcome.report.artifact.binding.profile.layout.kind = "generic"
methods.6.outcome.report.artifact.binding.profile.multi_release.kind = "disabled"
methods.6.outcome.report.artifact.binding.registry = 71
methods.6.outcome.report.artifact.binding.rules = ["straight@1","if@1","loop@1","switch@1","lambda@1","concat@1","bridge@1","accessor@1","new@1","field@1","enumswitch@1","init@1","declaration@1","twr@1","monitor@1","finally@1"]
methods.6.outcome.report.artifact.binding.schema = 1
methods.6.outcome.report.artifact.binding.text_bytes = 252
methods.6.outcome.report.artifact.binding.text_digest = "c603b7d3a528f2caff89f199dcd1bd09"
methods.6.outcome.report.bridges = []
methods.6.outcome.report.compile_status = "not_attempted"
methods.6.outcome.report.concats = []
methods.6.outcome.report.content = "contains_statements"
methods.6.outcome.report.declaration = null
methods.6.outcome.report.diagnostics.0.code = "jre_recovery_produced"
methods.6.outcome.report.diagnostics.0.message = "1 region(s), 1 statement(s), 6 segment(s), 252 byte(s) written from 1 canonical block(s)"
methods.6.outcome.report.diagnostics.0.provenance = null
methods.6.outcome.report.diagnostics.0.severity = "info"
methods.6.outcome.report.diagnostics.1.code = "jre_new_sites"
methods.6.outcome.report.diagnostics.1.message = "1 construction candidate(s) read under new@1: 1 presented as `new`, 0 refused"
methods.6.outcome.report.diagnostics.1.provenance = null
methods.6.outcome.report.diagnostics.1.severity = "info"
methods.6.outcome.report.diagnostics.2.code = "jre_declaration"
methods.6.outcome.report.diagnostics.2.message = "the artifact's envelope states the member's declaration under declaration@1: a static method"
methods.6.outcome.report.diagnostics.2.provenance = null
methods.6.outcome.report.diagnostics.2.severity = "info"
methods.6.outcome.report.enum_switches = []
methods.6.outcome.report.evidence.categories.0.kind = "source_map"
methods.6.outcome.report.evidence.categories.0.state.state = "not_requested"
methods.6.outcome.report.evidence.categories.1.kind = "region_details"
methods.6.outcome.report.evidence.categories.1.state.state = "not_requested"
methods.6.outcome.report.evidence.categories.2.kind = "rule_details"
methods.6.outcome.report.evidence.categories.2.state.state = "not_requested"
methods.6.outcome.report.evidence.categories.3.kind = "name_details"
methods.6.outcome.report.evidence.categories.3.state.state = "not_requested"
methods.6.outcome.report.evidence.categories.4.kind = "read_details"
methods.6.outcome.report.evidence.categories.4.state.state = "not_requested"
methods.6.outcome.report.evidence.requested.driver_bci_range = null
methods.6.outcome.report.evidence.requested.expected_artifact = null
methods.6.outcome.report.evidence.requested.kinds = []
methods.6.outcome.report.execution.status = "complete"
methods.6.outcome.report.execution.usage.analysis_steps = 673
methods.6.outcome.report.execution.usage.archive_entries = 9
methods.6.outcome.report.execution.usage.attribute_bytes = 986
methods.6.outcome.report.execution.usage.class_bytes = 2270
methods.6.outcome.report.execution.usage.class_headers = 1
methods.6.outcome.report.execution.usage.code_bytes = 172
methods.6.outcome.report.execution.usage.dependency_depth = 0
methods.6.outcome.report.execution.usage.elapsed_millis = 14
methods.6.outcome.report.execution.usage.entry_bytes = 1135
methods.6.outcome.report.execution.usage.input_bytes = 1017
methods.6.outcome.report.execution.usage.ir_edges = 86
methods.6.outcome.report.execution.usage.ir_items = 1768
methods.6.outcome.report.execution.usage.method_bodies = 7
methods.6.outcome.report.execution.usage.nested_depth = 0
methods.6.outcome.report.execution.usage.normalization_clones = 0
methods.6.outcome.report.execution.usage.output_bytes = 1750
methods.6.outcome.report.execution.usage.read_bytes = 568
methods.6.outcome.report.execution.usage.result_items = 29
methods.6.outcome.report.fallbacks = []
methods.6.outcome.report.fields = []
methods.6.outcome.report.init = null
methods.6.outcome.report.lambdas = []
methods.6.outcome.report.method = "explicitConstructor()Ljava/lang/String;"
methods.6.outcome.report.news = []
methods.6.outcome.report.outcome = "produced"
methods.6.outcome.report.profile.java_release = 8
methods.6.outcome.report.profile.layout.kind = "generic"
methods.6.outcome.report.profile.multi_release.kind = "disabled"
methods.6.outcome.report.quality = "structured"
methods.6.outcome.report.regions = []
methods.6.outcome.report.representation = "java"
methods.6.outcome.report.rules = []
methods.6.outcome.report.semantic_validation = "unproven"
methods.6.outcome.report.source_map.segments = []
methods.6.outcome.report.syntax_status = "unchecked"
methods.6.outcome.report.text = "// @method explicitConstructor()Ljava/lang/String;\n// @declaration a static method of `em27.Concat`, member flags 0x0009\n// recovered from bytecode; presentation is not claimed to compile\n{\n    return new java.lang.String(new char[]{'a', 'b', 'c'});\n}\n"
methods.6.outcome.report.verification = "not_performed"
methods.6.parameter_annotations.attributes = []
methods.6.parameter_annotations.refusals = []
methods.6.parameter_annotations.uses_by_position = []
methods.6.text = "    public static java.lang.String explicitConstructor() {\n        // @method explicitConstructor()Ljava/lang/String;\n        // @declaration a static method of `em27.Concat`, member flags 0x0009\n        // recovered from bytecode; presentation is not claimed to compile\n        return new java.lang.String(new char[]{'a', 'b', 'c'});\n    }\n"
methods.6.type_annotations.attributes = []
methods.6.type_annotations.field_uses = []
methods.6.type_annotations.parameter_uses = []
methods.6.type_annotations.refusals = []
methods.6.type_annotations.return_uses = []
methods.7.annotations.attributes = []
methods.7.annotations.refusals = []
methods.7.annotations.uses = []
methods.7.declaration = "public static java.lang.String explicitStored()"
methods.7.item.access_flags = 9
methods.7.item.body.content_span.length = 40
methods.7.item.body.content_span.start = 1093
methods.7.item.body.kind = "code_attribute"
methods.7.item.descriptor.escaped = "()Ljava/lang/String;"
methods.7.item.descriptor.raw = [40,41,76,106,97,118,97,47,108,97,110,103,47,83,116,114,105,110,103,59]
methods.7.item.descriptor.utf16 = [40,41,76,106,97,118,97,47,108,97,110,103,47,83,116,114,105,110,103,59]
methods.7.item.identity.descriptor = [40,41,76,106,97,118,97,47,108,97,110,103,47,83,116,114,105,110,103,59]
methods.7.item.identity.name = [101,120,112,108,105,99,105,116,83,116,111,114,101,100]
methods.7.item.identity.owner.class_bytes.digest = "a9c28fff93ee189a8e59b317b99cbf366d5c7e1e7ffe85b5079fdec7bfd476fc"
methods.7.item.identity.owner.class_bytes.length = 1135
methods.7.item.identity.owner.location.entry.ordinal = 2
methods.7.item.identity.owner.location.entry.origin.root_container = "root"
methods.7.item.identity.owner.location.entry.origin.snapshot = "85d7dcbd77f803e35da5039edb0b3a0b940ad252958a24a67fe28b969d1791d1"
methods.7.item.identity.owner.location.entry.origin.steps = []
methods.7.item.identity.owner.location.entry.raw_name = [101,109,50,55,47,67,111,110,99,97,116,46,99,108,97,115,115]
methods.7.item.identity.owner.location.kind = "archive_entry"
methods.7.item.identity.owner.variant.kind = "base"
methods.7.item.index = 7
methods.7.item.name.escaped = "explicitStored"
methods.7.item.name.raw = [101,120,112,108,105,99,105,116,83,116,111,114,101,100]
methods.7.item.name.utf16 = [101,120,112,108,105,99,105,116,83,116,111,114,101,100]
methods.7.markers = []
methods.7.no_body_kind = null
methods.7.outcome.analysis.diagnostics = 0
methods.7.outcome.analysis.execution.status = "complete"
methods.7.outcome.analysis.execution.usage.analysis_steps = 767
methods.7.outcome.analysis.execution.usage.archive_entries = 9
methods.7.outcome.analysis.execution.usage.attribute_bytes = 1032
methods.7.outcome.analysis.execution.usage.class_bytes = 2270
methods.7.outcome.analysis.execution.usage.class_headers = 1
methods.7.outcome.analysis.execution.usage.code_bytes = 200
methods.7.outcome.analysis.execution.usage.dependency_depth = 0
methods.7.outcome.analysis.execution.usage.elapsed_millis = 14
methods.7.outcome.analysis.execution.usage.entry_bytes = 1135
methods.7.outcome.analysis.execution.usage.input_bytes = 1017
methods.7.outcome.analysis.execution.usage.ir_edges = 105
methods.7.outcome.analysis.execution.usage.ir_items = 2030
methods.7.outcome.analysis.execution.usage.method_bodies = 8
methods.7.outcome.analysis.execution.usage.nested_depth = 0
methods.7.outcome.analysis.execution.usage.normalization_clones = 0
methods.7.outcome.analysis.execution.usage.output_bytes = 1750
methods.7.outcome.analysis.execution.usage.read_bytes = 568
methods.7.outcome.analysis.execution.usage.result_items = 30
methods.7.outcome.kind = "recovered"
methods.7.outcome.report.accessors = []
methods.7.outcome.report.aliased_names = []
methods.7.outcome.report.artifact.agreement.state = "not_stated"
methods.7.outcome.report.artifact.binding.engine = "0.1.0"
methods.7.outcome.report.artifact.binding.environment.content = ["85d7dcbd77f803e35da5039edb0b3a0b940ad252958a24a67fe28b969d1791d1"]
methods.7.outcome.report.artifact.binding.environment.domain_loaders = ["app"]
methods.7.outcome.report.artifact.binding.environment.providers = []
methods.7.outcome.report.artifact.binding.environment.runtime.load_domain.delegation.kind = "parent_first"
methods.7.outcome.report.artifact.binding.environment.runtime.load_domain.external_override = "none"
methods.7.outcome.report.artifact.binding.environment.runtime.load_domain.loader = "app"
methods.7.outcome.report.artifact.binding.environment.runtime.load_domain.module_mode.kind = "class_path"
methods.7.outcome.report.artifact.binding.environment.runtime.load_domain.parent_loader = null
methods.7.outcome.report.artifact.binding.environment.runtime.load_domain.roots.0.kind = "container"
methods.7.outcome.report.artifact.binding.environment.runtime.load_domain.roots.0.origin.root_container = "root"
methods.7.outcome.report.artifact.binding.environment.runtime.load_domain.roots.0.origin.snapshot = "85d7dcbd77f803e35da5039edb0b3a0b940ad252958a24a67fe28b969d1791d1"
methods.7.outcome.report.artifact.binding.environment.runtime.load_domain.roots.0.origin.steps = []
methods.7.outcome.report.artifact.binding.environment.runtime.load_domain.roots.0.prefix = []
methods.7.outcome.report.artifact.binding.environment.runtime.load_domain.runtime_transformation = "none"
methods.7.outcome.report.artifact.binding.environment.runtime.physical.scope.kind = "snapshot_all"
methods.7.outcome.report.artifact.binding.environment.runtime.physical.snapshot = "85d7dcbd77f803e35da5039edb0b3a0b940ad252958a24a67fe28b969d1791d1"
methods.7.outcome.report.artifact.binding.environment.runtime.profile.java_release = 8
methods.7.outcome.report.artifact.binding.environment.runtime.profile.layout.kind = "generic"
methods.7.outcome.report.artifact.binding.environment.runtime.profile.multi_release.kind = "disabled"
methods.7.outcome.report.artifact.binding.member_ordinal = 7
methods.7.outcome.report.artifact.binding.method.descriptor = [40,41,76,106,97,118,97,47,108,97,110,103,47,83,116,114,105,110,103,59]
methods.7.outcome.report.artifact.binding.method.name = [101,120,112,108,105,99,105,116,83,116,111,114,101,100]
methods.7.outcome.report.artifact.binding.method.owner.class_bytes.digest = "a9c28fff93ee189a8e59b317b99cbf366d5c7e1e7ffe85b5079fdec7bfd476fc"
methods.7.outcome.report.artifact.binding.method.owner.class_bytes.length = 1135
methods.7.outcome.report.artifact.binding.method.owner.location.entry.ordinal = 2
methods.7.outcome.report.artifact.binding.method.owner.location.entry.origin.root_container = "root"
methods.7.outcome.report.artifact.binding.method.owner.location.entry.origin.snapshot = "85d7dcbd77f803e35da5039edb0b3a0b940ad252958a24a67fe28b969d1791d1"
methods.7.outcome.report.artifact.binding.method.owner.location.entry.origin.steps = []
methods.7.outcome.report.artifact.binding.method.owner.location.entry.raw_name = [101,109,50,55,47,67,111,110,99,97,116,46,99,108,97,115,115]
methods.7.outcome.report.artifact.binding.method.owner.location.kind = "archive_entry"
methods.7.outcome.report.artifact.binding.method.owner.variant.kind = "base"
methods.7.outcome.report.artifact.binding.profile.java_release = 8
methods.7.outcome.report.artifact.binding.profile.layout.kind = "generic"
methods.7.outcome.report.artifact.binding.profile.multi_release.kind = "disabled"
methods.7.outcome.report.artifact.binding.registry = 71
methods.7.outcome.report.artifact.binding.rules = ["straight@1","if@1","loop@1","switch@1","lambda@1","concat@1","bridge@1","accessor@1","new@1","field@1","enumswitch@1","init@1","declaration@1","twr@1","monitor@1","finally@1"]
methods.7.outcome.report.artifact.binding.schema = 1
methods.7.outcome.report.artifact.binding.text_bytes = 275
methods.7.outcome.report.artifact.binding.text_digest = "4ee283af9f34015ea66bed5a032ba182"
methods.7.outcome.report.bridges = []
methods.7.outcome.report.compile_status = "not_attempted"
methods.7.outcome.report.concats = []
methods.7.outcome.report.content = "contains_statements"
methods.7.outcome.report.declaration = null
methods.7.outcome.report.diagnostics.0.code = "jre_recovery_produced"
methods.7.outcome.report.diagnostics.0.message = "1 region(s), 2 statement(s), 8 segment(s), 275 byte(s) written from 1 canonical block(s)"
methods.7.outcome.report.diagnostics.0.provenance = null
methods.7.outcome.report.diagnostics.0.severity = "info"
methods.7.outcome.report.diagnostics.1.code = "jre_new_sites"
methods.7.outcome.report.diagnostics.1.message = "1 construction candidate(s) read under new@1: 1 presented as `new`, 0 refused"
methods.7.outcome.report.diagnostics.1.provenance = null
methods.7.outcome.report.diagnostics.1.severity = "info"
methods.7.outcome.report.diagnostics.2.code = "jre_declaration"
methods.7.outcome.report.diagnostics.2.message = "the artifact's envelope states the member's declaration under declaration@1: a static method"
methods.7.outcome.report.diagnostics.2.provenance = null
methods.7.outcome.report.diagnostics.2.severity = "info"
methods.7.outcome.report.enum_switches = []
methods.7.outcome.report.evidence.categories.0.kind = "source_map"
methods.7.outcome.report.evidence.categories.0.state.state = "not_requested"
methods.7.outcome.report.evidence.categories.1.kind = "region_details"
methods.7.outcome.report.evidence.categories.1.state.state = "not_requested"
methods.7.outcome.report.evidence.categories.2.kind = "rule_details"
methods.7.outcome.report.evidence.categories.2.state.state = "not_requested"
methods.7.outcome.report.evidence.categories.3.kind = "name_details"
methods.7.outcome.report.evidence.categories.3.state.state = "not_requested"
methods.7.outcome.report.evidence.categories.4.kind = "read_details"
methods.7.outcome.report.evidence.categories.4.state.state = "not_requested"
methods.7.outcome.report.evidence.requested.driver_bci_range = null
methods.7.outcome.report.evidence.requested.expected_artifact = null
methods.7.outcome.report.evidence.requested.kinds = []
methods.7.outcome.report.execution.status = "complete"
methods.7.outcome.report.execution.usage.analysis_steps = 809
methods.7.outcome.report.execution.usage.archive_entries = 9
methods.7.outcome.report.execution.usage.attribute_bytes = 1032
methods.7.outcome.report.execution.usage.class_bytes = 2270
methods.7.outcome.report.execution.usage.class_headers = 1
methods.7.outcome.report.execution.usage.code_bytes = 200
methods.7.outcome.report.execution.usage.dependency_depth = 0
methods.7.outcome.report.execution.usage.elapsed_millis = 14
methods.7.outcome.report.execution.usage.entry_bytes = 1135
methods.7.outcome.report.execution.usage.input_bytes = 1017
methods.7.outcome.report.execution.usage.ir_edges = 105
methods.7.outcome.report.execution.usage.ir_items = 2227
methods.7.outcome.report.execution.usage.method_bodies = 8
methods.7.outcome.report.execution.usage.nested_depth = 0
methods.7.outcome.report.execution.usage.normalization_clones = 0
methods.7.outcome.report.execution.usage.output_bytes = 2025
methods.7.outcome.report.execution.usage.read_bytes = 568
methods.7.outcome.report.execution.usage.result_items = 30
methods.7.outcome.report.fallbacks = []
methods.7.outcome.report.fields = []
methods.7.outcome.report.init = null
methods.7.outcome.report.lambdas = []
methods.7.outcome.report.method = "explicitStored()Ljava/lang/String;"
methods.7.outcome.report.news = []
methods.7.outcome.report.outcome = "produced"
methods.7.outcome.report.profile.java_release = 8
methods.7.outcome.report.profile.layout.kind = "generic"
methods.7.outcome.report.profile.multi_release.kind = "disabled"
methods.7.outcome.report.quality = "structured"
methods.7.outcome.report.regions = []
methods.7.outcome.report.representation = "java"
methods.7.outcome.report.rules = []
methods.7.outcome.report.semantic_validation = "unproven"
methods.7.outcome.report.source_map.segments = []
methods.7.outcome.report.syntax_status = "unchecked"
methods.7.outcome.report.text = "// @method explicitStored()Ljava/lang/String;\n// @declaration a static method of `em27.Concat`, member flags 0x0009\n// recovered from bytecode; presentation is not claimed to compile\n{\n    char[] local0 = new char[]{'a', 'b', 'c'};\n    return new java.lang.String(local0);\n}\n"
methods.7.outcome.report.verification = "not_performed"
methods.7.parameter_annotations.attributes = []
methods.7.parameter_annotations.refusals = []
methods.7.parameter_annotations.uses_by_position = []
methods.7.text = "    public static java.lang.String explicitStored() {\n        // @method explicitStored()Ljava/lang/String;\n        // @declaration a static method of `em27.Concat`, member flags 0x0009\n        // recovered from bytecode; presentation is not claimed to compile\n        char[] local0 = new char[]{'a', 'b', 'c'};\n        return new java.lang.String(local0);\n    }\n"
methods.7.type_annotations.attributes = []
methods.7.type_annotations.field_uses = []
methods.7.type_annotations.parameter_uses = []
methods.7.type_annotations.refusals = []
methods.7.type_annotations.return_uses = []
nested_annotation_family.state = "absent"
nested_enum_family.state = "absent"
outcome = "performed"
stages = ["raw_facts","raw_cfg","legacy_normalization","canonical_cfg","frame","ssa"]
usage.analysis_steps = 809
usage.archive_entries = 9
usage.attribute_bytes = 1032
usage.class_bytes = 2270
usage.class_headers = 1
usage.code_bytes = 200
usage.dependency_depth = 0
usage.elapsed_millis = 15
usage.entry_bytes = 1135
usage.input_bytes = 1017
usage.ir_edges = 105
usage.ir_items = 2227
usage.method_bodies = 8
usage.nested_depth = 0
usage.normalization_clones = 0
usage.output_bytes = 2025
usage.read_bytes = 568
usage.result_items = 31
view.scope.kind = "snapshot_all"
view.snapshot = "85d7dcbd77f803e35da5039edb0b3a0b940ad252958a24a67fe28b969d1791d1"
