anonymous_interface_projection.state = "absent"
bridge_proofs = []
class.class_bytes.digest = "6a1d38adbdcbae3499cfc293abd3d05466f3894cdd9a8fa9e5c1cb650f908d1f"
class.class_bytes.length = 1466
class.location.entry.ordinal = 2
class.location.entry.origin.root_container = "root"
class.location.entry.origin.snapshot = "b829705e31cf55c8afc27b2b9a35b42efc6006b32ac5a4b9de3b6df66db7f5a5"
class.location.entry.origin.steps = []
class.location.entry.raw_name = [77,101,116,104,111,100,83,104,97,100,111,119,46,99,108,97,115,115]
class.location.kind = "archive_entry"
class.variant.kind = "base"
coverage.artifact_structural.scanned.0.end = 3
coverage.artifact_structural.scanned.0.label = "central_directory_entries"
coverage.artifact_structural.scanned.0.start = 0
coverage.artifact_structural.scanned.1.end = 1
coverage.artifact_structural.scanned.1.label = "navigation_candidates"
coverage.artifact_structural.scanned.1.start = 0
coverage.artifact_structural.scanned.2.end = 4
coverage.artifact_structural.scanned.2.label = "class_methods"
coverage.artifact_structural.scanned.2.start = 0
coverage.artifact_structural.scanned.3.end = 4
coverage.artifact_structural.scanned.3.label = "class_source_bodies"
coverage.artifact_structural.scanned.3.start = 0
coverage.artifact_structural.skipped = []
coverage.artifact_structural.state = "complete_within_schema"
coverage.artifact_structural.uninterpreted_extensions = []
coverage.dynamic_analysis.scanned = []
coverage.dynamic_analysis.skipped = []
coverage.dynamic_analysis.state = "not_requested"
coverage.dynamic_analysis.uninterpreted_extensions = []
coverage.runtime_resolution.scanned = []
coverage.runtime_resolution.skipped = []
coverage.runtime_resolution.state = "not_requested"
coverage.runtime_resolution.uninterpreted_extensions = []
declaration.annotation_attributes = []
declaration.annotation_refusals = []
declaration.annotation_uses = []
declaration.declaration = "public class MethodShadow<T> extends java.lang.Object"
declaration.generic_refusal = null
declaration.generic_signature = [60,84,58,76,106,97,118,97,47,108,97,110,103,47,79,98,106,101,99,116,59,62,76,106,97,118,97,47,108,97,110,103,47,79,98,106,101,99,116,59]
declaration.item.binding.kind = "path_name_agrees"
declaration.item.declaration.access_flags = 33
declaration.item.declaration.interfaces = []
declaration.item.declaration.super_class.escaped = "java/lang/Object"
declaration.item.declaration.super_class.raw = [106,97,118,97,47,108,97,110,103,47,79,98,106,101,99,116]
declaration.item.declaration.super_class.utf16 = [106,97,118,97,47,108,97,110,103,47,79,98,106,101,99,116]
declaration.item.declaration.this_class.escaped = "MethodShadow"
declaration.item.declaration.this_class.raw = [77,101,116,104,111,100,83,104,97,100,111,119]
declaration.item.declaration.this_class.utf16 = [77,101,116,104,111,100,83,104,97,100,111,119]
declaration.item.definition.class_bytes.digest = "6a1d38adbdcbae3499cfc293abd3d05466f3894cdd9a8fa9e5c1cb650f908d1f"
declaration.item.definition.class_bytes.length = 1466
declaration.item.definition.location.entry.ordinal = 2
declaration.item.definition.location.entry.origin.root_container = "root"
declaration.item.definition.location.entry.origin.snapshot = "b829705e31cf55c8afc27b2b9a35b42efc6006b32ac5a4b9de3b6df66db7f5a5"
declaration.item.definition.location.entry.origin.steps = []
declaration.item.definition.location.entry.raw_name = [77,101,116,104,111,100,83,104,97,100,111,119,46,99,108,97,115,115]
declaration.item.definition.location.kind = "archive_entry"
declaration.item.definition.variant.kind = "base"
declaration.item.member_table = null
declaration.name = "MethodShadow"
diagnostics = []
direct_override_proofs = []
enum_switch_proofs = []
execution.status = "complete"
execution.usage.analysis_steps = 1219
execution.usage.archive_entries = 9
execution.usage.attribute_bytes = 1325
execution.usage.class_bytes = 2932
execution.usage.class_headers = 1
execution.usage.code_bytes = 64
execution.usage.dependency_depth = 0
execution.usage.elapsed_millis = 4
execution.usage.entry_bytes = 1466
execution.usage.input_bytes = 1188
execution.usage.ir_edges = 56
execution.usage.ir_items = 1104
execution.usage.method_bodies = 4
execution.usage.nested_depth = 0
execution.usage.normalization_clones = 0
execution.usage.output_bytes = 2482
execution.usage.read_bytes = 720
execution.usage.result_items = 23
fields = []
initializer_proof.kind = "not_applicable"
integer_constant_projections = []
limits.analysis_steps = 4194304
limits.archive_entries = 65536
limits.attribute_bytes = 67108864
limits.class_bytes = 67108864
limits.class_headers = 4096
limits.code_bytes = 16777216
limits.dependency_depth = 8
limits.elapsed_millis = 30000
limits.entry_bytes = 67108864
limits.input_bytes = 67108864
limits.ir_edges = 4194304
limits.ir_items = 4194304
limits.method_bodies = 4096
limits.nested_depth = 4
limits.normalization_clones = 1048576
limits.output_bytes = 16777216
limits.read_bytes = 67108864
limits.result_items = 65536
member_family.state = "absent"
methods.0.annotations.attributes = []
methods.0.annotations.refusals = []
methods.0.annotations.uses = []
methods.0.declaration = "public MethodShadow()"
methods.0.item.access_flags = 1
methods.0.item.body.content_span.length = 65
methods.0.item.body.content_span.start = 1007
methods.0.item.body.kind = "code_attribute"
methods.0.item.descriptor.escaped = "()V"
methods.0.item.descriptor.raw = [40,41,86]
methods.0.item.descriptor.utf16 = [40,41,86]
methods.0.item.identity.descriptor = [40,41,86]
methods.0.item.identity.name = [60,105,110,105,116,62]
methods.0.item.identity.owner.class_bytes.digest = "6a1d38adbdcbae3499cfc293abd3d05466f3894cdd9a8fa9e5c1cb650f908d1f"
methods.0.item.identity.owner.class_bytes.length = 1466
methods.0.item.identity.owner.location.entry.ordinal = 2
methods.0.item.identity.owner.location.entry.origin.root_container = "root"
methods.0.item.identity.owner.location.entry.origin.snapshot = "b829705e31cf55c8afc27b2b9a35b42efc6006b32ac5a4b9de3b6df66db7f5a5"
methods.0.item.identity.owner.location.entry.origin.steps = []
methods.0.item.identity.owner.location.entry.raw_name = [77,101,116,104,111,100,83,104,97,100,111,119,46,99,108,97,115,115]
methods.0.item.identity.owner.location.kind = "archive_entry"
methods.0.item.identity.owner.variant.kind = "base"
methods.0.item.index = 0
methods.0.item.name.escaped = "<init>"
methods.0.item.name.raw = [60,105,110,105,116,62]
methods.0.item.name.utf16 = [60,105,110,105,116,62]
methods.0.markers = []
methods.0.no_body_kind = null
methods.0.outcome.analysis.diagnostics = 0
methods.0.outcome.analysis.execution.status = "complete"
methods.0.outcome.analysis.execution.usage.analysis_steps = 35
methods.0.outcome.analysis.execution.usage.archive_entries = 9
methods.0.outcome.analysis.execution.usage.attribute_bytes = 957
methods.0.outcome.analysis.execution.usage.class_bytes = 2932
methods.0.outcome.analysis.execution.usage.class_headers = 1
methods.0.outcome.analysis.execution.usage.code_bytes = 5
methods.0.outcome.analysis.execution.usage.dependency_depth = 0
methods.0.outcome.analysis.execution.usage.elapsed_millis = 1
methods.0.outcome.analysis.execution.usage.entry_bytes = 1466
methods.0.outcome.analysis.execution.usage.input_bytes = 1188
methods.0.outcome.analysis.execution.usage.ir_edges = 2
methods.0.outcome.analysis.execution.usage.ir_items = 48
methods.0.outcome.analysis.execution.usage.method_bodies = 1
methods.0.outcome.analysis.execution.usage.nested_depth = 0
methods.0.outcome.analysis.execution.usage.normalization_clones = 0
methods.0.outcome.analysis.execution.usage.output_bytes = 53
methods.0.outcome.analysis.execution.usage.read_bytes = 720
methods.0.outcome.analysis.execution.usage.result_items = 19
methods.0.outcome.kind = "recovered"
methods.0.outcome.report.accessors = []
methods.0.outcome.report.aliased_names = []
methods.0.outcome.report.artifact.agreement.state = "not_stated"
methods.0.outcome.report.artifact.binding.engine = "0.1.0"
methods.0.outcome.report.artifact.binding.environment.content = ["b829705e31cf55c8afc27b2b9a35b42efc6006b32ac5a4b9de3b6df66db7f5a5"]
methods.0.outcome.report.artifact.binding.environment.domain_loaders = ["app"]
methods.0.outcome.report.artifact.binding.environment.providers = []
methods.0.outcome.report.artifact.binding.environment.runtime.load_domain.delegation.kind = "parent_first"
methods.0.outcome.report.artifact.binding.environment.runtime.load_domain.external_override = "none"
methods.0.outcome.report.artifact.binding.environment.runtime.load_domain.loader = "app"
methods.0.outcome.report.artifact.binding.environment.runtime.load_domain.module_mode.kind = "class_path"
methods.0.outcome.report.artifact.binding.environment.runtime.load_domain.parent_loader = null
methods.0.outcome.report.artifact.binding.environment.runtime.load_domain.roots.0.kind = "container"
methods.0.outcome.report.artifact.binding.environment.runtime.load_domain.roots.0.origin.root_container = "root"
methods.0.outcome.report.artifact.binding.environment.runtime.load_domain.roots.0.origin.snapshot = "b829705e31cf55c8afc27b2b9a35b42efc6006b32ac5a4b9de3b6df66db7f5a5"
methods.0.outcome.report.artifact.binding.environment.runtime.load_domain.roots.0.origin.steps = []
methods.0.outcome.report.artifact.binding.environment.runtime.load_domain.roots.0.prefix = []
methods.0.outcome.report.artifact.binding.environment.runtime.load_domain.runtime_transformation = "none"
methods.0.outcome.report.artifact.binding.environment.runtime.physical.scope.kind = "snapshot_all"
methods.0.outcome.report.artifact.binding.environment.runtime.physical.snapshot = "b829705e31cf55c8afc27b2b9a35b42efc6006b32ac5a4b9de3b6df66db7f5a5"
methods.0.outcome.report.artifact.binding.environment.runtime.profile.java_release = 8
methods.0.outcome.report.artifact.binding.environment.runtime.profile.layout.kind = "generic"
methods.0.outcome.report.artifact.binding.environment.runtime.profile.multi_release.kind = "disabled"
methods.0.outcome.report.artifact.binding.member_ordinal = 0
methods.0.outcome.report.artifact.binding.method.descriptor = [40,41,86]
methods.0.outcome.report.artifact.binding.method.name = [60,105,110,105,116,62]
methods.0.outcome.report.artifact.binding.method.owner.class_bytes.digest = "6a1d38adbdcbae3499cfc293abd3d05466f3894cdd9a8fa9e5c1cb650f908d1f"
methods.0.outcome.report.artifact.binding.method.owner.class_bytes.length = 1466
methods.0.outcome.report.artifact.binding.method.owner.location.entry.ordinal = 2
methods.0.outcome.report.artifact.binding.method.owner.location.entry.origin.root_container = "root"
methods.0.outcome.report.artifact.binding.method.owner.location.entry.origin.snapshot = "b829705e31cf55c8afc27b2b9a35b42efc6006b32ac5a4b9de3b6df66db7f5a5"
methods.0.outcome.report.artifact.binding.method.owner.location.entry.origin.steps = []
methods.0.outcome.report.artifact.binding.method.owner.location.entry.raw_name = [77,101,116,104,111,100,83,104,97,100,111,119,46,99,108,97,115,115]
methods.0.outcome.report.artifact.binding.method.owner.location.kind = "archive_entry"
methods.0.outcome.report.artifact.binding.method.owner.variant.kind = "base"
methods.0.outcome.report.artifact.binding.profile.java_release = 8
methods.0.outcome.report.artifact.binding.profile.layout.kind = "generic"
methods.0.outcome.report.artifact.binding.profile.multi_release.kind = "disabled"
methods.0.outcome.report.artifact.binding.registry = 71
methods.0.outcome.report.artifact.binding.rules = ["straight@1","if@1","loop@1","switch@1","lambda@1","concat@1","bridge@1","accessor@1","new@1","field@1","enumswitch@1","init@1","declaration@1","twr@1","monitor@1","finally@1"]
methods.0.outcome.report.artifact.binding.schema = 1
methods.0.outcome.report.artifact.binding.text_bytes = 186
methods.0.outcome.report.artifact.binding.text_digest = "06d6505bd978b243b4fb4b24e9025b8f"
methods.0.outcome.report.bridges = []
methods.0.outcome.report.compile_status = "not_attempted"
methods.0.outcome.report.concats = []
methods.0.outcome.report.content = "contains_statements"
methods.0.outcome.report.declaration = null
methods.0.outcome.report.diagnostics.0.code = "jre_recovery_produced"
methods.0.outcome.report.diagnostics.0.message = "1 region(s), 2 statement(s), 2 segment(s), 186 byte(s) written from 1 canonical block(s)"
methods.0.outcome.report.diagnostics.0.provenance = null
methods.0.outcome.report.diagnostics.0.severity = "info"
methods.0.outcome.report.diagnostics.1.code = "jre_constructor_prologue"
methods.0.outcome.report.diagnostics.1.message = "the body is an instance initializer and its prologue is written under init@1 as `super`: the call at BCI 1 names `java/lang/Object`, and the class that declares this constructor is `MethodShadow`"
methods.0.outcome.report.diagnostics.1.provenance = null
methods.0.outcome.report.diagnostics.1.severity = "info"
methods.0.outcome.report.diagnostics.2.code = "jre_declaration"
methods.0.outcome.report.diagnostics.2.message = "the artifact's envelope states the member's declaration under declaration@1: a constructor"
methods.0.outcome.report.diagnostics.2.provenance = null
methods.0.outcome.report.diagnostics.2.severity = "info"
methods.0.outcome.report.enum_switches = []
methods.0.outcome.report.evidence.categories.0.kind = "source_map"
methods.0.outcome.report.evidence.categories.0.state.state = "complete"
methods.0.outcome.report.evidence.categories.1.kind = "region_details"
methods.0.outcome.report.evidence.categories.1.state.state = "not_requested"
methods.0.outcome.report.evidence.categories.2.kind = "rule_details"
methods.0.outcome.report.evidence.categories.2.state.state = "not_requested"
methods.0.outcome.report.evidence.categories.3.kind = "name_details"
methods.0.outcome.report.evidence.categories.3.state.state = "not_requested"
methods.0.outcome.report.evidence.categories.4.kind = "read_details"
methods.0.outcome.report.evidence.categories.4.state.state = "not_requested"
methods.0.outcome.report.evidence.requested.driver_bci_range = null
methods.0.outcome.report.evidence.requested.expected_artifact = null
methods.0.outcome.report.evidence.requested.kinds = ["source_map"]
methods.0.outcome.report.execution.status = "complete"
methods.0.outcome.report.execution.usage.analysis_steps = 67
methods.0.outcome.report.execution.usage.archive_entries = 9
methods.0.outcome.report.execution.usage.attribute_bytes = 957
methods.0.outcome.report.execution.usage.class_bytes = 2932
methods.0.outcome.report.execution.usage.class_headers = 1
methods.0.outcome.report.execution.usage.code_bytes = 5
methods.0.outcome.report.execution.usage.dependency_depth = 0
methods.0.outcome.report.execution.usage.elapsed_millis = 1
methods.0.outcome.report.execution.usage.entry_bytes = 1466
methods.0.outcome.report.execution.usage.input_bytes = 1188
methods.0.outcome.report.execution.usage.ir_edges = 2
methods.0.outcome.report.execution.usage.ir_items = 72
methods.0.outcome.report.execution.usage.method_bodies = 1
methods.0.outcome.report.execution.usage.nested_depth = 0
methods.0.outcome.report.execution.usage.normalization_clones = 0
methods.0.outcome.report.execution.usage.output_bytes = 239
methods.0.outcome.report.execution.usage.read_bytes = 720
methods.0.outcome.report.execution.usage.result_items = 19
methods.0.outcome.report.fallbacks = []
methods.0.outcome.report.fields = []
methods.0.outcome.report.init = null
methods.0.outcome.report.lambdas = []
methods.0.outcome.report.method = "<init>()V"
methods.0.outcome.report.news = []
methods.0.outcome.report.outcome = "produced"
methods.0.outcome.report.profile.java_release = 8
methods.0.outcome.report.profile.layout.kind = "generic"
methods.0.outcome.report.profile.multi_release.kind = "disabled"
methods.0.outcome.report.quality = "structured"
methods.0.outcome.report.regions = []
methods.0.outcome.report.representation = "java"
methods.0.outcome.report.rules = []
methods.0.outcome.report.semantic_validation = "unproven"
methods.0.outcome.report.source_map.segments.0.end = 172
methods.0.outcome.report.source_map.segments.0.origin.derived.0.bci = 0
methods.0.outcome.report.source_map.segments.0.origin.derived.0.cp = null
methods.0.outcome.report.source_map.segments.0.origin.derived.0.method.descriptor = [40,41,86]
methods.0.outcome.report.source_map.segments.0.origin.derived.0.method.name = [60,105,110,105,116,62]
methods.0.outcome.report.source_map.segments.0.origin.derived.0.method.owner.class_bytes.digest = "6a1d38adbdcbae3499cfc293abd3d05466f3894cdd9a8fa9e5c1cb650f908d1f"
methods.0.outcome.report.source_map.segments.0.origin.derived.0.method.owner.class_bytes.length = 1466
methods.0.outcome.report.source_map.segments.0.origin.derived.0.method.owner.location.entry.ordinal = 2
methods.0.outcome.report.source_map.segments.0.origin.derived.0.method.owner.location.entry.origin.root_container = "root"
methods.0.outcome.report.source_map.segments.0.origin.derived.0.method.owner.location.entry.origin.snapshot = "b829705e31cf55c8afc27b2b9a35b42efc6006b32ac5a4b9de3b6df66db7f5a5"
methods.0.outcome.report.source_map.segments.0.origin.derived.0.method.owner.location.entry.origin.steps = []
methods.0.outcome.report.source_map.segments.0.origin.derived.0.method.owner.location.entry.raw_name = [77,101,116,104,111,100,83,104,97,100,111,119,46,99,108,97,115,115]
methods.0.outcome.report.source_map.segments.0.origin.derived.0.method.owner.location.kind = "archive_entry"
methods.0.outcome.report.source_map.segments.0.origin.derived.0.method.owner.variant.kind = "base"
methods.0.outcome.report.source_map.segments.0.origin.derived.0.provenance = "Derived"
methods.0.outcome.report.source_map.segments.0.origin.primary.bci = 1
methods.0.outcome.report.source_map.segments.0.origin.primary.cp = null
methods.0.outcome.report.source_map.segments.0.origin.primary.method.descriptor = [40,41,86]
methods.0.outcome.report.source_map.segments.0.origin.primary.method.name = [60,105,110,105,116,62]
methods.0.outcome.report.source_map.segments.0.origin.primary.method.owner.class_bytes.digest = "6a1d38adbdcbae3499cfc293abd3d05466f3894cdd9a8fa9e5c1cb650f908d1f"
methods.0.outcome.report.source_map.segments.0.origin.primary.method.owner.class_bytes.length = 1466
methods.0.outcome.report.source_map.segments.0.origin.primary.method.owner.location.entry.ordinal = 2
methods.0.outcome.report.source_map.segments.0.origin.primary.method.owner.location.entry.origin.root_container = "root"
methods.0.outcome.report.source_map.segments.0.origin.primary.method.owner.location.entry.origin.snapshot = "b829705e31cf55c8afc27b2b9a35b42efc6006b32ac5a4b9de3b6df66db7f5a5"
methods.0.outcome.report.source_map.segments.0.origin.primary.method.owner.location.entry.origin.steps = []
methods.0.outcome.report.source_map.segments.0.origin.primary.method.owner.location.entry.raw_name = [77,101,116,104,111,100,83,104,97,100,111,119,46,99,108,97,115,115]
methods.0.outcome.report.source_map.segments.0.origin.primary.method.owner.location.kind = "archive_entry"
methods.0.outcome.report.source_map.segments.0.origin.primary.method.owner.variant.kind = "base"
methods.0.outcome.report.source_map.segments.0.origin.primary.provenance = "Direct"
methods.0.outcome.report.source_map.segments.0.start = 159
methods.0.outcome.report.source_map.segments.1.end = 184
methods.0.outcome.report.source_map.segments.1.origin.derived = []
methods.0.outcome.report.source_map.segments.1.origin.primary.bci = 4
methods.0.outcome.report.source_map.segments.1.origin.primary.cp = null
methods.0.outcome.report.source_map.segments.1.origin.primary.method.descriptor = [40,41,86]
methods.0.outcome.report.source_map.segments.1.origin.primary.method.name = [60,105,110,105,116,62]
methods.0.outcome.report.source_map.segments.1.origin.primary.method.owner.class_bytes.digest = "6a1d38adbdcbae3499cfc293abd3d05466f3894cdd9a8fa9e5c1cb650f908d1f"
methods.0.outcome.report.source_map.segments.1.origin.primary.method.owner.class_bytes.length = 1466
methods.0.outcome.report.source_map.segments.1.origin.primary.method.owner.location.entry.ordinal = 2
methods.0.outcome.report.source_map.segments.1.origin.primary.method.owner.location.entry.origin.root_container = "root"
methods.0.outcome.report.source_map.segments.1.origin.primary.method.owner.location.entry.origin.snapshot = "b829705e31cf55c8afc27b2b9a35b42efc6006b32ac5a4b9de3b6df66db7f5a5"
methods.0.outcome.report.source_map.segments.1.origin.primary.method.owner.location.entry.origin.steps = []
methods.0.outcome.report.source_map.segments.1.origin.primary.method.owner.location.entry.raw_name = [77,101,116,104,111,100,83,104,97,100,111,119,46,99,108,97,115,115]
methods.0.outcome.report.source_map.segments.1.origin.primary.method.owner.location.kind = "archive_entry"
methods.0.outcome.report.source_map.segments.1.origin.primary.method.owner.variant.kind = "base"
methods.0.outcome.report.source_map.segments.1.origin.primary.provenance = "Direct"
methods.0.outcome.report.source_map.segments.1.start = 172
methods.0.outcome.report.syntax_status = "unchecked"
methods.0.outcome.report.text = "// @method <init>()V\n// @declaration a constructor of `MethodShadow`, member flags 0x0001\n// recovered from bytecode; presentation is not claimed to compile\n{\n    super();\n    return;\n}\n"
methods.0.outcome.report.verification = "not_performed"
methods.0.parameter_annotations.attributes = []
methods.0.parameter_annotations.refusals = []
methods.0.parameter_annotations.uses_by_position = []
methods.0.text = "    public MethodShadow() {\n        // @method <init>()V\n        // @declaration a constructor of `MethodShadow`, member flags 0x0001\n        // recovered from bytecode; presentation is not claimed to compile\n        super();\n        return;\n    }\n"
methods.0.type_annotations.attributes = []
methods.0.type_annotations.field_uses = []
methods.0.type_annotations.parameter_uses = []
methods.0.type_annotations.refusals = []
methods.0.type_annotations.return_uses = []
methods.1.annotations.attributes = []
methods.1.annotations.refusals = []
methods.1.annotations.uses = []
methods.1.declaration = "public java.lang.Number relay(java.lang.Number x)"
methods.1.item.access_flags = 1
methods.1.item.body.content_span.length = 86
methods.1.item.body.content_span.start = 1086
methods.1.item.body.kind = "code_attribute"
methods.1.item.descriptor.escaped = "(Ljava/lang/Number;)Ljava/lang/Number;"
methods.1.item.descriptor.raw = [40,76,106,97,118,97,47,108,97,110,103,47,78,117,109,98,101,114,59,41,76,106,97,118,97,47,108,97,110,103,47,78,117,109,98,101,114,59]
methods.1.item.descriptor.utf16 = [40,76,106,97,118,97,47,108,97,110,103,47,78,117,109,98,101,114,59,41,76,106,97,118,97,47,108,97,110,103,47,78,117,109,98,101,114,59]
methods.1.item.identity.descriptor = [40,76,106,97,118,97,47,108,97,110,103,47,78,117,109,98,101,114,59,41,76,106,97,118,97,47,108,97,110,103,47,78,117,109,98,101,114,59]
methods.1.item.identity.name = [114,101,108,97,121]
methods.1.item.identity.owner.class_bytes.digest = "6a1d38adbdcbae3499cfc293abd3d05466f3894cdd9a8fa9e5c1cb650f908d1f"
methods.1.item.identity.owner.class_bytes.length = 1466
methods.1.item.identity.owner.location.entry.ordinal = 2
methods.1.item.identity.owner.location.entry.origin.root_container = "root"
methods.1.item.identity.owner.location.entry.origin.snapshot = "b829705e31cf55c8afc27b2b9a35b42efc6006b32ac5a4b9de3b6df66db7f5a5"
methods.1.item.identity.owner.location.entry.origin.steps = []
methods.1.item.identity.owner.location.entry.raw_name = [77,101,116,104,111,100,83,104,97,100,111,119,46,99,108,97,115,115]
methods.1.item.identity.owner.location.kind = "archive_entry"
methods.1.item.identity.owner.variant.kind = "base"
methods.1.item.index = 1
methods.1.item.name.escaped = "relay"
methods.1.item.name.raw = [114,101,108,97,121]
methods.1.item.name.utf16 = [114,101,108,97,121]
methods.1.markers = ["// jarde: generic Signature projection refused for `relay(Ljava/lang/Number;)Ljava/lang/Number;`: unsupported (generic_source_shape_unproved): the recovered AST/SSA body is not a direct parameter return"]
methods.1.no_body_kind = null
methods.1.outcome.analysis.diagnostics = 0
methods.1.outcome.analysis.execution.status = "complete"
methods.1.outcome.analysis.execution.usage.analysis_steps = 92
methods.1.outcome.analysis.execution.usage.archive_entries = 9
methods.1.outcome.analysis.execution.usage.attribute_bytes = 1049
methods.1.outcome.analysis.execution.usage.class_bytes = 2932
methods.1.outcome.analysis.execution.usage.class_headers = 1
methods.1.outcome.analysis.execution.usage.code_bytes = 11
methods.1.outcome.analysis.execution.usage.dependency_depth = 0
methods.1.outcome.analysis.execution.usage.elapsed_millis = 1
methods.1.outcome.analysis.execution.usage.entry_bytes = 1466
methods.1.outcome.analysis.execution.usage.input_bytes = 1188
methods.1.outcome.analysis.execution.usage.ir_edges = 7
methods.1.outcome.analysis.execution.usage.ir_items = 148
methods.1.outcome.analysis.execution.usage.method_bodies = 2
methods.1.outcome.analysis.execution.usage.nested_depth = 0
methods.1.outcome.analysis.execution.usage.normalization_clones = 0
methods.1.outcome.analysis.execution.usage.output_bytes = 239
methods.1.outcome.analysis.execution.usage.read_bytes = 720
methods.1.outcome.analysis.execution.usage.result_items = 20
methods.1.outcome.kind = "recovered"
methods.1.outcome.report.accessors = []
methods.1.outcome.report.aliased_names = []
methods.1.outcome.report.artifact.agreement.state = "not_stated"
methods.1.outcome.report.artifact.binding.engine = "0.1.0"
methods.1.outcome.report.artifact.binding.environment.content = ["b829705e31cf55c8afc27b2b9a35b42efc6006b32ac5a4b9de3b6df66db7f5a5"]
methods.1.outcome.report.artifact.binding.environment.domain_loaders = ["app"]
methods.1.outcome.report.artifact.binding.environment.providers = []
methods.1.outcome.report.artifact.binding.environment.runtime.load_domain.delegation.kind = "parent_first"
methods.1.outcome.report.artifact.binding.environment.runtime.load_domain.external_override = "none"
methods.1.outcome.report.artifact.binding.environment.runtime.load_domain.loader = "app"
methods.1.outcome.report.artifact.binding.environment.runtime.load_domain.module_mode.kind = "class_path"
methods.1.outcome.report.artifact.binding.environment.runtime.load_domain.parent_loader = null
methods.1.outcome.report.artifact.binding.environment.runtime.load_domain.roots.0.kind = "container"
methods.1.outcome.report.artifact.binding.environment.runtime.load_domain.roots.0.origin.root_container = "root"
methods.1.outcome.report.artifact.binding.environment.runtime.load_domain.roots.0.origin.snapshot = "b829705e31cf55c8afc27b2b9a35b42efc6006b32ac5a4b9de3b6df66db7f5a5"
methods.1.outcome.report.artifact.binding.environment.runtime.load_domain.roots.0.origin.steps = []
methods.1.outcome.report.artifact.binding.environment.runtime.load_domain.roots.0.prefix = []
methods.1.outcome.report.artifact.binding.environment.runtime.load_domain.runtime_transformation = "none"
methods.1.outcome.report.artifact.binding.environment.runtime.physical.scope.kind = "snapshot_all"
methods.1.outcome.report.artifact.binding.environment.runtime.physical.snapshot = "b829705e31cf55c8afc27b2b9a35b42efc6006b32ac5a4b9de3b6df66db7f5a5"
methods.1.outcome.report.artifact.binding.environment.runtime.profile.java_release = 8
methods.1.outcome.report.artifact.binding.environment.runtime.profile.layout.kind = "generic"
methods.1.outcome.report.artifact.binding.environment.runtime.profile.multi_release.kind = "disabled"
methods.1.outcome.report.artifact.binding.member_ordinal = 1
methods.1.outcome.report.artifact.binding.method.descriptor = [40,76,106,97,118,97,47,108,97,110,103,47,78,117,109,98,101,114,59,41,76,106,97,118,97,47,108,97,110,103,47,78,117,109,98,101,114,59]
methods.1.outcome.report.artifact.binding.method.name = [114,101,108,97,121]
methods.1.outcome.report.artifact.binding.method.owner.class_bytes.digest = "6a1d38adbdcbae3499cfc293abd3d05466f3894cdd9a8fa9e5c1cb650f908d1f"
methods.1.outcome.report.artifact.binding.method.owner.class_bytes.length = 1466
methods.1.outcome.report.artifact.binding.method.owner.location.entry.ordinal = 2
methods.1.outcome.report.artifact.binding.method.owner.location.entry.origin.root_container = "root"
methods.1.outcome.report.artifact.binding.method.owner.location.entry.origin.snapshot = "b829705e31cf55c8afc27b2b9a35b42efc6006b32ac5a4b9de3b6df66db7f5a5"
methods.1.outcome.report.artifact.binding.method.owner.location.entry.origin.steps = []
methods.1.outcome.report.artifact.binding.method.owner.location.entry.raw_name = [77,101,116,104,111,100,83,104,97,100,111,119,46,99,108,97,115,115]
methods.1.outcome.report.artifact.binding.method.owner.location.kind = "archive_entry"
methods.1.outcome.report.artifact.binding.method.owner.variant.kind = "base"
methods.1.outcome.report.artifact.binding.profile.java_release = 8
methods.1.outcome.report.artifact.binding.profile.layout.kind = "generic"
methods.1.outcome.report.artifact.binding.profile.multi_release.kind = "disabled"
methods.1.outcome.report.artifact.binding.registry = 71
methods.1.outcome.report.artifact.binding.rules = ["straight@1","if@1","loop@1","switch@1","lambda@1","concat@1","bridge@1","accessor@1","new@1","field@1","enumswitch@1","init@1","declaration@1","twr@1","monitor@1","finally@1"]
methods.1.outcome.report.artifact.binding.schema = 1
methods.1.outcome.report.artifact.binding.text_bytes = 223
methods.1.outcome.report.artifact.binding.text_digest = "17017e683324197d3fa5e8b5fa1acd61"
methods.1.outcome.report.bridges = []
methods.1.outcome.report.compile_status = "not_attempted"
methods.1.outcome.report.concats = []
methods.1.outcome.report.content = "contains_statements"
methods.1.outcome.report.declaration = null
methods.1.outcome.report.diagnostics.0.code = "jre_recovery_produced"
methods.1.outcome.report.diagnostics.0.message = "1 region(s), 1 statement(s), 4 segment(s), 223 byte(s) written from 1 canonical block(s)"
methods.1.outcome.report.diagnostics.0.provenance = null
methods.1.outcome.report.diagnostics.0.severity = "info"
methods.1.outcome.report.diagnostics.1.code = "jre_declaration"
methods.1.outcome.report.diagnostics.1.message = "the artifact's envelope states the member's declaration under declaration@1: an instance method"
methods.1.outcome.report.diagnostics.1.provenance = null
methods.1.outcome.report.diagnostics.1.severity = "info"
methods.1.outcome.report.enum_switches = []
methods.1.outcome.report.evidence.categories.0.kind = "source_map"
methods.1.outcome.report.evidence.categories.0.state.state = "complete"
methods.1.outcome.report.evidence.categories.1.kind = "region_details"
methods.1.outcome.report.evidence.categories.1.state.state = "not_requested"
methods.1.outcome.report.evidence.categories.2.kind = "rule_details"
methods.1.outcome.report.evidence.categories.2.state.state = "not_requested"
methods.1.outcome.report.evidence.categories.3.kind = "name_details"
methods.1.outcome.report.evidence.categories.3.state.state = "not_requested"
methods.1.outcome.report.evidence.categories.4.kind = "read_details"
methods.1.outcome.report.evidence.categories.4.state.state = "not_requested"
methods.1.outcome.report.evidence.requested.driver_bci_range = null
methods.1.outcome.report.evidence.requested.expected_artifact = null
methods.1.outcome.report.evidence.requested.kinds = ["source_map"]
methods.1.outcome.report.execution.status = "complete"
methods.1.outcome.report.execution.usage.analysis_steps = 143
methods.1.outcome.report.execution.usage.archive_entries = 9
methods.1.outcome.report.execution.usage.attribute_bytes = 1049
methods.1.outcome.report.execution.usage.class_bytes = 2932
methods.1.outcome.report.execution.usage.class_headers = 1
methods.1.outcome.report.execution.usage.code_bytes = 11
methods.1.outcome.report.execution.usage.dependency_depth = 0
methods.1.outcome.report.execution.usage.elapsed_millis = 2
methods.1.outcome.report.execution.usage.entry_bytes = 1466
methods.1.outcome.report.execution.usage.input_bytes = 1188
methods.1.outcome.report.execution.usage.ir_edges = 7
methods.1.outcome.report.execution.usage.ir_items = 192
methods.1.outcome.report.execution.usage.method_bodies = 2
methods.1.outcome.report.execution.usage.nested_depth = 0
methods.1.outcome.report.execution.usage.normalization_clones = 0
methods.1.outcome.report.execution.usage.output_bytes = 462
methods.1.outcome.report.execution.usage.read_bytes = 720
methods.1.outcome.report.execution.usage.result_items = 20
methods.1.outcome.report.fallbacks = []
methods.1.outcome.report.fields = []
methods.1.outcome.report.init = null
methods.1.outcome.report.lambdas = []
methods.1.outcome.report.method = "relay(Ljava/lang/Number;)Ljava/lang/Number;"
methods.1.outcome.report.news = []
methods.1.outcome.report.outcome = "produced"
methods.1.outcome.report.profile.java_release = 8
methods.1.outcome.report.profile.layout.kind = "generic"
methods.1.outcome.report.profile.multi_release.kind = "disabled"
methods.1.outcome.report.quality = "structured"
methods.1.outcome.report.regions = []
methods.1.outcome.report.representation = "java"
methods.1.outcome.report.rules = []
methods.1.outcome.report.semantic_validation = "unproven"
methods.1.outcome.report.source_map.segments.0.end = 213
methods.1.outcome.report.source_map.segments.0.origin.derived = []
methods.1.outcome.report.source_map.segments.0.origin.primary.bci = 0
methods.1.outcome.report.source_map.segments.0.origin.primary.cp = null
methods.1.outcome.report.source_map.segments.0.origin.primary.method.descriptor = [40,76,106,97,118,97,47,108,97,110,103,47,78,117,109,98,101,114,59,41,76,106,97,118,97,47,108,97,110,103,47,78,117,109,98,101,114,59]
methods.1.outcome.report.source_map.segments.0.origin.primary.method.name = [114,101,108,97,121]
methods.1.outcome.report.source_map.segments.0.origin.primary.method.owner.class_bytes.digest = "6a1d38adbdcbae3499cfc293abd3d05466f3894cdd9a8fa9e5c1cb650f908d1f"
methods.1.outcome.report.source_map.segments.0.origin.primary.method.owner.class_bytes.length = 1466
methods.1.outcome.report.source_map.segments.0.origin.primary.method.owner.location.entry.ordinal = 2
methods.1.outcome.report.source_map.segments.0.origin.primary.method.owner.location.entry.origin.root_container = "root"
methods.1.outcome.report.source_map.segments.0.origin.primary.method.owner.location.entry.origin.snapshot = "b829705e31cf55c8afc27b2b9a35b42efc6006b32ac5a4b9de3b6df66db7f5a5"
methods.1.outcome.report.source_map.segments.0.origin.primary.method.owner.location.entry.origin.steps = []
methods.1.outcome.report.source_map.segments.0.origin.primary.method.owner.location.entry.raw_name = [77,101,116,104,111,100,83,104,97,100,111,119,46,99,108,97,115,115]
methods.1.outcome.report.source_map.segments.0.origin.primary.method.owner.location.kind = "archive_entry"
methods.1.outcome.report.source_map.segments.0.origin.primary.method.owner.variant.kind = "base"
methods.1.outcome.report.source_map.segments.0.origin.primary.provenance = "Direct"
methods.1.outcome.report.source_map.segments.0.start = 209
methods.1.outcome.report.source_map.segments.1.end = 218
methods.1.outcome.report.source_map.segments.1.origin.derived = []
methods.1.outcome.report.source_map.segments.1.origin.primary.bci = 1
methods.1.outcome.report.source_map.segments.1.origin.primary.cp = null
methods.1.outcome.report.source_map.segments.1.origin.primary.method.descriptor = [40,76,106,97,118,97,47,108,97,110,103,47,78,117,109,98,101,114,59,41,76,106,97,118,97,47,108,97,110,103,47,78,117,109,98,101,114,59]
methods.1.outcome.report.source_map.segments.1.origin.primary.method.name = [114,101,108,97,121]
methods.1.outcome.report.source_map.segments.1.origin.primary.method.owner.class_bytes.digest = "6a1d38adbdcbae3499cfc293abd3d05466f3894cdd9a8fa9e5c1cb650f908d1f"
methods.1.outcome.report.source_map.segments.1.origin.primary.method.owner.class_bytes.length = 1466
methods.1.outcome.report.source_map.segments.1.origin.primary.method.owner.location.entry.ordinal = 2
methods.1.outcome.report.source_map.segments.1.origin.primary.method.owner.location.entry.origin.root_container = "root"
methods.1.outcome.report.source_map.segments.1.origin.primary.method.owner.location.entry.origin.snapshot = "b829705e31cf55c8afc27b2b9a35b42efc6006b32ac5a4b9de3b6df66db7f5a5"
methods.1.outcome.report.source_map.segments.1.origin.primary.method.owner.location.entry.origin.steps = []
methods.1.outcome.report.source_map.segments.1.origin.primary.method.owner.location.entry.raw_name = [77,101,116,104,111,100,83,104,97,100,111,119,46,99,108,97,115,115]
methods.1.outcome.report.source_map.segments.1.origin.primary.method.owner.location.kind = "archive_entry"
methods.1.outcome.report.source_map.segments.1.origin.primary.method.owner.variant.kind = "base"
methods.1.outcome.report.source_map.segments.1.origin.primary.provenance = "Direct"
methods.1.outcome.report.source_map.segments.1.start = 217
methods.1.outcome.report.source_map.segments.2.end = 219
methods.1.outcome.report.source_map.segments.2.origin.derived = []
methods.1.outcome.report.source_map.segments.2.origin.primary.bci = 2
methods.1.outcome.report.source_map.segments.2.origin.primary.cp = null
methods.1.outcome.report.source_map.segments.2.origin.primary.method.descriptor = [40,76,106,97,118,97,47,108,97,110,103,47,78,117,109,98,101,114,59,41,76,106,97,118,97,47,108,97,110,103,47,78,117,109,98,101,114,59]
methods.1.outcome.report.source_map.segments.2.origin.primary.method.name = [114,101,108,97,121]
methods.1.outcome.report.source_map.segments.2.origin.primary.method.owner.class_bytes.digest = "6a1d38adbdcbae3499cfc293abd3d05466f3894cdd9a8fa9e5c1cb650f908d1f"
methods.1.outcome.report.source_map.segments.2.origin.primary.method.owner.class_bytes.length = 1466
methods.1.outcome.report.source_map.segments.2.origin.primary.method.owner.location.entry.ordinal = 2
methods.1.outcome.report.source_map.segments.2.origin.primary.method.owner.location.entry.origin.root_container = "root"
methods.1.outcome.report.source_map.segments.2.origin.primary.method.owner.location.entry.origin.snapshot = "b829705e31cf55c8afc27b2b9a35b42efc6006b32ac5a4b9de3b6df66db7f5a5"
methods.1.outcome.report.source_map.segments.2.origin.primary.method.owner.location.entry.origin.steps = []
methods.1.outcome.report.source_map.segments.2.origin.primary.method.owner.location.entry.raw_name = [77,101,116,104,111,100,83,104,97,100,111,119,46,99,108,97,115,115]
methods.1.outcome.report.source_map.segments.2.origin.primary.method.owner.location.kind = "archive_entry"
methods.1.outcome.report.source_map.segments.2.origin.primary.method.owner.variant.kind = "base"
methods.1.outcome.report.source_map.segments.2.origin.primary.provenance = "Direct"
methods.1.outcome.report.source_map.segments.2.start = 209
methods.1.outcome.report.source_map.segments.3.end = 221
methods.1.outcome.report.source_map.segments.3.origin.derived = []
methods.1.outcome.report.source_map.segments.3.origin.primary.bci = 5
methods.1.outcome.report.source_map.segments.3.origin.primary.cp = null
methods.1.outcome.report.source_map.segments.3.origin.primary.method.descriptor = [40,76,106,97,118,97,47,108,97,110,103,47,78,117,109,98,101,114,59,41,76,106,97,118,97,47,108,97,110,103,47,78,117,109,98,101,114,59]
methods.1.outcome.report.source_map.segments.3.origin.primary.method.name = [114,101,108,97,121]
methods.1.outcome.report.source_map.segments.3.origin.primary.method.owner.class_bytes.digest = "6a1d38adbdcbae3499cfc293abd3d05466f3894cdd9a8fa9e5c1cb650f908d1f"
methods.1.outcome.report.source_map.segments.3.origin.primary.method.owner.class_bytes.length = 1466
methods.1.outcome.report.source_map.segments.3.origin.primary.method.owner.location.entry.ordinal = 2
methods.1.outcome.report.source_map.segments.3.origin.primary.method.owner.location.entry.origin.root_container = "root"
methods.1.outcome.report.source_map.segments.3.origin.primary.method.owner.location.entry.origin.snapshot = "b829705e31cf55c8afc27b2b9a35b42efc6006b32ac5a4b9de3b6df66db7f5a5"
methods.1.outcome.report.source_map.segments.3.origin.primary.method.owner.location.entry.origin.steps = []
methods.1.outcome.report.source_map.segments.3.origin.primary.method.owner.location.entry.raw_name = [77,101,116,104,111,100,83,104,97,100,111,119,46,99,108,97,115,115]
methods.1.outcome.report.source_map.segments.3.origin.primary.method.owner.location.kind = "archive_entry"
methods.1.outcome.report.source_map.segments.3.origin.primary.method.owner.variant.kind = "base"
methods.1.outcome.report.source_map.segments.3.origin.primary.provenance = "Direct"
methods.1.outcome.report.source_map.segments.3.start = 198
methods.1.outcome.report.syntax_status = "unchecked"
methods.1.outcome.report.text = "// @method relay(Ljava/lang/Number;)Ljava/lang/Number;\n// @declaration an instance method of `MethodShadow`, member flags 0x0001\n// recovered from bytecode; presentation is not claimed to compile\n{\n    return this.id(x);\n}\n"
methods.1.outcome.report.verification = "not_performed"
methods.1.parameter_annotations.attributes = []
methods.1.parameter_annotations.refusals = []
methods.1.parameter_annotations.uses_by_position = [[]]
methods.1.text = "    // jarde: generic Signature projection refused for `relay(Ljava/lang/Number;)Ljava/lang/Number;`: unsupported (generic_source_shape_unproved): the recovered AST/SSA body is not a direct parameter return\n    public java.lang.Number relay(java.lang.Number x) {\n        // @method relay(Ljava/lang/Number;)Ljava/lang/Number;\n        // @declaration an instance method of `MethodShadow`, member flags 0x0001\n        // recovered from bytecode; presentation is not claimed to compile\n        return this.id(x);\n    }\n"
methods.1.type_annotations.attributes = []
methods.1.type_annotations.field_uses = []
methods.1.type_annotations.parameter_uses = [[]]
methods.1.type_annotations.refusals = []
methods.1.type_annotations.return_uses = []
methods.2.annotations.attributes = []
methods.2.annotations.refusals = []
methods.2.annotations.uses = []
methods.2.declaration = "public java.lang.Number id(java.lang.Number x)"
methods.2.item.access_flags = 1
methods.2.item.body.content_span.length = 82
methods.2.item.body.content_span.start = 1194
methods.2.item.body.kind = "code_attribute"
methods.2.item.descriptor.escaped = "(Ljava/lang/Number;)Ljava/lang/Number;"
methods.2.item.descriptor.raw = [40,76,106,97,118,97,47,108,97,110,103,47,78,117,109,98,101,114,59,41,76,106,97,118,97,47,108,97,110,103,47,78,117,109,98,101,114,59]
methods.2.item.descriptor.utf16 = [40,76,106,97,118,97,47,108,97,110,103,47,78,117,109,98,101,114,59,41,76,106,97,118,97,47,108,97,110,103,47,78,117,109,98,101,114,59]
methods.2.item.identity.descriptor = [40,76,106,97,118,97,47,108,97,110,103,47,78,117,109,98,101,114,59,41,76,106,97,118,97,47,108,97,110,103,47,78,117,109,98,101,114,59]
methods.2.item.identity.name = [105,100]
methods.2.item.identity.owner.class_bytes.digest = "6a1d38adbdcbae3499cfc293abd3d05466f3894cdd9a8fa9e5c1cb650f908d1f"
methods.2.item.identity.owner.class_bytes.length = 1466
methods.2.item.identity.owner.location.entry.ordinal = 2
methods.2.item.identity.owner.location.entry.origin.root_container = "root"
methods.2.item.identity.owner.location.entry.origin.snapshot = "b829705e31cf55c8afc27b2b9a35b42efc6006b32ac5a4b9de3b6df66db7f5a5"
methods.2.item.identity.owner.location.entry.origin.steps = []
methods.2.item.identity.owner.location.entry.raw_name = [77,101,116,104,111,100,83,104,97,100,111,119,46,99,108,97,115,115]
methods.2.item.identity.owner.location.kind = "archive_entry"
methods.2.item.identity.owner.variant.kind = "base"
methods.2.item.index = 2
methods.2.item.name.escaped = "id"
methods.2.item.name.raw = [105,100]
methods.2.item.name.utf16 = [105,100]
methods.2.markers = ["// jarde: generic Signature projection refused for `id(Ljava/lang/Number;)Ljava/lang/Number;`: unsupported (generic_source_shape_unproved): method flags, annotations, or existing source refusals cannot be preserved in this generic shape"]
methods.2.no_body_kind = null
methods.2.outcome.analysis.diagnostics = 0
methods.2.outcome.analysis.execution.status = "complete"
methods.2.outcome.analysis.execution.usage.analysis_steps = 259
methods.2.outcome.analysis.execution.usage.archive_entries = 9
methods.2.outcome.analysis.execution.usage.attribute_bytes = 1145
methods.2.outcome.analysis.execution.usage.class_bytes = 2932
methods.2.outcome.analysis.execution.usage.class_headers = 1
methods.2.outcome.analysis.execution.usage.code_bytes = 13
methods.2.outcome.analysis.execution.usage.dependency_depth = 0
methods.2.outcome.analysis.execution.usage.elapsed_millis = 2
methods.2.outcome.analysis.execution.usage.entry_bytes = 1466
methods.2.outcome.analysis.execution.usage.input_bytes = 1188
methods.2.outcome.analysis.execution.usage.ir_edges = 9
methods.2.outcome.analysis.execution.usage.ir_items = 239
methods.2.outcome.analysis.execution.usage.method_bodies = 3
methods.2.outcome.analysis.execution.usage.nested_depth = 0
methods.2.outcome.analysis.execution.usage.normalization_clones = 0
methods.2.outcome.analysis.execution.usage.output_bytes = 462
methods.2.outcome.analysis.execution.usage.read_bytes = 720
methods.2.outcome.analysis.execution.usage.result_items = 21
methods.2.outcome.kind = "recovered"
methods.2.outcome.report.accessors = []
methods.2.outcome.report.aliased_names = []
methods.2.outcome.report.artifact.agreement.state = "not_stated"
methods.2.outcome.report.artifact.binding.engine = "0.1.0"
methods.2.outcome.report.artifact.binding.environment.content = ["b829705e31cf55c8afc27b2b9a35b42efc6006b32ac5a4b9de3b6df66db7f5a5"]
methods.2.outcome.report.artifact.binding.environment.domain_loaders = ["app"]
methods.2.outcome.report.artifact.binding.environment.providers = []
methods.2.outcome.report.artifact.binding.environment.runtime.load_domain.delegation.kind = "parent_first"
methods.2.outcome.report.artifact.binding.environment.runtime.load_domain.external_override = "none"
methods.2.outcome.report.artifact.binding.environment.runtime.load_domain.loader = "app"
methods.2.outcome.report.artifact.binding.environment.runtime.load_domain.module_mode.kind = "class_path"
methods.2.outcome.report.artifact.binding.environment.runtime.load_domain.parent_loader = null
methods.2.outcome.report.artifact.binding.environment.runtime.load_domain.roots.0.kind = "container"
methods.2.outcome.report.artifact.binding.environment.runtime.load_domain.roots.0.origin.root_container = "root"
methods.2.outcome.report.artifact.binding.environment.runtime.load_domain.roots.0.origin.snapshot = "b829705e31cf55c8afc27b2b9a35b42efc6006b32ac5a4b9de3b6df66db7f5a5"
methods.2.outcome.report.artifact.binding.environment.runtime.load_domain.roots.0.origin.steps = []
methods.2.outcome.report.artifact.binding.environment.runtime.load_domain.roots.0.prefix = []
methods.2.outcome.report.artifact.binding.environment.runtime.load_domain.runtime_transformation = "none"
methods.2.outcome.report.artifact.binding.environment.runtime.physical.scope.kind = "snapshot_all"
methods.2.outcome.report.artifact.binding.environment.runtime.physical.snapshot = "b829705e31cf55c8afc27b2b9a35b42efc6006b32ac5a4b9de3b6df66db7f5a5"
methods.2.outcome.report.artifact.binding.environment.runtime.profile.java_release = 8
methods.2.outcome.report.artifact.binding.environment.runtime.profile.layout.kind = "generic"
methods.2.outcome.report.artifact.binding.environment.runtime.profile.multi_release.kind = "disabled"
methods.2.outcome.report.artifact.binding.member_ordinal = 2
methods.2.outcome.report.artifact.binding.method.descriptor = [40,76,106,97,118,97,47,108,97,110,103,47,78,117,109,98,101,114,59,41,76,106,97,118,97,47,108,97,110,103,47,78,117,109,98,101,114,59]
methods.2.outcome.report.artifact.binding.method.name = [105,100]
methods.2.outcome.report.artifact.binding.method.owner.class_bytes.digest = "6a1d38adbdcbae3499cfc293abd3d05466f3894cdd9a8fa9e5c1cb650f908d1f"
methods.2.outcome.report.artifact.binding.method.owner.class_bytes.length = 1466
methods.2.outcome.report.artifact.binding.method.owner.location.entry.ordinal = 2
methods.2.outcome.report.artifact.binding.method.owner.location.entry.origin.root_container = "root"
methods.2.outcome.report.artifact.binding.method.owner.location.entry.origin.snapshot = "b829705e31cf55c8afc27b2b9a35b42efc6006b32ac5a4b9de3b6df66db7f5a5"
methods.2.outcome.report.artifact.binding.method.owner.location.entry.origin.steps = []
methods.2.outcome.report.artifact.binding.method.owner.location.entry.raw_name = [77,101,116,104,111,100,83,104,97,100,111,119,46,99,108,97,115,115]
methods.2.outcome.report.artifact.binding.method.owner.location.kind = "archive_entry"
methods.2.outcome.report.artifact.binding.method.owner.variant.kind = "base"
methods.2.outcome.report.artifact.binding.profile.java_release = 8
methods.2.outcome.report.artifact.binding.profile.layout.kind = "generic"
methods.2.outcome.report.artifact.binding.profile.multi_release.kind = "disabled"
methods.2.outcome.report.artifact.binding.registry = 71
methods.2.outcome.report.artifact.binding.rules = ["straight@1","if@1","loop@1","switch@1","lambda@1","concat@1","bridge@1","accessor@1","new@1","field@1","enumswitch@1","init@1","declaration@1","twr@1","monitor@1","finally@1"]
methods.2.outcome.report.artifact.binding.schema = 1
methods.2.outcome.report.artifact.binding.text_bytes = 211
methods.2.outcome.report.artifact.binding.text_digest = "e98daee3d98a221d35faf54f62bea509"
methods.2.outcome.report.bridges = []
methods.2.outcome.report.compile_status = "not_attempted"
methods.2.outcome.report.concats = []
methods.2.outcome.report.content = "contains_statements"
methods.2.outcome.report.declaration = null
methods.2.outcome.report.diagnostics.0.code = "jre_recovery_produced"
methods.2.outcome.report.diagnostics.0.message = "1 region(s), 1 statement(s), 2 segment(s), 211 byte(s) written from 1 canonical block(s)"
methods.2.outcome.report.diagnostics.0.provenance = null
methods.2.outcome.report.diagnostics.0.severity = "info"
methods.2.outcome.report.diagnostics.1.code = "jre_declaration"
methods.2.outcome.report.diagnostics.1.message = "the artifact's envelope states the member's declaration under declaration@1: an instance method"
methods.2.outcome.report.diagnostics.1.provenance = null
methods.2.outcome.report.diagnostics.1.severity = "info"
methods.2.outcome.report.enum_switches = []
methods.2.outcome.report.evidence.categories.0.kind = "source_map"
methods.2.outcome.report.evidence.categories.0.state.state = "complete"
methods.2.outcome.report.evidence.categories.1.kind = "region_details"
methods.2.outcome.report.evidence.categories.1.state.state = "not_requested"
methods.2.outcome.report.evidence.categories.2.kind = "rule_details"
methods.2.outcome.report.evidence.categories.2.state.state = "not_requested"
methods.2.outcome.report.evidence.categories.3.kind = "name_details"
methods.2.outcome.report.evidence.categories.3.state.state = "not_requested"
methods.2.outcome.report.evidence.categories.4.kind = "read_details"
methods.2.outcome.report.evidence.categories.4.state.state = "not_requested"
methods.2.outcome.report.evidence.requested.driver_bci_range = null
methods.2.outcome.report.evidence.requested.expected_artifact = null
methods.2.outcome.report.evidence.requested.kinds = ["source_map"]
methods.2.outcome.report.execution.status = "complete"
methods.2.outcome.report.execution.usage.analysis_steps = 285
methods.2.outcome.report.execution.usage.archive_entries = 9
methods.2.outcome.report.execution.usage.attribute_bytes = 1145
methods.2.outcome.report.execution.usage.class_bytes = 2932
methods.2.outcome.report.execution.usage.class_headers = 1
methods.2.outcome.report.execution.usage.code_bytes = 13
methods.2.outcome.report.execution.usage.dependency_depth = 0
methods.2.outcome.report.execution.usage.elapsed_millis = 2
methods.2.outcome.report.execution.usage.entry_bytes = 1466
methods.2.outcome.report.execution.usage.input_bytes = 1188
methods.2.outcome.report.execution.usage.ir_edges = 9
methods.2.outcome.report.execution.usage.ir_items = 262
methods.2.outcome.report.execution.usage.method_bodies = 3
methods.2.outcome.report.execution.usage.nested_depth = 0
methods.2.outcome.report.execution.usage.normalization_clones = 0
methods.2.outcome.report.execution.usage.output_bytes = 673
methods.2.outcome.report.execution.usage.read_bytes = 720
methods.2.outcome.report.execution.usage.result_items = 21
methods.2.outcome.report.fallbacks = []
methods.2.outcome.report.fields = []
methods.2.outcome.report.init = null
methods.2.outcome.report.lambdas = []
methods.2.outcome.report.method = "id(Ljava/lang/Number;)Ljava/lang/Number;"
methods.2.outcome.report.news = []
methods.2.outcome.report.outcome = "produced"
methods.2.outcome.report.profile.java_release = 8
methods.2.outcome.report.profile.layout.kind = "generic"
methods.2.outcome.report.profile.multi_release.kind = "disabled"
methods.2.outcome.report.quality = "structured"
methods.2.outcome.report.regions = []
methods.2.outcome.report.representation = "java"
methods.2.outcome.report.rules = []
methods.2.outcome.report.semantic_validation = "unproven"
methods.2.outcome.report.source_map.segments.0.end = 207
methods.2.outcome.report.source_map.segments.0.origin.derived = []
methods.2.outcome.report.source_map.segments.0.origin.primary.bci = 0
methods.2.outcome.report.source_map.segments.0.origin.primary.cp = null
methods.2.outcome.report.source_map.segments.0.origin.primary.method.descriptor = [40,76,106,97,118,97,47,108,97,110,103,47,78,117,109,98,101,114,59,41,76,106,97,118,97,47,108,97,110,103,47,78,117,109,98,101,114,59]
methods.2.outcome.report.source_map.segments.0.origin.primary.method.name = [105,100]
methods.2.outcome.report.source_map.segments.0.origin.primary.method.owner.class_bytes.digest = "6a1d38adbdcbae3499cfc293abd3d05466f3894cdd9a8fa9e5c1cb650f908d1f"
methods.2.outcome.report.source_map.segments.0.origin.primary.method.owner.class_bytes.length = 1466
methods.2.outcome.report.source_map.segments.0.origin.primary.method.owner.location.entry.ordinal = 2
methods.2.outcome.report.source_map.segments.0.origin.primary.method.owner.location.entry.origin.root_container = "root"
methods.2.outcome.report.source_map.segments.0.origin.primary.method.owner.location.entry.origin.snapshot = "b829705e31cf55c8afc27b2b9a35b42efc6006b32ac5a4b9de3b6df66db7f5a5"
methods.2.outcome.report.source_map.segments.0.origin.primary.method.owner.location.entry.origin.steps = []
methods.2.outcome.report.source_map.segments.0.origin.primary.method.owner.location.entry.raw_name = [77,101,116,104,111,100,83,104,97,100,111,119,46,99,108,97,115,115]
methods.2.outcome.report.source_map.segments.0.origin.primary.method.owner.location.kind = "archive_entry"
methods.2.outcome.report.source_map.segments.0.origin.primary.method.owner.variant.kind = "base"
methods.2.outcome.report.source_map.segments.0.origin.primary.provenance = "Direct"
methods.2.outcome.report.source_map.segments.0.start = 206
methods.2.outcome.report.source_map.segments.1.end = 209
methods.2.outcome.report.source_map.segments.1.origin.derived = []
methods.2.outcome.report.source_map.segments.1.origin.primary.bci = 1
methods.2.outcome.report.source_map.segments.1.origin.primary.cp = null
methods.2.outcome.report.source_map.segments.1.origin.primary.method.descriptor = [40,76,106,97,118,97,47,108,97,110,103,47,78,117,109,98,101,114,59,41,76,106,97,118,97,47,108,97,110,103,47,78,117,109,98,101,114,59]
methods.2.outcome.report.source_map.segments.1.origin.primary.method.name = [105,100]
methods.2.outcome.report.source_map.segments.1.origin.primary.method.owner.class_bytes.digest = "6a1d38adbdcbae3499cfc293abd3d05466f3894cdd9a8fa9e5c1cb650f908d1f"
methods.2.outcome.report.source_map.segments.1.origin.primary.method.owner.class_bytes.length = 1466
methods.2.outcome.report.source_map.segments.1.origin.primary.method.owner.location.entry.ordinal = 2
methods.2.outcome.report.source_map.segments.1.origin.primary.method.owner.location.entry.origin.root_container = "root"
methods.2.outcome.report.source_map.segments.1.origin.primary.method.owner.location.entry.origin.snapshot = "b829705e31cf55c8afc27b2b9a35b42efc6006b32ac5a4b9de3b6df66db7f5a5"
methods.2.outcome.report.source_map.segments.1.origin.primary.method.owner.location.entry.origin.steps = []
methods.2.outcome.report.source_map.segments.1.origin.primary.method.owner.location.entry.raw_name = [77,101,116,104,111,100,83,104,97,100,111,119,46,99,108,97,115,115]
methods.2.outcome.report.source_map.segments.1.origin.primary.method.owner.location.kind = "archive_entry"
methods.2.outcome.report.source_map.segments.1.origin.primary.method.owner.variant.kind = "base"
methods.2.outcome.report.source_map.segments.1.origin.primary.provenance = "Direct"
methods.2.outcome.report.source_map.segments.1.start = 195
methods.2.outcome.report.syntax_status = "unchecked"
methods.2.outcome.report.text = "// @method id(Ljava/lang/Number;)Ljava/lang/Number;\n// @declaration an instance method of `MethodShadow`, member flags 0x0001\n// recovered from bytecode; presentation is not claimed to compile\n{\n    return x;\n}\n"
methods.2.outcome.report.verification = "not_performed"
methods.2.parameter_annotations.attributes = []
methods.2.parameter_annotations.refusals = []
methods.2.parameter_annotations.uses_by_position = [[]]
methods.2.text = "    // jarde: generic Signature projection refused for `id(Ljava/lang/Number;)Ljava/lang/Number;`: unsupported (generic_source_shape_unproved): method flags, annotations, or existing source refusals cannot be preserved in this generic shape\n    public java.lang.Number id(java.lang.Number x) {\n        // @method id(Ljava/lang/Number;)Ljava/lang/Number;\n        // @declaration an instance method of `MethodShadow`, member flags 0x0001\n        // recovered from bytecode; presentation is not claimed to compile\n        return x;\n    }\n"
methods.2.type_annotations.attributes = []
methods.2.type_annotations.field_uses = []
methods.2.type_annotations.parameter_uses = [[]]
methods.2.type_annotations.refusals = []
methods.2.type_annotations.return_uses = []
methods.3.annotations.attributes = []
methods.3.annotations.refusals = []
methods.3.annotations.uses = []
methods.3.declaration = "public static void main(java.lang.String[] a)"
methods.3.item.access_flags = 9
methods.3.item.body.content_span.length = 150
methods.3.item.body.content_span.start = 1298
methods.3.item.body.kind = "code_attribute"
methods.3.item.descriptor.escaped = "([Ljava/lang/String;)V"
methods.3.item.descriptor.raw = [40,91,76,106,97,118,97,47,108,97,110,103,47,83,116,114,105,110,103,59,41,86]
methods.3.item.descriptor.utf16 = [40,91,76,106,97,118,97,47,108,97,110,103,47,83,116,114,105,110,103,59,41,86]
methods.3.item.identity.descriptor = [40,91,76,106,97,118,97,47,108,97,110,103,47,83,116,114,105,110,103,59,41,86]
methods.3.item.identity.name = [109,97,105,110]
methods.3.item.identity.owner.class_bytes.digest = "6a1d38adbdcbae3499cfc293abd3d05466f3894cdd9a8fa9e5c1cb650f908d1f"
methods.3.item.identity.owner.class_bytes.length = 1466
methods.3.item.identity.owner.location.entry.ordinal = 2
methods.3.item.identity.owner.location.entry.origin.root_container = "root"
methods.3.item.identity.owner.location.entry.origin.snapshot = "b829705e31cf55c8afc27b2b9a35b42efc6006b32ac5a4b9de3b6df66db7f5a5"
methods.3.item.identity.owner.location.entry.origin.steps = []
methods.3.item.identity.owner.location.entry.raw_name = [77,101,116,104,111,100,83,104,97,100,111,119,46,99,108,97,115,115]
methods.3.item.identity.owner.location.kind = "archive_entry"
methods.3.item.identity.owner.variant.kind = "base"
methods.3.item.index = 3
methods.3.item.name.escaped = "main"
methods.3.item.name.raw = [109,97,105,110]
methods.3.item.name.utf16 = [109,97,105,110]
methods.3.markers = ["// jarde: not recovered: the recovery run for `main([Ljava/lang/String;)V` produced no statement (explanation only); the artifact's own comment lines are below"]
methods.3.no_body_kind = null
methods.3.outcome.analysis.diagnostics = 0
methods.3.outcome.analysis.execution.status = "complete"
methods.3.outcome.analysis.execution.usage.analysis_steps = 538
methods.3.outcome.analysis.execution.usage.archive_entries = 9
methods.3.outcome.analysis.execution.usage.attribute_bytes = 1309
methods.3.outcome.analysis.execution.usage.class_bytes = 2932
methods.3.outcome.analysis.execution.usage.class_headers = 1
methods.3.outcome.analysis.execution.usage.code_bytes = 64
methods.3.outcome.analysis.execution.usage.dependency_depth = 0
methods.3.outcome.analysis.execution.usage.elapsed_millis = 2
methods.3.outcome.analysis.execution.usage.entry_bytes = 1466
methods.3.outcome.analysis.execution.usage.input_bytes = 1188
methods.3.outcome.analysis.execution.usage.ir_edges = 52
methods.3.outcome.analysis.execution.usage.ir_items = 773
methods.3.outcome.analysis.execution.usage.method_bodies = 4
methods.3.outcome.analysis.execution.usage.nested_depth = 0
methods.3.outcome.analysis.execution.usage.normalization_clones = 0
methods.3.outcome.analysis.execution.usage.output_bytes = 673
methods.3.outcome.analysis.execution.usage.read_bytes = 720
methods.3.outcome.analysis.execution.usage.result_items = 22
methods.3.outcome.kind = "recovered"
methods.3.outcome.report.accessors = []
methods.3.outcome.report.aliased_names = []
methods.3.outcome.report.artifact.agreement.state = "not_stated"
methods.3.outcome.report.artifact.binding.engine = "0.1.0"
methods.3.outcome.report.artifact.binding.environment.content = ["b829705e31cf55c8afc27b2b9a35b42efc6006b32ac5a4b9de3b6df66db7f5a5"]
methods.3.outcome.report.artifact.binding.environment.domain_loaders = ["app"]
methods.3.outcome.report.artifact.binding.environment.providers = []
methods.3.outcome.report.artifact.binding.environment.runtime.load_domain.delegation.kind = "parent_first"
methods.3.outcome.report.artifact.binding.environment.runtime.load_domain.external_override = "none"
methods.3.outcome.report.artifact.binding.environment.runtime.load_domain.loader = "app"
methods.3.outcome.report.artifact.binding.environment.runtime.load_domain.module_mode.kind = "class_path"
methods.3.outcome.report.artifact.binding.environment.runtime.load_domain.parent_loader = null
methods.3.outcome.report.artifact.binding.environment.runtime.load_domain.roots.0.kind = "container"
methods.3.outcome.report.artifact.binding.environment.runtime.load_domain.roots.0.origin.root_container = "root"
methods.3.outcome.report.artifact.binding.environment.runtime.load_domain.roots.0.origin.snapshot = "b829705e31cf55c8afc27b2b9a35b42efc6006b32ac5a4b9de3b6df66db7f5a5"
methods.3.outcome.report.artifact.binding.environment.runtime.load_domain.roots.0.origin.steps = []
methods.3.outcome.report.artifact.binding.environment.runtime.load_domain.roots.0.prefix = []
methods.3.outcome.report.artifact.binding.environment.runtime.load_domain.runtime_transformation = "none"
methods.3.outcome.report.artifact.binding.environment.runtime.physical.scope.kind = "snapshot_all"
methods.3.outcome.report.artifact.binding.environment.runtime.physical.snapshot = "b829705e31cf55c8afc27b2b9a35b42efc6006b32ac5a4b9de3b6df66db7f5a5"
methods.3.outcome.report.artifact.binding.environment.runtime.profile.java_release = 8
methods.3.outcome.report.artifact.binding.environment.runtime.profile.layout.kind = "generic"
methods.3.outcome.report.artifact.binding.environment.runtime.profile.multi_release.kind = "disabled"
methods.3.outcome.report.artifact.binding.member_ordinal = 3
methods.3.outcome.report.artifact.binding.method.descriptor = [40,91,76,106,97,118,97,47,108,97,110,103,47,83,116,114,105,110,103,59,41,86]
methods.3.outcome.report.artifact.binding.method.name = [109,97,105,110]
methods.3.outcome.report.artifact.binding.method.owner.class_bytes.digest = "6a1d38adbdcbae3499cfc293abd3d05466f3894cdd9a8fa9e5c1cb650f908d1f"
methods.3.outcome.report.artifact.binding.method.owner.class_bytes.length = 1466
methods.3.outcome.report.artifact.binding.method.owner.location.entry.ordinal = 2
methods.3.outcome.report.artifact.binding.method.owner.location.entry.origin.root_container = "root"
methods.3.outcome.report.artifact.binding.method.owner.location.entry.origin.snapshot = "b829705e31cf55c8afc27b2b9a35b42efc6006b32ac5a4b9de3b6df66db7f5a5"
methods.3.outcome.report.artifact.binding.method.owner.location.entry.origin.steps = []
methods.3.outcome.report.artifact.binding.method.owner.location.entry.raw_name = [77,101,116,104,111,100,83,104,97,100,111,119,46,99,108,97,115,115]
methods.3.outcome.report.artifact.binding.method.owner.location.kind = "archive_entry"
methods.3.outcome.report.artifact.binding.method.owner.variant.kind = "base"
methods.3.outcome.report.artifact.binding.profile.java_release = 8
methods.3.outcome.report.artifact.binding.profile.layout.kind = "generic"
methods.3.outcome.report.artifact.binding.profile.multi_release.kind = "disabled"
methods.3.outcome.report.artifact.binding.registry = 71
methods.3.outcome.report.artifact.binding.rules = ["straight@1","if@1","loop@1","switch@1","lambda@1","concat@1","bridge@1","accessor@1","new@1","field@1","enumswitch@1","init@1","declaration@1","twr@1","monitor@1","finally@1"]
methods.3.outcome.report.artifact.binding.schema = 1
methods.3.outcome.report.artifact.binding.text_bytes = 758
methods.3.outcome.report.artifact.binding.text_digest = "4c05ec24c5e13b6a84c79313a414d0e9"
methods.3.outcome.report.bridges = []
methods.3.outcome.report.compile_status = "not_attempted"
methods.3.outcome.report.concats = []
methods.3.outcome.report.content = "explanation_only"
methods.3.outcome.report.declaration = null
methods.3.outcome.report.diagnostics.0.code = "jre_recovery_produced"
methods.3.outcome.report.diagnostics.0.message = "2 region(s), 0 statement(s), 4 segment(s), 758 byte(s) written from 4 canonical block(s)"
methods.3.outcome.report.diagnostics.0.provenance = null
methods.3.outcome.report.diagnostics.0.severity = "info"
methods.3.outcome.report.diagnostics.1.code = "jre_concat_split"
methods.3.outcome.report.diagnostics.1.message = "the concatenation at BCI 9 was not presented: the concatenation that starts at BCI 9 ends in the `toString` at BCI 44, which is in another block: a branch cuts the chain in two, and the value it builds is not the value of one expression"
methods.3.outcome.report.diagnostics.1.provenance = null
methods.3.outcome.report.diagnostics.1.severity = "warning"
methods.3.outcome.report.diagnostics.2.code = "jre_concat_chains"
methods.3.outcome.report.diagnostics.2.message = "1 concatenation candidate(s) read under concat@1: 0 presented, 1 refused"
methods.3.outcome.report.diagnostics.2.provenance = null
methods.3.outcome.report.diagnostics.2.severity = "info"
methods.3.outcome.report.diagnostics.3.code = "jre_new_sites"
methods.3.outcome.report.diagnostics.3.message = "2 construction candidate(s) read under new@1: 2 presented as `new`, 0 refused"
methods.3.outcome.report.diagnostics.3.provenance = null
methods.3.outcome.report.diagnostics.3.severity = "info"
methods.3.outcome.report.diagnostics.4.code = "jre_field_not_emitted"
methods.3.outcome.report.diagnostics.4.message = "the field access at BCI 6 passed field identity proof, but no matching Java field operation was emitted by the final body"
methods.3.outcome.report.diagnostics.4.provenance = null
methods.3.outcome.report.diagnostics.4.severity = "warning"
methods.3.outcome.report.diagnostics.5.code = "jre_field_accesses"
methods.3.outcome.report.diagnostics.5.message = "1 field instruction(s) read under field@1: 0 presented, 1 refused"
methods.3.outcome.report.diagnostics.5.provenance = null
methods.3.outcome.report.diagnostics.5.severity = "info"
methods.3.outcome.report.diagnostics.6.code = "jre_declaration"
methods.3.outcome.report.diagnostics.6.message = "the artifact's envelope states the member's declaration under declaration@1: a static method"
methods.3.outcome.report.diagnostics.6.provenance = null
methods.3.outcome.report.diagnostics.6.severity = "info"
methods.3.outcome.report.enum_switches = []
methods.3.outcome.report.evidence.categories.0.kind = "source_map"
methods.3.outcome.report.evidence.categories.0.state.state = "complete"
methods.3.outcome.report.evidence.categories.1.kind = "region_details"
methods.3.outcome.report.evidence.categories.1.state.state = "not_requested"
methods.3.outcome.report.evidence.categories.2.kind = "rule_details"
methods.3.outcome.report.evidence.categories.2.state.state = "not_requested"
methods.3.outcome.report.evidence.categories.3.kind = "name_details"
methods.3.outcome.report.evidence.categories.3.state.state = "not_requested"
methods.3.outcome.report.evidence.categories.4.kind = "read_details"
methods.3.outcome.report.evidence.categories.4.state.state = "not_requested"
methods.3.outcome.report.evidence.requested.driver_bci_range = null
methods.3.outcome.report.evidence.requested.expected_artifact = null
methods.3.outcome.report.evidence.requested.kinds = ["source_map"]
methods.3.outcome.report.execution.status = "complete"
methods.3.outcome.report.execution.usage.analysis_steps = 987
methods.3.outcome.report.execution.usage.archive_entries = 9
methods.3.outcome.report.execution.usage.attribute_bytes = 1309
methods.3.outcome.report.execution.usage.class_bytes = 2932
methods.3.outcome.report.execution.usage.class_headers = 1
methods.3.outcome.report.execution.usage.code_bytes = 64
methods.3.outcome.report.execution.usage.dependency_depth = 0
methods.3.outcome.report.execution.usage.elapsed_millis = 3
methods.3.outcome.report.execution.usage.entry_bytes = 1466
methods.3.outcome.report.execution.usage.input_bytes = 1188
methods.3.outcome.report.execution.usage.ir_edges = 56
methods.3.outcome.report.execution.usage.ir_items = 1103
methods.3.outcome.report.execution.usage.method_bodies = 4
methods.3.outcome.report.execution.usage.nested_depth = 0
methods.3.outcome.report.execution.usage.normalization_clones = 0
methods.3.outcome.report.execution.usage.output_bytes = 1431
methods.3.outcome.report.execution.usage.read_bytes = 720
methods.3.outcome.report.execution.usage.result_items = 22
methods.3.outcome.report.fallbacks = []
methods.3.outcome.report.fields = []
methods.3.outcome.report.init = null
methods.3.outcome.report.lambdas = []
methods.3.outcome.report.method = "main([Ljava/lang/String;)V"
methods.3.outcome.report.news = []
methods.3.outcome.report.outcome = "produced"
methods.3.outcome.report.profile.java_release = 8
methods.3.outcome.report.profile.layout.kind = "generic"
methods.3.outcome.report.profile.multi_release.kind = "disabled"
methods.3.outcome.report.quality = "fallback"
methods.3.outcome.report.regions = []
methods.3.outcome.report.representation = "mixed"
methods.3.outcome.report.rules = []
methods.3.outcome.report.semantic_validation = "unproven"
methods.3.outcome.report.source_map.segments.0.end = 365
methods.3.outcome.report.source_map.segments.0.origin.derived.0.bci = 0
methods.3.outcome.report.source_map.segments.0.origin.derived.0.cp = null
methods.3.outcome.report.source_map.segments.0.origin.derived.0.method.descriptor = [40,91,76,106,97,118,97,47,108,97,110,103,47,83,116,114,105,110,103,59,41,86]
methods.3.outcome.report.source_map.segments.0.origin.derived.0.method.name = [109,97,105,110]
methods.3.outcome.report.source_map.segments.0.origin.derived.0.method.owner.class_bytes.digest = "6a1d38adbdcbae3499cfc293abd3d05466f3894cdd9a8fa9e5c1cb650f908d1f"
methods.3.outcome.report.source_map.segments.0.origin.derived.0.method.owner.class_bytes.length = 1466
methods.3.outcome.report.source_map.segments.0.origin.derived.0.method.owner.location.entry.ordinal = 2
methods.3.outcome.report.source_map.segments.0.origin.derived.0.method.owner.location.entry.origin.root_container = "root"
methods.3.outcome.report.source_map.segments.0.origin.derived.0.method.owner.location.entry.origin.snapshot = "b829705e31cf55c8afc27b2b9a35b42efc6006b32ac5a4b9de3b6df66db7f5a5"
methods.3.outcome.report.source_map.segments.0.origin.derived.0.method.owner.location.entry.origin.steps = []
methods.3.outcome.report.source_map.segments.0.origin.derived.0.method.owner.location.entry.raw_name = [77,101,116,104,111,100,83,104,97,100,111,119,46,99,108,97,115,115]
methods.3.outcome.report.source_map.segments.0.origin.derived.0.method.owner.location.kind = "archive_entry"
methods.3.outcome.report.source_map.segments.0.origin.derived.0.method.owner.variant.kind = "base"
methods.3.outcome.report.source_map.segments.0.origin.derived.0.provenance = "Derived"
methods.3.outcome.report.source_map.segments.0.origin.derived.1.bci = 2
methods.3.outcome.report.source_map.segments.0.origin.derived.1.cp = null
methods.3.outcome.report.source_map.segments.0.origin.derived.1.method.descriptor = [40,91,76,106,97,118,97,47,108,97,110,103,47,83,116,114,105,110,103,59,41,86]
methods.3.outcome.report.source_map.segments.0.origin.derived.1.method.name = [109,97,105,110]
methods.3.outcome.report.source_map.segments.0.origin.derived.1.method.owner.class_bytes.digest = "6a1d38adbdcbae3499cfc293abd3d05466f3894cdd9a8fa9e5c1cb650f908d1f"
methods.3.outcome.report.source_map.segments.0.origin.derived.1.method.owner.class_bytes.length = 1466
methods.3.outcome.report.source_map.segments.0.origin.derived.1.method.owner.location.entry.ordinal = 2
methods.3.outcome.report.source_map.segments.0.origin.derived.1.method.owner.location.entry.origin.root_container = "root"
methods.3.outcome.report.source_map.segments.0.origin.derived.1.method.owner.location.entry.origin.snapshot = "b829705e31cf55c8afc27b2b9a35b42efc6006b32ac5a4b9de3b6df66db7f5a5"
methods.3.outcome.report.source_map.segments.0.origin.derived.1.method.owner.location.entry.origin.steps = []
methods.3.outcome.report.source_map.segments.0.origin.derived.1.method.owner.location.entry.raw_name = [77,101,116,104,111,100,83,104,97,100,111,119,46,99,108,97,115,115]
methods.3.outcome.report.source_map.segments.0.origin.derived.1.method.owner.location.kind = "archive_entry"
methods.3.outcome.report.source_map.segments.0.origin.derived.1.method.owner.variant.kind = "base"
methods.3.outcome.report.source_map.segments.0.origin.derived.1.provenance = "Derived"
methods.3.outcome.report.source_map.segments.0.origin.derived.2.bci = 5
methods.3.outcome.report.source_map.segments.0.origin.derived.2.cp = null
methods.3.outcome.report.source_map.segments.0.origin.derived.2.method.descriptor = [40,91,76,106,97,118,97,47,108,97,110,103,47,83,116,114,105,110,103,59,41,86]
methods.3.outcome.report.source_map.segments.0.origin.derived.2.method.name = [109,97,105,110]
methods.3.outcome.report.source_map.segments.0.origin.derived.2.method.owner.class_bytes.digest = "6a1d38adbdcbae3499cfc293abd3d05466f3894cdd9a8fa9e5c1cb650f908d1f"
methods.3.outcome.report.source_map.segments.0.origin.derived.2.method.owner.class_bytes.length = 1466
methods.3.outcome.report.source_map.segments.0.origin.derived.2.method.owner.location.entry.ordinal = 2
methods.3.outcome.report.source_map.segments.0.origin.derived.2.method.owner.location.entry.origin.root_container = "root"
methods.3.outcome.report.source_map.segments.0.origin.derived.2.method.owner.location.entry.origin.snapshot = "b829705e31cf55c8afc27b2b9a35b42efc6006b32ac5a4b9de3b6df66db7f5a5"
methods.3.outcome.report.source_map.segments.0.origin.derived.2.method.owner.location.entry.origin.steps = []
methods.3.outcome.report.source_map.segments.0.origin.derived.2.method.owner.location.entry.raw_name = [77,101,116,104,111,100,83,104,97,100,111,119,46,99,108,97,115,115]
methods.3.outcome.report.source_map.segments.0.origin.derived.2.method.owner.location.kind = "archive_entry"
methods.3.outcome.report.source_map.segments.0.origin.derived.2.method.owner.variant.kind = "base"
methods.3.outcome.report.source_map.segments.0.origin.derived.2.provenance = "Derived"
methods.3.outcome.report.source_map.segments.0.origin.derived.3.bci = 9
methods.3.outcome.report.source_map.segments.0.origin.derived.3.cp = null
methods.3.outcome.report.source_map.segments.0.origin.derived.3.method.descriptor = [40,91,76,106,97,118,97,47,108,97,110,103,47,83,116,114,105,110,103,59,41,86]
methods.3.outcome.report.source_map.segments.0.origin.derived.3.method.name = [109,97,105,110]
methods.3.outcome.report.source_map.segments.0.origin.derived.3.method.owner.class_bytes.digest = "6a1d38adbdcbae3499cfc293abd3d05466f3894cdd9a8fa9e5c1cb650f908d1f"
methods.3.outcome.report.source_map.segments.0.origin.derived.3.method.owner.class_bytes.length = 1466
methods.3.outcome.report.source_map.segments.0.origin.derived.3.method.owner.location.entry.ordinal = 2
methods.3.outcome.report.source_map.segments.0.origin.derived.3.method.owner.location.entry.origin.root_container = "root"
methods.3.outcome.report.source_map.segments.0.origin.derived.3.method.owner.location.entry.origin.snapshot = "b829705e31cf55c8afc27b2b9a35b42efc6006b32ac5a4b9de3b6df66db7f5a5"
methods.3.outcome.report.source_map.segments.0.origin.derived.3.method.owner.location.entry.origin.steps = []
methods.3.outcome.report.source_map.segments.0.origin.derived.3.method.owner.location.entry.raw_name = [77,101,116,104,111,100,83,104,97,100,111,119,46,99,108,97,115,115]
methods.3.outcome.report.source_map.segments.0.origin.derived.3.method.owner.location.kind = "archive_entry"
methods.3.outcome.report.source_map.segments.0.origin.derived.3.method.owner.variant.kind = "base"
methods.3.outcome.report.source_map.segments.0.origin.derived.3.provenance = "Derived"
methods.3.outcome.report.source_map.segments.0.origin.derived.4.bci = 12
methods.3.outcome.report.source_map.segments.0.origin.derived.4.cp = null
methods.3.outcome.report.source_map.segments.0.origin.derived.4.method.descriptor = [40,91,76,106,97,118,97,47,108,97,110,103,47,83,116,114,105,110,103,59,41,86]
methods.3.outcome.report.source_map.segments.0.origin.derived.4.method.name = [109,97,105,110]
methods.3.outcome.report.source_map.segments.0.origin.derived.4.method.owner.class_bytes.digest = "6a1d38adbdcbae3499cfc293abd3d05466f3894cdd9a8fa9e5c1cb650f908d1f"
methods.3.outcome.report.source_map.segments.0.origin.derived.4.method.owner.class_bytes.length = 1466
methods.3.outcome.report.source_map.segments.0.origin.derived.4.method.owner.location.entry.ordinal = 2
methods.3.outcome.report.source_map.segments.0.origin.derived.4.method.owner.location.entry.origin.root_container = "root"
methods.3.outcome.report.source_map.segments.0.origin.derived.4.method.owner.location.entry.origin.snapshot = "b829705e31cf55c8afc27b2b9a35b42efc6006b32ac5a4b9de3b6df66db7f5a5"
methods.3.outcome.report.source_map.segments.0.origin.derived.4.method.owner.location.entry.origin.steps = []
methods.3.outcome.report.source_map.segments.0.origin.derived.4.method.owner.location.entry.raw_name = [77,101,116,104,111,100,83,104,97,100,111,119,46,99,108,97,115,115]
methods.3.outcome.report.source_map.segments.0.origin.derived.4.method.owner.location.kind = "archive_entry"
methods.3.outcome.report.source_map.segments.0.origin.derived.4.method.owner.variant.kind = "base"
methods.3.outcome.report.source_map.segments.0.origin.derived.4.provenance = "Derived"
methods.3.outcome.report.source_map.segments.0.origin.derived.5.bci = 13
methods.3.outcome.report.source_map.segments.0.origin.derived.5.cp = null
methods.3.outcome.report.source_map.segments.0.origin.derived.5.method.descriptor = [40,91,76,106,97,118,97,47,108,97,110,103,47,83,116,114,105,110,103,59,41,86]
methods.3.outcome.report.source_map.segments.0.origin.derived.5.method.name = [109,97,105,110]
methods.3.outcome.report.source_map.segments.0.origin.derived.5.method.owner.class_bytes.digest = "6a1d38adbdcbae3499cfc293abd3d05466f3894cdd9a8fa9e5c1cb650f908d1f"
methods.3.outcome.report.source_map.segments.0.origin.derived.5.method.owner.class_bytes.length = 1466
methods.3.outcome.report.source_map.segments.0.origin.derived.5.method.owner.location.entry.ordinal = 2
methods.3.outcome.report.source_map.segments.0.origin.derived.5.method.owner.location.entry.origin.root_container = "root"
methods.3.outcome.report.source_map.segments.0.origin.derived.5.method.owner.location.entry.origin.snapshot = "b829705e31cf55c8afc27b2b9a35b42efc6006b32ac5a4b9de3b6df66db7f5a5"
methods.3.outcome.report.source_map.segments.0.origin.derived.5.method.owner.location.entry.origin.steps = []
methods.3.outcome.report.source_map.segments.0.origin.derived.5.method.owner.location.entry.raw_name = [77,101,116,104,111,100,83,104,97,100,111,119,46,99,108,97,115,115]
methods.3.outcome.report.source_map.segments.0.origin.derived.5.method.owner.location.kind = "archive_entry"
methods.3.outcome.report.source_map.segments.0.origin.derived.5.method.owner.variant.kind = "base"
methods.3.outcome.report.source_map.segments.0.origin.derived.5.provenance = "Derived"
methods.3.outcome.report.source_map.segments.0.origin.derived.6.bci = 16
methods.3.outcome.report.source_map.segments.0.origin.derived.6.cp = null
methods.3.outcome.report.source_map.segments.0.origin.derived.6.method.descriptor = [40,91,76,106,97,118,97,47,108,97,110,103,47,83,116,114,105,110,103,59,41,86]
methods.3.outcome.report.source_map.segments.0.origin.derived.6.method.name = [109,97,105,110]
methods.3.outcome.report.source_map.segments.0.origin.derived.6.method.owner.class_bytes.digest = "6a1d38adbdcbae3499cfc293abd3d05466f3894cdd9a8fa9e5c1cb650f908d1f"
methods.3.outcome.report.source_map.segments.0.origin.derived.6.method.owner.class_bytes.length = 1466
methods.3.outcome.report.source_map.segments.0.origin.derived.6.method.owner.location.entry.ordinal = 2
methods.3.outcome.report.source_map.segments.0.origin.derived.6.method.owner.location.entry.origin.root_container = "root"
methods.3.outcome.report.source_map.segments.0.origin.derived.6.method.owner.location.entry.origin.snapshot = "b829705e31cf55c8afc27b2b9a35b42efc6006b32ac5a4b9de3b6df66db7f5a5"
methods.3.outcome.report.source_map.segments.0.origin.derived.6.method.owner.location.entry.origin.steps = []
methods.3.outcome.report.source_map.segments.0.origin.derived.6.method.owner.location.entry.raw_name = [77,101,116,104,111,100,83,104,97,100,111,119,46,99,108,97,115,115]
methods.3.outcome.report.source_map.segments.0.origin.derived.6.method.owner.location.kind = "archive_entry"
methods.3.outcome.report.source_map.segments.0.origin.derived.6.method.owner.variant.kind = "base"
methods.3.outcome.report.source_map.segments.0.origin.derived.6.provenance = "Derived"
methods.3.outcome.report.source_map.segments.0.origin.derived.7.bci = 18
methods.3.outcome.report.source_map.segments.0.origin.derived.7.cp = null
methods.3.outcome.report.source_map.segments.0.origin.derived.7.method.descriptor = [40,91,76,106,97,118,97,47,108,97,110,103,47,83,116,114,105,110,103,59,41,86]
methods.3.outcome.report.source_map.segments.0.origin.derived.7.method.name = [109,97,105,110]
methods.3.outcome.report.source_map.segments.0.origin.derived.7.method.owner.class_bytes.digest = "6a1d38adbdcbae3499cfc293abd3d05466f3894cdd9a8fa9e5c1cb650f908d1f"
methods.3.outcome.report.source_map.segments.0.origin.derived.7.method.owner.class_bytes.length = 1466
methods.3.outcome.report.source_map.segments.0.origin.derived.7.method.owner.location.entry.ordinal = 2
methods.3.outcome.report.source_map.segments.0.origin.derived.7.method.owner.location.entry.origin.root_container = "root"
methods.3.outcome.report.source_map.segments.0.origin.derived.7.method.owner.location.entry.origin.snapshot = "b829705e31cf55c8afc27b2b9a35b42efc6006b32ac5a4b9de3b6df66db7f5a5"
methods.3.outcome.report.source_map.segments.0.origin.derived.7.method.owner.location.entry.origin.steps = []
methods.3.outcome.report.source_map.segments.0.origin.derived.7.method.owner.location.entry.raw_name = [77,101,116,104,111,100,83,104,97,100,111,119,46,99,108,97,115,115]
methods.3.outcome.report.source_map.segments.0.origin.derived.7.method.owner.location.kind = "archive_entry"
methods.3.outcome.report.source_map.segments.0.origin.derived.7.method.owner.variant.kind = "base"
methods.3.outcome.report.source_map.segments.0.origin.derived.7.provenance = "Derived"
methods.3.outcome.report.source_map.segments.0.origin.derived.8.bci = 21
methods.3.outcome.report.source_map.segments.0.origin.derived.8.cp = null
methods.3.outcome.report.source_map.segments.0.origin.derived.8.method.descriptor = [40,91,76,106,97,118,97,47,108,97,110,103,47,83,116,114,105,110,103,59,41,86]
methods.3.outcome.report.source_map.segments.0.origin.derived.8.method.name = [109,97,105,110]
methods.3.outcome.report.source_map.segments.0.origin.derived.8.method.owner.class_bytes.digest = "6a1d38adbdcbae3499cfc293abd3d05466f3894cdd9a8fa9e5c1cb650f908d1f"
methods.3.outcome.report.source_map.segments.0.origin.derived.8.method.owner.class_bytes.length = 1466
methods.3.outcome.report.source_map.segments.0.origin.derived.8.method.owner.location.entry.ordinal = 2
methods.3.outcome.report.source_map.segments.0.origin.derived.8.method.owner.location.entry.origin.root_container = "root"
methods.3.outcome.report.source_map.segments.0.origin.derived.8.method.owner.location.entry.origin.snapshot = "b829705e31cf55c8afc27b2b9a35b42efc6006b32ac5a4b9de3b6df66db7f5a5"
methods.3.outcome.report.source_map.segments.0.origin.derived.8.method.owner.location.entry.origin.steps = []
methods.3.outcome.report.source_map.segments.0.origin.derived.8.method.owner.location.entry.raw_name = [77,101,116,104,111,100,83,104,97,100,111,119,46,99,108,97,115,115]
methods.3.outcome.report.source_map.segments.0.origin.derived.8.method.owner.location.kind = "archive_entry"
methods.3.outcome.report.source_map.segments.0.origin.derived.8.method.owner.variant.kind = "base"
methods.3.outcome.report.source_map.segments.0.origin.derived.8.provenance = "Derived"
methods.3.outcome.report.source_map.segments.0.origin.derived.9.bci = 24
methods.3.outcome.report.source_map.segments.0.origin.derived.9.cp = null
methods.3.outcome.report.source_map.segments.0.origin.derived.9.method.descriptor = [40,91,76,106,97,118,97,47,108,97,110,103,47,83,116,114,105,110,103,59,41,86]
methods.3.outcome.report.source_map.segments.0.origin.derived.9.method.name = [109,97,105,110]
methods.3.outcome.report.source_map.segments.0.origin.derived.9.method.owner.class_bytes.digest = "6a1d38adbdcbae3499cfc293abd3d05466f3894cdd9a8fa9e5c1cb650f908d1f"
methods.3.outcome.report.source_map.segments.0.origin.derived.9.method.owner.class_bytes.length = 1466
methods.3.outcome.report.source_map.segments.0.origin.derived.9.method.owner.location.entry.ordinal = 2
methods.3.outcome.report.source_map.segments.0.origin.derived.9.method.owner.location.entry.origin.root_container = "root"
methods.3.outcome.report.source_map.segments.0.origin.derived.9.method.owner.location.entry.origin.snapshot = "b829705e31cf55c8afc27b2b9a35b42efc6006b32ac5a4b9de3b6df66db7f5a5"
methods.3.outcome.report.source_map.segments.0.origin.derived.9.method.owner.location.entry.origin.steps = []
methods.3.outcome.report.source_map.segments.0.origin.derived.9.method.owner.location.entry.raw_name = [77,101,116,104,111,100,83,104,97,100,111,119,46,99,108,97,115,115]
methods.3.outcome.report.source_map.segments.0.origin.derived.9.method.owner.location.kind = "archive_entry"
methods.3.outcome.report.source_map.segments.0.origin.derived.9.method.owner.variant.kind = "base"
methods.3.outcome.report.source_map.segments.0.origin.derived.9.provenance = "Derived"
methods.3.outcome.report.source_map.segments.0.origin.derived.10.bci = 25
methods.3.outcome.report.source_map.segments.0.origin.derived.10.cp = null
methods.3.outcome.report.source_map.segments.0.origin.derived.10.method.descriptor = [40,91,76,106,97,118,97,47,108,97,110,103,47,83,116,114,105,110,103,59,41,86]
methods.3.outcome.report.source_map.segments.0.origin.derived.10.method.name = [109,97,105,110]
methods.3.outcome.report.source_map.segments.0.origin.derived.10.method.owner.class_bytes.digest = "6a1d38adbdcbae3499cfc293abd3d05466f3894cdd9a8fa9e5c1cb650f908d1f"
methods.3.outcome.report.source_map.segments.0.origin.derived.10.method.owner.class_bytes.length = 1466
methods.3.outcome.report.source_map.segments.0.origin.derived.10.method.owner.location.entry.ordinal = 2
methods.3.outcome.report.source_map.segments.0.origin.derived.10.method.owner.location.entry.origin.root_container = "root"
methods.3.outcome.report.source_map.segments.0.origin.derived.10.method.owner.location.entry.origin.snapshot = "b829705e31cf55c8afc27b2b9a35b42efc6006b32ac5a4b9de3b6df66db7f5a5"
methods.3.outcome.report.source_map.segments.0.origin.derived.10.method.owner.location.entry.origin.steps = []
methods.3.outcome.report.source_map.segments.0.origin.derived.10.method.owner.location.entry.raw_name = [77,101,116,104,111,100,83,104,97,100,111,119,46,99,108,97,115,115]
methods.3.outcome.report.source_map.segments.0.origin.derived.10.method.owner.location.kind = "archive_entry"
methods.3.outcome.report.source_map.segments.0.origin.derived.10.method.owner.variant.kind = "base"
methods.3.outcome.report.source_map.segments.0.origin.derived.10.provenance = "Derived"
methods.3.outcome.report.source_map.segments.0.origin.derived.11.bci = 28
methods.3.outcome.report.source_map.segments.0.origin.derived.11.cp = null
methods.3.outcome.report.source_map.segments.0.origin.derived.11.method.descriptor = [40,91,76,106,97,118,97,47,108,97,110,103,47,83,116,114,105,110,103,59,41,86]
methods.3.outcome.report.source_map.segments.0.origin.derived.11.method.name = [109,97,105,110]
methods.3.outcome.report.source_map.segments.0.origin.derived.11.method.owner.class_bytes.digest = "6a1d38adbdcbae3499cfc293abd3d05466f3894cdd9a8fa9e5c1cb650f908d1f"
methods.3.outcome.report.source_map.segments.0.origin.derived.11.method.owner.class_bytes.length = 1466
methods.3.outcome.report.source_map.segments.0.origin.derived.11.method.owner.location.entry.ordinal = 2
methods.3.outcome.report.source_map.segments.0.origin.derived.11.method.owner.location.entry.origin.root_container = "root"
methods.3.outcome.report.source_map.segments.0.origin.derived.11.method.owner.location.entry.origin.snapshot = "b829705e31cf55c8afc27b2b9a35b42efc6006b32ac5a4b9de3b6df66db7f5a5"
methods.3.outcome.report.source_map.segments.0.origin.derived.11.method.owner.location.entry.origin.steps = []
methods.3.outcome.report.source_map.segments.0.origin.derived.11.method.owner.location.entry.raw_name = [77,101,116,104,111,100,83,104,97,100,111,119,46,99,108,97,115,115]
methods.3.outcome.report.source_map.segments.0.origin.derived.11.method.owner.location.kind = "archive_entry"
methods.3.outcome.report.source_map.segments.0.origin.derived.11.method.owner.variant.kind = "base"
methods.3.outcome.report.source_map.segments.0.origin.derived.11.provenance = "Derived"
methods.3.outcome.report.source_map.segments.0.origin.derived.12.bci = 29
methods.3.outcome.report.source_map.segments.0.origin.derived.12.cp = null
methods.3.outcome.report.source_map.segments.0.origin.derived.12.method.descriptor = [40,91,76,106,97,118,97,47,108,97,110,103,47,83,116,114,105,110,103,59,41,86]
methods.3.outcome.report.source_map.segments.0.origin.derived.12.method.name = [109,97,105,110]
methods.3.outcome.report.source_map.segments.0.origin.derived.12.method.owner.class_bytes.digest = "6a1d38adbdcbae3499cfc293abd3d05466f3894cdd9a8fa9e5c1cb650f908d1f"
methods.3.outcome.report.source_map.segments.0.origin.derived.12.method.owner.class_bytes.length = 1466
methods.3.outcome.report.source_map.segments.0.origin.derived.12.method.owner.location.entry.ordinal = 2
methods.3.outcome.report.source_map.segments.0.origin.derived.12.method.owner.location.entry.origin.root_container = "root"
methods.3.outcome.report.source_map.segments.0.origin.derived.12.method.owner.location.entry.origin.snapshot = "b829705e31cf55c8afc27b2b9a35b42efc6006b32ac5a4b9de3b6df66db7f5a5"
methods.3.outcome.report.source_map.segments.0.origin.derived.12.method.owner.location.entry.origin.steps = []
methods.3.outcome.report.source_map.segments.0.origin.derived.12.method.owner.location.entry.raw_name = [77,101,116,104,111,100,83,104,97,100,111,119,46,99,108,97,115,115]
methods.3.outcome.report.source_map.segments.0.origin.derived.12.method.owner.location.kind = "archive_entry"
methods.3.outcome.report.source_map.segments.0.origin.derived.12.method.owner.variant.kind = "base"
methods.3.outcome.report.source_map.segments.0.origin.derived.12.provenance = "Derived"
methods.3.outcome.report.source_map.segments.0.origin.derived.13.bci = 32
methods.3.outcome.report.source_map.segments.0.origin.derived.13.cp = null
methods.3.outcome.report.source_map.segments.0.origin.derived.13.method.descriptor = [40,91,76,106,97,118,97,47,108,97,110,103,47,83,116,114,105,110,103,59,41,86]
methods.3.outcome.report.source_map.segments.0.origin.derived.13.method.name = [109,97,105,110]
methods.3.outcome.report.source_map.segments.0.origin.derived.13.method.owner.class_bytes.digest = "6a1d38adbdcbae3499cfc293abd3d05466f3894cdd9a8fa9e5c1cb650f908d1f"
methods.3.outcome.report.source_map.segments.0.origin.derived.13.method.owner.class_bytes.length = 1466
methods.3.outcome.report.source_map.segments.0.origin.derived.13.method.owner.location.entry.ordinal = 2
methods.3.outcome.report.source_map.segments.0.origin.derived.13.method.owner.location.entry.origin.root_container = "root"
methods.3.outcome.report.source_map.segments.0.origin.derived.13.method.owner.location.entry.origin.snapshot = "b829705e31cf55c8afc27b2b9a35b42efc6006b32ac5a4b9de3b6df66db7f5a5"
methods.3.outcome.report.source_map.segments.0.origin.derived.13.method.owner.location.entry.origin.steps = []
methods.3.outcome.report.source_map.segments.0.origin.derived.13.method.owner.location.entry.raw_name = [77,101,116,104,111,100,83,104,97,100,111,119,46,99,108,97,115,115]
methods.3.outcome.report.source_map.segments.0.origin.derived.13.method.owner.location.kind = "archive_entry"
methods.3.outcome.report.source_map.segments.0.origin.derived.13.method.owner.variant.kind = "base"
methods.3.outcome.report.source_map.segments.0.origin.derived.13.provenance = "Derived"
methods.3.outcome.report.source_map.segments.0.origin.derived.14.bci = 33
methods.3.outcome.report.source_map.segments.0.origin.derived.14.cp = null
methods.3.outcome.report.source_map.segments.0.origin.derived.14.method.descriptor = [40,91,76,106,97,118,97,47,108,97,110,103,47,83,116,114,105,110,103,59,41,86]
methods.3.outcome.report.source_map.segments.0.origin.derived.14.method.name = [109,97,105,110]
methods.3.outcome.report.source_map.segments.0.origin.derived.14.method.owner.class_bytes.digest = "6a1d38adbdcbae3499cfc293abd3d05466f3894cdd9a8fa9e5c1cb650f908d1f"
methods.3.outcome.report.source_map.segments.0.origin.derived.14.method.owner.class_bytes.length = 1466
methods.3.outcome.report.source_map.segments.0.origin.derived.14.method.owner.location.entry.ordinal = 2
methods.3.outcome.report.source_map.segments.0.origin.derived.14.method.owner.location.entry.origin.root_container = "root"
methods.3.outcome.report.source_map.segments.0.origin.derived.14.method.owner.location.entry.origin.snapshot = "b829705e31cf55c8afc27b2b9a35b42efc6006b32ac5a4b9de3b6df66db7f5a5"
methods.3.outcome.report.source_map.segments.0.origin.derived.14.method.owner.location.entry.origin.steps = []
methods.3.outcome.report.source_map.segments.0.origin.derived.14.method.owner.location.entry.raw_name = [77,101,116,104,111,100,83,104,97,100,111,119,46,99,108,97,115,115]
methods.3.outcome.report.source_map.segments.0.origin.derived.14.method.owner.location.kind = "archive_entry"
methods.3.outcome.report.source_map.segments.0.origin.derived.14.method.owner.variant.kind = "base"
methods.3.outcome.report.source_map.segments.0.origin.derived.14.provenance = "Derived"
methods.3.outcome.report.source_map.segments.0.origin.derived.15.bci = 36
methods.3.outcome.report.source_map.segments.0.origin.derived.15.cp = null
methods.3.outcome.report.source_map.segments.0.origin.derived.15.method.descriptor = [40,91,76,106,97,118,97,47,108,97,110,103,47,83,116,114,105,110,103,59,41,86]
methods.3.outcome.report.source_map.segments.0.origin.derived.15.method.name = [109,97,105,110]
methods.3.outcome.report.source_map.segments.0.origin.derived.15.method.owner.class_bytes.digest = "6a1d38adbdcbae3499cfc293abd3d05466f3894cdd9a8fa9e5c1cb650f908d1f"
methods.3.outcome.report.source_map.segments.0.origin.derived.15.method.owner.class_bytes.length = 1466
methods.3.outcome.report.source_map.segments.0.origin.derived.15.method.owner.location.entry.ordinal = 2
methods.3.outcome.report.source_map.segments.0.origin.derived.15.method.owner.location.entry.origin.root_container = "root"
methods.3.outcome.report.source_map.segments.0.origin.derived.15.method.owner.location.entry.origin.snapshot = "b829705e31cf55c8afc27b2b9a35b42efc6006b32ac5a4b9de3b6df66db7f5a5"
methods.3.outcome.report.source_map.segments.0.origin.derived.15.method.owner.location.entry.origin.steps = []
methods.3.outcome.report.source_map.segments.0.origin.derived.15.method.owner.location.entry.raw_name = [77,101,116,104,111,100,83,104,97,100,111,119,46,99,108,97,115,115]
methods.3.outcome.report.source_map.segments.0.origin.derived.15.method.owner.location.kind = "archive_entry"
methods.3.outcome.report.source_map.segments.0.origin.derived.15.method.owner.variant.kind = "base"
methods.3.outcome.report.source_map.segments.0.origin.derived.15.provenance = "Derived"
methods.3.outcome.report.source_map.segments.0.origin.derived.16.bci = 37
methods.3.outcome.report.source_map.segments.0.origin.derived.16.cp = null
methods.3.outcome.report.source_map.segments.0.origin.derived.16.method.descriptor = [40,91,76,106,97,118,97,47,108,97,110,103,47,83,116,114,105,110,103,59,41,86]
methods.3.outcome.report.source_map.segments.0.origin.derived.16.method.name = [109,97,105,110]
methods.3.outcome.report.source_map.segments.0.origin.derived.16.method.owner.class_bytes.digest = "6a1d38adbdcbae3499cfc293abd3d05466f3894cdd9a8fa9e5c1cb650f908d1f"
methods.3.outcome.report.source_map.segments.0.origin.derived.16.method.owner.class_bytes.length = 1466
methods.3.outcome.report.source_map.segments.0.origin.derived.16.method.owner.location.entry.ordinal = 2
methods.3.outcome.report.source_map.segments.0.origin.derived.16.method.owner.location.entry.origin.root_container = "root"
methods.3.outcome.report.source_map.segments.0.origin.derived.16.method.owner.location.entry.origin.snapshot = "b829705e31cf55c8afc27b2b9a35b42efc6006b32ac5a4b9de3b6df66db7f5a5"
methods.3.outcome.report.source_map.segments.0.origin.derived.16.method.owner.location.entry.origin.steps = []
methods.3.outcome.report.source_map.segments.0.origin.derived.16.method.owner.location.entry.raw_name = [77,101,116,104,111,100,83,104,97,100,111,119,46,99,108,97,115,115]
methods.3.outcome.report.source_map.segments.0.origin.derived.16.method.owner.location.kind = "archive_entry"
methods.3.outcome.report.source_map.segments.0.origin.derived.16.method.owner.variant.kind = "base"
methods.3.outcome.report.source_map.segments.0.origin.derived.16.provenance = "Derived"
methods.3.outcome.report.source_map.segments.0.origin.derived.17.bci = 40
methods.3.outcome.report.source_map.segments.0.origin.derived.17.cp = null
methods.3.outcome.report.source_map.segments.0.origin.derived.17.method.descriptor = [40,91,76,106,97,118,97,47,108,97,110,103,47,83,116,114,105,110,103,59,41,86]
methods.3.outcome.report.source_map.segments.0.origin.derived.17.method.name = [109,97,105,110]
methods.3.outcome.report.source_map.segments.0.origin.derived.17.method.owner.class_bytes.digest = "6a1d38adbdcbae3499cfc293abd3d05466f3894cdd9a8fa9e5c1cb650f908d1f"
methods.3.outcome.report.source_map.segments.0.origin.derived.17.method.owner.class_bytes.length = 1466
methods.3.outcome.report.source_map.segments.0.origin.derived.17.method.owner.location.entry.ordinal = 2
methods.3.outcome.report.source_map.segments.0.origin.derived.17.method.owner.location.entry.origin.root_container = "root"
methods.3.outcome.report.source_map.segments.0.origin.derived.17.method.owner.location.entry.origin.snapshot = "b829705e31cf55c8afc27b2b9a35b42efc6006b32ac5a4b9de3b6df66db7f5a5"
methods.3.outcome.report.source_map.segments.0.origin.derived.17.method.owner.location.entry.origin.steps = []
methods.3.outcome.report.source_map.segments.0.origin.derived.17.method.owner.location.entry.raw_name = [77,101,116,104,111,100,83,104,97,100,111,119,46,99,108,97,115,115]
methods.3.outcome.report.source_map.segments.0.origin.derived.17.method.owner.location.kind = "archive_entry"
methods.3.outcome.report.source_map.segments.0.origin.derived.17.method.owner.variant.kind = "base"
methods.3.outcome.report.source_map.segments.0.origin.derived.17.provenance = "Derived"
methods.3.outcome.report.source_map.segments.0.origin.derived.18.bci = 41
methods.3.outcome.report.source_map.segments.0.origin.derived.18.cp = null
methods.3.outcome.report.source_map.segments.0.origin.derived.18.method.descriptor = [40,91,76,106,97,118,97,47,108,97,110,103,47,83,116,114,105,110,103,59,41,86]
methods.3.outcome.report.source_map.segments.0.origin.derived.18.method.name = [109,97,105,110]
methods.3.outcome.report.source_map.segments.0.origin.derived.18.method.owner.class_bytes.digest = "6a1d38adbdcbae3499cfc293abd3d05466f3894cdd9a8fa9e5c1cb650f908d1f"
methods.3.outcome.report.source_map.segments.0.origin.derived.18.method.owner.class_bytes.length = 1466
methods.3.outcome.report.source_map.segments.0.origin.derived.18.method.owner.location.entry.ordinal = 2
methods.3.outcome.report.source_map.segments.0.origin.derived.18.method.owner.location.entry.origin.root_container = "root"
methods.3.outcome.report.source_map.segments.0.origin.derived.18.method.owner.location.entry.origin.snapshot = "b829705e31cf55c8afc27b2b9a35b42efc6006b32ac5a4b9de3b6df66db7f5a5"
methods.3.outcome.report.source_map.segments.0.origin.derived.18.method.owner.location.entry.origin.steps = []
methods.3.outcome.report.source_map.segments.0.origin.derived.18.method.owner.location.entry.raw_name = [77,101,116,104,111,100,83,104,97,100,111,119,46,99,108,97,115,115]
methods.3.outcome.report.source_map.segments.0.origin.derived.18.method.owner.location.kind = "archive_entry"
methods.3.outcome.report.source_map.segments.0.origin.derived.18.method.owner.variant.kind = "base"
methods.3.outcome.report.source_map.segments.0.origin.derived.18.provenance = "Derived"
methods.3.outcome.report.source_map.segments.0.origin.derived.19.bci = 44
methods.3.outcome.report.source_map.segments.0.origin.derived.19.cp = null
methods.3.outcome.report.source_map.segments.0.origin.derived.19.method.descriptor = [40,91,76,106,97,118,97,47,108,97,110,103,47,83,116,114,105,110,103,59,41,86]
methods.3.outcome.report.source_map.segments.0.origin.derived.19.method.name = [109,97,105,110]
methods.3.outcome.report.source_map.segments.0.origin.derived.19.method.owner.class_bytes.digest = "6a1d38adbdcbae3499cfc293abd3d05466f3894cdd9a8fa9e5c1cb650f908d1f"
methods.3.outcome.report.source_map.segments.0.origin.derived.19.method.owner.class_bytes.length = 1466
methods.3.outcome.report.source_map.segments.0.origin.derived.19.method.owner.location.entry.ordinal = 2
methods.3.outcome.report.source_map.segments.0.origin.derived.19.method.owner.location.entry.origin.root_container = "root"
methods.3.outcome.report.source_map.segments.0.origin.derived.19.method.owner.location.entry.origin.snapshot = "b829705e31cf55c8afc27b2b9a35b42efc6006b32ac5a4b9de3b6df66db7f5a5"
methods.3.outcome.report.source_map.segments.0.origin.derived.19.method.owner.location.entry.origin.steps = []
methods.3.outcome.report.source_map.segments.0.origin.derived.19.method.owner.location.entry.raw_name = [77,101,116,104,111,100,83,104,97,100,111,119,46,99,108,97,115,115]
methods.3.outcome.report.source_map.segments.0.origin.derived.19.method.owner.location.kind = "archive_entry"
methods.3.outcome.report.source_map.segments.0.origin.derived.19.method.owner.variant.kind = "base"
methods.3.outcome.report.source_map.segments.0.origin.derived.19.provenance = "Derived"
methods.3.outcome.report.source_map.segments.0.origin.derived.20.bci = 47
methods.3.outcome.report.source_map.segments.0.origin.derived.20.cp = null
methods.3.outcome.report.source_map.segments.0.origin.derived.20.method.descriptor = [40,91,76,106,97,118,97,47,108,97,110,103,47,83,116,114,105,110,103,59,41,86]
methods.3.outcome.report.source_map.segments.0.origin.derived.20.method.name = [109,97,105,110]
methods.3.outcome.report.source_map.segments.0.origin.derived.20.method.owner.class_bytes.digest = "6a1d38adbdcbae3499cfc293abd3d05466f3894cdd9a8fa9e5c1cb650f908d1f"
methods.3.outcome.report.source_map.segments.0.origin.derived.20.method.owner.class_bytes.length = 1466
methods.3.outcome.report.source_map.segments.0.origin.derived.20.method.owner.location.entry.ordinal = 2
methods.3.outcome.report.source_map.segments.0.origin.derived.20.method.owner.location.entry.origin.root_container = "root"
methods.3.outcome.report.source_map.segments.0.origin.derived.20.method.owner.location.entry.origin.snapshot = "b829705e31cf55c8afc27b2b9a35b42efc6006b32ac5a4b9de3b6df66db7f5a5"
methods.3.outcome.report.source_map.segments.0.origin.derived.20.method.owner.location.entry.origin.steps = []
methods.3.outcome.report.source_map.segments.0.origin.derived.20.method.owner.location.entry.raw_name = [77,101,116,104,111,100,83,104,97,100,111,119,46,99,108,97,115,115]
methods.3.outcome.report.source_map.segments.0.origin.derived.20.method.owner.location.kind = "archive_entry"
methods.3.outcome.report.source_map.segments.0.origin.derived.20.method.owner.variant.kind = "base"
methods.3.outcome.report.source_map.segments.0.origin.derived.20.provenance = "Derived"
methods.3.outcome.report.source_map.segments.0.origin.derived.21.bci = 50
methods.3.outcome.report.source_map.segments.0.origin.derived.21.cp = null
methods.3.outcome.report.source_map.segments.0.origin.derived.21.method.descriptor = [40,91,76,106,97,118,97,47,108,97,110,103,47,83,116,114,105,110,103,59,41,86]
methods.3.outcome.report.source_map.segments.0.origin.derived.21.method.name = [109,97,105,110]
methods.3.outcome.report.source_map.segments.0.origin.derived.21.method.owner.class_bytes.digest = "6a1d38adbdcbae3499cfc293abd3d05466f3894cdd9a8fa9e5c1cb650f908d1f"
methods.3.outcome.report.source_map.segments.0.origin.derived.21.method.owner.class_bytes.length = 1466
methods.3.outcome.report.source_map.segments.0.origin.derived.21.method.owner.location.entry.ordinal = 2
methods.3.outcome.report.source_map.segments.0.origin.derived.21.method.owner.location.entry.origin.root_container = "root"
methods.3.outcome.report.source_map.segments.0.origin.derived.21.method.owner.location.entry.origin.snapshot = "b829705e31cf55c8afc27b2b9a35b42efc6006b32ac5a4b9de3b6df66db7f5a5"
methods.3.outcome.report.source_map.segments.0.origin.derived.21.method.owner.location.entry.origin.steps = []
methods.3.outcome.report.source_map.segments.0.origin.derived.21.method.owner.location.entry.raw_name = [77,101,116,104,111,100,83,104,97,100,111,119,46,99,108,97,115,115]
methods.3.outcome.report.source_map.segments.0.origin.derived.21.method.owner.location.kind = "archive_entry"
methods.3.outcome.report.source_map.segments.0.origin.derived.21.method.owner.variant.kind = "base"
methods.3.outcome.report.source_map.segments.0.origin.derived.21.provenance = "Derived"
methods.3.outcome.report.source_map.segments.0.origin.primary.bci = 6
methods.3.outcome.report.source_map.segments.0.origin.primary.cp = null
methods.3.outcome.report.source_map.segments.0.origin.primary.method.descriptor = [40,91,76,106,97,118,97,47,108,97,110,103,47,83,116,114,105,110,103,59,41,86]
methods.3.outcome.report.source_map.segments.0.origin.primary.method.name = [109,97,105,110]
methods.3.outcome.report.source_map.segments.0.origin.primary.method.owner.class_bytes.digest = "6a1d38adbdcbae3499cfc293abd3d05466f3894cdd9a8fa9e5c1cb650f908d1f"
methods.3.outcome.report.source_map.segments.0.origin.primary.method.owner.class_bytes.length = 1466
methods.3.outcome.report.source_map.segments.0.origin.primary.method.owner.location.entry.ordinal = 2
methods.3.outcome.report.source_map.segments.0.origin.primary.method.owner.location.entry.origin.root_container = "root"
methods.3.outcome.report.source_map.segments.0.origin.primary.method.owner.location.entry.origin.snapshot = "b829705e31cf55c8afc27b2b9a35b42efc6006b32ac5a4b9de3b6df66db7f5a5"
methods.3.outcome.report.source_map.segments.0.origin.primary.method.owner.location.entry.origin.steps = []
methods.3.outcome.report.source_map.segments.0.origin.primary.method.owner.location.entry.raw_name = [77,101,116,104,111,100,83,104,97,100,111,119,46,99,108,97,115,115]
methods.3.outcome.report.source_map.segments.0.origin.primary.method.owner.location.kind = "archive_entry"
methods.3.outcome.report.source_map.segments.0.origin.primary.method.owner.variant.kind = "base"
methods.3.outcome.report.source_map.segments.0.origin.primary.provenance = "Direct"
methods.3.outcome.report.source_map.segments.0.start = 178
methods.3.outcome.report.source_map.segments.1.end = 467
methods.3.outcome.report.source_map.segments.1.origin.derived.0.bci = 9
methods.3.outcome.report.source_map.segments.1.origin.derived.0.cp = null
methods.3.outcome.report.source_map.segments.1.origin.derived.0.method.descriptor = [40,91,76,106,97,118,97,47,108,97,110,103,47,83,116,114,105,110,103,59,41,86]
methods.3.outcome.report.source_map.segments.1.origin.derived.0.method.name = [109,97,105,110]
methods.3.outcome.report.source_map.segments.1.origin.derived.0.method.owner.class_bytes.digest = "6a1d38adbdcbae3499cfc293abd3d05466f3894cdd9a8fa9e5c1cb650f908d1f"
methods.3.outcome.report.source_map.segments.1.origin.derived.0.method.owner.class_bytes.length = 1466
methods.3.outcome.report.source_map.segments.1.origin.derived.0.method.owner.location.entry.ordinal = 2
methods.3.outcome.report.source_map.segments.1.origin.derived.0.method.owner.location.entry.origin.root_container = "root"
methods.3.outcome.report.source_map.segments.1.origin.derived.0.method.owner.location.entry.origin.snapshot = "b829705e31cf55c8afc27b2b9a35b42efc6006b32ac5a4b9de3b6df66db7f5a5"
methods.3.outcome.report.source_map.segments.1.origin.derived.0.method.owner.location.entry.origin.steps = []
methods.3.outcome.report.source_map.segments.1.origin.derived.0.method.owner.location.entry.raw_name = [77,101,116,104,111,100,83,104,97,100,111,119,46,99,108,97,115,115]
methods.3.outcome.report.source_map.segments.1.origin.derived.0.method.owner.location.kind = "archive_entry"
methods.3.outcome.report.source_map.segments.1.origin.derived.0.method.owner.variant.kind = "base"
methods.3.outcome.report.source_map.segments.1.origin.derived.0.provenance = "Derived"
methods.3.outcome.report.source_map.segments.1.origin.derived.1.bci = 12
methods.3.outcome.report.source_map.segments.1.origin.derived.1.cp = null
methods.3.outcome.report.source_map.segments.1.origin.derived.1.method.descriptor = [40,91,76,106,97,118,97,47,108,97,110,103,47,83,116,114,105,110,103,59,41,86]
methods.3.outcome.report.source_map.segments.1.origin.derived.1.method.name = [109,97,105,110]
methods.3.outcome.report.source_map.segments.1.origin.derived.1.method.owner.class_bytes.digest = "6a1d38adbdcbae3499cfc293abd3d05466f3894cdd9a8fa9e5c1cb650f908d1f"
methods.3.outcome.report.source_map.segments.1.origin.derived.1.method.owner.class_bytes.length = 1466
methods.3.outcome.report.source_map.segments.1.origin.derived.1.method.owner.location.entry.ordinal = 2
methods.3.outcome.report.source_map.segments.1.origin.derived.1.method.owner.location.entry.origin.root_container = "root"
methods.3.outcome.report.source_map.segments.1.origin.derived.1.method.owner.location.entry.origin.snapshot = "b829705e31cf55c8afc27b2b9a35b42efc6006b32ac5a4b9de3b6df66db7f5a5"
methods.3.outcome.report.source_map.segments.1.origin.derived.1.method.owner.location.entry.origin.steps = []
methods.3.outcome.report.source_map.segments.1.origin.derived.1.method.owner.location.entry.raw_name = [77,101,116,104,111,100,83,104,97,100,111,119,46,99,108,97,115,115]
methods.3.outcome.report.source_map.segments.1.origin.derived.1.method.owner.location.kind = "archive_entry"
methods.3.outcome.report.source_map.segments.1.origin.derived.1.method.owner.variant.kind = "base"
methods.3.outcome.report.source_map.segments.1.origin.derived.1.provenance = "Derived"
methods.3.outcome.report.source_map.segments.1.origin.primary.bci = 13
methods.3.outcome.report.source_map.segments.1.origin.primary.cp = null
methods.3.outcome.report.source_map.segments.1.origin.primary.method.descriptor = [40,91,76,106,97,118,97,47,108,97,110,103,47,83,116,114,105,110,103,59,41,86]
methods.3.outcome.report.source_map.segments.1.origin.primary.method.name = [109,97,105,110]
methods.3.outcome.report.source_map.segments.1.origin.primary.method.owner.class_bytes.digest = "6a1d38adbdcbae3499cfc293abd3d05466f3894cdd9a8fa9e5c1cb650f908d1f"
methods.3.outcome.report.source_map.segments.1.origin.primary.method.owner.class_bytes.length = 1466
methods.3.outcome.report.source_map.segments.1.origin.primary.method.owner.location.entry.ordinal = 2
methods.3.outcome.report.source_map.segments.1.origin.primary.method.owner.location.entry.origin.root_container = "root"
methods.3.outcome.report.source_map.segments.1.origin.primary.method.owner.location.entry.origin.snapshot = "b829705e31cf55c8afc27b2b9a35b42efc6006b32ac5a4b9de3b6df66db7f5a5"
methods.3.outcome.report.source_map.segments.1.origin.primary.method.owner.location.entry.origin.steps = []
methods.3.outcome.report.source_map.segments.1.origin.primary.method.owner.location.entry.raw_name = [77,101,116,104,111,100,83,104,97,100,111,119,46,99,108,97,115,115]
methods.3.outcome.report.source_map.segments.1.origin.primary.method.owner.location.kind = "archive_entry"
methods.3.outcome.report.source_map.segments.1.origin.primary.method.owner.variant.kind = "base"
methods.3.outcome.report.source_map.segments.1.origin.primary.provenance = "Direct"
methods.3.outcome.report.source_map.segments.1.start = 365
methods.3.outcome.report.source_map.segments.2.end = 602
methods.3.outcome.report.source_map.segments.2.origin.derived.0.bci = 9
methods.3.outcome.report.source_map.segments.2.origin.derived.0.cp = null
methods.3.outcome.report.source_map.segments.2.origin.derived.0.method.descriptor = [40,91,76,106,97,118,97,47,108,97,110,103,47,83,116,114,105,110,103,59,41,86]
methods.3.outcome.report.source_map.segments.2.origin.derived.0.method.name = [109,97,105,110]
methods.3.outcome.report.source_map.segments.2.origin.derived.0.method.owner.class_bytes.digest = "6a1d38adbdcbae3499cfc293abd3d05466f3894cdd9a8fa9e5c1cb650f908d1f"
methods.3.outcome.report.source_map.segments.2.origin.derived.0.method.owner.class_bytes.length = 1466
methods.3.outcome.report.source_map.segments.2.origin.derived.0.method.owner.location.entry.ordinal = 2
methods.3.outcome.report.source_map.segments.2.origin.derived.0.method.owner.location.entry.origin.root_container = "root"
methods.3.outcome.report.source_map.segments.2.origin.derived.0.method.owner.location.entry.origin.snapshot = "b829705e31cf55c8afc27b2b9a35b42efc6006b32ac5a4b9de3b6df66db7f5a5"
methods.3.outcome.report.source_map.segments.2.origin.derived.0.method.owner.location.entry.origin.steps = []
methods.3.outcome.report.source_map.segments.2.origin.derived.0.method.owner.location.entry.raw_name = [77,101,116,104,111,100,83,104,97,100,111,119,46,99,108,97,115,115]
methods.3.outcome.report.source_map.segments.2.origin.derived.0.method.owner.location.kind = "archive_entry"
methods.3.outcome.report.source_map.segments.2.origin.derived.0.method.owner.variant.kind = "base"
methods.3.outcome.report.source_map.segments.2.origin.derived.0.provenance = "Derived"
methods.3.outcome.report.source_map.segments.2.origin.derived.1.bci = 12
methods.3.outcome.report.source_map.segments.2.origin.derived.1.cp = null
methods.3.outcome.report.source_map.segments.2.origin.derived.1.method.descriptor = [40,91,76,106,97,118,97,47,108,97,110,103,47,83,116,114,105,110,103,59,41,86]
methods.3.outcome.report.source_map.segments.2.origin.derived.1.method.name = [109,97,105,110]
methods.3.outcome.report.source_map.segments.2.origin.derived.1.method.owner.class_bytes.digest = "6a1d38adbdcbae3499cfc293abd3d05466f3894cdd9a8fa9e5c1cb650f908d1f"
methods.3.outcome.report.source_map.segments.2.origin.derived.1.method.owner.class_bytes.length = 1466
methods.3.outcome.report.source_map.segments.2.origin.derived.1.method.owner.location.entry.ordinal = 2
methods.3.outcome.report.source_map.segments.2.origin.derived.1.method.owner.location.entry.origin.root_container = "root"
methods.3.outcome.report.source_map.segments.2.origin.derived.1.method.owner.location.entry.origin.snapshot = "b829705e31cf55c8afc27b2b9a35b42efc6006b32ac5a4b9de3b6df66db7f5a5"
methods.3.outcome.report.source_map.segments.2.origin.derived.1.method.owner.location.entry.origin.steps = []
methods.3.outcome.report.source_map.segments.2.origin.derived.1.method.owner.location.entry.raw_name = [77,101,116,104,111,100,83,104,97,100,111,119,46,99,108,97,115,115]
methods.3.outcome.report.source_map.segments.2.origin.derived.1.method.owner.location.kind = "archive_entry"
methods.3.outcome.report.source_map.segments.2.origin.derived.1.method.owner.variant.kind = "base"
methods.3.outcome.report.source_map.segments.2.origin.derived.1.provenance = "Derived"
methods.3.outcome.report.source_map.segments.2.origin.derived.2.bci = 13
methods.3.outcome.report.source_map.segments.2.origin.derived.2.cp = null
methods.3.outcome.report.source_map.segments.2.origin.derived.2.method.descriptor = [40,91,76,106,97,118,97,47,108,97,110,103,47,83,116,114,105,110,103,59,41,86]
methods.3.outcome.report.source_map.segments.2.origin.derived.2.method.name = [109,97,105,110]
methods.3.outcome.report.source_map.segments.2.origin.derived.2.method.owner.class_bytes.digest = "6a1d38adbdcbae3499cfc293abd3d05466f3894cdd9a8fa9e5c1cb650f908d1f"
methods.3.outcome.report.source_map.segments.2.origin.derived.2.method.owner.class_bytes.length = 1466
methods.3.outcome.report.source_map.segments.2.origin.derived.2.method.owner.location.entry.ordinal = 2
methods.3.outcome.report.source_map.segments.2.origin.derived.2.method.owner.location.entry.origin.root_container = "root"
methods.3.outcome.report.source_map.segments.2.origin.derived.2.method.owner.location.entry.origin.snapshot = "b829705e31cf55c8afc27b2b9a35b42efc6006b32ac5a4b9de3b6df66db7f5a5"
methods.3.outcome.report.source_map.segments.2.origin.derived.2.method.owner.location.entry.origin.steps = []
methods.3.outcome.report.source_map.segments.2.origin.derived.2.method.owner.location.entry.raw_name = [77,101,116,104,111,100,83,104,97,100,111,119,46,99,108,97,115,115]
methods.3.outcome.report.source_map.segments.2.origin.derived.2.method.owner.location.kind = "archive_entry"
methods.3.outcome.report.source_map.segments.2.origin.derived.2.method.owner.variant.kind = "base"
methods.3.outcome.report.source_map.segments.2.origin.derived.2.provenance = "Derived"
methods.3.outcome.report.source_map.segments.2.origin.primary.bci = 18
methods.3.outcome.report.source_map.segments.2.origin.primary.cp = null
methods.3.outcome.report.source_map.segments.2.origin.primary.method.descriptor = [40,91,76,106,97,118,97,47,108,97,110,103,47,83,116,114,105,110,103,59,41,86]
methods.3.outcome.report.source_map.segments.2.origin.primary.method.name = [109,97,105,110]
methods.3.outcome.report.source_map.segments.2.origin.primary.method.owner.class_bytes.digest = "6a1d38adbdcbae3499cfc293abd3d05466f3894cdd9a8fa9e5c1cb650f908d1f"
methods.3.outcome.report.source_map.segments.2.origin.primary.method.owner.class_bytes.length = 1466
methods.3.outcome.report.source_map.segments.2.origin.primary.method.owner.location.entry.ordinal = 2
methods.3.outcome.report.source_map.segments.2.origin.primary.method.owner.location.entry.origin.root_container = "root"
methods.3.outcome.report.source_map.segments.2.origin.primary.method.owner.location.entry.origin.snapshot = "b829705e31cf55c8afc27b2b9a35b42efc6006b32ac5a4b9de3b6df66db7f5a5"
methods.3.outcome.report.source_map.segments.2.origin.primary.method.owner.location.entry.origin.steps = []
methods.3.outcome.report.source_map.segments.2.origin.primary.method.owner.location.entry.raw_name = [77,101,116,104,111,100,83,104,97,100,111,119,46,99,108,97,115,115]
methods.3.outcome.report.source_map.segments.2.origin.primary.method.owner.location.kind = "archive_entry"
methods.3.outcome.report.source_map.segments.2.origin.primary.method.owner.variant.kind = "base"
methods.3.outcome.report.source_map.segments.2.origin.primary.provenance = "Direct"
methods.3.outcome.report.source_map.segments.2.start = 467
methods.3.outcome.report.source_map.segments.3.end = 730
methods.3.outcome.report.source_map.segments.3.origin.derived.0.bci = 6
methods.3.outcome.report.source_map.segments.3.origin.derived.0.cp = null
methods.3.outcome.report.source_map.segments.3.origin.derived.0.method.descriptor = [40,91,76,106,97,118,97,47,108,97,110,103,47,83,116,114,105,110,103,59,41,86]
methods.3.outcome.report.source_map.segments.3.origin.derived.0.method.name = [109,97,105,110]
methods.3.outcome.report.source_map.segments.3.origin.derived.0.method.owner.class_bytes.digest = "6a1d38adbdcbae3499cfc293abd3d05466f3894cdd9a8fa9e5c1cb650f908d1f"
methods.3.outcome.report.source_map.segments.3.origin.derived.0.method.owner.class_bytes.length = 1466
methods.3.outcome.report.source_map.segments.3.origin.derived.0.method.owner.location.entry.ordinal = 2
methods.3.outcome.report.source_map.segments.3.origin.derived.0.method.owner.location.entry.origin.root_container = "root"
methods.3.outcome.report.source_map.segments.3.origin.derived.0.method.owner.location.entry.origin.snapshot = "b829705e31cf55c8afc27b2b9a35b42efc6006b32ac5a4b9de3b6df66db7f5a5"
methods.3.outcome.report.source_map.segments.3.origin.derived.0.method.owner.location.entry.origin.steps = []
methods.3.outcome.report.source_map.segments.3.origin.derived.0.method.owner.location.entry.raw_name = [77,101,116,104,111,100,83,104,97,100,111,119,46,99,108,97,115,115]
methods.3.outcome.report.source_map.segments.3.origin.derived.0.method.owner.location.kind = "archive_entry"
methods.3.outcome.report.source_map.segments.3.origin.derived.0.method.owner.variant.kind = "base"
methods.3.outcome.report.source_map.segments.3.origin.derived.0.provenance = "Derived"
methods.3.outcome.report.source_map.segments.3.origin.derived.1.bci = 44
methods.3.outcome.report.source_map.segments.3.origin.derived.1.cp = null
methods.3.outcome.report.source_map.segments.3.origin.derived.1.method.descriptor = [40,91,76,106,97,118,97,47,108,97,110,103,47,83,116,114,105,110,103,59,41,86]
methods.3.outcome.report.source_map.segments.3.origin.derived.1.method.name = [109,97,105,110]
methods.3.outcome.report.source_map.segments.3.origin.derived.1.method.owner.class_bytes.digest = "6a1d38adbdcbae3499cfc293abd3d05466f3894cdd9a8fa9e5c1cb650f908d1f"
methods.3.outcome.report.source_map.segments.3.origin.derived.1.method.owner.class_bytes.length = 1466
methods.3.outcome.report.source_map.segments.3.origin.derived.1.method.owner.location.entry.ordinal = 2
methods.3.outcome.report.source_map.segments.3.origin.derived.1.method.owner.location.entry.origin.root_container = "root"
methods.3.outcome.report.source_map.segments.3.origin.derived.1.method.owner.location.entry.origin.snapshot = "b829705e31cf55c8afc27b2b9a35b42efc6006b32ac5a4b9de3b6df66db7f5a5"
methods.3.outcome.report.source_map.segments.3.origin.derived.1.method.owner.location.entry.origin.steps = []
methods.3.outcome.report.source_map.segments.3.origin.derived.1.method.owner.location.entry.raw_name = [77,101,116,104,111,100,83,104,97,100,111,119,46,99,108,97,115,115]
methods.3.outcome.report.source_map.segments.3.origin.derived.1.method.owner.location.kind = "archive_entry"
methods.3.outcome.report.source_map.segments.3.origin.derived.1.method.owner.variant.kind = "base"
methods.3.outcome.report.source_map.segments.3.origin.derived.1.provenance = "Derived"
methods.3.outcome.report.source_map.segments.3.origin.derived.2.bci = 41
methods.3.outcome.report.source_map.segments.3.origin.derived.2.cp = null
methods.3.outcome.report.source_map.segments.3.origin.derived.2.method.descriptor = [40,91,76,106,97,118,97,47,108,97,110,103,47,83,116,114,105,110,103,59,41,86]
methods.3.outcome.report.source_map.segments.3.origin.derived.2.method.name = [109,97,105,110]
methods.3.outcome.report.source_map.segments.3.origin.derived.2.method.owner.class_bytes.digest = "6a1d38adbdcbae3499cfc293abd3d05466f3894cdd9a8fa9e5c1cb650f908d1f"
methods.3.outcome.report.source_map.segments.3.origin.derived.2.method.owner.class_bytes.length = 1466
methods.3.outcome.report.source_map.segments.3.origin.derived.2.method.owner.location.entry.ordinal = 2
methods.3.outcome.report.source_map.segments.3.origin.derived.2.method.owner.location.entry.origin.root_container = "root"
methods.3.outcome.report.source_map.segments.3.origin.derived.2.method.owner.location.entry.origin.snapshot = "b829705e31cf55c8afc27b2b9a35b42efc6006b32ac5a4b9de3b6df66db7f5a5"
methods.3.outcome.report.source_map.segments.3.origin.derived.2.method.owner.location.entry.origin.steps = []
methods.3.outcome.report.source_map.segments.3.origin.derived.2.method.owner.location.entry.raw_name = [77,101,116,104,111,100,83,104,97,100,111,119,46,99,108,97,115,115]
methods.3.outcome.report.source_map.segments.3.origin.derived.2.method.owner.location.kind = "archive_entry"
methods.3.outcome.report.source_map.segments.3.origin.derived.2.method.owner.variant.kind = "base"
methods.3.outcome.report.source_map.segments.3.origin.derived.2.provenance = "Derived"
methods.3.outcome.report.source_map.segments.3.origin.derived.3.bci = 18
methods.3.outcome.report.source_map.segments.3.origin.derived.3.cp = null
methods.3.outcome.report.source_map.segments.3.origin.derived.3.method.descriptor = [40,91,76,106,97,118,97,47,108,97,110,103,47,83,116,114,105,110,103,59,41,86]
methods.3.outcome.report.source_map.segments.3.origin.derived.3.method.name = [109,97,105,110]
methods.3.outcome.report.source_map.segments.3.origin.derived.3.method.owner.class_bytes.digest = "6a1d38adbdcbae3499cfc293abd3d05466f3894cdd9a8fa9e5c1cb650f908d1f"
methods.3.outcome.report.source_map.segments.3.origin.derived.3.method.owner.class_bytes.length = 1466
methods.3.outcome.report.source_map.segments.3.origin.derived.3.method.owner.location.entry.ordinal = 2
methods.3.outcome.report.source_map.segments.3.origin.derived.3.method.owner.location.entry.origin.root_container = "root"
methods.3.outcome.report.source_map.segments.3.origin.derived.3.method.owner.location.entry.origin.snapshot = "b829705e31cf55c8afc27b2b9a35b42efc6006b32ac5a4b9de3b6df66db7f5a5"
methods.3.outcome.report.source_map.segments.3.origin.derived.3.method.owner.location.entry.origin.steps = []
methods.3.outcome.report.source_map.segments.3.origin.derived.3.method.owner.location.entry.raw_name = [77,101,116,104,111,100,83,104,97,100,111,119,46,99,108,97,115,115]
methods.3.outcome.report.source_map.segments.3.origin.derived.3.method.owner.location.kind = "archive_entry"
methods.3.outcome.report.source_map.segments.3.origin.derived.3.method.owner.variant.kind = "base"
methods.3.outcome.report.source_map.segments.3.origin.derived.3.provenance = "Derived"
methods.3.outcome.report.source_map.segments.3.origin.derived.4.bci = 13
methods.3.outcome.report.source_map.segments.3.origin.derived.4.cp = null
methods.3.outcome.report.source_map.segments.3.origin.derived.4.method.descriptor = [40,91,76,106,97,118,97,47,108,97,110,103,47,83,116,114,105,110,103,59,41,86]
methods.3.outcome.report.source_map.segments.3.origin.derived.4.method.name = [109,97,105,110]
methods.3.outcome.report.source_map.segments.3.origin.derived.4.method.owner.class_bytes.digest = "6a1d38adbdcbae3499cfc293abd3d05466f3894cdd9a8fa9e5c1cb650f908d1f"
methods.3.outcome.report.source_map.segments.3.origin.derived.4.method.owner.class_bytes.length = 1466
methods.3.outcome.report.source_map.segments.3.origin.derived.4.method.owner.location.entry.ordinal = 2
methods.3.outcome.report.source_map.segments.3.origin.derived.4.method.owner.location.entry.origin.root_container = "root"
methods.3.outcome.report.source_map.segments.3.origin.derived.4.method.owner.location.entry.origin.snapshot = "b829705e31cf55c8afc27b2b9a35b42efc6006b32ac5a4b9de3b6df66db7f5a5"
methods.3.outcome.report.source_map.segments.3.origin.derived.4.method.owner.location.entry.origin.steps = []
methods.3.outcome.report.source_map.segments.3.origin.derived.4.method.owner.location.entry.raw_name = [77,101,116,104,111,100,83,104,97,100,111,119,46,99,108,97,115,115]
methods.3.outcome.report.source_map.segments.3.origin.derived.4.method.owner.location.kind = "archive_entry"
methods.3.outcome.report.source_map.segments.3.origin.derived.4.method.owner.variant.kind = "base"
methods.3.outcome.report.source_map.segments.3.origin.derived.4.provenance = "Derived"
methods.3.outcome.report.source_map.segments.3.origin.derived.5.bci = 9
methods.3.outcome.report.source_map.segments.3.origin.derived.5.cp = null
methods.3.outcome.report.source_map.segments.3.origin.derived.5.method.descriptor = [40,91,76,106,97,118,97,47,108,97,110,103,47,83,116,114,105,110,103,59,41,86]
methods.3.outcome.report.source_map.segments.3.origin.derived.5.method.name = [109,97,105,110]
methods.3.outcome.report.source_map.segments.3.origin.derived.5.method.owner.class_bytes.digest = "6a1d38adbdcbae3499cfc293abd3d05466f3894cdd9a8fa9e5c1cb650f908d1f"
methods.3.outcome.report.source_map.segments.3.origin.derived.5.method.owner.class_bytes.length = 1466
methods.3.outcome.report.source_map.segments.3.origin.derived.5.method.owner.location.entry.ordinal = 2
methods.3.outcome.report.source_map.segments.3.origin.derived.5.method.owner.location.entry.origin.root_container = "root"
methods.3.outcome.report.source_map.segments.3.origin.derived.5.method.owner.location.entry.origin.snapshot = "b829705e31cf55c8afc27b2b9a35b42efc6006b32ac5a4b9de3b6df66db7f5a5"
methods.3.outcome.report.source_map.segments.3.origin.derived.5.method.owner.location.entry.origin.steps = []
methods.3.outcome.report.source_map.segments.3.origin.derived.5.method.owner.location.entry.raw_name = [77,101,116,104,111,100,83,104,97,100,111,119,46,99,108,97,115,115]
methods.3.outcome.report.source_map.segments.3.origin.derived.5.method.owner.location.kind = "archive_entry"
methods.3.outcome.report.source_map.segments.3.origin.derived.5.method.owner.variant.kind = "base"
methods.3.outcome.report.source_map.segments.3.origin.derived.5.provenance = "Derived"
methods.3.outcome.report.source_map.segments.3.origin.derived.6.bci = 12
methods.3.outcome.report.source_map.segments.3.origin.derived.6.cp = null
methods.3.outcome.report.source_map.segments.3.origin.derived.6.method.descriptor = [40,91,76,106,97,118,97,47,108,97,110,103,47,83,116,114,105,110,103,59,41,86]
methods.3.outcome.report.source_map.segments.3.origin.derived.6.method.name = [109,97,105,110]
methods.3.outcome.report.source_map.segments.3.origin.derived.6.method.owner.class_bytes.digest = "6a1d38adbdcbae3499cfc293abd3d05466f3894cdd9a8fa9e5c1cb650f908d1f"
methods.3.outcome.report.source_map.segments.3.origin.derived.6.method.owner.class_bytes.length = 1466
methods.3.outcome.report.source_map.segments.3.origin.derived.6.method.owner.location.entry.ordinal = 2
methods.3.outcome.report.source_map.segments.3.origin.derived.6.method.owner.location.entry.origin.root_container = "root"
methods.3.outcome.report.source_map.segments.3.origin.derived.6.method.owner.location.entry.origin.snapshot = "b829705e31cf55c8afc27b2b9a35b42efc6006b32ac5a4b9de3b6df66db7f5a5"
methods.3.outcome.report.source_map.segments.3.origin.derived.6.method.owner.location.entry.origin.steps = []
methods.3.outcome.report.source_map.segments.3.origin.derived.6.method.owner.location.entry.raw_name = [77,101,116,104,111,100,83,104,97,100,111,119,46,99,108,97,115,115]
methods.3.outcome.report.source_map.segments.3.origin.derived.6.method.owner.location.kind = "archive_entry"
methods.3.outcome.report.source_map.segments.3.origin.derived.6.method.owner.variant.kind = "base"
methods.3.outcome.report.source_map.segments.3.origin.derived.6.provenance = "Derived"
methods.3.outcome.report.source_map.segments.3.origin.primary.bci = 47
methods.3.outcome.report.source_map.segments.3.origin.primary.cp = null
methods.3.outcome.report.source_map.segments.3.origin.primary.method.descriptor = [40,91,76,106,97,118,97,47,108,97,110,103,47,83,116,114,105,110,103,59,41,86]
methods.3.outcome.report.source_map.segments.3.origin.primary.method.name = [109,97,105,110]
methods.3.outcome.report.source_map.segments.3.origin.primary.method.owner.class_bytes.digest = "6a1d38adbdcbae3499cfc293abd3d05466f3894cdd9a8fa9e5c1cb650f908d1f"
methods.3.outcome.report.source_map.segments.3.origin.primary.method.owner.class_bytes.length = 1466
methods.3.outcome.report.source_map.segments.3.origin.primary.method.owner.location.entry.ordinal = 2
methods.3.outcome.report.source_map.segments.3.origin.primary.method.owner.location.entry.origin.root_container = "root"
methods.3.outcome.report.source_map.segments.3.origin.primary.method.owner.location.entry.origin.snapshot = "b829705e31cf55c8afc27b2b9a35b42efc6006b32ac5a4b9de3b6df66db7f5a5"
methods.3.outcome.report.source_map.segments.3.origin.primary.method.owner.location.entry.origin.steps = []
methods.3.outcome.report.source_map.segments.3.origin.primary.method.owner.location.entry.raw_name = [77,101,116,104,111,100,83,104,97,100,111,119,46,99,108,97,115,115]
methods.3.outcome.report.source_map.segments.3.origin.primary.method.owner.location.kind = "archive_entry"
methods.3.outcome.report.source_map.segments.3.origin.primary.method.owner.variant.kind = "base"
methods.3.outcome.report.source_map.segments.3.origin.primary.provenance = "Direct"
methods.3.outcome.report.source_map.segments.3.start = 602
methods.3.outcome.report.syntax_status = "not_java"
methods.3.outcome.report.text = "// @method main([Ljava/lang/String;)V\n// @declaration a static method of `MethodShadow`, member flags 0x0009\n// recovered from bytecode; presentation is not claimed to compile\n{\n    // @bytecode 6 0 2 5 9 12 13 16 18 21 24 25 28 29 32 33 36 37 40 41 44 47 50\n    // the saved producer at BCI 6 has 3 consumers, so one local binding cannot prove its execution count\n    // @bytecode 9 12 13\n    // the saved producer at BCI 13 has no bounded final expression consumer\n    // @bytecode 9 12 13 18\n    // the saved producer at BCI 18 has 3 consumers, so one local binding cannot prove its execution count\n    // @bytecode 47 6 44 41 18 13 9 12\n    // the value at BCI 47 was produced by a saved declaration this run could not commit\n    jarde_refused_body();\n}\n"
methods.3.outcome.report.verification = "not_performed"
methods.3.parameter_annotations.attributes = []
methods.3.parameter_annotations.refusals = []
methods.3.parameter_annotations.uses_by_position = [[]]
methods.3.text = "    public static void main(java.lang.String[] a) {\n        // jarde: not recovered: the recovery run for `main([Ljava/lang/String;)V` produced no statement (explanation only); the artifact's own comment lines are below\n        // @method main([Ljava/lang/String;)V\n        // @declaration a static method of `MethodShadow`, member flags 0x0009\n        // recovered from bytecode; presentation is not claimed to compile\n        // @bytecode 6 0 2 5 9 12 13 16 18 21 24 25 28 29 32 33 36 37 40 41 44 47 50\n        // the saved producer at BCI 6 has 3 consumers, so one local binding cannot prove its execution count\n        // @bytecode 9 12 13\n        // the saved producer at BCI 13 has no bounded final expression consumer\n        // @bytecode 9 12 13 18\n        // the saved producer at BCI 18 has 3 consumers, so one local binding cannot prove its execution count\n        // @bytecode 47 6 44 41 18 13 9 12\n        // the value at BCI 47 was produced by a saved declaration this run could not commit\n        jarde_refused_body();\n    }\n"
methods.3.type_annotations.attributes = []
methods.3.type_annotations.field_uses = []
methods.3.type_annotations.parameter_uses = [[]]
methods.3.type_annotations.refusals = []
methods.3.type_annotations.return_uses = []
nested_annotation_family.state = "absent"
nested_enum_family.state = "absent"
outcome = "performed"
stages = ["raw_facts","raw_cfg","legacy_normalization","canonical_cfg","frame","ssa"]
usage.analysis_steps = 1219
usage.archive_entries = 9
usage.attribute_bytes = 1325
usage.class_bytes = 2932
usage.class_headers = 1
usage.code_bytes = 64
usage.dependency_depth = 0
usage.elapsed_millis = 4
usage.entry_bytes = 1466
usage.input_bytes = 1188
usage.ir_edges = 56
usage.ir_items = 1104
usage.method_bodies = 4
usage.nested_depth = 0
usage.normalization_clones = 0
usage.output_bytes = 2482
usage.read_bytes = 720
usage.result_items = 23
view.scope.kind = "snapshot_all"
view.snapshot = "b829705e31cf55c8afc27b2b9a35b42efc6006b32ac5a4b9de3b6df66db7f5a5"
