anonymous_interface_projection.derived.0.anchors.0.definition.class_bytes.digest = "c2eff7aad9e87554c9f5d28ebc9b2209c8c9d1c0db8450e1f35f38c49e984eea"
anonymous_interface_projection.derived.0.anchors.0.definition.class_bytes.length = 1205
anonymous_interface_projection.derived.0.anchors.0.definition.location.entry.ordinal = 2
anonymous_interface_projection.derived.0.anchors.0.definition.location.entry.origin.root_container = "root"
anonymous_interface_projection.derived.0.anchors.0.definition.location.entry.origin.snapshot = "fd8bed4de997d7a25e740f9c84b7e1f3db1bfc4d78cbecf964889a4972e8de56"
anonymous_interface_projection.derived.0.anchors.0.definition.location.entry.origin.steps = []
anonymous_interface_projection.derived.0.anchors.0.definition.location.entry.raw_name = [68,66,46,99,108,97,115,115]
anonymous_interface_projection.derived.0.anchors.0.definition.location.kind = "archive_entry"
anonymous_interface_projection.derived.0.anchors.0.definition.variant.kind = "base"
anonymous_interface_projection.derived.0.anchors.0.kind = "class_definition"
anonymous_interface_projection.derived.0.anchors.1.definition.class_bytes.digest = "0c3771179e7bc3c1b47ba00402cba145ab55fdc5b328608ec28ae00e9ccf3992"
anonymous_interface_projection.derived.0.anchors.1.definition.class_bytes.length = 497
anonymous_interface_projection.derived.0.anchors.1.definition.location.entry.ordinal = 4
anonymous_interface_projection.derived.0.anchors.1.definition.location.entry.origin.root_container = "root"
anonymous_interface_projection.derived.0.anchors.1.definition.location.entry.origin.snapshot = "fd8bed4de997d7a25e740f9c84b7e1f3db1bfc4d78cbecf964889a4972e8de56"
anonymous_interface_projection.derived.0.anchors.1.definition.location.entry.origin.steps = []
anonymous_interface_projection.derived.0.anchors.1.definition.location.entry.raw_name = [68,66,36,50,46,99,108,97,115,115]
anonymous_interface_projection.derived.0.anchors.1.definition.location.kind = "archive_entry"
anonymous_interface_projection.derived.0.anchors.1.definition.variant.kind = "base"
anonymous_interface_projection.derived.0.anchors.1.kind = "class_definition"
anonymous_interface_projection.derived.0.anchors.2.bci = 0
anonymous_interface_projection.derived.0.anchors.2.kind = "method_point"
anonymous_interface_projection.derived.0.anchors.2.method.descriptor = [40,76,106,97,118,97,47,108,97,110,103,47,83,116,114,105,110,103,59,41,76,106,97,118,97,47,117,116,105,108,47,76,105,115,116,59]
anonymous_interface_projection.derived.0.anchors.2.method.name = [119,105,116,104,67,97,112,116,117,114,101]
anonymous_interface_projection.derived.0.anchors.2.method.owner.class_bytes.digest = "c2eff7aad9e87554c9f5d28ebc9b2209c8c9d1c0db8450e1f35f38c49e984eea"
anonymous_interface_projection.derived.0.anchors.2.method.owner.class_bytes.length = 1205
anonymous_interface_projection.derived.0.anchors.2.method.owner.location.entry.ordinal = 2
anonymous_interface_projection.derived.0.anchors.2.method.owner.location.entry.origin.root_container = "root"
anonymous_interface_projection.derived.0.anchors.2.method.owner.location.entry.origin.snapshot = "fd8bed4de997d7a25e740f9c84b7e1f3db1bfc4d78cbecf964889a4972e8de56"
anonymous_interface_projection.derived.0.anchors.2.method.owner.location.entry.origin.steps = []
anonymous_interface_projection.derived.0.anchors.2.method.owner.location.entry.raw_name = [68,66,46,99,108,97,115,115]
anonymous_interface_projection.derived.0.anchors.2.method.owner.location.kind = "archive_entry"
anonymous_interface_projection.derived.0.anchors.2.method.owner.variant.kind = "base"
anonymous_interface_projection.derived.0.anchors.3.bci = 5
anonymous_interface_projection.derived.0.anchors.3.kind = "method_point"
anonymous_interface_projection.derived.0.anchors.3.method.descriptor = [40,76,106,97,118,97,47,108,97,110,103,47,83,116,114,105,110,103,59,41,86]
anonymous_interface_projection.derived.0.anchors.3.method.name = [60,105,110,105,116,62]
anonymous_interface_projection.derived.0.anchors.3.method.owner.class_bytes.digest = "0c3771179e7bc3c1b47ba00402cba145ab55fdc5b328608ec28ae00e9ccf3992"
anonymous_interface_projection.derived.0.anchors.3.method.owner.class_bytes.length = 497
anonymous_interface_projection.derived.0.anchors.3.method.owner.location.entry.ordinal = 4
anonymous_interface_projection.derived.0.anchors.3.method.owner.location.entry.origin.root_container = "root"
anonymous_interface_projection.derived.0.anchors.3.method.owner.location.entry.origin.snapshot = "fd8bed4de997d7a25e740f9c84b7e1f3db1bfc4d78cbecf964889a4972e8de56"
anonymous_interface_projection.derived.0.anchors.3.method.owner.location.entry.origin.steps = []
anonymous_interface_projection.derived.0.anchors.3.method.owner.location.entry.raw_name = [68,66,36,50,46,99,108,97,115,115]
anonymous_interface_projection.derived.0.anchors.3.method.owner.location.kind = "archive_entry"
anonymous_interface_projection.derived.0.anchors.3.method.owner.variant.kind = "base"
anonymous_interface_projection.derived.0.end = 417
anonymous_interface_projection.derived.0.kind = "nested_anonymous_expression"
anonymous_interface_projection.derived.0.start = 301
anonymous_interface_projection.derived.1.anchors.0.definition.class_bytes.digest = "c2eff7aad9e87554c9f5d28ebc9b2209c8c9d1c0db8450e1f35f38c49e984eea"
anonymous_interface_projection.derived.1.anchors.0.definition.class_bytes.length = 1205
anonymous_interface_projection.derived.1.anchors.0.definition.location.entry.ordinal = 2
anonymous_interface_projection.derived.1.anchors.0.definition.location.entry.origin.root_container = "root"
anonymous_interface_projection.derived.1.anchors.0.definition.location.entry.origin.snapshot = "fd8bed4de997d7a25e740f9c84b7e1f3db1bfc4d78cbecf964889a4972e8de56"
anonymous_interface_projection.derived.1.anchors.0.definition.location.entry.origin.steps = []
anonymous_interface_projection.derived.1.anchors.0.definition.location.entry.raw_name = [68,66,46,99,108,97,115,115]
anonymous_interface_projection.derived.1.anchors.0.definition.location.kind = "archive_entry"
anonymous_interface_projection.derived.1.anchors.0.definition.variant.kind = "base"
anonymous_interface_projection.derived.1.anchors.0.kind = "class_definition"
anonymous_interface_projection.derived.1.anchors.1.definition.class_bytes.digest = "5f4758ac3ce26127ad0061adac7bc3f8d0652da33ce2c585a1404d71340d0b31"
anonymous_interface_projection.derived.1.anchors.1.definition.class_bytes.length = 386
anonymous_interface_projection.derived.1.anchors.1.definition.location.entry.ordinal = 3
anonymous_interface_projection.derived.1.anchors.1.definition.location.entry.origin.root_container = "root"
anonymous_interface_projection.derived.1.anchors.1.definition.location.entry.origin.snapshot = "fd8bed4de997d7a25e740f9c84b7e1f3db1bfc4d78cbecf964889a4972e8de56"
anonymous_interface_projection.derived.1.anchors.1.definition.location.entry.origin.steps = []
anonymous_interface_projection.derived.1.anchors.1.definition.location.entry.raw_name = [68,66,36,49,46,99,108,97,115,115]
anonymous_interface_projection.derived.1.anchors.1.definition.location.kind = "archive_entry"
anonymous_interface_projection.derived.1.anchors.1.definition.variant.kind = "base"
anonymous_interface_projection.derived.1.anchors.1.kind = "class_definition"
anonymous_interface_projection.derived.1.anchors.2.bci = 0
anonymous_interface_projection.derived.1.anchors.2.kind = "method_point"
anonymous_interface_projection.derived.1.anchors.2.method.descriptor = [40,41,86]
anonymous_interface_projection.derived.1.anchors.2.method.name = [60,99,108,105,110,105,116,62]
anonymous_interface_projection.derived.1.anchors.2.method.owner.class_bytes.digest = "c2eff7aad9e87554c9f5d28ebc9b2209c8c9d1c0db8450e1f35f38c49e984eea"
anonymous_interface_projection.derived.1.anchors.2.method.owner.class_bytes.length = 1205
anonymous_interface_projection.derived.1.anchors.2.method.owner.location.entry.ordinal = 2
anonymous_interface_projection.derived.1.anchors.2.method.owner.location.entry.origin.root_container = "root"
anonymous_interface_projection.derived.1.anchors.2.method.owner.location.entry.origin.snapshot = "fd8bed4de997d7a25e740f9c84b7e1f3db1bfc4d78cbecf964889a4972e8de56"
anonymous_interface_projection.derived.1.anchors.2.method.owner.location.entry.origin.steps = []
anonymous_interface_projection.derived.1.anchors.2.method.owner.location.entry.raw_name = [68,66,46,99,108,97,115,115]
anonymous_interface_projection.derived.1.anchors.2.method.owner.location.kind = "archive_entry"
anonymous_interface_projection.derived.1.anchors.2.method.owner.variant.kind = "base"
anonymous_interface_projection.derived.1.anchors.3.bci = 4
anonymous_interface_projection.derived.1.anchors.3.kind = "method_point"
anonymous_interface_projection.derived.1.anchors.3.method.descriptor = [40,41,86]
anonymous_interface_projection.derived.1.anchors.3.method.name = [60,105,110,105,116,62]
anonymous_interface_projection.derived.1.anchors.3.method.owner.class_bytes.digest = "5f4758ac3ce26127ad0061adac7bc3f8d0652da33ce2c585a1404d71340d0b31"
anonymous_interface_projection.derived.1.anchors.3.method.owner.class_bytes.length = 386
anonymous_interface_projection.derived.1.anchors.3.method.owner.location.entry.ordinal = 3
anonymous_interface_projection.derived.1.anchors.3.method.owner.location.entry.origin.root_container = "root"
anonymous_interface_projection.derived.1.anchors.3.method.owner.location.entry.origin.snapshot = "fd8bed4de997d7a25e740f9c84b7e1f3db1bfc4d78cbecf964889a4972e8de56"
anonymous_interface_projection.derived.1.anchors.3.method.owner.location.entry.origin.steps = []
anonymous_interface_projection.derived.1.anchors.3.method.owner.location.entry.raw_name = [68,66,36,49,46,99,108,97,115,115]
anonymous_interface_projection.derived.1.anchors.3.method.owner.location.kind = "archive_entry"
anonymous_interface_projection.derived.1.anchors.3.method.owner.variant.kind = "base"
anonymous_interface_projection.derived.1.end = 195
anonymous_interface_projection.derived.1.kind = "nested_anonymous_expression"
anonymous_interface_projection.derived.1.start = 30
anonymous_interface_projection.state = "projected"
bridge_proofs = []
class.class_bytes.digest = "c2eff7aad9e87554c9f5d28ebc9b2209c8c9d1c0db8450e1f35f38c49e984eea"
class.class_bytes.length = 1205
class.location.entry.ordinal = 2
class.location.entry.origin.root_container = "root"
class.location.entry.origin.snapshot = "fd8bed4de997d7a25e740f9c84b7e1f3db1bfc4d78cbecf964889a4972e8de56"
class.location.entry.origin.steps = []
class.location.entry.raw_name = [68,66,46,99,108,97,115,115]
class.location.kind = "archive_entry"
class.variant.kind = "base"
coverage.artifact_structural.scanned.0.end = 5
coverage.artifact_structural.scanned.0.label = "central_directory_entries"
coverage.artifact_structural.scanned.0.start = 0
coverage.artifact_structural.scanned.1.end = 1
coverage.artifact_structural.scanned.1.label = "navigation_candidates"
coverage.artifact_structural.scanned.1.start = 0
coverage.artifact_structural.scanned.2.end = 1
coverage.artifact_structural.scanned.2.label = "class_fields"
coverage.artifact_structural.scanned.2.start = 0
coverage.artifact_structural.scanned.3.end = 5
coverage.artifact_structural.scanned.3.label = "class_methods"
coverage.artifact_structural.scanned.3.start = 0
coverage.artifact_structural.scanned.4.end = 5
coverage.artifact_structural.scanned.4.label = "class_source_bodies"
coverage.artifact_structural.scanned.4.start = 0
coverage.artifact_structural.skipped = []
coverage.artifact_structural.state = "complete_within_schema"
coverage.artifact_structural.uninterpreted_extensions = []
coverage.dynamic_analysis.scanned = []
coverage.dynamic_analysis.skipped = []
coverage.dynamic_analysis.state = "not_requested"
coverage.dynamic_analysis.uninterpreted_extensions = []
coverage.runtime_resolution.scanned = []
coverage.runtime_resolution.skipped = []
coverage.runtime_resolution.state = "not_requested"
coverage.runtime_resolution.uninterpreted_extensions = []
declaration.annotation_attributes = []
declaration.annotation_refusals = []
declaration.annotation_uses = []
declaration.declaration = "public class DB extends java.lang.Object"
declaration.generic_refusal = null
declaration.generic_signature = null
declaration.item.binding.kind = "path_name_agrees"
declaration.item.declaration.access_flags = 33
declaration.item.declaration.interfaces = []
declaration.item.declaration.super_class.escaped = "java/lang/Object"
declaration.item.declaration.super_class.raw = [106,97,118,97,47,108,97,110,103,47,79,98,106,101,99,116]
declaration.item.declaration.super_class.utf16 = [106,97,118,97,47,108,97,110,103,47,79,98,106,101,99,116]
declaration.item.declaration.this_class.escaped = "DB"
declaration.item.declaration.this_class.raw = [68,66]
declaration.item.declaration.this_class.utf16 = [68,66]
declaration.item.definition.class_bytes.digest = "c2eff7aad9e87554c9f5d28ebc9b2209c8c9d1c0db8450e1f35f38c49e984eea"
declaration.item.definition.class_bytes.length = 1205
declaration.item.definition.location.entry.ordinal = 2
declaration.item.definition.location.entry.origin.root_container = "root"
declaration.item.definition.location.entry.origin.snapshot = "fd8bed4de997d7a25e740f9c84b7e1f3db1bfc4d78cbecf964889a4972e8de56"
declaration.item.definition.location.entry.origin.steps = []
declaration.item.definition.location.entry.raw_name = [68,66,46,99,108,97,115,115]
declaration.item.definition.location.kind = "archive_entry"
declaration.item.definition.variant.kind = "base"
declaration.item.member_table = null
declaration.name = "DB"
diagnostics = []
direct_override_proofs = []
enum_switch_proofs = []
execution.status = "complete"
execution.usage.analysis_steps = 1600
execution.usage.archive_entries = 208
execution.usage.attribute_bytes = 7803
execution.usage.class_bytes = 21552
execution.usage.class_headers = 8
execution.usage.code_bytes = 657
execution.usage.dependency_depth = 0
execution.usage.elapsed_millis = 12
execution.usage.entry_bytes = 19596
execution.usage.input_bytes = 1918
execution.usage.ir_edges = 80
execution.usage.ir_items = 2191
execution.usage.method_bodies = 10
execution.usage.nested_depth = 0
execution.usage.normalization_clones = 0
execution.usage.output_bytes = 2846
execution.usage.read_bytes = 12178
execution.usage.result_items = 146
fields.0.annotations.attributes = []
fields.0.annotations.refusals = []
fields.0.annotations.uses = []
fields.0.declaration = "static java.util.List dbl"
fields.0.item.access_flags = 8
fields.0.item.descriptor.escaped = "Ljava/util/List;"
fields.0.item.descriptor.raw = [76,106,97,118,97,47,117,116,105,108,47,76,105,115,116,59]
fields.0.item.descriptor.utf16 = [76,106,97,118,97,47,117,116,105,108,47,76,105,115,116,59]
fields.0.item.identity.member.descriptor = [76,106,97,118,97,47,117,116,105,108,47,76,105,115,116,59]
fields.0.item.identity.member.kind = "field"
fields.0.item.identity.member.name = [100,98,108]
fields.0.item.identity.owner.class_bytes.digest = "c2eff7aad9e87554c9f5d28ebc9b2209c8c9d1c0db8450e1f35f38c49e984eea"
fields.0.item.identity.owner.class_bytes.length = 1205
fields.0.item.identity.owner.location.entry.ordinal = 2
fields.0.item.identity.owner.location.entry.origin.root_container = "root"
fields.0.item.identity.owner.location.entry.origin.snapshot = "fd8bed4de997d7a25e740f9c84b7e1f3db1bfc4d78cbecf964889a4972e8de56"
fields.0.item.identity.owner.location.entry.origin.steps = []
fields.0.item.identity.owner.location.entry.raw_name = [68,66,46,99,108,97,115,115]
fields.0.item.identity.owner.location.kind = "archive_entry"
fields.0.item.identity.owner.variant.kind = "base"
fields.0.item.index = 0
fields.0.item.name.escaped = "dbl"
fields.0.item.name.raw = [100,98,108]
fields.0.item.name.utf16 = [100,98,108]
fields.0.markers = ["// jarde: field Signature projection refused for `dblLjava/util/List;`: unsupported (field_generic_body_unproved): a same-class Fieldref names this field and descriptor"]
fields.0.type_annotations.attributes = []
fields.0.type_annotations.field_uses = []
fields.0.type_annotations.parameter_uses = []
fields.0.type_annotations.refusals = []
fields.0.type_annotations.return_uses = []
initializer_proof.kind = "refused"
initializer_proof.reason = "RHS of field `dbl` is presented as `DB$1` but its descriptor requires `java.util.List`"
integer_constant_projections = []
limits.analysis_steps = 4194304
limits.archive_entries = 65536
limits.attribute_bytes = 67108864
limits.class_bytes = 67108864
limits.class_headers = 4096
limits.code_bytes = 16777216
limits.dependency_depth = 8
limits.elapsed_millis = 30000
limits.entry_bytes = 67108864
limits.input_bytes = 67108864
limits.ir_edges = 4194304
limits.ir_items = 4194304
limits.method_bodies = 4096
limits.nested_depth = 4
limits.normalization_clones = 1048576
limits.output_bytes = 16777216
limits.read_bytes = 67108864
limits.result_items = 65536
member_family.state = "absent"
methods.0.annotations.attributes = []
methods.0.annotations.refusals = []
methods.0.annotations.uses = []
methods.0.declaration = "public DB()"
methods.0.item.access_flags = 1
methods.0.item.body.content_span.length = 29
methods.0.item.body.content_span.start = 903
methods.0.item.body.kind = "code_attribute"
methods.0.item.descriptor.escaped = "()V"
methods.0.item.descriptor.raw = [40,41,86]
methods.0.item.descriptor.utf16 = [40,41,86]
methods.0.item.identity.descriptor = [40,41,86]
methods.0.item.identity.name = [60,105,110,105,116,62]
methods.0.item.identity.owner.class_bytes.digest = "c2eff7aad9e87554c9f5d28ebc9b2209c8c9d1c0db8450e1f35f38c49e984eea"
methods.0.item.identity.owner.class_bytes.length = 1205
methods.0.item.identity.owner.location.entry.ordinal = 2
methods.0.item.identity.owner.location.entry.origin.root_container = "root"
methods.0.item.identity.owner.location.entry.origin.snapshot = "fd8bed4de997d7a25e740f9c84b7e1f3db1bfc4d78cbecf964889a4972e8de56"
methods.0.item.identity.owner.location.entry.origin.steps = []
methods.0.item.identity.owner.location.entry.raw_name = [68,66,46,99,108,97,115,115]
methods.0.item.identity.owner.location.kind = "archive_entry"
methods.0.item.identity.owner.variant.kind = "base"
methods.0.item.index = 0
methods.0.item.name.escaped = "<init>"
methods.0.item.name.raw = [60,105,110,105,116,62]
methods.0.item.name.utf16 = [60,105,110,105,116,62]
methods.0.markers = []
methods.0.no_body_kind = null
methods.0.outcome.analysis.diagnostics = 0
methods.0.outcome.analysis.execution.status = "complete"
methods.0.outcome.analysis.execution.usage.analysis_steps = 114
methods.0.outcome.analysis.execution.usage.archive_entries = 13
methods.0.outcome.analysis.execution.usage.attribute_bytes = 655
methods.0.outcome.analysis.execution.usage.class_bytes = 2410
methods.0.outcome.analysis.execution.usage.class_headers = 1
methods.0.outcome.analysis.execution.usage.code_bytes = 5
methods.0.outcome.analysis.execution.usage.dependency_depth = 0
methods.0.outcome.analysis.execution.usage.elapsed_millis = 1
methods.0.outcome.analysis.execution.usage.entry_bytes = 1205
methods.0.outcome.analysis.execution.usage.input_bytes = 1918
methods.0.outcome.analysis.execution.usage.ir_edges = 2
methods.0.outcome.analysis.execution.usage.ir_items = 48
methods.0.outcome.analysis.execution.usage.method_bodies = 1
methods.0.outcome.analysis.execution.usage.nested_depth = 0
methods.0.outcome.analysis.execution.usage.normalization_clones = 0
methods.0.outcome.analysis.execution.usage.output_bytes = 0
methods.0.outcome.analysis.execution.usage.read_bytes = 632
methods.0.outcome.analysis.execution.usage.result_items = 27
methods.0.outcome.kind = "recovered"
methods.0.outcome.report.accessors = []
methods.0.outcome.report.aliased_names = []
methods.0.outcome.report.artifact.agreement.state = "not_stated"
methods.0.outcome.report.artifact.binding.engine = "0.1.0"
methods.0.outcome.report.artifact.binding.environment.content = ["fd8bed4de997d7a25e740f9c84b7e1f3db1bfc4d78cbecf964889a4972e8de56"]
methods.0.outcome.report.artifact.binding.environment.domain_loaders = ["app"]
methods.0.outcome.report.artifact.binding.environment.providers = []
methods.0.outcome.report.artifact.binding.environment.runtime.load_domain.delegation.kind = "parent_first"
methods.0.outcome.report.artifact.binding.environment.runtime.load_domain.external_override = "none"
methods.0.outcome.report.artifact.binding.environment.runtime.load_domain.loader = "app"
methods.0.outcome.report.artifact.binding.environment.runtime.load_domain.module_mode.kind = "class_path"
methods.0.outcome.report.artifact.binding.environment.runtime.load_domain.parent_loader = null
methods.0.outcome.report.artifact.binding.environment.runtime.load_domain.roots.0.kind = "container"
methods.0.outcome.report.artifact.binding.environment.runtime.load_domain.roots.0.origin.root_container = "root"
methods.0.outcome.report.artifact.binding.environment.runtime.load_domain.roots.0.origin.snapshot = "fd8bed4de997d7a25e740f9c84b7e1f3db1bfc4d78cbecf964889a4972e8de56"
methods.0.outcome.report.artifact.binding.environment.runtime.load_domain.roots.0.origin.steps = []
methods.0.outcome.report.artifact.binding.environment.runtime.load_domain.roots.0.prefix = []
methods.0.outcome.report.artifact.binding.environment.runtime.load_domain.runtime_transformation = "none"
methods.0.outcome.report.artifact.binding.environment.runtime.physical.scope.kind = "snapshot_all"
methods.0.outcome.report.artifact.binding.environment.runtime.physical.snapshot = "fd8bed4de997d7a25e740f9c84b7e1f3db1bfc4d78cbecf964889a4972e8de56"
methods.0.outcome.report.artifact.binding.environment.runtime.profile.java_release = 8
methods.0.outcome.report.artifact.binding.environment.runtime.profile.layout.kind = "generic"
methods.0.outcome.report.artifact.binding.environment.runtime.profile.multi_release.kind = "disabled"
methods.0.outcome.report.artifact.binding.member_ordinal = 0
methods.0.outcome.report.artifact.binding.method.descriptor = [40,41,86]
methods.0.outcome.report.artifact.binding.method.name = [60,105,110,105,116,62]
methods.0.outcome.report.artifact.binding.method.owner.class_bytes.digest = "c2eff7aad9e87554c9f5d28ebc9b2209c8c9d1c0db8450e1f35f38c49e984eea"
methods.0.outcome.report.artifact.binding.method.owner.class_bytes.length = 1205
methods.0.outcome.report.artifact.binding.method.owner.location.entry.ordinal = 2
methods.0.outcome.report.artifact.binding.method.owner.location.entry.origin.root_container = "root"
methods.0.outcome.report.artifact.binding.method.owner.location.entry.origin.snapshot = "fd8bed4de997d7a25e740f9c84b7e1f3db1bfc4d78cbecf964889a4972e8de56"
methods.0.outcome.report.artifact.binding.method.owner.location.entry.origin.steps = []
methods.0.outcome.report.artifact.binding.method.owner.location.entry.raw_name = [68,66,46,99,108,97,115,115]
methods.0.outcome.report.artifact.binding.method.owner.location.kind = "archive_entry"
methods.0.outcome.report.artifact.binding.method.owner.variant.kind = "base"
methods.0.outcome.report.artifact.binding.profile.java_release = 8
methods.0.outcome.report.artifact.binding.profile.layout.kind = "generic"
methods.0.outcome.report.artifact.binding.profile.multi_release.kind = "disabled"
methods.0.outcome.report.artifact.binding.registry = 71
methods.0.outcome.report.artifact.binding.rules = ["straight@1","if@1","loop@1","switch@1","lambda@1","concat@1","bridge@1","accessor@1","new@1","field@1","enumswitch@1","init@1","declaration@1","twr@1","monitor@1","finally@1"]
methods.0.outcome.report.artifact.binding.schema = 1
methods.0.outcome.report.artifact.binding.text_bytes = 176
methods.0.outcome.report.artifact.binding.text_digest = "57e8777ea459e6a60ae61cae185b485e"
methods.0.outcome.report.bridges = []
methods.0.outcome.report.compile_status = "not_attempted"
methods.0.outcome.report.concats = []
methods.0.outcome.report.content = "contains_statements"
methods.0.outcome.report.declaration = null
methods.0.outcome.report.diagnostics.0.code = "jre_recovery_produced"
methods.0.outcome.report.diagnostics.0.message = "1 region(s), 2 statement(s), 2 segment(s), 176 byte(s) written from 1 canonical block(s)"
methods.0.outcome.report.diagnostics.0.provenance = null
methods.0.outcome.report.diagnostics.0.severity = "info"
methods.0.outcome.report.diagnostics.1.code = "jre_constructor_prologue"
methods.0.outcome.report.diagnostics.1.message = "the body is an instance initializer and its prologue is written under init@1 as `super`: the call at BCI 1 names `java/lang/Object`, and the class that declares this constructor is `DB`"
methods.0.outcome.report.diagnostics.1.provenance = null
methods.0.outcome.report.diagnostics.1.severity = "info"
methods.0.outcome.report.diagnostics.2.code = "jre_declaration"
methods.0.outcome.report.diagnostics.2.message = "the artifact's envelope states the member's declaration under declaration@1: a constructor"
methods.0.outcome.report.diagnostics.2.provenance = null
methods.0.outcome.report.diagnostics.2.severity = "info"
methods.0.outcome.report.enum_switches = []
methods.0.outcome.report.evidence.categories.0.kind = "source_map"
methods.0.outcome.report.evidence.categories.0.state.state = "complete"
methods.0.outcome.report.evidence.categories.1.kind = "region_details"
methods.0.outcome.report.evidence.categories.1.state.state = "not_requested"
methods.0.outcome.report.evidence.categories.2.kind = "rule_details"
methods.0.outcome.report.evidence.categories.2.state.state = "not_requested"
methods.0.outcome.report.evidence.categories.3.kind = "name_details"
methods.0.outcome.report.evidence.categories.3.state.state = "not_requested"
methods.0.outcome.report.evidence.categories.4.kind = "read_details"
methods.0.outcome.report.evidence.categories.4.state.state = "not_requested"
methods.0.outcome.report.evidence.requested.driver_bci_range = null
methods.0.outcome.report.evidence.requested.expected_artifact = null
methods.0.outcome.report.evidence.requested.kinds = ["source_map"]
methods.0.outcome.report.execution.status = "complete"
methods.0.outcome.report.execution.usage.analysis_steps = 141
methods.0.outcome.report.execution.usage.archive_entries = 13
methods.0.outcome.report.execution.usage.attribute_bytes = 655
methods.0.outcome.report.execution.usage.class_bytes = 2410
methods.0.outcome.report.execution.usage.class_headers = 1
methods.0.outcome.report.execution.usage.code_bytes = 5
methods.0.outcome.report.execution.usage.dependency_depth = 0
methods.0.outcome.report.execution.usage.elapsed_millis = 1
methods.0.outcome.report.execution.usage.entry_bytes = 1205
methods.0.outcome.report.execution.usage.input_bytes = 1918
methods.0.outcome.report.execution.usage.ir_edges = 2
methods.0.outcome.report.execution.usage.ir_items = 71
methods.0.outcome.report.execution.usage.method_bodies = 1
methods.0.outcome.report.execution.usage.nested_depth = 0
methods.0.outcome.report.execution.usage.normalization_clones = 0
methods.0.outcome.report.execution.usage.output_bytes = 176
methods.0.outcome.report.execution.usage.read_bytes = 632
methods.0.outcome.report.execution.usage.result_items = 27
methods.0.outcome.report.fallbacks = []
methods.0.outcome.report.fields = []
methods.0.outcome.report.init = null
methods.0.outcome.report.lambdas = []
methods.0.outcome.report.method = "<init>()V"
methods.0.outcome.report.news = []
methods.0.outcome.report.outcome = "produced"
methods.0.outcome.report.profile.java_release = 8
methods.0.outcome.report.profile.layout.kind = "generic"
methods.0.outcome.report.profile.multi_release.kind = "disabled"
methods.0.outcome.report.quality = "structured"
methods.0.outcome.report.regions = []
methods.0.outcome.report.representation = "java"
methods.0.outcome.report.rules = []
methods.0.outcome.report.semantic_validation = "unproven"
methods.0.outcome.report.source_map.segments.0.end = 162
methods.0.outcome.report.source_map.segments.0.origin.derived.0.bci = 0
methods.0.outcome.report.source_map.segments.0.origin.derived.0.cp = null
methods.0.outcome.report.source_map.segments.0.origin.derived.0.method.descriptor = [40,41,86]
methods.0.outcome.report.source_map.segments.0.origin.derived.0.method.name = [60,105,110,105,116,62]
methods.0.outcome.report.source_map.segments.0.origin.derived.0.method.owner.class_bytes.digest = "c2eff7aad9e87554c9f5d28ebc9b2209c8c9d1c0db8450e1f35f38c49e984eea"
methods.0.outcome.report.source_map.segments.0.origin.derived.0.method.owner.class_bytes.length = 1205
methods.0.outcome.report.source_map.segments.0.origin.derived.0.method.owner.location.entry.ordinal = 2
methods.0.outcome.report.source_map.segments.0.origin.derived.0.method.owner.location.entry.origin.root_container = "root"
methods.0.outcome.report.source_map.segments.0.origin.derived.0.method.owner.location.entry.origin.snapshot = "fd8bed4de997d7a25e740f9c84b7e1f3db1bfc4d78cbecf964889a4972e8de56"
methods.0.outcome.report.source_map.segments.0.origin.derived.0.method.owner.location.entry.origin.steps = []
methods.0.outcome.report.source_map.segments.0.origin.derived.0.method.owner.location.entry.raw_name = [68,66,46,99,108,97,115,115]
methods.0.outcome.report.source_map.segments.0.origin.derived.0.method.owner.location.kind = "archive_entry"
methods.0.outcome.report.source_map.segments.0.origin.derived.0.method.owner.variant.kind = "base"
methods.0.outcome.report.source_map.segments.0.origin.derived.0.provenance = "Derived"
methods.0.outcome.report.source_map.segments.0.origin.primary.bci = 1
methods.0.outcome.report.source_map.segments.0.origin.primary.cp = null
methods.0.outcome.report.source_map.segments.0.origin.primary.method.descriptor = [40,41,86]
methods.0.outcome.report.source_map.segments.0.origin.primary.method.name = [60,105,110,105,116,62]
methods.0.outcome.report.source_map.segments.0.origin.primary.method.owner.class_bytes.digest = "c2eff7aad9e87554c9f5d28ebc9b2209c8c9d1c0db8450e1f35f38c49e984eea"
methods.0.outcome.report.source_map.segments.0.origin.primary.method.owner.class_bytes.length = 1205
methods.0.outcome.report.source_map.segments.0.origin.primary.method.owner.location.entry.ordinal = 2
methods.0.outcome.report.source_map.segments.0.origin.primary.method.owner.location.entry.origin.root_container = "root"
methods.0.outcome.report.source_map.segments.0.origin.primary.method.owner.location.entry.origin.snapshot = "fd8bed4de997d7a25e740f9c84b7e1f3db1bfc4d78cbecf964889a4972e8de56"
methods.0.outcome.report.source_map.segments.0.origin.primary.method.owner.location.entry.origin.steps = []
methods.0.outcome.report.source_map.segments.0.origin.primary.method.owner.location.entry.raw_name = [68,66,46,99,108,97,115,115]
methods.0.outcome.report.source_map.segments.0.origin.primary.method.owner.location.kind = "archive_entry"
methods.0.outcome.report.source_map.segments.0.origin.primary.method.owner.variant.kind = "base"
methods.0.outcome.report.source_map.segments.0.origin.primary.provenance = "Direct"
methods.0.outcome.report.source_map.segments.0.start = 149
methods.0.outcome.report.source_map.segments.1.end = 174
methods.0.outcome.report.source_map.segments.1.origin.derived = []
methods.0.outcome.report.source_map.segments.1.origin.primary.bci = 4
methods.0.outcome.report.source_map.segments.1.origin.primary.cp = null
methods.0.outcome.report.source_map.segments.1.origin.primary.method.descriptor = [40,41,86]
methods.0.outcome.report.source_map.segments.1.origin.primary.method.name = [60,105,110,105,116,62]
methods.0.outcome.report.source_map.segments.1.origin.primary.method.owner.class_bytes.digest = "c2eff7aad9e87554c9f5d28ebc9b2209c8c9d1c0db8450e1f35f38c49e984eea"
methods.0.outcome.report.source_map.segments.1.origin.primary.method.owner.class_bytes.length = 1205
methods.0.outcome.report.source_map.segments.1.origin.primary.method.owner.location.entry.ordinal = 2
methods.0.outcome.report.source_map.segments.1.origin.primary.method.owner.location.entry.origin.root_container = "root"
methods.0.outcome.report.source_map.segments.1.origin.primary.method.owner.location.entry.origin.snapshot = "fd8bed4de997d7a25e740f9c84b7e1f3db1bfc4d78cbecf964889a4972e8de56"
methods.0.outcome.report.source_map.segments.1.origin.primary.method.owner.location.entry.origin.steps = []
methods.0.outcome.report.source_map.segments.1.origin.primary.method.owner.location.entry.raw_name = [68,66,46,99,108,97,115,115]
methods.0.outcome.report.source_map.segments.1.origin.primary.method.owner.location.kind = "archive_entry"
methods.0.outcome.report.source_map.segments.1.origin.primary.method.owner.variant.kind = "base"
methods.0.outcome.report.source_map.segments.1.origin.primary.provenance = "Direct"
methods.0.outcome.report.source_map.segments.1.start = 162
methods.0.outcome.report.syntax_status = "unchecked"
methods.0.outcome.report.text = "// @method <init>()V\n// @declaration a constructor of `DB`, member flags 0x0001\n// recovered from bytecode; presentation is not claimed to compile\n{\n    super();\n    return;\n}\n"
methods.0.outcome.report.verification = "not_performed"
methods.0.parameter_annotations.attributes = []
methods.0.parameter_annotations.refusals = []
methods.0.parameter_annotations.uses_by_position = []
methods.0.text = "    public DB() {\n        // @method <init>()V\n        // @declaration a constructor of `DB`, member flags 0x0001\n        // recovered from bytecode; presentation is not claimed to compile\n        super();\n        return;\n    }\n"
methods.0.type_annotations.attributes = []
methods.0.type_annotations.field_uses = []
methods.0.type_annotations.parameter_uses = []
methods.0.type_annotations.refusals = []
methods.0.type_annotations.return_uses = []
methods.1.annotations.attributes = []
methods.1.annotations.refusals = []
methods.1.annotations.uses = []
methods.1.declaration = "static int size()"
methods.1.item.access_flags = 8
methods.1.item.body.content_span.length = 33
methods.1.item.body.content_span.start = 946
methods.1.item.body.kind = "code_attribute"
methods.1.item.descriptor.escaped = "()I"
methods.1.item.descriptor.raw = [40,41,73]
methods.1.item.descriptor.utf16 = [40,41,73]
methods.1.item.identity.descriptor = [40,41,73]
methods.1.item.identity.name = [115,105,122,101]
methods.1.item.identity.owner.class_bytes.digest = "c2eff7aad9e87554c9f5d28ebc9b2209c8c9d1c0db8450e1f35f38c49e984eea"
methods.1.item.identity.owner.class_bytes.length = 1205
methods.1.item.identity.owner.location.entry.ordinal = 2
methods.1.item.identity.owner.location.entry.origin.root_container = "root"
methods.1.item.identity.owner.location.entry.origin.snapshot = "fd8bed4de997d7a25e740f9c84b7e1f3db1bfc4d78cbecf964889a4972e8de56"
methods.1.item.identity.owner.location.entry.origin.steps = []
methods.1.item.identity.owner.location.entry.raw_name = [68,66,46,99,108,97,115,115]
methods.1.item.identity.owner.location.kind = "archive_entry"
methods.1.item.identity.owner.variant.kind = "base"
methods.1.item.index = 1
methods.1.item.name.escaped = "size"
methods.1.item.name.raw = [115,105,122,101]
methods.1.item.name.utf16 = [115,105,122,101]
methods.1.markers = []
methods.1.no_body_kind = null
methods.1.outcome.analysis.diagnostics = 0
methods.1.outcome.analysis.execution.status = "complete"
methods.1.outcome.analysis.execution.usage.analysis_steps = 163
methods.1.outcome.analysis.execution.usage.archive_entries = 13
methods.1.outcome.analysis.execution.usage.attribute_bytes = 718
methods.1.outcome.analysis.execution.usage.class_bytes = 2410
methods.1.outcome.analysis.execution.usage.class_headers = 1
methods.1.outcome.analysis.execution.usage.code_bytes = 14
methods.1.outcome.analysis.execution.usage.dependency_depth = 0
methods.1.outcome.analysis.execution.usage.elapsed_millis = 1
methods.1.outcome.analysis.execution.usage.entry_bytes = 1205
methods.1.outcome.analysis.execution.usage.input_bytes = 1918
methods.1.outcome.analysis.execution.usage.ir_edges = 4
methods.1.outcome.analysis.execution.usage.ir_items = 110
methods.1.outcome.analysis.execution.usage.method_bodies = 2
methods.1.outcome.analysis.execution.usage.nested_depth = 0
methods.1.outcome.analysis.execution.usage.normalization_clones = 0
methods.1.outcome.analysis.execution.usage.output_bytes = 176
methods.1.outcome.analysis.execution.usage.read_bytes = 632
methods.1.outcome.analysis.execution.usage.result_items = 28
methods.1.outcome.kind = "recovered"
methods.1.outcome.report.accessors = []
methods.1.outcome.report.aliased_names = []
methods.1.outcome.report.artifact.agreement.state = "not_stated"
methods.1.outcome.report.artifact.binding.engine = "0.1.0"
methods.1.outcome.report.artifact.binding.environment.content = ["fd8bed4de997d7a25e740f9c84b7e1f3db1bfc4d78cbecf964889a4972e8de56"]
methods.1.outcome.report.artifact.binding.environment.domain_loaders = ["app"]
methods.1.outcome.report.artifact.binding.environment.providers = []
methods.1.outcome.report.artifact.binding.environment.runtime.load_domain.delegation.kind = "parent_first"
methods.1.outcome.report.artifact.binding.environment.runtime.load_domain.external_override = "none"
methods.1.outcome.report.artifact.binding.environment.runtime.load_domain.loader = "app"
methods.1.outcome.report.artifact.binding.environment.runtime.load_domain.module_mode.kind = "class_path"
methods.1.outcome.report.artifact.binding.environment.runtime.load_domain.parent_loader = null
methods.1.outcome.report.artifact.binding.environment.runtime.load_domain.roots.0.kind = "container"
methods.1.outcome.report.artifact.binding.environment.runtime.load_domain.roots.0.origin.root_container = "root"
methods.1.outcome.report.artifact.binding.environment.runtime.load_domain.roots.0.origin.snapshot = "fd8bed4de997d7a25e740f9c84b7e1f3db1bfc4d78cbecf964889a4972e8de56"
methods.1.outcome.report.artifact.binding.environment.runtime.load_domain.roots.0.origin.steps = []
methods.1.outcome.report.artifact.binding.environment.runtime.load_domain.roots.0.prefix = []
methods.1.outcome.report.artifact.binding.environment.runtime.load_domain.runtime_transformation = "none"
methods.1.outcome.report.artifact.binding.environment.runtime.physical.scope.kind = "snapshot_all"
methods.1.outcome.report.artifact.binding.environment.runtime.physical.snapshot = "fd8bed4de997d7a25e740f9c84b7e1f3db1bfc4d78cbecf964889a4972e8de56"
methods.1.outcome.report.artifact.binding.environment.runtime.profile.java_release = 8
methods.1.outcome.report.artifact.binding.environment.runtime.profile.layout.kind = "generic"
methods.1.outcome.report.artifact.binding.environment.runtime.profile.multi_release.kind = "disabled"
methods.1.outcome.report.artifact.binding.member_ordinal = 1
methods.1.outcome.report.artifact.binding.method.descriptor = [40,41,73]
methods.1.outcome.report.artifact.binding.method.name = [115,105,122,101]
methods.1.outcome.report.artifact.binding.method.owner.class_bytes.digest = "c2eff7aad9e87554c9f5d28ebc9b2209c8c9d1c0db8450e1f35f38c49e984eea"
methods.1.outcome.report.artifact.binding.method.owner.class_bytes.length = 1205
methods.1.outcome.report.artifact.binding.method.owner.location.entry.ordinal = 2
methods.1.outcome.report.artifact.binding.method.owner.location.entry.origin.root_container = "root"
methods.1.outcome.report.artifact.binding.method.owner.location.entry.origin.snapshot = "fd8bed4de997d7a25e740f9c84b7e1f3db1bfc4d78cbecf964889a4972e8de56"
methods.1.outcome.report.artifact.binding.method.owner.location.entry.origin.steps = []
methods.1.outcome.report.artifact.binding.method.owner.location.entry.raw_name = [68,66,46,99,108,97,115,115]
methods.1.outcome.report.artifact.binding.method.owner.location.kind = "archive_entry"
methods.1.outcome.report.artifact.binding.method.owner.variant.kind = "base"
methods.1.outcome.report.artifact.binding.profile.java_release = 8
methods.1.outcome.report.artifact.binding.profile.layout.kind = "generic"
methods.1.outcome.report.artifact.binding.profile.multi_release.kind = "disabled"
methods.1.outcome.report.artifact.binding.registry = 71
methods.1.outcome.report.artifact.binding.rules = ["straight@1","if@1","loop@1","switch@1","lambda@1","concat@1","bridge@1","accessor@1","new@1","field@1","enumswitch@1","init@1","declaration@1","twr@1","monitor@1","finally@1"]
methods.1.outcome.report.artifact.binding.schema = 1
methods.1.outcome.report.artifact.binding.text_bytes = 177
methods.1.outcome.report.artifact.binding.text_digest = "90dfdf89695e82e0d9b930c1186ee9eb"
methods.1.outcome.report.bridges = []
methods.1.outcome.report.compile_status = "not_attempted"
methods.1.outcome.report.concats = []
methods.1.outcome.report.content = "contains_statements"
methods.1.outcome.report.declaration = null
methods.1.outcome.report.diagnostics.0.code = "jre_recovery_produced"
methods.1.outcome.report.diagnostics.0.message = "1 region(s), 1 statement(s), 4 segment(s), 177 byte(s) written from 1 canonical block(s)"
methods.1.outcome.report.diagnostics.0.provenance = null
methods.1.outcome.report.diagnostics.0.severity = "info"
methods.1.outcome.report.diagnostics.1.code = "jre_field_accesses"
methods.1.outcome.report.diagnostics.1.message = "1 field instruction(s) read under field@1: 1 presented, 0 refused"
methods.1.outcome.report.diagnostics.1.provenance = null
methods.1.outcome.report.diagnostics.1.severity = "info"
methods.1.outcome.report.diagnostics.2.code = "jre_declaration"
methods.1.outcome.report.diagnostics.2.message = "the artifact's envelope states the member's declaration under declaration@1: a static method"
methods.1.outcome.report.diagnostics.2.provenance = null
methods.1.outcome.report.diagnostics.2.severity = "info"
methods.1.outcome.report.enum_switches = []
methods.1.outcome.report.evidence.categories.0.kind = "source_map"
methods.1.outcome.report.evidence.categories.0.state.state = "complete"
methods.1.outcome.report.evidence.categories.1.kind = "region_details"
methods.1.outcome.report.evidence.categories.1.state.state = "not_requested"
methods.1.outcome.report.evidence.categories.2.kind = "rule_details"
methods.1.outcome.report.evidence.categories.2.state.state = "not_requested"
methods.1.outcome.report.evidence.categories.3.kind = "name_details"
methods.1.outcome.report.evidence.categories.3.state.state = "not_requested"
methods.1.outcome.report.evidence.categories.4.kind = "read_details"
methods.1.outcome.report.evidence.categories.4.state.state = "not_requested"
methods.1.outcome.report.evidence.requested.driver_bci_range = null
methods.1.outcome.report.evidence.requested.expected_artifact = null
methods.1.outcome.report.evidence.requested.kinds = ["source_map"]
methods.1.outcome.report.execution.status = "complete"
methods.1.outcome.report.execution.usage.analysis_steps = 190
methods.1.outcome.report.execution.usage.archive_entries = 13
methods.1.outcome.report.execution.usage.attribute_bytes = 718
methods.1.outcome.report.execution.usage.class_bytes = 2410
methods.1.outcome.report.execution.usage.class_headers = 1
methods.1.outcome.report.execution.usage.code_bytes = 14
methods.1.outcome.report.execution.usage.dependency_depth = 0
methods.1.outcome.report.execution.usage.elapsed_millis = 2
methods.1.outcome.report.execution.usage.entry_bytes = 1205
methods.1.outcome.report.execution.usage.input_bytes = 1918
methods.1.outcome.report.execution.usage.ir_edges = 4
methods.1.outcome.report.execution.usage.ir_items = 149
methods.1.outcome.report.execution.usage.method_bodies = 2
methods.1.outcome.report.execution.usage.nested_depth = 0
methods.1.outcome.report.execution.usage.normalization_clones = 0
methods.1.outcome.report.execution.usage.output_bytes = 353
methods.1.outcome.report.execution.usage.read_bytes = 632
methods.1.outcome.report.execution.usage.result_items = 28
methods.1.outcome.report.fallbacks = []
methods.1.outcome.report.fields = []
methods.1.outcome.report.init = null
methods.1.outcome.report.lambdas = []
methods.1.outcome.report.method = "size()I"
methods.1.outcome.report.news = []
methods.1.outcome.report.outcome = "produced"
methods.1.outcome.report.profile.java_release = 8
methods.1.outcome.report.profile.layout.kind = "generic"
methods.1.outcome.report.profile.multi_release.kind = "disabled"
methods.1.outcome.report.quality = "structured"
methods.1.outcome.report.regions = []
methods.1.outcome.report.representation = "java"
methods.1.outcome.report.rules = []
methods.1.outcome.report.semantic_validation = "unproven"
methods.1.outcome.report.source_map.segments.0.end = 162
methods.1.outcome.report.source_map.segments.0.origin.derived = []
methods.1.outcome.report.source_map.segments.0.origin.primary.bci = 0
methods.1.outcome.report.source_map.segments.0.origin.primary.cp = null
methods.1.outcome.report.source_map.segments.0.origin.primary.method.descriptor = [40,41,73]
methods.1.outcome.report.source_map.segments.0.origin.primary.method.name = [115,105,122,101]
methods.1.outcome.report.source_map.segments.0.origin.primary.method.owner.class_bytes.digest = "c2eff7aad9e87554c9f5d28ebc9b2209c8c9d1c0db8450e1f35f38c49e984eea"
methods.1.outcome.report.source_map.segments.0.origin.primary.method.owner.class_bytes.length = 1205
methods.1.outcome.report.source_map.segments.0.origin.primary.method.owner.location.entry.ordinal = 2
methods.1.outcome.report.source_map.segments.0.origin.primary.method.owner.location.entry.origin.root_container = "root"
methods.1.outcome.report.source_map.segments.0.origin.primary.method.owner.location.entry.origin.snapshot = "fd8bed4de997d7a25e740f9c84b7e1f3db1bfc4d78cbecf964889a4972e8de56"
methods.1.outcome.report.source_map.segments.0.origin.primary.method.owner.location.entry.origin.steps = []
methods.1.outcome.report.source_map.segments.0.origin.primary.method.owner.location.entry.raw_name = [68,66,46,99,108,97,115,115]
methods.1.outcome.report.source_map.segments.0.origin.primary.method.owner.location.kind = "archive_entry"
methods.1.outcome.report.source_map.segments.0.origin.primary.method.owner.variant.kind = "base"
methods.1.outcome.report.source_map.segments.0.origin.primary.provenance = "Direct"
methods.1.outcome.report.source_map.segments.0.start = 160
methods.1.outcome.report.source_map.segments.1.end = 166
methods.1.outcome.report.source_map.segments.1.origin.derived = []
methods.1.outcome.report.source_map.segments.1.origin.primary.bci = 0
methods.1.outcome.report.source_map.segments.1.origin.primary.cp = null
methods.1.outcome.report.source_map.segments.1.origin.primary.method.descriptor = [40,41,73]
methods.1.outcome.report.source_map.segments.1.origin.primary.method.name = [115,105,122,101]
methods.1.outcome.report.source_map.segments.1.origin.primary.method.owner.class_bytes.digest = "c2eff7aad9e87554c9f5d28ebc9b2209c8c9d1c0db8450e1f35f38c49e984eea"
methods.1.outcome.report.source_map.segments.1.origin.primary.method.owner.class_bytes.length = 1205
methods.1.outcome.report.source_map.segments.1.origin.primary.method.owner.location.entry.ordinal = 2
methods.1.outcome.report.source_map.segments.1.origin.primary.method.owner.location.entry.origin.root_container = "root"
methods.1.outcome.report.source_map.segments.1.origin.primary.method.owner.location.entry.origin.snapshot = "fd8bed4de997d7a25e740f9c84b7e1f3db1bfc4d78cbecf964889a4972e8de56"
methods.1.outcome.report.source_map.segments.1.origin.primary.method.owner.location.entry.origin.steps = []
methods.1.outcome.report.source_map.segments.1.origin.primary.method.owner.location.entry.raw_name = [68,66,46,99,108,97,115,115]
methods.1.outcome.report.source_map.segments.1.origin.primary.method.owner.location.kind = "archive_entry"
methods.1.outcome.report.source_map.segments.1.origin.primary.method.owner.variant.kind = "base"
methods.1.outcome.report.source_map.segments.1.origin.primary.provenance = "Direct"
methods.1.outcome.report.source_map.segments.1.start = 160
methods.1.outcome.report.source_map.segments.2.end = 173
methods.1.outcome.report.source_map.segments.2.origin.derived = []
methods.1.outcome.report.source_map.segments.2.origin.primary.bci = 3
methods.1.outcome.report.source_map.segments.2.origin.primary.cp = null
methods.1.outcome.report.source_map.segments.2.origin.primary.method.descriptor = [40,41,73]
methods.1.outcome.report.source_map.segments.2.origin.primary.method.name = [115,105,122,101]
methods.1.outcome.report.source_map.segments.2.origin.primary.method.owner.class_bytes.digest = "c2eff7aad9e87554c9f5d28ebc9b2209c8c9d1c0db8450e1f35f38c49e984eea"
methods.1.outcome.report.source_map.segments.2.origin.primary.method.owner.class_bytes.length = 1205
methods.1.outcome.report.source_map.segments.2.origin.primary.method.owner.location.entry.ordinal = 2
methods.1.outcome.report.source_map.segments.2.origin.primary.method.owner.location.entry.origin.root_container = "root"
methods.1.outcome.report.source_map.segments.2.origin.primary.method.owner.location.entry.origin.snapshot = "fd8bed4de997d7a25e740f9c84b7e1f3db1bfc4d78cbecf964889a4972e8de56"
methods.1.outcome.report.source_map.segments.2.origin.primary.method.owner.location.entry.origin.steps = []
methods.1.outcome.report.source_map.segments.2.origin.primary.method.owner.location.entry.raw_name = [68,66,46,99,108,97,115,115]
methods.1.outcome.report.source_map.segments.2.origin.primary.method.owner.location.kind = "archive_entry"
methods.1.outcome.report.source_map.segments.2.origin.primary.method.owner.variant.kind = "base"
methods.1.outcome.report.source_map.segments.2.origin.primary.provenance = "Direct"
methods.1.outcome.report.source_map.segments.2.start = 160
methods.1.outcome.report.source_map.segments.3.end = 175
methods.1.outcome.report.source_map.segments.3.origin.derived = []
methods.1.outcome.report.source_map.segments.3.origin.primary.bci = 8
methods.1.outcome.report.source_map.segments.3.origin.primary.cp = null
methods.1.outcome.report.source_map.segments.3.origin.primary.method.descriptor = [40,41,73]
methods.1.outcome.report.source_map.segments.3.origin.primary.method.name = [115,105,122,101]
methods.1.outcome.report.source_map.segments.3.origin.primary.method.owner.class_bytes.digest = "c2eff7aad9e87554c9f5d28ebc9b2209c8c9d1c0db8450e1f35f38c49e984eea"
methods.1.outcome.report.source_map.segments.3.origin.primary.method.owner.class_bytes.length = 1205
methods.1.outcome.report.source_map.segments.3.origin.primary.method.owner.location.entry.ordinal = 2
methods.1.outcome.report.source_map.segments.3.origin.primary.method.owner.location.entry.origin.root_container = "root"
methods.1.outcome.report.source_map.segments.3.origin.primary.method.owner.location.entry.origin.snapshot = "fd8bed4de997d7a25e740f9c84b7e1f3db1bfc4d78cbecf964889a4972e8de56"
methods.1.outcome.report.source_map.segments.3.origin.primary.method.owner.location.entry.origin.steps = []
methods.1.outcome.report.source_map.segments.3.origin.primary.method.owner.location.entry.raw_name = [68,66,46,99,108,97,115,115]
methods.1.outcome.report.source_map.segments.3.origin.primary.method.owner.location.kind = "archive_entry"
methods.1.outcome.report.source_map.segments.3.origin.primary.method.owner.variant.kind = "base"
methods.1.outcome.report.source_map.segments.3.origin.primary.provenance = "Direct"
methods.1.outcome.report.source_map.segments.3.start = 149
methods.1.outcome.report.syntax_status = "unchecked"
methods.1.outcome.report.text = "// @method size()I\n// @declaration a static method of `DB`, member flags 0x0008\n// recovered from bytecode; presentation is not claimed to compile\n{\n    return DB.dbl.size();\n}\n"
methods.1.outcome.report.verification = "not_performed"
methods.1.parameter_annotations.attributes = []
methods.1.parameter_annotations.refusals = []
methods.1.parameter_annotations.uses_by_position = []
methods.1.text = "    static int size() {\n        // @method size()I\n        // @declaration a static method of `DB`, member flags 0x0008\n        // recovered from bytecode; presentation is not claimed to compile\n        return DB.dbl.size();\n    }\n"
methods.1.type_annotations.attributes = []
methods.1.type_annotations.field_uses = []
methods.1.type_annotations.parameter_uses = []
methods.1.type_annotations.refusals = []
methods.1.type_annotations.return_uses = []
methods.2.annotations.attributes = []
methods.2.annotations.refusals = []
methods.2.annotations.uses = []
methods.2.declaration = "static java.util.List withCapture(java.lang.String arg0)"
methods.2.item.access_flags = 8
methods.2.item.body.content_span.length = 33
methods.2.item.body.content_span.start = 993
methods.2.item.body.kind = "code_attribute"
methods.2.item.descriptor.escaped = "(Ljava/lang/String;)Ljava/util/List;"
methods.2.item.descriptor.raw = [40,76,106,97,118,97,47,108,97,110,103,47,83,116,114,105,110,103,59,41,76,106,97,118,97,47,117,116,105,108,47,76,105,115,116,59]
methods.2.item.descriptor.utf16 = [40,76,106,97,118,97,47,108,97,110,103,47,83,116,114,105,110,103,59,41,76,106,97,118,97,47,117,116,105,108,47,76,105,115,116,59]
methods.2.item.identity.descriptor = [40,76,106,97,118,97,47,108,97,110,103,47,83,116,114,105,110,103,59,41,76,106,97,118,97,47,117,116,105,108,47,76,105,115,116,59]
methods.2.item.identity.name = [119,105,116,104,67,97,112,116,117,114,101]
methods.2.item.identity.owner.class_bytes.digest = "c2eff7aad9e87554c9f5d28ebc9b2209c8c9d1c0db8450e1f35f38c49e984eea"
methods.2.item.identity.owner.class_bytes.length = 1205
methods.2.item.identity.owner.location.entry.ordinal = 2
methods.2.item.identity.owner.location.entry.origin.root_container = "root"
methods.2.item.identity.owner.location.entry.origin.snapshot = "fd8bed4de997d7a25e740f9c84b7e1f3db1bfc4d78cbecf964889a4972e8de56"
methods.2.item.identity.owner.location.entry.origin.steps = []
methods.2.item.identity.owner.location.entry.raw_name = [68,66,46,99,108,97,115,115]
methods.2.item.identity.owner.location.kind = "archive_entry"
methods.2.item.identity.owner.variant.kind = "base"
methods.2.item.index = 2
methods.2.item.name.escaped = "withCapture"
methods.2.item.name.raw = [119,105,116,104,67,97,112,116,117,114,101]
methods.2.item.name.utf16 = [119,105,116,104,67,97,112,116,117,114,101]
methods.2.markers = ["// jarde: generic Signature projection refused for `withCapture(Ljava/lang/String;)Ljava/util/List;`: unsupported (ordinary_generic_source_unproved): same-run Program/SSA cannot prove the body under parameterized types"]
methods.2.no_body_kind = null
methods.2.outcome.analysis.diagnostics = 0
methods.2.outcome.analysis.execution.status = "complete"
methods.2.outcome.analysis.execution.usage.analysis_steps = 220
methods.2.outcome.analysis.execution.usage.archive_entries = 13
methods.2.outcome.analysis.execution.usage.attribute_bytes = 781
methods.2.outcome.analysis.execution.usage.class_bytes = 2410
methods.2.outcome.analysis.execution.usage.class_headers = 1
methods.2.outcome.analysis.execution.usage.code_bytes = 23
methods.2.outcome.analysis.execution.usage.dependency_depth = 0
methods.2.outcome.analysis.execution.usage.elapsed_millis = 2
methods.2.outcome.analysis.execution.usage.entry_bytes = 1205
methods.2.outcome.analysis.execution.usage.input_bytes = 1918
methods.2.outcome.analysis.execution.usage.ir_edges = 9
methods.2.outcome.analysis.execution.usage.ir_items = 231
methods.2.outcome.analysis.execution.usage.method_bodies = 3
methods.2.outcome.analysis.execution.usage.nested_depth = 0
methods.2.outcome.analysis.execution.usage.normalization_clones = 0
methods.2.outcome.analysis.execution.usage.output_bytes = 353
methods.2.outcome.analysis.execution.usage.read_bytes = 632
methods.2.outcome.analysis.execution.usage.result_items = 29
methods.2.outcome.kind = "recovered"
methods.2.outcome.report.accessors = []
methods.2.outcome.report.aliased_names = []
methods.2.outcome.report.artifact.agreement.state = "not_stated"
methods.2.outcome.report.artifact.binding.engine = "0.1.0"
methods.2.outcome.report.artifact.binding.environment.content = ["fd8bed4de997d7a25e740f9c84b7e1f3db1bfc4d78cbecf964889a4972e8de56"]
methods.2.outcome.report.artifact.binding.environment.domain_loaders = ["app"]
methods.2.outcome.report.artifact.binding.environment.providers = []
methods.2.outcome.report.artifact.binding.environment.runtime.load_domain.delegation.kind = "parent_first"
methods.2.outcome.report.artifact.binding.environment.runtime.load_domain.external_override = "none"
methods.2.outcome.report.artifact.binding.environment.runtime.load_domain.loader = "app"
methods.2.outcome.report.artifact.binding.environment.runtime.load_domain.module_mode.kind = "class_path"
methods.2.outcome.report.artifact.binding.environment.runtime.load_domain.parent_loader = null
methods.2.outcome.report.artifact.binding.environment.runtime.load_domain.roots.0.kind = "container"
methods.2.outcome.report.artifact.binding.environment.runtime.load_domain.roots.0.origin.root_container = "root"
methods.2.outcome.report.artifact.binding.environment.runtime.load_domain.roots.0.origin.snapshot = "fd8bed4de997d7a25e740f9c84b7e1f3db1bfc4d78cbecf964889a4972e8de56"
methods.2.outcome.report.artifact.binding.environment.runtime.load_domain.roots.0.origin.steps = []
methods.2.outcome.report.artifact.binding.environment.runtime.load_domain.roots.0.prefix = []
methods.2.outcome.report.artifact.binding.environment.runtime.load_domain.runtime_transformation = "none"
methods.2.outcome.report.artifact.binding.environment.runtime.physical.scope.kind = "snapshot_all"
methods.2.outcome.report.artifact.binding.environment.runtime.physical.snapshot = "fd8bed4de997d7a25e740f9c84b7e1f3db1bfc4d78cbecf964889a4972e8de56"
methods.2.outcome.report.artifact.binding.environment.runtime.profile.java_release = 8
methods.2.outcome.report.artifact.binding.environment.runtime.profile.layout.kind = "generic"
methods.2.outcome.report.artifact.binding.environment.runtime.profile.multi_release.kind = "disabled"
methods.2.outcome.report.artifact.binding.member_ordinal = 2
methods.2.outcome.report.artifact.binding.method.descriptor = [40,76,106,97,118,97,47,108,97,110,103,47,83,116,114,105,110,103,59,41,76,106,97,118,97,47,117,116,105,108,47,76,105,115,116,59]
methods.2.outcome.report.artifact.binding.method.name = [119,105,116,104,67,97,112,116,117,114,101]
methods.2.outcome.report.artifact.binding.method.owner.class_bytes.digest = "c2eff7aad9e87554c9f5d28ebc9b2209c8c9d1c0db8450e1f35f38c49e984eea"
methods.2.outcome.report.artifact.binding.method.owner.class_bytes.length = 1205
methods.2.outcome.report.artifact.binding.method.owner.location.entry.ordinal = 2
methods.2.outcome.report.artifact.binding.method.owner.location.entry.origin.root_container = "root"
methods.2.outcome.report.artifact.binding.method.owner.location.entry.origin.snapshot = "fd8bed4de997d7a25e740f9c84b7e1f3db1bfc4d78cbecf964889a4972e8de56"
methods.2.outcome.report.artifact.binding.method.owner.location.entry.origin.steps = []
methods.2.outcome.report.artifact.binding.method.owner.location.entry.raw_name = [68,66,46,99,108,97,115,115]
methods.2.outcome.report.artifact.binding.method.owner.location.kind = "archive_entry"
methods.2.outcome.report.artifact.binding.method.owner.variant.kind = "base"
methods.2.outcome.report.artifact.binding.profile.java_release = 8
methods.2.outcome.report.artifact.binding.profile.layout.kind = "generic"
methods.2.outcome.report.artifact.binding.profile.multi_release.kind = "disabled"
methods.2.outcome.report.artifact.binding.registry = 71
methods.2.outcome.report.artifact.binding.rules = ["straight@1","if@1","loop@1","switch@1","lambda@1","concat@1","bridge@1","accessor@1","new@1","field@1","enumswitch@1","init@1","declaration@1","twr@1","monitor@1","finally@1"]
methods.2.outcome.report.artifact.binding.schema = 1
methods.2.outcome.report.artifact.binding.text_bytes = 218
methods.2.outcome.report.artifact.binding.text_digest = "8abd7dd857325e8a9b8ecfe434fde8d1"
methods.2.outcome.report.bridges = []
methods.2.outcome.report.compile_status = "not_attempted"
methods.2.outcome.report.concats = []
methods.2.outcome.report.content = "contains_statements"
methods.2.outcome.report.declaration = null
methods.2.outcome.report.diagnostics.0.code = "jre_recovery_produced"
methods.2.outcome.report.diagnostics.0.message = "1 region(s), 1 statement(s), 3 segment(s), 218 byte(s) written from 1 canonical block(s)"
methods.2.outcome.report.diagnostics.0.provenance = null
methods.2.outcome.report.diagnostics.0.severity = "info"
methods.2.outcome.report.diagnostics.1.code = "jre_new_sites"
methods.2.outcome.report.diagnostics.1.message = "1 construction candidate(s) read under new@1: 1 presented as `new`, 0 refused"
methods.2.outcome.report.diagnostics.1.provenance = null
methods.2.outcome.report.diagnostics.1.severity = "info"
methods.2.outcome.report.diagnostics.2.code = "jre_declaration"
methods.2.outcome.report.diagnostics.2.message = "the artifact's envelope states the member's declaration under declaration@1: a static method"
methods.2.outcome.report.diagnostics.2.provenance = null
methods.2.outcome.report.diagnostics.2.severity = "info"
methods.2.outcome.report.enum_switches = []
methods.2.outcome.report.evidence.categories.0.kind = "source_map"
methods.2.outcome.report.evidence.categories.0.state.state = "complete"
methods.2.outcome.report.evidence.categories.1.kind = "region_details"
methods.2.outcome.report.evidence.categories.1.state.state = "not_requested"
methods.2.outcome.report.evidence.categories.2.kind = "rule_details"
methods.2.outcome.report.evidence.categories.2.state.state = "not_requested"
methods.2.outcome.report.evidence.categories.3.kind = "name_details"
methods.2.outcome.report.evidence.categories.3.state.state = "not_requested"
methods.2.outcome.report.evidence.categories.4.kind = "read_details"
methods.2.outcome.report.evidence.categories.4.state.state = "not_requested"
methods.2.outcome.report.evidence.requested.driver_bci_range = null
methods.2.outcome.report.evidence.requested.expected_artifact = null
methods.2.outcome.report.evidence.requested.kinds = ["source_map"]
methods.2.outcome.report.execution.status = "complete"
methods.2.outcome.report.execution.usage.analysis_steps = 276
methods.2.outcome.report.execution.usage.archive_entries = 23
methods.2.outcome.report.execution.usage.attribute_bytes = 963
methods.2.outcome.report.execution.usage.class_bytes = 3404
methods.2.outcome.report.execution.usage.class_headers = 2
methods.2.outcome.report.execution.usage.code_bytes = 23
methods.2.outcome.report.execution.usage.dependency_depth = 0
methods.2.outcome.report.execution.usage.elapsed_millis = 2
methods.2.outcome.report.execution.usage.entry_bytes = 2199
methods.2.outcome.report.execution.usage.input_bytes = 1918
methods.2.outcome.report.execution.usage.ir_edges = 9
methods.2.outcome.report.execution.usage.ir_items = 284
methods.2.outcome.report.execution.usage.method_bodies = 3
methods.2.outcome.report.execution.usage.nested_depth = 0
methods.2.outcome.report.execution.usage.normalization_clones = 0
methods.2.outcome.report.execution.usage.output_bytes = 571
methods.2.outcome.report.execution.usage.read_bytes = 1310
methods.2.outcome.report.execution.usage.result_items = 36
methods.2.outcome.report.fallbacks = []
methods.2.outcome.report.fields = []
methods.2.outcome.report.init = null
methods.2.outcome.report.lambdas = []
methods.2.outcome.report.method = "withCapture(Ljava/lang/String;)Ljava/util/List;"
methods.2.outcome.report.news = []
methods.2.outcome.report.outcome = "produced"
methods.2.outcome.report.profile.java_release = 8
methods.2.outcome.report.profile.layout.kind = "generic"
methods.2.outcome.report.profile.multi_release.kind = "disabled"
methods.2.outcome.report.quality = "structured"
methods.2.outcome.report.regions = []
methods.2.outcome.report.representation = "java"
methods.2.outcome.report.rules = []
methods.2.outcome.report.semantic_validation = "unproven"
methods.2.outcome.report.source_map.segments.0.end = 213
methods.2.outcome.report.source_map.segments.0.origin.derived = []
methods.2.outcome.report.source_map.segments.0.origin.primary.bci = 4
methods.2.outcome.report.source_map.segments.0.origin.primary.cp = null
methods.2.outcome.report.source_map.segments.0.origin.primary.method.descriptor = [40,76,106,97,118,97,47,108,97,110,103,47,83,116,114,105,110,103,59,41,76,106,97,118,97,47,117,116,105,108,47,76,105,115,116,59]
methods.2.outcome.report.source_map.segments.0.origin.primary.method.name = [119,105,116,104,67,97,112,116,117,114,101]
methods.2.outcome.report.source_map.segments.0.origin.primary.method.owner.class_bytes.digest = "c2eff7aad9e87554c9f5d28ebc9b2209c8c9d1c0db8450e1f35f38c49e984eea"
methods.2.outcome.report.source_map.segments.0.origin.primary.method.owner.class_bytes.length = 1205
methods.2.outcome.report.source_map.segments.0.origin.primary.method.owner.location.entry.ordinal = 2
methods.2.outcome.report.source_map.segments.0.origin.primary.method.owner.location.entry.origin.root_container = "root"
methods.2.outcome.report.source_map.segments.0.origin.primary.method.owner.location.entry.origin.snapshot = "fd8bed4de997d7a25e740f9c84b7e1f3db1bfc4d78cbecf964889a4972e8de56"
methods.2.outcome.report.source_map.segments.0.origin.primary.method.owner.location.entry.origin.steps = []
methods.2.outcome.report.source_map.segments.0.origin.primary.method.owner.location.entry.raw_name = [68,66,46,99,108,97,115,115]
methods.2.outcome.report.source_map.segments.0.origin.primary.method.owner.location.kind = "archive_entry"
methods.2.outcome.report.source_map.segments.0.origin.primary.method.owner.variant.kind = "base"
methods.2.outcome.report.source_map.segments.0.origin.primary.provenance = "Direct"
methods.2.outcome.report.source_map.segments.0.start = 209
methods.2.outcome.report.source_map.segments.1.end = 214
methods.2.outcome.report.source_map.segments.1.origin.derived.0.bci = 0
methods.2.outcome.report.source_map.segments.1.origin.derived.0.cp = null
methods.2.outcome.report.source_map.segments.1.origin.derived.0.method.descriptor = [40,76,106,97,118,97,47,108,97,110,103,47,83,116,114,105,110,103,59,41,76,106,97,118,97,47,117,116,105,108,47,76,105,115,116,59]
methods.2.outcome.report.source_map.segments.1.origin.derived.0.method.name = [119,105,116,104,67,97,112,116,117,114,101]
methods.2.outcome.report.source_map.segments.1.origin.derived.0.method.owner.class_bytes.digest = "c2eff7aad9e87554c9f5d28ebc9b2209c8c9d1c0db8450e1f35f38c49e984eea"
methods.2.outcome.report.source_map.segments.1.origin.derived.0.method.owner.class_bytes.length = 1205
methods.2.outcome.report.source_map.segments.1.origin.derived.0.method.owner.location.entry.ordinal = 2
methods.2.outcome.report.source_map.segments.1.origin.derived.0.method.owner.location.entry.origin.root_container = "root"
methods.2.outcome.report.source_map.segments.1.origin.derived.0.method.owner.location.entry.origin.snapshot = "fd8bed4de997d7a25e740f9c84b7e1f3db1bfc4d78cbecf964889a4972e8de56"
methods.2.outcome.report.source_map.segments.1.origin.derived.0.method.owner.location.entry.origin.steps = []
methods.2.outcome.report.source_map.segments.1.origin.derived.0.method.owner.location.entry.raw_name = [68,66,46,99,108,97,115,115]
methods.2.outcome.report.source_map.segments.1.origin.derived.0.method.owner.location.kind = "archive_entry"
methods.2.outcome.report.source_map.segments.1.origin.derived.0.method.owner.variant.kind = "base"
methods.2.outcome.report.source_map.segments.1.origin.derived.0.provenance = "Derived"
methods.2.outcome.report.source_map.segments.1.origin.derived.1.bci = 3
methods.2.outcome.report.source_map.segments.1.origin.derived.1.cp = null
methods.2.outcome.report.source_map.segments.1.origin.derived.1.method.descriptor = [40,76,106,97,118,97,47,108,97,110,103,47,83,116,114,105,110,103,59,41,76,106,97,118,97,47,117,116,105,108,47,76,105,115,116,59]
methods.2.outcome.report.source_map.segments.1.origin.derived.1.method.name = [119,105,116,104,67,97,112,116,117,114,101]
methods.2.outcome.report.source_map.segments.1.origin.derived.1.method.owner.class_bytes.digest = "c2eff7aad9e87554c9f5d28ebc9b2209c8c9d1c0db8450e1f35f38c49e984eea"
methods.2.outcome.report.source_map.segments.1.origin.derived.1.method.owner.class_bytes.length = 1205
methods.2.outcome.report.source_map.segments.1.origin.derived.1.method.owner.location.entry.ordinal = 2
methods.2.outcome.report.source_map.segments.1.origin.derived.1.method.owner.location.entry.origin.root_container = "root"
methods.2.outcome.report.source_map.segments.1.origin.derived.1.method.owner.location.entry.origin.snapshot = "fd8bed4de997d7a25e740f9c84b7e1f3db1bfc4d78cbecf964889a4972e8de56"
methods.2.outcome.report.source_map.segments.1.origin.derived.1.method.owner.location.entry.origin.steps = []
methods.2.outcome.report.source_map.segments.1.origin.derived.1.method.owner.location.entry.raw_name = [68,66,46,99,108,97,115,115]
methods.2.outcome.report.source_map.segments.1.origin.derived.1.method.owner.location.kind = "archive_entry"
methods.2.outcome.report.source_map.segments.1.origin.derived.1.method.owner.variant.kind = "base"
methods.2.outcome.report.source_map.segments.1.origin.derived.1.provenance = "Derived"
methods.2.outcome.report.source_map.segments.1.origin.primary.bci = 5
methods.2.outcome.report.source_map.segments.1.origin.primary.cp = null
methods.2.outcome.report.source_map.segments.1.origin.primary.method.descriptor = [40,76,106,97,118,97,47,108,97,110,103,47,83,116,114,105,110,103,59,41,76,106,97,118,97,47,117,116,105,108,47,76,105,115,116,59]
methods.2.outcome.report.source_map.segments.1.origin.primary.method.name = [119,105,116,104,67,97,112,116,117,114,101]
methods.2.outcome.report.source_map.segments.1.origin.primary.method.owner.class_bytes.digest = "c2eff7aad9e87554c9f5d28ebc9b2209c8c9d1c0db8450e1f35f38c49e984eea"
methods.2.outcome.report.source_map.segments.1.origin.primary.method.owner.class_bytes.length = 1205
methods.2.outcome.report.source_map.segments.1.origin.primary.method.owner.location.entry.ordinal = 2
methods.2.outcome.report.source_map.segments.1.origin.primary.method.owner.location.entry.origin.root_container = "root"
methods.2.outcome.report.source_map.segments.1.origin.primary.method.owner.location.entry.origin.snapshot = "fd8bed4de997d7a25e740f9c84b7e1f3db1bfc4d78cbecf964889a4972e8de56"
methods.2.outcome.report.source_map.segments.1.origin.primary.method.owner.location.entry.origin.steps = []
methods.2.outcome.report.source_map.segments.1.origin.primary.method.owner.location.entry.raw_name = [68,66,46,99,108,97,115,115]
methods.2.outcome.report.source_map.segments.1.origin.primary.method.owner.location.kind = "archive_entry"
methods.2.outcome.report.source_map.segments.1.origin.primary.method.owner.variant.kind = "base"
methods.2.outcome.report.source_map.segments.1.origin.primary.provenance = "Direct"
methods.2.outcome.report.source_map.segments.1.start = 200
methods.2.outcome.report.source_map.segments.2.end = 216
methods.2.outcome.report.source_map.segments.2.origin.derived = []
methods.2.outcome.report.source_map.segments.2.origin.primary.bci = 8
methods.2.outcome.report.source_map.segments.2.origin.primary.cp = null
methods.2.outcome.report.source_map.segments.2.origin.primary.method.descriptor = [40,76,106,97,118,97,47,108,97,110,103,47,83,116,114,105,110,103,59,41,76,106,97,118,97,47,117,116,105,108,47,76,105,115,116,59]
methods.2.outcome.report.source_map.segments.2.origin.primary.method.name = [119,105,116,104,67,97,112,116,117,114,101]
methods.2.outcome.report.source_map.segments.2.origin.primary.method.owner.class_bytes.digest = "c2eff7aad9e87554c9f5d28ebc9b2209c8c9d1c0db8450e1f35f38c49e984eea"
methods.2.outcome.report.source_map.segments.2.origin.primary.method.owner.class_bytes.length = 1205
methods.2.outcome.report.source_map.segments.2.origin.primary.method.owner.location.entry.ordinal = 2
methods.2.outcome.report.source_map.segments.2.origin.primary.method.owner.location.entry.origin.root_container = "root"
methods.2.outcome.report.source_map.segments.2.origin.primary.method.owner.location.entry.origin.snapshot = "fd8bed4de997d7a25e740f9c84b7e1f3db1bfc4d78cbecf964889a4972e8de56"
methods.2.outcome.report.source_map.segments.2.origin.primary.method.owner.location.entry.origin.steps = []
methods.2.outcome.report.source_map.segments.2.origin.primary.method.owner.location.entry.raw_name = [68,66,46,99,108,97,115,115]
methods.2.outcome.report.source_map.segments.2.origin.primary.method.owner.location.kind = "archive_entry"
methods.2.outcome.report.source_map.segments.2.origin.primary.method.owner.variant.kind = "base"
methods.2.outcome.report.source_map.segments.2.origin.primary.provenance = "Direct"
methods.2.outcome.report.source_map.segments.2.start = 189
methods.2.outcome.report.syntax_status = "unchecked"
methods.2.outcome.report.text = "// @method withCapture(Ljava/lang/String;)Ljava/util/List;\n// @declaration a static method of `DB`, member flags 0x0008\n// recovered from bytecode; presentation is not claimed to compile\n{\n    return new DB$2(arg0);\n}\n"
methods.2.outcome.report.verification = "not_performed"
methods.2.parameter_annotations.attributes = []
methods.2.parameter_annotations.refusals = []
methods.2.parameter_annotations.uses_by_position = [[]]
methods.2.text = "    // jarde: generic Signature projection refused for `withCapture(Ljava/lang/String;)Ljava/util/List;`: unsupported (ordinary_generic_source_unproved): same-run Program/SSA cannot prove the body under parameterized types\n    static java.util.List withCapture(java.lang.String arg0) {\n        return new java.util.ArrayList() {\n            {\n                this.add((java.lang.Object) arg0);\n            }\n        };\n    }\n"
methods.2.type_annotations.attributes = []
methods.2.type_annotations.field_uses = []
methods.2.type_annotations.parameter_uses = [[]]
methods.2.type_annotations.refusals = []
methods.2.type_annotations.return_uses = []
methods.3.annotations.attributes = []
methods.3.annotations.refusals = []
methods.3.annotations.uses = []
methods.3.declaration = "public static void main(java.lang.String[] arg0)"
methods.3.item.access_flags = 9
methods.3.item.body.content_span.length = 74
methods.3.item.body.content_span.start = 1048
methods.3.item.body.kind = "code_attribute"
methods.3.item.descriptor.escaped = "([Ljava/lang/String;)V"
methods.3.item.descriptor.raw = [40,91,76,106,97,118,97,47,108,97,110,103,47,83,116,114,105,110,103,59,41,86]
methods.3.item.descriptor.utf16 = [40,91,76,106,97,118,97,47,108,97,110,103,47,83,116,114,105,110,103,59,41,86]
methods.3.item.identity.descriptor = [40,91,76,106,97,118,97,47,108,97,110,103,47,83,116,114,105,110,103,59,41,86]
methods.3.item.identity.name = [109,97,105,110]
methods.3.item.identity.owner.class_bytes.digest = "c2eff7aad9e87554c9f5d28ebc9b2209c8c9d1c0db8450e1f35f38c49e984eea"
methods.3.item.identity.owner.class_bytes.length = 1205
methods.3.item.identity.owner.location.entry.ordinal = 2
methods.3.item.identity.owner.location.entry.origin.root_container = "root"
methods.3.item.identity.owner.location.entry.origin.snapshot = "fd8bed4de997d7a25e740f9c84b7e1f3db1bfc4d78cbecf964889a4972e8de56"
methods.3.item.identity.owner.location.entry.origin.steps = []
methods.3.item.identity.owner.location.entry.raw_name = [68,66,46,99,108,97,115,115]
methods.3.item.identity.owner.location.kind = "archive_entry"
methods.3.item.identity.owner.variant.kind = "base"
methods.3.item.index = 3
methods.3.item.name.escaped = "main"
methods.3.item.name.raw = [109,97,105,110]
methods.3.item.name.utf16 = [109,97,105,110]
methods.3.markers = []
methods.3.no_body_kind = null
methods.3.outcome.analysis.diagnostics = 0
methods.3.outcome.analysis.execution.status = "complete"
methods.3.outcome.analysis.execution.usage.analysis_steps = 470
methods.3.outcome.analysis.execution.usage.archive_entries = 23
methods.3.outcome.analysis.execution.usage.attribute_bytes = 1075
methods.3.outcome.analysis.execution.usage.class_bytes = 3404
methods.3.outcome.analysis.execution.usage.class_headers = 2
methods.3.outcome.analysis.execution.usage.code_bytes = 73
methods.3.outcome.analysis.execution.usage.dependency_depth = 0
methods.3.outcome.analysis.execution.usage.elapsed_millis = 3
methods.3.outcome.analysis.execution.usage.entry_bytes = 2199
methods.3.outcome.analysis.execution.usage.input_bytes = 1918
methods.3.outcome.analysis.execution.usage.ir_edges = 26
methods.3.outcome.analysis.execution.usage.ir_items = 551
methods.3.outcome.analysis.execution.usage.method_bodies = 4
methods.3.outcome.analysis.execution.usage.nested_depth = 0
methods.3.outcome.analysis.execution.usage.normalization_clones = 0
methods.3.outcome.analysis.execution.usage.output_bytes = 571
methods.3.outcome.analysis.execution.usage.read_bytes = 1310
methods.3.outcome.analysis.execution.usage.result_items = 37
methods.3.outcome.kind = "recovered"
methods.3.outcome.report.accessors = []
methods.3.outcome.report.aliased_names = []
methods.3.outcome.report.artifact.agreement.state = "not_stated"
methods.3.outcome.report.artifact.binding.engine = "0.1.0"
methods.3.outcome.report.artifact.binding.environment.content = ["fd8bed4de997d7a25e740f9c84b7e1f3db1bfc4d78cbecf964889a4972e8de56"]
methods.3.outcome.report.artifact.binding.environment.domain_loaders = ["app"]
methods.3.outcome.report.artifact.binding.environment.providers = []
methods.3.outcome.report.artifact.binding.environment.runtime.load_domain.delegation.kind = "parent_first"
methods.3.outcome.report.artifact.binding.environment.runtime.load_domain.external_override = "none"
methods.3.outcome.report.artifact.binding.environment.runtime.load_domain.loader = "app"
methods.3.outcome.report.artifact.binding.environment.runtime.load_domain.module_mode.kind = "class_path"
methods.3.outcome.report.artifact.binding.environment.runtime.load_domain.parent_loader = null
methods.3.outcome.report.artifact.binding.environment.runtime.load_domain.roots.0.kind = "container"
methods.3.outcome.report.artifact.binding.environment.runtime.load_domain.roots.0.origin.root_container = "root"
methods.3.outcome.report.artifact.binding.environment.runtime.load_domain.roots.0.origin.snapshot = "fd8bed4de997d7a25e740f9c84b7e1f3db1bfc4d78cbecf964889a4972e8de56"
methods.3.outcome.report.artifact.binding.environment.runtime.load_domain.roots.0.origin.steps = []
methods.3.outcome.report.artifact.binding.environment.runtime.load_domain.roots.0.prefix = []
methods.3.outcome.report.artifact.binding.environment.runtime.load_domain.runtime_transformation = "none"
methods.3.outcome.report.artifact.binding.environment.runtime.physical.scope.kind = "snapshot_all"
methods.3.outcome.report.artifact.binding.environment.runtime.physical.snapshot = "fd8bed4de997d7a25e740f9c84b7e1f3db1bfc4d78cbecf964889a4972e8de56"
methods.3.outcome.report.artifact.binding.environment.runtime.profile.java_release = 8
methods.3.outcome.report.artifact.binding.environment.runtime.profile.layout.kind = "generic"
methods.3.outcome.report.artifact.binding.environment.runtime.profile.multi_release.kind = "disabled"
methods.3.outcome.report.artifact.binding.member_ordinal = 3
methods.3.outcome.report.artifact.binding.method.descriptor = [40,91,76,106,97,118,97,47,108,97,110,103,47,83,116,114,105,110,103,59,41,86]
methods.3.outcome.report.artifact.binding.method.name = [109,97,105,110]
methods.3.outcome.report.artifact.binding.method.owner.class_bytes.digest = "c2eff7aad9e87554c9f5d28ebc9b2209c8c9d1c0db8450e1f35f38c49e984eea"
methods.3.outcome.report.artifact.binding.method.owner.class_bytes.length = 1205
methods.3.outcome.report.artifact.binding.method.owner.location.entry.ordinal = 2
methods.3.outcome.report.artifact.binding.method.owner.location.entry.origin.root_container = "root"
methods.3.outcome.report.artifact.binding.method.owner.location.entry.origin.snapshot = "fd8bed4de997d7a25e740f9c84b7e1f3db1bfc4d78cbecf964889a4972e8de56"
methods.3.outcome.report.artifact.binding.method.owner.location.entry.origin.steps = []
methods.3.outcome.report.artifact.binding.method.owner.location.entry.raw_name = [68,66,46,99,108,97,115,115]
methods.3.outcome.report.artifact.binding.method.owner.location.kind = "archive_entry"
methods.3.outcome.report.artifact.binding.method.owner.variant.kind = "base"
methods.3.outcome.report.artifact.binding.profile.java_release = 8
methods.3.outcome.report.artifact.binding.profile.layout.kind = "generic"
methods.3.outcome.report.artifact.binding.profile.multi_release.kind = "disabled"
methods.3.outcome.report.artifact.binding.registry = 71
methods.3.outcome.report.artifact.binding.rules = ["straight@1","if@1","loop@1","switch@1","lambda@1","concat@1","bridge@1","accessor@1","new@1","field@1","enumswitch@1","init@1","declaration@1","twr@1","monitor@1","finally@1"]
methods.3.outcome.report.artifact.binding.schema = 1
methods.3.outcome.report.artifact.binding.text_bytes = 366
methods.3.outcome.report.artifact.binding.text_digest = "1c6a01a989fbe0b49e75c6704807445f"
methods.3.outcome.report.bridges = []
methods.3.outcome.report.compile_status = "not_attempted"
methods.3.outcome.report.concats = []
methods.3.outcome.report.content = "contains_statements"
methods.3.outcome.report.declaration = null
methods.3.outcome.report.diagnostics.0.code = "jre_recovery_produced"
methods.3.outcome.report.diagnostics.0.message = "1 region(s), 2 statement(s), 20 segment(s), 366 byte(s) written from 1 canonical block(s)"
methods.3.outcome.report.diagnostics.0.provenance = null
methods.3.outcome.report.diagnostics.0.severity = "info"
methods.3.outcome.report.diagnostics.1.code = "jre_concat_interleaved_effect"
methods.3.outcome.report.diagnostics.1.message = "the concatenation at BCI 3 was not presented: the instruction at BCI 37 is an CheckCast { ty: \"java/lang/String\" } between the chain's own instructions, and presenting the concatenation would write the `append` calls around it: the effect at BCI 37 would run in a different order or a different number of times"
methods.3.outcome.report.diagnostics.1.provenance = null
methods.3.outcome.report.diagnostics.1.severity = "warning"
methods.3.outcome.report.diagnostics.2.code = "jre_concat_chains"
methods.3.outcome.report.diagnostics.2.message = "1 concatenation candidate(s) read under concat@1: 0 presented, 1 refused"
methods.3.outcome.report.diagnostics.2.provenance = null
methods.3.outcome.report.diagnostics.2.severity = "info"
methods.3.outcome.report.diagnostics.3.code = "jre_new_sites"
methods.3.outcome.report.diagnostics.3.message = "1 construction candidate(s) read under new@1: 1 presented as `new`, 0 refused"
methods.3.outcome.report.diagnostics.3.provenance = null
methods.3.outcome.report.diagnostics.3.severity = "info"
methods.3.outcome.report.diagnostics.4.code = "jre_field_accesses"
methods.3.outcome.report.diagnostics.4.message = "1 field instruction(s) read under field@1: 1 presented, 0 refused"
methods.3.outcome.report.diagnostics.4.provenance = null
methods.3.outcome.report.diagnostics.4.severity = "info"
methods.3.outcome.report.diagnostics.5.code = "jre_declaration"
methods.3.outcome.report.diagnostics.5.message = "the artifact's envelope states the member's declaration under declaration@1: a static method"
methods.3.outcome.report.diagnostics.5.provenance = null
methods.3.outcome.report.diagnostics.5.severity = "info"
methods.3.outcome.report.enum_switches = []
methods.3.outcome.report.evidence.categories.0.kind = "source_map"
methods.3.outcome.report.evidence.categories.0.state.state = "complete"
methods.3.outcome.report.evidence.categories.1.kind = "region_details"
methods.3.outcome.report.evidence.categories.1.state.state = "not_requested"
methods.3.outcome.report.evidence.categories.2.kind = "rule_details"
methods.3.outcome.report.evidence.categories.2.state.state = "not_requested"
methods.3.outcome.report.evidence.categories.3.kind = "name_details"
methods.3.outcome.report.evidence.categories.3.state.state = "not_requested"
methods.3.outcome.report.evidence.categories.4.kind = "read_details"
methods.3.outcome.report.evidence.categories.4.state.state = "not_requested"
methods.3.outcome.report.evidence.requested.driver_bci_range = null
methods.3.outcome.report.evidence.requested.expected_artifact = null
methods.3.outcome.report.evidence.requested.kinds = ["source_map"]
methods.3.outcome.report.execution.status = "complete"
methods.3.outcome.report.execution.usage.analysis_steps = 712
methods.3.outcome.report.execution.usage.archive_entries = 23
methods.3.outcome.report.execution.usage.attribute_bytes = 1075
methods.3.outcome.report.execution.usage.class_bytes = 3404
methods.3.outcome.report.execution.usage.class_headers = 2
methods.3.outcome.report.execution.usage.code_bytes = 73
methods.3.outcome.report.execution.usage.dependency_depth = 0
methods.3.outcome.report.execution.usage.elapsed_millis = 4
methods.3.outcome.report.execution.usage.entry_bytes = 2199
methods.3.outcome.report.execution.usage.input_bytes = 1918
methods.3.outcome.report.execution.usage.ir_edges = 26
methods.3.outcome.report.execution.usage.ir_items = 1083
methods.3.outcome.report.execution.usage.method_bodies = 4
methods.3.outcome.report.execution.usage.nested_depth = 0
methods.3.outcome.report.execution.usage.normalization_clones = 0
methods.3.outcome.report.execution.usage.output_bytes = 937
methods.3.outcome.report.execution.usage.read_bytes = 1310
methods.3.outcome.report.execution.usage.result_items = 37
methods.3.outcome.report.fallbacks = []
methods.3.outcome.report.fields = []
methods.3.outcome.report.init = null
methods.3.outcome.report.lambdas = []
methods.3.outcome.report.method = "main([Ljava/lang/String;)V"
methods.3.outcome.report.news = []
methods.3.outcome.report.outcome = "produced"
methods.3.outcome.report.profile.java_release = 8
methods.3.outcome.report.profile.layout.kind = "generic"
methods.3.outcome.report.profile.multi_release.kind = "disabled"
methods.3.outcome.report.quality = "structured"
methods.3.outcome.report.regions = []
methods.3.outcome.report.representation = "java"
methods.3.outcome.report.rules = []
methods.3.outcome.report.semantic_validation = "unproven"
methods.3.outcome.report.source_map.segments.0.end = 188
methods.3.outcome.report.source_map.segments.0.origin.derived = []
methods.3.outcome.report.source_map.segments.0.origin.primary.bci = 0
methods.3.outcome.report.source_map.segments.0.origin.primary.cp = null
methods.3.outcome.report.source_map.segments.0.origin.primary.method.descriptor = [40,91,76,106,97,118,97,47,108,97,110,103,47,83,116,114,105,110,103,59,41,86]
methods.3.outcome.report.source_map.segments.0.origin.primary.method.name = [109,97,105,110]
methods.3.outcome.report.source_map.segments.0.origin.primary.method.owner.class_bytes.digest = "c2eff7aad9e87554c9f5d28ebc9b2209c8c9d1c0db8450e1f35f38c49e984eea"
methods.3.outcome.report.source_map.segments.0.origin.primary.method.owner.class_bytes.length = 1205
methods.3.outcome.report.source_map.segments.0.origin.primary.method.owner.location.entry.ordinal = 2
methods.3.outcome.report.source_map.segments.0.origin.primary.method.owner.location.entry.origin.root_container = "root"
methods.3.outcome.report.source_map.segments.0.origin.primary.method.owner.location.entry.origin.snapshot = "fd8bed4de997d7a25e740f9c84b7e1f3db1bfc4d78cbecf964889a4972e8de56"
methods.3.outcome.report.source_map.segments.0.origin.primary.method.owner.location.entry.origin.steps = []
methods.3.outcome.report.source_map.segments.0.origin.primary.method.owner.location.entry.raw_name = [68,66,46,99,108,97,115,115]
methods.3.outcome.report.source_map.segments.0.origin.primary.method.owner.location.kind = "archive_entry"
methods.3.outcome.report.source_map.segments.0.origin.primary.method.owner.variant.kind = "base"
methods.3.outcome.report.source_map.segments.0.origin.primary.provenance = "Direct"
methods.3.outcome.report.source_map.segments.0.start = 172
methods.3.outcome.report.source_map.segments.1.end = 192
methods.3.outcome.report.source_map.segments.1.origin.derived = []
methods.3.outcome.report.source_map.segments.1.origin.primary.bci = 0
methods.3.outcome.report.source_map.segments.1.origin.primary.cp = null
methods.3.outcome.report.source_map.segments.1.origin.primary.method.descriptor = [40,91,76,106,97,118,97,47,108,97,110,103,47,83,116,114,105,110,103,59,41,86]
methods.3.outcome.report.source_map.segments.1.origin.primary.method.name = [109,97,105,110]
methods.3.outcome.report.source_map.segments.1.origin.primary.method.owner.class_bytes.digest = "c2eff7aad9e87554c9f5d28ebc9b2209c8c9d1c0db8450e1f35f38c49e984eea"
methods.3.outcome.report.source_map.segments.1.origin.primary.method.owner.class_bytes.length = 1205
methods.3.outcome.report.source_map.segments.1.origin.primary.method.owner.location.entry.ordinal = 2
methods.3.outcome.report.source_map.segments.1.origin.primary.method.owner.location.entry.origin.root_container = "root"
methods.3.outcome.report.source_map.segments.1.origin.primary.method.owner.location.entry.origin.snapshot = "fd8bed4de997d7a25e740f9c84b7e1f3db1bfc4d78cbecf964889a4972e8de56"
methods.3.outcome.report.source_map.segments.1.origin.primary.method.owner.location.entry.origin.steps = []
methods.3.outcome.report.source_map.segments.1.origin.primary.method.owner.location.entry.raw_name = [68,66,46,99,108,97,115,115]
methods.3.outcome.report.source_map.segments.1.origin.primary.method.owner.location.kind = "archive_entry"
methods.3.outcome.report.source_map.segments.1.origin.primary.method.owner.variant.kind = "base"
methods.3.outcome.report.source_map.segments.1.origin.primary.provenance = "Direct"
methods.3.outcome.report.source_map.segments.1.start = 172
methods.3.outcome.report.source_map.segments.2.end = 249
methods.3.outcome.report.source_map.segments.2.origin.derived.0.bci = 3
methods.3.outcome.report.source_map.segments.2.origin.derived.0.cp = null
methods.3.outcome.report.source_map.segments.2.origin.derived.0.method.descriptor = [40,91,76,106,97,118,97,47,108,97,110,103,47,83,116,114,105,110,103,59,41,86]
methods.3.outcome.report.source_map.segments.2.origin.derived.0.method.name = [109,97,105,110]
methods.3.outcome.report.source_map.segments.2.origin.derived.0.method.owner.class_bytes.digest = "c2eff7aad9e87554c9f5d28ebc9b2209c8c9d1c0db8450e1f35f38c49e984eea"
methods.3.outcome.report.source_map.segments.2.origin.derived.0.method.owner.class_bytes.length = 1205
methods.3.outcome.report.source_map.segments.2.origin.derived.0.method.owner.location.entry.ordinal = 2
methods.3.outcome.report.source_map.segments.2.origin.derived.0.method.owner.location.entry.origin.root_container = "root"
methods.3.outcome.report.source_map.segments.2.origin.derived.0.method.owner.location.entry.origin.snapshot = "fd8bed4de997d7a25e740f9c84b7e1f3db1bfc4d78cbecf964889a4972e8de56"
methods.3.outcome.report.source_map.segments.2.origin.derived.0.method.owner.location.entry.origin.steps = []
methods.3.outcome.report.source_map.segments.2.origin.derived.0.method.owner.location.entry.raw_name = [68,66,46,99,108,97,115,115]
methods.3.outcome.report.source_map.segments.2.origin.derived.0.method.owner.location.kind = "archive_entry"
methods.3.outcome.report.source_map.segments.2.origin.derived.0.method.owner.variant.kind = "base"
methods.3.outcome.report.source_map.segments.2.origin.derived.0.provenance = "Derived"
methods.3.outcome.report.source_map.segments.2.origin.derived.1.bci = 6
methods.3.outcome.report.source_map.segments.2.origin.derived.1.cp = null
methods.3.outcome.report.source_map.segments.2.origin.derived.1.method.descriptor = [40,91,76,106,97,118,97,47,108,97,110,103,47,83,116,114,105,110,103,59,41,86]
methods.3.outcome.report.source_map.segments.2.origin.derived.1.method.name = [109,97,105,110]
methods.3.outcome.report.source_map.segments.2.origin.derived.1.method.owner.class_bytes.digest = "c2eff7aad9e87554c9f5d28ebc9b2209c8c9d1c0db8450e1f35f38c49e984eea"
methods.3.outcome.report.source_map.segments.2.origin.derived.1.method.owner.class_bytes.length = 1205
methods.3.outcome.report.source_map.segments.2.origin.derived.1.method.owner.location.entry.ordinal = 2
methods.3.outcome.report.source_map.segments.2.origin.derived.1.method.owner.location.entry.origin.root_container = "root"
methods.3.outcome.report.source_map.segments.2.origin.derived.1.method.owner.location.entry.origin.snapshot = "fd8bed4de997d7a25e740f9c84b7e1f3db1bfc4d78cbecf964889a4972e8de56"
methods.3.outcome.report.source_map.segments.2.origin.derived.1.method.owner.location.entry.origin.steps = []
methods.3.outcome.report.source_map.segments.2.origin.derived.1.method.owner.location.entry.raw_name = [68,66,46,99,108,97,115,115]
methods.3.outcome.report.source_map.segments.2.origin.derived.1.method.owner.location.kind = "archive_entry"
methods.3.outcome.report.source_map.segments.2.origin.derived.1.method.owner.variant.kind = "base"
methods.3.outcome.report.source_map.segments.2.origin.derived.1.provenance = "Derived"
methods.3.outcome.report.source_map.segments.2.origin.primary.bci = 7
methods.3.outcome.report.source_map.segments.2.origin.primary.cp = null
methods.3.outcome.report.source_map.segments.2.origin.primary.method.descriptor = [40,91,76,106,97,118,97,47,108,97,110,103,47,83,116,114,105,110,103,59,41,86]
methods.3.outcome.report.source_map.segments.2.origin.primary.method.name = [109,97,105,110]
methods.3.outcome.report.source_map.segments.2.origin.primary.method.owner.class_bytes.digest = "c2eff7aad9e87554c9f5d28ebc9b2209c8c9d1c0db8450e1f35f38c49e984eea"
methods.3.outcome.report.source_map.segments.2.origin.primary.method.owner.class_bytes.length = 1205
methods.3.outcome.report.source_map.segments.2.origin.primary.method.owner.location.entry.ordinal = 2
methods.3.outcome.report.source_map.segments.2.origin.primary.method.owner.location.entry.origin.root_container = "root"
methods.3.outcome.report.source_map.segments.2.origin.primary.method.owner.location.entry.origin.snapshot = "fd8bed4de997d7a25e740f9c84b7e1f3db1bfc4d78cbecf964889a4972e8de56"
methods.3.outcome.report.source_map.segments.2.origin.primary.method.owner.location.entry.origin.steps = []
methods.3.outcome.report.source_map.segments.2.origin.primary.method.owner.location.entry.raw_name = [68,66,46,99,108,97,115,115]
methods.3.outcome.report.source_map.segments.2.origin.primary.method.owner.location.kind = "archive_entry"
methods.3.outcome.report.source_map.segments.2.origin.primary.method.owner.variant.kind = "base"
methods.3.outcome.report.source_map.segments.2.origin.primary.provenance = "Direct"
methods.3.outcome.report.source_map.segments.2.start = 220
methods.3.outcome.report.source_map.segments.3.end = 259
methods.3.outcome.report.source_map.segments.3.origin.derived = []
methods.3.outcome.report.source_map.segments.3.origin.primary.bci = 10
methods.3.outcome.report.source_map.segments.3.origin.primary.cp = null
methods.3.outcome.report.source_map.segments.3.origin.primary.method.descriptor = [40,91,76,106,97,118,97,47,108,97,110,103,47,83,116,114,105,110,103,59,41,86]
methods.3.outcome.report.source_map.segments.3.origin.primary.method.name = [109,97,105,110]
methods.3.outcome.report.source_map.segments.3.origin.primary.method.owner.class_bytes.digest = "c2eff7aad9e87554c9f5d28ebc9b2209c8c9d1c0db8450e1f35f38c49e984eea"
methods.3.outcome.report.source_map.segments.3.origin.primary.method.owner.class_bytes.length = 1205
methods.3.outcome.report.source_map.segments.3.origin.primary.method.owner.location.entry.ordinal = 2
methods.3.outcome.report.source_map.segments.3.origin.primary.method.owner.location.entry.origin.root_container = "root"
methods.3.outcome.report.source_map.segments.3.origin.primary.method.owner.location.entry.origin.snapshot = "fd8bed4de997d7a25e740f9c84b7e1f3db1bfc4d78cbecf964889a4972e8de56"
methods.3.outcome.report.source_map.segments.3.origin.primary.method.owner.location.entry.origin.steps = []
methods.3.outcome.report.source_map.segments.3.origin.primary.method.owner.location.entry.raw_name = [68,66,46,99,108,97,115,115]
methods.3.outcome.report.source_map.segments.3.origin.primary.method.owner.location.kind = "archive_entry"
methods.3.outcome.report.source_map.segments.3.origin.primary.method.owner.variant.kind = "base"
methods.3.outcome.report.source_map.segments.3.origin.primary.provenance = "Direct"
methods.3.outcome.report.source_map.segments.3.start = 257
methods.3.outcome.report.source_map.segments.4.end = 260
methods.3.outcome.report.source_map.segments.4.origin.derived = []
methods.3.outcome.report.source_map.segments.4.origin.primary.bci = 12
methods.3.outcome.report.source_map.segments.4.origin.primary.cp = null
methods.3.outcome.report.source_map.segments.4.origin.primary.method.descriptor = [40,91,76,106,97,118,97,47,108,97,110,103,47,83,116,114,105,110,103,59,41,86]
methods.3.outcome.report.source_map.segments.4.origin.primary.method.name = [109,97,105,110]
methods.3.outcome.report.source_map.segments.4.origin.primary.method.owner.class_bytes.digest = "c2eff7aad9e87554c9f5d28ebc9b2209c8c9d1c0db8450e1f35f38c49e984eea"
methods.3.outcome.report.source_map.segments.4.origin.primary.method.owner.class_bytes.length = 1205
methods.3.outcome.report.source_map.segments.4.origin.primary.method.owner.location.entry.ordinal = 2
methods.3.outcome.report.source_map.segments.4.origin.primary.method.owner.location.entry.origin.root_container = "root"
methods.3.outcome.report.source_map.segments.4.origin.primary.method.owner.location.entry.origin.snapshot = "fd8bed4de997d7a25e740f9c84b7e1f3db1bfc4d78cbecf964889a4972e8de56"
methods.3.outcome.report.source_map.segments.4.origin.primary.method.owner.location.entry.origin.steps = []
methods.3.outcome.report.source_map.segments.4.origin.primary.method.owner.location.entry.raw_name = [68,66,46,99,108,97,115,115]
methods.3.outcome.report.source_map.segments.4.origin.primary.method.owner.location.kind = "archive_entry"
methods.3.outcome.report.source_map.segments.4.origin.primary.method.owner.variant.kind = "base"
methods.3.outcome.report.source_map.segments.4.origin.primary.provenance = "Direct"
methods.3.outcome.report.source_map.segments.4.start = 220
methods.3.outcome.report.source_map.segments.5.end = 274
methods.3.outcome.report.source_map.segments.5.origin.derived = []
methods.3.outcome.report.source_map.segments.5.origin.primary.bci = 15
methods.3.outcome.report.source_map.segments.5.origin.primary.cp = null
methods.3.outcome.report.source_map.segments.5.origin.primary.method.descriptor = [40,91,76,106,97,118,97,47,108,97,110,103,47,83,116,114,105,110,103,59,41,86]
methods.3.outcome.report.source_map.segments.5.origin.primary.method.name = [109,97,105,110]
methods.3.outcome.report.source_map.segments.5.origin.primary.method.owner.class_bytes.digest = "c2eff7aad9e87554c9f5d28ebc9b2209c8c9d1c0db8450e1f35f38c49e984eea"
methods.3.outcome.report.source_map.segments.5.origin.primary.method.owner.class_bytes.length = 1205
methods.3.outcome.report.source_map.segments.5.origin.primary.method.owner.location.entry.ordinal = 2
methods.3.outcome.report.source_map.segments.5.origin.primary.method.owner.location.entry.origin.root_container = "root"
methods.3.outcome.report.source_map.segments.5.origin.primary.method.owner.location.entry.origin.snapshot = "fd8bed4de997d7a25e740f9c84b7e1f3db1bfc4d78cbecf964889a4972e8de56"
methods.3.outcome.report.source_map.segments.5.origin.primary.method.owner.location.entry.origin.steps = []
methods.3.outcome.report.source_map.segments.5.origin.primary.method.owner.location.entry.raw_name = [68,66,46,99,108,97,115,115]
methods.3.outcome.report.source_map.segments.5.origin.primary.method.owner.location.kind = "archive_entry"
methods.3.outcome.report.source_map.segments.5.origin.primary.method.owner.variant.kind = "base"
methods.3.outcome.report.source_map.segments.5.origin.primary.provenance = "Direct"
methods.3.outcome.report.source_map.segments.5.start = 268
methods.3.outcome.report.source_map.segments.6.end = 275
methods.3.outcome.report.source_map.segments.6.origin.derived = []
methods.3.outcome.report.source_map.segments.6.origin.primary.bci = 18
methods.3.outcome.report.source_map.segments.6.origin.primary.cp = null
methods.3.outcome.report.source_map.segments.6.origin.primary.method.descriptor = [40,91,76,106,97,118,97,47,108,97,110,103,47,83,116,114,105,110,103,59,41,86]
methods.3.outcome.report.source_map.segments.6.origin.primary.method.name = [109,97,105,110]
methods.3.outcome.report.source_map.segments.6.origin.primary.method.owner.class_bytes.digest = "c2eff7aad9e87554c9f5d28ebc9b2209c8c9d1c0db8450e1f35f38c49e984eea"
methods.3.outcome.report.source_map.segments.6.origin.primary.method.owner.class_bytes.length = 1205
methods.3.outcome.report.source_map.segments.6.origin.primary.method.owner.location.entry.ordinal = 2
methods.3.outcome.report.source_map.segments.6.origin.primary.method.owner.location.entry.origin.root_container = "root"
methods.3.outcome.report.source_map.segments.6.origin.primary.method.owner.location.entry.origin.snapshot = "fd8bed4de997d7a25e740f9c84b7e1f3db1bfc4d78cbecf964889a4972e8de56"
methods.3.outcome.report.source_map.segments.6.origin.primary.method.owner.location.entry.origin.steps = []
methods.3.outcome.report.source_map.segments.6.origin.primary.method.owner.location.entry.raw_name = [68,66,46,99,108,97,115,115]
methods.3.outcome.report.source_map.segments.6.origin.primary.method.owner.location.kind = "archive_entry"
methods.3.outcome.report.source_map.segments.6.origin.primary.method.owner.variant.kind = "base"
methods.3.outcome.report.source_map.segments.6.origin.primary.provenance = "Direct"
methods.3.outcome.report.source_map.segments.6.start = 220
methods.3.outcome.report.source_map.segments.7.end = 286
methods.3.outcome.report.source_map.segments.7.origin.derived = []
methods.3.outcome.report.source_map.segments.7.origin.primary.bci = 21
methods.3.outcome.report.source_map.segments.7.origin.primary.cp = null
methods.3.outcome.report.source_map.segments.7.origin.primary.method.descriptor = [40,91,76,106,97,118,97,47,108,97,110,103,47,83,116,114,105,110,103,59,41,86]
methods.3.outcome.report.source_map.segments.7.origin.primary.method.name = [109,97,105,110]
methods.3.outcome.report.source_map.segments.7.origin.primary.method.owner.class_bytes.digest = "c2eff7aad9e87554c9f5d28ebc9b2209c8c9d1c0db8450e1f35f38c49e984eea"
methods.3.outcome.report.source_map.segments.7.origin.primary.method.owner.class_bytes.length = 1205
methods.3.outcome.report.source_map.segments.7.origin.primary.method.owner.location.entry.ordinal = 2
methods.3.outcome.report.source_map.segments.7.origin.primary.method.owner.location.entry.origin.root_container = "root"
methods.3.outcome.report.source_map.segments.7.origin.primary.method.owner.location.entry.origin.snapshot = "fd8bed4de997d7a25e740f9c84b7e1f3db1bfc4d78cbecf964889a4972e8de56"
methods.3.outcome.report.source_map.segments.7.origin.primary.method.owner.location.entry.origin.steps = []
methods.3.outcome.report.source_map.segments.7.origin.primary.method.owner.location.entry.raw_name = [68,66,46,99,108,97,115,115]
methods.3.outcome.report.source_map.segments.7.origin.primary.method.owner.location.kind = "archive_entry"
methods.3.outcome.report.source_map.segments.7.origin.primary.method.owner.variant.kind = "base"
methods.3.outcome.report.source_map.segments.7.origin.primary.provenance = "Direct"
methods.3.outcome.report.source_map.segments.7.start = 283
methods.3.outcome.report.source_map.segments.8.end = 287
methods.3.outcome.report.source_map.segments.8.origin.derived = []
methods.3.outcome.report.source_map.segments.8.origin.primary.bci = 23
methods.3.outcome.report.source_map.segments.8.origin.primary.cp = null
methods.3.outcome.report.source_map.segments.8.origin.primary.method.descriptor = [40,91,76,106,97,118,97,47,108,97,110,103,47,83,116,114,105,110,103,59,41,86]
methods.3.outcome.report.source_map.segments.8.origin.primary.method.name = [109,97,105,110]
methods.3.outcome.report.source_map.segments.8.origin.primary.method.owner.class_bytes.digest = "c2eff7aad9e87554c9f5d28ebc9b2209c8c9d1c0db8450e1f35f38c49e984eea"
methods.3.outcome.report.source_map.segments.8.origin.primary.method.owner.class_bytes.length = 1205
methods.3.outcome.report.source_map.segments.8.origin.primary.method.owner.location.entry.ordinal = 2
methods.3.outcome.report.source_map.segments.8.origin.primary.method.owner.location.entry.origin.root_container = "root"
methods.3.outcome.report.source_map.segments.8.origin.primary.method.owner.location.entry.origin.snapshot = "fd8bed4de997d7a25e740f9c84b7e1f3db1bfc4d78cbecf964889a4972e8de56"
methods.3.outcome.report.source_map.segments.8.origin.primary.method.owner.location.entry.origin.steps = []
methods.3.outcome.report.source_map.segments.8.origin.primary.method.owner.location.entry.raw_name = [68,66,46,99,108,97,115,115]
methods.3.outcome.report.source_map.segments.8.origin.primary.method.owner.location.kind = "archive_entry"
methods.3.outcome.report.source_map.segments.8.origin.primary.method.owner.variant.kind = "base"
methods.3.outcome.report.source_map.segments.8.origin.primary.provenance = "Direct"
methods.3.outcome.report.source_map.segments.8.start = 220
methods.3.outcome.report.source_map.segments.9.end = 329
methods.3.outcome.report.source_map.segments.9.origin.derived = []
methods.3.outcome.report.source_map.segments.9.origin.primary.bci = 26
methods.3.outcome.report.source_map.segments.9.origin.primary.cp = null
methods.3.outcome.report.source_map.segments.9.origin.primary.method.descriptor = [40,91,76,106,97,118,97,47,108,97,110,103,47,83,116,114,105,110,103,59,41,86]
methods.3.outcome.report.source_map.segments.9.origin.primary.method.name = [109,97,105,110]
methods.3.outcome.report.source_map.segments.9.origin.primary.method.owner.class_bytes.digest = "c2eff7aad9e87554c9f5d28ebc9b2209c8c9d1c0db8450e1f35f38c49e984eea"
methods.3.outcome.report.source_map.segments.9.origin.primary.method.owner.class_bytes.length = 1205
methods.3.outcome.report.source_map.segments.9.origin.primary.method.owner.location.entry.ordinal = 2
methods.3.outcome.report.source_map.segments.9.origin.primary.method.owner.location.entry.origin.root_container = "root"
methods.3.outcome.report.source_map.segments.9.origin.primary.method.owner.location.entry.origin.snapshot = "fd8bed4de997d7a25e740f9c84b7e1f3db1bfc4d78cbecf964889a4972e8de56"
methods.3.outcome.report.source_map.segments.9.origin.primary.method.owner.location.entry.origin.steps = []
methods.3.outcome.report.source_map.segments.9.origin.primary.method.owner.location.entry.raw_name = [68,66,46,99,108,97,115,115]
methods.3.outcome.report.source_map.segments.9.origin.primary.method.owner.location.kind = "archive_entry"
methods.3.outcome.report.source_map.segments.9.origin.primary.method.owner.variant.kind = "base"
methods.3.outcome.report.source_map.segments.9.origin.primary.provenance = "Direct"
methods.3.outcome.report.source_map.segments.9.start = 326
methods.3.outcome.report.source_map.segments.10.end = 330
methods.3.outcome.report.source_map.segments.10.origin.derived = []
methods.3.outcome.report.source_map.segments.10.origin.primary.bci = 28
methods.3.outcome.report.source_map.segments.10.origin.primary.cp = null
methods.3.outcome.report.source_map.segments.10.origin.primary.method.descriptor = [40,91,76,106,97,118,97,47,108,97,110,103,47,83,116,114,105,110,103,59,41,86]
methods.3.outcome.report.source_map.segments.10.origin.primary.method.name = [109,97,105,110]
methods.3.outcome.report.source_map.segments.10.origin.primary.method.owner.class_bytes.digest = "c2eff7aad9e87554c9f5d28ebc9b2209c8c9d1c0db8450e1f35f38c49e984eea"
methods.3.outcome.report.source_map.segments.10.origin.primary.method.owner.class_bytes.length = 1205
methods.3.outcome.report.source_map.segments.10.origin.primary.method.owner.location.entry.ordinal = 2
methods.3.outcome.report.source_map.segments.10.origin.primary.method.owner.location.entry.origin.root_container = "root"
methods.3.outcome.report.source_map.segments.10.origin.primary.method.owner.location.entry.origin.snapshot = "fd8bed4de997d7a25e740f9c84b7e1f3db1bfc4d78cbecf964889a4972e8de56"
methods.3.outcome.report.source_map.segments.10.origin.primary.method.owner.location.entry.origin.steps = []
methods.3.outcome.report.source_map.segments.10.origin.primary.method.owner.location.entry.raw_name = [68,66,46,99,108,97,115,115]
methods.3.outcome.report.source_map.segments.10.origin.primary.method.owner.location.kind = "archive_entry"
methods.3.outcome.report.source_map.segments.10.origin.primary.method.owner.variant.kind = "base"
methods.3.outcome.report.source_map.segments.10.origin.primary.provenance = "Direct"
methods.3.outcome.report.source_map.segments.10.start = 314
methods.3.outcome.report.source_map.segments.11.end = 336
methods.3.outcome.report.source_map.segments.11.origin.derived = []
methods.3.outcome.report.source_map.segments.11.origin.primary.bci = 31
methods.3.outcome.report.source_map.segments.11.origin.primary.cp = null
methods.3.outcome.report.source_map.segments.11.origin.primary.method.descriptor = [40,91,76,106,97,118,97,47,108,97,110,103,47,83,116,114,105,110,103,59,41,86]
methods.3.outcome.report.source_map.segments.11.origin.primary.method.name = [109,97,105,110]
methods.3.outcome.report.source_map.segments.11.origin.primary.method.owner.class_bytes.digest = "c2eff7aad9e87554c9f5d28ebc9b2209c8c9d1c0db8450e1f35f38c49e984eea"
methods.3.outcome.report.source_map.segments.11.origin.primary.method.owner.class_bytes.length = 1205
methods.3.outcome.report.source_map.segments.11.origin.primary.method.owner.location.entry.ordinal = 2
methods.3.outcome.report.source_map.segments.11.origin.primary.method.owner.location.entry.origin.root_container = "root"
methods.3.outcome.report.source_map.segments.11.origin.primary.method.owner.location.entry.origin.snapshot = "fd8bed4de997d7a25e740f9c84b7e1f3db1bfc4d78cbecf964889a4972e8de56"
methods.3.outcome.report.source_map.segments.11.origin.primary.method.owner.location.entry.origin.steps = []
methods.3.outcome.report.source_map.segments.11.origin.primary.method.owner.location.entry.raw_name = [68,66,46,99,108,97,115,115]
methods.3.outcome.report.source_map.segments.11.origin.primary.method.owner.location.kind = "archive_entry"
methods.3.outcome.report.source_map.segments.11.origin.primary.method.owner.variant.kind = "base"
methods.3.outcome.report.source_map.segments.11.origin.primary.provenance = "Direct"
methods.3.outcome.report.source_map.segments.11.start = 335
methods.3.outcome.report.source_map.segments.12.end = 337
methods.3.outcome.report.source_map.segments.12.origin.derived = []
methods.3.outcome.report.source_map.segments.12.origin.primary.bci = 32
methods.3.outcome.report.source_map.segments.12.origin.primary.cp = null
methods.3.outcome.report.source_map.segments.12.origin.primary.method.descriptor = [40,91,76,106,97,118,97,47,108,97,110,103,47,83,116,114,105,110,103,59,41,86]
methods.3.outcome.report.source_map.segments.12.origin.primary.method.name = [109,97,105,110]
methods.3.outcome.report.source_map.segments.12.origin.primary.method.owner.class_bytes.digest = "c2eff7aad9e87554c9f5d28ebc9b2209c8c9d1c0db8450e1f35f38c49e984eea"
methods.3.outcome.report.source_map.segments.12.origin.primary.method.owner.class_bytes.length = 1205
methods.3.outcome.report.source_map.segments.12.origin.primary.method.owner.location.entry.ordinal = 2
methods.3.outcome.report.source_map.segments.12.origin.primary.method.owner.location.entry.origin.root_container = "root"
methods.3.outcome.report.source_map.segments.12.origin.primary.method.owner.location.entry.origin.snapshot = "fd8bed4de997d7a25e740f9c84b7e1f3db1bfc4d78cbecf964889a4972e8de56"
methods.3.outcome.report.source_map.segments.12.origin.primary.method.owner.location.entry.origin.steps = []
methods.3.outcome.report.source_map.segments.12.origin.primary.method.owner.location.entry.raw_name = [68,66,46,99,108,97,115,115]
methods.3.outcome.report.source_map.segments.12.origin.primary.method.owner.location.kind = "archive_entry"
methods.3.outcome.report.source_map.segments.12.origin.primary.method.owner.variant.kind = "base"
methods.3.outcome.report.source_map.segments.12.origin.primary.provenance = "Direct"
methods.3.outcome.report.source_map.segments.12.start = 314
methods.3.outcome.report.source_map.segments.13.end = 337
methods.3.outcome.report.source_map.segments.13.origin.derived = []
methods.3.outcome.report.source_map.segments.13.origin.primary.bci = 37
methods.3.outcome.report.source_map.segments.13.origin.primary.cp = null
methods.3.outcome.report.source_map.segments.13.origin.primary.method.descriptor = [40,91,76,106,97,118,97,47,108,97,110,103,47,83,116,114,105,110,103,59,41,86]
methods.3.outcome.report.source_map.segments.13.origin.primary.method.name = [109,97,105,110]
methods.3.outcome.report.source_map.segments.13.origin.primary.method.owner.class_bytes.digest = "c2eff7aad9e87554c9f5d28ebc9b2209c8c9d1c0db8450e1f35f38c49e984eea"
methods.3.outcome.report.source_map.segments.13.origin.primary.method.owner.class_bytes.length = 1205
methods.3.outcome.report.source_map.segments.13.origin.primary.method.owner.location.entry.ordinal = 2
methods.3.outcome.report.source_map.segments.13.origin.primary.method.owner.location.entry.origin.root_container = "root"
methods.3.outcome.report.source_map.segments.13.origin.primary.method.owner.location.entry.origin.snapshot = "fd8bed4de997d7a25e740f9c84b7e1f3db1bfc4d78cbecf964889a4972e8de56"
methods.3.outcome.report.source_map.segments.13.origin.primary.method.owner.location.entry.origin.steps = []
methods.3.outcome.report.source_map.segments.13.origin.primary.method.owner.location.entry.raw_name = [68,66,46,99,108,97,115,115]
methods.3.outcome.report.source_map.segments.13.origin.primary.method.owner.location.kind = "archive_entry"
methods.3.outcome.report.source_map.segments.13.origin.primary.method.owner.variant.kind = "base"
methods.3.outcome.report.source_map.segments.13.origin.primary.provenance = "Direct"
methods.3.outcome.report.source_map.segments.13.start = 295
methods.3.outcome.report.source_map.segments.14.end = 338
methods.3.outcome.report.source_map.segments.14.origin.derived = []
methods.3.outcome.report.source_map.segments.14.origin.primary.bci = 40
methods.3.outcome.report.source_map.segments.14.origin.primary.cp = null
methods.3.outcome.report.source_map.segments.14.origin.primary.method.descriptor = [40,91,76,106,97,118,97,47,108,97,110,103,47,83,116,114,105,110,103,59,41,86]
methods.3.outcome.report.source_map.segments.14.origin.primary.method.name = [109,97,105,110]
methods.3.outcome.report.source_map.segments.14.origin.primary.method.owner.class_bytes.digest = "c2eff7aad9e87554c9f5d28ebc9b2209c8c9d1c0db8450e1f35f38c49e984eea"
methods.3.outcome.report.source_map.segments.14.origin.primary.method.owner.class_bytes.length = 1205
methods.3.outcome.report.source_map.segments.14.origin.primary.method.owner.location.entry.ordinal = 2
methods.3.outcome.report.source_map.segments.14.origin.primary.method.owner.location.entry.origin.root_container = "root"
methods.3.outcome.report.source_map.segments.14.origin.primary.method.owner.location.entry.origin.snapshot = "fd8bed4de997d7a25e740f9c84b7e1f3db1bfc4d78cbecf964889a4972e8de56"
methods.3.outcome.report.source_map.segments.14.origin.primary.method.owner.location.entry.origin.steps = []
methods.3.outcome.report.source_map.segments.14.origin.primary.method.owner.location.entry.raw_name = [68,66,46,99,108,97,115,115]
methods.3.outcome.report.source_map.segments.14.origin.primary.method.owner.location.kind = "archive_entry"
methods.3.outcome.report.source_map.segments.14.origin.primary.method.owner.variant.kind = "base"
methods.3.outcome.report.source_map.segments.14.origin.primary.provenance = "Direct"
methods.3.outcome.report.source_map.segments.14.start = 220
methods.3.outcome.report.source_map.segments.15.end = 349
methods.3.outcome.report.source_map.segments.15.origin.derived = []
methods.3.outcome.report.source_map.segments.15.origin.primary.bci = 43
methods.3.outcome.report.source_map.segments.15.origin.primary.cp = null
methods.3.outcome.report.source_map.segments.15.origin.primary.method.descriptor = [40,91,76,106,97,118,97,47,108,97,110,103,47,83,116,114,105,110,103,59,41,86]
methods.3.outcome.report.source_map.segments.15.origin.primary.method.name = [109,97,105,110]
methods.3.outcome.report.source_map.segments.15.origin.primary.method.owner.class_bytes.digest = "c2eff7aad9e87554c9f5d28ebc9b2209c8c9d1c0db8450e1f35f38c49e984eea"
methods.3.outcome.report.source_map.segments.15.origin.primary.method.owner.class_bytes.length = 1205
methods.3.outcome.report.source_map.segments.15.origin.primary.method.owner.location.entry.ordinal = 2
methods.3.outcome.report.source_map.segments.15.origin.primary.method.owner.location.entry.origin.root_container = "root"
methods.3.outcome.report.source_map.segments.15.origin.primary.method.owner.location.entry.origin.snapshot = "fd8bed4de997d7a25e740f9c84b7e1f3db1bfc4d78cbecf964889a4972e8de56"
methods.3.outcome.report.source_map.segments.15.origin.primary.method.owner.location.entry.origin.steps = []
methods.3.outcome.report.source_map.segments.15.origin.primary.method.owner.location.entry.raw_name = [68,66,46,99,108,97,115,115]
methods.3.outcome.report.source_map.segments.15.origin.primary.method.owner.location.kind = "archive_entry"
methods.3.outcome.report.source_map.segments.15.origin.primary.method.owner.variant.kind = "base"
methods.3.outcome.report.source_map.segments.15.origin.primary.provenance = "Direct"
methods.3.outcome.report.source_map.segments.15.start = 220
methods.3.outcome.report.source_map.segments.16.end = 349
methods.3.outcome.report.source_map.segments.16.origin.derived.0.bci = 46
methods.3.outcome.report.source_map.segments.16.origin.derived.0.cp = null
methods.3.outcome.report.source_map.segments.16.origin.derived.0.method.descriptor = [40,91,76,106,97,118,97,47,108,97,110,103,47,83,116,114,105,110,103,59,41,86]
methods.3.outcome.report.source_map.segments.16.origin.derived.0.method.name = [109,97,105,110]
methods.3.outcome.report.source_map.segments.16.origin.derived.0.method.owner.class_bytes.digest = "c2eff7aad9e87554c9f5d28ebc9b2209c8c9d1c0db8450e1f35f38c49e984eea"
methods.3.outcome.report.source_map.segments.16.origin.derived.0.method.owner.class_bytes.length = 1205
methods.3.outcome.report.source_map.segments.16.origin.derived.0.method.owner.location.entry.ordinal = 2
methods.3.outcome.report.source_map.segments.16.origin.derived.0.method.owner.location.entry.origin.root_container = "root"
methods.3.outcome.report.source_map.segments.16.origin.derived.0.method.owner.location.entry.origin.snapshot = "fd8bed4de997d7a25e740f9c84b7e1f3db1bfc4d78cbecf964889a4972e8de56"
methods.3.outcome.report.source_map.segments.16.origin.derived.0.method.owner.location.entry.origin.steps = []
methods.3.outcome.report.source_map.segments.16.origin.derived.0.method.owner.location.entry.raw_name = [68,66,46,99,108,97,115,115]
methods.3.outcome.report.source_map.segments.16.origin.derived.0.method.owner.location.kind = "archive_entry"
methods.3.outcome.report.source_map.segments.16.origin.derived.0.method.owner.variant.kind = "base"
methods.3.outcome.report.source_map.segments.16.origin.derived.0.provenance = "Derived"
methods.3.outcome.report.source_map.segments.16.origin.primary.bci = 43
methods.3.outcome.report.source_map.segments.16.origin.primary.cp = null
methods.3.outcome.report.source_map.segments.16.origin.primary.method.descriptor = [40,91,76,106,97,118,97,47,108,97,110,103,47,83,116,114,105,110,103,59,41,86]
methods.3.outcome.report.source_map.segments.16.origin.primary.method.name = [109,97,105,110]
methods.3.outcome.report.source_map.segments.16.origin.primary.method.owner.class_bytes.digest = "c2eff7aad9e87554c9f5d28ebc9b2209c8c9d1c0db8450e1f35f38c49e984eea"
methods.3.outcome.report.source_map.segments.16.origin.primary.method.owner.class_bytes.length = 1205
methods.3.outcome.report.source_map.segments.16.origin.primary.method.owner.location.entry.ordinal = 2
methods.3.outcome.report.source_map.segments.16.origin.primary.method.owner.location.entry.origin.root_container = "root"
methods.3.outcome.report.source_map.segments.16.origin.primary.method.owner.location.entry.origin.snapshot = "fd8bed4de997d7a25e740f9c84b7e1f3db1bfc4d78cbecf964889a4972e8de56"
methods.3.outcome.report.source_map.segments.16.origin.primary.method.owner.location.entry.origin.steps = []
methods.3.outcome.report.source_map.segments.16.origin.primary.method.owner.location.entry.raw_name = [68,66,46,99,108,97,115,115]
methods.3.outcome.report.source_map.segments.16.origin.primary.method.owner.location.kind = "archive_entry"
methods.3.outcome.report.source_map.segments.16.origin.primary.method.owner.variant.kind = "base"
methods.3.outcome.report.source_map.segments.16.origin.primary.provenance = "Direct"
methods.3.outcome.report.source_map.segments.16.start = 201
methods.3.outcome.report.source_map.segments.17.end = 350
methods.3.outcome.report.source_map.segments.17.origin.derived = []
methods.3.outcome.report.source_map.segments.17.origin.primary.bci = 46
methods.3.outcome.report.source_map.segments.17.origin.primary.cp = null
methods.3.outcome.report.source_map.segments.17.origin.primary.method.descriptor = [40,91,76,106,97,118,97,47,108,97,110,103,47,83,116,114,105,110,103,59,41,86]
methods.3.outcome.report.source_map.segments.17.origin.primary.method.name = [109,97,105,110]
methods.3.outcome.report.source_map.segments.17.origin.primary.method.owner.class_bytes.digest = "c2eff7aad9e87554c9f5d28ebc9b2209c8c9d1c0db8450e1f35f38c49e984eea"
methods.3.outcome.report.source_map.segments.17.origin.primary.method.owner.class_bytes.length = 1205
methods.3.outcome.report.source_map.segments.17.origin.primary.method.owner.location.entry.ordinal = 2
methods.3.outcome.report.source_map.segments.17.origin.primary.method.owner.location.entry.origin.root_container = "root"
methods.3.outcome.report.source_map.segments.17.origin.primary.method.owner.location.entry.origin.snapshot = "fd8bed4de997d7a25e740f9c84b7e1f3db1bfc4d78cbecf964889a4972e8de56"
methods.3.outcome.report.source_map.segments.17.origin.primary.method.owner.location.entry.origin.steps = []
methods.3.outcome.report.source_map.segments.17.origin.primary.method.owner.location.entry.raw_name = [68,66,46,99,108,97,115,115]
methods.3.outcome.report.source_map.segments.17.origin.primary.method.owner.location.kind = "archive_entry"
methods.3.outcome.report.source_map.segments.17.origin.primary.method.owner.variant.kind = "base"
methods.3.outcome.report.source_map.segments.17.origin.primary.provenance = "Direct"
methods.3.outcome.report.source_map.segments.17.start = 172
methods.3.outcome.report.source_map.segments.18.end = 352
methods.3.outcome.report.source_map.segments.18.origin.derived = []
methods.3.outcome.report.source_map.segments.18.origin.primary.bci = 46
methods.3.outcome.report.source_map.segments.18.origin.primary.cp = null
methods.3.outcome.report.source_map.segments.18.origin.primary.method.descriptor = [40,91,76,106,97,118,97,47,108,97,110,103,47,83,116,114,105,110,103,59,41,86]
methods.3.outcome.report.source_map.segments.18.origin.primary.method.name = [109,97,105,110]
methods.3.outcome.report.source_map.segments.18.origin.primary.method.owner.class_bytes.digest = "c2eff7aad9e87554c9f5d28ebc9b2209c8c9d1c0db8450e1f35f38c49e984eea"
methods.3.outcome.report.source_map.segments.18.origin.primary.method.owner.class_bytes.length = 1205
methods.3.outcome.report.source_map.segments.18.origin.primary.method.owner.location.entry.ordinal = 2
methods.3.outcome.report.source_map.segments.18.origin.primary.method.owner.location.entry.origin.root_container = "root"
methods.3.outcome.report.source_map.segments.18.origin.primary.method.owner.location.entry.origin.snapshot = "fd8bed4de997d7a25e740f9c84b7e1f3db1bfc4d78cbecf964889a4972e8de56"
methods.3.outcome.report.source_map.segments.18.origin.primary.method.owner.location.entry.origin.steps = []
methods.3.outcome.report.source_map.segments.18.origin.primary.method.owner.location.entry.raw_name = [68,66,46,99,108,97,115,115]
methods.3.outcome.report.source_map.segments.18.origin.primary.method.owner.location.kind = "archive_entry"
methods.3.outcome.report.source_map.segments.18.origin.primary.method.owner.variant.kind = "base"
methods.3.outcome.report.source_map.segments.18.origin.primary.provenance = "Direct"
methods.3.outcome.report.source_map.segments.18.start = 168
methods.3.outcome.report.source_map.segments.19.end = 364
methods.3.outcome.report.source_map.segments.19.origin.derived = []
methods.3.outcome.report.source_map.segments.19.origin.primary.bci = 49
methods.3.outcome.report.source_map.segments.19.origin.primary.cp = null
methods.3.outcome.report.source_map.segments.19.origin.primary.method.descriptor = [40,91,76,106,97,118,97,47,108,97,110,103,47,83,116,114,105,110,103,59,41,86]
methods.3.outcome.report.source_map.segments.19.origin.primary.method.name = [109,97,105,110]
methods.3.outcome.report.source_map.segments.19.origin.primary.method.owner.class_bytes.digest = "c2eff7aad9e87554c9f5d28ebc9b2209c8c9d1c0db8450e1f35f38c49e984eea"
methods.3.outcome.report.source_map.segments.19.origin.primary.method.owner.class_bytes.length = 1205
methods.3.outcome.report.source_map.segments.19.origin.primary.method.owner.location.entry.ordinal = 2
methods.3.outcome.report.source_map.segments.19.origin.primary.method.owner.location.entry.origin.root_container = "root"
methods.3.outcome.report.source_map.segments.19.origin.primary.method.owner.location.entry.origin.snapshot = "fd8bed4de997d7a25e740f9c84b7e1f3db1bfc4d78cbecf964889a4972e8de56"
methods.3.outcome.report.source_map.segments.19.origin.primary.method.owner.location.entry.origin.steps = []
methods.3.outcome.report.source_map.segments.19.origin.primary.method.owner.location.entry.raw_name = [68,66,46,99,108,97,115,115]
methods.3.outcome.report.source_map.segments.19.origin.primary.method.owner.location.kind = "archive_entry"
methods.3.outcome.report.source_map.segments.19.origin.primary.method.owner.variant.kind = "base"
methods.3.outcome.report.source_map.segments.19.origin.primary.provenance = "Direct"
methods.3.outcome.report.source_map.segments.19.start = 352
methods.3.outcome.report.syntax_status = "unchecked"
methods.3.outcome.report.text = "// @method main([Ljava/lang/String;)V\n// @declaration a static method of `DB`, member flags 0x0009\n// recovered from bytecode; presentation is not claimed to compile\n{\n    java.lang.System.out.println((java.lang.String) new java.lang.StringBuilder().append(\"\").append(size()).append(\"/\").append((java.lang.String) withCapture(\"z\").get(0)).toString());\n    return;\n}\n"
methods.3.outcome.report.verification = "not_performed"
methods.3.parameter_annotations.attributes = []
methods.3.parameter_annotations.refusals = []
methods.3.parameter_annotations.uses_by_position = [[]]
methods.3.text = "    public static void main(java.lang.String[] arg0) {\n        // @method main([Ljava/lang/String;)V\n        // @declaration a static method of `DB`, member flags 0x0009\n        // recovered from bytecode; presentation is not claimed to compile\n        java.lang.System.out.println((java.lang.String) new java.lang.StringBuilder().append(\"\").append(size()).append(\"/\").append((java.lang.String) withCapture(\"z\").get(0)).toString());\n        return;\n    }\n"
methods.3.type_annotations.attributes = []
methods.3.type_annotations.field_uses = []
methods.3.type_annotations.parameter_uses = [[]]
methods.3.type_annotations.refusals = []
methods.3.type_annotations.return_uses = []
methods.4.annotations.attributes = []
methods.4.annotations.refusals = []
methods.4.annotations.uses = []
methods.4.declaration = "static"
methods.4.item.access_flags = 8
methods.4.item.body.content_span.length = 35
methods.4.item.body.content_span.start = 1136
methods.4.item.body.kind = "code_attribute"
methods.4.item.descriptor.escaped = "()V"
methods.4.item.descriptor.raw = [40,41,86]
methods.4.item.descriptor.utf16 = [40,41,86]
methods.4.item.identity.descriptor = [40,41,86]
methods.4.item.identity.name = [60,99,108,105,110,105,116,62]
methods.4.item.identity.owner.class_bytes.digest = "c2eff7aad9e87554c9f5d28ebc9b2209c8c9d1c0db8450e1f35f38c49e984eea"
methods.4.item.identity.owner.class_bytes.length = 1205
methods.4.item.identity.owner.location.entry.ordinal = 2
methods.4.item.identity.owner.location.entry.origin.root_container = "root"
methods.4.item.identity.owner.location.entry.origin.snapshot = "fd8bed4de997d7a25e740f9c84b7e1f3db1bfc4d78cbecf964889a4972e8de56"
methods.4.item.identity.owner.location.entry.origin.steps = []
methods.4.item.identity.owner.location.entry.raw_name = [68,66,46,99,108,97,115,115]
methods.4.item.identity.owner.location.kind = "archive_entry"
methods.4.item.identity.owner.variant.kind = "base"
methods.4.item.index = 4
methods.4.item.name.escaped = "<clinit>"
methods.4.item.name.raw = [60,99,108,105,110,105,116,62]
methods.4.item.name.utf16 = [60,99,108,105,110,105,116,62]
methods.4.markers = []
methods.4.no_body_kind = null
methods.4.outcome.analysis.diagnostics = 0
methods.4.outcome.analysis.execution.status = "complete"
methods.4.outcome.analysis.execution.usage.analysis_steps = 743
methods.4.outcome.analysis.execution.usage.archive_entries = 23
methods.4.outcome.analysis.execution.usage.attribute_bytes = 1140
methods.4.outcome.analysis.execution.usage.class_bytes = 3404
methods.4.outcome.analysis.execution.usage.class_headers = 2
methods.4.outcome.analysis.execution.usage.code_bytes = 84
methods.4.outcome.analysis.execution.usage.dependency_depth = 0
methods.4.outcome.analysis.execution.usage.elapsed_millis = 4
methods.4.outcome.analysis.execution.usage.entry_bytes = 2199
methods.4.outcome.analysis.execution.usage.input_bytes = 1918
methods.4.outcome.analysis.execution.usage.ir_edges = 29
methods.4.outcome.analysis.execution.usage.ir_items = 1145
methods.4.outcome.analysis.execution.usage.method_bodies = 5
methods.4.outcome.analysis.execution.usage.nested_depth = 0
methods.4.outcome.analysis.execution.usage.normalization_clones = 0
methods.4.outcome.analysis.execution.usage.output_bytes = 937
methods.4.outcome.analysis.execution.usage.read_bytes = 1310
methods.4.outcome.analysis.execution.usage.result_items = 38
methods.4.outcome.kind = "recovered"
methods.4.outcome.report.accessors = []
methods.4.outcome.report.aliased_names = []
methods.4.outcome.report.artifact.agreement.state = "not_stated"
methods.4.outcome.report.artifact.binding.engine = "0.1.0"
methods.4.outcome.report.artifact.binding.environment.content = ["fd8bed4de997d7a25e740f9c84b7e1f3db1bfc4d78cbecf964889a4972e8de56"]
methods.4.outcome.report.artifact.binding.environment.domain_loaders = ["app"]
methods.4.outcome.report.artifact.binding.environment.providers = []
methods.4.outcome.report.artifact.binding.environment.runtime.load_domain.delegation.kind = "parent_first"
methods.4.outcome.report.artifact.binding.environment.runtime.load_domain.external_override = "none"
methods.4.outcome.report.artifact.binding.environment.runtime.load_domain.loader = "app"
methods.4.outcome.report.artifact.binding.environment.runtime.load_domain.module_mode.kind = "class_path"
methods.4.outcome.report.artifact.binding.environment.runtime.load_domain.parent_loader = null
methods.4.outcome.report.artifact.binding.environment.runtime.load_domain.roots.0.kind = "container"
methods.4.outcome.report.artifact.binding.environment.runtime.load_domain.roots.0.origin.root_container = "root"
methods.4.outcome.report.artifact.binding.environment.runtime.load_domain.roots.0.origin.snapshot = "fd8bed4de997d7a25e740f9c84b7e1f3db1bfc4d78cbecf964889a4972e8de56"
methods.4.outcome.report.artifact.binding.environment.runtime.load_domain.roots.0.origin.steps = []
methods.4.outcome.report.artifact.binding.environment.runtime.load_domain.roots.0.prefix = []
methods.4.outcome.report.artifact.binding.environment.runtime.load_domain.runtime_transformation = "none"
methods.4.outcome.report.artifact.binding.environment.runtime.physical.scope.kind = "snapshot_all"
methods.4.outcome.report.artifact.binding.environment.runtime.physical.snapshot = "fd8bed4de997d7a25e740f9c84b7e1f3db1bfc4d78cbecf964889a4972e8de56"
methods.4.outcome.report.artifact.binding.environment.runtime.profile.java_release = 8
methods.4.outcome.report.artifact.binding.environment.runtime.profile.layout.kind = "generic"
methods.4.outcome.report.artifact.binding.environment.runtime.profile.multi_release.kind = "disabled"
methods.4.outcome.report.artifact.binding.member_ordinal = 4
methods.4.outcome.report.artifact.binding.method.descriptor = [40,41,86]
methods.4.outcome.report.artifact.binding.method.name = [60,99,108,105,110,105,116,62]
methods.4.outcome.report.artifact.binding.method.owner.class_bytes.digest = "c2eff7aad9e87554c9f5d28ebc9b2209c8c9d1c0db8450e1f35f38c49e984eea"
methods.4.outcome.report.artifact.binding.method.owner.class_bytes.length = 1205
methods.4.outcome.report.artifact.binding.method.owner.location.entry.ordinal = 2
methods.4.outcome.report.artifact.binding.method.owner.location.entry.origin.root_container = "root"
methods.4.outcome.report.artifact.binding.method.owner.location.entry.origin.snapshot = "fd8bed4de997d7a25e740f9c84b7e1f3db1bfc4d78cbecf964889a4972e8de56"
methods.4.outcome.report.artifact.binding.method.owner.location.entry.origin.steps = []
methods.4.outcome.report.artifact.binding.method.owner.location.entry.raw_name = [68,66,46,99,108,97,115,115]
methods.4.outcome.report.artifact.binding.method.owner.location.kind = "archive_entry"
methods.4.outcome.report.artifact.binding.method.owner.variant.kind = "base"
methods.4.outcome.report.artifact.binding.profile.java_release = 8
methods.4.outcome.report.artifact.binding.profile.layout.kind = "generic"
methods.4.outcome.report.artifact.binding.profile.multi_release.kind = "disabled"
methods.4.outcome.report.artifact.binding.registry = 71
methods.4.outcome.report.artifact.binding.rules = ["straight@1","if@1","loop@1","switch@1","lambda@1","concat@1","bridge@1","accessor@1","new@1","field@1","enumswitch@1","init@1","declaration@1","twr@1","monitor@1","finally@1"]
methods.4.outcome.report.artifact.binding.schema = 1
methods.4.outcome.report.artifact.binding.text_bytes = 185
methods.4.outcome.report.artifact.binding.text_digest = "dc6a262278faf41afda3e4e10569f790"
methods.4.outcome.report.bridges = []
methods.4.outcome.report.compile_status = "not_attempted"
methods.4.outcome.report.concats = []
methods.4.outcome.report.content = "contains_statements"
methods.4.outcome.report.declaration = null
methods.4.outcome.report.diagnostics.0.code = "jre_recovery_produced"
methods.4.outcome.report.diagnostics.0.message = "1 region(s), 2 statement(s), 4 segment(s), 185 byte(s) written from 1 canonical block(s)"
methods.4.outcome.report.diagnostics.0.provenance = null
methods.4.outcome.report.diagnostics.0.severity = "info"
methods.4.outcome.report.diagnostics.1.code = "jre_new_sites"
methods.4.outcome.report.diagnostics.1.message = "1 construction candidate(s) read under new@1: 1 presented as `new`, 0 refused"
methods.4.outcome.report.diagnostics.1.provenance = null
methods.4.outcome.report.diagnostics.1.severity = "info"
methods.4.outcome.report.diagnostics.2.code = "jre_field_accesses"
methods.4.outcome.report.diagnostics.2.message = "1 field instruction(s) read under field@1: 1 presented, 0 refused"
methods.4.outcome.report.diagnostics.2.provenance = null
methods.4.outcome.report.diagnostics.2.severity = "info"
methods.4.outcome.report.diagnostics.3.code = "jre_declaration"
methods.4.outcome.report.diagnostics.3.message = "the artifact's envelope states the member's declaration under declaration@1: a static initializer"
methods.4.outcome.report.diagnostics.3.provenance = null
methods.4.outcome.report.diagnostics.3.severity = "info"
methods.4.outcome.report.enum_switches = []
methods.4.outcome.report.evidence.categories.0.kind = "source_map"
methods.4.outcome.report.evidence.categories.0.state.state = "complete"
methods.4.outcome.report.evidence.categories.1.kind = "region_details"
methods.4.outcome.report.evidence.categories.1.state.state = "not_requested"
methods.4.outcome.report.evidence.categories.2.kind = "rule_details"
methods.4.outcome.report.evidence.categories.2.state.state = "not_requested"
methods.4.outcome.report.evidence.categories.3.kind = "name_details"
methods.4.outcome.report.evidence.categories.3.state.state = "not_requested"
methods.4.outcome.report.evidence.categories.4.kind = "read_details"
methods.4.outcome.report.evidence.categories.4.state.state = "not_requested"
methods.4.outcome.report.evidence.requested.driver_bci_range = null
methods.4.outcome.report.evidence.requested.expected_artifact = null
methods.4.outcome.report.evidence.requested.kinds = ["source_map"]
methods.4.outcome.report.execution.status = "complete"
methods.4.outcome.report.execution.usage.analysis_steps = 786
methods.4.outcome.report.execution.usage.archive_entries = 31
methods.4.outcome.report.execution.usage.attribute_bytes = 1330
methods.4.outcome.report.execution.usage.class_bytes = 4176
methods.4.outcome.report.execution.usage.class_headers = 3
methods.4.outcome.report.execution.usage.code_bytes = 84
methods.4.outcome.report.execution.usage.dependency_depth = 0
methods.4.outcome.report.execution.usage.elapsed_millis = 5
methods.4.outcome.report.execution.usage.entry_bytes = 2971
methods.4.outcome.report.execution.usage.input_bytes = 1918
methods.4.outcome.report.execution.usage.ir_edges = 29
methods.4.outcome.report.execution.usage.ir_items = 1208
methods.4.outcome.report.execution.usage.method_bodies = 5
methods.4.outcome.report.execution.usage.nested_depth = 0
methods.4.outcome.report.execution.usage.normalization_clones = 0
methods.4.outcome.report.execution.usage.output_bytes = 1122
methods.4.outcome.report.execution.usage.read_bytes = 1894
methods.4.outcome.report.execution.usage.result_items = 44
methods.4.outcome.report.fallbacks = []
methods.4.outcome.report.fields = []
methods.4.outcome.report.init = null
methods.4.outcome.report.lambdas = []
methods.4.outcome.report.method = "<clinit>()V"
methods.4.outcome.report.news = []
methods.4.outcome.report.outcome = "produced"
methods.4.outcome.report.profile.java_release = 8
methods.4.outcome.report.profile.layout.kind = "generic"
methods.4.outcome.report.profile.multi_release.kind = "disabled"
methods.4.outcome.report.quality = "structured"
methods.4.outcome.report.regions = []
methods.4.outcome.report.representation = "java"
methods.4.outcome.report.rules = []
methods.4.outcome.report.semantic_validation = "unproven"
methods.4.outcome.report.source_map.segments.0.end = 164
methods.4.outcome.report.source_map.segments.0.origin.derived = []
methods.4.outcome.report.source_map.segments.0.origin.primary.bci = 7
methods.4.outcome.report.source_map.segments.0.origin.primary.cp = null
methods.4.outcome.report.source_map.segments.0.origin.primary.method.descriptor = [40,41,86]
methods.4.outcome.report.source_map.segments.0.origin.primary.method.name = [60,99,108,105,110,105,116,62]
methods.4.outcome.report.source_map.segments.0.origin.primary.method.owner.class_bytes.digest = "c2eff7aad9e87554c9f5d28ebc9b2209c8c9d1c0db8450e1f35f38c49e984eea"
methods.4.outcome.report.source_map.segments.0.origin.primary.method.owner.class_bytes.length = 1205
methods.4.outcome.report.source_map.segments.0.origin.primary.method.owner.location.entry.ordinal = 2
methods.4.outcome.report.source_map.segments.0.origin.primary.method.owner.location.entry.origin.root_container = "root"
methods.4.outcome.report.source_map.segments.0.origin.primary.method.owner.location.entry.origin.snapshot = "fd8bed4de997d7a25e740f9c84b7e1f3db1bfc4d78cbecf964889a4972e8de56"
methods.4.outcome.report.source_map.segments.0.origin.primary.method.owner.location.entry.origin.steps = []
methods.4.outcome.report.source_map.segments.0.origin.primary.method.owner.location.entry.raw_name = [68,66,46,99,108,97,115,115]
methods.4.outcome.report.source_map.segments.0.origin.primary.method.owner.location.kind = "archive_entry"
methods.4.outcome.report.source_map.segments.0.origin.primary.method.owner.variant.kind = "base"
methods.4.outcome.report.source_map.segments.0.origin.primary.provenance = "Direct"
methods.4.outcome.report.source_map.segments.0.start = 162
methods.4.outcome.report.source_map.segments.1.end = 181
methods.4.outcome.report.source_map.segments.1.origin.derived.0.bci = 0
methods.4.outcome.report.source_map.segments.1.origin.derived.0.cp = null
methods.4.outcome.report.source_map.segments.1.origin.derived.0.method.descriptor = [40,41,86]
methods.4.outcome.report.source_map.segments.1.origin.derived.0.method.name = [60,99,108,105,110,105,116,62]
methods.4.outcome.report.source_map.segments.1.origin.derived.0.method.owner.class_bytes.digest = "c2eff7aad9e87554c9f5d28ebc9b2209c8c9d1c0db8450e1f35f38c49e984eea"
methods.4.outcome.report.source_map.segments.1.origin.derived.0.method.owner.class_bytes.length = 1205
methods.4.outcome.report.source_map.segments.1.origin.derived.0.method.owner.location.entry.ordinal = 2
methods.4.outcome.report.source_map.segments.1.origin.derived.0.method.owner.location.entry.origin.root_container = "root"
methods.4.outcome.report.source_map.segments.1.origin.derived.0.method.owner.location.entry.origin.snapshot = "fd8bed4de997d7a25e740f9c84b7e1f3db1bfc4d78cbecf964889a4972e8de56"
methods.4.outcome.report.source_map.segments.1.origin.derived.0.method.owner.location.entry.origin.steps = []
methods.4.outcome.report.source_map.segments.1.origin.derived.0.method.owner.location.entry.raw_name = [68,66,46,99,108,97,115,115]
methods.4.outcome.report.source_map.segments.1.origin.derived.0.method.owner.location.kind = "archive_entry"
methods.4.outcome.report.source_map.segments.1.origin.derived.0.method.owner.variant.kind = "base"
methods.4.outcome.report.source_map.segments.1.origin.derived.0.provenance = "Derived"
methods.4.outcome.report.source_map.segments.1.origin.derived.1.bci = 3
methods.4.outcome.report.source_map.segments.1.origin.derived.1.cp = null
methods.4.outcome.report.source_map.segments.1.origin.derived.1.method.descriptor = [40,41,86]
methods.4.outcome.report.source_map.segments.1.origin.derived.1.method.name = [60,99,108,105,110,105,116,62]
methods.4.outcome.report.source_map.segments.1.origin.derived.1.method.owner.class_bytes.digest = "c2eff7aad9e87554c9f5d28ebc9b2209c8c9d1c0db8450e1f35f38c49e984eea"
methods.4.outcome.report.source_map.segments.1.origin.derived.1.method.owner.class_bytes.length = 1205
methods.4.outcome.report.source_map.segments.1.origin.derived.1.method.owner.location.entry.ordinal = 2
methods.4.outcome.report.source_map.segments.1.origin.derived.1.method.owner.location.entry.origin.root_container = "root"
methods.4.outcome.report.source_map.segments.1.origin.derived.1.method.owner.location.entry.origin.snapshot = "fd8bed4de997d7a25e740f9c84b7e1f3db1bfc4d78cbecf964889a4972e8de56"
methods.4.outcome.report.source_map.segments.1.origin.derived.1.method.owner.location.entry.origin.steps = []
methods.4.outcome.report.source_map.segments.1.origin.derived.1.method.owner.location.entry.raw_name = [68,66,46,99,108,97,115,115]
methods.4.outcome.report.source_map.segments.1.origin.derived.1.method.owner.location.kind = "archive_entry"
methods.4.outcome.report.source_map.segments.1.origin.derived.1.method.owner.variant.kind = "base"
methods.4.outcome.report.source_map.segments.1.origin.derived.1.provenance = "Derived"
methods.4.outcome.report.source_map.segments.1.origin.primary.bci = 4
methods.4.outcome.report.source_map.segments.1.origin.primary.cp = null
methods.4.outcome.report.source_map.segments.1.origin.primary.method.descriptor = [40,41,86]
methods.4.outcome.report.source_map.segments.1.origin.primary.method.name = [60,99,108,105,110,105,116,62]
methods.4.outcome.report.source_map.segments.1.origin.primary.method.owner.class_bytes.digest = "c2eff7aad9e87554c9f5d28ebc9b2209c8c9d1c0db8450e1f35f38c49e984eea"
methods.4.outcome.report.source_map.segments.1.origin.primary.method.owner.class_bytes.length = 1205
methods.4.outcome.report.source_map.segments.1.origin.primary.method.owner.location.entry.ordinal = 2
methods.4.outcome.report.source_map.segments.1.origin.primary.method.owner.location.entry.origin.root_container = "root"
methods.4.outcome.report.source_map.segments.1.origin.primary.method.owner.location.entry.origin.snapshot = "fd8bed4de997d7a25e740f9c84b7e1f3db1bfc4d78cbecf964889a4972e8de56"
methods.4.outcome.report.source_map.segments.1.origin.primary.method.owner.location.entry.origin.steps = []
methods.4.outcome.report.source_map.segments.1.origin.primary.method.owner.location.entry.raw_name = [68,66,46,99,108,97,115,115]
methods.4.outcome.report.source_map.segments.1.origin.primary.method.owner.location.kind = "archive_entry"
methods.4.outcome.report.source_map.segments.1.origin.primary.method.owner.variant.kind = "base"
methods.4.outcome.report.source_map.segments.1.origin.primary.provenance = "Direct"
methods.4.outcome.report.source_map.segments.1.start = 171
methods.4.outcome.report.source_map.segments.2.end = 183
methods.4.outcome.report.source_map.segments.2.origin.derived = []
methods.4.outcome.report.source_map.segments.2.origin.primary.bci = 7
methods.4.outcome.report.source_map.segments.2.origin.primary.cp = null
methods.4.outcome.report.source_map.segments.2.origin.primary.method.descriptor = [40,41,86]
methods.4.outcome.report.source_map.segments.2.origin.primary.method.name = [60,99,108,105,110,105,116,62]
methods.4.outcome.report.source_map.segments.2.origin.primary.method.owner.class_bytes.digest = "c2eff7aad9e87554c9f5d28ebc9b2209c8c9d1c0db8450e1f35f38c49e984eea"
methods.4.outcome.report.source_map.segments.2.origin.primary.method.owner.class_bytes.length = 1205
methods.4.outcome.report.source_map.segments.2.origin.primary.method.owner.location.entry.ordinal = 2
methods.4.outcome.report.source_map.segments.2.origin.primary.method.owner.location.entry.origin.root_container = "root"
methods.4.outcome.report.source_map.segments.2.origin.primary.method.owner.location.entry.origin.snapshot = "fd8bed4de997d7a25e740f9c84b7e1f3db1bfc4d78cbecf964889a4972e8de56"
methods.4.outcome.report.source_map.segments.2.origin.primary.method.owner.location.entry.origin.steps = []
methods.4.outcome.report.source_map.segments.2.origin.primary.method.owner.location.entry.raw_name = [68,66,46,99,108,97,115,115]
methods.4.outcome.report.source_map.segments.2.origin.primary.method.owner.location.kind = "archive_entry"
methods.4.outcome.report.source_map.segments.2.origin.primary.method.owner.variant.kind = "base"
methods.4.outcome.report.source_map.segments.2.origin.primary.provenance = "Direct"
methods.4.outcome.report.source_map.segments.2.start = 158
methods.4.outcome.report.source_map.segments.3.end = 185
methods.4.outcome.report.source_map.segments.3.origin.derived = []
methods.4.outcome.report.source_map.segments.3.origin.primary.bci = 10
methods.4.outcome.report.source_map.segments.3.origin.primary.cp = null
methods.4.outcome.report.source_map.segments.3.origin.primary.method.descriptor = [40,41,86]
methods.4.outcome.report.source_map.segments.3.origin.primary.method.name = [60,99,108,105,110,105,116,62]
methods.4.outcome.report.source_map.segments.3.origin.primary.method.owner.class_bytes.digest = "c2eff7aad9e87554c9f5d28ebc9b2209c8c9d1c0db8450e1f35f38c49e984eea"
methods.4.outcome.report.source_map.segments.3.origin.primary.method.owner.class_bytes.length = 1205
methods.4.outcome.report.source_map.segments.3.origin.primary.method.owner.location.entry.ordinal = 2
methods.4.outcome.report.source_map.segments.3.origin.primary.method.owner.location.entry.origin.root_container = "root"
methods.4.outcome.report.source_map.segments.3.origin.primary.method.owner.location.entry.origin.snapshot = "fd8bed4de997d7a25e740f9c84b7e1f3db1bfc4d78cbecf964889a4972e8de56"
methods.4.outcome.report.source_map.segments.3.origin.primary.method.owner.location.entry.origin.steps = []
methods.4.outcome.report.source_map.segments.3.origin.primary.method.owner.location.entry.raw_name = [68,66,46,99,108,97,115,115]
methods.4.outcome.report.source_map.segments.3.origin.primary.method.owner.location.kind = "archive_entry"
methods.4.outcome.report.source_map.segments.3.origin.primary.method.owner.variant.kind = "base"
methods.4.outcome.report.source_map.segments.3.origin.primary.provenance = "Direct"
methods.4.outcome.report.source_map.segments.3.start = 183
methods.4.outcome.report.syntax_status = "unchecked"
methods.4.outcome.report.text = "// @method <clinit>()V\n// @declaration a static initializer of `DB`, member flags 0x0008\n// recovered from bytecode; presentation is not claimed to compile\n{\n    DB.dbl = new DB$1();\n}\n"
methods.4.outcome.report.verification = "not_performed"
methods.4.parameter_annotations.attributes = []
methods.4.parameter_annotations.refusals = []
methods.4.parameter_annotations.uses_by_position = []
methods.4.text = "    static {\n        DB.dbl = new java.util.ArrayList() {\n            {\n                this.add((java.lang.Object) \"a\");\n                this.add((java.lang.Object) \"b\");\n            }\n        };\n    }\n"
methods.4.type_annotations.attributes = []
methods.4.type_annotations.field_uses = []
methods.4.type_annotations.parameter_uses = []
methods.4.type_annotations.refusals = []
methods.4.type_annotations.return_uses = []
nested_annotation_family.state = "absent"
nested_enum_family.state = "absent"
outcome = "performed"
stages = ["raw_facts","raw_cfg","legacy_normalization","canonical_cfg","frame","ssa"]
usage.analysis_steps = 1600
usage.archive_entries = 208
usage.attribute_bytes = 7803
usage.class_bytes = 21552
usage.class_headers = 8
usage.code_bytes = 657
usage.dependency_depth = 0
usage.elapsed_millis = 12
usage.entry_bytes = 19596
usage.input_bytes = 1918
usage.ir_edges = 80
usage.ir_items = 2191
usage.method_bodies = 10
usage.nested_depth = 0
usage.normalization_clones = 0
usage.output_bytes = 2846
usage.read_bytes = 12178
usage.result_items = 146
view.scope.kind = "snapshot_all"
view.snapshot = "fd8bed4de997d7a25e740f9c84b7e1f3db1bfc4d78cbecf964889a4972e8de56"
