// jarde: presentation of `em22/Arithmetic` from the class file's own declaration and one recovery run per member.
// jarde: not a compilable project: no imports and no resources are claimed (the `package` line is the class file's own name, not a claim about a directory); every place this text is not a full recovery carries a marker of this prefix.
package em22;

public class Arithmetic extends java.lang.Object {
    private int calls;

    public Arithmetic() {
        // @method <init>()V
        // @declaration a constructor of `em22.Arithmetic`, member flags 0x0001
        // recovered from bytecode; presentation is not claimed to compile
        super();
        return;
    }

    public int multiply(int arg1) {
        // @method multiply(I)I
        // @declaration an instance method of `em22.Arithmetic`, member flags 0x0001
        // recovered from bytecode; presentation is not claimed to compile
        return (arg1 + 2) * 3;
    }

    public int sum(int arg1, int arg2, int arg3) {
        // @method sum(III)I
        // @declaration an instance method of `em22.Arithmetic`, member flags 0x0001
        // recovered from bytecode; presentation is not claimed to compile
        return arg1 + arg2 + arg3;
    }

    public int subtract(int arg1, int arg2, int arg3) {
        // @method subtract(III)I
        // @declaration an instance method of `em22.Arithmetic`, member flags 0x0001
        // recovered from bytecode; presentation is not claimed to compile
        return arg1 - (arg2 - arg3);
    }

    public int divide(int arg1, int arg2, int arg3) {
        // @method divide(III)I
        // @declaration an instance method of `em22.Arithmetic`, member flags 0x0001
        // recovered from bytecode; presentation is not claimed to compile
        return arg1 / (arg2 / arg3);
    }

    public boolean or(boolean arg1, boolean arg2, boolean arg3) {
        // @method or(ZZZ)Z
        // @declaration an instance method of `em22.Arithmetic`, member flags 0x0001
        // recovered from bytecode; presentation is not claimed to compile
        return arg1 | arg2 | arg3;
    }

    public boolean and(boolean arg1, boolean arg2, boolean arg3) {
        // @method and(ZZZ)Z
        // @declaration an instance method of `em22.Arithmetic`, member flags 0x0001
        // recovered from bytecode; presentation is not claimed to compile
        return arg1 & arg2 & arg3;
    }

    public int notInt(int arg1) {
        // @method notInt(I)I
        // @declaration an instance method of `em22.Arithmetic`, member flags 0x0001
        // recovered from bytecode; presentation is not claimed to compile
        return arg1 ^ -1;
    }

    public long notLong(long arg1) {
        // @method notLong(J)J
        // @declaration an instance method of `em22.Arithmetic`, member flags 0x0001
        // recovered from bytecode; presentation is not claimed to compile
        return arg1 ^ -1L;
    }

    public boolean flip(boolean arg1) {
        // @method flip(Z)Z
        // @declaration an instance method of `em22.Arithmetic`, member flags 0x0001
        // recovered from bytecode; presentation is not claimed to compile
        return !arg1;
    }

    public boolean flipCall() {
        // @method flipCall()Z
        // @declaration an instance method of `em22.Arithmetic`, member flags 0x0001
        // recovered from bytecode; presentation is not claimed to compile
        return !this.left();
    }

    public boolean sameCall() {
        // @method sameCall()Z
        // @declaration an instance method of `em22.Arithmetic`, member flags 0x0001
        // recovered from bytecode; presentation is not claimed to compile
        return this.left();
    }

    private boolean left() {
        // @method left()Z
        // @declaration an instance method of `em22.Arithmetic`, member flags 0x0002
        // recovered from bytecode; presentation is not claimed to compile
        this.calls += 1;
        return true;
    }

    private boolean right() {
        // @method right()Z
        // @declaration an instance method of `em22.Arithmetic`, member flags 0x0002
        // recovered from bytecode; presentation is not claimed to compile
        this.calls += 1;
        return false;
    }

    public boolean eagerOr() {
        // @method eagerOr()Z
        // @declaration an instance method of `em22.Arithmetic`, member flags 0x0001
        // recovered from bytecode; presentation is not claimed to compile
        return this.left() | this.right();
    }

    public int calls() {
        // @method calls()I
        // @declaration an instance method of `em22.Arithmetic`, member flags 0x0001
        // recovered from bytecode; presentation is not claimed to compile
        return this.calls;
    }
}
bridge_proofs = []
class.class_bytes.digest = "e53fe838de69a4535618c1ad3cb7bf0567c6a3d069e142e1a6910adbd5ff208a"
class.class_bytes.length = 854
class.location.entry.ordinal = 3
class.location.entry.origin.root_container = "root"
class.location.entry.origin.snapshot = "e2a94f7ed51c4db70bd1925f48aa228e91a541d03d7360823cbd02ab7965dd0c"
class.location.entry.origin.steps = []
class.location.entry.raw_name = [101,109,50,50,47,65,114,105,116,104,109,101,116,105,99,46,99,108,97,115,115]
class.location.kind = "archive_entry"
class.variant.kind = "base"
coverage.artifact_structural.scanned.0.end = 5
coverage.artifact_structural.scanned.0.label = "central_directory_entries"
coverage.artifact_structural.scanned.0.start = 0
coverage.artifact_structural.scanned.1.end = 1
coverage.artifact_structural.scanned.1.label = "navigation_candidates"
coverage.artifact_structural.scanned.1.start = 0
coverage.artifact_structural.scanned.2.end = 1
coverage.artifact_structural.scanned.2.label = "class_fields"
coverage.artifact_structural.scanned.2.start = 0
coverage.artifact_structural.scanned.3.end = 16
coverage.artifact_structural.scanned.3.label = "class_methods"
coverage.artifact_structural.scanned.3.start = 0
coverage.artifact_structural.scanned.4.end = 16
coverage.artifact_structural.scanned.4.label = "class_source_bodies"
coverage.artifact_structural.scanned.4.start = 0
coverage.artifact_structural.skipped = []
coverage.artifact_structural.state = "complete_within_schema"
coverage.artifact_structural.uninterpreted_extensions = []
coverage.dynamic_analysis.scanned = []
coverage.dynamic_analysis.skipped = []
coverage.dynamic_analysis.state = "not_requested"
coverage.dynamic_analysis.uninterpreted_extensions = []
coverage.runtime_resolution.scanned = []
coverage.runtime_resolution.skipped = []
coverage.runtime_resolution.state = "not_requested"
coverage.runtime_resolution.uninterpreted_extensions = []
declaration.annotation_attributes = []
declaration.annotation_refusals = []
declaration.annotation_uses = []
declaration.declaration = "public class Arithmetic extends java.lang.Object"
declaration.generic_refusal = null
declaration.generic_signature = null
declaration.item.binding.kind = "path_name_agrees"
declaration.item.declaration.access_flags = 33
declaration.item.declaration.interfaces = []
declaration.item.declaration.super_class.escaped = "java/lang/Object"
declaration.item.declaration.super_class.raw = [106,97,118,97,47,108,97,110,103,47,79,98,106,101,99,116]
declaration.item.declaration.super_class.utf16 = [106,97,118,97,47,108,97,110,103,47,79,98,106,101,99,116]
declaration.item.declaration.this_class.escaped = "em22/Arithmetic"
declaration.item.declaration.this_class.raw = [101,109,50,50,47,65,114,105,116,104,109,101,116,105,99]
declaration.item.declaration.this_class.utf16 = [101,109,50,50,47,65,114,105,116,104,109,101,116,105,99]
declaration.item.definition.class_bytes.digest = "e53fe838de69a4535618c1ad3cb7bf0567c6a3d069e142e1a6910adbd5ff208a"
declaration.item.definition.class_bytes.length = 854
declaration.item.definition.location.entry.ordinal = 3
declaration.item.definition.location.entry.origin.root_container = "root"
declaration.item.definition.location.entry.origin.snapshot = "e2a94f7ed51c4db70bd1925f48aa228e91a541d03d7360823cbd02ab7965dd0c"
declaration.item.definition.location.entry.origin.steps = []
declaration.item.definition.location.entry.raw_name = [101,109,50,50,47,65,114,105,116,104,109,101,116,105,99,46,99,108,97,115,115]
declaration.item.definition.location.kind = "archive_entry"
declaration.item.definition.variant.kind = "base"
declaration.item.member_table = null
declaration.name = "Arithmetic"
diagnostics = []
enum_switch_proofs = []
execution.status = "complete"
execution.usage.analysis_steps = 802
execution.usage.archive_entries = 14
execution.usage.attribute_bytes = 1188
execution.usage.class_bytes = 1708
execution.usage.class_headers = 1
execution.usage.code_bytes = 108
execution.usage.dependency_depth = 0
execution.usage.elapsed_millis = 38
execution.usage.entry_bytes = 854
execution.usage.input_bytes = 1753
execution.usage.ir_edges = 96
execution.usage.ir_items = 1994
execution.usage.method_bodies = 16
execution.usage.nested_depth = 0
execution.usage.normalization_clones = 0
execution.usage.output_bytes = 3174
execution.usage.read_bytes = 454
execution.usage.result_items = 61
fields.0.annotations.attributes = []
fields.0.annotations.refusals = []
fields.0.annotations.uses = []
fields.0.declaration = "private int calls"
fields.0.item.access_flags = 2
fields.0.item.descriptor.escaped = "I"
fields.0.item.descriptor.raw = [73]
fields.0.item.descriptor.utf16 = [73]
fields.0.item.identity.member.descriptor = [73]
fields.0.item.identity.member.kind = "field"
fields.0.item.identity.member.name = [99,97,108,108,115]
fields.0.item.identity.owner.class_bytes.digest = "e53fe838de69a4535618c1ad3cb7bf0567c6a3d069e142e1a6910adbd5ff208a"
fields.0.item.identity.owner.class_bytes.length = 854
fields.0.item.identity.owner.location.entry.ordinal = 3
fields.0.item.identity.owner.location.entry.origin.root_container = "root"
fields.0.item.identity.owner.location.entry.origin.snapshot = "e2a94f7ed51c4db70bd1925f48aa228e91a541d03d7360823cbd02ab7965dd0c"
fields.0.item.identity.owner.location.entry.origin.steps = []
fields.0.item.identity.owner.location.entry.raw_name = [101,109,50,50,47,65,114,105,116,104,109,101,116,105,99,46,99,108,97,115,115]
fields.0.item.identity.owner.location.kind = "archive_entry"
fields.0.item.identity.owner.variant.kind = "base"
fields.0.item.index = 0
fields.0.item.name.escaped = "calls"
fields.0.item.name.raw = [99,97,108,108,115]
fields.0.item.name.utf16 = [99,97,108,108,115]
fields.0.markers = []
fields.0.type_annotations.attributes = []
fields.0.type_annotations.field_uses = []
fields.0.type_annotations.parameter_uses = []
fields.0.type_annotations.refusals = []
fields.0.type_annotations.return_uses = []
initializer_proof.kind = "not_applicable"
limits.analysis_steps = 4194304
limits.archive_entries = 65536
limits.attribute_bytes = 67108864
limits.class_bytes = 67108864
limits.class_headers = 4096
limits.code_bytes = 16777216
limits.dependency_depth = 8
limits.elapsed_millis = 30000
limits.entry_bytes = 67108864
limits.input_bytes = 67108864
limits.ir_edges = 4194304
limits.ir_items = 4194304
limits.method_bodies = 4096
limits.nested_depth = 4
limits.normalization_clones = 1048576
limits.output_bytes = 16777216
limits.read_bytes = 67108864
limits.result_items = 65536
member_family.state = "absent"
methods.0.annotations.attributes = []
methods.0.annotations.refusals = []
methods.0.annotations.uses = []
methods.0.declaration = "public Arithmetic()"
methods.0.item.access_flags = 1
methods.0.item.body.content_span.length = 17
methods.0.item.body.content_span.start = 342
methods.0.item.body.kind = "code_attribute"
methods.0.item.descriptor.escaped = "()V"
methods.0.item.descriptor.raw = [40,41,86]
methods.0.item.descriptor.utf16 = [40,41,86]
methods.0.item.identity.descriptor = [40,41,86]
methods.0.item.identity.name = [60,105,110,105,116,62]
methods.0.item.identity.owner.class_bytes.digest = "e53fe838de69a4535618c1ad3cb7bf0567c6a3d069e142e1a6910adbd5ff208a"
methods.0.item.identity.owner.class_bytes.length = 854
methods.0.item.identity.owner.location.entry.ordinal = 3
methods.0.item.identity.owner.location.entry.origin.root_container = "root"
methods.0.item.identity.owner.location.entry.origin.snapshot = "e2a94f7ed51c4db70bd1925f48aa228e91a541d03d7360823cbd02ab7965dd0c"
methods.0.item.identity.owner.location.entry.origin.steps = []
methods.0.item.identity.owner.location.entry.raw_name = [101,109,50,50,47,65,114,105,116,104,109,101,116,105,99,46,99,108,97,115,115]
methods.0.item.identity.owner.location.kind = "archive_entry"
methods.0.item.identity.owner.variant.kind = "base"
methods.0.item.index = 0
methods.0.item.name.escaped = "<init>"
methods.0.item.name.raw = [60,105,110,105,116,62]
methods.0.item.name.utf16 = [60,105,110,105,116,62]
methods.0.markers = []
methods.0.no_body_kind = null
methods.0.outcome.analysis.diagnostics = 0
methods.0.outcome.analysis.execution.status = "complete"
methods.0.outcome.analysis.execution.usage.analysis_steps = 21
methods.0.outcome.analysis.execution.usage.archive_entries = 14
methods.0.outcome.analysis.execution.usage.attribute_bytes = 815
methods.0.outcome.analysis.execution.usage.class_bytes = 1708
methods.0.outcome.analysis.execution.usage.class_headers = 1
methods.0.outcome.analysis.execution.usage.code_bytes = 5
methods.0.outcome.analysis.execution.usage.dependency_depth = 0
methods.0.outcome.analysis.execution.usage.elapsed_millis = 22
methods.0.outcome.analysis.execution.usage.entry_bytes = 854
methods.0.outcome.analysis.execution.usage.input_bytes = 1753
methods.0.outcome.analysis.execution.usage.ir_edges = 2
methods.0.outcome.analysis.execution.usage.ir_items = 48
methods.0.outcome.analysis.execution.usage.method_bodies = 1
methods.0.outcome.analysis.execution.usage.nested_depth = 0
methods.0.outcome.analysis.execution.usage.normalization_clones = 0
methods.0.outcome.analysis.execution.usage.output_bytes = 0
methods.0.outcome.analysis.execution.usage.read_bytes = 454
methods.0.outcome.analysis.execution.usage.result_items = 45
methods.0.outcome.kind = "recovered"
methods.0.outcome.report.accessors = []
methods.0.outcome.report.aliased_names = []
methods.0.outcome.report.artifact.agreement.state = "not_stated"
methods.0.outcome.report.artifact.binding.engine = "0.1.0"
methods.0.outcome.report.artifact.binding.environment.content = ["e2a94f7ed51c4db70bd1925f48aa228e91a541d03d7360823cbd02ab7965dd0c"]
methods.0.outcome.report.artifact.binding.environment.domain_loaders = ["app"]
methods.0.outcome.report.artifact.binding.environment.providers = []
methods.0.outcome.report.artifact.binding.environment.runtime.load_domain.delegation.kind = "parent_first"
methods.0.outcome.report.artifact.binding.environment.runtime.load_domain.external_override = "none"
methods.0.outcome.report.artifact.binding.environment.runtime.load_domain.loader = "app"
methods.0.outcome.report.artifact.binding.environment.runtime.load_domain.module_mode.kind = "class_path"
methods.0.outcome.report.artifact.binding.environment.runtime.load_domain.parent_loader = null
methods.0.outcome.report.artifact.binding.environment.runtime.load_domain.roots.0.kind = "container"
methods.0.outcome.report.artifact.binding.environment.runtime.load_domain.roots.0.origin.root_container = "root"
methods.0.outcome.report.artifact.binding.environment.runtime.load_domain.roots.0.origin.snapshot = "e2a94f7ed51c4db70bd1925f48aa228e91a541d03d7360823cbd02ab7965dd0c"
methods.0.outcome.report.artifact.binding.environment.runtime.load_domain.roots.0.origin.steps = []
methods.0.outcome.report.artifact.binding.environment.runtime.load_domain.roots.0.prefix = []
methods.0.outcome.report.artifact.binding.environment.runtime.load_domain.runtime_transformation = "none"
methods.0.outcome.report.artifact.binding.environment.runtime.physical.scope.kind = "snapshot_all"
methods.0.outcome.report.artifact.binding.environment.runtime.physical.snapshot = "e2a94f7ed51c4db70bd1925f48aa228e91a541d03d7360823cbd02ab7965dd0c"
methods.0.outcome.report.artifact.binding.environment.runtime.profile.java_release = 8
methods.0.outcome.report.artifact.binding.environment.runtime.profile.layout.kind = "generic"
methods.0.outcome.report.artifact.binding.environment.runtime.profile.multi_release.kind = "disabled"
methods.0.outcome.report.artifact.binding.member_ordinal = 0
methods.0.outcome.report.artifact.binding.method.descriptor = [40,41,86]
methods.0.outcome.report.artifact.binding.method.name = [60,105,110,105,116,62]
methods.0.outcome.report.artifact.binding.method.owner.class_bytes.digest = "e53fe838de69a4535618c1ad3cb7bf0567c6a3d069e142e1a6910adbd5ff208a"
methods.0.outcome.report.artifact.binding.method.owner.class_bytes.length = 854
methods.0.outcome.report.artifact.binding.method.owner.location.entry.ordinal = 3
methods.0.outcome.report.artifact.binding.method.owner.location.entry.origin.root_container = "root"
methods.0.outcome.report.artifact.binding.method.owner.location.entry.origin.snapshot = "e2a94f7ed51c4db70bd1925f48aa228e91a541d03d7360823cbd02ab7965dd0c"
methods.0.outcome.report.artifact.binding.method.owner.location.entry.origin.steps = []
methods.0.outcome.report.artifact.binding.method.owner.location.entry.raw_name = [101,109,50,50,47,65,114,105,116,104,109,101,116,105,99,46,99,108,97,115,115]
methods.0.outcome.report.artifact.binding.method.owner.location.kind = "archive_entry"
methods.0.outcome.report.artifact.binding.method.owner.variant.kind = "base"
methods.0.outcome.report.artifact.binding.profile.java_release = 8
methods.0.outcome.report.artifact.binding.profile.layout.kind = "generic"
methods.0.outcome.report.artifact.binding.profile.multi_release.kind = "disabled"
methods.0.outcome.report.artifact.binding.registry = 71
methods.0.outcome.report.artifact.binding.rules = ["straight@1","if@1","loop@1","switch@1","lambda@1","concat@1","bridge@1","accessor@1","new@1","field@1","enumswitch@1","init@1","declaration@1","twr@1","monitor@1","finally@1"]
methods.0.outcome.report.artifact.binding.schema = 1
methods.0.outcome.report.artifact.binding.text_bytes = 189
methods.0.outcome.report.artifact.binding.text_digest = "94b5c2c452e82b6b539980d853977b1e"
methods.0.outcome.report.bridges = []
methods.0.outcome.report.compile_status = "not_attempted"
methods.0.outcome.report.concats = []
methods.0.outcome.report.content = "contains_statements"
methods.0.outcome.report.declaration = null
methods.0.outcome.report.diagnostics.0.code = "jre_recovery_produced"
methods.0.outcome.report.diagnostics.0.message = "1 region(s), 2 statement(s), 2 segment(s), 189 byte(s) written from 1 canonical block(s)"
methods.0.outcome.report.diagnostics.0.provenance = null
methods.0.outcome.report.diagnostics.0.severity = "info"
methods.0.outcome.report.diagnostics.1.code = "jre_constructor_prologue"
methods.0.outcome.report.diagnostics.1.message = "the body is an instance initializer and its prologue is written under init@1 as `super`: the call at BCI 1 names `java/lang/Object`, and the class that declares this constructor is `em22/Arithmetic`"
methods.0.outcome.report.diagnostics.1.provenance = null
methods.0.outcome.report.diagnostics.1.severity = "info"
methods.0.outcome.report.diagnostics.2.code = "jre_declaration"
methods.0.outcome.report.diagnostics.2.message = "the artifact's envelope states the member's declaration under declaration@1: a constructor"
methods.0.outcome.report.diagnostics.2.provenance = null
methods.0.outcome.report.diagnostics.2.severity = "info"
methods.0.outcome.report.enum_switches = []
methods.0.outcome.report.evidence.categories.0.kind = "source_map"
methods.0.outcome.report.evidence.categories.0.state.state = "not_requested"
methods.0.outcome.report.evidence.categories.1.kind = "region_details"
methods.0.outcome.report.evidence.categories.1.state.state = "not_requested"
methods.0.outcome.report.evidence.categories.2.kind = "rule_details"
methods.0.outcome.report.evidence.categories.2.state.state = "not_requested"
methods.0.outcome.report.evidence.categories.3.kind = "name_details"
methods.0.outcome.report.evidence.categories.3.state.state = "not_requested"
methods.0.outcome.report.evidence.categories.4.kind = "read_details"
methods.0.outcome.report.evidence.categories.4.state.state = "not_requested"
methods.0.outcome.report.evidence.requested.driver_bci_range = null
methods.0.outcome.report.evidence.requested.expected_artifact = null
methods.0.outcome.report.evidence.requested.kinds = []
methods.0.outcome.report.execution.status = "complete"
methods.0.outcome.report.execution.usage.analysis_steps = 36
methods.0.outcome.report.execution.usage.archive_entries = 14
methods.0.outcome.report.execution.usage.attribute_bytes = 815
methods.0.outcome.report.execution.usage.class_bytes = 1708
methods.0.outcome.report.execution.usage.class_headers = 1
methods.0.outcome.report.execution.usage.code_bytes = 5
methods.0.outcome.report.execution.usage.dependency_depth = 0
methods.0.outcome.report.execution.usage.elapsed_millis = 32
methods.0.outcome.report.execution.usage.entry_bytes = 854
methods.0.outcome.report.execution.usage.input_bytes = 1753
methods.0.outcome.report.execution.usage.ir_edges = 2
methods.0.outcome.report.execution.usage.ir_items = 63
methods.0.outcome.report.execution.usage.method_bodies = 1
methods.0.outcome.report.execution.usage.nested_depth = 0
methods.0.outcome.report.execution.usage.normalization_clones = 0
methods.0.outcome.report.execution.usage.output_bytes = 189
methods.0.outcome.report.execution.usage.read_bytes = 454
methods.0.outcome.report.execution.usage.result_items = 45
methods.0.outcome.report.fallbacks = []
methods.0.outcome.report.fields = []
methods.0.outcome.report.init = null
methods.0.outcome.report.lambdas = []
methods.0.outcome.report.method = "<init>()V"
methods.0.outcome.report.news = []
methods.0.outcome.report.outcome = "produced"
methods.0.outcome.report.profile.java_release = 8
methods.0.outcome.report.profile.layout.kind = "generic"
methods.0.outcome.report.profile.multi_release.kind = "disabled"
methods.0.outcome.report.quality = "structured"
methods.0.outcome.report.regions = []
methods.0.outcome.report.representation = "java"
methods.0.outcome.report.rules = []
methods.0.outcome.report.semantic_validation = "unproven"
methods.0.outcome.report.source_map.segments = []
methods.0.outcome.report.syntax_status = "unchecked"
methods.0.outcome.report.text = "// @method <init>()V\n// @declaration a constructor of `em22.Arithmetic`, member flags 0x0001\n// recovered from bytecode; presentation is not claimed to compile\n{\n    super();\n    return;\n}\n"
methods.0.outcome.report.verification = "not_performed"
methods.0.parameter_annotations.attributes = []
methods.0.parameter_annotations.refusals = []
methods.0.parameter_annotations.uses_by_position = []
methods.0.text = "    public Arithmetic() {\n        // @method <init>()V\n        // @declaration a constructor of `em22.Arithmetic`, member flags 0x0001\n        // recovered from bytecode; presentation is not claimed to compile\n        super();\n        return;\n    }\n"
methods.0.type_annotations.attributes = []
methods.0.type_annotations.field_uses = []
methods.0.type_annotations.parameter_uses = []
methods.0.type_annotations.refusals = []
methods.0.type_annotations.return_uses = []
methods.1.annotations.attributes = []
methods.1.annotations.refusals = []
methods.1.annotations.uses = []
methods.1.declaration = "public int multiply(int arg1)"
methods.1.item.access_flags = 1
methods.1.item.body.content_span.length = 18
methods.1.item.body.content_span.start = 373
methods.1.item.body.kind = "code_attribute"
methods.1.item.descriptor.escaped = "(I)I"
methods.1.item.descriptor.raw = [40,73,41,73]
methods.1.item.descriptor.utf16 = [40,73,41,73]
methods.1.item.identity.descriptor = [40,73,41,73]
methods.1.item.identity.name = [109,117,108,116,105,112,108,121]
methods.1.item.identity.owner.class_bytes.digest = "e53fe838de69a4535618c1ad3cb7bf0567c6a3d069e142e1a6910adbd5ff208a"
methods.1.item.identity.owner.class_bytes.length = 854
methods.1.item.identity.owner.location.entry.ordinal = 3
methods.1.item.identity.owner.location.entry.origin.root_container = "root"
methods.1.item.identity.owner.location.entry.origin.snapshot = "e2a94f7ed51c4db70bd1925f48aa228e91a541d03d7360823cbd02ab7965dd0c"
methods.1.item.identity.owner.location.entry.origin.steps = []
methods.1.item.identity.owner.location.entry.raw_name = [101,109,50,50,47,65,114,105,116,104,109,101,116,105,99,46,99,108,97,115,115]
methods.1.item.identity.owner.location.kind = "archive_entry"
methods.1.item.identity.owner.variant.kind = "base"
methods.1.item.index = 1
methods.1.item.name.escaped = "multiply"
methods.1.item.name.raw = [109,117,108,116,105,112,108,121]
methods.1.item.name.utf16 = [109,117,108,116,105,112,108,121]
methods.1.markers = []
methods.1.no_body_kind = null
methods.1.outcome.analysis.diagnostics = 0
methods.1.outcome.analysis.execution.status = "complete"
methods.1.outcome.analysis.execution.usage.analysis_steps = 68
methods.1.outcome.analysis.execution.usage.archive_entries = 14
methods.1.outcome.analysis.execution.usage.attribute_bytes = 839
methods.1.outcome.analysis.execution.usage.class_bytes = 1708
methods.1.outcome.analysis.execution.usage.class_headers = 1
methods.1.outcome.analysis.execution.usage.code_bytes = 11
methods.1.outcome.analysis.execution.usage.dependency_depth = 0
methods.1.outcome.analysis.execution.usage.elapsed_millis = 33
methods.1.outcome.analysis.execution.usage.entry_bytes = 854
methods.1.outcome.analysis.execution.usage.input_bytes = 1753
methods.1.outcome.analysis.execution.usage.ir_edges = 8
methods.1.outcome.analysis.execution.usage.ir_items = 158
methods.1.outcome.analysis.execution.usage.method_bodies = 2
methods.1.outcome.analysis.execution.usage.nested_depth = 0
methods.1.outcome.analysis.execution.usage.normalization_clones = 0
methods.1.outcome.analysis.execution.usage.output_bytes = 189
methods.1.outcome.analysis.execution.usage.read_bytes = 454
methods.1.outcome.analysis.execution.usage.result_items = 46
methods.1.outcome.kind = "recovered"
methods.1.outcome.report.accessors = []
methods.1.outcome.report.aliased_names = []
methods.1.outcome.report.artifact.agreement.state = "not_stated"
methods.1.outcome.report.artifact.binding.engine = "0.1.0"
methods.1.outcome.report.artifact.binding.environment.content = ["e2a94f7ed51c4db70bd1925f48aa228e91a541d03d7360823cbd02ab7965dd0c"]
methods.1.outcome.report.artifact.binding.environment.domain_loaders = ["app"]
methods.1.outcome.report.artifact.binding.environment.providers = []
methods.1.outcome.report.artifact.binding.environment.runtime.load_domain.delegation.kind = "parent_first"
methods.1.outcome.report.artifact.binding.environment.runtime.load_domain.external_override = "none"
methods.1.outcome.report.artifact.binding.environment.runtime.load_domain.loader = "app"
methods.1.outcome.report.artifact.binding.environment.runtime.load_domain.module_mode.kind = "class_path"
methods.1.outcome.report.artifact.binding.environment.runtime.load_domain.parent_loader = null
methods.1.outcome.report.artifact.binding.environment.runtime.load_domain.roots.0.kind = "container"
methods.1.outcome.report.artifact.binding.environment.runtime.load_domain.roots.0.origin.root_container = "root"
methods.1.outcome.report.artifact.binding.environment.runtime.load_domain.roots.0.origin.snapshot = "e2a94f7ed51c4db70bd1925f48aa228e91a541d03d7360823cbd02ab7965dd0c"
methods.1.outcome.report.artifact.binding.environment.runtime.load_domain.roots.0.origin.steps = []
methods.1.outcome.report.artifact.binding.environment.runtime.load_domain.roots.0.prefix = []
methods.1.outcome.report.artifact.binding.environment.runtime.load_domain.runtime_transformation = "none"
methods.1.outcome.report.artifact.binding.environment.runtime.physical.scope.kind = "snapshot_all"
methods.1.outcome.report.artifact.binding.environment.runtime.physical.snapshot = "e2a94f7ed51c4db70bd1925f48aa228e91a541d03d7360823cbd02ab7965dd0c"
methods.1.outcome.report.artifact.binding.environment.runtime.profile.java_release = 8
methods.1.outcome.report.artifact.binding.environment.runtime.profile.layout.kind = "generic"
methods.1.outcome.report.artifact.binding.environment.runtime.profile.multi_release.kind = "disabled"
methods.1.outcome.report.artifact.binding.member_ordinal = 1
methods.1.outcome.report.artifact.binding.method.descriptor = [40,73,41,73]
methods.1.outcome.report.artifact.binding.method.name = [109,117,108,116,105,112,108,121]
methods.1.outcome.report.artifact.binding.method.owner.class_bytes.digest = "e53fe838de69a4535618c1ad3cb7bf0567c6a3d069e142e1a6910adbd5ff208a"
methods.1.outcome.report.artifact.binding.method.owner.class_bytes.length = 854
methods.1.outcome.report.artifact.binding.method.owner.location.entry.ordinal = 3
methods.1.outcome.report.artifact.binding.method.owner.location.entry.origin.root_container = "root"
methods.1.outcome.report.artifact.binding.method.owner.location.entry.origin.snapshot = "e2a94f7ed51c4db70bd1925f48aa228e91a541d03d7360823cbd02ab7965dd0c"
methods.1.outcome.report.artifact.binding.method.owner.location.entry.origin.steps = []
methods.1.outcome.report.artifact.binding.method.owner.location.entry.raw_name = [101,109,50,50,47,65,114,105,116,104,109,101,116,105,99,46,99,108,97,115,115]
methods.1.outcome.report.artifact.binding.method.owner.location.kind = "archive_entry"
methods.1.outcome.report.artifact.binding.method.owner.variant.kind = "base"
methods.1.outcome.report.artifact.binding.profile.java_release = 8
methods.1.outcome.report.artifact.binding.profile.layout.kind = "generic"
methods.1.outcome.report.artifact.binding.profile.multi_release.kind = "disabled"
methods.1.outcome.report.artifact.binding.registry = 71
methods.1.outcome.report.artifact.binding.rules = ["straight@1","if@1","loop@1","switch@1","lambda@1","concat@1","bridge@1","accessor@1","new@1","field@1","enumswitch@1","init@1","declaration@1","twr@1","monitor@1","finally@1"]
methods.1.outcome.report.artifact.binding.schema = 1
methods.1.outcome.report.artifact.binding.text_bytes = 199
methods.1.outcome.report.artifact.binding.text_digest = "b2453a712c533c1faa5f4f2ec0a11dc7"
methods.1.outcome.report.bridges = []
methods.1.outcome.report.compile_status = "not_attempted"
methods.1.outcome.report.concats = []
methods.1.outcome.report.content = "contains_statements"
methods.1.outcome.report.declaration = null
methods.1.outcome.report.diagnostics.0.code = "jre_recovery_produced"
methods.1.outcome.report.diagnostics.0.message = "1 region(s), 1 statement(s), 6 segment(s), 199 byte(s) written from 1 canonical block(s)"
methods.1.outcome.report.diagnostics.0.provenance = null
methods.1.outcome.report.diagnostics.0.severity = "info"
methods.1.outcome.report.diagnostics.1.code = "jre_declaration"
methods.1.outcome.report.diagnostics.1.message = "the artifact's envelope states the member's declaration under declaration@1: an instance method"
methods.1.outcome.report.diagnostics.1.provenance = null
methods.1.outcome.report.diagnostics.1.severity = "info"
methods.1.outcome.report.enum_switches = []
methods.1.outcome.report.evidence.categories.0.kind = "source_map"
methods.1.outcome.report.evidence.categories.0.state.state = "not_requested"
methods.1.outcome.report.evidence.categories.1.kind = "region_details"
methods.1.outcome.report.evidence.categories.1.state.state = "not_requested"
methods.1.outcome.report.evidence.categories.2.kind = "rule_details"
methods.1.outcome.report.evidence.categories.2.state.state = "not_requested"
methods.1.outcome.report.evidence.categories.3.kind = "name_details"
methods.1.outcome.report.evidence.categories.3.state.state = "not_requested"
methods.1.outcome.report.evidence.categories.4.kind = "read_details"
methods.1.outcome.report.evidence.categories.4.state.state = "not_requested"
methods.1.outcome.report.evidence.requested.driver_bci_range = null
methods.1.outcome.report.evidence.requested.expected_artifact = null
methods.1.outcome.report.evidence.requested.kinds = []
methods.1.outcome.report.execution.status = "complete"
methods.1.outcome.report.execution.usage.analysis_steps = 89
methods.1.outcome.report.execution.usage.archive_entries = 14
methods.1.outcome.report.execution.usage.attribute_bytes = 839
methods.1.outcome.report.execution.usage.class_bytes = 1708
methods.1.outcome.report.execution.usage.class_headers = 1
methods.1.outcome.report.execution.usage.code_bytes = 11
methods.1.outcome.report.execution.usage.dependency_depth = 0
methods.1.outcome.report.execution.usage.elapsed_millis = 33
methods.1.outcome.report.execution.usage.entry_bytes = 854
methods.1.outcome.report.execution.usage.input_bytes = 1753
methods.1.outcome.report.execution.usage.ir_edges = 8
methods.1.outcome.report.execution.usage.ir_items = 186
methods.1.outcome.report.execution.usage.method_bodies = 2
methods.1.outcome.report.execution.usage.nested_depth = 0
methods.1.outcome.report.execution.usage.normalization_clones = 0
methods.1.outcome.report.execution.usage.output_bytes = 388
methods.1.outcome.report.execution.usage.read_bytes = 454
methods.1.outcome.report.execution.usage.result_items = 46
methods.1.outcome.report.fallbacks = []
methods.1.outcome.report.fields = []
methods.1.outcome.report.init = null
methods.1.outcome.report.lambdas = []
methods.1.outcome.report.method = "multiply(I)I"
methods.1.outcome.report.news = []
methods.1.outcome.report.outcome = "produced"
methods.1.outcome.report.profile.java_release = 8
methods.1.outcome.report.profile.layout.kind = "generic"
methods.1.outcome.report.profile.multi_release.kind = "disabled"
methods.1.outcome.report.quality = "structured"
methods.1.outcome.report.regions = []
methods.1.outcome.report.representation = "java"
methods.1.outcome.report.rules = []
methods.1.outcome.report.semantic_validation = "unproven"
methods.1.outcome.report.source_map.segments = []
methods.1.outcome.report.syntax_status = "unchecked"
methods.1.outcome.report.text = "// @method multiply(I)I\n// @declaration an instance method of `em22.Arithmetic`, member flags 0x0001\n// recovered from bytecode; presentation is not claimed to compile\n{\n    return (arg1 + 2) * 3;\n}\n"
methods.1.outcome.report.verification = "not_performed"
methods.1.parameter_annotations.attributes = []
methods.1.parameter_annotations.refusals = []
methods.1.parameter_annotations.uses_by_position = [[]]
methods.1.text = "    public int multiply(int arg1) {\n        // @method multiply(I)I\n        // @declaration an instance method of `em22.Arithmetic`, member flags 0x0001\n        // recovered from bytecode; presentation is not claimed to compile\n        return (arg1 + 2) * 3;\n    }\n"
methods.1.type_annotations.attributes = []
methods.1.type_annotations.field_uses = []
methods.1.type_annotations.parameter_uses = [[]]
methods.1.type_annotations.refusals = []
methods.1.type_annotations.return_uses = []
methods.2.annotations.attributes = []
methods.2.annotations.refusals = []
methods.2.annotations.uses = []
methods.2.declaration = "public int sum(int arg1, int arg2, int arg3)"
methods.2.item.access_flags = 1
methods.2.item.body.content_span.length = 18
methods.2.item.body.content_span.start = 405
methods.2.item.body.kind = "code_attribute"
methods.2.item.descriptor.escaped = "(III)I"
methods.2.item.descriptor.raw = [40,73,73,73,41,73]
methods.2.item.descriptor.utf16 = [40,73,73,73,41,73]
methods.2.item.identity.descriptor = [40,73,73,73,41,73]
methods.2.item.identity.name = [115,117,109]
methods.2.item.identity.owner.class_bytes.digest = "e53fe838de69a4535618c1ad3cb7bf0567c6a3d069e142e1a6910adbd5ff208a"
methods.2.item.identity.owner.class_bytes.length = 854
methods.2.item.identity.owner.location.entry.ordinal = 3
methods.2.item.identity.owner.location.entry.origin.root_container = "root"
methods.2.item.identity.owner.location.entry.origin.snapshot = "e2a94f7ed51c4db70bd1925f48aa228e91a541d03d7360823cbd02ab7965dd0c"
methods.2.item.identity.owner.location.entry.origin.steps = []
methods.2.item.identity.owner.location.entry.raw_name = [101,109,50,50,47,65,114,105,116,104,109,101,116,105,99,46,99,108,97,115,115]
methods.2.item.identity.owner.location.kind = "archive_entry"
methods.2.item.identity.owner.variant.kind = "base"
methods.2.item.index = 2
methods.2.item.name.escaped = "sum"
methods.2.item.name.raw = [115,117,109]
methods.2.item.name.utf16 = [115,117,109]
methods.2.markers = []
methods.2.no_body_kind = null
methods.2.outcome.analysis.diagnostics = 0
methods.2.outcome.analysis.execution.status = "complete"
methods.2.outcome.analysis.execution.usage.analysis_steps = 121
methods.2.outcome.analysis.execution.usage.archive_entries = 14
methods.2.outcome.analysis.execution.usage.attribute_bytes = 863
methods.2.outcome.analysis.execution.usage.class_bytes = 1708
methods.2.outcome.analysis.execution.usage.class_headers = 1
methods.2.outcome.analysis.execution.usage.code_bytes = 17
methods.2.outcome.analysis.execution.usage.dependency_depth = 0
methods.2.outcome.analysis.execution.usage.elapsed_millis = 33
methods.2.outcome.analysis.execution.usage.entry_bytes = 854
methods.2.outcome.analysis.execution.usage.input_bytes = 1753
methods.2.outcome.analysis.execution.usage.ir_edges = 16
methods.2.outcome.analysis.execution.usage.ir_items = 307
methods.2.outcome.analysis.execution.usage.method_bodies = 3
methods.2.outcome.analysis.execution.usage.nested_depth = 0
methods.2.outcome.analysis.execution.usage.normalization_clones = 0
methods.2.outcome.analysis.execution.usage.output_bytes = 388
methods.2.outcome.analysis.execution.usage.read_bytes = 454
methods.2.outcome.analysis.execution.usage.result_items = 47
methods.2.outcome.kind = "recovered"
methods.2.outcome.report.accessors = []
methods.2.outcome.report.aliased_names = []
methods.2.outcome.report.artifact.agreement.state = "not_stated"
methods.2.outcome.report.artifact.binding.engine = "0.1.0"
methods.2.outcome.report.artifact.binding.environment.content = ["e2a94f7ed51c4db70bd1925f48aa228e91a541d03d7360823cbd02ab7965dd0c"]
methods.2.outcome.report.artifact.binding.environment.domain_loaders = ["app"]
methods.2.outcome.report.artifact.binding.environment.providers = []
methods.2.outcome.report.artifact.binding.environment.runtime.load_domain.delegation.kind = "parent_first"
methods.2.outcome.report.artifact.binding.environment.runtime.load_domain.external_override = "none"
methods.2.outcome.report.artifact.binding.environment.runtime.load_domain.loader = "app"
methods.2.outcome.report.artifact.binding.environment.runtime.load_domain.module_mode.kind = "class_path"
methods.2.outcome.report.artifact.binding.environment.runtime.load_domain.parent_loader = null
methods.2.outcome.report.artifact.binding.environment.runtime.load_domain.roots.0.kind = "container"
methods.2.outcome.report.artifact.binding.environment.runtime.load_domain.roots.0.origin.root_container = "root"
methods.2.outcome.report.artifact.binding.environment.runtime.load_domain.roots.0.origin.snapshot = "e2a94f7ed51c4db70bd1925f48aa228e91a541d03d7360823cbd02ab7965dd0c"
methods.2.outcome.report.artifact.binding.environment.runtime.load_domain.roots.0.origin.steps = []
methods.2.outcome.report.artifact.binding.environment.runtime.load_domain.roots.0.prefix = []
methods.2.outcome.report.artifact.binding.environment.runtime.load_domain.runtime_transformation = "none"
methods.2.outcome.report.artifact.binding.environment.runtime.physical.scope.kind = "snapshot_all"
methods.2.outcome.report.artifact.binding.environment.runtime.physical.snapshot = "e2a94f7ed51c4db70bd1925f48aa228e91a541d03d7360823cbd02ab7965dd0c"
methods.2.outcome.report.artifact.binding.environment.runtime.profile.java_release = 8
methods.2.outcome.report.artifact.binding.environment.runtime.profile.layout.kind = "generic"
methods.2.outcome.report.artifact.binding.environment.runtime.profile.multi_release.kind = "disabled"
methods.2.outcome.report.artifact.binding.member_ordinal = 2
methods.2.outcome.report.artifact.binding.method.descriptor = [40,73,73,73,41,73]
methods.2.outcome.report.artifact.binding.method.name = [115,117,109]
methods.2.outcome.report.artifact.binding.method.owner.class_bytes.digest = "e53fe838de69a4535618c1ad3cb7bf0567c6a3d069e142e1a6910adbd5ff208a"
methods.2.outcome.report.artifact.binding.method.owner.class_bytes.length = 854
methods.2.outcome.report.artifact.binding.method.owner.location.entry.ordinal = 3
methods.2.outcome.report.artifact.binding.method.owner.location.entry.origin.root_container = "root"
methods.2.outcome.report.artifact.binding.method.owner.location.entry.origin.snapshot = "e2a94f7ed51c4db70bd1925f48aa228e91a541d03d7360823cbd02ab7965dd0c"
methods.2.outcome.report.artifact.binding.method.owner.location.entry.origin.steps = []
methods.2.outcome.report.artifact.binding.method.owner.location.entry.raw_name = [101,109,50,50,47,65,114,105,116,104,109,101,116,105,99,46,99,108,97,115,115]
methods.2.outcome.report.artifact.binding.method.owner.location.kind = "archive_entry"
methods.2.outcome.report.artifact.binding.method.owner.variant.kind = "base"
methods.2.outcome.report.artifact.binding.profile.java_release = 8
methods.2.outcome.report.artifact.binding.profile.layout.kind = "generic"
methods.2.outcome.report.artifact.binding.profile.multi_release.kind = "disabled"
methods.2.outcome.report.artifact.binding.registry = 71
methods.2.outcome.report.artifact.binding.rules = ["straight@1","if@1","loop@1","switch@1","lambda@1","concat@1","bridge@1","accessor@1","new@1","field@1","enumswitch@1","init@1","declaration@1","twr@1","monitor@1","finally@1"]
methods.2.outcome.report.artifact.binding.schema = 1
methods.2.outcome.report.artifact.binding.text_bytes = 200
methods.2.outcome.report.artifact.binding.text_digest = "c8c10e8ae93c523f80580a78d692f654"
methods.2.outcome.report.bridges = []
methods.2.outcome.report.compile_status = "not_attempted"
methods.2.outcome.report.concats = []
methods.2.outcome.report.content = "contains_statements"
methods.2.outcome.report.declaration = null
methods.2.outcome.report.diagnostics.0.code = "jre_recovery_produced"
methods.2.outcome.report.diagnostics.0.message = "1 region(s), 1 statement(s), 6 segment(s), 200 byte(s) written from 1 canonical block(s)"
methods.2.outcome.report.diagnostics.0.provenance = null
methods.2.outcome.report.diagnostics.0.severity = "info"
methods.2.outcome.report.diagnostics.1.code = "jre_declaration"
methods.2.outcome.report.diagnostics.1.message = "the artifact's envelope states the member's declaration under declaration@1: an instance method"
methods.2.outcome.report.diagnostics.1.provenance = null
methods.2.outcome.report.diagnostics.1.severity = "info"
methods.2.outcome.report.enum_switches = []
methods.2.outcome.report.evidence.categories.0.kind = "source_map"
methods.2.outcome.report.evidence.categories.0.state.state = "not_requested"
methods.2.outcome.report.evidence.categories.1.kind = "region_details"
methods.2.outcome.report.evidence.categories.1.state.state = "not_requested"
methods.2.outcome.report.evidence.categories.2.kind = "rule_details"
methods.2.outcome.report.evidence.categories.2.state.state = "not_requested"
methods.2.outcome.report.evidence.categories.3.kind = "name_details"
methods.2.outcome.report.evidence.categories.3.state.state = "not_requested"
methods.2.outcome.report.evidence.categories.4.kind = "read_details"
methods.2.outcome.report.evidence.categories.4.state.state = "not_requested"
methods.2.outcome.report.evidence.requested.driver_bci_range = null
methods.2.outcome.report.evidence.requested.expected_artifact = null
methods.2.outcome.report.evidence.requested.kinds = []
methods.2.outcome.report.execution.status = "complete"
methods.2.outcome.report.execution.usage.analysis_steps = 144
methods.2.outcome.report.execution.usage.archive_entries = 14
methods.2.outcome.report.execution.usage.attribute_bytes = 863
methods.2.outcome.report.execution.usage.class_bytes = 1708
methods.2.outcome.report.execution.usage.class_headers = 1
methods.2.outcome.report.execution.usage.code_bytes = 17
methods.2.outcome.report.execution.usage.dependency_depth = 0
methods.2.outcome.report.execution.usage.elapsed_millis = 34
methods.2.outcome.report.execution.usage.entry_bytes = 854
methods.2.outcome.report.execution.usage.input_bytes = 1753
methods.2.outcome.report.execution.usage.ir_edges = 16
methods.2.outcome.report.execution.usage.ir_items = 337
methods.2.outcome.report.execution.usage.method_bodies = 3
methods.2.outcome.report.execution.usage.nested_depth = 0
methods.2.outcome.report.execution.usage.normalization_clones = 0
methods.2.outcome.report.execution.usage.output_bytes = 588
methods.2.outcome.report.execution.usage.read_bytes = 454
methods.2.outcome.report.execution.usage.result_items = 47
methods.2.outcome.report.fallbacks = []
methods.2.outcome.report.fields = []
methods.2.outcome.report.init = null
methods.2.outcome.report.lambdas = []
methods.2.outcome.report.method = "sum(III)I"
methods.2.outcome.report.news = []
methods.2.outcome.report.outcome = "produced"
methods.2.outcome.report.profile.java_release = 8
methods.2.outcome.report.profile.layout.kind = "generic"
methods.2.outcome.report.profile.multi_release.kind = "disabled"
methods.2.outcome.report.quality = "structured"
methods.2.outcome.report.regions = []
methods.2.outcome.report.representation = "java"
methods.2.outcome.report.rules = []
methods.2.outcome.report.semantic_validation = "unproven"
methods.2.outcome.report.source_map.segments = []
methods.2.outcome.report.syntax_status = "unchecked"
methods.2.outcome.report.text = "// @method sum(III)I\n// @declaration an instance method of `em22.Arithmetic`, member flags 0x0001\n// recovered from bytecode; presentation is not claimed to compile\n{\n    return arg1 + arg2 + arg3;\n}\n"
methods.2.outcome.report.verification = "not_performed"
methods.2.parameter_annotations.attributes = []
methods.2.parameter_annotations.refusals = []
methods.2.parameter_annotations.uses_by_position = [[],[],[]]
methods.2.text = "    public int sum(int arg1, int arg2, int arg3) {\n        // @method sum(III)I\n        // @declaration an instance method of `em22.Arithmetic`, member flags 0x0001\n        // recovered from bytecode; presentation is not claimed to compile\n        return arg1 + arg2 + arg3;\n    }\n"
methods.2.type_annotations.attributes = []
methods.2.type_annotations.field_uses = []
methods.2.type_annotations.parameter_uses = [[],[],[]]
methods.2.type_annotations.refusals = []
methods.2.type_annotations.return_uses = []
methods.3.annotations.attributes = []
methods.3.annotations.refusals = []
methods.3.annotations.uses = []
methods.3.declaration = "public int subtract(int arg1, int arg2, int arg3)"
methods.3.item.access_flags = 1
methods.3.item.body.content_span.length = 18
methods.3.item.body.content_span.start = 437
methods.3.item.body.kind = "code_attribute"
methods.3.item.descriptor.escaped = "(III)I"
methods.3.item.descriptor.raw = [40,73,73,73,41,73]
methods.3.item.descriptor.utf16 = [40,73,73,73,41,73]
methods.3.item.identity.descriptor = [40,73,73,73,41,73]
methods.3.item.identity.name = [115,117,98,116,114,97,99,116]
methods.3.item.identity.owner.class_bytes.digest = "e53fe838de69a4535618c1ad3cb7bf0567c6a3d069e142e1a6910adbd5ff208a"
methods.3.item.identity.owner.class_bytes.length = 854
methods.3.item.identity.owner.location.entry.ordinal = 3
methods.3.item.identity.owner.location.entry.origin.root_container = "root"
methods.3.item.identity.owner.location.entry.origin.snapshot = "e2a94f7ed51c4db70bd1925f48aa228e91a541d03d7360823cbd02ab7965dd0c"
methods.3.item.identity.owner.location.entry.origin.steps = []
methods.3.item.identity.owner.location.entry.raw_name = [101,109,50,50,47,65,114,105,116,104,109,101,116,105,99,46,99,108,97,115,115]
methods.3.item.identity.owner.location.kind = "archive_entry"
methods.3.item.identity.owner.variant.kind = "base"
methods.3.item.index = 3
methods.3.item.name.escaped = "subtract"
methods.3.item.name.raw = [115,117,98,116,114,97,99,116]
methods.3.item.name.utf16 = [115,117,98,116,114,97,99,116]
methods.3.markers = []
methods.3.no_body_kind = null
methods.3.outcome.analysis.diagnostics = 0
methods.3.outcome.analysis.execution.status = "complete"
methods.3.outcome.analysis.execution.usage.analysis_steps = 176
methods.3.outcome.analysis.execution.usage.archive_entries = 14
methods.3.outcome.analysis.execution.usage.attribute_bytes = 887
methods.3.outcome.analysis.execution.usage.class_bytes = 1708
methods.3.outcome.analysis.execution.usage.class_headers = 1
methods.3.outcome.analysis.execution.usage.code_bytes = 23
methods.3.outcome.analysis.execution.usage.dependency_depth = 0
methods.3.outcome.analysis.execution.usage.elapsed_millis = 34
methods.3.outcome.analysis.execution.usage.entry_bytes = 854
methods.3.outcome.analysis.execution.usage.input_bytes = 1753
methods.3.outcome.analysis.execution.usage.ir_edges = 24
methods.3.outcome.analysis.execution.usage.ir_items = 458
methods.3.outcome.analysis.execution.usage.method_bodies = 4
methods.3.outcome.analysis.execution.usage.nested_depth = 0
methods.3.outcome.analysis.execution.usage.normalization_clones = 0
methods.3.outcome.analysis.execution.usage.output_bytes = 588
methods.3.outcome.analysis.execution.usage.read_bytes = 454
methods.3.outcome.analysis.execution.usage.result_items = 48
methods.3.outcome.kind = "recovered"
methods.3.outcome.report.accessors = []
methods.3.outcome.report.aliased_names = []
methods.3.outcome.report.artifact.agreement.state = "not_stated"
methods.3.outcome.report.artifact.binding.engine = "0.1.0"
methods.3.outcome.report.artifact.binding.environment.content = ["e2a94f7ed51c4db70bd1925f48aa228e91a541d03d7360823cbd02ab7965dd0c"]
methods.3.outcome.report.artifact.binding.environment.domain_loaders = ["app"]
methods.3.outcome.report.artifact.binding.environment.providers = []
methods.3.outcome.report.artifact.binding.environment.runtime.load_domain.delegation.kind = "parent_first"
methods.3.outcome.report.artifact.binding.environment.runtime.load_domain.external_override = "none"
methods.3.outcome.report.artifact.binding.environment.runtime.load_domain.loader = "app"
methods.3.outcome.report.artifact.binding.environment.runtime.load_domain.module_mode.kind = "class_path"
methods.3.outcome.report.artifact.binding.environment.runtime.load_domain.parent_loader = null
methods.3.outcome.report.artifact.binding.environment.runtime.load_domain.roots.0.kind = "container"
methods.3.outcome.report.artifact.binding.environment.runtime.load_domain.roots.0.origin.root_container = "root"
methods.3.outcome.report.artifact.binding.environment.runtime.load_domain.roots.0.origin.snapshot = "e2a94f7ed51c4db70bd1925f48aa228e91a541d03d7360823cbd02ab7965dd0c"
methods.3.outcome.report.artifact.binding.environment.runtime.load_domain.roots.0.origin.steps = []
methods.3.outcome.report.artifact.binding.environment.runtime.load_domain.roots.0.prefix = []
methods.3.outcome.report.artifact.binding.environment.runtime.load_domain.runtime_transformation = "none"
methods.3.outcome.report.artifact.binding.environment.runtime.physical.scope.kind = "snapshot_all"
methods.3.outcome.report.artifact.binding.environment.runtime.physical.snapshot = "e2a94f7ed51c4db70bd1925f48aa228e91a541d03d7360823cbd02ab7965dd0c"
methods.3.outcome.report.artifact.binding.environment.runtime.profile.java_release = 8
methods.3.outcome.report.artifact.binding.environment.runtime.profile.layout.kind = "generic"
methods.3.outcome.report.artifact.binding.environment.runtime.profile.multi_release.kind = "disabled"
methods.3.outcome.report.artifact.binding.member_ordinal = 3
methods.3.outcome.report.artifact.binding.method.descriptor = [40,73,73,73,41,73]
methods.3.outcome.report.artifact.binding.method.name = [115,117,98,116,114,97,99,116]
methods.3.outcome.report.artifact.binding.method.owner.class_bytes.digest = "e53fe838de69a4535618c1ad3cb7bf0567c6a3d069e142e1a6910adbd5ff208a"
methods.3.outcome.report.artifact.binding.method.owner.class_bytes.length = 854
methods.3.outcome.report.artifact.binding.method.owner.location.entry.ordinal = 3
methods.3.outcome.report.artifact.binding.method.owner.location.entry.origin.root_container = "root"
methods.3.outcome.report.artifact.binding.method.owner.location.entry.origin.snapshot = "e2a94f7ed51c4db70bd1925f48aa228e91a541d03d7360823cbd02ab7965dd0c"
methods.3.outcome.report.artifact.binding.method.owner.location.entry.origin.steps = []
methods.3.outcome.report.artifact.binding.method.owner.location.entry.raw_name = [101,109,50,50,47,65,114,105,116,104,109,101,116,105,99,46,99,108,97,115,115]
methods.3.outcome.report.artifact.binding.method.owner.location.kind = "archive_entry"
methods.3.outcome.report.artifact.binding.method.owner.variant.kind = "base"
methods.3.outcome.report.artifact.binding.profile.java_release = 8
methods.3.outcome.report.artifact.binding.profile.layout.kind = "generic"
methods.3.outcome.report.artifact.binding.profile.multi_release.kind = "disabled"
methods.3.outcome.report.artifact.binding.registry = 71
methods.3.outcome.report.artifact.binding.rules = ["straight@1","if@1","loop@1","switch@1","lambda@1","concat@1","bridge@1","accessor@1","new@1","field@1","enumswitch@1","init@1","declaration@1","twr@1","monitor@1","finally@1"]
methods.3.outcome.report.artifact.binding.schema = 1
methods.3.outcome.report.artifact.binding.text_bytes = 207
methods.3.outcome.report.artifact.binding.text_digest = "f9b1508c32bcb0e45e6931a20d203534"
methods.3.outcome.report.bridges = []
methods.3.outcome.report.compile_status = "not_attempted"
methods.3.outcome.report.concats = []
methods.3.outcome.report.content = "contains_statements"
methods.3.outcome.report.declaration = null
methods.3.outcome.report.diagnostics.0.code = "jre_recovery_produced"
methods.3.outcome.report.diagnostics.0.message = "1 region(s), 1 statement(s), 6 segment(s), 207 byte(s) written from 1 canonical block(s)"
methods.3.outcome.report.diagnostics.0.provenance = null
methods.3.outcome.report.diagnostics.0.severity = "info"
methods.3.outcome.report.diagnostics.1.code = "jre_declaration"
methods.3.outcome.report.diagnostics.1.message = "the artifact's envelope states the member's declaration under declaration@1: an instance method"
methods.3.outcome.report.diagnostics.1.provenance = null
methods.3.outcome.report.diagnostics.1.severity = "info"
methods.3.outcome.report.enum_switches = []
methods.3.outcome.report.evidence.categories.0.kind = "source_map"
methods.3.outcome.report.evidence.categories.0.state.state = "not_requested"
methods.3.outcome.report.evidence.categories.1.kind = "region_details"
methods.3.outcome.report.evidence.categories.1.state.state = "not_requested"
methods.3.outcome.report.evidence.categories.2.kind = "rule_details"
methods.3.outcome.report.evidence.categories.2.state.state = "not_requested"
methods.3.outcome.report.evidence.categories.3.kind = "name_details"
methods.3.outcome.report.evidence.categories.3.state.state = "not_requested"
methods.3.outcome.report.evidence.categories.4.kind = "read_details"
methods.3.outcome.report.evidence.categories.4.state.state = "not_requested"
methods.3.outcome.report.evidence.requested.driver_bci_range = null
methods.3.outcome.report.evidence.requested.expected_artifact = null
methods.3.outcome.report.evidence.requested.kinds = []
methods.3.outcome.report.execution.status = "complete"
methods.3.outcome.report.execution.usage.analysis_steps = 199
methods.3.outcome.report.execution.usage.archive_entries = 14
methods.3.outcome.report.execution.usage.attribute_bytes = 887
methods.3.outcome.report.execution.usage.class_bytes = 1708
methods.3.outcome.report.execution.usage.class_headers = 1
methods.3.outcome.report.execution.usage.code_bytes = 23
methods.3.outcome.report.execution.usage.dependency_depth = 0
methods.3.outcome.report.execution.usage.elapsed_millis = 34
methods.3.outcome.report.execution.usage.entry_bytes = 854
methods.3.outcome.report.execution.usage.input_bytes = 1753
methods.3.outcome.report.execution.usage.ir_edges = 24
methods.3.outcome.report.execution.usage.ir_items = 488
methods.3.outcome.report.execution.usage.method_bodies = 4
methods.3.outcome.report.execution.usage.nested_depth = 0
methods.3.outcome.report.execution.usage.normalization_clones = 0
methods.3.outcome.report.execution.usage.output_bytes = 795
methods.3.outcome.report.execution.usage.read_bytes = 454
methods.3.outcome.report.execution.usage.result_items = 48
methods.3.outcome.report.fallbacks = []
methods.3.outcome.report.fields = []
methods.3.outcome.report.init = null
methods.3.outcome.report.lambdas = []
methods.3.outcome.report.method = "subtract(III)I"
methods.3.outcome.report.news = []
methods.3.outcome.report.outcome = "produced"
methods.3.outcome.report.profile.java_release = 8
methods.3.outcome.report.profile.layout.kind = "generic"
methods.3.outcome.report.profile.multi_release.kind = "disabled"
methods.3.outcome.report.quality = "structured"
methods.3.outcome.report.regions = []
methods.3.outcome.report.representation = "java"
methods.3.outcome.report.rules = []
methods.3.outcome.report.semantic_validation = "unproven"
methods.3.outcome.report.source_map.segments = []
methods.3.outcome.report.syntax_status = "unchecked"
methods.3.outcome.report.text = "// @method subtract(III)I\n// @declaration an instance method of `em22.Arithmetic`, member flags 0x0001\n// recovered from bytecode; presentation is not claimed to compile\n{\n    return arg1 - (arg2 - arg3);\n}\n"
methods.3.outcome.report.verification = "not_performed"
methods.3.parameter_annotations.attributes = []
methods.3.parameter_annotations.refusals = []
methods.3.parameter_annotations.uses_by_position = [[],[],[]]
methods.3.text = "    public int subtract(int arg1, int arg2, int arg3) {\n        // @method subtract(III)I\n        // @declaration an instance method of `em22.Arithmetic`, member flags 0x0001\n        // recovered from bytecode; presentation is not claimed to compile\n        return arg1 - (arg2 - arg3);\n    }\n"
methods.3.type_annotations.attributes = []
methods.3.type_annotations.field_uses = []
methods.3.type_annotations.parameter_uses = [[],[],[]]
methods.3.type_annotations.refusals = []
methods.3.type_annotations.return_uses = []
methods.4.annotations.attributes = []
methods.4.annotations.refusals = []
methods.4.annotations.uses = []
methods.4.declaration = "public int divide(int arg1, int arg2, int arg3)"
methods.4.item.access_flags = 1
methods.4.item.body.content_span.length = 18
methods.4.item.body.content_span.start = 469
methods.4.item.body.kind = "code_attribute"
methods.4.item.descriptor.escaped = "(III)I"
methods.4.item.descriptor.raw = [40,73,73,73,41,73]
methods.4.item.descriptor.utf16 = [40,73,73,73,41,73]
methods.4.item.identity.descriptor = [40,73,73,73,41,73]
methods.4.item.identity.name = [100,105,118,105,100,101]
methods.4.item.identity.owner.class_bytes.digest = "e53fe838de69a4535618c1ad3cb7bf0567c6a3d069e142e1a6910adbd5ff208a"
methods.4.item.identity.owner.class_bytes.length = 854
methods.4.item.identity.owner.location.entry.ordinal = 3
methods.4.item.identity.owner.location.entry.origin.root_container = "root"
methods.4.item.identity.owner.location.entry.origin.snapshot = "e2a94f7ed51c4db70bd1925f48aa228e91a541d03d7360823cbd02ab7965dd0c"
methods.4.item.identity.owner.location.entry.origin.steps = []
methods.4.item.identity.owner.location.entry.raw_name = [101,109,50,50,47,65,114,105,116,104,109,101,116,105,99,46,99,108,97,115,115]
methods.4.item.identity.owner.location.kind = "archive_entry"
methods.4.item.identity.owner.variant.kind = "base"
methods.4.item.index = 4
methods.4.item.name.escaped = "divide"
methods.4.item.name.raw = [100,105,118,105,100,101]
methods.4.item.name.utf16 = [100,105,118,105,100,101]
methods.4.markers = []
methods.4.no_body_kind = null
methods.4.outcome.analysis.diagnostics = 0
methods.4.outcome.analysis.execution.status = "complete"
methods.4.outcome.analysis.execution.usage.analysis_steps = 233
methods.4.outcome.analysis.execution.usage.archive_entries = 14
methods.4.outcome.analysis.execution.usage.attribute_bytes = 911
methods.4.outcome.analysis.execution.usage.class_bytes = 1708
methods.4.outcome.analysis.execution.usage.class_headers = 1
methods.4.outcome.analysis.execution.usage.code_bytes = 29
methods.4.outcome.analysis.execution.usage.dependency_depth = 0
methods.4.outcome.analysis.execution.usage.elapsed_millis = 34
methods.4.outcome.analysis.execution.usage.entry_bytes = 854
methods.4.outcome.analysis.execution.usage.input_bytes = 1753
methods.4.outcome.analysis.execution.usage.ir_edges = 32
methods.4.outcome.analysis.execution.usage.ir_items = 613
methods.4.outcome.analysis.execution.usage.method_bodies = 5
methods.4.outcome.analysis.execution.usage.nested_depth = 0
methods.4.outcome.analysis.execution.usage.normalization_clones = 0
methods.4.outcome.analysis.execution.usage.output_bytes = 795
methods.4.outcome.analysis.execution.usage.read_bytes = 454
methods.4.outcome.analysis.execution.usage.result_items = 49
methods.4.outcome.kind = "recovered"
methods.4.outcome.report.accessors = []
methods.4.outcome.report.aliased_names = []
methods.4.outcome.report.artifact.agreement.state = "not_stated"
methods.4.outcome.report.artifact.binding.engine = "0.1.0"
methods.4.outcome.report.artifact.binding.environment.content = ["e2a94f7ed51c4db70bd1925f48aa228e91a541d03d7360823cbd02ab7965dd0c"]
methods.4.outcome.report.artifact.binding.environment.domain_loaders = ["app"]
methods.4.outcome.report.artifact.binding.environment.providers = []
methods.4.outcome.report.artifact.binding.environment.runtime.load_domain.delegation.kind = "parent_first"
methods.4.outcome.report.artifact.binding.environment.runtime.load_domain.external_override = "none"
methods.4.outcome.report.artifact.binding.environment.runtime.load_domain.loader = "app"
methods.4.outcome.report.artifact.binding.environment.runtime.load_domain.module_mode.kind = "class_path"
methods.4.outcome.report.artifact.binding.environment.runtime.load_domain.parent_loader = null
methods.4.outcome.report.artifact.binding.environment.runtime.load_domain.roots.0.kind = "container"
methods.4.outcome.report.artifact.binding.environment.runtime.load_domain.roots.0.origin.root_container = "root"
methods.4.outcome.report.artifact.binding.environment.runtime.load_domain.roots.0.origin.snapshot = "e2a94f7ed51c4db70bd1925f48aa228e91a541d03d7360823cbd02ab7965dd0c"
methods.4.outcome.report.artifact.binding.environment.runtime.load_domain.roots.0.origin.steps = []
methods.4.outcome.report.artifact.binding.environment.runtime.load_domain.roots.0.prefix = []
methods.4.outcome.report.artifact.binding.environment.runtime.load_domain.runtime_transformation = "none"
methods.4.outcome.report.artifact.binding.environment.runtime.physical.scope.kind = "snapshot_all"
methods.4.outcome.report.artifact.binding.environment.runtime.physical.snapshot = "e2a94f7ed51c4db70bd1925f48aa228e91a541d03d7360823cbd02ab7965dd0c"
methods.4.outcome.report.artifact.binding.environment.runtime.profile.java_release = 8
methods.4.outcome.report.artifact.binding.environment.runtime.profile.layout.kind = "generic"
methods.4.outcome.report.artifact.binding.environment.runtime.profile.multi_release.kind = "disabled"
methods.4.outcome.report.artifact.binding.member_ordinal = 4
methods.4.outcome.report.artifact.binding.method.descriptor = [40,73,73,73,41,73]
methods.4.outcome.report.artifact.binding.method.name = [100,105,118,105,100,101]
methods.4.outcome.report.artifact.binding.method.owner.class_bytes.digest = "e53fe838de69a4535618c1ad3cb7bf0567c6a3d069e142e1a6910adbd5ff208a"
methods.4.outcome.report.artifact.binding.method.owner.class_bytes.length = 854
methods.4.outcome.report.artifact.binding.method.owner.location.entry.ordinal = 3
methods.4.outcome.report.artifact.binding.method.owner.location.entry.origin.root_container = "root"
methods.4.outcome.report.artifact.binding.method.owner.location.entry.origin.snapshot = "e2a94f7ed51c4db70bd1925f48aa228e91a541d03d7360823cbd02ab7965dd0c"
methods.4.outcome.report.artifact.binding.method.owner.location.entry.origin.steps = []
methods.4.outcome.report.artifact.binding.method.owner.location.entry.raw_name = [101,109,50,50,47,65,114,105,116,104,109,101,116,105,99,46,99,108,97,115,115]
methods.4.outcome.report.artifact.binding.method.owner.location.kind = "archive_entry"
methods.4.outcome.report.artifact.binding.method.owner.variant.kind = "base"
methods.4.outcome.report.artifact.binding.profile.java_release = 8
methods.4.outcome.report.artifact.binding.profile.layout.kind = "generic"
methods.4.outcome.report.artifact.binding.profile.multi_release.kind = "disabled"
methods.4.outcome.report.artifact.binding.registry = 71
methods.4.outcome.report.artifact.binding.rules = ["straight@1","if@1","loop@1","switch@1","lambda@1","concat@1","bridge@1","accessor@1","new@1","field@1","enumswitch@1","init@1","declaration@1","twr@1","monitor@1","finally@1"]
methods.4.outcome.report.artifact.binding.schema = 1
methods.4.outcome.report.artifact.binding.text_bytes = 205
methods.4.outcome.report.artifact.binding.text_digest = "189331d13d4fda7d0c5c9c90100dd1f1"
methods.4.outcome.report.bridges = []
methods.4.outcome.report.compile_status = "not_attempted"
methods.4.outcome.report.concats = []
methods.4.outcome.report.content = "contains_statements"
methods.4.outcome.report.declaration = null
methods.4.outcome.report.diagnostics.0.code = "jre_recovery_produced"
methods.4.outcome.report.diagnostics.0.message = "1 region(s), 1 statement(s), 6 segment(s), 205 byte(s) written from 1 canonical block(s)"
methods.4.outcome.report.diagnostics.0.provenance = null
methods.4.outcome.report.diagnostics.0.severity = "info"
methods.4.outcome.report.diagnostics.1.code = "jre_declaration"
methods.4.outcome.report.diagnostics.1.message = "the artifact's envelope states the member's declaration under declaration@1: an instance method"
methods.4.outcome.report.diagnostics.1.provenance = null
methods.4.outcome.report.diagnostics.1.severity = "info"
methods.4.outcome.report.enum_switches = []
methods.4.outcome.report.evidence.categories.0.kind = "source_map"
methods.4.outcome.report.evidence.categories.0.state.state = "not_requested"
methods.4.outcome.report.evidence.categories.1.kind = "region_details"
methods.4.outcome.report.evidence.categories.1.state.state = "not_requested"
methods.4.outcome.report.evidence.categories.2.kind = "rule_details"
methods.4.outcome.report.evidence.categories.2.state.state = "not_requested"
methods.4.outcome.report.evidence.categories.3.kind = "name_details"
methods.4.outcome.report.evidence.categories.3.state.state = "not_requested"
methods.4.outcome.report.evidence.categories.4.kind = "read_details"
methods.4.outcome.report.evidence.categories.4.state.state = "not_requested"
methods.4.outcome.report.evidence.requested.driver_bci_range = null
methods.4.outcome.report.evidence.requested.expected_artifact = null
methods.4.outcome.report.evidence.requested.kinds = []
methods.4.outcome.report.execution.status = "complete"
methods.4.outcome.report.execution.usage.analysis_steps = 256
methods.4.outcome.report.execution.usage.archive_entries = 14
methods.4.outcome.report.execution.usage.attribute_bytes = 911
methods.4.outcome.report.execution.usage.class_bytes = 1708
methods.4.outcome.report.execution.usage.class_headers = 1
methods.4.outcome.report.execution.usage.code_bytes = 29
methods.4.outcome.report.execution.usage.dependency_depth = 0
methods.4.outcome.report.execution.usage.elapsed_millis = 34
methods.4.outcome.report.execution.usage.entry_bytes = 854
methods.4.outcome.report.execution.usage.input_bytes = 1753
methods.4.outcome.report.execution.usage.ir_edges = 32
methods.4.outcome.report.execution.usage.ir_items = 665
methods.4.outcome.report.execution.usage.method_bodies = 5
methods.4.outcome.report.execution.usage.nested_depth = 0
methods.4.outcome.report.execution.usage.normalization_clones = 0
methods.4.outcome.report.execution.usage.output_bytes = 1000
methods.4.outcome.report.execution.usage.read_bytes = 454
methods.4.outcome.report.execution.usage.result_items = 49
methods.4.outcome.report.fallbacks = []
methods.4.outcome.report.fields = []
methods.4.outcome.report.init = null
methods.4.outcome.report.lambdas = []
methods.4.outcome.report.method = "divide(III)I"
methods.4.outcome.report.news = []
methods.4.outcome.report.outcome = "produced"
methods.4.outcome.report.profile.java_release = 8
methods.4.outcome.report.profile.layout.kind = "generic"
methods.4.outcome.report.profile.multi_release.kind = "disabled"
methods.4.outcome.report.quality = "structured"
methods.4.outcome.report.regions = []
methods.4.outcome.report.representation = "java"
methods.4.outcome.report.rules = []
methods.4.outcome.report.semantic_validation = "unproven"
methods.4.outcome.report.source_map.segments = []
methods.4.outcome.report.syntax_status = "unchecked"
methods.4.outcome.report.text = "// @method divide(III)I\n// @declaration an instance method of `em22.Arithmetic`, member flags 0x0001\n// recovered from bytecode; presentation is not claimed to compile\n{\n    return arg1 / (arg2 / arg3);\n}\n"
methods.4.outcome.report.verification = "not_performed"
methods.4.parameter_annotations.attributes = []
methods.4.parameter_annotations.refusals = []
methods.4.parameter_annotations.uses_by_position = [[],[],[]]
methods.4.text = "    public int divide(int arg1, int arg2, int arg3) {\n        // @method divide(III)I\n        // @declaration an instance method of `em22.Arithmetic`, member flags 0x0001\n        // recovered from bytecode; presentation is not claimed to compile\n        return arg1 / (arg2 / arg3);\n    }\n"
methods.4.type_annotations.attributes = []
methods.4.type_annotations.field_uses = []
methods.4.type_annotations.parameter_uses = [[],[],[]]
methods.4.type_annotations.refusals = []
methods.4.type_annotations.return_uses = []
methods.5.annotations.attributes = []
methods.5.annotations.refusals = []
methods.5.annotations.uses = []
methods.5.declaration = "public boolean or(boolean arg1, boolean arg2, boolean arg3)"
methods.5.item.access_flags = 1
methods.5.item.body.content_span.length = 18
methods.5.item.body.content_span.start = 501
methods.5.item.body.kind = "code_attribute"
methods.5.item.descriptor.escaped = "(ZZZ)Z"
methods.5.item.descriptor.raw = [40,90,90,90,41,90]
methods.5.item.descriptor.utf16 = [40,90,90,90,41,90]
methods.5.item.identity.descriptor = [40,90,90,90,41,90]
methods.5.item.identity.name = [111,114]
methods.5.item.identity.owner.class_bytes.digest = "e53fe838de69a4535618c1ad3cb7bf0567c6a3d069e142e1a6910adbd5ff208a"
methods.5.item.identity.owner.class_bytes.length = 854
methods.5.item.identity.owner.location.entry.ordinal = 3
methods.5.item.identity.owner.location.entry.origin.root_container = "root"
methods.5.item.identity.owner.location.entry.origin.snapshot = "e2a94f7ed51c4db70bd1925f48aa228e91a541d03d7360823cbd02ab7965dd0c"
methods.5.item.identity.owner.location.entry.origin.steps = []
methods.5.item.identity.owner.location.entry.raw_name = [101,109,50,50,47,65,114,105,116,104,109,101,116,105,99,46,99,108,97,115,115]
methods.5.item.identity.owner.location.kind = "archive_entry"
methods.5.item.identity.owner.variant.kind = "base"
methods.5.item.index = 5
methods.5.item.name.escaped = "or"
methods.5.item.name.raw = [111,114]
methods.5.item.name.utf16 = [111,114]
methods.5.markers = []
methods.5.no_body_kind = null
methods.5.outcome.analysis.diagnostics = 0
methods.5.outcome.analysis.execution.status = "complete"
methods.5.outcome.analysis.execution.usage.analysis_steps = 288
methods.5.outcome.analysis.execution.usage.archive_entries = 14
methods.5.outcome.analysis.execution.usage.attribute_bytes = 935
methods.5.outcome.analysis.execution.usage.class_bytes = 1708
methods.5.outcome.analysis.execution.usage.class_headers = 1
methods.5.outcome.analysis.execution.usage.code_bytes = 35
methods.5.outcome.analysis.execution.usage.dependency_depth = 0
methods.5.outcome.analysis.execution.usage.elapsed_millis = 34
methods.5.outcome.analysis.execution.usage.entry_bytes = 854
methods.5.outcome.analysis.execution.usage.input_bytes = 1753
methods.5.outcome.analysis.execution.usage.ir_edges = 40
methods.5.outcome.analysis.execution.usage.ir_items = 786
methods.5.outcome.analysis.execution.usage.method_bodies = 6
methods.5.outcome.analysis.execution.usage.nested_depth = 0
methods.5.outcome.analysis.execution.usage.normalization_clones = 0
methods.5.outcome.analysis.execution.usage.output_bytes = 1000
methods.5.outcome.analysis.execution.usage.read_bytes = 454
methods.5.outcome.analysis.execution.usage.result_items = 50
methods.5.outcome.kind = "recovered"
methods.5.outcome.report.accessors = []
methods.5.outcome.report.aliased_names = []
methods.5.outcome.report.artifact.agreement.state = "not_stated"
methods.5.outcome.report.artifact.binding.engine = "0.1.0"
methods.5.outcome.report.artifact.binding.environment.content = ["e2a94f7ed51c4db70bd1925f48aa228e91a541d03d7360823cbd02ab7965dd0c"]
methods.5.outcome.report.artifact.binding.environment.domain_loaders = ["app"]
methods.5.outcome.report.artifact.binding.environment.providers = []
methods.5.outcome.report.artifact.binding.environment.runtime.load_domain.delegation.kind = "parent_first"
methods.5.outcome.report.artifact.binding.environment.runtime.load_domain.external_override = "none"
methods.5.outcome.report.artifact.binding.environment.runtime.load_domain.loader = "app"
methods.5.outcome.report.artifact.binding.environment.runtime.load_domain.module_mode.kind = "class_path"
methods.5.outcome.report.artifact.binding.environment.runtime.load_domain.parent_loader = null
methods.5.outcome.report.artifact.binding.environment.runtime.load_domain.roots.0.kind = "container"
methods.5.outcome.report.artifact.binding.environment.runtime.load_domain.roots.0.origin.root_container = "root"
methods.5.outcome.report.artifact.binding.environment.runtime.load_domain.roots.0.origin.snapshot = "e2a94f7ed51c4db70bd1925f48aa228e91a541d03d7360823cbd02ab7965dd0c"
methods.5.outcome.report.artifact.binding.environment.runtime.load_domain.roots.0.origin.steps = []
methods.5.outcome.report.artifact.binding.environment.runtime.load_domain.roots.0.prefix = []
methods.5.outcome.report.artifact.binding.environment.runtime.load_domain.runtime_transformation = "none"
methods.5.outcome.report.artifact.binding.environment.runtime.physical.scope.kind = "snapshot_all"
methods.5.outcome.report.artifact.binding.environment.runtime.physical.snapshot = "e2a94f7ed51c4db70bd1925f48aa228e91a541d03d7360823cbd02ab7965dd0c"
methods.5.outcome.report.artifact.binding.environment.runtime.profile.java_release = 8
methods.5.outcome.report.artifact.binding.environment.runtime.profile.layout.kind = "generic"
methods.5.outcome.report.artifact.binding.environment.runtime.profile.multi_release.kind = "disabled"
methods.5.outcome.report.artifact.binding.member_ordinal = 5
methods.5.outcome.report.artifact.binding.method.descriptor = [40,90,90,90,41,90]
methods.5.outcome.report.artifact.binding.method.name = [111,114]
methods.5.outcome.report.artifact.binding.method.owner.class_bytes.digest = "e53fe838de69a4535618c1ad3cb7bf0567c6a3d069e142e1a6910adbd5ff208a"
methods.5.outcome.report.artifact.binding.method.owner.class_bytes.length = 854
methods.5.outcome.report.artifact.binding.method.owner.location.entry.ordinal = 3
methods.5.outcome.report.artifact.binding.method.owner.location.entry.origin.root_container = "root"
methods.5.outcome.report.artifact.binding.method.owner.location.entry.origin.snapshot = "e2a94f7ed51c4db70bd1925f48aa228e91a541d03d7360823cbd02ab7965dd0c"
methods.5.outcome.report.artifact.binding.method.owner.location.entry.origin.steps = []
methods.5.outcome.report.artifact.binding.method.owner.location.entry.raw_name = [101,109,50,50,47,65,114,105,116,104,109,101,116,105,99,46,99,108,97,115,115]
methods.5.outcome.report.artifact.binding.method.owner.location.kind = "archive_entry"
methods.5.outcome.report.artifact.binding.method.owner.variant.kind = "base"
methods.5.outcome.report.artifact.binding.profile.java_release = 8
methods.5.outcome.report.artifact.binding.profile.layout.kind = "generic"
methods.5.outcome.report.artifact.binding.profile.multi_release.kind = "disabled"
methods.5.outcome.report.artifact.binding.registry = 71
methods.5.outcome.report.artifact.binding.rules = ["straight@1","if@1","loop@1","switch@1","lambda@1","concat@1","bridge@1","accessor@1","new@1","field@1","enumswitch@1","init@1","declaration@1","twr@1","monitor@1","finally@1"]
methods.5.outcome.report.artifact.binding.schema = 1
methods.5.outcome.report.artifact.binding.text_bytes = 199
methods.5.outcome.report.artifact.binding.text_digest = "ee69ea173fb334e2536bf8cc1ebb062e"
methods.5.outcome.report.bridges = []
methods.5.outcome.report.compile_status = "not_attempted"
methods.5.outcome.report.concats = []
methods.5.outcome.report.content = "contains_statements"
methods.5.outcome.report.declaration = null
methods.5.outcome.report.diagnostics.0.code = "jre_recovery_produced"
methods.5.outcome.report.diagnostics.0.message = "1 region(s), 1 statement(s), 6 segment(s), 199 byte(s) written from 1 canonical block(s)"
methods.5.outcome.report.diagnostics.0.provenance = null
methods.5.outcome.report.diagnostics.0.severity = "info"
methods.5.outcome.report.diagnostics.1.code = "jre_declaration"
methods.5.outcome.report.diagnostics.1.message = "the artifact's envelope states the member's declaration under declaration@1: an instance method"
methods.5.outcome.report.diagnostics.1.provenance = null
methods.5.outcome.report.diagnostics.1.severity = "info"
methods.5.outcome.report.enum_switches = []
methods.5.outcome.report.evidence.categories.0.kind = "source_map"
methods.5.outcome.report.evidence.categories.0.state.state = "not_requested"
methods.5.outcome.report.evidence.categories.1.kind = "region_details"
methods.5.outcome.report.evidence.categories.1.state.state = "not_requested"
methods.5.outcome.report.evidence.categories.2.kind = "rule_details"
methods.5.outcome.report.evidence.categories.2.state.state = "not_requested"
methods.5.outcome.report.evidence.categories.3.kind = "name_details"
methods.5.outcome.report.evidence.categories.3.state.state = "not_requested"
methods.5.outcome.report.evidence.categories.4.kind = "read_details"
methods.5.outcome.report.evidence.categories.4.state.state = "not_requested"
methods.5.outcome.report.evidence.requested.driver_bci_range = null
methods.5.outcome.report.evidence.requested.expected_artifact = null
methods.5.outcome.report.evidence.requested.kinds = []
methods.5.outcome.report.execution.status = "complete"
methods.5.outcome.report.execution.usage.analysis_steps = 311
methods.5.outcome.report.execution.usage.archive_entries = 14
methods.5.outcome.report.execution.usage.attribute_bytes = 935
methods.5.outcome.report.execution.usage.class_bytes = 1708
methods.5.outcome.report.execution.usage.class_headers = 1
methods.5.outcome.report.execution.usage.code_bytes = 35
methods.5.outcome.report.execution.usage.dependency_depth = 0
methods.5.outcome.report.execution.usage.elapsed_millis = 35
methods.5.outcome.report.execution.usage.entry_bytes = 854
methods.5.outcome.report.execution.usage.input_bytes = 1753
methods.5.outcome.report.execution.usage.ir_edges = 40
methods.5.outcome.report.execution.usage.ir_items = 816
methods.5.outcome.report.execution.usage.method_bodies = 6
methods.5.outcome.report.execution.usage.nested_depth = 0
methods.5.outcome.report.execution.usage.normalization_clones = 0
methods.5.outcome.report.execution.usage.output_bytes = 1199
methods.5.outcome.report.execution.usage.read_bytes = 454
methods.5.outcome.report.execution.usage.result_items = 50
methods.5.outcome.report.fallbacks = []
methods.5.outcome.report.fields = []
methods.5.outcome.report.init = null
methods.5.outcome.report.lambdas = []
methods.5.outcome.report.method = "or(ZZZ)Z"
methods.5.outcome.report.news = []
methods.5.outcome.report.outcome = "produced"
methods.5.outcome.report.profile.java_release = 8
methods.5.outcome.report.profile.layout.kind = "generic"
methods.5.outcome.report.profile.multi_release.kind = "disabled"
methods.5.outcome.report.quality = "structured"
methods.5.outcome.report.regions = []
methods.5.outcome.report.representation = "java"
methods.5.outcome.report.rules = []
methods.5.outcome.report.semantic_validation = "unproven"
methods.5.outcome.report.source_map.segments = []
methods.5.outcome.report.syntax_status = "unchecked"
methods.5.outcome.report.text = "// @method or(ZZZ)Z\n// @declaration an instance method of `em22.Arithmetic`, member flags 0x0001\n// recovered from bytecode; presentation is not claimed to compile\n{\n    return arg1 | arg2 | arg3;\n}\n"
methods.5.outcome.report.verification = "not_performed"
methods.5.parameter_annotations.attributes = []
methods.5.parameter_annotations.refusals = []
methods.5.parameter_annotations.uses_by_position = [[],[],[]]
methods.5.text = "    public boolean or(boolean arg1, boolean arg2, boolean arg3) {\n        // @method or(ZZZ)Z\n        // @declaration an instance method of `em22.Arithmetic`, member flags 0x0001\n        // recovered from bytecode; presentation is not claimed to compile\n        return arg1 | arg2 | arg3;\n    }\n"
methods.5.type_annotations.attributes = []
methods.5.type_annotations.field_uses = []
methods.5.type_annotations.parameter_uses = [[],[],[]]
methods.5.type_annotations.refusals = []
methods.5.type_annotations.return_uses = []
methods.6.annotations.attributes = []
methods.6.annotations.refusals = []
methods.6.annotations.uses = []
methods.6.declaration = "public boolean and(boolean arg1, boolean arg2, boolean arg3)"
methods.6.item.access_flags = 1
methods.6.item.body.content_span.length = 18
methods.6.item.body.content_span.start = 533
methods.6.item.body.kind = "code_attribute"
methods.6.item.descriptor.escaped = "(ZZZ)Z"
methods.6.item.descriptor.raw = [40,90,90,90,41,90]
methods.6.item.descriptor.utf16 = [40,90,90,90,41,90]
methods.6.item.identity.descriptor = [40,90,90,90,41,90]
methods.6.item.identity.name = [97,110,100]
methods.6.item.identity.owner.class_bytes.digest = "e53fe838de69a4535618c1ad3cb7bf0567c6a3d069e142e1a6910adbd5ff208a"
methods.6.item.identity.owner.class_bytes.length = 854
methods.6.item.identity.owner.location.entry.ordinal = 3
methods.6.item.identity.owner.location.entry.origin.root_container = "root"
methods.6.item.identity.owner.location.entry.origin.snapshot = "e2a94f7ed51c4db70bd1925f48aa228e91a541d03d7360823cbd02ab7965dd0c"
methods.6.item.identity.owner.location.entry.origin.steps = []
methods.6.item.identity.owner.location.entry.raw_name = [101,109,50,50,47,65,114,105,116,104,109,101,116,105,99,46,99,108,97,115,115]
methods.6.item.identity.owner.location.kind = "archive_entry"
methods.6.item.identity.owner.variant.kind = "base"
methods.6.item.index = 6
methods.6.item.name.escaped = "and"
methods.6.item.name.raw = [97,110,100]
methods.6.item.name.utf16 = [97,110,100]
methods.6.markers = []
methods.6.no_body_kind = null
methods.6.outcome.analysis.diagnostics = 0
methods.6.outcome.analysis.execution.status = "complete"
methods.6.outcome.analysis.execution.usage.analysis_steps = 343
methods.6.outcome.analysis.execution.usage.archive_entries = 14
methods.6.outcome.analysis.execution.usage.attribute_bytes = 959
methods.6.outcome.analysis.execution.usage.class_bytes = 1708
methods.6.outcome.analysis.execution.usage.class_headers = 1
methods.6.outcome.analysis.execution.usage.code_bytes = 41
methods.6.outcome.analysis.execution.usage.dependency_depth = 0
methods.6.outcome.analysis.execution.usage.elapsed_millis = 35
methods.6.outcome.analysis.execution.usage.entry_bytes = 854
methods.6.outcome.analysis.execution.usage.input_bytes = 1753
methods.6.outcome.analysis.execution.usage.ir_edges = 48
methods.6.outcome.analysis.execution.usage.ir_items = 937
methods.6.outcome.analysis.execution.usage.method_bodies = 7
methods.6.outcome.analysis.execution.usage.nested_depth = 0
methods.6.outcome.analysis.execution.usage.normalization_clones = 0
methods.6.outcome.analysis.execution.usage.output_bytes = 1199
methods.6.outcome.analysis.execution.usage.read_bytes = 454
methods.6.outcome.analysis.execution.usage.result_items = 51
methods.6.outcome.kind = "recovered"
methods.6.outcome.report.accessors = []
methods.6.outcome.report.aliased_names = []
methods.6.outcome.report.artifact.agreement.state = "not_stated"
methods.6.outcome.report.artifact.binding.engine = "0.1.0"
methods.6.outcome.report.artifact.binding.environment.content = ["e2a94f7ed51c4db70bd1925f48aa228e91a541d03d7360823cbd02ab7965dd0c"]
methods.6.outcome.report.artifact.binding.environment.domain_loaders = ["app"]
methods.6.outcome.report.artifact.binding.environment.providers = []
methods.6.outcome.report.artifact.binding.environment.runtime.load_domain.delegation.kind = "parent_first"
methods.6.outcome.report.artifact.binding.environment.runtime.load_domain.external_override = "none"
methods.6.outcome.report.artifact.binding.environment.runtime.load_domain.loader = "app"
methods.6.outcome.report.artifact.binding.environment.runtime.load_domain.module_mode.kind = "class_path"
methods.6.outcome.report.artifact.binding.environment.runtime.load_domain.parent_loader = null
methods.6.outcome.report.artifact.binding.environment.runtime.load_domain.roots.0.kind = "container"
methods.6.outcome.report.artifact.binding.environment.runtime.load_domain.roots.0.origin.root_container = "root"
methods.6.outcome.report.artifact.binding.environment.runtime.load_domain.roots.0.origin.snapshot = "e2a94f7ed51c4db70bd1925f48aa228e91a541d03d7360823cbd02ab7965dd0c"
methods.6.outcome.report.artifact.binding.environment.runtime.load_domain.roots.0.origin.steps = []
methods.6.outcome.report.artifact.binding.environment.runtime.load_domain.roots.0.prefix = []
methods.6.outcome.report.artifact.binding.environment.runtime.load_domain.runtime_transformation = "none"
methods.6.outcome.report.artifact.binding.environment.runtime.physical.scope.kind = "snapshot_all"
methods.6.outcome.report.artifact.binding.environment.runtime.physical.snapshot = "e2a94f7ed51c4db70bd1925f48aa228e91a541d03d7360823cbd02ab7965dd0c"
methods.6.outcome.report.artifact.binding.environment.runtime.profile.java_release = 8
methods.6.outcome.report.artifact.binding.environment.runtime.profile.layout.kind = "generic"
methods.6.outcome.report.artifact.binding.environment.runtime.profile.multi_release.kind = "disabled"
methods.6.outcome.report.artifact.binding.member_ordinal = 6
methods.6.outcome.report.artifact.binding.method.descriptor = [40,90,90,90,41,90]
methods.6.outcome.report.artifact.binding.method.name = [97,110,100]
methods.6.outcome.report.artifact.binding.method.owner.class_bytes.digest = "e53fe838de69a4535618c1ad3cb7bf0567c6a3d069e142e1a6910adbd5ff208a"
methods.6.outcome.report.artifact.binding.method.owner.class_bytes.length = 854
methods.6.outcome.report.artifact.binding.method.owner.location.entry.ordinal = 3
methods.6.outcome.report.artifact.binding.method.owner.location.entry.origin.root_container = "root"
methods.6.outcome.report.artifact.binding.method.owner.location.entry.origin.snapshot = "e2a94f7ed51c4db70bd1925f48aa228e91a541d03d7360823cbd02ab7965dd0c"
methods.6.outcome.report.artifact.binding.method.owner.location.entry.origin.steps = []
methods.6.outcome.report.artifact.binding.method.owner.location.entry.raw_name = [101,109,50,50,47,65,114,105,116,104,109,101,116,105,99,46,99,108,97,115,115]
methods.6.outcome.report.artifact.binding.method.owner.location.kind = "archive_entry"
methods.6.outcome.report.artifact.binding.method.owner.variant.kind = "base"
methods.6.outcome.report.artifact.binding.profile.java_release = 8
methods.6.outcome.report.artifact.binding.profile.layout.kind = "generic"
methods.6.outcome.report.artifact.binding.profile.multi_release.kind = "disabled"
methods.6.outcome.report.artifact.binding.registry = 71
methods.6.outcome.report.artifact.binding.rules = ["straight@1","if@1","loop@1","switch@1","lambda@1","concat@1","bridge@1","accessor@1","new@1","field@1","enumswitch@1","init@1","declaration@1","twr@1","monitor@1","finally@1"]
methods.6.outcome.report.artifact.binding.schema = 1
methods.6.outcome.report.artifact.binding.text_bytes = 200
methods.6.outcome.report.artifact.binding.text_digest = "0a252a9f3e61a0799e46131f9ba9f852"
methods.6.outcome.report.bridges = []
methods.6.outcome.report.compile_status = "not_attempted"
methods.6.outcome.report.concats = []
methods.6.outcome.report.content = "contains_statements"
methods.6.outcome.report.declaration = null
methods.6.outcome.report.diagnostics.0.code = "jre_recovery_produced"
methods.6.outcome.report.diagnostics.0.message = "1 region(s), 1 statement(s), 6 segment(s), 200 byte(s) written from 1 canonical block(s)"
methods.6.outcome.report.diagnostics.0.provenance = null
methods.6.outcome.report.diagnostics.0.severity = "info"
methods.6.outcome.report.diagnostics.1.code = "jre_declaration"
methods.6.outcome.report.diagnostics.1.message = "the artifact's envelope states the member's declaration under declaration@1: an instance method"
methods.6.outcome.report.diagnostics.1.provenance = null
methods.6.outcome.report.diagnostics.1.severity = "info"
methods.6.outcome.report.enum_switches = []
methods.6.outcome.report.evidence.categories.0.kind = "source_map"
methods.6.outcome.report.evidence.categories.0.state.state = "not_requested"
methods.6.outcome.report.evidence.categories.1.kind = "region_details"
methods.6.outcome.report.evidence.categories.1.state.state = "not_requested"
methods.6.outcome.report.evidence.categories.2.kind = "rule_details"
methods.6.outcome.report.evidence.categories.2.state.state = "not_requested"
methods.6.outcome.report.evidence.categories.3.kind = "name_details"
methods.6.outcome.report.evidence.categories.3.state.state = "not_requested"
methods.6.outcome.report.evidence.categories.4.kind = "read_details"
methods.6.outcome.report.evidence.categories.4.state.state = "not_requested"
methods.6.outcome.report.evidence.requested.driver_bci_range = null
methods.6.outcome.report.evidence.requested.expected_artifact = null
methods.6.outcome.report.evidence.requested.kinds = []
methods.6.outcome.report.execution.status = "complete"
methods.6.outcome.report.execution.usage.analysis_steps = 366
methods.6.outcome.report.execution.usage.archive_entries = 14
methods.6.outcome.report.execution.usage.attribute_bytes = 959
methods.6.outcome.report.execution.usage.class_bytes = 1708
methods.6.outcome.report.execution.usage.class_headers = 1
methods.6.outcome.report.execution.usage.code_bytes = 41
methods.6.outcome.report.execution.usage.dependency_depth = 0
methods.6.outcome.report.execution.usage.elapsed_millis = 35
methods.6.outcome.report.execution.usage.entry_bytes = 854
methods.6.outcome.report.execution.usage.input_bytes = 1753
methods.6.outcome.report.execution.usage.ir_edges = 48
methods.6.outcome.report.execution.usage.ir_items = 967
methods.6.outcome.report.execution.usage.method_bodies = 7
methods.6.outcome.report.execution.usage.nested_depth = 0
methods.6.outcome.report.execution.usage.normalization_clones = 0
methods.6.outcome.report.execution.usage.output_bytes = 1399
methods.6.outcome.report.execution.usage.read_bytes = 454
methods.6.outcome.report.execution.usage.result_items = 51
methods.6.outcome.report.fallbacks = []
methods.6.outcome.report.fields = []
methods.6.outcome.report.init = null
methods.6.outcome.report.lambdas = []
methods.6.outcome.report.method = "and(ZZZ)Z"
methods.6.outcome.report.news = []
methods.6.outcome.report.outcome = "produced"
methods.6.outcome.report.profile.java_release = 8
methods.6.outcome.report.profile.layout.kind = "generic"
methods.6.outcome.report.profile.multi_release.kind = "disabled"
methods.6.outcome.report.quality = "structured"
methods.6.outcome.report.regions = []
methods.6.outcome.report.representation = "java"
methods.6.outcome.report.rules = []
methods.6.outcome.report.semantic_validation = "unproven"
methods.6.outcome.report.source_map.segments = []
methods.6.outcome.report.syntax_status = "unchecked"
methods.6.outcome.report.text = "// @method and(ZZZ)Z\n// @declaration an instance method of `em22.Arithmetic`, member flags 0x0001\n// recovered from bytecode; presentation is not claimed to compile\n{\n    return arg1 & arg2 & arg3;\n}\n"
methods.6.outcome.report.verification = "not_performed"
methods.6.parameter_annotations.attributes = []
methods.6.parameter_annotations.refusals = []
methods.6.parameter_annotations.uses_by_position = [[],[],[]]
methods.6.text = "    public boolean and(boolean arg1, boolean arg2, boolean arg3) {\n        // @method and(ZZZ)Z\n        // @declaration an instance method of `em22.Arithmetic`, member flags 0x0001\n        // recovered from bytecode; presentation is not claimed to compile\n        return arg1 & arg2 & arg3;\n    }\n"
methods.6.type_annotations.attributes = []
methods.6.type_annotations.field_uses = []
methods.6.type_annotations.parameter_uses = [[],[],[]]
methods.6.type_annotations.refusals = []
methods.6.type_annotations.return_uses = []
methods.7.annotations.attributes = []
methods.7.annotations.refusals = []
methods.7.annotations.uses = []
methods.7.declaration = "public int notInt(int arg1)"
methods.7.item.access_flags = 1
methods.7.item.body.content_span.length = 16
methods.7.item.body.content_span.start = 565
methods.7.item.body.kind = "code_attribute"
methods.7.item.descriptor.escaped = "(I)I"
methods.7.item.descriptor.raw = [40,73,41,73]
methods.7.item.descriptor.utf16 = [40,73,41,73]
methods.7.item.identity.descriptor = [40,73,41,73]
methods.7.item.identity.name = [110,111,116,73,110,116]
methods.7.item.identity.owner.class_bytes.digest = "e53fe838de69a4535618c1ad3cb7bf0567c6a3d069e142e1a6910adbd5ff208a"
methods.7.item.identity.owner.class_bytes.length = 854
methods.7.item.identity.owner.location.entry.ordinal = 3
methods.7.item.identity.owner.location.entry.origin.root_container = "root"
methods.7.item.identity.owner.location.entry.origin.snapshot = "e2a94f7ed51c4db70bd1925f48aa228e91a541d03d7360823cbd02ab7965dd0c"
methods.7.item.identity.owner.location.entry.origin.steps = []
methods.7.item.identity.owner.location.entry.raw_name = [101,109,50,50,47,65,114,105,116,104,109,101,116,105,99,46,99,108,97,115,115]
methods.7.item.identity.owner.location.kind = "archive_entry"
methods.7.item.identity.owner.variant.kind = "base"
methods.7.item.index = 7
methods.7.item.name.escaped = "notInt"
methods.7.item.name.raw = [110,111,116,73,110,116]
methods.7.item.name.utf16 = [110,111,116,73,110,116]
methods.7.markers = []
methods.7.no_body_kind = null
methods.7.outcome.analysis.diagnostics = 0
methods.7.outcome.analysis.execution.status = "complete"
methods.7.outcome.analysis.execution.usage.analysis_steps = 390
methods.7.outcome.analysis.execution.usage.archive_entries = 14
methods.7.outcome.analysis.execution.usage.attribute_bytes = 981
methods.7.outcome.analysis.execution.usage.class_bytes = 1708
methods.7.outcome.analysis.execution.usage.class_headers = 1
methods.7.outcome.analysis.execution.usage.code_bytes = 45
methods.7.outcome.analysis.execution.usage.dependency_depth = 0
methods.7.outcome.analysis.execution.usage.elapsed_millis = 35
methods.7.outcome.analysis.execution.usage.entry_bytes = 854
methods.7.outcome.analysis.execution.usage.input_bytes = 1753
methods.7.outcome.analysis.execution.usage.ir_edges = 52
methods.7.outcome.analysis.execution.usage.ir_items = 1038
methods.7.outcome.analysis.execution.usage.method_bodies = 8
methods.7.outcome.analysis.execution.usage.nested_depth = 0
methods.7.outcome.analysis.execution.usage.normalization_clones = 0
methods.7.outcome.analysis.execution.usage.output_bytes = 1399
methods.7.outcome.analysis.execution.usage.read_bytes = 454
methods.7.outcome.analysis.execution.usage.result_items = 52
methods.7.outcome.kind = "recovered"
methods.7.outcome.report.accessors = []
methods.7.outcome.report.aliased_names = []
methods.7.outcome.report.artifact.agreement.state = "not_stated"
methods.7.outcome.report.artifact.binding.engine = "0.1.0"
methods.7.outcome.report.artifact.binding.environment.content = ["e2a94f7ed51c4db70bd1925f48aa228e91a541d03d7360823cbd02ab7965dd0c"]
methods.7.outcome.report.artifact.binding.environment.domain_loaders = ["app"]
methods.7.outcome.report.artifact.binding.environment.providers = []
methods.7.outcome.report.artifact.binding.environment.runtime.load_domain.delegation.kind = "parent_first"
methods.7.outcome.report.artifact.binding.environment.runtime.load_domain.external_override = "none"
methods.7.outcome.report.artifact.binding.environment.runtime.load_domain.loader = "app"
methods.7.outcome.report.artifact.binding.environment.runtime.load_domain.module_mode.kind = "class_path"
methods.7.outcome.report.artifact.binding.environment.runtime.load_domain.parent_loader = null
methods.7.outcome.report.artifact.binding.environment.runtime.load_domain.roots.0.kind = "container"
methods.7.outcome.report.artifact.binding.environment.runtime.load_domain.roots.0.origin.root_container = "root"
methods.7.outcome.report.artifact.binding.environment.runtime.load_domain.roots.0.origin.snapshot = "e2a94f7ed51c4db70bd1925f48aa228e91a541d03d7360823cbd02ab7965dd0c"
methods.7.outcome.report.artifact.binding.environment.runtime.load_domain.roots.0.origin.steps = []
methods.7.outcome.report.artifact.binding.environment.runtime.load_domain.roots.0.prefix = []
methods.7.outcome.report.artifact.binding.environment.runtime.load_domain.runtime_transformation = "none"
methods.7.outcome.report.artifact.binding.environment.runtime.physical.scope.kind = "snapshot_all"
methods.7.outcome.report.artifact.binding.environment.runtime.physical.snapshot = "e2a94f7ed51c4db70bd1925f48aa228e91a541d03d7360823cbd02ab7965dd0c"
methods.7.outcome.report.artifact.binding.environment.runtime.profile.java_release = 8
methods.7.outcome.report.artifact.binding.environment.runtime.profile.layout.kind = "generic"
methods.7.outcome.report.artifact.binding.environment.runtime.profile.multi_release.kind = "disabled"
methods.7.outcome.report.artifact.binding.member_ordinal = 7
methods.7.outcome.report.artifact.binding.method.descriptor = [40,73,41,73]
methods.7.outcome.report.artifact.binding.method.name = [110,111,116,73,110,116]
methods.7.outcome.report.artifact.binding.method.owner.class_bytes.digest = "e53fe838de69a4535618c1ad3cb7bf0567c6a3d069e142e1a6910adbd5ff208a"
methods.7.outcome.report.artifact.binding.method.owner.class_bytes.length = 854
methods.7.outcome.report.artifact.binding.method.owner.location.entry.ordinal = 3
methods.7.outcome.report.artifact.binding.method.owner.location.entry.origin.root_container = "root"
methods.7.outcome.report.artifact.binding.method.owner.location.entry.origin.snapshot = "e2a94f7ed51c4db70bd1925f48aa228e91a541d03d7360823cbd02ab7965dd0c"
methods.7.outcome.report.artifact.binding.method.owner.location.entry.origin.steps = []
methods.7.outcome.report.artifact.binding.method.owner.location.entry.raw_name = [101,109,50,50,47,65,114,105,116,104,109,101,116,105,99,46,99,108,97,115,115]
methods.7.outcome.report.artifact.binding.method.owner.location.kind = "archive_entry"
methods.7.outcome.report.artifact.binding.method.owner.variant.kind = "base"
methods.7.outcome.report.artifact.binding.profile.java_release = 8
methods.7.outcome.report.artifact.binding.profile.layout.kind = "generic"
methods.7.outcome.report.artifact.binding.profile.multi_release.kind = "disabled"
methods.7.outcome.report.artifact.binding.registry = 71
methods.7.outcome.report.artifact.binding.rules = ["straight@1","if@1","loop@1","switch@1","lambda@1","concat@1","bridge@1","accessor@1","new@1","field@1","enumswitch@1","init@1","declaration@1","twr@1","monitor@1","finally@1"]
methods.7.outcome.report.artifact.binding.schema = 1
methods.7.outcome.report.artifact.binding.text_bytes = 192
methods.7.outcome.report.artifact.binding.text_digest = "815f03e82993e2dbe12f8c16573789e2"
methods.7.outcome.report.bridges = []
methods.7.outcome.report.compile_status = "not_attempted"
methods.7.outcome.report.concats = []
methods.7.outcome.report.content = "contains_statements"
methods.7.outcome.report.declaration = null
methods.7.outcome.report.diagnostics.0.code = "jre_recovery_produced"
methods.7.outcome.report.diagnostics.0.message = "1 region(s), 1 statement(s), 4 segment(s), 192 byte(s) written from 1 canonical block(s)"
methods.7.outcome.report.diagnostics.0.provenance = null
methods.7.outcome.report.diagnostics.0.severity = "info"
methods.7.outcome.report.diagnostics.1.code = "jre_declaration"
methods.7.outcome.report.diagnostics.1.message = "the artifact's envelope states the member's declaration under declaration@1: an instance method"
methods.7.outcome.report.diagnostics.1.provenance = null
methods.7.outcome.report.diagnostics.1.severity = "info"
methods.7.outcome.report.enum_switches = []
methods.7.outcome.report.evidence.categories.0.kind = "source_map"
methods.7.outcome.report.evidence.categories.0.state.state = "not_requested"
methods.7.outcome.report.evidence.categories.1.kind = "region_details"
methods.7.outcome.report.evidence.categories.1.state.state = "not_requested"
methods.7.outcome.report.evidence.categories.2.kind = "rule_details"
methods.7.outcome.report.evidence.categories.2.state.state = "not_requested"
methods.7.outcome.report.evidence.categories.3.kind = "name_details"
methods.7.outcome.report.evidence.categories.3.state.state = "not_requested"
methods.7.outcome.report.evidence.categories.4.kind = "read_details"
methods.7.outcome.report.evidence.categories.4.state.state = "not_requested"
methods.7.outcome.report.evidence.requested.driver_bci_range = null
methods.7.outcome.report.evidence.requested.expected_artifact = null
methods.7.outcome.report.evidence.requested.kinds = []
methods.7.outcome.report.execution.status = "complete"
methods.7.outcome.report.execution.usage.analysis_steps = 407
methods.7.outcome.report.execution.usage.archive_entries = 14
methods.7.outcome.report.execution.usage.attribute_bytes = 981
methods.7.outcome.report.execution.usage.class_bytes = 1708
methods.7.outcome.report.execution.usage.class_headers = 1
methods.7.outcome.report.execution.usage.code_bytes = 45
methods.7.outcome.report.execution.usage.dependency_depth = 0
methods.7.outcome.report.execution.usage.elapsed_millis = 35
methods.7.outcome.report.execution.usage.entry_bytes = 854
methods.7.outcome.report.execution.usage.input_bytes = 1753
methods.7.outcome.report.execution.usage.ir_edges = 52
methods.7.outcome.report.execution.usage.ir_items = 1058
methods.7.outcome.report.execution.usage.method_bodies = 8
methods.7.outcome.report.execution.usage.nested_depth = 0
methods.7.outcome.report.execution.usage.normalization_clones = 0
methods.7.outcome.report.execution.usage.output_bytes = 1591
methods.7.outcome.report.execution.usage.read_bytes = 454
methods.7.outcome.report.execution.usage.result_items = 52
methods.7.outcome.report.fallbacks = []
methods.7.outcome.report.fields = []
methods.7.outcome.report.init = null
methods.7.outcome.report.lambdas = []
methods.7.outcome.report.method = "notInt(I)I"
methods.7.outcome.report.news = []
methods.7.outcome.report.outcome = "produced"
methods.7.outcome.report.profile.java_release = 8
methods.7.outcome.report.profile.layout.kind = "generic"
methods.7.outcome.report.profile.multi_release.kind = "disabled"
methods.7.outcome.report.quality = "structured"
methods.7.outcome.report.regions = []
methods.7.outcome.report.representation = "java"
methods.7.outcome.report.rules = []
methods.7.outcome.report.semantic_validation = "unproven"
methods.7.outcome.report.source_map.segments = []
methods.7.outcome.report.syntax_status = "unchecked"
methods.7.outcome.report.text = "// @method notInt(I)I\n// @declaration an instance method of `em22.Arithmetic`, member flags 0x0001\n// recovered from bytecode; presentation is not claimed to compile\n{\n    return arg1 ^ -1;\n}\n"
methods.7.outcome.report.verification = "not_performed"
methods.7.parameter_annotations.attributes = []
methods.7.parameter_annotations.refusals = []
methods.7.parameter_annotations.uses_by_position = [[]]
methods.7.text = "    public int notInt(int arg1) {\n        // @method notInt(I)I\n        // @declaration an instance method of `em22.Arithmetic`, member flags 0x0001\n        // recovered from bytecode; presentation is not claimed to compile\n        return arg1 ^ -1;\n    }\n"
methods.7.type_annotations.attributes = []
methods.7.type_annotations.field_uses = []
methods.7.type_annotations.parameter_uses = [[]]
methods.7.type_annotations.refusals = []
methods.7.type_annotations.return_uses = []
methods.8.annotations.attributes = []
methods.8.annotations.refusals = []
methods.8.annotations.uses = []
methods.8.declaration = "public long notLong(long arg1)"
methods.8.item.access_flags = 1
methods.8.item.body.content_span.length = 18
methods.8.item.body.content_span.start = 595
methods.8.item.body.kind = "code_attribute"
methods.8.item.descriptor.escaped = "(J)J"
methods.8.item.descriptor.raw = [40,74,41,74]
methods.8.item.descriptor.utf16 = [40,74,41,74]
methods.8.item.identity.descriptor = [40,74,41,74]
methods.8.item.identity.name = [110,111,116,76,111,110,103]
methods.8.item.identity.owner.class_bytes.digest = "e53fe838de69a4535618c1ad3cb7bf0567c6a3d069e142e1a6910adbd5ff208a"
methods.8.item.identity.owner.class_bytes.length = 854
methods.8.item.identity.owner.location.entry.ordinal = 3
methods.8.item.identity.owner.location.entry.origin.root_container = "root"
methods.8.item.identity.owner.location.entry.origin.snapshot = "e2a94f7ed51c4db70bd1925f48aa228e91a541d03d7360823cbd02ab7965dd0c"
methods.8.item.identity.owner.location.entry.origin.steps = []
methods.8.item.identity.owner.location.entry.raw_name = [101,109,50,50,47,65,114,105,116,104,109,101,116,105,99,46,99,108,97,115,115]
methods.8.item.identity.owner.location.kind = "archive_entry"
methods.8.item.identity.owner.variant.kind = "base"
methods.8.item.index = 8
methods.8.item.name.escaped = "notLong"
methods.8.item.name.raw = [110,111,116,76,111,110,103]
methods.8.item.name.utf16 = [110,111,116,76,111,110,103]
methods.8.markers = []
methods.8.no_body_kind = null
methods.8.outcome.analysis.diagnostics = 0
methods.8.outcome.analysis.execution.status = "complete"
methods.8.outcome.analysis.execution.usage.analysis_steps = 432
methods.8.outcome.analysis.execution.usage.archive_entries = 14
methods.8.outcome.analysis.execution.usage.attribute_bytes = 1005
methods.8.outcome.analysis.execution.usage.class_bytes = 1708
methods.8.outcome.analysis.execution.usage.class_headers = 1
methods.8.outcome.analysis.execution.usage.code_bytes = 51
methods.8.outcome.analysis.execution.usage.dependency_depth = 0
methods.8.outcome.analysis.execution.usage.elapsed_millis = 35
methods.8.outcome.analysis.execution.usage.entry_bytes = 854
methods.8.outcome.analysis.execution.usage.input_bytes = 1753
methods.8.outcome.analysis.execution.usage.ir_edges = 56
methods.8.outcome.analysis.execution.usage.ir_items = 1135
methods.8.outcome.analysis.execution.usage.method_bodies = 9
methods.8.outcome.analysis.execution.usage.nested_depth = 0
methods.8.outcome.analysis.execution.usage.normalization_clones = 0
methods.8.outcome.analysis.execution.usage.output_bytes = 1591
methods.8.outcome.analysis.execution.usage.read_bytes = 454
methods.8.outcome.analysis.execution.usage.result_items = 53
methods.8.outcome.kind = "recovered"
methods.8.outcome.report.accessors = []
methods.8.outcome.report.aliased_names = []
methods.8.outcome.report.artifact.agreement.state = "not_stated"
methods.8.outcome.report.artifact.binding.engine = "0.1.0"
methods.8.outcome.report.artifact.binding.environment.content = ["e2a94f7ed51c4db70bd1925f48aa228e91a541d03d7360823cbd02ab7965dd0c"]
methods.8.outcome.report.artifact.binding.environment.domain_loaders = ["app"]
methods.8.outcome.report.artifact.binding.environment.providers = []
methods.8.outcome.report.artifact.binding.environment.runtime.load_domain.delegation.kind = "parent_first"
methods.8.outcome.report.artifact.binding.environment.runtime.load_domain.external_override = "none"
methods.8.outcome.report.artifact.binding.environment.runtime.load_domain.loader = "app"
methods.8.outcome.report.artifact.binding.environment.runtime.load_domain.module_mode.kind = "class_path"
methods.8.outcome.report.artifact.binding.environment.runtime.load_domain.parent_loader = null
methods.8.outcome.report.artifact.binding.environment.runtime.load_domain.roots.0.kind = "container"
methods.8.outcome.report.artifact.binding.environment.runtime.load_domain.roots.0.origin.root_container = "root"
methods.8.outcome.report.artifact.binding.environment.runtime.load_domain.roots.0.origin.snapshot = "e2a94f7ed51c4db70bd1925f48aa228e91a541d03d7360823cbd02ab7965dd0c"
methods.8.outcome.report.artifact.binding.environment.runtime.load_domain.roots.0.origin.steps = []
methods.8.outcome.report.artifact.binding.environment.runtime.load_domain.roots.0.prefix = []
methods.8.outcome.report.artifact.binding.environment.runtime.load_domain.runtime_transformation = "none"
methods.8.outcome.report.artifact.binding.environment.runtime.physical.scope.kind = "snapshot_all"
methods.8.outcome.report.artifact.binding.environment.runtime.physical.snapshot = "e2a94f7ed51c4db70bd1925f48aa228e91a541d03d7360823cbd02ab7965dd0c"
methods.8.outcome.report.artifact.binding.environment.runtime.profile.java_release = 8
methods.8.outcome.report.artifact.binding.environment.runtime.profile.layout.kind = "generic"
methods.8.outcome.report.artifact.binding.environment.runtime.profile.multi_release.kind = "disabled"
methods.8.outcome.report.artifact.binding.member_ordinal = 8
methods.8.outcome.report.artifact.binding.method.descriptor = [40,74,41,74]
methods.8.outcome.report.artifact.binding.method.name = [110,111,116,76,111,110,103]
methods.8.outcome.report.artifact.binding.method.owner.class_bytes.digest = "e53fe838de69a4535618c1ad3cb7bf0567c6a3d069e142e1a6910adbd5ff208a"
methods.8.outcome.report.artifact.binding.method.owner.class_bytes.length = 854
methods.8.outcome.report.artifact.binding.method.owner.location.entry.ordinal = 3
methods.8.outcome.report.artifact.binding.method.owner.location.entry.origin.root_container = "root"
methods.8.outcome.report.artifact.binding.method.owner.location.entry.origin.snapshot = "e2a94f7ed51c4db70bd1925f48aa228e91a541d03d7360823cbd02ab7965dd0c"
methods.8.outcome.report.artifact.binding.method.owner.location.entry.origin.steps = []
methods.8.outcome.report.artifact.binding.method.owner.location.entry.raw_name = [101,109,50,50,47,65,114,105,116,104,109,101,116,105,99,46,99,108,97,115,115]
methods.8.outcome.report.artifact.binding.method.owner.location.kind = "archive_entry"
methods.8.outcome.report.artifact.binding.method.owner.variant.kind = "base"
methods.8.outcome.report.artifact.binding.profile.java_release = 8
methods.8.outcome.report.artifact.binding.profile.layout.kind = "generic"
methods.8.outcome.report.artifact.binding.profile.multi_release.kind = "disabled"
methods.8.outcome.report.artifact.binding.registry = 71
methods.8.outcome.report.artifact.binding.rules = ["straight@1","if@1","loop@1","switch@1","lambda@1","concat@1","bridge@1","accessor@1","new@1","field@1","enumswitch@1","init@1","declaration@1","twr@1","monitor@1","finally@1"]
methods.8.outcome.report.artifact.binding.schema = 1
methods.8.outcome.report.artifact.binding.text_bytes = 194
methods.8.outcome.report.artifact.binding.text_digest = "6f91ccf61a9faa5ab9e3136e5ce3e0d7"
methods.8.outcome.report.bridges = []
methods.8.outcome.report.compile_status = "not_attempted"
methods.8.outcome.report.concats = []
methods.8.outcome.report.content = "contains_statements"
methods.8.outcome.report.declaration = null
methods.8.outcome.report.diagnostics.0.code = "jre_recovery_produced"
methods.8.outcome.report.diagnostics.0.message = "1 region(s), 1 statement(s), 4 segment(s), 194 byte(s) written from 1 canonical block(s)"
methods.8.outcome.report.diagnostics.0.provenance = null
methods.8.outcome.report.diagnostics.0.severity = "info"
methods.8.outcome.report.diagnostics.1.code = "jre_declaration"
methods.8.outcome.report.diagnostics.1.message = "the artifact's envelope states the member's declaration under declaration@1: an instance method"
methods.8.outcome.report.diagnostics.1.provenance = null
methods.8.outcome.report.diagnostics.1.severity = "info"
methods.8.outcome.report.enum_switches = []
methods.8.outcome.report.evidence.categories.0.kind = "source_map"
methods.8.outcome.report.evidence.categories.0.state.state = "not_requested"
methods.8.outcome.report.evidence.categories.1.kind = "region_details"
methods.8.outcome.report.evidence.categories.1.state.state = "not_requested"
methods.8.outcome.report.evidence.categories.2.kind = "rule_details"
methods.8.outcome.report.evidence.categories.2.state.state = "not_requested"
methods.8.outcome.report.evidence.categories.3.kind = "name_details"
methods.8.outcome.report.evidence.categories.3.state.state = "not_requested"
methods.8.outcome.report.evidence.categories.4.kind = "read_details"
methods.8.outcome.report.evidence.categories.4.state.state = "not_requested"
methods.8.outcome.report.evidence.requested.driver_bci_range = null
methods.8.outcome.report.evidence.requested.expected_artifact = null
methods.8.outcome.report.evidence.requested.kinds = []
methods.8.outcome.report.execution.status = "complete"
methods.8.outcome.report.execution.usage.analysis_steps = 449
methods.8.outcome.report.execution.usage.archive_entries = 14
methods.8.outcome.report.execution.usage.attribute_bytes = 1005
methods.8.outcome.report.execution.usage.class_bytes = 1708
methods.8.outcome.report.execution.usage.class_headers = 1
methods.8.outcome.report.execution.usage.code_bytes = 51
methods.8.outcome.report.execution.usage.dependency_depth = 0
methods.8.outcome.report.execution.usage.elapsed_millis = 35
methods.8.outcome.report.execution.usage.entry_bytes = 854
methods.8.outcome.report.execution.usage.input_bytes = 1753
methods.8.outcome.report.execution.usage.ir_edges = 56
methods.8.outcome.report.execution.usage.ir_items = 1155
methods.8.outcome.report.execution.usage.method_bodies = 9
methods.8.outcome.report.execution.usage.nested_depth = 0
methods.8.outcome.report.execution.usage.normalization_clones = 0
methods.8.outcome.report.execution.usage.output_bytes = 1785
methods.8.outcome.report.execution.usage.read_bytes = 454
methods.8.outcome.report.execution.usage.result_items = 53
methods.8.outcome.report.fallbacks = []
methods.8.outcome.report.fields = []
methods.8.outcome.report.init = null
methods.8.outcome.report.lambdas = []
methods.8.outcome.report.method = "notLong(J)J"
methods.8.outcome.report.news = []
methods.8.outcome.report.outcome = "produced"
methods.8.outcome.report.profile.java_release = 8
methods.8.outcome.report.profile.layout.kind = "generic"
methods.8.outcome.report.profile.multi_release.kind = "disabled"
methods.8.outcome.report.quality = "structured"
methods.8.outcome.report.regions = []
methods.8.outcome.report.representation = "java"
methods.8.outcome.report.rules = []
methods.8.outcome.report.semantic_validation = "unproven"
methods.8.outcome.report.source_map.segments = []
methods.8.outcome.report.syntax_status = "unchecked"
methods.8.outcome.report.text = "// @method notLong(J)J\n// @declaration an instance method of `em22.Arithmetic`, member flags 0x0001\n// recovered from bytecode; presentation is not claimed to compile\n{\n    return arg1 ^ -1L;\n}\n"
methods.8.outcome.report.verification = "not_performed"
methods.8.parameter_annotations.attributes = []
methods.8.parameter_annotations.refusals = []
methods.8.parameter_annotations.uses_by_position = [[]]
methods.8.text = "    public long notLong(long arg1) {\n        // @method notLong(J)J\n        // @declaration an instance method of `em22.Arithmetic`, member flags 0x0001\n        // recovered from bytecode; presentation is not claimed to compile\n        return arg1 ^ -1L;\n    }\n"
methods.8.type_annotations.attributes = []
methods.8.type_annotations.field_uses = []
methods.8.type_annotations.parameter_uses = [[]]
methods.8.type_annotations.refusals = []
methods.8.type_annotations.return_uses = []
methods.9.annotations.attributes = []
methods.9.annotations.refusals = []
methods.9.annotations.uses = []
methods.9.declaration = "public boolean flip(boolean arg1)"
methods.9.item.access_flags = 1
methods.9.item.body.content_span.length = 16
methods.9.item.body.content_span.start = 627
methods.9.item.body.kind = "code_attribute"
methods.9.item.descriptor.escaped = "(Z)Z"
methods.9.item.descriptor.raw = [40,90,41,90]
methods.9.item.descriptor.utf16 = [40,90,41,90]
methods.9.item.identity.descriptor = [40,90,41,90]
methods.9.item.identity.name = [102,108,105,112]
methods.9.item.identity.owner.class_bytes.digest = "e53fe838de69a4535618c1ad3cb7bf0567c6a3d069e142e1a6910adbd5ff208a"
methods.9.item.identity.owner.class_bytes.length = 854
methods.9.item.identity.owner.location.entry.ordinal = 3
methods.9.item.identity.owner.location.entry.origin.root_container = "root"
methods.9.item.identity.owner.location.entry.origin.snapshot = "e2a94f7ed51c4db70bd1925f48aa228e91a541d03d7360823cbd02ab7965dd0c"
methods.9.item.identity.owner.location.entry.origin.steps = []
methods.9.item.identity.owner.location.entry.raw_name = [101,109,50,50,47,65,114,105,116,104,109,101,116,105,99,46,99,108,97,115,115]
methods.9.item.identity.owner.location.kind = "archive_entry"
methods.9.item.identity.owner.variant.kind = "base"
methods.9.item.index = 9
methods.9.item.name.escaped = "flip"
methods.9.item.name.raw = [102,108,105,112]
methods.9.item.name.utf16 = [102,108,105,112]
methods.9.markers = []
methods.9.no_body_kind = null
methods.9.outcome.analysis.diagnostics = 0
methods.9.outcome.analysis.execution.status = "complete"
methods.9.outcome.analysis.execution.usage.analysis_steps = 473
methods.9.outcome.analysis.execution.usage.archive_entries = 14
methods.9.outcome.analysis.execution.usage.attribute_bytes = 1027
methods.9.outcome.analysis.execution.usage.class_bytes = 1708
methods.9.outcome.analysis.execution.usage.class_headers = 1
methods.9.outcome.analysis.execution.usage.code_bytes = 55
methods.9.outcome.analysis.execution.usage.dependency_depth = 0
methods.9.outcome.analysis.execution.usage.elapsed_millis = 35
methods.9.outcome.analysis.execution.usage.entry_bytes = 854
methods.9.outcome.analysis.execution.usage.input_bytes = 1753
methods.9.outcome.analysis.execution.usage.ir_edges = 60
methods.9.outcome.analysis.execution.usage.ir_items = 1226
methods.9.outcome.analysis.execution.usage.method_bodies = 10
methods.9.outcome.analysis.execution.usage.nested_depth = 0
methods.9.outcome.analysis.execution.usage.normalization_clones = 0
methods.9.outcome.analysis.execution.usage.output_bytes = 1785
methods.9.outcome.analysis.execution.usage.read_bytes = 454
methods.9.outcome.analysis.execution.usage.result_items = 54
methods.9.outcome.kind = "recovered"
methods.9.outcome.report.accessors = []
methods.9.outcome.report.aliased_names = []
methods.9.outcome.report.artifact.agreement.state = "not_stated"
methods.9.outcome.report.artifact.binding.engine = "0.1.0"
methods.9.outcome.report.artifact.binding.environment.content = ["e2a94f7ed51c4db70bd1925f48aa228e91a541d03d7360823cbd02ab7965dd0c"]
methods.9.outcome.report.artifact.binding.environment.domain_loaders = ["app"]
methods.9.outcome.report.artifact.binding.environment.providers = []
methods.9.outcome.report.artifact.binding.environment.runtime.load_domain.delegation.kind = "parent_first"
methods.9.outcome.report.artifact.binding.environment.runtime.load_domain.external_override = "none"
methods.9.outcome.report.artifact.binding.environment.runtime.load_domain.loader = "app"
methods.9.outcome.report.artifact.binding.environment.runtime.load_domain.module_mode.kind = "class_path"
methods.9.outcome.report.artifact.binding.environment.runtime.load_domain.parent_loader = null
methods.9.outcome.report.artifact.binding.environment.runtime.load_domain.roots.0.kind = "container"
methods.9.outcome.report.artifact.binding.environment.runtime.load_domain.roots.0.origin.root_container = "root"
methods.9.outcome.report.artifact.binding.environment.runtime.load_domain.roots.0.origin.snapshot = "e2a94f7ed51c4db70bd1925f48aa228e91a541d03d7360823cbd02ab7965dd0c"
methods.9.outcome.report.artifact.binding.environment.runtime.load_domain.roots.0.origin.steps = []
methods.9.outcome.report.artifact.binding.environment.runtime.load_domain.roots.0.prefix = []
methods.9.outcome.report.artifact.binding.environment.runtime.load_domain.runtime_transformation = "none"
methods.9.outcome.report.artifact.binding.environment.runtime.physical.scope.kind = "snapshot_all"
methods.9.outcome.report.artifact.binding.environment.runtime.physical.snapshot = "e2a94f7ed51c4db70bd1925f48aa228e91a541d03d7360823cbd02ab7965dd0c"
methods.9.outcome.report.artifact.binding.environment.runtime.profile.java_release = 8
methods.9.outcome.report.artifact.binding.environment.runtime.profile.layout.kind = "generic"
methods.9.outcome.report.artifact.binding.environment.runtime.profile.multi_release.kind = "disabled"
methods.9.outcome.report.artifact.binding.member_ordinal = 9
methods.9.outcome.report.artifact.binding.method.descriptor = [40,90,41,90]
methods.9.outcome.report.artifact.binding.method.name = [102,108,105,112]
methods.9.outcome.report.artifact.binding.method.owner.class_bytes.digest = "e53fe838de69a4535618c1ad3cb7bf0567c6a3d069e142e1a6910adbd5ff208a"
methods.9.outcome.report.artifact.binding.method.owner.class_bytes.length = 854
methods.9.outcome.report.artifact.binding.method.owner.location.entry.ordinal = 3
methods.9.outcome.report.artifact.binding.method.owner.location.entry.origin.root_container = "root"
methods.9.outcome.report.artifact.binding.method.owner.location.entry.origin.snapshot = "e2a94f7ed51c4db70bd1925f48aa228e91a541d03d7360823cbd02ab7965dd0c"
methods.9.outcome.report.artifact.binding.method.owner.location.entry.origin.steps = []
methods.9.outcome.report.artifact.binding.method.owner.location.entry.raw_name = [101,109,50,50,47,65,114,105,116,104,109,101,116,105,99,46,99,108,97,115,115]
methods.9.outcome.report.artifact.binding.method.owner.location.kind = "archive_entry"
methods.9.outcome.report.artifact.binding.method.owner.variant.kind = "base"
methods.9.outcome.report.artifact.binding.profile.java_release = 8
methods.9.outcome.report.artifact.binding.profile.layout.kind = "generic"
methods.9.outcome.report.artifact.binding.profile.multi_release.kind = "disabled"
methods.9.outcome.report.artifact.binding.registry = 71
methods.9.outcome.report.artifact.binding.rules = ["straight@1","if@1","loop@1","switch@1","lambda@1","concat@1","bridge@1","accessor@1","new@1","field@1","enumswitch@1","init@1","declaration@1","twr@1","monitor@1","finally@1"]
methods.9.outcome.report.artifact.binding.schema = 1
methods.9.outcome.report.artifact.binding.text_bytes = 186
methods.9.outcome.report.artifact.binding.text_digest = "dccbe6a4d4aa8956c258b5fd0a963844"
methods.9.outcome.report.bridges = []
methods.9.outcome.report.compile_status = "not_attempted"
methods.9.outcome.report.concats = []
methods.9.outcome.report.content = "contains_statements"
methods.9.outcome.report.declaration = null
methods.9.outcome.report.diagnostics.0.code = "jre_recovery_produced"
methods.9.outcome.report.diagnostics.0.message = "1 region(s), 1 statement(s), 3 segment(s), 186 byte(s) written from 1 canonical block(s)"
methods.9.outcome.report.diagnostics.0.provenance = null
methods.9.outcome.report.diagnostics.0.severity = "info"
methods.9.outcome.report.diagnostics.1.code = "jre_declaration"
methods.9.outcome.report.diagnostics.1.message = "the artifact's envelope states the member's declaration under declaration@1: an instance method"
methods.9.outcome.report.diagnostics.1.provenance = null
methods.9.outcome.report.diagnostics.1.severity = "info"
methods.9.outcome.report.enum_switches = []
methods.9.outcome.report.evidence.categories.0.kind = "source_map"
methods.9.outcome.report.evidence.categories.0.state.state = "not_requested"
methods.9.outcome.report.evidence.categories.1.kind = "region_details"
methods.9.outcome.report.evidence.categories.1.state.state = "not_requested"
methods.9.outcome.report.evidence.categories.2.kind = "rule_details"
methods.9.outcome.report.evidence.categories.2.state.state = "not_requested"
methods.9.outcome.report.evidence.categories.3.kind = "name_details"
methods.9.outcome.report.evidence.categories.3.state.state = "not_requested"
methods.9.outcome.report.evidence.categories.4.kind = "read_details"
methods.9.outcome.report.evidence.categories.4.state.state = "not_requested"
methods.9.outcome.report.evidence.requested.driver_bci_range = null
methods.9.outcome.report.evidence.requested.expected_artifact = null
methods.9.outcome.report.evidence.requested.kinds = []
methods.9.outcome.report.execution.status = "complete"
methods.9.outcome.report.execution.usage.analysis_steps = 489
methods.9.outcome.report.execution.usage.archive_entries = 14
methods.9.outcome.report.execution.usage.attribute_bytes = 1027
methods.9.outcome.report.execution.usage.class_bytes = 1708
methods.9.outcome.report.execution.usage.class_headers = 1
methods.9.outcome.report.execution.usage.code_bytes = 55
methods.9.outcome.report.execution.usage.dependency_depth = 0
methods.9.outcome.report.execution.usage.elapsed_millis = 35
methods.9.outcome.report.execution.usage.entry_bytes = 854
methods.9.outcome.report.execution.usage.input_bytes = 1753
methods.9.outcome.report.execution.usage.ir_edges = 60
methods.9.outcome.report.execution.usage.ir_items = 1245
methods.9.outcome.report.execution.usage.method_bodies = 10
methods.9.outcome.report.execution.usage.nested_depth = 0
methods.9.outcome.report.execution.usage.normalization_clones = 0
methods.9.outcome.report.execution.usage.output_bytes = 1971
methods.9.outcome.report.execution.usage.read_bytes = 454
methods.9.outcome.report.execution.usage.result_items = 54
methods.9.outcome.report.fallbacks = []
methods.9.outcome.report.fields = []
methods.9.outcome.report.init = null
methods.9.outcome.report.lambdas = []
methods.9.outcome.report.method = "flip(Z)Z"
methods.9.outcome.report.news = []
methods.9.outcome.report.outcome = "produced"
methods.9.outcome.report.profile.java_release = 8
methods.9.outcome.report.profile.layout.kind = "generic"
methods.9.outcome.report.profile.multi_release.kind = "disabled"
methods.9.outcome.report.quality = "structured"
methods.9.outcome.report.regions = []
methods.9.outcome.report.representation = "java"
methods.9.outcome.report.rules = []
methods.9.outcome.report.semantic_validation = "unproven"
methods.9.outcome.report.source_map.segments = []
methods.9.outcome.report.syntax_status = "unchecked"
methods.9.outcome.report.text = "// @method flip(Z)Z\n// @declaration an instance method of `em22.Arithmetic`, member flags 0x0001\n// recovered from bytecode; presentation is not claimed to compile\n{\n    return !arg1;\n}\n"
methods.9.outcome.report.verification = "not_performed"
methods.9.parameter_annotations.attributes = []
methods.9.parameter_annotations.refusals = []
methods.9.parameter_annotations.uses_by_position = [[]]
methods.9.text = "    public boolean flip(boolean arg1) {\n        // @method flip(Z)Z\n        // @declaration an instance method of `em22.Arithmetic`, member flags 0x0001\n        // recovered from bytecode; presentation is not claimed to compile\n        return !arg1;\n    }\n"
methods.9.type_annotations.attributes = []
methods.9.type_annotations.field_uses = []
methods.9.type_annotations.parameter_uses = [[]]
methods.9.type_annotations.refusals = []
methods.9.type_annotations.return_uses = []
methods.10.annotations.attributes = []
methods.10.annotations.refusals = []
methods.10.annotations.uses = []
methods.10.declaration = "public boolean flipCall()"
methods.10.item.access_flags = 1
methods.10.item.body.content_span.length = 19
methods.10.item.body.content_span.start = 657
methods.10.item.body.kind = "code_attribute"
methods.10.item.descriptor.escaped = "()Z"
methods.10.item.descriptor.raw = [40,41,90]
methods.10.item.descriptor.utf16 = [40,41,90]
methods.10.item.identity.descriptor = [40,41,90]
methods.10.item.identity.name = [102,108,105,112,67,97,108,108]
methods.10.item.identity.owner.class_bytes.digest = "e53fe838de69a4535618c1ad3cb7bf0567c6a3d069e142e1a6910adbd5ff208a"
methods.10.item.identity.owner.class_bytes.length = 854
methods.10.item.identity.owner.location.entry.ordinal = 3
methods.10.item.identity.owner.location.entry.origin.root_container = "root"
methods.10.item.identity.owner.location.entry.origin.snapshot = "e2a94f7ed51c4db70bd1925f48aa228e91a541d03d7360823cbd02ab7965dd0c"
methods.10.item.identity.owner.location.entry.origin.steps = []
methods.10.item.identity.owner.location.entry.raw_name = [101,109,50,50,47,65,114,105,116,104,109,101,116,105,99,46,99,108,97,115,115]
methods.10.item.identity.owner.location.kind = "archive_entry"
methods.10.item.identity.owner.variant.kind = "base"
methods.10.item.index = 10
methods.10.item.name.escaped = "flipCall"
methods.10.item.name.raw = [102,108,105,112,67,97,108,108]
methods.10.item.name.utf16 = [102,108,105,112,67,97,108,108]
methods.10.markers = []
methods.10.no_body_kind = null
methods.10.outcome.analysis.diagnostics = 0
methods.10.outcome.analysis.execution.status = "complete"
methods.10.outcome.analysis.execution.usage.analysis_steps = 518
methods.10.outcome.analysis.execution.usage.archive_entries = 14
methods.10.outcome.analysis.execution.usage.attribute_bytes = 1052
methods.10.outcome.analysis.execution.usage.class_bytes = 1708
methods.10.outcome.analysis.execution.usage.class_headers = 1
methods.10.outcome.analysis.execution.usage.code_bytes = 62
methods.10.outcome.analysis.execution.usage.dependency_depth = 0
methods.10.outcome.analysis.execution.usage.elapsed_millis = 36
methods.10.outcome.analysis.execution.usage.entry_bytes = 854
methods.10.outcome.analysis.execution.usage.input_bytes = 1753
methods.10.outcome.analysis.execution.usage.ir_edges = 65
methods.10.outcome.analysis.execution.usage.ir_items = 1320
methods.10.outcome.analysis.execution.usage.method_bodies = 11
methods.10.outcome.analysis.execution.usage.nested_depth = 0
methods.10.outcome.analysis.execution.usage.normalization_clones = 0
methods.10.outcome.analysis.execution.usage.output_bytes = 1971
methods.10.outcome.analysis.execution.usage.read_bytes = 454
methods.10.outcome.analysis.execution.usage.result_items = 55
methods.10.outcome.kind = "recovered"
methods.10.outcome.report.accessors = []
methods.10.outcome.report.aliased_names = []
methods.10.outcome.report.artifact.agreement.state = "not_stated"
methods.10.outcome.report.artifact.binding.engine = "0.1.0"
methods.10.outcome.report.artifact.binding.environment.content = ["e2a94f7ed51c4db70bd1925f48aa228e91a541d03d7360823cbd02ab7965dd0c"]
methods.10.outcome.report.artifact.binding.environment.domain_loaders = ["app"]
methods.10.outcome.report.artifact.binding.environment.providers = []
methods.10.outcome.report.artifact.binding.environment.runtime.load_domain.delegation.kind = "parent_first"
methods.10.outcome.report.artifact.binding.environment.runtime.load_domain.external_override = "none"
methods.10.outcome.report.artifact.binding.environment.runtime.load_domain.loader = "app"
methods.10.outcome.report.artifact.binding.environment.runtime.load_domain.module_mode.kind = "class_path"
methods.10.outcome.report.artifact.binding.environment.runtime.load_domain.parent_loader = null
methods.10.outcome.report.artifact.binding.environment.runtime.load_domain.roots.0.kind = "container"
methods.10.outcome.report.artifact.binding.environment.runtime.load_domain.roots.0.origin.root_container = "root"
methods.10.outcome.report.artifact.binding.environment.runtime.load_domain.roots.0.origin.snapshot = "e2a94f7ed51c4db70bd1925f48aa228e91a541d03d7360823cbd02ab7965dd0c"
methods.10.outcome.report.artifact.binding.environment.runtime.load_domain.roots.0.origin.steps = []
methods.10.outcome.report.artifact.binding.environment.runtime.load_domain.roots.0.prefix = []
methods.10.outcome.report.artifact.binding.environment.runtime.load_domain.runtime_transformation = "none"
methods.10.outcome.report.artifact.binding.environment.runtime.physical.scope.kind = "snapshot_all"
methods.10.outcome.report.artifact.binding.environment.runtime.physical.snapshot = "e2a94f7ed51c4db70bd1925f48aa228e91a541d03d7360823cbd02ab7965dd0c"
methods.10.outcome.report.artifact.binding.environment.runtime.profile.java_release = 8
methods.10.outcome.report.artifact.binding.environment.runtime.profile.layout.kind = "generic"
methods.10.outcome.report.artifact.binding.environment.runtime.profile.multi_release.kind = "disabled"
methods.10.outcome.report.artifact.binding.member_ordinal = 10
methods.10.outcome.report.artifact.binding.method.descriptor = [40,41,90]
methods.10.outcome.report.artifact.binding.method.name = [102,108,105,112,67,97,108,108]
methods.10.outcome.report.artifact.binding.method.owner.class_bytes.digest = "e53fe838de69a4535618c1ad3cb7bf0567c6a3d069e142e1a6910adbd5ff208a"
methods.10.outcome.report.artifact.binding.method.owner.class_bytes.length = 854
methods.10.outcome.report.artifact.binding.method.owner.location.entry.ordinal = 3
methods.10.outcome.report.artifact.binding.method.owner.location.entry.origin.root_container = "root"
methods.10.outcome.report.artifact.binding.method.owner.location.entry.origin.snapshot = "e2a94f7ed51c4db70bd1925f48aa228e91a541d03d7360823cbd02ab7965dd0c"
methods.10.outcome.report.artifact.binding.method.owner.location.entry.origin.steps = []
methods.10.outcome.report.artifact.binding.method.owner.location.entry.raw_name = [101,109,50,50,47,65,114,105,116,104,109,101,116,105,99,46,99,108,97,115,115]
methods.10.outcome.report.artifact.binding.method.owner.location.kind = "archive_entry"
methods.10.outcome.report.artifact.binding.method.owner.variant.kind = "base"
methods.10.outcome.report.artifact.binding.profile.java_release = 8
methods.10.outcome.report.artifact.binding.profile.layout.kind = "generic"
methods.10.outcome.report.artifact.binding.profile.multi_release.kind = "disabled"
methods.10.outcome.report.artifact.binding.registry = 71
methods.10.outcome.report.artifact.binding.rules = ["straight@1","if@1","loop@1","switch@1","lambda@1","concat@1","bridge@1","accessor@1","new@1","field@1","enumswitch@1","init@1","declaration@1","twr@1","monitor@1","finally@1"]
methods.10.outcome.report.artifact.binding.schema = 1
methods.10.outcome.report.artifact.binding.text_bytes = 196
methods.10.outcome.report.artifact.binding.text_digest = "4e73b1fd74d1f4ce3887ebde60668af1"
methods.10.outcome.report.bridges = []
methods.10.outcome.report.compile_status = "not_attempted"
methods.10.outcome.report.concats = []
methods.10.outcome.report.content = "contains_statements"
methods.10.outcome.report.declaration = null
methods.10.outcome.report.diagnostics.0.code = "jre_recovery_produced"
methods.10.outcome.report.diagnostics.0.message = "1 region(s), 1 statement(s), 4 segment(s), 196 byte(s) written from 1 canonical block(s)"
methods.10.outcome.report.diagnostics.0.provenance = null
methods.10.outcome.report.diagnostics.0.severity = "info"
methods.10.outcome.report.diagnostics.1.code = "jre_declaration"
methods.10.outcome.report.diagnostics.1.message = "the artifact's envelope states the member's declaration under declaration@1: an instance method"
methods.10.outcome.report.diagnostics.1.provenance = null
methods.10.outcome.report.diagnostics.1.severity = "info"
methods.10.outcome.report.enum_switches = []
methods.10.outcome.report.evidence.categories.0.kind = "source_map"
methods.10.outcome.report.evidence.categories.0.state.state = "not_requested"
methods.10.outcome.report.evidence.categories.1.kind = "region_details"
methods.10.outcome.report.evidence.categories.1.state.state = "not_requested"
methods.10.outcome.report.evidence.categories.2.kind = "rule_details"
methods.10.outcome.report.evidence.categories.2.state.state = "not_requested"
methods.10.outcome.report.evidence.categories.3.kind = "name_details"
methods.10.outcome.report.evidence.categories.3.state.state = "not_requested"
methods.10.outcome.report.evidence.categories.4.kind = "read_details"
methods.10.outcome.report.evidence.categories.4.state.state = "not_requested"
methods.10.outcome.report.evidence.requested.driver_bci_range = null
methods.10.outcome.report.evidence.requested.expected_artifact = null
methods.10.outcome.report.evidence.requested.kinds = []
methods.10.outcome.report.execution.status = "complete"
methods.10.outcome.report.execution.usage.analysis_steps = 536
methods.10.outcome.report.execution.usage.archive_entries = 14
methods.10.outcome.report.execution.usage.attribute_bytes = 1052
methods.10.outcome.report.execution.usage.class_bytes = 1708
methods.10.outcome.report.execution.usage.class_headers = 1
methods.10.outcome.report.execution.usage.code_bytes = 62
methods.10.outcome.report.execution.usage.dependency_depth = 0
methods.10.outcome.report.execution.usage.elapsed_millis = 36
methods.10.outcome.report.execution.usage.entry_bytes = 854
methods.10.outcome.report.execution.usage.input_bytes = 1753
methods.10.outcome.report.execution.usage.ir_edges = 65
methods.10.outcome.report.execution.usage.ir_items = 1352
methods.10.outcome.report.execution.usage.method_bodies = 11
methods.10.outcome.report.execution.usage.nested_depth = 0
methods.10.outcome.report.execution.usage.normalization_clones = 0
methods.10.outcome.report.execution.usage.output_bytes = 2167
methods.10.outcome.report.execution.usage.read_bytes = 454
methods.10.outcome.report.execution.usage.result_items = 55
methods.10.outcome.report.fallbacks = []
methods.10.outcome.report.fields = []
methods.10.outcome.report.init = null
methods.10.outcome.report.lambdas = []
methods.10.outcome.report.method = "flipCall()Z"
methods.10.outcome.report.news = []
methods.10.outcome.report.outcome = "produced"
methods.10.outcome.report.profile.java_release = 8
methods.10.outcome.report.profile.layout.kind = "generic"
methods.10.outcome.report.profile.multi_release.kind = "disabled"
methods.10.outcome.report.quality = "structured"
methods.10.outcome.report.regions = []
methods.10.outcome.report.representation = "java"
methods.10.outcome.report.rules = []
methods.10.outcome.report.semantic_validation = "unproven"
methods.10.outcome.report.source_map.segments = []
methods.10.outcome.report.syntax_status = "unchecked"
methods.10.outcome.report.text = "// @method flipCall()Z\n// @declaration an instance method of `em22.Arithmetic`, member flags 0x0001\n// recovered from bytecode; presentation is not claimed to compile\n{\n    return !this.left();\n}\n"
methods.10.outcome.report.verification = "not_performed"
methods.10.parameter_annotations.attributes = []
methods.10.parameter_annotations.refusals = []
methods.10.parameter_annotations.uses_by_position = []
methods.10.text = "    public boolean flipCall() {\n        // @method flipCall()Z\n        // @declaration an instance method of `em22.Arithmetic`, member flags 0x0001\n        // recovered from bytecode; presentation is not claimed to compile\n        return !this.left();\n    }\n"
methods.10.type_annotations.attributes = []
methods.10.type_annotations.field_uses = []
methods.10.type_annotations.parameter_uses = []
methods.10.type_annotations.refusals = []
methods.10.type_annotations.return_uses = []
methods.11.annotations.attributes = []
methods.11.annotations.refusals = []
methods.11.annotations.uses = []
methods.11.declaration = "public boolean sameCall()"
methods.11.item.access_flags = 1
methods.11.item.body.content_span.length = 19
methods.11.item.body.content_span.start = 690
methods.11.item.body.kind = "code_attribute"
methods.11.item.descriptor.escaped = "()Z"
methods.11.item.descriptor.raw = [40,41,90]
methods.11.item.descriptor.utf16 = [40,41,90]
methods.11.item.identity.descriptor = [40,41,90]
methods.11.item.identity.name = [115,97,109,101,67,97,108,108]
methods.11.item.identity.owner.class_bytes.digest = "e53fe838de69a4535618c1ad3cb7bf0567c6a3d069e142e1a6910adbd5ff208a"
methods.11.item.identity.owner.class_bytes.length = 854
methods.11.item.identity.owner.location.entry.ordinal = 3
methods.11.item.identity.owner.location.entry.origin.root_container = "root"
methods.11.item.identity.owner.location.entry.origin.snapshot = "e2a94f7ed51c4db70bd1925f48aa228e91a541d03d7360823cbd02ab7965dd0c"
methods.11.item.identity.owner.location.entry.origin.steps = []
methods.11.item.identity.owner.location.entry.raw_name = [101,109,50,50,47,65,114,105,116,104,109,101,116,105,99,46,99,108,97,115,115]
methods.11.item.identity.owner.location.kind = "archive_entry"
methods.11.item.identity.owner.variant.kind = "base"
methods.11.item.index = 11
methods.11.item.name.escaped = "sameCall"
methods.11.item.name.raw = [115,97,109,101,67,97,108,108]
methods.11.item.name.utf16 = [115,97,109,101,67,97,108,108]
methods.11.markers = []
methods.11.no_body_kind = null
methods.11.outcome.analysis.diagnostics = 0
methods.11.outcome.analysis.execution.status = "complete"
methods.11.outcome.analysis.execution.usage.analysis_steps = 565
methods.11.outcome.analysis.execution.usage.archive_entries = 14
methods.11.outcome.analysis.execution.usage.attribute_bytes = 1077
methods.11.outcome.analysis.execution.usage.class_bytes = 1708
methods.11.outcome.analysis.execution.usage.class_headers = 1
methods.11.outcome.analysis.execution.usage.code_bytes = 69
methods.11.outcome.analysis.execution.usage.dependency_depth = 0
methods.11.outcome.analysis.execution.usage.elapsed_millis = 36
methods.11.outcome.analysis.execution.usage.entry_bytes = 854
methods.11.outcome.analysis.execution.usage.input_bytes = 1753
methods.11.outcome.analysis.execution.usage.ir_edges = 70
methods.11.outcome.analysis.execution.usage.ir_items = 1427
methods.11.outcome.analysis.execution.usage.method_bodies = 12
methods.11.outcome.analysis.execution.usage.nested_depth = 0
methods.11.outcome.analysis.execution.usage.normalization_clones = 0
methods.11.outcome.analysis.execution.usage.output_bytes = 2167
methods.11.outcome.analysis.execution.usage.read_bytes = 454
methods.11.outcome.analysis.execution.usage.result_items = 56
methods.11.outcome.kind = "recovered"
methods.11.outcome.report.accessors = []
methods.11.outcome.report.aliased_names = []
methods.11.outcome.report.artifact.agreement.state = "not_stated"
methods.11.outcome.report.artifact.binding.engine = "0.1.0"
methods.11.outcome.report.artifact.binding.environment.content = ["e2a94f7ed51c4db70bd1925f48aa228e91a541d03d7360823cbd02ab7965dd0c"]
methods.11.outcome.report.artifact.binding.environment.domain_loaders = ["app"]
methods.11.outcome.report.artifact.binding.environment.providers = []
methods.11.outcome.report.artifact.binding.environment.runtime.load_domain.delegation.kind = "parent_first"
methods.11.outcome.report.artifact.binding.environment.runtime.load_domain.external_override = "none"
methods.11.outcome.report.artifact.binding.environment.runtime.load_domain.loader = "app"
methods.11.outcome.report.artifact.binding.environment.runtime.load_domain.module_mode.kind = "class_path"
methods.11.outcome.report.artifact.binding.environment.runtime.load_domain.parent_loader = null
methods.11.outcome.report.artifact.binding.environment.runtime.load_domain.roots.0.kind = "container"
methods.11.outcome.report.artifact.binding.environment.runtime.load_domain.roots.0.origin.root_container = "root"
methods.11.outcome.report.artifact.binding.environment.runtime.load_domain.roots.0.origin.snapshot = "e2a94f7ed51c4db70bd1925f48aa228e91a541d03d7360823cbd02ab7965dd0c"
methods.11.outcome.report.artifact.binding.environment.runtime.load_domain.roots.0.origin.steps = []
methods.11.outcome.report.artifact.binding.environment.runtime.load_domain.roots.0.prefix = []
methods.11.outcome.report.artifact.binding.environment.runtime.load_domain.runtime_transformation = "none"
methods.11.outcome.report.artifact.binding.environment.runtime.physical.scope.kind = "snapshot_all"
methods.11.outcome.report.artifact.binding.environment.runtime.physical.snapshot = "e2a94f7ed51c4db70bd1925f48aa228e91a541d03d7360823cbd02ab7965dd0c"
methods.11.outcome.report.artifact.binding.environment.runtime.profile.java_release = 8
methods.11.outcome.report.artifact.binding.environment.runtime.profile.layout.kind = "generic"
methods.11.outcome.report.artifact.binding.environment.runtime.profile.multi_release.kind = "disabled"
methods.11.outcome.report.artifact.binding.member_ordinal = 11
methods.11.outcome.report.artifact.binding.method.descriptor = [40,41,90]
methods.11.outcome.report.artifact.binding.method.name = [115,97,109,101,67,97,108,108]
methods.11.outcome.report.artifact.binding.method.owner.class_bytes.digest = "e53fe838de69a4535618c1ad3cb7bf0567c6a3d069e142e1a6910adbd5ff208a"
methods.11.outcome.report.artifact.binding.method.owner.class_bytes.length = 854
methods.11.outcome.report.artifact.binding.method.owner.location.entry.ordinal = 3
methods.11.outcome.report.artifact.binding.method.owner.location.entry.origin.root_container = "root"
methods.11.outcome.report.artifact.binding.method.owner.location.entry.origin.snapshot = "e2a94f7ed51c4db70bd1925f48aa228e91a541d03d7360823cbd02ab7965dd0c"
methods.11.outcome.report.artifact.binding.method.owner.location.entry.origin.steps = []
methods.11.outcome.report.artifact.binding.method.owner.location.entry.raw_name = [101,109,50,50,47,65,114,105,116,104,109,101,116,105,99,46,99,108,97,115,115]
methods.11.outcome.report.artifact.binding.method.owner.location.kind = "archive_entry"
methods.11.outcome.report.artifact.binding.method.owner.variant.kind = "base"
methods.11.outcome.report.artifact.binding.profile.java_release = 8
methods.11.outcome.report.artifact.binding.profile.layout.kind = "generic"
methods.11.outcome.report.artifact.binding.profile.multi_release.kind = "disabled"
methods.11.outcome.report.artifact.binding.registry = 71
methods.11.outcome.report.artifact.binding.rules = ["straight@1","if@1","loop@1","switch@1","lambda@1","concat@1","bridge@1","accessor@1","new@1","field@1","enumswitch@1","init@1","declaration@1","twr@1","monitor@1","finally@1"]
methods.11.outcome.report.artifact.binding.schema = 1
methods.11.outcome.report.artifact.binding.text_bytes = 195
methods.11.outcome.report.artifact.binding.text_digest = "d899d236ae019577fabbf19009aa8241"
methods.11.outcome.report.bridges = []
methods.11.outcome.report.compile_status = "not_attempted"
methods.11.outcome.report.concats = []
methods.11.outcome.report.content = "contains_statements"
methods.11.outcome.report.declaration = null
methods.11.outcome.report.diagnostics.0.code = "jre_recovery_produced"
methods.11.outcome.report.diagnostics.0.message = "1 region(s), 1 statement(s), 3 segment(s), 195 byte(s) written from 1 canonical block(s)"
methods.11.outcome.report.diagnostics.0.provenance = null
methods.11.outcome.report.diagnostics.0.severity = "info"
methods.11.outcome.report.diagnostics.1.code = "jre_declaration"
methods.11.outcome.report.diagnostics.1.message = "the artifact's envelope states the member's declaration under declaration@1: an instance method"
methods.11.outcome.report.diagnostics.1.provenance = null
methods.11.outcome.report.diagnostics.1.severity = "info"
methods.11.outcome.report.enum_switches = []
methods.11.outcome.report.evidence.categories.0.kind = "source_map"
methods.11.outcome.report.evidence.categories.0.state.state = "not_requested"
methods.11.outcome.report.evidence.categories.1.kind = "region_details"
methods.11.outcome.report.evidence.categories.1.state.state = "not_requested"
methods.11.outcome.report.evidence.categories.2.kind = "rule_details"
methods.11.outcome.report.evidence.categories.2.state.state = "not_requested"
methods.11.outcome.report.evidence.categories.3.kind = "name_details"
methods.11.outcome.report.evidence.categories.3.state.state = "not_requested"
methods.11.outcome.report.evidence.categories.4.kind = "read_details"
methods.11.outcome.report.evidence.categories.4.state.state = "not_requested"
methods.11.outcome.report.evidence.requested.driver_bci_range = null
methods.11.outcome.report.evidence.requested.expected_artifact = null
methods.11.outcome.report.evidence.requested.kinds = []
methods.11.outcome.report.execution.status = "complete"
methods.11.outcome.report.execution.usage.analysis_steps = 582
methods.11.outcome.report.execution.usage.archive_entries = 14
methods.11.outcome.report.execution.usage.attribute_bytes = 1077
methods.11.outcome.report.execution.usage.class_bytes = 1708
methods.11.outcome.report.execution.usage.class_headers = 1
methods.11.outcome.report.execution.usage.code_bytes = 69
methods.11.outcome.report.execution.usage.dependency_depth = 0
methods.11.outcome.report.execution.usage.elapsed_millis = 36
methods.11.outcome.report.execution.usage.entry_bytes = 854
methods.11.outcome.report.execution.usage.input_bytes = 1753
methods.11.outcome.report.execution.usage.ir_edges = 70
methods.11.outcome.report.execution.usage.ir_items = 1458
methods.11.outcome.report.execution.usage.method_bodies = 12
methods.11.outcome.report.execution.usage.nested_depth = 0
methods.11.outcome.report.execution.usage.normalization_clones = 0
methods.11.outcome.report.execution.usage.output_bytes = 2362
methods.11.outcome.report.execution.usage.read_bytes = 454
methods.11.outcome.report.execution.usage.result_items = 56
methods.11.outcome.report.fallbacks = []
methods.11.outcome.report.fields = []
methods.11.outcome.report.init = null
methods.11.outcome.report.lambdas = []
methods.11.outcome.report.method = "sameCall()Z"
methods.11.outcome.report.news = []
methods.11.outcome.report.outcome = "produced"
methods.11.outcome.report.profile.java_release = 8
methods.11.outcome.report.profile.layout.kind = "generic"
methods.11.outcome.report.profile.multi_release.kind = "disabled"
methods.11.outcome.report.quality = "structured"
methods.11.outcome.report.regions = []
methods.11.outcome.report.representation = "java"
methods.11.outcome.report.rules = []
methods.11.outcome.report.semantic_validation = "unproven"
methods.11.outcome.report.source_map.segments = []
methods.11.outcome.report.syntax_status = "unchecked"
methods.11.outcome.report.text = "// @method sameCall()Z\n// @declaration an instance method of `em22.Arithmetic`, member flags 0x0001\n// recovered from bytecode; presentation is not claimed to compile\n{\n    return this.left();\n}\n"
methods.11.outcome.report.verification = "not_performed"
methods.11.parameter_annotations.attributes = []
methods.11.parameter_annotations.refusals = []
methods.11.parameter_annotations.uses_by_position = []
methods.11.text = "    public boolean sameCall() {\n        // @method sameCall()Z\n        // @declaration an instance method of `em22.Arithmetic`, member flags 0x0001\n        // recovered from bytecode; presentation is not claimed to compile\n        return this.left();\n    }\n"
methods.11.type_annotations.attributes = []
methods.11.type_annotations.field_uses = []
methods.11.type_annotations.parameter_uses = []
methods.11.type_annotations.refusals = []
methods.11.type_annotations.return_uses = []
methods.12.annotations.attributes = []
methods.12.annotations.refusals = []
methods.12.annotations.uses = []
methods.12.declaration = "private boolean left()"
methods.12.item.access_flags = 2
methods.12.item.body.content_span.length = 24
methods.12.item.body.content_span.start = 723
methods.12.item.body.kind = "code_attribute"
methods.12.item.descriptor.escaped = "()Z"
methods.12.item.descriptor.raw = [40,41,90]
methods.12.item.descriptor.utf16 = [40,41,90]
methods.12.item.identity.descriptor = [40,41,90]
methods.12.item.identity.name = [108,101,102,116]
methods.12.item.identity.owner.class_bytes.digest = "e53fe838de69a4535618c1ad3cb7bf0567c6a3d069e142e1a6910adbd5ff208a"
methods.12.item.identity.owner.class_bytes.length = 854
methods.12.item.identity.owner.location.entry.ordinal = 3
methods.12.item.identity.owner.location.entry.origin.root_container = "root"
methods.12.item.identity.owner.location.entry.origin.snapshot = "e2a94f7ed51c4db70bd1925f48aa228e91a541d03d7360823cbd02ab7965dd0c"
methods.12.item.identity.owner.location.entry.origin.steps = []
methods.12.item.identity.owner.location.entry.raw_name = [101,109,50,50,47,65,114,105,116,104,109,101,116,105,99,46,99,108,97,115,115]
methods.12.item.identity.owner.location.kind = "archive_entry"
methods.12.item.identity.owner.variant.kind = "base"
methods.12.item.index = 12
methods.12.item.name.escaped = "left"
methods.12.item.name.raw = [108,101,102,116]
methods.12.item.name.utf16 = [108,101,102,116]
methods.12.markers = []
methods.12.no_body_kind = null
methods.12.outcome.analysis.diagnostics = 0
methods.12.outcome.analysis.execution.status = "complete"
methods.12.outcome.analysis.execution.usage.analysis_steps = 624
methods.12.outcome.analysis.execution.usage.archive_entries = 14
methods.12.outcome.analysis.execution.usage.attribute_bytes = 1107
methods.12.outcome.analysis.execution.usage.class_bytes = 1708
methods.12.outcome.analysis.execution.usage.class_headers = 1
methods.12.outcome.analysis.execution.usage.code_bytes = 81
methods.12.outcome.analysis.execution.usage.dependency_depth = 0
methods.12.outcome.analysis.execution.usage.elapsed_millis = 36
methods.12.outcome.analysis.execution.usage.entry_bytes = 854
methods.12.outcome.analysis.execution.usage.input_bytes = 1753
methods.12.outcome.analysis.execution.usage.ir_edges = 78
methods.12.outcome.analysis.execution.usage.ir_items = 1571
methods.12.outcome.analysis.execution.usage.method_bodies = 13
methods.12.outcome.analysis.execution.usage.nested_depth = 0
methods.12.outcome.analysis.execution.usage.normalization_clones = 0
methods.12.outcome.analysis.execution.usage.output_bytes = 2362
methods.12.outcome.analysis.execution.usage.read_bytes = 454
methods.12.outcome.analysis.execution.usage.result_items = 57
methods.12.outcome.kind = "recovered"
methods.12.outcome.report.accessors = []
methods.12.outcome.report.aliased_names = []
methods.12.outcome.report.artifact.agreement.state = "not_stated"
methods.12.outcome.report.artifact.binding.engine = "0.1.0"
methods.12.outcome.report.artifact.binding.environment.content = ["e2a94f7ed51c4db70bd1925f48aa228e91a541d03d7360823cbd02ab7965dd0c"]
methods.12.outcome.report.artifact.binding.environment.domain_loaders = ["app"]
methods.12.outcome.report.artifact.binding.environment.providers = []
methods.12.outcome.report.artifact.binding.environment.runtime.load_domain.delegation.kind = "parent_first"
methods.12.outcome.report.artifact.binding.environment.runtime.load_domain.external_override = "none"
methods.12.outcome.report.artifact.binding.environment.runtime.load_domain.loader = "app"
methods.12.outcome.report.artifact.binding.environment.runtime.load_domain.module_mode.kind = "class_path"
methods.12.outcome.report.artifact.binding.environment.runtime.load_domain.parent_loader = null
methods.12.outcome.report.artifact.binding.environment.runtime.load_domain.roots.0.kind = "container"
methods.12.outcome.report.artifact.binding.environment.runtime.load_domain.roots.0.origin.root_container = "root"
methods.12.outcome.report.artifact.binding.environment.runtime.load_domain.roots.0.origin.snapshot = "e2a94f7ed51c4db70bd1925f48aa228e91a541d03d7360823cbd02ab7965dd0c"
methods.12.outcome.report.artifact.binding.environment.runtime.load_domain.roots.0.origin.steps = []
methods.12.outcome.report.artifact.binding.environment.runtime.load_domain.roots.0.prefix = []
methods.12.outcome.report.artifact.binding.environment.runtime.load_domain.runtime_transformation = "none"
methods.12.outcome.report.artifact.binding.environment.runtime.physical.scope.kind = "snapshot_all"
methods.12.outcome.report.artifact.binding.environment.runtime.physical.snapshot = "e2a94f7ed51c4db70bd1925f48aa228e91a541d03d7360823cbd02ab7965dd0c"
methods.12.outcome.report.artifact.binding.environment.runtime.profile.java_release = 8
methods.12.outcome.report.artifact.binding.environment.runtime.profile.layout.kind = "generic"
methods.12.outcome.report.artifact.binding.environment.runtime.profile.multi_release.kind = "disabled"
methods.12.outcome.report.artifact.binding.member_ordinal = 12
methods.12.outcome.report.artifact.binding.method.descriptor = [40,41,90]
methods.12.outcome.report.artifact.binding.method.name = [108,101,102,116]
methods.12.outcome.report.artifact.binding.method.owner.class_bytes.digest = "e53fe838de69a4535618c1ad3cb7bf0567c6a3d069e142e1a6910adbd5ff208a"
methods.12.outcome.report.artifact.binding.method.owner.class_bytes.length = 854
methods.12.outcome.report.artifact.binding.method.owner.location.entry.ordinal = 3
methods.12.outcome.report.artifact.binding.method.owner.location.entry.origin.root_container = "root"
methods.12.outcome.report.artifact.binding.method.owner.location.entry.origin.snapshot = "e2a94f7ed51c4db70bd1925f48aa228e91a541d03d7360823cbd02ab7965dd0c"
methods.12.outcome.report.artifact.binding.method.owner.location.entry.origin.steps = []
methods.12.outcome.report.artifact.binding.method.owner.location.entry.raw_name = [101,109,50,50,47,65,114,105,116,104,109,101,116,105,99,46,99,108,97,115,115]
methods.12.outcome.report.artifact.binding.method.owner.location.kind = "archive_entry"
methods.12.outcome.report.artifact.binding.method.owner.variant.kind = "base"
methods.12.outcome.report.artifact.binding.profile.java_release = 8
methods.12.outcome.report.artifact.binding.profile.layout.kind = "generic"
methods.12.outcome.report.artifact.binding.profile.multi_release.kind = "disabled"
methods.12.outcome.report.artifact.binding.registry = 71
methods.12.outcome.report.artifact.binding.rules = ["straight@1","if@1","loop@1","switch@1","lambda@1","concat@1","bridge@1","accessor@1","new@1","field@1","enumswitch@1","init@1","declaration@1","twr@1","monitor@1","finally@1"]
methods.12.outcome.report.artifact.binding.schema = 1
methods.12.outcome.report.artifact.binding.text_bytes = 205
methods.12.outcome.report.artifact.binding.text_digest = "de073ffdca44f49ae646c53fac61878e"
methods.12.outcome.report.bridges = []
methods.12.outcome.report.compile_status = "not_attempted"
methods.12.outcome.report.concats = []
methods.12.outcome.report.content = "contains_statements"
methods.12.outcome.report.declaration = null
methods.12.outcome.report.diagnostics.0.code = "jre_recovery_produced"
methods.12.outcome.report.diagnostics.0.message = "1 region(s), 2 statement(s), 5 segment(s), 205 byte(s) written from 1 canonical block(s)"
methods.12.outcome.report.diagnostics.0.provenance = null
methods.12.outcome.report.diagnostics.0.severity = "info"
methods.12.outcome.report.diagnostics.1.code = "jre_field_accesses"
methods.12.outcome.report.diagnostics.1.message = "2 field instruction(s) read under field@1: 2 presented, 0 refused"
methods.12.outcome.report.diagnostics.1.provenance = null
methods.12.outcome.report.diagnostics.1.severity = "info"
methods.12.outcome.report.diagnostics.2.code = "jre_declaration"
methods.12.outcome.report.diagnostics.2.message = "the artifact's envelope states the member's declaration under declaration@1: an instance method"
methods.12.outcome.report.diagnostics.2.provenance = null
methods.12.outcome.report.diagnostics.2.severity = "info"
methods.12.outcome.report.enum_switches = []
methods.12.outcome.report.evidence.categories.0.kind = "source_map"
methods.12.outcome.report.evidence.categories.0.state.state = "not_requested"
methods.12.outcome.report.evidence.categories.1.kind = "region_details"
methods.12.outcome.report.evidence.categories.1.state.state = "not_requested"
methods.12.outcome.report.evidence.categories.2.kind = "rule_details"
methods.12.outcome.report.evidence.categories.2.state.state = "not_requested"
methods.12.outcome.report.evidence.categories.3.kind = "name_details"
methods.12.outcome.report.evidence.categories.3.state.state = "not_requested"
methods.12.outcome.report.evidence.categories.4.kind = "read_details"
methods.12.outcome.report.evidence.categories.4.state.state = "not_requested"
methods.12.outcome.report.evidence.requested.driver_bci_range = null
methods.12.outcome.report.evidence.requested.expected_artifact = null
methods.12.outcome.report.evidence.requested.kinds = []
methods.12.outcome.report.execution.status = "complete"
methods.12.outcome.report.execution.usage.analysis_steps = 646
methods.12.outcome.report.execution.usage.archive_entries = 14
methods.12.outcome.report.execution.usage.attribute_bytes = 1107
methods.12.outcome.report.execution.usage.class_bytes = 1708
methods.12.outcome.report.execution.usage.class_headers = 1
methods.12.outcome.report.execution.usage.code_bytes = 81
methods.12.outcome.report.execution.usage.dependency_depth = 0
methods.12.outcome.report.execution.usage.elapsed_millis = 36
methods.12.outcome.report.execution.usage.entry_bytes = 854
methods.12.outcome.report.execution.usage.input_bytes = 1753
methods.12.outcome.report.execution.usage.ir_edges = 78
methods.12.outcome.report.execution.usage.ir_items = 1619
methods.12.outcome.report.execution.usage.method_bodies = 13
methods.12.outcome.report.execution.usage.nested_depth = 0
methods.12.outcome.report.execution.usage.normalization_clones = 0
methods.12.outcome.report.execution.usage.output_bytes = 2567
methods.12.outcome.report.execution.usage.read_bytes = 454
methods.12.outcome.report.execution.usage.result_items = 57
methods.12.outcome.report.fallbacks = []
methods.12.outcome.report.fields = []
methods.12.outcome.report.init = null
methods.12.outcome.report.lambdas = []
methods.12.outcome.report.method = "left()Z"
methods.12.outcome.report.news = []
methods.12.outcome.report.outcome = "produced"
methods.12.outcome.report.profile.java_release = 8
methods.12.outcome.report.profile.layout.kind = "generic"
methods.12.outcome.report.profile.multi_release.kind = "disabled"
methods.12.outcome.report.quality = "structured"
methods.12.outcome.report.regions = []
methods.12.outcome.report.representation = "java"
methods.12.outcome.report.rules = []
methods.12.outcome.report.semantic_validation = "unproven"
methods.12.outcome.report.source_map.segments = []
methods.12.outcome.report.syntax_status = "unchecked"
methods.12.outcome.report.text = "// @method left()Z\n// @declaration an instance method of `em22.Arithmetic`, member flags 0x0002\n// recovered from bytecode; presentation is not claimed to compile\n{\n    this.calls += 1;\n    return true;\n}\n"
methods.12.outcome.report.verification = "not_performed"
methods.12.parameter_annotations.attributes = []
methods.12.parameter_annotations.refusals = []
methods.12.parameter_annotations.uses_by_position = []
methods.12.text = "    private boolean left() {\n        // @method left()Z\n        // @declaration an instance method of `em22.Arithmetic`, member flags 0x0002\n        // recovered from bytecode; presentation is not claimed to compile\n        this.calls += 1;\n        return true;\n    }\n"
methods.12.type_annotations.attributes = []
methods.12.type_annotations.field_uses = []
methods.12.type_annotations.parameter_uses = []
methods.12.type_annotations.refusals = []
methods.12.type_annotations.return_uses = []
methods.13.annotations.attributes = []
methods.13.annotations.refusals = []
methods.13.annotations.uses = []
methods.13.declaration = "private boolean right()"
methods.13.item.access_flags = 2
methods.13.item.body.content_span.length = 24
methods.13.item.body.content_span.start = 761
methods.13.item.body.kind = "code_attribute"
methods.13.item.descriptor.escaped = "()Z"
methods.13.item.descriptor.raw = [40,41,90]
methods.13.item.descriptor.utf16 = [40,41,90]
methods.13.item.identity.descriptor = [40,41,90]
methods.13.item.identity.name = [114,105,103,104,116]
methods.13.item.identity.owner.class_bytes.digest = "e53fe838de69a4535618c1ad3cb7bf0567c6a3d069e142e1a6910adbd5ff208a"
methods.13.item.identity.owner.class_bytes.length = 854
methods.13.item.identity.owner.location.entry.ordinal = 3
methods.13.item.identity.owner.location.entry.origin.root_container = "root"
methods.13.item.identity.owner.location.entry.origin.snapshot = "e2a94f7ed51c4db70bd1925f48aa228e91a541d03d7360823cbd02ab7965dd0c"
methods.13.item.identity.owner.location.entry.origin.steps = []
methods.13.item.identity.owner.location.entry.raw_name = [101,109,50,50,47,65,114,105,116,104,109,101,116,105,99,46,99,108,97,115,115]
methods.13.item.identity.owner.location.kind = "archive_entry"
methods.13.item.identity.owner.variant.kind = "base"
methods.13.item.index = 13
methods.13.item.name.escaped = "right"
methods.13.item.name.raw = [114,105,103,104,116]
methods.13.item.name.utf16 = [114,105,103,104,116]
methods.13.markers = []
methods.13.no_body_kind = null
methods.13.outcome.analysis.diagnostics = 0
methods.13.outcome.analysis.execution.status = "complete"
methods.13.outcome.analysis.execution.usage.analysis_steps = 688
methods.13.outcome.analysis.execution.usage.archive_entries = 14
methods.13.outcome.analysis.execution.usage.attribute_bytes = 1137
methods.13.outcome.analysis.execution.usage.class_bytes = 1708
methods.13.outcome.analysis.execution.usage.class_headers = 1
methods.13.outcome.analysis.execution.usage.code_bytes = 93
methods.13.outcome.analysis.execution.usage.dependency_depth = 0
methods.13.outcome.analysis.execution.usage.elapsed_millis = 36
methods.13.outcome.analysis.execution.usage.entry_bytes = 854
methods.13.outcome.analysis.execution.usage.input_bytes = 1753
methods.13.outcome.analysis.execution.usage.ir_edges = 86
methods.13.outcome.analysis.execution.usage.ir_items = 1732
methods.13.outcome.analysis.execution.usage.method_bodies = 14
methods.13.outcome.analysis.execution.usage.nested_depth = 0
methods.13.outcome.analysis.execution.usage.normalization_clones = 0
methods.13.outcome.analysis.execution.usage.output_bytes = 2567
methods.13.outcome.analysis.execution.usage.read_bytes = 454
methods.13.outcome.analysis.execution.usage.result_items = 58
methods.13.outcome.kind = "recovered"
methods.13.outcome.report.accessors = []
methods.13.outcome.report.aliased_names = []
methods.13.outcome.report.artifact.agreement.state = "not_stated"
methods.13.outcome.report.artifact.binding.engine = "0.1.0"
methods.13.outcome.report.artifact.binding.environment.content = ["e2a94f7ed51c4db70bd1925f48aa228e91a541d03d7360823cbd02ab7965dd0c"]
methods.13.outcome.report.artifact.binding.environment.domain_loaders = ["app"]
methods.13.outcome.report.artifact.binding.environment.providers = []
methods.13.outcome.report.artifact.binding.environment.runtime.load_domain.delegation.kind = "parent_first"
methods.13.outcome.report.artifact.binding.environment.runtime.load_domain.external_override = "none"
methods.13.outcome.report.artifact.binding.environment.runtime.load_domain.loader = "app"
methods.13.outcome.report.artifact.binding.environment.runtime.load_domain.module_mode.kind = "class_path"
methods.13.outcome.report.artifact.binding.environment.runtime.load_domain.parent_loader = null
methods.13.outcome.report.artifact.binding.environment.runtime.load_domain.roots.0.kind = "container"
methods.13.outcome.report.artifact.binding.environment.runtime.load_domain.roots.0.origin.root_container = "root"
methods.13.outcome.report.artifact.binding.environment.runtime.load_domain.roots.0.origin.snapshot = "e2a94f7ed51c4db70bd1925f48aa228e91a541d03d7360823cbd02ab7965dd0c"
methods.13.outcome.report.artifact.binding.environment.runtime.load_domain.roots.0.origin.steps = []
methods.13.outcome.report.artifact.binding.environment.runtime.load_domain.roots.0.prefix = []
methods.13.outcome.report.artifact.binding.environment.runtime.load_domain.runtime_transformation = "none"
methods.13.outcome.report.artifact.binding.environment.runtime.physical.scope.kind = "snapshot_all"
methods.13.outcome.report.artifact.binding.environment.runtime.physical.snapshot = "e2a94f7ed51c4db70bd1925f48aa228e91a541d03d7360823cbd02ab7965dd0c"
methods.13.outcome.report.artifact.binding.environment.runtime.profile.java_release = 8
methods.13.outcome.report.artifact.binding.environment.runtime.profile.layout.kind = "generic"
methods.13.outcome.report.artifact.binding.environment.runtime.profile.multi_release.kind = "disabled"
methods.13.outcome.report.artifact.binding.member_ordinal = 13
methods.13.outcome.report.artifact.binding.method.descriptor = [40,41,90]
methods.13.outcome.report.artifact.binding.method.name = [114,105,103,104,116]
methods.13.outcome.report.artifact.binding.method.owner.class_bytes.digest = "e53fe838de69a4535618c1ad3cb7bf0567c6a3d069e142e1a6910adbd5ff208a"
methods.13.outcome.report.artifact.binding.method.owner.class_bytes.length = 854
methods.13.outcome.report.artifact.binding.method.owner.location.entry.ordinal = 3
methods.13.outcome.report.artifact.binding.method.owner.location.entry.origin.root_container = "root"
methods.13.outcome.report.artifact.binding.method.owner.location.entry.origin.snapshot = "e2a94f7ed51c4db70bd1925f48aa228e91a541d03d7360823cbd02ab7965dd0c"
methods.13.outcome.report.artifact.binding.method.owner.location.entry.origin.steps = []
methods.13.outcome.report.artifact.binding.method.owner.location.entry.raw_name = [101,109,50,50,47,65,114,105,116,104,109,101,116,105,99,46,99,108,97,115,115]
methods.13.outcome.report.artifact.binding.method.owner.location.kind = "archive_entry"
methods.13.outcome.report.artifact.binding.method.owner.variant.kind = "base"
methods.13.outcome.report.artifact.binding.profile.java_release = 8
methods.13.outcome.report.artifact.binding.profile.layout.kind = "generic"
methods.13.outcome.report.artifact.binding.profile.multi_release.kind = "disabled"
methods.13.outcome.report.artifact.binding.registry = 71
methods.13.outcome.report.artifact.binding.rules = ["straight@1","if@1","loop@1","switch@1","lambda@1","concat@1","bridge@1","accessor@1","new@1","field@1","enumswitch@1","init@1","declaration@1","twr@1","monitor@1","finally@1"]
methods.13.outcome.report.artifact.binding.schema = 1
methods.13.outcome.report.artifact.binding.text_bytes = 207
methods.13.outcome.report.artifact.binding.text_digest = "3ed731bc0a23570b8b3cbd5bc2814240"
methods.13.outcome.report.bridges = []
methods.13.outcome.report.compile_status = "not_attempted"
methods.13.outcome.report.concats = []
methods.13.outcome.report.content = "contains_statements"
methods.13.outcome.report.declaration = null
methods.13.outcome.report.diagnostics.0.code = "jre_recovery_produced"
methods.13.outcome.report.diagnostics.0.message = "1 region(s), 2 statement(s), 5 segment(s), 207 byte(s) written from 1 canonical block(s)"
methods.13.outcome.report.diagnostics.0.provenance = null
methods.13.outcome.report.diagnostics.0.severity = "info"
methods.13.outcome.report.diagnostics.1.code = "jre_field_accesses"
methods.13.outcome.report.diagnostics.1.message = "2 field instruction(s) read under field@1: 2 presented, 0 refused"
methods.13.outcome.report.diagnostics.1.provenance = null
methods.13.outcome.report.diagnostics.1.severity = "info"
methods.13.outcome.report.diagnostics.2.code = "jre_declaration"
methods.13.outcome.report.diagnostics.2.message = "the artifact's envelope states the member's declaration under declaration@1: an instance method"
methods.13.outcome.report.diagnostics.2.provenance = null
methods.13.outcome.report.diagnostics.2.severity = "info"
methods.13.outcome.report.enum_switches = []
methods.13.outcome.report.evidence.categories.0.kind = "source_map"
methods.13.outcome.report.evidence.categories.0.state.state = "not_requested"
methods.13.outcome.report.evidence.categories.1.kind = "region_details"
methods.13.outcome.report.evidence.categories.1.state.state = "not_requested"
methods.13.outcome.report.evidence.categories.2.kind = "rule_details"
methods.13.outcome.report.evidence.categories.2.state.state = "not_requested"
methods.13.outcome.report.evidence.categories.3.kind = "name_details"
methods.13.outcome.report.evidence.categories.3.state.state = "not_requested"
methods.13.outcome.report.evidence.categories.4.kind = "read_details"
methods.13.outcome.report.evidence.categories.4.state.state = "not_requested"
methods.13.outcome.report.evidence.requested.driver_bci_range = null
methods.13.outcome.report.evidence.requested.expected_artifact = null
methods.13.outcome.report.evidence.requested.kinds = []
methods.13.outcome.report.execution.status = "complete"
methods.13.outcome.report.execution.usage.analysis_steps = 710
methods.13.outcome.report.execution.usage.archive_entries = 14
methods.13.outcome.report.execution.usage.attribute_bytes = 1137
methods.13.outcome.report.execution.usage.class_bytes = 1708
methods.13.outcome.report.execution.usage.class_headers = 1
methods.13.outcome.report.execution.usage.code_bytes = 93
methods.13.outcome.report.execution.usage.dependency_depth = 0
methods.13.outcome.report.execution.usage.elapsed_millis = 36
methods.13.outcome.report.execution.usage.entry_bytes = 854
methods.13.outcome.report.execution.usage.input_bytes = 1753
methods.13.outcome.report.execution.usage.ir_edges = 86
methods.13.outcome.report.execution.usage.ir_items = 1780
methods.13.outcome.report.execution.usage.method_bodies = 14
methods.13.outcome.report.execution.usage.nested_depth = 0
methods.13.outcome.report.execution.usage.normalization_clones = 0
methods.13.outcome.report.execution.usage.output_bytes = 2774
methods.13.outcome.report.execution.usage.read_bytes = 454
methods.13.outcome.report.execution.usage.result_items = 58
methods.13.outcome.report.fallbacks = []
methods.13.outcome.report.fields = []
methods.13.outcome.report.init = null
methods.13.outcome.report.lambdas = []
methods.13.outcome.report.method = "right()Z"
methods.13.outcome.report.news = []
methods.13.outcome.report.outcome = "produced"
methods.13.outcome.report.profile.java_release = 8
methods.13.outcome.report.profile.layout.kind = "generic"
methods.13.outcome.report.profile.multi_release.kind = "disabled"
methods.13.outcome.report.quality = "structured"
methods.13.outcome.report.regions = []
methods.13.outcome.report.representation = "java"
methods.13.outcome.report.rules = []
methods.13.outcome.report.semantic_validation = "unproven"
methods.13.outcome.report.source_map.segments = []
methods.13.outcome.report.syntax_status = "unchecked"
methods.13.outcome.report.text = "// @method right()Z\n// @declaration an instance method of `em22.Arithmetic`, member flags 0x0002\n// recovered from bytecode; presentation is not claimed to compile\n{\n    this.calls += 1;\n    return false;\n}\n"
methods.13.outcome.report.verification = "not_performed"
methods.13.parameter_annotations.attributes = []
methods.13.parameter_annotations.refusals = []
methods.13.parameter_annotations.uses_by_position = []
methods.13.text = "    private boolean right() {\n        // @method right()Z\n        // @declaration an instance method of `em22.Arithmetic`, member flags 0x0002\n        // recovered from bytecode; presentation is not claimed to compile\n        this.calls += 1;\n        return false;\n    }\n"
methods.13.type_annotations.attributes = []
methods.13.type_annotations.field_uses = []
methods.13.type_annotations.parameter_uses = []
methods.13.type_annotations.refusals = []
methods.13.type_annotations.return_uses = []
methods.14.annotations.attributes = []
methods.14.annotations.refusals = []
methods.14.annotations.uses = []
methods.14.declaration = "public boolean eagerOr()"
methods.14.item.access_flags = 1
methods.14.item.body.content_span.length = 22
methods.14.item.body.content_span.start = 799
methods.14.item.body.kind = "code_attribute"
methods.14.item.descriptor.escaped = "()Z"
methods.14.item.descriptor.raw = [40,41,90]
methods.14.item.descriptor.utf16 = [40,41,90]
methods.14.item.identity.descriptor = [40,41,90]
methods.14.item.identity.name = [101,97,103,101,114,79,114]
methods.14.item.identity.owner.class_bytes.digest = "e53fe838de69a4535618c1ad3cb7bf0567c6a3d069e142e1a6910adbd5ff208a"
methods.14.item.identity.owner.class_bytes.length = 854
methods.14.item.identity.owner.location.entry.ordinal = 3
methods.14.item.identity.owner.location.entry.origin.root_container = "root"
methods.14.item.identity.owner.location.entry.origin.snapshot = "e2a94f7ed51c4db70bd1925f48aa228e91a541d03d7360823cbd02ab7965dd0c"
methods.14.item.identity.owner.location.entry.origin.steps = []
methods.14.item.identity.owner.location.entry.raw_name = [101,109,50,50,47,65,114,105,116,104,109,101,116,105,99,46,99,108,97,115,115]
methods.14.item.identity.owner.location.kind = "archive_entry"
methods.14.item.identity.owner.variant.kind = "base"
methods.14.item.index = 14
methods.14.item.name.escaped = "eagerOr"
methods.14.item.name.raw = [101,97,103,101,114,79,114]
methods.14.item.name.utf16 = [101,97,103,101,114,79,114]
methods.14.markers = []
methods.14.no_body_kind = null
methods.14.outcome.analysis.diagnostics = 0
methods.14.outcome.analysis.execution.status = "complete"
methods.14.outcome.analysis.execution.usage.analysis_steps = 744
methods.14.outcome.analysis.execution.usage.archive_entries = 14
methods.14.outcome.analysis.execution.usage.attribute_bytes = 1165
methods.14.outcome.analysis.execution.usage.class_bytes = 1708
methods.14.outcome.analysis.execution.usage.class_headers = 1
methods.14.outcome.analysis.execution.usage.code_bytes = 103
methods.14.outcome.analysis.execution.usage.dependency_depth = 0
methods.14.outcome.analysis.execution.usage.elapsed_millis = 37
methods.14.outcome.analysis.execution.usage.entry_bytes = 854
methods.14.outcome.analysis.execution.usage.input_bytes = 1753
methods.14.outcome.analysis.execution.usage.ir_edges = 93
methods.14.outcome.analysis.execution.usage.ir_items = 1872
methods.14.outcome.analysis.execution.usage.method_bodies = 15
methods.14.outcome.analysis.execution.usage.nested_depth = 0
methods.14.outcome.analysis.execution.usage.normalization_clones = 0
methods.14.outcome.analysis.execution.usage.output_bytes = 2774
methods.14.outcome.analysis.execution.usage.read_bytes = 454
methods.14.outcome.analysis.execution.usage.result_items = 59
methods.14.outcome.kind = "recovered"
methods.14.outcome.report.accessors = []
methods.14.outcome.report.aliased_names = []
methods.14.outcome.report.artifact.agreement.state = "not_stated"
methods.14.outcome.report.artifact.binding.engine = "0.1.0"
methods.14.outcome.report.artifact.binding.environment.content = ["e2a94f7ed51c4db70bd1925f48aa228e91a541d03d7360823cbd02ab7965dd0c"]
methods.14.outcome.report.artifact.binding.environment.domain_loaders = ["app"]
methods.14.outcome.report.artifact.binding.environment.providers = []
methods.14.outcome.report.artifact.binding.environment.runtime.load_domain.delegation.kind = "parent_first"
methods.14.outcome.report.artifact.binding.environment.runtime.load_domain.external_override = "none"
methods.14.outcome.report.artifact.binding.environment.runtime.load_domain.loader = "app"
methods.14.outcome.report.artifact.binding.environment.runtime.load_domain.module_mode.kind = "class_path"
methods.14.outcome.report.artifact.binding.environment.runtime.load_domain.parent_loader = null
methods.14.outcome.report.artifact.binding.environment.runtime.load_domain.roots.0.kind = "container"
methods.14.outcome.report.artifact.binding.environment.runtime.load_domain.roots.0.origin.root_container = "root"
methods.14.outcome.report.artifact.binding.environment.runtime.load_domain.roots.0.origin.snapshot = "e2a94f7ed51c4db70bd1925f48aa228e91a541d03d7360823cbd02ab7965dd0c"
methods.14.outcome.report.artifact.binding.environment.runtime.load_domain.roots.0.origin.steps = []
methods.14.outcome.report.artifact.binding.environment.runtime.load_domain.roots.0.prefix = []
methods.14.outcome.report.artifact.binding.environment.runtime.load_domain.runtime_transformation = "none"
methods.14.outcome.report.artifact.binding.environment.runtime.physical.scope.kind = "snapshot_all"
methods.14.outcome.report.artifact.binding.environment.runtime.physical.snapshot = "e2a94f7ed51c4db70bd1925f48aa228e91a541d03d7360823cbd02ab7965dd0c"
methods.14.outcome.report.artifact.binding.environment.runtime.profile.java_release = 8
methods.14.outcome.report.artifact.binding.environment.runtime.profile.layout.kind = "generic"
methods.14.outcome.report.artifact.binding.environment.runtime.profile.multi_release.kind = "disabled"
methods.14.outcome.report.artifact.binding.member_ordinal = 14
methods.14.outcome.report.artifact.binding.method.descriptor = [40,41,90]
methods.14.outcome.report.artifact.binding.method.name = [101,97,103,101,114,79,114]
methods.14.outcome.report.artifact.binding.method.owner.class_bytes.digest = "e53fe838de69a4535618c1ad3cb7bf0567c6a3d069e142e1a6910adbd5ff208a"
methods.14.outcome.report.artifact.binding.method.owner.class_bytes.length = 854
methods.14.outcome.report.artifact.binding.method.owner.location.entry.ordinal = 3
methods.14.outcome.report.artifact.binding.method.owner.location.entry.origin.root_container = "root"
methods.14.outcome.report.artifact.binding.method.owner.location.entry.origin.snapshot = "e2a94f7ed51c4db70bd1925f48aa228e91a541d03d7360823cbd02ab7965dd0c"
methods.14.outcome.report.artifact.binding.method.owner.location.entry.origin.steps = []
methods.14.outcome.report.artifact.binding.method.owner.location.entry.raw_name = [101,109,50,50,47,65,114,105,116,104,109,101,116,105,99,46,99,108,97,115,115]
methods.14.outcome.report.artifact.binding.method.owner.location.kind = "archive_entry"
methods.14.outcome.report.artifact.binding.method.owner.variant.kind = "base"
methods.14.outcome.report.artifact.binding.profile.java_release = 8
methods.14.outcome.report.artifact.binding.profile.layout.kind = "generic"
methods.14.outcome.report.artifact.binding.profile.multi_release.kind = "disabled"
methods.14.outcome.report.artifact.binding.registry = 71
methods.14.outcome.report.artifact.binding.rules = ["straight@1","if@1","loop@1","switch@1","lambda@1","concat@1","bridge@1","accessor@1","new@1","field@1","enumswitch@1","init@1","declaration@1","twr@1","monitor@1","finally@1"]
methods.14.outcome.report.artifact.binding.schema = 1
methods.14.outcome.report.artifact.binding.text_bytes = 209
methods.14.outcome.report.artifact.binding.text_digest = "876ae8c1935368373bc9a98765ed5b69"
methods.14.outcome.report.bridges = []
methods.14.outcome.report.compile_status = "not_attempted"
methods.14.outcome.report.concats = []
methods.14.outcome.report.content = "contains_statements"
methods.14.outcome.report.declaration = null
methods.14.outcome.report.diagnostics.0.code = "jre_recovery_produced"
methods.14.outcome.report.diagnostics.0.message = "1 region(s), 1 statement(s), 6 segment(s), 209 byte(s) written from 1 canonical block(s)"
methods.14.outcome.report.diagnostics.0.provenance = null
methods.14.outcome.report.diagnostics.0.severity = "info"
methods.14.outcome.report.diagnostics.1.code = "jre_declaration"
methods.14.outcome.report.diagnostics.1.message = "the artifact's envelope states the member's declaration under declaration@1: an instance method"
methods.14.outcome.report.diagnostics.1.provenance = null
methods.14.outcome.report.diagnostics.1.severity = "info"
methods.14.outcome.report.enum_switches = []
methods.14.outcome.report.evidence.categories.0.kind = "source_map"
methods.14.outcome.report.evidence.categories.0.state.state = "not_requested"
methods.14.outcome.report.evidence.categories.1.kind = "region_details"
methods.14.outcome.report.evidence.categories.1.state.state = "not_requested"
methods.14.outcome.report.evidence.categories.2.kind = "rule_details"
methods.14.outcome.report.evidence.categories.2.state.state = "not_requested"
methods.14.outcome.report.evidence.categories.3.kind = "name_details"
methods.14.outcome.report.evidence.categories.3.state.state = "not_requested"
methods.14.outcome.report.evidence.categories.4.kind = "read_details"
methods.14.outcome.report.evidence.categories.4.state.state = "not_requested"
methods.14.outcome.report.evidence.requested.driver_bci_range = null
methods.14.outcome.report.evidence.requested.expected_artifact = null
methods.14.outcome.report.evidence.requested.kinds = []
methods.14.outcome.report.execution.status = "complete"
methods.14.outcome.report.execution.usage.analysis_steps = 766
methods.14.outcome.report.execution.usage.archive_entries = 14
methods.14.outcome.report.execution.usage.attribute_bytes = 1165
methods.14.outcome.report.execution.usage.class_bytes = 1708
methods.14.outcome.report.execution.usage.class_headers = 1
methods.14.outcome.report.execution.usage.code_bytes = 103
methods.14.outcome.report.execution.usage.dependency_depth = 0
methods.14.outcome.report.execution.usage.elapsed_millis = 37
methods.14.outcome.report.execution.usage.entry_bytes = 854
methods.14.outcome.report.execution.usage.input_bytes = 1753
methods.14.outcome.report.execution.usage.ir_edges = 93
methods.14.outcome.report.execution.usage.ir_items = 1921
methods.14.outcome.report.execution.usage.method_bodies = 15
methods.14.outcome.report.execution.usage.nested_depth = 0
methods.14.outcome.report.execution.usage.normalization_clones = 0
methods.14.outcome.report.execution.usage.output_bytes = 2983
methods.14.outcome.report.execution.usage.read_bytes = 454
methods.14.outcome.report.execution.usage.result_items = 59
methods.14.outcome.report.fallbacks = []
methods.14.outcome.report.fields = []
methods.14.outcome.report.init = null
methods.14.outcome.report.lambdas = []
methods.14.outcome.report.method = "eagerOr()Z"
methods.14.outcome.report.news = []
methods.14.outcome.report.outcome = "produced"
methods.14.outcome.report.profile.java_release = 8
methods.14.outcome.report.profile.layout.kind = "generic"
methods.14.outcome.report.profile.multi_release.kind = "disabled"
methods.14.outcome.report.quality = "structured"
methods.14.outcome.report.regions = []
methods.14.outcome.report.representation = "java"
methods.14.outcome.report.rules = []
methods.14.outcome.report.semantic_validation = "unproven"
methods.14.outcome.report.source_map.segments = []
methods.14.outcome.report.syntax_status = "unchecked"
methods.14.outcome.report.text = "// @method eagerOr()Z\n// @declaration an instance method of `em22.Arithmetic`, member flags 0x0001\n// recovered from bytecode; presentation is not claimed to compile\n{\n    return this.left() | this.right();\n}\n"
methods.14.outcome.report.verification = "not_performed"
methods.14.parameter_annotations.attributes = []
methods.14.parameter_annotations.refusals = []
methods.14.parameter_annotations.uses_by_position = []
methods.14.text = "    public boolean eagerOr() {\n        // @method eagerOr()Z\n        // @declaration an instance method of `em22.Arithmetic`, member flags 0x0001\n        // recovered from bytecode; presentation is not claimed to compile\n        return this.left() | this.right();\n    }\n"
methods.14.type_annotations.attributes = []
methods.14.type_annotations.field_uses = []
methods.14.type_annotations.parameter_uses = []
methods.14.type_annotations.refusals = []
methods.14.type_annotations.return_uses = []
methods.15.annotations.attributes = []
methods.15.annotations.refusals = []
methods.15.annotations.uses = []
methods.15.declaration = "public int calls()"
methods.15.item.access_flags = 1
methods.15.item.body.content_span.length = 17
methods.15.item.body.content_span.start = 835
methods.15.item.body.kind = "code_attribute"
methods.15.item.descriptor.escaped = "()I"
methods.15.item.descriptor.raw = [40,41,73]
methods.15.item.descriptor.utf16 = [40,41,73]
methods.15.item.identity.descriptor = [40,41,73]
methods.15.item.identity.name = [99,97,108,108,115]
methods.15.item.identity.owner.class_bytes.digest = "e53fe838de69a4535618c1ad3cb7bf0567c6a3d069e142e1a6910adbd5ff208a"
methods.15.item.identity.owner.class_bytes.length = 854
methods.15.item.identity.owner.location.entry.ordinal = 3
methods.15.item.identity.owner.location.entry.origin.root_container = "root"
methods.15.item.identity.owner.location.entry.origin.snapshot = "e2a94f7ed51c4db70bd1925f48aa228e91a541d03d7360823cbd02ab7965dd0c"
methods.15.item.identity.owner.location.entry.origin.steps = []
methods.15.item.identity.owner.location.entry.raw_name = [101,109,50,50,47,65,114,105,116,104,109,101,116,105,99,46,99,108,97,115,115]
methods.15.item.identity.owner.location.kind = "archive_entry"
methods.15.item.identity.owner.variant.kind = "base"
methods.15.item.index = 15
methods.15.item.name.escaped = "calls"
methods.15.item.name.raw = [99,97,108,108,115]
methods.15.item.name.utf16 = [99,97,108,108,115]
methods.15.markers = []
methods.15.no_body_kind = null
methods.15.outcome.analysis.diagnostics = 0
methods.15.outcome.analysis.execution.status = "complete"
methods.15.outcome.analysis.execution.usage.analysis_steps = 787
methods.15.outcome.analysis.execution.usage.archive_entries = 14
methods.15.outcome.analysis.execution.usage.attribute_bytes = 1188
methods.15.outcome.analysis.execution.usage.class_bytes = 1708
methods.15.outcome.analysis.execution.usage.class_headers = 1
methods.15.outcome.analysis.execution.usage.code_bytes = 108
methods.15.outcome.analysis.execution.usage.dependency_depth = 0
methods.15.outcome.analysis.execution.usage.elapsed_millis = 37
methods.15.outcome.analysis.execution.usage.entry_bytes = 854
methods.15.outcome.analysis.execution.usage.input_bytes = 1753
methods.15.outcome.analysis.execution.usage.ir_edges = 96
methods.15.outcome.analysis.execution.usage.ir_items = 1972
methods.15.outcome.analysis.execution.usage.method_bodies = 16
methods.15.outcome.analysis.execution.usage.nested_depth = 0
methods.15.outcome.analysis.execution.usage.normalization_clones = 0
methods.15.outcome.analysis.execution.usage.output_bytes = 2983
methods.15.outcome.analysis.execution.usage.read_bytes = 454
methods.15.outcome.analysis.execution.usage.result_items = 60
methods.15.outcome.kind = "recovered"
methods.15.outcome.report.accessors = []
methods.15.outcome.report.aliased_names = []
methods.15.outcome.report.artifact.agreement.state = "not_stated"
methods.15.outcome.report.artifact.binding.engine = "0.1.0"
methods.15.outcome.report.artifact.binding.environment.content = ["e2a94f7ed51c4db70bd1925f48aa228e91a541d03d7360823cbd02ab7965dd0c"]
methods.15.outcome.report.artifact.binding.environment.domain_loaders = ["app"]
methods.15.outcome.report.artifact.binding.environment.providers = []
methods.15.outcome.report.artifact.binding.environment.runtime.load_domain.delegation.kind = "parent_first"
methods.15.outcome.report.artifact.binding.environment.runtime.load_domain.external_override = "none"
methods.15.outcome.report.artifact.binding.environment.runtime.load_domain.loader = "app"
methods.15.outcome.report.artifact.binding.environment.runtime.load_domain.module_mode.kind = "class_path"
methods.15.outcome.report.artifact.binding.environment.runtime.load_domain.parent_loader = null
methods.15.outcome.report.artifact.binding.environment.runtime.load_domain.roots.0.kind = "container"
methods.15.outcome.report.artifact.binding.environment.runtime.load_domain.roots.0.origin.root_container = "root"
methods.15.outcome.report.artifact.binding.environment.runtime.load_domain.roots.0.origin.snapshot = "e2a94f7ed51c4db70bd1925f48aa228e91a541d03d7360823cbd02ab7965dd0c"
methods.15.outcome.report.artifact.binding.environment.runtime.load_domain.roots.0.origin.steps = []
methods.15.outcome.report.artifact.binding.environment.runtime.load_domain.roots.0.prefix = []
methods.15.outcome.report.artifact.binding.environment.runtime.load_domain.runtime_transformation = "none"
methods.15.outcome.report.artifact.binding.environment.runtime.physical.scope.kind = "snapshot_all"
methods.15.outcome.report.artifact.binding.environment.runtime.physical.snapshot = "e2a94f7ed51c4db70bd1925f48aa228e91a541d03d7360823cbd02ab7965dd0c"
methods.15.outcome.report.artifact.binding.environment.runtime.profile.java_release = 8
methods.15.outcome.report.artifact.binding.environment.runtime.profile.layout.kind = "generic"
methods.15.outcome.report.artifact.binding.environment.runtime.profile.multi_release.kind = "disabled"
methods.15.outcome.report.artifact.binding.member_ordinal = 15
methods.15.outcome.report.artifact.binding.method.descriptor = [40,41,73]
methods.15.outcome.report.artifact.binding.method.name = [99,97,108,108,115]
methods.15.outcome.report.artifact.binding.method.owner.class_bytes.digest = "e53fe838de69a4535618c1ad3cb7bf0567c6a3d069e142e1a6910adbd5ff208a"
methods.15.outcome.report.artifact.binding.method.owner.class_bytes.length = 854
methods.15.outcome.report.artifact.binding.method.owner.location.entry.ordinal = 3
methods.15.outcome.report.artifact.binding.method.owner.location.entry.origin.root_container = "root"
methods.15.outcome.report.artifact.binding.method.owner.location.entry.origin.snapshot = "e2a94f7ed51c4db70bd1925f48aa228e91a541d03d7360823cbd02ab7965dd0c"
methods.15.outcome.report.artifact.binding.method.owner.location.entry.origin.steps = []
methods.15.outcome.report.artifact.binding.method.owner.location.entry.raw_name = [101,109,50,50,47,65,114,105,116,104,109,101,116,105,99,46,99,108,97,115,115]
methods.15.outcome.report.artifact.binding.method.owner.location.kind = "archive_entry"
methods.15.outcome.report.artifact.binding.method.owner.variant.kind = "base"
methods.15.outcome.report.artifact.binding.profile.java_release = 8
methods.15.outcome.report.artifact.binding.profile.layout.kind = "generic"
methods.15.outcome.report.artifact.binding.profile.multi_release.kind = "disabled"
methods.15.outcome.report.artifact.binding.registry = 71
methods.15.outcome.report.artifact.binding.rules = ["straight@1","if@1","loop@1","switch@1","lambda@1","concat@1","bridge@1","accessor@1","new@1","field@1","enumswitch@1","init@1","declaration@1","twr@1","monitor@1","finally@1"]
methods.15.outcome.report.artifact.binding.schema = 1
methods.15.outcome.report.artifact.binding.text_bytes = 191
methods.15.outcome.report.artifact.binding.text_digest = "3351b972119239211ee127aed5ecbca4"
methods.15.outcome.report.bridges = []
methods.15.outcome.report.compile_status = "not_attempted"
methods.15.outcome.report.concats = []
methods.15.outcome.report.content = "contains_statements"
methods.15.outcome.report.declaration = null
methods.15.outcome.report.diagnostics.0.code = "jre_recovery_produced"
methods.15.outcome.report.diagnostics.0.message = "1 region(s), 1 statement(s), 3 segment(s), 191 byte(s) written from 1 canonical block(s)"
methods.15.outcome.report.diagnostics.0.provenance = null
methods.15.outcome.report.diagnostics.0.severity = "info"
methods.15.outcome.report.diagnostics.1.code = "jre_field_accesses"
methods.15.outcome.report.diagnostics.1.message = "1 field instruction(s) read under field@1: 1 presented, 0 refused"
methods.15.outcome.report.diagnostics.1.provenance = null
methods.15.outcome.report.diagnostics.1.severity = "info"
methods.15.outcome.report.diagnostics.2.code = "jre_declaration"
methods.15.outcome.report.diagnostics.2.message = "the artifact's envelope states the member's declaration under declaration@1: an instance method"
methods.15.outcome.report.diagnostics.2.provenance = null
methods.15.outcome.report.diagnostics.2.severity = "info"
methods.15.outcome.report.enum_switches = []
methods.15.outcome.report.evidence.categories.0.kind = "source_map"
methods.15.outcome.report.evidence.categories.0.state.state = "not_requested"
methods.15.outcome.report.evidence.categories.1.kind = "region_details"
methods.15.outcome.report.evidence.categories.1.state.state = "not_requested"
methods.15.outcome.report.evidence.categories.2.kind = "rule_details"
methods.15.outcome.report.evidence.categories.2.state.state = "not_requested"
methods.15.outcome.report.evidence.categories.3.kind = "name_details"
methods.15.outcome.report.evidence.categories.3.state.state = "not_requested"
methods.15.outcome.report.evidence.categories.4.kind = "read_details"
methods.15.outcome.report.evidence.categories.4.state.state = "not_requested"
methods.15.outcome.report.evidence.requested.driver_bci_range = null
methods.15.outcome.report.evidence.requested.expected_artifact = null
methods.15.outcome.report.evidence.requested.kinds = []
methods.15.outcome.report.execution.status = "complete"
methods.15.outcome.report.execution.usage.analysis_steps = 802
methods.15.outcome.report.execution.usage.archive_entries = 14
methods.15.outcome.report.execution.usage.attribute_bytes = 1188
methods.15.outcome.report.execution.usage.class_bytes = 1708
methods.15.outcome.report.execution.usage.class_headers = 1
methods.15.outcome.report.execution.usage.code_bytes = 108
methods.15.outcome.report.execution.usage.dependency_depth = 0
methods.15.outcome.report.execution.usage.elapsed_millis = 37
methods.15.outcome.report.execution.usage.entry_bytes = 854
methods.15.outcome.report.execution.usage.input_bytes = 1753
methods.15.outcome.report.execution.usage.ir_edges = 96
methods.15.outcome.report.execution.usage.ir_items = 1994
methods.15.outcome.report.execution.usage.method_bodies = 16
methods.15.outcome.report.execution.usage.nested_depth = 0
methods.15.outcome.report.execution.usage.normalization_clones = 0
methods.15.outcome.report.execution.usage.output_bytes = 3174
methods.15.outcome.report.execution.usage.read_bytes = 454
methods.15.outcome.report.execution.usage.result_items = 60
methods.15.outcome.report.fallbacks = []
methods.15.outcome.report.fields = []
methods.15.outcome.report.init = null
methods.15.outcome.report.lambdas = []
methods.15.outcome.report.method = "calls()I"
methods.15.outcome.report.news = []
methods.15.outcome.report.outcome = "produced"
methods.15.outcome.report.profile.java_release = 8
methods.15.outcome.report.profile.layout.kind = "generic"
methods.15.outcome.report.profile.multi_release.kind = "disabled"
methods.15.outcome.report.quality = "structured"
methods.15.outcome.report.regions = []
methods.15.outcome.report.representation = "java"
methods.15.outcome.report.rules = []
methods.15.outcome.report.semantic_validation = "unproven"
methods.15.outcome.report.source_map.segments = []
methods.15.outcome.report.syntax_status = "unchecked"
methods.15.outcome.report.text = "// @method calls()I\n// @declaration an instance method of `em22.Arithmetic`, member flags 0x0001\n// recovered from bytecode; presentation is not claimed to compile\n{\n    return this.calls;\n}\n"
methods.15.outcome.report.verification = "not_performed"
methods.15.parameter_annotations.attributes = []
methods.15.parameter_annotations.refusals = []
methods.15.parameter_annotations.uses_by_position = []
methods.15.text = "    public int calls() {\n        // @method calls()I\n        // @declaration an instance method of `em22.Arithmetic`, member flags 0x0001\n        // recovered from bytecode; presentation is not claimed to compile\n        return this.calls;\n    }\n"
methods.15.type_annotations.attributes = []
methods.15.type_annotations.field_uses = []
methods.15.type_annotations.parameter_uses = []
methods.15.type_annotations.refusals = []
methods.15.type_annotations.return_uses = []
nested_annotation_family.state = "absent"
nested_enum_family.state = "absent"
outcome = "performed"
stages = ["raw_facts","raw_cfg","legacy_normalization","canonical_cfg","frame","ssa"]
usage.analysis_steps = 802
usage.archive_entries = 14
usage.attribute_bytes = 1188
usage.class_bytes = 1708
usage.class_headers = 1
usage.code_bytes = 108
usage.dependency_depth = 0
usage.elapsed_millis = 38
usage.entry_bytes = 854
usage.input_bytes = 1753
usage.ir_edges = 96
usage.ir_items = 1994
usage.method_bodies = 16
usage.nested_depth = 0
usage.normalization_clones = 0
usage.output_bytes = 3174
usage.read_bytes = 454
usage.result_items = 61
view.scope.kind = "snapshot_all"
view.snapshot = "e2a94f7ed51c4db70bd1925f48aa228e91a541d03d7360823cbd02ab7965dd0c"
