anonymous_interface_projection.state = "absent"
bridge_proofs = []
class.class_bytes.digest = "c4915b8b6b48b5fd30b04ec506bb895e76e15c8e6e5c43cb2a7e6602e2f05c7c"
class.class_bytes.length = 1926
class.location.kind = "standalone_root"
class.location.snapshot = "c4915b8b6b48b5fd30b04ec506bb895e76e15c8e6e5c43cb2a7e6602e2f05c7c"
class.variant.kind = "base"
coverage.artifact_structural.scanned.0.end = 1
coverage.artifact_structural.scanned.0.label = "navigation_candidates"
coverage.artifact_structural.scanned.0.start = 0
coverage.artifact_structural.scanned.1.end = 1
coverage.artifact_structural.scanned.1.label = "class_fields"
coverage.artifact_structural.scanned.1.start = 0
coverage.artifact_structural.scanned.2.end = 3
coverage.artifact_structural.scanned.2.label = "class_methods"
coverage.artifact_structural.scanned.2.start = 0
coverage.artifact_structural.scanned.3.end = 3
coverage.artifact_structural.scanned.3.label = "class_source_bodies"
coverage.artifact_structural.scanned.3.start = 0
coverage.artifact_structural.skipped = []
coverage.artifact_structural.state = "complete_within_schema"
coverage.artifact_structural.uninterpreted_extensions = []
coverage.dynamic_analysis.scanned = []
coverage.dynamic_analysis.skipped = []
coverage.dynamic_analysis.state = "not_requested"
coverage.dynamic_analysis.uninterpreted_extensions = []
coverage.runtime_resolution.scanned = []
coverage.runtime_resolution.skipped = []
coverage.runtime_resolution.state = "not_requested"
coverage.runtime_resolution.uninterpreted_extensions = []
declaration.annotation_attributes = []
declaration.annotation_refusals = []
declaration.annotation_uses = []
declaration.declaration = "public class TestTryCatchFinally2$TestCls extends java.lang.Object"
declaration.generic_refusal = null
declaration.generic_signature = null
declaration.item.binding.kind = "standalone_root"
declaration.item.declaration.access_flags = 33
declaration.item.declaration.interfaces = []
declaration.item.declaration.super_class.escaped = "java/lang/Object"
declaration.item.declaration.super_class.raw = [106,97,118,97,47,108,97,110,103,47,79,98,106,101,99,116]
declaration.item.declaration.super_class.utf16 = [106,97,118,97,47,108,97,110,103,47,79,98,106,101,99,116]
declaration.item.declaration.this_class.escaped = "jadx/tests/integration/trycatch/TestTryCatchFinally2$TestCls"
declaration.item.declaration.this_class.raw = [106,97,100,120,47,116,101,115,116,115,47,105,110,116,101,103,114,97,116,105,111,110,47,116,114,121,99,97,116,99,104,47,84,101,115,116,84,114,121,67,97,116,99,104,70,105,110,97,108,108,121,50,36,84,101,115,116,67,108,115]
declaration.item.declaration.this_class.utf16 = [106,97,100,120,47,116,101,115,116,115,47,105,110,116,101,103,114,97,116,105,111,110,47,116,114,121,99,97,116,99,104,47,84,101,115,116,84,114,121,67,97,116,99,104,70,105,110,97,108,108,121,50,36,84,101,115,116,67,108,115]
declaration.item.definition.class_bytes.digest = "c4915b8b6b48b5fd30b04ec506bb895e76e15c8e6e5c43cb2a7e6602e2f05c7c"
declaration.item.definition.class_bytes.length = 1926
declaration.item.definition.location.kind = "standalone_root"
declaration.item.definition.location.snapshot = "c4915b8b6b48b5fd30b04ec506bb895e76e15c8e6e5c43cb2a7e6602e2f05c7c"
declaration.item.definition.variant.kind = "base"
declaration.item.member_table = null
declaration.name = "TestTryCatchFinally2$TestCls"
diagnostics = []
direct_override_proofs = []
enum_switch_proofs = []
execution.status = "complete"
execution.usage.analysis_steps = 15323
execution.usage.archive_entries = 0
execution.usage.attribute_bytes = 1865
execution.usage.class_bytes = 3852
execution.usage.class_headers = 1
execution.usage.code_bytes = 176
execution.usage.dependency_depth = 0
execution.usage.elapsed_millis = 47
execution.usage.entry_bytes = 0
execution.usage.input_bytes = 1926
execution.usage.ir_edges = 352
execution.usage.ir_items = 4594
execution.usage.method_bodies = 3
execution.usage.nested_depth = 0
execution.usage.normalization_clones = 0
execution.usage.output_bytes = 3971
execution.usage.read_bytes = 1926
execution.usage.result_items = 16
fields.0.annotations.attributes = []
fields.0.annotations.refusals = []
fields.0.annotations.uses = []
fields.0.declaration = "private jadx.core.clsp.ClspClass[] classes"
fields.0.item.access_flags = 2
fields.0.item.descriptor.escaped = "[Ljadx/core/clsp/ClspClass;"
fields.0.item.descriptor.raw = [91,76,106,97,100,120,47,99,111,114,101,47,99,108,115,112,47,67,108,115,112,67,108,97,115,115,59]
fields.0.item.descriptor.utf16 = [91,76,106,97,100,120,47,99,111,114,101,47,99,108,115,112,47,67,108,115,112,67,108,97,115,115,59]
fields.0.item.identity.member.descriptor = [91,76,106,97,100,120,47,99,111,114,101,47,99,108,115,112,47,67,108,115,112,67,108,97,115,115,59]
fields.0.item.identity.member.kind = "field"
fields.0.item.identity.member.name = [99,108,97,115,115,101,115]
fields.0.item.identity.owner.class_bytes.digest = "c4915b8b6b48b5fd30b04ec506bb895e76e15c8e6e5c43cb2a7e6602e2f05c7c"
fields.0.item.identity.owner.class_bytes.length = 1926
fields.0.item.identity.owner.location.kind = "standalone_root"
fields.0.item.identity.owner.location.snapshot = "c4915b8b6b48b5fd30b04ec506bb895e76e15c8e6e5c43cb2a7e6602e2f05c7c"
fields.0.item.identity.owner.variant.kind = "base"
fields.0.item.index = 0
fields.0.item.name.escaped = "classes"
fields.0.item.name.raw = [99,108,97,115,115,101,115]
fields.0.item.name.utf16 = [99,108,97,115,115,101,115]
fields.0.markers = []
fields.0.type_annotations.attributes = []
fields.0.type_annotations.field_uses = []
fields.0.type_annotations.parameter_uses = []
fields.0.type_annotations.refusals = []
fields.0.type_annotations.return_uses = []
initializer_proof.kind = "not_applicable"
integer_constant_projections = []
limits.analysis_steps = 4194304
limits.archive_entries = 65536
limits.attribute_bytes = 67108864
limits.class_bytes = 67108864
limits.class_headers = 4096
limits.code_bytes = 16777216
limits.dependency_depth = 8
limits.elapsed_millis = 30000
limits.entry_bytes = 67108864
limits.input_bytes = 67108864
limits.ir_edges = 4194304
limits.ir_items = 4194304
limits.method_bodies = 4096
limits.nested_depth = 4
limits.normalization_clones = 1048576
limits.output_bytes = 16777216
limits.read_bytes = 67108864
limits.result_items = 65536
member_family.child = null
member_family.reason = "selected root has an InnerClasses self row naming an outer class"
member_family.state = "refused"
methods.0.annotations.attributes = []
methods.0.annotations.refusals = []
methods.0.annotations.uses = []
methods.0.declaration = "public TestTryCatchFinally2$TestCls()"
methods.0.item.access_flags = 1
methods.0.item.body.content_span.length = 47
methods.0.item.body.content_span.start = 1287
methods.0.item.body.kind = "code_attribute"
methods.0.item.descriptor.escaped = "()V"
methods.0.item.descriptor.raw = [40,41,86]
methods.0.item.descriptor.utf16 = [40,41,86]
methods.0.item.identity.descriptor = [40,41,86]
methods.0.item.identity.name = [60,105,110,105,116,62]
methods.0.item.identity.owner.class_bytes.digest = "c4915b8b6b48b5fd30b04ec506bb895e76e15c8e6e5c43cb2a7e6602e2f05c7c"
methods.0.item.identity.owner.class_bytes.length = 1926
methods.0.item.identity.owner.location.kind = "standalone_root"
methods.0.item.identity.owner.location.snapshot = "c4915b8b6b48b5fd30b04ec506bb895e76e15c8e6e5c43cb2a7e6602e2f05c7c"
methods.0.item.identity.owner.variant.kind = "base"
methods.0.item.index = 0
methods.0.item.name.escaped = "<init>"
methods.0.item.name.raw = [60,105,110,105,116,62]
methods.0.item.name.utf16 = [60,105,110,105,116,62]
methods.0.markers = []
methods.0.no_body_kind = null
methods.0.outcome.analysis.diagnostics = 0
methods.0.outcome.analysis.execution.status = "complete"
methods.0.outcome.analysis.execution.usage.analysis_steps = 23
methods.0.outcome.analysis.execution.usage.archive_entries = 0
methods.0.outcome.analysis.execution.usage.attribute_bytes = 1323
methods.0.outcome.analysis.execution.usage.class_bytes = 3852
methods.0.outcome.analysis.execution.usage.class_headers = 1
methods.0.outcome.analysis.execution.usage.code_bytes = 5
methods.0.outcome.analysis.execution.usage.dependency_depth = 0
methods.0.outcome.analysis.execution.usage.elapsed_millis = 23
methods.0.outcome.analysis.execution.usage.entry_bytes = 0
methods.0.outcome.analysis.execution.usage.input_bytes = 1926
methods.0.outcome.analysis.execution.usage.ir_edges = 2
methods.0.outcome.analysis.execution.usage.ir_items = 48
methods.0.outcome.analysis.execution.usage.method_bodies = 1
methods.0.outcome.analysis.execution.usage.nested_depth = 0
methods.0.outcome.analysis.execution.usage.normalization_clones = 0
methods.0.outcome.analysis.execution.usage.output_bytes = 1926
methods.0.outcome.analysis.execution.usage.read_bytes = 1926
methods.0.outcome.analysis.execution.usage.result_items = 13
methods.0.outcome.kind = "recovered"
methods.0.outcome.report.accessors = []
methods.0.outcome.report.aliased_names = []
methods.0.outcome.report.artifact.agreement.state = "not_stated"
methods.0.outcome.report.artifact.binding.engine = "0.1.0"
methods.0.outcome.report.artifact.binding.environment.content = ["c4915b8b6b48b5fd30b04ec506bb895e76e15c8e6e5c43cb2a7e6602e2f05c7c"]
methods.0.outcome.report.artifact.binding.environment.domain_loaders = ["app"]
methods.0.outcome.report.artifact.binding.environment.providers = []
methods.0.outcome.report.artifact.binding.environment.runtime.load_domain.delegation.kind = "parent_first"
methods.0.outcome.report.artifact.binding.environment.runtime.load_domain.external_override = "none"
methods.0.outcome.report.artifact.binding.environment.runtime.load_domain.loader = "app"
methods.0.outcome.report.artifact.binding.environment.runtime.load_domain.module_mode.kind = "class_path"
methods.0.outcome.report.artifact.binding.environment.runtime.load_domain.parent_loader = null
methods.0.outcome.report.artifact.binding.environment.runtime.load_domain.roots.0.kind = "standalone_class"
methods.0.outcome.report.artifact.binding.environment.runtime.load_domain.roots.0.snapshot = "c4915b8b6b48b5fd30b04ec506bb895e76e15c8e6e5c43cb2a7e6602e2f05c7c"
methods.0.outcome.report.artifact.binding.environment.runtime.load_domain.runtime_transformation = "none"
methods.0.outcome.report.artifact.binding.environment.runtime.physical.scope.kind = "snapshot_all"
methods.0.outcome.report.artifact.binding.environment.runtime.physical.snapshot = "c4915b8b6b48b5fd30b04ec506bb895e76e15c8e6e5c43cb2a7e6602e2f05c7c"
methods.0.outcome.report.artifact.binding.environment.runtime.profile.java_release = 8
methods.0.outcome.report.artifact.binding.environment.runtime.profile.layout.kind = "generic"
methods.0.outcome.report.artifact.binding.environment.runtime.profile.multi_release.kind = "disabled"
methods.0.outcome.report.artifact.binding.member_ordinal = 0
methods.0.outcome.report.artifact.binding.method.descriptor = [40,41,86]
methods.0.outcome.report.artifact.binding.method.name = [60,105,110,105,116,62]
methods.0.outcome.report.artifact.binding.method.owner.class_bytes.digest = "c4915b8b6b48b5fd30b04ec506bb895e76e15c8e6e5c43cb2a7e6602e2f05c7c"
methods.0.outcome.report.artifact.binding.method.owner.class_bytes.length = 1926
methods.0.outcome.report.artifact.binding.method.owner.location.kind = "standalone_root"
methods.0.outcome.report.artifact.binding.method.owner.location.snapshot = "c4915b8b6b48b5fd30b04ec506bb895e76e15c8e6e5c43cb2a7e6602e2f05c7c"
methods.0.outcome.report.artifact.binding.method.owner.variant.kind = "base"
methods.0.outcome.report.artifact.binding.profile.java_release = 8
methods.0.outcome.report.artifact.binding.profile.layout.kind = "generic"
methods.0.outcome.report.artifact.binding.profile.multi_release.kind = "disabled"
methods.0.outcome.report.artifact.binding.registry = 71
methods.0.outcome.report.artifact.binding.rules = ["straight@1","if@1","loop@1","switch@1","lambda@1","concat@1","bridge@1","accessor@1","new@1","field@1","enumswitch@1","init@1","declaration@1","twr@1","monitor@1","finally@1"]
methods.0.outcome.report.artifact.binding.schema = 1
methods.0.outcome.report.artifact.binding.text_bytes = 234
methods.0.outcome.report.artifact.binding.text_digest = "5ebbdce0d119fbe1718f603aa28a596b"
methods.0.outcome.report.bridges = []
methods.0.outcome.report.compile_status = "not_attempted"
methods.0.outcome.report.concats = []
methods.0.outcome.report.content = "contains_statements"
methods.0.outcome.report.declaration = null
methods.0.outcome.report.diagnostics.0.code = "jre_recovery_produced"
methods.0.outcome.report.diagnostics.0.message = "1 region(s), 2 statement(s), 2 segment(s), 234 byte(s) written from 1 canonical block(s)"
methods.0.outcome.report.diagnostics.0.provenance = null
methods.0.outcome.report.diagnostics.0.severity = "info"
methods.0.outcome.report.diagnostics.1.code = "jre_constructor_prologue"
methods.0.outcome.report.diagnostics.1.message = "the body is an instance initializer and its prologue is written under init@1 as `super`: the call at BCI 1 names `java/lang/Object`, and the class that declares this constructor is `jadx/tests/integration/trycatch/TestTryCatchFinally2$TestCls`"
methods.0.outcome.report.diagnostics.1.provenance = null
methods.0.outcome.report.diagnostics.1.severity = "info"
methods.0.outcome.report.diagnostics.2.code = "jre_declaration"
methods.0.outcome.report.diagnostics.2.message = "the artifact's envelope states the member's declaration under declaration@1: a constructor"
methods.0.outcome.report.diagnostics.2.provenance = null
methods.0.outcome.report.diagnostics.2.severity = "info"
methods.0.outcome.report.enum_switches = []
methods.0.outcome.report.evidence.categories.0.kind = "source_map"
methods.0.outcome.report.evidence.categories.0.state.state = "complete"
methods.0.outcome.report.evidence.categories.1.kind = "region_details"
methods.0.outcome.report.evidence.categories.1.state.state = "not_requested"
methods.0.outcome.report.evidence.categories.2.kind = "rule_details"
methods.0.outcome.report.evidence.categories.2.state.state = "not_requested"
methods.0.outcome.report.evidence.categories.3.kind = "name_details"
methods.0.outcome.report.evidence.categories.3.state.state = "not_requested"
methods.0.outcome.report.evidence.categories.4.kind = "read_details"
methods.0.outcome.report.evidence.categories.4.state.state = "not_requested"
methods.0.outcome.report.evidence.requested.driver_bci_range = null
methods.0.outcome.report.evidence.requested.expected_artifact = null
methods.0.outcome.report.evidence.requested.kinds = ["source_map"]
methods.0.outcome.report.execution.status = "complete"
methods.0.outcome.report.execution.usage.analysis_steps = 47
methods.0.outcome.report.execution.usage.archive_entries = 0
methods.0.outcome.report.execution.usage.attribute_bytes = 1323
methods.0.outcome.report.execution.usage.class_bytes = 3852
methods.0.outcome.report.execution.usage.class_headers = 1
methods.0.outcome.report.execution.usage.code_bytes = 5
methods.0.outcome.report.execution.usage.dependency_depth = 0
methods.0.outcome.report.execution.usage.elapsed_millis = 35
methods.0.outcome.report.execution.usage.entry_bytes = 0
methods.0.outcome.report.execution.usage.input_bytes = 1926
methods.0.outcome.report.execution.usage.ir_edges = 2
methods.0.outcome.report.execution.usage.ir_items = 65
methods.0.outcome.report.execution.usage.method_bodies = 1
methods.0.outcome.report.execution.usage.nested_depth = 0
methods.0.outcome.report.execution.usage.normalization_clones = 0
methods.0.outcome.report.execution.usage.output_bytes = 2160
methods.0.outcome.report.execution.usage.read_bytes = 1926
methods.0.outcome.report.execution.usage.result_items = 13
methods.0.outcome.report.fallbacks = []
methods.0.outcome.report.fields = []
methods.0.outcome.report.init = null
methods.0.outcome.report.lambdas = []
methods.0.outcome.report.method = "<init>()V"
methods.0.outcome.report.news = []
methods.0.outcome.report.outcome = "produced"
methods.0.outcome.report.profile.java_release = 8
methods.0.outcome.report.profile.layout.kind = "generic"
methods.0.outcome.report.profile.multi_release.kind = "disabled"
methods.0.outcome.report.quality = "structured"
methods.0.outcome.report.regions = []
methods.0.outcome.report.representation = "java"
methods.0.outcome.report.rules = []
methods.0.outcome.report.semantic_validation = "unproven"
methods.0.outcome.report.source_map.segments.0.end = 220
methods.0.outcome.report.source_map.segments.0.origin.derived.0.bci = 0
methods.0.outcome.report.source_map.segments.0.origin.derived.0.cp = null
methods.0.outcome.report.source_map.segments.0.origin.derived.0.method.descriptor = [40,41,86]
methods.0.outcome.report.source_map.segments.0.origin.derived.0.method.name = [60,105,110,105,116,62]
methods.0.outcome.report.source_map.segments.0.origin.derived.0.method.owner.class_bytes.digest = "c4915b8b6b48b5fd30b04ec506bb895e76e15c8e6e5c43cb2a7e6602e2f05c7c"
methods.0.outcome.report.source_map.segments.0.origin.derived.0.method.owner.class_bytes.length = 1926
methods.0.outcome.report.source_map.segments.0.origin.derived.0.method.owner.location.kind = "standalone_root"
methods.0.outcome.report.source_map.segments.0.origin.derived.0.method.owner.location.snapshot = "c4915b8b6b48b5fd30b04ec506bb895e76e15c8e6e5c43cb2a7e6602e2f05c7c"
methods.0.outcome.report.source_map.segments.0.origin.derived.0.method.owner.variant.kind = "base"
methods.0.outcome.report.source_map.segments.0.origin.derived.0.provenance = "Derived"
methods.0.outcome.report.source_map.segments.0.origin.primary.bci = 1
methods.0.outcome.report.source_map.segments.0.origin.primary.cp = null
methods.0.outcome.report.source_map.segments.0.origin.primary.method.descriptor = [40,41,86]
methods.0.outcome.report.source_map.segments.0.origin.primary.method.name = [60,105,110,105,116,62]
methods.0.outcome.report.source_map.segments.0.origin.primary.method.owner.class_bytes.digest = "c4915b8b6b48b5fd30b04ec506bb895e76e15c8e6e5c43cb2a7e6602e2f05c7c"
methods.0.outcome.report.source_map.segments.0.origin.primary.method.owner.class_bytes.length = 1926
methods.0.outcome.report.source_map.segments.0.origin.primary.method.owner.location.kind = "standalone_root"
methods.0.outcome.report.source_map.segments.0.origin.primary.method.owner.location.snapshot = "c4915b8b6b48b5fd30b04ec506bb895e76e15c8e6e5c43cb2a7e6602e2f05c7c"
methods.0.outcome.report.source_map.segments.0.origin.primary.method.owner.variant.kind = "base"
methods.0.outcome.report.source_map.segments.0.origin.primary.provenance = "Direct"
methods.0.outcome.report.source_map.segments.0.start = 207
methods.0.outcome.report.source_map.segments.1.end = 232
methods.0.outcome.report.source_map.segments.1.origin.derived = []
methods.0.outcome.report.source_map.segments.1.origin.primary.bci = 4
methods.0.outcome.report.source_map.segments.1.origin.primary.cp = null
methods.0.outcome.report.source_map.segments.1.origin.primary.method.descriptor = [40,41,86]
methods.0.outcome.report.source_map.segments.1.origin.primary.method.name = [60,105,110,105,116,62]
methods.0.outcome.report.source_map.segments.1.origin.primary.method.owner.class_bytes.digest = "c4915b8b6b48b5fd30b04ec506bb895e76e15c8e6e5c43cb2a7e6602e2f05c7c"
methods.0.outcome.report.source_map.segments.1.origin.primary.method.owner.class_bytes.length = 1926
methods.0.outcome.report.source_map.segments.1.origin.primary.method.owner.location.kind = "standalone_root"
methods.0.outcome.report.source_map.segments.1.origin.primary.method.owner.location.snapshot = "c4915b8b6b48b5fd30b04ec506bb895e76e15c8e6e5c43cb2a7e6602e2f05c7c"
methods.0.outcome.report.source_map.segments.1.origin.primary.method.owner.variant.kind = "base"
methods.0.outcome.report.source_map.segments.1.origin.primary.provenance = "Direct"
methods.0.outcome.report.source_map.segments.1.start = 220
methods.0.outcome.report.syntax_status = "unchecked"
methods.0.outcome.report.text = "// @method <init>()V\n// @declaration a constructor of `jadx.tests.integration.trycatch.TestTryCatchFinally2$TestCls`, member flags 0x0001\n// recovered from bytecode; presentation is not claimed to compile\n{\n    super();\n    return;\n}\n"
methods.0.outcome.report.verification = "not_performed"
methods.0.parameter_annotations.attributes = []
methods.0.parameter_annotations.refusals = []
methods.0.parameter_annotations.uses_by_position = []
methods.0.text = "    public TestTryCatchFinally2$TestCls() {\n        // @method <init>()V\n        // @declaration a constructor of `jadx.tests.integration.trycatch.TestTryCatchFinally2$TestCls`, member flags 0x0001\n        // recovered from bytecode; presentation is not claimed to compile\n        super();\n        return;\n    }\n"
methods.0.type_annotations.attributes = []
methods.0.type_annotations.field_uses = []
methods.0.type_annotations.parameter_uses = []
methods.0.type_annotations.refusals = []
methods.0.type_annotations.return_uses = []
methods.1.annotations.attributes = []
methods.1.annotations.refusals = []
methods.1.annotations.uses = []
methods.1.declaration = "public void test(java.io.OutputStream output) throws java.io.IOException"
methods.1.item.access_flags = 1
methods.1.item.body.content_span.length = 457
methods.1.item.body.content_span.start = 1348
methods.1.item.body.kind = "code_attribute"
methods.1.item.descriptor.escaped = "(Ljava/io/OutputStream;)V"
methods.1.item.descriptor.raw = [40,76,106,97,118,97,47,105,111,47,79,117,116,112,117,116,83,116,114,101,97,109,59,41,86]
methods.1.item.descriptor.utf16 = [40,76,106,97,118,97,47,105,111,47,79,117,116,112,117,116,83,116,114,101,97,109,59,41,86]
methods.1.item.identity.descriptor = [40,76,106,97,118,97,47,105,111,47,79,117,116,112,117,116,83,116,114,101,97,109,59,41,86]
methods.1.item.identity.name = [116,101,115,116]
methods.1.item.identity.owner.class_bytes.digest = "c4915b8b6b48b5fd30b04ec506bb895e76e15c8e6e5c43cb2a7e6602e2f05c7c"
methods.1.item.identity.owner.class_bytes.length = 1926
methods.1.item.identity.owner.location.kind = "standalone_root"
methods.1.item.identity.owner.location.snapshot = "c4915b8b6b48b5fd30b04ec506bb895e76e15c8e6e5c43cb2a7e6602e2f05c7c"
methods.1.item.identity.owner.variant.kind = "base"
methods.1.item.index = 1
methods.1.item.name.escaped = "test"
methods.1.item.name.raw = [116,101,115,116]
methods.1.item.name.utf16 = [116,101,115,116]
methods.1.markers = []
methods.1.no_body_kind = null
methods.1.outcome.analysis.diagnostics = 0
methods.1.outcome.analysis.execution.status = "complete"
methods.1.outcome.analysis.execution.usage.analysis_steps = 619
methods.1.outcome.analysis.execution.usage.archive_entries = 0
methods.1.outcome.analysis.execution.usage.attribute_bytes = 1796
methods.1.outcome.analysis.execution.usage.class_bytes = 3852
methods.1.outcome.analysis.execution.usage.class_headers = 1
methods.1.outcome.analysis.execution.usage.code_bytes = 175
methods.1.outcome.analysis.execution.usage.dependency_depth = 0
methods.1.outcome.analysis.execution.usage.elapsed_millis = 38
methods.1.outcome.analysis.execution.usage.entry_bytes = 0
methods.1.outcome.analysis.execution.usage.input_bytes = 1926
methods.1.outcome.analysis.execution.usage.ir_edges = 340
methods.1.outcome.analysis.execution.usage.ir_items = 3858
methods.1.outcome.analysis.execution.usage.method_bodies = 2
methods.1.outcome.analysis.execution.usage.nested_depth = 0
methods.1.outcome.analysis.execution.usage.normalization_clones = 0
methods.1.outcome.analysis.execution.usage.output_bytes = 2160
methods.1.outcome.analysis.execution.usage.read_bytes = 1926
methods.1.outcome.analysis.execution.usage.result_items = 14
methods.1.outcome.kind = "recovered"
methods.1.outcome.report.accessors = []
methods.1.outcome.report.aliased_names = []
methods.1.outcome.report.artifact.agreement.state = "not_stated"
methods.1.outcome.report.artifact.binding.engine = "0.1.0"
methods.1.outcome.report.artifact.binding.environment.content = ["c4915b8b6b48b5fd30b04ec506bb895e76e15c8e6e5c43cb2a7e6602e2f05c7c"]
methods.1.outcome.report.artifact.binding.environment.domain_loaders = ["app"]
methods.1.outcome.report.artifact.binding.environment.providers = []
methods.1.outcome.report.artifact.binding.environment.runtime.load_domain.delegation.kind = "parent_first"
methods.1.outcome.report.artifact.binding.environment.runtime.load_domain.external_override = "none"
methods.1.outcome.report.artifact.binding.environment.runtime.load_domain.loader = "app"
methods.1.outcome.report.artifact.binding.environment.runtime.load_domain.module_mode.kind = "class_path"
methods.1.outcome.report.artifact.binding.environment.runtime.load_domain.parent_loader = null
methods.1.outcome.report.artifact.binding.environment.runtime.load_domain.roots.0.kind = "standalone_class"
methods.1.outcome.report.artifact.binding.environment.runtime.load_domain.roots.0.snapshot = "c4915b8b6b48b5fd30b04ec506bb895e76e15c8e6e5c43cb2a7e6602e2f05c7c"
methods.1.outcome.report.artifact.binding.environment.runtime.load_domain.runtime_transformation = "none"
methods.1.outcome.report.artifact.binding.environment.runtime.physical.scope.kind = "snapshot_all"
methods.1.outcome.report.artifact.binding.environment.runtime.physical.snapshot = "c4915b8b6b48b5fd30b04ec506bb895e76e15c8e6e5c43cb2a7e6602e2f05c7c"
methods.1.outcome.report.artifact.binding.environment.runtime.profile.java_release = 8
methods.1.outcome.report.artifact.binding.environment.runtime.profile.layout.kind = "generic"
methods.1.outcome.report.artifact.binding.environment.runtime.profile.multi_release.kind = "disabled"
methods.1.outcome.report.artifact.binding.member_ordinal = 1
methods.1.outcome.report.artifact.binding.method.descriptor = [40,76,106,97,118,97,47,105,111,47,79,117,116,112,117,116,83,116,114,101,97,109,59,41,86]
methods.1.outcome.report.artifact.binding.method.name = [116,101,115,116]
methods.1.outcome.report.artifact.binding.method.owner.class_bytes.digest = "c4915b8b6b48b5fd30b04ec506bb895e76e15c8e6e5c43cb2a7e6602e2f05c7c"
methods.1.outcome.report.artifact.binding.method.owner.class_bytes.length = 1926
methods.1.outcome.report.artifact.binding.method.owner.location.kind = "standalone_root"
methods.1.outcome.report.artifact.binding.method.owner.location.snapshot = "c4915b8b6b48b5fd30b04ec506bb895e76e15c8e6e5c43cb2a7e6602e2f05c7c"
methods.1.outcome.report.artifact.binding.method.owner.variant.kind = "base"
methods.1.outcome.report.artifact.binding.profile.java_release = 8
methods.1.outcome.report.artifact.binding.profile.layout.kind = "generic"
methods.1.outcome.report.artifact.binding.profile.multi_release.kind = "disabled"
methods.1.outcome.report.artifact.binding.registry = 71
methods.1.outcome.report.artifact.binding.rules = ["straight@1","if@1","loop@1","switch@1","lambda@1","concat@1","bridge@1","accessor@1","new@1","field@1","enumswitch@1","init@1","declaration@1","twr@1","monitor@1","finally@1"]
methods.1.outcome.report.artifact.binding.schema = 1
methods.1.outcome.report.artifact.binding.text_bytes = 1536
methods.1.outcome.report.artifact.binding.text_digest = "da15ea2b7f2620b46950a3d06d203063"
methods.1.outcome.report.bridges = []
methods.1.outcome.report.compile_status = "not_attempted"
methods.1.outcome.report.concats = []
methods.1.outcome.report.content = "contains_statements"
methods.1.outcome.report.declaration = null
methods.1.outcome.report.diagnostics.0.code = "jre_recovery_produced"
methods.1.outcome.report.diagnostics.0.message = "1 region(s), 33 statement(s), 105 segment(s), 1536 byte(s) written from 11 canonical block(s)"
methods.1.outcome.report.diagnostics.0.provenance = null
methods.1.outcome.report.diagnostics.0.severity = "info"
methods.1.outcome.report.diagnostics.1.code = "jre_new_sites"
methods.1.outcome.report.diagnostics.1.message = "1 construction candidate(s) read under new@1: 1 presented as `new`, 0 refused"
methods.1.outcome.report.diagnostics.1.provenance = null
methods.1.outcome.report.diagnostics.1.severity = "info"
methods.1.outcome.report.diagnostics.2.code = "jre_field_accesses"
methods.1.outcome.report.diagnostics.2.message = "3 field instruction(s) read under field@1: 3 presented, 0 refused"
methods.1.outcome.report.diagnostics.2.provenance = null
methods.1.outcome.report.diagnostics.2.severity = "info"
methods.1.outcome.report.diagnostics.3.code = "jre_declaration"
methods.1.outcome.report.diagnostics.3.message = "the artifact's envelope states the member's declaration under declaration@1: an instance method"
methods.1.outcome.report.diagnostics.3.provenance = null
methods.1.outcome.report.diagnostics.3.severity = "info"
methods.1.outcome.report.enum_switches = []
methods.1.outcome.report.evidence.categories.0.kind = "source_map"
methods.1.outcome.report.evidence.categories.0.state.state = "complete"
methods.1.outcome.report.evidence.categories.1.kind = "region_details"
methods.1.outcome.report.evidence.categories.1.state.state = "not_requested"
methods.1.outcome.report.evidence.categories.2.kind = "rule_details"
methods.1.outcome.report.evidence.categories.2.state.state = "not_requested"
methods.1.outcome.report.evidence.categories.3.kind = "name_details"
methods.1.outcome.report.evidence.categories.3.state.state = "not_requested"
methods.1.outcome.report.evidence.categories.4.kind = "read_details"
methods.1.outcome.report.evidence.categories.4.state.state = "not_requested"
methods.1.outcome.report.evidence.requested.driver_bci_range = null
methods.1.outcome.report.evidence.requested.expected_artifact = null
methods.1.outcome.report.evidence.requested.kinds = ["source_map"]
methods.1.outcome.report.execution.status = "complete"
methods.1.outcome.report.execution.usage.analysis_steps = 15298
methods.1.outcome.report.execution.usage.archive_entries = 0
methods.1.outcome.report.execution.usage.attribute_bytes = 1796
methods.1.outcome.report.execution.usage.class_bytes = 3852
methods.1.outcome.report.execution.usage.class_headers = 1
methods.1.outcome.report.execution.usage.code_bytes = 175
methods.1.outcome.report.execution.usage.dependency_depth = 0
methods.1.outcome.report.execution.usage.elapsed_millis = 46
methods.1.outcome.report.execution.usage.entry_bytes = 0
methods.1.outcome.report.execution.usage.input_bytes = 1926
methods.1.outcome.report.execution.usage.ir_edges = 352
methods.1.outcome.report.execution.usage.ir_items = 4541
methods.1.outcome.report.execution.usage.method_bodies = 2
methods.1.outcome.report.execution.usage.nested_depth = 0
methods.1.outcome.report.execution.usage.normalization_clones = 0
methods.1.outcome.report.execution.usage.output_bytes = 3696
methods.1.outcome.report.execution.usage.read_bytes = 1926
methods.1.outcome.report.execution.usage.result_items = 14
methods.1.outcome.report.fallbacks = []
methods.1.outcome.report.fields = []
methods.1.outcome.report.init = null
methods.1.outcome.report.lambdas = []
methods.1.outcome.report.method = "test(Ljava/io/OutputStream;)V"
methods.1.outcome.report.news = []
methods.1.outcome.report.outcome = "produced"
methods.1.outcome.report.profile.java_release = 8
methods.1.outcome.report.profile.layout.kind = "generic"
methods.1.outcome.report.profile.multi_release.kind = "disabled"
methods.1.outcome.report.quality = "structured"
methods.1.outcome.report.regions = []
methods.1.outcome.report.representation = "java"
methods.1.outcome.report.rules = []
methods.1.outcome.report.semantic_validation = "unproven"
methods.1.outcome.report.source_map.segments.0.end = 266
methods.1.outcome.report.source_map.segments.0.origin.derived = []
methods.1.outcome.report.source_map.segments.0.origin.primary.bci = 8
methods.1.outcome.report.source_map.segments.0.origin.primary.cp = null
methods.1.outcome.report.source_map.segments.0.origin.primary.method.descriptor = [40,76,106,97,118,97,47,105,111,47,79,117,116,112,117,116,83,116,114,101,97,109,59,41,86]
methods.1.outcome.report.source_map.segments.0.origin.primary.method.name = [116,101,115,116]
methods.1.outcome.report.source_map.segments.0.origin.primary.method.owner.class_bytes.digest = "c4915b8b6b48b5fd30b04ec506bb895e76e15c8e6e5c43cb2a7e6602e2f05c7c"
methods.1.outcome.report.source_map.segments.0.origin.primary.method.owner.class_bytes.length = 1926
methods.1.outcome.report.source_map.segments.0.origin.primary.method.owner.location.kind = "standalone_root"
methods.1.outcome.report.source_map.segments.0.origin.primary.method.owner.location.snapshot = "c4915b8b6b48b5fd30b04ec506bb895e76e15c8e6e5c43cb2a7e6602e2f05c7c"
methods.1.outcome.report.source_map.segments.0.origin.primary.method.owner.variant.kind = "base"
methods.1.outcome.report.source_map.segments.0.origin.primary.provenance = "Direct"
methods.1.outcome.report.source_map.segments.0.start = 232
methods.1.outcome.report.source_map.segments.1.end = 311
methods.1.outcome.report.source_map.segments.1.origin.derived = []
methods.1.outcome.report.source_map.segments.1.origin.primary.bci = 4
methods.1.outcome.report.source_map.segments.1.origin.primary.cp = null
methods.1.outcome.report.source_map.segments.1.origin.primary.method.descriptor = [40,76,106,97,118,97,47,105,111,47,79,117,116,112,117,116,83,116,114,101,97,109,59,41,86]
methods.1.outcome.report.source_map.segments.1.origin.primary.method.name = [116,101,115,116]
methods.1.outcome.report.source_map.segments.1.origin.primary.method.owner.class_bytes.digest = "c4915b8b6b48b5fd30b04ec506bb895e76e15c8e6e5c43cb2a7e6602e2f05c7c"
methods.1.outcome.report.source_map.segments.1.origin.primary.method.owner.class_bytes.length = 1926
methods.1.outcome.report.source_map.segments.1.origin.primary.method.owner.location.kind = "standalone_root"
methods.1.outcome.report.source_map.segments.1.origin.primary.method.owner.location.snapshot = "c4915b8b6b48b5fd30b04ec506bb895e76e15c8e6e5c43cb2a7e6602e2f05c7c"
methods.1.outcome.report.source_map.segments.1.origin.primary.method.owner.variant.kind = "base"
methods.1.outcome.report.source_map.segments.1.origin.primary.provenance = "Direct"
methods.1.outcome.report.source_map.segments.1.start = 305
methods.1.outcome.report.source_map.segments.2.end = 312
methods.1.outcome.report.source_map.segments.2.origin.derived.0.bci = 0
methods.1.outcome.report.source_map.segments.2.origin.derived.0.cp = null
methods.1.outcome.report.source_map.segments.2.origin.derived.0.method.descriptor = [40,76,106,97,118,97,47,105,111,47,79,117,116,112,117,116,83,116,114,101,97,109,59,41,86]
methods.1.outcome.report.source_map.segments.2.origin.derived.0.method.name = [116,101,115,116]
methods.1.outcome.report.source_map.segments.2.origin.derived.0.method.owner.class_bytes.digest = "c4915b8b6b48b5fd30b04ec506bb895e76e15c8e6e5c43cb2a7e6602e2f05c7c"
methods.1.outcome.report.source_map.segments.2.origin.derived.0.method.owner.class_bytes.length = 1926
methods.1.outcome.report.source_map.segments.2.origin.derived.0.method.owner.location.kind = "standalone_root"
methods.1.outcome.report.source_map.segments.2.origin.derived.0.method.owner.location.snapshot = "c4915b8b6b48b5fd30b04ec506bb895e76e15c8e6e5c43cb2a7e6602e2f05c7c"
methods.1.outcome.report.source_map.segments.2.origin.derived.0.method.owner.variant.kind = "base"
methods.1.outcome.report.source_map.segments.2.origin.derived.0.provenance = "Derived"
methods.1.outcome.report.source_map.segments.2.origin.derived.1.bci = 3
methods.1.outcome.report.source_map.segments.2.origin.derived.1.cp = null
methods.1.outcome.report.source_map.segments.2.origin.derived.1.method.descriptor = [40,76,106,97,118,97,47,105,111,47,79,117,116,112,117,116,83,116,114,101,97,109,59,41,86]
methods.1.outcome.report.source_map.segments.2.origin.derived.1.method.name = [116,101,115,116]
methods.1.outcome.report.source_map.segments.2.origin.derived.1.method.owner.class_bytes.digest = "c4915b8b6b48b5fd30b04ec506bb895e76e15c8e6e5c43cb2a7e6602e2f05c7c"
methods.1.outcome.report.source_map.segments.2.origin.derived.1.method.owner.class_bytes.length = 1926
methods.1.outcome.report.source_map.segments.2.origin.derived.1.method.owner.location.kind = "standalone_root"
methods.1.outcome.report.source_map.segments.2.origin.derived.1.method.owner.location.snapshot = "c4915b8b6b48b5fd30b04ec506bb895e76e15c8e6e5c43cb2a7e6602e2f05c7c"
methods.1.outcome.report.source_map.segments.2.origin.derived.1.method.owner.variant.kind = "base"
methods.1.outcome.report.source_map.segments.2.origin.derived.1.provenance = "Derived"
methods.1.outcome.report.source_map.segments.2.origin.primary.bci = 5
methods.1.outcome.report.source_map.segments.2.origin.primary.cp = null
methods.1.outcome.report.source_map.segments.2.origin.primary.method.descriptor = [40,76,106,97,118,97,47,105,111,47,79,117,116,112,117,116,83,116,114,101,97,109,59,41,86]
methods.1.outcome.report.source_map.segments.2.origin.primary.method.name = [116,101,115,116]
methods.1.outcome.report.source_map.segments.2.origin.primary.method.owner.class_bytes.digest = "c4915b8b6b48b5fd30b04ec506bb895e76e15c8e6e5c43cb2a7e6602e2f05c7c"
methods.1.outcome.report.source_map.segments.2.origin.primary.method.owner.class_bytes.length = 1926
methods.1.outcome.report.source_map.segments.2.origin.primary.method.owner.location.kind = "standalone_root"
methods.1.outcome.report.source_map.segments.2.origin.primary.method.owner.location.snapshot = "c4915b8b6b48b5fd30b04ec506bb895e76e15c8e6e5c43cb2a7e6602e2f05c7c"
methods.1.outcome.report.source_map.segments.2.origin.primary.method.owner.variant.kind = "base"
methods.1.outcome.report.source_map.segments.2.origin.primary.provenance = "Direct"
methods.1.outcome.report.source_map.segments.2.start = 276
methods.1.outcome.report.source_map.segments.3.end = 314
methods.1.outcome.report.source_map.segments.3.origin.derived = []
methods.1.outcome.report.source_map.segments.3.origin.primary.bci = 8
methods.1.outcome.report.source_map.segments.3.origin.primary.cp = null
methods.1.outcome.report.source_map.segments.3.origin.primary.method.descriptor = [40,76,106,97,118,97,47,105,111,47,79,117,116,112,117,116,83,116,114,101,97,109,59,41,86]
methods.1.outcome.report.source_map.segments.3.origin.primary.method.name = [116,101,115,116]
methods.1.outcome.report.source_map.segments.3.origin.primary.method.owner.class_bytes.digest = "c4915b8b6b48b5fd30b04ec506bb895e76e15c8e6e5c43cb2a7e6602e2f05c7c"
methods.1.outcome.report.source_map.segments.3.origin.primary.method.owner.class_bytes.length = 1926
methods.1.outcome.report.source_map.segments.3.origin.primary.method.owner.location.kind = "standalone_root"
methods.1.outcome.report.source_map.segments.3.origin.primary.method.owner.location.snapshot = "c4915b8b6b48b5fd30b04ec506bb895e76e15c8e6e5c43cb2a7e6602e2f05c7c"
methods.1.outcome.report.source_map.segments.3.origin.primary.method.owner.variant.kind = "base"
methods.1.outcome.report.source_map.segments.3.origin.primary.provenance = "Direct"
methods.1.outcome.report.source_map.segments.3.start = 266
methods.1.outcome.report.source_map.segments.4.end = 367
methods.1.outcome.report.source_map.segments.4.origin.derived = []
methods.1.outcome.report.source_map.segments.4.origin.primary.bci = 27
methods.1.outcome.report.source_map.segments.4.origin.primary.cp = null
methods.1.outcome.report.source_map.segments.4.origin.primary.method.descriptor = [40,76,106,97,118,97,47,105,111,47,79,117,116,112,117,116,83,116,114,101,97,109,59,41,86]
methods.1.outcome.report.source_map.segments.4.origin.primary.method.name = [116,101,115,116]
methods.1.outcome.report.source_map.segments.4.origin.primary.method.owner.class_bytes.digest = "c4915b8b6b48b5fd30b04ec506bb895e76e15c8e6e5c43cb2a7e6602e2f05c7c"
methods.1.outcome.report.source_map.segments.4.origin.primary.method.owner.class_bytes.length = 1926
methods.1.outcome.report.source_map.segments.4.origin.primary.method.owner.location.kind = "standalone_root"
methods.1.outcome.report.source_map.segments.4.origin.primary.method.owner.location.snapshot = "c4915b8b6b48b5fd30b04ec506bb895e76e15c8e6e5c43cb2a7e6602e2f05c7c"
methods.1.outcome.report.source_map.segments.4.origin.primary.method.owner.variant.kind = "base"
methods.1.outcome.report.source_map.segments.4.origin.primary.provenance = "Direct"
methods.1.outcome.report.source_map.segments.4.start = 324
methods.1.outcome.report.source_map.segments.5.end = 387
methods.1.outcome.report.source_map.segments.5.origin.derived = []
methods.1.outcome.report.source_map.segments.5.origin.primary.bci = 30
methods.1.outcome.report.source_map.segments.5.origin.primary.cp = null
methods.1.outcome.report.source_map.segments.5.origin.primary.method.descriptor = [40,76,106,97,118,97,47,105,111,47,79,117,116,112,117,116,83,116,114,101,97,109,59,41,86]
methods.1.outcome.report.source_map.segments.5.origin.primary.method.name = [116,101,115,116]
methods.1.outcome.report.source_map.segments.5.origin.primary.method.owner.class_bytes.digest = "c4915b8b6b48b5fd30b04ec506bb895e76e15c8e6e5c43cb2a7e6602e2f05c7c"
methods.1.outcome.report.source_map.segments.5.origin.primary.method.owner.class_bytes.length = 1926
methods.1.outcome.report.source_map.segments.5.origin.primary.method.owner.location.kind = "standalone_root"
methods.1.outcome.report.source_map.segments.5.origin.primary.method.owner.location.snapshot = "c4915b8b6b48b5fd30b04ec506bb895e76e15c8e6e5c43cb2a7e6602e2f05c7c"
methods.1.outcome.report.source_map.segments.5.origin.primary.method.owner.variant.kind = "base"
methods.1.outcome.report.source_map.segments.5.origin.primary.provenance = "Direct"
methods.1.outcome.report.source_map.segments.5.start = 367
methods.1.outcome.report.source_map.segments.6.end = 407
methods.1.outcome.report.source_map.segments.6.origin.derived = []
methods.1.outcome.report.source_map.segments.6.origin.primary.bci = 33
methods.1.outcome.report.source_map.segments.6.origin.primary.cp = null
methods.1.outcome.report.source_map.segments.6.origin.primary.method.descriptor = [40,76,106,97,118,97,47,105,111,47,79,117,116,112,117,116,83,116,114,101,97,109,59,41,86]
methods.1.outcome.report.source_map.segments.6.origin.primary.method.name = [116,101,115,116]
methods.1.outcome.report.source_map.segments.6.origin.primary.method.owner.class_bytes.digest = "c4915b8b6b48b5fd30b04ec506bb895e76e15c8e6e5c43cb2a7e6602e2f05c7c"
methods.1.outcome.report.source_map.segments.6.origin.primary.method.owner.class_bytes.length = 1926
methods.1.outcome.report.source_map.segments.6.origin.primary.method.owner.location.kind = "standalone_root"
methods.1.outcome.report.source_map.segments.6.origin.primary.method.owner.location.snapshot = "c4915b8b6b48b5fd30b04ec506bb895e76e15c8e6e5c43cb2a7e6602e2f05c7c"
methods.1.outcome.report.source_map.segments.6.origin.primary.method.owner.variant.kind = "base"
methods.1.outcome.report.source_map.segments.6.origin.primary.provenance = "Direct"
methods.1.outcome.report.source_map.segments.6.start = 387
methods.1.outcome.report.source_map.segments.7.end = 445
methods.1.outcome.report.source_map.segments.7.origin.derived = []
methods.1.outcome.report.source_map.segments.7.origin.primary.bci = 46
methods.1.outcome.report.source_map.segments.7.origin.primary.cp = null
methods.1.outcome.report.source_map.segments.7.origin.primary.method.descriptor = [40,76,106,97,118,97,47,105,111,47,79,117,116,112,117,116,83,116,114,101,97,109,59,41,86]
methods.1.outcome.report.source_map.segments.7.origin.primary.method.name = [116,101,115,116]
methods.1.outcome.report.source_map.segments.7.origin.primary.method.owner.class_bytes.digest = "c4915b8b6b48b5fd30b04ec506bb895e76e15c8e6e5c43cb2a7e6602e2f05c7c"
methods.1.outcome.report.source_map.segments.7.origin.primary.method.owner.class_bytes.length = 1926
methods.1.outcome.report.source_map.segments.7.origin.primary.method.owner.location.kind = "standalone_root"
methods.1.outcome.report.source_map.segments.7.origin.primary.method.owner.location.snapshot = "c4915b8b6b48b5fd30b04ec506bb895e76e15c8e6e5c43cb2a7e6602e2f05c7c"
methods.1.outcome.report.source_map.segments.7.origin.primary.method.owner.variant.kind = "base"
methods.1.outcome.report.source_map.segments.7.origin.primary.provenance = "Direct"
methods.1.outcome.report.source_map.segments.7.start = 407
methods.1.outcome.report.source_map.segments.8.end = 456
methods.1.outcome.report.source_map.segments.8.origin.derived = []
methods.1.outcome.report.source_map.segments.8.origin.primary.bci = 9
methods.1.outcome.report.source_map.segments.8.origin.primary.cp = null
methods.1.outcome.report.source_map.segments.8.origin.primary.method.descriptor = [40,76,106,97,118,97,47,105,111,47,79,117,116,112,117,116,83,116,114,101,97,109,59,41,86]
methods.1.outcome.report.source_map.segments.8.origin.primary.method.name = [116,101,115,116]
methods.1.outcome.report.source_map.segments.8.origin.primary.method.owner.class_bytes.digest = "c4915b8b6b48b5fd30b04ec506bb895e76e15c8e6e5c43cb2a7e6602e2f05c7c"
methods.1.outcome.report.source_map.segments.8.origin.primary.method.owner.class_bytes.length = 1926
methods.1.outcome.report.source_map.segments.8.origin.primary.method.owner.location.kind = "standalone_root"
methods.1.outcome.report.source_map.segments.8.origin.primary.method.owner.location.snapshot = "c4915b8b6b48b5fd30b04ec506bb895e76e15c8e6e5c43cb2a7e6602e2f05c7c"
methods.1.outcome.report.source_map.segments.8.origin.primary.method.owner.variant.kind = "base"
methods.1.outcome.report.source_map.segments.8.origin.primary.provenance = "Direct"
methods.1.outcome.report.source_map.segments.8.start = 453
methods.1.outcome.report.source_map.segments.9.end = 468
methods.1.outcome.report.source_map.segments.9.origin.derived = []
methods.1.outcome.report.source_map.segments.9.origin.primary.bci = 10
methods.1.outcome.report.source_map.segments.9.origin.primary.cp = null
methods.1.outcome.report.source_map.segments.9.origin.primary.method.descriptor = [40,76,106,97,118,97,47,105,111,47,79,117,116,112,117,116,83,116,114,101,97,109,59,41,86]
methods.1.outcome.report.source_map.segments.9.origin.primary.method.name = [116,101,115,116]
methods.1.outcome.report.source_map.segments.9.origin.primary.method.owner.class_bytes.digest = "c4915b8b6b48b5fd30b04ec506bb895e76e15c8e6e5c43cb2a7e6602e2f05c7c"
methods.1.outcome.report.source_map.segments.9.origin.primary.method.owner.class_bytes.length = 1926
methods.1.outcome.report.source_map.segments.9.origin.primary.method.owner.location.kind = "standalone_root"
methods.1.outcome.report.source_map.segments.9.origin.primary.method.owner.location.snapshot = "c4915b8b6b48b5fd30b04ec506bb895e76e15c8e6e5c43cb2a7e6602e2f05c7c"
methods.1.outcome.report.source_map.segments.9.origin.primary.method.owner.variant.kind = "base"
methods.1.outcome.report.source_map.segments.9.origin.primary.provenance = "Direct"
methods.1.outcome.report.source_map.segments.9.start = 467
methods.1.outcome.report.source_map.segments.10.end = 469
methods.1.outcome.report.source_map.segments.10.origin.derived = []
methods.1.outcome.report.source_map.segments.10.origin.primary.bci = 11
methods.1.outcome.report.source_map.segments.10.origin.primary.cp = null
methods.1.outcome.report.source_map.segments.10.origin.primary.method.descriptor = [40,76,106,97,118,97,47,105,111,47,79,117,116,112,117,116,83,116,114,101,97,109,59,41,86]
methods.1.outcome.report.source_map.segments.10.origin.primary.method.name = [116,101,115,116]
methods.1.outcome.report.source_map.segments.10.origin.primary.method.owner.class_bytes.digest = "c4915b8b6b48b5fd30b04ec506bb895e76e15c8e6e5c43cb2a7e6602e2f05c7c"
methods.1.outcome.report.source_map.segments.10.origin.primary.method.owner.class_bytes.length = 1926
methods.1.outcome.report.source_map.segments.10.origin.primary.method.owner.location.kind = "standalone_root"
methods.1.outcome.report.source_map.segments.10.origin.primary.method.owner.location.snapshot = "c4915b8b6b48b5fd30b04ec506bb895e76e15c8e6e5c43cb2a7e6602e2f05c7c"
methods.1.outcome.report.source_map.segments.10.origin.primary.method.owner.variant.kind = "base"
methods.1.outcome.report.source_map.segments.10.origin.primary.provenance = "Direct"
methods.1.outcome.report.source_map.segments.10.start = 453
methods.1.outcome.report.source_map.segments.11.end = 471
methods.1.outcome.report.source_map.segments.11.origin.derived = []
methods.1.outcome.report.source_map.segments.11.origin.primary.bci = 11
methods.1.outcome.report.source_map.segments.11.origin.primary.cp = null
methods.1.outcome.report.source_map.segments.11.origin.primary.method.descriptor = [40,76,106,97,118,97,47,105,111,47,79,117,116,112,117,116,83,116,114,101,97,109,59,41,86]
methods.1.outcome.report.source_map.segments.11.origin.primary.method.name = [116,101,115,116]
methods.1.outcome.report.source_map.segments.11.origin.primary.method.owner.class_bytes.digest = "c4915b8b6b48b5fd30b04ec506bb895e76e15c8e6e5c43cb2a7e6602e2f05c7c"
methods.1.outcome.report.source_map.segments.11.origin.primary.method.owner.class_bytes.length = 1926
methods.1.outcome.report.source_map.segments.11.origin.primary.method.owner.location.kind = "standalone_root"
methods.1.outcome.report.source_map.segments.11.origin.primary.method.owner.location.snapshot = "c4915b8b6b48b5fd30b04ec506bb895e76e15c8e6e5c43cb2a7e6602e2f05c7c"
methods.1.outcome.report.source_map.segments.11.origin.primary.method.owner.variant.kind = "base"
methods.1.outcome.report.source_map.segments.11.origin.primary.provenance = "Direct"
methods.1.outcome.report.source_map.segments.11.start = 445
methods.1.outcome.report.source_map.segments.12.end = 482
methods.1.outcome.report.source_map.segments.12.origin.derived = []
methods.1.outcome.report.source_map.segments.12.origin.primary.bci = 14
methods.1.outcome.report.source_map.segments.12.origin.primary.cp = null
methods.1.outcome.report.source_map.segments.12.origin.primary.method.descriptor = [40,76,106,97,118,97,47,105,111,47,79,117,116,112,117,116,83,116,114,101,97,109,59,41,86]
methods.1.outcome.report.source_map.segments.12.origin.primary.method.name = [116,101,115,116]
methods.1.outcome.report.source_map.segments.12.origin.primary.method.owner.class_bytes.digest = "c4915b8b6b48b5fd30b04ec506bb895e76e15c8e6e5c43cb2a7e6602e2f05c7c"
methods.1.outcome.report.source_map.segments.12.origin.primary.method.owner.class_bytes.length = 1926
methods.1.outcome.report.source_map.segments.12.origin.primary.method.owner.location.kind = "standalone_root"
methods.1.outcome.report.source_map.segments.12.origin.primary.method.owner.location.snapshot = "c4915b8b6b48b5fd30b04ec506bb895e76e15c8e6e5c43cb2a7e6602e2f05c7c"
methods.1.outcome.report.source_map.segments.12.origin.primary.method.owner.variant.kind = "base"
methods.1.outcome.report.source_map.segments.12.origin.primary.provenance = "Direct"
methods.1.outcome.report.source_map.segments.12.start = 479
methods.1.outcome.report.source_map.segments.13.end = 496
methods.1.outcome.report.source_map.segments.13.origin.derived = []
methods.1.outcome.report.source_map.segments.13.origin.primary.bci = 15
methods.1.outcome.report.source_map.segments.13.origin.primary.cp = null
methods.1.outcome.report.source_map.segments.13.origin.primary.method.descriptor = [40,76,106,97,118,97,47,105,111,47,79,117,116,112,117,116,83,116,114,101,97,109,59,41,86]
methods.1.outcome.report.source_map.segments.13.origin.primary.method.name = [116,101,115,116]
methods.1.outcome.report.source_map.segments.13.origin.primary.method.owner.class_bytes.digest = "c4915b8b6b48b5fd30b04ec506bb895e76e15c8e6e5c43cb2a7e6602e2f05c7c"
methods.1.outcome.report.source_map.segments.13.origin.primary.method.owner.class_bytes.length = 1926
methods.1.outcome.report.source_map.segments.13.origin.primary.method.owner.location.kind = "standalone_root"
methods.1.outcome.report.source_map.segments.13.origin.primary.method.owner.location.snapshot = "c4915b8b6b48b5fd30b04ec506bb895e76e15c8e6e5c43cb2a7e6602e2f05c7c"
methods.1.outcome.report.source_map.segments.13.origin.primary.method.owner.variant.kind = "base"
methods.1.outcome.report.source_map.segments.13.origin.primary.provenance = "Direct"
methods.1.outcome.report.source_map.segments.13.start = 492
methods.1.outcome.report.source_map.segments.14.end = 504
methods.1.outcome.report.source_map.segments.14.origin.derived = []
methods.1.outcome.report.source_map.segments.14.origin.primary.bci = 16
methods.1.outcome.report.source_map.segments.14.origin.primary.cp = null
methods.1.outcome.report.source_map.segments.14.origin.primary.method.descriptor = [40,76,106,97,118,97,47,105,111,47,79,117,116,112,117,116,83,116,114,101,97,109,59,41,86]
methods.1.outcome.report.source_map.segments.14.origin.primary.method.name = [116,101,115,116]
methods.1.outcome.report.source_map.segments.14.origin.primary.method.owner.class_bytes.digest = "c4915b8b6b48b5fd30b04ec506bb895e76e15c8e6e5c43cb2a7e6602e2f05c7c"
methods.1.outcome.report.source_map.segments.14.origin.primary.method.owner.class_bytes.length = 1926
methods.1.outcome.report.source_map.segments.14.origin.primary.method.owner.location.kind = "standalone_root"
methods.1.outcome.report.source_map.segments.14.origin.primary.method.owner.location.snapshot = "c4915b8b6b48b5fd30b04ec506bb895e76e15c8e6e5c43cb2a7e6602e2f05c7c"
methods.1.outcome.report.source_map.segments.14.origin.primary.method.owner.variant.kind = "base"
methods.1.outcome.report.source_map.segments.14.origin.primary.provenance = "Direct"
methods.1.outcome.report.source_map.segments.14.start = 492
methods.1.outcome.report.source_map.segments.15.end = 511
methods.1.outcome.report.source_map.segments.15.origin.derived = []
methods.1.outcome.report.source_map.segments.15.origin.primary.bci = 19
methods.1.outcome.report.source_map.segments.15.origin.primary.cp = null
methods.1.outcome.report.source_map.segments.15.origin.primary.method.descriptor = [40,76,106,97,118,97,47,105,111,47,79,117,116,112,117,116,83,116,114,101,97,109,59,41,86]
methods.1.outcome.report.source_map.segments.15.origin.primary.method.name = [116,101,115,116]
methods.1.outcome.report.source_map.segments.15.origin.primary.method.owner.class_bytes.digest = "c4915b8b6b48b5fd30b04ec506bb895e76e15c8e6e5c43cb2a7e6602e2f05c7c"
methods.1.outcome.report.source_map.segments.15.origin.primary.method.owner.class_bytes.length = 1926
methods.1.outcome.report.source_map.segments.15.origin.primary.method.owner.location.kind = "standalone_root"
methods.1.outcome.report.source_map.segments.15.origin.primary.method.owner.location.snapshot = "c4915b8b6b48b5fd30b04ec506bb895e76e15c8e6e5c43cb2a7e6602e2f05c7c"
methods.1.outcome.report.source_map.segments.15.origin.primary.method.owner.variant.kind = "base"
methods.1.outcome.report.source_map.segments.15.origin.primary.provenance = "Direct"
methods.1.outcome.report.source_map.segments.15.start = 492
methods.1.outcome.report.source_map.segments.16.end = 512
methods.1.outcome.report.source_map.segments.16.origin.derived = []
methods.1.outcome.report.source_map.segments.16.origin.primary.bci = 20
methods.1.outcome.report.source_map.segments.16.origin.primary.cp = null
methods.1.outcome.report.source_map.segments.16.origin.primary.method.descriptor = [40,76,106,97,118,97,47,105,111,47,79,117,116,112,117,116,83,116,114,101,97,109,59,41,86]
methods.1.outcome.report.source_map.segments.16.origin.primary.method.name = [116,101,115,116]
methods.1.outcome.report.source_map.segments.16.origin.primary.method.owner.class_bytes.digest = "c4915b8b6b48b5fd30b04ec506bb895e76e15c8e6e5c43cb2a7e6602e2f05c7c"
methods.1.outcome.report.source_map.segments.16.origin.primary.method.owner.class_bytes.length = 1926
methods.1.outcome.report.source_map.segments.16.origin.primary.method.owner.location.kind = "standalone_root"
methods.1.outcome.report.source_map.segments.16.origin.primary.method.owner.location.snapshot = "c4915b8b6b48b5fd30b04ec506bb895e76e15c8e6e5c43cb2a7e6602e2f05c7c"
methods.1.outcome.report.source_map.segments.16.origin.primary.method.owner.variant.kind = "base"
methods.1.outcome.report.source_map.segments.16.origin.primary.provenance = "Direct"
methods.1.outcome.report.source_map.segments.16.start = 479
methods.1.outcome.report.source_map.segments.17.end = 514
methods.1.outcome.report.source_map.segments.17.origin.derived = []
methods.1.outcome.report.source_map.segments.17.origin.primary.bci = 20
methods.1.outcome.report.source_map.segments.17.origin.primary.cp = null
methods.1.outcome.report.source_map.segments.17.origin.primary.method.descriptor = [40,76,106,97,118,97,47,105,111,47,79,117,116,112,117,116,83,116,114,101,97,109,59,41,86]
methods.1.outcome.report.source_map.segments.17.origin.primary.method.name = [116,101,115,116]
methods.1.outcome.report.source_map.segments.17.origin.primary.method.owner.class_bytes.digest = "c4915b8b6b48b5fd30b04ec506bb895e76e15c8e6e5c43cb2a7e6602e2f05c7c"
methods.1.outcome.report.source_map.segments.17.origin.primary.method.owner.class_bytes.length = 1926
methods.1.outcome.report.source_map.segments.17.origin.primary.method.owner.location.kind = "standalone_root"
methods.1.outcome.report.source_map.segments.17.origin.primary.method.owner.location.snapshot = "c4915b8b6b48b5fd30b04ec506bb895e76e15c8e6e5c43cb2a7e6602e2f05c7c"
methods.1.outcome.report.source_map.segments.17.origin.primary.method.owner.variant.kind = "base"
methods.1.outcome.report.source_map.segments.17.origin.primary.provenance = "Direct"
methods.1.outcome.report.source_map.segments.17.start = 471
methods.1.outcome.report.source_map.segments.18.end = 535
methods.1.outcome.report.source_map.segments.18.origin.derived = []
methods.1.outcome.report.source_map.segments.18.origin.primary.bci = 23
methods.1.outcome.report.source_map.segments.18.origin.primary.cp = null
methods.1.outcome.report.source_map.segments.18.origin.primary.method.descriptor = [40,76,106,97,118,97,47,105,111,47,79,117,116,112,117,116,83,116,114,101,97,109,59,41,86]
methods.1.outcome.report.source_map.segments.18.origin.primary.method.name = [116,101,115,116]
methods.1.outcome.report.source_map.segments.18.origin.primary.method.owner.class_bytes.digest = "c4915b8b6b48b5fd30b04ec506bb895e76e15c8e6e5c43cb2a7e6602e2f05c7c"
methods.1.outcome.report.source_map.segments.18.origin.primary.method.owner.class_bytes.length = 1926
methods.1.outcome.report.source_map.segments.18.origin.primary.method.owner.location.kind = "standalone_root"
methods.1.outcome.report.source_map.segments.18.origin.primary.method.owner.location.snapshot = "c4915b8b6b48b5fd30b04ec506bb895e76e15c8e6e5c43cb2a7e6602e2f05c7c"
methods.1.outcome.report.source_map.segments.18.origin.primary.method.owner.variant.kind = "base"
methods.1.outcome.report.source_map.segments.18.origin.primary.provenance = "Direct"
methods.1.outcome.report.source_map.segments.18.start = 531
methods.1.outcome.report.source_map.segments.19.end = 543
methods.1.outcome.report.source_map.segments.19.origin.derived = []
methods.1.outcome.report.source_map.segments.19.origin.primary.bci = 24
methods.1.outcome.report.source_map.segments.19.origin.primary.cp = null
methods.1.outcome.report.source_map.segments.19.origin.primary.method.descriptor = [40,76,106,97,118,97,47,105,111,47,79,117,116,112,117,116,83,116,114,101,97,109,59,41,86]
methods.1.outcome.report.source_map.segments.19.origin.primary.method.name = [116,101,115,116]
methods.1.outcome.report.source_map.segments.19.origin.primary.method.owner.class_bytes.digest = "c4915b8b6b48b5fd30b04ec506bb895e76e15c8e6e5c43cb2a7e6602e2f05c7c"
methods.1.outcome.report.source_map.segments.19.origin.primary.method.owner.class_bytes.length = 1926
methods.1.outcome.report.source_map.segments.19.origin.primary.method.owner.location.kind = "standalone_root"
methods.1.outcome.report.source_map.segments.19.origin.primary.method.owner.location.snapshot = "c4915b8b6b48b5fd30b04ec506bb895e76e15c8e6e5c43cb2a7e6602e2f05c7c"
methods.1.outcome.report.source_map.segments.19.origin.primary.method.owner.variant.kind = "base"
methods.1.outcome.report.source_map.segments.19.origin.primary.provenance = "Direct"
methods.1.outcome.report.source_map.segments.19.start = 531
methods.1.outcome.report.source_map.segments.20.end = 545
methods.1.outcome.report.source_map.segments.20.origin.derived = []
methods.1.outcome.report.source_map.segments.20.origin.primary.bci = 27
methods.1.outcome.report.source_map.segments.20.origin.primary.cp = null
methods.1.outcome.report.source_map.segments.20.origin.primary.method.descriptor = [40,76,106,97,118,97,47,105,111,47,79,117,116,112,117,116,83,116,114,101,97,109,59,41,86]
methods.1.outcome.report.source_map.segments.20.origin.primary.method.name = [116,101,115,116]
methods.1.outcome.report.source_map.segments.20.origin.primary.method.owner.class_bytes.digest = "c4915b8b6b48b5fd30b04ec506bb895e76e15c8e6e5c43cb2a7e6602e2f05c7c"
methods.1.outcome.report.source_map.segments.20.origin.primary.method.owner.class_bytes.length = 1926
methods.1.outcome.report.source_map.segments.20.origin.primary.method.owner.location.kind = "standalone_root"
methods.1.outcome.report.source_map.segments.20.origin.primary.method.owner.location.snapshot = "c4915b8b6b48b5fd30b04ec506bb895e76e15c8e6e5c43cb2a7e6602e2f05c7c"
methods.1.outcome.report.source_map.segments.20.origin.primary.method.owner.variant.kind = "base"
methods.1.outcome.report.source_map.segments.20.origin.primary.provenance = "Direct"
methods.1.outcome.report.source_map.segments.20.start = 514
methods.1.outcome.report.source_map.segments.21.end = 568
methods.1.outcome.report.source_map.segments.21.origin.derived = []
methods.1.outcome.report.source_map.segments.21.origin.primary.bci = 28
methods.1.outcome.report.source_map.segments.21.origin.primary.cp = null
methods.1.outcome.report.source_map.segments.21.origin.primary.method.descriptor = [40,76,106,97,118,97,47,105,111,47,79,117,116,112,117,116,83,116,114,101,97,109,59,41,86]
methods.1.outcome.report.source_map.segments.21.origin.primary.method.name = [116,101,115,116]
methods.1.outcome.report.source_map.segments.21.origin.primary.method.owner.class_bytes.digest = "c4915b8b6b48b5fd30b04ec506bb895e76e15c8e6e5c43cb2a7e6602e2f05c7c"
methods.1.outcome.report.source_map.segments.21.origin.primary.method.owner.class_bytes.length = 1926
methods.1.outcome.report.source_map.segments.21.origin.primary.method.owner.location.kind = "standalone_root"
methods.1.outcome.report.source_map.segments.21.origin.primary.method.owner.location.snapshot = "c4915b8b6b48b5fd30b04ec506bb895e76e15c8e6e5c43cb2a7e6602e2f05c7c"
methods.1.outcome.report.source_map.segments.21.origin.primary.method.owner.variant.kind = "base"
methods.1.outcome.report.source_map.segments.21.origin.primary.provenance = "Direct"
methods.1.outcome.report.source_map.segments.21.start = 562
methods.1.outcome.report.source_map.segments.22.end = 575
methods.1.outcome.report.source_map.segments.22.origin.derived = []
methods.1.outcome.report.source_map.segments.22.origin.primary.bci = 29
methods.1.outcome.report.source_map.segments.22.origin.primary.cp = null
methods.1.outcome.report.source_map.segments.22.origin.primary.method.descriptor = [40,76,106,97,118,97,47,105,111,47,79,117,116,112,117,116,83,116,114,101,97,109,59,41,86]
methods.1.outcome.report.source_map.segments.22.origin.primary.method.name = [116,101,115,116]
methods.1.outcome.report.source_map.segments.22.origin.primary.method.owner.class_bytes.digest = "c4915b8b6b48b5fd30b04ec506bb895e76e15c8e6e5c43cb2a7e6602e2f05c7c"
methods.1.outcome.report.source_map.segments.22.origin.primary.method.owner.class_bytes.length = 1926
methods.1.outcome.report.source_map.segments.22.origin.primary.method.owner.location.kind = "standalone_root"
methods.1.outcome.report.source_map.segments.22.origin.primary.method.owner.location.snapshot = "c4915b8b6b48b5fd30b04ec506bb895e76e15c8e6e5c43cb2a7e6602e2f05c7c"
methods.1.outcome.report.source_map.segments.22.origin.primary.method.owner.variant.kind = "base"
methods.1.outcome.report.source_map.segments.22.origin.primary.provenance = "Direct"
methods.1.outcome.report.source_map.segments.22.start = 562
methods.1.outcome.report.source_map.segments.23.end = 577
methods.1.outcome.report.source_map.segments.23.origin.derived = []
methods.1.outcome.report.source_map.segments.23.origin.primary.bci = 30
methods.1.outcome.report.source_map.segments.23.origin.primary.cp = null
methods.1.outcome.report.source_map.segments.23.origin.primary.method.descriptor = [40,76,106,97,118,97,47,105,111,47,79,117,116,112,117,116,83,116,114,101,97,109,59,41,86]
methods.1.outcome.report.source_map.segments.23.origin.primary.method.name = [116,101,115,116]
methods.1.outcome.report.source_map.segments.23.origin.primary.method.owner.class_bytes.digest = "c4915b8b6b48b5fd30b04ec506bb895e76e15c8e6e5c43cb2a7e6602e2f05c7c"
methods.1.outcome.report.source_map.segments.23.origin.primary.method.owner.class_bytes.length = 1926
methods.1.outcome.report.source_map.segments.23.origin.primary.method.owner.location.kind = "standalone_root"
methods.1.outcome.report.source_map.segments.23.origin.primary.method.owner.location.snapshot = "c4915b8b6b48b5fd30b04ec506bb895e76e15c8e6e5c43cb2a7e6602e2f05c7c"
methods.1.outcome.report.source_map.segments.23.origin.primary.method.owner.variant.kind = "base"
methods.1.outcome.report.source_map.segments.23.origin.primary.provenance = "Direct"
methods.1.outcome.report.source_map.segments.23.start = 545
methods.1.outcome.report.source_map.segments.24.end = 595
methods.1.outcome.report.source_map.segments.24.origin.derived = []
methods.1.outcome.report.source_map.segments.24.origin.primary.bci = 32
methods.1.outcome.report.source_map.segments.24.origin.primary.cp = null
methods.1.outcome.report.source_map.segments.24.origin.primary.method.descriptor = [40,76,106,97,118,97,47,105,111,47,79,117,116,112,117,116,83,116,114,101,97,109,59,41,86]
methods.1.outcome.report.source_map.segments.24.origin.primary.method.name = [116,101,115,116]
methods.1.outcome.report.source_map.segments.24.origin.primary.method.owner.class_bytes.digest = "c4915b8b6b48b5fd30b04ec506bb895e76e15c8e6e5c43cb2a7e6602e2f05c7c"
methods.1.outcome.report.source_map.segments.24.origin.primary.method.owner.class_bytes.length = 1926
methods.1.outcome.report.source_map.segments.24.origin.primary.method.owner.location.kind = "standalone_root"
methods.1.outcome.report.source_map.segments.24.origin.primary.method.owner.location.snapshot = "c4915b8b6b48b5fd30b04ec506bb895e76e15c8e6e5c43cb2a7e6602e2f05c7c"
methods.1.outcome.report.source_map.segments.24.origin.primary.method.owner.variant.kind = "base"
methods.1.outcome.report.source_map.segments.24.origin.primary.provenance = "Direct"
methods.1.outcome.report.source_map.segments.24.start = 594
methods.1.outcome.report.source_map.segments.25.end = 597
methods.1.outcome.report.source_map.segments.25.origin.derived = []
methods.1.outcome.report.source_map.segments.25.origin.primary.bci = 33
methods.1.outcome.report.source_map.segments.25.origin.primary.cp = null
methods.1.outcome.report.source_map.segments.25.origin.primary.method.descriptor = [40,76,106,97,118,97,47,105,111,47,79,117,116,112,117,116,83,116,114,101,97,109,59,41,86]
methods.1.outcome.report.source_map.segments.25.origin.primary.method.name = [116,101,115,116]
methods.1.outcome.report.source_map.segments.25.origin.primary.method.owner.class_bytes.digest = "c4915b8b6b48b5fd30b04ec506bb895e76e15c8e6e5c43cb2a7e6602e2f05c7c"
methods.1.outcome.report.source_map.segments.25.origin.primary.method.owner.class_bytes.length = 1926
methods.1.outcome.report.source_map.segments.25.origin.primary.method.owner.location.kind = "standalone_root"
methods.1.outcome.report.source_map.segments.25.origin.primary.method.owner.location.snapshot = "c4915b8b6b48b5fd30b04ec506bb895e76e15c8e6e5c43cb2a7e6602e2f05c7c"
methods.1.outcome.report.source_map.segments.25.origin.primary.method.owner.variant.kind = "base"
methods.1.outcome.report.source_map.segments.25.origin.primary.provenance = "Direct"
methods.1.outcome.report.source_map.segments.25.start = 577
methods.1.outcome.report.source_map.segments.26.end = 618
methods.1.outcome.report.source_map.segments.26.origin.derived = []
methods.1.outcome.report.source_map.segments.26.origin.primary.bci = 35
methods.1.outcome.report.source_map.segments.26.origin.primary.cp = null
methods.1.outcome.report.source_map.segments.26.origin.primary.method.descriptor = [40,76,106,97,118,97,47,105,111,47,79,117,116,112,117,116,83,116,114,101,97,109,59,41,86]
methods.1.outcome.report.source_map.segments.26.origin.primary.method.name = [116,101,115,116]
methods.1.outcome.report.source_map.segments.26.origin.primary.method.owner.class_bytes.digest = "c4915b8b6b48b5fd30b04ec506bb895e76e15c8e6e5c43cb2a7e6602e2f05c7c"
methods.1.outcome.report.source_map.segments.26.origin.primary.method.owner.class_bytes.length = 1926
methods.1.outcome.report.source_map.segments.26.origin.primary.method.owner.location.kind = "standalone_root"
methods.1.outcome.report.source_map.segments.26.origin.primary.method.owner.location.snapshot = "c4915b8b6b48b5fd30b04ec506bb895e76e15c8e6e5c43cb2a7e6602e2f05c7c"
methods.1.outcome.report.source_map.segments.26.origin.primary.method.owner.variant.kind = "base"
methods.1.outcome.report.source_map.segments.26.origin.primary.provenance = "Direct"
methods.1.outcome.report.source_map.segments.26.start = 612
methods.1.outcome.report.source_map.segments.27.end = 627
methods.1.outcome.report.source_map.segments.27.origin.derived = []
methods.1.outcome.report.source_map.segments.27.origin.primary.bci = 37
methods.1.outcome.report.source_map.segments.27.origin.primary.cp = null
methods.1.outcome.report.source_map.segments.27.origin.primary.method.descriptor = [40,76,106,97,118,97,47,105,111,47,79,117,116,112,117,116,83,116,114,101,97,109,59,41,86]
methods.1.outcome.report.source_map.segments.27.origin.primary.method.name = [116,101,115,116]
methods.1.outcome.report.source_map.segments.27.origin.primary.method.owner.class_bytes.digest = "c4915b8b6b48b5fd30b04ec506bb895e76e15c8e6e5c43cb2a7e6602e2f05c7c"
methods.1.outcome.report.source_map.segments.27.origin.primary.method.owner.class_bytes.length = 1926
methods.1.outcome.report.source_map.segments.27.origin.primary.method.owner.location.kind = "standalone_root"
methods.1.outcome.report.source_map.segments.27.origin.primary.method.owner.location.snapshot = "c4915b8b6b48b5fd30b04ec506bb895e76e15c8e6e5c43cb2a7e6602e2f05c7c"
methods.1.outcome.report.source_map.segments.27.origin.primary.method.owner.variant.kind = "base"
methods.1.outcome.report.source_map.segments.27.origin.primary.provenance = "Direct"
methods.1.outcome.report.source_map.segments.27.start = 621
methods.1.outcome.report.source_map.segments.28.end = 627
methods.1.outcome.report.source_map.segments.28.origin.derived.0.bci = 39
methods.1.outcome.report.source_map.segments.28.origin.derived.0.cp = null
methods.1.outcome.report.source_map.segments.28.origin.derived.0.method.descriptor = [40,76,106,97,118,97,47,105,111,47,79,117,116,112,117,116,83,116,114,101,97,109,59,41,86]
methods.1.outcome.report.source_map.segments.28.origin.derived.0.method.name = [116,101,115,116]
methods.1.outcome.report.source_map.segments.28.origin.derived.0.method.owner.class_bytes.digest = "c4915b8b6b48b5fd30b04ec506bb895e76e15c8e6e5c43cb2a7e6602e2f05c7c"
methods.1.outcome.report.source_map.segments.28.origin.derived.0.method.owner.class_bytes.length = 1926
methods.1.outcome.report.source_map.segments.28.origin.derived.0.method.owner.location.kind = "standalone_root"
methods.1.outcome.report.source_map.segments.28.origin.derived.0.method.owner.location.snapshot = "c4915b8b6b48b5fd30b04ec506bb895e76e15c8e6e5c43cb2a7e6602e2f05c7c"
methods.1.outcome.report.source_map.segments.28.origin.derived.0.method.owner.variant.kind = "base"
methods.1.outcome.report.source_map.segments.28.origin.derived.0.provenance = "Derived"
methods.1.outcome.report.source_map.segments.28.origin.primary.bci = 35
methods.1.outcome.report.source_map.segments.28.origin.primary.cp = null
methods.1.outcome.report.source_map.segments.28.origin.primary.method.descriptor = [40,76,106,97,118,97,47,105,111,47,79,117,116,112,117,116,83,116,114,101,97,109,59,41,86]
methods.1.outcome.report.source_map.segments.28.origin.primary.method.name = [116,101,115,116]
methods.1.outcome.report.source_map.segments.28.origin.primary.method.owner.class_bytes.digest = "c4915b8b6b48b5fd30b04ec506bb895e76e15c8e6e5c43cb2a7e6602e2f05c7c"
methods.1.outcome.report.source_map.segments.28.origin.primary.method.owner.class_bytes.length = 1926
methods.1.outcome.report.source_map.segments.28.origin.primary.method.owner.location.kind = "standalone_root"
methods.1.outcome.report.source_map.segments.28.origin.primary.method.owner.location.snapshot = "c4915b8b6b48b5fd30b04ec506bb895e76e15c8e6e5c43cb2a7e6602e2f05c7c"
methods.1.outcome.report.source_map.segments.28.origin.primary.method.owner.variant.kind = "base"
methods.1.outcome.report.source_map.segments.28.origin.primary.provenance = "Direct"
methods.1.outcome.report.source_map.segments.28.start = 612
methods.1.outcome.report.source_map.segments.29.end = 655
methods.1.outcome.report.source_map.segments.29.origin.derived = []
methods.1.outcome.report.source_map.segments.29.origin.primary.bci = 42
methods.1.outcome.report.source_map.segments.29.origin.primary.cp = null
methods.1.outcome.report.source_map.segments.29.origin.primary.method.descriptor = [40,76,106,97,118,97,47,105,111,47,79,117,116,112,117,116,83,116,114,101,97,109,59,41,86]
methods.1.outcome.report.source_map.segments.29.origin.primary.method.name = [116,101,115,116]
methods.1.outcome.report.source_map.segments.29.origin.primary.method.owner.class_bytes.digest = "c4915b8b6b48b5fd30b04ec506bb895e76e15c8e6e5c43cb2a7e6602e2f05c7c"
methods.1.outcome.report.source_map.segments.29.origin.primary.method.owner.class_bytes.length = 1926
methods.1.outcome.report.source_map.segments.29.origin.primary.method.owner.location.kind = "standalone_root"
methods.1.outcome.report.source_map.segments.29.origin.primary.method.owner.location.snapshot = "c4915b8b6b48b5fd30b04ec506bb895e76e15c8e6e5c43cb2a7e6602e2f05c7c"
methods.1.outcome.report.source_map.segments.29.origin.primary.method.owner.variant.kind = "base"
methods.1.outcome.report.source_map.segments.29.origin.primary.provenance = "Direct"
methods.1.outcome.report.source_map.segments.29.start = 649
methods.1.outcome.report.source_map.segments.30.end = 662
methods.1.outcome.report.source_map.segments.30.origin.derived = []
methods.1.outcome.report.source_map.segments.30.origin.primary.bci = 43
methods.1.outcome.report.source_map.segments.30.origin.primary.cp = null
methods.1.outcome.report.source_map.segments.30.origin.primary.method.descriptor = [40,76,106,97,118,97,47,105,111,47,79,117,116,112,117,116,83,116,114,101,97,109,59,41,86]
methods.1.outcome.report.source_map.segments.30.origin.primary.method.name = [116,101,115,116]
methods.1.outcome.report.source_map.segments.30.origin.primary.method.owner.class_bytes.digest = "c4915b8b6b48b5fd30b04ec506bb895e76e15c8e6e5c43cb2a7e6602e2f05c7c"
methods.1.outcome.report.source_map.segments.30.origin.primary.method.owner.class_bytes.length = 1926
methods.1.outcome.report.source_map.segments.30.origin.primary.method.owner.location.kind = "standalone_root"
methods.1.outcome.report.source_map.segments.30.origin.primary.method.owner.location.snapshot = "c4915b8b6b48b5fd30b04ec506bb895e76e15c8e6e5c43cb2a7e6602e2f05c7c"
methods.1.outcome.report.source_map.segments.30.origin.primary.method.owner.variant.kind = "base"
methods.1.outcome.report.source_map.segments.30.origin.primary.provenance = "Direct"
methods.1.outcome.report.source_map.segments.30.start = 656
methods.1.outcome.report.source_map.segments.31.end = 663
methods.1.outcome.report.source_map.segments.31.origin.derived = []
methods.1.outcome.report.source_map.segments.31.origin.primary.bci = 45
methods.1.outcome.report.source_map.segments.31.origin.primary.cp = null
methods.1.outcome.report.source_map.segments.31.origin.primary.method.descriptor = [40,76,106,97,118,97,47,105,111,47,79,117,116,112,117,116,83,116,114,101,97,109,59,41,86]
methods.1.outcome.report.source_map.segments.31.origin.primary.method.name = [116,101,115,116]
methods.1.outcome.report.source_map.segments.31.origin.primary.method.owner.class_bytes.digest = "c4915b8b6b48b5fd30b04ec506bb895e76e15c8e6e5c43cb2a7e6602e2f05c7c"
methods.1.outcome.report.source_map.segments.31.origin.primary.method.owner.class_bytes.length = 1926
methods.1.outcome.report.source_map.segments.31.origin.primary.method.owner.location.kind = "standalone_root"
methods.1.outcome.report.source_map.segments.31.origin.primary.method.owner.location.snapshot = "c4915b8b6b48b5fd30b04ec506bb895e76e15c8e6e5c43cb2a7e6602e2f05c7c"
methods.1.outcome.report.source_map.segments.31.origin.primary.method.owner.variant.kind = "base"
methods.1.outcome.report.source_map.segments.31.origin.primary.provenance = "Direct"
methods.1.outcome.report.source_map.segments.31.start = 649
methods.1.outcome.report.source_map.segments.32.end = 665
methods.1.outcome.report.source_map.segments.32.origin.derived = []
methods.1.outcome.report.source_map.segments.32.origin.primary.bci = 46
methods.1.outcome.report.source_map.segments.32.origin.primary.cp = null
methods.1.outcome.report.source_map.segments.32.origin.primary.method.descriptor = [40,76,106,97,118,97,47,105,111,47,79,117,116,112,117,116,83,116,114,101,97,109,59,41,86]
methods.1.outcome.report.source_map.segments.32.origin.primary.method.name = [116,101,115,116]
methods.1.outcome.report.source_map.segments.32.origin.primary.method.owner.class_bytes.digest = "c4915b8b6b48b5fd30b04ec506bb895e76e15c8e6e5c43cb2a7e6602e2f05c7c"
methods.1.outcome.report.source_map.segments.32.origin.primary.method.owner.class_bytes.length = 1926
methods.1.outcome.report.source_map.segments.32.origin.primary.method.owner.location.kind = "standalone_root"
methods.1.outcome.report.source_map.segments.32.origin.primary.method.owner.location.snapshot = "c4915b8b6b48b5fd30b04ec506bb895e76e15c8e6e5c43cb2a7e6602e2f05c7c"
methods.1.outcome.report.source_map.segments.32.origin.primary.method.owner.variant.kind = "base"
methods.1.outcome.report.source_map.segments.32.origin.primary.provenance = "Direct"
methods.1.outcome.report.source_map.segments.32.start = 631
methods.1.outcome.report.source_map.segments.33.end = 681
methods.1.outcome.report.source_map.segments.33.origin.derived = []
methods.1.outcome.report.source_map.segments.33.origin.primary.bci = 48
methods.1.outcome.report.source_map.segments.33.origin.primary.cp = null
methods.1.outcome.report.source_map.segments.33.origin.primary.method.descriptor = [40,76,106,97,118,97,47,105,111,47,79,117,116,112,117,116,83,116,114,101,97,109,59,41,86]
methods.1.outcome.report.source_map.segments.33.origin.primary.method.name = [116,101,115,116]
methods.1.outcome.report.source_map.segments.33.origin.primary.method.owner.class_bytes.digest = "c4915b8b6b48b5fd30b04ec506bb895e76e15c8e6e5c43cb2a7e6602e2f05c7c"
methods.1.outcome.report.source_map.segments.33.origin.primary.method.owner.class_bytes.length = 1926
methods.1.outcome.report.source_map.segments.33.origin.primary.method.owner.location.kind = "standalone_root"
methods.1.outcome.report.source_map.segments.33.origin.primary.method.owner.location.snapshot = "c4915b8b6b48b5fd30b04ec506bb895e76e15c8e6e5c43cb2a7e6602e2f05c7c"
methods.1.outcome.report.source_map.segments.33.origin.primary.method.owner.variant.kind = "base"
methods.1.outcome.report.source_map.segments.33.origin.primary.provenance = "Direct"
methods.1.outcome.report.source_map.segments.33.start = 677
methods.1.outcome.report.source_map.segments.34.end = 697
methods.1.outcome.report.source_map.segments.34.origin.derived = []
methods.1.outcome.report.source_map.segments.34.origin.primary.bci = 49
methods.1.outcome.report.source_map.segments.34.origin.primary.cp = null
methods.1.outcome.report.source_map.segments.34.origin.primary.method.descriptor = [40,76,106,97,118,97,47,105,111,47,79,117,116,112,117,116,83,116,114,101,97,109,59,41,86]
methods.1.outcome.report.source_map.segments.34.origin.primary.method.name = [116,101,115,116]
methods.1.outcome.report.source_map.segments.34.origin.primary.method.owner.class_bytes.digest = "c4915b8b6b48b5fd30b04ec506bb895e76e15c8e6e5c43cb2a7e6602e2f05c7c"
methods.1.outcome.report.source_map.segments.34.origin.primary.method.owner.class_bytes.length = 1926
methods.1.outcome.report.source_map.segments.34.origin.primary.method.owner.location.kind = "standalone_root"
methods.1.outcome.report.source_map.segments.34.origin.primary.method.owner.location.snapshot = "c4915b8b6b48b5fd30b04ec506bb895e76e15c8e6e5c43cb2a7e6602e2f05c7c"
methods.1.outcome.report.source_map.segments.34.origin.primary.method.owner.variant.kind = "base"
methods.1.outcome.report.source_map.segments.34.origin.primary.provenance = "Direct"
methods.1.outcome.report.source_map.segments.34.start = 694
methods.1.outcome.report.source_map.segments.35.end = 721
methods.1.outcome.report.source_map.segments.35.origin.derived = []
methods.1.outcome.report.source_map.segments.35.origin.primary.bci = 50
methods.1.outcome.report.source_map.segments.35.origin.primary.cp = null
methods.1.outcome.report.source_map.segments.35.origin.primary.method.descriptor = [40,76,106,97,118,97,47,105,111,47,79,117,116,112,117,116,83,116,114,101,97,109,59,41,86]
methods.1.outcome.report.source_map.segments.35.origin.primary.method.name = [116,101,115,116]
methods.1.outcome.report.source_map.segments.35.origin.primary.method.owner.class_bytes.digest = "c4915b8b6b48b5fd30b04ec506bb895e76e15c8e6e5c43cb2a7e6602e2f05c7c"
methods.1.outcome.report.source_map.segments.35.origin.primary.method.owner.class_bytes.length = 1926
methods.1.outcome.report.source_map.segments.35.origin.primary.method.owner.location.kind = "standalone_root"
methods.1.outcome.report.source_map.segments.35.origin.primary.method.owner.location.snapshot = "c4915b8b6b48b5fd30b04ec506bb895e76e15c8e6e5c43cb2a7e6602e2f05c7c"
methods.1.outcome.report.source_map.segments.35.origin.primary.method.owner.variant.kind = "base"
methods.1.outcome.report.source_map.segments.35.origin.primary.provenance = "Direct"
methods.1.outcome.report.source_map.segments.35.start = 718
methods.1.outcome.report.source_map.segments.36.end = 731
methods.1.outcome.report.source_map.segments.36.origin.derived = []
methods.1.outcome.report.source_map.segments.36.origin.primary.bci = 52
methods.1.outcome.report.source_map.segments.36.origin.primary.cp = null
methods.1.outcome.report.source_map.segments.36.origin.primary.method.descriptor = [40,76,106,97,118,97,47,105,111,47,79,117,116,112,117,116,83,116,114,101,97,109,59,41,86]
methods.1.outcome.report.source_map.segments.36.origin.primary.method.name = [116,101,115,116]
methods.1.outcome.report.source_map.segments.36.origin.primary.method.owner.class_bytes.digest = "c4915b8b6b48b5fd30b04ec506bb895e76e15c8e6e5c43cb2a7e6602e2f05c7c"
methods.1.outcome.report.source_map.segments.36.origin.primary.method.owner.class_bytes.length = 1926
methods.1.outcome.report.source_map.segments.36.origin.primary.method.owner.location.kind = "standalone_root"
methods.1.outcome.report.source_map.segments.36.origin.primary.method.owner.location.snapshot = "c4915b8b6b48b5fd30b04ec506bb895e76e15c8e6e5c43cb2a7e6602e2f05c7c"
methods.1.outcome.report.source_map.segments.36.origin.primary.method.owner.variant.kind = "base"
methods.1.outcome.report.source_map.segments.36.origin.primary.provenance = "Direct"
methods.1.outcome.report.source_map.segments.36.start = 718
methods.1.outcome.report.source_map.segments.37.end = 731
methods.1.outcome.report.source_map.segments.37.origin.derived.0.bci = 55
methods.1.outcome.report.source_map.segments.37.origin.derived.0.cp = null
methods.1.outcome.report.source_map.segments.37.origin.derived.0.method.descriptor = [40,76,106,97,118,97,47,105,111,47,79,117,116,112,117,116,83,116,114,101,97,109,59,41,86]
methods.1.outcome.report.source_map.segments.37.origin.derived.0.method.name = [116,101,115,116]
methods.1.outcome.report.source_map.segments.37.origin.derived.0.method.owner.class_bytes.digest = "c4915b8b6b48b5fd30b04ec506bb895e76e15c8e6e5c43cb2a7e6602e2f05c7c"
methods.1.outcome.report.source_map.segments.37.origin.derived.0.method.owner.class_bytes.length = 1926
methods.1.outcome.report.source_map.segments.37.origin.derived.0.method.owner.location.kind = "standalone_root"
methods.1.outcome.report.source_map.segments.37.origin.derived.0.method.owner.location.snapshot = "c4915b8b6b48b5fd30b04ec506bb895e76e15c8e6e5c43cb2a7e6602e2f05c7c"
methods.1.outcome.report.source_map.segments.37.origin.derived.0.method.owner.variant.kind = "base"
methods.1.outcome.report.source_map.segments.37.origin.derived.0.provenance = "Derived"
methods.1.outcome.report.source_map.segments.37.origin.primary.bci = 52
methods.1.outcome.report.source_map.segments.37.origin.primary.cp = null
methods.1.outcome.report.source_map.segments.37.origin.primary.method.descriptor = [40,76,106,97,118,97,47,105,111,47,79,117,116,112,117,116,83,116,114,101,97,109,59,41,86]
methods.1.outcome.report.source_map.segments.37.origin.primary.method.name = [116,101,115,116]
methods.1.outcome.report.source_map.segments.37.origin.primary.method.owner.class_bytes.digest = "c4915b8b6b48b5fd30b04ec506bb895e76e15c8e6e5c43cb2a7e6602e2f05c7c"
methods.1.outcome.report.source_map.segments.37.origin.primary.method.owner.class_bytes.length = 1926
methods.1.outcome.report.source_map.segments.37.origin.primary.method.owner.location.kind = "standalone_root"
methods.1.outcome.report.source_map.segments.37.origin.primary.method.owner.location.snapshot = "c4915b8b6b48b5fd30b04ec506bb895e76e15c8e6e5c43cb2a7e6602e2f05c7c"
methods.1.outcome.report.source_map.segments.37.origin.primary.method.owner.variant.kind = "base"
methods.1.outcome.report.source_map.segments.37.origin.primary.provenance = "Direct"
methods.1.outcome.report.source_map.segments.37.start = 699
methods.1.outcome.report.source_map.segments.38.end = 732
methods.1.outcome.report.source_map.segments.38.origin.derived = []
methods.1.outcome.report.source_map.segments.38.origin.primary.bci = 55
methods.1.outcome.report.source_map.segments.38.origin.primary.cp = null
methods.1.outcome.report.source_map.segments.38.origin.primary.method.descriptor = [40,76,106,97,118,97,47,105,111,47,79,117,116,112,117,116,83,116,114,101,97,109,59,41,86]
methods.1.outcome.report.source_map.segments.38.origin.primary.method.name = [116,101,115,116]
methods.1.outcome.report.source_map.segments.38.origin.primary.method.owner.class_bytes.digest = "c4915b8b6b48b5fd30b04ec506bb895e76e15c8e6e5c43cb2a7e6602e2f05c7c"
methods.1.outcome.report.source_map.segments.38.origin.primary.method.owner.class_bytes.length = 1926
methods.1.outcome.report.source_map.segments.38.origin.primary.method.owner.location.kind = "standalone_root"
methods.1.outcome.report.source_map.segments.38.origin.primary.method.owner.location.snapshot = "c4915b8b6b48b5fd30b04ec506bb895e76e15c8e6e5c43cb2a7e6602e2f05c7c"
methods.1.outcome.report.source_map.segments.38.origin.primary.method.owner.variant.kind = "base"
methods.1.outcome.report.source_map.segments.38.origin.primary.provenance = "Direct"
methods.1.outcome.report.source_map.segments.38.start = 677
methods.1.outcome.report.source_map.segments.39.end = 734
methods.1.outcome.report.source_map.segments.39.origin.derived = []
methods.1.outcome.report.source_map.segments.39.origin.primary.bci = 55
methods.1.outcome.report.source_map.segments.39.origin.primary.cp = null
methods.1.outcome.report.source_map.segments.39.origin.primary.method.descriptor = [40,76,106,97,118,97,47,105,111,47,79,117,116,112,117,116,83,116,114,101,97,109,59,41,86]
methods.1.outcome.report.source_map.segments.39.origin.primary.method.name = [116,101,115,116]
methods.1.outcome.report.source_map.segments.39.origin.primary.method.owner.class_bytes.digest = "c4915b8b6b48b5fd30b04ec506bb895e76e15c8e6e5c43cb2a7e6602e2f05c7c"
methods.1.outcome.report.source_map.segments.39.origin.primary.method.owner.class_bytes.length = 1926
methods.1.outcome.report.source_map.segments.39.origin.primary.method.owner.location.kind = "standalone_root"
methods.1.outcome.report.source_map.segments.39.origin.primary.method.owner.location.snapshot = "c4915b8b6b48b5fd30b04ec506bb895e76e15c8e6e5c43cb2a7e6602e2f05c7c"
methods.1.outcome.report.source_map.segments.39.origin.primary.method.owner.variant.kind = "base"
methods.1.outcome.report.source_map.segments.39.origin.primary.provenance = "Direct"
methods.1.outcome.report.source_map.segments.39.start = 665
methods.1.outcome.report.source_map.segments.40.end = 761
methods.1.outcome.report.source_map.segments.40.origin.derived = []
methods.1.outcome.report.source_map.segments.40.origin.primary.bci = 58
methods.1.outcome.report.source_map.segments.40.origin.primary.cp = null
methods.1.outcome.report.source_map.segments.40.origin.primary.method.descriptor = [40,76,106,97,118,97,47,105,111,47,79,117,116,112,117,116,83,116,114,101,97,109,59,41,86]
methods.1.outcome.report.source_map.segments.40.origin.primary.method.name = [116,101,115,116]
methods.1.outcome.report.source_map.segments.40.origin.primary.method.owner.class_bytes.digest = "c4915b8b6b48b5fd30b04ec506bb895e76e15c8e6e5c43cb2a7e6602e2f05c7c"
methods.1.outcome.report.source_map.segments.40.origin.primary.method.owner.class_bytes.length = 1926
methods.1.outcome.report.source_map.segments.40.origin.primary.method.owner.location.kind = "standalone_root"
methods.1.outcome.report.source_map.segments.40.origin.primary.method.owner.location.snapshot = "c4915b8b6b48b5fd30b04ec506bb895e76e15c8e6e5c43cb2a7e6602e2f05c7c"
methods.1.outcome.report.source_map.segments.40.origin.primary.method.owner.variant.kind = "base"
methods.1.outcome.report.source_map.segments.40.origin.primary.provenance = "Direct"
methods.1.outcome.report.source_map.segments.40.start = 755
methods.1.outcome.report.source_map.segments.41.end = 765
methods.1.outcome.report.source_map.segments.41.origin.derived = []
methods.1.outcome.report.source_map.segments.41.origin.primary.bci = 58
methods.1.outcome.report.source_map.segments.41.origin.primary.cp = null
methods.1.outcome.report.source_map.segments.41.origin.primary.method.descriptor = [40,76,106,97,118,97,47,105,111,47,79,117,116,112,117,116,83,116,114,101,97,109,59,41,86]
methods.1.outcome.report.source_map.segments.41.origin.primary.method.name = [116,101,115,116]
methods.1.outcome.report.source_map.segments.41.origin.primary.method.owner.class_bytes.digest = "c4915b8b6b48b5fd30b04ec506bb895e76e15c8e6e5c43cb2a7e6602e2f05c7c"
methods.1.outcome.report.source_map.segments.41.origin.primary.method.owner.class_bytes.length = 1926
methods.1.outcome.report.source_map.segments.41.origin.primary.method.owner.location.kind = "standalone_root"
methods.1.outcome.report.source_map.segments.41.origin.primary.method.owner.location.snapshot = "c4915b8b6b48b5fd30b04ec506bb895e76e15c8e6e5c43cb2a7e6602e2f05c7c"
methods.1.outcome.report.source_map.segments.41.origin.primary.method.owner.variant.kind = "base"
methods.1.outcome.report.source_map.segments.41.origin.primary.provenance = "Direct"
methods.1.outcome.report.source_map.segments.41.start = 764
methods.1.outcome.report.source_map.segments.42.end = 765
methods.1.outcome.report.source_map.segments.42.origin.derived = []
methods.1.outcome.report.source_map.segments.42.origin.primary.bci = 58
methods.1.outcome.report.source_map.segments.42.origin.primary.cp = null
methods.1.outcome.report.source_map.segments.42.origin.primary.method.descriptor = [40,76,106,97,118,97,47,105,111,47,79,117,116,112,117,116,83,116,114,101,97,109,59,41,86]
methods.1.outcome.report.source_map.segments.42.origin.primary.method.name = [116,101,115,116]
methods.1.outcome.report.source_map.segments.42.origin.primary.method.owner.class_bytes.digest = "c4915b8b6b48b5fd30b04ec506bb895e76e15c8e6e5c43cb2a7e6602e2f05c7c"
methods.1.outcome.report.source_map.segments.42.origin.primary.method.owner.class_bytes.length = 1926
methods.1.outcome.report.source_map.segments.42.origin.primary.method.owner.location.kind = "standalone_root"
methods.1.outcome.report.source_map.segments.42.origin.primary.method.owner.location.snapshot = "c4915b8b6b48b5fd30b04ec506bb895e76e15c8e6e5c43cb2a7e6602e2f05c7c"
methods.1.outcome.report.source_map.segments.42.origin.primary.method.owner.variant.kind = "base"
methods.1.outcome.report.source_map.segments.42.origin.primary.provenance = "Direct"
methods.1.outcome.report.source_map.segments.42.start = 755
methods.1.outcome.report.source_map.segments.43.end = 767
methods.1.outcome.report.source_map.segments.43.origin.derived = []
methods.1.outcome.report.source_map.segments.43.origin.primary.bci = 58
methods.1.outcome.report.source_map.segments.43.origin.primary.cp = null
methods.1.outcome.report.source_map.segments.43.origin.primary.method.descriptor = [40,76,106,97,118,97,47,105,111,47,79,117,116,112,117,116,83,116,114,101,97,109,59,41,86]
methods.1.outcome.report.source_map.segments.43.origin.primary.method.name = [116,101,115,116]
methods.1.outcome.report.source_map.segments.43.origin.primary.method.owner.class_bytes.digest = "c4915b8b6b48b5fd30b04ec506bb895e76e15c8e6e5c43cb2a7e6602e2f05c7c"
methods.1.outcome.report.source_map.segments.43.origin.primary.method.owner.class_bytes.length = 1926
methods.1.outcome.report.source_map.segments.43.origin.primary.method.owner.location.kind = "standalone_root"
methods.1.outcome.report.source_map.segments.43.origin.primary.method.owner.location.snapshot = "c4915b8b6b48b5fd30b04ec506bb895e76e15c8e6e5c43cb2a7e6602e2f05c7c"
methods.1.outcome.report.source_map.segments.43.origin.primary.method.owner.variant.kind = "base"
methods.1.outcome.report.source_map.segments.43.origin.primary.provenance = "Direct"
methods.1.outcome.report.source_map.segments.43.start = 734
methods.1.outcome.report.source_map.segments.44.end = 777
methods.1.outcome.report.source_map.segments.44.origin.derived = []
methods.1.outcome.report.source_map.segments.44.origin.primary.bci = 39
methods.1.outcome.report.source_map.segments.44.origin.primary.cp = null
methods.1.outcome.report.source_map.segments.44.origin.primary.method.descriptor = [40,76,106,97,118,97,47,105,111,47,79,117,116,112,117,116,83,116,114,101,97,109,59,41,86]
methods.1.outcome.report.source_map.segments.44.origin.primary.method.name = [116,101,115,116]
methods.1.outcome.report.source_map.segments.44.origin.primary.method.owner.class_bytes.digest = "c4915b8b6b48b5fd30b04ec506bb895e76e15c8e6e5c43cb2a7e6602e2f05c7c"
methods.1.outcome.report.source_map.segments.44.origin.primary.method.owner.class_bytes.length = 1926
methods.1.outcome.report.source_map.segments.44.origin.primary.method.owner.location.kind = "standalone_root"
methods.1.outcome.report.source_map.segments.44.origin.primary.method.owner.location.snapshot = "c4915b8b6b48b5fd30b04ec506bb895e76e15c8e6e5c43cb2a7e6602e2f05c7c"
methods.1.outcome.report.source_map.segments.44.origin.primary.method.owner.variant.kind = "base"
methods.1.outcome.report.source_map.segments.44.origin.primary.provenance = "Direct"
methods.1.outcome.report.source_map.segments.44.start = 597
methods.1.outcome.report.source_map.segments.45.end = 798
methods.1.outcome.report.source_map.segments.45.origin.derived = []
methods.1.outcome.report.source_map.segments.45.origin.primary.bci = 64
methods.1.outcome.report.source_map.segments.45.origin.primary.cp = null
methods.1.outcome.report.source_map.segments.45.origin.primary.method.descriptor = [40,76,106,97,118,97,47,105,111,47,79,117,116,112,117,116,83,116,114,101,97,109,59,41,86]
methods.1.outcome.report.source_map.segments.45.origin.primary.method.name = [116,101,115,116]
methods.1.outcome.report.source_map.segments.45.origin.primary.method.owner.class_bytes.digest = "c4915b8b6b48b5fd30b04ec506bb895e76e15c8e6e5c43cb2a7e6602e2f05c7c"
methods.1.outcome.report.source_map.segments.45.origin.primary.method.owner.class_bytes.length = 1926
methods.1.outcome.report.source_map.segments.45.origin.primary.method.owner.location.kind = "standalone_root"
methods.1.outcome.report.source_map.segments.45.origin.primary.method.owner.location.snapshot = "c4915b8b6b48b5fd30b04ec506bb895e76e15c8e6e5c43cb2a7e6602e2f05c7c"
methods.1.outcome.report.source_map.segments.45.origin.primary.method.owner.variant.kind = "base"
methods.1.outcome.report.source_map.segments.45.origin.primary.provenance = "Direct"
methods.1.outcome.report.source_map.segments.45.start = 794
methods.1.outcome.report.source_map.segments.46.end = 806
methods.1.outcome.report.source_map.segments.46.origin.derived = []
methods.1.outcome.report.source_map.segments.46.origin.primary.bci = 65
methods.1.outcome.report.source_map.segments.46.origin.primary.cp = null
methods.1.outcome.report.source_map.segments.46.origin.primary.method.descriptor = [40,76,106,97,118,97,47,105,111,47,79,117,116,112,117,116,83,116,114,101,97,109,59,41,86]
methods.1.outcome.report.source_map.segments.46.origin.primary.method.name = [116,101,115,116]
methods.1.outcome.report.source_map.segments.46.origin.primary.method.owner.class_bytes.digest = "c4915b8b6b48b5fd30b04ec506bb895e76e15c8e6e5c43cb2a7e6602e2f05c7c"
methods.1.outcome.report.source_map.segments.46.origin.primary.method.owner.class_bytes.length = 1926
methods.1.outcome.report.source_map.segments.46.origin.primary.method.owner.location.kind = "standalone_root"
methods.1.outcome.report.source_map.segments.46.origin.primary.method.owner.location.snapshot = "c4915b8b6b48b5fd30b04ec506bb895e76e15c8e6e5c43cb2a7e6602e2f05c7c"
methods.1.outcome.report.source_map.segments.46.origin.primary.method.owner.variant.kind = "base"
methods.1.outcome.report.source_map.segments.46.origin.primary.provenance = "Direct"
methods.1.outcome.report.source_map.segments.46.start = 794
methods.1.outcome.report.source_map.segments.47.end = 808
methods.1.outcome.report.source_map.segments.47.origin.derived = []
methods.1.outcome.report.source_map.segments.47.origin.primary.bci = 68
methods.1.outcome.report.source_map.segments.47.origin.primary.cp = null
methods.1.outcome.report.source_map.segments.47.origin.primary.method.descriptor = [40,76,106,97,118,97,47,105,111,47,79,117,116,112,117,116,83,116,114,101,97,109,59,41,86]
methods.1.outcome.report.source_map.segments.47.origin.primary.method.name = [116,101,115,116]
methods.1.outcome.report.source_map.segments.47.origin.primary.method.owner.class_bytes.digest = "c4915b8b6b48b5fd30b04ec506bb895e76e15c8e6e5c43cb2a7e6602e2f05c7c"
methods.1.outcome.report.source_map.segments.47.origin.primary.method.owner.class_bytes.length = 1926
methods.1.outcome.report.source_map.segments.47.origin.primary.method.owner.location.kind = "standalone_root"
methods.1.outcome.report.source_map.segments.47.origin.primary.method.owner.location.snapshot = "c4915b8b6b48b5fd30b04ec506bb895e76e15c8e6e5c43cb2a7e6602e2f05c7c"
methods.1.outcome.report.source_map.segments.47.origin.primary.method.owner.variant.kind = "base"
methods.1.outcome.report.source_map.segments.47.origin.primary.provenance = "Direct"
methods.1.outcome.report.source_map.segments.47.start = 777
methods.1.outcome.report.source_map.segments.48.end = 831
methods.1.outcome.report.source_map.segments.48.origin.derived = []
methods.1.outcome.report.source_map.segments.48.origin.primary.bci = 69
methods.1.outcome.report.source_map.segments.48.origin.primary.cp = null
methods.1.outcome.report.source_map.segments.48.origin.primary.method.descriptor = [40,76,106,97,118,97,47,105,111,47,79,117,116,112,117,116,83,116,114,101,97,109,59,41,86]
methods.1.outcome.report.source_map.segments.48.origin.primary.method.name = [116,101,115,116]
methods.1.outcome.report.source_map.segments.48.origin.primary.method.owner.class_bytes.digest = "c4915b8b6b48b5fd30b04ec506bb895e76e15c8e6e5c43cb2a7e6602e2f05c7c"
methods.1.outcome.report.source_map.segments.48.origin.primary.method.owner.class_bytes.length = 1926
methods.1.outcome.report.source_map.segments.48.origin.primary.method.owner.location.kind = "standalone_root"
methods.1.outcome.report.source_map.segments.48.origin.primary.method.owner.location.snapshot = "c4915b8b6b48b5fd30b04ec506bb895e76e15c8e6e5c43cb2a7e6602e2f05c7c"
methods.1.outcome.report.source_map.segments.48.origin.primary.method.owner.variant.kind = "base"
methods.1.outcome.report.source_map.segments.48.origin.primary.provenance = "Direct"
methods.1.outcome.report.source_map.segments.48.start = 825
methods.1.outcome.report.source_map.segments.49.end = 838
methods.1.outcome.report.source_map.segments.49.origin.derived = []
methods.1.outcome.report.source_map.segments.49.origin.primary.bci = 70
methods.1.outcome.report.source_map.segments.49.origin.primary.cp = null
methods.1.outcome.report.source_map.segments.49.origin.primary.method.descriptor = [40,76,106,97,118,97,47,105,111,47,79,117,116,112,117,116,83,116,114,101,97,109,59,41,86]
methods.1.outcome.report.source_map.segments.49.origin.primary.method.name = [116,101,115,116]
methods.1.outcome.report.source_map.segments.49.origin.primary.method.owner.class_bytes.digest = "c4915b8b6b48b5fd30b04ec506bb895e76e15c8e6e5c43cb2a7e6602e2f05c7c"
methods.1.outcome.report.source_map.segments.49.origin.primary.method.owner.class_bytes.length = 1926
methods.1.outcome.report.source_map.segments.49.origin.primary.method.owner.location.kind = "standalone_root"
methods.1.outcome.report.source_map.segments.49.origin.primary.method.owner.location.snapshot = "c4915b8b6b48b5fd30b04ec506bb895e76e15c8e6e5c43cb2a7e6602e2f05c7c"
methods.1.outcome.report.source_map.segments.49.origin.primary.method.owner.variant.kind = "base"
methods.1.outcome.report.source_map.segments.49.origin.primary.provenance = "Direct"
methods.1.outcome.report.source_map.segments.49.start = 825
methods.1.outcome.report.source_map.segments.50.end = 840
methods.1.outcome.report.source_map.segments.50.origin.derived = []
methods.1.outcome.report.source_map.segments.50.origin.primary.bci = 71
methods.1.outcome.report.source_map.segments.50.origin.primary.cp = null
methods.1.outcome.report.source_map.segments.50.origin.primary.method.descriptor = [40,76,106,97,118,97,47,105,111,47,79,117,116,112,117,116,83,116,114,101,97,109,59,41,86]
methods.1.outcome.report.source_map.segments.50.origin.primary.method.name = [116,101,115,116]
methods.1.outcome.report.source_map.segments.50.origin.primary.method.owner.class_bytes.digest = "c4915b8b6b48b5fd30b04ec506bb895e76e15c8e6e5c43cb2a7e6602e2f05c7c"
methods.1.outcome.report.source_map.segments.50.origin.primary.method.owner.class_bytes.length = 1926
methods.1.outcome.report.source_map.segments.50.origin.primary.method.owner.location.kind = "standalone_root"
methods.1.outcome.report.source_map.segments.50.origin.primary.method.owner.location.snapshot = "c4915b8b6b48b5fd30b04ec506bb895e76e15c8e6e5c43cb2a7e6602e2f05c7c"
methods.1.outcome.report.source_map.segments.50.origin.primary.method.owner.variant.kind = "base"
methods.1.outcome.report.source_map.segments.50.origin.primary.provenance = "Direct"
methods.1.outcome.report.source_map.segments.50.start = 808
methods.1.outcome.report.source_map.segments.51.end = 858
methods.1.outcome.report.source_map.segments.51.origin.derived = []
methods.1.outcome.report.source_map.segments.51.origin.primary.bci = 73
methods.1.outcome.report.source_map.segments.51.origin.primary.cp = null
methods.1.outcome.report.source_map.segments.51.origin.primary.method.descriptor = [40,76,106,97,118,97,47,105,111,47,79,117,116,112,117,116,83,116,114,101,97,109,59,41,86]
methods.1.outcome.report.source_map.segments.51.origin.primary.method.name = [116,101,115,116]
methods.1.outcome.report.source_map.segments.51.origin.primary.method.owner.class_bytes.digest = "c4915b8b6b48b5fd30b04ec506bb895e76e15c8e6e5c43cb2a7e6602e2f05c7c"
methods.1.outcome.report.source_map.segments.51.origin.primary.method.owner.class_bytes.length = 1926
methods.1.outcome.report.source_map.segments.51.origin.primary.method.owner.location.kind = "standalone_root"
methods.1.outcome.report.source_map.segments.51.origin.primary.method.owner.location.snapshot = "c4915b8b6b48b5fd30b04ec506bb895e76e15c8e6e5c43cb2a7e6602e2f05c7c"
methods.1.outcome.report.source_map.segments.51.origin.primary.method.owner.variant.kind = "base"
methods.1.outcome.report.source_map.segments.51.origin.primary.provenance = "Direct"
methods.1.outcome.report.source_map.segments.51.start = 857
methods.1.outcome.report.source_map.segments.52.end = 860
methods.1.outcome.report.source_map.segments.52.origin.derived = []
methods.1.outcome.report.source_map.segments.52.origin.primary.bci = 74
methods.1.outcome.report.source_map.segments.52.origin.primary.cp = null
methods.1.outcome.report.source_map.segments.52.origin.primary.method.descriptor = [40,76,106,97,118,97,47,105,111,47,79,117,116,112,117,116,83,116,114,101,97,109,59,41,86]
methods.1.outcome.report.source_map.segments.52.origin.primary.method.name = [116,101,115,116]
methods.1.outcome.report.source_map.segments.52.origin.primary.method.owner.class_bytes.digest = "c4915b8b6b48b5fd30b04ec506bb895e76e15c8e6e5c43cb2a7e6602e2f05c7c"
methods.1.outcome.report.source_map.segments.52.origin.primary.method.owner.class_bytes.length = 1926
methods.1.outcome.report.source_map.segments.52.origin.primary.method.owner.location.kind = "standalone_root"
methods.1.outcome.report.source_map.segments.52.origin.primary.method.owner.location.snapshot = "c4915b8b6b48b5fd30b04ec506bb895e76e15c8e6e5c43cb2a7e6602e2f05c7c"
methods.1.outcome.report.source_map.segments.52.origin.primary.method.owner.variant.kind = "base"
methods.1.outcome.report.source_map.segments.52.origin.primary.provenance = "Direct"
methods.1.outcome.report.source_map.segments.52.start = 840
methods.1.outcome.report.source_map.segments.53.end = 918
methods.1.outcome.report.source_map.segments.53.origin.derived = []
methods.1.outcome.report.source_map.segments.53.origin.primary.bci = 105
methods.1.outcome.report.source_map.segments.53.origin.primary.cp = null
methods.1.outcome.report.source_map.segments.53.origin.primary.method.descriptor = [40,76,106,97,118,97,47,105,111,47,79,117,116,112,117,116,83,116,114,101,97,109,59,41,86]
methods.1.outcome.report.source_map.segments.53.origin.primary.method.name = [116,101,115,116]
methods.1.outcome.report.source_map.segments.53.origin.primary.method.owner.class_bytes.digest = "c4915b8b6b48b5fd30b04ec506bb895e76e15c8e6e5c43cb2a7e6602e2f05c7c"
methods.1.outcome.report.source_map.segments.53.origin.primary.method.owner.class_bytes.length = 1926
methods.1.outcome.report.source_map.segments.53.origin.primary.method.owner.location.kind = "standalone_root"
methods.1.outcome.report.source_map.segments.53.origin.primary.method.owner.location.snapshot = "c4915b8b6b48b5fd30b04ec506bb895e76e15c8e6e5c43cb2a7e6602e2f05c7c"
methods.1.outcome.report.source_map.segments.53.origin.primary.method.owner.variant.kind = "base"
methods.1.outcome.report.source_map.segments.53.origin.primary.provenance = "Direct"
methods.1.outcome.report.source_map.segments.53.start = 860
methods.1.outcome.report.source_map.segments.54.end = 938
methods.1.outcome.report.source_map.segments.54.origin.derived = []
methods.1.outcome.report.source_map.segments.54.origin.primary.bci = 110
methods.1.outcome.report.source_map.segments.54.origin.primary.cp = null
methods.1.outcome.report.source_map.segments.54.origin.primary.method.descriptor = [40,76,106,97,118,97,47,105,111,47,79,117,116,112,117,116,83,116,114,101,97,109,59,41,86]
methods.1.outcome.report.source_map.segments.54.origin.primary.method.name = [116,101,115,116]
methods.1.outcome.report.source_map.segments.54.origin.primary.method.owner.class_bytes.digest = "c4915b8b6b48b5fd30b04ec506bb895e76e15c8e6e5c43cb2a7e6602e2f05c7c"
methods.1.outcome.report.source_map.segments.54.origin.primary.method.owner.class_bytes.length = 1926
methods.1.outcome.report.source_map.segments.54.origin.primary.method.owner.location.kind = "standalone_root"
methods.1.outcome.report.source_map.segments.54.origin.primary.method.owner.location.snapshot = "c4915b8b6b48b5fd30b04ec506bb895e76e15c8e6e5c43cb2a7e6602e2f05c7c"
methods.1.outcome.report.source_map.segments.54.origin.primary.method.owner.variant.kind = "base"
methods.1.outcome.report.source_map.segments.54.origin.primary.provenance = "Direct"
methods.1.outcome.report.source_map.segments.54.start = 918
methods.1.outcome.report.source_map.segments.55.end = 959
methods.1.outcome.report.source_map.segments.55.origin.derived = []
methods.1.outcome.report.source_map.segments.55.origin.primary.bci = 113
methods.1.outcome.report.source_map.segments.55.origin.primary.cp = null
methods.1.outcome.report.source_map.segments.55.origin.primary.method.descriptor = [40,76,106,97,118,97,47,105,111,47,79,117,116,112,117,116,83,116,114,101,97,109,59,41,86]
methods.1.outcome.report.source_map.segments.55.origin.primary.method.name = [116,101,115,116]
methods.1.outcome.report.source_map.segments.55.origin.primary.method.owner.class_bytes.digest = "c4915b8b6b48b5fd30b04ec506bb895e76e15c8e6e5c43cb2a7e6602e2f05c7c"
methods.1.outcome.report.source_map.segments.55.origin.primary.method.owner.class_bytes.length = 1926
methods.1.outcome.report.source_map.segments.55.origin.primary.method.owner.location.kind = "standalone_root"
methods.1.outcome.report.source_map.segments.55.origin.primary.method.owner.location.snapshot = "c4915b8b6b48b5fd30b04ec506bb895e76e15c8e6e5c43cb2a7e6602e2f05c7c"
methods.1.outcome.report.source_map.segments.55.origin.primary.method.owner.variant.kind = "base"
methods.1.outcome.report.source_map.segments.55.origin.primary.provenance = "Direct"
methods.1.outcome.report.source_map.segments.55.start = 938
methods.1.outcome.report.source_map.segments.56.end = 980
methods.1.outcome.report.source_map.segments.56.origin.derived = []
methods.1.outcome.report.source_map.segments.56.origin.primary.bci = 76
methods.1.outcome.report.source_map.segments.56.origin.primary.cp = null
methods.1.outcome.report.source_map.segments.56.origin.primary.method.descriptor = [40,76,106,97,118,97,47,105,111,47,79,117,116,112,117,116,83,116,114,101,97,109,59,41,86]
methods.1.outcome.report.source_map.segments.56.origin.primary.method.name = [116,101,115,116]
methods.1.outcome.report.source_map.segments.56.origin.primary.method.owner.class_bytes.digest = "c4915b8b6b48b5fd30b04ec506bb895e76e15c8e6e5c43cb2a7e6602e2f05c7c"
methods.1.outcome.report.source_map.segments.56.origin.primary.method.owner.class_bytes.length = 1926
methods.1.outcome.report.source_map.segments.56.origin.primary.method.owner.location.kind = "standalone_root"
methods.1.outcome.report.source_map.segments.56.origin.primary.method.owner.location.snapshot = "c4915b8b6b48b5fd30b04ec506bb895e76e15c8e6e5c43cb2a7e6602e2f05c7c"
methods.1.outcome.report.source_map.segments.56.origin.primary.method.owner.variant.kind = "base"
methods.1.outcome.report.source_map.segments.56.origin.primary.provenance = "Direct"
methods.1.outcome.report.source_map.segments.56.start = 974
methods.1.outcome.report.source_map.segments.57.end = 989
methods.1.outcome.report.source_map.segments.57.origin.derived = []
methods.1.outcome.report.source_map.segments.57.origin.primary.bci = 78
methods.1.outcome.report.source_map.segments.57.origin.primary.cp = null
methods.1.outcome.report.source_map.segments.57.origin.primary.method.descriptor = [40,76,106,97,118,97,47,105,111,47,79,117,116,112,117,116,83,116,114,101,97,109,59,41,86]
methods.1.outcome.report.source_map.segments.57.origin.primary.method.name = [116,101,115,116]
methods.1.outcome.report.source_map.segments.57.origin.primary.method.owner.class_bytes.digest = "c4915b8b6b48b5fd30b04ec506bb895e76e15c8e6e5c43cb2a7e6602e2f05c7c"
methods.1.outcome.report.source_map.segments.57.origin.primary.method.owner.class_bytes.length = 1926
methods.1.outcome.report.source_map.segments.57.origin.primary.method.owner.location.kind = "standalone_root"
methods.1.outcome.report.source_map.segments.57.origin.primary.method.owner.location.snapshot = "c4915b8b6b48b5fd30b04ec506bb895e76e15c8e6e5c43cb2a7e6602e2f05c7c"
methods.1.outcome.report.source_map.segments.57.origin.primary.method.owner.variant.kind = "base"
methods.1.outcome.report.source_map.segments.57.origin.primary.provenance = "Direct"
methods.1.outcome.report.source_map.segments.57.start = 983
methods.1.outcome.report.source_map.segments.58.end = 989
methods.1.outcome.report.source_map.segments.58.origin.derived.0.bci = 80
methods.1.outcome.report.source_map.segments.58.origin.derived.0.cp = null
methods.1.outcome.report.source_map.segments.58.origin.derived.0.method.descriptor = [40,76,106,97,118,97,47,105,111,47,79,117,116,112,117,116,83,116,114,101,97,109,59,41,86]
methods.1.outcome.report.source_map.segments.58.origin.derived.0.method.name = [116,101,115,116]
methods.1.outcome.report.source_map.segments.58.origin.derived.0.method.owner.class_bytes.digest = "c4915b8b6b48b5fd30b04ec506bb895e76e15c8e6e5c43cb2a7e6602e2f05c7c"
methods.1.outcome.report.source_map.segments.58.origin.derived.0.method.owner.class_bytes.length = 1926
methods.1.outcome.report.source_map.segments.58.origin.derived.0.method.owner.location.kind = "standalone_root"
methods.1.outcome.report.source_map.segments.58.origin.derived.0.method.owner.location.snapshot = "c4915b8b6b48b5fd30b04ec506bb895e76e15c8e6e5c43cb2a7e6602e2f05c7c"
methods.1.outcome.report.source_map.segments.58.origin.derived.0.method.owner.variant.kind = "base"
methods.1.outcome.report.source_map.segments.58.origin.derived.0.provenance = "Derived"
methods.1.outcome.report.source_map.segments.58.origin.primary.bci = 76
methods.1.outcome.report.source_map.segments.58.origin.primary.cp = null
methods.1.outcome.report.source_map.segments.58.origin.primary.method.descriptor = [40,76,106,97,118,97,47,105,111,47,79,117,116,112,117,116,83,116,114,101,97,109,59,41,86]
methods.1.outcome.report.source_map.segments.58.origin.primary.method.name = [116,101,115,116]
methods.1.outcome.report.source_map.segments.58.origin.primary.method.owner.class_bytes.digest = "c4915b8b6b48b5fd30b04ec506bb895e76e15c8e6e5c43cb2a7e6602e2f05c7c"
methods.1.outcome.report.source_map.segments.58.origin.primary.method.owner.class_bytes.length = 1926
methods.1.outcome.report.source_map.segments.58.origin.primary.method.owner.location.kind = "standalone_root"
methods.1.outcome.report.source_map.segments.58.origin.primary.method.owner.location.snapshot = "c4915b8b6b48b5fd30b04ec506bb895e76e15c8e6e5c43cb2a7e6602e2f05c7c"
methods.1.outcome.report.source_map.segments.58.origin.primary.method.owner.variant.kind = "base"
methods.1.outcome.report.source_map.segments.58.origin.primary.provenance = "Direct"
methods.1.outcome.report.source_map.segments.58.start = 974
methods.1.outcome.report.source_map.segments.59.end = 1017
methods.1.outcome.report.source_map.segments.59.origin.derived = []
methods.1.outcome.report.source_map.segments.59.origin.primary.bci = 83
methods.1.outcome.report.source_map.segments.59.origin.primary.cp = null
methods.1.outcome.report.source_map.segments.59.origin.primary.method.descriptor = [40,76,106,97,118,97,47,105,111,47,79,117,116,112,117,116,83,116,114,101,97,109,59,41,86]
methods.1.outcome.report.source_map.segments.59.origin.primary.method.name = [116,101,115,116]
methods.1.outcome.report.source_map.segments.59.origin.primary.method.owner.class_bytes.digest = "c4915b8b6b48b5fd30b04ec506bb895e76e15c8e6e5c43cb2a7e6602e2f05c7c"
methods.1.outcome.report.source_map.segments.59.origin.primary.method.owner.class_bytes.length = 1926
methods.1.outcome.report.source_map.segments.59.origin.primary.method.owner.location.kind = "standalone_root"
methods.1.outcome.report.source_map.segments.59.origin.primary.method.owner.location.snapshot = "c4915b8b6b48b5fd30b04ec506bb895e76e15c8e6e5c43cb2a7e6602e2f05c7c"
methods.1.outcome.report.source_map.segments.59.origin.primary.method.owner.variant.kind = "base"
methods.1.outcome.report.source_map.segments.59.origin.primary.provenance = "Direct"
methods.1.outcome.report.source_map.segments.59.start = 1011
methods.1.outcome.report.source_map.segments.60.end = 1024
methods.1.outcome.report.source_map.segments.60.origin.derived = []
methods.1.outcome.report.source_map.segments.60.origin.primary.bci = 84
methods.1.outcome.report.source_map.segments.60.origin.primary.cp = null
methods.1.outcome.report.source_map.segments.60.origin.primary.method.descriptor = [40,76,106,97,118,97,47,105,111,47,79,117,116,112,117,116,83,116,114,101,97,109,59,41,86]
methods.1.outcome.report.source_map.segments.60.origin.primary.method.name = [116,101,115,116]
methods.1.outcome.report.source_map.segments.60.origin.primary.method.owner.class_bytes.digest = "c4915b8b6b48b5fd30b04ec506bb895e76e15c8e6e5c43cb2a7e6602e2f05c7c"
methods.1.outcome.report.source_map.segments.60.origin.primary.method.owner.class_bytes.length = 1926
methods.1.outcome.report.source_map.segments.60.origin.primary.method.owner.location.kind = "standalone_root"
methods.1.outcome.report.source_map.segments.60.origin.primary.method.owner.location.snapshot = "c4915b8b6b48b5fd30b04ec506bb895e76e15c8e6e5c43cb2a7e6602e2f05c7c"
methods.1.outcome.report.source_map.segments.60.origin.primary.method.owner.variant.kind = "base"
methods.1.outcome.report.source_map.segments.60.origin.primary.provenance = "Direct"
methods.1.outcome.report.source_map.segments.60.start = 1018
methods.1.outcome.report.source_map.segments.61.end = 1025
methods.1.outcome.report.source_map.segments.61.origin.derived = []
methods.1.outcome.report.source_map.segments.61.origin.primary.bci = 86
methods.1.outcome.report.source_map.segments.61.origin.primary.cp = null
methods.1.outcome.report.source_map.segments.61.origin.primary.method.descriptor = [40,76,106,97,118,97,47,105,111,47,79,117,116,112,117,116,83,116,114,101,97,109,59,41,86]
methods.1.outcome.report.source_map.segments.61.origin.primary.method.name = [116,101,115,116]
methods.1.outcome.report.source_map.segments.61.origin.primary.method.owner.class_bytes.digest = "c4915b8b6b48b5fd30b04ec506bb895e76e15c8e6e5c43cb2a7e6602e2f05c7c"
methods.1.outcome.report.source_map.segments.61.origin.primary.method.owner.class_bytes.length = 1926
methods.1.outcome.report.source_map.segments.61.origin.primary.method.owner.location.kind = "standalone_root"
methods.1.outcome.report.source_map.segments.61.origin.primary.method.owner.location.snapshot = "c4915b8b6b48b5fd30b04ec506bb895e76e15c8e6e5c43cb2a7e6602e2f05c7c"
methods.1.outcome.report.source_map.segments.61.origin.primary.method.owner.variant.kind = "base"
methods.1.outcome.report.source_map.segments.61.origin.primary.provenance = "Direct"
methods.1.outcome.report.source_map.segments.61.start = 1011
methods.1.outcome.report.source_map.segments.62.end = 1027
methods.1.outcome.report.source_map.segments.62.origin.derived = []
methods.1.outcome.report.source_map.segments.62.origin.primary.bci = 87
methods.1.outcome.report.source_map.segments.62.origin.primary.cp = null
methods.1.outcome.report.source_map.segments.62.origin.primary.method.descriptor = [40,76,106,97,118,97,47,105,111,47,79,117,116,112,117,116,83,116,114,101,97,109,59,41,86]
methods.1.outcome.report.source_map.segments.62.origin.primary.method.name = [116,101,115,116]
methods.1.outcome.report.source_map.segments.62.origin.primary.method.owner.class_bytes.digest = "c4915b8b6b48b5fd30b04ec506bb895e76e15c8e6e5c43cb2a7e6602e2f05c7c"
methods.1.outcome.report.source_map.segments.62.origin.primary.method.owner.class_bytes.length = 1926
methods.1.outcome.report.source_map.segments.62.origin.primary.method.owner.location.kind = "standalone_root"
methods.1.outcome.report.source_map.segments.62.origin.primary.method.owner.location.snapshot = "c4915b8b6b48b5fd30b04ec506bb895e76e15c8e6e5c43cb2a7e6602e2f05c7c"
methods.1.outcome.report.source_map.segments.62.origin.primary.method.owner.variant.kind = "base"
methods.1.outcome.report.source_map.segments.62.origin.primary.provenance = "Direct"
methods.1.outcome.report.source_map.segments.62.start = 993
methods.1.outcome.report.source_map.segments.63.end = 1094
methods.1.outcome.report.source_map.segments.63.origin.derived = []
methods.1.outcome.report.source_map.segments.63.origin.primary.bci = 89
methods.1.outcome.report.source_map.segments.63.origin.primary.cp = null
methods.1.outcome.report.source_map.segments.63.origin.primary.method.descriptor = [40,76,106,97,118,97,47,105,111,47,79,117,116,112,117,116,83,116,114,101,97,109,59,41,86]
methods.1.outcome.report.source_map.segments.63.origin.primary.method.name = [116,101,115,116]
methods.1.outcome.report.source_map.segments.63.origin.primary.method.owner.class_bytes.digest = "c4915b8b6b48b5fd30b04ec506bb895e76e15c8e6e5c43cb2a7e6602e2f05c7c"
methods.1.outcome.report.source_map.segments.63.origin.primary.method.owner.class_bytes.length = 1926
methods.1.outcome.report.source_map.segments.63.origin.primary.method.owner.location.kind = "standalone_root"
methods.1.outcome.report.source_map.segments.63.origin.primary.method.owner.location.snapshot = "c4915b8b6b48b5fd30b04ec506bb895e76e15c8e6e5c43cb2a7e6602e2f05c7c"
methods.1.outcome.report.source_map.segments.63.origin.primary.method.owner.variant.kind = "base"
methods.1.outcome.report.source_map.segments.63.origin.primary.provenance = "Direct"
methods.1.outcome.report.source_map.segments.63.start = 1091
methods.1.outcome.report.source_map.segments.64.end = 1107
methods.1.outcome.report.source_map.segments.64.origin.derived = []
methods.1.outcome.report.source_map.segments.64.origin.primary.bci = 91
methods.1.outcome.report.source_map.segments.64.origin.primary.cp = null
methods.1.outcome.report.source_map.segments.64.origin.primary.method.descriptor = [40,76,106,97,118,97,47,105,111,47,79,117,116,112,117,116,83,116,114,101,97,109,59,41,86]
methods.1.outcome.report.source_map.segments.64.origin.primary.method.name = [116,101,115,116]
methods.1.outcome.report.source_map.segments.64.origin.primary.method.owner.class_bytes.digest = "c4915b8b6b48b5fd30b04ec506bb895e76e15c8e6e5c43cb2a7e6602e2f05c7c"
methods.1.outcome.report.source_map.segments.64.origin.primary.method.owner.class_bytes.length = 1926
methods.1.outcome.report.source_map.segments.64.origin.primary.method.owner.location.kind = "standalone_root"
methods.1.outcome.report.source_map.segments.64.origin.primary.method.owner.location.snapshot = "c4915b8b6b48b5fd30b04ec506bb895e76e15c8e6e5c43cb2a7e6602e2f05c7c"
methods.1.outcome.report.source_map.segments.64.origin.primary.method.owner.variant.kind = "base"
methods.1.outcome.report.source_map.segments.64.origin.primary.provenance = "Direct"
methods.1.outcome.report.source_map.segments.64.start = 1091
methods.1.outcome.report.source_map.segments.65.end = 1109
methods.1.outcome.report.source_map.segments.65.origin.derived = []
methods.1.outcome.report.source_map.segments.65.origin.primary.bci = 94
methods.1.outcome.report.source_map.segments.65.origin.primary.cp = null
methods.1.outcome.report.source_map.segments.65.origin.primary.method.descriptor = [40,76,106,97,118,97,47,105,111,47,79,117,116,112,117,116,83,116,114,101,97,109,59,41,86]
methods.1.outcome.report.source_map.segments.65.origin.primary.method.name = [116,101,115,116]
methods.1.outcome.report.source_map.segments.65.origin.primary.method.owner.class_bytes.digest = "c4915b8b6b48b5fd30b04ec506bb895e76e15c8e6e5c43cb2a7e6602e2f05c7c"
methods.1.outcome.report.source_map.segments.65.origin.primary.method.owner.class_bytes.length = 1926
methods.1.outcome.report.source_map.segments.65.origin.primary.method.owner.location.kind = "standalone_root"
methods.1.outcome.report.source_map.segments.65.origin.primary.method.owner.location.snapshot = "c4915b8b6b48b5fd30b04ec506bb895e76e15c8e6e5c43cb2a7e6602e2f05c7c"
methods.1.outcome.report.source_map.segments.65.origin.primary.method.owner.variant.kind = "base"
methods.1.outcome.report.source_map.segments.65.origin.primary.provenance = "Direct"
methods.1.outcome.report.source_map.segments.65.start = 1027
methods.1.outcome.report.source_map.segments.66.end = 1124
methods.1.outcome.report.source_map.segments.66.origin.derived = []
methods.1.outcome.report.source_map.segments.66.origin.primary.bci = 96
methods.1.outcome.report.source_map.segments.66.origin.primary.cp = null
methods.1.outcome.report.source_map.segments.66.origin.primary.method.descriptor = [40,76,106,97,118,97,47,105,111,47,79,117,116,112,117,116,83,116,114,101,97,109,59,41,86]
methods.1.outcome.report.source_map.segments.66.origin.primary.method.name = [116,101,115,116]
methods.1.outcome.report.source_map.segments.66.origin.primary.method.owner.class_bytes.digest = "c4915b8b6b48b5fd30b04ec506bb895e76e15c8e6e5c43cb2a7e6602e2f05c7c"
methods.1.outcome.report.source_map.segments.66.origin.primary.method.owner.class_bytes.length = 1926
methods.1.outcome.report.source_map.segments.66.origin.primary.method.owner.location.kind = "standalone_root"
methods.1.outcome.report.source_map.segments.66.origin.primary.method.owner.location.snapshot = "c4915b8b6b48b5fd30b04ec506bb895e76e15c8e6e5c43cb2a7e6602e2f05c7c"
methods.1.outcome.report.source_map.segments.66.origin.primary.method.owner.variant.kind = "base"
methods.1.outcome.report.source_map.segments.66.origin.primary.provenance = "Direct"
methods.1.outcome.report.source_map.segments.66.start = 1121
methods.1.outcome.report.source_map.segments.67.end = 1142
methods.1.outcome.report.source_map.segments.67.origin.derived = []
methods.1.outcome.report.source_map.segments.67.origin.primary.bci = 97
methods.1.outcome.report.source_map.segments.67.origin.primary.cp = null
methods.1.outcome.report.source_map.segments.67.origin.primary.method.descriptor = [40,76,106,97,118,97,47,105,111,47,79,117,116,112,117,116,83,116,114,101,97,109,59,41,86]
methods.1.outcome.report.source_map.segments.67.origin.primary.method.name = [116,101,115,116]
methods.1.outcome.report.source_map.segments.67.origin.primary.method.owner.class_bytes.digest = "c4915b8b6b48b5fd30b04ec506bb895e76e15c8e6e5c43cb2a7e6602e2f05c7c"
methods.1.outcome.report.source_map.segments.67.origin.primary.method.owner.class_bytes.length = 1926
methods.1.outcome.report.source_map.segments.67.origin.primary.method.owner.location.kind = "standalone_root"
methods.1.outcome.report.source_map.segments.67.origin.primary.method.owner.location.snapshot = "c4915b8b6b48b5fd30b04ec506bb895e76e15c8e6e5c43cb2a7e6602e2f05c7c"
methods.1.outcome.report.source_map.segments.67.origin.primary.method.owner.variant.kind = "base"
methods.1.outcome.report.source_map.segments.67.origin.primary.provenance = "Direct"
methods.1.outcome.report.source_map.segments.67.start = 1135
methods.1.outcome.report.source_map.segments.68.end = 1149
methods.1.outcome.report.source_map.segments.68.origin.derived = []
methods.1.outcome.report.source_map.segments.68.origin.primary.bci = 99
methods.1.outcome.report.source_map.segments.68.origin.primary.cp = null
methods.1.outcome.report.source_map.segments.68.origin.primary.method.descriptor = [40,76,106,97,118,97,47,105,111,47,79,117,116,112,117,116,83,116,114,101,97,109,59,41,86]
methods.1.outcome.report.source_map.segments.68.origin.primary.method.name = [116,101,115,116]
methods.1.outcome.report.source_map.segments.68.origin.primary.method.owner.class_bytes.digest = "c4915b8b6b48b5fd30b04ec506bb895e76e15c8e6e5c43cb2a7e6602e2f05c7c"
methods.1.outcome.report.source_map.segments.68.origin.primary.method.owner.class_bytes.length = 1926
methods.1.outcome.report.source_map.segments.68.origin.primary.method.owner.location.kind = "standalone_root"
methods.1.outcome.report.source_map.segments.68.origin.primary.method.owner.location.snapshot = "c4915b8b6b48b5fd30b04ec506bb895e76e15c8e6e5c43cb2a7e6602e2f05c7c"
methods.1.outcome.report.source_map.segments.68.origin.primary.method.owner.variant.kind = "base"
methods.1.outcome.report.source_map.segments.68.origin.primary.provenance = "Direct"
methods.1.outcome.report.source_map.segments.68.start = 1135
methods.1.outcome.report.source_map.segments.69.end = 1150
methods.1.outcome.report.source_map.segments.69.origin.derived = []
methods.1.outcome.report.source_map.segments.69.origin.primary.bci = 100
methods.1.outcome.report.source_map.segments.69.origin.primary.cp = null
methods.1.outcome.report.source_map.segments.69.origin.primary.method.descriptor = [40,76,106,97,118,97,47,105,111,47,79,117,116,112,117,116,83,116,114,101,97,109,59,41,86]
methods.1.outcome.report.source_map.segments.69.origin.primary.method.name = [116,101,115,116]
methods.1.outcome.report.source_map.segments.69.origin.primary.method.owner.class_bytes.digest = "c4915b8b6b48b5fd30b04ec506bb895e76e15c8e6e5c43cb2a7e6602e2f05c7c"
methods.1.outcome.report.source_map.segments.69.origin.primary.method.owner.class_bytes.length = 1926
methods.1.outcome.report.source_map.segments.69.origin.primary.method.owner.location.kind = "standalone_root"
methods.1.outcome.report.source_map.segments.69.origin.primary.method.owner.location.snapshot = "c4915b8b6b48b5fd30b04ec506bb895e76e15c8e6e5c43cb2a7e6602e2f05c7c"
methods.1.outcome.report.source_map.segments.69.origin.primary.method.owner.variant.kind = "base"
methods.1.outcome.report.source_map.segments.69.origin.primary.provenance = "Direct"
methods.1.outcome.report.source_map.segments.69.start = 1121
methods.1.outcome.report.source_map.segments.70.end = 1152
methods.1.outcome.report.source_map.segments.70.origin.derived = []
methods.1.outcome.report.source_map.segments.70.origin.primary.bci = 100
methods.1.outcome.report.source_map.segments.70.origin.primary.cp = null
methods.1.outcome.report.source_map.segments.70.origin.primary.method.descriptor = [40,76,106,97,118,97,47,105,111,47,79,117,116,112,117,116,83,116,114,101,97,109,59,41,86]
methods.1.outcome.report.source_map.segments.70.origin.primary.method.name = [116,101,115,116]
methods.1.outcome.report.source_map.segments.70.origin.primary.method.owner.class_bytes.digest = "c4915b8b6b48b5fd30b04ec506bb895e76e15c8e6e5c43cb2a7e6602e2f05c7c"
methods.1.outcome.report.source_map.segments.70.origin.primary.method.owner.class_bytes.length = 1926
methods.1.outcome.report.source_map.segments.70.origin.primary.method.owner.location.kind = "standalone_root"
methods.1.outcome.report.source_map.segments.70.origin.primary.method.owner.location.snapshot = "c4915b8b6b48b5fd30b04ec506bb895e76e15c8e6e5c43cb2a7e6602e2f05c7c"
methods.1.outcome.report.source_map.segments.70.origin.primary.method.owner.variant.kind = "base"
methods.1.outcome.report.source_map.segments.70.origin.primary.provenance = "Direct"
methods.1.outcome.report.source_map.segments.70.start = 1109
methods.1.outcome.report.source_map.segments.71.end = 1180
methods.1.outcome.report.source_map.segments.71.origin.derived = []
methods.1.outcome.report.source_map.segments.71.origin.primary.bci = 103
methods.1.outcome.report.source_map.segments.71.origin.primary.cp = null
methods.1.outcome.report.source_map.segments.71.origin.primary.method.descriptor = [40,76,106,97,118,97,47,105,111,47,79,117,116,112,117,116,83,116,114,101,97,109,59,41,86]
methods.1.outcome.report.source_map.segments.71.origin.primary.method.name = [116,101,115,116]
methods.1.outcome.report.source_map.segments.71.origin.primary.method.owner.class_bytes.digest = "c4915b8b6b48b5fd30b04ec506bb895e76e15c8e6e5c43cb2a7e6602e2f05c7c"
methods.1.outcome.report.source_map.segments.71.origin.primary.method.owner.class_bytes.length = 1926
methods.1.outcome.report.source_map.segments.71.origin.primary.method.owner.location.kind = "standalone_root"
methods.1.outcome.report.source_map.segments.71.origin.primary.method.owner.location.snapshot = "c4915b8b6b48b5fd30b04ec506bb895e76e15c8e6e5c43cb2a7e6602e2f05c7c"
methods.1.outcome.report.source_map.segments.71.origin.primary.method.owner.variant.kind = "base"
methods.1.outcome.report.source_map.segments.71.origin.primary.provenance = "Direct"
methods.1.outcome.report.source_map.segments.71.start = 1173
methods.1.outcome.report.source_map.segments.72.end = 1182
methods.1.outcome.report.source_map.segments.72.origin.derived = []
methods.1.outcome.report.source_map.segments.72.origin.primary.bci = 105
methods.1.outcome.report.source_map.segments.72.origin.primary.cp = null
methods.1.outcome.report.source_map.segments.72.origin.primary.method.descriptor = [40,76,106,97,118,97,47,105,111,47,79,117,116,112,117,116,83,116,114,101,97,109,59,41,86]
methods.1.outcome.report.source_map.segments.72.origin.primary.method.name = [116,101,115,116]
methods.1.outcome.report.source_map.segments.72.origin.primary.method.owner.class_bytes.digest = "c4915b8b6b48b5fd30b04ec506bb895e76e15c8e6e5c43cb2a7e6602e2f05c7c"
methods.1.outcome.report.source_map.segments.72.origin.primary.method.owner.class_bytes.length = 1926
methods.1.outcome.report.source_map.segments.72.origin.primary.method.owner.location.kind = "standalone_root"
methods.1.outcome.report.source_map.segments.72.origin.primary.method.owner.location.snapshot = "c4915b8b6b48b5fd30b04ec506bb895e76e15c8e6e5c43cb2a7e6602e2f05c7c"
methods.1.outcome.report.source_map.segments.72.origin.primary.method.owner.variant.kind = "base"
methods.1.outcome.report.source_map.segments.72.origin.primary.provenance = "Direct"
methods.1.outcome.report.source_map.segments.72.start = 1152
methods.1.outcome.report.source_map.segments.73.end = 1209
methods.1.outcome.report.source_map.segments.73.origin.derived = []
methods.1.outcome.report.source_map.segments.73.origin.primary.bci = 107
methods.1.outcome.report.source_map.segments.73.origin.primary.cp = null
methods.1.outcome.report.source_map.segments.73.origin.primary.method.descriptor = [40,76,106,97,118,97,47,105,111,47,79,117,116,112,117,116,83,116,114,101,97,109,59,41,86]
methods.1.outcome.report.source_map.segments.73.origin.primary.method.name = [116,101,115,116]
methods.1.outcome.report.source_map.segments.73.origin.primary.method.owner.class_bytes.digest = "c4915b8b6b48b5fd30b04ec506bb895e76e15c8e6e5c43cb2a7e6602e2f05c7c"
methods.1.outcome.report.source_map.segments.73.origin.primary.method.owner.class_bytes.length = 1926
methods.1.outcome.report.source_map.segments.73.origin.primary.method.owner.location.kind = "standalone_root"
methods.1.outcome.report.source_map.segments.73.origin.primary.method.owner.location.snapshot = "c4915b8b6b48b5fd30b04ec506bb895e76e15c8e6e5c43cb2a7e6602e2f05c7c"
methods.1.outcome.report.source_map.segments.73.origin.primary.method.owner.variant.kind = "base"
methods.1.outcome.report.source_map.segments.73.origin.primary.provenance = "Direct"
methods.1.outcome.report.source_map.segments.73.start = 1203
methods.1.outcome.report.source_map.segments.74.end = 1216
methods.1.outcome.report.source_map.segments.74.origin.derived = []
methods.1.outcome.report.source_map.segments.74.origin.primary.bci = 109
methods.1.outcome.report.source_map.segments.74.origin.primary.cp = null
methods.1.outcome.report.source_map.segments.74.origin.primary.method.descriptor = [40,76,106,97,118,97,47,105,111,47,79,117,116,112,117,116,83,116,114,101,97,109,59,41,86]
methods.1.outcome.report.source_map.segments.74.origin.primary.method.name = [116,101,115,116]
methods.1.outcome.report.source_map.segments.74.origin.primary.method.owner.class_bytes.digest = "c4915b8b6b48b5fd30b04ec506bb895e76e15c8e6e5c43cb2a7e6602e2f05c7c"
methods.1.outcome.report.source_map.segments.74.origin.primary.method.owner.class_bytes.length = 1926
methods.1.outcome.report.source_map.segments.74.origin.primary.method.owner.location.kind = "standalone_root"
methods.1.outcome.report.source_map.segments.74.origin.primary.method.owner.location.snapshot = "c4915b8b6b48b5fd30b04ec506bb895e76e15c8e6e5c43cb2a7e6602e2f05c7c"
methods.1.outcome.report.source_map.segments.74.origin.primary.method.owner.variant.kind = "base"
methods.1.outcome.report.source_map.segments.74.origin.primary.provenance = "Direct"
methods.1.outcome.report.source_map.segments.74.start = 1203
methods.1.outcome.report.source_map.segments.75.end = 1218
methods.1.outcome.report.source_map.segments.75.origin.derived = []
methods.1.outcome.report.source_map.segments.75.origin.primary.bci = 110
methods.1.outcome.report.source_map.segments.75.origin.primary.cp = null
methods.1.outcome.report.source_map.segments.75.origin.primary.method.descriptor = [40,76,106,97,118,97,47,105,111,47,79,117,116,112,117,116,83,116,114,101,97,109,59,41,86]
methods.1.outcome.report.source_map.segments.75.origin.primary.method.name = [116,101,115,116]
methods.1.outcome.report.source_map.segments.75.origin.primary.method.owner.class_bytes.digest = "c4915b8b6b48b5fd30b04ec506bb895e76e15c8e6e5c43cb2a7e6602e2f05c7c"
methods.1.outcome.report.source_map.segments.75.origin.primary.method.owner.class_bytes.length = 1926
methods.1.outcome.report.source_map.segments.75.origin.primary.method.owner.location.kind = "standalone_root"
methods.1.outcome.report.source_map.segments.75.origin.primary.method.owner.location.snapshot = "c4915b8b6b48b5fd30b04ec506bb895e76e15c8e6e5c43cb2a7e6602e2f05c7c"
methods.1.outcome.report.source_map.segments.75.origin.primary.method.owner.variant.kind = "base"
methods.1.outcome.report.source_map.segments.75.origin.primary.provenance = "Direct"
methods.1.outcome.report.source_map.segments.75.start = 1182
methods.1.outcome.report.source_map.segments.76.end = 1246
methods.1.outcome.report.source_map.segments.76.origin.derived = []
methods.1.outcome.report.source_map.segments.76.origin.primary.bci = 112
methods.1.outcome.report.source_map.segments.76.origin.primary.cp = null
methods.1.outcome.report.source_map.segments.76.origin.primary.method.descriptor = [40,76,106,97,118,97,47,105,111,47,79,117,116,112,117,116,83,116,114,101,97,109,59,41,86]
methods.1.outcome.report.source_map.segments.76.origin.primary.method.name = [116,101,115,116]
methods.1.outcome.report.source_map.segments.76.origin.primary.method.owner.class_bytes.digest = "c4915b8b6b48b5fd30b04ec506bb895e76e15c8e6e5c43cb2a7e6602e2f05c7c"
methods.1.outcome.report.source_map.segments.76.origin.primary.method.owner.class_bytes.length = 1926
methods.1.outcome.report.source_map.segments.76.origin.primary.method.owner.location.kind = "standalone_root"
methods.1.outcome.report.source_map.segments.76.origin.primary.method.owner.location.snapshot = "c4915b8b6b48b5fd30b04ec506bb895e76e15c8e6e5c43cb2a7e6602e2f05c7c"
methods.1.outcome.report.source_map.segments.76.origin.primary.method.owner.variant.kind = "base"
methods.1.outcome.report.source_map.segments.76.origin.primary.provenance = "Direct"
methods.1.outcome.report.source_map.segments.76.start = 1245
methods.1.outcome.report.source_map.segments.77.end = 1246
methods.1.outcome.report.source_map.segments.77.origin.derived = []
methods.1.outcome.report.source_map.segments.77.origin.primary.bci = 113
methods.1.outcome.report.source_map.segments.77.origin.primary.cp = null
methods.1.outcome.report.source_map.segments.77.origin.primary.method.descriptor = [40,76,106,97,118,97,47,105,111,47,79,117,116,112,117,116,83,116,114,101,97,109,59,41,86]
methods.1.outcome.report.source_map.segments.77.origin.primary.method.name = [116,101,115,116]
methods.1.outcome.report.source_map.segments.77.origin.primary.method.owner.class_bytes.digest = "c4915b8b6b48b5fd30b04ec506bb895e76e15c8e6e5c43cb2a7e6602e2f05c7c"
methods.1.outcome.report.source_map.segments.77.origin.primary.method.owner.class_bytes.length = 1926
methods.1.outcome.report.source_map.segments.77.origin.primary.method.owner.location.kind = "standalone_root"
methods.1.outcome.report.source_map.segments.77.origin.primary.method.owner.location.snapshot = "c4915b8b6b48b5fd30b04ec506bb895e76e15c8e6e5c43cb2a7e6602e2f05c7c"
methods.1.outcome.report.source_map.segments.77.origin.primary.method.owner.variant.kind = "base"
methods.1.outcome.report.source_map.segments.77.origin.primary.provenance = "Direct"
methods.1.outcome.report.source_map.segments.77.start = 1235
methods.1.outcome.report.source_map.segments.78.end = 1255
methods.1.outcome.report.source_map.segments.78.origin.derived = []
methods.1.outcome.report.source_map.segments.78.origin.primary.bci = 115
methods.1.outcome.report.source_map.segments.78.origin.primary.cp = null
methods.1.outcome.report.source_map.segments.78.origin.primary.method.descriptor = [40,76,106,97,118,97,47,105,111,47,79,117,116,112,117,116,83,116,114,101,97,109,59,41,86]
methods.1.outcome.report.source_map.segments.78.origin.primary.method.name = [116,101,115,116]
methods.1.outcome.report.source_map.segments.78.origin.primary.method.owner.class_bytes.digest = "c4915b8b6b48b5fd30b04ec506bb895e76e15c8e6e5c43cb2a7e6602e2f05c7c"
methods.1.outcome.report.source_map.segments.78.origin.primary.method.owner.class_bytes.length = 1926
methods.1.outcome.report.source_map.segments.78.origin.primary.method.owner.location.kind = "standalone_root"
methods.1.outcome.report.source_map.segments.78.origin.primary.method.owner.location.snapshot = "c4915b8b6b48b5fd30b04ec506bb895e76e15c8e6e5c43cb2a7e6602e2f05c7c"
methods.1.outcome.report.source_map.segments.78.origin.primary.method.owner.variant.kind = "base"
methods.1.outcome.report.source_map.segments.78.origin.primary.provenance = "Direct"
methods.1.outcome.report.source_map.segments.78.start = 1248
methods.1.outcome.report.source_map.segments.79.end = 1264
methods.1.outcome.report.source_map.segments.79.origin.derived = []
methods.1.outcome.report.source_map.segments.79.origin.primary.bci = 117
methods.1.outcome.report.source_map.segments.79.origin.primary.cp = null
methods.1.outcome.report.source_map.segments.79.origin.primary.method.descriptor = [40,76,106,97,118,97,47,105,111,47,79,117,116,112,117,116,83,116,114,101,97,109,59,41,86]
methods.1.outcome.report.source_map.segments.79.origin.primary.method.name = [116,101,115,116]
methods.1.outcome.report.source_map.segments.79.origin.primary.method.owner.class_bytes.digest = "c4915b8b6b48b5fd30b04ec506bb895e76e15c8e6e5c43cb2a7e6602e2f05c7c"
methods.1.outcome.report.source_map.segments.79.origin.primary.method.owner.class_bytes.length = 1926
methods.1.outcome.report.source_map.segments.79.origin.primary.method.owner.location.kind = "standalone_root"
methods.1.outcome.report.source_map.segments.79.origin.primary.method.owner.location.snapshot = "c4915b8b6b48b5fd30b04ec506bb895e76e15c8e6e5c43cb2a7e6602e2f05c7c"
methods.1.outcome.report.source_map.segments.79.origin.primary.method.owner.variant.kind = "base"
methods.1.outcome.report.source_map.segments.79.origin.primary.provenance = "Direct"
methods.1.outcome.report.source_map.segments.79.start = 1258
methods.1.outcome.report.source_map.segments.80.end = 1264
methods.1.outcome.report.source_map.segments.80.origin.derived.0.bci = 119
methods.1.outcome.report.source_map.segments.80.origin.derived.0.cp = null
methods.1.outcome.report.source_map.segments.80.origin.derived.0.method.descriptor = [40,76,106,97,118,97,47,105,111,47,79,117,116,112,117,116,83,116,114,101,97,109,59,41,86]
methods.1.outcome.report.source_map.segments.80.origin.derived.0.method.name = [116,101,115,116]
methods.1.outcome.report.source_map.segments.80.origin.derived.0.method.owner.class_bytes.digest = "c4915b8b6b48b5fd30b04ec506bb895e76e15c8e6e5c43cb2a7e6602e2f05c7c"
methods.1.outcome.report.source_map.segments.80.origin.derived.0.method.owner.class_bytes.length = 1926
methods.1.outcome.report.source_map.segments.80.origin.derived.0.method.owner.location.kind = "standalone_root"
methods.1.outcome.report.source_map.segments.80.origin.derived.0.method.owner.location.snapshot = "c4915b8b6b48b5fd30b04ec506bb895e76e15c8e6e5c43cb2a7e6602e2f05c7c"
methods.1.outcome.report.source_map.segments.80.origin.derived.0.method.owner.variant.kind = "base"
methods.1.outcome.report.source_map.segments.80.origin.derived.0.provenance = "Derived"
methods.1.outcome.report.source_map.segments.80.origin.primary.bci = 115
methods.1.outcome.report.source_map.segments.80.origin.primary.cp = null
methods.1.outcome.report.source_map.segments.80.origin.primary.method.descriptor = [40,76,106,97,118,97,47,105,111,47,79,117,116,112,117,116,83,116,114,101,97,109,59,41,86]
methods.1.outcome.report.source_map.segments.80.origin.primary.method.name = [116,101,115,116]
methods.1.outcome.report.source_map.segments.80.origin.primary.method.owner.class_bytes.digest = "c4915b8b6b48b5fd30b04ec506bb895e76e15c8e6e5c43cb2a7e6602e2f05c7c"
methods.1.outcome.report.source_map.segments.80.origin.primary.method.owner.class_bytes.length = 1926
methods.1.outcome.report.source_map.segments.80.origin.primary.method.owner.location.kind = "standalone_root"
methods.1.outcome.report.source_map.segments.80.origin.primary.method.owner.location.snapshot = "c4915b8b6b48b5fd30b04ec506bb895e76e15c8e6e5c43cb2a7e6602e2f05c7c"
methods.1.outcome.report.source_map.segments.80.origin.primary.method.owner.variant.kind = "base"
methods.1.outcome.report.source_map.segments.80.origin.primary.provenance = "Direct"
methods.1.outcome.report.source_map.segments.80.start = 1248
methods.1.outcome.report.source_map.segments.81.end = 1283
methods.1.outcome.report.source_map.segments.81.origin.derived = []
methods.1.outcome.report.source_map.segments.81.origin.primary.bci = 141
methods.1.outcome.report.source_map.segments.81.origin.primary.cp = null
methods.1.outcome.report.source_map.segments.81.origin.primary.method.descriptor = [40,76,106,97,118,97,47,105,111,47,79,117,116,112,117,116,83,116,114,101,97,109,59,41,86]
methods.1.outcome.report.source_map.segments.81.origin.primary.method.name = [116,101,115,116]
methods.1.outcome.report.source_map.segments.81.origin.primary.method.owner.class_bytes.digest = "c4915b8b6b48b5fd30b04ec506bb895e76e15c8e6e5c43cb2a7e6602e2f05c7c"
methods.1.outcome.report.source_map.segments.81.origin.primary.method.owner.class_bytes.length = 1926
methods.1.outcome.report.source_map.segments.81.origin.primary.method.owner.location.kind = "standalone_root"
methods.1.outcome.report.source_map.segments.81.origin.primary.method.owner.location.snapshot = "c4915b8b6b48b5fd30b04ec506bb895e76e15c8e6e5c43cb2a7e6602e2f05c7c"
methods.1.outcome.report.source_map.segments.81.origin.primary.method.owner.variant.kind = "base"
methods.1.outcome.report.source_map.segments.81.origin.primary.provenance = "Direct"
methods.1.outcome.report.source_map.segments.81.start = 1276
methods.1.outcome.report.source_map.segments.82.end = 1287
methods.1.outcome.report.source_map.segments.82.origin.derived = []
methods.1.outcome.report.source_map.segments.82.origin.primary.bci = 141
methods.1.outcome.report.source_map.segments.82.origin.primary.cp = null
methods.1.outcome.report.source_map.segments.82.origin.primary.method.descriptor = [40,76,106,97,118,97,47,105,111,47,79,117,116,112,117,116,83,116,114,101,97,109,59,41,86]
methods.1.outcome.report.source_map.segments.82.origin.primary.method.name = [116,101,115,116]
methods.1.outcome.report.source_map.segments.82.origin.primary.method.owner.class_bytes.digest = "c4915b8b6b48b5fd30b04ec506bb895e76e15c8e6e5c43cb2a7e6602e2f05c7c"
methods.1.outcome.report.source_map.segments.82.origin.primary.method.owner.class_bytes.length = 1926
methods.1.outcome.report.source_map.segments.82.origin.primary.method.owner.location.kind = "standalone_root"
methods.1.outcome.report.source_map.segments.82.origin.primary.method.owner.location.snapshot = "c4915b8b6b48b5fd30b04ec506bb895e76e15c8e6e5c43cb2a7e6602e2f05c7c"
methods.1.outcome.report.source_map.segments.82.origin.primary.method.owner.variant.kind = "base"
methods.1.outcome.report.source_map.segments.82.origin.primary.provenance = "Direct"
methods.1.outcome.report.source_map.segments.82.start = 1286
methods.1.outcome.report.source_map.segments.83.end = 1287
methods.1.outcome.report.source_map.segments.83.origin.derived = []
methods.1.outcome.report.source_map.segments.83.origin.primary.bci = 141
methods.1.outcome.report.source_map.segments.83.origin.primary.cp = null
methods.1.outcome.report.source_map.segments.83.origin.primary.method.descriptor = [40,76,106,97,118,97,47,105,111,47,79,117,116,112,117,116,83,116,114,101,97,109,59,41,86]
methods.1.outcome.report.source_map.segments.83.origin.primary.method.name = [116,101,115,116]
methods.1.outcome.report.source_map.segments.83.origin.primary.method.owner.class_bytes.digest = "c4915b8b6b48b5fd30b04ec506bb895e76e15c8e6e5c43cb2a7e6602e2f05c7c"
methods.1.outcome.report.source_map.segments.83.origin.primary.method.owner.class_bytes.length = 1926
methods.1.outcome.report.source_map.segments.83.origin.primary.method.owner.location.kind = "standalone_root"
methods.1.outcome.report.source_map.segments.83.origin.primary.method.owner.location.snapshot = "c4915b8b6b48b5fd30b04ec506bb895e76e15c8e6e5c43cb2a7e6602e2f05c7c"
methods.1.outcome.report.source_map.segments.83.origin.primary.method.owner.variant.kind = "base"
methods.1.outcome.report.source_map.segments.83.origin.primary.provenance = "Direct"
methods.1.outcome.report.source_map.segments.83.start = 1276
methods.1.outcome.report.source_map.segments.84.end = 1287
methods.1.outcome.report.source_map.segments.84.origin.derived = []
methods.1.outcome.report.source_map.segments.84.origin.primary.bci = 141
methods.1.outcome.report.source_map.segments.84.origin.primary.cp = null
methods.1.outcome.report.source_map.segments.84.origin.primary.method.descriptor = [40,76,106,97,118,97,47,105,111,47,79,117,116,112,117,116,83,116,114,101,97,109,59,41,86]
methods.1.outcome.report.source_map.segments.84.origin.primary.method.name = [116,101,115,116]
methods.1.outcome.report.source_map.segments.84.origin.primary.method.owner.class_bytes.digest = "c4915b8b6b48b5fd30b04ec506bb895e76e15c8e6e5c43cb2a7e6602e2f05c7c"
methods.1.outcome.report.source_map.segments.84.origin.primary.method.owner.class_bytes.length = 1926
methods.1.outcome.report.source_map.segments.84.origin.primary.method.owner.location.kind = "standalone_root"
methods.1.outcome.report.source_map.segments.84.origin.primary.method.owner.location.snapshot = "c4915b8b6b48b5fd30b04ec506bb895e76e15c8e6e5c43cb2a7e6602e2f05c7c"
methods.1.outcome.report.source_map.segments.84.origin.primary.method.owner.variant.kind = "base"
methods.1.outcome.report.source_map.segments.84.origin.primary.provenance = "Direct"
methods.1.outcome.report.source_map.segments.84.start = 1266
methods.1.outcome.report.source_map.segments.85.end = 1362
methods.1.outcome.report.source_map.segments.85.origin.derived = []
methods.1.outcome.report.source_map.segments.85.origin.primary.bci = 122
methods.1.outcome.report.source_map.segments.85.origin.primary.cp = null
methods.1.outcome.report.source_map.segments.85.origin.primary.method.descriptor = [40,76,106,97,118,97,47,105,111,47,79,117,116,112,117,116,83,116,114,101,97,109,59,41,86]
methods.1.outcome.report.source_map.segments.85.origin.primary.method.name = [116,101,115,116]
methods.1.outcome.report.source_map.segments.85.origin.primary.method.owner.class_bytes.digest = "c4915b8b6b48b5fd30b04ec506bb895e76e15c8e6e5c43cb2a7e6602e2f05c7c"
methods.1.outcome.report.source_map.segments.85.origin.primary.method.owner.class_bytes.length = 1926
methods.1.outcome.report.source_map.segments.85.origin.primary.method.owner.location.kind = "standalone_root"
methods.1.outcome.report.source_map.segments.85.origin.primary.method.owner.location.snapshot = "c4915b8b6b48b5fd30b04ec506bb895e76e15c8e6e5c43cb2a7e6602e2f05c7c"
methods.1.outcome.report.source_map.segments.85.origin.primary.method.owner.variant.kind = "base"
methods.1.outcome.report.source_map.segments.85.origin.primary.provenance = "Direct"
methods.1.outcome.report.source_map.segments.85.start = 1356
methods.1.outcome.report.source_map.segments.86.end = 1370
methods.1.outcome.report.source_map.segments.86.origin.derived = []
methods.1.outcome.report.source_map.segments.86.origin.primary.bci = 124
methods.1.outcome.report.source_map.segments.86.origin.primary.cp = null
methods.1.outcome.report.source_map.segments.86.origin.primary.method.descriptor = [40,76,106,97,118,97,47,105,111,47,79,117,116,112,117,116,83,116,114,101,97,109,59,41,86]
methods.1.outcome.report.source_map.segments.86.origin.primary.method.name = [116,101,115,116]
methods.1.outcome.report.source_map.segments.86.origin.primary.method.owner.class_bytes.digest = "c4915b8b6b48b5fd30b04ec506bb895e76e15c8e6e5c43cb2a7e6602e2f05c7c"
methods.1.outcome.report.source_map.segments.86.origin.primary.method.owner.class_bytes.length = 1926
methods.1.outcome.report.source_map.segments.86.origin.primary.method.owner.location.kind = "standalone_root"
methods.1.outcome.report.source_map.segments.86.origin.primary.method.owner.location.snapshot = "c4915b8b6b48b5fd30b04ec506bb895e76e15c8e6e5c43cb2a7e6602e2f05c7c"
methods.1.outcome.report.source_map.segments.86.origin.primary.method.owner.variant.kind = "base"
methods.1.outcome.report.source_map.segments.86.origin.primary.provenance = "Direct"
methods.1.outcome.report.source_map.segments.86.start = 1363
methods.1.outcome.report.source_map.segments.87.end = 1371
methods.1.outcome.report.source_map.segments.87.origin.derived = []
methods.1.outcome.report.source_map.segments.87.origin.primary.bci = 126
methods.1.outcome.report.source_map.segments.87.origin.primary.cp = null
methods.1.outcome.report.source_map.segments.87.origin.primary.method.descriptor = [40,76,106,97,118,97,47,105,111,47,79,117,116,112,117,116,83,116,114,101,97,109,59,41,86]
methods.1.outcome.report.source_map.segments.87.origin.primary.method.name = [116,101,115,116]
methods.1.outcome.report.source_map.segments.87.origin.primary.method.owner.class_bytes.digest = "c4915b8b6b48b5fd30b04ec506bb895e76e15c8e6e5c43cb2a7e6602e2f05c7c"
methods.1.outcome.report.source_map.segments.87.origin.primary.method.owner.class_bytes.length = 1926
methods.1.outcome.report.source_map.segments.87.origin.primary.method.owner.location.kind = "standalone_root"
methods.1.outcome.report.source_map.segments.87.origin.primary.method.owner.location.snapshot = "c4915b8b6b48b5fd30b04ec506bb895e76e15c8e6e5c43cb2a7e6602e2f05c7c"
methods.1.outcome.report.source_map.segments.87.origin.primary.method.owner.variant.kind = "base"
methods.1.outcome.report.source_map.segments.87.origin.primary.provenance = "Direct"
methods.1.outcome.report.source_map.segments.87.start = 1356
methods.1.outcome.report.source_map.segments.88.end = 1373
methods.1.outcome.report.source_map.segments.88.origin.derived = []
methods.1.outcome.report.source_map.segments.88.origin.primary.bci = 127
methods.1.outcome.report.source_map.segments.88.origin.primary.cp = null
methods.1.outcome.report.source_map.segments.88.origin.primary.method.descriptor = [40,76,106,97,118,97,47,105,111,47,79,117,116,112,117,116,83,116,114,101,97,109,59,41,86]
methods.1.outcome.report.source_map.segments.88.origin.primary.method.name = [116,101,115,116]
methods.1.outcome.report.source_map.segments.88.origin.primary.method.owner.class_bytes.digest = "c4915b8b6b48b5fd30b04ec506bb895e76e15c8e6e5c43cb2a7e6602e2f05c7c"
methods.1.outcome.report.source_map.segments.88.origin.primary.method.owner.class_bytes.length = 1926
methods.1.outcome.report.source_map.segments.88.origin.primary.method.owner.location.kind = "standalone_root"
methods.1.outcome.report.source_map.segments.88.origin.primary.method.owner.location.snapshot = "c4915b8b6b48b5fd30b04ec506bb895e76e15c8e6e5c43cb2a7e6602e2f05c7c"
methods.1.outcome.report.source_map.segments.88.origin.primary.method.owner.variant.kind = "base"
methods.1.outcome.report.source_map.segments.88.origin.primary.provenance = "Direct"
methods.1.outcome.report.source_map.segments.88.start = 1291
methods.1.outcome.report.source_map.segments.89.end = 1392
methods.1.outcome.report.source_map.segments.89.origin.derived = []
methods.1.outcome.report.source_map.segments.89.origin.primary.bci = 129
methods.1.outcome.report.source_map.segments.89.origin.primary.cp = null
methods.1.outcome.report.source_map.segments.89.origin.primary.method.descriptor = [40,76,106,97,118,97,47,105,111,47,79,117,116,112,117,116,83,116,114,101,97,109,59,41,86]
methods.1.outcome.report.source_map.segments.89.origin.primary.method.name = [116,101,115,116]
methods.1.outcome.report.source_map.segments.89.origin.primary.method.owner.class_bytes.digest = "c4915b8b6b48b5fd30b04ec506bb895e76e15c8e6e5c43cb2a7e6602e2f05c7c"
methods.1.outcome.report.source_map.segments.89.origin.primary.method.owner.class_bytes.length = 1926
methods.1.outcome.report.source_map.segments.89.origin.primary.method.owner.location.kind = "standalone_root"
methods.1.outcome.report.source_map.segments.89.origin.primary.method.owner.location.snapshot = "c4915b8b6b48b5fd30b04ec506bb895e76e15c8e6e5c43cb2a7e6602e2f05c7c"
methods.1.outcome.report.source_map.segments.89.origin.primary.method.owner.variant.kind = "base"
methods.1.outcome.report.source_map.segments.89.origin.primary.provenance = "Direct"
methods.1.outcome.report.source_map.segments.89.start = 1389
methods.1.outcome.report.source_map.segments.90.end = 1408
methods.1.outcome.report.source_map.segments.90.origin.derived = []
methods.1.outcome.report.source_map.segments.90.origin.primary.bci = 130
methods.1.outcome.report.source_map.segments.90.origin.primary.cp = null
methods.1.outcome.report.source_map.segments.90.origin.primary.method.descriptor = [40,76,106,97,118,97,47,105,111,47,79,117,116,112,117,116,83,116,114,101,97,109,59,41,86]
methods.1.outcome.report.source_map.segments.90.origin.primary.method.name = [116,101,115,116]
methods.1.outcome.report.source_map.segments.90.origin.primary.method.owner.class_bytes.digest = "c4915b8b6b48b5fd30b04ec506bb895e76e15c8e6e5c43cb2a7e6602e2f05c7c"
methods.1.outcome.report.source_map.segments.90.origin.primary.method.owner.class_bytes.length = 1926
methods.1.outcome.report.source_map.segments.90.origin.primary.method.owner.location.kind = "standalone_root"
methods.1.outcome.report.source_map.segments.90.origin.primary.method.owner.location.snapshot = "c4915b8b6b48b5fd30b04ec506bb895e76e15c8e6e5c43cb2a7e6602e2f05c7c"
methods.1.outcome.report.source_map.segments.90.origin.primary.method.owner.variant.kind = "base"
methods.1.outcome.report.source_map.segments.90.origin.primary.provenance = "Direct"
methods.1.outcome.report.source_map.segments.90.start = 1402
methods.1.outcome.report.source_map.segments.91.end = 1420
methods.1.outcome.report.source_map.segments.91.origin.derived = []
methods.1.outcome.report.source_map.segments.91.origin.primary.bci = 132
methods.1.outcome.report.source_map.segments.91.origin.primary.cp = null
methods.1.outcome.report.source_map.segments.91.origin.primary.method.descriptor = [40,76,106,97,118,97,47,105,111,47,79,117,116,112,117,116,83,116,114,101,97,109,59,41,86]
methods.1.outcome.report.source_map.segments.91.origin.primary.method.name = [116,101,115,116]
methods.1.outcome.report.source_map.segments.91.origin.primary.method.owner.class_bytes.digest = "c4915b8b6b48b5fd30b04ec506bb895e76e15c8e6e5c43cb2a7e6602e2f05c7c"
methods.1.outcome.report.source_map.segments.91.origin.primary.method.owner.class_bytes.length = 1926
methods.1.outcome.report.source_map.segments.91.origin.primary.method.owner.location.kind = "standalone_root"
methods.1.outcome.report.source_map.segments.91.origin.primary.method.owner.location.snapshot = "c4915b8b6b48b5fd30b04ec506bb895e76e15c8e6e5c43cb2a7e6602e2f05c7c"
methods.1.outcome.report.source_map.segments.91.origin.primary.method.owner.variant.kind = "base"
methods.1.outcome.report.source_map.segments.91.origin.primary.provenance = "Direct"
methods.1.outcome.report.source_map.segments.91.start = 1402
methods.1.outcome.report.source_map.segments.92.end = 1431
methods.1.outcome.report.source_map.segments.92.origin.derived = []
methods.1.outcome.report.source_map.segments.92.origin.primary.bci = 135
methods.1.outcome.report.source_map.segments.92.origin.primary.cp = null
methods.1.outcome.report.source_map.segments.92.origin.primary.method.descriptor = [40,76,106,97,118,97,47,105,111,47,79,117,116,112,117,116,83,116,114,101,97,109,59,41,86]
methods.1.outcome.report.source_map.segments.92.origin.primary.method.name = [116,101,115,116]
methods.1.outcome.report.source_map.segments.92.origin.primary.method.owner.class_bytes.digest = "c4915b8b6b48b5fd30b04ec506bb895e76e15c8e6e5c43cb2a7e6602e2f05c7c"
methods.1.outcome.report.source_map.segments.92.origin.primary.method.owner.class_bytes.length = 1926
methods.1.outcome.report.source_map.segments.92.origin.primary.method.owner.location.kind = "standalone_root"
methods.1.outcome.report.source_map.segments.92.origin.primary.method.owner.location.snapshot = "c4915b8b6b48b5fd30b04ec506bb895e76e15c8e6e5c43cb2a7e6602e2f05c7c"
methods.1.outcome.report.source_map.segments.92.origin.primary.method.owner.variant.kind = "base"
methods.1.outcome.report.source_map.segments.92.origin.primary.provenance = "Direct"
methods.1.outcome.report.source_map.segments.92.start = 1402
methods.1.outcome.report.source_map.segments.93.end = 1432
methods.1.outcome.report.source_map.segments.93.origin.derived = []
methods.1.outcome.report.source_map.segments.93.origin.primary.bci = 138
methods.1.outcome.report.source_map.segments.93.origin.primary.cp = null
methods.1.outcome.report.source_map.segments.93.origin.primary.method.descriptor = [40,76,106,97,118,97,47,105,111,47,79,117,116,112,117,116,83,116,114,101,97,109,59,41,86]
methods.1.outcome.report.source_map.segments.93.origin.primary.method.name = [116,101,115,116]
methods.1.outcome.report.source_map.segments.93.origin.primary.method.owner.class_bytes.digest = "c4915b8b6b48b5fd30b04ec506bb895e76e15c8e6e5c43cb2a7e6602e2f05c7c"
methods.1.outcome.report.source_map.segments.93.origin.primary.method.owner.class_bytes.length = 1926
methods.1.outcome.report.source_map.segments.93.origin.primary.method.owner.location.kind = "standalone_root"
methods.1.outcome.report.source_map.segments.93.origin.primary.method.owner.location.snapshot = "c4915b8b6b48b5fd30b04ec506bb895e76e15c8e6e5c43cb2a7e6602e2f05c7c"
methods.1.outcome.report.source_map.segments.93.origin.primary.method.owner.variant.kind = "base"
methods.1.outcome.report.source_map.segments.93.origin.primary.provenance = "Direct"
methods.1.outcome.report.source_map.segments.93.start = 1389
methods.1.outcome.report.source_map.segments.94.end = 1434
methods.1.outcome.report.source_map.segments.94.origin.derived = []
methods.1.outcome.report.source_map.segments.94.origin.primary.bci = 138
methods.1.outcome.report.source_map.segments.94.origin.primary.cp = null
methods.1.outcome.report.source_map.segments.94.origin.primary.method.descriptor = [40,76,106,97,118,97,47,105,111,47,79,117,116,112,117,116,83,116,114,101,97,109,59,41,86]
methods.1.outcome.report.source_map.segments.94.origin.primary.method.name = [116,101,115,116]
methods.1.outcome.report.source_map.segments.94.origin.primary.method.owner.class_bytes.digest = "c4915b8b6b48b5fd30b04ec506bb895e76e15c8e6e5c43cb2a7e6602e2f05c7c"
methods.1.outcome.report.source_map.segments.94.origin.primary.method.owner.class_bytes.length = 1926
methods.1.outcome.report.source_map.segments.94.origin.primary.method.owner.location.kind = "standalone_root"
methods.1.outcome.report.source_map.segments.94.origin.primary.method.owner.location.snapshot = "c4915b8b6b48b5fd30b04ec506bb895e76e15c8e6e5c43cb2a7e6602e2f05c7c"
methods.1.outcome.report.source_map.segments.94.origin.primary.method.owner.variant.kind = "base"
methods.1.outcome.report.source_map.segments.94.origin.primary.provenance = "Direct"
methods.1.outcome.report.source_map.segments.94.start = 1373
methods.1.outcome.report.source_map.segments.95.end = 1448
methods.1.outcome.report.source_map.segments.95.origin.derived = []
methods.1.outcome.report.source_map.segments.95.origin.primary.bci = 119
methods.1.outcome.report.source_map.segments.95.origin.primary.cp = null
methods.1.outcome.report.source_map.segments.95.origin.primary.method.descriptor = [40,76,106,97,118,97,47,105,111,47,79,117,116,112,117,116,83,116,114,101,97,109,59,41,86]
methods.1.outcome.report.source_map.segments.95.origin.primary.method.name = [116,101,115,116]
methods.1.outcome.report.source_map.segments.95.origin.primary.method.owner.class_bytes.digest = "c4915b8b6b48b5fd30b04ec506bb895e76e15c8e6e5c43cb2a7e6602e2f05c7c"
methods.1.outcome.report.source_map.segments.95.origin.primary.method.owner.class_bytes.length = 1926
methods.1.outcome.report.source_map.segments.95.origin.primary.method.owner.location.kind = "standalone_root"
methods.1.outcome.report.source_map.segments.95.origin.primary.method.owner.location.snapshot = "c4915b8b6b48b5fd30b04ec506bb895e76e15c8e6e5c43cb2a7e6602e2f05c7c"
methods.1.outcome.report.source_map.segments.95.origin.primary.method.owner.variant.kind = "base"
methods.1.outcome.report.source_map.segments.95.origin.primary.provenance = "Direct"
methods.1.outcome.report.source_map.segments.95.start = 1218
methods.1.outcome.report.source_map.segments.96.end = 1475
methods.1.outcome.report.source_map.segments.96.origin.derived = []
methods.1.outcome.report.source_map.segments.96.origin.primary.bci = 147
methods.1.outcome.report.source_map.segments.96.origin.primary.cp = null
methods.1.outcome.report.source_map.segments.96.origin.primary.method.descriptor = [40,76,106,97,118,97,47,105,111,47,79,117,116,112,117,116,83,116,114,101,97,109,59,41,86]
methods.1.outcome.report.source_map.segments.96.origin.primary.method.name = [116,101,115,116]
methods.1.outcome.report.source_map.segments.96.origin.primary.method.owner.class_bytes.digest = "c4915b8b6b48b5fd30b04ec506bb895e76e15c8e6e5c43cb2a7e6602e2f05c7c"
methods.1.outcome.report.source_map.segments.96.origin.primary.method.owner.class_bytes.length = 1926
methods.1.outcome.report.source_map.segments.96.origin.primary.method.owner.location.kind = "standalone_root"
methods.1.outcome.report.source_map.segments.96.origin.primary.method.owner.location.snapshot = "c4915b8b6b48b5fd30b04ec506bb895e76e15c8e6e5c43cb2a7e6602e2f05c7c"
methods.1.outcome.report.source_map.segments.96.origin.primary.method.owner.variant.kind = "base"
methods.1.outcome.report.source_map.segments.96.origin.primary.provenance = "Direct"
methods.1.outcome.report.source_map.segments.96.start = 1469
methods.1.outcome.report.source_map.segments.97.end = 1479
methods.1.outcome.report.source_map.segments.97.origin.derived = []
methods.1.outcome.report.source_map.segments.97.origin.primary.bci = 147
methods.1.outcome.report.source_map.segments.97.origin.primary.cp = null
methods.1.outcome.report.source_map.segments.97.origin.primary.method.descriptor = [40,76,106,97,118,97,47,105,111,47,79,117,116,112,117,116,83,116,114,101,97,109,59,41,86]
methods.1.outcome.report.source_map.segments.97.origin.primary.method.name = [116,101,115,116]
methods.1.outcome.report.source_map.segments.97.origin.primary.method.owner.class_bytes.digest = "c4915b8b6b48b5fd30b04ec506bb895e76e15c8e6e5c43cb2a7e6602e2f05c7c"
methods.1.outcome.report.source_map.segments.97.origin.primary.method.owner.class_bytes.length = 1926
methods.1.outcome.report.source_map.segments.97.origin.primary.method.owner.location.kind = "standalone_root"
methods.1.outcome.report.source_map.segments.97.origin.primary.method.owner.location.snapshot = "c4915b8b6b48b5fd30b04ec506bb895e76e15c8e6e5c43cb2a7e6602e2f05c7c"
methods.1.outcome.report.source_map.segments.97.origin.primary.method.owner.variant.kind = "base"
methods.1.outcome.report.source_map.segments.97.origin.primary.provenance = "Direct"
methods.1.outcome.report.source_map.segments.97.start = 1478
methods.1.outcome.report.source_map.segments.98.end = 1479
methods.1.outcome.report.source_map.segments.98.origin.derived = []
methods.1.outcome.report.source_map.segments.98.origin.primary.bci = 147
methods.1.outcome.report.source_map.segments.98.origin.primary.cp = null
methods.1.outcome.report.source_map.segments.98.origin.primary.method.descriptor = [40,76,106,97,118,97,47,105,111,47,79,117,116,112,117,116,83,116,114,101,97,109,59,41,86]
methods.1.outcome.report.source_map.segments.98.origin.primary.method.name = [116,101,115,116]
methods.1.outcome.report.source_map.segments.98.origin.primary.method.owner.class_bytes.digest = "c4915b8b6b48b5fd30b04ec506bb895e76e15c8e6e5c43cb2a7e6602e2f05c7c"
methods.1.outcome.report.source_map.segments.98.origin.primary.method.owner.class_bytes.length = 1926
methods.1.outcome.report.source_map.segments.98.origin.primary.method.owner.location.kind = "standalone_root"
methods.1.outcome.report.source_map.segments.98.origin.primary.method.owner.location.snapshot = "c4915b8b6b48b5fd30b04ec506bb895e76e15c8e6e5c43cb2a7e6602e2f05c7c"
methods.1.outcome.report.source_map.segments.98.origin.primary.method.owner.variant.kind = "base"
methods.1.outcome.report.source_map.segments.98.origin.primary.provenance = "Direct"
methods.1.outcome.report.source_map.segments.98.start = 1469
methods.1.outcome.report.source_map.segments.99.end = 1481
methods.1.outcome.report.source_map.segments.99.origin.derived = []
methods.1.outcome.report.source_map.segments.99.origin.primary.bci = 147
methods.1.outcome.report.source_map.segments.99.origin.primary.cp = null
methods.1.outcome.report.source_map.segments.99.origin.primary.method.descriptor = [40,76,106,97,118,97,47,105,111,47,79,117,116,112,117,116,83,116,114,101,97,109,59,41,86]
methods.1.outcome.report.source_map.segments.99.origin.primary.method.name = [116,101,115,116]
methods.1.outcome.report.source_map.segments.99.origin.primary.method.owner.class_bytes.digest = "c4915b8b6b48b5fd30b04ec506bb895e76e15c8e6e5c43cb2a7e6602e2f05c7c"
methods.1.outcome.report.source_map.segments.99.origin.primary.method.owner.class_bytes.length = 1926
methods.1.outcome.report.source_map.segments.99.origin.primary.method.owner.location.kind = "standalone_root"
methods.1.outcome.report.source_map.segments.99.origin.primary.method.owner.location.snapshot = "c4915b8b6b48b5fd30b04ec506bb895e76e15c8e6e5c43cb2a7e6602e2f05c7c"
methods.1.outcome.report.source_map.segments.99.origin.primary.method.owner.variant.kind = "base"
methods.1.outcome.report.source_map.segments.99.origin.primary.provenance = "Direct"
methods.1.outcome.report.source_map.segments.99.start = 1448
methods.1.outcome.report.source_map.segments.100.end = 1491
methods.1.outcome.report.source_map.segments.100.origin.derived = []
methods.1.outcome.report.source_map.segments.100.origin.primary.bci = 80
methods.1.outcome.report.source_map.segments.100.origin.primary.cp = null
methods.1.outcome.report.source_map.segments.100.origin.primary.method.descriptor = [40,76,106,97,118,97,47,105,111,47,79,117,116,112,117,116,83,116,114,101,97,109,59,41,86]
methods.1.outcome.report.source_map.segments.100.origin.primary.method.name = [116,101,115,116]
methods.1.outcome.report.source_map.segments.100.origin.primary.method.owner.class_bytes.digest = "c4915b8b6b48b5fd30b04ec506bb895e76e15c8e6e5c43cb2a7e6602e2f05c7c"
methods.1.outcome.report.source_map.segments.100.origin.primary.method.owner.class_bytes.length = 1926
methods.1.outcome.report.source_map.segments.100.origin.primary.method.owner.location.kind = "standalone_root"
methods.1.outcome.report.source_map.segments.100.origin.primary.method.owner.location.snapshot = "c4915b8b6b48b5fd30b04ec506bb895e76e15c8e6e5c43cb2a7e6602e2f05c7c"
methods.1.outcome.report.source_map.segments.100.origin.primary.method.owner.variant.kind = "base"
methods.1.outcome.report.source_map.segments.100.origin.primary.provenance = "Direct"
methods.1.outcome.report.source_map.segments.100.start = 959
methods.1.outcome.report.source_map.segments.101.end = 1518
methods.1.outcome.report.source_map.segments.101.origin.derived = []
methods.1.outcome.report.source_map.segments.101.origin.primary.bci = 153
methods.1.outcome.report.source_map.segments.101.origin.primary.cp = null
methods.1.outcome.report.source_map.segments.101.origin.primary.method.descriptor = [40,76,106,97,118,97,47,105,111,47,79,117,116,112,117,116,83,116,114,101,97,109,59,41,86]
methods.1.outcome.report.source_map.segments.101.origin.primary.method.name = [116,101,115,116]
methods.1.outcome.report.source_map.segments.101.origin.primary.method.owner.class_bytes.digest = "c4915b8b6b48b5fd30b04ec506bb895e76e15c8e6e5c43cb2a7e6602e2f05c7c"
methods.1.outcome.report.source_map.segments.101.origin.primary.method.owner.class_bytes.length = 1926
methods.1.outcome.report.source_map.segments.101.origin.primary.method.owner.location.kind = "standalone_root"
methods.1.outcome.report.source_map.segments.101.origin.primary.method.owner.location.snapshot = "c4915b8b6b48b5fd30b04ec506bb895e76e15c8e6e5c43cb2a7e6602e2f05c7c"
methods.1.outcome.report.source_map.segments.101.origin.primary.method.owner.variant.kind = "base"
methods.1.outcome.report.source_map.segments.101.origin.primary.provenance = "Direct"
methods.1.outcome.report.source_map.segments.101.start = 1515
methods.1.outcome.report.source_map.segments.102.end = 1526
methods.1.outcome.report.source_map.segments.102.origin.derived = []
methods.1.outcome.report.source_map.segments.102.origin.primary.bci = 154
methods.1.outcome.report.source_map.segments.102.origin.primary.cp = null
methods.1.outcome.report.source_map.segments.102.origin.primary.method.descriptor = [40,76,106,97,118,97,47,105,111,47,79,117,116,112,117,116,83,116,114,101,97,109,59,41,86]
methods.1.outcome.report.source_map.segments.102.origin.primary.method.name = [116,101,115,116]
methods.1.outcome.report.source_map.segments.102.origin.primary.method.owner.class_bytes.digest = "c4915b8b6b48b5fd30b04ec506bb895e76e15c8e6e5c43cb2a7e6602e2f05c7c"
methods.1.outcome.report.source_map.segments.102.origin.primary.method.owner.class_bytes.length = 1926
methods.1.outcome.report.source_map.segments.102.origin.primary.method.owner.location.kind = "standalone_root"
methods.1.outcome.report.source_map.segments.102.origin.primary.method.owner.location.snapshot = "c4915b8b6b48b5fd30b04ec506bb895e76e15c8e6e5c43cb2a7e6602e2f05c7c"
methods.1.outcome.report.source_map.segments.102.origin.primary.method.owner.variant.kind = "base"
methods.1.outcome.report.source_map.segments.102.origin.primary.provenance = "Direct"
methods.1.outcome.report.source_map.segments.102.start = 1515
methods.1.outcome.report.source_map.segments.103.end = 1528
methods.1.outcome.report.source_map.segments.103.origin.derived = []
methods.1.outcome.report.source_map.segments.103.origin.primary.bci = 154
methods.1.outcome.report.source_map.segments.103.origin.primary.cp = null
methods.1.outcome.report.source_map.segments.103.origin.primary.method.descriptor = [40,76,106,97,118,97,47,105,111,47,79,117,116,112,117,116,83,116,114,101,97,109,59,41,86]
methods.1.outcome.report.source_map.segments.103.origin.primary.method.name = [116,101,115,116]
methods.1.outcome.report.source_map.segments.103.origin.primary.method.owner.class_bytes.digest = "c4915b8b6b48b5fd30b04ec506bb895e76e15c8e6e5c43cb2a7e6602e2f05c7c"
methods.1.outcome.report.source_map.segments.103.origin.primary.method.owner.class_bytes.length = 1926
methods.1.outcome.report.source_map.segments.103.origin.primary.method.owner.location.kind = "standalone_root"
methods.1.outcome.report.source_map.segments.103.origin.primary.method.owner.location.snapshot = "c4915b8b6b48b5fd30b04ec506bb895e76e15c8e6e5c43cb2a7e6602e2f05c7c"
methods.1.outcome.report.source_map.segments.103.origin.primary.method.owner.variant.kind = "base"
methods.1.outcome.report.source_map.segments.103.origin.primary.provenance = "Direct"
methods.1.outcome.report.source_map.segments.103.start = 1507
methods.1.outcome.report.source_map.segments.104.end = 1534
methods.1.outcome.report.source_map.segments.104.origin.derived.0.bci = 9
methods.1.outcome.report.source_map.segments.104.origin.derived.0.cp = null
methods.1.outcome.report.source_map.segments.104.origin.derived.0.method.descriptor = [40,76,106,97,118,97,47,105,111,47,79,117,116,112,117,116,83,116,114,101,97,109,59,41,86]
methods.1.outcome.report.source_map.segments.104.origin.derived.0.method.name = [116,101,115,116]
methods.1.outcome.report.source_map.segments.104.origin.derived.0.method.owner.class_bytes.digest = "c4915b8b6b48b5fd30b04ec506bb895e76e15c8e6e5c43cb2a7e6602e2f05c7c"
methods.1.outcome.report.source_map.segments.104.origin.derived.0.method.owner.class_bytes.length = 1926
methods.1.outcome.report.source_map.segments.104.origin.derived.0.method.owner.location.kind = "standalone_root"
methods.1.outcome.report.source_map.segments.104.origin.derived.0.method.owner.location.snapshot = "c4915b8b6b48b5fd30b04ec506bb895e76e15c8e6e5c43cb2a7e6602e2f05c7c"
methods.1.outcome.report.source_map.segments.104.origin.derived.0.method.owner.variant.kind = "base"
methods.1.outcome.report.source_map.segments.104.origin.derived.0.provenance = "Derived"
methods.1.outcome.report.source_map.segments.104.origin.derived.1.bci = 10
methods.1.outcome.report.source_map.segments.104.origin.derived.1.cp = null
methods.1.outcome.report.source_map.segments.104.origin.derived.1.method.descriptor = [40,76,106,97,118,97,47,105,111,47,79,117,116,112,117,116,83,116,114,101,97,109,59,41,86]
methods.1.outcome.report.source_map.segments.104.origin.derived.1.method.name = [116,101,115,116]
methods.1.outcome.report.source_map.segments.104.origin.derived.1.method.owner.class_bytes.digest = "c4915b8b6b48b5fd30b04ec506bb895e76e15c8e6e5c43cb2a7e6602e2f05c7c"
methods.1.outcome.report.source_map.segments.104.origin.derived.1.method.owner.class_bytes.length = 1926
methods.1.outcome.report.source_map.segments.104.origin.derived.1.method.owner.location.kind = "standalone_root"
methods.1.outcome.report.source_map.segments.104.origin.derived.1.method.owner.location.snapshot = "c4915b8b6b48b5fd30b04ec506bb895e76e15c8e6e5c43cb2a7e6602e2f05c7c"
methods.1.outcome.report.source_map.segments.104.origin.derived.1.method.owner.variant.kind = "base"
methods.1.outcome.report.source_map.segments.104.origin.derived.1.provenance = "Derived"
methods.1.outcome.report.source_map.segments.104.origin.derived.2.bci = 11
methods.1.outcome.report.source_map.segments.104.origin.derived.2.cp = null
methods.1.outcome.report.source_map.segments.104.origin.derived.2.method.descriptor = [40,76,106,97,118,97,47,105,111,47,79,117,116,112,117,116,83,116,114,101,97,109,59,41,86]
methods.1.outcome.report.source_map.segments.104.origin.derived.2.method.name = [116,101,115,116]
methods.1.outcome.report.source_map.segments.104.origin.derived.2.method.owner.class_bytes.digest = "c4915b8b6b48b5fd30b04ec506bb895e76e15c8e6e5c43cb2a7e6602e2f05c7c"
methods.1.outcome.report.source_map.segments.104.origin.derived.2.method.owner.class_bytes.length = 1926
methods.1.outcome.report.source_map.segments.104.origin.derived.2.method.owner.location.kind = "standalone_root"
methods.1.outcome.report.source_map.segments.104.origin.derived.2.method.owner.location.snapshot = "c4915b8b6b48b5fd30b04ec506bb895e76e15c8e6e5c43cb2a7e6602e2f05c7c"
methods.1.outcome.report.source_map.segments.104.origin.derived.2.method.owner.variant.kind = "base"
methods.1.outcome.report.source_map.segments.104.origin.derived.2.provenance = "Derived"
methods.1.outcome.report.source_map.segments.104.origin.derived.3.bci = 14
methods.1.outcome.report.source_map.segments.104.origin.derived.3.cp = null
methods.1.outcome.report.source_map.segments.104.origin.derived.3.method.descriptor = [40,76,106,97,118,97,47,105,111,47,79,117,116,112,117,116,83,116,114,101,97,109,59,41,86]
methods.1.outcome.report.source_map.segments.104.origin.derived.3.method.name = [116,101,115,116]
methods.1.outcome.report.source_map.segments.104.origin.derived.3.method.owner.class_bytes.digest = "c4915b8b6b48b5fd30b04ec506bb895e76e15c8e6e5c43cb2a7e6602e2f05c7c"
methods.1.outcome.report.source_map.segments.104.origin.derived.3.method.owner.class_bytes.length = 1926
methods.1.outcome.report.source_map.segments.104.origin.derived.3.method.owner.location.kind = "standalone_root"
methods.1.outcome.report.source_map.segments.104.origin.derived.3.method.owner.location.snapshot = "c4915b8b6b48b5fd30b04ec506bb895e76e15c8e6e5c43cb2a7e6602e2f05c7c"
methods.1.outcome.report.source_map.segments.104.origin.derived.3.method.owner.variant.kind = "base"
methods.1.outcome.report.source_map.segments.104.origin.derived.3.provenance = "Derived"
methods.1.outcome.report.source_map.segments.104.origin.derived.4.bci = 15
methods.1.outcome.report.source_map.segments.104.origin.derived.4.cp = null
methods.1.outcome.report.source_map.segments.104.origin.derived.4.method.descriptor = [40,76,106,97,118,97,47,105,111,47,79,117,116,112,117,116,83,116,114,101,97,109,59,41,86]
methods.1.outcome.report.source_map.segments.104.origin.derived.4.method.name = [116,101,115,116]
methods.1.outcome.report.source_map.segments.104.origin.derived.4.method.owner.class_bytes.digest = "c4915b8b6b48b5fd30b04ec506bb895e76e15c8e6e5c43cb2a7e6602e2f05c7c"
methods.1.outcome.report.source_map.segments.104.origin.derived.4.method.owner.class_bytes.length = 1926
methods.1.outcome.report.source_map.segments.104.origin.derived.4.method.owner.location.kind = "standalone_root"
methods.1.outcome.report.source_map.segments.104.origin.derived.4.method.owner.location.snapshot = "c4915b8b6b48b5fd30b04ec506bb895e76e15c8e6e5c43cb2a7e6602e2f05c7c"
methods.1.outcome.report.source_map.segments.104.origin.derived.4.method.owner.variant.kind = "base"
methods.1.outcome.report.source_map.segments.104.origin.derived.4.provenance = "Derived"
methods.1.outcome.report.source_map.segments.104.origin.derived.5.bci = 16
methods.1.outcome.report.source_map.segments.104.origin.derived.5.cp = null
methods.1.outcome.report.source_map.segments.104.origin.derived.5.method.descriptor = [40,76,106,97,118,97,47,105,111,47,79,117,116,112,117,116,83,116,114,101,97,109,59,41,86]
methods.1.outcome.report.source_map.segments.104.origin.derived.5.method.name = [116,101,115,116]
methods.1.outcome.report.source_map.segments.104.origin.derived.5.method.owner.class_bytes.digest = "c4915b8b6b48b5fd30b04ec506bb895e76e15c8e6e5c43cb2a7e6602e2f05c7c"
methods.1.outcome.report.source_map.segments.104.origin.derived.5.method.owner.class_bytes.length = 1926
methods.1.outcome.report.source_map.segments.104.origin.derived.5.method.owner.location.kind = "standalone_root"
methods.1.outcome.report.source_map.segments.104.origin.derived.5.method.owner.location.snapshot = "c4915b8b6b48b5fd30b04ec506bb895e76e15c8e6e5c43cb2a7e6602e2f05c7c"
methods.1.outcome.report.source_map.segments.104.origin.derived.5.method.owner.variant.kind = "base"
methods.1.outcome.report.source_map.segments.104.origin.derived.5.provenance = "Derived"
methods.1.outcome.report.source_map.segments.104.origin.derived.6.bci = 19
methods.1.outcome.report.source_map.segments.104.origin.derived.6.cp = null
methods.1.outcome.report.source_map.segments.104.origin.derived.6.method.descriptor = [40,76,106,97,118,97,47,105,111,47,79,117,116,112,117,116,83,116,114,101,97,109,59,41,86]
methods.1.outcome.report.source_map.segments.104.origin.derived.6.method.name = [116,101,115,116]
methods.1.outcome.report.source_map.segments.104.origin.derived.6.method.owner.class_bytes.digest = "c4915b8b6b48b5fd30b04ec506bb895e76e15c8e6e5c43cb2a7e6602e2f05c7c"
methods.1.outcome.report.source_map.segments.104.origin.derived.6.method.owner.class_bytes.length = 1926
methods.1.outcome.report.source_map.segments.104.origin.derived.6.method.owner.location.kind = "standalone_root"
methods.1.outcome.report.source_map.segments.104.origin.derived.6.method.owner.location.snapshot = "c4915b8b6b48b5fd30b04ec506bb895e76e15c8e6e5c43cb2a7e6602e2f05c7c"
methods.1.outcome.report.source_map.segments.104.origin.derived.6.method.owner.variant.kind = "base"
methods.1.outcome.report.source_map.segments.104.origin.derived.6.provenance = "Derived"
methods.1.outcome.report.source_map.segments.104.origin.derived.7.bci = 20
methods.1.outcome.report.source_map.segments.104.origin.derived.7.cp = null
methods.1.outcome.report.source_map.segments.104.origin.derived.7.method.descriptor = [40,76,106,97,118,97,47,105,111,47,79,117,116,112,117,116,83,116,114,101,97,109,59,41,86]
methods.1.outcome.report.source_map.segments.104.origin.derived.7.method.name = [116,101,115,116]
methods.1.outcome.report.source_map.segments.104.origin.derived.7.method.owner.class_bytes.digest = "c4915b8b6b48b5fd30b04ec506bb895e76e15c8e6e5c43cb2a7e6602e2f05c7c"
methods.1.outcome.report.source_map.segments.104.origin.derived.7.method.owner.class_bytes.length = 1926
methods.1.outcome.report.source_map.segments.104.origin.derived.7.method.owner.location.kind = "standalone_root"
methods.1.outcome.report.source_map.segments.104.origin.derived.7.method.owner.location.snapshot = "c4915b8b6b48b5fd30b04ec506bb895e76e15c8e6e5c43cb2a7e6602e2f05c7c"
methods.1.outcome.report.source_map.segments.104.origin.derived.7.method.owner.variant.kind = "base"
methods.1.outcome.report.source_map.segments.104.origin.derived.7.provenance = "Derived"
methods.1.outcome.report.source_map.segments.104.origin.derived.8.bci = 23
methods.1.outcome.report.source_map.segments.104.origin.derived.8.cp = null
methods.1.outcome.report.source_map.segments.104.origin.derived.8.method.descriptor = [40,76,106,97,118,97,47,105,111,47,79,117,116,112,117,116,83,116,114,101,97,109,59,41,86]
methods.1.outcome.report.source_map.segments.104.origin.derived.8.method.name = [116,101,115,116]
methods.1.outcome.report.source_map.segments.104.origin.derived.8.method.owner.class_bytes.digest = "c4915b8b6b48b5fd30b04ec506bb895e76e15c8e6e5c43cb2a7e6602e2f05c7c"
methods.1.outcome.report.source_map.segments.104.origin.derived.8.method.owner.class_bytes.length = 1926
methods.1.outcome.report.source_map.segments.104.origin.derived.8.method.owner.location.kind = "standalone_root"
methods.1.outcome.report.source_map.segments.104.origin.derived.8.method.owner.location.snapshot = "c4915b8b6b48b5fd30b04ec506bb895e76e15c8e6e5c43cb2a7e6602e2f05c7c"
methods.1.outcome.report.source_map.segments.104.origin.derived.8.method.owner.variant.kind = "base"
methods.1.outcome.report.source_map.segments.104.origin.derived.8.provenance = "Derived"
methods.1.outcome.report.source_map.segments.104.origin.derived.9.bci = 24
methods.1.outcome.report.source_map.segments.104.origin.derived.9.cp = null
methods.1.outcome.report.source_map.segments.104.origin.derived.9.method.descriptor = [40,76,106,97,118,97,47,105,111,47,79,117,116,112,117,116,83,116,114,101,97,109,59,41,86]
methods.1.outcome.report.source_map.segments.104.origin.derived.9.method.name = [116,101,115,116]
methods.1.outcome.report.source_map.segments.104.origin.derived.9.method.owner.class_bytes.digest = "c4915b8b6b48b5fd30b04ec506bb895e76e15c8e6e5c43cb2a7e6602e2f05c7c"
methods.1.outcome.report.source_map.segments.104.origin.derived.9.method.owner.class_bytes.length = 1926
methods.1.outcome.report.source_map.segments.104.origin.derived.9.method.owner.location.kind = "standalone_root"
methods.1.outcome.report.source_map.segments.104.origin.derived.9.method.owner.location.snapshot = "c4915b8b6b48b5fd30b04ec506bb895e76e15c8e6e5c43cb2a7e6602e2f05c7c"
methods.1.outcome.report.source_map.segments.104.origin.derived.9.method.owner.variant.kind = "base"
methods.1.outcome.report.source_map.segments.104.origin.derived.9.provenance = "Derived"
methods.1.outcome.report.source_map.segments.104.origin.derived.10.bci = 27
methods.1.outcome.report.source_map.segments.104.origin.derived.10.cp = null
methods.1.outcome.report.source_map.segments.104.origin.derived.10.method.descriptor = [40,76,106,97,118,97,47,105,111,47,79,117,116,112,117,116,83,116,114,101,97,109,59,41,86]
methods.1.outcome.report.source_map.segments.104.origin.derived.10.method.name = [116,101,115,116]
methods.1.outcome.report.source_map.segments.104.origin.derived.10.method.owner.class_bytes.digest = "c4915b8b6b48b5fd30b04ec506bb895e76e15c8e6e5c43cb2a7e6602e2f05c7c"
methods.1.outcome.report.source_map.segments.104.origin.derived.10.method.owner.class_bytes.length = 1926
methods.1.outcome.report.source_map.segments.104.origin.derived.10.method.owner.location.kind = "standalone_root"
methods.1.outcome.report.source_map.segments.104.origin.derived.10.method.owner.location.snapshot = "c4915b8b6b48b5fd30b04ec506bb895e76e15c8e6e5c43cb2a7e6602e2f05c7c"
methods.1.outcome.report.source_map.segments.104.origin.derived.10.method.owner.variant.kind = "base"
methods.1.outcome.report.source_map.segments.104.origin.derived.10.provenance = "Derived"
methods.1.outcome.report.source_map.segments.104.origin.derived.11.bci = 28
methods.1.outcome.report.source_map.segments.104.origin.derived.11.cp = null
methods.1.outcome.report.source_map.segments.104.origin.derived.11.method.descriptor = [40,76,106,97,118,97,47,105,111,47,79,117,116,112,117,116,83,116,114,101,97,109,59,41,86]
methods.1.outcome.report.source_map.segments.104.origin.derived.11.method.name = [116,101,115,116]
methods.1.outcome.report.source_map.segments.104.origin.derived.11.method.owner.class_bytes.digest = "c4915b8b6b48b5fd30b04ec506bb895e76e15c8e6e5c43cb2a7e6602e2f05c7c"
methods.1.outcome.report.source_map.segments.104.origin.derived.11.method.owner.class_bytes.length = 1926
methods.1.outcome.report.source_map.segments.104.origin.derived.11.method.owner.location.kind = "standalone_root"
methods.1.outcome.report.source_map.segments.104.origin.derived.11.method.owner.location.snapshot = "c4915b8b6b48b5fd30b04ec506bb895e76e15c8e6e5c43cb2a7e6602e2f05c7c"
methods.1.outcome.report.source_map.segments.104.origin.derived.11.method.owner.variant.kind = "base"
methods.1.outcome.report.source_map.segments.104.origin.derived.11.provenance = "Derived"
methods.1.outcome.report.source_map.segments.104.origin.derived.12.bci = 29
methods.1.outcome.report.source_map.segments.104.origin.derived.12.cp = null
methods.1.outcome.report.source_map.segments.104.origin.derived.12.method.descriptor = [40,76,106,97,118,97,47,105,111,47,79,117,116,112,117,116,83,116,114,101,97,109,59,41,86]
methods.1.outcome.report.source_map.segments.104.origin.derived.12.method.name = [116,101,115,116]
methods.1.outcome.report.source_map.segments.104.origin.derived.12.method.owner.class_bytes.digest = "c4915b8b6b48b5fd30b04ec506bb895e76e15c8e6e5c43cb2a7e6602e2f05c7c"
methods.1.outcome.report.source_map.segments.104.origin.derived.12.method.owner.class_bytes.length = 1926
methods.1.outcome.report.source_map.segments.104.origin.derived.12.method.owner.location.kind = "standalone_root"
methods.1.outcome.report.source_map.segments.104.origin.derived.12.method.owner.location.snapshot = "c4915b8b6b48b5fd30b04ec506bb895e76e15c8e6e5c43cb2a7e6602e2f05c7c"
methods.1.outcome.report.source_map.segments.104.origin.derived.12.method.owner.variant.kind = "base"
methods.1.outcome.report.source_map.segments.104.origin.derived.12.provenance = "Derived"
methods.1.outcome.report.source_map.segments.104.origin.derived.13.bci = 30
methods.1.outcome.report.source_map.segments.104.origin.derived.13.cp = null
methods.1.outcome.report.source_map.segments.104.origin.derived.13.method.descriptor = [40,76,106,97,118,97,47,105,111,47,79,117,116,112,117,116,83,116,114,101,97,109,59,41,86]
methods.1.outcome.report.source_map.segments.104.origin.derived.13.method.name = [116,101,115,116]
methods.1.outcome.report.source_map.segments.104.origin.derived.13.method.owner.class_bytes.digest = "c4915b8b6b48b5fd30b04ec506bb895e76e15c8e6e5c43cb2a7e6602e2f05c7c"
methods.1.outcome.report.source_map.segments.104.origin.derived.13.method.owner.class_bytes.length = 1926
methods.1.outcome.report.source_map.segments.104.origin.derived.13.method.owner.location.kind = "standalone_root"
methods.1.outcome.report.source_map.segments.104.origin.derived.13.method.owner.location.snapshot = "c4915b8b6b48b5fd30b04ec506bb895e76e15c8e6e5c43cb2a7e6602e2f05c7c"
methods.1.outcome.report.source_map.segments.104.origin.derived.13.method.owner.variant.kind = "base"
methods.1.outcome.report.source_map.segments.104.origin.derived.13.provenance = "Derived"
methods.1.outcome.report.source_map.segments.104.origin.derived.14.bci = 32
methods.1.outcome.report.source_map.segments.104.origin.derived.14.cp = null
methods.1.outcome.report.source_map.segments.104.origin.derived.14.method.descriptor = [40,76,106,97,118,97,47,105,111,47,79,117,116,112,117,116,83,116,114,101,97,109,59,41,86]
methods.1.outcome.report.source_map.segments.104.origin.derived.14.method.name = [116,101,115,116]
methods.1.outcome.report.source_map.segments.104.origin.derived.14.method.owner.class_bytes.digest = "c4915b8b6b48b5fd30b04ec506bb895e76e15c8e6e5c43cb2a7e6602e2f05c7c"
methods.1.outcome.report.source_map.segments.104.origin.derived.14.method.owner.class_bytes.length = 1926
methods.1.outcome.report.source_map.segments.104.origin.derived.14.method.owner.location.kind = "standalone_root"
methods.1.outcome.report.source_map.segments.104.origin.derived.14.method.owner.location.snapshot = "c4915b8b6b48b5fd30b04ec506bb895e76e15c8e6e5c43cb2a7e6602e2f05c7c"
methods.1.outcome.report.source_map.segments.104.origin.derived.14.method.owner.variant.kind = "base"
methods.1.outcome.report.source_map.segments.104.origin.derived.14.provenance = "Derived"
methods.1.outcome.report.source_map.segments.104.origin.derived.15.bci = 33
methods.1.outcome.report.source_map.segments.104.origin.derived.15.cp = null
methods.1.outcome.report.source_map.segments.104.origin.derived.15.method.descriptor = [40,76,106,97,118,97,47,105,111,47,79,117,116,112,117,116,83,116,114,101,97,109,59,41,86]
methods.1.outcome.report.source_map.segments.104.origin.derived.15.method.name = [116,101,115,116]
methods.1.outcome.report.source_map.segments.104.origin.derived.15.method.owner.class_bytes.digest = "c4915b8b6b48b5fd30b04ec506bb895e76e15c8e6e5c43cb2a7e6602e2f05c7c"
methods.1.outcome.report.source_map.segments.104.origin.derived.15.method.owner.class_bytes.length = 1926
methods.1.outcome.report.source_map.segments.104.origin.derived.15.method.owner.location.kind = "standalone_root"
methods.1.outcome.report.source_map.segments.104.origin.derived.15.method.owner.location.snapshot = "c4915b8b6b48b5fd30b04ec506bb895e76e15c8e6e5c43cb2a7e6602e2f05c7c"
methods.1.outcome.report.source_map.segments.104.origin.derived.15.method.owner.variant.kind = "base"
methods.1.outcome.report.source_map.segments.104.origin.derived.15.provenance = "Derived"
methods.1.outcome.report.source_map.segments.104.origin.derived.16.bci = 35
methods.1.outcome.report.source_map.segments.104.origin.derived.16.cp = null
methods.1.outcome.report.source_map.segments.104.origin.derived.16.method.descriptor = [40,76,106,97,118,97,47,105,111,47,79,117,116,112,117,116,83,116,114,101,97,109,59,41,86]
methods.1.outcome.report.source_map.segments.104.origin.derived.16.method.name = [116,101,115,116]
methods.1.outcome.report.source_map.segments.104.origin.derived.16.method.owner.class_bytes.digest = "c4915b8b6b48b5fd30b04ec506bb895e76e15c8e6e5c43cb2a7e6602e2f05c7c"
methods.1.outcome.report.source_map.segments.104.origin.derived.16.method.owner.class_bytes.length = 1926
methods.1.outcome.report.source_map.segments.104.origin.derived.16.method.owner.location.kind = "standalone_root"
methods.1.outcome.report.source_map.segments.104.origin.derived.16.method.owner.location.snapshot = "c4915b8b6b48b5fd30b04ec506bb895e76e15c8e6e5c43cb2a7e6602e2f05c7c"
methods.1.outcome.report.source_map.segments.104.origin.derived.16.method.owner.variant.kind = "base"
methods.1.outcome.report.source_map.segments.104.origin.derived.16.provenance = "Derived"
methods.1.outcome.report.source_map.segments.104.origin.derived.17.bci = 37
methods.1.outcome.report.source_map.segments.104.origin.derived.17.cp = null
methods.1.outcome.report.source_map.segments.104.origin.derived.17.method.descriptor = [40,76,106,97,118,97,47,105,111,47,79,117,116,112,117,116,83,116,114,101,97,109,59,41,86]
methods.1.outcome.report.source_map.segments.104.origin.derived.17.method.name = [116,101,115,116]
methods.1.outcome.report.source_map.segments.104.origin.derived.17.method.owner.class_bytes.digest = "c4915b8b6b48b5fd30b04ec506bb895e76e15c8e6e5c43cb2a7e6602e2f05c7c"
methods.1.outcome.report.source_map.segments.104.origin.derived.17.method.owner.class_bytes.length = 1926
methods.1.outcome.report.source_map.segments.104.origin.derived.17.method.owner.location.kind = "standalone_root"
methods.1.outcome.report.source_map.segments.104.origin.derived.17.method.owner.location.snapshot = "c4915b8b6b48b5fd30b04ec506bb895e76e15c8e6e5c43cb2a7e6602e2f05c7c"
methods.1.outcome.report.source_map.segments.104.origin.derived.17.method.owner.variant.kind = "base"
methods.1.outcome.report.source_map.segments.104.origin.derived.17.provenance = "Derived"
methods.1.outcome.report.source_map.segments.104.origin.derived.18.bci = 39
methods.1.outcome.report.source_map.segments.104.origin.derived.18.cp = null
methods.1.outcome.report.source_map.segments.104.origin.derived.18.method.descriptor = [40,76,106,97,118,97,47,105,111,47,79,117,116,112,117,116,83,116,114,101,97,109,59,41,86]
methods.1.outcome.report.source_map.segments.104.origin.derived.18.method.name = [116,101,115,116]
methods.1.outcome.report.source_map.segments.104.origin.derived.18.method.owner.class_bytes.digest = "c4915b8b6b48b5fd30b04ec506bb895e76e15c8e6e5c43cb2a7e6602e2f05c7c"
methods.1.outcome.report.source_map.segments.104.origin.derived.18.method.owner.class_bytes.length = 1926
methods.1.outcome.report.source_map.segments.104.origin.derived.18.method.owner.location.kind = "standalone_root"
methods.1.outcome.report.source_map.segments.104.origin.derived.18.method.owner.location.snapshot = "c4915b8b6b48b5fd30b04ec506bb895e76e15c8e6e5c43cb2a7e6602e2f05c7c"
methods.1.outcome.report.source_map.segments.104.origin.derived.18.method.owner.variant.kind = "base"
methods.1.outcome.report.source_map.segments.104.origin.derived.18.provenance = "Derived"
methods.1.outcome.report.source_map.segments.104.origin.derived.19.bci = 42
methods.1.outcome.report.source_map.segments.104.origin.derived.19.cp = null
methods.1.outcome.report.source_map.segments.104.origin.derived.19.method.descriptor = [40,76,106,97,118,97,47,105,111,47,79,117,116,112,117,116,83,116,114,101,97,109,59,41,86]
methods.1.outcome.report.source_map.segments.104.origin.derived.19.method.name = [116,101,115,116]
methods.1.outcome.report.source_map.segments.104.origin.derived.19.method.owner.class_bytes.digest = "c4915b8b6b48b5fd30b04ec506bb895e76e15c8e6e5c43cb2a7e6602e2f05c7c"
methods.1.outcome.report.source_map.segments.104.origin.derived.19.method.owner.class_bytes.length = 1926
methods.1.outcome.report.source_map.segments.104.origin.derived.19.method.owner.location.kind = "standalone_root"
methods.1.outcome.report.source_map.segments.104.origin.derived.19.method.owner.location.snapshot = "c4915b8b6b48b5fd30b04ec506bb895e76e15c8e6e5c43cb2a7e6602e2f05c7c"
methods.1.outcome.report.source_map.segments.104.origin.derived.19.method.owner.variant.kind = "base"
methods.1.outcome.report.source_map.segments.104.origin.derived.19.provenance = "Derived"
methods.1.outcome.report.source_map.segments.104.origin.derived.20.bci = 43
methods.1.outcome.report.source_map.segments.104.origin.derived.20.cp = null
methods.1.outcome.report.source_map.segments.104.origin.derived.20.method.descriptor = [40,76,106,97,118,97,47,105,111,47,79,117,116,112,117,116,83,116,114,101,97,109,59,41,86]
methods.1.outcome.report.source_map.segments.104.origin.derived.20.method.name = [116,101,115,116]
methods.1.outcome.report.source_map.segments.104.origin.derived.20.method.owner.class_bytes.digest = "c4915b8b6b48b5fd30b04ec506bb895e76e15c8e6e5c43cb2a7e6602e2f05c7c"
methods.1.outcome.report.source_map.segments.104.origin.derived.20.method.owner.class_bytes.length = 1926
methods.1.outcome.report.source_map.segments.104.origin.derived.20.method.owner.location.kind = "standalone_root"
methods.1.outcome.report.source_map.segments.104.origin.derived.20.method.owner.location.snapshot = "c4915b8b6b48b5fd30b04ec506bb895e76e15c8e6e5c43cb2a7e6602e2f05c7c"
methods.1.outcome.report.source_map.segments.104.origin.derived.20.method.owner.variant.kind = "base"
methods.1.outcome.report.source_map.segments.104.origin.derived.20.provenance = "Derived"
methods.1.outcome.report.source_map.segments.104.origin.derived.21.bci = 45
methods.1.outcome.report.source_map.segments.104.origin.derived.21.cp = null
methods.1.outcome.report.source_map.segments.104.origin.derived.21.method.descriptor = [40,76,106,97,118,97,47,105,111,47,79,117,116,112,117,116,83,116,114,101,97,109,59,41,86]
methods.1.outcome.report.source_map.segments.104.origin.derived.21.method.name = [116,101,115,116]
methods.1.outcome.report.source_map.segments.104.origin.derived.21.method.owner.class_bytes.digest = "c4915b8b6b48b5fd30b04ec506bb895e76e15c8e6e5c43cb2a7e6602e2f05c7c"
methods.1.outcome.report.source_map.segments.104.origin.derived.21.method.owner.class_bytes.length = 1926
methods.1.outcome.report.source_map.segments.104.origin.derived.21.method.owner.location.kind = "standalone_root"
methods.1.outcome.report.source_map.segments.104.origin.derived.21.method.owner.location.snapshot = "c4915b8b6b48b5fd30b04ec506bb895e76e15c8e6e5c43cb2a7e6602e2f05c7c"
methods.1.outcome.report.source_map.segments.104.origin.derived.21.method.owner.variant.kind = "base"
methods.1.outcome.report.source_map.segments.104.origin.derived.21.provenance = "Derived"
methods.1.outcome.report.source_map.segments.104.origin.derived.22.bci = 46
methods.1.outcome.report.source_map.segments.104.origin.derived.22.cp = null
methods.1.outcome.report.source_map.segments.104.origin.derived.22.method.descriptor = [40,76,106,97,118,97,47,105,111,47,79,117,116,112,117,116,83,116,114,101,97,109,59,41,86]
methods.1.outcome.report.source_map.segments.104.origin.derived.22.method.name = [116,101,115,116]
methods.1.outcome.report.source_map.segments.104.origin.derived.22.method.owner.class_bytes.digest = "c4915b8b6b48b5fd30b04ec506bb895e76e15c8e6e5c43cb2a7e6602e2f05c7c"
methods.1.outcome.report.source_map.segments.104.origin.derived.22.method.owner.class_bytes.length = 1926
methods.1.outcome.report.source_map.segments.104.origin.derived.22.method.owner.location.kind = "standalone_root"
methods.1.outcome.report.source_map.segments.104.origin.derived.22.method.owner.location.snapshot = "c4915b8b6b48b5fd30b04ec506bb895e76e15c8e6e5c43cb2a7e6602e2f05c7c"
methods.1.outcome.report.source_map.segments.104.origin.derived.22.method.owner.variant.kind = "base"
methods.1.outcome.report.source_map.segments.104.origin.derived.22.provenance = "Derived"
methods.1.outcome.report.source_map.segments.104.origin.derived.23.bci = 48
methods.1.outcome.report.source_map.segments.104.origin.derived.23.cp = null
methods.1.outcome.report.source_map.segments.104.origin.derived.23.method.descriptor = [40,76,106,97,118,97,47,105,111,47,79,117,116,112,117,116,83,116,114,101,97,109,59,41,86]
methods.1.outcome.report.source_map.segments.104.origin.derived.23.method.name = [116,101,115,116]
methods.1.outcome.report.source_map.segments.104.origin.derived.23.method.owner.class_bytes.digest = "c4915b8b6b48b5fd30b04ec506bb895e76e15c8e6e5c43cb2a7e6602e2f05c7c"
methods.1.outcome.report.source_map.segments.104.origin.derived.23.method.owner.class_bytes.length = 1926
methods.1.outcome.report.source_map.segments.104.origin.derived.23.method.owner.location.kind = "standalone_root"
methods.1.outcome.report.source_map.segments.104.origin.derived.23.method.owner.location.snapshot = "c4915b8b6b48b5fd30b04ec506bb895e76e15c8e6e5c43cb2a7e6602e2f05c7c"
methods.1.outcome.report.source_map.segments.104.origin.derived.23.method.owner.variant.kind = "base"
methods.1.outcome.report.source_map.segments.104.origin.derived.23.provenance = "Derived"
methods.1.outcome.report.source_map.segments.104.origin.derived.24.bci = 49
methods.1.outcome.report.source_map.segments.104.origin.derived.24.cp = null
methods.1.outcome.report.source_map.segments.104.origin.derived.24.method.descriptor = [40,76,106,97,118,97,47,105,111,47,79,117,116,112,117,116,83,116,114,101,97,109,59,41,86]
methods.1.outcome.report.source_map.segments.104.origin.derived.24.method.name = [116,101,115,116]
methods.1.outcome.report.source_map.segments.104.origin.derived.24.method.owner.class_bytes.digest = "c4915b8b6b48b5fd30b04ec506bb895e76e15c8e6e5c43cb2a7e6602e2f05c7c"
methods.1.outcome.report.source_map.segments.104.origin.derived.24.method.owner.class_bytes.length = 1926
methods.1.outcome.report.source_map.segments.104.origin.derived.24.method.owner.location.kind = "standalone_root"
methods.1.outcome.report.source_map.segments.104.origin.derived.24.method.owner.location.snapshot = "c4915b8b6b48b5fd30b04ec506bb895e76e15c8e6e5c43cb2a7e6602e2f05c7c"
methods.1.outcome.report.source_map.segments.104.origin.derived.24.method.owner.variant.kind = "base"
methods.1.outcome.report.source_map.segments.104.origin.derived.24.provenance = "Derived"
methods.1.outcome.report.source_map.segments.104.origin.derived.25.bci = 50
methods.1.outcome.report.source_map.segments.104.origin.derived.25.cp = null
methods.1.outcome.report.source_map.segments.104.origin.derived.25.method.descriptor = [40,76,106,97,118,97,47,105,111,47,79,117,116,112,117,116,83,116,114,101,97,109,59,41,86]
methods.1.outcome.report.source_map.segments.104.origin.derived.25.method.name = [116,101,115,116]
methods.1.outcome.report.source_map.segments.104.origin.derived.25.method.owner.class_bytes.digest = "c4915b8b6b48b5fd30b04ec506bb895e76e15c8e6e5c43cb2a7e6602e2f05c7c"
methods.1.outcome.report.source_map.segments.104.origin.derived.25.method.owner.class_bytes.length = 1926
methods.1.outcome.report.source_map.segments.104.origin.derived.25.method.owner.location.kind = "standalone_root"
methods.1.outcome.report.source_map.segments.104.origin.derived.25.method.owner.location.snapshot = "c4915b8b6b48b5fd30b04ec506bb895e76e15c8e6e5c43cb2a7e6602e2f05c7c"
methods.1.outcome.report.source_map.segments.104.origin.derived.25.method.owner.variant.kind = "base"
methods.1.outcome.report.source_map.segments.104.origin.derived.25.provenance = "Derived"
methods.1.outcome.report.source_map.segments.104.origin.derived.26.bci = 52
methods.1.outcome.report.source_map.segments.104.origin.derived.26.cp = null
methods.1.outcome.report.source_map.segments.104.origin.derived.26.method.descriptor = [40,76,106,97,118,97,47,105,111,47,79,117,116,112,117,116,83,116,114,101,97,109,59,41,86]
methods.1.outcome.report.source_map.segments.104.origin.derived.26.method.name = [116,101,115,116]
methods.1.outcome.report.source_map.segments.104.origin.derived.26.method.owner.class_bytes.digest = "c4915b8b6b48b5fd30b04ec506bb895e76e15c8e6e5c43cb2a7e6602e2f05c7c"
methods.1.outcome.report.source_map.segments.104.origin.derived.26.method.owner.class_bytes.length = 1926
methods.1.outcome.report.source_map.segments.104.origin.derived.26.method.owner.location.kind = "standalone_root"
methods.1.outcome.report.source_map.segments.104.origin.derived.26.method.owner.location.snapshot = "c4915b8b6b48b5fd30b04ec506bb895e76e15c8e6e5c43cb2a7e6602e2f05c7c"
methods.1.outcome.report.source_map.segments.104.origin.derived.26.method.owner.variant.kind = "base"
methods.1.outcome.report.source_map.segments.104.origin.derived.26.provenance = "Derived"
methods.1.outcome.report.source_map.segments.104.origin.derived.27.bci = 55
methods.1.outcome.report.source_map.segments.104.origin.derived.27.cp = null
methods.1.outcome.report.source_map.segments.104.origin.derived.27.method.descriptor = [40,76,106,97,118,97,47,105,111,47,79,117,116,112,117,116,83,116,114,101,97,109,59,41,86]
methods.1.outcome.report.source_map.segments.104.origin.derived.27.method.name = [116,101,115,116]
methods.1.outcome.report.source_map.segments.104.origin.derived.27.method.owner.class_bytes.digest = "c4915b8b6b48b5fd30b04ec506bb895e76e15c8e6e5c43cb2a7e6602e2f05c7c"
methods.1.outcome.report.source_map.segments.104.origin.derived.27.method.owner.class_bytes.length = 1926
methods.1.outcome.report.source_map.segments.104.origin.derived.27.method.owner.location.kind = "standalone_root"
methods.1.outcome.report.source_map.segments.104.origin.derived.27.method.owner.location.snapshot = "c4915b8b6b48b5fd30b04ec506bb895e76e15c8e6e5c43cb2a7e6602e2f05c7c"
methods.1.outcome.report.source_map.segments.104.origin.derived.27.method.owner.variant.kind = "base"
methods.1.outcome.report.source_map.segments.104.origin.derived.27.provenance = "Derived"
methods.1.outcome.report.source_map.segments.104.origin.derived.28.bci = 58
methods.1.outcome.report.source_map.segments.104.origin.derived.28.cp = null
methods.1.outcome.report.source_map.segments.104.origin.derived.28.method.descriptor = [40,76,106,97,118,97,47,105,111,47,79,117,116,112,117,116,83,116,114,101,97,109,59,41,86]
methods.1.outcome.report.source_map.segments.104.origin.derived.28.method.name = [116,101,115,116]
methods.1.outcome.report.source_map.segments.104.origin.derived.28.method.owner.class_bytes.digest = "c4915b8b6b48b5fd30b04ec506bb895e76e15c8e6e5c43cb2a7e6602e2f05c7c"
methods.1.outcome.report.source_map.segments.104.origin.derived.28.method.owner.class_bytes.length = 1926
methods.1.outcome.report.source_map.segments.104.origin.derived.28.method.owner.location.kind = "standalone_root"
methods.1.outcome.report.source_map.segments.104.origin.derived.28.method.owner.location.snapshot = "c4915b8b6b48b5fd30b04ec506bb895e76e15c8e6e5c43cb2a7e6602e2f05c7c"
methods.1.outcome.report.source_map.segments.104.origin.derived.28.method.owner.variant.kind = "base"
methods.1.outcome.report.source_map.segments.104.origin.derived.28.provenance = "Derived"
methods.1.outcome.report.source_map.segments.104.origin.derived.29.bci = 61
methods.1.outcome.report.source_map.segments.104.origin.derived.29.cp = null
methods.1.outcome.report.source_map.segments.104.origin.derived.29.method.descriptor = [40,76,106,97,118,97,47,105,111,47,79,117,116,112,117,116,83,116,114,101,97,109,59,41,86]
methods.1.outcome.report.source_map.segments.104.origin.derived.29.method.name = [116,101,115,116]
methods.1.outcome.report.source_map.segments.104.origin.derived.29.method.owner.class_bytes.digest = "c4915b8b6b48b5fd30b04ec506bb895e76e15c8e6e5c43cb2a7e6602e2f05c7c"
methods.1.outcome.report.source_map.segments.104.origin.derived.29.method.owner.class_bytes.length = 1926
methods.1.outcome.report.source_map.segments.104.origin.derived.29.method.owner.location.kind = "standalone_root"
methods.1.outcome.report.source_map.segments.104.origin.derived.29.method.owner.location.snapshot = "c4915b8b6b48b5fd30b04ec506bb895e76e15c8e6e5c43cb2a7e6602e2f05c7c"
methods.1.outcome.report.source_map.segments.104.origin.derived.29.method.owner.variant.kind = "base"
methods.1.outcome.report.source_map.segments.104.origin.derived.29.provenance = "Derived"
methods.1.outcome.report.source_map.segments.104.origin.derived.30.bci = 64
methods.1.outcome.report.source_map.segments.104.origin.derived.30.cp = null
methods.1.outcome.report.source_map.segments.104.origin.derived.30.method.descriptor = [40,76,106,97,118,97,47,105,111,47,79,117,116,112,117,116,83,116,114,101,97,109,59,41,86]
methods.1.outcome.report.source_map.segments.104.origin.derived.30.method.name = [116,101,115,116]
methods.1.outcome.report.source_map.segments.104.origin.derived.30.method.owner.class_bytes.digest = "c4915b8b6b48b5fd30b04ec506bb895e76e15c8e6e5c43cb2a7e6602e2f05c7c"
methods.1.outcome.report.source_map.segments.104.origin.derived.30.method.owner.class_bytes.length = 1926
methods.1.outcome.report.source_map.segments.104.origin.derived.30.method.owner.location.kind = "standalone_root"
methods.1.outcome.report.source_map.segments.104.origin.derived.30.method.owner.location.snapshot = "c4915b8b6b48b5fd30b04ec506bb895e76e15c8e6e5c43cb2a7e6602e2f05c7c"
methods.1.outcome.report.source_map.segments.104.origin.derived.30.method.owner.variant.kind = "base"
methods.1.outcome.report.source_map.segments.104.origin.derived.30.provenance = "Derived"
methods.1.outcome.report.source_map.segments.104.origin.derived.31.bci = 65
methods.1.outcome.report.source_map.segments.104.origin.derived.31.cp = null
methods.1.outcome.report.source_map.segments.104.origin.derived.31.method.descriptor = [40,76,106,97,118,97,47,105,111,47,79,117,116,112,117,116,83,116,114,101,97,109,59,41,86]
methods.1.outcome.report.source_map.segments.104.origin.derived.31.method.name = [116,101,115,116]
methods.1.outcome.report.source_map.segments.104.origin.derived.31.method.owner.class_bytes.digest = "c4915b8b6b48b5fd30b04ec506bb895e76e15c8e6e5c43cb2a7e6602e2f05c7c"
methods.1.outcome.report.source_map.segments.104.origin.derived.31.method.owner.class_bytes.length = 1926
methods.1.outcome.report.source_map.segments.104.origin.derived.31.method.owner.location.kind = "standalone_root"
methods.1.outcome.report.source_map.segments.104.origin.derived.31.method.owner.location.snapshot = "c4915b8b6b48b5fd30b04ec506bb895e76e15c8e6e5c43cb2a7e6602e2f05c7c"
methods.1.outcome.report.source_map.segments.104.origin.derived.31.method.owner.variant.kind = "base"
methods.1.outcome.report.source_map.segments.104.origin.derived.31.provenance = "Derived"
methods.1.outcome.report.source_map.segments.104.origin.derived.32.bci = 68
methods.1.outcome.report.source_map.segments.104.origin.derived.32.cp = null
methods.1.outcome.report.source_map.segments.104.origin.derived.32.method.descriptor = [40,76,106,97,118,97,47,105,111,47,79,117,116,112,117,116,83,116,114,101,97,109,59,41,86]
methods.1.outcome.report.source_map.segments.104.origin.derived.32.method.name = [116,101,115,116]
methods.1.outcome.report.source_map.segments.104.origin.derived.32.method.owner.class_bytes.digest = "c4915b8b6b48b5fd30b04ec506bb895e76e15c8e6e5c43cb2a7e6602e2f05c7c"
methods.1.outcome.report.source_map.segments.104.origin.derived.32.method.owner.class_bytes.length = 1926
methods.1.outcome.report.source_map.segments.104.origin.derived.32.method.owner.location.kind = "standalone_root"
methods.1.outcome.report.source_map.segments.104.origin.derived.32.method.owner.location.snapshot = "c4915b8b6b48b5fd30b04ec506bb895e76e15c8e6e5c43cb2a7e6602e2f05c7c"
methods.1.outcome.report.source_map.segments.104.origin.derived.32.method.owner.variant.kind = "base"
methods.1.outcome.report.source_map.segments.104.origin.derived.32.provenance = "Derived"
methods.1.outcome.report.source_map.segments.104.origin.derived.33.bci = 69
methods.1.outcome.report.source_map.segments.104.origin.derived.33.cp = null
methods.1.outcome.report.source_map.segments.104.origin.derived.33.method.descriptor = [40,76,106,97,118,97,47,105,111,47,79,117,116,112,117,116,83,116,114,101,97,109,59,41,86]
methods.1.outcome.report.source_map.segments.104.origin.derived.33.method.name = [116,101,115,116]
methods.1.outcome.report.source_map.segments.104.origin.derived.33.method.owner.class_bytes.digest = "c4915b8b6b48b5fd30b04ec506bb895e76e15c8e6e5c43cb2a7e6602e2f05c7c"
methods.1.outcome.report.source_map.segments.104.origin.derived.33.method.owner.class_bytes.length = 1926
methods.1.outcome.report.source_map.segments.104.origin.derived.33.method.owner.location.kind = "standalone_root"
methods.1.outcome.report.source_map.segments.104.origin.derived.33.method.owner.location.snapshot = "c4915b8b6b48b5fd30b04ec506bb895e76e15c8e6e5c43cb2a7e6602e2f05c7c"
methods.1.outcome.report.source_map.segments.104.origin.derived.33.method.owner.variant.kind = "base"
methods.1.outcome.report.source_map.segments.104.origin.derived.33.provenance = "Derived"
methods.1.outcome.report.source_map.segments.104.origin.derived.34.bci = 70
methods.1.outcome.report.source_map.segments.104.origin.derived.34.cp = null
methods.1.outcome.report.source_map.segments.104.origin.derived.34.method.descriptor = [40,76,106,97,118,97,47,105,111,47,79,117,116,112,117,116,83,116,114,101,97,109,59,41,86]
methods.1.outcome.report.source_map.segments.104.origin.derived.34.method.name = [116,101,115,116]
methods.1.outcome.report.source_map.segments.104.origin.derived.34.method.owner.class_bytes.digest = "c4915b8b6b48b5fd30b04ec506bb895e76e15c8e6e5c43cb2a7e6602e2f05c7c"
methods.1.outcome.report.source_map.segments.104.origin.derived.34.method.owner.class_bytes.length = 1926
methods.1.outcome.report.source_map.segments.104.origin.derived.34.method.owner.location.kind = "standalone_root"
methods.1.outcome.report.source_map.segments.104.origin.derived.34.method.owner.location.snapshot = "c4915b8b6b48b5fd30b04ec506bb895e76e15c8e6e5c43cb2a7e6602e2f05c7c"
methods.1.outcome.report.source_map.segments.104.origin.derived.34.method.owner.variant.kind = "base"
methods.1.outcome.report.source_map.segments.104.origin.derived.34.provenance = "Derived"
methods.1.outcome.report.source_map.segments.104.origin.derived.35.bci = 71
methods.1.outcome.report.source_map.segments.104.origin.derived.35.cp = null
methods.1.outcome.report.source_map.segments.104.origin.derived.35.method.descriptor = [40,76,106,97,118,97,47,105,111,47,79,117,116,112,117,116,83,116,114,101,97,109,59,41,86]
methods.1.outcome.report.source_map.segments.104.origin.derived.35.method.name = [116,101,115,116]
methods.1.outcome.report.source_map.segments.104.origin.derived.35.method.owner.class_bytes.digest = "c4915b8b6b48b5fd30b04ec506bb895e76e15c8e6e5c43cb2a7e6602e2f05c7c"
methods.1.outcome.report.source_map.segments.104.origin.derived.35.method.owner.class_bytes.length = 1926
methods.1.outcome.report.source_map.segments.104.origin.derived.35.method.owner.location.kind = "standalone_root"
methods.1.outcome.report.source_map.segments.104.origin.derived.35.method.owner.location.snapshot = "c4915b8b6b48b5fd30b04ec506bb895e76e15c8e6e5c43cb2a7e6602e2f05c7c"
methods.1.outcome.report.source_map.segments.104.origin.derived.35.method.owner.variant.kind = "base"
methods.1.outcome.report.source_map.segments.104.origin.derived.35.provenance = "Derived"
methods.1.outcome.report.source_map.segments.104.origin.derived.36.bci = 73
methods.1.outcome.report.source_map.segments.104.origin.derived.36.cp = null
methods.1.outcome.report.source_map.segments.104.origin.derived.36.method.descriptor = [40,76,106,97,118,97,47,105,111,47,79,117,116,112,117,116,83,116,114,101,97,109,59,41,86]
methods.1.outcome.report.source_map.segments.104.origin.derived.36.method.name = [116,101,115,116]
methods.1.outcome.report.source_map.segments.104.origin.derived.36.method.owner.class_bytes.digest = "c4915b8b6b48b5fd30b04ec506bb895e76e15c8e6e5c43cb2a7e6602e2f05c7c"
methods.1.outcome.report.source_map.segments.104.origin.derived.36.method.owner.class_bytes.length = 1926
methods.1.outcome.report.source_map.segments.104.origin.derived.36.method.owner.location.kind = "standalone_root"
methods.1.outcome.report.source_map.segments.104.origin.derived.36.method.owner.location.snapshot = "c4915b8b6b48b5fd30b04ec506bb895e76e15c8e6e5c43cb2a7e6602e2f05c7c"
methods.1.outcome.report.source_map.segments.104.origin.derived.36.method.owner.variant.kind = "base"
methods.1.outcome.report.source_map.segments.104.origin.derived.36.provenance = "Derived"
methods.1.outcome.report.source_map.segments.104.origin.derived.37.bci = 74
methods.1.outcome.report.source_map.segments.104.origin.derived.37.cp = null
methods.1.outcome.report.source_map.segments.104.origin.derived.37.method.descriptor = [40,76,106,97,118,97,47,105,111,47,79,117,116,112,117,116,83,116,114,101,97,109,59,41,86]
methods.1.outcome.report.source_map.segments.104.origin.derived.37.method.name = [116,101,115,116]
methods.1.outcome.report.source_map.segments.104.origin.derived.37.method.owner.class_bytes.digest = "c4915b8b6b48b5fd30b04ec506bb895e76e15c8e6e5c43cb2a7e6602e2f05c7c"
methods.1.outcome.report.source_map.segments.104.origin.derived.37.method.owner.class_bytes.length = 1926
methods.1.outcome.report.source_map.segments.104.origin.derived.37.method.owner.location.kind = "standalone_root"
methods.1.outcome.report.source_map.segments.104.origin.derived.37.method.owner.location.snapshot = "c4915b8b6b48b5fd30b04ec506bb895e76e15c8e6e5c43cb2a7e6602e2f05c7c"
methods.1.outcome.report.source_map.segments.104.origin.derived.37.method.owner.variant.kind = "base"
methods.1.outcome.report.source_map.segments.104.origin.derived.37.provenance = "Derived"
methods.1.outcome.report.source_map.segments.104.origin.derived.38.bci = 76
methods.1.outcome.report.source_map.segments.104.origin.derived.38.cp = null
methods.1.outcome.report.source_map.segments.104.origin.derived.38.method.descriptor = [40,76,106,97,118,97,47,105,111,47,79,117,116,112,117,116,83,116,114,101,97,109,59,41,86]
methods.1.outcome.report.source_map.segments.104.origin.derived.38.method.name = [116,101,115,116]
methods.1.outcome.report.source_map.segments.104.origin.derived.38.method.owner.class_bytes.digest = "c4915b8b6b48b5fd30b04ec506bb895e76e15c8e6e5c43cb2a7e6602e2f05c7c"
methods.1.outcome.report.source_map.segments.104.origin.derived.38.method.owner.class_bytes.length = 1926
methods.1.outcome.report.source_map.segments.104.origin.derived.38.method.owner.location.kind = "standalone_root"
methods.1.outcome.report.source_map.segments.104.origin.derived.38.method.owner.location.snapshot = "c4915b8b6b48b5fd30b04ec506bb895e76e15c8e6e5c43cb2a7e6602e2f05c7c"
methods.1.outcome.report.source_map.segments.104.origin.derived.38.method.owner.variant.kind = "base"
methods.1.outcome.report.source_map.segments.104.origin.derived.38.provenance = "Derived"
methods.1.outcome.report.source_map.segments.104.origin.derived.39.bci = 78
methods.1.outcome.report.source_map.segments.104.origin.derived.39.cp = null
methods.1.outcome.report.source_map.segments.104.origin.derived.39.method.descriptor = [40,76,106,97,118,97,47,105,111,47,79,117,116,112,117,116,83,116,114,101,97,109,59,41,86]
methods.1.outcome.report.source_map.segments.104.origin.derived.39.method.name = [116,101,115,116]
methods.1.outcome.report.source_map.segments.104.origin.derived.39.method.owner.class_bytes.digest = "c4915b8b6b48b5fd30b04ec506bb895e76e15c8e6e5c43cb2a7e6602e2f05c7c"
methods.1.outcome.report.source_map.segments.104.origin.derived.39.method.owner.class_bytes.length = 1926
methods.1.outcome.report.source_map.segments.104.origin.derived.39.method.owner.location.kind = "standalone_root"
methods.1.outcome.report.source_map.segments.104.origin.derived.39.method.owner.location.snapshot = "c4915b8b6b48b5fd30b04ec506bb895e76e15c8e6e5c43cb2a7e6602e2f05c7c"
methods.1.outcome.report.source_map.segments.104.origin.derived.39.method.owner.variant.kind = "base"
methods.1.outcome.report.source_map.segments.104.origin.derived.39.provenance = "Derived"
methods.1.outcome.report.source_map.segments.104.origin.derived.40.bci = 80
methods.1.outcome.report.source_map.segments.104.origin.derived.40.cp = null
methods.1.outcome.report.source_map.segments.104.origin.derived.40.method.descriptor = [40,76,106,97,118,97,47,105,111,47,79,117,116,112,117,116,83,116,114,101,97,109,59,41,86]
methods.1.outcome.report.source_map.segments.104.origin.derived.40.method.name = [116,101,115,116]
methods.1.outcome.report.source_map.segments.104.origin.derived.40.method.owner.class_bytes.digest = "c4915b8b6b48b5fd30b04ec506bb895e76e15c8e6e5c43cb2a7e6602e2f05c7c"
methods.1.outcome.report.source_map.segments.104.origin.derived.40.method.owner.class_bytes.length = 1926
methods.1.outcome.report.source_map.segments.104.origin.derived.40.method.owner.location.kind = "standalone_root"
methods.1.outcome.report.source_map.segments.104.origin.derived.40.method.owner.location.snapshot = "c4915b8b6b48b5fd30b04ec506bb895e76e15c8e6e5c43cb2a7e6602e2f05c7c"
methods.1.outcome.report.source_map.segments.104.origin.derived.40.method.owner.variant.kind = "base"
methods.1.outcome.report.source_map.segments.104.origin.derived.40.provenance = "Derived"
methods.1.outcome.report.source_map.segments.104.origin.derived.41.bci = 83
methods.1.outcome.report.source_map.segments.104.origin.derived.41.cp = null
methods.1.outcome.report.source_map.segments.104.origin.derived.41.method.descriptor = [40,76,106,97,118,97,47,105,111,47,79,117,116,112,117,116,83,116,114,101,97,109,59,41,86]
methods.1.outcome.report.source_map.segments.104.origin.derived.41.method.name = [116,101,115,116]
methods.1.outcome.report.source_map.segments.104.origin.derived.41.method.owner.class_bytes.digest = "c4915b8b6b48b5fd30b04ec506bb895e76e15c8e6e5c43cb2a7e6602e2f05c7c"
methods.1.outcome.report.source_map.segments.104.origin.derived.41.method.owner.class_bytes.length = 1926
methods.1.outcome.report.source_map.segments.104.origin.derived.41.method.owner.location.kind = "standalone_root"
methods.1.outcome.report.source_map.segments.104.origin.derived.41.method.owner.location.snapshot = "c4915b8b6b48b5fd30b04ec506bb895e76e15c8e6e5c43cb2a7e6602e2f05c7c"
methods.1.outcome.report.source_map.segments.104.origin.derived.41.method.owner.variant.kind = "base"
methods.1.outcome.report.source_map.segments.104.origin.derived.41.provenance = "Derived"
methods.1.outcome.report.source_map.segments.104.origin.derived.42.bci = 84
methods.1.outcome.report.source_map.segments.104.origin.derived.42.cp = null
methods.1.outcome.report.source_map.segments.104.origin.derived.42.method.descriptor = [40,76,106,97,118,97,47,105,111,47,79,117,116,112,117,116,83,116,114,101,97,109,59,41,86]
methods.1.outcome.report.source_map.segments.104.origin.derived.42.method.name = [116,101,115,116]
methods.1.outcome.report.source_map.segments.104.origin.derived.42.method.owner.class_bytes.digest = "c4915b8b6b48b5fd30b04ec506bb895e76e15c8e6e5c43cb2a7e6602e2f05c7c"
methods.1.outcome.report.source_map.segments.104.origin.derived.42.method.owner.class_bytes.length = 1926
methods.1.outcome.report.source_map.segments.104.origin.derived.42.method.owner.location.kind = "standalone_root"
methods.1.outcome.report.source_map.segments.104.origin.derived.42.method.owner.location.snapshot = "c4915b8b6b48b5fd30b04ec506bb895e76e15c8e6e5c43cb2a7e6602e2f05c7c"
methods.1.outcome.report.source_map.segments.104.origin.derived.42.method.owner.variant.kind = "base"
methods.1.outcome.report.source_map.segments.104.origin.derived.42.provenance = "Derived"
methods.1.outcome.report.source_map.segments.104.origin.derived.43.bci = 86
methods.1.outcome.report.source_map.segments.104.origin.derived.43.cp = null
methods.1.outcome.report.source_map.segments.104.origin.derived.43.method.descriptor = [40,76,106,97,118,97,47,105,111,47,79,117,116,112,117,116,83,116,114,101,97,109,59,41,86]
methods.1.outcome.report.source_map.segments.104.origin.derived.43.method.name = [116,101,115,116]
methods.1.outcome.report.source_map.segments.104.origin.derived.43.method.owner.class_bytes.digest = "c4915b8b6b48b5fd30b04ec506bb895e76e15c8e6e5c43cb2a7e6602e2f05c7c"
methods.1.outcome.report.source_map.segments.104.origin.derived.43.method.owner.class_bytes.length = 1926
methods.1.outcome.report.source_map.segments.104.origin.derived.43.method.owner.location.kind = "standalone_root"
methods.1.outcome.report.source_map.segments.104.origin.derived.43.method.owner.location.snapshot = "c4915b8b6b48b5fd30b04ec506bb895e76e15c8e6e5c43cb2a7e6602e2f05c7c"
methods.1.outcome.report.source_map.segments.104.origin.derived.43.method.owner.variant.kind = "base"
methods.1.outcome.report.source_map.segments.104.origin.derived.43.provenance = "Derived"
methods.1.outcome.report.source_map.segments.104.origin.derived.44.bci = 87
methods.1.outcome.report.source_map.segments.104.origin.derived.44.cp = null
methods.1.outcome.report.source_map.segments.104.origin.derived.44.method.descriptor = [40,76,106,97,118,97,47,105,111,47,79,117,116,112,117,116,83,116,114,101,97,109,59,41,86]
methods.1.outcome.report.source_map.segments.104.origin.derived.44.method.name = [116,101,115,116]
methods.1.outcome.report.source_map.segments.104.origin.derived.44.method.owner.class_bytes.digest = "c4915b8b6b48b5fd30b04ec506bb895e76e15c8e6e5c43cb2a7e6602e2f05c7c"
methods.1.outcome.report.source_map.segments.104.origin.derived.44.method.owner.class_bytes.length = 1926
methods.1.outcome.report.source_map.segments.104.origin.derived.44.method.owner.location.kind = "standalone_root"
methods.1.outcome.report.source_map.segments.104.origin.derived.44.method.owner.location.snapshot = "c4915b8b6b48b5fd30b04ec506bb895e76e15c8e6e5c43cb2a7e6602e2f05c7c"
methods.1.outcome.report.source_map.segments.104.origin.derived.44.method.owner.variant.kind = "base"
methods.1.outcome.report.source_map.segments.104.origin.derived.44.provenance = "Derived"
methods.1.outcome.report.source_map.segments.104.origin.derived.45.bci = 89
methods.1.outcome.report.source_map.segments.104.origin.derived.45.cp = null
methods.1.outcome.report.source_map.segments.104.origin.derived.45.method.descriptor = [40,76,106,97,118,97,47,105,111,47,79,117,116,112,117,116,83,116,114,101,97,109,59,41,86]
methods.1.outcome.report.source_map.segments.104.origin.derived.45.method.name = [116,101,115,116]
methods.1.outcome.report.source_map.segments.104.origin.derived.45.method.owner.class_bytes.digest = "c4915b8b6b48b5fd30b04ec506bb895e76e15c8e6e5c43cb2a7e6602e2f05c7c"
methods.1.outcome.report.source_map.segments.104.origin.derived.45.method.owner.class_bytes.length = 1926
methods.1.outcome.report.source_map.segments.104.origin.derived.45.method.owner.location.kind = "standalone_root"
methods.1.outcome.report.source_map.segments.104.origin.derived.45.method.owner.location.snapshot = "c4915b8b6b48b5fd30b04ec506bb895e76e15c8e6e5c43cb2a7e6602e2f05c7c"
methods.1.outcome.report.source_map.segments.104.origin.derived.45.method.owner.variant.kind = "base"
methods.1.outcome.report.source_map.segments.104.origin.derived.45.provenance = "Derived"
methods.1.outcome.report.source_map.segments.104.origin.derived.46.bci = 91
methods.1.outcome.report.source_map.segments.104.origin.derived.46.cp = null
methods.1.outcome.report.source_map.segments.104.origin.derived.46.method.descriptor = [40,76,106,97,118,97,47,105,111,47,79,117,116,112,117,116,83,116,114,101,97,109,59,41,86]
methods.1.outcome.report.source_map.segments.104.origin.derived.46.method.name = [116,101,115,116]
methods.1.outcome.report.source_map.segments.104.origin.derived.46.method.owner.class_bytes.digest = "c4915b8b6b48b5fd30b04ec506bb895e76e15c8e6e5c43cb2a7e6602e2f05c7c"
methods.1.outcome.report.source_map.segments.104.origin.derived.46.method.owner.class_bytes.length = 1926
methods.1.outcome.report.source_map.segments.104.origin.derived.46.method.owner.location.kind = "standalone_root"
methods.1.outcome.report.source_map.segments.104.origin.derived.46.method.owner.location.snapshot = "c4915b8b6b48b5fd30b04ec506bb895e76e15c8e6e5c43cb2a7e6602e2f05c7c"
methods.1.outcome.report.source_map.segments.104.origin.derived.46.method.owner.variant.kind = "base"
methods.1.outcome.report.source_map.segments.104.origin.derived.46.provenance = "Derived"
methods.1.outcome.report.source_map.segments.104.origin.derived.47.bci = 94
methods.1.outcome.report.source_map.segments.104.origin.derived.47.cp = null
methods.1.outcome.report.source_map.segments.104.origin.derived.47.method.descriptor = [40,76,106,97,118,97,47,105,111,47,79,117,116,112,117,116,83,116,114,101,97,109,59,41,86]
methods.1.outcome.report.source_map.segments.104.origin.derived.47.method.name = [116,101,115,116]
methods.1.outcome.report.source_map.segments.104.origin.derived.47.method.owner.class_bytes.digest = "c4915b8b6b48b5fd30b04ec506bb895e76e15c8e6e5c43cb2a7e6602e2f05c7c"
methods.1.outcome.report.source_map.segments.104.origin.derived.47.method.owner.class_bytes.length = 1926
methods.1.outcome.report.source_map.segments.104.origin.derived.47.method.owner.location.kind = "standalone_root"
methods.1.outcome.report.source_map.segments.104.origin.derived.47.method.owner.location.snapshot = "c4915b8b6b48b5fd30b04ec506bb895e76e15c8e6e5c43cb2a7e6602e2f05c7c"
methods.1.outcome.report.source_map.segments.104.origin.derived.47.method.owner.variant.kind = "base"
methods.1.outcome.report.source_map.segments.104.origin.derived.47.provenance = "Derived"
methods.1.outcome.report.source_map.segments.104.origin.derived.48.bci = 96
methods.1.outcome.report.source_map.segments.104.origin.derived.48.cp = null
methods.1.outcome.report.source_map.segments.104.origin.derived.48.method.descriptor = [40,76,106,97,118,97,47,105,111,47,79,117,116,112,117,116,83,116,114,101,97,109,59,41,86]
methods.1.outcome.report.source_map.segments.104.origin.derived.48.method.name = [116,101,115,116]
methods.1.outcome.report.source_map.segments.104.origin.derived.48.method.owner.class_bytes.digest = "c4915b8b6b48b5fd30b04ec506bb895e76e15c8e6e5c43cb2a7e6602e2f05c7c"
methods.1.outcome.report.source_map.segments.104.origin.derived.48.method.owner.class_bytes.length = 1926
methods.1.outcome.report.source_map.segments.104.origin.derived.48.method.owner.location.kind = "standalone_root"
methods.1.outcome.report.source_map.segments.104.origin.derived.48.method.owner.location.snapshot = "c4915b8b6b48b5fd30b04ec506bb895e76e15c8e6e5c43cb2a7e6602e2f05c7c"
methods.1.outcome.report.source_map.segments.104.origin.derived.48.method.owner.variant.kind = "base"
methods.1.outcome.report.source_map.segments.104.origin.derived.48.provenance = "Derived"
methods.1.outcome.report.source_map.segments.104.origin.derived.49.bci = 97
methods.1.outcome.report.source_map.segments.104.origin.derived.49.cp = null
methods.1.outcome.report.source_map.segments.104.origin.derived.49.method.descriptor = [40,76,106,97,118,97,47,105,111,47,79,117,116,112,117,116,83,116,114,101,97,109,59,41,86]
methods.1.outcome.report.source_map.segments.104.origin.derived.49.method.name = [116,101,115,116]
methods.1.outcome.report.source_map.segments.104.origin.derived.49.method.owner.class_bytes.digest = "c4915b8b6b48b5fd30b04ec506bb895e76e15c8e6e5c43cb2a7e6602e2f05c7c"
methods.1.outcome.report.source_map.segments.104.origin.derived.49.method.owner.class_bytes.length = 1926
methods.1.outcome.report.source_map.segments.104.origin.derived.49.method.owner.location.kind = "standalone_root"
methods.1.outcome.report.source_map.segments.104.origin.derived.49.method.owner.location.snapshot = "c4915b8b6b48b5fd30b04ec506bb895e76e15c8e6e5c43cb2a7e6602e2f05c7c"
methods.1.outcome.report.source_map.segments.104.origin.derived.49.method.owner.variant.kind = "base"
methods.1.outcome.report.source_map.segments.104.origin.derived.49.provenance = "Derived"
methods.1.outcome.report.source_map.segments.104.origin.derived.50.bci = 99
methods.1.outcome.report.source_map.segments.104.origin.derived.50.cp = null
methods.1.outcome.report.source_map.segments.104.origin.derived.50.method.descriptor = [40,76,106,97,118,97,47,105,111,47,79,117,116,112,117,116,83,116,114,101,97,109,59,41,86]
methods.1.outcome.report.source_map.segments.104.origin.derived.50.method.name = [116,101,115,116]
methods.1.outcome.report.source_map.segments.104.origin.derived.50.method.owner.class_bytes.digest = "c4915b8b6b48b5fd30b04ec506bb895e76e15c8e6e5c43cb2a7e6602e2f05c7c"
methods.1.outcome.report.source_map.segments.104.origin.derived.50.method.owner.class_bytes.length = 1926
methods.1.outcome.report.source_map.segments.104.origin.derived.50.method.owner.location.kind = "standalone_root"
methods.1.outcome.report.source_map.segments.104.origin.derived.50.method.owner.location.snapshot = "c4915b8b6b48b5fd30b04ec506bb895e76e15c8e6e5c43cb2a7e6602e2f05c7c"
methods.1.outcome.report.source_map.segments.104.origin.derived.50.method.owner.variant.kind = "base"
methods.1.outcome.report.source_map.segments.104.origin.derived.50.provenance = "Derived"
methods.1.outcome.report.source_map.segments.104.origin.derived.51.bci = 100
methods.1.outcome.report.source_map.segments.104.origin.derived.51.cp = null
methods.1.outcome.report.source_map.segments.104.origin.derived.51.method.descriptor = [40,76,106,97,118,97,47,105,111,47,79,117,116,112,117,116,83,116,114,101,97,109,59,41,86]
methods.1.outcome.report.source_map.segments.104.origin.derived.51.method.name = [116,101,115,116]
methods.1.outcome.report.source_map.segments.104.origin.derived.51.method.owner.class_bytes.digest = "c4915b8b6b48b5fd30b04ec506bb895e76e15c8e6e5c43cb2a7e6602e2f05c7c"
methods.1.outcome.report.source_map.segments.104.origin.derived.51.method.owner.class_bytes.length = 1926
methods.1.outcome.report.source_map.segments.104.origin.derived.51.method.owner.location.kind = "standalone_root"
methods.1.outcome.report.source_map.segments.104.origin.derived.51.method.owner.location.snapshot = "c4915b8b6b48b5fd30b04ec506bb895e76e15c8e6e5c43cb2a7e6602e2f05c7c"
methods.1.outcome.report.source_map.segments.104.origin.derived.51.method.owner.variant.kind = "base"
methods.1.outcome.report.source_map.segments.104.origin.derived.51.provenance = "Derived"
methods.1.outcome.report.source_map.segments.104.origin.derived.52.bci = 103
methods.1.outcome.report.source_map.segments.104.origin.derived.52.cp = null
methods.1.outcome.report.source_map.segments.104.origin.derived.52.method.descriptor = [40,76,106,97,118,97,47,105,111,47,79,117,116,112,117,116,83,116,114,101,97,109,59,41,86]
methods.1.outcome.report.source_map.segments.104.origin.derived.52.method.name = [116,101,115,116]
methods.1.outcome.report.source_map.segments.104.origin.derived.52.method.owner.class_bytes.digest = "c4915b8b6b48b5fd30b04ec506bb895e76e15c8e6e5c43cb2a7e6602e2f05c7c"
methods.1.outcome.report.source_map.segments.104.origin.derived.52.method.owner.class_bytes.length = 1926
methods.1.outcome.report.source_map.segments.104.origin.derived.52.method.owner.location.kind = "standalone_root"
methods.1.outcome.report.source_map.segments.104.origin.derived.52.method.owner.location.snapshot = "c4915b8b6b48b5fd30b04ec506bb895e76e15c8e6e5c43cb2a7e6602e2f05c7c"
methods.1.outcome.report.source_map.segments.104.origin.derived.52.method.owner.variant.kind = "base"
methods.1.outcome.report.source_map.segments.104.origin.derived.52.provenance = "Derived"
methods.1.outcome.report.source_map.segments.104.origin.derived.53.bci = 105
methods.1.outcome.report.source_map.segments.104.origin.derived.53.cp = null
methods.1.outcome.report.source_map.segments.104.origin.derived.53.method.descriptor = [40,76,106,97,118,97,47,105,111,47,79,117,116,112,117,116,83,116,114,101,97,109,59,41,86]
methods.1.outcome.report.source_map.segments.104.origin.derived.53.method.name = [116,101,115,116]
methods.1.outcome.report.source_map.segments.104.origin.derived.53.method.owner.class_bytes.digest = "c4915b8b6b48b5fd30b04ec506bb895e76e15c8e6e5c43cb2a7e6602e2f05c7c"
methods.1.outcome.report.source_map.segments.104.origin.derived.53.method.owner.class_bytes.length = 1926
methods.1.outcome.report.source_map.segments.104.origin.derived.53.method.owner.location.kind = "standalone_root"
methods.1.outcome.report.source_map.segments.104.origin.derived.53.method.owner.location.snapshot = "c4915b8b6b48b5fd30b04ec506bb895e76e15c8e6e5c43cb2a7e6602e2f05c7c"
methods.1.outcome.report.source_map.segments.104.origin.derived.53.method.owner.variant.kind = "base"
methods.1.outcome.report.source_map.segments.104.origin.derived.53.provenance = "Derived"
methods.1.outcome.report.source_map.segments.104.origin.derived.54.bci = 107
methods.1.outcome.report.source_map.segments.104.origin.derived.54.cp = null
methods.1.outcome.report.source_map.segments.104.origin.derived.54.method.descriptor = [40,76,106,97,118,97,47,105,111,47,79,117,116,112,117,116,83,116,114,101,97,109,59,41,86]
methods.1.outcome.report.source_map.segments.104.origin.derived.54.method.name = [116,101,115,116]
methods.1.outcome.report.source_map.segments.104.origin.derived.54.method.owner.class_bytes.digest = "c4915b8b6b48b5fd30b04ec506bb895e76e15c8e6e5c43cb2a7e6602e2f05c7c"
methods.1.outcome.report.source_map.segments.104.origin.derived.54.method.owner.class_bytes.length = 1926
methods.1.outcome.report.source_map.segments.104.origin.derived.54.method.owner.location.kind = "standalone_root"
methods.1.outcome.report.source_map.segments.104.origin.derived.54.method.owner.location.snapshot = "c4915b8b6b48b5fd30b04ec506bb895e76e15c8e6e5c43cb2a7e6602e2f05c7c"
methods.1.outcome.report.source_map.segments.104.origin.derived.54.method.owner.variant.kind = "base"
methods.1.outcome.report.source_map.segments.104.origin.derived.54.provenance = "Derived"
methods.1.outcome.report.source_map.segments.104.origin.derived.55.bci = 109
methods.1.outcome.report.source_map.segments.104.origin.derived.55.cp = null
methods.1.outcome.report.source_map.segments.104.origin.derived.55.method.descriptor = [40,76,106,97,118,97,47,105,111,47,79,117,116,112,117,116,83,116,114,101,97,109,59,41,86]
methods.1.outcome.report.source_map.segments.104.origin.derived.55.method.name = [116,101,115,116]
methods.1.outcome.report.source_map.segments.104.origin.derived.55.method.owner.class_bytes.digest = "c4915b8b6b48b5fd30b04ec506bb895e76e15c8e6e5c43cb2a7e6602e2f05c7c"
methods.1.outcome.report.source_map.segments.104.origin.derived.55.method.owner.class_bytes.length = 1926
methods.1.outcome.report.source_map.segments.104.origin.derived.55.method.owner.location.kind = "standalone_root"
methods.1.outcome.report.source_map.segments.104.origin.derived.55.method.owner.location.snapshot = "c4915b8b6b48b5fd30b04ec506bb895e76e15c8e6e5c43cb2a7e6602e2f05c7c"
methods.1.outcome.report.source_map.segments.104.origin.derived.55.method.owner.variant.kind = "base"
methods.1.outcome.report.source_map.segments.104.origin.derived.55.provenance = "Derived"
methods.1.outcome.report.source_map.segments.104.origin.derived.56.bci = 110
methods.1.outcome.report.source_map.segments.104.origin.derived.56.cp = null
methods.1.outcome.report.source_map.segments.104.origin.derived.56.method.descriptor = [40,76,106,97,118,97,47,105,111,47,79,117,116,112,117,116,83,116,114,101,97,109,59,41,86]
methods.1.outcome.report.source_map.segments.104.origin.derived.56.method.name = [116,101,115,116]
methods.1.outcome.report.source_map.segments.104.origin.derived.56.method.owner.class_bytes.digest = "c4915b8b6b48b5fd30b04ec506bb895e76e15c8e6e5c43cb2a7e6602e2f05c7c"
methods.1.outcome.report.source_map.segments.104.origin.derived.56.method.owner.class_bytes.length = 1926
methods.1.outcome.report.source_map.segments.104.origin.derived.56.method.owner.location.kind = "standalone_root"
methods.1.outcome.report.source_map.segments.104.origin.derived.56.method.owner.location.snapshot = "c4915b8b6b48b5fd30b04ec506bb895e76e15c8e6e5c43cb2a7e6602e2f05c7c"
methods.1.outcome.report.source_map.segments.104.origin.derived.56.method.owner.variant.kind = "base"
methods.1.outcome.report.source_map.segments.104.origin.derived.56.provenance = "Derived"
methods.1.outcome.report.source_map.segments.104.origin.derived.57.bci = 112
methods.1.outcome.report.source_map.segments.104.origin.derived.57.cp = null
methods.1.outcome.report.source_map.segments.104.origin.derived.57.method.descriptor = [40,76,106,97,118,97,47,105,111,47,79,117,116,112,117,116,83,116,114,101,97,109,59,41,86]
methods.1.outcome.report.source_map.segments.104.origin.derived.57.method.name = [116,101,115,116]
methods.1.outcome.report.source_map.segments.104.origin.derived.57.method.owner.class_bytes.digest = "c4915b8b6b48b5fd30b04ec506bb895e76e15c8e6e5c43cb2a7e6602e2f05c7c"
methods.1.outcome.report.source_map.segments.104.origin.derived.57.method.owner.class_bytes.length = 1926
methods.1.outcome.report.source_map.segments.104.origin.derived.57.method.owner.location.kind = "standalone_root"
methods.1.outcome.report.source_map.segments.104.origin.derived.57.method.owner.location.snapshot = "c4915b8b6b48b5fd30b04ec506bb895e76e15c8e6e5c43cb2a7e6602e2f05c7c"
methods.1.outcome.report.source_map.segments.104.origin.derived.57.method.owner.variant.kind = "base"
methods.1.outcome.report.source_map.segments.104.origin.derived.57.provenance = "Derived"
methods.1.outcome.report.source_map.segments.104.origin.derived.58.bci = 113
methods.1.outcome.report.source_map.segments.104.origin.derived.58.cp = null
methods.1.outcome.report.source_map.segments.104.origin.derived.58.method.descriptor = [40,76,106,97,118,97,47,105,111,47,79,117,116,112,117,116,83,116,114,101,97,109,59,41,86]
methods.1.outcome.report.source_map.segments.104.origin.derived.58.method.name = [116,101,115,116]
methods.1.outcome.report.source_map.segments.104.origin.derived.58.method.owner.class_bytes.digest = "c4915b8b6b48b5fd30b04ec506bb895e76e15c8e6e5c43cb2a7e6602e2f05c7c"
methods.1.outcome.report.source_map.segments.104.origin.derived.58.method.owner.class_bytes.length = 1926
methods.1.outcome.report.source_map.segments.104.origin.derived.58.method.owner.location.kind = "standalone_root"
methods.1.outcome.report.source_map.segments.104.origin.derived.58.method.owner.location.snapshot = "c4915b8b6b48b5fd30b04ec506bb895e76e15c8e6e5c43cb2a7e6602e2f05c7c"
methods.1.outcome.report.source_map.segments.104.origin.derived.58.method.owner.variant.kind = "base"
methods.1.outcome.report.source_map.segments.104.origin.derived.58.provenance = "Derived"
methods.1.outcome.report.source_map.segments.104.origin.derived.59.bci = 115
methods.1.outcome.report.source_map.segments.104.origin.derived.59.cp = null
methods.1.outcome.report.source_map.segments.104.origin.derived.59.method.descriptor = [40,76,106,97,118,97,47,105,111,47,79,117,116,112,117,116,83,116,114,101,97,109,59,41,86]
methods.1.outcome.report.source_map.segments.104.origin.derived.59.method.name = [116,101,115,116]
methods.1.outcome.report.source_map.segments.104.origin.derived.59.method.owner.class_bytes.digest = "c4915b8b6b48b5fd30b04ec506bb895e76e15c8e6e5c43cb2a7e6602e2f05c7c"
methods.1.outcome.report.source_map.segments.104.origin.derived.59.method.owner.class_bytes.length = 1926
methods.1.outcome.report.source_map.segments.104.origin.derived.59.method.owner.location.kind = "standalone_root"
methods.1.outcome.report.source_map.segments.104.origin.derived.59.method.owner.location.snapshot = "c4915b8b6b48b5fd30b04ec506bb895e76e15c8e6e5c43cb2a7e6602e2f05c7c"
methods.1.outcome.report.source_map.segments.104.origin.derived.59.method.owner.variant.kind = "base"
methods.1.outcome.report.source_map.segments.104.origin.derived.59.provenance = "Derived"
methods.1.outcome.report.source_map.segments.104.origin.derived.60.bci = 117
methods.1.outcome.report.source_map.segments.104.origin.derived.60.cp = null
methods.1.outcome.report.source_map.segments.104.origin.derived.60.method.descriptor = [40,76,106,97,118,97,47,105,111,47,79,117,116,112,117,116,83,116,114,101,97,109,59,41,86]
methods.1.outcome.report.source_map.segments.104.origin.derived.60.method.name = [116,101,115,116]
methods.1.outcome.report.source_map.segments.104.origin.derived.60.method.owner.class_bytes.digest = "c4915b8b6b48b5fd30b04ec506bb895e76e15c8e6e5c43cb2a7e6602e2f05c7c"
methods.1.outcome.report.source_map.segments.104.origin.derived.60.method.owner.class_bytes.length = 1926
methods.1.outcome.report.source_map.segments.104.origin.derived.60.method.owner.location.kind = "standalone_root"
methods.1.outcome.report.source_map.segments.104.origin.derived.60.method.owner.location.snapshot = "c4915b8b6b48b5fd30b04ec506bb895e76e15c8e6e5c43cb2a7e6602e2f05c7c"
methods.1.outcome.report.source_map.segments.104.origin.derived.60.method.owner.variant.kind = "base"
methods.1.outcome.report.source_map.segments.104.origin.derived.60.provenance = "Derived"
methods.1.outcome.report.source_map.segments.104.origin.derived.61.bci = 119
methods.1.outcome.report.source_map.segments.104.origin.derived.61.cp = null
methods.1.outcome.report.source_map.segments.104.origin.derived.61.method.descriptor = [40,76,106,97,118,97,47,105,111,47,79,117,116,112,117,116,83,116,114,101,97,109,59,41,86]
methods.1.outcome.report.source_map.segments.104.origin.derived.61.method.name = [116,101,115,116]
methods.1.outcome.report.source_map.segments.104.origin.derived.61.method.owner.class_bytes.digest = "c4915b8b6b48b5fd30b04ec506bb895e76e15c8e6e5c43cb2a7e6602e2f05c7c"
methods.1.outcome.report.source_map.segments.104.origin.derived.61.method.owner.class_bytes.length = 1926
methods.1.outcome.report.source_map.segments.104.origin.derived.61.method.owner.location.kind = "standalone_root"
methods.1.outcome.report.source_map.segments.104.origin.derived.61.method.owner.location.snapshot = "c4915b8b6b48b5fd30b04ec506bb895e76e15c8e6e5c43cb2a7e6602e2f05c7c"
methods.1.outcome.report.source_map.segments.104.origin.derived.61.method.owner.variant.kind = "base"
methods.1.outcome.report.source_map.segments.104.origin.derived.61.provenance = "Derived"
methods.1.outcome.report.source_map.segments.104.origin.derived.62.bci = 122
methods.1.outcome.report.source_map.segments.104.origin.derived.62.cp = null
methods.1.outcome.report.source_map.segments.104.origin.derived.62.method.descriptor = [40,76,106,97,118,97,47,105,111,47,79,117,116,112,117,116,83,116,114,101,97,109,59,41,86]
methods.1.outcome.report.source_map.segments.104.origin.derived.62.method.name = [116,101,115,116]
methods.1.outcome.report.source_map.segments.104.origin.derived.62.method.owner.class_bytes.digest = "c4915b8b6b48b5fd30b04ec506bb895e76e15c8e6e5c43cb2a7e6602e2f05c7c"
methods.1.outcome.report.source_map.segments.104.origin.derived.62.method.owner.class_bytes.length = 1926
methods.1.outcome.report.source_map.segments.104.origin.derived.62.method.owner.location.kind = "standalone_root"
methods.1.outcome.report.source_map.segments.104.origin.derived.62.method.owner.location.snapshot = "c4915b8b6b48b5fd30b04ec506bb895e76e15c8e6e5c43cb2a7e6602e2f05c7c"
methods.1.outcome.report.source_map.segments.104.origin.derived.62.method.owner.variant.kind = "base"
methods.1.outcome.report.source_map.segments.104.origin.derived.62.provenance = "Derived"
methods.1.outcome.report.source_map.segments.104.origin.derived.63.bci = 124
methods.1.outcome.report.source_map.segments.104.origin.derived.63.cp = null
methods.1.outcome.report.source_map.segments.104.origin.derived.63.method.descriptor = [40,76,106,97,118,97,47,105,111,47,79,117,116,112,117,116,83,116,114,101,97,109,59,41,86]
methods.1.outcome.report.source_map.segments.104.origin.derived.63.method.name = [116,101,115,116]
methods.1.outcome.report.source_map.segments.104.origin.derived.63.method.owner.class_bytes.digest = "c4915b8b6b48b5fd30b04ec506bb895e76e15c8e6e5c43cb2a7e6602e2f05c7c"
methods.1.outcome.report.source_map.segments.104.origin.derived.63.method.owner.class_bytes.length = 1926
methods.1.outcome.report.source_map.segments.104.origin.derived.63.method.owner.location.kind = "standalone_root"
methods.1.outcome.report.source_map.segments.104.origin.derived.63.method.owner.location.snapshot = "c4915b8b6b48b5fd30b04ec506bb895e76e15c8e6e5c43cb2a7e6602e2f05c7c"
methods.1.outcome.report.source_map.segments.104.origin.derived.63.method.owner.variant.kind = "base"
methods.1.outcome.report.source_map.segments.104.origin.derived.63.provenance = "Derived"
methods.1.outcome.report.source_map.segments.104.origin.derived.64.bci = 126
methods.1.outcome.report.source_map.segments.104.origin.derived.64.cp = null
methods.1.outcome.report.source_map.segments.104.origin.derived.64.method.descriptor = [40,76,106,97,118,97,47,105,111,47,79,117,116,112,117,116,83,116,114,101,97,109,59,41,86]
methods.1.outcome.report.source_map.segments.104.origin.derived.64.method.name = [116,101,115,116]
methods.1.outcome.report.source_map.segments.104.origin.derived.64.method.owner.class_bytes.digest = "c4915b8b6b48b5fd30b04ec506bb895e76e15c8e6e5c43cb2a7e6602e2f05c7c"
methods.1.outcome.report.source_map.segments.104.origin.derived.64.method.owner.class_bytes.length = 1926
methods.1.outcome.report.source_map.segments.104.origin.derived.64.method.owner.location.kind = "standalone_root"
methods.1.outcome.report.source_map.segments.104.origin.derived.64.method.owner.location.snapshot = "c4915b8b6b48b5fd30b04ec506bb895e76e15c8e6e5c43cb2a7e6602e2f05c7c"
methods.1.outcome.report.source_map.segments.104.origin.derived.64.method.owner.variant.kind = "base"
methods.1.outcome.report.source_map.segments.104.origin.derived.64.provenance = "Derived"
methods.1.outcome.report.source_map.segments.104.origin.derived.65.bci = 127
methods.1.outcome.report.source_map.segments.104.origin.derived.65.cp = null
methods.1.outcome.report.source_map.segments.104.origin.derived.65.method.descriptor = [40,76,106,97,118,97,47,105,111,47,79,117,116,112,117,116,83,116,114,101,97,109,59,41,86]
methods.1.outcome.report.source_map.segments.104.origin.derived.65.method.name = [116,101,115,116]
methods.1.outcome.report.source_map.segments.104.origin.derived.65.method.owner.class_bytes.digest = "c4915b8b6b48b5fd30b04ec506bb895e76e15c8e6e5c43cb2a7e6602e2f05c7c"
methods.1.outcome.report.source_map.segments.104.origin.derived.65.method.owner.class_bytes.length = 1926
methods.1.outcome.report.source_map.segments.104.origin.derived.65.method.owner.location.kind = "standalone_root"
methods.1.outcome.report.source_map.segments.104.origin.derived.65.method.owner.location.snapshot = "c4915b8b6b48b5fd30b04ec506bb895e76e15c8e6e5c43cb2a7e6602e2f05c7c"
methods.1.outcome.report.source_map.segments.104.origin.derived.65.method.owner.variant.kind = "base"
methods.1.outcome.report.source_map.segments.104.origin.derived.65.provenance = "Derived"
methods.1.outcome.report.source_map.segments.104.origin.derived.66.bci = 129
methods.1.outcome.report.source_map.segments.104.origin.derived.66.cp = null
methods.1.outcome.report.source_map.segments.104.origin.derived.66.method.descriptor = [40,76,106,97,118,97,47,105,111,47,79,117,116,112,117,116,83,116,114,101,97,109,59,41,86]
methods.1.outcome.report.source_map.segments.104.origin.derived.66.method.name = [116,101,115,116]
methods.1.outcome.report.source_map.segments.104.origin.derived.66.method.owner.class_bytes.digest = "c4915b8b6b48b5fd30b04ec506bb895e76e15c8e6e5c43cb2a7e6602e2f05c7c"
methods.1.outcome.report.source_map.segments.104.origin.derived.66.method.owner.class_bytes.length = 1926
methods.1.outcome.report.source_map.segments.104.origin.derived.66.method.owner.location.kind = "standalone_root"
methods.1.outcome.report.source_map.segments.104.origin.derived.66.method.owner.location.snapshot = "c4915b8b6b48b5fd30b04ec506bb895e76e15c8e6e5c43cb2a7e6602e2f05c7c"
methods.1.outcome.report.source_map.segments.104.origin.derived.66.method.owner.variant.kind = "base"
methods.1.outcome.report.source_map.segments.104.origin.derived.66.provenance = "Derived"
methods.1.outcome.report.source_map.segments.104.origin.derived.67.bci = 130
methods.1.outcome.report.source_map.segments.104.origin.derived.67.cp = null
methods.1.outcome.report.source_map.segments.104.origin.derived.67.method.descriptor = [40,76,106,97,118,97,47,105,111,47,79,117,116,112,117,116,83,116,114,101,97,109,59,41,86]
methods.1.outcome.report.source_map.segments.104.origin.derived.67.method.name = [116,101,115,116]
methods.1.outcome.report.source_map.segments.104.origin.derived.67.method.owner.class_bytes.digest = "c4915b8b6b48b5fd30b04ec506bb895e76e15c8e6e5c43cb2a7e6602e2f05c7c"
methods.1.outcome.report.source_map.segments.104.origin.derived.67.method.owner.class_bytes.length = 1926
methods.1.outcome.report.source_map.segments.104.origin.derived.67.method.owner.location.kind = "standalone_root"
methods.1.outcome.report.source_map.segments.104.origin.derived.67.method.owner.location.snapshot = "c4915b8b6b48b5fd30b04ec506bb895e76e15c8e6e5c43cb2a7e6602e2f05c7c"
methods.1.outcome.report.source_map.segments.104.origin.derived.67.method.owner.variant.kind = "base"
methods.1.outcome.report.source_map.segments.104.origin.derived.67.provenance = "Derived"
methods.1.outcome.report.source_map.segments.104.origin.derived.68.bci = 132
methods.1.outcome.report.source_map.segments.104.origin.derived.68.cp = null
methods.1.outcome.report.source_map.segments.104.origin.derived.68.method.descriptor = [40,76,106,97,118,97,47,105,111,47,79,117,116,112,117,116,83,116,114,101,97,109,59,41,86]
methods.1.outcome.report.source_map.segments.104.origin.derived.68.method.name = [116,101,115,116]
methods.1.outcome.report.source_map.segments.104.origin.derived.68.method.owner.class_bytes.digest = "c4915b8b6b48b5fd30b04ec506bb895e76e15c8e6e5c43cb2a7e6602e2f05c7c"
methods.1.outcome.report.source_map.segments.104.origin.derived.68.method.owner.class_bytes.length = 1926
methods.1.outcome.report.source_map.segments.104.origin.derived.68.method.owner.location.kind = "standalone_root"
methods.1.outcome.report.source_map.segments.104.origin.derived.68.method.owner.location.snapshot = "c4915b8b6b48b5fd30b04ec506bb895e76e15c8e6e5c43cb2a7e6602e2f05c7c"
methods.1.outcome.report.source_map.segments.104.origin.derived.68.method.owner.variant.kind = "base"
methods.1.outcome.report.source_map.segments.104.origin.derived.68.provenance = "Derived"
methods.1.outcome.report.source_map.segments.104.origin.derived.69.bci = 135
methods.1.outcome.report.source_map.segments.104.origin.derived.69.cp = null
methods.1.outcome.report.source_map.segments.104.origin.derived.69.method.descriptor = [40,76,106,97,118,97,47,105,111,47,79,117,116,112,117,116,83,116,114,101,97,109,59,41,86]
methods.1.outcome.report.source_map.segments.104.origin.derived.69.method.name = [116,101,115,116]
methods.1.outcome.report.source_map.segments.104.origin.derived.69.method.owner.class_bytes.digest = "c4915b8b6b48b5fd30b04ec506bb895e76e15c8e6e5c43cb2a7e6602e2f05c7c"
methods.1.outcome.report.source_map.segments.104.origin.derived.69.method.owner.class_bytes.length = 1926
methods.1.outcome.report.source_map.segments.104.origin.derived.69.method.owner.location.kind = "standalone_root"
methods.1.outcome.report.source_map.segments.104.origin.derived.69.method.owner.location.snapshot = "c4915b8b6b48b5fd30b04ec506bb895e76e15c8e6e5c43cb2a7e6602e2f05c7c"
methods.1.outcome.report.source_map.segments.104.origin.derived.69.method.owner.variant.kind = "base"
methods.1.outcome.report.source_map.segments.104.origin.derived.69.provenance = "Derived"
methods.1.outcome.report.source_map.segments.104.origin.derived.70.bci = 138
methods.1.outcome.report.source_map.segments.104.origin.derived.70.cp = null
methods.1.outcome.report.source_map.segments.104.origin.derived.70.method.descriptor = [40,76,106,97,118,97,47,105,111,47,79,117,116,112,117,116,83,116,114,101,97,109,59,41,86]
methods.1.outcome.report.source_map.segments.104.origin.derived.70.method.name = [116,101,115,116]
methods.1.outcome.report.source_map.segments.104.origin.derived.70.method.owner.class_bytes.digest = "c4915b8b6b48b5fd30b04ec506bb895e76e15c8e6e5c43cb2a7e6602e2f05c7c"
methods.1.outcome.report.source_map.segments.104.origin.derived.70.method.owner.class_bytes.length = 1926
methods.1.outcome.report.source_map.segments.104.origin.derived.70.method.owner.location.kind = "standalone_root"
methods.1.outcome.report.source_map.segments.104.origin.derived.70.method.owner.location.snapshot = "c4915b8b6b48b5fd30b04ec506bb895e76e15c8e6e5c43cb2a7e6602e2f05c7c"
methods.1.outcome.report.source_map.segments.104.origin.derived.70.method.owner.variant.kind = "base"
methods.1.outcome.report.source_map.segments.104.origin.derived.70.provenance = "Derived"
methods.1.outcome.report.source_map.segments.104.origin.derived.71.bci = 141
methods.1.outcome.report.source_map.segments.104.origin.derived.71.cp = null
methods.1.outcome.report.source_map.segments.104.origin.derived.71.method.descriptor = [40,76,106,97,118,97,47,105,111,47,79,117,116,112,117,116,83,116,114,101,97,109,59,41,86]
methods.1.outcome.report.source_map.segments.104.origin.derived.71.method.name = [116,101,115,116]
methods.1.outcome.report.source_map.segments.104.origin.derived.71.method.owner.class_bytes.digest = "c4915b8b6b48b5fd30b04ec506bb895e76e15c8e6e5c43cb2a7e6602e2f05c7c"
methods.1.outcome.report.source_map.segments.104.origin.derived.71.method.owner.class_bytes.length = 1926
methods.1.outcome.report.source_map.segments.104.origin.derived.71.method.owner.location.kind = "standalone_root"
methods.1.outcome.report.source_map.segments.104.origin.derived.71.method.owner.location.snapshot = "c4915b8b6b48b5fd30b04ec506bb895e76e15c8e6e5c43cb2a7e6602e2f05c7c"
methods.1.outcome.report.source_map.segments.104.origin.derived.71.method.owner.variant.kind = "base"
methods.1.outcome.report.source_map.segments.104.origin.derived.71.provenance = "Derived"
methods.1.outcome.report.source_map.segments.104.origin.derived.72.bci = 144
methods.1.outcome.report.source_map.segments.104.origin.derived.72.cp = null
methods.1.outcome.report.source_map.segments.104.origin.derived.72.method.descriptor = [40,76,106,97,118,97,47,105,111,47,79,117,116,112,117,116,83,116,114,101,97,109,59,41,86]
methods.1.outcome.report.source_map.segments.104.origin.derived.72.method.name = [116,101,115,116]
methods.1.outcome.report.source_map.segments.104.origin.derived.72.method.owner.class_bytes.digest = "c4915b8b6b48b5fd30b04ec506bb895e76e15c8e6e5c43cb2a7e6602e2f05c7c"
methods.1.outcome.report.source_map.segments.104.origin.derived.72.method.owner.class_bytes.length = 1926
methods.1.outcome.report.source_map.segments.104.origin.derived.72.method.owner.location.kind = "standalone_root"
methods.1.outcome.report.source_map.segments.104.origin.derived.72.method.owner.location.snapshot = "c4915b8b6b48b5fd30b04ec506bb895e76e15c8e6e5c43cb2a7e6602e2f05c7c"
methods.1.outcome.report.source_map.segments.104.origin.derived.72.method.owner.variant.kind = "base"
methods.1.outcome.report.source_map.segments.104.origin.derived.72.provenance = "Derived"
methods.1.outcome.report.source_map.segments.104.origin.derived.73.bci = 147
methods.1.outcome.report.source_map.segments.104.origin.derived.73.cp = null
methods.1.outcome.report.source_map.segments.104.origin.derived.73.method.descriptor = [40,76,106,97,118,97,47,105,111,47,79,117,116,112,117,116,83,116,114,101,97,109,59,41,86]
methods.1.outcome.report.source_map.segments.104.origin.derived.73.method.name = [116,101,115,116]
methods.1.outcome.report.source_map.segments.104.origin.derived.73.method.owner.class_bytes.digest = "c4915b8b6b48b5fd30b04ec506bb895e76e15c8e6e5c43cb2a7e6602e2f05c7c"
methods.1.outcome.report.source_map.segments.104.origin.derived.73.method.owner.class_bytes.length = 1926
methods.1.outcome.report.source_map.segments.104.origin.derived.73.method.owner.location.kind = "standalone_root"
methods.1.outcome.report.source_map.segments.104.origin.derived.73.method.owner.location.snapshot = "c4915b8b6b48b5fd30b04ec506bb895e76e15c8e6e5c43cb2a7e6602e2f05c7c"
methods.1.outcome.report.source_map.segments.104.origin.derived.73.method.owner.variant.kind = "base"
methods.1.outcome.report.source_map.segments.104.origin.derived.73.provenance = "Derived"
methods.1.outcome.report.source_map.segments.104.origin.derived.74.bci = 150
methods.1.outcome.report.source_map.segments.104.origin.derived.74.cp = null
methods.1.outcome.report.source_map.segments.104.origin.derived.74.method.descriptor = [40,76,106,97,118,97,47,105,111,47,79,117,116,112,117,116,83,116,114,101,97,109,59,41,86]
methods.1.outcome.report.source_map.segments.104.origin.derived.74.method.name = [116,101,115,116]
methods.1.outcome.report.source_map.segments.104.origin.derived.74.method.owner.class_bytes.digest = "c4915b8b6b48b5fd30b04ec506bb895e76e15c8e6e5c43cb2a7e6602e2f05c7c"
methods.1.outcome.report.source_map.segments.104.origin.derived.74.method.owner.class_bytes.length = 1926
methods.1.outcome.report.source_map.segments.104.origin.derived.74.method.owner.location.kind = "standalone_root"
methods.1.outcome.report.source_map.segments.104.origin.derived.74.method.owner.location.snapshot = "c4915b8b6b48b5fd30b04ec506bb895e76e15c8e6e5c43cb2a7e6602e2f05c7c"
methods.1.outcome.report.source_map.segments.104.origin.derived.74.method.owner.variant.kind = "base"
methods.1.outcome.report.source_map.segments.104.origin.derived.74.provenance = "Derived"
methods.1.outcome.report.source_map.segments.104.origin.derived.75.bci = 153
methods.1.outcome.report.source_map.segments.104.origin.derived.75.cp = null
methods.1.outcome.report.source_map.segments.104.origin.derived.75.method.descriptor = [40,76,106,97,118,97,47,105,111,47,79,117,116,112,117,116,83,116,114,101,97,109,59,41,86]
methods.1.outcome.report.source_map.segments.104.origin.derived.75.method.name = [116,101,115,116]
methods.1.outcome.report.source_map.segments.104.origin.derived.75.method.owner.class_bytes.digest = "c4915b8b6b48b5fd30b04ec506bb895e76e15c8e6e5c43cb2a7e6602e2f05c7c"
methods.1.outcome.report.source_map.segments.104.origin.derived.75.method.owner.class_bytes.length = 1926
methods.1.outcome.report.source_map.segments.104.origin.derived.75.method.owner.location.kind = "standalone_root"
methods.1.outcome.report.source_map.segments.104.origin.derived.75.method.owner.location.snapshot = "c4915b8b6b48b5fd30b04ec506bb895e76e15c8e6e5c43cb2a7e6602e2f05c7c"
methods.1.outcome.report.source_map.segments.104.origin.derived.75.method.owner.variant.kind = "base"
methods.1.outcome.report.source_map.segments.104.origin.derived.75.provenance = "Derived"
methods.1.outcome.report.source_map.segments.104.origin.derived.76.bci = 154
methods.1.outcome.report.source_map.segments.104.origin.derived.76.cp = null
methods.1.outcome.report.source_map.segments.104.origin.derived.76.method.descriptor = [40,76,106,97,118,97,47,105,111,47,79,117,116,112,117,116,83,116,114,101,97,109,59,41,86]
methods.1.outcome.report.source_map.segments.104.origin.derived.76.method.name = [116,101,115,116]
methods.1.outcome.report.source_map.segments.104.origin.derived.76.method.owner.class_bytes.digest = "c4915b8b6b48b5fd30b04ec506bb895e76e15c8e6e5c43cb2a7e6602e2f05c7c"
methods.1.outcome.report.source_map.segments.104.origin.derived.76.method.owner.class_bytes.length = 1926
methods.1.outcome.report.source_map.segments.104.origin.derived.76.method.owner.location.kind = "standalone_root"
methods.1.outcome.report.source_map.segments.104.origin.derived.76.method.owner.location.snapshot = "c4915b8b6b48b5fd30b04ec506bb895e76e15c8e6e5c43cb2a7e6602e2f05c7c"
methods.1.outcome.report.source_map.segments.104.origin.derived.76.method.owner.variant.kind = "base"
methods.1.outcome.report.source_map.segments.104.origin.derived.76.provenance = "Derived"
methods.1.outcome.report.source_map.segments.104.origin.derived.77.bci = 157
methods.1.outcome.report.source_map.segments.104.origin.derived.77.cp = null
methods.1.outcome.report.source_map.segments.104.origin.derived.77.method.descriptor = [40,76,106,97,118,97,47,105,111,47,79,117,116,112,117,116,83,116,114,101,97,109,59,41,86]
methods.1.outcome.report.source_map.segments.104.origin.derived.77.method.name = [116,101,115,116]
methods.1.outcome.report.source_map.segments.104.origin.derived.77.method.owner.class_bytes.digest = "c4915b8b6b48b5fd30b04ec506bb895e76e15c8e6e5c43cb2a7e6602e2f05c7c"
methods.1.outcome.report.source_map.segments.104.origin.derived.77.method.owner.class_bytes.length = 1926
methods.1.outcome.report.source_map.segments.104.origin.derived.77.method.owner.location.kind = "standalone_root"
methods.1.outcome.report.source_map.segments.104.origin.derived.77.method.owner.location.snapshot = "c4915b8b6b48b5fd30b04ec506bb895e76e15c8e6e5c43cb2a7e6602e2f05c7c"
methods.1.outcome.report.source_map.segments.104.origin.derived.77.method.owner.variant.kind = "base"
methods.1.outcome.report.source_map.segments.104.origin.derived.77.provenance = "Derived"
methods.1.outcome.report.source_map.segments.104.origin.derived.78.bci = 160
methods.1.outcome.report.source_map.segments.104.origin.derived.78.cp = null
methods.1.outcome.report.source_map.segments.104.origin.derived.78.method.descriptor = [40,76,106,97,118,97,47,105,111,47,79,117,116,112,117,116,83,116,114,101,97,109,59,41,86]
methods.1.outcome.report.source_map.segments.104.origin.derived.78.method.name = [116,101,115,116]
methods.1.outcome.report.source_map.segments.104.origin.derived.78.method.owner.class_bytes.digest = "c4915b8b6b48b5fd30b04ec506bb895e76e15c8e6e5c43cb2a7e6602e2f05c7c"
methods.1.outcome.report.source_map.segments.104.origin.derived.78.method.owner.class_bytes.length = 1926
methods.1.outcome.report.source_map.segments.104.origin.derived.78.method.owner.location.kind = "standalone_root"
methods.1.outcome.report.source_map.segments.104.origin.derived.78.method.owner.location.snapshot = "c4915b8b6b48b5fd30b04ec506bb895e76e15c8e6e5c43cb2a7e6602e2f05c7c"
methods.1.outcome.report.source_map.segments.104.origin.derived.78.method.owner.variant.kind = "base"
methods.1.outcome.report.source_map.segments.104.origin.derived.78.provenance = "Derived"
methods.1.outcome.report.source_map.segments.104.origin.derived.79.bci = 162
methods.1.outcome.report.source_map.segments.104.origin.derived.79.cp = null
methods.1.outcome.report.source_map.segments.104.origin.derived.79.method.descriptor = [40,76,106,97,118,97,47,105,111,47,79,117,116,112,117,116,83,116,114,101,97,109,59,41,86]
methods.1.outcome.report.source_map.segments.104.origin.derived.79.method.name = [116,101,115,116]
methods.1.outcome.report.source_map.segments.104.origin.derived.79.method.owner.class_bytes.digest = "c4915b8b6b48b5fd30b04ec506bb895e76e15c8e6e5c43cb2a7e6602e2f05c7c"
methods.1.outcome.report.source_map.segments.104.origin.derived.79.method.owner.class_bytes.length = 1926
methods.1.outcome.report.source_map.segments.104.origin.derived.79.method.owner.location.kind = "standalone_root"
methods.1.outcome.report.source_map.segments.104.origin.derived.79.method.owner.location.snapshot = "c4915b8b6b48b5fd30b04ec506bb895e76e15c8e6e5c43cb2a7e6602e2f05c7c"
methods.1.outcome.report.source_map.segments.104.origin.derived.79.method.owner.variant.kind = "base"
methods.1.outcome.report.source_map.segments.104.origin.derived.79.provenance = "Derived"
methods.1.outcome.report.source_map.segments.104.origin.derived.80.bci = 163
methods.1.outcome.report.source_map.segments.104.origin.derived.80.cp = null
methods.1.outcome.report.source_map.segments.104.origin.derived.80.method.descriptor = [40,76,106,97,118,97,47,105,111,47,79,117,116,112,117,116,83,116,114,101,97,109,59,41,86]
methods.1.outcome.report.source_map.segments.104.origin.derived.80.method.name = [116,101,115,116]
methods.1.outcome.report.source_map.segments.104.origin.derived.80.method.owner.class_bytes.digest = "c4915b8b6b48b5fd30b04ec506bb895e76e15c8e6e5c43cb2a7e6602e2f05c7c"
methods.1.outcome.report.source_map.segments.104.origin.derived.80.method.owner.class_bytes.length = 1926
methods.1.outcome.report.source_map.segments.104.origin.derived.80.method.owner.location.kind = "standalone_root"
methods.1.outcome.report.source_map.segments.104.origin.derived.80.method.owner.location.snapshot = "c4915b8b6b48b5fd30b04ec506bb895e76e15c8e6e5c43cb2a7e6602e2f05c7c"
methods.1.outcome.report.source_map.segments.104.origin.derived.80.method.owner.variant.kind = "base"
methods.1.outcome.report.source_map.segments.104.origin.derived.80.provenance = "Derived"
methods.1.outcome.report.source_map.segments.104.origin.derived.81.bci = 166
methods.1.outcome.report.source_map.segments.104.origin.derived.81.cp = null
methods.1.outcome.report.source_map.segments.104.origin.derived.81.method.descriptor = [40,76,106,97,118,97,47,105,111,47,79,117,116,112,117,116,83,116,114,101,97,109,59,41,86]
methods.1.outcome.report.source_map.segments.104.origin.derived.81.method.name = [116,101,115,116]
methods.1.outcome.report.source_map.segments.104.origin.derived.81.method.owner.class_bytes.digest = "c4915b8b6b48b5fd30b04ec506bb895e76e15c8e6e5c43cb2a7e6602e2f05c7c"
methods.1.outcome.report.source_map.segments.104.origin.derived.81.method.owner.class_bytes.length = 1926
methods.1.outcome.report.source_map.segments.104.origin.derived.81.method.owner.location.kind = "standalone_root"
methods.1.outcome.report.source_map.segments.104.origin.derived.81.method.owner.location.snapshot = "c4915b8b6b48b5fd30b04ec506bb895e76e15c8e6e5c43cb2a7e6602e2f05c7c"
methods.1.outcome.report.source_map.segments.104.origin.derived.81.method.owner.variant.kind = "base"
methods.1.outcome.report.source_map.segments.104.origin.derived.81.provenance = "Derived"
methods.1.outcome.report.source_map.segments.104.origin.derived.82.bci = 168
methods.1.outcome.report.source_map.segments.104.origin.derived.82.cp = null
methods.1.outcome.report.source_map.segments.104.origin.derived.82.method.descriptor = [40,76,106,97,118,97,47,105,111,47,79,117,116,112,117,116,83,116,114,101,97,109,59,41,86]
methods.1.outcome.report.source_map.segments.104.origin.derived.82.method.name = [116,101,115,116]
methods.1.outcome.report.source_map.segments.104.origin.derived.82.method.owner.class_bytes.digest = "c4915b8b6b48b5fd30b04ec506bb895e76e15c8e6e5c43cb2a7e6602e2f05c7c"
methods.1.outcome.report.source_map.segments.104.origin.derived.82.method.owner.class_bytes.length = 1926
methods.1.outcome.report.source_map.segments.104.origin.derived.82.method.owner.location.kind = "standalone_root"
methods.1.outcome.report.source_map.segments.104.origin.derived.82.method.owner.location.snapshot = "c4915b8b6b48b5fd30b04ec506bb895e76e15c8e6e5c43cb2a7e6602e2f05c7c"
methods.1.outcome.report.source_map.segments.104.origin.derived.82.method.owner.variant.kind = "base"
methods.1.outcome.report.source_map.segments.104.origin.derived.82.provenance = "Derived"
methods.1.outcome.report.source_map.segments.104.origin.derived.83.bci = 169
methods.1.outcome.report.source_map.segments.104.origin.derived.83.cp = null
methods.1.outcome.report.source_map.segments.104.origin.derived.83.method.descriptor = [40,76,106,97,118,97,47,105,111,47,79,117,116,112,117,116,83,116,114,101,97,109,59,41,86]
methods.1.outcome.report.source_map.segments.104.origin.derived.83.method.name = [116,101,115,116]
methods.1.outcome.report.source_map.segments.104.origin.derived.83.method.owner.class_bytes.digest = "c4915b8b6b48b5fd30b04ec506bb895e76e15c8e6e5c43cb2a7e6602e2f05c7c"
methods.1.outcome.report.source_map.segments.104.origin.derived.83.method.owner.class_bytes.length = 1926
methods.1.outcome.report.source_map.segments.104.origin.derived.83.method.owner.location.kind = "standalone_root"
methods.1.outcome.report.source_map.segments.104.origin.derived.83.method.owner.location.snapshot = "c4915b8b6b48b5fd30b04ec506bb895e76e15c8e6e5c43cb2a7e6602e2f05c7c"
methods.1.outcome.report.source_map.segments.104.origin.derived.83.method.owner.variant.kind = "base"
methods.1.outcome.report.source_map.segments.104.origin.derived.83.provenance = "Derived"
methods.1.outcome.report.source_map.segments.104.origin.primary.bci = 9
methods.1.outcome.report.source_map.segments.104.origin.primary.cp = null
methods.1.outcome.report.source_map.segments.104.origin.primary.method.descriptor = [40,76,106,97,118,97,47,105,111,47,79,117,116,112,117,116,83,116,114,101,97,109,59,41,86]
methods.1.outcome.report.source_map.segments.104.origin.primary.method.name = [116,101,115,116]
methods.1.outcome.report.source_map.segments.104.origin.primary.method.owner.class_bytes.digest = "c4915b8b6b48b5fd30b04ec506bb895e76e15c8e6e5c43cb2a7e6602e2f05c7c"
methods.1.outcome.report.source_map.segments.104.origin.primary.method.owner.class_bytes.length = 1926
methods.1.outcome.report.source_map.segments.104.origin.primary.method.owner.location.kind = "standalone_root"
methods.1.outcome.report.source_map.segments.104.origin.primary.method.owner.location.snapshot = "c4915b8b6b48b5fd30b04ec506bb895e76e15c8e6e5c43cb2a7e6602e2f05c7c"
methods.1.outcome.report.source_map.segments.104.origin.primary.method.owner.variant.kind = "base"
methods.1.outcome.report.source_map.segments.104.origin.primary.provenance = "Direct"
methods.1.outcome.report.source_map.segments.104.start = 314
methods.1.outcome.report.syntax_status = "unchecked"
methods.1.outcome.report.text = "// @method test(Ljava/io/OutputStream;)V\n// @declaration an instance method of `jadx.tests.integration.trycatch.TestTryCatchFinally2$TestCls`, member flags 0x0001\n// recovered from bytecode; presentation is not claimed to compile\n{\n    java.io.DataOutputStream out;\n    out = new java.io.DataOutputStream(output);\n    try {\n        jadx.core.clsp.ClspClass[] local3;\n        int local4;\n        int local5;\n        jadx.core.clsp.ClspClass cls;\n        out.writeByte(1);\n        out.writeInt(this.classes.length);\n        local3 = this.classes;\n        local4 = local3.length;\n        local5 = 0;\n        while (local5 < local4) {\n            cls = local3[local5];\n            this.writeString(out, (java.lang.String) cls.getName());\n            local5 = local5 + 1;\n        }\n        local3 = this.classes;\n        local4 = local3.length;\n        local5 = 0;\n        jadx.core.dex.instructions.args.ArgType[] local8;\n        int local9;\n        int local10;\n        while (local5 < local4) {\n            cls = local3[local5];\n            jadx.core.dex.instructions.args.ArgType[] parents = cls.getParents();\n            out.writeByte(parents.length);\n            local8 = parents;\n            local9 = local8.length;\n            for (local10 = 0; local10 < local9; local10 = local10 + 1) {\n                jadx.core.dex.instructions.args.ArgType parent = local8[local10];\n                out.writeInt(parent.getObject().hashCode());\n            }\n            local5 = local5 + 1;\n        }\n    } finally {\n        out.close();\n    }\n}\n"
methods.1.outcome.report.verification = "not_performed"
methods.1.parameter_annotations.attributes = []
methods.1.parameter_annotations.refusals = []
methods.1.parameter_annotations.uses_by_position = [[]]
methods.1.text = "    public void test(java.io.OutputStream output) throws java.io.IOException {\n        // @method test(Ljava/io/OutputStream;)V\n        // @declaration an instance method of `jadx.tests.integration.trycatch.TestTryCatchFinally2$TestCls`, member flags 0x0001\n        // recovered from bytecode; presentation is not claimed to compile\n        java.io.DataOutputStream out;\n        out = new java.io.DataOutputStream(output);\n        try {\n            jadx.core.clsp.ClspClass[] local3;\n            int local4;\n            int local5;\n            jadx.core.clsp.ClspClass cls;\n            out.writeByte(1);\n            out.writeInt(this.classes.length);\n            local3 = this.classes;\n            local4 = local3.length;\n            local5 = 0;\n            while (local5 < local4) {\n                cls = local3[local5];\n                this.writeString(out, (java.lang.String) cls.getName());\n                local5 = local5 + 1;\n            }\n            local3 = this.classes;\n            local4 = local3.length;\n            local5 = 0;\n            jadx.core.dex.instructions.args.ArgType[] local8;\n            int local9;\n            int local10;\n            while (local5 < local4) {\n                cls = local3[local5];\n                jadx.core.dex.instructions.args.ArgType[] parents = cls.getParents();\n                out.writeByte(parents.length);\n                local8 = parents;\n                local9 = local8.length;\n                for (local10 = 0; local10 < local9; local10 = local10 + 1) {\n                    jadx.core.dex.instructions.args.ArgType parent = local8[local10];\n                    out.writeInt(parent.getObject().hashCode());\n                }\n                local5 = local5 + 1;\n            }\n        } finally {\n            out.close();\n        }\n    }\n"
methods.1.type_annotations.attributes = []
methods.1.type_annotations.field_uses = []
methods.1.type_annotations.parameter_uses = [[]]
methods.1.type_annotations.refusals = []
methods.1.type_annotations.return_uses = []
methods.2.annotations.attributes = []
methods.2.annotations.refusals = []
methods.2.annotations.uses = []
methods.2.declaration = "private void writeString(java.io.DataOutputStream out, java.lang.String name)"
methods.2.item.access_flags = 2
methods.2.item.body.content_span.length = 63
methods.2.item.body.content_span.start = 1829
methods.2.item.body.kind = "code_attribute"
methods.2.item.descriptor.escaped = "(Ljava/io/DataOutputStream;Ljava/lang/String;)V"
methods.2.item.descriptor.raw = [40,76,106,97,118,97,47,105,111,47,68,97,116,97,79,117,116,112,117,116,83,116,114,101,97,109,59,76,106,97,118,97,47,108,97,110,103,47,83,116,114,105,110,103,59,41,86]
methods.2.item.descriptor.utf16 = [40,76,106,97,118,97,47,105,111,47,68,97,116,97,79,117,116,112,117,116,83,116,114,101,97,109,59,76,106,97,118,97,47,108,97,110,103,47,83,116,114,105,110,103,59,41,86]
methods.2.item.identity.descriptor = [40,76,106,97,118,97,47,105,111,47,68,97,116,97,79,117,116,112,117,116,83,116,114,101,97,109,59,76,106,97,118,97,47,108,97,110,103,47,83,116,114,105,110,103,59,41,86]
methods.2.item.identity.name = [119,114,105,116,101,83,116,114,105,110,103]
methods.2.item.identity.owner.class_bytes.digest = "c4915b8b6b48b5fd30b04ec506bb895e76e15c8e6e5c43cb2a7e6602e2f05c7c"
methods.2.item.identity.owner.class_bytes.length = 1926
methods.2.item.identity.owner.location.kind = "standalone_root"
methods.2.item.identity.owner.location.snapshot = "c4915b8b6b48b5fd30b04ec506bb895e76e15c8e6e5c43cb2a7e6602e2f05c7c"
methods.2.item.identity.owner.variant.kind = "base"
methods.2.item.index = 2
methods.2.item.name.escaped = "writeString"
methods.2.item.name.raw = [119,114,105,116,101,83,116,114,105,110,103]
methods.2.item.name.utf16 = [119,114,105,116,101,83,116,114,105,110,103]
methods.2.markers = []
methods.2.no_body_kind = null
methods.2.outcome.analysis.diagnostics = 0
methods.2.outcome.analysis.execution.status = "complete"
methods.2.outcome.analysis.execution.usage.analysis_steps = 15310
methods.2.outcome.analysis.execution.usage.archive_entries = 0
methods.2.outcome.analysis.execution.usage.attribute_bytes = 1865
methods.2.outcome.analysis.execution.usage.class_bytes = 3852
methods.2.outcome.analysis.execution.usage.class_headers = 1
methods.2.outcome.analysis.execution.usage.code_bytes = 176
methods.2.outcome.analysis.execution.usage.dependency_depth = 0
methods.2.outcome.analysis.execution.usage.elapsed_millis = 46
methods.2.outcome.analysis.execution.usage.entry_bytes = 0
methods.2.outcome.analysis.execution.usage.input_bytes = 1926
methods.2.outcome.analysis.execution.usage.ir_edges = 352
methods.2.outcome.analysis.execution.usage.ir_items = 4583
methods.2.outcome.analysis.execution.usage.method_bodies = 3
methods.2.outcome.analysis.execution.usage.nested_depth = 0
methods.2.outcome.analysis.execution.usage.normalization_clones = 0
methods.2.outcome.analysis.execution.usage.output_bytes = 3696
methods.2.outcome.analysis.execution.usage.read_bytes = 1926
methods.2.outcome.analysis.execution.usage.result_items = 15
methods.2.outcome.kind = "recovered"
methods.2.outcome.report.accessors = []
methods.2.outcome.report.aliased_names = []
methods.2.outcome.report.artifact.agreement.state = "not_stated"
methods.2.outcome.report.artifact.binding.engine = "0.1.0"
methods.2.outcome.report.artifact.binding.environment.content = ["c4915b8b6b48b5fd30b04ec506bb895e76e15c8e6e5c43cb2a7e6602e2f05c7c"]
methods.2.outcome.report.artifact.binding.environment.domain_loaders = ["app"]
methods.2.outcome.report.artifact.binding.environment.providers = []
methods.2.outcome.report.artifact.binding.environment.runtime.load_domain.delegation.kind = "parent_first"
methods.2.outcome.report.artifact.binding.environment.runtime.load_domain.external_override = "none"
methods.2.outcome.report.artifact.binding.environment.runtime.load_domain.loader = "app"
methods.2.outcome.report.artifact.binding.environment.runtime.load_domain.module_mode.kind = "class_path"
methods.2.outcome.report.artifact.binding.environment.runtime.load_domain.parent_loader = null
methods.2.outcome.report.artifact.binding.environment.runtime.load_domain.roots.0.kind = "standalone_class"
methods.2.outcome.report.artifact.binding.environment.runtime.load_domain.roots.0.snapshot = "c4915b8b6b48b5fd30b04ec506bb895e76e15c8e6e5c43cb2a7e6602e2f05c7c"
methods.2.outcome.report.artifact.binding.environment.runtime.load_domain.runtime_transformation = "none"
methods.2.outcome.report.artifact.binding.environment.runtime.physical.scope.kind = "snapshot_all"
methods.2.outcome.report.artifact.binding.environment.runtime.physical.snapshot = "c4915b8b6b48b5fd30b04ec506bb895e76e15c8e6e5c43cb2a7e6602e2f05c7c"
methods.2.outcome.report.artifact.binding.environment.runtime.profile.java_release = 8
methods.2.outcome.report.artifact.binding.environment.runtime.profile.layout.kind = "generic"
methods.2.outcome.report.artifact.binding.environment.runtime.profile.multi_release.kind = "disabled"
methods.2.outcome.report.artifact.binding.member_ordinal = 2
methods.2.outcome.report.artifact.binding.method.descriptor = [40,76,106,97,118,97,47,105,111,47,68,97,116,97,79,117,116,112,117,116,83,116,114,101,97,109,59,76,106,97,118,97,47,108,97,110,103,47,83,116,114,105,110,103,59,41,86]
methods.2.outcome.report.artifact.binding.method.name = [119,114,105,116,101,83,116,114,105,110,103]
methods.2.outcome.report.artifact.binding.method.owner.class_bytes.digest = "c4915b8b6b48b5fd30b04ec506bb895e76e15c8e6e5c43cb2a7e6602e2f05c7c"
methods.2.outcome.report.artifact.binding.method.owner.class_bytes.length = 1926
methods.2.outcome.report.artifact.binding.method.owner.location.kind = "standalone_root"
methods.2.outcome.report.artifact.binding.method.owner.location.snapshot = "c4915b8b6b48b5fd30b04ec506bb895e76e15c8e6e5c43cb2a7e6602e2f05c7c"
methods.2.outcome.report.artifact.binding.method.owner.variant.kind = "base"
methods.2.outcome.report.artifact.binding.profile.java_release = 8
methods.2.outcome.report.artifact.binding.profile.layout.kind = "generic"
methods.2.outcome.report.artifact.binding.profile.multi_release.kind = "disabled"
methods.2.outcome.report.artifact.binding.registry = 71
methods.2.outcome.report.artifact.binding.rules = ["straight@1","if@1","loop@1","switch@1","lambda@1","concat@1","bridge@1","accessor@1","new@1","field@1","enumswitch@1","init@1","declaration@1","twr@1","monitor@1","finally@1"]
methods.2.outcome.report.artifact.binding.schema = 1
methods.2.outcome.report.artifact.binding.text_bytes = 275
methods.2.outcome.report.artifact.binding.text_digest = "61fa203993e56ec74b5ce0d3ba2485ab"
methods.2.outcome.report.bridges = []
methods.2.outcome.report.compile_status = "not_attempted"
methods.2.outcome.report.concats = []
methods.2.outcome.report.content = "contains_statements"
methods.2.outcome.report.declaration = null
methods.2.outcome.report.diagnostics.0.code = "jre_recovery_produced"
methods.2.outcome.report.diagnostics.0.message = "1 region(s), 1 statement(s), 1 segment(s), 275 byte(s) written from 1 canonical block(s)"
methods.2.outcome.report.diagnostics.0.provenance = null
methods.2.outcome.report.diagnostics.0.severity = "info"
methods.2.outcome.report.diagnostics.1.code = "jre_declaration"
methods.2.outcome.report.diagnostics.1.message = "the artifact's envelope states the member's declaration under declaration@1: an instance method"
methods.2.outcome.report.diagnostics.1.provenance = null
methods.2.outcome.report.diagnostics.1.severity = "info"
methods.2.outcome.report.enum_switches = []
methods.2.outcome.report.evidence.categories.0.kind = "source_map"
methods.2.outcome.report.evidence.categories.0.state.state = "complete"
methods.2.outcome.report.evidence.categories.1.kind = "region_details"
methods.2.outcome.report.evidence.categories.1.state.state = "not_requested"
methods.2.outcome.report.evidence.categories.2.kind = "rule_details"
methods.2.outcome.report.evidence.categories.2.state.state = "not_requested"
methods.2.outcome.report.evidence.categories.3.kind = "name_details"
methods.2.outcome.report.evidence.categories.3.state.state = "not_requested"
methods.2.outcome.report.evidence.categories.4.kind = "read_details"
methods.2.outcome.report.evidence.categories.4.state.state = "not_requested"
methods.2.outcome.report.evidence.requested.driver_bci_range = null
methods.2.outcome.report.evidence.requested.expected_artifact = null
methods.2.outcome.report.evidence.requested.kinds = ["source_map"]
methods.2.outcome.report.execution.status = "complete"
methods.2.outcome.report.execution.usage.analysis_steps = 15323
methods.2.outcome.report.execution.usage.archive_entries = 0
methods.2.outcome.report.execution.usage.attribute_bytes = 1865
methods.2.outcome.report.execution.usage.class_bytes = 3852
methods.2.outcome.report.execution.usage.class_headers = 1
methods.2.outcome.report.execution.usage.code_bytes = 176
methods.2.outcome.report.execution.usage.dependency_depth = 0
methods.2.outcome.report.execution.usage.elapsed_millis = 46
methods.2.outcome.report.execution.usage.entry_bytes = 0
methods.2.outcome.report.execution.usage.input_bytes = 1926
methods.2.outcome.report.execution.usage.ir_edges = 352
methods.2.outcome.report.execution.usage.ir_items = 4593
methods.2.outcome.report.execution.usage.method_bodies = 3
methods.2.outcome.report.execution.usage.nested_depth = 0
methods.2.outcome.report.execution.usage.normalization_clones = 0
methods.2.outcome.report.execution.usage.output_bytes = 3971
methods.2.outcome.report.execution.usage.read_bytes = 1926
methods.2.outcome.report.execution.usage.result_items = 15
methods.2.outcome.report.fallbacks = []
methods.2.outcome.report.fields = []
methods.2.outcome.report.init = null
methods.2.outcome.report.lambdas = []
methods.2.outcome.report.method = "writeString(Ljava/io/DataOutputStream;Ljava/lang/String;)V"
methods.2.outcome.report.news = []
methods.2.outcome.report.outcome = "produced"
methods.2.outcome.report.profile.java_release = 8
methods.2.outcome.report.profile.layout.kind = "generic"
methods.2.outcome.report.profile.multi_release.kind = "disabled"
methods.2.outcome.report.quality = "structured"
methods.2.outcome.report.regions = []
methods.2.outcome.report.representation = "java"
methods.2.outcome.report.rules = []
methods.2.outcome.report.semantic_validation = "unproven"
methods.2.outcome.report.source_map.segments.0.end = 273
methods.2.outcome.report.source_map.segments.0.origin.derived = []
methods.2.outcome.report.source_map.segments.0.origin.primary.bci = 0
methods.2.outcome.report.source_map.segments.0.origin.primary.cp = null
methods.2.outcome.report.source_map.segments.0.origin.primary.method.descriptor = [40,76,106,97,118,97,47,105,111,47,68,97,116,97,79,117,116,112,117,116,83,116,114,101,97,109,59,76,106,97,118,97,47,108,97,110,103,47,83,116,114,105,110,103,59,41,86]
methods.2.outcome.report.source_map.segments.0.origin.primary.method.name = [119,114,105,116,101,83,116,114,105,110,103]
methods.2.outcome.report.source_map.segments.0.origin.primary.method.owner.class_bytes.digest = "c4915b8b6b48b5fd30b04ec506bb895e76e15c8e6e5c43cb2a7e6602e2f05c7c"
methods.2.outcome.report.source_map.segments.0.origin.primary.method.owner.class_bytes.length = 1926
methods.2.outcome.report.source_map.segments.0.origin.primary.method.owner.location.kind = "standalone_root"
methods.2.outcome.report.source_map.segments.0.origin.primary.method.owner.location.snapshot = "c4915b8b6b48b5fd30b04ec506bb895e76e15c8e6e5c43cb2a7e6602e2f05c7c"
methods.2.outcome.report.source_map.segments.0.origin.primary.method.owner.variant.kind = "base"
methods.2.outcome.report.source_map.segments.0.origin.primary.provenance = "Direct"
methods.2.outcome.report.source_map.segments.0.start = 261
methods.2.outcome.report.syntax_status = "unchecked"
methods.2.outcome.report.text = "// @method writeString(Ljava/io/DataOutputStream;Ljava/lang/String;)V\n// @declaration an instance method of `jadx.tests.integration.trycatch.TestTryCatchFinally2$TestCls`, member flags 0x0002\n// recovered from bytecode; presentation is not claimed to compile\n{\n    return;\n}\n"
methods.2.outcome.report.verification = "not_performed"
methods.2.parameter_annotations.attributes = []
methods.2.parameter_annotations.refusals = []
methods.2.parameter_annotations.uses_by_position = [[],[]]
methods.2.text = "    private void writeString(java.io.DataOutputStream out, java.lang.String name) {\n        // @method writeString(Ljava/io/DataOutputStream;Ljava/lang/String;)V\n        // @declaration an instance method of `jadx.tests.integration.trycatch.TestTryCatchFinally2$TestCls`, member flags 0x0002\n        // recovered from bytecode; presentation is not claimed to compile\n        return;\n    }\n"
methods.2.type_annotations.attributes = []
methods.2.type_annotations.field_uses = []
methods.2.type_annotations.parameter_uses = [[],[]]
methods.2.type_annotations.refusals = []
methods.2.type_annotations.return_uses = []
nested_annotation_family.state = "absent"
nested_enum_family.state = "absent"
outcome = "performed"
stages = ["raw_facts","raw_cfg","legacy_normalization","canonical_cfg","frame","ssa"]
usage.analysis_steps = 15323
usage.archive_entries = 0
usage.attribute_bytes = 1865
usage.class_bytes = 3852
usage.class_headers = 1
usage.code_bytes = 176
usage.dependency_depth = 0
usage.elapsed_millis = 47
usage.entry_bytes = 0
usage.input_bytes = 1926
usage.ir_edges = 352
usage.ir_items = 4594
usage.method_bodies = 3
usage.nested_depth = 0
usage.normalization_clones = 0
usage.output_bytes = 3971
usage.read_bytes = 1926
usage.result_items = 16
view.scope.kind = "snapshot_all"
view.snapshot = "c4915b8b6b48b5fd30b04ec506bb895e76e15c8e6e5c43cb2a7e6602e2f05c7c"
