anonymous_interface_projection.state = "absent"
bridge_proofs = []
class.class_bytes.digest = "fc4d5493a8d3c38b57f1b3ce43e4042892dcdabeafa8caa16e57746d8a0196f8"
class.class_bytes.length = 1386
class.location.entry.ordinal = 2
class.location.entry.origin.root_container = "root"
class.location.entry.origin.snapshot = "a53889519ad4b273a4be93d3f4fb786e32eb16152f70258048fbc57ee885e42f"
class.location.entry.origin.steps = []
class.location.entry.raw_name = [83,97,109,101,69,114,97,115,117,114,101,66,105,110,100,101,114,46,99,108,97,115,115]
class.location.kind = "archive_entry"
class.variant.kind = "base"
coverage.artifact_structural.scanned.0.end = 3
coverage.artifact_structural.scanned.0.label = "central_directory_entries"
coverage.artifact_structural.scanned.0.start = 0
coverage.artifact_structural.scanned.1.end = 1
coverage.artifact_structural.scanned.1.label = "navigation_candidates"
coverage.artifact_structural.scanned.1.start = 0
coverage.artifact_structural.scanned.2.end = 4
coverage.artifact_structural.scanned.2.label = "class_methods"
coverage.artifact_structural.scanned.2.start = 0
coverage.artifact_structural.scanned.3.end = 4
coverage.artifact_structural.scanned.3.label = "class_source_bodies"
coverage.artifact_structural.scanned.3.start = 0
coverage.artifact_structural.skipped = []
coverage.artifact_structural.state = "complete_within_schema"
coverage.artifact_structural.uninterpreted_extensions = []
coverage.dynamic_analysis.scanned = []
coverage.dynamic_analysis.skipped = []
coverage.dynamic_analysis.state = "not_requested"
coverage.dynamic_analysis.uninterpreted_extensions = []
coverage.runtime_resolution.scanned = []
coverage.runtime_resolution.skipped = []
coverage.runtime_resolution.state = "not_requested"
coverage.runtime_resolution.uninterpreted_extensions = []
declaration.annotation_attributes = []
declaration.annotation_refusals = []
declaration.annotation_uses = []
declaration.declaration = "public class SameErasureBinder<T extends java.lang.Number & java.lang.Runnable> extends java.lang.Object"
declaration.generic_refusal = null
declaration.generic_signature = [60,84,58,76,106,97,118,97,47,108,97,110,103,47,78,117,109,98,101,114,59,58,76,106,97,118,97,47,108,97,110,103,47,82,117,110,110,97,98,108,101,59,62,76,106,97,118,97,47,108,97,110,103,47,79,98,106,101,99,116,59]
declaration.item.binding.kind = "path_name_agrees"
declaration.item.declaration.access_flags = 33
declaration.item.declaration.interfaces = []
declaration.item.declaration.super_class.escaped = "java/lang/Object"
declaration.item.declaration.super_class.raw = [106,97,118,97,47,108,97,110,103,47,79,98,106,101,99,116]
declaration.item.declaration.super_class.utf16 = [106,97,118,97,47,108,97,110,103,47,79,98,106,101,99,116]
declaration.item.declaration.this_class.escaped = "SameErasureBinder"
declaration.item.declaration.this_class.raw = [83,97,109,101,69,114,97,115,117,114,101,66,105,110,100,101,114]
declaration.item.declaration.this_class.utf16 = [83,97,109,101,69,114,97,115,117,114,101,66,105,110,100,101,114]
declaration.item.definition.class_bytes.digest = "fc4d5493a8d3c38b57f1b3ce43e4042892dcdabeafa8caa16e57746d8a0196f8"
declaration.item.definition.class_bytes.length = 1386
declaration.item.definition.location.entry.ordinal = 2
declaration.item.definition.location.entry.origin.root_container = "root"
declaration.item.definition.location.entry.origin.snapshot = "a53889519ad4b273a4be93d3f4fb786e32eb16152f70258048fbc57ee885e42f"
declaration.item.definition.location.entry.origin.steps = []
declaration.item.definition.location.entry.raw_name = [83,97,109,101,69,114,97,115,117,114,101,66,105,110,100,101,114,46,99,108,97,115,115]
declaration.item.definition.location.kind = "archive_entry"
declaration.item.definition.variant.kind = "base"
declaration.item.member_table = null
declaration.name = "SameErasureBinder"
diagnostics = []
direct_override_proofs = []
enum_switch_proofs = []
execution.status = "complete"
execution.usage.analysis_steps = 899
execution.usage.archive_entries = 9
execution.usage.attribute_bytes = 1272
execution.usage.class_bytes = 2772
execution.usage.class_headers = 1
execution.usage.code_bytes = 49
execution.usage.dependency_depth = 0
execution.usage.elapsed_millis = 3
execution.usage.entry_bytes = 1386
execution.usage.input_bytes = 1152
execution.usage.ir_edges = 49
execution.usage.ir_items = 930
execution.usage.method_bodies = 4
execution.usage.nested_depth = 0
execution.usage.normalization_clones = 0
execution.usage.output_bytes = 2561
execution.usage.read_bytes = 674
execution.usage.result_items = 23
fields = []
initializer_proof.kind = "not_applicable"
integer_constant_projections = []
limits.analysis_steps = 4194304
limits.archive_entries = 65536
limits.attribute_bytes = 67108864
limits.class_bytes = 67108864
limits.class_headers = 4096
limits.code_bytes = 16777216
limits.dependency_depth = 8
limits.elapsed_millis = 30000
limits.entry_bytes = 67108864
limits.input_bytes = 67108864
limits.ir_edges = 4194304
limits.ir_items = 4194304
limits.method_bodies = 4096
limits.nested_depth = 4
limits.normalization_clones = 1048576
limits.output_bytes = 16777216
limits.read_bytes = 67108864
limits.result_items = 65536
member_family.state = "absent"
methods.0.annotations.attributes = []
methods.0.annotations.refusals = []
methods.0.annotations.uses = []
methods.0.declaration = "public SameErasureBinder()"
methods.0.item.access_flags = 1
methods.0.item.body.content_span.length = 65
methods.0.item.body.content_span.start = 942
methods.0.item.body.kind = "code_attribute"
methods.0.item.descriptor.escaped = "()V"
methods.0.item.descriptor.raw = [40,41,86]
methods.0.item.descriptor.utf16 = [40,41,86]
methods.0.item.identity.descriptor = [40,41,86]
methods.0.item.identity.name = [60,105,110,105,116,62]
methods.0.item.identity.owner.class_bytes.digest = "fc4d5493a8d3c38b57f1b3ce43e4042892dcdabeafa8caa16e57746d8a0196f8"
methods.0.item.identity.owner.class_bytes.length = 1386
methods.0.item.identity.owner.location.entry.ordinal = 2
methods.0.item.identity.owner.location.entry.origin.root_container = "root"
methods.0.item.identity.owner.location.entry.origin.snapshot = "a53889519ad4b273a4be93d3f4fb786e32eb16152f70258048fbc57ee885e42f"
methods.0.item.identity.owner.location.entry.origin.steps = []
methods.0.item.identity.owner.location.entry.raw_name = [83,97,109,101,69,114,97,115,117,114,101,66,105,110,100,101,114,46,99,108,97,115,115]
methods.0.item.identity.owner.location.kind = "archive_entry"
methods.0.item.identity.owner.variant.kind = "base"
methods.0.item.index = 0
methods.0.item.name.escaped = "<init>"
methods.0.item.name.raw = [60,105,110,105,116,62]
methods.0.item.name.utf16 = [60,105,110,105,116,62]
methods.0.markers = []
methods.0.no_body_kind = null
methods.0.outcome.analysis.diagnostics = 0
methods.0.outcome.analysis.execution.status = "complete"
methods.0.outcome.analysis.execution.usage.analysis_steps = 39
methods.0.outcome.analysis.execution.usage.archive_entries = 9
methods.0.outcome.analysis.execution.usage.attribute_bytes = 927
methods.0.outcome.analysis.execution.usage.class_bytes = 2772
methods.0.outcome.analysis.execution.usage.class_headers = 1
methods.0.outcome.analysis.execution.usage.code_bytes = 5
methods.0.outcome.analysis.execution.usage.dependency_depth = 0
methods.0.outcome.analysis.execution.usage.elapsed_millis = 1
methods.0.outcome.analysis.execution.usage.entry_bytes = 1386
methods.0.outcome.analysis.execution.usage.input_bytes = 1152
methods.0.outcome.analysis.execution.usage.ir_edges = 2
methods.0.outcome.analysis.execution.usage.ir_items = 48
methods.0.outcome.analysis.execution.usage.method_bodies = 1
methods.0.outcome.analysis.execution.usage.nested_depth = 0
methods.0.outcome.analysis.execution.usage.normalization_clones = 0
methods.0.outcome.analysis.execution.usage.output_bytes = 104
methods.0.outcome.analysis.execution.usage.read_bytes = 674
methods.0.outcome.analysis.execution.usage.result_items = 19
methods.0.outcome.kind = "recovered"
methods.0.outcome.report.accessors = []
methods.0.outcome.report.aliased_names = []
methods.0.outcome.report.artifact.agreement.state = "not_stated"
methods.0.outcome.report.artifact.binding.engine = "0.1.0"
methods.0.outcome.report.artifact.binding.environment.content = ["a53889519ad4b273a4be93d3f4fb786e32eb16152f70258048fbc57ee885e42f"]
methods.0.outcome.report.artifact.binding.environment.domain_loaders = ["app"]
methods.0.outcome.report.artifact.binding.environment.providers = []
methods.0.outcome.report.artifact.binding.environment.runtime.load_domain.delegation.kind = "parent_first"
methods.0.outcome.report.artifact.binding.environment.runtime.load_domain.external_override = "none"
methods.0.outcome.report.artifact.binding.environment.runtime.load_domain.loader = "app"
methods.0.outcome.report.artifact.binding.environment.runtime.load_domain.module_mode.kind = "class_path"
methods.0.outcome.report.artifact.binding.environment.runtime.load_domain.parent_loader = null
methods.0.outcome.report.artifact.binding.environment.runtime.load_domain.roots.0.kind = "container"
methods.0.outcome.report.artifact.binding.environment.runtime.load_domain.roots.0.origin.root_container = "root"
methods.0.outcome.report.artifact.binding.environment.runtime.load_domain.roots.0.origin.snapshot = "a53889519ad4b273a4be93d3f4fb786e32eb16152f70258048fbc57ee885e42f"
methods.0.outcome.report.artifact.binding.environment.runtime.load_domain.roots.0.origin.steps = []
methods.0.outcome.report.artifact.binding.environment.runtime.load_domain.roots.0.prefix = []
methods.0.outcome.report.artifact.binding.environment.runtime.load_domain.runtime_transformation = "none"
methods.0.outcome.report.artifact.binding.environment.runtime.physical.scope.kind = "snapshot_all"
methods.0.outcome.report.artifact.binding.environment.runtime.physical.snapshot = "a53889519ad4b273a4be93d3f4fb786e32eb16152f70258048fbc57ee885e42f"
methods.0.outcome.report.artifact.binding.environment.runtime.profile.java_release = 8
methods.0.outcome.report.artifact.binding.environment.runtime.profile.layout.kind = "generic"
methods.0.outcome.report.artifact.binding.environment.runtime.profile.multi_release.kind = "disabled"
methods.0.outcome.report.artifact.binding.member_ordinal = 0
methods.0.outcome.report.artifact.binding.method.descriptor = [40,41,86]
methods.0.outcome.report.artifact.binding.method.name = [60,105,110,105,116,62]
methods.0.outcome.report.artifact.binding.method.owner.class_bytes.digest = "fc4d5493a8d3c38b57f1b3ce43e4042892dcdabeafa8caa16e57746d8a0196f8"
methods.0.outcome.report.artifact.binding.method.owner.class_bytes.length = 1386
methods.0.outcome.report.artifact.binding.method.owner.location.entry.ordinal = 2
methods.0.outcome.report.artifact.binding.method.owner.location.entry.origin.root_container = "root"
methods.0.outcome.report.artifact.binding.method.owner.location.entry.origin.snapshot = "a53889519ad4b273a4be93d3f4fb786e32eb16152f70258048fbc57ee885e42f"
methods.0.outcome.report.artifact.binding.method.owner.location.entry.origin.steps = []
methods.0.outcome.report.artifact.binding.method.owner.location.entry.raw_name = [83,97,109,101,69,114,97,115,117,114,101,66,105,110,100,101,114,46,99,108,97,115,115]
methods.0.outcome.report.artifact.binding.method.owner.location.kind = "archive_entry"
methods.0.outcome.report.artifact.binding.method.owner.variant.kind = "base"
methods.0.outcome.report.artifact.binding.profile.java_release = 8
methods.0.outcome.report.artifact.binding.profile.layout.kind = "generic"
methods.0.outcome.report.artifact.binding.profile.multi_release.kind = "disabled"
methods.0.outcome.report.artifact.binding.registry = 71
methods.0.outcome.report.artifact.binding.rules = ["straight@1","if@1","loop@1","switch@1","lambda@1","concat@1","bridge@1","accessor@1","new@1","field@1","enumswitch@1","init@1","declaration@1","twr@1","monitor@1","finally@1"]
methods.0.outcome.report.artifact.binding.schema = 1
methods.0.outcome.report.artifact.binding.text_bytes = 191
methods.0.outcome.report.artifact.binding.text_digest = "01a6507bafd305d72b2c216f2a768ba1"
methods.0.outcome.report.bridges = []
methods.0.outcome.report.compile_status = "not_attempted"
methods.0.outcome.report.concats = []
methods.0.outcome.report.content = "contains_statements"
methods.0.outcome.report.declaration = null
methods.0.outcome.report.diagnostics.0.code = "jre_recovery_produced"
methods.0.outcome.report.diagnostics.0.message = "1 region(s), 2 statement(s), 2 segment(s), 191 byte(s) written from 1 canonical block(s)"
methods.0.outcome.report.diagnostics.0.provenance = null
methods.0.outcome.report.diagnostics.0.severity = "info"
methods.0.outcome.report.diagnostics.1.code = "jre_constructor_prologue"
methods.0.outcome.report.diagnostics.1.message = "the body is an instance initializer and its prologue is written under init@1 as `super`: the call at BCI 1 names `java/lang/Object`, and the class that declares this constructor is `SameErasureBinder`"
methods.0.outcome.report.diagnostics.1.provenance = null
methods.0.outcome.report.diagnostics.1.severity = "info"
methods.0.outcome.report.diagnostics.2.code = "jre_declaration"
methods.0.outcome.report.diagnostics.2.message = "the artifact's envelope states the member's declaration under declaration@1: a constructor"
methods.0.outcome.report.diagnostics.2.provenance = null
methods.0.outcome.report.diagnostics.2.severity = "info"
methods.0.outcome.report.enum_switches = []
methods.0.outcome.report.evidence.categories.0.kind = "source_map"
methods.0.outcome.report.evidence.categories.0.state.state = "complete"
methods.0.outcome.report.evidence.categories.1.kind = "region_details"
methods.0.outcome.report.evidence.categories.1.state.state = "not_requested"
methods.0.outcome.report.evidence.categories.2.kind = "rule_details"
methods.0.outcome.report.evidence.categories.2.state.state = "not_requested"
methods.0.outcome.report.evidence.categories.3.kind = "name_details"
methods.0.outcome.report.evidence.categories.3.state.state = "not_requested"
methods.0.outcome.report.evidence.categories.4.kind = "read_details"
methods.0.outcome.report.evidence.categories.4.state.state = "not_requested"
methods.0.outcome.report.evidence.requested.driver_bci_range = null
methods.0.outcome.report.evidence.requested.expected_artifact = null
methods.0.outcome.report.evidence.requested.kinds = ["source_map"]
methods.0.outcome.report.execution.status = "complete"
methods.0.outcome.report.execution.usage.analysis_steps = 71
methods.0.outcome.report.execution.usage.archive_entries = 9
methods.0.outcome.report.execution.usage.attribute_bytes = 927
methods.0.outcome.report.execution.usage.class_bytes = 2772
methods.0.outcome.report.execution.usage.class_headers = 1
methods.0.outcome.report.execution.usage.code_bytes = 5
methods.0.outcome.report.execution.usage.dependency_depth = 0
methods.0.outcome.report.execution.usage.elapsed_millis = 1
methods.0.outcome.report.execution.usage.entry_bytes = 1386
methods.0.outcome.report.execution.usage.input_bytes = 1152
methods.0.outcome.report.execution.usage.ir_edges = 2
methods.0.outcome.report.execution.usage.ir_items = 72
methods.0.outcome.report.execution.usage.method_bodies = 1
methods.0.outcome.report.execution.usage.nested_depth = 0
methods.0.outcome.report.execution.usage.normalization_clones = 0
methods.0.outcome.report.execution.usage.output_bytes = 295
methods.0.outcome.report.execution.usage.read_bytes = 674
methods.0.outcome.report.execution.usage.result_items = 19
methods.0.outcome.report.fallbacks = []
methods.0.outcome.report.fields = []
methods.0.outcome.report.init = null
methods.0.outcome.report.lambdas = []
methods.0.outcome.report.method = "<init>()V"
methods.0.outcome.report.news = []
methods.0.outcome.report.outcome = "produced"
methods.0.outcome.report.profile.java_release = 8
methods.0.outcome.report.profile.layout.kind = "generic"
methods.0.outcome.report.profile.multi_release.kind = "disabled"
methods.0.outcome.report.quality = "structured"
methods.0.outcome.report.regions = []
methods.0.outcome.report.representation = "java"
methods.0.outcome.report.rules = []
methods.0.outcome.report.semantic_validation = "unproven"
methods.0.outcome.report.source_map.segments.0.end = 177
methods.0.outcome.report.source_map.segments.0.origin.derived.0.bci = 0
methods.0.outcome.report.source_map.segments.0.origin.derived.0.cp = null
methods.0.outcome.report.source_map.segments.0.origin.derived.0.method.descriptor = [40,41,86]
methods.0.outcome.report.source_map.segments.0.origin.derived.0.method.name = [60,105,110,105,116,62]
methods.0.outcome.report.source_map.segments.0.origin.derived.0.method.owner.class_bytes.digest = "fc4d5493a8d3c38b57f1b3ce43e4042892dcdabeafa8caa16e57746d8a0196f8"
methods.0.outcome.report.source_map.segments.0.origin.derived.0.method.owner.class_bytes.length = 1386
methods.0.outcome.report.source_map.segments.0.origin.derived.0.method.owner.location.entry.ordinal = 2
methods.0.outcome.report.source_map.segments.0.origin.derived.0.method.owner.location.entry.origin.root_container = "root"
methods.0.outcome.report.source_map.segments.0.origin.derived.0.method.owner.location.entry.origin.snapshot = "a53889519ad4b273a4be93d3f4fb786e32eb16152f70258048fbc57ee885e42f"
methods.0.outcome.report.source_map.segments.0.origin.derived.0.method.owner.location.entry.origin.steps = []
methods.0.outcome.report.source_map.segments.0.origin.derived.0.method.owner.location.entry.raw_name = [83,97,109,101,69,114,97,115,117,114,101,66,105,110,100,101,114,46,99,108,97,115,115]
methods.0.outcome.report.source_map.segments.0.origin.derived.0.method.owner.location.kind = "archive_entry"
methods.0.outcome.report.source_map.segments.0.origin.derived.0.method.owner.variant.kind = "base"
methods.0.outcome.report.source_map.segments.0.origin.derived.0.provenance = "Derived"
methods.0.outcome.report.source_map.segments.0.origin.primary.bci = 1
methods.0.outcome.report.source_map.segments.0.origin.primary.cp = null
methods.0.outcome.report.source_map.segments.0.origin.primary.method.descriptor = [40,41,86]
methods.0.outcome.report.source_map.segments.0.origin.primary.method.name = [60,105,110,105,116,62]
methods.0.outcome.report.source_map.segments.0.origin.primary.method.owner.class_bytes.digest = "fc4d5493a8d3c38b57f1b3ce43e4042892dcdabeafa8caa16e57746d8a0196f8"
methods.0.outcome.report.source_map.segments.0.origin.primary.method.owner.class_bytes.length = 1386
methods.0.outcome.report.source_map.segments.0.origin.primary.method.owner.location.entry.ordinal = 2
methods.0.outcome.report.source_map.segments.0.origin.primary.method.owner.location.entry.origin.root_container = "root"
methods.0.outcome.report.source_map.segments.0.origin.primary.method.owner.location.entry.origin.snapshot = "a53889519ad4b273a4be93d3f4fb786e32eb16152f70258048fbc57ee885e42f"
methods.0.outcome.report.source_map.segments.0.origin.primary.method.owner.location.entry.origin.steps = []
methods.0.outcome.report.source_map.segments.0.origin.primary.method.owner.location.entry.raw_name = [83,97,109,101,69,114,97,115,117,114,101,66,105,110,100,101,114,46,99,108,97,115,115]
methods.0.outcome.report.source_map.segments.0.origin.primary.method.owner.location.kind = "archive_entry"
methods.0.outcome.report.source_map.segments.0.origin.primary.method.owner.variant.kind = "base"
methods.0.outcome.report.source_map.segments.0.origin.primary.provenance = "Direct"
methods.0.outcome.report.source_map.segments.0.start = 164
methods.0.outcome.report.source_map.segments.1.end = 189
methods.0.outcome.report.source_map.segments.1.origin.derived = []
methods.0.outcome.report.source_map.segments.1.origin.primary.bci = 4
methods.0.outcome.report.source_map.segments.1.origin.primary.cp = null
methods.0.outcome.report.source_map.segments.1.origin.primary.method.descriptor = [40,41,86]
methods.0.outcome.report.source_map.segments.1.origin.primary.method.name = [60,105,110,105,116,62]
methods.0.outcome.report.source_map.segments.1.origin.primary.method.owner.class_bytes.digest = "fc4d5493a8d3c38b57f1b3ce43e4042892dcdabeafa8caa16e57746d8a0196f8"
methods.0.outcome.report.source_map.segments.1.origin.primary.method.owner.class_bytes.length = 1386
methods.0.outcome.report.source_map.segments.1.origin.primary.method.owner.location.entry.ordinal = 2
methods.0.outcome.report.source_map.segments.1.origin.primary.method.owner.location.entry.origin.root_container = "root"
methods.0.outcome.report.source_map.segments.1.origin.primary.method.owner.location.entry.origin.snapshot = "a53889519ad4b273a4be93d3f4fb786e32eb16152f70258048fbc57ee885e42f"
methods.0.outcome.report.source_map.segments.1.origin.primary.method.owner.location.entry.origin.steps = []
methods.0.outcome.report.source_map.segments.1.origin.primary.method.owner.location.entry.raw_name = [83,97,109,101,69,114,97,115,117,114,101,66,105,110,100,101,114,46,99,108,97,115,115]
methods.0.outcome.report.source_map.segments.1.origin.primary.method.owner.location.kind = "archive_entry"
methods.0.outcome.report.source_map.segments.1.origin.primary.method.owner.variant.kind = "base"
methods.0.outcome.report.source_map.segments.1.origin.primary.provenance = "Direct"
methods.0.outcome.report.source_map.segments.1.start = 177
methods.0.outcome.report.syntax_status = "unchecked"
methods.0.outcome.report.text = "// @method <init>()V\n// @declaration a constructor of `SameErasureBinder`, member flags 0x0001\n// recovered from bytecode; presentation is not claimed to compile\n{\n    super();\n    return;\n}\n"
methods.0.outcome.report.verification = "not_performed"
methods.0.parameter_annotations.attributes = []
methods.0.parameter_annotations.refusals = []
methods.0.parameter_annotations.uses_by_position = []
methods.0.text = "    public SameErasureBinder() {\n        // @method <init>()V\n        // @declaration a constructor of `SameErasureBinder`, member flags 0x0001\n        // recovered from bytecode; presentation is not claimed to compile\n        super();\n        return;\n    }\n"
methods.0.type_annotations.attributes = []
methods.0.type_annotations.field_uses = []
methods.0.type_annotations.parameter_uses = []
methods.0.type_annotations.refusals = []
methods.0.type_annotations.return_uses = []
methods.1.annotations.attributes = []
methods.1.annotations.refusals = []
methods.1.annotations.uses = []
methods.1.declaration = "public java.lang.Number sink(java.lang.Number x)"
methods.1.item.access_flags = 1
methods.1.item.body.content_span.length = 82
methods.1.item.body.content_span.start = 1021
methods.1.item.body.kind = "code_attribute"
methods.1.item.descriptor.escaped = "(Ljava/lang/Number;)Ljava/lang/Number;"
methods.1.item.descriptor.raw = [40,76,106,97,118,97,47,108,97,110,103,47,78,117,109,98,101,114,59,41,76,106,97,118,97,47,108,97,110,103,47,78,117,109,98,101,114,59]
methods.1.item.descriptor.utf16 = [40,76,106,97,118,97,47,108,97,110,103,47,78,117,109,98,101,114,59,41,76,106,97,118,97,47,108,97,110,103,47,78,117,109,98,101,114,59]
methods.1.item.identity.descriptor = [40,76,106,97,118,97,47,108,97,110,103,47,78,117,109,98,101,114,59,41,76,106,97,118,97,47,108,97,110,103,47,78,117,109,98,101,114,59]
methods.1.item.identity.name = [115,105,110,107]
methods.1.item.identity.owner.class_bytes.digest = "fc4d5493a8d3c38b57f1b3ce43e4042892dcdabeafa8caa16e57746d8a0196f8"
methods.1.item.identity.owner.class_bytes.length = 1386
methods.1.item.identity.owner.location.entry.ordinal = 2
methods.1.item.identity.owner.location.entry.origin.root_container = "root"
methods.1.item.identity.owner.location.entry.origin.snapshot = "a53889519ad4b273a4be93d3f4fb786e32eb16152f70258048fbc57ee885e42f"
methods.1.item.identity.owner.location.entry.origin.steps = []
methods.1.item.identity.owner.location.entry.raw_name = [83,97,109,101,69,114,97,115,117,114,101,66,105,110,100,101,114,46,99,108,97,115,115]
methods.1.item.identity.owner.location.kind = "archive_entry"
methods.1.item.identity.owner.variant.kind = "base"
methods.1.item.index = 1
methods.1.item.name.escaped = "sink"
methods.1.item.name.raw = [115,105,110,107]
methods.1.item.name.utf16 = [115,105,110,107]
methods.1.markers = ["// jarde: generic Signature projection refused for `sink(Ljava/lang/Number;)Ljava/lang/Number;`: unsupported (generic_source_shape_unproved): method flags, annotations, or existing source refusals cannot be preserved in this generic shape"]
methods.1.no_body_kind = null
methods.1.outcome.analysis.diagnostics = 0
methods.1.outcome.analysis.execution.status = "complete"
methods.1.outcome.analysis.execution.usage.analysis_steps = 87
methods.1.outcome.analysis.execution.usage.archive_entries = 9
methods.1.outcome.analysis.execution.usage.attribute_bytes = 1015
methods.1.outcome.analysis.execution.usage.class_bytes = 2772
methods.1.outcome.analysis.execution.usage.class_headers = 1
methods.1.outcome.analysis.execution.usage.code_bytes = 7
methods.1.outcome.analysis.execution.usage.dependency_depth = 0
methods.1.outcome.analysis.execution.usage.elapsed_millis = 1
methods.1.outcome.analysis.execution.usage.entry_bytes = 1386
methods.1.outcome.analysis.execution.usage.input_bytes = 1152
methods.1.outcome.analysis.execution.usage.ir_edges = 4
methods.1.outcome.analysis.execution.usage.ir_items = 119
methods.1.outcome.analysis.execution.usage.method_bodies = 2
methods.1.outcome.analysis.execution.usage.nested_depth = 0
methods.1.outcome.analysis.execution.usage.normalization_clones = 0
methods.1.outcome.analysis.execution.usage.output_bytes = 295
methods.1.outcome.analysis.execution.usage.read_bytes = 674
methods.1.outcome.analysis.execution.usage.result_items = 20
methods.1.outcome.kind = "recovered"
methods.1.outcome.report.accessors = []
methods.1.outcome.report.aliased_names = []
methods.1.outcome.report.artifact.agreement.state = "not_stated"
methods.1.outcome.report.artifact.binding.engine = "0.1.0"
methods.1.outcome.report.artifact.binding.environment.content = ["a53889519ad4b273a4be93d3f4fb786e32eb16152f70258048fbc57ee885e42f"]
methods.1.outcome.report.artifact.binding.environment.domain_loaders = ["app"]
methods.1.outcome.report.artifact.binding.environment.providers = []
methods.1.outcome.report.artifact.binding.environment.runtime.load_domain.delegation.kind = "parent_first"
methods.1.outcome.report.artifact.binding.environment.runtime.load_domain.external_override = "none"
methods.1.outcome.report.artifact.binding.environment.runtime.load_domain.loader = "app"
methods.1.outcome.report.artifact.binding.environment.runtime.load_domain.module_mode.kind = "class_path"
methods.1.outcome.report.artifact.binding.environment.runtime.load_domain.parent_loader = null
methods.1.outcome.report.artifact.binding.environment.runtime.load_domain.roots.0.kind = "container"
methods.1.outcome.report.artifact.binding.environment.runtime.load_domain.roots.0.origin.root_container = "root"
methods.1.outcome.report.artifact.binding.environment.runtime.load_domain.roots.0.origin.snapshot = "a53889519ad4b273a4be93d3f4fb786e32eb16152f70258048fbc57ee885e42f"
methods.1.outcome.report.artifact.binding.environment.runtime.load_domain.roots.0.origin.steps = []
methods.1.outcome.report.artifact.binding.environment.runtime.load_domain.roots.0.prefix = []
methods.1.outcome.report.artifact.binding.environment.runtime.load_domain.runtime_transformation = "none"
methods.1.outcome.report.artifact.binding.environment.runtime.physical.scope.kind = "snapshot_all"
methods.1.outcome.report.artifact.binding.environment.runtime.physical.snapshot = "a53889519ad4b273a4be93d3f4fb786e32eb16152f70258048fbc57ee885e42f"
methods.1.outcome.report.artifact.binding.environment.runtime.profile.java_release = 8
methods.1.outcome.report.artifact.binding.environment.runtime.profile.layout.kind = "generic"
methods.1.outcome.report.artifact.binding.environment.runtime.profile.multi_release.kind = "disabled"
methods.1.outcome.report.artifact.binding.member_ordinal = 1
methods.1.outcome.report.artifact.binding.method.descriptor = [40,76,106,97,118,97,47,108,97,110,103,47,78,117,109,98,101,114,59,41,76,106,97,118,97,47,108,97,110,103,47,78,117,109,98,101,114,59]
methods.1.outcome.report.artifact.binding.method.name = [115,105,110,107]
methods.1.outcome.report.artifact.binding.method.owner.class_bytes.digest = "fc4d5493a8d3c38b57f1b3ce43e4042892dcdabeafa8caa16e57746d8a0196f8"
methods.1.outcome.report.artifact.binding.method.owner.class_bytes.length = 1386
methods.1.outcome.report.artifact.binding.method.owner.location.entry.ordinal = 2
methods.1.outcome.report.artifact.binding.method.owner.location.entry.origin.root_container = "root"
methods.1.outcome.report.artifact.binding.method.owner.location.entry.origin.snapshot = "a53889519ad4b273a4be93d3f4fb786e32eb16152f70258048fbc57ee885e42f"
methods.1.outcome.report.artifact.binding.method.owner.location.entry.origin.steps = []
methods.1.outcome.report.artifact.binding.method.owner.location.entry.raw_name = [83,97,109,101,69,114,97,115,117,114,101,66,105,110,100,101,114,46,99,108,97,115,115]
methods.1.outcome.report.artifact.binding.method.owner.location.kind = "archive_entry"
methods.1.outcome.report.artifact.binding.method.owner.variant.kind = "base"
methods.1.outcome.report.artifact.binding.profile.java_release = 8
methods.1.outcome.report.artifact.binding.profile.layout.kind = "generic"
methods.1.outcome.report.artifact.binding.profile.multi_release.kind = "disabled"
methods.1.outcome.report.artifact.binding.registry = 71
methods.1.outcome.report.artifact.binding.rules = ["straight@1","if@1","loop@1","switch@1","lambda@1","concat@1","bridge@1","accessor@1","new@1","field@1","enumswitch@1","init@1","declaration@1","twr@1","monitor@1","finally@1"]
methods.1.outcome.report.artifact.binding.schema = 1
methods.1.outcome.report.artifact.binding.text_bytes = 218
methods.1.outcome.report.artifact.binding.text_digest = "1e149544d8b2e0479fa3ac73e36baa4f"
methods.1.outcome.report.bridges = []
methods.1.outcome.report.compile_status = "not_attempted"
methods.1.outcome.report.concats = []
methods.1.outcome.report.content = "contains_statements"
methods.1.outcome.report.declaration = null
methods.1.outcome.report.diagnostics.0.code = "jre_recovery_produced"
methods.1.outcome.report.diagnostics.0.message = "1 region(s), 1 statement(s), 2 segment(s), 218 byte(s) written from 1 canonical block(s)"
methods.1.outcome.report.diagnostics.0.provenance = null
methods.1.outcome.report.diagnostics.0.severity = "info"
methods.1.outcome.report.diagnostics.1.code = "jre_declaration"
methods.1.outcome.report.diagnostics.1.message = "the artifact's envelope states the member's declaration under declaration@1: an instance method"
methods.1.outcome.report.diagnostics.1.provenance = null
methods.1.outcome.report.diagnostics.1.severity = "info"
methods.1.outcome.report.enum_switches = []
methods.1.outcome.report.evidence.categories.0.kind = "source_map"
methods.1.outcome.report.evidence.categories.0.state.state = "complete"
methods.1.outcome.report.evidence.categories.1.kind = "region_details"
methods.1.outcome.report.evidence.categories.1.state.state = "not_requested"
methods.1.outcome.report.evidence.categories.2.kind = "rule_details"
methods.1.outcome.report.evidence.categories.2.state.state = "not_requested"
methods.1.outcome.report.evidence.categories.3.kind = "name_details"
methods.1.outcome.report.evidence.categories.3.state.state = "not_requested"
methods.1.outcome.report.evidence.categories.4.kind = "read_details"
methods.1.outcome.report.evidence.categories.4.state.state = "not_requested"
methods.1.outcome.report.evidence.requested.driver_bci_range = null
methods.1.outcome.report.evidence.requested.expected_artifact = null
methods.1.outcome.report.evidence.requested.kinds = ["source_map"]
methods.1.outcome.report.execution.status = "complete"
methods.1.outcome.report.execution.usage.analysis_steps = 113
methods.1.outcome.report.execution.usage.archive_entries = 9
methods.1.outcome.report.execution.usage.attribute_bytes = 1015
methods.1.outcome.report.execution.usage.class_bytes = 2772
methods.1.outcome.report.execution.usage.class_headers = 1
methods.1.outcome.report.execution.usage.code_bytes = 7
methods.1.outcome.report.execution.usage.dependency_depth = 0
methods.1.outcome.report.execution.usage.elapsed_millis = 1
methods.1.outcome.report.execution.usage.entry_bytes = 1386
methods.1.outcome.report.execution.usage.input_bytes = 1152
methods.1.outcome.report.execution.usage.ir_edges = 4
methods.1.outcome.report.execution.usage.ir_items = 142
methods.1.outcome.report.execution.usage.method_bodies = 2
methods.1.outcome.report.execution.usage.nested_depth = 0
methods.1.outcome.report.execution.usage.normalization_clones = 0
methods.1.outcome.report.execution.usage.output_bytes = 513
methods.1.outcome.report.execution.usage.read_bytes = 674
methods.1.outcome.report.execution.usage.result_items = 20
methods.1.outcome.report.fallbacks = []
methods.1.outcome.report.fields = []
methods.1.outcome.report.init = null
methods.1.outcome.report.lambdas = []
methods.1.outcome.report.method = "sink(Ljava/lang/Number;)Ljava/lang/Number;"
methods.1.outcome.report.news = []
methods.1.outcome.report.outcome = "produced"
methods.1.outcome.report.profile.java_release = 8
methods.1.outcome.report.profile.layout.kind = "generic"
methods.1.outcome.report.profile.multi_release.kind = "disabled"
methods.1.outcome.report.quality = "structured"
methods.1.outcome.report.regions = []
methods.1.outcome.report.representation = "java"
methods.1.outcome.report.rules = []
methods.1.outcome.report.semantic_validation = "unproven"
methods.1.outcome.report.source_map.segments.0.end = 214
methods.1.outcome.report.source_map.segments.0.origin.derived = []
methods.1.outcome.report.source_map.segments.0.origin.primary.bci = 0
methods.1.outcome.report.source_map.segments.0.origin.primary.cp = null
methods.1.outcome.report.source_map.segments.0.origin.primary.method.descriptor = [40,76,106,97,118,97,47,108,97,110,103,47,78,117,109,98,101,114,59,41,76,106,97,118,97,47,108,97,110,103,47,78,117,109,98,101,114,59]
methods.1.outcome.report.source_map.segments.0.origin.primary.method.name = [115,105,110,107]
methods.1.outcome.report.source_map.segments.0.origin.primary.method.owner.class_bytes.digest = "fc4d5493a8d3c38b57f1b3ce43e4042892dcdabeafa8caa16e57746d8a0196f8"
methods.1.outcome.report.source_map.segments.0.origin.primary.method.owner.class_bytes.length = 1386
methods.1.outcome.report.source_map.segments.0.origin.primary.method.owner.location.entry.ordinal = 2
methods.1.outcome.report.source_map.segments.0.origin.primary.method.owner.location.entry.origin.root_container = "root"
methods.1.outcome.report.source_map.segments.0.origin.primary.method.owner.location.entry.origin.snapshot = "a53889519ad4b273a4be93d3f4fb786e32eb16152f70258048fbc57ee885e42f"
methods.1.outcome.report.source_map.segments.0.origin.primary.method.owner.location.entry.origin.steps = []
methods.1.outcome.report.source_map.segments.0.origin.primary.method.owner.location.entry.raw_name = [83,97,109,101,69,114,97,115,117,114,101,66,105,110,100,101,114,46,99,108,97,115,115]
methods.1.outcome.report.source_map.segments.0.origin.primary.method.owner.location.kind = "archive_entry"
methods.1.outcome.report.source_map.segments.0.origin.primary.method.owner.variant.kind = "base"
methods.1.outcome.report.source_map.segments.0.origin.primary.provenance = "Direct"
methods.1.outcome.report.source_map.segments.0.start = 213
methods.1.outcome.report.source_map.segments.1.end = 216
methods.1.outcome.report.source_map.segments.1.origin.derived = []
methods.1.outcome.report.source_map.segments.1.origin.primary.bci = 1
methods.1.outcome.report.source_map.segments.1.origin.primary.cp = null
methods.1.outcome.report.source_map.segments.1.origin.primary.method.descriptor = [40,76,106,97,118,97,47,108,97,110,103,47,78,117,109,98,101,114,59,41,76,106,97,118,97,47,108,97,110,103,47,78,117,109,98,101,114,59]
methods.1.outcome.report.source_map.segments.1.origin.primary.method.name = [115,105,110,107]
methods.1.outcome.report.source_map.segments.1.origin.primary.method.owner.class_bytes.digest = "fc4d5493a8d3c38b57f1b3ce43e4042892dcdabeafa8caa16e57746d8a0196f8"
methods.1.outcome.report.source_map.segments.1.origin.primary.method.owner.class_bytes.length = 1386
methods.1.outcome.report.source_map.segments.1.origin.primary.method.owner.location.entry.ordinal = 2
methods.1.outcome.report.source_map.segments.1.origin.primary.method.owner.location.entry.origin.root_container = "root"
methods.1.outcome.report.source_map.segments.1.origin.primary.method.owner.location.entry.origin.snapshot = "a53889519ad4b273a4be93d3f4fb786e32eb16152f70258048fbc57ee885e42f"
methods.1.outcome.report.source_map.segments.1.origin.primary.method.owner.location.entry.origin.steps = []
methods.1.outcome.report.source_map.segments.1.origin.primary.method.owner.location.entry.raw_name = [83,97,109,101,69,114,97,115,117,114,101,66,105,110,100,101,114,46,99,108,97,115,115]
methods.1.outcome.report.source_map.segments.1.origin.primary.method.owner.location.kind = "archive_entry"
methods.1.outcome.report.source_map.segments.1.origin.primary.method.owner.variant.kind = "base"
methods.1.outcome.report.source_map.segments.1.origin.primary.provenance = "Direct"
methods.1.outcome.report.source_map.segments.1.start = 202
methods.1.outcome.report.syntax_status = "unchecked"
methods.1.outcome.report.text = "// @method sink(Ljava/lang/Number;)Ljava/lang/Number;\n// @declaration an instance method of `SameErasureBinder`, member flags 0x0001\n// recovered from bytecode; presentation is not claimed to compile\n{\n    return x;\n}\n"
methods.1.outcome.report.verification = "not_performed"
methods.1.parameter_annotations.attributes = []
methods.1.parameter_annotations.refusals = []
methods.1.parameter_annotations.uses_by_position = [[]]
methods.1.text = "    // jarde: generic Signature projection refused for `sink(Ljava/lang/Number;)Ljava/lang/Number;`: unsupported (generic_source_shape_unproved): method flags, annotations, or existing source refusals cannot be preserved in this generic shape\n    public java.lang.Number sink(java.lang.Number x) {\n        // @method sink(Ljava/lang/Number;)Ljava/lang/Number;\n        // @declaration an instance method of `SameErasureBinder`, member flags 0x0001\n        // recovered from bytecode; presentation is not claimed to compile\n        return x;\n    }\n"
methods.1.type_annotations.attributes = []
methods.1.type_annotations.field_uses = []
methods.1.type_annotations.parameter_uses = [[]]
methods.1.type_annotations.refusals = []
methods.1.type_annotations.return_uses = []
methods.2.annotations.attributes = []
methods.2.annotations.refusals = []
methods.2.annotations.uses = []
methods.2.declaration = "public java.lang.Number relay(java.lang.Number x)"
methods.2.item.access_flags = 1
methods.2.item.body.content_span.length = 86
methods.2.item.body.content_span.start = 1125
methods.2.item.body.kind = "code_attribute"
methods.2.item.descriptor.escaped = "(Ljava/lang/Number;)Ljava/lang/Number;"
methods.2.item.descriptor.raw = [40,76,106,97,118,97,47,108,97,110,103,47,78,117,109,98,101,114,59,41,76,106,97,118,97,47,108,97,110,103,47,78,117,109,98,101,114,59]
methods.2.item.descriptor.utf16 = [40,76,106,97,118,97,47,108,97,110,103,47,78,117,109,98,101,114,59,41,76,106,97,118,97,47,108,97,110,103,47,78,117,109,98,101,114,59]
methods.2.item.identity.descriptor = [40,76,106,97,118,97,47,108,97,110,103,47,78,117,109,98,101,114,59,41,76,106,97,118,97,47,108,97,110,103,47,78,117,109,98,101,114,59]
methods.2.item.identity.name = [114,101,108,97,121]
methods.2.item.identity.owner.class_bytes.digest = "fc4d5493a8d3c38b57f1b3ce43e4042892dcdabeafa8caa16e57746d8a0196f8"
methods.2.item.identity.owner.class_bytes.length = 1386
methods.2.item.identity.owner.location.entry.ordinal = 2
methods.2.item.identity.owner.location.entry.origin.root_container = "root"
methods.2.item.identity.owner.location.entry.origin.snapshot = "a53889519ad4b273a4be93d3f4fb786e32eb16152f70258048fbc57ee885e42f"
methods.2.item.identity.owner.location.entry.origin.steps = []
methods.2.item.identity.owner.location.entry.raw_name = [83,97,109,101,69,114,97,115,117,114,101,66,105,110,100,101,114,46,99,108,97,115,115]
methods.2.item.identity.owner.location.kind = "archive_entry"
methods.2.item.identity.owner.variant.kind = "base"
methods.2.item.index = 2
methods.2.item.name.escaped = "relay"
methods.2.item.name.raw = [114,101,108,97,121]
methods.2.item.name.utf16 = [114,101,108,97,121]
methods.2.markers = ["// jarde: generic Signature projection refused for `relay(Ljava/lang/Number;)Ljava/lang/Number;`: unsupported (ordinary_generic_source_unproved): same-run Program/SSA cannot prove the body under parameterized types"]
methods.2.no_body_kind = null
methods.2.outcome.analysis.diagnostics = 0
methods.2.outcome.analysis.execution.status = "complete"
methods.2.outcome.analysis.execution.usage.analysis_steps = 231
methods.2.outcome.analysis.execution.usage.archive_entries = 9
methods.2.outcome.analysis.execution.usage.attribute_bytes = 1115
methods.2.outcome.analysis.execution.usage.class_bytes = 2772
methods.2.outcome.analysis.execution.usage.class_headers = 1
methods.2.outcome.analysis.execution.usage.code_bytes = 13
methods.2.outcome.analysis.execution.usage.dependency_depth = 0
methods.2.outcome.analysis.execution.usage.elapsed_millis = 2
methods.2.outcome.analysis.execution.usage.entry_bytes = 1386
methods.2.outcome.analysis.execution.usage.input_bytes = 1152
methods.2.outcome.analysis.execution.usage.ir_edges = 9
methods.2.outcome.analysis.execution.usage.ir_items = 218
methods.2.outcome.analysis.execution.usage.method_bodies = 3
methods.2.outcome.analysis.execution.usage.nested_depth = 0
methods.2.outcome.analysis.execution.usage.normalization_clones = 0
methods.2.outcome.analysis.execution.usage.output_bytes = 513
methods.2.outcome.analysis.execution.usage.read_bytes = 674
methods.2.outcome.analysis.execution.usage.result_items = 21
methods.2.outcome.kind = "recovered"
methods.2.outcome.report.accessors = []
methods.2.outcome.report.aliased_names = []
methods.2.outcome.report.artifact.agreement.state = "not_stated"
methods.2.outcome.report.artifact.binding.engine = "0.1.0"
methods.2.outcome.report.artifact.binding.environment.content = ["a53889519ad4b273a4be93d3f4fb786e32eb16152f70258048fbc57ee885e42f"]
methods.2.outcome.report.artifact.binding.environment.domain_loaders = ["app"]
methods.2.outcome.report.artifact.binding.environment.providers = []
methods.2.outcome.report.artifact.binding.environment.runtime.load_domain.delegation.kind = "parent_first"
methods.2.outcome.report.artifact.binding.environment.runtime.load_domain.external_override = "none"
methods.2.outcome.report.artifact.binding.environment.runtime.load_domain.loader = "app"
methods.2.outcome.report.artifact.binding.environment.runtime.load_domain.module_mode.kind = "class_path"
methods.2.outcome.report.artifact.binding.environment.runtime.load_domain.parent_loader = null
methods.2.outcome.report.artifact.binding.environment.runtime.load_domain.roots.0.kind = "container"
methods.2.outcome.report.artifact.binding.environment.runtime.load_domain.roots.0.origin.root_container = "root"
methods.2.outcome.report.artifact.binding.environment.runtime.load_domain.roots.0.origin.snapshot = "a53889519ad4b273a4be93d3f4fb786e32eb16152f70258048fbc57ee885e42f"
methods.2.outcome.report.artifact.binding.environment.runtime.load_domain.roots.0.origin.steps = []
methods.2.outcome.report.artifact.binding.environment.runtime.load_domain.roots.0.prefix = []
methods.2.outcome.report.artifact.binding.environment.runtime.load_domain.runtime_transformation = "none"
methods.2.outcome.report.artifact.binding.environment.runtime.physical.scope.kind = "snapshot_all"
methods.2.outcome.report.artifact.binding.environment.runtime.physical.snapshot = "a53889519ad4b273a4be93d3f4fb786e32eb16152f70258048fbc57ee885e42f"
methods.2.outcome.report.artifact.binding.environment.runtime.profile.java_release = 8
methods.2.outcome.report.artifact.binding.environment.runtime.profile.layout.kind = "generic"
methods.2.outcome.report.artifact.binding.environment.runtime.profile.multi_release.kind = "disabled"
methods.2.outcome.report.artifact.binding.member_ordinal = 2
methods.2.outcome.report.artifact.binding.method.descriptor = [40,76,106,97,118,97,47,108,97,110,103,47,78,117,109,98,101,114,59,41,76,106,97,118,97,47,108,97,110,103,47,78,117,109,98,101,114,59]
methods.2.outcome.report.artifact.binding.method.name = [114,101,108,97,121]
methods.2.outcome.report.artifact.binding.method.owner.class_bytes.digest = "fc4d5493a8d3c38b57f1b3ce43e4042892dcdabeafa8caa16e57746d8a0196f8"
methods.2.outcome.report.artifact.binding.method.owner.class_bytes.length = 1386
methods.2.outcome.report.artifact.binding.method.owner.location.entry.ordinal = 2
methods.2.outcome.report.artifact.binding.method.owner.location.entry.origin.root_container = "root"
methods.2.outcome.report.artifact.binding.method.owner.location.entry.origin.snapshot = "a53889519ad4b273a4be93d3f4fb786e32eb16152f70258048fbc57ee885e42f"
methods.2.outcome.report.artifact.binding.method.owner.location.entry.origin.steps = []
methods.2.outcome.report.artifact.binding.method.owner.location.entry.raw_name = [83,97,109,101,69,114,97,115,117,114,101,66,105,110,100,101,114,46,99,108,97,115,115]
methods.2.outcome.report.artifact.binding.method.owner.location.kind = "archive_entry"
methods.2.outcome.report.artifact.binding.method.owner.variant.kind = "base"
methods.2.outcome.report.artifact.binding.profile.java_release = 8
methods.2.outcome.report.artifact.binding.profile.layout.kind = "generic"
methods.2.outcome.report.artifact.binding.profile.multi_release.kind = "disabled"
methods.2.outcome.report.artifact.binding.registry = 71
methods.2.outcome.report.artifact.binding.rules = ["straight@1","if@1","loop@1","switch@1","lambda@1","concat@1","bridge@1","accessor@1","new@1","field@1","enumswitch@1","init@1","declaration@1","twr@1","monitor@1","finally@1"]
methods.2.outcome.report.artifact.binding.schema = 1
methods.2.outcome.report.artifact.binding.text_bytes = 230
methods.2.outcome.report.artifact.binding.text_digest = "bd549b253a7e4b275c00d554b5d971ef"
methods.2.outcome.report.bridges = []
methods.2.outcome.report.compile_status = "not_attempted"
methods.2.outcome.report.concats = []
methods.2.outcome.report.content = "contains_statements"
methods.2.outcome.report.declaration = null
methods.2.outcome.report.diagnostics.0.code = "jre_recovery_produced"
methods.2.outcome.report.diagnostics.0.message = "1 region(s), 1 statement(s), 4 segment(s), 230 byte(s) written from 1 canonical block(s)"
methods.2.outcome.report.diagnostics.0.provenance = null
methods.2.outcome.report.diagnostics.0.severity = "info"
methods.2.outcome.report.diagnostics.1.code = "jre_declaration"
methods.2.outcome.report.diagnostics.1.message = "the artifact's envelope states the member's declaration under declaration@1: an instance method"
methods.2.outcome.report.diagnostics.1.provenance = null
methods.2.outcome.report.diagnostics.1.severity = "info"
methods.2.outcome.report.enum_switches = []
methods.2.outcome.report.evidence.categories.0.kind = "source_map"
methods.2.outcome.report.evidence.categories.0.state.state = "complete"
methods.2.outcome.report.evidence.categories.1.kind = "region_details"
methods.2.outcome.report.evidence.categories.1.state.state = "not_requested"
methods.2.outcome.report.evidence.categories.2.kind = "rule_details"
methods.2.outcome.report.evidence.categories.2.state.state = "not_requested"
methods.2.outcome.report.evidence.categories.3.kind = "name_details"
methods.2.outcome.report.evidence.categories.3.state.state = "not_requested"
methods.2.outcome.report.evidence.categories.4.kind = "read_details"
methods.2.outcome.report.evidence.categories.4.state.state = "not_requested"
methods.2.outcome.report.evidence.requested.driver_bci_range = null
methods.2.outcome.report.evidence.requested.expected_artifact = null
methods.2.outcome.report.evidence.requested.kinds = ["source_map"]
methods.2.outcome.report.execution.status = "complete"
methods.2.outcome.report.execution.usage.analysis_steps = 282
methods.2.outcome.report.execution.usage.archive_entries = 9
methods.2.outcome.report.execution.usage.attribute_bytes = 1115
methods.2.outcome.report.execution.usage.class_bytes = 2772
methods.2.outcome.report.execution.usage.class_headers = 1
methods.2.outcome.report.execution.usage.code_bytes = 13
methods.2.outcome.report.execution.usage.dependency_depth = 0
methods.2.outcome.report.execution.usage.elapsed_millis = 2
methods.2.outcome.report.execution.usage.entry_bytes = 1386
methods.2.outcome.report.execution.usage.input_bytes = 1152
methods.2.outcome.report.execution.usage.ir_edges = 9
methods.2.outcome.report.execution.usage.ir_items = 262
methods.2.outcome.report.execution.usage.method_bodies = 3
methods.2.outcome.report.execution.usage.nested_depth = 0
methods.2.outcome.report.execution.usage.normalization_clones = 0
methods.2.outcome.report.execution.usage.output_bytes = 743
methods.2.outcome.report.execution.usage.read_bytes = 674
methods.2.outcome.report.execution.usage.result_items = 21
methods.2.outcome.report.fallbacks = []
methods.2.outcome.report.fields = []
methods.2.outcome.report.init = null
methods.2.outcome.report.lambdas = []
methods.2.outcome.report.method = "relay(Ljava/lang/Number;)Ljava/lang/Number;"
methods.2.outcome.report.news = []
methods.2.outcome.report.outcome = "produced"
methods.2.outcome.report.profile.java_release = 8
methods.2.outcome.report.profile.layout.kind = "generic"
methods.2.outcome.report.profile.multi_release.kind = "disabled"
methods.2.outcome.report.quality = "structured"
methods.2.outcome.report.regions = []
methods.2.outcome.report.representation = "java"
methods.2.outcome.report.rules = []
methods.2.outcome.report.semantic_validation = "unproven"
methods.2.outcome.report.source_map.segments.0.end = 218
methods.2.outcome.report.source_map.segments.0.origin.derived = []
methods.2.outcome.report.source_map.segments.0.origin.primary.bci = 0
methods.2.outcome.report.source_map.segments.0.origin.primary.cp = null
methods.2.outcome.report.source_map.segments.0.origin.primary.method.descriptor = [40,76,106,97,118,97,47,108,97,110,103,47,78,117,109,98,101,114,59,41,76,106,97,118,97,47,108,97,110,103,47,78,117,109,98,101,114,59]
methods.2.outcome.report.source_map.segments.0.origin.primary.method.name = [114,101,108,97,121]
methods.2.outcome.report.source_map.segments.0.origin.primary.method.owner.class_bytes.digest = "fc4d5493a8d3c38b57f1b3ce43e4042892dcdabeafa8caa16e57746d8a0196f8"
methods.2.outcome.report.source_map.segments.0.origin.primary.method.owner.class_bytes.length = 1386
methods.2.outcome.report.source_map.segments.0.origin.primary.method.owner.location.entry.ordinal = 2
methods.2.outcome.report.source_map.segments.0.origin.primary.method.owner.location.entry.origin.root_container = "root"
methods.2.outcome.report.source_map.segments.0.origin.primary.method.owner.location.entry.origin.snapshot = "a53889519ad4b273a4be93d3f4fb786e32eb16152f70258048fbc57ee885e42f"
methods.2.outcome.report.source_map.segments.0.origin.primary.method.owner.location.entry.origin.steps = []
methods.2.outcome.report.source_map.segments.0.origin.primary.method.owner.location.entry.raw_name = [83,97,109,101,69,114,97,115,117,114,101,66,105,110,100,101,114,46,99,108,97,115,115]
methods.2.outcome.report.source_map.segments.0.origin.primary.method.owner.location.kind = "archive_entry"
methods.2.outcome.report.source_map.segments.0.origin.primary.method.owner.variant.kind = "base"
methods.2.outcome.report.source_map.segments.0.origin.primary.provenance = "Direct"
methods.2.outcome.report.source_map.segments.0.start = 214
methods.2.outcome.report.source_map.segments.1.end = 225
methods.2.outcome.report.source_map.segments.1.origin.derived = []
methods.2.outcome.report.source_map.segments.1.origin.primary.bci = 1
methods.2.outcome.report.source_map.segments.1.origin.primary.cp = null
methods.2.outcome.report.source_map.segments.1.origin.primary.method.descriptor = [40,76,106,97,118,97,47,108,97,110,103,47,78,117,109,98,101,114,59,41,76,106,97,118,97,47,108,97,110,103,47,78,117,109,98,101,114,59]
methods.2.outcome.report.source_map.segments.1.origin.primary.method.name = [114,101,108,97,121]
methods.2.outcome.report.source_map.segments.1.origin.primary.method.owner.class_bytes.digest = "fc4d5493a8d3c38b57f1b3ce43e4042892dcdabeafa8caa16e57746d8a0196f8"
methods.2.outcome.report.source_map.segments.1.origin.primary.method.owner.class_bytes.length = 1386
methods.2.outcome.report.source_map.segments.1.origin.primary.method.owner.location.entry.ordinal = 2
methods.2.outcome.report.source_map.segments.1.origin.primary.method.owner.location.entry.origin.root_container = "root"
methods.2.outcome.report.source_map.segments.1.origin.primary.method.owner.location.entry.origin.snapshot = "a53889519ad4b273a4be93d3f4fb786e32eb16152f70258048fbc57ee885e42f"
methods.2.outcome.report.source_map.segments.1.origin.primary.method.owner.location.entry.origin.steps = []
methods.2.outcome.report.source_map.segments.1.origin.primary.method.owner.location.entry.raw_name = [83,97,109,101,69,114,97,115,117,114,101,66,105,110,100,101,114,46,99,108,97,115,115]
methods.2.outcome.report.source_map.segments.1.origin.primary.method.owner.location.kind = "archive_entry"
methods.2.outcome.report.source_map.segments.1.origin.primary.method.owner.variant.kind = "base"
methods.2.outcome.report.source_map.segments.1.origin.primary.provenance = "Direct"
methods.2.outcome.report.source_map.segments.1.start = 224
methods.2.outcome.report.source_map.segments.2.end = 226
methods.2.outcome.report.source_map.segments.2.origin.derived = []
methods.2.outcome.report.source_map.segments.2.origin.primary.bci = 2
methods.2.outcome.report.source_map.segments.2.origin.primary.cp = null
methods.2.outcome.report.source_map.segments.2.origin.primary.method.descriptor = [40,76,106,97,118,97,47,108,97,110,103,47,78,117,109,98,101,114,59,41,76,106,97,118,97,47,108,97,110,103,47,78,117,109,98,101,114,59]
methods.2.outcome.report.source_map.segments.2.origin.primary.method.name = [114,101,108,97,121]
methods.2.outcome.report.source_map.segments.2.origin.primary.method.owner.class_bytes.digest = "fc4d5493a8d3c38b57f1b3ce43e4042892dcdabeafa8caa16e57746d8a0196f8"
methods.2.outcome.report.source_map.segments.2.origin.primary.method.owner.class_bytes.length = 1386
methods.2.outcome.report.source_map.segments.2.origin.primary.method.owner.location.entry.ordinal = 2
methods.2.outcome.report.source_map.segments.2.origin.primary.method.owner.location.entry.origin.root_container = "root"
methods.2.outcome.report.source_map.segments.2.origin.primary.method.owner.location.entry.origin.snapshot = "a53889519ad4b273a4be93d3f4fb786e32eb16152f70258048fbc57ee885e42f"
methods.2.outcome.report.source_map.segments.2.origin.primary.method.owner.location.entry.origin.steps = []
methods.2.outcome.report.source_map.segments.2.origin.primary.method.owner.location.entry.raw_name = [83,97,109,101,69,114,97,115,117,114,101,66,105,110,100,101,114,46,99,108,97,115,115]
methods.2.outcome.report.source_map.segments.2.origin.primary.method.owner.location.kind = "archive_entry"
methods.2.outcome.report.source_map.segments.2.origin.primary.method.owner.variant.kind = "base"
methods.2.outcome.report.source_map.segments.2.origin.primary.provenance = "Direct"
methods.2.outcome.report.source_map.segments.2.start = 214
methods.2.outcome.report.source_map.segments.3.end = 228
methods.2.outcome.report.source_map.segments.3.origin.derived = []
methods.2.outcome.report.source_map.segments.3.origin.primary.bci = 5
methods.2.outcome.report.source_map.segments.3.origin.primary.cp = null
methods.2.outcome.report.source_map.segments.3.origin.primary.method.descriptor = [40,76,106,97,118,97,47,108,97,110,103,47,78,117,109,98,101,114,59,41,76,106,97,118,97,47,108,97,110,103,47,78,117,109,98,101,114,59]
methods.2.outcome.report.source_map.segments.3.origin.primary.method.name = [114,101,108,97,121]
methods.2.outcome.report.source_map.segments.3.origin.primary.method.owner.class_bytes.digest = "fc4d5493a8d3c38b57f1b3ce43e4042892dcdabeafa8caa16e57746d8a0196f8"
methods.2.outcome.report.source_map.segments.3.origin.primary.method.owner.class_bytes.length = 1386
methods.2.outcome.report.source_map.segments.3.origin.primary.method.owner.location.entry.ordinal = 2
methods.2.outcome.report.source_map.segments.3.origin.primary.method.owner.location.entry.origin.root_container = "root"
methods.2.outcome.report.source_map.segments.3.origin.primary.method.owner.location.entry.origin.snapshot = "a53889519ad4b273a4be93d3f4fb786e32eb16152f70258048fbc57ee885e42f"
methods.2.outcome.report.source_map.segments.3.origin.primary.method.owner.location.entry.origin.steps = []
methods.2.outcome.report.source_map.segments.3.origin.primary.method.owner.location.entry.raw_name = [83,97,109,101,69,114,97,115,117,114,101,66,105,110,100,101,114,46,99,108,97,115,115]
methods.2.outcome.report.source_map.segments.3.origin.primary.method.owner.location.kind = "archive_entry"
methods.2.outcome.report.source_map.segments.3.origin.primary.method.owner.variant.kind = "base"
methods.2.outcome.report.source_map.segments.3.origin.primary.provenance = "Direct"
methods.2.outcome.report.source_map.segments.3.start = 203
methods.2.outcome.report.syntax_status = "unchecked"
methods.2.outcome.report.text = "// @method relay(Ljava/lang/Number;)Ljava/lang/Number;\n// @declaration an instance method of `SameErasureBinder`, member flags 0x0001\n// recovered from bytecode; presentation is not claimed to compile\n{\n    return this.sink(x);\n}\n"
methods.2.outcome.report.verification = "not_performed"
methods.2.parameter_annotations.attributes = []
methods.2.parameter_annotations.refusals = []
methods.2.parameter_annotations.uses_by_position = [[]]
methods.2.text = "    // jarde: generic Signature projection refused for `relay(Ljava/lang/Number;)Ljava/lang/Number;`: unsupported (ordinary_generic_source_unproved): same-run Program/SSA cannot prove the body under parameterized types\n    public java.lang.Number relay(java.lang.Number x) {\n        // @method relay(Ljava/lang/Number;)Ljava/lang/Number;\n        // @declaration an instance method of `SameErasureBinder`, member flags 0x0001\n        // recovered from bytecode; presentation is not claimed to compile\n        return this.sink(x);\n    }\n"
methods.2.type_annotations.attributes = []
methods.2.type_annotations.field_uses = []
methods.2.type_annotations.parameter_uses = [[]]
methods.2.type_annotations.refusals = []
methods.2.type_annotations.return_uses = []
methods.3.annotations.attributes = []
methods.3.annotations.refusals = []
methods.3.annotations.uses = []
methods.3.declaration = "public static void main(java.lang.String[] a)"
methods.3.item.access_flags = 9
methods.3.item.body.content_span.length = 135
methods.3.item.body.content_span.start = 1233
methods.3.item.body.kind = "code_attribute"
methods.3.item.descriptor.escaped = "([Ljava/lang/String;)V"
methods.3.item.descriptor.raw = [40,91,76,106,97,118,97,47,108,97,110,103,47,83,116,114,105,110,103,59,41,86]
methods.3.item.descriptor.utf16 = [40,91,76,106,97,118,97,47,108,97,110,103,47,83,116,114,105,110,103,59,41,86]
methods.3.item.identity.descriptor = [40,91,76,106,97,118,97,47,108,97,110,103,47,83,116,114,105,110,103,59,41,86]
methods.3.item.identity.name = [109,97,105,110]
methods.3.item.identity.owner.class_bytes.digest = "fc4d5493a8d3c38b57f1b3ce43e4042892dcdabeafa8caa16e57746d8a0196f8"
methods.3.item.identity.owner.class_bytes.length = 1386
methods.3.item.identity.owner.location.entry.ordinal = 2
methods.3.item.identity.owner.location.entry.origin.root_container = "root"
methods.3.item.identity.owner.location.entry.origin.snapshot = "a53889519ad4b273a4be93d3f4fb786e32eb16152f70258048fbc57ee885e42f"
methods.3.item.identity.owner.location.entry.origin.steps = []
methods.3.item.identity.owner.location.entry.raw_name = [83,97,109,101,69,114,97,115,117,114,101,66,105,110,100,101,114,46,99,108,97,115,115]
methods.3.item.identity.owner.location.kind = "archive_entry"
methods.3.item.identity.owner.variant.kind = "base"
methods.3.item.index = 3
methods.3.item.name.escaped = "main"
methods.3.item.name.raw = [109,97,105,110]
methods.3.item.name.utf16 = [109,97,105,110]
methods.3.markers = ["// jarde: not recovered: the recovery run for `main([Ljava/lang/String;)V` produced no statement (explanation only); the artifact's own comment lines are below"]
methods.3.no_body_kind = null
methods.3.outcome.analysis.diagnostics = 0
methods.3.outcome.analysis.execution.status = "complete"
methods.3.outcome.analysis.execution.usage.analysis_steps = 488
methods.3.outcome.analysis.execution.usage.archive_entries = 9
methods.3.outcome.analysis.execution.usage.attribute_bytes = 1264
methods.3.outcome.analysis.execution.usage.class_bytes = 2772
methods.3.outcome.analysis.execution.usage.class_headers = 1
methods.3.outcome.analysis.execution.usage.code_bytes = 49
methods.3.outcome.analysis.execution.usage.dependency_depth = 0
methods.3.outcome.analysis.execution.usage.elapsed_millis = 2
methods.3.outcome.analysis.execution.usage.entry_bytes = 1386
methods.3.outcome.analysis.execution.usage.input_bytes = 1152
methods.3.outcome.analysis.execution.usage.ir_edges = 45
methods.3.outcome.analysis.execution.usage.ir_items = 685
methods.3.outcome.analysis.execution.usage.method_bodies = 4
methods.3.outcome.analysis.execution.usage.nested_depth = 0
methods.3.outcome.analysis.execution.usage.normalization_clones = 0
methods.3.outcome.analysis.execution.usage.output_bytes = 1278
methods.3.outcome.analysis.execution.usage.read_bytes = 674
methods.3.outcome.analysis.execution.usage.result_items = 22
methods.3.outcome.kind = "recovered"
methods.3.outcome.report.accessors = []
methods.3.outcome.report.aliased_names = []
methods.3.outcome.report.artifact.agreement.state = "not_stated"
methods.3.outcome.report.artifact.binding.engine = "0.1.0"
methods.3.outcome.report.artifact.binding.environment.content = ["a53889519ad4b273a4be93d3f4fb786e32eb16152f70258048fbc57ee885e42f"]
methods.3.outcome.report.artifact.binding.environment.domain_loaders = ["app"]
methods.3.outcome.report.artifact.binding.environment.providers = []
methods.3.outcome.report.artifact.binding.environment.runtime.load_domain.delegation.kind = "parent_first"
methods.3.outcome.report.artifact.binding.environment.runtime.load_domain.external_override = "none"
methods.3.outcome.report.artifact.binding.environment.runtime.load_domain.loader = "app"
methods.3.outcome.report.artifact.binding.environment.runtime.load_domain.module_mode.kind = "class_path"
methods.3.outcome.report.artifact.binding.environment.runtime.load_domain.parent_loader = null
methods.3.outcome.report.artifact.binding.environment.runtime.load_domain.roots.0.kind = "container"
methods.3.outcome.report.artifact.binding.environment.runtime.load_domain.roots.0.origin.root_container = "root"
methods.3.outcome.report.artifact.binding.environment.runtime.load_domain.roots.0.origin.snapshot = "a53889519ad4b273a4be93d3f4fb786e32eb16152f70258048fbc57ee885e42f"
methods.3.outcome.report.artifact.binding.environment.runtime.load_domain.roots.0.origin.steps = []
methods.3.outcome.report.artifact.binding.environment.runtime.load_domain.roots.0.prefix = []
methods.3.outcome.report.artifact.binding.environment.runtime.load_domain.runtime_transformation = "none"
methods.3.outcome.report.artifact.binding.environment.runtime.physical.scope.kind = "snapshot_all"
methods.3.outcome.report.artifact.binding.environment.runtime.physical.snapshot = "a53889519ad4b273a4be93d3f4fb786e32eb16152f70258048fbc57ee885e42f"
methods.3.outcome.report.artifact.binding.environment.runtime.profile.java_release = 8
methods.3.outcome.report.artifact.binding.environment.runtime.profile.layout.kind = "generic"
methods.3.outcome.report.artifact.binding.environment.runtime.profile.multi_release.kind = "disabled"
methods.3.outcome.report.artifact.binding.member_ordinal = 3
methods.3.outcome.report.artifact.binding.method.descriptor = [40,91,76,106,97,118,97,47,108,97,110,103,47,83,116,114,105,110,103,59,41,86]
methods.3.outcome.report.artifact.binding.method.name = [109,97,105,110]
methods.3.outcome.report.artifact.binding.method.owner.class_bytes.digest = "fc4d5493a8d3c38b57f1b3ce43e4042892dcdabeafa8caa16e57746d8a0196f8"
methods.3.outcome.report.artifact.binding.method.owner.class_bytes.length = 1386
methods.3.outcome.report.artifact.binding.method.owner.location.entry.ordinal = 2
methods.3.outcome.report.artifact.binding.method.owner.location.entry.origin.root_container = "root"
methods.3.outcome.report.artifact.binding.method.owner.location.entry.origin.snapshot = "a53889519ad4b273a4be93d3f4fb786e32eb16152f70258048fbc57ee885e42f"
methods.3.outcome.report.artifact.binding.method.owner.location.entry.origin.steps = []
methods.3.outcome.report.artifact.binding.method.owner.location.entry.raw_name = [83,97,109,101,69,114,97,115,117,114,101,66,105,110,100,101,114,46,99,108,97,115,115]
methods.3.outcome.report.artifact.binding.method.owner.location.kind = "archive_entry"
methods.3.outcome.report.artifact.binding.method.owner.variant.kind = "base"
methods.3.outcome.report.artifact.binding.profile.java_release = 8
methods.3.outcome.report.artifact.binding.profile.layout.kind = "generic"
methods.3.outcome.report.artifact.binding.profile.multi_release.kind = "disabled"
methods.3.outcome.report.artifact.binding.registry = 71
methods.3.outcome.report.artifact.binding.rules = ["straight@1","if@1","loop@1","switch@1","lambda@1","concat@1","bridge@1","accessor@1","new@1","field@1","enumswitch@1","init@1","declaration@1","twr@1","monitor@1","finally@1"]
methods.3.outcome.report.artifact.binding.schema = 1
methods.3.outcome.report.artifact.binding.text_bytes = 737
methods.3.outcome.report.artifact.binding.text_digest = "12795d6e0283e2df1c3d5d40beb6c027"
methods.3.outcome.report.bridges = []
methods.3.outcome.report.compile_status = "not_attempted"
methods.3.outcome.report.concats = []
methods.3.outcome.report.content = "explanation_only"
methods.3.outcome.report.declaration = null
methods.3.outcome.report.diagnostics.0.code = "jre_recovery_produced"
methods.3.outcome.report.diagnostics.0.message = "2 region(s), 0 statement(s), 4 segment(s), 737 byte(s) written from 4 canonical block(s)"
methods.3.outcome.report.diagnostics.0.provenance = null
methods.3.outcome.report.diagnostics.0.severity = "info"
methods.3.outcome.report.diagnostics.1.code = "jre_concat_split"
methods.3.outcome.report.diagnostics.1.message = "the concatenation at BCI 5 was not presented: the concatenation that starts at BCI 5 ends in the `toString` at BCI 29, which is in another block: a branch cuts the chain in two, and the value it builds is not the value of one expression"
methods.3.outcome.report.diagnostics.1.provenance = null
methods.3.outcome.report.diagnostics.1.severity = "warning"
methods.3.outcome.report.diagnostics.2.code = "jre_concat_chains"
methods.3.outcome.report.diagnostics.2.message = "1 concatenation candidate(s) read under concat@1: 0 presented, 1 refused"
methods.3.outcome.report.diagnostics.2.provenance = null
methods.3.outcome.report.diagnostics.2.severity = "info"
methods.3.outcome.report.diagnostics.3.code = "jre_new_sites"
methods.3.outcome.report.diagnostics.3.message = "1 construction candidate(s) read under new@1: 1 presented as `new`, 0 refused"
methods.3.outcome.report.diagnostics.3.provenance = null
methods.3.outcome.report.diagnostics.3.severity = "info"
methods.3.outcome.report.diagnostics.4.code = "jre_field_not_emitted"
methods.3.outcome.report.diagnostics.4.message = "the field access at BCI 2 passed field identity proof, but no matching Java field operation was emitted by the final body"
methods.3.outcome.report.diagnostics.4.provenance = null
methods.3.outcome.report.diagnostics.4.severity = "warning"
methods.3.outcome.report.diagnostics.5.code = "jre_field_accesses"
methods.3.outcome.report.diagnostics.5.message = "1 field instruction(s) read under field@1: 0 presented, 1 refused"
methods.3.outcome.report.diagnostics.5.provenance = null
methods.3.outcome.report.diagnostics.5.severity = "info"
methods.3.outcome.report.diagnostics.6.code = "jre_declaration"
methods.3.outcome.report.diagnostics.6.message = "the artifact's envelope states the member's declaration under declaration@1: a static method"
methods.3.outcome.report.diagnostics.6.provenance = null
methods.3.outcome.report.diagnostics.6.severity = "info"
methods.3.outcome.report.enum_switches = []
methods.3.outcome.report.evidence.categories.0.kind = "source_map"
methods.3.outcome.report.evidence.categories.0.state.state = "complete"
methods.3.outcome.report.evidence.categories.1.kind = "region_details"
methods.3.outcome.report.evidence.categories.1.state.state = "not_requested"
methods.3.outcome.report.evidence.categories.2.kind = "rule_details"
methods.3.outcome.report.evidence.categories.2.state.state = "not_requested"
methods.3.outcome.report.evidence.categories.3.kind = "name_details"
methods.3.outcome.report.evidence.categories.3.state.state = "not_requested"
methods.3.outcome.report.evidence.categories.4.kind = "read_details"
methods.3.outcome.report.evidence.categories.4.state.state = "not_requested"
methods.3.outcome.report.evidence.requested.driver_bci_range = null
methods.3.outcome.report.evidence.requested.expected_artifact = null
methods.3.outcome.report.evidence.requested.kinds = ["source_map"]
methods.3.outcome.report.execution.status = "complete"
methods.3.outcome.report.execution.usage.analysis_steps = 788
methods.3.outcome.report.execution.usage.archive_entries = 9
methods.3.outcome.report.execution.usage.attribute_bytes = 1264
methods.3.outcome.report.execution.usage.class_bytes = 2772
methods.3.outcome.report.execution.usage.class_headers = 1
methods.3.outcome.report.execution.usage.code_bytes = 49
methods.3.outcome.report.execution.usage.dependency_depth = 0
methods.3.outcome.report.execution.usage.elapsed_millis = 3
methods.3.outcome.report.execution.usage.entry_bytes = 1386
methods.3.outcome.report.execution.usage.input_bytes = 1152
methods.3.outcome.report.execution.usage.ir_edges = 49
methods.3.outcome.report.execution.usage.ir_items = 929
methods.3.outcome.report.execution.usage.method_bodies = 4
methods.3.outcome.report.execution.usage.nested_depth = 0
methods.3.outcome.report.execution.usage.normalization_clones = 0
methods.3.outcome.report.execution.usage.output_bytes = 2015
methods.3.outcome.report.execution.usage.read_bytes = 674
methods.3.outcome.report.execution.usage.result_items = 22
methods.3.outcome.report.fallbacks = []
methods.3.outcome.report.fields = []
methods.3.outcome.report.init = null
methods.3.outcome.report.lambdas = []
methods.3.outcome.report.method = "main([Ljava/lang/String;)V"
methods.3.outcome.report.news = []
methods.3.outcome.report.outcome = "produced"
methods.3.outcome.report.profile.java_release = 8
methods.3.outcome.report.profile.layout.kind = "generic"
methods.3.outcome.report.profile.multi_release.kind = "disabled"
methods.3.outcome.report.quality = "fallback"
methods.3.outcome.report.regions = []
methods.3.outcome.report.representation = "mixed"
methods.3.outcome.report.rules = []
methods.3.outcome.report.semantic_validation = "unproven"
methods.3.outcome.report.source_map.segments.0.end = 351
methods.3.outcome.report.source_map.segments.0.origin.derived.0.bci = 0
methods.3.outcome.report.source_map.segments.0.origin.derived.0.cp = null
methods.3.outcome.report.source_map.segments.0.origin.derived.0.method.descriptor = [40,91,76,106,97,118,97,47,108,97,110,103,47,83,116,114,105,110,103,59,41,86]
methods.3.outcome.report.source_map.segments.0.origin.derived.0.method.name = [109,97,105,110]
methods.3.outcome.report.source_map.segments.0.origin.derived.0.method.owner.class_bytes.digest = "fc4d5493a8d3c38b57f1b3ce43e4042892dcdabeafa8caa16e57746d8a0196f8"
methods.3.outcome.report.source_map.segments.0.origin.derived.0.method.owner.class_bytes.length = 1386
methods.3.outcome.report.source_map.segments.0.origin.derived.0.method.owner.location.entry.ordinal = 2
methods.3.outcome.report.source_map.segments.0.origin.derived.0.method.owner.location.entry.origin.root_container = "root"
methods.3.outcome.report.source_map.segments.0.origin.derived.0.method.owner.location.entry.origin.snapshot = "a53889519ad4b273a4be93d3f4fb786e32eb16152f70258048fbc57ee885e42f"
methods.3.outcome.report.source_map.segments.0.origin.derived.0.method.owner.location.entry.origin.steps = []
methods.3.outcome.report.source_map.segments.0.origin.derived.0.method.owner.location.entry.raw_name = [83,97,109,101,69,114,97,115,117,114,101,66,105,110,100,101,114,46,99,108,97,115,115]
methods.3.outcome.report.source_map.segments.0.origin.derived.0.method.owner.location.kind = "archive_entry"
methods.3.outcome.report.source_map.segments.0.origin.derived.0.method.owner.variant.kind = "base"
methods.3.outcome.report.source_map.segments.0.origin.derived.0.provenance = "Derived"
methods.3.outcome.report.source_map.segments.0.origin.derived.1.bci = 1
methods.3.outcome.report.source_map.segments.0.origin.derived.1.cp = null
methods.3.outcome.report.source_map.segments.0.origin.derived.1.method.descriptor = [40,91,76,106,97,118,97,47,108,97,110,103,47,83,116,114,105,110,103,59,41,86]
methods.3.outcome.report.source_map.segments.0.origin.derived.1.method.name = [109,97,105,110]
methods.3.outcome.report.source_map.segments.0.origin.derived.1.method.owner.class_bytes.digest = "fc4d5493a8d3c38b57f1b3ce43e4042892dcdabeafa8caa16e57746d8a0196f8"
methods.3.outcome.report.source_map.segments.0.origin.derived.1.method.owner.class_bytes.length = 1386
methods.3.outcome.report.source_map.segments.0.origin.derived.1.method.owner.location.entry.ordinal = 2
methods.3.outcome.report.source_map.segments.0.origin.derived.1.method.owner.location.entry.origin.root_container = "root"
methods.3.outcome.report.source_map.segments.0.origin.derived.1.method.owner.location.entry.origin.snapshot = "a53889519ad4b273a4be93d3f4fb786e32eb16152f70258048fbc57ee885e42f"
methods.3.outcome.report.source_map.segments.0.origin.derived.1.method.owner.location.entry.origin.steps = []
methods.3.outcome.report.source_map.segments.0.origin.derived.1.method.owner.location.entry.raw_name = [83,97,109,101,69,114,97,115,117,114,101,66,105,110,100,101,114,46,99,108,97,115,115]
methods.3.outcome.report.source_map.segments.0.origin.derived.1.method.owner.location.kind = "archive_entry"
methods.3.outcome.report.source_map.segments.0.origin.derived.1.method.owner.variant.kind = "base"
methods.3.outcome.report.source_map.segments.0.origin.derived.1.provenance = "Derived"
methods.3.outcome.report.source_map.segments.0.origin.derived.2.bci = 5
methods.3.outcome.report.source_map.segments.0.origin.derived.2.cp = null
methods.3.outcome.report.source_map.segments.0.origin.derived.2.method.descriptor = [40,91,76,106,97,118,97,47,108,97,110,103,47,83,116,114,105,110,103,59,41,86]
methods.3.outcome.report.source_map.segments.0.origin.derived.2.method.name = [109,97,105,110]
methods.3.outcome.report.source_map.segments.0.origin.derived.2.method.owner.class_bytes.digest = "fc4d5493a8d3c38b57f1b3ce43e4042892dcdabeafa8caa16e57746d8a0196f8"
methods.3.outcome.report.source_map.segments.0.origin.derived.2.method.owner.class_bytes.length = 1386
methods.3.outcome.report.source_map.segments.0.origin.derived.2.method.owner.location.entry.ordinal = 2
methods.3.outcome.report.source_map.segments.0.origin.derived.2.method.owner.location.entry.origin.root_container = "root"
methods.3.outcome.report.source_map.segments.0.origin.derived.2.method.owner.location.entry.origin.snapshot = "a53889519ad4b273a4be93d3f4fb786e32eb16152f70258048fbc57ee885e42f"
methods.3.outcome.report.source_map.segments.0.origin.derived.2.method.owner.location.entry.origin.steps = []
methods.3.outcome.report.source_map.segments.0.origin.derived.2.method.owner.location.entry.raw_name = [83,97,109,101,69,114,97,115,117,114,101,66,105,110,100,101,114,46,99,108,97,115,115]
methods.3.outcome.report.source_map.segments.0.origin.derived.2.method.owner.location.kind = "archive_entry"
methods.3.outcome.report.source_map.segments.0.origin.derived.2.method.owner.variant.kind = "base"
methods.3.outcome.report.source_map.segments.0.origin.derived.2.provenance = "Derived"
methods.3.outcome.report.source_map.segments.0.origin.derived.3.bci = 8
methods.3.outcome.report.source_map.segments.0.origin.derived.3.cp = null
methods.3.outcome.report.source_map.segments.0.origin.derived.3.method.descriptor = [40,91,76,106,97,118,97,47,108,97,110,103,47,83,116,114,105,110,103,59,41,86]
methods.3.outcome.report.source_map.segments.0.origin.derived.3.method.name = [109,97,105,110]
methods.3.outcome.report.source_map.segments.0.origin.derived.3.method.owner.class_bytes.digest = "fc4d5493a8d3c38b57f1b3ce43e4042892dcdabeafa8caa16e57746d8a0196f8"
methods.3.outcome.report.source_map.segments.0.origin.derived.3.method.owner.class_bytes.length = 1386
methods.3.outcome.report.source_map.segments.0.origin.derived.3.method.owner.location.entry.ordinal = 2
methods.3.outcome.report.source_map.segments.0.origin.derived.3.method.owner.location.entry.origin.root_container = "root"
methods.3.outcome.report.source_map.segments.0.origin.derived.3.method.owner.location.entry.origin.snapshot = "a53889519ad4b273a4be93d3f4fb786e32eb16152f70258048fbc57ee885e42f"
methods.3.outcome.report.source_map.segments.0.origin.derived.3.method.owner.location.entry.origin.steps = []
methods.3.outcome.report.source_map.segments.0.origin.derived.3.method.owner.location.entry.raw_name = [83,97,109,101,69,114,97,115,117,114,101,66,105,110,100,101,114,46,99,108,97,115,115]
methods.3.outcome.report.source_map.segments.0.origin.derived.3.method.owner.location.kind = "archive_entry"
methods.3.outcome.report.source_map.segments.0.origin.derived.3.method.owner.variant.kind = "base"
methods.3.outcome.report.source_map.segments.0.origin.derived.3.provenance = "Derived"
methods.3.outcome.report.source_map.segments.0.origin.derived.4.bci = 9
methods.3.outcome.report.source_map.segments.0.origin.derived.4.cp = null
methods.3.outcome.report.source_map.segments.0.origin.derived.4.method.descriptor = [40,91,76,106,97,118,97,47,108,97,110,103,47,83,116,114,105,110,103,59,41,86]
methods.3.outcome.report.source_map.segments.0.origin.derived.4.method.name = [109,97,105,110]
methods.3.outcome.report.source_map.segments.0.origin.derived.4.method.owner.class_bytes.digest = "fc4d5493a8d3c38b57f1b3ce43e4042892dcdabeafa8caa16e57746d8a0196f8"
methods.3.outcome.report.source_map.segments.0.origin.derived.4.method.owner.class_bytes.length = 1386
methods.3.outcome.report.source_map.segments.0.origin.derived.4.method.owner.location.entry.ordinal = 2
methods.3.outcome.report.source_map.segments.0.origin.derived.4.method.owner.location.entry.origin.root_container = "root"
methods.3.outcome.report.source_map.segments.0.origin.derived.4.method.owner.location.entry.origin.snapshot = "a53889519ad4b273a4be93d3f4fb786e32eb16152f70258048fbc57ee885e42f"
methods.3.outcome.report.source_map.segments.0.origin.derived.4.method.owner.location.entry.origin.steps = []
methods.3.outcome.report.source_map.segments.0.origin.derived.4.method.owner.location.entry.raw_name = [83,97,109,101,69,114,97,115,117,114,101,66,105,110,100,101,114,46,99,108,97,115,115]
methods.3.outcome.report.source_map.segments.0.origin.derived.4.method.owner.location.kind = "archive_entry"
methods.3.outcome.report.source_map.segments.0.origin.derived.4.method.owner.variant.kind = "base"
methods.3.outcome.report.source_map.segments.0.origin.derived.4.provenance = "Derived"
methods.3.outcome.report.source_map.segments.0.origin.derived.5.bci = 12
methods.3.outcome.report.source_map.segments.0.origin.derived.5.cp = null
methods.3.outcome.report.source_map.segments.0.origin.derived.5.method.descriptor = [40,91,76,106,97,118,97,47,108,97,110,103,47,83,116,114,105,110,103,59,41,86]
methods.3.outcome.report.source_map.segments.0.origin.derived.5.method.name = [109,97,105,110]
methods.3.outcome.report.source_map.segments.0.origin.derived.5.method.owner.class_bytes.digest = "fc4d5493a8d3c38b57f1b3ce43e4042892dcdabeafa8caa16e57746d8a0196f8"
methods.3.outcome.report.source_map.segments.0.origin.derived.5.method.owner.class_bytes.length = 1386
methods.3.outcome.report.source_map.segments.0.origin.derived.5.method.owner.location.entry.ordinal = 2
methods.3.outcome.report.source_map.segments.0.origin.derived.5.method.owner.location.entry.origin.root_container = "root"
methods.3.outcome.report.source_map.segments.0.origin.derived.5.method.owner.location.entry.origin.snapshot = "a53889519ad4b273a4be93d3f4fb786e32eb16152f70258048fbc57ee885e42f"
methods.3.outcome.report.source_map.segments.0.origin.derived.5.method.owner.location.entry.origin.steps = []
methods.3.outcome.report.source_map.segments.0.origin.derived.5.method.owner.location.entry.raw_name = [83,97,109,101,69,114,97,115,117,114,101,66,105,110,100,101,114,46,99,108,97,115,115]
methods.3.outcome.report.source_map.segments.0.origin.derived.5.method.owner.location.kind = "archive_entry"
methods.3.outcome.report.source_map.segments.0.origin.derived.5.method.owner.variant.kind = "base"
methods.3.outcome.report.source_map.segments.0.origin.derived.5.provenance = "Derived"
methods.3.outcome.report.source_map.segments.0.origin.derived.6.bci = 14
methods.3.outcome.report.source_map.segments.0.origin.derived.6.cp = null
methods.3.outcome.report.source_map.segments.0.origin.derived.6.method.descriptor = [40,91,76,106,97,118,97,47,108,97,110,103,47,83,116,114,105,110,103,59,41,86]
methods.3.outcome.report.source_map.segments.0.origin.derived.6.method.name = [109,97,105,110]
methods.3.outcome.report.source_map.segments.0.origin.derived.6.method.owner.class_bytes.digest = "fc4d5493a8d3c38b57f1b3ce43e4042892dcdabeafa8caa16e57746d8a0196f8"
methods.3.outcome.report.source_map.segments.0.origin.derived.6.method.owner.class_bytes.length = 1386
methods.3.outcome.report.source_map.segments.0.origin.derived.6.method.owner.location.entry.ordinal = 2
methods.3.outcome.report.source_map.segments.0.origin.derived.6.method.owner.location.entry.origin.root_container = "root"
methods.3.outcome.report.source_map.segments.0.origin.derived.6.method.owner.location.entry.origin.snapshot = "a53889519ad4b273a4be93d3f4fb786e32eb16152f70258048fbc57ee885e42f"
methods.3.outcome.report.source_map.segments.0.origin.derived.6.method.owner.location.entry.origin.steps = []
methods.3.outcome.report.source_map.segments.0.origin.derived.6.method.owner.location.entry.raw_name = [83,97,109,101,69,114,97,115,117,114,101,66,105,110,100,101,114,46,99,108,97,115,115]
methods.3.outcome.report.source_map.segments.0.origin.derived.6.method.owner.location.kind = "archive_entry"
methods.3.outcome.report.source_map.segments.0.origin.derived.6.method.owner.variant.kind = "base"
methods.3.outcome.report.source_map.segments.0.origin.derived.6.provenance = "Derived"
methods.3.outcome.report.source_map.segments.0.origin.derived.7.bci = 17
methods.3.outcome.report.source_map.segments.0.origin.derived.7.cp = null
methods.3.outcome.report.source_map.segments.0.origin.derived.7.method.descriptor = [40,91,76,106,97,118,97,47,108,97,110,103,47,83,116,114,105,110,103,59,41,86]
methods.3.outcome.report.source_map.segments.0.origin.derived.7.method.name = [109,97,105,110]
methods.3.outcome.report.source_map.segments.0.origin.derived.7.method.owner.class_bytes.digest = "fc4d5493a8d3c38b57f1b3ce43e4042892dcdabeafa8caa16e57746d8a0196f8"
methods.3.outcome.report.source_map.segments.0.origin.derived.7.method.owner.class_bytes.length = 1386
methods.3.outcome.report.source_map.segments.0.origin.derived.7.method.owner.location.entry.ordinal = 2
methods.3.outcome.report.source_map.segments.0.origin.derived.7.method.owner.location.entry.origin.root_container = "root"
methods.3.outcome.report.source_map.segments.0.origin.derived.7.method.owner.location.entry.origin.snapshot = "a53889519ad4b273a4be93d3f4fb786e32eb16152f70258048fbc57ee885e42f"
methods.3.outcome.report.source_map.segments.0.origin.derived.7.method.owner.location.entry.origin.steps = []
methods.3.outcome.report.source_map.segments.0.origin.derived.7.method.owner.location.entry.raw_name = [83,97,109,101,69,114,97,115,117,114,101,66,105,110,100,101,114,46,99,108,97,115,115]
methods.3.outcome.report.source_map.segments.0.origin.derived.7.method.owner.location.kind = "archive_entry"
methods.3.outcome.report.source_map.segments.0.origin.derived.7.method.owner.variant.kind = "base"
methods.3.outcome.report.source_map.segments.0.origin.derived.7.provenance = "Derived"
methods.3.outcome.report.source_map.segments.0.origin.derived.8.bci = 18
methods.3.outcome.report.source_map.segments.0.origin.derived.8.cp = null
methods.3.outcome.report.source_map.segments.0.origin.derived.8.method.descriptor = [40,91,76,106,97,118,97,47,108,97,110,103,47,83,116,114,105,110,103,59,41,86]
methods.3.outcome.report.source_map.segments.0.origin.derived.8.method.name = [109,97,105,110]
methods.3.outcome.report.source_map.segments.0.origin.derived.8.method.owner.class_bytes.digest = "fc4d5493a8d3c38b57f1b3ce43e4042892dcdabeafa8caa16e57746d8a0196f8"
methods.3.outcome.report.source_map.segments.0.origin.derived.8.method.owner.class_bytes.length = 1386
methods.3.outcome.report.source_map.segments.0.origin.derived.8.method.owner.location.entry.ordinal = 2
methods.3.outcome.report.source_map.segments.0.origin.derived.8.method.owner.location.entry.origin.root_container = "root"
methods.3.outcome.report.source_map.segments.0.origin.derived.8.method.owner.location.entry.origin.snapshot = "a53889519ad4b273a4be93d3f4fb786e32eb16152f70258048fbc57ee885e42f"
methods.3.outcome.report.source_map.segments.0.origin.derived.8.method.owner.location.entry.origin.steps = []
methods.3.outcome.report.source_map.segments.0.origin.derived.8.method.owner.location.entry.raw_name = [83,97,109,101,69,114,97,115,117,114,101,66,105,110,100,101,114,46,99,108,97,115,115]
methods.3.outcome.report.source_map.segments.0.origin.derived.8.method.owner.location.kind = "archive_entry"
methods.3.outcome.report.source_map.segments.0.origin.derived.8.method.owner.variant.kind = "base"
methods.3.outcome.report.source_map.segments.0.origin.derived.8.provenance = "Derived"
methods.3.outcome.report.source_map.segments.0.origin.derived.9.bci = 21
methods.3.outcome.report.source_map.segments.0.origin.derived.9.cp = null
methods.3.outcome.report.source_map.segments.0.origin.derived.9.method.descriptor = [40,91,76,106,97,118,97,47,108,97,110,103,47,83,116,114,105,110,103,59,41,86]
methods.3.outcome.report.source_map.segments.0.origin.derived.9.method.name = [109,97,105,110]
methods.3.outcome.report.source_map.segments.0.origin.derived.9.method.owner.class_bytes.digest = "fc4d5493a8d3c38b57f1b3ce43e4042892dcdabeafa8caa16e57746d8a0196f8"
methods.3.outcome.report.source_map.segments.0.origin.derived.9.method.owner.class_bytes.length = 1386
methods.3.outcome.report.source_map.segments.0.origin.derived.9.method.owner.location.entry.ordinal = 2
methods.3.outcome.report.source_map.segments.0.origin.derived.9.method.owner.location.entry.origin.root_container = "root"
methods.3.outcome.report.source_map.segments.0.origin.derived.9.method.owner.location.entry.origin.snapshot = "a53889519ad4b273a4be93d3f4fb786e32eb16152f70258048fbc57ee885e42f"
methods.3.outcome.report.source_map.segments.0.origin.derived.9.method.owner.location.entry.origin.steps = []
methods.3.outcome.report.source_map.segments.0.origin.derived.9.method.owner.location.entry.raw_name = [83,97,109,101,69,114,97,115,117,114,101,66,105,110,100,101,114,46,99,108,97,115,115]
methods.3.outcome.report.source_map.segments.0.origin.derived.9.method.owner.location.kind = "archive_entry"
methods.3.outcome.report.source_map.segments.0.origin.derived.9.method.owner.variant.kind = "base"
methods.3.outcome.report.source_map.segments.0.origin.derived.9.provenance = "Derived"
methods.3.outcome.report.source_map.segments.0.origin.derived.10.bci = 22
methods.3.outcome.report.source_map.segments.0.origin.derived.10.cp = null
methods.3.outcome.report.source_map.segments.0.origin.derived.10.method.descriptor = [40,91,76,106,97,118,97,47,108,97,110,103,47,83,116,114,105,110,103,59,41,86]
methods.3.outcome.report.source_map.segments.0.origin.derived.10.method.name = [109,97,105,110]
methods.3.outcome.report.source_map.segments.0.origin.derived.10.method.owner.class_bytes.digest = "fc4d5493a8d3c38b57f1b3ce43e4042892dcdabeafa8caa16e57746d8a0196f8"
methods.3.outcome.report.source_map.segments.0.origin.derived.10.method.owner.class_bytes.length = 1386
methods.3.outcome.report.source_map.segments.0.origin.derived.10.method.owner.location.entry.ordinal = 2
methods.3.outcome.report.source_map.segments.0.origin.derived.10.method.owner.location.entry.origin.root_container = "root"
methods.3.outcome.report.source_map.segments.0.origin.derived.10.method.owner.location.entry.origin.snapshot = "a53889519ad4b273a4be93d3f4fb786e32eb16152f70258048fbc57ee885e42f"
methods.3.outcome.report.source_map.segments.0.origin.derived.10.method.owner.location.entry.origin.steps = []
methods.3.outcome.report.source_map.segments.0.origin.derived.10.method.owner.location.entry.raw_name = [83,97,109,101,69,114,97,115,117,114,101,66,105,110,100,101,114,46,99,108,97,115,115]
methods.3.outcome.report.source_map.segments.0.origin.derived.10.method.owner.location.kind = "archive_entry"
methods.3.outcome.report.source_map.segments.0.origin.derived.10.method.owner.variant.kind = "base"
methods.3.outcome.report.source_map.segments.0.origin.derived.10.provenance = "Derived"
methods.3.outcome.report.source_map.segments.0.origin.derived.11.bci = 25
methods.3.outcome.report.source_map.segments.0.origin.derived.11.cp = null
methods.3.outcome.report.source_map.segments.0.origin.derived.11.method.descriptor = [40,91,76,106,97,118,97,47,108,97,110,103,47,83,116,114,105,110,103,59,41,86]
methods.3.outcome.report.source_map.segments.0.origin.derived.11.method.name = [109,97,105,110]
methods.3.outcome.report.source_map.segments.0.origin.derived.11.method.owner.class_bytes.digest = "fc4d5493a8d3c38b57f1b3ce43e4042892dcdabeafa8caa16e57746d8a0196f8"
methods.3.outcome.report.source_map.segments.0.origin.derived.11.method.owner.class_bytes.length = 1386
methods.3.outcome.report.source_map.segments.0.origin.derived.11.method.owner.location.entry.ordinal = 2
methods.3.outcome.report.source_map.segments.0.origin.derived.11.method.owner.location.entry.origin.root_container = "root"
methods.3.outcome.report.source_map.segments.0.origin.derived.11.method.owner.location.entry.origin.snapshot = "a53889519ad4b273a4be93d3f4fb786e32eb16152f70258048fbc57ee885e42f"
methods.3.outcome.report.source_map.segments.0.origin.derived.11.method.owner.location.entry.origin.steps = []
methods.3.outcome.report.source_map.segments.0.origin.derived.11.method.owner.location.entry.raw_name = [83,97,109,101,69,114,97,115,117,114,101,66,105,110,100,101,114,46,99,108,97,115,115]
methods.3.outcome.report.source_map.segments.0.origin.derived.11.method.owner.location.kind = "archive_entry"
methods.3.outcome.report.source_map.segments.0.origin.derived.11.method.owner.variant.kind = "base"
methods.3.outcome.report.source_map.segments.0.origin.derived.11.provenance = "Derived"
methods.3.outcome.report.source_map.segments.0.origin.derived.12.bci = 26
methods.3.outcome.report.source_map.segments.0.origin.derived.12.cp = null
methods.3.outcome.report.source_map.segments.0.origin.derived.12.method.descriptor = [40,91,76,106,97,118,97,47,108,97,110,103,47,83,116,114,105,110,103,59,41,86]
methods.3.outcome.report.source_map.segments.0.origin.derived.12.method.name = [109,97,105,110]
methods.3.outcome.report.source_map.segments.0.origin.derived.12.method.owner.class_bytes.digest = "fc4d5493a8d3c38b57f1b3ce43e4042892dcdabeafa8caa16e57746d8a0196f8"
methods.3.outcome.report.source_map.segments.0.origin.derived.12.method.owner.class_bytes.length = 1386
methods.3.outcome.report.source_map.segments.0.origin.derived.12.method.owner.location.entry.ordinal = 2
methods.3.outcome.report.source_map.segments.0.origin.derived.12.method.owner.location.entry.origin.root_container = "root"
methods.3.outcome.report.source_map.segments.0.origin.derived.12.method.owner.location.entry.origin.snapshot = "a53889519ad4b273a4be93d3f4fb786e32eb16152f70258048fbc57ee885e42f"
methods.3.outcome.report.source_map.segments.0.origin.derived.12.method.owner.location.entry.origin.steps = []
methods.3.outcome.report.source_map.segments.0.origin.derived.12.method.owner.location.entry.raw_name = [83,97,109,101,69,114,97,115,117,114,101,66,105,110,100,101,114,46,99,108,97,115,115]
methods.3.outcome.report.source_map.segments.0.origin.derived.12.method.owner.location.kind = "archive_entry"
methods.3.outcome.report.source_map.segments.0.origin.derived.12.method.owner.variant.kind = "base"
methods.3.outcome.report.source_map.segments.0.origin.derived.12.provenance = "Derived"
methods.3.outcome.report.source_map.segments.0.origin.derived.13.bci = 29
methods.3.outcome.report.source_map.segments.0.origin.derived.13.cp = null
methods.3.outcome.report.source_map.segments.0.origin.derived.13.method.descriptor = [40,91,76,106,97,118,97,47,108,97,110,103,47,83,116,114,105,110,103,59,41,86]
methods.3.outcome.report.source_map.segments.0.origin.derived.13.method.name = [109,97,105,110]
methods.3.outcome.report.source_map.segments.0.origin.derived.13.method.owner.class_bytes.digest = "fc4d5493a8d3c38b57f1b3ce43e4042892dcdabeafa8caa16e57746d8a0196f8"
methods.3.outcome.report.source_map.segments.0.origin.derived.13.method.owner.class_bytes.length = 1386
methods.3.outcome.report.source_map.segments.0.origin.derived.13.method.owner.location.entry.ordinal = 2
methods.3.outcome.report.source_map.segments.0.origin.derived.13.method.owner.location.entry.origin.root_container = "root"
methods.3.outcome.report.source_map.segments.0.origin.derived.13.method.owner.location.entry.origin.snapshot = "a53889519ad4b273a4be93d3f4fb786e32eb16152f70258048fbc57ee885e42f"
methods.3.outcome.report.source_map.segments.0.origin.derived.13.method.owner.location.entry.origin.steps = []
methods.3.outcome.report.source_map.segments.0.origin.derived.13.method.owner.location.entry.raw_name = [83,97,109,101,69,114,97,115,117,114,101,66,105,110,100,101,114,46,99,108,97,115,115]
methods.3.outcome.report.source_map.segments.0.origin.derived.13.method.owner.location.kind = "archive_entry"
methods.3.outcome.report.source_map.segments.0.origin.derived.13.method.owner.variant.kind = "base"
methods.3.outcome.report.source_map.segments.0.origin.derived.13.provenance = "Derived"
methods.3.outcome.report.source_map.segments.0.origin.derived.14.bci = 32
methods.3.outcome.report.source_map.segments.0.origin.derived.14.cp = null
methods.3.outcome.report.source_map.segments.0.origin.derived.14.method.descriptor = [40,91,76,106,97,118,97,47,108,97,110,103,47,83,116,114,105,110,103,59,41,86]
methods.3.outcome.report.source_map.segments.0.origin.derived.14.method.name = [109,97,105,110]
methods.3.outcome.report.source_map.segments.0.origin.derived.14.method.owner.class_bytes.digest = "fc4d5493a8d3c38b57f1b3ce43e4042892dcdabeafa8caa16e57746d8a0196f8"
methods.3.outcome.report.source_map.segments.0.origin.derived.14.method.owner.class_bytes.length = 1386
methods.3.outcome.report.source_map.segments.0.origin.derived.14.method.owner.location.entry.ordinal = 2
methods.3.outcome.report.source_map.segments.0.origin.derived.14.method.owner.location.entry.origin.root_container = "root"
methods.3.outcome.report.source_map.segments.0.origin.derived.14.method.owner.location.entry.origin.snapshot = "a53889519ad4b273a4be93d3f4fb786e32eb16152f70258048fbc57ee885e42f"
methods.3.outcome.report.source_map.segments.0.origin.derived.14.method.owner.location.entry.origin.steps = []
methods.3.outcome.report.source_map.segments.0.origin.derived.14.method.owner.location.entry.raw_name = [83,97,109,101,69,114,97,115,117,114,101,66,105,110,100,101,114,46,99,108,97,115,115]
methods.3.outcome.report.source_map.segments.0.origin.derived.14.method.owner.location.kind = "archive_entry"
methods.3.outcome.report.source_map.segments.0.origin.derived.14.method.owner.variant.kind = "base"
methods.3.outcome.report.source_map.segments.0.origin.derived.14.provenance = "Derived"
methods.3.outcome.report.source_map.segments.0.origin.derived.15.bci = 35
methods.3.outcome.report.source_map.segments.0.origin.derived.15.cp = null
methods.3.outcome.report.source_map.segments.0.origin.derived.15.method.descriptor = [40,91,76,106,97,118,97,47,108,97,110,103,47,83,116,114,105,110,103,59,41,86]
methods.3.outcome.report.source_map.segments.0.origin.derived.15.method.name = [109,97,105,110]
methods.3.outcome.report.source_map.segments.0.origin.derived.15.method.owner.class_bytes.digest = "fc4d5493a8d3c38b57f1b3ce43e4042892dcdabeafa8caa16e57746d8a0196f8"
methods.3.outcome.report.source_map.segments.0.origin.derived.15.method.owner.class_bytes.length = 1386
methods.3.outcome.report.source_map.segments.0.origin.derived.15.method.owner.location.entry.ordinal = 2
methods.3.outcome.report.source_map.segments.0.origin.derived.15.method.owner.location.entry.origin.root_container = "root"
methods.3.outcome.report.source_map.segments.0.origin.derived.15.method.owner.location.entry.origin.snapshot = "a53889519ad4b273a4be93d3f4fb786e32eb16152f70258048fbc57ee885e42f"
methods.3.outcome.report.source_map.segments.0.origin.derived.15.method.owner.location.entry.origin.steps = []
methods.3.outcome.report.source_map.segments.0.origin.derived.15.method.owner.location.entry.raw_name = [83,97,109,101,69,114,97,115,117,114,101,66,105,110,100,101,114,46,99,108,97,115,115]
methods.3.outcome.report.source_map.segments.0.origin.derived.15.method.owner.location.kind = "archive_entry"
methods.3.outcome.report.source_map.segments.0.origin.derived.15.method.owner.variant.kind = "base"
methods.3.outcome.report.source_map.segments.0.origin.derived.15.provenance = "Derived"
methods.3.outcome.report.source_map.segments.0.origin.primary.bci = 2
methods.3.outcome.report.source_map.segments.0.origin.primary.cp = null
methods.3.outcome.report.source_map.segments.0.origin.primary.method.descriptor = [40,91,76,106,97,118,97,47,108,97,110,103,47,83,116,114,105,110,103,59,41,86]
methods.3.outcome.report.source_map.segments.0.origin.primary.method.name = [109,97,105,110]
methods.3.outcome.report.source_map.segments.0.origin.primary.method.owner.class_bytes.digest = "fc4d5493a8d3c38b57f1b3ce43e4042892dcdabeafa8caa16e57746d8a0196f8"
methods.3.outcome.report.source_map.segments.0.origin.primary.method.owner.class_bytes.length = 1386
methods.3.outcome.report.source_map.segments.0.origin.primary.method.owner.location.entry.ordinal = 2
methods.3.outcome.report.source_map.segments.0.origin.primary.method.owner.location.entry.origin.root_container = "root"
methods.3.outcome.report.source_map.segments.0.origin.primary.method.owner.location.entry.origin.snapshot = "a53889519ad4b273a4be93d3f4fb786e32eb16152f70258048fbc57ee885e42f"
methods.3.outcome.report.source_map.segments.0.origin.primary.method.owner.location.entry.origin.steps = []
methods.3.outcome.report.source_map.segments.0.origin.primary.method.owner.location.entry.raw_name = [83,97,109,101,69,114,97,115,117,114,101,66,105,110,100,101,114,46,99,108,97,115,115]
methods.3.outcome.report.source_map.segments.0.origin.primary.method.owner.location.kind = "archive_entry"
methods.3.outcome.report.source_map.segments.0.origin.primary.method.owner.variant.kind = "base"
methods.3.outcome.report.source_map.segments.0.origin.primary.provenance = "Direct"
methods.3.outcome.report.source_map.segments.0.start = 183
methods.3.outcome.report.source_map.segments.1.end = 450
methods.3.outcome.report.source_map.segments.1.origin.derived.0.bci = 5
methods.3.outcome.report.source_map.segments.1.origin.derived.0.cp = null
methods.3.outcome.report.source_map.segments.1.origin.derived.0.method.descriptor = [40,91,76,106,97,118,97,47,108,97,110,103,47,83,116,114,105,110,103,59,41,86]
methods.3.outcome.report.source_map.segments.1.origin.derived.0.method.name = [109,97,105,110]
methods.3.outcome.report.source_map.segments.1.origin.derived.0.method.owner.class_bytes.digest = "fc4d5493a8d3c38b57f1b3ce43e4042892dcdabeafa8caa16e57746d8a0196f8"
methods.3.outcome.report.source_map.segments.1.origin.derived.0.method.owner.class_bytes.length = 1386
methods.3.outcome.report.source_map.segments.1.origin.derived.0.method.owner.location.entry.ordinal = 2
methods.3.outcome.report.source_map.segments.1.origin.derived.0.method.owner.location.entry.origin.root_container = "root"
methods.3.outcome.report.source_map.segments.1.origin.derived.0.method.owner.location.entry.origin.snapshot = "a53889519ad4b273a4be93d3f4fb786e32eb16152f70258048fbc57ee885e42f"
methods.3.outcome.report.source_map.segments.1.origin.derived.0.method.owner.location.entry.origin.steps = []
methods.3.outcome.report.source_map.segments.1.origin.derived.0.method.owner.location.entry.raw_name = [83,97,109,101,69,114,97,115,117,114,101,66,105,110,100,101,114,46,99,108,97,115,115]
methods.3.outcome.report.source_map.segments.1.origin.derived.0.method.owner.location.kind = "archive_entry"
methods.3.outcome.report.source_map.segments.1.origin.derived.0.method.owner.variant.kind = "base"
methods.3.outcome.report.source_map.segments.1.origin.derived.0.provenance = "Derived"
methods.3.outcome.report.source_map.segments.1.origin.derived.1.bci = 8
methods.3.outcome.report.source_map.segments.1.origin.derived.1.cp = null
methods.3.outcome.report.source_map.segments.1.origin.derived.1.method.descriptor = [40,91,76,106,97,118,97,47,108,97,110,103,47,83,116,114,105,110,103,59,41,86]
methods.3.outcome.report.source_map.segments.1.origin.derived.1.method.name = [109,97,105,110]
methods.3.outcome.report.source_map.segments.1.origin.derived.1.method.owner.class_bytes.digest = "fc4d5493a8d3c38b57f1b3ce43e4042892dcdabeafa8caa16e57746d8a0196f8"
methods.3.outcome.report.source_map.segments.1.origin.derived.1.method.owner.class_bytes.length = 1386
methods.3.outcome.report.source_map.segments.1.origin.derived.1.method.owner.location.entry.ordinal = 2
methods.3.outcome.report.source_map.segments.1.origin.derived.1.method.owner.location.entry.origin.root_container = "root"
methods.3.outcome.report.source_map.segments.1.origin.derived.1.method.owner.location.entry.origin.snapshot = "a53889519ad4b273a4be93d3f4fb786e32eb16152f70258048fbc57ee885e42f"
methods.3.outcome.report.source_map.segments.1.origin.derived.1.method.owner.location.entry.origin.steps = []
methods.3.outcome.report.source_map.segments.1.origin.derived.1.method.owner.location.entry.raw_name = [83,97,109,101,69,114,97,115,117,114,101,66,105,110,100,101,114,46,99,108,97,115,115]
methods.3.outcome.report.source_map.segments.1.origin.derived.1.method.owner.location.kind = "archive_entry"
methods.3.outcome.report.source_map.segments.1.origin.derived.1.method.owner.variant.kind = "base"
methods.3.outcome.report.source_map.segments.1.origin.derived.1.provenance = "Derived"
methods.3.outcome.report.source_map.segments.1.origin.primary.bci = 9
methods.3.outcome.report.source_map.segments.1.origin.primary.cp = null
methods.3.outcome.report.source_map.segments.1.origin.primary.method.descriptor = [40,91,76,106,97,118,97,47,108,97,110,103,47,83,116,114,105,110,103,59,41,86]
methods.3.outcome.report.source_map.segments.1.origin.primary.method.name = [109,97,105,110]
methods.3.outcome.report.source_map.segments.1.origin.primary.method.owner.class_bytes.digest = "fc4d5493a8d3c38b57f1b3ce43e4042892dcdabeafa8caa16e57746d8a0196f8"
methods.3.outcome.report.source_map.segments.1.origin.primary.method.owner.class_bytes.length = 1386
methods.3.outcome.report.source_map.segments.1.origin.primary.method.owner.location.entry.ordinal = 2
methods.3.outcome.report.source_map.segments.1.origin.primary.method.owner.location.entry.origin.root_container = "root"
methods.3.outcome.report.source_map.segments.1.origin.primary.method.owner.location.entry.origin.snapshot = "a53889519ad4b273a4be93d3f4fb786e32eb16152f70258048fbc57ee885e42f"
methods.3.outcome.report.source_map.segments.1.origin.primary.method.owner.location.entry.origin.steps = []
methods.3.outcome.report.source_map.segments.1.origin.primary.method.owner.location.entry.raw_name = [83,97,109,101,69,114,97,115,117,114,101,66,105,110,100,101,114,46,99,108,97,115,115]
methods.3.outcome.report.source_map.segments.1.origin.primary.method.owner.location.kind = "archive_entry"
methods.3.outcome.report.source_map.segments.1.origin.primary.method.owner.variant.kind = "base"
methods.3.outcome.report.source_map.segments.1.origin.primary.provenance = "Direct"
methods.3.outcome.report.source_map.segments.1.start = 351
methods.3.outcome.report.source_map.segments.2.end = 583
methods.3.outcome.report.source_map.segments.2.origin.derived.0.bci = 5
methods.3.outcome.report.source_map.segments.2.origin.derived.0.cp = null
methods.3.outcome.report.source_map.segments.2.origin.derived.0.method.descriptor = [40,91,76,106,97,118,97,47,108,97,110,103,47,83,116,114,105,110,103,59,41,86]
methods.3.outcome.report.source_map.segments.2.origin.derived.0.method.name = [109,97,105,110]
methods.3.outcome.report.source_map.segments.2.origin.derived.0.method.owner.class_bytes.digest = "fc4d5493a8d3c38b57f1b3ce43e4042892dcdabeafa8caa16e57746d8a0196f8"
methods.3.outcome.report.source_map.segments.2.origin.derived.0.method.owner.class_bytes.length = 1386
methods.3.outcome.report.source_map.segments.2.origin.derived.0.method.owner.location.entry.ordinal = 2
methods.3.outcome.report.source_map.segments.2.origin.derived.0.method.owner.location.entry.origin.root_container = "root"
methods.3.outcome.report.source_map.segments.2.origin.derived.0.method.owner.location.entry.origin.snapshot = "a53889519ad4b273a4be93d3f4fb786e32eb16152f70258048fbc57ee885e42f"
methods.3.outcome.report.source_map.segments.2.origin.derived.0.method.owner.location.entry.origin.steps = []
methods.3.outcome.report.source_map.segments.2.origin.derived.0.method.owner.location.entry.raw_name = [83,97,109,101,69,114,97,115,117,114,101,66,105,110,100,101,114,46,99,108,97,115,115]
methods.3.outcome.report.source_map.segments.2.origin.derived.0.method.owner.location.kind = "archive_entry"
methods.3.outcome.report.source_map.segments.2.origin.derived.0.method.owner.variant.kind = "base"
methods.3.outcome.report.source_map.segments.2.origin.derived.0.provenance = "Derived"
methods.3.outcome.report.source_map.segments.2.origin.derived.1.bci = 8
methods.3.outcome.report.source_map.segments.2.origin.derived.1.cp = null
methods.3.outcome.report.source_map.segments.2.origin.derived.1.method.descriptor = [40,91,76,106,97,118,97,47,108,97,110,103,47,83,116,114,105,110,103,59,41,86]
methods.3.outcome.report.source_map.segments.2.origin.derived.1.method.name = [109,97,105,110]
methods.3.outcome.report.source_map.segments.2.origin.derived.1.method.owner.class_bytes.digest = "fc4d5493a8d3c38b57f1b3ce43e4042892dcdabeafa8caa16e57746d8a0196f8"
methods.3.outcome.report.source_map.segments.2.origin.derived.1.method.owner.class_bytes.length = 1386
methods.3.outcome.report.source_map.segments.2.origin.derived.1.method.owner.location.entry.ordinal = 2
methods.3.outcome.report.source_map.segments.2.origin.derived.1.method.owner.location.entry.origin.root_container = "root"
methods.3.outcome.report.source_map.segments.2.origin.derived.1.method.owner.location.entry.origin.snapshot = "a53889519ad4b273a4be93d3f4fb786e32eb16152f70258048fbc57ee885e42f"
methods.3.outcome.report.source_map.segments.2.origin.derived.1.method.owner.location.entry.origin.steps = []
methods.3.outcome.report.source_map.segments.2.origin.derived.1.method.owner.location.entry.raw_name = [83,97,109,101,69,114,97,115,117,114,101,66,105,110,100,101,114,46,99,108,97,115,115]
methods.3.outcome.report.source_map.segments.2.origin.derived.1.method.owner.location.kind = "archive_entry"
methods.3.outcome.report.source_map.segments.2.origin.derived.1.method.owner.variant.kind = "base"
methods.3.outcome.report.source_map.segments.2.origin.derived.1.provenance = "Derived"
methods.3.outcome.report.source_map.segments.2.origin.derived.2.bci = 9
methods.3.outcome.report.source_map.segments.2.origin.derived.2.cp = null
methods.3.outcome.report.source_map.segments.2.origin.derived.2.method.descriptor = [40,91,76,106,97,118,97,47,108,97,110,103,47,83,116,114,105,110,103,59,41,86]
methods.3.outcome.report.source_map.segments.2.origin.derived.2.method.name = [109,97,105,110]
methods.3.outcome.report.source_map.segments.2.origin.derived.2.method.owner.class_bytes.digest = "fc4d5493a8d3c38b57f1b3ce43e4042892dcdabeafa8caa16e57746d8a0196f8"
methods.3.outcome.report.source_map.segments.2.origin.derived.2.method.owner.class_bytes.length = 1386
methods.3.outcome.report.source_map.segments.2.origin.derived.2.method.owner.location.entry.ordinal = 2
methods.3.outcome.report.source_map.segments.2.origin.derived.2.method.owner.location.entry.origin.root_container = "root"
methods.3.outcome.report.source_map.segments.2.origin.derived.2.method.owner.location.entry.origin.snapshot = "a53889519ad4b273a4be93d3f4fb786e32eb16152f70258048fbc57ee885e42f"
methods.3.outcome.report.source_map.segments.2.origin.derived.2.method.owner.location.entry.origin.steps = []
methods.3.outcome.report.source_map.segments.2.origin.derived.2.method.owner.location.entry.raw_name = [83,97,109,101,69,114,97,115,117,114,101,66,105,110,100,101,114,46,99,108,97,115,115]
methods.3.outcome.report.source_map.segments.2.origin.derived.2.method.owner.location.kind = "archive_entry"
methods.3.outcome.report.source_map.segments.2.origin.derived.2.method.owner.variant.kind = "base"
methods.3.outcome.report.source_map.segments.2.origin.derived.2.provenance = "Derived"
methods.3.outcome.report.source_map.segments.2.origin.primary.bci = 14
methods.3.outcome.report.source_map.segments.2.origin.primary.cp = null
methods.3.outcome.report.source_map.segments.2.origin.primary.method.descriptor = [40,91,76,106,97,118,97,47,108,97,110,103,47,83,116,114,105,110,103,59,41,86]
methods.3.outcome.report.source_map.segments.2.origin.primary.method.name = [109,97,105,110]
methods.3.outcome.report.source_map.segments.2.origin.primary.method.owner.class_bytes.digest = "fc4d5493a8d3c38b57f1b3ce43e4042892dcdabeafa8caa16e57746d8a0196f8"
methods.3.outcome.report.source_map.segments.2.origin.primary.method.owner.class_bytes.length = 1386
methods.3.outcome.report.source_map.segments.2.origin.primary.method.owner.location.entry.ordinal = 2
methods.3.outcome.report.source_map.segments.2.origin.primary.method.owner.location.entry.origin.root_container = "root"
methods.3.outcome.report.source_map.segments.2.origin.primary.method.owner.location.entry.origin.snapshot = "a53889519ad4b273a4be93d3f4fb786e32eb16152f70258048fbc57ee885e42f"
methods.3.outcome.report.source_map.segments.2.origin.primary.method.owner.location.entry.origin.steps = []
methods.3.outcome.report.source_map.segments.2.origin.primary.method.owner.location.entry.raw_name = [83,97,109,101,69,114,97,115,117,114,101,66,105,110,100,101,114,46,99,108,97,115,115]
methods.3.outcome.report.source_map.segments.2.origin.primary.method.owner.location.kind = "archive_entry"
methods.3.outcome.report.source_map.segments.2.origin.primary.method.owner.variant.kind = "base"
methods.3.outcome.report.source_map.segments.2.origin.primary.provenance = "Direct"
methods.3.outcome.report.source_map.segments.2.start = 450
methods.3.outcome.report.source_map.segments.3.end = 709
methods.3.outcome.report.source_map.segments.3.origin.derived.0.bci = 2
methods.3.outcome.report.source_map.segments.3.origin.derived.0.cp = null
methods.3.outcome.report.source_map.segments.3.origin.derived.0.method.descriptor = [40,91,76,106,97,118,97,47,108,97,110,103,47,83,116,114,105,110,103,59,41,86]
methods.3.outcome.report.source_map.segments.3.origin.derived.0.method.name = [109,97,105,110]
methods.3.outcome.report.source_map.segments.3.origin.derived.0.method.owner.class_bytes.digest = "fc4d5493a8d3c38b57f1b3ce43e4042892dcdabeafa8caa16e57746d8a0196f8"
methods.3.outcome.report.source_map.segments.3.origin.derived.0.method.owner.class_bytes.length = 1386
methods.3.outcome.report.source_map.segments.3.origin.derived.0.method.owner.location.entry.ordinal = 2
methods.3.outcome.report.source_map.segments.3.origin.derived.0.method.owner.location.entry.origin.root_container = "root"
methods.3.outcome.report.source_map.segments.3.origin.derived.0.method.owner.location.entry.origin.snapshot = "a53889519ad4b273a4be93d3f4fb786e32eb16152f70258048fbc57ee885e42f"
methods.3.outcome.report.source_map.segments.3.origin.derived.0.method.owner.location.entry.origin.steps = []
methods.3.outcome.report.source_map.segments.3.origin.derived.0.method.owner.location.entry.raw_name = [83,97,109,101,69,114,97,115,117,114,101,66,105,110,100,101,114,46,99,108,97,115,115]
methods.3.outcome.report.source_map.segments.3.origin.derived.0.method.owner.location.kind = "archive_entry"
methods.3.outcome.report.source_map.segments.3.origin.derived.0.method.owner.variant.kind = "base"
methods.3.outcome.report.source_map.segments.3.origin.derived.0.provenance = "Derived"
methods.3.outcome.report.source_map.segments.3.origin.derived.1.bci = 29
methods.3.outcome.report.source_map.segments.3.origin.derived.1.cp = null
methods.3.outcome.report.source_map.segments.3.origin.derived.1.method.descriptor = [40,91,76,106,97,118,97,47,108,97,110,103,47,83,116,114,105,110,103,59,41,86]
methods.3.outcome.report.source_map.segments.3.origin.derived.1.method.name = [109,97,105,110]
methods.3.outcome.report.source_map.segments.3.origin.derived.1.method.owner.class_bytes.digest = "fc4d5493a8d3c38b57f1b3ce43e4042892dcdabeafa8caa16e57746d8a0196f8"
methods.3.outcome.report.source_map.segments.3.origin.derived.1.method.owner.class_bytes.length = 1386
methods.3.outcome.report.source_map.segments.3.origin.derived.1.method.owner.location.entry.ordinal = 2
methods.3.outcome.report.source_map.segments.3.origin.derived.1.method.owner.location.entry.origin.root_container = "root"
methods.3.outcome.report.source_map.segments.3.origin.derived.1.method.owner.location.entry.origin.snapshot = "a53889519ad4b273a4be93d3f4fb786e32eb16152f70258048fbc57ee885e42f"
methods.3.outcome.report.source_map.segments.3.origin.derived.1.method.owner.location.entry.origin.steps = []
methods.3.outcome.report.source_map.segments.3.origin.derived.1.method.owner.location.entry.raw_name = [83,97,109,101,69,114,97,115,117,114,101,66,105,110,100,101,114,46,99,108,97,115,115]
methods.3.outcome.report.source_map.segments.3.origin.derived.1.method.owner.location.kind = "archive_entry"
methods.3.outcome.report.source_map.segments.3.origin.derived.1.method.owner.variant.kind = "base"
methods.3.outcome.report.source_map.segments.3.origin.derived.1.provenance = "Derived"
methods.3.outcome.report.source_map.segments.3.origin.derived.2.bci = 26
methods.3.outcome.report.source_map.segments.3.origin.derived.2.cp = null
methods.3.outcome.report.source_map.segments.3.origin.derived.2.method.descriptor = [40,91,76,106,97,118,97,47,108,97,110,103,47,83,116,114,105,110,103,59,41,86]
methods.3.outcome.report.source_map.segments.3.origin.derived.2.method.name = [109,97,105,110]
methods.3.outcome.report.source_map.segments.3.origin.derived.2.method.owner.class_bytes.digest = "fc4d5493a8d3c38b57f1b3ce43e4042892dcdabeafa8caa16e57746d8a0196f8"
methods.3.outcome.report.source_map.segments.3.origin.derived.2.method.owner.class_bytes.length = 1386
methods.3.outcome.report.source_map.segments.3.origin.derived.2.method.owner.location.entry.ordinal = 2
methods.3.outcome.report.source_map.segments.3.origin.derived.2.method.owner.location.entry.origin.root_container = "root"
methods.3.outcome.report.source_map.segments.3.origin.derived.2.method.owner.location.entry.origin.snapshot = "a53889519ad4b273a4be93d3f4fb786e32eb16152f70258048fbc57ee885e42f"
methods.3.outcome.report.source_map.segments.3.origin.derived.2.method.owner.location.entry.origin.steps = []
methods.3.outcome.report.source_map.segments.3.origin.derived.2.method.owner.location.entry.raw_name = [83,97,109,101,69,114,97,115,117,114,101,66,105,110,100,101,114,46,99,108,97,115,115]
methods.3.outcome.report.source_map.segments.3.origin.derived.2.method.owner.location.kind = "archive_entry"
methods.3.outcome.report.source_map.segments.3.origin.derived.2.method.owner.variant.kind = "base"
methods.3.outcome.report.source_map.segments.3.origin.derived.2.provenance = "Derived"
methods.3.outcome.report.source_map.segments.3.origin.derived.3.bci = 14
methods.3.outcome.report.source_map.segments.3.origin.derived.3.cp = null
methods.3.outcome.report.source_map.segments.3.origin.derived.3.method.descriptor = [40,91,76,106,97,118,97,47,108,97,110,103,47,83,116,114,105,110,103,59,41,86]
methods.3.outcome.report.source_map.segments.3.origin.derived.3.method.name = [109,97,105,110]
methods.3.outcome.report.source_map.segments.3.origin.derived.3.method.owner.class_bytes.digest = "fc4d5493a8d3c38b57f1b3ce43e4042892dcdabeafa8caa16e57746d8a0196f8"
methods.3.outcome.report.source_map.segments.3.origin.derived.3.method.owner.class_bytes.length = 1386
methods.3.outcome.report.source_map.segments.3.origin.derived.3.method.owner.location.entry.ordinal = 2
methods.3.outcome.report.source_map.segments.3.origin.derived.3.method.owner.location.entry.origin.root_container = "root"
methods.3.outcome.report.source_map.segments.3.origin.derived.3.method.owner.location.entry.origin.snapshot = "a53889519ad4b273a4be93d3f4fb786e32eb16152f70258048fbc57ee885e42f"
methods.3.outcome.report.source_map.segments.3.origin.derived.3.method.owner.location.entry.origin.steps = []
methods.3.outcome.report.source_map.segments.3.origin.derived.3.method.owner.location.entry.raw_name = [83,97,109,101,69,114,97,115,117,114,101,66,105,110,100,101,114,46,99,108,97,115,115]
methods.3.outcome.report.source_map.segments.3.origin.derived.3.method.owner.location.kind = "archive_entry"
methods.3.outcome.report.source_map.segments.3.origin.derived.3.method.owner.variant.kind = "base"
methods.3.outcome.report.source_map.segments.3.origin.derived.3.provenance = "Derived"
methods.3.outcome.report.source_map.segments.3.origin.derived.4.bci = 9
methods.3.outcome.report.source_map.segments.3.origin.derived.4.cp = null
methods.3.outcome.report.source_map.segments.3.origin.derived.4.method.descriptor = [40,91,76,106,97,118,97,47,108,97,110,103,47,83,116,114,105,110,103,59,41,86]
methods.3.outcome.report.source_map.segments.3.origin.derived.4.method.name = [109,97,105,110]
methods.3.outcome.report.source_map.segments.3.origin.derived.4.method.owner.class_bytes.digest = "fc4d5493a8d3c38b57f1b3ce43e4042892dcdabeafa8caa16e57746d8a0196f8"
methods.3.outcome.report.source_map.segments.3.origin.derived.4.method.owner.class_bytes.length = 1386
methods.3.outcome.report.source_map.segments.3.origin.derived.4.method.owner.location.entry.ordinal = 2
methods.3.outcome.report.source_map.segments.3.origin.derived.4.method.owner.location.entry.origin.root_container = "root"
methods.3.outcome.report.source_map.segments.3.origin.derived.4.method.owner.location.entry.origin.snapshot = "a53889519ad4b273a4be93d3f4fb786e32eb16152f70258048fbc57ee885e42f"
methods.3.outcome.report.source_map.segments.3.origin.derived.4.method.owner.location.entry.origin.steps = []
methods.3.outcome.report.source_map.segments.3.origin.derived.4.method.owner.location.entry.raw_name = [83,97,109,101,69,114,97,115,117,114,101,66,105,110,100,101,114,46,99,108,97,115,115]
methods.3.outcome.report.source_map.segments.3.origin.derived.4.method.owner.location.kind = "archive_entry"
methods.3.outcome.report.source_map.segments.3.origin.derived.4.method.owner.variant.kind = "base"
methods.3.outcome.report.source_map.segments.3.origin.derived.4.provenance = "Derived"
methods.3.outcome.report.source_map.segments.3.origin.derived.5.bci = 5
methods.3.outcome.report.source_map.segments.3.origin.derived.5.cp = null
methods.3.outcome.report.source_map.segments.3.origin.derived.5.method.descriptor = [40,91,76,106,97,118,97,47,108,97,110,103,47,83,116,114,105,110,103,59,41,86]
methods.3.outcome.report.source_map.segments.3.origin.derived.5.method.name = [109,97,105,110]
methods.3.outcome.report.source_map.segments.3.origin.derived.5.method.owner.class_bytes.digest = "fc4d5493a8d3c38b57f1b3ce43e4042892dcdabeafa8caa16e57746d8a0196f8"
methods.3.outcome.report.source_map.segments.3.origin.derived.5.method.owner.class_bytes.length = 1386
methods.3.outcome.report.source_map.segments.3.origin.derived.5.method.owner.location.entry.ordinal = 2
methods.3.outcome.report.source_map.segments.3.origin.derived.5.method.owner.location.entry.origin.root_container = "root"
methods.3.outcome.report.source_map.segments.3.origin.derived.5.method.owner.location.entry.origin.snapshot = "a53889519ad4b273a4be93d3f4fb786e32eb16152f70258048fbc57ee885e42f"
methods.3.outcome.report.source_map.segments.3.origin.derived.5.method.owner.location.entry.origin.steps = []
methods.3.outcome.report.source_map.segments.3.origin.derived.5.method.owner.location.entry.raw_name = [83,97,109,101,69,114,97,115,117,114,101,66,105,110,100,101,114,46,99,108,97,115,115]
methods.3.outcome.report.source_map.segments.3.origin.derived.5.method.owner.location.kind = "archive_entry"
methods.3.outcome.report.source_map.segments.3.origin.derived.5.method.owner.variant.kind = "base"
methods.3.outcome.report.source_map.segments.3.origin.derived.5.provenance = "Derived"
methods.3.outcome.report.source_map.segments.3.origin.derived.6.bci = 8
methods.3.outcome.report.source_map.segments.3.origin.derived.6.cp = null
methods.3.outcome.report.source_map.segments.3.origin.derived.6.method.descriptor = [40,91,76,106,97,118,97,47,108,97,110,103,47,83,116,114,105,110,103,59,41,86]
methods.3.outcome.report.source_map.segments.3.origin.derived.6.method.name = [109,97,105,110]
methods.3.outcome.report.source_map.segments.3.origin.derived.6.method.owner.class_bytes.digest = "fc4d5493a8d3c38b57f1b3ce43e4042892dcdabeafa8caa16e57746d8a0196f8"
methods.3.outcome.report.source_map.segments.3.origin.derived.6.method.owner.class_bytes.length = 1386
methods.3.outcome.report.source_map.segments.3.origin.derived.6.method.owner.location.entry.ordinal = 2
methods.3.outcome.report.source_map.segments.3.origin.derived.6.method.owner.location.entry.origin.root_container = "root"
methods.3.outcome.report.source_map.segments.3.origin.derived.6.method.owner.location.entry.origin.snapshot = "a53889519ad4b273a4be93d3f4fb786e32eb16152f70258048fbc57ee885e42f"
methods.3.outcome.report.source_map.segments.3.origin.derived.6.method.owner.location.entry.origin.steps = []
methods.3.outcome.report.source_map.segments.3.origin.derived.6.method.owner.location.entry.raw_name = [83,97,109,101,69,114,97,115,117,114,101,66,105,110,100,101,114,46,99,108,97,115,115]
methods.3.outcome.report.source_map.segments.3.origin.derived.6.method.owner.location.kind = "archive_entry"
methods.3.outcome.report.source_map.segments.3.origin.derived.6.method.owner.variant.kind = "base"
methods.3.outcome.report.source_map.segments.3.origin.derived.6.provenance = "Derived"
methods.3.outcome.report.source_map.segments.3.origin.primary.bci = 32
methods.3.outcome.report.source_map.segments.3.origin.primary.cp = null
methods.3.outcome.report.source_map.segments.3.origin.primary.method.descriptor = [40,91,76,106,97,118,97,47,108,97,110,103,47,83,116,114,105,110,103,59,41,86]
methods.3.outcome.report.source_map.segments.3.origin.primary.method.name = [109,97,105,110]
methods.3.outcome.report.source_map.segments.3.origin.primary.method.owner.class_bytes.digest = "fc4d5493a8d3c38b57f1b3ce43e4042892dcdabeafa8caa16e57746d8a0196f8"
methods.3.outcome.report.source_map.segments.3.origin.primary.method.owner.class_bytes.length = 1386
methods.3.outcome.report.source_map.segments.3.origin.primary.method.owner.location.entry.ordinal = 2
methods.3.outcome.report.source_map.segments.3.origin.primary.method.owner.location.entry.origin.root_container = "root"
methods.3.outcome.report.source_map.segments.3.origin.primary.method.owner.location.entry.origin.snapshot = "a53889519ad4b273a4be93d3f4fb786e32eb16152f70258048fbc57ee885e42f"
methods.3.outcome.report.source_map.segments.3.origin.primary.method.owner.location.entry.origin.steps = []
methods.3.outcome.report.source_map.segments.3.origin.primary.method.owner.location.entry.raw_name = [83,97,109,101,69,114,97,115,117,114,101,66,105,110,100,101,114,46,99,108,97,115,115]
methods.3.outcome.report.source_map.segments.3.origin.primary.method.owner.location.kind = "archive_entry"
methods.3.outcome.report.source_map.segments.3.origin.primary.method.owner.variant.kind = "base"
methods.3.outcome.report.source_map.segments.3.origin.primary.provenance = "Direct"
methods.3.outcome.report.source_map.segments.3.start = 583
methods.3.outcome.report.syntax_status = "not_java"
methods.3.outcome.report.text = "// @method main([Ljava/lang/String;)V\n// @declaration a static method of `SameErasureBinder`, member flags 0x0009\n// recovered from bytecode; presentation is not claimed to compile\n{\n    // @bytecode 2 0 1 5 8 9 12 14 17 18 21 22 25 26 29 32 35\n    // the saved producer at BCI 2 has 3 consumers, so one local binding cannot prove its execution count\n    // @bytecode 5 8 9\n    // the saved producer at BCI 9 has no bounded final expression consumer\n    // @bytecode 5 8 9 14\n    // the saved producer at BCI 14 has 3 consumers, so one local binding cannot prove its execution count\n    // @bytecode 32 2 29 26 14 9 5 8\n    // the value at BCI 32 was produced by a saved declaration this run could not commit\n    jarde_refused_body();\n}\n"
methods.3.outcome.report.verification = "not_performed"
methods.3.parameter_annotations.attributes = []
methods.3.parameter_annotations.refusals = []
methods.3.parameter_annotations.uses_by_position = [[]]
methods.3.text = "    public static void main(java.lang.String[] a) {\n        // jarde: not recovered: the recovery run for `main([Ljava/lang/String;)V` produced no statement (explanation only); the artifact's own comment lines are below\n        // @method main([Ljava/lang/String;)V\n        // @declaration a static method of `SameErasureBinder`, member flags 0x0009\n        // recovered from bytecode; presentation is not claimed to compile\n        // @bytecode 2 0 1 5 8 9 12 14 17 18 21 22 25 26 29 32 35\n        // the saved producer at BCI 2 has 3 consumers, so one local binding cannot prove its execution count\n        // @bytecode 5 8 9\n        // the saved producer at BCI 9 has no bounded final expression consumer\n        // @bytecode 5 8 9 14\n        // the saved producer at BCI 14 has 3 consumers, so one local binding cannot prove its execution count\n        // @bytecode 32 2 29 26 14 9 5 8\n        // the value at BCI 32 was produced by a saved declaration this run could not commit\n        jarde_refused_body();\n    }\n"
methods.3.type_annotations.attributes = []
methods.3.type_annotations.field_uses = []
methods.3.type_annotations.parameter_uses = [[]]
methods.3.type_annotations.refusals = []
methods.3.type_annotations.return_uses = []
nested_annotation_family.state = "absent"
nested_enum_family.state = "absent"
outcome = "performed"
stages = ["raw_facts","raw_cfg","legacy_normalization","canonical_cfg","frame","ssa"]
usage.analysis_steps = 899
usage.archive_entries = 9
usage.attribute_bytes = 1272
usage.class_bytes = 2772
usage.class_headers = 1
usage.code_bytes = 49
usage.dependency_depth = 0
usage.elapsed_millis = 3
usage.entry_bytes = 1386
usage.input_bytes = 1152
usage.ir_edges = 49
usage.ir_items = 930
usage.method_bodies = 4
usage.nested_depth = 0
usage.normalization_clones = 0
usage.output_bytes = 2561
usage.read_bytes = 674
usage.result_items = 23
view.scope.kind = "snapshot_all"
view.snapshot = "a53889519ad4b273a4be93d3f4fb786e32eb16152f70258048fbc57ee885e42f"
