exit=0
command=/var/folders/gm/lzn3ylzx4lz7mx29lftngdz40000gn/T/jarde-cf18-453025hj/cargo-target/debug/jarde-cli class-source --input /var/folders/gm/lzn3ylzx4lz7mx29lftngdz40000gn/T/jarde-cf18-453025hj/original-classes/ExceptionRegionsAudit.class --class ExceptionRegionsAudit --policy single-class --release 8 --format text --output /Users/lordcasser/.codex/worktrees/plain-enum-arities/jarde/openspec/evidence/java-syntax-2026-09-27/cf18-exception-regions/baseline/ExceptionRegionsAudit.jarde.java
stdout:

stderr:
anonymous_interface_projection.state = "absent"
bridge_proofs = []
class.class_bytes.digest = "8f52587cb9c2c20434550685a3dea29dcc56f5daddd064010e51271187664085"
class.class_bytes.length = 1018
class.location.kind = "standalone_root"
class.location.snapshot = "8f52587cb9c2c20434550685a3dea29dcc56f5daddd064010e51271187664085"
class.variant.kind = "base"
coverage.artifact_structural.scanned.0.end = 1
coverage.artifact_structural.scanned.0.label = "navigation_candidates"
coverage.artifact_structural.scanned.0.start = 0
coverage.artifact_structural.scanned.1.end = 1
coverage.artifact_structural.scanned.1.label = "class_fields"
coverage.artifact_structural.scanned.1.start = 0
coverage.artifact_structural.scanned.2.end = 4
coverage.artifact_structural.scanned.2.label = "class_methods"
coverage.artifact_structural.scanned.2.start = 0
coverage.artifact_structural.scanned.3.end = 4
coverage.artifact_structural.scanned.3.label = "class_source_bodies"
coverage.artifact_structural.scanned.3.start = 0
coverage.artifact_structural.skipped = []
coverage.artifact_structural.state = "complete_within_schema"
coverage.artifact_structural.uninterpreted_extensions = []
coverage.dynamic_analysis.scanned = []
coverage.dynamic_analysis.skipped = []
coverage.dynamic_analysis.state = "not_requested"
coverage.dynamic_analysis.uninterpreted_extensions = []
coverage.runtime_resolution.scanned = []
coverage.runtime_resolution.skipped = []
coverage.runtime_resolution.state = "not_requested"
coverage.runtime_resolution.uninterpreted_extensions = []
declaration.annotation_attributes = []
declaration.annotation_refusals = []
declaration.annotation_uses = []
declaration.declaration = "public final class ExceptionRegionsAudit extends java.lang.Object"
declaration.generic_refusal = null
declaration.generic_signature = null
declaration.item.binding.kind = "standalone_root"
declaration.item.declaration.access_flags = 49
declaration.item.declaration.interfaces = []
declaration.item.declaration.super_class.escaped = "java/lang/Object"
declaration.item.declaration.super_class.raw = [106,97,118,97,47,108,97,110,103,47,79,98,106,101,99,116]
declaration.item.declaration.super_class.utf16 = [106,97,118,97,47,108,97,110,103,47,79,98,106,101,99,116]
declaration.item.declaration.this_class.escaped = "ExceptionRegionsAudit"
declaration.item.declaration.this_class.raw = [69,120,99,101,112,116,105,111,110,82,101,103,105,111,110,115,65,117,100,105,116]
declaration.item.declaration.this_class.utf16 = [69,120,99,101,112,116,105,111,110,82,101,103,105,111,110,115,65,117,100,105,116]
declaration.item.definition.class_bytes.digest = "8f52587cb9c2c20434550685a3dea29dcc56f5daddd064010e51271187664085"
declaration.item.definition.class_bytes.length = 1018
declaration.item.definition.location.kind = "standalone_root"
declaration.item.definition.location.snapshot = "8f52587cb9c2c20434550685a3dea29dcc56f5daddd064010e51271187664085"
declaration.item.definition.variant.kind = "base"
declaration.item.member_table = null
declaration.name = "ExceptionRegionsAudit"
diagnostics = []
direct_override_proofs = []
enum_switch_proofs = []
execution.status = "complete"
execution.usage.analysis_steps = 1249
execution.usage.archive_entries = 0
execution.usage.attribute_bytes = 1615
execution.usage.class_bytes = 4072
execution.usage.class_headers = 3
execution.usage.code_bytes = 173
execution.usage.dependency_depth = 0
execution.usage.elapsed_millis = 41
execution.usage.entry_bytes = 0
execution.usage.input_bytes = 1018
execution.usage.ir_edges = 234
execution.usage.ir_items = 2556
execution.usage.method_bodies = 4
execution.usage.nested_depth = 0
execution.usage.normalization_clones = 0
execution.usage.output_bytes = 4548
execution.usage.read_bytes = 3054
execution.usage.result_items = 15
fields.0.annotations.attributes = []
fields.0.annotations.refusals = []
fields.0.annotations.uses = []
fields.0.declaration = "private static int effects"
fields.0.item.access_flags = 10
fields.0.item.descriptor.escaped = "I"
fields.0.item.descriptor.raw = [73]
fields.0.item.descriptor.utf16 = [73]
fields.0.item.identity.member.descriptor = [73]
fields.0.item.identity.member.kind = "field"
fields.0.item.identity.member.name = [101,102,102,101,99,116,115]
fields.0.item.identity.owner.class_bytes.digest = "8f52587cb9c2c20434550685a3dea29dcc56f5daddd064010e51271187664085"
fields.0.item.identity.owner.class_bytes.length = 1018
fields.0.item.identity.owner.location.kind = "standalone_root"
fields.0.item.identity.owner.location.snapshot = "8f52587cb9c2c20434550685a3dea29dcc56f5daddd064010e51271187664085"
fields.0.item.identity.owner.variant.kind = "base"
fields.0.item.index = 0
fields.0.item.name.escaped = "effects"
fields.0.item.name.raw = [101,102,102,101,99,116,115]
fields.0.item.name.utf16 = [101,102,102,101,99,116,115]
fields.0.markers = []
fields.0.type_annotations.attributes = []
fields.0.type_annotations.field_uses = []
fields.0.type_annotations.parameter_uses = []
fields.0.type_annotations.refusals = []
fields.0.type_annotations.return_uses = []
initializer_proof.kind = "not_applicable"
integer_constant_projections = []
limits.analysis_steps = 4194304
limits.archive_entries = 65536
limits.attribute_bytes = 67108864
limits.class_bytes = 67108864
limits.class_headers = 4096
limits.code_bytes = 16777216
limits.dependency_depth = 8
limits.elapsed_millis = 30000
limits.entry_bytes = 67108864
limits.input_bytes = 67108864
limits.ir_edges = 4194304
limits.ir_items = 4194304
limits.method_bodies = 4096
limits.nested_depth = 4
limits.normalization_clones = 1048576
limits.output_bytes = 16777216
limits.read_bytes = 67108864
limits.result_items = 65536
member_family.state = "absent"
methods.0.annotations.attributes = []
methods.0.annotations.refusals = []
methods.0.annotations.uses = []
methods.0.declaration = "public ExceptionRegionsAudit()"
methods.0.item.access_flags = 1
methods.0.item.body.content_span.length = 17
methods.0.item.body.content_span.start = 675
methods.0.item.body.kind = "code_attribute"
methods.0.item.descriptor.escaped = "()V"
methods.0.item.descriptor.raw = [40,41,86]
methods.0.item.descriptor.utf16 = [40,41,86]
methods.0.item.identity.descriptor = [40,41,86]
methods.0.item.identity.name = [60,105,110,105,116,62]
methods.0.item.identity.owner.class_bytes.digest = "8f52587cb9c2c20434550685a3dea29dcc56f5daddd064010e51271187664085"
methods.0.item.identity.owner.class_bytes.length = 1018
methods.0.item.identity.owner.location.kind = "standalone_root"
methods.0.item.identity.owner.location.snapshot = "8f52587cb9c2c20434550685a3dea29dcc56f5daddd064010e51271187664085"
methods.0.item.identity.owner.variant.kind = "base"
methods.0.item.index = 0
methods.0.item.name.escaped = "<init>"
methods.0.item.name.raw = [60,105,110,105,116,62]
methods.0.item.name.utf16 = [60,105,110,105,116,62]
methods.0.markers = []
methods.0.no_body_kind = null
methods.0.outcome.analysis.diagnostics = 0
methods.0.outcome.analysis.execution.status = "complete"
methods.0.outcome.analysis.execution.usage.analysis_steps = 21
methods.0.outcome.analysis.execution.usage.archive_entries = 0
methods.0.outcome.analysis.execution.usage.attribute_bytes = 669
methods.0.outcome.analysis.execution.usage.class_bytes = 2036
methods.0.outcome.analysis.execution.usage.class_headers = 1
methods.0.outcome.analysis.execution.usage.code_bytes = 5
methods.0.outcome.analysis.execution.usage.dependency_depth = 0
methods.0.outcome.analysis.execution.usage.elapsed_millis = 22
methods.0.outcome.analysis.execution.usage.entry_bytes = 0
methods.0.outcome.analysis.execution.usage.input_bytes = 1018
methods.0.outcome.analysis.execution.usage.ir_edges = 2
methods.0.outcome.analysis.execution.usage.ir_items = 48
methods.0.outcome.analysis.execution.usage.method_bodies = 1
methods.0.outcome.analysis.execution.usage.nested_depth = 0
methods.0.outcome.analysis.execution.usage.normalization_clones = 0
methods.0.outcome.analysis.execution.usage.output_bytes = 1018
methods.0.outcome.analysis.execution.usage.read_bytes = 1018
methods.0.outcome.analysis.execution.usage.result_items = 11
methods.0.outcome.kind = "recovered"
methods.0.outcome.report.accessors = []
methods.0.outcome.report.aliased_names = []
methods.0.outcome.report.artifact.agreement.state = "not_stated"
methods.0.outcome.report.artifact.binding.engine = "0.1.0"
methods.0.outcome.report.artifact.binding.environment.content = ["8f52587cb9c2c20434550685a3dea29dcc56f5daddd064010e51271187664085"]
methods.0.outcome.report.artifact.binding.environment.domain_loaders = ["app"]
methods.0.outcome.report.artifact.binding.environment.providers = []
methods.0.outcome.report.artifact.binding.environment.runtime.load_domain.delegation.kind = "parent_first"
methods.0.outcome.report.artifact.binding.environment.runtime.load_domain.external_override = "none"
methods.0.outcome.report.artifact.binding.environment.runtime.load_domain.loader = "app"
methods.0.outcome.report.artifact.binding.environment.runtime.load_domain.module_mode.kind = "class_path"
methods.0.outcome.report.artifact.binding.environment.runtime.load_domain.parent_loader = null
methods.0.outcome.report.artifact.binding.environment.runtime.load_domain.roots.0.kind = "standalone_class"
methods.0.outcome.report.artifact.binding.environment.runtime.load_domain.roots.0.snapshot = "8f52587cb9c2c20434550685a3dea29dcc56f5daddd064010e51271187664085"
methods.0.outcome.report.artifact.binding.environment.runtime.load_domain.runtime_transformation = "none"
methods.0.outcome.report.artifact.binding.environment.runtime.physical.scope.kind = "snapshot_all"
methods.0.outcome.report.artifact.binding.environment.runtime.physical.snapshot = "8f52587cb9c2c20434550685a3dea29dcc56f5daddd064010e51271187664085"
methods.0.outcome.report.artifact.binding.environment.runtime.profile.java_release = 8
methods.0.outcome.report.artifact.binding.environment.runtime.profile.layout.kind = "generic"
methods.0.outcome.report.artifact.binding.environment.runtime.profile.multi_release.kind = "disabled"
methods.0.outcome.report.artifact.binding.member_ordinal = 0
methods.0.outcome.report.artifact.binding.method.descriptor = [40,41,86]
methods.0.outcome.report.artifact.binding.method.name = [60,105,110,105,116,62]
methods.0.outcome.report.artifact.binding.method.owner.class_bytes.digest = "8f52587cb9c2c20434550685a3dea29dcc56f5daddd064010e51271187664085"
methods.0.outcome.report.artifact.binding.method.owner.class_bytes.length = 1018
methods.0.outcome.report.artifact.binding.method.owner.location.kind = "standalone_root"
methods.0.outcome.report.artifact.binding.method.owner.location.snapshot = "8f52587cb9c2c20434550685a3dea29dcc56f5daddd064010e51271187664085"
methods.0.outcome.report.artifact.binding.method.owner.variant.kind = "base"
methods.0.outcome.report.artifact.binding.profile.java_release = 8
methods.0.outcome.report.artifact.binding.profile.layout.kind = "generic"
methods.0.outcome.report.artifact.binding.profile.multi_release.kind = "disabled"
methods.0.outcome.report.artifact.binding.registry = 71
methods.0.outcome.report.artifact.binding.rules = ["straight@1","if@1","loop@1","switch@1","lambda@1","concat@1","bridge@1","accessor@1","new@1","field@1","enumswitch@1","init@1","declaration@1","twr@1","monitor@1","finally@1"]
methods.0.outcome.report.artifact.binding.schema = 1
methods.0.outcome.report.artifact.binding.text_bytes = 195
methods.0.outcome.report.artifact.binding.text_digest = "1874c1b343e17162858696a32f1f9081"
methods.0.outcome.report.bridges = []
methods.0.outcome.report.compile_status = "not_attempted"
methods.0.outcome.report.concats = []
methods.0.outcome.report.content = "contains_statements"
methods.0.outcome.report.declaration = null
methods.0.outcome.report.diagnostics.0.code = "jre_recovery_produced"
methods.0.outcome.report.diagnostics.0.message = "1 region(s), 2 statement(s), 2 segment(s), 195 byte(s) written from 1 canonical block(s)"
methods.0.outcome.report.diagnostics.0.provenance = null
methods.0.outcome.report.diagnostics.0.severity = "info"
methods.0.outcome.report.diagnostics.1.code = "jre_constructor_prologue"
methods.0.outcome.report.diagnostics.1.message = "the body is an instance initializer and its prologue is written under init@1 as `super`: the call at BCI 1 names `java/lang/Object`, and the class that declares this constructor is `ExceptionRegionsAudit`"
methods.0.outcome.report.diagnostics.1.provenance = null
methods.0.outcome.report.diagnostics.1.severity = "info"
methods.0.outcome.report.diagnostics.2.code = "jre_declaration"
methods.0.outcome.report.diagnostics.2.message = "the artifact's envelope states the member's declaration under declaration@1: a constructor"
methods.0.outcome.report.diagnostics.2.provenance = null
methods.0.outcome.report.diagnostics.2.severity = "info"
methods.0.outcome.report.enum_switches = []
methods.0.outcome.report.evidence.categories.0.kind = "source_map"
methods.0.outcome.report.evidence.categories.0.state.state = "complete"
methods.0.outcome.report.evidence.categories.1.kind = "region_details"
methods.0.outcome.report.evidence.categories.1.state.state = "not_requested"
methods.0.outcome.report.evidence.categories.2.kind = "rule_details"
methods.0.outcome.report.evidence.categories.2.state.state = "not_requested"
methods.0.outcome.report.evidence.categories.3.kind = "name_details"
methods.0.outcome.report.evidence.categories.3.state.state = "not_requested"
methods.0.outcome.report.evidence.categories.4.kind = "read_details"
methods.0.outcome.report.evidence.categories.4.state.state = "not_requested"
methods.0.outcome.report.evidence.requested.driver_bci_range = null
methods.0.outcome.report.evidence.requested.expected_artifact = null
methods.0.outcome.report.evidence.requested.kinds = ["source_map"]
methods.0.outcome.report.execution.status = "complete"
methods.0.outcome.report.execution.usage.analysis_steps = 39
methods.0.outcome.report.execution.usage.archive_entries = 0
methods.0.outcome.report.execution.usage.attribute_bytes = 669
methods.0.outcome.report.execution.usage.class_bytes = 2036
methods.0.outcome.report.execution.usage.class_headers = 1
methods.0.outcome.report.execution.usage.code_bytes = 5
methods.0.outcome.report.execution.usage.dependency_depth = 0
methods.0.outcome.report.execution.usage.elapsed_millis = 32
methods.0.outcome.report.execution.usage.entry_bytes = 0
methods.0.outcome.report.execution.usage.input_bytes = 1018
methods.0.outcome.report.execution.usage.ir_edges = 2
methods.0.outcome.report.execution.usage.ir_items = 65
methods.0.outcome.report.execution.usage.method_bodies = 1
methods.0.outcome.report.execution.usage.nested_depth = 0
methods.0.outcome.report.execution.usage.normalization_clones = 0
methods.0.outcome.report.execution.usage.output_bytes = 1213
methods.0.outcome.report.execution.usage.read_bytes = 1018
methods.0.outcome.report.execution.usage.result_items = 11
methods.0.outcome.report.fallbacks = []
methods.0.outcome.report.fields = []
methods.0.outcome.report.init = null
methods.0.outcome.report.lambdas = []
methods.0.outcome.report.method = "<init>()V"
methods.0.outcome.report.news = []
methods.0.outcome.report.outcome = "produced"
methods.0.outcome.report.profile.java_release = 8
methods.0.outcome.report.profile.layout.kind = "generic"
methods.0.outcome.report.profile.multi_release.kind = "disabled"
methods.0.outcome.report.quality = "structured"
methods.0.outcome.report.regions = []
methods.0.outcome.report.representation = "java"
methods.0.outcome.report.rules = []
methods.0.outcome.report.semantic_validation = "unproven"
methods.0.outcome.report.source_map.segments.0.end = 181
methods.0.outcome.report.source_map.segments.0.origin.derived.0.bci = 0
methods.0.outcome.report.source_map.segments.0.origin.derived.0.cp = null
methods.0.outcome.report.source_map.segments.0.origin.derived.0.method.descriptor = [40,41,86]
methods.0.outcome.report.source_map.segments.0.origin.derived.0.method.name = [60,105,110,105,116,62]
methods.0.outcome.report.source_map.segments.0.origin.derived.0.method.owner.class_bytes.digest = "8f52587cb9c2c20434550685a3dea29dcc56f5daddd064010e51271187664085"
methods.0.outcome.report.source_map.segments.0.origin.derived.0.method.owner.class_bytes.length = 1018
methods.0.outcome.report.source_map.segments.0.origin.derived.0.method.owner.location.kind = "standalone_root"
methods.0.outcome.report.source_map.segments.0.origin.derived.0.method.owner.location.snapshot = "8f52587cb9c2c20434550685a3dea29dcc56f5daddd064010e51271187664085"
methods.0.outcome.report.source_map.segments.0.origin.derived.0.method.owner.variant.kind = "base"
methods.0.outcome.report.source_map.segments.0.origin.derived.0.provenance = "Derived"
methods.0.outcome.report.source_map.segments.0.origin.primary.bci = 1
methods.0.outcome.report.source_map.segments.0.origin.primary.cp = null
methods.0.outcome.report.source_map.segments.0.origin.primary.method.descriptor = [40,41,86]
methods.0.outcome.report.source_map.segments.0.origin.primary.method.name = [60,105,110,105,116,62]
methods.0.outcome.report.source_map.segments.0.origin.primary.method.owner.class_bytes.digest = "8f52587cb9c2c20434550685a3dea29dcc56f5daddd064010e51271187664085"
methods.0.outcome.report.source_map.segments.0.origin.primary.method.owner.class_bytes.length = 1018
methods.0.outcome.report.source_map.segments.0.origin.primary.method.owner.location.kind = "standalone_root"
methods.0.outcome.report.source_map.segments.0.origin.primary.method.owner.location.snapshot = "8f52587cb9c2c20434550685a3dea29dcc56f5daddd064010e51271187664085"
methods.0.outcome.report.source_map.segments.0.origin.primary.method.owner.variant.kind = "base"
methods.0.outcome.report.source_map.segments.0.origin.primary.provenance = "Direct"
methods.0.outcome.report.source_map.segments.0.start = 168
methods.0.outcome.report.source_map.segments.1.end = 193
methods.0.outcome.report.source_map.segments.1.origin.derived = []
methods.0.outcome.report.source_map.segments.1.origin.primary.bci = 4
methods.0.outcome.report.source_map.segments.1.origin.primary.cp = null
methods.0.outcome.report.source_map.segments.1.origin.primary.method.descriptor = [40,41,86]
methods.0.outcome.report.source_map.segments.1.origin.primary.method.name = [60,105,110,105,116,62]
methods.0.outcome.report.source_map.segments.1.origin.primary.method.owner.class_bytes.digest = "8f52587cb9c2c20434550685a3dea29dcc56f5daddd064010e51271187664085"
methods.0.outcome.report.source_map.segments.1.origin.primary.method.owner.class_bytes.length = 1018
methods.0.outcome.report.source_map.segments.1.origin.primary.method.owner.location.kind = "standalone_root"
methods.0.outcome.report.source_map.segments.1.origin.primary.method.owner.location.snapshot = "8f52587cb9c2c20434550685a3dea29dcc56f5daddd064010e51271187664085"
methods.0.outcome.report.source_map.segments.1.origin.primary.method.owner.variant.kind = "base"
methods.0.outcome.report.source_map.segments.1.origin.primary.provenance = "Direct"
methods.0.outcome.report.source_map.segments.1.start = 181
methods.0.outcome.report.syntax_status = "unchecked"
methods.0.outcome.report.text = "// @method <init>()V\n// @declaration a constructor of `ExceptionRegionsAudit`, member flags 0x0001\n// recovered from bytecode; presentation is not claimed to compile\n{\n    super();\n    return;\n}\n"
methods.0.outcome.report.verification = "not_performed"
methods.0.parameter_annotations.attributes = []
methods.0.parameter_annotations.refusals = []
methods.0.parameter_annotations.uses_by_position = []
methods.0.text = "    public ExceptionRegionsAudit() {\n        // @method <init>()V\n        // @declaration a constructor of `ExceptionRegionsAudit`, member flags 0x0001\n        // recovered from bytecode; presentation is not claimed to compile\n        super();\n        return;\n    }\n"
methods.0.type_annotations.attributes = []
methods.0.type_annotations.field_uses = []
methods.0.type_annotations.parameter_uses = []
methods.0.type_annotations.refusals = []
methods.0.type_annotations.return_uses = []
methods.1.annotations.attributes = []
methods.1.annotations.refusals = []
methods.1.annotations.uses = []
methods.1.declaration = "private static int work(int arg0)"
methods.1.item.access_flags = 10
methods.1.item.body.content_span.length = 63
methods.1.item.body.content_span.start = 706
methods.1.item.body.kind = "code_attribute"
methods.1.item.descriptor.escaped = "(I)I"
methods.1.item.descriptor.raw = [40,73,41,73]
methods.1.item.descriptor.utf16 = [40,73,41,73]
methods.1.item.identity.descriptor = [40,73,41,73]
methods.1.item.identity.name = [119,111,114,107]
methods.1.item.identity.owner.class_bytes.digest = "8f52587cb9c2c20434550685a3dea29dcc56f5daddd064010e51271187664085"
methods.1.item.identity.owner.class_bytes.length = 1018
methods.1.item.identity.owner.location.kind = "standalone_root"
methods.1.item.identity.owner.location.snapshot = "8f52587cb9c2c20434550685a3dea29dcc56f5daddd064010e51271187664085"
methods.1.item.identity.owner.variant.kind = "base"
methods.1.item.index = 1
methods.1.item.name.escaped = "work"
methods.1.item.name.raw = [119,111,114,107]
methods.1.item.name.utf16 = [119,111,114,107]
methods.1.markers = []
methods.1.no_body_kind = null
methods.1.outcome.analysis.diagnostics = 0
methods.1.outcome.analysis.execution.status = "complete"
methods.1.outcome.analysis.execution.usage.analysis_steps = 193
methods.1.outcome.analysis.execution.usage.archive_entries = 0
methods.1.outcome.analysis.execution.usage.attribute_bytes = 738
methods.1.outcome.analysis.execution.usage.class_bytes = 2036
methods.1.outcome.analysis.execution.usage.class_headers = 1
methods.1.outcome.analysis.execution.usage.code_bytes = 46
methods.1.outcome.analysis.execution.usage.dependency_depth = 0
methods.1.outcome.analysis.execution.usage.elapsed_millis = 33
methods.1.outcome.analysis.execution.usage.entry_bytes = 0
methods.1.outcome.analysis.execution.usage.input_bytes = 1018
methods.1.outcome.analysis.execution.usage.ir_edges = 34
methods.1.outcome.analysis.execution.usage.ir_items = 418
methods.1.outcome.analysis.execution.usage.method_bodies = 2
methods.1.outcome.analysis.execution.usage.nested_depth = 0
methods.1.outcome.analysis.execution.usage.normalization_clones = 0
methods.1.outcome.analysis.execution.usage.output_bytes = 1213
methods.1.outcome.analysis.execution.usage.read_bytes = 1018
methods.1.outcome.analysis.execution.usage.result_items = 12
methods.1.outcome.kind = "recovered"
methods.1.outcome.report.accessors = []
methods.1.outcome.report.aliased_names = []
methods.1.outcome.report.artifact.agreement.state = "not_stated"
methods.1.outcome.report.artifact.binding.engine = "0.1.0"
methods.1.outcome.report.artifact.binding.environment.content = ["8f52587cb9c2c20434550685a3dea29dcc56f5daddd064010e51271187664085"]
methods.1.outcome.report.artifact.binding.environment.domain_loaders = ["app"]
methods.1.outcome.report.artifact.binding.environment.providers = []
methods.1.outcome.report.artifact.binding.environment.runtime.load_domain.delegation.kind = "parent_first"
methods.1.outcome.report.artifact.binding.environment.runtime.load_domain.external_override = "none"
methods.1.outcome.report.artifact.binding.environment.runtime.load_domain.loader = "app"
methods.1.outcome.report.artifact.binding.environment.runtime.load_domain.module_mode.kind = "class_path"
methods.1.outcome.report.artifact.binding.environment.runtime.load_domain.parent_loader = null
methods.1.outcome.report.artifact.binding.environment.runtime.load_domain.roots.0.kind = "standalone_class"
methods.1.outcome.report.artifact.binding.environment.runtime.load_domain.roots.0.snapshot = "8f52587cb9c2c20434550685a3dea29dcc56f5daddd064010e51271187664085"
methods.1.outcome.report.artifact.binding.environment.runtime.load_domain.runtime_transformation = "none"
methods.1.outcome.report.artifact.binding.environment.runtime.physical.scope.kind = "snapshot_all"
methods.1.outcome.report.artifact.binding.environment.runtime.physical.snapshot = "8f52587cb9c2c20434550685a3dea29dcc56f5daddd064010e51271187664085"
methods.1.outcome.report.artifact.binding.environment.runtime.profile.java_release = 8
methods.1.outcome.report.artifact.binding.environment.runtime.profile.layout.kind = "generic"
methods.1.outcome.report.artifact.binding.environment.runtime.profile.multi_release.kind = "disabled"
methods.1.outcome.report.artifact.binding.member_ordinal = 1
methods.1.outcome.report.artifact.binding.method.descriptor = [40,73,41,73]
methods.1.outcome.report.artifact.binding.method.name = [119,111,114,107]
methods.1.outcome.report.artifact.binding.method.owner.class_bytes.digest = "8f52587cb9c2c20434550685a3dea29dcc56f5daddd064010e51271187664085"
methods.1.outcome.report.artifact.binding.method.owner.class_bytes.length = 1018
methods.1.outcome.report.artifact.binding.method.owner.location.kind = "standalone_root"
methods.1.outcome.report.artifact.binding.method.owner.location.snapshot = "8f52587cb9c2c20434550685a3dea29dcc56f5daddd064010e51271187664085"
methods.1.outcome.report.artifact.binding.method.owner.variant.kind = "base"
methods.1.outcome.report.artifact.binding.profile.java_release = 8
methods.1.outcome.report.artifact.binding.profile.layout.kind = "generic"
methods.1.outcome.report.artifact.binding.profile.multi_release.kind = "disabled"
methods.1.outcome.report.artifact.binding.registry = 71
methods.1.outcome.report.artifact.binding.rules = ["straight@1","if@1","loop@1","switch@1","lambda@1","concat@1","bridge@1","accessor@1","new@1","field@1","enumswitch@1","init@1","declaration@1","twr@1","monitor@1","finally@1"]
methods.1.outcome.report.artifact.binding.schema = 1
methods.1.outcome.report.artifact.binding.text_bytes = 444
methods.1.outcome.report.artifact.binding.text_digest = "d04b251f540010cdd4aaefc66b80fb64"
methods.1.outcome.report.bridges = []
methods.1.outcome.report.compile_status = "not_attempted"
methods.1.outcome.report.concats = []
methods.1.outcome.report.content = "contains_statements"
methods.1.outcome.report.declaration = null
methods.1.outcome.report.diagnostics.0.code = "jre_recovery_produced"
methods.1.outcome.report.diagnostics.0.message = "1 region(s), 6 statement(s), 24 segment(s), 444 byte(s) written from 5 canonical block(s)"
methods.1.outcome.report.diagnostics.0.provenance = null
methods.1.outcome.report.diagnostics.0.severity = "info"
methods.1.outcome.report.diagnostics.1.code = "jre_new_sites"
methods.1.outcome.report.diagnostics.1.message = "2 construction candidate(s) read under new@1: 2 presented as `new`, 0 refused"
methods.1.outcome.report.diagnostics.1.provenance = null
methods.1.outcome.report.diagnostics.1.severity = "info"
methods.1.outcome.report.diagnostics.2.code = "jre_field_accesses"
methods.1.outcome.report.diagnostics.2.message = "2 field instruction(s) read under field@1: 2 presented, 0 refused"
methods.1.outcome.report.diagnostics.2.provenance = null
methods.1.outcome.report.diagnostics.2.severity = "info"
methods.1.outcome.report.diagnostics.3.code = "jre_declaration"
methods.1.outcome.report.diagnostics.3.message = "the artifact's envelope states the member's declaration under declaration@1: a static method"
methods.1.outcome.report.diagnostics.3.provenance = null
methods.1.outcome.report.diagnostics.3.severity = "info"
methods.1.outcome.report.enum_switches = []
methods.1.outcome.report.evidence.categories.0.kind = "source_map"
methods.1.outcome.report.evidence.categories.0.state.state = "complete"
methods.1.outcome.report.evidence.categories.1.kind = "region_details"
methods.1.outcome.report.evidence.categories.1.state.state = "not_requested"
methods.1.outcome.report.evidence.categories.2.kind = "rule_details"
methods.1.outcome.report.evidence.categories.2.state.state = "not_requested"
methods.1.outcome.report.evidence.categories.3.kind = "name_details"
methods.1.outcome.report.evidence.categories.3.state.state = "not_requested"
methods.1.outcome.report.evidence.categories.4.kind = "read_details"
methods.1.outcome.report.evidence.categories.4.state.state = "not_requested"
methods.1.outcome.report.evidence.requested.driver_bci_range = null
methods.1.outcome.report.evidence.requested.expected_artifact = null
methods.1.outcome.report.evidence.requested.kinds = ["source_map"]
methods.1.outcome.report.execution.status = "complete"
methods.1.outcome.report.execution.usage.analysis_steps = 346
methods.1.outcome.report.execution.usage.archive_entries = 0
methods.1.outcome.report.execution.usage.attribute_bytes = 738
methods.1.outcome.report.execution.usage.class_bytes = 2036
methods.1.outcome.report.execution.usage.class_headers = 1
methods.1.outcome.report.execution.usage.code_bytes = 46
methods.1.outcome.report.execution.usage.dependency_depth = 0
methods.1.outcome.report.execution.usage.elapsed_millis = 36
methods.1.outcome.report.execution.usage.entry_bytes = 0
methods.1.outcome.report.execution.usage.input_bytes = 1018
methods.1.outcome.report.execution.usage.ir_edges = 38
methods.1.outcome.report.execution.usage.ir_items = 580
methods.1.outcome.report.execution.usage.method_bodies = 2
methods.1.outcome.report.execution.usage.nested_depth = 0
methods.1.outcome.report.execution.usage.normalization_clones = 0
methods.1.outcome.report.execution.usage.output_bytes = 1657
methods.1.outcome.report.execution.usage.read_bytes = 1018
methods.1.outcome.report.execution.usage.result_items = 12
methods.1.outcome.report.fallbacks = []
methods.1.outcome.report.fields = []
methods.1.outcome.report.init = null
methods.1.outcome.report.lambdas = []
methods.1.outcome.report.method = "work(I)I"
methods.1.outcome.report.news = []
methods.1.outcome.report.outcome = "produced"
methods.1.outcome.report.profile.java_release = 8
methods.1.outcome.report.profile.layout.kind = "generic"
methods.1.outcome.report.profile.multi_release.kind = "disabled"
methods.1.outcome.report.quality = "structured"
methods.1.outcome.report.regions = []
methods.1.outcome.report.representation = "java"
methods.1.outcome.report.rules = []
methods.1.outcome.report.semantic_validation = "unproven"
methods.1.outcome.report.source_map.segments.0.end = 194
methods.1.outcome.report.source_map.segments.0.origin.derived = []
methods.1.outcome.report.source_map.segments.0.origin.primary.bci = 5
methods.1.outcome.report.source_map.segments.0.origin.primary.cp = null
methods.1.outcome.report.source_map.segments.0.origin.primary.method.descriptor = [40,73,41,73]
methods.1.outcome.report.source_map.segments.0.origin.primary.method.name = [119,111,114,107]
methods.1.outcome.report.source_map.segments.0.origin.primary.method.owner.class_bytes.digest = "8f52587cb9c2c20434550685a3dea29dcc56f5daddd064010e51271187664085"
methods.1.outcome.report.source_map.segments.0.origin.primary.method.owner.class_bytes.length = 1018
methods.1.outcome.report.source_map.segments.0.origin.primary.method.owner.location.kind = "standalone_root"
methods.1.outcome.report.source_map.segments.0.origin.primary.method.owner.location.snapshot = "8f52587cb9c2c20434550685a3dea29dcc56f5daddd064010e51271187664085"
methods.1.outcome.report.source_map.segments.0.origin.primary.method.owner.variant.kind = "base"
methods.1.outcome.report.source_map.segments.0.origin.primary.provenance = "Direct"
methods.1.outcome.report.source_map.segments.0.start = 173
methods.1.outcome.report.source_map.segments.1.end = 226
methods.1.outcome.report.source_map.segments.1.origin.derived = []
methods.1.outcome.report.source_map.segments.1.origin.primary.bci = 0
methods.1.outcome.report.source_map.segments.1.origin.primary.cp = null
methods.1.outcome.report.source_map.segments.1.origin.primary.method.descriptor = [40,73,41,73]
methods.1.outcome.report.source_map.segments.1.origin.primary.method.name = [119,111,114,107]
methods.1.outcome.report.source_map.segments.1.origin.primary.method.owner.class_bytes.digest = "8f52587cb9c2c20434550685a3dea29dcc56f5daddd064010e51271187664085"
methods.1.outcome.report.source_map.segments.1.origin.primary.method.owner.class_bytes.length = 1018
methods.1.outcome.report.source_map.segments.1.origin.primary.method.owner.location.kind = "standalone_root"
methods.1.outcome.report.source_map.segments.1.origin.primary.method.owner.location.snapshot = "8f52587cb9c2c20434550685a3dea29dcc56f5daddd064010e51271187664085"
methods.1.outcome.report.source_map.segments.1.origin.primary.method.owner.variant.kind = "base"
methods.1.outcome.report.source_map.segments.1.origin.primary.provenance = "Direct"
methods.1.outcome.report.source_map.segments.1.start = 205
methods.1.outcome.report.source_map.segments.2.end = 234
methods.1.outcome.report.source_map.segments.2.origin.derived = []
methods.1.outcome.report.source_map.segments.2.origin.primary.bci = 0
methods.1.outcome.report.source_map.segments.2.origin.primary.cp = null
methods.1.outcome.report.source_map.segments.2.origin.primary.method.descriptor = [40,73,41,73]
methods.1.outcome.report.source_map.segments.2.origin.primary.method.name = [119,111,114,107]
methods.1.outcome.report.source_map.segments.2.origin.primary.method.owner.class_bytes.digest = "8f52587cb9c2c20434550685a3dea29dcc56f5daddd064010e51271187664085"
methods.1.outcome.report.source_map.segments.2.origin.primary.method.owner.class_bytes.length = 1018
methods.1.outcome.report.source_map.segments.2.origin.primary.method.owner.location.kind = "standalone_root"
methods.1.outcome.report.source_map.segments.2.origin.primary.method.owner.location.snapshot = "8f52587cb9c2c20434550685a3dea29dcc56f5daddd064010e51271187664085"
methods.1.outcome.report.source_map.segments.2.origin.primary.method.owner.variant.kind = "base"
methods.1.outcome.report.source_map.segments.2.origin.primary.provenance = "Direct"
methods.1.outcome.report.source_map.segments.2.start = 205
methods.1.outcome.report.source_map.segments.3.end = 238
methods.1.outcome.report.source_map.segments.3.origin.derived = []
methods.1.outcome.report.source_map.segments.3.origin.primary.bci = 3
methods.1.outcome.report.source_map.segments.3.origin.primary.cp = null
methods.1.outcome.report.source_map.segments.3.origin.primary.method.descriptor = [40,73,41,73]
methods.1.outcome.report.source_map.segments.3.origin.primary.method.name = [119,111,114,107]
methods.1.outcome.report.source_map.segments.3.origin.primary.method.owner.class_bytes.digest = "8f52587cb9c2c20434550685a3dea29dcc56f5daddd064010e51271187664085"
methods.1.outcome.report.source_map.segments.3.origin.primary.method.owner.class_bytes.length = 1018
methods.1.outcome.report.source_map.segments.3.origin.primary.method.owner.location.kind = "standalone_root"
methods.1.outcome.report.source_map.segments.3.origin.primary.method.owner.location.snapshot = "8f52587cb9c2c20434550685a3dea29dcc56f5daddd064010e51271187664085"
methods.1.outcome.report.source_map.segments.3.origin.primary.method.owner.variant.kind = "base"
methods.1.outcome.report.source_map.segments.3.origin.primary.provenance = "Direct"
methods.1.outcome.report.source_map.segments.3.start = 237
methods.1.outcome.report.source_map.segments.4.end = 238
methods.1.outcome.report.source_map.segments.4.origin.derived = []
methods.1.outcome.report.source_map.segments.4.origin.primary.bci = 4
methods.1.outcome.report.source_map.segments.4.origin.primary.cp = null
methods.1.outcome.report.source_map.segments.4.origin.primary.method.descriptor = [40,73,41,73]
methods.1.outcome.report.source_map.segments.4.origin.primary.method.name = [119,111,114,107]
methods.1.outcome.report.source_map.segments.4.origin.primary.method.owner.class_bytes.digest = "8f52587cb9c2c20434550685a3dea29dcc56f5daddd064010e51271187664085"
methods.1.outcome.report.source_map.segments.4.origin.primary.method.owner.class_bytes.length = 1018
methods.1.outcome.report.source_map.segments.4.origin.primary.method.owner.location.kind = "standalone_root"
methods.1.outcome.report.source_map.segments.4.origin.primary.method.owner.location.snapshot = "8f52587cb9c2c20434550685a3dea29dcc56f5daddd064010e51271187664085"
methods.1.outcome.report.source_map.segments.4.origin.primary.method.owner.variant.kind = "base"
methods.1.outcome.report.source_map.segments.4.origin.primary.provenance = "Direct"
methods.1.outcome.report.source_map.segments.4.start = 205
methods.1.outcome.report.source_map.segments.5.end = 240
methods.1.outcome.report.source_map.segments.5.origin.derived = []
methods.1.outcome.report.source_map.segments.5.origin.primary.bci = 5
methods.1.outcome.report.source_map.segments.5.origin.primary.cp = null
methods.1.outcome.report.source_map.segments.5.origin.primary.method.descriptor = [40,73,41,73]
methods.1.outcome.report.source_map.segments.5.origin.primary.method.name = [119,111,114,107]
methods.1.outcome.report.source_map.segments.5.origin.primary.method.owner.class_bytes.digest = "8f52587cb9c2c20434550685a3dea29dcc56f5daddd064010e51271187664085"
methods.1.outcome.report.source_map.segments.5.origin.primary.method.owner.class_bytes.length = 1018
methods.1.outcome.report.source_map.segments.5.origin.primary.method.owner.location.kind = "standalone_root"
methods.1.outcome.report.source_map.segments.5.origin.primary.method.owner.location.snapshot = "8f52587cb9c2c20434550685a3dea29dcc56f5daddd064010e51271187664085"
methods.1.outcome.report.source_map.segments.5.origin.primary.method.owner.variant.kind = "base"
methods.1.outcome.report.source_map.segments.5.origin.primary.provenance = "Direct"
methods.1.outcome.report.source_map.segments.5.start = 169
methods.1.outcome.report.source_map.segments.6.end = 252
methods.1.outcome.report.source_map.segments.6.origin.derived = []
methods.1.outcome.report.source_map.segments.6.origin.primary.bci = 8
methods.1.outcome.report.source_map.segments.6.origin.primary.cp = null
methods.1.outcome.report.source_map.segments.6.origin.primary.method.descriptor = [40,73,41,73]
methods.1.outcome.report.source_map.segments.6.origin.primary.method.name = [119,111,114,107]
methods.1.outcome.report.source_map.segments.6.origin.primary.method.owner.class_bytes.digest = "8f52587cb9c2c20434550685a3dea29dcc56f5daddd064010e51271187664085"
methods.1.outcome.report.source_map.segments.6.origin.primary.method.owner.class_bytes.length = 1018
methods.1.outcome.report.source_map.segments.6.origin.primary.method.owner.location.kind = "standalone_root"
methods.1.outcome.report.source_map.segments.6.origin.primary.method.owner.location.snapshot = "8f52587cb9c2c20434550685a3dea29dcc56f5daddd064010e51271187664085"
methods.1.outcome.report.source_map.segments.6.origin.primary.method.owner.variant.kind = "base"
methods.1.outcome.report.source_map.segments.6.origin.primary.provenance = "Direct"
methods.1.outcome.report.source_map.segments.6.start = 248
methods.1.outcome.report.source_map.segments.7.end = 257
methods.1.outcome.report.source_map.segments.7.origin.derived = []
methods.1.outcome.report.source_map.segments.7.origin.primary.bci = 9
methods.1.outcome.report.source_map.segments.7.origin.primary.cp = null
methods.1.outcome.report.source_map.segments.7.origin.primary.method.descriptor = [40,73,41,73]
methods.1.outcome.report.source_map.segments.7.origin.primary.method.name = [119,111,114,107]
methods.1.outcome.report.source_map.segments.7.origin.primary.method.owner.class_bytes.digest = "8f52587cb9c2c20434550685a3dea29dcc56f5daddd064010e51271187664085"
methods.1.outcome.report.source_map.segments.7.origin.primary.method.owner.class_bytes.length = 1018
methods.1.outcome.report.source_map.segments.7.origin.primary.method.owner.location.kind = "standalone_root"
methods.1.outcome.report.source_map.segments.7.origin.primary.method.owner.location.snapshot = "8f52587cb9c2c20434550685a3dea29dcc56f5daddd064010e51271187664085"
methods.1.outcome.report.source_map.segments.7.origin.primary.method.owner.variant.kind = "base"
methods.1.outcome.report.source_map.segments.7.origin.primary.provenance = "Direct"
methods.1.outcome.report.source_map.segments.7.start = 256
methods.1.outcome.report.source_map.segments.8.end = 257
methods.1.outcome.report.source_map.segments.8.origin.derived.0.bci = 9
methods.1.outcome.report.source_map.segments.8.origin.derived.0.cp = null
methods.1.outcome.report.source_map.segments.8.origin.derived.0.method.descriptor = [40,73,41,73]
methods.1.outcome.report.source_map.segments.8.origin.derived.0.method.name = [119,111,114,107]
methods.1.outcome.report.source_map.segments.8.origin.derived.0.method.owner.class_bytes.digest = "8f52587cb9c2c20434550685a3dea29dcc56f5daddd064010e51271187664085"
methods.1.outcome.report.source_map.segments.8.origin.derived.0.method.owner.class_bytes.length = 1018
methods.1.outcome.report.source_map.segments.8.origin.derived.0.method.owner.location.kind = "standalone_root"
methods.1.outcome.report.source_map.segments.8.origin.derived.0.method.owner.location.snapshot = "8f52587cb9c2c20434550685a3dea29dcc56f5daddd064010e51271187664085"
methods.1.outcome.report.source_map.segments.8.origin.derived.0.method.owner.variant.kind = "base"
methods.1.outcome.report.source_map.segments.8.origin.derived.0.provenance = "Derived"
methods.1.outcome.report.source_map.segments.8.origin.primary.bci = 8
methods.1.outcome.report.source_map.segments.8.origin.primary.cp = null
methods.1.outcome.report.source_map.segments.8.origin.primary.method.descriptor = [40,73,41,73]
methods.1.outcome.report.source_map.segments.8.origin.primary.method.name = [119,111,114,107]
methods.1.outcome.report.source_map.segments.8.origin.primary.method.owner.class_bytes.digest = "8f52587cb9c2c20434550685a3dea29dcc56f5daddd064010e51271187664085"
methods.1.outcome.report.source_map.segments.8.origin.primary.method.owner.class_bytes.length = 1018
methods.1.outcome.report.source_map.segments.8.origin.primary.method.owner.location.kind = "standalone_root"
methods.1.outcome.report.source_map.segments.8.origin.primary.method.owner.location.snapshot = "8f52587cb9c2c20434550685a3dea29dcc56f5daddd064010e51271187664085"
methods.1.outcome.report.source_map.segments.8.origin.primary.method.owner.variant.kind = "base"
methods.1.outcome.report.source_map.segments.8.origin.primary.provenance = "Direct"
methods.1.outcome.report.source_map.segments.8.start = 248
methods.1.outcome.report.source_map.segments.9.end = 317
methods.1.outcome.report.source_map.segments.9.origin.derived = []
methods.1.outcome.report.source_map.segments.9.origin.primary.bci = 16
methods.1.outcome.report.source_map.segments.9.origin.primary.cp = null
methods.1.outcome.report.source_map.segments.9.origin.primary.method.descriptor = [40,73,41,73]
methods.1.outcome.report.source_map.segments.9.origin.primary.method.name = [119,111,114,107]
methods.1.outcome.report.source_map.segments.9.origin.primary.method.owner.class_bytes.digest = "8f52587cb9c2c20434550685a3dea29dcc56f5daddd064010e51271187664085"
methods.1.outcome.report.source_map.segments.9.origin.primary.method.owner.class_bytes.length = 1018
methods.1.outcome.report.source_map.segments.9.origin.primary.method.owner.location.kind = "standalone_root"
methods.1.outcome.report.source_map.segments.9.origin.primary.method.owner.location.snapshot = "8f52587cb9c2c20434550685a3dea29dcc56f5daddd064010e51271187664085"
methods.1.outcome.report.source_map.segments.9.origin.primary.method.owner.variant.kind = "base"
methods.1.outcome.report.source_map.segments.9.origin.primary.provenance = "Direct"
methods.1.outcome.report.source_map.segments.9.start = 311
methods.1.outcome.report.source_map.segments.10.end = 318
methods.1.outcome.report.source_map.segments.10.origin.derived.0.bci = 12
methods.1.outcome.report.source_map.segments.10.origin.derived.0.cp = null
methods.1.outcome.report.source_map.segments.10.origin.derived.0.method.descriptor = [40,73,41,73]
methods.1.outcome.report.source_map.segments.10.origin.derived.0.method.name = [119,111,114,107]
methods.1.outcome.report.source_map.segments.10.origin.derived.0.method.owner.class_bytes.digest = "8f52587cb9c2c20434550685a3dea29dcc56f5daddd064010e51271187664085"
methods.1.outcome.report.source_map.segments.10.origin.derived.0.method.owner.class_bytes.length = 1018
methods.1.outcome.report.source_map.segments.10.origin.derived.0.method.owner.location.kind = "standalone_root"
methods.1.outcome.report.source_map.segments.10.origin.derived.0.method.owner.location.snapshot = "8f52587cb9c2c20434550685a3dea29dcc56f5daddd064010e51271187664085"
methods.1.outcome.report.source_map.segments.10.origin.derived.0.method.owner.variant.kind = "base"
methods.1.outcome.report.source_map.segments.10.origin.derived.0.provenance = "Derived"
methods.1.outcome.report.source_map.segments.10.origin.derived.1.bci = 15
methods.1.outcome.report.source_map.segments.10.origin.derived.1.cp = null
methods.1.outcome.report.source_map.segments.10.origin.derived.1.method.descriptor = [40,73,41,73]
methods.1.outcome.report.source_map.segments.10.origin.derived.1.method.name = [119,111,114,107]
methods.1.outcome.report.source_map.segments.10.origin.derived.1.method.owner.class_bytes.digest = "8f52587cb9c2c20434550685a3dea29dcc56f5daddd064010e51271187664085"
methods.1.outcome.report.source_map.segments.10.origin.derived.1.method.owner.class_bytes.length = 1018
methods.1.outcome.report.source_map.segments.10.origin.derived.1.method.owner.location.kind = "standalone_root"
methods.1.outcome.report.source_map.segments.10.origin.derived.1.method.owner.location.snapshot = "8f52587cb9c2c20434550685a3dea29dcc56f5daddd064010e51271187664085"
methods.1.outcome.report.source_map.segments.10.origin.derived.1.method.owner.variant.kind = "base"
methods.1.outcome.report.source_map.segments.10.origin.derived.1.provenance = "Derived"
methods.1.outcome.report.source_map.segments.10.origin.primary.bci = 18
methods.1.outcome.report.source_map.segments.10.origin.primary.cp = null
methods.1.outcome.report.source_map.segments.10.origin.primary.method.descriptor = [40,73,41,73]
methods.1.outcome.report.source_map.segments.10.origin.primary.method.name = [119,111,114,107]
methods.1.outcome.report.source_map.segments.10.origin.primary.method.owner.class_bytes.digest = "8f52587cb9c2c20434550685a3dea29dcc56f5daddd064010e51271187664085"
methods.1.outcome.report.source_map.segments.10.origin.primary.method.owner.class_bytes.length = 1018
methods.1.outcome.report.source_map.segments.10.origin.primary.method.owner.location.kind = "standalone_root"
methods.1.outcome.report.source_map.segments.10.origin.primary.method.owner.location.snapshot = "8f52587cb9c2c20434550685a3dea29dcc56f5daddd064010e51271187664085"
methods.1.outcome.report.source_map.segments.10.origin.primary.method.owner.variant.kind = "base"
methods.1.outcome.report.source_map.segments.10.origin.primary.provenance = "Direct"
methods.1.outcome.report.source_map.segments.10.start = 275
methods.1.outcome.report.source_map.segments.11.end = 320
methods.1.outcome.report.source_map.segments.11.origin.derived = []
methods.1.outcome.report.source_map.segments.11.origin.primary.bci = 21
methods.1.outcome.report.source_map.segments.11.origin.primary.cp = null
methods.1.outcome.report.source_map.segments.11.origin.primary.method.descriptor = [40,73,41,73]
methods.1.outcome.report.source_map.segments.11.origin.primary.method.name = [119,111,114,107]
methods.1.outcome.report.source_map.segments.11.origin.primary.method.owner.class_bytes.digest = "8f52587cb9c2c20434550685a3dea29dcc56f5daddd064010e51271187664085"
methods.1.outcome.report.source_map.segments.11.origin.primary.method.owner.class_bytes.length = 1018
methods.1.outcome.report.source_map.segments.11.origin.primary.method.owner.location.kind = "standalone_root"
methods.1.outcome.report.source_map.segments.11.origin.primary.method.owner.location.snapshot = "8f52587cb9c2c20434550685a3dea29dcc56f5daddd064010e51271187664085"
methods.1.outcome.report.source_map.segments.11.origin.primary.method.owner.variant.kind = "base"
methods.1.outcome.report.source_map.segments.11.origin.primary.provenance = "Direct"
methods.1.outcome.report.source_map.segments.11.start = 261
methods.1.outcome.report.source_map.segments.12.end = 339
methods.1.outcome.report.source_map.segments.12.origin.derived = []
methods.1.outcome.report.source_map.segments.12.origin.primary.bci = 22
methods.1.outcome.report.source_map.segments.12.origin.primary.cp = null
methods.1.outcome.report.source_map.segments.12.origin.primary.method.descriptor = [40,73,41,73]
methods.1.outcome.report.source_map.segments.12.origin.primary.method.name = [119,111,114,107]
methods.1.outcome.report.source_map.segments.12.origin.primary.method.owner.class_bytes.digest = "8f52587cb9c2c20434550685a3dea29dcc56f5daddd064010e51271187664085"
methods.1.outcome.report.source_map.segments.12.origin.primary.method.owner.class_bytes.length = 1018
methods.1.outcome.report.source_map.segments.12.origin.primary.method.owner.location.kind = "standalone_root"
methods.1.outcome.report.source_map.segments.12.origin.primary.method.owner.location.snapshot = "8f52587cb9c2c20434550685a3dea29dcc56f5daddd064010e51271187664085"
methods.1.outcome.report.source_map.segments.12.origin.primary.method.owner.variant.kind = "base"
methods.1.outcome.report.source_map.segments.12.origin.primary.provenance = "Direct"
methods.1.outcome.report.source_map.segments.12.start = 335
methods.1.outcome.report.source_map.segments.13.end = 344
methods.1.outcome.report.source_map.segments.13.origin.derived = []
methods.1.outcome.report.source_map.segments.13.origin.primary.bci = 23
methods.1.outcome.report.source_map.segments.13.origin.primary.cp = null
methods.1.outcome.report.source_map.segments.13.origin.primary.method.descriptor = [40,73,41,73]
methods.1.outcome.report.source_map.segments.13.origin.primary.method.name = [119,111,114,107]
methods.1.outcome.report.source_map.segments.13.origin.primary.method.owner.class_bytes.digest = "8f52587cb9c2c20434550685a3dea29dcc56f5daddd064010e51271187664085"
methods.1.outcome.report.source_map.segments.13.origin.primary.method.owner.class_bytes.length = 1018
methods.1.outcome.report.source_map.segments.13.origin.primary.method.owner.location.kind = "standalone_root"
methods.1.outcome.report.source_map.segments.13.origin.primary.method.owner.location.snapshot = "8f52587cb9c2c20434550685a3dea29dcc56f5daddd064010e51271187664085"
methods.1.outcome.report.source_map.segments.13.origin.primary.method.owner.variant.kind = "base"
methods.1.outcome.report.source_map.segments.13.origin.primary.provenance = "Direct"
methods.1.outcome.report.source_map.segments.13.start = 343
methods.1.outcome.report.source_map.segments.14.end = 344
methods.1.outcome.report.source_map.segments.14.origin.derived.0.bci = 24
methods.1.outcome.report.source_map.segments.14.origin.derived.0.cp = null
methods.1.outcome.report.source_map.segments.14.origin.derived.0.method.descriptor = [40,73,41,73]
methods.1.outcome.report.source_map.segments.14.origin.derived.0.method.name = [119,111,114,107]
methods.1.outcome.report.source_map.segments.14.origin.derived.0.method.owner.class_bytes.digest = "8f52587cb9c2c20434550685a3dea29dcc56f5daddd064010e51271187664085"
methods.1.outcome.report.source_map.segments.14.origin.derived.0.method.owner.class_bytes.length = 1018
methods.1.outcome.report.source_map.segments.14.origin.derived.0.method.owner.location.kind = "standalone_root"
methods.1.outcome.report.source_map.segments.14.origin.derived.0.method.owner.location.snapshot = "8f52587cb9c2c20434550685a3dea29dcc56f5daddd064010e51271187664085"
methods.1.outcome.report.source_map.segments.14.origin.derived.0.method.owner.variant.kind = "base"
methods.1.outcome.report.source_map.segments.14.origin.derived.0.provenance = "Derived"
methods.1.outcome.report.source_map.segments.14.origin.primary.bci = 22
methods.1.outcome.report.source_map.segments.14.origin.primary.cp = null
methods.1.outcome.report.source_map.segments.14.origin.primary.method.descriptor = [40,73,41,73]
methods.1.outcome.report.source_map.segments.14.origin.primary.method.name = [119,111,114,107]
methods.1.outcome.report.source_map.segments.14.origin.primary.method.owner.class_bytes.digest = "8f52587cb9c2c20434550685a3dea29dcc56f5daddd064010e51271187664085"
methods.1.outcome.report.source_map.segments.14.origin.primary.method.owner.class_bytes.length = 1018
methods.1.outcome.report.source_map.segments.14.origin.primary.method.owner.location.kind = "standalone_root"
methods.1.outcome.report.source_map.segments.14.origin.primary.method.owner.location.snapshot = "8f52587cb9c2c20434550685a3dea29dcc56f5daddd064010e51271187664085"
methods.1.outcome.report.source_map.segments.14.origin.primary.method.owner.variant.kind = "base"
methods.1.outcome.report.source_map.segments.14.origin.primary.provenance = "Direct"
methods.1.outcome.report.source_map.segments.14.start = 335
methods.1.outcome.report.source_map.segments.15.end = 403
methods.1.outcome.report.source_map.segments.15.origin.derived = []
methods.1.outcome.report.source_map.segments.15.origin.primary.bci = 31
methods.1.outcome.report.source_map.segments.15.origin.primary.cp = null
methods.1.outcome.report.source_map.segments.15.origin.primary.method.descriptor = [40,73,41,73]
methods.1.outcome.report.source_map.segments.15.origin.primary.method.name = [119,111,114,107]
methods.1.outcome.report.source_map.segments.15.origin.primary.method.owner.class_bytes.digest = "8f52587cb9c2c20434550685a3dea29dcc56f5daddd064010e51271187664085"
methods.1.outcome.report.source_map.segments.15.origin.primary.method.owner.class_bytes.length = 1018
methods.1.outcome.report.source_map.segments.15.origin.primary.method.owner.location.kind = "standalone_root"
methods.1.outcome.report.source_map.segments.15.origin.primary.method.owner.location.snapshot = "8f52587cb9c2c20434550685a3dea29dcc56f5daddd064010e51271187664085"
methods.1.outcome.report.source_map.segments.15.origin.primary.method.owner.variant.kind = "base"
methods.1.outcome.report.source_map.segments.15.origin.primary.provenance = "Direct"
methods.1.outcome.report.source_map.segments.15.start = 398
methods.1.outcome.report.source_map.segments.16.end = 404
methods.1.outcome.report.source_map.segments.16.origin.derived.0.bci = 27
methods.1.outcome.report.source_map.segments.16.origin.derived.0.cp = null
methods.1.outcome.report.source_map.segments.16.origin.derived.0.method.descriptor = [40,73,41,73]
methods.1.outcome.report.source_map.segments.16.origin.derived.0.method.name = [119,111,114,107]
methods.1.outcome.report.source_map.segments.16.origin.derived.0.method.owner.class_bytes.digest = "8f52587cb9c2c20434550685a3dea29dcc56f5daddd064010e51271187664085"
methods.1.outcome.report.source_map.segments.16.origin.derived.0.method.owner.class_bytes.length = 1018
methods.1.outcome.report.source_map.segments.16.origin.derived.0.method.owner.location.kind = "standalone_root"
methods.1.outcome.report.source_map.segments.16.origin.derived.0.method.owner.location.snapshot = "8f52587cb9c2c20434550685a3dea29dcc56f5daddd064010e51271187664085"
methods.1.outcome.report.source_map.segments.16.origin.derived.0.method.owner.variant.kind = "base"
methods.1.outcome.report.source_map.segments.16.origin.derived.0.provenance = "Derived"
methods.1.outcome.report.source_map.segments.16.origin.derived.1.bci = 30
methods.1.outcome.report.source_map.segments.16.origin.derived.1.cp = null
methods.1.outcome.report.source_map.segments.16.origin.derived.1.method.descriptor = [40,73,41,73]
methods.1.outcome.report.source_map.segments.16.origin.derived.1.method.name = [119,111,114,107]
methods.1.outcome.report.source_map.segments.16.origin.derived.1.method.owner.class_bytes.digest = "8f52587cb9c2c20434550685a3dea29dcc56f5daddd064010e51271187664085"
methods.1.outcome.report.source_map.segments.16.origin.derived.1.method.owner.class_bytes.length = 1018
methods.1.outcome.report.source_map.segments.16.origin.derived.1.method.owner.location.kind = "standalone_root"
methods.1.outcome.report.source_map.segments.16.origin.derived.1.method.owner.location.snapshot = "8f52587cb9c2c20434550685a3dea29dcc56f5daddd064010e51271187664085"
methods.1.outcome.report.source_map.segments.16.origin.derived.1.method.owner.variant.kind = "base"
methods.1.outcome.report.source_map.segments.16.origin.derived.1.provenance = "Derived"
methods.1.outcome.report.source_map.segments.16.origin.primary.bci = 33
methods.1.outcome.report.source_map.segments.16.origin.primary.cp = null
methods.1.outcome.report.source_map.segments.16.origin.primary.method.descriptor = [40,73,41,73]
methods.1.outcome.report.source_map.segments.16.origin.primary.method.name = [119,111,114,107]
methods.1.outcome.report.source_map.segments.16.origin.primary.method.owner.class_bytes.digest = "8f52587cb9c2c20434550685a3dea29dcc56f5daddd064010e51271187664085"
methods.1.outcome.report.source_map.segments.16.origin.primary.method.owner.class_bytes.length = 1018
methods.1.outcome.report.source_map.segments.16.origin.primary.method.owner.location.kind = "standalone_root"
methods.1.outcome.report.source_map.segments.16.origin.primary.method.owner.location.snapshot = "8f52587cb9c2c20434550685a3dea29dcc56f5daddd064010e51271187664085"
methods.1.outcome.report.source_map.segments.16.origin.primary.method.owner.variant.kind = "base"
methods.1.outcome.report.source_map.segments.16.origin.primary.provenance = "Direct"
methods.1.outcome.report.source_map.segments.16.start = 362
methods.1.outcome.report.source_map.segments.17.end = 406
methods.1.outcome.report.source_map.segments.17.origin.derived = []
methods.1.outcome.report.source_map.segments.17.origin.primary.bci = 36
methods.1.outcome.report.source_map.segments.17.origin.primary.cp = null
methods.1.outcome.report.source_map.segments.17.origin.primary.method.descriptor = [40,73,41,73]
methods.1.outcome.report.source_map.segments.17.origin.primary.method.name = [119,111,114,107]
methods.1.outcome.report.source_map.segments.17.origin.primary.method.owner.class_bytes.digest = "8f52587cb9c2c20434550685a3dea29dcc56f5daddd064010e51271187664085"
methods.1.outcome.report.source_map.segments.17.origin.primary.method.owner.class_bytes.length = 1018
methods.1.outcome.report.source_map.segments.17.origin.primary.method.owner.location.kind = "standalone_root"
methods.1.outcome.report.source_map.segments.17.origin.primary.method.owner.location.snapshot = "8f52587cb9c2c20434550685a3dea29dcc56f5daddd064010e51271187664085"
methods.1.outcome.report.source_map.segments.17.origin.primary.method.owner.variant.kind = "base"
methods.1.outcome.report.source_map.segments.17.origin.primary.provenance = "Direct"
methods.1.outcome.report.source_map.segments.17.start = 348
methods.1.outcome.report.source_map.segments.18.end = 434
methods.1.outcome.report.source_map.segments.18.origin.derived = []
methods.1.outcome.report.source_map.segments.18.origin.primary.bci = 37
methods.1.outcome.report.source_map.segments.18.origin.primary.cp = null
methods.1.outcome.report.source_map.segments.18.origin.primary.method.descriptor = [40,73,41,73]
methods.1.outcome.report.source_map.segments.18.origin.primary.method.name = [119,111,114,107]
methods.1.outcome.report.source_map.segments.18.origin.primary.method.owner.class_bytes.digest = "8f52587cb9c2c20434550685a3dea29dcc56f5daddd064010e51271187664085"
methods.1.outcome.report.source_map.segments.18.origin.primary.method.owner.class_bytes.length = 1018
methods.1.outcome.report.source_map.segments.18.origin.primary.method.owner.location.kind = "standalone_root"
methods.1.outcome.report.source_map.segments.18.origin.primary.method.owner.location.snapshot = "8f52587cb9c2c20434550685a3dea29dcc56f5daddd064010e51271187664085"
methods.1.outcome.report.source_map.segments.18.origin.primary.method.owner.variant.kind = "base"
methods.1.outcome.report.source_map.segments.18.origin.primary.provenance = "Direct"
methods.1.outcome.report.source_map.segments.18.start = 430
methods.1.outcome.report.source_map.segments.19.end = 438
methods.1.outcome.report.source_map.segments.19.origin.derived = []
methods.1.outcome.report.source_map.segments.19.origin.primary.bci = 38
methods.1.outcome.report.source_map.segments.19.origin.primary.cp = null
methods.1.outcome.report.source_map.segments.19.origin.primary.method.descriptor = [40,73,41,73]
methods.1.outcome.report.source_map.segments.19.origin.primary.method.name = [119,111,114,107]
methods.1.outcome.report.source_map.segments.19.origin.primary.method.owner.class_bytes.digest = "8f52587cb9c2c20434550685a3dea29dcc56f5daddd064010e51271187664085"
methods.1.outcome.report.source_map.segments.19.origin.primary.method.owner.class_bytes.length = 1018
methods.1.outcome.report.source_map.segments.19.origin.primary.method.owner.location.kind = "standalone_root"
methods.1.outcome.report.source_map.segments.19.origin.primary.method.owner.location.snapshot = "8f52587cb9c2c20434550685a3dea29dcc56f5daddd064010e51271187664085"
methods.1.outcome.report.source_map.segments.19.origin.primary.method.owner.variant.kind = "base"
methods.1.outcome.report.source_map.segments.19.origin.primary.provenance = "Direct"
methods.1.outcome.report.source_map.segments.19.start = 437
methods.1.outcome.report.source_map.segments.20.end = 438
methods.1.outcome.report.source_map.segments.20.origin.derived = []
methods.1.outcome.report.source_map.segments.20.origin.primary.bci = 39
methods.1.outcome.report.source_map.segments.20.origin.primary.cp = null
methods.1.outcome.report.source_map.segments.20.origin.primary.method.descriptor = [40,73,41,73]
methods.1.outcome.report.source_map.segments.20.origin.primary.method.name = [119,111,114,107]
methods.1.outcome.report.source_map.segments.20.origin.primary.method.owner.class_bytes.digest = "8f52587cb9c2c20434550685a3dea29dcc56f5daddd064010e51271187664085"
methods.1.outcome.report.source_map.segments.20.origin.primary.method.owner.class_bytes.length = 1018
methods.1.outcome.report.source_map.segments.20.origin.primary.method.owner.location.kind = "standalone_root"
methods.1.outcome.report.source_map.segments.20.origin.primary.method.owner.location.snapshot = "8f52587cb9c2c20434550685a3dea29dcc56f5daddd064010e51271187664085"
methods.1.outcome.report.source_map.segments.20.origin.primary.method.owner.variant.kind = "base"
methods.1.outcome.report.source_map.segments.20.origin.primary.provenance = "Direct"
methods.1.outcome.report.source_map.segments.20.start = 430
methods.1.outcome.report.source_map.segments.21.end = 440
methods.1.outcome.report.source_map.segments.21.origin.derived = []
methods.1.outcome.report.source_map.segments.21.origin.primary.bci = 40
methods.1.outcome.report.source_map.segments.21.origin.primary.cp = null
methods.1.outcome.report.source_map.segments.21.origin.primary.method.descriptor = [40,73,41,73]
methods.1.outcome.report.source_map.segments.21.origin.primary.method.name = [119,111,114,107]
methods.1.outcome.report.source_map.segments.21.origin.primary.method.owner.class_bytes.digest = "8f52587cb9c2c20434550685a3dea29dcc56f5daddd064010e51271187664085"
methods.1.outcome.report.source_map.segments.21.origin.primary.method.owner.class_bytes.length = 1018
methods.1.outcome.report.source_map.segments.21.origin.primary.method.owner.location.kind = "standalone_root"
methods.1.outcome.report.source_map.segments.21.origin.primary.method.owner.location.snapshot = "8f52587cb9c2c20434550685a3dea29dcc56f5daddd064010e51271187664085"
methods.1.outcome.report.source_map.segments.21.origin.primary.method.owner.variant.kind = "base"
methods.1.outcome.report.source_map.segments.21.origin.primary.provenance = "Direct"
methods.1.outcome.report.source_map.segments.21.start = 415
methods.1.outcome.report.source_map.segments.22.end = 442
methods.1.outcome.report.source_map.segments.22.origin.derived = []
methods.1.outcome.report.source_map.segments.22.origin.primary.bci = 24
methods.1.outcome.report.source_map.segments.22.origin.primary.cp = null
methods.1.outcome.report.source_map.segments.22.origin.primary.method.descriptor = [40,73,41,73]
methods.1.outcome.report.source_map.segments.22.origin.primary.method.name = [119,111,114,107]
methods.1.outcome.report.source_map.segments.22.origin.primary.method.owner.class_bytes.digest = "8f52587cb9c2c20434550685a3dea29dcc56f5daddd064010e51271187664085"
methods.1.outcome.report.source_map.segments.22.origin.primary.method.owner.class_bytes.length = 1018
methods.1.outcome.report.source_map.segments.22.origin.primary.method.owner.location.kind = "standalone_root"
methods.1.outcome.report.source_map.segments.22.origin.primary.method.owner.location.snapshot = "8f52587cb9c2c20434550685a3dea29dcc56f5daddd064010e51271187664085"
methods.1.outcome.report.source_map.segments.22.origin.primary.method.owner.variant.kind = "base"
methods.1.outcome.report.source_map.segments.22.origin.primary.provenance = "Direct"
methods.1.outcome.report.source_map.segments.22.start = 331
methods.1.outcome.report.source_map.segments.23.end = 442
methods.1.outcome.report.source_map.segments.23.origin.derived = []
methods.1.outcome.report.source_map.segments.23.origin.primary.bci = 9
methods.1.outcome.report.source_map.segments.23.origin.primary.cp = null
methods.1.outcome.report.source_map.segments.23.origin.primary.method.descriptor = [40,73,41,73]
methods.1.outcome.report.source_map.segments.23.origin.primary.method.name = [119,111,114,107]
methods.1.outcome.report.source_map.segments.23.origin.primary.method.owner.class_bytes.digest = "8f52587cb9c2c20434550685a3dea29dcc56f5daddd064010e51271187664085"
methods.1.outcome.report.source_map.segments.23.origin.primary.method.owner.class_bytes.length = 1018
methods.1.outcome.report.source_map.segments.23.origin.primary.method.owner.location.kind = "standalone_root"
methods.1.outcome.report.source_map.segments.23.origin.primary.method.owner.location.snapshot = "8f52587cb9c2c20434550685a3dea29dcc56f5daddd064010e51271187664085"
methods.1.outcome.report.source_map.segments.23.origin.primary.method.owner.variant.kind = "base"
methods.1.outcome.report.source_map.segments.23.origin.primary.provenance = "Direct"
methods.1.outcome.report.source_map.segments.23.start = 240
methods.1.outcome.report.syntax_status = "unchecked"
methods.1.outcome.report.text = "// @method work(I)I\n// @declaration a static method of `ExceptionRegionsAudit`, member flags 0x000a\n// recovered from bytecode; presentation is not claimed to compile\n{\n    ExceptionRegionsAudit.effects = ExceptionRegionsAudit.effects + 1;\n    if (arg0 == 0) {\n        throw new java.lang.NumberFormatException(\"zero\");\n    } else if (arg0 == 2) {\n        throw new java.lang.IllegalStateException(\"two\");\n} else {\n        return arg0 * 3;\n}\n}\n"
methods.1.outcome.report.verification = "not_performed"
methods.1.parameter_annotations.attributes = []
methods.1.parameter_annotations.refusals = []
methods.1.parameter_annotations.uses_by_position = [[]]
methods.1.text = "    private static int work(int arg0) {\n        // @method work(I)I\n        // @declaration a static method of `ExceptionRegionsAudit`, member flags 0x000a\n        // recovered from bytecode; presentation is not claimed to compile\n        ExceptionRegionsAudit.effects = ExceptionRegionsAudit.effects + 1;\n        if (arg0 == 0) {\n            throw new java.lang.NumberFormatException(\"zero\");\n        } else if (arg0 == 2) {\n            throw new java.lang.IllegalStateException(\"two\");\n    } else {\n            return arg0 * 3;\n    }\n    }\n"
methods.1.type_annotations.attributes = []
methods.1.type_annotations.field_uses = []
methods.1.type_annotations.parameter_uses = [[]]
methods.1.type_annotations.refusals = []
methods.1.type_annotations.return_uses = []
methods.2.annotations.attributes = []
methods.2.annotations.refusals = []
methods.2.annotations.uses = []
methods.2.declaration = "private static int run()"
methods.2.item.access_flags = 10
methods.2.item.body.content_span.length = 173
methods.2.item.body.content_span.start = 783
methods.2.item.body.kind = "code_attribute"
methods.2.item.descriptor.escaped = "()I"
methods.2.item.descriptor.raw = [40,41,73]
methods.2.item.descriptor.utf16 = [40,41,73]
methods.2.item.identity.descriptor = [40,41,73]
methods.2.item.identity.name = [114,117,110]
methods.2.item.identity.owner.class_bytes.digest = "8f52587cb9c2c20434550685a3dea29dcc56f5daddd064010e51271187664085"
methods.2.item.identity.owner.class_bytes.length = 1018
methods.2.item.identity.owner.location.kind = "standalone_root"
methods.2.item.identity.owner.location.snapshot = "8f52587cb9c2c20434550685a3dea29dcc56f5daddd064010e51271187664085"
methods.2.item.identity.owner.variant.kind = "base"
methods.2.item.index = 2
methods.2.item.name.escaped = "run"
methods.2.item.name.raw = [114,117,110]
methods.2.item.name.utf16 = [114,117,110]
methods.2.markers = ["// jarde: not recovered: the recovery run for `run()I` produced no statement (explanation only); the artifact's own comment lines are below"]
methods.2.no_body_kind = null
methods.2.outcome.analysis.diagnostics = 0
methods.2.outcome.analysis.execution.status = "complete"
methods.2.outcome.analysis.execution.usage.analysis_steps = 769
methods.2.outcome.analysis.execution.usage.archive_entries = 0
methods.2.outcome.analysis.execution.usage.attribute_bytes = 917
methods.2.outcome.analysis.execution.usage.class_bytes = 2036
methods.2.outcome.analysis.execution.usage.class_headers = 1
methods.2.outcome.analysis.execution.usage.code_bytes = 139
methods.2.outcome.analysis.execution.usage.dependency_depth = 0
methods.2.outcome.analysis.execution.usage.elapsed_millis = 38
methods.2.outcome.analysis.execution.usage.entry_bytes = 0
methods.2.outcome.analysis.execution.usage.input_bytes = 1018
methods.2.outcome.analysis.execution.usage.ir_edges = 206
methods.2.outcome.analysis.execution.usage.ir_items = 1896
methods.2.outcome.analysis.execution.usage.method_bodies = 3
methods.2.outcome.analysis.execution.usage.nested_depth = 0
methods.2.outcome.analysis.execution.usage.normalization_clones = 0
methods.2.outcome.analysis.execution.usage.output_bytes = 1657
methods.2.outcome.analysis.execution.usage.read_bytes = 1018
methods.2.outcome.analysis.execution.usage.result_items = 13
methods.2.outcome.kind = "recovered"
methods.2.outcome.report.accessors = []
methods.2.outcome.report.aliased_names = []
methods.2.outcome.report.artifact.agreement.state = "not_stated"
methods.2.outcome.report.artifact.binding.engine = "0.1.0"
methods.2.outcome.report.artifact.binding.environment.content = ["8f52587cb9c2c20434550685a3dea29dcc56f5daddd064010e51271187664085"]
methods.2.outcome.report.artifact.binding.environment.domain_loaders = ["app"]
methods.2.outcome.report.artifact.binding.environment.providers = []
methods.2.outcome.report.artifact.binding.environment.runtime.load_domain.delegation.kind = "parent_first"
methods.2.outcome.report.artifact.binding.environment.runtime.load_domain.external_override = "none"
methods.2.outcome.report.artifact.binding.environment.runtime.load_domain.loader = "app"
methods.2.outcome.report.artifact.binding.environment.runtime.load_domain.module_mode.kind = "class_path"
methods.2.outcome.report.artifact.binding.environment.runtime.load_domain.parent_loader = null
methods.2.outcome.report.artifact.binding.environment.runtime.load_domain.roots.0.kind = "standalone_class"
methods.2.outcome.report.artifact.binding.environment.runtime.load_domain.roots.0.snapshot = "8f52587cb9c2c20434550685a3dea29dcc56f5daddd064010e51271187664085"
methods.2.outcome.report.artifact.binding.environment.runtime.load_domain.runtime_transformation = "none"
methods.2.outcome.report.artifact.binding.environment.runtime.physical.scope.kind = "snapshot_all"
methods.2.outcome.report.artifact.binding.environment.runtime.physical.snapshot = "8f52587cb9c2c20434550685a3dea29dcc56f5daddd064010e51271187664085"
methods.2.outcome.report.artifact.binding.environment.runtime.profile.java_release = 8
methods.2.outcome.report.artifact.binding.environment.runtime.profile.layout.kind = "generic"
methods.2.outcome.report.artifact.binding.environment.runtime.profile.multi_release.kind = "disabled"
methods.2.outcome.report.artifact.binding.member_ordinal = 2
methods.2.outcome.report.artifact.binding.method.descriptor = [40,41,73]
methods.2.outcome.report.artifact.binding.method.name = [114,117,110]
methods.2.outcome.report.artifact.binding.method.owner.class_bytes.digest = "8f52587cb9c2c20434550685a3dea29dcc56f5daddd064010e51271187664085"
methods.2.outcome.report.artifact.binding.method.owner.class_bytes.length = 1018
methods.2.outcome.report.artifact.binding.method.owner.location.kind = "standalone_root"
methods.2.outcome.report.artifact.binding.method.owner.location.snapshot = "8f52587cb9c2c20434550685a3dea29dcc56f5daddd064010e51271187664085"
methods.2.outcome.report.artifact.binding.method.owner.variant.kind = "base"
methods.2.outcome.report.artifact.binding.profile.java_release = 8
methods.2.outcome.report.artifact.binding.profile.layout.kind = "generic"
methods.2.outcome.report.artifact.binding.profile.multi_release.kind = "disabled"
methods.2.outcome.report.artifact.binding.registry = 71
methods.2.outcome.report.artifact.binding.rules = ["straight@1","if@1","loop@1","switch@1","lambda@1","concat@1","bridge@1","accessor@1","new@1","field@1","enumswitch@1","init@1","declaration@1","twr@1","monitor@1","finally@1"]
methods.2.outcome.report.artifact.binding.schema = 1
methods.2.outcome.report.artifact.binding.text_bytes = 495
methods.2.outcome.report.artifact.binding.text_digest = "5e589a2c72d172ee3e8658f93ed2a4a1"
methods.2.outcome.report.bridges = []
methods.2.outcome.report.compile_status = "not_attempted"
methods.2.outcome.report.concats = []
methods.2.outcome.report.content = "explanation_only"
methods.2.outcome.report.declaration = null
methods.2.outcome.report.diagnostics.0.code = "jre_region_irreducible"
methods.2.outcome.report.diagnostics.0.message = "the graph is not reducible over 8 block(s) [8, 13, 17, 28, 85, 58, 63, 66]: a loop is entered at more than its header or two loops cross, which no Java structure spells"
methods.2.outcome.report.diagnostics.0.provenance = null
methods.2.outcome.report.diagnostics.0.severity = "warning"
methods.2.outcome.report.diagnostics.1.code = "jre_recovery_produced"
methods.2.outcome.report.diagnostics.1.message = "1 region(s), 1 statement(s), 1 segment(s), 495 byte(s) written from 14 canonical block(s)"
methods.2.outcome.report.diagnostics.1.provenance = null
methods.2.outcome.report.diagnostics.1.severity = "info"
methods.2.outcome.report.diagnostics.2.code = "jre_field_not_emitted"
methods.2.outcome.report.diagnostics.2.message = "the field access at BCI 1 passed field identity proof, but no matching Java field operation was emitted by the final body"
methods.2.outcome.report.diagnostics.2.provenance = null
methods.2.outcome.report.diagnostics.2.severity = "warning"
methods.2.outcome.report.diagnostics.3.code = "jre_field_not_emitted"
methods.2.outcome.report.diagnostics.3.message = "the field access at BCI 17 passed field identity proof, but no matching Java field operation was emitted by the final body"
methods.2.outcome.report.diagnostics.3.provenance = null
methods.2.outcome.report.diagnostics.3.severity = "warning"
methods.2.outcome.report.diagnostics.4.code = "jre_field_not_emitted"
methods.2.outcome.report.diagnostics.4.message = "the field access at BCI 22 passed field identity proof, but no matching Java field operation was emitted by the final body"
methods.2.outcome.report.diagnostics.4.provenance = null
methods.2.outcome.report.diagnostics.4.severity = "warning"
methods.2.outcome.report.diagnostics.5.code = "jre_field_not_emitted"
methods.2.outcome.report.diagnostics.5.message = "the field access at BCI 39 passed field identity proof, but no matching Java field operation was emitted by the final body"
methods.2.outcome.report.diagnostics.5.provenance = null
methods.2.outcome.report.diagnostics.5.severity = "warning"
methods.2.outcome.report.diagnostics.6.code = "jre_field_not_emitted"
methods.2.outcome.report.diagnostics.6.message = "the field access at BCI 45 passed field identity proof, but no matching Java field operation was emitted by the final body"
methods.2.outcome.report.diagnostics.6.provenance = null
methods.2.outcome.report.diagnostics.6.severity = "warning"
methods.2.outcome.report.diagnostics.7.code = "jre_field_not_emitted"
methods.2.outcome.report.diagnostics.7.message = "the field access at BCI 73 passed field identity proof, but no matching Java field operation was emitted by the final body"
methods.2.outcome.report.diagnostics.7.provenance = null
methods.2.outcome.report.diagnostics.7.severity = "warning"
methods.2.outcome.report.diagnostics.8.code = "jre_field_not_emitted"
methods.2.outcome.report.diagnostics.8.message = "the field access at BCI 79 passed field identity proof, but no matching Java field operation was emitted by the final body"
methods.2.outcome.report.diagnostics.8.provenance = null
methods.2.outcome.report.diagnostics.8.severity = "warning"
methods.2.outcome.report.diagnostics.9.code = "jre_field_accesses"
methods.2.outcome.report.diagnostics.9.message = "7 field instruction(s) read under field@1: 0 presented, 7 refused"
methods.2.outcome.report.diagnostics.9.provenance = null
methods.2.outcome.report.diagnostics.9.severity = "info"
methods.2.outcome.report.diagnostics.10.code = "jre_declaration"
methods.2.outcome.report.diagnostics.10.message = "the artifact's envelope states the member's declaration under declaration@1: a static method"
methods.2.outcome.report.diagnostics.10.provenance = null
methods.2.outcome.report.diagnostics.10.severity = "info"
methods.2.outcome.report.enum_switches = []
methods.2.outcome.report.evidence.categories.0.kind = "source_map"
methods.2.outcome.report.evidence.categories.0.state.state = "complete"
methods.2.outcome.report.evidence.categories.1.kind = "region_details"
methods.2.outcome.report.evidence.categories.1.state.state = "not_requested"
methods.2.outcome.report.evidence.categories.2.kind = "rule_details"
methods.2.outcome.report.evidence.categories.2.state.state = "not_requested"
methods.2.outcome.report.evidence.categories.3.kind = "name_details"
methods.2.outcome.report.evidence.categories.3.state.state = "not_requested"
methods.2.outcome.report.evidence.categories.4.kind = "read_details"
methods.2.outcome.report.evidence.categories.4.state.state = "not_requested"
methods.2.outcome.report.evidence.requested.driver_bci_range = null
methods.2.outcome.report.evidence.requested.expected_artifact = null
methods.2.outcome.report.evidence.requested.kinds = ["source_map"]
methods.2.outcome.report.execution.status = "complete"
methods.2.outcome.report.execution.usage.analysis_steps = 1111
methods.2.outcome.report.execution.usage.archive_entries = 0
methods.2.outcome.report.execution.usage.attribute_bytes = 917
methods.2.outcome.report.execution.usage.class_bytes = 2036
methods.2.outcome.report.execution.usage.class_headers = 1
methods.2.outcome.report.execution.usage.code_bytes = 139
methods.2.outcome.report.execution.usage.dependency_depth = 0
methods.2.outcome.report.execution.usage.elapsed_millis = 39
methods.2.outcome.report.execution.usage.entry_bytes = 0
methods.2.outcome.report.execution.usage.input_bytes = 1018
methods.2.outcome.report.execution.usage.ir_edges = 223
methods.2.outcome.report.execution.usage.ir_items = 2109
methods.2.outcome.report.execution.usage.method_bodies = 3
methods.2.outcome.report.execution.usage.nested_depth = 0
methods.2.outcome.report.execution.usage.normalization_clones = 0
methods.2.outcome.report.execution.usage.output_bytes = 2152
methods.2.outcome.report.execution.usage.read_bytes = 1018
methods.2.outcome.report.execution.usage.result_items = 13
methods.2.outcome.report.fallbacks = ["jre_region_irreducible"]
methods.2.outcome.report.fields = []
methods.2.outcome.report.init = null
methods.2.outcome.report.lambdas = []
methods.2.outcome.report.method = "run()I"
methods.2.outcome.report.news = []
methods.2.outcome.report.outcome = "produced"
methods.2.outcome.report.profile.java_release = 8
methods.2.outcome.report.profile.layout.kind = "generic"
methods.2.outcome.report.profile.multi_release.kind = "disabled"
methods.2.outcome.report.quality = "fallback"
methods.2.outcome.report.regions = []
methods.2.outcome.report.representation = "mixed"
methods.2.outcome.report.rules = []
methods.2.outcome.report.semantic_validation = "unproven"
methods.2.outcome.report.source_map.segments.0.end = 493
methods.2.outcome.report.source_map.segments.0.origin.derived.0.bci = 1
methods.2.outcome.report.source_map.segments.0.origin.derived.0.cp = null
methods.2.outcome.report.source_map.segments.0.origin.derived.0.method.descriptor = [40,41,73]
methods.2.outcome.report.source_map.segments.0.origin.derived.0.method.name = [114,117,110]
methods.2.outcome.report.source_map.segments.0.origin.derived.0.method.owner.class_bytes.digest = "8f52587cb9c2c20434550685a3dea29dcc56f5daddd064010e51271187664085"
methods.2.outcome.report.source_map.segments.0.origin.derived.0.method.owner.class_bytes.length = 1018
methods.2.outcome.report.source_map.segments.0.origin.derived.0.method.owner.location.kind = "standalone_root"
methods.2.outcome.report.source_map.segments.0.origin.derived.0.method.owner.location.snapshot = "8f52587cb9c2c20434550685a3dea29dcc56f5daddd064010e51271187664085"
methods.2.outcome.report.source_map.segments.0.origin.derived.0.method.owner.variant.kind = "base"
methods.2.outcome.report.source_map.segments.0.origin.derived.0.provenance = "Derived"
methods.2.outcome.report.source_map.segments.0.origin.derived.1.bci = 4
methods.2.outcome.report.source_map.segments.0.origin.derived.1.cp = null
methods.2.outcome.report.source_map.segments.0.origin.derived.1.method.descriptor = [40,41,73]
methods.2.outcome.report.source_map.segments.0.origin.derived.1.method.name = [114,117,110]
methods.2.outcome.report.source_map.segments.0.origin.derived.1.method.owner.class_bytes.digest = "8f52587cb9c2c20434550685a3dea29dcc56f5daddd064010e51271187664085"
methods.2.outcome.report.source_map.segments.0.origin.derived.1.method.owner.class_bytes.length = 1018
methods.2.outcome.report.source_map.segments.0.origin.derived.1.method.owner.location.kind = "standalone_root"
methods.2.outcome.report.source_map.segments.0.origin.derived.1.method.owner.location.snapshot = "8f52587cb9c2c20434550685a3dea29dcc56f5daddd064010e51271187664085"
methods.2.outcome.report.source_map.segments.0.origin.derived.1.method.owner.variant.kind = "base"
methods.2.outcome.report.source_map.segments.0.origin.derived.1.provenance = "Derived"
methods.2.outcome.report.source_map.segments.0.origin.derived.2.bci = 5
methods.2.outcome.report.source_map.segments.0.origin.derived.2.cp = null
methods.2.outcome.report.source_map.segments.0.origin.derived.2.method.descriptor = [40,41,73]
methods.2.outcome.report.source_map.segments.0.origin.derived.2.method.name = [114,117,110]
methods.2.outcome.report.source_map.segments.0.origin.derived.2.method.owner.class_bytes.digest = "8f52587cb9c2c20434550685a3dea29dcc56f5daddd064010e51271187664085"
methods.2.outcome.report.source_map.segments.0.origin.derived.2.method.owner.class_bytes.length = 1018
methods.2.outcome.report.source_map.segments.0.origin.derived.2.method.owner.location.kind = "standalone_root"
methods.2.outcome.report.source_map.segments.0.origin.derived.2.method.owner.location.snapshot = "8f52587cb9c2c20434550685a3dea29dcc56f5daddd064010e51271187664085"
methods.2.outcome.report.source_map.segments.0.origin.derived.2.method.owner.variant.kind = "base"
methods.2.outcome.report.source_map.segments.0.origin.derived.2.provenance = "Derived"
methods.2.outcome.report.source_map.segments.0.origin.derived.3.bci = 6
methods.2.outcome.report.source_map.segments.0.origin.derived.3.cp = null
methods.2.outcome.report.source_map.segments.0.origin.derived.3.method.descriptor = [40,41,73]
methods.2.outcome.report.source_map.segments.0.origin.derived.3.method.name = [114,117,110]
methods.2.outcome.report.source_map.segments.0.origin.derived.3.method.owner.class_bytes.digest = "8f52587cb9c2c20434550685a3dea29dcc56f5daddd064010e51271187664085"
methods.2.outcome.report.source_map.segments.0.origin.derived.3.method.owner.class_bytes.length = 1018
methods.2.outcome.report.source_map.segments.0.origin.derived.3.method.owner.location.kind = "standalone_root"
methods.2.outcome.report.source_map.segments.0.origin.derived.3.method.owner.location.snapshot = "8f52587cb9c2c20434550685a3dea29dcc56f5daddd064010e51271187664085"
methods.2.outcome.report.source_map.segments.0.origin.derived.3.method.owner.variant.kind = "base"
methods.2.outcome.report.source_map.segments.0.origin.derived.3.provenance = "Derived"
methods.2.outcome.report.source_map.segments.0.origin.derived.4.bci = 7
methods.2.outcome.report.source_map.segments.0.origin.derived.4.cp = null
methods.2.outcome.report.source_map.segments.0.origin.derived.4.method.descriptor = [40,41,73]
methods.2.outcome.report.source_map.segments.0.origin.derived.4.method.name = [114,117,110]
methods.2.outcome.report.source_map.segments.0.origin.derived.4.method.owner.class_bytes.digest = "8f52587cb9c2c20434550685a3dea29dcc56f5daddd064010e51271187664085"
methods.2.outcome.report.source_map.segments.0.origin.derived.4.method.owner.class_bytes.length = 1018
methods.2.outcome.report.source_map.segments.0.origin.derived.4.method.owner.location.kind = "standalone_root"
methods.2.outcome.report.source_map.segments.0.origin.derived.4.method.owner.location.snapshot = "8f52587cb9c2c20434550685a3dea29dcc56f5daddd064010e51271187664085"
methods.2.outcome.report.source_map.segments.0.origin.derived.4.method.owner.variant.kind = "base"
methods.2.outcome.report.source_map.segments.0.origin.derived.4.provenance = "Derived"
methods.2.outcome.report.source_map.segments.0.origin.derived.5.bci = 8
methods.2.outcome.report.source_map.segments.0.origin.derived.5.cp = null
methods.2.outcome.report.source_map.segments.0.origin.derived.5.method.descriptor = [40,41,73]
methods.2.outcome.report.source_map.segments.0.origin.derived.5.method.name = [114,117,110]
methods.2.outcome.report.source_map.segments.0.origin.derived.5.method.owner.class_bytes.digest = "8f52587cb9c2c20434550685a3dea29dcc56f5daddd064010e51271187664085"
methods.2.outcome.report.source_map.segments.0.origin.derived.5.method.owner.class_bytes.length = 1018
methods.2.outcome.report.source_map.segments.0.origin.derived.5.method.owner.location.kind = "standalone_root"
methods.2.outcome.report.source_map.segments.0.origin.derived.5.method.owner.location.snapshot = "8f52587cb9c2c20434550685a3dea29dcc56f5daddd064010e51271187664085"
methods.2.outcome.report.source_map.segments.0.origin.derived.5.method.owner.variant.kind = "base"
methods.2.outcome.report.source_map.segments.0.origin.derived.5.provenance = "Derived"
methods.2.outcome.report.source_map.segments.0.origin.derived.6.bci = 9
methods.2.outcome.report.source_map.segments.0.origin.derived.6.cp = null
methods.2.outcome.report.source_map.segments.0.origin.derived.6.method.descriptor = [40,41,73]
methods.2.outcome.report.source_map.segments.0.origin.derived.6.method.name = [114,117,110]
methods.2.outcome.report.source_map.segments.0.origin.derived.6.method.owner.class_bytes.digest = "8f52587cb9c2c20434550685a3dea29dcc56f5daddd064010e51271187664085"
methods.2.outcome.report.source_map.segments.0.origin.derived.6.method.owner.class_bytes.length = 1018
methods.2.outcome.report.source_map.segments.0.origin.derived.6.method.owner.location.kind = "standalone_root"
methods.2.outcome.report.source_map.segments.0.origin.derived.6.method.owner.location.snapshot = "8f52587cb9c2c20434550685a3dea29dcc56f5daddd064010e51271187664085"
methods.2.outcome.report.source_map.segments.0.origin.derived.6.method.owner.variant.kind = "base"
methods.2.outcome.report.source_map.segments.0.origin.derived.6.provenance = "Derived"
methods.2.outcome.report.source_map.segments.0.origin.derived.7.bci = 10
methods.2.outcome.report.source_map.segments.0.origin.derived.7.cp = null
methods.2.outcome.report.source_map.segments.0.origin.derived.7.method.descriptor = [40,41,73]
methods.2.outcome.report.source_map.segments.0.origin.derived.7.method.name = [114,117,110]
methods.2.outcome.report.source_map.segments.0.origin.derived.7.method.owner.class_bytes.digest = "8f52587cb9c2c20434550685a3dea29dcc56f5daddd064010e51271187664085"
methods.2.outcome.report.source_map.segments.0.origin.derived.7.method.owner.class_bytes.length = 1018
methods.2.outcome.report.source_map.segments.0.origin.derived.7.method.owner.location.kind = "standalone_root"
methods.2.outcome.report.source_map.segments.0.origin.derived.7.method.owner.location.snapshot = "8f52587cb9c2c20434550685a3dea29dcc56f5daddd064010e51271187664085"
methods.2.outcome.report.source_map.segments.0.origin.derived.7.method.owner.variant.kind = "base"
methods.2.outcome.report.source_map.segments.0.origin.derived.7.provenance = "Derived"
methods.2.outcome.report.source_map.segments.0.origin.derived.8.bci = 13
methods.2.outcome.report.source_map.segments.0.origin.derived.8.cp = null
methods.2.outcome.report.source_map.segments.0.origin.derived.8.method.descriptor = [40,41,73]
methods.2.outcome.report.source_map.segments.0.origin.derived.8.method.name = [114,117,110]
methods.2.outcome.report.source_map.segments.0.origin.derived.8.method.owner.class_bytes.digest = "8f52587cb9c2c20434550685a3dea29dcc56f5daddd064010e51271187664085"
methods.2.outcome.report.source_map.segments.0.origin.derived.8.method.owner.class_bytes.length = 1018
methods.2.outcome.report.source_map.segments.0.origin.derived.8.method.owner.location.kind = "standalone_root"
methods.2.outcome.report.source_map.segments.0.origin.derived.8.method.owner.location.snapshot = "8f52587cb9c2c20434550685a3dea29dcc56f5daddd064010e51271187664085"
methods.2.outcome.report.source_map.segments.0.origin.derived.8.method.owner.variant.kind = "base"
methods.2.outcome.report.source_map.segments.0.origin.derived.8.provenance = "Derived"
methods.2.outcome.report.source_map.segments.0.origin.derived.9.bci = 14
methods.2.outcome.report.source_map.segments.0.origin.derived.9.cp = null
methods.2.outcome.report.source_map.segments.0.origin.derived.9.method.descriptor = [40,41,73]
methods.2.outcome.report.source_map.segments.0.origin.derived.9.method.name = [114,117,110]
methods.2.outcome.report.source_map.segments.0.origin.derived.9.method.owner.class_bytes.digest = "8f52587cb9c2c20434550685a3dea29dcc56f5daddd064010e51271187664085"
methods.2.outcome.report.source_map.segments.0.origin.derived.9.method.owner.class_bytes.length = 1018
methods.2.outcome.report.source_map.segments.0.origin.derived.9.method.owner.location.kind = "standalone_root"
methods.2.outcome.report.source_map.segments.0.origin.derived.9.method.owner.location.snapshot = "8f52587cb9c2c20434550685a3dea29dcc56f5daddd064010e51271187664085"
methods.2.outcome.report.source_map.segments.0.origin.derived.9.method.owner.variant.kind = "base"
methods.2.outcome.report.source_map.segments.0.origin.derived.9.provenance = "Derived"
methods.2.outcome.report.source_map.segments.0.origin.derived.10.bci = 17
methods.2.outcome.report.source_map.segments.0.origin.derived.10.cp = null
methods.2.outcome.report.source_map.segments.0.origin.derived.10.method.descriptor = [40,41,73]
methods.2.outcome.report.source_map.segments.0.origin.derived.10.method.name = [114,117,110]
methods.2.outcome.report.source_map.segments.0.origin.derived.10.method.owner.class_bytes.digest = "8f52587cb9c2c20434550685a3dea29dcc56f5daddd064010e51271187664085"
methods.2.outcome.report.source_map.segments.0.origin.derived.10.method.owner.class_bytes.length = 1018
methods.2.outcome.report.source_map.segments.0.origin.derived.10.method.owner.location.kind = "standalone_root"
methods.2.outcome.report.source_map.segments.0.origin.derived.10.method.owner.location.snapshot = "8f52587cb9c2c20434550685a3dea29dcc56f5daddd064010e51271187664085"
methods.2.outcome.report.source_map.segments.0.origin.derived.10.method.owner.variant.kind = "base"
methods.2.outcome.report.source_map.segments.0.origin.derived.10.provenance = "Derived"
methods.2.outcome.report.source_map.segments.0.origin.derived.11.bci = 20
methods.2.outcome.report.source_map.segments.0.origin.derived.11.cp = null
methods.2.outcome.report.source_map.segments.0.origin.derived.11.method.descriptor = [40,41,73]
methods.2.outcome.report.source_map.segments.0.origin.derived.11.method.name = [114,117,110]
methods.2.outcome.report.source_map.segments.0.origin.derived.11.method.owner.class_bytes.digest = "8f52587cb9c2c20434550685a3dea29dcc56f5daddd064010e51271187664085"
methods.2.outcome.report.source_map.segments.0.origin.derived.11.method.owner.class_bytes.length = 1018
methods.2.outcome.report.source_map.segments.0.origin.derived.11.method.owner.location.kind = "standalone_root"
methods.2.outcome.report.source_map.segments.0.origin.derived.11.method.owner.location.snapshot = "8f52587cb9c2c20434550685a3dea29dcc56f5daddd064010e51271187664085"
methods.2.outcome.report.source_map.segments.0.origin.derived.11.method.owner.variant.kind = "base"
methods.2.outcome.report.source_map.segments.0.origin.derived.11.provenance = "Derived"
methods.2.outcome.report.source_map.segments.0.origin.derived.12.bci = 21
methods.2.outcome.report.source_map.segments.0.origin.derived.12.cp = null
methods.2.outcome.report.source_map.segments.0.origin.derived.12.method.descriptor = [40,41,73]
methods.2.outcome.report.source_map.segments.0.origin.derived.12.method.name = [114,117,110]
methods.2.outcome.report.source_map.segments.0.origin.derived.12.method.owner.class_bytes.digest = "8f52587cb9c2c20434550685a3dea29dcc56f5daddd064010e51271187664085"
methods.2.outcome.report.source_map.segments.0.origin.derived.12.method.owner.class_bytes.length = 1018
methods.2.outcome.report.source_map.segments.0.origin.derived.12.method.owner.location.kind = "standalone_root"
methods.2.outcome.report.source_map.segments.0.origin.derived.12.method.owner.location.snapshot = "8f52587cb9c2c20434550685a3dea29dcc56f5daddd064010e51271187664085"
methods.2.outcome.report.source_map.segments.0.origin.derived.12.method.owner.variant.kind = "base"
methods.2.outcome.report.source_map.segments.0.origin.derived.12.provenance = "Derived"
methods.2.outcome.report.source_map.segments.0.origin.derived.13.bci = 22
methods.2.outcome.report.source_map.segments.0.origin.derived.13.cp = null
methods.2.outcome.report.source_map.segments.0.origin.derived.13.method.descriptor = [40,41,73]
methods.2.outcome.report.source_map.segments.0.origin.derived.13.method.name = [114,117,110]
methods.2.outcome.report.source_map.segments.0.origin.derived.13.method.owner.class_bytes.digest = "8f52587cb9c2c20434550685a3dea29dcc56f5daddd064010e51271187664085"
methods.2.outcome.report.source_map.segments.0.origin.derived.13.method.owner.class_bytes.length = 1018
methods.2.outcome.report.source_map.segments.0.origin.derived.13.method.owner.location.kind = "standalone_root"
methods.2.outcome.report.source_map.segments.0.origin.derived.13.method.owner.location.snapshot = "8f52587cb9c2c20434550685a3dea29dcc56f5daddd064010e51271187664085"
methods.2.outcome.report.source_map.segments.0.origin.derived.13.method.owner.variant.kind = "base"
methods.2.outcome.report.source_map.segments.0.origin.derived.13.provenance = "Derived"
methods.2.outcome.report.source_map.segments.0.origin.derived.14.bci = 25
methods.2.outcome.report.source_map.segments.0.origin.derived.14.cp = null
methods.2.outcome.report.source_map.segments.0.origin.derived.14.method.descriptor = [40,41,73]
methods.2.outcome.report.source_map.segments.0.origin.derived.14.method.name = [114,117,110]
methods.2.outcome.report.source_map.segments.0.origin.derived.14.method.owner.class_bytes.digest = "8f52587cb9c2c20434550685a3dea29dcc56f5daddd064010e51271187664085"
methods.2.outcome.report.source_map.segments.0.origin.derived.14.method.owner.class_bytes.length = 1018
methods.2.outcome.report.source_map.segments.0.origin.derived.14.method.owner.location.kind = "standalone_root"
methods.2.outcome.report.source_map.segments.0.origin.derived.14.method.owner.location.snapshot = "8f52587cb9c2c20434550685a3dea29dcc56f5daddd064010e51271187664085"
methods.2.outcome.report.source_map.segments.0.origin.derived.14.method.owner.variant.kind = "base"
methods.2.outcome.report.source_map.segments.0.origin.derived.14.provenance = "Derived"
methods.2.outcome.report.source_map.segments.0.origin.derived.15.bci = 28
methods.2.outcome.report.source_map.segments.0.origin.derived.15.cp = null
methods.2.outcome.report.source_map.segments.0.origin.derived.15.method.descriptor = [40,41,73]
methods.2.outcome.report.source_map.segments.0.origin.derived.15.method.name = [114,117,110]
methods.2.outcome.report.source_map.segments.0.origin.derived.15.method.owner.class_bytes.digest = "8f52587cb9c2c20434550685a3dea29dcc56f5daddd064010e51271187664085"
methods.2.outcome.report.source_map.segments.0.origin.derived.15.method.owner.class_bytes.length = 1018
methods.2.outcome.report.source_map.segments.0.origin.derived.15.method.owner.location.kind = "standalone_root"
methods.2.outcome.report.source_map.segments.0.origin.derived.15.method.owner.location.snapshot = "8f52587cb9c2c20434550685a3dea29dcc56f5daddd064010e51271187664085"
methods.2.outcome.report.source_map.segments.0.origin.derived.15.method.owner.variant.kind = "base"
methods.2.outcome.report.source_map.segments.0.origin.derived.15.provenance = "Derived"
methods.2.outcome.report.source_map.segments.0.origin.derived.16.bci = 29
methods.2.outcome.report.source_map.segments.0.origin.derived.16.cp = null
methods.2.outcome.report.source_map.segments.0.origin.derived.16.method.descriptor = [40,41,73]
methods.2.outcome.report.source_map.segments.0.origin.derived.16.method.name = [114,117,110]
methods.2.outcome.report.source_map.segments.0.origin.derived.16.method.owner.class_bytes.digest = "8f52587cb9c2c20434550685a3dea29dcc56f5daddd064010e51271187664085"
methods.2.outcome.report.source_map.segments.0.origin.derived.16.method.owner.class_bytes.length = 1018
methods.2.outcome.report.source_map.segments.0.origin.derived.16.method.owner.location.kind = "standalone_root"
methods.2.outcome.report.source_map.segments.0.origin.derived.16.method.owner.location.snapshot = "8f52587cb9c2c20434550685a3dea29dcc56f5daddd064010e51271187664085"
methods.2.outcome.report.source_map.segments.0.origin.derived.16.method.owner.variant.kind = "base"
methods.2.outcome.report.source_map.segments.0.origin.derived.16.provenance = "Derived"
methods.2.outcome.report.source_map.segments.0.origin.derived.17.bci = 30
methods.2.outcome.report.source_map.segments.0.origin.derived.17.cp = null
methods.2.outcome.report.source_map.segments.0.origin.derived.17.method.descriptor = [40,41,73]
methods.2.outcome.report.source_map.segments.0.origin.derived.17.method.name = [114,117,110]
methods.2.outcome.report.source_map.segments.0.origin.derived.17.method.owner.class_bytes.digest = "8f52587cb9c2c20434550685a3dea29dcc56f5daddd064010e51271187664085"
methods.2.outcome.report.source_map.segments.0.origin.derived.17.method.owner.class_bytes.length = 1018
methods.2.outcome.report.source_map.segments.0.origin.derived.17.method.owner.location.kind = "standalone_root"
methods.2.outcome.report.source_map.segments.0.origin.derived.17.method.owner.location.snapshot = "8f52587cb9c2c20434550685a3dea29dcc56f5daddd064010e51271187664085"
methods.2.outcome.report.source_map.segments.0.origin.derived.17.method.owner.variant.kind = "base"
methods.2.outcome.report.source_map.segments.0.origin.derived.17.provenance = "Derived"
methods.2.outcome.report.source_map.segments.0.origin.derived.18.bci = 33
methods.2.outcome.report.source_map.segments.0.origin.derived.18.cp = null
methods.2.outcome.report.source_map.segments.0.origin.derived.18.method.descriptor = [40,41,73]
methods.2.outcome.report.source_map.segments.0.origin.derived.18.method.name = [114,117,110]
methods.2.outcome.report.source_map.segments.0.origin.derived.18.method.owner.class_bytes.digest = "8f52587cb9c2c20434550685a3dea29dcc56f5daddd064010e51271187664085"
methods.2.outcome.report.source_map.segments.0.origin.derived.18.method.owner.class_bytes.length = 1018
methods.2.outcome.report.source_map.segments.0.origin.derived.18.method.owner.location.kind = "standalone_root"
methods.2.outcome.report.source_map.segments.0.origin.derived.18.method.owner.location.snapshot = "8f52587cb9c2c20434550685a3dea29dcc56f5daddd064010e51271187664085"
methods.2.outcome.report.source_map.segments.0.origin.derived.18.method.owner.variant.kind = "base"
methods.2.outcome.report.source_map.segments.0.origin.derived.18.provenance = "Derived"
methods.2.outcome.report.source_map.segments.0.origin.derived.19.bci = 34
methods.2.outcome.report.source_map.segments.0.origin.derived.19.cp = null
methods.2.outcome.report.source_map.segments.0.origin.derived.19.method.descriptor = [40,41,73]
methods.2.outcome.report.source_map.segments.0.origin.derived.19.method.name = [114,117,110]
methods.2.outcome.report.source_map.segments.0.origin.derived.19.method.owner.class_bytes.digest = "8f52587cb9c2c20434550685a3dea29dcc56f5daddd064010e51271187664085"
methods.2.outcome.report.source_map.segments.0.origin.derived.19.method.owner.class_bytes.length = 1018
methods.2.outcome.report.source_map.segments.0.origin.derived.19.method.owner.location.kind = "standalone_root"
methods.2.outcome.report.source_map.segments.0.origin.derived.19.method.owner.location.snapshot = "8f52587cb9c2c20434550685a3dea29dcc56f5daddd064010e51271187664085"
methods.2.outcome.report.source_map.segments.0.origin.derived.19.method.owner.variant.kind = "base"
methods.2.outcome.report.source_map.segments.0.origin.derived.19.provenance = "Derived"
methods.2.outcome.report.source_map.segments.0.origin.derived.20.bci = 35
methods.2.outcome.report.source_map.segments.0.origin.derived.20.cp = null
methods.2.outcome.report.source_map.segments.0.origin.derived.20.method.descriptor = [40,41,73]
methods.2.outcome.report.source_map.segments.0.origin.derived.20.method.name = [114,117,110]
methods.2.outcome.report.source_map.segments.0.origin.derived.20.method.owner.class_bytes.digest = "8f52587cb9c2c20434550685a3dea29dcc56f5daddd064010e51271187664085"
methods.2.outcome.report.source_map.segments.0.origin.derived.20.method.owner.class_bytes.length = 1018
methods.2.outcome.report.source_map.segments.0.origin.derived.20.method.owner.location.kind = "standalone_root"
methods.2.outcome.report.source_map.segments.0.origin.derived.20.method.owner.location.snapshot = "8f52587cb9c2c20434550685a3dea29dcc56f5daddd064010e51271187664085"
methods.2.outcome.report.source_map.segments.0.origin.derived.20.method.owner.variant.kind = "base"
methods.2.outcome.report.source_map.segments.0.origin.derived.20.provenance = "Derived"
methods.2.outcome.report.source_map.segments.0.origin.derived.21.bci = 38
methods.2.outcome.report.source_map.segments.0.origin.derived.21.cp = null
methods.2.outcome.report.source_map.segments.0.origin.derived.21.method.descriptor = [40,41,73]
methods.2.outcome.report.source_map.segments.0.origin.derived.21.method.name = [114,117,110]
methods.2.outcome.report.source_map.segments.0.origin.derived.21.method.owner.class_bytes.digest = "8f52587cb9c2c20434550685a3dea29dcc56f5daddd064010e51271187664085"
methods.2.outcome.report.source_map.segments.0.origin.derived.21.method.owner.class_bytes.length = 1018
methods.2.outcome.report.source_map.segments.0.origin.derived.21.method.owner.location.kind = "standalone_root"
methods.2.outcome.report.source_map.segments.0.origin.derived.21.method.owner.location.snapshot = "8f52587cb9c2c20434550685a3dea29dcc56f5daddd064010e51271187664085"
methods.2.outcome.report.source_map.segments.0.origin.derived.21.method.owner.variant.kind = "base"
methods.2.outcome.report.source_map.segments.0.origin.derived.21.provenance = "Derived"
methods.2.outcome.report.source_map.segments.0.origin.derived.22.bci = 39
methods.2.outcome.report.source_map.segments.0.origin.derived.22.cp = null
methods.2.outcome.report.source_map.segments.0.origin.derived.22.method.descriptor = [40,41,73]
methods.2.outcome.report.source_map.segments.0.origin.derived.22.method.name = [114,117,110]
methods.2.outcome.report.source_map.segments.0.origin.derived.22.method.owner.class_bytes.digest = "8f52587cb9c2c20434550685a3dea29dcc56f5daddd064010e51271187664085"
methods.2.outcome.report.source_map.segments.0.origin.derived.22.method.owner.class_bytes.length = 1018
methods.2.outcome.report.source_map.segments.0.origin.derived.22.method.owner.location.kind = "standalone_root"
methods.2.outcome.report.source_map.segments.0.origin.derived.22.method.owner.location.snapshot = "8f52587cb9c2c20434550685a3dea29dcc56f5daddd064010e51271187664085"
methods.2.outcome.report.source_map.segments.0.origin.derived.22.method.owner.variant.kind = "base"
methods.2.outcome.report.source_map.segments.0.origin.derived.22.provenance = "Derived"
methods.2.outcome.report.source_map.segments.0.origin.derived.23.bci = 42
methods.2.outcome.report.source_map.segments.0.origin.derived.23.cp = null
methods.2.outcome.report.source_map.segments.0.origin.derived.23.method.descriptor = [40,41,73]
methods.2.outcome.report.source_map.segments.0.origin.derived.23.method.name = [114,117,110]
methods.2.outcome.report.source_map.segments.0.origin.derived.23.method.owner.class_bytes.digest = "8f52587cb9c2c20434550685a3dea29dcc56f5daddd064010e51271187664085"
methods.2.outcome.report.source_map.segments.0.origin.derived.23.method.owner.class_bytes.length = 1018
methods.2.outcome.report.source_map.segments.0.origin.derived.23.method.owner.location.kind = "standalone_root"
methods.2.outcome.report.source_map.segments.0.origin.derived.23.method.owner.location.snapshot = "8f52587cb9c2c20434550685a3dea29dcc56f5daddd064010e51271187664085"
methods.2.outcome.report.source_map.segments.0.origin.derived.23.method.owner.variant.kind = "base"
methods.2.outcome.report.source_map.segments.0.origin.derived.23.provenance = "Derived"
methods.2.outcome.report.source_map.segments.0.origin.derived.24.bci = 44
methods.2.outcome.report.source_map.segments.0.origin.derived.24.cp = null
methods.2.outcome.report.source_map.segments.0.origin.derived.24.method.descriptor = [40,41,73]
methods.2.outcome.report.source_map.segments.0.origin.derived.24.method.name = [114,117,110]
methods.2.outcome.report.source_map.segments.0.origin.derived.24.method.owner.class_bytes.digest = "8f52587cb9c2c20434550685a3dea29dcc56f5daddd064010e51271187664085"
methods.2.outcome.report.source_map.segments.0.origin.derived.24.method.owner.class_bytes.length = 1018
methods.2.outcome.report.source_map.segments.0.origin.derived.24.method.owner.location.kind = "standalone_root"
methods.2.outcome.report.source_map.segments.0.origin.derived.24.method.owner.location.snapshot = "8f52587cb9c2c20434550685a3dea29dcc56f5daddd064010e51271187664085"
methods.2.outcome.report.source_map.segments.0.origin.derived.24.method.owner.variant.kind = "base"
methods.2.outcome.report.source_map.segments.0.origin.derived.24.provenance = "Derived"
methods.2.outcome.report.source_map.segments.0.origin.derived.25.bci = 45
methods.2.outcome.report.source_map.segments.0.origin.derived.25.cp = null
methods.2.outcome.report.source_map.segments.0.origin.derived.25.method.descriptor = [40,41,73]
methods.2.outcome.report.source_map.segments.0.origin.derived.25.method.name = [114,117,110]
methods.2.outcome.report.source_map.segments.0.origin.derived.25.method.owner.class_bytes.digest = "8f52587cb9c2c20434550685a3dea29dcc56f5daddd064010e51271187664085"
methods.2.outcome.report.source_map.segments.0.origin.derived.25.method.owner.class_bytes.length = 1018
methods.2.outcome.report.source_map.segments.0.origin.derived.25.method.owner.location.kind = "standalone_root"
methods.2.outcome.report.source_map.segments.0.origin.derived.25.method.owner.location.snapshot = "8f52587cb9c2c20434550685a3dea29dcc56f5daddd064010e51271187664085"
methods.2.outcome.report.source_map.segments.0.origin.derived.25.method.owner.variant.kind = "base"
methods.2.outcome.report.source_map.segments.0.origin.derived.25.provenance = "Derived"
methods.2.outcome.report.source_map.segments.0.origin.derived.26.bci = 48
methods.2.outcome.report.source_map.segments.0.origin.derived.26.cp = null
methods.2.outcome.report.source_map.segments.0.origin.derived.26.method.descriptor = [40,41,73]
methods.2.outcome.report.source_map.segments.0.origin.derived.26.method.name = [114,117,110]
methods.2.outcome.report.source_map.segments.0.origin.derived.26.method.owner.class_bytes.digest = "8f52587cb9c2c20434550685a3dea29dcc56f5daddd064010e51271187664085"
methods.2.outcome.report.source_map.segments.0.origin.derived.26.method.owner.class_bytes.length = 1018
methods.2.outcome.report.source_map.segments.0.origin.derived.26.method.owner.location.kind = "standalone_root"
methods.2.outcome.report.source_map.segments.0.origin.derived.26.method.owner.location.snapshot = "8f52587cb9c2c20434550685a3dea29dcc56f5daddd064010e51271187664085"
methods.2.outcome.report.source_map.segments.0.origin.derived.26.method.owner.variant.kind = "base"
methods.2.outcome.report.source_map.segments.0.origin.derived.26.provenance = "Derived"
methods.2.outcome.report.source_map.segments.0.origin.derived.27.bci = 49
methods.2.outcome.report.source_map.segments.0.origin.derived.27.cp = null
methods.2.outcome.report.source_map.segments.0.origin.derived.27.method.descriptor = [40,41,73]
methods.2.outcome.report.source_map.segments.0.origin.derived.27.method.name = [114,117,110]
methods.2.outcome.report.source_map.segments.0.origin.derived.27.method.owner.class_bytes.digest = "8f52587cb9c2c20434550685a3dea29dcc56f5daddd064010e51271187664085"
methods.2.outcome.report.source_map.segments.0.origin.derived.27.method.owner.class_bytes.length = 1018
methods.2.outcome.report.source_map.segments.0.origin.derived.27.method.owner.location.kind = "standalone_root"
methods.2.outcome.report.source_map.segments.0.origin.derived.27.method.owner.location.snapshot = "8f52587cb9c2c20434550685a3dea29dcc56f5daddd064010e51271187664085"
methods.2.outcome.report.source_map.segments.0.origin.derived.27.method.owner.variant.kind = "base"
methods.2.outcome.report.source_map.segments.0.origin.derived.27.provenance = "Derived"
methods.2.outcome.report.source_map.segments.0.origin.derived.28.bci = 52
methods.2.outcome.report.source_map.segments.0.origin.derived.28.cp = null
methods.2.outcome.report.source_map.segments.0.origin.derived.28.method.descriptor = [40,41,73]
methods.2.outcome.report.source_map.segments.0.origin.derived.28.method.name = [114,117,110]
methods.2.outcome.report.source_map.segments.0.origin.derived.28.method.owner.class_bytes.digest = "8f52587cb9c2c20434550685a3dea29dcc56f5daddd064010e51271187664085"
methods.2.outcome.report.source_map.segments.0.origin.derived.28.method.owner.class_bytes.length = 1018
methods.2.outcome.report.source_map.segments.0.origin.derived.28.method.owner.location.kind = "standalone_root"
methods.2.outcome.report.source_map.segments.0.origin.derived.28.method.owner.location.snapshot = "8f52587cb9c2c20434550685a3dea29dcc56f5daddd064010e51271187664085"
methods.2.outcome.report.source_map.segments.0.origin.derived.28.method.owner.variant.kind = "base"
methods.2.outcome.report.source_map.segments.0.origin.derived.28.provenance = "Derived"
methods.2.outcome.report.source_map.segments.0.origin.derived.29.bci = 55
methods.2.outcome.report.source_map.segments.0.origin.derived.29.cp = null
methods.2.outcome.report.source_map.segments.0.origin.derived.29.method.descriptor = [40,41,73]
methods.2.outcome.report.source_map.segments.0.origin.derived.29.method.name = [114,117,110]
methods.2.outcome.report.source_map.segments.0.origin.derived.29.method.owner.class_bytes.digest = "8f52587cb9c2c20434550685a3dea29dcc56f5daddd064010e51271187664085"
methods.2.outcome.report.source_map.segments.0.origin.derived.29.method.owner.class_bytes.length = 1018
methods.2.outcome.report.source_map.segments.0.origin.derived.29.method.owner.location.kind = "standalone_root"
methods.2.outcome.report.source_map.segments.0.origin.derived.29.method.owner.location.snapshot = "8f52587cb9c2c20434550685a3dea29dcc56f5daddd064010e51271187664085"
methods.2.outcome.report.source_map.segments.0.origin.derived.29.method.owner.variant.kind = "base"
methods.2.outcome.report.source_map.segments.0.origin.derived.29.provenance = "Derived"
methods.2.outcome.report.source_map.segments.0.origin.derived.30.bci = 58
methods.2.outcome.report.source_map.segments.0.origin.derived.30.cp = null
methods.2.outcome.report.source_map.segments.0.origin.derived.30.method.descriptor = [40,41,73]
methods.2.outcome.report.source_map.segments.0.origin.derived.30.method.name = [114,117,110]
methods.2.outcome.report.source_map.segments.0.origin.derived.30.method.owner.class_bytes.digest = "8f52587cb9c2c20434550685a3dea29dcc56f5daddd064010e51271187664085"
methods.2.outcome.report.source_map.segments.0.origin.derived.30.method.owner.class_bytes.length = 1018
methods.2.outcome.report.source_map.segments.0.origin.derived.30.method.owner.location.kind = "standalone_root"
methods.2.outcome.report.source_map.segments.0.origin.derived.30.method.owner.location.snapshot = "8f52587cb9c2c20434550685a3dea29dcc56f5daddd064010e51271187664085"
methods.2.outcome.report.source_map.segments.0.origin.derived.30.method.owner.variant.kind = "base"
methods.2.outcome.report.source_map.segments.0.origin.derived.30.provenance = "Derived"
methods.2.outcome.report.source_map.segments.0.origin.derived.31.bci = 59
methods.2.outcome.report.source_map.segments.0.origin.derived.31.cp = null
methods.2.outcome.report.source_map.segments.0.origin.derived.31.method.descriptor = [40,41,73]
methods.2.outcome.report.source_map.segments.0.origin.derived.31.method.name = [114,117,110]
methods.2.outcome.report.source_map.segments.0.origin.derived.31.method.owner.class_bytes.digest = "8f52587cb9c2c20434550685a3dea29dcc56f5daddd064010e51271187664085"
methods.2.outcome.report.source_map.segments.0.origin.derived.31.method.owner.class_bytes.length = 1018
methods.2.outcome.report.source_map.segments.0.origin.derived.31.method.owner.location.kind = "standalone_root"
methods.2.outcome.report.source_map.segments.0.origin.derived.31.method.owner.location.snapshot = "8f52587cb9c2c20434550685a3dea29dcc56f5daddd064010e51271187664085"
methods.2.outcome.report.source_map.segments.0.origin.derived.31.method.owner.variant.kind = "base"
methods.2.outcome.report.source_map.segments.0.origin.derived.31.provenance = "Derived"
methods.2.outcome.report.source_map.segments.0.origin.derived.32.bci = 60
methods.2.outcome.report.source_map.segments.0.origin.derived.32.cp = null
methods.2.outcome.report.source_map.segments.0.origin.derived.32.method.descriptor = [40,41,73]
methods.2.outcome.report.source_map.segments.0.origin.derived.32.method.name = [114,117,110]
methods.2.outcome.report.source_map.segments.0.origin.derived.32.method.owner.class_bytes.digest = "8f52587cb9c2c20434550685a3dea29dcc56f5daddd064010e51271187664085"
methods.2.outcome.report.source_map.segments.0.origin.derived.32.method.owner.class_bytes.length = 1018
methods.2.outcome.report.source_map.segments.0.origin.derived.32.method.owner.location.kind = "standalone_root"
methods.2.outcome.report.source_map.segments.0.origin.derived.32.method.owner.location.snapshot = "8f52587cb9c2c20434550685a3dea29dcc56f5daddd064010e51271187664085"
methods.2.outcome.report.source_map.segments.0.origin.derived.32.method.owner.variant.kind = "base"
methods.2.outcome.report.source_map.segments.0.origin.derived.32.provenance = "Derived"
methods.2.outcome.report.source_map.segments.0.origin.derived.33.bci = 63
methods.2.outcome.report.source_map.segments.0.origin.derived.33.cp = null
methods.2.outcome.report.source_map.segments.0.origin.derived.33.method.descriptor = [40,41,73]
methods.2.outcome.report.source_map.segments.0.origin.derived.33.method.name = [114,117,110]
methods.2.outcome.report.source_map.segments.0.origin.derived.33.method.owner.class_bytes.digest = "8f52587cb9c2c20434550685a3dea29dcc56f5daddd064010e51271187664085"
methods.2.outcome.report.source_map.segments.0.origin.derived.33.method.owner.class_bytes.length = 1018
methods.2.outcome.report.source_map.segments.0.origin.derived.33.method.owner.location.kind = "standalone_root"
methods.2.outcome.report.source_map.segments.0.origin.derived.33.method.owner.location.snapshot = "8f52587cb9c2c20434550685a3dea29dcc56f5daddd064010e51271187664085"
methods.2.outcome.report.source_map.segments.0.origin.derived.33.method.owner.variant.kind = "base"
methods.2.outcome.report.source_map.segments.0.origin.derived.33.provenance = "Derived"
methods.2.outcome.report.source_map.segments.0.origin.derived.34.bci = 66
methods.2.outcome.report.source_map.segments.0.origin.derived.34.cp = null
methods.2.outcome.report.source_map.segments.0.origin.derived.34.method.descriptor = [40,41,73]
methods.2.outcome.report.source_map.segments.0.origin.derived.34.method.name = [114,117,110]
methods.2.outcome.report.source_map.segments.0.origin.derived.34.method.owner.class_bytes.digest = "8f52587cb9c2c20434550685a3dea29dcc56f5daddd064010e51271187664085"
methods.2.outcome.report.source_map.segments.0.origin.derived.34.method.owner.class_bytes.length = 1018
methods.2.outcome.report.source_map.segments.0.origin.derived.34.method.owner.location.kind = "standalone_root"
methods.2.outcome.report.source_map.segments.0.origin.derived.34.method.owner.location.snapshot = "8f52587cb9c2c20434550685a3dea29dcc56f5daddd064010e51271187664085"
methods.2.outcome.report.source_map.segments.0.origin.derived.34.method.owner.variant.kind = "base"
methods.2.outcome.report.source_map.segments.0.origin.derived.34.provenance = "Derived"
methods.2.outcome.report.source_map.segments.0.origin.derived.35.bci = 69
methods.2.outcome.report.source_map.segments.0.origin.derived.35.cp = null
methods.2.outcome.report.source_map.segments.0.origin.derived.35.method.descriptor = [40,41,73]
methods.2.outcome.report.source_map.segments.0.origin.derived.35.method.name = [114,117,110]
methods.2.outcome.report.source_map.segments.0.origin.derived.35.method.owner.class_bytes.digest = "8f52587cb9c2c20434550685a3dea29dcc56f5daddd064010e51271187664085"
methods.2.outcome.report.source_map.segments.0.origin.derived.35.method.owner.class_bytes.length = 1018
methods.2.outcome.report.source_map.segments.0.origin.derived.35.method.owner.location.kind = "standalone_root"
methods.2.outcome.report.source_map.segments.0.origin.derived.35.method.owner.location.snapshot = "8f52587cb9c2c20434550685a3dea29dcc56f5daddd064010e51271187664085"
methods.2.outcome.report.source_map.segments.0.origin.derived.35.method.owner.variant.kind = "base"
methods.2.outcome.report.source_map.segments.0.origin.derived.35.provenance = "Derived"
methods.2.outcome.report.source_map.segments.0.origin.derived.36.bci = 72
methods.2.outcome.report.source_map.segments.0.origin.derived.36.cp = null
methods.2.outcome.report.source_map.segments.0.origin.derived.36.method.descriptor = [40,41,73]
methods.2.outcome.report.source_map.segments.0.origin.derived.36.method.name = [114,117,110]
methods.2.outcome.report.source_map.segments.0.origin.derived.36.method.owner.class_bytes.digest = "8f52587cb9c2c20434550685a3dea29dcc56f5daddd064010e51271187664085"
methods.2.outcome.report.source_map.segments.0.origin.derived.36.method.owner.class_bytes.length = 1018
methods.2.outcome.report.source_map.segments.0.origin.derived.36.method.owner.location.kind = "standalone_root"
methods.2.outcome.report.source_map.segments.0.origin.derived.36.method.owner.location.snapshot = "8f52587cb9c2c20434550685a3dea29dcc56f5daddd064010e51271187664085"
methods.2.outcome.report.source_map.segments.0.origin.derived.36.method.owner.variant.kind = "base"
methods.2.outcome.report.source_map.segments.0.origin.derived.36.provenance = "Derived"
methods.2.outcome.report.source_map.segments.0.origin.derived.37.bci = 73
methods.2.outcome.report.source_map.segments.0.origin.derived.37.cp = null
methods.2.outcome.report.source_map.segments.0.origin.derived.37.method.descriptor = [40,41,73]
methods.2.outcome.report.source_map.segments.0.origin.derived.37.method.name = [114,117,110]
methods.2.outcome.report.source_map.segments.0.origin.derived.37.method.owner.class_bytes.digest = "8f52587cb9c2c20434550685a3dea29dcc56f5daddd064010e51271187664085"
methods.2.outcome.report.source_map.segments.0.origin.derived.37.method.owner.class_bytes.length = 1018
methods.2.outcome.report.source_map.segments.0.origin.derived.37.method.owner.location.kind = "standalone_root"
methods.2.outcome.report.source_map.segments.0.origin.derived.37.method.owner.location.snapshot = "8f52587cb9c2c20434550685a3dea29dcc56f5daddd064010e51271187664085"
methods.2.outcome.report.source_map.segments.0.origin.derived.37.method.owner.variant.kind = "base"
methods.2.outcome.report.source_map.segments.0.origin.derived.37.provenance = "Derived"
methods.2.outcome.report.source_map.segments.0.origin.derived.38.bci = 76
methods.2.outcome.report.source_map.segments.0.origin.derived.38.cp = null
methods.2.outcome.report.source_map.segments.0.origin.derived.38.method.descriptor = [40,41,73]
methods.2.outcome.report.source_map.segments.0.origin.derived.38.method.name = [114,117,110]
methods.2.outcome.report.source_map.segments.0.origin.derived.38.method.owner.class_bytes.digest = "8f52587cb9c2c20434550685a3dea29dcc56f5daddd064010e51271187664085"
methods.2.outcome.report.source_map.segments.0.origin.derived.38.method.owner.class_bytes.length = 1018
methods.2.outcome.report.source_map.segments.0.origin.derived.38.method.owner.location.kind = "standalone_root"
methods.2.outcome.report.source_map.segments.0.origin.derived.38.method.owner.location.snapshot = "8f52587cb9c2c20434550685a3dea29dcc56f5daddd064010e51271187664085"
methods.2.outcome.report.source_map.segments.0.origin.derived.38.method.owner.variant.kind = "base"
methods.2.outcome.report.source_map.segments.0.origin.derived.38.provenance = "Derived"
methods.2.outcome.report.source_map.segments.0.origin.derived.39.bci = 78
methods.2.outcome.report.source_map.segments.0.origin.derived.39.cp = null
methods.2.outcome.report.source_map.segments.0.origin.derived.39.method.descriptor = [40,41,73]
methods.2.outcome.report.source_map.segments.0.origin.derived.39.method.name = [114,117,110]
methods.2.outcome.report.source_map.segments.0.origin.derived.39.method.owner.class_bytes.digest = "8f52587cb9c2c20434550685a3dea29dcc56f5daddd064010e51271187664085"
methods.2.outcome.report.source_map.segments.0.origin.derived.39.method.owner.class_bytes.length = 1018
methods.2.outcome.report.source_map.segments.0.origin.derived.39.method.owner.location.kind = "standalone_root"
methods.2.outcome.report.source_map.segments.0.origin.derived.39.method.owner.location.snapshot = "8f52587cb9c2c20434550685a3dea29dcc56f5daddd064010e51271187664085"
methods.2.outcome.report.source_map.segments.0.origin.derived.39.method.owner.variant.kind = "base"
methods.2.outcome.report.source_map.segments.0.origin.derived.39.provenance = "Derived"
methods.2.outcome.report.source_map.segments.0.origin.derived.40.bci = 79
methods.2.outcome.report.source_map.segments.0.origin.derived.40.cp = null
methods.2.outcome.report.source_map.segments.0.origin.derived.40.method.descriptor = [40,41,73]
methods.2.outcome.report.source_map.segments.0.origin.derived.40.method.name = [114,117,110]
methods.2.outcome.report.source_map.segments.0.origin.derived.40.method.owner.class_bytes.digest = "8f52587cb9c2c20434550685a3dea29dcc56f5daddd064010e51271187664085"
methods.2.outcome.report.source_map.segments.0.origin.derived.40.method.owner.class_bytes.length = 1018
methods.2.outcome.report.source_map.segments.0.origin.derived.40.method.owner.location.kind = "standalone_root"
methods.2.outcome.report.source_map.segments.0.origin.derived.40.method.owner.location.snapshot = "8f52587cb9c2c20434550685a3dea29dcc56f5daddd064010e51271187664085"
methods.2.outcome.report.source_map.segments.0.origin.derived.40.method.owner.variant.kind = "base"
methods.2.outcome.report.source_map.segments.0.origin.derived.40.provenance = "Derived"
methods.2.outcome.report.source_map.segments.0.origin.derived.41.bci = 82
methods.2.outcome.report.source_map.segments.0.origin.derived.41.cp = null
methods.2.outcome.report.source_map.segments.0.origin.derived.41.method.descriptor = [40,41,73]
methods.2.outcome.report.source_map.segments.0.origin.derived.41.method.name = [114,117,110]
methods.2.outcome.report.source_map.segments.0.origin.derived.41.method.owner.class_bytes.digest = "8f52587cb9c2c20434550685a3dea29dcc56f5daddd064010e51271187664085"
methods.2.outcome.report.source_map.segments.0.origin.derived.41.method.owner.class_bytes.length = 1018
methods.2.outcome.report.source_map.segments.0.origin.derived.41.method.owner.location.kind = "standalone_root"
methods.2.outcome.report.source_map.segments.0.origin.derived.41.method.owner.location.snapshot = "8f52587cb9c2c20434550685a3dea29dcc56f5daddd064010e51271187664085"
methods.2.outcome.report.source_map.segments.0.origin.derived.41.method.owner.variant.kind = "base"
methods.2.outcome.report.source_map.segments.0.origin.derived.41.provenance = "Derived"
methods.2.outcome.report.source_map.segments.0.origin.derived.42.bci = 85
methods.2.outcome.report.source_map.segments.0.origin.derived.42.cp = null
methods.2.outcome.report.source_map.segments.0.origin.derived.42.method.descriptor = [40,41,73]
methods.2.outcome.report.source_map.segments.0.origin.derived.42.method.name = [114,117,110]
methods.2.outcome.report.source_map.segments.0.origin.derived.42.method.owner.class_bytes.digest = "8f52587cb9c2c20434550685a3dea29dcc56f5daddd064010e51271187664085"
methods.2.outcome.report.source_map.segments.0.origin.derived.42.method.owner.class_bytes.length = 1018
methods.2.outcome.report.source_map.segments.0.origin.derived.42.method.owner.location.kind = "standalone_root"
methods.2.outcome.report.source_map.segments.0.origin.derived.42.method.owner.location.snapshot = "8f52587cb9c2c20434550685a3dea29dcc56f5daddd064010e51271187664085"
methods.2.outcome.report.source_map.segments.0.origin.derived.42.method.owner.variant.kind = "base"
methods.2.outcome.report.source_map.segments.0.origin.derived.42.provenance = "Derived"
methods.2.outcome.report.source_map.segments.0.origin.derived.43.bci = 88
methods.2.outcome.report.source_map.segments.0.origin.derived.43.cp = null
methods.2.outcome.report.source_map.segments.0.origin.derived.43.method.descriptor = [40,41,73]
methods.2.outcome.report.source_map.segments.0.origin.derived.43.method.name = [114,117,110]
methods.2.outcome.report.source_map.segments.0.origin.derived.43.method.owner.class_bytes.digest = "8f52587cb9c2c20434550685a3dea29dcc56f5daddd064010e51271187664085"
methods.2.outcome.report.source_map.segments.0.origin.derived.43.method.owner.class_bytes.length = 1018
methods.2.outcome.report.source_map.segments.0.origin.derived.43.method.owner.location.kind = "standalone_root"
methods.2.outcome.report.source_map.segments.0.origin.derived.43.method.owner.location.snapshot = "8f52587cb9c2c20434550685a3dea29dcc56f5daddd064010e51271187664085"
methods.2.outcome.report.source_map.segments.0.origin.derived.43.method.owner.variant.kind = "base"
methods.2.outcome.report.source_map.segments.0.origin.derived.43.provenance = "Derived"
methods.2.outcome.report.source_map.segments.0.origin.derived.44.bci = 91
methods.2.outcome.report.source_map.segments.0.origin.derived.44.cp = null
methods.2.outcome.report.source_map.segments.0.origin.derived.44.method.descriptor = [40,41,73]
methods.2.outcome.report.source_map.segments.0.origin.derived.44.method.name = [114,117,110]
methods.2.outcome.report.source_map.segments.0.origin.derived.44.method.owner.class_bytes.digest = "8f52587cb9c2c20434550685a3dea29dcc56f5daddd064010e51271187664085"
methods.2.outcome.report.source_map.segments.0.origin.derived.44.method.owner.class_bytes.length = 1018
methods.2.outcome.report.source_map.segments.0.origin.derived.44.method.owner.location.kind = "standalone_root"
methods.2.outcome.report.source_map.segments.0.origin.derived.44.method.owner.location.snapshot = "8f52587cb9c2c20434550685a3dea29dcc56f5daddd064010e51271187664085"
methods.2.outcome.report.source_map.segments.0.origin.derived.44.method.owner.variant.kind = "base"
methods.2.outcome.report.source_map.segments.0.origin.derived.44.provenance = "Derived"
methods.2.outcome.report.source_map.segments.0.origin.derived.45.bci = 92
methods.2.outcome.report.source_map.segments.0.origin.derived.45.cp = null
methods.2.outcome.report.source_map.segments.0.origin.derived.45.method.descriptor = [40,41,73]
methods.2.outcome.report.source_map.segments.0.origin.derived.45.method.name = [114,117,110]
methods.2.outcome.report.source_map.segments.0.origin.derived.45.method.owner.class_bytes.digest = "8f52587cb9c2c20434550685a3dea29dcc56f5daddd064010e51271187664085"
methods.2.outcome.report.source_map.segments.0.origin.derived.45.method.owner.class_bytes.length = 1018
methods.2.outcome.report.source_map.segments.0.origin.derived.45.method.owner.location.kind = "standalone_root"
methods.2.outcome.report.source_map.segments.0.origin.derived.45.method.owner.location.snapshot = "8f52587cb9c2c20434550685a3dea29dcc56f5daddd064010e51271187664085"
methods.2.outcome.report.source_map.segments.0.origin.derived.45.method.owner.variant.kind = "base"
methods.2.outcome.report.source_map.segments.0.origin.derived.45.provenance = "Derived"
methods.2.outcome.report.source_map.segments.0.origin.primary.bci = 0
methods.2.outcome.report.source_map.segments.0.origin.primary.cp = null
methods.2.outcome.report.source_map.segments.0.origin.primary.method.descriptor = [40,41,73]
methods.2.outcome.report.source_map.segments.0.origin.primary.method.name = [114,117,110]
methods.2.outcome.report.source_map.segments.0.origin.primary.method.owner.class_bytes.digest = "8f52587cb9c2c20434550685a3dea29dcc56f5daddd064010e51271187664085"
methods.2.outcome.report.source_map.segments.0.origin.primary.method.owner.class_bytes.length = 1018
methods.2.outcome.report.source_map.segments.0.origin.primary.method.owner.location.kind = "standalone_root"
methods.2.outcome.report.source_map.segments.0.origin.primary.method.owner.location.snapshot = "8f52587cb9c2c20434550685a3dea29dcc56f5daddd064010e51271187664085"
methods.2.outcome.report.source_map.segments.0.origin.primary.method.owner.variant.kind = "base"
methods.2.outcome.report.source_map.segments.0.origin.primary.provenance = "Direct"
methods.2.outcome.report.source_map.segments.0.start = 167
methods.2.outcome.report.syntax_status = "not_java"
methods.2.outcome.report.text = "// @method run()I\n// @declaration a static method of `ExceptionRegionsAudit`, member flags 0x000a\n// recovered from bytecode; presentation is not claimed to compile\n{\n    // @bytecode 0 1 4 5 6 7 8 9 10 13 14 17 20 21 22 25 28 29 30 33 34 35 38 39 42 44 45 48 49 52 55 58 59 60 63 66 69 72 73 76 78 79 82 85 88 91 92\n    // the graph is not reducible over 8 block(s) [8, 13, 17, 28, 85, 58, 63, 66]: a loop is entered at more than its header or two loops cross, which no Java structure spells\n}\n"
methods.2.outcome.report.verification = "not_performed"
methods.2.parameter_annotations.attributes = []
methods.2.parameter_annotations.refusals = []
methods.2.parameter_annotations.uses_by_position = []
methods.2.text = "    private static int run() {\n        // jarde: not recovered: the recovery run for `run()I` produced no statement (explanation only); the artifact's own comment lines are below\n        // @method run()I\n        // @declaration a static method of `ExceptionRegionsAudit`, member flags 0x000a\n        // recovered from bytecode; presentation is not claimed to compile\n        // @bytecode 0 1 4 5 6 7 8 9 10 13 14 17 20 21 22 25 28 29 30 33 34 35 38 39 42 44 45 48 49 52 55 58 59 60 63 66 69 72 73 76 78 79 82 85 88 91 92\n        // the graph is not reducible over 8 block(s) [8, 13, 17, 28, 85, 58, 63, 66]: a loop is entered at more than its header or two loops cross, which no Java structure spells\n    }\n"
methods.2.type_annotations.attributes = []
methods.2.type_annotations.field_uses = []
methods.2.type_annotations.parameter_uses = []
methods.2.type_annotations.refusals = []
methods.2.type_annotations.return_uses = []
methods.3.annotations.attributes = []
methods.3.annotations.refusals = []
methods.3.annotations.uses = []
methods.3.declaration = "public static void main(java.lang.String[] arg0)"
methods.3.item.access_flags = 9
methods.3.item.body.content_span.length = 46
methods.3.item.body.content_span.start = 970
methods.3.item.body.kind = "code_attribute"
methods.3.item.descriptor.escaped = "([Ljava/lang/String;)V"
methods.3.item.descriptor.raw = [40,91,76,106,97,118,97,47,108,97,110,103,47,83,116,114,105,110,103,59,41,86]
methods.3.item.descriptor.utf16 = [40,91,76,106,97,118,97,47,108,97,110,103,47,83,116,114,105,110,103,59,41,86]
methods.3.item.identity.descriptor = [40,91,76,106,97,118,97,47,108,97,110,103,47,83,116,114,105,110,103,59,41,86]
methods.3.item.identity.name = [109,97,105,110]
methods.3.item.identity.owner.class_bytes.digest = "8f52587cb9c2c20434550685a3dea29dcc56f5daddd064010e51271187664085"
methods.3.item.identity.owner.class_bytes.length = 1018
methods.3.item.identity.owner.location.kind = "standalone_root"
methods.3.item.identity.owner.location.snapshot = "8f52587cb9c2c20434550685a3dea29dcc56f5daddd064010e51271187664085"
methods.3.item.identity.owner.variant.kind = "base"
methods.3.item.index = 3
methods.3.item.name.escaped = "main"
methods.3.item.name.raw = [109,97,105,110]
methods.3.item.name.utf16 = [109,97,105,110]
methods.3.markers = []
methods.3.no_body_kind = null
methods.3.outcome.analysis.diagnostics = 0
methods.3.outcome.analysis.execution.status = "complete"
methods.3.outcome.analysis.execution.usage.analysis_steps = 1182
methods.3.outcome.analysis.execution.usage.archive_entries = 0
methods.3.outcome.analysis.execution.usage.attribute_bytes = 969
methods.3.outcome.analysis.execution.usage.class_bytes = 2036
methods.3.outcome.analysis.execution.usage.class_headers = 1
methods.3.outcome.analysis.execution.usage.code_bytes = 173
methods.3.outcome.analysis.execution.usage.dependency_depth = 0
methods.3.outcome.analysis.execution.usage.elapsed_millis = 39
methods.3.outcome.analysis.execution.usage.entry_bytes = 0
methods.3.outcome.analysis.execution.usage.input_bytes = 1018
methods.3.outcome.analysis.execution.usage.ir_edges = 234
methods.3.outcome.analysis.execution.usage.ir_items = 2294
methods.3.outcome.analysis.execution.usage.method_bodies = 4
methods.3.outcome.analysis.execution.usage.nested_depth = 0
methods.3.outcome.analysis.execution.usage.normalization_clones = 0
methods.3.outcome.analysis.execution.usage.output_bytes = 2152
methods.3.outcome.analysis.execution.usage.read_bytes = 1018
methods.3.outcome.analysis.execution.usage.result_items = 14
methods.3.outcome.kind = "recovered"
methods.3.outcome.report.accessors = []
methods.3.outcome.report.aliased_names = []
methods.3.outcome.report.artifact.agreement.state = "not_stated"
methods.3.outcome.report.artifact.binding.engine = "0.1.0"
methods.3.outcome.report.artifact.binding.environment.content = ["8f52587cb9c2c20434550685a3dea29dcc56f5daddd064010e51271187664085"]
methods.3.outcome.report.artifact.binding.environment.domain_loaders = ["app"]
methods.3.outcome.report.artifact.binding.environment.providers = []
methods.3.outcome.report.artifact.binding.environment.runtime.load_domain.delegation.kind = "parent_first"
methods.3.outcome.report.artifact.binding.environment.runtime.load_domain.external_override = "none"
methods.3.outcome.report.artifact.binding.environment.runtime.load_domain.loader = "app"
methods.3.outcome.report.artifact.binding.environment.runtime.load_domain.module_mode.kind = "class_path"
methods.3.outcome.report.artifact.binding.environment.runtime.load_domain.parent_loader = null
methods.3.outcome.report.artifact.binding.environment.runtime.load_domain.roots.0.kind = "standalone_class"
methods.3.outcome.report.artifact.binding.environment.runtime.load_domain.roots.0.snapshot = "8f52587cb9c2c20434550685a3dea29dcc56f5daddd064010e51271187664085"
methods.3.outcome.report.artifact.binding.environment.runtime.load_domain.runtime_transformation = "none"
methods.3.outcome.report.artifact.binding.environment.runtime.physical.scope.kind = "snapshot_all"
methods.3.outcome.report.artifact.binding.environment.runtime.physical.snapshot = "8f52587cb9c2c20434550685a3dea29dcc56f5daddd064010e51271187664085"
methods.3.outcome.report.artifact.binding.environment.runtime.profile.java_release = 8
methods.3.outcome.report.artifact.binding.environment.runtime.profile.layout.kind = "generic"
methods.3.outcome.report.artifact.binding.environment.runtime.profile.multi_release.kind = "disabled"
methods.3.outcome.report.artifact.binding.member_ordinal = 3
methods.3.outcome.report.artifact.binding.method.descriptor = [40,91,76,106,97,118,97,47,108,97,110,103,47,83,116,114,105,110,103,59,41,86]
methods.3.outcome.report.artifact.binding.method.name = [109,97,105,110]
methods.3.outcome.report.artifact.binding.method.owner.class_bytes.digest = "8f52587cb9c2c20434550685a3dea29dcc56f5daddd064010e51271187664085"
methods.3.outcome.report.artifact.binding.method.owner.class_bytes.length = 1018
methods.3.outcome.report.artifact.binding.method.owner.location.kind = "standalone_root"
methods.3.outcome.report.artifact.binding.method.owner.location.snapshot = "8f52587cb9c2c20434550685a3dea29dcc56f5daddd064010e51271187664085"
methods.3.outcome.report.artifact.binding.method.owner.variant.kind = "base"
methods.3.outcome.report.artifact.binding.profile.java_release = 8
methods.3.outcome.report.artifact.binding.profile.layout.kind = "generic"
methods.3.outcome.report.artifact.binding.profile.multi_release.kind = "disabled"
methods.3.outcome.report.artifact.binding.registry = 71
methods.3.outcome.report.artifact.binding.rules = ["straight@1","if@1","loop@1","switch@1","lambda@1","concat@1","bridge@1","accessor@1","new@1","field@1","enumswitch@1","init@1","declaration@1","twr@1","monitor@1","finally@1"]
methods.3.outcome.report.artifact.binding.schema = 1
methods.3.outcome.report.artifact.binding.text_bytes = 360
methods.3.outcome.report.artifact.binding.text_digest = "5e7064ce903cb6bdb84246767e108dcf"
methods.3.outcome.report.bridges = []
methods.3.outcome.report.compile_status = "not_attempted"
methods.3.outcome.report.concats = []
methods.3.outcome.report.content = "contains_statements"
methods.3.outcome.report.declaration = null
methods.3.outcome.report.diagnostics.0.code = "jre_recovery_produced"
methods.3.outcome.report.diagnostics.0.message = "1 region(s), 2 statement(s), 15 segment(s), 360 byte(s) written from 1 canonical block(s)"
methods.3.outcome.report.diagnostics.0.provenance = null
methods.3.outcome.report.diagnostics.0.severity = "info"
methods.3.outcome.report.diagnostics.1.code = "jre_concat_interleaved_effect"
methods.3.outcome.report.diagnostics.1.message = "the concatenation at BCI 3 was not presented: the instruction at BCI 21 is an Field { access: Read, is_static: true, owner: \"ExceptionRegionsAudit\", name: \"effects\", descriptor: \"I\" } between the chain's own instructions, and presenting the concatenation would write the `append` calls around it: the effect at BCI 21 would run in a different order or a different number of times"
methods.3.outcome.report.diagnostics.1.provenance = null
methods.3.outcome.report.diagnostics.1.severity = "warning"
methods.3.outcome.report.diagnostics.2.code = "jre_concat_chains"
methods.3.outcome.report.diagnostics.2.message = "1 concatenation candidate(s) read under concat@1: 0 presented, 1 refused"
methods.3.outcome.report.diagnostics.2.provenance = null
methods.3.outcome.report.diagnostics.2.severity = "info"
methods.3.outcome.report.diagnostics.3.code = "jre_new_sites"
methods.3.outcome.report.diagnostics.3.message = "1 construction candidate(s) read under new@1: 1 presented as `new`, 0 refused"
methods.3.outcome.report.diagnostics.3.provenance = null
methods.3.outcome.report.diagnostics.3.severity = "info"
methods.3.outcome.report.diagnostics.4.code = "jre_field_accesses"
methods.3.outcome.report.diagnostics.4.message = "2 field instruction(s) read under field@1: 2 presented, 0 refused"
methods.3.outcome.report.diagnostics.4.provenance = null
methods.3.outcome.report.diagnostics.4.severity = "info"
methods.3.outcome.report.diagnostics.5.code = "jre_declaration"
methods.3.outcome.report.diagnostics.5.message = "the artifact's envelope states the member's declaration under declaration@1: a static method"
methods.3.outcome.report.diagnostics.5.provenance = null
methods.3.outcome.report.diagnostics.5.severity = "info"
methods.3.outcome.report.enum_switches = []
methods.3.outcome.report.evidence.categories.0.kind = "source_map"
methods.3.outcome.report.evidence.categories.0.state.state = "complete"
methods.3.outcome.report.evidence.categories.1.kind = "region_details"
methods.3.outcome.report.evidence.categories.1.state.state = "not_requested"
methods.3.outcome.report.evidence.categories.2.kind = "rule_details"
methods.3.outcome.report.evidence.categories.2.state.state = "not_requested"
methods.3.outcome.report.evidence.categories.3.kind = "name_details"
methods.3.outcome.report.evidence.categories.3.state.state = "not_requested"
methods.3.outcome.report.evidence.categories.4.kind = "read_details"
methods.3.outcome.report.evidence.categories.4.state.state = "not_requested"
methods.3.outcome.report.evidence.requested.driver_bci_range = null
methods.3.outcome.report.evidence.requested.expected_artifact = null
methods.3.outcome.report.evidence.requested.kinds = ["source_map"]
methods.3.outcome.report.execution.status = "complete"
methods.3.outcome.report.execution.usage.analysis_steps = 1249
methods.3.outcome.report.execution.usage.archive_entries = 0
methods.3.outcome.report.execution.usage.attribute_bytes = 1615
methods.3.outcome.report.execution.usage.class_bytes = 4072
methods.3.outcome.report.execution.usage.class_headers = 3
methods.3.outcome.report.execution.usage.code_bytes = 173
methods.3.outcome.report.execution.usage.dependency_depth = 0
methods.3.outcome.report.execution.usage.elapsed_millis = 40
methods.3.outcome.report.execution.usage.entry_bytes = 0
methods.3.outcome.report.execution.usage.input_bytes = 1018
methods.3.outcome.report.execution.usage.ir_edges = 234
methods.3.outcome.report.execution.usage.ir_items = 2555
methods.3.outcome.report.execution.usage.method_bodies = 4
methods.3.outcome.report.execution.usage.nested_depth = 0
methods.3.outcome.report.execution.usage.normalization_clones = 0
methods.3.outcome.report.execution.usage.output_bytes = 4548
methods.3.outcome.report.execution.usage.read_bytes = 3054
methods.3.outcome.report.execution.usage.result_items = 14
methods.3.outcome.report.fallbacks = []
methods.3.outcome.report.fields = []
methods.3.outcome.report.init = null
methods.3.outcome.report.lambdas = []
methods.3.outcome.report.method = "main([Ljava/lang/String;)V"
methods.3.outcome.report.news = []
methods.3.outcome.report.outcome = "produced"
methods.3.outcome.report.profile.java_release = 8
methods.3.outcome.report.profile.layout.kind = "generic"
methods.3.outcome.report.profile.multi_release.kind = "disabled"
methods.3.outcome.report.quality = "structured"
methods.3.outcome.report.regions = []
methods.3.outcome.report.representation = "java"
methods.3.outcome.report.rules = []
methods.3.outcome.report.semantic_validation = "unproven"
methods.3.outcome.report.source_map.segments.0.end = 207
methods.3.outcome.report.source_map.segments.0.origin.derived = []
methods.3.outcome.report.source_map.segments.0.origin.primary.bci = 0
methods.3.outcome.report.source_map.segments.0.origin.primary.cp = null
methods.3.outcome.report.source_map.segments.0.origin.primary.method.descriptor = [40,91,76,106,97,118,97,47,108,97,110,103,47,83,116,114,105,110,103,59,41,86]
methods.3.outcome.report.source_map.segments.0.origin.primary.method.name = [109,97,105,110]
methods.3.outcome.report.source_map.segments.0.origin.primary.method.owner.class_bytes.digest = "8f52587cb9c2c20434550685a3dea29dcc56f5daddd064010e51271187664085"
methods.3.outcome.report.source_map.segments.0.origin.primary.method.owner.class_bytes.length = 1018
methods.3.outcome.report.source_map.segments.0.origin.primary.method.owner.location.kind = "standalone_root"
methods.3.outcome.report.source_map.segments.0.origin.primary.method.owner.location.snapshot = "8f52587cb9c2c20434550685a3dea29dcc56f5daddd064010e51271187664085"
methods.3.outcome.report.source_map.segments.0.origin.primary.method.owner.variant.kind = "base"
methods.3.outcome.report.source_map.segments.0.origin.primary.provenance = "Direct"
methods.3.outcome.report.source_map.segments.0.start = 191
methods.3.outcome.report.source_map.segments.1.end = 211
methods.3.outcome.report.source_map.segments.1.origin.derived = []
methods.3.outcome.report.source_map.segments.1.origin.primary.bci = 0
methods.3.outcome.report.source_map.segments.1.origin.primary.cp = null
methods.3.outcome.report.source_map.segments.1.origin.primary.method.descriptor = [40,91,76,106,97,118,97,47,108,97,110,103,47,83,116,114,105,110,103,59,41,86]
methods.3.outcome.report.source_map.segments.1.origin.primary.method.name = [109,97,105,110]
methods.3.outcome.report.source_map.segments.1.origin.primary.method.owner.class_bytes.digest = "8f52587cb9c2c20434550685a3dea29dcc56f5daddd064010e51271187664085"
methods.3.outcome.report.source_map.segments.1.origin.primary.method.owner.class_bytes.length = 1018
methods.3.outcome.report.source_map.segments.1.origin.primary.method.owner.location.kind = "standalone_root"
methods.3.outcome.report.source_map.segments.1.origin.primary.method.owner.location.snapshot = "8f52587cb9c2c20434550685a3dea29dcc56f5daddd064010e51271187664085"
methods.3.outcome.report.source_map.segments.1.origin.primary.method.owner.variant.kind = "base"
methods.3.outcome.report.source_map.segments.1.origin.primary.provenance = "Direct"
methods.3.outcome.report.source_map.segments.1.start = 191
methods.3.outcome.report.source_map.segments.2.end = 268
methods.3.outcome.report.source_map.segments.2.origin.derived.0.bci = 3
methods.3.outcome.report.source_map.segments.2.origin.derived.0.cp = null
methods.3.outcome.report.source_map.segments.2.origin.derived.0.method.descriptor = [40,91,76,106,97,118,97,47,108,97,110,103,47,83,116,114,105,110,103,59,41,86]
methods.3.outcome.report.source_map.segments.2.origin.derived.0.method.name = [109,97,105,110]
methods.3.outcome.report.source_map.segments.2.origin.derived.0.method.owner.class_bytes.digest = "8f52587cb9c2c20434550685a3dea29dcc56f5daddd064010e51271187664085"
methods.3.outcome.report.source_map.segments.2.origin.derived.0.method.owner.class_bytes.length = 1018
methods.3.outcome.report.source_map.segments.2.origin.derived.0.method.owner.location.kind = "standalone_root"
methods.3.outcome.report.source_map.segments.2.origin.derived.0.method.owner.location.snapshot = "8f52587cb9c2c20434550685a3dea29dcc56f5daddd064010e51271187664085"
methods.3.outcome.report.source_map.segments.2.origin.derived.0.method.owner.variant.kind = "base"
methods.3.outcome.report.source_map.segments.2.origin.derived.0.provenance = "Derived"
methods.3.outcome.report.source_map.segments.2.origin.derived.1.bci = 6
methods.3.outcome.report.source_map.segments.2.origin.derived.1.cp = null
methods.3.outcome.report.source_map.segments.2.origin.derived.1.method.descriptor = [40,91,76,106,97,118,97,47,108,97,110,103,47,83,116,114,105,110,103,59,41,86]
methods.3.outcome.report.source_map.segments.2.origin.derived.1.method.name = [109,97,105,110]
methods.3.outcome.report.source_map.segments.2.origin.derived.1.method.owner.class_bytes.digest = "8f52587cb9c2c20434550685a3dea29dcc56f5daddd064010e51271187664085"
methods.3.outcome.report.source_map.segments.2.origin.derived.1.method.owner.class_bytes.length = 1018
methods.3.outcome.report.source_map.segments.2.origin.derived.1.method.owner.location.kind = "standalone_root"
methods.3.outcome.report.source_map.segments.2.origin.derived.1.method.owner.location.snapshot = "8f52587cb9c2c20434550685a3dea29dcc56f5daddd064010e51271187664085"
methods.3.outcome.report.source_map.segments.2.origin.derived.1.method.owner.variant.kind = "base"
methods.3.outcome.report.source_map.segments.2.origin.derived.1.provenance = "Derived"
methods.3.outcome.report.source_map.segments.2.origin.primary.bci = 7
methods.3.outcome.report.source_map.segments.2.origin.primary.cp = null
methods.3.outcome.report.source_map.segments.2.origin.primary.method.descriptor = [40,91,76,106,97,118,97,47,108,97,110,103,47,83,116,114,105,110,103,59,41,86]
methods.3.outcome.report.source_map.segments.2.origin.primary.method.name = [109,97,105,110]
methods.3.outcome.report.source_map.segments.2.origin.primary.method.owner.class_bytes.digest = "8f52587cb9c2c20434550685a3dea29dcc56f5daddd064010e51271187664085"
methods.3.outcome.report.source_map.segments.2.origin.primary.method.owner.class_bytes.length = 1018
methods.3.outcome.report.source_map.segments.2.origin.primary.method.owner.location.kind = "standalone_root"
methods.3.outcome.report.source_map.segments.2.origin.primary.method.owner.location.snapshot = "8f52587cb9c2c20434550685a3dea29dcc56f5daddd064010e51271187664085"
methods.3.outcome.report.source_map.segments.2.origin.primary.method.owner.variant.kind = "base"
methods.3.outcome.report.source_map.segments.2.origin.primary.provenance = "Direct"
methods.3.outcome.report.source_map.segments.2.start = 239
methods.3.outcome.report.source_map.segments.3.end = 281
methods.3.outcome.report.source_map.segments.3.origin.derived = []
methods.3.outcome.report.source_map.segments.3.origin.primary.bci = 10
methods.3.outcome.report.source_map.segments.3.origin.primary.cp = null
methods.3.outcome.report.source_map.segments.3.origin.primary.method.descriptor = [40,91,76,106,97,118,97,47,108,97,110,103,47,83,116,114,105,110,103,59,41,86]
methods.3.outcome.report.source_map.segments.3.origin.primary.method.name = [109,97,105,110]
methods.3.outcome.report.source_map.segments.3.origin.primary.method.owner.class_bytes.digest = "8f52587cb9c2c20434550685a3dea29dcc56f5daddd064010e51271187664085"
methods.3.outcome.report.source_map.segments.3.origin.primary.method.owner.class_bytes.length = 1018
methods.3.outcome.report.source_map.segments.3.origin.primary.method.owner.location.kind = "standalone_root"
methods.3.outcome.report.source_map.segments.3.origin.primary.method.owner.location.snapshot = "8f52587cb9c2c20434550685a3dea29dcc56f5daddd064010e51271187664085"
methods.3.outcome.report.source_map.segments.3.origin.primary.method.owner.variant.kind = "base"
methods.3.outcome.report.source_map.segments.3.origin.primary.provenance = "Direct"
methods.3.outcome.report.source_map.segments.3.start = 276
methods.3.outcome.report.source_map.segments.4.end = 282
methods.3.outcome.report.source_map.segments.4.origin.derived = []
methods.3.outcome.report.source_map.segments.4.origin.primary.bci = 13
methods.3.outcome.report.source_map.segments.4.origin.primary.cp = null
methods.3.outcome.report.source_map.segments.4.origin.primary.method.descriptor = [40,91,76,106,97,118,97,47,108,97,110,103,47,83,116,114,105,110,103,59,41,86]
methods.3.outcome.report.source_map.segments.4.origin.primary.method.name = [109,97,105,110]
methods.3.outcome.report.source_map.segments.4.origin.primary.method.owner.class_bytes.digest = "8f52587cb9c2c20434550685a3dea29dcc56f5daddd064010e51271187664085"
methods.3.outcome.report.source_map.segments.4.origin.primary.method.owner.class_bytes.length = 1018
methods.3.outcome.report.source_map.segments.4.origin.primary.method.owner.location.kind = "standalone_root"
methods.3.outcome.report.source_map.segments.4.origin.primary.method.owner.location.snapshot = "8f52587cb9c2c20434550685a3dea29dcc56f5daddd064010e51271187664085"
methods.3.outcome.report.source_map.segments.4.origin.primary.method.owner.variant.kind = "base"
methods.3.outcome.report.source_map.segments.4.origin.primary.provenance = "Direct"
methods.3.outcome.report.source_map.segments.4.start = 239
methods.3.outcome.report.source_map.segments.5.end = 293
methods.3.outcome.report.source_map.segments.5.origin.derived = []
methods.3.outcome.report.source_map.segments.5.origin.primary.bci = 16
methods.3.outcome.report.source_map.segments.5.origin.primary.cp = null
methods.3.outcome.report.source_map.segments.5.origin.primary.method.descriptor = [40,91,76,106,97,118,97,47,108,97,110,103,47,83,116,114,105,110,103,59,41,86]
methods.3.outcome.report.source_map.segments.5.origin.primary.method.name = [109,97,105,110]
methods.3.outcome.report.source_map.segments.5.origin.primary.method.owner.class_bytes.digest = "8f52587cb9c2c20434550685a3dea29dcc56f5daddd064010e51271187664085"
methods.3.outcome.report.source_map.segments.5.origin.primary.method.owner.class_bytes.length = 1018
methods.3.outcome.report.source_map.segments.5.origin.primary.method.owner.location.kind = "standalone_root"
methods.3.outcome.report.source_map.segments.5.origin.primary.method.owner.location.snapshot = "8f52587cb9c2c20434550685a3dea29dcc56f5daddd064010e51271187664085"
methods.3.outcome.report.source_map.segments.5.origin.primary.method.owner.variant.kind = "base"
methods.3.outcome.report.source_map.segments.5.origin.primary.provenance = "Direct"
methods.3.outcome.report.source_map.segments.5.start = 290
methods.3.outcome.report.source_map.segments.6.end = 294
methods.3.outcome.report.source_map.segments.6.origin.derived = []
methods.3.outcome.report.source_map.segments.6.origin.primary.bci = 18
methods.3.outcome.report.source_map.segments.6.origin.primary.cp = null
methods.3.outcome.report.source_map.segments.6.origin.primary.method.descriptor = [40,91,76,106,97,118,97,47,108,97,110,103,47,83,116,114,105,110,103,59,41,86]
methods.3.outcome.report.source_map.segments.6.origin.primary.method.name = [109,97,105,110]
methods.3.outcome.report.source_map.segments.6.origin.primary.method.owner.class_bytes.digest = "8f52587cb9c2c20434550685a3dea29dcc56f5daddd064010e51271187664085"
methods.3.outcome.report.source_map.segments.6.origin.primary.method.owner.class_bytes.length = 1018
methods.3.outcome.report.source_map.segments.6.origin.primary.method.owner.location.kind = "standalone_root"
methods.3.outcome.report.source_map.segments.6.origin.primary.method.owner.location.snapshot = "8f52587cb9c2c20434550685a3dea29dcc56f5daddd064010e51271187664085"
methods.3.outcome.report.source_map.segments.6.origin.primary.method.owner.variant.kind = "base"
methods.3.outcome.report.source_map.segments.6.origin.primary.provenance = "Direct"
methods.3.outcome.report.source_map.segments.6.start = 239
methods.3.outcome.report.source_map.segments.7.end = 323
methods.3.outcome.report.source_map.segments.7.origin.derived = []
methods.3.outcome.report.source_map.segments.7.origin.primary.bci = 21
methods.3.outcome.report.source_map.segments.7.origin.primary.cp = null
methods.3.outcome.report.source_map.segments.7.origin.primary.method.descriptor = [40,91,76,106,97,118,97,47,108,97,110,103,47,83,116,114,105,110,103,59,41,86]
methods.3.outcome.report.source_map.segments.7.origin.primary.method.name = [109,97,105,110]
methods.3.outcome.report.source_map.segments.7.origin.primary.method.owner.class_bytes.digest = "8f52587cb9c2c20434550685a3dea29dcc56f5daddd064010e51271187664085"
methods.3.outcome.report.source_map.segments.7.origin.primary.method.owner.class_bytes.length = 1018
methods.3.outcome.report.source_map.segments.7.origin.primary.method.owner.location.kind = "standalone_root"
methods.3.outcome.report.source_map.segments.7.origin.primary.method.owner.location.snapshot = "8f52587cb9c2c20434550685a3dea29dcc56f5daddd064010e51271187664085"
methods.3.outcome.report.source_map.segments.7.origin.primary.method.owner.variant.kind = "base"
methods.3.outcome.report.source_map.segments.7.origin.primary.provenance = "Direct"
methods.3.outcome.report.source_map.segments.7.start = 302
methods.3.outcome.report.source_map.segments.8.end = 331
methods.3.outcome.report.source_map.segments.8.origin.derived = []
methods.3.outcome.report.source_map.segments.8.origin.primary.bci = 21
methods.3.outcome.report.source_map.segments.8.origin.primary.cp = null
methods.3.outcome.report.source_map.segments.8.origin.primary.method.descriptor = [40,91,76,106,97,118,97,47,108,97,110,103,47,83,116,114,105,110,103,59,41,86]
methods.3.outcome.report.source_map.segments.8.origin.primary.method.name = [109,97,105,110]
methods.3.outcome.report.source_map.segments.8.origin.primary.method.owner.class_bytes.digest = "8f52587cb9c2c20434550685a3dea29dcc56f5daddd064010e51271187664085"
methods.3.outcome.report.source_map.segments.8.origin.primary.method.owner.class_bytes.length = 1018
methods.3.outcome.report.source_map.segments.8.origin.primary.method.owner.location.kind = "standalone_root"
methods.3.outcome.report.source_map.segments.8.origin.primary.method.owner.location.snapshot = "8f52587cb9c2c20434550685a3dea29dcc56f5daddd064010e51271187664085"
methods.3.outcome.report.source_map.segments.8.origin.primary.method.owner.variant.kind = "base"
methods.3.outcome.report.source_map.segments.8.origin.primary.provenance = "Direct"
methods.3.outcome.report.source_map.segments.8.start = 302
methods.3.outcome.report.source_map.segments.9.end = 332
methods.3.outcome.report.source_map.segments.9.origin.derived = []
methods.3.outcome.report.source_map.segments.9.origin.primary.bci = 24
methods.3.outcome.report.source_map.segments.9.origin.primary.cp = null
methods.3.outcome.report.source_map.segments.9.origin.primary.method.descriptor = [40,91,76,106,97,118,97,47,108,97,110,103,47,83,116,114,105,110,103,59,41,86]
methods.3.outcome.report.source_map.segments.9.origin.primary.method.name = [109,97,105,110]
methods.3.outcome.report.source_map.segments.9.origin.primary.method.owner.class_bytes.digest = "8f52587cb9c2c20434550685a3dea29dcc56f5daddd064010e51271187664085"
methods.3.outcome.report.source_map.segments.9.origin.primary.method.owner.class_bytes.length = 1018
methods.3.outcome.report.source_map.segments.9.origin.primary.method.owner.location.kind = "standalone_root"
methods.3.outcome.report.source_map.segments.9.origin.primary.method.owner.location.snapshot = "8f52587cb9c2c20434550685a3dea29dcc56f5daddd064010e51271187664085"
methods.3.outcome.report.source_map.segments.9.origin.primary.method.owner.variant.kind = "base"
methods.3.outcome.report.source_map.segments.9.origin.primary.provenance = "Direct"
methods.3.outcome.report.source_map.segments.9.start = 239
methods.3.outcome.report.source_map.segments.10.end = 343
methods.3.outcome.report.source_map.segments.10.origin.derived = []
methods.3.outcome.report.source_map.segments.10.origin.primary.bci = 27
methods.3.outcome.report.source_map.segments.10.origin.primary.cp = null
methods.3.outcome.report.source_map.segments.10.origin.primary.method.descriptor = [40,91,76,106,97,118,97,47,108,97,110,103,47,83,116,114,105,110,103,59,41,86]
methods.3.outcome.report.source_map.segments.10.origin.primary.method.name = [109,97,105,110]
methods.3.outcome.report.source_map.segments.10.origin.primary.method.owner.class_bytes.digest = "8f52587cb9c2c20434550685a3dea29dcc56f5daddd064010e51271187664085"
methods.3.outcome.report.source_map.segments.10.origin.primary.method.owner.class_bytes.length = 1018
methods.3.outcome.report.source_map.segments.10.origin.primary.method.owner.location.kind = "standalone_root"
methods.3.outcome.report.source_map.segments.10.origin.primary.method.owner.location.snapshot = "8f52587cb9c2c20434550685a3dea29dcc56f5daddd064010e51271187664085"
methods.3.outcome.report.source_map.segments.10.origin.primary.method.owner.variant.kind = "base"
methods.3.outcome.report.source_map.segments.10.origin.primary.provenance = "Direct"
methods.3.outcome.report.source_map.segments.10.start = 239
methods.3.outcome.report.source_map.segments.11.end = 343
methods.3.outcome.report.source_map.segments.11.origin.derived.0.bci = 30
methods.3.outcome.report.source_map.segments.11.origin.derived.0.cp = null
methods.3.outcome.report.source_map.segments.11.origin.derived.0.method.descriptor = [40,91,76,106,97,118,97,47,108,97,110,103,47,83,116,114,105,110,103,59,41,86]
methods.3.outcome.report.source_map.segments.11.origin.derived.0.method.name = [109,97,105,110]
methods.3.outcome.report.source_map.segments.11.origin.derived.0.method.owner.class_bytes.digest = "8f52587cb9c2c20434550685a3dea29dcc56f5daddd064010e51271187664085"
methods.3.outcome.report.source_map.segments.11.origin.derived.0.method.owner.class_bytes.length = 1018
methods.3.outcome.report.source_map.segments.11.origin.derived.0.method.owner.location.kind = "standalone_root"
methods.3.outcome.report.source_map.segments.11.origin.derived.0.method.owner.location.snapshot = "8f52587cb9c2c20434550685a3dea29dcc56f5daddd064010e51271187664085"
methods.3.outcome.report.source_map.segments.11.origin.derived.0.method.owner.variant.kind = "base"
methods.3.outcome.report.source_map.segments.11.origin.derived.0.provenance = "Derived"
methods.3.outcome.report.source_map.segments.11.origin.primary.bci = 27
methods.3.outcome.report.source_map.segments.11.origin.primary.cp = null
methods.3.outcome.report.source_map.segments.11.origin.primary.method.descriptor = [40,91,76,106,97,118,97,47,108,97,110,103,47,83,116,114,105,110,103,59,41,86]
methods.3.outcome.report.source_map.segments.11.origin.primary.method.name = [109,97,105,110]
methods.3.outcome.report.source_map.segments.11.origin.primary.method.owner.class_bytes.digest = "8f52587cb9c2c20434550685a3dea29dcc56f5daddd064010e51271187664085"
methods.3.outcome.report.source_map.segments.11.origin.primary.method.owner.class_bytes.length = 1018
methods.3.outcome.report.source_map.segments.11.origin.primary.method.owner.location.kind = "standalone_root"
methods.3.outcome.report.source_map.segments.11.origin.primary.method.owner.location.snapshot = "8f52587cb9c2c20434550685a3dea29dcc56f5daddd064010e51271187664085"
methods.3.outcome.report.source_map.segments.11.origin.primary.method.owner.variant.kind = "base"
methods.3.outcome.report.source_map.segments.11.origin.primary.provenance = "Direct"
methods.3.outcome.report.source_map.segments.11.start = 220
methods.3.outcome.report.source_map.segments.12.end = 344
methods.3.outcome.report.source_map.segments.12.origin.derived = []
methods.3.outcome.report.source_map.segments.12.origin.primary.bci = 30
methods.3.outcome.report.source_map.segments.12.origin.primary.cp = null
methods.3.outcome.report.source_map.segments.12.origin.primary.method.descriptor = [40,91,76,106,97,118,97,47,108,97,110,103,47,83,116,114,105,110,103,59,41,86]
methods.3.outcome.report.source_map.segments.12.origin.primary.method.name = [109,97,105,110]
methods.3.outcome.report.source_map.segments.12.origin.primary.method.owner.class_bytes.digest = "8f52587cb9c2c20434550685a3dea29dcc56f5daddd064010e51271187664085"
methods.3.outcome.report.source_map.segments.12.origin.primary.method.owner.class_bytes.length = 1018
methods.3.outcome.report.source_map.segments.12.origin.primary.method.owner.location.kind = "standalone_root"
methods.3.outcome.report.source_map.segments.12.origin.primary.method.owner.location.snapshot = "8f52587cb9c2c20434550685a3dea29dcc56f5daddd064010e51271187664085"
methods.3.outcome.report.source_map.segments.12.origin.primary.method.owner.variant.kind = "base"
methods.3.outcome.report.source_map.segments.12.origin.primary.provenance = "Direct"
methods.3.outcome.report.source_map.segments.12.start = 191
methods.3.outcome.report.source_map.segments.13.end = 346
methods.3.outcome.report.source_map.segments.13.origin.derived = []
methods.3.outcome.report.source_map.segments.13.origin.primary.bci = 30
methods.3.outcome.report.source_map.segments.13.origin.primary.cp = null
methods.3.outcome.report.source_map.segments.13.origin.primary.method.descriptor = [40,91,76,106,97,118,97,47,108,97,110,103,47,83,116,114,105,110,103,59,41,86]
methods.3.outcome.report.source_map.segments.13.origin.primary.method.name = [109,97,105,110]
methods.3.outcome.report.source_map.segments.13.origin.primary.method.owner.class_bytes.digest = "8f52587cb9c2c20434550685a3dea29dcc56f5daddd064010e51271187664085"
methods.3.outcome.report.source_map.segments.13.origin.primary.method.owner.class_bytes.length = 1018
methods.3.outcome.report.source_map.segments.13.origin.primary.method.owner.location.kind = "standalone_root"
methods.3.outcome.report.source_map.segments.13.origin.primary.method.owner.location.snapshot = "8f52587cb9c2c20434550685a3dea29dcc56f5daddd064010e51271187664085"
methods.3.outcome.report.source_map.segments.13.origin.primary.method.owner.variant.kind = "base"
methods.3.outcome.report.source_map.segments.13.origin.primary.provenance = "Direct"
methods.3.outcome.report.source_map.segments.13.start = 187
methods.3.outcome.report.source_map.segments.14.end = 358
methods.3.outcome.report.source_map.segments.14.origin.derived = []
methods.3.outcome.report.source_map.segments.14.origin.primary.bci = 33
methods.3.outcome.report.source_map.segments.14.origin.primary.cp = null
methods.3.outcome.report.source_map.segments.14.origin.primary.method.descriptor = [40,91,76,106,97,118,97,47,108,97,110,103,47,83,116,114,105,110,103,59,41,86]
methods.3.outcome.report.source_map.segments.14.origin.primary.method.name = [109,97,105,110]
methods.3.outcome.report.source_map.segments.14.origin.primary.method.owner.class_bytes.digest = "8f52587cb9c2c20434550685a3dea29dcc56f5daddd064010e51271187664085"
methods.3.outcome.report.source_map.segments.14.origin.primary.method.owner.class_bytes.length = 1018
methods.3.outcome.report.source_map.segments.14.origin.primary.method.owner.location.kind = "standalone_root"
methods.3.outcome.report.source_map.segments.14.origin.primary.method.owner.location.snapshot = "8f52587cb9c2c20434550685a3dea29dcc56f5daddd064010e51271187664085"
methods.3.outcome.report.source_map.segments.14.origin.primary.method.owner.variant.kind = "base"
methods.3.outcome.report.source_map.segments.14.origin.primary.provenance = "Direct"
methods.3.outcome.report.source_map.segments.14.start = 346
methods.3.outcome.report.syntax_status = "unchecked"
methods.3.outcome.report.text = "// @method main([Ljava/lang/String;)V\n// @declaration a static method of `ExceptionRegionsAudit`, member flags 0x0009\n// recovered from bytecode; presentation is not claimed to compile\n{\n    java.lang.System.out.println((java.lang.String) new java.lang.StringBuilder().append(run()).append(\":\").append(ExceptionRegionsAudit.effects).toString());\n    return;\n}\n"
methods.3.outcome.report.verification = "not_performed"
methods.3.parameter_annotations.attributes = []
methods.3.parameter_annotations.refusals = []
methods.3.parameter_annotations.uses_by_position = [[]]
methods.3.text = "    public static void main(java.lang.String[] arg0) {\n        // @method main([Ljava/lang/String;)V\n        // @declaration a static method of `ExceptionRegionsAudit`, member flags 0x0009\n        // recovered from bytecode; presentation is not claimed to compile\n        java.lang.System.out.println((java.lang.String) new java.lang.StringBuilder().append(run()).append(\":\").append(ExceptionRegionsAudit.effects).toString());\n        return;\n    }\n"
methods.3.type_annotations.attributes = []
methods.3.type_annotations.field_uses = []
methods.3.type_annotations.parameter_uses = [[]]
methods.3.type_annotations.refusals = []
methods.3.type_annotations.return_uses = []
nested_annotation_family.state = "absent"
nested_enum_family.state = "absent"
outcome = "performed"
stages = ["raw_facts","raw_cfg","legacy_normalization","canonical_cfg","frame","ssa"]
usage.analysis_steps = 1249
usage.archive_entries = 0
usage.attribute_bytes = 1615
usage.class_bytes = 4072
usage.class_headers = 3
usage.code_bytes = 173
usage.dependency_depth = 0
usage.elapsed_millis = 41
usage.entry_bytes = 0
usage.input_bytes = 1018
usage.ir_edges = 234
usage.ir_items = 2556
usage.method_bodies = 4
usage.nested_depth = 0
usage.normalization_clones = 0
usage.output_bytes = 4548
usage.read_bytes = 3054
usage.result_items = 15
view.scope.kind = "snapshot_all"
view.snapshot = "8f52587cb9c2c20434550685a3dea29dcc56f5daddd064010e51271187664085"
