// jarde: presentation of `EnumSwitchSubject` from the class file's own declaration and one recovery run per member.
// jarde: not a compilable project: no imports and no resources are claimed (the `package` line is the class file's own name, not a claim about a directory); every place this text is not a full recovery carries a marker of this prefix.
public class EnumSwitchSubject extends java.lang.Object {
    private static int trace;

    public EnumSwitchSubject() {
        // @method <init>()V
        // @declaration a constructor of `EnumSwitchSubject`, member flags 0x0001
        // recovered from bytecode; presentation is not claimed to compile
        super();
        return;
    }

    private static int mark(int arg0) {
        // @method mark(I)I
        // @declaration a static method of `EnumSwitchSubject`, member flags 0x000a
        // recovered from bytecode; presentation is not claimed to compile
        EnumSwitchSubject.trace = EnumSwitchSubject.trace * 10 + arg0;
        return arg0;
    }

    public static int trace() {
        // @method trace()I
        // @declaration a static method of `EnumSwitchSubject`, member flags 0x0009
        // recovered from bytecode; presentation is not claimed to compile
        return EnumSwitchSubject.trace;
    }

    public static void reset() {
        // @method reset()V
        // @declaration a static method of `EnumSwitchSubject`, member flags 0x0009
        // recovered from bytecode; presentation is not claimed to compile
        EnumSwitchSubject.trace = 0;
        return;
    }

    public static int choose(Hue arg0) {
        // @method choose(LHue;)I
        // @declaration a static method of `EnumSwitchSubject`, member flags 0x0009
        // recovered from bytecode; presentation is not claimed to compile
        switch (EnumSwitchSubject$1.$SwitchMap$Hue[arg0.ordinal()]) {
            case 1:
                return mark(1);
            case 2:
                return mark(2);
            default:
                return mark(3);
        }
    }
}
bridge_proofs = []
class.class_bytes.digest = "464c80eaffb2ff8ede2a6b1926aabc5bd2a669c515586e16381f8bb38db61581"
class.class_bytes.length = 541
class.location.entry.ordinal = 4
class.location.entry.origin.root_container = "root"
class.location.entry.origin.snapshot = "fb7fbbe8cc55991919c0599d607bdf6da3fa227f3b22e71809c1ae55d42870b0"
class.location.entry.origin.steps = []
class.location.entry.raw_name = [69,110,117,109,83,119,105,116,99,104,83,117,98,106,101,99,116,46,99,108,97,115,115]
class.location.kind = "archive_entry"
class.variant.kind = "base"
coverage.artifact_structural.scanned.0.end = 6
coverage.artifact_structural.scanned.0.label = "central_directory_entries"
coverage.artifact_structural.scanned.0.start = 0
coverage.artifact_structural.scanned.1.end = 1
coverage.artifact_structural.scanned.1.label = "navigation_candidates"
coverage.artifact_structural.scanned.1.start = 0
coverage.artifact_structural.scanned.2.end = 1
coverage.artifact_structural.scanned.2.label = "class_fields"
coverage.artifact_structural.scanned.2.start = 0
coverage.artifact_structural.scanned.3.end = 5
coverage.artifact_structural.scanned.3.label = "class_methods"
coverage.artifact_structural.scanned.3.start = 0
coverage.artifact_structural.scanned.4.end = 5
coverage.artifact_structural.scanned.4.label = "class_source_bodies"
coverage.artifact_structural.scanned.4.start = 0
coverage.artifact_structural.skipped = []
coverage.artifact_structural.state = "complete_within_schema"
coverage.artifact_structural.uninterpreted_extensions = []
coverage.dynamic_analysis.scanned = []
coverage.dynamic_analysis.skipped = []
coverage.dynamic_analysis.state = "not_requested"
coverage.dynamic_analysis.uninterpreted_extensions = []
coverage.runtime_resolution.scanned = []
coverage.runtime_resolution.skipped = []
coverage.runtime_resolution.state = "not_requested"
coverage.runtime_resolution.uninterpreted_extensions = []
declaration.annotation_attributes = []
declaration.annotation_refusals = []
declaration.annotation_uses = []
declaration.declaration = "public class EnumSwitchSubject extends java.lang.Object"
declaration.item.binding.kind = "path_name_agrees"
declaration.item.declaration.access_flags = 33
declaration.item.declaration.interfaces = []
declaration.item.declaration.super_class.escaped = "java/lang/Object"
declaration.item.declaration.super_class.raw = [106,97,118,97,47,108,97,110,103,47,79,98,106,101,99,116]
declaration.item.declaration.super_class.utf16 = [106,97,118,97,47,108,97,110,103,47,79,98,106,101,99,116]
declaration.item.declaration.this_class.escaped = "EnumSwitchSubject"
declaration.item.declaration.this_class.raw = [69,110,117,109,83,119,105,116,99,104,83,117,98,106,101,99,116]
declaration.item.declaration.this_class.utf16 = [69,110,117,109,83,119,105,116,99,104,83,117,98,106,101,99,116]
declaration.item.definition.class_bytes.digest = "464c80eaffb2ff8ede2a6b1926aabc5bd2a669c515586e16381f8bb38db61581"
declaration.item.definition.class_bytes.length = 541
declaration.item.definition.location.entry.ordinal = 4
declaration.item.definition.location.entry.origin.root_container = "root"
declaration.item.definition.location.entry.origin.snapshot = "fb7fbbe8cc55991919c0599d607bdf6da3fa227f3b22e71809c1ae55d42870b0"
declaration.item.definition.location.entry.origin.steps = []
declaration.item.definition.location.entry.raw_name = [69,110,117,109,83,119,105,116,99,104,83,117,98,106,101,99,116,46,99,108,97,115,115]
declaration.item.definition.location.kind = "archive_entry"
declaration.item.definition.variant.kind = "base"
declaration.item.member_table = null
declaration.name = "EnumSwitchSubject"
diagnostics = []
execution.status = "complete"
execution.usage.analysis_steps = 244
execution.usage.archive_entries = 17
execution.usage.attribute_bytes = 569
execution.usage.class_bytes = 1082
execution.usage.class_headers = 1
execution.usage.code_bytes = 78
execution.usage.dependency_depth = 0
execution.usage.elapsed_millis = 2
execution.usage.entry_bytes = 541
execution.usage.input_bytes = 2647
execution.usage.ir_edges = 35
execution.usage.ir_items = 602
execution.usage.method_bodies = 5
execution.usage.nested_depth = 0
execution.usage.normalization_clones = 0
execution.usage.output_bytes = 1235
execution.usage.read_bytes = 367
execution.usage.result_items = 31
fields.0.annotations.attributes = []
fields.0.annotations.refusals = []
fields.0.annotations.uses = []
fields.0.declaration = "private static int trace"
fields.0.item.access_flags = 10
fields.0.item.descriptor.escaped = "I"
fields.0.item.descriptor.raw = [73]
fields.0.item.descriptor.utf16 = [73]
fields.0.item.identity.member.descriptor = [73]
fields.0.item.identity.member.kind = "field"
fields.0.item.identity.member.name = [116,114,97,99,101]
fields.0.item.identity.owner.class_bytes.digest = "464c80eaffb2ff8ede2a6b1926aabc5bd2a669c515586e16381f8bb38db61581"
fields.0.item.identity.owner.class_bytes.length = 541
fields.0.item.identity.owner.location.entry.ordinal = 4
fields.0.item.identity.owner.location.entry.origin.root_container = "root"
fields.0.item.identity.owner.location.entry.origin.snapshot = "fb7fbbe8cc55991919c0599d607bdf6da3fa227f3b22e71809c1ae55d42870b0"
fields.0.item.identity.owner.location.entry.origin.steps = []
fields.0.item.identity.owner.location.entry.raw_name = [69,110,117,109,83,119,105,116,99,104,83,117,98,106,101,99,116,46,99,108,97,115,115]
fields.0.item.identity.owner.location.kind = "archive_entry"
fields.0.item.identity.owner.variant.kind = "base"
fields.0.item.index = 0
fields.0.item.name.escaped = "trace"
fields.0.item.name.raw = [116,114,97,99,101]
fields.0.item.name.utf16 = [116,114,97,99,101]
fields.0.markers = []
fields.0.type_annotations.attributes = []
fields.0.type_annotations.field_uses = []
fields.0.type_annotations.parameter_uses = []
fields.0.type_annotations.refusals = []
fields.0.type_annotations.return_uses = []
initializer_proof.kind = "not_applicable"
limits.analysis_steps = 4194304
limits.archive_entries = 65536
limits.attribute_bytes = 67108864
limits.class_bytes = 67108864
limits.class_headers = 4096
limits.code_bytes = 16777216
limits.dependency_depth = 8
limits.elapsed_millis = 30000
limits.entry_bytes = 67108864
limits.input_bytes = 67108864
limits.ir_edges = 4194304
limits.ir_items = 4194304
limits.method_bodies = 4096
limits.nested_depth = 4
limits.normalization_clones = 1048576
limits.output_bytes = 16777216
limits.read_bytes = 67108864
limits.result_items = 65536
methods.0.annotations.attributes = []
methods.0.annotations.refusals = []
methods.0.annotations.uses = []
methods.0.declaration = "public EnumSwitchSubject()"
methods.0.item.access_flags = 1
methods.0.item.body.content_span.length = 17
methods.0.item.body.content_span.start = 318
methods.0.item.body.kind = "code_attribute"
methods.0.item.descriptor.escaped = "()V"
methods.0.item.descriptor.raw = [40,41,86]
methods.0.item.descriptor.utf16 = [40,41,86]
methods.0.item.identity.descriptor = [40,41,86]
methods.0.item.identity.name = [60,105,110,105,116,62]
methods.0.item.identity.owner.class_bytes.digest = "464c80eaffb2ff8ede2a6b1926aabc5bd2a669c515586e16381f8bb38db61581"
methods.0.item.identity.owner.class_bytes.length = 541
methods.0.item.identity.owner.location.entry.ordinal = 4
methods.0.item.identity.owner.location.entry.origin.root_container = "root"
methods.0.item.identity.owner.location.entry.origin.snapshot = "fb7fbbe8cc55991919c0599d607bdf6da3fa227f3b22e71809c1ae55d42870b0"
methods.0.item.identity.owner.location.entry.origin.steps = []
methods.0.item.identity.owner.location.entry.raw_name = [69,110,117,109,83,119,105,116,99,104,83,117,98,106,101,99,116,46,99,108,97,115,115]
methods.0.item.identity.owner.location.kind = "archive_entry"
methods.0.item.identity.owner.variant.kind = "base"
methods.0.item.index = 0
methods.0.item.name.escaped = "<init>"
methods.0.item.name.raw = [60,105,110,105,116,62]
methods.0.item.name.utf16 = [60,105,110,105,116,62]
methods.0.markers = []
methods.0.no_body_kind = null
methods.0.outcome.analysis.diagnostics = 0
methods.0.outcome.analysis.execution.status = "complete"
methods.0.outcome.analysis.execution.usage.analysis_steps = 21
methods.0.outcome.analysis.execution.usage.archive_entries = 17
methods.0.outcome.analysis.execution.usage.attribute_bytes = 413
methods.0.outcome.analysis.execution.usage.class_bytes = 1082
methods.0.outcome.analysis.execution.usage.class_headers = 1
methods.0.outcome.analysis.execution.usage.code_bytes = 5
methods.0.outcome.analysis.execution.usage.dependency_depth = 0
methods.0.outcome.analysis.execution.usage.elapsed_millis = 0
methods.0.outcome.analysis.execution.usage.entry_bytes = 541
methods.0.outcome.analysis.execution.usage.input_bytes = 2647
methods.0.outcome.analysis.execution.usage.ir_edges = 2
methods.0.outcome.analysis.execution.usage.ir_items = 48
methods.0.outcome.analysis.execution.usage.method_bodies = 1
methods.0.outcome.analysis.execution.usage.nested_depth = 0
methods.0.outcome.analysis.execution.usage.normalization_clones = 0
methods.0.outcome.analysis.execution.usage.output_bytes = 0
methods.0.outcome.analysis.execution.usage.read_bytes = 367
methods.0.outcome.analysis.execution.usage.result_items = 26
methods.0.outcome.kind = "recovered"
methods.0.outcome.report.accessors = []
methods.0.outcome.report.aliased_names = []
methods.0.outcome.report.artifact.agreement.state = "not_stated"
methods.0.outcome.report.artifact.binding.engine = "0.1.0"
methods.0.outcome.report.artifact.binding.environment.content = ["fb7fbbe8cc55991919c0599d607bdf6da3fa227f3b22e71809c1ae55d42870b0"]
methods.0.outcome.report.artifact.binding.environment.domain_loaders = ["app"]
methods.0.outcome.report.artifact.binding.environment.providers = []
methods.0.outcome.report.artifact.binding.environment.runtime.load_domain.delegation.kind = "parent_first"
methods.0.outcome.report.artifact.binding.environment.runtime.load_domain.external_override = "none"
methods.0.outcome.report.artifact.binding.environment.runtime.load_domain.loader = "app"
methods.0.outcome.report.artifact.binding.environment.runtime.load_domain.module_mode.kind = "class_path"
methods.0.outcome.report.artifact.binding.environment.runtime.load_domain.parent_loader = null
methods.0.outcome.report.artifact.binding.environment.runtime.load_domain.roots.0.kind = "container"
methods.0.outcome.report.artifact.binding.environment.runtime.load_domain.roots.0.origin.root_container = "root"
methods.0.outcome.report.artifact.binding.environment.runtime.load_domain.roots.0.origin.snapshot = "fb7fbbe8cc55991919c0599d607bdf6da3fa227f3b22e71809c1ae55d42870b0"
methods.0.outcome.report.artifact.binding.environment.runtime.load_domain.roots.0.origin.steps = []
methods.0.outcome.report.artifact.binding.environment.runtime.load_domain.roots.0.prefix = []
methods.0.outcome.report.artifact.binding.environment.runtime.load_domain.runtime_transformation = "none"
methods.0.outcome.report.artifact.binding.environment.runtime.physical.scope.kind = "snapshot_all"
methods.0.outcome.report.artifact.binding.environment.runtime.physical.snapshot = "fb7fbbe8cc55991919c0599d607bdf6da3fa227f3b22e71809c1ae55d42870b0"
methods.0.outcome.report.artifact.binding.environment.runtime.profile.java_release = 8
methods.0.outcome.report.artifact.binding.environment.runtime.profile.layout.kind = "generic"
methods.0.outcome.report.artifact.binding.environment.runtime.profile.multi_release.kind = "disabled"
methods.0.outcome.report.artifact.binding.member_ordinal = 0
methods.0.outcome.report.artifact.binding.method.descriptor = [40,41,86]
methods.0.outcome.report.artifact.binding.method.name = [60,105,110,105,116,62]
methods.0.outcome.report.artifact.binding.method.owner.class_bytes.digest = "464c80eaffb2ff8ede2a6b1926aabc5bd2a669c515586e16381f8bb38db61581"
methods.0.outcome.report.artifact.binding.method.owner.class_bytes.length = 541
methods.0.outcome.report.artifact.binding.method.owner.location.entry.ordinal = 4
methods.0.outcome.report.artifact.binding.method.owner.location.entry.origin.root_container = "root"
methods.0.outcome.report.artifact.binding.method.owner.location.entry.origin.snapshot = "fb7fbbe8cc55991919c0599d607bdf6da3fa227f3b22e71809c1ae55d42870b0"
methods.0.outcome.report.artifact.binding.method.owner.location.entry.origin.steps = []
methods.0.outcome.report.artifact.binding.method.owner.location.entry.raw_name = [69,110,117,109,83,119,105,116,99,104,83,117,98,106,101,99,116,46,99,108,97,115,115]
methods.0.outcome.report.artifact.binding.method.owner.location.kind = "archive_entry"
methods.0.outcome.report.artifact.binding.method.owner.variant.kind = "base"
methods.0.outcome.report.artifact.binding.profile.java_release = 8
methods.0.outcome.report.artifact.binding.profile.layout.kind = "generic"
methods.0.outcome.report.artifact.binding.profile.multi_release.kind = "disabled"
methods.0.outcome.report.artifact.binding.registry = 71
methods.0.outcome.report.artifact.binding.rules = ["straight@1","if@1","loop@1","switch@1","lambda@1","concat@1","bridge@1","accessor@1","new@1","field@1","enumswitch@1","init@1","declaration@1","twr@1","monitor@1"]
methods.0.outcome.report.artifact.binding.schema = 1
methods.0.outcome.report.artifact.binding.text_bytes = 191
methods.0.outcome.report.artifact.binding.text_digest = "a852b08e7bca8272bbd2d5af2d76310b"
methods.0.outcome.report.bridges = []
methods.0.outcome.report.compile_status = "not_attempted"
methods.0.outcome.report.concats = []
methods.0.outcome.report.content = "contains_statements"
methods.0.outcome.report.declaration.declaring_class = "EnumSwitchSubject"
methods.0.outcome.report.declaration.form = "constructor"
methods.0.outcome.report.declaration.interface = false
methods.0.outcome.report.declaration.member_flags = 1
methods.0.outcome.report.declaration.method = "<init>()V"
methods.0.outcome.report.declaration.presented = true
methods.0.outcome.report.declaration.refusal = null
methods.0.outcome.report.diagnostics.0.code = "jre_recovery_produced"
methods.0.outcome.report.diagnostics.0.message = "1 region(s), 2 statement(s), 2 segment(s), 191 byte(s) written from 1 canonical block(s)"
methods.0.outcome.report.diagnostics.0.provenance = null
methods.0.outcome.report.diagnostics.0.severity = "info"
methods.0.outcome.report.diagnostics.1.code = "jre_constructor_prologue"
methods.0.outcome.report.diagnostics.1.message = "the body is an instance initializer and its prologue is written under init@1 as `super`: the call at BCI 1 names `java/lang/Object`, and the class that declares this constructor is `EnumSwitchSubject`"
methods.0.outcome.report.diagnostics.1.provenance = null
methods.0.outcome.report.diagnostics.1.severity = "info"
methods.0.outcome.report.diagnostics.2.code = "jre_declaration"
methods.0.outcome.report.diagnostics.2.message = "the artifact's envelope states the member's declaration under declaration@1: a constructor"
methods.0.outcome.report.diagnostics.2.provenance = null
methods.0.outcome.report.diagnostics.2.severity = "info"
methods.0.outcome.report.enum_switches = []
methods.0.outcome.report.evidence.categories.0.kind = "source_map"
methods.0.outcome.report.evidence.categories.0.state.state = "complete"
methods.0.outcome.report.evidence.categories.1.kind = "region_details"
methods.0.outcome.report.evidence.categories.1.state.state = "complete"
methods.0.outcome.report.evidence.categories.2.kind = "rule_details"
methods.0.outcome.report.evidence.categories.2.state.state = "complete"
methods.0.outcome.report.evidence.categories.3.kind = "name_details"
methods.0.outcome.report.evidence.categories.3.state.state = "complete"
methods.0.outcome.report.evidence.categories.4.kind = "read_details"
methods.0.outcome.report.evidence.categories.4.state.state = "complete"
methods.0.outcome.report.evidence.requested.driver_bci_range = null
methods.0.outcome.report.evidence.requested.expected_artifact = null
methods.0.outcome.report.evidence.requested.kinds = ["source_map","region_details","rule_details","name_details","read_details"]
methods.0.outcome.report.execution.status = "complete"
methods.0.outcome.report.execution.usage.analysis_steps = 26
methods.0.outcome.report.execution.usage.archive_entries = 17
methods.0.outcome.report.execution.usage.attribute_bytes = 413
methods.0.outcome.report.execution.usage.class_bytes = 1082
methods.0.outcome.report.execution.usage.class_headers = 1
methods.0.outcome.report.execution.usage.code_bytes = 5
methods.0.outcome.report.execution.usage.dependency_depth = 0
methods.0.outcome.report.execution.usage.elapsed_millis = 1
methods.0.outcome.report.execution.usage.entry_bytes = 541
methods.0.outcome.report.execution.usage.input_bytes = 2647
methods.0.outcome.report.execution.usage.ir_edges = 2
methods.0.outcome.report.execution.usage.ir_items = 62
methods.0.outcome.report.execution.usage.method_bodies = 1
methods.0.outcome.report.execution.usage.nested_depth = 0
methods.0.outcome.report.execution.usage.normalization_clones = 0
methods.0.outcome.report.execution.usage.output_bytes = 191
methods.0.outcome.report.execution.usage.read_bytes = 367
methods.0.outcome.report.execution.usage.result_items = 26
methods.0.outcome.report.fallbacks = []
methods.0.outcome.report.fields = []
methods.0.outcome.report.init.bci = 1
methods.0.outcome.report.init.class = "java/lang/Object"
methods.0.outcome.report.init.declared = "EnumSwitchSubject"
methods.0.outcome.report.init.presented = true
methods.0.outcome.report.init.refusal = null
methods.0.outcome.report.init.target = "super"
methods.0.outcome.report.lambdas = []
methods.0.outcome.report.method = "<init>()V"
methods.0.outcome.report.news = []
methods.0.outcome.report.outcome = "produced"
methods.0.outcome.report.profile.java_release = 8
methods.0.outcome.report.profile.layout.kind = "generic"
methods.0.outcome.report.profile.multi_release.kind = "disabled"
methods.0.outcome.report.quality = "structured"
methods.0.outcome.report.regions.0.bci = 0
methods.0.outcome.report.regions.0.blocks = [0]
methods.0.outcome.report.regions.0.code = null
methods.0.outcome.report.regions.0.message = null
methods.0.outcome.report.regions.0.rule.rule = "straight"
methods.0.outcome.report.regions.0.rule.version = "1"
methods.0.outcome.report.regions.0.structured = true
methods.0.outcome.report.representation = "java"
methods.0.outcome.report.rules.0.rule = "straight"
methods.0.outcome.report.rules.0.version = "1"
methods.0.outcome.report.rules.1.rule = "init"
methods.0.outcome.report.rules.1.version = "1"
methods.0.outcome.report.rules.2.rule = "declaration"
methods.0.outcome.report.rules.2.version = "1"
methods.0.outcome.report.semantic_validation = "unproven"
methods.0.outcome.report.source_map.segments.0.end = 177
methods.0.outcome.report.source_map.segments.0.origin.derived = []
methods.0.outcome.report.source_map.segments.0.origin.primary.bci = 1
methods.0.outcome.report.source_map.segments.0.origin.primary.cp = null
methods.0.outcome.report.source_map.segments.0.origin.primary.method.descriptor = [40,41,86]
methods.0.outcome.report.source_map.segments.0.origin.primary.method.name = [60,105,110,105,116,62]
methods.0.outcome.report.source_map.segments.0.origin.primary.method.owner.class_bytes.digest = "464c80eaffb2ff8ede2a6b1926aabc5bd2a669c515586e16381f8bb38db61581"
methods.0.outcome.report.source_map.segments.0.origin.primary.method.owner.class_bytes.length = 541
methods.0.outcome.report.source_map.segments.0.origin.primary.method.owner.location.entry.ordinal = 4
methods.0.outcome.report.source_map.segments.0.origin.primary.method.owner.location.entry.origin.root_container = "root"
methods.0.outcome.report.source_map.segments.0.origin.primary.method.owner.location.entry.origin.snapshot = "fb7fbbe8cc55991919c0599d607bdf6da3fa227f3b22e71809c1ae55d42870b0"
methods.0.outcome.report.source_map.segments.0.origin.primary.method.owner.location.entry.origin.steps = []
methods.0.outcome.report.source_map.segments.0.origin.primary.method.owner.location.entry.raw_name = [69,110,117,109,83,119,105,116,99,104,83,117,98,106,101,99,116,46,99,108,97,115,115]
methods.0.outcome.report.source_map.segments.0.origin.primary.method.owner.location.kind = "archive_entry"
methods.0.outcome.report.source_map.segments.0.origin.primary.method.owner.variant.kind = "base"
methods.0.outcome.report.source_map.segments.0.origin.primary.provenance = "Direct"
methods.0.outcome.report.source_map.segments.0.start = 164
methods.0.outcome.report.source_map.segments.1.end = 189
methods.0.outcome.report.source_map.segments.1.origin.derived = []
methods.0.outcome.report.source_map.segments.1.origin.primary.bci = 4
methods.0.outcome.report.source_map.segments.1.origin.primary.cp = null
methods.0.outcome.report.source_map.segments.1.origin.primary.method.descriptor = [40,41,86]
methods.0.outcome.report.source_map.segments.1.origin.primary.method.name = [60,105,110,105,116,62]
methods.0.outcome.report.source_map.segments.1.origin.primary.method.owner.class_bytes.digest = "464c80eaffb2ff8ede2a6b1926aabc5bd2a669c515586e16381f8bb38db61581"
methods.0.outcome.report.source_map.segments.1.origin.primary.method.owner.class_bytes.length = 541
methods.0.outcome.report.source_map.segments.1.origin.primary.method.owner.location.entry.ordinal = 4
methods.0.outcome.report.source_map.segments.1.origin.primary.method.owner.location.entry.origin.root_container = "root"
methods.0.outcome.report.source_map.segments.1.origin.primary.method.owner.location.entry.origin.snapshot = "fb7fbbe8cc55991919c0599d607bdf6da3fa227f3b22e71809c1ae55d42870b0"
methods.0.outcome.report.source_map.segments.1.origin.primary.method.owner.location.entry.origin.steps = []
methods.0.outcome.report.source_map.segments.1.origin.primary.method.owner.location.entry.raw_name = [69,110,117,109,83,119,105,116,99,104,83,117,98,106,101,99,116,46,99,108,97,115,115]
methods.0.outcome.report.source_map.segments.1.origin.primary.method.owner.location.kind = "archive_entry"
methods.0.outcome.report.source_map.segments.1.origin.primary.method.owner.variant.kind = "base"
methods.0.outcome.report.source_map.segments.1.origin.primary.provenance = "Direct"
methods.0.outcome.report.source_map.segments.1.start = 177
methods.0.outcome.report.syntax_status = "unchecked"
methods.0.outcome.report.text = "// @method <init>()V\n// @declaration a constructor of `EnumSwitchSubject`, member flags 0x0001\n// recovered from bytecode; presentation is not claimed to compile\n{\n    super();\n    return;\n}\n"
methods.0.outcome.report.verification = "not_performed"
methods.0.parameter_annotations.attributes = []
methods.0.parameter_annotations.refusals = []
methods.0.parameter_annotations.uses_by_position = []
methods.0.text = "    public EnumSwitchSubject() {\n        // @method <init>()V\n        // @declaration a constructor of `EnumSwitchSubject`, member flags 0x0001\n        // recovered from bytecode; presentation is not claimed to compile\n        super();\n        return;\n    }\n"
methods.0.type_annotations.attributes = []
methods.0.type_annotations.field_uses = []
methods.0.type_annotations.parameter_uses = []
methods.0.type_annotations.refusals = []
methods.0.type_annotations.return_uses = []
methods.1.annotations.attributes = []
methods.1.annotations.refusals = []
methods.1.annotations.uses = []
methods.1.declaration = "private static int mark(int arg0)"
methods.1.item.access_flags = 10
methods.1.item.body.content_span.length = 25
methods.1.item.body.content_span.start = 349
methods.1.item.body.kind = "code_attribute"
methods.1.item.descriptor.escaped = "(I)I"
methods.1.item.descriptor.raw = [40,73,41,73]
methods.1.item.descriptor.utf16 = [40,73,41,73]
methods.1.item.identity.descriptor = [40,73,41,73]
methods.1.item.identity.name = [109,97,114,107]
methods.1.item.identity.owner.class_bytes.digest = "464c80eaffb2ff8ede2a6b1926aabc5bd2a669c515586e16381f8bb38db61581"
methods.1.item.identity.owner.class_bytes.length = 541
methods.1.item.identity.owner.location.entry.ordinal = 4
methods.1.item.identity.owner.location.entry.origin.root_container = "root"
methods.1.item.identity.owner.location.entry.origin.snapshot = "fb7fbbe8cc55991919c0599d607bdf6da3fa227f3b22e71809c1ae55d42870b0"
methods.1.item.identity.owner.location.entry.origin.steps = []
methods.1.item.identity.owner.location.entry.raw_name = [69,110,117,109,83,119,105,116,99,104,83,117,98,106,101,99,116,46,99,108,97,115,115]
methods.1.item.identity.owner.location.kind = "archive_entry"
methods.1.item.identity.owner.variant.kind = "base"
methods.1.item.index = 1
methods.1.item.name.escaped = "mark"
methods.1.item.name.raw = [109,97,114,107]
methods.1.item.name.utf16 = [109,97,114,107]
methods.1.markers = []
methods.1.no_body_kind = null
methods.1.outcome.analysis.diagnostics = 0
methods.1.outcome.analysis.execution.status = "complete"
methods.1.outcome.analysis.execution.usage.analysis_steps = 68
methods.1.outcome.analysis.execution.usage.archive_entries = 17
methods.1.outcome.analysis.execution.usage.attribute_bytes = 444
methods.1.outcome.analysis.execution.usage.class_bytes = 1082
methods.1.outcome.analysis.execution.usage.class_headers = 1
methods.1.outcome.analysis.execution.usage.code_bytes = 18
methods.1.outcome.analysis.execution.usage.dependency_depth = 0
methods.1.outcome.analysis.execution.usage.elapsed_millis = 1
methods.1.outcome.analysis.execution.usage.entry_bytes = 541
methods.1.outcome.analysis.execution.usage.input_bytes = 2647
methods.1.outcome.analysis.execution.usage.ir_edges = 10
methods.1.outcome.analysis.execution.usage.ir_items = 170
methods.1.outcome.analysis.execution.usage.method_bodies = 2
methods.1.outcome.analysis.execution.usage.nested_depth = 0
methods.1.outcome.analysis.execution.usage.normalization_clones = 0
methods.1.outcome.analysis.execution.usage.output_bytes = 191
methods.1.outcome.analysis.execution.usage.read_bytes = 367
methods.1.outcome.analysis.execution.usage.result_items = 27
methods.1.outcome.kind = "recovered"
methods.1.outcome.report.accessors = []
methods.1.outcome.report.aliased_names = []
methods.1.outcome.report.artifact.agreement.state = "not_stated"
methods.1.outcome.report.artifact.binding.engine = "0.1.0"
methods.1.outcome.report.artifact.binding.environment.content = ["fb7fbbe8cc55991919c0599d607bdf6da3fa227f3b22e71809c1ae55d42870b0"]
methods.1.outcome.report.artifact.binding.environment.domain_loaders = ["app"]
methods.1.outcome.report.artifact.binding.environment.providers = []
methods.1.outcome.report.artifact.binding.environment.runtime.load_domain.delegation.kind = "parent_first"
methods.1.outcome.report.artifact.binding.environment.runtime.load_domain.external_override = "none"
methods.1.outcome.report.artifact.binding.environment.runtime.load_domain.loader = "app"
methods.1.outcome.report.artifact.binding.environment.runtime.load_domain.module_mode.kind = "class_path"
methods.1.outcome.report.artifact.binding.environment.runtime.load_domain.parent_loader = null
methods.1.outcome.report.artifact.binding.environment.runtime.load_domain.roots.0.kind = "container"
methods.1.outcome.report.artifact.binding.environment.runtime.load_domain.roots.0.origin.root_container = "root"
methods.1.outcome.report.artifact.binding.environment.runtime.load_domain.roots.0.origin.snapshot = "fb7fbbe8cc55991919c0599d607bdf6da3fa227f3b22e71809c1ae55d42870b0"
methods.1.outcome.report.artifact.binding.environment.runtime.load_domain.roots.0.origin.steps = []
methods.1.outcome.report.artifact.binding.environment.runtime.load_domain.roots.0.prefix = []
methods.1.outcome.report.artifact.binding.environment.runtime.load_domain.runtime_transformation = "none"
methods.1.outcome.report.artifact.binding.environment.runtime.physical.scope.kind = "snapshot_all"
methods.1.outcome.report.artifact.binding.environment.runtime.physical.snapshot = "fb7fbbe8cc55991919c0599d607bdf6da3fa227f3b22e71809c1ae55d42870b0"
methods.1.outcome.report.artifact.binding.environment.runtime.profile.java_release = 8
methods.1.outcome.report.artifact.binding.environment.runtime.profile.layout.kind = "generic"
methods.1.outcome.report.artifact.binding.environment.runtime.profile.multi_release.kind = "disabled"
methods.1.outcome.report.artifact.binding.member_ordinal = 1
methods.1.outcome.report.artifact.binding.method.descriptor = [40,73,41,73]
methods.1.outcome.report.artifact.binding.method.name = [109,97,114,107]
methods.1.outcome.report.artifact.binding.method.owner.class_bytes.digest = "464c80eaffb2ff8ede2a6b1926aabc5bd2a669c515586e16381f8bb38db61581"
methods.1.outcome.report.artifact.binding.method.owner.class_bytes.length = 541
methods.1.outcome.report.artifact.binding.method.owner.location.entry.ordinal = 4
methods.1.outcome.report.artifact.binding.method.owner.location.entry.origin.root_container = "root"
methods.1.outcome.report.artifact.binding.method.owner.location.entry.origin.snapshot = "fb7fbbe8cc55991919c0599d607bdf6da3fa227f3b22e71809c1ae55d42870b0"
methods.1.outcome.report.artifact.binding.method.owner.location.entry.origin.steps = []
methods.1.outcome.report.artifact.binding.method.owner.location.entry.raw_name = [69,110,117,109,83,119,105,116,99,104,83,117,98,106,101,99,116,46,99,108,97,115,115]
methods.1.outcome.report.artifact.binding.method.owner.location.kind = "archive_entry"
methods.1.outcome.report.artifact.binding.method.owner.variant.kind = "base"
methods.1.outcome.report.artifact.binding.profile.java_release = 8
methods.1.outcome.report.artifact.binding.profile.layout.kind = "generic"
methods.1.outcome.report.artifact.binding.profile.multi_release.kind = "disabled"
methods.1.outcome.report.artifact.binding.registry = 71
methods.1.outcome.report.artifact.binding.rules = ["straight@1","if@1","loop@1","switch@1","lambda@1","concat@1","bridge@1","accessor@1","new@1","field@1","enumswitch@1","init@1","declaration@1","twr@1","monitor@1"]
methods.1.outcome.report.artifact.binding.schema = 1
methods.1.outcome.report.artifact.binding.text_bytes = 251
methods.1.outcome.report.artifact.binding.text_digest = "7c3504b8f7c0dae06fc1ee06684f4282"
methods.1.outcome.report.bridges = []
methods.1.outcome.report.compile_status = "not_attempted"
methods.1.outcome.report.concats = []
methods.1.outcome.report.content = "contains_statements"
methods.1.outcome.report.declaration.declaring_class = "EnumSwitchSubject"
methods.1.outcome.report.declaration.form = "static_method"
methods.1.outcome.report.declaration.interface = false
methods.1.outcome.report.declaration.member_flags = 10
methods.1.outcome.report.declaration.method = "mark(I)I"
methods.1.outcome.report.declaration.presented = true
methods.1.outcome.report.declaration.refusal = null
methods.1.outcome.report.diagnostics.0.code = "jre_recovery_produced"
methods.1.outcome.report.diagnostics.0.message = "1 region(s), 2 statement(s), 10 segment(s), 251 byte(s) written from 1 canonical block(s)"
methods.1.outcome.report.diagnostics.0.provenance = null
methods.1.outcome.report.diagnostics.0.severity = "info"
methods.1.outcome.report.diagnostics.1.code = "jre_field_accesses"
methods.1.outcome.report.diagnostics.1.message = "2 field instruction(s) read under field@1: 2 presented, 0 refused"
methods.1.outcome.report.diagnostics.1.provenance = null
methods.1.outcome.report.diagnostics.1.severity = "info"
methods.1.outcome.report.diagnostics.2.code = "jre_declaration"
methods.1.outcome.report.diagnostics.2.message = "the artifact's envelope states the member's declaration under declaration@1: a static method"
methods.1.outcome.report.diagnostics.2.provenance = null
methods.1.outcome.report.diagnostics.2.severity = "info"
methods.1.outcome.report.enum_switches = []
methods.1.outcome.report.evidence.categories.0.kind = "source_map"
methods.1.outcome.report.evidence.categories.0.state.state = "complete"
methods.1.outcome.report.evidence.categories.1.kind = "region_details"
methods.1.outcome.report.evidence.categories.1.state.state = "complete"
methods.1.outcome.report.evidence.categories.2.kind = "rule_details"
methods.1.outcome.report.evidence.categories.2.state.state = "complete"
methods.1.outcome.report.evidence.categories.3.kind = "name_details"
methods.1.outcome.report.evidence.categories.3.state.state = "complete"
methods.1.outcome.report.evidence.categories.4.kind = "read_details"
methods.1.outcome.report.evidence.categories.4.state.state = "complete"
methods.1.outcome.report.evidence.requested.driver_bci_range = null
methods.1.outcome.report.evidence.requested.expected_artifact = null
methods.1.outcome.report.evidence.requested.kinds = ["source_map","region_details","rule_details","name_details","read_details"]
methods.1.outcome.report.execution.status = "complete"
methods.1.outcome.report.execution.usage.analysis_steps = 73
methods.1.outcome.report.execution.usage.archive_entries = 17
methods.1.outcome.report.execution.usage.attribute_bytes = 444
methods.1.outcome.report.execution.usage.class_bytes = 1082
methods.1.outcome.report.execution.usage.class_headers = 1
methods.1.outcome.report.execution.usage.code_bytes = 18
methods.1.outcome.report.execution.usage.dependency_depth = 0
methods.1.outcome.report.execution.usage.elapsed_millis = 1
methods.1.outcome.report.execution.usage.entry_bytes = 541
methods.1.outcome.report.execution.usage.input_bytes = 2647
methods.1.outcome.report.execution.usage.ir_edges = 10
methods.1.outcome.report.execution.usage.ir_items = 217
methods.1.outcome.report.execution.usage.method_bodies = 2
methods.1.outcome.report.execution.usage.nested_depth = 0
methods.1.outcome.report.execution.usage.normalization_clones = 0
methods.1.outcome.report.execution.usage.output_bytes = 442
methods.1.outcome.report.execution.usage.read_bytes = 367
methods.1.outcome.report.execution.usage.result_items = 27
methods.1.outcome.report.fallbacks = []
methods.1.outcome.report.fields.0.access = "read"
methods.1.outcome.report.fields.0.bci = 0
methods.1.outcome.report.fields.0.descriptor = "I"
methods.1.outcome.report.fields.0.is_static = true
methods.1.outcome.report.fields.0.name = "trace"
methods.1.outcome.report.fields.0.owner = "EnumSwitchSubject"
methods.1.outcome.report.fields.0.presented = true
methods.1.outcome.report.fields.0.refusal = null
methods.1.outcome.report.fields.1.access = "write"
methods.1.outcome.report.fields.1.bci = 8
methods.1.outcome.report.fields.1.descriptor = "I"
methods.1.outcome.report.fields.1.is_static = true
methods.1.outcome.report.fields.1.name = "trace"
methods.1.outcome.report.fields.1.owner = "EnumSwitchSubject"
methods.1.outcome.report.fields.1.presented = true
methods.1.outcome.report.fields.1.refusal = null
methods.1.outcome.report.init = null
methods.1.outcome.report.lambdas = []
methods.1.outcome.report.method = "mark(I)I"
methods.1.outcome.report.news = []
methods.1.outcome.report.outcome = "produced"
methods.1.outcome.report.profile.java_release = 8
methods.1.outcome.report.profile.layout.kind = "generic"
methods.1.outcome.report.profile.multi_release.kind = "disabled"
methods.1.outcome.report.quality = "structured"
methods.1.outcome.report.regions.0.bci = 0
methods.1.outcome.report.regions.0.blocks = [0]
methods.1.outcome.report.regions.0.code = null
methods.1.outcome.report.regions.0.message = null
methods.1.outcome.report.regions.0.rule.rule = "straight"
methods.1.outcome.report.regions.0.rule.version = "1"
methods.1.outcome.report.regions.0.structured = true
methods.1.outcome.report.representation = "java"
methods.1.outcome.report.rules.0.rule = "straight"
methods.1.outcome.report.rules.0.version = "1"
methods.1.outcome.report.rules.1.rule = "field"
methods.1.outcome.report.rules.1.version = "1"
methods.1.outcome.report.rules.2.rule = "declaration"
methods.1.outcome.report.rules.2.version = "1"
methods.1.outcome.report.semantic_validation = "unproven"
methods.1.outcome.report.source_map.segments.0.end = 186
methods.1.outcome.report.source_map.segments.0.origin.derived = []
methods.1.outcome.report.source_map.segments.0.origin.primary.bci = 8
methods.1.outcome.report.source_map.segments.0.origin.primary.cp = null
methods.1.outcome.report.source_map.segments.0.origin.primary.method.descriptor = [40,73,41,73]
methods.1.outcome.report.source_map.segments.0.origin.primary.method.name = [109,97,114,107]
methods.1.outcome.report.source_map.segments.0.origin.primary.method.owner.class_bytes.digest = "464c80eaffb2ff8ede2a6b1926aabc5bd2a669c515586e16381f8bb38db61581"
methods.1.outcome.report.source_map.segments.0.origin.primary.method.owner.class_bytes.length = 541
methods.1.outcome.report.source_map.segments.0.origin.primary.method.owner.location.entry.ordinal = 4
methods.1.outcome.report.source_map.segments.0.origin.primary.method.owner.location.entry.origin.root_container = "root"
methods.1.outcome.report.source_map.segments.0.origin.primary.method.owner.location.entry.origin.snapshot = "fb7fbbe8cc55991919c0599d607bdf6da3fa227f3b22e71809c1ae55d42870b0"
methods.1.outcome.report.source_map.segments.0.origin.primary.method.owner.location.entry.origin.steps = []
methods.1.outcome.report.source_map.segments.0.origin.primary.method.owner.location.entry.raw_name = [69,110,117,109,83,119,105,116,99,104,83,117,98,106,101,99,116,46,99,108,97,115,115]
methods.1.outcome.report.source_map.segments.0.origin.primary.method.owner.location.kind = "archive_entry"
methods.1.outcome.report.source_map.segments.0.origin.primary.method.owner.variant.kind = "base"
methods.1.outcome.report.source_map.segments.0.origin.primary.provenance = "Direct"
methods.1.outcome.report.source_map.segments.0.start = 169
methods.1.outcome.report.source_map.segments.1.end = 212
methods.1.outcome.report.source_map.segments.1.origin.derived = []
methods.1.outcome.report.source_map.segments.1.origin.primary.bci = 0
methods.1.outcome.report.source_map.segments.1.origin.primary.cp = null
methods.1.outcome.report.source_map.segments.1.origin.primary.method.descriptor = [40,73,41,73]
methods.1.outcome.report.source_map.segments.1.origin.primary.method.name = [109,97,114,107]
methods.1.outcome.report.source_map.segments.1.origin.primary.method.owner.class_bytes.digest = "464c80eaffb2ff8ede2a6b1926aabc5bd2a669c515586e16381f8bb38db61581"
methods.1.outcome.report.source_map.segments.1.origin.primary.method.owner.class_bytes.length = 541
methods.1.outcome.report.source_map.segments.1.origin.primary.method.owner.location.entry.ordinal = 4
methods.1.outcome.report.source_map.segments.1.origin.primary.method.owner.location.entry.origin.root_container = "root"
methods.1.outcome.report.source_map.segments.1.origin.primary.method.owner.location.entry.origin.snapshot = "fb7fbbe8cc55991919c0599d607bdf6da3fa227f3b22e71809c1ae55d42870b0"
methods.1.outcome.report.source_map.segments.1.origin.primary.method.owner.location.entry.origin.steps = []
methods.1.outcome.report.source_map.segments.1.origin.primary.method.owner.location.entry.raw_name = [69,110,117,109,83,119,105,116,99,104,83,117,98,106,101,99,116,46,99,108,97,115,115]
methods.1.outcome.report.source_map.segments.1.origin.primary.method.owner.location.kind = "archive_entry"
methods.1.outcome.report.source_map.segments.1.origin.primary.method.owner.variant.kind = "base"
methods.1.outcome.report.source_map.segments.1.origin.primary.provenance = "Direct"
methods.1.outcome.report.source_map.segments.1.start = 195
methods.1.outcome.report.source_map.segments.2.end = 218
methods.1.outcome.report.source_map.segments.2.origin.derived = []
methods.1.outcome.report.source_map.segments.2.origin.primary.bci = 0
methods.1.outcome.report.source_map.segments.2.origin.primary.cp = null
methods.1.outcome.report.source_map.segments.2.origin.primary.method.descriptor = [40,73,41,73]
methods.1.outcome.report.source_map.segments.2.origin.primary.method.name = [109,97,114,107]
methods.1.outcome.report.source_map.segments.2.origin.primary.method.owner.class_bytes.digest = "464c80eaffb2ff8ede2a6b1926aabc5bd2a669c515586e16381f8bb38db61581"
methods.1.outcome.report.source_map.segments.2.origin.primary.method.owner.class_bytes.length = 541
methods.1.outcome.report.source_map.segments.2.origin.primary.method.owner.location.entry.ordinal = 4
methods.1.outcome.report.source_map.segments.2.origin.primary.method.owner.location.entry.origin.root_container = "root"
methods.1.outcome.report.source_map.segments.2.origin.primary.method.owner.location.entry.origin.snapshot = "fb7fbbe8cc55991919c0599d607bdf6da3fa227f3b22e71809c1ae55d42870b0"
methods.1.outcome.report.source_map.segments.2.origin.primary.method.owner.location.entry.origin.steps = []
methods.1.outcome.report.source_map.segments.2.origin.primary.method.owner.location.entry.raw_name = [69,110,117,109,83,119,105,116,99,104,83,117,98,106,101,99,116,46,99,108,97,115,115]
methods.1.outcome.report.source_map.segments.2.origin.primary.method.owner.location.kind = "archive_entry"
methods.1.outcome.report.source_map.segments.2.origin.primary.method.owner.variant.kind = "base"
methods.1.outcome.report.source_map.segments.2.origin.primary.provenance = "Direct"
methods.1.outcome.report.source_map.segments.2.start = 195
methods.1.outcome.report.source_map.segments.3.end = 223
methods.1.outcome.report.source_map.segments.3.origin.derived = []
methods.1.outcome.report.source_map.segments.3.origin.primary.bci = 3
methods.1.outcome.report.source_map.segments.3.origin.primary.cp = null
methods.1.outcome.report.source_map.segments.3.origin.primary.method.descriptor = [40,73,41,73]
methods.1.outcome.report.source_map.segments.3.origin.primary.method.name = [109,97,114,107]
methods.1.outcome.report.source_map.segments.3.origin.primary.method.owner.class_bytes.digest = "464c80eaffb2ff8ede2a6b1926aabc5bd2a669c515586e16381f8bb38db61581"
methods.1.outcome.report.source_map.segments.3.origin.primary.method.owner.class_bytes.length = 541
methods.1.outcome.report.source_map.segments.3.origin.primary.method.owner.location.entry.ordinal = 4
methods.1.outcome.report.source_map.segments.3.origin.primary.method.owner.location.entry.origin.root_container = "root"
methods.1.outcome.report.source_map.segments.3.origin.primary.method.owner.location.entry.origin.snapshot = "fb7fbbe8cc55991919c0599d607bdf6da3fa227f3b22e71809c1ae55d42870b0"
methods.1.outcome.report.source_map.segments.3.origin.primary.method.owner.location.entry.origin.steps = []
methods.1.outcome.report.source_map.segments.3.origin.primary.method.owner.location.entry.raw_name = [69,110,117,109,83,119,105,116,99,104,83,117,98,106,101,99,116,46,99,108,97,115,115]
methods.1.outcome.report.source_map.segments.3.origin.primary.method.owner.location.kind = "archive_entry"
methods.1.outcome.report.source_map.segments.3.origin.primary.method.owner.variant.kind = "base"
methods.1.outcome.report.source_map.segments.3.origin.primary.provenance = "Direct"
methods.1.outcome.report.source_map.segments.3.start = 221
methods.1.outcome.report.source_map.segments.4.end = 223
methods.1.outcome.report.source_map.segments.4.origin.derived = []
methods.1.outcome.report.source_map.segments.4.origin.primary.bci = 5
methods.1.outcome.report.source_map.segments.4.origin.primary.cp = null
methods.1.outcome.report.source_map.segments.4.origin.primary.method.descriptor = [40,73,41,73]
methods.1.outcome.report.source_map.segments.4.origin.primary.method.name = [109,97,114,107]
methods.1.outcome.report.source_map.segments.4.origin.primary.method.owner.class_bytes.digest = "464c80eaffb2ff8ede2a6b1926aabc5bd2a669c515586e16381f8bb38db61581"
methods.1.outcome.report.source_map.segments.4.origin.primary.method.owner.class_bytes.length = 541
methods.1.outcome.report.source_map.segments.4.origin.primary.method.owner.location.entry.ordinal = 4
methods.1.outcome.report.source_map.segments.4.origin.primary.method.owner.location.entry.origin.root_container = "root"
methods.1.outcome.report.source_map.segments.4.origin.primary.method.owner.location.entry.origin.snapshot = "fb7fbbe8cc55991919c0599d607bdf6da3fa227f3b22e71809c1ae55d42870b0"
methods.1.outcome.report.source_map.segments.4.origin.primary.method.owner.location.entry.origin.steps = []
methods.1.outcome.report.source_map.segments.4.origin.primary.method.owner.location.entry.raw_name = [69,110,117,109,83,119,105,116,99,104,83,117,98,106,101,99,116,46,99,108,97,115,115]
methods.1.outcome.report.source_map.segments.4.origin.primary.method.owner.location.kind = "archive_entry"
methods.1.outcome.report.source_map.segments.4.origin.primary.method.owner.variant.kind = "base"
methods.1.outcome.report.source_map.segments.4.origin.primary.provenance = "Direct"
methods.1.outcome.report.source_map.segments.4.start = 195
methods.1.outcome.report.source_map.segments.5.end = 230
methods.1.outcome.report.source_map.segments.5.origin.derived = []
methods.1.outcome.report.source_map.segments.5.origin.primary.bci = 6
methods.1.outcome.report.source_map.segments.5.origin.primary.cp = null
methods.1.outcome.report.source_map.segments.5.origin.primary.method.descriptor = [40,73,41,73]
methods.1.outcome.report.source_map.segments.5.origin.primary.method.name = [109,97,114,107]
methods.1.outcome.report.source_map.segments.5.origin.primary.method.owner.class_bytes.digest = "464c80eaffb2ff8ede2a6b1926aabc5bd2a669c515586e16381f8bb38db61581"
methods.1.outcome.report.source_map.segments.5.origin.primary.method.owner.class_bytes.length = 541
methods.1.outcome.report.source_map.segments.5.origin.primary.method.owner.location.entry.ordinal = 4
methods.1.outcome.report.source_map.segments.5.origin.primary.method.owner.location.entry.origin.root_container = "root"
methods.1.outcome.report.source_map.segments.5.origin.primary.method.owner.location.entry.origin.snapshot = "fb7fbbe8cc55991919c0599d607bdf6da3fa227f3b22e71809c1ae55d42870b0"
methods.1.outcome.report.source_map.segments.5.origin.primary.method.owner.location.entry.origin.steps = []
methods.1.outcome.report.source_map.segments.5.origin.primary.method.owner.location.entry.raw_name = [69,110,117,109,83,119,105,116,99,104,83,117,98,106,101,99,116,46,99,108,97,115,115]
methods.1.outcome.report.source_map.segments.5.origin.primary.method.owner.location.kind = "archive_entry"
methods.1.outcome.report.source_map.segments.5.origin.primary.method.owner.variant.kind = "base"
methods.1.outcome.report.source_map.segments.5.origin.primary.provenance = "Direct"
methods.1.outcome.report.source_map.segments.5.start = 226
methods.1.outcome.report.source_map.segments.6.end = 230
methods.1.outcome.report.source_map.segments.6.origin.derived = []
methods.1.outcome.report.source_map.segments.6.origin.primary.bci = 7
methods.1.outcome.report.source_map.segments.6.origin.primary.cp = null
methods.1.outcome.report.source_map.segments.6.origin.primary.method.descriptor = [40,73,41,73]
methods.1.outcome.report.source_map.segments.6.origin.primary.method.name = [109,97,114,107]
methods.1.outcome.report.source_map.segments.6.origin.primary.method.owner.class_bytes.digest = "464c80eaffb2ff8ede2a6b1926aabc5bd2a669c515586e16381f8bb38db61581"
methods.1.outcome.report.source_map.segments.6.origin.primary.method.owner.class_bytes.length = 541
methods.1.outcome.report.source_map.segments.6.origin.primary.method.owner.location.entry.ordinal = 4
methods.1.outcome.report.source_map.segments.6.origin.primary.method.owner.location.entry.origin.root_container = "root"
methods.1.outcome.report.source_map.segments.6.origin.primary.method.owner.location.entry.origin.snapshot = "fb7fbbe8cc55991919c0599d607bdf6da3fa227f3b22e71809c1ae55d42870b0"
methods.1.outcome.report.source_map.segments.6.origin.primary.method.owner.location.entry.origin.steps = []
methods.1.outcome.report.source_map.segments.6.origin.primary.method.owner.location.entry.raw_name = [69,110,117,109,83,119,105,116,99,104,83,117,98,106,101,99,116,46,99,108,97,115,115]
methods.1.outcome.report.source_map.segments.6.origin.primary.method.owner.location.kind = "archive_entry"
methods.1.outcome.report.source_map.segments.6.origin.primary.method.owner.variant.kind = "base"
methods.1.outcome.report.source_map.segments.6.origin.primary.provenance = "Direct"
methods.1.outcome.report.source_map.segments.6.start = 195
methods.1.outcome.report.source_map.segments.7.end = 232
methods.1.outcome.report.source_map.segments.7.origin.derived = []
methods.1.outcome.report.source_map.segments.7.origin.primary.bci = 8
methods.1.outcome.report.source_map.segments.7.origin.primary.cp = null
methods.1.outcome.report.source_map.segments.7.origin.primary.method.descriptor = [40,73,41,73]
methods.1.outcome.report.source_map.segments.7.origin.primary.method.name = [109,97,114,107]
methods.1.outcome.report.source_map.segments.7.origin.primary.method.owner.class_bytes.digest = "464c80eaffb2ff8ede2a6b1926aabc5bd2a669c515586e16381f8bb38db61581"
methods.1.outcome.report.source_map.segments.7.origin.primary.method.owner.class_bytes.length = 541
methods.1.outcome.report.source_map.segments.7.origin.primary.method.owner.location.entry.ordinal = 4
methods.1.outcome.report.source_map.segments.7.origin.primary.method.owner.location.entry.origin.root_container = "root"
methods.1.outcome.report.source_map.segments.7.origin.primary.method.owner.location.entry.origin.snapshot = "fb7fbbe8cc55991919c0599d607bdf6da3fa227f3b22e71809c1ae55d42870b0"
methods.1.outcome.report.source_map.segments.7.origin.primary.method.owner.location.entry.origin.steps = []
methods.1.outcome.report.source_map.segments.7.origin.primary.method.owner.location.entry.raw_name = [69,110,117,109,83,119,105,116,99,104,83,117,98,106,101,99,116,46,99,108,97,115,115]
methods.1.outcome.report.source_map.segments.7.origin.primary.method.owner.location.kind = "archive_entry"
methods.1.outcome.report.source_map.segments.7.origin.primary.method.owner.variant.kind = "base"
methods.1.outcome.report.source_map.segments.7.origin.primary.provenance = "Direct"
methods.1.outcome.report.source_map.segments.7.start = 165
methods.1.outcome.report.source_map.segments.8.end = 247
methods.1.outcome.report.source_map.segments.8.origin.derived = []
methods.1.outcome.report.source_map.segments.8.origin.primary.bci = 11
methods.1.outcome.report.source_map.segments.8.origin.primary.cp = null
methods.1.outcome.report.source_map.segments.8.origin.primary.method.descriptor = [40,73,41,73]
methods.1.outcome.report.source_map.segments.8.origin.primary.method.name = [109,97,114,107]
methods.1.outcome.report.source_map.segments.8.origin.primary.method.owner.class_bytes.digest = "464c80eaffb2ff8ede2a6b1926aabc5bd2a669c515586e16381f8bb38db61581"
methods.1.outcome.report.source_map.segments.8.origin.primary.method.owner.class_bytes.length = 541
methods.1.outcome.report.source_map.segments.8.origin.primary.method.owner.location.entry.ordinal = 4
methods.1.outcome.report.source_map.segments.8.origin.primary.method.owner.location.entry.origin.root_container = "root"
methods.1.outcome.report.source_map.segments.8.origin.primary.method.owner.location.entry.origin.snapshot = "fb7fbbe8cc55991919c0599d607bdf6da3fa227f3b22e71809c1ae55d42870b0"
methods.1.outcome.report.source_map.segments.8.origin.primary.method.owner.location.entry.origin.steps = []
methods.1.outcome.report.source_map.segments.8.origin.primary.method.owner.location.entry.raw_name = [69,110,117,109,83,119,105,116,99,104,83,117,98,106,101,99,116,46,99,108,97,115,115]
methods.1.outcome.report.source_map.segments.8.origin.primary.method.owner.location.kind = "archive_entry"
methods.1.outcome.report.source_map.segments.8.origin.primary.method.owner.variant.kind = "base"
methods.1.outcome.report.source_map.segments.8.origin.primary.provenance = "Direct"
methods.1.outcome.report.source_map.segments.8.start = 243
methods.1.outcome.report.source_map.segments.9.end = 249
methods.1.outcome.report.source_map.segments.9.origin.derived = []
methods.1.outcome.report.source_map.segments.9.origin.primary.bci = 12
methods.1.outcome.report.source_map.segments.9.origin.primary.cp = null
methods.1.outcome.report.source_map.segments.9.origin.primary.method.descriptor = [40,73,41,73]
methods.1.outcome.report.source_map.segments.9.origin.primary.method.name = [109,97,114,107]
methods.1.outcome.report.source_map.segments.9.origin.primary.method.owner.class_bytes.digest = "464c80eaffb2ff8ede2a6b1926aabc5bd2a669c515586e16381f8bb38db61581"
methods.1.outcome.report.source_map.segments.9.origin.primary.method.owner.class_bytes.length = 541
methods.1.outcome.report.source_map.segments.9.origin.primary.method.owner.location.entry.ordinal = 4
methods.1.outcome.report.source_map.segments.9.origin.primary.method.owner.location.entry.origin.root_container = "root"
methods.1.outcome.report.source_map.segments.9.origin.primary.method.owner.location.entry.origin.snapshot = "fb7fbbe8cc55991919c0599d607bdf6da3fa227f3b22e71809c1ae55d42870b0"
methods.1.outcome.report.source_map.segments.9.origin.primary.method.owner.location.entry.origin.steps = []
methods.1.outcome.report.source_map.segments.9.origin.primary.method.owner.location.entry.raw_name = [69,110,117,109,83,119,105,116,99,104,83,117,98,106,101,99,116,46,99,108,97,115,115]
methods.1.outcome.report.source_map.segments.9.origin.primary.method.owner.location.kind = "archive_entry"
methods.1.outcome.report.source_map.segments.9.origin.primary.method.owner.variant.kind = "base"
methods.1.outcome.report.source_map.segments.9.origin.primary.provenance = "Direct"
methods.1.outcome.report.source_map.segments.9.start = 232
methods.1.outcome.report.syntax_status = "unchecked"
methods.1.outcome.report.text = "// @method mark(I)I\n// @declaration a static method of `EnumSwitchSubject`, member flags 0x000a\n// recovered from bytecode; presentation is not claimed to compile\n{\n    EnumSwitchSubject.trace = EnumSwitchSubject.trace * 10 + arg0;\n    return arg0;\n}\n"
methods.1.outcome.report.verification = "not_performed"
methods.1.parameter_annotations.attributes = []
methods.1.parameter_annotations.refusals = []
methods.1.parameter_annotations.uses_by_position = [[]]
methods.1.text = "    private static int mark(int arg0) {\n        // @method mark(I)I\n        // @declaration a static method of `EnumSwitchSubject`, member flags 0x000a\n        // recovered from bytecode; presentation is not claimed to compile\n        EnumSwitchSubject.trace = EnumSwitchSubject.trace * 10 + arg0;\n        return arg0;\n    }\n"
methods.1.type_annotations.attributes = []
methods.1.type_annotations.field_uses = []
methods.1.type_annotations.parameter_uses = [[]]
methods.1.type_annotations.refusals = []
methods.1.type_annotations.return_uses = []
methods.2.annotations.attributes = []
methods.2.annotations.refusals = []
methods.2.annotations.uses = []
methods.2.declaration = "public static int trace()"
methods.2.item.access_flags = 9
methods.2.item.body.content_span.length = 16
methods.2.item.body.content_span.start = 388
methods.2.item.body.kind = "code_attribute"
methods.2.item.descriptor.escaped = "()I"
methods.2.item.descriptor.raw = [40,41,73]
methods.2.item.descriptor.utf16 = [40,41,73]
methods.2.item.identity.descriptor = [40,41,73]
methods.2.item.identity.name = [116,114,97,99,101]
methods.2.item.identity.owner.class_bytes.digest = "464c80eaffb2ff8ede2a6b1926aabc5bd2a669c515586e16381f8bb38db61581"
methods.2.item.identity.owner.class_bytes.length = 541
methods.2.item.identity.owner.location.entry.ordinal = 4
methods.2.item.identity.owner.location.entry.origin.root_container = "root"
methods.2.item.identity.owner.location.entry.origin.snapshot = "fb7fbbe8cc55991919c0599d607bdf6da3fa227f3b22e71809c1ae55d42870b0"
methods.2.item.identity.owner.location.entry.origin.steps = []
methods.2.item.identity.owner.location.entry.raw_name = [69,110,117,109,83,119,105,116,99,104,83,117,98,106,101,99,116,46,99,108,97,115,115]
methods.2.item.identity.owner.location.kind = "archive_entry"
methods.2.item.identity.owner.variant.kind = "base"
methods.2.item.index = 2
methods.2.item.name.escaped = "trace"
methods.2.item.name.raw = [116,114,97,99,101]
methods.2.item.name.utf16 = [116,114,97,99,101]
methods.2.markers = []
methods.2.no_body_kind = null
methods.2.outcome.analysis.diagnostics = 0
methods.2.outcome.analysis.execution.status = "complete"
methods.2.outcome.analysis.execution.usage.analysis_steps = 90
methods.2.outcome.analysis.execution.usage.archive_entries = 17
methods.2.outcome.analysis.execution.usage.attribute_bytes = 466
methods.2.outcome.analysis.execution.usage.class_bytes = 1082
methods.2.outcome.analysis.execution.usage.class_headers = 1
methods.2.outcome.analysis.execution.usage.code_bytes = 22
methods.2.outcome.analysis.execution.usage.dependency_depth = 0
methods.2.outcome.analysis.execution.usage.elapsed_millis = 1
methods.2.outcome.analysis.execution.usage.entry_bytes = 541
methods.2.outcome.analysis.execution.usage.input_bytes = 2647
methods.2.outcome.analysis.execution.usage.ir_edges = 11
methods.2.outcome.analysis.execution.usage.ir_items = 242
methods.2.outcome.analysis.execution.usage.method_bodies = 3
methods.2.outcome.analysis.execution.usage.nested_depth = 0
methods.2.outcome.analysis.execution.usage.normalization_clones = 0
methods.2.outcome.analysis.execution.usage.output_bytes = 442
methods.2.outcome.analysis.execution.usage.read_bytes = 367
methods.2.outcome.analysis.execution.usage.result_items = 28
methods.2.outcome.kind = "recovered"
methods.2.outcome.report.accessors = []
methods.2.outcome.report.aliased_names = []
methods.2.outcome.report.artifact.agreement.state = "not_stated"
methods.2.outcome.report.artifact.binding.engine = "0.1.0"
methods.2.outcome.report.artifact.binding.environment.content = ["fb7fbbe8cc55991919c0599d607bdf6da3fa227f3b22e71809c1ae55d42870b0"]
methods.2.outcome.report.artifact.binding.environment.domain_loaders = ["app"]
methods.2.outcome.report.artifact.binding.environment.providers = []
methods.2.outcome.report.artifact.binding.environment.runtime.load_domain.delegation.kind = "parent_first"
methods.2.outcome.report.artifact.binding.environment.runtime.load_domain.external_override = "none"
methods.2.outcome.report.artifact.binding.environment.runtime.load_domain.loader = "app"
methods.2.outcome.report.artifact.binding.environment.runtime.load_domain.module_mode.kind = "class_path"
methods.2.outcome.report.artifact.binding.environment.runtime.load_domain.parent_loader = null
methods.2.outcome.report.artifact.binding.environment.runtime.load_domain.roots.0.kind = "container"
methods.2.outcome.report.artifact.binding.environment.runtime.load_domain.roots.0.origin.root_container = "root"
methods.2.outcome.report.artifact.binding.environment.runtime.load_domain.roots.0.origin.snapshot = "fb7fbbe8cc55991919c0599d607bdf6da3fa227f3b22e71809c1ae55d42870b0"
methods.2.outcome.report.artifact.binding.environment.runtime.load_domain.roots.0.origin.steps = []
methods.2.outcome.report.artifact.binding.environment.runtime.load_domain.roots.0.prefix = []
methods.2.outcome.report.artifact.binding.environment.runtime.load_domain.runtime_transformation = "none"
methods.2.outcome.report.artifact.binding.environment.runtime.physical.scope.kind = "snapshot_all"
methods.2.outcome.report.artifact.binding.environment.runtime.physical.snapshot = "fb7fbbe8cc55991919c0599d607bdf6da3fa227f3b22e71809c1ae55d42870b0"
methods.2.outcome.report.artifact.binding.environment.runtime.profile.java_release = 8
methods.2.outcome.report.artifact.binding.environment.runtime.profile.layout.kind = "generic"
methods.2.outcome.report.artifact.binding.environment.runtime.profile.multi_release.kind = "disabled"
methods.2.outcome.report.artifact.binding.member_ordinal = 2
methods.2.outcome.report.artifact.binding.method.descriptor = [40,41,73]
methods.2.outcome.report.artifact.binding.method.name = [116,114,97,99,101]
methods.2.outcome.report.artifact.binding.method.owner.class_bytes.digest = "464c80eaffb2ff8ede2a6b1926aabc5bd2a669c515586e16381f8bb38db61581"
methods.2.outcome.report.artifact.binding.method.owner.class_bytes.length = 541
methods.2.outcome.report.artifact.binding.method.owner.location.entry.ordinal = 4
methods.2.outcome.report.artifact.binding.method.owner.location.entry.origin.root_container = "root"
methods.2.outcome.report.artifact.binding.method.owner.location.entry.origin.snapshot = "fb7fbbe8cc55991919c0599d607bdf6da3fa227f3b22e71809c1ae55d42870b0"
methods.2.outcome.report.artifact.binding.method.owner.location.entry.origin.steps = []
methods.2.outcome.report.artifact.binding.method.owner.location.entry.raw_name = [69,110,117,109,83,119,105,116,99,104,83,117,98,106,101,99,116,46,99,108,97,115,115]
methods.2.outcome.report.artifact.binding.method.owner.location.kind = "archive_entry"
methods.2.outcome.report.artifact.binding.method.owner.variant.kind = "base"
methods.2.outcome.report.artifact.binding.profile.java_release = 8
methods.2.outcome.report.artifact.binding.profile.layout.kind = "generic"
methods.2.outcome.report.artifact.binding.profile.multi_release.kind = "disabled"
methods.2.outcome.report.artifact.binding.registry = 71
methods.2.outcome.report.artifact.binding.rules = ["straight@1","if@1","loop@1","switch@1","lambda@1","concat@1","bridge@1","accessor@1","new@1","field@1","enumswitch@1","init@1","declaration@1","twr@1","monitor@1"]
methods.2.outcome.report.artifact.binding.schema = 1
methods.2.outcome.report.artifact.binding.text_bytes = 203
methods.2.outcome.report.artifact.binding.text_digest = "c31c07d2e50c2f4250d0813b6fdf4f8b"
methods.2.outcome.report.bridges = []
methods.2.outcome.report.compile_status = "not_attempted"
methods.2.outcome.report.concats = []
methods.2.outcome.report.content = "contains_statements"
methods.2.outcome.report.declaration.declaring_class = "EnumSwitchSubject"
methods.2.outcome.report.declaration.form = "static_method"
methods.2.outcome.report.declaration.interface = false
methods.2.outcome.report.declaration.member_flags = 9
methods.2.outcome.report.declaration.method = "trace()I"
methods.2.outcome.report.declaration.presented = true
methods.2.outcome.report.declaration.refusal = null
methods.2.outcome.report.diagnostics.0.code = "jre_recovery_produced"
methods.2.outcome.report.diagnostics.0.message = "1 region(s), 1 statement(s), 3 segment(s), 203 byte(s) written from 1 canonical block(s)"
methods.2.outcome.report.diagnostics.0.provenance = null
methods.2.outcome.report.diagnostics.0.severity = "info"
methods.2.outcome.report.diagnostics.1.code = "jre_field_accesses"
methods.2.outcome.report.diagnostics.1.message = "1 field instruction(s) read under field@1: 1 presented, 0 refused"
methods.2.outcome.report.diagnostics.1.provenance = null
methods.2.outcome.report.diagnostics.1.severity = "info"
methods.2.outcome.report.diagnostics.2.code = "jre_declaration"
methods.2.outcome.report.diagnostics.2.message = "the artifact's envelope states the member's declaration under declaration@1: a static method"
methods.2.outcome.report.diagnostics.2.provenance = null
methods.2.outcome.report.diagnostics.2.severity = "info"
methods.2.outcome.report.enum_switches = []
methods.2.outcome.report.evidence.categories.0.kind = "source_map"
methods.2.outcome.report.evidence.categories.0.state.state = "complete"
methods.2.outcome.report.evidence.categories.1.kind = "region_details"
methods.2.outcome.report.evidence.categories.1.state.state = "complete"
methods.2.outcome.report.evidence.categories.2.kind = "rule_details"
methods.2.outcome.report.evidence.categories.2.state.state = "complete"
methods.2.outcome.report.evidence.categories.3.kind = "name_details"
methods.2.outcome.report.evidence.categories.3.state.state = "complete"
methods.2.outcome.report.evidence.categories.4.kind = "read_details"
methods.2.outcome.report.evidence.categories.4.state.state = "complete"
methods.2.outcome.report.evidence.requested.driver_bci_range = null
methods.2.outcome.report.evidence.requested.expected_artifact = null
methods.2.outcome.report.evidence.requested.kinds = ["source_map","region_details","rule_details","name_details","read_details"]
methods.2.outcome.report.execution.status = "complete"
methods.2.outcome.report.execution.usage.analysis_steps = 95
methods.2.outcome.report.execution.usage.archive_entries = 17
methods.2.outcome.report.execution.usage.attribute_bytes = 466
methods.2.outcome.report.execution.usage.class_bytes = 1082
methods.2.outcome.report.execution.usage.class_headers = 1
methods.2.outcome.report.execution.usage.code_bytes = 22
methods.2.outcome.report.execution.usage.dependency_depth = 0
methods.2.outcome.report.execution.usage.elapsed_millis = 1
methods.2.outcome.report.execution.usage.entry_bytes = 541
methods.2.outcome.report.execution.usage.input_bytes = 2647
methods.2.outcome.report.execution.usage.ir_edges = 11
methods.2.outcome.report.execution.usage.ir_items = 257
methods.2.outcome.report.execution.usage.method_bodies = 3
methods.2.outcome.report.execution.usage.nested_depth = 0
methods.2.outcome.report.execution.usage.normalization_clones = 0
methods.2.outcome.report.execution.usage.output_bytes = 645
methods.2.outcome.report.execution.usage.read_bytes = 367
methods.2.outcome.report.execution.usage.result_items = 28
methods.2.outcome.report.fallbacks = []
methods.2.outcome.report.fields.0.access = "read"
methods.2.outcome.report.fields.0.bci = 0
methods.2.outcome.report.fields.0.descriptor = "I"
methods.2.outcome.report.fields.0.is_static = true
methods.2.outcome.report.fields.0.name = "trace"
methods.2.outcome.report.fields.0.owner = "EnumSwitchSubject"
methods.2.outcome.report.fields.0.presented = true
methods.2.outcome.report.fields.0.refusal = null
methods.2.outcome.report.init = null
methods.2.outcome.report.lambdas = []
methods.2.outcome.report.method = "trace()I"
methods.2.outcome.report.news = []
methods.2.outcome.report.outcome = "produced"
methods.2.outcome.report.profile.java_release = 8
methods.2.outcome.report.profile.layout.kind = "generic"
methods.2.outcome.report.profile.multi_release.kind = "disabled"
methods.2.outcome.report.quality = "structured"
methods.2.outcome.report.regions.0.bci = 0
methods.2.outcome.report.regions.0.blocks = [0]
methods.2.outcome.report.regions.0.code = null
methods.2.outcome.report.regions.0.message = null
methods.2.outcome.report.regions.0.rule.rule = "straight"
methods.2.outcome.report.regions.0.rule.version = "1"
methods.2.outcome.report.regions.0.structured = true
methods.2.outcome.report.representation = "java"
methods.2.outcome.report.rules.0.rule = "straight"
methods.2.outcome.report.rules.0.version = "1"
methods.2.outcome.report.rules.1.rule = "field"
methods.2.outcome.report.rules.1.version = "1"
methods.2.outcome.report.rules.2.rule = "declaration"
methods.2.outcome.report.rules.2.version = "1"
methods.2.outcome.report.semantic_validation = "unproven"
methods.2.outcome.report.source_map.segments.0.end = 193
methods.2.outcome.report.source_map.segments.0.origin.derived = []
methods.2.outcome.report.source_map.segments.0.origin.primary.bci = 0
methods.2.outcome.report.source_map.segments.0.origin.primary.cp = null
methods.2.outcome.report.source_map.segments.0.origin.primary.method.descriptor = [40,41,73]
methods.2.outcome.report.source_map.segments.0.origin.primary.method.name = [116,114,97,99,101]
methods.2.outcome.report.source_map.segments.0.origin.primary.method.owner.class_bytes.digest = "464c80eaffb2ff8ede2a6b1926aabc5bd2a669c515586e16381f8bb38db61581"
methods.2.outcome.report.source_map.segments.0.origin.primary.method.owner.class_bytes.length = 541
methods.2.outcome.report.source_map.segments.0.origin.primary.method.owner.location.entry.ordinal = 4
methods.2.outcome.report.source_map.segments.0.origin.primary.method.owner.location.entry.origin.root_container = "root"
methods.2.outcome.report.source_map.segments.0.origin.primary.method.owner.location.entry.origin.snapshot = "fb7fbbe8cc55991919c0599d607bdf6da3fa227f3b22e71809c1ae55d42870b0"
methods.2.outcome.report.source_map.segments.0.origin.primary.method.owner.location.entry.origin.steps = []
methods.2.outcome.report.source_map.segments.0.origin.primary.method.owner.location.entry.raw_name = [69,110,117,109,83,119,105,116,99,104,83,117,98,106,101,99,116,46,99,108,97,115,115]
methods.2.outcome.report.source_map.segments.0.origin.primary.method.owner.location.kind = "archive_entry"
methods.2.outcome.report.source_map.segments.0.origin.primary.method.owner.variant.kind = "base"
methods.2.outcome.report.source_map.segments.0.origin.primary.provenance = "Direct"
methods.2.outcome.report.source_map.segments.0.start = 176
methods.2.outcome.report.source_map.segments.1.end = 199
methods.2.outcome.report.source_map.segments.1.origin.derived = []
methods.2.outcome.report.source_map.segments.1.origin.primary.bci = 0
methods.2.outcome.report.source_map.segments.1.origin.primary.cp = null
methods.2.outcome.report.source_map.segments.1.origin.primary.method.descriptor = [40,41,73]
methods.2.outcome.report.source_map.segments.1.origin.primary.method.name = [116,114,97,99,101]
methods.2.outcome.report.source_map.segments.1.origin.primary.method.owner.class_bytes.digest = "464c80eaffb2ff8ede2a6b1926aabc5bd2a669c515586e16381f8bb38db61581"
methods.2.outcome.report.source_map.segments.1.origin.primary.method.owner.class_bytes.length = 541
methods.2.outcome.report.source_map.segments.1.origin.primary.method.owner.location.entry.ordinal = 4
methods.2.outcome.report.source_map.segments.1.origin.primary.method.owner.location.entry.origin.root_container = "root"
methods.2.outcome.report.source_map.segments.1.origin.primary.method.owner.location.entry.origin.snapshot = "fb7fbbe8cc55991919c0599d607bdf6da3fa227f3b22e71809c1ae55d42870b0"
methods.2.outcome.report.source_map.segments.1.origin.primary.method.owner.location.entry.origin.steps = []
methods.2.outcome.report.source_map.segments.1.origin.primary.method.owner.location.entry.raw_name = [69,110,117,109,83,119,105,116,99,104,83,117,98,106,101,99,116,46,99,108,97,115,115]
methods.2.outcome.report.source_map.segments.1.origin.primary.method.owner.location.kind = "archive_entry"
methods.2.outcome.report.source_map.segments.1.origin.primary.method.owner.variant.kind = "base"
methods.2.outcome.report.source_map.segments.1.origin.primary.provenance = "Direct"
methods.2.outcome.report.source_map.segments.1.start = 176
methods.2.outcome.report.source_map.segments.2.end = 201
methods.2.outcome.report.source_map.segments.2.origin.derived = []
methods.2.outcome.report.source_map.segments.2.origin.primary.bci = 3
methods.2.outcome.report.source_map.segments.2.origin.primary.cp = null
methods.2.outcome.report.source_map.segments.2.origin.primary.method.descriptor = [40,41,73]
methods.2.outcome.report.source_map.segments.2.origin.primary.method.name = [116,114,97,99,101]
methods.2.outcome.report.source_map.segments.2.origin.primary.method.owner.class_bytes.digest = "464c80eaffb2ff8ede2a6b1926aabc5bd2a669c515586e16381f8bb38db61581"
methods.2.outcome.report.source_map.segments.2.origin.primary.method.owner.class_bytes.length = 541
methods.2.outcome.report.source_map.segments.2.origin.primary.method.owner.location.entry.ordinal = 4
methods.2.outcome.report.source_map.segments.2.origin.primary.method.owner.location.entry.origin.root_container = "root"
methods.2.outcome.report.source_map.segments.2.origin.primary.method.owner.location.entry.origin.snapshot = "fb7fbbe8cc55991919c0599d607bdf6da3fa227f3b22e71809c1ae55d42870b0"
methods.2.outcome.report.source_map.segments.2.origin.primary.method.owner.location.entry.origin.steps = []
methods.2.outcome.report.source_map.segments.2.origin.primary.method.owner.location.entry.raw_name = [69,110,117,109,83,119,105,116,99,104,83,117,98,106,101,99,116,46,99,108,97,115,115]
methods.2.outcome.report.source_map.segments.2.origin.primary.method.owner.location.kind = "archive_entry"
methods.2.outcome.report.source_map.segments.2.origin.primary.method.owner.variant.kind = "base"
methods.2.outcome.report.source_map.segments.2.origin.primary.provenance = "Direct"
methods.2.outcome.report.source_map.segments.2.start = 165
methods.2.outcome.report.syntax_status = "unchecked"
methods.2.outcome.report.text = "// @method trace()I\n// @declaration a static method of `EnumSwitchSubject`, member flags 0x0009\n// recovered from bytecode; presentation is not claimed to compile\n{\n    return EnumSwitchSubject.trace;\n}\n"
methods.2.outcome.report.verification = "not_performed"
methods.2.parameter_annotations.attributes = []
methods.2.parameter_annotations.refusals = []
methods.2.parameter_annotations.uses_by_position = []
methods.2.text = "    public static int trace() {\n        // @method trace()I\n        // @declaration a static method of `EnumSwitchSubject`, member flags 0x0009\n        // recovered from bytecode; presentation is not claimed to compile\n        return EnumSwitchSubject.trace;\n    }\n"
methods.2.type_annotations.attributes = []
methods.2.type_annotations.field_uses = []
methods.2.type_annotations.parameter_uses = []
methods.2.type_annotations.refusals = []
methods.2.type_annotations.return_uses = []
methods.3.annotations.attributes = []
methods.3.annotations.refusals = []
methods.3.annotations.uses = []
methods.3.declaration = "public static void reset()"
methods.3.item.access_flags = 9
methods.3.item.body.content_span.length = 17
methods.3.item.body.content_span.start = 418
methods.3.item.body.kind = "code_attribute"
methods.3.item.descriptor.escaped = "()V"
methods.3.item.descriptor.raw = [40,41,86]
methods.3.item.descriptor.utf16 = [40,41,86]
methods.3.item.identity.descriptor = [40,41,86]
methods.3.item.identity.name = [114,101,115,101,116]
methods.3.item.identity.owner.class_bytes.digest = "464c80eaffb2ff8ede2a6b1926aabc5bd2a669c515586e16381f8bb38db61581"
methods.3.item.identity.owner.class_bytes.length = 541
methods.3.item.identity.owner.location.entry.ordinal = 4
methods.3.item.identity.owner.location.entry.origin.root_container = "root"
methods.3.item.identity.owner.location.entry.origin.snapshot = "fb7fbbe8cc55991919c0599d607bdf6da3fa227f3b22e71809c1ae55d42870b0"
methods.3.item.identity.owner.location.entry.origin.steps = []
methods.3.item.identity.owner.location.entry.raw_name = [69,110,117,109,83,119,105,116,99,104,83,117,98,106,101,99,116,46,99,108,97,115,115]
methods.3.item.identity.owner.location.kind = "archive_entry"
methods.3.item.identity.owner.variant.kind = "base"
methods.3.item.index = 3
methods.3.item.name.escaped = "reset"
methods.3.item.name.raw = [114,101,115,101,116]
methods.3.item.name.utf16 = [114,101,115,101,116]
methods.3.markers = []
methods.3.no_body_kind = null
methods.3.outcome.analysis.diagnostics = 0
methods.3.outcome.analysis.execution.status = "complete"
methods.3.outcome.analysis.execution.usage.analysis_steps = 116
methods.3.outcome.analysis.execution.usage.archive_entries = 17
methods.3.outcome.analysis.execution.usage.attribute_bytes = 489
methods.3.outcome.analysis.execution.usage.class_bytes = 1082
methods.3.outcome.analysis.execution.usage.class_headers = 1
methods.3.outcome.analysis.execution.usage.code_bytes = 27
methods.3.outcome.analysis.execution.usage.dependency_depth = 0
methods.3.outcome.analysis.execution.usage.elapsed_millis = 1
methods.3.outcome.analysis.execution.usage.entry_bytes = 541
methods.3.outcome.analysis.execution.usage.input_bytes = 2647
methods.3.outcome.analysis.execution.usage.ir_edges = 12
methods.3.outcome.analysis.execution.usage.ir_items = 286
methods.3.outcome.analysis.execution.usage.method_bodies = 4
methods.3.outcome.analysis.execution.usage.nested_depth = 0
methods.3.outcome.analysis.execution.usage.normalization_clones = 0
methods.3.outcome.analysis.execution.usage.output_bytes = 645
methods.3.outcome.analysis.execution.usage.read_bytes = 367
methods.3.outcome.analysis.execution.usage.result_items = 29
methods.3.outcome.kind = "recovered"
methods.3.outcome.report.accessors = []
methods.3.outcome.report.aliased_names = []
methods.3.outcome.report.artifact.agreement.state = "not_stated"
methods.3.outcome.report.artifact.binding.engine = "0.1.0"
methods.3.outcome.report.artifact.binding.environment.content = ["fb7fbbe8cc55991919c0599d607bdf6da3fa227f3b22e71809c1ae55d42870b0"]
methods.3.outcome.report.artifact.binding.environment.domain_loaders = ["app"]
methods.3.outcome.report.artifact.binding.environment.providers = []
methods.3.outcome.report.artifact.binding.environment.runtime.load_domain.delegation.kind = "parent_first"
methods.3.outcome.report.artifact.binding.environment.runtime.load_domain.external_override = "none"
methods.3.outcome.report.artifact.binding.environment.runtime.load_domain.loader = "app"
methods.3.outcome.report.artifact.binding.environment.runtime.load_domain.module_mode.kind = "class_path"
methods.3.outcome.report.artifact.binding.environment.runtime.load_domain.parent_loader = null
methods.3.outcome.report.artifact.binding.environment.runtime.load_domain.roots.0.kind = "container"
methods.3.outcome.report.artifact.binding.environment.runtime.load_domain.roots.0.origin.root_container = "root"
methods.3.outcome.report.artifact.binding.environment.runtime.load_domain.roots.0.origin.snapshot = "fb7fbbe8cc55991919c0599d607bdf6da3fa227f3b22e71809c1ae55d42870b0"
methods.3.outcome.report.artifact.binding.environment.runtime.load_domain.roots.0.origin.steps = []
methods.3.outcome.report.artifact.binding.environment.runtime.load_domain.roots.0.prefix = []
methods.3.outcome.report.artifact.binding.environment.runtime.load_domain.runtime_transformation = "none"
methods.3.outcome.report.artifact.binding.environment.runtime.physical.scope.kind = "snapshot_all"
methods.3.outcome.report.artifact.binding.environment.runtime.physical.snapshot = "fb7fbbe8cc55991919c0599d607bdf6da3fa227f3b22e71809c1ae55d42870b0"
methods.3.outcome.report.artifact.binding.environment.runtime.profile.java_release = 8
methods.3.outcome.report.artifact.binding.environment.runtime.profile.layout.kind = "generic"
methods.3.outcome.report.artifact.binding.environment.runtime.profile.multi_release.kind = "disabled"
methods.3.outcome.report.artifact.binding.member_ordinal = 3
methods.3.outcome.report.artifact.binding.method.descriptor = [40,41,86]
methods.3.outcome.report.artifact.binding.method.name = [114,101,115,101,116]
methods.3.outcome.report.artifact.binding.method.owner.class_bytes.digest = "464c80eaffb2ff8ede2a6b1926aabc5bd2a669c515586e16381f8bb38db61581"
methods.3.outcome.report.artifact.binding.method.owner.class_bytes.length = 541
methods.3.outcome.report.artifact.binding.method.owner.location.entry.ordinal = 4
methods.3.outcome.report.artifact.binding.method.owner.location.entry.origin.root_container = "root"
methods.3.outcome.report.artifact.binding.method.owner.location.entry.origin.snapshot = "fb7fbbe8cc55991919c0599d607bdf6da3fa227f3b22e71809c1ae55d42870b0"
methods.3.outcome.report.artifact.binding.method.owner.location.entry.origin.steps = []
methods.3.outcome.report.artifact.binding.method.owner.location.entry.raw_name = [69,110,117,109,83,119,105,116,99,104,83,117,98,106,101,99,116,46,99,108,97,115,115]
methods.3.outcome.report.artifact.binding.method.owner.location.kind = "archive_entry"
methods.3.outcome.report.artifact.binding.method.owner.variant.kind = "base"
methods.3.outcome.report.artifact.binding.profile.java_release = 8
methods.3.outcome.report.artifact.binding.profile.layout.kind = "generic"
methods.3.outcome.report.artifact.binding.profile.multi_release.kind = "disabled"
methods.3.outcome.report.artifact.binding.registry = 71
methods.3.outcome.report.artifact.binding.rules = ["straight@1","if@1","loop@1","switch@1","lambda@1","concat@1","bridge@1","accessor@1","new@1","field@1","enumswitch@1","init@1","declaration@1","twr@1","monitor@1"]
methods.3.outcome.report.artifact.binding.schema = 1
methods.3.outcome.report.artifact.binding.text_bytes = 212
methods.3.outcome.report.artifact.binding.text_digest = "40b914ebe23da8920eafdb0450f0b81e"
methods.3.outcome.report.bridges = []
methods.3.outcome.report.compile_status = "not_attempted"
methods.3.outcome.report.concats = []
methods.3.outcome.report.content = "contains_statements"
methods.3.outcome.report.declaration.declaring_class = "EnumSwitchSubject"
methods.3.outcome.report.declaration.form = "static_method"
methods.3.outcome.report.declaration.interface = false
methods.3.outcome.report.declaration.member_flags = 9
methods.3.outcome.report.declaration.method = "reset()V"
methods.3.outcome.report.declaration.presented = true
methods.3.outcome.report.declaration.refusal = null
methods.3.outcome.report.diagnostics.0.code = "jre_recovery_produced"
methods.3.outcome.report.diagnostics.0.message = "1 region(s), 2 statement(s), 4 segment(s), 212 byte(s) written from 1 canonical block(s)"
methods.3.outcome.report.diagnostics.0.provenance = null
methods.3.outcome.report.diagnostics.0.severity = "info"
methods.3.outcome.report.diagnostics.1.code = "jre_field_accesses"
methods.3.outcome.report.diagnostics.1.message = "1 field instruction(s) read under field@1: 1 presented, 0 refused"
methods.3.outcome.report.diagnostics.1.provenance = null
methods.3.outcome.report.diagnostics.1.severity = "info"
methods.3.outcome.report.diagnostics.2.code = "jre_declaration"
methods.3.outcome.report.diagnostics.2.message = "the artifact's envelope states the member's declaration under declaration@1: a static method"
methods.3.outcome.report.diagnostics.2.provenance = null
methods.3.outcome.report.diagnostics.2.severity = "info"
methods.3.outcome.report.enum_switches = []
methods.3.outcome.report.evidence.categories.0.kind = "source_map"
methods.3.outcome.report.evidence.categories.0.state.state = "complete"
methods.3.outcome.report.evidence.categories.1.kind = "region_details"
methods.3.outcome.report.evidence.categories.1.state.state = "complete"
methods.3.outcome.report.evidence.categories.2.kind = "rule_details"
methods.3.outcome.report.evidence.categories.2.state.state = "complete"
methods.3.outcome.report.evidence.categories.3.kind = "name_details"
methods.3.outcome.report.evidence.categories.3.state.state = "complete"
methods.3.outcome.report.evidence.categories.4.kind = "read_details"
methods.3.outcome.report.evidence.categories.4.state.state = "complete"
methods.3.outcome.report.evidence.requested.driver_bci_range = null
methods.3.outcome.report.evidence.requested.expected_artifact = null
methods.3.outcome.report.evidence.requested.kinds = ["source_map","region_details","rule_details","name_details","read_details"]
methods.3.outcome.report.execution.status = "complete"
methods.3.outcome.report.execution.usage.analysis_steps = 121
methods.3.outcome.report.execution.usage.archive_entries = 17
methods.3.outcome.report.execution.usage.attribute_bytes = 489
methods.3.outcome.report.execution.usage.class_bytes = 1082
methods.3.outcome.report.execution.usage.class_headers = 1
methods.3.outcome.report.execution.usage.code_bytes = 27
methods.3.outcome.report.execution.usage.dependency_depth = 0
methods.3.outcome.report.execution.usage.elapsed_millis = 1
methods.3.outcome.report.execution.usage.entry_bytes = 541
methods.3.outcome.report.execution.usage.input_bytes = 2647
methods.3.outcome.report.execution.usage.ir_edges = 12
methods.3.outcome.report.execution.usage.ir_items = 301
methods.3.outcome.report.execution.usage.method_bodies = 4
methods.3.outcome.report.execution.usage.nested_depth = 0
methods.3.outcome.report.execution.usage.normalization_clones = 0
methods.3.outcome.report.execution.usage.output_bytes = 857
methods.3.outcome.report.execution.usage.read_bytes = 367
methods.3.outcome.report.execution.usage.result_items = 29
methods.3.outcome.report.fallbacks = []
methods.3.outcome.report.fields.0.access = "write"
methods.3.outcome.report.fields.0.bci = 1
methods.3.outcome.report.fields.0.descriptor = "I"
methods.3.outcome.report.fields.0.is_static = true
methods.3.outcome.report.fields.0.name = "trace"
methods.3.outcome.report.fields.0.owner = "EnumSwitchSubject"
methods.3.outcome.report.fields.0.presented = true
methods.3.outcome.report.fields.0.refusal = null
methods.3.outcome.report.init = null
methods.3.outcome.report.lambdas = []
methods.3.outcome.report.method = "reset()V"
methods.3.outcome.report.news = []
methods.3.outcome.report.outcome = "produced"
methods.3.outcome.report.profile.java_release = 8
methods.3.outcome.report.profile.layout.kind = "generic"
methods.3.outcome.report.profile.multi_release.kind = "disabled"
methods.3.outcome.report.quality = "structured"
methods.3.outcome.report.regions.0.bci = 0
methods.3.outcome.report.regions.0.blocks = [0]
methods.3.outcome.report.regions.0.code = null
methods.3.outcome.report.regions.0.message = null
methods.3.outcome.report.regions.0.rule.rule = "straight"
methods.3.outcome.report.regions.0.rule.version = "1"
methods.3.outcome.report.regions.0.structured = true
methods.3.outcome.report.representation = "java"
methods.3.outcome.report.rules.0.rule = "straight"
methods.3.outcome.report.rules.0.version = "1"
methods.3.outcome.report.rules.1.rule = "field"
methods.3.outcome.report.rules.1.version = "1"
methods.3.outcome.report.rules.2.rule = "declaration"
methods.3.outcome.report.rules.2.version = "1"
methods.3.outcome.report.semantic_validation = "unproven"
methods.3.outcome.report.source_map.segments.0.end = 186
methods.3.outcome.report.source_map.segments.0.origin.derived = []
methods.3.outcome.report.source_map.segments.0.origin.primary.bci = 1
methods.3.outcome.report.source_map.segments.0.origin.primary.cp = null
methods.3.outcome.report.source_map.segments.0.origin.primary.method.descriptor = [40,41,86]
methods.3.outcome.report.source_map.segments.0.origin.primary.method.name = [114,101,115,101,116]
methods.3.outcome.report.source_map.segments.0.origin.primary.method.owner.class_bytes.digest = "464c80eaffb2ff8ede2a6b1926aabc5bd2a669c515586e16381f8bb38db61581"
methods.3.outcome.report.source_map.segments.0.origin.primary.method.owner.class_bytes.length = 541
methods.3.outcome.report.source_map.segments.0.origin.primary.method.owner.location.entry.ordinal = 4
methods.3.outcome.report.source_map.segments.0.origin.primary.method.owner.location.entry.origin.root_container = "root"
methods.3.outcome.report.source_map.segments.0.origin.primary.method.owner.location.entry.origin.snapshot = "fb7fbbe8cc55991919c0599d607bdf6da3fa227f3b22e71809c1ae55d42870b0"
methods.3.outcome.report.source_map.segments.0.origin.primary.method.owner.location.entry.origin.steps = []
methods.3.outcome.report.source_map.segments.0.origin.primary.method.owner.location.entry.raw_name = [69,110,117,109,83,119,105,116,99,104,83,117,98,106,101,99,116,46,99,108,97,115,115]
methods.3.outcome.report.source_map.segments.0.origin.primary.method.owner.location.kind = "archive_entry"
methods.3.outcome.report.source_map.segments.0.origin.primary.method.owner.variant.kind = "base"
methods.3.outcome.report.source_map.segments.0.origin.primary.provenance = "Direct"
methods.3.outcome.report.source_map.segments.0.start = 169
methods.3.outcome.report.source_map.segments.1.end = 196
methods.3.outcome.report.source_map.segments.1.origin.derived = []
methods.3.outcome.report.source_map.segments.1.origin.primary.bci = 0
methods.3.outcome.report.source_map.segments.1.origin.primary.cp = null
methods.3.outcome.report.source_map.segments.1.origin.primary.method.descriptor = [40,41,86]
methods.3.outcome.report.source_map.segments.1.origin.primary.method.name = [114,101,115,101,116]
methods.3.outcome.report.source_map.segments.1.origin.primary.method.owner.class_bytes.digest = "464c80eaffb2ff8ede2a6b1926aabc5bd2a669c515586e16381f8bb38db61581"
methods.3.outcome.report.source_map.segments.1.origin.primary.method.owner.class_bytes.length = 541
methods.3.outcome.report.source_map.segments.1.origin.primary.method.owner.location.entry.ordinal = 4
methods.3.outcome.report.source_map.segments.1.origin.primary.method.owner.location.entry.origin.root_container = "root"
methods.3.outcome.report.source_map.segments.1.origin.primary.method.owner.location.entry.origin.snapshot = "fb7fbbe8cc55991919c0599d607bdf6da3fa227f3b22e71809c1ae55d42870b0"
methods.3.outcome.report.source_map.segments.1.origin.primary.method.owner.location.entry.origin.steps = []
methods.3.outcome.report.source_map.segments.1.origin.primary.method.owner.location.entry.raw_name = [69,110,117,109,83,119,105,116,99,104,83,117,98,106,101,99,116,46,99,108,97,115,115]
methods.3.outcome.report.source_map.segments.1.origin.primary.method.owner.location.kind = "archive_entry"
methods.3.outcome.report.source_map.segments.1.origin.primary.method.owner.variant.kind = "base"
methods.3.outcome.report.source_map.segments.1.origin.primary.provenance = "Direct"
methods.3.outcome.report.source_map.segments.1.start = 195
methods.3.outcome.report.source_map.segments.2.end = 198
methods.3.outcome.report.source_map.segments.2.origin.derived = []
methods.3.outcome.report.source_map.segments.2.origin.primary.bci = 1
methods.3.outcome.report.source_map.segments.2.origin.primary.cp = null
methods.3.outcome.report.source_map.segments.2.origin.primary.method.descriptor = [40,41,86]
methods.3.outcome.report.source_map.segments.2.origin.primary.method.name = [114,101,115,101,116]
methods.3.outcome.report.source_map.segments.2.origin.primary.method.owner.class_bytes.digest = "464c80eaffb2ff8ede2a6b1926aabc5bd2a669c515586e16381f8bb38db61581"
methods.3.outcome.report.source_map.segments.2.origin.primary.method.owner.class_bytes.length = 541
methods.3.outcome.report.source_map.segments.2.origin.primary.method.owner.location.entry.ordinal = 4
methods.3.outcome.report.source_map.segments.2.origin.primary.method.owner.location.entry.origin.root_container = "root"
methods.3.outcome.report.source_map.segments.2.origin.primary.method.owner.location.entry.origin.snapshot = "fb7fbbe8cc55991919c0599d607bdf6da3fa227f3b22e71809c1ae55d42870b0"
methods.3.outcome.report.source_map.segments.2.origin.primary.method.owner.location.entry.origin.steps = []
methods.3.outcome.report.source_map.segments.2.origin.primary.method.owner.location.entry.raw_name = [69,110,117,109,83,119,105,116,99,104,83,117,98,106,101,99,116,46,99,108,97,115,115]
methods.3.outcome.report.source_map.segments.2.origin.primary.method.owner.location.kind = "archive_entry"
methods.3.outcome.report.source_map.segments.2.origin.primary.method.owner.variant.kind = "base"
methods.3.outcome.report.source_map.segments.2.origin.primary.provenance = "Direct"
methods.3.outcome.report.source_map.segments.2.start = 165
methods.3.outcome.report.source_map.segments.3.end = 210
methods.3.outcome.report.source_map.segments.3.origin.derived = []
methods.3.outcome.report.source_map.segments.3.origin.primary.bci = 4
methods.3.outcome.report.source_map.segments.3.origin.primary.cp = null
methods.3.outcome.report.source_map.segments.3.origin.primary.method.descriptor = [40,41,86]
methods.3.outcome.report.source_map.segments.3.origin.primary.method.name = [114,101,115,101,116]
methods.3.outcome.report.source_map.segments.3.origin.primary.method.owner.class_bytes.digest = "464c80eaffb2ff8ede2a6b1926aabc5bd2a669c515586e16381f8bb38db61581"
methods.3.outcome.report.source_map.segments.3.origin.primary.method.owner.class_bytes.length = 541
methods.3.outcome.report.source_map.segments.3.origin.primary.method.owner.location.entry.ordinal = 4
methods.3.outcome.report.source_map.segments.3.origin.primary.method.owner.location.entry.origin.root_container = "root"
methods.3.outcome.report.source_map.segments.3.origin.primary.method.owner.location.entry.origin.snapshot = "fb7fbbe8cc55991919c0599d607bdf6da3fa227f3b22e71809c1ae55d42870b0"
methods.3.outcome.report.source_map.segments.3.origin.primary.method.owner.location.entry.origin.steps = []
methods.3.outcome.report.source_map.segments.3.origin.primary.method.owner.location.entry.raw_name = [69,110,117,109,83,119,105,116,99,104,83,117,98,106,101,99,116,46,99,108,97,115,115]
methods.3.outcome.report.source_map.segments.3.origin.primary.method.owner.location.kind = "archive_entry"
methods.3.outcome.report.source_map.segments.3.origin.primary.method.owner.variant.kind = "base"
methods.3.outcome.report.source_map.segments.3.origin.primary.provenance = "Direct"
methods.3.outcome.report.source_map.segments.3.start = 198
methods.3.outcome.report.syntax_status = "unchecked"
methods.3.outcome.report.text = "// @method reset()V\n// @declaration a static method of `EnumSwitchSubject`, member flags 0x0009\n// recovered from bytecode; presentation is not claimed to compile\n{\n    EnumSwitchSubject.trace = 0;\n    return;\n}\n"
methods.3.outcome.report.verification = "not_performed"
methods.3.parameter_annotations.attributes = []
methods.3.parameter_annotations.refusals = []
methods.3.parameter_annotations.uses_by_position = []
methods.3.text = "    public static void reset() {\n        // @method reset()V\n        // @declaration a static method of `EnumSwitchSubject`, member flags 0x0009\n        // recovered from bytecode; presentation is not claimed to compile\n        EnumSwitchSubject.trace = 0;\n        return;\n    }\n"
methods.3.type_annotations.attributes = []
methods.3.type_annotations.field_uses = []
methods.3.type_annotations.parameter_uses = []
methods.3.type_annotations.refusals = []
methods.3.type_annotations.return_uses = []
methods.4.annotations.attributes = []
methods.4.annotations.refusals = []
methods.4.annotations.uses = []
methods.4.declaration = "public static int choose(Hue arg0)"
methods.4.item.access_flags = 9
methods.4.item.body.content_span.length = 74
methods.4.item.body.content_span.start = 449
methods.4.item.body.kind = "code_attribute"
methods.4.item.descriptor.escaped = "(LHue;)I"
methods.4.item.descriptor.raw = [40,76,72,117,101,59,41,73]
methods.4.item.descriptor.utf16 = [40,76,72,117,101,59,41,73]
methods.4.item.identity.descriptor = [40,76,72,117,101,59,41,73]
methods.4.item.identity.name = [99,104,111,111,115,101]
methods.4.item.identity.owner.class_bytes.digest = "464c80eaffb2ff8ede2a6b1926aabc5bd2a669c515586e16381f8bb38db61581"
methods.4.item.identity.owner.class_bytes.length = 541
methods.4.item.identity.owner.location.entry.ordinal = 4
methods.4.item.identity.owner.location.entry.origin.root_container = "root"
methods.4.item.identity.owner.location.entry.origin.snapshot = "fb7fbbe8cc55991919c0599d607bdf6da3fa227f3b22e71809c1ae55d42870b0"
methods.4.item.identity.owner.location.entry.origin.steps = []
methods.4.item.identity.owner.location.entry.raw_name = [69,110,117,109,83,119,105,116,99,104,83,117,98,106,101,99,116,46,99,108,97,115,115]
methods.4.item.identity.owner.location.kind = "archive_entry"
methods.4.item.identity.owner.variant.kind = "base"
methods.4.item.index = 4
methods.4.item.name.escaped = "choose"
methods.4.item.name.raw = [99,104,111,111,115,101]
methods.4.item.name.utf16 = [99,104,111,111,115,101]
methods.4.markers = []
methods.4.no_body_kind = null
methods.4.outcome.analysis.diagnostics = 0
methods.4.outcome.analysis.execution.status = "complete"
methods.4.outcome.analysis.execution.usage.analysis_steps = 224
methods.4.outcome.analysis.execution.usage.archive_entries = 17
methods.4.outcome.analysis.execution.usage.attribute_bytes = 569
methods.4.outcome.analysis.execution.usage.class_bytes = 1082
methods.4.outcome.analysis.execution.usage.class_headers = 1
methods.4.outcome.analysis.execution.usage.code_bytes = 78
methods.4.outcome.analysis.execution.usage.dependency_depth = 0
methods.4.outcome.analysis.execution.usage.elapsed_millis = 1
methods.4.outcome.analysis.execution.usage.entry_bytes = 541
methods.4.outcome.analysis.execution.usage.input_bytes = 2647
methods.4.outcome.analysis.execution.usage.ir_edges = 32
methods.4.outcome.analysis.execution.usage.ir_items = 521
methods.4.outcome.analysis.execution.usage.method_bodies = 5
methods.4.outcome.analysis.execution.usage.nested_depth = 0
methods.4.outcome.analysis.execution.usage.normalization_clones = 0
methods.4.outcome.analysis.execution.usage.output_bytes = 857
methods.4.outcome.analysis.execution.usage.read_bytes = 367
methods.4.outcome.analysis.execution.usage.result_items = 30
methods.4.outcome.kind = "recovered"
methods.4.outcome.report.accessors = []
methods.4.outcome.report.aliased_names = []
methods.4.outcome.report.artifact.agreement.state = "not_stated"
methods.4.outcome.report.artifact.binding.engine = "0.1.0"
methods.4.outcome.report.artifact.binding.environment.content = ["fb7fbbe8cc55991919c0599d607bdf6da3fa227f3b22e71809c1ae55d42870b0"]
methods.4.outcome.report.artifact.binding.environment.domain_loaders = ["app"]
methods.4.outcome.report.artifact.binding.environment.providers = []
methods.4.outcome.report.artifact.binding.environment.runtime.load_domain.delegation.kind = "parent_first"
methods.4.outcome.report.artifact.binding.environment.runtime.load_domain.external_override = "none"
methods.4.outcome.report.artifact.binding.environment.runtime.load_domain.loader = "app"
methods.4.outcome.report.artifact.binding.environment.runtime.load_domain.module_mode.kind = "class_path"
methods.4.outcome.report.artifact.binding.environment.runtime.load_domain.parent_loader = null
methods.4.outcome.report.artifact.binding.environment.runtime.load_domain.roots.0.kind = "container"
methods.4.outcome.report.artifact.binding.environment.runtime.load_domain.roots.0.origin.root_container = "root"
methods.4.outcome.report.artifact.binding.environment.runtime.load_domain.roots.0.origin.snapshot = "fb7fbbe8cc55991919c0599d607bdf6da3fa227f3b22e71809c1ae55d42870b0"
methods.4.outcome.report.artifact.binding.environment.runtime.load_domain.roots.0.origin.steps = []
methods.4.outcome.report.artifact.binding.environment.runtime.load_domain.roots.0.prefix = []
methods.4.outcome.report.artifact.binding.environment.runtime.load_domain.runtime_transformation = "none"
methods.4.outcome.report.artifact.binding.environment.runtime.physical.scope.kind = "snapshot_all"
methods.4.outcome.report.artifact.binding.environment.runtime.physical.snapshot = "fb7fbbe8cc55991919c0599d607bdf6da3fa227f3b22e71809c1ae55d42870b0"
methods.4.outcome.report.artifact.binding.environment.runtime.profile.java_release = 8
methods.4.outcome.report.artifact.binding.environment.runtime.profile.layout.kind = "generic"
methods.4.outcome.report.artifact.binding.environment.runtime.profile.multi_release.kind = "disabled"
methods.4.outcome.report.artifact.binding.member_ordinal = 4
methods.4.outcome.report.artifact.binding.method.descriptor = [40,76,72,117,101,59,41,73]
methods.4.outcome.report.artifact.binding.method.name = [99,104,111,111,115,101]
methods.4.outcome.report.artifact.binding.method.owner.class_bytes.digest = "464c80eaffb2ff8ede2a6b1926aabc5bd2a669c515586e16381f8bb38db61581"
methods.4.outcome.report.artifact.binding.method.owner.class_bytes.length = 541
methods.4.outcome.report.artifact.binding.method.owner.location.entry.ordinal = 4
methods.4.outcome.report.artifact.binding.method.owner.location.entry.origin.root_container = "root"
methods.4.outcome.report.artifact.binding.method.owner.location.entry.origin.snapshot = "fb7fbbe8cc55991919c0599d607bdf6da3fa227f3b22e71809c1ae55d42870b0"
methods.4.outcome.report.artifact.binding.method.owner.location.entry.origin.steps = []
methods.4.outcome.report.artifact.binding.method.owner.location.entry.raw_name = [69,110,117,109,83,119,105,116,99,104,83,117,98,106,101,99,116,46,99,108,97,115,115]
methods.4.outcome.report.artifact.binding.method.owner.location.kind = "archive_entry"
methods.4.outcome.report.artifact.binding.method.owner.variant.kind = "base"
methods.4.outcome.report.artifact.binding.profile.java_release = 8
methods.4.outcome.report.artifact.binding.profile.layout.kind = "generic"
methods.4.outcome.report.artifact.binding.profile.multi_release.kind = "disabled"
methods.4.outcome.report.artifact.binding.registry = 71
methods.4.outcome.report.artifact.binding.rules = ["straight@1","if@1","loop@1","switch@1","lambda@1","concat@1","bridge@1","accessor@1","new@1","field@1","enumswitch@1","init@1","declaration@1","twr@1","monitor@1"]
methods.4.outcome.report.artifact.binding.schema = 1
methods.4.outcome.report.artifact.binding.text_bytes = 378
methods.4.outcome.report.artifact.binding.text_digest = "90eb282b7d7c4cfbb891788da7725eb7"
methods.4.outcome.report.bridges = []
methods.4.outcome.report.compile_status = "not_attempted"
methods.4.outcome.report.concats = []
methods.4.outcome.report.content = "contains_statements"
methods.4.outcome.report.declaration.declaring_class = "EnumSwitchSubject"
methods.4.outcome.report.declaration.form = "static_method"
methods.4.outcome.report.declaration.interface = false
methods.4.outcome.report.declaration.member_flags = 9
methods.4.outcome.report.declaration.method = "choose(LHue;)I"
methods.4.outcome.report.declaration.presented = true
methods.4.outcome.report.declaration.refusal = null
methods.4.outcome.report.diagnostics.0.code = "jre_recovery_produced"
methods.4.outcome.report.diagnostics.0.message = "1 region(s), 4 statement(s), 15 segment(s), 378 byte(s) written from 4 canonical block(s)"
methods.4.outcome.report.diagnostics.0.provenance = null
methods.4.outcome.report.diagnostics.0.severity = "info"
methods.4.outcome.report.diagnostics.1.code = "jre_field_accesses"
methods.4.outcome.report.diagnostics.1.message = "1 field instruction(s) read under field@1: 1 presented, 0 refused"
methods.4.outcome.report.diagnostics.1.provenance = null
methods.4.outcome.report.diagnostics.1.severity = "info"
methods.4.outcome.report.diagnostics.2.code = "jre_enumswitch"
methods.4.outcome.report.diagnostics.2.message = "1 dispatch-table read(s) read under enumswitch@1: 1 presented as the table read the bytecode performs, 0 refused; the constants those entries stand for are the enum class's own declaration, which this run does not hold, so no `case T.CONST:` label is written"
methods.4.outcome.report.diagnostics.2.provenance = null
methods.4.outcome.report.diagnostics.2.severity = "info"
methods.4.outcome.report.diagnostics.3.code = "jre_declaration"
methods.4.outcome.report.diagnostics.3.message = "the artifact's envelope states the member's declaration under declaration@1: a static method"
methods.4.outcome.report.diagnostics.3.provenance = null
methods.4.outcome.report.diagnostics.3.severity = "info"
methods.4.outcome.report.enum_switches.0.index.bci = 4
methods.4.outcome.report.enum_switches.0.index.descriptor = "()I"
methods.4.outcome.report.enum_switches.0.index.name = "ordinal"
methods.4.outcome.report.enum_switches.0.index.owner = "Hue"
methods.4.outcome.report.enum_switches.0.presented = true
methods.4.outcome.report.enum_switches.0.read = 7
methods.4.outcome.report.enum_switches.0.refusal = null
methods.4.outcome.report.enum_switches.0.table.bci = 0
methods.4.outcome.report.enum_switches.0.table.descriptor = "[I"
methods.4.outcome.report.enum_switches.0.table.name = "$SwitchMap$Hue"
methods.4.outcome.report.enum_switches.0.table.owner = "EnumSwitchSubject$1"
methods.4.outcome.report.evidence.categories.0.kind = "source_map"
methods.4.outcome.report.evidence.categories.0.state.state = "complete"
methods.4.outcome.report.evidence.categories.1.kind = "region_details"
methods.4.outcome.report.evidence.categories.1.state.state = "complete"
methods.4.outcome.report.evidence.categories.2.kind = "rule_details"
methods.4.outcome.report.evidence.categories.2.state.state = "complete"
methods.4.outcome.report.evidence.categories.3.kind = "name_details"
methods.4.outcome.report.evidence.categories.3.state.state = "complete"
methods.4.outcome.report.evidence.categories.4.kind = "read_details"
methods.4.outcome.report.evidence.categories.4.state.state = "complete"
methods.4.outcome.report.evidence.requested.driver_bci_range = null
methods.4.outcome.report.evidence.requested.expected_artifact = null
methods.4.outcome.report.evidence.requested.kinds = ["source_map","region_details","rule_details","name_details","read_details"]
methods.4.outcome.report.execution.status = "complete"
methods.4.outcome.report.execution.usage.analysis_steps = 244
methods.4.outcome.report.execution.usage.archive_entries = 17
methods.4.outcome.report.execution.usage.attribute_bytes = 569
methods.4.outcome.report.execution.usage.class_bytes = 1082
methods.4.outcome.report.execution.usage.class_headers = 1
methods.4.outcome.report.execution.usage.code_bytes = 78
methods.4.outcome.report.execution.usage.dependency_depth = 0
methods.4.outcome.report.execution.usage.elapsed_millis = 2
methods.4.outcome.report.execution.usage.entry_bytes = 541
methods.4.outcome.report.execution.usage.input_bytes = 2647
methods.4.outcome.report.execution.usage.ir_edges = 35
methods.4.outcome.report.execution.usage.ir_items = 602
methods.4.outcome.report.execution.usage.method_bodies = 5
methods.4.outcome.report.execution.usage.nested_depth = 0
methods.4.outcome.report.execution.usage.normalization_clones = 0
methods.4.outcome.report.execution.usage.output_bytes = 1235
methods.4.outcome.report.execution.usage.read_bytes = 367
methods.4.outcome.report.execution.usage.result_items = 30
methods.4.outcome.report.fallbacks = []
methods.4.outcome.report.fields.0.access = "read"
methods.4.outcome.report.fields.0.bci = 0
methods.4.outcome.report.fields.0.descriptor = "[I"
methods.4.outcome.report.fields.0.is_static = true
methods.4.outcome.report.fields.0.name = "$SwitchMap$Hue"
methods.4.outcome.report.fields.0.owner = "EnumSwitchSubject$1"
methods.4.outcome.report.fields.0.presented = true
methods.4.outcome.report.fields.0.refusal = null
methods.4.outcome.report.init = null
methods.4.outcome.report.lambdas = []
methods.4.outcome.report.method = "choose(LHue;)I"
methods.4.outcome.report.news = []
methods.4.outcome.report.outcome = "produced"
methods.4.outcome.report.profile.java_release = 8
methods.4.outcome.report.profile.layout.kind = "generic"
methods.4.outcome.report.profile.multi_release.kind = "disabled"
methods.4.outcome.report.quality = "structured"
methods.4.outcome.report.regions.0.bci = 0
methods.4.outcome.report.regions.0.blocks = [0,36,41,46]
methods.4.outcome.report.regions.0.code = null
methods.4.outcome.report.regions.0.message = null
methods.4.outcome.report.regions.0.rule.rule = "switch"
methods.4.outcome.report.regions.0.rule.version = "1"
methods.4.outcome.report.regions.0.structured = true
methods.4.outcome.report.representation = "java"
methods.4.outcome.report.rules.0.rule = "switch"
methods.4.outcome.report.rules.0.version = "1"
methods.4.outcome.report.rules.1.rule = "field"
methods.4.outcome.report.rules.1.version = "1"
methods.4.outcome.report.rules.2.rule = "enumswitch"
methods.4.outcome.report.rules.2.version = "1"
methods.4.outcome.report.rules.3.rule = "declaration"
methods.4.outcome.report.rules.3.version = "1"
methods.4.outcome.report.semantic_validation = "unproven"
methods.4.outcome.report.source_map.segments.0.end = 202
methods.4.outcome.report.source_map.segments.0.origin.derived = []
methods.4.outcome.report.source_map.segments.0.origin.primary.bci = 0
methods.4.outcome.report.source_map.segments.0.origin.primary.cp = null
methods.4.outcome.report.source_map.segments.0.origin.primary.method.descriptor = [40,76,72,117,101,59,41,73]
methods.4.outcome.report.source_map.segments.0.origin.primary.method.name = [99,104,111,111,115,101]
methods.4.outcome.report.source_map.segments.0.origin.primary.method.owner.class_bytes.digest = "464c80eaffb2ff8ede2a6b1926aabc5bd2a669c515586e16381f8bb38db61581"
methods.4.outcome.report.source_map.segments.0.origin.primary.method.owner.class_bytes.length = 541
methods.4.outcome.report.source_map.segments.0.origin.primary.method.owner.location.entry.ordinal = 4
methods.4.outcome.report.source_map.segments.0.origin.primary.method.owner.location.entry.origin.root_container = "root"
methods.4.outcome.report.source_map.segments.0.origin.primary.method.owner.location.entry.origin.snapshot = "fb7fbbe8cc55991919c0599d607bdf6da3fa227f3b22e71809c1ae55d42870b0"
methods.4.outcome.report.source_map.segments.0.origin.primary.method.owner.location.entry.origin.steps = []
methods.4.outcome.report.source_map.segments.0.origin.primary.method.owner.location.entry.raw_name = [69,110,117,109,83,119,105,116,99,104,83,117,98,106,101,99,116,46,99,108,97,115,115]
methods.4.outcome.report.source_map.segments.0.origin.primary.method.owner.location.kind = "archive_entry"
methods.4.outcome.report.source_map.segments.0.origin.primary.method.owner.variant.kind = "base"
methods.4.outcome.report.source_map.segments.0.origin.primary.provenance = "Direct"
methods.4.outcome.report.source_map.segments.0.start = 183
methods.4.outcome.report.source_map.segments.1.end = 217
methods.4.outcome.report.source_map.segments.1.origin.derived = []
methods.4.outcome.report.source_map.segments.1.origin.primary.bci = 0
methods.4.outcome.report.source_map.segments.1.origin.primary.cp = null
methods.4.outcome.report.source_map.segments.1.origin.primary.method.descriptor = [40,76,72,117,101,59,41,73]
methods.4.outcome.report.source_map.segments.1.origin.primary.method.name = [99,104,111,111,115,101]
methods.4.outcome.report.source_map.segments.1.origin.primary.method.owner.class_bytes.digest = "464c80eaffb2ff8ede2a6b1926aabc5bd2a669c515586e16381f8bb38db61581"
methods.4.outcome.report.source_map.segments.1.origin.primary.method.owner.class_bytes.length = 541
methods.4.outcome.report.source_map.segments.1.origin.primary.method.owner.location.entry.ordinal = 4
methods.4.outcome.report.source_map.segments.1.origin.primary.method.owner.location.entry.origin.root_container = "root"
methods.4.outcome.report.source_map.segments.1.origin.primary.method.owner.location.entry.origin.snapshot = "fb7fbbe8cc55991919c0599d607bdf6da3fa227f3b22e71809c1ae55d42870b0"
methods.4.outcome.report.source_map.segments.1.origin.primary.method.owner.location.entry.origin.steps = []
methods.4.outcome.report.source_map.segments.1.origin.primary.method.owner.location.entry.raw_name = [69,110,117,109,83,119,105,116,99,104,83,117,98,106,101,99,116,46,99,108,97,115,115]
methods.4.outcome.report.source_map.segments.1.origin.primary.method.owner.location.kind = "archive_entry"
methods.4.outcome.report.source_map.segments.1.origin.primary.method.owner.variant.kind = "base"
methods.4.outcome.report.source_map.segments.1.origin.primary.provenance = "Direct"
methods.4.outcome.report.source_map.segments.1.start = 183
methods.4.outcome.report.source_map.segments.2.end = 222
methods.4.outcome.report.source_map.segments.2.origin.derived = []
methods.4.outcome.report.source_map.segments.2.origin.primary.bci = 3
methods.4.outcome.report.source_map.segments.2.origin.primary.cp = null
methods.4.outcome.report.source_map.segments.2.origin.primary.method.descriptor = [40,76,72,117,101,59,41,73]
methods.4.outcome.report.source_map.segments.2.origin.primary.method.name = [99,104,111,111,115,101]
methods.4.outcome.report.source_map.segments.2.origin.primary.method.owner.class_bytes.digest = "464c80eaffb2ff8ede2a6b1926aabc5bd2a669c515586e16381f8bb38db61581"
methods.4.outcome.report.source_map.segments.2.origin.primary.method.owner.class_bytes.length = 541
methods.4.outcome.report.source_map.segments.2.origin.primary.method.owner.location.entry.ordinal = 4
methods.4.outcome.report.source_map.segments.2.origin.primary.method.owner.location.entry.origin.root_container = "root"
methods.4.outcome.report.source_map.segments.2.origin.primary.method.owner.location.entry.origin.snapshot = "fb7fbbe8cc55991919c0599d607bdf6da3fa227f3b22e71809c1ae55d42870b0"
methods.4.outcome.report.source_map.segments.2.origin.primary.method.owner.location.entry.origin.steps = []
methods.4.outcome.report.source_map.segments.2.origin.primary.method.owner.location.entry.raw_name = [69,110,117,109,83,119,105,116,99,104,83,117,98,106,101,99,116,46,99,108,97,115,115]
methods.4.outcome.report.source_map.segments.2.origin.primary.method.owner.location.kind = "archive_entry"
methods.4.outcome.report.source_map.segments.2.origin.primary.method.owner.variant.kind = "base"
methods.4.outcome.report.source_map.segments.2.origin.primary.provenance = "Direct"
methods.4.outcome.report.source_map.segments.2.start = 218
methods.4.outcome.report.source_map.segments.3.end = 232
methods.4.outcome.report.source_map.segments.3.origin.derived = []
methods.4.outcome.report.source_map.segments.3.origin.primary.bci = 4
methods.4.outcome.report.source_map.segments.3.origin.primary.cp = null
methods.4.outcome.report.source_map.segments.3.origin.primary.method.descriptor = [40,76,72,117,101,59,41,73]
methods.4.outcome.report.source_map.segments.3.origin.primary.method.name = [99,104,111,111,115,101]
methods.4.outcome.report.source_map.segments.3.origin.primary.method.owner.class_bytes.digest = "464c80eaffb2ff8ede2a6b1926aabc5bd2a669c515586e16381f8bb38db61581"
methods.4.outcome.report.source_map.segments.3.origin.primary.method.owner.class_bytes.length = 541
methods.4.outcome.report.source_map.segments.3.origin.primary.method.owner.location.entry.ordinal = 4
methods.4.outcome.report.source_map.segments.3.origin.primary.method.owner.location.entry.origin.root_container = "root"
methods.4.outcome.report.source_map.segments.3.origin.primary.method.owner.location.entry.origin.snapshot = "fb7fbbe8cc55991919c0599d607bdf6da3fa227f3b22e71809c1ae55d42870b0"
methods.4.outcome.report.source_map.segments.3.origin.primary.method.owner.location.entry.origin.steps = []
methods.4.outcome.report.source_map.segments.3.origin.primary.method.owner.location.entry.raw_name = [69,110,117,109,83,119,105,116,99,104,83,117,98,106,101,99,116,46,99,108,97,115,115]
methods.4.outcome.report.source_map.segments.3.origin.primary.method.owner.location.kind = "archive_entry"
methods.4.outcome.report.source_map.segments.3.origin.primary.method.owner.variant.kind = "base"
methods.4.outcome.report.source_map.segments.3.origin.primary.provenance = "Direct"
methods.4.outcome.report.source_map.segments.3.start = 218
methods.4.outcome.report.source_map.segments.4.end = 233
methods.4.outcome.report.source_map.segments.4.origin.derived.0.bci = 0
methods.4.outcome.report.source_map.segments.4.origin.derived.0.cp = null
methods.4.outcome.report.source_map.segments.4.origin.derived.0.method.descriptor = [40,76,72,117,101,59,41,73]
methods.4.outcome.report.source_map.segments.4.origin.derived.0.method.name = [99,104,111,111,115,101]
methods.4.outcome.report.source_map.segments.4.origin.derived.0.method.owner.class_bytes.digest = "464c80eaffb2ff8ede2a6b1926aabc5bd2a669c515586e16381f8bb38db61581"
methods.4.outcome.report.source_map.segments.4.origin.derived.0.method.owner.class_bytes.length = 541
methods.4.outcome.report.source_map.segments.4.origin.derived.0.method.owner.location.entry.ordinal = 4
methods.4.outcome.report.source_map.segments.4.origin.derived.0.method.owner.location.entry.origin.root_container = "root"
methods.4.outcome.report.source_map.segments.4.origin.derived.0.method.owner.location.entry.origin.snapshot = "fb7fbbe8cc55991919c0599d607bdf6da3fa227f3b22e71809c1ae55d42870b0"
methods.4.outcome.report.source_map.segments.4.origin.derived.0.method.owner.location.entry.origin.steps = []
methods.4.outcome.report.source_map.segments.4.origin.derived.0.method.owner.location.entry.raw_name = [69,110,117,109,83,119,105,116,99,104,83,117,98,106,101,99,116,46,99,108,97,115,115]
methods.4.outcome.report.source_map.segments.4.origin.derived.0.method.owner.location.kind = "archive_entry"
methods.4.outcome.report.source_map.segments.4.origin.derived.0.method.owner.variant.kind = "base"
methods.4.outcome.report.source_map.segments.4.origin.derived.0.provenance = "Derived"
methods.4.outcome.report.source_map.segments.4.origin.derived.1.bci = 4
methods.4.outcome.report.source_map.segments.4.origin.derived.1.cp = null
methods.4.outcome.report.source_map.segments.4.origin.derived.1.method.descriptor = [40,76,72,117,101,59,41,73]
methods.4.outcome.report.source_map.segments.4.origin.derived.1.method.name = [99,104,111,111,115,101]
methods.4.outcome.report.source_map.segments.4.origin.derived.1.method.owner.class_bytes.digest = "464c80eaffb2ff8ede2a6b1926aabc5bd2a669c515586e16381f8bb38db61581"
methods.4.outcome.report.source_map.segments.4.origin.derived.1.method.owner.class_bytes.length = 541
methods.4.outcome.report.source_map.segments.4.origin.derived.1.method.owner.location.entry.ordinal = 4
methods.4.outcome.report.source_map.segments.4.origin.derived.1.method.owner.location.entry.origin.root_container = "root"
methods.4.outcome.report.source_map.segments.4.origin.derived.1.method.owner.location.entry.origin.snapshot = "fb7fbbe8cc55991919c0599d607bdf6da3fa227f3b22e71809c1ae55d42870b0"
methods.4.outcome.report.source_map.segments.4.origin.derived.1.method.owner.location.entry.origin.steps = []
methods.4.outcome.report.source_map.segments.4.origin.derived.1.method.owner.location.entry.raw_name = [69,110,117,109,83,119,105,116,99,104,83,117,98,106,101,99,116,46,99,108,97,115,115]
methods.4.outcome.report.source_map.segments.4.origin.derived.1.method.owner.location.kind = "archive_entry"
methods.4.outcome.report.source_map.segments.4.origin.derived.1.method.owner.variant.kind = "base"
methods.4.outcome.report.source_map.segments.4.origin.derived.1.provenance = "Derived"
methods.4.outcome.report.source_map.segments.4.origin.derived.2.bci = 8
methods.4.outcome.report.source_map.segments.4.origin.derived.2.cp = null
methods.4.outcome.report.source_map.segments.4.origin.derived.2.method.descriptor = [40,76,72,117,101,59,41,73]
methods.4.outcome.report.source_map.segments.4.origin.derived.2.method.name = [99,104,111,111,115,101]
methods.4.outcome.report.source_map.segments.4.origin.derived.2.method.owner.class_bytes.digest = "464c80eaffb2ff8ede2a6b1926aabc5bd2a669c515586e16381f8bb38db61581"
methods.4.outcome.report.source_map.segments.4.origin.derived.2.method.owner.class_bytes.length = 541
methods.4.outcome.report.source_map.segments.4.origin.derived.2.method.owner.location.entry.ordinal = 4
methods.4.outcome.report.source_map.segments.4.origin.derived.2.method.owner.location.entry.origin.root_container = "root"
methods.4.outcome.report.source_map.segments.4.origin.derived.2.method.owner.location.entry.origin.snapshot = "fb7fbbe8cc55991919c0599d607bdf6da3fa227f3b22e71809c1ae55d42870b0"
methods.4.outcome.report.source_map.segments.4.origin.derived.2.method.owner.location.entry.origin.steps = []
methods.4.outcome.report.source_map.segments.4.origin.derived.2.method.owner.location.entry.raw_name = [69,110,117,109,83,119,105,116,99,104,83,117,98,106,101,99,116,46,99,108,97,115,115]
methods.4.outcome.report.source_map.segments.4.origin.derived.2.method.owner.location.kind = "archive_entry"
methods.4.outcome.report.source_map.segments.4.origin.derived.2.method.owner.variant.kind = "base"
methods.4.outcome.report.source_map.segments.4.origin.derived.2.provenance = "Derived"
methods.4.outcome.report.source_map.segments.4.origin.primary.bci = 7
methods.4.outcome.report.source_map.segments.4.origin.primary.cp = null
methods.4.outcome.report.source_map.segments.4.origin.primary.method.descriptor = [40,76,72,117,101,59,41,73]
methods.4.outcome.report.source_map.segments.4.origin.primary.method.name = [99,104,111,111,115,101]
methods.4.outcome.report.source_map.segments.4.origin.primary.method.owner.class_bytes.digest = "464c80eaffb2ff8ede2a6b1926aabc5bd2a669c515586e16381f8bb38db61581"
methods.4.outcome.report.source_map.segments.4.origin.primary.method.owner.class_bytes.length = 541
methods.4.outcome.report.source_map.segments.4.origin.primary.method.owner.location.entry.ordinal = 4
methods.4.outcome.report.source_map.segments.4.origin.primary.method.owner.location.entry.origin.root_container = "root"
methods.4.outcome.report.source_map.segments.4.origin.primary.method.owner.location.entry.origin.snapshot = "fb7fbbe8cc55991919c0599d607bdf6da3fa227f3b22e71809c1ae55d42870b0"
methods.4.outcome.report.source_map.segments.4.origin.primary.method.owner.location.entry.origin.steps = []
methods.4.outcome.report.source_map.segments.4.origin.primary.method.owner.location.entry.raw_name = [69,110,117,109,83,119,105,116,99,104,83,117,98,106,101,99,116,46,99,108,97,115,115]
methods.4.outcome.report.source_map.segments.4.origin.primary.method.owner.location.kind = "archive_entry"
methods.4.outcome.report.source_map.segments.4.origin.primary.method.owner.variant.kind = "base"
methods.4.outcome.report.source_map.segments.4.origin.primary.provenance = "Direct"
methods.4.outcome.report.source_map.segments.4.start = 183
methods.4.outcome.report.source_map.segments.5.end = 278
methods.4.outcome.report.source_map.segments.5.origin.derived = []
methods.4.outcome.report.source_map.segments.5.origin.primary.bci = 36
methods.4.outcome.report.source_map.segments.5.origin.primary.cp = null
methods.4.outcome.report.source_map.segments.5.origin.primary.method.descriptor = [40,76,72,117,101,59,41,73]
methods.4.outcome.report.source_map.segments.5.origin.primary.method.name = [99,104,111,111,115,101]
methods.4.outcome.report.source_map.segments.5.origin.primary.method.owner.class_bytes.digest = "464c80eaffb2ff8ede2a6b1926aabc5bd2a669c515586e16381f8bb38db61581"
methods.4.outcome.report.source_map.segments.5.origin.primary.method.owner.class_bytes.length = 541
methods.4.outcome.report.source_map.segments.5.origin.primary.method.owner.location.entry.ordinal = 4
methods.4.outcome.report.source_map.segments.5.origin.primary.method.owner.location.entry.origin.root_container = "root"
methods.4.outcome.report.source_map.segments.5.origin.primary.method.owner.location.entry.origin.snapshot = "fb7fbbe8cc55991919c0599d607bdf6da3fa227f3b22e71809c1ae55d42870b0"
methods.4.outcome.report.source_map.segments.5.origin.primary.method.owner.location.entry.origin.steps = []
methods.4.outcome.report.source_map.segments.5.origin.primary.method.owner.location.entry.raw_name = [69,110,117,109,83,119,105,116,99,104,83,117,98,106,101,99,116,46,99,108,97,115,115]
methods.4.outcome.report.source_map.segments.5.origin.primary.method.owner.location.kind = "archive_entry"
methods.4.outcome.report.source_map.segments.5.origin.primary.method.owner.variant.kind = "base"
methods.4.outcome.report.source_map.segments.5.origin.primary.provenance = "Direct"
methods.4.outcome.report.source_map.segments.5.start = 277
methods.4.outcome.report.source_map.segments.6.end = 279
methods.4.outcome.report.source_map.segments.6.origin.derived = []
methods.4.outcome.report.source_map.segments.6.origin.primary.bci = 37
methods.4.outcome.report.source_map.segments.6.origin.primary.cp = null
methods.4.outcome.report.source_map.segments.6.origin.primary.method.descriptor = [40,76,72,117,101,59,41,73]
methods.4.outcome.report.source_map.segments.6.origin.primary.method.name = [99,104,111,111,115,101]
methods.4.outcome.report.source_map.segments.6.origin.primary.method.owner.class_bytes.digest = "464c80eaffb2ff8ede2a6b1926aabc5bd2a669c515586e16381f8bb38db61581"
methods.4.outcome.report.source_map.segments.6.origin.primary.method.owner.class_bytes.length = 541
methods.4.outcome.report.source_map.segments.6.origin.primary.method.owner.location.entry.ordinal = 4
methods.4.outcome.report.source_map.segments.6.origin.primary.method.owner.location.entry.origin.root_container = "root"
methods.4.outcome.report.source_map.segments.6.origin.primary.method.owner.location.entry.origin.snapshot = "fb7fbbe8cc55991919c0599d607bdf6da3fa227f3b22e71809c1ae55d42870b0"
methods.4.outcome.report.source_map.segments.6.origin.primary.method.owner.location.entry.origin.steps = []
methods.4.outcome.report.source_map.segments.6.origin.primary.method.owner.location.entry.raw_name = [69,110,117,109,83,119,105,116,99,104,83,117,98,106,101,99,116,46,99,108,97,115,115]
methods.4.outcome.report.source_map.segments.6.origin.primary.method.owner.location.kind = "archive_entry"
methods.4.outcome.report.source_map.segments.6.origin.primary.method.owner.variant.kind = "base"
methods.4.outcome.report.source_map.segments.6.origin.primary.provenance = "Direct"
methods.4.outcome.report.source_map.segments.6.start = 272
methods.4.outcome.report.source_map.segments.7.end = 281
methods.4.outcome.report.source_map.segments.7.origin.derived = []
methods.4.outcome.report.source_map.segments.7.origin.primary.bci = 40
methods.4.outcome.report.source_map.segments.7.origin.primary.cp = null
methods.4.outcome.report.source_map.segments.7.origin.primary.method.descriptor = [40,76,72,117,101,59,41,73]
methods.4.outcome.report.source_map.segments.7.origin.primary.method.name = [99,104,111,111,115,101]
methods.4.outcome.report.source_map.segments.7.origin.primary.method.owner.class_bytes.digest = "464c80eaffb2ff8ede2a6b1926aabc5bd2a669c515586e16381f8bb38db61581"
methods.4.outcome.report.source_map.segments.7.origin.primary.method.owner.class_bytes.length = 541
methods.4.outcome.report.source_map.segments.7.origin.primary.method.owner.location.entry.ordinal = 4
methods.4.outcome.report.source_map.segments.7.origin.primary.method.owner.location.entry.origin.root_container = "root"
methods.4.outcome.report.source_map.segments.7.origin.primary.method.owner.location.entry.origin.snapshot = "fb7fbbe8cc55991919c0599d607bdf6da3fa227f3b22e71809c1ae55d42870b0"
methods.4.outcome.report.source_map.segments.7.origin.primary.method.owner.location.entry.origin.steps = []
methods.4.outcome.report.source_map.segments.7.origin.primary.method.owner.location.entry.raw_name = [69,110,117,109,83,119,105,116,99,104,83,117,98,106,101,99,116,46,99,108,97,115,115]
methods.4.outcome.report.source_map.segments.7.origin.primary.method.owner.location.kind = "archive_entry"
methods.4.outcome.report.source_map.segments.7.origin.primary.method.owner.variant.kind = "base"
methods.4.outcome.report.source_map.segments.7.origin.primary.provenance = "Direct"
methods.4.outcome.report.source_map.segments.7.start = 253
methods.4.outcome.report.source_map.segments.8.end = 322
methods.4.outcome.report.source_map.segments.8.origin.derived = []
methods.4.outcome.report.source_map.segments.8.origin.primary.bci = 41
methods.4.outcome.report.source_map.segments.8.origin.primary.cp = null
methods.4.outcome.report.source_map.segments.8.origin.primary.method.descriptor = [40,76,72,117,101,59,41,73]
methods.4.outcome.report.source_map.segments.8.origin.primary.method.name = [99,104,111,111,115,101]
methods.4.outcome.report.source_map.segments.8.origin.primary.method.owner.class_bytes.digest = "464c80eaffb2ff8ede2a6b1926aabc5bd2a669c515586e16381f8bb38db61581"
methods.4.outcome.report.source_map.segments.8.origin.primary.method.owner.class_bytes.length = 541
methods.4.outcome.report.source_map.segments.8.origin.primary.method.owner.location.entry.ordinal = 4
methods.4.outcome.report.source_map.segments.8.origin.primary.method.owner.location.entry.origin.root_container = "root"
methods.4.outcome.report.source_map.segments.8.origin.primary.method.owner.location.entry.origin.snapshot = "fb7fbbe8cc55991919c0599d607bdf6da3fa227f3b22e71809c1ae55d42870b0"
methods.4.outcome.report.source_map.segments.8.origin.primary.method.owner.location.entry.origin.steps = []
methods.4.outcome.report.source_map.segments.8.origin.primary.method.owner.location.entry.raw_name = [69,110,117,109,83,119,105,116,99,104,83,117,98,106,101,99,116,46,99,108,97,115,115]
methods.4.outcome.report.source_map.segments.8.origin.primary.method.owner.location.kind = "archive_entry"
methods.4.outcome.report.source_map.segments.8.origin.primary.method.owner.variant.kind = "base"
methods.4.outcome.report.source_map.segments.8.origin.primary.provenance = "Direct"
methods.4.outcome.report.source_map.segments.8.start = 321
methods.4.outcome.report.source_map.segments.9.end = 323
methods.4.outcome.report.source_map.segments.9.origin.derived = []
methods.4.outcome.report.source_map.segments.9.origin.primary.bci = 42
methods.4.outcome.report.source_map.segments.9.origin.primary.cp = null
methods.4.outcome.report.source_map.segments.9.origin.primary.method.descriptor = [40,76,72,117,101,59,41,73]
methods.4.outcome.report.source_map.segments.9.origin.primary.method.name = [99,104,111,111,115,101]
methods.4.outcome.report.source_map.segments.9.origin.primary.method.owner.class_bytes.digest = "464c80eaffb2ff8ede2a6b1926aabc5bd2a669c515586e16381f8bb38db61581"
methods.4.outcome.report.source_map.segments.9.origin.primary.method.owner.class_bytes.length = 541
methods.4.outcome.report.source_map.segments.9.origin.primary.method.owner.location.entry.ordinal = 4
methods.4.outcome.report.source_map.segments.9.origin.primary.method.owner.location.entry.origin.root_container = "root"
methods.4.outcome.report.source_map.segments.9.origin.primary.method.owner.location.entry.origin.snapshot = "fb7fbbe8cc55991919c0599d607bdf6da3fa227f3b22e71809c1ae55d42870b0"
methods.4.outcome.report.source_map.segments.9.origin.primary.method.owner.location.entry.origin.steps = []
methods.4.outcome.report.source_map.segments.9.origin.primary.method.owner.location.entry.raw_name = [69,110,117,109,83,119,105,116,99,104,83,117,98,106,101,99,116,46,99,108,97,115,115]
methods.4.outcome.report.source_map.segments.9.origin.primary.method.owner.location.kind = "archive_entry"
methods.4.outcome.report.source_map.segments.9.origin.primary.method.owner.variant.kind = "base"
methods.4.outcome.report.source_map.segments.9.origin.primary.provenance = "Direct"
methods.4.outcome.report.source_map.segments.9.start = 316
methods.4.outcome.report.source_map.segments.10.end = 325
methods.4.outcome.report.source_map.segments.10.origin.derived = []
methods.4.outcome.report.source_map.segments.10.origin.primary.bci = 45
methods.4.outcome.report.source_map.segments.10.origin.primary.cp = null
methods.4.outcome.report.source_map.segments.10.origin.primary.method.descriptor = [40,76,72,117,101,59,41,73]
methods.4.outcome.report.source_map.segments.10.origin.primary.method.name = [99,104,111,111,115,101]
methods.4.outcome.report.source_map.segments.10.origin.primary.method.owner.class_bytes.digest = "464c80eaffb2ff8ede2a6b1926aabc5bd2a669c515586e16381f8bb38db61581"
methods.4.outcome.report.source_map.segments.10.origin.primary.method.owner.class_bytes.length = 541
methods.4.outcome.report.source_map.segments.10.origin.primary.method.owner.location.entry.ordinal = 4
methods.4.outcome.report.source_map.segments.10.origin.primary.method.owner.location.entry.origin.root_container = "root"
methods.4.outcome.report.source_map.segments.10.origin.primary.method.owner.location.entry.origin.snapshot = "fb7fbbe8cc55991919c0599d607bdf6da3fa227f3b22e71809c1ae55d42870b0"
methods.4.outcome.report.source_map.segments.10.origin.primary.method.owner.location.entry.origin.steps = []
methods.4.outcome.report.source_map.segments.10.origin.primary.method.owner.location.entry.raw_name = [69,110,117,109,83,119,105,116,99,104,83,117,98,106,101,99,116,46,99,108,97,115,115]
methods.4.outcome.report.source_map.segments.10.origin.primary.method.owner.location.kind = "archive_entry"
methods.4.outcome.report.source_map.segments.10.origin.primary.method.owner.variant.kind = "base"
methods.4.outcome.report.source_map.segments.10.origin.primary.provenance = "Direct"
methods.4.outcome.report.source_map.segments.10.start = 297
methods.4.outcome.report.source_map.segments.11.end = 367
methods.4.outcome.report.source_map.segments.11.origin.derived = []
methods.4.outcome.report.source_map.segments.11.origin.primary.bci = 46
methods.4.outcome.report.source_map.segments.11.origin.primary.cp = null
methods.4.outcome.report.source_map.segments.11.origin.primary.method.descriptor = [40,76,72,117,101,59,41,73]
methods.4.outcome.report.source_map.segments.11.origin.primary.method.name = [99,104,111,111,115,101]
methods.4.outcome.report.source_map.segments.11.origin.primary.method.owner.class_bytes.digest = "464c80eaffb2ff8ede2a6b1926aabc5bd2a669c515586e16381f8bb38db61581"
methods.4.outcome.report.source_map.segments.11.origin.primary.method.owner.class_bytes.length = 541
methods.4.outcome.report.source_map.segments.11.origin.primary.method.owner.location.entry.ordinal = 4
methods.4.outcome.report.source_map.segments.11.origin.primary.method.owner.location.entry.origin.root_container = "root"
methods.4.outcome.report.source_map.segments.11.origin.primary.method.owner.location.entry.origin.snapshot = "fb7fbbe8cc55991919c0599d607bdf6da3fa227f3b22e71809c1ae55d42870b0"
methods.4.outcome.report.source_map.segments.11.origin.primary.method.owner.location.entry.origin.steps = []
methods.4.outcome.report.source_map.segments.11.origin.primary.method.owner.location.entry.raw_name = [69,110,117,109,83,119,105,116,99,104,83,117,98,106,101,99,116,46,99,108,97,115,115]
methods.4.outcome.report.source_map.segments.11.origin.primary.method.owner.location.kind = "archive_entry"
methods.4.outcome.report.source_map.segments.11.origin.primary.method.owner.variant.kind = "base"
methods.4.outcome.report.source_map.segments.11.origin.primary.provenance = "Direct"
methods.4.outcome.report.source_map.segments.11.start = 366
methods.4.outcome.report.source_map.segments.12.end = 368
methods.4.outcome.report.source_map.segments.12.origin.derived = []
methods.4.outcome.report.source_map.segments.12.origin.primary.bci = 47
methods.4.outcome.report.source_map.segments.12.origin.primary.cp = null
methods.4.outcome.report.source_map.segments.12.origin.primary.method.descriptor = [40,76,72,117,101,59,41,73]
methods.4.outcome.report.source_map.segments.12.origin.primary.method.name = [99,104,111,111,115,101]
methods.4.outcome.report.source_map.segments.12.origin.primary.method.owner.class_bytes.digest = "464c80eaffb2ff8ede2a6b1926aabc5bd2a669c515586e16381f8bb38db61581"
methods.4.outcome.report.source_map.segments.12.origin.primary.method.owner.class_bytes.length = 541
methods.4.outcome.report.source_map.segments.12.origin.primary.method.owner.location.entry.ordinal = 4
methods.4.outcome.report.source_map.segments.12.origin.primary.method.owner.location.entry.origin.root_container = "root"
methods.4.outcome.report.source_map.segments.12.origin.primary.method.owner.location.entry.origin.snapshot = "fb7fbbe8cc55991919c0599d607bdf6da3fa227f3b22e71809c1ae55d42870b0"
methods.4.outcome.report.source_map.segments.12.origin.primary.method.owner.location.entry.origin.steps = []
methods.4.outcome.report.source_map.segments.12.origin.primary.method.owner.location.entry.raw_name = [69,110,117,109,83,119,105,116,99,104,83,117,98,106,101,99,116,46,99,108,97,115,115]
methods.4.outcome.report.source_map.segments.12.origin.primary.method.owner.location.kind = "archive_entry"
methods.4.outcome.report.source_map.segments.12.origin.primary.method.owner.variant.kind = "base"
methods.4.outcome.report.source_map.segments.12.origin.primary.provenance = "Direct"
methods.4.outcome.report.source_map.segments.12.start = 361
methods.4.outcome.report.source_map.segments.13.end = 370
methods.4.outcome.report.source_map.segments.13.origin.derived = []
methods.4.outcome.report.source_map.segments.13.origin.primary.bci = 50
methods.4.outcome.report.source_map.segments.13.origin.primary.cp = null
methods.4.outcome.report.source_map.segments.13.origin.primary.method.descriptor = [40,76,72,117,101,59,41,73]
methods.4.outcome.report.source_map.segments.13.origin.primary.method.name = [99,104,111,111,115,101]
methods.4.outcome.report.source_map.segments.13.origin.primary.method.owner.class_bytes.digest = "464c80eaffb2ff8ede2a6b1926aabc5bd2a669c515586e16381f8bb38db61581"
methods.4.outcome.report.source_map.segments.13.origin.primary.method.owner.class_bytes.length = 541
methods.4.outcome.report.source_map.segments.13.origin.primary.method.owner.location.entry.ordinal = 4
methods.4.outcome.report.source_map.segments.13.origin.primary.method.owner.location.entry.origin.root_container = "root"
methods.4.outcome.report.source_map.segments.13.origin.primary.method.owner.location.entry.origin.snapshot = "fb7fbbe8cc55991919c0599d607bdf6da3fa227f3b22e71809c1ae55d42870b0"
methods.4.outcome.report.source_map.segments.13.origin.primary.method.owner.location.entry.origin.steps = []
methods.4.outcome.report.source_map.segments.13.origin.primary.method.owner.location.entry.raw_name = [69,110,117,109,83,119,105,116,99,104,83,117,98,106,101,99,116,46,99,108,97,115,115]
methods.4.outcome.report.source_map.segments.13.origin.primary.method.owner.location.kind = "archive_entry"
methods.4.outcome.report.source_map.segments.13.origin.primary.method.owner.variant.kind = "base"
methods.4.outcome.report.source_map.segments.13.origin.primary.provenance = "Direct"
methods.4.outcome.report.source_map.segments.13.start = 342
methods.4.outcome.report.source_map.segments.14.end = 376
methods.4.outcome.report.source_map.segments.14.origin.derived = []
methods.4.outcome.report.source_map.segments.14.origin.primary.bci = 8
methods.4.outcome.report.source_map.segments.14.origin.primary.cp = null
methods.4.outcome.report.source_map.segments.14.origin.primary.method.descriptor = [40,76,72,117,101,59,41,73]
methods.4.outcome.report.source_map.segments.14.origin.primary.method.name = [99,104,111,111,115,101]
methods.4.outcome.report.source_map.segments.14.origin.primary.method.owner.class_bytes.digest = "464c80eaffb2ff8ede2a6b1926aabc5bd2a669c515586e16381f8bb38db61581"
methods.4.outcome.report.source_map.segments.14.origin.primary.method.owner.class_bytes.length = 541
methods.4.outcome.report.source_map.segments.14.origin.primary.method.owner.location.entry.ordinal = 4
methods.4.outcome.report.source_map.segments.14.origin.primary.method.owner.location.entry.origin.root_container = "root"
methods.4.outcome.report.source_map.segments.14.origin.primary.method.owner.location.entry.origin.snapshot = "fb7fbbe8cc55991919c0599d607bdf6da3fa227f3b22e71809c1ae55d42870b0"
methods.4.outcome.report.source_map.segments.14.origin.primary.method.owner.location.entry.origin.steps = []
methods.4.outcome.report.source_map.segments.14.origin.primary.method.owner.location.entry.raw_name = [69,110,117,109,83,119,105,116,99,104,83,117,98,106,101,99,116,46,99,108,97,115,115]
methods.4.outcome.report.source_map.segments.14.origin.primary.method.owner.location.kind = "archive_entry"
methods.4.outcome.report.source_map.segments.14.origin.primary.method.owner.variant.kind = "base"
methods.4.outcome.report.source_map.segments.14.origin.primary.provenance = "Direct"
methods.4.outcome.report.source_map.segments.14.start = 171
methods.4.outcome.report.syntax_status = "unchecked"
methods.4.outcome.report.text = "// @method choose(LHue;)I\n// @declaration a static method of `EnumSwitchSubject`, member flags 0x0009\n// recovered from bytecode; presentation is not claimed to compile\n{\n    switch (EnumSwitchSubject$1.$SwitchMap$Hue[arg0.ordinal()]) {\n        case 1:\n            return mark(1);\n        case 2:\n            return mark(2);\n        default:\n            return mark(3);\n    }\n}\n"
methods.4.outcome.report.verification = "not_performed"
methods.4.parameter_annotations.attributes = []
methods.4.parameter_annotations.refusals = []
methods.4.parameter_annotations.uses_by_position = [[]]
methods.4.text = "    public static int choose(Hue arg0) {\n        // @method choose(LHue;)I\n        // @declaration a static method of `EnumSwitchSubject`, member flags 0x0009\n        // recovered from bytecode; presentation is not claimed to compile\n        switch (EnumSwitchSubject$1.$SwitchMap$Hue[arg0.ordinal()]) {\n            case 1:\n                return mark(1);\n            case 2:\n                return mark(2);\n            default:\n                return mark(3);\n        }\n    }\n"
methods.4.type_annotations.attributes = []
methods.4.type_annotations.field_uses = []
methods.4.type_annotations.parameter_uses = [[]]
methods.4.type_annotations.refusals = []
methods.4.type_annotations.return_uses = []
outcome = "performed"
stages = ["raw_facts","raw_cfg","legacy_normalization","canonical_cfg","frame","ssa"]
usage.analysis_steps = 244
usage.archive_entries = 17
usage.attribute_bytes = 569
usage.class_bytes = 1082
usage.class_headers = 1
usage.code_bytes = 78
usage.dependency_depth = 0
usage.elapsed_millis = 2
usage.entry_bytes = 541
usage.input_bytes = 2647
usage.ir_edges = 35
usage.ir_items = 602
usage.method_bodies = 5
usage.nested_depth = 0
usage.normalization_clones = 0
usage.output_bytes = 1235
usage.read_bytes = 367
usage.result_items = 31
view.scope.kind = "snapshot_all"
view.snapshot = "fb7fbbe8cc55991919c0599d607bdf6da3fa227f3b22e71809c1ae55d42870b0"
