scope	exit_code	command_or_check
versions/jarde-cli	0	/private/tmp/jarde-class-ctor-final-cli --version
versions/jadx-cli	0	/Users/lordcasser/workspace/testzone/jadx/jadx-cli/build/install/jadx/bin/jadx --version
jdk8/versions/java-version	0	/Library/Java/JavaVirtualMachines/corretto-1.8.0_432/Contents/Home/bin/java -version
jdk8/versions/javac-version	0	/Library/Java/JavaVirtualMachines/corretto-1.8.0_432/Contents/Home/bin/javac -version
jdk8/debug/RawParam/original-javac	0	/Library/Java/JavaVirtualMachines/corretto-1.8.0_432/Contents/Home/bin/javac -source 8 -target 8 -g -d /var/folders/gm/lzn3ylzx4lz7mx29lftngdz40000gn/T/jarde-raw-receiver-_7o0vvw6/original /Users/lordcasser/workspace/projects/jarde/openspec/evidence/raw-receiver-field-selection-2026-10-09/source/RawParam.java
jdk8/debug/RawParam/jar	0	/Library/Java/JavaVirtualMachines/corretto-1.8.0_432/Contents/Home/bin/jar cfM /Users/lordcasser/workspace/projects/jarde/openspec/evidence/raw-receiver-field-selection-2026-10-09/jdk8/debug/input/RawParam.jar -C /var/folders/gm/lzn3ylzx4lz7mx29lftngdz40000gn/T/jarde-raw-receiver-_7o0vvw6/original RawParam.class
jdk8/debug/RawParam/jar-contents	0	/Library/Java/JavaVirtualMachines/corretto-1.8.0_432/Contents/Home/bin/jar tf /Users/lordcasser/workspace/projects/jarde/openspec/evidence/raw-receiver-field-selection-2026-10-09/jdk8/debug/input/RawParam.jar
jdk8/debug/RawParam/javap	0	/Library/Java/JavaVirtualMachines/corretto-1.8.0_432/Contents/Home/bin/javap -p -c -s -v -classpath /Users/lordcasser/workspace/projects/jarde/openspec/evidence/raw-receiver-field-selection-2026-10-09/jdk8/debug/input/RawParam.jar RawParam
jdk8/debug/RawParam/jarde-cli	0	/private/tmp/jarde-class-ctor-final-cli class-source --input /Users/lordcasser/workspace/projects/jarde/openspec/evidence/raw-receiver-field-selection-2026-10-09/jdk8/debug/input/RawParam.jar --class RawParam --policy plain-jar --release 8 --format text
jdk8/debug/RawParam/jarde-source-header	0	nonempty self-describing source header
jdk8/debug/RawParam/original-javac	0	/Library/Java/JavaVirtualMachines/corretto-1.8.0_432/Contents/Home/bin/javac -source 8 -target 8 -g -d /var/folders/gm/lzn3ylzx4lz7mx29lftngdz40000gn/T/jarde-raw-receiver-_7o0vvw6/original-run /Users/lordcasser/workspace/projects/jarde/openspec/evidence/raw-receiver-field-selection-2026-10-09/source/RawParam.java /Users/lordcasser/workspace/projects/jarde/openspec/evidence/raw-receiver-field-selection-2026-10-09/source/ReceiverProbe.java
jdk8/debug/RawParam/original-verify-run	0	/Library/Java/JavaVirtualMachines/corretto-1.8.0_432/Contents/Home/bin/java -Xverify:all -cp /var/folders/gm/lzn3ylzx4lz7mx29lftngdz40000gn/T/jarde-raw-receiver-_7o0vvw6/original-run ReceiverProbe RawParam
jdk8/debug/RawParam/jarde-javac	0	/Library/Java/JavaVirtualMachines/corretto-1.8.0_432/Contents/Home/bin/javac -source 8 -target 8 -g -d /var/folders/gm/lzn3ylzx4lz7mx29lftngdz40000gn/T/jarde-raw-receiver-_7o0vvw6/jarde-run /Users/lordcasser/workspace/projects/jarde/openspec/evidence/raw-receiver-field-selection-2026-10-09/jdk8/debug/jarde/RawParam.java /Users/lordcasser/workspace/projects/jarde/openspec/evidence/raw-receiver-field-selection-2026-10-09/source/ReceiverProbe.java
jdk8/debug/RawParam/jarde-verify-run	0	/Library/Java/JavaVirtualMachines/corretto-1.8.0_432/Contents/Home/bin/java -Xverify:all -cp /var/folders/gm/lzn3ylzx4lz7mx29lftngdz40000gn/T/jarde-raw-receiver-_7o0vvw6/jarde-run ReceiverProbe RawParam
jdk8/debug/RawParam/jadx-cli	0	/Users/lordcasser/workspace/testzone/jadx/jadx-cli/build/install/jadx/bin/jadx --no-res --single-class RawParam -d /Users/lordcasser/workspace/projects/jarde/openspec/evidence/raw-receiver-field-selection-2026-10-09/jdk8/debug/jadx/RawParam /Users/lordcasser/workspace/projects/jarde/openspec/evidence/raw-receiver-field-selection-2026-10-09/jdk8/debug/input/RawParam.jar
jdk8/debug/RawParam/jadx-javac	0	/Library/Java/JavaVirtualMachines/corretto-1.8.0_432/Contents/Home/bin/javac -source 8 -target 8 -g -d /var/folders/gm/lzn3ylzx4lz7mx29lftngdz40000gn/T/jarde-raw-receiver-_7o0vvw6/jadx-run /Users/lordcasser/workspace/projects/jarde/openspec/evidence/raw-receiver-field-selection-2026-10-09/jdk8/debug/jadx/RawParam.java /Users/lordcasser/workspace/projects/jarde/openspec/evidence/raw-receiver-field-selection-2026-10-09/source/ReceiverProbe.java
jdk8/debug/RawParam/jadx-verify-run	0	/Library/Java/JavaVirtualMachines/corretto-1.8.0_432/Contents/Home/bin/java -Xverify:all -cp /var/folders/gm/lzn3ylzx4lz7mx29lftngdz40000gn/T/jarde-raw-receiver-_7o0vvw6/jadx-run ReceiverProbe defpackage.RawParam
jdk8/debug/RawParam/jadx-source-header	0	nonempty class source
jdk8/no-debug/RawParam/original-javac	0	/Library/Java/JavaVirtualMachines/corretto-1.8.0_432/Contents/Home/bin/javac -source 8 -target 8 -g:none -d /var/folders/gm/lzn3ylzx4lz7mx29lftngdz40000gn/T/jarde-raw-receiver-3o696kw6/original /Users/lordcasser/workspace/projects/jarde/openspec/evidence/raw-receiver-field-selection-2026-10-09/source/RawParam.java
jdk8/no-debug/RawParam/jar	0	/Library/Java/JavaVirtualMachines/corretto-1.8.0_432/Contents/Home/bin/jar cfM /Users/lordcasser/workspace/projects/jarde/openspec/evidence/raw-receiver-field-selection-2026-10-09/jdk8/no-debug/input/RawParam.jar -C /var/folders/gm/lzn3ylzx4lz7mx29lftngdz40000gn/T/jarde-raw-receiver-3o696kw6/original RawParam.class
jdk8/no-debug/RawParam/jar-contents	0	/Library/Java/JavaVirtualMachines/corretto-1.8.0_432/Contents/Home/bin/jar tf /Users/lordcasser/workspace/projects/jarde/openspec/evidence/raw-receiver-field-selection-2026-10-09/jdk8/no-debug/input/RawParam.jar
jdk8/no-debug/RawParam/javap	0	/Library/Java/JavaVirtualMachines/corretto-1.8.0_432/Contents/Home/bin/javap -p -c -s -v -classpath /Users/lordcasser/workspace/projects/jarde/openspec/evidence/raw-receiver-field-selection-2026-10-09/jdk8/no-debug/input/RawParam.jar RawParam
jdk8/no-debug/RawParam/jarde-cli	0	/private/tmp/jarde-class-ctor-final-cli class-source --input /Users/lordcasser/workspace/projects/jarde/openspec/evidence/raw-receiver-field-selection-2026-10-09/jdk8/no-debug/input/RawParam.jar --class RawParam --policy plain-jar --release 8 --format text
jdk8/no-debug/RawParam/jarde-source-header	0	nonempty self-describing source header
jdk8/no-debug/RawParam/original-javac	0	/Library/Java/JavaVirtualMachines/corretto-1.8.0_432/Contents/Home/bin/javac -source 8 -target 8 -g:none -d /var/folders/gm/lzn3ylzx4lz7mx29lftngdz40000gn/T/jarde-raw-receiver-3o696kw6/original-run /Users/lordcasser/workspace/projects/jarde/openspec/evidence/raw-receiver-field-selection-2026-10-09/source/RawParam.java /Users/lordcasser/workspace/projects/jarde/openspec/evidence/raw-receiver-field-selection-2026-10-09/source/ReceiverProbe.java
jdk8/no-debug/RawParam/original-verify-run	0	/Library/Java/JavaVirtualMachines/corretto-1.8.0_432/Contents/Home/bin/java -Xverify:all -cp /var/folders/gm/lzn3ylzx4lz7mx29lftngdz40000gn/T/jarde-raw-receiver-3o696kw6/original-run ReceiverProbe RawParam
jdk8/no-debug/RawParam/jarde-javac	0	/Library/Java/JavaVirtualMachines/corretto-1.8.0_432/Contents/Home/bin/javac -source 8 -target 8 -g:none -d /var/folders/gm/lzn3ylzx4lz7mx29lftngdz40000gn/T/jarde-raw-receiver-3o696kw6/jarde-run /Users/lordcasser/workspace/projects/jarde/openspec/evidence/raw-receiver-field-selection-2026-10-09/jdk8/no-debug/jarde/RawParam.java /Users/lordcasser/workspace/projects/jarde/openspec/evidence/raw-receiver-field-selection-2026-10-09/source/ReceiverProbe.java
jdk8/no-debug/RawParam/jarde-verify-run	0	/Library/Java/JavaVirtualMachines/corretto-1.8.0_432/Contents/Home/bin/java -Xverify:all -cp /var/folders/gm/lzn3ylzx4lz7mx29lftngdz40000gn/T/jarde-raw-receiver-3o696kw6/jarde-run ReceiverProbe RawParam
jdk8/no-debug/RawParam/jadx-cli	0	/Users/lordcasser/workspace/testzone/jadx/jadx-cli/build/install/jadx/bin/jadx --no-res --single-class RawParam -d /Users/lordcasser/workspace/projects/jarde/openspec/evidence/raw-receiver-field-selection-2026-10-09/jdk8/no-debug/jadx/RawParam /Users/lordcasser/workspace/projects/jarde/openspec/evidence/raw-receiver-field-selection-2026-10-09/jdk8/no-debug/input/RawParam.jar
jdk8/no-debug/RawParam/jadx-javac	0	/Library/Java/JavaVirtualMachines/corretto-1.8.0_432/Contents/Home/bin/javac -source 8 -target 8 -g:none -d /var/folders/gm/lzn3ylzx4lz7mx29lftngdz40000gn/T/jarde-raw-receiver-3o696kw6/jadx-run /Users/lordcasser/workspace/projects/jarde/openspec/evidence/raw-receiver-field-selection-2026-10-09/jdk8/no-debug/jadx/RawParam.java /Users/lordcasser/workspace/projects/jarde/openspec/evidence/raw-receiver-field-selection-2026-10-09/source/ReceiverProbe.java
jdk8/no-debug/RawParam/jadx-verify-run	0	/Library/Java/JavaVirtualMachines/corretto-1.8.0_432/Contents/Home/bin/java -Xverify:all -cp /var/folders/gm/lzn3ylzx4lz7mx29lftngdz40000gn/T/jarde-raw-receiver-3o696kw6/jadx-run ReceiverProbe defpackage.RawParam
jdk8/no-debug/RawParam/jadx-source-header	0	nonempty class source
jdk8/debug/StaticRawLocal/original-javac	0	/Library/Java/JavaVirtualMachines/corretto-1.8.0_432/Contents/Home/bin/javac -source 8 -target 8 -g -d /var/folders/gm/lzn3ylzx4lz7mx29lftngdz40000gn/T/jarde-raw-receiver-ntmeq5sd/original /Users/lordcasser/workspace/projects/jarde/openspec/evidence/raw-receiver-field-selection-2026-10-09/source/StaticRawLocal.java
jdk8/debug/StaticRawLocal/jar	0	/Library/Java/JavaVirtualMachines/corretto-1.8.0_432/Contents/Home/bin/jar cfM /Users/lordcasser/workspace/projects/jarde/openspec/evidence/raw-receiver-field-selection-2026-10-09/jdk8/debug/input/StaticRawLocal.jar -C /var/folders/gm/lzn3ylzx4lz7mx29lftngdz40000gn/T/jarde-raw-receiver-ntmeq5sd/original StaticRawLocal.class
jdk8/debug/StaticRawLocal/jar-contents	0	/Library/Java/JavaVirtualMachines/corretto-1.8.0_432/Contents/Home/bin/jar tf /Users/lordcasser/workspace/projects/jarde/openspec/evidence/raw-receiver-field-selection-2026-10-09/jdk8/debug/input/StaticRawLocal.jar
jdk8/debug/StaticRawLocal/javap	0	/Library/Java/JavaVirtualMachines/corretto-1.8.0_432/Contents/Home/bin/javap -p -c -s -v -classpath /Users/lordcasser/workspace/projects/jarde/openspec/evidence/raw-receiver-field-selection-2026-10-09/jdk8/debug/input/StaticRawLocal.jar StaticRawLocal
jdk8/debug/StaticRawLocal/jarde-cli	0	/private/tmp/jarde-class-ctor-final-cli class-source --input /Users/lordcasser/workspace/projects/jarde/openspec/evidence/raw-receiver-field-selection-2026-10-09/jdk8/debug/input/StaticRawLocal.jar --class StaticRawLocal --policy plain-jar --release 8 --format text
jdk8/debug/StaticRawLocal/jarde-source-header	0	nonempty self-describing source header
jdk8/debug/StaticRawLocal/original-javac	0	/Library/Java/JavaVirtualMachines/corretto-1.8.0_432/Contents/Home/bin/javac -source 8 -target 8 -g -d /var/folders/gm/lzn3ylzx4lz7mx29lftngdz40000gn/T/jarde-raw-receiver-ntmeq5sd/original-run /Users/lordcasser/workspace/projects/jarde/openspec/evidence/raw-receiver-field-selection-2026-10-09/source/StaticRawLocal.java /Users/lordcasser/workspace/projects/jarde/openspec/evidence/raw-receiver-field-selection-2026-10-09/source/ReceiverProbe.java
jdk8/debug/StaticRawLocal/original-verify-run	0	/Library/Java/JavaVirtualMachines/corretto-1.8.0_432/Contents/Home/bin/java -Xverify:all -cp /var/folders/gm/lzn3ylzx4lz7mx29lftngdz40000gn/T/jarde-raw-receiver-ntmeq5sd/original-run ReceiverProbe StaticRawLocal
jdk8/debug/StaticRawLocal/jarde-javac	0	/Library/Java/JavaVirtualMachines/corretto-1.8.0_432/Contents/Home/bin/javac -source 8 -target 8 -g -d /var/folders/gm/lzn3ylzx4lz7mx29lftngdz40000gn/T/jarde-raw-receiver-ntmeq5sd/jarde-run /Users/lordcasser/workspace/projects/jarde/openspec/evidence/raw-receiver-field-selection-2026-10-09/jdk8/debug/jarde/StaticRawLocal.java /Users/lordcasser/workspace/projects/jarde/openspec/evidence/raw-receiver-field-selection-2026-10-09/source/ReceiverProbe.java
jdk8/debug/StaticRawLocal/jarde-verify-run	0	/Library/Java/JavaVirtualMachines/corretto-1.8.0_432/Contents/Home/bin/java -Xverify:all -cp /var/folders/gm/lzn3ylzx4lz7mx29lftngdz40000gn/T/jarde-raw-receiver-ntmeq5sd/jarde-run ReceiverProbe StaticRawLocal
jdk8/debug/StaticRawLocal/jadx-cli	0	/Users/lordcasser/workspace/testzone/jadx/jadx-cli/build/install/jadx/bin/jadx --no-res --single-class StaticRawLocal -d /Users/lordcasser/workspace/projects/jarde/openspec/evidence/raw-receiver-field-selection-2026-10-09/jdk8/debug/jadx/StaticRawLocal /Users/lordcasser/workspace/projects/jarde/openspec/evidence/raw-receiver-field-selection-2026-10-09/jdk8/debug/input/StaticRawLocal.jar
jdk8/debug/StaticRawLocal/jadx-javac	0	/Library/Java/JavaVirtualMachines/corretto-1.8.0_432/Contents/Home/bin/javac -source 8 -target 8 -g -d /var/folders/gm/lzn3ylzx4lz7mx29lftngdz40000gn/T/jarde-raw-receiver-ntmeq5sd/jadx-run /Users/lordcasser/workspace/projects/jarde/openspec/evidence/raw-receiver-field-selection-2026-10-09/jdk8/debug/jadx/StaticRawLocal.java /Users/lordcasser/workspace/projects/jarde/openspec/evidence/raw-receiver-field-selection-2026-10-09/source/ReceiverProbe.java
jdk8/debug/StaticRawLocal/jadx-verify-run	0	/Library/Java/JavaVirtualMachines/corretto-1.8.0_432/Contents/Home/bin/java -Xverify:all -cp /var/folders/gm/lzn3ylzx4lz7mx29lftngdz40000gn/T/jarde-raw-receiver-ntmeq5sd/jadx-run ReceiverProbe defpackage.StaticRawLocal
jdk8/debug/StaticRawLocal/jadx-source-header	0	nonempty class source
jdk8/no-debug/StaticRawLocal/original-javac	0	/Library/Java/JavaVirtualMachines/corretto-1.8.0_432/Contents/Home/bin/javac -source 8 -target 8 -g:none -d /var/folders/gm/lzn3ylzx4lz7mx29lftngdz40000gn/T/jarde-raw-receiver-okruotyy/original /Users/lordcasser/workspace/projects/jarde/openspec/evidence/raw-receiver-field-selection-2026-10-09/source/StaticRawLocal.java
jdk8/no-debug/StaticRawLocal/jar	0	/Library/Java/JavaVirtualMachines/corretto-1.8.0_432/Contents/Home/bin/jar cfM /Users/lordcasser/workspace/projects/jarde/openspec/evidence/raw-receiver-field-selection-2026-10-09/jdk8/no-debug/input/StaticRawLocal.jar -C /var/folders/gm/lzn3ylzx4lz7mx29lftngdz40000gn/T/jarde-raw-receiver-okruotyy/original StaticRawLocal.class
jdk8/no-debug/StaticRawLocal/jar-contents	0	/Library/Java/JavaVirtualMachines/corretto-1.8.0_432/Contents/Home/bin/jar tf /Users/lordcasser/workspace/projects/jarde/openspec/evidence/raw-receiver-field-selection-2026-10-09/jdk8/no-debug/input/StaticRawLocal.jar
jdk8/no-debug/StaticRawLocal/javap	0	/Library/Java/JavaVirtualMachines/corretto-1.8.0_432/Contents/Home/bin/javap -p -c -s -v -classpath /Users/lordcasser/workspace/projects/jarde/openspec/evidence/raw-receiver-field-selection-2026-10-09/jdk8/no-debug/input/StaticRawLocal.jar StaticRawLocal
jdk8/no-debug/StaticRawLocal/jarde-cli	0	/private/tmp/jarde-class-ctor-final-cli class-source --input /Users/lordcasser/workspace/projects/jarde/openspec/evidence/raw-receiver-field-selection-2026-10-09/jdk8/no-debug/input/StaticRawLocal.jar --class StaticRawLocal --policy plain-jar --release 8 --format text
jdk8/no-debug/StaticRawLocal/jarde-source-header	0	nonempty self-describing source header
jdk8/no-debug/StaticRawLocal/original-javac	0	/Library/Java/JavaVirtualMachines/corretto-1.8.0_432/Contents/Home/bin/javac -source 8 -target 8 -g:none -d /var/folders/gm/lzn3ylzx4lz7mx29lftngdz40000gn/T/jarde-raw-receiver-okruotyy/original-run /Users/lordcasser/workspace/projects/jarde/openspec/evidence/raw-receiver-field-selection-2026-10-09/source/StaticRawLocal.java /Users/lordcasser/workspace/projects/jarde/openspec/evidence/raw-receiver-field-selection-2026-10-09/source/ReceiverProbe.java
jdk8/no-debug/StaticRawLocal/original-verify-run	0	/Library/Java/JavaVirtualMachines/corretto-1.8.0_432/Contents/Home/bin/java -Xverify:all -cp /var/folders/gm/lzn3ylzx4lz7mx29lftngdz40000gn/T/jarde-raw-receiver-okruotyy/original-run ReceiverProbe StaticRawLocal
jdk8/no-debug/StaticRawLocal/jarde-javac	0	/Library/Java/JavaVirtualMachines/corretto-1.8.0_432/Contents/Home/bin/javac -source 8 -target 8 -g:none -d /var/folders/gm/lzn3ylzx4lz7mx29lftngdz40000gn/T/jarde-raw-receiver-okruotyy/jarde-run /Users/lordcasser/workspace/projects/jarde/openspec/evidence/raw-receiver-field-selection-2026-10-09/jdk8/no-debug/jarde/StaticRawLocal.java /Users/lordcasser/workspace/projects/jarde/openspec/evidence/raw-receiver-field-selection-2026-10-09/source/ReceiverProbe.java
jdk8/no-debug/StaticRawLocal/jarde-verify-run	0	/Library/Java/JavaVirtualMachines/corretto-1.8.0_432/Contents/Home/bin/java -Xverify:all -cp /var/folders/gm/lzn3ylzx4lz7mx29lftngdz40000gn/T/jarde-raw-receiver-okruotyy/jarde-run ReceiverProbe StaticRawLocal
jdk8/no-debug/StaticRawLocal/jadx-cli	0	/Users/lordcasser/workspace/testzone/jadx/jadx-cli/build/install/jadx/bin/jadx --no-res --single-class StaticRawLocal -d /Users/lordcasser/workspace/projects/jarde/openspec/evidence/raw-receiver-field-selection-2026-10-09/jdk8/no-debug/jadx/StaticRawLocal /Users/lordcasser/workspace/projects/jarde/openspec/evidence/raw-receiver-field-selection-2026-10-09/jdk8/no-debug/input/StaticRawLocal.jar
jdk8/no-debug/StaticRawLocal/jadx-javac	0	/Library/Java/JavaVirtualMachines/corretto-1.8.0_432/Contents/Home/bin/javac -source 8 -target 8 -g:none -d /var/folders/gm/lzn3ylzx4lz7mx29lftngdz40000gn/T/jarde-raw-receiver-okruotyy/jadx-run /Users/lordcasser/workspace/projects/jarde/openspec/evidence/raw-receiver-field-selection-2026-10-09/jdk8/no-debug/jadx/StaticRawLocal.java /Users/lordcasser/workspace/projects/jarde/openspec/evidence/raw-receiver-field-selection-2026-10-09/source/ReceiverProbe.java
jdk8/no-debug/StaticRawLocal/jadx-verify-run	0	/Library/Java/JavaVirtualMachines/corretto-1.8.0_432/Contents/Home/bin/java -Xverify:all -cp /var/folders/gm/lzn3ylzx4lz7mx29lftngdz40000gn/T/jarde-raw-receiver-okruotyy/jadx-run ReceiverProbe defpackage.StaticRawLocal
jdk8/no-debug/StaticRawLocal/jadx-source-header	0	nonempty class source
jdk8/debug/InstanceRawLocal/original-javac	0	/Library/Java/JavaVirtualMachines/corretto-1.8.0_432/Contents/Home/bin/javac -source 8 -target 8 -g -d /var/folders/gm/lzn3ylzx4lz7mx29lftngdz40000gn/T/jarde-raw-receiver-ofc8cbhk/original /Users/lordcasser/workspace/projects/jarde/openspec/evidence/raw-receiver-field-selection-2026-10-09/source/InstanceRawLocal.java
jdk8/debug/InstanceRawLocal/jar	0	/Library/Java/JavaVirtualMachines/corretto-1.8.0_432/Contents/Home/bin/jar cfM /Users/lordcasser/workspace/projects/jarde/openspec/evidence/raw-receiver-field-selection-2026-10-09/jdk8/debug/input/InstanceRawLocal.jar -C /var/folders/gm/lzn3ylzx4lz7mx29lftngdz40000gn/T/jarde-raw-receiver-ofc8cbhk/original InstanceRawLocal.class
jdk8/debug/InstanceRawLocal/jar-contents	0	/Library/Java/JavaVirtualMachines/corretto-1.8.0_432/Contents/Home/bin/jar tf /Users/lordcasser/workspace/projects/jarde/openspec/evidence/raw-receiver-field-selection-2026-10-09/jdk8/debug/input/InstanceRawLocal.jar
jdk8/debug/InstanceRawLocal/javap	0	/Library/Java/JavaVirtualMachines/corretto-1.8.0_432/Contents/Home/bin/javap -p -c -s -v -classpath /Users/lordcasser/workspace/projects/jarde/openspec/evidence/raw-receiver-field-selection-2026-10-09/jdk8/debug/input/InstanceRawLocal.jar InstanceRawLocal
jdk8/debug/InstanceRawLocal/jarde-cli	0	/private/tmp/jarde-class-ctor-final-cli class-source --input /Users/lordcasser/workspace/projects/jarde/openspec/evidence/raw-receiver-field-selection-2026-10-09/jdk8/debug/input/InstanceRawLocal.jar --class InstanceRawLocal --policy plain-jar --release 8 --format text
jdk8/debug/InstanceRawLocal/jarde-source-header	0	nonempty self-describing source header
jdk8/debug/InstanceRawLocal/original-javac	0	/Library/Java/JavaVirtualMachines/corretto-1.8.0_432/Contents/Home/bin/javac -source 8 -target 8 -g -d /var/folders/gm/lzn3ylzx4lz7mx29lftngdz40000gn/T/jarde-raw-receiver-ofc8cbhk/original-run /Users/lordcasser/workspace/projects/jarde/openspec/evidence/raw-receiver-field-selection-2026-10-09/source/InstanceRawLocal.java /Users/lordcasser/workspace/projects/jarde/openspec/evidence/raw-receiver-field-selection-2026-10-09/source/ReceiverProbe.java
jdk8/debug/InstanceRawLocal/original-verify-run	0	/Library/Java/JavaVirtualMachines/corretto-1.8.0_432/Contents/Home/bin/java -Xverify:all -cp /var/folders/gm/lzn3ylzx4lz7mx29lftngdz40000gn/T/jarde-raw-receiver-ofc8cbhk/original-run ReceiverProbe InstanceRawLocal
jdk8/debug/InstanceRawLocal/jarde-javac	0	/Library/Java/JavaVirtualMachines/corretto-1.8.0_432/Contents/Home/bin/javac -source 8 -target 8 -g -d /var/folders/gm/lzn3ylzx4lz7mx29lftngdz40000gn/T/jarde-raw-receiver-ofc8cbhk/jarde-run /Users/lordcasser/workspace/projects/jarde/openspec/evidence/raw-receiver-field-selection-2026-10-09/jdk8/debug/jarde/InstanceRawLocal.java /Users/lordcasser/workspace/projects/jarde/openspec/evidence/raw-receiver-field-selection-2026-10-09/source/ReceiverProbe.java
jdk8/debug/InstanceRawLocal/jarde-verify-run	0	/Library/Java/JavaVirtualMachines/corretto-1.8.0_432/Contents/Home/bin/java -Xverify:all -cp /var/folders/gm/lzn3ylzx4lz7mx29lftngdz40000gn/T/jarde-raw-receiver-ofc8cbhk/jarde-run ReceiverProbe InstanceRawLocal
jdk8/debug/InstanceRawLocal/jadx-cli	0	/Users/lordcasser/workspace/testzone/jadx/jadx-cli/build/install/jadx/bin/jadx --no-res --single-class InstanceRawLocal -d /Users/lordcasser/workspace/projects/jarde/openspec/evidence/raw-receiver-field-selection-2026-10-09/jdk8/debug/jadx/InstanceRawLocal /Users/lordcasser/workspace/projects/jarde/openspec/evidence/raw-receiver-field-selection-2026-10-09/jdk8/debug/input/InstanceRawLocal.jar
jdk8/debug/InstanceRawLocal/jadx-javac	1	/Library/Java/JavaVirtualMachines/corretto-1.8.0_432/Contents/Home/bin/javac -source 8 -target 8 -g -d /var/folders/gm/lzn3ylzx4lz7mx29lftngdz40000gn/T/jarde-raw-receiver-ofc8cbhk/jadx-run /Users/lordcasser/workspace/projects/jarde/openspec/evidence/raw-receiver-field-selection-2026-10-09/jdk8/debug/jadx/InstanceRawLocal.java /Users/lordcasser/workspace/projects/jarde/openspec/evidence/raw-receiver-field-selection-2026-10-09/source/ReceiverProbe.java
jdk8/debug/InstanceRawLocal/jadx-source-header	0	nonempty class source
jdk8/no-debug/InstanceRawLocal/original-javac	0	/Library/Java/JavaVirtualMachines/corretto-1.8.0_432/Contents/Home/bin/javac -source 8 -target 8 -g:none -d /var/folders/gm/lzn3ylzx4lz7mx29lftngdz40000gn/T/jarde-raw-receiver-2ctl92vl/original /Users/lordcasser/workspace/projects/jarde/openspec/evidence/raw-receiver-field-selection-2026-10-09/source/InstanceRawLocal.java
jdk8/no-debug/InstanceRawLocal/jar	0	/Library/Java/JavaVirtualMachines/corretto-1.8.0_432/Contents/Home/bin/jar cfM /Users/lordcasser/workspace/projects/jarde/openspec/evidence/raw-receiver-field-selection-2026-10-09/jdk8/no-debug/input/InstanceRawLocal.jar -C /var/folders/gm/lzn3ylzx4lz7mx29lftngdz40000gn/T/jarde-raw-receiver-2ctl92vl/original InstanceRawLocal.class
jdk8/no-debug/InstanceRawLocal/jar-contents	0	/Library/Java/JavaVirtualMachines/corretto-1.8.0_432/Contents/Home/bin/jar tf /Users/lordcasser/workspace/projects/jarde/openspec/evidence/raw-receiver-field-selection-2026-10-09/jdk8/no-debug/input/InstanceRawLocal.jar
jdk8/no-debug/InstanceRawLocal/javap	0	/Library/Java/JavaVirtualMachines/corretto-1.8.0_432/Contents/Home/bin/javap -p -c -s -v -classpath /Users/lordcasser/workspace/projects/jarde/openspec/evidence/raw-receiver-field-selection-2026-10-09/jdk8/no-debug/input/InstanceRawLocal.jar InstanceRawLocal
jdk8/no-debug/InstanceRawLocal/jarde-cli	0	/private/tmp/jarde-class-ctor-final-cli class-source --input /Users/lordcasser/workspace/projects/jarde/openspec/evidence/raw-receiver-field-selection-2026-10-09/jdk8/no-debug/input/InstanceRawLocal.jar --class InstanceRawLocal --policy plain-jar --release 8 --format text
jdk8/no-debug/InstanceRawLocal/jarde-source-header	0	nonempty self-describing source header
jdk8/no-debug/InstanceRawLocal/original-javac	0	/Library/Java/JavaVirtualMachines/corretto-1.8.0_432/Contents/Home/bin/javac -source 8 -target 8 -g:none -d /var/folders/gm/lzn3ylzx4lz7mx29lftngdz40000gn/T/jarde-raw-receiver-2ctl92vl/original-run /Users/lordcasser/workspace/projects/jarde/openspec/evidence/raw-receiver-field-selection-2026-10-09/source/InstanceRawLocal.java /Users/lordcasser/workspace/projects/jarde/openspec/evidence/raw-receiver-field-selection-2026-10-09/source/ReceiverProbe.java
jdk8/no-debug/InstanceRawLocal/original-verify-run	0	/Library/Java/JavaVirtualMachines/corretto-1.8.0_432/Contents/Home/bin/java -Xverify:all -cp /var/folders/gm/lzn3ylzx4lz7mx29lftngdz40000gn/T/jarde-raw-receiver-2ctl92vl/original-run ReceiverProbe InstanceRawLocal
jdk8/no-debug/InstanceRawLocal/jarde-javac	0	/Library/Java/JavaVirtualMachines/corretto-1.8.0_432/Contents/Home/bin/javac -source 8 -target 8 -g:none -d /var/folders/gm/lzn3ylzx4lz7mx29lftngdz40000gn/T/jarde-raw-receiver-2ctl92vl/jarde-run /Users/lordcasser/workspace/projects/jarde/openspec/evidence/raw-receiver-field-selection-2026-10-09/jdk8/no-debug/jarde/InstanceRawLocal.java /Users/lordcasser/workspace/projects/jarde/openspec/evidence/raw-receiver-field-selection-2026-10-09/source/ReceiverProbe.java
jdk8/no-debug/InstanceRawLocal/jarde-verify-run	0	/Library/Java/JavaVirtualMachines/corretto-1.8.0_432/Contents/Home/bin/java -Xverify:all -cp /var/folders/gm/lzn3ylzx4lz7mx29lftngdz40000gn/T/jarde-raw-receiver-2ctl92vl/jarde-run ReceiverProbe InstanceRawLocal
jdk8/no-debug/InstanceRawLocal/jadx-cli	0	/Users/lordcasser/workspace/testzone/jadx/jadx-cli/build/install/jadx/bin/jadx --no-res --single-class InstanceRawLocal -d /Users/lordcasser/workspace/projects/jarde/openspec/evidence/raw-receiver-field-selection-2026-10-09/jdk8/no-debug/jadx/InstanceRawLocal /Users/lordcasser/workspace/projects/jarde/openspec/evidence/raw-receiver-field-selection-2026-10-09/jdk8/no-debug/input/InstanceRawLocal.jar
jdk8/no-debug/InstanceRawLocal/jadx-javac	1	/Library/Java/JavaVirtualMachines/corretto-1.8.0_432/Contents/Home/bin/javac -source 8 -target 8 -g:none -d /var/folders/gm/lzn3ylzx4lz7mx29lftngdz40000gn/T/jarde-raw-receiver-2ctl92vl/jadx-run /Users/lordcasser/workspace/projects/jarde/openspec/evidence/raw-receiver-field-selection-2026-10-09/jdk8/no-debug/jadx/InstanceRawLocal.java /Users/lordcasser/workspace/projects/jarde/openspec/evidence/raw-receiver-field-selection-2026-10-09/source/ReceiverProbe.java
jdk8/no-debug/InstanceRawLocal/jadx-source-header	0	nonempty class source
jdk8/debug/TypedReceiver/original-javac	0	/Library/Java/JavaVirtualMachines/corretto-1.8.0_432/Contents/Home/bin/javac -source 8 -target 8 -g -d /var/folders/gm/lzn3ylzx4lz7mx29lftngdz40000gn/T/jarde-raw-receiver-uwmxlh11/original /Users/lordcasser/workspace/projects/jarde/openspec/evidence/raw-receiver-field-selection-2026-10-09/source/TypedReceiver.java
jdk8/debug/TypedReceiver/jar	0	/Library/Java/JavaVirtualMachines/corretto-1.8.0_432/Contents/Home/bin/jar cfM /Users/lordcasser/workspace/projects/jarde/openspec/evidence/raw-receiver-field-selection-2026-10-09/jdk8/debug/input/TypedReceiver.jar -C /var/folders/gm/lzn3ylzx4lz7mx29lftngdz40000gn/T/jarde-raw-receiver-uwmxlh11/original TypedReceiver.class
jdk8/debug/TypedReceiver/jar-contents	0	/Library/Java/JavaVirtualMachines/corretto-1.8.0_432/Contents/Home/bin/jar tf /Users/lordcasser/workspace/projects/jarde/openspec/evidence/raw-receiver-field-selection-2026-10-09/jdk8/debug/input/TypedReceiver.jar
jdk8/debug/TypedReceiver/javap	0	/Library/Java/JavaVirtualMachines/corretto-1.8.0_432/Contents/Home/bin/javap -p -c -s -v -classpath /Users/lordcasser/workspace/projects/jarde/openspec/evidence/raw-receiver-field-selection-2026-10-09/jdk8/debug/input/TypedReceiver.jar TypedReceiver
jdk8/debug/TypedReceiver/jarde-cli	0	/private/tmp/jarde-class-ctor-final-cli class-source --input /Users/lordcasser/workspace/projects/jarde/openspec/evidence/raw-receiver-field-selection-2026-10-09/jdk8/debug/input/TypedReceiver.jar --class TypedReceiver --policy plain-jar --release 8 --format text
jdk8/debug/TypedReceiver/jarde-source-header	0	nonempty self-describing source header
jdk8/debug/TypedReceiver/original-javac	0	/Library/Java/JavaVirtualMachines/corretto-1.8.0_432/Contents/Home/bin/javac -source 8 -target 8 -g -d /var/folders/gm/lzn3ylzx4lz7mx29lftngdz40000gn/T/jarde-raw-receiver-uwmxlh11/original-run /Users/lordcasser/workspace/projects/jarde/openspec/evidence/raw-receiver-field-selection-2026-10-09/source/TypedReceiver.java /Users/lordcasser/workspace/projects/jarde/openspec/evidence/raw-receiver-field-selection-2026-10-09/source/ReceiverProbe.java
jdk8/debug/TypedReceiver/original-verify-run	0	/Library/Java/JavaVirtualMachines/corretto-1.8.0_432/Contents/Home/bin/java -Xverify:all -cp /var/folders/gm/lzn3ylzx4lz7mx29lftngdz40000gn/T/jarde-raw-receiver-uwmxlh11/original-run ReceiverProbe TypedReceiver
jdk8/debug/TypedReceiver/jarde-javac	0	/Library/Java/JavaVirtualMachines/corretto-1.8.0_432/Contents/Home/bin/javac -source 8 -target 8 -g -d /var/folders/gm/lzn3ylzx4lz7mx29lftngdz40000gn/T/jarde-raw-receiver-uwmxlh11/jarde-run /Users/lordcasser/workspace/projects/jarde/openspec/evidence/raw-receiver-field-selection-2026-10-09/jdk8/debug/jarde/TypedReceiver.java /Users/lordcasser/workspace/projects/jarde/openspec/evidence/raw-receiver-field-selection-2026-10-09/source/ReceiverProbe.java
jdk8/debug/TypedReceiver/jarde-verify-run	0	/Library/Java/JavaVirtualMachines/corretto-1.8.0_432/Contents/Home/bin/java -Xverify:all -cp /var/folders/gm/lzn3ylzx4lz7mx29lftngdz40000gn/T/jarde-raw-receiver-uwmxlh11/jarde-run ReceiverProbe TypedReceiver
jdk8/debug/TypedReceiver/jadx-cli	0	/Users/lordcasser/workspace/testzone/jadx/jadx-cli/build/install/jadx/bin/jadx --no-res --single-class TypedReceiver -d /Users/lordcasser/workspace/projects/jarde/openspec/evidence/raw-receiver-field-selection-2026-10-09/jdk8/debug/jadx/TypedReceiver /Users/lordcasser/workspace/projects/jarde/openspec/evidence/raw-receiver-field-selection-2026-10-09/jdk8/debug/input/TypedReceiver.jar
jdk8/debug/TypedReceiver/jadx-javac	0	/Library/Java/JavaVirtualMachines/corretto-1.8.0_432/Contents/Home/bin/javac -source 8 -target 8 -g -d /var/folders/gm/lzn3ylzx4lz7mx29lftngdz40000gn/T/jarde-raw-receiver-uwmxlh11/jadx-run /Users/lordcasser/workspace/projects/jarde/openspec/evidence/raw-receiver-field-selection-2026-10-09/jdk8/debug/jadx/TypedReceiver.java /Users/lordcasser/workspace/projects/jarde/openspec/evidence/raw-receiver-field-selection-2026-10-09/source/ReceiverProbe.java
jdk8/debug/TypedReceiver/jadx-verify-run	0	/Library/Java/JavaVirtualMachines/corretto-1.8.0_432/Contents/Home/bin/java -Xverify:all -cp /var/folders/gm/lzn3ylzx4lz7mx29lftngdz40000gn/T/jarde-raw-receiver-uwmxlh11/jadx-run ReceiverProbe defpackage.TypedReceiver
jdk8/debug/TypedReceiver/jadx-source-header	0	nonempty class source
jdk8/no-debug/TypedReceiver/original-javac	0	/Library/Java/JavaVirtualMachines/corretto-1.8.0_432/Contents/Home/bin/javac -source 8 -target 8 -g:none -d /var/folders/gm/lzn3ylzx4lz7mx29lftngdz40000gn/T/jarde-raw-receiver-rlxyp930/original /Users/lordcasser/workspace/projects/jarde/openspec/evidence/raw-receiver-field-selection-2026-10-09/source/TypedReceiver.java
jdk8/no-debug/TypedReceiver/jar	0	/Library/Java/JavaVirtualMachines/corretto-1.8.0_432/Contents/Home/bin/jar cfM /Users/lordcasser/workspace/projects/jarde/openspec/evidence/raw-receiver-field-selection-2026-10-09/jdk8/no-debug/input/TypedReceiver.jar -C /var/folders/gm/lzn3ylzx4lz7mx29lftngdz40000gn/T/jarde-raw-receiver-rlxyp930/original TypedReceiver.class
jdk8/no-debug/TypedReceiver/jar-contents	0	/Library/Java/JavaVirtualMachines/corretto-1.8.0_432/Contents/Home/bin/jar tf /Users/lordcasser/workspace/projects/jarde/openspec/evidence/raw-receiver-field-selection-2026-10-09/jdk8/no-debug/input/TypedReceiver.jar
jdk8/no-debug/TypedReceiver/javap	0	/Library/Java/JavaVirtualMachines/corretto-1.8.0_432/Contents/Home/bin/javap -p -c -s -v -classpath /Users/lordcasser/workspace/projects/jarde/openspec/evidence/raw-receiver-field-selection-2026-10-09/jdk8/no-debug/input/TypedReceiver.jar TypedReceiver
jdk8/no-debug/TypedReceiver/jarde-cli	0	/private/tmp/jarde-class-ctor-final-cli class-source --input /Users/lordcasser/workspace/projects/jarde/openspec/evidence/raw-receiver-field-selection-2026-10-09/jdk8/no-debug/input/TypedReceiver.jar --class TypedReceiver --policy plain-jar --release 8 --format text
jdk8/no-debug/TypedReceiver/jarde-source-header	0	nonempty self-describing source header
jdk8/no-debug/TypedReceiver/original-javac	0	/Library/Java/JavaVirtualMachines/corretto-1.8.0_432/Contents/Home/bin/javac -source 8 -target 8 -g:none -d /var/folders/gm/lzn3ylzx4lz7mx29lftngdz40000gn/T/jarde-raw-receiver-rlxyp930/original-run /Users/lordcasser/workspace/projects/jarde/openspec/evidence/raw-receiver-field-selection-2026-10-09/source/TypedReceiver.java /Users/lordcasser/workspace/projects/jarde/openspec/evidence/raw-receiver-field-selection-2026-10-09/source/ReceiverProbe.java
jdk8/no-debug/TypedReceiver/original-verify-run	0	/Library/Java/JavaVirtualMachines/corretto-1.8.0_432/Contents/Home/bin/java -Xverify:all -cp /var/folders/gm/lzn3ylzx4lz7mx29lftngdz40000gn/T/jarde-raw-receiver-rlxyp930/original-run ReceiverProbe TypedReceiver
jdk8/no-debug/TypedReceiver/jarde-javac	0	/Library/Java/JavaVirtualMachines/corretto-1.8.0_432/Contents/Home/bin/javac -source 8 -target 8 -g:none -d /var/folders/gm/lzn3ylzx4lz7mx29lftngdz40000gn/T/jarde-raw-receiver-rlxyp930/jarde-run /Users/lordcasser/workspace/projects/jarde/openspec/evidence/raw-receiver-field-selection-2026-10-09/jdk8/no-debug/jarde/TypedReceiver.java /Users/lordcasser/workspace/projects/jarde/openspec/evidence/raw-receiver-field-selection-2026-10-09/source/ReceiverProbe.java
jdk8/no-debug/TypedReceiver/jarde-verify-run	0	/Library/Java/JavaVirtualMachines/corretto-1.8.0_432/Contents/Home/bin/java -Xverify:all -cp /var/folders/gm/lzn3ylzx4lz7mx29lftngdz40000gn/T/jarde-raw-receiver-rlxyp930/jarde-run ReceiverProbe TypedReceiver
jdk8/no-debug/TypedReceiver/jadx-cli	0	/Users/lordcasser/workspace/testzone/jadx/jadx-cli/build/install/jadx/bin/jadx --no-res --single-class TypedReceiver -d /Users/lordcasser/workspace/projects/jarde/openspec/evidence/raw-receiver-field-selection-2026-10-09/jdk8/no-debug/jadx/TypedReceiver /Users/lordcasser/workspace/projects/jarde/openspec/evidence/raw-receiver-field-selection-2026-10-09/jdk8/no-debug/input/TypedReceiver.jar
jdk8/no-debug/TypedReceiver/jadx-javac	0	/Library/Java/JavaVirtualMachines/corretto-1.8.0_432/Contents/Home/bin/javac -source 8 -target 8 -g:none -d /var/folders/gm/lzn3ylzx4lz7mx29lftngdz40000gn/T/jarde-raw-receiver-rlxyp930/jadx-run /Users/lordcasser/workspace/projects/jarde/openspec/evidence/raw-receiver-field-selection-2026-10-09/jdk8/no-debug/jadx/TypedReceiver.java /Users/lordcasser/workspace/projects/jarde/openspec/evidence/raw-receiver-field-selection-2026-10-09/source/ReceiverProbe.java
jdk8/no-debug/TypedReceiver/jadx-verify-run	0	/Library/Java/JavaVirtualMachines/corretto-1.8.0_432/Contents/Home/bin/java -Xverify:all -cp /var/folders/gm/lzn3ylzx4lz7mx29lftngdz40000gn/T/jarde-raw-receiver-rlxyp930/jadx-run ReceiverProbe defpackage.TypedReceiver
jdk8/no-debug/TypedReceiver/jadx-source-header	0	nonempty class source
jdk8/debug/ThisReceiver/original-javac	0	/Library/Java/JavaVirtualMachines/corretto-1.8.0_432/Contents/Home/bin/javac -source 8 -target 8 -g -d /var/folders/gm/lzn3ylzx4lz7mx29lftngdz40000gn/T/jarde-raw-receiver-71pm7eb4/original /Users/lordcasser/workspace/projects/jarde/openspec/evidence/raw-receiver-field-selection-2026-10-09/source/ThisReceiver.java
jdk8/debug/ThisReceiver/jar	0	/Library/Java/JavaVirtualMachines/corretto-1.8.0_432/Contents/Home/bin/jar cfM /Users/lordcasser/workspace/projects/jarde/openspec/evidence/raw-receiver-field-selection-2026-10-09/jdk8/debug/input/ThisReceiver.jar -C /var/folders/gm/lzn3ylzx4lz7mx29lftngdz40000gn/T/jarde-raw-receiver-71pm7eb4/original ThisReceiver.class
jdk8/debug/ThisReceiver/jar-contents	0	/Library/Java/JavaVirtualMachines/corretto-1.8.0_432/Contents/Home/bin/jar tf /Users/lordcasser/workspace/projects/jarde/openspec/evidence/raw-receiver-field-selection-2026-10-09/jdk8/debug/input/ThisReceiver.jar
jdk8/debug/ThisReceiver/javap	0	/Library/Java/JavaVirtualMachines/corretto-1.8.0_432/Contents/Home/bin/javap -p -c -s -v -classpath /Users/lordcasser/workspace/projects/jarde/openspec/evidence/raw-receiver-field-selection-2026-10-09/jdk8/debug/input/ThisReceiver.jar ThisReceiver
jdk8/debug/ThisReceiver/jarde-cli	0	/private/tmp/jarde-class-ctor-final-cli class-source --input /Users/lordcasser/workspace/projects/jarde/openspec/evidence/raw-receiver-field-selection-2026-10-09/jdk8/debug/input/ThisReceiver.jar --class ThisReceiver --policy plain-jar --release 8 --format text
jdk8/debug/ThisReceiver/jarde-source-header	0	nonempty self-describing source header
jdk8/debug/ThisReceiver/original-javac	0	/Library/Java/JavaVirtualMachines/corretto-1.8.0_432/Contents/Home/bin/javac -source 8 -target 8 -g -d /var/folders/gm/lzn3ylzx4lz7mx29lftngdz40000gn/T/jarde-raw-receiver-71pm7eb4/original-run /Users/lordcasser/workspace/projects/jarde/openspec/evidence/raw-receiver-field-selection-2026-10-09/source/ThisReceiver.java /Users/lordcasser/workspace/projects/jarde/openspec/evidence/raw-receiver-field-selection-2026-10-09/source/ReceiverProbe.java
jdk8/debug/ThisReceiver/original-verify-run	0	/Library/Java/JavaVirtualMachines/corretto-1.8.0_432/Contents/Home/bin/java -Xverify:all -cp /var/folders/gm/lzn3ylzx4lz7mx29lftngdz40000gn/T/jarde-raw-receiver-71pm7eb4/original-run ReceiverProbe ThisReceiver
jdk8/debug/ThisReceiver/jarde-javac	0	/Library/Java/JavaVirtualMachines/corretto-1.8.0_432/Contents/Home/bin/javac -source 8 -target 8 -g -d /var/folders/gm/lzn3ylzx4lz7mx29lftngdz40000gn/T/jarde-raw-receiver-71pm7eb4/jarde-run /Users/lordcasser/workspace/projects/jarde/openspec/evidence/raw-receiver-field-selection-2026-10-09/jdk8/debug/jarde/ThisReceiver.java /Users/lordcasser/workspace/projects/jarde/openspec/evidence/raw-receiver-field-selection-2026-10-09/source/ReceiverProbe.java
jdk8/debug/ThisReceiver/jarde-verify-run	0	/Library/Java/JavaVirtualMachines/corretto-1.8.0_432/Contents/Home/bin/java -Xverify:all -cp /var/folders/gm/lzn3ylzx4lz7mx29lftngdz40000gn/T/jarde-raw-receiver-71pm7eb4/jarde-run ReceiverProbe ThisReceiver
jdk8/debug/ThisReceiver/jadx-cli	0	/Users/lordcasser/workspace/testzone/jadx/jadx-cli/build/install/jadx/bin/jadx --no-res --single-class ThisReceiver -d /Users/lordcasser/workspace/projects/jarde/openspec/evidence/raw-receiver-field-selection-2026-10-09/jdk8/debug/jadx/ThisReceiver /Users/lordcasser/workspace/projects/jarde/openspec/evidence/raw-receiver-field-selection-2026-10-09/jdk8/debug/input/ThisReceiver.jar
jdk8/debug/ThisReceiver/jadx-javac	0	/Library/Java/JavaVirtualMachines/corretto-1.8.0_432/Contents/Home/bin/javac -source 8 -target 8 -g -d /var/folders/gm/lzn3ylzx4lz7mx29lftngdz40000gn/T/jarde-raw-receiver-71pm7eb4/jadx-run /Users/lordcasser/workspace/projects/jarde/openspec/evidence/raw-receiver-field-selection-2026-10-09/jdk8/debug/jadx/ThisReceiver.java /Users/lordcasser/workspace/projects/jarde/openspec/evidence/raw-receiver-field-selection-2026-10-09/source/ReceiverProbe.java
jdk8/debug/ThisReceiver/jadx-verify-run	0	/Library/Java/JavaVirtualMachines/corretto-1.8.0_432/Contents/Home/bin/java -Xverify:all -cp /var/folders/gm/lzn3ylzx4lz7mx29lftngdz40000gn/T/jarde-raw-receiver-71pm7eb4/jadx-run ReceiverProbe defpackage.ThisReceiver
jdk8/debug/ThisReceiver/jadx-source-header	0	nonempty class source
jdk8/no-debug/ThisReceiver/original-javac	0	/Library/Java/JavaVirtualMachines/corretto-1.8.0_432/Contents/Home/bin/javac -source 8 -target 8 -g:none -d /var/folders/gm/lzn3ylzx4lz7mx29lftngdz40000gn/T/jarde-raw-receiver-gv_870bf/original /Users/lordcasser/workspace/projects/jarde/openspec/evidence/raw-receiver-field-selection-2026-10-09/source/ThisReceiver.java
jdk8/no-debug/ThisReceiver/jar	0	/Library/Java/JavaVirtualMachines/corretto-1.8.0_432/Contents/Home/bin/jar cfM /Users/lordcasser/workspace/projects/jarde/openspec/evidence/raw-receiver-field-selection-2026-10-09/jdk8/no-debug/input/ThisReceiver.jar -C /var/folders/gm/lzn3ylzx4lz7mx29lftngdz40000gn/T/jarde-raw-receiver-gv_870bf/original ThisReceiver.class
jdk8/no-debug/ThisReceiver/jar-contents	0	/Library/Java/JavaVirtualMachines/corretto-1.8.0_432/Contents/Home/bin/jar tf /Users/lordcasser/workspace/projects/jarde/openspec/evidence/raw-receiver-field-selection-2026-10-09/jdk8/no-debug/input/ThisReceiver.jar
jdk8/no-debug/ThisReceiver/javap	0	/Library/Java/JavaVirtualMachines/corretto-1.8.0_432/Contents/Home/bin/javap -p -c -s -v -classpath /Users/lordcasser/workspace/projects/jarde/openspec/evidence/raw-receiver-field-selection-2026-10-09/jdk8/no-debug/input/ThisReceiver.jar ThisReceiver
jdk8/no-debug/ThisReceiver/jarde-cli	0	/private/tmp/jarde-class-ctor-final-cli class-source --input /Users/lordcasser/workspace/projects/jarde/openspec/evidence/raw-receiver-field-selection-2026-10-09/jdk8/no-debug/input/ThisReceiver.jar --class ThisReceiver --policy plain-jar --release 8 --format text
jdk8/no-debug/ThisReceiver/jarde-source-header	0	nonempty self-describing source header
jdk8/no-debug/ThisReceiver/original-javac	0	/Library/Java/JavaVirtualMachines/corretto-1.8.0_432/Contents/Home/bin/javac -source 8 -target 8 -g:none -d /var/folders/gm/lzn3ylzx4lz7mx29lftngdz40000gn/T/jarde-raw-receiver-gv_870bf/original-run /Users/lordcasser/workspace/projects/jarde/openspec/evidence/raw-receiver-field-selection-2026-10-09/source/ThisReceiver.java /Users/lordcasser/workspace/projects/jarde/openspec/evidence/raw-receiver-field-selection-2026-10-09/source/ReceiverProbe.java
jdk8/no-debug/ThisReceiver/original-verify-run	0	/Library/Java/JavaVirtualMachines/corretto-1.8.0_432/Contents/Home/bin/java -Xverify:all -cp /var/folders/gm/lzn3ylzx4lz7mx29lftngdz40000gn/T/jarde-raw-receiver-gv_870bf/original-run ReceiverProbe ThisReceiver
jdk8/no-debug/ThisReceiver/jarde-javac	0	/Library/Java/JavaVirtualMachines/corretto-1.8.0_432/Contents/Home/bin/javac -source 8 -target 8 -g:none -d /var/folders/gm/lzn3ylzx4lz7mx29lftngdz40000gn/T/jarde-raw-receiver-gv_870bf/jarde-run /Users/lordcasser/workspace/projects/jarde/openspec/evidence/raw-receiver-field-selection-2026-10-09/jdk8/no-debug/jarde/ThisReceiver.java /Users/lordcasser/workspace/projects/jarde/openspec/evidence/raw-receiver-field-selection-2026-10-09/source/ReceiverProbe.java
jdk8/no-debug/ThisReceiver/jarde-verify-run	0	/Library/Java/JavaVirtualMachines/corretto-1.8.0_432/Contents/Home/bin/java -Xverify:all -cp /var/folders/gm/lzn3ylzx4lz7mx29lftngdz40000gn/T/jarde-raw-receiver-gv_870bf/jarde-run ReceiverProbe ThisReceiver
jdk8/no-debug/ThisReceiver/jadx-cli	0	/Users/lordcasser/workspace/testzone/jadx/jadx-cli/build/install/jadx/bin/jadx --no-res --single-class ThisReceiver -d /Users/lordcasser/workspace/projects/jarde/openspec/evidence/raw-receiver-field-selection-2026-10-09/jdk8/no-debug/jadx/ThisReceiver /Users/lordcasser/workspace/projects/jarde/openspec/evidence/raw-receiver-field-selection-2026-10-09/jdk8/no-debug/input/ThisReceiver.jar
jdk8/no-debug/ThisReceiver/jadx-javac	0	/Library/Java/JavaVirtualMachines/corretto-1.8.0_432/Contents/Home/bin/javac -source 8 -target 8 -g:none -d /var/folders/gm/lzn3ylzx4lz7mx29lftngdz40000gn/T/jarde-raw-receiver-gv_870bf/jadx-run /Users/lordcasser/workspace/projects/jarde/openspec/evidence/raw-receiver-field-selection-2026-10-09/jdk8/no-debug/jadx/ThisReceiver.java /Users/lordcasser/workspace/projects/jarde/openspec/evidence/raw-receiver-field-selection-2026-10-09/source/ReceiverProbe.java
jdk8/no-debug/ThisReceiver/jadx-verify-run	0	/Library/Java/JavaVirtualMachines/corretto-1.8.0_432/Contents/Home/bin/java -Xverify:all -cp /var/folders/gm/lzn3ylzx4lz7mx29lftngdz40000gn/T/jarde-raw-receiver-gv_870bf/jadx-run ReceiverProbe defpackage.ThisReceiver
jdk8/no-debug/ThisReceiver/jadx-source-header	0	nonempty class source
jdk8/debug/ShadowMethodT/original-javac	0	/Library/Java/JavaVirtualMachines/corretto-1.8.0_432/Contents/Home/bin/javac -source 8 -target 8 -g -d /var/folders/gm/lzn3ylzx4lz7mx29lftngdz40000gn/T/jarde-raw-receiver-8q9wjp9m/original /Users/lordcasser/workspace/projects/jarde/openspec/evidence/raw-receiver-field-selection-2026-10-09/source/ShadowMethodT.java
jdk8/debug/ShadowMethodT/jar	0	/Library/Java/JavaVirtualMachines/corretto-1.8.0_432/Contents/Home/bin/jar cfM /Users/lordcasser/workspace/projects/jarde/openspec/evidence/raw-receiver-field-selection-2026-10-09/jdk8/debug/input/ShadowMethodT.jar -C /var/folders/gm/lzn3ylzx4lz7mx29lftngdz40000gn/T/jarde-raw-receiver-8q9wjp9m/original ShadowMethodT.class
jdk8/debug/ShadowMethodT/jar-contents	0	/Library/Java/JavaVirtualMachines/corretto-1.8.0_432/Contents/Home/bin/jar tf /Users/lordcasser/workspace/projects/jarde/openspec/evidence/raw-receiver-field-selection-2026-10-09/jdk8/debug/input/ShadowMethodT.jar
jdk8/debug/ShadowMethodT/javap	0	/Library/Java/JavaVirtualMachines/corretto-1.8.0_432/Contents/Home/bin/javap -p -c -s -v -classpath /Users/lordcasser/workspace/projects/jarde/openspec/evidence/raw-receiver-field-selection-2026-10-09/jdk8/debug/input/ShadowMethodT.jar ShadowMethodT
jdk8/debug/ShadowMethodT/jarde-cli	0	/private/tmp/jarde-class-ctor-final-cli class-source --input /Users/lordcasser/workspace/projects/jarde/openspec/evidence/raw-receiver-field-selection-2026-10-09/jdk8/debug/input/ShadowMethodT.jar --class ShadowMethodT --policy plain-jar --release 8 --format text
jdk8/debug/ShadowMethodT/jarde-source-header	0	nonempty self-describing source header
jdk8/debug/ShadowMethodT/original-javac	0	/Library/Java/JavaVirtualMachines/corretto-1.8.0_432/Contents/Home/bin/javac -source 8 -target 8 -g -d /var/folders/gm/lzn3ylzx4lz7mx29lftngdz40000gn/T/jarde-raw-receiver-8q9wjp9m/original-run /Users/lordcasser/workspace/projects/jarde/openspec/evidence/raw-receiver-field-selection-2026-10-09/source/ShadowMethodT.java /Users/lordcasser/workspace/projects/jarde/openspec/evidence/raw-receiver-field-selection-2026-10-09/source/ReceiverProbe.java
jdk8/debug/ShadowMethodT/original-verify-run	0	/Library/Java/JavaVirtualMachines/corretto-1.8.0_432/Contents/Home/bin/java -Xverify:all -cp /var/folders/gm/lzn3ylzx4lz7mx29lftngdz40000gn/T/jarde-raw-receiver-8q9wjp9m/original-run ReceiverProbe ShadowMethodT
jdk8/debug/ShadowMethodT/jarde-javac	0	/Library/Java/JavaVirtualMachines/corretto-1.8.0_432/Contents/Home/bin/javac -source 8 -target 8 -g -d /var/folders/gm/lzn3ylzx4lz7mx29lftngdz40000gn/T/jarde-raw-receiver-8q9wjp9m/jarde-run /Users/lordcasser/workspace/projects/jarde/openspec/evidence/raw-receiver-field-selection-2026-10-09/jdk8/debug/jarde/ShadowMethodT.java /Users/lordcasser/workspace/projects/jarde/openspec/evidence/raw-receiver-field-selection-2026-10-09/source/ReceiverProbe.java
jdk8/debug/ShadowMethodT/jarde-verify-run	0	/Library/Java/JavaVirtualMachines/corretto-1.8.0_432/Contents/Home/bin/java -Xverify:all -cp /var/folders/gm/lzn3ylzx4lz7mx29lftngdz40000gn/T/jarde-raw-receiver-8q9wjp9m/jarde-run ReceiverProbe ShadowMethodT
jdk8/debug/ShadowMethodT/jadx-cli	0	/Users/lordcasser/workspace/testzone/jadx/jadx-cli/build/install/jadx/bin/jadx --no-res --single-class ShadowMethodT -d /Users/lordcasser/workspace/projects/jarde/openspec/evidence/raw-receiver-field-selection-2026-10-09/jdk8/debug/jadx/ShadowMethodT /Users/lordcasser/workspace/projects/jarde/openspec/evidence/raw-receiver-field-selection-2026-10-09/jdk8/debug/input/ShadowMethodT.jar
jdk8/debug/ShadowMethodT/jadx-javac	0	/Library/Java/JavaVirtualMachines/corretto-1.8.0_432/Contents/Home/bin/javac -source 8 -target 8 -g -d /var/folders/gm/lzn3ylzx4lz7mx29lftngdz40000gn/T/jarde-raw-receiver-8q9wjp9m/jadx-run /Users/lordcasser/workspace/projects/jarde/openspec/evidence/raw-receiver-field-selection-2026-10-09/jdk8/debug/jadx/ShadowMethodT.java /Users/lordcasser/workspace/projects/jarde/openspec/evidence/raw-receiver-field-selection-2026-10-09/source/ReceiverProbe.java
jdk8/debug/ShadowMethodT/jadx-verify-run	0	/Library/Java/JavaVirtualMachines/corretto-1.8.0_432/Contents/Home/bin/java -Xverify:all -cp /var/folders/gm/lzn3ylzx4lz7mx29lftngdz40000gn/T/jarde-raw-receiver-8q9wjp9m/jadx-run ReceiverProbe defpackage.ShadowMethodT
jdk8/debug/ShadowMethodT/jadx-source-header	0	nonempty class source
jdk8/no-debug/ShadowMethodT/original-javac	0	/Library/Java/JavaVirtualMachines/corretto-1.8.0_432/Contents/Home/bin/javac -source 8 -target 8 -g:none -d /var/folders/gm/lzn3ylzx4lz7mx29lftngdz40000gn/T/jarde-raw-receiver-wrm9kkf_/original /Users/lordcasser/workspace/projects/jarde/openspec/evidence/raw-receiver-field-selection-2026-10-09/source/ShadowMethodT.java
jdk8/no-debug/ShadowMethodT/jar	0	/Library/Java/JavaVirtualMachines/corretto-1.8.0_432/Contents/Home/bin/jar cfM /Users/lordcasser/workspace/projects/jarde/openspec/evidence/raw-receiver-field-selection-2026-10-09/jdk8/no-debug/input/ShadowMethodT.jar -C /var/folders/gm/lzn3ylzx4lz7mx29lftngdz40000gn/T/jarde-raw-receiver-wrm9kkf_/original ShadowMethodT.class
jdk8/no-debug/ShadowMethodT/jar-contents	0	/Library/Java/JavaVirtualMachines/corretto-1.8.0_432/Contents/Home/bin/jar tf /Users/lordcasser/workspace/projects/jarde/openspec/evidence/raw-receiver-field-selection-2026-10-09/jdk8/no-debug/input/ShadowMethodT.jar
jdk8/no-debug/ShadowMethodT/javap	0	/Library/Java/JavaVirtualMachines/corretto-1.8.0_432/Contents/Home/bin/javap -p -c -s -v -classpath /Users/lordcasser/workspace/projects/jarde/openspec/evidence/raw-receiver-field-selection-2026-10-09/jdk8/no-debug/input/ShadowMethodT.jar ShadowMethodT
jdk8/no-debug/ShadowMethodT/jarde-cli	0	/private/tmp/jarde-class-ctor-final-cli class-source --input /Users/lordcasser/workspace/projects/jarde/openspec/evidence/raw-receiver-field-selection-2026-10-09/jdk8/no-debug/input/ShadowMethodT.jar --class ShadowMethodT --policy plain-jar --release 8 --format text
jdk8/no-debug/ShadowMethodT/jarde-source-header	0	nonempty self-describing source header
jdk8/no-debug/ShadowMethodT/original-javac	0	/Library/Java/JavaVirtualMachines/corretto-1.8.0_432/Contents/Home/bin/javac -source 8 -target 8 -g:none -d /var/folders/gm/lzn3ylzx4lz7mx29lftngdz40000gn/T/jarde-raw-receiver-wrm9kkf_/original-run /Users/lordcasser/workspace/projects/jarde/openspec/evidence/raw-receiver-field-selection-2026-10-09/source/ShadowMethodT.java /Users/lordcasser/workspace/projects/jarde/openspec/evidence/raw-receiver-field-selection-2026-10-09/source/ReceiverProbe.java
jdk8/no-debug/ShadowMethodT/original-verify-run	0	/Library/Java/JavaVirtualMachines/corretto-1.8.0_432/Contents/Home/bin/java -Xverify:all -cp /var/folders/gm/lzn3ylzx4lz7mx29lftngdz40000gn/T/jarde-raw-receiver-wrm9kkf_/original-run ReceiverProbe ShadowMethodT
jdk8/no-debug/ShadowMethodT/jarde-javac	0	/Library/Java/JavaVirtualMachines/corretto-1.8.0_432/Contents/Home/bin/javac -source 8 -target 8 -g:none -d /var/folders/gm/lzn3ylzx4lz7mx29lftngdz40000gn/T/jarde-raw-receiver-wrm9kkf_/jarde-run /Users/lordcasser/workspace/projects/jarde/openspec/evidence/raw-receiver-field-selection-2026-10-09/jdk8/no-debug/jarde/ShadowMethodT.java /Users/lordcasser/workspace/projects/jarde/openspec/evidence/raw-receiver-field-selection-2026-10-09/source/ReceiverProbe.java
jdk8/no-debug/ShadowMethodT/jarde-verify-run	0	/Library/Java/JavaVirtualMachines/corretto-1.8.0_432/Contents/Home/bin/java -Xverify:all -cp /var/folders/gm/lzn3ylzx4lz7mx29lftngdz40000gn/T/jarde-raw-receiver-wrm9kkf_/jarde-run ReceiverProbe ShadowMethodT
jdk8/no-debug/ShadowMethodT/jadx-cli	0	/Users/lordcasser/workspace/testzone/jadx/jadx-cli/build/install/jadx/bin/jadx --no-res --single-class ShadowMethodT -d /Users/lordcasser/workspace/projects/jarde/openspec/evidence/raw-receiver-field-selection-2026-10-09/jdk8/no-debug/jadx/ShadowMethodT /Users/lordcasser/workspace/projects/jarde/openspec/evidence/raw-receiver-field-selection-2026-10-09/jdk8/no-debug/input/ShadowMethodT.jar
jdk8/no-debug/ShadowMethodT/jadx-javac	0	/Library/Java/JavaVirtualMachines/corretto-1.8.0_432/Contents/Home/bin/javac -source 8 -target 8 -g:none -d /var/folders/gm/lzn3ylzx4lz7mx29lftngdz40000gn/T/jarde-raw-receiver-wrm9kkf_/jadx-run /Users/lordcasser/workspace/projects/jarde/openspec/evidence/raw-receiver-field-selection-2026-10-09/jdk8/no-debug/jadx/ShadowMethodT.java /Users/lordcasser/workspace/projects/jarde/openspec/evidence/raw-receiver-field-selection-2026-10-09/source/ReceiverProbe.java
jdk8/no-debug/ShadowMethodT/jadx-verify-run	0	/Library/Java/JavaVirtualMachines/corretto-1.8.0_432/Contents/Home/bin/java -Xverify:all -cp /var/folders/gm/lzn3ylzx4lz7mx29lftngdz40000gn/T/jarde-raw-receiver-wrm9kkf_/jadx-run ReceiverProbe defpackage.ShadowMethodT
jdk8/no-debug/ShadowMethodT/jadx-source-header	0	nonempty class source
jdk8/debug/DirectInstanceRawParam/original-javac	0	/Library/Java/JavaVirtualMachines/corretto-1.8.0_432/Contents/Home/bin/javac -source 8 -target 8 -g -d /var/folders/gm/lzn3ylzx4lz7mx29lftngdz40000gn/T/jarde-raw-receiver-b41u1a44/original /Users/lordcasser/workspace/projects/jarde/openspec/evidence/raw-receiver-field-selection-2026-10-09/source/DirectInstanceRawParam.java
jdk8/debug/DirectInstanceRawParam/jar	0	/Library/Java/JavaVirtualMachines/corretto-1.8.0_432/Contents/Home/bin/jar cfM /Users/lordcasser/workspace/projects/jarde/openspec/evidence/raw-receiver-field-selection-2026-10-09/jdk8/debug/input/DirectInstanceRawParam.jar -C /var/folders/gm/lzn3ylzx4lz7mx29lftngdz40000gn/T/jarde-raw-receiver-b41u1a44/original DirectInstanceRawParam.class
jdk8/debug/DirectInstanceRawParam/jar-contents	0	/Library/Java/JavaVirtualMachines/corretto-1.8.0_432/Contents/Home/bin/jar tf /Users/lordcasser/workspace/projects/jarde/openspec/evidence/raw-receiver-field-selection-2026-10-09/jdk8/debug/input/DirectInstanceRawParam.jar
jdk8/debug/DirectInstanceRawParam/javap	0	/Library/Java/JavaVirtualMachines/corretto-1.8.0_432/Contents/Home/bin/javap -p -c -s -v -classpath /Users/lordcasser/workspace/projects/jarde/openspec/evidence/raw-receiver-field-selection-2026-10-09/jdk8/debug/input/DirectInstanceRawParam.jar DirectInstanceRawParam
jdk8/debug/DirectInstanceRawParam/jarde-cli	0	/private/tmp/jarde-class-ctor-final-cli class-source --input /Users/lordcasser/workspace/projects/jarde/openspec/evidence/raw-receiver-field-selection-2026-10-09/jdk8/debug/input/DirectInstanceRawParam.jar --class DirectInstanceRawParam --policy plain-jar --release 8 --format text
jdk8/debug/DirectInstanceRawParam/jarde-source-header	0	nonempty self-describing source header
jdk8/debug/DirectInstanceRawParam/original-javac	0	/Library/Java/JavaVirtualMachines/corretto-1.8.0_432/Contents/Home/bin/javac -source 8 -target 8 -g -d /var/folders/gm/lzn3ylzx4lz7mx29lftngdz40000gn/T/jarde-raw-receiver-b41u1a44/original-run /Users/lordcasser/workspace/projects/jarde/openspec/evidence/raw-receiver-field-selection-2026-10-09/source/DirectInstanceRawParam.java /Users/lordcasser/workspace/projects/jarde/openspec/evidence/raw-receiver-field-selection-2026-10-09/source/ReceiverProbe.java
jdk8/debug/DirectInstanceRawParam/original-verify-run	0	/Library/Java/JavaVirtualMachines/corretto-1.8.0_432/Contents/Home/bin/java -Xverify:all -cp /var/folders/gm/lzn3ylzx4lz7mx29lftngdz40000gn/T/jarde-raw-receiver-b41u1a44/original-run ReceiverProbe DirectInstanceRawParam
jdk8/debug/DirectInstanceRawParam/jarde-javac	0	/Library/Java/JavaVirtualMachines/corretto-1.8.0_432/Contents/Home/bin/javac -source 8 -target 8 -g -d /var/folders/gm/lzn3ylzx4lz7mx29lftngdz40000gn/T/jarde-raw-receiver-b41u1a44/jarde-run /Users/lordcasser/workspace/projects/jarde/openspec/evidence/raw-receiver-field-selection-2026-10-09/jdk8/debug/jarde/DirectInstanceRawParam.java /Users/lordcasser/workspace/projects/jarde/openspec/evidence/raw-receiver-field-selection-2026-10-09/source/ReceiverProbe.java
jdk8/debug/DirectInstanceRawParam/jarde-verify-run	0	/Library/Java/JavaVirtualMachines/corretto-1.8.0_432/Contents/Home/bin/java -Xverify:all -cp /var/folders/gm/lzn3ylzx4lz7mx29lftngdz40000gn/T/jarde-raw-receiver-b41u1a44/jarde-run ReceiverProbe DirectInstanceRawParam
jdk8/debug/DirectInstanceRawParam/jadx-cli	0	/Users/lordcasser/workspace/testzone/jadx/jadx-cli/build/install/jadx/bin/jadx --no-res --single-class DirectInstanceRawParam -d /Users/lordcasser/workspace/projects/jarde/openspec/evidence/raw-receiver-field-selection-2026-10-09/jdk8/debug/jadx/DirectInstanceRawParam /Users/lordcasser/workspace/projects/jarde/openspec/evidence/raw-receiver-field-selection-2026-10-09/jdk8/debug/input/DirectInstanceRawParam.jar
jdk8/debug/DirectInstanceRawParam/jadx-javac	0	/Library/Java/JavaVirtualMachines/corretto-1.8.0_432/Contents/Home/bin/javac -source 8 -target 8 -g -d /var/folders/gm/lzn3ylzx4lz7mx29lftngdz40000gn/T/jarde-raw-receiver-b41u1a44/jadx-run /Users/lordcasser/workspace/projects/jarde/openspec/evidence/raw-receiver-field-selection-2026-10-09/jdk8/debug/jadx/DirectInstanceRawParam.java /Users/lordcasser/workspace/projects/jarde/openspec/evidence/raw-receiver-field-selection-2026-10-09/source/ReceiverProbe.java
jdk8/debug/DirectInstanceRawParam/jadx-verify-run	0	/Library/Java/JavaVirtualMachines/corretto-1.8.0_432/Contents/Home/bin/java -Xverify:all -cp /var/folders/gm/lzn3ylzx4lz7mx29lftngdz40000gn/T/jarde-raw-receiver-b41u1a44/jadx-run ReceiverProbe defpackage.DirectInstanceRawParam
jdk8/debug/DirectInstanceRawParam/jadx-source-header	0	nonempty class source
jdk8/no-debug/DirectInstanceRawParam/original-javac	0	/Library/Java/JavaVirtualMachines/corretto-1.8.0_432/Contents/Home/bin/javac -source 8 -target 8 -g:none -d /var/folders/gm/lzn3ylzx4lz7mx29lftngdz40000gn/T/jarde-raw-receiver-qg8pqpf1/original /Users/lordcasser/workspace/projects/jarde/openspec/evidence/raw-receiver-field-selection-2026-10-09/source/DirectInstanceRawParam.java
jdk8/no-debug/DirectInstanceRawParam/jar	0	/Library/Java/JavaVirtualMachines/corretto-1.8.0_432/Contents/Home/bin/jar cfM /Users/lordcasser/workspace/projects/jarde/openspec/evidence/raw-receiver-field-selection-2026-10-09/jdk8/no-debug/input/DirectInstanceRawParam.jar -C /var/folders/gm/lzn3ylzx4lz7mx29lftngdz40000gn/T/jarde-raw-receiver-qg8pqpf1/original DirectInstanceRawParam.class
jdk8/no-debug/DirectInstanceRawParam/jar-contents	0	/Library/Java/JavaVirtualMachines/corretto-1.8.0_432/Contents/Home/bin/jar tf /Users/lordcasser/workspace/projects/jarde/openspec/evidence/raw-receiver-field-selection-2026-10-09/jdk8/no-debug/input/DirectInstanceRawParam.jar
jdk8/no-debug/DirectInstanceRawParam/javap	0	/Library/Java/JavaVirtualMachines/corretto-1.8.0_432/Contents/Home/bin/javap -p -c -s -v -classpath /Users/lordcasser/workspace/projects/jarde/openspec/evidence/raw-receiver-field-selection-2026-10-09/jdk8/no-debug/input/DirectInstanceRawParam.jar DirectInstanceRawParam
jdk8/no-debug/DirectInstanceRawParam/jarde-cli	0	/private/tmp/jarde-class-ctor-final-cli class-source --input /Users/lordcasser/workspace/projects/jarde/openspec/evidence/raw-receiver-field-selection-2026-10-09/jdk8/no-debug/input/DirectInstanceRawParam.jar --class DirectInstanceRawParam --policy plain-jar --release 8 --format text
jdk8/no-debug/DirectInstanceRawParam/jarde-source-header	0	nonempty self-describing source header
jdk8/no-debug/DirectInstanceRawParam/original-javac	0	/Library/Java/JavaVirtualMachines/corretto-1.8.0_432/Contents/Home/bin/javac -source 8 -target 8 -g:none -d /var/folders/gm/lzn3ylzx4lz7mx29lftngdz40000gn/T/jarde-raw-receiver-qg8pqpf1/original-run /Users/lordcasser/workspace/projects/jarde/openspec/evidence/raw-receiver-field-selection-2026-10-09/source/DirectInstanceRawParam.java /Users/lordcasser/workspace/projects/jarde/openspec/evidence/raw-receiver-field-selection-2026-10-09/source/ReceiverProbe.java
jdk8/no-debug/DirectInstanceRawParam/original-verify-run	0	/Library/Java/JavaVirtualMachines/corretto-1.8.0_432/Contents/Home/bin/java -Xverify:all -cp /var/folders/gm/lzn3ylzx4lz7mx29lftngdz40000gn/T/jarde-raw-receiver-qg8pqpf1/original-run ReceiverProbe DirectInstanceRawParam
jdk8/no-debug/DirectInstanceRawParam/jarde-javac	0	/Library/Java/JavaVirtualMachines/corretto-1.8.0_432/Contents/Home/bin/javac -source 8 -target 8 -g:none -d /var/folders/gm/lzn3ylzx4lz7mx29lftngdz40000gn/T/jarde-raw-receiver-qg8pqpf1/jarde-run /Users/lordcasser/workspace/projects/jarde/openspec/evidence/raw-receiver-field-selection-2026-10-09/jdk8/no-debug/jarde/DirectInstanceRawParam.java /Users/lordcasser/workspace/projects/jarde/openspec/evidence/raw-receiver-field-selection-2026-10-09/source/ReceiverProbe.java
jdk8/no-debug/DirectInstanceRawParam/jarde-verify-run	0	/Library/Java/JavaVirtualMachines/corretto-1.8.0_432/Contents/Home/bin/java -Xverify:all -cp /var/folders/gm/lzn3ylzx4lz7mx29lftngdz40000gn/T/jarde-raw-receiver-qg8pqpf1/jarde-run ReceiverProbe DirectInstanceRawParam
jdk8/no-debug/DirectInstanceRawParam/jadx-cli	0	/Users/lordcasser/workspace/testzone/jadx/jadx-cli/build/install/jadx/bin/jadx --no-res --single-class DirectInstanceRawParam -d /Users/lordcasser/workspace/projects/jarde/openspec/evidence/raw-receiver-field-selection-2026-10-09/jdk8/no-debug/jadx/DirectInstanceRawParam /Users/lordcasser/workspace/projects/jarde/openspec/evidence/raw-receiver-field-selection-2026-10-09/jdk8/no-debug/input/DirectInstanceRawParam.jar
jdk8/no-debug/DirectInstanceRawParam/jadx-javac	0	/Library/Java/JavaVirtualMachines/corretto-1.8.0_432/Contents/Home/bin/javac -source 8 -target 8 -g:none -d /var/folders/gm/lzn3ylzx4lz7mx29lftngdz40000gn/T/jarde-raw-receiver-qg8pqpf1/jadx-run /Users/lordcasser/workspace/projects/jarde/openspec/evidence/raw-receiver-field-selection-2026-10-09/jdk8/no-debug/jadx/DirectInstanceRawParam.java /Users/lordcasser/workspace/projects/jarde/openspec/evidence/raw-receiver-field-selection-2026-10-09/source/ReceiverProbe.java
jdk8/no-debug/DirectInstanceRawParam/jadx-verify-run	0	/Library/Java/JavaVirtualMachines/corretto-1.8.0_432/Contents/Home/bin/java -Xverify:all -cp /var/folders/gm/lzn3ylzx4lz7mx29lftngdz40000gn/T/jarde-raw-receiver-qg8pqpf1/jadx-run ReceiverProbe defpackage.DirectInstanceRawParam
jdk8/no-debug/DirectInstanceRawParam/jadx-source-header	0	nonempty class source
jdk8/debug/WideRawParam/original-javac	0	/Library/Java/JavaVirtualMachines/corretto-1.8.0_432/Contents/Home/bin/javac -source 8 -target 8 -g -d /var/folders/gm/lzn3ylzx4lz7mx29lftngdz40000gn/T/jarde-raw-receiver-abrow5vd/original /Users/lordcasser/workspace/projects/jarde/openspec/evidence/raw-receiver-field-selection-2026-10-09/source/WideRawParam.java
jdk8/debug/WideRawParam/jar	0	/Library/Java/JavaVirtualMachines/corretto-1.8.0_432/Contents/Home/bin/jar cfM /Users/lordcasser/workspace/projects/jarde/openspec/evidence/raw-receiver-field-selection-2026-10-09/jdk8/debug/input/WideRawParam.jar -C /var/folders/gm/lzn3ylzx4lz7mx29lftngdz40000gn/T/jarde-raw-receiver-abrow5vd/original WideRawParam.class
jdk8/debug/WideRawParam/jar-contents	0	/Library/Java/JavaVirtualMachines/corretto-1.8.0_432/Contents/Home/bin/jar tf /Users/lordcasser/workspace/projects/jarde/openspec/evidence/raw-receiver-field-selection-2026-10-09/jdk8/debug/input/WideRawParam.jar
jdk8/debug/WideRawParam/javap	0	/Library/Java/JavaVirtualMachines/corretto-1.8.0_432/Contents/Home/bin/javap -p -c -s -v -classpath /Users/lordcasser/workspace/projects/jarde/openspec/evidence/raw-receiver-field-selection-2026-10-09/jdk8/debug/input/WideRawParam.jar WideRawParam
jdk8/debug/WideRawParam/jarde-cli	0	/private/tmp/jarde-class-ctor-final-cli class-source --input /Users/lordcasser/workspace/projects/jarde/openspec/evidence/raw-receiver-field-selection-2026-10-09/jdk8/debug/input/WideRawParam.jar --class WideRawParam --policy plain-jar --release 8 --format text
jdk8/debug/WideRawParam/jarde-source-header	0	nonempty self-describing source header
jdk8/debug/WideRawParam/original-javac	0	/Library/Java/JavaVirtualMachines/corretto-1.8.0_432/Contents/Home/bin/javac -source 8 -target 8 -g -d /var/folders/gm/lzn3ylzx4lz7mx29lftngdz40000gn/T/jarde-raw-receiver-abrow5vd/original-run /Users/lordcasser/workspace/projects/jarde/openspec/evidence/raw-receiver-field-selection-2026-10-09/source/WideRawParam.java /Users/lordcasser/workspace/projects/jarde/openspec/evidence/raw-receiver-field-selection-2026-10-09/source/ReceiverProbe.java
jdk8/debug/WideRawParam/original-verify-run	0	/Library/Java/JavaVirtualMachines/corretto-1.8.0_432/Contents/Home/bin/java -Xverify:all -cp /var/folders/gm/lzn3ylzx4lz7mx29lftngdz40000gn/T/jarde-raw-receiver-abrow5vd/original-run ReceiverProbe WideRawParam
jdk8/debug/WideRawParam/jarde-javac	0	/Library/Java/JavaVirtualMachines/corretto-1.8.0_432/Contents/Home/bin/javac -source 8 -target 8 -g -d /var/folders/gm/lzn3ylzx4lz7mx29lftngdz40000gn/T/jarde-raw-receiver-abrow5vd/jarde-run /Users/lordcasser/workspace/projects/jarde/openspec/evidence/raw-receiver-field-selection-2026-10-09/jdk8/debug/jarde/WideRawParam.java /Users/lordcasser/workspace/projects/jarde/openspec/evidence/raw-receiver-field-selection-2026-10-09/source/ReceiverProbe.java
jdk8/debug/WideRawParam/jarde-verify-run	0	/Library/Java/JavaVirtualMachines/corretto-1.8.0_432/Contents/Home/bin/java -Xverify:all -cp /var/folders/gm/lzn3ylzx4lz7mx29lftngdz40000gn/T/jarde-raw-receiver-abrow5vd/jarde-run ReceiverProbe WideRawParam
jdk8/debug/WideRawParam/jadx-cli	0	/Users/lordcasser/workspace/testzone/jadx/jadx-cli/build/install/jadx/bin/jadx --no-res --single-class WideRawParam -d /Users/lordcasser/workspace/projects/jarde/openspec/evidence/raw-receiver-field-selection-2026-10-09/jdk8/debug/jadx/WideRawParam /Users/lordcasser/workspace/projects/jarde/openspec/evidence/raw-receiver-field-selection-2026-10-09/jdk8/debug/input/WideRawParam.jar
jdk8/debug/WideRawParam/jadx-javac	0	/Library/Java/JavaVirtualMachines/corretto-1.8.0_432/Contents/Home/bin/javac -source 8 -target 8 -g -d /var/folders/gm/lzn3ylzx4lz7mx29lftngdz40000gn/T/jarde-raw-receiver-abrow5vd/jadx-run /Users/lordcasser/workspace/projects/jarde/openspec/evidence/raw-receiver-field-selection-2026-10-09/jdk8/debug/jadx/WideRawParam.java /Users/lordcasser/workspace/projects/jarde/openspec/evidence/raw-receiver-field-selection-2026-10-09/source/ReceiverProbe.java
jdk8/debug/WideRawParam/jadx-verify-run	0	/Library/Java/JavaVirtualMachines/corretto-1.8.0_432/Contents/Home/bin/java -Xverify:all -cp /var/folders/gm/lzn3ylzx4lz7mx29lftngdz40000gn/T/jarde-raw-receiver-abrow5vd/jadx-run ReceiverProbe defpackage.WideRawParam
jdk8/debug/WideRawParam/jadx-source-header	0	nonempty class source
jdk8/no-debug/WideRawParam/original-javac	0	/Library/Java/JavaVirtualMachines/corretto-1.8.0_432/Contents/Home/bin/javac -source 8 -target 8 -g:none -d /var/folders/gm/lzn3ylzx4lz7mx29lftngdz40000gn/T/jarde-raw-receiver-e_dszlxc/original /Users/lordcasser/workspace/projects/jarde/openspec/evidence/raw-receiver-field-selection-2026-10-09/source/WideRawParam.java
jdk8/no-debug/WideRawParam/jar	0	/Library/Java/JavaVirtualMachines/corretto-1.8.0_432/Contents/Home/bin/jar cfM /Users/lordcasser/workspace/projects/jarde/openspec/evidence/raw-receiver-field-selection-2026-10-09/jdk8/no-debug/input/WideRawParam.jar -C /var/folders/gm/lzn3ylzx4lz7mx29lftngdz40000gn/T/jarde-raw-receiver-e_dszlxc/original WideRawParam.class
jdk8/no-debug/WideRawParam/jar-contents	0	/Library/Java/JavaVirtualMachines/corretto-1.8.0_432/Contents/Home/bin/jar tf /Users/lordcasser/workspace/projects/jarde/openspec/evidence/raw-receiver-field-selection-2026-10-09/jdk8/no-debug/input/WideRawParam.jar
jdk8/no-debug/WideRawParam/javap	0	/Library/Java/JavaVirtualMachines/corretto-1.8.0_432/Contents/Home/bin/javap -p -c -s -v -classpath /Users/lordcasser/workspace/projects/jarde/openspec/evidence/raw-receiver-field-selection-2026-10-09/jdk8/no-debug/input/WideRawParam.jar WideRawParam
jdk8/no-debug/WideRawParam/jarde-cli	0	/private/tmp/jarde-class-ctor-final-cli class-source --input /Users/lordcasser/workspace/projects/jarde/openspec/evidence/raw-receiver-field-selection-2026-10-09/jdk8/no-debug/input/WideRawParam.jar --class WideRawParam --policy plain-jar --release 8 --format text
jdk8/no-debug/WideRawParam/jarde-source-header	0	nonempty self-describing source header
jdk8/no-debug/WideRawParam/original-javac	0	/Library/Java/JavaVirtualMachines/corretto-1.8.0_432/Contents/Home/bin/javac -source 8 -target 8 -g:none -d /var/folders/gm/lzn3ylzx4lz7mx29lftngdz40000gn/T/jarde-raw-receiver-e_dszlxc/original-run /Users/lordcasser/workspace/projects/jarde/openspec/evidence/raw-receiver-field-selection-2026-10-09/source/WideRawParam.java /Users/lordcasser/workspace/projects/jarde/openspec/evidence/raw-receiver-field-selection-2026-10-09/source/ReceiverProbe.java
jdk8/no-debug/WideRawParam/original-verify-run	0	/Library/Java/JavaVirtualMachines/corretto-1.8.0_432/Contents/Home/bin/java -Xverify:all -cp /var/folders/gm/lzn3ylzx4lz7mx29lftngdz40000gn/T/jarde-raw-receiver-e_dszlxc/original-run ReceiverProbe WideRawParam
jdk8/no-debug/WideRawParam/jarde-javac	0	/Library/Java/JavaVirtualMachines/corretto-1.8.0_432/Contents/Home/bin/javac -source 8 -target 8 -g:none -d /var/folders/gm/lzn3ylzx4lz7mx29lftngdz40000gn/T/jarde-raw-receiver-e_dszlxc/jarde-run /Users/lordcasser/workspace/projects/jarde/openspec/evidence/raw-receiver-field-selection-2026-10-09/jdk8/no-debug/jarde/WideRawParam.java /Users/lordcasser/workspace/projects/jarde/openspec/evidence/raw-receiver-field-selection-2026-10-09/source/ReceiverProbe.java
jdk8/no-debug/WideRawParam/jarde-verify-run	0	/Library/Java/JavaVirtualMachines/corretto-1.8.0_432/Contents/Home/bin/java -Xverify:all -cp /var/folders/gm/lzn3ylzx4lz7mx29lftngdz40000gn/T/jarde-raw-receiver-e_dszlxc/jarde-run ReceiverProbe WideRawParam
jdk8/no-debug/WideRawParam/jadx-cli	0	/Users/lordcasser/workspace/testzone/jadx/jadx-cli/build/install/jadx/bin/jadx --no-res --single-class WideRawParam -d /Users/lordcasser/workspace/projects/jarde/openspec/evidence/raw-receiver-field-selection-2026-10-09/jdk8/no-debug/jadx/WideRawParam /Users/lordcasser/workspace/projects/jarde/openspec/evidence/raw-receiver-field-selection-2026-10-09/jdk8/no-debug/input/WideRawParam.jar
jdk8/no-debug/WideRawParam/jadx-javac	0	/Library/Java/JavaVirtualMachines/corretto-1.8.0_432/Contents/Home/bin/javac -source 8 -target 8 -g:none -d /var/folders/gm/lzn3ylzx4lz7mx29lftngdz40000gn/T/jarde-raw-receiver-e_dszlxc/jadx-run /Users/lordcasser/workspace/projects/jarde/openspec/evidence/raw-receiver-field-selection-2026-10-09/jdk8/no-debug/jadx/WideRawParam.java /Users/lordcasser/workspace/projects/jarde/openspec/evidence/raw-receiver-field-selection-2026-10-09/source/ReceiverProbe.java
jdk8/no-debug/WideRawParam/jadx-verify-run	0	/Library/Java/JavaVirtualMachines/corretto-1.8.0_432/Contents/Home/bin/java -Xverify:all -cp /var/folders/gm/lzn3ylzx4lz7mx29lftngdz40000gn/T/jarde-raw-receiver-e_dszlxc/jadx-run ReceiverProbe defpackage.WideRawParam
jdk8/no-debug/WideRawParam/jadx-source-header	0	nonempty class source
jdk8/debug/ArrayRawParam/original-javac	0	/Library/Java/JavaVirtualMachines/corretto-1.8.0_432/Contents/Home/bin/javac -source 8 -target 8 -g -d /var/folders/gm/lzn3ylzx4lz7mx29lftngdz40000gn/T/jarde-raw-receiver-q3zsfw9m/original /Users/lordcasser/workspace/projects/jarde/openspec/evidence/raw-receiver-field-selection-2026-10-09/source/ArrayRawParam.java
jdk8/debug/ArrayRawParam/jar	0	/Library/Java/JavaVirtualMachines/corretto-1.8.0_432/Contents/Home/bin/jar cfM /Users/lordcasser/workspace/projects/jarde/openspec/evidence/raw-receiver-field-selection-2026-10-09/jdk8/debug/input/ArrayRawParam.jar -C /var/folders/gm/lzn3ylzx4lz7mx29lftngdz40000gn/T/jarde-raw-receiver-q3zsfw9m/original ArrayRawParam.class
jdk8/debug/ArrayRawParam/jar-contents	0	/Library/Java/JavaVirtualMachines/corretto-1.8.0_432/Contents/Home/bin/jar tf /Users/lordcasser/workspace/projects/jarde/openspec/evidence/raw-receiver-field-selection-2026-10-09/jdk8/debug/input/ArrayRawParam.jar
jdk8/debug/ArrayRawParam/javap	0	/Library/Java/JavaVirtualMachines/corretto-1.8.0_432/Contents/Home/bin/javap -p -c -s -v -classpath /Users/lordcasser/workspace/projects/jarde/openspec/evidence/raw-receiver-field-selection-2026-10-09/jdk8/debug/input/ArrayRawParam.jar ArrayRawParam
jdk8/debug/ArrayRawParam/jarde-cli	0	/private/tmp/jarde-class-ctor-final-cli class-source --input /Users/lordcasser/workspace/projects/jarde/openspec/evidence/raw-receiver-field-selection-2026-10-09/jdk8/debug/input/ArrayRawParam.jar --class ArrayRawParam --policy plain-jar --release 8 --format text
jdk8/debug/ArrayRawParam/jarde-source-header	0	nonempty self-describing source header
jdk8/debug/ArrayRawParam/original-javac	0	/Library/Java/JavaVirtualMachines/corretto-1.8.0_432/Contents/Home/bin/javac -source 8 -target 8 -g -d /var/folders/gm/lzn3ylzx4lz7mx29lftngdz40000gn/T/jarde-raw-receiver-q3zsfw9m/original-run /Users/lordcasser/workspace/projects/jarde/openspec/evidence/raw-receiver-field-selection-2026-10-09/source/ArrayRawParam.java /Users/lordcasser/workspace/projects/jarde/openspec/evidence/raw-receiver-field-selection-2026-10-09/source/ReceiverProbe.java
jdk8/debug/ArrayRawParam/original-verify-run	0	/Library/Java/JavaVirtualMachines/corretto-1.8.0_432/Contents/Home/bin/java -Xverify:all -cp /var/folders/gm/lzn3ylzx4lz7mx29lftngdz40000gn/T/jarde-raw-receiver-q3zsfw9m/original-run ReceiverProbe ArrayRawParam
jdk8/debug/ArrayRawParam/jarde-javac	0	/Library/Java/JavaVirtualMachines/corretto-1.8.0_432/Contents/Home/bin/javac -source 8 -target 8 -g -d /var/folders/gm/lzn3ylzx4lz7mx29lftngdz40000gn/T/jarde-raw-receiver-q3zsfw9m/jarde-run /Users/lordcasser/workspace/projects/jarde/openspec/evidence/raw-receiver-field-selection-2026-10-09/jdk8/debug/jarde/ArrayRawParam.java /Users/lordcasser/workspace/projects/jarde/openspec/evidence/raw-receiver-field-selection-2026-10-09/source/ReceiverProbe.java
jdk8/debug/ArrayRawParam/jarde-verify-run	0	/Library/Java/JavaVirtualMachines/corretto-1.8.0_432/Contents/Home/bin/java -Xverify:all -cp /var/folders/gm/lzn3ylzx4lz7mx29lftngdz40000gn/T/jarde-raw-receiver-q3zsfw9m/jarde-run ReceiverProbe ArrayRawParam
jdk8/debug/ArrayRawParam/jadx-cli	0	/Users/lordcasser/workspace/testzone/jadx/jadx-cli/build/install/jadx/bin/jadx --no-res --single-class ArrayRawParam -d /Users/lordcasser/workspace/projects/jarde/openspec/evidence/raw-receiver-field-selection-2026-10-09/jdk8/debug/jadx/ArrayRawParam /Users/lordcasser/workspace/projects/jarde/openspec/evidence/raw-receiver-field-selection-2026-10-09/jdk8/debug/input/ArrayRawParam.jar
jdk8/debug/ArrayRawParam/jadx-javac	0	/Library/Java/JavaVirtualMachines/corretto-1.8.0_432/Contents/Home/bin/javac -source 8 -target 8 -g -d /var/folders/gm/lzn3ylzx4lz7mx29lftngdz40000gn/T/jarde-raw-receiver-q3zsfw9m/jadx-run /Users/lordcasser/workspace/projects/jarde/openspec/evidence/raw-receiver-field-selection-2026-10-09/jdk8/debug/jadx/ArrayRawParam.java /Users/lordcasser/workspace/projects/jarde/openspec/evidence/raw-receiver-field-selection-2026-10-09/source/ReceiverProbe.java
jdk8/debug/ArrayRawParam/jadx-verify-run	0	/Library/Java/JavaVirtualMachines/corretto-1.8.0_432/Contents/Home/bin/java -Xverify:all -cp /var/folders/gm/lzn3ylzx4lz7mx29lftngdz40000gn/T/jarde-raw-receiver-q3zsfw9m/jadx-run ReceiverProbe defpackage.ArrayRawParam
jdk8/debug/ArrayRawParam/jadx-source-header	0	nonempty class source
jdk8/no-debug/ArrayRawParam/original-javac	0	/Library/Java/JavaVirtualMachines/corretto-1.8.0_432/Contents/Home/bin/javac -source 8 -target 8 -g:none -d /var/folders/gm/lzn3ylzx4lz7mx29lftngdz40000gn/T/jarde-raw-receiver-3hydj5wz/original /Users/lordcasser/workspace/projects/jarde/openspec/evidence/raw-receiver-field-selection-2026-10-09/source/ArrayRawParam.java
jdk8/no-debug/ArrayRawParam/jar	0	/Library/Java/JavaVirtualMachines/corretto-1.8.0_432/Contents/Home/bin/jar cfM /Users/lordcasser/workspace/projects/jarde/openspec/evidence/raw-receiver-field-selection-2026-10-09/jdk8/no-debug/input/ArrayRawParam.jar -C /var/folders/gm/lzn3ylzx4lz7mx29lftngdz40000gn/T/jarde-raw-receiver-3hydj5wz/original ArrayRawParam.class
jdk8/no-debug/ArrayRawParam/jar-contents	0	/Library/Java/JavaVirtualMachines/corretto-1.8.0_432/Contents/Home/bin/jar tf /Users/lordcasser/workspace/projects/jarde/openspec/evidence/raw-receiver-field-selection-2026-10-09/jdk8/no-debug/input/ArrayRawParam.jar
jdk8/no-debug/ArrayRawParam/javap	0	/Library/Java/JavaVirtualMachines/corretto-1.8.0_432/Contents/Home/bin/javap -p -c -s -v -classpath /Users/lordcasser/workspace/projects/jarde/openspec/evidence/raw-receiver-field-selection-2026-10-09/jdk8/no-debug/input/ArrayRawParam.jar ArrayRawParam
jdk8/no-debug/ArrayRawParam/jarde-cli	0	/private/tmp/jarde-class-ctor-final-cli class-source --input /Users/lordcasser/workspace/projects/jarde/openspec/evidence/raw-receiver-field-selection-2026-10-09/jdk8/no-debug/input/ArrayRawParam.jar --class ArrayRawParam --policy plain-jar --release 8 --format text
jdk8/no-debug/ArrayRawParam/jarde-source-header	0	nonempty self-describing source header
jdk8/no-debug/ArrayRawParam/original-javac	0	/Library/Java/JavaVirtualMachines/corretto-1.8.0_432/Contents/Home/bin/javac -source 8 -target 8 -g:none -d /var/folders/gm/lzn3ylzx4lz7mx29lftngdz40000gn/T/jarde-raw-receiver-3hydj5wz/original-run /Users/lordcasser/workspace/projects/jarde/openspec/evidence/raw-receiver-field-selection-2026-10-09/source/ArrayRawParam.java /Users/lordcasser/workspace/projects/jarde/openspec/evidence/raw-receiver-field-selection-2026-10-09/source/ReceiverProbe.java
jdk8/no-debug/ArrayRawParam/original-verify-run	0	/Library/Java/JavaVirtualMachines/corretto-1.8.0_432/Contents/Home/bin/java -Xverify:all -cp /var/folders/gm/lzn3ylzx4lz7mx29lftngdz40000gn/T/jarde-raw-receiver-3hydj5wz/original-run ReceiverProbe ArrayRawParam
jdk8/no-debug/ArrayRawParam/jarde-javac	0	/Library/Java/JavaVirtualMachines/corretto-1.8.0_432/Contents/Home/bin/javac -source 8 -target 8 -g:none -d /var/folders/gm/lzn3ylzx4lz7mx29lftngdz40000gn/T/jarde-raw-receiver-3hydj5wz/jarde-run /Users/lordcasser/workspace/projects/jarde/openspec/evidence/raw-receiver-field-selection-2026-10-09/jdk8/no-debug/jarde/ArrayRawParam.java /Users/lordcasser/workspace/projects/jarde/openspec/evidence/raw-receiver-field-selection-2026-10-09/source/ReceiverProbe.java
jdk8/no-debug/ArrayRawParam/jarde-verify-run	0	/Library/Java/JavaVirtualMachines/corretto-1.8.0_432/Contents/Home/bin/java -Xverify:all -cp /var/folders/gm/lzn3ylzx4lz7mx29lftngdz40000gn/T/jarde-raw-receiver-3hydj5wz/jarde-run ReceiverProbe ArrayRawParam
jdk8/no-debug/ArrayRawParam/jadx-cli	0	/Users/lordcasser/workspace/testzone/jadx/jadx-cli/build/install/jadx/bin/jadx --no-res --single-class ArrayRawParam -d /Users/lordcasser/workspace/projects/jarde/openspec/evidence/raw-receiver-field-selection-2026-10-09/jdk8/no-debug/jadx/ArrayRawParam /Users/lordcasser/workspace/projects/jarde/openspec/evidence/raw-receiver-field-selection-2026-10-09/jdk8/no-debug/input/ArrayRawParam.jar
jdk8/no-debug/ArrayRawParam/jadx-javac	0	/Library/Java/JavaVirtualMachines/corretto-1.8.0_432/Contents/Home/bin/javac -source 8 -target 8 -g:none -d /var/folders/gm/lzn3ylzx4lz7mx29lftngdz40000gn/T/jarde-raw-receiver-3hydj5wz/jadx-run /Users/lordcasser/workspace/projects/jarde/openspec/evidence/raw-receiver-field-selection-2026-10-09/jdk8/no-debug/jadx/ArrayRawParam.java /Users/lordcasser/workspace/projects/jarde/openspec/evidence/raw-receiver-field-selection-2026-10-09/source/ReceiverProbe.java
jdk8/no-debug/ArrayRawParam/jadx-verify-run	0	/Library/Java/JavaVirtualMachines/corretto-1.8.0_432/Contents/Home/bin/java -Xverify:all -cp /var/folders/gm/lzn3ylzx4lz7mx29lftngdz40000gn/T/jarde-raw-receiver-3hydj5wz/jadx-run ReceiverProbe defpackage.ArrayRawParam
jdk8/no-debug/ArrayRawParam/jadx-source-header	0	nonempty class source
jdk8/debug/BoundRawParam/original-javac	0	/Library/Java/JavaVirtualMachines/corretto-1.8.0_432/Contents/Home/bin/javac -source 8 -target 8 -g -d /var/folders/gm/lzn3ylzx4lz7mx29lftngdz40000gn/T/jarde-raw-receiver-jlgomsgb/original /Users/lordcasser/workspace/projects/jarde/openspec/evidence/raw-receiver-field-selection-2026-10-09/source/BoundRawParam.java
jdk8/debug/BoundRawParam/jar	0	/Library/Java/JavaVirtualMachines/corretto-1.8.0_432/Contents/Home/bin/jar cfM /Users/lordcasser/workspace/projects/jarde/openspec/evidence/raw-receiver-field-selection-2026-10-09/jdk8/debug/input/BoundRawParam.jar -C /var/folders/gm/lzn3ylzx4lz7mx29lftngdz40000gn/T/jarde-raw-receiver-jlgomsgb/original BoundRawParam.class
jdk8/debug/BoundRawParam/jar-contents	0	/Library/Java/JavaVirtualMachines/corretto-1.8.0_432/Contents/Home/bin/jar tf /Users/lordcasser/workspace/projects/jarde/openspec/evidence/raw-receiver-field-selection-2026-10-09/jdk8/debug/input/BoundRawParam.jar
jdk8/debug/BoundRawParam/javap	0	/Library/Java/JavaVirtualMachines/corretto-1.8.0_432/Contents/Home/bin/javap -p -c -s -v -classpath /Users/lordcasser/workspace/projects/jarde/openspec/evidence/raw-receiver-field-selection-2026-10-09/jdk8/debug/input/BoundRawParam.jar BoundRawParam
jdk8/debug/BoundRawParam/jarde-cli	0	/private/tmp/jarde-class-ctor-final-cli class-source --input /Users/lordcasser/workspace/projects/jarde/openspec/evidence/raw-receiver-field-selection-2026-10-09/jdk8/debug/input/BoundRawParam.jar --class BoundRawParam --policy plain-jar --release 8 --format text
jdk8/debug/BoundRawParam/jarde-source-header	0	nonempty self-describing source header
jdk8/debug/BoundRawParam/original-javac	0	/Library/Java/JavaVirtualMachines/corretto-1.8.0_432/Contents/Home/bin/javac -source 8 -target 8 -g -d /var/folders/gm/lzn3ylzx4lz7mx29lftngdz40000gn/T/jarde-raw-receiver-jlgomsgb/original-run /Users/lordcasser/workspace/projects/jarde/openspec/evidence/raw-receiver-field-selection-2026-10-09/source/BoundRawParam.java /Users/lordcasser/workspace/projects/jarde/openspec/evidence/raw-receiver-field-selection-2026-10-09/source/ReceiverProbe.java
jdk8/debug/BoundRawParam/original-verify-run	0	/Library/Java/JavaVirtualMachines/corretto-1.8.0_432/Contents/Home/bin/java -Xverify:all -cp /var/folders/gm/lzn3ylzx4lz7mx29lftngdz40000gn/T/jarde-raw-receiver-jlgomsgb/original-run ReceiverProbe BoundRawParam
jdk8/debug/BoundRawParam/jarde-javac	0	/Library/Java/JavaVirtualMachines/corretto-1.8.0_432/Contents/Home/bin/javac -source 8 -target 8 -g -d /var/folders/gm/lzn3ylzx4lz7mx29lftngdz40000gn/T/jarde-raw-receiver-jlgomsgb/jarde-run /Users/lordcasser/workspace/projects/jarde/openspec/evidence/raw-receiver-field-selection-2026-10-09/jdk8/debug/jarde/BoundRawParam.java /Users/lordcasser/workspace/projects/jarde/openspec/evidence/raw-receiver-field-selection-2026-10-09/source/ReceiverProbe.java
jdk8/debug/BoundRawParam/jarde-verify-run	0	/Library/Java/JavaVirtualMachines/corretto-1.8.0_432/Contents/Home/bin/java -Xverify:all -cp /var/folders/gm/lzn3ylzx4lz7mx29lftngdz40000gn/T/jarde-raw-receiver-jlgomsgb/jarde-run ReceiverProbe BoundRawParam
jdk8/debug/BoundRawParam/jadx-cli	0	/Users/lordcasser/workspace/testzone/jadx/jadx-cli/build/install/jadx/bin/jadx --no-res --single-class BoundRawParam -d /Users/lordcasser/workspace/projects/jarde/openspec/evidence/raw-receiver-field-selection-2026-10-09/jdk8/debug/jadx/BoundRawParam /Users/lordcasser/workspace/projects/jarde/openspec/evidence/raw-receiver-field-selection-2026-10-09/jdk8/debug/input/BoundRawParam.jar
jdk8/debug/BoundRawParam/jadx-javac	0	/Library/Java/JavaVirtualMachines/corretto-1.8.0_432/Contents/Home/bin/javac -source 8 -target 8 -g -d /var/folders/gm/lzn3ylzx4lz7mx29lftngdz40000gn/T/jarde-raw-receiver-jlgomsgb/jadx-run /Users/lordcasser/workspace/projects/jarde/openspec/evidence/raw-receiver-field-selection-2026-10-09/jdk8/debug/jadx/BoundRawParam.java /Users/lordcasser/workspace/projects/jarde/openspec/evidence/raw-receiver-field-selection-2026-10-09/source/ReceiverProbe.java
jdk8/debug/BoundRawParam/jadx-verify-run	0	/Library/Java/JavaVirtualMachines/corretto-1.8.0_432/Contents/Home/bin/java -Xverify:all -cp /var/folders/gm/lzn3ylzx4lz7mx29lftngdz40000gn/T/jarde-raw-receiver-jlgomsgb/jadx-run ReceiverProbe defpackage.BoundRawParam
jdk8/debug/BoundRawParam/jadx-source-header	0	nonempty class source
jdk8/no-debug/BoundRawParam/original-javac	0	/Library/Java/JavaVirtualMachines/corretto-1.8.0_432/Contents/Home/bin/javac -source 8 -target 8 -g:none -d /var/folders/gm/lzn3ylzx4lz7mx29lftngdz40000gn/T/jarde-raw-receiver-r328tzll/original /Users/lordcasser/workspace/projects/jarde/openspec/evidence/raw-receiver-field-selection-2026-10-09/source/BoundRawParam.java
jdk8/no-debug/BoundRawParam/jar	0	/Library/Java/JavaVirtualMachines/corretto-1.8.0_432/Contents/Home/bin/jar cfM /Users/lordcasser/workspace/projects/jarde/openspec/evidence/raw-receiver-field-selection-2026-10-09/jdk8/no-debug/input/BoundRawParam.jar -C /var/folders/gm/lzn3ylzx4lz7mx29lftngdz40000gn/T/jarde-raw-receiver-r328tzll/original BoundRawParam.class
jdk8/no-debug/BoundRawParam/jar-contents	0	/Library/Java/JavaVirtualMachines/corretto-1.8.0_432/Contents/Home/bin/jar tf /Users/lordcasser/workspace/projects/jarde/openspec/evidence/raw-receiver-field-selection-2026-10-09/jdk8/no-debug/input/BoundRawParam.jar
jdk8/no-debug/BoundRawParam/javap	0	/Library/Java/JavaVirtualMachines/corretto-1.8.0_432/Contents/Home/bin/javap -p -c -s -v -classpath /Users/lordcasser/workspace/projects/jarde/openspec/evidence/raw-receiver-field-selection-2026-10-09/jdk8/no-debug/input/BoundRawParam.jar BoundRawParam
jdk8/no-debug/BoundRawParam/jarde-cli	0	/private/tmp/jarde-class-ctor-final-cli class-source --input /Users/lordcasser/workspace/projects/jarde/openspec/evidence/raw-receiver-field-selection-2026-10-09/jdk8/no-debug/input/BoundRawParam.jar --class BoundRawParam --policy plain-jar --release 8 --format text
jdk8/no-debug/BoundRawParam/jarde-source-header	0	nonempty self-describing source header
jdk8/no-debug/BoundRawParam/original-javac	0	/Library/Java/JavaVirtualMachines/corretto-1.8.0_432/Contents/Home/bin/javac -source 8 -target 8 -g:none -d /var/folders/gm/lzn3ylzx4lz7mx29lftngdz40000gn/T/jarde-raw-receiver-r328tzll/original-run /Users/lordcasser/workspace/projects/jarde/openspec/evidence/raw-receiver-field-selection-2026-10-09/source/BoundRawParam.java /Users/lordcasser/workspace/projects/jarde/openspec/evidence/raw-receiver-field-selection-2026-10-09/source/ReceiverProbe.java
jdk8/no-debug/BoundRawParam/original-verify-run	0	/Library/Java/JavaVirtualMachines/corretto-1.8.0_432/Contents/Home/bin/java -Xverify:all -cp /var/folders/gm/lzn3ylzx4lz7mx29lftngdz40000gn/T/jarde-raw-receiver-r328tzll/original-run ReceiverProbe BoundRawParam
jdk8/no-debug/BoundRawParam/jarde-javac	0	/Library/Java/JavaVirtualMachines/corretto-1.8.0_432/Contents/Home/bin/javac -source 8 -target 8 -g:none -d /var/folders/gm/lzn3ylzx4lz7mx29lftngdz40000gn/T/jarde-raw-receiver-r328tzll/jarde-run /Users/lordcasser/workspace/projects/jarde/openspec/evidence/raw-receiver-field-selection-2026-10-09/jdk8/no-debug/jarde/BoundRawParam.java /Users/lordcasser/workspace/projects/jarde/openspec/evidence/raw-receiver-field-selection-2026-10-09/source/ReceiverProbe.java
jdk8/no-debug/BoundRawParam/jarde-verify-run	0	/Library/Java/JavaVirtualMachines/corretto-1.8.0_432/Contents/Home/bin/java -Xverify:all -cp /var/folders/gm/lzn3ylzx4lz7mx29lftngdz40000gn/T/jarde-raw-receiver-r328tzll/jarde-run ReceiverProbe BoundRawParam
jdk8/no-debug/BoundRawParam/jadx-cli	0	/Users/lordcasser/workspace/testzone/jadx/jadx-cli/build/install/jadx/bin/jadx --no-res --single-class BoundRawParam -d /Users/lordcasser/workspace/projects/jarde/openspec/evidence/raw-receiver-field-selection-2026-10-09/jdk8/no-debug/jadx/BoundRawParam /Users/lordcasser/workspace/projects/jarde/openspec/evidence/raw-receiver-field-selection-2026-10-09/jdk8/no-debug/input/BoundRawParam.jar
jdk8/no-debug/BoundRawParam/jadx-javac	0	/Library/Java/JavaVirtualMachines/corretto-1.8.0_432/Contents/Home/bin/javac -source 8 -target 8 -g:none -d /var/folders/gm/lzn3ylzx4lz7mx29lftngdz40000gn/T/jarde-raw-receiver-r328tzll/jadx-run /Users/lordcasser/workspace/projects/jarde/openspec/evidence/raw-receiver-field-selection-2026-10-09/jdk8/no-debug/jadx/BoundRawParam.java /Users/lordcasser/workspace/projects/jarde/openspec/evidence/raw-receiver-field-selection-2026-10-09/source/ReceiverProbe.java
jdk8/no-debug/BoundRawParam/jadx-verify-run	0	/Library/Java/JavaVirtualMachines/corretto-1.8.0_432/Contents/Home/bin/java -Xverify:all -cp /var/folders/gm/lzn3ylzx4lz7mx29lftngdz40000gn/T/jarde-raw-receiver-r328tzll/jadx-run ReceiverProbe defpackage.BoundRawParam
jdk8/no-debug/BoundRawParam/jadx-source-header	0	nonempty class source
jdk8/debug/NullRawParam/original-javac	0	/Library/Java/JavaVirtualMachines/corretto-1.8.0_432/Contents/Home/bin/javac -source 8 -target 8 -g -d /var/folders/gm/lzn3ylzx4lz7mx29lftngdz40000gn/T/jarde-raw-receiver-rmyykx0h/original /Users/lordcasser/workspace/projects/jarde/openspec/evidence/raw-receiver-field-selection-2026-10-09/source/NullRawParam.java
jdk8/debug/NullRawParam/jar	0	/Library/Java/JavaVirtualMachines/corretto-1.8.0_432/Contents/Home/bin/jar cfM /Users/lordcasser/workspace/projects/jarde/openspec/evidence/raw-receiver-field-selection-2026-10-09/jdk8/debug/input/NullRawParam.jar -C /var/folders/gm/lzn3ylzx4lz7mx29lftngdz40000gn/T/jarde-raw-receiver-rmyykx0h/original NullRawParam.class
jdk8/debug/NullRawParam/jar-contents	0	/Library/Java/JavaVirtualMachines/corretto-1.8.0_432/Contents/Home/bin/jar tf /Users/lordcasser/workspace/projects/jarde/openspec/evidence/raw-receiver-field-selection-2026-10-09/jdk8/debug/input/NullRawParam.jar
jdk8/debug/NullRawParam/javap	0	/Library/Java/JavaVirtualMachines/corretto-1.8.0_432/Contents/Home/bin/javap -p -c -s -v -classpath /Users/lordcasser/workspace/projects/jarde/openspec/evidence/raw-receiver-field-selection-2026-10-09/jdk8/debug/input/NullRawParam.jar NullRawParam
jdk8/debug/NullRawParam/jarde-cli	0	/private/tmp/jarde-class-ctor-final-cli class-source --input /Users/lordcasser/workspace/projects/jarde/openspec/evidence/raw-receiver-field-selection-2026-10-09/jdk8/debug/input/NullRawParam.jar --class NullRawParam --policy plain-jar --release 8 --format text
jdk8/debug/NullRawParam/jarde-source-header	0	nonempty self-describing source header
jdk8/debug/NullRawParam/original-javac	0	/Library/Java/JavaVirtualMachines/corretto-1.8.0_432/Contents/Home/bin/javac -source 8 -target 8 -g -d /var/folders/gm/lzn3ylzx4lz7mx29lftngdz40000gn/T/jarde-raw-receiver-rmyykx0h/original-run /Users/lordcasser/workspace/projects/jarde/openspec/evidence/raw-receiver-field-selection-2026-10-09/source/NullRawParam.java /Users/lordcasser/workspace/projects/jarde/openspec/evidence/raw-receiver-field-selection-2026-10-09/source/ReceiverProbe.java
jdk8/debug/NullRawParam/original-verify-run	0	/Library/Java/JavaVirtualMachines/corretto-1.8.0_432/Contents/Home/bin/java -Xverify:all -cp /var/folders/gm/lzn3ylzx4lz7mx29lftngdz40000gn/T/jarde-raw-receiver-rmyykx0h/original-run ReceiverProbe NullRawParam
jdk8/debug/NullRawParam/jarde-javac	0	/Library/Java/JavaVirtualMachines/corretto-1.8.0_432/Contents/Home/bin/javac -source 8 -target 8 -g -d /var/folders/gm/lzn3ylzx4lz7mx29lftngdz40000gn/T/jarde-raw-receiver-rmyykx0h/jarde-run /Users/lordcasser/workspace/projects/jarde/openspec/evidence/raw-receiver-field-selection-2026-10-09/jdk8/debug/jarde/NullRawParam.java /Users/lordcasser/workspace/projects/jarde/openspec/evidence/raw-receiver-field-selection-2026-10-09/source/ReceiverProbe.java
jdk8/debug/NullRawParam/jarde-verify-run	0	/Library/Java/JavaVirtualMachines/corretto-1.8.0_432/Contents/Home/bin/java -Xverify:all -cp /var/folders/gm/lzn3ylzx4lz7mx29lftngdz40000gn/T/jarde-raw-receiver-rmyykx0h/jarde-run ReceiverProbe NullRawParam
jdk8/debug/NullRawParam/jadx-cli	0	/Users/lordcasser/workspace/testzone/jadx/jadx-cli/build/install/jadx/bin/jadx --no-res --single-class NullRawParam -d /Users/lordcasser/workspace/projects/jarde/openspec/evidence/raw-receiver-field-selection-2026-10-09/jdk8/debug/jadx/NullRawParam /Users/lordcasser/workspace/projects/jarde/openspec/evidence/raw-receiver-field-selection-2026-10-09/jdk8/debug/input/NullRawParam.jar
jdk8/debug/NullRawParam/jadx-javac	0	/Library/Java/JavaVirtualMachines/corretto-1.8.0_432/Contents/Home/bin/javac -source 8 -target 8 -g -d /var/folders/gm/lzn3ylzx4lz7mx29lftngdz40000gn/T/jarde-raw-receiver-rmyykx0h/jadx-run /Users/lordcasser/workspace/projects/jarde/openspec/evidence/raw-receiver-field-selection-2026-10-09/jdk8/debug/jadx/NullRawParam.java /Users/lordcasser/workspace/projects/jarde/openspec/evidence/raw-receiver-field-selection-2026-10-09/source/ReceiverProbe.java
jdk8/debug/NullRawParam/jadx-verify-run	0	/Library/Java/JavaVirtualMachines/corretto-1.8.0_432/Contents/Home/bin/java -Xverify:all -cp /var/folders/gm/lzn3ylzx4lz7mx29lftngdz40000gn/T/jarde-raw-receiver-rmyykx0h/jadx-run ReceiverProbe defpackage.NullRawParam
jdk8/debug/NullRawParam/jadx-source-header	0	nonempty class source
jdk8/no-debug/NullRawParam/original-javac	0	/Library/Java/JavaVirtualMachines/corretto-1.8.0_432/Contents/Home/bin/javac -source 8 -target 8 -g:none -d /var/folders/gm/lzn3ylzx4lz7mx29lftngdz40000gn/T/jarde-raw-receiver-hgzv8ocv/original /Users/lordcasser/workspace/projects/jarde/openspec/evidence/raw-receiver-field-selection-2026-10-09/source/NullRawParam.java
jdk8/no-debug/NullRawParam/jar	0	/Library/Java/JavaVirtualMachines/corretto-1.8.0_432/Contents/Home/bin/jar cfM /Users/lordcasser/workspace/projects/jarde/openspec/evidence/raw-receiver-field-selection-2026-10-09/jdk8/no-debug/input/NullRawParam.jar -C /var/folders/gm/lzn3ylzx4lz7mx29lftngdz40000gn/T/jarde-raw-receiver-hgzv8ocv/original NullRawParam.class
jdk8/no-debug/NullRawParam/jar-contents	0	/Library/Java/JavaVirtualMachines/corretto-1.8.0_432/Contents/Home/bin/jar tf /Users/lordcasser/workspace/projects/jarde/openspec/evidence/raw-receiver-field-selection-2026-10-09/jdk8/no-debug/input/NullRawParam.jar
jdk8/no-debug/NullRawParam/javap	0	/Library/Java/JavaVirtualMachines/corretto-1.8.0_432/Contents/Home/bin/javap -p -c -s -v -classpath /Users/lordcasser/workspace/projects/jarde/openspec/evidence/raw-receiver-field-selection-2026-10-09/jdk8/no-debug/input/NullRawParam.jar NullRawParam
jdk8/no-debug/NullRawParam/jarde-cli	0	/private/tmp/jarde-class-ctor-final-cli class-source --input /Users/lordcasser/workspace/projects/jarde/openspec/evidence/raw-receiver-field-selection-2026-10-09/jdk8/no-debug/input/NullRawParam.jar --class NullRawParam --policy plain-jar --release 8 --format text
jdk8/no-debug/NullRawParam/jarde-source-header	0	nonempty self-describing source header
jdk8/no-debug/NullRawParam/original-javac	0	/Library/Java/JavaVirtualMachines/corretto-1.8.0_432/Contents/Home/bin/javac -source 8 -target 8 -g:none -d /var/folders/gm/lzn3ylzx4lz7mx29lftngdz40000gn/T/jarde-raw-receiver-hgzv8ocv/original-run /Users/lordcasser/workspace/projects/jarde/openspec/evidence/raw-receiver-field-selection-2026-10-09/source/NullRawParam.java /Users/lordcasser/workspace/projects/jarde/openspec/evidence/raw-receiver-field-selection-2026-10-09/source/ReceiverProbe.java
jdk8/no-debug/NullRawParam/original-verify-run	0	/Library/Java/JavaVirtualMachines/corretto-1.8.0_432/Contents/Home/bin/java -Xverify:all -cp /var/folders/gm/lzn3ylzx4lz7mx29lftngdz40000gn/T/jarde-raw-receiver-hgzv8ocv/original-run ReceiverProbe NullRawParam
jdk8/no-debug/NullRawParam/jarde-javac	0	/Library/Java/JavaVirtualMachines/corretto-1.8.0_432/Contents/Home/bin/javac -source 8 -target 8 -g:none -d /var/folders/gm/lzn3ylzx4lz7mx29lftngdz40000gn/T/jarde-raw-receiver-hgzv8ocv/jarde-run /Users/lordcasser/workspace/projects/jarde/openspec/evidence/raw-receiver-field-selection-2026-10-09/jdk8/no-debug/jarde/NullRawParam.java /Users/lordcasser/workspace/projects/jarde/openspec/evidence/raw-receiver-field-selection-2026-10-09/source/ReceiverProbe.java
jdk8/no-debug/NullRawParam/jarde-verify-run	0	/Library/Java/JavaVirtualMachines/corretto-1.8.0_432/Contents/Home/bin/java -Xverify:all -cp /var/folders/gm/lzn3ylzx4lz7mx29lftngdz40000gn/T/jarde-raw-receiver-hgzv8ocv/jarde-run ReceiverProbe NullRawParam
jdk8/no-debug/NullRawParam/jadx-cli	0	/Users/lordcasser/workspace/testzone/jadx/jadx-cli/build/install/jadx/bin/jadx --no-res --single-class NullRawParam -d /Users/lordcasser/workspace/projects/jarde/openspec/evidence/raw-receiver-field-selection-2026-10-09/jdk8/no-debug/jadx/NullRawParam /Users/lordcasser/workspace/projects/jarde/openspec/evidence/raw-receiver-field-selection-2026-10-09/jdk8/no-debug/input/NullRawParam.jar
jdk8/no-debug/NullRawParam/jadx-javac	0	/Library/Java/JavaVirtualMachines/corretto-1.8.0_432/Contents/Home/bin/javac -source 8 -target 8 -g:none -d /var/folders/gm/lzn3ylzx4lz7mx29lftngdz40000gn/T/jarde-raw-receiver-hgzv8ocv/jadx-run /Users/lordcasser/workspace/projects/jarde/openspec/evidence/raw-receiver-field-selection-2026-10-09/jdk8/no-debug/jadx/NullRawParam.java /Users/lordcasser/workspace/projects/jarde/openspec/evidence/raw-receiver-field-selection-2026-10-09/source/ReceiverProbe.java
jdk8/no-debug/NullRawParam/jadx-verify-run	0	/Library/Java/JavaVirtualMachines/corretto-1.8.0_432/Contents/Home/bin/java -Xverify:all -cp /var/folders/gm/lzn3ylzx4lz7mx29lftngdz40000gn/T/jarde-raw-receiver-hgzv8ocv/jadx-run ReceiverProbe defpackage.NullRawParam
jdk8/no-debug/NullRawParam/jadx-source-header	0	nonempty class source
jdk8/debug/RetainedAliasRawParam/original-javac	0	/Library/Java/JavaVirtualMachines/corretto-1.8.0_432/Contents/Home/bin/javac -source 8 -target 8 -g -d /var/folders/gm/lzn3ylzx4lz7mx29lftngdz40000gn/T/jarde-raw-receiver-spjjihs8/original /Users/lordcasser/workspace/projects/jarde/openspec/evidence/raw-receiver-field-selection-2026-10-09/source/RetainedAliasRawParam.java
jdk8/debug/RetainedAliasRawParam/jar	0	/Library/Java/JavaVirtualMachines/corretto-1.8.0_432/Contents/Home/bin/jar cfM /Users/lordcasser/workspace/projects/jarde/openspec/evidence/raw-receiver-field-selection-2026-10-09/jdk8/debug/input/RetainedAliasRawParam.jar -C /var/folders/gm/lzn3ylzx4lz7mx29lftngdz40000gn/T/jarde-raw-receiver-spjjihs8/original RetainedAliasRawParam.class
jdk8/debug/RetainedAliasRawParam/jar-contents	0	/Library/Java/JavaVirtualMachines/corretto-1.8.0_432/Contents/Home/bin/jar tf /Users/lordcasser/workspace/projects/jarde/openspec/evidence/raw-receiver-field-selection-2026-10-09/jdk8/debug/input/RetainedAliasRawParam.jar
jdk8/debug/RetainedAliasRawParam/javap	0	/Library/Java/JavaVirtualMachines/corretto-1.8.0_432/Contents/Home/bin/javap -p -c -s -v -classpath /Users/lordcasser/workspace/projects/jarde/openspec/evidence/raw-receiver-field-selection-2026-10-09/jdk8/debug/input/RetainedAliasRawParam.jar RetainedAliasRawParam
jdk8/debug/RetainedAliasRawParam/jarde-cli	0	/private/tmp/jarde-class-ctor-final-cli class-source --input /Users/lordcasser/workspace/projects/jarde/openspec/evidence/raw-receiver-field-selection-2026-10-09/jdk8/debug/input/RetainedAliasRawParam.jar --class RetainedAliasRawParam --policy plain-jar --release 8 --format text
jdk8/debug/RetainedAliasRawParam/jarde-source-header	0	nonempty self-describing source header
jdk8/debug/RetainedAliasRawParam/original-javac	0	/Library/Java/JavaVirtualMachines/corretto-1.8.0_432/Contents/Home/bin/javac -source 8 -target 8 -g -d /var/folders/gm/lzn3ylzx4lz7mx29lftngdz40000gn/T/jarde-raw-receiver-spjjihs8/original-run /Users/lordcasser/workspace/projects/jarde/openspec/evidence/raw-receiver-field-selection-2026-10-09/source/RetainedAliasRawParam.java /Users/lordcasser/workspace/projects/jarde/openspec/evidence/raw-receiver-field-selection-2026-10-09/source/ReceiverProbe.java
jdk8/debug/RetainedAliasRawParam/original-verify-run	0	/Library/Java/JavaVirtualMachines/corretto-1.8.0_432/Contents/Home/bin/java -Xverify:all -cp /var/folders/gm/lzn3ylzx4lz7mx29lftngdz40000gn/T/jarde-raw-receiver-spjjihs8/original-run ReceiverProbe RetainedAliasRawParam
jdk8/debug/RetainedAliasRawParam/jarde-javac	0	/Library/Java/JavaVirtualMachines/corretto-1.8.0_432/Contents/Home/bin/javac -source 8 -target 8 -g -d /var/folders/gm/lzn3ylzx4lz7mx29lftngdz40000gn/T/jarde-raw-receiver-spjjihs8/jarde-run /Users/lordcasser/workspace/projects/jarde/openspec/evidence/raw-receiver-field-selection-2026-10-09/jdk8/debug/jarde/RetainedAliasRawParam.java /Users/lordcasser/workspace/projects/jarde/openspec/evidence/raw-receiver-field-selection-2026-10-09/source/ReceiverProbe.java
jdk8/debug/RetainedAliasRawParam/jarde-verify-run	0	/Library/Java/JavaVirtualMachines/corretto-1.8.0_432/Contents/Home/bin/java -Xverify:all -cp /var/folders/gm/lzn3ylzx4lz7mx29lftngdz40000gn/T/jarde-raw-receiver-spjjihs8/jarde-run ReceiverProbe RetainedAliasRawParam
jdk8/debug/RetainedAliasRawParam/jadx-cli	0	/Users/lordcasser/workspace/testzone/jadx/jadx-cli/build/install/jadx/bin/jadx --no-res --single-class RetainedAliasRawParam -d /Users/lordcasser/workspace/projects/jarde/openspec/evidence/raw-receiver-field-selection-2026-10-09/jdk8/debug/jadx/RetainedAliasRawParam /Users/lordcasser/workspace/projects/jarde/openspec/evidence/raw-receiver-field-selection-2026-10-09/jdk8/debug/input/RetainedAliasRawParam.jar
jdk8/debug/RetainedAliasRawParam/jadx-javac	0	/Library/Java/JavaVirtualMachines/corretto-1.8.0_432/Contents/Home/bin/javac -source 8 -target 8 -g -d /var/folders/gm/lzn3ylzx4lz7mx29lftngdz40000gn/T/jarde-raw-receiver-spjjihs8/jadx-run /Users/lordcasser/workspace/projects/jarde/openspec/evidence/raw-receiver-field-selection-2026-10-09/jdk8/debug/jadx/RetainedAliasRawParam.java /Users/lordcasser/workspace/projects/jarde/openspec/evidence/raw-receiver-field-selection-2026-10-09/source/ReceiverProbe.java
jdk8/debug/RetainedAliasRawParam/jadx-verify-run	0	/Library/Java/JavaVirtualMachines/corretto-1.8.0_432/Contents/Home/bin/java -Xverify:all -cp /var/folders/gm/lzn3ylzx4lz7mx29lftngdz40000gn/T/jarde-raw-receiver-spjjihs8/jadx-run ReceiverProbe defpackage.RetainedAliasRawParam
jdk8/debug/RetainedAliasRawParam/jadx-source-header	0	nonempty class source
jdk8/no-debug/RetainedAliasRawParam/original-javac	0	/Library/Java/JavaVirtualMachines/corretto-1.8.0_432/Contents/Home/bin/javac -source 8 -target 8 -g:none -d /var/folders/gm/lzn3ylzx4lz7mx29lftngdz40000gn/T/jarde-raw-receiver-yd5mvzxj/original /Users/lordcasser/workspace/projects/jarde/openspec/evidence/raw-receiver-field-selection-2026-10-09/source/RetainedAliasRawParam.java
jdk8/no-debug/RetainedAliasRawParam/jar	0	/Library/Java/JavaVirtualMachines/corretto-1.8.0_432/Contents/Home/bin/jar cfM /Users/lordcasser/workspace/projects/jarde/openspec/evidence/raw-receiver-field-selection-2026-10-09/jdk8/no-debug/input/RetainedAliasRawParam.jar -C /var/folders/gm/lzn3ylzx4lz7mx29lftngdz40000gn/T/jarde-raw-receiver-yd5mvzxj/original RetainedAliasRawParam.class
jdk8/no-debug/RetainedAliasRawParam/jar-contents	0	/Library/Java/JavaVirtualMachines/corretto-1.8.0_432/Contents/Home/bin/jar tf /Users/lordcasser/workspace/projects/jarde/openspec/evidence/raw-receiver-field-selection-2026-10-09/jdk8/no-debug/input/RetainedAliasRawParam.jar
jdk8/no-debug/RetainedAliasRawParam/javap	0	/Library/Java/JavaVirtualMachines/corretto-1.8.0_432/Contents/Home/bin/javap -p -c -s -v -classpath /Users/lordcasser/workspace/projects/jarde/openspec/evidence/raw-receiver-field-selection-2026-10-09/jdk8/no-debug/input/RetainedAliasRawParam.jar RetainedAliasRawParam
jdk8/no-debug/RetainedAliasRawParam/jarde-cli	0	/private/tmp/jarde-class-ctor-final-cli class-source --input /Users/lordcasser/workspace/projects/jarde/openspec/evidence/raw-receiver-field-selection-2026-10-09/jdk8/no-debug/input/RetainedAliasRawParam.jar --class RetainedAliasRawParam --policy plain-jar --release 8 --format text
jdk8/no-debug/RetainedAliasRawParam/jarde-source-header	0	nonempty self-describing source header
jdk8/no-debug/RetainedAliasRawParam/original-javac	0	/Library/Java/JavaVirtualMachines/corretto-1.8.0_432/Contents/Home/bin/javac -source 8 -target 8 -g:none -d /var/folders/gm/lzn3ylzx4lz7mx29lftngdz40000gn/T/jarde-raw-receiver-yd5mvzxj/original-run /Users/lordcasser/workspace/projects/jarde/openspec/evidence/raw-receiver-field-selection-2026-10-09/source/RetainedAliasRawParam.java /Users/lordcasser/workspace/projects/jarde/openspec/evidence/raw-receiver-field-selection-2026-10-09/source/ReceiverProbe.java
jdk8/no-debug/RetainedAliasRawParam/original-verify-run	0	/Library/Java/JavaVirtualMachines/corretto-1.8.0_432/Contents/Home/bin/java -Xverify:all -cp /var/folders/gm/lzn3ylzx4lz7mx29lftngdz40000gn/T/jarde-raw-receiver-yd5mvzxj/original-run ReceiverProbe RetainedAliasRawParam
jdk8/no-debug/RetainedAliasRawParam/jarde-javac	0	/Library/Java/JavaVirtualMachines/corretto-1.8.0_432/Contents/Home/bin/javac -source 8 -target 8 -g:none -d /var/folders/gm/lzn3ylzx4lz7mx29lftngdz40000gn/T/jarde-raw-receiver-yd5mvzxj/jarde-run /Users/lordcasser/workspace/projects/jarde/openspec/evidence/raw-receiver-field-selection-2026-10-09/jdk8/no-debug/jarde/RetainedAliasRawParam.java /Users/lordcasser/workspace/projects/jarde/openspec/evidence/raw-receiver-field-selection-2026-10-09/source/ReceiverProbe.java
jdk8/no-debug/RetainedAliasRawParam/jarde-verify-run	0	/Library/Java/JavaVirtualMachines/corretto-1.8.0_432/Contents/Home/bin/java -Xverify:all -cp /var/folders/gm/lzn3ylzx4lz7mx29lftngdz40000gn/T/jarde-raw-receiver-yd5mvzxj/jarde-run ReceiverProbe RetainedAliasRawParam
jdk8/no-debug/RetainedAliasRawParam/jadx-cli	0	/Users/lordcasser/workspace/testzone/jadx/jadx-cli/build/install/jadx/bin/jadx --no-res --single-class RetainedAliasRawParam -d /Users/lordcasser/workspace/projects/jarde/openspec/evidence/raw-receiver-field-selection-2026-10-09/jdk8/no-debug/jadx/RetainedAliasRawParam /Users/lordcasser/workspace/projects/jarde/openspec/evidence/raw-receiver-field-selection-2026-10-09/jdk8/no-debug/input/RetainedAliasRawParam.jar
jdk8/no-debug/RetainedAliasRawParam/jadx-javac	0	/Library/Java/JavaVirtualMachines/corretto-1.8.0_432/Contents/Home/bin/javac -source 8 -target 8 -g:none -d /var/folders/gm/lzn3ylzx4lz7mx29lftngdz40000gn/T/jarde-raw-receiver-yd5mvzxj/jadx-run /Users/lordcasser/workspace/projects/jarde/openspec/evidence/raw-receiver-field-selection-2026-10-09/jdk8/no-debug/jadx/RetainedAliasRawParam.java /Users/lordcasser/workspace/projects/jarde/openspec/evidence/raw-receiver-field-selection-2026-10-09/source/ReceiverProbe.java
jdk8/no-debug/RetainedAliasRawParam/jadx-verify-run	0	/Library/Java/JavaVirtualMachines/corretto-1.8.0_432/Contents/Home/bin/java -Xverify:all -cp /var/folders/gm/lzn3ylzx4lz7mx29lftngdz40000gn/T/jarde-raw-receiver-yd5mvzxj/jadx-run ReceiverProbe defpackage.RetainedAliasRawParam
jdk8/no-debug/RetainedAliasRawParam/jadx-source-header	0	nonempty class source
jdk8/debug/MultiFormalRawParam/original-javac	0	/Library/Java/JavaVirtualMachines/corretto-1.8.0_432/Contents/Home/bin/javac -source 8 -target 8 -g -d /var/folders/gm/lzn3ylzx4lz7mx29lftngdz40000gn/T/jarde-raw-receiver-5jbttfra/original /Users/lordcasser/workspace/projects/jarde/openspec/evidence/raw-receiver-field-selection-2026-10-09/source/MultiFormalRawParam.java
jdk8/debug/MultiFormalRawParam/jar	0	/Library/Java/JavaVirtualMachines/corretto-1.8.0_432/Contents/Home/bin/jar cfM /Users/lordcasser/workspace/projects/jarde/openspec/evidence/raw-receiver-field-selection-2026-10-09/jdk8/debug/input/MultiFormalRawParam.jar -C /var/folders/gm/lzn3ylzx4lz7mx29lftngdz40000gn/T/jarde-raw-receiver-5jbttfra/original MultiFormalRawParam.class
jdk8/debug/MultiFormalRawParam/jar-contents	0	/Library/Java/JavaVirtualMachines/corretto-1.8.0_432/Contents/Home/bin/jar tf /Users/lordcasser/workspace/projects/jarde/openspec/evidence/raw-receiver-field-selection-2026-10-09/jdk8/debug/input/MultiFormalRawParam.jar
jdk8/debug/MultiFormalRawParam/javap	0	/Library/Java/JavaVirtualMachines/corretto-1.8.0_432/Contents/Home/bin/javap -p -c -s -v -classpath /Users/lordcasser/workspace/projects/jarde/openspec/evidence/raw-receiver-field-selection-2026-10-09/jdk8/debug/input/MultiFormalRawParam.jar MultiFormalRawParam
jdk8/debug/MultiFormalRawParam/jarde-cli	0	/private/tmp/jarde-class-ctor-final-cli class-source --input /Users/lordcasser/workspace/projects/jarde/openspec/evidence/raw-receiver-field-selection-2026-10-09/jdk8/debug/input/MultiFormalRawParam.jar --class MultiFormalRawParam --policy plain-jar --release 8 --format text
jdk8/debug/MultiFormalRawParam/jarde-source-header	0	nonempty self-describing source header
jdk8/debug/MultiFormalRawParam/original-javac	0	/Library/Java/JavaVirtualMachines/corretto-1.8.0_432/Contents/Home/bin/javac -source 8 -target 8 -g -d /var/folders/gm/lzn3ylzx4lz7mx29lftngdz40000gn/T/jarde-raw-receiver-5jbttfra/original-run /Users/lordcasser/workspace/projects/jarde/openspec/evidence/raw-receiver-field-selection-2026-10-09/source/MultiFormalRawParam.java /Users/lordcasser/workspace/projects/jarde/openspec/evidence/raw-receiver-field-selection-2026-10-09/source/ReceiverProbe.java
jdk8/debug/MultiFormalRawParam/original-verify-run	0	/Library/Java/JavaVirtualMachines/corretto-1.8.0_432/Contents/Home/bin/java -Xverify:all -cp /var/folders/gm/lzn3ylzx4lz7mx29lftngdz40000gn/T/jarde-raw-receiver-5jbttfra/original-run ReceiverProbe MultiFormalRawParam
jdk8/debug/MultiFormalRawParam/jarde-javac	0	/Library/Java/JavaVirtualMachines/corretto-1.8.0_432/Contents/Home/bin/javac -source 8 -target 8 -g -d /var/folders/gm/lzn3ylzx4lz7mx29lftngdz40000gn/T/jarde-raw-receiver-5jbttfra/jarde-run /Users/lordcasser/workspace/projects/jarde/openspec/evidence/raw-receiver-field-selection-2026-10-09/jdk8/debug/jarde/MultiFormalRawParam.java /Users/lordcasser/workspace/projects/jarde/openspec/evidence/raw-receiver-field-selection-2026-10-09/source/ReceiverProbe.java
jdk8/debug/MultiFormalRawParam/jarde-verify-run	0	/Library/Java/JavaVirtualMachines/corretto-1.8.0_432/Contents/Home/bin/java -Xverify:all -cp /var/folders/gm/lzn3ylzx4lz7mx29lftngdz40000gn/T/jarde-raw-receiver-5jbttfra/jarde-run ReceiverProbe MultiFormalRawParam
jdk8/debug/MultiFormalRawParam/jadx-cli	0	/Users/lordcasser/workspace/testzone/jadx/jadx-cli/build/install/jadx/bin/jadx --no-res --single-class MultiFormalRawParam -d /Users/lordcasser/workspace/projects/jarde/openspec/evidence/raw-receiver-field-selection-2026-10-09/jdk8/debug/jadx/MultiFormalRawParam /Users/lordcasser/workspace/projects/jarde/openspec/evidence/raw-receiver-field-selection-2026-10-09/jdk8/debug/input/MultiFormalRawParam.jar
jdk8/debug/MultiFormalRawParam/jadx-javac	0	/Library/Java/JavaVirtualMachines/corretto-1.8.0_432/Contents/Home/bin/javac -source 8 -target 8 -g -d /var/folders/gm/lzn3ylzx4lz7mx29lftngdz40000gn/T/jarde-raw-receiver-5jbttfra/jadx-run /Users/lordcasser/workspace/projects/jarde/openspec/evidence/raw-receiver-field-selection-2026-10-09/jdk8/debug/jadx/MultiFormalRawParam.java /Users/lordcasser/workspace/projects/jarde/openspec/evidence/raw-receiver-field-selection-2026-10-09/source/ReceiverProbe.java
jdk8/debug/MultiFormalRawParam/jadx-verify-run	0	/Library/Java/JavaVirtualMachines/corretto-1.8.0_432/Contents/Home/bin/java -Xverify:all -cp /var/folders/gm/lzn3ylzx4lz7mx29lftngdz40000gn/T/jarde-raw-receiver-5jbttfra/jadx-run ReceiverProbe defpackage.MultiFormalRawParam
jdk8/debug/MultiFormalRawParam/jadx-source-header	0	nonempty class source
jdk8/no-debug/MultiFormalRawParam/original-javac	0	/Library/Java/JavaVirtualMachines/corretto-1.8.0_432/Contents/Home/bin/javac -source 8 -target 8 -g:none -d /var/folders/gm/lzn3ylzx4lz7mx29lftngdz40000gn/T/jarde-raw-receiver-3v2epxna/original /Users/lordcasser/workspace/projects/jarde/openspec/evidence/raw-receiver-field-selection-2026-10-09/source/MultiFormalRawParam.java
jdk8/no-debug/MultiFormalRawParam/jar	0	/Library/Java/JavaVirtualMachines/corretto-1.8.0_432/Contents/Home/bin/jar cfM /Users/lordcasser/workspace/projects/jarde/openspec/evidence/raw-receiver-field-selection-2026-10-09/jdk8/no-debug/input/MultiFormalRawParam.jar -C /var/folders/gm/lzn3ylzx4lz7mx29lftngdz40000gn/T/jarde-raw-receiver-3v2epxna/original MultiFormalRawParam.class
jdk8/no-debug/MultiFormalRawParam/jar-contents	0	/Library/Java/JavaVirtualMachines/corretto-1.8.0_432/Contents/Home/bin/jar tf /Users/lordcasser/workspace/projects/jarde/openspec/evidence/raw-receiver-field-selection-2026-10-09/jdk8/no-debug/input/MultiFormalRawParam.jar
jdk8/no-debug/MultiFormalRawParam/javap	0	/Library/Java/JavaVirtualMachines/corretto-1.8.0_432/Contents/Home/bin/javap -p -c -s -v -classpath /Users/lordcasser/workspace/projects/jarde/openspec/evidence/raw-receiver-field-selection-2026-10-09/jdk8/no-debug/input/MultiFormalRawParam.jar MultiFormalRawParam
jdk8/no-debug/MultiFormalRawParam/jarde-cli	0	/private/tmp/jarde-class-ctor-final-cli class-source --input /Users/lordcasser/workspace/projects/jarde/openspec/evidence/raw-receiver-field-selection-2026-10-09/jdk8/no-debug/input/MultiFormalRawParam.jar --class MultiFormalRawParam --policy plain-jar --release 8 --format text
jdk8/no-debug/MultiFormalRawParam/jarde-source-header	0	nonempty self-describing source header
jdk8/no-debug/MultiFormalRawParam/original-javac	0	/Library/Java/JavaVirtualMachines/corretto-1.8.0_432/Contents/Home/bin/javac -source 8 -target 8 -g:none -d /var/folders/gm/lzn3ylzx4lz7mx29lftngdz40000gn/T/jarde-raw-receiver-3v2epxna/original-run /Users/lordcasser/workspace/projects/jarde/openspec/evidence/raw-receiver-field-selection-2026-10-09/source/MultiFormalRawParam.java /Users/lordcasser/workspace/projects/jarde/openspec/evidence/raw-receiver-field-selection-2026-10-09/source/ReceiverProbe.java
jdk8/no-debug/MultiFormalRawParam/original-verify-run	0	/Library/Java/JavaVirtualMachines/corretto-1.8.0_432/Contents/Home/bin/java -Xverify:all -cp /var/folders/gm/lzn3ylzx4lz7mx29lftngdz40000gn/T/jarde-raw-receiver-3v2epxna/original-run ReceiverProbe MultiFormalRawParam
jdk8/no-debug/MultiFormalRawParam/jarde-javac	0	/Library/Java/JavaVirtualMachines/corretto-1.8.0_432/Contents/Home/bin/javac -source 8 -target 8 -g:none -d /var/folders/gm/lzn3ylzx4lz7mx29lftngdz40000gn/T/jarde-raw-receiver-3v2epxna/jarde-run /Users/lordcasser/workspace/projects/jarde/openspec/evidence/raw-receiver-field-selection-2026-10-09/jdk8/no-debug/jarde/MultiFormalRawParam.java /Users/lordcasser/workspace/projects/jarde/openspec/evidence/raw-receiver-field-selection-2026-10-09/source/ReceiverProbe.java
jdk8/no-debug/MultiFormalRawParam/jarde-verify-run	0	/Library/Java/JavaVirtualMachines/corretto-1.8.0_432/Contents/Home/bin/java -Xverify:all -cp /var/folders/gm/lzn3ylzx4lz7mx29lftngdz40000gn/T/jarde-raw-receiver-3v2epxna/jarde-run ReceiverProbe MultiFormalRawParam
jdk8/no-debug/MultiFormalRawParam/jadx-cli	0	/Users/lordcasser/workspace/testzone/jadx/jadx-cli/build/install/jadx/bin/jadx --no-res --single-class MultiFormalRawParam -d /Users/lordcasser/workspace/projects/jarde/openspec/evidence/raw-receiver-field-selection-2026-10-09/jdk8/no-debug/jadx/MultiFormalRawParam /Users/lordcasser/workspace/projects/jarde/openspec/evidence/raw-receiver-field-selection-2026-10-09/jdk8/no-debug/input/MultiFormalRawParam.jar
jdk8/no-debug/MultiFormalRawParam/jadx-javac	0	/Library/Java/JavaVirtualMachines/corretto-1.8.0_432/Contents/Home/bin/javac -source 8 -target 8 -g:none -d /var/folders/gm/lzn3ylzx4lz7mx29lftngdz40000gn/T/jarde-raw-receiver-3v2epxna/jadx-run /Users/lordcasser/workspace/projects/jarde/openspec/evidence/raw-receiver-field-selection-2026-10-09/jdk8/no-debug/jadx/MultiFormalRawParam.java /Users/lordcasser/workspace/projects/jarde/openspec/evidence/raw-receiver-field-selection-2026-10-09/source/ReceiverProbe.java
jdk8/no-debug/MultiFormalRawParam/jadx-verify-run	0	/Library/Java/JavaVirtualMachines/corretto-1.8.0_432/Contents/Home/bin/java -Xverify:all -cp /var/folders/gm/lzn3ylzx4lz7mx29lftngdz40000gn/T/jarde-raw-receiver-3v2epxna/jadx-run ReceiverProbe defpackage.MultiFormalRawParam
jdk8/no-debug/MultiFormalRawParam/jadx-source-header	0	nonempty class source
jdk8/debug/RawOwnerChild/original-javac	0	/Library/Java/JavaVirtualMachines/corretto-1.8.0_432/Contents/Home/bin/javac -source 8 -target 8 -g -d /var/folders/gm/lzn3ylzx4lz7mx29lftngdz40000gn/T/jarde-raw-receiver-cvj3lbn6/original /Users/lordcasser/workspace/projects/jarde/openspec/evidence/raw-receiver-field-selection-2026-10-09/source/RawOwnerChild.java /Users/lordcasser/workspace/projects/jarde/openspec/evidence/raw-receiver-field-selection-2026-10-09/source/RawOwnerBase.java
jdk8/debug/RawOwnerChild/jar	0	/Library/Java/JavaVirtualMachines/corretto-1.8.0_432/Contents/Home/bin/jar cfM /Users/lordcasser/workspace/projects/jarde/openspec/evidence/raw-receiver-field-selection-2026-10-09/jdk8/debug/input/RawOwnerChild.jar -C /var/folders/gm/lzn3ylzx4lz7mx29lftngdz40000gn/T/jarde-raw-receiver-cvj3lbn6/original RawOwnerChild.class -C /var/folders/gm/lzn3ylzx4lz7mx29lftngdz40000gn/T/jarde-raw-receiver-cvj3lbn6/original RawOwnerBase.class
jdk8/debug/RawOwnerChild/jar-contents	0	/Library/Java/JavaVirtualMachines/corretto-1.8.0_432/Contents/Home/bin/jar tf /Users/lordcasser/workspace/projects/jarde/openspec/evidence/raw-receiver-field-selection-2026-10-09/jdk8/debug/input/RawOwnerChild.jar
jdk8/debug/RawOwnerChild/javap	0	/Library/Java/JavaVirtualMachines/corretto-1.8.0_432/Contents/Home/bin/javap -p -c -s -v -classpath /Users/lordcasser/workspace/projects/jarde/openspec/evidence/raw-receiver-field-selection-2026-10-09/jdk8/debug/input/RawOwnerChild.jar RawOwnerChild
jdk8/debug/RawOwnerChild/jarde-cli	0	/private/tmp/jarde-class-ctor-final-cli class-source --input /Users/lordcasser/workspace/projects/jarde/openspec/evidence/raw-receiver-field-selection-2026-10-09/jdk8/debug/input/RawOwnerChild.jar --class RawOwnerChild --policy plain-jar --release 8 --format text
jdk8/debug/RawOwnerChild/jarde-source-header	0	nonempty self-describing source header
jdk8/debug/RawOwnerChild/original-javac	0	/Library/Java/JavaVirtualMachines/corretto-1.8.0_432/Contents/Home/bin/javac -source 8 -target 8 -g -d /var/folders/gm/lzn3ylzx4lz7mx29lftngdz40000gn/T/jarde-raw-receiver-cvj3lbn6/original-run /Users/lordcasser/workspace/projects/jarde/openspec/evidence/raw-receiver-field-selection-2026-10-09/source/RawOwnerChild.java /Users/lordcasser/workspace/projects/jarde/openspec/evidence/raw-receiver-field-selection-2026-10-09/source/RawOwnerBase.java /Users/lordcasser/workspace/projects/jarde/openspec/evidence/raw-receiver-field-selection-2026-10-09/source/ReceiverProbe.java
jdk8/debug/RawOwnerChild/original-verify-run	0	/Library/Java/JavaVirtualMachines/corretto-1.8.0_432/Contents/Home/bin/java -Xverify:all -cp /var/folders/gm/lzn3ylzx4lz7mx29lftngdz40000gn/T/jarde-raw-receiver-cvj3lbn6/original-run ReceiverProbe RawOwnerChild
jdk8/debug/RawOwnerChild/jarde-javac	0	/Library/Java/JavaVirtualMachines/corretto-1.8.0_432/Contents/Home/bin/javac -source 8 -target 8 -g -d /var/folders/gm/lzn3ylzx4lz7mx29lftngdz40000gn/T/jarde-raw-receiver-cvj3lbn6/jarde-run /Users/lordcasser/workspace/projects/jarde/openspec/evidence/raw-receiver-field-selection-2026-10-09/jdk8/debug/jarde/RawOwnerChild.java /Users/lordcasser/workspace/projects/jarde/openspec/evidence/raw-receiver-field-selection-2026-10-09/source/RawOwnerBase.java /Users/lordcasser/workspace/projects/jarde/openspec/evidence/raw-receiver-field-selection-2026-10-09/source/ReceiverProbe.java
jdk8/debug/RawOwnerChild/jarde-verify-run	0	/Library/Java/JavaVirtualMachines/corretto-1.8.0_432/Contents/Home/bin/java -Xverify:all -cp /var/folders/gm/lzn3ylzx4lz7mx29lftngdz40000gn/T/jarde-raw-receiver-cvj3lbn6/jarde-run ReceiverProbe RawOwnerChild
jdk8/debug/RawOwnerChild/jadx-cli	0	/Users/lordcasser/workspace/testzone/jadx/jadx-cli/build/install/jadx/bin/jadx --no-res -d /Users/lordcasser/workspace/projects/jarde/openspec/evidence/raw-receiver-field-selection-2026-10-09/jdk8/debug/jadx/RawOwnerChild /Users/lordcasser/workspace/projects/jarde/openspec/evidence/raw-receiver-field-selection-2026-10-09/jdk8/debug/input/RawOwnerChild.jar
jdk8/debug/RawOwnerChild/jadx-javac	0	/Library/Java/JavaVirtualMachines/corretto-1.8.0_432/Contents/Home/bin/javac -source 8 -target 8 -g -d /var/folders/gm/lzn3ylzx4lz7mx29lftngdz40000gn/T/jarde-raw-receiver-cvj3lbn6/jadx-run /Users/lordcasser/workspace/projects/jarde/openspec/evidence/raw-receiver-field-selection-2026-10-09/jdk8/debug/jadx/RawOwnerChild/sources/defpackage/RawOwnerBase.java /Users/lordcasser/workspace/projects/jarde/openspec/evidence/raw-receiver-field-selection-2026-10-09/jdk8/debug/jadx/RawOwnerChild/sources/defpackage/RawOwnerChild.java /Users/lordcasser/workspace/projects/jarde/openspec/evidence/raw-receiver-field-selection-2026-10-09/source/ReceiverProbe.java
jdk8/debug/RawOwnerChild/jadx-verify-run	0	/Library/Java/JavaVirtualMachines/corretto-1.8.0_432/Contents/Home/bin/java -Xverify:all -cp /var/folders/gm/lzn3ylzx4lz7mx29lftngdz40000gn/T/jarde-raw-receiver-cvj3lbn6/jadx-run ReceiverProbe defpackage.RawOwnerChild
jdk8/debug/RawOwnerChild/jadx-source-header	0	nonempty class source
jdk8/no-debug/RawOwnerChild/original-javac	0	/Library/Java/JavaVirtualMachines/corretto-1.8.0_432/Contents/Home/bin/javac -source 8 -target 8 -g:none -d /var/folders/gm/lzn3ylzx4lz7mx29lftngdz40000gn/T/jarde-raw-receiver-qmh8csu5/original /Users/lordcasser/workspace/projects/jarde/openspec/evidence/raw-receiver-field-selection-2026-10-09/source/RawOwnerChild.java /Users/lordcasser/workspace/projects/jarde/openspec/evidence/raw-receiver-field-selection-2026-10-09/source/RawOwnerBase.java
jdk8/no-debug/RawOwnerChild/jar	0	/Library/Java/JavaVirtualMachines/corretto-1.8.0_432/Contents/Home/bin/jar cfM /Users/lordcasser/workspace/projects/jarde/openspec/evidence/raw-receiver-field-selection-2026-10-09/jdk8/no-debug/input/RawOwnerChild.jar -C /var/folders/gm/lzn3ylzx4lz7mx29lftngdz40000gn/T/jarde-raw-receiver-qmh8csu5/original RawOwnerChild.class -C /var/folders/gm/lzn3ylzx4lz7mx29lftngdz40000gn/T/jarde-raw-receiver-qmh8csu5/original RawOwnerBase.class
jdk8/no-debug/RawOwnerChild/jar-contents	0	/Library/Java/JavaVirtualMachines/corretto-1.8.0_432/Contents/Home/bin/jar tf /Users/lordcasser/workspace/projects/jarde/openspec/evidence/raw-receiver-field-selection-2026-10-09/jdk8/no-debug/input/RawOwnerChild.jar
jdk8/no-debug/RawOwnerChild/javap	0	/Library/Java/JavaVirtualMachines/corretto-1.8.0_432/Contents/Home/bin/javap -p -c -s -v -classpath /Users/lordcasser/workspace/projects/jarde/openspec/evidence/raw-receiver-field-selection-2026-10-09/jdk8/no-debug/input/RawOwnerChild.jar RawOwnerChild
jdk8/no-debug/RawOwnerChild/jarde-cli	0	/private/tmp/jarde-class-ctor-final-cli class-source --input /Users/lordcasser/workspace/projects/jarde/openspec/evidence/raw-receiver-field-selection-2026-10-09/jdk8/no-debug/input/RawOwnerChild.jar --class RawOwnerChild --policy plain-jar --release 8 --format text
jdk8/no-debug/RawOwnerChild/jarde-source-header	0	nonempty self-describing source header
jdk8/no-debug/RawOwnerChild/original-javac	0	/Library/Java/JavaVirtualMachines/corretto-1.8.0_432/Contents/Home/bin/javac -source 8 -target 8 -g:none -d /var/folders/gm/lzn3ylzx4lz7mx29lftngdz40000gn/T/jarde-raw-receiver-qmh8csu5/original-run /Users/lordcasser/workspace/projects/jarde/openspec/evidence/raw-receiver-field-selection-2026-10-09/source/RawOwnerChild.java /Users/lordcasser/workspace/projects/jarde/openspec/evidence/raw-receiver-field-selection-2026-10-09/source/RawOwnerBase.java /Users/lordcasser/workspace/projects/jarde/openspec/evidence/raw-receiver-field-selection-2026-10-09/source/ReceiverProbe.java
jdk8/no-debug/RawOwnerChild/original-verify-run	0	/Library/Java/JavaVirtualMachines/corretto-1.8.0_432/Contents/Home/bin/java -Xverify:all -cp /var/folders/gm/lzn3ylzx4lz7mx29lftngdz40000gn/T/jarde-raw-receiver-qmh8csu5/original-run ReceiverProbe RawOwnerChild
jdk8/no-debug/RawOwnerChild/jarde-javac	0	/Library/Java/JavaVirtualMachines/corretto-1.8.0_432/Contents/Home/bin/javac -source 8 -target 8 -g:none -d /var/folders/gm/lzn3ylzx4lz7mx29lftngdz40000gn/T/jarde-raw-receiver-qmh8csu5/jarde-run /Users/lordcasser/workspace/projects/jarde/openspec/evidence/raw-receiver-field-selection-2026-10-09/jdk8/no-debug/jarde/RawOwnerChild.java /Users/lordcasser/workspace/projects/jarde/openspec/evidence/raw-receiver-field-selection-2026-10-09/source/RawOwnerBase.java /Users/lordcasser/workspace/projects/jarde/openspec/evidence/raw-receiver-field-selection-2026-10-09/source/ReceiverProbe.java
jdk8/no-debug/RawOwnerChild/jarde-verify-run	0	/Library/Java/JavaVirtualMachines/corretto-1.8.0_432/Contents/Home/bin/java -Xverify:all -cp /var/folders/gm/lzn3ylzx4lz7mx29lftngdz40000gn/T/jarde-raw-receiver-qmh8csu5/jarde-run ReceiverProbe RawOwnerChild
jdk8/no-debug/RawOwnerChild/jadx-cli	0	/Users/lordcasser/workspace/testzone/jadx/jadx-cli/build/install/jadx/bin/jadx --no-res -d /Users/lordcasser/workspace/projects/jarde/openspec/evidence/raw-receiver-field-selection-2026-10-09/jdk8/no-debug/jadx/RawOwnerChild /Users/lordcasser/workspace/projects/jarde/openspec/evidence/raw-receiver-field-selection-2026-10-09/jdk8/no-debug/input/RawOwnerChild.jar
jdk8/no-debug/RawOwnerChild/jadx-javac	0	/Library/Java/JavaVirtualMachines/corretto-1.8.0_432/Contents/Home/bin/javac -source 8 -target 8 -g:none -d /var/folders/gm/lzn3ylzx4lz7mx29lftngdz40000gn/T/jarde-raw-receiver-qmh8csu5/jadx-run /Users/lordcasser/workspace/projects/jarde/openspec/evidence/raw-receiver-field-selection-2026-10-09/jdk8/no-debug/jadx/RawOwnerChild/sources/defpackage/RawOwnerBase.java /Users/lordcasser/workspace/projects/jarde/openspec/evidence/raw-receiver-field-selection-2026-10-09/jdk8/no-debug/jadx/RawOwnerChild/sources/defpackage/RawOwnerChild.java /Users/lordcasser/workspace/projects/jarde/openspec/evidence/raw-receiver-field-selection-2026-10-09/source/ReceiverProbe.java
jdk8/no-debug/RawOwnerChild/jadx-verify-run	0	/Library/Java/JavaVirtualMachines/corretto-1.8.0_432/Contents/Home/bin/java -Xverify:all -cp /var/folders/gm/lzn3ylzx4lz7mx29lftngdz40000gn/T/jarde-raw-receiver-qmh8csu5/jadx-run ReceiverProbe defpackage.RawOwnerChild
jdk8/no-debug/RawOwnerChild/jadx-source-header	0	nonempty class source
jdk23/versions/java-version	0	/Library/Java/JavaVirtualMachines/openjdk-23.0.1/Contents/Home/bin/java -version
jdk23/versions/javac-version	0	/Library/Java/JavaVirtualMachines/openjdk-23.0.1/Contents/Home/bin/javac -version
jdk23/debug/RawParam/original-javac	0	/Library/Java/JavaVirtualMachines/openjdk-23.0.1/Contents/Home/bin/javac --release 8 -g -d /var/folders/gm/lzn3ylzx4lz7mx29lftngdz40000gn/T/jarde-raw-receiver-38aiciwl/original /Users/lordcasser/workspace/projects/jarde/openspec/evidence/raw-receiver-field-selection-2026-10-09/source/RawParam.java
jdk23/debug/RawParam/jar	0	/Library/Java/JavaVirtualMachines/openjdk-23.0.1/Contents/Home/bin/jar cfM /Users/lordcasser/workspace/projects/jarde/openspec/evidence/raw-receiver-field-selection-2026-10-09/jdk23/debug/input/RawParam.jar -C /var/folders/gm/lzn3ylzx4lz7mx29lftngdz40000gn/T/jarde-raw-receiver-38aiciwl/original RawParam.class
jdk23/debug/RawParam/jar-contents	0	/Library/Java/JavaVirtualMachines/openjdk-23.0.1/Contents/Home/bin/jar tf /Users/lordcasser/workspace/projects/jarde/openspec/evidence/raw-receiver-field-selection-2026-10-09/jdk23/debug/input/RawParam.jar
jdk23/debug/RawParam/javap	0	/Library/Java/JavaVirtualMachines/openjdk-23.0.1/Contents/Home/bin/javap -p -c -s -v -classpath /Users/lordcasser/workspace/projects/jarde/openspec/evidence/raw-receiver-field-selection-2026-10-09/jdk23/debug/input/RawParam.jar RawParam
jdk23/debug/RawParam/jarde-cli	0	/private/tmp/jarde-class-ctor-final-cli class-source --input /Users/lordcasser/workspace/projects/jarde/openspec/evidence/raw-receiver-field-selection-2026-10-09/jdk23/debug/input/RawParam.jar --class RawParam --policy plain-jar --release 8 --format text
jdk23/debug/RawParam/jarde-source-header	0	nonempty self-describing source header
jdk23/debug/RawParam/original-javac	0	/Library/Java/JavaVirtualMachines/openjdk-23.0.1/Contents/Home/bin/javac --release 8 -g -d /var/folders/gm/lzn3ylzx4lz7mx29lftngdz40000gn/T/jarde-raw-receiver-38aiciwl/original-run /Users/lordcasser/workspace/projects/jarde/openspec/evidence/raw-receiver-field-selection-2026-10-09/source/RawParam.java /Users/lordcasser/workspace/projects/jarde/openspec/evidence/raw-receiver-field-selection-2026-10-09/source/ReceiverProbe.java
jdk23/debug/RawParam/original-verify-run	0	/Library/Java/JavaVirtualMachines/openjdk-23.0.1/Contents/Home/bin/java -Xverify:all -cp /var/folders/gm/lzn3ylzx4lz7mx29lftngdz40000gn/T/jarde-raw-receiver-38aiciwl/original-run ReceiverProbe RawParam
jdk23/debug/RawParam/jarde-javac	0	/Library/Java/JavaVirtualMachines/openjdk-23.0.1/Contents/Home/bin/javac --release 8 -g -d /var/folders/gm/lzn3ylzx4lz7mx29lftngdz40000gn/T/jarde-raw-receiver-38aiciwl/jarde-run /Users/lordcasser/workspace/projects/jarde/openspec/evidence/raw-receiver-field-selection-2026-10-09/jdk23/debug/jarde/RawParam.java /Users/lordcasser/workspace/projects/jarde/openspec/evidence/raw-receiver-field-selection-2026-10-09/source/ReceiverProbe.java
jdk23/debug/RawParam/jarde-verify-run	0	/Library/Java/JavaVirtualMachines/openjdk-23.0.1/Contents/Home/bin/java -Xverify:all -cp /var/folders/gm/lzn3ylzx4lz7mx29lftngdz40000gn/T/jarde-raw-receiver-38aiciwl/jarde-run ReceiverProbe RawParam
jdk23/debug/RawParam/jadx-cli	0	/Users/lordcasser/workspace/testzone/jadx/jadx-cli/build/install/jadx/bin/jadx --no-res --single-class RawParam -d /Users/lordcasser/workspace/projects/jarde/openspec/evidence/raw-receiver-field-selection-2026-10-09/jdk23/debug/jadx/RawParam /Users/lordcasser/workspace/projects/jarde/openspec/evidence/raw-receiver-field-selection-2026-10-09/jdk23/debug/input/RawParam.jar
jdk23/debug/RawParam/jadx-javac	0	/Library/Java/JavaVirtualMachines/openjdk-23.0.1/Contents/Home/bin/javac --release 8 -g -d /var/folders/gm/lzn3ylzx4lz7mx29lftngdz40000gn/T/jarde-raw-receiver-38aiciwl/jadx-run /Users/lordcasser/workspace/projects/jarde/openspec/evidence/raw-receiver-field-selection-2026-10-09/jdk23/debug/jadx/RawParam.java /Users/lordcasser/workspace/projects/jarde/openspec/evidence/raw-receiver-field-selection-2026-10-09/source/ReceiverProbe.java
jdk23/debug/RawParam/jadx-verify-run	0	/Library/Java/JavaVirtualMachines/openjdk-23.0.1/Contents/Home/bin/java -Xverify:all -cp /var/folders/gm/lzn3ylzx4lz7mx29lftngdz40000gn/T/jarde-raw-receiver-38aiciwl/jadx-run ReceiverProbe defpackage.RawParam
jdk23/debug/RawParam/jadx-source-header	0	nonempty class source
jdk23/no-debug/RawParam/original-javac	0	/Library/Java/JavaVirtualMachines/openjdk-23.0.1/Contents/Home/bin/javac --release 8 -g:none -d /var/folders/gm/lzn3ylzx4lz7mx29lftngdz40000gn/T/jarde-raw-receiver-n9mgzrea/original /Users/lordcasser/workspace/projects/jarde/openspec/evidence/raw-receiver-field-selection-2026-10-09/source/RawParam.java
jdk23/no-debug/RawParam/jar	0	/Library/Java/JavaVirtualMachines/openjdk-23.0.1/Contents/Home/bin/jar cfM /Users/lordcasser/workspace/projects/jarde/openspec/evidence/raw-receiver-field-selection-2026-10-09/jdk23/no-debug/input/RawParam.jar -C /var/folders/gm/lzn3ylzx4lz7mx29lftngdz40000gn/T/jarde-raw-receiver-n9mgzrea/original RawParam.class
jdk23/no-debug/RawParam/jar-contents	0	/Library/Java/JavaVirtualMachines/openjdk-23.0.1/Contents/Home/bin/jar tf /Users/lordcasser/workspace/projects/jarde/openspec/evidence/raw-receiver-field-selection-2026-10-09/jdk23/no-debug/input/RawParam.jar
jdk23/no-debug/RawParam/javap	0	/Library/Java/JavaVirtualMachines/openjdk-23.0.1/Contents/Home/bin/javap -p -c -s -v -classpath /Users/lordcasser/workspace/projects/jarde/openspec/evidence/raw-receiver-field-selection-2026-10-09/jdk23/no-debug/input/RawParam.jar RawParam
jdk23/no-debug/RawParam/jarde-cli	0	/private/tmp/jarde-class-ctor-final-cli class-source --input /Users/lordcasser/workspace/projects/jarde/openspec/evidence/raw-receiver-field-selection-2026-10-09/jdk23/no-debug/input/RawParam.jar --class RawParam --policy plain-jar --release 8 --format text
jdk23/no-debug/RawParam/jarde-source-header	0	nonempty self-describing source header
jdk23/no-debug/RawParam/original-javac	0	/Library/Java/JavaVirtualMachines/openjdk-23.0.1/Contents/Home/bin/javac --release 8 -g:none -d /var/folders/gm/lzn3ylzx4lz7mx29lftngdz40000gn/T/jarde-raw-receiver-n9mgzrea/original-run /Users/lordcasser/workspace/projects/jarde/openspec/evidence/raw-receiver-field-selection-2026-10-09/source/RawParam.java /Users/lordcasser/workspace/projects/jarde/openspec/evidence/raw-receiver-field-selection-2026-10-09/source/ReceiverProbe.java
jdk23/no-debug/RawParam/original-verify-run	0	/Library/Java/JavaVirtualMachines/openjdk-23.0.1/Contents/Home/bin/java -Xverify:all -cp /var/folders/gm/lzn3ylzx4lz7mx29lftngdz40000gn/T/jarde-raw-receiver-n9mgzrea/original-run ReceiverProbe RawParam
jdk23/no-debug/RawParam/jarde-javac	0	/Library/Java/JavaVirtualMachines/openjdk-23.0.1/Contents/Home/bin/javac --release 8 -g:none -d /var/folders/gm/lzn3ylzx4lz7mx29lftngdz40000gn/T/jarde-raw-receiver-n9mgzrea/jarde-run /Users/lordcasser/workspace/projects/jarde/openspec/evidence/raw-receiver-field-selection-2026-10-09/jdk23/no-debug/jarde/RawParam.java /Users/lordcasser/workspace/projects/jarde/openspec/evidence/raw-receiver-field-selection-2026-10-09/source/ReceiverProbe.java
jdk23/no-debug/RawParam/jarde-verify-run	0	/Library/Java/JavaVirtualMachines/openjdk-23.0.1/Contents/Home/bin/java -Xverify:all -cp /var/folders/gm/lzn3ylzx4lz7mx29lftngdz40000gn/T/jarde-raw-receiver-n9mgzrea/jarde-run ReceiverProbe RawParam
jdk23/no-debug/RawParam/jadx-cli	0	/Users/lordcasser/workspace/testzone/jadx/jadx-cli/build/install/jadx/bin/jadx --no-res --single-class RawParam -d /Users/lordcasser/workspace/projects/jarde/openspec/evidence/raw-receiver-field-selection-2026-10-09/jdk23/no-debug/jadx/RawParam /Users/lordcasser/workspace/projects/jarde/openspec/evidence/raw-receiver-field-selection-2026-10-09/jdk23/no-debug/input/RawParam.jar
jdk23/no-debug/RawParam/jadx-javac	0	/Library/Java/JavaVirtualMachines/openjdk-23.0.1/Contents/Home/bin/javac --release 8 -g:none -d /var/folders/gm/lzn3ylzx4lz7mx29lftngdz40000gn/T/jarde-raw-receiver-n9mgzrea/jadx-run /Users/lordcasser/workspace/projects/jarde/openspec/evidence/raw-receiver-field-selection-2026-10-09/jdk23/no-debug/jadx/RawParam.java /Users/lordcasser/workspace/projects/jarde/openspec/evidence/raw-receiver-field-selection-2026-10-09/source/ReceiverProbe.java
jdk23/no-debug/RawParam/jadx-verify-run	0	/Library/Java/JavaVirtualMachines/openjdk-23.0.1/Contents/Home/bin/java -Xverify:all -cp /var/folders/gm/lzn3ylzx4lz7mx29lftngdz40000gn/T/jarde-raw-receiver-n9mgzrea/jadx-run ReceiverProbe defpackage.RawParam
jdk23/no-debug/RawParam/jadx-source-header	0	nonempty class source
jdk23/debug/StaticRawLocal/original-javac	0	/Library/Java/JavaVirtualMachines/openjdk-23.0.1/Contents/Home/bin/javac --release 8 -g -d /var/folders/gm/lzn3ylzx4lz7mx29lftngdz40000gn/T/jarde-raw-receiver-lm7s63dm/original /Users/lordcasser/workspace/projects/jarde/openspec/evidence/raw-receiver-field-selection-2026-10-09/source/StaticRawLocal.java
jdk23/debug/StaticRawLocal/jar	0	/Library/Java/JavaVirtualMachines/openjdk-23.0.1/Contents/Home/bin/jar cfM /Users/lordcasser/workspace/projects/jarde/openspec/evidence/raw-receiver-field-selection-2026-10-09/jdk23/debug/input/StaticRawLocal.jar -C /var/folders/gm/lzn3ylzx4lz7mx29lftngdz40000gn/T/jarde-raw-receiver-lm7s63dm/original StaticRawLocal.class
jdk23/debug/StaticRawLocal/jar-contents	0	/Library/Java/JavaVirtualMachines/openjdk-23.0.1/Contents/Home/bin/jar tf /Users/lordcasser/workspace/projects/jarde/openspec/evidence/raw-receiver-field-selection-2026-10-09/jdk23/debug/input/StaticRawLocal.jar
jdk23/debug/StaticRawLocal/javap	0	/Library/Java/JavaVirtualMachines/openjdk-23.0.1/Contents/Home/bin/javap -p -c -s -v -classpath /Users/lordcasser/workspace/projects/jarde/openspec/evidence/raw-receiver-field-selection-2026-10-09/jdk23/debug/input/StaticRawLocal.jar StaticRawLocal
jdk23/debug/StaticRawLocal/jarde-cli	0	/private/tmp/jarde-class-ctor-final-cli class-source --input /Users/lordcasser/workspace/projects/jarde/openspec/evidence/raw-receiver-field-selection-2026-10-09/jdk23/debug/input/StaticRawLocal.jar --class StaticRawLocal --policy plain-jar --release 8 --format text
jdk23/debug/StaticRawLocal/jarde-source-header	0	nonempty self-describing source header
jdk23/debug/StaticRawLocal/original-javac	0	/Library/Java/JavaVirtualMachines/openjdk-23.0.1/Contents/Home/bin/javac --release 8 -g -d /var/folders/gm/lzn3ylzx4lz7mx29lftngdz40000gn/T/jarde-raw-receiver-lm7s63dm/original-run /Users/lordcasser/workspace/projects/jarde/openspec/evidence/raw-receiver-field-selection-2026-10-09/source/StaticRawLocal.java /Users/lordcasser/workspace/projects/jarde/openspec/evidence/raw-receiver-field-selection-2026-10-09/source/ReceiverProbe.java
jdk23/debug/StaticRawLocal/original-verify-run	0	/Library/Java/JavaVirtualMachines/openjdk-23.0.1/Contents/Home/bin/java -Xverify:all -cp /var/folders/gm/lzn3ylzx4lz7mx29lftngdz40000gn/T/jarde-raw-receiver-lm7s63dm/original-run ReceiverProbe StaticRawLocal
jdk23/debug/StaticRawLocal/jarde-javac	0	/Library/Java/JavaVirtualMachines/openjdk-23.0.1/Contents/Home/bin/javac --release 8 -g -d /var/folders/gm/lzn3ylzx4lz7mx29lftngdz40000gn/T/jarde-raw-receiver-lm7s63dm/jarde-run /Users/lordcasser/workspace/projects/jarde/openspec/evidence/raw-receiver-field-selection-2026-10-09/jdk23/debug/jarde/StaticRawLocal.java /Users/lordcasser/workspace/projects/jarde/openspec/evidence/raw-receiver-field-selection-2026-10-09/source/ReceiverProbe.java
jdk23/debug/StaticRawLocal/jarde-verify-run	0	/Library/Java/JavaVirtualMachines/openjdk-23.0.1/Contents/Home/bin/java -Xverify:all -cp /var/folders/gm/lzn3ylzx4lz7mx29lftngdz40000gn/T/jarde-raw-receiver-lm7s63dm/jarde-run ReceiverProbe StaticRawLocal
jdk23/debug/StaticRawLocal/jadx-cli	0	/Users/lordcasser/workspace/testzone/jadx/jadx-cli/build/install/jadx/bin/jadx --no-res --single-class StaticRawLocal -d /Users/lordcasser/workspace/projects/jarde/openspec/evidence/raw-receiver-field-selection-2026-10-09/jdk23/debug/jadx/StaticRawLocal /Users/lordcasser/workspace/projects/jarde/openspec/evidence/raw-receiver-field-selection-2026-10-09/jdk23/debug/input/StaticRawLocal.jar
jdk23/debug/StaticRawLocal/jadx-javac	0	/Library/Java/JavaVirtualMachines/openjdk-23.0.1/Contents/Home/bin/javac --release 8 -g -d /var/folders/gm/lzn3ylzx4lz7mx29lftngdz40000gn/T/jarde-raw-receiver-lm7s63dm/jadx-run /Users/lordcasser/workspace/projects/jarde/openspec/evidence/raw-receiver-field-selection-2026-10-09/jdk23/debug/jadx/StaticRawLocal.java /Users/lordcasser/workspace/projects/jarde/openspec/evidence/raw-receiver-field-selection-2026-10-09/source/ReceiverProbe.java
jdk23/debug/StaticRawLocal/jadx-verify-run	0	/Library/Java/JavaVirtualMachines/openjdk-23.0.1/Contents/Home/bin/java -Xverify:all -cp /var/folders/gm/lzn3ylzx4lz7mx29lftngdz40000gn/T/jarde-raw-receiver-lm7s63dm/jadx-run ReceiverProbe defpackage.StaticRawLocal
jdk23/debug/StaticRawLocal/jadx-source-header	0	nonempty class source
jdk23/no-debug/StaticRawLocal/original-javac	0	/Library/Java/JavaVirtualMachines/openjdk-23.0.1/Contents/Home/bin/javac --release 8 -g:none -d /var/folders/gm/lzn3ylzx4lz7mx29lftngdz40000gn/T/jarde-raw-receiver-n3nwx8wf/original /Users/lordcasser/workspace/projects/jarde/openspec/evidence/raw-receiver-field-selection-2026-10-09/source/StaticRawLocal.java
jdk23/no-debug/StaticRawLocal/jar	0	/Library/Java/JavaVirtualMachines/openjdk-23.0.1/Contents/Home/bin/jar cfM /Users/lordcasser/workspace/projects/jarde/openspec/evidence/raw-receiver-field-selection-2026-10-09/jdk23/no-debug/input/StaticRawLocal.jar -C /var/folders/gm/lzn3ylzx4lz7mx29lftngdz40000gn/T/jarde-raw-receiver-n3nwx8wf/original StaticRawLocal.class
jdk23/no-debug/StaticRawLocal/jar-contents	0	/Library/Java/JavaVirtualMachines/openjdk-23.0.1/Contents/Home/bin/jar tf /Users/lordcasser/workspace/projects/jarde/openspec/evidence/raw-receiver-field-selection-2026-10-09/jdk23/no-debug/input/StaticRawLocal.jar
jdk23/no-debug/StaticRawLocal/javap	0	/Library/Java/JavaVirtualMachines/openjdk-23.0.1/Contents/Home/bin/javap -p -c -s -v -classpath /Users/lordcasser/workspace/projects/jarde/openspec/evidence/raw-receiver-field-selection-2026-10-09/jdk23/no-debug/input/StaticRawLocal.jar StaticRawLocal
jdk23/no-debug/StaticRawLocal/jarde-cli	0	/private/tmp/jarde-class-ctor-final-cli class-source --input /Users/lordcasser/workspace/projects/jarde/openspec/evidence/raw-receiver-field-selection-2026-10-09/jdk23/no-debug/input/StaticRawLocal.jar --class StaticRawLocal --policy plain-jar --release 8 --format text
jdk23/no-debug/StaticRawLocal/jarde-source-header	0	nonempty self-describing source header
jdk23/no-debug/StaticRawLocal/original-javac	0	/Library/Java/JavaVirtualMachines/openjdk-23.0.1/Contents/Home/bin/javac --release 8 -g:none -d /var/folders/gm/lzn3ylzx4lz7mx29lftngdz40000gn/T/jarde-raw-receiver-n3nwx8wf/original-run /Users/lordcasser/workspace/projects/jarde/openspec/evidence/raw-receiver-field-selection-2026-10-09/source/StaticRawLocal.java /Users/lordcasser/workspace/projects/jarde/openspec/evidence/raw-receiver-field-selection-2026-10-09/source/ReceiverProbe.java
jdk23/no-debug/StaticRawLocal/original-verify-run	0	/Library/Java/JavaVirtualMachines/openjdk-23.0.1/Contents/Home/bin/java -Xverify:all -cp /var/folders/gm/lzn3ylzx4lz7mx29lftngdz40000gn/T/jarde-raw-receiver-n3nwx8wf/original-run ReceiverProbe StaticRawLocal
jdk23/no-debug/StaticRawLocal/jarde-javac	0	/Library/Java/JavaVirtualMachines/openjdk-23.0.1/Contents/Home/bin/javac --release 8 -g:none -d /var/folders/gm/lzn3ylzx4lz7mx29lftngdz40000gn/T/jarde-raw-receiver-n3nwx8wf/jarde-run /Users/lordcasser/workspace/projects/jarde/openspec/evidence/raw-receiver-field-selection-2026-10-09/jdk23/no-debug/jarde/StaticRawLocal.java /Users/lordcasser/workspace/projects/jarde/openspec/evidence/raw-receiver-field-selection-2026-10-09/source/ReceiverProbe.java
jdk23/no-debug/StaticRawLocal/jarde-verify-run	0	/Library/Java/JavaVirtualMachines/openjdk-23.0.1/Contents/Home/bin/java -Xverify:all -cp /var/folders/gm/lzn3ylzx4lz7mx29lftngdz40000gn/T/jarde-raw-receiver-n3nwx8wf/jarde-run ReceiverProbe StaticRawLocal
jdk23/no-debug/StaticRawLocal/jadx-cli	0	/Users/lordcasser/workspace/testzone/jadx/jadx-cli/build/install/jadx/bin/jadx --no-res --single-class StaticRawLocal -d /Users/lordcasser/workspace/projects/jarde/openspec/evidence/raw-receiver-field-selection-2026-10-09/jdk23/no-debug/jadx/StaticRawLocal /Users/lordcasser/workspace/projects/jarde/openspec/evidence/raw-receiver-field-selection-2026-10-09/jdk23/no-debug/input/StaticRawLocal.jar
jdk23/no-debug/StaticRawLocal/jadx-javac	0	/Library/Java/JavaVirtualMachines/openjdk-23.0.1/Contents/Home/bin/javac --release 8 -g:none -d /var/folders/gm/lzn3ylzx4lz7mx29lftngdz40000gn/T/jarde-raw-receiver-n3nwx8wf/jadx-run /Users/lordcasser/workspace/projects/jarde/openspec/evidence/raw-receiver-field-selection-2026-10-09/jdk23/no-debug/jadx/StaticRawLocal.java /Users/lordcasser/workspace/projects/jarde/openspec/evidence/raw-receiver-field-selection-2026-10-09/source/ReceiverProbe.java
jdk23/no-debug/StaticRawLocal/jadx-verify-run	0	/Library/Java/JavaVirtualMachines/openjdk-23.0.1/Contents/Home/bin/java -Xverify:all -cp /var/folders/gm/lzn3ylzx4lz7mx29lftngdz40000gn/T/jarde-raw-receiver-n3nwx8wf/jadx-run ReceiverProbe defpackage.StaticRawLocal
jdk23/no-debug/StaticRawLocal/jadx-source-header	0	nonempty class source
jdk23/debug/InstanceRawLocal/original-javac	0	/Library/Java/JavaVirtualMachines/openjdk-23.0.1/Contents/Home/bin/javac --release 8 -g -d /var/folders/gm/lzn3ylzx4lz7mx29lftngdz40000gn/T/jarde-raw-receiver-kc11wjg6/original /Users/lordcasser/workspace/projects/jarde/openspec/evidence/raw-receiver-field-selection-2026-10-09/source/InstanceRawLocal.java
jdk23/debug/InstanceRawLocal/jar	0	/Library/Java/JavaVirtualMachines/openjdk-23.0.1/Contents/Home/bin/jar cfM /Users/lordcasser/workspace/projects/jarde/openspec/evidence/raw-receiver-field-selection-2026-10-09/jdk23/debug/input/InstanceRawLocal.jar -C /var/folders/gm/lzn3ylzx4lz7mx29lftngdz40000gn/T/jarde-raw-receiver-kc11wjg6/original InstanceRawLocal.class
jdk23/debug/InstanceRawLocal/jar-contents	0	/Library/Java/JavaVirtualMachines/openjdk-23.0.1/Contents/Home/bin/jar tf /Users/lordcasser/workspace/projects/jarde/openspec/evidence/raw-receiver-field-selection-2026-10-09/jdk23/debug/input/InstanceRawLocal.jar
jdk23/debug/InstanceRawLocal/javap	0	/Library/Java/JavaVirtualMachines/openjdk-23.0.1/Contents/Home/bin/javap -p -c -s -v -classpath /Users/lordcasser/workspace/projects/jarde/openspec/evidence/raw-receiver-field-selection-2026-10-09/jdk23/debug/input/InstanceRawLocal.jar InstanceRawLocal
jdk23/debug/InstanceRawLocal/jarde-cli	0	/private/tmp/jarde-class-ctor-final-cli class-source --input /Users/lordcasser/workspace/projects/jarde/openspec/evidence/raw-receiver-field-selection-2026-10-09/jdk23/debug/input/InstanceRawLocal.jar --class InstanceRawLocal --policy plain-jar --release 8 --format text
jdk23/debug/InstanceRawLocal/jarde-source-header	0	nonempty self-describing source header
jdk23/debug/InstanceRawLocal/original-javac	0	/Library/Java/JavaVirtualMachines/openjdk-23.0.1/Contents/Home/bin/javac --release 8 -g -d /var/folders/gm/lzn3ylzx4lz7mx29lftngdz40000gn/T/jarde-raw-receiver-kc11wjg6/original-run /Users/lordcasser/workspace/projects/jarde/openspec/evidence/raw-receiver-field-selection-2026-10-09/source/InstanceRawLocal.java /Users/lordcasser/workspace/projects/jarde/openspec/evidence/raw-receiver-field-selection-2026-10-09/source/ReceiverProbe.java
jdk23/debug/InstanceRawLocal/original-verify-run	0	/Library/Java/JavaVirtualMachines/openjdk-23.0.1/Contents/Home/bin/java -Xverify:all -cp /var/folders/gm/lzn3ylzx4lz7mx29lftngdz40000gn/T/jarde-raw-receiver-kc11wjg6/original-run ReceiverProbe InstanceRawLocal
jdk23/debug/InstanceRawLocal/jarde-javac	0	/Library/Java/JavaVirtualMachines/openjdk-23.0.1/Contents/Home/bin/javac --release 8 -g -d /var/folders/gm/lzn3ylzx4lz7mx29lftngdz40000gn/T/jarde-raw-receiver-kc11wjg6/jarde-run /Users/lordcasser/workspace/projects/jarde/openspec/evidence/raw-receiver-field-selection-2026-10-09/jdk23/debug/jarde/InstanceRawLocal.java /Users/lordcasser/workspace/projects/jarde/openspec/evidence/raw-receiver-field-selection-2026-10-09/source/ReceiverProbe.java
jdk23/debug/InstanceRawLocal/jarde-verify-run	0	/Library/Java/JavaVirtualMachines/openjdk-23.0.1/Contents/Home/bin/java -Xverify:all -cp /var/folders/gm/lzn3ylzx4lz7mx29lftngdz40000gn/T/jarde-raw-receiver-kc11wjg6/jarde-run ReceiverProbe InstanceRawLocal
jdk23/debug/InstanceRawLocal/jadx-cli	0	/Users/lordcasser/workspace/testzone/jadx/jadx-cli/build/install/jadx/bin/jadx --no-res --single-class InstanceRawLocal -d /Users/lordcasser/workspace/projects/jarde/openspec/evidence/raw-receiver-field-selection-2026-10-09/jdk23/debug/jadx/InstanceRawLocal /Users/lordcasser/workspace/projects/jarde/openspec/evidence/raw-receiver-field-selection-2026-10-09/jdk23/debug/input/InstanceRawLocal.jar
jdk23/debug/InstanceRawLocal/jadx-javac	1	/Library/Java/JavaVirtualMachines/openjdk-23.0.1/Contents/Home/bin/javac --release 8 -g -d /var/folders/gm/lzn3ylzx4lz7mx29lftngdz40000gn/T/jarde-raw-receiver-kc11wjg6/jadx-run /Users/lordcasser/workspace/projects/jarde/openspec/evidence/raw-receiver-field-selection-2026-10-09/jdk23/debug/jadx/InstanceRawLocal.java /Users/lordcasser/workspace/projects/jarde/openspec/evidence/raw-receiver-field-selection-2026-10-09/source/ReceiverProbe.java
jdk23/debug/InstanceRawLocal/jadx-source-header	0	nonempty class source
jdk23/no-debug/InstanceRawLocal/original-javac	0	/Library/Java/JavaVirtualMachines/openjdk-23.0.1/Contents/Home/bin/javac --release 8 -g:none -d /var/folders/gm/lzn3ylzx4lz7mx29lftngdz40000gn/T/jarde-raw-receiver-tz6b6dij/original /Users/lordcasser/workspace/projects/jarde/openspec/evidence/raw-receiver-field-selection-2026-10-09/source/InstanceRawLocal.java
jdk23/no-debug/InstanceRawLocal/jar	0	/Library/Java/JavaVirtualMachines/openjdk-23.0.1/Contents/Home/bin/jar cfM /Users/lordcasser/workspace/projects/jarde/openspec/evidence/raw-receiver-field-selection-2026-10-09/jdk23/no-debug/input/InstanceRawLocal.jar -C /var/folders/gm/lzn3ylzx4lz7mx29lftngdz40000gn/T/jarde-raw-receiver-tz6b6dij/original InstanceRawLocal.class
jdk23/no-debug/InstanceRawLocal/jar-contents	0	/Library/Java/JavaVirtualMachines/openjdk-23.0.1/Contents/Home/bin/jar tf /Users/lordcasser/workspace/projects/jarde/openspec/evidence/raw-receiver-field-selection-2026-10-09/jdk23/no-debug/input/InstanceRawLocal.jar
jdk23/no-debug/InstanceRawLocal/javap	0	/Library/Java/JavaVirtualMachines/openjdk-23.0.1/Contents/Home/bin/javap -p -c -s -v -classpath /Users/lordcasser/workspace/projects/jarde/openspec/evidence/raw-receiver-field-selection-2026-10-09/jdk23/no-debug/input/InstanceRawLocal.jar InstanceRawLocal
jdk23/no-debug/InstanceRawLocal/jarde-cli	0	/private/tmp/jarde-class-ctor-final-cli class-source --input /Users/lordcasser/workspace/projects/jarde/openspec/evidence/raw-receiver-field-selection-2026-10-09/jdk23/no-debug/input/InstanceRawLocal.jar --class InstanceRawLocal --policy plain-jar --release 8 --format text
jdk23/no-debug/InstanceRawLocal/jarde-source-header	0	nonempty self-describing source header
jdk23/no-debug/InstanceRawLocal/original-javac	0	/Library/Java/JavaVirtualMachines/openjdk-23.0.1/Contents/Home/bin/javac --release 8 -g:none -d /var/folders/gm/lzn3ylzx4lz7mx29lftngdz40000gn/T/jarde-raw-receiver-tz6b6dij/original-run /Users/lordcasser/workspace/projects/jarde/openspec/evidence/raw-receiver-field-selection-2026-10-09/source/InstanceRawLocal.java /Users/lordcasser/workspace/projects/jarde/openspec/evidence/raw-receiver-field-selection-2026-10-09/source/ReceiverProbe.java
jdk23/no-debug/InstanceRawLocal/original-verify-run	0	/Library/Java/JavaVirtualMachines/openjdk-23.0.1/Contents/Home/bin/java -Xverify:all -cp /var/folders/gm/lzn3ylzx4lz7mx29lftngdz40000gn/T/jarde-raw-receiver-tz6b6dij/original-run ReceiverProbe InstanceRawLocal
jdk23/no-debug/InstanceRawLocal/jarde-javac	0	/Library/Java/JavaVirtualMachines/openjdk-23.0.1/Contents/Home/bin/javac --release 8 -g:none -d /var/folders/gm/lzn3ylzx4lz7mx29lftngdz40000gn/T/jarde-raw-receiver-tz6b6dij/jarde-run /Users/lordcasser/workspace/projects/jarde/openspec/evidence/raw-receiver-field-selection-2026-10-09/jdk23/no-debug/jarde/InstanceRawLocal.java /Users/lordcasser/workspace/projects/jarde/openspec/evidence/raw-receiver-field-selection-2026-10-09/source/ReceiverProbe.java
jdk23/no-debug/InstanceRawLocal/jarde-verify-run	0	/Library/Java/JavaVirtualMachines/openjdk-23.0.1/Contents/Home/bin/java -Xverify:all -cp /var/folders/gm/lzn3ylzx4lz7mx29lftngdz40000gn/T/jarde-raw-receiver-tz6b6dij/jarde-run ReceiverProbe InstanceRawLocal
jdk23/no-debug/InstanceRawLocal/jadx-cli	0	/Users/lordcasser/workspace/testzone/jadx/jadx-cli/build/install/jadx/bin/jadx --no-res --single-class InstanceRawLocal -d /Users/lordcasser/workspace/projects/jarde/openspec/evidence/raw-receiver-field-selection-2026-10-09/jdk23/no-debug/jadx/InstanceRawLocal /Users/lordcasser/workspace/projects/jarde/openspec/evidence/raw-receiver-field-selection-2026-10-09/jdk23/no-debug/input/InstanceRawLocal.jar
jdk23/no-debug/InstanceRawLocal/jadx-javac	1	/Library/Java/JavaVirtualMachines/openjdk-23.0.1/Contents/Home/bin/javac --release 8 -g:none -d /var/folders/gm/lzn3ylzx4lz7mx29lftngdz40000gn/T/jarde-raw-receiver-tz6b6dij/jadx-run /Users/lordcasser/workspace/projects/jarde/openspec/evidence/raw-receiver-field-selection-2026-10-09/jdk23/no-debug/jadx/InstanceRawLocal.java /Users/lordcasser/workspace/projects/jarde/openspec/evidence/raw-receiver-field-selection-2026-10-09/source/ReceiverProbe.java
jdk23/no-debug/InstanceRawLocal/jadx-source-header	0	nonempty class source
jdk23/debug/TypedReceiver/original-javac	0	/Library/Java/JavaVirtualMachines/openjdk-23.0.1/Contents/Home/bin/javac --release 8 -g -d /var/folders/gm/lzn3ylzx4lz7mx29lftngdz40000gn/T/jarde-raw-receiver-xkf_au7v/original /Users/lordcasser/workspace/projects/jarde/openspec/evidence/raw-receiver-field-selection-2026-10-09/source/TypedReceiver.java
jdk23/debug/TypedReceiver/jar	0	/Library/Java/JavaVirtualMachines/openjdk-23.0.1/Contents/Home/bin/jar cfM /Users/lordcasser/workspace/projects/jarde/openspec/evidence/raw-receiver-field-selection-2026-10-09/jdk23/debug/input/TypedReceiver.jar -C /var/folders/gm/lzn3ylzx4lz7mx29lftngdz40000gn/T/jarde-raw-receiver-xkf_au7v/original TypedReceiver.class
jdk23/debug/TypedReceiver/jar-contents	0	/Library/Java/JavaVirtualMachines/openjdk-23.0.1/Contents/Home/bin/jar tf /Users/lordcasser/workspace/projects/jarde/openspec/evidence/raw-receiver-field-selection-2026-10-09/jdk23/debug/input/TypedReceiver.jar
jdk23/debug/TypedReceiver/javap	0	/Library/Java/JavaVirtualMachines/openjdk-23.0.1/Contents/Home/bin/javap -p -c -s -v -classpath /Users/lordcasser/workspace/projects/jarde/openspec/evidence/raw-receiver-field-selection-2026-10-09/jdk23/debug/input/TypedReceiver.jar TypedReceiver
jdk23/debug/TypedReceiver/jarde-cli	0	/private/tmp/jarde-class-ctor-final-cli class-source --input /Users/lordcasser/workspace/projects/jarde/openspec/evidence/raw-receiver-field-selection-2026-10-09/jdk23/debug/input/TypedReceiver.jar --class TypedReceiver --policy plain-jar --release 8 --format text
jdk23/debug/TypedReceiver/jarde-source-header	0	nonempty self-describing source header
jdk23/debug/TypedReceiver/original-javac	0	/Library/Java/JavaVirtualMachines/openjdk-23.0.1/Contents/Home/bin/javac --release 8 -g -d /var/folders/gm/lzn3ylzx4lz7mx29lftngdz40000gn/T/jarde-raw-receiver-xkf_au7v/original-run /Users/lordcasser/workspace/projects/jarde/openspec/evidence/raw-receiver-field-selection-2026-10-09/source/TypedReceiver.java /Users/lordcasser/workspace/projects/jarde/openspec/evidence/raw-receiver-field-selection-2026-10-09/source/ReceiverProbe.java
jdk23/debug/TypedReceiver/original-verify-run	0	/Library/Java/JavaVirtualMachines/openjdk-23.0.1/Contents/Home/bin/java -Xverify:all -cp /var/folders/gm/lzn3ylzx4lz7mx29lftngdz40000gn/T/jarde-raw-receiver-xkf_au7v/original-run ReceiverProbe TypedReceiver
jdk23/debug/TypedReceiver/jarde-javac	0	/Library/Java/JavaVirtualMachines/openjdk-23.0.1/Contents/Home/bin/javac --release 8 -g -d /var/folders/gm/lzn3ylzx4lz7mx29lftngdz40000gn/T/jarde-raw-receiver-xkf_au7v/jarde-run /Users/lordcasser/workspace/projects/jarde/openspec/evidence/raw-receiver-field-selection-2026-10-09/jdk23/debug/jarde/TypedReceiver.java /Users/lordcasser/workspace/projects/jarde/openspec/evidence/raw-receiver-field-selection-2026-10-09/source/ReceiverProbe.java
jdk23/debug/TypedReceiver/jarde-verify-run	0	/Library/Java/JavaVirtualMachines/openjdk-23.0.1/Contents/Home/bin/java -Xverify:all -cp /var/folders/gm/lzn3ylzx4lz7mx29lftngdz40000gn/T/jarde-raw-receiver-xkf_au7v/jarde-run ReceiverProbe TypedReceiver
jdk23/debug/TypedReceiver/jadx-cli	0	/Users/lordcasser/workspace/testzone/jadx/jadx-cli/build/install/jadx/bin/jadx --no-res --single-class TypedReceiver -d /Users/lordcasser/workspace/projects/jarde/openspec/evidence/raw-receiver-field-selection-2026-10-09/jdk23/debug/jadx/TypedReceiver /Users/lordcasser/workspace/projects/jarde/openspec/evidence/raw-receiver-field-selection-2026-10-09/jdk23/debug/input/TypedReceiver.jar
jdk23/debug/TypedReceiver/jadx-javac	0	/Library/Java/JavaVirtualMachines/openjdk-23.0.1/Contents/Home/bin/javac --release 8 -g -d /var/folders/gm/lzn3ylzx4lz7mx29lftngdz40000gn/T/jarde-raw-receiver-xkf_au7v/jadx-run /Users/lordcasser/workspace/projects/jarde/openspec/evidence/raw-receiver-field-selection-2026-10-09/jdk23/debug/jadx/TypedReceiver.java /Users/lordcasser/workspace/projects/jarde/openspec/evidence/raw-receiver-field-selection-2026-10-09/source/ReceiverProbe.java
jdk23/debug/TypedReceiver/jadx-verify-run	0	/Library/Java/JavaVirtualMachines/openjdk-23.0.1/Contents/Home/bin/java -Xverify:all -cp /var/folders/gm/lzn3ylzx4lz7mx29lftngdz40000gn/T/jarde-raw-receiver-xkf_au7v/jadx-run ReceiverProbe defpackage.TypedReceiver
jdk23/debug/TypedReceiver/jadx-source-header	0	nonempty class source
jdk23/no-debug/TypedReceiver/original-javac	0	/Library/Java/JavaVirtualMachines/openjdk-23.0.1/Contents/Home/bin/javac --release 8 -g:none -d /var/folders/gm/lzn3ylzx4lz7mx29lftngdz40000gn/T/jarde-raw-receiver-0ioqvs84/original /Users/lordcasser/workspace/projects/jarde/openspec/evidence/raw-receiver-field-selection-2026-10-09/source/TypedReceiver.java
jdk23/no-debug/TypedReceiver/jar	0	/Library/Java/JavaVirtualMachines/openjdk-23.0.1/Contents/Home/bin/jar cfM /Users/lordcasser/workspace/projects/jarde/openspec/evidence/raw-receiver-field-selection-2026-10-09/jdk23/no-debug/input/TypedReceiver.jar -C /var/folders/gm/lzn3ylzx4lz7mx29lftngdz40000gn/T/jarde-raw-receiver-0ioqvs84/original TypedReceiver.class
jdk23/no-debug/TypedReceiver/jar-contents	0	/Library/Java/JavaVirtualMachines/openjdk-23.0.1/Contents/Home/bin/jar tf /Users/lordcasser/workspace/projects/jarde/openspec/evidence/raw-receiver-field-selection-2026-10-09/jdk23/no-debug/input/TypedReceiver.jar
jdk23/no-debug/TypedReceiver/javap	0	/Library/Java/JavaVirtualMachines/openjdk-23.0.1/Contents/Home/bin/javap -p -c -s -v -classpath /Users/lordcasser/workspace/projects/jarde/openspec/evidence/raw-receiver-field-selection-2026-10-09/jdk23/no-debug/input/TypedReceiver.jar TypedReceiver
jdk23/no-debug/TypedReceiver/jarde-cli	0	/private/tmp/jarde-class-ctor-final-cli class-source --input /Users/lordcasser/workspace/projects/jarde/openspec/evidence/raw-receiver-field-selection-2026-10-09/jdk23/no-debug/input/TypedReceiver.jar --class TypedReceiver --policy plain-jar --release 8 --format text
jdk23/no-debug/TypedReceiver/jarde-source-header	0	nonempty self-describing source header
jdk23/no-debug/TypedReceiver/original-javac	0	/Library/Java/JavaVirtualMachines/openjdk-23.0.1/Contents/Home/bin/javac --release 8 -g:none -d /var/folders/gm/lzn3ylzx4lz7mx29lftngdz40000gn/T/jarde-raw-receiver-0ioqvs84/original-run /Users/lordcasser/workspace/projects/jarde/openspec/evidence/raw-receiver-field-selection-2026-10-09/source/TypedReceiver.java /Users/lordcasser/workspace/projects/jarde/openspec/evidence/raw-receiver-field-selection-2026-10-09/source/ReceiverProbe.java
jdk23/no-debug/TypedReceiver/original-verify-run	0	/Library/Java/JavaVirtualMachines/openjdk-23.0.1/Contents/Home/bin/java -Xverify:all -cp /var/folders/gm/lzn3ylzx4lz7mx29lftngdz40000gn/T/jarde-raw-receiver-0ioqvs84/original-run ReceiverProbe TypedReceiver
jdk23/no-debug/TypedReceiver/jarde-javac	0	/Library/Java/JavaVirtualMachines/openjdk-23.0.1/Contents/Home/bin/javac --release 8 -g:none -d /var/folders/gm/lzn3ylzx4lz7mx29lftngdz40000gn/T/jarde-raw-receiver-0ioqvs84/jarde-run /Users/lordcasser/workspace/projects/jarde/openspec/evidence/raw-receiver-field-selection-2026-10-09/jdk23/no-debug/jarde/TypedReceiver.java /Users/lordcasser/workspace/projects/jarde/openspec/evidence/raw-receiver-field-selection-2026-10-09/source/ReceiverProbe.java
jdk23/no-debug/TypedReceiver/jarde-verify-run	0	/Library/Java/JavaVirtualMachines/openjdk-23.0.1/Contents/Home/bin/java -Xverify:all -cp /var/folders/gm/lzn3ylzx4lz7mx29lftngdz40000gn/T/jarde-raw-receiver-0ioqvs84/jarde-run ReceiverProbe TypedReceiver
jdk23/no-debug/TypedReceiver/jadx-cli	0	/Users/lordcasser/workspace/testzone/jadx/jadx-cli/build/install/jadx/bin/jadx --no-res --single-class TypedReceiver -d /Users/lordcasser/workspace/projects/jarde/openspec/evidence/raw-receiver-field-selection-2026-10-09/jdk23/no-debug/jadx/TypedReceiver /Users/lordcasser/workspace/projects/jarde/openspec/evidence/raw-receiver-field-selection-2026-10-09/jdk23/no-debug/input/TypedReceiver.jar
jdk23/no-debug/TypedReceiver/jadx-javac	0	/Library/Java/JavaVirtualMachines/openjdk-23.0.1/Contents/Home/bin/javac --release 8 -g:none -d /var/folders/gm/lzn3ylzx4lz7mx29lftngdz40000gn/T/jarde-raw-receiver-0ioqvs84/jadx-run /Users/lordcasser/workspace/projects/jarde/openspec/evidence/raw-receiver-field-selection-2026-10-09/jdk23/no-debug/jadx/TypedReceiver.java /Users/lordcasser/workspace/projects/jarde/openspec/evidence/raw-receiver-field-selection-2026-10-09/source/ReceiverProbe.java
jdk23/no-debug/TypedReceiver/jadx-verify-run	0	/Library/Java/JavaVirtualMachines/openjdk-23.0.1/Contents/Home/bin/java -Xverify:all -cp /var/folders/gm/lzn3ylzx4lz7mx29lftngdz40000gn/T/jarde-raw-receiver-0ioqvs84/jadx-run ReceiverProbe defpackage.TypedReceiver
jdk23/no-debug/TypedReceiver/jadx-source-header	0	nonempty class source
jdk23/debug/ThisReceiver/original-javac	0	/Library/Java/JavaVirtualMachines/openjdk-23.0.1/Contents/Home/bin/javac --release 8 -g -d /var/folders/gm/lzn3ylzx4lz7mx29lftngdz40000gn/T/jarde-raw-receiver-w4ekdr3s/original /Users/lordcasser/workspace/projects/jarde/openspec/evidence/raw-receiver-field-selection-2026-10-09/source/ThisReceiver.java
jdk23/debug/ThisReceiver/jar	0	/Library/Java/JavaVirtualMachines/openjdk-23.0.1/Contents/Home/bin/jar cfM /Users/lordcasser/workspace/projects/jarde/openspec/evidence/raw-receiver-field-selection-2026-10-09/jdk23/debug/input/ThisReceiver.jar -C /var/folders/gm/lzn3ylzx4lz7mx29lftngdz40000gn/T/jarde-raw-receiver-w4ekdr3s/original ThisReceiver.class
jdk23/debug/ThisReceiver/jar-contents	0	/Library/Java/JavaVirtualMachines/openjdk-23.0.1/Contents/Home/bin/jar tf /Users/lordcasser/workspace/projects/jarde/openspec/evidence/raw-receiver-field-selection-2026-10-09/jdk23/debug/input/ThisReceiver.jar
jdk23/debug/ThisReceiver/javap	0	/Library/Java/JavaVirtualMachines/openjdk-23.0.1/Contents/Home/bin/javap -p -c -s -v -classpath /Users/lordcasser/workspace/projects/jarde/openspec/evidence/raw-receiver-field-selection-2026-10-09/jdk23/debug/input/ThisReceiver.jar ThisReceiver
jdk23/debug/ThisReceiver/jarde-cli	0	/private/tmp/jarde-class-ctor-final-cli class-source --input /Users/lordcasser/workspace/projects/jarde/openspec/evidence/raw-receiver-field-selection-2026-10-09/jdk23/debug/input/ThisReceiver.jar --class ThisReceiver --policy plain-jar --release 8 --format text
jdk23/debug/ThisReceiver/jarde-source-header	0	nonempty self-describing source header
jdk23/debug/ThisReceiver/original-javac	0	/Library/Java/JavaVirtualMachines/openjdk-23.0.1/Contents/Home/bin/javac --release 8 -g -d /var/folders/gm/lzn3ylzx4lz7mx29lftngdz40000gn/T/jarde-raw-receiver-w4ekdr3s/original-run /Users/lordcasser/workspace/projects/jarde/openspec/evidence/raw-receiver-field-selection-2026-10-09/source/ThisReceiver.java /Users/lordcasser/workspace/projects/jarde/openspec/evidence/raw-receiver-field-selection-2026-10-09/source/ReceiverProbe.java
jdk23/debug/ThisReceiver/original-verify-run	0	/Library/Java/JavaVirtualMachines/openjdk-23.0.1/Contents/Home/bin/java -Xverify:all -cp /var/folders/gm/lzn3ylzx4lz7mx29lftngdz40000gn/T/jarde-raw-receiver-w4ekdr3s/original-run ReceiverProbe ThisReceiver
jdk23/debug/ThisReceiver/jarde-javac	0	/Library/Java/JavaVirtualMachines/openjdk-23.0.1/Contents/Home/bin/javac --release 8 -g -d /var/folders/gm/lzn3ylzx4lz7mx29lftngdz40000gn/T/jarde-raw-receiver-w4ekdr3s/jarde-run /Users/lordcasser/workspace/projects/jarde/openspec/evidence/raw-receiver-field-selection-2026-10-09/jdk23/debug/jarde/ThisReceiver.java /Users/lordcasser/workspace/projects/jarde/openspec/evidence/raw-receiver-field-selection-2026-10-09/source/ReceiverProbe.java
jdk23/debug/ThisReceiver/jarde-verify-run	0	/Library/Java/JavaVirtualMachines/openjdk-23.0.1/Contents/Home/bin/java -Xverify:all -cp /var/folders/gm/lzn3ylzx4lz7mx29lftngdz40000gn/T/jarde-raw-receiver-w4ekdr3s/jarde-run ReceiverProbe ThisReceiver
jdk23/debug/ThisReceiver/jadx-cli	0	/Users/lordcasser/workspace/testzone/jadx/jadx-cli/build/install/jadx/bin/jadx --no-res --single-class ThisReceiver -d /Users/lordcasser/workspace/projects/jarde/openspec/evidence/raw-receiver-field-selection-2026-10-09/jdk23/debug/jadx/ThisReceiver /Users/lordcasser/workspace/projects/jarde/openspec/evidence/raw-receiver-field-selection-2026-10-09/jdk23/debug/input/ThisReceiver.jar
jdk23/debug/ThisReceiver/jadx-javac	0	/Library/Java/JavaVirtualMachines/openjdk-23.0.1/Contents/Home/bin/javac --release 8 -g -d /var/folders/gm/lzn3ylzx4lz7mx29lftngdz40000gn/T/jarde-raw-receiver-w4ekdr3s/jadx-run /Users/lordcasser/workspace/projects/jarde/openspec/evidence/raw-receiver-field-selection-2026-10-09/jdk23/debug/jadx/ThisReceiver.java /Users/lordcasser/workspace/projects/jarde/openspec/evidence/raw-receiver-field-selection-2026-10-09/source/ReceiverProbe.java
jdk23/debug/ThisReceiver/jadx-verify-run	0	/Library/Java/JavaVirtualMachines/openjdk-23.0.1/Contents/Home/bin/java -Xverify:all -cp /var/folders/gm/lzn3ylzx4lz7mx29lftngdz40000gn/T/jarde-raw-receiver-w4ekdr3s/jadx-run ReceiverProbe defpackage.ThisReceiver
jdk23/debug/ThisReceiver/jadx-source-header	0	nonempty class source
jdk23/no-debug/ThisReceiver/original-javac	0	/Library/Java/JavaVirtualMachines/openjdk-23.0.1/Contents/Home/bin/javac --release 8 -g:none -d /var/folders/gm/lzn3ylzx4lz7mx29lftngdz40000gn/T/jarde-raw-receiver-5nnw34j5/original /Users/lordcasser/workspace/projects/jarde/openspec/evidence/raw-receiver-field-selection-2026-10-09/source/ThisReceiver.java
jdk23/no-debug/ThisReceiver/jar	0	/Library/Java/JavaVirtualMachines/openjdk-23.0.1/Contents/Home/bin/jar cfM /Users/lordcasser/workspace/projects/jarde/openspec/evidence/raw-receiver-field-selection-2026-10-09/jdk23/no-debug/input/ThisReceiver.jar -C /var/folders/gm/lzn3ylzx4lz7mx29lftngdz40000gn/T/jarde-raw-receiver-5nnw34j5/original ThisReceiver.class
jdk23/no-debug/ThisReceiver/jar-contents	0	/Library/Java/JavaVirtualMachines/openjdk-23.0.1/Contents/Home/bin/jar tf /Users/lordcasser/workspace/projects/jarde/openspec/evidence/raw-receiver-field-selection-2026-10-09/jdk23/no-debug/input/ThisReceiver.jar
jdk23/no-debug/ThisReceiver/javap	0	/Library/Java/JavaVirtualMachines/openjdk-23.0.1/Contents/Home/bin/javap -p -c -s -v -classpath /Users/lordcasser/workspace/projects/jarde/openspec/evidence/raw-receiver-field-selection-2026-10-09/jdk23/no-debug/input/ThisReceiver.jar ThisReceiver
jdk23/no-debug/ThisReceiver/jarde-cli	0	/private/tmp/jarde-class-ctor-final-cli class-source --input /Users/lordcasser/workspace/projects/jarde/openspec/evidence/raw-receiver-field-selection-2026-10-09/jdk23/no-debug/input/ThisReceiver.jar --class ThisReceiver --policy plain-jar --release 8 --format text
jdk23/no-debug/ThisReceiver/jarde-source-header	0	nonempty self-describing source header
jdk23/no-debug/ThisReceiver/original-javac	0	/Library/Java/JavaVirtualMachines/openjdk-23.0.1/Contents/Home/bin/javac --release 8 -g:none -d /var/folders/gm/lzn3ylzx4lz7mx29lftngdz40000gn/T/jarde-raw-receiver-5nnw34j5/original-run /Users/lordcasser/workspace/projects/jarde/openspec/evidence/raw-receiver-field-selection-2026-10-09/source/ThisReceiver.java /Users/lordcasser/workspace/projects/jarde/openspec/evidence/raw-receiver-field-selection-2026-10-09/source/ReceiverProbe.java
jdk23/no-debug/ThisReceiver/original-verify-run	0	/Library/Java/JavaVirtualMachines/openjdk-23.0.1/Contents/Home/bin/java -Xverify:all -cp /var/folders/gm/lzn3ylzx4lz7mx29lftngdz40000gn/T/jarde-raw-receiver-5nnw34j5/original-run ReceiverProbe ThisReceiver
jdk23/no-debug/ThisReceiver/jarde-javac	0	/Library/Java/JavaVirtualMachines/openjdk-23.0.1/Contents/Home/bin/javac --release 8 -g:none -d /var/folders/gm/lzn3ylzx4lz7mx29lftngdz40000gn/T/jarde-raw-receiver-5nnw34j5/jarde-run /Users/lordcasser/workspace/projects/jarde/openspec/evidence/raw-receiver-field-selection-2026-10-09/jdk23/no-debug/jarde/ThisReceiver.java /Users/lordcasser/workspace/projects/jarde/openspec/evidence/raw-receiver-field-selection-2026-10-09/source/ReceiverProbe.java
jdk23/no-debug/ThisReceiver/jarde-verify-run	0	/Library/Java/JavaVirtualMachines/openjdk-23.0.1/Contents/Home/bin/java -Xverify:all -cp /var/folders/gm/lzn3ylzx4lz7mx29lftngdz40000gn/T/jarde-raw-receiver-5nnw34j5/jarde-run ReceiverProbe ThisReceiver
jdk23/no-debug/ThisReceiver/jadx-cli	0	/Users/lordcasser/workspace/testzone/jadx/jadx-cli/build/install/jadx/bin/jadx --no-res --single-class ThisReceiver -d /Users/lordcasser/workspace/projects/jarde/openspec/evidence/raw-receiver-field-selection-2026-10-09/jdk23/no-debug/jadx/ThisReceiver /Users/lordcasser/workspace/projects/jarde/openspec/evidence/raw-receiver-field-selection-2026-10-09/jdk23/no-debug/input/ThisReceiver.jar
jdk23/no-debug/ThisReceiver/jadx-javac	0	/Library/Java/JavaVirtualMachines/openjdk-23.0.1/Contents/Home/bin/javac --release 8 -g:none -d /var/folders/gm/lzn3ylzx4lz7mx29lftngdz40000gn/T/jarde-raw-receiver-5nnw34j5/jadx-run /Users/lordcasser/workspace/projects/jarde/openspec/evidence/raw-receiver-field-selection-2026-10-09/jdk23/no-debug/jadx/ThisReceiver.java /Users/lordcasser/workspace/projects/jarde/openspec/evidence/raw-receiver-field-selection-2026-10-09/source/ReceiverProbe.java
jdk23/no-debug/ThisReceiver/jadx-verify-run	0	/Library/Java/JavaVirtualMachines/openjdk-23.0.1/Contents/Home/bin/java -Xverify:all -cp /var/folders/gm/lzn3ylzx4lz7mx29lftngdz40000gn/T/jarde-raw-receiver-5nnw34j5/jadx-run ReceiverProbe defpackage.ThisReceiver
jdk23/no-debug/ThisReceiver/jadx-source-header	0	nonempty class source
jdk23/debug/ShadowMethodT/original-javac	0	/Library/Java/JavaVirtualMachines/openjdk-23.0.1/Contents/Home/bin/javac --release 8 -g -d /var/folders/gm/lzn3ylzx4lz7mx29lftngdz40000gn/T/jarde-raw-receiver-ohp3jvwo/original /Users/lordcasser/workspace/projects/jarde/openspec/evidence/raw-receiver-field-selection-2026-10-09/source/ShadowMethodT.java
jdk23/debug/ShadowMethodT/jar	0	/Library/Java/JavaVirtualMachines/openjdk-23.0.1/Contents/Home/bin/jar cfM /Users/lordcasser/workspace/projects/jarde/openspec/evidence/raw-receiver-field-selection-2026-10-09/jdk23/debug/input/ShadowMethodT.jar -C /var/folders/gm/lzn3ylzx4lz7mx29lftngdz40000gn/T/jarde-raw-receiver-ohp3jvwo/original ShadowMethodT.class
jdk23/debug/ShadowMethodT/jar-contents	0	/Library/Java/JavaVirtualMachines/openjdk-23.0.1/Contents/Home/bin/jar tf /Users/lordcasser/workspace/projects/jarde/openspec/evidence/raw-receiver-field-selection-2026-10-09/jdk23/debug/input/ShadowMethodT.jar
jdk23/debug/ShadowMethodT/javap	0	/Library/Java/JavaVirtualMachines/openjdk-23.0.1/Contents/Home/bin/javap -p -c -s -v -classpath /Users/lordcasser/workspace/projects/jarde/openspec/evidence/raw-receiver-field-selection-2026-10-09/jdk23/debug/input/ShadowMethodT.jar ShadowMethodT
jdk23/debug/ShadowMethodT/jarde-cli	0	/private/tmp/jarde-class-ctor-final-cli class-source --input /Users/lordcasser/workspace/projects/jarde/openspec/evidence/raw-receiver-field-selection-2026-10-09/jdk23/debug/input/ShadowMethodT.jar --class ShadowMethodT --policy plain-jar --release 8 --format text
jdk23/debug/ShadowMethodT/jarde-source-header	0	nonempty self-describing source header
jdk23/debug/ShadowMethodT/original-javac	0	/Library/Java/JavaVirtualMachines/openjdk-23.0.1/Contents/Home/bin/javac --release 8 -g -d /var/folders/gm/lzn3ylzx4lz7mx29lftngdz40000gn/T/jarde-raw-receiver-ohp3jvwo/original-run /Users/lordcasser/workspace/projects/jarde/openspec/evidence/raw-receiver-field-selection-2026-10-09/source/ShadowMethodT.java /Users/lordcasser/workspace/projects/jarde/openspec/evidence/raw-receiver-field-selection-2026-10-09/source/ReceiverProbe.java
jdk23/debug/ShadowMethodT/original-verify-run	0	/Library/Java/JavaVirtualMachines/openjdk-23.0.1/Contents/Home/bin/java -Xverify:all -cp /var/folders/gm/lzn3ylzx4lz7mx29lftngdz40000gn/T/jarde-raw-receiver-ohp3jvwo/original-run ReceiverProbe ShadowMethodT
jdk23/debug/ShadowMethodT/jarde-javac	0	/Library/Java/JavaVirtualMachines/openjdk-23.0.1/Contents/Home/bin/javac --release 8 -g -d /var/folders/gm/lzn3ylzx4lz7mx29lftngdz40000gn/T/jarde-raw-receiver-ohp3jvwo/jarde-run /Users/lordcasser/workspace/projects/jarde/openspec/evidence/raw-receiver-field-selection-2026-10-09/jdk23/debug/jarde/ShadowMethodT.java /Users/lordcasser/workspace/projects/jarde/openspec/evidence/raw-receiver-field-selection-2026-10-09/source/ReceiverProbe.java
jdk23/debug/ShadowMethodT/jarde-verify-run	0	/Library/Java/JavaVirtualMachines/openjdk-23.0.1/Contents/Home/bin/java -Xverify:all -cp /var/folders/gm/lzn3ylzx4lz7mx29lftngdz40000gn/T/jarde-raw-receiver-ohp3jvwo/jarde-run ReceiverProbe ShadowMethodT
jdk23/debug/ShadowMethodT/jadx-cli	0	/Users/lordcasser/workspace/testzone/jadx/jadx-cli/build/install/jadx/bin/jadx --no-res --single-class ShadowMethodT -d /Users/lordcasser/workspace/projects/jarde/openspec/evidence/raw-receiver-field-selection-2026-10-09/jdk23/debug/jadx/ShadowMethodT /Users/lordcasser/workspace/projects/jarde/openspec/evidence/raw-receiver-field-selection-2026-10-09/jdk23/debug/input/ShadowMethodT.jar
jdk23/debug/ShadowMethodT/jadx-javac	0	/Library/Java/JavaVirtualMachines/openjdk-23.0.1/Contents/Home/bin/javac --release 8 -g -d /var/folders/gm/lzn3ylzx4lz7mx29lftngdz40000gn/T/jarde-raw-receiver-ohp3jvwo/jadx-run /Users/lordcasser/workspace/projects/jarde/openspec/evidence/raw-receiver-field-selection-2026-10-09/jdk23/debug/jadx/ShadowMethodT.java /Users/lordcasser/workspace/projects/jarde/openspec/evidence/raw-receiver-field-selection-2026-10-09/source/ReceiverProbe.java
jdk23/debug/ShadowMethodT/jadx-verify-run	0	/Library/Java/JavaVirtualMachines/openjdk-23.0.1/Contents/Home/bin/java -Xverify:all -cp /var/folders/gm/lzn3ylzx4lz7mx29lftngdz40000gn/T/jarde-raw-receiver-ohp3jvwo/jadx-run ReceiverProbe defpackage.ShadowMethodT
jdk23/debug/ShadowMethodT/jadx-source-header	0	nonempty class source
jdk23/no-debug/ShadowMethodT/original-javac	0	/Library/Java/JavaVirtualMachines/openjdk-23.0.1/Contents/Home/bin/javac --release 8 -g:none -d /var/folders/gm/lzn3ylzx4lz7mx29lftngdz40000gn/T/jarde-raw-receiver-yb_bose2/original /Users/lordcasser/workspace/projects/jarde/openspec/evidence/raw-receiver-field-selection-2026-10-09/source/ShadowMethodT.java
jdk23/no-debug/ShadowMethodT/jar	0	/Library/Java/JavaVirtualMachines/openjdk-23.0.1/Contents/Home/bin/jar cfM /Users/lordcasser/workspace/projects/jarde/openspec/evidence/raw-receiver-field-selection-2026-10-09/jdk23/no-debug/input/ShadowMethodT.jar -C /var/folders/gm/lzn3ylzx4lz7mx29lftngdz40000gn/T/jarde-raw-receiver-yb_bose2/original ShadowMethodT.class
jdk23/no-debug/ShadowMethodT/jar-contents	0	/Library/Java/JavaVirtualMachines/openjdk-23.0.1/Contents/Home/bin/jar tf /Users/lordcasser/workspace/projects/jarde/openspec/evidence/raw-receiver-field-selection-2026-10-09/jdk23/no-debug/input/ShadowMethodT.jar
jdk23/no-debug/ShadowMethodT/javap	0	/Library/Java/JavaVirtualMachines/openjdk-23.0.1/Contents/Home/bin/javap -p -c -s -v -classpath /Users/lordcasser/workspace/projects/jarde/openspec/evidence/raw-receiver-field-selection-2026-10-09/jdk23/no-debug/input/ShadowMethodT.jar ShadowMethodT
jdk23/no-debug/ShadowMethodT/jarde-cli	0	/private/tmp/jarde-class-ctor-final-cli class-source --input /Users/lordcasser/workspace/projects/jarde/openspec/evidence/raw-receiver-field-selection-2026-10-09/jdk23/no-debug/input/ShadowMethodT.jar --class ShadowMethodT --policy plain-jar --release 8 --format text
jdk23/no-debug/ShadowMethodT/jarde-source-header	0	nonempty self-describing source header
jdk23/no-debug/ShadowMethodT/original-javac	0	/Library/Java/JavaVirtualMachines/openjdk-23.0.1/Contents/Home/bin/javac --release 8 -g:none -d /var/folders/gm/lzn3ylzx4lz7mx29lftngdz40000gn/T/jarde-raw-receiver-yb_bose2/original-run /Users/lordcasser/workspace/projects/jarde/openspec/evidence/raw-receiver-field-selection-2026-10-09/source/ShadowMethodT.java /Users/lordcasser/workspace/projects/jarde/openspec/evidence/raw-receiver-field-selection-2026-10-09/source/ReceiverProbe.java
jdk23/no-debug/ShadowMethodT/original-verify-run	0	/Library/Java/JavaVirtualMachines/openjdk-23.0.1/Contents/Home/bin/java -Xverify:all -cp /var/folders/gm/lzn3ylzx4lz7mx29lftngdz40000gn/T/jarde-raw-receiver-yb_bose2/original-run ReceiverProbe ShadowMethodT
jdk23/no-debug/ShadowMethodT/jarde-javac	0	/Library/Java/JavaVirtualMachines/openjdk-23.0.1/Contents/Home/bin/javac --release 8 -g:none -d /var/folders/gm/lzn3ylzx4lz7mx29lftngdz40000gn/T/jarde-raw-receiver-yb_bose2/jarde-run /Users/lordcasser/workspace/projects/jarde/openspec/evidence/raw-receiver-field-selection-2026-10-09/jdk23/no-debug/jarde/ShadowMethodT.java /Users/lordcasser/workspace/projects/jarde/openspec/evidence/raw-receiver-field-selection-2026-10-09/source/ReceiverProbe.java
jdk23/no-debug/ShadowMethodT/jarde-verify-run	0	/Library/Java/JavaVirtualMachines/openjdk-23.0.1/Contents/Home/bin/java -Xverify:all -cp /var/folders/gm/lzn3ylzx4lz7mx29lftngdz40000gn/T/jarde-raw-receiver-yb_bose2/jarde-run ReceiverProbe ShadowMethodT
jdk23/no-debug/ShadowMethodT/jadx-cli	0	/Users/lordcasser/workspace/testzone/jadx/jadx-cli/build/install/jadx/bin/jadx --no-res --single-class ShadowMethodT -d /Users/lordcasser/workspace/projects/jarde/openspec/evidence/raw-receiver-field-selection-2026-10-09/jdk23/no-debug/jadx/ShadowMethodT /Users/lordcasser/workspace/projects/jarde/openspec/evidence/raw-receiver-field-selection-2026-10-09/jdk23/no-debug/input/ShadowMethodT.jar
jdk23/no-debug/ShadowMethodT/jadx-javac	0	/Library/Java/JavaVirtualMachines/openjdk-23.0.1/Contents/Home/bin/javac --release 8 -g:none -d /var/folders/gm/lzn3ylzx4lz7mx29lftngdz40000gn/T/jarde-raw-receiver-yb_bose2/jadx-run /Users/lordcasser/workspace/projects/jarde/openspec/evidence/raw-receiver-field-selection-2026-10-09/jdk23/no-debug/jadx/ShadowMethodT.java /Users/lordcasser/workspace/projects/jarde/openspec/evidence/raw-receiver-field-selection-2026-10-09/source/ReceiverProbe.java
jdk23/no-debug/ShadowMethodT/jadx-verify-run	0	/Library/Java/JavaVirtualMachines/openjdk-23.0.1/Contents/Home/bin/java -Xverify:all -cp /var/folders/gm/lzn3ylzx4lz7mx29lftngdz40000gn/T/jarde-raw-receiver-yb_bose2/jadx-run ReceiverProbe defpackage.ShadowMethodT
jdk23/no-debug/ShadowMethodT/jadx-source-header	0	nonempty class source
jdk23/debug/DirectInstanceRawParam/original-javac	0	/Library/Java/JavaVirtualMachines/openjdk-23.0.1/Contents/Home/bin/javac --release 8 -g -d /var/folders/gm/lzn3ylzx4lz7mx29lftngdz40000gn/T/jarde-raw-receiver-1bao9_2c/original /Users/lordcasser/workspace/projects/jarde/openspec/evidence/raw-receiver-field-selection-2026-10-09/source/DirectInstanceRawParam.java
jdk23/debug/DirectInstanceRawParam/jar	0	/Library/Java/JavaVirtualMachines/openjdk-23.0.1/Contents/Home/bin/jar cfM /Users/lordcasser/workspace/projects/jarde/openspec/evidence/raw-receiver-field-selection-2026-10-09/jdk23/debug/input/DirectInstanceRawParam.jar -C /var/folders/gm/lzn3ylzx4lz7mx29lftngdz40000gn/T/jarde-raw-receiver-1bao9_2c/original DirectInstanceRawParam.class
jdk23/debug/DirectInstanceRawParam/jar-contents	0	/Library/Java/JavaVirtualMachines/openjdk-23.0.1/Contents/Home/bin/jar tf /Users/lordcasser/workspace/projects/jarde/openspec/evidence/raw-receiver-field-selection-2026-10-09/jdk23/debug/input/DirectInstanceRawParam.jar
jdk23/debug/DirectInstanceRawParam/javap	0	/Library/Java/JavaVirtualMachines/openjdk-23.0.1/Contents/Home/bin/javap -p -c -s -v -classpath /Users/lordcasser/workspace/projects/jarde/openspec/evidence/raw-receiver-field-selection-2026-10-09/jdk23/debug/input/DirectInstanceRawParam.jar DirectInstanceRawParam
jdk23/debug/DirectInstanceRawParam/jarde-cli	0	/private/tmp/jarde-class-ctor-final-cli class-source --input /Users/lordcasser/workspace/projects/jarde/openspec/evidence/raw-receiver-field-selection-2026-10-09/jdk23/debug/input/DirectInstanceRawParam.jar --class DirectInstanceRawParam --policy plain-jar --release 8 --format text
jdk23/debug/DirectInstanceRawParam/jarde-source-header	0	nonempty self-describing source header
jdk23/debug/DirectInstanceRawParam/original-javac	0	/Library/Java/JavaVirtualMachines/openjdk-23.0.1/Contents/Home/bin/javac --release 8 -g -d /var/folders/gm/lzn3ylzx4lz7mx29lftngdz40000gn/T/jarde-raw-receiver-1bao9_2c/original-run /Users/lordcasser/workspace/projects/jarde/openspec/evidence/raw-receiver-field-selection-2026-10-09/source/DirectInstanceRawParam.java /Users/lordcasser/workspace/projects/jarde/openspec/evidence/raw-receiver-field-selection-2026-10-09/source/ReceiverProbe.java
jdk23/debug/DirectInstanceRawParam/original-verify-run	0	/Library/Java/JavaVirtualMachines/openjdk-23.0.1/Contents/Home/bin/java -Xverify:all -cp /var/folders/gm/lzn3ylzx4lz7mx29lftngdz40000gn/T/jarde-raw-receiver-1bao9_2c/original-run ReceiverProbe DirectInstanceRawParam
jdk23/debug/DirectInstanceRawParam/jarde-javac	0	/Library/Java/JavaVirtualMachines/openjdk-23.0.1/Contents/Home/bin/javac --release 8 -g -d /var/folders/gm/lzn3ylzx4lz7mx29lftngdz40000gn/T/jarde-raw-receiver-1bao9_2c/jarde-run /Users/lordcasser/workspace/projects/jarde/openspec/evidence/raw-receiver-field-selection-2026-10-09/jdk23/debug/jarde/DirectInstanceRawParam.java /Users/lordcasser/workspace/projects/jarde/openspec/evidence/raw-receiver-field-selection-2026-10-09/source/ReceiverProbe.java
jdk23/debug/DirectInstanceRawParam/jarde-verify-run	0	/Library/Java/JavaVirtualMachines/openjdk-23.0.1/Contents/Home/bin/java -Xverify:all -cp /var/folders/gm/lzn3ylzx4lz7mx29lftngdz40000gn/T/jarde-raw-receiver-1bao9_2c/jarde-run ReceiverProbe DirectInstanceRawParam
jdk23/debug/DirectInstanceRawParam/jadx-cli	0	/Users/lordcasser/workspace/testzone/jadx/jadx-cli/build/install/jadx/bin/jadx --no-res --single-class DirectInstanceRawParam -d /Users/lordcasser/workspace/projects/jarde/openspec/evidence/raw-receiver-field-selection-2026-10-09/jdk23/debug/jadx/DirectInstanceRawParam /Users/lordcasser/workspace/projects/jarde/openspec/evidence/raw-receiver-field-selection-2026-10-09/jdk23/debug/input/DirectInstanceRawParam.jar
jdk23/debug/DirectInstanceRawParam/jadx-javac	0	/Library/Java/JavaVirtualMachines/openjdk-23.0.1/Contents/Home/bin/javac --release 8 -g -d /var/folders/gm/lzn3ylzx4lz7mx29lftngdz40000gn/T/jarde-raw-receiver-1bao9_2c/jadx-run /Users/lordcasser/workspace/projects/jarde/openspec/evidence/raw-receiver-field-selection-2026-10-09/jdk23/debug/jadx/DirectInstanceRawParam.java /Users/lordcasser/workspace/projects/jarde/openspec/evidence/raw-receiver-field-selection-2026-10-09/source/ReceiverProbe.java
jdk23/debug/DirectInstanceRawParam/jadx-verify-run	0	/Library/Java/JavaVirtualMachines/openjdk-23.0.1/Contents/Home/bin/java -Xverify:all -cp /var/folders/gm/lzn3ylzx4lz7mx29lftngdz40000gn/T/jarde-raw-receiver-1bao9_2c/jadx-run ReceiverProbe defpackage.DirectInstanceRawParam
jdk23/debug/DirectInstanceRawParam/jadx-source-header	0	nonempty class source
jdk23/no-debug/DirectInstanceRawParam/original-javac	0	/Library/Java/JavaVirtualMachines/openjdk-23.0.1/Contents/Home/bin/javac --release 8 -g:none -d /var/folders/gm/lzn3ylzx4lz7mx29lftngdz40000gn/T/jarde-raw-receiver-nkw6fjtu/original /Users/lordcasser/workspace/projects/jarde/openspec/evidence/raw-receiver-field-selection-2026-10-09/source/DirectInstanceRawParam.java
jdk23/no-debug/DirectInstanceRawParam/jar	0	/Library/Java/JavaVirtualMachines/openjdk-23.0.1/Contents/Home/bin/jar cfM /Users/lordcasser/workspace/projects/jarde/openspec/evidence/raw-receiver-field-selection-2026-10-09/jdk23/no-debug/input/DirectInstanceRawParam.jar -C /var/folders/gm/lzn3ylzx4lz7mx29lftngdz40000gn/T/jarde-raw-receiver-nkw6fjtu/original DirectInstanceRawParam.class
jdk23/no-debug/DirectInstanceRawParam/jar-contents	0	/Library/Java/JavaVirtualMachines/openjdk-23.0.1/Contents/Home/bin/jar tf /Users/lordcasser/workspace/projects/jarde/openspec/evidence/raw-receiver-field-selection-2026-10-09/jdk23/no-debug/input/DirectInstanceRawParam.jar
jdk23/no-debug/DirectInstanceRawParam/javap	0	/Library/Java/JavaVirtualMachines/openjdk-23.0.1/Contents/Home/bin/javap -p -c -s -v -classpath /Users/lordcasser/workspace/projects/jarde/openspec/evidence/raw-receiver-field-selection-2026-10-09/jdk23/no-debug/input/DirectInstanceRawParam.jar DirectInstanceRawParam
jdk23/no-debug/DirectInstanceRawParam/jarde-cli	0	/private/tmp/jarde-class-ctor-final-cli class-source --input /Users/lordcasser/workspace/projects/jarde/openspec/evidence/raw-receiver-field-selection-2026-10-09/jdk23/no-debug/input/DirectInstanceRawParam.jar --class DirectInstanceRawParam --policy plain-jar --release 8 --format text
jdk23/no-debug/DirectInstanceRawParam/jarde-source-header	0	nonempty self-describing source header
jdk23/no-debug/DirectInstanceRawParam/original-javac	0	/Library/Java/JavaVirtualMachines/openjdk-23.0.1/Contents/Home/bin/javac --release 8 -g:none -d /var/folders/gm/lzn3ylzx4lz7mx29lftngdz40000gn/T/jarde-raw-receiver-nkw6fjtu/original-run /Users/lordcasser/workspace/projects/jarde/openspec/evidence/raw-receiver-field-selection-2026-10-09/source/DirectInstanceRawParam.java /Users/lordcasser/workspace/projects/jarde/openspec/evidence/raw-receiver-field-selection-2026-10-09/source/ReceiverProbe.java
jdk23/no-debug/DirectInstanceRawParam/original-verify-run	0	/Library/Java/JavaVirtualMachines/openjdk-23.0.1/Contents/Home/bin/java -Xverify:all -cp /var/folders/gm/lzn3ylzx4lz7mx29lftngdz40000gn/T/jarde-raw-receiver-nkw6fjtu/original-run ReceiverProbe DirectInstanceRawParam
jdk23/no-debug/DirectInstanceRawParam/jarde-javac	0	/Library/Java/JavaVirtualMachines/openjdk-23.0.1/Contents/Home/bin/javac --release 8 -g:none -d /var/folders/gm/lzn3ylzx4lz7mx29lftngdz40000gn/T/jarde-raw-receiver-nkw6fjtu/jarde-run /Users/lordcasser/workspace/projects/jarde/openspec/evidence/raw-receiver-field-selection-2026-10-09/jdk23/no-debug/jarde/DirectInstanceRawParam.java /Users/lordcasser/workspace/projects/jarde/openspec/evidence/raw-receiver-field-selection-2026-10-09/source/ReceiverProbe.java
jdk23/no-debug/DirectInstanceRawParam/jarde-verify-run	0	/Library/Java/JavaVirtualMachines/openjdk-23.0.1/Contents/Home/bin/java -Xverify:all -cp /var/folders/gm/lzn3ylzx4lz7mx29lftngdz40000gn/T/jarde-raw-receiver-nkw6fjtu/jarde-run ReceiverProbe DirectInstanceRawParam
jdk23/no-debug/DirectInstanceRawParam/jadx-cli	0	/Users/lordcasser/workspace/testzone/jadx/jadx-cli/build/install/jadx/bin/jadx --no-res --single-class DirectInstanceRawParam -d /Users/lordcasser/workspace/projects/jarde/openspec/evidence/raw-receiver-field-selection-2026-10-09/jdk23/no-debug/jadx/DirectInstanceRawParam /Users/lordcasser/workspace/projects/jarde/openspec/evidence/raw-receiver-field-selection-2026-10-09/jdk23/no-debug/input/DirectInstanceRawParam.jar
jdk23/no-debug/DirectInstanceRawParam/jadx-javac	0	/Library/Java/JavaVirtualMachines/openjdk-23.0.1/Contents/Home/bin/javac --release 8 -g:none -d /var/folders/gm/lzn3ylzx4lz7mx29lftngdz40000gn/T/jarde-raw-receiver-nkw6fjtu/jadx-run /Users/lordcasser/workspace/projects/jarde/openspec/evidence/raw-receiver-field-selection-2026-10-09/jdk23/no-debug/jadx/DirectInstanceRawParam.java /Users/lordcasser/workspace/projects/jarde/openspec/evidence/raw-receiver-field-selection-2026-10-09/source/ReceiverProbe.java
jdk23/no-debug/DirectInstanceRawParam/jadx-verify-run	0	/Library/Java/JavaVirtualMachines/openjdk-23.0.1/Contents/Home/bin/java -Xverify:all -cp /var/folders/gm/lzn3ylzx4lz7mx29lftngdz40000gn/T/jarde-raw-receiver-nkw6fjtu/jadx-run ReceiverProbe defpackage.DirectInstanceRawParam
jdk23/no-debug/DirectInstanceRawParam/jadx-source-header	0	nonempty class source
jdk23/debug/WideRawParam/original-javac	0	/Library/Java/JavaVirtualMachines/openjdk-23.0.1/Contents/Home/bin/javac --release 8 -g -d /var/folders/gm/lzn3ylzx4lz7mx29lftngdz40000gn/T/jarde-raw-receiver-sfdlr7y4/original /Users/lordcasser/workspace/projects/jarde/openspec/evidence/raw-receiver-field-selection-2026-10-09/source/WideRawParam.java
jdk23/debug/WideRawParam/jar	0	/Library/Java/JavaVirtualMachines/openjdk-23.0.1/Contents/Home/bin/jar cfM /Users/lordcasser/workspace/projects/jarde/openspec/evidence/raw-receiver-field-selection-2026-10-09/jdk23/debug/input/WideRawParam.jar -C /var/folders/gm/lzn3ylzx4lz7mx29lftngdz40000gn/T/jarde-raw-receiver-sfdlr7y4/original WideRawParam.class
jdk23/debug/WideRawParam/jar-contents	0	/Library/Java/JavaVirtualMachines/openjdk-23.0.1/Contents/Home/bin/jar tf /Users/lordcasser/workspace/projects/jarde/openspec/evidence/raw-receiver-field-selection-2026-10-09/jdk23/debug/input/WideRawParam.jar
jdk23/debug/WideRawParam/javap	0	/Library/Java/JavaVirtualMachines/openjdk-23.0.1/Contents/Home/bin/javap -p -c -s -v -classpath /Users/lordcasser/workspace/projects/jarde/openspec/evidence/raw-receiver-field-selection-2026-10-09/jdk23/debug/input/WideRawParam.jar WideRawParam
jdk23/debug/WideRawParam/jarde-cli	0	/private/tmp/jarde-class-ctor-final-cli class-source --input /Users/lordcasser/workspace/projects/jarde/openspec/evidence/raw-receiver-field-selection-2026-10-09/jdk23/debug/input/WideRawParam.jar --class WideRawParam --policy plain-jar --release 8 --format text
jdk23/debug/WideRawParam/jarde-source-header	0	nonempty self-describing source header
jdk23/debug/WideRawParam/original-javac	0	/Library/Java/JavaVirtualMachines/openjdk-23.0.1/Contents/Home/bin/javac --release 8 -g -d /var/folders/gm/lzn3ylzx4lz7mx29lftngdz40000gn/T/jarde-raw-receiver-sfdlr7y4/original-run /Users/lordcasser/workspace/projects/jarde/openspec/evidence/raw-receiver-field-selection-2026-10-09/source/WideRawParam.java /Users/lordcasser/workspace/projects/jarde/openspec/evidence/raw-receiver-field-selection-2026-10-09/source/ReceiverProbe.java
jdk23/debug/WideRawParam/original-verify-run	0	/Library/Java/JavaVirtualMachines/openjdk-23.0.1/Contents/Home/bin/java -Xverify:all -cp /var/folders/gm/lzn3ylzx4lz7mx29lftngdz40000gn/T/jarde-raw-receiver-sfdlr7y4/original-run ReceiverProbe WideRawParam
jdk23/debug/WideRawParam/jarde-javac	0	/Library/Java/JavaVirtualMachines/openjdk-23.0.1/Contents/Home/bin/javac --release 8 -g -d /var/folders/gm/lzn3ylzx4lz7mx29lftngdz40000gn/T/jarde-raw-receiver-sfdlr7y4/jarde-run /Users/lordcasser/workspace/projects/jarde/openspec/evidence/raw-receiver-field-selection-2026-10-09/jdk23/debug/jarde/WideRawParam.java /Users/lordcasser/workspace/projects/jarde/openspec/evidence/raw-receiver-field-selection-2026-10-09/source/ReceiverProbe.java
jdk23/debug/WideRawParam/jarde-verify-run	0	/Library/Java/JavaVirtualMachines/openjdk-23.0.1/Contents/Home/bin/java -Xverify:all -cp /var/folders/gm/lzn3ylzx4lz7mx29lftngdz40000gn/T/jarde-raw-receiver-sfdlr7y4/jarde-run ReceiverProbe WideRawParam
jdk23/debug/WideRawParam/jadx-cli	0	/Users/lordcasser/workspace/testzone/jadx/jadx-cli/build/install/jadx/bin/jadx --no-res --single-class WideRawParam -d /Users/lordcasser/workspace/projects/jarde/openspec/evidence/raw-receiver-field-selection-2026-10-09/jdk23/debug/jadx/WideRawParam /Users/lordcasser/workspace/projects/jarde/openspec/evidence/raw-receiver-field-selection-2026-10-09/jdk23/debug/input/WideRawParam.jar
jdk23/debug/WideRawParam/jadx-javac	0	/Library/Java/JavaVirtualMachines/openjdk-23.0.1/Contents/Home/bin/javac --release 8 -g -d /var/folders/gm/lzn3ylzx4lz7mx29lftngdz40000gn/T/jarde-raw-receiver-sfdlr7y4/jadx-run /Users/lordcasser/workspace/projects/jarde/openspec/evidence/raw-receiver-field-selection-2026-10-09/jdk23/debug/jadx/WideRawParam.java /Users/lordcasser/workspace/projects/jarde/openspec/evidence/raw-receiver-field-selection-2026-10-09/source/ReceiverProbe.java
jdk23/debug/WideRawParam/jadx-verify-run	0	/Library/Java/JavaVirtualMachines/openjdk-23.0.1/Contents/Home/bin/java -Xverify:all -cp /var/folders/gm/lzn3ylzx4lz7mx29lftngdz40000gn/T/jarde-raw-receiver-sfdlr7y4/jadx-run ReceiverProbe defpackage.WideRawParam
jdk23/debug/WideRawParam/jadx-source-header	0	nonempty class source
jdk23/no-debug/WideRawParam/original-javac	0	/Library/Java/JavaVirtualMachines/openjdk-23.0.1/Contents/Home/bin/javac --release 8 -g:none -d /var/folders/gm/lzn3ylzx4lz7mx29lftngdz40000gn/T/jarde-raw-receiver-x5loga68/original /Users/lordcasser/workspace/projects/jarde/openspec/evidence/raw-receiver-field-selection-2026-10-09/source/WideRawParam.java
jdk23/no-debug/WideRawParam/jar	0	/Library/Java/JavaVirtualMachines/openjdk-23.0.1/Contents/Home/bin/jar cfM /Users/lordcasser/workspace/projects/jarde/openspec/evidence/raw-receiver-field-selection-2026-10-09/jdk23/no-debug/input/WideRawParam.jar -C /var/folders/gm/lzn3ylzx4lz7mx29lftngdz40000gn/T/jarde-raw-receiver-x5loga68/original WideRawParam.class
jdk23/no-debug/WideRawParam/jar-contents	0	/Library/Java/JavaVirtualMachines/openjdk-23.0.1/Contents/Home/bin/jar tf /Users/lordcasser/workspace/projects/jarde/openspec/evidence/raw-receiver-field-selection-2026-10-09/jdk23/no-debug/input/WideRawParam.jar
jdk23/no-debug/WideRawParam/javap	0	/Library/Java/JavaVirtualMachines/openjdk-23.0.1/Contents/Home/bin/javap -p -c -s -v -classpath /Users/lordcasser/workspace/projects/jarde/openspec/evidence/raw-receiver-field-selection-2026-10-09/jdk23/no-debug/input/WideRawParam.jar WideRawParam
jdk23/no-debug/WideRawParam/jarde-cli	0	/private/tmp/jarde-class-ctor-final-cli class-source --input /Users/lordcasser/workspace/projects/jarde/openspec/evidence/raw-receiver-field-selection-2026-10-09/jdk23/no-debug/input/WideRawParam.jar --class WideRawParam --policy plain-jar --release 8 --format text
jdk23/no-debug/WideRawParam/jarde-source-header	0	nonempty self-describing source header
jdk23/no-debug/WideRawParam/original-javac	0	/Library/Java/JavaVirtualMachines/openjdk-23.0.1/Contents/Home/bin/javac --release 8 -g:none -d /var/folders/gm/lzn3ylzx4lz7mx29lftngdz40000gn/T/jarde-raw-receiver-x5loga68/original-run /Users/lordcasser/workspace/projects/jarde/openspec/evidence/raw-receiver-field-selection-2026-10-09/source/WideRawParam.java /Users/lordcasser/workspace/projects/jarde/openspec/evidence/raw-receiver-field-selection-2026-10-09/source/ReceiverProbe.java
jdk23/no-debug/WideRawParam/original-verify-run	0	/Library/Java/JavaVirtualMachines/openjdk-23.0.1/Contents/Home/bin/java -Xverify:all -cp /var/folders/gm/lzn3ylzx4lz7mx29lftngdz40000gn/T/jarde-raw-receiver-x5loga68/original-run ReceiverProbe WideRawParam
jdk23/no-debug/WideRawParam/jarde-javac	0	/Library/Java/JavaVirtualMachines/openjdk-23.0.1/Contents/Home/bin/javac --release 8 -g:none -d /var/folders/gm/lzn3ylzx4lz7mx29lftngdz40000gn/T/jarde-raw-receiver-x5loga68/jarde-run /Users/lordcasser/workspace/projects/jarde/openspec/evidence/raw-receiver-field-selection-2026-10-09/jdk23/no-debug/jarde/WideRawParam.java /Users/lordcasser/workspace/projects/jarde/openspec/evidence/raw-receiver-field-selection-2026-10-09/source/ReceiverProbe.java
jdk23/no-debug/WideRawParam/jarde-verify-run	0	/Library/Java/JavaVirtualMachines/openjdk-23.0.1/Contents/Home/bin/java -Xverify:all -cp /var/folders/gm/lzn3ylzx4lz7mx29lftngdz40000gn/T/jarde-raw-receiver-x5loga68/jarde-run ReceiverProbe WideRawParam
jdk23/no-debug/WideRawParam/jadx-cli	0	/Users/lordcasser/workspace/testzone/jadx/jadx-cli/build/install/jadx/bin/jadx --no-res --single-class WideRawParam -d /Users/lordcasser/workspace/projects/jarde/openspec/evidence/raw-receiver-field-selection-2026-10-09/jdk23/no-debug/jadx/WideRawParam /Users/lordcasser/workspace/projects/jarde/openspec/evidence/raw-receiver-field-selection-2026-10-09/jdk23/no-debug/input/WideRawParam.jar
jdk23/no-debug/WideRawParam/jadx-javac	0	/Library/Java/JavaVirtualMachines/openjdk-23.0.1/Contents/Home/bin/javac --release 8 -g:none -d /var/folders/gm/lzn3ylzx4lz7mx29lftngdz40000gn/T/jarde-raw-receiver-x5loga68/jadx-run /Users/lordcasser/workspace/projects/jarde/openspec/evidence/raw-receiver-field-selection-2026-10-09/jdk23/no-debug/jadx/WideRawParam.java /Users/lordcasser/workspace/projects/jarde/openspec/evidence/raw-receiver-field-selection-2026-10-09/source/ReceiverProbe.java
jdk23/no-debug/WideRawParam/jadx-verify-run	0	/Library/Java/JavaVirtualMachines/openjdk-23.0.1/Contents/Home/bin/java -Xverify:all -cp /var/folders/gm/lzn3ylzx4lz7mx29lftngdz40000gn/T/jarde-raw-receiver-x5loga68/jadx-run ReceiverProbe defpackage.WideRawParam
jdk23/no-debug/WideRawParam/jadx-source-header	0	nonempty class source
jdk23/debug/ArrayRawParam/original-javac	0	/Library/Java/JavaVirtualMachines/openjdk-23.0.1/Contents/Home/bin/javac --release 8 -g -d /var/folders/gm/lzn3ylzx4lz7mx29lftngdz40000gn/T/jarde-raw-receiver-jb43zjqc/original /Users/lordcasser/workspace/projects/jarde/openspec/evidence/raw-receiver-field-selection-2026-10-09/source/ArrayRawParam.java
jdk23/debug/ArrayRawParam/jar	0	/Library/Java/JavaVirtualMachines/openjdk-23.0.1/Contents/Home/bin/jar cfM /Users/lordcasser/workspace/projects/jarde/openspec/evidence/raw-receiver-field-selection-2026-10-09/jdk23/debug/input/ArrayRawParam.jar -C /var/folders/gm/lzn3ylzx4lz7mx29lftngdz40000gn/T/jarde-raw-receiver-jb43zjqc/original ArrayRawParam.class
jdk23/debug/ArrayRawParam/jar-contents	0	/Library/Java/JavaVirtualMachines/openjdk-23.0.1/Contents/Home/bin/jar tf /Users/lordcasser/workspace/projects/jarde/openspec/evidence/raw-receiver-field-selection-2026-10-09/jdk23/debug/input/ArrayRawParam.jar
jdk23/debug/ArrayRawParam/javap	0	/Library/Java/JavaVirtualMachines/openjdk-23.0.1/Contents/Home/bin/javap -p -c -s -v -classpath /Users/lordcasser/workspace/projects/jarde/openspec/evidence/raw-receiver-field-selection-2026-10-09/jdk23/debug/input/ArrayRawParam.jar ArrayRawParam
jdk23/debug/ArrayRawParam/jarde-cli	0	/private/tmp/jarde-class-ctor-final-cli class-source --input /Users/lordcasser/workspace/projects/jarde/openspec/evidence/raw-receiver-field-selection-2026-10-09/jdk23/debug/input/ArrayRawParam.jar --class ArrayRawParam --policy plain-jar --release 8 --format text
jdk23/debug/ArrayRawParam/jarde-source-header	0	nonempty self-describing source header
jdk23/debug/ArrayRawParam/original-javac	0	/Library/Java/JavaVirtualMachines/openjdk-23.0.1/Contents/Home/bin/javac --release 8 -g -d /var/folders/gm/lzn3ylzx4lz7mx29lftngdz40000gn/T/jarde-raw-receiver-jb43zjqc/original-run /Users/lordcasser/workspace/projects/jarde/openspec/evidence/raw-receiver-field-selection-2026-10-09/source/ArrayRawParam.java /Users/lordcasser/workspace/projects/jarde/openspec/evidence/raw-receiver-field-selection-2026-10-09/source/ReceiverProbe.java
jdk23/debug/ArrayRawParam/original-verify-run	0	/Library/Java/JavaVirtualMachines/openjdk-23.0.1/Contents/Home/bin/java -Xverify:all -cp /var/folders/gm/lzn3ylzx4lz7mx29lftngdz40000gn/T/jarde-raw-receiver-jb43zjqc/original-run ReceiverProbe ArrayRawParam
jdk23/debug/ArrayRawParam/jarde-javac	0	/Library/Java/JavaVirtualMachines/openjdk-23.0.1/Contents/Home/bin/javac --release 8 -g -d /var/folders/gm/lzn3ylzx4lz7mx29lftngdz40000gn/T/jarde-raw-receiver-jb43zjqc/jarde-run /Users/lordcasser/workspace/projects/jarde/openspec/evidence/raw-receiver-field-selection-2026-10-09/jdk23/debug/jarde/ArrayRawParam.java /Users/lordcasser/workspace/projects/jarde/openspec/evidence/raw-receiver-field-selection-2026-10-09/source/ReceiverProbe.java
jdk23/debug/ArrayRawParam/jarde-verify-run	0	/Library/Java/JavaVirtualMachines/openjdk-23.0.1/Contents/Home/bin/java -Xverify:all -cp /var/folders/gm/lzn3ylzx4lz7mx29lftngdz40000gn/T/jarde-raw-receiver-jb43zjqc/jarde-run ReceiverProbe ArrayRawParam
jdk23/debug/ArrayRawParam/jadx-cli	0	/Users/lordcasser/workspace/testzone/jadx/jadx-cli/build/install/jadx/bin/jadx --no-res --single-class ArrayRawParam -d /Users/lordcasser/workspace/projects/jarde/openspec/evidence/raw-receiver-field-selection-2026-10-09/jdk23/debug/jadx/ArrayRawParam /Users/lordcasser/workspace/projects/jarde/openspec/evidence/raw-receiver-field-selection-2026-10-09/jdk23/debug/input/ArrayRawParam.jar
jdk23/debug/ArrayRawParam/jadx-javac	0	/Library/Java/JavaVirtualMachines/openjdk-23.0.1/Contents/Home/bin/javac --release 8 -g -d /var/folders/gm/lzn3ylzx4lz7mx29lftngdz40000gn/T/jarde-raw-receiver-jb43zjqc/jadx-run /Users/lordcasser/workspace/projects/jarde/openspec/evidence/raw-receiver-field-selection-2026-10-09/jdk23/debug/jadx/ArrayRawParam.java /Users/lordcasser/workspace/projects/jarde/openspec/evidence/raw-receiver-field-selection-2026-10-09/source/ReceiverProbe.java
jdk23/debug/ArrayRawParam/jadx-verify-run	0	/Library/Java/JavaVirtualMachines/openjdk-23.0.1/Contents/Home/bin/java -Xverify:all -cp /var/folders/gm/lzn3ylzx4lz7mx29lftngdz40000gn/T/jarde-raw-receiver-jb43zjqc/jadx-run ReceiverProbe defpackage.ArrayRawParam
jdk23/debug/ArrayRawParam/jadx-source-header	0	nonempty class source
jdk23/no-debug/ArrayRawParam/original-javac	0	/Library/Java/JavaVirtualMachines/openjdk-23.0.1/Contents/Home/bin/javac --release 8 -g:none -d /var/folders/gm/lzn3ylzx4lz7mx29lftngdz40000gn/T/jarde-raw-receiver-2uqjscn2/original /Users/lordcasser/workspace/projects/jarde/openspec/evidence/raw-receiver-field-selection-2026-10-09/source/ArrayRawParam.java
jdk23/no-debug/ArrayRawParam/jar	0	/Library/Java/JavaVirtualMachines/openjdk-23.0.1/Contents/Home/bin/jar cfM /Users/lordcasser/workspace/projects/jarde/openspec/evidence/raw-receiver-field-selection-2026-10-09/jdk23/no-debug/input/ArrayRawParam.jar -C /var/folders/gm/lzn3ylzx4lz7mx29lftngdz40000gn/T/jarde-raw-receiver-2uqjscn2/original ArrayRawParam.class
jdk23/no-debug/ArrayRawParam/jar-contents	0	/Library/Java/JavaVirtualMachines/openjdk-23.0.1/Contents/Home/bin/jar tf /Users/lordcasser/workspace/projects/jarde/openspec/evidence/raw-receiver-field-selection-2026-10-09/jdk23/no-debug/input/ArrayRawParam.jar
jdk23/no-debug/ArrayRawParam/javap	0	/Library/Java/JavaVirtualMachines/openjdk-23.0.1/Contents/Home/bin/javap -p -c -s -v -classpath /Users/lordcasser/workspace/projects/jarde/openspec/evidence/raw-receiver-field-selection-2026-10-09/jdk23/no-debug/input/ArrayRawParam.jar ArrayRawParam
jdk23/no-debug/ArrayRawParam/jarde-cli	0	/private/tmp/jarde-class-ctor-final-cli class-source --input /Users/lordcasser/workspace/projects/jarde/openspec/evidence/raw-receiver-field-selection-2026-10-09/jdk23/no-debug/input/ArrayRawParam.jar --class ArrayRawParam --policy plain-jar --release 8 --format text
jdk23/no-debug/ArrayRawParam/jarde-source-header	0	nonempty self-describing source header
jdk23/no-debug/ArrayRawParam/original-javac	0	/Library/Java/JavaVirtualMachines/openjdk-23.0.1/Contents/Home/bin/javac --release 8 -g:none -d /var/folders/gm/lzn3ylzx4lz7mx29lftngdz40000gn/T/jarde-raw-receiver-2uqjscn2/original-run /Users/lordcasser/workspace/projects/jarde/openspec/evidence/raw-receiver-field-selection-2026-10-09/source/ArrayRawParam.java /Users/lordcasser/workspace/projects/jarde/openspec/evidence/raw-receiver-field-selection-2026-10-09/source/ReceiverProbe.java
jdk23/no-debug/ArrayRawParam/original-verify-run	0	/Library/Java/JavaVirtualMachines/openjdk-23.0.1/Contents/Home/bin/java -Xverify:all -cp /var/folders/gm/lzn3ylzx4lz7mx29lftngdz40000gn/T/jarde-raw-receiver-2uqjscn2/original-run ReceiverProbe ArrayRawParam
jdk23/no-debug/ArrayRawParam/jarde-javac	0	/Library/Java/JavaVirtualMachines/openjdk-23.0.1/Contents/Home/bin/javac --release 8 -g:none -d /var/folders/gm/lzn3ylzx4lz7mx29lftngdz40000gn/T/jarde-raw-receiver-2uqjscn2/jarde-run /Users/lordcasser/workspace/projects/jarde/openspec/evidence/raw-receiver-field-selection-2026-10-09/jdk23/no-debug/jarde/ArrayRawParam.java /Users/lordcasser/workspace/projects/jarde/openspec/evidence/raw-receiver-field-selection-2026-10-09/source/ReceiverProbe.java
jdk23/no-debug/ArrayRawParam/jarde-verify-run	0	/Library/Java/JavaVirtualMachines/openjdk-23.0.1/Contents/Home/bin/java -Xverify:all -cp /var/folders/gm/lzn3ylzx4lz7mx29lftngdz40000gn/T/jarde-raw-receiver-2uqjscn2/jarde-run ReceiverProbe ArrayRawParam
jdk23/no-debug/ArrayRawParam/jadx-cli	0	/Users/lordcasser/workspace/testzone/jadx/jadx-cli/build/install/jadx/bin/jadx --no-res --single-class ArrayRawParam -d /Users/lordcasser/workspace/projects/jarde/openspec/evidence/raw-receiver-field-selection-2026-10-09/jdk23/no-debug/jadx/ArrayRawParam /Users/lordcasser/workspace/projects/jarde/openspec/evidence/raw-receiver-field-selection-2026-10-09/jdk23/no-debug/input/ArrayRawParam.jar
jdk23/no-debug/ArrayRawParam/jadx-javac	0	/Library/Java/JavaVirtualMachines/openjdk-23.0.1/Contents/Home/bin/javac --release 8 -g:none -d /var/folders/gm/lzn3ylzx4lz7mx29lftngdz40000gn/T/jarde-raw-receiver-2uqjscn2/jadx-run /Users/lordcasser/workspace/projects/jarde/openspec/evidence/raw-receiver-field-selection-2026-10-09/jdk23/no-debug/jadx/ArrayRawParam.java /Users/lordcasser/workspace/projects/jarde/openspec/evidence/raw-receiver-field-selection-2026-10-09/source/ReceiverProbe.java
jdk23/no-debug/ArrayRawParam/jadx-verify-run	0	/Library/Java/JavaVirtualMachines/openjdk-23.0.1/Contents/Home/bin/java -Xverify:all -cp /var/folders/gm/lzn3ylzx4lz7mx29lftngdz40000gn/T/jarde-raw-receiver-2uqjscn2/jadx-run ReceiverProbe defpackage.ArrayRawParam
jdk23/no-debug/ArrayRawParam/jadx-source-header	0	nonempty class source
jdk23/debug/BoundRawParam/original-javac	0	/Library/Java/JavaVirtualMachines/openjdk-23.0.1/Contents/Home/bin/javac --release 8 -g -d /var/folders/gm/lzn3ylzx4lz7mx29lftngdz40000gn/T/jarde-raw-receiver-883j1mrn/original /Users/lordcasser/workspace/projects/jarde/openspec/evidence/raw-receiver-field-selection-2026-10-09/source/BoundRawParam.java
jdk23/debug/BoundRawParam/jar	0	/Library/Java/JavaVirtualMachines/openjdk-23.0.1/Contents/Home/bin/jar cfM /Users/lordcasser/workspace/projects/jarde/openspec/evidence/raw-receiver-field-selection-2026-10-09/jdk23/debug/input/BoundRawParam.jar -C /var/folders/gm/lzn3ylzx4lz7mx29lftngdz40000gn/T/jarde-raw-receiver-883j1mrn/original BoundRawParam.class
jdk23/debug/BoundRawParam/jar-contents	0	/Library/Java/JavaVirtualMachines/openjdk-23.0.1/Contents/Home/bin/jar tf /Users/lordcasser/workspace/projects/jarde/openspec/evidence/raw-receiver-field-selection-2026-10-09/jdk23/debug/input/BoundRawParam.jar
jdk23/debug/BoundRawParam/javap	0	/Library/Java/JavaVirtualMachines/openjdk-23.0.1/Contents/Home/bin/javap -p -c -s -v -classpath /Users/lordcasser/workspace/projects/jarde/openspec/evidence/raw-receiver-field-selection-2026-10-09/jdk23/debug/input/BoundRawParam.jar BoundRawParam
jdk23/debug/BoundRawParam/jarde-cli	0	/private/tmp/jarde-class-ctor-final-cli class-source --input /Users/lordcasser/workspace/projects/jarde/openspec/evidence/raw-receiver-field-selection-2026-10-09/jdk23/debug/input/BoundRawParam.jar --class BoundRawParam --policy plain-jar --release 8 --format text
jdk23/debug/BoundRawParam/jarde-source-header	0	nonempty self-describing source header
jdk23/debug/BoundRawParam/original-javac	0	/Library/Java/JavaVirtualMachines/openjdk-23.0.1/Contents/Home/bin/javac --release 8 -g -d /var/folders/gm/lzn3ylzx4lz7mx29lftngdz40000gn/T/jarde-raw-receiver-883j1mrn/original-run /Users/lordcasser/workspace/projects/jarde/openspec/evidence/raw-receiver-field-selection-2026-10-09/source/BoundRawParam.java /Users/lordcasser/workspace/projects/jarde/openspec/evidence/raw-receiver-field-selection-2026-10-09/source/ReceiverProbe.java
jdk23/debug/BoundRawParam/original-verify-run	0	/Library/Java/JavaVirtualMachines/openjdk-23.0.1/Contents/Home/bin/java -Xverify:all -cp /var/folders/gm/lzn3ylzx4lz7mx29lftngdz40000gn/T/jarde-raw-receiver-883j1mrn/original-run ReceiverProbe BoundRawParam
jdk23/debug/BoundRawParam/jarde-javac	0	/Library/Java/JavaVirtualMachines/openjdk-23.0.1/Contents/Home/bin/javac --release 8 -g -d /var/folders/gm/lzn3ylzx4lz7mx29lftngdz40000gn/T/jarde-raw-receiver-883j1mrn/jarde-run /Users/lordcasser/workspace/projects/jarde/openspec/evidence/raw-receiver-field-selection-2026-10-09/jdk23/debug/jarde/BoundRawParam.java /Users/lordcasser/workspace/projects/jarde/openspec/evidence/raw-receiver-field-selection-2026-10-09/source/ReceiverProbe.java
jdk23/debug/BoundRawParam/jarde-verify-run	0	/Library/Java/JavaVirtualMachines/openjdk-23.0.1/Contents/Home/bin/java -Xverify:all -cp /var/folders/gm/lzn3ylzx4lz7mx29lftngdz40000gn/T/jarde-raw-receiver-883j1mrn/jarde-run ReceiverProbe BoundRawParam
jdk23/debug/BoundRawParam/jadx-cli	0	/Users/lordcasser/workspace/testzone/jadx/jadx-cli/build/install/jadx/bin/jadx --no-res --single-class BoundRawParam -d /Users/lordcasser/workspace/projects/jarde/openspec/evidence/raw-receiver-field-selection-2026-10-09/jdk23/debug/jadx/BoundRawParam /Users/lordcasser/workspace/projects/jarde/openspec/evidence/raw-receiver-field-selection-2026-10-09/jdk23/debug/input/BoundRawParam.jar
jdk23/debug/BoundRawParam/jadx-javac	0	/Library/Java/JavaVirtualMachines/openjdk-23.0.1/Contents/Home/bin/javac --release 8 -g -d /var/folders/gm/lzn3ylzx4lz7mx29lftngdz40000gn/T/jarde-raw-receiver-883j1mrn/jadx-run /Users/lordcasser/workspace/projects/jarde/openspec/evidence/raw-receiver-field-selection-2026-10-09/jdk23/debug/jadx/BoundRawParam.java /Users/lordcasser/workspace/projects/jarde/openspec/evidence/raw-receiver-field-selection-2026-10-09/source/ReceiverProbe.java
jdk23/debug/BoundRawParam/jadx-verify-run	0	/Library/Java/JavaVirtualMachines/openjdk-23.0.1/Contents/Home/bin/java -Xverify:all -cp /var/folders/gm/lzn3ylzx4lz7mx29lftngdz40000gn/T/jarde-raw-receiver-883j1mrn/jadx-run ReceiverProbe defpackage.BoundRawParam
jdk23/debug/BoundRawParam/jadx-source-header	0	nonempty class source
jdk23/no-debug/BoundRawParam/original-javac	0	/Library/Java/JavaVirtualMachines/openjdk-23.0.1/Contents/Home/bin/javac --release 8 -g:none -d /var/folders/gm/lzn3ylzx4lz7mx29lftngdz40000gn/T/jarde-raw-receiver-0fg8f4jb/original /Users/lordcasser/workspace/projects/jarde/openspec/evidence/raw-receiver-field-selection-2026-10-09/source/BoundRawParam.java
jdk23/no-debug/BoundRawParam/jar	0	/Library/Java/JavaVirtualMachines/openjdk-23.0.1/Contents/Home/bin/jar cfM /Users/lordcasser/workspace/projects/jarde/openspec/evidence/raw-receiver-field-selection-2026-10-09/jdk23/no-debug/input/BoundRawParam.jar -C /var/folders/gm/lzn3ylzx4lz7mx29lftngdz40000gn/T/jarde-raw-receiver-0fg8f4jb/original BoundRawParam.class
jdk23/no-debug/BoundRawParam/jar-contents	0	/Library/Java/JavaVirtualMachines/openjdk-23.0.1/Contents/Home/bin/jar tf /Users/lordcasser/workspace/projects/jarde/openspec/evidence/raw-receiver-field-selection-2026-10-09/jdk23/no-debug/input/BoundRawParam.jar
jdk23/no-debug/BoundRawParam/javap	0	/Library/Java/JavaVirtualMachines/openjdk-23.0.1/Contents/Home/bin/javap -p -c -s -v -classpath /Users/lordcasser/workspace/projects/jarde/openspec/evidence/raw-receiver-field-selection-2026-10-09/jdk23/no-debug/input/BoundRawParam.jar BoundRawParam
jdk23/no-debug/BoundRawParam/jarde-cli	0	/private/tmp/jarde-class-ctor-final-cli class-source --input /Users/lordcasser/workspace/projects/jarde/openspec/evidence/raw-receiver-field-selection-2026-10-09/jdk23/no-debug/input/BoundRawParam.jar --class BoundRawParam --policy plain-jar --release 8 --format text
jdk23/no-debug/BoundRawParam/jarde-source-header	0	nonempty self-describing source header
jdk23/no-debug/BoundRawParam/original-javac	0	/Library/Java/JavaVirtualMachines/openjdk-23.0.1/Contents/Home/bin/javac --release 8 -g:none -d /var/folders/gm/lzn3ylzx4lz7mx29lftngdz40000gn/T/jarde-raw-receiver-0fg8f4jb/original-run /Users/lordcasser/workspace/projects/jarde/openspec/evidence/raw-receiver-field-selection-2026-10-09/source/BoundRawParam.java /Users/lordcasser/workspace/projects/jarde/openspec/evidence/raw-receiver-field-selection-2026-10-09/source/ReceiverProbe.java
jdk23/no-debug/BoundRawParam/original-verify-run	0	/Library/Java/JavaVirtualMachines/openjdk-23.0.1/Contents/Home/bin/java -Xverify:all -cp /var/folders/gm/lzn3ylzx4lz7mx29lftngdz40000gn/T/jarde-raw-receiver-0fg8f4jb/original-run ReceiverProbe BoundRawParam
jdk23/no-debug/BoundRawParam/jarde-javac	0	/Library/Java/JavaVirtualMachines/openjdk-23.0.1/Contents/Home/bin/javac --release 8 -g:none -d /var/folders/gm/lzn3ylzx4lz7mx29lftngdz40000gn/T/jarde-raw-receiver-0fg8f4jb/jarde-run /Users/lordcasser/workspace/projects/jarde/openspec/evidence/raw-receiver-field-selection-2026-10-09/jdk23/no-debug/jarde/BoundRawParam.java /Users/lordcasser/workspace/projects/jarde/openspec/evidence/raw-receiver-field-selection-2026-10-09/source/ReceiverProbe.java
jdk23/no-debug/BoundRawParam/jarde-verify-run	0	/Library/Java/JavaVirtualMachines/openjdk-23.0.1/Contents/Home/bin/java -Xverify:all -cp /var/folders/gm/lzn3ylzx4lz7mx29lftngdz40000gn/T/jarde-raw-receiver-0fg8f4jb/jarde-run ReceiverProbe BoundRawParam
jdk23/no-debug/BoundRawParam/jadx-cli	0	/Users/lordcasser/workspace/testzone/jadx/jadx-cli/build/install/jadx/bin/jadx --no-res --single-class BoundRawParam -d /Users/lordcasser/workspace/projects/jarde/openspec/evidence/raw-receiver-field-selection-2026-10-09/jdk23/no-debug/jadx/BoundRawParam /Users/lordcasser/workspace/projects/jarde/openspec/evidence/raw-receiver-field-selection-2026-10-09/jdk23/no-debug/input/BoundRawParam.jar
jdk23/no-debug/BoundRawParam/jadx-javac	0	/Library/Java/JavaVirtualMachines/openjdk-23.0.1/Contents/Home/bin/javac --release 8 -g:none -d /var/folders/gm/lzn3ylzx4lz7mx29lftngdz40000gn/T/jarde-raw-receiver-0fg8f4jb/jadx-run /Users/lordcasser/workspace/projects/jarde/openspec/evidence/raw-receiver-field-selection-2026-10-09/jdk23/no-debug/jadx/BoundRawParam.java /Users/lordcasser/workspace/projects/jarde/openspec/evidence/raw-receiver-field-selection-2026-10-09/source/ReceiverProbe.java
jdk23/no-debug/BoundRawParam/jadx-verify-run	0	/Library/Java/JavaVirtualMachines/openjdk-23.0.1/Contents/Home/bin/java -Xverify:all -cp /var/folders/gm/lzn3ylzx4lz7mx29lftngdz40000gn/T/jarde-raw-receiver-0fg8f4jb/jadx-run ReceiverProbe defpackage.BoundRawParam
jdk23/no-debug/BoundRawParam/jadx-source-header	0	nonempty class source
jdk23/debug/NullRawParam/original-javac	0	/Library/Java/JavaVirtualMachines/openjdk-23.0.1/Contents/Home/bin/javac --release 8 -g -d /var/folders/gm/lzn3ylzx4lz7mx29lftngdz40000gn/T/jarde-raw-receiver-b4994rr2/original /Users/lordcasser/workspace/projects/jarde/openspec/evidence/raw-receiver-field-selection-2026-10-09/source/NullRawParam.java
jdk23/debug/NullRawParam/jar	0	/Library/Java/JavaVirtualMachines/openjdk-23.0.1/Contents/Home/bin/jar cfM /Users/lordcasser/workspace/projects/jarde/openspec/evidence/raw-receiver-field-selection-2026-10-09/jdk23/debug/input/NullRawParam.jar -C /var/folders/gm/lzn3ylzx4lz7mx29lftngdz40000gn/T/jarde-raw-receiver-b4994rr2/original NullRawParam.class
jdk23/debug/NullRawParam/jar-contents	0	/Library/Java/JavaVirtualMachines/openjdk-23.0.1/Contents/Home/bin/jar tf /Users/lordcasser/workspace/projects/jarde/openspec/evidence/raw-receiver-field-selection-2026-10-09/jdk23/debug/input/NullRawParam.jar
jdk23/debug/NullRawParam/javap	0	/Library/Java/JavaVirtualMachines/openjdk-23.0.1/Contents/Home/bin/javap -p -c -s -v -classpath /Users/lordcasser/workspace/projects/jarde/openspec/evidence/raw-receiver-field-selection-2026-10-09/jdk23/debug/input/NullRawParam.jar NullRawParam
jdk23/debug/NullRawParam/jarde-cli	0	/private/tmp/jarde-class-ctor-final-cli class-source --input /Users/lordcasser/workspace/projects/jarde/openspec/evidence/raw-receiver-field-selection-2026-10-09/jdk23/debug/input/NullRawParam.jar --class NullRawParam --policy plain-jar --release 8 --format text
jdk23/debug/NullRawParam/jarde-source-header	0	nonempty self-describing source header
jdk23/debug/NullRawParam/original-javac	0	/Library/Java/JavaVirtualMachines/openjdk-23.0.1/Contents/Home/bin/javac --release 8 -g -d /var/folders/gm/lzn3ylzx4lz7mx29lftngdz40000gn/T/jarde-raw-receiver-b4994rr2/original-run /Users/lordcasser/workspace/projects/jarde/openspec/evidence/raw-receiver-field-selection-2026-10-09/source/NullRawParam.java /Users/lordcasser/workspace/projects/jarde/openspec/evidence/raw-receiver-field-selection-2026-10-09/source/ReceiverProbe.java
jdk23/debug/NullRawParam/original-verify-run	0	/Library/Java/JavaVirtualMachines/openjdk-23.0.1/Contents/Home/bin/java -Xverify:all -cp /var/folders/gm/lzn3ylzx4lz7mx29lftngdz40000gn/T/jarde-raw-receiver-b4994rr2/original-run ReceiverProbe NullRawParam
jdk23/debug/NullRawParam/jarde-javac	0	/Library/Java/JavaVirtualMachines/openjdk-23.0.1/Contents/Home/bin/javac --release 8 -g -d /var/folders/gm/lzn3ylzx4lz7mx29lftngdz40000gn/T/jarde-raw-receiver-b4994rr2/jarde-run /Users/lordcasser/workspace/projects/jarde/openspec/evidence/raw-receiver-field-selection-2026-10-09/jdk23/debug/jarde/NullRawParam.java /Users/lordcasser/workspace/projects/jarde/openspec/evidence/raw-receiver-field-selection-2026-10-09/source/ReceiverProbe.java
jdk23/debug/NullRawParam/jarde-verify-run	0	/Library/Java/JavaVirtualMachines/openjdk-23.0.1/Contents/Home/bin/java -Xverify:all -cp /var/folders/gm/lzn3ylzx4lz7mx29lftngdz40000gn/T/jarde-raw-receiver-b4994rr2/jarde-run ReceiverProbe NullRawParam
jdk23/debug/NullRawParam/jadx-cli	0	/Users/lordcasser/workspace/testzone/jadx/jadx-cli/build/install/jadx/bin/jadx --no-res --single-class NullRawParam -d /Users/lordcasser/workspace/projects/jarde/openspec/evidence/raw-receiver-field-selection-2026-10-09/jdk23/debug/jadx/NullRawParam /Users/lordcasser/workspace/projects/jarde/openspec/evidence/raw-receiver-field-selection-2026-10-09/jdk23/debug/input/NullRawParam.jar
jdk23/debug/NullRawParam/jadx-javac	0	/Library/Java/JavaVirtualMachines/openjdk-23.0.1/Contents/Home/bin/javac --release 8 -g -d /var/folders/gm/lzn3ylzx4lz7mx29lftngdz40000gn/T/jarde-raw-receiver-b4994rr2/jadx-run /Users/lordcasser/workspace/projects/jarde/openspec/evidence/raw-receiver-field-selection-2026-10-09/jdk23/debug/jadx/NullRawParam.java /Users/lordcasser/workspace/projects/jarde/openspec/evidence/raw-receiver-field-selection-2026-10-09/source/ReceiverProbe.java
jdk23/debug/NullRawParam/jadx-verify-run	0	/Library/Java/JavaVirtualMachines/openjdk-23.0.1/Contents/Home/bin/java -Xverify:all -cp /var/folders/gm/lzn3ylzx4lz7mx29lftngdz40000gn/T/jarde-raw-receiver-b4994rr2/jadx-run ReceiverProbe defpackage.NullRawParam
jdk23/debug/NullRawParam/jadx-source-header	0	nonempty class source
jdk23/no-debug/NullRawParam/original-javac	0	/Library/Java/JavaVirtualMachines/openjdk-23.0.1/Contents/Home/bin/javac --release 8 -g:none -d /var/folders/gm/lzn3ylzx4lz7mx29lftngdz40000gn/T/jarde-raw-receiver-pk0ij89s/original /Users/lordcasser/workspace/projects/jarde/openspec/evidence/raw-receiver-field-selection-2026-10-09/source/NullRawParam.java
jdk23/no-debug/NullRawParam/jar	0	/Library/Java/JavaVirtualMachines/openjdk-23.0.1/Contents/Home/bin/jar cfM /Users/lordcasser/workspace/projects/jarde/openspec/evidence/raw-receiver-field-selection-2026-10-09/jdk23/no-debug/input/NullRawParam.jar -C /var/folders/gm/lzn3ylzx4lz7mx29lftngdz40000gn/T/jarde-raw-receiver-pk0ij89s/original NullRawParam.class
jdk23/no-debug/NullRawParam/jar-contents	0	/Library/Java/JavaVirtualMachines/openjdk-23.0.1/Contents/Home/bin/jar tf /Users/lordcasser/workspace/projects/jarde/openspec/evidence/raw-receiver-field-selection-2026-10-09/jdk23/no-debug/input/NullRawParam.jar
jdk23/no-debug/NullRawParam/javap	0	/Library/Java/JavaVirtualMachines/openjdk-23.0.1/Contents/Home/bin/javap -p -c -s -v -classpath /Users/lordcasser/workspace/projects/jarde/openspec/evidence/raw-receiver-field-selection-2026-10-09/jdk23/no-debug/input/NullRawParam.jar NullRawParam
jdk23/no-debug/NullRawParam/jarde-cli	0	/private/tmp/jarde-class-ctor-final-cli class-source --input /Users/lordcasser/workspace/projects/jarde/openspec/evidence/raw-receiver-field-selection-2026-10-09/jdk23/no-debug/input/NullRawParam.jar --class NullRawParam --policy plain-jar --release 8 --format text
jdk23/no-debug/NullRawParam/jarde-source-header	0	nonempty self-describing source header
jdk23/no-debug/NullRawParam/original-javac	0	/Library/Java/JavaVirtualMachines/openjdk-23.0.1/Contents/Home/bin/javac --release 8 -g:none -d /var/folders/gm/lzn3ylzx4lz7mx29lftngdz40000gn/T/jarde-raw-receiver-pk0ij89s/original-run /Users/lordcasser/workspace/projects/jarde/openspec/evidence/raw-receiver-field-selection-2026-10-09/source/NullRawParam.java /Users/lordcasser/workspace/projects/jarde/openspec/evidence/raw-receiver-field-selection-2026-10-09/source/ReceiverProbe.java
jdk23/no-debug/NullRawParam/original-verify-run	0	/Library/Java/JavaVirtualMachines/openjdk-23.0.1/Contents/Home/bin/java -Xverify:all -cp /var/folders/gm/lzn3ylzx4lz7mx29lftngdz40000gn/T/jarde-raw-receiver-pk0ij89s/original-run ReceiverProbe NullRawParam
jdk23/no-debug/NullRawParam/jarde-javac	0	/Library/Java/JavaVirtualMachines/openjdk-23.0.1/Contents/Home/bin/javac --release 8 -g:none -d /var/folders/gm/lzn3ylzx4lz7mx29lftngdz40000gn/T/jarde-raw-receiver-pk0ij89s/jarde-run /Users/lordcasser/workspace/projects/jarde/openspec/evidence/raw-receiver-field-selection-2026-10-09/jdk23/no-debug/jarde/NullRawParam.java /Users/lordcasser/workspace/projects/jarde/openspec/evidence/raw-receiver-field-selection-2026-10-09/source/ReceiverProbe.java
jdk23/no-debug/NullRawParam/jarde-verify-run	0	/Library/Java/JavaVirtualMachines/openjdk-23.0.1/Contents/Home/bin/java -Xverify:all -cp /var/folders/gm/lzn3ylzx4lz7mx29lftngdz40000gn/T/jarde-raw-receiver-pk0ij89s/jarde-run ReceiverProbe NullRawParam
jdk23/no-debug/NullRawParam/jadx-cli	0	/Users/lordcasser/workspace/testzone/jadx/jadx-cli/build/install/jadx/bin/jadx --no-res --single-class NullRawParam -d /Users/lordcasser/workspace/projects/jarde/openspec/evidence/raw-receiver-field-selection-2026-10-09/jdk23/no-debug/jadx/NullRawParam /Users/lordcasser/workspace/projects/jarde/openspec/evidence/raw-receiver-field-selection-2026-10-09/jdk23/no-debug/input/NullRawParam.jar
jdk23/no-debug/NullRawParam/jadx-javac	0	/Library/Java/JavaVirtualMachines/openjdk-23.0.1/Contents/Home/bin/javac --release 8 -g:none -d /var/folders/gm/lzn3ylzx4lz7mx29lftngdz40000gn/T/jarde-raw-receiver-pk0ij89s/jadx-run /Users/lordcasser/workspace/projects/jarde/openspec/evidence/raw-receiver-field-selection-2026-10-09/jdk23/no-debug/jadx/NullRawParam.java /Users/lordcasser/workspace/projects/jarde/openspec/evidence/raw-receiver-field-selection-2026-10-09/source/ReceiverProbe.java
jdk23/no-debug/NullRawParam/jadx-verify-run	0	/Library/Java/JavaVirtualMachines/openjdk-23.0.1/Contents/Home/bin/java -Xverify:all -cp /var/folders/gm/lzn3ylzx4lz7mx29lftngdz40000gn/T/jarde-raw-receiver-pk0ij89s/jadx-run ReceiverProbe defpackage.NullRawParam
jdk23/no-debug/NullRawParam/jadx-source-header	0	nonempty class source
jdk23/debug/RetainedAliasRawParam/original-javac	0	/Library/Java/JavaVirtualMachines/openjdk-23.0.1/Contents/Home/bin/javac --release 8 -g -d /var/folders/gm/lzn3ylzx4lz7mx29lftngdz40000gn/T/jarde-raw-receiver-j9lah04e/original /Users/lordcasser/workspace/projects/jarde/openspec/evidence/raw-receiver-field-selection-2026-10-09/source/RetainedAliasRawParam.java
jdk23/debug/RetainedAliasRawParam/jar	0	/Library/Java/JavaVirtualMachines/openjdk-23.0.1/Contents/Home/bin/jar cfM /Users/lordcasser/workspace/projects/jarde/openspec/evidence/raw-receiver-field-selection-2026-10-09/jdk23/debug/input/RetainedAliasRawParam.jar -C /var/folders/gm/lzn3ylzx4lz7mx29lftngdz40000gn/T/jarde-raw-receiver-j9lah04e/original RetainedAliasRawParam.class
jdk23/debug/RetainedAliasRawParam/jar-contents	0	/Library/Java/JavaVirtualMachines/openjdk-23.0.1/Contents/Home/bin/jar tf /Users/lordcasser/workspace/projects/jarde/openspec/evidence/raw-receiver-field-selection-2026-10-09/jdk23/debug/input/RetainedAliasRawParam.jar
jdk23/debug/RetainedAliasRawParam/javap	0	/Library/Java/JavaVirtualMachines/openjdk-23.0.1/Contents/Home/bin/javap -p -c -s -v -classpath /Users/lordcasser/workspace/projects/jarde/openspec/evidence/raw-receiver-field-selection-2026-10-09/jdk23/debug/input/RetainedAliasRawParam.jar RetainedAliasRawParam
jdk23/debug/RetainedAliasRawParam/jarde-cli	0	/private/tmp/jarde-class-ctor-final-cli class-source --input /Users/lordcasser/workspace/projects/jarde/openspec/evidence/raw-receiver-field-selection-2026-10-09/jdk23/debug/input/RetainedAliasRawParam.jar --class RetainedAliasRawParam --policy plain-jar --release 8 --format text
jdk23/debug/RetainedAliasRawParam/jarde-source-header	0	nonempty self-describing source header
jdk23/debug/RetainedAliasRawParam/original-javac	0	/Library/Java/JavaVirtualMachines/openjdk-23.0.1/Contents/Home/bin/javac --release 8 -g -d /var/folders/gm/lzn3ylzx4lz7mx29lftngdz40000gn/T/jarde-raw-receiver-j9lah04e/original-run /Users/lordcasser/workspace/projects/jarde/openspec/evidence/raw-receiver-field-selection-2026-10-09/source/RetainedAliasRawParam.java /Users/lordcasser/workspace/projects/jarde/openspec/evidence/raw-receiver-field-selection-2026-10-09/source/ReceiverProbe.java
jdk23/debug/RetainedAliasRawParam/original-verify-run	0	/Library/Java/JavaVirtualMachines/openjdk-23.0.1/Contents/Home/bin/java -Xverify:all -cp /var/folders/gm/lzn3ylzx4lz7mx29lftngdz40000gn/T/jarde-raw-receiver-j9lah04e/original-run ReceiverProbe RetainedAliasRawParam
jdk23/debug/RetainedAliasRawParam/jarde-javac	0	/Library/Java/JavaVirtualMachines/openjdk-23.0.1/Contents/Home/bin/javac --release 8 -g -d /var/folders/gm/lzn3ylzx4lz7mx29lftngdz40000gn/T/jarde-raw-receiver-j9lah04e/jarde-run /Users/lordcasser/workspace/projects/jarde/openspec/evidence/raw-receiver-field-selection-2026-10-09/jdk23/debug/jarde/RetainedAliasRawParam.java /Users/lordcasser/workspace/projects/jarde/openspec/evidence/raw-receiver-field-selection-2026-10-09/source/ReceiverProbe.java
jdk23/debug/RetainedAliasRawParam/jarde-verify-run	0	/Library/Java/JavaVirtualMachines/openjdk-23.0.1/Contents/Home/bin/java -Xverify:all -cp /var/folders/gm/lzn3ylzx4lz7mx29lftngdz40000gn/T/jarde-raw-receiver-j9lah04e/jarde-run ReceiverProbe RetainedAliasRawParam
jdk23/debug/RetainedAliasRawParam/jadx-cli	0	/Users/lordcasser/workspace/testzone/jadx/jadx-cli/build/install/jadx/bin/jadx --no-res --single-class RetainedAliasRawParam -d /Users/lordcasser/workspace/projects/jarde/openspec/evidence/raw-receiver-field-selection-2026-10-09/jdk23/debug/jadx/RetainedAliasRawParam /Users/lordcasser/workspace/projects/jarde/openspec/evidence/raw-receiver-field-selection-2026-10-09/jdk23/debug/input/RetainedAliasRawParam.jar
jdk23/debug/RetainedAliasRawParam/jadx-javac	0	/Library/Java/JavaVirtualMachines/openjdk-23.0.1/Contents/Home/bin/javac --release 8 -g -d /var/folders/gm/lzn3ylzx4lz7mx29lftngdz40000gn/T/jarde-raw-receiver-j9lah04e/jadx-run /Users/lordcasser/workspace/projects/jarde/openspec/evidence/raw-receiver-field-selection-2026-10-09/jdk23/debug/jadx/RetainedAliasRawParam.java /Users/lordcasser/workspace/projects/jarde/openspec/evidence/raw-receiver-field-selection-2026-10-09/source/ReceiverProbe.java
jdk23/debug/RetainedAliasRawParam/jadx-verify-run	0	/Library/Java/JavaVirtualMachines/openjdk-23.0.1/Contents/Home/bin/java -Xverify:all -cp /var/folders/gm/lzn3ylzx4lz7mx29lftngdz40000gn/T/jarde-raw-receiver-j9lah04e/jadx-run ReceiverProbe defpackage.RetainedAliasRawParam
jdk23/debug/RetainedAliasRawParam/jadx-source-header	0	nonempty class source
jdk23/no-debug/RetainedAliasRawParam/original-javac	0	/Library/Java/JavaVirtualMachines/openjdk-23.0.1/Contents/Home/bin/javac --release 8 -g:none -d /var/folders/gm/lzn3ylzx4lz7mx29lftngdz40000gn/T/jarde-raw-receiver-zypufci7/original /Users/lordcasser/workspace/projects/jarde/openspec/evidence/raw-receiver-field-selection-2026-10-09/source/RetainedAliasRawParam.java
jdk23/no-debug/RetainedAliasRawParam/jar	0	/Library/Java/JavaVirtualMachines/openjdk-23.0.1/Contents/Home/bin/jar cfM /Users/lordcasser/workspace/projects/jarde/openspec/evidence/raw-receiver-field-selection-2026-10-09/jdk23/no-debug/input/RetainedAliasRawParam.jar -C /var/folders/gm/lzn3ylzx4lz7mx29lftngdz40000gn/T/jarde-raw-receiver-zypufci7/original RetainedAliasRawParam.class
jdk23/no-debug/RetainedAliasRawParam/jar-contents	0	/Library/Java/JavaVirtualMachines/openjdk-23.0.1/Contents/Home/bin/jar tf /Users/lordcasser/workspace/projects/jarde/openspec/evidence/raw-receiver-field-selection-2026-10-09/jdk23/no-debug/input/RetainedAliasRawParam.jar
jdk23/no-debug/RetainedAliasRawParam/javap	0	/Library/Java/JavaVirtualMachines/openjdk-23.0.1/Contents/Home/bin/javap -p -c -s -v -classpath /Users/lordcasser/workspace/projects/jarde/openspec/evidence/raw-receiver-field-selection-2026-10-09/jdk23/no-debug/input/RetainedAliasRawParam.jar RetainedAliasRawParam
jdk23/no-debug/RetainedAliasRawParam/jarde-cli	0	/private/tmp/jarde-class-ctor-final-cli class-source --input /Users/lordcasser/workspace/projects/jarde/openspec/evidence/raw-receiver-field-selection-2026-10-09/jdk23/no-debug/input/RetainedAliasRawParam.jar --class RetainedAliasRawParam --policy plain-jar --release 8 --format text
jdk23/no-debug/RetainedAliasRawParam/jarde-source-header	0	nonempty self-describing source header
jdk23/no-debug/RetainedAliasRawParam/original-javac	0	/Library/Java/JavaVirtualMachines/openjdk-23.0.1/Contents/Home/bin/javac --release 8 -g:none -d /var/folders/gm/lzn3ylzx4lz7mx29lftngdz40000gn/T/jarde-raw-receiver-zypufci7/original-run /Users/lordcasser/workspace/projects/jarde/openspec/evidence/raw-receiver-field-selection-2026-10-09/source/RetainedAliasRawParam.java /Users/lordcasser/workspace/projects/jarde/openspec/evidence/raw-receiver-field-selection-2026-10-09/source/ReceiverProbe.java
jdk23/no-debug/RetainedAliasRawParam/original-verify-run	0	/Library/Java/JavaVirtualMachines/openjdk-23.0.1/Contents/Home/bin/java -Xverify:all -cp /var/folders/gm/lzn3ylzx4lz7mx29lftngdz40000gn/T/jarde-raw-receiver-zypufci7/original-run ReceiverProbe RetainedAliasRawParam
jdk23/no-debug/RetainedAliasRawParam/jarde-javac	0	/Library/Java/JavaVirtualMachines/openjdk-23.0.1/Contents/Home/bin/javac --release 8 -g:none -d /var/folders/gm/lzn3ylzx4lz7mx29lftngdz40000gn/T/jarde-raw-receiver-zypufci7/jarde-run /Users/lordcasser/workspace/projects/jarde/openspec/evidence/raw-receiver-field-selection-2026-10-09/jdk23/no-debug/jarde/RetainedAliasRawParam.java /Users/lordcasser/workspace/projects/jarde/openspec/evidence/raw-receiver-field-selection-2026-10-09/source/ReceiverProbe.java
jdk23/no-debug/RetainedAliasRawParam/jarde-verify-run	0	/Library/Java/JavaVirtualMachines/openjdk-23.0.1/Contents/Home/bin/java -Xverify:all -cp /var/folders/gm/lzn3ylzx4lz7mx29lftngdz40000gn/T/jarde-raw-receiver-zypufci7/jarde-run ReceiverProbe RetainedAliasRawParam
jdk23/no-debug/RetainedAliasRawParam/jadx-cli	0	/Users/lordcasser/workspace/testzone/jadx/jadx-cli/build/install/jadx/bin/jadx --no-res --single-class RetainedAliasRawParam -d /Users/lordcasser/workspace/projects/jarde/openspec/evidence/raw-receiver-field-selection-2026-10-09/jdk23/no-debug/jadx/RetainedAliasRawParam /Users/lordcasser/workspace/projects/jarde/openspec/evidence/raw-receiver-field-selection-2026-10-09/jdk23/no-debug/input/RetainedAliasRawParam.jar
jdk23/no-debug/RetainedAliasRawParam/jadx-javac	0	/Library/Java/JavaVirtualMachines/openjdk-23.0.1/Contents/Home/bin/javac --release 8 -g:none -d /var/folders/gm/lzn3ylzx4lz7mx29lftngdz40000gn/T/jarde-raw-receiver-zypufci7/jadx-run /Users/lordcasser/workspace/projects/jarde/openspec/evidence/raw-receiver-field-selection-2026-10-09/jdk23/no-debug/jadx/RetainedAliasRawParam.java /Users/lordcasser/workspace/projects/jarde/openspec/evidence/raw-receiver-field-selection-2026-10-09/source/ReceiverProbe.java
jdk23/no-debug/RetainedAliasRawParam/jadx-verify-run	0	/Library/Java/JavaVirtualMachines/openjdk-23.0.1/Contents/Home/bin/java -Xverify:all -cp /var/folders/gm/lzn3ylzx4lz7mx29lftngdz40000gn/T/jarde-raw-receiver-zypufci7/jadx-run ReceiverProbe defpackage.RetainedAliasRawParam
jdk23/no-debug/RetainedAliasRawParam/jadx-source-header	0	nonempty class source
jdk23/debug/MultiFormalRawParam/original-javac	0	/Library/Java/JavaVirtualMachines/openjdk-23.0.1/Contents/Home/bin/javac --release 8 -g -d /var/folders/gm/lzn3ylzx4lz7mx29lftngdz40000gn/T/jarde-raw-receiver-13_x9tsy/original /Users/lordcasser/workspace/projects/jarde/openspec/evidence/raw-receiver-field-selection-2026-10-09/source/MultiFormalRawParam.java
jdk23/debug/MultiFormalRawParam/jar	0	/Library/Java/JavaVirtualMachines/openjdk-23.0.1/Contents/Home/bin/jar cfM /Users/lordcasser/workspace/projects/jarde/openspec/evidence/raw-receiver-field-selection-2026-10-09/jdk23/debug/input/MultiFormalRawParam.jar -C /var/folders/gm/lzn3ylzx4lz7mx29lftngdz40000gn/T/jarde-raw-receiver-13_x9tsy/original MultiFormalRawParam.class
jdk23/debug/MultiFormalRawParam/jar-contents	0	/Library/Java/JavaVirtualMachines/openjdk-23.0.1/Contents/Home/bin/jar tf /Users/lordcasser/workspace/projects/jarde/openspec/evidence/raw-receiver-field-selection-2026-10-09/jdk23/debug/input/MultiFormalRawParam.jar
jdk23/debug/MultiFormalRawParam/javap	0	/Library/Java/JavaVirtualMachines/openjdk-23.0.1/Contents/Home/bin/javap -p -c -s -v -classpath /Users/lordcasser/workspace/projects/jarde/openspec/evidence/raw-receiver-field-selection-2026-10-09/jdk23/debug/input/MultiFormalRawParam.jar MultiFormalRawParam
jdk23/debug/MultiFormalRawParam/jarde-cli	0	/private/tmp/jarde-class-ctor-final-cli class-source --input /Users/lordcasser/workspace/projects/jarde/openspec/evidence/raw-receiver-field-selection-2026-10-09/jdk23/debug/input/MultiFormalRawParam.jar --class MultiFormalRawParam --policy plain-jar --release 8 --format text
jdk23/debug/MultiFormalRawParam/jarde-source-header	0	nonempty self-describing source header
jdk23/debug/MultiFormalRawParam/original-javac	0	/Library/Java/JavaVirtualMachines/openjdk-23.0.1/Contents/Home/bin/javac --release 8 -g -d /var/folders/gm/lzn3ylzx4lz7mx29lftngdz40000gn/T/jarde-raw-receiver-13_x9tsy/original-run /Users/lordcasser/workspace/projects/jarde/openspec/evidence/raw-receiver-field-selection-2026-10-09/source/MultiFormalRawParam.java /Users/lordcasser/workspace/projects/jarde/openspec/evidence/raw-receiver-field-selection-2026-10-09/source/ReceiverProbe.java
jdk23/debug/MultiFormalRawParam/original-verify-run	0	/Library/Java/JavaVirtualMachines/openjdk-23.0.1/Contents/Home/bin/java -Xverify:all -cp /var/folders/gm/lzn3ylzx4lz7mx29lftngdz40000gn/T/jarde-raw-receiver-13_x9tsy/original-run ReceiverProbe MultiFormalRawParam
jdk23/debug/MultiFormalRawParam/jarde-javac	0	/Library/Java/JavaVirtualMachines/openjdk-23.0.1/Contents/Home/bin/javac --release 8 -g -d /var/folders/gm/lzn3ylzx4lz7mx29lftngdz40000gn/T/jarde-raw-receiver-13_x9tsy/jarde-run /Users/lordcasser/workspace/projects/jarde/openspec/evidence/raw-receiver-field-selection-2026-10-09/jdk23/debug/jarde/MultiFormalRawParam.java /Users/lordcasser/workspace/projects/jarde/openspec/evidence/raw-receiver-field-selection-2026-10-09/source/ReceiverProbe.java
jdk23/debug/MultiFormalRawParam/jarde-verify-run	0	/Library/Java/JavaVirtualMachines/openjdk-23.0.1/Contents/Home/bin/java -Xverify:all -cp /var/folders/gm/lzn3ylzx4lz7mx29lftngdz40000gn/T/jarde-raw-receiver-13_x9tsy/jarde-run ReceiverProbe MultiFormalRawParam
jdk23/debug/MultiFormalRawParam/jadx-cli	0	/Users/lordcasser/workspace/testzone/jadx/jadx-cli/build/install/jadx/bin/jadx --no-res --single-class MultiFormalRawParam -d /Users/lordcasser/workspace/projects/jarde/openspec/evidence/raw-receiver-field-selection-2026-10-09/jdk23/debug/jadx/MultiFormalRawParam /Users/lordcasser/workspace/projects/jarde/openspec/evidence/raw-receiver-field-selection-2026-10-09/jdk23/debug/input/MultiFormalRawParam.jar
jdk23/debug/MultiFormalRawParam/jadx-javac	0	/Library/Java/JavaVirtualMachines/openjdk-23.0.1/Contents/Home/bin/javac --release 8 -g -d /var/folders/gm/lzn3ylzx4lz7mx29lftngdz40000gn/T/jarde-raw-receiver-13_x9tsy/jadx-run /Users/lordcasser/workspace/projects/jarde/openspec/evidence/raw-receiver-field-selection-2026-10-09/jdk23/debug/jadx/MultiFormalRawParam.java /Users/lordcasser/workspace/projects/jarde/openspec/evidence/raw-receiver-field-selection-2026-10-09/source/ReceiverProbe.java
jdk23/debug/MultiFormalRawParam/jadx-verify-run	0	/Library/Java/JavaVirtualMachines/openjdk-23.0.1/Contents/Home/bin/java -Xverify:all -cp /var/folders/gm/lzn3ylzx4lz7mx29lftngdz40000gn/T/jarde-raw-receiver-13_x9tsy/jadx-run ReceiverProbe defpackage.MultiFormalRawParam
jdk23/debug/MultiFormalRawParam/jadx-source-header	0	nonempty class source
jdk23/no-debug/MultiFormalRawParam/original-javac	0	/Library/Java/JavaVirtualMachines/openjdk-23.0.1/Contents/Home/bin/javac --release 8 -g:none -d /var/folders/gm/lzn3ylzx4lz7mx29lftngdz40000gn/T/jarde-raw-receiver-t5_1isvw/original /Users/lordcasser/workspace/projects/jarde/openspec/evidence/raw-receiver-field-selection-2026-10-09/source/MultiFormalRawParam.java
jdk23/no-debug/MultiFormalRawParam/jar	0	/Library/Java/JavaVirtualMachines/openjdk-23.0.1/Contents/Home/bin/jar cfM /Users/lordcasser/workspace/projects/jarde/openspec/evidence/raw-receiver-field-selection-2026-10-09/jdk23/no-debug/input/MultiFormalRawParam.jar -C /var/folders/gm/lzn3ylzx4lz7mx29lftngdz40000gn/T/jarde-raw-receiver-t5_1isvw/original MultiFormalRawParam.class
jdk23/no-debug/MultiFormalRawParam/jar-contents	0	/Library/Java/JavaVirtualMachines/openjdk-23.0.1/Contents/Home/bin/jar tf /Users/lordcasser/workspace/projects/jarde/openspec/evidence/raw-receiver-field-selection-2026-10-09/jdk23/no-debug/input/MultiFormalRawParam.jar
jdk23/no-debug/MultiFormalRawParam/javap	0	/Library/Java/JavaVirtualMachines/openjdk-23.0.1/Contents/Home/bin/javap -p -c -s -v -classpath /Users/lordcasser/workspace/projects/jarde/openspec/evidence/raw-receiver-field-selection-2026-10-09/jdk23/no-debug/input/MultiFormalRawParam.jar MultiFormalRawParam
jdk23/no-debug/MultiFormalRawParam/jarde-cli	0	/private/tmp/jarde-class-ctor-final-cli class-source --input /Users/lordcasser/workspace/projects/jarde/openspec/evidence/raw-receiver-field-selection-2026-10-09/jdk23/no-debug/input/MultiFormalRawParam.jar --class MultiFormalRawParam --policy plain-jar --release 8 --format text
jdk23/no-debug/MultiFormalRawParam/jarde-source-header	0	nonempty self-describing source header
jdk23/no-debug/MultiFormalRawParam/original-javac	0	/Library/Java/JavaVirtualMachines/openjdk-23.0.1/Contents/Home/bin/javac --release 8 -g:none -d /var/folders/gm/lzn3ylzx4lz7mx29lftngdz40000gn/T/jarde-raw-receiver-t5_1isvw/original-run /Users/lordcasser/workspace/projects/jarde/openspec/evidence/raw-receiver-field-selection-2026-10-09/source/MultiFormalRawParam.java /Users/lordcasser/workspace/projects/jarde/openspec/evidence/raw-receiver-field-selection-2026-10-09/source/ReceiverProbe.java
jdk23/no-debug/MultiFormalRawParam/original-verify-run	0	/Library/Java/JavaVirtualMachines/openjdk-23.0.1/Contents/Home/bin/java -Xverify:all -cp /var/folders/gm/lzn3ylzx4lz7mx29lftngdz40000gn/T/jarde-raw-receiver-t5_1isvw/original-run ReceiverProbe MultiFormalRawParam
jdk23/no-debug/MultiFormalRawParam/jarde-javac	0	/Library/Java/JavaVirtualMachines/openjdk-23.0.1/Contents/Home/bin/javac --release 8 -g:none -d /var/folders/gm/lzn3ylzx4lz7mx29lftngdz40000gn/T/jarde-raw-receiver-t5_1isvw/jarde-run /Users/lordcasser/workspace/projects/jarde/openspec/evidence/raw-receiver-field-selection-2026-10-09/jdk23/no-debug/jarde/MultiFormalRawParam.java /Users/lordcasser/workspace/projects/jarde/openspec/evidence/raw-receiver-field-selection-2026-10-09/source/ReceiverProbe.java
jdk23/no-debug/MultiFormalRawParam/jarde-verify-run	0	/Library/Java/JavaVirtualMachines/openjdk-23.0.1/Contents/Home/bin/java -Xverify:all -cp /var/folders/gm/lzn3ylzx4lz7mx29lftngdz40000gn/T/jarde-raw-receiver-t5_1isvw/jarde-run ReceiverProbe MultiFormalRawParam
jdk23/no-debug/MultiFormalRawParam/jadx-cli	0	/Users/lordcasser/workspace/testzone/jadx/jadx-cli/build/install/jadx/bin/jadx --no-res --single-class MultiFormalRawParam -d /Users/lordcasser/workspace/projects/jarde/openspec/evidence/raw-receiver-field-selection-2026-10-09/jdk23/no-debug/jadx/MultiFormalRawParam /Users/lordcasser/workspace/projects/jarde/openspec/evidence/raw-receiver-field-selection-2026-10-09/jdk23/no-debug/input/MultiFormalRawParam.jar
jdk23/no-debug/MultiFormalRawParam/jadx-javac	0	/Library/Java/JavaVirtualMachines/openjdk-23.0.1/Contents/Home/bin/javac --release 8 -g:none -d /var/folders/gm/lzn3ylzx4lz7mx29lftngdz40000gn/T/jarde-raw-receiver-t5_1isvw/jadx-run /Users/lordcasser/workspace/projects/jarde/openspec/evidence/raw-receiver-field-selection-2026-10-09/jdk23/no-debug/jadx/MultiFormalRawParam.java /Users/lordcasser/workspace/projects/jarde/openspec/evidence/raw-receiver-field-selection-2026-10-09/source/ReceiverProbe.java
jdk23/no-debug/MultiFormalRawParam/jadx-verify-run	0	/Library/Java/JavaVirtualMachines/openjdk-23.0.1/Contents/Home/bin/java -Xverify:all -cp /var/folders/gm/lzn3ylzx4lz7mx29lftngdz40000gn/T/jarde-raw-receiver-t5_1isvw/jadx-run ReceiverProbe defpackage.MultiFormalRawParam
jdk23/no-debug/MultiFormalRawParam/jadx-source-header	0	nonempty class source
jdk23/debug/RawOwnerChild/original-javac	0	/Library/Java/JavaVirtualMachines/openjdk-23.0.1/Contents/Home/bin/javac --release 8 -g -d /var/folders/gm/lzn3ylzx4lz7mx29lftngdz40000gn/T/jarde-raw-receiver-s9uhis4l/original /Users/lordcasser/workspace/projects/jarde/openspec/evidence/raw-receiver-field-selection-2026-10-09/source/RawOwnerChild.java /Users/lordcasser/workspace/projects/jarde/openspec/evidence/raw-receiver-field-selection-2026-10-09/source/RawOwnerBase.java
jdk23/debug/RawOwnerChild/jar	0	/Library/Java/JavaVirtualMachines/openjdk-23.0.1/Contents/Home/bin/jar cfM /Users/lordcasser/workspace/projects/jarde/openspec/evidence/raw-receiver-field-selection-2026-10-09/jdk23/debug/input/RawOwnerChild.jar -C /var/folders/gm/lzn3ylzx4lz7mx29lftngdz40000gn/T/jarde-raw-receiver-s9uhis4l/original RawOwnerChild.class -C /var/folders/gm/lzn3ylzx4lz7mx29lftngdz40000gn/T/jarde-raw-receiver-s9uhis4l/original RawOwnerBase.class
jdk23/debug/RawOwnerChild/jar-contents	0	/Library/Java/JavaVirtualMachines/openjdk-23.0.1/Contents/Home/bin/jar tf /Users/lordcasser/workspace/projects/jarde/openspec/evidence/raw-receiver-field-selection-2026-10-09/jdk23/debug/input/RawOwnerChild.jar
jdk23/debug/RawOwnerChild/javap	0	/Library/Java/JavaVirtualMachines/openjdk-23.0.1/Contents/Home/bin/javap -p -c -s -v -classpath /Users/lordcasser/workspace/projects/jarde/openspec/evidence/raw-receiver-field-selection-2026-10-09/jdk23/debug/input/RawOwnerChild.jar RawOwnerChild
jdk23/debug/RawOwnerChild/jarde-cli	0	/private/tmp/jarde-class-ctor-final-cli class-source --input /Users/lordcasser/workspace/projects/jarde/openspec/evidence/raw-receiver-field-selection-2026-10-09/jdk23/debug/input/RawOwnerChild.jar --class RawOwnerChild --policy plain-jar --release 8 --format text
jdk23/debug/RawOwnerChild/jarde-source-header	0	nonempty self-describing source header
jdk23/debug/RawOwnerChild/original-javac	0	/Library/Java/JavaVirtualMachines/openjdk-23.0.1/Contents/Home/bin/javac --release 8 -g -d /var/folders/gm/lzn3ylzx4lz7mx29lftngdz40000gn/T/jarde-raw-receiver-s9uhis4l/original-run /Users/lordcasser/workspace/projects/jarde/openspec/evidence/raw-receiver-field-selection-2026-10-09/source/RawOwnerChild.java /Users/lordcasser/workspace/projects/jarde/openspec/evidence/raw-receiver-field-selection-2026-10-09/source/RawOwnerBase.java /Users/lordcasser/workspace/projects/jarde/openspec/evidence/raw-receiver-field-selection-2026-10-09/source/ReceiverProbe.java
jdk23/debug/RawOwnerChild/original-verify-run	0	/Library/Java/JavaVirtualMachines/openjdk-23.0.1/Contents/Home/bin/java -Xverify:all -cp /var/folders/gm/lzn3ylzx4lz7mx29lftngdz40000gn/T/jarde-raw-receiver-s9uhis4l/original-run ReceiverProbe RawOwnerChild
jdk23/debug/RawOwnerChild/jarde-javac	0	/Library/Java/JavaVirtualMachines/openjdk-23.0.1/Contents/Home/bin/javac --release 8 -g -d /var/folders/gm/lzn3ylzx4lz7mx29lftngdz40000gn/T/jarde-raw-receiver-s9uhis4l/jarde-run /Users/lordcasser/workspace/projects/jarde/openspec/evidence/raw-receiver-field-selection-2026-10-09/jdk23/debug/jarde/RawOwnerChild.java /Users/lordcasser/workspace/projects/jarde/openspec/evidence/raw-receiver-field-selection-2026-10-09/source/RawOwnerBase.java /Users/lordcasser/workspace/projects/jarde/openspec/evidence/raw-receiver-field-selection-2026-10-09/source/ReceiverProbe.java
jdk23/debug/RawOwnerChild/jarde-verify-run	0	/Library/Java/JavaVirtualMachines/openjdk-23.0.1/Contents/Home/bin/java -Xverify:all -cp /var/folders/gm/lzn3ylzx4lz7mx29lftngdz40000gn/T/jarde-raw-receiver-s9uhis4l/jarde-run ReceiverProbe RawOwnerChild
jdk23/debug/RawOwnerChild/jadx-cli	0	/Users/lordcasser/workspace/testzone/jadx/jadx-cli/build/install/jadx/bin/jadx --no-res -d /Users/lordcasser/workspace/projects/jarde/openspec/evidence/raw-receiver-field-selection-2026-10-09/jdk23/debug/jadx/RawOwnerChild /Users/lordcasser/workspace/projects/jarde/openspec/evidence/raw-receiver-field-selection-2026-10-09/jdk23/debug/input/RawOwnerChild.jar
jdk23/debug/RawOwnerChild/jadx-javac	0	/Library/Java/JavaVirtualMachines/openjdk-23.0.1/Contents/Home/bin/javac --release 8 -g -d /var/folders/gm/lzn3ylzx4lz7mx29lftngdz40000gn/T/jarde-raw-receiver-s9uhis4l/jadx-run /Users/lordcasser/workspace/projects/jarde/openspec/evidence/raw-receiver-field-selection-2026-10-09/jdk23/debug/jadx/RawOwnerChild/sources/defpackage/RawOwnerBase.java /Users/lordcasser/workspace/projects/jarde/openspec/evidence/raw-receiver-field-selection-2026-10-09/jdk23/debug/jadx/RawOwnerChild/sources/defpackage/RawOwnerChild.java /Users/lordcasser/workspace/projects/jarde/openspec/evidence/raw-receiver-field-selection-2026-10-09/source/ReceiverProbe.java
jdk23/debug/RawOwnerChild/jadx-verify-run	0	/Library/Java/JavaVirtualMachines/openjdk-23.0.1/Contents/Home/bin/java -Xverify:all -cp /var/folders/gm/lzn3ylzx4lz7mx29lftngdz40000gn/T/jarde-raw-receiver-s9uhis4l/jadx-run ReceiverProbe defpackage.RawOwnerChild
jdk23/debug/RawOwnerChild/jadx-source-header	0	nonempty class source
jdk23/no-debug/RawOwnerChild/original-javac	0	/Library/Java/JavaVirtualMachines/openjdk-23.0.1/Contents/Home/bin/javac --release 8 -g:none -d /var/folders/gm/lzn3ylzx4lz7mx29lftngdz40000gn/T/jarde-raw-receiver-mec2ej0w/original /Users/lordcasser/workspace/projects/jarde/openspec/evidence/raw-receiver-field-selection-2026-10-09/source/RawOwnerChild.java /Users/lordcasser/workspace/projects/jarde/openspec/evidence/raw-receiver-field-selection-2026-10-09/source/RawOwnerBase.java
jdk23/no-debug/RawOwnerChild/jar	0	/Library/Java/JavaVirtualMachines/openjdk-23.0.1/Contents/Home/bin/jar cfM /Users/lordcasser/workspace/projects/jarde/openspec/evidence/raw-receiver-field-selection-2026-10-09/jdk23/no-debug/input/RawOwnerChild.jar -C /var/folders/gm/lzn3ylzx4lz7mx29lftngdz40000gn/T/jarde-raw-receiver-mec2ej0w/original RawOwnerChild.class -C /var/folders/gm/lzn3ylzx4lz7mx29lftngdz40000gn/T/jarde-raw-receiver-mec2ej0w/original RawOwnerBase.class
jdk23/no-debug/RawOwnerChild/jar-contents	0	/Library/Java/JavaVirtualMachines/openjdk-23.0.1/Contents/Home/bin/jar tf /Users/lordcasser/workspace/projects/jarde/openspec/evidence/raw-receiver-field-selection-2026-10-09/jdk23/no-debug/input/RawOwnerChild.jar
jdk23/no-debug/RawOwnerChild/javap	0	/Library/Java/JavaVirtualMachines/openjdk-23.0.1/Contents/Home/bin/javap -p -c -s -v -classpath /Users/lordcasser/workspace/projects/jarde/openspec/evidence/raw-receiver-field-selection-2026-10-09/jdk23/no-debug/input/RawOwnerChild.jar RawOwnerChild
jdk23/no-debug/RawOwnerChild/jarde-cli	0	/private/tmp/jarde-class-ctor-final-cli class-source --input /Users/lordcasser/workspace/projects/jarde/openspec/evidence/raw-receiver-field-selection-2026-10-09/jdk23/no-debug/input/RawOwnerChild.jar --class RawOwnerChild --policy plain-jar --release 8 --format text
jdk23/no-debug/RawOwnerChild/jarde-source-header	0	nonempty self-describing source header
jdk23/no-debug/RawOwnerChild/original-javac	0	/Library/Java/JavaVirtualMachines/openjdk-23.0.1/Contents/Home/bin/javac --release 8 -g:none -d /var/folders/gm/lzn3ylzx4lz7mx29lftngdz40000gn/T/jarde-raw-receiver-mec2ej0w/original-run /Users/lordcasser/workspace/projects/jarde/openspec/evidence/raw-receiver-field-selection-2026-10-09/source/RawOwnerChild.java /Users/lordcasser/workspace/projects/jarde/openspec/evidence/raw-receiver-field-selection-2026-10-09/source/RawOwnerBase.java /Users/lordcasser/workspace/projects/jarde/openspec/evidence/raw-receiver-field-selection-2026-10-09/source/ReceiverProbe.java
jdk23/no-debug/RawOwnerChild/original-verify-run	0	/Library/Java/JavaVirtualMachines/openjdk-23.0.1/Contents/Home/bin/java -Xverify:all -cp /var/folders/gm/lzn3ylzx4lz7mx29lftngdz40000gn/T/jarde-raw-receiver-mec2ej0w/original-run ReceiverProbe RawOwnerChild
jdk23/no-debug/RawOwnerChild/jarde-javac	0	/Library/Java/JavaVirtualMachines/openjdk-23.0.1/Contents/Home/bin/javac --release 8 -g:none -d /var/folders/gm/lzn3ylzx4lz7mx29lftngdz40000gn/T/jarde-raw-receiver-mec2ej0w/jarde-run /Users/lordcasser/workspace/projects/jarde/openspec/evidence/raw-receiver-field-selection-2026-10-09/jdk23/no-debug/jarde/RawOwnerChild.java /Users/lordcasser/workspace/projects/jarde/openspec/evidence/raw-receiver-field-selection-2026-10-09/source/RawOwnerBase.java /Users/lordcasser/workspace/projects/jarde/openspec/evidence/raw-receiver-field-selection-2026-10-09/source/ReceiverProbe.java
jdk23/no-debug/RawOwnerChild/jarde-verify-run	0	/Library/Java/JavaVirtualMachines/openjdk-23.0.1/Contents/Home/bin/java -Xverify:all -cp /var/folders/gm/lzn3ylzx4lz7mx29lftngdz40000gn/T/jarde-raw-receiver-mec2ej0w/jarde-run ReceiverProbe RawOwnerChild
jdk23/no-debug/RawOwnerChild/jadx-cli	0	/Users/lordcasser/workspace/testzone/jadx/jadx-cli/build/install/jadx/bin/jadx --no-res -d /Users/lordcasser/workspace/projects/jarde/openspec/evidence/raw-receiver-field-selection-2026-10-09/jdk23/no-debug/jadx/RawOwnerChild /Users/lordcasser/workspace/projects/jarde/openspec/evidence/raw-receiver-field-selection-2026-10-09/jdk23/no-debug/input/RawOwnerChild.jar
jdk23/no-debug/RawOwnerChild/jadx-javac	0	/Library/Java/JavaVirtualMachines/openjdk-23.0.1/Contents/Home/bin/javac --release 8 -g:none -d /var/folders/gm/lzn3ylzx4lz7mx29lftngdz40000gn/T/jarde-raw-receiver-mec2ej0w/jadx-run /Users/lordcasser/workspace/projects/jarde/openspec/evidence/raw-receiver-field-selection-2026-10-09/jdk23/no-debug/jadx/RawOwnerChild/sources/defpackage/RawOwnerBase.java /Users/lordcasser/workspace/projects/jarde/openspec/evidence/raw-receiver-field-selection-2026-10-09/jdk23/no-debug/jadx/RawOwnerChild/sources/defpackage/RawOwnerChild.java /Users/lordcasser/workspace/projects/jarde/openspec/evidence/raw-receiver-field-selection-2026-10-09/source/ReceiverProbe.java
jdk23/no-debug/RawOwnerChild/jadx-verify-run	0	/Library/Java/JavaVirtualMachines/openjdk-23.0.1/Contents/Home/bin/java -Xverify:all -cp /var/folders/gm/lzn3ylzx4lz7mx29lftngdz40000gn/T/jarde-raw-receiver-mec2ej0w/jadx-run ReceiverProbe defpackage.RawOwnerChild
jdk23/no-debug/RawOwnerChild/jadx-source-header	0	nonempty class source
