path	sha256
README.md	7e7007ade9013a6deff7e782235300175b90b2f1b363467e3ba69ffe0aec2a54
adapter-executed.py	e170ad879448687dfe972f615dfd78a56406d5b5bc1b9a841a526fdee2633fb3
commands.tsv	d931f850e311fe7ced046979a93ba70c62c38ddf299528919b8e38b122798de7
failures/jdk23/debug/InstanceRawLocal/jadx-javac.stderr.txt	0bcb32feee8d1060d40fa668b6ce7550de13c6c434c5142b3923c05e361003b4
failures/jdk23/no-debug/InstanceRawLocal/jadx-javac.stderr.txt	bfbf090b159466f08cb5b3b5036448ace59fb4fb035fefb9b5d9a4efe8e50dec
failures/jdk8/debug/InstanceRawLocal/jadx-javac.stderr.txt	803e0339cf38f879f6521505e9a405a90a6a6ba81a52b6a4f15de57b9762d2c5
failures/jdk8/no-debug/InstanceRawLocal/jadx-javac.stderr.txt	fe5354a879e74ad5dbd96c3c7a18f70a3e4acca333243204e93ede5bb98fd4de
jdk-version-logs/0001-jdk-preflight_jdk8_java.stderr	faab3c8a678f056adf83280dbda6950d4d51a39eaf84b2136be0a1812b62e22d
jdk-version-logs/0001-jdk-preflight_jdk8_java.stdout	e3b0c44298fc1c149afbf4c8996fb92427ae41e4649b934ca495991b7852b855
jdk-version-logs/0002-jdk-preflight_jdk8_javac.stderr	b78c3d234842235ae1b53dd6405da54b3af2b02047c45858b595870662803db8
jdk-version-logs/0002-jdk-preflight_jdk8_javac.stdout	e3b0c44298fc1c149afbf4c8996fb92427ae41e4649b934ca495991b7852b855
jdk-version-logs/0003-jdk-preflight_jdk8_jar.stderr	faab3c8a678f056adf83280dbda6950d4d51a39eaf84b2136be0a1812b62e22d
jdk-version-logs/0003-jdk-preflight_jdk8_jar.stdout	e3b0c44298fc1c149afbf4c8996fb92427ae41e4649b934ca495991b7852b855
jdk-version-logs/0004-jdk-preflight_jdk8_javap.stderr	e3b0c44298fc1c149afbf4c8996fb92427ae41e4649b934ca495991b7852b855
jdk-version-logs/0004-jdk-preflight_jdk8_javap.stdout	6a282b7b9e5da8c1d9ecd31367d3828a20d54da2205390fd0c9529a48b3be713
jdk-version-logs/0005-jdk-preflight_jdk23_java.stderr	11d9a1559a3f4fab380e536f54e14acacdbd9fb56e147f04a9cc4723e3c229f7
jdk-version-logs/0005-jdk-preflight_jdk23_java.stdout	e3b0c44298fc1c149afbf4c8996fb92427ae41e4649b934ca495991b7852b855
jdk-version-logs/0006-jdk-preflight_jdk23_javac.stderr	e3b0c44298fc1c149afbf4c8996fb92427ae41e4649b934ca495991b7852b855
jdk-version-logs/0006-jdk-preflight_jdk23_javac.stdout	8b08d363e50e3d8f80fe38c5910e7f52b3e267b192efacb74878c7103361d3cd
jdk-version-logs/0007-jdk-preflight_jdk23_jar.stderr	e3b0c44298fc1c149afbf4c8996fb92427ae41e4649b934ca495991b7852b855
jdk-version-logs/0007-jdk-preflight_jdk23_jar.stdout	25e5829092e156bcdbd2a23c369bd544724e94b3793ba5982bac1aab6573e82c
jdk-version-logs/0008-jdk-preflight_jdk23_javap.stderr	e3b0c44298fc1c149afbf4c8996fb92427ae41e4649b934ca495991b7852b855
jdk-version-logs/0008-jdk-preflight_jdk23_javap.stdout	93012e27a4b9c01457ab2e4cc367a8dd4f4f42e6db886be6030d542771338bfb
jdk23/debug/jadx/Array2DRawParam/sources/defpackage/Array2DRawParam.java	d9af1990c95193456c46473f31939177a2632e34152dde0ed791caf10ac40d27
jdk23/debug/jadx/ArrayRawParam/sources/defpackage/ArrayRawParam.java	b9356814382670f5cc31457caf107ca11a4836ca88b6a2964a73120afa021457
jdk23/debug/jadx/BoundRawParam/sources/defpackage/BoundRawParam.java	4545a9f6e22269ff21bcac1e1abc69f7f9186d982c4c395eb5c10471783b9eda
jdk23/debug/jadx/DirectInstanceRawParam/sources/defpackage/DirectInstanceRawParam.java	d5a81d1a0941226f34e220c355943cd81eace76a7f72ab9c0a07e079166af029
jdk23/debug/jadx/InstanceRawLocal/sources/defpackage/InstanceRawLocal.java	183a867140d3ec0d651f1c6024251ab3805b4a7cb5736eab8893104121ed39df
jdk23/debug/jadx/MultiFormalRawParam/sources/defpackage/MultiFormalRawParam.java	46dff0ad150401facc3becf5fa2e92685a87d46f2c9b537e02a20af4e0da4072
jdk23/debug/jadx/NullRawParam/sources/defpackage/NullRawParam.java	2497fde8c7696cef28caddbb5432e9775944289511bd27767183fd2665087b19
jdk23/debug/jadx/PrimitiveArrayRawParam/sources/defpackage/PrimitiveArrayRawParam.java	6e080e95264345c55088fab59d326568454b5c431b3bd4674254c4c3f7931b0b
jdk23/debug/jadx/RawOwnerChild/sources/defpackage/RawOwnerBase.java	a4256e0b800f68dffd6124722d909d24bb9958b2d27d0668e20575fd05ead39d
jdk23/debug/jadx/RawOwnerChild/sources/defpackage/RawOwnerChild.java	ea53cd737a4ca1e297f8ae71a5ed156924a2cf3ad7c61206b43694e7cb016fde
jdk23/debug/jadx/RawParam/sources/defpackage/RawParam.java	a36e1bd1ec630ddccadc5178ea2ef1483d9b784fef412784d34d672f34d9c855
jdk23/debug/jadx/RetainedAliasRawParam/sources/defpackage/RetainedAliasRawParam.java	0d8c28f014d9873131e2277ec147645b4f2e8f88f10d96ebafa1ca68ec7519a9
jdk23/debug/jadx/ShadowMethodT/sources/defpackage/ShadowMethodT.java	e638423e067858654f869a3c38d7f38daf64e4a0855011122ace6be028722f99
jdk23/debug/jadx/StaticRawLocal/sources/defpackage/StaticRawLocal.java	0875242685024debb56daf13e862932967d9e7c860f92e7b89c872dc99a16be8
jdk23/debug/jadx/ThisReceiver/sources/defpackage/ThisReceiver.java	908f8f9ccda887868f6a515f1942aed41297b5a73a55e0a062da8faeca7b049f
jdk23/debug/jadx/TypedReceiver/sources/defpackage/TypedReceiver.java	f6885117b5b3c43020e4cede27dbe323b9d8ef2900b0d386adc3a22e1abcc97f
jdk23/debug/jadx/WideRawParam/sources/defpackage/WideRawParam.java	1b5390662572c65827dc2e38557a649a6c3f92cb2c6813556092327e680a54fd
jdk23/debug/jarde/Array2DRawParam.java	d4ba813f6f198eed97a53a5c193bca2f69698ce49b7a93aa69e279e7c27acb62
jdk23/debug/jarde/Array2DRawParam.stderr.txt	b6c457ac00a05c4e62549a3d6336cc514f1d720ed72b9b59081a07de3cfd5ab0
jdk23/debug/jarde/ArrayRawParam.java	c8c72849f11741a77f70b21b0436745c69e7f2e9d60ae7c7724adfd147a8faab
jdk23/debug/jarde/ArrayRawParam.stderr.txt	03e7c11475ee94d0373a503ecd87c3141d4b24f049e473bed105127b6a6a2852
jdk23/debug/jarde/BoundRawParam.java	6780b9df7fd79af1b6d8e0acb289d0257a77eaa548101c8cfe3fdc3911d66eac
jdk23/debug/jarde/BoundRawParam.stderr.txt	c2ea28f242b74803f6e90945942f861f48537f2cbfa91fcdeae202fa4a44aba2
jdk23/debug/jarde/DirectInstanceRawParam.java	66882766f2731a7d18b72428b8ad38d8f2bd8e0183b4bf42ab71e0a8bcb56671
jdk23/debug/jarde/DirectInstanceRawParam.stderr.txt	628d7b7e86fb23981b3c09ffda36f8f824c98f28d1e6c4d6a7e218a953aaf3fc
jdk23/debug/jarde/InstanceRawLocal.java	5739eae80933689e02968db38be749560fea18f7852efc7071bc402ac1657445
jdk23/debug/jarde/InstanceRawLocal.stderr.txt	dfd5ca6436ff4a1948577a3f0e9082f9519c92e19a43ab07f79050a4cecd715c
jdk23/debug/jarde/MultiFormalRawParam.java	f619dc6de622abbbb601490c87b29154ed05f1dc9da16fd08f994de9faa1e729
jdk23/debug/jarde/MultiFormalRawParam.stderr.txt	9ebf31c2b41a3c459ca8cac3a52f55006da514bd8794dcad0b328793634e92e6
jdk23/debug/jarde/NullRawParam.java	f60daa335370ba4b9535a79d8a6039e957fde7f7fbf1179b722b7dff8c1bb168
jdk23/debug/jarde/NullRawParam.stderr.txt	43d752f60a5edbd792f7df499d1cae4fedebff50d43b2776acc9c482942f74c3
jdk23/debug/jarde/PrimitiveArrayRawParam.java	ca19f53923fbfb66917c75ea83f0d5053343cf8c6aa62b562778ef54d5028a26
jdk23/debug/jarde/PrimitiveArrayRawParam.stderr.txt	15ad7ebabd550c755777671df7a2428f64ce825dd107327074fa7144babcce27
jdk23/debug/jarde/RawOwnerBase.java	f400195673e17b46cfe5e1ecf2dfa6ad1e569fc2a83c23d92202a00ba21aba24
jdk23/debug/jarde/RawOwnerBase.stderr.txt	ddab62e9e119ab39679fc394533a4574372aa5d0a092ffc050e5062fc061bf24
jdk23/debug/jarde/RawOwnerChild.java	85654234ed265aea8c2af90fe4353ca2be2b352c36d98476b0f89a9661e064cd
jdk23/debug/jarde/RawOwnerChild.stderr.txt	833ebc4c48c9aa82d3b73ccb9862bd95bf8cbaf12e069fb7941235c304fc9367
jdk23/debug/jarde/RawParam.java	e086985b6879bfbebb341e501fb7f963bc33d5623ac87904b40e011163135e9b
jdk23/debug/jarde/RawParam.stderr.txt	93b84c599796d102715101fc933fe1f51709e95e5b7453497e09083833e171bb
jdk23/debug/jarde/RetainedAliasRawParam.java	67c03164c7f4c286881d760c247bdc8ed73c851a4377db2751830cc607eb3f89
jdk23/debug/jarde/RetainedAliasRawParam.stderr.txt	d1886f6db8dca5f9048d9651fdd63d69a91ca992e6ae834e0549189ef72ee35e
jdk23/debug/jarde/ShadowMethodT.java	b6d351665b1a03c8f6b0bfadfbb2dc22c1ab88457700d15dc23ffdd9d8ec560e
jdk23/debug/jarde/ShadowMethodT.stderr.txt	71dbbb3eb67390d6f946324b4837d611258dbf1565db21c98f4891dcbdb572ba
jdk23/debug/jarde/StaticRawLocal.java	9ec274de3d0847441e7de73ff79a6d027179b6c14306c18643ee8e2346b54332
jdk23/debug/jarde/StaticRawLocal.stderr.txt	4da2a719b57c26946cf8d8204e609996e2a71efb22311f253b722302e17f756d
jdk23/debug/jarde/ThisReceiver.java	a97d2cf3fb8ae606b390fe7a96386fb611ca686a76a5a25889978f7e8fc03c52
jdk23/debug/jarde/ThisReceiver.stderr.txt	9133c1261ccb5031c14a2b816b2d5be932f9a01c53ecde5a499cc142d643f5c3
jdk23/debug/jarde/TypedReceiver.java	bdf8ee04b0e67af0e95616b5995872c1accab0101131b4987ca1cfa4bc6d46f0
jdk23/debug/jarde/TypedReceiver.stderr.txt	1c5d667b2f49a918891870ef2b12b4068fe2b1b60a28ff6871040875e169b8fe
jdk23/debug/jarde/WideRawParam.java	a8c2366e3a709f7941c00dff72d5921e0b3e9772cd7195d3caf1094bb0a95be9
jdk23/debug/jarde/WideRawParam.stderr.txt	fab562df03c4c13c480042f60322527b628c06c667a641dc7590bc8e8c594b48
jdk23/debug/javap/Array2DRawParam.txt	d3e7d59ed9de6427484423766e890742100e50539680c5500ba76a78e978aee4
jdk23/debug/javap/ArrayRawParam.txt	545cc0ed9cd4ee5a3dfd9cd36bc2ea9f99b43a4f296001fa1ba87c4e70461483
jdk23/debug/javap/BoundRawParam.txt	a9cc48530178948b0ef2522222ee87f6fa4b18a9562c438d23c2d4df0f163cec
jdk23/debug/javap/DirectInstanceRawParam.txt	dae6436bf67ca48a6be069fb2a99259f629e616df93c99788d6e280e92c7e1a0
jdk23/debug/javap/InstanceRawLocal.txt	61694ae4173e5acf45257dc21e14f18369f88e8d6174cfecd499bb58b4716a5b
jdk23/debug/javap/MultiFormalRawParam.txt	c0f896241d7a15ce2877ce98de100e669f49b4bece1511ba65c16a2fa4ce30e8
jdk23/debug/javap/NullRawParam.txt	24639551a84c9f092e03155ca19a00ce4785ab1a0c04ee008338724e5e688749
jdk23/debug/javap/PrimitiveArrayRawParam.txt	0c5e9afe111852818d0ec9547e756192d3bc649e63e7c30af4a83cd8c15c5a88
jdk23/debug/javap/RawOwnerChild.txt	0132462da1080853f38ff9c046056abc9d806c2dcc4f0512ee12bbb1c19261fa
jdk23/debug/javap/RawParam.txt	643f960b952233003d168002eff538f1174de04eaf360b4fed0e1bf87c87fc49
jdk23/debug/javap/RetainedAliasRawParam.txt	52f1a5e1188002499119033efef31c9651210558f5418d43808f7d80148d4ac7
jdk23/debug/javap/ShadowMethodT.txt	62ec7dca1ba288360e9cdb3dee7d6fa51bae38174902fd3bf4b25b89706bdbab
jdk23/debug/javap/StaticRawLocal.txt	3c02dbbd54549b6584dcc4fda9101a47af57af55262067b96d7fcc0a3d769992
jdk23/debug/javap/ThisReceiver.txt	343a15458cd6d05d7e7f5ffc955904a3cb22e08e6a218bac9f67c26aff810430
jdk23/debug/javap/TypedReceiver.txt	644a2c56d254b7f5fa9ba80670e3d02a9669e01d27ed79af9f3eb1678495a307
jdk23/debug/javap/WideRawParam.txt	32e088383eb2592a9d7024fdad617672d9dd852f63dc5c9f6c519674a14fbf1a
jdk23/debug/runtime/Array2DRawParam.jadx.txt	8a25af8b8504893fffac8c1872e3c93e85925b6aa0b3d9ff5f62750cee2ba267
jdk23/debug/runtime/Array2DRawParam.jarde.txt	f48a2d307b1f6c7abb8d91e7a8ed8a5ccc87d07c1114588c08ddfb0808240329
jdk23/debug/runtime/Array2DRawParam.original.txt	f48a2d307b1f6c7abb8d91e7a8ed8a5ccc87d07c1114588c08ddfb0808240329
jdk23/debug/runtime/ArrayRawParam.jadx.txt	65890eea8fe7c3065fbc2f644c7253d5354fdffeba56efc1a47107d7914063b6
jdk23/debug/runtime/ArrayRawParam.jarde.txt	d51f3b7d45328701a337bb2285770bcd1cf8f2179c66734c318010571e65ac8b
jdk23/debug/runtime/ArrayRawParam.original.txt	d51f3b7d45328701a337bb2285770bcd1cf8f2179c66734c318010571e65ac8b
jdk23/debug/runtime/BoundRawParam.jadx.txt	bdeb71e6ccb9da375831745c55c6fa5137fd29b7007948eecaea74516d6991ca
jdk23/debug/runtime/BoundRawParam.jarde.txt	0c5cb2a465e5db671d09e57d82dc7d2279cee6ef898da3154a4cac90f5c80de8
jdk23/debug/runtime/BoundRawParam.original.txt	0c5cb2a465e5db671d09e57d82dc7d2279cee6ef898da3154a4cac90f5c80de8
jdk23/debug/runtime/DirectInstanceRawParam.jadx.txt	b3cda9506188b60dd9d215bc5efd1dafb315f344e7cea3910361ebe407f0cc9b
jdk23/debug/runtime/DirectInstanceRawParam.jarde.txt	9358c79b8f63417a168963e9dc02e1e1359ee5bda8614638bec755f01d5683be
jdk23/debug/runtime/DirectInstanceRawParam.original.txt	9358c79b8f63417a168963e9dc02e1e1359ee5bda8614638bec755f01d5683be
jdk23/debug/runtime/InstanceRawLocal.jarde.txt	c4a0fd4eb5e838df4c7116cc09d11740387e51309b8dd9c85cb1eac73adb9692
jdk23/debug/runtime/InstanceRawLocal.original.txt	b5f800a25ef5e547f36ccdecb9d6798cca74aee4a8a677d83bd449aea30f57e1
jdk23/debug/runtime/MultiFormalRawParam.jadx.txt	8d284d37fb44425659f63776c8f684d596146724e653b1147b4adc2b7c50d4e2
jdk23/debug/runtime/MultiFormalRawParam.jarde.txt	8bc5d0b9f7ed8f8820c0a056a24f74615b3e6104dd1ccada41aee9975df41485
jdk23/debug/runtime/MultiFormalRawParam.original.txt	6d16de1512a82cf13a56f94903001249dbfdb1ab81b29b817616448334e1d0c4
jdk23/debug/runtime/NullRawParam.jadx.txt	f4e759450c3306919076b843e677ebd4315a206a7a08c607258e8ee49a6eb720
jdk23/debug/runtime/NullRawParam.jarde.txt	99432d5aa83e97874597f1a0fde12c2a963ce4099787ae00fd33faff35b18418
jdk23/debug/runtime/NullRawParam.original.txt	99432d5aa83e97874597f1a0fde12c2a963ce4099787ae00fd33faff35b18418
jdk23/debug/runtime/PrimitiveArrayRawParam.jadx.txt	8dbde5389e6da69a121d5ad297157ee52bcb682d49d75d8a4bc7844fd4d1d1e8
jdk23/debug/runtime/PrimitiveArrayRawParam.jarde.txt	e156798549dd3ab3c3eced5fadfdced0789f4ee0e3f65410c291f2c46434dfba
jdk23/debug/runtime/PrimitiveArrayRawParam.original.txt	e156798549dd3ab3c3eced5fadfdced0789f4ee0e3f65410c291f2c46434dfba
jdk23/debug/runtime/RawOwnerChild.jadx.txt	2404a47a7f7c206decbce521d1ad8ca2966f33929a01a6e1cd462d7eda65b76b
jdk23/debug/runtime/RawOwnerChild.jarde.txt	e65da6d8f2478e3a0b6f43759b106518ecb2b77f17bd072cf737ed70a4ac28ad
jdk23/debug/runtime/RawOwnerChild.original.txt	c25e0c82c8f818f082f08ceef41ac63b15ed1ce4bb020bcf1eff5396c577b047
jdk23/debug/runtime/RawParam.jadx.txt	33b65814b563635c3b26f292f11a234ec9eda87fc8bbf5409c3fc0f323ad9d3d
jdk23/debug/runtime/RawParam.jarde.txt	6a2e3f1a9739b680582fea7e805eed4d712c0aaa5f345bb00d8449a502e68b6d
jdk23/debug/runtime/RawParam.original.txt	6a2e3f1a9739b680582fea7e805eed4d712c0aaa5f345bb00d8449a502e68b6d
jdk23/debug/runtime/RetainedAliasRawParam.jadx.txt	f92fd71052669f4c2419e8516949617f14ee858caeb232d80d63117f41ea2d94
jdk23/debug/runtime/RetainedAliasRawParam.jarde.txt	587147b6fcdb6f90959b73653be0302d121556b4c0626fb20a88ff47291ce8ff
jdk23/debug/runtime/RetainedAliasRawParam.original.txt	587147b6fcdb6f90959b73653be0302d121556b4c0626fb20a88ff47291ce8ff
jdk23/debug/runtime/ShadowMethodT.jadx.txt	1c91e9e73e2b1038112652360b7e0dcd639e400df84523aac0d0102801a17264
jdk23/debug/runtime/ShadowMethodT.jarde.txt	ceb1dd45add8519cb6e22a15e06a6eab6b515c2f59d517b64ede6b379fcd7b53
jdk23/debug/runtime/ShadowMethodT.original.txt	e491f2fc9b0efb07abdaf9da8848a50d38b4da3848f045e3268c35d95124df5a
jdk23/debug/runtime/StaticRawLocal.jadx.txt	caa078a6f6a66a11482c09645632ebb52566091c80fab4fa927b1053dce64fde
jdk23/debug/runtime/StaticRawLocal.jarde.txt	25ea87cacc91c856b41331c020cf776ffda40333d737cff0309fadf5141463b0
jdk23/debug/runtime/StaticRawLocal.original.txt	25ea87cacc91c856b41331c020cf776ffda40333d737cff0309fadf5141463b0
jdk23/debug/runtime/ThisReceiver.jadx.txt	f2c2ade79741f3c077a9767a2c86b6f9e8b3c91395a41c1c035e78ca2c19717e
jdk23/debug/runtime/ThisReceiver.jarde.txt	9916911dd761a7b0d550673bef203cb77fb4cb96733a8fb0a2184fb7d3ba65b8
jdk23/debug/runtime/ThisReceiver.original.txt	9916911dd761a7b0d550673bef203cb77fb4cb96733a8fb0a2184fb7d3ba65b8
jdk23/debug/runtime/TypedReceiver.jadx.txt	1a07b6f4350dff1a6ca5a3e4ec3062096840ad9dbc1a6efbd816e82d4c9ccb31
jdk23/debug/runtime/TypedReceiver.jarde.txt	d7134843994e4b3ba1d434e5bdfba85531e98e0ec94492801f5dbfa4a5b0ca18
jdk23/debug/runtime/TypedReceiver.original.txt	7f08ef56194b137543c901f9bd3946d1ac0f4153f2cc202df75762d9c8052a16
jdk23/debug/runtime/WideRawParam.jadx.txt	bb098a483d7226c3ef490fd7d5502cfaae0fa2dc00a248054971f81a95f5b14e
jdk23/debug/runtime/WideRawParam.jarde.txt	9b6ad934d85edae64408a458838c3e4654befd592a41b43cedf7710c2e9b1512
jdk23/debug/runtime/WideRawParam.original.txt	9b6ad934d85edae64408a458838c3e4654befd592a41b43cedf7710c2e9b1512
jdk23/no-debug/jadx/Array2DRawParam/sources/defpackage/Array2DRawParam.java	7bf3005284b755fe00567641896be8ddcb1010ecdf431bb7cbd62e0fed69cd65
jdk23/no-debug/jadx/ArrayRawParam/sources/defpackage/ArrayRawParam.java	ce0ba57264c94dc463df8d3dbd6b3be4221b852d694a4a6471d38a3f13b35d4b
jdk23/no-debug/jadx/BoundRawParam/sources/defpackage/BoundRawParam.java	c728ec861a3d99357641665f0f7db8e272eda3309e78679b587b8bf8d4b156b7
jdk23/no-debug/jadx/DirectInstanceRawParam/sources/defpackage/DirectInstanceRawParam.java	d510980f6071ada1a310dd5a76fd7ff932c97703337c794fbccb526b8309c33c
jdk23/no-debug/jadx/InstanceRawLocal/sources/defpackage/InstanceRawLocal.java	183a867140d3ec0d651f1c6024251ab3805b4a7cb5736eab8893104121ed39df
jdk23/no-debug/jadx/MultiFormalRawParam/sources/defpackage/MultiFormalRawParam.java	7d015e6743c7ed99d6c7690a03fcf4ecf861a9c582097a14130d74c338cc9376
jdk23/no-debug/jadx/NullRawParam/sources/defpackage/NullRawParam.java	a851150cb6e01aab4844ecce9c0ebb6f65cf050e4aef37382ef53b379c9c7d87
jdk23/no-debug/jadx/PrimitiveArrayRawParam/sources/defpackage/PrimitiveArrayRawParam.java	331c49fc214f34eda5179d4a5fdd3a84dccbec84b083fc49d9121ea426240d11
jdk23/no-debug/jadx/RawOwnerChild/sources/defpackage/RawOwnerBase.java	a4256e0b800f68dffd6124722d909d24bb9958b2d27d0668e20575fd05ead39d
jdk23/no-debug/jadx/RawOwnerChild/sources/defpackage/RawOwnerChild.java	7b1d0110195f085b030ec850679ab6449421c0bc84e5a9decc86d154332e6a5b
jdk23/no-debug/jadx/RawParam/sources/defpackage/RawParam.java	12bd0a83b15704e980d959b9015f1cee6036fe3e2ea3cf799a394dd9a4732787
jdk23/no-debug/jadx/RetainedAliasRawParam/sources/defpackage/RetainedAliasRawParam.java	a04d278d436e9e8d24ab1aa54b93f44ae2766c59e3670b1f663515abdd163ced
jdk23/no-debug/jadx/ShadowMethodT/sources/defpackage/ShadowMethodT.java	a3cc4ded8594ea60b6a6aded917b5d81b18665b64ed2a0e7e869b7435445eeec
jdk23/no-debug/jadx/StaticRawLocal/sources/defpackage/StaticRawLocal.java	c62aaca50bf0904967018ce58649678d845644764106ae6e56fc95af81c82cd2
jdk23/no-debug/jadx/ThisReceiver/sources/defpackage/ThisReceiver.java	29bdbc10deda533facdba2757b0246d7b9e1284023c246cbff18c76ea9e82a3c
jdk23/no-debug/jadx/TypedReceiver/sources/defpackage/TypedReceiver.java	93a41a4f4f11b77fc7b06c143144ebb4254d182495e5a60594be22385b0e594b
jdk23/no-debug/jadx/WideRawParam/sources/defpackage/WideRawParam.java	688c4a0e9325d677f23f0a8f7c56c05436f009b6b8249eb0336dc5362904b189
jdk23/no-debug/jarde/Array2DRawParam.java	84b51bbf39ee444117977442cc40e3d8c27a72fb65b6164c7b2fbdfcc4eae13c
jdk23/no-debug/jarde/Array2DRawParam.stderr.txt	486201881a19e8b214becad9efa76613dbd72e7e5643126fd8a716565d6e47e7
jdk23/no-debug/jarde/ArrayRawParam.java	6eca13086c3cca27c7ef5ed7c3ebc60b7bd9d8daada5cdd7d9c1eb80bf88c0bf
jdk23/no-debug/jarde/ArrayRawParam.stderr.txt	125202f892a6151582e6aa3231c78c73c18c36221c046e1f024a3322aacc0641
jdk23/no-debug/jarde/BoundRawParam.java	81ee814aa442d16bedb0f72f370830c16ee2069d4e84754453ae15445e258294
jdk23/no-debug/jarde/BoundRawParam.stderr.txt	b82f4429227e081ef0a0c4fd635b5ad0a7824e0427ec9b2c118b8c369a1c113b
jdk23/no-debug/jarde/DirectInstanceRawParam.java	4a94736315b6eae244e0c86bd52673d4184206d783c03a281542fea7858efed2
jdk23/no-debug/jarde/DirectInstanceRawParam.stderr.txt	70bcea8aa4623e39c894aa805701c34ba42c28615b9c829db1ef58b4f37ec72d
jdk23/no-debug/jarde/InstanceRawLocal.java	da10013688a30b0cc61c5f8ad8649f79792d67b4ea0d861293afdaf595225214
jdk23/no-debug/jarde/InstanceRawLocal.stderr.txt	312b8c49f49cd3151358b6150e2a37362e705925622c9eaf88149f74a733a62f
jdk23/no-debug/jarde/MultiFormalRawParam.java	25dc6e16e8b9f5a62fe2333fe44c3491fde8f6d40b762bca42951af6d817bbd1
jdk23/no-debug/jarde/MultiFormalRawParam.stderr.txt	e729d1ba9944eff732df47617caff14b31d6ca36aea7b52a58cc0c0b95ce0251
jdk23/no-debug/jarde/NullRawParam.java	d68300b3bdd64dc0a1769de4c77a88e3eebccc14b47a17dc3e1ee4f8165ca2e2
jdk23/no-debug/jarde/NullRawParam.stderr.txt	e084f0128cd7c9e15e8e0cfc2d326dc26edfaad5599a62a5ccd5d4e27562de5b
jdk23/no-debug/jarde/PrimitiveArrayRawParam.java	90298d00e9daee2bf9bea1ca50260dee0b170c49e8bc25e85ffbce8789fa2c77
jdk23/no-debug/jarde/PrimitiveArrayRawParam.stderr.txt	60c1613d06d620d8c76bce94461113658e7ebf84384e6148f0bda5a9da70dab7
jdk23/no-debug/jarde/RawOwnerBase.java	f400195673e17b46cfe5e1ecf2dfa6ad1e569fc2a83c23d92202a00ba21aba24
jdk23/no-debug/jarde/RawOwnerBase.stderr.txt	d862e222c52a8aaea762c793c0d0efdf1b1768d2f6553dcddcaf58b487c51974
jdk23/no-debug/jarde/RawOwnerChild.java	8bc50b0f6cb5bc0a65e96706a623c1fc4bc19fa7d9d3586ebaace845198a1015
jdk23/no-debug/jarde/RawOwnerChild.stderr.txt	d944909db4349c4be226a3e2a9013520a40de4f1272d8077c6901eb1e157edd0
jdk23/no-debug/jarde/RawParam.java	deadf9d5abebeb93b29bb8330dd107c0f9f84ba1ddfa430103fcb8261f91caa4
jdk23/no-debug/jarde/RawParam.stderr.txt	524fd0587e2ed132ae32aef1d241df1c2e5224392a738a6622a81d7721aaf066
jdk23/no-debug/jarde/RetainedAliasRawParam.java	e3536151d6425f7cf9e601be73cd6fccdb94be39c2157ee6ae0f84a8c7d364e5
jdk23/no-debug/jarde/RetainedAliasRawParam.stderr.txt	731dccceb4a589f890e2dcce44a1ff47e6ad258ad95b2189d0b30eaf9052b293
jdk23/no-debug/jarde/ShadowMethodT.java	b04b610fd3bcae70366460c87281526e1a77989a2393c91d4e0cf746fee52a9a
jdk23/no-debug/jarde/ShadowMethodT.stderr.txt	e4e01169c1e98c0ff846cbe48c08ffdfc65bdc798e7be7341e785cd85615239f
jdk23/no-debug/jarde/StaticRawLocal.java	fd3a53f3051037b2d49c8966c16550fc2360b0f7494664a72673443748783747
jdk23/no-debug/jarde/StaticRawLocal.stderr.txt	45cd1ae47fdaf7c8050aee37d74a98b0ae239f9071a00ad7b84403c177d5853a
jdk23/no-debug/jarde/ThisReceiver.java	0c40a3e0e09b0e97ca13b527dcc647a9f01c29a3f73f31f6d7de68b4408b0d8f
jdk23/no-debug/jarde/ThisReceiver.stderr.txt	73a92e6926c8450788a3e79afe17f3da7ffd534a52bb505f6bee594f1770991d
jdk23/no-debug/jarde/TypedReceiver.java	50c3079f863db603a415bf7cc07cdbc4457249ab9e0bfadcb21fa7b4aaccd53b
jdk23/no-debug/jarde/TypedReceiver.stderr.txt	5fce9cd4971d4104fe6adb2c3b7a7c7369d492310408006cfa13270380d6934f
jdk23/no-debug/jarde/WideRawParam.java	1fffb038dc24c28f794c348a356b25bf8f3cac2017e72733ba1b38208c722010
jdk23/no-debug/jarde/WideRawParam.stderr.txt	d2be74eaf61da6b3eb3d3ffd6f69687f63a7737b1979448c3db33fe42e30e3fa
jdk23/no-debug/javap/Array2DRawParam.txt	de0dd64fa34b565d95e66c3dd20304a0c61908e78e94815258d484d805894dee
jdk23/no-debug/javap/ArrayRawParam.txt	76131af95db7c4c709ae0a1ac1f17e1941539e37fef78db6fe7c544ea40a3f77
jdk23/no-debug/javap/BoundRawParam.txt	a5cc3eb82c80f8280fbc27eb671f298f44ad55c18b51ebd9fb1b1dfee515319e
jdk23/no-debug/javap/DirectInstanceRawParam.txt	86b769b524ec33859cadd81aa8555413bab468a4f6c6fb443e23e3bcfd337a1b
jdk23/no-debug/javap/InstanceRawLocal.txt	ff39951f4582e15378eac0ce1397753e028059a8a7446254fc50b21b7e777eee
jdk23/no-debug/javap/MultiFormalRawParam.txt	4a09857ffb5fb119716fadaab498240930a0315b6ec6efcbac843d0b6ecd0729
jdk23/no-debug/javap/NullRawParam.txt	3da7f16383956fcfba0362b07d0397c4521642a0129cb1d11a6d5b0794734e43
jdk23/no-debug/javap/PrimitiveArrayRawParam.txt	46921aa1b278c7e676eeb72ee249cc5b9b5c6ce85a313d320faa4514e476c6ae
jdk23/no-debug/javap/RawOwnerChild.txt	1faa3568f1ac92d22de17f20c46261e9ec207e3b1e8a44f5dbe98337e214c13e
jdk23/no-debug/javap/RawParam.txt	da4a2617e0e141bd47eda6588e1493e538f200232d07ad2b4b45a375ba72b62a
jdk23/no-debug/javap/RetainedAliasRawParam.txt	62fc5ac7f72922c89480e5a834531e8f83800794857777d7708557259feddc97
jdk23/no-debug/javap/ShadowMethodT.txt	21bdc1dc6eaae9e029c98be6702c2be862675bb102994fb0ffea284c0fa0e895
jdk23/no-debug/javap/StaticRawLocal.txt	650bcea27e776c0eb6eae39111c62625889c7fb1ecc319bd62b40869f51404c4
jdk23/no-debug/javap/ThisReceiver.txt	f8cb778404269f6dbb0e4ec7b2557386cfba4cb551527c4b21529354aa8df6c4
jdk23/no-debug/javap/TypedReceiver.txt	e3d115aedb5acf674231df3249b1cfc3da3ec4db2a135c59cff7fa9042f29958
jdk23/no-debug/javap/WideRawParam.txt	8040f386f71de3028b172bcf3c865af0c91588114f3b077d990cb692bcaa77d8
jdk23/no-debug/runtime/Array2DRawParam.jadx.txt	8a25af8b8504893fffac8c1872e3c93e85925b6aa0b3d9ff5f62750cee2ba267
jdk23/no-debug/runtime/Array2DRawParam.jarde.txt	f48a2d307b1f6c7abb8d91e7a8ed8a5ccc87d07c1114588c08ddfb0808240329
jdk23/no-debug/runtime/Array2DRawParam.original.txt	f48a2d307b1f6c7abb8d91e7a8ed8a5ccc87d07c1114588c08ddfb0808240329
jdk23/no-debug/runtime/ArrayRawParam.jadx.txt	65890eea8fe7c3065fbc2f644c7253d5354fdffeba56efc1a47107d7914063b6
jdk23/no-debug/runtime/ArrayRawParam.jarde.txt	d51f3b7d45328701a337bb2285770bcd1cf8f2179c66734c318010571e65ac8b
jdk23/no-debug/runtime/ArrayRawParam.original.txt	d51f3b7d45328701a337bb2285770bcd1cf8f2179c66734c318010571e65ac8b
jdk23/no-debug/runtime/BoundRawParam.jadx.txt	bdeb71e6ccb9da375831745c55c6fa5137fd29b7007948eecaea74516d6991ca
jdk23/no-debug/runtime/BoundRawParam.jarde.txt	0c5cb2a465e5db671d09e57d82dc7d2279cee6ef898da3154a4cac90f5c80de8
jdk23/no-debug/runtime/BoundRawParam.original.txt	0c5cb2a465e5db671d09e57d82dc7d2279cee6ef898da3154a4cac90f5c80de8
jdk23/no-debug/runtime/DirectInstanceRawParam.jadx.txt	b3cda9506188b60dd9d215bc5efd1dafb315f344e7cea3910361ebe407f0cc9b
jdk23/no-debug/runtime/DirectInstanceRawParam.jarde.txt	9358c79b8f63417a168963e9dc02e1e1359ee5bda8614638bec755f01d5683be
jdk23/no-debug/runtime/DirectInstanceRawParam.original.txt	9358c79b8f63417a168963e9dc02e1e1359ee5bda8614638bec755f01d5683be
jdk23/no-debug/runtime/InstanceRawLocal.jarde.txt	c4a0fd4eb5e838df4c7116cc09d11740387e51309b8dd9c85cb1eac73adb9692
jdk23/no-debug/runtime/InstanceRawLocal.original.txt	b5f800a25ef5e547f36ccdecb9d6798cca74aee4a8a677d83bd449aea30f57e1
jdk23/no-debug/runtime/MultiFormalRawParam.jadx.txt	8d284d37fb44425659f63776c8f684d596146724e653b1147b4adc2b7c50d4e2
jdk23/no-debug/runtime/MultiFormalRawParam.jarde.txt	8bc5d0b9f7ed8f8820c0a056a24f74615b3e6104dd1ccada41aee9975df41485
jdk23/no-debug/runtime/MultiFormalRawParam.original.txt	6d16de1512a82cf13a56f94903001249dbfdb1ab81b29b817616448334e1d0c4
jdk23/no-debug/runtime/NullRawParam.jadx.txt	f4e759450c3306919076b843e677ebd4315a206a7a08c607258e8ee49a6eb720
jdk23/no-debug/runtime/NullRawParam.jarde.txt	99432d5aa83e97874597f1a0fde12c2a963ce4099787ae00fd33faff35b18418
jdk23/no-debug/runtime/NullRawParam.original.txt	99432d5aa83e97874597f1a0fde12c2a963ce4099787ae00fd33faff35b18418
jdk23/no-debug/runtime/PrimitiveArrayRawParam.jadx.txt	8dbde5389e6da69a121d5ad297157ee52bcb682d49d75d8a4bc7844fd4d1d1e8
jdk23/no-debug/runtime/PrimitiveArrayRawParam.jarde.txt	e156798549dd3ab3c3eced5fadfdced0789f4ee0e3f65410c291f2c46434dfba
jdk23/no-debug/runtime/PrimitiveArrayRawParam.original.txt	e156798549dd3ab3c3eced5fadfdced0789f4ee0e3f65410c291f2c46434dfba
jdk23/no-debug/runtime/RawOwnerChild.jadx.txt	2404a47a7f7c206decbce521d1ad8ca2966f33929a01a6e1cd462d7eda65b76b
jdk23/no-debug/runtime/RawOwnerChild.jarde.txt	e65da6d8f2478e3a0b6f43759b106518ecb2b77f17bd072cf737ed70a4ac28ad
jdk23/no-debug/runtime/RawOwnerChild.original.txt	c25e0c82c8f818f082f08ceef41ac63b15ed1ce4bb020bcf1eff5396c577b047
jdk23/no-debug/runtime/RawParam.jadx.txt	33b65814b563635c3b26f292f11a234ec9eda87fc8bbf5409c3fc0f323ad9d3d
jdk23/no-debug/runtime/RawParam.jarde.txt	6a2e3f1a9739b680582fea7e805eed4d712c0aaa5f345bb00d8449a502e68b6d
jdk23/no-debug/runtime/RawParam.original.txt	6a2e3f1a9739b680582fea7e805eed4d712c0aaa5f345bb00d8449a502e68b6d
jdk23/no-debug/runtime/RetainedAliasRawParam.jadx.txt	f92fd71052669f4c2419e8516949617f14ee858caeb232d80d63117f41ea2d94
jdk23/no-debug/runtime/RetainedAliasRawParam.jarde.txt	587147b6fcdb6f90959b73653be0302d121556b4c0626fb20a88ff47291ce8ff
jdk23/no-debug/runtime/RetainedAliasRawParam.original.txt	587147b6fcdb6f90959b73653be0302d121556b4c0626fb20a88ff47291ce8ff
jdk23/no-debug/runtime/ShadowMethodT.jadx.txt	1c91e9e73e2b1038112652360b7e0dcd639e400df84523aac0d0102801a17264
jdk23/no-debug/runtime/ShadowMethodT.jarde.txt	ceb1dd45add8519cb6e22a15e06a6eab6b515c2f59d517b64ede6b379fcd7b53
jdk23/no-debug/runtime/ShadowMethodT.original.txt	e491f2fc9b0efb07abdaf9da8848a50d38b4da3848f045e3268c35d95124df5a
jdk23/no-debug/runtime/StaticRawLocal.jadx.txt	caa078a6f6a66a11482c09645632ebb52566091c80fab4fa927b1053dce64fde
jdk23/no-debug/runtime/StaticRawLocal.jarde.txt	25ea87cacc91c856b41331c020cf776ffda40333d737cff0309fadf5141463b0
jdk23/no-debug/runtime/StaticRawLocal.original.txt	25ea87cacc91c856b41331c020cf776ffda40333d737cff0309fadf5141463b0
jdk23/no-debug/runtime/ThisReceiver.jadx.txt	f2c2ade79741f3c077a9767a2c86b6f9e8b3c91395a41c1c035e78ca2c19717e
jdk23/no-debug/runtime/ThisReceiver.jarde.txt	9916911dd761a7b0d550673bef203cb77fb4cb96733a8fb0a2184fb7d3ba65b8
jdk23/no-debug/runtime/ThisReceiver.original.txt	9916911dd761a7b0d550673bef203cb77fb4cb96733a8fb0a2184fb7d3ba65b8
jdk23/no-debug/runtime/TypedReceiver.jadx.txt	1a07b6f4350dff1a6ca5a3e4ec3062096840ad9dbc1a6efbd816e82d4c9ccb31
jdk23/no-debug/runtime/TypedReceiver.jarde.txt	d7134843994e4b3ba1d434e5bdfba85531e98e0ec94492801f5dbfa4a5b0ca18
jdk23/no-debug/runtime/TypedReceiver.original.txt	7f08ef56194b137543c901f9bd3946d1ac0f4153f2cc202df75762d9c8052a16
jdk23/no-debug/runtime/WideRawParam.jadx.txt	bb098a483d7226c3ef490fd7d5502cfaae0fa2dc00a248054971f81a95f5b14e
jdk23/no-debug/runtime/WideRawParam.jarde.txt	9b6ad934d85edae64408a458838c3e4654befd592a41b43cedf7710c2e9b1512
jdk23/no-debug/runtime/WideRawParam.original.txt	9b6ad934d85edae64408a458838c3e4654befd592a41b43cedf7710c2e9b1512
jdk23/versions/java.txt	11d9a1559a3f4fab380e536f54e14acacdbd9fb56e147f04a9cc4723e3c229f7
jdk23/versions/javac.txt	8b08d363e50e3d8f80fe38c5910e7f52b3e267b192efacb74878c7103361d3cd
jdk8/debug/jadx/Array2DRawParam/sources/defpackage/Array2DRawParam.java	d9af1990c95193456c46473f31939177a2632e34152dde0ed791caf10ac40d27
jdk8/debug/jadx/ArrayRawParam/sources/defpackage/ArrayRawParam.java	b9356814382670f5cc31457caf107ca11a4836ca88b6a2964a73120afa021457
jdk8/debug/jadx/BoundRawParam/sources/defpackage/BoundRawParam.java	4545a9f6e22269ff21bcac1e1abc69f7f9186d982c4c395eb5c10471783b9eda
jdk8/debug/jadx/DirectInstanceRawParam/sources/defpackage/DirectInstanceRawParam.java	d5a81d1a0941226f34e220c355943cd81eace76a7f72ab9c0a07e079166af029
jdk8/debug/jadx/InstanceRawLocal/sources/defpackage/InstanceRawLocal.java	183a867140d3ec0d651f1c6024251ab3805b4a7cb5736eab8893104121ed39df
jdk8/debug/jadx/MultiFormalRawParam/sources/defpackage/MultiFormalRawParam.java	46dff0ad150401facc3becf5fa2e92685a87d46f2c9b537e02a20af4e0da4072
jdk8/debug/jadx/NullRawParam/sources/defpackage/NullRawParam.java	2497fde8c7696cef28caddbb5432e9775944289511bd27767183fd2665087b19
jdk8/debug/jadx/PrimitiveArrayRawParam/sources/defpackage/PrimitiveArrayRawParam.java	6e080e95264345c55088fab59d326568454b5c431b3bd4674254c4c3f7931b0b
jdk8/debug/jadx/RawOwnerChild/sources/defpackage/RawOwnerBase.java	a4256e0b800f68dffd6124722d909d24bb9958b2d27d0668e20575fd05ead39d
jdk8/debug/jadx/RawOwnerChild/sources/defpackage/RawOwnerChild.java	ea53cd737a4ca1e297f8ae71a5ed156924a2cf3ad7c61206b43694e7cb016fde
jdk8/debug/jadx/RawParam/sources/defpackage/RawParam.java	a36e1bd1ec630ddccadc5178ea2ef1483d9b784fef412784d34d672f34d9c855
jdk8/debug/jadx/RetainedAliasRawParam/sources/defpackage/RetainedAliasRawParam.java	0d8c28f014d9873131e2277ec147645b4f2e8f88f10d96ebafa1ca68ec7519a9
jdk8/debug/jadx/ShadowMethodT/sources/defpackage/ShadowMethodT.java	e638423e067858654f869a3c38d7f38daf64e4a0855011122ace6be028722f99
jdk8/debug/jadx/StaticRawLocal/sources/defpackage/StaticRawLocal.java	0875242685024debb56daf13e862932967d9e7c860f92e7b89c872dc99a16be8
jdk8/debug/jadx/ThisReceiver/sources/defpackage/ThisReceiver.java	908f8f9ccda887868f6a515f1942aed41297b5a73a55e0a062da8faeca7b049f
jdk8/debug/jadx/TypedReceiver/sources/defpackage/TypedReceiver.java	f6885117b5b3c43020e4cede27dbe323b9d8ef2900b0d386adc3a22e1abcc97f
jdk8/debug/jadx/WideRawParam/sources/defpackage/WideRawParam.java	1b5390662572c65827dc2e38557a649a6c3f92cb2c6813556092327e680a54fd
jdk8/debug/jarde/Array2DRawParam.java	d4ba813f6f198eed97a53a5c193bca2f69698ce49b7a93aa69e279e7c27acb62
jdk8/debug/jarde/Array2DRawParam.stderr.txt	76d4b0cf7f7c59e46ea198db8853fb50a88d27228c6f647c60f2be976ad6df9c
jdk8/debug/jarde/ArrayRawParam.java	c8c72849f11741a77f70b21b0436745c69e7f2e9d60ae7c7724adfd147a8faab
jdk8/debug/jarde/ArrayRawParam.stderr.txt	4ce8417d588bb3e873e7c63ff2881a7e984667ed9c5fb6c38688f5bb59accbb6
jdk8/debug/jarde/BoundRawParam.java	6780b9df7fd79af1b6d8e0acb289d0257a77eaa548101c8cfe3fdc3911d66eac
jdk8/debug/jarde/BoundRawParam.stderr.txt	e2fe899361f6170b2c00edd8bee4b8d8e55fe0cef1a3649852a7b682f3a1e469
jdk8/debug/jarde/DirectInstanceRawParam.java	66882766f2731a7d18b72428b8ad38d8f2bd8e0183b4bf42ab71e0a8bcb56671
jdk8/debug/jarde/DirectInstanceRawParam.stderr.txt	7e548463c95a58920be22fe92d3939a426551fee4ad252216be3126b6deebf9d
jdk8/debug/jarde/InstanceRawLocal.java	5739eae80933689e02968db38be749560fea18f7852efc7071bc402ac1657445
jdk8/debug/jarde/InstanceRawLocal.stderr.txt	bc18d52dff814df62ff68c5615b4c14d2f06a738ea985b8df39ff8e792eb84cd
jdk8/debug/jarde/MultiFormalRawParam.java	f619dc6de622abbbb601490c87b29154ed05f1dc9da16fd08f994de9faa1e729
jdk8/debug/jarde/MultiFormalRawParam.stderr.txt	8df5d42a9230d176ce9a671a1a061b83c42a63c719b391cb9aa63c08c303e6cc
jdk8/debug/jarde/NullRawParam.java	f60daa335370ba4b9535a79d8a6039e957fde7f7fbf1179b722b7dff8c1bb168
jdk8/debug/jarde/NullRawParam.stderr.txt	b6a9695c208f04a5d492074df629a0d4763880253c7fb7c4d3f11264b352a4ef
jdk8/debug/jarde/PrimitiveArrayRawParam.java	ca19f53923fbfb66917c75ea83f0d5053343cf8c6aa62b562778ef54d5028a26
jdk8/debug/jarde/PrimitiveArrayRawParam.stderr.txt	b12cbbf0e71bb4268d6b82bc82756f331fff402c58943c360fef5f43a2217b4c
jdk8/debug/jarde/RawOwnerBase.java	f400195673e17b46cfe5e1ecf2dfa6ad1e569fc2a83c23d92202a00ba21aba24
jdk8/debug/jarde/RawOwnerBase.stderr.txt	60c00174d51ca98a14d716ba296c312fc14eaafbfda9f4a71c24c854ada787b7
jdk8/debug/jarde/RawOwnerChild.java	85654234ed265aea8c2af90fe4353ca2be2b352c36d98476b0f89a9661e064cd
jdk8/debug/jarde/RawOwnerChild.stderr.txt	c3557c4d5eaad6a041d16ea5ac9e910639ad677f617c14b9689a3fb89bd32b08
jdk8/debug/jarde/RawParam.java	e086985b6879bfbebb341e501fb7f963bc33d5623ac87904b40e011163135e9b
jdk8/debug/jarde/RawParam.stderr.txt	50eab7f0725a3bac30972893171f04a17dc8f9e23a83dea8a83a61f4b6cdaada
jdk8/debug/jarde/RetainedAliasRawParam.java	67c03164c7f4c286881d760c247bdc8ed73c851a4377db2751830cc607eb3f89
jdk8/debug/jarde/RetainedAliasRawParam.stderr.txt	df5d7d1d7601631c717c2eacb1f82c3815d4cb67150623e097dc6fa65434f304
jdk8/debug/jarde/ShadowMethodT.java	b6d351665b1a03c8f6b0bfadfbb2dc22c1ab88457700d15dc23ffdd9d8ec560e
jdk8/debug/jarde/ShadowMethodT.stderr.txt	d2ffe40b6952153fb262c43eb0fbd088b67b8704fca66f28cc990fef190d03b7
jdk8/debug/jarde/StaticRawLocal.java	9ec274de3d0847441e7de73ff79a6d027179b6c14306c18643ee8e2346b54332
jdk8/debug/jarde/StaticRawLocal.stderr.txt	6be453ccff09c8c80feaada6a0ada9849f39757d2c4a845fa6b22e2dd4537e84
jdk8/debug/jarde/ThisReceiver.java	a97d2cf3fb8ae606b390fe7a96386fb611ca686a76a5a25889978f7e8fc03c52
jdk8/debug/jarde/ThisReceiver.stderr.txt	23093ac2b6ec6e4e1f730e0ccf0ec0c84a7e34cf958e616db27f795a68c0555d
jdk8/debug/jarde/TypedReceiver.java	bdf8ee04b0e67af0e95616b5995872c1accab0101131b4987ca1cfa4bc6d46f0
jdk8/debug/jarde/TypedReceiver.stderr.txt	672620d26fba86839d4d3305349435ece07c25c9244e29aff0ddc2861a9d14b9
jdk8/debug/jarde/WideRawParam.java	a8c2366e3a709f7941c00dff72d5921e0b3e9772cd7195d3caf1094bb0a95be9
jdk8/debug/jarde/WideRawParam.stderr.txt	b2709b3e82feee04a3d0fe88d1de71814dfa44ec7d5694c0717e12142d094f23
jdk8/debug/javap/Array2DRawParam.txt	deba0d0fd6477619e89f6e76cb0525d7928b911974091d0073491756b6417e97
jdk8/debug/javap/ArrayRawParam.txt	4c7ce421a74e0ffc33ec4ecc7a9712fe726a9b9db67edf403b567249c28fe909
jdk8/debug/javap/BoundRawParam.txt	0583d8322acdeef96e916b2cd62e0e25b844428cb9daff422eefb25ea2352e81
jdk8/debug/javap/DirectInstanceRawParam.txt	985b63aa149ff87b9b79d1688950f005707ac1fe3ebca01c335333d2b931f006
jdk8/debug/javap/InstanceRawLocal.txt	9249a05a4572e949a37723bf4ff6085801591039804b4eee4014d3dd1f8cfd06
jdk8/debug/javap/MultiFormalRawParam.txt	dd1d4e622d2f408c5f5449b163dce274f44ce66b401816ce045a25ad1fc513c7
jdk8/debug/javap/NullRawParam.txt	139d2e1df5d613b81e80530d7449c85459b12960a83cda1800ca1f8801c39daf
jdk8/debug/javap/PrimitiveArrayRawParam.txt	6c4c7ae38c5a52141338d2360ce13fbbcd8a280a300025a4a460905647984ee8
jdk8/debug/javap/RawOwnerChild.txt	a3a1264e9c4e89058dde177c37e9e84d5d04b0241e271244df647a02a10108f8
jdk8/debug/javap/RawParam.txt	bc0b7e43895553691716cf1abb0c59faf3ab7b72ef31d17ce517b552e969b435
jdk8/debug/javap/RetainedAliasRawParam.txt	3cb057158548fc3131bab5f82e09bcb27fd50bfa5ef8d55801944101226deb0e
jdk8/debug/javap/ShadowMethodT.txt	5f88b0dbb9231e78d4e602f89003a6cb83bbca11530d969965acb02353395676
jdk8/debug/javap/StaticRawLocal.txt	e0994f098dd155f0f2867b8a271f4c7dfb09c0342b8f7ac40d767ee8c18864e4
jdk8/debug/javap/ThisReceiver.txt	2f2a02e12469f568ae016a6557d63d63bdb89f4e4ab63fe6a2e6ddf9a205ecaf
jdk8/debug/javap/TypedReceiver.txt	0fafdbe630a9c84f8a1689942d1d318fbf4965b15a3f175ce3af6e45ad59f135
jdk8/debug/javap/WideRawParam.txt	251a24fecb60d9545e8c5bff05871e4aec25485f0800735c1fe9de099cd4efdb
jdk8/debug/runtime/Array2DRawParam.jadx.txt	8a25af8b8504893fffac8c1872e3c93e85925b6aa0b3d9ff5f62750cee2ba267
jdk8/debug/runtime/Array2DRawParam.jarde.txt	f48a2d307b1f6c7abb8d91e7a8ed8a5ccc87d07c1114588c08ddfb0808240329
jdk8/debug/runtime/Array2DRawParam.original.txt	f48a2d307b1f6c7abb8d91e7a8ed8a5ccc87d07c1114588c08ddfb0808240329
jdk8/debug/runtime/ArrayRawParam.jadx.txt	65890eea8fe7c3065fbc2f644c7253d5354fdffeba56efc1a47107d7914063b6
jdk8/debug/runtime/ArrayRawParam.jarde.txt	d51f3b7d45328701a337bb2285770bcd1cf8f2179c66734c318010571e65ac8b
jdk8/debug/runtime/ArrayRawParam.original.txt	d51f3b7d45328701a337bb2285770bcd1cf8f2179c66734c318010571e65ac8b
jdk8/debug/runtime/BoundRawParam.jadx.txt	bdeb71e6ccb9da375831745c55c6fa5137fd29b7007948eecaea74516d6991ca
jdk8/debug/runtime/BoundRawParam.jarde.txt	0c5cb2a465e5db671d09e57d82dc7d2279cee6ef898da3154a4cac90f5c80de8
jdk8/debug/runtime/BoundRawParam.original.txt	0c5cb2a465e5db671d09e57d82dc7d2279cee6ef898da3154a4cac90f5c80de8
jdk8/debug/runtime/DirectInstanceRawParam.jadx.txt	b3cda9506188b60dd9d215bc5efd1dafb315f344e7cea3910361ebe407f0cc9b
jdk8/debug/runtime/DirectInstanceRawParam.jarde.txt	9358c79b8f63417a168963e9dc02e1e1359ee5bda8614638bec755f01d5683be
jdk8/debug/runtime/DirectInstanceRawParam.original.txt	9358c79b8f63417a168963e9dc02e1e1359ee5bda8614638bec755f01d5683be
jdk8/debug/runtime/InstanceRawLocal.jarde.txt	c4a0fd4eb5e838df4c7116cc09d11740387e51309b8dd9c85cb1eac73adb9692
jdk8/debug/runtime/InstanceRawLocal.original.txt	b5f800a25ef5e547f36ccdecb9d6798cca74aee4a8a677d83bd449aea30f57e1
jdk8/debug/runtime/MultiFormalRawParam.jadx.txt	8d284d37fb44425659f63776c8f684d596146724e653b1147b4adc2b7c50d4e2
jdk8/debug/runtime/MultiFormalRawParam.jarde.txt	8bc5d0b9f7ed8f8820c0a056a24f74615b3e6104dd1ccada41aee9975df41485
jdk8/debug/runtime/MultiFormalRawParam.original.txt	6d16de1512a82cf13a56f94903001249dbfdb1ab81b29b817616448334e1d0c4
jdk8/debug/runtime/NullRawParam.jadx.txt	f4e759450c3306919076b843e677ebd4315a206a7a08c607258e8ee49a6eb720
jdk8/debug/runtime/NullRawParam.jarde.txt	99432d5aa83e97874597f1a0fde12c2a963ce4099787ae00fd33faff35b18418
jdk8/debug/runtime/NullRawParam.original.txt	99432d5aa83e97874597f1a0fde12c2a963ce4099787ae00fd33faff35b18418
jdk8/debug/runtime/PrimitiveArrayRawParam.jadx.txt	8dbde5389e6da69a121d5ad297157ee52bcb682d49d75d8a4bc7844fd4d1d1e8
jdk8/debug/runtime/PrimitiveArrayRawParam.jarde.txt	e156798549dd3ab3c3eced5fadfdced0789f4ee0e3f65410c291f2c46434dfba
jdk8/debug/runtime/PrimitiveArrayRawParam.original.txt	e156798549dd3ab3c3eced5fadfdced0789f4ee0e3f65410c291f2c46434dfba
jdk8/debug/runtime/RawOwnerChild.jadx.txt	2404a47a7f7c206decbce521d1ad8ca2966f33929a01a6e1cd462d7eda65b76b
jdk8/debug/runtime/RawOwnerChild.jarde.txt	e65da6d8f2478e3a0b6f43759b106518ecb2b77f17bd072cf737ed70a4ac28ad
jdk8/debug/runtime/RawOwnerChild.original.txt	c25e0c82c8f818f082f08ceef41ac63b15ed1ce4bb020bcf1eff5396c577b047
jdk8/debug/runtime/RawParam.jadx.txt	33b65814b563635c3b26f292f11a234ec9eda87fc8bbf5409c3fc0f323ad9d3d
jdk8/debug/runtime/RawParam.jarde.txt	6a2e3f1a9739b680582fea7e805eed4d712c0aaa5f345bb00d8449a502e68b6d
jdk8/debug/runtime/RawParam.original.txt	6a2e3f1a9739b680582fea7e805eed4d712c0aaa5f345bb00d8449a502e68b6d
jdk8/debug/runtime/RetainedAliasRawParam.jadx.txt	f92fd71052669f4c2419e8516949617f14ee858caeb232d80d63117f41ea2d94
jdk8/debug/runtime/RetainedAliasRawParam.jarde.txt	587147b6fcdb6f90959b73653be0302d121556b4c0626fb20a88ff47291ce8ff
jdk8/debug/runtime/RetainedAliasRawParam.original.txt	587147b6fcdb6f90959b73653be0302d121556b4c0626fb20a88ff47291ce8ff
jdk8/debug/runtime/ShadowMethodT.jadx.txt	1c91e9e73e2b1038112652360b7e0dcd639e400df84523aac0d0102801a17264
jdk8/debug/runtime/ShadowMethodT.jarde.txt	ceb1dd45add8519cb6e22a15e06a6eab6b515c2f59d517b64ede6b379fcd7b53
jdk8/debug/runtime/ShadowMethodT.original.txt	e491f2fc9b0efb07abdaf9da8848a50d38b4da3848f045e3268c35d95124df5a
jdk8/debug/runtime/StaticRawLocal.jadx.txt	caa078a6f6a66a11482c09645632ebb52566091c80fab4fa927b1053dce64fde
jdk8/debug/runtime/StaticRawLocal.jarde.txt	25ea87cacc91c856b41331c020cf776ffda40333d737cff0309fadf5141463b0
jdk8/debug/runtime/StaticRawLocal.original.txt	25ea87cacc91c856b41331c020cf776ffda40333d737cff0309fadf5141463b0
jdk8/debug/runtime/ThisReceiver.jadx.txt	f2c2ade79741f3c077a9767a2c86b6f9e8b3c91395a41c1c035e78ca2c19717e
jdk8/debug/runtime/ThisReceiver.jarde.txt	9916911dd761a7b0d550673bef203cb77fb4cb96733a8fb0a2184fb7d3ba65b8
jdk8/debug/runtime/ThisReceiver.original.txt	9916911dd761a7b0d550673bef203cb77fb4cb96733a8fb0a2184fb7d3ba65b8
jdk8/debug/runtime/TypedReceiver.jadx.txt	1a07b6f4350dff1a6ca5a3e4ec3062096840ad9dbc1a6efbd816e82d4c9ccb31
jdk8/debug/runtime/TypedReceiver.jarde.txt	d7134843994e4b3ba1d434e5bdfba85531e98e0ec94492801f5dbfa4a5b0ca18
jdk8/debug/runtime/TypedReceiver.original.txt	7f08ef56194b137543c901f9bd3946d1ac0f4153f2cc202df75762d9c8052a16
jdk8/debug/runtime/WideRawParam.jadx.txt	bb098a483d7226c3ef490fd7d5502cfaae0fa2dc00a248054971f81a95f5b14e
jdk8/debug/runtime/WideRawParam.jarde.txt	9b6ad934d85edae64408a458838c3e4654befd592a41b43cedf7710c2e9b1512
jdk8/debug/runtime/WideRawParam.original.txt	9b6ad934d85edae64408a458838c3e4654befd592a41b43cedf7710c2e9b1512
jdk8/no-debug/jadx/Array2DRawParam/sources/defpackage/Array2DRawParam.java	7bf3005284b755fe00567641896be8ddcb1010ecdf431bb7cbd62e0fed69cd65
jdk8/no-debug/jadx/ArrayRawParam/sources/defpackage/ArrayRawParam.java	ce0ba57264c94dc463df8d3dbd6b3be4221b852d694a4a6471d38a3f13b35d4b
jdk8/no-debug/jadx/BoundRawParam/sources/defpackage/BoundRawParam.java	c728ec861a3d99357641665f0f7db8e272eda3309e78679b587b8bf8d4b156b7
jdk8/no-debug/jadx/DirectInstanceRawParam/sources/defpackage/DirectInstanceRawParam.java	d510980f6071ada1a310dd5a76fd7ff932c97703337c794fbccb526b8309c33c
jdk8/no-debug/jadx/InstanceRawLocal/sources/defpackage/InstanceRawLocal.java	183a867140d3ec0d651f1c6024251ab3805b4a7cb5736eab8893104121ed39df
jdk8/no-debug/jadx/MultiFormalRawParam/sources/defpackage/MultiFormalRawParam.java	7d015e6743c7ed99d6c7690a03fcf4ecf861a9c582097a14130d74c338cc9376
jdk8/no-debug/jadx/NullRawParam/sources/defpackage/NullRawParam.java	a851150cb6e01aab4844ecce9c0ebb6f65cf050e4aef37382ef53b379c9c7d87
jdk8/no-debug/jadx/PrimitiveArrayRawParam/sources/defpackage/PrimitiveArrayRawParam.java	331c49fc214f34eda5179d4a5fdd3a84dccbec84b083fc49d9121ea426240d11
jdk8/no-debug/jadx/RawOwnerChild/sources/defpackage/RawOwnerBase.java	a4256e0b800f68dffd6124722d909d24bb9958b2d27d0668e20575fd05ead39d
jdk8/no-debug/jadx/RawOwnerChild/sources/defpackage/RawOwnerChild.java	7b1d0110195f085b030ec850679ab6449421c0bc84e5a9decc86d154332e6a5b
jdk8/no-debug/jadx/RawParam/sources/defpackage/RawParam.java	12bd0a83b15704e980d959b9015f1cee6036fe3e2ea3cf799a394dd9a4732787
jdk8/no-debug/jadx/RetainedAliasRawParam/sources/defpackage/RetainedAliasRawParam.java	a04d278d436e9e8d24ab1aa54b93f44ae2766c59e3670b1f663515abdd163ced
jdk8/no-debug/jadx/ShadowMethodT/sources/defpackage/ShadowMethodT.java	a3cc4ded8594ea60b6a6aded917b5d81b18665b64ed2a0e7e869b7435445eeec
jdk8/no-debug/jadx/StaticRawLocal/sources/defpackage/StaticRawLocal.java	c62aaca50bf0904967018ce58649678d845644764106ae6e56fc95af81c82cd2
jdk8/no-debug/jadx/ThisReceiver/sources/defpackage/ThisReceiver.java	29bdbc10deda533facdba2757b0246d7b9e1284023c246cbff18c76ea9e82a3c
jdk8/no-debug/jadx/TypedReceiver/sources/defpackage/TypedReceiver.java	93a41a4f4f11b77fc7b06c143144ebb4254d182495e5a60594be22385b0e594b
jdk8/no-debug/jadx/WideRawParam/sources/defpackage/WideRawParam.java	688c4a0e9325d677f23f0a8f7c56c05436f009b6b8249eb0336dc5362904b189
jdk8/no-debug/jarde/Array2DRawParam.java	84b51bbf39ee444117977442cc40e3d8c27a72fb65b6164c7b2fbdfcc4eae13c
jdk8/no-debug/jarde/Array2DRawParam.stderr.txt	122437b4aa32b68b04789ea2c8ecf74658760d15c0d4d9b23e284250fd3fa450
jdk8/no-debug/jarde/ArrayRawParam.java	6eca13086c3cca27c7ef5ed7c3ebc60b7bd9d8daada5cdd7d9c1eb80bf88c0bf
jdk8/no-debug/jarde/ArrayRawParam.stderr.txt	7b14c5a23964f00a64cc3cfcb1c41406fd825fc7d59f17dda8d0d3acc6c4872e
jdk8/no-debug/jarde/BoundRawParam.java	81ee814aa442d16bedb0f72f370830c16ee2069d4e84754453ae15445e258294
jdk8/no-debug/jarde/BoundRawParam.stderr.txt	dc31222e735eb5c9a3b0d21a51843e0ebedc5ca9daf6c778b1219c224b4156f6
jdk8/no-debug/jarde/DirectInstanceRawParam.java	4a94736315b6eae244e0c86bd52673d4184206d783c03a281542fea7858efed2
jdk8/no-debug/jarde/DirectInstanceRawParam.stderr.txt	6412db8bbbffd46c4096fdfdbc81a0a9d4410cb1d1e7abc07e29a4da4422eedf
jdk8/no-debug/jarde/InstanceRawLocal.java	da10013688a30b0cc61c5f8ad8649f79792d67b4ea0d861293afdaf595225214
jdk8/no-debug/jarde/InstanceRawLocal.stderr.txt	8b242337de7235857d1adcbbe7989fc229ee050cff5a75dc6e7c7dcf9814fe9a
jdk8/no-debug/jarde/MultiFormalRawParam.java	25dc6e16e8b9f5a62fe2333fe44c3491fde8f6d40b762bca42951af6d817bbd1
jdk8/no-debug/jarde/MultiFormalRawParam.stderr.txt	e6d390ed9f3ce42bb952a141e302212d42d1b0f6059b58818d940b7570f180f3
jdk8/no-debug/jarde/NullRawParam.java	d68300b3bdd64dc0a1769de4c77a88e3eebccc14b47a17dc3e1ee4f8165ca2e2
jdk8/no-debug/jarde/NullRawParam.stderr.txt	cba0d26e2b38d1e4fa33d22b35f49ee3c450c9fdfb2b6aa7ef4a06d7807c1e51
jdk8/no-debug/jarde/PrimitiveArrayRawParam.java	90298d00e9daee2bf9bea1ca50260dee0b170c49e8bc25e85ffbce8789fa2c77
jdk8/no-debug/jarde/PrimitiveArrayRawParam.stderr.txt	ac3c688dddd97153b1f0ae5a046f6ef5402428e6e0aeb4ea1c996f8d1c9a75cb
jdk8/no-debug/jarde/RawOwnerBase.java	f400195673e17b46cfe5e1ecf2dfa6ad1e569fc2a83c23d92202a00ba21aba24
jdk8/no-debug/jarde/RawOwnerBase.stderr.txt	1275020ed5302c0eb41f6bd41f53fe6dcf77dd83b8b687d91eb9efc678212426
jdk8/no-debug/jarde/RawOwnerChild.java	8bc50b0f6cb5bc0a65e96706a623c1fc4bc19fa7d9d3586ebaace845198a1015
jdk8/no-debug/jarde/RawOwnerChild.stderr.txt	7fa6ecef6b46f8ed79040af4505976244f1f95f70e09a5cc560535b39a6cf3e1
jdk8/no-debug/jarde/RawParam.java	deadf9d5abebeb93b29bb8330dd107c0f9f84ba1ddfa430103fcb8261f91caa4
jdk8/no-debug/jarde/RawParam.stderr.txt	9f263ef886e30938eae5f4a7a64ccaa77c4b0b76760a96b3087cb1a4e6e6faec
jdk8/no-debug/jarde/RetainedAliasRawParam.java	e3536151d6425f7cf9e601be73cd6fccdb94be39c2157ee6ae0f84a8c7d364e5
jdk8/no-debug/jarde/RetainedAliasRawParam.stderr.txt	d01cc149556731c6ef007fea40504116cc0d18b483c321a95921029f68ab9095
jdk8/no-debug/jarde/ShadowMethodT.java	b04b610fd3bcae70366460c87281526e1a77989a2393c91d4e0cf746fee52a9a
jdk8/no-debug/jarde/ShadowMethodT.stderr.txt	9443a1cf01d4a9b0eb270cbe68d442726e8862af148346e14a81d0f08f0e41f1
jdk8/no-debug/jarde/StaticRawLocal.java	fd3a53f3051037b2d49c8966c16550fc2360b0f7494664a72673443748783747
jdk8/no-debug/jarde/StaticRawLocal.stderr.txt	4b518de0815a267865241f5d051225ef3c1aa7d2d37f3b0f78690c3a9d726d1e
jdk8/no-debug/jarde/ThisReceiver.java	0c40a3e0e09b0e97ca13b527dcc647a9f01c29a3f73f31f6d7de68b4408b0d8f
jdk8/no-debug/jarde/ThisReceiver.stderr.txt	0a49e73d40a645043a0e9144620541b8efd8697daa39e8534e6caf77fc6e83e4
jdk8/no-debug/jarde/TypedReceiver.java	50c3079f863db603a415bf7cc07cdbc4457249ab9e0bfadcb21fa7b4aaccd53b
jdk8/no-debug/jarde/TypedReceiver.stderr.txt	68bedf77a1a36014b15d71d4d929fa02fc65919068732f72f24a79688e2b3728
jdk8/no-debug/jarde/WideRawParam.java	1fffb038dc24c28f794c348a356b25bf8f3cac2017e72733ba1b38208c722010
jdk8/no-debug/jarde/WideRawParam.stderr.txt	7e86e91174d6219afbb36ca12d99f9757caee4d8b7bfebd07b1555e909a28f32
jdk8/no-debug/javap/Array2DRawParam.txt	9085a4808db8ad5e0144f9e80b3bd5fb71cc39d9128c891f71ebe19da37b12d7
jdk8/no-debug/javap/ArrayRawParam.txt	24ed418999b82029ba80cfe7fb5f5170b36d811fe7db60dc4fc424f0dac2188f
jdk8/no-debug/javap/BoundRawParam.txt	35328488ae05ff6cb9f5ea7516ee2ff849fd1910c1da48b8be5d2290ccf91aaf
jdk8/no-debug/javap/DirectInstanceRawParam.txt	4957d9f929264dc89c0ce8e20c5518e881a8862ea97e61f11d9ed818e6cd5b73
jdk8/no-debug/javap/InstanceRawLocal.txt	d7aad3786566a8bfdffbfabdf54ee56978abafe2c5c4f9154f892c01bf836281
jdk8/no-debug/javap/MultiFormalRawParam.txt	576d418084006c3432ae54bde722c5e1f3329fa92d098f3b84fce07ff58a8b83
jdk8/no-debug/javap/NullRawParam.txt	9a59b31b98a5661258bcaf443731f7673ffb6ced1e6bd1a1aed6f998cc92b6f1
jdk8/no-debug/javap/PrimitiveArrayRawParam.txt	275f1e044e17248fbec53bb33c68fcd2bb7a3501f996d9ede23b698af39fc073
jdk8/no-debug/javap/RawOwnerChild.txt	4b6867ba7a8ffd26d6b4167344e0025c5756c4895040f1f7d5ebe1ad40a3deed
jdk8/no-debug/javap/RawParam.txt	cc2c68d9572b763ce658882d9210752a0cd40c7a38cb210d8abbc6ba5f6aa291
jdk8/no-debug/javap/RetainedAliasRawParam.txt	b9fe7985316c785d39a3760244459ca1200626315058c1b0a2d5baa16cb822cb
jdk8/no-debug/javap/ShadowMethodT.txt	f4bcacef3b8048d7270b588c9fdc067893b945c368750d1d7f1bf6f89da099c2
jdk8/no-debug/javap/StaticRawLocal.txt	f524d996d106d91974cf2b6d64dbe542b10606b0499411bdcd62f1698717625a
jdk8/no-debug/javap/ThisReceiver.txt	6ca1c12ab28e407f2ebce7f75369b2122364e2218c6c3c7543db1144a7b80a60
jdk8/no-debug/javap/TypedReceiver.txt	95eafd92fd08eea310d88bc1cd1cde1bca66ce8f8eeeb6801efc78caaa685a15
jdk8/no-debug/javap/WideRawParam.txt	d09c8be9c649a1712af9cc5e05f0f9f4b726e1dccedf88236075288c3e34e0a5
jdk8/no-debug/runtime/Array2DRawParam.jadx.txt	8a25af8b8504893fffac8c1872e3c93e85925b6aa0b3d9ff5f62750cee2ba267
jdk8/no-debug/runtime/Array2DRawParam.jarde.txt	f48a2d307b1f6c7abb8d91e7a8ed8a5ccc87d07c1114588c08ddfb0808240329
jdk8/no-debug/runtime/Array2DRawParam.original.txt	f48a2d307b1f6c7abb8d91e7a8ed8a5ccc87d07c1114588c08ddfb0808240329
jdk8/no-debug/runtime/ArrayRawParam.jadx.txt	65890eea8fe7c3065fbc2f644c7253d5354fdffeba56efc1a47107d7914063b6
jdk8/no-debug/runtime/ArrayRawParam.jarde.txt	d51f3b7d45328701a337bb2285770bcd1cf8f2179c66734c318010571e65ac8b
jdk8/no-debug/runtime/ArrayRawParam.original.txt	d51f3b7d45328701a337bb2285770bcd1cf8f2179c66734c318010571e65ac8b
jdk8/no-debug/runtime/BoundRawParam.jadx.txt	bdeb71e6ccb9da375831745c55c6fa5137fd29b7007948eecaea74516d6991ca
jdk8/no-debug/runtime/BoundRawParam.jarde.txt	0c5cb2a465e5db671d09e57d82dc7d2279cee6ef898da3154a4cac90f5c80de8
jdk8/no-debug/runtime/BoundRawParam.original.txt	0c5cb2a465e5db671d09e57d82dc7d2279cee6ef898da3154a4cac90f5c80de8
jdk8/no-debug/runtime/DirectInstanceRawParam.jadx.txt	b3cda9506188b60dd9d215bc5efd1dafb315f344e7cea3910361ebe407f0cc9b
jdk8/no-debug/runtime/DirectInstanceRawParam.jarde.txt	9358c79b8f63417a168963e9dc02e1e1359ee5bda8614638bec755f01d5683be
jdk8/no-debug/runtime/DirectInstanceRawParam.original.txt	9358c79b8f63417a168963e9dc02e1e1359ee5bda8614638bec755f01d5683be
jdk8/no-debug/runtime/InstanceRawLocal.jarde.txt	c4a0fd4eb5e838df4c7116cc09d11740387e51309b8dd9c85cb1eac73adb9692
jdk8/no-debug/runtime/InstanceRawLocal.original.txt	b5f800a25ef5e547f36ccdecb9d6798cca74aee4a8a677d83bd449aea30f57e1
jdk8/no-debug/runtime/MultiFormalRawParam.jadx.txt	8d284d37fb44425659f63776c8f684d596146724e653b1147b4adc2b7c50d4e2
jdk8/no-debug/runtime/MultiFormalRawParam.jarde.txt	8bc5d0b9f7ed8f8820c0a056a24f74615b3e6104dd1ccada41aee9975df41485
jdk8/no-debug/runtime/MultiFormalRawParam.original.txt	6d16de1512a82cf13a56f94903001249dbfdb1ab81b29b817616448334e1d0c4
jdk8/no-debug/runtime/NullRawParam.jadx.txt	f4e759450c3306919076b843e677ebd4315a206a7a08c607258e8ee49a6eb720
jdk8/no-debug/runtime/NullRawParam.jarde.txt	99432d5aa83e97874597f1a0fde12c2a963ce4099787ae00fd33faff35b18418
jdk8/no-debug/runtime/NullRawParam.original.txt	99432d5aa83e97874597f1a0fde12c2a963ce4099787ae00fd33faff35b18418
jdk8/no-debug/runtime/PrimitiveArrayRawParam.jadx.txt	8dbde5389e6da69a121d5ad297157ee52bcb682d49d75d8a4bc7844fd4d1d1e8
jdk8/no-debug/runtime/PrimitiveArrayRawParam.jarde.txt	e156798549dd3ab3c3eced5fadfdced0789f4ee0e3f65410c291f2c46434dfba
jdk8/no-debug/runtime/PrimitiveArrayRawParam.original.txt	e156798549dd3ab3c3eced5fadfdced0789f4ee0e3f65410c291f2c46434dfba
jdk8/no-debug/runtime/RawOwnerChild.jadx.txt	2404a47a7f7c206decbce521d1ad8ca2966f33929a01a6e1cd462d7eda65b76b
jdk8/no-debug/runtime/RawOwnerChild.jarde.txt	e65da6d8f2478e3a0b6f43759b106518ecb2b77f17bd072cf737ed70a4ac28ad
jdk8/no-debug/runtime/RawOwnerChild.original.txt	c25e0c82c8f818f082f08ceef41ac63b15ed1ce4bb020bcf1eff5396c577b047
jdk8/no-debug/runtime/RawParam.jadx.txt	33b65814b563635c3b26f292f11a234ec9eda87fc8bbf5409c3fc0f323ad9d3d
jdk8/no-debug/runtime/RawParam.jarde.txt	6a2e3f1a9739b680582fea7e805eed4d712c0aaa5f345bb00d8449a502e68b6d
jdk8/no-debug/runtime/RawParam.original.txt	6a2e3f1a9739b680582fea7e805eed4d712c0aaa5f345bb00d8449a502e68b6d
jdk8/no-debug/runtime/RetainedAliasRawParam.jadx.txt	f92fd71052669f4c2419e8516949617f14ee858caeb232d80d63117f41ea2d94
jdk8/no-debug/runtime/RetainedAliasRawParam.jarde.txt	587147b6fcdb6f90959b73653be0302d121556b4c0626fb20a88ff47291ce8ff
jdk8/no-debug/runtime/RetainedAliasRawParam.original.txt	587147b6fcdb6f90959b73653be0302d121556b4c0626fb20a88ff47291ce8ff
jdk8/no-debug/runtime/ShadowMethodT.jadx.txt	1c91e9e73e2b1038112652360b7e0dcd639e400df84523aac0d0102801a17264
jdk8/no-debug/runtime/ShadowMethodT.jarde.txt	ceb1dd45add8519cb6e22a15e06a6eab6b515c2f59d517b64ede6b379fcd7b53
jdk8/no-debug/runtime/ShadowMethodT.original.txt	e491f2fc9b0efb07abdaf9da8848a50d38b4da3848f045e3268c35d95124df5a
jdk8/no-debug/runtime/StaticRawLocal.jadx.txt	caa078a6f6a66a11482c09645632ebb52566091c80fab4fa927b1053dce64fde
jdk8/no-debug/runtime/StaticRawLocal.jarde.txt	25ea87cacc91c856b41331c020cf776ffda40333d737cff0309fadf5141463b0
jdk8/no-debug/runtime/StaticRawLocal.original.txt	25ea87cacc91c856b41331c020cf776ffda40333d737cff0309fadf5141463b0
jdk8/no-debug/runtime/ThisReceiver.jadx.txt	f2c2ade79741f3c077a9767a2c86b6f9e8b3c91395a41c1c035e78ca2c19717e
jdk8/no-debug/runtime/ThisReceiver.jarde.txt	9916911dd761a7b0d550673bef203cb77fb4cb96733a8fb0a2184fb7d3ba65b8
jdk8/no-debug/runtime/ThisReceiver.original.txt	9916911dd761a7b0d550673bef203cb77fb4cb96733a8fb0a2184fb7d3ba65b8
jdk8/no-debug/runtime/TypedReceiver.jadx.txt	1a07b6f4350dff1a6ca5a3e4ec3062096840ad9dbc1a6efbd816e82d4c9ccb31
jdk8/no-debug/runtime/TypedReceiver.jarde.txt	d7134843994e4b3ba1d434e5bdfba85531e98e0ec94492801f5dbfa4a5b0ca18
jdk8/no-debug/runtime/TypedReceiver.original.txt	7f08ef56194b137543c901f9bd3946d1ac0f4153f2cc202df75762d9c8052a16
jdk8/no-debug/runtime/WideRawParam.jadx.txt	bb098a483d7226c3ef490fd7d5502cfaae0fa2dc00a248054971f81a95f5b14e
jdk8/no-debug/runtime/WideRawParam.jarde.txt	9b6ad934d85edae64408a458838c3e4654befd592a41b43cedf7710c2e9b1512
jdk8/no-debug/runtime/WideRawParam.original.txt	9b6ad934d85edae64408a458838c3e4654befd592a41b43cedf7710c2e9b1512
jdk8/versions/java.txt	faab3c8a678f056adf83280dbda6950d4d51a39eaf84b2136be0a1812b62e22d
jdk8/versions/javac.txt	b78c3d234842235ae1b53dd6405da54b3af2b02047c45858b595870662803db8
outer-preflight-metadata.json	f70a10c36b632b3ca49bdff96a035da2e754679c085affdb7aff3b6dc1505252
outer-run-metadata.json	28575e38f943bec9ce66a1b2418c0bfbcb37bc384b49114a2a996a9f6d565380
replay-executed.py	2c9b8233f41f13a483fa252a898f81e4602b9c7b3a0308cbc95bcd42162dc3a2
run-label.txt	dfc855b14594ba0e54085b00bcb20b2709aab99357d1e3390b0ca2efb3cf9b0d
runtime-comparisons.tsv	59f46618900e7c2db880727853072b27009fac81285d19a5b6f6a0f72bea24b0
subprocess-logs/0001-versions_jarde-cli.stderr	e3b0c44298fc1c149afbf4c8996fb92427ae41e4649b934ca495991b7852b855
subprocess-logs/0001-versions_jarde-cli.stdout	4e3523057f610dda085c877b3d636cbdeb15c23a541dba3b399c7c04eb4b14b5
subprocess-logs/0002-versions_jadx-cli.stderr	e3b0c44298fc1c149afbf4c8996fb92427ae41e4649b934ca495991b7852b855
subprocess-logs/0002-versions_jadx-cli.stdout	9c5955fc99a60b8f6dee6cf582c4420d91e1b3e2a201f532c91e2cbdfce7fa51
subprocess-logs/0003-jdk8_versions_java.stderr	faab3c8a678f056adf83280dbda6950d4d51a39eaf84b2136be0a1812b62e22d
subprocess-logs/0003-jdk8_versions_java.stdout	e3b0c44298fc1c149afbf4c8996fb92427ae41e4649b934ca495991b7852b855
subprocess-logs/0004-jdk8_versions_javac.stderr	b78c3d234842235ae1b53dd6405da54b3af2b02047c45858b595870662803db8
subprocess-logs/0004-jdk8_versions_javac.stdout	e3b0c44298fc1c149afbf4c8996fb92427ae41e4649b934ca495991b7852b855
subprocess-logs/0005-jdk8_debug_RawParam_jar-contents.stderr	e3b0c44298fc1c149afbf4c8996fb92427ae41e4649b934ca495991b7852b855
subprocess-logs/0005-jdk8_debug_RawParam_jar-contents.stdout	f05bc4ea2d7bc579f4987b4528010f3e37b2499a541d17b872ac93047629c0ee
subprocess-logs/0006-jdk8_debug_RawParam_original-javac.stderr	9d9730b78eecc0bec068e8425ed36cb28f298a28293b51d7ed462c65fe14ad4f
subprocess-logs/0006-jdk8_debug_RawParam_original-javac.stdout	e3b0c44298fc1c149afbf4c8996fb92427ae41e4649b934ca495991b7852b855
subprocess-logs/0007-jdk8_debug_RawParam_javap.stderr	e3b0c44298fc1c149afbf4c8996fb92427ae41e4649b934ca495991b7852b855
subprocess-logs/0007-jdk8_debug_RawParam_javap.stdout	bc0b7e43895553691716cf1abb0c59faf3ab7b72ef31d17ce517b552e969b435
subprocess-logs/0008-jdk8_debug_RawParam_original-probe-javac.stderr	e3b0c44298fc1c149afbf4c8996fb92427ae41e4649b934ca495991b7852b855
subprocess-logs/0008-jdk8_debug_RawParam_original-probe-javac.stdout	e3b0c44298fc1c149afbf4c8996fb92427ae41e4649b934ca495991b7852b855
subprocess-logs/0009-jdk8_debug_RawParam_original-run.stderr	e3b0c44298fc1c149afbf4c8996fb92427ae41e4649b934ca495991b7852b855
subprocess-logs/0009-jdk8_debug_RawParam_original-run.stdout	6a2e3f1a9739b680582fea7e805eed4d712c0aaa5f345bb00d8449a502e68b6d
subprocess-logs/0010-jdk8_debug_RawParam_jarde-RawParam.stderr	50eab7f0725a3bac30972893171f04a17dc8f9e23a83dea8a83a61f4b6cdaada
subprocess-logs/0010-jdk8_debug_RawParam_jarde-RawParam.stdout	e086985b6879bfbebb341e501fb7f963bc33d5623ac87904b40e011163135e9b
subprocess-logs/0011-jdk8_debug_RawParam_jarde-javac.stderr	fa6009f1ac101c0b87944a10c4e9fbc42aaad709862034d39ff9fd274482d7b7
subprocess-logs/0011-jdk8_debug_RawParam_jarde-javac.stdout	e3b0c44298fc1c149afbf4c8996fb92427ae41e4649b934ca495991b7852b855
subprocess-logs/0012-jdk8_debug_RawParam_jarde-verify-run.stderr	e3b0c44298fc1c149afbf4c8996fb92427ae41e4649b934ca495991b7852b855
subprocess-logs/0012-jdk8_debug_RawParam_jarde-verify-run.stdout	6a2e3f1a9739b680582fea7e805eed4d712c0aaa5f345bb00d8449a502e68b6d
subprocess-logs/0013-jdk8_debug_RawParam_jadx.stderr	e3b0c44298fc1c149afbf4c8996fb92427ae41e4649b934ca495991b7852b855
subprocess-logs/0013-jdk8_debug_RawParam_jadx.stdout	c1892547ba0e3714119ea4bab4c71676a76d4d2ccbedbffed81393a473bbb853
subprocess-logs/0014-jdk8_debug_RawParam_jadx-javac.stderr	31b6aea2d6ad086510ae42c6d6fd79b6dce6f661ad269dd50ed9735f88793ff1
subprocess-logs/0014-jdk8_debug_RawParam_jadx-javac.stdout	e3b0c44298fc1c149afbf4c8996fb92427ae41e4649b934ca495991b7852b855
subprocess-logs/0015-jdk8_debug_RawParam_jadx-verify-run.stderr	e3b0c44298fc1c149afbf4c8996fb92427ae41e4649b934ca495991b7852b855
subprocess-logs/0015-jdk8_debug_RawParam_jadx-verify-run.stdout	33b65814b563635c3b26f292f11a234ec9eda87fc8bbf5409c3fc0f323ad9d3d
subprocess-logs/0016-jdk8_no-debug_RawParam_jar-contents.stderr	e3b0c44298fc1c149afbf4c8996fb92427ae41e4649b934ca495991b7852b855
subprocess-logs/0016-jdk8_no-debug_RawParam_jar-contents.stdout	f05bc4ea2d7bc579f4987b4528010f3e37b2499a541d17b872ac93047629c0ee
subprocess-logs/0017-jdk8_no-debug_RawParam_original-javac.stderr	9d9730b78eecc0bec068e8425ed36cb28f298a28293b51d7ed462c65fe14ad4f
subprocess-logs/0017-jdk8_no-debug_RawParam_original-javac.stdout	e3b0c44298fc1c149afbf4c8996fb92427ae41e4649b934ca495991b7852b855
subprocess-logs/0018-jdk8_no-debug_RawParam_javap.stderr	e3b0c44298fc1c149afbf4c8996fb92427ae41e4649b934ca495991b7852b855
subprocess-logs/0018-jdk8_no-debug_RawParam_javap.stdout	cc2c68d9572b763ce658882d9210752a0cd40c7a38cb210d8abbc6ba5f6aa291
subprocess-logs/0019-jdk8_no-debug_RawParam_original-probe-javac.stderr	e3b0c44298fc1c149afbf4c8996fb92427ae41e4649b934ca495991b7852b855
subprocess-logs/0019-jdk8_no-debug_RawParam_original-probe-javac.stdout	e3b0c44298fc1c149afbf4c8996fb92427ae41e4649b934ca495991b7852b855
subprocess-logs/0020-jdk8_no-debug_RawParam_original-run.stderr	e3b0c44298fc1c149afbf4c8996fb92427ae41e4649b934ca495991b7852b855
subprocess-logs/0020-jdk8_no-debug_RawParam_original-run.stdout	6a2e3f1a9739b680582fea7e805eed4d712c0aaa5f345bb00d8449a502e68b6d
subprocess-logs/0021-jdk8_no-debug_RawParam_jarde-RawParam.stderr	9f263ef886e30938eae5f4a7a64ccaa77c4b0b76760a96b3087cb1a4e6e6faec
subprocess-logs/0021-jdk8_no-debug_RawParam_jarde-RawParam.stdout	deadf9d5abebeb93b29bb8330dd107c0f9f84ba1ddfa430103fcb8261f91caa4
subprocess-logs/0022-jdk8_no-debug_RawParam_jarde-javac.stderr	9650c8eb0316d8dae40a53341bfc1363630c72ad880a044f4a6593be1f95f378
subprocess-logs/0022-jdk8_no-debug_RawParam_jarde-javac.stdout	e3b0c44298fc1c149afbf4c8996fb92427ae41e4649b934ca495991b7852b855
subprocess-logs/0023-jdk8_no-debug_RawParam_jarde-verify-run.stderr	e3b0c44298fc1c149afbf4c8996fb92427ae41e4649b934ca495991b7852b855
subprocess-logs/0023-jdk8_no-debug_RawParam_jarde-verify-run.stdout	6a2e3f1a9739b680582fea7e805eed4d712c0aaa5f345bb00d8449a502e68b6d
subprocess-logs/0024-jdk8_no-debug_RawParam_jadx.stderr	e3b0c44298fc1c149afbf4c8996fb92427ae41e4649b934ca495991b7852b855
subprocess-logs/0024-jdk8_no-debug_RawParam_jadx.stdout	4d3f8411d78e65e02de0d744dc509cd5e93481058cd13fce02f598d001af6a6b
subprocess-logs/0025-jdk8_no-debug_RawParam_jadx-javac.stderr	0a9976c5d6e90144f43fcef6c51603779a9059c2bf555b96181528ee12a60375
subprocess-logs/0025-jdk8_no-debug_RawParam_jadx-javac.stdout	e3b0c44298fc1c149afbf4c8996fb92427ae41e4649b934ca495991b7852b855
subprocess-logs/0026-jdk8_no-debug_RawParam_jadx-verify-run.stderr	e3b0c44298fc1c149afbf4c8996fb92427ae41e4649b934ca495991b7852b855
subprocess-logs/0026-jdk8_no-debug_RawParam_jadx-verify-run.stdout	33b65814b563635c3b26f292f11a234ec9eda87fc8bbf5409c3fc0f323ad9d3d
subprocess-logs/0027-jdk8_debug_StaticRawLocal_jar-contents.stderr	e3b0c44298fc1c149afbf4c8996fb92427ae41e4649b934ca495991b7852b855
subprocess-logs/0027-jdk8_debug_StaticRawLocal_jar-contents.stdout	fb8ff04b200dd376807a9a425a37f1a645e63a3f90b47df4f84e407b0fed9d07
subprocess-logs/0028-jdk8_debug_StaticRawLocal_original-javac.stderr	23527a58b01798057acd5c28c00f81495224d919b15e566b51e41149473a51f1
subprocess-logs/0028-jdk8_debug_StaticRawLocal_original-javac.stdout	e3b0c44298fc1c149afbf4c8996fb92427ae41e4649b934ca495991b7852b855
subprocess-logs/0029-jdk8_debug_StaticRawLocal_javap.stderr	e3b0c44298fc1c149afbf4c8996fb92427ae41e4649b934ca495991b7852b855
subprocess-logs/0029-jdk8_debug_StaticRawLocal_javap.stdout	e0994f098dd155f0f2867b8a271f4c7dfb09c0342b8f7ac40d767ee8c18864e4
subprocess-logs/0030-jdk8_debug_StaticRawLocal_original-probe-javac.stderr	e3b0c44298fc1c149afbf4c8996fb92427ae41e4649b934ca495991b7852b855
subprocess-logs/0030-jdk8_debug_StaticRawLocal_original-probe-javac.stdout	e3b0c44298fc1c149afbf4c8996fb92427ae41e4649b934ca495991b7852b855
subprocess-logs/0031-jdk8_debug_StaticRawLocal_original-run.stderr	e3b0c44298fc1c149afbf4c8996fb92427ae41e4649b934ca495991b7852b855
subprocess-logs/0031-jdk8_debug_StaticRawLocal_original-run.stdout	25ea87cacc91c856b41331c020cf776ffda40333d737cff0309fadf5141463b0
subprocess-logs/0032-jdk8_debug_StaticRawLocal_jarde-StaticRawLocal.stderr	6be453ccff09c8c80feaada6a0ada9849f39757d2c4a845fa6b22e2dd4537e84
subprocess-logs/0032-jdk8_debug_StaticRawLocal_jarde-StaticRawLocal.stdout	9ec274de3d0847441e7de73ff79a6d027179b6c14306c18643ee8e2346b54332
subprocess-logs/0033-jdk8_debug_StaticRawLocal_jarde-javac.stderr	5f607a7a1acfac53778c8c414863558dad71ae628c825fc71d2bd1a702a0dd32
subprocess-logs/0033-jdk8_debug_StaticRawLocal_jarde-javac.stdout	e3b0c44298fc1c149afbf4c8996fb92427ae41e4649b934ca495991b7852b855
subprocess-logs/0034-jdk8_debug_StaticRawLocal_jarde-verify-run.stderr	e3b0c44298fc1c149afbf4c8996fb92427ae41e4649b934ca495991b7852b855
subprocess-logs/0034-jdk8_debug_StaticRawLocal_jarde-verify-run.stdout	25ea87cacc91c856b41331c020cf776ffda40333d737cff0309fadf5141463b0
subprocess-logs/0035-jdk8_debug_StaticRawLocal_jadx.stderr	e3b0c44298fc1c149afbf4c8996fb92427ae41e4649b934ca495991b7852b855
subprocess-logs/0035-jdk8_debug_StaticRawLocal_jadx.stdout	e7711470dce114cd187a9623374f862b8019c4f1bfc657c1c7a518637964a2ad
subprocess-logs/0036-jdk8_debug_StaticRawLocal_jadx-javac.stderr	95f515b5a1a3d3b4e4bbabf6ac4d2fb2f0dcae4430bdc42a2be41423d155d608
subprocess-logs/0036-jdk8_debug_StaticRawLocal_jadx-javac.stdout	e3b0c44298fc1c149afbf4c8996fb92427ae41e4649b934ca495991b7852b855
subprocess-logs/0037-jdk8_debug_StaticRawLocal_jadx-verify-run.stderr	e3b0c44298fc1c149afbf4c8996fb92427ae41e4649b934ca495991b7852b855
subprocess-logs/0037-jdk8_debug_StaticRawLocal_jadx-verify-run.stdout	caa078a6f6a66a11482c09645632ebb52566091c80fab4fa927b1053dce64fde
subprocess-logs/0038-jdk8_no-debug_StaticRawLocal_jar-contents.stderr	e3b0c44298fc1c149afbf4c8996fb92427ae41e4649b934ca495991b7852b855
subprocess-logs/0038-jdk8_no-debug_StaticRawLocal_jar-contents.stdout	fb8ff04b200dd376807a9a425a37f1a645e63a3f90b47df4f84e407b0fed9d07
subprocess-logs/0039-jdk8_no-debug_StaticRawLocal_original-javac.stderr	23527a58b01798057acd5c28c00f81495224d919b15e566b51e41149473a51f1
subprocess-logs/0039-jdk8_no-debug_StaticRawLocal_original-javac.stdout	e3b0c44298fc1c149afbf4c8996fb92427ae41e4649b934ca495991b7852b855
subprocess-logs/0040-jdk8_no-debug_StaticRawLocal_javap.stderr	e3b0c44298fc1c149afbf4c8996fb92427ae41e4649b934ca495991b7852b855
subprocess-logs/0040-jdk8_no-debug_StaticRawLocal_javap.stdout	f524d996d106d91974cf2b6d64dbe542b10606b0499411bdcd62f1698717625a
subprocess-logs/0041-jdk8_no-debug_StaticRawLocal_original-probe-javac.stderr	e3b0c44298fc1c149afbf4c8996fb92427ae41e4649b934ca495991b7852b855
subprocess-logs/0041-jdk8_no-debug_StaticRawLocal_original-probe-javac.stdout	e3b0c44298fc1c149afbf4c8996fb92427ae41e4649b934ca495991b7852b855
subprocess-logs/0042-jdk8_no-debug_StaticRawLocal_original-run.stderr	e3b0c44298fc1c149afbf4c8996fb92427ae41e4649b934ca495991b7852b855
subprocess-logs/0042-jdk8_no-debug_StaticRawLocal_original-run.stdout	25ea87cacc91c856b41331c020cf776ffda40333d737cff0309fadf5141463b0
subprocess-logs/0043-jdk8_no-debug_StaticRawLocal_jarde-StaticRawLocal.stderr	4b518de0815a267865241f5d051225ef3c1aa7d2d37f3b0f78690c3a9d726d1e
subprocess-logs/0043-jdk8_no-debug_StaticRawLocal_jarde-StaticRawLocal.stdout	fd3a53f3051037b2d49c8966c16550fc2360b0f7494664a72673443748783747
subprocess-logs/0044-jdk8_no-debug_StaticRawLocal_jarde-javac.stderr	292d6f14413dde9439562df134b9dc29a7b694762edd66b4934879c47429aa1e
subprocess-logs/0044-jdk8_no-debug_StaticRawLocal_jarde-javac.stdout	e3b0c44298fc1c149afbf4c8996fb92427ae41e4649b934ca495991b7852b855
subprocess-logs/0045-jdk8_no-debug_StaticRawLocal_jarde-verify-run.stderr	e3b0c44298fc1c149afbf4c8996fb92427ae41e4649b934ca495991b7852b855
subprocess-logs/0045-jdk8_no-debug_StaticRawLocal_jarde-verify-run.stdout	25ea87cacc91c856b41331c020cf776ffda40333d737cff0309fadf5141463b0
subprocess-logs/0046-jdk8_no-debug_StaticRawLocal_jadx.stderr	e3b0c44298fc1c149afbf4c8996fb92427ae41e4649b934ca495991b7852b855
subprocess-logs/0046-jdk8_no-debug_StaticRawLocal_jadx.stdout	52bde89bf9770f031d4f0019ccaef143f8218d572ed947bc60f1b17aff03ebe7
subprocess-logs/0047-jdk8_no-debug_StaticRawLocal_jadx-javac.stderr	e572e7631f9cda909d57f9e104a9ddaf335792622c76689b9749efda0a5f069e
subprocess-logs/0047-jdk8_no-debug_StaticRawLocal_jadx-javac.stdout	e3b0c44298fc1c149afbf4c8996fb92427ae41e4649b934ca495991b7852b855
subprocess-logs/0048-jdk8_no-debug_StaticRawLocal_jadx-verify-run.stderr	e3b0c44298fc1c149afbf4c8996fb92427ae41e4649b934ca495991b7852b855
subprocess-logs/0048-jdk8_no-debug_StaticRawLocal_jadx-verify-run.stdout	caa078a6f6a66a11482c09645632ebb52566091c80fab4fa927b1053dce64fde
subprocess-logs/0049-jdk8_debug_InstanceRawLocal_jar-contents.stderr	e3b0c44298fc1c149afbf4c8996fb92427ae41e4649b934ca495991b7852b855
subprocess-logs/0049-jdk8_debug_InstanceRawLocal_jar-contents.stdout	14fa51d33a6937146f86014d2ee03c2e459c32def063b6fd66b0be882ef50b5b
subprocess-logs/0050-jdk8_debug_InstanceRawLocal_original-javac.stderr	217bb0a1d4765a48a9791a61d67250fed3dde327803c7634fec1e8515f4305c2
subprocess-logs/0050-jdk8_debug_InstanceRawLocal_original-javac.stdout	e3b0c44298fc1c149afbf4c8996fb92427ae41e4649b934ca495991b7852b855
subprocess-logs/0051-jdk8_debug_InstanceRawLocal_javap.stderr	e3b0c44298fc1c149afbf4c8996fb92427ae41e4649b934ca495991b7852b855
subprocess-logs/0051-jdk8_debug_InstanceRawLocal_javap.stdout	9249a05a4572e949a37723bf4ff6085801591039804b4eee4014d3dd1f8cfd06
subprocess-logs/0052-jdk8_debug_InstanceRawLocal_original-probe-javac.stderr	e3b0c44298fc1c149afbf4c8996fb92427ae41e4649b934ca495991b7852b855
subprocess-logs/0052-jdk8_debug_InstanceRawLocal_original-probe-javac.stdout	e3b0c44298fc1c149afbf4c8996fb92427ae41e4649b934ca495991b7852b855
subprocess-logs/0053-jdk8_debug_InstanceRawLocal_original-run.stderr	e3b0c44298fc1c149afbf4c8996fb92427ae41e4649b934ca495991b7852b855
subprocess-logs/0053-jdk8_debug_InstanceRawLocal_original-run.stdout	b5f800a25ef5e547f36ccdecb9d6798cca74aee4a8a677d83bd449aea30f57e1
subprocess-logs/0054-jdk8_debug_InstanceRawLocal_jarde-InstanceRawLocal.stderr	bc18d52dff814df62ff68c5615b4c14d2f06a738ea985b8df39ff8e792eb84cd
subprocess-logs/0054-jdk8_debug_InstanceRawLocal_jarde-InstanceRawLocal.stdout	5739eae80933689e02968db38be749560fea18f7852efc7071bc402ac1657445
subprocess-logs/0055-jdk8_debug_InstanceRawLocal_jarde-javac.stderr	e3b0c44298fc1c149afbf4c8996fb92427ae41e4649b934ca495991b7852b855
subprocess-logs/0055-jdk8_debug_InstanceRawLocal_jarde-javac.stdout	e3b0c44298fc1c149afbf4c8996fb92427ae41e4649b934ca495991b7852b855
subprocess-logs/0056-jdk8_debug_InstanceRawLocal_jarde-verify-run.stderr	e3b0c44298fc1c149afbf4c8996fb92427ae41e4649b934ca495991b7852b855
subprocess-logs/0056-jdk8_debug_InstanceRawLocal_jarde-verify-run.stdout	c4a0fd4eb5e838df4c7116cc09d11740387e51309b8dd9c85cb1eac73adb9692
subprocess-logs/0057-jdk8_debug_InstanceRawLocal_jadx.stderr	e3b0c44298fc1c149afbf4c8996fb92427ae41e4649b934ca495991b7852b855
subprocess-logs/0057-jdk8_debug_InstanceRawLocal_jadx.stdout	33b57f7686ece4a43765f33d7139d6b6f68c0a1fdfd40d3a1d1a1197ebafd3df
subprocess-logs/0058-jdk8_debug_InstanceRawLocal_jadx-javac.stderr	803e0339cf38f879f6521505e9a405a90a6a6ba81a52b6a4f15de57b9762d2c5
subprocess-logs/0058-jdk8_debug_InstanceRawLocal_jadx-javac.stdout	e3b0c44298fc1c149afbf4c8996fb92427ae41e4649b934ca495991b7852b855
subprocess-logs/0059-jdk8_no-debug_InstanceRawLocal_jar-contents.stderr	e3b0c44298fc1c149afbf4c8996fb92427ae41e4649b934ca495991b7852b855
subprocess-logs/0059-jdk8_no-debug_InstanceRawLocal_jar-contents.stdout	14fa51d33a6937146f86014d2ee03c2e459c32def063b6fd66b0be882ef50b5b
subprocess-logs/0060-jdk8_no-debug_InstanceRawLocal_original-javac.stderr	217bb0a1d4765a48a9791a61d67250fed3dde327803c7634fec1e8515f4305c2
subprocess-logs/0060-jdk8_no-debug_InstanceRawLocal_original-javac.stdout	e3b0c44298fc1c149afbf4c8996fb92427ae41e4649b934ca495991b7852b855
subprocess-logs/0061-jdk8_no-debug_InstanceRawLocal_javap.stderr	e3b0c44298fc1c149afbf4c8996fb92427ae41e4649b934ca495991b7852b855
subprocess-logs/0061-jdk8_no-debug_InstanceRawLocal_javap.stdout	d7aad3786566a8bfdffbfabdf54ee56978abafe2c5c4f9154f892c01bf836281
subprocess-logs/0062-jdk8_no-debug_InstanceRawLocal_original-probe-javac.stderr	e3b0c44298fc1c149afbf4c8996fb92427ae41e4649b934ca495991b7852b855
subprocess-logs/0062-jdk8_no-debug_InstanceRawLocal_original-probe-javac.stdout	e3b0c44298fc1c149afbf4c8996fb92427ae41e4649b934ca495991b7852b855
subprocess-logs/0063-jdk8_no-debug_InstanceRawLocal_original-run.stderr	e3b0c44298fc1c149afbf4c8996fb92427ae41e4649b934ca495991b7852b855
subprocess-logs/0063-jdk8_no-debug_InstanceRawLocal_original-run.stdout	b5f800a25ef5e547f36ccdecb9d6798cca74aee4a8a677d83bd449aea30f57e1
subprocess-logs/0064-jdk8_no-debug_InstanceRawLocal_jarde-InstanceRawLocal.stderr	8b242337de7235857d1adcbbe7989fc229ee050cff5a75dc6e7c7dcf9814fe9a
subprocess-logs/0064-jdk8_no-debug_InstanceRawLocal_jarde-InstanceRawLocal.stdout	da10013688a30b0cc61c5f8ad8649f79792d67b4ea0d861293afdaf595225214
subprocess-logs/0065-jdk8_no-debug_InstanceRawLocal_jarde-javac.stderr	e3b0c44298fc1c149afbf4c8996fb92427ae41e4649b934ca495991b7852b855
subprocess-logs/0065-jdk8_no-debug_InstanceRawLocal_jarde-javac.stdout	e3b0c44298fc1c149afbf4c8996fb92427ae41e4649b934ca495991b7852b855
subprocess-logs/0066-jdk8_no-debug_InstanceRawLocal_jarde-verify-run.stderr	e3b0c44298fc1c149afbf4c8996fb92427ae41e4649b934ca495991b7852b855
subprocess-logs/0066-jdk8_no-debug_InstanceRawLocal_jarde-verify-run.stdout	c4a0fd4eb5e838df4c7116cc09d11740387e51309b8dd9c85cb1eac73adb9692
subprocess-logs/0067-jdk8_no-debug_InstanceRawLocal_jadx.stderr	e3b0c44298fc1c149afbf4c8996fb92427ae41e4649b934ca495991b7852b855
subprocess-logs/0067-jdk8_no-debug_InstanceRawLocal_jadx.stdout	9f23124d02696a33aa3d0187de07a1603389350b079c8942a757d0ea045156da
subprocess-logs/0068-jdk8_no-debug_InstanceRawLocal_jadx-javac.stderr	fe5354a879e74ad5dbd96c3c7a18f70a3e4acca333243204e93ede5bb98fd4de
subprocess-logs/0068-jdk8_no-debug_InstanceRawLocal_jadx-javac.stdout	e3b0c44298fc1c149afbf4c8996fb92427ae41e4649b934ca495991b7852b855
subprocess-logs/0069-jdk8_debug_TypedReceiver_jar-contents.stderr	e3b0c44298fc1c149afbf4c8996fb92427ae41e4649b934ca495991b7852b855
subprocess-logs/0069-jdk8_debug_TypedReceiver_jar-contents.stdout	de8b80e7eef68f017a319fe14e4ce5bcfa8e9eab45f9d818e61b1bf3001f42d7
subprocess-logs/0070-jdk8_debug_TypedReceiver_original-javac.stderr	e3b0c44298fc1c149afbf4c8996fb92427ae41e4649b934ca495991b7852b855
subprocess-logs/0070-jdk8_debug_TypedReceiver_original-javac.stdout	e3b0c44298fc1c149afbf4c8996fb92427ae41e4649b934ca495991b7852b855
subprocess-logs/0071-jdk8_debug_TypedReceiver_javap.stderr	e3b0c44298fc1c149afbf4c8996fb92427ae41e4649b934ca495991b7852b855
subprocess-logs/0071-jdk8_debug_TypedReceiver_javap.stdout	0fafdbe630a9c84f8a1689942d1d318fbf4965b15a3f175ce3af6e45ad59f135
subprocess-logs/0072-jdk8_debug_TypedReceiver_original-probe-javac.stderr	e3b0c44298fc1c149afbf4c8996fb92427ae41e4649b934ca495991b7852b855
subprocess-logs/0072-jdk8_debug_TypedReceiver_original-probe-javac.stdout	e3b0c44298fc1c149afbf4c8996fb92427ae41e4649b934ca495991b7852b855
subprocess-logs/0073-jdk8_debug_TypedReceiver_original-run.stderr	e3b0c44298fc1c149afbf4c8996fb92427ae41e4649b934ca495991b7852b855
subprocess-logs/0073-jdk8_debug_TypedReceiver_original-run.stdout	7f08ef56194b137543c901f9bd3946d1ac0f4153f2cc202df75762d9c8052a16
subprocess-logs/0074-jdk8_debug_TypedReceiver_jarde-TypedReceiver.stderr	672620d26fba86839d4d3305349435ece07c25c9244e29aff0ddc2861a9d14b9
subprocess-logs/0074-jdk8_debug_TypedReceiver_jarde-TypedReceiver.stdout	bdf8ee04b0e67af0e95616b5995872c1accab0101131b4987ca1cfa4bc6d46f0
subprocess-logs/0075-jdk8_debug_TypedReceiver_jarde-javac.stderr	685d6778f41bdc467995c472a5d0a8f65658bef8f9fdee5daae3ab6f0708ff9c
subprocess-logs/0075-jdk8_debug_TypedReceiver_jarde-javac.stdout	e3b0c44298fc1c149afbf4c8996fb92427ae41e4649b934ca495991b7852b855
subprocess-logs/0076-jdk8_debug_TypedReceiver_jarde-verify-run.stderr	e3b0c44298fc1c149afbf4c8996fb92427ae41e4649b934ca495991b7852b855
subprocess-logs/0076-jdk8_debug_TypedReceiver_jarde-verify-run.stdout	d7134843994e4b3ba1d434e5bdfba85531e98e0ec94492801f5dbfa4a5b0ca18
subprocess-logs/0077-jdk8_debug_TypedReceiver_jadx.stderr	e3b0c44298fc1c149afbf4c8996fb92427ae41e4649b934ca495991b7852b855
subprocess-logs/0077-jdk8_debug_TypedReceiver_jadx.stdout	f744080406953b70c4bc898e1418de75f09df2e5aa3e06b818cc60cbbbbea1e8
subprocess-logs/0078-jdk8_debug_TypedReceiver_jadx-javac.stderr	e3b0c44298fc1c149afbf4c8996fb92427ae41e4649b934ca495991b7852b855
subprocess-logs/0078-jdk8_debug_TypedReceiver_jadx-javac.stdout	e3b0c44298fc1c149afbf4c8996fb92427ae41e4649b934ca495991b7852b855
subprocess-logs/0079-jdk8_debug_TypedReceiver_jadx-verify-run.stderr	e3b0c44298fc1c149afbf4c8996fb92427ae41e4649b934ca495991b7852b855
subprocess-logs/0079-jdk8_debug_TypedReceiver_jadx-verify-run.stdout	1a07b6f4350dff1a6ca5a3e4ec3062096840ad9dbc1a6efbd816e82d4c9ccb31
subprocess-logs/0080-jdk8_no-debug_TypedReceiver_jar-contents.stderr	e3b0c44298fc1c149afbf4c8996fb92427ae41e4649b934ca495991b7852b855
subprocess-logs/0080-jdk8_no-debug_TypedReceiver_jar-contents.stdout	de8b80e7eef68f017a319fe14e4ce5bcfa8e9eab45f9d818e61b1bf3001f42d7
subprocess-logs/0081-jdk8_no-debug_TypedReceiver_original-javac.stderr	e3b0c44298fc1c149afbf4c8996fb92427ae41e4649b934ca495991b7852b855
subprocess-logs/0081-jdk8_no-debug_TypedReceiver_original-javac.stdout	e3b0c44298fc1c149afbf4c8996fb92427ae41e4649b934ca495991b7852b855
subprocess-logs/0082-jdk8_no-debug_TypedReceiver_javap.stderr	e3b0c44298fc1c149afbf4c8996fb92427ae41e4649b934ca495991b7852b855
subprocess-logs/0082-jdk8_no-debug_TypedReceiver_javap.stdout	95eafd92fd08eea310d88bc1cd1cde1bca66ce8f8eeeb6801efc78caaa685a15
subprocess-logs/0083-jdk8_no-debug_TypedReceiver_original-probe-javac.stderr	e3b0c44298fc1c149afbf4c8996fb92427ae41e4649b934ca495991b7852b855
subprocess-logs/0083-jdk8_no-debug_TypedReceiver_original-probe-javac.stdout	e3b0c44298fc1c149afbf4c8996fb92427ae41e4649b934ca495991b7852b855
subprocess-logs/0084-jdk8_no-debug_TypedReceiver_original-run.stderr	e3b0c44298fc1c149afbf4c8996fb92427ae41e4649b934ca495991b7852b855
subprocess-logs/0084-jdk8_no-debug_TypedReceiver_original-run.stdout	7f08ef56194b137543c901f9bd3946d1ac0f4153f2cc202df75762d9c8052a16
subprocess-logs/0085-jdk8_no-debug_TypedReceiver_jarde-TypedReceiver.stderr	68bedf77a1a36014b15d71d4d929fa02fc65919068732f72f24a79688e2b3728
subprocess-logs/0085-jdk8_no-debug_TypedReceiver_jarde-TypedReceiver.stdout	50c3079f863db603a415bf7cc07cdbc4457249ab9e0bfadcb21fa7b4aaccd53b
subprocess-logs/0086-jdk8_no-debug_TypedReceiver_jarde-javac.stderr	4f18b0a0b9d21afce08310a407fbc8a05840c2a6b6496274790ddf99735d3d5a
subprocess-logs/0086-jdk8_no-debug_TypedReceiver_jarde-javac.stdout	e3b0c44298fc1c149afbf4c8996fb92427ae41e4649b934ca495991b7852b855
subprocess-logs/0087-jdk8_no-debug_TypedReceiver_jarde-verify-run.stderr	e3b0c44298fc1c149afbf4c8996fb92427ae41e4649b934ca495991b7852b855
subprocess-logs/0087-jdk8_no-debug_TypedReceiver_jarde-verify-run.stdout	d7134843994e4b3ba1d434e5bdfba85531e98e0ec94492801f5dbfa4a5b0ca18
subprocess-logs/0088-jdk8_no-debug_TypedReceiver_jadx.stderr	e3b0c44298fc1c149afbf4c8996fb92427ae41e4649b934ca495991b7852b855
subprocess-logs/0088-jdk8_no-debug_TypedReceiver_jadx.stdout	24e82b10daf37a7806a864c371bc506ffd3b4636e93d167caec8ac94e5f87d9c
subprocess-logs/0089-jdk8_no-debug_TypedReceiver_jadx-javac.stderr	e3b0c44298fc1c149afbf4c8996fb92427ae41e4649b934ca495991b7852b855
subprocess-logs/0089-jdk8_no-debug_TypedReceiver_jadx-javac.stdout	e3b0c44298fc1c149afbf4c8996fb92427ae41e4649b934ca495991b7852b855
subprocess-logs/0090-jdk8_no-debug_TypedReceiver_jadx-verify-run.stderr	e3b0c44298fc1c149afbf4c8996fb92427ae41e4649b934ca495991b7852b855
subprocess-logs/0090-jdk8_no-debug_TypedReceiver_jadx-verify-run.stdout	1a07b6f4350dff1a6ca5a3e4ec3062096840ad9dbc1a6efbd816e82d4c9ccb31
subprocess-logs/0091-jdk8_debug_ThisReceiver_jar-contents.stderr	e3b0c44298fc1c149afbf4c8996fb92427ae41e4649b934ca495991b7852b855
subprocess-logs/0091-jdk8_debug_ThisReceiver_jar-contents.stdout	1656887c3d8299160e12e3dd882357c23f33dc5f9d4f301e546a69530b435c72
subprocess-logs/0092-jdk8_debug_ThisReceiver_original-javac.stderr	e3b0c44298fc1c149afbf4c8996fb92427ae41e4649b934ca495991b7852b855
subprocess-logs/0092-jdk8_debug_ThisReceiver_original-javac.stdout	e3b0c44298fc1c149afbf4c8996fb92427ae41e4649b934ca495991b7852b855
subprocess-logs/0093-jdk8_debug_ThisReceiver_javap.stderr	e3b0c44298fc1c149afbf4c8996fb92427ae41e4649b934ca495991b7852b855
subprocess-logs/0093-jdk8_debug_ThisReceiver_javap.stdout	2f2a02e12469f568ae016a6557d63d63bdb89f4e4ab63fe6a2e6ddf9a205ecaf
subprocess-logs/0094-jdk8_debug_ThisReceiver_original-probe-javac.stderr	e3b0c44298fc1c149afbf4c8996fb92427ae41e4649b934ca495991b7852b855
subprocess-logs/0094-jdk8_debug_ThisReceiver_original-probe-javac.stdout	e3b0c44298fc1c149afbf4c8996fb92427ae41e4649b934ca495991b7852b855
subprocess-logs/0095-jdk8_debug_ThisReceiver_original-run.stderr	e3b0c44298fc1c149afbf4c8996fb92427ae41e4649b934ca495991b7852b855
subprocess-logs/0095-jdk8_debug_ThisReceiver_original-run.stdout	9916911dd761a7b0d550673bef203cb77fb4cb96733a8fb0a2184fb7d3ba65b8
subprocess-logs/0096-jdk8_debug_ThisReceiver_jarde-ThisReceiver.stderr	23093ac2b6ec6e4e1f730e0ccf0ec0c84a7e34cf958e616db27f795a68c0555d
subprocess-logs/0096-jdk8_debug_ThisReceiver_jarde-ThisReceiver.stdout	a97d2cf3fb8ae606b390fe7a96386fb611ca686a76a5a25889978f7e8fc03c52
subprocess-logs/0097-jdk8_debug_ThisReceiver_jarde-javac.stderr	e3b0c44298fc1c149afbf4c8996fb92427ae41e4649b934ca495991b7852b855
subprocess-logs/0097-jdk8_debug_ThisReceiver_jarde-javac.stdout	e3b0c44298fc1c149afbf4c8996fb92427ae41e4649b934ca495991b7852b855
subprocess-logs/0098-jdk8_debug_ThisReceiver_jarde-verify-run.stderr	e3b0c44298fc1c149afbf4c8996fb92427ae41e4649b934ca495991b7852b855
subprocess-logs/0098-jdk8_debug_ThisReceiver_jarde-verify-run.stdout	9916911dd761a7b0d550673bef203cb77fb4cb96733a8fb0a2184fb7d3ba65b8
subprocess-logs/0099-jdk8_debug_ThisReceiver_jadx.stderr	e3b0c44298fc1c149afbf4c8996fb92427ae41e4649b934ca495991b7852b855
subprocess-logs/0099-jdk8_debug_ThisReceiver_jadx.stdout	cbca11fd37239e317b0be27fe02f4f62123013dfaf57a905a5d5ad62e07d2858
subprocess-logs/0100-jdk8_debug_ThisReceiver_jadx-javac.stderr	e3b0c44298fc1c149afbf4c8996fb92427ae41e4649b934ca495991b7852b855
subprocess-logs/0100-jdk8_debug_ThisReceiver_jadx-javac.stdout	e3b0c44298fc1c149afbf4c8996fb92427ae41e4649b934ca495991b7852b855
subprocess-logs/0101-jdk8_debug_ThisReceiver_jadx-verify-run.stderr	e3b0c44298fc1c149afbf4c8996fb92427ae41e4649b934ca495991b7852b855
subprocess-logs/0101-jdk8_debug_ThisReceiver_jadx-verify-run.stdout	f2c2ade79741f3c077a9767a2c86b6f9e8b3c91395a41c1c035e78ca2c19717e
subprocess-logs/0102-jdk8_no-debug_ThisReceiver_jar-contents.stderr	e3b0c44298fc1c149afbf4c8996fb92427ae41e4649b934ca495991b7852b855
subprocess-logs/0102-jdk8_no-debug_ThisReceiver_jar-contents.stdout	1656887c3d8299160e12e3dd882357c23f33dc5f9d4f301e546a69530b435c72
subprocess-logs/0103-jdk8_no-debug_ThisReceiver_original-javac.stderr	e3b0c44298fc1c149afbf4c8996fb92427ae41e4649b934ca495991b7852b855
subprocess-logs/0103-jdk8_no-debug_ThisReceiver_original-javac.stdout	e3b0c44298fc1c149afbf4c8996fb92427ae41e4649b934ca495991b7852b855
subprocess-logs/0104-jdk8_no-debug_ThisReceiver_javap.stderr	e3b0c44298fc1c149afbf4c8996fb92427ae41e4649b934ca495991b7852b855
subprocess-logs/0104-jdk8_no-debug_ThisReceiver_javap.stdout	6ca1c12ab28e407f2ebce7f75369b2122364e2218c6c3c7543db1144a7b80a60
subprocess-logs/0105-jdk8_no-debug_ThisReceiver_original-probe-javac.stderr	e3b0c44298fc1c149afbf4c8996fb92427ae41e4649b934ca495991b7852b855
subprocess-logs/0105-jdk8_no-debug_ThisReceiver_original-probe-javac.stdout	e3b0c44298fc1c149afbf4c8996fb92427ae41e4649b934ca495991b7852b855
subprocess-logs/0106-jdk8_no-debug_ThisReceiver_original-run.stderr	e3b0c44298fc1c149afbf4c8996fb92427ae41e4649b934ca495991b7852b855
subprocess-logs/0106-jdk8_no-debug_ThisReceiver_original-run.stdout	9916911dd761a7b0d550673bef203cb77fb4cb96733a8fb0a2184fb7d3ba65b8
subprocess-logs/0107-jdk8_no-debug_ThisReceiver_jarde-ThisReceiver.stderr	0a49e73d40a645043a0e9144620541b8efd8697daa39e8534e6caf77fc6e83e4
subprocess-logs/0107-jdk8_no-debug_ThisReceiver_jarde-ThisReceiver.stdout	0c40a3e0e09b0e97ca13b527dcc647a9f01c29a3f73f31f6d7de68b4408b0d8f
subprocess-logs/0108-jdk8_no-debug_ThisReceiver_jarde-javac.stderr	e3b0c44298fc1c149afbf4c8996fb92427ae41e4649b934ca495991b7852b855
subprocess-logs/0108-jdk8_no-debug_ThisReceiver_jarde-javac.stdout	e3b0c44298fc1c149afbf4c8996fb92427ae41e4649b934ca495991b7852b855
subprocess-logs/0109-jdk8_no-debug_ThisReceiver_jarde-verify-run.stderr	e3b0c44298fc1c149afbf4c8996fb92427ae41e4649b934ca495991b7852b855
subprocess-logs/0109-jdk8_no-debug_ThisReceiver_jarde-verify-run.stdout	9916911dd761a7b0d550673bef203cb77fb4cb96733a8fb0a2184fb7d3ba65b8
subprocess-logs/0110-jdk8_no-debug_ThisReceiver_jadx.stderr	e3b0c44298fc1c149afbf4c8996fb92427ae41e4649b934ca495991b7852b855
subprocess-logs/0110-jdk8_no-debug_ThisReceiver_jadx.stdout	c1925ce36363b6ba01c2c1c71c63f6984a95085a174054614453106bf5cc0f70
subprocess-logs/0111-jdk8_no-debug_ThisReceiver_jadx-javac.stderr	e3b0c44298fc1c149afbf4c8996fb92427ae41e4649b934ca495991b7852b855
subprocess-logs/0111-jdk8_no-debug_ThisReceiver_jadx-javac.stdout	e3b0c44298fc1c149afbf4c8996fb92427ae41e4649b934ca495991b7852b855
subprocess-logs/0112-jdk8_no-debug_ThisReceiver_jadx-verify-run.stderr	e3b0c44298fc1c149afbf4c8996fb92427ae41e4649b934ca495991b7852b855
subprocess-logs/0112-jdk8_no-debug_ThisReceiver_jadx-verify-run.stdout	f2c2ade79741f3c077a9767a2c86b6f9e8b3c91395a41c1c035e78ca2c19717e
subprocess-logs/0113-jdk8_debug_ShadowMethodT_jar-contents.stderr	e3b0c44298fc1c149afbf4c8996fb92427ae41e4649b934ca495991b7852b855
subprocess-logs/0113-jdk8_debug_ShadowMethodT_jar-contents.stdout	0a014d28d43f161014ee6c5d0696b18e41bff4bb83b1ac87222e9f4a8516ab35
subprocess-logs/0114-jdk8_debug_ShadowMethodT_original-javac.stderr	e3b0c44298fc1c149afbf4c8996fb92427ae41e4649b934ca495991b7852b855
subprocess-logs/0114-jdk8_debug_ShadowMethodT_original-javac.stdout	e3b0c44298fc1c149afbf4c8996fb92427ae41e4649b934ca495991b7852b855
subprocess-logs/0115-jdk8_debug_ShadowMethodT_javap.stderr	e3b0c44298fc1c149afbf4c8996fb92427ae41e4649b934ca495991b7852b855
subprocess-logs/0115-jdk8_debug_ShadowMethodT_javap.stdout	5f88b0dbb9231e78d4e602f89003a6cb83bbca11530d969965acb02353395676
subprocess-logs/0116-jdk8_debug_ShadowMethodT_original-probe-javac.stderr	e3b0c44298fc1c149afbf4c8996fb92427ae41e4649b934ca495991b7852b855
subprocess-logs/0116-jdk8_debug_ShadowMethodT_original-probe-javac.stdout	e3b0c44298fc1c149afbf4c8996fb92427ae41e4649b934ca495991b7852b855
subprocess-logs/0117-jdk8_debug_ShadowMethodT_original-run.stderr	e3b0c44298fc1c149afbf4c8996fb92427ae41e4649b934ca495991b7852b855
subprocess-logs/0117-jdk8_debug_ShadowMethodT_original-run.stdout	e491f2fc9b0efb07abdaf9da8848a50d38b4da3848f045e3268c35d95124df5a
subprocess-logs/0118-jdk8_debug_ShadowMethodT_jarde-ShadowMethodT.stderr	d2ffe40b6952153fb262c43eb0fbd088b67b8704fca66f28cc990fef190d03b7
subprocess-logs/0118-jdk8_debug_ShadowMethodT_jarde-ShadowMethodT.stdout	b6d351665b1a03c8f6b0bfadfbb2dc22c1ab88457700d15dc23ffdd9d8ec560e
subprocess-logs/0119-jdk8_debug_ShadowMethodT_jarde-javac.stderr	a9001bf5f186b819e85dae7d14393d3245b63666aa08628224f4d7edc805e873
subprocess-logs/0119-jdk8_debug_ShadowMethodT_jarde-javac.stdout	e3b0c44298fc1c149afbf4c8996fb92427ae41e4649b934ca495991b7852b855
subprocess-logs/0120-jdk8_debug_ShadowMethodT_jarde-verify-run.stderr	e3b0c44298fc1c149afbf4c8996fb92427ae41e4649b934ca495991b7852b855
subprocess-logs/0120-jdk8_debug_ShadowMethodT_jarde-verify-run.stdout	ceb1dd45add8519cb6e22a15e06a6eab6b515c2f59d517b64ede6b379fcd7b53
subprocess-logs/0121-jdk8_debug_ShadowMethodT_jadx.stderr	e3b0c44298fc1c149afbf4c8996fb92427ae41e4649b934ca495991b7852b855
subprocess-logs/0121-jdk8_debug_ShadowMethodT_jadx.stdout	95e26f75307b0c4f6627242478f128a51495e6d4c78d904e385926e4c93b8640
subprocess-logs/0122-jdk8_debug_ShadowMethodT_jadx-javac.stderr	e3b0c44298fc1c149afbf4c8996fb92427ae41e4649b934ca495991b7852b855
subprocess-logs/0122-jdk8_debug_ShadowMethodT_jadx-javac.stdout	e3b0c44298fc1c149afbf4c8996fb92427ae41e4649b934ca495991b7852b855
subprocess-logs/0123-jdk8_debug_ShadowMethodT_jadx-verify-run.stderr	e3b0c44298fc1c149afbf4c8996fb92427ae41e4649b934ca495991b7852b855
subprocess-logs/0123-jdk8_debug_ShadowMethodT_jadx-verify-run.stdout	1c91e9e73e2b1038112652360b7e0dcd639e400df84523aac0d0102801a17264
subprocess-logs/0124-jdk8_no-debug_ShadowMethodT_jar-contents.stderr	e3b0c44298fc1c149afbf4c8996fb92427ae41e4649b934ca495991b7852b855
subprocess-logs/0124-jdk8_no-debug_ShadowMethodT_jar-contents.stdout	0a014d28d43f161014ee6c5d0696b18e41bff4bb83b1ac87222e9f4a8516ab35
subprocess-logs/0125-jdk8_no-debug_ShadowMethodT_original-javac.stderr	e3b0c44298fc1c149afbf4c8996fb92427ae41e4649b934ca495991b7852b855
subprocess-logs/0125-jdk8_no-debug_ShadowMethodT_original-javac.stdout	e3b0c44298fc1c149afbf4c8996fb92427ae41e4649b934ca495991b7852b855
subprocess-logs/0126-jdk8_no-debug_ShadowMethodT_javap.stderr	e3b0c44298fc1c149afbf4c8996fb92427ae41e4649b934ca495991b7852b855
subprocess-logs/0126-jdk8_no-debug_ShadowMethodT_javap.stdout	f4bcacef3b8048d7270b588c9fdc067893b945c368750d1d7f1bf6f89da099c2
subprocess-logs/0127-jdk8_no-debug_ShadowMethodT_original-probe-javac.stderr	e3b0c44298fc1c149afbf4c8996fb92427ae41e4649b934ca495991b7852b855
subprocess-logs/0127-jdk8_no-debug_ShadowMethodT_original-probe-javac.stdout	e3b0c44298fc1c149afbf4c8996fb92427ae41e4649b934ca495991b7852b855
subprocess-logs/0128-jdk8_no-debug_ShadowMethodT_original-run.stderr	e3b0c44298fc1c149afbf4c8996fb92427ae41e4649b934ca495991b7852b855
subprocess-logs/0128-jdk8_no-debug_ShadowMethodT_original-run.stdout	e491f2fc9b0efb07abdaf9da8848a50d38b4da3848f045e3268c35d95124df5a
subprocess-logs/0129-jdk8_no-debug_ShadowMethodT_jarde-ShadowMethodT.stderr	9443a1cf01d4a9b0eb270cbe68d442726e8862af148346e14a81d0f08f0e41f1
subprocess-logs/0129-jdk8_no-debug_ShadowMethodT_jarde-ShadowMethodT.stdout	b04b610fd3bcae70366460c87281526e1a77989a2393c91d4e0cf746fee52a9a
subprocess-logs/0130-jdk8_no-debug_ShadowMethodT_jarde-javac.stderr	b75c54edff9d660111d76f6dd1ffa96e83ae63485f718d98b38a72a84984fbbb
subprocess-logs/0130-jdk8_no-debug_ShadowMethodT_jarde-javac.stdout	e3b0c44298fc1c149afbf4c8996fb92427ae41e4649b934ca495991b7852b855
subprocess-logs/0131-jdk8_no-debug_ShadowMethodT_jarde-verify-run.stderr	e3b0c44298fc1c149afbf4c8996fb92427ae41e4649b934ca495991b7852b855
subprocess-logs/0131-jdk8_no-debug_ShadowMethodT_jarde-verify-run.stdout	ceb1dd45add8519cb6e22a15e06a6eab6b515c2f59d517b64ede6b379fcd7b53
subprocess-logs/0132-jdk8_no-debug_ShadowMethodT_jadx.stderr	e3b0c44298fc1c149afbf4c8996fb92427ae41e4649b934ca495991b7852b855
subprocess-logs/0132-jdk8_no-debug_ShadowMethodT_jadx.stdout	8c8602dcdcac53fe6b1b4b5211b73cf40a8e3123de9b8506ff7876326ee15fd3
subprocess-logs/0133-jdk8_no-debug_ShadowMethodT_jadx-javac.stderr	e3b0c44298fc1c149afbf4c8996fb92427ae41e4649b934ca495991b7852b855
subprocess-logs/0133-jdk8_no-debug_ShadowMethodT_jadx-javac.stdout	e3b0c44298fc1c149afbf4c8996fb92427ae41e4649b934ca495991b7852b855
subprocess-logs/0134-jdk8_no-debug_ShadowMethodT_jadx-verify-run.stderr	e3b0c44298fc1c149afbf4c8996fb92427ae41e4649b934ca495991b7852b855
subprocess-logs/0134-jdk8_no-debug_ShadowMethodT_jadx-verify-run.stdout	1c91e9e73e2b1038112652360b7e0dcd639e400df84523aac0d0102801a17264
subprocess-logs/0135-jdk8_debug_DirectInstanceRawParam_jar-contents.stderr	e3b0c44298fc1c149afbf4c8996fb92427ae41e4649b934ca495991b7852b855
subprocess-logs/0135-jdk8_debug_DirectInstanceRawParam_jar-contents.stdout	fc15d4455024ee977b4d1922c14c180928c2138e1582c5adccbb1d8fe3953218
subprocess-logs/0136-jdk8_debug_DirectInstanceRawParam_original-javac.stderr	0ba3987920336d7f3107d9ccc9dbe7c312342815dfc44d531d9e54ca6d1191a0
subprocess-logs/0136-jdk8_debug_DirectInstanceRawParam_original-javac.stdout	e3b0c44298fc1c149afbf4c8996fb92427ae41e4649b934ca495991b7852b855
subprocess-logs/0137-jdk8_debug_DirectInstanceRawParam_javap.stderr	e3b0c44298fc1c149afbf4c8996fb92427ae41e4649b934ca495991b7852b855
subprocess-logs/0137-jdk8_debug_DirectInstanceRawParam_javap.stdout	985b63aa149ff87b9b79d1688950f005707ac1fe3ebca01c335333d2b931f006
subprocess-logs/0138-jdk8_debug_DirectInstanceRawParam_original-probe-javac.stderr	e3b0c44298fc1c149afbf4c8996fb92427ae41e4649b934ca495991b7852b855
subprocess-logs/0138-jdk8_debug_DirectInstanceRawParam_original-probe-javac.stdout	e3b0c44298fc1c149afbf4c8996fb92427ae41e4649b934ca495991b7852b855
subprocess-logs/0139-jdk8_debug_DirectInstanceRawParam_original-run.stderr	e3b0c44298fc1c149afbf4c8996fb92427ae41e4649b934ca495991b7852b855
subprocess-logs/0139-jdk8_debug_DirectInstanceRawParam_original-run.stdout	9358c79b8f63417a168963e9dc02e1e1359ee5bda8614638bec755f01d5683be
subprocess-logs/0140-jdk8_debug_DirectInstanceRawParam_jarde-DirectInstanceRawParam.stderr	7e548463c95a58920be22fe92d3939a426551fee4ad252216be3126b6deebf9d
subprocess-logs/0140-jdk8_debug_DirectInstanceRawParam_jarde-DirectInstanceRawParam.stdout	66882766f2731a7d18b72428b8ad38d8f2bd8e0183b4bf42ab71e0a8bcb56671
subprocess-logs/0141-jdk8_debug_DirectInstanceRawParam_jarde-javac.stderr	02119379f65cc57103f0b4d82488ef48fd4443a1e0f946d94ec26295ae80c844
subprocess-logs/0141-jdk8_debug_DirectInstanceRawParam_jarde-javac.stdout	e3b0c44298fc1c149afbf4c8996fb92427ae41e4649b934ca495991b7852b855
subprocess-logs/0142-jdk8_debug_DirectInstanceRawParam_jarde-verify-run.stderr	e3b0c44298fc1c149afbf4c8996fb92427ae41e4649b934ca495991b7852b855
subprocess-logs/0142-jdk8_debug_DirectInstanceRawParam_jarde-verify-run.stdout	9358c79b8f63417a168963e9dc02e1e1359ee5bda8614638bec755f01d5683be
subprocess-logs/0143-jdk8_debug_DirectInstanceRawParam_jadx.stderr	e3b0c44298fc1c149afbf4c8996fb92427ae41e4649b934ca495991b7852b855
subprocess-logs/0143-jdk8_debug_DirectInstanceRawParam_jadx.stdout	d99e35af7d79452fcd5ec57c5737d18181f0602202e07c2d342eed36898fac49
subprocess-logs/0144-jdk8_debug_DirectInstanceRawParam_jadx-javac.stderr	9acec12edc863438524e7cb757d1dec032de8e84451230e5cecf5fa7feda906e
subprocess-logs/0144-jdk8_debug_DirectInstanceRawParam_jadx-javac.stdout	e3b0c44298fc1c149afbf4c8996fb92427ae41e4649b934ca495991b7852b855
subprocess-logs/0145-jdk8_debug_DirectInstanceRawParam_jadx-verify-run.stderr	e3b0c44298fc1c149afbf4c8996fb92427ae41e4649b934ca495991b7852b855
subprocess-logs/0145-jdk8_debug_DirectInstanceRawParam_jadx-verify-run.stdout	b3cda9506188b60dd9d215bc5efd1dafb315f344e7cea3910361ebe407f0cc9b
subprocess-logs/0146-jdk8_no-debug_DirectInstanceRawParam_jar-contents.stderr	e3b0c44298fc1c149afbf4c8996fb92427ae41e4649b934ca495991b7852b855
subprocess-logs/0146-jdk8_no-debug_DirectInstanceRawParam_jar-contents.stdout	fc15d4455024ee977b4d1922c14c180928c2138e1582c5adccbb1d8fe3953218
subprocess-logs/0147-jdk8_no-debug_DirectInstanceRawParam_original-javac.stderr	0ba3987920336d7f3107d9ccc9dbe7c312342815dfc44d531d9e54ca6d1191a0
subprocess-logs/0147-jdk8_no-debug_DirectInstanceRawParam_original-javac.stdout	e3b0c44298fc1c149afbf4c8996fb92427ae41e4649b934ca495991b7852b855
subprocess-logs/0148-jdk8_no-debug_DirectInstanceRawParam_javap.stderr	e3b0c44298fc1c149afbf4c8996fb92427ae41e4649b934ca495991b7852b855
subprocess-logs/0148-jdk8_no-debug_DirectInstanceRawParam_javap.stdout	4957d9f929264dc89c0ce8e20c5518e881a8862ea97e61f11d9ed818e6cd5b73
subprocess-logs/0149-jdk8_no-debug_DirectInstanceRawParam_original-probe-javac.stderr	e3b0c44298fc1c149afbf4c8996fb92427ae41e4649b934ca495991b7852b855
subprocess-logs/0149-jdk8_no-debug_DirectInstanceRawParam_original-probe-javac.stdout	e3b0c44298fc1c149afbf4c8996fb92427ae41e4649b934ca495991b7852b855
subprocess-logs/0150-jdk8_no-debug_DirectInstanceRawParam_original-run.stderr	e3b0c44298fc1c149afbf4c8996fb92427ae41e4649b934ca495991b7852b855
subprocess-logs/0150-jdk8_no-debug_DirectInstanceRawParam_original-run.stdout	9358c79b8f63417a168963e9dc02e1e1359ee5bda8614638bec755f01d5683be
subprocess-logs/0151-jdk8_no-debug_DirectInstanceRawParam_jarde-DirectInstanceRawParam.stderr	6412db8bbbffd46c4096fdfdbc81a0a9d4410cb1d1e7abc07e29a4da4422eedf
subprocess-logs/0151-jdk8_no-debug_DirectInstanceRawParam_jarde-DirectInstanceRawParam.stdout	4a94736315b6eae244e0c86bd52673d4184206d783c03a281542fea7858efed2
subprocess-logs/0152-jdk8_no-debug_DirectInstanceRawParam_jarde-javac.stderr	f9e4f90da369f4aeaba45811113d3771f7cb60ff7d447ab7ce07b6f0d7bcb12c
subprocess-logs/0152-jdk8_no-debug_DirectInstanceRawParam_jarde-javac.stdout	e3b0c44298fc1c149afbf4c8996fb92427ae41e4649b934ca495991b7852b855
subprocess-logs/0153-jdk8_no-debug_DirectInstanceRawParam_jarde-verify-run.stderr	e3b0c44298fc1c149afbf4c8996fb92427ae41e4649b934ca495991b7852b855
subprocess-logs/0153-jdk8_no-debug_DirectInstanceRawParam_jarde-verify-run.stdout	9358c79b8f63417a168963e9dc02e1e1359ee5bda8614638bec755f01d5683be
subprocess-logs/0154-jdk8_no-debug_DirectInstanceRawParam_jadx.stderr	e3b0c44298fc1c149afbf4c8996fb92427ae41e4649b934ca495991b7852b855
subprocess-logs/0154-jdk8_no-debug_DirectInstanceRawParam_jadx.stdout	22edb05b34d9824f4c3d5c4e681c8df3aab829c296d2defc284df45b7d0df55b
subprocess-logs/0155-jdk8_no-debug_DirectInstanceRawParam_jadx-javac.stderr	21092975a504ad2c4f6f1f3f818b69b9ddd324054634992b163091e6f49a116a
subprocess-logs/0155-jdk8_no-debug_DirectInstanceRawParam_jadx-javac.stdout	e3b0c44298fc1c149afbf4c8996fb92427ae41e4649b934ca495991b7852b855
subprocess-logs/0156-jdk8_no-debug_DirectInstanceRawParam_jadx-verify-run.stderr	e3b0c44298fc1c149afbf4c8996fb92427ae41e4649b934ca495991b7852b855
subprocess-logs/0156-jdk8_no-debug_DirectInstanceRawParam_jadx-verify-run.stdout	b3cda9506188b60dd9d215bc5efd1dafb315f344e7cea3910361ebe407f0cc9b
subprocess-logs/0157-jdk8_debug_WideRawParam_jar-contents.stderr	e3b0c44298fc1c149afbf4c8996fb92427ae41e4649b934ca495991b7852b855
subprocess-logs/0157-jdk8_debug_WideRawParam_jar-contents.stdout	c7b383a50ec45946ad9d59c86fa09aeb20831c235da656e4fb4c89f12a7bd588
subprocess-logs/0158-jdk8_debug_WideRawParam_original-javac.stderr	aeb03bb6e0ae5dc3f7fc3d80a055ebaa4ae1ec6c9c9b8a2a78364e8629ccf196
subprocess-logs/0158-jdk8_debug_WideRawParam_original-javac.stdout	e3b0c44298fc1c149afbf4c8996fb92427ae41e4649b934ca495991b7852b855
subprocess-logs/0159-jdk8_debug_WideRawParam_javap.stderr	e3b0c44298fc1c149afbf4c8996fb92427ae41e4649b934ca495991b7852b855
subprocess-logs/0159-jdk8_debug_WideRawParam_javap.stdout	251a24fecb60d9545e8c5bff05871e4aec25485f0800735c1fe9de099cd4efdb
subprocess-logs/0160-jdk8_debug_WideRawParam_original-probe-javac.stderr	e3b0c44298fc1c149afbf4c8996fb92427ae41e4649b934ca495991b7852b855
subprocess-logs/0160-jdk8_debug_WideRawParam_original-probe-javac.stdout	e3b0c44298fc1c149afbf4c8996fb92427ae41e4649b934ca495991b7852b855
subprocess-logs/0161-jdk8_debug_WideRawParam_original-run.stderr	e3b0c44298fc1c149afbf4c8996fb92427ae41e4649b934ca495991b7852b855
subprocess-logs/0161-jdk8_debug_WideRawParam_original-run.stdout	9b6ad934d85edae64408a458838c3e4654befd592a41b43cedf7710c2e9b1512
subprocess-logs/0162-jdk8_debug_WideRawParam_jarde-WideRawParam.stderr	b2709b3e82feee04a3d0fe88d1de71814dfa44ec7d5694c0717e12142d094f23
subprocess-logs/0162-jdk8_debug_WideRawParam_jarde-WideRawParam.stdout	a8c2366e3a709f7941c00dff72d5921e0b3e9772cd7195d3caf1094bb0a95be9
subprocess-logs/0163-jdk8_debug_WideRawParam_jarde-javac.stderr	859d06bb3fe5c01e9ade6dab8d2fd3df7da6a1d0ac1461c232b24dc88bcd844d
subprocess-logs/0163-jdk8_debug_WideRawParam_jarde-javac.stdout	e3b0c44298fc1c149afbf4c8996fb92427ae41e4649b934ca495991b7852b855
subprocess-logs/0164-jdk8_debug_WideRawParam_jarde-verify-run.stderr	e3b0c44298fc1c149afbf4c8996fb92427ae41e4649b934ca495991b7852b855
subprocess-logs/0164-jdk8_debug_WideRawParam_jarde-verify-run.stdout	9b6ad934d85edae64408a458838c3e4654befd592a41b43cedf7710c2e9b1512
subprocess-logs/0165-jdk8_debug_WideRawParam_jadx.stderr	e3b0c44298fc1c149afbf4c8996fb92427ae41e4649b934ca495991b7852b855
subprocess-logs/0165-jdk8_debug_WideRawParam_jadx.stdout	a1f97001fc3b34dd7851b238db44deec33f97dd80c03c4d48ce1e162f23af434
subprocess-logs/0166-jdk8_debug_WideRawParam_jadx-javac.stderr	8facbc4fb67460d7141274413e2e7e32457507ff74fabda4b1782a63c12ffcab
subprocess-logs/0166-jdk8_debug_WideRawParam_jadx-javac.stdout	e3b0c44298fc1c149afbf4c8996fb92427ae41e4649b934ca495991b7852b855
subprocess-logs/0167-jdk8_debug_WideRawParam_jadx-verify-run.stderr	e3b0c44298fc1c149afbf4c8996fb92427ae41e4649b934ca495991b7852b855
subprocess-logs/0167-jdk8_debug_WideRawParam_jadx-verify-run.stdout	bb098a483d7226c3ef490fd7d5502cfaae0fa2dc00a248054971f81a95f5b14e
subprocess-logs/0168-jdk8_no-debug_WideRawParam_jar-contents.stderr	e3b0c44298fc1c149afbf4c8996fb92427ae41e4649b934ca495991b7852b855
subprocess-logs/0168-jdk8_no-debug_WideRawParam_jar-contents.stdout	c7b383a50ec45946ad9d59c86fa09aeb20831c235da656e4fb4c89f12a7bd588
subprocess-logs/0169-jdk8_no-debug_WideRawParam_original-javac.stderr	aeb03bb6e0ae5dc3f7fc3d80a055ebaa4ae1ec6c9c9b8a2a78364e8629ccf196
subprocess-logs/0169-jdk8_no-debug_WideRawParam_original-javac.stdout	e3b0c44298fc1c149afbf4c8996fb92427ae41e4649b934ca495991b7852b855
subprocess-logs/0170-jdk8_no-debug_WideRawParam_javap.stderr	e3b0c44298fc1c149afbf4c8996fb92427ae41e4649b934ca495991b7852b855
subprocess-logs/0170-jdk8_no-debug_WideRawParam_javap.stdout	d09c8be9c649a1712af9cc5e05f0f9f4b726e1dccedf88236075288c3e34e0a5
subprocess-logs/0171-jdk8_no-debug_WideRawParam_original-probe-javac.stderr	e3b0c44298fc1c149afbf4c8996fb92427ae41e4649b934ca495991b7852b855
subprocess-logs/0171-jdk8_no-debug_WideRawParam_original-probe-javac.stdout	e3b0c44298fc1c149afbf4c8996fb92427ae41e4649b934ca495991b7852b855
subprocess-logs/0172-jdk8_no-debug_WideRawParam_original-run.stderr	e3b0c44298fc1c149afbf4c8996fb92427ae41e4649b934ca495991b7852b855
subprocess-logs/0172-jdk8_no-debug_WideRawParam_original-run.stdout	9b6ad934d85edae64408a458838c3e4654befd592a41b43cedf7710c2e9b1512
subprocess-logs/0173-jdk8_no-debug_WideRawParam_jarde-WideRawParam.stderr	7e86e91174d6219afbb36ca12d99f9757caee4d8b7bfebd07b1555e909a28f32
subprocess-logs/0173-jdk8_no-debug_WideRawParam_jarde-WideRawParam.stdout	1fffb038dc24c28f794c348a356b25bf8f3cac2017e72733ba1b38208c722010
subprocess-logs/0174-jdk8_no-debug_WideRawParam_jarde-javac.stderr	e061b311435fd7af31a007709383545f17082f1af0120496e5c64135e3ba37c7
subprocess-logs/0174-jdk8_no-debug_WideRawParam_jarde-javac.stdout	e3b0c44298fc1c149afbf4c8996fb92427ae41e4649b934ca495991b7852b855
subprocess-logs/0175-jdk8_no-debug_WideRawParam_jarde-verify-run.stderr	e3b0c44298fc1c149afbf4c8996fb92427ae41e4649b934ca495991b7852b855
subprocess-logs/0175-jdk8_no-debug_WideRawParam_jarde-verify-run.stdout	9b6ad934d85edae64408a458838c3e4654befd592a41b43cedf7710c2e9b1512
subprocess-logs/0176-jdk8_no-debug_WideRawParam_jadx.stderr	e3b0c44298fc1c149afbf4c8996fb92427ae41e4649b934ca495991b7852b855
subprocess-logs/0176-jdk8_no-debug_WideRawParam_jadx.stdout	7d172ed5ef6b9dc380305e9206f1834d6c0459c2deaddd378b9ffd80ff3ced55
subprocess-logs/0177-jdk8_no-debug_WideRawParam_jadx-javac.stderr	a44ace8b1620478c4e4f08bcf3add723e093cac6ea94921b8f61c1897f9932f0
subprocess-logs/0177-jdk8_no-debug_WideRawParam_jadx-javac.stdout	e3b0c44298fc1c149afbf4c8996fb92427ae41e4649b934ca495991b7852b855
subprocess-logs/0178-jdk8_no-debug_WideRawParam_jadx-verify-run.stderr	e3b0c44298fc1c149afbf4c8996fb92427ae41e4649b934ca495991b7852b855
subprocess-logs/0178-jdk8_no-debug_WideRawParam_jadx-verify-run.stdout	bb098a483d7226c3ef490fd7d5502cfaae0fa2dc00a248054971f81a95f5b14e
subprocess-logs/0179-jdk8_debug_ArrayRawParam_jar-contents.stderr	e3b0c44298fc1c149afbf4c8996fb92427ae41e4649b934ca495991b7852b855
subprocess-logs/0179-jdk8_debug_ArrayRawParam_jar-contents.stdout	3158ddd8210c312dd495e4f4bed9c58b47a294ca772f97d51d89a67d7715ebc7
subprocess-logs/0180-jdk8_debug_ArrayRawParam_original-javac.stderr	cb8a628cd783c342302463ddf01fbb8818bab7bee540276c0bbc9f5a43763de8
subprocess-logs/0180-jdk8_debug_ArrayRawParam_original-javac.stdout	e3b0c44298fc1c149afbf4c8996fb92427ae41e4649b934ca495991b7852b855
subprocess-logs/0181-jdk8_debug_ArrayRawParam_javap.stderr	e3b0c44298fc1c149afbf4c8996fb92427ae41e4649b934ca495991b7852b855
subprocess-logs/0181-jdk8_debug_ArrayRawParam_javap.stdout	4c7ce421a74e0ffc33ec4ecc7a9712fe726a9b9db67edf403b567249c28fe909
subprocess-logs/0182-jdk8_debug_ArrayRawParam_original-probe-javac.stderr	e3b0c44298fc1c149afbf4c8996fb92427ae41e4649b934ca495991b7852b855
subprocess-logs/0182-jdk8_debug_ArrayRawParam_original-probe-javac.stdout	e3b0c44298fc1c149afbf4c8996fb92427ae41e4649b934ca495991b7852b855
subprocess-logs/0183-jdk8_debug_ArrayRawParam_original-run.stderr	e3b0c44298fc1c149afbf4c8996fb92427ae41e4649b934ca495991b7852b855
subprocess-logs/0183-jdk8_debug_ArrayRawParam_original-run.stdout	d51f3b7d45328701a337bb2285770bcd1cf8f2179c66734c318010571e65ac8b
subprocess-logs/0184-jdk8_debug_ArrayRawParam_jarde-ArrayRawParam.stderr	4ce8417d588bb3e873e7c63ff2881a7e984667ed9c5fb6c38688f5bb59accbb6
subprocess-logs/0184-jdk8_debug_ArrayRawParam_jarde-ArrayRawParam.stdout	c8c72849f11741a77f70b21b0436745c69e7f2e9d60ae7c7724adfd147a8faab
subprocess-logs/0185-jdk8_debug_ArrayRawParam_jarde-javac.stderr	0dec5f7ff6f928e18198b7dff5588549af23bada87dae2c4b48efaa0621c2bab
subprocess-logs/0185-jdk8_debug_ArrayRawParam_jarde-javac.stdout	e3b0c44298fc1c149afbf4c8996fb92427ae41e4649b934ca495991b7852b855
subprocess-logs/0186-jdk8_debug_ArrayRawParam_jarde-verify-run.stderr	e3b0c44298fc1c149afbf4c8996fb92427ae41e4649b934ca495991b7852b855
subprocess-logs/0186-jdk8_debug_ArrayRawParam_jarde-verify-run.stdout	d51f3b7d45328701a337bb2285770bcd1cf8f2179c66734c318010571e65ac8b
subprocess-logs/0187-jdk8_debug_ArrayRawParam_jadx.stderr	e3b0c44298fc1c149afbf4c8996fb92427ae41e4649b934ca495991b7852b855
subprocess-logs/0187-jdk8_debug_ArrayRawParam_jadx.stdout	59e9f081d38d01a881ed55dc6505d11ed05842304100f3f9bda376af43e6c4e7
subprocess-logs/0188-jdk8_debug_ArrayRawParam_jadx-javac.stderr	3c7b4138b82ed4bc6abd5c8667722ab39568ca1a2d3e3f9f7a3a57f4c705623f
subprocess-logs/0188-jdk8_debug_ArrayRawParam_jadx-javac.stdout	e3b0c44298fc1c149afbf4c8996fb92427ae41e4649b934ca495991b7852b855
subprocess-logs/0189-jdk8_debug_ArrayRawParam_jadx-verify-run.stderr	e3b0c44298fc1c149afbf4c8996fb92427ae41e4649b934ca495991b7852b855
subprocess-logs/0189-jdk8_debug_ArrayRawParam_jadx-verify-run.stdout	65890eea8fe7c3065fbc2f644c7253d5354fdffeba56efc1a47107d7914063b6
subprocess-logs/0190-jdk8_no-debug_ArrayRawParam_jar-contents.stderr	e3b0c44298fc1c149afbf4c8996fb92427ae41e4649b934ca495991b7852b855
subprocess-logs/0190-jdk8_no-debug_ArrayRawParam_jar-contents.stdout	3158ddd8210c312dd495e4f4bed9c58b47a294ca772f97d51d89a67d7715ebc7
subprocess-logs/0191-jdk8_no-debug_ArrayRawParam_original-javac.stderr	cb8a628cd783c342302463ddf01fbb8818bab7bee540276c0bbc9f5a43763de8
subprocess-logs/0191-jdk8_no-debug_ArrayRawParam_original-javac.stdout	e3b0c44298fc1c149afbf4c8996fb92427ae41e4649b934ca495991b7852b855
subprocess-logs/0192-jdk8_no-debug_ArrayRawParam_javap.stderr	e3b0c44298fc1c149afbf4c8996fb92427ae41e4649b934ca495991b7852b855
subprocess-logs/0192-jdk8_no-debug_ArrayRawParam_javap.stdout	24ed418999b82029ba80cfe7fb5f5170b36d811fe7db60dc4fc424f0dac2188f
subprocess-logs/0193-jdk8_no-debug_ArrayRawParam_original-probe-javac.stderr	e3b0c44298fc1c149afbf4c8996fb92427ae41e4649b934ca495991b7852b855
subprocess-logs/0193-jdk8_no-debug_ArrayRawParam_original-probe-javac.stdout	e3b0c44298fc1c149afbf4c8996fb92427ae41e4649b934ca495991b7852b855
subprocess-logs/0194-jdk8_no-debug_ArrayRawParam_original-run.stderr	e3b0c44298fc1c149afbf4c8996fb92427ae41e4649b934ca495991b7852b855
subprocess-logs/0194-jdk8_no-debug_ArrayRawParam_original-run.stdout	d51f3b7d45328701a337bb2285770bcd1cf8f2179c66734c318010571e65ac8b
subprocess-logs/0195-jdk8_no-debug_ArrayRawParam_jarde-ArrayRawParam.stderr	7b14c5a23964f00a64cc3cfcb1c41406fd825fc7d59f17dda8d0d3acc6c4872e
subprocess-logs/0195-jdk8_no-debug_ArrayRawParam_jarde-ArrayRawParam.stdout	6eca13086c3cca27c7ef5ed7c3ebc60b7bd9d8daada5cdd7d9c1eb80bf88c0bf
subprocess-logs/0196-jdk8_no-debug_ArrayRawParam_jarde-javac.stderr	8f3d6c57d9b3c529718a683bec15e5ed1d5da046e1117d328e35421644c3840b
subprocess-logs/0196-jdk8_no-debug_ArrayRawParam_jarde-javac.stdout	e3b0c44298fc1c149afbf4c8996fb92427ae41e4649b934ca495991b7852b855
subprocess-logs/0197-jdk8_no-debug_ArrayRawParam_jarde-verify-run.stderr	e3b0c44298fc1c149afbf4c8996fb92427ae41e4649b934ca495991b7852b855
subprocess-logs/0197-jdk8_no-debug_ArrayRawParam_jarde-verify-run.stdout	d51f3b7d45328701a337bb2285770bcd1cf8f2179c66734c318010571e65ac8b
subprocess-logs/0198-jdk8_no-debug_ArrayRawParam_jadx.stderr	e3b0c44298fc1c149afbf4c8996fb92427ae41e4649b934ca495991b7852b855
subprocess-logs/0198-jdk8_no-debug_ArrayRawParam_jadx.stdout	1838a33c3ea5cb6713d6976333d44a82db14bc877e319592981a6366f011056f
subprocess-logs/0199-jdk8_no-debug_ArrayRawParam_jadx-javac.stderr	225124b41e49d465c747feda6f0582a91f4f62316ea1bb569454f1d54e660f84
subprocess-logs/0199-jdk8_no-debug_ArrayRawParam_jadx-javac.stdout	e3b0c44298fc1c149afbf4c8996fb92427ae41e4649b934ca495991b7852b855
subprocess-logs/0200-jdk8_no-debug_ArrayRawParam_jadx-verify-run.stderr	e3b0c44298fc1c149afbf4c8996fb92427ae41e4649b934ca495991b7852b855
subprocess-logs/0200-jdk8_no-debug_ArrayRawParam_jadx-verify-run.stdout	65890eea8fe7c3065fbc2f644c7253d5354fdffeba56efc1a47107d7914063b6
subprocess-logs/0201-jdk8_debug_Array2DRawParam_jar-contents.stderr	e3b0c44298fc1c149afbf4c8996fb92427ae41e4649b934ca495991b7852b855
subprocess-logs/0201-jdk8_debug_Array2DRawParam_jar-contents.stdout	86b3231e464de56fb31cc21b9c23fd1d14d9545fe2f4454953b325583d420684
subprocess-logs/0202-jdk8_debug_Array2DRawParam_original-javac.stderr	d8c2fb561e15c0af3736407dc45a073b8fba19668877f99ae386f51e04b5fd6e
subprocess-logs/0202-jdk8_debug_Array2DRawParam_original-javac.stdout	e3b0c44298fc1c149afbf4c8996fb92427ae41e4649b934ca495991b7852b855
subprocess-logs/0203-jdk8_debug_Array2DRawParam_javap.stderr	e3b0c44298fc1c149afbf4c8996fb92427ae41e4649b934ca495991b7852b855
subprocess-logs/0203-jdk8_debug_Array2DRawParam_javap.stdout	deba0d0fd6477619e89f6e76cb0525d7928b911974091d0073491756b6417e97
subprocess-logs/0204-jdk8_debug_Array2DRawParam_original-probe-javac.stderr	e3b0c44298fc1c149afbf4c8996fb92427ae41e4649b934ca495991b7852b855
subprocess-logs/0204-jdk8_debug_Array2DRawParam_original-probe-javac.stdout	e3b0c44298fc1c149afbf4c8996fb92427ae41e4649b934ca495991b7852b855
subprocess-logs/0205-jdk8_debug_Array2DRawParam_original-run.stderr	e3b0c44298fc1c149afbf4c8996fb92427ae41e4649b934ca495991b7852b855
subprocess-logs/0205-jdk8_debug_Array2DRawParam_original-run.stdout	f48a2d307b1f6c7abb8d91e7a8ed8a5ccc87d07c1114588c08ddfb0808240329
subprocess-logs/0206-jdk8_debug_Array2DRawParam_jarde-Array2DRawParam.stderr	76d4b0cf7f7c59e46ea198db8853fb50a88d27228c6f647c60f2be976ad6df9c
subprocess-logs/0206-jdk8_debug_Array2DRawParam_jarde-Array2DRawParam.stdout	d4ba813f6f198eed97a53a5c193bca2f69698ce49b7a93aa69e279e7c27acb62
subprocess-logs/0207-jdk8_debug_Array2DRawParam_jarde-javac.stderr	23e0fc8335948aba99e206b2e1aea3bed1468703ef1be2fa373d3f99cc5250a9
subprocess-logs/0207-jdk8_debug_Array2DRawParam_jarde-javac.stdout	e3b0c44298fc1c149afbf4c8996fb92427ae41e4649b934ca495991b7852b855
subprocess-logs/0208-jdk8_debug_Array2DRawParam_jarde-verify-run.stderr	e3b0c44298fc1c149afbf4c8996fb92427ae41e4649b934ca495991b7852b855
subprocess-logs/0208-jdk8_debug_Array2DRawParam_jarde-verify-run.stdout	f48a2d307b1f6c7abb8d91e7a8ed8a5ccc87d07c1114588c08ddfb0808240329
subprocess-logs/0209-jdk8_debug_Array2DRawParam_jadx.stderr	e3b0c44298fc1c149afbf4c8996fb92427ae41e4649b934ca495991b7852b855
subprocess-logs/0209-jdk8_debug_Array2DRawParam_jadx.stdout	5b6007f702f2f9ce6e4620026b6ea472d782567ea51fb8b32d0f32f2b4c4e270
subprocess-logs/0210-jdk8_debug_Array2DRawParam_jadx-javac.stderr	344aad42ea86e2e27d3160af10b114d33fb223358b858c604dd28a31273260ac
subprocess-logs/0210-jdk8_debug_Array2DRawParam_jadx-javac.stdout	e3b0c44298fc1c149afbf4c8996fb92427ae41e4649b934ca495991b7852b855
subprocess-logs/0211-jdk8_debug_Array2DRawParam_jadx-verify-run.stderr	e3b0c44298fc1c149afbf4c8996fb92427ae41e4649b934ca495991b7852b855
subprocess-logs/0211-jdk8_debug_Array2DRawParam_jadx-verify-run.stdout	8a25af8b8504893fffac8c1872e3c93e85925b6aa0b3d9ff5f62750cee2ba267
subprocess-logs/0212-jdk8_no-debug_Array2DRawParam_jar-contents.stderr	e3b0c44298fc1c149afbf4c8996fb92427ae41e4649b934ca495991b7852b855
subprocess-logs/0212-jdk8_no-debug_Array2DRawParam_jar-contents.stdout	86b3231e464de56fb31cc21b9c23fd1d14d9545fe2f4454953b325583d420684
subprocess-logs/0213-jdk8_no-debug_Array2DRawParam_original-javac.stderr	d8c2fb561e15c0af3736407dc45a073b8fba19668877f99ae386f51e04b5fd6e
subprocess-logs/0213-jdk8_no-debug_Array2DRawParam_original-javac.stdout	e3b0c44298fc1c149afbf4c8996fb92427ae41e4649b934ca495991b7852b855
subprocess-logs/0214-jdk8_no-debug_Array2DRawParam_javap.stderr	e3b0c44298fc1c149afbf4c8996fb92427ae41e4649b934ca495991b7852b855
subprocess-logs/0214-jdk8_no-debug_Array2DRawParam_javap.stdout	9085a4808db8ad5e0144f9e80b3bd5fb71cc39d9128c891f71ebe19da37b12d7
subprocess-logs/0215-jdk8_no-debug_Array2DRawParam_original-probe-javac.stderr	e3b0c44298fc1c149afbf4c8996fb92427ae41e4649b934ca495991b7852b855
subprocess-logs/0215-jdk8_no-debug_Array2DRawParam_original-probe-javac.stdout	e3b0c44298fc1c149afbf4c8996fb92427ae41e4649b934ca495991b7852b855
subprocess-logs/0216-jdk8_no-debug_Array2DRawParam_original-run.stderr	e3b0c44298fc1c149afbf4c8996fb92427ae41e4649b934ca495991b7852b855
subprocess-logs/0216-jdk8_no-debug_Array2DRawParam_original-run.stdout	f48a2d307b1f6c7abb8d91e7a8ed8a5ccc87d07c1114588c08ddfb0808240329
subprocess-logs/0217-jdk8_no-debug_Array2DRawParam_jarde-Array2DRawParam.stderr	122437b4aa32b68b04789ea2c8ecf74658760d15c0d4d9b23e284250fd3fa450
subprocess-logs/0217-jdk8_no-debug_Array2DRawParam_jarde-Array2DRawParam.stdout	84b51bbf39ee444117977442cc40e3d8c27a72fb65b6164c7b2fbdfcc4eae13c
subprocess-logs/0218-jdk8_no-debug_Array2DRawParam_jarde-javac.stderr	ce11aae5192d2c9d5e4fe3e7aada63d431c36e62564e46bf04b91d3397536d04
subprocess-logs/0218-jdk8_no-debug_Array2DRawParam_jarde-javac.stdout	e3b0c44298fc1c149afbf4c8996fb92427ae41e4649b934ca495991b7852b855
subprocess-logs/0219-jdk8_no-debug_Array2DRawParam_jarde-verify-run.stderr	e3b0c44298fc1c149afbf4c8996fb92427ae41e4649b934ca495991b7852b855
subprocess-logs/0219-jdk8_no-debug_Array2DRawParam_jarde-verify-run.stdout	f48a2d307b1f6c7abb8d91e7a8ed8a5ccc87d07c1114588c08ddfb0808240329
subprocess-logs/0220-jdk8_no-debug_Array2DRawParam_jadx.stderr	e3b0c44298fc1c149afbf4c8996fb92427ae41e4649b934ca495991b7852b855
subprocess-logs/0220-jdk8_no-debug_Array2DRawParam_jadx.stdout	7819271161e61a09ee95563a094455ab919e9fec3a909aa59f34763c574a4562
subprocess-logs/0221-jdk8_no-debug_Array2DRawParam_jadx-javac.stderr	1b5f3b45153aa4c9eb472ae07f5b10b84dcdf8fc639d0c4abeed66cc534685c0
subprocess-logs/0221-jdk8_no-debug_Array2DRawParam_jadx-javac.stdout	e3b0c44298fc1c149afbf4c8996fb92427ae41e4649b934ca495991b7852b855
subprocess-logs/0222-jdk8_no-debug_Array2DRawParam_jadx-verify-run.stderr	e3b0c44298fc1c149afbf4c8996fb92427ae41e4649b934ca495991b7852b855
subprocess-logs/0222-jdk8_no-debug_Array2DRawParam_jadx-verify-run.stdout	8a25af8b8504893fffac8c1872e3c93e85925b6aa0b3d9ff5f62750cee2ba267
subprocess-logs/0223-jdk8_debug_PrimitiveArrayRawParam_jar-contents.stderr	e3b0c44298fc1c149afbf4c8996fb92427ae41e4649b934ca495991b7852b855
subprocess-logs/0223-jdk8_debug_PrimitiveArrayRawParam_jar-contents.stdout	91705ed612b1ad8f23b13ed6271590bfefda591510c739ce0052bb665848cb44
subprocess-logs/0224-jdk8_debug_PrimitiveArrayRawParam_original-javac.stderr	fdc6d87e49ebb010d6e855ea793247478d09b865401d94d4ef4104ae5bfeec66
subprocess-logs/0224-jdk8_debug_PrimitiveArrayRawParam_original-javac.stdout	e3b0c44298fc1c149afbf4c8996fb92427ae41e4649b934ca495991b7852b855
subprocess-logs/0225-jdk8_debug_PrimitiveArrayRawParam_javap.stderr	e3b0c44298fc1c149afbf4c8996fb92427ae41e4649b934ca495991b7852b855
subprocess-logs/0225-jdk8_debug_PrimitiveArrayRawParam_javap.stdout	6c4c7ae38c5a52141338d2360ce13fbbcd8a280a300025a4a460905647984ee8
subprocess-logs/0226-jdk8_debug_PrimitiveArrayRawParam_original-probe-javac.stderr	e3b0c44298fc1c149afbf4c8996fb92427ae41e4649b934ca495991b7852b855
subprocess-logs/0226-jdk8_debug_PrimitiveArrayRawParam_original-probe-javac.stdout	e3b0c44298fc1c149afbf4c8996fb92427ae41e4649b934ca495991b7852b855
subprocess-logs/0227-jdk8_debug_PrimitiveArrayRawParam_original-run.stderr	e3b0c44298fc1c149afbf4c8996fb92427ae41e4649b934ca495991b7852b855
subprocess-logs/0227-jdk8_debug_PrimitiveArrayRawParam_original-run.stdout	e156798549dd3ab3c3eced5fadfdced0789f4ee0e3f65410c291f2c46434dfba
subprocess-logs/0228-jdk8_debug_PrimitiveArrayRawParam_jarde-PrimitiveArrayRawParam.stderr	b12cbbf0e71bb4268d6b82bc82756f331fff402c58943c360fef5f43a2217b4c
subprocess-logs/0228-jdk8_debug_PrimitiveArrayRawParam_jarde-PrimitiveArrayRawParam.stdout	ca19f53923fbfb66917c75ea83f0d5053343cf8c6aa62b562778ef54d5028a26
subprocess-logs/0229-jdk8_debug_PrimitiveArrayRawParam_jarde-javac.stderr	bac0890395c675b45739ab8839f20c2d092567adf619719a166bbc792f5cf58c
subprocess-logs/0229-jdk8_debug_PrimitiveArrayRawParam_jarde-javac.stdout	e3b0c44298fc1c149afbf4c8996fb92427ae41e4649b934ca495991b7852b855
subprocess-logs/0230-jdk8_debug_PrimitiveArrayRawParam_jarde-verify-run.stderr	e3b0c44298fc1c149afbf4c8996fb92427ae41e4649b934ca495991b7852b855
subprocess-logs/0230-jdk8_debug_PrimitiveArrayRawParam_jarde-verify-run.stdout	e156798549dd3ab3c3eced5fadfdced0789f4ee0e3f65410c291f2c46434dfba
subprocess-logs/0231-jdk8_debug_PrimitiveArrayRawParam_jadx.stderr	e3b0c44298fc1c149afbf4c8996fb92427ae41e4649b934ca495991b7852b855
subprocess-logs/0231-jdk8_debug_PrimitiveArrayRawParam_jadx.stdout	2a1614f8da063dcaffb50754bf338584cf6051cc3b0f1e5db3f8ae7815877d86
subprocess-logs/0232-jdk8_debug_PrimitiveArrayRawParam_jadx-javac.stderr	e892b5cc0a809677caf81747b9c73464dcb9e231cd19b3a2e4998198286f4ce1
subprocess-logs/0232-jdk8_debug_PrimitiveArrayRawParam_jadx-javac.stdout	e3b0c44298fc1c149afbf4c8996fb92427ae41e4649b934ca495991b7852b855
subprocess-logs/0233-jdk8_debug_PrimitiveArrayRawParam_jadx-verify-run.stderr	e3b0c44298fc1c149afbf4c8996fb92427ae41e4649b934ca495991b7852b855
subprocess-logs/0233-jdk8_debug_PrimitiveArrayRawParam_jadx-verify-run.stdout	8dbde5389e6da69a121d5ad297157ee52bcb682d49d75d8a4bc7844fd4d1d1e8
subprocess-logs/0234-jdk8_no-debug_PrimitiveArrayRawParam_jar-contents.stderr	e3b0c44298fc1c149afbf4c8996fb92427ae41e4649b934ca495991b7852b855
subprocess-logs/0234-jdk8_no-debug_PrimitiveArrayRawParam_jar-contents.stdout	91705ed612b1ad8f23b13ed6271590bfefda591510c739ce0052bb665848cb44
subprocess-logs/0235-jdk8_no-debug_PrimitiveArrayRawParam_original-javac.stderr	fdc6d87e49ebb010d6e855ea793247478d09b865401d94d4ef4104ae5bfeec66
subprocess-logs/0235-jdk8_no-debug_PrimitiveArrayRawParam_original-javac.stdout	e3b0c44298fc1c149afbf4c8996fb92427ae41e4649b934ca495991b7852b855
subprocess-logs/0236-jdk8_no-debug_PrimitiveArrayRawParam_javap.stderr	e3b0c44298fc1c149afbf4c8996fb92427ae41e4649b934ca495991b7852b855
subprocess-logs/0236-jdk8_no-debug_PrimitiveArrayRawParam_javap.stdout	275f1e044e17248fbec53bb33c68fcd2bb7a3501f996d9ede23b698af39fc073
subprocess-logs/0237-jdk8_no-debug_PrimitiveArrayRawParam_original-probe-javac.stderr	e3b0c44298fc1c149afbf4c8996fb92427ae41e4649b934ca495991b7852b855
subprocess-logs/0237-jdk8_no-debug_PrimitiveArrayRawParam_original-probe-javac.stdout	e3b0c44298fc1c149afbf4c8996fb92427ae41e4649b934ca495991b7852b855
subprocess-logs/0238-jdk8_no-debug_PrimitiveArrayRawParam_original-run.stderr	e3b0c44298fc1c149afbf4c8996fb92427ae41e4649b934ca495991b7852b855
subprocess-logs/0238-jdk8_no-debug_PrimitiveArrayRawParam_original-run.stdout	e156798549dd3ab3c3eced5fadfdced0789f4ee0e3f65410c291f2c46434dfba
subprocess-logs/0239-jdk8_no-debug_PrimitiveArrayRawParam_jarde-PrimitiveArrayRawParam.stderr	ac3c688dddd97153b1f0ae5a046f6ef5402428e6e0aeb4ea1c996f8d1c9a75cb
subprocess-logs/0239-jdk8_no-debug_PrimitiveArrayRawParam_jarde-PrimitiveArrayRawParam.stdout	90298d00e9daee2bf9bea1ca50260dee0b170c49e8bc25e85ffbce8789fa2c77
subprocess-logs/0240-jdk8_no-debug_PrimitiveArrayRawParam_jarde-javac.stderr	9382e58f4173e8cde4164753277096265e95fb2fef1944d4fa8e698ba8b3859b
subprocess-logs/0240-jdk8_no-debug_PrimitiveArrayRawParam_jarde-javac.stdout	e3b0c44298fc1c149afbf4c8996fb92427ae41e4649b934ca495991b7852b855
subprocess-logs/0241-jdk8_no-debug_PrimitiveArrayRawParam_jarde-verify-run.stderr	e3b0c44298fc1c149afbf4c8996fb92427ae41e4649b934ca495991b7852b855
subprocess-logs/0241-jdk8_no-debug_PrimitiveArrayRawParam_jarde-verify-run.stdout	e156798549dd3ab3c3eced5fadfdced0789f4ee0e3f65410c291f2c46434dfba
subprocess-logs/0242-jdk8_no-debug_PrimitiveArrayRawParam_jadx.stderr	e3b0c44298fc1c149afbf4c8996fb92427ae41e4649b934ca495991b7852b855
subprocess-logs/0242-jdk8_no-debug_PrimitiveArrayRawParam_jadx.stdout	b39e39e1f5b42f0be14cece4da4ddfccc7bcd8d1a7dd5bbe17688dd1272eeb20
subprocess-logs/0243-jdk8_no-debug_PrimitiveArrayRawParam_jadx-javac.stderr	15fadb07cc800c76b8f1c1b6a478daaeac4a6071da42bc337e07acf6d565ba23
subprocess-logs/0243-jdk8_no-debug_PrimitiveArrayRawParam_jadx-javac.stdout	e3b0c44298fc1c149afbf4c8996fb92427ae41e4649b934ca495991b7852b855
subprocess-logs/0244-jdk8_no-debug_PrimitiveArrayRawParam_jadx-verify-run.stderr	e3b0c44298fc1c149afbf4c8996fb92427ae41e4649b934ca495991b7852b855
subprocess-logs/0244-jdk8_no-debug_PrimitiveArrayRawParam_jadx-verify-run.stdout	8dbde5389e6da69a121d5ad297157ee52bcb682d49d75d8a4bc7844fd4d1d1e8
subprocess-logs/0245-jdk8_debug_BoundRawParam_jar-contents.stderr	e3b0c44298fc1c149afbf4c8996fb92427ae41e4649b934ca495991b7852b855
subprocess-logs/0245-jdk8_debug_BoundRawParam_jar-contents.stdout	075878ec5b85246aaaf568037703e8c8504af213c36e979109d2de5461da85a9
subprocess-logs/0246-jdk8_debug_BoundRawParam_original-javac.stderr	332b6f179045eb2cb088f970e068ab6fa31d45b9312806bfdad964b6011a5fe3
subprocess-logs/0246-jdk8_debug_BoundRawParam_original-javac.stdout	e3b0c44298fc1c149afbf4c8996fb92427ae41e4649b934ca495991b7852b855
subprocess-logs/0247-jdk8_debug_BoundRawParam_javap.stderr	e3b0c44298fc1c149afbf4c8996fb92427ae41e4649b934ca495991b7852b855
subprocess-logs/0247-jdk8_debug_BoundRawParam_javap.stdout	0583d8322acdeef96e916b2cd62e0e25b844428cb9daff422eefb25ea2352e81
subprocess-logs/0248-jdk8_debug_BoundRawParam_original-probe-javac.stderr	e3b0c44298fc1c149afbf4c8996fb92427ae41e4649b934ca495991b7852b855
subprocess-logs/0248-jdk8_debug_BoundRawParam_original-probe-javac.stdout	e3b0c44298fc1c149afbf4c8996fb92427ae41e4649b934ca495991b7852b855
subprocess-logs/0249-jdk8_debug_BoundRawParam_original-run.stderr	e3b0c44298fc1c149afbf4c8996fb92427ae41e4649b934ca495991b7852b855
subprocess-logs/0249-jdk8_debug_BoundRawParam_original-run.stdout	0c5cb2a465e5db671d09e57d82dc7d2279cee6ef898da3154a4cac90f5c80de8
subprocess-logs/0250-jdk8_debug_BoundRawParam_jarde-BoundRawParam.stderr	e2fe899361f6170b2c00edd8bee4b8d8e55fe0cef1a3649852a7b682f3a1e469
subprocess-logs/0250-jdk8_debug_BoundRawParam_jarde-BoundRawParam.stdout	6780b9df7fd79af1b6d8e0acb289d0257a77eaa548101c8cfe3fdc3911d66eac
subprocess-logs/0251-jdk8_debug_BoundRawParam_jarde-javac.stderr	3d4d694dcfdd14623ef04875060e4640fc9e4f3a1a186388cd82dcea409de52a
subprocess-logs/0251-jdk8_debug_BoundRawParam_jarde-javac.stdout	e3b0c44298fc1c149afbf4c8996fb92427ae41e4649b934ca495991b7852b855
subprocess-logs/0252-jdk8_debug_BoundRawParam_jarde-verify-run.stderr	e3b0c44298fc1c149afbf4c8996fb92427ae41e4649b934ca495991b7852b855
subprocess-logs/0252-jdk8_debug_BoundRawParam_jarde-verify-run.stdout	0c5cb2a465e5db671d09e57d82dc7d2279cee6ef898da3154a4cac90f5c80de8
subprocess-logs/0253-jdk8_debug_BoundRawParam_jadx.stderr	e3b0c44298fc1c149afbf4c8996fb92427ae41e4649b934ca495991b7852b855
subprocess-logs/0253-jdk8_debug_BoundRawParam_jadx.stdout	4f9286afb71c1c648146d8482b6edfcd52b6b44926bc81bbd2ab9c6e644ae0df
subprocess-logs/0254-jdk8_debug_BoundRawParam_jadx-javac.stderr	8f64445d683cf57c3c0cc55f2251d79f05dc8fe75477a1c5862761739809ec52
subprocess-logs/0254-jdk8_debug_BoundRawParam_jadx-javac.stdout	e3b0c44298fc1c149afbf4c8996fb92427ae41e4649b934ca495991b7852b855
subprocess-logs/0255-jdk8_debug_BoundRawParam_jadx-verify-run.stderr	e3b0c44298fc1c149afbf4c8996fb92427ae41e4649b934ca495991b7852b855
subprocess-logs/0255-jdk8_debug_BoundRawParam_jadx-verify-run.stdout	bdeb71e6ccb9da375831745c55c6fa5137fd29b7007948eecaea74516d6991ca
subprocess-logs/0256-jdk8_no-debug_BoundRawParam_jar-contents.stderr	e3b0c44298fc1c149afbf4c8996fb92427ae41e4649b934ca495991b7852b855
subprocess-logs/0256-jdk8_no-debug_BoundRawParam_jar-contents.stdout	075878ec5b85246aaaf568037703e8c8504af213c36e979109d2de5461da85a9
subprocess-logs/0257-jdk8_no-debug_BoundRawParam_original-javac.stderr	332b6f179045eb2cb088f970e068ab6fa31d45b9312806bfdad964b6011a5fe3
subprocess-logs/0257-jdk8_no-debug_BoundRawParam_original-javac.stdout	e3b0c44298fc1c149afbf4c8996fb92427ae41e4649b934ca495991b7852b855
subprocess-logs/0258-jdk8_no-debug_BoundRawParam_javap.stderr	e3b0c44298fc1c149afbf4c8996fb92427ae41e4649b934ca495991b7852b855
subprocess-logs/0258-jdk8_no-debug_BoundRawParam_javap.stdout	35328488ae05ff6cb9f5ea7516ee2ff849fd1910c1da48b8be5d2290ccf91aaf
subprocess-logs/0259-jdk8_no-debug_BoundRawParam_original-probe-javac.stderr	e3b0c44298fc1c149afbf4c8996fb92427ae41e4649b934ca495991b7852b855
subprocess-logs/0259-jdk8_no-debug_BoundRawParam_original-probe-javac.stdout	e3b0c44298fc1c149afbf4c8996fb92427ae41e4649b934ca495991b7852b855
subprocess-logs/0260-jdk8_no-debug_BoundRawParam_original-run.stderr	e3b0c44298fc1c149afbf4c8996fb92427ae41e4649b934ca495991b7852b855
subprocess-logs/0260-jdk8_no-debug_BoundRawParam_original-run.stdout	0c5cb2a465e5db671d09e57d82dc7d2279cee6ef898da3154a4cac90f5c80de8
subprocess-logs/0261-jdk8_no-debug_BoundRawParam_jarde-BoundRawParam.stderr	dc31222e735eb5c9a3b0d21a51843e0ebedc5ca9daf6c778b1219c224b4156f6
subprocess-logs/0261-jdk8_no-debug_BoundRawParam_jarde-BoundRawParam.stdout	81ee814aa442d16bedb0f72f370830c16ee2069d4e84754453ae15445e258294
subprocess-logs/0262-jdk8_no-debug_BoundRawParam_jarde-javac.stderr	83948bdb3176b427c95d52af88b3d1f097430e1d9a591f633e87cc7151c16301
subprocess-logs/0262-jdk8_no-debug_BoundRawParam_jarde-javac.stdout	e3b0c44298fc1c149afbf4c8996fb92427ae41e4649b934ca495991b7852b855
subprocess-logs/0263-jdk8_no-debug_BoundRawParam_jarde-verify-run.stderr	e3b0c44298fc1c149afbf4c8996fb92427ae41e4649b934ca495991b7852b855
subprocess-logs/0263-jdk8_no-debug_BoundRawParam_jarde-verify-run.stdout	0c5cb2a465e5db671d09e57d82dc7d2279cee6ef898da3154a4cac90f5c80de8
subprocess-logs/0264-jdk8_no-debug_BoundRawParam_jadx.stderr	e3b0c44298fc1c149afbf4c8996fb92427ae41e4649b934ca495991b7852b855
subprocess-logs/0264-jdk8_no-debug_BoundRawParam_jadx.stdout	a3c66ad183bcbeb44201dbd2883ccb6e477b9ea713d737b6911a40d7c459186f
subprocess-logs/0265-jdk8_no-debug_BoundRawParam_jadx-javac.stderr	b31aff08bb718125f9ae527c1bc77f433119b516bf486bba82f9bab856f29a3a
subprocess-logs/0265-jdk8_no-debug_BoundRawParam_jadx-javac.stdout	e3b0c44298fc1c149afbf4c8996fb92427ae41e4649b934ca495991b7852b855
subprocess-logs/0266-jdk8_no-debug_BoundRawParam_jadx-verify-run.stderr	e3b0c44298fc1c149afbf4c8996fb92427ae41e4649b934ca495991b7852b855
subprocess-logs/0266-jdk8_no-debug_BoundRawParam_jadx-verify-run.stdout	bdeb71e6ccb9da375831745c55c6fa5137fd29b7007948eecaea74516d6991ca
subprocess-logs/0267-jdk8_debug_NullRawParam_jar-contents.stderr	e3b0c44298fc1c149afbf4c8996fb92427ae41e4649b934ca495991b7852b855
subprocess-logs/0267-jdk8_debug_NullRawParam_jar-contents.stdout	ec9be3c8fc3cd99b67f4aaee4928989735f2768aa23a4b40308f2268d7274f2c
subprocess-logs/0268-jdk8_debug_NullRawParam_original-javac.stderr	783fcc6f6b5a0f5a3939e21fd8140e506cab11d0d0342910949529ff8bfc74a4
subprocess-logs/0268-jdk8_debug_NullRawParam_original-javac.stdout	e3b0c44298fc1c149afbf4c8996fb92427ae41e4649b934ca495991b7852b855
subprocess-logs/0269-jdk8_debug_NullRawParam_javap.stderr	e3b0c44298fc1c149afbf4c8996fb92427ae41e4649b934ca495991b7852b855
subprocess-logs/0269-jdk8_debug_NullRawParam_javap.stdout	139d2e1df5d613b81e80530d7449c85459b12960a83cda1800ca1f8801c39daf
subprocess-logs/0270-jdk8_debug_NullRawParam_original-probe-javac.stderr	e3b0c44298fc1c149afbf4c8996fb92427ae41e4649b934ca495991b7852b855
subprocess-logs/0270-jdk8_debug_NullRawParam_original-probe-javac.stdout	e3b0c44298fc1c149afbf4c8996fb92427ae41e4649b934ca495991b7852b855
subprocess-logs/0271-jdk8_debug_NullRawParam_original-run.stderr	e3b0c44298fc1c149afbf4c8996fb92427ae41e4649b934ca495991b7852b855
subprocess-logs/0271-jdk8_debug_NullRawParam_original-run.stdout	99432d5aa83e97874597f1a0fde12c2a963ce4099787ae00fd33faff35b18418
subprocess-logs/0272-jdk8_debug_NullRawParam_jarde-NullRawParam.stderr	b6a9695c208f04a5d492074df629a0d4763880253c7fb7c4d3f11264b352a4ef
subprocess-logs/0272-jdk8_debug_NullRawParam_jarde-NullRawParam.stdout	f60daa335370ba4b9535a79d8a6039e957fde7f7fbf1179b722b7dff8c1bb168
subprocess-logs/0273-jdk8_debug_NullRawParam_jarde-javac.stderr	6fd519876983a201268d34036477a40fc5dc6f81c6075bcbed966d988df7e8ac
subprocess-logs/0273-jdk8_debug_NullRawParam_jarde-javac.stdout	e3b0c44298fc1c149afbf4c8996fb92427ae41e4649b934ca495991b7852b855
subprocess-logs/0274-jdk8_debug_NullRawParam_jarde-verify-run.stderr	e3b0c44298fc1c149afbf4c8996fb92427ae41e4649b934ca495991b7852b855
subprocess-logs/0274-jdk8_debug_NullRawParam_jarde-verify-run.stdout	99432d5aa83e97874597f1a0fde12c2a963ce4099787ae00fd33faff35b18418
subprocess-logs/0275-jdk8_debug_NullRawParam_jadx.stderr	e3b0c44298fc1c149afbf4c8996fb92427ae41e4649b934ca495991b7852b855
subprocess-logs/0275-jdk8_debug_NullRawParam_jadx.stdout	362b3355ce8d00736ca9bb6da30d6a69f93dd50ec84f264052e2bfd1b7813dbb
subprocess-logs/0276-jdk8_debug_NullRawParam_jadx-javac.stderr	cf79075530036ffccd3c667bff325e860199fff8956594d458dcd86db1fc72c4
subprocess-logs/0276-jdk8_debug_NullRawParam_jadx-javac.stdout	e3b0c44298fc1c149afbf4c8996fb92427ae41e4649b934ca495991b7852b855
subprocess-logs/0277-jdk8_debug_NullRawParam_jadx-verify-run.stderr	e3b0c44298fc1c149afbf4c8996fb92427ae41e4649b934ca495991b7852b855
subprocess-logs/0277-jdk8_debug_NullRawParam_jadx-verify-run.stdout	f4e759450c3306919076b843e677ebd4315a206a7a08c607258e8ee49a6eb720
subprocess-logs/0278-jdk8_no-debug_NullRawParam_jar-contents.stderr	e3b0c44298fc1c149afbf4c8996fb92427ae41e4649b934ca495991b7852b855
subprocess-logs/0278-jdk8_no-debug_NullRawParam_jar-contents.stdout	ec9be3c8fc3cd99b67f4aaee4928989735f2768aa23a4b40308f2268d7274f2c
subprocess-logs/0279-jdk8_no-debug_NullRawParam_original-javac.stderr	783fcc6f6b5a0f5a3939e21fd8140e506cab11d0d0342910949529ff8bfc74a4
subprocess-logs/0279-jdk8_no-debug_NullRawParam_original-javac.stdout	e3b0c44298fc1c149afbf4c8996fb92427ae41e4649b934ca495991b7852b855
subprocess-logs/0280-jdk8_no-debug_NullRawParam_javap.stderr	e3b0c44298fc1c149afbf4c8996fb92427ae41e4649b934ca495991b7852b855
subprocess-logs/0280-jdk8_no-debug_NullRawParam_javap.stdout	9a59b31b98a5661258bcaf443731f7673ffb6ced1e6bd1a1aed6f998cc92b6f1
subprocess-logs/0281-jdk8_no-debug_NullRawParam_original-probe-javac.stderr	e3b0c44298fc1c149afbf4c8996fb92427ae41e4649b934ca495991b7852b855
subprocess-logs/0281-jdk8_no-debug_NullRawParam_original-probe-javac.stdout	e3b0c44298fc1c149afbf4c8996fb92427ae41e4649b934ca495991b7852b855
subprocess-logs/0282-jdk8_no-debug_NullRawParam_original-run.stderr	e3b0c44298fc1c149afbf4c8996fb92427ae41e4649b934ca495991b7852b855
subprocess-logs/0282-jdk8_no-debug_NullRawParam_original-run.stdout	99432d5aa83e97874597f1a0fde12c2a963ce4099787ae00fd33faff35b18418
subprocess-logs/0283-jdk8_no-debug_NullRawParam_jarde-NullRawParam.stderr	cba0d26e2b38d1e4fa33d22b35f49ee3c450c9fdfb2b6aa7ef4a06d7807c1e51
subprocess-logs/0283-jdk8_no-debug_NullRawParam_jarde-NullRawParam.stdout	d68300b3bdd64dc0a1769de4c77a88e3eebccc14b47a17dc3e1ee4f8165ca2e2
subprocess-logs/0284-jdk8_no-debug_NullRawParam_jarde-javac.stderr	7e39aa69ff0381d53384798d2f41643beadf927589d451a6183b9b22c08ac17d
subprocess-logs/0284-jdk8_no-debug_NullRawParam_jarde-javac.stdout	e3b0c44298fc1c149afbf4c8996fb92427ae41e4649b934ca495991b7852b855
subprocess-logs/0285-jdk8_no-debug_NullRawParam_jarde-verify-run.stderr	e3b0c44298fc1c149afbf4c8996fb92427ae41e4649b934ca495991b7852b855
subprocess-logs/0285-jdk8_no-debug_NullRawParam_jarde-verify-run.stdout	99432d5aa83e97874597f1a0fde12c2a963ce4099787ae00fd33faff35b18418
subprocess-logs/0286-jdk8_no-debug_NullRawParam_jadx.stderr	e3b0c44298fc1c149afbf4c8996fb92427ae41e4649b934ca495991b7852b855
subprocess-logs/0286-jdk8_no-debug_NullRawParam_jadx.stdout	cdaa64030f773964c860c99ef466447c7051aad9b98e0a114a333b5d243979e4
subprocess-logs/0287-jdk8_no-debug_NullRawParam_jadx-javac.stderr	615de4c4402f7c20323fe106e7610947d1ac50d5b5b8f96d000a4c097597b57b
subprocess-logs/0287-jdk8_no-debug_NullRawParam_jadx-javac.stdout	e3b0c44298fc1c149afbf4c8996fb92427ae41e4649b934ca495991b7852b855
subprocess-logs/0288-jdk8_no-debug_NullRawParam_jadx-verify-run.stderr	e3b0c44298fc1c149afbf4c8996fb92427ae41e4649b934ca495991b7852b855
subprocess-logs/0288-jdk8_no-debug_NullRawParam_jadx-verify-run.stdout	f4e759450c3306919076b843e677ebd4315a206a7a08c607258e8ee49a6eb720
subprocess-logs/0289-jdk8_debug_RetainedAliasRawParam_jar-contents.stderr	e3b0c44298fc1c149afbf4c8996fb92427ae41e4649b934ca495991b7852b855
subprocess-logs/0289-jdk8_debug_RetainedAliasRawParam_jar-contents.stdout	a1985b9d7beb306cabb087220b328de3b90ea1632d23bad706a4d4d2071ef201
subprocess-logs/0290-jdk8_debug_RetainedAliasRawParam_original-javac.stderr	50c41222a602d30852da3abf82e029d976424c723a93ff1708bc54b19eb25180
subprocess-logs/0290-jdk8_debug_RetainedAliasRawParam_original-javac.stdout	e3b0c44298fc1c149afbf4c8996fb92427ae41e4649b934ca495991b7852b855
subprocess-logs/0291-jdk8_debug_RetainedAliasRawParam_javap.stderr	e3b0c44298fc1c149afbf4c8996fb92427ae41e4649b934ca495991b7852b855
subprocess-logs/0291-jdk8_debug_RetainedAliasRawParam_javap.stdout	3cb057158548fc3131bab5f82e09bcb27fd50bfa5ef8d55801944101226deb0e
subprocess-logs/0292-jdk8_debug_RetainedAliasRawParam_original-probe-javac.stderr	e3b0c44298fc1c149afbf4c8996fb92427ae41e4649b934ca495991b7852b855
subprocess-logs/0292-jdk8_debug_RetainedAliasRawParam_original-probe-javac.stdout	e3b0c44298fc1c149afbf4c8996fb92427ae41e4649b934ca495991b7852b855
subprocess-logs/0293-jdk8_debug_RetainedAliasRawParam_original-run.stderr	e3b0c44298fc1c149afbf4c8996fb92427ae41e4649b934ca495991b7852b855
subprocess-logs/0293-jdk8_debug_RetainedAliasRawParam_original-run.stdout	587147b6fcdb6f90959b73653be0302d121556b4c0626fb20a88ff47291ce8ff
subprocess-logs/0294-jdk8_debug_RetainedAliasRawParam_jarde-RetainedAliasRawParam.stderr	df5d7d1d7601631c717c2eacb1f82c3815d4cb67150623e097dc6fa65434f304
subprocess-logs/0294-jdk8_debug_RetainedAliasRawParam_jarde-RetainedAliasRawParam.stdout	67c03164c7f4c286881d760c247bdc8ed73c851a4377db2751830cc607eb3f89
subprocess-logs/0295-jdk8_debug_RetainedAliasRawParam_jarde-javac.stderr	a42502f238cc11620d0d0636d7c43bf50522fb2d4c92f5a1a96998e15c0ea8b9
subprocess-logs/0295-jdk8_debug_RetainedAliasRawParam_jarde-javac.stdout	e3b0c44298fc1c149afbf4c8996fb92427ae41e4649b934ca495991b7852b855
subprocess-logs/0296-jdk8_debug_RetainedAliasRawParam_jarde-verify-run.stderr	e3b0c44298fc1c149afbf4c8996fb92427ae41e4649b934ca495991b7852b855
subprocess-logs/0296-jdk8_debug_RetainedAliasRawParam_jarde-verify-run.stdout	587147b6fcdb6f90959b73653be0302d121556b4c0626fb20a88ff47291ce8ff
subprocess-logs/0297-jdk8_debug_RetainedAliasRawParam_jadx.stderr	e3b0c44298fc1c149afbf4c8996fb92427ae41e4649b934ca495991b7852b855
subprocess-logs/0297-jdk8_debug_RetainedAliasRawParam_jadx.stdout	a812a2f9da9d667e2687fe463f4fad3f3096ea31d3fcf8cfe0844e36ef811893
subprocess-logs/0298-jdk8_debug_RetainedAliasRawParam_jadx-javac.stderr	96d6a4d74eda2fd97fe2fd9976421f97e262b9dbc7e879f00f83c238d9c0dc30
subprocess-logs/0298-jdk8_debug_RetainedAliasRawParam_jadx-javac.stdout	e3b0c44298fc1c149afbf4c8996fb92427ae41e4649b934ca495991b7852b855
subprocess-logs/0299-jdk8_debug_RetainedAliasRawParam_jadx-verify-run.stderr	e3b0c44298fc1c149afbf4c8996fb92427ae41e4649b934ca495991b7852b855
subprocess-logs/0299-jdk8_debug_RetainedAliasRawParam_jadx-verify-run.stdout	f92fd71052669f4c2419e8516949617f14ee858caeb232d80d63117f41ea2d94
subprocess-logs/0300-jdk8_no-debug_RetainedAliasRawParam_jar-contents.stderr	e3b0c44298fc1c149afbf4c8996fb92427ae41e4649b934ca495991b7852b855
subprocess-logs/0300-jdk8_no-debug_RetainedAliasRawParam_jar-contents.stdout	a1985b9d7beb306cabb087220b328de3b90ea1632d23bad706a4d4d2071ef201
subprocess-logs/0301-jdk8_no-debug_RetainedAliasRawParam_original-javac.stderr	50c41222a602d30852da3abf82e029d976424c723a93ff1708bc54b19eb25180
subprocess-logs/0301-jdk8_no-debug_RetainedAliasRawParam_original-javac.stdout	e3b0c44298fc1c149afbf4c8996fb92427ae41e4649b934ca495991b7852b855
subprocess-logs/0302-jdk8_no-debug_RetainedAliasRawParam_javap.stderr	e3b0c44298fc1c149afbf4c8996fb92427ae41e4649b934ca495991b7852b855
subprocess-logs/0302-jdk8_no-debug_RetainedAliasRawParam_javap.stdout	b9fe7985316c785d39a3760244459ca1200626315058c1b0a2d5baa16cb822cb
subprocess-logs/0303-jdk8_no-debug_RetainedAliasRawParam_original-probe-javac.stderr	e3b0c44298fc1c149afbf4c8996fb92427ae41e4649b934ca495991b7852b855
subprocess-logs/0303-jdk8_no-debug_RetainedAliasRawParam_original-probe-javac.stdout	e3b0c44298fc1c149afbf4c8996fb92427ae41e4649b934ca495991b7852b855
subprocess-logs/0304-jdk8_no-debug_RetainedAliasRawParam_original-run.stderr	e3b0c44298fc1c149afbf4c8996fb92427ae41e4649b934ca495991b7852b855
subprocess-logs/0304-jdk8_no-debug_RetainedAliasRawParam_original-run.stdout	587147b6fcdb6f90959b73653be0302d121556b4c0626fb20a88ff47291ce8ff
subprocess-logs/0305-jdk8_no-debug_RetainedAliasRawParam_jarde-RetainedAliasRawParam.stderr	d01cc149556731c6ef007fea40504116cc0d18b483c321a95921029f68ab9095
subprocess-logs/0305-jdk8_no-debug_RetainedAliasRawParam_jarde-RetainedAliasRawParam.stdout	e3536151d6425f7cf9e601be73cd6fccdb94be39c2157ee6ae0f84a8c7d364e5
subprocess-logs/0306-jdk8_no-debug_RetainedAliasRawParam_jarde-javac.stderr	670cedb84b0504a524d16ea267f02751e1257e4f4954f6bc3b1e7b7ac3ba1226
subprocess-logs/0306-jdk8_no-debug_RetainedAliasRawParam_jarde-javac.stdout	e3b0c44298fc1c149afbf4c8996fb92427ae41e4649b934ca495991b7852b855
subprocess-logs/0307-jdk8_no-debug_RetainedAliasRawParam_jarde-verify-run.stderr	e3b0c44298fc1c149afbf4c8996fb92427ae41e4649b934ca495991b7852b855
subprocess-logs/0307-jdk8_no-debug_RetainedAliasRawParam_jarde-verify-run.stdout	587147b6fcdb6f90959b73653be0302d121556b4c0626fb20a88ff47291ce8ff
subprocess-logs/0308-jdk8_no-debug_RetainedAliasRawParam_jadx.stderr	e3b0c44298fc1c149afbf4c8996fb92427ae41e4649b934ca495991b7852b855
subprocess-logs/0308-jdk8_no-debug_RetainedAliasRawParam_jadx.stdout	163c1c4b2b019a6913a37ea82f0f0a71abced63a56ed274decc5f997b2bce09a
subprocess-logs/0309-jdk8_no-debug_RetainedAliasRawParam_jadx-javac.stderr	824fdefc95623332e79fc3ff09a95b0ccae24da4cef25fc8ec621bb5d3647b1e
subprocess-logs/0309-jdk8_no-debug_RetainedAliasRawParam_jadx-javac.stdout	e3b0c44298fc1c149afbf4c8996fb92427ae41e4649b934ca495991b7852b855
subprocess-logs/0310-jdk8_no-debug_RetainedAliasRawParam_jadx-verify-run.stderr	e3b0c44298fc1c149afbf4c8996fb92427ae41e4649b934ca495991b7852b855
subprocess-logs/0310-jdk8_no-debug_RetainedAliasRawParam_jadx-verify-run.stdout	f92fd71052669f4c2419e8516949617f14ee858caeb232d80d63117f41ea2d94
subprocess-logs/0311-jdk8_debug_MultiFormalRawParam_jar-contents.stderr	e3b0c44298fc1c149afbf4c8996fb92427ae41e4649b934ca495991b7852b855
subprocess-logs/0311-jdk8_debug_MultiFormalRawParam_jar-contents.stdout	4bc05ecbba4968bacfc686b7e4b7523216b1c1705eac9aef254aaff653bf7e55
subprocess-logs/0312-jdk8_debug_MultiFormalRawParam_original-javac.stderr	a7aac962d457f5d861ff850678dc960f9c140ea9b8b48cd9fdb25d20133bc9dd
subprocess-logs/0312-jdk8_debug_MultiFormalRawParam_original-javac.stdout	e3b0c44298fc1c149afbf4c8996fb92427ae41e4649b934ca495991b7852b855
subprocess-logs/0313-jdk8_debug_MultiFormalRawParam_javap.stderr	e3b0c44298fc1c149afbf4c8996fb92427ae41e4649b934ca495991b7852b855
subprocess-logs/0313-jdk8_debug_MultiFormalRawParam_javap.stdout	dd1d4e622d2f408c5f5449b163dce274f44ce66b401816ce045a25ad1fc513c7
subprocess-logs/0314-jdk8_debug_MultiFormalRawParam_original-probe-javac.stderr	e3b0c44298fc1c149afbf4c8996fb92427ae41e4649b934ca495991b7852b855
subprocess-logs/0314-jdk8_debug_MultiFormalRawParam_original-probe-javac.stdout	e3b0c44298fc1c149afbf4c8996fb92427ae41e4649b934ca495991b7852b855
subprocess-logs/0315-jdk8_debug_MultiFormalRawParam_original-run.stderr	e3b0c44298fc1c149afbf4c8996fb92427ae41e4649b934ca495991b7852b855
subprocess-logs/0315-jdk8_debug_MultiFormalRawParam_original-run.stdout	6d16de1512a82cf13a56f94903001249dbfdb1ab81b29b817616448334e1d0c4
subprocess-logs/0316-jdk8_debug_MultiFormalRawParam_jarde-MultiFormalRawParam.stderr	8df5d42a9230d176ce9a671a1a061b83c42a63c719b391cb9aa63c08c303e6cc
subprocess-logs/0316-jdk8_debug_MultiFormalRawParam_jarde-MultiFormalRawParam.stdout	f619dc6de622abbbb601490c87b29154ed05f1dc9da16fd08f994de9faa1e729
subprocess-logs/0317-jdk8_debug_MultiFormalRawParam_jarde-javac.stderr	d8263f7f19d2864f27a3af69a4be4a3d8c81f3680ca4c76c4bfda574819473ae
subprocess-logs/0317-jdk8_debug_MultiFormalRawParam_jarde-javac.stdout	e3b0c44298fc1c149afbf4c8996fb92427ae41e4649b934ca495991b7852b855
subprocess-logs/0318-jdk8_debug_MultiFormalRawParam_jarde-verify-run.stderr	e3b0c44298fc1c149afbf4c8996fb92427ae41e4649b934ca495991b7852b855
subprocess-logs/0318-jdk8_debug_MultiFormalRawParam_jarde-verify-run.stdout	8bc5d0b9f7ed8f8820c0a056a24f74615b3e6104dd1ccada41aee9975df41485
subprocess-logs/0319-jdk8_debug_MultiFormalRawParam_jadx.stderr	e3b0c44298fc1c149afbf4c8996fb92427ae41e4649b934ca495991b7852b855
subprocess-logs/0319-jdk8_debug_MultiFormalRawParam_jadx.stdout	ab0953bbbc037baaafc7f7ce8782f8074cc413c451bd592e90bd91ccc9720b50
subprocess-logs/0320-jdk8_debug_MultiFormalRawParam_jadx-javac.stderr	3be1b57332c8639b470dfead05f5c2b5a175649a9d9b96263ad781038d9d83d8
subprocess-logs/0320-jdk8_debug_MultiFormalRawParam_jadx-javac.stdout	e3b0c44298fc1c149afbf4c8996fb92427ae41e4649b934ca495991b7852b855
subprocess-logs/0321-jdk8_debug_MultiFormalRawParam_jadx-verify-run.stderr	e3b0c44298fc1c149afbf4c8996fb92427ae41e4649b934ca495991b7852b855
subprocess-logs/0321-jdk8_debug_MultiFormalRawParam_jadx-verify-run.stdout	8d284d37fb44425659f63776c8f684d596146724e653b1147b4adc2b7c50d4e2
subprocess-logs/0322-jdk8_no-debug_MultiFormalRawParam_jar-contents.stderr	e3b0c44298fc1c149afbf4c8996fb92427ae41e4649b934ca495991b7852b855
subprocess-logs/0322-jdk8_no-debug_MultiFormalRawParam_jar-contents.stdout	4bc05ecbba4968bacfc686b7e4b7523216b1c1705eac9aef254aaff653bf7e55
subprocess-logs/0323-jdk8_no-debug_MultiFormalRawParam_original-javac.stderr	a7aac962d457f5d861ff850678dc960f9c140ea9b8b48cd9fdb25d20133bc9dd
subprocess-logs/0323-jdk8_no-debug_MultiFormalRawParam_original-javac.stdout	e3b0c44298fc1c149afbf4c8996fb92427ae41e4649b934ca495991b7852b855
subprocess-logs/0324-jdk8_no-debug_MultiFormalRawParam_javap.stderr	e3b0c44298fc1c149afbf4c8996fb92427ae41e4649b934ca495991b7852b855
subprocess-logs/0324-jdk8_no-debug_MultiFormalRawParam_javap.stdout	576d418084006c3432ae54bde722c5e1f3329fa92d098f3b84fce07ff58a8b83
subprocess-logs/0325-jdk8_no-debug_MultiFormalRawParam_original-probe-javac.stderr	e3b0c44298fc1c149afbf4c8996fb92427ae41e4649b934ca495991b7852b855
subprocess-logs/0325-jdk8_no-debug_MultiFormalRawParam_original-probe-javac.stdout	e3b0c44298fc1c149afbf4c8996fb92427ae41e4649b934ca495991b7852b855
subprocess-logs/0326-jdk8_no-debug_MultiFormalRawParam_original-run.stderr	e3b0c44298fc1c149afbf4c8996fb92427ae41e4649b934ca495991b7852b855
subprocess-logs/0326-jdk8_no-debug_MultiFormalRawParam_original-run.stdout	6d16de1512a82cf13a56f94903001249dbfdb1ab81b29b817616448334e1d0c4
subprocess-logs/0327-jdk8_no-debug_MultiFormalRawParam_jarde-MultiFormalRawParam.stderr	e6d390ed9f3ce42bb952a141e302212d42d1b0f6059b58818d940b7570f180f3
subprocess-logs/0327-jdk8_no-debug_MultiFormalRawParam_jarde-MultiFormalRawParam.stdout	25dc6e16e8b9f5a62fe2333fe44c3491fde8f6d40b762bca42951af6d817bbd1
subprocess-logs/0328-jdk8_no-debug_MultiFormalRawParam_jarde-javac.stderr	3c5510450fccb2b0e6171001779d6e35c8c63feddd46629904443a398f6e20c0
subprocess-logs/0328-jdk8_no-debug_MultiFormalRawParam_jarde-javac.stdout	e3b0c44298fc1c149afbf4c8996fb92427ae41e4649b934ca495991b7852b855
subprocess-logs/0329-jdk8_no-debug_MultiFormalRawParam_jarde-verify-run.stderr	e3b0c44298fc1c149afbf4c8996fb92427ae41e4649b934ca495991b7852b855
subprocess-logs/0329-jdk8_no-debug_MultiFormalRawParam_jarde-verify-run.stdout	8bc5d0b9f7ed8f8820c0a056a24f74615b3e6104dd1ccada41aee9975df41485
subprocess-logs/0330-jdk8_no-debug_MultiFormalRawParam_jadx.stderr	e3b0c44298fc1c149afbf4c8996fb92427ae41e4649b934ca495991b7852b855
subprocess-logs/0330-jdk8_no-debug_MultiFormalRawParam_jadx.stdout	d14594bd8117dc33ce8d2d2ed97e8452035566731c89d91c653bcb777a50c7db
subprocess-logs/0331-jdk8_no-debug_MultiFormalRawParam_jadx-javac.stderr	59715a4009cc6ad4a3ef07e72396ae878d15efd5d415d4cbf4d88ead3edc9368
subprocess-logs/0331-jdk8_no-debug_MultiFormalRawParam_jadx-javac.stdout	e3b0c44298fc1c149afbf4c8996fb92427ae41e4649b934ca495991b7852b855
subprocess-logs/0332-jdk8_no-debug_MultiFormalRawParam_jadx-verify-run.stderr	e3b0c44298fc1c149afbf4c8996fb92427ae41e4649b934ca495991b7852b855
subprocess-logs/0332-jdk8_no-debug_MultiFormalRawParam_jadx-verify-run.stdout	8d284d37fb44425659f63776c8f684d596146724e653b1147b4adc2b7c50d4e2
subprocess-logs/0333-jdk8_debug_RawOwnerChild_jar-contents.stderr	e3b0c44298fc1c149afbf4c8996fb92427ae41e4649b934ca495991b7852b855
subprocess-logs/0333-jdk8_debug_RawOwnerChild_jar-contents.stdout	8fe6ebef204dbd6d19631ba48bbbd5ec4ae5213f3712a9629e2c6cdec917a44e
subprocess-logs/0334-jdk8_debug_RawOwnerChild_original-javac.stderr	cf3d4c7f34177b900bd060a9f1e86b0bed36e944062b3a5d915bb4b052d6ba47
subprocess-logs/0334-jdk8_debug_RawOwnerChild_original-javac.stdout	e3b0c44298fc1c149afbf4c8996fb92427ae41e4649b934ca495991b7852b855
subprocess-logs/0335-jdk8_debug_RawOwnerChild_javap.stderr	e3b0c44298fc1c149afbf4c8996fb92427ae41e4649b934ca495991b7852b855
subprocess-logs/0335-jdk8_debug_RawOwnerChild_javap.stdout	a3a1264e9c4e89058dde177c37e9e84d5d04b0241e271244df647a02a10108f8
subprocess-logs/0336-jdk8_debug_RawOwnerChild_original-probe-javac.stderr	e3b0c44298fc1c149afbf4c8996fb92427ae41e4649b934ca495991b7852b855
subprocess-logs/0336-jdk8_debug_RawOwnerChild_original-probe-javac.stdout	e3b0c44298fc1c149afbf4c8996fb92427ae41e4649b934ca495991b7852b855
subprocess-logs/0337-jdk8_debug_RawOwnerChild_original-run.stderr	e3b0c44298fc1c149afbf4c8996fb92427ae41e4649b934ca495991b7852b855
subprocess-logs/0337-jdk8_debug_RawOwnerChild_original-run.stdout	c25e0c82c8f818f082f08ceef41ac63b15ed1ce4bb020bcf1eff5396c577b047
subprocess-logs/0338-jdk8_debug_RawOwnerChild_jarde-RawOwnerChild.stderr	c3557c4d5eaad6a041d16ea5ac9e910639ad677f617c14b9689a3fb89bd32b08
subprocess-logs/0338-jdk8_debug_RawOwnerChild_jarde-RawOwnerChild.stdout	85654234ed265aea8c2af90fe4353ca2be2b352c36d98476b0f89a9661e064cd
subprocess-logs/0339-jdk8_debug_RawOwnerChild_jarde-RawOwnerBase.stderr	60c00174d51ca98a14d716ba296c312fc14eaafbfda9f4a71c24c854ada787b7
subprocess-logs/0339-jdk8_debug_RawOwnerChild_jarde-RawOwnerBase.stdout	f400195673e17b46cfe5e1ecf2dfa6ad1e569fc2a83c23d92202a00ba21aba24
subprocess-logs/0340-jdk8_debug_RawOwnerChild_jarde-javac.stderr	344ef42176de5a2055dfccbee17ea0fece7da417647934ab606fb69ae515cf70
subprocess-logs/0340-jdk8_debug_RawOwnerChild_jarde-javac.stdout	e3b0c44298fc1c149afbf4c8996fb92427ae41e4649b934ca495991b7852b855
subprocess-logs/0341-jdk8_debug_RawOwnerChild_jarde-verify-run.stderr	e3b0c44298fc1c149afbf4c8996fb92427ae41e4649b934ca495991b7852b855
subprocess-logs/0341-jdk8_debug_RawOwnerChild_jarde-verify-run.stdout	e65da6d8f2478e3a0b6f43759b106518ecb2b77f17bd072cf737ed70a4ac28ad
subprocess-logs/0342-jdk8_debug_RawOwnerChild_jadx.stderr	e3b0c44298fc1c149afbf4c8996fb92427ae41e4649b934ca495991b7852b855
subprocess-logs/0342-jdk8_debug_RawOwnerChild_jadx.stdout	6c98674d5819aff5b0ce8c68cf3ece4cbebd831816c7f8632c268444656056d5
subprocess-logs/0343-jdk8_debug_RawOwnerChild_jadx-javac.stderr	eefb3a10cc129d863974fd8767e8032151047204b6f749fa27534a74ad43916e
subprocess-logs/0343-jdk8_debug_RawOwnerChild_jadx-javac.stdout	e3b0c44298fc1c149afbf4c8996fb92427ae41e4649b934ca495991b7852b855
subprocess-logs/0344-jdk8_debug_RawOwnerChild_jadx-verify-run.stderr	e3b0c44298fc1c149afbf4c8996fb92427ae41e4649b934ca495991b7852b855
subprocess-logs/0344-jdk8_debug_RawOwnerChild_jadx-verify-run.stdout	2404a47a7f7c206decbce521d1ad8ca2966f33929a01a6e1cd462d7eda65b76b
subprocess-logs/0345-jdk8_no-debug_RawOwnerChild_jar-contents.stderr	e3b0c44298fc1c149afbf4c8996fb92427ae41e4649b934ca495991b7852b855
subprocess-logs/0345-jdk8_no-debug_RawOwnerChild_jar-contents.stdout	8fe6ebef204dbd6d19631ba48bbbd5ec4ae5213f3712a9629e2c6cdec917a44e
subprocess-logs/0346-jdk8_no-debug_RawOwnerChild_original-javac.stderr	cf3d4c7f34177b900bd060a9f1e86b0bed36e944062b3a5d915bb4b052d6ba47
subprocess-logs/0346-jdk8_no-debug_RawOwnerChild_original-javac.stdout	e3b0c44298fc1c149afbf4c8996fb92427ae41e4649b934ca495991b7852b855
subprocess-logs/0347-jdk8_no-debug_RawOwnerChild_javap.stderr	e3b0c44298fc1c149afbf4c8996fb92427ae41e4649b934ca495991b7852b855
subprocess-logs/0347-jdk8_no-debug_RawOwnerChild_javap.stdout	4b6867ba7a8ffd26d6b4167344e0025c5756c4895040f1f7d5ebe1ad40a3deed
subprocess-logs/0348-jdk8_no-debug_RawOwnerChild_original-probe-javac.stderr	e3b0c44298fc1c149afbf4c8996fb92427ae41e4649b934ca495991b7852b855
subprocess-logs/0348-jdk8_no-debug_RawOwnerChild_original-probe-javac.stdout	e3b0c44298fc1c149afbf4c8996fb92427ae41e4649b934ca495991b7852b855
subprocess-logs/0349-jdk8_no-debug_RawOwnerChild_original-run.stderr	e3b0c44298fc1c149afbf4c8996fb92427ae41e4649b934ca495991b7852b855
subprocess-logs/0349-jdk8_no-debug_RawOwnerChild_original-run.stdout	c25e0c82c8f818f082f08ceef41ac63b15ed1ce4bb020bcf1eff5396c577b047
subprocess-logs/0350-jdk8_no-debug_RawOwnerChild_jarde-RawOwnerChild.stderr	7fa6ecef6b46f8ed79040af4505976244f1f95f70e09a5cc560535b39a6cf3e1
subprocess-logs/0350-jdk8_no-debug_RawOwnerChild_jarde-RawOwnerChild.stdout	8bc50b0f6cb5bc0a65e96706a623c1fc4bc19fa7d9d3586ebaace845198a1015
subprocess-logs/0351-jdk8_no-debug_RawOwnerChild_jarde-RawOwnerBase.stderr	1275020ed5302c0eb41f6bd41f53fe6dcf77dd83b8b687d91eb9efc678212426
subprocess-logs/0351-jdk8_no-debug_RawOwnerChild_jarde-RawOwnerBase.stdout	f400195673e17b46cfe5e1ecf2dfa6ad1e569fc2a83c23d92202a00ba21aba24
subprocess-logs/0352-jdk8_no-debug_RawOwnerChild_jarde-javac.stderr	795c1fa9ddf65e2bc62b38baaf18ecbd4c7fb1d9edf079aca70fd7fedcb13a90
subprocess-logs/0352-jdk8_no-debug_RawOwnerChild_jarde-javac.stdout	e3b0c44298fc1c149afbf4c8996fb92427ae41e4649b934ca495991b7852b855
subprocess-logs/0353-jdk8_no-debug_RawOwnerChild_jarde-verify-run.stderr	e3b0c44298fc1c149afbf4c8996fb92427ae41e4649b934ca495991b7852b855
subprocess-logs/0353-jdk8_no-debug_RawOwnerChild_jarde-verify-run.stdout	e65da6d8f2478e3a0b6f43759b106518ecb2b77f17bd072cf737ed70a4ac28ad
subprocess-logs/0354-jdk8_no-debug_RawOwnerChild_jadx.stderr	e3b0c44298fc1c149afbf4c8996fb92427ae41e4649b934ca495991b7852b855
subprocess-logs/0354-jdk8_no-debug_RawOwnerChild_jadx.stdout	6c98674d5819aff5b0ce8c68cf3ece4cbebd831816c7f8632c268444656056d5
subprocess-logs/0355-jdk8_no-debug_RawOwnerChild_jadx-javac.stderr	7de48970872917ce6ebcaf49f5b9589bc21284a1277857e702d7e6a480093b06
subprocess-logs/0355-jdk8_no-debug_RawOwnerChild_jadx-javac.stdout	e3b0c44298fc1c149afbf4c8996fb92427ae41e4649b934ca495991b7852b855
subprocess-logs/0356-jdk8_no-debug_RawOwnerChild_jadx-verify-run.stderr	e3b0c44298fc1c149afbf4c8996fb92427ae41e4649b934ca495991b7852b855
subprocess-logs/0356-jdk8_no-debug_RawOwnerChild_jadx-verify-run.stdout	2404a47a7f7c206decbce521d1ad8ca2966f33929a01a6e1cd462d7eda65b76b
subprocess-logs/0357-jdk23_versions_java.stderr	11d9a1559a3f4fab380e536f54e14acacdbd9fb56e147f04a9cc4723e3c229f7
subprocess-logs/0357-jdk23_versions_java.stdout	e3b0c44298fc1c149afbf4c8996fb92427ae41e4649b934ca495991b7852b855
subprocess-logs/0358-jdk23_versions_javac.stderr	e3b0c44298fc1c149afbf4c8996fb92427ae41e4649b934ca495991b7852b855
subprocess-logs/0358-jdk23_versions_javac.stdout	8b08d363e50e3d8f80fe38c5910e7f52b3e267b192efacb74878c7103361d3cd
subprocess-logs/0359-jdk23_debug_RawParam_jar-contents.stderr	e3b0c44298fc1c149afbf4c8996fb92427ae41e4649b934ca495991b7852b855
subprocess-logs/0359-jdk23_debug_RawParam_jar-contents.stdout	f05bc4ea2d7bc579f4987b4528010f3e37b2499a541d17b872ac93047629c0ee
subprocess-logs/0360-jdk23_debug_RawParam_original-javac.stderr	8389e79b0f23f4372bad2237b4863ba2d51fb3233437096c41b12e18cb18a541
subprocess-logs/0360-jdk23_debug_RawParam_original-javac.stdout	e3b0c44298fc1c149afbf4c8996fb92427ae41e4649b934ca495991b7852b855
subprocess-logs/0361-jdk23_debug_RawParam_javap.stderr	e3b0c44298fc1c149afbf4c8996fb92427ae41e4649b934ca495991b7852b855
subprocess-logs/0361-jdk23_debug_RawParam_javap.stdout	643f960b952233003d168002eff538f1174de04eaf360b4fed0e1bf87c87fc49
subprocess-logs/0362-jdk23_debug_RawParam_original-probe-javac.stderr	4f875b75f0bac1d971d8fc3ab19a64d5d92273f61235f2bb734eed34ab07458f
subprocess-logs/0362-jdk23_debug_RawParam_original-probe-javac.stdout	e3b0c44298fc1c149afbf4c8996fb92427ae41e4649b934ca495991b7852b855
subprocess-logs/0363-jdk23_debug_RawParam_original-run.stderr	e3b0c44298fc1c149afbf4c8996fb92427ae41e4649b934ca495991b7852b855
subprocess-logs/0363-jdk23_debug_RawParam_original-run.stdout	6a2e3f1a9739b680582fea7e805eed4d712c0aaa5f345bb00d8449a502e68b6d
subprocess-logs/0364-jdk23_debug_RawParam_jarde-RawParam.stderr	93b84c599796d102715101fc933fe1f51709e95e5b7453497e09083833e171bb
subprocess-logs/0364-jdk23_debug_RawParam_jarde-RawParam.stdout	e086985b6879bfbebb341e501fb7f963bc33d5623ac87904b40e011163135e9b
subprocess-logs/0365-jdk23_debug_RawParam_jarde-javac.stderr	bf9a051e9d7faf07cafb791470ceeba5f71f5bcd9213c8f0a4d7860a87151c79
subprocess-logs/0365-jdk23_debug_RawParam_jarde-javac.stdout	e3b0c44298fc1c149afbf4c8996fb92427ae41e4649b934ca495991b7852b855
subprocess-logs/0366-jdk23_debug_RawParam_jarde-verify-run.stderr	e3b0c44298fc1c149afbf4c8996fb92427ae41e4649b934ca495991b7852b855
subprocess-logs/0366-jdk23_debug_RawParam_jarde-verify-run.stdout	6a2e3f1a9739b680582fea7e805eed4d712c0aaa5f345bb00d8449a502e68b6d
subprocess-logs/0367-jdk23_debug_RawParam_jadx.stderr	e3b0c44298fc1c149afbf4c8996fb92427ae41e4649b934ca495991b7852b855
subprocess-logs/0367-jdk23_debug_RawParam_jadx.stdout	622abf38d9672b14bbe46db0a22f9afddbe8de304e83240248bc2a9db6e0baab
subprocess-logs/0368-jdk23_debug_RawParam_jadx-javac.stderr	a40a8afc9db53ab9fbc64c4370c93880210d6e2f834c619dc4412ea9ca8c66b5
subprocess-logs/0368-jdk23_debug_RawParam_jadx-javac.stdout	e3b0c44298fc1c149afbf4c8996fb92427ae41e4649b934ca495991b7852b855
subprocess-logs/0369-jdk23_debug_RawParam_jadx-verify-run.stderr	e3b0c44298fc1c149afbf4c8996fb92427ae41e4649b934ca495991b7852b855
subprocess-logs/0369-jdk23_debug_RawParam_jadx-verify-run.stdout	33b65814b563635c3b26f292f11a234ec9eda87fc8bbf5409c3fc0f323ad9d3d
subprocess-logs/0370-jdk23_no-debug_RawParam_jar-contents.stderr	e3b0c44298fc1c149afbf4c8996fb92427ae41e4649b934ca495991b7852b855
subprocess-logs/0370-jdk23_no-debug_RawParam_jar-contents.stdout	f05bc4ea2d7bc579f4987b4528010f3e37b2499a541d17b872ac93047629c0ee
subprocess-logs/0371-jdk23_no-debug_RawParam_original-javac.stderr	8389e79b0f23f4372bad2237b4863ba2d51fb3233437096c41b12e18cb18a541
subprocess-logs/0371-jdk23_no-debug_RawParam_original-javac.stdout	e3b0c44298fc1c149afbf4c8996fb92427ae41e4649b934ca495991b7852b855
subprocess-logs/0372-jdk23_no-debug_RawParam_javap.stderr	e3b0c44298fc1c149afbf4c8996fb92427ae41e4649b934ca495991b7852b855
subprocess-logs/0372-jdk23_no-debug_RawParam_javap.stdout	da4a2617e0e141bd47eda6588e1493e538f200232d07ad2b4b45a375ba72b62a
subprocess-logs/0373-jdk23_no-debug_RawParam_original-probe-javac.stderr	4f875b75f0bac1d971d8fc3ab19a64d5d92273f61235f2bb734eed34ab07458f
subprocess-logs/0373-jdk23_no-debug_RawParam_original-probe-javac.stdout	e3b0c44298fc1c149afbf4c8996fb92427ae41e4649b934ca495991b7852b855
subprocess-logs/0374-jdk23_no-debug_RawParam_original-run.stderr	e3b0c44298fc1c149afbf4c8996fb92427ae41e4649b934ca495991b7852b855
subprocess-logs/0374-jdk23_no-debug_RawParam_original-run.stdout	6a2e3f1a9739b680582fea7e805eed4d712c0aaa5f345bb00d8449a502e68b6d
subprocess-logs/0375-jdk23_no-debug_RawParam_jarde-RawParam.stderr	524fd0587e2ed132ae32aef1d241df1c2e5224392a738a6622a81d7721aaf066
subprocess-logs/0375-jdk23_no-debug_RawParam_jarde-RawParam.stdout	deadf9d5abebeb93b29bb8330dd107c0f9f84ba1ddfa430103fcb8261f91caa4
subprocess-logs/0376-jdk23_no-debug_RawParam_jarde-javac.stderr	d520e4d6c0d9068330bb66035cd3599e8f0c771a690f9648f711221c83c57210
subprocess-logs/0376-jdk23_no-debug_RawParam_jarde-javac.stdout	e3b0c44298fc1c149afbf4c8996fb92427ae41e4649b934ca495991b7852b855
subprocess-logs/0377-jdk23_no-debug_RawParam_jarde-verify-run.stderr	e3b0c44298fc1c149afbf4c8996fb92427ae41e4649b934ca495991b7852b855
subprocess-logs/0377-jdk23_no-debug_RawParam_jarde-verify-run.stdout	6a2e3f1a9739b680582fea7e805eed4d712c0aaa5f345bb00d8449a502e68b6d
subprocess-logs/0378-jdk23_no-debug_RawParam_jadx.stderr	e3b0c44298fc1c149afbf4c8996fb92427ae41e4649b934ca495991b7852b855
subprocess-logs/0378-jdk23_no-debug_RawParam_jadx.stdout	5e3a73ed96de1accee53cc03dcc38a57938b3e3420a2c4949fd3087561c51e6c
subprocess-logs/0379-jdk23_no-debug_RawParam_jadx-javac.stderr	ed9bbdfe8364781e7c84b7f2c87291f536ca54e08811eea9d89b5f6eff67bfd7
subprocess-logs/0379-jdk23_no-debug_RawParam_jadx-javac.stdout	e3b0c44298fc1c149afbf4c8996fb92427ae41e4649b934ca495991b7852b855
subprocess-logs/0380-jdk23_no-debug_RawParam_jadx-verify-run.stderr	e3b0c44298fc1c149afbf4c8996fb92427ae41e4649b934ca495991b7852b855
subprocess-logs/0380-jdk23_no-debug_RawParam_jadx-verify-run.stdout	33b65814b563635c3b26f292f11a234ec9eda87fc8bbf5409c3fc0f323ad9d3d
subprocess-logs/0381-jdk23_debug_StaticRawLocal_jar-contents.stderr	e3b0c44298fc1c149afbf4c8996fb92427ae41e4649b934ca495991b7852b855
subprocess-logs/0381-jdk23_debug_StaticRawLocal_jar-contents.stdout	fb8ff04b200dd376807a9a425a37f1a645e63a3f90b47df4f84e407b0fed9d07
subprocess-logs/0382-jdk23_debug_StaticRawLocal_original-javac.stderr	ff48daff02375611c7eea7f5e0f7a5b1593a6e606f2c6bbce7202ad661436d66
subprocess-logs/0382-jdk23_debug_StaticRawLocal_original-javac.stdout	e3b0c44298fc1c149afbf4c8996fb92427ae41e4649b934ca495991b7852b855
subprocess-logs/0383-jdk23_debug_StaticRawLocal_javap.stderr	e3b0c44298fc1c149afbf4c8996fb92427ae41e4649b934ca495991b7852b855
subprocess-logs/0383-jdk23_debug_StaticRawLocal_javap.stdout	3c02dbbd54549b6584dcc4fda9101a47af57af55262067b96d7fcc0a3d769992
subprocess-logs/0384-jdk23_debug_StaticRawLocal_original-probe-javac.stderr	4f875b75f0bac1d971d8fc3ab19a64d5d92273f61235f2bb734eed34ab07458f
subprocess-logs/0384-jdk23_debug_StaticRawLocal_original-probe-javac.stdout	e3b0c44298fc1c149afbf4c8996fb92427ae41e4649b934ca495991b7852b855
subprocess-logs/0385-jdk23_debug_StaticRawLocal_original-run.stderr	e3b0c44298fc1c149afbf4c8996fb92427ae41e4649b934ca495991b7852b855
subprocess-logs/0385-jdk23_debug_StaticRawLocal_original-run.stdout	25ea87cacc91c856b41331c020cf776ffda40333d737cff0309fadf5141463b0
subprocess-logs/0386-jdk23_debug_StaticRawLocal_jarde-StaticRawLocal.stderr	4da2a719b57c26946cf8d8204e609996e2a71efb22311f253b722302e17f756d
subprocess-logs/0386-jdk23_debug_StaticRawLocal_jarde-StaticRawLocal.stdout	9ec274de3d0847441e7de73ff79a6d027179b6c14306c18643ee8e2346b54332
subprocess-logs/0387-jdk23_debug_StaticRawLocal_jarde-javac.stderr	e3c662da9689a731763d51600e6028411f3a2179478c046114ee2798dad4aa8a
subprocess-logs/0387-jdk23_debug_StaticRawLocal_jarde-javac.stdout	e3b0c44298fc1c149afbf4c8996fb92427ae41e4649b934ca495991b7852b855
subprocess-logs/0388-jdk23_debug_StaticRawLocal_jarde-verify-run.stderr	e3b0c44298fc1c149afbf4c8996fb92427ae41e4649b934ca495991b7852b855
subprocess-logs/0388-jdk23_debug_StaticRawLocal_jarde-verify-run.stdout	25ea87cacc91c856b41331c020cf776ffda40333d737cff0309fadf5141463b0
subprocess-logs/0389-jdk23_debug_StaticRawLocal_jadx.stderr	e3b0c44298fc1c149afbf4c8996fb92427ae41e4649b934ca495991b7852b855
subprocess-logs/0389-jdk23_debug_StaticRawLocal_jadx.stdout	6379011b74cd2506360002655a599b49ea510e5e2c625c4aee438c6f4fd98d31
subprocess-logs/0390-jdk23_debug_StaticRawLocal_jadx-javac.stderr	f247ebe4df62fb8216ded62b4986c1107d03494916e091439fabf246122af1d7
subprocess-logs/0390-jdk23_debug_StaticRawLocal_jadx-javac.stdout	e3b0c44298fc1c149afbf4c8996fb92427ae41e4649b934ca495991b7852b855
subprocess-logs/0391-jdk23_debug_StaticRawLocal_jadx-verify-run.stderr	e3b0c44298fc1c149afbf4c8996fb92427ae41e4649b934ca495991b7852b855
subprocess-logs/0391-jdk23_debug_StaticRawLocal_jadx-verify-run.stdout	caa078a6f6a66a11482c09645632ebb52566091c80fab4fa927b1053dce64fde
subprocess-logs/0392-jdk23_no-debug_StaticRawLocal_jar-contents.stderr	e3b0c44298fc1c149afbf4c8996fb92427ae41e4649b934ca495991b7852b855
subprocess-logs/0392-jdk23_no-debug_StaticRawLocal_jar-contents.stdout	fb8ff04b200dd376807a9a425a37f1a645e63a3f90b47df4f84e407b0fed9d07
subprocess-logs/0393-jdk23_no-debug_StaticRawLocal_original-javac.stderr	ff48daff02375611c7eea7f5e0f7a5b1593a6e606f2c6bbce7202ad661436d66
subprocess-logs/0393-jdk23_no-debug_StaticRawLocal_original-javac.stdout	e3b0c44298fc1c149afbf4c8996fb92427ae41e4649b934ca495991b7852b855
subprocess-logs/0394-jdk23_no-debug_StaticRawLocal_javap.stderr	e3b0c44298fc1c149afbf4c8996fb92427ae41e4649b934ca495991b7852b855
subprocess-logs/0394-jdk23_no-debug_StaticRawLocal_javap.stdout	650bcea27e776c0eb6eae39111c62625889c7fb1ecc319bd62b40869f51404c4
subprocess-logs/0395-jdk23_no-debug_StaticRawLocal_original-probe-javac.stderr	4f875b75f0bac1d971d8fc3ab19a64d5d92273f61235f2bb734eed34ab07458f
subprocess-logs/0395-jdk23_no-debug_StaticRawLocal_original-probe-javac.stdout	e3b0c44298fc1c149afbf4c8996fb92427ae41e4649b934ca495991b7852b855
subprocess-logs/0396-jdk23_no-debug_StaticRawLocal_original-run.stderr	e3b0c44298fc1c149afbf4c8996fb92427ae41e4649b934ca495991b7852b855
subprocess-logs/0396-jdk23_no-debug_StaticRawLocal_original-run.stdout	25ea87cacc91c856b41331c020cf776ffda40333d737cff0309fadf5141463b0
subprocess-logs/0397-jdk23_no-debug_StaticRawLocal_jarde-StaticRawLocal.stderr	45cd1ae47fdaf7c8050aee37d74a98b0ae239f9071a00ad7b84403c177d5853a
subprocess-logs/0397-jdk23_no-debug_StaticRawLocal_jarde-StaticRawLocal.stdout	fd3a53f3051037b2d49c8966c16550fc2360b0f7494664a72673443748783747
subprocess-logs/0398-jdk23_no-debug_StaticRawLocal_jarde-javac.stderr	b05d138e117168630c84c1dd6ee5726c05c25f91f10cc88dec2620bbbd30bf2d
subprocess-logs/0398-jdk23_no-debug_StaticRawLocal_jarde-javac.stdout	e3b0c44298fc1c149afbf4c8996fb92427ae41e4649b934ca495991b7852b855
subprocess-logs/0399-jdk23_no-debug_StaticRawLocal_jarde-verify-run.stderr	e3b0c44298fc1c149afbf4c8996fb92427ae41e4649b934ca495991b7852b855
subprocess-logs/0399-jdk23_no-debug_StaticRawLocal_jarde-verify-run.stdout	25ea87cacc91c856b41331c020cf776ffda40333d737cff0309fadf5141463b0
subprocess-logs/0400-jdk23_no-debug_StaticRawLocal_jadx.stderr	e3b0c44298fc1c149afbf4c8996fb92427ae41e4649b934ca495991b7852b855
subprocess-logs/0400-jdk23_no-debug_StaticRawLocal_jadx.stdout	93faaa46171c50c3848bb81f013dd67f905e42ca81d836dbb0eb0a74d75d4bf7
subprocess-logs/0401-jdk23_no-debug_StaticRawLocal_jadx-javac.stderr	9bfeef6ef130c9fe8f34c978811e4a29223f97d1e772210858a8c0317c84950b
subprocess-logs/0401-jdk23_no-debug_StaticRawLocal_jadx-javac.stdout	e3b0c44298fc1c149afbf4c8996fb92427ae41e4649b934ca495991b7852b855
subprocess-logs/0402-jdk23_no-debug_StaticRawLocal_jadx-verify-run.stderr	e3b0c44298fc1c149afbf4c8996fb92427ae41e4649b934ca495991b7852b855
subprocess-logs/0402-jdk23_no-debug_StaticRawLocal_jadx-verify-run.stdout	caa078a6f6a66a11482c09645632ebb52566091c80fab4fa927b1053dce64fde
subprocess-logs/0403-jdk23_debug_InstanceRawLocal_jar-contents.stderr	e3b0c44298fc1c149afbf4c8996fb92427ae41e4649b934ca495991b7852b855
subprocess-logs/0403-jdk23_debug_InstanceRawLocal_jar-contents.stdout	14fa51d33a6937146f86014d2ee03c2e459c32def063b6fd66b0be882ef50b5b
subprocess-logs/0404-jdk23_debug_InstanceRawLocal_original-javac.stderr	9adad72752fa5ad4c28cfae616c1aa8214263acc3d8ca90c7c847c10d604d30f
subprocess-logs/0404-jdk23_debug_InstanceRawLocal_original-javac.stdout	e3b0c44298fc1c149afbf4c8996fb92427ae41e4649b934ca495991b7852b855
subprocess-logs/0405-jdk23_debug_InstanceRawLocal_javap.stderr	e3b0c44298fc1c149afbf4c8996fb92427ae41e4649b934ca495991b7852b855
subprocess-logs/0405-jdk23_debug_InstanceRawLocal_javap.stdout	61694ae4173e5acf45257dc21e14f18369f88e8d6174cfecd499bb58b4716a5b
subprocess-logs/0406-jdk23_debug_InstanceRawLocal_original-probe-javac.stderr	4f875b75f0bac1d971d8fc3ab19a64d5d92273f61235f2bb734eed34ab07458f
subprocess-logs/0406-jdk23_debug_InstanceRawLocal_original-probe-javac.stdout	e3b0c44298fc1c149afbf4c8996fb92427ae41e4649b934ca495991b7852b855
subprocess-logs/0407-jdk23_debug_InstanceRawLocal_original-run.stderr	e3b0c44298fc1c149afbf4c8996fb92427ae41e4649b934ca495991b7852b855
subprocess-logs/0407-jdk23_debug_InstanceRawLocal_original-run.stdout	b5f800a25ef5e547f36ccdecb9d6798cca74aee4a8a677d83bd449aea30f57e1
subprocess-logs/0408-jdk23_debug_InstanceRawLocal_jarde-InstanceRawLocal.stderr	dfd5ca6436ff4a1948577a3f0e9082f9519c92e19a43ab07f79050a4cecd715c
subprocess-logs/0408-jdk23_debug_InstanceRawLocal_jarde-InstanceRawLocal.stdout	5739eae80933689e02968db38be749560fea18f7852efc7071bc402ac1657445
subprocess-logs/0409-jdk23_debug_InstanceRawLocal_jarde-javac.stderr	4f875b75f0bac1d971d8fc3ab19a64d5d92273f61235f2bb734eed34ab07458f
subprocess-logs/0409-jdk23_debug_InstanceRawLocal_jarde-javac.stdout	e3b0c44298fc1c149afbf4c8996fb92427ae41e4649b934ca495991b7852b855
subprocess-logs/0410-jdk23_debug_InstanceRawLocal_jarde-verify-run.stderr	e3b0c44298fc1c149afbf4c8996fb92427ae41e4649b934ca495991b7852b855
subprocess-logs/0410-jdk23_debug_InstanceRawLocal_jarde-verify-run.stdout	c4a0fd4eb5e838df4c7116cc09d11740387e51309b8dd9c85cb1eac73adb9692
subprocess-logs/0411-jdk23_debug_InstanceRawLocal_jadx.stderr	e3b0c44298fc1c149afbf4c8996fb92427ae41e4649b934ca495991b7852b855
subprocess-logs/0411-jdk23_debug_InstanceRawLocal_jadx.stdout	ecf9e326873c4a1106efa9e75c22be5b95edd1b5a292a7916f714ca0ec09f103
subprocess-logs/0412-jdk23_debug_InstanceRawLocal_jadx-javac.stderr	0bcb32feee8d1060d40fa668b6ce7550de13c6c434c5142b3923c05e361003b4
subprocess-logs/0412-jdk23_debug_InstanceRawLocal_jadx-javac.stdout	e3b0c44298fc1c149afbf4c8996fb92427ae41e4649b934ca495991b7852b855
subprocess-logs/0413-jdk23_no-debug_InstanceRawLocal_jar-contents.stderr	e3b0c44298fc1c149afbf4c8996fb92427ae41e4649b934ca495991b7852b855
subprocess-logs/0413-jdk23_no-debug_InstanceRawLocal_jar-contents.stdout	14fa51d33a6937146f86014d2ee03c2e459c32def063b6fd66b0be882ef50b5b
subprocess-logs/0414-jdk23_no-debug_InstanceRawLocal_original-javac.stderr	9adad72752fa5ad4c28cfae616c1aa8214263acc3d8ca90c7c847c10d604d30f
subprocess-logs/0414-jdk23_no-debug_InstanceRawLocal_original-javac.stdout	e3b0c44298fc1c149afbf4c8996fb92427ae41e4649b934ca495991b7852b855
subprocess-logs/0415-jdk23_no-debug_InstanceRawLocal_javap.stderr	e3b0c44298fc1c149afbf4c8996fb92427ae41e4649b934ca495991b7852b855
subprocess-logs/0415-jdk23_no-debug_InstanceRawLocal_javap.stdout	ff39951f4582e15378eac0ce1397753e028059a8a7446254fc50b21b7e777eee
subprocess-logs/0416-jdk23_no-debug_InstanceRawLocal_original-probe-javac.stderr	4f875b75f0bac1d971d8fc3ab19a64d5d92273f61235f2bb734eed34ab07458f
subprocess-logs/0416-jdk23_no-debug_InstanceRawLocal_original-probe-javac.stdout	e3b0c44298fc1c149afbf4c8996fb92427ae41e4649b934ca495991b7852b855
subprocess-logs/0417-jdk23_no-debug_InstanceRawLocal_original-run.stderr	e3b0c44298fc1c149afbf4c8996fb92427ae41e4649b934ca495991b7852b855
subprocess-logs/0417-jdk23_no-debug_InstanceRawLocal_original-run.stdout	b5f800a25ef5e547f36ccdecb9d6798cca74aee4a8a677d83bd449aea30f57e1
subprocess-logs/0418-jdk23_no-debug_InstanceRawLocal_jarde-InstanceRawLocal.stderr	312b8c49f49cd3151358b6150e2a37362e705925622c9eaf88149f74a733a62f
subprocess-logs/0418-jdk23_no-debug_InstanceRawLocal_jarde-InstanceRawLocal.stdout	da10013688a30b0cc61c5f8ad8649f79792d67b4ea0d861293afdaf595225214
subprocess-logs/0419-jdk23_no-debug_InstanceRawLocal_jarde-javac.stderr	4f875b75f0bac1d971d8fc3ab19a64d5d92273f61235f2bb734eed34ab07458f
subprocess-logs/0419-jdk23_no-debug_InstanceRawLocal_jarde-javac.stdout	e3b0c44298fc1c149afbf4c8996fb92427ae41e4649b934ca495991b7852b855
subprocess-logs/0420-jdk23_no-debug_InstanceRawLocal_jarde-verify-run.stderr	e3b0c44298fc1c149afbf4c8996fb92427ae41e4649b934ca495991b7852b855
subprocess-logs/0420-jdk23_no-debug_InstanceRawLocal_jarde-verify-run.stdout	c4a0fd4eb5e838df4c7116cc09d11740387e51309b8dd9c85cb1eac73adb9692
subprocess-logs/0421-jdk23_no-debug_InstanceRawLocal_jadx.stderr	e3b0c44298fc1c149afbf4c8996fb92427ae41e4649b934ca495991b7852b855
subprocess-logs/0421-jdk23_no-debug_InstanceRawLocal_jadx.stdout	65311c6e5afc51eaa1b1627f08e03d3505a706803b7a11f297d461e38633b421
subprocess-logs/0422-jdk23_no-debug_InstanceRawLocal_jadx-javac.stderr	bfbf090b159466f08cb5b3b5036448ace59fb4fb035fefb9b5d9a4efe8e50dec
subprocess-logs/0422-jdk23_no-debug_InstanceRawLocal_jadx-javac.stdout	e3b0c44298fc1c149afbf4c8996fb92427ae41e4649b934ca495991b7852b855
subprocess-logs/0423-jdk23_debug_TypedReceiver_jar-contents.stderr	e3b0c44298fc1c149afbf4c8996fb92427ae41e4649b934ca495991b7852b855
subprocess-logs/0423-jdk23_debug_TypedReceiver_jar-contents.stdout	de8b80e7eef68f017a319fe14e4ce5bcfa8e9eab45f9d818e61b1bf3001f42d7
subprocess-logs/0424-jdk23_debug_TypedReceiver_original-javac.stderr	4f875b75f0bac1d971d8fc3ab19a64d5d92273f61235f2bb734eed34ab07458f
subprocess-logs/0424-jdk23_debug_TypedReceiver_original-javac.stdout	e3b0c44298fc1c149afbf4c8996fb92427ae41e4649b934ca495991b7852b855
subprocess-logs/0425-jdk23_debug_TypedReceiver_javap.stderr	e3b0c44298fc1c149afbf4c8996fb92427ae41e4649b934ca495991b7852b855
subprocess-logs/0425-jdk23_debug_TypedReceiver_javap.stdout	644a2c56d254b7f5fa9ba80670e3d02a9669e01d27ed79af9f3eb1678495a307
subprocess-logs/0426-jdk23_debug_TypedReceiver_original-probe-javac.stderr	4f875b75f0bac1d971d8fc3ab19a64d5d92273f61235f2bb734eed34ab07458f
subprocess-logs/0426-jdk23_debug_TypedReceiver_original-probe-javac.stdout	e3b0c44298fc1c149afbf4c8996fb92427ae41e4649b934ca495991b7852b855
subprocess-logs/0427-jdk23_debug_TypedReceiver_original-run.stderr	e3b0c44298fc1c149afbf4c8996fb92427ae41e4649b934ca495991b7852b855
subprocess-logs/0427-jdk23_debug_TypedReceiver_original-run.stdout	7f08ef56194b137543c901f9bd3946d1ac0f4153f2cc202df75762d9c8052a16
subprocess-logs/0428-jdk23_debug_TypedReceiver_jarde-TypedReceiver.stderr	1c5d667b2f49a918891870ef2b12b4068fe2b1b60a28ff6871040875e169b8fe
subprocess-logs/0428-jdk23_debug_TypedReceiver_jarde-TypedReceiver.stdout	bdf8ee04b0e67af0e95616b5995872c1accab0101131b4987ca1cfa4bc6d46f0
subprocess-logs/0429-jdk23_debug_TypedReceiver_jarde-javac.stderr	b0e8f0745a82f72f6fb6a59228962176503fd77845ea0d02169163b03b824f10
subprocess-logs/0429-jdk23_debug_TypedReceiver_jarde-javac.stdout	e3b0c44298fc1c149afbf4c8996fb92427ae41e4649b934ca495991b7852b855
subprocess-logs/0430-jdk23_debug_TypedReceiver_jarde-verify-run.stderr	e3b0c44298fc1c149afbf4c8996fb92427ae41e4649b934ca495991b7852b855
subprocess-logs/0430-jdk23_debug_TypedReceiver_jarde-verify-run.stdout	d7134843994e4b3ba1d434e5bdfba85531e98e0ec94492801f5dbfa4a5b0ca18
subprocess-logs/0431-jdk23_debug_TypedReceiver_jadx.stderr	e3b0c44298fc1c149afbf4c8996fb92427ae41e4649b934ca495991b7852b855
subprocess-logs/0431-jdk23_debug_TypedReceiver_jadx.stdout	9dfd6693b82b4c9322bd5e7b75352217aed5949335b437fafb399cbc04888dee
subprocess-logs/0432-jdk23_debug_TypedReceiver_jadx-javac.stderr	4f875b75f0bac1d971d8fc3ab19a64d5d92273f61235f2bb734eed34ab07458f
subprocess-logs/0432-jdk23_debug_TypedReceiver_jadx-javac.stdout	e3b0c44298fc1c149afbf4c8996fb92427ae41e4649b934ca495991b7852b855
subprocess-logs/0433-jdk23_debug_TypedReceiver_jadx-verify-run.stderr	e3b0c44298fc1c149afbf4c8996fb92427ae41e4649b934ca495991b7852b855
subprocess-logs/0433-jdk23_debug_TypedReceiver_jadx-verify-run.stdout	1a07b6f4350dff1a6ca5a3e4ec3062096840ad9dbc1a6efbd816e82d4c9ccb31
subprocess-logs/0434-jdk23_no-debug_TypedReceiver_jar-contents.stderr	e3b0c44298fc1c149afbf4c8996fb92427ae41e4649b934ca495991b7852b855
subprocess-logs/0434-jdk23_no-debug_TypedReceiver_jar-contents.stdout	de8b80e7eef68f017a319fe14e4ce5bcfa8e9eab45f9d818e61b1bf3001f42d7
subprocess-logs/0435-jdk23_no-debug_TypedReceiver_original-javac.stderr	4f875b75f0bac1d971d8fc3ab19a64d5d92273f61235f2bb734eed34ab07458f
subprocess-logs/0435-jdk23_no-debug_TypedReceiver_original-javac.stdout	e3b0c44298fc1c149afbf4c8996fb92427ae41e4649b934ca495991b7852b855
subprocess-logs/0436-jdk23_no-debug_TypedReceiver_javap.stderr	e3b0c44298fc1c149afbf4c8996fb92427ae41e4649b934ca495991b7852b855
subprocess-logs/0436-jdk23_no-debug_TypedReceiver_javap.stdout	e3d115aedb5acf674231df3249b1cfc3da3ec4db2a135c59cff7fa9042f29958
subprocess-logs/0437-jdk23_no-debug_TypedReceiver_original-probe-javac.stderr	4f875b75f0bac1d971d8fc3ab19a64d5d92273f61235f2bb734eed34ab07458f
subprocess-logs/0437-jdk23_no-debug_TypedReceiver_original-probe-javac.stdout	e3b0c44298fc1c149afbf4c8996fb92427ae41e4649b934ca495991b7852b855
subprocess-logs/0438-jdk23_no-debug_TypedReceiver_original-run.stderr	e3b0c44298fc1c149afbf4c8996fb92427ae41e4649b934ca495991b7852b855
subprocess-logs/0438-jdk23_no-debug_TypedReceiver_original-run.stdout	7f08ef56194b137543c901f9bd3946d1ac0f4153f2cc202df75762d9c8052a16
subprocess-logs/0439-jdk23_no-debug_TypedReceiver_jarde-TypedReceiver.stderr	5fce9cd4971d4104fe6adb2c3b7a7c7369d492310408006cfa13270380d6934f
subprocess-logs/0439-jdk23_no-debug_TypedReceiver_jarde-TypedReceiver.stdout	50c3079f863db603a415bf7cc07cdbc4457249ab9e0bfadcb21fa7b4aaccd53b
subprocess-logs/0440-jdk23_no-debug_TypedReceiver_jarde-javac.stderr	136d26f122c3f060287c1cfdda6aa4870b6b06ab6149197ce11890c280a0e201
subprocess-logs/0440-jdk23_no-debug_TypedReceiver_jarde-javac.stdout	e3b0c44298fc1c149afbf4c8996fb92427ae41e4649b934ca495991b7852b855
subprocess-logs/0441-jdk23_no-debug_TypedReceiver_jarde-verify-run.stderr	e3b0c44298fc1c149afbf4c8996fb92427ae41e4649b934ca495991b7852b855
subprocess-logs/0441-jdk23_no-debug_TypedReceiver_jarde-verify-run.stdout	d7134843994e4b3ba1d434e5bdfba85531e98e0ec94492801f5dbfa4a5b0ca18
subprocess-logs/0442-jdk23_no-debug_TypedReceiver_jadx.stderr	e3b0c44298fc1c149afbf4c8996fb92427ae41e4649b934ca495991b7852b855
subprocess-logs/0442-jdk23_no-debug_TypedReceiver_jadx.stdout	8e28411506c72d6da1bc759958fbdb6894d89a3ab0350d4a029e16b2cceccc15
subprocess-logs/0443-jdk23_no-debug_TypedReceiver_jadx-javac.stderr	4f875b75f0bac1d971d8fc3ab19a64d5d92273f61235f2bb734eed34ab07458f
subprocess-logs/0443-jdk23_no-debug_TypedReceiver_jadx-javac.stdout	e3b0c44298fc1c149afbf4c8996fb92427ae41e4649b934ca495991b7852b855
subprocess-logs/0444-jdk23_no-debug_TypedReceiver_jadx-verify-run.stderr	e3b0c44298fc1c149afbf4c8996fb92427ae41e4649b934ca495991b7852b855
subprocess-logs/0444-jdk23_no-debug_TypedReceiver_jadx-verify-run.stdout	1a07b6f4350dff1a6ca5a3e4ec3062096840ad9dbc1a6efbd816e82d4c9ccb31
subprocess-logs/0445-jdk23_debug_ThisReceiver_jar-contents.stderr	e3b0c44298fc1c149afbf4c8996fb92427ae41e4649b934ca495991b7852b855
subprocess-logs/0445-jdk23_debug_ThisReceiver_jar-contents.stdout	1656887c3d8299160e12e3dd882357c23f33dc5f9d4f301e546a69530b435c72
subprocess-logs/0446-jdk23_debug_ThisReceiver_original-javac.stderr	4f875b75f0bac1d971d8fc3ab19a64d5d92273f61235f2bb734eed34ab07458f
subprocess-logs/0446-jdk23_debug_ThisReceiver_original-javac.stdout	e3b0c44298fc1c149afbf4c8996fb92427ae41e4649b934ca495991b7852b855
subprocess-logs/0447-jdk23_debug_ThisReceiver_javap.stderr	e3b0c44298fc1c149afbf4c8996fb92427ae41e4649b934ca495991b7852b855
subprocess-logs/0447-jdk23_debug_ThisReceiver_javap.stdout	343a15458cd6d05d7e7f5ffc955904a3cb22e08e6a218bac9f67c26aff810430
subprocess-logs/0448-jdk23_debug_ThisReceiver_original-probe-javac.stderr	4f875b75f0bac1d971d8fc3ab19a64d5d92273f61235f2bb734eed34ab07458f
subprocess-logs/0448-jdk23_debug_ThisReceiver_original-probe-javac.stdout	e3b0c44298fc1c149afbf4c8996fb92427ae41e4649b934ca495991b7852b855
subprocess-logs/0449-jdk23_debug_ThisReceiver_original-run.stderr	e3b0c44298fc1c149afbf4c8996fb92427ae41e4649b934ca495991b7852b855
subprocess-logs/0449-jdk23_debug_ThisReceiver_original-run.stdout	9916911dd761a7b0d550673bef203cb77fb4cb96733a8fb0a2184fb7d3ba65b8
subprocess-logs/0450-jdk23_debug_ThisReceiver_jarde-ThisReceiver.stderr	9133c1261ccb5031c14a2b816b2d5be932f9a01c53ecde5a499cc142d643f5c3
subprocess-logs/0450-jdk23_debug_ThisReceiver_jarde-ThisReceiver.stdout	a97d2cf3fb8ae606b390fe7a96386fb611ca686a76a5a25889978f7e8fc03c52
subprocess-logs/0451-jdk23_debug_ThisReceiver_jarde-javac.stderr	4f875b75f0bac1d971d8fc3ab19a64d5d92273f61235f2bb734eed34ab07458f
subprocess-logs/0451-jdk23_debug_ThisReceiver_jarde-javac.stdout	e3b0c44298fc1c149afbf4c8996fb92427ae41e4649b934ca495991b7852b855
subprocess-logs/0452-jdk23_debug_ThisReceiver_jarde-verify-run.stderr	e3b0c44298fc1c149afbf4c8996fb92427ae41e4649b934ca495991b7852b855
subprocess-logs/0452-jdk23_debug_ThisReceiver_jarde-verify-run.stdout	9916911dd761a7b0d550673bef203cb77fb4cb96733a8fb0a2184fb7d3ba65b8
subprocess-logs/0453-jdk23_debug_ThisReceiver_jadx.stderr	e3b0c44298fc1c149afbf4c8996fb92427ae41e4649b934ca495991b7852b855
subprocess-logs/0453-jdk23_debug_ThisReceiver_jadx.stdout	a2198c50aedef83b4760cefe9eca9fb09a199604a573b40e3c05c6300d15b07e
subprocess-logs/0454-jdk23_debug_ThisReceiver_jadx-javac.stderr	4f875b75f0bac1d971d8fc3ab19a64d5d92273f61235f2bb734eed34ab07458f
subprocess-logs/0454-jdk23_debug_ThisReceiver_jadx-javac.stdout	e3b0c44298fc1c149afbf4c8996fb92427ae41e4649b934ca495991b7852b855
subprocess-logs/0455-jdk23_debug_ThisReceiver_jadx-verify-run.stderr	e3b0c44298fc1c149afbf4c8996fb92427ae41e4649b934ca495991b7852b855
subprocess-logs/0455-jdk23_debug_ThisReceiver_jadx-verify-run.stdout	f2c2ade79741f3c077a9767a2c86b6f9e8b3c91395a41c1c035e78ca2c19717e
subprocess-logs/0456-jdk23_no-debug_ThisReceiver_jar-contents.stderr	e3b0c44298fc1c149afbf4c8996fb92427ae41e4649b934ca495991b7852b855
subprocess-logs/0456-jdk23_no-debug_ThisReceiver_jar-contents.stdout	1656887c3d8299160e12e3dd882357c23f33dc5f9d4f301e546a69530b435c72
subprocess-logs/0457-jdk23_no-debug_ThisReceiver_original-javac.stderr	4f875b75f0bac1d971d8fc3ab19a64d5d92273f61235f2bb734eed34ab07458f
subprocess-logs/0457-jdk23_no-debug_ThisReceiver_original-javac.stdout	e3b0c44298fc1c149afbf4c8996fb92427ae41e4649b934ca495991b7852b855
subprocess-logs/0458-jdk23_no-debug_ThisReceiver_javap.stderr	e3b0c44298fc1c149afbf4c8996fb92427ae41e4649b934ca495991b7852b855
subprocess-logs/0458-jdk23_no-debug_ThisReceiver_javap.stdout	f8cb778404269f6dbb0e4ec7b2557386cfba4cb551527c4b21529354aa8df6c4
subprocess-logs/0459-jdk23_no-debug_ThisReceiver_original-probe-javac.stderr	4f875b75f0bac1d971d8fc3ab19a64d5d92273f61235f2bb734eed34ab07458f
subprocess-logs/0459-jdk23_no-debug_ThisReceiver_original-probe-javac.stdout	e3b0c44298fc1c149afbf4c8996fb92427ae41e4649b934ca495991b7852b855
subprocess-logs/0460-jdk23_no-debug_ThisReceiver_original-run.stderr	e3b0c44298fc1c149afbf4c8996fb92427ae41e4649b934ca495991b7852b855
subprocess-logs/0460-jdk23_no-debug_ThisReceiver_original-run.stdout	9916911dd761a7b0d550673bef203cb77fb4cb96733a8fb0a2184fb7d3ba65b8
subprocess-logs/0461-jdk23_no-debug_ThisReceiver_jarde-ThisReceiver.stderr	73a92e6926c8450788a3e79afe17f3da7ffd534a52bb505f6bee594f1770991d
subprocess-logs/0461-jdk23_no-debug_ThisReceiver_jarde-ThisReceiver.stdout	0c40a3e0e09b0e97ca13b527dcc647a9f01c29a3f73f31f6d7de68b4408b0d8f
subprocess-logs/0462-jdk23_no-debug_ThisReceiver_jarde-javac.stderr	4f875b75f0bac1d971d8fc3ab19a64d5d92273f61235f2bb734eed34ab07458f
subprocess-logs/0462-jdk23_no-debug_ThisReceiver_jarde-javac.stdout	e3b0c44298fc1c149afbf4c8996fb92427ae41e4649b934ca495991b7852b855
subprocess-logs/0463-jdk23_no-debug_ThisReceiver_jarde-verify-run.stderr	e3b0c44298fc1c149afbf4c8996fb92427ae41e4649b934ca495991b7852b855
subprocess-logs/0463-jdk23_no-debug_ThisReceiver_jarde-verify-run.stdout	9916911dd761a7b0d550673bef203cb77fb4cb96733a8fb0a2184fb7d3ba65b8
subprocess-logs/0464-jdk23_no-debug_ThisReceiver_jadx.stderr	e3b0c44298fc1c149afbf4c8996fb92427ae41e4649b934ca495991b7852b855
subprocess-logs/0464-jdk23_no-debug_ThisReceiver_jadx.stdout	6652437bf604f377fb279f3afd4080a8dbabe0ca788ab0ba083d5a580af8316a
subprocess-logs/0465-jdk23_no-debug_ThisReceiver_jadx-javac.stderr	4f875b75f0bac1d971d8fc3ab19a64d5d92273f61235f2bb734eed34ab07458f
subprocess-logs/0465-jdk23_no-debug_ThisReceiver_jadx-javac.stdout	e3b0c44298fc1c149afbf4c8996fb92427ae41e4649b934ca495991b7852b855
subprocess-logs/0466-jdk23_no-debug_ThisReceiver_jadx-verify-run.stderr	e3b0c44298fc1c149afbf4c8996fb92427ae41e4649b934ca495991b7852b855
subprocess-logs/0466-jdk23_no-debug_ThisReceiver_jadx-verify-run.stdout	f2c2ade79741f3c077a9767a2c86b6f9e8b3c91395a41c1c035e78ca2c19717e
subprocess-logs/0467-jdk23_debug_ShadowMethodT_jar-contents.stderr	e3b0c44298fc1c149afbf4c8996fb92427ae41e4649b934ca495991b7852b855
subprocess-logs/0467-jdk23_debug_ShadowMethodT_jar-contents.stdout	0a014d28d43f161014ee6c5d0696b18e41bff4bb83b1ac87222e9f4a8516ab35
subprocess-logs/0468-jdk23_debug_ShadowMethodT_original-javac.stderr	4f875b75f0bac1d971d8fc3ab19a64d5d92273f61235f2bb734eed34ab07458f
subprocess-logs/0468-jdk23_debug_ShadowMethodT_original-javac.stdout	e3b0c44298fc1c149afbf4c8996fb92427ae41e4649b934ca495991b7852b855
subprocess-logs/0469-jdk23_debug_ShadowMethodT_javap.stderr	e3b0c44298fc1c149afbf4c8996fb92427ae41e4649b934ca495991b7852b855
subprocess-logs/0469-jdk23_debug_ShadowMethodT_javap.stdout	62ec7dca1ba288360e9cdb3dee7d6fa51bae38174902fd3bf4b25b89706bdbab
subprocess-logs/0470-jdk23_debug_ShadowMethodT_original-probe-javac.stderr	4f875b75f0bac1d971d8fc3ab19a64d5d92273f61235f2bb734eed34ab07458f
subprocess-logs/0470-jdk23_debug_ShadowMethodT_original-probe-javac.stdout	e3b0c44298fc1c149afbf4c8996fb92427ae41e4649b934ca495991b7852b855
subprocess-logs/0471-jdk23_debug_ShadowMethodT_original-run.stderr	e3b0c44298fc1c149afbf4c8996fb92427ae41e4649b934ca495991b7852b855
subprocess-logs/0471-jdk23_debug_ShadowMethodT_original-run.stdout	e491f2fc9b0efb07abdaf9da8848a50d38b4da3848f045e3268c35d95124df5a
subprocess-logs/0472-jdk23_debug_ShadowMethodT_jarde-ShadowMethodT.stderr	71dbbb3eb67390d6f946324b4837d611258dbf1565db21c98f4891dcbdb572ba
subprocess-logs/0472-jdk23_debug_ShadowMethodT_jarde-ShadowMethodT.stdout	b6d351665b1a03c8f6b0bfadfbb2dc22c1ab88457700d15dc23ffdd9d8ec560e
subprocess-logs/0473-jdk23_debug_ShadowMethodT_jarde-javac.stderr	a5df2eea8847428d825e0cdbcdb87b25727274ef5897a0dd6e32759b312bd751
subprocess-logs/0473-jdk23_debug_ShadowMethodT_jarde-javac.stdout	e3b0c44298fc1c149afbf4c8996fb92427ae41e4649b934ca495991b7852b855
subprocess-logs/0474-jdk23_debug_ShadowMethodT_jarde-verify-run.stderr	e3b0c44298fc1c149afbf4c8996fb92427ae41e4649b934ca495991b7852b855
subprocess-logs/0474-jdk23_debug_ShadowMethodT_jarde-verify-run.stdout	ceb1dd45add8519cb6e22a15e06a6eab6b515c2f59d517b64ede6b379fcd7b53
subprocess-logs/0475-jdk23_debug_ShadowMethodT_jadx.stderr	e3b0c44298fc1c149afbf4c8996fb92427ae41e4649b934ca495991b7852b855
subprocess-logs/0475-jdk23_debug_ShadowMethodT_jadx.stdout	ff1cc56f3be65b5607c8cb58d3f6026b401b07c481e3e7f4b6489338d179653f
subprocess-logs/0476-jdk23_debug_ShadowMethodT_jadx-javac.stderr	4f875b75f0bac1d971d8fc3ab19a64d5d92273f61235f2bb734eed34ab07458f
subprocess-logs/0476-jdk23_debug_ShadowMethodT_jadx-javac.stdout	e3b0c44298fc1c149afbf4c8996fb92427ae41e4649b934ca495991b7852b855
subprocess-logs/0477-jdk23_debug_ShadowMethodT_jadx-verify-run.stderr	e3b0c44298fc1c149afbf4c8996fb92427ae41e4649b934ca495991b7852b855
subprocess-logs/0477-jdk23_debug_ShadowMethodT_jadx-verify-run.stdout	1c91e9e73e2b1038112652360b7e0dcd639e400df84523aac0d0102801a17264
subprocess-logs/0478-jdk23_no-debug_ShadowMethodT_jar-contents.stderr	e3b0c44298fc1c149afbf4c8996fb92427ae41e4649b934ca495991b7852b855
subprocess-logs/0478-jdk23_no-debug_ShadowMethodT_jar-contents.stdout	0a014d28d43f161014ee6c5d0696b18e41bff4bb83b1ac87222e9f4a8516ab35
subprocess-logs/0479-jdk23_no-debug_ShadowMethodT_original-javac.stderr	4f875b75f0bac1d971d8fc3ab19a64d5d92273f61235f2bb734eed34ab07458f
subprocess-logs/0479-jdk23_no-debug_ShadowMethodT_original-javac.stdout	e3b0c44298fc1c149afbf4c8996fb92427ae41e4649b934ca495991b7852b855
subprocess-logs/0480-jdk23_no-debug_ShadowMethodT_javap.stderr	e3b0c44298fc1c149afbf4c8996fb92427ae41e4649b934ca495991b7852b855
subprocess-logs/0480-jdk23_no-debug_ShadowMethodT_javap.stdout	21bdc1dc6eaae9e029c98be6702c2be862675bb102994fb0ffea284c0fa0e895
subprocess-logs/0481-jdk23_no-debug_ShadowMethodT_original-probe-javac.stderr	4f875b75f0bac1d971d8fc3ab19a64d5d92273f61235f2bb734eed34ab07458f
subprocess-logs/0481-jdk23_no-debug_ShadowMethodT_original-probe-javac.stdout	e3b0c44298fc1c149afbf4c8996fb92427ae41e4649b934ca495991b7852b855
subprocess-logs/0482-jdk23_no-debug_ShadowMethodT_original-run.stderr	e3b0c44298fc1c149afbf4c8996fb92427ae41e4649b934ca495991b7852b855
subprocess-logs/0482-jdk23_no-debug_ShadowMethodT_original-run.stdout	e491f2fc9b0efb07abdaf9da8848a50d38b4da3848f045e3268c35d95124df5a
subprocess-logs/0483-jdk23_no-debug_ShadowMethodT_jarde-ShadowMethodT.stderr	e4e01169c1e98c0ff846cbe48c08ffdfc65bdc798e7be7341e785cd85615239f
subprocess-logs/0483-jdk23_no-debug_ShadowMethodT_jarde-ShadowMethodT.stdout	b04b610fd3bcae70366460c87281526e1a77989a2393c91d4e0cf746fee52a9a
subprocess-logs/0484-jdk23_no-debug_ShadowMethodT_jarde-javac.stderr	a7c9cb4fb8eeeafac5876f7718cf9651cdf907971ac39b585f8e99912364333d
subprocess-logs/0484-jdk23_no-debug_ShadowMethodT_jarde-javac.stdout	e3b0c44298fc1c149afbf4c8996fb92427ae41e4649b934ca495991b7852b855
subprocess-logs/0485-jdk23_no-debug_ShadowMethodT_jarde-verify-run.stderr	e3b0c44298fc1c149afbf4c8996fb92427ae41e4649b934ca495991b7852b855
subprocess-logs/0485-jdk23_no-debug_ShadowMethodT_jarde-verify-run.stdout	ceb1dd45add8519cb6e22a15e06a6eab6b515c2f59d517b64ede6b379fcd7b53
subprocess-logs/0486-jdk23_no-debug_ShadowMethodT_jadx.stderr	e3b0c44298fc1c149afbf4c8996fb92427ae41e4649b934ca495991b7852b855
subprocess-logs/0486-jdk23_no-debug_ShadowMethodT_jadx.stdout	4a5d3819be8dd6fe90a97386689eca0a1a71e42bb71baa7adb1f7d366a4ed633
subprocess-logs/0487-jdk23_no-debug_ShadowMethodT_jadx-javac.stderr	4f875b75f0bac1d971d8fc3ab19a64d5d92273f61235f2bb734eed34ab07458f
subprocess-logs/0487-jdk23_no-debug_ShadowMethodT_jadx-javac.stdout	e3b0c44298fc1c149afbf4c8996fb92427ae41e4649b934ca495991b7852b855
subprocess-logs/0488-jdk23_no-debug_ShadowMethodT_jadx-verify-run.stderr	e3b0c44298fc1c149afbf4c8996fb92427ae41e4649b934ca495991b7852b855
subprocess-logs/0488-jdk23_no-debug_ShadowMethodT_jadx-verify-run.stdout	1c91e9e73e2b1038112652360b7e0dcd639e400df84523aac0d0102801a17264
subprocess-logs/0489-jdk23_debug_DirectInstanceRawParam_jar-contents.stderr	e3b0c44298fc1c149afbf4c8996fb92427ae41e4649b934ca495991b7852b855
subprocess-logs/0489-jdk23_debug_DirectInstanceRawParam_jar-contents.stdout	fc15d4455024ee977b4d1922c14c180928c2138e1582c5adccbb1d8fe3953218
subprocess-logs/0490-jdk23_debug_DirectInstanceRawParam_original-javac.stderr	6d0055fa613fc7fc277efc859a67e566b8a0f51ab180da58f06fc254b12c2dc6
subprocess-logs/0490-jdk23_debug_DirectInstanceRawParam_original-javac.stdout	e3b0c44298fc1c149afbf4c8996fb92427ae41e4649b934ca495991b7852b855
subprocess-logs/0491-jdk23_debug_DirectInstanceRawParam_javap.stderr	e3b0c44298fc1c149afbf4c8996fb92427ae41e4649b934ca495991b7852b855
subprocess-logs/0491-jdk23_debug_DirectInstanceRawParam_javap.stdout	dae6436bf67ca48a6be069fb2a99259f629e616df93c99788d6e280e92c7e1a0
subprocess-logs/0492-jdk23_debug_DirectInstanceRawParam_original-probe-javac.stderr	4f875b75f0bac1d971d8fc3ab19a64d5d92273f61235f2bb734eed34ab07458f
subprocess-logs/0492-jdk23_debug_DirectInstanceRawParam_original-probe-javac.stdout	e3b0c44298fc1c149afbf4c8996fb92427ae41e4649b934ca495991b7852b855
subprocess-logs/0493-jdk23_debug_DirectInstanceRawParam_original-run.stderr	e3b0c44298fc1c149afbf4c8996fb92427ae41e4649b934ca495991b7852b855
subprocess-logs/0493-jdk23_debug_DirectInstanceRawParam_original-run.stdout	9358c79b8f63417a168963e9dc02e1e1359ee5bda8614638bec755f01d5683be
subprocess-logs/0494-jdk23_debug_DirectInstanceRawParam_jarde-DirectInstanceRawParam.stderr	628d7b7e86fb23981b3c09ffda36f8f824c98f28d1e6c4d6a7e218a953aaf3fc
subprocess-logs/0494-jdk23_debug_DirectInstanceRawParam_jarde-DirectInstanceRawParam.stdout	66882766f2731a7d18b72428b8ad38d8f2bd8e0183b4bf42ab71e0a8bcb56671
subprocess-logs/0495-jdk23_debug_DirectInstanceRawParam_jarde-javac.stderr	851c2e1b89a4158a1025ffc22a6f0a9dfe7208a2bbeee7456678e3d8450e7ca5
subprocess-logs/0495-jdk23_debug_DirectInstanceRawParam_jarde-javac.stdout	e3b0c44298fc1c149afbf4c8996fb92427ae41e4649b934ca495991b7852b855
subprocess-logs/0496-jdk23_debug_DirectInstanceRawParam_jarde-verify-run.stderr	e3b0c44298fc1c149afbf4c8996fb92427ae41e4649b934ca495991b7852b855
subprocess-logs/0496-jdk23_debug_DirectInstanceRawParam_jarde-verify-run.stdout	9358c79b8f63417a168963e9dc02e1e1359ee5bda8614638bec755f01d5683be
subprocess-logs/0497-jdk23_debug_DirectInstanceRawParam_jadx.stderr	e3b0c44298fc1c149afbf4c8996fb92427ae41e4649b934ca495991b7852b855
subprocess-logs/0497-jdk23_debug_DirectInstanceRawParam_jadx.stdout	2246e86eed790fb9d1bdaba7de33095c85a62da4b8b6ff8519570c4537cd1004
subprocess-logs/0498-jdk23_debug_DirectInstanceRawParam_jadx-javac.stderr	ebb1dbeecc095a68101387b4129260cf6fc549827085271c38edc570b4f1cbf1
subprocess-logs/0498-jdk23_debug_DirectInstanceRawParam_jadx-javac.stdout	e3b0c44298fc1c149afbf4c8996fb92427ae41e4649b934ca495991b7852b855
subprocess-logs/0499-jdk23_debug_DirectInstanceRawParam_jadx-verify-run.stderr	e3b0c44298fc1c149afbf4c8996fb92427ae41e4649b934ca495991b7852b855
subprocess-logs/0499-jdk23_debug_DirectInstanceRawParam_jadx-verify-run.stdout	b3cda9506188b60dd9d215bc5efd1dafb315f344e7cea3910361ebe407f0cc9b
subprocess-logs/0500-jdk23_no-debug_DirectInstanceRawParam_jar-contents.stderr	e3b0c44298fc1c149afbf4c8996fb92427ae41e4649b934ca495991b7852b855
subprocess-logs/0500-jdk23_no-debug_DirectInstanceRawParam_jar-contents.stdout	fc15d4455024ee977b4d1922c14c180928c2138e1582c5adccbb1d8fe3953218
subprocess-logs/0501-jdk23_no-debug_DirectInstanceRawParam_original-javac.stderr	6d0055fa613fc7fc277efc859a67e566b8a0f51ab180da58f06fc254b12c2dc6
subprocess-logs/0501-jdk23_no-debug_DirectInstanceRawParam_original-javac.stdout	e3b0c44298fc1c149afbf4c8996fb92427ae41e4649b934ca495991b7852b855
subprocess-logs/0502-jdk23_no-debug_DirectInstanceRawParam_javap.stderr	e3b0c44298fc1c149afbf4c8996fb92427ae41e4649b934ca495991b7852b855
subprocess-logs/0502-jdk23_no-debug_DirectInstanceRawParam_javap.stdout	86b769b524ec33859cadd81aa8555413bab468a4f6c6fb443e23e3bcfd337a1b
subprocess-logs/0503-jdk23_no-debug_DirectInstanceRawParam_original-probe-javac.stderr	4f875b75f0bac1d971d8fc3ab19a64d5d92273f61235f2bb734eed34ab07458f
subprocess-logs/0503-jdk23_no-debug_DirectInstanceRawParam_original-probe-javac.stdout	e3b0c44298fc1c149afbf4c8996fb92427ae41e4649b934ca495991b7852b855
subprocess-logs/0504-jdk23_no-debug_DirectInstanceRawParam_original-run.stderr	e3b0c44298fc1c149afbf4c8996fb92427ae41e4649b934ca495991b7852b855
subprocess-logs/0504-jdk23_no-debug_DirectInstanceRawParam_original-run.stdout	9358c79b8f63417a168963e9dc02e1e1359ee5bda8614638bec755f01d5683be
subprocess-logs/0505-jdk23_no-debug_DirectInstanceRawParam_jarde-DirectInstanceRawParam.stderr	70bcea8aa4623e39c894aa805701c34ba42c28615b9c829db1ef58b4f37ec72d
subprocess-logs/0505-jdk23_no-debug_DirectInstanceRawParam_jarde-DirectInstanceRawParam.stdout	4a94736315b6eae244e0c86bd52673d4184206d783c03a281542fea7858efed2
subprocess-logs/0506-jdk23_no-debug_DirectInstanceRawParam_jarde-javac.stderr	54ae22907fc3028b8e30841a0db566724be84ecd92f89fcf445ede6114f7c23c
subprocess-logs/0506-jdk23_no-debug_DirectInstanceRawParam_jarde-javac.stdout	e3b0c44298fc1c149afbf4c8996fb92427ae41e4649b934ca495991b7852b855
subprocess-logs/0507-jdk23_no-debug_DirectInstanceRawParam_jarde-verify-run.stderr	e3b0c44298fc1c149afbf4c8996fb92427ae41e4649b934ca495991b7852b855
subprocess-logs/0507-jdk23_no-debug_DirectInstanceRawParam_jarde-verify-run.stdout	9358c79b8f63417a168963e9dc02e1e1359ee5bda8614638bec755f01d5683be
subprocess-logs/0508-jdk23_no-debug_DirectInstanceRawParam_jadx.stderr	e3b0c44298fc1c149afbf4c8996fb92427ae41e4649b934ca495991b7852b855
subprocess-logs/0508-jdk23_no-debug_DirectInstanceRawParam_jadx.stdout	13de46fc4c2ec26d1c7faef4595702de00096723a35ca5dcfa7befbf217ad637
subprocess-logs/0509-jdk23_no-debug_DirectInstanceRawParam_jadx-javac.stderr	56836c92dc03298da1ea128d450a3b35f759da352c3f5b8e267a3f1b7c797b39
subprocess-logs/0509-jdk23_no-debug_DirectInstanceRawParam_jadx-javac.stdout	e3b0c44298fc1c149afbf4c8996fb92427ae41e4649b934ca495991b7852b855
subprocess-logs/0510-jdk23_no-debug_DirectInstanceRawParam_jadx-verify-run.stderr	e3b0c44298fc1c149afbf4c8996fb92427ae41e4649b934ca495991b7852b855
subprocess-logs/0510-jdk23_no-debug_DirectInstanceRawParam_jadx-verify-run.stdout	b3cda9506188b60dd9d215bc5efd1dafb315f344e7cea3910361ebe407f0cc9b
subprocess-logs/0511-jdk23_debug_WideRawParam_jar-contents.stderr	e3b0c44298fc1c149afbf4c8996fb92427ae41e4649b934ca495991b7852b855
subprocess-logs/0511-jdk23_debug_WideRawParam_jar-contents.stdout	c7b383a50ec45946ad9d59c86fa09aeb20831c235da656e4fb4c89f12a7bd588
subprocess-logs/0512-jdk23_debug_WideRawParam_original-javac.stderr	5984210921671ac4f716987bfb7b3a0587e0070a86c3537c51330e2be75448de
subprocess-logs/0512-jdk23_debug_WideRawParam_original-javac.stdout	e3b0c44298fc1c149afbf4c8996fb92427ae41e4649b934ca495991b7852b855
subprocess-logs/0513-jdk23_debug_WideRawParam_javap.stderr	e3b0c44298fc1c149afbf4c8996fb92427ae41e4649b934ca495991b7852b855
subprocess-logs/0513-jdk23_debug_WideRawParam_javap.stdout	32e088383eb2592a9d7024fdad617672d9dd852f63dc5c9f6c519674a14fbf1a
subprocess-logs/0514-jdk23_debug_WideRawParam_original-probe-javac.stderr	4f875b75f0bac1d971d8fc3ab19a64d5d92273f61235f2bb734eed34ab07458f
subprocess-logs/0514-jdk23_debug_WideRawParam_original-probe-javac.stdout	e3b0c44298fc1c149afbf4c8996fb92427ae41e4649b934ca495991b7852b855
subprocess-logs/0515-jdk23_debug_WideRawParam_original-run.stderr	e3b0c44298fc1c149afbf4c8996fb92427ae41e4649b934ca495991b7852b855
subprocess-logs/0515-jdk23_debug_WideRawParam_original-run.stdout	9b6ad934d85edae64408a458838c3e4654befd592a41b43cedf7710c2e9b1512
subprocess-logs/0516-jdk23_debug_WideRawParam_jarde-WideRawParam.stderr	fab562df03c4c13c480042f60322527b628c06c667a641dc7590bc8e8c594b48
subprocess-logs/0516-jdk23_debug_WideRawParam_jarde-WideRawParam.stdout	a8c2366e3a709f7941c00dff72d5921e0b3e9772cd7195d3caf1094bb0a95be9
subprocess-logs/0517-jdk23_debug_WideRawParam_jarde-javac.stderr	77fe0647dd52c85b28c19bf1e123a17e179b91b68339b9600c7c1a34cf56f6fb
subprocess-logs/0517-jdk23_debug_WideRawParam_jarde-javac.stdout	e3b0c44298fc1c149afbf4c8996fb92427ae41e4649b934ca495991b7852b855
subprocess-logs/0518-jdk23_debug_WideRawParam_jarde-verify-run.stderr	e3b0c44298fc1c149afbf4c8996fb92427ae41e4649b934ca495991b7852b855
subprocess-logs/0518-jdk23_debug_WideRawParam_jarde-verify-run.stdout	9b6ad934d85edae64408a458838c3e4654befd592a41b43cedf7710c2e9b1512
subprocess-logs/0519-jdk23_debug_WideRawParam_jadx.stderr	e3b0c44298fc1c149afbf4c8996fb92427ae41e4649b934ca495991b7852b855
subprocess-logs/0519-jdk23_debug_WideRawParam_jadx.stdout	2058764d2f6f58a2aa13abb0dba82d2bd4df2540e9ac416d7aa253ec9e660274
subprocess-logs/0520-jdk23_debug_WideRawParam_jadx-javac.stderr	0b311368163a3a12e5e4176d4ba2731e2e159d583164eabfcd12468b3e4f2703
subprocess-logs/0520-jdk23_debug_WideRawParam_jadx-javac.stdout	e3b0c44298fc1c149afbf4c8996fb92427ae41e4649b934ca495991b7852b855
subprocess-logs/0521-jdk23_debug_WideRawParam_jadx-verify-run.stderr	e3b0c44298fc1c149afbf4c8996fb92427ae41e4649b934ca495991b7852b855
subprocess-logs/0521-jdk23_debug_WideRawParam_jadx-verify-run.stdout	bb098a483d7226c3ef490fd7d5502cfaae0fa2dc00a248054971f81a95f5b14e
subprocess-logs/0522-jdk23_no-debug_WideRawParam_jar-contents.stderr	e3b0c44298fc1c149afbf4c8996fb92427ae41e4649b934ca495991b7852b855
subprocess-logs/0522-jdk23_no-debug_WideRawParam_jar-contents.stdout	c7b383a50ec45946ad9d59c86fa09aeb20831c235da656e4fb4c89f12a7bd588
subprocess-logs/0523-jdk23_no-debug_WideRawParam_original-javac.stderr	5984210921671ac4f716987bfb7b3a0587e0070a86c3537c51330e2be75448de
subprocess-logs/0523-jdk23_no-debug_WideRawParam_original-javac.stdout	e3b0c44298fc1c149afbf4c8996fb92427ae41e4649b934ca495991b7852b855
subprocess-logs/0524-jdk23_no-debug_WideRawParam_javap.stderr	e3b0c44298fc1c149afbf4c8996fb92427ae41e4649b934ca495991b7852b855
subprocess-logs/0524-jdk23_no-debug_WideRawParam_javap.stdout	8040f386f71de3028b172bcf3c865af0c91588114f3b077d990cb692bcaa77d8
subprocess-logs/0525-jdk23_no-debug_WideRawParam_original-probe-javac.stderr	4f875b75f0bac1d971d8fc3ab19a64d5d92273f61235f2bb734eed34ab07458f
subprocess-logs/0525-jdk23_no-debug_WideRawParam_original-probe-javac.stdout	e3b0c44298fc1c149afbf4c8996fb92427ae41e4649b934ca495991b7852b855
subprocess-logs/0526-jdk23_no-debug_WideRawParam_original-run.stderr	e3b0c44298fc1c149afbf4c8996fb92427ae41e4649b934ca495991b7852b855
subprocess-logs/0526-jdk23_no-debug_WideRawParam_original-run.stdout	9b6ad934d85edae64408a458838c3e4654befd592a41b43cedf7710c2e9b1512
subprocess-logs/0527-jdk23_no-debug_WideRawParam_jarde-WideRawParam.stderr	d2be74eaf61da6b3eb3d3ffd6f69687f63a7737b1979448c3db33fe42e30e3fa
subprocess-logs/0527-jdk23_no-debug_WideRawParam_jarde-WideRawParam.stdout	1fffb038dc24c28f794c348a356b25bf8f3cac2017e72733ba1b38208c722010
subprocess-logs/0528-jdk23_no-debug_WideRawParam_jarde-javac.stderr	d6a5d32bbd93a6b5d4c7af280735905a311d9645a9068caf001b8b539c74b863
subprocess-logs/0528-jdk23_no-debug_WideRawParam_jarde-javac.stdout	e3b0c44298fc1c149afbf4c8996fb92427ae41e4649b934ca495991b7852b855
subprocess-logs/0529-jdk23_no-debug_WideRawParam_jarde-verify-run.stderr	e3b0c44298fc1c149afbf4c8996fb92427ae41e4649b934ca495991b7852b855
subprocess-logs/0529-jdk23_no-debug_WideRawParam_jarde-verify-run.stdout	9b6ad934d85edae64408a458838c3e4654befd592a41b43cedf7710c2e9b1512
subprocess-logs/0530-jdk23_no-debug_WideRawParam_jadx.stderr	e3b0c44298fc1c149afbf4c8996fb92427ae41e4649b934ca495991b7852b855
subprocess-logs/0530-jdk23_no-debug_WideRawParam_jadx.stdout	925a2ccf3d80b344648ec4f163851873a33247547891e970a8a09fd899575628
subprocess-logs/0531-jdk23_no-debug_WideRawParam_jadx-javac.stderr	36118a03d6e094bc616acbe6c637bcfb226261cbb996123bb2b3feed8e9d45f8
subprocess-logs/0531-jdk23_no-debug_WideRawParam_jadx-javac.stdout	e3b0c44298fc1c149afbf4c8996fb92427ae41e4649b934ca495991b7852b855
subprocess-logs/0532-jdk23_no-debug_WideRawParam_jadx-verify-run.stderr	e3b0c44298fc1c149afbf4c8996fb92427ae41e4649b934ca495991b7852b855
subprocess-logs/0532-jdk23_no-debug_WideRawParam_jadx-verify-run.stdout	bb098a483d7226c3ef490fd7d5502cfaae0fa2dc00a248054971f81a95f5b14e
subprocess-logs/0533-jdk23_debug_ArrayRawParam_jar-contents.stderr	e3b0c44298fc1c149afbf4c8996fb92427ae41e4649b934ca495991b7852b855
subprocess-logs/0533-jdk23_debug_ArrayRawParam_jar-contents.stdout	3158ddd8210c312dd495e4f4bed9c58b47a294ca772f97d51d89a67d7715ebc7
subprocess-logs/0534-jdk23_debug_ArrayRawParam_original-javac.stderr	0a4c58e120bd162e228f1d4f2607e9b5b7ee84ff22f1c569ac3088c3b45c6e8f
subprocess-logs/0534-jdk23_debug_ArrayRawParam_original-javac.stdout	e3b0c44298fc1c149afbf4c8996fb92427ae41e4649b934ca495991b7852b855
subprocess-logs/0535-jdk23_debug_ArrayRawParam_javap.stderr	e3b0c44298fc1c149afbf4c8996fb92427ae41e4649b934ca495991b7852b855
subprocess-logs/0535-jdk23_debug_ArrayRawParam_javap.stdout	545cc0ed9cd4ee5a3dfd9cd36bc2ea9f99b43a4f296001fa1ba87c4e70461483
subprocess-logs/0536-jdk23_debug_ArrayRawParam_original-probe-javac.stderr	4f875b75f0bac1d971d8fc3ab19a64d5d92273f61235f2bb734eed34ab07458f
subprocess-logs/0536-jdk23_debug_ArrayRawParam_original-probe-javac.stdout	e3b0c44298fc1c149afbf4c8996fb92427ae41e4649b934ca495991b7852b855
subprocess-logs/0537-jdk23_debug_ArrayRawParam_original-run.stderr	e3b0c44298fc1c149afbf4c8996fb92427ae41e4649b934ca495991b7852b855
subprocess-logs/0537-jdk23_debug_ArrayRawParam_original-run.stdout	d51f3b7d45328701a337bb2285770bcd1cf8f2179c66734c318010571e65ac8b
subprocess-logs/0538-jdk23_debug_ArrayRawParam_jarde-ArrayRawParam.stderr	03e7c11475ee94d0373a503ecd87c3141d4b24f049e473bed105127b6a6a2852
subprocess-logs/0538-jdk23_debug_ArrayRawParam_jarde-ArrayRawParam.stdout	c8c72849f11741a77f70b21b0436745c69e7f2e9d60ae7c7724adfd147a8faab
subprocess-logs/0539-jdk23_debug_ArrayRawParam_jarde-javac.stderr	41cbe16d499b6b722d6f75cb9ec13eb8e467eecfd2f2cda06a36718ce0be40ba
subprocess-logs/0539-jdk23_debug_ArrayRawParam_jarde-javac.stdout	e3b0c44298fc1c149afbf4c8996fb92427ae41e4649b934ca495991b7852b855
subprocess-logs/0540-jdk23_debug_ArrayRawParam_jarde-verify-run.stderr	e3b0c44298fc1c149afbf4c8996fb92427ae41e4649b934ca495991b7852b855
subprocess-logs/0540-jdk23_debug_ArrayRawParam_jarde-verify-run.stdout	d51f3b7d45328701a337bb2285770bcd1cf8f2179c66734c318010571e65ac8b
subprocess-logs/0541-jdk23_debug_ArrayRawParam_jadx.stderr	e3b0c44298fc1c149afbf4c8996fb92427ae41e4649b934ca495991b7852b855
subprocess-logs/0541-jdk23_debug_ArrayRawParam_jadx.stdout	caf7a98111a083099896f98dbcbfdccfbb8d54295dbf8eb717911d3596337d68
subprocess-logs/0542-jdk23_debug_ArrayRawParam_jadx-javac.stderr	1ce66306e7a02b67b03c8fbe59f7ca5ab3e1dd287bf48b39f36b18a4141931da
subprocess-logs/0542-jdk23_debug_ArrayRawParam_jadx-javac.stdout	e3b0c44298fc1c149afbf4c8996fb92427ae41e4649b934ca495991b7852b855
subprocess-logs/0543-jdk23_debug_ArrayRawParam_jadx-verify-run.stderr	e3b0c44298fc1c149afbf4c8996fb92427ae41e4649b934ca495991b7852b855
subprocess-logs/0543-jdk23_debug_ArrayRawParam_jadx-verify-run.stdout	65890eea8fe7c3065fbc2f644c7253d5354fdffeba56efc1a47107d7914063b6
subprocess-logs/0544-jdk23_no-debug_ArrayRawParam_jar-contents.stderr	e3b0c44298fc1c149afbf4c8996fb92427ae41e4649b934ca495991b7852b855
subprocess-logs/0544-jdk23_no-debug_ArrayRawParam_jar-contents.stdout	3158ddd8210c312dd495e4f4bed9c58b47a294ca772f97d51d89a67d7715ebc7
subprocess-logs/0545-jdk23_no-debug_ArrayRawParam_original-javac.stderr	0a4c58e120bd162e228f1d4f2607e9b5b7ee84ff22f1c569ac3088c3b45c6e8f
subprocess-logs/0545-jdk23_no-debug_ArrayRawParam_original-javac.stdout	e3b0c44298fc1c149afbf4c8996fb92427ae41e4649b934ca495991b7852b855
subprocess-logs/0546-jdk23_no-debug_ArrayRawParam_javap.stderr	e3b0c44298fc1c149afbf4c8996fb92427ae41e4649b934ca495991b7852b855
subprocess-logs/0546-jdk23_no-debug_ArrayRawParam_javap.stdout	76131af95db7c4c709ae0a1ac1f17e1941539e37fef78db6fe7c544ea40a3f77
subprocess-logs/0547-jdk23_no-debug_ArrayRawParam_original-probe-javac.stderr	4f875b75f0bac1d971d8fc3ab19a64d5d92273f61235f2bb734eed34ab07458f
subprocess-logs/0547-jdk23_no-debug_ArrayRawParam_original-probe-javac.stdout	e3b0c44298fc1c149afbf4c8996fb92427ae41e4649b934ca495991b7852b855
subprocess-logs/0548-jdk23_no-debug_ArrayRawParam_original-run.stderr	e3b0c44298fc1c149afbf4c8996fb92427ae41e4649b934ca495991b7852b855
subprocess-logs/0548-jdk23_no-debug_ArrayRawParam_original-run.stdout	d51f3b7d45328701a337bb2285770bcd1cf8f2179c66734c318010571e65ac8b
subprocess-logs/0549-jdk23_no-debug_ArrayRawParam_jarde-ArrayRawParam.stderr	125202f892a6151582e6aa3231c78c73c18c36221c046e1f024a3322aacc0641
subprocess-logs/0549-jdk23_no-debug_ArrayRawParam_jarde-ArrayRawParam.stdout	6eca13086c3cca27c7ef5ed7c3ebc60b7bd9d8daada5cdd7d9c1eb80bf88c0bf
subprocess-logs/0550-jdk23_no-debug_ArrayRawParam_jarde-javac.stderr	0d4823dae49748c18ee2e7191f908ffd7555a5df55dbd18518638ae778130352
subprocess-logs/0550-jdk23_no-debug_ArrayRawParam_jarde-javac.stdout	e3b0c44298fc1c149afbf4c8996fb92427ae41e4649b934ca495991b7852b855
subprocess-logs/0551-jdk23_no-debug_ArrayRawParam_jarde-verify-run.stderr	e3b0c44298fc1c149afbf4c8996fb92427ae41e4649b934ca495991b7852b855
subprocess-logs/0551-jdk23_no-debug_ArrayRawParam_jarde-verify-run.stdout	d51f3b7d45328701a337bb2285770bcd1cf8f2179c66734c318010571e65ac8b
subprocess-logs/0552-jdk23_no-debug_ArrayRawParam_jadx.stderr	e3b0c44298fc1c149afbf4c8996fb92427ae41e4649b934ca495991b7852b855
subprocess-logs/0552-jdk23_no-debug_ArrayRawParam_jadx.stdout	e645ce6eb3380234a332924e126e438546d5d739420a0abb82c8a3c2d8e02ef2
subprocess-logs/0553-jdk23_no-debug_ArrayRawParam_jadx-javac.stderr	00e357831efe30cab886074a2554e4fec2d556f1f4f5e4a901ef76cee62b3646
subprocess-logs/0553-jdk23_no-debug_ArrayRawParam_jadx-javac.stdout	e3b0c44298fc1c149afbf4c8996fb92427ae41e4649b934ca495991b7852b855
subprocess-logs/0554-jdk23_no-debug_ArrayRawParam_jadx-verify-run.stderr	e3b0c44298fc1c149afbf4c8996fb92427ae41e4649b934ca495991b7852b855
subprocess-logs/0554-jdk23_no-debug_ArrayRawParam_jadx-verify-run.stdout	65890eea8fe7c3065fbc2f644c7253d5354fdffeba56efc1a47107d7914063b6
subprocess-logs/0555-jdk23_debug_Array2DRawParam_jar-contents.stderr	e3b0c44298fc1c149afbf4c8996fb92427ae41e4649b934ca495991b7852b855
subprocess-logs/0555-jdk23_debug_Array2DRawParam_jar-contents.stdout	86b3231e464de56fb31cc21b9c23fd1d14d9545fe2f4454953b325583d420684
subprocess-logs/0556-jdk23_debug_Array2DRawParam_original-javac.stderr	f704b58cfd8f85c8131e8711005a0133d70940c91518cb202bb3b8cee38f43ea
subprocess-logs/0556-jdk23_debug_Array2DRawParam_original-javac.stdout	e3b0c44298fc1c149afbf4c8996fb92427ae41e4649b934ca495991b7852b855
subprocess-logs/0557-jdk23_debug_Array2DRawParam_javap.stderr	e3b0c44298fc1c149afbf4c8996fb92427ae41e4649b934ca495991b7852b855
subprocess-logs/0557-jdk23_debug_Array2DRawParam_javap.stdout	d3e7d59ed9de6427484423766e890742100e50539680c5500ba76a78e978aee4
subprocess-logs/0558-jdk23_debug_Array2DRawParam_original-probe-javac.stderr	4f875b75f0bac1d971d8fc3ab19a64d5d92273f61235f2bb734eed34ab07458f
subprocess-logs/0558-jdk23_debug_Array2DRawParam_original-probe-javac.stdout	e3b0c44298fc1c149afbf4c8996fb92427ae41e4649b934ca495991b7852b855
subprocess-logs/0559-jdk23_debug_Array2DRawParam_original-run.stderr	e3b0c44298fc1c149afbf4c8996fb92427ae41e4649b934ca495991b7852b855
subprocess-logs/0559-jdk23_debug_Array2DRawParam_original-run.stdout	f48a2d307b1f6c7abb8d91e7a8ed8a5ccc87d07c1114588c08ddfb0808240329
subprocess-logs/0560-jdk23_debug_Array2DRawParam_jarde-Array2DRawParam.stderr	b6c457ac00a05c4e62549a3d6336cc514f1d720ed72b9b59081a07de3cfd5ab0
subprocess-logs/0560-jdk23_debug_Array2DRawParam_jarde-Array2DRawParam.stdout	d4ba813f6f198eed97a53a5c193bca2f69698ce49b7a93aa69e279e7c27acb62
subprocess-logs/0561-jdk23_debug_Array2DRawParam_jarde-javac.stderr	54ae19d419275da3087db427f72f67cd4eae9a5e3329b07a22b3b42d189ea491
subprocess-logs/0561-jdk23_debug_Array2DRawParam_jarde-javac.stdout	e3b0c44298fc1c149afbf4c8996fb92427ae41e4649b934ca495991b7852b855
subprocess-logs/0562-jdk23_debug_Array2DRawParam_jarde-verify-run.stderr	e3b0c44298fc1c149afbf4c8996fb92427ae41e4649b934ca495991b7852b855
subprocess-logs/0562-jdk23_debug_Array2DRawParam_jarde-verify-run.stdout	f48a2d307b1f6c7abb8d91e7a8ed8a5ccc87d07c1114588c08ddfb0808240329
subprocess-logs/0563-jdk23_debug_Array2DRawParam_jadx.stderr	e3b0c44298fc1c149afbf4c8996fb92427ae41e4649b934ca495991b7852b855
subprocess-logs/0563-jdk23_debug_Array2DRawParam_jadx.stdout	08aba5af35699dd31105b7bb4b3548d605538b9561104ced14055360b1c22e98
subprocess-logs/0564-jdk23_debug_Array2DRawParam_jadx-javac.stderr	c789431d67152511726cc0a89b3c3cf14f1d81bcb1248bae2e6ffa6b3b8b433b
subprocess-logs/0564-jdk23_debug_Array2DRawParam_jadx-javac.stdout	e3b0c44298fc1c149afbf4c8996fb92427ae41e4649b934ca495991b7852b855
subprocess-logs/0565-jdk23_debug_Array2DRawParam_jadx-verify-run.stderr	e3b0c44298fc1c149afbf4c8996fb92427ae41e4649b934ca495991b7852b855
subprocess-logs/0565-jdk23_debug_Array2DRawParam_jadx-verify-run.stdout	8a25af8b8504893fffac8c1872e3c93e85925b6aa0b3d9ff5f62750cee2ba267
subprocess-logs/0566-jdk23_no-debug_Array2DRawParam_jar-contents.stderr	e3b0c44298fc1c149afbf4c8996fb92427ae41e4649b934ca495991b7852b855
subprocess-logs/0566-jdk23_no-debug_Array2DRawParam_jar-contents.stdout	86b3231e464de56fb31cc21b9c23fd1d14d9545fe2f4454953b325583d420684
subprocess-logs/0567-jdk23_no-debug_Array2DRawParam_original-javac.stderr	f704b58cfd8f85c8131e8711005a0133d70940c91518cb202bb3b8cee38f43ea
subprocess-logs/0567-jdk23_no-debug_Array2DRawParam_original-javac.stdout	e3b0c44298fc1c149afbf4c8996fb92427ae41e4649b934ca495991b7852b855
subprocess-logs/0568-jdk23_no-debug_Array2DRawParam_javap.stderr	e3b0c44298fc1c149afbf4c8996fb92427ae41e4649b934ca495991b7852b855
subprocess-logs/0568-jdk23_no-debug_Array2DRawParam_javap.stdout	de0dd64fa34b565d95e66c3dd20304a0c61908e78e94815258d484d805894dee
subprocess-logs/0569-jdk23_no-debug_Array2DRawParam_original-probe-javac.stderr	4f875b75f0bac1d971d8fc3ab19a64d5d92273f61235f2bb734eed34ab07458f
subprocess-logs/0569-jdk23_no-debug_Array2DRawParam_original-probe-javac.stdout	e3b0c44298fc1c149afbf4c8996fb92427ae41e4649b934ca495991b7852b855
subprocess-logs/0570-jdk23_no-debug_Array2DRawParam_original-run.stderr	e3b0c44298fc1c149afbf4c8996fb92427ae41e4649b934ca495991b7852b855
subprocess-logs/0570-jdk23_no-debug_Array2DRawParam_original-run.stdout	f48a2d307b1f6c7abb8d91e7a8ed8a5ccc87d07c1114588c08ddfb0808240329
subprocess-logs/0571-jdk23_no-debug_Array2DRawParam_jarde-Array2DRawParam.stderr	486201881a19e8b214becad9efa76613dbd72e7e5643126fd8a716565d6e47e7
subprocess-logs/0571-jdk23_no-debug_Array2DRawParam_jarde-Array2DRawParam.stdout	84b51bbf39ee444117977442cc40e3d8c27a72fb65b6164c7b2fbdfcc4eae13c
subprocess-logs/0572-jdk23_no-debug_Array2DRawParam_jarde-javac.stderr	912592b5ea93a4f804cc7756ad2b5ce89bce074e9a28e7c544f89f957a970d26
subprocess-logs/0572-jdk23_no-debug_Array2DRawParam_jarde-javac.stdout	e3b0c44298fc1c149afbf4c8996fb92427ae41e4649b934ca495991b7852b855
subprocess-logs/0573-jdk23_no-debug_Array2DRawParam_jarde-verify-run.stderr	e3b0c44298fc1c149afbf4c8996fb92427ae41e4649b934ca495991b7852b855
subprocess-logs/0573-jdk23_no-debug_Array2DRawParam_jarde-verify-run.stdout	f48a2d307b1f6c7abb8d91e7a8ed8a5ccc87d07c1114588c08ddfb0808240329
subprocess-logs/0574-jdk23_no-debug_Array2DRawParam_jadx.stderr	e3b0c44298fc1c149afbf4c8996fb92427ae41e4649b934ca495991b7852b855
subprocess-logs/0574-jdk23_no-debug_Array2DRawParam_jadx.stdout	7b735cd422b97f82b07e21706b899af1b45448d5aaa0a06a4d3613df2bd34aec
subprocess-logs/0575-jdk23_no-debug_Array2DRawParam_jadx-javac.stderr	0882a7718a66b1f3a982411ab08f5173afa3e54c1a579d4b82e1920a2eacbb86
subprocess-logs/0575-jdk23_no-debug_Array2DRawParam_jadx-javac.stdout	e3b0c44298fc1c149afbf4c8996fb92427ae41e4649b934ca495991b7852b855
subprocess-logs/0576-jdk23_no-debug_Array2DRawParam_jadx-verify-run.stderr	e3b0c44298fc1c149afbf4c8996fb92427ae41e4649b934ca495991b7852b855
subprocess-logs/0576-jdk23_no-debug_Array2DRawParam_jadx-verify-run.stdout	8a25af8b8504893fffac8c1872e3c93e85925b6aa0b3d9ff5f62750cee2ba267
subprocess-logs/0577-jdk23_debug_PrimitiveArrayRawParam_jar-contents.stderr	e3b0c44298fc1c149afbf4c8996fb92427ae41e4649b934ca495991b7852b855
subprocess-logs/0577-jdk23_debug_PrimitiveArrayRawParam_jar-contents.stdout	91705ed612b1ad8f23b13ed6271590bfefda591510c739ce0052bb665848cb44
subprocess-logs/0578-jdk23_debug_PrimitiveArrayRawParam_original-javac.stderr	a12896d59d82efa0f427004e9962d3c51b7d1f01cc0115170859fd5011ab8ea4
subprocess-logs/0578-jdk23_debug_PrimitiveArrayRawParam_original-javac.stdout	e3b0c44298fc1c149afbf4c8996fb92427ae41e4649b934ca495991b7852b855
subprocess-logs/0579-jdk23_debug_PrimitiveArrayRawParam_javap.stderr	e3b0c44298fc1c149afbf4c8996fb92427ae41e4649b934ca495991b7852b855
subprocess-logs/0579-jdk23_debug_PrimitiveArrayRawParam_javap.stdout	0c5e9afe111852818d0ec9547e756192d3bc649e63e7c30af4a83cd8c15c5a88
subprocess-logs/0580-jdk23_debug_PrimitiveArrayRawParam_original-probe-javac.stderr	4f875b75f0bac1d971d8fc3ab19a64d5d92273f61235f2bb734eed34ab07458f
subprocess-logs/0580-jdk23_debug_PrimitiveArrayRawParam_original-probe-javac.stdout	e3b0c44298fc1c149afbf4c8996fb92427ae41e4649b934ca495991b7852b855
subprocess-logs/0581-jdk23_debug_PrimitiveArrayRawParam_original-run.stderr	e3b0c44298fc1c149afbf4c8996fb92427ae41e4649b934ca495991b7852b855
subprocess-logs/0581-jdk23_debug_PrimitiveArrayRawParam_original-run.stdout	e156798549dd3ab3c3eced5fadfdced0789f4ee0e3f65410c291f2c46434dfba
subprocess-logs/0582-jdk23_debug_PrimitiveArrayRawParam_jarde-PrimitiveArrayRawParam.stderr	15ad7ebabd550c755777671df7a2428f64ce825dd107327074fa7144babcce27
subprocess-logs/0582-jdk23_debug_PrimitiveArrayRawParam_jarde-PrimitiveArrayRawParam.stdout	ca19f53923fbfb66917c75ea83f0d5053343cf8c6aa62b562778ef54d5028a26
subprocess-logs/0583-jdk23_debug_PrimitiveArrayRawParam_jarde-javac.stderr	0876838a6dfb13adac937330c301dd83be1d1293238c2d8578b405b7e7e83307
subprocess-logs/0583-jdk23_debug_PrimitiveArrayRawParam_jarde-javac.stdout	e3b0c44298fc1c149afbf4c8996fb92427ae41e4649b934ca495991b7852b855
subprocess-logs/0584-jdk23_debug_PrimitiveArrayRawParam_jarde-verify-run.stderr	e3b0c44298fc1c149afbf4c8996fb92427ae41e4649b934ca495991b7852b855
subprocess-logs/0584-jdk23_debug_PrimitiveArrayRawParam_jarde-verify-run.stdout	e156798549dd3ab3c3eced5fadfdced0789f4ee0e3f65410c291f2c46434dfba
subprocess-logs/0585-jdk23_debug_PrimitiveArrayRawParam_jadx.stderr	e3b0c44298fc1c149afbf4c8996fb92427ae41e4649b934ca495991b7852b855
subprocess-logs/0585-jdk23_debug_PrimitiveArrayRawParam_jadx.stdout	fd0732ca39bf2f2bc9fce068f568687b6af606601f48ae2dd6559d8e1c4c088c
subprocess-logs/0586-jdk23_debug_PrimitiveArrayRawParam_jadx-javac.stderr	4403b361107c7aa93efd3e4ea755de4462a767bfa4573ac928213d1844181bb3
subprocess-logs/0586-jdk23_debug_PrimitiveArrayRawParam_jadx-javac.stdout	e3b0c44298fc1c149afbf4c8996fb92427ae41e4649b934ca495991b7852b855
subprocess-logs/0587-jdk23_debug_PrimitiveArrayRawParam_jadx-verify-run.stderr	e3b0c44298fc1c149afbf4c8996fb92427ae41e4649b934ca495991b7852b855
subprocess-logs/0587-jdk23_debug_PrimitiveArrayRawParam_jadx-verify-run.stdout	8dbde5389e6da69a121d5ad297157ee52bcb682d49d75d8a4bc7844fd4d1d1e8
subprocess-logs/0588-jdk23_no-debug_PrimitiveArrayRawParam_jar-contents.stderr	e3b0c44298fc1c149afbf4c8996fb92427ae41e4649b934ca495991b7852b855
subprocess-logs/0588-jdk23_no-debug_PrimitiveArrayRawParam_jar-contents.stdout	91705ed612b1ad8f23b13ed6271590bfefda591510c739ce0052bb665848cb44
subprocess-logs/0589-jdk23_no-debug_PrimitiveArrayRawParam_original-javac.stderr	a12896d59d82efa0f427004e9962d3c51b7d1f01cc0115170859fd5011ab8ea4
subprocess-logs/0589-jdk23_no-debug_PrimitiveArrayRawParam_original-javac.stdout	e3b0c44298fc1c149afbf4c8996fb92427ae41e4649b934ca495991b7852b855
subprocess-logs/0590-jdk23_no-debug_PrimitiveArrayRawParam_javap.stderr	e3b0c44298fc1c149afbf4c8996fb92427ae41e4649b934ca495991b7852b855
subprocess-logs/0590-jdk23_no-debug_PrimitiveArrayRawParam_javap.stdout	46921aa1b278c7e676eeb72ee249cc5b9b5c6ce85a313d320faa4514e476c6ae
subprocess-logs/0591-jdk23_no-debug_PrimitiveArrayRawParam_original-probe-javac.stderr	4f875b75f0bac1d971d8fc3ab19a64d5d92273f61235f2bb734eed34ab07458f
subprocess-logs/0591-jdk23_no-debug_PrimitiveArrayRawParam_original-probe-javac.stdout	e3b0c44298fc1c149afbf4c8996fb92427ae41e4649b934ca495991b7852b855
subprocess-logs/0592-jdk23_no-debug_PrimitiveArrayRawParam_original-run.stderr	e3b0c44298fc1c149afbf4c8996fb92427ae41e4649b934ca495991b7852b855
subprocess-logs/0592-jdk23_no-debug_PrimitiveArrayRawParam_original-run.stdout	e156798549dd3ab3c3eced5fadfdced0789f4ee0e3f65410c291f2c46434dfba
subprocess-logs/0593-jdk23_no-debug_PrimitiveArrayRawParam_jarde-PrimitiveArrayRawParam.stderr	60c1613d06d620d8c76bce94461113658e7ebf84384e6148f0bda5a9da70dab7
subprocess-logs/0593-jdk23_no-debug_PrimitiveArrayRawParam_jarde-PrimitiveArrayRawParam.stdout	90298d00e9daee2bf9bea1ca50260dee0b170c49e8bc25e85ffbce8789fa2c77
subprocess-logs/0594-jdk23_no-debug_PrimitiveArrayRawParam_jarde-javac.stderr	b22a35f23f1ae24f0e392ae9003cceca7338eda8bbd034a25bf55f7a7a719fa5
subprocess-logs/0594-jdk23_no-debug_PrimitiveArrayRawParam_jarde-javac.stdout	e3b0c44298fc1c149afbf4c8996fb92427ae41e4649b934ca495991b7852b855
subprocess-logs/0595-jdk23_no-debug_PrimitiveArrayRawParam_jarde-verify-run.stderr	e3b0c44298fc1c149afbf4c8996fb92427ae41e4649b934ca495991b7852b855
subprocess-logs/0595-jdk23_no-debug_PrimitiveArrayRawParam_jarde-verify-run.stdout	e156798549dd3ab3c3eced5fadfdced0789f4ee0e3f65410c291f2c46434dfba
subprocess-logs/0596-jdk23_no-debug_PrimitiveArrayRawParam_jadx.stderr	e3b0c44298fc1c149afbf4c8996fb92427ae41e4649b934ca495991b7852b855
subprocess-logs/0596-jdk23_no-debug_PrimitiveArrayRawParam_jadx.stdout	b18cfd9ead644af885e5683ab5998dfd93981f3ac97f8db5686329d72c71d37a
subprocess-logs/0597-jdk23_no-debug_PrimitiveArrayRawParam_jadx-javac.stderr	78516e9308f81fa963a132be2bbe7e65498f87d503eacfa6df6c7ffcd24293ee
subprocess-logs/0597-jdk23_no-debug_PrimitiveArrayRawParam_jadx-javac.stdout	e3b0c44298fc1c149afbf4c8996fb92427ae41e4649b934ca495991b7852b855
subprocess-logs/0598-jdk23_no-debug_PrimitiveArrayRawParam_jadx-verify-run.stderr	e3b0c44298fc1c149afbf4c8996fb92427ae41e4649b934ca495991b7852b855
subprocess-logs/0598-jdk23_no-debug_PrimitiveArrayRawParam_jadx-verify-run.stdout	8dbde5389e6da69a121d5ad297157ee52bcb682d49d75d8a4bc7844fd4d1d1e8
subprocess-logs/0599-jdk23_debug_BoundRawParam_jar-contents.stderr	e3b0c44298fc1c149afbf4c8996fb92427ae41e4649b934ca495991b7852b855
subprocess-logs/0599-jdk23_debug_BoundRawParam_jar-contents.stdout	075878ec5b85246aaaf568037703e8c8504af213c36e979109d2de5461da85a9
subprocess-logs/0600-jdk23_debug_BoundRawParam_original-javac.stderr	db505fdd45bd9b9efa124f9b88456aa2b6bde26402e63e4f8a6d13f0854698e2
subprocess-logs/0600-jdk23_debug_BoundRawParam_original-javac.stdout	e3b0c44298fc1c149afbf4c8996fb92427ae41e4649b934ca495991b7852b855
subprocess-logs/0601-jdk23_debug_BoundRawParam_javap.stderr	e3b0c44298fc1c149afbf4c8996fb92427ae41e4649b934ca495991b7852b855
subprocess-logs/0601-jdk23_debug_BoundRawParam_javap.stdout	a9cc48530178948b0ef2522222ee87f6fa4b18a9562c438d23c2d4df0f163cec
subprocess-logs/0602-jdk23_debug_BoundRawParam_original-probe-javac.stderr	4f875b75f0bac1d971d8fc3ab19a64d5d92273f61235f2bb734eed34ab07458f
subprocess-logs/0602-jdk23_debug_BoundRawParam_original-probe-javac.stdout	e3b0c44298fc1c149afbf4c8996fb92427ae41e4649b934ca495991b7852b855
subprocess-logs/0603-jdk23_debug_BoundRawParam_original-run.stderr	e3b0c44298fc1c149afbf4c8996fb92427ae41e4649b934ca495991b7852b855
subprocess-logs/0603-jdk23_debug_BoundRawParam_original-run.stdout	0c5cb2a465e5db671d09e57d82dc7d2279cee6ef898da3154a4cac90f5c80de8
subprocess-logs/0604-jdk23_debug_BoundRawParam_jarde-BoundRawParam.stderr	c2ea28f242b74803f6e90945942f861f48537f2cbfa91fcdeae202fa4a44aba2
subprocess-logs/0604-jdk23_debug_BoundRawParam_jarde-BoundRawParam.stdout	6780b9df7fd79af1b6d8e0acb289d0257a77eaa548101c8cfe3fdc3911d66eac
subprocess-logs/0605-jdk23_debug_BoundRawParam_jarde-javac.stderr	e6aa84edeb358a6f8b3f8b5ff375b29f32b80a9e0eff10a702760b8033d58e98
subprocess-logs/0605-jdk23_debug_BoundRawParam_jarde-javac.stdout	e3b0c44298fc1c149afbf4c8996fb92427ae41e4649b934ca495991b7852b855
subprocess-logs/0606-jdk23_debug_BoundRawParam_jarde-verify-run.stderr	e3b0c44298fc1c149afbf4c8996fb92427ae41e4649b934ca495991b7852b855
subprocess-logs/0606-jdk23_debug_BoundRawParam_jarde-verify-run.stdout	0c5cb2a465e5db671d09e57d82dc7d2279cee6ef898da3154a4cac90f5c80de8
subprocess-logs/0607-jdk23_debug_BoundRawParam_jadx.stderr	e3b0c44298fc1c149afbf4c8996fb92427ae41e4649b934ca495991b7852b855
subprocess-logs/0607-jdk23_debug_BoundRawParam_jadx.stdout	772e0cb6c3457bb82f965b1f0afe7595e10636ebbe51c92f06d530e2497ef67c
subprocess-logs/0608-jdk23_debug_BoundRawParam_jadx-javac.stderr	1156b649bbc20fd0fa735e12834b827671bd3a1f153d6b756bb61f842ccaa2f2
subprocess-logs/0608-jdk23_debug_BoundRawParam_jadx-javac.stdout	e3b0c44298fc1c149afbf4c8996fb92427ae41e4649b934ca495991b7852b855
subprocess-logs/0609-jdk23_debug_BoundRawParam_jadx-verify-run.stderr	e3b0c44298fc1c149afbf4c8996fb92427ae41e4649b934ca495991b7852b855
subprocess-logs/0609-jdk23_debug_BoundRawParam_jadx-verify-run.stdout	bdeb71e6ccb9da375831745c55c6fa5137fd29b7007948eecaea74516d6991ca
subprocess-logs/0610-jdk23_no-debug_BoundRawParam_jar-contents.stderr	e3b0c44298fc1c149afbf4c8996fb92427ae41e4649b934ca495991b7852b855
subprocess-logs/0610-jdk23_no-debug_BoundRawParam_jar-contents.stdout	075878ec5b85246aaaf568037703e8c8504af213c36e979109d2de5461da85a9
subprocess-logs/0611-jdk23_no-debug_BoundRawParam_original-javac.stderr	db505fdd45bd9b9efa124f9b88456aa2b6bde26402e63e4f8a6d13f0854698e2
subprocess-logs/0611-jdk23_no-debug_BoundRawParam_original-javac.stdout	e3b0c44298fc1c149afbf4c8996fb92427ae41e4649b934ca495991b7852b855
subprocess-logs/0612-jdk23_no-debug_BoundRawParam_javap.stderr	e3b0c44298fc1c149afbf4c8996fb92427ae41e4649b934ca495991b7852b855
subprocess-logs/0612-jdk23_no-debug_BoundRawParam_javap.stdout	a5cc3eb82c80f8280fbc27eb671f298f44ad55c18b51ebd9fb1b1dfee515319e
subprocess-logs/0613-jdk23_no-debug_BoundRawParam_original-probe-javac.stderr	4f875b75f0bac1d971d8fc3ab19a64d5d92273f61235f2bb734eed34ab07458f
subprocess-logs/0613-jdk23_no-debug_BoundRawParam_original-probe-javac.stdout	e3b0c44298fc1c149afbf4c8996fb92427ae41e4649b934ca495991b7852b855
subprocess-logs/0614-jdk23_no-debug_BoundRawParam_original-run.stderr	e3b0c44298fc1c149afbf4c8996fb92427ae41e4649b934ca495991b7852b855
subprocess-logs/0614-jdk23_no-debug_BoundRawParam_original-run.stdout	0c5cb2a465e5db671d09e57d82dc7d2279cee6ef898da3154a4cac90f5c80de8
subprocess-logs/0615-jdk23_no-debug_BoundRawParam_jarde-BoundRawParam.stderr	b82f4429227e081ef0a0c4fd635b5ad0a7824e0427ec9b2c118b8c369a1c113b
subprocess-logs/0615-jdk23_no-debug_BoundRawParam_jarde-BoundRawParam.stdout	81ee814aa442d16bedb0f72f370830c16ee2069d4e84754453ae15445e258294
subprocess-logs/0616-jdk23_no-debug_BoundRawParam_jarde-javac.stderr	e91c9299c72d7440670d8c46be5206f3009f7abf9b76c7612f94cac522ea12ac
subprocess-logs/0616-jdk23_no-debug_BoundRawParam_jarde-javac.stdout	e3b0c44298fc1c149afbf4c8996fb92427ae41e4649b934ca495991b7852b855
subprocess-logs/0617-jdk23_no-debug_BoundRawParam_jarde-verify-run.stderr	e3b0c44298fc1c149afbf4c8996fb92427ae41e4649b934ca495991b7852b855
subprocess-logs/0617-jdk23_no-debug_BoundRawParam_jarde-verify-run.stdout	0c5cb2a465e5db671d09e57d82dc7d2279cee6ef898da3154a4cac90f5c80de8
subprocess-logs/0618-jdk23_no-debug_BoundRawParam_jadx.stderr	e3b0c44298fc1c149afbf4c8996fb92427ae41e4649b934ca495991b7852b855
subprocess-logs/0618-jdk23_no-debug_BoundRawParam_jadx.stdout	c81e90ef2789c07412a31fa4d9b13606c81d2223a57796ad429d2efb2b5b75a2
subprocess-logs/0619-jdk23_no-debug_BoundRawParam_jadx-javac.stderr	89ce9860c9de16aa55c6d86a4c190bfd6c79fe78e77ce7342dcb2fc229a9f98f
subprocess-logs/0619-jdk23_no-debug_BoundRawParam_jadx-javac.stdout	e3b0c44298fc1c149afbf4c8996fb92427ae41e4649b934ca495991b7852b855
subprocess-logs/0620-jdk23_no-debug_BoundRawParam_jadx-verify-run.stderr	e3b0c44298fc1c149afbf4c8996fb92427ae41e4649b934ca495991b7852b855
subprocess-logs/0620-jdk23_no-debug_BoundRawParam_jadx-verify-run.stdout	bdeb71e6ccb9da375831745c55c6fa5137fd29b7007948eecaea74516d6991ca
subprocess-logs/0621-jdk23_debug_NullRawParam_jar-contents.stderr	e3b0c44298fc1c149afbf4c8996fb92427ae41e4649b934ca495991b7852b855
subprocess-logs/0621-jdk23_debug_NullRawParam_jar-contents.stdout	ec9be3c8fc3cd99b67f4aaee4928989735f2768aa23a4b40308f2268d7274f2c
subprocess-logs/0622-jdk23_debug_NullRawParam_original-javac.stderr	142ae31f012f7500c2f9d50ec9a449f19686005826733b6f6a03739e3c7bbfb9
subprocess-logs/0622-jdk23_debug_NullRawParam_original-javac.stdout	e3b0c44298fc1c149afbf4c8996fb92427ae41e4649b934ca495991b7852b855
subprocess-logs/0623-jdk23_debug_NullRawParam_javap.stderr	e3b0c44298fc1c149afbf4c8996fb92427ae41e4649b934ca495991b7852b855
subprocess-logs/0623-jdk23_debug_NullRawParam_javap.stdout	24639551a84c9f092e03155ca19a00ce4785ab1a0c04ee008338724e5e688749
subprocess-logs/0624-jdk23_debug_NullRawParam_original-probe-javac.stderr	4f875b75f0bac1d971d8fc3ab19a64d5d92273f61235f2bb734eed34ab07458f
subprocess-logs/0624-jdk23_debug_NullRawParam_original-probe-javac.stdout	e3b0c44298fc1c149afbf4c8996fb92427ae41e4649b934ca495991b7852b855
subprocess-logs/0625-jdk23_debug_NullRawParam_original-run.stderr	e3b0c44298fc1c149afbf4c8996fb92427ae41e4649b934ca495991b7852b855
subprocess-logs/0625-jdk23_debug_NullRawParam_original-run.stdout	99432d5aa83e97874597f1a0fde12c2a963ce4099787ae00fd33faff35b18418
subprocess-logs/0626-jdk23_debug_NullRawParam_jarde-NullRawParam.stderr	43d752f60a5edbd792f7df499d1cae4fedebff50d43b2776acc9c482942f74c3
subprocess-logs/0626-jdk23_debug_NullRawParam_jarde-NullRawParam.stdout	f60daa335370ba4b9535a79d8a6039e957fde7f7fbf1179b722b7dff8c1bb168
subprocess-logs/0627-jdk23_debug_NullRawParam_jarde-javac.stderr	7583cb677f3ba642eab85512419177c852115dd4c585660465f51d9a8583bd44
subprocess-logs/0627-jdk23_debug_NullRawParam_jarde-javac.stdout	e3b0c44298fc1c149afbf4c8996fb92427ae41e4649b934ca495991b7852b855
subprocess-logs/0628-jdk23_debug_NullRawParam_jarde-verify-run.stderr	e3b0c44298fc1c149afbf4c8996fb92427ae41e4649b934ca495991b7852b855
subprocess-logs/0628-jdk23_debug_NullRawParam_jarde-verify-run.stdout	99432d5aa83e97874597f1a0fde12c2a963ce4099787ae00fd33faff35b18418
subprocess-logs/0629-jdk23_debug_NullRawParam_jadx.stderr	e3b0c44298fc1c149afbf4c8996fb92427ae41e4649b934ca495991b7852b855
subprocess-logs/0629-jdk23_debug_NullRawParam_jadx.stdout	e1b55eba9350b4ff6dea338873c4f0c8e64a0d7bd3f8c4f3ce011366c5a8f9ed
subprocess-logs/0630-jdk23_debug_NullRawParam_jadx-javac.stderr	ae91fd52d62236b15de6c614abae54e9f8478667df5ac453ff0cd7e365e910a8
subprocess-logs/0630-jdk23_debug_NullRawParam_jadx-javac.stdout	e3b0c44298fc1c149afbf4c8996fb92427ae41e4649b934ca495991b7852b855
subprocess-logs/0631-jdk23_debug_NullRawParam_jadx-verify-run.stderr	e3b0c44298fc1c149afbf4c8996fb92427ae41e4649b934ca495991b7852b855
subprocess-logs/0631-jdk23_debug_NullRawParam_jadx-verify-run.stdout	f4e759450c3306919076b843e677ebd4315a206a7a08c607258e8ee49a6eb720
subprocess-logs/0632-jdk23_no-debug_NullRawParam_jar-contents.stderr	e3b0c44298fc1c149afbf4c8996fb92427ae41e4649b934ca495991b7852b855
subprocess-logs/0632-jdk23_no-debug_NullRawParam_jar-contents.stdout	ec9be3c8fc3cd99b67f4aaee4928989735f2768aa23a4b40308f2268d7274f2c
subprocess-logs/0633-jdk23_no-debug_NullRawParam_original-javac.stderr	142ae31f012f7500c2f9d50ec9a449f19686005826733b6f6a03739e3c7bbfb9
subprocess-logs/0633-jdk23_no-debug_NullRawParam_original-javac.stdout	e3b0c44298fc1c149afbf4c8996fb92427ae41e4649b934ca495991b7852b855
subprocess-logs/0634-jdk23_no-debug_NullRawParam_javap.stderr	e3b0c44298fc1c149afbf4c8996fb92427ae41e4649b934ca495991b7852b855
subprocess-logs/0634-jdk23_no-debug_NullRawParam_javap.stdout	3da7f16383956fcfba0362b07d0397c4521642a0129cb1d11a6d5b0794734e43
subprocess-logs/0635-jdk23_no-debug_NullRawParam_original-probe-javac.stderr	4f875b75f0bac1d971d8fc3ab19a64d5d92273f61235f2bb734eed34ab07458f
subprocess-logs/0635-jdk23_no-debug_NullRawParam_original-probe-javac.stdout	e3b0c44298fc1c149afbf4c8996fb92427ae41e4649b934ca495991b7852b855
subprocess-logs/0636-jdk23_no-debug_NullRawParam_original-run.stderr	e3b0c44298fc1c149afbf4c8996fb92427ae41e4649b934ca495991b7852b855
subprocess-logs/0636-jdk23_no-debug_NullRawParam_original-run.stdout	99432d5aa83e97874597f1a0fde12c2a963ce4099787ae00fd33faff35b18418
subprocess-logs/0637-jdk23_no-debug_NullRawParam_jarde-NullRawParam.stderr	e084f0128cd7c9e15e8e0cfc2d326dc26edfaad5599a62a5ccd5d4e27562de5b
subprocess-logs/0637-jdk23_no-debug_NullRawParam_jarde-NullRawParam.stdout	d68300b3bdd64dc0a1769de4c77a88e3eebccc14b47a17dc3e1ee4f8165ca2e2
subprocess-logs/0638-jdk23_no-debug_NullRawParam_jarde-javac.stderr	b126350263e34bb9e7154cf9d9f1ac17bffdccb9d6774a57342ccbaf96ff29f4
subprocess-logs/0638-jdk23_no-debug_NullRawParam_jarde-javac.stdout	e3b0c44298fc1c149afbf4c8996fb92427ae41e4649b934ca495991b7852b855
subprocess-logs/0639-jdk23_no-debug_NullRawParam_jarde-verify-run.stderr	e3b0c44298fc1c149afbf4c8996fb92427ae41e4649b934ca495991b7852b855
subprocess-logs/0639-jdk23_no-debug_NullRawParam_jarde-verify-run.stdout	99432d5aa83e97874597f1a0fde12c2a963ce4099787ae00fd33faff35b18418
subprocess-logs/0640-jdk23_no-debug_NullRawParam_jadx.stderr	e3b0c44298fc1c149afbf4c8996fb92427ae41e4649b934ca495991b7852b855
subprocess-logs/0640-jdk23_no-debug_NullRawParam_jadx.stdout	0ccdd886db57ca5fb839fc016cb7b9a9ec9c656fc4bddabb7ecaa235f96a7c4f
subprocess-logs/0641-jdk23_no-debug_NullRawParam_jadx-javac.stderr	45877cde2c0648caf5014eb99a3fcd6ab5e057ccf1ea79e03fbceba9f82f4d78
subprocess-logs/0641-jdk23_no-debug_NullRawParam_jadx-javac.stdout	e3b0c44298fc1c149afbf4c8996fb92427ae41e4649b934ca495991b7852b855
subprocess-logs/0642-jdk23_no-debug_NullRawParam_jadx-verify-run.stderr	e3b0c44298fc1c149afbf4c8996fb92427ae41e4649b934ca495991b7852b855
subprocess-logs/0642-jdk23_no-debug_NullRawParam_jadx-verify-run.stdout	f4e759450c3306919076b843e677ebd4315a206a7a08c607258e8ee49a6eb720
subprocess-logs/0643-jdk23_debug_RetainedAliasRawParam_jar-contents.stderr	e3b0c44298fc1c149afbf4c8996fb92427ae41e4649b934ca495991b7852b855
subprocess-logs/0643-jdk23_debug_RetainedAliasRawParam_jar-contents.stdout	a1985b9d7beb306cabb087220b328de3b90ea1632d23bad706a4d4d2071ef201
subprocess-logs/0644-jdk23_debug_RetainedAliasRawParam_original-javac.stderr	f3d54802be68d3a5ea5882fb6e1cc05904d541ecebc1b395c733ff97352fa0eb
subprocess-logs/0644-jdk23_debug_RetainedAliasRawParam_original-javac.stdout	e3b0c44298fc1c149afbf4c8996fb92427ae41e4649b934ca495991b7852b855
subprocess-logs/0645-jdk23_debug_RetainedAliasRawParam_javap.stderr	e3b0c44298fc1c149afbf4c8996fb92427ae41e4649b934ca495991b7852b855
subprocess-logs/0645-jdk23_debug_RetainedAliasRawParam_javap.stdout	52f1a5e1188002499119033efef31c9651210558f5418d43808f7d80148d4ac7
subprocess-logs/0646-jdk23_debug_RetainedAliasRawParam_original-probe-javac.stderr	4f875b75f0bac1d971d8fc3ab19a64d5d92273f61235f2bb734eed34ab07458f
subprocess-logs/0646-jdk23_debug_RetainedAliasRawParam_original-probe-javac.stdout	e3b0c44298fc1c149afbf4c8996fb92427ae41e4649b934ca495991b7852b855
subprocess-logs/0647-jdk23_debug_RetainedAliasRawParam_original-run.stderr	e3b0c44298fc1c149afbf4c8996fb92427ae41e4649b934ca495991b7852b855
subprocess-logs/0647-jdk23_debug_RetainedAliasRawParam_original-run.stdout	587147b6fcdb6f90959b73653be0302d121556b4c0626fb20a88ff47291ce8ff
subprocess-logs/0648-jdk23_debug_RetainedAliasRawParam_jarde-RetainedAliasRawParam.stderr	d1886f6db8dca5f9048d9651fdd63d69a91ca992e6ae834e0549189ef72ee35e
subprocess-logs/0648-jdk23_debug_RetainedAliasRawParam_jarde-RetainedAliasRawParam.stdout	67c03164c7f4c286881d760c247bdc8ed73c851a4377db2751830cc607eb3f89
subprocess-logs/0649-jdk23_debug_RetainedAliasRawParam_jarde-javac.stderr	c76325b84df37f11f513239ccc4e67d922940f3c66d8a880aab1f617581d4715
subprocess-logs/0649-jdk23_debug_RetainedAliasRawParam_jarde-javac.stdout	e3b0c44298fc1c149afbf4c8996fb92427ae41e4649b934ca495991b7852b855
subprocess-logs/0650-jdk23_debug_RetainedAliasRawParam_jarde-verify-run.stderr	e3b0c44298fc1c149afbf4c8996fb92427ae41e4649b934ca495991b7852b855
subprocess-logs/0650-jdk23_debug_RetainedAliasRawParam_jarde-verify-run.stdout	587147b6fcdb6f90959b73653be0302d121556b4c0626fb20a88ff47291ce8ff
subprocess-logs/0651-jdk23_debug_RetainedAliasRawParam_jadx.stderr	e3b0c44298fc1c149afbf4c8996fb92427ae41e4649b934ca495991b7852b855
subprocess-logs/0651-jdk23_debug_RetainedAliasRawParam_jadx.stdout	b7c073849fa91ba55d2e526d7b894a34827d10470b9df8d06a8270023e654d59
subprocess-logs/0652-jdk23_debug_RetainedAliasRawParam_jadx-javac.stderr	44945de709017d649f6ac249d03f3ffaa4e85888e821fd91a0066ddfeb6b37df
subprocess-logs/0652-jdk23_debug_RetainedAliasRawParam_jadx-javac.stdout	e3b0c44298fc1c149afbf4c8996fb92427ae41e4649b934ca495991b7852b855
subprocess-logs/0653-jdk23_debug_RetainedAliasRawParam_jadx-verify-run.stderr	e3b0c44298fc1c149afbf4c8996fb92427ae41e4649b934ca495991b7852b855
subprocess-logs/0653-jdk23_debug_RetainedAliasRawParam_jadx-verify-run.stdout	f92fd71052669f4c2419e8516949617f14ee858caeb232d80d63117f41ea2d94
subprocess-logs/0654-jdk23_no-debug_RetainedAliasRawParam_jar-contents.stderr	e3b0c44298fc1c149afbf4c8996fb92427ae41e4649b934ca495991b7852b855
subprocess-logs/0654-jdk23_no-debug_RetainedAliasRawParam_jar-contents.stdout	a1985b9d7beb306cabb087220b328de3b90ea1632d23bad706a4d4d2071ef201
subprocess-logs/0655-jdk23_no-debug_RetainedAliasRawParam_original-javac.stderr	f3d54802be68d3a5ea5882fb6e1cc05904d541ecebc1b395c733ff97352fa0eb
subprocess-logs/0655-jdk23_no-debug_RetainedAliasRawParam_original-javac.stdout	e3b0c44298fc1c149afbf4c8996fb92427ae41e4649b934ca495991b7852b855
subprocess-logs/0656-jdk23_no-debug_RetainedAliasRawParam_javap.stderr	e3b0c44298fc1c149afbf4c8996fb92427ae41e4649b934ca495991b7852b855
subprocess-logs/0656-jdk23_no-debug_RetainedAliasRawParam_javap.stdout	62fc5ac7f72922c89480e5a834531e8f83800794857777d7708557259feddc97
subprocess-logs/0657-jdk23_no-debug_RetainedAliasRawParam_original-probe-javac.stderr	4f875b75f0bac1d971d8fc3ab19a64d5d92273f61235f2bb734eed34ab07458f
subprocess-logs/0657-jdk23_no-debug_RetainedAliasRawParam_original-probe-javac.stdout	e3b0c44298fc1c149afbf4c8996fb92427ae41e4649b934ca495991b7852b855
subprocess-logs/0658-jdk23_no-debug_RetainedAliasRawParam_original-run.stderr	e3b0c44298fc1c149afbf4c8996fb92427ae41e4649b934ca495991b7852b855
subprocess-logs/0658-jdk23_no-debug_RetainedAliasRawParam_original-run.stdout	587147b6fcdb6f90959b73653be0302d121556b4c0626fb20a88ff47291ce8ff
subprocess-logs/0659-jdk23_no-debug_RetainedAliasRawParam_jarde-RetainedAliasRawParam.stderr	731dccceb4a589f890e2dcce44a1ff47e6ad258ad95b2189d0b30eaf9052b293
subprocess-logs/0659-jdk23_no-debug_RetainedAliasRawParam_jarde-RetainedAliasRawParam.stdout	e3536151d6425f7cf9e601be73cd6fccdb94be39c2157ee6ae0f84a8c7d364e5
subprocess-logs/0660-jdk23_no-debug_RetainedAliasRawParam_jarde-javac.stderr	6f087c563095dd0883014f79ff238a1bd42fc22704c14e6796cd4f93d3e8631c
subprocess-logs/0660-jdk23_no-debug_RetainedAliasRawParam_jarde-javac.stdout	e3b0c44298fc1c149afbf4c8996fb92427ae41e4649b934ca495991b7852b855
subprocess-logs/0661-jdk23_no-debug_RetainedAliasRawParam_jarde-verify-run.stderr	e3b0c44298fc1c149afbf4c8996fb92427ae41e4649b934ca495991b7852b855
subprocess-logs/0661-jdk23_no-debug_RetainedAliasRawParam_jarde-verify-run.stdout	587147b6fcdb6f90959b73653be0302d121556b4c0626fb20a88ff47291ce8ff
subprocess-logs/0662-jdk23_no-debug_RetainedAliasRawParam_jadx.stderr	e3b0c44298fc1c149afbf4c8996fb92427ae41e4649b934ca495991b7852b855
subprocess-logs/0662-jdk23_no-debug_RetainedAliasRawParam_jadx.stdout	18f900f5410514c78d7f718c6679ba0ecf4813190a2ca8c03c921b4dd5f2d04c
subprocess-logs/0663-jdk23_no-debug_RetainedAliasRawParam_jadx-javac.stderr	7040971a29e58d06e1f559c9f97047ee36933f36a46c74eeb936ca0bf7f1ed71
subprocess-logs/0663-jdk23_no-debug_RetainedAliasRawParam_jadx-javac.stdout	e3b0c44298fc1c149afbf4c8996fb92427ae41e4649b934ca495991b7852b855
subprocess-logs/0664-jdk23_no-debug_RetainedAliasRawParam_jadx-verify-run.stderr	e3b0c44298fc1c149afbf4c8996fb92427ae41e4649b934ca495991b7852b855
subprocess-logs/0664-jdk23_no-debug_RetainedAliasRawParam_jadx-verify-run.stdout	f92fd71052669f4c2419e8516949617f14ee858caeb232d80d63117f41ea2d94
subprocess-logs/0665-jdk23_debug_MultiFormalRawParam_jar-contents.stderr	e3b0c44298fc1c149afbf4c8996fb92427ae41e4649b934ca495991b7852b855
subprocess-logs/0665-jdk23_debug_MultiFormalRawParam_jar-contents.stdout	4bc05ecbba4968bacfc686b7e4b7523216b1c1705eac9aef254aaff653bf7e55
subprocess-logs/0666-jdk23_debug_MultiFormalRawParam_original-javac.stderr	1bf9910e61d8cb783de3e626bfbf32d9f68db8362067c4351c9e3b064f561a4e
subprocess-logs/0666-jdk23_debug_MultiFormalRawParam_original-javac.stdout	e3b0c44298fc1c149afbf4c8996fb92427ae41e4649b934ca495991b7852b855
subprocess-logs/0667-jdk23_debug_MultiFormalRawParam_javap.stderr	e3b0c44298fc1c149afbf4c8996fb92427ae41e4649b934ca495991b7852b855
subprocess-logs/0667-jdk23_debug_MultiFormalRawParam_javap.stdout	c0f896241d7a15ce2877ce98de100e669f49b4bece1511ba65c16a2fa4ce30e8
subprocess-logs/0668-jdk23_debug_MultiFormalRawParam_original-probe-javac.stderr	4f875b75f0bac1d971d8fc3ab19a64d5d92273f61235f2bb734eed34ab07458f
subprocess-logs/0668-jdk23_debug_MultiFormalRawParam_original-probe-javac.stdout	e3b0c44298fc1c149afbf4c8996fb92427ae41e4649b934ca495991b7852b855
subprocess-logs/0669-jdk23_debug_MultiFormalRawParam_original-run.stderr	e3b0c44298fc1c149afbf4c8996fb92427ae41e4649b934ca495991b7852b855
subprocess-logs/0669-jdk23_debug_MultiFormalRawParam_original-run.stdout	6d16de1512a82cf13a56f94903001249dbfdb1ab81b29b817616448334e1d0c4
subprocess-logs/0670-jdk23_debug_MultiFormalRawParam_jarde-MultiFormalRawParam.stderr	9ebf31c2b41a3c459ca8cac3a52f55006da514bd8794dcad0b328793634e92e6
subprocess-logs/0670-jdk23_debug_MultiFormalRawParam_jarde-MultiFormalRawParam.stdout	f619dc6de622abbbb601490c87b29154ed05f1dc9da16fd08f994de9faa1e729
subprocess-logs/0671-jdk23_debug_MultiFormalRawParam_jarde-javac.stderr	01aaca15f6a5af056338b8f4ac2fcc4a590356d920dbb7183f01622a16a7faba
subprocess-logs/0671-jdk23_debug_MultiFormalRawParam_jarde-javac.stdout	e3b0c44298fc1c149afbf4c8996fb92427ae41e4649b934ca495991b7852b855
subprocess-logs/0672-jdk23_debug_MultiFormalRawParam_jarde-verify-run.stderr	e3b0c44298fc1c149afbf4c8996fb92427ae41e4649b934ca495991b7852b855
subprocess-logs/0672-jdk23_debug_MultiFormalRawParam_jarde-verify-run.stdout	8bc5d0b9f7ed8f8820c0a056a24f74615b3e6104dd1ccada41aee9975df41485
subprocess-logs/0673-jdk23_debug_MultiFormalRawParam_jadx.stderr	e3b0c44298fc1c149afbf4c8996fb92427ae41e4649b934ca495991b7852b855
subprocess-logs/0673-jdk23_debug_MultiFormalRawParam_jadx.stdout	57c7d2703e8f348c56faa0579455b039c76425c4b7af3add0ae3b443bdc8ddef
subprocess-logs/0674-jdk23_debug_MultiFormalRawParam_jadx-javac.stderr	e23fcd1504811ef8e7903f0d82dab514826ace763d261a42c10cbaf8de5f5b7f
subprocess-logs/0674-jdk23_debug_MultiFormalRawParam_jadx-javac.stdout	e3b0c44298fc1c149afbf4c8996fb92427ae41e4649b934ca495991b7852b855
subprocess-logs/0675-jdk23_debug_MultiFormalRawParam_jadx-verify-run.stderr	e3b0c44298fc1c149afbf4c8996fb92427ae41e4649b934ca495991b7852b855
subprocess-logs/0675-jdk23_debug_MultiFormalRawParam_jadx-verify-run.stdout	8d284d37fb44425659f63776c8f684d596146724e653b1147b4adc2b7c50d4e2
subprocess-logs/0676-jdk23_no-debug_MultiFormalRawParam_jar-contents.stderr	e3b0c44298fc1c149afbf4c8996fb92427ae41e4649b934ca495991b7852b855
subprocess-logs/0676-jdk23_no-debug_MultiFormalRawParam_jar-contents.stdout	4bc05ecbba4968bacfc686b7e4b7523216b1c1705eac9aef254aaff653bf7e55
subprocess-logs/0677-jdk23_no-debug_MultiFormalRawParam_original-javac.stderr	1bf9910e61d8cb783de3e626bfbf32d9f68db8362067c4351c9e3b064f561a4e
subprocess-logs/0677-jdk23_no-debug_MultiFormalRawParam_original-javac.stdout	e3b0c44298fc1c149afbf4c8996fb92427ae41e4649b934ca495991b7852b855
subprocess-logs/0678-jdk23_no-debug_MultiFormalRawParam_javap.stderr	e3b0c44298fc1c149afbf4c8996fb92427ae41e4649b934ca495991b7852b855
subprocess-logs/0678-jdk23_no-debug_MultiFormalRawParam_javap.stdout	4a09857ffb5fb119716fadaab498240930a0315b6ec6efcbac843d0b6ecd0729
subprocess-logs/0679-jdk23_no-debug_MultiFormalRawParam_original-probe-javac.stderr	4f875b75f0bac1d971d8fc3ab19a64d5d92273f61235f2bb734eed34ab07458f
subprocess-logs/0679-jdk23_no-debug_MultiFormalRawParam_original-probe-javac.stdout	e3b0c44298fc1c149afbf4c8996fb92427ae41e4649b934ca495991b7852b855
subprocess-logs/0680-jdk23_no-debug_MultiFormalRawParam_original-run.stderr	e3b0c44298fc1c149afbf4c8996fb92427ae41e4649b934ca495991b7852b855
subprocess-logs/0680-jdk23_no-debug_MultiFormalRawParam_original-run.stdout	6d16de1512a82cf13a56f94903001249dbfdb1ab81b29b817616448334e1d0c4
subprocess-logs/0681-jdk23_no-debug_MultiFormalRawParam_jarde-MultiFormalRawParam.stderr	e729d1ba9944eff732df47617caff14b31d6ca36aea7b52a58cc0c0b95ce0251
subprocess-logs/0681-jdk23_no-debug_MultiFormalRawParam_jarde-MultiFormalRawParam.stdout	25dc6e16e8b9f5a62fe2333fe44c3491fde8f6d40b762bca42951af6d817bbd1
subprocess-logs/0682-jdk23_no-debug_MultiFormalRawParam_jarde-javac.stderr	ff655cba0c67dae84cf131cd6dca9ec6afe8e20abbcad864b7c96a2d0c3e7740
subprocess-logs/0682-jdk23_no-debug_MultiFormalRawParam_jarde-javac.stdout	e3b0c44298fc1c149afbf4c8996fb92427ae41e4649b934ca495991b7852b855
subprocess-logs/0683-jdk23_no-debug_MultiFormalRawParam_jarde-verify-run.stderr	e3b0c44298fc1c149afbf4c8996fb92427ae41e4649b934ca495991b7852b855
subprocess-logs/0683-jdk23_no-debug_MultiFormalRawParam_jarde-verify-run.stdout	8bc5d0b9f7ed8f8820c0a056a24f74615b3e6104dd1ccada41aee9975df41485
subprocess-logs/0684-jdk23_no-debug_MultiFormalRawParam_jadx.stderr	e3b0c44298fc1c149afbf4c8996fb92427ae41e4649b934ca495991b7852b855
subprocess-logs/0684-jdk23_no-debug_MultiFormalRawParam_jadx.stdout	52b284895593931e42d754ddb5915997e3142701249cd99385b94115f8e04153
subprocess-logs/0685-jdk23_no-debug_MultiFormalRawParam_jadx-javac.stderr	61db09c331847a75a8f0abaffa55582feb4ff6ad0b670e37f3560c24b2621fb1
subprocess-logs/0685-jdk23_no-debug_MultiFormalRawParam_jadx-javac.stdout	e3b0c44298fc1c149afbf4c8996fb92427ae41e4649b934ca495991b7852b855
subprocess-logs/0686-jdk23_no-debug_MultiFormalRawParam_jadx-verify-run.stderr	e3b0c44298fc1c149afbf4c8996fb92427ae41e4649b934ca495991b7852b855
subprocess-logs/0686-jdk23_no-debug_MultiFormalRawParam_jadx-verify-run.stdout	8d284d37fb44425659f63776c8f684d596146724e653b1147b4adc2b7c50d4e2
subprocess-logs/0687-jdk23_debug_RawOwnerChild_jar-contents.stderr	e3b0c44298fc1c149afbf4c8996fb92427ae41e4649b934ca495991b7852b855
subprocess-logs/0687-jdk23_debug_RawOwnerChild_jar-contents.stdout	8fe6ebef204dbd6d19631ba48bbbd5ec4ae5213f3712a9629e2c6cdec917a44e
subprocess-logs/0688-jdk23_debug_RawOwnerChild_original-javac.stderr	2c8b44e4bbe4b1e75d913c852f8e972539180b23f0b541195865269775f55698
subprocess-logs/0688-jdk23_debug_RawOwnerChild_original-javac.stdout	e3b0c44298fc1c149afbf4c8996fb92427ae41e4649b934ca495991b7852b855
subprocess-logs/0689-jdk23_debug_RawOwnerChild_javap.stderr	e3b0c44298fc1c149afbf4c8996fb92427ae41e4649b934ca495991b7852b855
subprocess-logs/0689-jdk23_debug_RawOwnerChild_javap.stdout	0132462da1080853f38ff9c046056abc9d806c2dcc4f0512ee12bbb1c19261fa
subprocess-logs/0690-jdk23_debug_RawOwnerChild_original-probe-javac.stderr	4f875b75f0bac1d971d8fc3ab19a64d5d92273f61235f2bb734eed34ab07458f
subprocess-logs/0690-jdk23_debug_RawOwnerChild_original-probe-javac.stdout	e3b0c44298fc1c149afbf4c8996fb92427ae41e4649b934ca495991b7852b855
subprocess-logs/0691-jdk23_debug_RawOwnerChild_original-run.stderr	e3b0c44298fc1c149afbf4c8996fb92427ae41e4649b934ca495991b7852b855
subprocess-logs/0691-jdk23_debug_RawOwnerChild_original-run.stdout	c25e0c82c8f818f082f08ceef41ac63b15ed1ce4bb020bcf1eff5396c577b047
subprocess-logs/0692-jdk23_debug_RawOwnerChild_jarde-RawOwnerChild.stderr	833ebc4c48c9aa82d3b73ccb9862bd95bf8cbaf12e069fb7941235c304fc9367
subprocess-logs/0692-jdk23_debug_RawOwnerChild_jarde-RawOwnerChild.stdout	85654234ed265aea8c2af90fe4353ca2be2b352c36d98476b0f89a9661e064cd
subprocess-logs/0693-jdk23_debug_RawOwnerChild_jarde-RawOwnerBase.stderr	ddab62e9e119ab39679fc394533a4574372aa5d0a092ffc050e5062fc061bf24
subprocess-logs/0693-jdk23_debug_RawOwnerChild_jarde-RawOwnerBase.stdout	f400195673e17b46cfe5e1ecf2dfa6ad1e569fc2a83c23d92202a00ba21aba24
subprocess-logs/0694-jdk23_debug_RawOwnerChild_jarde-javac.stderr	e364b14c1944d8f562c0489bd5cb71d847bea392f530f348aac8baf9ab9e8a17
subprocess-logs/0694-jdk23_debug_RawOwnerChild_jarde-javac.stdout	e3b0c44298fc1c149afbf4c8996fb92427ae41e4649b934ca495991b7852b855
subprocess-logs/0695-jdk23_debug_RawOwnerChild_jarde-verify-run.stderr	e3b0c44298fc1c149afbf4c8996fb92427ae41e4649b934ca495991b7852b855
subprocess-logs/0695-jdk23_debug_RawOwnerChild_jarde-verify-run.stdout	e65da6d8f2478e3a0b6f43759b106518ecb2b77f17bd072cf737ed70a4ac28ad
subprocess-logs/0696-jdk23_debug_RawOwnerChild_jadx.stderr	e3b0c44298fc1c149afbf4c8996fb92427ae41e4649b934ca495991b7852b855
subprocess-logs/0696-jdk23_debug_RawOwnerChild_jadx.stdout	6c98674d5819aff5b0ce8c68cf3ece4cbebd831816c7f8632c268444656056d5
subprocess-logs/0697-jdk23_debug_RawOwnerChild_jadx-javac.stderr	1c512a9f79db258f168f68898536952cc907507e879385a84b21cf7f12561e85
subprocess-logs/0697-jdk23_debug_RawOwnerChild_jadx-javac.stdout	e3b0c44298fc1c149afbf4c8996fb92427ae41e4649b934ca495991b7852b855
subprocess-logs/0698-jdk23_debug_RawOwnerChild_jadx-verify-run.stderr	e3b0c44298fc1c149afbf4c8996fb92427ae41e4649b934ca495991b7852b855
subprocess-logs/0698-jdk23_debug_RawOwnerChild_jadx-verify-run.stdout	2404a47a7f7c206decbce521d1ad8ca2966f33929a01a6e1cd462d7eda65b76b
subprocess-logs/0699-jdk23_no-debug_RawOwnerChild_jar-contents.stderr	e3b0c44298fc1c149afbf4c8996fb92427ae41e4649b934ca495991b7852b855
subprocess-logs/0699-jdk23_no-debug_RawOwnerChild_jar-contents.stdout	8fe6ebef204dbd6d19631ba48bbbd5ec4ae5213f3712a9629e2c6cdec917a44e
subprocess-logs/0700-jdk23_no-debug_RawOwnerChild_original-javac.stderr	2c8b44e4bbe4b1e75d913c852f8e972539180b23f0b541195865269775f55698
subprocess-logs/0700-jdk23_no-debug_RawOwnerChild_original-javac.stdout	e3b0c44298fc1c149afbf4c8996fb92427ae41e4649b934ca495991b7852b855
subprocess-logs/0701-jdk23_no-debug_RawOwnerChild_javap.stderr	e3b0c44298fc1c149afbf4c8996fb92427ae41e4649b934ca495991b7852b855
subprocess-logs/0701-jdk23_no-debug_RawOwnerChild_javap.stdout	1faa3568f1ac92d22de17f20c46261e9ec207e3b1e8a44f5dbe98337e214c13e
subprocess-logs/0702-jdk23_no-debug_RawOwnerChild_original-probe-javac.stderr	4f875b75f0bac1d971d8fc3ab19a64d5d92273f61235f2bb734eed34ab07458f
subprocess-logs/0702-jdk23_no-debug_RawOwnerChild_original-probe-javac.stdout	e3b0c44298fc1c149afbf4c8996fb92427ae41e4649b934ca495991b7852b855
subprocess-logs/0703-jdk23_no-debug_RawOwnerChild_original-run.stderr	e3b0c44298fc1c149afbf4c8996fb92427ae41e4649b934ca495991b7852b855
subprocess-logs/0703-jdk23_no-debug_RawOwnerChild_original-run.stdout	c25e0c82c8f818f082f08ceef41ac63b15ed1ce4bb020bcf1eff5396c577b047
subprocess-logs/0704-jdk23_no-debug_RawOwnerChild_jarde-RawOwnerChild.stderr	d944909db4349c4be226a3e2a9013520a40de4f1272d8077c6901eb1e157edd0
subprocess-logs/0704-jdk23_no-debug_RawOwnerChild_jarde-RawOwnerChild.stdout	8bc50b0f6cb5bc0a65e96706a623c1fc4bc19fa7d9d3586ebaace845198a1015
subprocess-logs/0705-jdk23_no-debug_RawOwnerChild_jarde-RawOwnerBase.stderr	d862e222c52a8aaea762c793c0d0efdf1b1768d2f6553dcddcaf58b487c51974
subprocess-logs/0705-jdk23_no-debug_RawOwnerChild_jarde-RawOwnerBase.stdout	f400195673e17b46cfe5e1ecf2dfa6ad1e569fc2a83c23d92202a00ba21aba24
subprocess-logs/0706-jdk23_no-debug_RawOwnerChild_jarde-javac.stderr	99f582af346c8632092cb71783e09676555501b1bc7e018166d561216e32a839
subprocess-logs/0706-jdk23_no-debug_RawOwnerChild_jarde-javac.stdout	e3b0c44298fc1c149afbf4c8996fb92427ae41e4649b934ca495991b7852b855
subprocess-logs/0707-jdk23_no-debug_RawOwnerChild_jarde-verify-run.stderr	e3b0c44298fc1c149afbf4c8996fb92427ae41e4649b934ca495991b7852b855
subprocess-logs/0707-jdk23_no-debug_RawOwnerChild_jarde-verify-run.stdout	e65da6d8f2478e3a0b6f43759b106518ecb2b77f17bd072cf737ed70a4ac28ad
subprocess-logs/0708-jdk23_no-debug_RawOwnerChild_jadx.stderr	e3b0c44298fc1c149afbf4c8996fb92427ae41e4649b934ca495991b7852b855
subprocess-logs/0708-jdk23_no-debug_RawOwnerChild_jadx.stdout	6c98674d5819aff5b0ce8c68cf3ece4cbebd831816c7f8632c268444656056d5
subprocess-logs/0709-jdk23_no-debug_RawOwnerChild_jadx-javac.stderr	20507d5d6e80149b3350bb6f9c2acb176a45c5437a2777d6b1f6d644f6051a50
subprocess-logs/0709-jdk23_no-debug_RawOwnerChild_jadx-javac.stdout	e3b0c44298fc1c149afbf4c8996fb92427ae41e4649b934ca495991b7852b855
subprocess-logs/0710-jdk23_no-debug_RawOwnerChild_jadx-verify-run.stderr	e3b0c44298fc1c149afbf4c8996fb92427ae41e4649b934ca495991b7852b855
subprocess-logs/0710-jdk23_no-debug_RawOwnerChild_jadx-verify-run.stdout	2404a47a7f7c206decbce521d1ad8ca2966f33929a01a6e1cd462d7eda65b76b
subprocesses.jsonl	8536aa04ca35b528695fbfdaf2692d19bd3e48c447a7e8e0c9349ca01705c4f5
versions/frozen-input-jar-hashes.tsv	01066ef00dd1d514566c806fba7b80aeb7097218a09068765fdb8422fc02cbe7
versions/jadx-cli.txt	9c5955fc99a60b8f6dee6cf582c4420d91e1b3e2a201f532c91e2cbdfce7fa51
versions/jarde-cli.txt	4e3523057f610dda085c877b3d636cbdeb15c23a541dba3b399c7c04eb4b14b5
versions/source-hashes.tsv	00877b113c802e37a9ea639d2bdf6620a5226e98da082924a55ca42491e39c59
versions/tool-hashes.tsv	369116534c9c8ff1918899e3e89cdf3d7ce615d6d93a1b338e005351a00ac35c
