path	sha256
adapter-executed.py	e170ad879448687dfe972f615dfd78a56406d5b5bc1b9a841a526fdee2633fb3
commands.tsv	93cecfc854b754afa4b42df18d46f22814df533e25c99f2a600bef761a491bbc
failures/jdk23/debug/InstanceRawLocal/jadx-javac.stderr.txt	f4b2b5d468a7f274131fcfcced1ab44c53f195817a73a937331ff94dad56e794
failures/jdk23/no-debug/InstanceRawLocal/jadx-javac.stderr.txt	0493b0d5139a371f0928c284b2504004c466ac168a0f223178a1d7d175b13164
failures/jdk8/debug/InstanceRawLocal/jadx-javac.stderr.txt	29ae3eb12061f0def9a815aa4c585eb33742080b54e8f1e48441fb4f6a8c6031
failures/jdk8/no-debug/InstanceRawLocal/jadx-javac.stderr.txt	0ec1b17361adf38f3daf2fab883d75d3bbbc190ecddd4db8a79deedc96bdb123
jdk-version-logs/0001-jdk-preflight_jdk8_java.stderr	faab3c8a678f056adf83280dbda6950d4d51a39eaf84b2136be0a1812b62e22d
jdk-version-logs/0001-jdk-preflight_jdk8_java.stdout	e3b0c44298fc1c149afbf4c8996fb92427ae41e4649b934ca495991b7852b855
jdk-version-logs/0002-jdk-preflight_jdk8_javac.stderr	b78c3d234842235ae1b53dd6405da54b3af2b02047c45858b595870662803db8
jdk-version-logs/0002-jdk-preflight_jdk8_javac.stdout	e3b0c44298fc1c149afbf4c8996fb92427ae41e4649b934ca495991b7852b855
jdk-version-logs/0003-jdk-preflight_jdk8_jar.stderr	faab3c8a678f056adf83280dbda6950d4d51a39eaf84b2136be0a1812b62e22d
jdk-version-logs/0003-jdk-preflight_jdk8_jar.stdout	e3b0c44298fc1c149afbf4c8996fb92427ae41e4649b934ca495991b7852b855
jdk-version-logs/0004-jdk-preflight_jdk8_javap.stderr	e3b0c44298fc1c149afbf4c8996fb92427ae41e4649b934ca495991b7852b855
jdk-version-logs/0004-jdk-preflight_jdk8_javap.stdout	6a282b7b9e5da8c1d9ecd31367d3828a20d54da2205390fd0c9529a48b3be713
jdk-version-logs/0005-jdk-preflight_jdk23_java.stderr	11d9a1559a3f4fab380e536f54e14acacdbd9fb56e147f04a9cc4723e3c229f7
jdk-version-logs/0005-jdk-preflight_jdk23_java.stdout	e3b0c44298fc1c149afbf4c8996fb92427ae41e4649b934ca495991b7852b855
jdk-version-logs/0006-jdk-preflight_jdk23_javac.stderr	e3b0c44298fc1c149afbf4c8996fb92427ae41e4649b934ca495991b7852b855
jdk-version-logs/0006-jdk-preflight_jdk23_javac.stdout	8b08d363e50e3d8f80fe38c5910e7f52b3e267b192efacb74878c7103361d3cd
jdk-version-logs/0007-jdk-preflight_jdk23_jar.stderr	e3b0c44298fc1c149afbf4c8996fb92427ae41e4649b934ca495991b7852b855
jdk-version-logs/0007-jdk-preflight_jdk23_jar.stdout	25e5829092e156bcdbd2a23c369bd544724e94b3793ba5982bac1aab6573e82c
jdk-version-logs/0008-jdk-preflight_jdk23_javap.stderr	e3b0c44298fc1c149afbf4c8996fb92427ae41e4649b934ca495991b7852b855
jdk-version-logs/0008-jdk-preflight_jdk23_javap.stdout	93012e27a4b9c01457ab2e4cc367a8dd4f4f42e6db886be6030d542771338bfb
jdk23/debug/jadx/Array2DRawParam/sources/defpackage/Array2DRawParam.java	d9af1990c95193456c46473f31939177a2632e34152dde0ed791caf10ac40d27
jdk23/debug/jadx/ArrayRawParam/sources/defpackage/ArrayRawParam.java	b9356814382670f5cc31457caf107ca11a4836ca88b6a2964a73120afa021457
jdk23/debug/jadx/BoundRawParam/sources/defpackage/BoundRawParam.java	4545a9f6e22269ff21bcac1e1abc69f7f9186d982c4c395eb5c10471783b9eda
jdk23/debug/jadx/DirectInstanceRawParam/sources/defpackage/DirectInstanceRawParam.java	d5a81d1a0941226f34e220c355943cd81eace76a7f72ab9c0a07e079166af029
jdk23/debug/jadx/InstanceRawLocal/sources/defpackage/InstanceRawLocal.java	183a867140d3ec0d651f1c6024251ab3805b4a7cb5736eab8893104121ed39df
jdk23/debug/jadx/MultiFormalRawParam/sources/defpackage/MultiFormalRawParam.java	46dff0ad150401facc3becf5fa2e92685a87d46f2c9b537e02a20af4e0da4072
jdk23/debug/jadx/NullRawParam/sources/defpackage/NullRawParam.java	2497fde8c7696cef28caddbb5432e9775944289511bd27767183fd2665087b19
jdk23/debug/jadx/PrimitiveArrayRawParam/sources/defpackage/PrimitiveArrayRawParam.java	6e080e95264345c55088fab59d326568454b5c431b3bd4674254c4c3f7931b0b
jdk23/debug/jadx/RawOwnerChild/sources/defpackage/RawOwnerBase.java	a4256e0b800f68dffd6124722d909d24bb9958b2d27d0668e20575fd05ead39d
jdk23/debug/jadx/RawOwnerChild/sources/defpackage/RawOwnerChild.java	ea53cd737a4ca1e297f8ae71a5ed156924a2cf3ad7c61206b43694e7cb016fde
jdk23/debug/jadx/RawParam/sources/defpackage/RawParam.java	a36e1bd1ec630ddccadc5178ea2ef1483d9b784fef412784d34d672f34d9c855
jdk23/debug/jadx/RetainedAliasRawParam/sources/defpackage/RetainedAliasRawParam.java	0d8c28f014d9873131e2277ec147645b4f2e8f88f10d96ebafa1ca68ec7519a9
jdk23/debug/jadx/ShadowMethodT/sources/defpackage/ShadowMethodT.java	e638423e067858654f869a3c38d7f38daf64e4a0855011122ace6be028722f99
jdk23/debug/jadx/StaticRawLocal/sources/defpackage/StaticRawLocal.java	0875242685024debb56daf13e862932967d9e7c860f92e7b89c872dc99a16be8
jdk23/debug/jadx/ThisReceiver/sources/defpackage/ThisReceiver.java	908f8f9ccda887868f6a515f1942aed41297b5a73a55e0a062da8faeca7b049f
jdk23/debug/jadx/TypedReceiver/sources/defpackage/TypedReceiver.java	f6885117b5b3c43020e4cede27dbe323b9d8ef2900b0d386adc3a22e1abcc97f
jdk23/debug/jadx/WideRawParam/sources/defpackage/WideRawParam.java	1b5390662572c65827dc2e38557a649a6c3f92cb2c6813556092327e680a54fd
jdk23/debug/jarde/Array2DRawParam.java	d4ba813f6f198eed97a53a5c193bca2f69698ce49b7a93aa69e279e7c27acb62
jdk23/debug/jarde/Array2DRawParam.stderr.txt	83c3a396e1d31ed56a6c8d55ba020a053d6f6a80f010a7567310f91fa3f45f81
jdk23/debug/jarde/ArrayRawParam.java	c8c72849f11741a77f70b21b0436745c69e7f2e9d60ae7c7724adfd147a8faab
jdk23/debug/jarde/ArrayRawParam.stderr.txt	ed7bb4a2561d477dbc6294f80314aaba81dae93833d4fae8af233d600573305b
jdk23/debug/jarde/BoundRawParam.java	6780b9df7fd79af1b6d8e0acb289d0257a77eaa548101c8cfe3fdc3911d66eac
jdk23/debug/jarde/BoundRawParam.stderr.txt	5c8e29af21940dea17bcf60c35fc9d8a175377981d471be32fafeff9238bffc6
jdk23/debug/jarde/DirectInstanceRawParam.java	66882766f2731a7d18b72428b8ad38d8f2bd8e0183b4bf42ab71e0a8bcb56671
jdk23/debug/jarde/DirectInstanceRawParam.stderr.txt	ac35a7c9b909cfd689a6649bb6803738eab1029cb488d27fc3037df0997a5615
jdk23/debug/jarde/InstanceRawLocal.java	5739eae80933689e02968db38be749560fea18f7852efc7071bc402ac1657445
jdk23/debug/jarde/InstanceRawLocal.stderr.txt	820e3084ea246e99a5cdd9f85779ba094df0addb00a6eaa78d9ccb8bba96e449
jdk23/debug/jarde/MultiFormalRawParam.java	f619dc6de622abbbb601490c87b29154ed05f1dc9da16fd08f994de9faa1e729
jdk23/debug/jarde/MultiFormalRawParam.stderr.txt	16281fc4c693378a38078a937fc9d72900dec3c5cd7217a06dd784a82a1385b2
jdk23/debug/jarde/NullRawParam.java	f60daa335370ba4b9535a79d8a6039e957fde7f7fbf1179b722b7dff8c1bb168
jdk23/debug/jarde/NullRawParam.stderr.txt	163895f8572b07b56b67f11fcd69939ca53ab5e83fbc3989a6cb790118664c18
jdk23/debug/jarde/PrimitiveArrayRawParam.java	ca19f53923fbfb66917c75ea83f0d5053343cf8c6aa62b562778ef54d5028a26
jdk23/debug/jarde/PrimitiveArrayRawParam.stderr.txt	4560f3e3d16213b8bf7e0c7118eea8c1752314e6e2a456e0d816273f07aa973e
jdk23/debug/jarde/RawOwnerBase.java	f400195673e17b46cfe5e1ecf2dfa6ad1e569fc2a83c23d92202a00ba21aba24
jdk23/debug/jarde/RawOwnerBase.stderr.txt	aca0c220c88ed78307b61f4e589421712ca6a9cc3a446ba73b9a7a7224411f9e
jdk23/debug/jarde/RawOwnerChild.java	85654234ed265aea8c2af90fe4353ca2be2b352c36d98476b0f89a9661e064cd
jdk23/debug/jarde/RawOwnerChild.stderr.txt	df207cc32587bd417293c5ec24a4b08175d7cc532dc3ac3eef48e8d4d877f658
jdk23/debug/jarde/RawParam.java	e086985b6879bfbebb341e501fb7f963bc33d5623ac87904b40e011163135e9b
jdk23/debug/jarde/RawParam.stderr.txt	2e124d8271aafd1edd87fd225698f35ce908d8786d7e0e9c80bf4a3a34ac68c3
jdk23/debug/jarde/RetainedAliasRawParam.java	67c03164c7f4c286881d760c247bdc8ed73c851a4377db2751830cc607eb3f89
jdk23/debug/jarde/RetainedAliasRawParam.stderr.txt	ccf9c258b08314b8e0b68f4d294c7e3097b9a09bcc11e4775e4f2cc326d891df
jdk23/debug/jarde/ShadowMethodT.java	b6d351665b1a03c8f6b0bfadfbb2dc22c1ab88457700d15dc23ffdd9d8ec560e
jdk23/debug/jarde/ShadowMethodT.stderr.txt	241933f516b4339efd554ffb2df1761d585356b5b2178157347360b8cffee3ef
jdk23/debug/jarde/StaticRawLocal.java	9ec274de3d0847441e7de73ff79a6d027179b6c14306c18643ee8e2346b54332
jdk23/debug/jarde/StaticRawLocal.stderr.txt	3ae6d4951face24b111dc75372a5ab8dd9697882382ce8f503da39817d25833a
jdk23/debug/jarde/ThisReceiver.java	a97d2cf3fb8ae606b390fe7a96386fb611ca686a76a5a25889978f7e8fc03c52
jdk23/debug/jarde/ThisReceiver.stderr.txt	3cb904ea04ece4a3f6d5d66118bcc8c23ae6992b5eb300c401486d21729bb82f
jdk23/debug/jarde/TypedReceiver.java	bdf8ee04b0e67af0e95616b5995872c1accab0101131b4987ca1cfa4bc6d46f0
jdk23/debug/jarde/TypedReceiver.stderr.txt	b335b5405c820d32e9b1ea2a42c76a3ca1a1fb98566d90d495b7fa728e9ecdeb
jdk23/debug/jarde/WideRawParam.java	a8c2366e3a709f7941c00dff72d5921e0b3e9772cd7195d3caf1094bb0a95be9
jdk23/debug/jarde/WideRawParam.stderr.txt	00a85eda6570181a1ba5457643ab2319ef475da61891110686c9f01b97ce3df5
jdk23/debug/javap/Array2DRawParam.txt	d3e7d59ed9de6427484423766e890742100e50539680c5500ba76a78e978aee4
jdk23/debug/javap/ArrayRawParam.txt	545cc0ed9cd4ee5a3dfd9cd36bc2ea9f99b43a4f296001fa1ba87c4e70461483
jdk23/debug/javap/BoundRawParam.txt	a9cc48530178948b0ef2522222ee87f6fa4b18a9562c438d23c2d4df0f163cec
jdk23/debug/javap/DirectInstanceRawParam.txt	dae6436bf67ca48a6be069fb2a99259f629e616df93c99788d6e280e92c7e1a0
jdk23/debug/javap/InstanceRawLocal.txt	61694ae4173e5acf45257dc21e14f18369f88e8d6174cfecd499bb58b4716a5b
jdk23/debug/javap/MultiFormalRawParam.txt	c0f896241d7a15ce2877ce98de100e669f49b4bece1511ba65c16a2fa4ce30e8
jdk23/debug/javap/NullRawParam.txt	24639551a84c9f092e03155ca19a00ce4785ab1a0c04ee008338724e5e688749
jdk23/debug/javap/PrimitiveArrayRawParam.txt	0c5e9afe111852818d0ec9547e756192d3bc649e63e7c30af4a83cd8c15c5a88
jdk23/debug/javap/RawOwnerChild.txt	0132462da1080853f38ff9c046056abc9d806c2dcc4f0512ee12bbb1c19261fa
jdk23/debug/javap/RawParam.txt	643f960b952233003d168002eff538f1174de04eaf360b4fed0e1bf87c87fc49
jdk23/debug/javap/RetainedAliasRawParam.txt	52f1a5e1188002499119033efef31c9651210558f5418d43808f7d80148d4ac7
jdk23/debug/javap/ShadowMethodT.txt	62ec7dca1ba288360e9cdb3dee7d6fa51bae38174902fd3bf4b25b89706bdbab
jdk23/debug/javap/StaticRawLocal.txt	3c02dbbd54549b6584dcc4fda9101a47af57af55262067b96d7fcc0a3d769992
jdk23/debug/javap/ThisReceiver.txt	343a15458cd6d05d7e7f5ffc955904a3cb22e08e6a218bac9f67c26aff810430
jdk23/debug/javap/TypedReceiver.txt	644a2c56d254b7f5fa9ba80670e3d02a9669e01d27ed79af9f3eb1678495a307
jdk23/debug/javap/WideRawParam.txt	32e088383eb2592a9d7024fdad617672d9dd852f63dc5c9f6c519674a14fbf1a
jdk23/debug/runtime/Array2DRawParam.jadx.txt	8a25af8b8504893fffac8c1872e3c93e85925b6aa0b3d9ff5f62750cee2ba267
jdk23/debug/runtime/Array2DRawParam.jarde.txt	f48a2d307b1f6c7abb8d91e7a8ed8a5ccc87d07c1114588c08ddfb0808240329
jdk23/debug/runtime/Array2DRawParam.original.txt	f48a2d307b1f6c7abb8d91e7a8ed8a5ccc87d07c1114588c08ddfb0808240329
jdk23/debug/runtime/ArrayRawParam.jadx.txt	65890eea8fe7c3065fbc2f644c7253d5354fdffeba56efc1a47107d7914063b6
jdk23/debug/runtime/ArrayRawParam.jarde.txt	d51f3b7d45328701a337bb2285770bcd1cf8f2179c66734c318010571e65ac8b
jdk23/debug/runtime/ArrayRawParam.original.txt	d51f3b7d45328701a337bb2285770bcd1cf8f2179c66734c318010571e65ac8b
jdk23/debug/runtime/BoundRawParam.jadx.txt	bdeb71e6ccb9da375831745c55c6fa5137fd29b7007948eecaea74516d6991ca
jdk23/debug/runtime/BoundRawParam.jarde.txt	0c5cb2a465e5db671d09e57d82dc7d2279cee6ef898da3154a4cac90f5c80de8
jdk23/debug/runtime/BoundRawParam.original.txt	0c5cb2a465e5db671d09e57d82dc7d2279cee6ef898da3154a4cac90f5c80de8
jdk23/debug/runtime/DirectInstanceRawParam.jadx.txt	b3cda9506188b60dd9d215bc5efd1dafb315f344e7cea3910361ebe407f0cc9b
jdk23/debug/runtime/DirectInstanceRawParam.jarde.txt	9358c79b8f63417a168963e9dc02e1e1359ee5bda8614638bec755f01d5683be
jdk23/debug/runtime/DirectInstanceRawParam.original.txt	9358c79b8f63417a168963e9dc02e1e1359ee5bda8614638bec755f01d5683be
jdk23/debug/runtime/InstanceRawLocal.jarde.txt	c4a0fd4eb5e838df4c7116cc09d11740387e51309b8dd9c85cb1eac73adb9692
jdk23/debug/runtime/InstanceRawLocal.original.txt	b5f800a25ef5e547f36ccdecb9d6798cca74aee4a8a677d83bd449aea30f57e1
jdk23/debug/runtime/MultiFormalRawParam.jadx.txt	8d284d37fb44425659f63776c8f684d596146724e653b1147b4adc2b7c50d4e2
jdk23/debug/runtime/MultiFormalRawParam.jarde.txt	8bc5d0b9f7ed8f8820c0a056a24f74615b3e6104dd1ccada41aee9975df41485
jdk23/debug/runtime/MultiFormalRawParam.original.txt	6d16de1512a82cf13a56f94903001249dbfdb1ab81b29b817616448334e1d0c4
jdk23/debug/runtime/NullRawParam.jadx.txt	f4e759450c3306919076b843e677ebd4315a206a7a08c607258e8ee49a6eb720
jdk23/debug/runtime/NullRawParam.jarde.txt	99432d5aa83e97874597f1a0fde12c2a963ce4099787ae00fd33faff35b18418
jdk23/debug/runtime/NullRawParam.original.txt	99432d5aa83e97874597f1a0fde12c2a963ce4099787ae00fd33faff35b18418
jdk23/debug/runtime/PrimitiveArrayRawParam.jadx.txt	8dbde5389e6da69a121d5ad297157ee52bcb682d49d75d8a4bc7844fd4d1d1e8
jdk23/debug/runtime/PrimitiveArrayRawParam.jarde.txt	e156798549dd3ab3c3eced5fadfdced0789f4ee0e3f65410c291f2c46434dfba
jdk23/debug/runtime/PrimitiveArrayRawParam.original.txt	e156798549dd3ab3c3eced5fadfdced0789f4ee0e3f65410c291f2c46434dfba
jdk23/debug/runtime/RawOwnerChild.jadx.txt	2404a47a7f7c206decbce521d1ad8ca2966f33929a01a6e1cd462d7eda65b76b
jdk23/debug/runtime/RawOwnerChild.jarde.txt	e65da6d8f2478e3a0b6f43759b106518ecb2b77f17bd072cf737ed70a4ac28ad
jdk23/debug/runtime/RawOwnerChild.original.txt	c25e0c82c8f818f082f08ceef41ac63b15ed1ce4bb020bcf1eff5396c577b047
jdk23/debug/runtime/RawParam.jadx.txt	33b65814b563635c3b26f292f11a234ec9eda87fc8bbf5409c3fc0f323ad9d3d
jdk23/debug/runtime/RawParam.jarde.txt	6a2e3f1a9739b680582fea7e805eed4d712c0aaa5f345bb00d8449a502e68b6d
jdk23/debug/runtime/RawParam.original.txt	6a2e3f1a9739b680582fea7e805eed4d712c0aaa5f345bb00d8449a502e68b6d
jdk23/debug/runtime/RetainedAliasRawParam.jadx.txt	f92fd71052669f4c2419e8516949617f14ee858caeb232d80d63117f41ea2d94
jdk23/debug/runtime/RetainedAliasRawParam.jarde.txt	587147b6fcdb6f90959b73653be0302d121556b4c0626fb20a88ff47291ce8ff
jdk23/debug/runtime/RetainedAliasRawParam.original.txt	587147b6fcdb6f90959b73653be0302d121556b4c0626fb20a88ff47291ce8ff
jdk23/debug/runtime/ShadowMethodT.jadx.txt	1c91e9e73e2b1038112652360b7e0dcd639e400df84523aac0d0102801a17264
jdk23/debug/runtime/ShadowMethodT.jarde.txt	ceb1dd45add8519cb6e22a15e06a6eab6b515c2f59d517b64ede6b379fcd7b53
jdk23/debug/runtime/ShadowMethodT.original.txt	e491f2fc9b0efb07abdaf9da8848a50d38b4da3848f045e3268c35d95124df5a
jdk23/debug/runtime/StaticRawLocal.jadx.txt	caa078a6f6a66a11482c09645632ebb52566091c80fab4fa927b1053dce64fde
jdk23/debug/runtime/StaticRawLocal.jarde.txt	25ea87cacc91c856b41331c020cf776ffda40333d737cff0309fadf5141463b0
jdk23/debug/runtime/StaticRawLocal.original.txt	25ea87cacc91c856b41331c020cf776ffda40333d737cff0309fadf5141463b0
jdk23/debug/runtime/ThisReceiver.jadx.txt	f2c2ade79741f3c077a9767a2c86b6f9e8b3c91395a41c1c035e78ca2c19717e
jdk23/debug/runtime/ThisReceiver.jarde.txt	9916911dd761a7b0d550673bef203cb77fb4cb96733a8fb0a2184fb7d3ba65b8
jdk23/debug/runtime/ThisReceiver.original.txt	9916911dd761a7b0d550673bef203cb77fb4cb96733a8fb0a2184fb7d3ba65b8
jdk23/debug/runtime/TypedReceiver.jadx.txt	1a07b6f4350dff1a6ca5a3e4ec3062096840ad9dbc1a6efbd816e82d4c9ccb31
jdk23/debug/runtime/TypedReceiver.jarde.txt	d7134843994e4b3ba1d434e5bdfba85531e98e0ec94492801f5dbfa4a5b0ca18
jdk23/debug/runtime/TypedReceiver.original.txt	7f08ef56194b137543c901f9bd3946d1ac0f4153f2cc202df75762d9c8052a16
jdk23/debug/runtime/WideRawParam.jadx.txt	bb098a483d7226c3ef490fd7d5502cfaae0fa2dc00a248054971f81a95f5b14e
jdk23/debug/runtime/WideRawParam.jarde.txt	9b6ad934d85edae64408a458838c3e4654befd592a41b43cedf7710c2e9b1512
jdk23/debug/runtime/WideRawParam.original.txt	9b6ad934d85edae64408a458838c3e4654befd592a41b43cedf7710c2e9b1512
jdk23/no-debug/jadx/Array2DRawParam/sources/defpackage/Array2DRawParam.java	7bf3005284b755fe00567641896be8ddcb1010ecdf431bb7cbd62e0fed69cd65
jdk23/no-debug/jadx/ArrayRawParam/sources/defpackage/ArrayRawParam.java	ce0ba57264c94dc463df8d3dbd6b3be4221b852d694a4a6471d38a3f13b35d4b
jdk23/no-debug/jadx/BoundRawParam/sources/defpackage/BoundRawParam.java	c728ec861a3d99357641665f0f7db8e272eda3309e78679b587b8bf8d4b156b7
jdk23/no-debug/jadx/DirectInstanceRawParam/sources/defpackage/DirectInstanceRawParam.java	d510980f6071ada1a310dd5a76fd7ff932c97703337c794fbccb526b8309c33c
jdk23/no-debug/jadx/InstanceRawLocal/sources/defpackage/InstanceRawLocal.java	183a867140d3ec0d651f1c6024251ab3805b4a7cb5736eab8893104121ed39df
jdk23/no-debug/jadx/MultiFormalRawParam/sources/defpackage/MultiFormalRawParam.java	7d015e6743c7ed99d6c7690a03fcf4ecf861a9c582097a14130d74c338cc9376
jdk23/no-debug/jadx/NullRawParam/sources/defpackage/NullRawParam.java	a851150cb6e01aab4844ecce9c0ebb6f65cf050e4aef37382ef53b379c9c7d87
jdk23/no-debug/jadx/PrimitiveArrayRawParam/sources/defpackage/PrimitiveArrayRawParam.java	331c49fc214f34eda5179d4a5fdd3a84dccbec84b083fc49d9121ea426240d11
jdk23/no-debug/jadx/RawOwnerChild/sources/defpackage/RawOwnerBase.java	a4256e0b800f68dffd6124722d909d24bb9958b2d27d0668e20575fd05ead39d
jdk23/no-debug/jadx/RawOwnerChild/sources/defpackage/RawOwnerChild.java	7b1d0110195f085b030ec850679ab6449421c0bc84e5a9decc86d154332e6a5b
jdk23/no-debug/jadx/RawParam/sources/defpackage/RawParam.java	12bd0a83b15704e980d959b9015f1cee6036fe3e2ea3cf799a394dd9a4732787
jdk23/no-debug/jadx/RetainedAliasRawParam/sources/defpackage/RetainedAliasRawParam.java	a04d278d436e9e8d24ab1aa54b93f44ae2766c59e3670b1f663515abdd163ced
jdk23/no-debug/jadx/ShadowMethodT/sources/defpackage/ShadowMethodT.java	a3cc4ded8594ea60b6a6aded917b5d81b18665b64ed2a0e7e869b7435445eeec
jdk23/no-debug/jadx/StaticRawLocal/sources/defpackage/StaticRawLocal.java	c62aaca50bf0904967018ce58649678d845644764106ae6e56fc95af81c82cd2
jdk23/no-debug/jadx/ThisReceiver/sources/defpackage/ThisReceiver.java	29bdbc10deda533facdba2757b0246d7b9e1284023c246cbff18c76ea9e82a3c
jdk23/no-debug/jadx/TypedReceiver/sources/defpackage/TypedReceiver.java	93a41a4f4f11b77fc7b06c143144ebb4254d182495e5a60594be22385b0e594b
jdk23/no-debug/jadx/WideRawParam/sources/defpackage/WideRawParam.java	688c4a0e9325d677f23f0a8f7c56c05436f009b6b8249eb0336dc5362904b189
jdk23/no-debug/jarde/Array2DRawParam.java	84b51bbf39ee444117977442cc40e3d8c27a72fb65b6164c7b2fbdfcc4eae13c
jdk23/no-debug/jarde/Array2DRawParam.stderr.txt	48550e414e0b9db6393d874a1aaa3add75a3868bb315dbebcbecb6dd7fdea8ca
jdk23/no-debug/jarde/ArrayRawParam.java	6eca13086c3cca27c7ef5ed7c3ebc60b7bd9d8daada5cdd7d9c1eb80bf88c0bf
jdk23/no-debug/jarde/ArrayRawParam.stderr.txt	046a2af3fc65df6840cdc68567a79c7f01ca51cab6f94aebfb06314c80ddced9
jdk23/no-debug/jarde/BoundRawParam.java	81ee814aa442d16bedb0f72f370830c16ee2069d4e84754453ae15445e258294
jdk23/no-debug/jarde/BoundRawParam.stderr.txt	507bb714b3093bcc21b43cb6a4ba21cb66e2e7c7279277117e6d9164501a55dd
jdk23/no-debug/jarde/DirectInstanceRawParam.java	4a94736315b6eae244e0c86bd52673d4184206d783c03a281542fea7858efed2
jdk23/no-debug/jarde/DirectInstanceRawParam.stderr.txt	ecb93ae81b0767f95cda9691897bb70c0114f52f0310d7fb7ffca4b2a3753f2e
jdk23/no-debug/jarde/InstanceRawLocal.java	da10013688a30b0cc61c5f8ad8649f79792d67b4ea0d861293afdaf595225214
jdk23/no-debug/jarde/InstanceRawLocal.stderr.txt	29f479d06802fe62eebf5836709dce024968c0b571b33081fb9287d3c01f6d96
jdk23/no-debug/jarde/MultiFormalRawParam.java	25dc6e16e8b9f5a62fe2333fe44c3491fde8f6d40b762bca42951af6d817bbd1
jdk23/no-debug/jarde/MultiFormalRawParam.stderr.txt	d714370fb74d3e8886b1f143dc1839ebac59e4a225557f0b24606d2bcc3a072f
jdk23/no-debug/jarde/NullRawParam.java	d68300b3bdd64dc0a1769de4c77a88e3eebccc14b47a17dc3e1ee4f8165ca2e2
jdk23/no-debug/jarde/NullRawParam.stderr.txt	c35226e6f74b2a13a1c098ab5ce38388e3f373c1eb337ffede585361770ba10f
jdk23/no-debug/jarde/PrimitiveArrayRawParam.java	90298d00e9daee2bf9bea1ca50260dee0b170c49e8bc25e85ffbce8789fa2c77
jdk23/no-debug/jarde/PrimitiveArrayRawParam.stderr.txt	0ff60a68b985329b2cd0a6f9824b02a6eb357d7fe0bffaeb7f7463d6cedb557c
jdk23/no-debug/jarde/RawOwnerBase.java	f400195673e17b46cfe5e1ecf2dfa6ad1e569fc2a83c23d92202a00ba21aba24
jdk23/no-debug/jarde/RawOwnerBase.stderr.txt	7a158b2c6fe1eccd314f2e0ce30651bfb9e92b0e9b4a832ce194ce3789a3d8b7
jdk23/no-debug/jarde/RawOwnerChild.java	8bc50b0f6cb5bc0a65e96706a623c1fc4bc19fa7d9d3586ebaace845198a1015
jdk23/no-debug/jarde/RawOwnerChild.stderr.txt	4877864af0045411adfd5c58470470e1c77b4bebd33b8b4b7ce4450cafacb6fe
jdk23/no-debug/jarde/RawParam.java	deadf9d5abebeb93b29bb8330dd107c0f9f84ba1ddfa430103fcb8261f91caa4
jdk23/no-debug/jarde/RawParam.stderr.txt	98278b3fe718b6023cf79370f5bb92c8d10f67008003ce7b2dcc2a2ceda9da48
jdk23/no-debug/jarde/RetainedAliasRawParam.java	e3536151d6425f7cf9e601be73cd6fccdb94be39c2157ee6ae0f84a8c7d364e5
jdk23/no-debug/jarde/RetainedAliasRawParam.stderr.txt	35a33ed6600a071ea930324aa1e6b93a7a05291a6f96632a57600cf7bef3ff01
jdk23/no-debug/jarde/ShadowMethodT.java	b04b610fd3bcae70366460c87281526e1a77989a2393c91d4e0cf746fee52a9a
jdk23/no-debug/jarde/ShadowMethodT.stderr.txt	ed37abe92acf5384795af340962867e1deb7e72ae418ec4edb81228ecbce4c9a
jdk23/no-debug/jarde/StaticRawLocal.java	fd3a53f3051037b2d49c8966c16550fc2360b0f7494664a72673443748783747
jdk23/no-debug/jarde/StaticRawLocal.stderr.txt	4c241aaa5f28e9e865eb2a9d01b398bc2dd4f8bad4b0fe54e562cf84d19d2fdc
jdk23/no-debug/jarde/ThisReceiver.java	0c40a3e0e09b0e97ca13b527dcc647a9f01c29a3f73f31f6d7de68b4408b0d8f
jdk23/no-debug/jarde/ThisReceiver.stderr.txt	b8ba1c703176f660a5eec29cb442365bf3ea1c28f4402ba2b2662fd160999bcd
jdk23/no-debug/jarde/TypedReceiver.java	50c3079f863db603a415bf7cc07cdbc4457249ab9e0bfadcb21fa7b4aaccd53b
jdk23/no-debug/jarde/TypedReceiver.stderr.txt	cd8c1fe3713ad9835afe41ca054a7b6d2345591c9ed8e408e0c082906f27c8d5
jdk23/no-debug/jarde/WideRawParam.java	1fffb038dc24c28f794c348a356b25bf8f3cac2017e72733ba1b38208c722010
jdk23/no-debug/jarde/WideRawParam.stderr.txt	6a13721c84fecc06f4e242225f193511b857c0424113f8312fd25ef059a01b80
jdk23/no-debug/javap/Array2DRawParam.txt	de0dd64fa34b565d95e66c3dd20304a0c61908e78e94815258d484d805894dee
jdk23/no-debug/javap/ArrayRawParam.txt	76131af95db7c4c709ae0a1ac1f17e1941539e37fef78db6fe7c544ea40a3f77
jdk23/no-debug/javap/BoundRawParam.txt	a5cc3eb82c80f8280fbc27eb671f298f44ad55c18b51ebd9fb1b1dfee515319e
jdk23/no-debug/javap/DirectInstanceRawParam.txt	86b769b524ec33859cadd81aa8555413bab468a4f6c6fb443e23e3bcfd337a1b
jdk23/no-debug/javap/InstanceRawLocal.txt	ff39951f4582e15378eac0ce1397753e028059a8a7446254fc50b21b7e777eee
jdk23/no-debug/javap/MultiFormalRawParam.txt	4a09857ffb5fb119716fadaab498240930a0315b6ec6efcbac843d0b6ecd0729
jdk23/no-debug/javap/NullRawParam.txt	3da7f16383956fcfba0362b07d0397c4521642a0129cb1d11a6d5b0794734e43
jdk23/no-debug/javap/PrimitiveArrayRawParam.txt	46921aa1b278c7e676eeb72ee249cc5b9b5c6ce85a313d320faa4514e476c6ae
jdk23/no-debug/javap/RawOwnerChild.txt	1faa3568f1ac92d22de17f20c46261e9ec207e3b1e8a44f5dbe98337e214c13e
jdk23/no-debug/javap/RawParam.txt	da4a2617e0e141bd47eda6588e1493e538f200232d07ad2b4b45a375ba72b62a
jdk23/no-debug/javap/RetainedAliasRawParam.txt	62fc5ac7f72922c89480e5a834531e8f83800794857777d7708557259feddc97
jdk23/no-debug/javap/ShadowMethodT.txt	21bdc1dc6eaae9e029c98be6702c2be862675bb102994fb0ffea284c0fa0e895
jdk23/no-debug/javap/StaticRawLocal.txt	650bcea27e776c0eb6eae39111c62625889c7fb1ecc319bd62b40869f51404c4
jdk23/no-debug/javap/ThisReceiver.txt	f8cb778404269f6dbb0e4ec7b2557386cfba4cb551527c4b21529354aa8df6c4
jdk23/no-debug/javap/TypedReceiver.txt	e3d115aedb5acf674231df3249b1cfc3da3ec4db2a135c59cff7fa9042f29958
jdk23/no-debug/javap/WideRawParam.txt	8040f386f71de3028b172bcf3c865af0c91588114f3b077d990cb692bcaa77d8
jdk23/no-debug/runtime/Array2DRawParam.jadx.txt	8a25af8b8504893fffac8c1872e3c93e85925b6aa0b3d9ff5f62750cee2ba267
jdk23/no-debug/runtime/Array2DRawParam.jarde.txt	f48a2d307b1f6c7abb8d91e7a8ed8a5ccc87d07c1114588c08ddfb0808240329
jdk23/no-debug/runtime/Array2DRawParam.original.txt	f48a2d307b1f6c7abb8d91e7a8ed8a5ccc87d07c1114588c08ddfb0808240329
jdk23/no-debug/runtime/ArrayRawParam.jadx.txt	65890eea8fe7c3065fbc2f644c7253d5354fdffeba56efc1a47107d7914063b6
jdk23/no-debug/runtime/ArrayRawParam.jarde.txt	d51f3b7d45328701a337bb2285770bcd1cf8f2179c66734c318010571e65ac8b
jdk23/no-debug/runtime/ArrayRawParam.original.txt	d51f3b7d45328701a337bb2285770bcd1cf8f2179c66734c318010571e65ac8b
jdk23/no-debug/runtime/BoundRawParam.jadx.txt	bdeb71e6ccb9da375831745c55c6fa5137fd29b7007948eecaea74516d6991ca
jdk23/no-debug/runtime/BoundRawParam.jarde.txt	0c5cb2a465e5db671d09e57d82dc7d2279cee6ef898da3154a4cac90f5c80de8
jdk23/no-debug/runtime/BoundRawParam.original.txt	0c5cb2a465e5db671d09e57d82dc7d2279cee6ef898da3154a4cac90f5c80de8
jdk23/no-debug/runtime/DirectInstanceRawParam.jadx.txt	b3cda9506188b60dd9d215bc5efd1dafb315f344e7cea3910361ebe407f0cc9b
jdk23/no-debug/runtime/DirectInstanceRawParam.jarde.txt	9358c79b8f63417a168963e9dc02e1e1359ee5bda8614638bec755f01d5683be
jdk23/no-debug/runtime/DirectInstanceRawParam.original.txt	9358c79b8f63417a168963e9dc02e1e1359ee5bda8614638bec755f01d5683be
jdk23/no-debug/runtime/InstanceRawLocal.jarde.txt	c4a0fd4eb5e838df4c7116cc09d11740387e51309b8dd9c85cb1eac73adb9692
jdk23/no-debug/runtime/InstanceRawLocal.original.txt	b5f800a25ef5e547f36ccdecb9d6798cca74aee4a8a677d83bd449aea30f57e1
jdk23/no-debug/runtime/MultiFormalRawParam.jadx.txt	8d284d37fb44425659f63776c8f684d596146724e653b1147b4adc2b7c50d4e2
jdk23/no-debug/runtime/MultiFormalRawParam.jarde.txt	8bc5d0b9f7ed8f8820c0a056a24f74615b3e6104dd1ccada41aee9975df41485
jdk23/no-debug/runtime/MultiFormalRawParam.original.txt	6d16de1512a82cf13a56f94903001249dbfdb1ab81b29b817616448334e1d0c4
jdk23/no-debug/runtime/NullRawParam.jadx.txt	f4e759450c3306919076b843e677ebd4315a206a7a08c607258e8ee49a6eb720
jdk23/no-debug/runtime/NullRawParam.jarde.txt	99432d5aa83e97874597f1a0fde12c2a963ce4099787ae00fd33faff35b18418
jdk23/no-debug/runtime/NullRawParam.original.txt	99432d5aa83e97874597f1a0fde12c2a963ce4099787ae00fd33faff35b18418
jdk23/no-debug/runtime/PrimitiveArrayRawParam.jadx.txt	8dbde5389e6da69a121d5ad297157ee52bcb682d49d75d8a4bc7844fd4d1d1e8
jdk23/no-debug/runtime/PrimitiveArrayRawParam.jarde.txt	e156798549dd3ab3c3eced5fadfdced0789f4ee0e3f65410c291f2c46434dfba
jdk23/no-debug/runtime/PrimitiveArrayRawParam.original.txt	e156798549dd3ab3c3eced5fadfdced0789f4ee0e3f65410c291f2c46434dfba
jdk23/no-debug/runtime/RawOwnerChild.jadx.txt	2404a47a7f7c206decbce521d1ad8ca2966f33929a01a6e1cd462d7eda65b76b
jdk23/no-debug/runtime/RawOwnerChild.jarde.txt	e65da6d8f2478e3a0b6f43759b106518ecb2b77f17bd072cf737ed70a4ac28ad
jdk23/no-debug/runtime/RawOwnerChild.original.txt	c25e0c82c8f818f082f08ceef41ac63b15ed1ce4bb020bcf1eff5396c577b047
jdk23/no-debug/runtime/RawParam.jadx.txt	33b65814b563635c3b26f292f11a234ec9eda87fc8bbf5409c3fc0f323ad9d3d
jdk23/no-debug/runtime/RawParam.jarde.txt	6a2e3f1a9739b680582fea7e805eed4d712c0aaa5f345bb00d8449a502e68b6d
jdk23/no-debug/runtime/RawParam.original.txt	6a2e3f1a9739b680582fea7e805eed4d712c0aaa5f345bb00d8449a502e68b6d
jdk23/no-debug/runtime/RetainedAliasRawParam.jadx.txt	f92fd71052669f4c2419e8516949617f14ee858caeb232d80d63117f41ea2d94
jdk23/no-debug/runtime/RetainedAliasRawParam.jarde.txt	587147b6fcdb6f90959b73653be0302d121556b4c0626fb20a88ff47291ce8ff
jdk23/no-debug/runtime/RetainedAliasRawParam.original.txt	587147b6fcdb6f90959b73653be0302d121556b4c0626fb20a88ff47291ce8ff
jdk23/no-debug/runtime/ShadowMethodT.jadx.txt	1c91e9e73e2b1038112652360b7e0dcd639e400df84523aac0d0102801a17264
jdk23/no-debug/runtime/ShadowMethodT.jarde.txt	ceb1dd45add8519cb6e22a15e06a6eab6b515c2f59d517b64ede6b379fcd7b53
jdk23/no-debug/runtime/ShadowMethodT.original.txt	e491f2fc9b0efb07abdaf9da8848a50d38b4da3848f045e3268c35d95124df5a
jdk23/no-debug/runtime/StaticRawLocal.jadx.txt	caa078a6f6a66a11482c09645632ebb52566091c80fab4fa927b1053dce64fde
jdk23/no-debug/runtime/StaticRawLocal.jarde.txt	25ea87cacc91c856b41331c020cf776ffda40333d737cff0309fadf5141463b0
jdk23/no-debug/runtime/StaticRawLocal.original.txt	25ea87cacc91c856b41331c020cf776ffda40333d737cff0309fadf5141463b0
jdk23/no-debug/runtime/ThisReceiver.jadx.txt	f2c2ade79741f3c077a9767a2c86b6f9e8b3c91395a41c1c035e78ca2c19717e
jdk23/no-debug/runtime/ThisReceiver.jarde.txt	9916911dd761a7b0d550673bef203cb77fb4cb96733a8fb0a2184fb7d3ba65b8
jdk23/no-debug/runtime/ThisReceiver.original.txt	9916911dd761a7b0d550673bef203cb77fb4cb96733a8fb0a2184fb7d3ba65b8
jdk23/no-debug/runtime/TypedReceiver.jadx.txt	1a07b6f4350dff1a6ca5a3e4ec3062096840ad9dbc1a6efbd816e82d4c9ccb31
jdk23/no-debug/runtime/TypedReceiver.jarde.txt	d7134843994e4b3ba1d434e5bdfba85531e98e0ec94492801f5dbfa4a5b0ca18
jdk23/no-debug/runtime/TypedReceiver.original.txt	7f08ef56194b137543c901f9bd3946d1ac0f4153f2cc202df75762d9c8052a16
jdk23/no-debug/runtime/WideRawParam.jadx.txt	bb098a483d7226c3ef490fd7d5502cfaae0fa2dc00a248054971f81a95f5b14e
jdk23/no-debug/runtime/WideRawParam.jarde.txt	9b6ad934d85edae64408a458838c3e4654befd592a41b43cedf7710c2e9b1512
jdk23/no-debug/runtime/WideRawParam.original.txt	9b6ad934d85edae64408a458838c3e4654befd592a41b43cedf7710c2e9b1512
jdk23/versions/java.txt	11d9a1559a3f4fab380e536f54e14acacdbd9fb56e147f04a9cc4723e3c229f7
jdk23/versions/javac.txt	8b08d363e50e3d8f80fe38c5910e7f52b3e267b192efacb74878c7103361d3cd
jdk8/debug/jadx/Array2DRawParam/sources/defpackage/Array2DRawParam.java	d9af1990c95193456c46473f31939177a2632e34152dde0ed791caf10ac40d27
jdk8/debug/jadx/ArrayRawParam/sources/defpackage/ArrayRawParam.java	b9356814382670f5cc31457caf107ca11a4836ca88b6a2964a73120afa021457
jdk8/debug/jadx/BoundRawParam/sources/defpackage/BoundRawParam.java	4545a9f6e22269ff21bcac1e1abc69f7f9186d982c4c395eb5c10471783b9eda
jdk8/debug/jadx/DirectInstanceRawParam/sources/defpackage/DirectInstanceRawParam.java	d5a81d1a0941226f34e220c355943cd81eace76a7f72ab9c0a07e079166af029
jdk8/debug/jadx/InstanceRawLocal/sources/defpackage/InstanceRawLocal.java	183a867140d3ec0d651f1c6024251ab3805b4a7cb5736eab8893104121ed39df
jdk8/debug/jadx/MultiFormalRawParam/sources/defpackage/MultiFormalRawParam.java	46dff0ad150401facc3becf5fa2e92685a87d46f2c9b537e02a20af4e0da4072
jdk8/debug/jadx/NullRawParam/sources/defpackage/NullRawParam.java	2497fde8c7696cef28caddbb5432e9775944289511bd27767183fd2665087b19
jdk8/debug/jadx/PrimitiveArrayRawParam/sources/defpackage/PrimitiveArrayRawParam.java	6e080e95264345c55088fab59d326568454b5c431b3bd4674254c4c3f7931b0b
jdk8/debug/jadx/RawOwnerChild/sources/defpackage/RawOwnerBase.java	a4256e0b800f68dffd6124722d909d24bb9958b2d27d0668e20575fd05ead39d
jdk8/debug/jadx/RawOwnerChild/sources/defpackage/RawOwnerChild.java	ea53cd737a4ca1e297f8ae71a5ed156924a2cf3ad7c61206b43694e7cb016fde
jdk8/debug/jadx/RawParam/sources/defpackage/RawParam.java	a36e1bd1ec630ddccadc5178ea2ef1483d9b784fef412784d34d672f34d9c855
jdk8/debug/jadx/RetainedAliasRawParam/sources/defpackage/RetainedAliasRawParam.java	0d8c28f014d9873131e2277ec147645b4f2e8f88f10d96ebafa1ca68ec7519a9
jdk8/debug/jadx/ShadowMethodT/sources/defpackage/ShadowMethodT.java	e638423e067858654f869a3c38d7f38daf64e4a0855011122ace6be028722f99
jdk8/debug/jadx/StaticRawLocal/sources/defpackage/StaticRawLocal.java	0875242685024debb56daf13e862932967d9e7c860f92e7b89c872dc99a16be8
jdk8/debug/jadx/ThisReceiver/sources/defpackage/ThisReceiver.java	908f8f9ccda887868f6a515f1942aed41297b5a73a55e0a062da8faeca7b049f
jdk8/debug/jadx/TypedReceiver/sources/defpackage/TypedReceiver.java	f6885117b5b3c43020e4cede27dbe323b9d8ef2900b0d386adc3a22e1abcc97f
jdk8/debug/jadx/WideRawParam/sources/defpackage/WideRawParam.java	1b5390662572c65827dc2e38557a649a6c3f92cb2c6813556092327e680a54fd
jdk8/debug/jarde/Array2DRawParam.java	d4ba813f6f198eed97a53a5c193bca2f69698ce49b7a93aa69e279e7c27acb62
jdk8/debug/jarde/Array2DRawParam.stderr.txt	5cbf598503183f1cf8b3147e20d7a51f4313fa8ee95eb67b40327ec7448c9dfe
jdk8/debug/jarde/ArrayRawParam.java	c8c72849f11741a77f70b21b0436745c69e7f2e9d60ae7c7724adfd147a8faab
jdk8/debug/jarde/ArrayRawParam.stderr.txt	eb6b369395e65455e1203ffab529c3361d9a929a549b41c8388439e03a172e59
jdk8/debug/jarde/BoundRawParam.java	6780b9df7fd79af1b6d8e0acb289d0257a77eaa548101c8cfe3fdc3911d66eac
jdk8/debug/jarde/BoundRawParam.stderr.txt	2c5a6cd88466bdbf92558ae05e12defe5f2a6268e9c478b3e0bca8a6455b4bd9
jdk8/debug/jarde/DirectInstanceRawParam.java	66882766f2731a7d18b72428b8ad38d8f2bd8e0183b4bf42ab71e0a8bcb56671
jdk8/debug/jarde/DirectInstanceRawParam.stderr.txt	66d8b5002e02ad4ef2fb2405ff6bf899e05628a0e54efc774ddcf71f37b79b0f
jdk8/debug/jarde/InstanceRawLocal.java	5739eae80933689e02968db38be749560fea18f7852efc7071bc402ac1657445
jdk8/debug/jarde/InstanceRawLocal.stderr.txt	fc0d9457d794f76a6659059b51e88b134db3efa299a4941262390f46bffb7a34
jdk8/debug/jarde/MultiFormalRawParam.java	f619dc6de622abbbb601490c87b29154ed05f1dc9da16fd08f994de9faa1e729
jdk8/debug/jarde/MultiFormalRawParam.stderr.txt	e3d99be02ab583d3a279d140588f24847e1785b50a04eee52895a255f878f31c
jdk8/debug/jarde/NullRawParam.java	f60daa335370ba4b9535a79d8a6039e957fde7f7fbf1179b722b7dff8c1bb168
jdk8/debug/jarde/NullRawParam.stderr.txt	3a849021df222790a53f8bfef6ab2ec75abb86b380f710e6fad0a3933b34dcf2
jdk8/debug/jarde/PrimitiveArrayRawParam.java	ca19f53923fbfb66917c75ea83f0d5053343cf8c6aa62b562778ef54d5028a26
jdk8/debug/jarde/PrimitiveArrayRawParam.stderr.txt	082ab95d1efee06ebb0d71f96e5c013e111e2202429266053f54a177bf35f383
jdk8/debug/jarde/RawOwnerBase.java	f400195673e17b46cfe5e1ecf2dfa6ad1e569fc2a83c23d92202a00ba21aba24
jdk8/debug/jarde/RawOwnerBase.stderr.txt	e5b73e0a3af73b98007dae7fc08a0acaabe6fc51e2c11e5ed42496f5a1f63453
jdk8/debug/jarde/RawOwnerChild.java	85654234ed265aea8c2af90fe4353ca2be2b352c36d98476b0f89a9661e064cd
jdk8/debug/jarde/RawOwnerChild.stderr.txt	9dd6e6b39d4440d132d4191ff73be72e8d6c28bb99201c112875c8e95d703ac2
jdk8/debug/jarde/RawParam.java	e086985b6879bfbebb341e501fb7f963bc33d5623ac87904b40e011163135e9b
jdk8/debug/jarde/RawParam.stderr.txt	efab08e77270b4636ddb222474c2ac8ba99eb9d9aa9bbab3327cae50c760a902
jdk8/debug/jarde/RetainedAliasRawParam.java	67c03164c7f4c286881d760c247bdc8ed73c851a4377db2751830cc607eb3f89
jdk8/debug/jarde/RetainedAliasRawParam.stderr.txt	facc0b77f208c6394f511e2935aaedcdeaf580cfcdc6473b3e0697852ee35977
jdk8/debug/jarde/ShadowMethodT.java	b6d351665b1a03c8f6b0bfadfbb2dc22c1ab88457700d15dc23ffdd9d8ec560e
jdk8/debug/jarde/ShadowMethodT.stderr.txt	f06cc06496aea743461b7b8b2ae5d442aa4ca52d988047847b8496a4b3b0709d
jdk8/debug/jarde/StaticRawLocal.java	9ec274de3d0847441e7de73ff79a6d027179b6c14306c18643ee8e2346b54332
jdk8/debug/jarde/StaticRawLocal.stderr.txt	d4b1da95b282b7ce647359f4c3eef52d73cca103338dd8f2a1fc6db2de473fc9
jdk8/debug/jarde/ThisReceiver.java	a97d2cf3fb8ae606b390fe7a96386fb611ca686a76a5a25889978f7e8fc03c52
jdk8/debug/jarde/ThisReceiver.stderr.txt	feb09f633a76ddcf3f9d4e93af94ebfde8289d20b8ae7f8aea0c575773e5cea8
jdk8/debug/jarde/TypedReceiver.java	bdf8ee04b0e67af0e95616b5995872c1accab0101131b4987ca1cfa4bc6d46f0
jdk8/debug/jarde/TypedReceiver.stderr.txt	d3cfe37b633fb7d322174dfa29bd7ecfa8cd664d749ebeaf4f2df43a3776a3d7
jdk8/debug/jarde/WideRawParam.java	a8c2366e3a709f7941c00dff72d5921e0b3e9772cd7195d3caf1094bb0a95be9
jdk8/debug/jarde/WideRawParam.stderr.txt	ea9cc01edc592ce5b64f27e6d54591063cfb20b018bd81bf4e4f37c8df98f31a
jdk8/debug/javap/Array2DRawParam.txt	deba0d0fd6477619e89f6e76cb0525d7928b911974091d0073491756b6417e97
jdk8/debug/javap/ArrayRawParam.txt	4c7ce421a74e0ffc33ec4ecc7a9712fe726a9b9db67edf403b567249c28fe909
jdk8/debug/javap/BoundRawParam.txt	0583d8322acdeef96e916b2cd62e0e25b844428cb9daff422eefb25ea2352e81
jdk8/debug/javap/DirectInstanceRawParam.txt	985b63aa149ff87b9b79d1688950f005707ac1fe3ebca01c335333d2b931f006
jdk8/debug/javap/InstanceRawLocal.txt	9249a05a4572e949a37723bf4ff6085801591039804b4eee4014d3dd1f8cfd06
jdk8/debug/javap/MultiFormalRawParam.txt	dd1d4e622d2f408c5f5449b163dce274f44ce66b401816ce045a25ad1fc513c7
jdk8/debug/javap/NullRawParam.txt	139d2e1df5d613b81e80530d7449c85459b12960a83cda1800ca1f8801c39daf
jdk8/debug/javap/PrimitiveArrayRawParam.txt	6c4c7ae38c5a52141338d2360ce13fbbcd8a280a300025a4a460905647984ee8
jdk8/debug/javap/RawOwnerChild.txt	a3a1264e9c4e89058dde177c37e9e84d5d04b0241e271244df647a02a10108f8
jdk8/debug/javap/RawParam.txt	bc0b7e43895553691716cf1abb0c59faf3ab7b72ef31d17ce517b552e969b435
jdk8/debug/javap/RetainedAliasRawParam.txt	3cb057158548fc3131bab5f82e09bcb27fd50bfa5ef8d55801944101226deb0e
jdk8/debug/javap/ShadowMethodT.txt	5f88b0dbb9231e78d4e602f89003a6cb83bbca11530d969965acb02353395676
jdk8/debug/javap/StaticRawLocal.txt	e0994f098dd155f0f2867b8a271f4c7dfb09c0342b8f7ac40d767ee8c18864e4
jdk8/debug/javap/ThisReceiver.txt	2f2a02e12469f568ae016a6557d63d63bdb89f4e4ab63fe6a2e6ddf9a205ecaf
jdk8/debug/javap/TypedReceiver.txt	0fafdbe630a9c84f8a1689942d1d318fbf4965b15a3f175ce3af6e45ad59f135
jdk8/debug/javap/WideRawParam.txt	251a24fecb60d9545e8c5bff05871e4aec25485f0800735c1fe9de099cd4efdb
jdk8/debug/runtime/Array2DRawParam.jadx.txt	8a25af8b8504893fffac8c1872e3c93e85925b6aa0b3d9ff5f62750cee2ba267
jdk8/debug/runtime/Array2DRawParam.jarde.txt	f48a2d307b1f6c7abb8d91e7a8ed8a5ccc87d07c1114588c08ddfb0808240329
jdk8/debug/runtime/Array2DRawParam.original.txt	f48a2d307b1f6c7abb8d91e7a8ed8a5ccc87d07c1114588c08ddfb0808240329
jdk8/debug/runtime/ArrayRawParam.jadx.txt	65890eea8fe7c3065fbc2f644c7253d5354fdffeba56efc1a47107d7914063b6
jdk8/debug/runtime/ArrayRawParam.jarde.txt	d51f3b7d45328701a337bb2285770bcd1cf8f2179c66734c318010571e65ac8b
jdk8/debug/runtime/ArrayRawParam.original.txt	d51f3b7d45328701a337bb2285770bcd1cf8f2179c66734c318010571e65ac8b
jdk8/debug/runtime/BoundRawParam.jadx.txt	bdeb71e6ccb9da375831745c55c6fa5137fd29b7007948eecaea74516d6991ca
jdk8/debug/runtime/BoundRawParam.jarde.txt	0c5cb2a465e5db671d09e57d82dc7d2279cee6ef898da3154a4cac90f5c80de8
jdk8/debug/runtime/BoundRawParam.original.txt	0c5cb2a465e5db671d09e57d82dc7d2279cee6ef898da3154a4cac90f5c80de8
jdk8/debug/runtime/DirectInstanceRawParam.jadx.txt	b3cda9506188b60dd9d215bc5efd1dafb315f344e7cea3910361ebe407f0cc9b
jdk8/debug/runtime/DirectInstanceRawParam.jarde.txt	9358c79b8f63417a168963e9dc02e1e1359ee5bda8614638bec755f01d5683be
jdk8/debug/runtime/DirectInstanceRawParam.original.txt	9358c79b8f63417a168963e9dc02e1e1359ee5bda8614638bec755f01d5683be
jdk8/debug/runtime/InstanceRawLocal.jarde.txt	c4a0fd4eb5e838df4c7116cc09d11740387e51309b8dd9c85cb1eac73adb9692
jdk8/debug/runtime/InstanceRawLocal.original.txt	b5f800a25ef5e547f36ccdecb9d6798cca74aee4a8a677d83bd449aea30f57e1
jdk8/debug/runtime/MultiFormalRawParam.jadx.txt	8d284d37fb44425659f63776c8f684d596146724e653b1147b4adc2b7c50d4e2
jdk8/debug/runtime/MultiFormalRawParam.jarde.txt	8bc5d0b9f7ed8f8820c0a056a24f74615b3e6104dd1ccada41aee9975df41485
jdk8/debug/runtime/MultiFormalRawParam.original.txt	6d16de1512a82cf13a56f94903001249dbfdb1ab81b29b817616448334e1d0c4
jdk8/debug/runtime/NullRawParam.jadx.txt	f4e759450c3306919076b843e677ebd4315a206a7a08c607258e8ee49a6eb720
jdk8/debug/runtime/NullRawParam.jarde.txt	99432d5aa83e97874597f1a0fde12c2a963ce4099787ae00fd33faff35b18418
jdk8/debug/runtime/NullRawParam.original.txt	99432d5aa83e97874597f1a0fde12c2a963ce4099787ae00fd33faff35b18418
jdk8/debug/runtime/PrimitiveArrayRawParam.jadx.txt	8dbde5389e6da69a121d5ad297157ee52bcb682d49d75d8a4bc7844fd4d1d1e8
jdk8/debug/runtime/PrimitiveArrayRawParam.jarde.txt	e156798549dd3ab3c3eced5fadfdced0789f4ee0e3f65410c291f2c46434dfba
jdk8/debug/runtime/PrimitiveArrayRawParam.original.txt	e156798549dd3ab3c3eced5fadfdced0789f4ee0e3f65410c291f2c46434dfba
jdk8/debug/runtime/RawOwnerChild.jadx.txt	2404a47a7f7c206decbce521d1ad8ca2966f33929a01a6e1cd462d7eda65b76b
jdk8/debug/runtime/RawOwnerChild.jarde.txt	e65da6d8f2478e3a0b6f43759b106518ecb2b77f17bd072cf737ed70a4ac28ad
jdk8/debug/runtime/RawOwnerChild.original.txt	c25e0c82c8f818f082f08ceef41ac63b15ed1ce4bb020bcf1eff5396c577b047
jdk8/debug/runtime/RawParam.jadx.txt	33b65814b563635c3b26f292f11a234ec9eda87fc8bbf5409c3fc0f323ad9d3d
jdk8/debug/runtime/RawParam.jarde.txt	6a2e3f1a9739b680582fea7e805eed4d712c0aaa5f345bb00d8449a502e68b6d
jdk8/debug/runtime/RawParam.original.txt	6a2e3f1a9739b680582fea7e805eed4d712c0aaa5f345bb00d8449a502e68b6d
jdk8/debug/runtime/RetainedAliasRawParam.jadx.txt	f92fd71052669f4c2419e8516949617f14ee858caeb232d80d63117f41ea2d94
jdk8/debug/runtime/RetainedAliasRawParam.jarde.txt	587147b6fcdb6f90959b73653be0302d121556b4c0626fb20a88ff47291ce8ff
jdk8/debug/runtime/RetainedAliasRawParam.original.txt	587147b6fcdb6f90959b73653be0302d121556b4c0626fb20a88ff47291ce8ff
jdk8/debug/runtime/ShadowMethodT.jadx.txt	1c91e9e73e2b1038112652360b7e0dcd639e400df84523aac0d0102801a17264
jdk8/debug/runtime/ShadowMethodT.jarde.txt	ceb1dd45add8519cb6e22a15e06a6eab6b515c2f59d517b64ede6b379fcd7b53
jdk8/debug/runtime/ShadowMethodT.original.txt	e491f2fc9b0efb07abdaf9da8848a50d38b4da3848f045e3268c35d95124df5a
jdk8/debug/runtime/StaticRawLocal.jadx.txt	caa078a6f6a66a11482c09645632ebb52566091c80fab4fa927b1053dce64fde
jdk8/debug/runtime/StaticRawLocal.jarde.txt	25ea87cacc91c856b41331c020cf776ffda40333d737cff0309fadf5141463b0
jdk8/debug/runtime/StaticRawLocal.original.txt	25ea87cacc91c856b41331c020cf776ffda40333d737cff0309fadf5141463b0
jdk8/debug/runtime/ThisReceiver.jadx.txt	f2c2ade79741f3c077a9767a2c86b6f9e8b3c91395a41c1c035e78ca2c19717e
jdk8/debug/runtime/ThisReceiver.jarde.txt	9916911dd761a7b0d550673bef203cb77fb4cb96733a8fb0a2184fb7d3ba65b8
jdk8/debug/runtime/ThisReceiver.original.txt	9916911dd761a7b0d550673bef203cb77fb4cb96733a8fb0a2184fb7d3ba65b8
jdk8/debug/runtime/TypedReceiver.jadx.txt	1a07b6f4350dff1a6ca5a3e4ec3062096840ad9dbc1a6efbd816e82d4c9ccb31
jdk8/debug/runtime/TypedReceiver.jarde.txt	d7134843994e4b3ba1d434e5bdfba85531e98e0ec94492801f5dbfa4a5b0ca18
jdk8/debug/runtime/TypedReceiver.original.txt	7f08ef56194b137543c901f9bd3946d1ac0f4153f2cc202df75762d9c8052a16
jdk8/debug/runtime/WideRawParam.jadx.txt	bb098a483d7226c3ef490fd7d5502cfaae0fa2dc00a248054971f81a95f5b14e
jdk8/debug/runtime/WideRawParam.jarde.txt	9b6ad934d85edae64408a458838c3e4654befd592a41b43cedf7710c2e9b1512
jdk8/debug/runtime/WideRawParam.original.txt	9b6ad934d85edae64408a458838c3e4654befd592a41b43cedf7710c2e9b1512
jdk8/no-debug/jadx/Array2DRawParam/sources/defpackage/Array2DRawParam.java	7bf3005284b755fe00567641896be8ddcb1010ecdf431bb7cbd62e0fed69cd65
jdk8/no-debug/jadx/ArrayRawParam/sources/defpackage/ArrayRawParam.java	ce0ba57264c94dc463df8d3dbd6b3be4221b852d694a4a6471d38a3f13b35d4b
jdk8/no-debug/jadx/BoundRawParam/sources/defpackage/BoundRawParam.java	c728ec861a3d99357641665f0f7db8e272eda3309e78679b587b8bf8d4b156b7
jdk8/no-debug/jadx/DirectInstanceRawParam/sources/defpackage/DirectInstanceRawParam.java	d510980f6071ada1a310dd5a76fd7ff932c97703337c794fbccb526b8309c33c
jdk8/no-debug/jadx/InstanceRawLocal/sources/defpackage/InstanceRawLocal.java	183a867140d3ec0d651f1c6024251ab3805b4a7cb5736eab8893104121ed39df
jdk8/no-debug/jadx/MultiFormalRawParam/sources/defpackage/MultiFormalRawParam.java	7d015e6743c7ed99d6c7690a03fcf4ecf861a9c582097a14130d74c338cc9376
jdk8/no-debug/jadx/NullRawParam/sources/defpackage/NullRawParam.java	a851150cb6e01aab4844ecce9c0ebb6f65cf050e4aef37382ef53b379c9c7d87
jdk8/no-debug/jadx/PrimitiveArrayRawParam/sources/defpackage/PrimitiveArrayRawParam.java	331c49fc214f34eda5179d4a5fdd3a84dccbec84b083fc49d9121ea426240d11
jdk8/no-debug/jadx/RawOwnerChild/sources/defpackage/RawOwnerBase.java	a4256e0b800f68dffd6124722d909d24bb9958b2d27d0668e20575fd05ead39d
jdk8/no-debug/jadx/RawOwnerChild/sources/defpackage/RawOwnerChild.java	7b1d0110195f085b030ec850679ab6449421c0bc84e5a9decc86d154332e6a5b
jdk8/no-debug/jadx/RawParam/sources/defpackage/RawParam.java	12bd0a83b15704e980d959b9015f1cee6036fe3e2ea3cf799a394dd9a4732787
jdk8/no-debug/jadx/RetainedAliasRawParam/sources/defpackage/RetainedAliasRawParam.java	a04d278d436e9e8d24ab1aa54b93f44ae2766c59e3670b1f663515abdd163ced
jdk8/no-debug/jadx/ShadowMethodT/sources/defpackage/ShadowMethodT.java	a3cc4ded8594ea60b6a6aded917b5d81b18665b64ed2a0e7e869b7435445eeec
jdk8/no-debug/jadx/StaticRawLocal/sources/defpackage/StaticRawLocal.java	c62aaca50bf0904967018ce58649678d845644764106ae6e56fc95af81c82cd2
jdk8/no-debug/jadx/ThisReceiver/sources/defpackage/ThisReceiver.java	29bdbc10deda533facdba2757b0246d7b9e1284023c246cbff18c76ea9e82a3c
jdk8/no-debug/jadx/TypedReceiver/sources/defpackage/TypedReceiver.java	93a41a4f4f11b77fc7b06c143144ebb4254d182495e5a60594be22385b0e594b
jdk8/no-debug/jadx/WideRawParam/sources/defpackage/WideRawParam.java	688c4a0e9325d677f23f0a8f7c56c05436f009b6b8249eb0336dc5362904b189
jdk8/no-debug/jarde/Array2DRawParam.java	84b51bbf39ee444117977442cc40e3d8c27a72fb65b6164c7b2fbdfcc4eae13c
jdk8/no-debug/jarde/Array2DRawParam.stderr.txt	e9f9dc29d7ec482f9aa36af83011594465c9e947f1bfda0bb6d860dc3511f7c1
jdk8/no-debug/jarde/ArrayRawParam.java	6eca13086c3cca27c7ef5ed7c3ebc60b7bd9d8daada5cdd7d9c1eb80bf88c0bf
jdk8/no-debug/jarde/ArrayRawParam.stderr.txt	ff79694fa01fd9cdf4f74b81f60fc0b8f6615b6e5fdbc0fa5ad55d0c26cb9cbe
jdk8/no-debug/jarde/BoundRawParam.java	81ee814aa442d16bedb0f72f370830c16ee2069d4e84754453ae15445e258294
jdk8/no-debug/jarde/BoundRawParam.stderr.txt	1a611a97b065c37a6d3a21c8c90cc8ea40a9f443fc3b0d11ca8e1502ca34764b
jdk8/no-debug/jarde/DirectInstanceRawParam.java	4a94736315b6eae244e0c86bd52673d4184206d783c03a281542fea7858efed2
jdk8/no-debug/jarde/DirectInstanceRawParam.stderr.txt	88653218821f822912d6fdf8a8ec3b1fc022ae52deb980e763f67047460162bb
jdk8/no-debug/jarde/InstanceRawLocal.java	da10013688a30b0cc61c5f8ad8649f79792d67b4ea0d861293afdaf595225214
jdk8/no-debug/jarde/InstanceRawLocal.stderr.txt	b0782b043398e99154cf62e8b0370078a55ed69511af8071a973f6da63086279
jdk8/no-debug/jarde/MultiFormalRawParam.java	25dc6e16e8b9f5a62fe2333fe44c3491fde8f6d40b762bca42951af6d817bbd1
jdk8/no-debug/jarde/MultiFormalRawParam.stderr.txt	57f9444042c00116398acec58531c609a23bede8e13bea123e12f0c4e9c22cc8
jdk8/no-debug/jarde/NullRawParam.java	d68300b3bdd64dc0a1769de4c77a88e3eebccc14b47a17dc3e1ee4f8165ca2e2
jdk8/no-debug/jarde/NullRawParam.stderr.txt	3e841e0d0d4ba57b8971ac652f37d67768e43c420b504867df4f8754125961db
jdk8/no-debug/jarde/PrimitiveArrayRawParam.java	90298d00e9daee2bf9bea1ca50260dee0b170c49e8bc25e85ffbce8789fa2c77
jdk8/no-debug/jarde/PrimitiveArrayRawParam.stderr.txt	edee6b7d73b313efba92a9647189ce896e00647608ad398b197f4b387aa43cc1
jdk8/no-debug/jarde/RawOwnerBase.java	f400195673e17b46cfe5e1ecf2dfa6ad1e569fc2a83c23d92202a00ba21aba24
jdk8/no-debug/jarde/RawOwnerBase.stderr.txt	a6f02e059dfb7f9cfdb344fcd7bfb302f8d8a5fc53739cea00166b15561ce7e3
jdk8/no-debug/jarde/RawOwnerChild.java	8bc50b0f6cb5bc0a65e96706a623c1fc4bc19fa7d9d3586ebaace845198a1015
jdk8/no-debug/jarde/RawOwnerChild.stderr.txt	10530eaf21a7fbca35f1a1045d169e41edd92a2d7cb40eb5228020a320319f61
jdk8/no-debug/jarde/RawParam.java	deadf9d5abebeb93b29bb8330dd107c0f9f84ba1ddfa430103fcb8261f91caa4
jdk8/no-debug/jarde/RawParam.stderr.txt	a99f4f2e63ada1adcd29fda1302d5d68acf8bf512ccf5f4bb62173e9e7085e7c
jdk8/no-debug/jarde/RetainedAliasRawParam.java	e3536151d6425f7cf9e601be73cd6fccdb94be39c2157ee6ae0f84a8c7d364e5
jdk8/no-debug/jarde/RetainedAliasRawParam.stderr.txt	0339778650606bad0e68e8ccce157395d6a3ce5ee879635c9bb14663dbcf6d70
jdk8/no-debug/jarde/ShadowMethodT.java	b04b610fd3bcae70366460c87281526e1a77989a2393c91d4e0cf746fee52a9a
jdk8/no-debug/jarde/ShadowMethodT.stderr.txt	e86a3218a90a94dfd34824b2da866a09ca4daad9d22911f67edbaf4de4296910
jdk8/no-debug/jarde/StaticRawLocal.java	fd3a53f3051037b2d49c8966c16550fc2360b0f7494664a72673443748783747
jdk8/no-debug/jarde/StaticRawLocal.stderr.txt	a4b680e321f16913eda09bce778f7259844f169faed000b693ac64ca97e8be4f
jdk8/no-debug/jarde/ThisReceiver.java	0c40a3e0e09b0e97ca13b527dcc647a9f01c29a3f73f31f6d7de68b4408b0d8f
jdk8/no-debug/jarde/ThisReceiver.stderr.txt	96823d7e0a1fa3e881d5902171969444ada2e7974e12b718e7978d87659f640a
jdk8/no-debug/jarde/TypedReceiver.java	50c3079f863db603a415bf7cc07cdbc4457249ab9e0bfadcb21fa7b4aaccd53b
jdk8/no-debug/jarde/TypedReceiver.stderr.txt	35d13f72e8b391ce13d69fefc265dfd5afe0a66b1e1605d2edc97e2de1db6d43
jdk8/no-debug/jarde/WideRawParam.java	1fffb038dc24c28f794c348a356b25bf8f3cac2017e72733ba1b38208c722010
jdk8/no-debug/jarde/WideRawParam.stderr.txt	1c467eeb1c381741b32756dd0608a8cc26349cf7507512c4a3f91674461b0e6f
jdk8/no-debug/javap/Array2DRawParam.txt	9085a4808db8ad5e0144f9e80b3bd5fb71cc39d9128c891f71ebe19da37b12d7
jdk8/no-debug/javap/ArrayRawParam.txt	24ed418999b82029ba80cfe7fb5f5170b36d811fe7db60dc4fc424f0dac2188f
jdk8/no-debug/javap/BoundRawParam.txt	35328488ae05ff6cb9f5ea7516ee2ff849fd1910c1da48b8be5d2290ccf91aaf
jdk8/no-debug/javap/DirectInstanceRawParam.txt	4957d9f929264dc89c0ce8e20c5518e881a8862ea97e61f11d9ed818e6cd5b73
jdk8/no-debug/javap/InstanceRawLocal.txt	d7aad3786566a8bfdffbfabdf54ee56978abafe2c5c4f9154f892c01bf836281
jdk8/no-debug/javap/MultiFormalRawParam.txt	576d418084006c3432ae54bde722c5e1f3329fa92d098f3b84fce07ff58a8b83
jdk8/no-debug/javap/NullRawParam.txt	9a59b31b98a5661258bcaf443731f7673ffb6ced1e6bd1a1aed6f998cc92b6f1
jdk8/no-debug/javap/PrimitiveArrayRawParam.txt	275f1e044e17248fbec53bb33c68fcd2bb7a3501f996d9ede23b698af39fc073
jdk8/no-debug/javap/RawOwnerChild.txt	4b6867ba7a8ffd26d6b4167344e0025c5756c4895040f1f7d5ebe1ad40a3deed
jdk8/no-debug/javap/RawParam.txt	cc2c68d9572b763ce658882d9210752a0cd40c7a38cb210d8abbc6ba5f6aa291
jdk8/no-debug/javap/RetainedAliasRawParam.txt	b9fe7985316c785d39a3760244459ca1200626315058c1b0a2d5baa16cb822cb
jdk8/no-debug/javap/ShadowMethodT.txt	f4bcacef3b8048d7270b588c9fdc067893b945c368750d1d7f1bf6f89da099c2
jdk8/no-debug/javap/StaticRawLocal.txt	f524d996d106d91974cf2b6d64dbe542b10606b0499411bdcd62f1698717625a
jdk8/no-debug/javap/ThisReceiver.txt	6ca1c12ab28e407f2ebce7f75369b2122364e2218c6c3c7543db1144a7b80a60
jdk8/no-debug/javap/TypedReceiver.txt	95eafd92fd08eea310d88bc1cd1cde1bca66ce8f8eeeb6801efc78caaa685a15
jdk8/no-debug/javap/WideRawParam.txt	d09c8be9c649a1712af9cc5e05f0f9f4b726e1dccedf88236075288c3e34e0a5
jdk8/no-debug/runtime/Array2DRawParam.jadx.txt	8a25af8b8504893fffac8c1872e3c93e85925b6aa0b3d9ff5f62750cee2ba267
jdk8/no-debug/runtime/Array2DRawParam.jarde.txt	f48a2d307b1f6c7abb8d91e7a8ed8a5ccc87d07c1114588c08ddfb0808240329
jdk8/no-debug/runtime/Array2DRawParam.original.txt	f48a2d307b1f6c7abb8d91e7a8ed8a5ccc87d07c1114588c08ddfb0808240329
jdk8/no-debug/runtime/ArrayRawParam.jadx.txt	65890eea8fe7c3065fbc2f644c7253d5354fdffeba56efc1a47107d7914063b6
jdk8/no-debug/runtime/ArrayRawParam.jarde.txt	d51f3b7d45328701a337bb2285770bcd1cf8f2179c66734c318010571e65ac8b
jdk8/no-debug/runtime/ArrayRawParam.original.txt	d51f3b7d45328701a337bb2285770bcd1cf8f2179c66734c318010571e65ac8b
jdk8/no-debug/runtime/BoundRawParam.jadx.txt	bdeb71e6ccb9da375831745c55c6fa5137fd29b7007948eecaea74516d6991ca
jdk8/no-debug/runtime/BoundRawParam.jarde.txt	0c5cb2a465e5db671d09e57d82dc7d2279cee6ef898da3154a4cac90f5c80de8
jdk8/no-debug/runtime/BoundRawParam.original.txt	0c5cb2a465e5db671d09e57d82dc7d2279cee6ef898da3154a4cac90f5c80de8
jdk8/no-debug/runtime/DirectInstanceRawParam.jadx.txt	b3cda9506188b60dd9d215bc5efd1dafb315f344e7cea3910361ebe407f0cc9b
jdk8/no-debug/runtime/DirectInstanceRawParam.jarde.txt	9358c79b8f63417a168963e9dc02e1e1359ee5bda8614638bec755f01d5683be
jdk8/no-debug/runtime/DirectInstanceRawParam.original.txt	9358c79b8f63417a168963e9dc02e1e1359ee5bda8614638bec755f01d5683be
jdk8/no-debug/runtime/InstanceRawLocal.jarde.txt	c4a0fd4eb5e838df4c7116cc09d11740387e51309b8dd9c85cb1eac73adb9692
jdk8/no-debug/runtime/InstanceRawLocal.original.txt	b5f800a25ef5e547f36ccdecb9d6798cca74aee4a8a677d83bd449aea30f57e1
jdk8/no-debug/runtime/MultiFormalRawParam.jadx.txt	8d284d37fb44425659f63776c8f684d596146724e653b1147b4adc2b7c50d4e2
jdk8/no-debug/runtime/MultiFormalRawParam.jarde.txt	8bc5d0b9f7ed8f8820c0a056a24f74615b3e6104dd1ccada41aee9975df41485
jdk8/no-debug/runtime/MultiFormalRawParam.original.txt	6d16de1512a82cf13a56f94903001249dbfdb1ab81b29b817616448334e1d0c4
jdk8/no-debug/runtime/NullRawParam.jadx.txt	f4e759450c3306919076b843e677ebd4315a206a7a08c607258e8ee49a6eb720
jdk8/no-debug/runtime/NullRawParam.jarde.txt	99432d5aa83e97874597f1a0fde12c2a963ce4099787ae00fd33faff35b18418
jdk8/no-debug/runtime/NullRawParam.original.txt	99432d5aa83e97874597f1a0fde12c2a963ce4099787ae00fd33faff35b18418
jdk8/no-debug/runtime/PrimitiveArrayRawParam.jadx.txt	8dbde5389e6da69a121d5ad297157ee52bcb682d49d75d8a4bc7844fd4d1d1e8
jdk8/no-debug/runtime/PrimitiveArrayRawParam.jarde.txt	e156798549dd3ab3c3eced5fadfdced0789f4ee0e3f65410c291f2c46434dfba
jdk8/no-debug/runtime/PrimitiveArrayRawParam.original.txt	e156798549dd3ab3c3eced5fadfdced0789f4ee0e3f65410c291f2c46434dfba
jdk8/no-debug/runtime/RawOwnerChild.jadx.txt	2404a47a7f7c206decbce521d1ad8ca2966f33929a01a6e1cd462d7eda65b76b
jdk8/no-debug/runtime/RawOwnerChild.jarde.txt	e65da6d8f2478e3a0b6f43759b106518ecb2b77f17bd072cf737ed70a4ac28ad
jdk8/no-debug/runtime/RawOwnerChild.original.txt	c25e0c82c8f818f082f08ceef41ac63b15ed1ce4bb020bcf1eff5396c577b047
jdk8/no-debug/runtime/RawParam.jadx.txt	33b65814b563635c3b26f292f11a234ec9eda87fc8bbf5409c3fc0f323ad9d3d
jdk8/no-debug/runtime/RawParam.jarde.txt	6a2e3f1a9739b680582fea7e805eed4d712c0aaa5f345bb00d8449a502e68b6d
jdk8/no-debug/runtime/RawParam.original.txt	6a2e3f1a9739b680582fea7e805eed4d712c0aaa5f345bb00d8449a502e68b6d
jdk8/no-debug/runtime/RetainedAliasRawParam.jadx.txt	f92fd71052669f4c2419e8516949617f14ee858caeb232d80d63117f41ea2d94
jdk8/no-debug/runtime/RetainedAliasRawParam.jarde.txt	587147b6fcdb6f90959b73653be0302d121556b4c0626fb20a88ff47291ce8ff
jdk8/no-debug/runtime/RetainedAliasRawParam.original.txt	587147b6fcdb6f90959b73653be0302d121556b4c0626fb20a88ff47291ce8ff
jdk8/no-debug/runtime/ShadowMethodT.jadx.txt	1c91e9e73e2b1038112652360b7e0dcd639e400df84523aac0d0102801a17264
jdk8/no-debug/runtime/ShadowMethodT.jarde.txt	ceb1dd45add8519cb6e22a15e06a6eab6b515c2f59d517b64ede6b379fcd7b53
jdk8/no-debug/runtime/ShadowMethodT.original.txt	e491f2fc9b0efb07abdaf9da8848a50d38b4da3848f045e3268c35d95124df5a
jdk8/no-debug/runtime/StaticRawLocal.jadx.txt	caa078a6f6a66a11482c09645632ebb52566091c80fab4fa927b1053dce64fde
jdk8/no-debug/runtime/StaticRawLocal.jarde.txt	25ea87cacc91c856b41331c020cf776ffda40333d737cff0309fadf5141463b0
jdk8/no-debug/runtime/StaticRawLocal.original.txt	25ea87cacc91c856b41331c020cf776ffda40333d737cff0309fadf5141463b0
jdk8/no-debug/runtime/ThisReceiver.jadx.txt	f2c2ade79741f3c077a9767a2c86b6f9e8b3c91395a41c1c035e78ca2c19717e
jdk8/no-debug/runtime/ThisReceiver.jarde.txt	9916911dd761a7b0d550673bef203cb77fb4cb96733a8fb0a2184fb7d3ba65b8
jdk8/no-debug/runtime/ThisReceiver.original.txt	9916911dd761a7b0d550673bef203cb77fb4cb96733a8fb0a2184fb7d3ba65b8
jdk8/no-debug/runtime/TypedReceiver.jadx.txt	1a07b6f4350dff1a6ca5a3e4ec3062096840ad9dbc1a6efbd816e82d4c9ccb31
jdk8/no-debug/runtime/TypedReceiver.jarde.txt	d7134843994e4b3ba1d434e5bdfba85531e98e0ec94492801f5dbfa4a5b0ca18
jdk8/no-debug/runtime/TypedReceiver.original.txt	7f08ef56194b137543c901f9bd3946d1ac0f4153f2cc202df75762d9c8052a16
jdk8/no-debug/runtime/WideRawParam.jadx.txt	bb098a483d7226c3ef490fd7d5502cfaae0fa2dc00a248054971f81a95f5b14e
jdk8/no-debug/runtime/WideRawParam.jarde.txt	9b6ad934d85edae64408a458838c3e4654befd592a41b43cedf7710c2e9b1512
jdk8/no-debug/runtime/WideRawParam.original.txt	9b6ad934d85edae64408a458838c3e4654befd592a41b43cedf7710c2e9b1512
jdk8/versions/java.txt	faab3c8a678f056adf83280dbda6950d4d51a39eaf84b2136be0a1812b62e22d
jdk8/versions/javac.txt	b78c3d234842235ae1b53dd6405da54b3af2b02047c45858b595870662803db8
outer-preflight-metadata.json	6747c97b98dd4194b56b4b751050fc657d37354fc155799a376efb25d71bd694
outer-run-metadata.json	4ba5c54243cf946588bfba8fc865e27a660f6c0560fec5c700ae55df0e8174e3
replay-executed.py	2c9b8233f41f13a483fa252a898f81e4602b9c7b3a0308cbc95bcd42162dc3a2
run-label.txt	c1e0bfdadc56827484f52d40b15f57a9f3ef6e708b6f5125064be87a960e94fa
runtime-comparisons.tsv	59f46618900e7c2db880727853072b27009fac81285d19a5b6f6a0f72bea24b0
subprocess-logs/0001-versions_jarde-cli.stderr	e3b0c44298fc1c149afbf4c8996fb92427ae41e4649b934ca495991b7852b855
subprocess-logs/0001-versions_jarde-cli.stdout	4e3523057f610dda085c877b3d636cbdeb15c23a541dba3b399c7c04eb4b14b5
subprocess-logs/0002-versions_jadx-cli.stderr	e3b0c44298fc1c149afbf4c8996fb92427ae41e4649b934ca495991b7852b855
subprocess-logs/0002-versions_jadx-cli.stdout	9c5955fc99a60b8f6dee6cf582c4420d91e1b3e2a201f532c91e2cbdfce7fa51
subprocess-logs/0003-jdk8_versions_java.stderr	faab3c8a678f056adf83280dbda6950d4d51a39eaf84b2136be0a1812b62e22d
subprocess-logs/0003-jdk8_versions_java.stdout	e3b0c44298fc1c149afbf4c8996fb92427ae41e4649b934ca495991b7852b855
subprocess-logs/0004-jdk8_versions_javac.stderr	b78c3d234842235ae1b53dd6405da54b3af2b02047c45858b595870662803db8
subprocess-logs/0004-jdk8_versions_javac.stdout	e3b0c44298fc1c149afbf4c8996fb92427ae41e4649b934ca495991b7852b855
subprocess-logs/0005-jdk8_debug_RawParam_jar-contents.stderr	e3b0c44298fc1c149afbf4c8996fb92427ae41e4649b934ca495991b7852b855
subprocess-logs/0005-jdk8_debug_RawParam_jar-contents.stdout	f05bc4ea2d7bc579f4987b4528010f3e37b2499a541d17b872ac93047629c0ee
subprocess-logs/0006-jdk8_debug_RawParam_original-javac.stderr	9d9730b78eecc0bec068e8425ed36cb28f298a28293b51d7ed462c65fe14ad4f
subprocess-logs/0006-jdk8_debug_RawParam_original-javac.stdout	e3b0c44298fc1c149afbf4c8996fb92427ae41e4649b934ca495991b7852b855
subprocess-logs/0007-jdk8_debug_RawParam_javap.stderr	e3b0c44298fc1c149afbf4c8996fb92427ae41e4649b934ca495991b7852b855
subprocess-logs/0007-jdk8_debug_RawParam_javap.stdout	bc0b7e43895553691716cf1abb0c59faf3ab7b72ef31d17ce517b552e969b435
subprocess-logs/0008-jdk8_debug_RawParam_original-probe-javac.stderr	e3b0c44298fc1c149afbf4c8996fb92427ae41e4649b934ca495991b7852b855
subprocess-logs/0008-jdk8_debug_RawParam_original-probe-javac.stdout	e3b0c44298fc1c149afbf4c8996fb92427ae41e4649b934ca495991b7852b855
subprocess-logs/0009-jdk8_debug_RawParam_original-run.stderr	e3b0c44298fc1c149afbf4c8996fb92427ae41e4649b934ca495991b7852b855
subprocess-logs/0009-jdk8_debug_RawParam_original-run.stdout	6a2e3f1a9739b680582fea7e805eed4d712c0aaa5f345bb00d8449a502e68b6d
subprocess-logs/0010-jdk8_debug_RawParam_jarde-RawParam.stderr	efab08e77270b4636ddb222474c2ac8ba99eb9d9aa9bbab3327cae50c760a902
subprocess-logs/0010-jdk8_debug_RawParam_jarde-RawParam.stdout	e086985b6879bfbebb341e501fb7f963bc33d5623ac87904b40e011163135e9b
subprocess-logs/0011-jdk8_debug_RawParam_jarde-javac.stderr	513aac5100a861cc17dce04fc596732c4a561fecb077bad76aebcd52149e2a12
subprocess-logs/0011-jdk8_debug_RawParam_jarde-javac.stdout	e3b0c44298fc1c149afbf4c8996fb92427ae41e4649b934ca495991b7852b855
subprocess-logs/0012-jdk8_debug_RawParam_jarde-verify-run.stderr	e3b0c44298fc1c149afbf4c8996fb92427ae41e4649b934ca495991b7852b855
subprocess-logs/0012-jdk8_debug_RawParam_jarde-verify-run.stdout	6a2e3f1a9739b680582fea7e805eed4d712c0aaa5f345bb00d8449a502e68b6d
subprocess-logs/0013-jdk8_debug_RawParam_jadx.stderr	e3b0c44298fc1c149afbf4c8996fb92427ae41e4649b934ca495991b7852b855
subprocess-logs/0013-jdk8_debug_RawParam_jadx.stdout	5c815c86bc68106581e162204c270821199c0af853efcaaef72d0d7d8b06168d
subprocess-logs/0014-jdk8_debug_RawParam_jadx-javac.stderr	cb2b5437d9a7608ab6e09b0a519c74de1e66f8bbd3b46fc8c25e5ede787136e2
subprocess-logs/0014-jdk8_debug_RawParam_jadx-javac.stdout	e3b0c44298fc1c149afbf4c8996fb92427ae41e4649b934ca495991b7852b855
subprocess-logs/0015-jdk8_debug_RawParam_jadx-verify-run.stderr	e3b0c44298fc1c149afbf4c8996fb92427ae41e4649b934ca495991b7852b855
subprocess-logs/0015-jdk8_debug_RawParam_jadx-verify-run.stdout	33b65814b563635c3b26f292f11a234ec9eda87fc8bbf5409c3fc0f323ad9d3d
subprocess-logs/0016-jdk8_no-debug_RawParam_jar-contents.stderr	e3b0c44298fc1c149afbf4c8996fb92427ae41e4649b934ca495991b7852b855
subprocess-logs/0016-jdk8_no-debug_RawParam_jar-contents.stdout	f05bc4ea2d7bc579f4987b4528010f3e37b2499a541d17b872ac93047629c0ee
subprocess-logs/0017-jdk8_no-debug_RawParam_original-javac.stderr	9d9730b78eecc0bec068e8425ed36cb28f298a28293b51d7ed462c65fe14ad4f
subprocess-logs/0017-jdk8_no-debug_RawParam_original-javac.stdout	e3b0c44298fc1c149afbf4c8996fb92427ae41e4649b934ca495991b7852b855
subprocess-logs/0018-jdk8_no-debug_RawParam_javap.stderr	e3b0c44298fc1c149afbf4c8996fb92427ae41e4649b934ca495991b7852b855
subprocess-logs/0018-jdk8_no-debug_RawParam_javap.stdout	cc2c68d9572b763ce658882d9210752a0cd40c7a38cb210d8abbc6ba5f6aa291
subprocess-logs/0019-jdk8_no-debug_RawParam_original-probe-javac.stderr	e3b0c44298fc1c149afbf4c8996fb92427ae41e4649b934ca495991b7852b855
subprocess-logs/0019-jdk8_no-debug_RawParam_original-probe-javac.stdout	e3b0c44298fc1c149afbf4c8996fb92427ae41e4649b934ca495991b7852b855
subprocess-logs/0020-jdk8_no-debug_RawParam_original-run.stderr	e3b0c44298fc1c149afbf4c8996fb92427ae41e4649b934ca495991b7852b855
subprocess-logs/0020-jdk8_no-debug_RawParam_original-run.stdout	6a2e3f1a9739b680582fea7e805eed4d712c0aaa5f345bb00d8449a502e68b6d
subprocess-logs/0021-jdk8_no-debug_RawParam_jarde-RawParam.stderr	a99f4f2e63ada1adcd29fda1302d5d68acf8bf512ccf5f4bb62173e9e7085e7c
subprocess-logs/0021-jdk8_no-debug_RawParam_jarde-RawParam.stdout	deadf9d5abebeb93b29bb8330dd107c0f9f84ba1ddfa430103fcb8261f91caa4
subprocess-logs/0022-jdk8_no-debug_RawParam_jarde-javac.stderr	5d284c315cfd20c63ade5bae3787e36f3d902170786f818a09b8a30714ab0d40
subprocess-logs/0022-jdk8_no-debug_RawParam_jarde-javac.stdout	e3b0c44298fc1c149afbf4c8996fb92427ae41e4649b934ca495991b7852b855
subprocess-logs/0023-jdk8_no-debug_RawParam_jarde-verify-run.stderr	e3b0c44298fc1c149afbf4c8996fb92427ae41e4649b934ca495991b7852b855
subprocess-logs/0023-jdk8_no-debug_RawParam_jarde-verify-run.stdout	6a2e3f1a9739b680582fea7e805eed4d712c0aaa5f345bb00d8449a502e68b6d
subprocess-logs/0024-jdk8_no-debug_RawParam_jadx.stderr	e3b0c44298fc1c149afbf4c8996fb92427ae41e4649b934ca495991b7852b855
subprocess-logs/0024-jdk8_no-debug_RawParam_jadx.stdout	a28f2902814e3bb20de1a8360984ece68fd1f9d0220d8b655412d09604f596c5
subprocess-logs/0025-jdk8_no-debug_RawParam_jadx-javac.stderr	33629ec2c0987bb164b201ecb4f7c29fad86b36f6eab73d0500712a64e736337
subprocess-logs/0025-jdk8_no-debug_RawParam_jadx-javac.stdout	e3b0c44298fc1c149afbf4c8996fb92427ae41e4649b934ca495991b7852b855
subprocess-logs/0026-jdk8_no-debug_RawParam_jadx-verify-run.stderr	e3b0c44298fc1c149afbf4c8996fb92427ae41e4649b934ca495991b7852b855
subprocess-logs/0026-jdk8_no-debug_RawParam_jadx-verify-run.stdout	33b65814b563635c3b26f292f11a234ec9eda87fc8bbf5409c3fc0f323ad9d3d
subprocess-logs/0027-jdk8_debug_StaticRawLocal_jar-contents.stderr	e3b0c44298fc1c149afbf4c8996fb92427ae41e4649b934ca495991b7852b855
subprocess-logs/0027-jdk8_debug_StaticRawLocal_jar-contents.stdout	fb8ff04b200dd376807a9a425a37f1a645e63a3f90b47df4f84e407b0fed9d07
subprocess-logs/0028-jdk8_debug_StaticRawLocal_original-javac.stderr	23527a58b01798057acd5c28c00f81495224d919b15e566b51e41149473a51f1
subprocess-logs/0028-jdk8_debug_StaticRawLocal_original-javac.stdout	e3b0c44298fc1c149afbf4c8996fb92427ae41e4649b934ca495991b7852b855
subprocess-logs/0029-jdk8_debug_StaticRawLocal_javap.stderr	e3b0c44298fc1c149afbf4c8996fb92427ae41e4649b934ca495991b7852b855
subprocess-logs/0029-jdk8_debug_StaticRawLocal_javap.stdout	e0994f098dd155f0f2867b8a271f4c7dfb09c0342b8f7ac40d767ee8c18864e4
subprocess-logs/0030-jdk8_debug_StaticRawLocal_original-probe-javac.stderr	e3b0c44298fc1c149afbf4c8996fb92427ae41e4649b934ca495991b7852b855
subprocess-logs/0030-jdk8_debug_StaticRawLocal_original-probe-javac.stdout	e3b0c44298fc1c149afbf4c8996fb92427ae41e4649b934ca495991b7852b855
subprocess-logs/0031-jdk8_debug_StaticRawLocal_original-run.stderr	e3b0c44298fc1c149afbf4c8996fb92427ae41e4649b934ca495991b7852b855
subprocess-logs/0031-jdk8_debug_StaticRawLocal_original-run.stdout	25ea87cacc91c856b41331c020cf776ffda40333d737cff0309fadf5141463b0
subprocess-logs/0032-jdk8_debug_StaticRawLocal_jarde-StaticRawLocal.stderr	d4b1da95b282b7ce647359f4c3eef52d73cca103338dd8f2a1fc6db2de473fc9
subprocess-logs/0032-jdk8_debug_StaticRawLocal_jarde-StaticRawLocal.stdout	9ec274de3d0847441e7de73ff79a6d027179b6c14306c18643ee8e2346b54332
subprocess-logs/0033-jdk8_debug_StaticRawLocal_jarde-javac.stderr	70330904cd793d1f98b3c622f22704b613daa16a5b29ac5c09f263890451b23d
subprocess-logs/0033-jdk8_debug_StaticRawLocal_jarde-javac.stdout	e3b0c44298fc1c149afbf4c8996fb92427ae41e4649b934ca495991b7852b855
subprocess-logs/0034-jdk8_debug_StaticRawLocal_jarde-verify-run.stderr	e3b0c44298fc1c149afbf4c8996fb92427ae41e4649b934ca495991b7852b855
subprocess-logs/0034-jdk8_debug_StaticRawLocal_jarde-verify-run.stdout	25ea87cacc91c856b41331c020cf776ffda40333d737cff0309fadf5141463b0
subprocess-logs/0035-jdk8_debug_StaticRawLocal_jadx.stderr	e3b0c44298fc1c149afbf4c8996fb92427ae41e4649b934ca495991b7852b855
subprocess-logs/0035-jdk8_debug_StaticRawLocal_jadx.stdout	4cf9cb66db13f6d8af03076ee8722e3742cd1aca823ff4247a2246b215a0eb7d
subprocess-logs/0036-jdk8_debug_StaticRawLocal_jadx-javac.stderr	2b7748a538fd66571bd713fb45daf1a8c5e913eb85ef8b623090438ded7af284
subprocess-logs/0036-jdk8_debug_StaticRawLocal_jadx-javac.stdout	e3b0c44298fc1c149afbf4c8996fb92427ae41e4649b934ca495991b7852b855
subprocess-logs/0037-jdk8_debug_StaticRawLocal_jadx-verify-run.stderr	e3b0c44298fc1c149afbf4c8996fb92427ae41e4649b934ca495991b7852b855
subprocess-logs/0037-jdk8_debug_StaticRawLocal_jadx-verify-run.stdout	caa078a6f6a66a11482c09645632ebb52566091c80fab4fa927b1053dce64fde
subprocess-logs/0038-jdk8_no-debug_StaticRawLocal_jar-contents.stderr	e3b0c44298fc1c149afbf4c8996fb92427ae41e4649b934ca495991b7852b855
subprocess-logs/0038-jdk8_no-debug_StaticRawLocal_jar-contents.stdout	fb8ff04b200dd376807a9a425a37f1a645e63a3f90b47df4f84e407b0fed9d07
subprocess-logs/0039-jdk8_no-debug_StaticRawLocal_original-javac.stderr	23527a58b01798057acd5c28c00f81495224d919b15e566b51e41149473a51f1
subprocess-logs/0039-jdk8_no-debug_StaticRawLocal_original-javac.stdout	e3b0c44298fc1c149afbf4c8996fb92427ae41e4649b934ca495991b7852b855
subprocess-logs/0040-jdk8_no-debug_StaticRawLocal_javap.stderr	e3b0c44298fc1c149afbf4c8996fb92427ae41e4649b934ca495991b7852b855
subprocess-logs/0040-jdk8_no-debug_StaticRawLocal_javap.stdout	f524d996d106d91974cf2b6d64dbe542b10606b0499411bdcd62f1698717625a
subprocess-logs/0041-jdk8_no-debug_StaticRawLocal_original-probe-javac.stderr	e3b0c44298fc1c149afbf4c8996fb92427ae41e4649b934ca495991b7852b855
subprocess-logs/0041-jdk8_no-debug_StaticRawLocal_original-probe-javac.stdout	e3b0c44298fc1c149afbf4c8996fb92427ae41e4649b934ca495991b7852b855
subprocess-logs/0042-jdk8_no-debug_StaticRawLocal_original-run.stderr	e3b0c44298fc1c149afbf4c8996fb92427ae41e4649b934ca495991b7852b855
subprocess-logs/0042-jdk8_no-debug_StaticRawLocal_original-run.stdout	25ea87cacc91c856b41331c020cf776ffda40333d737cff0309fadf5141463b0
subprocess-logs/0043-jdk8_no-debug_StaticRawLocal_jarde-StaticRawLocal.stderr	a4b680e321f16913eda09bce778f7259844f169faed000b693ac64ca97e8be4f
subprocess-logs/0043-jdk8_no-debug_StaticRawLocal_jarde-StaticRawLocal.stdout	fd3a53f3051037b2d49c8966c16550fc2360b0f7494664a72673443748783747
subprocess-logs/0044-jdk8_no-debug_StaticRawLocal_jarde-javac.stderr	d8c80b34d041cd319d3a2f2747aee40517248ff156d01a2339ececa954af79ee
subprocess-logs/0044-jdk8_no-debug_StaticRawLocal_jarde-javac.stdout	e3b0c44298fc1c149afbf4c8996fb92427ae41e4649b934ca495991b7852b855
subprocess-logs/0045-jdk8_no-debug_StaticRawLocal_jarde-verify-run.stderr	e3b0c44298fc1c149afbf4c8996fb92427ae41e4649b934ca495991b7852b855
subprocess-logs/0045-jdk8_no-debug_StaticRawLocal_jarde-verify-run.stdout	25ea87cacc91c856b41331c020cf776ffda40333d737cff0309fadf5141463b0
subprocess-logs/0046-jdk8_no-debug_StaticRawLocal_jadx.stderr	e3b0c44298fc1c149afbf4c8996fb92427ae41e4649b934ca495991b7852b855
subprocess-logs/0046-jdk8_no-debug_StaticRawLocal_jadx.stdout	c7b9057b26cfaad98b9961bf2ab53483abd3db2e88be7610d97c002c51bcb185
subprocess-logs/0047-jdk8_no-debug_StaticRawLocal_jadx-javac.stderr	bf73003557e69066f4dbab595a7589c5381fa37f5a135f46b62085059a810a51
subprocess-logs/0047-jdk8_no-debug_StaticRawLocal_jadx-javac.stdout	e3b0c44298fc1c149afbf4c8996fb92427ae41e4649b934ca495991b7852b855
subprocess-logs/0048-jdk8_no-debug_StaticRawLocal_jadx-verify-run.stderr	e3b0c44298fc1c149afbf4c8996fb92427ae41e4649b934ca495991b7852b855
subprocess-logs/0048-jdk8_no-debug_StaticRawLocal_jadx-verify-run.stdout	caa078a6f6a66a11482c09645632ebb52566091c80fab4fa927b1053dce64fde
subprocess-logs/0049-jdk8_debug_InstanceRawLocal_jar-contents.stderr	e3b0c44298fc1c149afbf4c8996fb92427ae41e4649b934ca495991b7852b855
subprocess-logs/0049-jdk8_debug_InstanceRawLocal_jar-contents.stdout	14fa51d33a6937146f86014d2ee03c2e459c32def063b6fd66b0be882ef50b5b
subprocess-logs/0050-jdk8_debug_InstanceRawLocal_original-javac.stderr	217bb0a1d4765a48a9791a61d67250fed3dde327803c7634fec1e8515f4305c2
subprocess-logs/0050-jdk8_debug_InstanceRawLocal_original-javac.stdout	e3b0c44298fc1c149afbf4c8996fb92427ae41e4649b934ca495991b7852b855
subprocess-logs/0051-jdk8_debug_InstanceRawLocal_javap.stderr	e3b0c44298fc1c149afbf4c8996fb92427ae41e4649b934ca495991b7852b855
subprocess-logs/0051-jdk8_debug_InstanceRawLocal_javap.stdout	9249a05a4572e949a37723bf4ff6085801591039804b4eee4014d3dd1f8cfd06
subprocess-logs/0052-jdk8_debug_InstanceRawLocal_original-probe-javac.stderr	e3b0c44298fc1c149afbf4c8996fb92427ae41e4649b934ca495991b7852b855
subprocess-logs/0052-jdk8_debug_InstanceRawLocal_original-probe-javac.stdout	e3b0c44298fc1c149afbf4c8996fb92427ae41e4649b934ca495991b7852b855
subprocess-logs/0053-jdk8_debug_InstanceRawLocal_original-run.stderr	e3b0c44298fc1c149afbf4c8996fb92427ae41e4649b934ca495991b7852b855
subprocess-logs/0053-jdk8_debug_InstanceRawLocal_original-run.stdout	b5f800a25ef5e547f36ccdecb9d6798cca74aee4a8a677d83bd449aea30f57e1
subprocess-logs/0054-jdk8_debug_InstanceRawLocal_jarde-InstanceRawLocal.stderr	fc0d9457d794f76a6659059b51e88b134db3efa299a4941262390f46bffb7a34
subprocess-logs/0054-jdk8_debug_InstanceRawLocal_jarde-InstanceRawLocal.stdout	5739eae80933689e02968db38be749560fea18f7852efc7071bc402ac1657445
subprocess-logs/0055-jdk8_debug_InstanceRawLocal_jarde-javac.stderr	e3b0c44298fc1c149afbf4c8996fb92427ae41e4649b934ca495991b7852b855
subprocess-logs/0055-jdk8_debug_InstanceRawLocal_jarde-javac.stdout	e3b0c44298fc1c149afbf4c8996fb92427ae41e4649b934ca495991b7852b855
subprocess-logs/0056-jdk8_debug_InstanceRawLocal_jarde-verify-run.stderr	e3b0c44298fc1c149afbf4c8996fb92427ae41e4649b934ca495991b7852b855
subprocess-logs/0056-jdk8_debug_InstanceRawLocal_jarde-verify-run.stdout	c4a0fd4eb5e838df4c7116cc09d11740387e51309b8dd9c85cb1eac73adb9692
subprocess-logs/0057-jdk8_debug_InstanceRawLocal_jadx.stderr	e3b0c44298fc1c149afbf4c8996fb92427ae41e4649b934ca495991b7852b855
subprocess-logs/0057-jdk8_debug_InstanceRawLocal_jadx.stdout	716c3838261aa6ea2bb3d30af67fc8025166ab018a258f6475024ca79d6e997a
subprocess-logs/0058-jdk8_debug_InstanceRawLocal_jadx-javac.stderr	29ae3eb12061f0def9a815aa4c585eb33742080b54e8f1e48441fb4f6a8c6031
subprocess-logs/0058-jdk8_debug_InstanceRawLocal_jadx-javac.stdout	e3b0c44298fc1c149afbf4c8996fb92427ae41e4649b934ca495991b7852b855
subprocess-logs/0059-jdk8_no-debug_InstanceRawLocal_jar-contents.stderr	e3b0c44298fc1c149afbf4c8996fb92427ae41e4649b934ca495991b7852b855
subprocess-logs/0059-jdk8_no-debug_InstanceRawLocal_jar-contents.stdout	14fa51d33a6937146f86014d2ee03c2e459c32def063b6fd66b0be882ef50b5b
subprocess-logs/0060-jdk8_no-debug_InstanceRawLocal_original-javac.stderr	217bb0a1d4765a48a9791a61d67250fed3dde327803c7634fec1e8515f4305c2
subprocess-logs/0060-jdk8_no-debug_InstanceRawLocal_original-javac.stdout	e3b0c44298fc1c149afbf4c8996fb92427ae41e4649b934ca495991b7852b855
subprocess-logs/0061-jdk8_no-debug_InstanceRawLocal_javap.stderr	e3b0c44298fc1c149afbf4c8996fb92427ae41e4649b934ca495991b7852b855
subprocess-logs/0061-jdk8_no-debug_InstanceRawLocal_javap.stdout	d7aad3786566a8bfdffbfabdf54ee56978abafe2c5c4f9154f892c01bf836281
subprocess-logs/0062-jdk8_no-debug_InstanceRawLocal_original-probe-javac.stderr	e3b0c44298fc1c149afbf4c8996fb92427ae41e4649b934ca495991b7852b855
subprocess-logs/0062-jdk8_no-debug_InstanceRawLocal_original-probe-javac.stdout	e3b0c44298fc1c149afbf4c8996fb92427ae41e4649b934ca495991b7852b855
subprocess-logs/0063-jdk8_no-debug_InstanceRawLocal_original-run.stderr	e3b0c44298fc1c149afbf4c8996fb92427ae41e4649b934ca495991b7852b855
subprocess-logs/0063-jdk8_no-debug_InstanceRawLocal_original-run.stdout	b5f800a25ef5e547f36ccdecb9d6798cca74aee4a8a677d83bd449aea30f57e1
subprocess-logs/0064-jdk8_no-debug_InstanceRawLocal_jarde-InstanceRawLocal.stderr	b0782b043398e99154cf62e8b0370078a55ed69511af8071a973f6da63086279
subprocess-logs/0064-jdk8_no-debug_InstanceRawLocal_jarde-InstanceRawLocal.stdout	da10013688a30b0cc61c5f8ad8649f79792d67b4ea0d861293afdaf595225214
subprocess-logs/0065-jdk8_no-debug_InstanceRawLocal_jarde-javac.stderr	e3b0c44298fc1c149afbf4c8996fb92427ae41e4649b934ca495991b7852b855
subprocess-logs/0065-jdk8_no-debug_InstanceRawLocal_jarde-javac.stdout	e3b0c44298fc1c149afbf4c8996fb92427ae41e4649b934ca495991b7852b855
subprocess-logs/0066-jdk8_no-debug_InstanceRawLocal_jarde-verify-run.stderr	e3b0c44298fc1c149afbf4c8996fb92427ae41e4649b934ca495991b7852b855
subprocess-logs/0066-jdk8_no-debug_InstanceRawLocal_jarde-verify-run.stdout	c4a0fd4eb5e838df4c7116cc09d11740387e51309b8dd9c85cb1eac73adb9692
subprocess-logs/0067-jdk8_no-debug_InstanceRawLocal_jadx.stderr	e3b0c44298fc1c149afbf4c8996fb92427ae41e4649b934ca495991b7852b855
subprocess-logs/0067-jdk8_no-debug_InstanceRawLocal_jadx.stdout	8b484923ca5bfb8db24b689c2bdd9411802cea124565f3027c5a14f772c365cd
subprocess-logs/0068-jdk8_no-debug_InstanceRawLocal_jadx-javac.stderr	0ec1b17361adf38f3daf2fab883d75d3bbbc190ecddd4db8a79deedc96bdb123
subprocess-logs/0068-jdk8_no-debug_InstanceRawLocal_jadx-javac.stdout	e3b0c44298fc1c149afbf4c8996fb92427ae41e4649b934ca495991b7852b855
subprocess-logs/0069-jdk8_debug_TypedReceiver_jar-contents.stderr	e3b0c44298fc1c149afbf4c8996fb92427ae41e4649b934ca495991b7852b855
subprocess-logs/0069-jdk8_debug_TypedReceiver_jar-contents.stdout	de8b80e7eef68f017a319fe14e4ce5bcfa8e9eab45f9d818e61b1bf3001f42d7
subprocess-logs/0070-jdk8_debug_TypedReceiver_original-javac.stderr	e3b0c44298fc1c149afbf4c8996fb92427ae41e4649b934ca495991b7852b855
subprocess-logs/0070-jdk8_debug_TypedReceiver_original-javac.stdout	e3b0c44298fc1c149afbf4c8996fb92427ae41e4649b934ca495991b7852b855
subprocess-logs/0071-jdk8_debug_TypedReceiver_javap.stderr	e3b0c44298fc1c149afbf4c8996fb92427ae41e4649b934ca495991b7852b855
subprocess-logs/0071-jdk8_debug_TypedReceiver_javap.stdout	0fafdbe630a9c84f8a1689942d1d318fbf4965b15a3f175ce3af6e45ad59f135
subprocess-logs/0072-jdk8_debug_TypedReceiver_original-probe-javac.stderr	e3b0c44298fc1c149afbf4c8996fb92427ae41e4649b934ca495991b7852b855
subprocess-logs/0072-jdk8_debug_TypedReceiver_original-probe-javac.stdout	e3b0c44298fc1c149afbf4c8996fb92427ae41e4649b934ca495991b7852b855
subprocess-logs/0073-jdk8_debug_TypedReceiver_original-run.stderr	e3b0c44298fc1c149afbf4c8996fb92427ae41e4649b934ca495991b7852b855
subprocess-logs/0073-jdk8_debug_TypedReceiver_original-run.stdout	7f08ef56194b137543c901f9bd3946d1ac0f4153f2cc202df75762d9c8052a16
subprocess-logs/0074-jdk8_debug_TypedReceiver_jarde-TypedReceiver.stderr	d3cfe37b633fb7d322174dfa29bd7ecfa8cd664d749ebeaf4f2df43a3776a3d7
subprocess-logs/0074-jdk8_debug_TypedReceiver_jarde-TypedReceiver.stdout	bdf8ee04b0e67af0e95616b5995872c1accab0101131b4987ca1cfa4bc6d46f0
subprocess-logs/0075-jdk8_debug_TypedReceiver_jarde-javac.stderr	c4e20861ebaa66cb046e2973195da4d41705ec537285749755d7bc0fbc0044b5
subprocess-logs/0075-jdk8_debug_TypedReceiver_jarde-javac.stdout	e3b0c44298fc1c149afbf4c8996fb92427ae41e4649b934ca495991b7852b855
subprocess-logs/0076-jdk8_debug_TypedReceiver_jarde-verify-run.stderr	e3b0c44298fc1c149afbf4c8996fb92427ae41e4649b934ca495991b7852b855
subprocess-logs/0076-jdk8_debug_TypedReceiver_jarde-verify-run.stdout	d7134843994e4b3ba1d434e5bdfba85531e98e0ec94492801f5dbfa4a5b0ca18
subprocess-logs/0077-jdk8_debug_TypedReceiver_jadx.stderr	e3b0c44298fc1c149afbf4c8996fb92427ae41e4649b934ca495991b7852b855
subprocess-logs/0077-jdk8_debug_TypedReceiver_jadx.stdout	2cb047b80e58c444aae92edba45edbf8ce5c5d8e0a7e636030a0e9c71d382b00
subprocess-logs/0078-jdk8_debug_TypedReceiver_jadx-javac.stderr	e3b0c44298fc1c149afbf4c8996fb92427ae41e4649b934ca495991b7852b855
subprocess-logs/0078-jdk8_debug_TypedReceiver_jadx-javac.stdout	e3b0c44298fc1c149afbf4c8996fb92427ae41e4649b934ca495991b7852b855
subprocess-logs/0079-jdk8_debug_TypedReceiver_jadx-verify-run.stderr	e3b0c44298fc1c149afbf4c8996fb92427ae41e4649b934ca495991b7852b855
subprocess-logs/0079-jdk8_debug_TypedReceiver_jadx-verify-run.stdout	1a07b6f4350dff1a6ca5a3e4ec3062096840ad9dbc1a6efbd816e82d4c9ccb31
subprocess-logs/0080-jdk8_no-debug_TypedReceiver_jar-contents.stderr	e3b0c44298fc1c149afbf4c8996fb92427ae41e4649b934ca495991b7852b855
subprocess-logs/0080-jdk8_no-debug_TypedReceiver_jar-contents.stdout	de8b80e7eef68f017a319fe14e4ce5bcfa8e9eab45f9d818e61b1bf3001f42d7
subprocess-logs/0081-jdk8_no-debug_TypedReceiver_original-javac.stderr	e3b0c44298fc1c149afbf4c8996fb92427ae41e4649b934ca495991b7852b855
subprocess-logs/0081-jdk8_no-debug_TypedReceiver_original-javac.stdout	e3b0c44298fc1c149afbf4c8996fb92427ae41e4649b934ca495991b7852b855
subprocess-logs/0082-jdk8_no-debug_TypedReceiver_javap.stderr	e3b0c44298fc1c149afbf4c8996fb92427ae41e4649b934ca495991b7852b855
subprocess-logs/0082-jdk8_no-debug_TypedReceiver_javap.stdout	95eafd92fd08eea310d88bc1cd1cde1bca66ce8f8eeeb6801efc78caaa685a15
subprocess-logs/0083-jdk8_no-debug_TypedReceiver_original-probe-javac.stderr	e3b0c44298fc1c149afbf4c8996fb92427ae41e4649b934ca495991b7852b855
subprocess-logs/0083-jdk8_no-debug_TypedReceiver_original-probe-javac.stdout	e3b0c44298fc1c149afbf4c8996fb92427ae41e4649b934ca495991b7852b855
subprocess-logs/0084-jdk8_no-debug_TypedReceiver_original-run.stderr	e3b0c44298fc1c149afbf4c8996fb92427ae41e4649b934ca495991b7852b855
subprocess-logs/0084-jdk8_no-debug_TypedReceiver_original-run.stdout	7f08ef56194b137543c901f9bd3946d1ac0f4153f2cc202df75762d9c8052a16
subprocess-logs/0085-jdk8_no-debug_TypedReceiver_jarde-TypedReceiver.stderr	35d13f72e8b391ce13d69fefc265dfd5afe0a66b1e1605d2edc97e2de1db6d43
subprocess-logs/0085-jdk8_no-debug_TypedReceiver_jarde-TypedReceiver.stdout	50c3079f863db603a415bf7cc07cdbc4457249ab9e0bfadcb21fa7b4aaccd53b
subprocess-logs/0086-jdk8_no-debug_TypedReceiver_jarde-javac.stderr	67c6600b5c06e3136767ae12c04a3021bfb906d7b35ce9080cd85108091f833b
subprocess-logs/0086-jdk8_no-debug_TypedReceiver_jarde-javac.stdout	e3b0c44298fc1c149afbf4c8996fb92427ae41e4649b934ca495991b7852b855
subprocess-logs/0087-jdk8_no-debug_TypedReceiver_jarde-verify-run.stderr	e3b0c44298fc1c149afbf4c8996fb92427ae41e4649b934ca495991b7852b855
subprocess-logs/0087-jdk8_no-debug_TypedReceiver_jarde-verify-run.stdout	d7134843994e4b3ba1d434e5bdfba85531e98e0ec94492801f5dbfa4a5b0ca18
subprocess-logs/0088-jdk8_no-debug_TypedReceiver_jadx.stderr	e3b0c44298fc1c149afbf4c8996fb92427ae41e4649b934ca495991b7852b855
subprocess-logs/0088-jdk8_no-debug_TypedReceiver_jadx.stdout	430710c6d8f8fabe216d6ae9bcfcfefc51fadca0bbceaf3275cc9f55ee78c623
subprocess-logs/0089-jdk8_no-debug_TypedReceiver_jadx-javac.stderr	e3b0c44298fc1c149afbf4c8996fb92427ae41e4649b934ca495991b7852b855
subprocess-logs/0089-jdk8_no-debug_TypedReceiver_jadx-javac.stdout	e3b0c44298fc1c149afbf4c8996fb92427ae41e4649b934ca495991b7852b855
subprocess-logs/0090-jdk8_no-debug_TypedReceiver_jadx-verify-run.stderr	e3b0c44298fc1c149afbf4c8996fb92427ae41e4649b934ca495991b7852b855
subprocess-logs/0090-jdk8_no-debug_TypedReceiver_jadx-verify-run.stdout	1a07b6f4350dff1a6ca5a3e4ec3062096840ad9dbc1a6efbd816e82d4c9ccb31
subprocess-logs/0091-jdk8_debug_ThisReceiver_jar-contents.stderr	e3b0c44298fc1c149afbf4c8996fb92427ae41e4649b934ca495991b7852b855
subprocess-logs/0091-jdk8_debug_ThisReceiver_jar-contents.stdout	1656887c3d8299160e12e3dd882357c23f33dc5f9d4f301e546a69530b435c72
subprocess-logs/0092-jdk8_debug_ThisReceiver_original-javac.stderr	e3b0c44298fc1c149afbf4c8996fb92427ae41e4649b934ca495991b7852b855
subprocess-logs/0092-jdk8_debug_ThisReceiver_original-javac.stdout	e3b0c44298fc1c149afbf4c8996fb92427ae41e4649b934ca495991b7852b855
subprocess-logs/0093-jdk8_debug_ThisReceiver_javap.stderr	e3b0c44298fc1c149afbf4c8996fb92427ae41e4649b934ca495991b7852b855
subprocess-logs/0093-jdk8_debug_ThisReceiver_javap.stdout	2f2a02e12469f568ae016a6557d63d63bdb89f4e4ab63fe6a2e6ddf9a205ecaf
subprocess-logs/0094-jdk8_debug_ThisReceiver_original-probe-javac.stderr	e3b0c44298fc1c149afbf4c8996fb92427ae41e4649b934ca495991b7852b855
subprocess-logs/0094-jdk8_debug_ThisReceiver_original-probe-javac.stdout	e3b0c44298fc1c149afbf4c8996fb92427ae41e4649b934ca495991b7852b855
subprocess-logs/0095-jdk8_debug_ThisReceiver_original-run.stderr	e3b0c44298fc1c149afbf4c8996fb92427ae41e4649b934ca495991b7852b855
subprocess-logs/0095-jdk8_debug_ThisReceiver_original-run.stdout	9916911dd761a7b0d550673bef203cb77fb4cb96733a8fb0a2184fb7d3ba65b8
subprocess-logs/0096-jdk8_debug_ThisReceiver_jarde-ThisReceiver.stderr	feb09f633a76ddcf3f9d4e93af94ebfde8289d20b8ae7f8aea0c575773e5cea8
subprocess-logs/0096-jdk8_debug_ThisReceiver_jarde-ThisReceiver.stdout	a97d2cf3fb8ae606b390fe7a96386fb611ca686a76a5a25889978f7e8fc03c52
subprocess-logs/0097-jdk8_debug_ThisReceiver_jarde-javac.stderr	e3b0c44298fc1c149afbf4c8996fb92427ae41e4649b934ca495991b7852b855
subprocess-logs/0097-jdk8_debug_ThisReceiver_jarde-javac.stdout	e3b0c44298fc1c149afbf4c8996fb92427ae41e4649b934ca495991b7852b855
subprocess-logs/0098-jdk8_debug_ThisReceiver_jarde-verify-run.stderr	e3b0c44298fc1c149afbf4c8996fb92427ae41e4649b934ca495991b7852b855
subprocess-logs/0098-jdk8_debug_ThisReceiver_jarde-verify-run.stdout	9916911dd761a7b0d550673bef203cb77fb4cb96733a8fb0a2184fb7d3ba65b8
subprocess-logs/0099-jdk8_debug_ThisReceiver_jadx.stderr	e3b0c44298fc1c149afbf4c8996fb92427ae41e4649b934ca495991b7852b855
subprocess-logs/0099-jdk8_debug_ThisReceiver_jadx.stdout	61ee6926c230244e353566225691d1a67370bb00e90c9aca5fcc8725bc289fce
subprocess-logs/0100-jdk8_debug_ThisReceiver_jadx-javac.stderr	e3b0c44298fc1c149afbf4c8996fb92427ae41e4649b934ca495991b7852b855
subprocess-logs/0100-jdk8_debug_ThisReceiver_jadx-javac.stdout	e3b0c44298fc1c149afbf4c8996fb92427ae41e4649b934ca495991b7852b855
subprocess-logs/0101-jdk8_debug_ThisReceiver_jadx-verify-run.stderr	e3b0c44298fc1c149afbf4c8996fb92427ae41e4649b934ca495991b7852b855
subprocess-logs/0101-jdk8_debug_ThisReceiver_jadx-verify-run.stdout	f2c2ade79741f3c077a9767a2c86b6f9e8b3c91395a41c1c035e78ca2c19717e
subprocess-logs/0102-jdk8_no-debug_ThisReceiver_jar-contents.stderr	e3b0c44298fc1c149afbf4c8996fb92427ae41e4649b934ca495991b7852b855
subprocess-logs/0102-jdk8_no-debug_ThisReceiver_jar-contents.stdout	1656887c3d8299160e12e3dd882357c23f33dc5f9d4f301e546a69530b435c72
subprocess-logs/0103-jdk8_no-debug_ThisReceiver_original-javac.stderr	e3b0c44298fc1c149afbf4c8996fb92427ae41e4649b934ca495991b7852b855
subprocess-logs/0103-jdk8_no-debug_ThisReceiver_original-javac.stdout	e3b0c44298fc1c149afbf4c8996fb92427ae41e4649b934ca495991b7852b855
subprocess-logs/0104-jdk8_no-debug_ThisReceiver_javap.stderr	e3b0c44298fc1c149afbf4c8996fb92427ae41e4649b934ca495991b7852b855
subprocess-logs/0104-jdk8_no-debug_ThisReceiver_javap.stdout	6ca1c12ab28e407f2ebce7f75369b2122364e2218c6c3c7543db1144a7b80a60
subprocess-logs/0105-jdk8_no-debug_ThisReceiver_original-probe-javac.stderr	e3b0c44298fc1c149afbf4c8996fb92427ae41e4649b934ca495991b7852b855
subprocess-logs/0105-jdk8_no-debug_ThisReceiver_original-probe-javac.stdout	e3b0c44298fc1c149afbf4c8996fb92427ae41e4649b934ca495991b7852b855
subprocess-logs/0106-jdk8_no-debug_ThisReceiver_original-run.stderr	e3b0c44298fc1c149afbf4c8996fb92427ae41e4649b934ca495991b7852b855
subprocess-logs/0106-jdk8_no-debug_ThisReceiver_original-run.stdout	9916911dd761a7b0d550673bef203cb77fb4cb96733a8fb0a2184fb7d3ba65b8
subprocess-logs/0107-jdk8_no-debug_ThisReceiver_jarde-ThisReceiver.stderr	96823d7e0a1fa3e881d5902171969444ada2e7974e12b718e7978d87659f640a
subprocess-logs/0107-jdk8_no-debug_ThisReceiver_jarde-ThisReceiver.stdout	0c40a3e0e09b0e97ca13b527dcc647a9f01c29a3f73f31f6d7de68b4408b0d8f
subprocess-logs/0108-jdk8_no-debug_ThisReceiver_jarde-javac.stderr	e3b0c44298fc1c149afbf4c8996fb92427ae41e4649b934ca495991b7852b855
subprocess-logs/0108-jdk8_no-debug_ThisReceiver_jarde-javac.stdout	e3b0c44298fc1c149afbf4c8996fb92427ae41e4649b934ca495991b7852b855
subprocess-logs/0109-jdk8_no-debug_ThisReceiver_jarde-verify-run.stderr	e3b0c44298fc1c149afbf4c8996fb92427ae41e4649b934ca495991b7852b855
subprocess-logs/0109-jdk8_no-debug_ThisReceiver_jarde-verify-run.stdout	9916911dd761a7b0d550673bef203cb77fb4cb96733a8fb0a2184fb7d3ba65b8
subprocess-logs/0110-jdk8_no-debug_ThisReceiver_jadx.stderr	e3b0c44298fc1c149afbf4c8996fb92427ae41e4649b934ca495991b7852b855
subprocess-logs/0110-jdk8_no-debug_ThisReceiver_jadx.stdout	35c876c45460adb14641f026bc5dcad26c171b4b3ab2242ab3334541532cc14c
subprocess-logs/0111-jdk8_no-debug_ThisReceiver_jadx-javac.stderr	e3b0c44298fc1c149afbf4c8996fb92427ae41e4649b934ca495991b7852b855
subprocess-logs/0111-jdk8_no-debug_ThisReceiver_jadx-javac.stdout	e3b0c44298fc1c149afbf4c8996fb92427ae41e4649b934ca495991b7852b855
subprocess-logs/0112-jdk8_no-debug_ThisReceiver_jadx-verify-run.stderr	e3b0c44298fc1c149afbf4c8996fb92427ae41e4649b934ca495991b7852b855
subprocess-logs/0112-jdk8_no-debug_ThisReceiver_jadx-verify-run.stdout	f2c2ade79741f3c077a9767a2c86b6f9e8b3c91395a41c1c035e78ca2c19717e
subprocess-logs/0113-jdk8_debug_ShadowMethodT_jar-contents.stderr	e3b0c44298fc1c149afbf4c8996fb92427ae41e4649b934ca495991b7852b855
subprocess-logs/0113-jdk8_debug_ShadowMethodT_jar-contents.stdout	0a014d28d43f161014ee6c5d0696b18e41bff4bb83b1ac87222e9f4a8516ab35
subprocess-logs/0114-jdk8_debug_ShadowMethodT_original-javac.stderr	e3b0c44298fc1c149afbf4c8996fb92427ae41e4649b934ca495991b7852b855
subprocess-logs/0114-jdk8_debug_ShadowMethodT_original-javac.stdout	e3b0c44298fc1c149afbf4c8996fb92427ae41e4649b934ca495991b7852b855
subprocess-logs/0115-jdk8_debug_ShadowMethodT_javap.stderr	e3b0c44298fc1c149afbf4c8996fb92427ae41e4649b934ca495991b7852b855
subprocess-logs/0115-jdk8_debug_ShadowMethodT_javap.stdout	5f88b0dbb9231e78d4e602f89003a6cb83bbca11530d969965acb02353395676
subprocess-logs/0116-jdk8_debug_ShadowMethodT_original-probe-javac.stderr	e3b0c44298fc1c149afbf4c8996fb92427ae41e4649b934ca495991b7852b855
subprocess-logs/0116-jdk8_debug_ShadowMethodT_original-probe-javac.stdout	e3b0c44298fc1c149afbf4c8996fb92427ae41e4649b934ca495991b7852b855
subprocess-logs/0117-jdk8_debug_ShadowMethodT_original-run.stderr	e3b0c44298fc1c149afbf4c8996fb92427ae41e4649b934ca495991b7852b855
subprocess-logs/0117-jdk8_debug_ShadowMethodT_original-run.stdout	e491f2fc9b0efb07abdaf9da8848a50d38b4da3848f045e3268c35d95124df5a
subprocess-logs/0118-jdk8_debug_ShadowMethodT_jarde-ShadowMethodT.stderr	f06cc06496aea743461b7b8b2ae5d442aa4ca52d988047847b8496a4b3b0709d
subprocess-logs/0118-jdk8_debug_ShadowMethodT_jarde-ShadowMethodT.stdout	b6d351665b1a03c8f6b0bfadfbb2dc22c1ab88457700d15dc23ffdd9d8ec560e
subprocess-logs/0119-jdk8_debug_ShadowMethodT_jarde-javac.stderr	82990bd0f673e47133497a446fa39e2f283d3df397b4649c2ba98e9752cad912
subprocess-logs/0119-jdk8_debug_ShadowMethodT_jarde-javac.stdout	e3b0c44298fc1c149afbf4c8996fb92427ae41e4649b934ca495991b7852b855
subprocess-logs/0120-jdk8_debug_ShadowMethodT_jarde-verify-run.stderr	e3b0c44298fc1c149afbf4c8996fb92427ae41e4649b934ca495991b7852b855
subprocess-logs/0120-jdk8_debug_ShadowMethodT_jarde-verify-run.stdout	ceb1dd45add8519cb6e22a15e06a6eab6b515c2f59d517b64ede6b379fcd7b53
subprocess-logs/0121-jdk8_debug_ShadowMethodT_jadx.stderr	e3b0c44298fc1c149afbf4c8996fb92427ae41e4649b934ca495991b7852b855
subprocess-logs/0121-jdk8_debug_ShadowMethodT_jadx.stdout	f0eb47ef04c885980e6bffd40cd5658f06324f98ec7a62d9c06113a9c563316a
subprocess-logs/0122-jdk8_debug_ShadowMethodT_jadx-javac.stderr	e3b0c44298fc1c149afbf4c8996fb92427ae41e4649b934ca495991b7852b855
subprocess-logs/0122-jdk8_debug_ShadowMethodT_jadx-javac.stdout	e3b0c44298fc1c149afbf4c8996fb92427ae41e4649b934ca495991b7852b855
subprocess-logs/0123-jdk8_debug_ShadowMethodT_jadx-verify-run.stderr	e3b0c44298fc1c149afbf4c8996fb92427ae41e4649b934ca495991b7852b855
subprocess-logs/0123-jdk8_debug_ShadowMethodT_jadx-verify-run.stdout	1c91e9e73e2b1038112652360b7e0dcd639e400df84523aac0d0102801a17264
subprocess-logs/0124-jdk8_no-debug_ShadowMethodT_jar-contents.stderr	e3b0c44298fc1c149afbf4c8996fb92427ae41e4649b934ca495991b7852b855
subprocess-logs/0124-jdk8_no-debug_ShadowMethodT_jar-contents.stdout	0a014d28d43f161014ee6c5d0696b18e41bff4bb83b1ac87222e9f4a8516ab35
subprocess-logs/0125-jdk8_no-debug_ShadowMethodT_original-javac.stderr	e3b0c44298fc1c149afbf4c8996fb92427ae41e4649b934ca495991b7852b855
subprocess-logs/0125-jdk8_no-debug_ShadowMethodT_original-javac.stdout	e3b0c44298fc1c149afbf4c8996fb92427ae41e4649b934ca495991b7852b855
subprocess-logs/0126-jdk8_no-debug_ShadowMethodT_javap.stderr	e3b0c44298fc1c149afbf4c8996fb92427ae41e4649b934ca495991b7852b855
subprocess-logs/0126-jdk8_no-debug_ShadowMethodT_javap.stdout	f4bcacef3b8048d7270b588c9fdc067893b945c368750d1d7f1bf6f89da099c2
subprocess-logs/0127-jdk8_no-debug_ShadowMethodT_original-probe-javac.stderr	e3b0c44298fc1c149afbf4c8996fb92427ae41e4649b934ca495991b7852b855
subprocess-logs/0127-jdk8_no-debug_ShadowMethodT_original-probe-javac.stdout	e3b0c44298fc1c149afbf4c8996fb92427ae41e4649b934ca495991b7852b855
subprocess-logs/0128-jdk8_no-debug_ShadowMethodT_original-run.stderr	e3b0c44298fc1c149afbf4c8996fb92427ae41e4649b934ca495991b7852b855
subprocess-logs/0128-jdk8_no-debug_ShadowMethodT_original-run.stdout	e491f2fc9b0efb07abdaf9da8848a50d38b4da3848f045e3268c35d95124df5a
subprocess-logs/0129-jdk8_no-debug_ShadowMethodT_jarde-ShadowMethodT.stderr	e86a3218a90a94dfd34824b2da866a09ca4daad9d22911f67edbaf4de4296910
subprocess-logs/0129-jdk8_no-debug_ShadowMethodT_jarde-ShadowMethodT.stdout	b04b610fd3bcae70366460c87281526e1a77989a2393c91d4e0cf746fee52a9a
subprocess-logs/0130-jdk8_no-debug_ShadowMethodT_jarde-javac.stderr	8b9bca35d683a27a813aad96df0a5662f216c1872f27c1003f33603782287e93
subprocess-logs/0130-jdk8_no-debug_ShadowMethodT_jarde-javac.stdout	e3b0c44298fc1c149afbf4c8996fb92427ae41e4649b934ca495991b7852b855
subprocess-logs/0131-jdk8_no-debug_ShadowMethodT_jarde-verify-run.stderr	e3b0c44298fc1c149afbf4c8996fb92427ae41e4649b934ca495991b7852b855
subprocess-logs/0131-jdk8_no-debug_ShadowMethodT_jarde-verify-run.stdout	ceb1dd45add8519cb6e22a15e06a6eab6b515c2f59d517b64ede6b379fcd7b53
subprocess-logs/0132-jdk8_no-debug_ShadowMethodT_jadx.stderr	e3b0c44298fc1c149afbf4c8996fb92427ae41e4649b934ca495991b7852b855
subprocess-logs/0132-jdk8_no-debug_ShadowMethodT_jadx.stdout	faf8f4058f7c8abea34b0d6a945b4dd12c6e7579ed7e23ccacbc9b179733e253
subprocess-logs/0133-jdk8_no-debug_ShadowMethodT_jadx-javac.stderr	e3b0c44298fc1c149afbf4c8996fb92427ae41e4649b934ca495991b7852b855
subprocess-logs/0133-jdk8_no-debug_ShadowMethodT_jadx-javac.stdout	e3b0c44298fc1c149afbf4c8996fb92427ae41e4649b934ca495991b7852b855
subprocess-logs/0134-jdk8_no-debug_ShadowMethodT_jadx-verify-run.stderr	e3b0c44298fc1c149afbf4c8996fb92427ae41e4649b934ca495991b7852b855
subprocess-logs/0134-jdk8_no-debug_ShadowMethodT_jadx-verify-run.stdout	1c91e9e73e2b1038112652360b7e0dcd639e400df84523aac0d0102801a17264
subprocess-logs/0135-jdk8_debug_DirectInstanceRawParam_jar-contents.stderr	e3b0c44298fc1c149afbf4c8996fb92427ae41e4649b934ca495991b7852b855
subprocess-logs/0135-jdk8_debug_DirectInstanceRawParam_jar-contents.stdout	fc15d4455024ee977b4d1922c14c180928c2138e1582c5adccbb1d8fe3953218
subprocess-logs/0136-jdk8_debug_DirectInstanceRawParam_original-javac.stderr	0ba3987920336d7f3107d9ccc9dbe7c312342815dfc44d531d9e54ca6d1191a0
subprocess-logs/0136-jdk8_debug_DirectInstanceRawParam_original-javac.stdout	e3b0c44298fc1c149afbf4c8996fb92427ae41e4649b934ca495991b7852b855
subprocess-logs/0137-jdk8_debug_DirectInstanceRawParam_javap.stderr	e3b0c44298fc1c149afbf4c8996fb92427ae41e4649b934ca495991b7852b855
subprocess-logs/0137-jdk8_debug_DirectInstanceRawParam_javap.stdout	985b63aa149ff87b9b79d1688950f005707ac1fe3ebca01c335333d2b931f006
subprocess-logs/0138-jdk8_debug_DirectInstanceRawParam_original-probe-javac.stderr	e3b0c44298fc1c149afbf4c8996fb92427ae41e4649b934ca495991b7852b855
subprocess-logs/0138-jdk8_debug_DirectInstanceRawParam_original-probe-javac.stdout	e3b0c44298fc1c149afbf4c8996fb92427ae41e4649b934ca495991b7852b855
subprocess-logs/0139-jdk8_debug_DirectInstanceRawParam_original-run.stderr	e3b0c44298fc1c149afbf4c8996fb92427ae41e4649b934ca495991b7852b855
subprocess-logs/0139-jdk8_debug_DirectInstanceRawParam_original-run.stdout	9358c79b8f63417a168963e9dc02e1e1359ee5bda8614638bec755f01d5683be
subprocess-logs/0140-jdk8_debug_DirectInstanceRawParam_jarde-DirectInstanceRawParam.stderr	66d8b5002e02ad4ef2fb2405ff6bf899e05628a0e54efc774ddcf71f37b79b0f
subprocess-logs/0140-jdk8_debug_DirectInstanceRawParam_jarde-DirectInstanceRawParam.stdout	66882766f2731a7d18b72428b8ad38d8f2bd8e0183b4bf42ab71e0a8bcb56671
subprocess-logs/0141-jdk8_debug_DirectInstanceRawParam_jarde-javac.stderr	601fd754f3fe4b0c9740d019a4ef799cffca79b69b0c0834a64db93176f59bbc
subprocess-logs/0141-jdk8_debug_DirectInstanceRawParam_jarde-javac.stdout	e3b0c44298fc1c149afbf4c8996fb92427ae41e4649b934ca495991b7852b855
subprocess-logs/0142-jdk8_debug_DirectInstanceRawParam_jarde-verify-run.stderr	e3b0c44298fc1c149afbf4c8996fb92427ae41e4649b934ca495991b7852b855
subprocess-logs/0142-jdk8_debug_DirectInstanceRawParam_jarde-verify-run.stdout	9358c79b8f63417a168963e9dc02e1e1359ee5bda8614638bec755f01d5683be
subprocess-logs/0143-jdk8_debug_DirectInstanceRawParam_jadx.stderr	e3b0c44298fc1c149afbf4c8996fb92427ae41e4649b934ca495991b7852b855
subprocess-logs/0143-jdk8_debug_DirectInstanceRawParam_jadx.stdout	a5f533b1fabb7aa3d4c56ffbaad335850888015bf4c6da6ccb00f06276c0233c
subprocess-logs/0144-jdk8_debug_DirectInstanceRawParam_jadx-javac.stderr	83bc4c9a5fce1769bef53eab0535d8799de25b12f1cc28e055218d619cdd43af
subprocess-logs/0144-jdk8_debug_DirectInstanceRawParam_jadx-javac.stdout	e3b0c44298fc1c149afbf4c8996fb92427ae41e4649b934ca495991b7852b855
subprocess-logs/0145-jdk8_debug_DirectInstanceRawParam_jadx-verify-run.stderr	e3b0c44298fc1c149afbf4c8996fb92427ae41e4649b934ca495991b7852b855
subprocess-logs/0145-jdk8_debug_DirectInstanceRawParam_jadx-verify-run.stdout	b3cda9506188b60dd9d215bc5efd1dafb315f344e7cea3910361ebe407f0cc9b
subprocess-logs/0146-jdk8_no-debug_DirectInstanceRawParam_jar-contents.stderr	e3b0c44298fc1c149afbf4c8996fb92427ae41e4649b934ca495991b7852b855
subprocess-logs/0146-jdk8_no-debug_DirectInstanceRawParam_jar-contents.stdout	fc15d4455024ee977b4d1922c14c180928c2138e1582c5adccbb1d8fe3953218
subprocess-logs/0147-jdk8_no-debug_DirectInstanceRawParam_original-javac.stderr	0ba3987920336d7f3107d9ccc9dbe7c312342815dfc44d531d9e54ca6d1191a0
subprocess-logs/0147-jdk8_no-debug_DirectInstanceRawParam_original-javac.stdout	e3b0c44298fc1c149afbf4c8996fb92427ae41e4649b934ca495991b7852b855
subprocess-logs/0148-jdk8_no-debug_DirectInstanceRawParam_javap.stderr	e3b0c44298fc1c149afbf4c8996fb92427ae41e4649b934ca495991b7852b855
subprocess-logs/0148-jdk8_no-debug_DirectInstanceRawParam_javap.stdout	4957d9f929264dc89c0ce8e20c5518e881a8862ea97e61f11d9ed818e6cd5b73
subprocess-logs/0149-jdk8_no-debug_DirectInstanceRawParam_original-probe-javac.stderr	e3b0c44298fc1c149afbf4c8996fb92427ae41e4649b934ca495991b7852b855
subprocess-logs/0149-jdk8_no-debug_DirectInstanceRawParam_original-probe-javac.stdout	e3b0c44298fc1c149afbf4c8996fb92427ae41e4649b934ca495991b7852b855
subprocess-logs/0150-jdk8_no-debug_DirectInstanceRawParam_original-run.stderr	e3b0c44298fc1c149afbf4c8996fb92427ae41e4649b934ca495991b7852b855
subprocess-logs/0150-jdk8_no-debug_DirectInstanceRawParam_original-run.stdout	9358c79b8f63417a168963e9dc02e1e1359ee5bda8614638bec755f01d5683be
subprocess-logs/0151-jdk8_no-debug_DirectInstanceRawParam_jarde-DirectInstanceRawParam.stderr	88653218821f822912d6fdf8a8ec3b1fc022ae52deb980e763f67047460162bb
subprocess-logs/0151-jdk8_no-debug_DirectInstanceRawParam_jarde-DirectInstanceRawParam.stdout	4a94736315b6eae244e0c86bd52673d4184206d783c03a281542fea7858efed2
subprocess-logs/0152-jdk8_no-debug_DirectInstanceRawParam_jarde-javac.stderr	470db0b8b6974a4be59624d708606a5ebf3010648910496e3fc24aa12c3545a4
subprocess-logs/0152-jdk8_no-debug_DirectInstanceRawParam_jarde-javac.stdout	e3b0c44298fc1c149afbf4c8996fb92427ae41e4649b934ca495991b7852b855
subprocess-logs/0153-jdk8_no-debug_DirectInstanceRawParam_jarde-verify-run.stderr	e3b0c44298fc1c149afbf4c8996fb92427ae41e4649b934ca495991b7852b855
subprocess-logs/0153-jdk8_no-debug_DirectInstanceRawParam_jarde-verify-run.stdout	9358c79b8f63417a168963e9dc02e1e1359ee5bda8614638bec755f01d5683be
subprocess-logs/0154-jdk8_no-debug_DirectInstanceRawParam_jadx.stderr	e3b0c44298fc1c149afbf4c8996fb92427ae41e4649b934ca495991b7852b855
subprocess-logs/0154-jdk8_no-debug_DirectInstanceRawParam_jadx.stdout	a0c82c0d66f0a0aa54e4e5a1ec3b09ba2a87b0261c86ce25d64c8d98ea5bb8ba
subprocess-logs/0155-jdk8_no-debug_DirectInstanceRawParam_jadx-javac.stderr	f1c54fe317c878f55a532f4fb6270f0a62ef98b0405ac6ae391e2426b0910660
subprocess-logs/0155-jdk8_no-debug_DirectInstanceRawParam_jadx-javac.stdout	e3b0c44298fc1c149afbf4c8996fb92427ae41e4649b934ca495991b7852b855
subprocess-logs/0156-jdk8_no-debug_DirectInstanceRawParam_jadx-verify-run.stderr	e3b0c44298fc1c149afbf4c8996fb92427ae41e4649b934ca495991b7852b855
subprocess-logs/0156-jdk8_no-debug_DirectInstanceRawParam_jadx-verify-run.stdout	b3cda9506188b60dd9d215bc5efd1dafb315f344e7cea3910361ebe407f0cc9b
subprocess-logs/0157-jdk8_debug_WideRawParam_jar-contents.stderr	e3b0c44298fc1c149afbf4c8996fb92427ae41e4649b934ca495991b7852b855
subprocess-logs/0157-jdk8_debug_WideRawParam_jar-contents.stdout	c7b383a50ec45946ad9d59c86fa09aeb20831c235da656e4fb4c89f12a7bd588
subprocess-logs/0158-jdk8_debug_WideRawParam_original-javac.stderr	aeb03bb6e0ae5dc3f7fc3d80a055ebaa4ae1ec6c9c9b8a2a78364e8629ccf196
subprocess-logs/0158-jdk8_debug_WideRawParam_original-javac.stdout	e3b0c44298fc1c149afbf4c8996fb92427ae41e4649b934ca495991b7852b855
subprocess-logs/0159-jdk8_debug_WideRawParam_javap.stderr	e3b0c44298fc1c149afbf4c8996fb92427ae41e4649b934ca495991b7852b855
subprocess-logs/0159-jdk8_debug_WideRawParam_javap.stdout	251a24fecb60d9545e8c5bff05871e4aec25485f0800735c1fe9de099cd4efdb
subprocess-logs/0160-jdk8_debug_WideRawParam_original-probe-javac.stderr	e3b0c44298fc1c149afbf4c8996fb92427ae41e4649b934ca495991b7852b855
subprocess-logs/0160-jdk8_debug_WideRawParam_original-probe-javac.stdout	e3b0c44298fc1c149afbf4c8996fb92427ae41e4649b934ca495991b7852b855
subprocess-logs/0161-jdk8_debug_WideRawParam_original-run.stderr	e3b0c44298fc1c149afbf4c8996fb92427ae41e4649b934ca495991b7852b855
subprocess-logs/0161-jdk8_debug_WideRawParam_original-run.stdout	9b6ad934d85edae64408a458838c3e4654befd592a41b43cedf7710c2e9b1512
subprocess-logs/0162-jdk8_debug_WideRawParam_jarde-WideRawParam.stderr	ea9cc01edc592ce5b64f27e6d54591063cfb20b018bd81bf4e4f37c8df98f31a
subprocess-logs/0162-jdk8_debug_WideRawParam_jarde-WideRawParam.stdout	a8c2366e3a709f7941c00dff72d5921e0b3e9772cd7195d3caf1094bb0a95be9
subprocess-logs/0163-jdk8_debug_WideRawParam_jarde-javac.stderr	3965d51a068ade8d5559931e2138a359f562d45de91f9ad4bbdb19b14532d1f2
subprocess-logs/0163-jdk8_debug_WideRawParam_jarde-javac.stdout	e3b0c44298fc1c149afbf4c8996fb92427ae41e4649b934ca495991b7852b855
subprocess-logs/0164-jdk8_debug_WideRawParam_jarde-verify-run.stderr	e3b0c44298fc1c149afbf4c8996fb92427ae41e4649b934ca495991b7852b855
subprocess-logs/0164-jdk8_debug_WideRawParam_jarde-verify-run.stdout	9b6ad934d85edae64408a458838c3e4654befd592a41b43cedf7710c2e9b1512
subprocess-logs/0165-jdk8_debug_WideRawParam_jadx.stderr	e3b0c44298fc1c149afbf4c8996fb92427ae41e4649b934ca495991b7852b855
subprocess-logs/0165-jdk8_debug_WideRawParam_jadx.stdout	f337db9b8d6fcc47b01b588f7cd5b7f81b9f6c6224162df0fdcdaa8d523d6b16
subprocess-logs/0166-jdk8_debug_WideRawParam_jadx-javac.stderr	2e287791b36a06a82605f58346f470eac58e0960980f2f2044482cf573794c30
subprocess-logs/0166-jdk8_debug_WideRawParam_jadx-javac.stdout	e3b0c44298fc1c149afbf4c8996fb92427ae41e4649b934ca495991b7852b855
subprocess-logs/0167-jdk8_debug_WideRawParam_jadx-verify-run.stderr	e3b0c44298fc1c149afbf4c8996fb92427ae41e4649b934ca495991b7852b855
subprocess-logs/0167-jdk8_debug_WideRawParam_jadx-verify-run.stdout	bb098a483d7226c3ef490fd7d5502cfaae0fa2dc00a248054971f81a95f5b14e
subprocess-logs/0168-jdk8_no-debug_WideRawParam_jar-contents.stderr	e3b0c44298fc1c149afbf4c8996fb92427ae41e4649b934ca495991b7852b855
subprocess-logs/0168-jdk8_no-debug_WideRawParam_jar-contents.stdout	c7b383a50ec45946ad9d59c86fa09aeb20831c235da656e4fb4c89f12a7bd588
subprocess-logs/0169-jdk8_no-debug_WideRawParam_original-javac.stderr	aeb03bb6e0ae5dc3f7fc3d80a055ebaa4ae1ec6c9c9b8a2a78364e8629ccf196
subprocess-logs/0169-jdk8_no-debug_WideRawParam_original-javac.stdout	e3b0c44298fc1c149afbf4c8996fb92427ae41e4649b934ca495991b7852b855
subprocess-logs/0170-jdk8_no-debug_WideRawParam_javap.stderr	e3b0c44298fc1c149afbf4c8996fb92427ae41e4649b934ca495991b7852b855
subprocess-logs/0170-jdk8_no-debug_WideRawParam_javap.stdout	d09c8be9c649a1712af9cc5e05f0f9f4b726e1dccedf88236075288c3e34e0a5
subprocess-logs/0171-jdk8_no-debug_WideRawParam_original-probe-javac.stderr	e3b0c44298fc1c149afbf4c8996fb92427ae41e4649b934ca495991b7852b855
subprocess-logs/0171-jdk8_no-debug_WideRawParam_original-probe-javac.stdout	e3b0c44298fc1c149afbf4c8996fb92427ae41e4649b934ca495991b7852b855
subprocess-logs/0172-jdk8_no-debug_WideRawParam_original-run.stderr	e3b0c44298fc1c149afbf4c8996fb92427ae41e4649b934ca495991b7852b855
subprocess-logs/0172-jdk8_no-debug_WideRawParam_original-run.stdout	9b6ad934d85edae64408a458838c3e4654befd592a41b43cedf7710c2e9b1512
subprocess-logs/0173-jdk8_no-debug_WideRawParam_jarde-WideRawParam.stderr	1c467eeb1c381741b32756dd0608a8cc26349cf7507512c4a3f91674461b0e6f
subprocess-logs/0173-jdk8_no-debug_WideRawParam_jarde-WideRawParam.stdout	1fffb038dc24c28f794c348a356b25bf8f3cac2017e72733ba1b38208c722010
subprocess-logs/0174-jdk8_no-debug_WideRawParam_jarde-javac.stderr	0a815de9f8ead2890a9bad86fe21bf0d4278a2c3a3f661f2d03d12bd850cde77
subprocess-logs/0174-jdk8_no-debug_WideRawParam_jarde-javac.stdout	e3b0c44298fc1c149afbf4c8996fb92427ae41e4649b934ca495991b7852b855
subprocess-logs/0175-jdk8_no-debug_WideRawParam_jarde-verify-run.stderr	e3b0c44298fc1c149afbf4c8996fb92427ae41e4649b934ca495991b7852b855
subprocess-logs/0175-jdk8_no-debug_WideRawParam_jarde-verify-run.stdout	9b6ad934d85edae64408a458838c3e4654befd592a41b43cedf7710c2e9b1512
subprocess-logs/0176-jdk8_no-debug_WideRawParam_jadx.stderr	e3b0c44298fc1c149afbf4c8996fb92427ae41e4649b934ca495991b7852b855
subprocess-logs/0176-jdk8_no-debug_WideRawParam_jadx.stdout	6c2e060ed37ad6a46d0c5b6136a3f3007ddaf8e2fd6e90c518201f9fa7b2a8b5
subprocess-logs/0177-jdk8_no-debug_WideRawParam_jadx-javac.stderr	8e3ee43eeb4230520bcd2401c72fb374fa37481be47b99b3286976c4917a0b10
subprocess-logs/0177-jdk8_no-debug_WideRawParam_jadx-javac.stdout	e3b0c44298fc1c149afbf4c8996fb92427ae41e4649b934ca495991b7852b855
subprocess-logs/0178-jdk8_no-debug_WideRawParam_jadx-verify-run.stderr	e3b0c44298fc1c149afbf4c8996fb92427ae41e4649b934ca495991b7852b855
subprocess-logs/0178-jdk8_no-debug_WideRawParam_jadx-verify-run.stdout	bb098a483d7226c3ef490fd7d5502cfaae0fa2dc00a248054971f81a95f5b14e
subprocess-logs/0179-jdk8_debug_ArrayRawParam_jar-contents.stderr	e3b0c44298fc1c149afbf4c8996fb92427ae41e4649b934ca495991b7852b855
subprocess-logs/0179-jdk8_debug_ArrayRawParam_jar-contents.stdout	3158ddd8210c312dd495e4f4bed9c58b47a294ca772f97d51d89a67d7715ebc7
subprocess-logs/0180-jdk8_debug_ArrayRawParam_original-javac.stderr	cb8a628cd783c342302463ddf01fbb8818bab7bee540276c0bbc9f5a43763de8
subprocess-logs/0180-jdk8_debug_ArrayRawParam_original-javac.stdout	e3b0c44298fc1c149afbf4c8996fb92427ae41e4649b934ca495991b7852b855
subprocess-logs/0181-jdk8_debug_ArrayRawParam_javap.stderr	e3b0c44298fc1c149afbf4c8996fb92427ae41e4649b934ca495991b7852b855
subprocess-logs/0181-jdk8_debug_ArrayRawParam_javap.stdout	4c7ce421a74e0ffc33ec4ecc7a9712fe726a9b9db67edf403b567249c28fe909
subprocess-logs/0182-jdk8_debug_ArrayRawParam_original-probe-javac.stderr	e3b0c44298fc1c149afbf4c8996fb92427ae41e4649b934ca495991b7852b855
subprocess-logs/0182-jdk8_debug_ArrayRawParam_original-probe-javac.stdout	e3b0c44298fc1c149afbf4c8996fb92427ae41e4649b934ca495991b7852b855
subprocess-logs/0183-jdk8_debug_ArrayRawParam_original-run.stderr	e3b0c44298fc1c149afbf4c8996fb92427ae41e4649b934ca495991b7852b855
subprocess-logs/0183-jdk8_debug_ArrayRawParam_original-run.stdout	d51f3b7d45328701a337bb2285770bcd1cf8f2179c66734c318010571e65ac8b
subprocess-logs/0184-jdk8_debug_ArrayRawParam_jarde-ArrayRawParam.stderr	eb6b369395e65455e1203ffab529c3361d9a929a549b41c8388439e03a172e59
subprocess-logs/0184-jdk8_debug_ArrayRawParam_jarde-ArrayRawParam.stdout	c8c72849f11741a77f70b21b0436745c69e7f2e9d60ae7c7724adfd147a8faab
subprocess-logs/0185-jdk8_debug_ArrayRawParam_jarde-javac.stderr	f0fd2231c5c9fd57357e2139b738837a45f57269873665d0b7a0ff39ef182814
subprocess-logs/0185-jdk8_debug_ArrayRawParam_jarde-javac.stdout	e3b0c44298fc1c149afbf4c8996fb92427ae41e4649b934ca495991b7852b855
subprocess-logs/0186-jdk8_debug_ArrayRawParam_jarde-verify-run.stderr	e3b0c44298fc1c149afbf4c8996fb92427ae41e4649b934ca495991b7852b855
subprocess-logs/0186-jdk8_debug_ArrayRawParam_jarde-verify-run.stdout	d51f3b7d45328701a337bb2285770bcd1cf8f2179c66734c318010571e65ac8b
subprocess-logs/0187-jdk8_debug_ArrayRawParam_jadx.stderr	e3b0c44298fc1c149afbf4c8996fb92427ae41e4649b934ca495991b7852b855
subprocess-logs/0187-jdk8_debug_ArrayRawParam_jadx.stdout	d0e8c456c70ae676ad665245585aa3895b9f728da512669142cd940bab16ed45
subprocess-logs/0188-jdk8_debug_ArrayRawParam_jadx-javac.stderr	8cb8342dd3724e5c671713e03078ac44a784d274f6920beb62718c8fb68a957c
subprocess-logs/0188-jdk8_debug_ArrayRawParam_jadx-javac.stdout	e3b0c44298fc1c149afbf4c8996fb92427ae41e4649b934ca495991b7852b855
subprocess-logs/0189-jdk8_debug_ArrayRawParam_jadx-verify-run.stderr	e3b0c44298fc1c149afbf4c8996fb92427ae41e4649b934ca495991b7852b855
subprocess-logs/0189-jdk8_debug_ArrayRawParam_jadx-verify-run.stdout	65890eea8fe7c3065fbc2f644c7253d5354fdffeba56efc1a47107d7914063b6
subprocess-logs/0190-jdk8_no-debug_ArrayRawParam_jar-contents.stderr	e3b0c44298fc1c149afbf4c8996fb92427ae41e4649b934ca495991b7852b855
subprocess-logs/0190-jdk8_no-debug_ArrayRawParam_jar-contents.stdout	3158ddd8210c312dd495e4f4bed9c58b47a294ca772f97d51d89a67d7715ebc7
subprocess-logs/0191-jdk8_no-debug_ArrayRawParam_original-javac.stderr	cb8a628cd783c342302463ddf01fbb8818bab7bee540276c0bbc9f5a43763de8
subprocess-logs/0191-jdk8_no-debug_ArrayRawParam_original-javac.stdout	e3b0c44298fc1c149afbf4c8996fb92427ae41e4649b934ca495991b7852b855
subprocess-logs/0192-jdk8_no-debug_ArrayRawParam_javap.stderr	e3b0c44298fc1c149afbf4c8996fb92427ae41e4649b934ca495991b7852b855
subprocess-logs/0192-jdk8_no-debug_ArrayRawParam_javap.stdout	24ed418999b82029ba80cfe7fb5f5170b36d811fe7db60dc4fc424f0dac2188f
subprocess-logs/0193-jdk8_no-debug_ArrayRawParam_original-probe-javac.stderr	e3b0c44298fc1c149afbf4c8996fb92427ae41e4649b934ca495991b7852b855
subprocess-logs/0193-jdk8_no-debug_ArrayRawParam_original-probe-javac.stdout	e3b0c44298fc1c149afbf4c8996fb92427ae41e4649b934ca495991b7852b855
subprocess-logs/0194-jdk8_no-debug_ArrayRawParam_original-run.stderr	e3b0c44298fc1c149afbf4c8996fb92427ae41e4649b934ca495991b7852b855
subprocess-logs/0194-jdk8_no-debug_ArrayRawParam_original-run.stdout	d51f3b7d45328701a337bb2285770bcd1cf8f2179c66734c318010571e65ac8b
subprocess-logs/0195-jdk8_no-debug_ArrayRawParam_jarde-ArrayRawParam.stderr	ff79694fa01fd9cdf4f74b81f60fc0b8f6615b6e5fdbc0fa5ad55d0c26cb9cbe
subprocess-logs/0195-jdk8_no-debug_ArrayRawParam_jarde-ArrayRawParam.stdout	6eca13086c3cca27c7ef5ed7c3ebc60b7bd9d8daada5cdd7d9c1eb80bf88c0bf
subprocess-logs/0196-jdk8_no-debug_ArrayRawParam_jarde-javac.stderr	1ac9ee20c38e7645a72b767d21bd67c1d7e34e83ed0f8a0d1db0fc36c2082e07
subprocess-logs/0196-jdk8_no-debug_ArrayRawParam_jarde-javac.stdout	e3b0c44298fc1c149afbf4c8996fb92427ae41e4649b934ca495991b7852b855
subprocess-logs/0197-jdk8_no-debug_ArrayRawParam_jarde-verify-run.stderr	e3b0c44298fc1c149afbf4c8996fb92427ae41e4649b934ca495991b7852b855
subprocess-logs/0197-jdk8_no-debug_ArrayRawParam_jarde-verify-run.stdout	d51f3b7d45328701a337bb2285770bcd1cf8f2179c66734c318010571e65ac8b
subprocess-logs/0198-jdk8_no-debug_ArrayRawParam_jadx.stderr	e3b0c44298fc1c149afbf4c8996fb92427ae41e4649b934ca495991b7852b855
subprocess-logs/0198-jdk8_no-debug_ArrayRawParam_jadx.stdout	666beedd864051562a98b49277d6863d6a8ae66e466cbc5f322fb5bf9f441076
subprocess-logs/0199-jdk8_no-debug_ArrayRawParam_jadx-javac.stderr	c6a1f2602f5914851578f8a717b78a5863a2ea704023de07c9d0c9e035434111
subprocess-logs/0199-jdk8_no-debug_ArrayRawParam_jadx-javac.stdout	e3b0c44298fc1c149afbf4c8996fb92427ae41e4649b934ca495991b7852b855
subprocess-logs/0200-jdk8_no-debug_ArrayRawParam_jadx-verify-run.stderr	e3b0c44298fc1c149afbf4c8996fb92427ae41e4649b934ca495991b7852b855
subprocess-logs/0200-jdk8_no-debug_ArrayRawParam_jadx-verify-run.stdout	65890eea8fe7c3065fbc2f644c7253d5354fdffeba56efc1a47107d7914063b6
subprocess-logs/0201-jdk8_debug_Array2DRawParam_jar-contents.stderr	e3b0c44298fc1c149afbf4c8996fb92427ae41e4649b934ca495991b7852b855
subprocess-logs/0201-jdk8_debug_Array2DRawParam_jar-contents.stdout	86b3231e464de56fb31cc21b9c23fd1d14d9545fe2f4454953b325583d420684
subprocess-logs/0202-jdk8_debug_Array2DRawParam_original-javac.stderr	d8c2fb561e15c0af3736407dc45a073b8fba19668877f99ae386f51e04b5fd6e
subprocess-logs/0202-jdk8_debug_Array2DRawParam_original-javac.stdout	e3b0c44298fc1c149afbf4c8996fb92427ae41e4649b934ca495991b7852b855
subprocess-logs/0203-jdk8_debug_Array2DRawParam_javap.stderr	e3b0c44298fc1c149afbf4c8996fb92427ae41e4649b934ca495991b7852b855
subprocess-logs/0203-jdk8_debug_Array2DRawParam_javap.stdout	deba0d0fd6477619e89f6e76cb0525d7928b911974091d0073491756b6417e97
subprocess-logs/0204-jdk8_debug_Array2DRawParam_original-probe-javac.stderr	e3b0c44298fc1c149afbf4c8996fb92427ae41e4649b934ca495991b7852b855
subprocess-logs/0204-jdk8_debug_Array2DRawParam_original-probe-javac.stdout	e3b0c44298fc1c149afbf4c8996fb92427ae41e4649b934ca495991b7852b855
subprocess-logs/0205-jdk8_debug_Array2DRawParam_original-run.stderr	e3b0c44298fc1c149afbf4c8996fb92427ae41e4649b934ca495991b7852b855
subprocess-logs/0205-jdk8_debug_Array2DRawParam_original-run.stdout	f48a2d307b1f6c7abb8d91e7a8ed8a5ccc87d07c1114588c08ddfb0808240329
subprocess-logs/0206-jdk8_debug_Array2DRawParam_jarde-Array2DRawParam.stderr	5cbf598503183f1cf8b3147e20d7a51f4313fa8ee95eb67b40327ec7448c9dfe
subprocess-logs/0206-jdk8_debug_Array2DRawParam_jarde-Array2DRawParam.stdout	d4ba813f6f198eed97a53a5c193bca2f69698ce49b7a93aa69e279e7c27acb62
subprocess-logs/0207-jdk8_debug_Array2DRawParam_jarde-javac.stderr	f67a5c73c11586eb170312bf522a62cf5d68da87b2f8016b572628ac47c54e10
subprocess-logs/0207-jdk8_debug_Array2DRawParam_jarde-javac.stdout	e3b0c44298fc1c149afbf4c8996fb92427ae41e4649b934ca495991b7852b855
subprocess-logs/0208-jdk8_debug_Array2DRawParam_jarde-verify-run.stderr	e3b0c44298fc1c149afbf4c8996fb92427ae41e4649b934ca495991b7852b855
subprocess-logs/0208-jdk8_debug_Array2DRawParam_jarde-verify-run.stdout	f48a2d307b1f6c7abb8d91e7a8ed8a5ccc87d07c1114588c08ddfb0808240329
subprocess-logs/0209-jdk8_debug_Array2DRawParam_jadx.stderr	e3b0c44298fc1c149afbf4c8996fb92427ae41e4649b934ca495991b7852b855
subprocess-logs/0209-jdk8_debug_Array2DRawParam_jadx.stdout	235be4310dc85623dcd62dae9058ccd6c150b5ff327cd6f990af8dea3402a7e8
subprocess-logs/0210-jdk8_debug_Array2DRawParam_jadx-javac.stderr	9607d65e6f70abfde25206f488a31a9a412e676b578e37b96cc33aa3768f3ed7
subprocess-logs/0210-jdk8_debug_Array2DRawParam_jadx-javac.stdout	e3b0c44298fc1c149afbf4c8996fb92427ae41e4649b934ca495991b7852b855
subprocess-logs/0211-jdk8_debug_Array2DRawParam_jadx-verify-run.stderr	e3b0c44298fc1c149afbf4c8996fb92427ae41e4649b934ca495991b7852b855
subprocess-logs/0211-jdk8_debug_Array2DRawParam_jadx-verify-run.stdout	8a25af8b8504893fffac8c1872e3c93e85925b6aa0b3d9ff5f62750cee2ba267
subprocess-logs/0212-jdk8_no-debug_Array2DRawParam_jar-contents.stderr	e3b0c44298fc1c149afbf4c8996fb92427ae41e4649b934ca495991b7852b855
subprocess-logs/0212-jdk8_no-debug_Array2DRawParam_jar-contents.stdout	86b3231e464de56fb31cc21b9c23fd1d14d9545fe2f4454953b325583d420684
subprocess-logs/0213-jdk8_no-debug_Array2DRawParam_original-javac.stderr	d8c2fb561e15c0af3736407dc45a073b8fba19668877f99ae386f51e04b5fd6e
subprocess-logs/0213-jdk8_no-debug_Array2DRawParam_original-javac.stdout	e3b0c44298fc1c149afbf4c8996fb92427ae41e4649b934ca495991b7852b855
subprocess-logs/0214-jdk8_no-debug_Array2DRawParam_javap.stderr	e3b0c44298fc1c149afbf4c8996fb92427ae41e4649b934ca495991b7852b855
subprocess-logs/0214-jdk8_no-debug_Array2DRawParam_javap.stdout	9085a4808db8ad5e0144f9e80b3bd5fb71cc39d9128c891f71ebe19da37b12d7
subprocess-logs/0215-jdk8_no-debug_Array2DRawParam_original-probe-javac.stderr	e3b0c44298fc1c149afbf4c8996fb92427ae41e4649b934ca495991b7852b855
subprocess-logs/0215-jdk8_no-debug_Array2DRawParam_original-probe-javac.stdout	e3b0c44298fc1c149afbf4c8996fb92427ae41e4649b934ca495991b7852b855
subprocess-logs/0216-jdk8_no-debug_Array2DRawParam_original-run.stderr	e3b0c44298fc1c149afbf4c8996fb92427ae41e4649b934ca495991b7852b855
subprocess-logs/0216-jdk8_no-debug_Array2DRawParam_original-run.stdout	f48a2d307b1f6c7abb8d91e7a8ed8a5ccc87d07c1114588c08ddfb0808240329
subprocess-logs/0217-jdk8_no-debug_Array2DRawParam_jarde-Array2DRawParam.stderr	e9f9dc29d7ec482f9aa36af83011594465c9e947f1bfda0bb6d860dc3511f7c1
subprocess-logs/0217-jdk8_no-debug_Array2DRawParam_jarde-Array2DRawParam.stdout	84b51bbf39ee444117977442cc40e3d8c27a72fb65b6164c7b2fbdfcc4eae13c
subprocess-logs/0218-jdk8_no-debug_Array2DRawParam_jarde-javac.stderr	61636cbe50d4c4838099da97c5d9b83877a69dc5aa8c516f0e37a346eca64131
subprocess-logs/0218-jdk8_no-debug_Array2DRawParam_jarde-javac.stdout	e3b0c44298fc1c149afbf4c8996fb92427ae41e4649b934ca495991b7852b855
subprocess-logs/0219-jdk8_no-debug_Array2DRawParam_jarde-verify-run.stderr	e3b0c44298fc1c149afbf4c8996fb92427ae41e4649b934ca495991b7852b855
subprocess-logs/0219-jdk8_no-debug_Array2DRawParam_jarde-verify-run.stdout	f48a2d307b1f6c7abb8d91e7a8ed8a5ccc87d07c1114588c08ddfb0808240329
subprocess-logs/0220-jdk8_no-debug_Array2DRawParam_jadx.stderr	e3b0c44298fc1c149afbf4c8996fb92427ae41e4649b934ca495991b7852b855
subprocess-logs/0220-jdk8_no-debug_Array2DRawParam_jadx.stdout	2d2ef764e59b924c8e7b5c2b3893f0f1e25a3f054c7cb8c1ced9f9e507dd80c2
subprocess-logs/0221-jdk8_no-debug_Array2DRawParam_jadx-javac.stderr	b7b09198eb2f80ff4dd29134d22f2864476453c17bf7e880cfb0ba3ac31e21f3
subprocess-logs/0221-jdk8_no-debug_Array2DRawParam_jadx-javac.stdout	e3b0c44298fc1c149afbf4c8996fb92427ae41e4649b934ca495991b7852b855
subprocess-logs/0222-jdk8_no-debug_Array2DRawParam_jadx-verify-run.stderr	e3b0c44298fc1c149afbf4c8996fb92427ae41e4649b934ca495991b7852b855
subprocess-logs/0222-jdk8_no-debug_Array2DRawParam_jadx-verify-run.stdout	8a25af8b8504893fffac8c1872e3c93e85925b6aa0b3d9ff5f62750cee2ba267
subprocess-logs/0223-jdk8_debug_PrimitiveArrayRawParam_jar-contents.stderr	e3b0c44298fc1c149afbf4c8996fb92427ae41e4649b934ca495991b7852b855
subprocess-logs/0223-jdk8_debug_PrimitiveArrayRawParam_jar-contents.stdout	91705ed612b1ad8f23b13ed6271590bfefda591510c739ce0052bb665848cb44
subprocess-logs/0224-jdk8_debug_PrimitiveArrayRawParam_original-javac.stderr	fdc6d87e49ebb010d6e855ea793247478d09b865401d94d4ef4104ae5bfeec66
subprocess-logs/0224-jdk8_debug_PrimitiveArrayRawParam_original-javac.stdout	e3b0c44298fc1c149afbf4c8996fb92427ae41e4649b934ca495991b7852b855
subprocess-logs/0225-jdk8_debug_PrimitiveArrayRawParam_javap.stderr	e3b0c44298fc1c149afbf4c8996fb92427ae41e4649b934ca495991b7852b855
subprocess-logs/0225-jdk8_debug_PrimitiveArrayRawParam_javap.stdout	6c4c7ae38c5a52141338d2360ce13fbbcd8a280a300025a4a460905647984ee8
subprocess-logs/0226-jdk8_debug_PrimitiveArrayRawParam_original-probe-javac.stderr	e3b0c44298fc1c149afbf4c8996fb92427ae41e4649b934ca495991b7852b855
subprocess-logs/0226-jdk8_debug_PrimitiveArrayRawParam_original-probe-javac.stdout	e3b0c44298fc1c149afbf4c8996fb92427ae41e4649b934ca495991b7852b855
subprocess-logs/0227-jdk8_debug_PrimitiveArrayRawParam_original-run.stderr	e3b0c44298fc1c149afbf4c8996fb92427ae41e4649b934ca495991b7852b855
subprocess-logs/0227-jdk8_debug_PrimitiveArrayRawParam_original-run.stdout	e156798549dd3ab3c3eced5fadfdced0789f4ee0e3f65410c291f2c46434dfba
subprocess-logs/0228-jdk8_debug_PrimitiveArrayRawParam_jarde-PrimitiveArrayRawParam.stderr	082ab95d1efee06ebb0d71f96e5c013e111e2202429266053f54a177bf35f383
subprocess-logs/0228-jdk8_debug_PrimitiveArrayRawParam_jarde-PrimitiveArrayRawParam.stdout	ca19f53923fbfb66917c75ea83f0d5053343cf8c6aa62b562778ef54d5028a26
subprocess-logs/0229-jdk8_debug_PrimitiveArrayRawParam_jarde-javac.stderr	6cce9e7be5943cf22e5ccb288352a5f17966ecde4fbc6d54faf38be569a90463
subprocess-logs/0229-jdk8_debug_PrimitiveArrayRawParam_jarde-javac.stdout	e3b0c44298fc1c149afbf4c8996fb92427ae41e4649b934ca495991b7852b855
subprocess-logs/0230-jdk8_debug_PrimitiveArrayRawParam_jarde-verify-run.stderr	e3b0c44298fc1c149afbf4c8996fb92427ae41e4649b934ca495991b7852b855
subprocess-logs/0230-jdk8_debug_PrimitiveArrayRawParam_jarde-verify-run.stdout	e156798549dd3ab3c3eced5fadfdced0789f4ee0e3f65410c291f2c46434dfba
subprocess-logs/0231-jdk8_debug_PrimitiveArrayRawParam_jadx.stderr	e3b0c44298fc1c149afbf4c8996fb92427ae41e4649b934ca495991b7852b855
subprocess-logs/0231-jdk8_debug_PrimitiveArrayRawParam_jadx.stdout	a5e108fc6a4ccd22b32231da01b0ee48ad1c80b3304b924dca6296bc3e31ffd8
subprocess-logs/0232-jdk8_debug_PrimitiveArrayRawParam_jadx-javac.stderr	44c697fadf494c594d4870285229aa8bb1fe7f672f53dadbda1843e0be27cdb7
subprocess-logs/0232-jdk8_debug_PrimitiveArrayRawParam_jadx-javac.stdout	e3b0c44298fc1c149afbf4c8996fb92427ae41e4649b934ca495991b7852b855
subprocess-logs/0233-jdk8_debug_PrimitiveArrayRawParam_jadx-verify-run.stderr	e3b0c44298fc1c149afbf4c8996fb92427ae41e4649b934ca495991b7852b855
subprocess-logs/0233-jdk8_debug_PrimitiveArrayRawParam_jadx-verify-run.stdout	8dbde5389e6da69a121d5ad297157ee52bcb682d49d75d8a4bc7844fd4d1d1e8
subprocess-logs/0234-jdk8_no-debug_PrimitiveArrayRawParam_jar-contents.stderr	e3b0c44298fc1c149afbf4c8996fb92427ae41e4649b934ca495991b7852b855
subprocess-logs/0234-jdk8_no-debug_PrimitiveArrayRawParam_jar-contents.stdout	91705ed612b1ad8f23b13ed6271590bfefda591510c739ce0052bb665848cb44
subprocess-logs/0235-jdk8_no-debug_PrimitiveArrayRawParam_original-javac.stderr	fdc6d87e49ebb010d6e855ea793247478d09b865401d94d4ef4104ae5bfeec66
subprocess-logs/0235-jdk8_no-debug_PrimitiveArrayRawParam_original-javac.stdout	e3b0c44298fc1c149afbf4c8996fb92427ae41e4649b934ca495991b7852b855
subprocess-logs/0236-jdk8_no-debug_PrimitiveArrayRawParam_javap.stderr	e3b0c44298fc1c149afbf4c8996fb92427ae41e4649b934ca495991b7852b855
subprocess-logs/0236-jdk8_no-debug_PrimitiveArrayRawParam_javap.stdout	275f1e044e17248fbec53bb33c68fcd2bb7a3501f996d9ede23b698af39fc073
subprocess-logs/0237-jdk8_no-debug_PrimitiveArrayRawParam_original-probe-javac.stderr	e3b0c44298fc1c149afbf4c8996fb92427ae41e4649b934ca495991b7852b855
subprocess-logs/0237-jdk8_no-debug_PrimitiveArrayRawParam_original-probe-javac.stdout	e3b0c44298fc1c149afbf4c8996fb92427ae41e4649b934ca495991b7852b855
subprocess-logs/0238-jdk8_no-debug_PrimitiveArrayRawParam_original-run.stderr	e3b0c44298fc1c149afbf4c8996fb92427ae41e4649b934ca495991b7852b855
subprocess-logs/0238-jdk8_no-debug_PrimitiveArrayRawParam_original-run.stdout	e156798549dd3ab3c3eced5fadfdced0789f4ee0e3f65410c291f2c46434dfba
subprocess-logs/0239-jdk8_no-debug_PrimitiveArrayRawParam_jarde-PrimitiveArrayRawParam.stderr	edee6b7d73b313efba92a9647189ce896e00647608ad398b197f4b387aa43cc1
subprocess-logs/0239-jdk8_no-debug_PrimitiveArrayRawParam_jarde-PrimitiveArrayRawParam.stdout	90298d00e9daee2bf9bea1ca50260dee0b170c49e8bc25e85ffbce8789fa2c77
subprocess-logs/0240-jdk8_no-debug_PrimitiveArrayRawParam_jarde-javac.stderr	200e201e642bfb8f559c9793b2123323d16a2a02ceb1bcb2951b7b8f2612ec76
subprocess-logs/0240-jdk8_no-debug_PrimitiveArrayRawParam_jarde-javac.stdout	e3b0c44298fc1c149afbf4c8996fb92427ae41e4649b934ca495991b7852b855
subprocess-logs/0241-jdk8_no-debug_PrimitiveArrayRawParam_jarde-verify-run.stderr	e3b0c44298fc1c149afbf4c8996fb92427ae41e4649b934ca495991b7852b855
subprocess-logs/0241-jdk8_no-debug_PrimitiveArrayRawParam_jarde-verify-run.stdout	e156798549dd3ab3c3eced5fadfdced0789f4ee0e3f65410c291f2c46434dfba
subprocess-logs/0242-jdk8_no-debug_PrimitiveArrayRawParam_jadx.stderr	e3b0c44298fc1c149afbf4c8996fb92427ae41e4649b934ca495991b7852b855
subprocess-logs/0242-jdk8_no-debug_PrimitiveArrayRawParam_jadx.stdout	5608305186b405552f659b98942f342463c1ce7fbc34ae8eee076412814896b0
subprocess-logs/0243-jdk8_no-debug_PrimitiveArrayRawParam_jadx-javac.stderr	245283c97821a32982d88bfb9f1079c7402d4fb3cccc5b40d71a5c96df5c0897
subprocess-logs/0243-jdk8_no-debug_PrimitiveArrayRawParam_jadx-javac.stdout	e3b0c44298fc1c149afbf4c8996fb92427ae41e4649b934ca495991b7852b855
subprocess-logs/0244-jdk8_no-debug_PrimitiveArrayRawParam_jadx-verify-run.stderr	e3b0c44298fc1c149afbf4c8996fb92427ae41e4649b934ca495991b7852b855
subprocess-logs/0244-jdk8_no-debug_PrimitiveArrayRawParam_jadx-verify-run.stdout	8dbde5389e6da69a121d5ad297157ee52bcb682d49d75d8a4bc7844fd4d1d1e8
subprocess-logs/0245-jdk8_debug_BoundRawParam_jar-contents.stderr	e3b0c44298fc1c149afbf4c8996fb92427ae41e4649b934ca495991b7852b855
subprocess-logs/0245-jdk8_debug_BoundRawParam_jar-contents.stdout	075878ec5b85246aaaf568037703e8c8504af213c36e979109d2de5461da85a9
subprocess-logs/0246-jdk8_debug_BoundRawParam_original-javac.stderr	332b6f179045eb2cb088f970e068ab6fa31d45b9312806bfdad964b6011a5fe3
subprocess-logs/0246-jdk8_debug_BoundRawParam_original-javac.stdout	e3b0c44298fc1c149afbf4c8996fb92427ae41e4649b934ca495991b7852b855
subprocess-logs/0247-jdk8_debug_BoundRawParam_javap.stderr	e3b0c44298fc1c149afbf4c8996fb92427ae41e4649b934ca495991b7852b855
subprocess-logs/0247-jdk8_debug_BoundRawParam_javap.stdout	0583d8322acdeef96e916b2cd62e0e25b844428cb9daff422eefb25ea2352e81
subprocess-logs/0248-jdk8_debug_BoundRawParam_original-probe-javac.stderr	e3b0c44298fc1c149afbf4c8996fb92427ae41e4649b934ca495991b7852b855
subprocess-logs/0248-jdk8_debug_BoundRawParam_original-probe-javac.stdout	e3b0c44298fc1c149afbf4c8996fb92427ae41e4649b934ca495991b7852b855
subprocess-logs/0249-jdk8_debug_BoundRawParam_original-run.stderr	e3b0c44298fc1c149afbf4c8996fb92427ae41e4649b934ca495991b7852b855
subprocess-logs/0249-jdk8_debug_BoundRawParam_original-run.stdout	0c5cb2a465e5db671d09e57d82dc7d2279cee6ef898da3154a4cac90f5c80de8
subprocess-logs/0250-jdk8_debug_BoundRawParam_jarde-BoundRawParam.stderr	2c5a6cd88466bdbf92558ae05e12defe5f2a6268e9c478b3e0bca8a6455b4bd9
subprocess-logs/0250-jdk8_debug_BoundRawParam_jarde-BoundRawParam.stdout	6780b9df7fd79af1b6d8e0acb289d0257a77eaa548101c8cfe3fdc3911d66eac
subprocess-logs/0251-jdk8_debug_BoundRawParam_jarde-javac.stderr	66e6139976c4f8a2c43fe39e20e437668ccc8703094376a396d029827e5e64d0
subprocess-logs/0251-jdk8_debug_BoundRawParam_jarde-javac.stdout	e3b0c44298fc1c149afbf4c8996fb92427ae41e4649b934ca495991b7852b855
subprocess-logs/0252-jdk8_debug_BoundRawParam_jarde-verify-run.stderr	e3b0c44298fc1c149afbf4c8996fb92427ae41e4649b934ca495991b7852b855
subprocess-logs/0252-jdk8_debug_BoundRawParam_jarde-verify-run.stdout	0c5cb2a465e5db671d09e57d82dc7d2279cee6ef898da3154a4cac90f5c80de8
subprocess-logs/0253-jdk8_debug_BoundRawParam_jadx.stderr	e3b0c44298fc1c149afbf4c8996fb92427ae41e4649b934ca495991b7852b855
subprocess-logs/0253-jdk8_debug_BoundRawParam_jadx.stdout	8cdd866444b1b168eb04924cce12c40cbbc754c04b8e70f8909b89fa3d8f7f11
subprocess-logs/0254-jdk8_debug_BoundRawParam_jadx-javac.stderr	5d259e7c4604b5c54200b283df3d242efa4d355d820878b195dbeef97bf0a810
subprocess-logs/0254-jdk8_debug_BoundRawParam_jadx-javac.stdout	e3b0c44298fc1c149afbf4c8996fb92427ae41e4649b934ca495991b7852b855
subprocess-logs/0255-jdk8_debug_BoundRawParam_jadx-verify-run.stderr	e3b0c44298fc1c149afbf4c8996fb92427ae41e4649b934ca495991b7852b855
subprocess-logs/0255-jdk8_debug_BoundRawParam_jadx-verify-run.stdout	bdeb71e6ccb9da375831745c55c6fa5137fd29b7007948eecaea74516d6991ca
subprocess-logs/0256-jdk8_no-debug_BoundRawParam_jar-contents.stderr	e3b0c44298fc1c149afbf4c8996fb92427ae41e4649b934ca495991b7852b855
subprocess-logs/0256-jdk8_no-debug_BoundRawParam_jar-contents.stdout	075878ec5b85246aaaf568037703e8c8504af213c36e979109d2de5461da85a9
subprocess-logs/0257-jdk8_no-debug_BoundRawParam_original-javac.stderr	332b6f179045eb2cb088f970e068ab6fa31d45b9312806bfdad964b6011a5fe3
subprocess-logs/0257-jdk8_no-debug_BoundRawParam_original-javac.stdout	e3b0c44298fc1c149afbf4c8996fb92427ae41e4649b934ca495991b7852b855
subprocess-logs/0258-jdk8_no-debug_BoundRawParam_javap.stderr	e3b0c44298fc1c149afbf4c8996fb92427ae41e4649b934ca495991b7852b855
subprocess-logs/0258-jdk8_no-debug_BoundRawParam_javap.stdout	35328488ae05ff6cb9f5ea7516ee2ff849fd1910c1da48b8be5d2290ccf91aaf
subprocess-logs/0259-jdk8_no-debug_BoundRawParam_original-probe-javac.stderr	e3b0c44298fc1c149afbf4c8996fb92427ae41e4649b934ca495991b7852b855
subprocess-logs/0259-jdk8_no-debug_BoundRawParam_original-probe-javac.stdout	e3b0c44298fc1c149afbf4c8996fb92427ae41e4649b934ca495991b7852b855
subprocess-logs/0260-jdk8_no-debug_BoundRawParam_original-run.stderr	e3b0c44298fc1c149afbf4c8996fb92427ae41e4649b934ca495991b7852b855
subprocess-logs/0260-jdk8_no-debug_BoundRawParam_original-run.stdout	0c5cb2a465e5db671d09e57d82dc7d2279cee6ef898da3154a4cac90f5c80de8
subprocess-logs/0261-jdk8_no-debug_BoundRawParam_jarde-BoundRawParam.stderr	1a611a97b065c37a6d3a21c8c90cc8ea40a9f443fc3b0d11ca8e1502ca34764b
subprocess-logs/0261-jdk8_no-debug_BoundRawParam_jarde-BoundRawParam.stdout	81ee814aa442d16bedb0f72f370830c16ee2069d4e84754453ae15445e258294
subprocess-logs/0262-jdk8_no-debug_BoundRawParam_jarde-javac.stderr	94f6dd62f1293096527ea85cef35e5e166849c898c11d468e6681d5e09f19edf
subprocess-logs/0262-jdk8_no-debug_BoundRawParam_jarde-javac.stdout	e3b0c44298fc1c149afbf4c8996fb92427ae41e4649b934ca495991b7852b855
subprocess-logs/0263-jdk8_no-debug_BoundRawParam_jarde-verify-run.stderr	e3b0c44298fc1c149afbf4c8996fb92427ae41e4649b934ca495991b7852b855
subprocess-logs/0263-jdk8_no-debug_BoundRawParam_jarde-verify-run.stdout	0c5cb2a465e5db671d09e57d82dc7d2279cee6ef898da3154a4cac90f5c80de8
subprocess-logs/0264-jdk8_no-debug_BoundRawParam_jadx.stderr	e3b0c44298fc1c149afbf4c8996fb92427ae41e4649b934ca495991b7852b855
subprocess-logs/0264-jdk8_no-debug_BoundRawParam_jadx.stdout	0feec1af4ce67fff5954a6fb8ebcb5259d31b2f711d676c6bde06201333f906a
subprocess-logs/0265-jdk8_no-debug_BoundRawParam_jadx-javac.stderr	7b372b787c733266537535737a1173cc7c7a38c6b3dca1c0d3815763a4b94ed4
subprocess-logs/0265-jdk8_no-debug_BoundRawParam_jadx-javac.stdout	e3b0c44298fc1c149afbf4c8996fb92427ae41e4649b934ca495991b7852b855
subprocess-logs/0266-jdk8_no-debug_BoundRawParam_jadx-verify-run.stderr	e3b0c44298fc1c149afbf4c8996fb92427ae41e4649b934ca495991b7852b855
subprocess-logs/0266-jdk8_no-debug_BoundRawParam_jadx-verify-run.stdout	bdeb71e6ccb9da375831745c55c6fa5137fd29b7007948eecaea74516d6991ca
subprocess-logs/0267-jdk8_debug_NullRawParam_jar-contents.stderr	e3b0c44298fc1c149afbf4c8996fb92427ae41e4649b934ca495991b7852b855
subprocess-logs/0267-jdk8_debug_NullRawParam_jar-contents.stdout	ec9be3c8fc3cd99b67f4aaee4928989735f2768aa23a4b40308f2268d7274f2c
subprocess-logs/0268-jdk8_debug_NullRawParam_original-javac.stderr	783fcc6f6b5a0f5a3939e21fd8140e506cab11d0d0342910949529ff8bfc74a4
subprocess-logs/0268-jdk8_debug_NullRawParam_original-javac.stdout	e3b0c44298fc1c149afbf4c8996fb92427ae41e4649b934ca495991b7852b855
subprocess-logs/0269-jdk8_debug_NullRawParam_javap.stderr	e3b0c44298fc1c149afbf4c8996fb92427ae41e4649b934ca495991b7852b855
subprocess-logs/0269-jdk8_debug_NullRawParam_javap.stdout	139d2e1df5d613b81e80530d7449c85459b12960a83cda1800ca1f8801c39daf
subprocess-logs/0270-jdk8_debug_NullRawParam_original-probe-javac.stderr	e3b0c44298fc1c149afbf4c8996fb92427ae41e4649b934ca495991b7852b855
subprocess-logs/0270-jdk8_debug_NullRawParam_original-probe-javac.stdout	e3b0c44298fc1c149afbf4c8996fb92427ae41e4649b934ca495991b7852b855
subprocess-logs/0271-jdk8_debug_NullRawParam_original-run.stderr	e3b0c44298fc1c149afbf4c8996fb92427ae41e4649b934ca495991b7852b855
subprocess-logs/0271-jdk8_debug_NullRawParam_original-run.stdout	99432d5aa83e97874597f1a0fde12c2a963ce4099787ae00fd33faff35b18418
subprocess-logs/0272-jdk8_debug_NullRawParam_jarde-NullRawParam.stderr	3a849021df222790a53f8bfef6ab2ec75abb86b380f710e6fad0a3933b34dcf2
subprocess-logs/0272-jdk8_debug_NullRawParam_jarde-NullRawParam.stdout	f60daa335370ba4b9535a79d8a6039e957fde7f7fbf1179b722b7dff8c1bb168
subprocess-logs/0273-jdk8_debug_NullRawParam_jarde-javac.stderr	da2fdc9e6e479661918fd188794ffe237040795da244f5343c365b297be38723
subprocess-logs/0273-jdk8_debug_NullRawParam_jarde-javac.stdout	e3b0c44298fc1c149afbf4c8996fb92427ae41e4649b934ca495991b7852b855
subprocess-logs/0274-jdk8_debug_NullRawParam_jarde-verify-run.stderr	e3b0c44298fc1c149afbf4c8996fb92427ae41e4649b934ca495991b7852b855
subprocess-logs/0274-jdk8_debug_NullRawParam_jarde-verify-run.stdout	99432d5aa83e97874597f1a0fde12c2a963ce4099787ae00fd33faff35b18418
subprocess-logs/0275-jdk8_debug_NullRawParam_jadx.stderr	e3b0c44298fc1c149afbf4c8996fb92427ae41e4649b934ca495991b7852b855
subprocess-logs/0275-jdk8_debug_NullRawParam_jadx.stdout	fc9f15e18ad1899e153f8618a6ed6d3dc316c59d4bfc28be81b054c6e32ab055
subprocess-logs/0276-jdk8_debug_NullRawParam_jadx-javac.stderr	feb9f90dbd1eada5aa6f5d0d40ef241196f16d11b0164e7e1375cbd9d4878c3c
subprocess-logs/0276-jdk8_debug_NullRawParam_jadx-javac.stdout	e3b0c44298fc1c149afbf4c8996fb92427ae41e4649b934ca495991b7852b855
subprocess-logs/0277-jdk8_debug_NullRawParam_jadx-verify-run.stderr	e3b0c44298fc1c149afbf4c8996fb92427ae41e4649b934ca495991b7852b855
subprocess-logs/0277-jdk8_debug_NullRawParam_jadx-verify-run.stdout	f4e759450c3306919076b843e677ebd4315a206a7a08c607258e8ee49a6eb720
subprocess-logs/0278-jdk8_no-debug_NullRawParam_jar-contents.stderr	e3b0c44298fc1c149afbf4c8996fb92427ae41e4649b934ca495991b7852b855
subprocess-logs/0278-jdk8_no-debug_NullRawParam_jar-contents.stdout	ec9be3c8fc3cd99b67f4aaee4928989735f2768aa23a4b40308f2268d7274f2c
subprocess-logs/0279-jdk8_no-debug_NullRawParam_original-javac.stderr	783fcc6f6b5a0f5a3939e21fd8140e506cab11d0d0342910949529ff8bfc74a4
subprocess-logs/0279-jdk8_no-debug_NullRawParam_original-javac.stdout	e3b0c44298fc1c149afbf4c8996fb92427ae41e4649b934ca495991b7852b855
subprocess-logs/0280-jdk8_no-debug_NullRawParam_javap.stderr	e3b0c44298fc1c149afbf4c8996fb92427ae41e4649b934ca495991b7852b855
subprocess-logs/0280-jdk8_no-debug_NullRawParam_javap.stdout	9a59b31b98a5661258bcaf443731f7673ffb6ced1e6bd1a1aed6f998cc92b6f1
subprocess-logs/0281-jdk8_no-debug_NullRawParam_original-probe-javac.stderr	e3b0c44298fc1c149afbf4c8996fb92427ae41e4649b934ca495991b7852b855
subprocess-logs/0281-jdk8_no-debug_NullRawParam_original-probe-javac.stdout	e3b0c44298fc1c149afbf4c8996fb92427ae41e4649b934ca495991b7852b855
subprocess-logs/0282-jdk8_no-debug_NullRawParam_original-run.stderr	e3b0c44298fc1c149afbf4c8996fb92427ae41e4649b934ca495991b7852b855
subprocess-logs/0282-jdk8_no-debug_NullRawParam_original-run.stdout	99432d5aa83e97874597f1a0fde12c2a963ce4099787ae00fd33faff35b18418
subprocess-logs/0283-jdk8_no-debug_NullRawParam_jarde-NullRawParam.stderr	3e841e0d0d4ba57b8971ac652f37d67768e43c420b504867df4f8754125961db
subprocess-logs/0283-jdk8_no-debug_NullRawParam_jarde-NullRawParam.stdout	d68300b3bdd64dc0a1769de4c77a88e3eebccc14b47a17dc3e1ee4f8165ca2e2
subprocess-logs/0284-jdk8_no-debug_NullRawParam_jarde-javac.stderr	74ecc8c645d478c232a1e4ee9f0d332e37db2b3e4e0d04ae10690c7f84a1120f
subprocess-logs/0284-jdk8_no-debug_NullRawParam_jarde-javac.stdout	e3b0c44298fc1c149afbf4c8996fb92427ae41e4649b934ca495991b7852b855
subprocess-logs/0285-jdk8_no-debug_NullRawParam_jarde-verify-run.stderr	e3b0c44298fc1c149afbf4c8996fb92427ae41e4649b934ca495991b7852b855
subprocess-logs/0285-jdk8_no-debug_NullRawParam_jarde-verify-run.stdout	99432d5aa83e97874597f1a0fde12c2a963ce4099787ae00fd33faff35b18418
subprocess-logs/0286-jdk8_no-debug_NullRawParam_jadx.stderr	e3b0c44298fc1c149afbf4c8996fb92427ae41e4649b934ca495991b7852b855
subprocess-logs/0286-jdk8_no-debug_NullRawParam_jadx.stdout	0f4f8406d9b3503d620c1a470fb77c4124069438aaefcf5a5da527d6f45e3219
subprocess-logs/0287-jdk8_no-debug_NullRawParam_jadx-javac.stderr	ac264cb5f0810bd892530f1141c0867c5d9957897f856cb0e2953b651818eb01
subprocess-logs/0287-jdk8_no-debug_NullRawParam_jadx-javac.stdout	e3b0c44298fc1c149afbf4c8996fb92427ae41e4649b934ca495991b7852b855
subprocess-logs/0288-jdk8_no-debug_NullRawParam_jadx-verify-run.stderr	e3b0c44298fc1c149afbf4c8996fb92427ae41e4649b934ca495991b7852b855
subprocess-logs/0288-jdk8_no-debug_NullRawParam_jadx-verify-run.stdout	f4e759450c3306919076b843e677ebd4315a206a7a08c607258e8ee49a6eb720
subprocess-logs/0289-jdk8_debug_RetainedAliasRawParam_jar-contents.stderr	e3b0c44298fc1c149afbf4c8996fb92427ae41e4649b934ca495991b7852b855
subprocess-logs/0289-jdk8_debug_RetainedAliasRawParam_jar-contents.stdout	a1985b9d7beb306cabb087220b328de3b90ea1632d23bad706a4d4d2071ef201
subprocess-logs/0290-jdk8_debug_RetainedAliasRawParam_original-javac.stderr	50c41222a602d30852da3abf82e029d976424c723a93ff1708bc54b19eb25180
subprocess-logs/0290-jdk8_debug_RetainedAliasRawParam_original-javac.stdout	e3b0c44298fc1c149afbf4c8996fb92427ae41e4649b934ca495991b7852b855
subprocess-logs/0291-jdk8_debug_RetainedAliasRawParam_javap.stderr	e3b0c44298fc1c149afbf4c8996fb92427ae41e4649b934ca495991b7852b855
subprocess-logs/0291-jdk8_debug_RetainedAliasRawParam_javap.stdout	3cb057158548fc3131bab5f82e09bcb27fd50bfa5ef8d55801944101226deb0e
subprocess-logs/0292-jdk8_debug_RetainedAliasRawParam_original-probe-javac.stderr	e3b0c44298fc1c149afbf4c8996fb92427ae41e4649b934ca495991b7852b855
subprocess-logs/0292-jdk8_debug_RetainedAliasRawParam_original-probe-javac.stdout	e3b0c44298fc1c149afbf4c8996fb92427ae41e4649b934ca495991b7852b855
subprocess-logs/0293-jdk8_debug_RetainedAliasRawParam_original-run.stderr	e3b0c44298fc1c149afbf4c8996fb92427ae41e4649b934ca495991b7852b855
subprocess-logs/0293-jdk8_debug_RetainedAliasRawParam_original-run.stdout	587147b6fcdb6f90959b73653be0302d121556b4c0626fb20a88ff47291ce8ff
subprocess-logs/0294-jdk8_debug_RetainedAliasRawParam_jarde-RetainedAliasRawParam.stderr	facc0b77f208c6394f511e2935aaedcdeaf580cfcdc6473b3e0697852ee35977
subprocess-logs/0294-jdk8_debug_RetainedAliasRawParam_jarde-RetainedAliasRawParam.stdout	67c03164c7f4c286881d760c247bdc8ed73c851a4377db2751830cc607eb3f89
subprocess-logs/0295-jdk8_debug_RetainedAliasRawParam_jarde-javac.stderr	cae381489b2a48c7b82ae8b522309e8bdad38e6a34f90ac69ee4435df48cd804
subprocess-logs/0295-jdk8_debug_RetainedAliasRawParam_jarde-javac.stdout	e3b0c44298fc1c149afbf4c8996fb92427ae41e4649b934ca495991b7852b855
subprocess-logs/0296-jdk8_debug_RetainedAliasRawParam_jarde-verify-run.stderr	e3b0c44298fc1c149afbf4c8996fb92427ae41e4649b934ca495991b7852b855
subprocess-logs/0296-jdk8_debug_RetainedAliasRawParam_jarde-verify-run.stdout	587147b6fcdb6f90959b73653be0302d121556b4c0626fb20a88ff47291ce8ff
subprocess-logs/0297-jdk8_debug_RetainedAliasRawParam_jadx.stderr	e3b0c44298fc1c149afbf4c8996fb92427ae41e4649b934ca495991b7852b855
subprocess-logs/0297-jdk8_debug_RetainedAliasRawParam_jadx.stdout	0a9c5ccfae757c44deefb930c6da7fdcf716adc539cd0a384f7faf26094d5b04
subprocess-logs/0298-jdk8_debug_RetainedAliasRawParam_jadx-javac.stderr	aa2e74491da50f649dd278a4a40c531000a906a5f20ea1b04384cbddae5cbd46
subprocess-logs/0298-jdk8_debug_RetainedAliasRawParam_jadx-javac.stdout	e3b0c44298fc1c149afbf4c8996fb92427ae41e4649b934ca495991b7852b855
subprocess-logs/0299-jdk8_debug_RetainedAliasRawParam_jadx-verify-run.stderr	e3b0c44298fc1c149afbf4c8996fb92427ae41e4649b934ca495991b7852b855
subprocess-logs/0299-jdk8_debug_RetainedAliasRawParam_jadx-verify-run.stdout	f92fd71052669f4c2419e8516949617f14ee858caeb232d80d63117f41ea2d94
subprocess-logs/0300-jdk8_no-debug_RetainedAliasRawParam_jar-contents.stderr	e3b0c44298fc1c149afbf4c8996fb92427ae41e4649b934ca495991b7852b855
subprocess-logs/0300-jdk8_no-debug_RetainedAliasRawParam_jar-contents.stdout	a1985b9d7beb306cabb087220b328de3b90ea1632d23bad706a4d4d2071ef201
subprocess-logs/0301-jdk8_no-debug_RetainedAliasRawParam_original-javac.stderr	50c41222a602d30852da3abf82e029d976424c723a93ff1708bc54b19eb25180
subprocess-logs/0301-jdk8_no-debug_RetainedAliasRawParam_original-javac.stdout	e3b0c44298fc1c149afbf4c8996fb92427ae41e4649b934ca495991b7852b855
subprocess-logs/0302-jdk8_no-debug_RetainedAliasRawParam_javap.stderr	e3b0c44298fc1c149afbf4c8996fb92427ae41e4649b934ca495991b7852b855
subprocess-logs/0302-jdk8_no-debug_RetainedAliasRawParam_javap.stdout	b9fe7985316c785d39a3760244459ca1200626315058c1b0a2d5baa16cb822cb
subprocess-logs/0303-jdk8_no-debug_RetainedAliasRawParam_original-probe-javac.stderr	e3b0c44298fc1c149afbf4c8996fb92427ae41e4649b934ca495991b7852b855
subprocess-logs/0303-jdk8_no-debug_RetainedAliasRawParam_original-probe-javac.stdout	e3b0c44298fc1c149afbf4c8996fb92427ae41e4649b934ca495991b7852b855
subprocess-logs/0304-jdk8_no-debug_RetainedAliasRawParam_original-run.stderr	e3b0c44298fc1c149afbf4c8996fb92427ae41e4649b934ca495991b7852b855
subprocess-logs/0304-jdk8_no-debug_RetainedAliasRawParam_original-run.stdout	587147b6fcdb6f90959b73653be0302d121556b4c0626fb20a88ff47291ce8ff
subprocess-logs/0305-jdk8_no-debug_RetainedAliasRawParam_jarde-RetainedAliasRawParam.stderr	0339778650606bad0e68e8ccce157395d6a3ce5ee879635c9bb14663dbcf6d70
subprocess-logs/0305-jdk8_no-debug_RetainedAliasRawParam_jarde-RetainedAliasRawParam.stdout	e3536151d6425f7cf9e601be73cd6fccdb94be39c2157ee6ae0f84a8c7d364e5
subprocess-logs/0306-jdk8_no-debug_RetainedAliasRawParam_jarde-javac.stderr	a1e922afadceebcfc62a9150aa6d10dc0dad9cc551a3669afeea851f4a1aaed7
subprocess-logs/0306-jdk8_no-debug_RetainedAliasRawParam_jarde-javac.stdout	e3b0c44298fc1c149afbf4c8996fb92427ae41e4649b934ca495991b7852b855
subprocess-logs/0307-jdk8_no-debug_RetainedAliasRawParam_jarde-verify-run.stderr	e3b0c44298fc1c149afbf4c8996fb92427ae41e4649b934ca495991b7852b855
subprocess-logs/0307-jdk8_no-debug_RetainedAliasRawParam_jarde-verify-run.stdout	587147b6fcdb6f90959b73653be0302d121556b4c0626fb20a88ff47291ce8ff
subprocess-logs/0308-jdk8_no-debug_RetainedAliasRawParam_jadx.stderr	e3b0c44298fc1c149afbf4c8996fb92427ae41e4649b934ca495991b7852b855
subprocess-logs/0308-jdk8_no-debug_RetainedAliasRawParam_jadx.stdout	c5d97e8080f74d3a6d096050c215362e065d07639ede2fff183a19624b4d3c82
subprocess-logs/0309-jdk8_no-debug_RetainedAliasRawParam_jadx-javac.stderr	766dacb24b8b2f30812252b7ea2543beeb3e80b89f2eabf114e1e24509e5bf42
subprocess-logs/0309-jdk8_no-debug_RetainedAliasRawParam_jadx-javac.stdout	e3b0c44298fc1c149afbf4c8996fb92427ae41e4649b934ca495991b7852b855
subprocess-logs/0310-jdk8_no-debug_RetainedAliasRawParam_jadx-verify-run.stderr	e3b0c44298fc1c149afbf4c8996fb92427ae41e4649b934ca495991b7852b855
subprocess-logs/0310-jdk8_no-debug_RetainedAliasRawParam_jadx-verify-run.stdout	f92fd71052669f4c2419e8516949617f14ee858caeb232d80d63117f41ea2d94
subprocess-logs/0311-jdk8_debug_MultiFormalRawParam_jar-contents.stderr	e3b0c44298fc1c149afbf4c8996fb92427ae41e4649b934ca495991b7852b855
subprocess-logs/0311-jdk8_debug_MultiFormalRawParam_jar-contents.stdout	4bc05ecbba4968bacfc686b7e4b7523216b1c1705eac9aef254aaff653bf7e55
subprocess-logs/0312-jdk8_debug_MultiFormalRawParam_original-javac.stderr	a7aac962d457f5d861ff850678dc960f9c140ea9b8b48cd9fdb25d20133bc9dd
subprocess-logs/0312-jdk8_debug_MultiFormalRawParam_original-javac.stdout	e3b0c44298fc1c149afbf4c8996fb92427ae41e4649b934ca495991b7852b855
subprocess-logs/0313-jdk8_debug_MultiFormalRawParam_javap.stderr	e3b0c44298fc1c149afbf4c8996fb92427ae41e4649b934ca495991b7852b855
subprocess-logs/0313-jdk8_debug_MultiFormalRawParam_javap.stdout	dd1d4e622d2f408c5f5449b163dce274f44ce66b401816ce045a25ad1fc513c7
subprocess-logs/0314-jdk8_debug_MultiFormalRawParam_original-probe-javac.stderr	e3b0c44298fc1c149afbf4c8996fb92427ae41e4649b934ca495991b7852b855
subprocess-logs/0314-jdk8_debug_MultiFormalRawParam_original-probe-javac.stdout	e3b0c44298fc1c149afbf4c8996fb92427ae41e4649b934ca495991b7852b855
subprocess-logs/0315-jdk8_debug_MultiFormalRawParam_original-run.stderr	e3b0c44298fc1c149afbf4c8996fb92427ae41e4649b934ca495991b7852b855
subprocess-logs/0315-jdk8_debug_MultiFormalRawParam_original-run.stdout	6d16de1512a82cf13a56f94903001249dbfdb1ab81b29b817616448334e1d0c4
subprocess-logs/0316-jdk8_debug_MultiFormalRawParam_jarde-MultiFormalRawParam.stderr	e3d99be02ab583d3a279d140588f24847e1785b50a04eee52895a255f878f31c
subprocess-logs/0316-jdk8_debug_MultiFormalRawParam_jarde-MultiFormalRawParam.stdout	f619dc6de622abbbb601490c87b29154ed05f1dc9da16fd08f994de9faa1e729
subprocess-logs/0317-jdk8_debug_MultiFormalRawParam_jarde-javac.stderr	a84d404f6934f4268a212a798e53906fd39fd607236304ab9f2add8e083080f3
subprocess-logs/0317-jdk8_debug_MultiFormalRawParam_jarde-javac.stdout	e3b0c44298fc1c149afbf4c8996fb92427ae41e4649b934ca495991b7852b855
subprocess-logs/0318-jdk8_debug_MultiFormalRawParam_jarde-verify-run.stderr	e3b0c44298fc1c149afbf4c8996fb92427ae41e4649b934ca495991b7852b855
subprocess-logs/0318-jdk8_debug_MultiFormalRawParam_jarde-verify-run.stdout	8bc5d0b9f7ed8f8820c0a056a24f74615b3e6104dd1ccada41aee9975df41485
subprocess-logs/0319-jdk8_debug_MultiFormalRawParam_jadx.stderr	e3b0c44298fc1c149afbf4c8996fb92427ae41e4649b934ca495991b7852b855
subprocess-logs/0319-jdk8_debug_MultiFormalRawParam_jadx.stdout	db5febae07564a09089046ccd7e83efc8ed6e8fe22ef2188a077b3331d9049d0
subprocess-logs/0320-jdk8_debug_MultiFormalRawParam_jadx-javac.stderr	58566475acec6ee3c6037da18c9a8c30fe0a092646fc9439c7f9d3db346e28f9
subprocess-logs/0320-jdk8_debug_MultiFormalRawParam_jadx-javac.stdout	e3b0c44298fc1c149afbf4c8996fb92427ae41e4649b934ca495991b7852b855
subprocess-logs/0321-jdk8_debug_MultiFormalRawParam_jadx-verify-run.stderr	e3b0c44298fc1c149afbf4c8996fb92427ae41e4649b934ca495991b7852b855
subprocess-logs/0321-jdk8_debug_MultiFormalRawParam_jadx-verify-run.stdout	8d284d37fb44425659f63776c8f684d596146724e653b1147b4adc2b7c50d4e2
subprocess-logs/0322-jdk8_no-debug_MultiFormalRawParam_jar-contents.stderr	e3b0c44298fc1c149afbf4c8996fb92427ae41e4649b934ca495991b7852b855
subprocess-logs/0322-jdk8_no-debug_MultiFormalRawParam_jar-contents.stdout	4bc05ecbba4968bacfc686b7e4b7523216b1c1705eac9aef254aaff653bf7e55
subprocess-logs/0323-jdk8_no-debug_MultiFormalRawParam_original-javac.stderr	a7aac962d457f5d861ff850678dc960f9c140ea9b8b48cd9fdb25d20133bc9dd
subprocess-logs/0323-jdk8_no-debug_MultiFormalRawParam_original-javac.stdout	e3b0c44298fc1c149afbf4c8996fb92427ae41e4649b934ca495991b7852b855
subprocess-logs/0324-jdk8_no-debug_MultiFormalRawParam_javap.stderr	e3b0c44298fc1c149afbf4c8996fb92427ae41e4649b934ca495991b7852b855
subprocess-logs/0324-jdk8_no-debug_MultiFormalRawParam_javap.stdout	576d418084006c3432ae54bde722c5e1f3329fa92d098f3b84fce07ff58a8b83
subprocess-logs/0325-jdk8_no-debug_MultiFormalRawParam_original-probe-javac.stderr	e3b0c44298fc1c149afbf4c8996fb92427ae41e4649b934ca495991b7852b855
subprocess-logs/0325-jdk8_no-debug_MultiFormalRawParam_original-probe-javac.stdout	e3b0c44298fc1c149afbf4c8996fb92427ae41e4649b934ca495991b7852b855
subprocess-logs/0326-jdk8_no-debug_MultiFormalRawParam_original-run.stderr	e3b0c44298fc1c149afbf4c8996fb92427ae41e4649b934ca495991b7852b855
subprocess-logs/0326-jdk8_no-debug_MultiFormalRawParam_original-run.stdout	6d16de1512a82cf13a56f94903001249dbfdb1ab81b29b817616448334e1d0c4
subprocess-logs/0327-jdk8_no-debug_MultiFormalRawParam_jarde-MultiFormalRawParam.stderr	57f9444042c00116398acec58531c609a23bede8e13bea123e12f0c4e9c22cc8
subprocess-logs/0327-jdk8_no-debug_MultiFormalRawParam_jarde-MultiFormalRawParam.stdout	25dc6e16e8b9f5a62fe2333fe44c3491fde8f6d40b762bca42951af6d817bbd1
subprocess-logs/0328-jdk8_no-debug_MultiFormalRawParam_jarde-javac.stderr	56e7a1e9bd5226eb14f223e8c13c91933f93ad927d16c62aa13729328c9a6d15
subprocess-logs/0328-jdk8_no-debug_MultiFormalRawParam_jarde-javac.stdout	e3b0c44298fc1c149afbf4c8996fb92427ae41e4649b934ca495991b7852b855
subprocess-logs/0329-jdk8_no-debug_MultiFormalRawParam_jarde-verify-run.stderr	e3b0c44298fc1c149afbf4c8996fb92427ae41e4649b934ca495991b7852b855
subprocess-logs/0329-jdk8_no-debug_MultiFormalRawParam_jarde-verify-run.stdout	8bc5d0b9f7ed8f8820c0a056a24f74615b3e6104dd1ccada41aee9975df41485
subprocess-logs/0330-jdk8_no-debug_MultiFormalRawParam_jadx.stderr	e3b0c44298fc1c149afbf4c8996fb92427ae41e4649b934ca495991b7852b855
subprocess-logs/0330-jdk8_no-debug_MultiFormalRawParam_jadx.stdout	a711f537815dd4235fcaf82b823f58ce1d7a1e6587bfc6b7f3038a9f1585c05b
subprocess-logs/0331-jdk8_no-debug_MultiFormalRawParam_jadx-javac.stderr	50b2a74473ba77537b72e5e5f09e15c9f6079866355a060981c1f33c941ddb75
subprocess-logs/0331-jdk8_no-debug_MultiFormalRawParam_jadx-javac.stdout	e3b0c44298fc1c149afbf4c8996fb92427ae41e4649b934ca495991b7852b855
subprocess-logs/0332-jdk8_no-debug_MultiFormalRawParam_jadx-verify-run.stderr	e3b0c44298fc1c149afbf4c8996fb92427ae41e4649b934ca495991b7852b855
subprocess-logs/0332-jdk8_no-debug_MultiFormalRawParam_jadx-verify-run.stdout	8d284d37fb44425659f63776c8f684d596146724e653b1147b4adc2b7c50d4e2
subprocess-logs/0333-jdk8_debug_RawOwnerChild_jar-contents.stderr	e3b0c44298fc1c149afbf4c8996fb92427ae41e4649b934ca495991b7852b855
subprocess-logs/0333-jdk8_debug_RawOwnerChild_jar-contents.stdout	8fe6ebef204dbd6d19631ba48bbbd5ec4ae5213f3712a9629e2c6cdec917a44e
subprocess-logs/0334-jdk8_debug_RawOwnerChild_original-javac.stderr	cf3d4c7f34177b900bd060a9f1e86b0bed36e944062b3a5d915bb4b052d6ba47
subprocess-logs/0334-jdk8_debug_RawOwnerChild_original-javac.stdout	e3b0c44298fc1c149afbf4c8996fb92427ae41e4649b934ca495991b7852b855
subprocess-logs/0335-jdk8_debug_RawOwnerChild_javap.stderr	e3b0c44298fc1c149afbf4c8996fb92427ae41e4649b934ca495991b7852b855
subprocess-logs/0335-jdk8_debug_RawOwnerChild_javap.stdout	a3a1264e9c4e89058dde177c37e9e84d5d04b0241e271244df647a02a10108f8
subprocess-logs/0336-jdk8_debug_RawOwnerChild_original-probe-javac.stderr	e3b0c44298fc1c149afbf4c8996fb92427ae41e4649b934ca495991b7852b855
subprocess-logs/0336-jdk8_debug_RawOwnerChild_original-probe-javac.stdout	e3b0c44298fc1c149afbf4c8996fb92427ae41e4649b934ca495991b7852b855
subprocess-logs/0337-jdk8_debug_RawOwnerChild_original-run.stderr	e3b0c44298fc1c149afbf4c8996fb92427ae41e4649b934ca495991b7852b855
subprocess-logs/0337-jdk8_debug_RawOwnerChild_original-run.stdout	c25e0c82c8f818f082f08ceef41ac63b15ed1ce4bb020bcf1eff5396c577b047
subprocess-logs/0338-jdk8_debug_RawOwnerChild_jarde-RawOwnerChild.stderr	9dd6e6b39d4440d132d4191ff73be72e8d6c28bb99201c112875c8e95d703ac2
subprocess-logs/0338-jdk8_debug_RawOwnerChild_jarde-RawOwnerChild.stdout	85654234ed265aea8c2af90fe4353ca2be2b352c36d98476b0f89a9661e064cd
subprocess-logs/0339-jdk8_debug_RawOwnerChild_jarde-RawOwnerBase.stderr	e5b73e0a3af73b98007dae7fc08a0acaabe6fc51e2c11e5ed42496f5a1f63453
subprocess-logs/0339-jdk8_debug_RawOwnerChild_jarde-RawOwnerBase.stdout	f400195673e17b46cfe5e1ecf2dfa6ad1e569fc2a83c23d92202a00ba21aba24
subprocess-logs/0340-jdk8_debug_RawOwnerChild_jarde-javac.stderr	c5e581e9e50ac097c3eda5f84e3cc0dedac73e8e2685faf6f8bb19ddae01e3ff
subprocess-logs/0340-jdk8_debug_RawOwnerChild_jarde-javac.stdout	e3b0c44298fc1c149afbf4c8996fb92427ae41e4649b934ca495991b7852b855
subprocess-logs/0341-jdk8_debug_RawOwnerChild_jarde-verify-run.stderr	e3b0c44298fc1c149afbf4c8996fb92427ae41e4649b934ca495991b7852b855
subprocess-logs/0341-jdk8_debug_RawOwnerChild_jarde-verify-run.stdout	e65da6d8f2478e3a0b6f43759b106518ecb2b77f17bd072cf737ed70a4ac28ad
subprocess-logs/0342-jdk8_debug_RawOwnerChild_jadx.stderr	e3b0c44298fc1c149afbf4c8996fb92427ae41e4649b934ca495991b7852b855
subprocess-logs/0342-jdk8_debug_RawOwnerChild_jadx.stdout	6c98674d5819aff5b0ce8c68cf3ece4cbebd831816c7f8632c268444656056d5
subprocess-logs/0343-jdk8_debug_RawOwnerChild_jadx-javac.stderr	c001be8575b08d89e4cedbf6a1e89a063058cabde81bce0d5fc1a1e7c4b8c9c6
subprocess-logs/0343-jdk8_debug_RawOwnerChild_jadx-javac.stdout	e3b0c44298fc1c149afbf4c8996fb92427ae41e4649b934ca495991b7852b855
subprocess-logs/0344-jdk8_debug_RawOwnerChild_jadx-verify-run.stderr	e3b0c44298fc1c149afbf4c8996fb92427ae41e4649b934ca495991b7852b855
subprocess-logs/0344-jdk8_debug_RawOwnerChild_jadx-verify-run.stdout	2404a47a7f7c206decbce521d1ad8ca2966f33929a01a6e1cd462d7eda65b76b
subprocess-logs/0345-jdk8_no-debug_RawOwnerChild_jar-contents.stderr	e3b0c44298fc1c149afbf4c8996fb92427ae41e4649b934ca495991b7852b855
subprocess-logs/0345-jdk8_no-debug_RawOwnerChild_jar-contents.stdout	8fe6ebef204dbd6d19631ba48bbbd5ec4ae5213f3712a9629e2c6cdec917a44e
subprocess-logs/0346-jdk8_no-debug_RawOwnerChild_original-javac.stderr	cf3d4c7f34177b900bd060a9f1e86b0bed36e944062b3a5d915bb4b052d6ba47
subprocess-logs/0346-jdk8_no-debug_RawOwnerChild_original-javac.stdout	e3b0c44298fc1c149afbf4c8996fb92427ae41e4649b934ca495991b7852b855
subprocess-logs/0347-jdk8_no-debug_RawOwnerChild_javap.stderr	e3b0c44298fc1c149afbf4c8996fb92427ae41e4649b934ca495991b7852b855
subprocess-logs/0347-jdk8_no-debug_RawOwnerChild_javap.stdout	4b6867ba7a8ffd26d6b4167344e0025c5756c4895040f1f7d5ebe1ad40a3deed
subprocess-logs/0348-jdk8_no-debug_RawOwnerChild_original-probe-javac.stderr	e3b0c44298fc1c149afbf4c8996fb92427ae41e4649b934ca495991b7852b855
subprocess-logs/0348-jdk8_no-debug_RawOwnerChild_original-probe-javac.stdout	e3b0c44298fc1c149afbf4c8996fb92427ae41e4649b934ca495991b7852b855
subprocess-logs/0349-jdk8_no-debug_RawOwnerChild_original-run.stderr	e3b0c44298fc1c149afbf4c8996fb92427ae41e4649b934ca495991b7852b855
subprocess-logs/0349-jdk8_no-debug_RawOwnerChild_original-run.stdout	c25e0c82c8f818f082f08ceef41ac63b15ed1ce4bb020bcf1eff5396c577b047
subprocess-logs/0350-jdk8_no-debug_RawOwnerChild_jarde-RawOwnerChild.stderr	10530eaf21a7fbca35f1a1045d169e41edd92a2d7cb40eb5228020a320319f61
subprocess-logs/0350-jdk8_no-debug_RawOwnerChild_jarde-RawOwnerChild.stdout	8bc50b0f6cb5bc0a65e96706a623c1fc4bc19fa7d9d3586ebaace845198a1015
subprocess-logs/0351-jdk8_no-debug_RawOwnerChild_jarde-RawOwnerBase.stderr	a6f02e059dfb7f9cfdb344fcd7bfb302f8d8a5fc53739cea00166b15561ce7e3
subprocess-logs/0351-jdk8_no-debug_RawOwnerChild_jarde-RawOwnerBase.stdout	f400195673e17b46cfe5e1ecf2dfa6ad1e569fc2a83c23d92202a00ba21aba24
subprocess-logs/0352-jdk8_no-debug_RawOwnerChild_jarde-javac.stderr	e6476b5607acea1c0a1c9c8cecb7e6f5bad3d65eb28966bf7a6b7262838f4cf6
subprocess-logs/0352-jdk8_no-debug_RawOwnerChild_jarde-javac.stdout	e3b0c44298fc1c149afbf4c8996fb92427ae41e4649b934ca495991b7852b855
subprocess-logs/0353-jdk8_no-debug_RawOwnerChild_jarde-verify-run.stderr	e3b0c44298fc1c149afbf4c8996fb92427ae41e4649b934ca495991b7852b855
subprocess-logs/0353-jdk8_no-debug_RawOwnerChild_jarde-verify-run.stdout	e65da6d8f2478e3a0b6f43759b106518ecb2b77f17bd072cf737ed70a4ac28ad
subprocess-logs/0354-jdk8_no-debug_RawOwnerChild_jadx.stderr	e3b0c44298fc1c149afbf4c8996fb92427ae41e4649b934ca495991b7852b855
subprocess-logs/0354-jdk8_no-debug_RawOwnerChild_jadx.stdout	6c98674d5819aff5b0ce8c68cf3ece4cbebd831816c7f8632c268444656056d5
subprocess-logs/0355-jdk8_no-debug_RawOwnerChild_jadx-javac.stderr	c30ca4ecdca0b38a6c926d346edf8a155590c197e83df76c1803637eb59b2a9a
subprocess-logs/0355-jdk8_no-debug_RawOwnerChild_jadx-javac.stdout	e3b0c44298fc1c149afbf4c8996fb92427ae41e4649b934ca495991b7852b855
subprocess-logs/0356-jdk8_no-debug_RawOwnerChild_jadx-verify-run.stderr	e3b0c44298fc1c149afbf4c8996fb92427ae41e4649b934ca495991b7852b855
subprocess-logs/0356-jdk8_no-debug_RawOwnerChild_jadx-verify-run.stdout	2404a47a7f7c206decbce521d1ad8ca2966f33929a01a6e1cd462d7eda65b76b
subprocess-logs/0357-jdk23_versions_java.stderr	11d9a1559a3f4fab380e536f54e14acacdbd9fb56e147f04a9cc4723e3c229f7
subprocess-logs/0357-jdk23_versions_java.stdout	e3b0c44298fc1c149afbf4c8996fb92427ae41e4649b934ca495991b7852b855
subprocess-logs/0358-jdk23_versions_javac.stderr	e3b0c44298fc1c149afbf4c8996fb92427ae41e4649b934ca495991b7852b855
subprocess-logs/0358-jdk23_versions_javac.stdout	8b08d363e50e3d8f80fe38c5910e7f52b3e267b192efacb74878c7103361d3cd
subprocess-logs/0359-jdk23_debug_RawParam_jar-contents.stderr	e3b0c44298fc1c149afbf4c8996fb92427ae41e4649b934ca495991b7852b855
subprocess-logs/0359-jdk23_debug_RawParam_jar-contents.stdout	f05bc4ea2d7bc579f4987b4528010f3e37b2499a541d17b872ac93047629c0ee
subprocess-logs/0360-jdk23_debug_RawParam_original-javac.stderr	8389e79b0f23f4372bad2237b4863ba2d51fb3233437096c41b12e18cb18a541
subprocess-logs/0360-jdk23_debug_RawParam_original-javac.stdout	e3b0c44298fc1c149afbf4c8996fb92427ae41e4649b934ca495991b7852b855
subprocess-logs/0361-jdk23_debug_RawParam_javap.stderr	e3b0c44298fc1c149afbf4c8996fb92427ae41e4649b934ca495991b7852b855
subprocess-logs/0361-jdk23_debug_RawParam_javap.stdout	643f960b952233003d168002eff538f1174de04eaf360b4fed0e1bf87c87fc49
subprocess-logs/0362-jdk23_debug_RawParam_original-probe-javac.stderr	4f875b75f0bac1d971d8fc3ab19a64d5d92273f61235f2bb734eed34ab07458f
subprocess-logs/0362-jdk23_debug_RawParam_original-probe-javac.stdout	e3b0c44298fc1c149afbf4c8996fb92427ae41e4649b934ca495991b7852b855
subprocess-logs/0363-jdk23_debug_RawParam_original-run.stderr	e3b0c44298fc1c149afbf4c8996fb92427ae41e4649b934ca495991b7852b855
subprocess-logs/0363-jdk23_debug_RawParam_original-run.stdout	6a2e3f1a9739b680582fea7e805eed4d712c0aaa5f345bb00d8449a502e68b6d
subprocess-logs/0364-jdk23_debug_RawParam_jarde-RawParam.stderr	2e124d8271aafd1edd87fd225698f35ce908d8786d7e0e9c80bf4a3a34ac68c3
subprocess-logs/0364-jdk23_debug_RawParam_jarde-RawParam.stdout	e086985b6879bfbebb341e501fb7f963bc33d5623ac87904b40e011163135e9b
subprocess-logs/0365-jdk23_debug_RawParam_jarde-javac.stderr	65813e7c078f2f9cc5b5d37d880b66d7bfefcf82e1f022ce954ed3cf6ee22989
subprocess-logs/0365-jdk23_debug_RawParam_jarde-javac.stdout	e3b0c44298fc1c149afbf4c8996fb92427ae41e4649b934ca495991b7852b855
subprocess-logs/0366-jdk23_debug_RawParam_jarde-verify-run.stderr	e3b0c44298fc1c149afbf4c8996fb92427ae41e4649b934ca495991b7852b855
subprocess-logs/0366-jdk23_debug_RawParam_jarde-verify-run.stdout	6a2e3f1a9739b680582fea7e805eed4d712c0aaa5f345bb00d8449a502e68b6d
subprocess-logs/0367-jdk23_debug_RawParam_jadx.stderr	e3b0c44298fc1c149afbf4c8996fb92427ae41e4649b934ca495991b7852b855
subprocess-logs/0367-jdk23_debug_RawParam_jadx.stdout	68cdafed75258fd6c51b7ff48d6605bae8bf689210efbcf50b52870e99a34c7a
subprocess-logs/0368-jdk23_debug_RawParam_jadx-javac.stderr	284ad333b5c90a0aedc33ca7e3d8e5f8c962e74355afd27cf8f91d6053f62d5f
subprocess-logs/0368-jdk23_debug_RawParam_jadx-javac.stdout	e3b0c44298fc1c149afbf4c8996fb92427ae41e4649b934ca495991b7852b855
subprocess-logs/0369-jdk23_debug_RawParam_jadx-verify-run.stderr	e3b0c44298fc1c149afbf4c8996fb92427ae41e4649b934ca495991b7852b855
subprocess-logs/0369-jdk23_debug_RawParam_jadx-verify-run.stdout	33b65814b563635c3b26f292f11a234ec9eda87fc8bbf5409c3fc0f323ad9d3d
subprocess-logs/0370-jdk23_no-debug_RawParam_jar-contents.stderr	e3b0c44298fc1c149afbf4c8996fb92427ae41e4649b934ca495991b7852b855
subprocess-logs/0370-jdk23_no-debug_RawParam_jar-contents.stdout	f05bc4ea2d7bc579f4987b4528010f3e37b2499a541d17b872ac93047629c0ee
subprocess-logs/0371-jdk23_no-debug_RawParam_original-javac.stderr	8389e79b0f23f4372bad2237b4863ba2d51fb3233437096c41b12e18cb18a541
subprocess-logs/0371-jdk23_no-debug_RawParam_original-javac.stdout	e3b0c44298fc1c149afbf4c8996fb92427ae41e4649b934ca495991b7852b855
subprocess-logs/0372-jdk23_no-debug_RawParam_javap.stderr	e3b0c44298fc1c149afbf4c8996fb92427ae41e4649b934ca495991b7852b855
subprocess-logs/0372-jdk23_no-debug_RawParam_javap.stdout	da4a2617e0e141bd47eda6588e1493e538f200232d07ad2b4b45a375ba72b62a
subprocess-logs/0373-jdk23_no-debug_RawParam_original-probe-javac.stderr	4f875b75f0bac1d971d8fc3ab19a64d5d92273f61235f2bb734eed34ab07458f
subprocess-logs/0373-jdk23_no-debug_RawParam_original-probe-javac.stdout	e3b0c44298fc1c149afbf4c8996fb92427ae41e4649b934ca495991b7852b855
subprocess-logs/0374-jdk23_no-debug_RawParam_original-run.stderr	e3b0c44298fc1c149afbf4c8996fb92427ae41e4649b934ca495991b7852b855
subprocess-logs/0374-jdk23_no-debug_RawParam_original-run.stdout	6a2e3f1a9739b680582fea7e805eed4d712c0aaa5f345bb00d8449a502e68b6d
subprocess-logs/0375-jdk23_no-debug_RawParam_jarde-RawParam.stderr	98278b3fe718b6023cf79370f5bb92c8d10f67008003ce7b2dcc2a2ceda9da48
subprocess-logs/0375-jdk23_no-debug_RawParam_jarde-RawParam.stdout	deadf9d5abebeb93b29bb8330dd107c0f9f84ba1ddfa430103fcb8261f91caa4
subprocess-logs/0376-jdk23_no-debug_RawParam_jarde-javac.stderr	a3dee3961b87b5b63fbf6199dfec40f8da8e82d1844f5b710eb012664fb1b7fc
subprocess-logs/0376-jdk23_no-debug_RawParam_jarde-javac.stdout	e3b0c44298fc1c149afbf4c8996fb92427ae41e4649b934ca495991b7852b855
subprocess-logs/0377-jdk23_no-debug_RawParam_jarde-verify-run.stderr	e3b0c44298fc1c149afbf4c8996fb92427ae41e4649b934ca495991b7852b855
subprocess-logs/0377-jdk23_no-debug_RawParam_jarde-verify-run.stdout	6a2e3f1a9739b680582fea7e805eed4d712c0aaa5f345bb00d8449a502e68b6d
subprocess-logs/0378-jdk23_no-debug_RawParam_jadx.stderr	e3b0c44298fc1c149afbf4c8996fb92427ae41e4649b934ca495991b7852b855
subprocess-logs/0378-jdk23_no-debug_RawParam_jadx.stdout	4fb492b44205c7ad504313c46bd1784d300a418862450b11cb5a8d9926e376e3
subprocess-logs/0379-jdk23_no-debug_RawParam_jadx-javac.stderr	6d67170c5ff0c263156f30cc74b45f7c1165521d794dca12dbbc1d7a4e97685d
subprocess-logs/0379-jdk23_no-debug_RawParam_jadx-javac.stdout	e3b0c44298fc1c149afbf4c8996fb92427ae41e4649b934ca495991b7852b855
subprocess-logs/0380-jdk23_no-debug_RawParam_jadx-verify-run.stderr	e3b0c44298fc1c149afbf4c8996fb92427ae41e4649b934ca495991b7852b855
subprocess-logs/0380-jdk23_no-debug_RawParam_jadx-verify-run.stdout	33b65814b563635c3b26f292f11a234ec9eda87fc8bbf5409c3fc0f323ad9d3d
subprocess-logs/0381-jdk23_debug_StaticRawLocal_jar-contents.stderr	e3b0c44298fc1c149afbf4c8996fb92427ae41e4649b934ca495991b7852b855
subprocess-logs/0381-jdk23_debug_StaticRawLocal_jar-contents.stdout	fb8ff04b200dd376807a9a425a37f1a645e63a3f90b47df4f84e407b0fed9d07
subprocess-logs/0382-jdk23_debug_StaticRawLocal_original-javac.stderr	ff48daff02375611c7eea7f5e0f7a5b1593a6e606f2c6bbce7202ad661436d66
subprocess-logs/0382-jdk23_debug_StaticRawLocal_original-javac.stdout	e3b0c44298fc1c149afbf4c8996fb92427ae41e4649b934ca495991b7852b855
subprocess-logs/0383-jdk23_debug_StaticRawLocal_javap.stderr	e3b0c44298fc1c149afbf4c8996fb92427ae41e4649b934ca495991b7852b855
subprocess-logs/0383-jdk23_debug_StaticRawLocal_javap.stdout	3c02dbbd54549b6584dcc4fda9101a47af57af55262067b96d7fcc0a3d769992
subprocess-logs/0384-jdk23_debug_StaticRawLocal_original-probe-javac.stderr	4f875b75f0bac1d971d8fc3ab19a64d5d92273f61235f2bb734eed34ab07458f
subprocess-logs/0384-jdk23_debug_StaticRawLocal_original-probe-javac.stdout	e3b0c44298fc1c149afbf4c8996fb92427ae41e4649b934ca495991b7852b855
subprocess-logs/0385-jdk23_debug_StaticRawLocal_original-run.stderr	e3b0c44298fc1c149afbf4c8996fb92427ae41e4649b934ca495991b7852b855
subprocess-logs/0385-jdk23_debug_StaticRawLocal_original-run.stdout	25ea87cacc91c856b41331c020cf776ffda40333d737cff0309fadf5141463b0
subprocess-logs/0386-jdk23_debug_StaticRawLocal_jarde-StaticRawLocal.stderr	3ae6d4951face24b111dc75372a5ab8dd9697882382ce8f503da39817d25833a
subprocess-logs/0386-jdk23_debug_StaticRawLocal_jarde-StaticRawLocal.stdout	9ec274de3d0847441e7de73ff79a6d027179b6c14306c18643ee8e2346b54332
subprocess-logs/0387-jdk23_debug_StaticRawLocal_jarde-javac.stderr	56b64f63923c81a92a1f1671e6c766dddd49320eebde1b724931021fb36a87a2
subprocess-logs/0387-jdk23_debug_StaticRawLocal_jarde-javac.stdout	e3b0c44298fc1c149afbf4c8996fb92427ae41e4649b934ca495991b7852b855
subprocess-logs/0388-jdk23_debug_StaticRawLocal_jarde-verify-run.stderr	e3b0c44298fc1c149afbf4c8996fb92427ae41e4649b934ca495991b7852b855
subprocess-logs/0388-jdk23_debug_StaticRawLocal_jarde-verify-run.stdout	25ea87cacc91c856b41331c020cf776ffda40333d737cff0309fadf5141463b0
subprocess-logs/0389-jdk23_debug_StaticRawLocal_jadx.stderr	e3b0c44298fc1c149afbf4c8996fb92427ae41e4649b934ca495991b7852b855
subprocess-logs/0389-jdk23_debug_StaticRawLocal_jadx.stdout	71cac2c303466152b1d672f0752779ef23e8ce8640f4fb330ce0e84b79cfa70e
subprocess-logs/0390-jdk23_debug_StaticRawLocal_jadx-javac.stderr	1f8dad8d7e8bce912da512d343cda9d017eb4dfa3bd51cfffc93f03d8afa8328
subprocess-logs/0390-jdk23_debug_StaticRawLocal_jadx-javac.stdout	e3b0c44298fc1c149afbf4c8996fb92427ae41e4649b934ca495991b7852b855
subprocess-logs/0391-jdk23_debug_StaticRawLocal_jadx-verify-run.stderr	e3b0c44298fc1c149afbf4c8996fb92427ae41e4649b934ca495991b7852b855
subprocess-logs/0391-jdk23_debug_StaticRawLocal_jadx-verify-run.stdout	caa078a6f6a66a11482c09645632ebb52566091c80fab4fa927b1053dce64fde
subprocess-logs/0392-jdk23_no-debug_StaticRawLocal_jar-contents.stderr	e3b0c44298fc1c149afbf4c8996fb92427ae41e4649b934ca495991b7852b855
subprocess-logs/0392-jdk23_no-debug_StaticRawLocal_jar-contents.stdout	fb8ff04b200dd376807a9a425a37f1a645e63a3f90b47df4f84e407b0fed9d07
subprocess-logs/0393-jdk23_no-debug_StaticRawLocal_original-javac.stderr	ff48daff02375611c7eea7f5e0f7a5b1593a6e606f2c6bbce7202ad661436d66
subprocess-logs/0393-jdk23_no-debug_StaticRawLocal_original-javac.stdout	e3b0c44298fc1c149afbf4c8996fb92427ae41e4649b934ca495991b7852b855
subprocess-logs/0394-jdk23_no-debug_StaticRawLocal_javap.stderr	e3b0c44298fc1c149afbf4c8996fb92427ae41e4649b934ca495991b7852b855
subprocess-logs/0394-jdk23_no-debug_StaticRawLocal_javap.stdout	650bcea27e776c0eb6eae39111c62625889c7fb1ecc319bd62b40869f51404c4
subprocess-logs/0395-jdk23_no-debug_StaticRawLocal_original-probe-javac.stderr	4f875b75f0bac1d971d8fc3ab19a64d5d92273f61235f2bb734eed34ab07458f
subprocess-logs/0395-jdk23_no-debug_StaticRawLocal_original-probe-javac.stdout	e3b0c44298fc1c149afbf4c8996fb92427ae41e4649b934ca495991b7852b855
subprocess-logs/0396-jdk23_no-debug_StaticRawLocal_original-run.stderr	e3b0c44298fc1c149afbf4c8996fb92427ae41e4649b934ca495991b7852b855
subprocess-logs/0396-jdk23_no-debug_StaticRawLocal_original-run.stdout	25ea87cacc91c856b41331c020cf776ffda40333d737cff0309fadf5141463b0
subprocess-logs/0397-jdk23_no-debug_StaticRawLocal_jarde-StaticRawLocal.stderr	4c241aaa5f28e9e865eb2a9d01b398bc2dd4f8bad4b0fe54e562cf84d19d2fdc
subprocess-logs/0397-jdk23_no-debug_StaticRawLocal_jarde-StaticRawLocal.stdout	fd3a53f3051037b2d49c8966c16550fc2360b0f7494664a72673443748783747
subprocess-logs/0398-jdk23_no-debug_StaticRawLocal_jarde-javac.stderr	5ef0b56c76f9124f5c86c215254a6cabc49da5e97f50aed1251fa5851ecaa24b
subprocess-logs/0398-jdk23_no-debug_StaticRawLocal_jarde-javac.stdout	e3b0c44298fc1c149afbf4c8996fb92427ae41e4649b934ca495991b7852b855
subprocess-logs/0399-jdk23_no-debug_StaticRawLocal_jarde-verify-run.stderr	e3b0c44298fc1c149afbf4c8996fb92427ae41e4649b934ca495991b7852b855
subprocess-logs/0399-jdk23_no-debug_StaticRawLocal_jarde-verify-run.stdout	25ea87cacc91c856b41331c020cf776ffda40333d737cff0309fadf5141463b0
subprocess-logs/0400-jdk23_no-debug_StaticRawLocal_jadx.stderr	e3b0c44298fc1c149afbf4c8996fb92427ae41e4649b934ca495991b7852b855
subprocess-logs/0400-jdk23_no-debug_StaticRawLocal_jadx.stdout	69132fa7a65b2e964b93c1cd7052e585771162edc8e7af5fee7048ff57b21d34
subprocess-logs/0401-jdk23_no-debug_StaticRawLocal_jadx-javac.stderr	6af06b51b8faff0098f2f33067c32e270b0a33936721427390031475a6799e8b
subprocess-logs/0401-jdk23_no-debug_StaticRawLocal_jadx-javac.stdout	e3b0c44298fc1c149afbf4c8996fb92427ae41e4649b934ca495991b7852b855
subprocess-logs/0402-jdk23_no-debug_StaticRawLocal_jadx-verify-run.stderr	e3b0c44298fc1c149afbf4c8996fb92427ae41e4649b934ca495991b7852b855
subprocess-logs/0402-jdk23_no-debug_StaticRawLocal_jadx-verify-run.stdout	caa078a6f6a66a11482c09645632ebb52566091c80fab4fa927b1053dce64fde
subprocess-logs/0403-jdk23_debug_InstanceRawLocal_jar-contents.stderr	e3b0c44298fc1c149afbf4c8996fb92427ae41e4649b934ca495991b7852b855
subprocess-logs/0403-jdk23_debug_InstanceRawLocal_jar-contents.stdout	14fa51d33a6937146f86014d2ee03c2e459c32def063b6fd66b0be882ef50b5b
subprocess-logs/0404-jdk23_debug_InstanceRawLocal_original-javac.stderr	9adad72752fa5ad4c28cfae616c1aa8214263acc3d8ca90c7c847c10d604d30f
subprocess-logs/0404-jdk23_debug_InstanceRawLocal_original-javac.stdout	e3b0c44298fc1c149afbf4c8996fb92427ae41e4649b934ca495991b7852b855
subprocess-logs/0405-jdk23_debug_InstanceRawLocal_javap.stderr	e3b0c44298fc1c149afbf4c8996fb92427ae41e4649b934ca495991b7852b855
subprocess-logs/0405-jdk23_debug_InstanceRawLocal_javap.stdout	61694ae4173e5acf45257dc21e14f18369f88e8d6174cfecd499bb58b4716a5b
subprocess-logs/0406-jdk23_debug_InstanceRawLocal_original-probe-javac.stderr	4f875b75f0bac1d971d8fc3ab19a64d5d92273f61235f2bb734eed34ab07458f
subprocess-logs/0406-jdk23_debug_InstanceRawLocal_original-probe-javac.stdout	e3b0c44298fc1c149afbf4c8996fb92427ae41e4649b934ca495991b7852b855
subprocess-logs/0407-jdk23_debug_InstanceRawLocal_original-run.stderr	e3b0c44298fc1c149afbf4c8996fb92427ae41e4649b934ca495991b7852b855
subprocess-logs/0407-jdk23_debug_InstanceRawLocal_original-run.stdout	b5f800a25ef5e547f36ccdecb9d6798cca74aee4a8a677d83bd449aea30f57e1
subprocess-logs/0408-jdk23_debug_InstanceRawLocal_jarde-InstanceRawLocal.stderr	820e3084ea246e99a5cdd9f85779ba094df0addb00a6eaa78d9ccb8bba96e449
subprocess-logs/0408-jdk23_debug_InstanceRawLocal_jarde-InstanceRawLocal.stdout	5739eae80933689e02968db38be749560fea18f7852efc7071bc402ac1657445
subprocess-logs/0409-jdk23_debug_InstanceRawLocal_jarde-javac.stderr	4f875b75f0bac1d971d8fc3ab19a64d5d92273f61235f2bb734eed34ab07458f
subprocess-logs/0409-jdk23_debug_InstanceRawLocal_jarde-javac.stdout	e3b0c44298fc1c149afbf4c8996fb92427ae41e4649b934ca495991b7852b855
subprocess-logs/0410-jdk23_debug_InstanceRawLocal_jarde-verify-run.stderr	e3b0c44298fc1c149afbf4c8996fb92427ae41e4649b934ca495991b7852b855
subprocess-logs/0410-jdk23_debug_InstanceRawLocal_jarde-verify-run.stdout	c4a0fd4eb5e838df4c7116cc09d11740387e51309b8dd9c85cb1eac73adb9692
subprocess-logs/0411-jdk23_debug_InstanceRawLocal_jadx.stderr	e3b0c44298fc1c149afbf4c8996fb92427ae41e4649b934ca495991b7852b855
subprocess-logs/0411-jdk23_debug_InstanceRawLocal_jadx.stdout	1045c869f997af13fdd4c6c3f1186caa7dad8c31f0c3d3fb206b3e29cf28f9ec
subprocess-logs/0412-jdk23_debug_InstanceRawLocal_jadx-javac.stderr	f4b2b5d468a7f274131fcfcced1ab44c53f195817a73a937331ff94dad56e794
subprocess-logs/0412-jdk23_debug_InstanceRawLocal_jadx-javac.stdout	e3b0c44298fc1c149afbf4c8996fb92427ae41e4649b934ca495991b7852b855
subprocess-logs/0413-jdk23_no-debug_InstanceRawLocal_jar-contents.stderr	e3b0c44298fc1c149afbf4c8996fb92427ae41e4649b934ca495991b7852b855
subprocess-logs/0413-jdk23_no-debug_InstanceRawLocal_jar-contents.stdout	14fa51d33a6937146f86014d2ee03c2e459c32def063b6fd66b0be882ef50b5b
subprocess-logs/0414-jdk23_no-debug_InstanceRawLocal_original-javac.stderr	9adad72752fa5ad4c28cfae616c1aa8214263acc3d8ca90c7c847c10d604d30f
subprocess-logs/0414-jdk23_no-debug_InstanceRawLocal_original-javac.stdout	e3b0c44298fc1c149afbf4c8996fb92427ae41e4649b934ca495991b7852b855
subprocess-logs/0415-jdk23_no-debug_InstanceRawLocal_javap.stderr	e3b0c44298fc1c149afbf4c8996fb92427ae41e4649b934ca495991b7852b855
subprocess-logs/0415-jdk23_no-debug_InstanceRawLocal_javap.stdout	ff39951f4582e15378eac0ce1397753e028059a8a7446254fc50b21b7e777eee
subprocess-logs/0416-jdk23_no-debug_InstanceRawLocal_original-probe-javac.stderr	4f875b75f0bac1d971d8fc3ab19a64d5d92273f61235f2bb734eed34ab07458f
subprocess-logs/0416-jdk23_no-debug_InstanceRawLocal_original-probe-javac.stdout	e3b0c44298fc1c149afbf4c8996fb92427ae41e4649b934ca495991b7852b855
subprocess-logs/0417-jdk23_no-debug_InstanceRawLocal_original-run.stderr	e3b0c44298fc1c149afbf4c8996fb92427ae41e4649b934ca495991b7852b855
subprocess-logs/0417-jdk23_no-debug_InstanceRawLocal_original-run.stdout	b5f800a25ef5e547f36ccdecb9d6798cca74aee4a8a677d83bd449aea30f57e1
subprocess-logs/0418-jdk23_no-debug_InstanceRawLocal_jarde-InstanceRawLocal.stderr	29f479d06802fe62eebf5836709dce024968c0b571b33081fb9287d3c01f6d96
subprocess-logs/0418-jdk23_no-debug_InstanceRawLocal_jarde-InstanceRawLocal.stdout	da10013688a30b0cc61c5f8ad8649f79792d67b4ea0d861293afdaf595225214
subprocess-logs/0419-jdk23_no-debug_InstanceRawLocal_jarde-javac.stderr	4f875b75f0bac1d971d8fc3ab19a64d5d92273f61235f2bb734eed34ab07458f
subprocess-logs/0419-jdk23_no-debug_InstanceRawLocal_jarde-javac.stdout	e3b0c44298fc1c149afbf4c8996fb92427ae41e4649b934ca495991b7852b855
subprocess-logs/0420-jdk23_no-debug_InstanceRawLocal_jarde-verify-run.stderr	e3b0c44298fc1c149afbf4c8996fb92427ae41e4649b934ca495991b7852b855
subprocess-logs/0420-jdk23_no-debug_InstanceRawLocal_jarde-verify-run.stdout	c4a0fd4eb5e838df4c7116cc09d11740387e51309b8dd9c85cb1eac73adb9692
subprocess-logs/0421-jdk23_no-debug_InstanceRawLocal_jadx.stderr	e3b0c44298fc1c149afbf4c8996fb92427ae41e4649b934ca495991b7852b855
subprocess-logs/0421-jdk23_no-debug_InstanceRawLocal_jadx.stdout	9022008295c968514225bdcfb9ea057a1421f66c2c4928fa0b6a777f08478abb
subprocess-logs/0422-jdk23_no-debug_InstanceRawLocal_jadx-javac.stderr	0493b0d5139a371f0928c284b2504004c466ac168a0f223178a1d7d175b13164
subprocess-logs/0422-jdk23_no-debug_InstanceRawLocal_jadx-javac.stdout	e3b0c44298fc1c149afbf4c8996fb92427ae41e4649b934ca495991b7852b855
subprocess-logs/0423-jdk23_debug_TypedReceiver_jar-contents.stderr	e3b0c44298fc1c149afbf4c8996fb92427ae41e4649b934ca495991b7852b855
subprocess-logs/0423-jdk23_debug_TypedReceiver_jar-contents.stdout	de8b80e7eef68f017a319fe14e4ce5bcfa8e9eab45f9d818e61b1bf3001f42d7
subprocess-logs/0424-jdk23_debug_TypedReceiver_original-javac.stderr	4f875b75f0bac1d971d8fc3ab19a64d5d92273f61235f2bb734eed34ab07458f
subprocess-logs/0424-jdk23_debug_TypedReceiver_original-javac.stdout	e3b0c44298fc1c149afbf4c8996fb92427ae41e4649b934ca495991b7852b855
subprocess-logs/0425-jdk23_debug_TypedReceiver_javap.stderr	e3b0c44298fc1c149afbf4c8996fb92427ae41e4649b934ca495991b7852b855
subprocess-logs/0425-jdk23_debug_TypedReceiver_javap.stdout	644a2c56d254b7f5fa9ba80670e3d02a9669e01d27ed79af9f3eb1678495a307
subprocess-logs/0426-jdk23_debug_TypedReceiver_original-probe-javac.stderr	4f875b75f0bac1d971d8fc3ab19a64d5d92273f61235f2bb734eed34ab07458f
subprocess-logs/0426-jdk23_debug_TypedReceiver_original-probe-javac.stdout	e3b0c44298fc1c149afbf4c8996fb92427ae41e4649b934ca495991b7852b855
subprocess-logs/0427-jdk23_debug_TypedReceiver_original-run.stderr	e3b0c44298fc1c149afbf4c8996fb92427ae41e4649b934ca495991b7852b855
subprocess-logs/0427-jdk23_debug_TypedReceiver_original-run.stdout	7f08ef56194b137543c901f9bd3946d1ac0f4153f2cc202df75762d9c8052a16
subprocess-logs/0428-jdk23_debug_TypedReceiver_jarde-TypedReceiver.stderr	b335b5405c820d32e9b1ea2a42c76a3ca1a1fb98566d90d495b7fa728e9ecdeb
subprocess-logs/0428-jdk23_debug_TypedReceiver_jarde-TypedReceiver.stdout	bdf8ee04b0e67af0e95616b5995872c1accab0101131b4987ca1cfa4bc6d46f0
subprocess-logs/0429-jdk23_debug_TypedReceiver_jarde-javac.stderr	e08f05060979352c608d155b8f6056a53c7be9735cdef25ab3082cbee47e5089
subprocess-logs/0429-jdk23_debug_TypedReceiver_jarde-javac.stdout	e3b0c44298fc1c149afbf4c8996fb92427ae41e4649b934ca495991b7852b855
subprocess-logs/0430-jdk23_debug_TypedReceiver_jarde-verify-run.stderr	e3b0c44298fc1c149afbf4c8996fb92427ae41e4649b934ca495991b7852b855
subprocess-logs/0430-jdk23_debug_TypedReceiver_jarde-verify-run.stdout	d7134843994e4b3ba1d434e5bdfba85531e98e0ec94492801f5dbfa4a5b0ca18
subprocess-logs/0431-jdk23_debug_TypedReceiver_jadx.stderr	e3b0c44298fc1c149afbf4c8996fb92427ae41e4649b934ca495991b7852b855
subprocess-logs/0431-jdk23_debug_TypedReceiver_jadx.stdout	c5f00b7584e1de4a0f07a6db606904a0793e698c4c1abfbdd9765f39e8d29d3d
subprocess-logs/0432-jdk23_debug_TypedReceiver_jadx-javac.stderr	4f875b75f0bac1d971d8fc3ab19a64d5d92273f61235f2bb734eed34ab07458f
subprocess-logs/0432-jdk23_debug_TypedReceiver_jadx-javac.stdout	e3b0c44298fc1c149afbf4c8996fb92427ae41e4649b934ca495991b7852b855
subprocess-logs/0433-jdk23_debug_TypedReceiver_jadx-verify-run.stderr	e3b0c44298fc1c149afbf4c8996fb92427ae41e4649b934ca495991b7852b855
subprocess-logs/0433-jdk23_debug_TypedReceiver_jadx-verify-run.stdout	1a07b6f4350dff1a6ca5a3e4ec3062096840ad9dbc1a6efbd816e82d4c9ccb31
subprocess-logs/0434-jdk23_no-debug_TypedReceiver_jar-contents.stderr	e3b0c44298fc1c149afbf4c8996fb92427ae41e4649b934ca495991b7852b855
subprocess-logs/0434-jdk23_no-debug_TypedReceiver_jar-contents.stdout	de8b80e7eef68f017a319fe14e4ce5bcfa8e9eab45f9d818e61b1bf3001f42d7
subprocess-logs/0435-jdk23_no-debug_TypedReceiver_original-javac.stderr	4f875b75f0bac1d971d8fc3ab19a64d5d92273f61235f2bb734eed34ab07458f
subprocess-logs/0435-jdk23_no-debug_TypedReceiver_original-javac.stdout	e3b0c44298fc1c149afbf4c8996fb92427ae41e4649b934ca495991b7852b855
subprocess-logs/0436-jdk23_no-debug_TypedReceiver_javap.stderr	e3b0c44298fc1c149afbf4c8996fb92427ae41e4649b934ca495991b7852b855
subprocess-logs/0436-jdk23_no-debug_TypedReceiver_javap.stdout	e3d115aedb5acf674231df3249b1cfc3da3ec4db2a135c59cff7fa9042f29958
subprocess-logs/0437-jdk23_no-debug_TypedReceiver_original-probe-javac.stderr	4f875b75f0bac1d971d8fc3ab19a64d5d92273f61235f2bb734eed34ab07458f
subprocess-logs/0437-jdk23_no-debug_TypedReceiver_original-probe-javac.stdout	e3b0c44298fc1c149afbf4c8996fb92427ae41e4649b934ca495991b7852b855
subprocess-logs/0438-jdk23_no-debug_TypedReceiver_original-run.stderr	e3b0c44298fc1c149afbf4c8996fb92427ae41e4649b934ca495991b7852b855
subprocess-logs/0438-jdk23_no-debug_TypedReceiver_original-run.stdout	7f08ef56194b137543c901f9bd3946d1ac0f4153f2cc202df75762d9c8052a16
subprocess-logs/0439-jdk23_no-debug_TypedReceiver_jarde-TypedReceiver.stderr	cd8c1fe3713ad9835afe41ca054a7b6d2345591c9ed8e408e0c082906f27c8d5
subprocess-logs/0439-jdk23_no-debug_TypedReceiver_jarde-TypedReceiver.stdout	50c3079f863db603a415bf7cc07cdbc4457249ab9e0bfadcb21fa7b4aaccd53b
subprocess-logs/0440-jdk23_no-debug_TypedReceiver_jarde-javac.stderr	524c4631a3cf4361c18fd2411cdc5118989a630602e3c006071f4a770aa6d551
subprocess-logs/0440-jdk23_no-debug_TypedReceiver_jarde-javac.stdout	e3b0c44298fc1c149afbf4c8996fb92427ae41e4649b934ca495991b7852b855
subprocess-logs/0441-jdk23_no-debug_TypedReceiver_jarde-verify-run.stderr	e3b0c44298fc1c149afbf4c8996fb92427ae41e4649b934ca495991b7852b855
subprocess-logs/0441-jdk23_no-debug_TypedReceiver_jarde-verify-run.stdout	d7134843994e4b3ba1d434e5bdfba85531e98e0ec94492801f5dbfa4a5b0ca18
subprocess-logs/0442-jdk23_no-debug_TypedReceiver_jadx.stderr	e3b0c44298fc1c149afbf4c8996fb92427ae41e4649b934ca495991b7852b855
subprocess-logs/0442-jdk23_no-debug_TypedReceiver_jadx.stdout	023581657573dbc485c29edceb620f764ef3621a068085e6c8fda68d703bd00f
subprocess-logs/0443-jdk23_no-debug_TypedReceiver_jadx-javac.stderr	4f875b75f0bac1d971d8fc3ab19a64d5d92273f61235f2bb734eed34ab07458f
subprocess-logs/0443-jdk23_no-debug_TypedReceiver_jadx-javac.stdout	e3b0c44298fc1c149afbf4c8996fb92427ae41e4649b934ca495991b7852b855
subprocess-logs/0444-jdk23_no-debug_TypedReceiver_jadx-verify-run.stderr	e3b0c44298fc1c149afbf4c8996fb92427ae41e4649b934ca495991b7852b855
subprocess-logs/0444-jdk23_no-debug_TypedReceiver_jadx-verify-run.stdout	1a07b6f4350dff1a6ca5a3e4ec3062096840ad9dbc1a6efbd816e82d4c9ccb31
subprocess-logs/0445-jdk23_debug_ThisReceiver_jar-contents.stderr	e3b0c44298fc1c149afbf4c8996fb92427ae41e4649b934ca495991b7852b855
subprocess-logs/0445-jdk23_debug_ThisReceiver_jar-contents.stdout	1656887c3d8299160e12e3dd882357c23f33dc5f9d4f301e546a69530b435c72
subprocess-logs/0446-jdk23_debug_ThisReceiver_original-javac.stderr	4f875b75f0bac1d971d8fc3ab19a64d5d92273f61235f2bb734eed34ab07458f
subprocess-logs/0446-jdk23_debug_ThisReceiver_original-javac.stdout	e3b0c44298fc1c149afbf4c8996fb92427ae41e4649b934ca495991b7852b855
subprocess-logs/0447-jdk23_debug_ThisReceiver_javap.stderr	e3b0c44298fc1c149afbf4c8996fb92427ae41e4649b934ca495991b7852b855
subprocess-logs/0447-jdk23_debug_ThisReceiver_javap.stdout	343a15458cd6d05d7e7f5ffc955904a3cb22e08e6a218bac9f67c26aff810430
subprocess-logs/0448-jdk23_debug_ThisReceiver_original-probe-javac.stderr	4f875b75f0bac1d971d8fc3ab19a64d5d92273f61235f2bb734eed34ab07458f
subprocess-logs/0448-jdk23_debug_ThisReceiver_original-probe-javac.stdout	e3b0c44298fc1c149afbf4c8996fb92427ae41e4649b934ca495991b7852b855
subprocess-logs/0449-jdk23_debug_ThisReceiver_original-run.stderr	e3b0c44298fc1c149afbf4c8996fb92427ae41e4649b934ca495991b7852b855
subprocess-logs/0449-jdk23_debug_ThisReceiver_original-run.stdout	9916911dd761a7b0d550673bef203cb77fb4cb96733a8fb0a2184fb7d3ba65b8
subprocess-logs/0450-jdk23_debug_ThisReceiver_jarde-ThisReceiver.stderr	3cb904ea04ece4a3f6d5d66118bcc8c23ae6992b5eb300c401486d21729bb82f
subprocess-logs/0450-jdk23_debug_ThisReceiver_jarde-ThisReceiver.stdout	a97d2cf3fb8ae606b390fe7a96386fb611ca686a76a5a25889978f7e8fc03c52
subprocess-logs/0451-jdk23_debug_ThisReceiver_jarde-javac.stderr	4f875b75f0bac1d971d8fc3ab19a64d5d92273f61235f2bb734eed34ab07458f
subprocess-logs/0451-jdk23_debug_ThisReceiver_jarde-javac.stdout	e3b0c44298fc1c149afbf4c8996fb92427ae41e4649b934ca495991b7852b855
subprocess-logs/0452-jdk23_debug_ThisReceiver_jarde-verify-run.stderr	e3b0c44298fc1c149afbf4c8996fb92427ae41e4649b934ca495991b7852b855
subprocess-logs/0452-jdk23_debug_ThisReceiver_jarde-verify-run.stdout	9916911dd761a7b0d550673bef203cb77fb4cb96733a8fb0a2184fb7d3ba65b8
subprocess-logs/0453-jdk23_debug_ThisReceiver_jadx.stderr	e3b0c44298fc1c149afbf4c8996fb92427ae41e4649b934ca495991b7852b855
subprocess-logs/0453-jdk23_debug_ThisReceiver_jadx.stdout	13cbd3786f07cd334b68c79b636d6910f5601bdeee6ca0f95376560ccda59ad7
subprocess-logs/0454-jdk23_debug_ThisReceiver_jadx-javac.stderr	4f875b75f0bac1d971d8fc3ab19a64d5d92273f61235f2bb734eed34ab07458f
subprocess-logs/0454-jdk23_debug_ThisReceiver_jadx-javac.stdout	e3b0c44298fc1c149afbf4c8996fb92427ae41e4649b934ca495991b7852b855
subprocess-logs/0455-jdk23_debug_ThisReceiver_jadx-verify-run.stderr	e3b0c44298fc1c149afbf4c8996fb92427ae41e4649b934ca495991b7852b855
subprocess-logs/0455-jdk23_debug_ThisReceiver_jadx-verify-run.stdout	f2c2ade79741f3c077a9767a2c86b6f9e8b3c91395a41c1c035e78ca2c19717e
subprocess-logs/0456-jdk23_no-debug_ThisReceiver_jar-contents.stderr	e3b0c44298fc1c149afbf4c8996fb92427ae41e4649b934ca495991b7852b855
subprocess-logs/0456-jdk23_no-debug_ThisReceiver_jar-contents.stdout	1656887c3d8299160e12e3dd882357c23f33dc5f9d4f301e546a69530b435c72
subprocess-logs/0457-jdk23_no-debug_ThisReceiver_original-javac.stderr	4f875b75f0bac1d971d8fc3ab19a64d5d92273f61235f2bb734eed34ab07458f
subprocess-logs/0457-jdk23_no-debug_ThisReceiver_original-javac.stdout	e3b0c44298fc1c149afbf4c8996fb92427ae41e4649b934ca495991b7852b855
subprocess-logs/0458-jdk23_no-debug_ThisReceiver_javap.stderr	e3b0c44298fc1c149afbf4c8996fb92427ae41e4649b934ca495991b7852b855
subprocess-logs/0458-jdk23_no-debug_ThisReceiver_javap.stdout	f8cb778404269f6dbb0e4ec7b2557386cfba4cb551527c4b21529354aa8df6c4
subprocess-logs/0459-jdk23_no-debug_ThisReceiver_original-probe-javac.stderr	4f875b75f0bac1d971d8fc3ab19a64d5d92273f61235f2bb734eed34ab07458f
subprocess-logs/0459-jdk23_no-debug_ThisReceiver_original-probe-javac.stdout	e3b0c44298fc1c149afbf4c8996fb92427ae41e4649b934ca495991b7852b855
subprocess-logs/0460-jdk23_no-debug_ThisReceiver_original-run.stderr	e3b0c44298fc1c149afbf4c8996fb92427ae41e4649b934ca495991b7852b855
subprocess-logs/0460-jdk23_no-debug_ThisReceiver_original-run.stdout	9916911dd761a7b0d550673bef203cb77fb4cb96733a8fb0a2184fb7d3ba65b8
subprocess-logs/0461-jdk23_no-debug_ThisReceiver_jarde-ThisReceiver.stderr	b8ba1c703176f660a5eec29cb442365bf3ea1c28f4402ba2b2662fd160999bcd
subprocess-logs/0461-jdk23_no-debug_ThisReceiver_jarde-ThisReceiver.stdout	0c40a3e0e09b0e97ca13b527dcc647a9f01c29a3f73f31f6d7de68b4408b0d8f
subprocess-logs/0462-jdk23_no-debug_ThisReceiver_jarde-javac.stderr	4f875b75f0bac1d971d8fc3ab19a64d5d92273f61235f2bb734eed34ab07458f
subprocess-logs/0462-jdk23_no-debug_ThisReceiver_jarde-javac.stdout	e3b0c44298fc1c149afbf4c8996fb92427ae41e4649b934ca495991b7852b855
subprocess-logs/0463-jdk23_no-debug_ThisReceiver_jarde-verify-run.stderr	e3b0c44298fc1c149afbf4c8996fb92427ae41e4649b934ca495991b7852b855
subprocess-logs/0463-jdk23_no-debug_ThisReceiver_jarde-verify-run.stdout	9916911dd761a7b0d550673bef203cb77fb4cb96733a8fb0a2184fb7d3ba65b8
subprocess-logs/0464-jdk23_no-debug_ThisReceiver_jadx.stderr	e3b0c44298fc1c149afbf4c8996fb92427ae41e4649b934ca495991b7852b855
subprocess-logs/0464-jdk23_no-debug_ThisReceiver_jadx.stdout	81b8690f3659128450f70696990fe14e66116f153e3925f9bd376db4d5ea7c89
subprocess-logs/0465-jdk23_no-debug_ThisReceiver_jadx-javac.stderr	4f875b75f0bac1d971d8fc3ab19a64d5d92273f61235f2bb734eed34ab07458f
subprocess-logs/0465-jdk23_no-debug_ThisReceiver_jadx-javac.stdout	e3b0c44298fc1c149afbf4c8996fb92427ae41e4649b934ca495991b7852b855
subprocess-logs/0466-jdk23_no-debug_ThisReceiver_jadx-verify-run.stderr	e3b0c44298fc1c149afbf4c8996fb92427ae41e4649b934ca495991b7852b855
subprocess-logs/0466-jdk23_no-debug_ThisReceiver_jadx-verify-run.stdout	f2c2ade79741f3c077a9767a2c86b6f9e8b3c91395a41c1c035e78ca2c19717e
subprocess-logs/0467-jdk23_debug_ShadowMethodT_jar-contents.stderr	e3b0c44298fc1c149afbf4c8996fb92427ae41e4649b934ca495991b7852b855
subprocess-logs/0467-jdk23_debug_ShadowMethodT_jar-contents.stdout	0a014d28d43f161014ee6c5d0696b18e41bff4bb83b1ac87222e9f4a8516ab35
subprocess-logs/0468-jdk23_debug_ShadowMethodT_original-javac.stderr	4f875b75f0bac1d971d8fc3ab19a64d5d92273f61235f2bb734eed34ab07458f
subprocess-logs/0468-jdk23_debug_ShadowMethodT_original-javac.stdout	e3b0c44298fc1c149afbf4c8996fb92427ae41e4649b934ca495991b7852b855
subprocess-logs/0469-jdk23_debug_ShadowMethodT_javap.stderr	e3b0c44298fc1c149afbf4c8996fb92427ae41e4649b934ca495991b7852b855
subprocess-logs/0469-jdk23_debug_ShadowMethodT_javap.stdout	62ec7dca1ba288360e9cdb3dee7d6fa51bae38174902fd3bf4b25b89706bdbab
subprocess-logs/0470-jdk23_debug_ShadowMethodT_original-probe-javac.stderr	4f875b75f0bac1d971d8fc3ab19a64d5d92273f61235f2bb734eed34ab07458f
subprocess-logs/0470-jdk23_debug_ShadowMethodT_original-probe-javac.stdout	e3b0c44298fc1c149afbf4c8996fb92427ae41e4649b934ca495991b7852b855
subprocess-logs/0471-jdk23_debug_ShadowMethodT_original-run.stderr	e3b0c44298fc1c149afbf4c8996fb92427ae41e4649b934ca495991b7852b855
subprocess-logs/0471-jdk23_debug_ShadowMethodT_original-run.stdout	e491f2fc9b0efb07abdaf9da8848a50d38b4da3848f045e3268c35d95124df5a
subprocess-logs/0472-jdk23_debug_ShadowMethodT_jarde-ShadowMethodT.stderr	241933f516b4339efd554ffb2df1761d585356b5b2178157347360b8cffee3ef
subprocess-logs/0472-jdk23_debug_ShadowMethodT_jarde-ShadowMethodT.stdout	b6d351665b1a03c8f6b0bfadfbb2dc22c1ab88457700d15dc23ffdd9d8ec560e
subprocess-logs/0473-jdk23_debug_ShadowMethodT_jarde-javac.stderr	e9861ffc2e1d08ba9f09597f418a8f20b7848ff79f7bb775db0a748bb46949e0
subprocess-logs/0473-jdk23_debug_ShadowMethodT_jarde-javac.stdout	e3b0c44298fc1c149afbf4c8996fb92427ae41e4649b934ca495991b7852b855
subprocess-logs/0474-jdk23_debug_ShadowMethodT_jarde-verify-run.stderr	e3b0c44298fc1c149afbf4c8996fb92427ae41e4649b934ca495991b7852b855
subprocess-logs/0474-jdk23_debug_ShadowMethodT_jarde-verify-run.stdout	ceb1dd45add8519cb6e22a15e06a6eab6b515c2f59d517b64ede6b379fcd7b53
subprocess-logs/0475-jdk23_debug_ShadowMethodT_jadx.stderr	e3b0c44298fc1c149afbf4c8996fb92427ae41e4649b934ca495991b7852b855
subprocess-logs/0475-jdk23_debug_ShadowMethodT_jadx.stdout	1a0a14ea80e3caf4f1e8f4be4a4c8f2ad01280fef307a14c6f14cd3383df91d6
subprocess-logs/0476-jdk23_debug_ShadowMethodT_jadx-javac.stderr	4f875b75f0bac1d971d8fc3ab19a64d5d92273f61235f2bb734eed34ab07458f
subprocess-logs/0476-jdk23_debug_ShadowMethodT_jadx-javac.stdout	e3b0c44298fc1c149afbf4c8996fb92427ae41e4649b934ca495991b7852b855
subprocess-logs/0477-jdk23_debug_ShadowMethodT_jadx-verify-run.stderr	e3b0c44298fc1c149afbf4c8996fb92427ae41e4649b934ca495991b7852b855
subprocess-logs/0477-jdk23_debug_ShadowMethodT_jadx-verify-run.stdout	1c91e9e73e2b1038112652360b7e0dcd639e400df84523aac0d0102801a17264
subprocess-logs/0478-jdk23_no-debug_ShadowMethodT_jar-contents.stderr	e3b0c44298fc1c149afbf4c8996fb92427ae41e4649b934ca495991b7852b855
subprocess-logs/0478-jdk23_no-debug_ShadowMethodT_jar-contents.stdout	0a014d28d43f161014ee6c5d0696b18e41bff4bb83b1ac87222e9f4a8516ab35
subprocess-logs/0479-jdk23_no-debug_ShadowMethodT_original-javac.stderr	4f875b75f0bac1d971d8fc3ab19a64d5d92273f61235f2bb734eed34ab07458f
subprocess-logs/0479-jdk23_no-debug_ShadowMethodT_original-javac.stdout	e3b0c44298fc1c149afbf4c8996fb92427ae41e4649b934ca495991b7852b855
subprocess-logs/0480-jdk23_no-debug_ShadowMethodT_javap.stderr	e3b0c44298fc1c149afbf4c8996fb92427ae41e4649b934ca495991b7852b855
subprocess-logs/0480-jdk23_no-debug_ShadowMethodT_javap.stdout	21bdc1dc6eaae9e029c98be6702c2be862675bb102994fb0ffea284c0fa0e895
subprocess-logs/0481-jdk23_no-debug_ShadowMethodT_original-probe-javac.stderr	4f875b75f0bac1d971d8fc3ab19a64d5d92273f61235f2bb734eed34ab07458f
subprocess-logs/0481-jdk23_no-debug_ShadowMethodT_original-probe-javac.stdout	e3b0c44298fc1c149afbf4c8996fb92427ae41e4649b934ca495991b7852b855
subprocess-logs/0482-jdk23_no-debug_ShadowMethodT_original-run.stderr	e3b0c44298fc1c149afbf4c8996fb92427ae41e4649b934ca495991b7852b855
subprocess-logs/0482-jdk23_no-debug_ShadowMethodT_original-run.stdout	e491f2fc9b0efb07abdaf9da8848a50d38b4da3848f045e3268c35d95124df5a
subprocess-logs/0483-jdk23_no-debug_ShadowMethodT_jarde-ShadowMethodT.stderr	ed37abe92acf5384795af340962867e1deb7e72ae418ec4edb81228ecbce4c9a
subprocess-logs/0483-jdk23_no-debug_ShadowMethodT_jarde-ShadowMethodT.stdout	b04b610fd3bcae70366460c87281526e1a77989a2393c91d4e0cf746fee52a9a
subprocess-logs/0484-jdk23_no-debug_ShadowMethodT_jarde-javac.stderr	f528daba04ea18697195f77dc03a0585be380d768e52f7d31d5266a5284dfdc4
subprocess-logs/0484-jdk23_no-debug_ShadowMethodT_jarde-javac.stdout	e3b0c44298fc1c149afbf4c8996fb92427ae41e4649b934ca495991b7852b855
subprocess-logs/0485-jdk23_no-debug_ShadowMethodT_jarde-verify-run.stderr	e3b0c44298fc1c149afbf4c8996fb92427ae41e4649b934ca495991b7852b855
subprocess-logs/0485-jdk23_no-debug_ShadowMethodT_jarde-verify-run.stdout	ceb1dd45add8519cb6e22a15e06a6eab6b515c2f59d517b64ede6b379fcd7b53
subprocess-logs/0486-jdk23_no-debug_ShadowMethodT_jadx.stderr	e3b0c44298fc1c149afbf4c8996fb92427ae41e4649b934ca495991b7852b855
subprocess-logs/0486-jdk23_no-debug_ShadowMethodT_jadx.stdout	e62f13afdd2575aba6285af716c40972a244e0aa76c2f0a895d6f066b6c92bcb
subprocess-logs/0487-jdk23_no-debug_ShadowMethodT_jadx-javac.stderr	4f875b75f0bac1d971d8fc3ab19a64d5d92273f61235f2bb734eed34ab07458f
subprocess-logs/0487-jdk23_no-debug_ShadowMethodT_jadx-javac.stdout	e3b0c44298fc1c149afbf4c8996fb92427ae41e4649b934ca495991b7852b855
subprocess-logs/0488-jdk23_no-debug_ShadowMethodT_jadx-verify-run.stderr	e3b0c44298fc1c149afbf4c8996fb92427ae41e4649b934ca495991b7852b855
subprocess-logs/0488-jdk23_no-debug_ShadowMethodT_jadx-verify-run.stdout	1c91e9e73e2b1038112652360b7e0dcd639e400df84523aac0d0102801a17264
subprocess-logs/0489-jdk23_debug_DirectInstanceRawParam_jar-contents.stderr	e3b0c44298fc1c149afbf4c8996fb92427ae41e4649b934ca495991b7852b855
subprocess-logs/0489-jdk23_debug_DirectInstanceRawParam_jar-contents.stdout	fc15d4455024ee977b4d1922c14c180928c2138e1582c5adccbb1d8fe3953218
subprocess-logs/0490-jdk23_debug_DirectInstanceRawParam_original-javac.stderr	6d0055fa613fc7fc277efc859a67e566b8a0f51ab180da58f06fc254b12c2dc6
subprocess-logs/0490-jdk23_debug_DirectInstanceRawParam_original-javac.stdout	e3b0c44298fc1c149afbf4c8996fb92427ae41e4649b934ca495991b7852b855
subprocess-logs/0491-jdk23_debug_DirectInstanceRawParam_javap.stderr	e3b0c44298fc1c149afbf4c8996fb92427ae41e4649b934ca495991b7852b855
subprocess-logs/0491-jdk23_debug_DirectInstanceRawParam_javap.stdout	dae6436bf67ca48a6be069fb2a99259f629e616df93c99788d6e280e92c7e1a0
subprocess-logs/0492-jdk23_debug_DirectInstanceRawParam_original-probe-javac.stderr	4f875b75f0bac1d971d8fc3ab19a64d5d92273f61235f2bb734eed34ab07458f
subprocess-logs/0492-jdk23_debug_DirectInstanceRawParam_original-probe-javac.stdout	e3b0c44298fc1c149afbf4c8996fb92427ae41e4649b934ca495991b7852b855
subprocess-logs/0493-jdk23_debug_DirectInstanceRawParam_original-run.stderr	e3b0c44298fc1c149afbf4c8996fb92427ae41e4649b934ca495991b7852b855
subprocess-logs/0493-jdk23_debug_DirectInstanceRawParam_original-run.stdout	9358c79b8f63417a168963e9dc02e1e1359ee5bda8614638bec755f01d5683be
subprocess-logs/0494-jdk23_debug_DirectInstanceRawParam_jarde-DirectInstanceRawParam.stderr	ac35a7c9b909cfd689a6649bb6803738eab1029cb488d27fc3037df0997a5615
subprocess-logs/0494-jdk23_debug_DirectInstanceRawParam_jarde-DirectInstanceRawParam.stdout	66882766f2731a7d18b72428b8ad38d8f2bd8e0183b4bf42ab71e0a8bcb56671
subprocess-logs/0495-jdk23_debug_DirectInstanceRawParam_jarde-javac.stderr	84076f9e2108341e62ed59b39bcfd5ec0ae4a43bbd14f63d414c3a0ccd055623
subprocess-logs/0495-jdk23_debug_DirectInstanceRawParam_jarde-javac.stdout	e3b0c44298fc1c149afbf4c8996fb92427ae41e4649b934ca495991b7852b855
subprocess-logs/0496-jdk23_debug_DirectInstanceRawParam_jarde-verify-run.stderr	e3b0c44298fc1c149afbf4c8996fb92427ae41e4649b934ca495991b7852b855
subprocess-logs/0496-jdk23_debug_DirectInstanceRawParam_jarde-verify-run.stdout	9358c79b8f63417a168963e9dc02e1e1359ee5bda8614638bec755f01d5683be
subprocess-logs/0497-jdk23_debug_DirectInstanceRawParam_jadx.stderr	e3b0c44298fc1c149afbf4c8996fb92427ae41e4649b934ca495991b7852b855
subprocess-logs/0497-jdk23_debug_DirectInstanceRawParam_jadx.stdout	2ca237713a5db7d17ea08550e201862bfe221f550d0c49ef59b957c70ba8c36f
subprocess-logs/0498-jdk23_debug_DirectInstanceRawParam_jadx-javac.stderr	0d9650940973fbf6a4dfe582ef905d3542097029764005abf12cbbfb3ad6cd5b
subprocess-logs/0498-jdk23_debug_DirectInstanceRawParam_jadx-javac.stdout	e3b0c44298fc1c149afbf4c8996fb92427ae41e4649b934ca495991b7852b855
subprocess-logs/0499-jdk23_debug_DirectInstanceRawParam_jadx-verify-run.stderr	e3b0c44298fc1c149afbf4c8996fb92427ae41e4649b934ca495991b7852b855
subprocess-logs/0499-jdk23_debug_DirectInstanceRawParam_jadx-verify-run.stdout	b3cda9506188b60dd9d215bc5efd1dafb315f344e7cea3910361ebe407f0cc9b
subprocess-logs/0500-jdk23_no-debug_DirectInstanceRawParam_jar-contents.stderr	e3b0c44298fc1c149afbf4c8996fb92427ae41e4649b934ca495991b7852b855
subprocess-logs/0500-jdk23_no-debug_DirectInstanceRawParam_jar-contents.stdout	fc15d4455024ee977b4d1922c14c180928c2138e1582c5adccbb1d8fe3953218
subprocess-logs/0501-jdk23_no-debug_DirectInstanceRawParam_original-javac.stderr	6d0055fa613fc7fc277efc859a67e566b8a0f51ab180da58f06fc254b12c2dc6
subprocess-logs/0501-jdk23_no-debug_DirectInstanceRawParam_original-javac.stdout	e3b0c44298fc1c149afbf4c8996fb92427ae41e4649b934ca495991b7852b855
subprocess-logs/0502-jdk23_no-debug_DirectInstanceRawParam_javap.stderr	e3b0c44298fc1c149afbf4c8996fb92427ae41e4649b934ca495991b7852b855
subprocess-logs/0502-jdk23_no-debug_DirectInstanceRawParam_javap.stdout	86b769b524ec33859cadd81aa8555413bab468a4f6c6fb443e23e3bcfd337a1b
subprocess-logs/0503-jdk23_no-debug_DirectInstanceRawParam_original-probe-javac.stderr	4f875b75f0bac1d971d8fc3ab19a64d5d92273f61235f2bb734eed34ab07458f
subprocess-logs/0503-jdk23_no-debug_DirectInstanceRawParam_original-probe-javac.stdout	e3b0c44298fc1c149afbf4c8996fb92427ae41e4649b934ca495991b7852b855
subprocess-logs/0504-jdk23_no-debug_DirectInstanceRawParam_original-run.stderr	e3b0c44298fc1c149afbf4c8996fb92427ae41e4649b934ca495991b7852b855
subprocess-logs/0504-jdk23_no-debug_DirectInstanceRawParam_original-run.stdout	9358c79b8f63417a168963e9dc02e1e1359ee5bda8614638bec755f01d5683be
subprocess-logs/0505-jdk23_no-debug_DirectInstanceRawParam_jarde-DirectInstanceRawParam.stderr	ecb93ae81b0767f95cda9691897bb70c0114f52f0310d7fb7ffca4b2a3753f2e
subprocess-logs/0505-jdk23_no-debug_DirectInstanceRawParam_jarde-DirectInstanceRawParam.stdout	4a94736315b6eae244e0c86bd52673d4184206d783c03a281542fea7858efed2
subprocess-logs/0506-jdk23_no-debug_DirectInstanceRawParam_jarde-javac.stderr	54351e8701438f1e7680d95d16d94b978e472f2493780b511fcb88e2da6587cb
subprocess-logs/0506-jdk23_no-debug_DirectInstanceRawParam_jarde-javac.stdout	e3b0c44298fc1c149afbf4c8996fb92427ae41e4649b934ca495991b7852b855
subprocess-logs/0507-jdk23_no-debug_DirectInstanceRawParam_jarde-verify-run.stderr	e3b0c44298fc1c149afbf4c8996fb92427ae41e4649b934ca495991b7852b855
subprocess-logs/0507-jdk23_no-debug_DirectInstanceRawParam_jarde-verify-run.stdout	9358c79b8f63417a168963e9dc02e1e1359ee5bda8614638bec755f01d5683be
subprocess-logs/0508-jdk23_no-debug_DirectInstanceRawParam_jadx.stderr	e3b0c44298fc1c149afbf4c8996fb92427ae41e4649b934ca495991b7852b855
subprocess-logs/0508-jdk23_no-debug_DirectInstanceRawParam_jadx.stdout	07a8c63e75c465bb75159d9cfb0777507cb8403c8ab6250d1980757f395d3bf8
subprocess-logs/0509-jdk23_no-debug_DirectInstanceRawParam_jadx-javac.stderr	b76ef8387bab503a04e9a163573f30d11e645d48cbeb6993389865cb2fb167cf
subprocess-logs/0509-jdk23_no-debug_DirectInstanceRawParam_jadx-javac.stdout	e3b0c44298fc1c149afbf4c8996fb92427ae41e4649b934ca495991b7852b855
subprocess-logs/0510-jdk23_no-debug_DirectInstanceRawParam_jadx-verify-run.stderr	e3b0c44298fc1c149afbf4c8996fb92427ae41e4649b934ca495991b7852b855
subprocess-logs/0510-jdk23_no-debug_DirectInstanceRawParam_jadx-verify-run.stdout	b3cda9506188b60dd9d215bc5efd1dafb315f344e7cea3910361ebe407f0cc9b
subprocess-logs/0511-jdk23_debug_WideRawParam_jar-contents.stderr	e3b0c44298fc1c149afbf4c8996fb92427ae41e4649b934ca495991b7852b855
subprocess-logs/0511-jdk23_debug_WideRawParam_jar-contents.stdout	c7b383a50ec45946ad9d59c86fa09aeb20831c235da656e4fb4c89f12a7bd588
subprocess-logs/0512-jdk23_debug_WideRawParam_original-javac.stderr	5984210921671ac4f716987bfb7b3a0587e0070a86c3537c51330e2be75448de
subprocess-logs/0512-jdk23_debug_WideRawParam_original-javac.stdout	e3b0c44298fc1c149afbf4c8996fb92427ae41e4649b934ca495991b7852b855
subprocess-logs/0513-jdk23_debug_WideRawParam_javap.stderr	e3b0c44298fc1c149afbf4c8996fb92427ae41e4649b934ca495991b7852b855
subprocess-logs/0513-jdk23_debug_WideRawParam_javap.stdout	32e088383eb2592a9d7024fdad617672d9dd852f63dc5c9f6c519674a14fbf1a
subprocess-logs/0514-jdk23_debug_WideRawParam_original-probe-javac.stderr	4f875b75f0bac1d971d8fc3ab19a64d5d92273f61235f2bb734eed34ab07458f
subprocess-logs/0514-jdk23_debug_WideRawParam_original-probe-javac.stdout	e3b0c44298fc1c149afbf4c8996fb92427ae41e4649b934ca495991b7852b855
subprocess-logs/0515-jdk23_debug_WideRawParam_original-run.stderr	e3b0c44298fc1c149afbf4c8996fb92427ae41e4649b934ca495991b7852b855
subprocess-logs/0515-jdk23_debug_WideRawParam_original-run.stdout	9b6ad934d85edae64408a458838c3e4654befd592a41b43cedf7710c2e9b1512
subprocess-logs/0516-jdk23_debug_WideRawParam_jarde-WideRawParam.stderr	00a85eda6570181a1ba5457643ab2319ef475da61891110686c9f01b97ce3df5
subprocess-logs/0516-jdk23_debug_WideRawParam_jarde-WideRawParam.stdout	a8c2366e3a709f7941c00dff72d5921e0b3e9772cd7195d3caf1094bb0a95be9
subprocess-logs/0517-jdk23_debug_WideRawParam_jarde-javac.stderr	ab0ea4c6e5bbd38b9cdb7ee805cc86b547e25349a1aeea6cb97c10e9f7e4987e
subprocess-logs/0517-jdk23_debug_WideRawParam_jarde-javac.stdout	e3b0c44298fc1c149afbf4c8996fb92427ae41e4649b934ca495991b7852b855
subprocess-logs/0518-jdk23_debug_WideRawParam_jarde-verify-run.stderr	e3b0c44298fc1c149afbf4c8996fb92427ae41e4649b934ca495991b7852b855
subprocess-logs/0518-jdk23_debug_WideRawParam_jarde-verify-run.stdout	9b6ad934d85edae64408a458838c3e4654befd592a41b43cedf7710c2e9b1512
subprocess-logs/0519-jdk23_debug_WideRawParam_jadx.stderr	e3b0c44298fc1c149afbf4c8996fb92427ae41e4649b934ca495991b7852b855
subprocess-logs/0519-jdk23_debug_WideRawParam_jadx.stdout	1bf746a45879f22cf3ac4904ebda83f11e170a522b83d18f0235d2f112f662c7
subprocess-logs/0520-jdk23_debug_WideRawParam_jadx-javac.stderr	b9fdcfd32aeb713b8dff79683f8138641012ea4a073fd182ff4d6d740fac6cc7
subprocess-logs/0520-jdk23_debug_WideRawParam_jadx-javac.stdout	e3b0c44298fc1c149afbf4c8996fb92427ae41e4649b934ca495991b7852b855
subprocess-logs/0521-jdk23_debug_WideRawParam_jadx-verify-run.stderr	e3b0c44298fc1c149afbf4c8996fb92427ae41e4649b934ca495991b7852b855
subprocess-logs/0521-jdk23_debug_WideRawParam_jadx-verify-run.stdout	bb098a483d7226c3ef490fd7d5502cfaae0fa2dc00a248054971f81a95f5b14e
subprocess-logs/0522-jdk23_no-debug_WideRawParam_jar-contents.stderr	e3b0c44298fc1c149afbf4c8996fb92427ae41e4649b934ca495991b7852b855
subprocess-logs/0522-jdk23_no-debug_WideRawParam_jar-contents.stdout	c7b383a50ec45946ad9d59c86fa09aeb20831c235da656e4fb4c89f12a7bd588
subprocess-logs/0523-jdk23_no-debug_WideRawParam_original-javac.stderr	5984210921671ac4f716987bfb7b3a0587e0070a86c3537c51330e2be75448de
subprocess-logs/0523-jdk23_no-debug_WideRawParam_original-javac.stdout	e3b0c44298fc1c149afbf4c8996fb92427ae41e4649b934ca495991b7852b855
subprocess-logs/0524-jdk23_no-debug_WideRawParam_javap.stderr	e3b0c44298fc1c149afbf4c8996fb92427ae41e4649b934ca495991b7852b855
subprocess-logs/0524-jdk23_no-debug_WideRawParam_javap.stdout	8040f386f71de3028b172bcf3c865af0c91588114f3b077d990cb692bcaa77d8
subprocess-logs/0525-jdk23_no-debug_WideRawParam_original-probe-javac.stderr	4f875b75f0bac1d971d8fc3ab19a64d5d92273f61235f2bb734eed34ab07458f
subprocess-logs/0525-jdk23_no-debug_WideRawParam_original-probe-javac.stdout	e3b0c44298fc1c149afbf4c8996fb92427ae41e4649b934ca495991b7852b855
subprocess-logs/0526-jdk23_no-debug_WideRawParam_original-run.stderr	e3b0c44298fc1c149afbf4c8996fb92427ae41e4649b934ca495991b7852b855
subprocess-logs/0526-jdk23_no-debug_WideRawParam_original-run.stdout	9b6ad934d85edae64408a458838c3e4654befd592a41b43cedf7710c2e9b1512
subprocess-logs/0527-jdk23_no-debug_WideRawParam_jarde-WideRawParam.stderr	6a13721c84fecc06f4e242225f193511b857c0424113f8312fd25ef059a01b80
subprocess-logs/0527-jdk23_no-debug_WideRawParam_jarde-WideRawParam.stdout	1fffb038dc24c28f794c348a356b25bf8f3cac2017e72733ba1b38208c722010
subprocess-logs/0528-jdk23_no-debug_WideRawParam_jarde-javac.stderr	c29fd6bb5877b14a6a94206badce95b901f5f234d41607898d81ff648d31d053
subprocess-logs/0528-jdk23_no-debug_WideRawParam_jarde-javac.stdout	e3b0c44298fc1c149afbf4c8996fb92427ae41e4649b934ca495991b7852b855
subprocess-logs/0529-jdk23_no-debug_WideRawParam_jarde-verify-run.stderr	e3b0c44298fc1c149afbf4c8996fb92427ae41e4649b934ca495991b7852b855
subprocess-logs/0529-jdk23_no-debug_WideRawParam_jarde-verify-run.stdout	9b6ad934d85edae64408a458838c3e4654befd592a41b43cedf7710c2e9b1512
subprocess-logs/0530-jdk23_no-debug_WideRawParam_jadx.stderr	e3b0c44298fc1c149afbf4c8996fb92427ae41e4649b934ca495991b7852b855
subprocess-logs/0530-jdk23_no-debug_WideRawParam_jadx.stdout	1fc89e2936b96d8a3869b333aec440f93af6504b822df0edb3b16f4da35d001f
subprocess-logs/0531-jdk23_no-debug_WideRawParam_jadx-javac.stderr	a97ec5bc92ed3a0a367990d2734af41a352cf5c61f22f0b7daf5031a3879d319
subprocess-logs/0531-jdk23_no-debug_WideRawParam_jadx-javac.stdout	e3b0c44298fc1c149afbf4c8996fb92427ae41e4649b934ca495991b7852b855
subprocess-logs/0532-jdk23_no-debug_WideRawParam_jadx-verify-run.stderr	e3b0c44298fc1c149afbf4c8996fb92427ae41e4649b934ca495991b7852b855
subprocess-logs/0532-jdk23_no-debug_WideRawParam_jadx-verify-run.stdout	bb098a483d7226c3ef490fd7d5502cfaae0fa2dc00a248054971f81a95f5b14e
subprocess-logs/0533-jdk23_debug_ArrayRawParam_jar-contents.stderr	e3b0c44298fc1c149afbf4c8996fb92427ae41e4649b934ca495991b7852b855
subprocess-logs/0533-jdk23_debug_ArrayRawParam_jar-contents.stdout	3158ddd8210c312dd495e4f4bed9c58b47a294ca772f97d51d89a67d7715ebc7
subprocess-logs/0534-jdk23_debug_ArrayRawParam_original-javac.stderr	0a4c58e120bd162e228f1d4f2607e9b5b7ee84ff22f1c569ac3088c3b45c6e8f
subprocess-logs/0534-jdk23_debug_ArrayRawParam_original-javac.stdout	e3b0c44298fc1c149afbf4c8996fb92427ae41e4649b934ca495991b7852b855
subprocess-logs/0535-jdk23_debug_ArrayRawParam_javap.stderr	e3b0c44298fc1c149afbf4c8996fb92427ae41e4649b934ca495991b7852b855
subprocess-logs/0535-jdk23_debug_ArrayRawParam_javap.stdout	545cc0ed9cd4ee5a3dfd9cd36bc2ea9f99b43a4f296001fa1ba87c4e70461483
subprocess-logs/0536-jdk23_debug_ArrayRawParam_original-probe-javac.stderr	4f875b75f0bac1d971d8fc3ab19a64d5d92273f61235f2bb734eed34ab07458f
subprocess-logs/0536-jdk23_debug_ArrayRawParam_original-probe-javac.stdout	e3b0c44298fc1c149afbf4c8996fb92427ae41e4649b934ca495991b7852b855
subprocess-logs/0537-jdk23_debug_ArrayRawParam_original-run.stderr	e3b0c44298fc1c149afbf4c8996fb92427ae41e4649b934ca495991b7852b855
subprocess-logs/0537-jdk23_debug_ArrayRawParam_original-run.stdout	d51f3b7d45328701a337bb2285770bcd1cf8f2179c66734c318010571e65ac8b
subprocess-logs/0538-jdk23_debug_ArrayRawParam_jarde-ArrayRawParam.stderr	ed7bb4a2561d477dbc6294f80314aaba81dae93833d4fae8af233d600573305b
subprocess-logs/0538-jdk23_debug_ArrayRawParam_jarde-ArrayRawParam.stdout	c8c72849f11741a77f70b21b0436745c69e7f2e9d60ae7c7724adfd147a8faab
subprocess-logs/0539-jdk23_debug_ArrayRawParam_jarde-javac.stderr	14fbc6909bd987ae3e8664beb7202693e7965cd844b56b92c8c669129c98853e
subprocess-logs/0539-jdk23_debug_ArrayRawParam_jarde-javac.stdout	e3b0c44298fc1c149afbf4c8996fb92427ae41e4649b934ca495991b7852b855
subprocess-logs/0540-jdk23_debug_ArrayRawParam_jarde-verify-run.stderr	e3b0c44298fc1c149afbf4c8996fb92427ae41e4649b934ca495991b7852b855
subprocess-logs/0540-jdk23_debug_ArrayRawParam_jarde-verify-run.stdout	d51f3b7d45328701a337bb2285770bcd1cf8f2179c66734c318010571e65ac8b
subprocess-logs/0541-jdk23_debug_ArrayRawParam_jadx.stderr	e3b0c44298fc1c149afbf4c8996fb92427ae41e4649b934ca495991b7852b855
subprocess-logs/0541-jdk23_debug_ArrayRawParam_jadx.stdout	1ec2cce01e5e3561a6f32d922586b370579f63db4f2fc4ec8fbb552a716dc117
subprocess-logs/0542-jdk23_debug_ArrayRawParam_jadx-javac.stderr	9f46a11d016c21b3e53c9874151353a51c29176f3f969066d8feec87f09d8d30
subprocess-logs/0542-jdk23_debug_ArrayRawParam_jadx-javac.stdout	e3b0c44298fc1c149afbf4c8996fb92427ae41e4649b934ca495991b7852b855
subprocess-logs/0543-jdk23_debug_ArrayRawParam_jadx-verify-run.stderr	e3b0c44298fc1c149afbf4c8996fb92427ae41e4649b934ca495991b7852b855
subprocess-logs/0543-jdk23_debug_ArrayRawParam_jadx-verify-run.stdout	65890eea8fe7c3065fbc2f644c7253d5354fdffeba56efc1a47107d7914063b6
subprocess-logs/0544-jdk23_no-debug_ArrayRawParam_jar-contents.stderr	e3b0c44298fc1c149afbf4c8996fb92427ae41e4649b934ca495991b7852b855
subprocess-logs/0544-jdk23_no-debug_ArrayRawParam_jar-contents.stdout	3158ddd8210c312dd495e4f4bed9c58b47a294ca772f97d51d89a67d7715ebc7
subprocess-logs/0545-jdk23_no-debug_ArrayRawParam_original-javac.stderr	0a4c58e120bd162e228f1d4f2607e9b5b7ee84ff22f1c569ac3088c3b45c6e8f
subprocess-logs/0545-jdk23_no-debug_ArrayRawParam_original-javac.stdout	e3b0c44298fc1c149afbf4c8996fb92427ae41e4649b934ca495991b7852b855
subprocess-logs/0546-jdk23_no-debug_ArrayRawParam_javap.stderr	e3b0c44298fc1c149afbf4c8996fb92427ae41e4649b934ca495991b7852b855
subprocess-logs/0546-jdk23_no-debug_ArrayRawParam_javap.stdout	76131af95db7c4c709ae0a1ac1f17e1941539e37fef78db6fe7c544ea40a3f77
subprocess-logs/0547-jdk23_no-debug_ArrayRawParam_original-probe-javac.stderr	4f875b75f0bac1d971d8fc3ab19a64d5d92273f61235f2bb734eed34ab07458f
subprocess-logs/0547-jdk23_no-debug_ArrayRawParam_original-probe-javac.stdout	e3b0c44298fc1c149afbf4c8996fb92427ae41e4649b934ca495991b7852b855
subprocess-logs/0548-jdk23_no-debug_ArrayRawParam_original-run.stderr	e3b0c44298fc1c149afbf4c8996fb92427ae41e4649b934ca495991b7852b855
subprocess-logs/0548-jdk23_no-debug_ArrayRawParam_original-run.stdout	d51f3b7d45328701a337bb2285770bcd1cf8f2179c66734c318010571e65ac8b
subprocess-logs/0549-jdk23_no-debug_ArrayRawParam_jarde-ArrayRawParam.stderr	046a2af3fc65df6840cdc68567a79c7f01ca51cab6f94aebfb06314c80ddced9
subprocess-logs/0549-jdk23_no-debug_ArrayRawParam_jarde-ArrayRawParam.stdout	6eca13086c3cca27c7ef5ed7c3ebc60b7bd9d8daada5cdd7d9c1eb80bf88c0bf
subprocess-logs/0550-jdk23_no-debug_ArrayRawParam_jarde-javac.stderr	160e3601a81f1d8a2d165e242ed32b9ff812a39a48f01f6dbaac65ab4f08f15e
subprocess-logs/0550-jdk23_no-debug_ArrayRawParam_jarde-javac.stdout	e3b0c44298fc1c149afbf4c8996fb92427ae41e4649b934ca495991b7852b855
subprocess-logs/0551-jdk23_no-debug_ArrayRawParam_jarde-verify-run.stderr	e3b0c44298fc1c149afbf4c8996fb92427ae41e4649b934ca495991b7852b855
subprocess-logs/0551-jdk23_no-debug_ArrayRawParam_jarde-verify-run.stdout	d51f3b7d45328701a337bb2285770bcd1cf8f2179c66734c318010571e65ac8b
subprocess-logs/0552-jdk23_no-debug_ArrayRawParam_jadx.stderr	e3b0c44298fc1c149afbf4c8996fb92427ae41e4649b934ca495991b7852b855
subprocess-logs/0552-jdk23_no-debug_ArrayRawParam_jadx.stdout	57a28020f9eb5edab5436c60b0fab9ce00ec6ab1cfadbebf4c43bb3dc90a8ac1
subprocess-logs/0553-jdk23_no-debug_ArrayRawParam_jadx-javac.stderr	4daf1261e98c6fb9350d082ca3db6fa1c89eff94c4ff909a50d6cbe9a79b2eb5
subprocess-logs/0553-jdk23_no-debug_ArrayRawParam_jadx-javac.stdout	e3b0c44298fc1c149afbf4c8996fb92427ae41e4649b934ca495991b7852b855
subprocess-logs/0554-jdk23_no-debug_ArrayRawParam_jadx-verify-run.stderr	e3b0c44298fc1c149afbf4c8996fb92427ae41e4649b934ca495991b7852b855
subprocess-logs/0554-jdk23_no-debug_ArrayRawParam_jadx-verify-run.stdout	65890eea8fe7c3065fbc2f644c7253d5354fdffeba56efc1a47107d7914063b6
subprocess-logs/0555-jdk23_debug_Array2DRawParam_jar-contents.stderr	e3b0c44298fc1c149afbf4c8996fb92427ae41e4649b934ca495991b7852b855
subprocess-logs/0555-jdk23_debug_Array2DRawParam_jar-contents.stdout	86b3231e464de56fb31cc21b9c23fd1d14d9545fe2f4454953b325583d420684
subprocess-logs/0556-jdk23_debug_Array2DRawParam_original-javac.stderr	f704b58cfd8f85c8131e8711005a0133d70940c91518cb202bb3b8cee38f43ea
subprocess-logs/0556-jdk23_debug_Array2DRawParam_original-javac.stdout	e3b0c44298fc1c149afbf4c8996fb92427ae41e4649b934ca495991b7852b855
subprocess-logs/0557-jdk23_debug_Array2DRawParam_javap.stderr	e3b0c44298fc1c149afbf4c8996fb92427ae41e4649b934ca495991b7852b855
subprocess-logs/0557-jdk23_debug_Array2DRawParam_javap.stdout	d3e7d59ed9de6427484423766e890742100e50539680c5500ba76a78e978aee4
subprocess-logs/0558-jdk23_debug_Array2DRawParam_original-probe-javac.stderr	4f875b75f0bac1d971d8fc3ab19a64d5d92273f61235f2bb734eed34ab07458f
subprocess-logs/0558-jdk23_debug_Array2DRawParam_original-probe-javac.stdout	e3b0c44298fc1c149afbf4c8996fb92427ae41e4649b934ca495991b7852b855
subprocess-logs/0559-jdk23_debug_Array2DRawParam_original-run.stderr	e3b0c44298fc1c149afbf4c8996fb92427ae41e4649b934ca495991b7852b855
subprocess-logs/0559-jdk23_debug_Array2DRawParam_original-run.stdout	f48a2d307b1f6c7abb8d91e7a8ed8a5ccc87d07c1114588c08ddfb0808240329
subprocess-logs/0560-jdk23_debug_Array2DRawParam_jarde-Array2DRawParam.stderr	83c3a396e1d31ed56a6c8d55ba020a053d6f6a80f010a7567310f91fa3f45f81
subprocess-logs/0560-jdk23_debug_Array2DRawParam_jarde-Array2DRawParam.stdout	d4ba813f6f198eed97a53a5c193bca2f69698ce49b7a93aa69e279e7c27acb62
subprocess-logs/0561-jdk23_debug_Array2DRawParam_jarde-javac.stderr	c0e23628262018aac1303f0b039f0fd28e1608ab1e0dbd37780bd04c17f256c3
subprocess-logs/0561-jdk23_debug_Array2DRawParam_jarde-javac.stdout	e3b0c44298fc1c149afbf4c8996fb92427ae41e4649b934ca495991b7852b855
subprocess-logs/0562-jdk23_debug_Array2DRawParam_jarde-verify-run.stderr	e3b0c44298fc1c149afbf4c8996fb92427ae41e4649b934ca495991b7852b855
subprocess-logs/0562-jdk23_debug_Array2DRawParam_jarde-verify-run.stdout	f48a2d307b1f6c7abb8d91e7a8ed8a5ccc87d07c1114588c08ddfb0808240329
subprocess-logs/0563-jdk23_debug_Array2DRawParam_jadx.stderr	e3b0c44298fc1c149afbf4c8996fb92427ae41e4649b934ca495991b7852b855
subprocess-logs/0563-jdk23_debug_Array2DRawParam_jadx.stdout	f0e3136f8e9f4a0acceabda131515181e6b232a03083422f8cf35b247bb6dbbd
subprocess-logs/0564-jdk23_debug_Array2DRawParam_jadx-javac.stderr	a6b03a7a78d8c65a4718a64a854da375c0663577bccb6a1de56ce36fee989552
subprocess-logs/0564-jdk23_debug_Array2DRawParam_jadx-javac.stdout	e3b0c44298fc1c149afbf4c8996fb92427ae41e4649b934ca495991b7852b855
subprocess-logs/0565-jdk23_debug_Array2DRawParam_jadx-verify-run.stderr	e3b0c44298fc1c149afbf4c8996fb92427ae41e4649b934ca495991b7852b855
subprocess-logs/0565-jdk23_debug_Array2DRawParam_jadx-verify-run.stdout	8a25af8b8504893fffac8c1872e3c93e85925b6aa0b3d9ff5f62750cee2ba267
subprocess-logs/0566-jdk23_no-debug_Array2DRawParam_jar-contents.stderr	e3b0c44298fc1c149afbf4c8996fb92427ae41e4649b934ca495991b7852b855
subprocess-logs/0566-jdk23_no-debug_Array2DRawParam_jar-contents.stdout	86b3231e464de56fb31cc21b9c23fd1d14d9545fe2f4454953b325583d420684
subprocess-logs/0567-jdk23_no-debug_Array2DRawParam_original-javac.stderr	f704b58cfd8f85c8131e8711005a0133d70940c91518cb202bb3b8cee38f43ea
subprocess-logs/0567-jdk23_no-debug_Array2DRawParam_original-javac.stdout	e3b0c44298fc1c149afbf4c8996fb92427ae41e4649b934ca495991b7852b855
subprocess-logs/0568-jdk23_no-debug_Array2DRawParam_javap.stderr	e3b0c44298fc1c149afbf4c8996fb92427ae41e4649b934ca495991b7852b855
subprocess-logs/0568-jdk23_no-debug_Array2DRawParam_javap.stdout	de0dd64fa34b565d95e66c3dd20304a0c61908e78e94815258d484d805894dee
subprocess-logs/0569-jdk23_no-debug_Array2DRawParam_original-probe-javac.stderr	4f875b75f0bac1d971d8fc3ab19a64d5d92273f61235f2bb734eed34ab07458f
subprocess-logs/0569-jdk23_no-debug_Array2DRawParam_original-probe-javac.stdout	e3b0c44298fc1c149afbf4c8996fb92427ae41e4649b934ca495991b7852b855
subprocess-logs/0570-jdk23_no-debug_Array2DRawParam_original-run.stderr	e3b0c44298fc1c149afbf4c8996fb92427ae41e4649b934ca495991b7852b855
subprocess-logs/0570-jdk23_no-debug_Array2DRawParam_original-run.stdout	f48a2d307b1f6c7abb8d91e7a8ed8a5ccc87d07c1114588c08ddfb0808240329
subprocess-logs/0571-jdk23_no-debug_Array2DRawParam_jarde-Array2DRawParam.stderr	48550e414e0b9db6393d874a1aaa3add75a3868bb315dbebcbecb6dd7fdea8ca
subprocess-logs/0571-jdk23_no-debug_Array2DRawParam_jarde-Array2DRawParam.stdout	84b51bbf39ee444117977442cc40e3d8c27a72fb65b6164c7b2fbdfcc4eae13c
subprocess-logs/0572-jdk23_no-debug_Array2DRawParam_jarde-javac.stderr	16625f508fd7f80e7e3c52aa948454ddb99ea6c62d32fd0026efd0e928ba9403
subprocess-logs/0572-jdk23_no-debug_Array2DRawParam_jarde-javac.stdout	e3b0c44298fc1c149afbf4c8996fb92427ae41e4649b934ca495991b7852b855
subprocess-logs/0573-jdk23_no-debug_Array2DRawParam_jarde-verify-run.stderr	e3b0c44298fc1c149afbf4c8996fb92427ae41e4649b934ca495991b7852b855
subprocess-logs/0573-jdk23_no-debug_Array2DRawParam_jarde-verify-run.stdout	f48a2d307b1f6c7abb8d91e7a8ed8a5ccc87d07c1114588c08ddfb0808240329
subprocess-logs/0574-jdk23_no-debug_Array2DRawParam_jadx.stderr	e3b0c44298fc1c149afbf4c8996fb92427ae41e4649b934ca495991b7852b855
subprocess-logs/0574-jdk23_no-debug_Array2DRawParam_jadx.stdout	d5f67295c55687cb928682323ce94bff8d0275801157cd6e9927cef450367959
subprocess-logs/0575-jdk23_no-debug_Array2DRawParam_jadx-javac.stderr	3591ff47c7ecaa07f6a65c873119b41bee3eed88ef14ea4d4ccde1860f91a039
subprocess-logs/0575-jdk23_no-debug_Array2DRawParam_jadx-javac.stdout	e3b0c44298fc1c149afbf4c8996fb92427ae41e4649b934ca495991b7852b855
subprocess-logs/0576-jdk23_no-debug_Array2DRawParam_jadx-verify-run.stderr	e3b0c44298fc1c149afbf4c8996fb92427ae41e4649b934ca495991b7852b855
subprocess-logs/0576-jdk23_no-debug_Array2DRawParam_jadx-verify-run.stdout	8a25af8b8504893fffac8c1872e3c93e85925b6aa0b3d9ff5f62750cee2ba267
subprocess-logs/0577-jdk23_debug_PrimitiveArrayRawParam_jar-contents.stderr	e3b0c44298fc1c149afbf4c8996fb92427ae41e4649b934ca495991b7852b855
subprocess-logs/0577-jdk23_debug_PrimitiveArrayRawParam_jar-contents.stdout	91705ed612b1ad8f23b13ed6271590bfefda591510c739ce0052bb665848cb44
subprocess-logs/0578-jdk23_debug_PrimitiveArrayRawParam_original-javac.stderr	a12896d59d82efa0f427004e9962d3c51b7d1f01cc0115170859fd5011ab8ea4
subprocess-logs/0578-jdk23_debug_PrimitiveArrayRawParam_original-javac.stdout	e3b0c44298fc1c149afbf4c8996fb92427ae41e4649b934ca495991b7852b855
subprocess-logs/0579-jdk23_debug_PrimitiveArrayRawParam_javap.stderr	e3b0c44298fc1c149afbf4c8996fb92427ae41e4649b934ca495991b7852b855
subprocess-logs/0579-jdk23_debug_PrimitiveArrayRawParam_javap.stdout	0c5e9afe111852818d0ec9547e756192d3bc649e63e7c30af4a83cd8c15c5a88
subprocess-logs/0580-jdk23_debug_PrimitiveArrayRawParam_original-probe-javac.stderr	4f875b75f0bac1d971d8fc3ab19a64d5d92273f61235f2bb734eed34ab07458f
subprocess-logs/0580-jdk23_debug_PrimitiveArrayRawParam_original-probe-javac.stdout	e3b0c44298fc1c149afbf4c8996fb92427ae41e4649b934ca495991b7852b855
subprocess-logs/0581-jdk23_debug_PrimitiveArrayRawParam_original-run.stderr	e3b0c44298fc1c149afbf4c8996fb92427ae41e4649b934ca495991b7852b855
subprocess-logs/0581-jdk23_debug_PrimitiveArrayRawParam_original-run.stdout	e156798549dd3ab3c3eced5fadfdced0789f4ee0e3f65410c291f2c46434dfba
subprocess-logs/0582-jdk23_debug_PrimitiveArrayRawParam_jarde-PrimitiveArrayRawParam.stderr	4560f3e3d16213b8bf7e0c7118eea8c1752314e6e2a456e0d816273f07aa973e
subprocess-logs/0582-jdk23_debug_PrimitiveArrayRawParam_jarde-PrimitiveArrayRawParam.stdout	ca19f53923fbfb66917c75ea83f0d5053343cf8c6aa62b562778ef54d5028a26
subprocess-logs/0583-jdk23_debug_PrimitiveArrayRawParam_jarde-javac.stderr	cf17e01b929e48802dadc2eb58e8239d58544e749c390013784f1c44dd6f7da9
subprocess-logs/0583-jdk23_debug_PrimitiveArrayRawParam_jarde-javac.stdout	e3b0c44298fc1c149afbf4c8996fb92427ae41e4649b934ca495991b7852b855
subprocess-logs/0584-jdk23_debug_PrimitiveArrayRawParam_jarde-verify-run.stderr	e3b0c44298fc1c149afbf4c8996fb92427ae41e4649b934ca495991b7852b855
subprocess-logs/0584-jdk23_debug_PrimitiveArrayRawParam_jarde-verify-run.stdout	e156798549dd3ab3c3eced5fadfdced0789f4ee0e3f65410c291f2c46434dfba
subprocess-logs/0585-jdk23_debug_PrimitiveArrayRawParam_jadx.stderr	e3b0c44298fc1c149afbf4c8996fb92427ae41e4649b934ca495991b7852b855
subprocess-logs/0585-jdk23_debug_PrimitiveArrayRawParam_jadx.stdout	55d0a07b495f316f8fccaa99a2451e4f12c49859e04fb37faeca8b2266316ffc
subprocess-logs/0586-jdk23_debug_PrimitiveArrayRawParam_jadx-javac.stderr	88407f4ddee844843ed47eb5bc776b5ab99e944e74fc83b9d3418264e1aa5139
subprocess-logs/0586-jdk23_debug_PrimitiveArrayRawParam_jadx-javac.stdout	e3b0c44298fc1c149afbf4c8996fb92427ae41e4649b934ca495991b7852b855
subprocess-logs/0587-jdk23_debug_PrimitiveArrayRawParam_jadx-verify-run.stderr	e3b0c44298fc1c149afbf4c8996fb92427ae41e4649b934ca495991b7852b855
subprocess-logs/0587-jdk23_debug_PrimitiveArrayRawParam_jadx-verify-run.stdout	8dbde5389e6da69a121d5ad297157ee52bcb682d49d75d8a4bc7844fd4d1d1e8
subprocess-logs/0588-jdk23_no-debug_PrimitiveArrayRawParam_jar-contents.stderr	e3b0c44298fc1c149afbf4c8996fb92427ae41e4649b934ca495991b7852b855
subprocess-logs/0588-jdk23_no-debug_PrimitiveArrayRawParam_jar-contents.stdout	91705ed612b1ad8f23b13ed6271590bfefda591510c739ce0052bb665848cb44
subprocess-logs/0589-jdk23_no-debug_PrimitiveArrayRawParam_original-javac.stderr	a12896d59d82efa0f427004e9962d3c51b7d1f01cc0115170859fd5011ab8ea4
subprocess-logs/0589-jdk23_no-debug_PrimitiveArrayRawParam_original-javac.stdout	e3b0c44298fc1c149afbf4c8996fb92427ae41e4649b934ca495991b7852b855
subprocess-logs/0590-jdk23_no-debug_PrimitiveArrayRawParam_javap.stderr	e3b0c44298fc1c149afbf4c8996fb92427ae41e4649b934ca495991b7852b855
subprocess-logs/0590-jdk23_no-debug_PrimitiveArrayRawParam_javap.stdout	46921aa1b278c7e676eeb72ee249cc5b9b5c6ce85a313d320faa4514e476c6ae
subprocess-logs/0591-jdk23_no-debug_PrimitiveArrayRawParam_original-probe-javac.stderr	4f875b75f0bac1d971d8fc3ab19a64d5d92273f61235f2bb734eed34ab07458f
subprocess-logs/0591-jdk23_no-debug_PrimitiveArrayRawParam_original-probe-javac.stdout	e3b0c44298fc1c149afbf4c8996fb92427ae41e4649b934ca495991b7852b855
subprocess-logs/0592-jdk23_no-debug_PrimitiveArrayRawParam_original-run.stderr	e3b0c44298fc1c149afbf4c8996fb92427ae41e4649b934ca495991b7852b855
subprocess-logs/0592-jdk23_no-debug_PrimitiveArrayRawParam_original-run.stdout	e156798549dd3ab3c3eced5fadfdced0789f4ee0e3f65410c291f2c46434dfba
subprocess-logs/0593-jdk23_no-debug_PrimitiveArrayRawParam_jarde-PrimitiveArrayRawParam.stderr	0ff60a68b985329b2cd0a6f9824b02a6eb357d7fe0bffaeb7f7463d6cedb557c
subprocess-logs/0593-jdk23_no-debug_PrimitiveArrayRawParam_jarde-PrimitiveArrayRawParam.stdout	90298d00e9daee2bf9bea1ca50260dee0b170c49e8bc25e85ffbce8789fa2c77
subprocess-logs/0594-jdk23_no-debug_PrimitiveArrayRawParam_jarde-javac.stderr	34b0b7caf5097798fee1796035ac6448e423e2a56b25980f184516675d7f8d21
subprocess-logs/0594-jdk23_no-debug_PrimitiveArrayRawParam_jarde-javac.stdout	e3b0c44298fc1c149afbf4c8996fb92427ae41e4649b934ca495991b7852b855
subprocess-logs/0595-jdk23_no-debug_PrimitiveArrayRawParam_jarde-verify-run.stderr	e3b0c44298fc1c149afbf4c8996fb92427ae41e4649b934ca495991b7852b855
subprocess-logs/0595-jdk23_no-debug_PrimitiveArrayRawParam_jarde-verify-run.stdout	e156798549dd3ab3c3eced5fadfdced0789f4ee0e3f65410c291f2c46434dfba
subprocess-logs/0596-jdk23_no-debug_PrimitiveArrayRawParam_jadx.stderr	e3b0c44298fc1c149afbf4c8996fb92427ae41e4649b934ca495991b7852b855
subprocess-logs/0596-jdk23_no-debug_PrimitiveArrayRawParam_jadx.stdout	00c5380530116553925e0e8f9cc1a6a91f2d7269dfdb91d306618a0c8238b631
subprocess-logs/0597-jdk23_no-debug_PrimitiveArrayRawParam_jadx-javac.stderr	e6c5201e029776077c0f4aa1d4ecfa002329cf5ff8c404a0a9744f05ae7949d9
subprocess-logs/0597-jdk23_no-debug_PrimitiveArrayRawParam_jadx-javac.stdout	e3b0c44298fc1c149afbf4c8996fb92427ae41e4649b934ca495991b7852b855
subprocess-logs/0598-jdk23_no-debug_PrimitiveArrayRawParam_jadx-verify-run.stderr	e3b0c44298fc1c149afbf4c8996fb92427ae41e4649b934ca495991b7852b855
subprocess-logs/0598-jdk23_no-debug_PrimitiveArrayRawParam_jadx-verify-run.stdout	8dbde5389e6da69a121d5ad297157ee52bcb682d49d75d8a4bc7844fd4d1d1e8
subprocess-logs/0599-jdk23_debug_BoundRawParam_jar-contents.stderr	e3b0c44298fc1c149afbf4c8996fb92427ae41e4649b934ca495991b7852b855
subprocess-logs/0599-jdk23_debug_BoundRawParam_jar-contents.stdout	075878ec5b85246aaaf568037703e8c8504af213c36e979109d2de5461da85a9
subprocess-logs/0600-jdk23_debug_BoundRawParam_original-javac.stderr	db505fdd45bd9b9efa124f9b88456aa2b6bde26402e63e4f8a6d13f0854698e2
subprocess-logs/0600-jdk23_debug_BoundRawParam_original-javac.stdout	e3b0c44298fc1c149afbf4c8996fb92427ae41e4649b934ca495991b7852b855
subprocess-logs/0601-jdk23_debug_BoundRawParam_javap.stderr	e3b0c44298fc1c149afbf4c8996fb92427ae41e4649b934ca495991b7852b855
subprocess-logs/0601-jdk23_debug_BoundRawParam_javap.stdout	a9cc48530178948b0ef2522222ee87f6fa4b18a9562c438d23c2d4df0f163cec
subprocess-logs/0602-jdk23_debug_BoundRawParam_original-probe-javac.stderr	4f875b75f0bac1d971d8fc3ab19a64d5d92273f61235f2bb734eed34ab07458f
subprocess-logs/0602-jdk23_debug_BoundRawParam_original-probe-javac.stdout	e3b0c44298fc1c149afbf4c8996fb92427ae41e4649b934ca495991b7852b855
subprocess-logs/0603-jdk23_debug_BoundRawParam_original-run.stderr	e3b0c44298fc1c149afbf4c8996fb92427ae41e4649b934ca495991b7852b855
subprocess-logs/0603-jdk23_debug_BoundRawParam_original-run.stdout	0c5cb2a465e5db671d09e57d82dc7d2279cee6ef898da3154a4cac90f5c80de8
subprocess-logs/0604-jdk23_debug_BoundRawParam_jarde-BoundRawParam.stderr	5c8e29af21940dea17bcf60c35fc9d8a175377981d471be32fafeff9238bffc6
subprocess-logs/0604-jdk23_debug_BoundRawParam_jarde-BoundRawParam.stdout	6780b9df7fd79af1b6d8e0acb289d0257a77eaa548101c8cfe3fdc3911d66eac
subprocess-logs/0605-jdk23_debug_BoundRawParam_jarde-javac.stderr	d0b3b065f6efa7a48c2fbb212ffada3363d7936b9a509e42cab57b0468ef4f27
subprocess-logs/0605-jdk23_debug_BoundRawParam_jarde-javac.stdout	e3b0c44298fc1c149afbf4c8996fb92427ae41e4649b934ca495991b7852b855
subprocess-logs/0606-jdk23_debug_BoundRawParam_jarde-verify-run.stderr	e3b0c44298fc1c149afbf4c8996fb92427ae41e4649b934ca495991b7852b855
subprocess-logs/0606-jdk23_debug_BoundRawParam_jarde-verify-run.stdout	0c5cb2a465e5db671d09e57d82dc7d2279cee6ef898da3154a4cac90f5c80de8
subprocess-logs/0607-jdk23_debug_BoundRawParam_jadx.stderr	e3b0c44298fc1c149afbf4c8996fb92427ae41e4649b934ca495991b7852b855
subprocess-logs/0607-jdk23_debug_BoundRawParam_jadx.stdout	5f15816f67df6d4ba9faa804adafbe71aba961acfc72fd084b8f4ead3b3192a3
subprocess-logs/0608-jdk23_debug_BoundRawParam_jadx-javac.stderr	e1002e9b2ff428d9c0cf5c12557fd41b06bb97e3b770f73c385e6b3c37453c8b
subprocess-logs/0608-jdk23_debug_BoundRawParam_jadx-javac.stdout	e3b0c44298fc1c149afbf4c8996fb92427ae41e4649b934ca495991b7852b855
subprocess-logs/0609-jdk23_debug_BoundRawParam_jadx-verify-run.stderr	e3b0c44298fc1c149afbf4c8996fb92427ae41e4649b934ca495991b7852b855
subprocess-logs/0609-jdk23_debug_BoundRawParam_jadx-verify-run.stdout	bdeb71e6ccb9da375831745c55c6fa5137fd29b7007948eecaea74516d6991ca
subprocess-logs/0610-jdk23_no-debug_BoundRawParam_jar-contents.stderr	e3b0c44298fc1c149afbf4c8996fb92427ae41e4649b934ca495991b7852b855
subprocess-logs/0610-jdk23_no-debug_BoundRawParam_jar-contents.stdout	075878ec5b85246aaaf568037703e8c8504af213c36e979109d2de5461da85a9
subprocess-logs/0611-jdk23_no-debug_BoundRawParam_original-javac.stderr	db505fdd45bd9b9efa124f9b88456aa2b6bde26402e63e4f8a6d13f0854698e2
subprocess-logs/0611-jdk23_no-debug_BoundRawParam_original-javac.stdout	e3b0c44298fc1c149afbf4c8996fb92427ae41e4649b934ca495991b7852b855
subprocess-logs/0612-jdk23_no-debug_BoundRawParam_javap.stderr	e3b0c44298fc1c149afbf4c8996fb92427ae41e4649b934ca495991b7852b855
subprocess-logs/0612-jdk23_no-debug_BoundRawParam_javap.stdout	a5cc3eb82c80f8280fbc27eb671f298f44ad55c18b51ebd9fb1b1dfee515319e
subprocess-logs/0613-jdk23_no-debug_BoundRawParam_original-probe-javac.stderr	4f875b75f0bac1d971d8fc3ab19a64d5d92273f61235f2bb734eed34ab07458f
subprocess-logs/0613-jdk23_no-debug_BoundRawParam_original-probe-javac.stdout	e3b0c44298fc1c149afbf4c8996fb92427ae41e4649b934ca495991b7852b855
subprocess-logs/0614-jdk23_no-debug_BoundRawParam_original-run.stderr	e3b0c44298fc1c149afbf4c8996fb92427ae41e4649b934ca495991b7852b855
subprocess-logs/0614-jdk23_no-debug_BoundRawParam_original-run.stdout	0c5cb2a465e5db671d09e57d82dc7d2279cee6ef898da3154a4cac90f5c80de8
subprocess-logs/0615-jdk23_no-debug_BoundRawParam_jarde-BoundRawParam.stderr	507bb714b3093bcc21b43cb6a4ba21cb66e2e7c7279277117e6d9164501a55dd
subprocess-logs/0615-jdk23_no-debug_BoundRawParam_jarde-BoundRawParam.stdout	81ee814aa442d16bedb0f72f370830c16ee2069d4e84754453ae15445e258294
subprocess-logs/0616-jdk23_no-debug_BoundRawParam_jarde-javac.stderr	113429c3e15f0a754f18d95e7b9fe32169315d8b851afda9b89b6e61589d0410
subprocess-logs/0616-jdk23_no-debug_BoundRawParam_jarde-javac.stdout	e3b0c44298fc1c149afbf4c8996fb92427ae41e4649b934ca495991b7852b855
subprocess-logs/0617-jdk23_no-debug_BoundRawParam_jarde-verify-run.stderr	e3b0c44298fc1c149afbf4c8996fb92427ae41e4649b934ca495991b7852b855
subprocess-logs/0617-jdk23_no-debug_BoundRawParam_jarde-verify-run.stdout	0c5cb2a465e5db671d09e57d82dc7d2279cee6ef898da3154a4cac90f5c80de8
subprocess-logs/0618-jdk23_no-debug_BoundRawParam_jadx.stderr	e3b0c44298fc1c149afbf4c8996fb92427ae41e4649b934ca495991b7852b855
subprocess-logs/0618-jdk23_no-debug_BoundRawParam_jadx.stdout	6c69dcc69aad44fc0ffff5a69f2d0aa508d31938c5a2e440b4389f2728eb5094
subprocess-logs/0619-jdk23_no-debug_BoundRawParam_jadx-javac.stderr	86ce4aad9f16623ca1e7fa29538b252207ea3dbc6891d5fdc6a44f18c44710bd
subprocess-logs/0619-jdk23_no-debug_BoundRawParam_jadx-javac.stdout	e3b0c44298fc1c149afbf4c8996fb92427ae41e4649b934ca495991b7852b855
subprocess-logs/0620-jdk23_no-debug_BoundRawParam_jadx-verify-run.stderr	e3b0c44298fc1c149afbf4c8996fb92427ae41e4649b934ca495991b7852b855
subprocess-logs/0620-jdk23_no-debug_BoundRawParam_jadx-verify-run.stdout	bdeb71e6ccb9da375831745c55c6fa5137fd29b7007948eecaea74516d6991ca
subprocess-logs/0621-jdk23_debug_NullRawParam_jar-contents.stderr	e3b0c44298fc1c149afbf4c8996fb92427ae41e4649b934ca495991b7852b855
subprocess-logs/0621-jdk23_debug_NullRawParam_jar-contents.stdout	ec9be3c8fc3cd99b67f4aaee4928989735f2768aa23a4b40308f2268d7274f2c
subprocess-logs/0622-jdk23_debug_NullRawParam_original-javac.stderr	142ae31f012f7500c2f9d50ec9a449f19686005826733b6f6a03739e3c7bbfb9
subprocess-logs/0622-jdk23_debug_NullRawParam_original-javac.stdout	e3b0c44298fc1c149afbf4c8996fb92427ae41e4649b934ca495991b7852b855
subprocess-logs/0623-jdk23_debug_NullRawParam_javap.stderr	e3b0c44298fc1c149afbf4c8996fb92427ae41e4649b934ca495991b7852b855
subprocess-logs/0623-jdk23_debug_NullRawParam_javap.stdout	24639551a84c9f092e03155ca19a00ce4785ab1a0c04ee008338724e5e688749
subprocess-logs/0624-jdk23_debug_NullRawParam_original-probe-javac.stderr	4f875b75f0bac1d971d8fc3ab19a64d5d92273f61235f2bb734eed34ab07458f
subprocess-logs/0624-jdk23_debug_NullRawParam_original-probe-javac.stdout	e3b0c44298fc1c149afbf4c8996fb92427ae41e4649b934ca495991b7852b855
subprocess-logs/0625-jdk23_debug_NullRawParam_original-run.stderr	e3b0c44298fc1c149afbf4c8996fb92427ae41e4649b934ca495991b7852b855
subprocess-logs/0625-jdk23_debug_NullRawParam_original-run.stdout	99432d5aa83e97874597f1a0fde12c2a963ce4099787ae00fd33faff35b18418
subprocess-logs/0626-jdk23_debug_NullRawParam_jarde-NullRawParam.stderr	163895f8572b07b56b67f11fcd69939ca53ab5e83fbc3989a6cb790118664c18
subprocess-logs/0626-jdk23_debug_NullRawParam_jarde-NullRawParam.stdout	f60daa335370ba4b9535a79d8a6039e957fde7f7fbf1179b722b7dff8c1bb168
subprocess-logs/0627-jdk23_debug_NullRawParam_jarde-javac.stderr	786d25dd29ef8c9af5589df10a722e1a8a5b2bd9199639f495f8920affba1a00
subprocess-logs/0627-jdk23_debug_NullRawParam_jarde-javac.stdout	e3b0c44298fc1c149afbf4c8996fb92427ae41e4649b934ca495991b7852b855
subprocess-logs/0628-jdk23_debug_NullRawParam_jarde-verify-run.stderr	e3b0c44298fc1c149afbf4c8996fb92427ae41e4649b934ca495991b7852b855
subprocess-logs/0628-jdk23_debug_NullRawParam_jarde-verify-run.stdout	99432d5aa83e97874597f1a0fde12c2a963ce4099787ae00fd33faff35b18418
subprocess-logs/0629-jdk23_debug_NullRawParam_jadx.stderr	e3b0c44298fc1c149afbf4c8996fb92427ae41e4649b934ca495991b7852b855
subprocess-logs/0629-jdk23_debug_NullRawParam_jadx.stdout	74cdcbcab1038d6d8194c90cf97afaed8fb1736d4e387a689acfb9eb5686e46c
subprocess-logs/0630-jdk23_debug_NullRawParam_jadx-javac.stderr	86187c2c0c5e6cdf35f0f014d832d7db381d3fc3d0c328b03c975c2f87ddc4f6
subprocess-logs/0630-jdk23_debug_NullRawParam_jadx-javac.stdout	e3b0c44298fc1c149afbf4c8996fb92427ae41e4649b934ca495991b7852b855
subprocess-logs/0631-jdk23_debug_NullRawParam_jadx-verify-run.stderr	e3b0c44298fc1c149afbf4c8996fb92427ae41e4649b934ca495991b7852b855
subprocess-logs/0631-jdk23_debug_NullRawParam_jadx-verify-run.stdout	f4e759450c3306919076b843e677ebd4315a206a7a08c607258e8ee49a6eb720
subprocess-logs/0632-jdk23_no-debug_NullRawParam_jar-contents.stderr	e3b0c44298fc1c149afbf4c8996fb92427ae41e4649b934ca495991b7852b855
subprocess-logs/0632-jdk23_no-debug_NullRawParam_jar-contents.stdout	ec9be3c8fc3cd99b67f4aaee4928989735f2768aa23a4b40308f2268d7274f2c
subprocess-logs/0633-jdk23_no-debug_NullRawParam_original-javac.stderr	142ae31f012f7500c2f9d50ec9a449f19686005826733b6f6a03739e3c7bbfb9
subprocess-logs/0633-jdk23_no-debug_NullRawParam_original-javac.stdout	e3b0c44298fc1c149afbf4c8996fb92427ae41e4649b934ca495991b7852b855
subprocess-logs/0634-jdk23_no-debug_NullRawParam_javap.stderr	e3b0c44298fc1c149afbf4c8996fb92427ae41e4649b934ca495991b7852b855
subprocess-logs/0634-jdk23_no-debug_NullRawParam_javap.stdout	3da7f16383956fcfba0362b07d0397c4521642a0129cb1d11a6d5b0794734e43
subprocess-logs/0635-jdk23_no-debug_NullRawParam_original-probe-javac.stderr	4f875b75f0bac1d971d8fc3ab19a64d5d92273f61235f2bb734eed34ab07458f
subprocess-logs/0635-jdk23_no-debug_NullRawParam_original-probe-javac.stdout	e3b0c44298fc1c149afbf4c8996fb92427ae41e4649b934ca495991b7852b855
subprocess-logs/0636-jdk23_no-debug_NullRawParam_original-run.stderr	e3b0c44298fc1c149afbf4c8996fb92427ae41e4649b934ca495991b7852b855
subprocess-logs/0636-jdk23_no-debug_NullRawParam_original-run.stdout	99432d5aa83e97874597f1a0fde12c2a963ce4099787ae00fd33faff35b18418
subprocess-logs/0637-jdk23_no-debug_NullRawParam_jarde-NullRawParam.stderr	c35226e6f74b2a13a1c098ab5ce38388e3f373c1eb337ffede585361770ba10f
subprocess-logs/0637-jdk23_no-debug_NullRawParam_jarde-NullRawParam.stdout	d68300b3bdd64dc0a1769de4c77a88e3eebccc14b47a17dc3e1ee4f8165ca2e2
subprocess-logs/0638-jdk23_no-debug_NullRawParam_jarde-javac.stderr	ee2d6185378764a1d17ce562fdc42766a414979add8c837c8b7918d70907f739
subprocess-logs/0638-jdk23_no-debug_NullRawParam_jarde-javac.stdout	e3b0c44298fc1c149afbf4c8996fb92427ae41e4649b934ca495991b7852b855
subprocess-logs/0639-jdk23_no-debug_NullRawParam_jarde-verify-run.stderr	e3b0c44298fc1c149afbf4c8996fb92427ae41e4649b934ca495991b7852b855
subprocess-logs/0639-jdk23_no-debug_NullRawParam_jarde-verify-run.stdout	99432d5aa83e97874597f1a0fde12c2a963ce4099787ae00fd33faff35b18418
subprocess-logs/0640-jdk23_no-debug_NullRawParam_jadx.stderr	e3b0c44298fc1c149afbf4c8996fb92427ae41e4649b934ca495991b7852b855
subprocess-logs/0640-jdk23_no-debug_NullRawParam_jadx.stdout	03f599c34c9402528980bfe519f1171758689334e451f8ef791779870da30d59
subprocess-logs/0641-jdk23_no-debug_NullRawParam_jadx-javac.stderr	98336c2512312bf925c13dd0093c1b688b7d99ef02760e8316e7b2ee6a26180f
subprocess-logs/0641-jdk23_no-debug_NullRawParam_jadx-javac.stdout	e3b0c44298fc1c149afbf4c8996fb92427ae41e4649b934ca495991b7852b855
subprocess-logs/0642-jdk23_no-debug_NullRawParam_jadx-verify-run.stderr	e3b0c44298fc1c149afbf4c8996fb92427ae41e4649b934ca495991b7852b855
subprocess-logs/0642-jdk23_no-debug_NullRawParam_jadx-verify-run.stdout	f4e759450c3306919076b843e677ebd4315a206a7a08c607258e8ee49a6eb720
subprocess-logs/0643-jdk23_debug_RetainedAliasRawParam_jar-contents.stderr	e3b0c44298fc1c149afbf4c8996fb92427ae41e4649b934ca495991b7852b855
subprocess-logs/0643-jdk23_debug_RetainedAliasRawParam_jar-contents.stdout	a1985b9d7beb306cabb087220b328de3b90ea1632d23bad706a4d4d2071ef201
subprocess-logs/0644-jdk23_debug_RetainedAliasRawParam_original-javac.stderr	f3d54802be68d3a5ea5882fb6e1cc05904d541ecebc1b395c733ff97352fa0eb
subprocess-logs/0644-jdk23_debug_RetainedAliasRawParam_original-javac.stdout	e3b0c44298fc1c149afbf4c8996fb92427ae41e4649b934ca495991b7852b855
subprocess-logs/0645-jdk23_debug_RetainedAliasRawParam_javap.stderr	e3b0c44298fc1c149afbf4c8996fb92427ae41e4649b934ca495991b7852b855
subprocess-logs/0645-jdk23_debug_RetainedAliasRawParam_javap.stdout	52f1a5e1188002499119033efef31c9651210558f5418d43808f7d80148d4ac7
subprocess-logs/0646-jdk23_debug_RetainedAliasRawParam_original-probe-javac.stderr	4f875b75f0bac1d971d8fc3ab19a64d5d92273f61235f2bb734eed34ab07458f
subprocess-logs/0646-jdk23_debug_RetainedAliasRawParam_original-probe-javac.stdout	e3b0c44298fc1c149afbf4c8996fb92427ae41e4649b934ca495991b7852b855
subprocess-logs/0647-jdk23_debug_RetainedAliasRawParam_original-run.stderr	e3b0c44298fc1c149afbf4c8996fb92427ae41e4649b934ca495991b7852b855
subprocess-logs/0647-jdk23_debug_RetainedAliasRawParam_original-run.stdout	587147b6fcdb6f90959b73653be0302d121556b4c0626fb20a88ff47291ce8ff
subprocess-logs/0648-jdk23_debug_RetainedAliasRawParam_jarde-RetainedAliasRawParam.stderr	ccf9c258b08314b8e0b68f4d294c7e3097b9a09bcc11e4775e4f2cc326d891df
subprocess-logs/0648-jdk23_debug_RetainedAliasRawParam_jarde-RetainedAliasRawParam.stdout	67c03164c7f4c286881d760c247bdc8ed73c851a4377db2751830cc607eb3f89
subprocess-logs/0649-jdk23_debug_RetainedAliasRawParam_jarde-javac.stderr	3537d550b9c3985631cf427ea35d7ac8210ae0d0d571e26aec610cfdd374920a
subprocess-logs/0649-jdk23_debug_RetainedAliasRawParam_jarde-javac.stdout	e3b0c44298fc1c149afbf4c8996fb92427ae41e4649b934ca495991b7852b855
subprocess-logs/0650-jdk23_debug_RetainedAliasRawParam_jarde-verify-run.stderr	e3b0c44298fc1c149afbf4c8996fb92427ae41e4649b934ca495991b7852b855
subprocess-logs/0650-jdk23_debug_RetainedAliasRawParam_jarde-verify-run.stdout	587147b6fcdb6f90959b73653be0302d121556b4c0626fb20a88ff47291ce8ff
subprocess-logs/0651-jdk23_debug_RetainedAliasRawParam_jadx.stderr	e3b0c44298fc1c149afbf4c8996fb92427ae41e4649b934ca495991b7852b855
subprocess-logs/0651-jdk23_debug_RetainedAliasRawParam_jadx.stdout	8346894a83b7c1d326f269acc67a22f495758837f6005d9738890ffda3384f4c
subprocess-logs/0652-jdk23_debug_RetainedAliasRawParam_jadx-javac.stderr	4cb92e0b7443246b46cb79c5d5bfebd031100741d5e7cdeac4aefc85dc64ea3e
subprocess-logs/0652-jdk23_debug_RetainedAliasRawParam_jadx-javac.stdout	e3b0c44298fc1c149afbf4c8996fb92427ae41e4649b934ca495991b7852b855
subprocess-logs/0653-jdk23_debug_RetainedAliasRawParam_jadx-verify-run.stderr	e3b0c44298fc1c149afbf4c8996fb92427ae41e4649b934ca495991b7852b855
subprocess-logs/0653-jdk23_debug_RetainedAliasRawParam_jadx-verify-run.stdout	f92fd71052669f4c2419e8516949617f14ee858caeb232d80d63117f41ea2d94
subprocess-logs/0654-jdk23_no-debug_RetainedAliasRawParam_jar-contents.stderr	e3b0c44298fc1c149afbf4c8996fb92427ae41e4649b934ca495991b7852b855
subprocess-logs/0654-jdk23_no-debug_RetainedAliasRawParam_jar-contents.stdout	a1985b9d7beb306cabb087220b328de3b90ea1632d23bad706a4d4d2071ef201
subprocess-logs/0655-jdk23_no-debug_RetainedAliasRawParam_original-javac.stderr	f3d54802be68d3a5ea5882fb6e1cc05904d541ecebc1b395c733ff97352fa0eb
subprocess-logs/0655-jdk23_no-debug_RetainedAliasRawParam_original-javac.stdout	e3b0c44298fc1c149afbf4c8996fb92427ae41e4649b934ca495991b7852b855
subprocess-logs/0656-jdk23_no-debug_RetainedAliasRawParam_javap.stderr	e3b0c44298fc1c149afbf4c8996fb92427ae41e4649b934ca495991b7852b855
subprocess-logs/0656-jdk23_no-debug_RetainedAliasRawParam_javap.stdout	62fc5ac7f72922c89480e5a834531e8f83800794857777d7708557259feddc97
subprocess-logs/0657-jdk23_no-debug_RetainedAliasRawParam_original-probe-javac.stderr	4f875b75f0bac1d971d8fc3ab19a64d5d92273f61235f2bb734eed34ab07458f
subprocess-logs/0657-jdk23_no-debug_RetainedAliasRawParam_original-probe-javac.stdout	e3b0c44298fc1c149afbf4c8996fb92427ae41e4649b934ca495991b7852b855
subprocess-logs/0658-jdk23_no-debug_RetainedAliasRawParam_original-run.stderr	e3b0c44298fc1c149afbf4c8996fb92427ae41e4649b934ca495991b7852b855
subprocess-logs/0658-jdk23_no-debug_RetainedAliasRawParam_original-run.stdout	587147b6fcdb6f90959b73653be0302d121556b4c0626fb20a88ff47291ce8ff
subprocess-logs/0659-jdk23_no-debug_RetainedAliasRawParam_jarde-RetainedAliasRawParam.stderr	35a33ed6600a071ea930324aa1e6b93a7a05291a6f96632a57600cf7bef3ff01
subprocess-logs/0659-jdk23_no-debug_RetainedAliasRawParam_jarde-RetainedAliasRawParam.stdout	e3536151d6425f7cf9e601be73cd6fccdb94be39c2157ee6ae0f84a8c7d364e5
subprocess-logs/0660-jdk23_no-debug_RetainedAliasRawParam_jarde-javac.stderr	038fb10039bb06df7ce6b506a56b4ed4ede10b13ca75ae29bde6f652b2f88a92
subprocess-logs/0660-jdk23_no-debug_RetainedAliasRawParam_jarde-javac.stdout	e3b0c44298fc1c149afbf4c8996fb92427ae41e4649b934ca495991b7852b855
subprocess-logs/0661-jdk23_no-debug_RetainedAliasRawParam_jarde-verify-run.stderr	e3b0c44298fc1c149afbf4c8996fb92427ae41e4649b934ca495991b7852b855
subprocess-logs/0661-jdk23_no-debug_RetainedAliasRawParam_jarde-verify-run.stdout	587147b6fcdb6f90959b73653be0302d121556b4c0626fb20a88ff47291ce8ff
subprocess-logs/0662-jdk23_no-debug_RetainedAliasRawParam_jadx.stderr	e3b0c44298fc1c149afbf4c8996fb92427ae41e4649b934ca495991b7852b855
subprocess-logs/0662-jdk23_no-debug_RetainedAliasRawParam_jadx.stdout	45dcacdf25e252a679d9014e3c2446883403e2553771b342dbae41f6cfb883e8
subprocess-logs/0663-jdk23_no-debug_RetainedAliasRawParam_jadx-javac.stderr	614b0df62b4db8915eb9e7daa964554b0d691cffc8ce4dbb5e0c88b4121b6a42
subprocess-logs/0663-jdk23_no-debug_RetainedAliasRawParam_jadx-javac.stdout	e3b0c44298fc1c149afbf4c8996fb92427ae41e4649b934ca495991b7852b855
subprocess-logs/0664-jdk23_no-debug_RetainedAliasRawParam_jadx-verify-run.stderr	e3b0c44298fc1c149afbf4c8996fb92427ae41e4649b934ca495991b7852b855
subprocess-logs/0664-jdk23_no-debug_RetainedAliasRawParam_jadx-verify-run.stdout	f92fd71052669f4c2419e8516949617f14ee858caeb232d80d63117f41ea2d94
subprocess-logs/0665-jdk23_debug_MultiFormalRawParam_jar-contents.stderr	e3b0c44298fc1c149afbf4c8996fb92427ae41e4649b934ca495991b7852b855
subprocess-logs/0665-jdk23_debug_MultiFormalRawParam_jar-contents.stdout	4bc05ecbba4968bacfc686b7e4b7523216b1c1705eac9aef254aaff653bf7e55
subprocess-logs/0666-jdk23_debug_MultiFormalRawParam_original-javac.stderr	1bf9910e61d8cb783de3e626bfbf32d9f68db8362067c4351c9e3b064f561a4e
subprocess-logs/0666-jdk23_debug_MultiFormalRawParam_original-javac.stdout	e3b0c44298fc1c149afbf4c8996fb92427ae41e4649b934ca495991b7852b855
subprocess-logs/0667-jdk23_debug_MultiFormalRawParam_javap.stderr	e3b0c44298fc1c149afbf4c8996fb92427ae41e4649b934ca495991b7852b855
subprocess-logs/0667-jdk23_debug_MultiFormalRawParam_javap.stdout	c0f896241d7a15ce2877ce98de100e669f49b4bece1511ba65c16a2fa4ce30e8
subprocess-logs/0668-jdk23_debug_MultiFormalRawParam_original-probe-javac.stderr	4f875b75f0bac1d971d8fc3ab19a64d5d92273f61235f2bb734eed34ab07458f
subprocess-logs/0668-jdk23_debug_MultiFormalRawParam_original-probe-javac.stdout	e3b0c44298fc1c149afbf4c8996fb92427ae41e4649b934ca495991b7852b855
subprocess-logs/0669-jdk23_debug_MultiFormalRawParam_original-run.stderr	e3b0c44298fc1c149afbf4c8996fb92427ae41e4649b934ca495991b7852b855
subprocess-logs/0669-jdk23_debug_MultiFormalRawParam_original-run.stdout	6d16de1512a82cf13a56f94903001249dbfdb1ab81b29b817616448334e1d0c4
subprocess-logs/0670-jdk23_debug_MultiFormalRawParam_jarde-MultiFormalRawParam.stderr	16281fc4c693378a38078a937fc9d72900dec3c5cd7217a06dd784a82a1385b2
subprocess-logs/0670-jdk23_debug_MultiFormalRawParam_jarde-MultiFormalRawParam.stdout	f619dc6de622abbbb601490c87b29154ed05f1dc9da16fd08f994de9faa1e729
subprocess-logs/0671-jdk23_debug_MultiFormalRawParam_jarde-javac.stderr	bf93fff1bcf93e2c16dcab4318fd8835b888a3e10973cbeb9c9cde67cfcbb484
subprocess-logs/0671-jdk23_debug_MultiFormalRawParam_jarde-javac.stdout	e3b0c44298fc1c149afbf4c8996fb92427ae41e4649b934ca495991b7852b855
subprocess-logs/0672-jdk23_debug_MultiFormalRawParam_jarde-verify-run.stderr	e3b0c44298fc1c149afbf4c8996fb92427ae41e4649b934ca495991b7852b855
subprocess-logs/0672-jdk23_debug_MultiFormalRawParam_jarde-verify-run.stdout	8bc5d0b9f7ed8f8820c0a056a24f74615b3e6104dd1ccada41aee9975df41485
subprocess-logs/0673-jdk23_debug_MultiFormalRawParam_jadx.stderr	e3b0c44298fc1c149afbf4c8996fb92427ae41e4649b934ca495991b7852b855
subprocess-logs/0673-jdk23_debug_MultiFormalRawParam_jadx.stdout	31f3a737b73ae120166ce68046d349dc31c7042a1d9ff0632334b03a2871fc3e
subprocess-logs/0674-jdk23_debug_MultiFormalRawParam_jadx-javac.stderr	8f33a865580fa7d29c8b7b1b896ddb13a30a1e7b27469153a446a9a5ac0b6760
subprocess-logs/0674-jdk23_debug_MultiFormalRawParam_jadx-javac.stdout	e3b0c44298fc1c149afbf4c8996fb92427ae41e4649b934ca495991b7852b855
subprocess-logs/0675-jdk23_debug_MultiFormalRawParam_jadx-verify-run.stderr	e3b0c44298fc1c149afbf4c8996fb92427ae41e4649b934ca495991b7852b855
subprocess-logs/0675-jdk23_debug_MultiFormalRawParam_jadx-verify-run.stdout	8d284d37fb44425659f63776c8f684d596146724e653b1147b4adc2b7c50d4e2
subprocess-logs/0676-jdk23_no-debug_MultiFormalRawParam_jar-contents.stderr	e3b0c44298fc1c149afbf4c8996fb92427ae41e4649b934ca495991b7852b855
subprocess-logs/0676-jdk23_no-debug_MultiFormalRawParam_jar-contents.stdout	4bc05ecbba4968bacfc686b7e4b7523216b1c1705eac9aef254aaff653bf7e55
subprocess-logs/0677-jdk23_no-debug_MultiFormalRawParam_original-javac.stderr	1bf9910e61d8cb783de3e626bfbf32d9f68db8362067c4351c9e3b064f561a4e
subprocess-logs/0677-jdk23_no-debug_MultiFormalRawParam_original-javac.stdout	e3b0c44298fc1c149afbf4c8996fb92427ae41e4649b934ca495991b7852b855
subprocess-logs/0678-jdk23_no-debug_MultiFormalRawParam_javap.stderr	e3b0c44298fc1c149afbf4c8996fb92427ae41e4649b934ca495991b7852b855
subprocess-logs/0678-jdk23_no-debug_MultiFormalRawParam_javap.stdout	4a09857ffb5fb119716fadaab498240930a0315b6ec6efcbac843d0b6ecd0729
subprocess-logs/0679-jdk23_no-debug_MultiFormalRawParam_original-probe-javac.stderr	4f875b75f0bac1d971d8fc3ab19a64d5d92273f61235f2bb734eed34ab07458f
subprocess-logs/0679-jdk23_no-debug_MultiFormalRawParam_original-probe-javac.stdout	e3b0c44298fc1c149afbf4c8996fb92427ae41e4649b934ca495991b7852b855
subprocess-logs/0680-jdk23_no-debug_MultiFormalRawParam_original-run.stderr	e3b0c44298fc1c149afbf4c8996fb92427ae41e4649b934ca495991b7852b855
subprocess-logs/0680-jdk23_no-debug_MultiFormalRawParam_original-run.stdout	6d16de1512a82cf13a56f94903001249dbfdb1ab81b29b817616448334e1d0c4
subprocess-logs/0681-jdk23_no-debug_MultiFormalRawParam_jarde-MultiFormalRawParam.stderr	d714370fb74d3e8886b1f143dc1839ebac59e4a225557f0b24606d2bcc3a072f
subprocess-logs/0681-jdk23_no-debug_MultiFormalRawParam_jarde-MultiFormalRawParam.stdout	25dc6e16e8b9f5a62fe2333fe44c3491fde8f6d40b762bca42951af6d817bbd1
subprocess-logs/0682-jdk23_no-debug_MultiFormalRawParam_jarde-javac.stderr	5c0136af0d7c602ebd500d7ece3c090d1223c0ae1fd384ccd05eefe18ebc499c
subprocess-logs/0682-jdk23_no-debug_MultiFormalRawParam_jarde-javac.stdout	e3b0c44298fc1c149afbf4c8996fb92427ae41e4649b934ca495991b7852b855
subprocess-logs/0683-jdk23_no-debug_MultiFormalRawParam_jarde-verify-run.stderr	e3b0c44298fc1c149afbf4c8996fb92427ae41e4649b934ca495991b7852b855
subprocess-logs/0683-jdk23_no-debug_MultiFormalRawParam_jarde-verify-run.stdout	8bc5d0b9f7ed8f8820c0a056a24f74615b3e6104dd1ccada41aee9975df41485
subprocess-logs/0684-jdk23_no-debug_MultiFormalRawParam_jadx.stderr	e3b0c44298fc1c149afbf4c8996fb92427ae41e4649b934ca495991b7852b855
subprocess-logs/0684-jdk23_no-debug_MultiFormalRawParam_jadx.stdout	d739f3b7331ef12cb3a6d08eef0db1860af752942186c8f00bb205f9ee2888b9
subprocess-logs/0685-jdk23_no-debug_MultiFormalRawParam_jadx-javac.stderr	7b48cf29d673e471b6ad87ac365d9149fe966c783b289fd81ca0ab953f3dc4bc
subprocess-logs/0685-jdk23_no-debug_MultiFormalRawParam_jadx-javac.stdout	e3b0c44298fc1c149afbf4c8996fb92427ae41e4649b934ca495991b7852b855
subprocess-logs/0686-jdk23_no-debug_MultiFormalRawParam_jadx-verify-run.stderr	e3b0c44298fc1c149afbf4c8996fb92427ae41e4649b934ca495991b7852b855
subprocess-logs/0686-jdk23_no-debug_MultiFormalRawParam_jadx-verify-run.stdout	8d284d37fb44425659f63776c8f684d596146724e653b1147b4adc2b7c50d4e2
subprocess-logs/0687-jdk23_debug_RawOwnerChild_jar-contents.stderr	e3b0c44298fc1c149afbf4c8996fb92427ae41e4649b934ca495991b7852b855
subprocess-logs/0687-jdk23_debug_RawOwnerChild_jar-contents.stdout	8fe6ebef204dbd6d19631ba48bbbd5ec4ae5213f3712a9629e2c6cdec917a44e
subprocess-logs/0688-jdk23_debug_RawOwnerChild_original-javac.stderr	2c8b44e4bbe4b1e75d913c852f8e972539180b23f0b541195865269775f55698
subprocess-logs/0688-jdk23_debug_RawOwnerChild_original-javac.stdout	e3b0c44298fc1c149afbf4c8996fb92427ae41e4649b934ca495991b7852b855
subprocess-logs/0689-jdk23_debug_RawOwnerChild_javap.stderr	e3b0c44298fc1c149afbf4c8996fb92427ae41e4649b934ca495991b7852b855
subprocess-logs/0689-jdk23_debug_RawOwnerChild_javap.stdout	0132462da1080853f38ff9c046056abc9d806c2dcc4f0512ee12bbb1c19261fa
subprocess-logs/0690-jdk23_debug_RawOwnerChild_original-probe-javac.stderr	4f875b75f0bac1d971d8fc3ab19a64d5d92273f61235f2bb734eed34ab07458f
subprocess-logs/0690-jdk23_debug_RawOwnerChild_original-probe-javac.stdout	e3b0c44298fc1c149afbf4c8996fb92427ae41e4649b934ca495991b7852b855
subprocess-logs/0691-jdk23_debug_RawOwnerChild_original-run.stderr	e3b0c44298fc1c149afbf4c8996fb92427ae41e4649b934ca495991b7852b855
subprocess-logs/0691-jdk23_debug_RawOwnerChild_original-run.stdout	c25e0c82c8f818f082f08ceef41ac63b15ed1ce4bb020bcf1eff5396c577b047
subprocess-logs/0692-jdk23_debug_RawOwnerChild_jarde-RawOwnerChild.stderr	df207cc32587bd417293c5ec24a4b08175d7cc532dc3ac3eef48e8d4d877f658
subprocess-logs/0692-jdk23_debug_RawOwnerChild_jarde-RawOwnerChild.stdout	85654234ed265aea8c2af90fe4353ca2be2b352c36d98476b0f89a9661e064cd
subprocess-logs/0693-jdk23_debug_RawOwnerChild_jarde-RawOwnerBase.stderr	aca0c220c88ed78307b61f4e589421712ca6a9cc3a446ba73b9a7a7224411f9e
subprocess-logs/0693-jdk23_debug_RawOwnerChild_jarde-RawOwnerBase.stdout	f400195673e17b46cfe5e1ecf2dfa6ad1e569fc2a83c23d92202a00ba21aba24
subprocess-logs/0694-jdk23_debug_RawOwnerChild_jarde-javac.stderr	017306617677898f1953ef3b13018f7a2233a2ddf6baa8051073cc091085a95e
subprocess-logs/0694-jdk23_debug_RawOwnerChild_jarde-javac.stdout	e3b0c44298fc1c149afbf4c8996fb92427ae41e4649b934ca495991b7852b855
subprocess-logs/0695-jdk23_debug_RawOwnerChild_jarde-verify-run.stderr	e3b0c44298fc1c149afbf4c8996fb92427ae41e4649b934ca495991b7852b855
subprocess-logs/0695-jdk23_debug_RawOwnerChild_jarde-verify-run.stdout	e65da6d8f2478e3a0b6f43759b106518ecb2b77f17bd072cf737ed70a4ac28ad
subprocess-logs/0696-jdk23_debug_RawOwnerChild_jadx.stderr	e3b0c44298fc1c149afbf4c8996fb92427ae41e4649b934ca495991b7852b855
subprocess-logs/0696-jdk23_debug_RawOwnerChild_jadx.stdout	6c98674d5819aff5b0ce8c68cf3ece4cbebd831816c7f8632c268444656056d5
subprocess-logs/0697-jdk23_debug_RawOwnerChild_jadx-javac.stderr	fcb522a9a6ea0aac17817c2be48a88e89532b551cf117241104c9c24bcdaee3d
subprocess-logs/0697-jdk23_debug_RawOwnerChild_jadx-javac.stdout	e3b0c44298fc1c149afbf4c8996fb92427ae41e4649b934ca495991b7852b855
subprocess-logs/0698-jdk23_debug_RawOwnerChild_jadx-verify-run.stderr	e3b0c44298fc1c149afbf4c8996fb92427ae41e4649b934ca495991b7852b855
subprocess-logs/0698-jdk23_debug_RawOwnerChild_jadx-verify-run.stdout	2404a47a7f7c206decbce521d1ad8ca2966f33929a01a6e1cd462d7eda65b76b
subprocess-logs/0699-jdk23_no-debug_RawOwnerChild_jar-contents.stderr	e3b0c44298fc1c149afbf4c8996fb92427ae41e4649b934ca495991b7852b855
subprocess-logs/0699-jdk23_no-debug_RawOwnerChild_jar-contents.stdout	8fe6ebef204dbd6d19631ba48bbbd5ec4ae5213f3712a9629e2c6cdec917a44e
subprocess-logs/0700-jdk23_no-debug_RawOwnerChild_original-javac.stderr	2c8b44e4bbe4b1e75d913c852f8e972539180b23f0b541195865269775f55698
subprocess-logs/0700-jdk23_no-debug_RawOwnerChild_original-javac.stdout	e3b0c44298fc1c149afbf4c8996fb92427ae41e4649b934ca495991b7852b855
subprocess-logs/0701-jdk23_no-debug_RawOwnerChild_javap.stderr	e3b0c44298fc1c149afbf4c8996fb92427ae41e4649b934ca495991b7852b855
subprocess-logs/0701-jdk23_no-debug_RawOwnerChild_javap.stdout	1faa3568f1ac92d22de17f20c46261e9ec207e3b1e8a44f5dbe98337e214c13e
subprocess-logs/0702-jdk23_no-debug_RawOwnerChild_original-probe-javac.stderr	4f875b75f0bac1d971d8fc3ab19a64d5d92273f61235f2bb734eed34ab07458f
subprocess-logs/0702-jdk23_no-debug_RawOwnerChild_original-probe-javac.stdout	e3b0c44298fc1c149afbf4c8996fb92427ae41e4649b934ca495991b7852b855
subprocess-logs/0703-jdk23_no-debug_RawOwnerChild_original-run.stderr	e3b0c44298fc1c149afbf4c8996fb92427ae41e4649b934ca495991b7852b855
subprocess-logs/0703-jdk23_no-debug_RawOwnerChild_original-run.stdout	c25e0c82c8f818f082f08ceef41ac63b15ed1ce4bb020bcf1eff5396c577b047
subprocess-logs/0704-jdk23_no-debug_RawOwnerChild_jarde-RawOwnerChild.stderr	4877864af0045411adfd5c58470470e1c77b4bebd33b8b4b7ce4450cafacb6fe
subprocess-logs/0704-jdk23_no-debug_RawOwnerChild_jarde-RawOwnerChild.stdout	8bc50b0f6cb5bc0a65e96706a623c1fc4bc19fa7d9d3586ebaace845198a1015
subprocess-logs/0705-jdk23_no-debug_RawOwnerChild_jarde-RawOwnerBase.stderr	7a158b2c6fe1eccd314f2e0ce30651bfb9e92b0e9b4a832ce194ce3789a3d8b7
subprocess-logs/0705-jdk23_no-debug_RawOwnerChild_jarde-RawOwnerBase.stdout	f400195673e17b46cfe5e1ecf2dfa6ad1e569fc2a83c23d92202a00ba21aba24
subprocess-logs/0706-jdk23_no-debug_RawOwnerChild_jarde-javac.stderr	838fb11f953d4f41352d38beae9d9452003ce7ef5eb181fe3b20a4da903f6d77
subprocess-logs/0706-jdk23_no-debug_RawOwnerChild_jarde-javac.stdout	e3b0c44298fc1c149afbf4c8996fb92427ae41e4649b934ca495991b7852b855
subprocess-logs/0707-jdk23_no-debug_RawOwnerChild_jarde-verify-run.stderr	e3b0c44298fc1c149afbf4c8996fb92427ae41e4649b934ca495991b7852b855
subprocess-logs/0707-jdk23_no-debug_RawOwnerChild_jarde-verify-run.stdout	e65da6d8f2478e3a0b6f43759b106518ecb2b77f17bd072cf737ed70a4ac28ad
subprocess-logs/0708-jdk23_no-debug_RawOwnerChild_jadx.stderr	e3b0c44298fc1c149afbf4c8996fb92427ae41e4649b934ca495991b7852b855
subprocess-logs/0708-jdk23_no-debug_RawOwnerChild_jadx.stdout	6c98674d5819aff5b0ce8c68cf3ece4cbebd831816c7f8632c268444656056d5
subprocess-logs/0709-jdk23_no-debug_RawOwnerChild_jadx-javac.stderr	5a80d73895338eb55f0434bad3fc7a6787db1b90769c6975b387b66541dbf988
subprocess-logs/0709-jdk23_no-debug_RawOwnerChild_jadx-javac.stdout	e3b0c44298fc1c149afbf4c8996fb92427ae41e4649b934ca495991b7852b855
subprocess-logs/0710-jdk23_no-debug_RawOwnerChild_jadx-verify-run.stderr	e3b0c44298fc1c149afbf4c8996fb92427ae41e4649b934ca495991b7852b855
subprocess-logs/0710-jdk23_no-debug_RawOwnerChild_jadx-verify-run.stdout	2404a47a7f7c206decbce521d1ad8ca2966f33929a01a6e1cd462d7eda65b76b
subprocesses.jsonl	3ac29fb9512251031d855187c36d2feca97ab2ed6d18ad2dce88ad033b9a47f9
versions/frozen-input-jar-hashes.tsv	01066ef00dd1d514566c806fba7b80aeb7097218a09068765fdb8422fc02cbe7
versions/jadx-cli.txt	9c5955fc99a60b8f6dee6cf582c4420d91e1b3e2a201f532c91e2cbdfce7fa51
versions/jarde-cli.txt	4e3523057f610dda085c877b3d636cbdeb15c23a541dba3b399c7c04eb4b14b5
versions/source-hashes.tsv	981e9f4549bfdd937e4a0d647846e4a1412f897ae20a5c75ec824d50d4378fd7
versions/tool-hashes.tsv	a93c5719a1de342ba13a8f4e664e00e45d7cdd4d8854c20786186af07c5b923a
