   Compiling jarde-reader v0.1.0 (/Users/lordcasser/.codex/worktrees/enum-constant-bodies/jarde/crates/jarde-reader)
   Compiling jarde-query v0.1.0 (/Users/lordcasser/.codex/worktrees/enum-constant-bodies/jarde/crates/jarde-query)
   Compiling jarde-jvm v0.1.0 (/Users/lordcasser/.codex/worktrees/enum-constant-bodies/jarde/crates/jarde-jvm)
   Compiling jarde-java v0.1.0 (/Users/lordcasser/.codex/worktrees/enum-constant-bodies/jarde/crates/jarde-java)
   Compiling jarde v0.1.0 (/Users/lordcasser/.codex/worktrees/enum-constant-bodies/jarde)
   Compiling jarde-cli v0.1.0 (/Users/lordcasser/.codex/worktrees/enum-constant-bodies/jarde/crates/jarde-cli)
    Finished `test` profile [unoptimized + debuginfo] target(s) in 3m 41s
     Running unittests src/lib.rs (/Users/lordcasser/workspace/projects/jarde/target/debug/deps/jarde-af5b53fff86474f2)

running 189 tests
test bulk::observation::tests::a_threads_tallies_are_flushed_once ... ok
test bulk::observation::tests::the_reading_carries_its_site_names ... ok
test bulk::observation::tests::the_site_names_and_indexes_are_the_declared_order ... ok
test class_source::tests::a_binary_name_is_split_where_its_own_last_slash_is ... ok
test class_source::tests::a_name_java_cannot_spell_becomes_the_deterministic_alias ... ok
test class_source::tests::a_text_that_is_not_that_shape_is_not_placed ... ok
test class_source::tests::a_varargs_flag_writes_the_last_parameters_array_as_the_dots ... ok
test class_source::tests::an_arrays_element_width_does_not_move_the_parameters_after_it ... ok
test class_source::tests::anonymous_capture_class_facts_are_passed_as_typed_assembly_input ... ok
test class_source::tests::bytes_that_are_not_a_field_descriptor_are_refused_rather_than_guessed ... ok
test class_source::tests::bytes_that_are_not_a_method_descriptor_are_refused_rather_than_guessed ... ok
test class_source::tests::class_header_spelling_keeps_pool_names_the_member_spelling_refuses ... ok
test class_source::tests::class_scope_constructor_gate_matches_exact_same_class_target_and_receiver ... ok
test class_source::tests::field_write_parameter_proof_distinguishes_published_generic_and_raw_parameters ... ok
test class_source::tests::field_write_source_type_walk_charges_exact_work_and_propagates_stops ... ok
test class_source::tests::functional_withholding_uses_projected_state_not_markers_or_source_text ... ok
test class_source::tests::generic_constructor_field_write_requires_one_unique_instance_field_by_name ... ok
test class_source::tests::incomplete_same_class_field_inventory_cannot_prove_a_field_binding ... ok
test class_source::tests::member_annotation_budget_stop_keeps_the_raw_shell_unread ... ok
test class_source::tests::member_annotation_cancellation_keeps_the_raw_shell_unread ... ok
test class_source::tests::method_parameters_need_a_complete_safe_slot_projection ... ok
test class_source::tests::one_artifact_is_split_at_its_own_block ... ok
test class_source::tests::one_field_descriptor_is_spelled_as_java_spells_it ... ok
test class_source::tests::one_internal_name_is_spelled_dotted_and_nothing_else_about_it_changes ... ok
test class_source::tests::one_member_block_puts_the_envelope_and_the_statements_at_the_same_depth ... ok
test class_source::tests::one_member_whose_artifact_cannot_be_placed_quotes_it_line_by_line ... ok
test class_source::tests::one_member_without_an_artifact_keeps_its_marker_inside_the_block ... ok
test class_source::tests::one_method_descriptor_is_spelled_with_its_slots_and_its_return_type ... ok
test class_source::tests::one_stop_code_is_the_engines_own_spelling_of_its_reason ... ok
test class_source::tests::ordinary_signature_types_spell_each_structured_argument_and_array ... ok
test class_source::tests::projected_parameter_names_and_final_are_one_declaration ... ok
test class_source::tests::published_method_type_variable_uses_only_its_matching_raw_class_bound ... ok
test class_source::tests::raw_parameter_platform_widening_rejects_invalid_utf8_name_collisions ... ok
test class_source::tests::recovered_names_follow_parameter_slots_across_a_wide_value ... ok
test class_source::tests::selected_member_path_spells_only_exact_nested_signature_segments ... ok
test class_source::tests::void_generic_header_output_budget_publishes_no_partial_declaration ... ok
test class_source::tests::void_generic_signature_stops_before_publishing_on_cancel_or_analysis_budget ... ok
test enum_constants::tests::abstract_enum_candidate_capture_observes_budget_and_cancellation ... ok
test enum_constants::tests::arbitrary_argument_fold_stays_a_budget_stop_that_keeps_the_per_field_text ... ok
test enum_constants::tests::arbitrary_argument_shapes_fold_with_narrowed_spellings_and_verified_runtime ... ok
test enum_constants::tests::arbitrary_ctor_descriptor_grammar_parses_only_the_admitted_tails ... ok
test enum_constants::tests::cancellation_is_not_converted_into_a_normal_enum_refusal ... ok
test enum_constants::tests::cancellation_of_the_measure_request_never_publishes_a_partial_enum_projection ... ok
test enum_constants::tests::constructor_delegation_edge_preserves_budget_and_cancellation_stops ... ok
test enum_constants::tests::constructor_delegation_edge_rejects_wrong_edges_arguments_effects_handlers_and_duplicates ... ok
test enum_constants::tests::constructor_index_uses_the_method_table_not_the_shorter_field_table ... ok
test enum_constants::tests::counted_side_effectful_suffix_executes_once_in_the_projected_source ... ok
test enum_constants::tests::custom_map_suffix_output_stop_and_cancellation_leave_no_partial_projection ... ok
test enum_constants::tests::custom_map_suffix_recompiles_and_preserves_singleton_identity ... ok
test enum_constants::tests::custom_map_suffix_refuses_unproved_effects_and_loop_shapes_atomically ... ok
test enum_constants::tests::custom_map_suffix_rejects_changed_loop_increment ... ok
test enum_constants::tests::delegating_class_source_stops_do_not_publish_a_partial_projection ... ok
test enum_constants::tests::delegating_projection_keeps_default_all_json_sources_and_method_only_recovery_aligned ... ok
test enum_constants::tests::delegating_projection_output_budget_stop_keeps_both_physical_constructors ... ok
test enum_constants::tests::empty_enum_with_a_user_method_emits_its_required_separator ... ok
test enum_constants::tests::enum_code_capture_is_structured_and_charges_each_instruction ... ok
test enum_constants::tests::exhausted_proof_budget_is_reported_as_stopped ... ok
test enum_constants::tests::extra_calls_field_writes_and_exception_edges_keep_the_unprojected_initializer ... ok
test enum_constants::tests::extra_user_read_of_values_backing_array_refuses_and_stays_visible ... ok
test enum_constants::tests::frozen_four_constant_factory_rejects_wrong_length_and_duplicate_entries ... ok
test enum_constants::tests::frozen_plain_enum_arities_project_as_one_ordered_physical_group ... ok
test enum_constants::tests::helper_constructor_and_prefix_1_2_boundaries_are_refused ... ok
test enum_constants::tests::implicit_enum_constructor_with_an_extra_effect_refuses_the_whole_group ... ok
test enum_constants::tests::implicit_enum_constructor_with_wrong_ordinal_forwarding_refuses_the_group ... ok
test enum_constants::tests::incomplete_enum_code_budget_does_not_project_any_member ... ok
test enum_constants::tests::int_static_field_arguments_preserve_the_same_run_expression_and_runtime_order ... ok
test enum_constants::tests::int_ternary_arguments_bind_both_arms_and_preserve_condition_evaluation ... ok
test enum_constants::tests::int_user_arguments_narrow_by_their_parameter_descriptor ... ok
test enum_constants::tests::java8_two_constant_enum_capture_admits_op_without_proving_or_fabricating_code ... ok
test enum_constants::tests::measure_constants_used_by_user_methods_remain_provable ... ok
test enum_constants::tests::measure_projection_text_is_equal_for_default_and_all_evidence_with_physical_members_intact ... ok
test enum_constants::tests::measure_static_suffix_recompiles_and_matches_original_and_jadx_with_both_debug_modes ... ok
test enum_constants::tests::measure_suffix_output_budget_stop_keeps_the_entire_unprojected_initializer ... ok
test enum_constants::tests::missing_string_varargs_constructor_code_refuses_the_group ... ok
test enum_constants::tests::object_and_array_descriptors_follow_the_classfile_owner ... ok
test enum_constants::tests::one_unproved_string_varargs_constant_refuses_all_constants ... ok
test enum_constants::tests::ordinary_class_fields_and_static_initializer_keep_the_existing_projection ... ok
test enum_constants::tests::patrol_n0_fixture_keeps_its_exact_folded_text ... ok
test enum_constants::tests::patrol_n1_full_shape_folds_and_recompiles_run_like_the_fixture_baseline ... ok
test enum_constants::tests::patrol_n3_probes_fold_and_recompile_run_like_the_fixture_baseline ... ok
test enum_constants::tests::projected_delegating_enum_compiles_and_preserves_verified_constructor_behavior ... ok
test enum_constants::tests::projection_output_budget_stop_keeps_the_original_class_source ... ok
test enum_constants::tests::repeated_string_array_index_write_is_jvm_verifiable_and_refused ... ok
test enum_constants::tests::same_package_field_uses_its_short_source_name_and_preserves_initialization ... ok
test enum_constants::tests::scalar_string_arguments_preserve_literal_and_alternating_ternary_runtime ... ok
test enum_constants::tests::scalar_string_diamond_requires_exact_branch_targets_and_literal_arms ... ok
test enum_constants::tests::selected_environment_field_ambiguity_and_budget_stop_never_publish_int_arguments ... ok
test enum_constants::tests::string_varargs_arrays_are_proved_and_projected_atomically ... ok
test enum_constants::tests::string_varargs_low_budget_and_cancellation_keep_the_group_unpublished ... ok
test enum_constants::tests::string_varargs_signature_mismatch_refuses_without_partial_projection ... ok
test enum_constants::tests::string_varargs_source_uses_the_existing_java_literal_escaper ... ok
test enum_constants::tests::terminal_constructor_body_consumes_the_exact_same_run_ast_and_code_sequence ... ok
test enum_constants::tests::terminal_constructor_body_propagates_budget_and_cancellation_stops ... ok
test enum_constants::tests::terminal_constructor_body_rejects_target_parameter_order_signature_effect_and_handler_changes ... ok
test enum_constants::tests::two_constructor_edge_and_terminal_body_project_as_one_source_group ... ok
test enum_constants::tests::unsafe_static_field_owners_and_metadata_refuse_the_whole_group ... ok
test enum_constants::tests::unsupported_arbitrary_argument_shapes_refuse_and_keep_the_per_field_presentation ... ok
test enum_constants::tests::unsupported_int_argument_shapes_refuse_the_whole_constant_group ... ok
test enum_constants::tests::unsupported_scalar_string_arguments_refuse_the_whole_group ... ok
test enum_constants::tests::unsupported_string_varargs_classfiles_refuse_the_complete_group ... ok
test enum_constants::tests::unsupported_verifier_valid_int_ternary_diamonds_keep_physical_origins ... ok
test facade::anonymous_allocation_uniqueness_tests::one_site_requires_a_complete_scan_and_verified_candidate ... ok
test facade::anonymous_allocation_uniqueness_tests::two_sites_in_the_same_method_are_not_one_unique_allocation ... ok
test facade::array_helper_census_tests::direct_invocation_and_ldc_handle_refuse_the_exact_physical_helper ... ok
test facade::direct_generic_superclass_tests::cancellation_during_parent_proof_does_not_publish_a_generic_header ... ok
test facade::direct_generic_superclass_tests::dependency_budget_stop_does_not_publish_a_partial_generic_header ... ok
test facade::direct_generic_superclass_tests::missing_parent_keeps_the_physical_raw_class_header ... ok
test facade::direct_generic_superclass_tests::selected_parent_signature_projects_one_direct_string_argument ... ok
test facade::enum_constant_body_relation_tests::a_second_unwritten_string_field_leaves_the_proved_target_unique ... ok
test facade::enum_constant_body_relation_tests::broken_constructor_argument_forwarding_refuses_the_whole_group ... ok
test facade::enum_constant_body_relation_tests::dt12_ascii_string_arguments_project_atomically_and_recompile ... ok
test facade::enum_constant_body_relation_tests::dt12_output_budget_and_precancellation_publish_no_partial_group ... ok
test facade::enum_constant_body_relation_tests::dt12_rejects_non_ascii_nonliteral_and_three_constant_groups ... ok
test facade::enum_constant_body_relation_tests::dt12_rejects_verifier_valid_ordinal_and_bridge_forwarding_changes ... ok
test facade::enum_constant_body_relation_tests::enum_body_group_rejects_a_changed_generated_values_helper ... ok
test facade::enum_constant_body_relation_tests::enum_body_group_requires_each_abstract_implementation_and_keeps_physical_child ... ok
test facade::enum_constant_body_relation_tests::enum_body_prefix_reads_actual_name_and_ordinal_and_allows_closed_user_suffix ... ok
test facade::enum_constant_body_relation_tests::enum_body_prefix_rejects_extra_alias_store_and_unclosed_suffix ... ok
test facade::enum_constant_body_relation_tests::enum_body_projection_budget_and_cancellation_leave_no_half_body ... ok
test facade::enum_constant_body_relation_tests::enum_body_projection_is_atomic_when_the_second_body_cannot_be_written ... ok
test facade::enum_constant_body_relation_tests::enum_body_projection_keeps_physical_json_and_independent_child_requests ... ok
test facade::enum_constant_body_relation_tests::enum_child_body_proof_rejects_fields_effects_and_unspellable_overrides ... ok
test facade::enum_constant_body_relation_tests::enum_child_body_recovery_is_evidence_independent_and_budgeted ... ok
test facade::enum_constant_body_relation_tests::enum_child_constructor_read_preserves_budget_and_cancellation_stops ... ok
test facade::enum_constant_body_relation_tests::enum_child_exceptional_body_cannot_pass_full_recovery ... ok
test facade::enum_constant_body_relation_tests::enum_constant_body_census_rejects_another_constant_and_other_class_code_use ... ok
test facade::enum_constant_body_relation_tests::enum_constant_body_relations_follow_each_verified_construction_and_reject_missing_or_changed_rows ... ok
test facade::enum_constant_body_relation_tests::enum_constructor_edges_require_exact_forwarding_and_targets ... ok
test facade::enum_constant_body_relation_tests::frozen_nested_matrix_jars_flip_exactly_the_nested_cells ... ok
test facade::enum_constant_body_relation_tests::labeled_field_name_string_bodies_project_from_the_proved_name ... ok
test facade::enum_constant_body_relation_tests::mixed_argument_constant_bodies_fold_as_one_ordered_group ... ok
test facade::enum_constant_body_relation_tests::multi_level_nested_enum_structural_semantics_are_registered ... ok
test facade::enum_constant_body_relation_tests::nested_enum_constant_bodies_fold_with_the_same_structural_obligations ... ok
test facade::enum_constant_body_relation_tests::nested_enum_projection_is_proved_and_budget_stop_is_atomic ... ok
test facade::enum_constant_body_relation_tests::nested_enum_with_unproved_body_obligations_stays_field_by_field ... ok
test facade::enum_constant_body_relation_tests::nested_mixed_constant_bodies_fold_with_the_same_obligations ... ok
test facade::enum_constant_body_relation_tests::proved_body_group_shares_selected_methods_and_their_physical_origins ... ok
test facade::enum_constant_body_relation_tests::proved_enum_bodies_recompile_and_match_original_and_jadx_behavior ... ok
test facade::enum_constant_body_relation_tests::static_field_argument_constant_bodies_stay_field_by_field ... ok
test facade::enum_constant_body_relation_tests::string_constructor_identity_binds_the_written_field_and_refuses_everything_else ... ok
test facade::enum_constant_body_relation_tests::string_constructor_negatives_refuse_loudly ... ok
test facade::enum_constant_body_relation_tests::three_argument_constant_bodies_fold_with_narrowed_literals ... ok
test facade::enum_constant_body_relation_tests::user_dollar_named_toplevel_enum_keeps_its_toplevel_semantics ... ok
test facade::enum_int_static_owner_gate_tests::same_enum_owner_is_rejected_before_any_dependency_read ... ok
test facade::enum_int_static_owner_gate_tests::same_package_owner_name_is_rejected_when_an_enum_member_shadows_it ... ok
test facade::enum_int_static_owner_gate_tests::static_field_owner_gate_rejects_self_cross_package_and_binary_member_names ... ok
test facade::integer_constant_name_tests::case_and_return_candidates_are_independent_with_narrow_refusals ... ok
test facade::integer_constant_name_tests::direct_integer_return_names_independently_of_a_numeric_case_key ... ok
test facade::integer_constant_name_tests::fixed_switch_names_keep_physical_keys_returns_and_origins ... ok
test facade::integer_constant_name_tests::incomplete_field_table_never_proves_an_integer_name ... ok
test facade::integer_constant_name_tests::output_limit_or_cancellation_never_publishes_partial_name_projection ... ok
test facade::interface_super_proof_tests::interface_hierarchy_cycles_are_unknown ... ok
test facade::interface_super_proof_tests::interface_hierarchy_observes_dependency_depth_and_cancellation ... ok
test facade::interface_super_proof_tests::unique_source_default_rejects_multiple_inherited_defaults ... ok
test facade::lambda_helper_census_tests::cancellation_stops_class_census_before_publication ... ok
test facade::lambda_helper_census_tests::constant_dynamic_reuse_of_an_owned_lambda_row_refuses_projection ... ok
test facade::lambda_helper_census_tests::direct_helper_invocation_and_incomplete_scan_both_refuse ... ok
test facade::lambda_helper_census_tests::nested_dynamic_back_edge_to_earlier_owned_row_refuses_independent_of_queue_order ... ok
test facade::lambda_helper_census_tests::nested_dynamic_bootstrap_with_helper_in_non_implementation_argument_is_rejected ... ok
test facade::lambda_helper_census_tests::shared_bootstrap_row_rejects_any_unprojected_invokedynamic_site ... ok
test facade::member_inner_target_tests::caller_relation_is_optional_but_a_present_row_must_agree ... ok
test facade::member_inner_target_tests::generic_outer_path_and_all_member_call_shapes_remain_selected_and_emittable ... ok
test facade::member_inner_target_tests::malformed_generic_outer_signature_and_ambiguous_outer_definitions_do_not_prove ... ok
test facade::member_inner_target_tests::selected_target_is_required_and_ambiguous_definitions_do_not_prove ... ok
test facade::member_inner_target_tests::target_selection_observes_budget_and_cancellation ... ok
test facade::nested_enum_source_rewrite_tests::candidate_spans_skip_literals_and_comments_for_later_physical_proof ... ok
test facade::outer_super_bridge_closure_tests::closed_bridge_projects_exact_outer_super_and_keeps_both_physical_methods ... ok
test facade::outer_super_bridge_closure_tests::effectful_outer_super_arguments_project_in_evaluation_order ... ok
test facade::outer_super_bridge_closure_tests::exact_bridge_closure_requires_every_static_call_and_a_complete_scan ... ok
test facade::package_info_source_tests::non_package_target_annotation_cannot_enter_the_projection ... ok
test facade::package_info_source_tests::output_budget_stop_keeps_the_physical_package_info_presentation ... ok
test facade::package_info_source_tests::pre_cancelled_request_cannot_publish_a_package_projection ... ok
test facade::package_info_source_tests::proved_package_info_is_only_annotation_then_package_statement ... ok
test facade::reference_overload_tests::exact_target_refuses_same_formal_ambiguity_and_bridge ... ok
test facade::reference_overload_tests::private_target_keeps_a_binding_with_b_overload_and_refuses_bad_declarations ... ok
test facade::snapshot_hierarchy_tests::named_reference_classes_carry_both_spellings_and_no_arrays ... ok
test facade::snapshot_hierarchy_tests::parameter_ordinals_count_values_not_slots ... ok
test member_inner::tests::bridge_load_and_return_opcodes_follow_jvm_parameter_categories ... ok
test member_inner::tests::exact_target_relation_field_and_prologue_are_required ... ok
test member_inner::tests::family_capture_distinguishes_other_and_refuses_unclosed_shapes ... ok
test member_inner::tests::family_relation_needs_matching_typed_rows_and_uses_member_flags ... ok
test member_inner::tests::family_row_scan_observes_real_budget_and_cancellation ... ok
test member_inner::tests::generic_member_signature_and_constructor_tail_are_proved ... ok
test member_inner::tests::generic_signature_proof_preserves_budget_and_cancellation_stops ... ok
test member_inner::tests::mixed_family_scan_collects_the_static_subset_beside_the_instance_candidate ... ok
test member_inner::tests::nested_enum_root_scan_reports_budget_and_cancellation_stops ... ok
test member_inner::tests::nested_enum_root_scan_requires_exact_rows_and_never_guesses_dollar_names ... ok
test member_inner::tests::outer_super_bridge_and_call_require_exact_body_target_and_capture_value ... ok
test member_inner::tests::outer_super_call_keeps_effectful_arguments_in_physical_order ... ok

test result: ok. 189 passed; 0 failed; 0 ignored; 0 measured; 0 filtered out; finished in 54.79s

     Running tests/anonymous_parameterized_root.rs (/Users/lordcasser/workspace/projects/jarde/target/debug/deps/anonymous_parameterized_root-fd87213eba5ff031)

running 4 tests
test the_parameterized_root_fixture_projects_the_capture_parameter_form ... ok
test the_parameterized_root_projection_does_not_need_debug_information ... ok
test the_parameterized_root_projection_recompiles_and_runs_as_the_original ... ok
test the_parameterized_root_refusals_keep_their_physical_text ... ok

test result: ok. 4 passed; 0 failed; 0 ignored; 0 measured; 0 filtered out; finished in 0.73s

     Running tests/anonymous_supertype_return.rs (/Users/lordcasser/workspace/projects/jarde/target/debug/deps/anonymous_supertype_return-bc8470110fb5b650)

running 6 tests
test non_javac_return_descriptors_keep_their_refusals ... ok
test the_gate_keeps_the_one_layer_and_spelling_boundaries ... ok
test the_interface_path_keeps_refusing_child_self_invocations ... ok
test the_parameterized_supertype_return_contrast_positive_projects_and_runs ... ok
test the_supertype_return_anchor_projects_the_interface_declaration ... ok
test the_supertype_return_anchor_recompiles_and_runs_as_the_original ... ok

test result: ok. 6 passed; 0 failed; 0 ignored; 0 measured; 0 filtered out; finished in 0.77s

     Running tests/assert_statement_sugar.rs (/Users/lordcasser/workspace/projects/jarde/target/debug/deps/assert_statement_sugar-e2e6babb698846a3)

running 7 tests
test a1_family_presents_assert_statements_and_hides_every_synthetic_layer ... ok
test a1_family_recompiles_and_prints_the_original_output_in_both_assertion_states ... ok
test class_without_asserts_stages_no_projection ... ok
test extra_statement_inside_the_guard_keeps_the_physical_presentation ... ok
test guards_that_do_not_all_fold_keep_the_whole_class_physical ... ok
test message_side_effects_keep_their_evaluation_order ... ok
test wrong_owner_switch_keeps_the_physical_presentation ... ok

test result: ok. 7 passed; 0 failed; 0 ignored; 0 measured; 0 filtered out; finished in 2.63s

     Running tests/bulk_recovery_backpressure.rs (/Users/lordcasser/workspace/projects/jarde/target/debug/deps/bulk_recovery_backpressure-49b509dd14270e57)

running 7 tests
test a_pool_of_one_result_still_cannot_starve_the_earliest_class ... ok
test a_result_weighs_what_it_owns_and_not_the_length_it_writes ... ok
test a_shared_pool_lets_the_classes_behind_the_front_work_ahead ... ok
test a_slow_first_class_does_not_starve_the_later_ones_or_the_order ... ok
test a_window_that_only_funds_the_reservations_is_one_result_per_class ... ok
test one_result_larger_than_the_ceiling_stops_that_method_only ... ok
test the_shared_pool_is_the_declared_window_outside_the_reservations ... ok

test result: ok. 7 passed; 0 failed; 0 ignored; 0 measured; 0 filtered out; finished in 0.88s

     Running tests/bulk_recovery_cancel.rs (/Users/lordcasser/workspace/projects/jarde/target/debug/deps/bulk_recovery_cancel-be54bef41dbab415)

running 7 tests
test a_cancellation_between_classes_ends_the_traversal_and_the_class_in_flight ... ok
test a_cancellation_mid_run_keeps_the_prefix_and_bills_the_holes ... ok
test a_cancellation_wakes_a_producer_waiting_for_room_in_the_shared_pool ... ok
test a_cancellation_while_the_window_is_full_wakes_every_waiter ... ok
test a_cancelled_request_publishes_nothing_and_dispatches_nothing ... ok
test a_consumer_that_fails_is_infrastructure ... ok
test a_consumer_that_stops_the_stream_keeps_its_prefix ... ok

test result: ok. 7 passed; 0 failed; 0 ignored; 0 measured; 0 filtered out; finished in 0.37s

     Running tests/bulk_recovery_delivery.rs (/Users/lordcasser/workspace/projects/jarde/target/debug/deps/bulk_recovery_delivery-fa886d9c12a90be0)

running 3 tests
test a_refused_permit_stops_the_stream_at_the_one_total_and_names_the_delivery_owner ... ok
test one_declaration_bounds_the_librarys_own_presentation_too ... ok
test the_terminal_record_pays_for_itself_before_the_call_returns ... ok

test result: ok. 3 passed; 0 failed; 0 ignored; 0 measured; 0 filtered out; finished in 0.07s

     Running tests/bulk_recovery_handover.rs (/Users/lordcasser/workspace/projects/jarde/target/debug/deps/bulk_recovery_handover-87cffa074374d5e8)

running 2 tests
test a_container_a_class_task_is_still_using_is_never_parsed_again ... ok
test a_run_holds_a_container_only_until_the_class_task_reading_it_ends ... ok

test result: ok. 2 passed; 0 failed; 0 ignored; 0 measured; 0 filtered out; finished in 2.22s

     Running tests/bulk_recovery_lifecycle.rs (/Users/lordcasser/workspace/projects/jarde/target/debug/deps/bulk_recovery_lifecycle-54af6e4f5c348306)

running 4 tests
test a_run_without_faults_still_reports_its_own_lifecycle ... ok
test a_worker_that_panics_fails_the_operation_and_leaves_no_thread_behind ... ok
test a_worker_the_system_refuses_to_create_fails_the_operation_before_dispatching ... ok
test at_most_the_window_of_class_tasks_runs_at_once_and_two_of_them_overlap ... ok

test result: ok. 4 passed; 0 failed; 0 ignored; 0 measured; 0 filtered out; finished in 0.05s

     Running tests/bulk_recovery_retention.rs (/Users/lordcasser/workspace/projects/jarde/target/debug/deps/bulk_recovery_retention-dac31b95402ba262)

running 2 tests
test a_consumed_result_is_handed_over_once_and_the_report_keeps_no_result ... ok
test zero_and_tiny_retention_publish_the_same_scope_as_retention_with_room ... ok

test result: ok. 2 passed; 0 failed; 0 ignored; 0 measured; 0 filtered out; finished in 0.28s

     Running tests/bulk_recovery_serial.rs (/Users/lordcasser/workspace/projects/jarde/target/debug/deps/bulk_recovery_serial-34ef226432903019)

running 7 tests
test a_class_over_the_preparation_ceiling_is_refused_before_it_is_read_into_memory ... ok
test a_class_that_cannot_be_prepared_is_refused_and_its_method_count_stays_unknown ... ok
test an_explanation_only_result_is_an_outcome_and_not_a_stop ... ok
test the_same_methods_read_one_at_a_time_cost_one_class_read_each ... ok
test the_serial_configuration_finishes_inside_a_deadline_and_holds_no_window_slot ... ok
test the_store_the_caller_attached_is_the_store_the_operation_reads_through ... ok
test the_whole_scope_is_recovered_class_by_class_in_physical_order ... ok

test result: ok. 7 passed; 0 failed; 0 ignored; 0 measured; 0 filtered out; finished in 0.08s

     Running tests/bulk_recovery_workers.rs (/Users/lordcasser/workspace/projects/jarde/target/debug/deps/bulk_recovery_workers-3fb9a527114de32c)

running 6 tests
test a_class_task_overlaps_another_while_the_first_one_is_still_working ... ok
test one_worker_and_four_publish_the_same_stream ... ok
test the_observation_port_sees_the_coordination_that_really_happened ... ok
test the_operations_total_and_a_methods_local_limit_are_two_declarations ... ok
test the_request_is_checked_before_anything_is_dispatched ... ok
test the_window_reduces_the_workers_and_publishes_both_numbers ... ok

test result: ok. 6 passed; 0 failed; 0 ignored; 0 measured; 0 filtered out; finished in 0.17s

     Running tests/bulk_support.rs (/Users/lordcasser/workspace/projects/jarde/target/debug/deps/bulk_support-eb17a30deb19a8c6)

running 0 tests

test result: ok. 0 passed; 0 failed; 0 ignored; 0 measured; 0 filtered out; finished in 0.00s

     Running tests/class_scope_constructor_projection.rs (/Users/lordcasser/workspace/projects/jarde/target/debug/deps/class_scope_constructor_projection-b9914668aeff1479)

running 6 tests
test class_scope_constructor_positives_recompile_and_preserve_behavior_and_binders ... ok
test cross_hold_restores_u_constructor_binder_and_keeps_t_field_erased ... ok
test peer_new_restores_only_the_two_argument_constructor_binder ... ok
test positive_constructor_output_budget_and_early_cancellation_stop_cleanly ... ok
test this_delegate_keeps_physical_signature_and_recompiles_with_original_behavior ... ok
test unproved_constructor_shapes_keep_physical_parameters_and_refusals ... ok

test result: ok. 6 passed; 0 failed; 0 ignored; 0 measured; 0 filtered out; finished in 14.46s

     Running tests/class_source.rs (/Users/lordcasser/workspace/projects/jarde/target/debug/deps/class_source-21e52c7cc4075f57)

running 102 tests
test a_class_in_a_container_is_prepared_from_the_entry_it_lives_in ... ok
test a_class_that_cannot_be_prepared_keeps_its_presentation ... ok
test a_member_table_that_stops_is_stated_and_not_padded ... ok
test a_member_whose_descriptor_cannot_be_read_is_stated_and_not_run ... ok
test a_member_without_a_body_is_a_declaration_and_never_an_empty_body ... ok
test a_method_table_that_stops_keeps_its_prefix_and_claims_no_more ... ok
test a_name_two_definitions_answer_to_presents_nothing ... ok
test a_request_that_cannot_pay_for_its_declaration_publishes_no_text ... ok
test a_request_that_stops_mid_class_states_the_shortfall ... ok
test a_stopped_member_is_marked_and_does_not_stop_the_class ... ok
test an_admitted_bridge_is_rebuilt_from_the_complete_projected_source ... ok
test an_explanation_only_member_is_marked_and_its_text_is_kept ... ok
test an_identity_of_another_snapshot_is_an_input_error ... ok
test annotation_type_without_a_body_keeps_its_runtime_visible_class_annotation ... ok
test anonymous_constructor_initializer_rejects_wrong_field_owner_descriptor_and_handlers ... ok
test anonymous_double_capture_refuses_a_changed_slot_descriptor_and_cross_class_use ... ok
test anonymous_inner_this_budget_and_cancellation_never_publish_partial_projection ... ok
test anonymous_inner_this_refuses_a_cross_class_constructor_reference ... ok
test anonymous_inner_this_refuses_a_fallback_child_method_without_partial_projection ... ok
test anonymous_inner_this_refuses_a_mismatched_enclosing_method_identity ... ok
test anonymous_inner_this_refuses_a_second_owner_allocation_and_keeps_physical_child ... ok
test anonymous_inner_this_refuses_an_additional_local_capture_and_keeps_physical_child ... ok
test anonymous_interface_projection_budget_stop_keeps_the_original_root_text ... ok
test anonymous_interface_projection_cancellation_never_publishes_partial_source ... ok
test anonymous_interface_projection_refuses_a_cross_class_use_of_the_same_child ... ok
test anonymous_interface_projection_refuses_a_mixed_quality_child_method ... ok
test anonymous_interface_projection_refuses_a_second_non_direct_same_class_allocation ... ok
test anonymous_interface_projection_refuses_an_incomplete_child_method ... ok
test anonymous_interface_projection_refuses_fields_and_constructor_effects ... ok
test anonymous_interface_projection_refuses_non_source_child_method_flags ... ok
test anonymous_interface_projection_stays_direct_return_only_for_declaration_sites ... ok
test anonymous_interface_projects_a_proved_root_double_capture_and_recompiles ... ok
test anonymous_superclass_budget_and_cancellation_never_publish_partial_source ... ok
test anonymous_superclass_projects_the_local_declaration_initializer_shape ... ok
test anonymous_superclass_projects_the_same_shape_with_debug_info ... ok
test anonymous_superclass_recovers_one_proved_static_int_initializer_block ... ok
test anonymous_superclass_refuses_a_child_body_allocating_the_anonymous_class_itself ... ok
test anonymous_superclass_refuses_a_different_parent_constructor_overload ... ok
test anonymous_superclass_refuses_a_second_allocation_bci_for_the_same_child ... ok
test anonymous_superclass_refuses_captures_fields_and_constructor_effects ... ok
test anonymous_superclass_refuses_cross_class_identity_use ... ok
test anonymous_superclass_refuses_missing_parent_or_incomplete_child_body ... ok
test anonymous_superclass_refuses_multiple_sites_and_multiple_capture_fields ... ok
test anonymous_superclass_refuses_nested_parent_source_names_without_a_type_certificate ... ok
test anonymous_superclass_refuses_reordered_or_reused_constructor_slots ... ok
test anonymous_superclass_refuses_two_declaration_initializer_sites_in_one_method ... ok
test anonymous_superclass_refuses_unproved_local_declaration_sites ... ok
test anonymous_superclass_refuses_unproved_mixed_parameter_roles ... ok
test br_family_bridges_admit_through_the_extended_gates ... ok
test br_family_negative_shapes_keep_their_refusals ... ok
test br_family_recovered_source_recompiles_and_runs_like_the_original ... ok
test bridge_admission_needs_the_same_run_shape_source_and_resolved_parent_contract ... ok
test bridge_admission_rejects_handlers_metadata_unwritable_targets_and_ambiguous_parents ... ok
test class_annotation_named_array_values_keep_nested_annotation_order ... ok
test class_retention_annotation_is_spelled_from_its_invisible_attribute ... ok
test class_without_annotation_attributes_gains_no_annotation_content ... ok
test damaged_class_annotation_attribute_is_reported_as_a_stop ... ok
test damaged_member_annotation_keeps_its_shell_and_other_attribute_groups ... ok
test direct_override_projection_requires_selected_complete_ordinary_parent ... ok
test duplicate_class_annotation_entries_are_refused_without_partial_source ... ok
test duplicate_type_annotation_is_refused_atomically_and_other_targets_survive ... ok
test enum_switch_projection_follows_proved_mapping_and_refuses_aliased_enum_fields ... ok
test enum_switch_projection_groups_distinct_tables_atomically ... ok
test enum_switch_projection_refuses_irregular_factory_and_public_values ... ok
test enum_switch_projection_withholds_sibling_when_one_shared_table_proof_fails ... ok
test field_type_attribute_cannot_claim_a_method_return_target ... ok
test formal_parameter_target_past_descriptor_count_is_refused_without_shift ... ok
test formal_parameter_target_uses_descriptor_position_after_a_wide_slot ... ok
test invisible_member_annotations_align_wide_and_varargs_by_descriptor_position ... ok
test invisible_type_annotations_keep_their_shell_and_value ... ok
test member_annotations_keep_field_method_and_parameter_ownership_in_text_and_json ... ok
test member_declaration_annotations_do_not_consume_type_use_attributes ... ok
test method_parameters_follow_wide_slots_and_refuse_name_collisions ... ok
test method_parameters_name_body_and_declaration_only_without_lvt ... ok
test nested_anonymous_projection_budget_and_cancellation_never_publish_partial_text ... ok
test nested_anonymous_projection_refuses_cross_class_identity_use_of_the_grandchild ... ok
test nested_anonymous_projection_refuses_duplicate_inner_allocations_and_constructor_effects ... ok
test nested_anonymous_projection_refuses_mismatched_relations_and_incomplete_leaf ... ok
test one_preparation_serves_every_member_body ... ok
test one_real_class_is_presented_with_its_declaration_and_its_bodies ... ok
test parameter_count_mismatch_refuses_groups_without_shifting_other_member_annotations ... ok
test primitive_type_annotations_keep_their_facts_and_are_refused ... ok
test proved_anonymous_interface_projects_from_both_physical_method_asts ... ok
test proved_anonymous_superclass_forwards_the_original_ordered_arguments ... ok
test proved_anonymous_superclass_projects_the_mixed_capture_shape ... ok
test proved_two_level_anonymous_interfaces_project_as_one_nested_root_expression ... ok
test qualified_type_annotations_are_spelled_inside_their_member_types ... ok
test repeated_member_annotation_type_is_refused_atomically_at_its_position ... ok
test runtime_visible_class_annotation_uses_the_same_declaration_path ... ok
test same_package_parent_field_writes_keep_owner_source_and_stop_boundaries ... ok
test same_type_annotations_on_method_and_return_keep_their_separate_facts ... ok
test single_name_array_and_nested_path_type_uses_are_preserved_as_refusals ... ok
test the_multilevel_covariant_bridge_walks_two_interface_edges ... ok
test the_parameter_cast_admission_walks_the_snapshot_chain_and_respects_its_edges ... ok
test the_parameterized_superclass_header_hides_the_parameter_bridge ... ok
test the_report_serializes_with_the_text_it_publishes ... ok
test the_same_request_twice_is_the_same_text ... ok
test typed_functional_references_publish_one_complete_header_body_and_source ... ok
test unspellable_class_annotation_element_name_refuses_the_whole_annotation ... ok
test unspellable_class_annotation_is_refused_as_a_whole ... ok
test unspellable_member_annotation_type_and_element_refuse_the_whole_use ... ok
test visible_and_invisible_annotations_follow_physical_attribute_order ... ok

test result: ok. 102 passed; 0 failed; 0 ignored; 0 measured; 0 filtered out; finished in 16.90s

     Running tests/class_static_initializer_projection.rs (/Users/lordcasser/workspace/projects/jarde/target/debug/deps/class_static_initializer_projection-45058ffa2ed6978d)

running 4 tests
test em06_projects_only_the_complete_static_chain ... ok
test incomplete_or_unsafe_static_groups_remain_in_clinit ... ok
test ordinary_class_without_clinit_has_no_initializer_group ... ok
test output_stop_and_cancellation_do_not_commit_a_prefix ... ok

test result: ok. 4 passed; 0 failed; 0 ignored; 0 measured; 0 filtered out; finished in 0.92s

     Running tests/ctor_reorder_dispatch_guard.rs (/Users/lordcasser/workspace/projects/jarde/target/debug/deps/ctor_reorder_dispatch_guard-edccfb82a43c7769)

running 2 tests
test the_dispatch_fixture_keeps_the_capture_write_before_the_constructor_call ... ok
test user_class_super_fixtures_return_to_the_compiler_s_byte_order ... ok

test result: ok. 2 passed; 0 failed; 0 ignored; 0 measured; 0 filtered out; finished in 0.30s

     Running tests/d0_demand_counts.rs (/Users/lordcasser/workspace/projects/jarde/target/debug/deps/d0_demand_counts-c6c10d0dd4c5589c)

running 5 tests
test a_class_source_request_materializes_its_class_once_and_prepares_it_once ... ok
test a_consumer_release_drops_the_prepared_facts_handle_back_to_its_baseline ... ok
test a_member_only_read_decodes_no_body_and_builds_no_record ... ok
test a_page_limited_query_publishes_one_item_and_decodes_the_whole_first_unit ... ok
test one_requested_body_decodes_one_body_and_runs_no_recovery ... ok

test result: ok. 5 passed; 0 failed; 0 ignored; 0 measured; 0 filtered out; finished in 0.05s

     Running tests/d1_evidence_selection.rs (/Users/lordcasser/workspace/projects/jarde/target/debug/deps/d1_evidence_selection-6215045558ef3bb3)

running 8 tests
test a_legal_empty_range_is_a_complete_empty_selection ... ok
test a_range_over_a_body_with_no_code_is_refused_as_a_missing_table ... ok
test a_selected_category_that_stopped_states_its_prefix ... ok
test a_selection_this_entry_cannot_answer_is_refused_with_its_own_code ... ok
test closing_the_rule_records_keeps_the_refusals_and_the_explanation ... ok
test the_driver_range_selects_the_records_it_intersects ... ok
test the_ordinary_entry_and_the_stated_essential_selection_answer_the_same_report ... ok
test the_same_request_under_either_selection_presents_the_same_body ... ok

test result: ok. 8 passed; 0 failed; 0 ignored; 0 measured; 0 filtered out; finished in 0.05s

     Running tests/d2_prepared_handoff.rs (/Users/lordcasser/workspace/projects/jarde/target/debug/deps/d2_prepared_handoff-ce64bd2f5d060393)

running 9 tests
test a_cancelled_request_leaves_nothing_retained ... ok
test a_recovery_run_without_same_class_callees_reads_once_and_prepares_nothing ... ok
test a_request_with_a_missing_dependency_reads_no_class ... ok
test a_store_never_makes_the_next_storeless_request_cheaper ... ok
test a_view_decodes_every_requested_body_against_one_preparation ... ok
test a_view_that_decodes_no_body_prepares_nothing ... ok
test an_ambiguous_name_prepares_nothing_and_keeps_every_candidate ... ok
test both_binding_paths_prepare_the_read_they_selected_once ... ok
test the_four_store_states_do_the_same_work_and_no_request_is_free ... ok

test result: ok. 9 passed; 0 failed; 0 ignored; 0 measured; 0 filtered out; finished in 0.07s

     Running tests/d3_artifact_binding.rs (/Users/lordcasser/workspace/projects/jarde/target/debug/deps/d3_artifact_binding-5f1e4f514d4cd894)

running 13 tests
test a_binding_of_another_schema_is_a_mismatch ... ok
test a_binding_states_the_member_record_the_read_established ... ok
test a_changed_rule_set_is_a_mismatch ... ok
test a_duplicated_member_record_binds_nothing ... ok
test a_run_without_an_artifact_compares_nothing ... ok
test a_text_that_is_not_this_artifact_is_a_mismatch_and_never_a_missing_answer ... ok
test a_tight_budget_stops_the_rebuild_where_it_really_stops ... ok
test an_expectation_without_a_selection_is_refused ... ok
test one_class_stored_twice_is_two_artifacts ... ok
test the_binding_holds_no_payload_of_the_run ... ok
test the_evidence_is_rebuilt_after_every_temporary_of_the_first_request_is_dropped ... ok
test the_sequence_keeps_the_artifact_and_bounds_every_residency ... ok
test two_definitions_of_one_name_are_two_artifacts ... ok

test result: ok. 13 passed; 0 failed; 0 ignored; 0 measured; 0 filtered out; finished in 0.06s

     Running tests/d5_acceptance_ledger.rs (/Users/lordcasser/workspace/projects/jarde/target/debug/deps/d5_acceptance_ledger-21a526372803834d)

running 1 test
test the_ledger_names_only_records_this_repository_has ... ok

test result: ok. 1 passed; 0 failed; 0 ignored; 0 measured; 0 filtered out; finished in 0.00s

     Running tests/d5_process_release.rs (/Users/lordcasser/workspace/projects/jarde/target/debug/deps/d5_process_release-98d8545057ffe1d5)

running 5 tests
test child_a_stop_at_every_stage_releases_what_it_held ... ignored, the process gate: run with `-- --ignored` in both the debug and the release profile
test child_deep_expressions_terminate_normally ... ignored, the process gate: run with `-- --ignored` in both the debug and the release profile
test child_the_abandon_sequence_leaves_no_work_behind ... ignored, the process gate: run with `-- --ignored` in both the debug and the release profile
test child_the_cache_and_a_slow_consumer_stay_bounded ... ignored, the process gate: run with `-- --ignored` in both the debug and the release profile
test every_gate_runs_to_a_normal_exit_in_its_own_process ... ignored, the process gate: run with `-- --ignored` in both the debug and the release profile

test result: ok. 0 passed; 0 failed; 5 ignored; 0 measured; 0 filtered out; finished in 0.00s

     Running tests/d5_semantic_comparison.rs (/Users/lordcasser/workspace/projects/jarde/target/debug/deps/d5_semantic_comparison-aaa89bcb184af6ef)

running 5 tests
test a_repeated_request_states_the_same_report ... ok
test every_fixture_names_the_record_it_came_from ... ok
test every_selection_presents_the_same_answer ... ok
test the_essential_and_the_full_selection_compile_the_same_program ... ignored, needs a JDK on PATH: it compiles the recovered text with `javac --release 8` and runs it with `java`. `cargo test` therefore stays green without a compiler; run it with `-- --ignored` on a machine that has one
test the_local_delivery_is_the_full_one_projected_onto_its_range ... ok

test result: ok. 4 passed; 0 failed; 1 ignored; 0 measured; 0 filtered out; finished in 0.45s

     Running tests/double_brace_capture.rs (/Users/lordcasser/workspace/projects/jarde/target/debug/deps/double_brace_capture-dbcd4adb0aad79b5)

running 4 tests
test the_capture_companion_presents_the_capture_write_after_the_constructor_call ... ok
test the_companions_keep_their_presentation_and_the_host_presents_the_double_brace_form ... ok
test the_recompiled_family_compiles_and_runs_as_the_original_classes ... ok
test the_super_argument_probes_keep_the_current_refusal_and_the_byte_order ... ok

test result: ok. 4 passed; 0 failed; 0 ignored; 0 measured; 0 filtered out; finished in 0.73s

     Running tests/em22_boolean_xor.rs (/Users/lordcasser/workspace/projects/jarde/target/debug/deps/em22_boolean_xor-6e396b1bea01b3bf)

running 3 tests
test a_result_boolean_context_does_not_promote_an_unproved_int_xor_operand ... ok
test budget_and_cancellation_do_not_publish_a_partially_built_xor_expression ... ok
test proved_boolean_xor_literals_keep_type_effect_and_origin_facts ... ok

test result: ok. 3 passed; 0 failed; 0 ignored; 0 measured; 0 filtered out; finished in 0.67s

     Running tests/em23_field_unit_updates.rs (/Users/lordcasser/workspace/projects/jarde/target/debug/deps/em23_field_unit_updates-7665bfb02fac95e7)

running 3 tests
test a_returned_old_value_stays_an_expression_and_budget_or_cancellation_stops_atomically ... ok
test owner_descriptor_volatile_receiver_and_effect_boundaries_do_not_use_this_slice ... ok
test same_class_int_unit_updates_are_single_source_mapped_postfix_statements ... ok

test result: ok. 3 passed; 0 failed; 0 ignored; 0 measured; 0 filtered out; finished in 0.73s

     Running tests/engine.rs (/Users/lordcasser/workspace/projects/jarde/target/debug/deps/engine-5a5dadeea7aa180d)

running 9 tests
test empty_zip_enumeration_reports_the_open_snapshot ... ok
test handler_budget_partial_has_precise_coverage ... ok
test materialization_failure_is_err_and_body_partial_is_preserved ... ok
test method_request_decodes_and_charges_only_the_selected_body ... ok
test one_budget_accumulates_open_and_header_and_preserves_atomic_stage_failure ... ok
test public_engine_entrypoints_honor_precancelled_requests_at_their_stage_boundary ... ok
test standalone_engine_reports_owned_source_and_usage ... ok
test target_and_header_body_boundaries_are_preserved ... ok
test zip_duplicate_origins_and_validation_are_preserved ... ok

test result: ok. 9 passed; 0 failed; 0 ignored; 0 measured; 0 filtered out; finished in 0.01s

     Running tests/enum_string_field_name.rs (/Users/lordcasser/workspace/projects/jarde/target/debug/deps/enum_string_field_name-f1e9eb204ec56eda)

running 2 tests
test the_labeled_projection_recompiles_and_runs_as_the_original ... ok
test the_labeled_string_argument_fixture_projects_the_proved_field_name ... ok

test result: ok. 2 passed; 0 failed; 0 ignored; 0 measured; 0 filtered out; finished in 0.88s

     Running tests/field_generic_projection.rs (/Users/lordcasser/workspace/projects/jarde/target/debug/deps/field_generic_projection-bb5c65d850d02a46)

running 3 tests
test field_signature_refusals_keep_descriptor_for_mismatch_unbound_and_body_use ... ok
test standalone_field_signatures_recompile_and_match_reflection_and_caller_types ... ok
test type_use_annotations_and_stopped_requests_do_not_publish_field_candidates ... ok

test result: ok. 3 passed; 0 failed; 0 ignored; 0 measured; 0 filtered out; finished in 2.92s

     Running tests/fixture_behavior_guards.rs (/Users/lordcasser/workspace/projects/jarde/target/debug/deps/fixture_behavior_guards-c7762a603c4afc07)

running 13 tests
test anonymous_member_base_keeps_the_qualified_receiver_refusal ... ok
test anonymous_member_base_presents_the_member_base_constructor_order ... ok
test anonymous_member_base_runs_and_its_text_stays_uncompilable ... ignored, needs a JDK on PATH: it runs the frozen classes and asks `javac` whether the recovered text compiles (see openspec/changes/recover-fixture-behavior-guard-coverage/results/)
test anonymous_top_level_pins_the_childs_capture_write_before_the_super_call ... ok
test anonymous_top_level_runs_and_recompiles_to_the_recorded_output ... ignored, needs a JDK on PATH: it runs the frozen classes and recompiles the recovered text under `javac --release 8` (see openspec/changes/recover-fixture-behavior-guard-coverage/results/)
test enum_arity_pins_the_zero_one_and_four_constant_headers ... ok
test enum_arity_runs_and_recompiles_to_the_recorded_output ... ignored, needs a JDK on PATH: it runs the frozen classes and recompiles the recovered text under `javac --release 8` (see openspec/changes/recover-fixture-behavior-guard-coverage/results/)
test lambda_body_inline_pins_the_forwarding_arrow_and_the_refused_main ... ok
test lambda_body_inline_runs_and_its_text_stays_uncompilable ... ignored, needs a JDK on PATH: it runs the frozen classes and asks `javac` whether the recovered text compiles (see openspec/changes/recover-fixture-behavior-guard-coverage/results/)
test package_info_basic_pins_the_package_annotation_before_the_package_line ... ok
test package_info_basic_runs_and_recompiles_to_the_recorded_output ... ignored, needs a JDK on PATH: it runs the frozen classes and recompiles the recovered text under `javac --release 8` (see openspec/changes/recover-fixture-behavior-guard-coverage/results/)
test short_circuit_left_false_pins_the_single_short_circuit_write ... ok
test short_circuit_left_false_runs_and_recompiles_to_the_recorded_output ... ignored, needs a JDK on PATH: it runs the frozen classes and recompiles the recovered text under `javac --release 8` (see openspec/changes/recover-fixture-behavior-guard-coverage/results/)

test result: ok. 7 passed; 0 failed; 6 ignored; 0 measured; 0 filtered out; finished in 0.10s

     Running tests/generic_body_throws_projection.rs (/Users/lordcasser/workspace/projects/jarde/target/debug/deps/generic_body_throws_projection-f75075f9231653df)

running 3 tests
test body_budget_stop_and_cancellation_do_not_publish_a_generic_throws_clause ... ok
test body_effects_and_object_method_names_keep_physical_throws ... ok
test empty_body_class_throws_projection_compiles_and_runs_for_both_debug_variants ... ok

test result: ok. 3 passed; 0 failed; 0 ignored; 0 measured; 0 filtered out; finished in 1.66s

     Running tests/generic_constructor_projection.rs (/Users/lordcasser/workspace/projects/jarde/target/debug/deps/generic_constructor_projection-b839ae71e389e8d8)

running 4 tests
test body_budget_and_cancellation_never_publish_a_partial_constructor_header ... ok
test generic_constructor_projects_atomically_for_debug_and_no_debug_classes ... ok
test same_class_constructor_binding_and_adjacent_generic_method_are_independent ... ok
test unproved_constructor_body_keeps_its_physical_parameter ... ok

test result: ok. 4 passed; 0 failed; 0 ignored; 0 measured; 0 filtered out; finished in 3.41s

     Running tests/generic_method_budget.rs (/Users/lordcasser/workspace/projects/jarde/target/debug/deps/generic_method_budget-af26bf3cce766e0b)

running 4 tests
test body_budget_stop_keeps_the_physical_generic_member_without_a_partial_header ... ok
test essential_and_all_evidence_keep_complete_generic_class_text_identical ... ok
test internal_budget_stops_do_not_publish_a_partial_generic_header ... ok
test pre_cancellation_reports_cancelled_without_a_generic_declaration ... ok

test result: ok. 4 passed; 0 failed; 0 ignored; 0 measured; 0 filtered out; finished in 0.05s

     Running tests/generic_method_projection.rs (/Users/lordcasser/workspace/projects/jarde/target/debug/deps/generic_method_projection-008bceb0210b711b)

running 18 tests
test body_assignment_and_call_without_type_variable_proof_are_refused ... ok
test bounded_method_variable_follows_same_run_parameters ... ok
test direct_return_and_generic_throws_can_share_the_method_variable ... ok
test erasure_shape_and_body_refusals_keep_descriptor_declarations ... ok
test exact_generic_instance_null_return_projects_and_preserves_physical_method ... ok
test exact_parameterized_list_null_return_projects_with_raw_controls_unchanged ... ok
test exceptions_without_generic_throws_suffix_survive ... ok
test generic_instance_null_return_admits_an_arity_disjoint_same_class_overload ... ok
test generic_instance_null_return_rejects_unproved_signatures_bodies_and_bindings ... ok
test generic_null_return_budget_and_cancellation_never_publish_a_partial_header ... ok
test generic_null_return_refuses_signature_erasure_mismatch ... ok
test multiple_local_variables_and_ordinary_parameters_keep_their_positions ... ok
test neighboring_overload_without_a_caller_does_not_block_the_proved_method ... ok
test parameterized_null_return_erasure_budget_and_cancellation_keep_raw_method ... ok
test parameterized_null_return_rejects_other_signatures_effects_and_self_calls ... ok
test parameterized_null_return_same_class_caller_projects_after_use_proof ... ok
test same_class_caller_to_arity_disjoint_overload_proves_projection ... ok
test type_use_annotations_and_varargs_are_whole_method_refusals ... ok

test result: ok. 18 passed; 0 failed; 0 ignored; 0 measured; 0 filtered out; finished in 7.70s

     Running tests/generic_outer_member_family.rs (/Users/lordcasser/workspace/projects/jarde/target/debug/deps/generic_outer_member_family-03b8bc428bbe48d7)

running 3 tests
test generic_family_rejects_static_constructor_shape_extra_child_and_effectful_id ... ok
test generic_outer_member_family_projects_with_physical_owners_and_source_map ... ok
test stopped_generic_family_projection_keeps_physical_reports_without_partial_nested_source ... ok

test result: ok. 3 passed; 0 failed; 0 ignored; 0 measured; 0 filtered out; finished in 1.99s

     Running tests/generic_static_member_family.rs (/Users/lordcasser/workspace/projects/jarde/target/debug/deps/generic_static_member_family-6cfd1276a984dc38)

running 2 tests
test generic_static_member_is_atomic_and_keeps_physical_child ... ok
test malformed_relation_scope_and_bridge_keep_the_root_physical ... ok

test result: ok. 2 passed; 0 failed; 0 ignored; 0 measured; 0 filtered out; finished in 0.06s

     Running tests/generic_throws_projection.rs (/Users/lordcasser/workspace/projects/jarde/target/debug/deps/generic_throws_projection-acc03f1d280de99d)

running 13 tests
test budget_stop_and_cancellation_never_publish_a_partial_throws_header ... ok
test class_throws_variable_survives_both_debug_variants_and_typed_callers ... ok
test empty_body_methods_project_and_evidence_choices_publish_the_same_header ... ok
test method_local_body_throws_budget_stop_and_cancellation_never_publish_a_partial_header ... ok
test method_local_body_throws_object_method_name_keeps_physical_declaration ... ok
test method_local_body_throws_projection_compiles_and_runs_with_and_without_debug_tables ... ok
test method_local_body_throws_refuses_a_generic_class_signature ... ok
test method_local_body_throws_with_a_handler_keeps_physical_declaration ... ok
test method_local_generic_no_body_signatures_keep_throws_and_parameter_positions ... ok
test method_local_no_body_projection_stops_atomically_on_budget_and_cancellation ... ok
test mixed_throws_positions_and_absent_suffix_keep_their_sources ... ok
test no_body_method_local_projection_requires_a_safe_object_name_and_no_local_methodref ... ok
test unsupported_bound_and_unbound_variable_refuse_locally ... ok

test result: ok. 13 passed; 0 failed; 0 ignored; 0 measured; 0 filtered out; finished in 7.12s

     Running tests/historical_classfile_corpus.rs (/Users/lordcasser/workspace/projects/jarde/target/debug/deps/historical_classfile_corpus-63308ed4ae098df6)

running 1 test
test historical_ecj_headers_and_finally_bytecode_are_stable ... ok

test result: ok. 1 passed; 0 failed; 0 ignored; 0 measured; 0 filtered out; finished in 0.00s

     Running tests/inner_class_static_mixed_folding.rs (/Users/lordcasser/workspace/projects/jarde/target/debug/deps/inner_class_static_mixed_folding-68160f76adf0929a)

running 4 tests
test budget_and_cancellation_stop_the_mixed_fold_atomically ... ok
test mixed_variants_recompile_as_their_folded_units_and_reproduce_the_baseline ... ok
test n1_folds_stat_and_inner_together_with_the_synthetics_elided ... ok
test pure_non_static_family_folds_too ... ok

test result: ok. 4 passed; 0 failed; 0 ignored; 0 measured; 0 filtered out; finished in 2.14s

     Running tests/interface_initializer_projection.rs (/Users/lordcasser/workspace/projects/jarde/target/debug/deps/interface_initializer_projection-97cc33d9a1b0e44a)

running 6 tests
test cancellation_before_projection_publishes_no_class_source_report ... ok
test default_and_all_evidence_use_the_same_atomic_projection ... ok
test ir_budget_stop_keeps_the_whole_group_unprojected_and_retains_clinit ... ok
test output_budget_stop_never_publishes_a_prefix_of_the_initializer_group ... ok
test projects_rhs_in_putstatic_order_and_keeps_the_physical_report_order ... ok
test qualified_forward_read_keeps_its_default_value_after_source_projection ... ok

test result: ok. 6 passed; 0 failed; 0 ignored; 0 measured; 0 filtered out; finished in 1.84s

     Running tests/interface_initializer_proof.rs (/Users/lordcasser/workspace/projects/jarde/target/debug/deps/interface_initializer_proof-06481d7733b751cc)

running 4 tests
test admits_a_qualified_forward_read_only_when_original_write_time_is_preserved ... ok
test proves_all_runtime_writes_and_keeps_constantvalue_separate ... ok
test refuses_exception_edges_and_runtime_constants_that_would_change_initialization_phase ... ok
test rejects_unclaimed_effects_duplicate_and_missing_writes_and_branches_as_whole_groups ... ok

test result: ok. 4 passed; 0 failed; 0 ignored; 0 measured; 0 filtered out; finished in 0.07s

     Running tests/jvm_bytecode_oracle.rs (/Users/lordcasser/workspace/projects/jarde/target/debug/deps/jvm_bytecode_oracle-6bfa04c378aef685)

running 1 test
test jdk25_instruction_boundaries_match_public_bytecode_inspection ... ignored, requires JDK 25 Class-File API oracle

test result: ok. 0 passed; 0 failed; 1 ignored; 0 measured; 0 filtered out; finished in 0.00s

     Running tests/lambda_companion_bodies.rs (/Users/lordcasser/workspace/projects/jarde/target/debug/deps/lambda_companion_bodies-8eec43ad28646d9f)

running 6 tests
test a_class_without_companions_takes_no_projection_markers ... ok
test a_curried_lambda_renames_its_outer_companion_and_inlines_the_inner ... ok
test a_multi_use_companion_keeps_its_physical_presentation ... ok
test companion_bodies_inline_across_the_variant_matrix ... ok
test conditional_and_block_companions_rename_instead_of_inlining ... ok
test the_frozen_y1_class_recompiles_with_every_companion_projected ... ok

test result: ok. 6 passed; 0 failed; 0 ignored; 0 measured; 0 filtered out; finished in 2.74s

     Running tests/lambda_root_member_folding.rs (/Users/lordcasser/workspace/projects/jarde/target/debug/deps/lambda_root_member_folding-81abcf1323f9f508)

running 4 tests
test class_child_and_array_and_enum_projection_roots_fold_too ... ok
test folded_lambda_root_second_round_does_not_degrade ... ok
test projection_free_root_serializes_and_folds_exactly_as_before ... ok
test y1_lambda_root_folds_with_both_presentations_and_reproduces_the_baseline ... ok

test result: ok. 4 passed; 0 failed; 0 ignored; 0 measured; 0 filtered out; finished in 3.74s

     Running tests/member_class_static_folding.rs (/Users/lordcasser/workspace/projects/jarde/target/debug/deps/member_class_static_folding-82b49fd670c7cb39)

running 8 tests
test budget_and_cancellation_stop_the_whole_fold_atomically ... ok
test cross_class_presenter_and_missing_child_keep_the_flattened_presentations ... ok
test grandchild_stays_outside_the_fold_and_keeps_its_own_presentation ... ok
test interface_call_owner_anchors_the_fold_and_an_unnamed_segment_still_refuses ... ok
test interface_child_and_sibling_inheritance_fold_with_source_spellings ... ok
test multi_child_family_folds_five_declarations_and_reproduces_the_baseline ... ok
test non_static_member_child_never_enters_the_static_fold ... ok
test single_child_family_folds_when_the_narrow_certificate_refuses ... ok

test result: ok. 8 passed; 0 failed; 0 ignored; 0 measured; 0 filtered out; finished in 4.19s

     Running tests/member_family_external_use.rs (/Users/lordcasser/workspace/projects/jarde/target/debug/deps/member_family_external_use-b4a6bd042124ec33)

running 4 tests
test external_capture_field_reference_refuses_projection_and_keeps_physical_family ... ok
test external_enclosing_constructor_reference_refuses_projection_and_keeps_physical_family ... ok
test family_projects_when_no_external_consumer_is_present ... ok
test stopped_external_census_keeps_physical_family_and_refuses_projection ... ok

test result: ok. 4 passed; 0 failed; 0 ignored; 0 measured; 0 filtered out; finished in 0.94s

     Running tests/member_family_identity.rs (/Users/lordcasser/workspace/projects/jarde/target/debug/deps/member_family_identity-7917245aae89edd2)

running 20 tests
test capture_analysis_stop_keeps_completed_physical_child ... ok
test child_body_stop_keeps_root_and_child_physical_coverage ... ok
test declaration_only_static_abstract_member_projects_once_with_physical_anchors ... ok
test declaration_pair_near_misses_never_publish_half_a_root ... ok
test declaration_pair_projects_both_physical_members_and_origins_once ... ok
test disagreeing_child_relation_cannot_authorize_package_private_call ... ok
test family_call_rerender_restores_effect_and_null_exception_order ... ok
test family_derived_ranges_keep_exact_source_and_physical_owners ... ok
test family_output_budget_refusal_keeps_both_physical_texts ... ok
test member_call_without_early_null_check_retains_physical_source ... ok
test missing_or_duplicate_selected_child_refuses_family_without_losing_root ... ok
test outer_super_method_bridge_projects_with_physical_origin ... ok
test outer_super_overload_requires_direct_source_parameter_and_complete_subclass_chain ... ok
test projected_stage1_compiles_and_matches_original_and_jadx_java8_behavior ... ok
test projection_budget_stop_keeps_capture_calls_and_both_physical_reports ... ok
test qualified_member_call_preserves_internal_and_preceding_effect_positions ... ok
test selected_family_keeps_two_physical_reports_under_one_budget ... ok
test static_member_incomplete_targets_never_publish_partial_nested_source ... ok
test static_member_projects_as_nested_and_keeps_dollar_top_level_independent ... ok
test two_member_allocations_in_one_caller_get_distinct_source_ranges ... ok

test result: ok. 20 passed; 0 failed; 0 ignored; 0 measured; 0 filtered out; finished in 7.24s

     Running tests/member_local_type_source_names.rs (/Users/lordcasser/workspace/projects/jarde/target/debug/deps/member_local_type_source_names-4552e792d7f3f4bf)

running 3 tests
test proved_member_path_spells_local_declaration_without_changing_body_map ... ok
test standalone_method_recovery_does_not_inherit_family_source_aliases ... ok
test stopped_class_source_does_not_publish_partial_member_spelling ... ok

test result: ok. 3 passed; 0 failed; 0 ignored; 0 measured; 0 filtered out; finished in 0.10s

     Running tests/navigation.rs (/Users/lordcasser/workspace/projects/jarde/target/debug/deps/navigation-7086054bf2d449b7)

running 20 tests
test a_budget_stop_keeps_the_confirmed_prefix ... ok
test a_cancelled_listing_publishes_the_prefix_it_read ... ok
test a_candidate_listing_reads_no_header_and_keeps_containment ... ok
test a_chosen_identity_does_not_depend_on_traversal_order ... ok
test a_damaged_candidate_ends_the_confirmed_scan_with_a_reliable_prefix ... ok
test a_damaged_member_does_not_erase_the_class ... ok
test a_listed_member_in_an_archive_reads_the_same_physical_definition ... ok
test a_listed_method_is_directly_usable_as_a_request_target ... ok
test a_path_that_disagrees_with_the_declared_name_keeps_both ... ok
test a_standalone_class_lists_its_own_root_and_refuses_a_tree_scope ... ok
test a_tree_root_that_is_not_this_snapshot_is_refused ... ok
test an_abstract_or_native_member_carries_no_fabricated_body ... ok
test an_identity_that_does_not_match_its_bytes_is_refused ... ok
test duplicate_definitions_are_all_returned_and_a_chosen_identity_is_unique ... ok
test navigation_reads_headers_only ... ok
test navigation_reports_round_trip_through_their_json_shape ... ok
test no_match_is_an_empty_answer_and_not_a_failure ... ok
test overloads_are_answered_with_every_candidate_until_a_descriptor_is_given ... ok
test the_same_class_at_two_origins_stays_two_items ... ok
test two_spellings_of_one_name_bind_the_same_definition ... ok

test result: ok. 20 passed; 0 failed; 0 ignored; 0 measured; 0 filtered out; finished in 0.01s

     Running tests/nested_class_literal_values.rs (/Users/lordcasser/workspace/projects/jarde/target/debug/deps/nested_class_literal_values-7a2e694cf1284b3f)

running 10 tests
test a_literal_dollar_top_level_name_stays_pool_spelled_and_runs ... ok
test a_refused_fold_reruns_the_structural_reader_and_the_family_stays_loud ... ok
test a_standalone_read_refuses_structural_reads_over_its_own_pool_spelled_member ... ok
test array_class_literals_of_a_member_admit_and_the_folded_family_runs_like_the_original ... ok
test deep_chain_structural_reads_refuse_but_the_name_form_recovers ... ok
test local_class_literals_stay_out_of_the_provable_subset ... ok
test nested_class_literals_recover_and_the_folded_family_runs_like_the_original ... ok
test reflected_annotation_reads_recover_and_the_family_project_runs_like_the_original ... ok
test reflected_compound_annotation_reads_recover_and_run_like_the_original ... ok
test top_level_class_literals_keep_their_five_forms_and_run_like_the_original ... ok

test result: ok. 10 passed; 0 failed; 0 ignored; 0 measured; 0 filtered out; finished in 2.30s

     Running tests/nested_generic_header_projection.rs (/Users/lordcasser/workspace/projects/jarde/target/debug/deps/nested_generic_header_projection-a49c20d1e9f13aac)

running 6 tests
test budget_stop_keeps_the_physical_nested_header ... ok
test folded_family_carries_the_nested_generic_header_and_scope ... ok
test join_failure_row_keeps_the_refusal_chain ... ok
test owner_local_of_the_child_type_keeps_the_fold_open_and_the_unit_projected ... ok
test separated_nested_generic_units_project_the_header_and_member_scope ... ok
test top_level_generic_header_and_plain_fold_shapes_are_unchanged ... ok

test result: ok. 6 passed; 0 failed; 0 ignored; 0 measured; 0 filtered out; finished in 4.45s

     Running tests/nested_type_source_spelling.rs (/Users/lordcasser/workspace/projects/jarde/target/debug/deps/nested_type_source_spelling-c65614fc3a832536)

running 6 tests
test a_refused_fold_keeps_the_pool_spelling_of_the_member ... ok
test cross_class_nested_references_spell_dotted_in_every_position ... ok
test nested_enum_references_spell_as_source_and_the_family_recompiles ... ok
test packaged_deep_chains_spell_dotted_and_self_nested_keeps_the_pool_name ... ok
test static_nested_class_and_interface_positions_spell_dotted ... ok
test synthetic_anonymous_names_stay_verbatim ... ok

test result: ok. 6 passed; 0 failed; 0 ignored; 0 measured; 0 filtered out; finished in 0.93s

     Running tests/ordinary_generic_projection.rs (/Users/lordcasser/workspace/projects/jarde/target/debug/deps/ordinary_generic_projection-7651bd2e8cf6a763)

running 14 tests
test bounded_class_variable_on_bodyless_interface_preserves_reflection ... ok
test budget_and_cancellation_never_publish_a_partial_parameterized_header ... ok
test class_variable_and_unproved_body_keep_their_separate_evidence ... ok
test class_variable_direct_return_preserves_generic_caller_and_reflection ... ok
test class_variable_header_is_atomic_across_evidence_and_budget ... ok
test evidence_selection_preserves_source_and_independent_method_reports ... ok
test frozen_identity_shapes_and_raw_control_project_together ... ok
test interface_bodyless_method_keeps_its_generic_return ... ok
test ordinary_wildcards_instance_and_bodyless_members_are_complete ... ok
test parameter_reassignment_cannot_use_the_identity_body_proof ... ok
test parameterized_parent_does_not_publish_an_unproved_class_variable_header ... ok
test same_class_overload_caller_proves_the_target_projection ... ok
test type_use_annotation_is_a_whole_declaration_refusal ... ok
test varargs_exception_and_method_annotation_keep_their_positions ... ok

test result: ok. 14 passed; 0 failed; 0 ignored; 0 measured; 0 filtered out; finished in 6.61s

     Running tests/p1_active_facts.rs (/Users/lordcasser/workspace/projects/jarde/target/debug/deps/p1_active_facts-75ef66e37e70c49d)

running 7 tests
test a_class_crossing_its_ceiling_is_refused_before_it_is_materialized ... ok
test a_container_is_read_again_only_after_its_last_consumer_let_go ... ok
test a_directory_record_that_understates_its_class_stops_the_read_at_the_ceiling ... ok
test a_scope_walk_reads_the_container_once_whatever_its_store_is_doing ... ok
test one_preparation_produces_one_pool_for_every_method_of_its_class ... ok
test the_bulk_operation_bills_the_container_once_in_every_store_configuration ... ok
test the_jvm_consumers_share_the_prepared_bundle_instead_of_copying_it ... ok

test result: ok. 7 passed; 0 failed; 0 ignored; 0 measured; 0 filtered out; finished in 0.06s

     Running tests/p1_artifact_tree.rs (/Users/lordcasser/workspace/projects/jarde/target/debug/deps/p1_artifact_tree-ecfa8e4d1ec42cf7)

running 14 tests
test boot_and_war_library_names_require_exact_prefix_case_direct_path_and_lowercase_jar ... ok
test boot_tree_is_explicit_and_nested_entry_is_replayable_without_intermediate_output ... ok
test budget_and_precancellation_return_non_complete_reliable_prefixes ... ok
test child_enumeration_failure_keeps_failed_report_parent_provenance_and_valid_sibling ... ok
test depth_limit_skips_each_candidate_at_its_parent_ordinal ... ok
test duplicate_nested_entries_derive_distinct_child_and_inner_identities ... ok
test forged_nested_origins_and_metadata_are_rejected ... ok
test local_error_then_entry_bytes_budget_reports_the_actual_terminal_budget ... ok
test malformed_and_unsupported_children_do_not_erase_valid_siblings ... ok
test nested_depth_is_a_high_water_mark_and_preserves_siblings ... ok
test nested_replay_preserves_depth_entry_count_and_cancellation_errors_without_result_items ... ok
test prefix_result_item_exhaustion_skips_all_remaining_root_candidates ... ok
test result_item_exhaustion_before_second_child_report_keeps_pending_coverage_and_provenance ... ok
test war_and_ordinary_nested_layout_are_physical_evidence_only ... ok

test result: ok. 14 passed; 0 failed; 0 ignored; 0 measured; 0 filtered out; finished in 0.00s

     Running tests/p1_budget_ledger.rs (/Users/lordcasser/workspace/projects/jarde/target/debug/deps/p1_budget_ledger-1f6b40921cdc3641)

running 17 tests
test a_budget_without_a_ledger_keeps_the_direct_path ... ok
test a_hammered_dimension_admits_exactly_its_limit_and_never_one_more ... ok
test a_later_operation_on_one_request_folds_the_first_ones_total ... ok
test a_local_limit_stops_that_work_and_leaves_the_operation_alone ... ok
test a_permit_taken_before_a_cancellation_is_still_billed ... ok
test a_quota_refusal_is_the_operations_stop ... ok
test a_refused_entry_is_reported_with_the_quota_it_needed ... ok
test a_worker_can_state_which_part_of_the_operation_its_next_work_is ... ok
test an_overflowing_request_is_refused_rather_than_wrapped ... ok
test depth_marks_take_the_deepest_value_per_owner ... ok
test one_ledger_is_one_total_for_every_worker ... ok
test the_elapsed_clock_is_the_operations_and_not_the_sum_of_worker_time ... ok
test the_entry_depths_are_part_of_the_operation_and_its_own_work_can_exceed_them ... ok
test the_entry_usage_counts_against_the_operation_and_is_never_reset ... ok
test the_first_stop_is_published_and_later_observations_do_not_replace_it ... ok
test the_total_reports_every_entry_and_the_observation_moves_no_number ... ok
test two_workers_race_for_the_last_quota_and_the_refused_one_is_not_billed ... ok

test result: ok. 17 passed; 0 failed; 0 ignored; 0 measured; 0 filtered out; finished in 0.21s

     Running tests/p1_multi_release.rs (/Users/lordcasser/workspace/projects/jarde/target/debug/deps/p1_multi_release-15e31d7da3d7a1cb)

running 29 tests
test a06_selects_root_11_and_17_and_marks_the_other_variants ... ok
test a06_without_v17_falls_back_to_v11_and_without_manifest_to_base ... ok
test artifact_tree_keeps_reports_for_children_the_physical_aggregate_already_stopped ... ok
test budget_exhaustion_is_partial_and_never_fakes_completion ... ok
test cancellation_stops_before_any_faked_selection ... ok
test class_compliance_diagnostics_do_not_rewrite_path_selection ... ok
test container_reservation_failure_declares_every_known_ordinal_skipped ... ok
test container_without_enumerated_ordinals_produces_no_manifest_claim ... ok
test disabled_policy_and_low_target_inactivate_versioned_entries ... ok
test duplicate_candidates_are_ambiguous_and_never_first_wins ... ok
test empty_container_completes_without_entries_or_manifest ... ok
test empty_manifest_is_malformed_and_never_activates_multi_release ... ok
test interrupted_item_budget_outranks_the_custom_policy_verdict ... ok
test interrupted_predecessor_probe_keeps_base_not_applicable ... ok
test invalid_version_paths_keep_physical_evidence_and_one_diagnostic_each ... ok
test invalid_view_inputs_are_rejected_with_stable_codes ... ok
test item_exhaustion_refuses_later_domain_diagnostics_and_evidence ... ok
test items_exhausted_during_root_processing_declare_the_child_ordinals_skipped ... ok
test manifest_evidence_states_and_path_diagnostics ... ok
test missing_base_reports_the_closed_no_selection_reason ... ok
test physical_evidence_is_the_single_provider_result_it_reports ... ok
test physical_scope_controls_nested_multi_release_inspection ... ok
test release_nine_is_a_legal_version_directory_and_selects_at_target_nine ... ok
test report_json_round_trips_and_mr_owned_types_are_closed ... ok
test selection_item_exhaustion_keeps_the_proven_prefix_and_stops ... ok
test selections_follow_the_group_minimum_ordinal_not_path_bytes ... ok
test truncated_physical_enumeration_after_the_manifest_keeps_its_decision_evidence ... ok
test typed_diagnostic_rejects_unknown_fields_codes_and_severity_mismatch ... ok
test unsupported_policies_preserve_candidates_without_a_selected_fact ... ok

test result: ok. 29 passed; 0 failed; 0 ignored; 0 measured; 0 filtered out; finished in 0.02s

     Running tests/p1_prepared_class.rs (/Users/lordcasser/workspace/projects/jarde/target/debug/deps/p1_prepared_class-2659b585c595678c)

running 12 tests
test a_content_that_disagrees_with_its_record_is_refused_before_any_byte ... ok
test a_damaged_class_declaration_is_an_error ... ok
test a_damaged_member_table_publishes_the_stop_and_no_body_verdict ... ok
test a_nested_class_is_read_through_its_own_container_chain ... ok
test a_prepared_class_publishes_the_reads_identity ... ok
test a_prepared_read_survives_a_cleared_or_zero_capacity_cache ... ok
test a_real_fixture_class_decodes_every_method_like_the_single_method_path ... ok
test absent_duplicate_and_single_code_entries_keep_the_codes_of_the_single_method_path ... ok
test container_backing_hands_out_the_container_that_was_read ... ok
test one_class_read_is_enough_for_every_method_of_the_class ... ok
test stored_and_deflated_entries_both_decode_like_the_single_method_path ... ok
test the_locator_keeps_every_duplicate_declaration_and_decodes_none_of_them ... ok

test result: ok. 12 passed; 0 failed; 0 ignored; 0 measured; 0 filtered out; finished in 0.01s

     Running tests/p1_query_api.rs (/Users/lordcasser/workspace/projects/jarde/target/debug/deps/p1_query_api-80e066081f43377e)

running 23 tests
test a18_open_snapshot_stays_stable_and_a_reopened_one_rejects_old_cursors ... ok
test budget_interruption_resumes_at_the_published_boundary ... ok
test cancellation_is_never_reported_as_complete ... ok
test cursor_for_another_target_is_rejected_before_the_scan ... ok
test cursor_mismatches_bind_snapshot_view_relation_and_schema ... ok
test cursor_rejects_every_target_change ... ok
test manifest_line_endings_are_handled_without_losing_the_continuation_rule ... ok
test page_size_does_not_change_query_identity ... ok
test pagination_continuation_reproduces_one_full_scan ... ok
test reports_round_trip_as_tagged_json_without_unknown_fields ... ok
test request_validation_uses_stable_codes ... ok
test resource_consumer_reports_manifest_and_service_facts ... ok
test resource_scan_respects_relation_and_consumer_schema ... ok
test result_item_budget_keeps_the_reliable_prefix ... ok
test standalone_class_snapshot_uses_class_offset_coverage ... ok
test unsupported_categories_do_not_change_scanned_evidence ... ok
test unsupported_relation_candidates_page_without_repeats_or_gaps ... ok
test unsupported_relation_candidates_use_the_ordinary_item_budget ... ok
test unsupported_relation_keeps_candidates_for_a_standalone_class ... ok
test unsupported_relations_do_not_expand_a_pool_owner ... ok
test unsupported_relations_keep_raw_constant_pool_candidates ... ok
test unsupported_relations_report_candidates_even_when_a_call_consumes_one ... ok
test unsupported_relations_report_the_analysis_state_without_resolving ... ok

test result: ok. 23 passed; 0 failed; 0 ignored; 0 measured; 0 filtered out; finished in 0.02s

     Running tests/p1_query_bounds.rs (/Users/lordcasser/workspace/projects/jarde/target/debug/deps/p1_query_bounds-3d82b6a857270645)

running 5 tests
test cancellation_at_the_high_fanout_unit_boundary_publishes_nothing ... ok
test high_fanout_pages_splice_back_to_the_whole_scan ... ok
test result_budget_publishes_the_reliable_prefix_of_a_high_fanout_entry ... ok
test the_per_unit_accumulation_is_bounded_by_the_input_dimensions ... ok
test the_within_bound_rejects_every_dimension_over_its_limit ... ok

test result: ok. 5 passed; 0 failed; 0 ignored; 0 measured; 0 filtered out; finished in 0.06s

     Running tests/p1_query_demand.rs (/Users/lordcasser/workspace/projects/jarde/target/debug/deps/p1_query_demand-0063fcfd650cbe83)

running 6 tests
test a_page_that_ends_at_a_member_boundary_does_not_decode_it_again ... ok
test a_replayed_prefix_is_never_published_twice ... ok
test a_small_page_stops_before_the_work_behind_it ... ok
test a_small_resource_page_stops_before_the_containers_behind_it ... ok
test the_continuation_splices_back_to_the_unpaged_scan ... ok
test the_whole_resource_traversal_pays_for_every_container_it_reaches ... ok

test result: ok. 6 passed; 0 failed; 0 ignored; 0 measured; 0 filtered out; finished in 0.02s

     Running tests/p1_query_model.rs (/Users/lordcasser/workspace/projects/jarde/target/debug/deps/p1_query_model-2117a251ffae4acf)

running 6 tests
test consumer_schema_is_canonical_and_all_query_relations_round_trip ... ok
test directed_nested_origins_preserve_edges_and_distinguish_duplicate_parents ... ok
test load_domain_keeps_policy_root_order_and_uncertainty_in_identity ... ok
test physical_variants_coexist_while_runtime_views_only_declare_requests ... ok
test standalone_and_archive_locations_round_trip_without_synthetic_entries ... ok
test unknown_runtime_modes_round_trip_without_degrading_to_known_values ... ok

test result: ok. 6 passed; 0 failed; 0 ignored; 0 measured; 0 filtered out; finished in 0.00s

     Running tests/p1_query_planes.rs (/Users/lordcasser/workspace/projects/jarde/target/debug/deps/p1_query_planes-3abe7aa5535a807c)

running 5 tests
test a_container_the_page_never_reaches_is_unknown_and_not_empty ... ok
test a_cursor_is_refused_unless_it_describes_the_binding_that_issued_it ... ok
test a_damaged_class_candidate_is_reported_when_the_page_reads_it ... ok
test a_full_page_a_cancellation_and_a_budget_stop_are_three_states ... ok
test a_root_directory_that_does_not_parse_is_refused_as_a_whole ... ok

test result: ok. 5 passed; 0 failed; 0 ignored; 0 measured; 0 filtered out; finished in 0.00s

     Running tests/p1_query_positions.rs (/Users/lordcasser/workspace/projects/jarde/target/debug/deps/p1_query_positions-50bc6247675f1e4c)

running 5 tests
test a_page_inside_the_bootstrap_step_names_it_and_replays_only_its_prefix ... ok
test a_page_inside_the_metadata_step_names_it_and_replays_only_its_prefix ... ok
test a_page_inside_the_resource_step_names_it_over_a_tree_scope ... ok
test mixed_consumers_share_one_cursor_and_one_item_order ... ok
test unimplemented_categories_are_stated_without_changing_the_scanned_facts ... ok

test result: ok. 5 passed; 0 failed; 0 ignored; 0 measured; 0 filtered out; finished in 0.01s

     Running tests/p1_reader_facts.rs (/Users/lordcasser/workspace/projects/jarde/target/debug/deps/p1_reader_facts-9a18caa54804808f)

running 3 tests
test public_bytecode_path_keeps_its_result_and_charge_shape ... ok
test public_entry_points_report_budget_hits_and_cancellation_as_errors ... ok
test public_header_path_keeps_its_result_and_charge_shape ... ok

test result: ok. 3 passed; 0 failed; 0 ignored; 0 measured; 0 filtered out; finished in 0.00s

     Running tests/p1_scope_cursor.rs (/Users/lordcasser/workspace/projects/jarde/target/debug/deps/p1_scope_cursor-6eb27d8f2aa72bb1)

running 12 tests
test a_cancellation_after_a_candidate_keeps_the_prefix_it_confirmed ... ok
test a_cancelled_request_stops_the_cursor_at_the_next_entry ... ok
test a_cancelled_request_yields_nothing_at_all_not_even_the_first_candidate ... ok
test a_container_the_walk_cannot_read_leaves_its_subtree_unknown ... ok
test a_nested_depth_limit_is_reported_the_way_the_tree_walk_reports_it ... ok
test a_root_container_that_cannot_be_read_is_an_error ... ok
test a_standalone_snapshot_reports_its_scope_complete_only_behind_its_one_root ... ok
test a_standalone_snapshot_yields_its_root_and_refuses_a_tree_scope ... ok
test a_walk_that_has_not_reached_the_end_reports_a_prefix_not_a_denominator ... ok
test a_whole_snapshot_scope_is_the_root_containers_own_entries ... ok
test an_artifact_tree_scope_of_another_root_container_is_refused ... ok
test the_cursor_yields_the_tree_walks_candidates_in_the_same_order ... ok

test result: ok. 12 passed; 0 failed; 0 ignored; 0 measured; 0 filtered out; finished in 0.00s

     Running tests/p1_xref_bootstrap.rs (/Users/lordcasser/workspace/projects/jarde/target/debug/deps/p1_xref_bootstrap-1f080fd63444c446)

running 28 tests
test a_class_without_a_dynamic_use_site_never_reads_the_table ... ok
test a_condy_chain_past_the_derived_bound_stops_with_a_diagnostic ... ok
test a_condy_chain_within_the_derived_bound_completes ... ok
test a_custom_bootstrap_claims_no_final_target ... ok
test a_cycle_is_reported_instead_of_followed ... ok
test a_member_with_broken_code_does_not_hide_another_member_site ... ok
test a_missing_duplicated_or_broken_table_is_a_structured_stop ... ok
test a_page_continuation_replays_the_bootstrap_items_without_repetition ... ok
test a_real_metafactory_site_is_linkable_and_traces_the_implementation_handle ... ok
test a_real_metafactory_site_keeps_every_static_argument_in_its_own_position ... ok
test a_truncated_class_candidate_fails_with_its_entry_origin ... ok
test a_type_only_request_reaches_a_type_a_bootstrap_descriptor_names ... ok
test an_entry_only_an_unused_table_entry_reaches_produces_no_fact ... ok
test an_implementation_handle_is_never_reported_as_a_call ... ok
test bootstrap_descriptors_report_their_types_with_the_edge_that_reached_them ... ok
test bootstrap_table_entries_no_use_site_reaches_produce_nothing ... ok
test every_declared_static_argument_of_the_sample_keeps_its_position_and_value ... ok
test every_use_site_keeps_its_own_path_to_a_shared_deeper_node ... ok
test nested_condy_reports_both_levels_and_one_fact_per_shared_subgraph ... ok
test result_items_and_code_bytes_stops_keep_the_reliable_prefix ... ok
test the_bootstrap_table_is_read_only_when_its_category_is_requested ... ok
test the_class_candidate_rule_is_case_sensitive_and_shared ... ok
test the_raw_pool_probe_never_produces_a_bootstrap_edge ... ok
test the_same_request_twice_reports_the_same_items_and_paths ... ok
test the_sample_site_traces_its_declared_implementation_argument ... ok
test the_structural_sample_is_not_a_linkable_bootstrap ... ok
test the_whole_ldc_family_opens_a_deferred_graph ... ok
test unused_bootstrap_entries_and_type_only_requests_keep_the_table_deferred ... ok

test result: ok. 28 passed; 0 failed; 0 ignored; 0 measured; 0 filtered out; finished in 0.01s

     Running tests/p1_xref_code.rs (/Users/lordcasser/workspace/projects/jarde/target/debug/deps/p1_xref_code-46d7259da6ec5c76)

running 28 tests
test a_class_candidate_names_the_bytes_that_make_it_damaged ... ok
test a_class_candidate_outside_the_requested_categories_is_not_scanned ... ok
test a_code_bytes_stop_keeps_the_prefix_it_already_billed ... ok
test a_linear_scan_reads_trailing_dead_bytes_without_reachability_analysis ... ok
test a_malformed_descriptor_of_a_used_entry_is_a_structured_stop ... ok
test a_nested_truncated_candidate_bounds_pages_budgets_and_cancellation ... ok
test a_truncated_class_candidate_fails_with_its_entry_origin ... ok
test a_used_method_type_descriptor_reports_its_types ... ok
test a_value_relation_reports_consumers_and_never_pool_candidates ... ok
test an_undecodable_member_is_reported_without_hiding_the_other_members ... ok
test descriptor_types_of_handles_sites_and_condy_come_from_the_use_site ... ok
test exception_handlers_keep_their_ordinal_protected_range_and_handler_bci ... ok
test field_accesses_keep_read_write_and_static_instance_distinct ... ok
test invocation_item_keeps_the_complete_symbol_and_its_byte_coordinates ... ok
test invocation_kinds_and_dynamic_sites_keep_operation_and_position ... ok
test loads_report_the_value_and_the_symbol_they_consume ... ok
test one_class_read_and_no_result_items_per_instruction ... ok
test page_continuation_replays_the_code_items_in_position_order ... ok
test raw_probe_distinguishes_values_and_bit_patterns ... ok
test raw_probe_matches_the_bytes_and_values_the_pool_really_stores ... ok
test references_in_unreachable_code_are_still_reported ... ok
test result_items_and_cancellation_stop_without_unbilled_items ... ok
test symbol_matching_stays_exact_and_does_not_expand_the_owner ... ok
test the_class_candidate_rule_is_case_sensitive_and_shared ... ok
test type_operations_keep_the_operation_that_consumed_the_type ... ok
test unrequested_categories_produce_no_items ... ok
test unused_constant_pool_entries_are_candidates_but_never_calls ... ok
test zip_scan_reads_the_class_entry_and_never_other_entries ... ok

test result: ok. 28 passed; 0 failed; 0 ignored; 0 measured; 0 filtered out; finished in 0.02s

     Running tests/p1_xref_golden.rs (/Users/lordcasser/workspace/projects/jarde/target/debug/deps/p1_xref_golden-27abe5a185963345)

running 5 tests
test bootstrap_golden_replays_the_compiled_lambda ... ok
test code_golden_replays_the_unused_pool_contrast_and_the_call_coordinates ... ok
test metadata_golden_replays_single_and_combined_categories ... ok
test multi_release_golden_replays_three_views_and_one_physical_query ... ok
test nested_golden_replays_stored_and_deflated_origins ... ok

test result: ok. 5 passed; 0 failed; 0 ignored; 0 measured; 0 filtered out; finished in 0.02s

     Running tests/p1_xref_metadata.rs (/Users/lordcasser/workspace/projects/jarde/target/debug/deps/p1_xref_metadata-83f2a47c49e36c2a)

running 35 tests
test a_class_signature_needs_a_class_type_signature ... ok
test a_compiled_code_type_annotation_is_found_without_decoding_the_body ... ok
test a_compiled_generic_return_signature_is_read ... ok
test a_compiled_record_component_annotation_is_found_at_its_own_position ... ok
test a_compiled_throws_signature_reports_only_its_class_type ... ok
test a_compiled_throws_type_variable_is_read_without_an_item ... ok
test a_compiled_type_variable_result_is_not_a_class_reference ... ok
test a_flat_annotation_prefix_keeps_its_class_offset ... ok
test a_method_signature_grammar_still_rejects_malformed_content ... ok
test a_nested_structure_that_fails_publishes_none_of_its_facts ... ok
test a_truncated_class_candidate_fails_with_its_entry_origin ... ok
test ambiguous_pool_bytes_degrade_the_evidence_honestly ... ok
test annotation_attributes_cover_visible_invisible_type_parameter_and_default ... ok
test archive_entries_are_scanned_only_when_they_are_class_files ... ok
test code_nested_structure_is_read_only_when_the_position_is_requested ... ok
test code_type_annotations_are_read_without_decoding_the_body ... ok
test constant_values_are_reported_as_values_only ... ok
test each_parser_reports_its_own_malformed_content ... ok
test frozen_method_signature_boundaries_remain_queryable ... ok
test generic_signatures_follow_their_own_grammar ... ok
test inner_nest_relations_keep_their_kind ... ok
test malformed_metadata_content_is_a_structured_stop ... ok
test member_descriptors_report_each_object_type_once ... ok
test metadata_only_types_hit_only_their_requested_category ... ok
test module_uses_and_provides_are_class_nodes_on_module_info_only ... ok
test record_component_annotations_are_read_without_a_signature_request ... ok
test record_component_declaration_must_agree_with_its_content ... ok
test record_component_signatures_survive_their_declared_length ... ok
test requested_verification_and_debug_never_claim_a_complete_schema ... ok
test scans_are_deterministic_and_paginate_without_gaps ... ok
test shared_method_signature_grammar_keeps_valid_negative_shape_xrefs ... ok
test the_class_candidate_rule_is_case_sensitive_and_shared ... ok
test this_class_is_not_a_self_use_but_super_and_interfaces_are ... ok
test tight_budgets_and_cancellation_keep_the_reliable_prefix ... ok
test unrequested_categories_are_not_read_and_unknown_attributes_stay_invisible ... ok

test result: ok. 35 passed; 0 failed; 0 ignored; 0 measured; 0 filtered out; finished in 0.02s

     Running tests/p1_xref_properties.rs (/Users/lordcasser/workspace/projects/jarde/target/debug/deps/p1_xref_properties-a6fe0a395f29c352)

running 4 tests
test combined_categories_equal_the_single_category_union ... ok
test identical_bytes_keep_distinct_origins ... ok
test paged_continuations_splice_to_the_full_run ... ok
test unused_constant_pool_insertion_keeps_mentions_unchanged ... ok

test result: ok. 4 passed; 0 failed; 0 ignored; 0 measured; 0 filtered out; finished in 0.09s

     Running tests/p2_canonical.rs (/Users/lordcasser/workspace/projects/jarde/target/debug/deps/p2_canonical-48e767e506be4918)

running 8 tests
test a_cancelled_request_claims_no_canonical_artifact ... ok
test a_jsr_on_an_exception_path_and_nested_calls_normalize ... ok
test a_jump_into_a_protected_region_canonicalizes ... ok
test an_exact_clone_budget_completes_and_one_less_falls_back ... ok
test an_exhausted_step_budget_falls_back_with_the_normalization_code ... ok
test the_historical_finally_normalizes_with_one_clone_per_call_site ... ok
test the_modern_dialect_has_no_clone_to_bill ... ok
test the_p1_query_coordinates_are_unchanged_by_a_canonical_run ... ok

test result: ok. 8 passed; 0 failed; 0 ignored; 0 measured; 0 filtered out; finished in 0.01s

     Running tests/p2_cfg.rs (/Users/lordcasser/workspace/projects/jarde/target/debug/deps/p2_cfg-c6378dfa9a413c4c)

running 12 tests
test a_class_whose_header_cannot_be_read_fabricates_no_method_result ... ok
test a_complete_body_completes_the_two_implemented_phases ... ok
test a_driver_definition_the_declared_loader_does_not_bind_stops_the_body_pass ... ok
test a_foreign_method_identity_fails_the_body_pass_under_its_own_code ... ok
test a_jsr_subroutine_body_still_has_raw_transfers ... ok
test a_member_that_declares_no_body_is_a_fact_and_not_a_failed_pass ... ok
test a_truncated_body_analyzes_its_reliable_prefix ... ok
test a_truncated_body_whose_targets_cannot_be_validated_is_not_read_as_corrupt ... ok
test an_ir_budget_stop_keeps_the_completed_prefix ... ok
test the_p1_query_coordinates_are_unchanged_by_a_raw_cfg_run ... ok
test the_same_request_publishes_the_same_report ... ok
test two_members_of_one_class_are_answered_about_themselves ... ok

test result: ok. 12 passed; 0 failed; 0 ignored; 0 measured; 0 filtered out; finished in 0.01s

     Running tests/p2_closure.rs (/Users/lordcasser/workspace/projects/jarde/target/debug/deps/p2_closure-692fe2b75d6e9721)

running 10 tests
test a_budget_stop_keeps_every_record_inside_the_charged_attempts ... ok
test a_class_lookup_records_the_header_it_read ... ok
test a_damaged_candidate_is_charged_and_never_recorded ... ok
test a_member_symbol_is_searchable_and_reads_only_the_classes_it_needs ... ok
test a_pre_cancelled_request_reports_cancelled_and_reads_nothing ... ok
test a_read_is_recorded_for_the_definition_whose_bytes_were_read ... ok
test a_request_for_a_class_that_has_a_body_reads_no_code_byte ... ok
test byte_equal_definitions_under_two_loaders_stay_two_records ... ok
test every_indistinguishable_candidate_of_one_position_is_recorded ... ok
test the_other_two_reports_also_publish_their_reads ... ok

test result: ok. 10 passed; 0 failed; 0 ignored; 0 measured; 0 filtered out; finished in 0.01s

     Running tests/p2_contracts.rs (/Users/lordcasser/workspace/projects/jarde/target/debug/deps/p2_contracts-10d8fc2872661b01)

running 30 tests
test all_lists_are_complete_and_align_with_the_serde_names ... ok
test an_unread_body_is_not_inspected_never_a_body_fact ... ok
test analysis_request_must_name_at_least_one_stage ... ok
test body_state_and_subject_shapes_are_pinned ... ok
test caller_context_must_name_the_loader_of_its_own_domain ... ok
test caller_domain_must_be_equal_to_the_domain_declared_under_the_same_loader ... ok
test closed_sets_serialize_as_snake_case_strings ... ok
test declaration_reference_query_reports_its_stop_instead_of_an_empty_answer ... ok
test engine_query_keeps_its_p1_identity_coordinates_and_billing ... ok
test entries_charge_nothing_and_read_no_bytes ... ok
test environment_problems_of_different_codes_keep_their_declaration_order ... ok
test every_analysis_stage_is_requestable_and_schedules_its_own_prefix ... ok
test external_roots_are_unreadable_declarations_not_missing_content ... ok
test loader_uniqueness_covers_repeated_and_undeclared_caller_domains ... ok
test method_analysis_normalizes_the_request_and_schedules_the_prerequisites ... ok
test missing_parent_domain_is_reported_and_resolves_nothing ... ok
test parent_cycle_is_reported_for_every_domain_in_the_cycle ... ok
test payload_enums_use_the_kind_tag_and_round_trip ... ok
test physical_entry_modules_do_not_reference_the_p2_modules ... ok
test physical_entry_modules_do_not_reference_the_recovery_layer ... ok
test provider_roots_must_be_listed_by_a_participating_domain ... ok
test reference_use_must_describe_the_same_member_kind_as_the_target ... ok
test request_snapshot_must_be_one_of_the_provided_snapshots ... ok
test requests_and_identity_reject_unknown_fields_and_round_trip ... ok
test resolution_stops_a_member_request_at_its_first_budgeted_step ... ok
test result_planes_are_reported_side_by_side_and_never_inferred ... ok
test roots_without_provided_content_are_reported_by_index ... ok
test the_a17_guard_detects_rewritten_references_and_added_files ... ok
test unsupported_module_modes_and_delegations_are_policy_problems ... ok
test valid_environment_reports_no_problem_and_keeps_the_declaration_order ... ok

test result: ok. 30 passed; 0 failed; 0 ignored; 0 measured; 0 filtered out; finished in 0.77s

     Running tests/p2_declaration_refs.rs (/Users/lordcasser/workspace/projects/jarde/target/debug/deps/p2_declaration_refs-68dfea17ba7e4b8b)

running 34 tests
test a_bootstrap_member_argument_stays_undecided ... ok
test a_cancelled_request_scans_nothing_and_never_claims_an_answer ... ok
test a_candidate_that_resolves_to_another_declaration_is_not_an_item ... ok
test a_class_symbol_declaration_keeps_the_unavailable_state ... ok
test a_damaged_class_candidate_is_a_scan_level_stop ... ok
test a_default_conflict_is_unresolved_and_keeps_its_use_site ... ok
test a_duplicate_declaration_is_unresolved ... ok
test a_kind_mismatch_is_unresolved ... ok
test a_metadata_fact_whos_member_kind_is_unstated_stays_undecided ... ok
test a_method_handle_load_stays_undecided ... ok
test a_missing_owner_is_unresolved_and_keeps_its_use_site ... ok
test a_published_diagnostic_costs_a_result_item ... ok
test a_refused_diagnostic_charge_stops_the_report_at_the_prefix ... ok
test a_refused_header_read_that_stops_the_resolution_keeps_the_reliable_prefix ... ok
test a_rejected_environment_never_reaches_the_candidates ... ok
test a_resolution_stop_outranks_an_assembly_stop ... ok
test a_result_item_budget_that_cannot_fund_the_scan_stops_without_claiming_an_answer ... ok
test a_search_diagnostic_enters_the_report_and_is_charged ... ok
test a_sibling_name_on_the_same_owner_is_not_a_candidate ... ok
test a_signature_polymorphic_call_site_is_a_candidate_at_its_own_descriptor ... ok
test a_signature_polymorphic_invoke_exact_call_site_is_a_candidate_too ... ok
test a_static_instruction_on_an_instance_field_is_reported_without_the_kind_rule ... ok
test a_stop_that_hits_the_same_candidate_twice_is_reported_once ... ok
test a_sub_call_site_resolves_to_the_base_declaration ... ok
test an_ambiguous_owner_is_unresolved_and_keeps_its_use_site ... ok
test an_array_owner_is_unresolved ... ok
test an_artifact_tree_scope_validates_its_root_container ... ok
test an_ordinary_declaration_matches_by_name_and_descriptor_not_by_name ... ok
test an_unconsumed_pool_entry_is_not_a_candidate ... ok
test field_accesses_resolve_through_the_declaring_class ... ok
test max_items_truncates_the_items_without_turning_the_execution_partial ... ok
test publishing_the_report_stops_at_the_budget_and_keeps_its_prefix ... ok
test the_loader_of_a_declaration_is_part_of_its_identity ... ok
test the_same_names_under_two_loaders_resolve_under_the_requested_environment ... ok

test result: ok. 34 passed; 0 failed; 0 ignored; 0 measured; 0 filtered out; finished in 0.02s

     Running tests/p2_dispatch.rs (/Users/lordcasser/workspace/projects/jarde/target/debug/deps/p2_dispatch-3f430b7e505a297d)

running 33 tests
test a_class_header_stop_keeps_the_candidates_already_found ... ok
test a_closure_diagnostic_is_charged_like_every_other_resolution_result ... ok
test a_cyclic_hierarchy_in_the_range_leaves_the_plane_open ... ok
test a_declaration_of_another_kind_is_not_a_candidate ... ok
test a_declared_loader_outside_the_chain_is_an_unknown_loader_fact ... ok
test a_dependency_depth_stop_keeps_the_prefix_and_the_positions_it_declared ... ok
test a_field_declaration_enumerates_the_classes_that_declare_the_same_field ... ok
test a_missing_supertype_branch_is_the_candidates_own_dependency_fact ... ok
test a_pre_cancelled_request_never_starts_the_range ... ok
test a_range_over_a_foreign_tree_root_is_refused_as_an_input_mismatch ... ok
test a_range_position_no_position_provides_is_undecided ... ok
test a_range_position_that_resolves_outside_the_range_is_undecided ... ok
test a_range_whose_listing_cannot_be_paid_for_is_a_truncated_range ... ok
test a_refused_closure_diagnostic_keeps_the_entries_before_it ... ok
test a_request_without_a_range_publishes_no_dispatch_at_all ... ok
test a_result_items_stop_keeps_the_candidates_already_published ... ok
test a_result_items_stop_publishes_no_skipped_range ... ok
test a_rule_diagnostic_costs_one_result_item_before_the_range_runs ... ok
test a_runtime_transformation_moves_only_the_open_world_flag ... ok
test a_single_known_candidate_is_never_published_as_a_unique_target ... ok
test a_standalone_class_root_can_be_the_whole_range ... ok
test a_tree_range_over_a_class_snapshot_is_a_failed_range_not_an_empty_one ... ok
test a_truncated_listing_keeps_the_positions_it_declared_but_never_examined ... ok
test an_ambiguous_range_position_is_undecided_not_excluded ... ok
test an_artifact_tree_range_covers_the_containers_its_positions_reach ... ok
test an_external_root_is_refused_before_the_range_is_enumerated ... ok
test an_ordered_root_is_evidence_only_past_the_first_position ... ok
test every_implementation_in_the_range_is_one_known_candidate ... ok
test every_rule_diagnostic_of_one_request_is_charged_and_published ... ok
test the_candidate_rule_is_structural_and_screens_no_member_flag ... ok
test the_range_enumerates_each_name_once ... ok
test the_range_reads_headers_only_and_never_a_method_body ... ok
test the_subtype_test_compares_ancestor_nodes_not_owner_names ... ok

test result: ok. 33 passed; 0 failed; 0 ignored; 0 measured; 0 filtered out; finished in 0.02s

     Running tests/p2_entry_counts.rs (/Users/lordcasser/workspace/projects/jarde/target/debug/deps/p2_entry_counts-94a815d8eaad38b1)

running 5 tests
test every_published_sequence_is_in_its_own_order ... ok
test one_method_analysis_attempts_one_body_however_many_the_class_declares ... ok
test the_same_method_analysis_repeats_field_by_field ... ok
test the_x0_pool_probe_constructs_no_ir_and_decodes_no_body ... ok
test the_x1_consumer_scan_constructs_no_ir ... ok

test result: ok. 5 passed; 0 failed; 0 ignored; 0 measured; 0 filtered out; finished in 0.01s

     Running tests/p2_frame.rs (/Users/lordcasser/workspace/projects/jarde/target/debug/deps/p2_frame-6fd22d0f05b26ac3)

running 16 tests
test a_cancelled_request_publishes_no_frame_table ... ok
test a_constructor_completes_because_its_constructor_call_converts_the_this ... ok
test a_covered_throw_site_product_is_billed_with_its_size ... ok
test a_pre_initialization_putfield_of_the_own_name_is_accepted_without_any_declared_field ... ok
test a_range_containing_the_block_start_is_still_analyzed ... ok
test a_range_starting_inside_a_block_still_hands_its_handler_an_input ... ok
test an_exception_input_follows_the_state_its_throw_site_settles_on ... ok
test an_exception_input_into_an_already_processed_block_settles_with_it ... ok
test an_exhausted_item_budget_inside_the_names_phase_publishes_no_names ... ok
test an_exhausted_item_budget_publishes_no_frame_table ... ok
test an_uncovered_throw_site_is_not_retained ... ok
test an_uninitialized_value_used_as_a_reference_stays_the_boundary_of_this_build ... ok
test the_frame_phase_completes_a_body_without_any_debug_table ... ok
test the_two_records_of_one_handler_are_read_in_the_order_that_shows_a_fold ... ok
test two_records_naming_one_handler_still_hand_it_both_inputs ... ok
test two_throw_sites_of_one_block_still_merge_their_own_states ... ok

test result: ok. 16 passed; 0 failed; 0 ignored; 0 measured; 0 filtered out; finished in 0.08s

     Running tests/p2_golden.rs (/Users/lordcasser/workspace/projects/jarde/target/debug/deps/p2_golden-5dc71f3ad59a060d)

running 9 tests
test every_category_of_the_fixed_list_is_carried_by_a_named_entry ... ok
test every_stopped_entry_across_the_goldens_explains_itself ... ok
test the_exception_entries_complete_with_the_handler_inputs_settled ... ok
test the_historical_corpus_replays_from_45_to_52 ... ok
test the_input_side_premises_of_the_entries_hold ... ok
test the_legacy_clone_entry_bills_two_call_sites ... ok
test the_resource_boundary_entries_stop_where_their_budget_says ... ok
test the_stopped_inputs_stay_published_and_explained ... ok
test the_wide_and_switch_entry_completes ... ok

test result: ok. 9 passed; 0 failed; 0 ignored; 0 measured; 0 filtered out; finished in 0.14s

     Running tests/p2_members.rs (/Users/lordcasser/workspace/projects/jarde/target/debug/deps/p2_members-3e68f97a80b1b94e)

running 53 tests
test a_caller_definition_of_another_snapshot_passes_when_its_loader_selects_it ... ok
test a_caller_definition_the_declared_loader_does_not_bind_is_a_stop ... ok
test a_class_inherits_a_default_method_through_its_superclass_interfaces ... ok
test a_class_inherits_a_default_method_through_the_interface_step ... ok
test a_class_reference_needs_a_class_owner ... ok
test a_constructor_resolves_through_invoke_special_only ... ok
test a_cyclic_superclass_chain_stops_with_a_warning ... ok
test a_declaration_of_the_owner_itself_costs_no_dependency_depth ... ok
test a_delegated_root_that_declares_itself_as_its_supertype_is_a_cycle ... ok
test a_duplicate_declaration_in_one_class_is_ambiguous ... ok
test a_field_reference_is_not_held_to_the_static_rules ... ok
test a_member_of_the_owner_resolves_to_its_own_declaration ... ok
test a_member_resolution_reads_no_code_byte_of_a_class_that_has_a_body ... ok
test a_member_search_stops_at_its_dependency_depth ... ok
test a_member_search_stops_at_its_header_budget ... ok
test a_missing_member_keeps_the_reference_and_fabricates_nothing ... ok
test a_missing_supertype_leaves_its_branch_unread ... ok
test a_named_static_interface_declaration_still_resolves_and_still_breaks_the_kind_rule ... ok
test a_pre_cancelled_member_request_reports_cancelled_and_reads_nothing ... ok
test a_private_interface_declaration_is_ignored_by_the_superinterface_step ... ok
test a_root_name_reached_again_under_another_loader_is_another_node ... ok
test a_search_that_takes_both_kinds_of_edge_publishes_both_reasons ... ok
test a_signature_polymorphic_method_resolves_by_name_only ... ok
test a_single_default_method_resolves_through_the_interface_step ... ok
test a_static_interface_declaration_is_ignored_by_the_superinterface_step ... ok
test a_static_method_resolves_for_a_static_reference ... ok
test a_static_method_with_an_instance_reference_is_an_incompatible_change ... ok
test a_subinterface_default_overrides_its_parent ... ok
test a_supertype_that_cannot_be_told_apart_leaves_its_branch_unread ... ok
test an_abstract_method_resolves_and_warns ... ok
test an_abstract_only_interface_resolves_with_a_warning ... ok
test an_ambiguous_owner_class_publishes_its_candidates ... ok
test an_array_owner_is_unsupported ... ok
test an_entry_that_declares_another_name_is_refused_at_its_own_candidate ... ok
test an_inconsistent_caller_definition_is_a_stop_and_never_a_wrong_check ... ok
test an_inherited_member_resolves_to_the_declaring_class ... ok
test an_instance_method_with_a_static_reference_is_an_incompatible_change ... ok
test an_interface_field_is_found_before_a_superclass_field ... ok
test an_interface_reference_needs_an_interface_owner ... ok
test an_interface_super_call_resolves_through_invoke_special ... ok
test an_invokedynamic_reference_is_not_held_to_the_invocation_kind_rules ... ok
test an_unknown_caller_class_leaves_the_access_rules_unchecked ... ok
test an_unreadable_caller_hierarchy_leaves_the_access_rules_unchecked ... ok
test every_fixture_class_resolves_as_a_class_symbol ... ok
test one_request_searches_one_name_in_two_loaders_and_keeps_them_apart ... ok
test review_parent_defined_owner_resolves_its_base_from_the_parent_loader ... ok
test the_access_matrix_follows_jvms_5_4_4 ... ok
test the_default_package_is_a_run_time_package_of_its_own ... ok
test the_first_declared_direct_superinterface_wins ... ok
test the_owner_state_is_inherited_when_the_owner_does_not_resolve ... ok
test the_same_package_in_another_loader_is_a_different_runtime_package ... ok
test two_declarations_in_one_interface_are_ambiguous ... ok
test two_default_methods_are_a_default_conflict ... ok

test result: ok. 53 passed; 0 failed; 0 ignored; 0 measured; 0 filtered out; finished in 0.07s

     Running tests/p2_passes.rs (/Users/lordcasser/workspace/projects/jarde/target/debug/deps/p2_passes-2812b0939dc0eec6)

running 4 tests
test an_empty_stage_set_is_rejected_and_publishes_nothing ... ok
test every_stage_set_is_accepted_and_answered_with_the_state_of_its_passes ... ok
test the_request_shape_checks_keep_their_precedence_over_the_pass_table ... ok
test the_schedule_is_the_phase_prefix_whatever_order_the_request_names ... ok

test result: ok. 4 passed; 0 failed; 0 ignored; 0 measured; 0 filtered out; finished in 0.01s

     Running tests/p2_prefixed_roots.rs (/Users/lordcasser/workspace/projects/jarde/target/debug/deps/p2_prefixed_roots-51c1f360af3f9031)

running 17 tests
test a_candidate_that_declares_another_name_is_refused_at_its_own_origin ... ok
test a_changed_prefix_is_a_new_environment_that_reuses_no_verdict ... ok
test a_damaged_candidate_stops_the_search_at_its_own_position ... ok
test a_nested_library_and_the_application_directory_are_two_positions ... ok
test a_prefix_binds_a_war_class_without_a_directory_entry ... ok
test a_prefixed_position_binds_the_driver_method_through_the_same_root ... ok
test a_root_that_names_the_other_physical_shape_is_refused_where_it_is_read ... ok
test an_empty_prefix_and_a_layout_node_alone_bind_nothing ... ok
test an_illegal_prefix_is_an_environment_problem_and_never_guessed_around ... ok
test an_incomplete_directory_is_a_refusal_not_a_missing_verdict ... ok
test declaration_order_decides_between_two_prefixed_positions ... ok
test delegation_policy_moves_the_prefixed_positions_it_declares ... ok
test duplicate_entries_at_one_position_stay_ambiguous_with_their_own_origins ... ok
test raw_name_bytes_are_matched_exactly_and_not_normalized ... ok
test raw_non_utf8_and_multibyte_bytes_are_not_transcoded ... ok
test the_root_model_round_trips_and_refuses_the_old_and_unknown_spellings ... ok
test the_same_bytes_at_two_origins_are_two_definitions ... ok

test result: ok. 17 passed; 0 failed; 0 ignored; 0 measured; 0 filtered out; finished in 0.01s

     Running tests/p2_properties.rs (/Users/lordcasser/workspace/projects/jarde/target/debug/deps/p2_properties-7f3677629833ff8d)

running 3 tests
test the_generated_bodies_answer_deterministically ... ok
test the_generated_corpus_keeps_the_stage_invariants_in_both_directions ... ok
test the_generated_illegal_shapes_stop_where_the_prefix_says ... ok

test result: ok. 3 passed; 0 failed; 0 ignored; 0 measured; 0 filtered out; finished in 0.05s

     Running tests/p2_resolution.rs (/Users/lordcasser/workspace/projects/jarde/target/debug/deps/p2_resolution-dde2a230362b974c)

running 16 tests
test a_byte_equal_duplicate_is_ambiguous_not_ordinal ... ok
test a_cancelled_lookup_is_cancelled_and_names_no_state ... ok
test a_class_header_budget_stop_stays_a_budget_stop ... ok
test a_damaged_candidate_fails_at_its_origin_without_falling_back ... ok
test a_dispatch_request_over_a_class_symbol_names_the_missing_member_declaration ... ok
test a_failed_read_attempt_is_charged_and_has_no_fallback ... ok
test a_listing_that_stops_early_never_reads_as_missing ... ok
test a_rejected_environment_never_selects_a_definition ... ok
test a_standalone_class_root_is_matched_through_its_own_name ... ok
test an_artifact_tree_root_searches_its_own_container_only ... ok
test parent_first_selects_the_ancestor_and_child_first_the_caller ... ok
test reading_failures_and_cancellations_never_occupy_a_semantic_state ... ok
test several_candidates_at_one_position_are_ambiguous ... ok
test the_first_declared_root_that_holds_the_name_wins ... ok
test the_same_bytes_at_two_origins_are_not_merged ... ok
test unreadable_and_unprovided_roots_are_problems_not_positions ... ok

test result: ok. 16 passed; 0 failed; 0 ignored; 0 measured; 0 filtered out; finished in 0.00s

     Running tests/p2_return_address.rs (/Users/lordcasser/workspace/projects/jarde/target/debug/deps/p2_return_address-30fc6e4f9c808d33)

running 11 tests
test a_body_whose_decode_stopped_keeps_its_call_graph_unresolved ... ok
test a_legacy_opcode_in_the_modern_dialect_is_a_violation_not_a_limitation ... ok
test a_live_call_site_behind_a_mid_block_jsr_is_still_refused ... ok
test a_return_address_the_bytes_do_not_prove_stops_the_stage_before_it_completes ... ok
test a_version_the_format_allows_still_analyzes_however_old_it_is ... ok
test a_version_the_format_does_not_allow_is_refused_where_the_dialect_is_decided ... ok
test the_call_context_walk_stops_on_its_own_step_budget ... ok
test the_historical_jsr_finally_completes_the_call_context_pass ... ok
test the_modern_dialect_pays_nothing_for_its_empty_context_set ... ok
test the_p1_query_coordinates_are_unchanged_by_a_call_context_run ... ok
test the_same_call_context_request_publishes_the_same_report ... ok

test result: ok. 11 passed; 0 failed; 0 ignored; 0 measured; 0 filtered out; finished in 0.01s

     Running tests/p2_ssa.rs (/Users/lordcasser/workspace/projects/jarde/target/debug/deps/p2_ssa-ba411396ec9b67b0)

running 5 tests
test a_cancelled_request_publishes_no_names ... ok
test a_phi_that_takes_its_own_value_as_an_operand_is_still_legal ... ok
test a_step_budget_that_ends_the_ssa_phase_keeps_the_last_valid_phase ... ok
test the_names_of_a_body_are_billed_and_charged_deterministically ... ok
test the_ssa_phase_names_a_real_body_and_completes_the_pipeline ... ok

test result: ok. 5 passed; 0 failed; 0 ignored; 0 measured; 0 filtered out; finished in 0.01s

     Running tests/p3_accessor_edges.rs (/Users/lordcasser/workspace/projects/jarde/target/debug/deps/p3_accessor_edges-2ef4abbc465212f9)

running 5 tests
test a_bytecode_index_a_clone_repeats_still_names_the_member_it_is_in ... ok
test a_call_to_another_classs_same_named_member_is_not_read_from_this_class ... ok
test the_anchors_name_the_member_each_field_access_is_in_and_only_named_bodies_are_read ... ok
test the_driver_and_its_same_class_callees_share_one_read_and_one_preparation ... ok
test the_two_original_edges_survive_a_recovery_run_field_by_field ... ok

test result: ok. 5 passed; 0 failed; 0 ignored; 0 measured; 0 filtered out; finished in 0.04s

     Running tests/p3_alias_field.rs (/Users/lordcasser/workspace/projects/jarde/target/debug/deps/p3_alias_field-8c1f40e83e247759)

running 3 tests
test a_local_alias_receiver_is_presented_from_the_frames_slot_type ... ok
test a_parameter_receiver_is_unchanged ... ok
test a_this_receiver_is_unchanged ... ok

test result: ok. 3 passed; 0 failed; 0 ignored; 0 measured; 0 filtered out; finished in 0.05s

     Running tests/p3_annotation_default.rs (/Users/lordcasser/workspace/projects/jarde/target/debug/deps/p3_annotation_default-5c96d9567799bdbf)

running 8 tests
test a_default_is_written_wherever_the_attribute_appears_and_only_as_far_as_it_spells ... ok
test a_member_whose_attribute_does_not_read_is_refused_beside_the_members_that_do ... ok
test an_annotation_members_default_is_written_from_its_own_attribute ... ok
test an_unspellable_float_descendant_refuses_the_whole_array_default ... ok
test declaration_headers_keep_ordinary_and_noncanonical_superinterfaces ... ok
test floating_defaults_keep_raw_bits_in_java_constant_expressions ... ok
test nested_defaults_keep_attribute_identity_and_request_stop_semantics ... ok
test the_class_an_enum_default_names_declares_no_annotation_default ... ok

test result: ok. 8 passed; 0 failed; 0 ignored; 0 measured; 0 filtered out; finished in 0.05s

     Running tests/p3_anonymous_class_facts.rs (/Users/lordcasser/workspace/projects/jarde/target/debug/deps/p3_anonymous_class_facts-e0608e39f2c7a6ec)

running 1 test
test selected_anonymous_class_stays_a_separate_class_source_declaration ... ok

test result: ok. 1 passed; 0 failed; 0 ignored; 0 measured; 0 filtered out; finished in 0.04s

     Running tests/p3_array_access.rs (/Users/lordcasser/workspace/projects/jarde/target/debug/deps/p3_array_access-87c185b6516ec538)

running 11 tests
test a_boolean_element_read_is_evidence_only_where_the_array_is_proven_boolean ... ok
test a_complete_initializer_chain_is_written_at_its_consumer ... ok
test a_local_receives_the_proved_initializer_before_it_is_read ... ok
test a_multi_dimensional_creation_is_one_creation_with_the_lengths_its_operand_states ... ok
test a_narrow_element_read_adds_no_conversion_the_bytecode_did_not_perform ... ok
test a_nested_read_reindexes_the_subscript_it_read ... ok
test a_reference_creation_takes_its_element_from_the_pool_class ... ok
test an_array_creation_its_subscripts_and_its_local_are_written ... ok
test an_element_read_of_a_parameter_array_is_the_subscript ... ok
test an_element_write_is_the_subscript_assignment ... ok
test the_length_of_an_array_is_a_suffix_over_it ... ok

test result: ok. 11 passed; 0 failed; 0 ignored; 0 measured; 0 filtered out; finished in 0.11s

     Running tests/p3_array_foreach.rs (/Users/lordcasser/workspace/projects/jarde/target/debug/deps/p3_array_foreach-51b32c5b7fe85b1f)

running 6 tests
test complete_java8_classes_keep_supplier_and_element_execution_order ... ok
test low_work_budget_and_cancellation_publish_no_partial_array_loop ... ok
test primitive_and_reference_arrays_project_but_unsafe_shapes_do_not ... ok
test projected_origins_and_body_are_identical_under_essential_and_all_evidence ... ok
test reused_array_and_int_slot_recompile_with_and_without_debug_names ... ok
test same_slot_later_local_declaration_survives_array_projection ... ok

test result: ok. 6 passed; 0 failed; 0 ignored; 0 measured; 0 filtered out; finished in 3.85s

     Running tests/p3_array_initializers.rs (/Users/lordcasser/workspace/projects/jarde/target/debug/deps/p3_array_initializers-f753bfa95ca72d83)

running 4 tests
test a_method_without_array_allocations_keeps_its_tight_ir_budget ... ok
test a_partial_dimension_allocation_does_not_enter_the_initializer_candidate_path ... ok
test an_exhausted_output_budget_does_not_publish_a_partial_class ... ok
test complete_initializer_chains_have_stable_bodies_and_claim_every_source ... ok

test result: ok. 4 passed; 0 failed; 0 ignored; 0 measured; 0 filtered out; finished in 0.06s

     Running tests/p3_array_slot_retype_locals.rs (/Users/lordcasser/workspace/projects/jarde/target/debug/deps/p3_array_slot_retype_locals-c60a828427ba0ef3)

running 6 tests
test a_join_that_merges_two_definitions_keeps_one_variable_verbatim ... ok
test a_loop_that_merges_two_definitions_keeps_one_variable_verbatim ... ok
test the_dynamic_dimension_control_keeps_its_text_verbatim ... ok
test the_retyped_slot_presents_one_declaration_per_definition_and_recompiles ... ok
test the_same_element_shape_keeps_one_variable_verbatim ... ok
test the_three_type_alternation_presents_three_declarations_and_recompiles ... ok

test result: ok. 6 passed; 0 failed; 0 ignored; 0 measured; 0 filtered out; finished in 1.27s

     Running tests/p3_array_types.rs (/Users/lordcasser/workspace/projects/jarde/target/debug/deps/p3_array_types-253a6c533bef0361)

running 9 tests
test a_class_position_an_array_type_cannot_occupy_is_recorded_as_a_boundary ... ok
test a_descriptor_that_states_no_java_type_is_refused_at_its_bci ... ok
test a_multi_dimensional_array_declaration_states_every_dimension ... ok
test a_primitive_array_declaration_is_a_java_byte_array ... ok
test a_reference_array_declaration_spells_its_element_like_any_other_class ... ok
test an_object_type_and_a_primitive_keep_the_spelling_they_had ... ok
test an_owner_or_construction_class_with_no_java_spelling_is_refused ... ok
test every_declared_member_is_covered_by_this_file ... ok
test no_type_position_publishes_a_descriptor ... ok

test result: ok. 9 passed; 0 failed; 0 ignored; 0 measured; 0 filtered out; finished in 0.04s

     Running tests/p3_arraylength_loop_condition.rs (/Users/lordcasser/workspace/projects/jarde/target/debug/deps/p3_arraylength_loop_condition-d4168b0eada318d0)

running 2 tests
test budget_and_cancellation_do_not_publish_a_partial_array_length_loop ... ok
test stride_two_loop_keeps_array_length_index_update_return_and_origins ... ok

test result: ok. 2 passed; 0 failed; 0 ignored; 0 measured; 0 filtered out; finished in 0.05s

     Running tests/p3_bitwise.rs (/Users/lordcasser/workspace/projects/jarde/target/debug/deps/p3_bitwise-1ed1f18a5c73ec71)

running 5 tests
test a_bitwise_class_source_budget_and_cancellation_are_bounded_outcomes ... ok
test bitwise_source_uses_real_bcis_and_default_text_is_stable ... ok
test deep_bitwise_values_fall_back_and_local_dependencies_reach_a_bounded_fixpoint ... ignored, requires JDK: compile deep-expression and local-dependency bounds at runtime
test fixture_has_the_complete_integral_and_boolean_surface ... ok
test recovered_bitwise_probe_matches_original_runtime ... ignored, requires JDK: compile Engine::class_source output and execute a temporary runner

test result: ok. 3 passed; 0 failed; 2 ignored; 0 measured; 0 filtered out; finished in 0.08s

     Running tests/p3_boolean_array_initializers.rs (/Users/lordcasser/workspace/projects/jarde/target/debug/deps/p3_boolean_array_initializers-92425dd2851308ba)

running 2 tests
test complete_recovered_class_recompiles_and_matches_the_verified_fixture ... ignored, needs a JDK on PATH to compile the complete recovered class with Java 8
test effectful_initializer_recovery_preserves_order_and_partial_exception_trace ... ignored, needs a JDK on PATH to compile and execute the effectful complete-class comparison

test result: ok. 0 passed; 0 failed; 2 ignored; 0 measured; 0 filtered out; finished in 0.00s

     Running tests/p3_boolean_array_store_contract.rs (/Users/lordcasser/workspace/projects/jarde/target/debug/deps/p3_boolean_array_store_contract-957d5bf926780854)

running 6 tests
test a_boolean_provenance_value_keeps_the_existing_direct_spelling ... ok
test audited_bastore_is_low_bit_boolean_and_keeps_store_and_operand_origins ... ok
test audited_order_keeps_each_producer_once_and_at_the_original_store ... ok
test evidence_modes_and_method_replay_keep_the_same_body_and_origins ... ok
test output_budget_and_precancellation_publish_no_partial_low_bit_result ... ok
test presented_byte_char_and_short_values_are_admitted_only_at_proven_boolean_stores ... ok

test result: ok. 6 passed; 0 failed; 0 ignored; 0 measured; 0 filtered out; finished in 0.07s

     Running tests/p3_boolean_array_stores.rs (/Users/lordcasser/workspace/projects/jarde/target/debug/deps/p3_boolean_array_stores-340dc6fcc5c296be)

running 1 test
test complete_boolean_array_classes_match_the_verified_jvm ... ok

test result: ok. 1 passed; 0 failed; 0 ignored; 0 measured; 0 filtered out; finished in 1.37s

     Running tests/p3_boolean_contexts.rs (/Users/lordcasser/workspace/projects/jarde/target/debug/deps/p3_boolean_contexts-d92b70aaa53cffcc)

running 13 tests
test a_boolean_call_result_is_a_truth_test_not_an_int_comparison ... ok
test a_boolean_return_is_written_as_a_boolean ... ok
test a_literal_operand_is_a_truth_test ... ok
test a_local_filled_from_proven_boolean_evidence_is_declared_boolean ... ok
test a_proven_boolean_operand_beside_an_int_literal_is_refused ... ok
test a_store_without_boolean_evidence_into_a_boolean_variable_is_refused ... ok
test an_int_context_keeps_its_int_shape ... ok
test an_integer_comparison_keeps_its_integer_literals_on_either_side ... ok
test an_integer_operand_in_a_z_return_uses_its_low_bit ... ok
test every_declared_member_is_covered_by_this_file ... ok
test every_declared_member_of_the_comparison_sample_is_covered ... ok
test the_boolean_contexts_of_the_comparison_sample_keep_their_presentation ... ok
test the_evidence_the_layer_states_keeps_its_presentation ... ok

test result: ok. 13 passed; 0 failed; 0 ignored; 0 measured; 0 filtered out; finished in 0.05s

     Running tests/p3_boolean_field_stores.rs (/Users/lordcasser/workspace/projects/jarde/target/debug/deps/p3_boolean_field_stores-8688eee1ada12432)

running 4 tests
test frozen_fixture_pins_descriptors_code_and_the_preimplementation_red ... ok
test recovered_z_field_stores_match_the_patched_jvm ... ignored, requires JDK: compile the complete recovered class and compare its 40 rows with the patched JVM
test z_field_budget_and_cancellation_stops_publish_no_partial_class ... ok
test z_field_consumers_keep_boolean_proofs_and_source_origins ... ok

test result: ok. 3 passed; 0 failed; 1 ignored; 0 measured; 0 filtered out; finished in 0.05s

     Running tests/p3_boolean_short_circuit_return.rs (/Users/lordcasser/workspace/projects/jarde/target/debug/deps/p3_boolean_short_circuit_return-4c5d4dd1e6e7bf3f)

running 2 tests
test integer_return_or_non_boolean_leaves_keep_the_numeric_conversion ... ok
test return_consumers_use_short_circuit_operators_and_keep_all_origins ... ok

test result: ok. 2 passed; 0 failed; 0 ignored; 0 measured; 0 filtered out; finished in 0.65s

     Running tests/p3_catch_after_field_assignment.rs (/Users/lordcasser/workspace/projects/jarde/target/debug/deps/p3_catch_after_field_assignment-fd05b85c396a20b0)

running 2 tests
test a_complete_field_assignment_precedes_the_named_catch ... ok
test a_range_beginning_inside_the_field_assignment_is_not_a_plain_catch ... ok

test result: ok. 2 passed; 0 failed; 0 ignored; 0 measured; 0 filtered out; finished in 0.05s

     Running tests/p3_caught_value_argument_typing.rs (/Users/lordcasser/workspace/projects/jarde/target/debug/deps/p3_caught_value_argument_typing-e96c0da5c965ee00)

running 2 tests
test the_no_reuse_controls_text_is_unchanged ... ok
test the_slot_reusing_handlers_argument_presents_the_rows_own_type ... ok

test result: ok. 2 passed; 0 failed; 0 ignored; 0 measured; 0 filtered out; finished in 0.06s

     Running tests/p3_chained_store.rs (/Users/lordcasser/workspace/projects/jarde/target/debug/deps/p3_chained_store-e672a38d691a6091)

running 2 tests
test a_dup_in_front_of_two_local_stores_is_written_as_one_value ... ok
test an_array_initializer_copy_is_owned_by_its_separate_rule ... ok

test result: ok. 2 passed; 0 failed; 0 ignored; 0 measured; 0 filtered out; finished in 0.04s

     Running tests/p3_char_switch.rs (/Users/lordcasser/workspace/projects/jarde/target/debug/deps/p3_char_switch-0b632b43266f7011)

running 1 test
test a_char_selector_writes_character_keys_and_an_int_selector_stays_decimal ... ok

test result: ok. 1 passed; 0 failed; 0 ignored; 0 measured; 0 filtered out; finished in 0.04s

     Running tests/p3_class_literals.rs (/Users/lordcasser/workspace/projects/jarde/target/debug/deps/p3_class_literals-f581ca7920e404a3)

running 5 tests
test a_low_class_source_budget_and_cancellation_follow_the_existing_stop_contract ... ok
test all_class_literals_are_recovered_once_with_their_real_constant_pool_origins ... ok
test class_literal_name_resolution_refuses_known_type_collisions_but_keeps_local_names ... ok
test frozen_fixture_covers_the_original_class_pool_and_red_boundary ... ok
test original_jadx_and_jarde_whole_classes_compile_and_have_equal_runtime_results ... ignored, requires javac and java on PATH

test result: ok. 4 passed; 0 failed; 1 ignored; 0 measured; 0 filtered out; finished in 0.05s

     Running tests/p3_compound_lvalue_updates.rs (/Users/lordcasser/workspace/projects/jarde/target/debug/deps/p3_compound_lvalue_updates-1c9d6410547e07a4)

running 4 tests
test compound_recovery_keeps_output_evidence_and_cancellation_stops ... ok
test lvalue_prefix_gaps_refuse_compound_claims_and_keep_the_complete_chain ... ok
test mismatched_and_shared_lvalue_copies_are_refused_with_their_source_anchors ... ok
test same_block_field_and_int_array_updates_are_single_evaluation_source_mapped_statements ... ok

test result: ok. 4 passed; 0 failed; 0 ignored; 0 measured; 0 filtered out; finished in 0.15s

     Running tests/p3_concat_char.rs (/Users/lordcasser/workspace/projects/jarde/target/debug/deps/p3_concat_char-e5452b291c844892)

running 1 test
test a_character_part_is_a_string_operand_of_the_chain ... ok

test result: ok. 1 passed; 0 failed; 0 ignored; 0 measured; 0 filtered out; finished in 0.04s

     Running tests/p3_concat_conversion.rs (/Users/lordcasser/workspace/projects/jarde/target/debug/deps/p3_concat_conversion-602a7faa438ef8b9)

running 10 tests
test a_boolean_part_is_spelled_by_its_append_descriptor ... ok
test a_boolean_part_whose_value_is_not_a_boolean_is_refused ... ok
test a_chain_that_starts_with_parts_needing_conversion_starts_in_a_string_context ... ok
test a_deep_chain_is_presented_instead_of_aborting ... ok
test a_deep_chain_under_a_short_output_bound_stops_without_an_artifact ... ok
test a_part_that_is_itself_an_addition_keeps_its_own_group ... ok
test each_part_carries_its_append_and_the_string_context_carries_the_chain ... ok
test null_and_object_parts_keep_their_conversion ... ok
test the_generated_chain_is_deterministic_and_its_shape_is_the_one_recorded ... ok
test the_two_controls_gain_nothing ... ok

test result: ok. 10 passed; 0 failed; 0 ignored; 0 measured; 0 filtered out; finished in 6.92s

     Running tests/p3_content.rs (/Users/lordcasser/workspace/projects/jarde/target/debug/deps/p3_content-9e3af06af37f4a38)

running 4 tests
test a_committed_statement_makes_the_artifact_contain_statements ... ok
test a_stopped_run_reports_not_produced ... ok
test explanation_only_means_no_emitted_statement ... ok
test the_hand_built_shapes_classify_from_their_structure ... ok

test result: ok. 4 passed; 0 failed; 0 ignored; 0 measured; 0 filtered out; finished in 0.03s

     Running tests/p3_crossing_array_read_values.rs (/Users/lordcasser/workspace/projects/jarde/target/debug/deps/p3_crossing_array_read_values-bd7aa2516e36d28c)

running 5 tests
test a_budget_starved_variant_run_states_no_recovery ... ok
test f2_recovers_and_the_unprotected_control_stays_verbatim ... ok
test the_nested_try_boundary_stays_where_the_region_layer_left_it ... ok
test the_refused_shapes_keep_their_refusals ... ok
test the_variant_family_recovers_and_runs_like_the_original ... ok

test result: ok. 5 passed; 0 failed; 0 ignored; 0 measured; 0 filtered out; finished in 0.63s

     Running tests/p3_declaration_handoff.rs (/Users/lordcasser/workspace/projects/jarde/target/debug/deps/p3_declaration_handoff-6eef2a4b53d2e1cf)

running 10 tests
test a_body_that_still_has_fallbacks_keeps_its_quality ... ok
test a_mangled_class_name_is_displayed_and_moves_nothing_but_the_display ... ok
test a_stopped_run_publishes_no_declaration_and_no_class_facts ... ok
test an_ordinary_member_charges_the_same_reads_and_bytes_as_before_the_handoff ... ok
test the_class_facts_are_taken_from_the_read_that_was_already_there ... ok
test the_payload_states_the_declaring_class_facts_the_same_header_read_holds ... ok
test the_prepared_callee_read_needs_no_second_class_read ... ok
test the_prepared_driver_read_consumes_the_class_the_caller_already_read ... ok
test the_public_entry_decides_every_member_form_from_the_runs_own_class_facts ... ok
test two_definitions_of_the_same_internal_name_keep_their_own_class_facts ... ok

test result: ok. 10 passed; 0 failed; 0 ignored; 0 measured; 0 filtered out; finished in 0.04s

     Running tests/p3_declarations.rs (/Users/lordcasser/workspace/projects/jarde/target/debug/deps/p3_declarations-bdee8bc27703d71a)

running 5 tests
test a_field_whose_constant_value_cannot_be_read_is_never_spelled_without_it ... ok
test a_fields_initializer_is_the_constant_its_own_attribute_states ... ok
test a_members_throws_clause_is_its_own_exceptions_attribute ... ok
test an_interface_member_is_default_exactly_when_the_class_and_the_member_say_so ... ok
test the_package_line_is_the_package_the_classs_own_name_states ... ok

test result: ok. 5 passed; 0 failed; 0 ignored; 0 measured; 0 filtered out; finished in 0.07s

     Running tests/p3_deferred_value_order.rs (/Users/lordcasser/workspace/projects/jarde/target/debug/deps/p3_deferred_value_order-51cb1f73278fd1b8)

running 3 tests
test deferred_value_sources_keep_producer_mark_consumer_bcis_and_default_text ... ok
test deferred_values_keep_real_producer_order_and_structural_controls ... ok
test recovered_deferred_value_order_matches_patched_class_runtime ... ignored, requires JDK: compile Engine::class_source output and execute the patched class oracle

test result: ok. 2 passed; 0 failed; 1 ignored; 0 measured; 0 filtered out; finished in 0.06s

     Running tests/p3_edge_settlement.rs (/Users/lordcasser/workspace/projects/jarde/target/debug/deps/p3_edge_settlement-bb6f8ce7f710575f)

running 4 tests
test a_nested_statement_whose_range_begins_inside_its_block_is_written ... ok
test a_range_that_begins_inside_a_block_whose_instruction_throws_settles_it ... ok
test a_row_nothing_in_its_range_can_throw_does_not_quote_the_block ... ok
test a_row_whose_range_holds_no_throwing_instruction_is_still_the_bodys_statement ... ok

test result: ok. 4 passed; 0 failed; 0 ignored; 0 measured; 0 filtered out; finished in 0.06s

     Running tests/p3_eval_context.rs (/Users/lordcasser/workspace/projects/jarde/target/debug/deps/p3_eval_context-2dcb8ee7c91a2fac)

running 10 tests
test a_call_argument_is_saved_before_a_following_write ... ok
test a_nested_arithmetic_is_checked_where_its_text_is_evaluated ... ok
test a_nested_expression_that_crosses_no_write_is_still_written ... ok
test a_read_behind_another_read_is_named_too ... ok
test a_recursion_that_re_enters_its_own_loop_stops_instead_of_aborting ... ok
test a_refused_instance_read_keeps_the_null_pointer_it_can_throw ... ok
test a_refused_static_read_keeps_the_class_initialization_it_can_run ... ok
test every_presented_field_read_is_accounted_for_by_its_artifact ... ok
test the_printed_text_keeps_the_arithmetic_tree ... ok
test the_printed_text_keeps_the_grouping_of_every_position ... ok

test result: ok. 10 passed; 0 failed; 0 ignored; 0 measured; 0 filtered out; finished in 0.04s

     Running tests/p3_exception_scope.rs (/Users/lordcasser/workspace/projects/jarde/target/debug/deps/p3_exception_scope-6f3811d9c7145df2)

running 1 test
test handler_local_stays_in_the_catch_and_both_assignments_can_join ... ok

test result: ok. 1 passed; 0 failed; 0 ignored; 0 measured; 0 filtered out; finished in 0.03s

     Running tests/p3_execution_comparison.rs (/Users/lordcasser/workspace/projects/jarde/target/debug/deps/p3_execution_comparison-b749bd8f257d14ba)

running 3 tests
test the_bulk_entrys_bodies_are_the_same_text_and_the_same_behaviour ... ignored, needs a JDK on PATH: it compiles the wrappers it generates with `javac --release 8` and runs them (see tests/fixtures/p3-corpus/README.md)
test the_corpus_is_read_the_same_way_by_every_legal_flag_set ... ignored, needs a JDK on PATH: it compiles the wrappers it generates with `javac --release 8` and runs them (see tests/fixtures/p3-corpus/README.md)
test the_p3_findings_are_replayed_by_compiling_and_executing_the_bodies ... ignored, needs a JDK on PATH: it compiles the wrappers it generates with `javac --release 8` and runs them. `cargo test` therefore stays green without a compiler; CI's JDK job runs it with `-- --ignored` (see tests/fixtures/p3-corpus/README.md)

test result: ok. 0 passed; 0 failed; 3 ignored; 0 measured; 0 filtered out; finished in 0.00s

     Running tests/p3_field_increment.rs (/Users/lordcasser/workspace/projects/jarde/target/debug/deps/p3_field_increment-55e006739f311454)

running 3 tests
test a_post_increment_returns_the_old_value_and_a_pre_increment_the_sum ... ok
test field_summary_is_independent_of_details_and_driver_range ... ok
test the_update_is_the_text_the_instructions_that_perform_it_are_anchored_at ... ok

test result: ok. 3 passed; 0 failed; 0 ignored; 0 measured; 0 filtered out; finished in 0.05s

     Running tests/p3_field_presentations.rs (/Users/lordcasser/workspace/projects/jarde/target/debug/deps/p3_field_presentations-b77a746994003a52)

running 1 test
test field_write_tracks_the_final_java_assignment_across_gateway_shapes ... ok

test result: ok. 1 passed; 0 failed; 0 ignored; 0 measured; 0 filtered out; finished in 0.05s

     Running tests/p3_final_static.rs (/Users/lordcasser/workspace/projects/jarde/target/debug/deps/p3_final_static-d7f4000a0e66579e)

running 5 tests
test clinit_uses_simple_blank_final_writes_and_reserves_local_names ... ok
test essential_sources_match_all_sources_but_publish_no_source_map ... ok
test final_static_proof_rejects_missing_mismatch_owner_ambiguity_nonfinal_and_constant ... ok
test fixture_keeps_the_static_final_and_instance_final_boundaries ... ok
test recovered_complete_class_matches_original_in_both_clinit_branches ... ignored, requires JDK: compile and execute the original and recovered complete classes

test result: ok. 4 passed; 0 failed; 1 ignored; 0 measured; 0 filtered out; finished in 0.09s

     Running tests/p3_finally_straight.rs (/Users/lordcasser/workspace/projects/jarde/target/debug/deps/p3_finally_straight-b8eee24f7911df27)

running 5 tests
test a_branching_protected_body_stays_inside_structured_finally ... ok
test a_divergent_copy_or_narrowed_range_stays_quoted ... ok
test a_stack_value_crossing_the_protected_boundary_is_quoted ... ok
test a_straight_lead_stays_before_the_protected_snapshot_return ... ok
test a_straight_proved_copy_has_one_cleanup_and_returns_the_saved_local ... ok

test result: ok. 5 passed; 0 failed; 0 ignored; 0 measured; 0 filtered out; finished in 0.06s

     Running tests/p3_floating_constants.rs (/Users/lordcasser/workspace/projects/jarde/target/debug/deps/p3_floating_constants-84a8f5b7cdef5524)

running 4 tests
test essential_and_all_have_the_same_text_but_only_all_has_source_origins ... ok
test fixture_covers_typed_finite_and_special_float_values ... ok
test recovered_complete_class_matches_frozen_original_raw_bits ... ignored, requires JDK: compile and execute the original and recovered complete classes
test recovered_text_keeps_float_double_types_grouping_and_consumers ... ok

test result: ok. 3 passed; 0 failed; 1 ignored; 0 measured; 0 filtered out; finished in 0.07s

     Running tests/p3_for_add_store.rs (/Users/lordcasser/workspace/projects/jarde/target/debug/deps/p3_for_add_store-3640724561b46a2c)

running 3 tests
test changed_step_extra_consumer_shared_effect_and_post_use_do_not_move ... ok
test outer_continue_runs_the_update_and_skips_the_body_tail ... ok
test pure_add_store_latch_is_one_for_update ... ok

test result: ok. 3 passed; 0 failed; 0 ignored; 0 measured; 0 filtered out; finished in 0.07s

     Running tests/p3_for_latch.rs (/Users/lordcasser/workspace/projects/jarde/target/debug/deps/p3_for_latch-bbc03562be0d5698)

running 3 tests
test a_post_loop_use_or_another_update_refuses_the_header_projection ... ok
test for_proof_obeys_the_request_budget_and_cancellation ... ok
test the_single_induction_update_is_a_for_header ... ok

test result: ok. 3 passed; 0 failed; 0 ignored; 0 measured; 0 filtered out; finished in 0.06s

     Running tests/p3_forward_join.rs (/Users/lordcasser/workspace/projects/jarde/target/debug/deps/p3_forward_join-aa864a4852a6902e)

running 3 tests
test a_real_loop_is_still_a_while ... ok
test the_shared_successor_of_an_and_is_the_outer_ifs_join ... ok
test the_shared_successor_of_an_or_is_the_same_join ... ok

test result: ok. 3 passed; 0 failed; 0 ignored; 0 measured; 0 filtered out; finished in 0.06s

     Running tests/p3_guard.rs (/Users/lordcasser/workspace/projects/jarde/target/debug/deps/p3_guard-4006af1adb2ea08d)

running 13 tests
test a_close_the_exception_path_lacks_is_refused ... ok
test a_finally_copy_is_refused_and_the_refusal_says_which_code_it_copies ... ok
test a_guarded_body_that_branches_is_refused ... ok
test a_handler_range_that_swallows_the_initialisation_is_refused ... ok
test a_monitor_whose_exception_path_does_not_exit_is_refused ... ok
test a_profile_that_does_not_admit_the_header_refuses_it ... ok
test a_resource_initialised_after_an_earlier_one_is_inside_the_region_that_closes_it ... ok
test a_second_entry_into_a_monitor_region_is_refused ... ok
test a_single_resource_is_declared_in_the_header_and_closed_by_the_compiler ... ok
test a_suppression_that_is_the_other_way_round_is_refused ... ok
test a_synchronized_block_is_written_only_where_every_path_leaves_the_monitor ... ok
test a_try_with_a_catch_beside_it_presents_the_statement_and_its_clause ... ok
test three_resources_are_declared_in_the_order_whose_closes_run_backwards ... ok

test result: ok. 13 passed; 0 failed; 0 ignored; 0 measured; 0 filtered out; finished in 0.07s

     Running tests/p3_handler_store.rs (/Users/lordcasser/workspace/projects/jarde/target/debug/deps/p3_handler_store-5685f8d699e63aaa)

running 2 tests
test a_handlers_own_binding_store_is_not_a_resource_header ... ok
test no_instruction_of_the_member_is_outside_the_graphs_account ... ok

test result: ok. 2 passed; 0 failed; 0 ignored; 0 measured; 0 filtered out; finished in 0.06s

     Running tests/p3_hoisted_boolean.rs (/Users/lordcasser/workspace/projects/jarde/target/debug/deps/p3_hoisted_boolean-600fd0e06235b126)

running 9 tests
test a_copy_chain_through_another_boolean_local_stays_boolean ... ok
test a_hoisted_local_copied_from_a_boolean_local_is_declared_boolean ... ok
test a_write_that_cannot_be_spelled_as_the_decided_type_terminates_its_structure ... ok
test an_int_local_at_a_boolean_return_uses_the_jvm_low_bit ... ok
test every_declared_member_is_covered_by_this_file ... ok
test the_conclusion_does_not_depend_on_the_order_the_arms_come_in ... ok
test the_controls_the_evidence_types_keep_their_text ... ok
test the_literal_only_local_keeps_the_type_the_frames_state ... ok
test the_type_decision_is_billed_and_a_stopped_run_commits_nothing ... ok

test result: ok. 9 passed; 0 failed; 0 ignored; 0 measured; 0 filtered out; finished in 0.05s

     Running tests/p3_immediate_functional_receivers.rs (/Users/lordcasser/workspace/projects/jarde/target/debug/deps/p3_immediate_functional_receivers-0a213688229b528b)

running 16 tests
test a_branchy_lambda_helper_renames_while_the_straight_one_inlines ... ok
test all_three_frozen_classes_keep_typed_immediate_receivers_and_compile_whole ... ok
test an_overdeep_lambda_helper_renames_instead_of_walking_an_unbounded_body ... ok
test array_constructor_projection_budget_stop_keeps_method_and_helper_together ... ok
test captured_array_length_stays_a_lambda_call_and_keeps_its_physical_helper ... ok
test captured_helper_handle_or_physical_flags_mismatch_refuses_omission ... ok
test captured_int_parameter_precedes_sam_parameter_in_the_helper_mapping ... ok
test captured_lambda_ir_budget_stop_keeps_physical_helpers_and_does_not_inline ... ok
test class_source_projects_array_constructor_atomically_with_same_named_helper ... ok
test direct_int_and_this_plus_int_captures_inline_with_call_time_semantics ... ok
test effectful_capture_source_inlines_its_local_capture_once_with_call_time_semantics ... ok
test lambda_helper_projection_budget_stop_does_not_publish_partial_helpers ... ok
test no_capture_primitive_lambda_helpers_inline_as_one_class_projection ... ok
test phi_merged_capture_source_is_refused_without_hiding_its_helper ... ok
test raw_function_array_constructor_keeps_its_physical_helper_and_lambda_site ... ok
test receiver_cast_output_and_ir_budgets_and_cancellation_do_not_publish_partial_java ... ok

test result: ok. 16 passed; 0 failed; 0 ignored; 0 measured; 0 filtered out; finished in 7.16s

     Running tests/p3_instance_receiver.rs (/Users/lordcasser/workspace/projects/jarde/target/debug/deps/p3_instance_receiver-f41872fc390bda56)

running 4 tests
test a_constructors_own_receiver_is_this_and_its_writes_keep_their_place ... ok
test a_receiver_the_body_never_reads_is_not_written_and_is_no_longer_an_alias ... ok
test a_static_members_slot_zero_is_still_its_ordinal_parameter ... ok
test an_instance_members_receiver_is_written_as_this_where_the_body_reads_it ... ok

test result: ok. 4 passed; 0 failed; 0 ignored; 0 measured; 0 filtered out; finished in 0.05s

     Running tests/p3_instanceof.rs (/Users/lordcasser/workspace/projects/jarde/target/debug/deps/p3_instanceof-da5c7d95234982d9)

running 7 tests
test essential_and_all_have_the_same_text_but_only_all_has_source_origins ... ok
test fixture_covers_positive_instanceof_shapes_without_merge_negative ... ok
test frozen_instanceof_patches_have_expected_class_sizes ... ok
test instanceof_method_replay_and_budget_stops_preserve_atomic_text_and_sources ... ok
test recovered_complete_class_matches_original_runtime ... ignored, requires JDK: compile and execute original and recovered complete classes
test recovered_instanceof_text_keeps_operands_targets_and_boolean_consumers ... ok
test unsupported_instanceof_consumers_keep_producers_and_real_boundary_sources ... ok

test result: ok. 6 passed; 0 failed; 1 ignored; 0 measured; 0 filtered out; finished in 0.08s

     Running tests/p3_integer_boolean_return_boundaries.rs (/Users/lordcasser/workspace/projects/jarde/target/debug/deps/p3_integer_boolean_return_boundaries-35dd36a22b2bf30f)

running 1 test
test shared_switch_operand_arms_and_real_ireturn_are_distinct_origins ... ok

test result: ok. 1 passed; 0 failed; 0 ignored; 0 measured; 0 filtered out; finished in 0.34s

     Running tests/p3_integer_boolean_return_contract.rs (/Users/lordcasser/workspace/projects/jarde/target/debug/deps/p3_integer_boolean_return_contract-f46d8ca0e00644f0)

running 5 tests
test evidence_modes_and_replay_keep_the_same_body ... ok
test integer_boolean_returns_are_structured_and_keep_operand_and_return_sources ... ok
test raw_boolean_argument_boundary_remains_refused ... ok
test shared_switch_uses_arm_evaluation_and_real_return_sources ... ok
test tight_output_budget_and_precancellation_publish_no_partial_conversion ... ok

test result: ok. 5 passed; 0 failed; 0 ignored; 0 measured; 0 filtered out; finished in 0.06s

     Running tests/p3_integer_boolean_returns.rs (/Users/lordcasser/workspace/projects/jarde/target/debug/deps/p3_integer_boolean_returns-0f10bea0775e3933)

running 2 tests
test complete_recovered_fixture_is_zero_quote_and_recompiles_to_same_execution ... ok
test permanent_class_verifies_and_exposes_all_required_integer_boolean_shapes ... ok

test result: ok. 2 passed; 0 failed; 0 ignored; 0 measured; 0 filtered out; finished in 0.85s

     Running tests/p3_invocation_arguments.rs (/Users/lordcasser/workspace/projects/jarde/target/debug/deps/p3_invocation_arguments-18ee7e18581d78e4)

running 4 tests
test call_casts_keep_their_call_site_as_derived_provenance ... ok
test fixture_has_one_real_class_and_all_argument_shapes ... ok
test recovered_calls_keep_their_invocation_argument_types ... ok
test recovered_invocation_arguments_match_original_runtime ... ignored, requires JDK: compile Engine::class_source output and execute a temporary runner

test result: ok. 3 passed; 0 failed; 1 ignored; 0 measured; 0 filtered out; finished in 0.05s

     Running tests/p3_isolation.rs (/Users/lordcasser/workspace/projects/jarde/target/debug/deps/p3_isolation-c3fbe747d5165df9)

running 1 test
test a_physical_query_constructs_none_of_the_recovery_layer_and_the_recovery_run_constructs_it ... ok

test result: ok. 1 passed; 0 failed; 0 ignored; 0 measured; 0 filtered out; finished in 0.03s

     Running tests/p3_iterable_foreach.rs (/Users/lordcasser/workspace/projects/jarde/target/debug/deps/p3_iterable_foreach-2930d356c24edd55)

running 5 tests
test complete_java8_debug_and_nodebug_classes_match_original_execution ... ok
test direct_iterable_projects_with_or_without_debug_names_and_preserves_cast ... ok
test platform_collection_owners_project_only_with_matching_proof_and_preserve_execution ... ok
test source_selection_and_bounded_stops_keep_the_loop_atomic ... ok
test subtype_owners_project_and_extra_next_or_iterator_escape_refuse ... ok

test result: ok. 5 passed; 0 failed; 0 ignored; 0 measured; 0 filtered out; finished in 4.84s

     Running tests/p3_labeled_loop_tail.rs (/Users/lordcasser/workspace/projects/jarde/target/debug/deps/p3_labeled_loop_tail-0561df6d74616af2)

running 5 tests
test the_break_label_tail_and_the_mixed_tail_keep_their_statements ... ok
test the_continue_label_tail_presents_its_trailing_call_without_a_quote ... ok
test the_recovered_classes_compile_and_run_the_original_paths ... ok
test the_unlabeled_control_keeps_its_exact_text_and_l1_changes_only_the_label ... ok
test two_nested_labeled_loops_spell_loop_and_loop2 ... ok

test result: ok. 5 passed; 0 failed; 0 ignored; 0 measured; 0 filtered out; finished in 1.23s

     Running tests/p3_lambda_adaptation.rs (/Users/lordcasser/workspace/projects/jarde/target/debug/deps/p3_lambda_adaptation-c772335298db366c)

running 12 tests
test adaptation_budget_stops_without_publishing_a_partial_body ... ok
test all_fixture_methods_are_structured ... ok
test bound_null_control_keeps_its_creation_time_refusal ... ok
test bound_null_refusal_does_not_swallow_an_internal_plan_budget_stop ... ok
test captured_adapter_budget_stops_inside_nested_value_rendering ... ok
test captured_lambda_adaptation_keeps_the_site_and_real_capture_producer_origins ... ok
test essential_and_all_have_the_same_text_but_only_all_has_source_origins ... ok
test one_adapted_method_keeps_the_real_site_origin_and_evidence_independent_body ... ok
test precancelled_adaptation_does_not_publish_a_partial_body ... ok
test recovered_captured_lambda_matches_original_runtime_with_bound_null_control ... ignored, requires JDK: compile and execute original and recovered captured-lambda classes
test recovered_complete_class_matches_original_order_exceptions_and_calls ... ignored, requires JDK: compile and execute the original and recovered complete classes
test recovered_text_keeps_dynamic_checks_receiver_order_and_controls ... ok

test result: ok. 10 passed; 0 failed; 2 ignored; 0 measured; 0 filtered out; finished in 0.10s

     Running tests/p3_local_postfix_array_elements.rs (/Users/lordcasser/workspace/projects/jarde/target/debug/deps/p3_local_postfix_array_elements-08441c866fa65754)

running 5 tests
test complete_class_matches_five_verified_jvm_rows ... ignored, requires a JDK for complete Java 8 class comparison
test local_postfix_is_one_ordered_element_with_complete_sources ... ok
test low_budget_and_pre_cancellation_do_not_commit_a_partial_postfix ... ok
test patched_controls_remain_verifier_valid_and_distinguishable ... ignored, requires a JDK to verify the patched control classes
test plus_two_and_other_slot_are_not_local_postfix_values ... ok

test result: ok. 3 passed; 0 failed; 2 ignored; 0 measured; 0 filtered out; finished in 0.04s

     Running tests/p3_local_rewrite.rs (/Users/lordcasser/workspace/projects/jarde/target/debug/deps/p3_local_rewrite-4199b89fd6ccf30b)

running 7 tests
test a_branch_on_a_superseded_load_tests_the_postfix_expression ... ok
test a_mixed_artifacts_quotes_are_mapped_whole_and_its_scan_stays_complete ... ok
test a_slot_written_and_read_again_is_still_written_with_the_slot_name ... ok
test a_store_of_a_superseded_load_writes_the_postfix_expression ... ok
test a_value_loaded_before_a_loop_is_still_named_after_the_body_rewrote_the_slot ... ok
test a_value_the_slot_no_longer_holds_is_not_returned_through_the_slot_name ... ok
test the_producer_behind_a_cast_that_this_slice_cannot_present_stays_in_the_answer ... ok

test result: ok. 7 passed; 0 failed; 0 ignored; 0 measured; 0 filtered out; finished in 0.03s

     Running tests/p3_long_field_assignment_result.rs (/Users/lordcasser/workspace/projects/jarde/target/debug/deps/p3_long_field_assignment_result-1a37ed238057ef89)

running 3 tests
test output_budget_and_cancellation_publish_no_partial_pair ... ok
test owner_width_extra_consumers_and_handlers_do_not_project_the_pair ... ok
test the_two_category2_consumers_become_one_field_write_and_one_return ... ok

test result: ok. 3 passed; 0 failed; 0 ignored; 0 measured; 0 filtered out; finished in 0.05s

     Running tests/p3_loop_arm_join.rs (/Users/lordcasser/workspace/projects/jarde/target/debug/deps/p3_loop_arm_join-e6bcced8c6743d3c)

running 4 tests
test a_second_loop_entry_or_different_exit_keeps_the_method_quoted ... ok
test budget_and_cancellation_do_not_publish_a_partial_loop_arm ... ok
test extra_loop_transfers_do_not_claim_the_inner_join_tail ... ok
test loop_arm_joins_before_the_outer_arm_tail_once ... ok

test result: ok. 4 passed; 0 failed; 0 ignored; 0 measured; 0 filtered out; finished in 0.06s

     Running tests/p3_loop_boolean_do.rs (/Users/lordcasser/workspace/projects/jarde/target/debug/deps/p3_loop_boolean_do-7005fbc2b046bbeb)

running 8 tests
test a_continue_edge_that_enters_the_latch_chain_by_a_second_route_is_quoted ... ok
test a_mixed_latch_chain_is_not_presented_as_one_short_circuit_condition ... ok
test a_proved_break_skips_the_side_effecting_latch_call ... ok
test a_switch_break_inside_do_while_is_not_emitted_as_an_unmarked_loop_break ... ok
test an_effect_between_latch_tests_is_not_moved_into_or_out_of_the_condition ... ok
test body_continue_and_break_edges_recover_with_original_trace_and_sources ... ok
test compound_do_while_tests_keep_the_shared_body_prefix_and_have_execution_parity ... ok
test do_while_transfer_recovery_obeys_budget_and_cancellation ... ok

test result: ok. 8 passed; 0 failed; 0 ignored; 0 measured; 0 filtered out; finished in 2.99s

     Running tests/p3_loop_boolean_exit.rs (/Users/lordcasser/workspace/projects/jarde/target/debug/deps/p3_loop_boolean_exit-a9e5babc1d3a133c)

running 3 tests
test an_independent_effect_between_header_tests_is_never_folded_into_the_condition ... ok
test proved_header_test_chains_become_short_circuit_loop_conditions ... ok
test recovered_loop_exit_matches_the_java8_class_for_terminating_and_continuing_inputs ... ok

test result: ok. 3 passed; 0 failed; 0 ignored; 0 measured; 0 filtered out; finished in 0.87s

     Running tests/p3_loop_test_values.rs (/Users/lordcasser/workspace/projects/jarde/target/debug/deps/p3_loop_test_values-edcba4966ee46c13)

running 4 tests
test a_field_condition_survives_beside_an_increment_test_in_the_same_method ... ok
test a_store_in_a_loop_test_remains_refused ... ok
test an_iinc_in_a_loop_test_is_presented_in_place ... ok
test an_iterator_call_consumed_by_the_loop_branch_stays_in_the_condition ... ok

test result: ok. 4 passed; 0 failed; 0 ignored; 0 measured; 0 filtered out; finished in 0.05s

     Running tests/p3_loop_transfers.rs (/Users/lordcasser/workspace/projects/jarde/target/debug/deps/p3_loop_transfers-bfe35e14e49a514e)

running 5 tests
test a_nested_if_remains_in_the_loop_body_after_a_nested_region_returns ... ok
test a_switch_capturing_a_loop_break_keeps_the_loop_target_and_body_update ... ok
test an_outer_continue_runs_the_proved_for_update_and_skips_the_body_tail ... ok
test nested_breaks_stay_in_the_taken_arm_and_outer_break_keeps_its_loop_target ... ok
test the_for_header_and_continue_keep_their_bytecode_origins ... ok

test result: ok. 5 passed; 0 failed; 0 ignored; 0 measured; 0 filtered out; finished in 0.06s

     Running tests/p3_loop_try_handler_entry.rs (/Users/lordcasser/workspace/projects/jarde/target/debug/deps/p3_loop_try_handler_entry-bd1eddf1f2c2dd63)

running 6 tests
test a_handler_with_incompatible_table_range_is_refused ... ok
test a_preinitialized_local_keeps_its_computed_try_update_and_post_loop_read ... ok
test an_unproved_computed_write_refuses_its_cross_region_read ... ok
test budget_and_cancellation_publish_no_partial_loop ... ok
test catch_rejoins_inside_its_enclosing_loop ... ok
test every_row_sharing_a_handler_must_belong_to_the_loop ... ok

test result: ok. 6 passed; 0 failed; 0 ignored; 0 measured; 0 filtered out; finished in 0.05s

     Running tests/p3_meeting.rs (/Users/lordcasser/workspace/projects/jarde/target/debug/deps/p3_meeting-63baf85fd36bc8df)

running 6 tests
test a_char_return_spells_the_code_unit_its_constant_stands_for ... ok
test a_discarded_call_result_is_the_calls_own_statement ... ok
test a_popped_evaluation_is_the_static_calls_qualifier ... ok
test a_position_performs_its_own_widening ... ok
test no_shape_of_the_rule_claims_a_pop2 ... ok
test real_primitive_conversions_are_spelled_from_their_instructions ... ok

test result: ok. 6 passed; 0 failed; 0 ignored; 0 measured; 0 filtered out; finished in 0.07s

     Running tests/p3_method_ir.rs (/Users/lordcasser/workspace/projects/jarde/target/debug/deps/p3_method_ir-177357da33bd5fcd)

running 4 tests
test a_cancelled_request_hands_over_no_table_and_keeps_its_cancellation ... ok
test a_request_that_publishes_only_the_graph_hands_over_only_that_table ... ok
test the_handoff_seam_exposes_no_mutable_or_publicly_stored_table ... ok
test the_payload_carries_the_tables_of_one_real_run ... ok

test result: ok. 4 passed; 0 failed; 0 ignored; 0 measured; 0 filtered out; finished in 0.03s

     Running tests/p3_mixed_short_circuit_argument.rs (/Users/lordcasser/workspace/projects/jarde/target/debug/deps/p3_mixed_short_circuit_argument-9797a8e490df2ea2)

running 3 tests
test exhausted_budget_and_cancellation_do_not_publish_a_partial_sink ... ok
test mixed_argument_complete_class_matches_all_eight_jvm_paths ... ok
test mixed_argument_has_one_structured_sink_call_and_complete_sources ... ok

test result: ok. 3 passed; 0 failed; 0 ignored; 0 measured; 0 filtered out; finished in 0.62s

     Running tests/p3_mixed_short_circuit_array.rs (/Users/lordcasser/workspace/projects/jarde/target/debug/deps/p3_mixed_short_circuit_array-74aa8469f3eaad86)

running 4 tests
test boolean_array_store_owns_all_three_operands_and_sources ... ok
test budget_and_cancellation_do_not_publish_a_partial_array_assignment ... ok
test java8_rebuild_preserves_all_twenty_four_paths ... ok
test verifier_valid_near_misses_keep_the_array_candidate_quoted ... ok

test result: ok. 4 passed; 0 failed; 0 ignored; 0 measured; 0 filtered out; finished in 1.04s

     Running tests/p3_mixed_short_circuit_field.rs (/Users/lordcasser/workspace/projects/jarde/target/debug/deps/p3_mixed_short_circuit_field-0bfeb593c4253d90)

running 2 tests
test mixed_field_complete_class_matches_all_sixteen_jvm_paths ... ok
test mixed_field_methods_have_one_structured_write_and_complete_sources ... ok

test result: ok. 2 passed; 0 failed; 0 ignored; 0 measured; 0 filtered out; finished in 0.61s

     Running tests/p3_mixed_short_circuit_instance_field.rs (/Users/lordcasser/workspace/projects/jarde/target/debug/deps/p3_mixed_short_circuit_instance_field-3aa3e7f370b245e4)

running 4 tests
test budget_and_cancellation_never_publish_a_partial_instance_assignment ... ok
test java8_rebuild_preserves_all_sixteen_nonnull_and_null_paths ... ok
test non_boolean_field_copy_and_compound_update_keep_the_entire_candidate_quoted ... ok
test one_instance_write_owns_the_closed_graph_and_all_origins ... ok

test result: ok. 4 passed; 0 failed; 0 ignored; 0 measured; 0 filtered out; finished in 1.00s

     Running tests/p3_mixed_short_circuit_local.rs (/Users/lordcasser/workspace/projects/jarde/target/debug/deps/p3_mixed_short_circuit_local-98ad87cbd62aa704)

running 5 tests
test cancellation_cannot_publish_a_partial_local ... ok
test exhausted_source_budget_cannot_publish_a_partial_local ... ok
test mixed_local_complete_class_matches_all_eight_jvm_paths ... ok
test mixed_local_stores_once_and_reads_the_same_boolean_name_twice ... ok
test numeric_use_second_write_duplicated_phi_and_crossing_scope_refuse_the_local_graph ... ok

test result: ok. 5 passed; 0 failed; 0 ignored; 0 measured; 0 filtered out; finished in 0.94s

     Running tests/p3_mixed_short_circuit_return.rs (/Users/lordcasser/workspace/projects/jarde/target/debug/deps/p3_mixed_short_circuit_return-c7f3e9789f6c541d)

running 4 tests
test cancellation_cannot_publish_a_partial_return ... ok
test exhausted_source_budget_cannot_publish_a_partial_return ... ok
test mixed_return_complete_class_matches_all_eight_jvm_paths ... ok
test mixed_return_has_one_structured_return_and_complete_sources ... ok

test result: ok. 4 passed; 0 failed; 0 ignored; 0 measured; 0 filtered out; finished in 0.60s

     Running tests/p3_multi_resource_twr_geometry.rs (/Users/lordcasser/workspace/projects/jarde/target/debug/deps/p3_multi_resource_twr_geometry-c25dc8e534c37295)

running 7 tests
test a_main_row_that_ends_at_the_inner_close_is_refused ... ok
test a_store_cannot_claim_a_different_value_than_the_proved_constructor_result ... ok
test an_effect_between_a_verified_construction_and_its_store_refuses_the_header ... ok
test extra_exact_companion_is_not_silently_absorbed ... ok
test malformed_companion_ranges_types_and_targets_remain_unexplained ... ok
test recovered_run_compiles_as_java_8_and_matches_original_five_mode_trace ... ignored, needs a JDK on PATH to compile the exact recovered run() text and execute both sides
test two_resource_header_owns_each_construction_and_preserves_close_evidence ... ok

test result: ok. 6 passed; 0 failed; 1 ignored; 0 measured; 0 filtered out; finished in 0.16s

     Running tests/p3_mutf8.rs (/Users/lordcasser/workspace/projects/jarde/target/debug/deps/p3_mutf8-2935614364c62361)

running 1 test
test a_nul_in_a_string_constant_is_presented_as_the_nul_it_is ... ok

test result: ok. 1 passed; 0 failed; 0 ignored; 0 measured; 0 filtered out; finished in 0.04s

     Running tests/p3_narrow_array_store_order.rs (/Users/lordcasser/workspace/projects/jarde/target/debug/deps/p3_narrow_array_store_order-7900806c820dd1de)

running 1 test
test recovered_bcs_array_index_value_order_matches_the_patched_jvm ... ignored, requires JDK and compares actual recovered B/C/S store ordering against verified patched classes

test result: ok. 0 passed; 0 failed; 1 ignored; 0 measured; 0 filtered out; finished in 0.00s

     Running tests/p3_narrow_array_stores.rs (/Users/lordcasser/workspace/projects/jarde/target/debug/deps/p3_narrow_array_stores-f705fa0cdbc848cc)

running 4 tests
test boolean_bastore_low_bit_keeps_the_value_and_store_sources ... ok
test insufficient_output_budget_and_cancellation_stop_the_method_run ... ok
test proven_bcs_stores_cast_only_at_the_matching_store_and_keep_origins ... ok
test recovered_core_bcs_methods_match_the_patched_jvm ... ignored, requires JDK; compares all 147 boundary, producer, exception-order and local-store rows

test result: ok. 3 passed; 0 failed; 1 ignored; 0 measured; 0 filtered out; finished in 0.06s

     Running tests/p3_narrow_field_stores.rs (/Users/lordcasser/workspace/projects/jarde/target/debug/deps/p3_narrow_field_stores-0aceaed5303c488e)

running 3 tests
test narrowed_field_stores_preserve_value_casts_and_producer_order ... ok
test patched_field_fixture_has_real_bcs_descriptors_and_all_method_shapes ... ok
test recovered_narrow_field_stores_match_patched_runtime ... ignored, requires JDK: compile the recovered class and compare its 267-line output with the patched class

test result: ok. 2 passed; 0 failed; 1 ignored; 0 measured; 0 filtered out; finished in 0.06s

     Running tests/p3_narrow_integer_return_contract.rs (/Users/lordcasser/workspace/projects/jarde/target/debug/deps/p3_narrow_integer_return_contract-7b9718f90b1c3c9d)

running 3 tests
test cast_sources_contain_operand_and_real_return_bci ... ok
test default_all_and_replay_keep_identical_narrow_return_text ... ok
test tight_output_budget_and_precancellation_publish_no_partial_cast ... ok

test result: ok. 3 passed; 0 failed; 0 ignored; 0 measured; 0 filtered out; finished in 0.07s

     Running tests/p3_narrow_integer_returns.rs (/Users/lordcasser/workspace/projects/jarde/target/debug/deps/p3_narrow_integer_returns-f7586ac8cb7da0e3)

running 3 tests
test essential_and_all_share_the_narrow_return_body ... ok
test fixture_has_only_ireturn_narrowing_and_all_return_shapes ... ok
test recovered_complete_class_matches_descriptor_patched_original ... ignored, requires JDK: compile and execute the original and recovered complete classes

test result: ok. 2 passed; 0 failed; 1 ignored; 0 measured; 0 filtered out; finished in 0.07s

     Running tests/p3_narrow_return_boundaries.rs (/Users/lordcasser/workspace/projects/jarde/target/debug/deps/p3_narrow_return_boundaries-a40869d841e9608f)

running 3 tests
test boolean_operands_are_refused_at_numeric_returns_and_z_keeps_low_bit_semantics ... ok
test field_and_synchronized_narrow_returns_keep_their_operand_and_return_sources ... ok
test shared_switch_join_b_c_s_sources_the_real_ireturn ... ok

test result: ok. 3 passed; 0 failed; 0 ignored; 0 measured; 0 filtered out; finished in 1.28s

     Running tests/p3_nested_annotation_source.rs (/Users/lordcasser/workspace/projects/jarde/target/debug/deps/p3_nested_annotation_source-3695a3b9e9b544c5)

running 7 tests
test cancellation_stops_before_any_nested_declaration_is_published ... ok
test child_budget_stop_does_not_publish_a_partial_annotation ... ok
test dollar_name_without_an_owner_row_remains_top_level ... ok
test malformed_child_kind_refuses_projection_but_keeps_the_child_report ... ok
test missing_duplicate_and_conflicting_owner_rows_never_project ... ok
test proved_annotation_is_nested_and_the_physical_child_is_preserved ... ok
test truncated_default_attribute_refuses_projection_and_keeps_child ... ok

test result: ok. 7 passed; 0 failed; 0 ignored; 0 measured; 0 filtered out; finished in 0.04s

     Running tests/p3_nested_array_initializers.rs (/Users/lordcasser/workspace/projects/jarde/target/debug/deps/p3_nested_array_initializers-f5408e100a0937e0)

running 4 tests
test budget_and_pre_cancellation_publish_no_partial_nested_expression ... ok
test complete_java8_classes_match_verified_jvm_execution ... ignored, requires a JDK to compile and run complete Java 8 classes
test nested_arrays_are_one_ordered_expression_with_complete_sources ... ok
test ordering_and_child_extra_use_do_not_become_nested_literals ... ok

test result: ok. 3 passed; 0 failed; 1 ignored; 0 measured; 0 filtered out; finished in 0.05s

     Running tests/p3_nested_try.rs (/Users/lordcasser/workspace/projects/jarde/target/debug/deps/p3_nested_try-57a1c48aa28523cd)

running 2 tests
test a_handler_value_read_after_its_clause_is_still_refused ... ok
test two_rows_that_begin_at_one_instruction_and_nest_are_a_try_inside_a_try ... ok

test result: ok. 2 passed; 0 failed; 0 ignored; 0 measured; 0 filtered out; finished in 0.05s

     Running tests/p3_new_value.rs (/Users/lordcasser/workspace/projects/jarde/target/debug/deps/p3_new_value-cd180e56d3a4494c)

running 4 tests
test a_field_write_takes_the_construction_as_its_value ... ok
test a_leftover_two_instructions_read_keeps_its_refusal ... ok
test a_return_and_an_argument_write_the_construction_in_place ... ok
test the_store_consumer_keeps_the_spelling_it_had ... ok

test result: ok. 4 passed; 0 failed; 0 ignored; 0 measured; 0 filtered out; finished in 0.05s

     Running tests/p3_null_resource.rs (/Users/lordcasser/workspace/projects/jarde/target/debug/deps/p3_null_resource-caaf45cca79da075)

running 5 tests
test an_exception_from_the_null_resource_body_keeps_primary_identity_and_skips_close ... ok
test evidence_selection_and_stops_keep_the_existing_body_contract ... ok
test inherited_autocloseable_does_not_supply_a_current_class_resource_type ... ok
test ordinary_null_catch_stays_a_catch_and_a_broken_suppression_is_refused_as_twr ... ok
test proved_null_header_has_a_current_class_type_and_all_cleanup_anchors ... ok

test result: ok. 5 passed; 0 failed; 0 ignored; 0 measured; 0 filtered out; finished in 0.08s

     Running tests/p3_numeric_comparison.rs (/Users/lordcasser/workspace/projects/jarde/target/debug/deps/p3_numeric_comparison-1e08d91379476a3d)

running 7 tests
test accepted_comparison_keeps_compare_and_branch_origins ... ok
test call_operands_keep_order_and_boolean_merge_preserves_double_less_than ... ok
test direct_long_float_double_relations_recover_with_expected_nan_polarity ... ok
test jdk_execution_matches_original_for_comparisons_and_effects ... ignored, runs javac/java with NaN, signed zero, infinities, calls and exceptions
test long_compare_through_local_keeps_refusal_sources ... ok
test long_compare_with_overwritten_local_keeps_refusal_sources ... ok
test long_compare_with_stack_duplicate_and_pop_keeps_refusal_sources ... ok

test result: ok. 6 passed; 0 failed; 1 ignored; 0 measured; 0 filtered out; finished in 0.06s

     Running tests/p3_one_armed_if.rs (/Users/lordcasser/workspace/projects/jarde/target/debug/deps/p3_one_armed_if-f28766e06a1280dd)

running 3 tests
test a_branch_whose_taken_successor_is_the_join_is_an_if_with_no_else ... ok
test the_arm_the_branch_transfers_to_keeps_its_else ... ok
test two_real_arms_are_still_two_arms ... ok

test result: ok. 3 passed; 0 failed; 0 ignored; 0 measured; 0 filtered out; finished in 0.06s

     Running tests/p3_ordinary_new_invokes.rs (/Users/lordcasser/workspace/projects/jarde/target/debug/deps/p3_ordinary_new_invokes-c82a40ec1eec8167)

running 2 tests
test a_call_whose_value_is_a_constructor_argument_remains_presented ... ok
test an_independent_void_call_refuses_the_construction_and_keeps_all_origins ... ok

test result: ok. 2 passed; 0 failed; 0 ignored; 0 measured; 0 filtered out; finished in 0.06s

     Running tests/p3_parameter_slots.rs (/Users/lordcasser/workspace/projects/jarde/target/debug/deps/p3_parameter_slots-bfc61132db4dab5e)

running 3 tests
test every_declared_member_is_covered_by_this_file ... ok
test the_declaration_and_the_body_name_one_slot_one_way ... ok
test the_presented_class_answers_what_the_committed_class_does ... ignored, needs a JDK on PATH: it compiles the presentation's own text with `javac --release 8` and runs it beside the committed class, so it is run explicitly (`cargo test --test p3_parameter_slots --locked -- --ignored`)

test result: ok. 2 passed; 0 failed; 1 ignored; 0 measured; 0 filtered out; finished in 0.06s

     Running tests/p3_partial_array_allocation.rs (/Users/lordcasser/workspace/projects/jarde/target/debug/deps/p3_partial_array_allocation-0b4fd22f334f3c6c)

running 3 tests
test fixture_bytes_and_allocation_method_shapes_are_frozen ... ok
test partial_array_creations_are_presented_at_their_real_consumers ... ok
test recovered_partial_array_class_matches_original_runtime ... ignored, requires JDK: compile the recovered complete class and compare its 69-line runtime

test result: ok. 2 passed; 0 failed; 1 ignored; 0 measured; 0 filtered out; finished in 0.07s

     Running tests/p3_platform_collection_widening.rs (/Users/lordcasser/workspace/projects/jarde/target/debug/deps/p3_platform_collection_widening-aa6666ad715c9857)

running 5 tests
test collection_family_recovers_every_row_with_the_required_spelling ... ok
test collection_recovery_stops_and_cancels_before_any_published_output ... ok
test g1_use_recovers_the_collection_argument_and_its_result_local ... ok
test recovered_g1_runtime_matches_the_original_class ... ok
test table_out_presentations_keep_the_refusal_and_the_original_runtime ... ok

test result: ok. 5 passed; 0 failed; 0 ignored; 0 measured; 0 filtered out; finished in 0.99s

     Running tests/p3_popped_static_qualifier.rs (/Users/lordcasser/workspace/projects/jarde/target/debug/deps/p3_popped_static_qualifier-f571454dab043fea)

running 4 tests
test a_popped_invocation_before_interface_static_call_is_an_independent_statement ... ok
test an_invocation_discarded_before_static_call_is_written_once ... ok
test an_unmatched_non_invoke_qualifier_is_refused_with_its_full_source_chain ... ok
test static_read_and_compound_store_controls_still_evaluate_the_receiver_once ... ok

test result: ok. 4 passed; 0 failed; 0 ignored; 0 measured; 0 filtered out; finished in 0.05s

     Running tests/p3_postfix_handler_boundary.rs (/Users/lordcasser/workspace/projects/jarde/target/debug/deps/p3_postfix_handler_boundary-7cf71e59817b3ed1)

running 1 test
test exception_handler_boundary_inside_postfix_chain_is_refused_with_real_bcis ... ok

test result: ok. 1 passed; 0 failed; 0 ignored; 0 measured; 0 filtered out; finished in 0.10s

     Running tests/p3_postfix_lvalue_values.rs (/Users/lordcasser/workspace/projects/jarde/target/debug/deps/p3_postfix_lvalue_values-c0999236145c8330)

running 6 tests
test a_receiver_beyond_the_value_depth_bound_is_not_partially_postfixed ... ignored, needs javac on PATH to create the depth-bound subject class
test complete_recovered_class_matches_the_verified_original_runtime ... ignored, needs javac and java on PATH for complete-class equivalence
test ordinary_assignment_does_not_become_a_postfix_update ... ok
test postfix_return_keeps_evidence_and_stops_without_partial_output ... ok
test returned_old_value_updates_are_single_evaluation_expressions_with_real_sources ... ok
test verifier_valid_unproved_postfix_boundaries_are_refused_with_physical_sources ... ok

test result: ok. 4 passed; 0 failed; 2 ignored; 0 measured; 0 filtered out; finished in 0.13s

     Running tests/p3_precise_rethrow.rs (/Users/lordcasser/workspace/projects/jarde/target/debug/deps/p3_precise_rethrow-97641e905348791f)

running 2 tests
test a_named_single_row_rethrow_is_a_user_catch_with_entry_and_throw_origins ... ok
test catch_all_and_non_parameter_throw_controls_keep_their_own_shapes ... ok

test result: ok. 2 passed; 0 failed; 0 ignored; 0 measured; 0 filtered out; finished in 0.05s

     Running tests/p3_prefix_survival.rs (/Users/lordcasser/workspace/projects/jarde/target/debug/deps/p3_prefix_survival-050a1edb4729825e)

running 3 tests
test a_dead_exception_edge_does_not_quote_the_block_the_bytes_state ... ok
test a_loop_whose_body_leaves_early_presents_its_break_and_exit ... ok
test a_store_inside_the_failing_block_is_still_a_statement ... ok

test result: ok. 3 passed; 0 failed; 0 ignored; 0 measured; 0 filtered out; finished in 0.06s

     Running tests/p3_prepared_input.rs (/Users/lordcasser/workspace/projects/jarde/target/debug/deps/p3_prepared_input-701893e3bc7ea150)

running 6 tests
test an_archived_class_reads_the_same_on_both_paths ... ok
test every_member_of_one_class_is_the_same_report_from_a_prepared_class ... ok
test the_class_read_is_paid_once_for_the_whole_class ... ok
test the_prepared_callee_read_answers_what_the_direct_one_answers ... ok
test the_prepared_path_refuses_a_class_whose_member_table_stopped ... ok
test the_prepared_payload_prints_the_text_the_direct_run_prints ... ok

test result: ok. 6 passed; 0 failed; 0 ignored; 0 measured; 0 filtered out; finished in 0.05s

     Running tests/p3_primitive_conversions.rs (/Users/lordcasser/workspace/projects/jarde/target/debug/deps/p3_primitive_conversions-544231cf223c4d0d)

running 4 tests
test all_fixture_methods_are_structured_with_sources ... ok
test conversion_recovery_budget_stops_and_cancellation_publish_no_partial_cast_body ... ok
test essential_and_all_share_one_conversion_body ... ok
test recovered_complete_class_matches_frozen_original ... ignored, requires JDK: compile and execute the original and recovered complete classes

test result: ok. 3 passed; 0 failed; 1 ignored; 0 measured; 0 filtered out; finished in 0.08s

     Running tests/p3_product_vocabulary.rs (/Users/lordcasser/workspace/projects/jarde/target/debug/deps/p3_product_vocabulary-7ae85884a9bd6ba4)

running 2 tests
test the_recovery_content_classification_is_the_closed_published_set ... ok
test the_six_report_planes_declare_the_values_the_p3_sentences_write ... ok

test result: ok. 2 passed; 0 failed; 0 ignored; 0 measured; 0 filtered out; finished in 0.00s

     Running tests/p3_proved_varargs_calls.rs (/Users/lordcasser/workspace/projects/jarde/target/debug/deps/p3_proved_varargs_calls-4f714c53fd3b0f4b)

running 3 tests
test bounded_and_cancelled_class_source_requests_publish_no_partial_projection ... ok
test expanded_call_retains_the_array_and_element_instruction_origins ... ok
test only_proved_inline_varargs_calls_expand_and_every_other_call_keeps_its_array ... ok

test result: ok. 3 passed; 0 failed; 0 ignored; 0 measured; 0 filtered out; finished in 0.07s

     Running tests/p3_recovery_entry.rs (/Users/lordcasser/workspace/projects/jarde/target/debug/deps/p3_recovery_entry-1ced3e67260d5419)

running 2 tests
test a_recovery_request_that_asks_for_no_ssa_stops_inside_a_successful_answer ... ok
test one_recovery_request_reads_one_body_and_presents_that_member ... ok

test result: ok. 2 passed; 0 failed; 0 ignored; 0 measured; 0 filtered out; finished in 0.03s

     Running tests/p3_reference_cast.rs (/Users/lordcasser/workspace/projects/jarde/target/debug/deps/p3_reference_cast-b8716942fd34a376)

running 6 tests
test discarded_cast_patch_retains_check_and_call_sources ... ok
test fixture_declares_the_cast_shapes_and_real_java_source ... ok
test nested_casts_keep_the_intermediate_runtime_check ... ok
test nested_instanceof_consumer_retains_invocation_and_both_cast_bcis ... ok
test ordinary_reference_casts_are_written_at_each_consumer ... ok
test recovered_reference_casts_match_original_runtime ... ignored, requires JDK: compile Engine::class_source output and execute a temporary runner

test result: ok. 5 passed; 0 failed; 1 ignored; 0 measured; 0 filtered out; finished in 0.07s

     Running tests/p3_region_fallback_origins.rs (/Users/lordcasser/workspace/projects/jarde/target/debug/deps/p3_region_fallback_origins-08189755da675128)

running 2 tests
test exhausted_source_budget_cannot_publish_a_complete_recovery ... ok
test transfer_gateway_keeps_its_second_instruction_in_both_evidence_modes ... ok

test result: ok. 2 passed; 0 failed; 0 ignored; 0 measured; 0 filtered out; finished in 0.06s

     Running tests/p3_region_owner_overlap.rs (/Users/lordcasser/workspace/projects/jarde/target/debug/deps/p3_region_owner_overlap-2b181df19b19aad8)

running 1 test
test transfer_gateway_is_owned_by_one_structured_field_chain ... ok

test result: ok. 1 passed; 0 failed; 0 ignored; 0 measured; 0 filtered out; finished in 0.05s

     Running tests/p3_required_conversions.rs (/Users/lordcasser/workspace/projects/jarde/target/debug/deps/p3_required_conversions-9be91ccec809027c)

running 8 tests
test a_conversion_no_evidence_states_is_refused ... ok
test a_converted_part_states_the_appends_own_type ... ok
test a_part_that_already_meets_its_parameter_gains_nothing ... ok
test a_return_states_the_members_own_type ... ok
test a_write_states_the_written_types_own_type ... ok
test an_argument_states_the_callees_parameter_type ... ok
test every_declared_member_of_the_sample_is_covered ... ok
test the_conversion_costs_no_ir_item_and_no_normalization_clone ... ok

test result: ok. 8 passed; 0 failed; 0 ignored; 0 measured; 0 filtered out; finished in 0.05s

     Running tests/p3_scope.rs (/Users/lordcasser/workspace/projects/jarde/target/debug/deps/p3_scope-2ac9980640efa0a1)

running 12 tests
test a_boolean_parameter_is_typed_by_the_members_own_descriptor ... ok
test a_category_two_parameter_leaves_its_second_slot_to_the_signature ... ok
test a_name_the_table_states_is_used_where_it_exists ... ok
test a_proved_monitor_cleanup_ends_before_reused_loop_integers ... ok
test a_slot_filled_and_read_in_one_region_keeps_its_initial_value ... ok
test a_slot_the_table_names_over_two_ranges_carries_two_variables ... ok
test a_slot_written_in_both_arms_is_declared_where_both_can_see_it ... ok
test a_stopped_monitor_reuse_run_publishes_no_partial_local ... ok
test an_arms_own_local_is_still_declared_inside_that_arm ... ok
test non_monitor_handler_and_back_edge_do_not_borrow_the_monitor_split ... ok
test the_debug_table_is_read_by_the_same_run_that_decoded_the_body ... ok
test without_debug_evidence_a_reused_slot_stays_one_variable ... ok

test result: ok. 12 passed; 0 failed; 0 ignored; 0 measured; 0 filtered out; finished in 0.07s

     Running tests/p3_scv_concat_consumers.rs (/Users/lordcasser/workspace/projects/jarde/target/debug/deps/p3_scv_concat_consumers-b85bd5be825033d2)

running 5 tests
test cancellation_cannot_publish_a_partial_concat_recovery ... ok
test concat_consumed_short_circuit_locals_recover_as_boolean ... ok
test exhausted_source_budget_cannot_publish_a_partial_concat_recovery ... ok
test recovered_class_recompiles_and_runs_like_the_original ... ok
test second_read_outside_the_boolean_positions_keeps_the_degradation ... ok

test result: ok. 5 passed; 0 failed; 0 ignored; 0 measured; 0 filtered out; finished in 0.65s

     Running tests/p3_shared_catchall_finally.rs (/Users/lordcasser/workspace/projects/jarde/target/debug/deps/p3_shared_catchall_finally-5cb0ad8e91781d29)

running 5 tests
test changed_field_increment_or_protection_cannot_claim_one_finally ... ok
test changed_rows_targets_or_extra_completion_cannot_claim_one_finally ... ok
test field_candidate_budget_and_cancellation_publish_no_partial_finally ... ok
test shared_call_has_one_source_finally_and_all_physical_origins ... ok
test shared_field_has_one_source_finally_and_all_physical_origins ... ok

test result: ok. 5 passed; 0 failed; 0 ignored; 0 measured; 0 filtered out; finished in 0.06s

     Running tests/p3_shared_latch_nested_loops.rs (/Users/lordcasser/workspace/projects/jarde/target/debug/deps/p3_shared_latch_nested_loops-a47ddf7febbc3939)

running 8 tests
test business_form_behavior_matches_the_original_class ... ok
test business_form_with_inner_break_recovers ... ok
test exits_that_leave_the_loop_past_its_back_edge_stay_refused ... ok
test labeled_continue_outer_form_recovers_the_same_way ... ok
test overlap_with_inner_two_jump_body_stays_refused ... ok
test shared_latch_double_loop_recovers_and_spells_the_continue ... ok
test three_level_composition_recovers_and_behaves ... ok
test untouched_single_continue_and_no_jump_shapes_stay_byte_identical ... ok

test result: ok. 8 passed; 0 failed; 0 ignored; 0 measured; 0 filtered out; finished in 0.68s

     Running tests/p3_shift_expressions.rs (/Users/lordcasser/workspace/projects/jarde/target/debug/deps/p3_shift_expressions-cb6dbcc851993ce9)

running 5 tests
test all_shift_directions_narrow_operands_and_call_operands_recover ... ok
test descriptor_proved_boolean_operands_are_refused ... ok
test evidence_selection_keeps_shift_text_and_physical_origins ... ok
test shift_recovery_stops_cleanly_at_resource_limits_and_before_work ... ok
test widening_cast_remains_on_the_left_of_the_shift ... ok

test result: ok. 5 passed; 0 failed; 0 ignored; 0 measured; 0 filtered out; finished in 0.07s

     Running tests/p3_shift_negative_boundaries.rs (/Users/lordcasser/workspace/projects/jarde/target/debug/deps/p3_shift_negative_boundaries-1ea60f9d288b3087)

running 2 tests
test a_boolean_return_consumer_uses_the_shift_result_low_bit_at_its_real_bci ... ok
test overwritten_argument_does_not_replace_the_saved_shift_operand ... ok

test result: ok. 2 passed; 0 failed; 0 ignored; 0 measured; 0 filtered out; finished in 0.25s

     Running tests/p3_short_circuit_exception_chain.rs (/Users/lordcasser/workspace/projects/jarde/target/debug/deps/p3_short_circuit_exception_chain-b840165e29793c87)

running 1 test
test throwing_three_test_or_field_write_is_refused_with_complete_evidence ... ok

test result: ok. 1 passed; 0 failed; 0 ignored; 0 measured; 0 filtered out; finished in 0.05s

     Running tests/p3_short_circuit_exception_edge.rs (/Users/lordcasser/workspace/projects/jarde/target/debug/deps/p3_short_circuit_exception_edge-31d11f5305efe727)

running 1 test
test throwing_short_circuit_field_write_is_refused_with_complete_evidence ... ok

test result: ok. 1 passed; 0 failed; 0 ignored; 0 measured; 0 filtered out; finished in 0.04s

     Running tests/p3_short_circuit_transfer_gateway.rs (/Users/lordcasser/workspace/projects/jarde/target/debug/deps/p3_short_circuit_transfer_gateway-59cc788a77515fb0)

running 6 tests
test backward_second_entry_to_gateway_is_refused ... ok
test exhausted_budget_and_cancellation_do_not_publish_a_partial_gateway ... ok
test gateway_complete_class_matches_all_thirty_two_jvm_paths ... ok
test gateway_has_one_structured_field_write_and_complete_sources ... ok
test independent_effect_in_transfer_slot_is_not_a_gateway ... ok
test protected_gateway_with_exception_edge_is_refused ... ok

test result: ok. 6 passed; 0 failed; 0 ignored; 0 measured; 0 filtered out; finished in 0.78s

     Running tests/p3_snapshot_hierarchy_widening.rs (/Users/lordcasser/workspace/projects/jarde/target/debug/deps/p3_snapshot_hierarchy_widening-bdd20f2a18d2b475)

running 6 tests
test hier_variants_each_cast_with_the_required_spelling ... ok
test hier_variants_recompile_and_run_every_path ... ok
test i1_family_recompiles_and_runs_every_path ... ok
test i1_family_recovers_the_interface_argument_with_the_required_spelling ... ok
test negatives_keep_the_refusal_and_the_original_runtime ... ok
test the_walk_proves_the_eighth_edge_and_refuses_the_ninth ... ok

test result: ok. 6 passed; 0 failed; 0 ignored; 0 measured; 0 filtered out; finished in 0.95s

     Running tests/p3_special_dispatch.rs (/Users/lordcasser/workspace/projects/jarde/target/debug/deps/p3_special_dispatch-33cf4fdd1399087e)

running 6 tests
test generated_special_dispatch_matches_original_runtime ... ignored, 需要 JDK：从 Engine::class_source 生成真实文本后用 javac/java 编译执行；cargo test 默认跳过
test interface_super_without_selected_dependencies_keeps_a_source_mapped_refusal ... ok
test method_only_uses_the_same_proof_and_ordinary_special_calls_read_no_dependencies ... ok
test special_dispatch_arguments_keep_super_shape_and_producers ... ok
test special_dispatch_keeps_receiver_and_call_origins ... ok
test special_dispatch_text_keeps_each_declared_receiver ... ok

test result: ok. 5 passed; 0 failed; 1 ignored; 0 measured; 0 filtered out; finished in 0.06s

     Running tests/p3_special_refusal.rs (/Users/lordcasser/workspace/projects/jarde/target/debug/deps/p3_special_refusal-ebfa0e8b2eacf240)

running 4 tests
test discarded_result_special_keeps_argument_and_call_sources ... ok
test nonprivate_current_special_is_refused_instead_of_becoming_this_virtual ... ok
test nonthis_direct_super_special_is_refused_instead_of_becoming_super ... ok
test refused_nested_special_keeps_argument_outer_call_and_return_sources ... ok

test result: ok. 4 passed; 0 failed; 0 ignored; 0 measured; 0 filtered out; finished in 0.06s

     Running tests/p3_stated_rows.rs (/Users/lordcasser/workspace/projects/jarde/target/debug/deps/p3_stated_rows-1b9508d95022b6d7)

running 2 tests
test a_nested_catch_is_stated_instead_of_silently_dropped ... ok
test a_row_whose_range_holds_no_throwing_instruction_is_still_a_catch ... ok

test result: ok. 2 passed; 0 failed; 0 ignored; 0 measured; 0 filtered out; finished in 0.06s

     Running tests/p3_static_call.rs (/Users/lordcasser/workspace/projects/jarde/target/debug/deps/p3_static_call-b692d98bd78c521e)

running 1 test
test a_static_call_names_the_class_its_pool_entry_names ... ok

test result: ok. 1 passed; 0 failed; 0 ignored; 0 measured; 0 filtered out; finished in 0.06s

     Running tests/p3_string_switch_projection.rs (/Users/lordcasser/workspace/projects/jarde/target/debug/deps/p3_string_switch_projection-a5378094dc58cc25)

running 6 tests
test all_evidence_maps_each_folded_dispatch_instruction_and_selector_producer ... ok
test cancellation_before_string_projection_is_reported_without_a_committed_switch ... ok
test essential_and_all_evidence_emit_identical_string_switch_text ... ok
test low_ir_and_output_budgets_stop_without_committing_a_partial_switch ... ok
test proved_dispatches_use_one_string_switch_and_original_arm_order ... ok
test refused_certificates_preserve_both_executable_dispatches ... ok

test result: ok. 6 passed; 0 failed; 0 ignored; 0 measured; 0 filtered out; finished in 0.10s

     Running tests/p3_switch_arm_loop_exits.rs (/Users/lordcasser/workspace/projects/jarde/target/debug/deps/p3_switch_arm_loop_exits-38dc3593fbd962a3)

running 4 tests
test a_still_refused_switch_names_its_own_failure_first ... ok
test join_equal_to_the_latch_recovers_and_the_control_stays_verbatim ... ok
test switch_arm_continue_and_the_switch_join_present_together ... ok
test the_variant_family_recovers_and_runs_like_the_original ... ok

test result: ok. 4 passed; 0 failed; 0 ignored; 0 measured; 0 filtered out; finished in 0.92s

     Running tests/p3_switch_fallthrough.rs (/Users/lordcasser/workspace/projects/jarde/target/debug/deps/p3_switch_fallthrough-2a5fa047f502efb3)

running 2 tests
test default_in_the_middle_keeps_both_proven_fallthrough_edges ... ok
test lookup_and_table_switches_order_only_proven_fallthrough_and_keep_breaks ... ok

test result: ok. 2 passed; 0 failed; 0 ignored; 0 measured; 0 filtered out; finished in 0.05s

     Running tests/p3_switch_forward_join.rs (/Users/lordcasser/workspace/projects/jarde/target/debug/deps/p3_switch_forward_join-2a45a9ab9bbd25fa)

running 3 tests
test analysis_budget_during_switch_join_proof_does_not_publish_a_complete_class ... ok
test cross_case_goto_and_looping_arm_do_not_gain_a_forward_join ... ok
test switch_arms_stop_before_the_shared_forward_join ... ok

test result: ok. 3 passed; 0 failed; 0 ignored; 0 measured; 0 filtered out; finished in 0.06s

     Running tests/p3_switch_loop_exits.rs (/Users/lordcasser/workspace/projects/jarde/target/debug/deps/p3_switch_loop_exits-936f43a1fabb3339)

running 5 tests
test budget_and_cancellation_do_not_publish_a_partial_switch ... ok
test local_continue_certificate_respects_switch_and_loop_boundaries ... ok
test nested_switch_and_continue_without_a_unique_local_join_stay_quoted ... ok
test switch_local_join_precedes_current_loop_continue_without_duplicate_ownership ... ok
test switch_loop_exit_and_local_join_keep_their_own_origins ... ok

test result: ok. 5 passed; 0 failed; 0 ignored; 0 measured; 0 filtered out; finished in 0.05s

     Running tests/p3_switch_value.rs (/Users/lordcasser/workspace/projects/jarde/target/debug/deps/p3_switch_value-0805073b549584dd)

running 2 tests
test a_switch_expressions_join_return_is_written_into_every_arm ... ok
test a_yielding_arm_keeps_the_store_it_already_wrote ... ok

test result: ok. 2 passed; 0 failed; 0 ignored; 0 measured; 0 filtered out; finished in 0.04s

     Running tests/p3_sync_return.rs (/Users/lordcasser/workspace/projects/jarde/target/debug/deps/p3_sync_return-dd9882341b470dbe)

running 3 tests
test a_return_inside_a_synchronized_block_is_written_between_its_braces ... ok
test essential_and_all_evidence_keep_the_same_member_body ... ok
test independent_effects_keep_their_refusal_and_a_proved_nested_monitor_presents ... ok

test result: ok. 3 passed; 0 failed; 0 ignored; 0 measured; 0 filtered out; finished in 0.05s

     Running tests/p3_throw.rs (/Users/lordcasser/workspace/projects/jarde/target/debug/deps/p3_throw-5c5c673135b012ac)

running 8 tests
test class_source_default_selection_includes_source_maps ... ok
test duplicated_call_result_is_called_once_or_fully_referenced ... ok
test fixture_has_the_complete_positive_throw_surface ... ok
test lower_parameter_stack_value_is_not_an_extra_throw_read ... ok
test ordinary_throw_shapes_are_presented_with_their_source_types ... ok
test recovered_throw_probe_matches_original_runtime ... ignored, requires JDK: compile Engine::class_source output and execute a temporary runner
test stale_parameter_throw_keeps_the_old_stack_value_or_quotes_its_boundary ... ok
test throw_sources_keep_real_bcis_and_member_identity ... ok

test result: ok. 7 passed; 0 failed; 1 ignored; 0 measured; 0 filtered out; finished in 0.07s

     Running tests/p3_throwable_wrap_arguments.rs (/Users/lordcasser/workspace/projects/jarde/target/debug/deps/p3_throwable_wrap_arguments-4bad681d4ed3b6da)

running 5 tests
test c2_alias_wrapped_rethrow_presents_the_full_catch_body ... ok
test recovered_c2_runtime_matches_the_original_class ... ok
test table_out_presentations_keep_the_refusal_and_the_original_runtime ... ok
test wrap_family_recovers_every_variant_with_the_required_spelling ... ok
test wrap_recovery_stops_and_cancels_before_any_published_output ... ok

test result: ok. 5 passed; 0 failed; 0 ignored; 0 measured; 0 filtered out; finished in 1.38s

     Running tests/p3_try_local.rs (/Users/lordcasser/workspace/projects/jarde/target/debug/deps/p3_try_local-ee4c6baa6a742dc8)

running 2 tests
test a_copy_whose_proof_fails_does_not_claim_a_resource_header ... ok
test a_java_nine_resource_is_declared_from_the_copy_the_compiler_made ... ok

test result: ok. 2 passed; 0 failed; 0 ignored; 0 measured; 0 filtered out; finished in 0.05s

     Running tests/p3_two_exit_return.rs (/Users/lordcasser/workspace/projects/jarde/target/debug/deps/p3_two_exit_return-f94cd24d448d887f)

running 7 tests
test an_inner_two_return_graph_with_two_outside_predecessors_is_not_claimed ... ok
test complete_class_compiles_and_matches_eight_verified_paths ... ok
test low_budget_and_pre_cancel_publish_no_partial_return ... ok
test observable_equals_calls_keep_their_lazy_order_and_count ... ok
test shared_return_has_one_statement_and_every_physical_source ... ok
test third_exit_backedge_and_exception_boundary_keep_their_own_structure ... ok
test unproved_leaves_descriptor_and_independent_effect_do_not_fold ... ok

test result: ok. 7 passed; 0 failed; 0 ignored; 0 measured; 0 filtered out; finished in 1.49s

     Running tests/p3_twr_catch.rs (/Users/lordcasser/workspace/projects/jarde/target/debug/deps/p3_twr_catch-be680cb27cf40653)

running 2 tests
test a_resource_statement_and_the_catch_around_it_are_presented_together ... ignored, needs the `returns` increment in build.rs (P3 2.6's mechanism, for the resource header)
test the_unchecked_close_handler_is_refused_without_partial_twr ... ok

test result: ok. 1 passed; 0 failed; 1 ignored; 0 measured; 0 filtered out; finished in 0.04s

     Running tests/p3_twr_discarded_call.rs (/Users/lordcasser/workspace/projects/jarde/target/debug/deps/p3_twr_discarded_call-cc73de1084e2b1ae)

running 8 tests
test a_discarded_call_body_presents_the_call_statement ... ok
test a_result_the_source_receives_keeps_the_assignment_channel ... ok
test a_stopped_or_cancelled_run_publishes_no_partial_pop_body ... ok
test the_negative_refusal_is_the_guard_body_diagnostic_at_the_body_bci ... ok
test the_recovered_classes_compile_and_run_the_original_paths ... ok
test the_variant_family_presents_every_discarded_call_shape ... ok
test the_void_call_controls_keep_their_exact_text ... ok
test verifier_valid_pop_shapes_outside_the_criterion_keep_the_body_refusal ... ok

test result: ok. 8 passed; 0 failed; 0 ignored; 0 measured; 0 filtered out; finished in 1.26s

     Running tests/p3_twr_enclosing_catch.rs (/Users/lordcasser/workspace/projects/jarde/target/debug/deps/p3_twr_enclosing_catch-22abcf32d6a79398)

running 6 tests
test a_stopped_or_cancelled_run_publishes_no_partial_catch ... ok
test the_clause_header_names_the_row_and_the_binding_store ... ok
test the_fixed_shapes_present_the_statement_and_its_clause ... ok
test the_negative_shapes_themselves_run ... ok
test the_recovered_classes_compile_and_run_the_original_paths ... ok
test verifier_valid_surroundings_outside_the_clause_keep_the_refusal ... ok

test result: ok. 6 passed; 0 failed; 0 ignored; 0 measured; 0 filtered out; finished in 0.87s

     Running tests/p3_twr_enclosing_catch_call.rs (/Users/lordcasser/workspace/projects/jarde/target/debug/deps/p3_twr_enclosing_catch_call-dd742b039b6b95ec)

running 7 tests
test a_stopped_or_cancelled_run_publishes_no_partial_clause ... ok
test the_discarded_call_clause_anchor_records_the_handler_entry ... ok
test the_negative_shapes_themselves_run ... ok
test the_patrol_anchors_present_the_discarded_call_clause ... ok
test the_recovered_classes_compile_and_run_the_original_paths ... ok
test the_variant_family_presents_every_discarded_call_clause_shape ... ok
test verifier_valid_discards_outside_the_criterion_keep_the_clause_refusal ... ok

test result: ok. 7 passed; 0 failed; 0 ignored; 0 measured; 0 filtered out; finished in 1.13s

     Running tests/p3_twr_lead_sequence.rs (/Users/lordcasser/workspace/projects/jarde/target/debug/deps/p3_twr_lead_sequence-391c343b27b2ffc2)

running 4 tests
test a_weakened_geometry_keeps_the_refusal ... ok
test swapped_close_guard_targets_keep_the_refusal ... ok
test the_newer_lowerings_presentation_is_byte_for_byte_the_pre_change_one ... ok
test the_older_lowerings_level_is_recovered_as_a_try_with_resources ... ok

test result: ok. 4 passed; 0 failed; 0 ignored; 0 measured; 0 filtered out; finished in 0.09s

     Running tests/p3_twr_return_tail.rs (/Users/lordcasser/workspace/projects/jarde/target/debug/deps/p3_twr_return_tail-546abbba24063c9d)

running 5 tests
test a_competing_exception_row_cannot_borrow_the_proved_cleanup_handler ... ok
test effectful_post_close_tail_is_not_absorbed_into_the_resource_body ... ok
test one_resource_layout_keeps_its_saved_return_and_cleanup_owned ... ok
test proved_cleanup_handler_accesses_do_not_hide_the_saved_return_local ... ok
test tail_read_of_a_different_local_is_not_misidentified_as_the_saved_body_value ... ok

test result: ok. 5 passed; 0 failed; 0 ignored; 0 measured; 0 filtered out; finished in 0.06s

     Running tests/p3_twr_saved_return_typing.rs (/Users/lordcasser/workspace/projects/jarde/target/debug/deps/p3_twr_saved_return_typing-7f1e830d6690c3cc)

running 3 tests
test every_saved_value_family_spells_its_producer_and_null_stays_object ... ok
test the_recovered_t2_compiles_as_presented_and_runs_the_original_paths ... ok
test the_saved_return_declaration_spells_the_constants_own_type ... ok

test result: ok. 3 passed; 0 failed; 0 ignored; 0 measured; 0 filtered out; finished in 0.44s

     Running tests/p3_type_qualifier.rs (/Users/lordcasser/workspace/projects/jarde/target/debug/deps/p3_type_qualifier-0c6888ea4c67006c)

running 5 tests
test a_static_owner_and_a_read_parameter_keep_distinct_names ... ok
test all_fixture_methods_are_structured_with_sources ... ok
test essential_and_all_share_text_but_only_all_publishes_sources ... ok
test recovered_complete_class_matches_frozen_original ... ignored, requires JDK: compile and execute the original and recovered complete classes
test static_owners_survive_generated_parameter_and_suffix_names ... ok

test result: ok. 4 passed; 0 failed; 1 ignored; 0 measured; 0 filtered out; finished in 0.47s

     Running tests/p3_typed_catch.rs (/Users/lordcasser/workspace/projects/jarde/target/debug/deps/p3_typed_catch-09b27dab6910dff3)

running 6 tests
test a_catch_type_of_zero_becomes_neither_a_catch_nor_a_finally ... ok
test a_multi_catch_handler_that_proves_no_statement_keeps_its_header_and_quotes_its_body ... ok
test a_named_row_with_nothing_before_it_is_a_catch_not_a_resource_header ... ok
test a_store_before_the_protected_range_is_not_a_resource_header ... ok
test two_rows_that_share_one_handler_are_one_multi_catch_clause ... ok
test two_rows_with_two_handlers_are_two_clauses_in_table_order ... ok

test result: ok. 6 passed; 0 failed; 0 ignored; 0 measured; 0 filtered out; finished in 0.09s

     Running tests/p3_typed_catch_boundary_return.rs (/Users/lordcasser/workspace/projects/jarde/target/debug/deps/p3_typed_catch_boundary_return-f2feb1e83474b8b8)

running 5 tests
test a_budget_stop_and_precancellation_publish_no_partial_boundary_return ... ok
test finally_copy_with_catch_all_is_not_admitted_by_the_return_rule ... ok
test method_and_explicit_monitors_do_not_use_the_boundary_return_exception ... ok
test only_one_value_return_after_the_named_range_is_admitted ... ok
test plain_multicatch_range_end_return_is_presented_once ... ok

test result: ok. 5 passed; 0 failed; 0 ignored; 0 measured; 0 filtered out; finished in 0.23s

     Running tests/p3_unary_negation.rs (/Users/lordcasser/workspace/projects/jarde/target/debug/deps/p3_unary_negation-7dbc699b71c2e1b1)

running 8 tests
test converted_negated_operand_keeps_conversion_and_bytecode_origins ... ok
test four_direct_numeric_negations_are_recovered ... ok
test jdk_execution_matches_the_original_for_numeric_boundaries_and_effects ... ignored, runs javac/java for the controlled fixture; run with --ignored
test narrow_parameters_are_unary_promoted_to_int ... ok
test negation_and_its_consumer_keep_distinct_source_origins ... ok
test negation_emission_still_honors_the_output_budget ... ok
test negation_is_preserved_through_local_and_call_consumers ... ok
test negation_keeps_nested_and_binary_grouping ... ok

test result: ok. 7 passed; 0 failed; 1 ignored; 0 measured; 0 filtered out; finished in 0.04s

     Running tests/p3_varargs.rs (/Users/lordcasser/workspace/projects/jarde/target/debug/deps/p3_varargs-9e3a925b482dea41)

running 2 tests
test a_varargs_members_last_parameter_is_written_with_the_dots ... ok
test an_array_parameter_of_a_member_without_the_flag_keeps_its_brackets ... ok

test result: ok. 2 passed; 0 failed; 0 ignored; 0 measured; 0 filtered out; finished in 0.05s

     Running tests/p3_wrapped_array_foreach.rs (/Users/lordcasser/workspace/projects/jarde/target/debug/deps/p3_wrapped_array_foreach-0e9fadf409f80b1d)

running 4 tests
test complete_java8_class_preserves_all_thirteen_observations ... ok
test low_budget_and_cancellation_do_not_publish_half_folds ... ok
test only_array_first_wrappers_project ... ok
test wrapped_read_origins_and_essential_all_bodies_agree ... ok

test result: ok. 4 passed; 0 failed; 0 ignored; 0 measured; 0 filtered out; finished in 0.72s

     Running tests/p4_feature_registry.rs (/Users/lordcasser/workspace/projects/jarde/target/debug/deps/p4_feature_registry-06a76c951f9b65bb)

running 4 tests
test a_preview_marker_is_reported_without_becoming_dialect_support ... ok
test attribute_rules_are_bound_to_a_release_and_a_location ... ok
test every_registered_release_is_readable_and_the_ceiling_is_where_it_claims_to_be ... ok
test preview_and_unregistered_releases_keep_a_readable_structure_and_claim_nothing ... ok

test result: ok. 4 passed; 0 failed; 0 ignored; 0 measured; 0 filtered out; finished in 0.00s

     Running tests/p4_golden.rs (/Users/lordcasser/workspace/projects/jarde/target/debug/deps/p4_golden-a4b5c2124ab7231a)

running 6 tests
test a_flag_is_answered_by_name_and_never_inferred_from_a_bit ... ok
test a_refused_placement_is_a_row_and_not_a_fact ... ok
test an_illegal_class_file_is_read_and_its_planes_stay_separate ... ok
test every_entry_replays_its_fixture_digest_and_planes ... ok
test the_fixed_replay_list_is_each_goldens_own_list ... ok
test the_legal_controls_state_no_violation ... ok

test result: ok. 6 passed; 0 failed; 0 ignored; 0 measured; 0 filtered out; finished in 0.01s

     Running tests/p4_modern_facts.rs (/Users/lordcasser/workspace/projects/jarde/target/debug/deps/p4_modern_facts-620ba24af1d0e061)

running 18 tests
test a_bootstrap_handle_that_names_nothing_is_never_resolved ... ok
test a_class_whose_invokedynamic_sites_are_not_concat_reports_no_concat_fact ... ok
test a_construct_no_pass_judges_gets_no_output_level_verdict ... ok
test a_cycle_is_recorded_as_facts_instead_of_being_followed ... ok
test a_dynamic_entry_naming_an_undeclared_bootstrap_entry_is_diagnosed ... ok
test a_java8_class_has_no_output_level_conflict ... ok
test a_real_concat_site_is_a_reader_fact_and_joins_to_the_bci_of_its_instruction ... ok
test a_real_record_class_reports_components_with_their_origins ... ok
test a_real_sealed_class_reports_its_permitted_subclasses ... ok
test a_record_attribute_below_its_release_is_diagnosed_and_its_content_is_not_read ... ok
test a_shared_subgraph_is_expanded_once_and_each_entry_point_keeps_its_own_path ... ok
test an_indy_site_whose_handle_is_not_a_member_gets_no_concat_fact ... ok
test java8_conflicts_with_record_sealed_and_concat_and_keeps_their_origins ... ok
test the_depth_budget_stops_the_walk_at_the_level_it_names ... ok
test the_edge_budget_stops_the_walk_and_the_read_still_reports_its_prefix ... ok
test the_header_plane_still_evaluates_no_output_level_and_applies_no_attribute_rule ... ok
test the_node_and_step_budgets_stop_the_walk_at_the_dimension_they_name ... ok
test the_placement_of_every_registered_attribute_names_its_release ... ok

test result: ok. 18 passed; 0 failed; 0 ignored; 0 measured; 0 filtered out; finished in 0.00s

     Running tests/p4_plugins.rs (/Users/lordcasser/workspace/projects/jarde/target/debug/deps/p4_plugins-3012dfe1dd9d8b7b)

running 5 tests
test a_budget_refusal_is_a_stop_with_the_range_it_read ... ok
test a_framework_resource_rule_answers_with_its_rule_version_source_range_and_coverage ... ok
test an_unregistered_configuration_is_unsupported_and_never_an_empty_answer ... ok
test nothing_is_executed_and_a_claim_that_names_an_absent_class_is_only_a_name ... ok
test the_plugin_plane_leaves_the_structural_planes_own_answer_untouched ... ok

test result: ok. 5 passed; 0 failed; 0 ignored; 0 measured; 0 filtered out; finished in 0.01s

     Running tests/p4_runtime_matrix.rs (/Users/lordcasser/workspace/projects/jarde/target/debug/deps/p4_runtime_matrix-b1dba61a95afcdd8)

running 13 tests
test a_manifest_condition_that_hides_versioned_entries_is_diagnosed ... ok
test a_matrix_that_reports_an_error_never_claims_verification ... ok
test a_module_path_domain_reports_the_policy_verdict_and_claims_no_order ... ok
test a_name_in_two_war_roots_reports_both_origins_and_the_order_the_declaration_gives ... ok
test a_nonconformant_selection_is_an_error_and_keeps_the_predecessor_diagnostic ... ok
test a_tree_scope_shares_the_re_reads_of_nested_containers_too ... ok
test agreement_without_a_proven_interval_is_never_merged ... ok
test an_unsupplied_parent_makes_the_order_unknown ... ok
test one_scan_serves_three_profiles_and_costs_a_third_of_the_scans ... ok
test profiles_inside_one_stable_interval_merge_with_the_proof_they_share ... ok
test the_matrix_never_claims_verification ... ok
test the_request_rejects_what_it_cannot_answer_honestly ... ok
test three_profiles_select_different_entries_and_keep_every_physical_entry ... ok

test result: ok. 13 passed; 0 failed; 0 ignored; 0 measured; 0 filtered out; finished in 0.01s

     Running tests/p4_x2_states.rs (/Users/lordcasser/workspace/projects/jarde/target/debug/deps/p4_x2_states-cf468f8041be1c48)

running 8 tests
test a_default_that_overrides_another_is_not_a_conflict ... ok
test a_loader_outside_the_chain_keeps_the_range_open_world ... ok
test a_missing_dependency_is_stated_by_name_and_never_as_the_negative_answer ... ok
test a_range_position_resolved_outside_the_range_is_unsearched_not_excluded ... ok
test a_symbolic_owner_resolves_to_the_declaration_and_a_range_extends_it_to_its_candidates ... ok
test an_open_world_range_publishes_its_candidates_and_the_class_it_could_not_read ... ok
test the_states_of_one_request_belong_to_the_one_view_it_names ... ok
test two_unrelated_defaults_are_incompatible_class_change ... ok

test result: ok. 8 passed; 0 failed; 0 ignored; 0 measured; 0 filtered out; finished in 0.00s

     Running tests/p4_x3_patterns.rs (/Users/lordcasser/workspace/projects/jarde/target/debug/deps/p4_x3_patterns-959f342980238f8f)

running 10 tests
test a_budget_stop_is_reported_and_never_guessed ... ok
test a_constant_target_is_inferred_with_all_five_elements ... ok
test a_dynamic_input_is_unknown_and_never_a_guess ... ok
test a_service_interface_outside_the_snapshot_is_still_an_inference ... ok
test a_stored_constant_propagates_within_one_body ... ok
test a_target_outside_the_snapshot_is_inferred_and_named ... ok
test an_item_limit_makes_the_answer_a_prefix ... ok
test the_declared_patterns_cross_the_facade ... ok
test the_member_and_service_patterns_name_what_the_site_asks_for ... ok
test the_overload_decides_the_conclusion ... ok

test result: ok. 10 passed; 0 failed; 0 ignored; 0 measured; 0 filtered out; finished in 0.05s

     Running tests/p5_benchmark.rs (/Users/lordcasser/workspace/projects/jarde/target/debug/deps/p5_benchmark-fdc9ffa6effbaacc)

running 20 tests
test a_cancelled_direct_run_is_never_published_as_complete ... ok
test a_cancelled_request_does_not_reach_a_later_one_over_the_same_bytes ... ok
test a_candidate_may_be_enabled_only_while_its_differential_is_equivalent ... ok
test every_benefit_claim_needs_a_second_runnable_path ... ok
test every_boundary_corpus_publishes_the_same_result_with_and_without_the_cache ... ok
test no_ordinary_entry_reaches_the_bulk_module_or_recover_all ... ok
test p5_repeated_direct_baseline ... ignored, repeated benchmark: run with `cargo test --test p5_benchmark --locked -- --ignored --nocapture p5_repeated_direct_baseline`
test repeated_direct_runs_publish_the_same_result_fingerprint ... ok
test the_benchmark_subjects_are_the_bytes_the_corpus_fingerprint_fixes ... ok
test the_benefit_rule_refuses_a_claim_the_matrix_cannot_back ... ok
test the_built_layer_carries_the_dimensions_the_record_binds_to_it ... ok
test the_cache_path_publishes_the_same_result_and_reports_what_it_saved ... ok
test the_direct_row_fingerprints_are_printed_for_a_cross_process_comparison ... ok
test the_enablement_rule_refuses_a_candidate_whose_paths_differ ... ok
test the_engine_has_one_disabled_facts_cache_and_no_index_or_scheduler ... ok
test the_local_and_the_full_range_runs_are_compared_field_by_field ... ok
test the_published_order_is_a_function_of_the_input_alone ... ok
test the_recorded_key_dimensions_are_the_ones_the_decision_names ... ok
test the_reference_path_publishes_no_pool_candidate_as_an_item ... ok
test the_result_fingerprint_ignores_the_wall_clock_and_nothing_else ... ok

test result: ok. 19 passed; 0 failed; 1 ignored; 0 measured; 0 filtered out; finished in 0.95s

     Running tests/p5_bulk_corpus.rs (/Users/lordcasser/workspace/projects/jarde/target/debug/deps/p5_bulk_corpus-5c79321f363a5d12)

running 6 tests
test a_slow_consumer_changes_the_readings_and_not_the_shape ... ok
test every_case_holds_the_shape_it_is_named_for ... ok
test record_the_billing_table ... ignored, regenerates the pinned table; run with --ignored --nocapture after an intended shape change
test the_corpus_is_rebuilt_from_the_committed_bytes_every_time ... ok
test the_fixed_shape_bills_the_counts_the_corpus_pins ... ok
test the_old_per_method_arms_keep_their_ledger_and_the_same_text ... ok

test result: ok. 5 passed; 0 failed; 1 ignored; 0 measured; 0 filtered out; finished in 0.62s

     Running tests/p5_container_lookup.rs (/Users/lordcasser/workspace/projects/jarde/target/debug/deps/p5_container_lookup-274683e8beb63707)

running 30 tests
test a_cancelled_or_damaged_container_is_not_published ... ok
test a_capacity_refusal_does_not_rescan_the_request ... ok
test a_changed_content_chain_or_declaration_misses ... ok
test a_damaged_sibling_does_not_stop_a_local_result_and_the_tree_still_reports_it ... ok
test a_forged_container_origin_is_refused ... ok
test a_large_flat_jar_does_not_add_sibling_materializations ... ok
test a_local_lookup_reads_only_its_container_and_its_ancestors ... ok
test a_precancelled_warm_request_is_still_cancelled ... ok
test a_second_request_reuses_the_container_it_does_not_rebuild ... ok
test a_two_level_chain_reaches_every_ancestor_once ... ok
test a_verified_deflated_backing_saves_work_without_granting_a_budget ... ok
test a_warm_container_obeys_the_current_depth_limit ... ok
test a_warm_read_obeys_the_current_output_limit ... ok
test a_warm_selected_entry_read_neither_scan_again_nor_replays_a_charge ... ok
test an_already_terminated_budget_is_not_restarted ... ok
test an_expired_warm_request_stays_expired ... ok
test an_incomplete_directory_is_never_a_missing_verdict ... ok
test clearing_the_store_releases_the_products ... ok
test container_lookup_timings ... ignored
test duplicate_physical_entries_keep_their_ordinals_direct_and_warm ... ok
test explicit_tree_enumeration_still_reports_every_container ... ok
test identically_warmed_repeats_publish_the_same_full_report ... ok
test identically_warmed_resolutions_publish_the_same_full_report ... ok
test only_a_complete_container_is_published ... ok
test the_capacity_starved_row_answers_the_same_question ... ok
test the_entry_and_byte_bounds_are_both_enforced ... ok
test the_fixture_shapes_are_pinned_by_digest ... ok
test the_four_paths_agree_on_the_semantic_fingerprint ... ok
test the_whole_tree_reference_and_the_local_lookup_differ_by_the_siblings ... ok
test two_methods_of_one_snapshot_reuse_one_container ... ok

test result: ok. 29 passed; 0 failed; 1 ignored; 0 measured; 0 filtered out; finished in 0.13s

     Running tests/p5_corpus_fingerprint.rs (/Users/lordcasser/workspace/projects/jarde/target/debug/deps/p5_corpus_fingerprint-be4294a01456d7aa)

running 6 tests
test corpus_files_match_the_recorded_fingerprint ... ok
test every_acceptance_row_is_indexed_against_existing_corpus ... ok
test every_dimension_is_carried_by_existing_corpus ... ok
test regenerate_corpus_fingerprint ... ignored, writes tests/fixtures/corpus-fingerprint.json; run explicitly for an intended corpus change
test the_indexed_rows_are_the_rows_the_acceptance_table_names ... ok
test the_manifest_matches_its_rendered_classification ... ok

test result: ok. 5 passed; 0 failed; 1 ignored; 0 measured; 0 filtered out; finished in 0.25s

     Running tests/p5_definition_read_reuse.rs (/Users/lordcasser/workspace/projects/jarde/target/debug/deps/p5_definition_read_reuse-d6f00fefc171db5d)

running 11 tests
test a_read_that_stopped_is_never_retained_and_a_read_that_finished_is ... ok
test a_retained_read_answers_for_its_own_definition_and_for_no_other ... ok
test a_tight_budget_stops_truthfully_with_and_without_a_hit ... ok
test every_fallback_reads_the_definition_itself ... ok
test one_process_reads_one_tier_of_the_capacity_ladder ... ok
test one_store_answers_across_entry_points_and_not_across_snapshots ... ok
test the_capacity_ladder_keeps_the_answer_and_states_what_it_refused ... ok
test the_direct_path_and_the_reuse_path_publish_one_answer_and_one_workload ... ok
test the_name_search_reads_its_candidates_itself ... ok
test the_offered_bytes_are_the_entrys_own_bytes ... ok
test two_snapshots_of_one_class_do_not_answer_for_each_other ... ok

test result: ok. 11 passed; 0 failed; 0 ignored; 0 measured; 0 filtered out; finished in 0.07s

     Running tests/p5_facts_cache.rs (/Users/lordcasser/workspace/projects/jarde/target/debug/deps/p5_facts_cache-45d8fa4147b280ce)

running 13 tests
test a_discarded_entry_falls_back_under_the_same_budget ... ok
test a_hit_still_bills_what_it_publishes ... ok
test a_provider_added_later_is_answered_by_a_fresh_search ... ok
test a_raw_layer_entry_survives_the_profile_and_the_recovery_above_it ... ok
test a_stopped_read_stores_nothing_and_a_cancelled_request_is_never_answered ... ok
test a_strict_request_is_never_answered_with_a_forensic_read ... ok
test content_is_shared_and_two_origins_are_never_merged ... ok
test one_store_serves_two_snapshots_without_answering_either_with_the_other ... ok
test the_cache_removes_repeated_parses_and_changes_nothing_else ... ok
test the_cached_facts_are_the_facts_the_direct_path_produces ... ok
test the_capacity_is_a_bound_and_a_refusal_is_not_a_hit ... ok
test the_default_path_consults_no_cache ... ok
test the_key_binds_content_policy_and_declaration ... ok

test result: ok. 13 passed; 0 failed; 0 ignored; 0 measured; 0 filtered out; finished in 0.03s

     Running tests/p5_optimize_workloads.rs (/Users/lordcasser/workspace/projects/jarde/target/debug/deps/p5_optimize_workloads-3da89ade9d54ca37)

running 15 tests
test a_page_that_stops_before_a_damaged_suffix_states_what_it_covered ... ok
test measure_workload ... ignored, measurement: build it, then run this binary with --exact measure_workload --ignored --nocapture
test the_capacity_refusal_changes_retention_and_not_the_result ... ok
test the_domain_reports_carry_no_phase_timing ... ok
test the_fixture_is_the_pinned_bytes ... ok
test the_instrumentation_changes_no_domain_report ... ok
test the_pages_cover_the_scan_and_the_page_size_changes_no_item ... ok
test the_probe_counts_every_delivered_record_and_window_call ... ok
test the_stage_ledger_keeps_phases_disjoint_and_nested_stages_out_of_the_total ... ok
test the_stopped_export_delivers_its_confirmed_prefix_and_stops ... ok
test the_three_sink_modes_publish_the_same_result ... ok
test the_two_delivery_shapes_answer_the_same_bodies ... ok
test the_worker_sequence_publishes_one_result ... ok
test the_workload_vocabulary_is_the_one_task_1_2_fixes ... ok
test the_zero_capacity_store_retains_nothing_and_changes_no_result ... ok

test result: ok. 14 passed; 0 failed; 1 ignored; 0 measured; 0 filtered out; finished in 1.78s

     Running tests/p5_shared_payload.rs (/Users/lordcasser/workspace/projects/jarde/target/debug/deps/p5_shared_payload-f17bdf3c7cb83c51)

running 6 tests
test a_full_store_refuses_without_invalidating_a_live_payload ... ok
test a_key_written_again_holds_another_payload_and_a_held_handle_keeps_its_content ... ok
test a_live_handle_survives_a_clear ... ok
test a_store_with_room_for_nothing_retains_nothing_and_answers_no_wrong_value ... ok
test a_trusted_digest_answers_the_entry_the_bytes_wrote ... ok
test the_store_hands_out_the_one_allocation_it_holds ... ok

test result: ok. 6 passed; 0 failed; 0 ignored; 0 measured; 0 filtered out; finished in 0.00s

     Running tests/parameterized_interface_headers.rs (/Users/lordcasser/workspace/projects/jarde/target/debug/deps/parameterized_interface_headers-cb9797d71f8f6017)

running 8 tests
test a_bare_dollar_named_parent_keeps_the_raw_header ... ok
test a_body_calling_its_own_erased_contract_records_the_argument_spelling_boundary ... ok
test a_multi_interface_header_projects_the_parameterized_entry_only ... ok
test a_parameterized_interface_entry_publishes_its_arguments_and_hides_the_bridge ... ok
test a_type_use_annotated_implements_clause_keeps_the_raw_header_and_visible_bridge ... ok
test an_interface_definition_that_contradicts_the_signature_refuses_the_header ... ok
test an_unresolvable_interface_keeps_the_physical_spelling_and_the_visible_bridge ... ok
test the_parent_cells_whose_criteria_are_unmet_keep_their_refusals ... ok

test result: ok. 8 passed; 0 failed; 0 ignored; 0 measured; 0 filtered out; finished in 1.73s

     Running tests/preserve_local_scope_plan.rs (/Users/lordcasser/workspace/projects/jarde/target/debug/deps/preserve_local_scope_plan-c45fae6987c1fa59)

running 5 tests
test a_bounded_or_cancelled_run_commits_no_partial_body ... ok
test a_crossing_local_keeps_the_dependent_slice_refused ... ok
test the_lifted_declaration_carries_the_origin_of_every_region_it_covers ... ok
test the_recovered_class_recompiles_and_answers_what_the_original_answers ... ok
test the_three_answers_are_the_rendered_class ... ok

test result: ok. 5 passed; 0 failed; 0 ignored; 0 measured; 0 filtered out; finished in 0.44s

     Running tests/preserve_local_scope_refusals.rs (/Users/lordcasser/workspace/projects/jarde/target/debug/deps/preserve_local_scope_refusals-62d55f11a22f5ca1)

running 5 tests
test the_boundary_keeps_the_independent_members_and_quotes_only_the_dependent_slice ... ok
test the_crossing_fallbacks_belong_to_the_slices_they_refuse ... ok
test the_legal_shapes_answer_what_the_original_and_jadx_answer ... ignored, needs both JDKs: it compiles the original, the frozen JADX render and the recovered text with `javac --release 8` **and** the real javac 8 and runs every side under `java -Xverify:all` (see the module doc)
test the_refused_slices_keep_the_instructions_their_closure_covers ... ok
test the_scope_planning_and_validation_stops_commit_no_partial_body ... ok

test result: ok. 4 passed; 0 failed; 1 ignored; 0 measured; 0 filtered out; finished in 26.33s

     Running tests/preserve_monitor_exit_evaluation_order.rs (/Users/lordcasser/workspace/projects/jarde/target/debug/deps/preserve_monitor_exit_evaluation_order-ac197499f24638c3)

running 4 tests
test a_proved_nested_pairs_local_return_moves_inside_and_its_sibling_keeps_its_refusal ... ok
test the_nested_return_is_written_inside_the_inner_braces ... ok
test the_rendered_text_runs_with_the_inner_lock_held ... ignored, needs a JDK on PATH: it strips the class-source comment lines, compiles the text with `javac --release 8` and runs it with `-Xverify:all` (see the module doc)
test the_single_monitor_members_and_the_refused_void_body_are_unchanged ... ok

test result: ok. 3 passed; 0 failed; 1 ignored; 0 measured; 0 filtered out; finished in 0.07s

     Running tests/qualified_super_default.rs (/Users/lordcasser/workspace/projects/jarde/target/debug/deps/qualified_super_default-e713e577e6bf0c2b)

running 5 tests
test abstract_target_in_a_direct_interface_keeps_the_refusal ... ok
test nested_diamond_qualifiers_are_each_independently_presented ... ok
test nested_single_void_and_parameterized_defaults_are_presented ... ok
test packaged_nested_qualifier_is_spelled_with_the_package_dot ... ok
test qualifier_inherited_only_through_extends_keeps_the_refusal ... ok

test result: ok. 5 passed; 0 failed; 0 ignored; 0 measured; 0 filtered out; finished in 0.05s

     Running tests/recover_array_element_field_receiver.rs (/Users/lordcasser/workspace/projects/jarde/target/debug/deps/recover_array_element_field_receiver-896f2d21a46660d7)

running 13 tests
test an_array_no_fact_states_keeps_the_field_identity_refusal ... ok
test an_element_field_write_is_presented_by_the_same_proof ... ok
test an_enum_lookup_tables_loop_body_is_written ... ok
test every_recovered_fixture_answers_what_its_class_answers ... ignored, needs a JDK on PATH: it strips the class-source comment lines, compiles the text with `javac --release 8` and runs it with `-Xverify:all` (see the module doc)
test the_accumulating_and_returning_shapes_are_written ... ok
test the_call_result_receivers_do_not_move ... ok
test the_current_class_and_the_companion_class_arrays_both_recover ... ok
test the_direct_parameter_and_local_alias_reads_do_not_move ... ok
test the_element_is_a_receiver_directly_and_through_a_local ... ok
test the_element_method_calls_do_not_move ... ok
test the_enum_text_stays_uncompilable_on_its_constant_shape ... ignored, needs a JDK on PATH: the enum constants' pooled shape is a rendering debt this change does not touch, and the stripped text must stay uncompilable (see the module doc)
test the_recovered_lookup_table_answers_what_its_class_answers ... ignored, needs a JDK on PATH: it strips the class-source comment lines, compiles the text with `javac --release 8` and runs it with `-Xverify:all` (see the module doc)
test the_static_lookup_tables_loop_body_is_written ... ok

test result: ok. 10 passed; 0 failed; 3 ignored; 0 measured; 0 filtered out; finished in 0.14s

     Running tests/recover_array_initializer_value_positions.rs (/Users/lordcasser/workspace/projects/jarde/target/debug/deps/recover_array_initializer_value_positions-13758ea37918a3c6)

running 6 tests
test no_recovering_method_keeps_a_quote ... ok
test the_admission_is_the_dances_shape_and_not_an_int_special_case ... ok
test the_hand_built_negatives_keep_their_refusals ... ok
test the_presenting_positions_keep_their_text_byte_for_byte ... ok
test the_recovered_text_compiles_and_runs_identically_on_both_legs ... ignored, compiles and runs the recovered text; needs the installed JDK (and javac 8 for the second leg)
test the_two_refusing_positions_recover_on_both_legs ... ok

test result: ok. 5 passed; 0 failed; 1 ignored; 0 measured; 0 filtered out; finished in 0.41s

     Running tests/recover_boolean_int_bitwise_operands.rs (/Users/lordcasser/workspace/projects/jarde/target/debug/deps/recover_boolean_int_bitwise_operands-3926ded773d691c2)

running 6 tests
test no_recovering_method_keeps_a_quote ... ok
test the_anchors_write_their_presentations_on_both_legs ... ok
test the_frozen_anchor_recovers_whole_class ... ok
test the_negatives_keep_their_refusals_on_both_legs ... ok
test the_recovered_text_compiles_and_runs_identically_on_both_legs ... ignored, compiles and runs the recovered text; needs the installed JDK (and javac 8 for the second leg)
test the_same_type_shapes_are_unchanged_on_both_legs ... ok

test result: ok. 5 passed; 0 failed; 1 ignored; 0 measured; 0 filtered out; finished in 0.15s

     Running tests/recover_boxed_number_widening.rs (/Users/lordcasser/workspace/projects/jarde/target/debug/deps/recover_boxed_number_widening-d2a8b397df4116cc)

running 4 tests
test every_stripped_anchor_answers_what_its_class_answers ... ignored, needs a JDK on PATH: it strips the class-source comment lines, compiles the text with the installed javac --release 8 (and with a real javac 8 when one is present) and runs both, comparing every answer with the fixture's own class files
test the_boxed_number_positions_are_presented ... ok
test the_number_subclasses_outside_the_closed_rows_still_refuse ... ok
test the_patrol_anchor_presents_its_boxed_argument ... ok

test result: ok. 3 passed; 0 failed; 1 ignored; 0 measured; 0 filtered out; finished in 0.08s

     Running tests/recover_branching_guard_body.rs (/Users/lordcasser/workspace/projects/jarde/target/debug/deps/recover_branching_guard_body-c7592d347f02afa4)

running 5 tests
test the_branching_guard_body_presents_whole_on_every_leg ... ok
test the_negatives_keep_their_refusals ... ok
test the_order_and_exception_drivers_answer_what_the_original_answers ... ignored, needs both JDKs: it strips the class-source comment lines, compiles the text with `javac --release 8` **and** the real javac 8 and runs both under `-Xverify:all` (see the module doc)
test the_order_leg_presents_the_same_shapes_over_its_recording_lock ... ok
test the_probe_shapes_beyond_the_filings_note_present ... ok

test result: ok. 4 passed; 0 failed; 1 ignored; 0 measured; 0 filtered out; finished in 0.09s

     Running tests/recover_chained_field_assignment.rs (/Users/lordcasser/workspace/projects/jarde/target/debug/deps/recover_chained_field_assignment-db64102ce78c7930)

running 4 tests
test no_recovering_method_keeps_a_quote ... ok
test the_field_copy_anchors_write_their_presentations_on_both_legs ... ok
test the_negatives_keep_their_refusals_on_both_legs ... ok
test the_recovered_text_compiles_and_runs_identically_on_both_legs ... ignored, compiles and runs the recovered text; needs the installed JDK (and javac 8 for the second leg)

test result: ok. 3 passed; 0 failed; 1 ignored; 0 measured; 0 filtered out; finished in 0.25s

     Running tests/recover_conditional_rhs_field_compound.rs (/Users/lordcasser/workspace/projects/jarde/target/debug/deps/recover_conditional_rhs_field_compound-055c7f0516524743)

running 5 tests
test no_recovering_method_keeps_a_quote ... ok
test the_conditional_rhs_anchors_write_their_presentations_on_both_legs ... ok
test the_frozen_anchor_recovers_whole_class ... ok
test the_negatives_keep_their_refusals_on_both_legs ... ok
test the_recovered_text_compiles_and_runs_identically_on_both_legs ... ignored, compiles and runs the recovered text; needs the installed JDK (and javac 8 for the second leg)

test result: ok. 4 passed; 0 failed; 1 ignored; 0 measured; 0 filtered out; finished in 0.13s

     Running tests/recover_covariant_array_store_receiver.rs (/Users/lordcasser/workspace/projects/jarde/target/debug/deps/recover_covariant_array_store_receiver-20f470246255ef29)

running 8 tests
test a_subtype_value_is_not_proven_compatible_and_widens_too ... ok
test an_unproven_component_keeps_its_presentation ... ok
test an_unproven_component_text_stays_uncompilable ... ignored, needs both JDKs: the merged local's own rendering debt keeps the text uncompilable (see the module doc)
test the_patrols_class_answers_what_its_class_answers ... ignored, needs both JDKs: it strips the class-source comment lines, compiles the text with `javac --release 8` **and** the real javac 8 and runs both under `-Xverify:all` (see the module doc)
test the_patrols_two_covariant_stores_widen_their_access_receiver ... ok
test the_store_driver_answers_what_its_class_answers ... ignored, needs both JDKs: it strips the class-source comment lines, compiles the text with `javac --release 8` **and** the real javac 8 and runs both under `-Xverify:all` (see the module doc)
test the_store_driver_keeps_its_controls_and_its_negatives ... ok
test the_subtype_store_answers_what_its_class_answers ... ignored, needs both JDKs: it strips the class-source comment lines, compiles the text with `javac --release 8` **and** the real javac 8 and runs both under `-Xverify:all` (see the module doc)

test result: ok. 4 passed; 0 failed; 4 ignored; 0 measured; 0 filtered out; finished in 0.08s

     Running tests/recover_double_brace_allocation_site.rs (/Users/lordcasser/workspace/projects/jarde/target/debug/deps/recover_double_brace_allocation_site-a1765c4977c8cabf)

running 4 tests
test the_controls_recompiled_text_compiles_and_runs_as_the_original_classes ... ok
test the_fixture_directory_is_the_one_this_file_reads ... ok
test the_single_use_control_presents_the_double_brace_form_at_its_allocation_point ... ok
test the_three_negatives_keep_the_presentation_they_had ... ok

test result: ok. 4 passed; 0 failed; 0 ignored; 0 measured; 0 filtered out; finished in 1.24s

     Running tests/recover_dup_store_conditional.rs (/Users/lordcasser/workspace/projects/jarde/target/debug/deps/recover_dup_store_conditional-be339ab9c87d8328)

running 4 tests
test no_recovering_method_keeps_a_quote ... ok
test the_dup_store_anchors_write_the_eliminated_and_split_forms_on_both_legs ... ok
test the_loop_test_presents_and_the_short_circuit_chain_keeps_its_refusal ... ok
test the_recovered_text_compiles_and_runs_identically_on_both_legs ... ignored, compiles and runs the recovered text; needs the installed JDK (and javac 8 for the second leg)

test result: ok. 3 passed; 0 failed; 1 ignored; 0 measured; 0 filtered out; finished in 0.12s

     Running tests/recover_inline_conditional_concat_operands.rs (/Users/lordcasser/workspace/projects/jarde/target/debug/deps/recover_inline_conditional_concat_operands-1149df6d29a23235)

running 5 tests
test no_recovering_method_keeps_a_quote ... ok
test the_chain_without_a_cut_keeps_its_own_presentation_on_both_legs ... ok
test the_inline_conditional_anchors_write_the_source_form_on_both_legs ... ok
test the_negatives_keep_their_split_refusals_on_both_legs ... ok
test the_recovered_text_compiles_and_runs_identically_on_both_legs ... ignored, compiles and runs the recovered text; needs the installed JDK (and javac 8 for the second leg)

test result: ok. 4 passed; 0 failed; 1 ignored; 0 measured; 0 filtered out; finished in 0.14s

     Running tests/recover_instance_field_assignment_chains.rs (/Users/lordcasser/workspace/projects/jarde/target/debug/deps/recover_instance_field_assignment_chains-e0ac0ecbfe3b3ea5)

running 4 tests
test no_recovering_method_keeps_a_quote ... ok
test the_boundary_and_the_negatives_keep_their_refusals_on_both_legs ... ok
test the_instance_chain_anchors_write_their_presentations_on_both_legs ... ok
test the_recovered_text_compiles_and_runs_identically_on_both_legs ... ignored, compiles and runs the recovered text; needs the installed JDK (and javac 8 for the second leg)

test result: ok. 3 passed; 0 failed; 1 ignored; 0 measured; 0 filtered out; finished in 0.10s

     Running tests/recover_io_resource_finally.rs (/Users/lordcasser/workspace/projects/jarde/target/debug/deps/recover_io_resource_finally-1a1cac19a15a2e4e)

running 6 tests
test the_anchors_guard_presents_whole_on_every_leg ... ok
test the_anchors_own_class_answers_its_baseline_and_its_presentation_too ... ignored, needs both JDKs: it runs the anchor's own classes on both legs and then compiles the whole-class text and runs its own driver beside them — `readAll` recovered, the registered boundary closed (see the module doc)
test the_certificate_shape_over_a_caller_owned_stream_presents ... ok
test the_depth_boundary_presents_three_layers_and_refuses_four ... ok
test the_mid_read_guard_answers_what_its_class_answers ... ignored, needs both JDKs: it strips the class-source comment lines, compiles the text with `javac --release 8` **and** the real javac 8 and runs both under `-Xverify:all` (see the module doc)
test the_negatives_keep_their_refusals_verbatim ... ok

test result: ok. 4 passed; 0 failed; 2 ignored; 0 measured; 0 filtered out; finished in 0.09s

     Running tests/recover_javac8_allocation_qualifier_null_check.rs (/Users/lordcasser/workspace/projects/jarde/target/debug/deps/recover_javac8_allocation_qualifier_null_check-858c9283315a49f6)

running 6 tests
test a_construction_whose_only_reader_is_the_discard_keeps_the_member_form_out ... ok
test a_kept_check_result_never_joins_the_site ... ok
test allocation_qualifier_without_arguments_folds_on_both_legs ... ok
test real_javac8_allocation_qualifier_folds_with_its_int_argument ... ok
test the_javac23_leg_of_the_anchor_keeps_its_recovery ... ok
test user_statements_survive_while_the_member_construction_folds ... ok

test result: ok. 6 passed; 0 failed; 0 ignored; 0 measured; 0 filtered out; finished in 1.01s

     Running tests/recover_javac8_getclass_null_check_idiom.rs (/Users/lordcasser/workspace/projects/jarde/target/debug/deps/recover_javac8_getclass_null_check_idiom-ddb49a452860bf53)

running 3 tests
test an_undiscarded_check_refuses_on_the_getclass_spelling ... ok
test real_javac8_parameter_qualifier_folds_like_the_javac23_leg ... ok
test user_written_getclass_statement_survives_on_both_legs ... ok

test result: ok. 3 passed; 0 failed; 0 ignored; 0 measured; 0 filtered out; finished in 0.79s

     Running tests/recover_lambda_primitive_array_capture.rs (/Users/lordcasser/workspace/projects/jarde/target/debug/deps/recover_lambda_primitive_array_capture-7de3eff9436b4c84)

running 6 tests
test the_frozen_anchor_is_the_recorded_patrol_probe ... ok
test the_frozen_baseline_of_the_same_anchor_refused_the_capture ... ok
test the_multianewarray_capture_keeps_its_recorded_status ... ok
test the_primitive_array_capture_recovers_in_both_javac_legs ... ok
test the_recovered_text_recompiles_and_prints_the_original_output ... ok
test the_reference_capture_and_the_rest_of_the_class_are_unchanged ... ok

test result: ok. 6 passed; 0 failed; 0 ignored; 0 measured; 0 filtered out; finished in 0.85s

     Running tests/recover_lock_guard_loop_finally.rs (/Users/lordcasser/workspace/projects/jarde/target/debug/deps/recover_lock_guard_loop_finally-8dd864f2f2e4de62)

running 5 tests
test the_lock_guard_class_renders_whole_on_every_leg ... ok
test the_negatives_keep_their_refusals_verbatim ... ok
test the_rendered_class_recompiles_and_answers_what_the_original_answers ... ok
test the_resource_across_finally_probe_presents_under_the_resource_guard ... ok
test the_true_two_copy_non_lock_finally_stays_refused ... ok

test result: ok. 5 passed; 0 failed; 0 ignored; 0 measured; 0 filtered out; finished in 0.45s

     Running tests/recover_loop_else_if_early_returns.rs (/Users/lordcasser/workspace/projects/jarde/target/debug/deps/recover_loop_else_if_early_returns-8950ffe37ff7cf88)

running 5 tests
test every_stripped_anchor_answers_what_its_class_answers ... ignored, needs a JDK on PATH: it strips the class-source comment lines, compiles the text with the installed javac --release 8 (and with a real javac 8 when one is present) and runs both, comparing every answer with the fixture's own class files
test the_all_recovering_anchor_class_is_presented_whole ... ok
test the_ladder_recovers_where_the_patrol_recorded_the_refusal ... ok
test the_shapes_outside_the_single_level_ladder_keep_their_refusal ... ok
test the_three_controls_are_byte_identical ... ok

test result: ok. 4 passed; 0 failed; 1 ignored; 0 measured; 0 filtered out; finished in 0.14s

     Running tests/recover_loop_test_copy_store.rs (/Users/lordcasser/workspace/projects/jarde/target/debug/deps/recover_loop_test_copy_store-abb6202739ad39bd)

running 5 tests
test the_controls_keep_their_refusals_on_both_legs ... ok
test the_multi_consumer_control_keeps_its_refusal_on_both_legs ... ok
test the_probe_renders_the_same_text_from_a_jar ... ok
test the_probes_presented_text_answers_what_its_class_answers ... ignored, needs both JDKs: it strips the class-source comment lines, compiles the text with `javac --release 8` **and** the real javac 8 and runs the probe's driver against a real file on both sides (see the module doc)
test the_same_form_loop_presents_on_every_leg ... ok

test result: ok. 4 passed; 0 failed; 1 ignored; 0 measured; 0 filtered out; finished in 0.08s

     Running tests/recover_nested_lock_finally_bodies.rs (/Users/lordcasser/workspace/projects/jarde/target/debug/deps/recover_nested_lock_finally_bodies-6cde506c10277699)

running 6 tests
test the_anchors_own_class_answers_its_baseline_and_its_boundary_is_stated ... ignored, needs both JDKs: it runs the anchor's own classes on both legs and states why the whole-class text stays uncompilable while `multiAwait`'s registered refusal stands (see the module doc)
test the_boundaries_keep_their_refusals_and_the_branching_body_presents ... ok
test the_negatives_keep_their_refusals_verbatim ... ok
test the_nested_lock_shapes_present_whole_on_every_leg ... ok
test the_order_and_exception_drivers_answer_what_the_original_answers ... ignored, needs both JDKs: it strips the class-source comment lines, compiles the text with `javac --release 8` **and** the real javac 8 and runs both under `-Xverify:all` (see the module doc)
test the_order_leg_presents_the_same_shapes_over_its_recording_lock ... ok

test result: ok. 4 passed; 0 failed; 2 ignored; 0 measured; 0 filtered out; finished in 0.09s

     Running tests/recover_platform_implementer_argument_widening.rs (/Users/lordcasser/workspace/projects/jarde/target/debug/deps/recover_platform_implementer_argument_widening-c440a90cf4fcaebb)

running 8 tests
test every_stripped_anchor_answers_what_its_class_answers ... ignored, needs a JDK on PATH: it strips the class-source comment lines, compiles the text with the installed javac --release 8 (and with a real javac 8 when one is present) and runs both, comparing every answer with the fixture's own class files
test the_charsequence_and_serializable_positions_are_presented ... ok
test the_comparable_positions_are_presented ... ok
test the_enum_positions_are_presented ... ok
test the_out_of_package_comparable_implementer_still_refuses ... ok
test the_patrol_nested_enum_shape_presents_its_call ... ok
test the_platform_enum_still_refuses ... ok
test the_types_outside_the_closed_rows_still_refuse ... ok

test result: ok. 7 passed; 0 failed; 1 ignored; 0 measured; 0 filtered out; finished in 0.11s

     Running tests/recover_platform_interface_argument_widening.rs (/Users/lordcasser/workspace/projects/jarde/target/debug/deps/recover_platform_interface_argument_widening-796836cb2b62b4a0)

running 6 tests
test every_stripped_fixture_answers_what_its_class_answers ... ignored, needs a JDK on PATH: it strips the class-source comment lines, compiles the text with the installed javac --release 8 (and with a real javac 8 when one is present) and runs both, comparing every answer with the fixture's own class files
test the_anonymous_comparator_argument_is_presented ... ok
test the_isolated_ordering_program_presents_its_sort ... ok
test the_named_platform_target_is_proved_and_the_absent_one_still_refuses ... ok
test the_own_interface_positions_do_not_move ... ok
test the_top_level_implementer_argument_is_presented ... ok

test result: ok. 5 passed; 0 failed; 1 ignored; 0 measured; 0 filtered out; finished in 0.10s

     Running tests/recover_postfix_condition_positions.rs (/Users/lordcasser/workspace/projects/jarde/target/debug/deps/recover_postfix_condition_positions-32b6f3faf5d6537f)

running 5 tests
test no_recovering_method_keeps_a_quote ... ok
test the_condition_positions_write_the_postfix_expression_on_both_legs ... ok
test the_control_chain_stays_byte_identical_on_both_legs ... ok
test the_negatives_keep_their_refusals_on_both_legs ... ok
test the_recovered_text_compiles_and_runs_identically_on_both_legs ... ignored, compiles and runs the recovered text; needs the installed JDK (and javac 8 for the second leg)

test result: ok. 4 passed; 0 failed; 1 ignored; 0 measured; 0 filtered out; finished in 0.18s

     Running tests/recover_postfix_old_value_snapshot.rs (/Users/lordcasser/workspace/projects/jarde/target/debug/deps/recover_postfix_old_value_snapshot-adfca64cda936798)

running 5 tests
test no_recovering_method_keeps_a_quote ... ok
test the_healthy_shapes_stay_byte_identical_on_both_legs ... ok
test the_negatives_keep_their_refusals_on_both_legs ... ok
test the_phase_a_positions_write_the_postfix_expression_on_both_legs ... ok
test the_recovered_text_compiles_and_runs_identically_on_both_legs ... ignored, compiles and runs the recovered text; needs the installed JDK (and javac 8 for the second leg)

test result: ok. 4 passed; 0 failed; 1 ignored; 0 measured; 0 filtered out; finished in 0.21s

     Running tests/recover_proved_nonnull_bound_receivers.rs (/Users/lordcasser/workspace/projects/jarde/target/debug/deps/recover_proved_nonnull_bound_receivers-b22eb2199d09a2ec)

running 3 tests
test a_receiver_no_allocation_proves_keeps_its_creation_time_refusal ... ok
test every_stripped_anchor_answers_what_its_class_answers ... ignored, needs a JDK on PATH: it strips the class-source comment lines, compiles the text with the installed javac --release 8 (and with a real javac 8 when one is present) and runs both, comparing every answer with the fixture's own class files
test the_bound_receiver_of_a_proved_allocation_is_adapted ... ok

test result: ok. 2 passed; 0 failed; 1 ignored; 0 measured; 0 filtered out; finished in 0.09s

     Running tests/recover_short_circuit_local_branch_reads.rs (/Users/lordcasser/workspace/projects/jarde/target/debug/deps/recover_short_circuit_local_branch_reads-a07aaed128ee6734)

running 8 tests
test an_exhausted_source_budget_cannot_publish_a_partial_branch_read_recovery ... ok
test the_boundaries_do_not_compile_and_the_controls_verify ... ignored, runs the JVM; needs the installed JDK
test the_branch_condition_positions_recover_on_both_legs ... ok
test the_branch_reads_fixture_compiles_and_answers_like_the_original ... ignored, compiles and runs the recovered text; needs the installed JDK (and javac 8 for the second leg)
test the_consumer_whitelist_stays_narrow ... ok
test the_loop_and_crossing_positions_keep_their_refusals_on_both_legs ... ok
test the_patrol_anchor_compiles_and_answers_like_the_original ... ignored, compiles and runs the recovered text; needs the installed JDK (and javac 8 for the second leg)
test the_patrol_anchor_recovers_at_the_branch_condition_position ... ok

test result: ok. 5 passed; 0 failed; 3 ignored; 0 measured; 0 filtered out; finished in 0.10s

     Running tests/recover_statement_position_news.rs (/Users/lordcasser/workspace/projects/jarde/target/debug/deps/recover_statement_position_news-167e2f2477db7147)

running 9 tests
test no_recovering_method_keeps_a_quote ... ok
test the_discriminator_shapes_render_whole_without_the_boundary ... ok
test the_frozen_composite_renders_whole ... ok
test the_frozen_counterexample_keeps_the_interleaved_refusal ... ok
test the_frozen_discriminator_recovers_its_two_shapes ... ok
test the_negatives_keep_their_refusals_on_both_legs ... ok
test the_recovered_text_compiles_and_runs_identically_on_both_legs ... ignored, compiles and runs the recovered text; needs the installed JDK (and javac 8 for the second leg)
test the_statement_position_counterexample_keeps_the_interleaved_refusal ... ok
test the_statement_position_shapes_recover_on_both_legs ... ok

test result: ok. 8 passed; 0 failed; 1 ignored; 0 measured; 0 filtered out; finished in 0.13s

     Running tests/recover_static_generic_field_init_text.rs (/Users/lordcasser/workspace/projects/jarde/target/debug/deps/recover_static_generic_field_init_text-d6a780c6e88b9625)

running 4 tests
test every_stripped_anchor_answers_what_its_class_answers ... ignored, needs a JDK on PATH: it strips the class-source comment lines, compiles the text with the installed javac --release 8 (and with a real javac 8 when one is present) and runs both, comparing every answer with the fixture's own class files
test the_broken_text_is_gone_on_both_legs ... ok
test the_parent_commit_texts_are_the_broken_forms_this_change_removes ... ok
test the_refusals_and_the_instance_field_control_survive ... ok

test result: ok. 3 passed; 0 failed; 1 ignored; 0 measured; 0 filtered out; finished in 0.16s

     Running tests/recover_synthetic_ctor_super_order.rs (/Users/lordcasser/workspace/projects/jarde/target/debug/deps/recover_synthetic_ctor_super_order-ce979f0e3154995b)

running 1 test
test capture_constructors_are_presented_prologue_first_and_the_family_recompiles ... ok

test result: ok. 1 passed; 0 failed; 0 ignored; 0 measured; 0 filtered out; finished in 0.66s

     Running tests/recover_temporal_argument_widening.rs (/Users/lordcasser/workspace/projects/jarde/target/debug/deps/recover_temporal_argument_widening-69d0a75137c2eee4)

running 4 tests
test every_stripped_anchor_answers_what_its_class_answers ... ignored, needs a JDK on PATH: it strips the class-source comment lines, compiles the text with the installed javac --release 8 (and with a real javac 8 when one is present) and runs both, comparing every answer with the fixture's own class files
test the_completion_stage_position_is_presented ... ok
test the_temporal_family_positions_are_presented ... ok
test the_types_outside_the_closed_rows_still_refuse ... ok

test result: ok. 3 passed; 0 failed; 1 ignored; 0 measured; 0 filtered out; finished in 0.07s

     Running tests/recover_unicode_identifiers.rs (/Users/lordcasser/workspace/projects/jarde/target/debug/deps/recover_unicode_identifiers-2c60525b8a9cd05c)

running 4 tests
test a_letter_name_is_spelled_and_a_punctuation_name_keeps_its_alias ... ok
test the_anchor_round_trips_through_both_javac_legs ... ok
test the_ascii_presentations_are_byte_for_byte_the_pre_change_ones ... ok
test the_cjk_declarations_are_presented_as_the_pool_states_them ... ok

test result: ok. 4 passed; 0 failed; 0 ignored; 0 measured; 0 filtered out; finished in 1.22s

     Running tests/recover_write_accessor_field_types.rs (/Users/lordcasser/workspace/projects/jarde/target/debug/deps/recover_write_accessor_field_types-675ae329c44553a6)

running 9 tests
test a_descriptor_outside_the_closed_table_keeps_its_refusal ... ok
test every_broken_structure_keeps_its_refusal_while_the_table_still_generalizes ... ok
test the_boolean_precedent_renders_byte_identical_to_its_frozen_record ... ok
test the_control_family_with_other_names_and_both_reference_arms_recovers ... ok
test the_frozen_baseline_of_the_same_anchor_refused_eight_of_nine ... ok
test the_instance_long_assignment_sister_renders_byte_identical ... ok
test the_nine_write_accessor_types_all_recover ... ok
test the_recovered_wa_text_recompiles_and_prints_the_original_line ... ok
test the_static_field_accessor_shape_of_real_javac_8_keeps_its_refusal ... ok

test result: ok. 9 passed; 0 failed; 0 ignored; 0 measured; 0 filtered out; finished in 0.94s

     Running tests/same_class_generic_binding.rs (/Users/lordcasser/workspace/projects/jarde/target/debug/deps/same_class_generic_binding-8cd18e7c3715f646)

running 15 tests
test adjacent_same_arity_overload_keeps_the_binding_refusal ... ok
test budget_and_cancellation_never_publish_a_partial_binding_projection ... ok
test deferred_same_class_writer_settles_before_its_generic_field ... ok
test essential_and_all_evidence_admit_the_same_binding_projections ... ok
test field_shadowing_projection_keeps_the_own_field_binding ... ok
test frozen_holder_write_boundaries_recompile_and_match_on_both_javac_legs ... FAILED
test generic_field_write_sources_keep_the_frozen_safe_and_unsafe_boundaries ... ok
test published_raw_class_bound_keeps_its_unchecked_parameterized_field_assignment ... ok
test raw_reference_parameters_keep_array_and_static_assignments ... ok
test receiver_consumed_field_read_keeps_the_field_refusal ... ok
test same_class_field_read_write_proves_binding_and_reflects_like_the_original ... ok
test same_class_method_call_proves_binding_and_reflects_like_the_original ... ok
test unconsumed_same_class_pool_entries_do_not_block_projection ... ok
test unproved_field_write_sources_and_shadowed_types_keep_erased_fields ... ok
test z1_family_replays_item_by_item_after_the_binding_proof ... ok

failures:

---- frozen_holder_write_boundaries_recompile_and_match_on_both_javac_legs stdout ----

thread 'frozen_holder_write_boundaries_recompile_and_match_on_both_javac_legs' (625200) panicked at tests/same_class_generic_binding.rs:765:13:
javac8/Hold: an unproved write keeps the erased field:
// jarde: presentation of `Hold` from the class file's own declaration and one recovery run per member.
// jarde: not a compilable project: no imports and no resources are claimed (the `package` line is the class file's own name, not a claim about a directory); every place this text is not a full recovery carries a marker of this prefix.
// jarde: class Signature `<T:Ljava/lang/Object;>Ljava/lang/Object;` projected after physical parent erasure proof
public class Hold<T> extends java.lang.Object {
    // jarde: field Signature `TT;` projected after descriptor erasure and same-class uses at <init>(Ljava/lang/Object;)V@6
    public T v;

    public Hold(T arg1) {
        // jarde: generic Signature `(TT;)V` projected after descriptor erasure and same-run AST/Code/SSA direct field-initializer proof
        // @method <init>(Ljava/lang/Object;)V
        // @declaration a constructor of `Hold`, member flags 0x0001
        // recovered from bytecode; presentation is not claimed to compile
        super();
        this.v = arg1;
        return;
    }
}

note: run with `RUST_BACKTRACE=1` environment variable to display a backtrace


failures:
    frozen_holder_write_boundaries_recompile_and_match_on_both_javac_legs

test result: FAILED. 14 passed; 1 failed; 0 ignored; 0 measured; 0 filtered out; finished in 8.21s

error: test failed, to rerun pass `-p jarde --test same_class_generic_binding`
