stable / test and specification	UNKNOWN STEP	2026-10-08T16:05:59.4771261Z ^[[1m^[[92m     Running^[[0m tests/bulk_recovery_delivery.rs (target/debug/deps/bulk_recovery_delivery-a996893f0b0a77d6)
stable / test and specification	UNKNOWN STEP	2026-10-08T16:05:59.4844626Z 
stable / test and specification	UNKNOWN STEP	2026-10-08T16:05:59.4847639Z running 3 tests
stable / test and specification	UNKNOWN STEP	2026-10-08T16:05:59.5825118Z test a_refused_permit_stops_the_stream_at_the_one_total_and_names_the_delivery_owner ... ok
stable / test and specification	UNKNOWN STEP	2026-10-08T16:05:59.6345113Z test one_declaration_bounds_the_librarys_own_presentation_too ... ok
stable / test and specification	UNKNOWN STEP	2026-10-08T16:05:59.6750188Z test the_terminal_record_pays_for_itself_before_the_call_returns ... ok
stable / test and specification	UNKNOWN STEP	2026-10-08T16:05:59.6757169Z 
stable / test and specification	UNKNOWN STEP	2026-10-08T16:05:59.6762917Z test result: ok. 3 passed; 0 failed; 0 ignored; 0 measured; 0 filtered out; finished in 0.19s
stable / test and specification	UNKNOWN STEP	2026-10-08T16:05:59.6767520Z 
stable / test and specification	UNKNOWN STEP	2026-10-08T16:05:59.6770844Z ^[[1m^[[92m     Running^[[0m tests/bulk_recovery_handover.rs (target/debug/deps/bulk_recovery_handover-679b7ff325741f84)
stable / test and specification	UNKNOWN STEP	2026-10-08T16:05:59.6778376Z 
stable / test and specification	UNKNOWN STEP	2026-10-08T16:05:59.6784932Z running 2 tests
stable / test and specification	UNKNOWN STEP	2026-10-08T16:06:01.1386664Z test a_container_a_class_task_is_still_using_is_never_parsed_again ... ok
stable / test and specification	UNKNOWN STEP	2026-10-08T16:06:01.7792200Z test a_run_holds_a_container_only_until_the_class_task_reading_it_ends ... ok
stable / test and specification	UNKNOWN STEP	2026-10-08T16:06:01.7801905Z ^[[1m^[[92m     Running^[[0m tests/bulk_recovery_lifecycle.rs (target/debug/deps/bulk_recovery_lifecycle-c7492a4200f37252)
stable / test and specification	UNKNOWN STEP	2026-10-08T16:06:01.7807375Z 
stable / test and specification	UNKNOWN STEP	2026-10-08T16:06:01.7813127Z test result: ok. 2 passed; 0 failed; 0 ignored; 0 measured; 0 filtered out; finished in 2.10s
stable / test and specification	UNKNOWN STEP	2026-10-08T16:06:01.7815913Z 
stable / test and specification	UNKNOWN STEP	2026-10-08T16:06:01.7881254Z 
stable / test and specification	UNKNOWN STEP	2026-10-08T16:06:01.7886438Z running 4 tests
stable / test and specification	UNKNOWN STEP	2026-10-08T16:06:01.8534413Z test a_run_without_faults_still_reports_its_own_lifecycle ... ok
stable / test and specification	UNKNOWN STEP	2026-10-08T16:06:01.8586528Z test a_worker_that_panics_fails_the_operation_and_leaves_no_thread_behind ... ok
stable / test and specification	UNKNOWN STEP	2026-10-08T16:06:01.8598953Z test a_worker_the_system_refuses_to_create_fails_the_operation_before_dispatching ... ok
stable / test and specification	UNKNOWN STEP	2026-10-08T16:06:01.8761004Z test at_most_the_window_of_class_tasks_runs_at_once_and_two_of_them_overlap ... ok
stable / test and specification	UNKNOWN STEP	2026-10-08T16:06:01.8765723Z 
stable / test and specification	UNKNOWN STEP	2026-10-08T16:06:01.8768958Z test result: ok. 4 passed; 0 failed; 0 ignored; 0 measured; 0 filtered out; finished in 0.09s
stable / test and specification	UNKNOWN STEP	2026-10-08T16:06:01.8774430Z 
stable / test and specification	UNKNOWN STEP	2026-10-08T16:06:01.8781413Z ^[[1m^[[92m     Running^[[0m tests/bulk_recovery_retention.rs (target/debug/deps/bulk_recovery_retention-e345caf9ca920075)
stable / test and specification	UNKNOWN STEP	2026-10-08T16:06:01.8858341Z 
stable / test and specification	UNKNOWN STEP	2026-10-08T16:06:01.8861398Z running 2 tests
stable / test and specification	UNKNOWN STEP	2026-10-08T16:06:02.1168133Z test a_consumed_result_is_handed_over_once_and_the_report_keeps_no_result ... ok
stable / test and specification	UNKNOWN STEP	2026-10-08T16:06:02.1685244Z test zero_and_tiny_retention_publish_the_same_scope_as_retention_with_room ... ok
stable / test and specification	UNKNOWN STEP	2026-10-08T16:06:02.1687888Z 
stable / test and specification	UNKNOWN STEP	2026-10-08T16:06:02.1694062Z test result: ok. 2 passed; 0 failed; 0 ignored; 0 measured; 0 filtered out; finished in 0.28s
stable / test and specification	UNKNOWN STEP	2026-10-08T16:06:02.1698119Z 
stable / test and specification	UNKNOWN STEP	2026-10-08T16:06:02.1698988Z ^[[1m^[[92m     Running^[[0m tests/bulk_recovery_serial.rs (target/debug/deps/bulk_recovery_serial-4b8c7514b187bfbe)
stable / test and specification	UNKNOWN STEP	2026-10-08T16:06:02.1761201Z 
stable / test and specification	UNKNOWN STEP	2026-10-08T16:06:02.1763159Z running 7 tests
stable / test and specification	UNKNOWN STEP	2026-10-08T16:06:02.2049810Z test a_class_over_the_preparation_ceiling_is_refused_before_it_is_read_into_memory ... ok
stable / test and specification	UNKNOWN STEP	2026-10-08T16:06:02.2548589Z test a_class_that_cannot_be_prepared_is_refused_and_its_method_count_stays_unknown ... ok
stable / test and specification	UNKNOWN STEP	2026-10-08T16:06:02.2616465Z test an_explanation_only_result_is_an_outcome_and_not_a_stop ... ok
stable / test and specification	UNKNOWN STEP	2026-10-08T16:06:02.3059015Z test the_same_methods_read_one_at_a_time_cost_one_class_read_each ... ok
stable / test and specification	UNKNOWN STEP	2026-10-08T16:06:02.3635320Z test the_serial_configuration_finishes_inside_a_deadline_and_holds_no_window_slot ... ok
stable / test and specification	UNKNOWN STEP	2026-10-08T16:06:02.3797425Z test the_store_the_caller_attached_is_the_store_the_operation_reads_through ... ok
stable / test and specification	UNKNOWN STEP	2026-10-08T16:06:02.4007192Z test the_whole_scope_is_recovered_class_by_class_in_physical_order ... ok
stable / test and specification	UNKNOWN STEP	2026-10-08T16:06:02.4007752Z 
stable / test and specification	UNKNOWN STEP	2026-10-08T16:06:02.4010146Z test result: ok. 7 passed; 0 failed; 0 ignored; 0 measured; 0 filtered out; finished in 0.22s
stable / test and specification	UNKNOWN STEP	2026-10-08T16:06:02.4010670Z 
stable / test and specification	UNKNOWN STEP	2026-10-08T16:06:02.4020576Z ^[[1m^[[92m     Running^[[0m tests/bulk_recovery_workers.rs (target/debug/deps/bulk_recovery_workers-8f3bdc26d53eeb11)
stable / test and specification	UNKNOWN STEP	2026-10-08T16:06:02.4108886Z 
stable / test and specification	UNKNOWN STEP	2026-10-08T16:06:02.4109435Z running 6 tests
stable / test and specification	UNKNOWN STEP	2026-10-08T16:06:02.5432681Z test a_class_task_overlaps_another_while_the_first_one_is_still_working ... ok
stable / test and specification	UNKNOWN STEP	2026-10-08T16:06:02.5787807Z test one_worker_and_four_publish_the_same_stream ... ok
stable / test and specification	UNKNOWN STEP	2026-10-08T16:06:02.5932782Z test the_observation_port_sees_the_coordination_that_really_happened ... ok
stable / test and specification	UNKNOWN STEP	2026-10-08T16:06:02.6136535Z test the_operations_total_and_a_methods_local_limit_are_two_declarations ... ok
stable / test and specification	UNKNOWN STEP	2026-10-08T16:06:02.6148258Z test the_request_is_checked_before_anything_is_dispatched ... ok
stable / test and specification	UNKNOWN STEP	2026-10-08T16:06:02.6319503Z test the_window_reduces_the_workers_and_publishes_both_numbers ... ok
stable / test and specification	UNKNOWN STEP	2026-10-08T16:06:02.6324597Z 
stable / test and specification	UNKNOWN STEP	2026-10-08T16:06:02.6330039Z test result: ok. 6 passed; 0 failed; 0 ignored; 0 measured; 0 filtered out; finished in 0.22s
stable / test and specification	UNKNOWN STEP	2026-10-08T16:06:02.6333327Z 
stable / test and specification	UNKNOWN STEP	2026-10-08T16:06:02.6340430Z ^[[1m^[[92m     Running^[[0m tests/bulk_support.rs (target/debug/deps/bulk_support-8882ea0646cc2873)
stable / test and specification	UNKNOWN STEP	2026-10-08T16:06:02.6362629Z 
stable / test and specification	UNKNOWN STEP	2026-10-08T16:06:02.6365698Z running 0 tests
stable / test and specification	UNKNOWN STEP	2026-10-08T16:06:02.6370227Z 
stable / test and specification	UNKNOWN STEP	2026-10-08T16:06:02.6373319Z test result: ok. 0 passed; 0 failed; 0 ignored; 0 measured; 0 filtered out; finished in 0.00s
stable / test and specification	UNKNOWN STEP	2026-10-08T16:06:02.6378245Z ^[[1m^[[92m     Running^[[0m tests/class_scope_constructor_projection.rs (target/debug/deps/class_scope_constructor_projection-ec6fb96dbb9bfbdf)
stable / test and specification	UNKNOWN STEP	2026-10-08T16:06:02.6378964Z 
stable / test and specification	UNKNOWN STEP	2026-10-08T16:06:02.6447445Z 
stable / test and specification	UNKNOWN STEP	2026-10-08T16:06:02.6447827Z running 6 tests
stable / test and specification	UNKNOWN STEP	2026-10-08T16:06:27.6035355Z test class_scope_constructor_positives_recompile_and_preserve_behavior_and_binders ... ok
stable / test and specification	UNKNOWN STEP	2026-10-08T16:06:29.6391192Z test cross_hold_restores_u_constructor_binder_and_keeps_t_field_erased ... ok
stable / test and specification	UNKNOWN STEP	2026-10-08T16:06:33.0876840Z test peer_new_restores_only_the_two_argument_constructor_binder ... ok
stable / test and specification	UNKNOWN STEP	2026-10-08T16:06:33.0935486Z test positive_constructor_output_budget_and_early_cancellation_stop_cleanly ... ok
stable / test and specification	UNKNOWN STEP	2026-10-08T16:06:36.5112416Z test this_delegate_keeps_physical_signature_and_recompiles_with_original_behavior ... ok
stable / test and specification	UNKNOWN STEP	2026-10-08T16:06:36.6048123Z test unproved_constructor_shapes_keep_physical_parameters_and_refusals ... ok
stable / test and specification	UNKNOWN STEP	2026-10-08T16:06:36.6048582Z 
stable / test and specification	UNKNOWN STEP	2026-10-08T16:06:36.6049054Z test result: ok. 6 passed; 0 failed; 0 ignored; 0 measured; 0 filtered out; finished in 33.96s
stable / test and specification	UNKNOWN STEP	2026-10-08T16:06:36.6049681Z 
stable / test and specification	UNKNOWN STEP	2026-10-08T16:06:36.6063258Z ^[[1m^[[92m     Running^[[0m tests/class_source.rs (target/debug/deps/class_source-1da35cbe3ee04616)
stable / test and specification	UNKNOWN STEP	2026-10-08T16:06:36.6081733Z 
stable / test and specification	UNKNOWN STEP	2026-10-08T16:06:36.6094711Z running 102 tests
stable / test and specification	UNKNOWN STEP	2026-10-08T16:06:36.6148694Z test a_class_in_a_container_is_prepared_from_the_entry_it_lives_in ... ok
stable / test and specification	UNKNOWN STEP	2026-10-08T16:06:36.6155861Z test a_class_that_cannot_be_prepared_keeps_its_presentation ... ok
stable / test and specification	UNKNOWN STEP	2026-10-08T16:06:36.6160562Z test a_member_table_that_stops_is_stated_and_not_padded ... ok
stable / test and specification	UNKNOWN STEP	2026-10-08T16:06:36.6177603Z test a_member_whose_descriptor_cannot_be_read_is_stated_and_not_run ... ok
stable / test and specification	UNKNOWN STEP	2026-10-08T16:06:36.6205836Z test a_member_without_a_body_is_a_declaration_and_never_an_empty_body ... ok
stable / test and specification	UNKNOWN STEP	2026-10-08T16:06:36.6216786Z test a_method_table_that_stops_keeps_its_prefix_and_claims_no_more ... ok
stable / test and specification	UNKNOWN STEP	2026-10-08T16:06:36.6249211Z test a_name_two_definitions_answer_to_presents_nothing ... ok
stable / test and specification	UNKNOWN STEP	2026-10-08T16:06:36.6330013Z test a_request_that_cannot_pay_for_its_declaration_publishes_no_text ... ok
stable / test and specification	UNKNOWN STEP	2026-10-08T16:06:36.6350901Z test a_request_that_stops_mid_class_states_the_shortfall ... ok
stable / test and specification	UNKNOWN STEP	2026-10-08T16:06:36.6379297Z test a_stopped_member_is_marked_and_does_not_stop_the_class ... ok
stable / test and specification	UNKNOWN STEP	2026-10-08T16:06:38.2591015Z test an_admitted_bridge_is_rebuilt_from_the_complete_projected_source ... ok
stable / test and specification	UNKNOWN STEP	2026-10-08T16:06:38.2616409Z test an_explanation_only_member_is_marked_and_its_text_is_kept ... ok
stable / test and specification	UNKNOWN STEP	2026-10-08T16:06:38.2645966Z test an_identity_of_another_snapshot_is_an_input_error ... ok
stable / test and specification	UNKNOWN STEP	2026-10-08T16:06:38.2653491Z test annotation_type_without_a_body_keeps_its_runtime_visible_class_annotation ... ok
stable / test and specification	UNKNOWN STEP	2026-10-08T16:06:39.9208041Z test anonymous_constructor_initializer_rejects_wrong_field_owner_descriptor_and_handlers ... ok
stable / test and specification	UNKNOWN STEP	2026-10-08T16:06:46.1028682Z test anonymous_double_capture_refuses_a_changed_slot_descriptor_and_cross_class_use ... ok
stable / test and specification	UNKNOWN STEP	2026-10-08T16:06:46.1367437Z test anonymous_inner_this_budget_and_cancellation_never_publish_partial_projection ... ok
stable / test and specification	UNKNOWN STEP	2026-10-08T16:06:47.3035803Z test anonymous_inner_this_refuses_a_cross_class_constructor_reference ... ok
stable / test and specification	UNKNOWN STEP	2026-10-08T16:06:47.3125192Z test anonymous_inner_this_refuses_a_fallback_child_method_without_partial_projection ... ok
stable / test and specification	UNKNOWN STEP	2026-10-08T16:06:47.8638562Z test anonymous_inner_this_refuses_a_mismatched_enclosing_method_identity ... ok
stable / test and specification	UNKNOWN STEP	2026-10-08T16:06:47.8738258Z test anonymous_inner_this_refuses_a_second_owner_allocation_and_keeps_physical_child ... ok
stable / test and specification	UNKNOWN STEP	2026-10-08T16:06:48.4207208Z test anonymous_inner_this_refuses_an_additional_local_capture_and_keeps_physical_child ... ok
stable / test and specification	UNKNOWN STEP	2026-10-08T16:06:48.4385945Z test anonymous_interface_projection_budget_stop_keeps_the_original_root_text ... ok
stable / test and specification	UNKNOWN STEP	2026-10-08T16:06:48.4396934Z test anonymous_interface_projection_cancellation_never_publishes_partial_source ... ok
stable / test and specification	UNKNOWN STEP	2026-10-08T16:06:49.6327864Z test anonymous_interface_projection_refuses_a_cross_class_use_of_the_same_child ... ok
stable / test and specification	UNKNOWN STEP	2026-10-08T16:06:50.1869884Z test anonymous_interface_projection_refuses_a_mixed_quality_child_method ... ok
stable / test and specification	UNKNOWN STEP	2026-10-08T16:06:51.3539408Z test anonymous_interface_projection_refuses_a_second_non_direct_same_class_allocation ... ok
stable / test and specification	UNKNOWN STEP	2026-10-08T16:06:51.3612204Z test anonymous_interface_projection_refuses_an_incomplete_child_method ... ok
stable / test and specification	UNKNOWN STEP	2026-10-08T16:06:52.9992235Z test anonymous_interface_projection_refuses_fields_and_constructor_effects ... ok
stable / test and specification	UNKNOWN STEP	2026-10-08T16:06:53.0151390Z test anonymous_interface_projection_refuses_non_source_child_method_flags ... ok
stable / test and specification	UNKNOWN STEP	2026-10-08T16:06:53.0260113Z test anonymous_interface_projection_stays_direct_return_only_for_declaration_sites ... ok
stable / test and specification	UNKNOWN STEP	2026-10-08T16:06:54.2663705Z test anonymous_interface_projects_a_proved_root_double_capture_and_recompiles ... ok
stable / test and specification	UNKNOWN STEP	2026-10-08T16:06:54.2942673Z test anonymous_superclass_budget_and_cancellation_never_publish_partial_source ... ok
stable / test and specification	UNKNOWN STEP	2026-10-08T16:06:54.3245797Z test anonymous_superclass_projects_the_local_declaration_initializer_shape ... ok
stable / test and specification	UNKNOWN STEP	2026-10-08T16:06:54.3500902Z test anonymous_superclass_projects_the_same_shape_with_debug_info ... ok
stable / test and specification	UNKNOWN STEP	2026-10-08T16:06:55.4521975Z test anonymous_superclass_recovers_one_proved_static_int_initializer_block ... ok
stable / test and specification	UNKNOWN STEP	2026-10-08T16:06:55.4693397Z test anonymous_superclass_refuses_a_child_body_allocating_the_anonymous_class_itself ... ok
stable / test and specification	UNKNOWN STEP	2026-10-08T16:06:55.4826466Z test anonymous_superclass_refuses_a_different_parent_constructor_overload ... ok
stable / test and specification	UNKNOWN STEP	2026-10-08T16:06:55.4916860Z test anonymous_superclass_refuses_a_second_allocation_bci_for_the_same_child ... ok
stable / test and specification	UNKNOWN STEP	2026-10-08T16:06:57.1752822Z test anonymous_superclass_refuses_captures_fields_and_constructor_effects ... ok
stable / test and specification	UNKNOWN STEP	2026-10-08T16:06:57.1818247Z test anonymous_superclass_refuses_cross_class_identity_use ... ok
stable / test and specification	UNKNOWN STEP	2026-10-08T16:06:57.2019511Z test anonymous_superclass_refuses_missing_parent_or_incomplete_child_body ... ok
stable / test and specification	UNKNOWN STEP	2026-10-08T16:06:57.2396434Z test anonymous_superclass_refuses_multiple_sites_and_multiple_capture_fields ... ok
stable / test and specification	UNKNOWN STEP	2026-10-08T16:06:57.7713205Z test anonymous_superclass_refuses_nested_parent_source_names_without_a_type_certificate ... ok
stable / test and specification	UNKNOWN STEP	2026-10-08T16:06:57.8028462Z test anonymous_superclass_refuses_reordered_or_reused_constructor_slots ... ok
stable / test and specification	UNKNOWN STEP	2026-10-08T16:06:57.8263838Z test anonymous_superclass_refuses_two_declaration_initializer_sites_in_one_method ... ok
stable / test and specification	UNKNOWN STEP	2026-10-08T16:06:57.8865442Z test anonymous_superclass_refuses_unproved_local_declaration_sites ... ok
stable / test and specification	UNKNOWN STEP	2026-10-08T16:06:57.9492431Z test anonymous_superclass_refuses_unproved_mixed_parameter_roles ... ok
stable / test and specification	UNKNOWN STEP	2026-10-08T16:06:57.9642124Z test br_family_bridges_admit_through_the_extended_gates ... ok
stable / test and specification	UNKNOWN STEP	2026-10-08T16:06:57.9979859Z test br_family_negative_shapes_keep_their_refusals ... ok
stable / test and specification	UNKNOWN STEP	2026-10-08T16:07:00.7748569Z test br_family_recovered_source_recompiles_and_runs_like_the_original ... ok
stable / test and specification	UNKNOWN STEP	2026-10-08T16:07:00.8054102Z test bridge_admission_needs_the_same_run_shape_source_and_resolved_parent_contract ... ok
stable / test and specification	UNKNOWN STEP	2026-10-08T16:07:00.8590834Z test bridge_admission_rejects_handlers_metadata_unwritable_targets_and_ambiguous_parents ... ok
stable / test and specification	UNKNOWN STEP	2026-10-08T16:07:00.8608541Z test class_annotation_named_array_values_keep_nested_annotation_order ... ok
stable / test and specification	UNKNOWN STEP	2026-10-08T16:07:00.8629817Z test class_retention_annotation_is_spelled_from_its_invisible_attribute ... ok
stable / test and specification	UNKNOWN STEP	2026-10-08T16:07:00.8646984Z test class_without_annotation_attributes_gains_no_annotation_content ... ok
stable / test and specification	UNKNOWN STEP	2026-10-08T16:07:00.8664117Z test damaged_class_annotation_attribute_is_reported_as_a_stop ... ok
stable / test and specification	UNKNOWN STEP	2026-10-08T16:07:00.8700258Z test damaged_member_annotation_keeps_its_shell_and_other_attribute_groups ... ok
stable / test and specification	UNKNOWN STEP	2026-10-08T16:07:05.5221510Z test direct_override_projection_requires_selected_complete_ordinary_parent ... ok
stable / test and specification	UNKNOWN STEP	2026-10-08T16:07:05.5239078Z test duplicate_class_annotation_entries_are_refused_without_partial_source ... ok
stable / test and specification	UNKNOWN STEP	2026-10-08T16:07:05.5279068Z test duplicate_type_annotation_is_refused_atomically_and_other_targets_survive ... ok
stable / test and specification	UNKNOWN STEP	2026-10-08T16:07:05.5651213Z test enum_switch_projection_follows_proved_mapping_and_refuses_aliased_enum_fields ... ok
stable / test and specification	UNKNOWN STEP	2026-10-08T16:07:05.6228233Z test enum_switch_projection_groups_distinct_tables_atomically ... ok
stable / test and specification	UNKNOWN STEP	2026-10-08T16:07:05.6438457Z test enum_switch_projection_refuses_irregular_factory_and_public_values ... ok
stable / test and specification	UNKNOWN STEP	2026-10-08T16:07:05.6609781Z test enum_switch_projection_withholds_sibling_when_one_shared_table_proof_fails ... ok
stable / test and specification	UNKNOWN STEP	2026-10-08T16:07:05.6650693Z test field_type_attribute_cannot_claim_a_method_return_target ... ok
stable / test and specification	UNKNOWN STEP	2026-10-08T16:07:05.6688760Z test formal_parameter_target_past_descriptor_count_is_refused_without_shift ... ok
stable / test and specification	UNKNOWN STEP	2026-10-08T16:07:05.6715529Z test formal_parameter_target_uses_descriptor_position_after_a_wide_slot ... ok
stable / test and specification	UNKNOWN STEP	2026-10-08T16:07:05.6763058Z test invisible_member_annotations_align_wide_and_varargs_by_descriptor_position ... ok
stable / test and specification	UNKNOWN STEP	2026-10-08T16:07:05.6800981Z test invisible_type_annotations_keep_their_shell_and_value ... ok
stable / test and specification	UNKNOWN STEP	2026-10-08T16:07:05.6838844Z test member_annotations_keep_field_method_and_parameter_ownership_in_text_and_json ... ok
stable / test and specification	UNKNOWN STEP	2026-10-08T16:07:05.6867796Z test member_declaration_annotations_do_not_consume_type_use_attributes ... ok
stable / test and specification	UNKNOWN STEP	2026-10-08T16:07:06.7472584Z test method_parameters_follow_wide_slots_and_refuse_name_collisions ... ok
stable / test and specification	UNKNOWN STEP	2026-10-08T16:07:08.3605095Z test method_parameters_name_body_and_declaration_only_without_lvt ... ok
stable / test and specification	UNKNOWN STEP	2026-10-08T16:07:08.9642609Z test nested_anonymous_projection_budget_and_cancellation_never_publish_partial_text ... ok
stable / test and specification	UNKNOWN STEP	2026-10-08T16:07:10.6596924Z test nested_anonymous_projection_refuses_cross_class_identity_use_of_the_grandchild ... ok
stable / test and specification	UNKNOWN STEP	2026-10-08T16:07:12.3372890Z test nested_anonymous_projection_refuses_duplicate_inner_allocations_and_constructor_effects ... ok
stable / test and specification	UNKNOWN STEP	2026-10-08T16:07:14.6169830Z test nested_anonymous_projection_refuses_mismatched_relations_and_incomplete_leaf ... ok
stable / test and specification	UNKNOWN STEP	2026-10-08T16:07:14.6284535Z test one_preparation_serves_every_member_body ... ok
stable / test and specification	UNKNOWN STEP	2026-10-08T16:07:14.6327269Z test one_real_class_is_presented_with_its_declaration_and_its_bodies ... ok
stable / test and specification	UNKNOWN STEP	2026-10-08T16:07:14.6372465Z test parameter_count_mismatch_refuses_groups_without_shifting_other_member_annotations ... ok
stable / test and specification	UNKNOWN STEP	2026-10-08T16:07:14.6409666Z test primitive_type_annotations_keep_their_facts_and_are_refused ... ok
stable / test and specification	UNKNOWN STEP	2026-10-08T16:07:14.6605999Z test proved_anonymous_interface_projects_from_both_physical_method_asts ... ok
stable / test and specification	UNKNOWN STEP	2026-10-08T16:07:14.6922037Z test proved_anonymous_superclass_forwards_the_original_ordered_arguments ... ok
stable / test and specification	UNKNOWN STEP	2026-10-08T16:07:14.7191124Z test proved_anonymous_superclass_projects_the_mixed_capture_shape ... ok
stable / test and specification	UNKNOWN STEP	2026-10-08T16:07:15.2825916Z test proved_two_level_anonymous_interfaces_project_as_one_nested_root_expression ... ok
stable / test and specification	UNKNOWN STEP	2026-10-08T16:07:15.2865158Z test qualified_type_annotations_are_spelled_inside_their_member_types ... ok
stable / test and specification	UNKNOWN STEP	2026-10-08T16:07:15.2910908Z test repeated_member_annotation_type_is_refused_atomically_at_its_position ... ok
stable / test and specification	UNKNOWN STEP	2026-10-08T16:07:15.2928296Z test runtime_visible_class_annotation_uses_the_same_declaration_path ... ok
stable / test and specification	UNKNOWN STEP	2026-10-08T16:07:15.8099724Z test same_package_parent_field_writes_keep_owner_source_and_stop_boundaries ... ok
stable / test and specification	UNKNOWN STEP	2026-10-08T16:07:15.8148361Z test same_type_annotations_on_method_and_return_keep_their_separate_facts ... ok
stable / test and specification	UNKNOWN STEP	2026-10-08T16:07:15.8167460Z test single_name_array_and_nested_path_type_uses_are_preserved_as_refusals ... ok
stable / test and specification	UNKNOWN STEP	2026-10-08T16:07:17.1472917Z test the_multilevel_covariant_bridge_walks_two_interface_edges ... ok
stable / test and specification	UNKNOWN STEP	2026-10-08T16:07:17.1682518Z test the_parameter_cast_admission_walks_the_snapshot_chain_and_respects_its_edges ... ok
stable / test and specification	UNKNOWN STEP	2026-10-08T16:07:18.5751927Z test the_parameterized_superclass_header_hides_the_parameter_bridge ... ok
stable / test and specification	UNKNOWN STEP	2026-10-08T16:07:18.5811992Z test the_report_serializes_with_the_text_it_publishes ... ok
stable / test and specification	UNKNOWN STEP	2026-10-08T16:07:18.5890749Z test the_same_request_twice_is_the_same_text ... ok
stable / test and specification	UNKNOWN STEP	2026-10-08T16:07:18.5976708Z test typed_functional_references_publish_one_complete_header_body_and_source ... ok
stable / test and specification	UNKNOWN STEP	2026-10-08T16:07:18.5994102Z test unspellable_class_annotation_element_name_refuses_the_whole_annotation ... ok
stable / test and specification	UNKNOWN STEP	2026-10-08T16:07:18.6010911Z test unspellable_class_annotation_is_refused_as_a_whole ... ok
stable / test and specification	UNKNOWN STEP	2026-10-08T16:07:18.6102696Z test unspellable_member_annotation_type_and_element_refuse_the_whole_use ... ok
stable / test and specification	UNKNOWN STEP	2026-10-08T16:07:18.6118610Z test visible_and_invisible_annotations_follow_physical_attribute_order ... ok
stable / test and specification	UNKNOWN STEP	2026-10-08T16:07:18.6122286Z 
stable / test and specification	UNKNOWN STEP	2026-10-08T16:07:18.6122782Z test result: ok. 102 passed; 0 failed; 0 ignored; 0 measured; 0 filtered out; finished in 42.00s
stable / test and specification	UNKNOWN STEP	2026-10-08T16:07:18.6127074Z 
stable / test and specification	UNKNOWN STEP	2026-10-08T16:07:18.6128388Z ^[[1m^[[92m     Running^[[0m tests/class_static_initializer_projection.rs (target/debug/deps/class_static_initializer_projection-1d71a3c316e13aed)
stable / test and specification	UNKNOWN STEP	2026-10-08T16:07:18.6208397Z 
stable / test and specification	UNKNOWN STEP	2026-10-08T16:07:18.6212142Z running 4 tests
stable / test and specification	UNKNOWN STEP	2026-10-08T16:07:19.2907023Z test em06_projects_only_the_complete_static_chain ... ok
stable / test and specification	UNKNOWN STEP	2026-10-08T16:07:19.8624279Z test incomplete_or_unsafe_static_groups_remain_in_clinit ... ok
stable / test and specification	UNKNOWN STEP	2026-10-08T16:07:20.3800049Z test ordinary_class_without_clinit_has_no_initializer_group ... ok
stable / test and specification	UNKNOWN STEP	2026-10-08T16:07:20.9734107Z test output_stop_and_cancellation_do_not_commit_a_prefix ... ok
stable / test and specification	UNKNOWN STEP	2026-10-08T16:07:20.9734549Z 
stable / test and specification	UNKNOWN STEP	2026-10-08T16:07:20.9734940Z test result: ok. 4 passed; 0 failed; 0 ignored; 0 measured; 0 filtered out; finished in 2.35s
stable / test and specification	UNKNOWN STEP	2026-10-08T16:07:20.9735300Z 
stable / test and specification	UNKNOWN STEP	2026-10-08T16:07:20.9749897Z ^[[1m^[[92m     Running^[[0m tests/ctor_reorder_dispatch_guard.rs (target/debug/deps/ctor_reorder_dispatch_guard-173a1c43c15d116f)
stable / test and specification	UNKNOWN STEP	2026-10-08T16:07:20.9884995Z 
stable / test and specification	UNKNOWN STEP	2026-10-08T16:07:20.9885280Z running 2 tests
stable / test and specification	UNKNOWN STEP	2026-10-08T16:07:21.6935340Z test the_dispatch_fixture_keeps_the_capture_write_before_the_constructor_call ... ok
stable / test and specification	UNKNOWN STEP	2026-10-08T16:07:21.7112657Z test user_class_super_fixtures_return_to_the_compiler_s_byte_order ... ok
stable / test and specification	UNKNOWN STEP	2026-10-08T16:07:21.7113270Z 
stable / test and specification	UNKNOWN STEP	2026-10-08T16:07:21.7114219Z test result: ok. 2 passed; 0 failed; 0 ignored; 0 measured; 0 filtered out; finished in 0.72s
stable / test and specification	UNKNOWN STEP	2026-10-08T16:07:21.7114796Z 
stable / test and specification	UNKNOWN STEP	2026-10-08T16:07:21.7125626Z ^[[1m^[[92m     Running^[[0m tests/d0_demand_counts.rs (target/debug/deps/d0_demand_counts-b5b67cb7715ca455)
stable / test and specification	UNKNOWN STEP	2026-10-08T16:07:21.7207526Z 
stable / test and specification	UNKNOWN STEP	2026-10-08T16:07:21.7207820Z running 5 tests
stable / test and specification	UNKNOWN STEP	2026-10-08T16:07:21.8159230Z test a_class_source_request_materializes_its_class_once_and_prepares_it_once ... ok
stable / test and specification	UNKNOWN STEP	2026-10-08T16:07:21.8162208Z test a_consumer_release_drops_the_prepared_facts_handle_back_to_its_baseline ... ok
stable / test and specification	UNKNOWN STEP	2026-10-08T16:07:21.8171010Z test a_member_only_read_decodes_no_body_and_builds_no_record ... ok
stable / test and specification	UNKNOWN STEP	2026-10-08T16:07:21.8204363Z test a_page_limited_query_publishes_one_item_and_decodes_the_whole_first_unit ... ok
stable / test and specification	UNKNOWN STEP	2026-10-08T16:07:21.8211166Z test one_requested_body_decodes_one_body_and_runs_no_recovery ... ok
stable / test and specification	UNKNOWN STEP	2026-10-08T16:07:21.8211518Z 
stable / test and specification	UNKNOWN STEP	2026-10-08T16:07:21.8211900Z test result: ok. 5 passed; 0 failed; 0 ignored; 0 measured; 0 filtered out; finished in 0.10s
stable / test and specification	UNKNOWN STEP	2026-10-08T16:07:21.8212266Z 
stable / test and specification	UNKNOWN STEP	2026-10-08T16:07:21.8226922Z ^[[1m^[[92m     Running^[[0m tests/d1_evidence_selection.rs (target/debug/deps/d1_evidence_selection-48e986eb9f03f59e)
stable / test and specification	UNKNOWN STEP	2026-10-08T16:07:21.8308673Z 
stable / test and specification	UNKNOWN STEP	2026-10-08T16:07:21.8308951Z running 8 tests
stable / test and specification	UNKNOWN STEP	2026-10-08T16:07:21.8958820Z test a_legal_empty_range_is_a_complete_empty_selection ... ok
stable / test and specification	UNKNOWN STEP	2026-10-08T16:07:21.8970349Z test a_range_over_a_body_with_no_code_is_refused_as_a_missing_table ... ok
stable / test and specification	UNKNOWN STEP	2026-10-08T16:07:21.9214529Z test a_selected_category_that_stopped_states_its_prefix ... ok
stable / test and specification	UNKNOWN STEP	2026-10-08T16:07:21.9252332Z test a_selection_this_entry_cannot_answer_is_refused_with_its_own_code ... ok
stable / test and specification	UNKNOWN STEP	2026-10-08T16:07:21.9417673Z test closing_the_rule_records_keeps_the_refusals_and_the_explanation ... ok
stable / test and specification	UNKNOWN STEP	2026-10-08T16:07:21.9439114Z test the_driver_range_selects_the_records_it_intersects ... ok
stable / test and specification	UNKNOWN STEP	2026-10-08T16:07:21.9478344Z test the_ordinary_entry_and_the_stated_essential_selection_answer_the_same_report ... ok
stable / test and specification	UNKNOWN STEP	2026-10-08T16:07:21.9523443Z test the_same_request_under_either_selection_presents_the_same_body ... ok
stable / test and specification	UNKNOWN STEP	2026-10-08T16:07:21.9524198Z 
stable / test and specification	UNKNOWN STEP	2026-10-08T16:07:21.9524598Z test result: ok. 8 passed; 0 failed; 0 ignored; 0 measured; 0 filtered out; finished in 0.12s
stable / test and specification	UNKNOWN STEP	2026-10-08T16:07:21.9524961Z 
stable / test and specification	UNKNOWN STEP	2026-10-08T16:07:21.9538105Z ^[[1m^[[92m     Running^[[0m tests/d2_prepared_handoff.rs (target/debug/deps/d2_prepared_handoff-5352b7a107a1d15c)
stable / test and specification	UNKNOWN STEP	2026-10-08T16:07:21.9630075Z 
stable / test and specification	UNKNOWN STEP	2026-10-08T16:07:21.9630455Z running 9 tests
stable / test and specification	UNKNOWN STEP	2026-10-08T16:07:21.9891854Z test a_cancelled_request_leaves_nothing_retained ... ok
stable / test and specification	UNKNOWN STEP	2026-10-08T16:07:22.0339169Z test a_recovery_run_without_same_class_callees_reads_once_and_prepares_nothing ... ok
stable / test and specification	UNKNOWN STEP	2026-10-08T16:07:22.0344622Z test a_request_with_a_missing_dependency_reads_no_class ... ok
stable / test and specification	UNKNOWN STEP	2026-10-08T16:07:22.0692595Z test a_store_never_makes_the_next_storeless_request_cheaper ... ok
stable / test and specification	UNKNOWN STEP	2026-10-08T16:07:22.0699803Z test a_view_decodes_every_requested_body_against_one_preparation ... ok
stable / test and specification	UNKNOWN STEP	2026-10-08T16:07:22.0704558Z test a_view_that_decodes_no_body_prepares_nothing ... ok
stable / test and specification	UNKNOWN STEP	2026-10-08T16:07:22.0711635Z test an_ambiguous_name_prepares_nothing_and_keeps_every_candidate ... ok
stable / test and specification	UNKNOWN STEP	2026-10-08T16:07:22.0925336Z test both_binding_paths_prepare_the_read_they_selected_once ... ok
stable / test and specification	UNKNOWN STEP	2026-10-08T16:07:22.1612230Z test the_four_store_states_do_the_same_work_and_no_request_is_free ... ok
stable / test and specification	UNKNOWN STEP	2026-10-08T16:07:22.1612791Z 
stable / test and specification	UNKNOWN STEP	2026-10-08T16:07:22.1613398Z test result: ok. 9 passed; 0 failed; 0 ignored; 0 measured; 0 filtered out; finished in 0.20s
stable / test and specification	UNKNOWN STEP	2026-10-08T16:07:22.1614398Z 
stable / test and specification	UNKNOWN STEP	2026-10-08T16:07:22.1627917Z ^[[1m^[[92m     Running^[[0m tests/d3_artifact_binding.rs (target/debug/deps/d3_artifact_binding-92c7776d3831e123)
stable / test and specification	UNKNOWN STEP	2026-10-08T16:07:22.1731695Z 
stable / test and specification	UNKNOWN STEP	2026-10-08T16:07:22.1731947Z running 13 tests
stable / test and specification	UNKNOWN STEP	2026-10-08T16:07:22.2316714Z test a_binding_of_another_schema_is_a_mismatch ... ok
stable / test and specification	UNKNOWN STEP	2026-10-08T16:07:22.2557027Z test a_binding_states_the_member_record_the_read_established ... ok
stable / test and specification	UNKNOWN STEP	2026-10-08T16:07:22.2576390Z test a_changed_rule_set_is_a_mismatch ... ok
stable / test and specification	UNKNOWN STEP	2026-10-08T16:07:22.2581826Z test a_duplicated_member_record_binds_nothing ... ok
stable / test and specification	UNKNOWN STEP	2026-10-08T16:07:22.2603795Z test a_run_without_an_artifact_compares_nothing ... ok
stable / test and specification	UNKNOWN STEP	2026-10-08T16:07:22.2655036Z test a_text_that_is_not_this_artifact_is_a_mismatch_and_never_a_missing_answer ... ok
stable / test and specification	UNKNOWN STEP	2026-10-08T16:07:22.2692094Z test a_tight_budget_stops_the_rebuild_where_it_really_stops ... ok
stable / test and specification	UNKNOWN STEP	2026-10-08T16:07:22.2707339Z test an_expectation_without_a_selection_is_refused ... ok
stable / test and specification	UNKNOWN STEP	2026-10-08T16:07:22.2767448Z test one_class_stored_twice_is_two_artifacts ... ok
stable / test and specification	UNKNOWN STEP	2026-10-08T16:07:22.2768256Z test the_binding_holds_no_payload_of_the_run ... ok
stable / test and specification	UNKNOWN STEP	2026-10-08T16:07:22.2819913Z test the_evidence_is_rebuilt_after_every_temporary_of_the_first_request_is_dropped ... ok
stable / test and specification	UNKNOWN STEP	2026-10-08T16:07:22.2882520Z test the_sequence_keeps_the_artifact_and_bounds_every_residency ... ok
stable / test and specification	UNKNOWN STEP	2026-10-08T16:07:22.2928940Z test two_definitions_of_one_name_are_two_artifacts ... ok
stable / test and specification	UNKNOWN STEP	2026-10-08T16:07:22.2929454Z 
stable / test and specification	UNKNOWN STEP	2026-10-08T16:07:22.2929896Z test result: ok. 13 passed; 0 failed; 0 ignored; 0 measured; 0 filtered out; finished in 0.12s
stable / test and specification	UNKNOWN STEP	2026-10-08T16:07:22.2930274Z 
stable / test and specification	UNKNOWN STEP	2026-10-08T16:07:22.2964393Z ^[[1m^[[92m     Running^[[0m tests/d5_acceptance_ledger.rs (target/debug/deps/d5_acceptance_ledger-2153391b7d083b36)
stable / test and specification	UNKNOWN STEP	2026-10-08T16:07:22.2983686Z 
stable / test and specification	UNKNOWN STEP	2026-10-08T16:07:22.2983949Z running 1 test
stable / test and specification	UNKNOWN STEP	2026-10-08T16:07:22.2995908Z test the_ledger_names_only_records_this_repository_has ... ok
stable / test and specification	UNKNOWN STEP	2026-10-08T16:07:22.2996277Z 
stable / test and specification	UNKNOWN STEP	2026-10-08T16:07:22.2996668Z test result: ok. 1 passed; 0 failed; 0 ignored; 0 measured; 0 filtered out; finished in 0.00s
stable / test and specification	UNKNOWN STEP	2026-10-08T16:07:22.2997042Z 
stable / test and specification	UNKNOWN STEP	2026-10-08T16:07:22.3000719Z ^[[1m^[[92m     Running^[[0m tests/d5_process_release.rs (target/debug/deps/d5_process_release-6e6871fec77c26a9)
stable / test and specification	UNKNOWN STEP	2026-10-08T16:07:22.3068839Z 
stable / test and specification	UNKNOWN STEP	2026-10-08T16:07:22.3069122Z running 5 tests
stable / test and specification	UNKNOWN STEP	2026-10-08T16:07:22.3071950Z test child_a_stop_at_every_stage_releases_what_it_held ... ignored, the process gate: run with `-- --ignored` in both the debug and the release profile
stable / test and specification	UNKNOWN STEP	2026-10-08T16:07:22.3074610Z test child_deep_expressions_terminate_normally ... ignored, the process gate: run with `-- --ignored` in both the debug and the release profile
stable / test and specification	UNKNOWN STEP	2026-10-08T16:07:22.3077051Z test child_the_abandon_sequence_leaves_no_work_behind ... ignored, the process gate: run with `-- --ignored` in both the debug and the release profile
stable / test and specification	UNKNOWN STEP	2026-10-08T16:07:22.3079451Z test child_the_cache_and_a_slow_consumer_stay_bounded ... ignored, the process gate: run with `-- --ignored` in both the debug and the release profile
stable / test and specification	UNKNOWN STEP	2026-10-08T16:07:22.3081066Z test every_gate_runs_to_a_normal_exit_in_its_own_process ... ignored, the process gate: run with `-- --ignored` in both the debug and the release profile
stable / test and specification	UNKNOWN STEP	2026-10-08T16:07:22.3081869Z 
stable / test and specification	UNKNOWN STEP	2026-10-08T16:07:22.3082340Z test result: ok. 0 passed; 0 failed; 5 ignored; 0 measured; 0 filtered out; finished in 0.00s
stable / test and specification	UNKNOWN STEP	2026-10-08T16:07:22.3082816Z 
stable / test and specification	UNKNOWN STEP	2026-10-08T16:07:22.3083667Z ^[[1m^[[92m     Running^[[0m tests/d5_semantic_comparison.rs (target/debug/deps/d5_semantic_comparison-8e3caa61f0f3ed26)
stable / test and specification	UNKNOWN STEP	2026-10-08T16:07:22.3155292Z 
stable / test and specification	UNKNOWN STEP	2026-10-08T16:07:22.3155664Z running 5 tests
stable / test and specification	UNKNOWN STEP	2026-10-08T16:07:23.1460091Z test a_repeated_request_states_the_same_report ... ok
stable / test and specification	UNKNOWN STEP	2026-10-08T16:07:23.1483016Z test every_fixture_names_the_record_it_came_from ... ok
stable / test and specification	UNKNOWN STEP	2026-10-08T16:07:23.4482498Z test every_selection_presents_the_same_answer ... ok
stable / test and specification	UNKNOWN STEP	2026-10-08T16:07:23.4485648Z test the_essential_and_the_full_selection_compile_the_same_program ... ignored, needs a JDK on PATH: it compiles the recovered text with `javac --release 8` and runs it with `java`. `cargo test` therefore stays green without a compiler; run it with `-- --ignored` on a machine that has one
stable / test and specification	UNKNOWN STEP	2026-10-08T16:07:23.6854934Z test the_local_delivery_is_the_full_one_projected_onto_its_range ... ok
stable / test and specification	UNKNOWN STEP	2026-10-08T16:07:23.6855531Z 
stable / test and specification	UNKNOWN STEP	2026-10-08T16:07:23.6856212Z test result: ok. 4 passed; 0 failed; 1 ignored; 0 measured; 0 filtered out; finished in 1.37s
stable / test and specification	UNKNOWN STEP	2026-10-08T16:07:23.6856846Z 
stable / test and specification	UNKNOWN STEP	2026-10-08T16:07:23.6865624Z ^[[1m^[[92m     Running^[[0m tests/double_brace_capture.rs (target/debug/deps/double_brace_capture-b0170897360c4bf1)
stable / test and specification	UNKNOWN STEP	2026-10-08T16:07:23.6945181Z 
stable / test and specification	UNKNOWN STEP	2026-10-08T16:07:23.6945534Z running 4 tests
stable / test and specification	UNKNOWN STEP	2026-10-08T16:07:23.7695231Z test the_capture_companion_presents_the_capture_write_after_the_constructor_call ... ok
stable / test and specification	UNKNOWN STEP	2026-10-08T16:07:23.8229757Z test the_companions_keep_their_presentation_and_the_host_presents_the_double_brace_form ... ok
stable / test and specification	UNKNOWN STEP	2026-10-08T16:07:25.3998934Z test the_recompiled_family_compiles_and_runs_as_the_original_classes ... ok
stable / test and specification	UNKNOWN STEP	2026-10-08T16:07:25.4050553Z test the_super_argument_probes_keep_the_current_refusal_and_the_byte_order ... ok
stable / test and specification	UNKNOWN STEP	2026-10-08T16:07:25.4051021Z 
stable / test and specification	UNKNOWN STEP	2026-10-08T16:07:25.4051478Z test result: ok. 4 passed; 0 failed; 0 ignored; 0 measured; 0 filtered out; finished in 1.71s
stable / test and specification	UNKNOWN STEP	2026-10-08T16:07:25.4051957Z 
stable / test and specification	UNKNOWN STEP	2026-10-08T16:07:25.4064122Z ^[[1m^[[92m     Running^[[0m tests/em22_boolean_xor.rs (target/debug/deps/em22_boolean_xor-7532b8065831b8cd)
stable / test and specification	UNKNOWN STEP	2026-10-08T16:07:25.4143449Z 
stable / test and specification	UNKNOWN STEP	2026-10-08T16:07:25.4143662Z running 3 tests
stable / test and specification	UNKNOWN STEP	2026-10-08T16:07:25.9946756Z test a_result_boolean_context_does_not_promote_an_unproved_int_xor_operand ... ok
stable / test and specification	UNKNOWN STEP	2026-10-08T16:07:26.5236604Z test budget_and_cancellation_do_not_publish_a_partially_built_xor_expression ... ok
stable / test and specification	UNKNOWN STEP	2026-10-08T16:07:27.0791324Z test proved_boolean_xor_literals_keep_type_effect_and_origin_facts ... ok
stable / test and specification	UNKNOWN STEP	2026-10-08T16:07:27.0791787Z 
stable / test and specification	UNKNOWN STEP	2026-10-08T16:07:27.0792183Z test result: ok. 3 passed; 0 failed; 0 ignored; 0 measured; 0 filtered out; finished in 1.66s
stable / test and specification	UNKNOWN STEP	2026-10-08T16:07:27.0792546Z 
stable / test and specification	UNKNOWN STEP	2026-10-08T16:07:27.0806439Z ^[[1m^[[92m     Running^[[0m tests/em23_field_unit_updates.rs (target/debug/deps/em23_field_unit_updates-3521e20a39d59ca9)
stable / test and specification	UNKNOWN STEP	2026-10-08T16:07:27.0887794Z 
stable / test and specification	UNKNOWN STEP	2026-10-08T16:07:27.0888012Z running 3 tests
stable / test and specification	UNKNOWN STEP	2026-10-08T16:07:27.7041355Z test a_returned_old_value_stays_an_expression_and_budget_or_cancellation_stops_atomically ... ok
stable / test and specification	UNKNOWN STEP	2026-10-08T16:07:28.2563415Z test owner_descriptor_volatile_receiver_and_effect_boundaries_do_not_use_this_slice ... ok
stable / test and specification	UNKNOWN STEP	2026-10-08T16:07:28.8181911Z test same_class_int_unit_updates_are_single_source_mapped_postfix_statements ... ok
stable / test and specification	UNKNOWN STEP	2026-10-08T16:07:28.8182521Z 
stable / test and specification	UNKNOWN STEP	2026-10-08T16:07:28.8183027Z test result: ok. 3 passed; 0 failed; 0 ignored; 0 measured; 0 filtered out; finished in 1.73s
stable / test and specification	UNKNOWN STEP	2026-10-08T16:07:28.8183505Z 
stable / test and specification	UNKNOWN STEP	2026-10-08T16:07:28.8195695Z ^[[1m^[[92m     Running^[[0m tests/engine.rs (target/debug/deps/engine-8e8a38e454b155ca)
stable / test and specification	UNKNOWN STEP	2026-10-08T16:07:28.8257816Z 
stable / test and specification	UNKNOWN STEP	2026-10-08T16:07:28.8258183Z running 9 tests
stable / test and specification	UNKNOWN STEP	2026-10-08T16:07:28.8341621Z test empty_zip_enumeration_reports_the_open_snapshot ... ok
stable / test and specification	UNKNOWN STEP	2026-10-08T16:07:28.8355185Z test handler_budget_partial_has_precise_coverage ... ok
stable / test and specification	UNKNOWN STEP	2026-10-08T16:07:28.8361638Z test materialization_failure_is_err_and_body_partial_is_preserved ... ok
stable / test and specification	UNKNOWN STEP	2026-10-08T16:07:28.8365119Z test method_request_decodes_and_charges_only_the_selected_body ... ok
stable / test and specification	UNKNOWN STEP	2026-10-08T16:07:28.8367338Z test one_budget_accumulates_open_and_header_and_preserves_atomic_stage_failure ... ok
stable / test and specification	UNKNOWN STEP	2026-10-08T16:07:28.8369385Z test public_engine_entrypoints_honor_precancelled_requests_at_their_stage_boundary ... ok
stable / test and specification	UNKNOWN STEP	2026-10-08T16:07:28.8381741Z test standalone_engine_reports_owned_source_and_usage ... ok
stable / test and specification	UNKNOWN STEP	2026-10-08T16:07:28.8385513Z test target_and_header_body_boundaries_are_preserved ... ok
stable / test and specification	UNKNOWN STEP	2026-10-08T16:07:28.8389120Z test zip_duplicate_origins_and_validation_are_preserved ... ok
stable / test and specification	UNKNOWN STEP	2026-10-08T16:07:28.8389416Z 
stable / test and specification	UNKNOWN STEP	2026-10-08T16:07:28.8389901Z test result: ok. 9 passed; 0 failed; 0 ignored; 0 measured; 0 filtered out; finished in 0.01s
stable / test and specification	UNKNOWN STEP	2026-10-08T16:07:28.8390315Z 
stable / test and specification	UNKNOWN STEP	2026-10-08T16:07:28.8393773Z ^[[1m^[[92m     Running^[[0m tests/enum_string_field_name.rs (target/debug/deps/enum_string_field_name-9555220a0c266371)
stable / test and specification	UNKNOWN STEP	2026-10-08T16:07:28.8465546Z 
stable / test and specification	UNKNOWN STEP	2026-10-08T16:07:28.8465799Z running 2 tests
stable / test and specification	UNKNOWN STEP	2026-10-08T16:07:30.8624672Z test the_labeled_projection_recompiles_and_runs_as_the_original ... ok
stable / test and specification	UNKNOWN STEP	2026-10-08T16:07:30.8878452Z test the_labeled_string_argument_fixture_projects_the_proved_field_name ... ok
stable / test and specification	UNKNOWN STEP	2026-10-08T16:07:30.8878890Z 
stable / test and specification	UNKNOWN STEP	2026-10-08T16:07:30.8879280Z test result: ok. 2 passed; 0 failed; 0 ignored; 0 measured; 0 filtered out; finished in 2.04s
stable / test and specification	UNKNOWN STEP	2026-10-08T16:07:30.8880034Z 
stable / test and specification	UNKNOWN STEP	2026-10-08T16:07:30.8890846Z ^[[1m^[[92m     Running^[[0m tests/field_generic_projection.rs (target/debug/deps/field_generic_projection-b0f6526d519867ba)
stable / test and specification	UNKNOWN STEP	2026-10-08T16:07:30.8968669Z 
stable / test and specification	UNKNOWN STEP	2026-10-08T16:07:30.8968968Z running 3 tests
stable / test and specification	UNKNOWN STEP	2026-10-08T16:07:33.4702535Z test field_signature_refusals_keep_descriptor_for_mismatch_unbound_and_body_use ... ok
stable / test and specification	UNKNOWN STEP	2026-10-08T16:07:37.3412826Z test standalone_field_signatures_recompile_and_match_reflection_and_caller_types ... ok
stable / test and specification	UNKNOWN STEP	2026-10-08T16:07:37.8813471Z test type_use_annotations_and_stopped_requests_do_not_publish_field_candidates ... ok
stable / test and specification	UNKNOWN STEP	2026-10-08T16:07:37.8814408Z 
stable / test and specification	UNKNOWN STEP	2026-10-08T16:07:37.8815084Z test result: ok. 3 passed; 0 failed; 0 ignored; 0 measured; 0 filtered out; finished in 6.98s
stable / test and specification	UNKNOWN STEP	2026-10-08T16:07:37.8815728Z 
stable / test and specification	UNKNOWN STEP	2026-10-08T16:07:37.8827147Z ^[[1m^[[92m     Running^[[0m tests/fixture_behavior_guards.rs (target/debug/deps/fixture_behavior_guards-002e9840a681cd8d)
stable / test and specification	UNKNOWN STEP	2026-10-08T16:07:37.8912772Z 
stable / test and specification	UNKNOWN STEP	2026-10-08T16:07:37.8912973Z running 13 tests
stable / test and specification	UNKNOWN STEP	2026-10-08T16:07:38.0009932Z test anonymous_member_base_keeps_the_qualified_receiver_refusal ... ok
stable / test and specification	UNKNOWN STEP	2026-10-08T16:07:38.0068765Z test anonymous_member_base_presents_the_member_base_constructor_order ... ok
stable / test and specification	UNKNOWN STEP	2026-10-08T16:07:38.0071717Z test anonymous_member_base_runs_and_its_text_stays_uncompilable ... ignored, needs a JDK on PATH: it runs the frozen classes and asks `javac` whether the recovered text compiles (see openspec/changes/recover-fixture-behavior-guard-coverage/results/)
stable / test and specification	UNKNOWN STEP	2026-10-08T16:07:38.0424818Z test anonymous_top_level_pins_the_childs_capture_write_before_the_super_call ... ok
stable / test and specification	UNKNOWN STEP	2026-10-08T16:07:38.0427670Z test anonymous_top_level_runs_and_recompiles_to_the_recorded_output ... ignored, needs a JDK on PATH: it runs the frozen classes and recompiles the recovered text under `javac --release 8` (see openspec/changes/recover-fixture-behavior-guard-coverage/results/)
stable / test and specification	UNKNOWN STEP	2026-10-08T16:07:38.0717334Z test enum_arity_pins_the_zero_one_and_four_constant_headers ... ok
stable / test and specification	UNKNOWN STEP	2026-10-08T16:07:38.0719999Z test enum_arity_runs_and_recompiles_to_the_recorded_output ... ignored, needs a JDK on PATH: it runs the frozen classes and recompiles the recovered text under `javac --release 8` (see openspec/changes/recover-fixture-behavior-guard-coverage/results/)
stable / test and specification	UNKNOWN STEP	2026-10-08T16:07:38.1061127Z test lambda_body_inline_pins_the_forwarding_arrow_and_the_refused_main ... ok
stable / test and specification	UNKNOWN STEP	2026-10-08T16:07:38.1064101Z test lambda_body_inline_runs_and_its_text_stays_uncompilable ... ignored, needs a JDK on PATH: it runs the frozen classes and asks `javac` whether the recovered text compiles (see openspec/changes/recover-fixture-behavior-guard-coverage/results/)
stable / test and specification	UNKNOWN STEP	2026-10-08T16:07:38.1100347Z test package_info_basic_pins_the_package_annotation_before_the_package_line ... ok
stable / test and specification	UNKNOWN STEP	2026-10-08T16:07:38.1103178Z test package_info_basic_runs_and_recompiles_to_the_recorded_output ... ignored, needs a JDK on PATH: it runs the frozen classes and recompiles the recovered text under `javac --release 8` (see openspec/changes/recover-fixture-behavior-guard-coverage/results/)
stable / test and specification	UNKNOWN STEP	2026-10-08T16:07:38.1192118Z test short_circuit_left_false_pins_the_single_short_circuit_write ... ok
stable / test and specification	UNKNOWN STEP	2026-10-08T16:07:38.1194149Z test short_circuit_left_false_runs_and_recompiles_to_the_recorded_output ... ignored, needs a JDK on PATH: it runs the frozen classes and recompiles the recovered text under `javac --release 8` (see openspec/changes/recover-fixture-behavior-guard-coverage/results/)
stable / test and specification	UNKNOWN STEP	2026-10-08T16:07:38.1195148Z 
stable / test and specification	UNKNOWN STEP	2026-10-08T16:07:38.1195519Z test result: ok. 7 passed; 0 failed; 6 ignored; 0 measured; 0 filtered out; finished in 0.23s
stable / test and specification	UNKNOWN STEP	2026-10-08T16:07:38.1195890Z 
stable / test and specification	UNKNOWN STEP	2026-10-08T16:07:38.1207834Z ^[[1m^[[92m     Running^[[0m tests/generic_body_throws_projection.rs (target/debug/deps/generic_body_throws_projection-c1a6e87686bd9a70)
stable / test and specification	UNKNOWN STEP	2026-10-08T16:07:38.1285433Z 
stable / test and specification	UNKNOWN STEP	2026-10-08T16:07:38.1285774Z running 3 tests
stable / test and specification	UNKNOWN STEP	2026-10-08T16:07:38.7215246Z test body_budget_stop_and_cancellation_do_not_publish_a_generic_throws_clause ... ok
stable / test and specification	UNKNOWN STEP	2026-10-08T16:07:39.7745452Z test body_effects_and_object_method_names_keep_physical_throws ... ok
stable / test and specification	UNKNOWN STEP	2026-10-08T16:07:42.2042739Z test empty_body_class_throws_projection_compiles_and_runs_for_both_debug_variants ... ok
stable / test and specification	UNKNOWN STEP	2026-10-08T16:07:42.2043376Z 
stable / test and specification	UNKNOWN STEP	2026-10-08T16:07:42.2044400Z test result: ok. 3 passed; 0 failed; 0 ignored; 0 measured; 0 filtered out; finished in 4.08s
stable / test and specification	UNKNOWN STEP	2026-10-08T16:07:42.2044923Z 
stable / test and specification	UNKNOWN STEP	2026-10-08T16:07:42.2056092Z ^[[1m^[[92m     Running^[[0m tests/generic_constructor_projection.rs (target/debug/deps/generic_constructor_projection-e5f176b23a4074bf)
stable / test and specification	UNKNOWN STEP	2026-10-08T16:07:42.2130621Z 
stable / test and specification	UNKNOWN STEP	2026-10-08T16:07:42.2131025Z running 4 tests
stable / test and specification	UNKNOWN STEP	2026-10-08T16:07:42.8632947Z test body_budget_and_cancellation_never_publish_a_partial_constructor_header ... ok
stable / test and specification	UNKNOWN STEP	2026-10-08T16:07:47.9038801Z test generic_constructor_projects_atomically_for_debug_and_no_debug_classes ... ok
stable / test and specification	UNKNOWN STEP	2026-10-08T16:07:48.4344523Z test same_class_constructor_binding_and_adjacent_generic_method_are_independent ... ok
stable / test and specification	UNKNOWN STEP	2026-10-08T16:07:50.5288249Z test unproved_constructor_body_keeps_its_physical_parameter ... ok
stable / test and specification	UNKNOWN STEP	2026-10-08T16:07:50.5289030Z 
stable / test and specification	UNKNOWN STEP	2026-10-08T16:07:50.5289795Z test result: ok. 4 passed; 0 failed; 0 ignored; 0 measured; 0 filtered out; finished in 8.32s
stable / test and specification	UNKNOWN STEP	2026-10-08T16:07:50.5290649Z 
stable / test and specification	UNKNOWN STEP	2026-10-08T16:07:50.5301406Z ^[[1m^[[92m     Running^[[0m tests/generic_method_budget.rs (target/debug/deps/generic_method_budget-f98e6d69de7c5196)
stable / test and specification	UNKNOWN STEP	2026-10-08T16:07:50.5377129Z 
stable / test and specification	UNKNOWN STEP	2026-10-08T16:07:50.5377605Z running 4 tests
stable / test and specification	UNKNOWN STEP	2026-10-08T16:07:50.6071372Z test body_budget_stop_keeps_the_physical_generic_member_without_a_partial_header ... ok
stable / test and specification	UNKNOWN STEP	2026-10-08T16:07:50.6222989Z test essential_and_all_evidence_keep_complete_generic_class_text_identical ... ok
stable / test and specification	UNKNOWN STEP	2026-10-08T16:07:50.6367412Z test internal_budget_stops_do_not_publish_a_partial_generic_header ... ok
stable / test and specification	UNKNOWN STEP	2026-10-08T16:07:50.6370252Z test pre_cancellation_reports_cancelled_without_a_generic_declaration ... ok
stable / test and specification	UNKNOWN STEP	2026-10-08T16:07:50.6370757Z 
stable / test and specification	UNKNOWN STEP	2026-10-08T16:07:50.6371187Z test result: ok. 4 passed; 0 failed; 0 ignored; 0 measured; 0 filtered out; finished in 0.10s
stable / test and specification	UNKNOWN STEP	2026-10-08T16:07:50.6371560Z 
stable / test and specification	UNKNOWN STEP	2026-10-08T16:07:50.6384877Z ^[[1m^[[92m     Running^[[0m tests/generic_method_projection.rs (target/debug/deps/generic_method_projection-8b8e853666d21660)
stable / test and specification	UNKNOWN STEP	2026-10-08T16:07:50.6467007Z 
stable / test and specification	UNKNOWN STEP	2026-10-08T16:07:50.6467244Z running 18 tests
stable / test and specification	UNKNOWN STEP	2026-10-08T16:07:51.7434315Z test body_assignment_and_call_without_type_variable_proof_are_refused ... ok
stable / test and specification	UNKNOWN STEP	2026-10-08T16:07:51.7489010Z test bounded_method_variable_follows_same_run_parameters ... ok
stable / test and specification	UNKNOWN STEP	2026-10-08T16:07:52.9537894Z test direct_return_and_generic_throws_can_share_the_method_variable ... ok
stable / test and specification	UNKNOWN STEP	2026-10-08T16:07:53.6557420Z test erasure_shape_and_body_refusals_keep_descriptor_declarations ... ok
stable / test and specification	UNKNOWN STEP	2026-10-08T16:07:55.6619296Z test exact_generic_instance_null_return_projects_and_preserves_physical_method ... ok
stable / test and specification	UNKNOWN STEP	2026-10-08T16:07:57.6630861Z test exact_parameterized_list_null_return_projects_with_raw_controls_unchanged ... ok
stable / test and specification	UNKNOWN STEP	2026-10-08T16:07:57.6669209Z test exceptions_without_generic_throws_suffix_survive ... ok
stable / test and specification	UNKNOWN STEP	2026-10-08T16:07:58.2072958Z test generic_instance_null_return_admits_an_arity_disjoint_same_class_overload ... ok
stable / test and specification	UNKNOWN STEP	2026-10-08T16:08:01.8358904Z test generic_instance_null_return_rejects_unproved_signatures_bodies_and_bindings ... ok
stable / test and specification	UNKNOWN STEP	2026-10-08T16:08:02.3349921Z test generic_null_return_budget_and_cancellation_never_publish_a_partial_header ... ok
stable / test and specification	UNKNOWN STEP	2026-10-08T16:08:02.8649003Z test generic_null_return_refuses_signature_erasure_mismatch ... ok
stable / test and specification	UNKNOWN STEP	2026-10-08T16:08:04.8751408Z test multiple_local_variables_and_ordinary_parameters_keep_their_positions ... ok
stable / test and specification	UNKNOWN STEP	2026-10-08T16:08:05.3879153Z test neighboring_overload_without_a_caller_does_not_block_the_proved_method ... ok
stable / test and specification	UNKNOWN STEP	2026-10-08T16:08:06.4558420Z test parameterized_null_return_erasure_budget_and_cancellation_keep_raw_method ... ok
stable / test and specification	UNKNOWN STEP	2026-10-08T16:08:07.5289302Z test parameterized_null_return_rejects_other_signatures_effects_and_self_calls ... ok
stable / test and specification	UNKNOWN STEP	2026-10-08T16:08:08.0807872Z test parameterized_null_return_same_class_caller_projects_after_use_proof ... ok
stable / test and specification	UNKNOWN STEP	2026-10-08T16:08:08.6329488Z test same_class_caller_to_arity_disjoint_overload_proves_projection ... ok
stable / test and specification	UNKNOWN STEP	2026-10-08T16:08:09.7000297Z test type_use_annotations_and_varargs_are_whole_method_refusals ... ok
stable / test and specification	UNKNOWN STEP	2026-10-08T16:08:09.7000814Z 
stable / test and specification	UNKNOWN STEP	2026-10-08T16:08:09.7001310Z test result: ok. 18 passed; 0 failed; 0 ignored; 0 measured; 0 filtered out; finished in 19.05s
stable / test and specification	UNKNOWN STEP	2026-10-08T16:08:09.7001775Z 
stable / test and specification	UNKNOWN STEP	2026-10-08T16:08:09.7014634Z ^[[1m^[[92m     Running^[[0m tests/generic_outer_member_family.rs (target/debug/deps/generic_outer_member_family-7a4965b11c13e6a0)
stable / test and specification	UNKNOWN STEP	2026-10-08T16:08:09.7121489Z 
stable / test and specification	UNKNOWN STEP	2026-10-08T16:08:09.7121851Z running 3 tests
stable / test and specification	UNKNOWN STEP	2026-10-08T16:08:13.5199437Z test generic_family_rejects_static_constructor_shape_extra_child_and_effectful_id ... ok
stable / test and specification	UNKNOWN STEP	2026-10-08T16:08:14.0471999Z test generic_outer_member_family_projects_with_physical_owners_and_source_map ... ok
stable / test and specification	UNKNOWN STEP	2026-10-08T16:08:14.5972053Z test stopped_generic_family_projection_keeps_physical_reports_without_partial_nested_source ... ok
stable / test and specification	UNKNOWN STEP	2026-10-08T16:08:14.5972706Z 
stable / test and specification	UNKNOWN STEP	2026-10-08T16:08:14.5973719Z test result: ok. 3 passed; 0 failed; 0 ignored; 0 measured; 0 filtered out; finished in 4.88s
stable / test and specification	UNKNOWN STEP	2026-10-08T16:08:14.5974589Z 
stable / test and specification	UNKNOWN STEP	2026-10-08T16:08:14.5985454Z ^[[1m^[[92m     Running^[[0m tests/generic_static_member_family.rs (target/debug/deps/generic_static_member_family-02ea03b4175ec4e2)
stable / test and specification	UNKNOWN STEP	2026-10-08T16:08:14.6066759Z 
stable / test and specification	UNKNOWN STEP	2026-10-08T16:08:14.6066952Z running 2 tests
stable / test and specification	UNKNOWN STEP	2026-10-08T16:08:14.7170637Z test generic_static_member_is_atomic_and_keeps_physical_child ... ok
stable / test and specification	UNKNOWN STEP	2026-10-08T16:08:14.7673121Z test malformed_relation_scope_and_bridge_keep_the_root_physical ... ok
stable / test and specification	UNKNOWN STEP	2026-10-08T16:08:14.7673578Z 
stable / test and specification	UNKNOWN STEP	2026-10-08T16:08:14.7674419Z test result: ok. 2 passed; 0 failed; 0 ignored; 0 measured; 0 filtered out; finished in 0.16s
stable / test and specification	UNKNOWN STEP	2026-10-08T16:08:14.7674912Z 
stable / test and specification	UNKNOWN STEP	2026-10-08T16:08:14.7687364Z ^[[1m^[[92m     Running^[[0m tests/generic_throws_projection.rs (target/debug/deps/generic_throws_projection-05acc25b6ca4e81a)
stable / test and specification	UNKNOWN STEP	2026-10-08T16:08:14.7786022Z 
stable / test and specification	UNKNOWN STEP	2026-10-08T16:08:14.7786272Z running 13 tests
stable / test and specification	UNKNOWN STEP	2026-10-08T16:08:15.3611164Z test budget_stop_and_cancellation_never_publish_a_partial_throws_header ... ok
stable / test and specification	UNKNOWN STEP	2026-10-08T16:08:17.7494998Z test class_throws_variable_survives_both_debug_variants_and_typed_callers ... ok
stable / test and specification	UNKNOWN STEP	2026-10-08T16:08:18.8146955Z test empty_body_methods_project_and_evidence_choices_publish_the_same_header ... ok
stable / test and specification	UNKNOWN STEP	2026-10-08T16:08:19.3357401Z test method_local_body_throws_budget_stop_and_cancellation_never_publish_a_partial_header ... ok
stable / test and specification	UNKNOWN STEP	2026-10-08T16:08:20.4771600Z test method_local_body_throws_object_method_name_keeps_physical_declaration ... ok
stable / test and specification	UNKNOWN STEP	2026-10-08T16:08:23.2022214Z test method_local_body_throws_projection_compiles_and_runs_with_and_without_debug_tables ... ok
stable / test and specification	UNKNOWN STEP	2026-10-08T16:08:23.8310920Z test method_local_body_throws_refuses_a_generic_class_signature ... ok
stable / test and specification	UNKNOWN STEP	2026-10-08T16:08:24.7727509Z test method_local_body_throws_with_a_handler_keeps_physical_declaration ... ok
stable / test and specification	UNKNOWN STEP	2026-10-08T16:08:27.6491366Z test method_local_generic_no_body_signatures_keep_throws_and_parameter_positions ... ok
stable / test and specification	UNKNOWN STEP	2026-10-08T16:08:28.1646127Z test method_local_no_body_projection_stops_atomically_on_budget_and_cancellation ... ok
stable / test and specification	UNKNOWN STEP	2026-10-08T16:08:28.6841117Z test mixed_throws_positions_and_absent_suffix_keep_their_sources ... ok
stable / test and specification	UNKNOWN STEP	2026-10-08T16:08:29.2291322Z test no_body_method_local_projection_requires_a_safe_object_name_and_no_local_methodref ... ok
stable / test and specification	UNKNOWN STEP	2026-10-08T16:08:30.3591139Z test unsupported_bound_and_unbound_variable_refuse_locally ... ok
stable / test and specification	UNKNOWN STEP	2026-10-08T16:08:30.3591583Z 
stable / test and specification	UNKNOWN STEP	2026-10-08T16:08:30.3592100Z test result: ok. 13 passed; 0 failed; 0 ignored; 0 measured; 0 filtered out; finished in 15.58s
stable / test and specification	UNKNOWN STEP	2026-10-08T16:08:30.3592591Z 
stable / test and specification	UNKNOWN STEP	2026-10-08T16:08:30.3604534Z ^[[1m^[[92m     Running^[[0m tests/historical_classfile_corpus.rs (target/debug/deps/historical_classfile_corpus-df810dda390442c4)
stable / test and specification	UNKNOWN STEP	2026-10-08T16:08:30.3650094Z 
stable / test and specification	UNKNOWN STEP	2026-10-08T16:08:30.3650332Z running 1 test
stable / test and specification	UNKNOWN STEP	2026-10-08T16:08:30.3682108Z test historical_ecj_headers_and_finally_bytecode_are_stable ... ok
stable / test and specification	UNKNOWN STEP	2026-10-08T16:08:30.3682592Z 
stable / test and specification	UNKNOWN STEP	2026-10-08T16:08:30.3683375Z test result: ok. 1 passed; 0 failed; 0 ignored; 0 measured; 0 filtered out; finished in 0.00s
stable / test and specification	UNKNOWN STEP	2026-10-08T16:08:30.3684278Z 
stable / test and specification	UNKNOWN STEP	2026-10-08T16:08:30.3687989Z ^[[1m^[[92m     Running^[[0m tests/inner_class_static_mixed_folding.rs (target/debug/deps/inner_class_static_mixed_folding-af4c6ef321f7938d)
stable / test and specification	UNKNOWN STEP	2026-10-08T16:08:30.3768297Z 
stable / test and specification	UNKNOWN STEP	2026-10-08T16:08:30.3768460Z running 4 tests
stable / test and specification	UNKNOWN STEP	2026-10-08T16:08:31.0687687Z test budget_and_cancellation_stop_the_mixed_fold_atomically ... ok
stable / test and specification	UNKNOWN STEP	2026-10-08T16:08:33.5796853Z test mixed_variants_recompile_as_their_folded_units_and_reproduce_the_baseline ... ok
stable / test and specification	UNKNOWN STEP	2026-10-08T16:08:34.3125195Z test n1_folds_stat_and_inner_together_with_the_synthetics_elided ... ok
stable / test and specification	UNKNOWN STEP	2026-10-08T16:08:35.5323034Z test pure_non_static_family_folds_too ... ok
stable / test and specification	UNKNOWN STEP	2026-10-08T16:08:35.5323382Z 
stable / test and specification	UNKNOWN STEP	2026-10-08T16:08:35.5324165Z test result: ok. 4 passed; 0 failed; 0 ignored; 0 measured; 0 filtered out; finished in 5.16s
stable / test and specification	UNKNOWN STEP	2026-10-08T16:08:35.5324674Z 
stable / test and specification	UNKNOWN STEP	2026-10-08T16:08:35.5336363Z ^[[1m^[[92m     Running^[[0m tests/interface_initializer_projection.rs (target/debug/deps/interface_initializer_projection-05564f498412f597)
stable / test and specification	UNKNOWN STEP	2026-10-08T16:08:35.5425729Z 
stable / test and specification	UNKNOWN STEP	2026-10-08T16:08:35.5425975Z running 6 tests
stable / test and specification	UNKNOWN STEP	2026-10-08T16:08:35.6183599Z test cancellation_before_projection_publishes_no_class_source_report ... ok
stable / test and specification	UNKNOWN STEP	2026-10-08T16:08:35.6334102Z test default_and_all_evidence_use_the_same_atomic_projection ... ok
stable / test and specification	UNKNOWN STEP	2026-10-08T16:08:35.6451852Z test ir_budget_stop_keeps_the_whole_group_unprojected_and_retains_clinit ... ok
stable / test and specification	UNKNOWN STEP	2026-10-08T16:08:35.6568613Z test output_budget_stop_never_publishes_a_prefix_of_the_initializer_group ... ok
stable / test and specification	UNKNOWN STEP	2026-10-08T16:08:38.3905401Z test projects_rhs_in_putstatic_order_and_keeps_the_physical_report_order ... ok
stable / test and specification	UNKNOWN STEP	2026-10-08T16:08:39.8331294Z test qualified_forward_read_keeps_its_default_value_after_source_projection ... ok
stable / test and specification	UNKNOWN STEP	2026-10-08T16:08:39.8332089Z 
stable / test and specification	UNKNOWN STEP	2026-10-08T16:08:39.8332862Z test result: ok. 6 passed; 0 failed; 0 ignored; 0 measured; 0 filtered out; finished in 4.29s
stable / test and specification	UNKNOWN STEP	2026-10-08T16:08:39.8333608Z 
stable / test and specification	UNKNOWN STEP	2026-10-08T16:08:39.8346215Z ^[[1m^[[92m     Running^[[0m tests/interface_initializer_proof.rs (target/debug/deps/interface_initializer_proof-ad4042240136b9ad)
stable / test and specification	UNKNOWN STEP	2026-10-08T16:08:39.8422300Z 
stable / test and specification	UNKNOWN STEP	2026-10-08T16:08:39.8422523Z running 4 tests
stable / test and specification	UNKNOWN STEP	2026-10-08T16:08:39.9129733Z test admits_a_qualified_forward_read_only_when_original_write_time_is_preserved ... ok
stable / test and specification	UNKNOWN STEP	2026-10-08T16:08:39.9200233Z test proves_all_runtime_writes_and_keeps_constantvalue_separate ... ok
stable / test and specification	UNKNOWN STEP	2026-10-08T16:08:39.9312556Z test refuses_exception_edges_and_runtime_constants_that_would_change_initialization_phase ... ok
stable / test and specification	UNKNOWN STEP	2026-10-08T16:08:39.9481355Z test rejects_unclaimed_effects_duplicate_and_missing_writes_and_branches_as_whole_groups ... ok
stable / test and specification	UNKNOWN STEP	2026-10-08T16:08:39.9482119Z 
stable / test and specification	UNKNOWN STEP	2026-10-08T16:08:39.9482783Z test result: ok. 4 passed; 0 failed; 0 ignored; 0 measured; 0 filtered out; finished in 0.11s
stable / test and specification	UNKNOWN STEP	2026-10-08T16:08:39.9483414Z 
stable / test and specification	UNKNOWN STEP	2026-10-08T16:08:39.9493594Z ^[[1m^[[92m     Running^[[0m tests/jvm_bytecode_oracle.rs (target/debug/deps/jvm_bytecode_oracle-5426fb8e21b2f60f)
stable / test and specification	UNKNOWN STEP	2026-10-08T16:08:39.9504442Z 
stable / test and specification	UNKNOWN STEP	2026-10-08T16:08:39.9504668Z running 1 test
stable / test and specification	UNKNOWN STEP	2026-10-08T16:08:39.9505894Z test jdk25_instruction_boundaries_match_public_bytecode_inspection ... ignored, requires JDK 25 Class-File API oracle
stable / test and specification	UNKNOWN STEP	2026-10-08T16:08:39.9506632Z 
stable / test and specification	UNKNOWN STEP	2026-10-08T16:08:39.9507167Z test result: ok. 0 passed; 0 failed; 1 ignored; 0 measured; 0 filtered out; finished in 0.00s
stable / test and specification	UNKNOWN STEP	2026-10-08T16:08:39.9507524Z 
stable / test and specification	UNKNOWN STEP	2026-10-08T16:08:39.9508397Z ^[[1m^[[92m     Running^[[0m tests/lambda_companion_bodies.rs (target/debug/deps/lambda_companion_bodies-13a11bac0231420e)
stable / test and specification	UNKNOWN STEP	2026-10-08T16:08:39.9608749Z 
stable / test and specification	UNKNOWN STEP	2026-10-08T16:08:39.9609218Z running 6 tests
stable / test and specification	UNKNOWN STEP	2026-10-08T16:08:41.2033674Z test a_class_without_companions_takes_no_projection_markers ... ok
stable / test and specification	UNKNOWN STEP	2026-10-08T16:08:42.5380631Z test a_curried_lambda_renames_its_outer_companion_and_inlines_the_inner ... ok
stable / test and specification	UNKNOWN STEP	2026-10-08T16:08:43.1450324Z test a_multi_use_companion_keeps_its_physical_presentation ... ok
stable / test and specification	UNKNOWN STEP	2026-10-08T16:08:44.5463465Z test companion_bodies_inline_across_the_variant_matrix ... ok
stable / test and specification	UNKNOWN STEP	2026-10-08T16:08:45.8885794Z test conditional_and_block_companions_rename_instead_of_inlining ... ok
stable / test and specification	UNKNOWN STEP	2026-10-08T16:08:46.7086580Z test the_frozen_y1_class_recompiles_with_every_companion_projected ... ok
stable / test and specification	UNKNOWN STEP	2026-10-08T16:08:46.7087498Z 
stable / test and specification	UNKNOWN STEP	2026-10-08T16:08:46.7088118Z test result: ok. 6 passed; 0 failed; 0 ignored; 0 measured; 0 filtered out; finished in 6.75s
stable / test and specification	UNKNOWN STEP	2026-10-08T16:08:46.7088717Z 
stable / test and specification	UNKNOWN STEP	2026-10-08T16:08:46.7101894Z ^[[1m^[[92m     Running^[[0m tests/lambda_root_member_folding.rs (target/debug/deps/lambda_root_member_folding-96ddea5792241fb7)
stable / test and specification	UNKNOWN STEP	2026-10-08T16:08:46.7191844Z 
stable / test and specification	UNKNOWN STEP	2026-10-08T16:08:46.7192178Z running 4 tests
stable / test and specification	UNKNOWN STEP	2026-10-08T16:08:50.7892525Z test class_child_and_array_and_enum_projection_roots_fold_too ... ok
stable / test and specification	UNKNOWN STEP	2026-10-08T16:08:52.2121952Z test folded_lambda_root_second_round_does_not_degrade ... ok
stable / test and specification	UNKNOWN STEP	2026-10-08T16:08:54.1439163Z test projection_free_root_serializes_and_folds_exactly_as_before ... ok
stable / test and specification	UNKNOWN STEP	2026-10-08T16:08:55.6822203Z test y1_lambda_root_folds_with_both_presentations_and_reproduces_the_baseline ... ok
stable / test and specification	UNKNOWN STEP	2026-10-08T16:08:55.6822764Z 
stable / test and specification	UNKNOWN STEP	2026-10-08T16:08:55.6823560Z test result: ok. 4 passed; 0 failed; 0 ignored; 0 measured; 0 filtered out; finished in 8.96s
stable / test and specification	UNKNOWN STEP	2026-10-08T16:08:55.6824429Z 
stable / test and specification	UNKNOWN STEP	2026-10-08T16:08:55.6836354Z ^[[1m^[[92m     Running^[[0m tests/member_class_static_folding.rs (target/debug/deps/member_class_static_folding-6f38ae75cba917d6)
stable / test and specification	UNKNOWN STEP	2026-10-08T16:08:55.6922065Z 
stable / test and specification	UNKNOWN STEP	2026-10-08T16:08:55.6922472Z running 8 tests
stable / test and specification	UNKNOWN STEP	2026-10-08T16:08:56.3285233Z test budget_and_cancellation_stop_the_whole_fold_atomically ... ok
stable / test and specification	UNKNOWN STEP	2026-10-08T16:08:57.4494321Z test cross_class_presenter_and_missing_child_keep_the_flattened_presentations ... ok
stable / test and specification	UNKNOWN STEP	2026-10-08T16:08:58.6687977Z test grandchild_stays_outside_the_fold_and_keeps_its_own_presentation ... ok
stable / test and specification	UNKNOWN STEP	2026-10-08T16:09:00.4534976Z test interface_call_owner_anchors_the_fold_and_an_unnamed_segment_still_refuses ... ok
stable / test and specification	UNKNOWN STEP	2026-10-08T16:09:02.9118148Z test interface_child_and_sibling_inheritance_fold_with_source_spellings ... ok
stable / test and specification	UNKNOWN STEP	2026-10-08T16:09:04.1691724Z test multi_child_family_folds_five_declarations_and_reproduces_the_baseline ... ok
stable / test and specification	UNKNOWN STEP	2026-10-08T16:09:04.7696738Z test non_static_member_child_never_enters_the_static_fold ... ok
stable / test and specification	UNKNOWN STEP	2026-10-08T16:09:06.0351890Z test single_child_family_folds_when_the_narrow_certificate_refuses ... ok
stable / test and specification	UNKNOWN STEP	2026-10-08T16:09:06.0352610Z 
stable / test and specification	UNKNOWN STEP	2026-10-08T16:09:06.0353376Z test result: ok. 8 passed; 0 failed; 0 ignored; 0 measured; 0 filtered out; finished in 10.34s
stable / test and specification	UNKNOWN STEP	2026-10-08T16:09:06.0354345Z 
stable / test and specification	UNKNOWN STEP	2026-10-08T16:09:06.0366014Z ^[[1m^[[92m     Running^[[0m tests/member_family_external_use.rs (target/debug/deps/member_family_external_use-8eaa1f20b67ba7b1)
stable / test and specification	UNKNOWN STEP	2026-10-08T16:09:06.0447510Z 
stable / test and specification	UNKNOWN STEP	2026-10-08T16:09:06.0447756Z running 4 tests
stable / test and specification	UNKNOWN STEP	2026-10-08T16:09:07.1098267Z test external_capture_field_reference_refuses_projection_and_keeps_physical_family ... ok
stable / test and specification	UNKNOWN STEP	2026-10-08T16:09:08.0954639Z test external_enclosing_constructor_reference_refuses_projection_and_keeps_physical_family ... ok
stable / test and specification	UNKNOWN STEP	2026-10-08T16:09:08.1235030Z test family_projects_when_no_external_consumer_is_present ... ok
stable / test and specification	UNKNOWN STEP	2026-10-08T16:09:08.1442759Z test stopped_external_census_keeps_physical_family_and_refuses_projection ... ok
stable / test and specification	UNKNOWN STEP	2026-10-08T16:09:08.1443411Z 
stable / test and specification	UNKNOWN STEP	2026-10-08T16:09:08.1444320Z test result: ok. 4 passed; 0 failed; 0 ignored; 0 measured; 0 filtered out; finished in 2.10s
stable / test and specification	UNKNOWN STEP	2026-10-08T16:09:08.1445017Z 
stable / test and specification	UNKNOWN STEP	2026-10-08T16:09:08.1457178Z ^[[1m^[[92m     Running^[[0m tests/member_family_identity.rs (target/debug/deps/member_family_identity-03611f411e8be220)
stable / test and specification	UNKNOWN STEP	2026-10-08T16:09:08.1549060Z 
stable / test and specification	UNKNOWN STEP	2026-10-08T16:09:08.1549305Z running 20 tests
stable / test and specification	UNKNOWN STEP	2026-10-08T16:09:08.2675326Z test capture_analysis_stop_keeps_completed_physical_child ... ok
stable / test and specification	UNKNOWN STEP	2026-10-08T16:09:08.3025311Z test child_body_stop_keeps_root_and_child_physical_coverage ... ok
stable / test and specification	UNKNOWN STEP	2026-10-08T16:09:12.6542971Z test declaration_only_static_abstract_member_projects_once_with_physical_anchors ... ok
stable / test and specification	UNKNOWN STEP	2026-10-08T16:09:12.6896080Z test declaration_pair_near_misses_never_publish_half_a_root ... ok
stable / test and specification	UNKNOWN STEP	2026-10-08T16:09:12.6955119Z test declaration_pair_projects_both_physical_members_and_origins_once ... ok
stable / test and specification	UNKNOWN STEP	2026-10-08T16:09:12.7061995Z test disagreeing_child_relation_cannot_authorize_package_private_call ... ok
stable / test and specification	UNKNOWN STEP	2026-10-08T16:09:14.2157328Z test family_call_rerender_restores_effect_and_null_exception_order ... ok
stable / test and specification	UNKNOWN STEP	2026-10-08T16:09:14.2788633Z test family_derived_ranges_keep_exact_source_and_physical_owners ... ok
stable / test and specification	UNKNOWN STEP	2026-10-08T16:09:14.3328147Z test family_output_budget_refusal_keeps_both_physical_texts ... ok
stable / test and specification	UNKNOWN STEP	2026-10-08T16:09:14.3626374Z test member_call_without_early_null_check_retains_physical_source ... ok
stable / test and specification	UNKNOWN STEP	2026-10-08T16:09:14.3755282Z test missing_or_duplicate_selected_child_refuses_family_without_losing_root ... ok
stable / test and specification	UNKNOWN STEP	2026-10-08T16:09:14.4334361Z test outer_super_method_bridge_projects_with_physical_origin ... ok
stable / test and specification	UNKNOWN STEP	2026-10-08T16:09:20.0312523Z test outer_super_overload_requires_direct_source_parameter_and_complete_subclass_chain ... ok
stable / test and specification	UNKNOWN STEP	2026-10-08T16:09:22.2080823Z test projected_stage1_compiles_and_matches_original_and_jadx_java8_behavior ... ok
stable / test and specification	UNKNOWN STEP	2026-10-08T16:09:22.2643347Z test projection_budget_stop_keeps_capture_calls_and_both_physical_reports ... ok
stable / test and specification	UNKNOWN STEP	2026-10-08T16:09:22.3174100Z test qualified_member_call_preserves_internal_and_preceding_effect_positions ... ok
stable / test and specification	UNKNOWN STEP	2026-10-08T16:09:22.3450714Z test selected_family_keeps_two_physical_reports_under_one_budget ... ok
stable / test and specification	UNKNOWN STEP	2026-10-08T16:09:25.0186723Z test static_member_incomplete_targets_never_publish_partial_nested_source ... ok
stable / test and specification	UNKNOWN STEP	2026-10-08T16:09:25.7199676Z test static_member_projects_as_nested_and_keeps_dollar_top_level_independent ... ok
stable / test and specification	UNKNOWN STEP	2026-10-08T16:09:26.2909660Z test two_member_allocations_in_one_caller_get_distinct_source_ranges ... ok
stable / test and specification	UNKNOWN STEP	2026-10-08T16:09:26.2910047Z 
stable / test and specification	UNKNOWN STEP	2026-10-08T16:09:26.2910549Z test result: ok. 20 passed; 0 failed; 0 ignored; 0 measured; 0 filtered out; finished in 18.14s
stable / test and specification	UNKNOWN STEP	2026-10-08T16:09:26.2911239Z 
stable / test and specification	UNKNOWN STEP	2026-10-08T16:09:26.2927515Z ^[[1m^[[92m     Running^[[0m tests/member_local_type_source_names.rs (target/debug/deps/member_local_type_source_names-b77d2d4ee8b0d268)
stable / test and specification	UNKNOWN STEP	2026-10-08T16:09:26.3003579Z 
stable / test and specification	UNKNOWN STEP	2026-10-08T16:09:26.3004320Z running 3 tests
stable / test and specification	UNKNOWN STEP	2026-10-08T16:09:26.4736378Z test proved_member_path_spells_local_declaration_without_changing_body_map ... ok
stable / test and specification	UNKNOWN STEP	2026-10-08T16:09:26.5203719Z test standalone_method_recovery_does_not_inherit_family_source_aliases ... ok
stable / test and specification	UNKNOWN STEP	2026-10-08T16:09:26.5250205Z test stopped_class_source_does_not_publish_partial_member_spelling ... ok
stable / test and specification	UNKNOWN STEP	2026-10-08T16:09:26.5250776Z 
stable / test and specification	UNKNOWN STEP	2026-10-08T16:09:26.5251269Z test result: ok. 3 passed; 0 failed; 0 ignored; 0 measured; 0 filtered out; finished in 0.22s
stable / test and specification	UNKNOWN STEP	2026-10-08T16:09:26.5251755Z 
stable / test and specification	UNKNOWN STEP	2026-10-08T16:09:26.5266836Z ^[[1m^[[92m     Running^[[0m tests/navigation.rs (target/debug/deps/navigation-546187f9930448f2)
stable / test and specification	UNKNOWN STEP	2026-10-08T16:09:26.5278783Z 
stable / test and specification	UNKNOWN STEP	2026-10-08T16:09:26.5278992Z running 20 tests
stable / test and specification	UNKNOWN STEP	2026-10-08T16:09:26.5285652Z test a_budget_stop_keeps_the_confirmed_prefix ... ok
stable / test and specification	UNKNOWN STEP	2026-10-08T16:09:26.5288828Z test a_cancelled_listing_publishes_the_prefix_it_read ... ok
stable / test and specification	UNKNOWN STEP	2026-10-08T16:09:26.5292878Z test a_candidate_listing_reads_no_header_and_keeps_containment ... ok
stable / test and specification	UNKNOWN STEP	2026-10-08T16:09:26.5310776Z test a_chosen_identity_does_not_depend_on_traversal_order ... ok
stable / test and specification	UNKNOWN STEP	2026-10-08T16:09:26.5315086Z test a_damaged_candidate_ends_the_confirmed_scan_with_a_reliable_prefix ... ok
stable / test and specification	UNKNOWN STEP	2026-10-08T16:09:26.5319486Z test a_damaged_member_does_not_erase_the_class ... ok
stable / test and specification	UNKNOWN STEP	2026-10-08T16:09:26.5327547Z test a_listed_member_in_an_archive_reads_the_same_physical_definition ... ok
stable / test and specification	UNKNOWN STEP	2026-10-08T16:09:26.5339135Z test a_listed_method_is_directly_usable_as_a_request_target ... ok
stable / test and specification	UNKNOWN STEP	2026-10-08T16:09:26.5342264Z test a_path_that_disagrees_with_the_declared_name_keeps_both ... ok
stable / test and specification	UNKNOWN STEP	2026-10-08T16:09:26.5344135Z test a_standalone_class_lists_its_own_root_and_refuses_a_tree_scope ... ok
stable / test and specification	UNKNOWN STEP	2026-10-08T16:09:26.5345637Z test a_tree_root_that_is_not_this_snapshot_is_refused ... ok
stable / test and specification	UNKNOWN STEP	2026-10-08T16:09:26.5350449Z test an_abstract_or_native_member_carries_no_fabricated_body ... ok
stable / test and specification	UNKNOWN STEP	2026-10-08T16:09:26.5354876Z test an_identity_that_does_not_match_its_bytes_is_refused ... ok
stable / test and specification	UNKNOWN STEP	2026-10-08T16:09:26.5367476Z test duplicate_definitions_are_all_returned_and_a_chosen_identity_is_unique ... ok
stable / test and specification	UNKNOWN STEP	2026-10-08T16:09:26.5371976Z test navigation_reads_headers_only ... ok
stable / test and specification	UNKNOWN STEP	2026-10-08T16:09:26.5398175Z test navigation_reports_round_trip_through_their_json_shape ... ok
stable / test and specification	UNKNOWN STEP	2026-10-08T16:09:26.5401982Z test no_match_is_an_empty_answer_and_not_a_failure ... ok
stable / test and specification	UNKNOWN STEP	2026-10-08T16:09:26.5408822Z test overloads_are_answered_with_every_candidate_until_a_descriptor_is_given ... ok
stable / test and specification	UNKNOWN STEP	2026-10-08T16:09:26.5418806Z test the_same_class_at_two_origins_stays_two_items ... ok
stable / test and specification	UNKNOWN STEP	2026-10-08T16:09:26.5422721Z test two_spellings_of_one_name_bind_the_same_definition ... ok
stable / test and specification	UNKNOWN STEP	2026-10-08T16:09:26.5423213Z 
stable / test and specification	UNKNOWN STEP	2026-10-08T16:09:26.5423701Z test result: ok. 20 passed; 0 failed; 0 ignored; 0 measured; 0 filtered out; finished in 0.01s
stable / test and specification	UNKNOWN STEP	2026-10-08T16:09:26.5424615Z 
stable / test and specification	UNKNOWN STEP	2026-10-08T16:09:26.5427556Z ^[[1m^[[92m     Running^[[0m tests/nested_class_literal_values.rs (target/debug/deps/nested_class_literal_values-bcbe637e5d896ea6)
stable / test and specification	UNKNOWN STEP	2026-10-08T16:09:26.5507735Z 
stable / test and specification	UNKNOWN STEP	2026-10-08T16:09:26.5507967Z running 10 tests
stable / test and specification	UNKNOWN STEP	2026-10-08T16:09:27.2869377Z test a_literal_dollar_top_level_name_stays_pool_spelled_and_runs ... ok
stable / test and specification	UNKNOWN STEP	2026-10-08T16:09:28.3474413Z test a_refused_fold_reruns_the_structural_reader_and_the_family_stays_loud ... ok
stable / test and specification	UNKNOWN STEP	2026-10-08T16:09:28.3549605Z test a_standalone_read_refuses_structural_reads_over_its_own_pool_spelled_member ... ok
stable / test and specification	UNKNOWN STEP	2026-10-08T16:09:29.0203707Z test array_class_literals_of_a_member_admit_and_the_folded_family_runs_like_the_original ... ok
stable / test and specification	UNKNOWN STEP	2026-10-08T16:09:29.0357894Z test deep_chain_structural_reads_refuse_but_the_name_form_recovers ... ok
stable / test and specification	UNKNOWN STEP	2026-10-08T16:09:29.0424075Z test local_class_literals_stay_out_of_the_provable_subset ... ok
stable / test and specification	UNKNOWN STEP	2026-10-08T16:09:29.6950473Z test nested_class_literals_recover_and_the_folded_family_runs_like_the_original ... ok
stable / test and specification	UNKNOWN STEP	2026-10-08T16:09:30.4666790Z test reflected_annotation_reads_recover_and_the_family_project_runs_like_the_original ... ok
stable / test and specification	UNKNOWN STEP	2026-10-08T16:09:31.2885030Z test reflected_compound_annotation_reads_recover_and_run_like_the_original ... ok
stable / test and specification	UNKNOWN STEP	2026-10-08T16:09:31.9807356Z test top_level_class_literals_keep_their_five_forms_and_run_like_the_original ... ok
stable / test and specification	UNKNOWN STEP	2026-10-08T16:09:31.9807885Z 
stable / test and specification	UNKNOWN STEP	2026-10-08T16:09:31.9808386Z test result: ok. 10 passed; 0 failed; 0 ignored; 0 measured; 0 filtered out; finished in 5.43s
stable / test and specification	UNKNOWN STEP	2026-10-08T16:09:31.9808855Z 
stable / test and specification	UNKNOWN STEP	2026-10-08T16:09:31.9821262Z ^[[1m^[[92m     Running^[[0m tests/nested_generic_header_projection.rs (target/debug/deps/nested_generic_header_projection-9c60686ccc5c9b9d)
stable / test and specification	UNKNOWN STEP	2026-10-08T16:09:31.9908432Z 
stable / test and specification	UNKNOWN STEP	2026-10-08T16:09:31.9908812Z running 6 tests
stable / test and specification	UNKNOWN STEP	2026-10-08T16:09:32.5892014Z test budget_stop_keeps_the_physical_nested_header ... ok
stable / test and specification	UNKNOWN STEP	2026-10-08T16:09:33.7971893Z test folded_family_carries_the_nested_generic_header_and_scope ... ok
stable / test and specification	UNKNOWN STEP	2026-10-08T16:09:34.3267254Z test join_failure_row_keeps_the_refusal_chain ... ok
stable / test and specification	UNKNOWN STEP	2026-10-08T16:09:34.8602185Z test owner_local_of_the_child_type_keeps_the_fold_open_and_the_unit_projected ... ok
stable / test and specification	UNKNOWN STEP	2026-10-08T16:09:41.8160107Z test separated_nested_generic_units_project_the_header_and_member_scope ... ok
stable / test and specification	UNKNOWN STEP	2026-10-08T16:09:42.9141519Z test top_level_generic_header_and_plain_fold_shapes_are_unchanged ... ok
stable / test and specification	UNKNOWN STEP	2026-10-08T16:09:42.9141925Z 
stable / test and specification	UNKNOWN STEP	2026-10-08T16:09:42.9142351Z test result: ok. 6 passed; 0 failed; 0 ignored; 0 measured; 0 filtered out; finished in 10.92s
stable / test and specification	UNKNOWN STEP	2026-10-08T16:09:42.9142728Z 
stable / test and specification	UNKNOWN STEP	2026-10-08T16:09:42.9155339Z ^[[1m^[[92m     Running^[[0m tests/nested_type_source_spelling.rs (target/debug/deps/nested_type_source_spelling-9216e1fed28a42f5)
stable / test and specification	UNKNOWN STEP	2026-10-08T16:09:42.9232273Z 
stable / test and specification	UNKNOWN STEP	2026-10-08T16:09:42.9232523Z running 6 tests
stable / test and specification	UNKNOWN STEP	2026-10-08T16:09:43.0170583Z test a_refused_fold_keeps_the_pool_spelling_of_the_member ... ok
stable / test and specification	UNKNOWN STEP	2026-10-08T16:09:43.6718768Z test cross_class_nested_references_spell_dotted_in_every_position ... ok
stable / test and specification	UNKNOWN STEP	2026-10-08T16:09:44.4347666Z test nested_enum_references_spell_as_source_and_the_family_recompiles ... ok
stable / test and specification	UNKNOWN STEP	2026-10-08T16:09:44.4524941Z test packaged_deep_chains_spell_dotted_and_self_nested_keeps_the_pool_name ... ok
stable / test and specification	UNKNOWN STEP	2026-10-08T16:09:45.1117000Z test static_nested_class_and_interface_positions_spell_dotted ... ok
stable / test and specification	UNKNOWN STEP	2026-10-08T16:09:45.1192055Z test synthetic_anonymous_names_stay_verbatim ... ok
stable / test and specification	UNKNOWN STEP	2026-10-08T16:09:45.1192557Z 
stable / test and specification	UNKNOWN STEP	2026-10-08T16:09:45.1193338Z test result: ok. 6 passed; 0 failed; 0 ignored; 0 measured; 0 filtered out; finished in 2.20s
stable / test and specification	UNKNOWN STEP	2026-10-08T16:09:45.1194349Z 
stable / test and specification	UNKNOWN STEP	2026-10-08T16:09:45.1208518Z ^[[1m^[[92m     Running^[[0m tests/ordinary_generic_projection.rs (target/debug/deps/ordinary_generic_projection-5faacfcff6b6a0d0)
stable / test and specification	UNKNOWN STEP	2026-10-08T16:09:45.1292815Z 
stable / test and specification	UNKNOWN STEP	2026-10-08T16:09:45.1293026Z running 14 tests
stable / test and specification	UNKNOWN STEP	2026-10-08T16:09:46.9944490Z test bounded_class_variable_on_bodyless_interface_preserves_reflection ... ok
stable / test and specification	UNKNOWN STEP	2026-10-08T16:09:47.5927246Z test budget_and_cancellation_never_publish_a_partial_parameterized_header ... ok
stable / test and specification	UNKNOWN STEP	2026-10-08T16:09:49.2633213Z test class_variable_and_unproved_body_keep_their_separate_evidence ... ok
stable / test and specification	UNKNOWN STEP	2026-10-08T16:09:51.1276325Z test class_variable_direct_return_preserves_generic_caller_and_reflection ... ok
stable / test and specification	UNKNOWN STEP	2026-10-08T16:09:51.6427240Z test class_variable_header_is_atomic_across_evidence_and_budget ... ok
stable / test and specification	UNKNOWN STEP	2026-10-08T16:09:52.2060268Z test evidence_selection_preserves_source_and_independent_method_reports ... ok
stable / test and specification	UNKNOWN STEP	2026-10-08T16:09:53.3065929Z test frozen_identity_shapes_and_raw_control_project_together ... ok
stable / test and specification	UNKNOWN STEP	2026-10-08T16:09:55.7672231Z test interface_bodyless_method_keeps_its_generic_return ... ok
stable / test and specification	UNKNOWN STEP	2026-10-08T16:09:58.2482226Z test ordinary_wildcards_instance_and_bodyless_members_are_complete ... ok
stable / test and specification	UNKNOWN STEP	2026-10-08T16:09:58.8116501Z test parameter_reassignment_cannot_use_the_identity_body_proof ... ok
stable / test and specification	UNKNOWN STEP	2026-10-08T16:09:59.3292963Z test parameterized_parent_does_not_publish_an_unproved_class_variable_header ... ok
stable / test and specification	UNKNOWN STEP	2026-10-08T16:10:00.0168720Z test same_class_overload_caller_proves_the_target_projection ... ok
stable / test and specification	UNKNOWN STEP	2026-10-08T16:10:00.5796631Z test type_use_annotation_is_a_whole_declaration_refusal ... ok
stable / test and specification	UNKNOWN STEP	2026-10-08T16:10:01.6885291Z test varargs_exception_and_method_annotation_keep_their_positions ... ok
stable / test and specification	UNKNOWN STEP	2026-10-08T16:10:01.6885781Z 
stable / test and specification	UNKNOWN STEP	2026-10-08T16:10:01.6886615Z test result: ok. 14 passed; 0 failed; 0 ignored; 0 measured; 0 filtered out; finished in 16.56s
stable / test and specification	UNKNOWN STEP	2026-10-08T16:10:01.6887572Z 
stable / test and specification	UNKNOWN STEP	2026-10-08T16:10:01.6899662Z ^[[1m^[[92m     Running^[[0m tests/p1_active_facts.rs (target/debug/deps/p1_active_facts-594eacdff9b4d7d8)
stable / test and specification	UNKNOWN STEP	2026-10-08T16:10:01.6973020Z 
stable / test and specification	UNKNOWN STEP	2026-10-08T16:10:01.6973591Z running 7 tests
stable / test and specification	UNKNOWN STEP	2026-10-08T16:10:01.7088831Z test a_class_crossing_its_ceiling_is_refused_before_it_is_materialized ... ok
stable / test and specification	UNKNOWN STEP	2026-10-08T16:10:01.7129339Z test a_container_is_read_again_only_after_its_last_consumer_let_go ... ok
stable / test and specification	UNKNOWN STEP	2026-10-08T16:10:01.7147083Z test a_directory_record_that_understates_its_class_stops_the_read_at_the_ceiling ... ok
stable / test and specification	UNKNOWN STEP	2026-10-08T16:10:01.7573614Z test a_scope_walk_reads_the_container_once_whatever_its_store_is_doing ... ok
stable / test and specification	UNKNOWN STEP	2026-10-08T16:10:01.7622321Z test one_preparation_produces_one_pool_for_every_method_of_its_class ... ok
stable / test and specification	UNKNOWN STEP	2026-10-08T16:10:01.8842583Z test the_bulk_operation_bills_the_container_once_in_every_store_configuration ... ok
stable / test and specification	UNKNOWN STEP	2026-10-08T16:10:01.8854589Z test the_jvm_consumers_share_the_prepared_bundle_instead_of_copying_it ... ok
stable / test and specification	UNKNOWN STEP	2026-10-08T16:10:01.8856790Z 
stable / test and specification	UNKNOWN STEP	2026-10-08T16:10:01.8860434Z test result: ok. 7 passed; 0 failed; 0 ignored; 0 measured; 0 filtered out; finished in 0.19s
stable / test and specification	UNKNOWN STEP	2026-10-08T16:10:01.8861318Z 
stable / test and specification	UNKNOWN STEP	2026-10-08T16:10:01.8865297Z ^[[1m^[[92m     Running^[[0m tests/p1_artifact_tree.rs (target/debug/deps/p1_artifact_tree-afc4844989a674f0)
stable / test and specification	UNKNOWN STEP	2026-10-08T16:10:01.8916650Z 
stable / test and specification	UNKNOWN STEP	2026-10-08T16:10:01.8917128Z running 14 tests
stable / test and specification	UNKNOWN STEP	2026-10-08T16:10:01.8967905Z test boot_and_war_library_names_require_exact_prefix_case_direct_path_and_lowercase_jar ... ok
stable / test and specification	UNKNOWN STEP	2026-10-08T16:10:01.8988719Z test boot_tree_is_explicit_and_nested_entry_is_replayable_without_intermediate_output ... ok
stable / test and specification	UNKNOWN STEP	2026-10-08T16:10:01.8994336Z test budget_and_precancellation_return_non_complete_reliable_prefixes ... ok
stable / test and specification	UNKNOWN STEP	2026-10-08T16:10:01.8998939Z test child_enumeration_failure_keeps_failed_report_parent_provenance_and_valid_sibling ... ok
stable / test and specification	UNKNOWN STEP	2026-10-08T16:10:01.9009803Z test depth_limit_skips_each_candidate_at_its_parent_ordinal ... ok
stable / test and specification	UNKNOWN STEP	2026-10-08T16:10:01.9019153Z test duplicate_nested_entries_derive_distinct_child_and_inner_identities ... ok
stable / test and specification	UNKNOWN STEP	2026-10-08T16:10:01.9027853Z test forged_nested_origins_and_metadata_are_rejected ... ok
stable / test and specification	UNKNOWN STEP	2026-10-08T16:10:01.9034342Z test local_error_then_entry_bytes_budget_reports_the_actual_terminal_budget ... ok
stable / test and specification	UNKNOWN STEP	2026-10-08T16:10:01.9044446Z test malformed_and_unsupported_children_do_not_erase_valid_siblings ... ok
stable / test and specification	UNKNOWN STEP	2026-10-08T16:10:01.9052573Z test nested_depth_is_a_high_water_mark_and_preserves_siblings ... ok
stable / test and specification	UNKNOWN STEP	2026-10-08T16:10:01.9060520Z test nested_replay_preserves_depth_entry_count_and_cancellation_errors_without_result_items ... ok
stable / test and specification	UNKNOWN STEP	2026-10-08T16:10:01.9062075Z test prefix_result_item_exhaustion_skips_all_remaining_root_candidates ... ok
stable / test and specification	UNKNOWN STEP	2026-10-08T16:10:01.9065436Z test result_item_exhaustion_before_second_child_report_keeps_pending_coverage_and_provenance ... ok
stable / test and specification	UNKNOWN STEP	2026-10-08T16:10:01.9069006Z test war_and_ordinary_nested_layout_are_physical_evidence_only ... ok
stable / test and specification	UNKNOWN STEP	2026-10-08T16:10:01.9069617Z 
stable / test and specification	UNKNOWN STEP	2026-10-08T16:10:01.9071900Z test result: ok. 14 passed; 0 failed; 0 ignored; 0 measured; 0 filtered out; finished in 0.02s
stable / test and specification	UNKNOWN STEP	2026-10-08T16:10:01.9074010Z 
stable / test and specification	UNKNOWN STEP	2026-10-08T16:10:01.9074812Z ^[[1m^[[92m     Running^[[0m tests/p1_budget_ledger.rs (target/debug/deps/p1_budget_ledger-246dd6b969e54801)
stable / test and specification	UNKNOWN STEP	2026-10-08T16:10:01.9081616Z 
stable / test and specification	UNKNOWN STEP	2026-10-08T16:10:01.9084216Z running 17 tests
stable / test and specification	UNKNOWN STEP	2026-10-08T16:10:01.9089177Z test a_budget_without_a_ledger_keeps_the_direct_path ... ok
stable / test and specification	UNKNOWN STEP	2026-10-08T16:10:01.9107846Z test a_hammered_dimension_admits_exactly_its_limit_and_never_one_more ... ok
stable / test and specification	UNKNOWN STEP	2026-10-08T16:10:01.9117147Z test a_later_operation_on_one_request_folds_the_first_ones_total ... ok
stable / test and specification	UNKNOWN STEP	2026-10-08T16:10:01.9128243Z test a_local_limit_stops_that_work_and_leaves_the_operation_alone ... ok
stable / test and specification	UNKNOWN STEP	2026-10-08T16:10:01.9135990Z test a_permit_taken_before_a_cancellation_is_still_billed ... ok
stable / test and specification	UNKNOWN STEP	2026-10-08T16:10:01.9142949Z test a_quota_refusal_is_the_operations_stop ... ok
stable / test and specification	UNKNOWN STEP	2026-10-08T16:10:01.9149906Z test a_refused_entry_is_reported_with_the_quota_it_needed ... ok
stable / test and specification	UNKNOWN STEP	2026-10-08T16:10:01.9158117Z test a_worker_can_state_which_part_of_the_operation_its_next_work_is ... ok
stable / test and specification	UNKNOWN STEP	2026-10-08T16:10:01.9166336Z test an_overflowing_request_is_refused_rather_than_wrapped ... ok
stable / test and specification	UNKNOWN STEP	2026-10-08T16:10:01.9166989Z test depth_marks_take_the_deepest_value_per_owner ... ok
stable / test and specification	UNKNOWN STEP	2026-10-08T16:10:01.9167672Z test one_ledger_is_one_total_for_every_worker ... ok
stable / test and specification	UNKNOWN STEP	2026-10-08T16:10:02.1123585Z test the_elapsed_clock_is_the_operations_and_not_the_sum_of_worker_time ... ok
stable / test and specification	UNKNOWN STEP	2026-10-08T16:10:02.1131150Z test the_entry_depths_are_part_of_the_operation_and_its_own_work_can_exceed_them ... ok
stable / test and specification	UNKNOWN STEP	2026-10-08T16:10:02.1136086Z test the_entry_usage_counts_against_the_operation_and_is_never_reset ... ok
stable / test and specification	UNKNOWN STEP	2026-10-08T16:10:02.1139717Z test the_first_stop_is_published_and_later_observations_do_not_replace_it ... ok
stable / test and specification	UNKNOWN STEP	2026-10-08T16:10:02.1145944Z ^[[1m^[[92m     Running^[[0m tests/p1_multi_release.rs (target/debug/deps/p1_multi_release-d7a339f780019508)
stable / test and specification	UNKNOWN STEP	2026-10-08T16:10:02.1149639Z test the_total_reports_every_entry_and_the_observation_moves_no_number ... ok
stable / test and specification	UNKNOWN STEP	2026-10-08T16:10:02.1154127Z test two_workers_race_for_the_last_quota_and_the_refused_one_is_not_billed ... ok
stable / test and specification	UNKNOWN STEP	2026-10-08T16:10:02.1157344Z 
stable / test and specification	UNKNOWN STEP	2026-10-08T16:10:02.1162710Z test result: ok. 17 passed; 0 failed; 0 ignored; 0 measured; 0 filtered out; finished in 0.21s
stable / test and specification	UNKNOWN STEP	2026-10-08T16:10:02.1165484Z 
stable / test and specification	UNKNOWN STEP	2026-10-08T16:10:02.1203423Z 
stable / test and specification	UNKNOWN STEP	2026-10-08T16:10:02.1206225Z running 29 tests
stable / test and specification	UNKNOWN STEP	2026-10-08T16:10:02.1288836Z test a06_selects_root_11_and_17_and_marks_the_other_variants ... ok
stable / test and specification	UNKNOWN STEP	2026-10-08T16:10:02.1295643Z test a06_without_v17_falls_back_to_v11_and_without_manifest_to_base ... ok
stable / test and specification	UNKNOWN STEP	2026-10-08T16:10:02.1314556Z test artifact_tree_keeps_reports_for_children_the_physical_aggregate_already_stopped ... ok
stable / test and specification	UNKNOWN STEP	2026-10-08T16:10:02.1315778Z test budget_exhaustion_is_partial_and_never_fakes_completion ... ok
stable / test and specification	UNKNOWN STEP	2026-10-08T16:10:02.1317279Z test cancellation_stops_before_any_faked_selection ... ok
stable / test and specification	UNKNOWN STEP	2026-10-08T16:10:02.1340925Z test class_compliance_diagnostics_do_not_rewrite_path_selection ... ok
stable / test and specification	UNKNOWN STEP	2026-10-08T16:10:02.1344378Z test container_reservation_failure_declares_every_known_ordinal_skipped ... ok
stable / test and specification	UNKNOWN STEP	2026-10-08T16:10:02.1350822Z test container_without_enumerated_ordinals_produces_no_manifest_claim ... ok
stable / test and specification	UNKNOWN STEP	2026-10-08T16:10:02.1355222Z test disabled_policy_and_low_target_inactivate_versioned_entries ... ok
stable / test and specification	UNKNOWN STEP	2026-10-08T16:10:02.1366339Z test duplicate_candidates_are_ambiguous_and_never_first_wins ... ok
stable / test and specification	UNKNOWN STEP	2026-10-08T16:10:02.1367850Z test empty_container_completes_without_entries_or_manifest ... ok
stable / test and specification	UNKNOWN STEP	2026-10-08T16:10:02.1371523Z test empty_manifest_is_malformed_and_never_activates_multi_release ... ok
stable / test and specification	UNKNOWN STEP	2026-10-08T16:10:02.1375464Z test interrupted_item_budget_outranks_the_custom_policy_verdict ... ok
stable / test and specification	UNKNOWN STEP	2026-10-08T16:10:02.1379995Z test interrupted_predecessor_probe_keeps_base_not_applicable ... ok
stable / test and specification	UNKNOWN STEP	2026-10-08T16:10:02.1400638Z test invalid_version_paths_keep_physical_evidence_and_one_diagnostic_each ... ok
stable / test and specification	UNKNOWN STEP	2026-10-08T16:10:02.1404810Z test invalid_view_inputs_are_rejected_with_stable_codes ... ok
stable / test and specification	UNKNOWN STEP	2026-10-08T16:10:02.1409348Z test item_exhaustion_refuses_later_domain_diagnostics_and_evidence ... ok
stable / test and specification	UNKNOWN STEP	2026-10-08T16:10:02.1415249Z test items_exhausted_during_root_processing_declare_the_child_ordinals_skipped ... ok
stable / test and specification	UNKNOWN STEP	2026-10-08T16:10:02.1453657Z test manifest_evidence_states_and_path_diagnostics ... ok
stable / test and specification	UNKNOWN STEP	2026-10-08T16:10:02.1459634Z test missing_base_reports_the_closed_no_selection_reason ... ok
stable / test and specification	UNKNOWN STEP	2026-10-08T16:10:02.1474905Z test physical_evidence_is_the_single_provider_result_it_reports ... ok
stable / test and specification	UNKNOWN STEP	2026-10-08T16:10:02.1486724Z test physical_scope_controls_nested_multi_release_inspection ... ok
stable / test and specification	UNKNOWN STEP	2026-10-08T16:10:02.1502035Z test release_nine_is_a_legal_version_directory_and_selects_at_target_nine ... ok
stable / test and specification	UNKNOWN STEP	2026-10-08T16:10:02.1578577Z test report_json_round_trips_and_mr_owned_types_are_closed ... ok
stable / test and specification	UNKNOWN STEP	2026-10-08T16:10:02.1583024Z test selection_item_exhaustion_keeps_the_proven_prefix_and_stops ... ok
stable / test and specification	UNKNOWN STEP	2026-10-08T16:10:02.1587237Z test selections_follow_the_group_minimum_ordinal_not_path_bytes ... ok
stable / test and specification	UNKNOWN STEP	2026-10-08T16:10:02.1590817Z test truncated_physical_enumeration_after_the_manifest_keeps_its_decision_evidence ... ok
stable / test and specification	UNKNOWN STEP	2026-10-08T16:10:02.1592147Z test typed_diagnostic_rejects_unknown_fields_codes_and_severity_mismatch ... ok
stable / test and specification	UNKNOWN STEP	2026-10-08T16:10:02.1596080Z test unsupported_policies_preserve_candidates_without_a_selected_fact ... ok
stable / test and specification	UNKNOWN STEP	2026-10-08T16:10:02.1596509Z 
stable / test and specification	UNKNOWN STEP	2026-10-08T16:10:02.1596900Z test result: ok. 29 passed; 0 failed; 0 ignored; 0 measured; 0 filtered out; finished in 0.04s
stable / test and specification	UNKNOWN STEP	2026-10-08T16:10:02.1597276Z 
stable / test and specification	UNKNOWN STEP	2026-10-08T16:10:02.1602104Z ^[[1m^[[92m     Running^[[0m tests/p1_prepared_class.rs (target/debug/deps/p1_prepared_class-f23e107013d48259)
stable / test and specification	UNKNOWN STEP	2026-10-08T16:10:02.1651657Z 
stable / test and specification	UNKNOWN STEP	2026-10-08T16:10:02.1651988Z running 12 tests
stable / test and specification	UNKNOWN STEP	2026-10-08T16:10:02.1741943Z test a_content_that_disagrees_with_its_record_is_refused_before_any_byte ... ok
stable / test and specification	UNKNOWN STEP	2026-10-08T16:10:02.1749158Z test a_damaged_class_declaration_is_an_error ... ok
stable / test and specification	UNKNOWN STEP	2026-10-08T16:10:02.1758179Z test a_damaged_member_table_publishes_the_stop_and_no_body_verdict ... ok
stable / test and specification	UNKNOWN STEP	2026-10-08T16:10:02.1768910Z test a_nested_class_is_read_through_its_own_container_chain ... ok
stable / test and specification	UNKNOWN STEP	2026-10-08T16:10:02.1770936Z test a_prepared_class_publishes_the_reads_identity ... ok
stable / test and specification	UNKNOWN STEP	2026-10-08T16:10:02.1776032Z test a_prepared_read_survives_a_cleared_or_zero_capacity_cache ... ok
stable / test and specification	UNKNOWN STEP	2026-10-08T16:10:02.1783569Z test a_real_fixture_class_decodes_every_method_like_the_single_method_path ... ok
stable / test and specification	UNKNOWN STEP	2026-10-08T16:10:02.1787402Z test absent_duplicate_and_single_code_entries_keep_the_codes_of_the_single_method_path ... ok
stable / test and specification	UNKNOWN STEP	2026-10-08T16:10:02.1793205Z test container_backing_hands_out_the_container_that_was_read ... ok
stable / test and specification	UNKNOWN STEP	2026-10-08T16:10:02.1797310Z test one_class_read_is_enough_for_every_method_of_the_class ... ok
stable / test and specification	UNKNOWN STEP	2026-10-08T16:10:02.1819429Z test stored_and_deflated_entries_both_decode_like_the_single_method_path ... ok
stable / test and specification	UNKNOWN STEP	2026-10-08T16:10:02.1821905Z test the_locator_keeps_every_duplicate_declaration_and_decodes_none_of_them ... ok
stable / test and specification	UNKNOWN STEP	2026-10-08T16:10:02.1822266Z 
stable / test and specification	UNKNOWN STEP	2026-10-08T16:10:02.1822753Z test result: ok. 12 passed; 0 failed; 0 ignored; 0 measured; 0 filtered out; finished in 0.02s
stable / test and specification	UNKNOWN STEP	2026-10-08T16:10:02.1823180Z 
stable / test and specification	UNKNOWN STEP	2026-10-08T16:10:02.1826159Z ^[[1m^[[92m     Running^[[0m tests/p1_query_api.rs (target/debug/deps/p1_query_api-9285a0f102f7fb3a)
stable / test and specification	UNKNOWN STEP	2026-10-08T16:10:02.1894212Z 
stable / test and specification	UNKNOWN STEP	2026-10-08T16:10:02.1894427Z running 23 tests
stable / test and specification	UNKNOWN STEP	2026-10-08T16:10:02.2006053Z test a18_open_snapshot_stays_stable_and_a_reopened_one_rejects_old_cursors ... ok
stable / test and specification	UNKNOWN STEP	2026-10-08T16:10:02.2019388Z test budget_interruption_resumes_at_the_published_boundary ... ok
stable / test and specification	UNKNOWN STEP	2026-10-08T16:10:02.2027387Z test cancellation_is_never_reported_as_complete ... ok
stable / test and specification	UNKNOWN STEP	2026-10-08T16:10:02.2034371Z test cursor_for_another_target_is_rejected_before_the_scan ... ok
stable / test and specification	UNKNOWN STEP	2026-10-08T16:10:02.2061682Z test cursor_mismatches_bind_snapshot_view_relation_and_schema ... ok
stable / test and specification	UNKNOWN STEP	2026-10-08T16:10:02.2093971Z test cursor_rejects_every_target_change ... ok
stable / test and specification	UNKNOWN STEP	2026-10-08T16:10:02.2105578Z test manifest_line_endings_are_handled_without_losing_the_continuation_rule ... ok
stable / test and specification	UNKNOWN STEP	2026-10-08T16:10:02.2139476Z test page_size_does_not_change_query_identity ... ok
stable / test and specification	UNKNOWN STEP	2026-10-08T16:10:02.2156792Z test pagination_continuation_reproduces_one_full_scan ... ok
stable / test and specification	UNKNOWN STEP	2026-10-08T16:10:02.2195434Z test reports_round_trip_as_tagged_json_without_unknown_fields ... ok
stable / test and specification	UNKNOWN STEP	2026-10-08T16:10:02.2199601Z test request_validation_uses_stable_codes ... ok
stable / test and specification	UNKNOWN STEP	2026-10-08T16:10:02.2219951Z test resource_consumer_reports_manifest_and_service_facts ... ok
stable / test and specification	UNKNOWN STEP	2026-10-08T16:10:02.2228792Z test resource_scan_respects_relation_and_consumer_schema ... ok
stable / test and specification	UNKNOWN STEP	2026-10-08T16:10:02.2233813Z test result_item_budget_keeps_the_reliable_prefix ... ok
stable / test and specification	UNKNOWN STEP	2026-10-08T16:10:02.2235944Z test standalone_class_snapshot_uses_class_offset_coverage ... ok
stable / test and specification	UNKNOWN STEP	2026-10-08T16:10:02.2242965Z test unsupported_categories_do_not_change_scanned_evidence ... ok
stable / test and specification	UNKNOWN STEP	2026-10-08T16:10:02.2256118Z test unsupported_relation_candidates_page_without_repeats_or_gaps ... ok
stable / test and specification	UNKNOWN STEP	2026-10-08T16:10:02.2261277Z test unsupported_relation_candidates_use_the_ordinary_item_budget ... ok
stable / test and specification	UNKNOWN STEP	2026-10-08T16:10:02.2264395Z test unsupported_relation_keeps_candidates_for_a_standalone_class ... ok
stable / test and specification	UNKNOWN STEP	2026-10-08T16:10:02.2270270Z test unsupported_relations_do_not_expand_a_pool_owner ... ok
stable / test and specification	UNKNOWN STEP	2026-10-08T16:10:02.2281548Z test unsupported_relations_keep_raw_constant_pool_candidates ... ok
stable / test and specification	UNKNOWN STEP	2026-10-08T16:10:02.2290455Z test unsupported_relations_report_candidates_even_when_a_call_consumes_one ... ok
stable / test and specification	UNKNOWN STEP	2026-10-08T16:10:02.2296888Z test unsupported_relations_report_the_analysis_state_without_resolving ... ok
stable / test and specification	UNKNOWN STEP	2026-10-08T16:10:02.2297383Z 
stable / test and specification	UNKNOWN STEP	2026-10-08T16:10:02.2297886Z test result: ok. 23 passed; 0 failed; 0 ignored; 0 measured; 0 filtered out; finished in 0.04s
stable / test and specification	UNKNOWN STEP	2026-10-08T16:10:02.2298364Z 
stable / test and specification	UNKNOWN STEP	2026-10-08T16:10:02.2302901Z ^[[1m^[[92m     Running^[[0m tests/p1_query_bounds.rs (target/debug/deps/p1_query_bounds-6e195182ab86b721)
stable / test and specification	UNKNOWN STEP	2026-10-08T16:10:02.2357115Z 
stable / test and specification	UNKNOWN STEP	2026-10-08T16:10:02.2357301Z running 5 tests
stable / test and specification	UNKNOWN STEP	2026-10-08T16:10:02.2439306Z test cancellation_at_the_high_fanout_unit_boundary_publishes_nothing ... ok
stable / test and specification	UNKNOWN STEP	2026-10-08T16:10:02.3409311Z test high_fanout_pages_splice_back_to_the_whole_scan ... ok
stable / test and specification	UNKNOWN STEP	2026-10-08T16:10:02.3530359Z test result_budget_publishes_the_reliable_prefix_of_a_high_fanout_entry ... ok
stable / test and specification	UNKNOWN STEP	2026-10-08T16:10:02.3640932Z test the_per_unit_accumulation_is_bounded_by_the_input_dimensions ... ok
stable / test and specification	UNKNOWN STEP	2026-10-08T16:10:02.3656968Z test the_within_bound_rejects_every_dimension_over_its_limit ... ok
stable / test and specification	UNKNOWN STEP	2026-10-08T16:10:02.3657370Z 
stable / test and specification	UNKNOWN STEP	2026-10-08T16:10:02.3657888Z test result: ok. 5 passed; 0 failed; 0 ignored; 0 measured; 0 filtered out; finished in 0.13s
stable / test and specification	UNKNOWN STEP	2026-10-08T16:10:02.3658386Z 
stable / test and specification	UNKNOWN STEP	2026-10-08T16:10:02.3663513Z ^[[1m^[[92m     Running^[[0m tests/p1_query_demand.rs (target/debug/deps/p1_query_demand-f904ea2c3ced6340)
stable / test and specification	UNKNOWN STEP	2026-10-08T16:10:02.3710968Z 
stable / test and specification	UNKNOWN STEP	2026-10-08T16:10:02.3711286Z running 6 tests
stable / test and specification	UNKNOWN STEP	2026-10-08T16:10:02.3832693Z test a_page_that_ends_at_a_member_boundary_does_not_decode_it_again ... ok
stable / test and specification	UNKNOWN STEP	2026-10-08T16:10:02.3857704Z test a_replayed_prefix_is_never_published_twice ... ok
stable / test and specification	UNKNOWN STEP	2026-10-08T16:10:02.3898553Z test a_small_page_stops_before_the_work_behind_it ... ok
stable / test and specification	UNKNOWN STEP	2026-10-08T16:10:02.3926334Z test a_small_resource_page_stops_before_the_containers_behind_it ... ok
stable / test and specification	UNKNOWN STEP	2026-10-08T16:10:02.4172326Z test the_continuation_splices_back_to_the_unpaged_scan ... ok
stable / test and specification	UNKNOWN STEP	2026-10-08T16:10:02.4223593Z test the_whole_resource_traversal_pays_for_every_container_it_reaches ... ok
stable / test and specification	UNKNOWN STEP	2026-10-08T16:10:02.4224442Z 
stable / test and specification	UNKNOWN STEP	2026-10-08T16:10:02.4225145Z test result: ok. 6 passed; 0 failed; 0 ignored; 0 measured; 0 filtered out; finished in 0.05s
stable / test and specification	UNKNOWN STEP	2026-10-08T16:10:02.4225791Z 
stable / test and specification	UNKNOWN STEP	2026-10-08T16:10:02.4229654Z ^[[1m^[[92m     Running^[[0m tests/p1_query_model.rs (target/debug/deps/p1_query_model-7c6798b5691e1b19)
stable / test and specification	UNKNOWN STEP	2026-10-08T16:10:02.4281139Z 
stable / test and specification	UNKNOWN STEP	2026-10-08T16:10:02.4281360Z running 6 tests
stable / test and specification	UNKNOWN STEP	2026-10-08T16:10:02.4296410Z test consumer_schema_is_canonical_and_all_query_relations_round_trip ... ok
stable / test and specification	UNKNOWN STEP	2026-10-08T16:10:02.4303481Z test directed_nested_origins_preserve_edges_and_distinguish_duplicate_parents ... ok
stable / test and specification	UNKNOWN STEP	2026-10-08T16:10:02.4308383Z test load_domain_keeps_policy_root_order_and_uncertainty_in_identity ... ok
stable / test and specification	UNKNOWN STEP	2026-10-08T16:10:02.4309624Z test physical_variants_coexist_while_runtime_views_only_declare_requests ... ok
stable / test and specification	UNKNOWN STEP	2026-10-08T16:10:02.4312046Z test standalone_and_archive_locations_round_trip_without_synthetic_entries ... ok
stable / test and specification	UNKNOWN STEP	2026-10-08T16:10:02.4315144Z test unknown_runtime_modes_round_trip_without_degrading_to_known_values ... ok
stable / test and specification	UNKNOWN STEP	2026-10-08T16:10:02.4315854Z 
stable / test and specification	UNKNOWN STEP	2026-10-08T16:10:02.4316752Z test result: ok. 6 passed; 0 failed; 0 ignored; 0 measured; 0 filtered out; finished in 0.00s
stable / test and specification	UNKNOWN STEP	2026-10-08T16:10:02.4317250Z 
stable / test and specification	UNKNOWN STEP	2026-10-08T16:10:02.4318085Z ^[[1m^[[92m     Running^[[0m tests/p1_query_planes.rs (target/debug/deps/p1_query_planes-8a05d164a4ba004f)
stable / test and specification	UNKNOWN STEP	2026-10-08T16:10:02.4326597Z 
stable / test and specification	UNKNOWN STEP	2026-10-08T16:10:02.4326790Z running 5 tests
stable / test and specification	UNKNOWN STEP	2026-10-08T16:10:02.4345539Z test a_container_the_page_never_reaches_is_unknown_and_not_empty ... ok
stable / test and specification	UNKNOWN STEP	2026-10-08T16:10:02.4353499Z test a_cursor_is_refused_unless_it_describes_the_binding_that_issued_it ... ok
stable / test and specification	UNKNOWN STEP	2026-10-08T16:10:02.4364168Z test a_damaged_class_candidate_is_reported_when_the_page_reads_it ... ok
stable / test and specification	UNKNOWN STEP	2026-10-08T16:10:02.4370547Z test a_full_page_a_cancellation_and_a_budget_stop_are_three_states ... ok
stable / test and specification	UNKNOWN STEP	2026-10-08T16:10:02.4373363Z test a_root_directory_that_does_not_parse_is_refused_as_a_whole ... ok
stable / test and specification	UNKNOWN STEP	2026-10-08T16:10:02.4373963Z 
stable / test and specification	UNKNOWN STEP	2026-10-08T16:10:02.4374717Z test result: ok. 5 passed; 0 failed; 0 ignored; 0 measured; 0 filtered out; finished in 0.00s
stable / test and specification	UNKNOWN STEP	2026-10-08T16:10:02.4375291Z 
stable / test and specification	UNKNOWN STEP	2026-10-08T16:10:02.4376504Z ^[[1m^[[92m     Running^[[0m tests/p1_query_positions.rs (target/debug/deps/p1_query_positions-2ce144df15f22c60)
stable / test and specification	UNKNOWN STEP	2026-10-08T16:10:02.4429088Z 
stable / test and specification	UNKNOWN STEP	2026-10-08T16:10:02.4429337Z running 5 tests
stable / test and specification	UNKNOWN STEP	2026-10-08T16:10:02.4570167Z test a_page_inside_the_bootstrap_step_names_it_and_replays_only_its_prefix ... ok
stable / test and specification	UNKNOWN STEP	2026-10-08T16:10:02.4609892Z test a_page_inside_the_metadata_step_names_it_and_replays_only_its_prefix ... ok
stable / test and specification	UNKNOWN STEP	2026-10-08T16:10:02.4622426Z test a_page_inside_the_resource_step_names_it_over_a_tree_scope ... ok
stable / test and specification	UNKNOWN STEP	2026-10-08T16:10:02.4703534Z test mixed_consumers_share_one_cursor_and_one_item_order ... ok
stable / test and specification	UNKNOWN STEP	2026-10-08T16:10:02.4712083Z test unimplemented_categories_are_stated_without_changing_the_scanned_facts ... ok
stable / test and specification	UNKNOWN STEP	2026-10-08T16:10:02.4712812Z 
stable / test and specification	UNKNOWN STEP	2026-10-08T16:10:02.4713299Z test result: ok. 5 passed; 0 failed; 0 ignored; 0 measured; 0 filtered out; finished in 0.03s
stable / test and specification	UNKNOWN STEP	2026-10-08T16:10:02.4713987Z 
stable / test and specification	UNKNOWN STEP	2026-10-08T16:10:02.4717064Z ^[[1m^[[92m     Running^[[0m tests/p1_reader_facts.rs (target/debug/deps/p1_reader_facts-db443e7554f49d2b)
stable / test and specification	UNKNOWN STEP	2026-10-08T16:10:02.4755594Z 
stable / test and specification	UNKNOWN STEP	2026-10-08T16:10:02.4755831Z running 3 tests
stable / test and specification	UNKNOWN STEP	2026-10-08T16:10:02.4782783Z test public_bytecode_path_keeps_its_result_and_charge_shape ... ok
stable / test and specification	UNKNOWN STEP	2026-10-08T16:10:02.4784202Z test public_entry_points_report_budget_hits_and_cancellation_as_errors ... ok
stable / test and specification	UNKNOWN STEP	2026-10-08T16:10:02.4785734Z test public_header_path_keeps_its_result_and_charge_shape ... ok
stable / test and specification	UNKNOWN STEP	2026-10-08T16:10:02.4786063Z 
stable / test and specification	UNKNOWN STEP	2026-10-08T16:10:02.4786480Z test result: ok. 3 passed; 0 failed; 0 ignored; 0 measured; 0 filtered out; finished in 0.00s
stable / test and specification	UNKNOWN STEP	2026-10-08T16:10:02.4786921Z 
stable / test and specification	UNKNOWN STEP	2026-10-08T16:10:02.4788872Z ^[[1m^[[92m     Running^[[0m tests/p1_scope_cursor.rs (target/debug/deps/p1_scope_cursor-289c6091d1d8b952)
stable / test and specification	UNKNOWN STEP	2026-10-08T16:10:02.4834864Z 
stable / test and specification	UNKNOWN STEP	2026-10-08T16:10:02.4835172Z running 12 tests
stable / test and specification	UNKNOWN STEP	2026-10-08T16:10:02.4918419Z test a_cancellation_after_a_candidate_keeps_the_prefix_it_confirmed ... ok
stable / test and specification	UNKNOWN STEP	2026-10-08T16:10:02.4930862Z test a_cancelled_request_stops_the_cursor_at_the_next_entry ... ok
stable / test and specification	UNKNOWN STEP	2026-10-08T16:10:02.4945409Z test a_cancelled_request_yields_nothing_at_all_not_even_the_first_candidate ... ok
stable / test and specification	UNKNOWN STEP	2026-10-08T16:10:02.4950981Z test a_container_the_walk_cannot_read_leaves_its_subtree_unknown ... ok
stable / test and specification	UNKNOWN STEP	2026-10-08T16:10:02.4965228Z test a_nested_depth_limit_is_reported_the_way_the_tree_walk_reports_it ... ok
stable / test and specification	UNKNOWN STEP	2026-10-08T16:10:02.4967197Z test a_root_container_that_cannot_be_read_is_an_error ... ok
stable / test and specification	UNKNOWN STEP	2026-10-08T16:10:02.4969238Z test a_standalone_snapshot_reports_its_scope_complete_only_behind_its_one_root ... ok
stable / test and specification	UNKNOWN STEP	2026-10-08T16:10:02.4971212Z test a_standalone_snapshot_yields_its_root_and_refuses_a_tree_scope ... ok
stable / test and specification	UNKNOWN STEP	2026-10-08T16:10:02.4988458Z test a_walk_that_has_not_reached_the_end_reports_a_prefix_not_a_denominator ... ok
stable / test and specification	UNKNOWN STEP	2026-10-08T16:10:02.4999575Z test a_whole_snapshot_scope_is_the_root_containers_own_entries ... ok
stable / test and specification	UNKNOWN STEP	2026-10-08T16:10:02.5010145Z test an_artifact_tree_scope_of_another_root_container_is_refused ... ok
stable / test and specification	UNKNOWN STEP	2026-10-08T16:10:02.5026799Z test the_cursor_yields_the_tree_walks_candidates_in_the_same_order ... ok
stable / test and specification	UNKNOWN STEP	2026-10-08T16:10:02.5027126Z 
stable / test and specification	UNKNOWN STEP	2026-10-08T16:10:02.5027730Z test result: ok. 12 passed; 0 failed; 0 ignored; 0 measured; 0 filtered out; finished in 0.02s
stable / test and specification	UNKNOWN STEP	2026-10-08T16:10:02.5028113Z 
stable / test and specification	UNKNOWN STEP	2026-10-08T16:10:02.5030777Z ^[[1m^[[92m     Running^[[0m tests/p1_xref_bootstrap.rs (target/debug/deps/p1_xref_bootstrap-c51c1e619bb44c86)
stable / test and specification	UNKNOWN STEP	2026-10-08T16:10:02.5083198Z 
stable / test and specification	UNKNOWN STEP	2026-10-08T16:10:02.5083358Z running 28 tests
stable / test and specification	UNKNOWN STEP	2026-10-08T16:10:02.5157760Z test a_class_without_a_dynamic_use_site_never_reads_the_table ... ok
stable / test and specification	UNKNOWN STEP	2026-10-08T16:10:02.5181593Z test a_condy_chain_past_the_derived_bound_stops_with_a_diagnostic ... ok
stable / test and specification	UNKNOWN STEP	2026-10-08T16:10:02.5185683Z test a_condy_chain_within_the_derived_bound_completes ... ok
stable / test and specification	UNKNOWN STEP	2026-10-08T16:10:02.5204378Z test a_custom_bootstrap_claims_no_final_target ... ok
stable / test and specification	UNKNOWN STEP	2026-10-08T16:10:02.5205340Z test a_cycle_is_reported_instead_of_followed ... ok
stable / test and specification	UNKNOWN STEP	2026-10-08T16:10:02.5209738Z test a_member_with_broken_code_does_not_hide_another_member_site ... ok
stable / test and specification	UNKNOWN STEP	2026-10-08T16:10:02.5221212Z test a_missing_duplicated_or_broken_table_is_a_structured_stop ... ok
stable / test and specification	UNKNOWN STEP	2026-10-08T16:10:02.5236157Z test a_page_continuation_replays_the_bootstrap_items_without_repetition ... ok
stable / test and specification	UNKNOWN STEP	2026-10-08T16:10:02.5240540Z test a_real_metafactory_site_is_linkable_and_traces_the_implementation_handle ... ok
stable / test and specification	UNKNOWN STEP	2026-10-08T16:10:02.5251595Z test a_real_metafactory_site_keeps_every_static_argument_in_its_own_position ... ok
stable / test and specification	UNKNOWN STEP	2026-10-08T16:10:02.5268985Z test a_truncated_class_candidate_fails_with_its_entry_origin ... ok
stable / test and specification	UNKNOWN STEP	2026-10-08T16:10:02.5295611Z test a_type_only_request_reaches_a_type_a_bootstrap_descriptor_names ... ok
stable / test and specification	UNKNOWN STEP	2026-10-08T16:10:02.5306575Z test an_entry_only_an_unused_table_entry_reaches_produces_no_fact ... ok
stable / test and specification	UNKNOWN STEP	2026-10-08T16:10:02.5318549Z test an_implementation_handle_is_never_reported_as_a_call ... ok
stable / test and specification	UNKNOWN STEP	2026-10-08T16:10:02.5333068Z test bootstrap_descriptors_report_their_types_with_the_edge_that_reached_them ... ok
stable / test and specification	UNKNOWN STEP	2026-10-08T16:10:02.5345512Z test bootstrap_table_entries_no_use_site_reaches_produce_nothing ... ok
stable / test and specification	UNKNOWN STEP	2026-10-08T16:10:02.5364117Z test every_declared_static_argument_of_the_sample_keeps_its_position_and_value ... ok
stable / test and specification	UNKNOWN STEP	2026-10-08T16:10:02.5370962Z test every_use_site_keeps_its_own_path_to_a_shared_deeper_node ... ok
stable / test and specification	UNKNOWN STEP	2026-10-08T16:10:02.5377471Z test nested_condy_reports_both_levels_and_one_fact_per_shared_subgraph ... ok
stable / test and specification	UNKNOWN STEP	2026-10-08T16:10:02.5387596Z test result_items_and_code_bytes_stops_keep_the_reliable_prefix ... ok
stable / test and specification	UNKNOWN STEP	2026-10-08T16:10:02.5404915Z test the_bootstrap_table_is_read_only_when_its_category_is_requested ... ok
stable / test and specification	UNKNOWN STEP	2026-10-08T16:10:02.5417770Z test the_class_candidate_rule_is_case_sensitive_and_shared ... ok
stable / test and specification	UNKNOWN STEP	2026-10-08T16:10:02.5426329Z test the_raw_pool_probe_never_produces_a_bootstrap_edge ... ok
stable / test and specification	UNKNOWN STEP	2026-10-08T16:10:02.5435763Z test the_same_request_twice_reports_the_same_items_and_paths ... ok
stable / test and specification	UNKNOWN STEP	2026-10-08T16:10:02.5442052Z test the_sample_site_traces_its_declared_implementation_argument ... ok
stable / test and specification	UNKNOWN STEP	2026-10-08T16:10:02.5443187Z test the_structural_sample_is_not_a_linkable_bootstrap ... ok
stable / test and specification	UNKNOWN STEP	2026-10-08T16:10:02.5447836Z test the_whole_ldc_family_opens_a_deferred_graph ... ok
stable / test and specification	UNKNOWN STEP	2026-10-08T16:10:02.5480050Z test unused_bootstrap_entries_and_type_only_requests_keep_the_table_deferred ... ok
stable / test and specification	UNKNOWN STEP	2026-10-08T16:10:02.5480847Z 
stable / test and specification	UNKNOWN STEP	2026-10-08T16:10:02.5481230Z test result: ok. 28 passed; 0 failed; 0 ignored; 0 measured; 0 filtered out; finished in 0.04s
stable / test and specification	UNKNOWN STEP	2026-10-08T16:10:02.5481636Z 
stable / test and specification	UNKNOWN STEP	2026-10-08T16:10:02.5484436Z ^[[1m^[[92m     Running^[[0m tests/p1_xref_code.rs (target/debug/deps/p1_xref_code-abe4bca8c964da45)
stable / test and specification	UNKNOWN STEP	2026-10-08T16:10:02.5545896Z 
stable / test and specification	UNKNOWN STEP	2026-10-08T16:10:02.5547324Z running 28 tests
stable / test and specification	UNKNOWN STEP	2026-10-08T16:10:02.5651225Z test a_class_candidate_names_the_bytes_that_make_it_damaged ... ok
stable / test and specification	UNKNOWN STEP	2026-10-08T16:10:02.5654744Z test a_class_candidate_outside_the_requested_categories_is_not_scanned ... ok
stable / test and specification	UNKNOWN STEP	2026-10-08T16:10:02.5663997Z test a_code_bytes_stop_keeps_the_prefix_it_already_billed ... ok
stable / test and specification	UNKNOWN STEP	2026-10-08T16:10:02.5668809Z test a_linear_scan_reads_trailing_dead_bytes_without_reachability_analysis ... ok
stable / test and specification	UNKNOWN STEP	2026-10-08T16:10:02.5677050Z test a_malformed_descriptor_of_a_used_entry_is_a_structured_stop ... ok
stable / test and specification	UNKNOWN STEP	2026-10-08T16:10:02.5715718Z test a_nested_truncated_candidate_bounds_pages_budgets_and_cancellation ... ok
stable / test and specification	UNKNOWN STEP	2026-10-08T16:10:02.5723654Z test a_truncated_class_candidate_fails_with_its_entry_origin ... ok
stable / test and specification	UNKNOWN STEP	2026-10-08T16:10:02.5738261Z test a_used_method_type_descriptor_reports_its_types ... ok
stable / test and specification	UNKNOWN STEP	2026-10-08T16:10:02.5745961Z test a_value_relation_reports_consumers_and_never_pool_candidates ... ok
stable / test and specification	UNKNOWN STEP	2026-10-08T16:10:02.5750314Z test an_undecodable_member_is_reported_without_hiding_the_other_members ... ok
stable / test and specification	UNKNOWN STEP	2026-10-08T16:10:02.5788488Z test descriptor_types_of_handles_sites_and_condy_come_from_the_use_site ... ok
stable / test and specification	UNKNOWN STEP	2026-10-08T16:10:02.5798856Z test exception_handlers_keep_their_ordinal_protected_range_and_handler_bci ... ok
stable / test and specification	UNKNOWN STEP	2026-10-08T16:10:02.5807331Z test field_accesses_keep_read_write_and_static_instance_distinct ... ok
stable / test and specification	UNKNOWN STEP	2026-10-08T16:10:02.5811768Z test invocation_item_keeps_the_complete_symbol_and_its_byte_coordinates ... ok
stable / test and specification	UNKNOWN STEP	2026-10-08T16:10:02.5833103Z test invocation_kinds_and_dynamic_sites_keep_operation_and_position ... ok
stable / test and specification	UNKNOWN STEP	2026-10-08T16:10:02.5867723Z test loads_report_the_value_and_the_symbol_they_consume ... ok
stable / test and specification	UNKNOWN STEP	2026-10-08T16:10:02.5873460Z test one_class_read_and_no_result_items_per_instruction ... ok
stable / test and specification	UNKNOWN STEP	2026-10-08T16:10:02.5890648Z test page_continuation_replays_the_code_items_in_position_order ... ok
stable / test and specification	UNKNOWN STEP	2026-10-08T16:10:02.5907559Z test raw_probe_distinguishes_values_and_bit_patterns ... ok
stable / test and specification	UNKNOWN STEP	2026-10-08T16:10:02.5914286Z test raw_probe_matches_the_bytes_and_values_the_pool_really_stores ... ok
stable / test and specification	UNKNOWN STEP	2026-10-08T16:10:02.5917958Z test references_in_unreachable_code_are_still_reported ... ok
stable / test and specification	UNKNOWN STEP	2026-10-08T16:10:02.5927750Z test result_items_and_cancellation_stop_without_unbilled_items ... ok
stable / test and specification	UNKNOWN STEP	2026-10-08T16:10:02.5938509Z test symbol_matching_stays_exact_and_does_not_expand_the_owner ... ok
stable / test and specification	UNKNOWN STEP	2026-10-08T16:10:02.5950244Z test the_class_candidate_rule_is_case_sensitive_and_shared ... ok
stable / test and specification	UNKNOWN STEP	2026-10-08T16:10:02.5968294Z test type_operations_keep_the_operation_that_consumed_the_type ... ok
stable / test and specification	UNKNOWN STEP	2026-10-08T16:10:02.6006730Z test unrequested_categories_produce_no_items ... ok
stable / test and specification	UNKNOWN STEP	2026-10-08T16:10:02.6028443Z test unused_constant_pool_entries_are_candidates_but_never_calls ... ok
stable / test and specification	UNKNOWN STEP	2026-10-08T16:10:02.6056564Z test zip_scan_reads_the_class_entry_and_never_other_entries ... ok
stable / test and specification	UNKNOWN STEP	2026-10-08T16:10:02.6057136Z 
stable / test and specification	UNKNOWN STEP	2026-10-08T16:10:02.6057962Z test result: ok. 28 passed; 0 failed; 0 ignored; 0 measured; 0 filtered out; finished in 0.05s
stable / test and specification	UNKNOWN STEP	2026-10-08T16:10:02.6058679Z 
stable / test and specification	UNKNOWN STEP	2026-10-08T16:10:02.6061691Z ^[[1m^[[92m     Running^[[0m tests/p1_xref_golden.rs (target/debug/deps/p1_xref_golden-60240c1e1051a095)
stable / test and specification	UNKNOWN STEP	2026-10-08T16:10:02.6120922Z 
stable / test and specification	UNKNOWN STEP	2026-10-08T16:10:02.6121218Z running 5 tests
stable / test and specification	UNKNOWN STEP	2026-10-08T16:10:02.6310520Z test bootstrap_golden_replays_the_compiled_lambda ... ok
stable / test and specification	UNKNOWN STEP	2026-10-08T16:10:02.6347995Z test code_golden_replays_the_unused_pool_contrast_and_the_call_coordinates ... ok
stable / test and specification	UNKNOWN STEP	2026-10-08T16:10:02.6397469Z test metadata_golden_replays_single_and_combined_categories ... ok
stable / test and specification	UNKNOWN STEP	2026-10-08T16:10:02.6528651Z test multi_release_golden_replays_three_views_and_one_physical_query ... ok
stable / test and specification	UNKNOWN STEP	2026-10-08T16:10:02.6572517Z test nested_golden_replays_stored_and_deflated_origins ... ok
stable / test and specification	UNKNOWN STEP	2026-10-08T16:10:02.6577016Z 
stable / test and specification	UNKNOWN STEP	2026-10-08T16:10:02.6577697Z test result: ok. 5 passed; 0 failed; 0 ignored; 0 measured; 0 filtered out; finished in 0.05s
stable / test and specification	UNKNOWN STEP	2026-10-08T16:10:02.6578689Z 
stable / test and specification	UNKNOWN STEP	2026-10-08T16:10:02.6579501Z ^[[1m^[[92m     Running^[[0m tests/p1_xref_metadata.rs (target/debug/deps/p1_xref_metadata-9bb82e47191a9f14)
stable / test and specification	UNKNOWN STEP	2026-10-08T16:10:02.6590878Z 
stable / test and specification	UNKNOWN STEP	2026-10-08T16:10:02.6591088Z running 35 tests
stable / test and specification	UNKNOWN STEP	2026-10-08T16:10:02.6599185Z test a_class_signature_needs_a_class_type_signature ... ok
stable / test and specification	UNKNOWN STEP	2026-10-08T16:10:02.6604640Z test a_compiled_code_type_annotation_is_found_without_decoding_the_body ... ok
stable / test and specification	UNKNOWN STEP	2026-10-08T16:10:02.6612109Z test a_compiled_generic_return_signature_is_read ... ok
stable / test and specification	UNKNOWN STEP	2026-10-08T16:10:02.6617990Z test a_compiled_record_component_annotation_is_found_at_its_own_position ... ok
stable / test and specification	UNKNOWN STEP	2026-10-08T16:10:02.6632046Z test a_compiled_throws_signature_reports_only_its_class_type ... ok
stable / test and specification	UNKNOWN STEP	2026-10-08T16:10:02.6643233Z test a_compiled_throws_type_variable_is_read_without_an_item ... ok
stable / test and specification	UNKNOWN STEP	2026-10-08T16:10:02.6654807Z test a_compiled_type_variable_result_is_not_a_class_reference ... ok
stable / test and specification	UNKNOWN STEP	2026-10-08T16:10:02.6658146Z test a_flat_annotation_prefix_keeps_its_class_offset ... ok
stable / test and specification	UNKNOWN STEP	2026-10-08T16:10:02.6675680Z test a_method_signature_grammar_still_rejects_malformed_content ... ok
stable / test and specification	UNKNOWN STEP	2026-10-08T16:10:02.6687956Z test a_nested_structure_that_fails_publishes_none_of_its_facts ... ok
stable / test and specification	UNKNOWN STEP	2026-10-08T16:10:02.6695751Z test a_truncated_class_candidate_fails_with_its_entry_origin ... ok
stable / test and specification	UNKNOWN STEP	2026-10-08T16:10:02.6711020Z test ambiguous_pool_bytes_degrade_the_evidence_honestly ... ok
stable / test and specification	UNKNOWN STEP	2026-10-08T16:10:02.6754638Z test annotation_attributes_cover_visible_invisible_type_parameter_and_default ... ok
stable / test and specification	UNKNOWN STEP	2026-10-08T16:10:02.6767913Z test archive_entries_are_scanned_only_when_they_are_class_files ... ok
stable / test and specification	UNKNOWN STEP	2026-10-08T16:10:02.6772460Z test code_nested_structure_is_read_only_when_the_position_is_requested ... ok
stable / test and specification	UNKNOWN STEP	2026-10-08T16:10:02.6784480Z test code_type_annotations_are_read_without_decoding_the_body ... ok
stable / test and specification	UNKNOWN STEP	2026-10-08T16:10:02.6793187Z test constant_values_are_reported_as_values_only ... ok
stable / test and specification	UNKNOWN STEP	2026-10-08T16:10:02.6803510Z test each_parser_reports_its_own_malformed_content ... ok
stable / test and specification	UNKNOWN STEP	2026-10-08T16:10:02.6823283Z test frozen_method_signature_boundaries_remain_queryable ... ok
stable / test and specification	UNKNOWN STEP	2026-10-08T16:10:02.6926442Z test generic_signatures_follow_their_own_grammar ... ok
stable / test and specification	UNKNOWN STEP	2026-10-08T16:10:02.6939851Z test inner_nest_relations_keep_their_kind ... ok
stable / test and specification	UNKNOWN STEP	2026-10-08T16:10:02.6944781Z test malformed_metadata_content_is_a_structured_stop ... ok
stable / test and specification	UNKNOWN STEP	2026-10-08T16:10:02.6974516Z test member_descriptors_report_each_object_type_once ... ok
stable / test and specification	UNKNOWN STEP	2026-10-08T16:10:02.7023645Z test metadata_only_types_hit_only_their_requested_category ... ok
stable / test and specification	UNKNOWN STEP	2026-10-08T16:10:02.7031821Z test module_uses_and_provides_are_class_nodes_on_module_info_only ... ok
stable / test and specification	UNKNOWN STEP	2026-10-08T16:10:02.7049543Z test record_component_annotations_are_read_without_a_signature_request ... ok
stable / test and specification	UNKNOWN STEP	2026-10-08T16:10:02.7054810Z test record_component_declaration_must_agree_with_its_content ... ok
stable / test and specification	UNKNOWN STEP	2026-10-08T16:10:02.7069430Z test record_component_signatures_survive_their_declared_length ... ok
stable / test and specification	UNKNOWN STEP	2026-10-08T16:10:02.7082965Z test requested_verification_and_debug_never_claim_a_complete_schema ... ok
stable / test and specification	UNKNOWN STEP	2026-10-08T16:10:02.7099799Z test scans_are_deterministic_and_paginate_without_gaps ... ok
stable / test and specification	UNKNOWN STEP	2026-10-08T16:10:02.7119100Z test shared_method_signature_grammar_keeps_valid_negative_shape_xrefs ... ok
stable / test and specification	UNKNOWN STEP	2026-10-08T16:10:02.7127755Z test the_class_candidate_rule_is_case_sensitive_and_shared ... ok
stable / test and specification	UNKNOWN STEP	2026-10-08T16:10:02.7143214Z test this_class_is_not_a_self_use_but_super_and_interfaces_are ... ok
stable / test and specification	UNKNOWN STEP	2026-10-08T16:10:02.7151703Z test tight_budgets_and_cancellation_keep_the_reliable_prefix ... ok
stable / test and specification	UNKNOWN STEP	2026-10-08T16:10:02.7160734Z test unrequested_categories_are_not_read_and_unknown_attributes_stay_invisible ... ok
stable / test and specification	UNKNOWN STEP	2026-10-08T16:10:02.7161393Z 
stable / test and specification	UNKNOWN STEP	2026-10-08T16:10:02.7161834Z test result: ok. 35 passed; 0 failed; 0 ignored; 0 measured; 0 filtered out; finished in 0.06s
stable / test and specification	UNKNOWN STEP	2026-10-08T16:10:02.7162279Z 
stable / test and specification	UNKNOWN STEP	2026-10-08T16:10:02.7165005Z ^[[1m^[[92m     Running^[[0m tests/p1_xref_properties.rs (target/debug/deps/p1_xref_properties-3f3672e9b26d4639)
stable / test and specification	UNKNOWN STEP	2026-10-08T16:10:02.7231601Z 
stable / test and specification	UNKNOWN STEP	2026-10-08T16:10:02.7232257Z running 4 tests
stable / test and specification	UNKNOWN STEP	2026-10-08T16:10:02.7760302Z test combined_categories_equal_the_single_category_union ... ok
stable / test and specification	UNKNOWN STEP	2026-10-08T16:10:02.8244491Z test identical_bytes_keep_distinct_origins ... ok
stable / test and specification	UNKNOWN STEP	2026-10-08T16:10:02.8426689Z test paged_continuations_splice_to_the_full_run ... ok
stable / test and specification	UNKNOWN STEP	2026-10-08T16:10:02.9474715Z test unused_constant_pool_insertion_keeps_mentions_unchanged ... ok
stable / test and specification	UNKNOWN STEP	2026-10-08T16:10:02.9475304Z 
stable / test and specification	UNKNOWN STEP	2026-10-08T16:10:02.9475992Z test result: ok. 4 passed; 0 failed; 0 ignored; 0 measured; 0 filtered out; finished in 0.22s
stable / test and specification	UNKNOWN STEP	2026-10-08T16:10:02.9476699Z 
stable / test and specification	UNKNOWN STEP	2026-10-08T16:10:02.9480020Z ^[[1m^[[92m     Running^[[0m tests/p2_canonical.rs (target/debug/deps/p2_canonical-d495bf77c53201e6)
stable / test and specification	UNKNOWN STEP	2026-10-08T16:10:02.9543854Z 
stable / test and specification	UNKNOWN STEP	2026-10-08T16:10:02.9544143Z running 8 tests
stable / test and specification	UNKNOWN STEP	2026-10-08T16:10:02.9648104Z test a_cancelled_request_claims_no_canonical_artifact ... ok
stable / test and specification	UNKNOWN STEP	2026-10-08T16:10:02.9801970Z test a_jsr_on_an_exception_path_and_nested_calls_normalize ... ok
stable / test and specification	UNKNOWN STEP	2026-10-08T16:10:02.9803161Z test a_jump_into_a_protected_region_canonicalizes ... ok
stable / test and specification	UNKNOWN STEP	2026-10-08T16:10:02.9828355Z test an_exact_clone_budget_completes_and_one_less_falls_back ... ok
stable / test and specification	UNKNOWN STEP	2026-10-08T16:10:02.9837348Z test an_exhausted_step_budget_falls_back_with_the_normalization_code ... ok
stable / test and specification	UNKNOWN STEP	2026-10-08T16:10:02.9897648Z test the_historical_finally_normalizes_with_one_clone_per_call_site ... ok
stable / test and specification	UNKNOWN STEP	2026-10-08T16:10:02.9906184Z test the_modern_dialect_has_no_clone_to_bill ... ok
stable / test and specification	UNKNOWN STEP	2026-10-08T16:10:02.9924911Z test the_p1_query_coordinates_are_unchanged_by_a_canonical_run ... ok
stable / test and specification	UNKNOWN STEP	2026-10-08T16:10:02.9925241Z 
stable / test and specification	UNKNOWN STEP	2026-10-08T16:10:02.9925621Z test result: ok. 8 passed; 0 failed; 0 ignored; 0 measured; 0 filtered out; finished in 0.04s
stable / test and specification	UNKNOWN STEP	2026-10-08T16:10:02.9925982Z 
stable / test and specification	UNKNOWN STEP	2026-10-08T16:10:02.9931326Z ^[[1m^[[92m     Running^[[0m tests/p2_cfg.rs (target/debug/deps/p2_cfg-9857b9f2d5538bbe)
stable / test and specification	UNKNOWN STEP	2026-10-08T16:10:02.9947978Z 
stable / test and specification	UNKNOWN STEP	2026-10-08T16:10:02.9948182Z running 12 tests
stable / test and specification	UNKNOWN STEP	2026-10-08T16:10:02.9954091Z test a_class_whose_header_cannot_be_read_fabricates_no_method_result ... ok
stable / test and specification	UNKNOWN STEP	2026-10-08T16:10:02.9960023Z test a_complete_body_completes_the_two_implemented_phases ... ok
stable / test and specification	UNKNOWN STEP	2026-10-08T16:10:02.9968953Z test a_driver_definition_the_declared_loader_does_not_bind_stops_the_body_pass ... ok
stable / test and specification	UNKNOWN STEP	2026-10-08T16:10:02.9973021Z test a_foreign_method_identity_fails_the_body_pass_under_its_own_code ... ok
stable / test and specification	UNKNOWN STEP	2026-10-08T16:10:02.9977842Z test a_jsr_subroutine_body_still_has_raw_transfers ... ok
stable / test and specification	UNKNOWN STEP	2026-10-08T16:10:02.9982408Z test a_member_that_declares_no_body_is_a_fact_and_not_a_failed_pass ... ok
stable / test and specification	UNKNOWN STEP	2026-10-08T16:10:02.9986954Z test a_truncated_body_analyzes_its_reliable_prefix ... ok
stable / test and specification	UNKNOWN STEP	2026-10-08T16:10:02.9991305Z test a_truncated_body_whose_targets_cannot_be_validated_is_not_read_as_corrupt ... ok
stable / test and specification	UNKNOWN STEP	2026-10-08T16:10:02.9995585Z test an_ir_budget_stop_keeps_the_completed_prefix ... ok
stable / test and specification	UNKNOWN STEP	2026-10-08T16:10:03.0004281Z test the_p1_query_coordinates_are_unchanged_by_a_raw_cfg_run ... ok
stable / test and specification	UNKNOWN STEP	2026-10-08T16:10:03.0013255Z test the_same_request_publishes_the_same_report ... ok
stable / test and specification	UNKNOWN STEP	2026-10-08T16:10:03.0027962Z test two_members_of_one_class_are_answered_about_themselves ... ok
stable / test and specification	UNKNOWN STEP	2026-10-08T16:10:03.0028300Z 
stable / test and specification	UNKNOWN STEP	2026-10-08T16:10:03.0028688Z test result: ok. 12 passed; 0 failed; 0 ignored; 0 measured; 0 filtered out; finished in 0.01s
stable / test and specification	UNKNOWN STEP	2026-10-08T16:10:03.0029065Z 
stable / test and specification	UNKNOWN STEP	2026-10-08T16:10:03.0032097Z ^[[1m^[[92m     Running^[[0m tests/p2_closure.rs (target/debug/deps/p2_closure-e868226365ccec96)
stable / test and specification	UNKNOWN STEP	2026-10-08T16:10:03.0106147Z 
stable / test and specification	UNKNOWN STEP	2026-10-08T16:10:03.0106415Z running 10 tests
stable / test and specification	UNKNOWN STEP	2026-10-08T16:10:03.0261908Z test a_budget_stop_keeps_every_record_inside_the_charged_attempts ... ok
stable / test and specification	UNKNOWN STEP	2026-10-08T16:10:03.0304753Z test a_class_lookup_records_the_header_it_read ... ok
stable / test and specification	UNKNOWN STEP	2026-10-08T16:10:03.0309718Z test a_damaged_candidate_is_charged_and_never_recorded ... ok
stable / test and specification	UNKNOWN STEP	2026-10-08T16:10:03.0319412Z test a_member_symbol_is_searchable_and_reads_only_the_classes_it_needs ... ok
stable / test and specification	UNKNOWN STEP	2026-10-08T16:10:03.0321767Z test a_pre_cancelled_request_reports_cancelled_and_reads_nothing ... ok
stable / test and specification	UNKNOWN STEP	2026-10-08T16:10:03.0326574Z test a_read_is_recorded_for_the_definition_whose_bytes_were_read ... ok
stable / test and specification	UNKNOWN STEP	2026-10-08T16:10:03.0331618Z test a_request_for_a_class_that_has_a_body_reads_no_code_byte ... ok
stable / test and specification	UNKNOWN STEP	2026-10-08T16:10:03.0340119Z test byte_equal_definitions_under_two_loaders_stay_two_records ... ok
stable / test and specification	UNKNOWN STEP	2026-10-08T16:10:03.0345503Z test every_indistinguishable_candidate_of_one_position_is_recorded ... ok
stable / test and specification	UNKNOWN STEP	2026-10-08T16:10:03.0358402Z test the_other_two_reports_also_publish_their_reads ... ok
stable / test and specification	UNKNOWN STEP	2026-10-08T16:10:03.0358934Z 
stable / test and specification	UNKNOWN STEP	2026-10-08T16:10:03.0359579Z test result: ok. 10 passed; 0 failed; 0 ignored; 0 measured; 0 filtered out; finished in 0.03s
stable / test and specification	UNKNOWN STEP	2026-10-08T16:10:03.0360063Z 
stable / test and specification	UNKNOWN STEP	2026-10-08T16:10:03.0364272Z ^[[1m^[[92m     Running^[[0m tests/p2_contracts.rs (target/debug/deps/p2_contracts-11c9b60cf79b1c43)
stable / test and specification	UNKNOWN STEP	2026-10-08T16:10:03.0441618Z 
stable / test and specification	UNKNOWN STEP	2026-10-08T16:10:03.0441858Z running 30 tests
stable / test and specification	UNKNOWN STEP	2026-10-08T16:10:03.0564643Z test all_lists_are_complete_and_align_with_the_serde_names ... ok
stable / test and specification	UNKNOWN STEP	2026-10-08T16:10:03.0645409Z test an_unread_body_is_not_inspected_never_a_body_fact ... ok
stable / test and specification	UNKNOWN STEP	2026-10-08T16:10:03.0648194Z test analysis_request_must_name_at_least_one_stage ... ok
stable / test and specification	UNKNOWN STEP	2026-10-08T16:10:03.0671838Z test body_state_and_subject_shapes_are_pinned ... ok
stable / test and specification	UNKNOWN STEP	2026-10-08T16:10:03.0695580Z test caller_context_must_name_the_loader_of_its_own_domain ... ok
stable / test and specification	UNKNOWN STEP	2026-10-08T16:10:03.0701628Z test caller_domain_must_be_equal_to_the_domain_declared_under_the_same_loader ... ok
stable / test and specification	UNKNOWN STEP	2026-10-08T16:10:03.0707639Z test closed_sets_serialize_as_snake_case_strings ... ok
stable / test and specification	UNKNOWN STEP	2026-10-08T16:10:03.0712309Z test declaration_reference_query_reports_its_stop_instead_of_an_empty_answer ... ok
stable / test and specification	UNKNOWN STEP	2026-10-08T16:10:03.0716777Z test engine_query_keeps_its_p1_identity_coordinates_and_billing ... ok
stable / test and specification	UNKNOWN STEP	2026-10-08T16:10:03.0719632Z test entries_charge_nothing_and_read_no_bytes ... ok
stable / test and specification	UNKNOWN STEP	2026-10-08T16:10:03.0726449Z test environment_problems_of_different_codes_keep_their_declaration_order ... ok
stable / test and specification	UNKNOWN STEP	2026-10-08T16:10:03.0731171Z test every_analysis_stage_is_requestable_and_schedules_its_own_prefix ... ok
stable / test and specification	UNKNOWN STEP	2026-10-08T16:10:03.0734265Z test external_roots_are_unreadable_declarations_not_missing_content ... ok
stable / test and specification	UNKNOWN STEP	2026-10-08T16:10:03.0737847Z test loader_uniqueness_covers_repeated_and_undeclared_caller_domains ... ok
stable / test and specification	UNKNOWN STEP	2026-10-08T16:10:03.0809209Z test method_analysis_normalizes_the_request_and_schedules_the_prerequisites ... ok
stable / test and specification	UNKNOWN STEP	2026-10-08T16:10:03.0812422Z test missing_parent_domain_is_reported_and_resolves_nothing ... ok
stable / test and specification	UNKNOWN STEP	2026-10-08T16:10:03.0816415Z test parent_cycle_is_reported_for_every_domain_in_the_cycle ... ok
stable / test and specification	UNKNOWN STEP	2026-10-08T16:10:03.0821659Z test payload_enums_use_the_kind_tag_and_round_trip ... ok
stable / test and specification	UNKNOWN STEP	2026-10-08T16:10:03.1594283Z test physical_entry_modules_do_not_reference_the_p2_modules ... ok
stable / test and specification	UNKNOWN STEP	2026-10-08T16:10:04.0876405Z test physical_entry_modules_do_not_reference_the_recovery_layer ... ok
stable / test and specification	UNKNOWN STEP	2026-10-08T16:10:04.0880741Z test provider_roots_must_be_listed_by_a_participating_domain ... ok
stable / test and specification	UNKNOWN STEP	2026-10-08T16:10:04.0883333Z test reference_use_must_describe_the_same_member_kind_as_the_target ... ok
stable / test and specification	UNKNOWN STEP	2026-10-08T16:10:04.0886116Z test request_snapshot_must_be_one_of_the_provided_snapshots ... ok
stable / test and specification	UNKNOWN STEP	2026-10-08T16:10:04.0908589Z test requests_and_identity_reject_unknown_fields_and_round_trip ... ok
stable / test and specification	UNKNOWN STEP	2026-10-08T16:10:04.0911380Z test resolution_stops_a_member_request_at_its_first_budgeted_step ... ok
stable / test and specification	UNKNOWN STEP	2026-10-08T16:10:04.0922369Z test result_planes_are_reported_side_by_side_and_never_inferred ... ok
stable / test and specification	UNKNOWN STEP	2026-10-08T16:10:04.0926195Z test roots_without_provided_content_are_reported_by_index ... ok
stable / test and specification	UNKNOWN STEP	2026-10-08T16:10:04.3266974Z test the_a17_guard_detects_rewritten_references_and_added_files ... ok
stable / test and specification	UNKNOWN STEP	2026-10-08T16:10:04.3274207Z test unsupported_module_modes_and_delegations_are_policy_problems ... ok
stable / test and specification	UNKNOWN STEP	2026-10-08T16:10:04.3276483Z test valid_environment_reports_no_problem_and_keeps_the_declaration_order ... ok
stable / test and specification	UNKNOWN STEP	2026-10-08T16:10:04.3277044Z 
stable / test and specification	UNKNOWN STEP	2026-10-08T16:10:04.3277435Z test result: ok. 30 passed; 0 failed; 0 ignored; 0 measured; 0 filtered out; finished in 1.28s
stable / test and specification	UNKNOWN STEP	2026-10-08T16:10:04.3277804Z 
stable / test and specification	UNKNOWN STEP	2026-10-08T16:10:04.3290097Z ^[[1m^[[92m     Running^[[0m tests/p2_declaration_refs.rs (target/debug/deps/p2_declaration_refs-567d32a64af22a99)
stable / test and specification	UNKNOWN STEP	2026-10-08T16:10:04.3342508Z 
stable / test and specification	UNKNOWN STEP	2026-10-08T16:10:04.3342736Z running 34 tests
stable / test and specification	UNKNOWN STEP	2026-10-08T16:10:04.3469621Z test a_bootstrap_member_argument_stays_undecided ... ok
stable / test and specification	UNKNOWN STEP	2026-10-08T16:10:04.3470440Z test a_cancelled_request_scans_nothing_and_never_claims_an_answer ... ok
stable / test and specification	UNKNOWN STEP	2026-10-08T16:10:04.3489243Z test a_candidate_that_resolves_to_another_declaration_is_not_an_item ... ok
stable / test and specification	UNKNOWN STEP	2026-10-08T16:10:04.3494093Z test a_class_symbol_declaration_keeps_the_unavailable_state ... ok
stable / test and specification	UNKNOWN STEP	2026-10-08T16:10:04.3504408Z test a_damaged_class_candidate_is_a_scan_level_stop ... ok
stable / test and specification	UNKNOWN STEP	2026-10-08T16:10:04.3519404Z test a_default_conflict_is_unresolved_and_keeps_its_use_site ... ok
stable / test and specification	UNKNOWN STEP	2026-10-08T16:10:04.3529177Z test a_duplicate_declaration_is_unresolved ... ok
stable / test and specification	UNKNOWN STEP	2026-10-08T16:10:04.3538365Z test a_kind_mismatch_is_unresolved ... ok
stable / test and specification	UNKNOWN STEP	2026-10-08T16:10:04.3546469Z test a_metadata_fact_whos_member_kind_is_unstated_stays_undecided ... ok
stable / test and specification	UNKNOWN STEP	2026-10-08T16:10:04.3553732Z test a_method_handle_load_stays_undecided ... ok
stable / test and specification	UNKNOWN STEP	2026-10-08T16:10:04.3562380Z test a_missing_owner_is_unresolved_and_keeps_its_use_site ... ok
stable / test and specification	UNKNOWN STEP	2026-10-08T16:10:04.3578846Z test a_published_diagnostic_costs_a_result_item ... ok
stable / test and specification	UNKNOWN STEP	2026-10-08T16:10:04.3600368Z test a_refused_diagnostic_charge_stops_the_report_at_the_prefix ... ok
stable / test and specification	UNKNOWN STEP	2026-10-08T16:10:04.3613426Z test a_refused_header_read_that_stops_the_resolution_keeps_the_reliable_prefix ... ok
stable / test and specification	UNKNOWN STEP	2026-10-08T16:10:04.3617443Z test a_rejected_environment_never_reaches_the_candidates ... ok
stable / test and specification	UNKNOWN STEP	2026-10-08T16:10:04.3637386Z test a_resolution_stop_outranks_an_assembly_stop ... ok
stable / test and specification	UNKNOWN STEP	2026-10-08T16:10:04.3646671Z test a_result_item_budget_that_cannot_fund_the_scan_stops_without_claiming_an_answer ... ok
stable / test and specification	UNKNOWN STEP	2026-10-08T16:10:04.3661441Z test a_search_diagnostic_enters_the_report_and_is_charged ... ok
stable / test and specification	UNKNOWN STEP	2026-10-08T16:10:04.3672906Z test a_sibling_name_on_the_same_owner_is_not_a_candidate ... ok
stable / test and specification	UNKNOWN STEP	2026-10-08T16:10:04.3698757Z test a_signature_polymorphic_call_site_is_a_candidate_at_its_own_descriptor ... ok
stable / test and specification	UNKNOWN STEP	2026-10-08T16:10:04.3711821Z test a_signature_polymorphic_invoke_exact_call_site_is_a_candidate_too ... ok
stable / test and specification	UNKNOWN STEP	2026-10-08T16:10:04.3721492Z test a_static_instruction_on_an_instance_field_is_reported_without_the_kind_rule ... ok
stable / test and specification	UNKNOWN STEP	2026-10-08T16:10:04.3739416Z test a_stop_that_hits_the_same_candidate_twice_is_reported_once ... ok
stable / test and specification	UNKNOWN STEP	2026-10-08T16:10:04.3770472Z test a_sub_call_site_resolves_to_the_base_declaration ... ok
stable / test and specification	UNKNOWN STEP	2026-10-08T16:10:04.3781056Z test an_ambiguous_owner_is_unresolved_and_keeps_its_use_site ... ok
stable / test and specification	UNKNOWN STEP	2026-10-08T16:10:04.3787580Z test an_array_owner_is_unresolved ... ok
stable / test and specification	UNKNOWN STEP	2026-10-08T16:10:04.3797613Z test an_artifact_tree_scope_validates_its_root_container ... ok
stable / test and specification	UNKNOWN STEP	2026-10-08T16:10:04.3809107Z test an_ordinary_declaration_matches_by_name_and_descriptor_not_by_name ... ok
stable / test and specification	UNKNOWN STEP	2026-10-08T16:10:04.3818055Z test an_unconsumed_pool_entry_is_not_a_candidate ... ok
stable / test and specification	UNKNOWN STEP	2026-10-08T16:10:04.3842004Z test field_accesses_resolve_through_the_declaring_class ... ok
stable / test and specification	UNKNOWN STEP	2026-10-08T16:10:04.3853199Z test max_items_truncates_the_items_without_turning_the_execution_partial ... ok
stable / test and specification	UNKNOWN STEP	2026-10-08T16:10:04.3875601Z test publishing_the_report_stops_at_the_budget_and_keeps_its_prefix ... ok
stable / test and specification	UNKNOWN STEP	2026-10-08T16:10:04.3897516Z test the_loader_of_a_declaration_is_part_of_its_identity ... ok
stable / test and specification	UNKNOWN STEP	2026-10-08T16:10:04.3919791Z test the_same_names_under_two_loaders_resolve_under_the_requested_environment ... ok
stable / test and specification	UNKNOWN STEP	2026-10-08T16:10:04.3920276Z 
stable / test and specification	UNKNOWN STEP	2026-10-08T16:10:04.3920765Z test result: ok. 34 passed; 0 failed; 0 ignored; 0 measured; 0 filtered out; finished in 0.06s
stable / test and specification	UNKNOWN STEP	2026-10-08T16:10:04.3921246Z 
stable / test and specification	UNKNOWN STEP	2026-10-08T16:10:04.3926352Z ^[[1m^[[92m     Running^[[0m tests/p2_dispatch.rs (target/debug/deps/p2_dispatch-d672b096b2234649)
stable / test and specification	UNKNOWN STEP	2026-10-08T16:10:04.3937419Z 
stable / test and specification	UNKNOWN STEP	2026-10-08T16:10:04.3954507Z running 33 tests
stable / test and specification	UNKNOWN STEP	2026-10-08T16:10:04.3984843Z test a_class_header_stop_keeps_the_candidates_already_found ... ok
stable / test and specification	UNKNOWN STEP	2026-10-08T16:10:04.3991576Z test a_closure_diagnostic_is_charged_like_every_other_resolution_result ... ok
stable / test and specification	UNKNOWN STEP	2026-10-08T16:10:04.4007485Z test a_cyclic_hierarchy_in_the_range_leaves_the_plane_open ... ok
stable / test and specification	UNKNOWN STEP	2026-10-08T16:10:04.4016263Z test a_declaration_of_another_kind_is_not_a_candidate ... ok
stable / test and specification	UNKNOWN STEP	2026-10-08T16:10:04.4036398Z test a_declared_loader_outside_the_chain_is_an_unknown_loader_fact ... ok
stable / test and specification	UNKNOWN STEP	2026-10-08T16:10:04.4053898Z test a_dependency_depth_stop_keeps_the_prefix_and_the_positions_it_declared ... ok
stable / test and specification	UNKNOWN STEP	2026-10-08T16:10:04.4075032Z test a_field_declaration_enumerates_the_classes_that_declare_the_same_field ... ok
stable / test and specification	UNKNOWN STEP	2026-10-08T16:10:04.4097676Z test a_missing_supertype_branch_is_the_candidates_own_dependency_fact ... ok
stable / test and specification	UNKNOWN STEP	2026-10-08T16:10:04.4102281Z test a_pre_cancelled_request_never_starts_the_range ... ok
stable / test and specification	UNKNOWN STEP	2026-10-08T16:10:04.4106955Z test a_range_over_a_foreign_tree_root_is_refused_as_an_input_mismatch ... ok
stable / test and specification	UNKNOWN STEP	2026-10-08T16:10:04.4117469Z test a_range_position_no_position_provides_is_undecided ... ok
stable / test and specification	UNKNOWN STEP	2026-10-08T16:10:04.4152272Z test a_range_position_that_resolves_outside_the_range_is_undecided ... ok
stable / test and specification	UNKNOWN STEP	2026-10-08T16:10:04.4160258Z test a_range_whose_listing_cannot_be_paid_for_is_a_truncated_range ... ok
stable / test and specification	UNKNOWN STEP	2026-10-08T16:10:04.4174890Z test a_refused_closure_diagnostic_keeps_the_entries_before_it ... ok
stable / test and specification	UNKNOWN STEP	2026-10-08T16:10:04.4181185Z test a_request_without_a_range_publishes_no_dispatch_at_all ... ok
stable / test and specification	UNKNOWN STEP	2026-10-08T16:10:04.4215355Z test a_result_items_stop_keeps_the_candidates_already_published ... ok
stable / test and specification	UNKNOWN STEP	2026-10-08T16:10:04.4249987Z test a_result_items_stop_publishes_no_skipped_range ... ok
stable / test and specification	UNKNOWN STEP	2026-10-08T16:10:04.4255686Z test a_rule_diagnostic_costs_one_result_item_before_the_range_runs ... ok
stable / test and specification	UNKNOWN STEP	2026-10-08T16:10:04.4290395Z test a_runtime_transformation_moves_only_the_open_world_flag ... ok
stable / test and specification	UNKNOWN STEP	2026-10-08T16:10:04.4327418Z test a_single_known_candidate_is_never_published_as_a_unique_target ... ok
stable / test and specification	UNKNOWN STEP	2026-10-08T16:10:04.4336944Z test a_standalone_class_root_can_be_the_whole_range ... ok
stable / test and specification	UNKNOWN STEP	2026-10-08T16:10:04.4343796Z test a_tree_range_over_a_class_snapshot_is_a_failed_range_not_an_empty_one ... ok
stable / test and specification	UNKNOWN STEP	2026-10-08T16:10:04.4366015Z test a_truncated_listing_keeps_the_positions_it_declared_but_never_examined ... ok
stable / test and specification	UNKNOWN STEP	2026-10-08T16:10:04.4374691Z test an_ambiguous_range_position_is_undecided_not_excluded ... ok
stable / test and specification	UNKNOWN STEP	2026-10-08T16:10:04.4393426Z test an_artifact_tree_range_covers_the_containers_its_positions_reach ... ok
stable / test and specification	UNKNOWN STEP	2026-10-08T16:10:04.4398193Z test an_external_root_is_refused_before_the_range_is_enumerated ... ok
stable / test and specification	UNKNOWN STEP	2026-10-08T16:10:04.4434059Z test an_ordered_root_is_evidence_only_past_the_first_position ... ok
stable / test and specification	UNKNOWN STEP	2026-10-08T16:10:04.4453290Z test every_implementation_in_the_range_is_one_known_candidate ... ok
stable / test and specification	UNKNOWN STEP	2026-10-08T16:10:04.4467049Z test every_rule_diagnostic_of_one_request_is_charged_and_published ... ok
stable / test and specification	UNKNOWN STEP	2026-10-08T16:10:04.4492068Z test the_candidate_rule_is_structural_and_screens_no_member_flag ... ok
stable / test and specification	UNKNOWN STEP	2026-10-08T16:10:04.4507756Z test the_range_enumerates_each_name_once ... ok
stable / test and specification	UNKNOWN STEP	2026-10-08T16:10:04.4529077Z test the_range_reads_headers_only_and_never_a_method_body ... ok
stable / test and specification	UNKNOWN STEP	2026-10-08T16:10:04.4556707Z test the_subtype_test_compares_ancestor_nodes_not_owner_names ... ok
stable / test and specification	UNKNOWN STEP	2026-10-08T16:10:04.4557112Z 
stable / test and specification	UNKNOWN STEP	2026-10-08T16:10:04.4557625Z test result: ok. 33 passed; 0 failed; 0 ignored; 0 measured; 0 filtered out; finished in 0.06s
stable / test and specification	UNKNOWN STEP	2026-10-08T16:10:04.4558144Z 
stable / test and specification	UNKNOWN STEP	2026-10-08T16:10:04.4561300Z ^[[1m^[[92m     Running^[[0m tests/p2_entry_counts.rs (target/debug/deps/p2_entry_counts-953d67c08cbfc958)
stable / test and specification	UNKNOWN STEP	2026-10-08T16:10:04.4627544Z 
stable / test and specification	UNKNOWN STEP	2026-10-08T16:10:04.4817974Z running 5 tests
stable / test and specification	UNKNOWN STEP	2026-10-08T16:10:04.4818501Z test every_published_sequence_is_in_its_own_order ... ok
stable / test and specification	UNKNOWN STEP	2026-10-08T16:10:04.4834756Z test one_method_analysis_attempts_one_body_however_many_the_class_declares ... ok
stable / test and specification	UNKNOWN STEP	2026-10-08T16:10:04.4896268Z test the_same_method_analysis_repeats_field_by_field ... ok
stable / test and specification	UNKNOWN STEP	2026-10-08T16:10:04.4906268Z test the_x0_pool_probe_constructs_no_ir_and_decodes_no_body ... ok
stable / test and specification	UNKNOWN STEP	2026-10-08T16:10:04.4910401Z test the_x1_consumer_scan_constructs_no_ir ... ok
stable / test and specification	UNKNOWN STEP	2026-10-08T16:10:04.4910751Z 
stable / test and specification	UNKNOWN STEP	2026-10-08T16:10:04.4911225Z test result: ok. 5 passed; 0 failed; 0 ignored; 0 measured; 0 filtered out; finished in 0.03s
stable / test and specification	UNKNOWN STEP	2026-10-08T16:10:04.4911703Z 
stable / test and specification	UNKNOWN STEP	2026-10-08T16:10:04.4917379Z ^[[1m^[[92m     Running^[[0m tests/p2_frame.rs (target/debug/deps/p2_frame-de8eea04349c002b)
stable / test and specification	UNKNOWN STEP	2026-10-08T16:10:04.4972783Z 
stable / test and specification	UNKNOWN STEP	2026-10-08T16:10:04.4973047Z running 16 tests
stable / test and specification	UNKNOWN STEP	2026-10-08T16:10:04.5073063Z test a_cancelled_request_publishes_no_frame_table ... ok
stable / test and specification	UNKNOWN STEP	2026-10-08T16:10:04.5137022Z test a_constructor_completes_because_its_constructor_call_converts_the_this ... ok
stable / test and specification	UNKNOWN STEP	2026-10-08T16:10:04.6473102Z test a_covered_throw_site_product_is_billed_with_its_size ... ok
stable / test and specification	UNKNOWN STEP	2026-10-08T16:10:04.6480130Z test a_pre_initialization_putfield_of_the_own_name_is_accepted_without_any_declared_field ... ok
stable / test and specification	UNKNOWN STEP	2026-10-08T16:10:04.6488405Z test a_range_containing_the_block_start_is_still_analyzed ... ok
stable / test and specification	UNKNOWN STEP	2026-10-08T16:10:04.6496689Z test a_range_starting_inside_a_block_still_hands_its_handler_an_input ... ok
stable / test and specification	UNKNOWN STEP	2026-10-08T16:10:04.6509987Z test an_exception_input_follows_the_state_its_throw_site_settles_on ... ok
stable / test and specification	UNKNOWN STEP	2026-10-08T16:10:04.6519757Z test an_exception_input_into_an_already_processed_block_settles_with_it ... ok
stable / test and specification	UNKNOWN STEP	2026-10-08T16:10:04.7012450Z test an_exhausted_item_budget_inside_the_names_phase_publishes_no_names ... ok
stable / test and specification	UNKNOWN STEP	2026-10-08T16:10:04.7055043Z test an_exhausted_item_budget_publishes_no_frame_table ... ok
stable / test and specification	UNKNOWN STEP	2026-10-08T16:10:04.7109929Z test an_uncovered_throw_site_is_not_retained ... ok
stable / test and specification	UNKNOWN STEP	2026-10-08T16:10:04.7114971Z test an_uninitialized_value_used_as_a_reference_stays_the_boundary_of_this_build ... ok
stable / test and specification	UNKNOWN STEP	2026-10-08T16:10:04.7126266Z test the_frame_phase_completes_a_body_without_any_debug_table ... ok
stable / test and specification	UNKNOWN STEP	2026-10-08T16:10:04.7134271Z test the_two_records_of_one_handler_are_read_in_the_order_that_shows_a_fold ... ok
stable / test and specification	UNKNOWN STEP	2026-10-08T16:10:04.7143323Z test two_records_naming_one_handler_still_hand_it_both_inputs ... ok
stable / test and specification	UNKNOWN STEP	2026-10-08T16:10:04.7154252Z test two_throw_sites_of_one_block_still_merge_their_own_states ... ok
stable / test and specification	UNKNOWN STEP	2026-10-08T16:10:04.7154982Z 
stable / test and specification	UNKNOWN STEP	2026-10-08T16:10:04.7155472Z test result: ok. 16 passed; 0 failed; 0 ignored; 0 measured; 0 filtered out; finished in 0.22s
stable / test and specification	UNKNOWN STEP	2026-10-08T16:10:04.7155958Z 
stable / test and specification	UNKNOWN STEP	2026-10-08T16:10:04.7161805Z ^[[1m^[[92m     Running^[[0m tests/p2_golden.rs (target/debug/deps/p2_golden-982263028d5e68ee)
stable / test and specification	UNKNOWN STEP	2026-10-08T16:10:04.7207259Z 
stable / test and specification	UNKNOWN STEP	2026-10-08T16:10:04.7207608Z running 9 tests
stable / test and specification	UNKNOWN STEP	2026-10-08T16:10:04.7218103Z test every_category_of_the_fixed_list_is_carried_by_a_named_entry ... ok
stable / test and specification	UNKNOWN STEP	2026-10-08T16:10:04.7350282Z test every_stopped_entry_across_the_goldens_explains_itself ... ok
stable / test and specification	UNKNOWN STEP	2026-10-08T16:10:04.7680523Z test the_exception_entries_complete_with_the_handler_inputs_settled ... ok
stable / test and specification	UNKNOWN STEP	2026-10-08T16:10:04.8080601Z test the_historical_corpus_replays_from_45_to_52 ... ok
stable / test and specification	UNKNOWN STEP	2026-10-08T16:10:04.8099560Z test the_input_side_premises_of_the_entries_hold ... ok
stable / test and specification	UNKNOWN STEP	2026-10-08T16:10:04.8126918Z test the_legacy_clone_entry_bills_two_call_sites ... ok
stable / test and specification	UNKNOWN STEP	2026-10-08T16:10:05.0079916Z test the_resource_boundary_entries_stop_where_their_budget_says ... ok
stable / test and specification	UNKNOWN STEP	2026-10-08T16:10:05.0179032Z test the_stopped_inputs_stay_published_and_explained ... ok
stable / test and specification	UNKNOWN STEP	2026-10-08T16:10:05.0212114Z test the_wide_and_switch_entry_completes ... ok
stable / test and specification	UNKNOWN STEP	2026-10-08T16:10:05.0212502Z 
stable / test and specification	UNKNOWN STEP	2026-10-08T16:10:05.0212993Z test result: ok. 9 passed; 0 failed; 0 ignored; 0 measured; 0 filtered out; finished in 0.30s
stable / test and specification	UNKNOWN STEP	2026-10-08T16:10:05.0213512Z 
stable / test and specification	UNKNOWN STEP	2026-10-08T16:10:05.0218545Z ^[[1m^[[92m     Running^[[0m tests/p2_members.rs (target/debug/deps/p2_members-749cde55f9175503)
stable / test and specification	UNKNOWN STEP	2026-10-08T16:10:05.0279106Z 
stable / test and specification	UNKNOWN STEP	2026-10-08T16:10:05.0279328Z running 53 tests
stable / test and specification	UNKNOWN STEP	2026-10-08T16:10:05.0411562Z test a_caller_definition_of_another_snapshot_passes_when_its_loader_selects_it ... ok
stable / test and specification	UNKNOWN STEP	2026-10-08T16:10:05.0459536Z test a_caller_definition_the_declared_loader_does_not_bind_is_a_stop ... ok
stable / test and specification	UNKNOWN STEP	2026-10-08T16:10:05.0494705Z test a_class_inherits_a_default_method_through_its_superclass_interfaces ... ok
stable / test and specification	UNKNOWN STEP	2026-10-08T16:10:05.0526039Z test a_class_inherits_a_default_method_through_the_interface_step ... ok
stable / test and specification	UNKNOWN STEP	2026-10-08T16:10:05.0549454Z test a_class_reference_needs_a_class_owner ... ok
stable / test and specification	UNKNOWN STEP	2026-10-08T16:10:05.0599937Z test a_constructor_resolves_through_invoke_special_only ... ok
stable / test and specification	UNKNOWN STEP	2026-10-08T16:10:05.0641801Z test a_cyclic_superclass_chain_stops_with_a_warning ... ok
stable / test and specification	UNKNOWN STEP	2026-10-08T16:10:05.0666449Z test a_declaration_of_the_owner_itself_costs_no_dependency_depth ... ok
stable / test and specification	UNKNOWN STEP	2026-10-08T16:10:05.0672794Z test a_delegated_root_that_declares_itself_as_its_supertype_is_a_cycle ... ok
stable / test and specification	UNKNOWN STEP	2026-10-08T16:10:05.0697171Z test a_duplicate_declaration_in_one_class_is_ambiguous ... ok
stable / test and specification	UNKNOWN STEP	2026-10-08T16:10:05.0736023Z test a_field_reference_is_not_held_to_the_static_rules ... ok
stable / test and specification	UNKNOWN STEP	2026-10-08T16:10:05.0764979Z test a_member_of_the_owner_resolves_to_its_own_declaration ... ok
stable / test and specification	UNKNOWN STEP	2026-10-08T16:10:05.0794490Z test a_member_resolution_reads_no_code_byte_of_a_class_that_has_a_body ... ok
stable / test and specification	UNKNOWN STEP	2026-10-08T16:10:05.0824565Z test a_member_search_stops_at_its_dependency_depth ... ok
stable / test and specification	UNKNOWN STEP	2026-10-08T16:10:05.0854696Z test a_member_search_stops_at_its_header_budget ... ok
stable / test and specification	UNKNOWN STEP	2026-10-08T16:10:05.0873639Z test a_missing_member_keeps_the_reference_and_fabricates_nothing ... ok
stable / test and specification	UNKNOWN STEP	2026-10-08T16:10:05.0900351Z test a_missing_supertype_leaves_its_branch_unread ... ok
stable / test and specification	UNKNOWN STEP	2026-10-08T16:10:05.0931747Z test a_named_static_interface_declaration_still_resolves_and_still_breaks_the_kind_rule ... ok
stable / test and specification	UNKNOWN STEP	2026-10-08T16:10:05.0947401Z test a_pre_cancelled_member_request_reports_cancelled_and_reads_nothing ... ok
stable / test and specification	UNKNOWN STEP	2026-10-08T16:10:05.1000586Z test a_private_interface_declaration_is_ignored_by_the_superinterface_step ... ok
stable / test and specification	UNKNOWN STEP	2026-10-08T16:10:05.1009352Z test a_root_name_reached_again_under_another_loader_is_another_node ... ok
stable / test and specification	UNKNOWN STEP	2026-10-08T16:10:05.1043092Z test a_search_that_takes_both_kinds_of_edge_publishes_both_reasons ... ok
stable / test and specification	UNKNOWN STEP	2026-10-08T16:10:05.1086450Z test a_signature_polymorphic_method_resolves_by_name_only ... ok
stable / test and specification	UNKNOWN STEP	2026-10-08T16:10:05.1113805Z test a_single_default_method_resolves_through_the_interface_step ... ok
stable / test and specification	UNKNOWN STEP	2026-10-08T16:10:05.1160347Z test a_static_interface_declaration_is_ignored_by_the_superinterface_step ... ok
stable / test and specification	UNKNOWN STEP	2026-10-08T16:10:05.1183955Z test a_static_method_resolves_for_a_static_reference ... ok
stable / test and specification	UNKNOWN STEP	2026-10-08T16:10:05.1217050Z test a_static_method_with_an_instance_reference_is_an_incompatible_change ... ok
stable / test and specification	UNKNOWN STEP	2026-10-08T16:10:05.1248041Z test a_subinterface_default_overrides_its_parent ... ok
stable / test and specification	UNKNOWN STEP	2026-10-08T16:10:05.1254091Z test a_supertype_that_cannot_be_told_apart_leaves_its_branch_unread ... ok
stable / test and specification	UNKNOWN STEP	2026-10-08T16:10:05.1292549Z test an_abstract_method_resolves_and_warns ... ok
stable / test and specification	UNKNOWN STEP	2026-10-08T16:10:05.1321242Z test an_abstract_only_interface_resolves_with_a_warning ... ok
stable / test and specification	UNKNOWN STEP	2026-10-08T16:10:05.1325747Z test an_ambiguous_owner_class_publishes_its_candidates ... ok
stable / test and specification	UNKNOWN STEP	2026-10-08T16:10:05.1345101Z test an_array_owner_is_unsupported ... ok
stable / test and specification	UNKNOWN STEP	2026-10-08T16:10:05.1357118Z test an_entry_that_declares_another_name_is_refused_at_its_own_candidate ... ok
stable / test and specification	UNKNOWN STEP	2026-10-08T16:10:05.1392261Z test an_inconsistent_caller_definition_is_a_stop_and_never_a_wrong_check ... ok
stable / test and specification	UNKNOWN STEP	2026-10-08T16:10:05.1423258Z test an_inherited_member_resolves_to_the_declaring_class ... ok
stable / test and specification	UNKNOWN STEP	2026-10-08T16:10:05.1447675Z test an_instance_method_with_a_static_reference_is_an_incompatible_change ... ok
stable / test and specification	UNKNOWN STEP	2026-10-08T16:10:05.1482506Z test an_interface_field_is_found_before_a_superclass_field ... ok
stable / test and specification	UNKNOWN STEP	2026-10-08T16:10:05.1514265Z test an_interface_reference_needs_an_interface_owner ... ok
stable / test and specification	UNKNOWN STEP	2026-10-08T16:10:05.1546576Z test an_interface_super_call_resolves_through_invoke_special ... ok
stable / test and specification	UNKNOWN STEP	2026-10-08T16:10:05.1570271Z test an_invokedynamic_reference_is_not_held_to_the_invocation_kind_rules ... ok
stable / test and specification	UNKNOWN STEP	2026-10-08T16:10:05.1590209Z test an_unknown_caller_class_leaves_the_access_rules_unchecked ... ok
stable / test and specification	UNKNOWN STEP	2026-10-08T16:10:05.1622611Z test an_unreadable_caller_hierarchy_leaves_the_access_rules_unchecked ... ok
stable / test and specification	UNKNOWN STEP	2026-10-08T16:10:05.1839469Z test every_fixture_class_resolves_as_a_class_symbol ... ok
stable / test and specification	UNKNOWN STEP	2026-10-08T16:10:05.1852675Z test one_request_searches_one_name_in_two_loaders_and_keeps_them_apart ... ok
stable / test and specification	UNKNOWN STEP	2026-10-08T16:10:05.1861286Z test review_parent_defined_owner_resolves_its_base_from_the_parent_loader ... ok
stable / test and specification	UNKNOWN STEP	2026-10-08T16:10:05.1986237Z test the_access_matrix_follows_jvms_5_4_4 ... ok
stable / test and specification	UNKNOWN STEP	2026-10-08T16:10:05.2030857Z test the_default_package_is_a_run_time_package_of_its_own ... ok
stable / test and specification	UNKNOWN STEP	2026-10-08T16:10:05.2086165Z test the_first_declared_direct_superinterface_wins ... ok
stable / test and specification	UNKNOWN STEP	2026-10-08T16:10:05.2109094Z test the_owner_state_is_inherited_when_the_owner_does_not_resolve ... ok
stable / test and specification	UNKNOWN STEP	2026-10-08T16:10:05.2163455Z test the_same_package_in_another_loader_is_a_different_runtime_package ... ok
stable / test and specification	UNKNOWN STEP	2026-10-08T16:10:05.2191035Z test two_declarations_in_one_interface_are_ambiguous ... ok
stable / test and specification	UNKNOWN STEP	2026-10-08T16:10:05.2242316Z test two_default_methods_are_a_default_conflict ... ok
stable / test and specification	UNKNOWN STEP	2026-10-08T16:10:05.2242660Z 
stable / test and specification	UNKNOWN STEP	2026-10-08T16:10:05.2243147Z test result: ok. 53 passed; 0 failed; 0 ignored; 0 measured; 0 filtered out; finished in 0.20s
stable / test and specification	UNKNOWN STEP	2026-10-08T16:10:05.2243626Z 
stable / test and specification	UNKNOWN STEP	2026-10-08T16:10:05.2247927Z ^[[1m^[[92m     Running^[[0m tests/p2_passes.rs (target/debug/deps/p2_passes-e7698a7eecd55d03)
stable / test and specification	UNKNOWN STEP	2026-10-08T16:10:05.2304835Z 
stable / test and specification	UNKNOWN STEP	2026-10-08T16:10:05.2305052Z running 4 tests
stable / test and specification	UNKNOWN STEP	2026-10-08T16:10:05.2389429Z test an_empty_stage_set_is_rejected_and_publishes_nothing ... ok
stable / test and specification	UNKNOWN STEP	2026-10-08T16:10:05.2514704Z test every_stage_set_is_accepted_and_answered_with_the_state_of_its_passes ... ok
stable / test and specification	UNKNOWN STEP	2026-10-08T16:10:05.2516317Z test the_request_shape_checks_keep_their_precedence_over_the_pass_table ... ok
stable / test and specification	UNKNOWN STEP	2026-10-08T16:10:05.2520601Z test the_schedule_is_the_phase_prefix_whatever_order_the_request_names ... ok
stable / test and specification	UNKNOWN STEP	2026-10-08T16:10:05.2521362Z 
stable / test and specification	UNKNOWN STEP	2026-10-08T16:10:05.2522294Z test result: ok. 4 passed; 0 failed; 0 ignored; 0 measured; 0 filtered out; finished in 0.02s
stable / test and specification	UNKNOWN STEP	2026-10-08T16:10:05.2523178Z 
stable / test and specification	UNKNOWN STEP	2026-10-08T16:10:05.2528703Z ^[[1m^[[92m     Running^[[0m tests/p2_prefixed_roots.rs (target/debug/deps/p2_prefixed_roots-e0766c87712dee45)
stable / test and specification	UNKNOWN STEP	2026-10-08T16:10:05.2586042Z 
stable / test and specification	UNKNOWN STEP	2026-10-08T16:10:05.2586280Z running 17 tests
stable / test and specification	UNKNOWN STEP	2026-10-08T16:10:05.2722471Z test a_candidate_that_declares_another_name_is_refused_at_its_own_origin ... ok
stable / test and specification	UNKNOWN STEP	2026-10-08T16:10:05.2732649Z test a_changed_prefix_is_a_new_environment_that_reuses_no_verdict ... ok
stable / test and specification	UNKNOWN STEP	2026-10-08T16:10:05.2736740Z test a_damaged_candidate_stops_the_search_at_its_own_position ... ok
stable / test and specification	UNKNOWN STEP	2026-10-08T16:10:05.2750068Z test a_nested_library_and_the_application_directory_are_two_positions ... ok
stable / test and specification	UNKNOWN STEP	2026-10-08T16:10:05.2754069Z test a_prefix_binds_a_war_class_without_a_directory_entry ... ok
stable / test and specification	UNKNOWN STEP	2026-10-08T16:10:05.2769031Z test a_prefixed_position_binds_the_driver_method_through_the_same_root ... ok
stable / test and specification	UNKNOWN STEP	2026-10-08T16:10:05.2771800Z test a_root_that_names_the_other_physical_shape_is_refused_where_it_is_read ... ok
stable / test and specification	UNKNOWN STEP	2026-10-08T16:10:05.2776678Z test an_empty_prefix_and_a_layout_node_alone_bind_nothing ... ok
stable / test and specification	UNKNOWN STEP	2026-10-08T16:10:05.2781206Z test an_illegal_prefix_is_an_environment_problem_and_never_guessed_around ... ok
stable / test and specification	UNKNOWN STEP	2026-10-08T16:10:05.2783732Z test an_incomplete_directory_is_a_refusal_not_a_missing_verdict ... ok
stable / test and specification	UNKNOWN STEP	2026-10-08T16:10:05.2789383Z test declaration_order_decides_between_two_prefixed_positions ... ok
stable / test and specification	UNKNOWN STEP	2026-10-08T16:10:05.2795963Z test delegation_policy_moves_the_prefixed_positions_it_declares ... ok
stable / test and specification	UNKNOWN STEP	2026-10-08T16:10:05.2800082Z test duplicate_entries_at_one_position_stay_ambiguous_with_their_own_origins ... ok
stable / test and specification	UNKNOWN STEP	2026-10-08T16:10:05.2819317Z test raw_name_bytes_are_matched_exactly_and_not_normalized ... ok
stable / test and specification	UNKNOWN STEP	2026-10-08T16:10:05.2827704Z test raw_non_utf8_and_multibyte_bytes_are_not_transcoded ... ok
stable / test and specification	UNKNOWN STEP	2026-10-08T16:10:05.2834587Z test the_root_model_round_trips_and_refuses_the_old_and_unknown_spellings ... ok
stable / test and specification	UNKNOWN STEP	2026-10-08T16:10:05.2839796Z test the_same_bytes_at_two_origins_are_two_definitions ... ok
stable / test and specification	UNKNOWN STEP	2026-10-08T16:10:05.2840309Z 
stable / test and specification	UNKNOWN STEP	2026-10-08T16:10:05.2840977Z test result: ok. 17 passed; 0 failed; 0 ignored; 0 measured; 0 filtered out; finished in 0.03s
stable / test and specification	UNKNOWN STEP	2026-10-08T16:10:05.2841658Z 
stable / test and specification	UNKNOWN STEP	2026-10-08T16:10:05.2844500Z ^[[1m^[[92m     Running^[[0m tests/p2_properties.rs (target/debug/deps/p2_properties-5a169b10b7f97470)
stable / test and specification	UNKNOWN STEP	2026-10-08T16:10:05.2855360Z 
stable / test and specification	UNKNOWN STEP	2026-10-08T16:10:05.2855565Z running 3 tests
stable / test and specification	UNKNOWN STEP	2026-10-08T16:10:05.3265904Z test the_generated_bodies_answer_deterministically ... ok
stable / test and specification	UNKNOWN STEP	2026-10-08T16:10:05.3998253Z test the_generated_corpus_keeps_the_stage_invariants_in_both_directions ... ok
stable / test and specification	UNKNOWN STEP	2026-10-08T16:10:05.4062098Z test the_generated_illegal_shapes_stop_where_the_prefix_says ... ok
stable / test and specification	UNKNOWN STEP	2026-10-08T16:10:05.4062611Z 
stable / test and specification	UNKNOWN STEP	2026-10-08T16:10:05.4063205Z test result: ok. 3 passed; 0 failed; 0 ignored; 0 measured; 0 filtered out; finished in 0.12s
stable / test and specification	UNKNOWN STEP	2026-10-08T16:10:05.4064139Z 
stable / test and specification	UNKNOWN STEP	2026-10-08T16:10:05.4067115Z ^[[1m^[[92m     Running^[[0m tests/p2_resolution.rs (target/debug/deps/p2_resolution-b1b7cbcabee00165)
stable / test and specification	UNKNOWN STEP	2026-10-08T16:10:05.4119096Z 
stable / test and specification	UNKNOWN STEP	2026-10-08T16:10:05.4119534Z running 16 tests
stable / test and specification	UNKNOWN STEP	2026-10-08T16:10:05.4194336Z test a_byte_equal_duplicate_is_ambiguous_not_ordinal ... ok
stable / test and specification	UNKNOWN STEP	2026-10-08T16:10:05.4196381Z test a_cancelled_lookup_is_cancelled_and_names_no_state ... ok
stable / test and specification	UNKNOWN STEP	2026-10-08T16:10:05.4199057Z test a_class_header_budget_stop_stays_a_budget_stop ... ok
stable / test and specification	UNKNOWN STEP	2026-10-08T16:10:05.4202571Z test a_damaged_candidate_fails_at_its_origin_without_falling_back ... ok
stable / test and specification	UNKNOWN STEP	2026-10-08T16:10:05.4207164Z test a_dispatch_request_over_a_class_symbol_names_the_missing_member_declaration ... ok
stable / test and specification	UNKNOWN STEP	2026-10-08T16:10:05.4210560Z test a_failed_read_attempt_is_charged_and_has_no_fallback ... ok
stable / test and specification	UNKNOWN STEP	2026-10-08T16:10:05.4213174Z test a_listing_that_stops_early_never_reads_as_missing ... ok
stable / test and specification	UNKNOWN STEP	2026-10-08T16:10:05.4215833Z test a_rejected_environment_never_selects_a_definition ... ok
stable / test and specification	UNKNOWN STEP	2026-10-08T16:10:05.4221036Z test a_standalone_class_root_is_matched_through_its_own_name ... ok
stable / test and specification	UNKNOWN STEP	2026-10-08T16:10:05.4230407Z test an_artifact_tree_root_searches_its_own_container_only ... ok
stable / test and specification	UNKNOWN STEP	2026-10-08T16:10:05.4236730Z test parent_first_selects_the_ancestor_and_child_first_the_caller ... ok
stable / test and specification	UNKNOWN STEP	2026-10-08T16:10:05.4243370Z test reading_failures_and_cancellations_never_occupy_a_semantic_state ... ok
stable / test and specification	UNKNOWN STEP	2026-10-08T16:10:05.4246925Z test several_candidates_at_one_position_are_ambiguous ... ok
stable / test and specification	UNKNOWN STEP	2026-10-08T16:10:05.4251346Z test the_first_declared_root_that_holds_the_name_wins ... ok
stable / test and specification	UNKNOWN STEP	2026-10-08T16:10:05.4256515Z test the_same_bytes_at_two_origins_are_not_merged ... ok
stable / test and specification	UNKNOWN STEP	2026-10-08T16:10:05.4258802Z test unreadable_and_unprovided_roots_are_problems_not_positions ... ok
stable / test and specification	UNKNOWN STEP	2026-10-08T16:10:05.4259137Z 
stable / test and specification	UNKNOWN STEP	2026-10-08T16:10:05.4259522Z test result: ok. 16 passed; 0 failed; 0 ignored; 0 measured; 0 filtered out; finished in 0.01s
stable / test and specification	UNKNOWN STEP	2026-10-08T16:10:05.4259907Z 
stable / test and specification	UNKNOWN STEP	2026-10-08T16:10:05.4262212Z ^[[1m^[[92m     Running^[[0m tests/p2_return_address.rs (target/debug/deps/p2_return_address-34abcb153a5fafba)
stable / test and specification	UNKNOWN STEP	2026-10-08T16:10:05.4320124Z 
stable / test and specification	UNKNOWN STEP	2026-10-08T16:10:05.4320308Z running 11 tests
stable / test and specification	UNKNOWN STEP	2026-10-08T16:10:05.4475562Z test a_body_whose_decode_stopped_keeps_its_call_graph_unresolved ... ok
stable / test and specification	UNKNOWN STEP	2026-10-08T16:10:05.4480332Z test a_legacy_opcode_in_the_modern_dialect_is_a_violation_not_a_limitation ... ok
stable / test and specification	UNKNOWN STEP	2026-10-08T16:10:05.4485443Z test a_live_call_site_behind_a_mid_block_jsr_is_still_refused ... ok
stable / test and specification	UNKNOWN STEP	2026-10-08T16:10:05.4505777Z test a_return_address_the_bytes_do_not_prove_stops_the_stage_before_it_completes ... ok
stable / test and specification	UNKNOWN STEP	2026-10-08T16:10:05.4592925Z test a_version_the_format_allows_still_analyzes_however_old_it_is ... ok
stable / test and specification	UNKNOWN STEP	2026-10-08T16:10:05.4600424Z test a_version_the_format_does_not_allow_is_refused_where_the_dialect_is_decided ... ok
stable / test and specification	UNKNOWN STEP	2026-10-08T16:10:05.4607898Z test the_call_context_walk_stops_on_its_own_step_budget ... ok
stable / test and specification	UNKNOWN STEP	2026-10-08T16:10:05.4668244Z test the_historical_jsr_finally_completes_the_call_context_pass ... ok
stable / test and specification	UNKNOWN STEP	2026-10-08T16:10:05.4680998Z test the_modern_dialect_pays_nothing_for_its_empty_context_set ... ok
stable / test and specification	UNKNOWN STEP	2026-10-08T16:10:05.4701060Z test the_p1_query_coordinates_are_unchanged_by_a_call_context_run ... ok
stable / test and specification	UNKNOWN STEP	2026-10-08T16:10:05.4728826Z test the_same_call_context_request_publishes_the_same_report ... ok
stable / test and specification	UNKNOWN STEP	2026-10-08T16:10:05.4729391Z 
stable / test and specification	UNKNOWN STEP	2026-10-08T16:10:05.4729845Z test result: ok. 11 passed; 0 failed; 0 ignored; 0 measured; 0 filtered out; finished in 0.04s
stable / test and specification	UNKNOWN STEP	2026-10-08T16:10:05.4730218Z 
stable / test and specification	UNKNOWN STEP	2026-10-08T16:10:05.4736595Z ^[[1m^[[92m     Running^[[0m tests/p2_ssa.rs (target/debug/deps/p2_ssa-bef5ca1e6391edf2)
stable / test and specification	UNKNOWN STEP	2026-10-08T16:10:05.4785820Z 
stable / test and specification	UNKNOWN STEP	2026-10-08T16:10:05.4786049Z running 5 tests
stable / test and specification	UNKNOWN STEP	2026-10-08T16:10:05.4880854Z test a_cancelled_request_publishes_no_names ... ok
stable / test and specification	UNKNOWN STEP	2026-10-08T16:10:05.4962388Z test a_phi_that_takes_its_own_value_as_an_operand_is_still_legal ... ok
stable / test and specification	UNKNOWN STEP	2026-10-08T16:10:05.4972966Z test a_step_budget_that_ends_the_ssa_phase_keeps_the_last_valid_phase ... ok
stable / test and specification	UNKNOWN STEP	2026-10-08T16:10:05.4990318Z test the_names_of_a_body_are_billed_and_charged_deterministically ... ok
stable / test and specification	UNKNOWN STEP	2026-10-08T16:10:05.4998341Z test the_ssa_phase_names_a_real_body_and_completes_the_pipeline ... ok
stable / test and specification	UNKNOWN STEP	2026-10-08T16:10:05.4998748Z 
stable / test and specification	UNKNOWN STEP	2026-10-08T16:10:05.4999240Z test result: ok. 5 passed; 0 failed; 0 ignored; 0 measured; 0 filtered out; finished in 0.02s
stable / test and specification	UNKNOWN STEP	2026-10-08T16:10:05.5000055Z 
stable / test and specification	UNKNOWN STEP	2026-10-08T16:10:05.5003184Z ^[[1m^[[92m     Running^[[0m tests/p3_accessor_edges.rs (target/debug/deps/p3_accessor_edges-feb0d93eefd3b526)
stable / test and specification	UNKNOWN STEP	2026-10-08T16:10:05.5080372Z 
stable / test and specification	UNKNOWN STEP	2026-10-08T16:10:05.5080583Z running 5 tests
stable / test and specification	UNKNOWN STEP	2026-10-08T16:10:05.5601888Z test a_bytecode_index_a_clone_repeats_still_names_the_member_it_is_in ... ok
stable / test and specification	UNKNOWN STEP	2026-10-08T16:10:05.5641970Z test a_call_to_another_classs_same_named_member_is_not_read_from_this_class ... ok
stable / test and specification	UNKNOWN STEP	2026-10-08T16:10:05.5665400Z test the_anchors_name_the_member_each_field_access_is_in_and_only_named_bodies_are_read ... ok
stable / test and specification	UNKNOWN STEP	2026-10-08T16:10:05.5684412Z test the_driver_and_its_same_class_callees_share_one_read_and_one_preparation ... ok
stable / test and specification	UNKNOWN STEP	2026-10-08T16:10:05.5736738Z test the_two_original_edges_survive_a_recovery_run_field_by_field ... ok
stable / test and specification	UNKNOWN STEP	2026-10-08T16:10:05.5737079Z 
stable / test and specification	UNKNOWN STEP	2026-10-08T16:10:05.5737824Z test result: ok. 5 passed; 0 failed; 0 ignored; 0 measured; 0 filtered out; finished in 0.07s
stable / test and specification	UNKNOWN STEP	2026-10-08T16:10:05.5738207Z 
stable / test and specification	UNKNOWN STEP	2026-10-08T16:10:05.5747240Z ^[[1m^[[92m     Running^[[0m tests/p3_alias_field.rs (target/debug/deps/p3_alias_field-e88d601ada7b13ea)
stable / test and specification	UNKNOWN STEP	2026-10-08T16:10:05.5838737Z 
stable / test and specification	UNKNOWN STEP	2026-10-08T16:10:05.5839014Z running 3 tests
stable / test and specification	UNKNOWN STEP	2026-10-08T16:10:05.6622876Z test a_local_alias_receiver_is_presented_from_the_frames_slot_type ... ok
stable / test and specification	UNKNOWN STEP	2026-10-08T16:10:05.6686006Z test a_parameter_receiver_is_unchanged ... ok
stable / test and specification	UNKNOWN STEP	2026-10-08T16:10:05.6748033Z test a_this_receiver_is_unchanged ... ok
stable / test and specification	UNKNOWN STEP	2026-10-08T16:10:05.6748450Z 
stable / test and specification	UNKNOWN STEP	2026-10-08T16:10:05.6749129Z test result: ok. 3 passed; 0 failed; 0 ignored; 0 measured; 0 filtered out; finished in 0.09s
stable / test and specification	UNKNOWN STEP	2026-10-08T16:10:05.6749765Z 
stable / test and specification	UNKNOWN STEP	2026-10-08T16:10:05.6759124Z ^[[1m^[[92m     Running^[[0m tests/p3_annotation_default.rs (target/debug/deps/p3_annotation_default-56258f83c8132345)
stable / test and specification	UNKNOWN STEP	2026-10-08T16:10:05.6849751Z 
stable / test and specification	UNKNOWN STEP	2026-10-08T16:10:05.6849978Z running 8 tests
stable / test and specification	UNKNOWN STEP	2026-10-08T16:10:05.7573007Z test a_default_is_written_wherever_the_attribute_appears_and_only_as_far_as_it_spells ... ok
stable / test and specification	UNKNOWN STEP	2026-10-08T16:10:05.7580287Z test a_member_whose_attribute_does_not_read_is_refused_beside_the_members_that_do ... ok
stable / test and specification	UNKNOWN STEP	2026-10-08T16:10:05.7595145Z test an_annotation_members_default_is_written_from_its_own_attribute ... ok
stable / test and specification	UNKNOWN STEP	2026-10-08T16:10:05.7599420Z test an_unspellable_float_descendant_refuses_the_whole_array_default ... ok
stable / test and specification	UNKNOWN STEP	2026-10-08T16:10:05.7605735Z test declaration_headers_keep_ordinary_and_noncanonical_superinterfaces ... ok
stable / test and specification	UNKNOWN STEP	2026-10-08T16:10:05.7631789Z test floating_defaults_keep_raw_bits_in_java_constant_expressions ... ok
stable / test and specification	UNKNOWN STEP	2026-10-08T16:10:05.7644839Z test nested_defaults_keep_attribute_identity_and_request_stop_semantics ... ok
stable / test and specification	UNKNOWN STEP	2026-10-08T16:10:05.7778550Z test the_class_an_enum_default_names_declares_no_annotation_default ... ok
stable / test and specification	UNKNOWN STEP	2026-10-08T16:10:05.7779134Z 
stable / test and specification	UNKNOWN STEP	2026-10-08T16:10:05.7779622Z test result: ok. 8 passed; 0 failed; 0 ignored; 0 measured; 0 filtered out; finished in 0.09s
stable / test and specification	UNKNOWN STEP	2026-10-08T16:10:05.7780106Z 
stable / test and specification	UNKNOWN STEP	2026-10-08T16:10:05.7789465Z ^[[1m^[[92m     Running^[[0m tests/p3_anonymous_class_facts.rs (target/debug/deps/p3_anonymous_class_facts-c3aa98f3d5344fea)
stable / test and specification	UNKNOWN STEP	2026-10-08T16:10:05.7805208Z 
stable / test and specification	UNKNOWN STEP	2026-10-08T16:10:05.7805434Z running 1 test
stable / test and specification	UNKNOWN STEP	2026-10-08T16:10:05.7877966Z test selected_anonymous_class_stays_a_separate_class_source_declaration ... ok
stable / test and specification	UNKNOWN STEP	2026-10-08T16:10:05.7878341Z 
stable / test and specification	UNKNOWN STEP	2026-10-08T16:10:05.7878721Z test result: ok. 1 passed; 0 failed; 0 ignored; 0 measured; 0 filtered out; finished in 0.01s
stable / test and specification	UNKNOWN STEP	2026-10-08T16:10:05.7879127Z 
stable / test and specification	UNKNOWN STEP	2026-10-08T16:10:05.7884922Z ^[[1m^[[92m     Running^[[0m tests/p3_array_access.rs (target/debug/deps/p3_array_access-e98a0175584c735c)
stable / test and specification	UNKNOWN STEP	2026-10-08T16:10:05.7959206Z 
stable / test and specification	UNKNOWN STEP	2026-10-08T16:10:05.7959502Z running 11 tests
stable / test and specification	UNKNOWN STEP	2026-10-08T16:10:05.8872417Z test a_boolean_element_read_is_evidence_only_where_the_array_is_proven_boolean ... ok
stable / test and specification	UNKNOWN STEP	2026-10-08T16:10:05.9103502Z test a_complete_initializer_chain_is_written_at_its_consumer ... ok
stable / test and specification	UNKNOWN STEP	2026-10-08T16:10:05.9336618Z test a_local_receives_the_proved_initializer_before_it_is_read ... ok
stable / test and specification	UNKNOWN STEP	2026-10-08T16:10:05.9569636Z test a_multi_dimensional_creation_is_one_creation_with_the_lengths_its_operand_states ... ok
stable / test and specification	UNKNOWN STEP	2026-10-08T16:10:05.9802629Z test a_narrow_element_read_adds_no_conversion_the_bytecode_did_not_perform ... ok
stable / test and specification	UNKNOWN STEP	2026-10-08T16:10:06.0035804Z test a_nested_read_reindexes_the_subscript_it_read ... ok
stable / test and specification	UNKNOWN STEP	2026-10-08T16:10:06.0265491Z test a_reference_creation_takes_its_element_from_the_pool_class ... ok
stable / test and specification	UNKNOWN STEP	2026-10-08T16:10:06.0495394Z test an_array_creation_its_subscripts_and_its_local_are_written ... ok
stable / test and specification	UNKNOWN STEP	2026-10-08T16:10:06.0726136Z test an_element_read_of_a_parameter_array_is_the_subscript ... ok
stable / test and specification	UNKNOWN STEP	2026-10-08T16:10:06.0956482Z test an_element_write_is_the_subscript_assignment ... ok
stable / test and specification	UNKNOWN STEP	2026-10-08T16:10:06.1187515Z test the_length_of_an_array_is_a_suffix_over_it ... ok
stable / test and specification	UNKNOWN STEP	2026-10-08T16:10:06.1187882Z 
stable / test and specification	UNKNOWN STEP	2026-10-08T16:10:06.1188379Z test result: ok. 11 passed; 0 failed; 0 ignored; 0 measured; 0 filtered out; finished in 0.32s
stable / test and specification	UNKNOWN STEP	2026-10-08T16:10:06.1188957Z 
stable / test and specification	UNKNOWN STEP	2026-10-08T16:10:06.1197829Z ^[[1m^[[92m     Running^[[0m tests/p3_array_foreach.rs (target/debug/deps/p3_array_foreach-3a7af1baa5f39522)
stable / test and specification	UNKNOWN STEP	2026-10-08T16:10:06.1277249Z 
stable / test and specification	UNKNOWN STEP	2026-10-08T16:10:06.1277538Z running 6 tests
stable / test and specification	UNKNOWN STEP	2026-10-08T16:10:11.9105854Z test complete_java8_classes_keep_supplier_and_element_execution_order ... ok
stable / test and specification	UNKNOWN STEP	2026-10-08T16:10:11.9234188Z test low_work_budget_and_cancellation_publish_no_partial_array_loop ... ok
stable / test and specification	UNKNOWN STEP	2026-10-08T16:10:11.9573288Z test primitive_and_reference_arrays_project_but_unsafe_shapes_do_not ... ok
stable / test and specification	UNKNOWN STEP	2026-10-08T16:10:11.9845112Z test projected_origins_and_body_are_identical_under_essential_and_all_evidence ... ok
stable / test and specification	UNKNOWN STEP	2026-10-08T16:10:14.6012981Z test reused_array_and_int_slot_recompile_with_and_without_debug_names ... ok
stable / test and specification	UNKNOWN STEP	2026-10-08T16:10:15.1232770Z test same_slot_later_local_declaration_survives_array_projection ... ok
stable / test and specification	UNKNOWN STEP	2026-10-08T16:10:15.1233289Z 
stable / test and specification	UNKNOWN STEP	2026-10-08T16:10:15.1234017Z test result: ok. 6 passed; 0 failed; 0 ignored; 0 measured; 0 filtered out; finished in 9.00s
stable / test and specification	UNKNOWN STEP	2026-10-08T16:10:15.1234528Z 
stable / test and specification	UNKNOWN STEP	2026-10-08T16:10:15.1243274Z ^[[1m^[[92m     Running^[[0m tests/p3_array_initializers.rs (target/debug/deps/p3_array_initializers-5f781edc6381266d)
stable / test and specification	UNKNOWN STEP	2026-10-08T16:10:15.1320566Z 
stable / test and specification	UNKNOWN STEP	2026-10-08T16:10:15.1320993Z running 4 tests
stable / test and specification	UNKNOWN STEP	2026-10-08T16:10:15.1977065Z test a_method_without_array_allocations_keeps_its_tight_ir_budget ... ok
stable / test and specification	UNKNOWN STEP	2026-10-08T16:10:15.2012807Z test a_partial_dimension_allocation_does_not_enter_the_initializer_candidate_path ... ok
stable / test and specification	UNKNOWN STEP	2026-10-08T16:10:15.2027671Z test an_exhausted_output_budget_does_not_publish_a_partial_class ... ok
stable / test and specification	UNKNOWN STEP	2026-10-08T16:10:15.2466496Z test complete_initializer_chains_have_stable_bodies_and_claim_every_source ... ok
stable / test and specification	UNKNOWN STEP	2026-10-08T16:10:15.2467129Z 
stable / test and specification	UNKNOWN STEP	2026-10-08T16:10:15.2467749Z test result: ok. 4 passed; 0 failed; 0 ignored; 0 measured; 0 filtered out; finished in 0.11s
stable / test and specification	UNKNOWN STEP	2026-10-08T16:10:15.2468352Z 
stable / test and specification	UNKNOWN STEP	2026-10-08T16:10:15.2479779Z ^[[1m^[[92m     Running^[[0m tests/p3_array_slot_retype_locals.rs (target/debug/deps/p3_array_slot_retype_locals-7f1361754c01d4ab)
stable / test and specification	UNKNOWN STEP	2026-10-08T16:10:15.2553379Z 
stable / test and specification	UNKNOWN STEP	2026-10-08T16:10:15.2553590Z running 6 tests
stable / test and specification	UNKNOWN STEP	2026-10-08T16:10:15.4230707Z test a_join_that_merges_two_definitions_keeps_one_variable_verbatim ... ok
stable / test and specification	UNKNOWN STEP	2026-10-08T16:10:15.5237835Z test a_loop_that_merges_two_definitions_keeps_one_variable_verbatim ... ok
stable / test and specification	UNKNOWN STEP	2026-10-08T16:10:16.3870113Z test the_dynamic_dimension_control_keeps_its_text_verbatim ... ok
stable / test and specification	UNKNOWN STEP	2026-10-08T16:10:17.1354331Z test the_retyped_slot_presents_one_declaration_per_definition_and_recompiles ... ok
stable / test and specification	UNKNOWN STEP	2026-10-08T16:10:17.2411219Z test the_same_element_shape_keeps_one_variable_verbatim ... ok
stable / test and specification	UNKNOWN STEP	2026-10-08T16:10:18.0054972Z test the_three_type_alternation_presents_three_declarations_and_recompiles ... ok
stable / test and specification	UNKNOWN STEP	2026-10-08T16:10:18.0055634Z 
stable / test and specification	UNKNOWN STEP	2026-10-08T16:10:18.0056269Z test result: ok. 6 passed; 0 failed; 0 ignored; 0 measured; 0 filtered out; finished in 2.75s
stable / test and specification	UNKNOWN STEP	2026-10-08T16:10:18.0056897Z 
stable / test and specification	UNKNOWN STEP	2026-10-08T16:10:18.0066897Z ^[[1m^[[92m     Running^[[0m tests/p3_array_types.rs (target/debug/deps/p3_array_types-b1f33487628d17ba)
stable / test and specification	UNKNOWN STEP	2026-10-08T16:10:18.0137043Z 
stable / test and specification	UNKNOWN STEP	2026-10-08T16:10:18.0137348Z running 9 tests
stable / test and specification	UNKNOWN STEP	2026-10-08T16:10:18.0628015Z test a_class_position_an_array_type_cannot_occupy_is_recorded_as_a_boundary ... ok
stable / test and specification	UNKNOWN STEP	2026-10-08T16:10:18.0668664Z test a_descriptor_that_states_no_java_type_is_refused_at_its_bci ... ok
stable / test and specification	UNKNOWN STEP	2026-10-08T16:10:18.0693847Z test a_multi_dimensional_array_declaration_states_every_dimension ... ok
stable / test and specification	UNKNOWN STEP	2026-10-08T16:10:18.0712085Z test a_primitive_array_declaration_is_a_java_byte_array ... ok
stable / test and specification	UNKNOWN STEP	2026-10-08T16:10:18.0727643Z test a_reference_array_declaration_spells_its_element_like_any_other_class ... ok
stable / test and specification	UNKNOWN STEP	2026-10-08T16:10:18.0751566Z test an_object_type_and_a_primitive_keep_the_spelling_they_had ... ok
stable / test and specification	UNKNOWN STEP	2026-10-08T16:10:18.0776601Z test an_owner_or_construction_class_with_no_java_spelling_is_refused ... ok
stable / test and specification	UNKNOWN STEP	2026-10-08T16:10:18.0850224Z test every_declared_member_is_covered_by_this_file ... ok
stable / test and specification	UNKNOWN STEP	2026-10-08T16:10:18.0895940Z test no_type_position_publishes_a_descriptor ... ok
stable / test and specification	UNKNOWN STEP	2026-10-08T16:10:18.0896380Z 
stable / test and specification	UNKNOWN STEP	2026-10-08T16:10:18.0897031Z test result: ok. 9 passed; 0 failed; 0 ignored; 0 measured; 0 filtered out; finished in 0.08s
stable / test and specification	UNKNOWN STEP	2026-10-08T16:10:18.0898050Z 
stable / test and specification	UNKNOWN STEP	2026-10-08T16:10:18.0904513Z ^[[1m^[[92m     Running^[[0m tests/p3_arraylength_loop_condition.rs (target/debug/deps/p3_arraylength_loop_condition-81e66acf5e9a253c)
stable / test and specification	UNKNOWN STEP	2026-10-08T16:10:18.0981989Z 
stable / test and specification	UNKNOWN STEP	2026-10-08T16:10:18.0982340Z running 2 tests
stable / test and specification	UNKNOWN STEP	2026-10-08T16:10:18.1449652Z test budget_and_cancellation_do_not_publish_a_partial_array_length_loop ... ok
stable / test and specification	UNKNOWN STEP	2026-10-08T16:10:18.1765452Z test stride_two_loop_keeps_array_length_index_update_return_and_origins ... ok
stable / test and specification	UNKNOWN STEP	2026-10-08T16:10:18.1766115Z 
stable / test and specification	UNKNOWN STEP	2026-10-08T16:10:18.1766782Z test result: ok. 2 passed; 0 failed; 0 ignored; 0 measured; 0 filtered out; finished in 0.08s
stable / test and specification	UNKNOWN STEP	2026-10-08T16:10:18.1767420Z 
stable / test and specification	UNKNOWN STEP	2026-10-08T16:10:18.1776559Z ^[[1m^[[92m     Running^[[0m tests/p3_bitwise.rs (target/debug/deps/p3_bitwise-f25a9d61e30a89a7)
stable / test and specification	UNKNOWN STEP	2026-10-08T16:10:18.1792714Z 
stable / test and specification	UNKNOWN STEP	2026-10-08T16:10:18.1792963Z running 5 tests
stable / test and specification	UNKNOWN STEP	2026-10-08T16:10:18.2304292Z test a_bitwise_class_source_budget_and_cancellation_are_bounded_outcomes ... ok
stable / test and specification	UNKNOWN STEP	2026-10-08T16:10:18.2805027Z test bitwise_source_uses_real_bcis_and_default_text_is_stable ... ok
stable / test and specification	UNKNOWN STEP	2026-10-08T16:10:18.2806875Z test deep_bitwise_values_fall_back_and_local_dependencies_reach_a_bounded_fixpoint ... ignored, requires JDK: compile deep-expression and local-dependency bounds at runtime
stable / test and specification	UNKNOWN STEP	2026-10-08T16:10:18.3063668Z test fixture_has_the_complete_integral_and_boolean_surface ... ok
stable / test and specification	UNKNOWN STEP	2026-10-08T16:10:18.3065584Z test recovered_bitwise_probe_matches_original_runtime ... ignored, requires JDK: compile Engine::class_source output and execute a temporary runner
stable / test and specification	UNKNOWN STEP	2026-10-08T16:10:18.3066479Z 
stable / test and specification	UNKNOWN STEP	2026-10-08T16:10:18.3067045Z test result: ok. 3 passed; 0 failed; 2 ignored; 0 measured; 0 filtered out; finished in 0.13s
stable / test and specification	UNKNOWN STEP	2026-10-08T16:10:18.3067594Z 
stable / test and specification	UNKNOWN STEP	2026-10-08T16:10:18.3071494Z ^[[1m^[[92m     Running^[[0m tests/p3_boolean_array_initializers.rs (target/debug/deps/p3_boolean_array_initializers-abe081e01ba057bc)
stable / test and specification	UNKNOWN STEP	2026-10-08T16:10:18.3148542Z 
stable / test and specification	UNKNOWN STEP	2026-10-08T16:10:18.3148769Z running 2 tests
stable / test and specification	UNKNOWN STEP	2026-10-08T16:10:18.3150255Z test complete_recovered_class_recompiles_and_matches_the_verified_fixture ... ignored, needs a JDK on PATH to compile the complete recovered class with Java 8
stable / test and specification	UNKNOWN STEP	2026-10-08T16:10:18.3152923Z test effectful_initializer_recovery_preserves_order_and_partial_exception_trace ... ignored, needs a JDK on PATH to compile and execute the effectful complete-class comparison
stable / test and specification	UNKNOWN STEP	2026-10-08T16:10:18.3154283Z 
stable / test and specification	UNKNOWN STEP	2026-10-08T16:10:18.3154784Z test result: ok. 0 passed; 0 failed; 2 ignored; 0 measured; 0 filtered out; finished in 0.00s
stable / test and specification	UNKNOWN STEP	2026-10-08T16:10:18.3155257Z 
stable / test and specification	UNKNOWN STEP	2026-10-08T16:10:18.3156199Z ^[[1m^[[92m     Running^[[0m tests/p3_boolean_array_store_contract.rs (target/debug/deps/p3_boolean_array_store_contract-2effee870d225320)
stable / test and specification	UNKNOWN STEP	2026-10-08T16:10:18.3241872Z 
stable / test and specification	UNKNOWN STEP	2026-10-08T16:10:18.3242272Z running 6 tests
stable / test and specification	UNKNOWN STEP	2026-10-08T16:10:18.4010150Z test a_boolean_provenance_value_keeps_the_existing_direct_spelling ... ok
stable / test and specification	UNKNOWN STEP	2026-10-08T16:10:18.4040449Z test audited_bastore_is_low_bit_boolean_and_keeps_store_and_operand_origins ... ok
stable / test and specification	UNKNOWN STEP	2026-10-08T16:10:18.4135421Z test audited_order_keeps_each_producer_once_and_at_the_original_store ... ok
stable / test and specification	UNKNOWN STEP	2026-10-08T16:10:18.4207157Z test evidence_modes_and_method_replay_keep_the_same_body_and_origins ... ok
stable / test and specification	UNKNOWN STEP	2026-10-08T16:10:18.4256493Z test output_budget_and_precancellation_publish_no_partial_low_bit_result ... ok
stable / test and specification	UNKNOWN STEP	2026-10-08T16:10:18.4627351Z test presented_byte_char_and_short_values_are_admitted_only_at_proven_boolean_stores ... ok
stable / test and specification	UNKNOWN STEP	2026-10-08T16:10:18.4627911Z 
stable / test and specification	UNKNOWN STEP	2026-10-08T16:10:18.4628403Z test result: ok. 6 passed; 0 failed; 0 ignored; 0 measured; 0 filtered out; finished in 0.14s
stable / test and specification	UNKNOWN STEP	2026-10-08T16:10:18.4628875Z 
stable / test and specification	UNKNOWN STEP	2026-10-08T16:10:18.4638066Z ^[[1m^[[92m     Running^[[0m tests/p3_boolean_array_stores.rs (target/debug/deps/p3_boolean_array_stores-391ce2390afbe894)
stable / test and specification	UNKNOWN STEP	2026-10-08T16:10:18.4713030Z 
stable / test and specification	UNKNOWN STEP	2026-10-08T16:10:18.4713259Z running 1 test
stable / test and specification	UNKNOWN STEP	2026-10-08T16:10:21.5441911Z test complete_boolean_array_classes_match_the_verified_jvm ... ok
stable / test and specification	UNKNOWN STEP	2026-10-08T16:10:21.5442276Z 
stable / test and specification	UNKNOWN STEP	2026-10-08T16:10:21.5442708Z test result: ok. 1 passed; 0 failed; 0 ignored; 0 measured; 0 filtered out; finished in 3.07s
stable / test and specification	UNKNOWN STEP	2026-10-08T16:10:21.5443368Z 
stable / test and specification	UNKNOWN STEP	2026-10-08T16:10:21.5451904Z ^[[1m^[[92m     Running^[[0m tests/p3_boolean_contexts.rs (target/debug/deps/p3_boolean_contexts-1d34cc13a164584e)
stable / test and specification	UNKNOWN STEP	2026-10-08T16:10:21.5521875Z 
stable / test and specification	UNKNOWN STEP	2026-10-08T16:10:21.5522584Z running 13 tests
stable / test and specification	UNKNOWN STEP	2026-10-08T16:10:21.6115221Z test a_boolean_call_result_is_a_truth_test_not_an_int_comparison ... ok
stable / test and specification	UNKNOWN STEP	2026-10-08T16:10:21.6153131Z test a_boolean_return_is_written_as_a_boolean ... ok
stable / test and specification	UNKNOWN STEP	2026-10-08T16:10:21.6169422Z test a_literal_operand_is_a_truth_test ... ok
stable / test and specification	UNKNOWN STEP	2026-10-08T16:10:21.6251277Z test a_local_filled_from_proven_boolean_evidence_is_declared_boolean ... ok
stable / test and specification	UNKNOWN STEP	2026-10-08T16:10:21.6266438Z test a_proven_boolean_operand_beside_an_int_literal_is_refused ... ok
stable / test and specification	UNKNOWN STEP	2026-10-08T16:10:21.6291537Z test a_store_without_boolean_evidence_into_a_boolean_variable_is_refused ... ok
stable / test and specification	UNKNOWN STEP	2026-10-08T16:10:21.6350679Z test an_int_context_keeps_its_int_shape ... ok
stable / test and specification	UNKNOWN STEP	2026-10-08T16:10:21.6428565Z test an_integer_comparison_keeps_its_integer_literals_on_either_side ... ok
stable / test and specification	UNKNOWN STEP	2026-10-08T16:10:21.6450129Z test an_integer_operand_in_a_z_return_uses_its_low_bit ... ok
stable / test and specification	UNKNOWN STEP	2026-10-08T16:10:21.6684047Z test every_declared_member_is_covered_by_this_file ... ok
stable / test and specification	UNKNOWN STEP	2026-10-08T16:10:21.6804118Z test every_declared_member_of_the_comparison_sample_is_covered ... ok
stable / test and specification	UNKNOWN STEP	2026-10-08T16:10:21.6844782Z test the_boolean_contexts_of_the_comparison_sample_keep_their_presentation ... ok
stable / test and specification	UNKNOWN STEP	2026-10-08T16:10:21.6897270Z test the_evidence_the_layer_states_keeps_its_presentation ... ok
stable / test and specification	UNKNOWN STEP	2026-10-08T16:10:21.6897680Z 
stable / test and specification	UNKNOWN STEP	2026-10-08T16:10:21.6898171Z test result: ok. 13 passed; 0 failed; 0 ignored; 0 measured; 0 filtered out; finished in 0.14s
stable / test and specification	UNKNOWN STEP	2026-10-08T16:10:21.6898659Z 
stable / test and specification	UNKNOWN STEP	2026-10-08T16:10:21.6907930Z ^[[1m^[[92m     Running^[[0m tests/p3_boolean_field_stores.rs (target/debug/deps/p3_boolean_field_stores-0900cf9d95b8b505)
stable / test and specification	UNKNOWN STEP	2026-10-08T16:10:21.6998973Z 
stable / test and specification	UNKNOWN STEP	2026-10-08T16:10:21.6999243Z running 4 tests
stable / test and specification	UNKNOWN STEP	2026-10-08T16:10:21.7114991Z test frozen_fixture_pins_descriptors_code_and_the_preimplementation_red ... ok
stable / test and specification	UNKNOWN STEP	2026-10-08T16:10:21.7116578Z test recovered_z_field_stores_match_the_patched_jvm ... ignored, requires JDK: compile the complete recovered class and compare its 40 rows with the patched JVM
stable / test and specification	UNKNOWN STEP	2026-10-08T16:10:21.7335203Z test z_field_budget_and_cancellation_stops_publish_no_partial_class ... ok
stable / test and specification	UNKNOWN STEP	2026-10-08T16:10:21.7966939Z test z_field_consumers_keep_boolean_proofs_and_source_origins ... ok
stable / test and specification	UNKNOWN STEP	2026-10-08T16:10:21.7967695Z 
stable / test and specification	UNKNOWN STEP	2026-10-08T16:10:21.7968587Z test result: ok. 3 passed; 0 failed; 1 ignored; 0 measured; 0 filtered out; finished in 0.10s
stable / test and specification	UNKNOWN STEP	2026-10-08T16:10:21.7969440Z 
stable / test and specification	UNKNOWN STEP	2026-10-08T16:10:21.7981493Z ^[[1m^[[92m     Running^[[0m tests/p3_boolean_short_circuit_return.rs (target/debug/deps/p3_boolean_short_circuit_return-c5bd044c63cfeb4d)
stable / test and specification	UNKNOWN STEP	2026-10-08T16:10:21.8057918Z 
stable / test and specification	UNKNOWN STEP	2026-10-08T16:10:21.8058347Z running 2 tests
stable / test and specification	UNKNOWN STEP	2026-10-08T16:10:21.9172406Z test integer_return_or_non_boolean_leaves_keep_the_numeric_conversion ... ok
stable / test and specification	UNKNOWN STEP	2026-10-08T16:10:23.3210548Z test return_consumers_use_short_circuit_operators_and_keep_all_origins ... ok
stable / test and specification	UNKNOWN STEP	2026-10-08T16:10:23.3211025Z 
stable / test and specification	UNKNOWN STEP	2026-10-08T16:10:23.3211524Z test result: ok. 2 passed; 0 failed; 0 ignored; 0 measured; 0 filtered out; finished in 1.52s
stable / test and specification	UNKNOWN STEP	2026-10-08T16:10:23.3212258Z 
stable / test and specification	UNKNOWN STEP	2026-10-08T16:10:23.3221224Z ^[[1m^[[92m     Running^[[0m tests/p3_catch_after_field_assignment.rs (target/debug/deps/p3_catch_after_field_assignment-77ced702dfa9b376)
stable / test and specification	UNKNOWN STEP	2026-10-08T16:10:23.3237674Z 
stable / test and specification	UNKNOWN STEP	2026-10-08T16:10:23.3237856Z running 2 tests
stable / test and specification	UNKNOWN STEP	2026-10-08T16:10:23.3334255Z test a_complete_field_assignment_precedes_the_named_catch ... ok
stable / test and specification	UNKNOWN STEP	2026-10-08T16:10:23.3412277Z test a_range_beginning_inside_the_field_assignment_is_not_a_plain_catch ... ok
stable / test and specification	UNKNOWN STEP	2026-10-08T16:10:23.3412665Z 
stable / test and specification	UNKNOWN STEP	2026-10-08T16:10:23.3413094Z test result: ok. 2 passed; 0 failed; 0 ignored; 0 measured; 0 filtered out; finished in 0.02s
stable / test and specification	UNKNOWN STEP	2026-10-08T16:10:23.3413511Z 
stable / test and specification	UNKNOWN STEP	2026-10-08T16:10:23.3419719Z ^[[1m^[[92m     Running^[[0m tests/p3_caught_value_argument_typing.rs (target/debug/deps/p3_caught_value_argument_typing-97d3476150d1f025)
stable / test and specification	UNKNOWN STEP	2026-10-08T16:10:23.3492433Z 
stable / test and specification	UNKNOWN STEP	2026-10-08T16:10:23.3494168Z running 2 tests
stable / test and specification	UNKNOWN STEP	2026-10-08T16:10:23.4360149Z test the_no_reuse_controls_text_is_unchanged ... ok
stable / test and specification	UNKNOWN STEP	2026-10-08T16:10:23.4473174Z test the_slot_reusing_handlers_argument_presents_the_rows_own_type ... ok
stable / test and specification	UNKNOWN STEP	2026-10-08T16:10:23.4474173Z 
stable / test and specification	UNKNOWN STEP	2026-10-08T16:10:23.4475123Z test result: ok. 2 passed; 0 failed; 0 ignored; 0 measured; 0 filtered out; finished in 0.10s
stable / test and specification	UNKNOWN STEP	2026-10-08T16:10:23.4475960Z 
stable / test and specification	UNKNOWN STEP	2026-10-08T16:10:23.4488467Z ^[[1m^[[92m     Running^[[0m tests/p3_chained_store.rs (target/debug/deps/p3_chained_store-dc77d63f5ca165a7)
stable / test and specification	UNKNOWN STEP	2026-10-08T16:10:23.4570935Z 
stable / test and specification	UNKNOWN STEP	2026-10-08T16:10:23.4571425Z running 2 tests
stable / test and specification	UNKNOWN STEP	2026-10-08T16:10:23.5348005Z test a_dup_in_front_of_two_local_stores_is_written_as_one_value ... ok
stable / test and specification	UNKNOWN STEP	2026-10-08T16:10:23.5391287Z test an_array_initializer_copy_is_owned_by_its_separate_rule ... ok
stable / test and specification	UNKNOWN STEP	2026-10-08T16:10:23.5391939Z 
stable / test and specification	UNKNOWN STEP	2026-10-08T16:10:23.5392744Z test result: ok. 2 passed; 0 failed; 0 ignored; 0 measured; 0 filtered out; finished in 0.08s
stable / test and specification	UNKNOWN STEP	2026-10-08T16:10:23.5393547Z 
stable / test and specification	UNKNOWN STEP	2026-10-08T16:10:23.5403714Z ^[[1m^[[92m     Running^[[0m tests/p3_char_switch.rs (target/debug/deps/p3_char_switch-c232222e89cabf1e)
stable / test and specification	UNKNOWN STEP	2026-10-08T16:10:23.5480473Z 
stable / test and specification	UNKNOWN STEP	2026-10-08T16:10:23.5480823Z running 1 test
stable / test and specification	UNKNOWN STEP	2026-10-08T16:10:23.6090939Z test a_char_selector_writes_character_keys_and_an_int_selector_stays_decimal ... ok
stable / test and specification	UNKNOWN STEP	2026-10-08T16:10:23.6091381Z 
stable / test and specification	UNKNOWN STEP	2026-10-08T16:10:23.6091767Z test result: ok. 1 passed; 0 failed; 0 ignored; 0 measured; 0 filtered out; finished in 0.06s
stable / test and specification	UNKNOWN STEP	2026-10-08T16:10:23.6092136Z 
stable / test and specification	UNKNOWN STEP	2026-10-08T16:10:23.6102218Z ^[[1m^[[92m     Running^[[0m tests/p3_class_literals.rs (target/debug/deps/p3_class_literals-9c6984e25b5b6ce7)
stable / test and specification	UNKNOWN STEP	2026-10-08T16:10:23.6196213Z 
stable / test and specification	UNKNOWN STEP	2026-10-08T16:10:23.6196498Z running 5 tests
stable / test and specification	UNKNOWN STEP	2026-10-08T16:10:23.6437849Z test a_low_class_source_budget_and_cancellation_follow_the_existing_stop_contract ... ok
stable / test and specification	UNKNOWN STEP	2026-10-08T16:10:23.7046292Z test all_class_literals_are_recovered_once_with_their_real_constant_pool_origins ... ok
stable / test and specification	UNKNOWN STEP	2026-10-08T16:10:23.7126943Z test class_literal_name_resolution_refuses_known_type_collisions_but_keeps_local_names ... ok
stable / test and specification	UNKNOWN STEP	2026-10-08T16:10:23.7128623Z test frozen_fixture_covers_the_original_class_pool_and_red_boundary ... ok
stable / test and specification	UNKNOWN STEP	2026-10-08T16:10:23.7130152Z test original_jadx_and_jarde_whole_classes_compile_and_have_equal_runtime_results ... ignored, requires javac and java on PATH
stable / test and specification	UNKNOWN STEP	2026-10-08T16:10:23.7131055Z 
stable / test and specification	UNKNOWN STEP	2026-10-08T16:10:23.7131701Z test result: ok. 4 passed; 0 failed; 1 ignored; 0 measured; 0 filtered out; finished in 0.09s
stable / test and specification	UNKNOWN STEP	2026-10-08T16:10:23.7132301Z 
stable / test and specification	UNKNOWN STEP	2026-10-08T16:10:23.7140676Z ^[[1m^[[92m     Running^[[0m tests/p3_compound_lvalue_updates.rs (target/debug/deps/p3_compound_lvalue_updates-d2f6de88a52f1d26)
stable / test and specification	UNKNOWN STEP	2026-10-08T16:10:23.7217325Z 
stable / test and specification	UNKNOWN STEP	2026-10-08T16:10:23.7217549Z running 4 tests
stable / test and specification	UNKNOWN STEP	2026-10-08T16:10:23.8156847Z test compound_recovery_keeps_output_evidence_and_cancellation_stops ... ok
stable / test and specification	UNKNOWN STEP	2026-10-08T16:10:23.9922608Z test lvalue_prefix_gaps_refuse_compound_claims_and_keep_the_complete_chain ... ok
stable / test and specification	UNKNOWN STEP	2026-10-08T16:10:24.1379342Z test mismatched_and_shared_lvalue_copies_are_refused_with_their_source_anchors ... ok
stable / test and specification	UNKNOWN STEP	2026-10-08T16:10:24.1688324Z test same_block_field_and_int_array_updates_are_single_evaluation_source_mapped_statements ... ok
stable / test and specification	UNKNOWN STEP	2026-10-08T16:10:24.1689096Z 
stable / test and specification	UNKNOWN STEP	2026-10-08T16:10:24.1689744Z test result: ok. 4 passed; 0 failed; 0 ignored; 0 measured; 0 filtered out; finished in 0.45s
stable / test and specification	UNKNOWN STEP	2026-10-08T16:10:24.1690846Z 
stable / test and specification	UNKNOWN STEP	2026-10-08T16:10:24.1698651Z ^[[1m^[[92m     Running^[[0m tests/p3_concat_char.rs (target/debug/deps/p3_concat_char-22a5b898f03b106e)
stable / test and specification	UNKNOWN STEP	2026-10-08T16:10:24.1773703Z 
stable / test and specification	UNKNOWN STEP	2026-10-08T16:10:24.1774226Z running 1 test
stable / test and specification	UNKNOWN STEP	2026-10-08T16:10:24.2462597Z test a_character_part_is_a_string_operand_of_the_chain ... ok
stable / test and specification	UNKNOWN STEP	2026-10-08T16:10:24.2462955Z 
stable / test and specification	UNKNOWN STEP	2026-10-08T16:10:24.2463343Z test result: ok. 1 passed; 0 failed; 0 ignored; 0 measured; 0 filtered out; finished in 0.07s
stable / test and specification	UNKNOWN STEP	2026-10-08T16:10:24.2463713Z 
stable / test and specification	UNKNOWN STEP	2026-10-08T16:10:24.2474829Z ^[[1m^[[92m     Running^[[0m tests/p3_concat_conversion.rs (target/debug/deps/p3_concat_conversion-32103346f4ce0196)
stable / test and specification	UNKNOWN STEP	2026-10-08T16:10:24.2490291Z 
stable / test and specification	UNKNOWN STEP	2026-10-08T16:10:24.2490533Z running 10 tests
stable / test and specification	UNKNOWN STEP	2026-10-08T16:10:24.2539061Z test a_boolean_part_is_spelled_by_its_append_descriptor ... ok
stable / test and specification	UNKNOWN STEP	2026-10-08T16:10:24.2556231Z test a_boolean_part_whose_value_is_not_a_boolean_is_refused ... ok
stable / test and specification	UNKNOWN STEP	2026-10-08T16:10:24.2611331Z test a_chain_that_starts_with_parts_needing_conversion_starts_in_a_string_context ... ok
stable / test and specification	UNKNOWN STEP	2026-10-08T16:10:35.2100508Z test a_deep_chain_is_presented_instead_of_aborting ... ok
stable / test and specification	UNKNOWN STEP	2026-10-08T16:10:37.1211049Z test a_deep_chain_under_a_short_output_bound_stops_without_an_artifact ... ok
stable / test and specification	UNKNOWN STEP	2026-10-08T16:10:37.1253987Z test a_part_that_is_itself_an_addition_keeps_its_own_group ... ok
stable / test and specification	UNKNOWN STEP	2026-10-08T16:10:37.1278386Z test each_part_carries_its_append_and_the_string_context_carries_the_chain ... ok
stable / test and specification	UNKNOWN STEP	2026-10-08T16:10:37.1313101Z test null_and_object_parts_keep_their_conversion ... ok
stable / test and specification	UNKNOWN STEP	2026-10-08T16:10:37.1326402Z test the_generated_chain_is_deterministic_and_its_shape_is_the_one_recorded ... ok
stable / test and specification	UNKNOWN STEP	2026-10-08T16:10:37.1362773Z test the_two_controls_gain_nothing ... ok
stable / test and specification	UNKNOWN STEP	2026-10-08T16:10:37.1363097Z 
stable / test and specification	UNKNOWN STEP	2026-10-08T16:10:37.1363675Z test result: ok. 10 passed; 0 failed; 0 ignored; 0 measured; 0 filtered out; finished in 12.89s
stable / test and specification	UNKNOWN STEP	2026-10-08T16:10:37.1364545Z 
stable / test and specification	UNKNOWN STEP	2026-10-08T16:10:37.1371652Z ^[[1m^[[92m     Running^[[0m tests/p3_content.rs (target/debug/deps/p3_content-63f8bb620fc5e95c)
stable / test and specification	UNKNOWN STEP	2026-10-08T16:10:37.1440380Z 
stable / test and specification	UNKNOWN STEP	2026-10-08T16:10:37.1440666Z running 4 tests
stable / test and specification	UNKNOWN STEP	2026-10-08T16:10:37.1951201Z test a_committed_statement_makes_the_artifact_contain_statements ... ok
stable / test and specification	UNKNOWN STEP	2026-10-08T16:10:37.1978805Z test a_stopped_run_reports_not_produced ... ok
stable / test and specification	UNKNOWN STEP	2026-10-08T16:10:37.2088805Z test explanation_only_means_no_emitted_statement ... ok
stable / test and specification	UNKNOWN STEP	2026-10-08T16:10:37.2176487Z test the_hand_built_shapes_classify_from_their_structure ... ok
stable / test and specification	UNKNOWN STEP	2026-10-08T16:10:37.2176886Z 
stable / test and specification	UNKNOWN STEP	2026-10-08T16:10:37.2177376Z test result: ok. 4 passed; 0 failed; 0 ignored; 0 measured; 0 filtered out; finished in 0.07s
stable / test and specification	UNKNOWN STEP	2026-10-08T16:10:37.2177855Z 
stable / test and specification	UNKNOWN STEP	2026-10-08T16:10:37.2187826Z ^[[1m^[[92m     Running^[[0m tests/p3_crossing_array_read_values.rs (target/debug/deps/p3_crossing_array_read_values-ec526496f8399580)
stable / test and specification	UNKNOWN STEP	2026-10-08T16:10:37.2313175Z 
stable / test and specification	UNKNOWN STEP	2026-10-08T16:10:37.2313442Z running 5 tests
stable / test and specification	UNKNOWN STEP	2026-10-08T16:10:37.2972407Z test a_budget_starved_variant_run_states_no_recovery ... ok
stable / test and specification	UNKNOWN STEP	2026-10-08T16:10:37.9758162Z test f2_recovers_and_the_unprotected_control_stays_verbatim ... ok
stable / test and specification	UNKNOWN STEP	2026-10-08T16:10:37.9907436Z test the_nested_try_boundary_stays_where_the_region_layer_left_it ... ok
stable / test and specification	UNKNOWN STEP	2026-10-08T16:10:38.0036597Z test the_refused_shapes_keep_their_refusals ... ok
stable / test and specification	UNKNOWN STEP	2026-10-08T16:10:38.7121457Z test the_variant_family_recovers_and_runs_like_the_original ... ok
stable / test and specification	UNKNOWN STEP	2026-10-08T16:10:38.7122034Z 
stable / test and specification	UNKNOWN STEP	2026-10-08T16:10:38.7122689Z test result: ok. 5 passed; 0 failed; 0 ignored; 0 measured; 0 filtered out; finished in 1.48s
stable / test and specification	UNKNOWN STEP	2026-10-08T16:10:38.7123322Z 
stable / test and specification	UNKNOWN STEP	2026-10-08T16:10:38.7131833Z ^[[1m^[[92m     Running^[[0m tests/p3_declaration_handoff.rs (target/debug/deps/p3_declaration_handoff-d502563b7e97e223)
stable / test and specification	UNKNOWN STEP	2026-10-08T16:10:38.7198906Z 
stable / test and specification	UNKNOWN STEP	2026-10-08T16:10:38.7199097Z running 10 tests
stable / test and specification	UNKNOWN STEP	2026-10-08T16:10:38.7755331Z test a_body_that_still_has_fallbacks_keeps_its_quality ... ok
stable / test and specification	UNKNOWN STEP	2026-10-08T16:10:38.7792508Z test a_mangled_class_name_is_displayed_and_moves_nothing_but_the_display ... ok
stable / test and specification	UNKNOWN STEP	2026-10-08T16:10:38.7819314Z test a_stopped_run_publishes_no_declaration_and_no_class_facts ... ok
stable / test and specification	UNKNOWN STEP	2026-10-08T16:10:38.7845278Z test an_ordinary_member_charges_the_same_reads_and_bytes_as_before_the_handoff ... ok
stable / test and specification	UNKNOWN STEP	2026-10-08T16:10:38.7849284Z test the_class_facts_are_taken_from_the_read_that_was_already_there ... ok
stable / test and specification	UNKNOWN STEP	2026-10-08T16:10:38.7861286Z test the_payload_states_the_declaring_class_facts_the_same_header_read_holds ... ok
stable / test and specification	UNKNOWN STEP	2026-10-08T16:10:38.7864922Z test the_prepared_callee_read_needs_no_second_class_read ... ok
stable / test and specification	UNKNOWN STEP	2026-10-08T16:10:38.7873383Z test the_prepared_driver_read_consumes_the_class_the_caller_already_read ... ok
stable / test and specification	UNKNOWN STEP	2026-10-08T16:10:38.7998562Z test the_public_entry_decides_every_member_form_from_the_runs_own_class_facts ... ok
stable / test and specification	UNKNOWN STEP	2026-10-08T16:10:38.8031724Z test two_definitions_of_the_same_internal_name_keep_their_own_class_facts ... ok
stable / test and specification	UNKNOWN STEP	2026-10-08T16:10:38.8032314Z 
stable / test and specification	UNKNOWN STEP	2026-10-08T16:10:38.8033398Z test result: ok. 10 passed; 0 failed; 0 ignored; 0 measured; 0 filtered out; finished in 0.08s
stable / test and specification	UNKNOWN STEP	2026-10-08T16:10:38.8034269Z 
stable / test and specification	UNKNOWN STEP	2026-10-08T16:10:38.8042891Z ^[[1m^[[92m     Running^[[0m tests/p3_declarations.rs (target/debug/deps/p3_declarations-fa83c3146090d776)
stable / test and specification	UNKNOWN STEP	2026-10-08T16:10:38.8116667Z 
stable / test and specification	UNKNOWN STEP	2026-10-08T16:10:38.8116915Z running 5 tests
stable / test and specification	UNKNOWN STEP	2026-10-08T16:10:38.9360736Z test a_field_whose_constant_value_cannot_be_read_is_never_spelled_without_it ... ok
stable / test and specification	UNKNOWN STEP	2026-10-08T16:10:38.9382180Z test a_fields_initializer_is_the_constant_its_own_attribute_states ... ok
stable / test and specification	UNKNOWN STEP	2026-10-08T16:10:38.9410990Z test a_members_throws_clause_is_its_own_exceptions_attribute ... ok
stable / test and specification	UNKNOWN STEP	2026-10-08T16:10:38.9436992Z test an_interface_member_is_default_exactly_when_the_class_and_the_member_say_so ... ok
stable / test and specification	UNKNOWN STEP	2026-10-08T16:10:38.9551967Z test the_package_line_is_the_package_the_classs_own_name_states ... ok
stable / test and specification	UNKNOWN STEP	2026-10-08T16:10:38.9552406Z 
stable / test and specification	UNKNOWN STEP	2026-10-08T16:10:38.9552909Z test result: ok. 5 passed; 0 failed; 0 ignored; 0 measured; 0 filtered out; finished in 0.14s
stable / test and specification	UNKNOWN STEP	2026-10-08T16:10:38.9553388Z 
stable / test and specification	UNKNOWN STEP	2026-10-08T16:10:38.9565302Z ^[[1m^[[92m     Running^[[0m tests/p3_deferred_value_order.rs (target/debug/deps/p3_deferred_value_order-505b7a90e8b4af3b)
stable / test and specification	UNKNOWN STEP	2026-10-08T16:10:38.9649779Z 
stable / test and specification	UNKNOWN STEP	2026-10-08T16:10:38.9650130Z running 3 tests
stable / test and specification	UNKNOWN STEP	2026-10-08T16:10:39.0806540Z test deferred_value_sources_keep_producer_mark_consumer_bcis_and_default_text ... ok
stable / test and specification	UNKNOWN STEP	2026-10-08T16:10:39.1031026Z test deferred_values_keep_real_producer_order_and_structural_controls ... ok
stable / test and specification	UNKNOWN STEP	2026-10-08T16:10:39.1032690Z test recovered_deferred_value_order_matches_patched_class_runtime ... ignored, requires JDK: compile Engine::class_source output and execute the patched class oracle
stable / test and specification	UNKNOWN STEP	2026-10-08T16:10:39.1033669Z 
stable / test and specification	UNKNOWN STEP	2026-10-08T16:10:39.1034590Z test result: ok. 2 passed; 0 failed; 1 ignored; 0 measured; 0 filtered out; finished in 0.14s
stable / test and specification	UNKNOWN STEP	2026-10-08T16:10:39.1041779Z ^[[1m^[[92m     Running^[[0m tests/p3_edge_settlement.rs (target/debug/deps/p3_edge_settlement-d98c2e3c560f7a31)
stable / test and specification	UNKNOWN STEP	2026-10-08T16:10:39.1042254Z 
stable / test and specification	UNKNOWN STEP	2026-10-08T16:10:39.1123861Z 
stable / test and specification	UNKNOWN STEP	2026-10-08T16:10:39.1124410Z running 4 tests
stable / test and specification	UNKNOWN STEP	2026-10-08T16:10:39.1980708Z test a_nested_statement_whose_range_begins_inside_its_block_is_written ... ok
stable / test and specification	UNKNOWN STEP	2026-10-08T16:10:39.2070779Z test a_range_that_begins_inside_a_block_whose_instruction_throws_settles_it ... ok
stable / test and specification	UNKNOWN STEP	2026-10-08T16:10:39.2159729Z test a_row_nothing_in_its_range_can_throw_does_not_quote_the_block ... ok
stable / test and specification	UNKNOWN STEP	2026-10-08T16:10:39.2246645Z test a_row_whose_range_holds_no_throwing_instruction_is_still_the_bodys_statement ... ok
stable / test and specification	UNKNOWN STEP	2026-10-08T16:10:39.2247354Z 
stable / test and specification	UNKNOWN STEP	2026-10-08T16:10:39.2248018Z test result: ok. 4 passed; 0 failed; 0 ignored; 0 measured; 0 filtered out; finished in 0.11s
stable / test and specification	UNKNOWN STEP	2026-10-08T16:10:39.2248650Z 
stable / test and specification	UNKNOWN STEP	2026-10-08T16:10:39.2257086Z ^[[1m^[[92m     Running^[[0m tests/p3_eval_context.rs (target/debug/deps/p3_eval_context-d7fb95412fb73df2)
stable / test and specification	UNKNOWN STEP	2026-10-08T16:10:39.2338282Z 
stable / test and specification	UNKNOWN STEP	2026-10-08T16:10:39.2338884Z running 10 tests
stable / test and specification	UNKNOWN STEP	2026-10-08T16:10:39.2850623Z test a_call_argument_is_saved_before_a_following_write ... ok
stable / test and specification	UNKNOWN STEP	2026-10-08T16:10:39.2870089Z test a_nested_arithmetic_is_checked_where_its_text_is_evaluated ... ok
stable / test and specification	UNKNOWN STEP	2026-10-08T16:10:39.2910678Z test a_nested_expression_that_crosses_no_write_is_still_written ... ok
stable / test and specification	UNKNOWN STEP	2026-10-08T16:10:39.2931628Z test a_read_behind_another_read_is_named_too ... ok
stable / test and specification	UNKNOWN STEP	2026-10-08T16:10:39.2978540Z test a_recursion_that_re_enters_its_own_loop_stops_instead_of_aborting ... ok
stable / test and specification	UNKNOWN STEP	2026-10-08T16:10:39.2996681Z test a_refused_instance_read_keeps_the_null_pointer_it_can_throw ... ok
stable / test and specification	UNKNOWN STEP	2026-10-08T16:10:39.3013635Z test a_refused_static_read_keeps_the_class_initialization_it_can_run ... ok
stable / test and specification	UNKNOWN STEP	2026-10-08T16:10:39.3127266Z test every_presented_field_read_is_accounted_for_by_its_artifact ... ok
stable / test and specification	UNKNOWN STEP	2026-10-08T16:10:39.3229133Z test the_printed_text_keeps_the_arithmetic_tree ... ok
stable / test and specification	UNKNOWN STEP	2026-10-08T16:10:39.3351398Z test the_printed_text_keeps_the_grouping_of_every_position ... ok
stable / test and specification	UNKNOWN STEP	2026-10-08T16:10:39.3351945Z 
stable / test and specification	UNKNOWN STEP	2026-10-08T16:10:39.3352343Z test result: ok. 10 passed; 0 failed; 0 ignored; 0 measured; 0 filtered out; finished in 0.10s
stable / test and specification	UNKNOWN STEP	2026-10-08T16:10:39.3352720Z 
stable / test and specification	UNKNOWN STEP	2026-10-08T16:10:39.3360564Z ^[[1m^[[92m     Running^[[0m tests/p3_exception_scope.rs (target/debug/deps/p3_exception_scope-20e7d124a087cf80)
stable / test and specification	UNKNOWN STEP	2026-10-08T16:10:39.3428558Z 
stable / test and specification	UNKNOWN STEP	2026-10-08T16:10:39.3428934Z running 1 test
stable / test and specification	UNKNOWN STEP	2026-10-08T16:10:39.3994797Z test handler_local_stays_in_the_catch_and_both_assignments_can_join ... ok
stable / test and specification	UNKNOWN STEP	2026-10-08T16:10:39.3995424Z 
stable / test and specification	UNKNOWN STEP	2026-10-08T16:10:39.3995929Z test result: ok. 1 passed; 0 failed; 0 ignored; 0 measured; 0 filtered out; finished in 0.06s
stable / test and specification	UNKNOWN STEP	2026-10-08T16:10:39.3996422Z 
stable / test and specification	UNKNOWN STEP	2026-10-08T16:10:39.4002032Z ^[[1m^[[92m     Running^[[0m tests/p3_execution_comparison.rs (target/debug/deps/p3_execution_comparison-f23107e72059e5f7)
stable / test and specification	UNKNOWN STEP	2026-10-08T16:10:39.4077376Z 
stable / test and specification	UNKNOWN STEP	2026-10-08T16:10:39.4077656Z running 3 tests
stable / test and specification	UNKNOWN STEP	2026-10-08T16:10:39.4081524Z test the_bulk_entrys_bodies_are_the_same_text_and_the_same_behaviour ... ignored, needs a JDK on PATH: it compiles the wrappers it generates with `javac --release 8` and runs them (see tests/fixtures/p3-corpus/README.md)
stable / test and specification	UNKNOWN STEP	2026-10-08T16:10:39.4084382Z test the_corpus_is_read_the_same_way_by_every_legal_flag_set ... ignored, needs a JDK on PATH: it compiles the wrappers it generates with `javac --release 8` and runs them (see tests/fixtures/p3-corpus/README.md)
stable / test and specification	UNKNOWN STEP	2026-10-08T16:10:39.4087850Z test the_p3_findings_are_replayed_by_compiling_and_executing_the_bodies ... ignored, needs a JDK on PATH: it compiles the wrappers it generates with `javac --release 8` and runs them. `cargo test` therefore stays green without a compiler; CI's JDK job runs it with `-- --ignored` (see tests/fixtures/p3-corpus/README.md)
stable / test and specification	UNKNOWN STEP	2026-10-08T16:10:39.4089587Z 
stable / test and specification	UNKNOWN STEP	2026-10-08T16:10:39.4090110Z test result: ok. 0 passed; 0 failed; 3 ignored; 0 measured; 0 filtered out; finished in 0.00s
stable / test and specification	UNKNOWN STEP	2026-10-08T16:10:39.4090641Z 
stable / test and specification	UNKNOWN STEP	2026-10-08T16:10:39.4091482Z ^[[1m^[[92m     Running^[[0m tests/p3_field_increment.rs (target/debug/deps/p3_field_increment-3df150a1a3786a0f)
stable / test and specification	UNKNOWN STEP	2026-10-08T16:10:39.4162946Z 
stable / test and specification	UNKNOWN STEP	2026-10-08T16:10:39.4163250Z running 3 tests
stable / test and specification	UNKNOWN STEP	2026-10-08T16:10:39.4798906Z test a_post_increment_returns_the_old_value_and_a_pre_increment_the_sum ... ok
stable / test and specification	UNKNOWN STEP	2026-10-08T16:10:39.4909562Z test field_summary_is_independent_of_details_and_driver_range ... ok
stable / test and specification	UNKNOWN STEP	2026-10-08T16:10:39.4950074Z test the_update_is_the_text_the_instructions_that_perform_it_are_anchored_at ... ok
stable / test and specification	UNKNOWN STEP	2026-10-08T16:10:39.4950948Z 
stable / test and specification	UNKNOWN STEP	2026-10-08T16:10:39.4951801Z test result: ok. 3 passed; 0 failed; 0 ignored; 0 measured; 0 filtered out; finished in 0.08s
stable / test and specification	UNKNOWN STEP	2026-10-08T16:10:39.4952647Z 
stable / test and specification	UNKNOWN STEP	2026-10-08T16:10:39.4962056Z ^[[1m^[[92m     Running^[[0m tests/p3_field_presentations.rs (target/debug/deps/p3_field_presentations-75c98b3b17a84e18)
stable / test and specification	UNKNOWN STEP	2026-10-08T16:10:39.5039607Z 
stable / test and specification	UNKNOWN STEP	2026-10-08T16:10:39.5039868Z running 1 test
stable / test and specification	UNKNOWN STEP	2026-10-08T16:10:39.6033176Z test field_write_tracks_the_final_java_assignment_across_gateway_shapes ... ok
stable / test and specification	UNKNOWN STEP	2026-10-08T16:10:39.6034407Z 
stable / test and specification	UNKNOWN STEP	2026-10-08T16:10:39.6035372Z test result: ok. 1 passed; 0 failed; 0 ignored; 0 measured; 0 filtered out; finished in 0.10s
stable / test and specification	UNKNOWN STEP	2026-10-08T16:10:39.6036311Z 
stable / test and specification	UNKNOWN STEP	2026-10-08T16:10:39.6043021Z ^[[1m^[[92m     Running^[[0m tests/p3_final_static.rs (target/debug/deps/p3_final_static-699aaefb298b1b83)
stable / test and specification	UNKNOWN STEP	2026-10-08T16:10:39.6117077Z 
stable / test and specification	UNKNOWN STEP	2026-10-08T16:10:39.6117376Z running 5 tests
stable / test and specification	UNKNOWN STEP	2026-10-08T16:10:39.6906612Z test clinit_uses_simple_blank_final_writes_and_reserves_local_names ... ok
stable / test and specification	UNKNOWN STEP	2026-10-08T16:10:39.7130507Z test essential_sources_match_all_sources_but_publish_no_source_map ... ok
stable / test and specification	UNKNOWN STEP	2026-10-08T16:10:39.7790885Z test final_static_proof_rejects_missing_mismatch_owner_ambiguity_nonfinal_and_constant ... ok
stable / test and specification	UNKNOWN STEP	2026-10-08T16:10:39.7906733Z test fixture_keeps_the_static_final_and_instance_final_boundaries ... ok
stable / test and specification	UNKNOWN STEP	2026-10-08T16:10:39.7908561Z test recovered_complete_class_matches_original_in_both_clinit_branches ... ignored, requires JDK: compile and execute the original and recovered complete classes
stable / test and specification	UNKNOWN STEP	2026-10-08T16:10:39.7909672Z 
stable / test and specification	UNKNOWN STEP	2026-10-08T16:10:39.7910154Z test result: ok. 4 passed; 0 failed; 1 ignored; 0 measured; 0 filtered out; finished in 0.18s
stable / test and specification	UNKNOWN STEP	2026-10-08T16:10:39.7910522Z 
stable / test and specification	UNKNOWN STEP	2026-10-08T16:10:39.7917670Z ^[[1m^[[92m     Running^[[0m tests/p3_finally_straight.rs (target/debug/deps/p3_finally_straight-931253fa739ff839)
stable / test and specification	UNKNOWN STEP	2026-10-08T16:10:39.7996016Z 
stable / test and specification	UNKNOWN STEP	2026-10-08T16:10:39.7996235Z running 5 tests
stable / test and specification	UNKNOWN STEP	2026-10-08T16:10:39.8779393Z test a_branching_protected_body_stays_inside_structured_finally ... ok
stable / test and specification	UNKNOWN STEP	2026-10-08T16:10:39.8978978Z test a_divergent_copy_or_narrowed_range_stays_quoted ... ok
stable / test and specification	UNKNOWN STEP	2026-10-08T16:10:39.9013630Z test a_stack_value_crossing_the_protected_boundary_is_quoted ... ok
stable / test and specification	UNKNOWN STEP	2026-10-08T16:10:39.9050025Z test a_straight_lead_stays_before_the_protected_snapshot_return ... ok
stable / test and specification	UNKNOWN STEP	2026-10-08T16:10:39.9115563Z test a_straight_proved_copy_has_one_cleanup_and_returns_the_saved_local ... ok
stable / test and specification	UNKNOWN STEP	2026-10-08T16:10:39.9116185Z 
stable / test and specification	UNKNOWN STEP	2026-10-08T16:10:39.9116847Z test result: ok. 5 passed; 0 failed; 0 ignored; 0 measured; 0 filtered out; finished in 0.11s
stable / test and specification	UNKNOWN STEP	2026-10-08T16:10:39.9117485Z 
stable / test and specification	UNKNOWN STEP	2026-10-08T16:10:39.9128330Z ^[[1m^[[92m     Running^[[0m tests/p3_floating_constants.rs (target/debug/deps/p3_floating_constants-c201ec820fd131de)
stable / test and specification	UNKNOWN STEP	2026-10-08T16:10:39.9207253Z 
stable / test and specification	UNKNOWN STEP	2026-10-08T16:10:39.9207487Z running 4 tests
stable / test and specification	UNKNOWN STEP	2026-10-08T16:10:40.0442320Z test essential_and_all_have_the_same_text_but_only_all_has_source_origins ... ok
stable / test and specification	UNKNOWN STEP	2026-10-08T16:10:40.0698106Z test fixture_covers_typed_finite_and_special_float_values ... ok
stable / test and specification	UNKNOWN STEP	2026-10-08T16:10:40.0699874Z test recovered_complete_class_matches_frozen_original_raw_bits ... ignored, requires JDK: compile and execute the original and recovered complete classes
stable / test and specification	UNKNOWN STEP	2026-10-08T16:10:40.0953559Z test recovered_text_keeps_float_double_types_grouping_and_consumers ... ok
stable / test and specification	UNKNOWN STEP	2026-10-08T16:10:40.0954476Z 
stable / test and specification	UNKNOWN STEP	2026-10-08T16:10:40.0955132Z test result: ok. 3 passed; 0 failed; 1 ignored; 0 measured; 0 filtered out; finished in 0.17s
stable / test and specification	UNKNOWN STEP	2026-10-08T16:10:40.0955790Z 
stable / test and specification	UNKNOWN STEP	2026-10-08T16:10:40.0966709Z ^[[1m^[[92m     Running^[[0m tests/p3_for_add_store.rs (target/debug/deps/p3_for_add_store-2425f630e799692d)
stable / test and specification	UNKNOWN STEP	2026-10-08T16:10:40.1039287Z 
stable / test and specification	UNKNOWN STEP	2026-10-08T16:10:40.1039506Z running 3 tests
stable / test and specification	UNKNOWN STEP	2026-10-08T16:10:40.2396048Z test changed_step_extra_consumer_shared_effect_and_post_use_do_not_move ... ok
stable / test and specification	UNKNOWN STEP	2026-10-08T16:10:40.2463049Z test outer_continue_runs_the_update_and_skips_the_body_tail ... ok
stable / test and specification	UNKNOWN STEP	2026-10-08T16:10:40.2500510Z test pure_add_store_latch_is_one_for_update ... ok
stable / test and specification	UNKNOWN STEP	2026-10-08T16:10:40.2500895Z 
stable / test and specification	UNKNOWN STEP	2026-10-08T16:10:40.2501275Z test result: ok. 3 passed; 0 failed; 0 ignored; 0 measured; 0 filtered out; finished in 0.15s
stable / test and specification	UNKNOWN STEP	2026-10-08T16:10:40.2501666Z 
stable / test and specification	UNKNOWN STEP	2026-10-08T16:10:40.2511029Z ^[[1m^[[92m     Running^[[0m tests/p3_for_latch.rs (target/debug/deps/p3_for_latch-f6808961cea229d5)
stable / test and specification	UNKNOWN STEP	2026-10-08T16:10:40.2598385Z 
stable / test and specification	UNKNOWN STEP	2026-10-08T16:10:40.2598611Z running 3 tests
stable / test and specification	UNKNOWN STEP	2026-10-08T16:10:40.3656705Z test a_post_loop_use_or_another_update_refuses_the_header_projection ... ok
stable / test and specification	UNKNOWN STEP	2026-10-08T16:10:40.3669502Z test for_proof_obeys_the_request_budget_and_cancellation ... ok
stable / test and specification	UNKNOWN STEP	2026-10-08T16:10:40.3773060Z test the_single_induction_update_is_a_for_header ... ok
stable / test and specification	UNKNOWN STEP	2026-10-08T16:10:40.3773455Z 
stable / test and specification	UNKNOWN STEP	2026-10-08T16:10:40.3774155Z test result: ok. 3 passed; 0 failed; 0 ignored; 0 measured; 0 filtered out; finished in 0.12s
stable / test and specification	UNKNOWN STEP	2026-10-08T16:10:40.3774686Z 
stable / test and specification	UNKNOWN STEP	2026-10-08T16:10:40.3784283Z ^[[1m^[[92m     Running^[[0m tests/p3_forward_join.rs (target/debug/deps/p3_forward_join-7f360b0e5f4893cd)
stable / test and specification	UNKNOWN STEP	2026-10-08T16:10:40.3873210Z 
stable / test and specification	UNKNOWN STEP	2026-10-08T16:10:40.3873495Z running 3 tests
stable / test and specification	UNKNOWN STEP	2026-10-08T16:10:40.4608241Z test a_real_loop_is_still_a_while ... ok
stable / test and specification	UNKNOWN STEP	2026-10-08T16:10:40.4669887Z test the_shared_successor_of_an_and_is_the_outer_ifs_join ... ok
stable / test and specification	UNKNOWN STEP	2026-10-08T16:10:40.4729821Z test the_shared_successor_of_an_or_is_the_same_join ... ok
stable / test and specification	UNKNOWN STEP	2026-10-08T16:10:40.4730316Z 
stable / test and specification	UNKNOWN STEP	2026-10-08T16:10:40.4730979Z test result: ok. 3 passed; 0 failed; 0 ignored; 0 measured; 0 filtered out; finished in 0.09s
stable / test and specification	UNKNOWN STEP	2026-10-08T16:10:40.4731637Z 
stable / test and specification	UNKNOWN STEP	2026-10-08T16:10:40.4740363Z ^[[1m^[[92m     Running^[[0m tests/p3_guard.rs (target/debug/deps/p3_guard-bf151ad6272f6bae)
stable / test and specification	UNKNOWN STEP	2026-10-08T16:10:40.4814932Z 
stable / test and specification	UNKNOWN STEP	2026-10-08T16:10:40.4815222Z running 13 tests
stable / test and specification	UNKNOWN STEP	2026-10-08T16:10:40.5529665Z test a_close_the_exception_path_lacks_is_refused ... ok
stable / test and specification	UNKNOWN STEP	2026-10-08T16:10:40.5595551Z test a_finally_copy_is_refused_and_the_refusal_says_which_code_it_copies ... ok
stable / test and specification	UNKNOWN STEP	2026-10-08T16:10:40.5639211Z test a_guarded_body_that_branches_is_refused ... ok
stable / test and specification	UNKNOWN STEP	2026-10-08T16:10:40.5679921Z test a_handler_range_that_swallows_the_initialisation_is_refused ... ok
stable / test and specification	UNKNOWN STEP	2026-10-08T16:10:40.5719338Z test a_monitor_whose_exception_path_does_not_exit_is_refused ... ok
stable / test and specification	UNKNOWN STEP	2026-10-08T16:10:40.5758939Z test a_profile_that_does_not_admit_the_header_refuses_it ... ok
stable / test and specification	UNKNOWN STEP	2026-10-08T16:10:40.5853274Z test a_resource_initialised_after_an_earlier_one_is_inside_the_region_that_closes_it ... ok
stable / test and specification	UNKNOWN STEP	2026-10-08T16:10:40.5898887Z test a_second_entry_into_a_monitor_region_is_refused ... ok
stable / test and specification	UNKNOWN STEP	2026-10-08T16:10:40.5942846Z test a_single_resource_is_declared_in_the_header_and_closed_by_the_compiler ... ok
stable / test and specification	UNKNOWN STEP	2026-10-08T16:10:40.5983290Z test a_suppression_that_is_the_other_way_round_is_refused ... ok
stable / test and specification	UNKNOWN STEP	2026-10-08T16:10:40.6042347Z test a_synchronized_block_is_written_only_where_every_path_leaves_the_monitor ... ok
stable / test and specification	UNKNOWN STEP	2026-10-08T16:10:40.6090719Z test a_try_with_a_catch_beside_it_presents_the_statement_and_its_clause ... ok
stable / test and specification	UNKNOWN STEP	2026-10-08T16:10:40.6264879Z test three_resources_are_declared_in_the_order_whose_closes_run_backwards ... ok
stable / test and specification	UNKNOWN STEP	2026-10-08T16:10:40.6265353Z 
stable / test and specification	UNKNOWN STEP	2026-10-08T16:10:40.6265777Z test result: ok. 13 passed; 0 failed; 0 ignored; 0 measured; 0 filtered out; finished in 0.14s
stable / test and specification	UNKNOWN STEP	2026-10-08T16:10:40.6266153Z 
stable / test and specification	UNKNOWN STEP	2026-10-08T16:10:40.6273430Z ^[[1m^[[92m     Running^[[0m tests/p3_handler_store.rs (target/debug/deps/p3_handler_store-b61ae9e9d268bfad)
stable / test and specification	UNKNOWN STEP	2026-10-08T16:10:40.6485796Z 
stable / test and specification	UNKNOWN STEP	2026-10-08T16:10:40.6486081Z running 2 tests
stable / test and specification	UNKNOWN STEP	2026-10-08T16:10:40.7220057Z test a_handlers_own_binding_store_is_not_a_resource_header ... ok
stable / test and specification	UNKNOWN STEP	2026-10-08T16:10:40.7267259Z test no_instruction_of_the_member_is_outside_the_graphs_account ... ok
stable / test and specification	UNKNOWN STEP	2026-10-08T16:10:40.7267704Z 
stable / test and specification	UNKNOWN STEP	2026-10-08T16:10:40.7268191Z test result: ok. 2 passed; 0 failed; 0 ignored; 0 measured; 0 filtered out; finished in 0.08s
stable / test and specification	UNKNOWN STEP	2026-10-08T16:10:40.7268678Z 
stable / test and specification	UNKNOWN STEP	2026-10-08T16:10:40.7277809Z ^[[1m^[[92m     Running^[[0m tests/p3_hoisted_boolean.rs (target/debug/deps/p3_hoisted_boolean-a5a6bdc42afdcddb)
stable / test and specification	UNKNOWN STEP	2026-10-08T16:10:40.7344802Z 
stable / test and specification	UNKNOWN STEP	2026-10-08T16:10:40.7345057Z running 9 tests
stable / test and specification	UNKNOWN STEP	2026-10-08T16:10:40.7877835Z test a_copy_chain_through_another_boolean_local_stays_boolean ... ok
stable / test and specification	UNKNOWN STEP	2026-10-08T16:10:40.7906972Z test a_hoisted_local_copied_from_a_boolean_local_is_declared_boolean ... ok
stable / test and specification	UNKNOWN STEP	2026-10-08T16:10:40.7933925Z test a_write_that_cannot_be_spelled_as_the_decided_type_terminates_its_structure ... ok
stable / test and specification	UNKNOWN STEP	2026-10-08T16:10:40.7955942Z test an_int_local_at_a_boolean_return_uses_the_jvm_low_bit ... ok
stable / test and specification	UNKNOWN STEP	2026-10-08T16:10:40.8110772Z test every_declared_member_is_covered_by_this_file ... ok
stable / test and specification	UNKNOWN STEP	2026-10-08T16:10:40.8155195Z test the_conclusion_does_not_depend_on_the_order_the_arms_come_in ... ok
stable / test and specification	UNKNOWN STEP	2026-10-08T16:10:40.8192172Z test the_controls_the_evidence_types_keep_their_text ... ok
stable / test and specification	UNKNOWN STEP	2026-10-08T16:10:40.8216642Z test the_literal_only_local_keeps_the_type_the_frames_state ... ok
stable / test and specification	UNKNOWN STEP	2026-10-08T16:10:40.8254221Z test the_type_decision_is_billed_and_a_stopped_run_commits_nothing ... ok
stable / test and specification	UNKNOWN STEP	2026-10-08T16:10:40.8254915Z 
stable / test and specification	UNKNOWN STEP	2026-10-08T16:10:40.8255445Z test result: ok. 9 passed; 0 failed; 0 ignored; 0 measured; 0 filtered out; finished in 0.09s
stable / test and specification	UNKNOWN STEP	2026-10-08T16:10:40.8255962Z 
stable / test and specification	UNKNOWN STEP	2026-10-08T16:10:40.8262349Z ^[[1m^[[92m     Running^[[0m tests/p3_immediate_functional_receivers.rs (target/debug/deps/p3_immediate_functional_receivers-13f53597f1e95d02)
stable / test and specification	UNKNOWN STEP	2026-10-08T16:10:40.8346532Z 
stable / test and specification	UNKNOWN STEP	2026-10-08T16:10:40.8346793Z running 16 tests
stable / test and specification	UNKNOWN STEP	2026-10-08T16:10:42.2054444Z test a_branchy_lambda_helper_renames_while_the_straight_one_inlines ... ok
stable / test and specification	UNKNOWN STEP	2026-10-08T16:10:46.4896363Z test all_three_frozen_classes_keep_typed_immediate_receivers_and_compile_whole ... ok
stable / test and specification	UNKNOWN STEP	2026-10-08T16:10:47.1356153Z test an_overdeep_lambda_helper_renames_instead_of_walking_an_unbounded_body ... ok
stable / test and specification	UNKNOWN STEP	2026-10-08T16:10:47.7247638Z test array_constructor_projection_budget_stop_keeps_method_and_helper_together ... ok
stable / test and specification	UNKNOWN STEP	2026-10-08T16:10:48.8652252Z test captured_array_length_stays_a_lambda_call_and_keeps_its_physical_helper ... ok
stable / test and specification	UNKNOWN STEP	2026-10-08T16:10:49.4561939Z test captured_helper_handle_or_physical_flags_mismatch_refuses_omission ... ok
stable / test and specification	UNKNOWN STEP	2026-10-08T16:10:50.7360095Z test captured_int_parameter_precedes_sam_parameter_in_the_helper_mapping ... ok
stable / test and specification	UNKNOWN STEP	2026-10-08T16:10:51.4005453Z test captured_lambda_ir_budget_stop_keeps_physical_helpers_and_does_not_inline ... ok
stable / test and specification	UNKNOWN STEP	2026-10-08T16:10:53.3791059Z test class_source_projects_array_constructor_atomically_with_same_named_helper ... ok
stable / test and specification	UNKNOWN STEP	2026-10-08T16:10:54.6931536Z test direct_int_and_this_plus_int_captures_inline_with_call_time_semantics ... ok
stable / test and specification	UNKNOWN STEP	2026-10-08T16:10:55.9691765Z test effectful_capture_source_inlines_its_local_capture_once_with_call_time_semantics ... ok
stable / test and specification	UNKNOWN STEP	2026-10-08T16:10:57.0735730Z test lambda_helper_projection_budget_stop_does_not_publish_partial_helpers ... ok
stable / test and specification	UNKNOWN STEP	2026-10-08T16:10:58.3981371Z test no_capture_primitive_lambda_helpers_inline_as_one_class_projection ... ok
stable / test and specification	UNKNOWN STEP	2026-10-08T16:10:58.9816143Z test phi_merged_capture_source_is_refused_without_hiding_its_helper ... ok
stable / test and specification	UNKNOWN STEP	2026-10-08T16:10:59.0140264Z test raw_function_array_constructor_keeps_its_physical_helper_and_lambda_site ... ok
stable / test and specification	UNKNOWN STEP	2026-10-08T16:10:59.0180635Z test receiver_cast_output_and_ir_budgets_and_cancellation_do_not_publish_partial_java ... ok
stable / test and specification	UNKNOWN STEP	2026-10-08T16:10:59.0181175Z 
stable / test and specification	UNKNOWN STEP	2026-10-08T16:10:59.0181731Z test result: ok. 16 passed; 0 failed; 0 ignored; 0 measured; 0 filtered out; finished in 18.18s
stable / test and specification	UNKNOWN STEP	2026-10-08T16:10:59.0182236Z 
stable / test and specification	UNKNOWN STEP	2026-10-08T16:10:59.0192255Z ^[[1m^[[92m     Running^[[0m tests/p3_instance_receiver.rs (target/debug/deps/p3_instance_receiver-cf2c429d7d2db019)
stable / test and specification	UNKNOWN STEP	2026-10-08T16:10:59.0264377Z 
stable / test and specification	UNKNOWN STEP	2026-10-08T16:10:59.0264764Z running 4 tests
stable / test and specification	UNKNOWN STEP	2026-10-08T16:10:59.1026681Z test a_constructors_own_receiver_is_this_and_its_writes_keep_their_place ... ok
stable / test and specification	UNKNOWN STEP	2026-10-08T16:10:59.1165642Z test a_receiver_the_body_never_reads_is_not_written_and_is_no_longer_an_alias ... ok
stable / test and specification	UNKNOWN STEP	2026-10-08T16:10:59.1242581Z test a_static_members_slot_zero_is_still_its_ordinal_parameter ... ok
stable / test and specification	UNKNOWN STEP	2026-10-08T16:10:59.1317652Z test an_instance_members_receiver_is_written_as_this_where_the_body_reads_it ... ok
stable / test and specification	UNKNOWN STEP	2026-10-08T16:10:59.1318402Z 
stable / test and specification	UNKNOWN STEP	2026-10-08T16:10:59.1319136Z test result: ok. 4 passed; 0 failed; 0 ignored; 0 measured; 0 filtered out; finished in 0.11s
stable / test and specification	UNKNOWN STEP	2026-10-08T16:10:59.1319846Z 
stable / test and specification	UNKNOWN STEP	2026-10-08T16:10:59.1332028Z ^[[1m^[[92m     Running^[[0m tests/p3_instanceof.rs (target/debug/deps/p3_instanceof-00ea0354c9b2a26d)
stable / test and specification	UNKNOWN STEP	2026-10-08T16:10:59.1414890Z 
stable / test and specification	UNKNOWN STEP	2026-10-08T16:10:59.1415194Z running 7 tests
stable / test and specification	UNKNOWN STEP	2026-10-08T16:10:59.2447824Z test essential_and_all_have_the_same_text_but_only_all_has_source_origins ... ok
stable / test and specification	UNKNOWN STEP	2026-10-08T16:10:59.2612492Z test fixture_covers_positive_instanceof_shapes_without_merge_negative ... ok
stable / test and specification	UNKNOWN STEP	2026-10-08T16:10:59.2614918Z test frozen_instanceof_patches_have_expected_class_sizes ... ok
stable / test and specification	UNKNOWN STEP	2026-10-08T16:10:59.2684220Z test instanceof_method_replay_and_budget_stops_preserve_atomic_text_and_sources ... ok
stable / test and specification	UNKNOWN STEP	2026-10-08T16:10:59.2686081Z test recovered_complete_class_matches_original_runtime ... ignored, requires JDK: compile and execute original and recovered complete classes
stable / test and specification	UNKNOWN STEP	2026-10-08T16:10:59.2849913Z test recovered_instanceof_text_keeps_operands_targets_and_boolean_consumers ... ok
stable / test and specification	UNKNOWN STEP	2026-10-08T16:10:59.3636692Z test unsupported_instanceof_consumers_keep_producers_and_real_boundary_sources ... ok
stable / test and specification	UNKNOWN STEP	2026-10-08T16:10:59.3637188Z 
stable / test and specification	UNKNOWN STEP	2026-10-08T16:10:59.3637597Z test result: ok. 6 passed; 0 failed; 1 ignored; 0 measured; 0 filtered out; finished in 0.22s
stable / test and specification	UNKNOWN STEP	2026-10-08T16:10:59.3638368Z 
stable / test and specification	UNKNOWN STEP	2026-10-08T16:10:59.3651470Z ^[[1m^[[92m     Running^[[0m tests/p3_integer_boolean_return_boundaries.rs (target/debug/deps/p3_integer_boolean_return_boundaries-2c1145048dcb8883)
stable / test and specification	UNKNOWN STEP	2026-10-08T16:10:59.3725985Z 
stable / test and specification	UNKNOWN STEP	2026-10-08T16:10:59.3726212Z running 1 test
stable / test and specification	UNKNOWN STEP	2026-10-08T16:11:00.1310451Z test shared_switch_operand_arms_and_real_ireturn_are_distinct_origins ... ok
stable / test and specification	UNKNOWN STEP	2026-10-08T16:11:00.1311101Z 
stable / test and specification	UNKNOWN STEP	2026-10-08T16:11:00.1311774Z test result: ok. 1 passed; 0 failed; 0 ignored; 0 measured; 0 filtered out; finished in 0.76s
stable / test and specification	UNKNOWN STEP	2026-10-08T16:11:00.1312412Z 
stable / test and specification	UNKNOWN STEP	2026-10-08T16:11:00.1324693Z ^[[1m^[[92m     Running^[[0m tests/p3_integer_boolean_return_contract.rs (target/debug/deps/p3_integer_boolean_return_contract-926f231b625c77fe)
stable / test and specification	UNKNOWN STEP	2026-10-08T16:11:00.1419600Z 
stable / test and specification	UNKNOWN STEP	2026-10-08T16:11:00.1419935Z running 5 tests
stable / test and specification	UNKNOWN STEP	2026-10-08T16:11:00.2346772Z test evidence_modes_and_replay_keep_the_same_body ... ok
stable / test and specification	UNKNOWN STEP	2026-10-08T16:11:00.2452016Z test integer_boolean_returns_are_structured_and_keep_operand_and_return_sources ... ok
stable / test and specification	UNKNOWN STEP	2026-10-08T16:11:00.2497825Z test raw_boolean_argument_boundary_remains_refused ... ok
stable / test and specification	UNKNOWN STEP	2026-10-08T16:11:00.2564625Z test shared_switch_uses_arm_evaluation_and_real_return_sources ... ok
stable / test and specification	UNKNOWN STEP	2026-10-08T16:11:00.2687280Z test tight_output_budget_and_precancellation_publish_no_partial_conversion ... ok
stable / test and specification	UNKNOWN STEP	2026-10-08T16:11:00.2687944Z 
stable / test and specification	UNKNOWN STEP	2026-10-08T16:11:00.2688601Z test result: ok. 5 passed; 0 failed; 0 ignored; 0 measured; 0 filtered out; finished in 0.13s
stable / test and specification	UNKNOWN STEP	2026-10-08T16:11:00.2689244Z 
stable / test and specification	UNKNOWN STEP	2026-10-08T16:11:00.2699787Z ^[[1m^[[92m     Running^[[0m tests/p3_integer_boolean_returns.rs (target/debug/deps/p3_integer_boolean_returns-a4e0d3519aa06e71)
stable / test and specification	UNKNOWN STEP	2026-10-08T16:11:00.2717140Z 
stable / test and specification	UNKNOWN STEP	2026-10-08T16:11:00.2717468Z running 2 tests
stable / test and specification	UNKNOWN STEP	2026-10-08T16:11:01.5185789Z test complete_recovered_fixture_is_zero_quote_and_recompiles_to_same_execution ... ok
stable / test and specification	UNKNOWN STEP	2026-10-08T16:11:02.2239219Z test permanent_class_verifies_and_exposes_all_required_integer_boolean_shapes ... ok
stable / test and specification	UNKNOWN STEP	2026-10-08T16:11:02.2239654Z 
stable / test and specification	UNKNOWN STEP	2026-10-08T16:11:02.2240044Z test result: ok. 2 passed; 0 failed; 0 ignored; 0 measured; 0 filtered out; finished in 1.95s
stable / test and specification	UNKNOWN STEP	2026-10-08T16:11:02.2240429Z 
stable / test and specification	UNKNOWN STEP	2026-10-08T16:11:02.2246320Z ^[[1m^[[92m     Running^[[0m tests/p3_invocation_arguments.rs (target/debug/deps/p3_invocation_arguments-b46f2eca8d1aa974)
stable / test and specification	UNKNOWN STEP	2026-10-08T16:11:02.2318415Z 
stable / test and specification	UNKNOWN STEP	2026-10-08T16:11:02.2318843Z running 4 tests
stable / test and specification	UNKNOWN STEP	2026-10-08T16:11:02.3145904Z test call_casts_keep_their_call_site_as_derived_provenance ... ok
stable / test and specification	UNKNOWN STEP	2026-10-08T16:11:02.3305405Z test fixture_has_one_real_class_and_all_argument_shapes ... ok
stable / test and specification	UNKNOWN STEP	2026-10-08T16:11:02.3465732Z test recovered_calls_keep_their_invocation_argument_types ... ok
stable / test and specification	UNKNOWN STEP	2026-10-08T16:11:02.3466803Z test recovered_invocation_arguments_match_original_runtime ... ignored, requires JDK: compile Engine::class_source output and execute a temporary runner
stable / test and specification	UNKNOWN STEP	2026-10-08T16:11:02.3467414Z 
stable / test and specification	UNKNOWN STEP	2026-10-08T16:11:02.3467817Z test result: ok. 3 passed; 0 failed; 1 ignored; 0 measured; 0 filtered out; finished in 0.11s
stable / test and specification	UNKNOWN STEP	2026-10-08T16:11:02.3468182Z 
stable / test and specification	UNKNOWN STEP	2026-10-08T16:11:02.3478125Z ^[[1m^[[92m     Running^[[0m tests/p3_isolation.rs (target/debug/deps/p3_isolation-9d916333065b3c4b)
stable / test and specification	UNKNOWN STEP	2026-10-08T16:11:02.3563181Z 
stable / test and specification	UNKNOWN STEP	2026-10-08T16:11:02.3563510Z running 1 test
stable / test and specification	UNKNOWN STEP	2026-10-08T16:11:02.4114549Z test a_physical_query_constructs_none_of_the_recovery_layer_and_the_recovery_run_constructs_it ... ok
stable / test and specification	UNKNOWN STEP	2026-10-08T16:11:02.4115240Z 
stable / test and specification	UNKNOWN STEP	2026-10-08T16:11:02.4115791Z test result: ok. 1 passed; 0 failed; 0 ignored; 0 measured; 0 filtered out; finished in 0.05s
stable / test and specification	UNKNOWN STEP	2026-10-08T16:11:02.4116321Z 
stable / test and specification	UNKNOWN STEP	2026-10-08T16:11:02.4122599Z ^[[1m^[[92m     Running^[[0m tests/p3_iterable_foreach.rs (target/debug/deps/p3_iterable_foreach-f7022b72e677168e)
stable / test and specification	UNKNOWN STEP	2026-10-08T16:11:02.4199467Z 
stable / test and specification	UNKNOWN STEP	2026-10-08T16:11:02.4199730Z running 5 tests
stable / test and specification	UNKNOWN STEP	2026-10-08T16:11:08.4465437Z test complete_java8_debug_and_nodebug_classes_match_original_execution ... ok
stable / test and specification	UNKNOWN STEP	2026-10-08T16:11:08.5141455Z test direct_iterable_projects_with_or_without_debug_names_and_preserves_cast ... ok
stable / test and specification	UNKNOWN STEP	2026-10-08T16:11:12.4105268Z test platform_collection_owners_project_only_with_matching_proof_and_preserve_execution ... ok
stable / test and specification	UNKNOWN STEP	2026-10-08T16:11:12.4451471Z test source_selection_and_bounded_stops_keep_the_loop_atomic ... ok
stable / test and specification	UNKNOWN STEP	2026-10-08T16:11:14.0086587Z test subtype_owners_project_and_extra_next_or_iterator_escape_refuse ... ok
stable / test and specification	UNKNOWN STEP	2026-10-08T16:11:14.0087229Z 
stable / test and specification	UNKNOWN STEP	2026-10-08T16:11:14.0087892Z test result: ok. 5 passed; 0 failed; 0 ignored; 0 measured; 0 filtered out; finished in 11.59s
stable / test and specification	UNKNOWN STEP	2026-10-08T16:11:14.0088542Z 
stable / test and specification	UNKNOWN STEP	2026-10-08T16:11:14.0099012Z ^[[1m^[[92m     Running^[[0m tests/p3_labeled_loop_tail.rs (target/debug/deps/p3_labeled_loop_tail-7560b5d4e03d02dc)
stable / test and specification	UNKNOWN STEP	2026-10-08T16:11:14.0171572Z 
stable / test and specification	UNKNOWN STEP	2026-10-08T16:11:14.0171836Z running 5 tests
stable / test and specification	UNKNOWN STEP	2026-10-08T16:11:14.1111113Z test the_break_label_tail_and_the_mixed_tail_keep_their_statements ... ok
stable / test and specification	UNKNOWN STEP	2026-10-08T16:11:14.1182323Z test the_continue_label_tail_presents_its_trailing_call_without_a_quote ... ok
stable / test and specification	UNKNOWN STEP	2026-10-08T16:11:16.8413033Z test the_recovered_classes_compile_and_run_the_original_paths ... ok
stable / test and specification	UNKNOWN STEP	2026-10-08T16:11:16.8590045Z test the_unlabeled_control_keeps_its_exact_text_and_l1_changes_only_the_label ... ok
stable / test and specification	UNKNOWN STEP	2026-10-08T16:11:16.8694742Z test two_nested_labeled_loops_spell_loop_and_loop2 ... ok
stable / test and specification	UNKNOWN STEP	2026-10-08T16:11:16.8695254Z 
stable / test and specification	UNKNOWN STEP	2026-10-08T16:11:16.8695920Z test result: ok. 5 passed; 0 failed; 0 ignored; 0 measured; 0 filtered out; finished in 2.85s
stable / test and specification	UNKNOWN STEP	2026-10-08T16:11:16.8696547Z 
stable / test and specification	UNKNOWN STEP	2026-10-08T16:11:16.8709115Z ^[[1m^[[92m     Running^[[0m tests/p3_lambda_adaptation.rs (target/debug/deps/p3_lambda_adaptation-55247d971bb78f6c)
stable / test and specification	UNKNOWN STEP	2026-10-08T16:11:16.8790511Z 
stable / test and specification	UNKNOWN STEP	2026-10-08T16:11:16.8790718Z running 12 tests
stable / test and specification	UNKNOWN STEP	2026-10-08T16:11:16.9845847Z test adaptation_budget_stops_without_publishing_a_partial_body ... ok
stable / test and specification	UNKNOWN STEP	2026-10-08T16:11:16.9960680Z test all_fixture_methods_are_structured ... ok
stable / test and specification	UNKNOWN STEP	2026-10-08T16:11:17.0004469Z test bound_null_control_keeps_its_creation_time_refusal ... ok
stable / test and specification	UNKNOWN STEP	2026-10-08T16:11:17.0363120Z test bound_null_refusal_does_not_swallow_an_internal_plan_budget_stop ... ok
stable / test and specification	UNKNOWN STEP	2026-10-08T16:11:17.1028769Z test captured_adapter_budget_stops_inside_nested_value_rendering ... ok
stable / test and specification	UNKNOWN STEP	2026-10-08T16:11:17.1114471Z test captured_lambda_adaptation_keeps_the_site_and_real_capture_producer_origins ... ok
stable / test and specification	UNKNOWN STEP	2026-10-08T16:11:17.1321912Z test essential_and_all_have_the_same_text_but_only_all_has_source_origins ... ok
stable / test and specification	UNKNOWN STEP	2026-10-08T16:11:17.1449779Z test one_adapted_method_keeps_the_real_site_origin_and_evidence_independent_body ... ok
stable / test and specification	UNKNOWN STEP	2026-10-08T16:11:17.1554585Z test precancelled_adaptation_does_not_publish_a_partial_body ... ok
stable / test and specification	UNKNOWN STEP	2026-10-08T16:11:17.1556617Z test recovered_captured_lambda_matches_original_runtime_with_bound_null_control ... ignored, requires JDK: compile and execute original and recovered captured-lambda classes
stable / test and specification	UNKNOWN STEP	2026-10-08T16:11:17.1559154Z test recovered_complete_class_matches_original_order_exceptions_and_calls ... ignored, requires JDK: compile and execute the original and recovered complete classes
stable / test and specification	UNKNOWN STEP	2026-10-08T16:11:17.1665155Z test recovered_text_keeps_dynamic_checks_receiver_order_and_controls ... ok
stable / test and specification	UNKNOWN STEP	2026-10-08T16:11:17.1665762Z 
stable / test and specification	UNKNOWN STEP	2026-10-08T16:11:17.1666192Z test result: ok. 10 passed; 0 failed; 2 ignored; 0 measured; 0 filtered out; finished in 0.29s
stable / test and specification	UNKNOWN STEP	2026-10-08T16:11:17.1666581Z 
stable / test and specification	UNKNOWN STEP	2026-10-08T16:11:17.1678215Z ^[[1m^[[92m     Running^[[0m tests/p3_local_postfix_array_elements.rs (target/debug/deps/p3_local_postfix_array_elements-0462f3b8099a0988)
stable / test and specification	UNKNOWN STEP	2026-10-08T16:11:17.1756170Z 
stable / test and specification	UNKNOWN STEP	2026-10-08T16:11:17.1756408Z running 5 tests
stable / test and specification	UNKNOWN STEP	2026-10-08T16:11:17.1759349Z test complete_class_matches_five_verified_jvm_rows ... ignored, requires a JDK for complete Java 8 class comparison
stable / test and specification	UNKNOWN STEP	2026-10-08T16:11:17.2519889Z test local_postfix_is_one_ordered_element_with_complete_sources ... ok
stable / test and specification	UNKNOWN STEP	2026-10-08T16:11:17.2546043Z test low_budget_and_pre_cancellation_do_not_commit_a_partial_postfix ... ok
stable / test and specification	UNKNOWN STEP	2026-10-08T16:11:17.2547722Z test patched_controls_remain_verifier_valid_and_distinguishable ... ignored, requires a JDK to verify the patched control classes
stable / test and specification	UNKNOWN STEP	2026-10-08T16:11:17.2611112Z test plus_two_and_other_slot_are_not_local_postfix_values ... ok
stable / test and specification	UNKNOWN STEP	2026-10-08T16:11:17.2611462Z 
stable / test and specification	UNKNOWN STEP	2026-10-08T16:11:17.2612137Z test result: ok. 3 passed; 0 failed; 2 ignored; 0 measured; 0 filtered out; finished in 0.09s
stable / test and specification	UNKNOWN STEP	2026-10-08T16:11:17.2613310Z 
stable / test and specification	UNKNOWN STEP	2026-10-08T16:11:17.2624391Z ^[[1m^[[92m     Running^[[0m tests/p3_local_rewrite.rs (target/debug/deps/p3_local_rewrite-b83e570530c7425b)
stable / test and specification	UNKNOWN STEP	2026-10-08T16:11:17.2639010Z 
stable / test and specification	UNKNOWN STEP	2026-10-08T16:11:17.2639349Z running 7 tests
stable / test and specification	UNKNOWN STEP	2026-10-08T16:11:17.2673135Z test a_branch_on_a_superseded_load_tests_the_postfix_expression ... ok
stable / test and specification	UNKNOWN STEP	2026-10-08T16:11:17.2691132Z test a_mixed_artifacts_quotes_are_mapped_whole_and_its_scan_stays_complete ... ok
stable / test and specification	UNKNOWN STEP	2026-10-08T16:11:17.2719875Z test a_slot_written_and_read_again_is_still_written_with_the_slot_name ... ok
stable / test and specification	UNKNOWN STEP	2026-10-08T16:11:17.2736774Z test a_store_of_a_superseded_load_writes_the_postfix_expression ... ok
stable / test and specification	UNKNOWN STEP	2026-10-08T16:11:17.2762854Z test a_value_loaded_before_a_loop_is_still_named_after_the_body_rewrote_the_slot ... ok
stable / test and specification	UNKNOWN STEP	2026-10-08T16:11:17.2779128Z test a_value_the_slot_no_longer_holds_is_not_returned_through_the_slot_name ... ok
stable / test and specification	UNKNOWN STEP	2026-10-08T16:11:17.2796187Z test the_producer_behind_a_cast_that_this_slice_cannot_present_stays_in_the_answer ... ok
stable / test and specification	UNKNOWN STEP	2026-10-08T16:11:17.2796626Z 
stable / test and specification	UNKNOWN STEP	2026-10-08T16:11:17.2797033Z test result: ok. 7 passed; 0 failed; 0 ignored; 0 measured; 0 filtered out; finished in 0.02s
stable / test and specification	UNKNOWN STEP	2026-10-08T16:11:17.2797405Z 
stable / test and specification	UNKNOWN STEP	2026-10-08T16:11:17.2802716Z ^[[1m^[[92m     Running^[[0m tests/p3_long_field_assignment_result.rs (target/debug/deps/p3_long_field_assignment_result-53a2f4cd2c458b17)
stable / test and specification	UNKNOWN STEP	2026-10-08T16:11:17.2893869Z 
stable / test and specification	UNKNOWN STEP	2026-10-08T16:11:17.2894264Z running 3 tests
stable / test and specification	UNKNOWN STEP	2026-10-08T16:11:17.3639074Z test output_budget_and_cancellation_publish_no_partial_pair ... ok
stable / test and specification	UNKNOWN STEP	2026-10-08T16:11:17.3838414Z test owner_width_extra_consumers_and_handlers_do_not_project_the_pair ... ok
stable / test and specification	UNKNOWN STEP	2026-10-08T16:11:17.3877668Z test the_two_category2_consumers_become_one_field_write_and_one_return ... ok
stable / test and specification	UNKNOWN STEP	2026-10-08T16:11:17.3878154Z 
stable / test and specification	UNKNOWN STEP	2026-10-08T16:11:17.3878681Z test result: ok. 3 passed; 0 failed; 0 ignored; 0 measured; 0 filtered out; finished in 0.10s
stable / test and specification	UNKNOWN STEP	2026-10-08T16:11:17.3879189Z 
stable / test and specification	UNKNOWN STEP	2026-10-08T16:11:17.3891299Z ^[[1m^[[92m     Running^[[0m tests/p3_loop_arm_join.rs (target/debug/deps/p3_loop_arm_join-56bc650195052052)
stable / test and specification	UNKNOWN STEP	2026-10-08T16:11:17.3975926Z 
stable / test and specification	UNKNOWN STEP	2026-10-08T16:11:17.3976217Z running 4 tests
stable / test and specification	UNKNOWN STEP	2026-10-08T16:11:17.4748899Z test a_second_loop_entry_or_different_exit_keeps_the_method_quoted ... ok
stable / test and specification	UNKNOWN STEP	2026-10-08T16:11:17.4775040Z test budget_and_cancellation_do_not_publish_a_partial_loop_arm ... ok
stable / test and specification	UNKNOWN STEP	2026-10-08T16:11:17.4943490Z test extra_loop_transfers_do_not_claim_the_inner_join_tail ... ok
stable / test and specification	UNKNOWN STEP	2026-10-08T16:11:17.5012442Z test loop_arm_joins_before_the_outer_arm_tail_once ... ok
stable / test and specification	UNKNOWN STEP	2026-10-08T16:11:17.5012814Z 
stable / test and specification	UNKNOWN STEP	2026-10-08T16:11:17.5013314Z test result: ok. 4 passed; 0 failed; 0 ignored; 0 measured; 0 filtered out; finished in 0.10s
stable / test and specification	UNKNOWN STEP	2026-10-08T16:11:17.5013962Z 
stable / test and specification	UNKNOWN STEP	2026-10-08T16:11:17.5023139Z ^[[1m^[[92m     Running^[[0m tests/p3_loop_boolean_do.rs (target/debug/deps/p3_loop_boolean_do-621c3ec4c3868d19)
stable / test and specification	UNKNOWN STEP	2026-10-08T16:11:17.5100348Z 
stable / test and specification	UNKNOWN STEP	2026-10-08T16:11:17.5100602Z running 8 tests
stable / test and specification	UNKNOWN STEP	2026-10-08T16:11:18.1380062Z test a_continue_edge_that_enters_the_latch_chain_by_a_second_route_is_quoted ... ok
stable / test and specification	UNKNOWN STEP	2026-10-08T16:11:18.6727731Z test a_mixed_latch_chain_is_not_presented_as_one_short_circuit_condition ... ok
stable / test and specification	UNKNOWN STEP	2026-10-08T16:11:20.0230432Z test a_proved_break_skips_the_side_effecting_latch_call ... ok
stable / test and specification	UNKNOWN STEP	2026-10-08T16:11:20.0279627Z test a_switch_break_inside_do_while_is_not_emitted_as_an_unmarked_loop_break ... ok
stable / test and specification	UNKNOWN STEP	2026-10-08T16:11:20.5546175Z test an_effect_between_latch_tests_is_not_moved_into_or_out_of_the_condition ... ok
stable / test and specification	UNKNOWN STEP	2026-10-08T16:11:22.2815287Z test body_continue_and_break_edges_recover_with_original_trace_and_sources ... ok
stable / test and specification	UNKNOWN STEP	2026-10-08T16:11:24.2121068Z test compound_do_while_tests_keep_the_shared_body_prefix_and_have_execution_parity ... ok
stable / test and specification	UNKNOWN STEP	2026-10-08T16:11:24.2136758Z test do_while_transfer_recovery_obeys_budget_and_cancellation ... ok
stable / test and specification	UNKNOWN STEP	2026-10-08T16:11:24.2137208Z 
stable / test and specification	UNKNOWN STEP	2026-10-08T16:11:24.2137758Z test result: ok. 8 passed; 0 failed; 0 ignored; 0 measured; 0 filtered out; finished in 6.70s
stable / test and specification	UNKNOWN STEP	2026-10-08T16:11:24.2138294Z 
stable / test and specification	UNKNOWN STEP	2026-10-08T16:11:24.2150575Z ^[[1m^[[92m     Running^[[0m tests/p3_loop_boolean_exit.rs (target/debug/deps/p3_loop_boolean_exit-7893f90216f0acbc)
stable / test and specification	UNKNOWN STEP	2026-10-08T16:11:24.2231823Z 
stable / test and specification	UNKNOWN STEP	2026-10-08T16:11:24.2232047Z running 3 tests
stable / test and specification	UNKNOWN STEP	2026-10-08T16:11:24.8325866Z test an_independent_effect_between_header_tests_is_never_folded_into_the_condition ... ok
stable / test and specification	UNKNOWN STEP	2026-10-08T16:11:24.8419343Z test proved_header_test_chains_become_short_circuit_loop_conditions ... ok
stable / test and specification	UNKNOWN STEP	2026-10-08T16:11:26.1942047Z test recovered_loop_exit_matches_the_java8_class_for_terminating_and_continuing_inputs ... ok
stable / test and specification	UNKNOWN STEP	2026-10-08T16:11:26.1942521Z 
stable / test and specification	UNKNOWN STEP	2026-10-08T16:11:26.1942931Z test result: ok. 3 passed; 0 failed; 0 ignored; 0 measured; 0 filtered out; finished in 1.97s
stable / test and specification	UNKNOWN STEP	2026-10-08T16:11:26.1943310Z 
stable / test and specification	UNKNOWN STEP	2026-10-08T16:11:26.1954732Z ^[[1m^[[92m     Running^[[0m tests/p3_loop_test_values.rs (target/debug/deps/p3_loop_test_values-833a30d41a1fd0d8)
stable / test and specification	UNKNOWN STEP	2026-10-08T16:11:26.2031465Z 
stable / test and specification	UNKNOWN STEP	2026-10-08T16:11:26.2031816Z running 4 tests
stable / test and specification	UNKNOWN STEP	2026-10-08T16:11:26.2801808Z test a_field_condition_survives_beside_an_increment_test_in_the_same_method ... ok
stable / test and specification	UNKNOWN STEP	2026-10-08T16:11:26.2871307Z test a_store_in_a_loop_test_remains_refused ... ok
stable / test and specification	UNKNOWN STEP	2026-10-08T16:11:26.2935359Z test an_iinc_in_a_loop_test_is_presented_in_place ... ok
stable / test and specification	UNKNOWN STEP	2026-10-08T16:11:26.3018512Z test an_iterator_call_consumed_by_the_loop_branch_stays_in_the_condition ... ok
stable / test and specification	UNKNOWN STEP	2026-10-08T16:11:26.3019059Z 
stable / test and specification	UNKNOWN STEP	2026-10-08T16:11:26.3019618Z test result: ok. 4 passed; 0 failed; 0 ignored; 0 measured; 0 filtered out; finished in 0.10s
stable / test and specification	UNKNOWN STEP	2026-10-08T16:11:26.3020102Z 
stable / test and specification	UNKNOWN STEP	2026-10-08T16:11:26.3032442Z ^[[1m^[[92m     Running^[[0m tests/p3_loop_transfers.rs (target/debug/deps/p3_loop_transfers-fe52c68e45dfcca1)
stable / test and specification	UNKNOWN STEP	2026-10-08T16:11:26.3116935Z 
stable / test and specification	UNKNOWN STEP	2026-10-08T16:11:26.3117284Z running 5 tests
stable / test and specification	UNKNOWN STEP	2026-10-08T16:11:26.3924514Z test a_nested_if_remains_in_the_loop_body_after_a_nested_region_returns ... ok
stable / test and specification	UNKNOWN STEP	2026-10-08T16:11:26.3978948Z test a_switch_capturing_a_loop_break_keeps_the_loop_target_and_body_update ... ok
stable / test and specification	UNKNOWN STEP	2026-10-08T16:11:26.4032577Z test an_outer_continue_runs_the_proved_for_update_and_skips_the_body_tail ... ok
stable / test and specification	UNKNOWN STEP	2026-10-08T16:11:26.4140694Z test nested_breaks_stay_in_the_taken_arm_and_outer_break_keeps_its_loop_target ... ok
stable / test and specification	UNKNOWN STEP	2026-10-08T16:11:26.4235045Z test the_for_header_and_continue_keep_their_bytecode_origins ... ok
stable / test and specification	UNKNOWN STEP	2026-10-08T16:11:26.4235780Z 
stable / test and specification	UNKNOWN STEP	2026-10-08T16:11:26.4236324Z test result: ok. 5 passed; 0 failed; 0 ignored; 0 measured; 0 filtered out; finished in 0.11s
stable / test and specification	UNKNOWN STEP	2026-10-08T16:11:26.4236859Z 
stable / test and specification	UNKNOWN STEP	2026-10-08T16:11:26.4246234Z ^[[1m^[[92m     Running^[[0m tests/p3_loop_try_handler_entry.rs (target/debug/deps/p3_loop_try_handler_entry-f4abaa2ca878dba9)
stable / test and specification	UNKNOWN STEP	2026-10-08T16:11:26.4262575Z 
stable / test and specification	UNKNOWN STEP	2026-10-08T16:11:26.4262823Z running 6 tests
stable / test and specification	UNKNOWN STEP	2026-10-08T16:11:26.4335835Z test a_handler_with_incompatible_table_range_is_refused ... ok
stable / test and specification	UNKNOWN STEP	2026-10-08T16:11:26.4398709Z test a_preinitialized_local_keeps_its_computed_try_update_and_post_loop_read ... ok
stable / test and specification	UNKNOWN STEP	2026-10-08T16:11:26.4454614Z test an_unproved_computed_write_refuses_its_cross_region_read ... ok
stable / test and specification	UNKNOWN STEP	2026-10-08T16:11:26.4457765Z test budget_and_cancellation_publish_no_partial_loop ... ok
stable / test and specification	UNKNOWN STEP	2026-10-08T16:11:26.4517507Z test catch_rejoins_inside_its_enclosing_loop ... ok
stable / test and specification	UNKNOWN STEP	2026-10-08T16:11:26.4571155Z test every_row_sharing_a_handler_must_belong_to_the_loop ... ok
stable / test and specification	UNKNOWN STEP	2026-10-08T16:11:26.4571807Z 
stable / test and specification	UNKNOWN STEP	2026-10-08T16:11:26.4572386Z test result: ok. 6 passed; 0 failed; 0 ignored; 0 measured; 0 filtered out; finished in 0.03s
stable / test and specification	UNKNOWN STEP	2026-10-08T16:11:26.4572899Z 
stable / test and specification	UNKNOWN STEP	2026-10-08T16:11:26.4580514Z ^[[1m^[[92m     Running^[[0m tests/p3_meeting.rs (target/debug/deps/p3_meeting-8db9ce71a9f492fd)
stable / test and specification	UNKNOWN STEP	2026-10-08T16:11:26.4674863Z 
stable / test and specification	UNKNOWN STEP	2026-10-08T16:11:26.4675203Z running 6 tests
stable / test and specification	UNKNOWN STEP	2026-10-08T16:11:26.5462731Z test a_char_return_spells_the_code_unit_its_constant_stands_for ... ok
stable / test and specification	UNKNOWN STEP	2026-10-08T16:11:26.5596417Z test a_discarded_call_result_is_the_calls_own_statement ... ok
stable / test and specification	UNKNOWN STEP	2026-10-08T16:11:26.5728017Z test a_popped_evaluation_is_the_static_calls_qualifier ... ok
stable / test and specification	UNKNOWN STEP	2026-10-08T16:11:26.5858846Z test a_position_performs_its_own_widening ... ok
stable / test and specification	UNKNOWN STEP	2026-10-08T16:11:26.5988376Z test no_shape_of_the_rule_claims_a_pop2 ... ok
stable / test and specification	UNKNOWN STEP	2026-10-08T16:11:26.6117585Z test real_primitive_conversions_are_spelled_from_their_instructions ... ok
stable / test and specification	UNKNOWN STEP	2026-10-08T16:11:26.6118055Z 
stable / test and specification	UNKNOWN STEP	2026-10-08T16:11:26.6118850Z test result: ok. 6 passed; 0 failed; 0 ignored; 0 measured; 0 filtered out; finished in 0.14s
stable / test and specification	UNKNOWN STEP	2026-10-08T16:11:26.6119219Z 
stable / test and specification	UNKNOWN STEP	2026-10-08T16:11:26.6128826Z ^[[1m^[[92m     Running^[[0m tests/p3_method_ir.rs (target/debug/deps/p3_method_ir-40ee494d383e962f)
stable / test and specification	UNKNOWN STEP	2026-10-08T16:11:26.6184811Z 
stable / test and specification	UNKNOWN STEP	2026-10-08T16:11:26.6185033Z running 4 tests
stable / test and specification	UNKNOWN STEP	2026-10-08T16:11:26.6289456Z test a_cancelled_request_hands_over_no_table_and_keeps_its_cancellation ... ok
stable / test and specification	UNKNOWN STEP	2026-10-08T16:11:26.6382560Z test a_request_that_publishes_only_the_graph_hands_over_only_that_table ... ok
stable / test and specification	UNKNOWN STEP	2026-10-08T16:11:26.6687143Z test the_handoff_seam_exposes_no_mutable_or_publicly_stored_table ... ok
stable / test and specification	UNKNOWN STEP	2026-10-08T16:11:26.6712898Z test the_payload_carries_the_tables_of_one_real_run ... ok
stable / test and specification	UNKNOWN STEP	2026-10-08T16:11:26.6713290Z 
stable / test and specification	UNKNOWN STEP	2026-10-08T16:11:26.6714125Z test result: ok. 4 passed; 0 failed; 0 ignored; 0 measured; 0 filtered out; finished in 0.05s
stable / test and specification	UNKNOWN STEP	2026-10-08T16:11:26.6715047Z 
stable / test and specification	UNKNOWN STEP	2026-10-08T16:11:26.6718718Z ^[[1m^[[92m     Running^[[0m tests/p3_mixed_short_circuit_argument.rs (target/debug/deps/p3_mixed_short_circuit_argument-35b39d0c40b060e1)
stable / test and specification	UNKNOWN STEP	2026-10-08T16:11:26.6788581Z 
stable / test and specification	UNKNOWN STEP	2026-10-08T16:11:26.6788800Z running 3 tests
stable / test and specification	UNKNOWN STEP	2026-10-08T16:11:26.7768405Z test exhausted_budget_and_cancellation_do_not_publish_a_partial_sink ... ok
stable / test and specification	UNKNOWN STEP	2026-10-08T16:11:28.0271667Z test mixed_argument_complete_class_matches_all_eight_jvm_paths ... ok
stable / test and specification	UNKNOWN STEP	2026-10-08T16:11:28.0355498Z test mixed_argument_has_one_structured_sink_call_and_complete_sources ... ok
stable / test and specification	UNKNOWN STEP	2026-10-08T16:11:28.0356145Z 
stable / test and specification	UNKNOWN STEP	2026-10-08T16:11:28.0356799Z test result: ok. 3 passed; 0 failed; 0 ignored; 0 measured; 0 filtered out; finished in 1.36s
stable / test and specification	UNKNOWN STEP	2026-10-08T16:11:28.0357441Z 
stable / test and specification	UNKNOWN STEP	2026-10-08T16:11:28.0367918Z ^[[1m^[[92m     Running^[[0m tests/p3_mixed_short_circuit_array.rs (target/debug/deps/p3_mixed_short_circuit_array-1e488a3dfa022555)
stable / test and specification	UNKNOWN STEP	2026-10-08T16:11:28.0442352Z 
stable / test and specification	UNKNOWN STEP	2026-10-08T16:11:28.0442653Z running 4 tests
stable / test and specification	UNKNOWN STEP	2026-10-08T16:11:28.1288457Z test boolean_array_store_owns_all_three_operands_and_sources ... ok
stable / test and specification	UNKNOWN STEP	2026-10-08T16:11:28.1490170Z test budget_and_cancellation_do_not_publish_a_partial_array_assignment ... ok
stable / test and specification	UNKNOWN STEP	2026-10-08T16:11:29.4912035Z test java8_rebuild_preserves_all_twenty_four_paths ... ok
stable / test and specification	UNKNOWN STEP	2026-10-08T16:11:30.4011099Z test verifier_valid_near_misses_keep_the_array_candidate_quoted ... ok
stable / test and specification	UNKNOWN STEP	2026-10-08T16:11:30.4011676Z 
stable / test and specification	UNKNOWN STEP	2026-10-08T16:11:30.4012287Z test result: ok. 4 passed; 0 failed; 0 ignored; 0 measured; 0 filtered out; finished in 2.36s
stable / test and specification	UNKNOWN STEP	2026-10-08T16:11:30.4012886Z 
stable / test and specification	UNKNOWN STEP	2026-10-08T16:11:30.4024989Z ^[[1m^[[92m     Running^[[0m tests/p3_mixed_short_circuit_field.rs (target/debug/deps/p3_mixed_short_circuit_field-3d902c0eb2eff189)
stable / test and specification	UNKNOWN STEP	2026-10-08T16:11:30.4107912Z 
stable / test and specification	UNKNOWN STEP	2026-10-08T16:11:30.4108233Z running 2 tests
stable / test and specification	UNKNOWN STEP	2026-10-08T16:11:31.8945253Z test mixed_field_complete_class_matches_all_sixteen_jvm_paths ... ok
stable / test and specification	UNKNOWN STEP	2026-10-08T16:11:31.9036507Z test mixed_field_methods_have_one_structured_write_and_complete_sources ... ok
stable / test and specification	UNKNOWN STEP	2026-10-08T16:11:31.9037283Z 
stable / test and specification	UNKNOWN STEP	2026-10-08T16:11:31.9038148Z test result: ok. 2 passed; 0 failed; 0 ignored; 0 measured; 0 filtered out; finished in 1.49s
stable / test and specification	UNKNOWN STEP	2026-10-08T16:11:31.9038971Z 
stable / test and specification	UNKNOWN STEP	2026-10-08T16:11:31.9048461Z ^[[1m^[[92m     Running^[[0m tests/p3_mixed_short_circuit_instance_field.rs (target/debug/deps/p3_mixed_short_circuit_instance_field-3a1d66b65eb2940f)
stable / test and specification	UNKNOWN STEP	2026-10-08T16:11:31.9118550Z 
stable / test and specification	UNKNOWN STEP	2026-10-08T16:11:31.9118785Z running 4 tests
stable / test and specification	UNKNOWN STEP	2026-10-08T16:11:31.9991783Z test budget_and_cancellation_never_publish_a_partial_instance_assignment ... ok
stable / test and specification	UNKNOWN STEP	2026-10-08T16:11:33.4375235Z test java8_rebuild_preserves_all_sixteen_nonnull_and_null_paths ... ok
stable / test and specification	UNKNOWN STEP	2026-10-08T16:11:34.1520284Z test non_boolean_field_copy_and_compound_update_keep_the_entire_candidate_quoted ... ok
stable / test and specification	UNKNOWN STEP	2026-10-08T16:11:34.1610255Z test one_instance_write_owns_the_closed_graph_and_all_origins ... ok
stable / test and specification	UNKNOWN STEP	2026-10-08T16:11:34.1610617Z 
stable / test and specification	UNKNOWN STEP	2026-10-08T16:11:34.1611041Z test result: ok. 4 passed; 0 failed; 0 ignored; 0 measured; 0 filtered out; finished in 2.25s
stable / test and specification	UNKNOWN STEP	2026-10-08T16:11:34.1611456Z 
stable / test and specification	UNKNOWN STEP	2026-10-08T16:11:34.1622492Z ^[[1m^[[92m     Running^[[0m tests/p3_mixed_short_circuit_local.rs (target/debug/deps/p3_mixed_short_circuit_local-d554e1f629997309)
stable / test and specification	UNKNOWN STEP	2026-10-08T16:11:34.1638252Z 
stable / test and specification	UNKNOWN STEP	2026-10-08T16:11:34.1638470Z running 5 tests
stable / test and specification	UNKNOWN STEP	2026-10-08T16:11:34.1645456Z test cancellation_cannot_publish_a_partial_local ... ok
stable / test and specification	UNKNOWN STEP	2026-10-08T16:11:34.1777140Z test exhausted_source_budget_cannot_publish_a_partial_local ... ok
stable / test and specification	UNKNOWN STEP	2026-10-08T16:11:35.5910465Z test mixed_local_complete_class_matches_all_eight_jvm_paths ... ok
stable / test and specification	UNKNOWN STEP	2026-10-08T16:11:35.5982316Z test mixed_local_stores_once_and_reads_the_same_boolean_name_twice ... ok
stable / test and specification	UNKNOWN STEP	2026-10-08T16:11:36.2196446Z test numeric_use_second_write_duplicated_phi_and_crossing_scope_refuse_the_local_graph ... ok
stable / test and specification	UNKNOWN STEP	2026-10-08T16:11:36.2196898Z 
stable / test and specification	UNKNOWN STEP	2026-10-08T16:11:36.2197295Z test result: ok. 5 passed; 0 failed; 0 ignored; 0 measured; 0 filtered out; finished in 2.06s
stable / test and specification	UNKNOWN STEP	2026-10-08T16:11:36.2197656Z 
stable / test and specification	UNKNOWN STEP	2026-10-08T16:11:36.2204154Z ^[[1m^[[92m     Running^[[0m tests/p3_mixed_short_circuit_return.rs (target/debug/deps/p3_mixed_short_circuit_return-d265765a72912121)
stable / test and specification	UNKNOWN STEP	2026-10-08T16:11:36.2282711Z 
stable / test and specification	UNKNOWN STEP	2026-10-08T16:11:36.2282943Z running 4 tests
stable / test and specification	UNKNOWN STEP	2026-10-08T16:11:36.2566224Z test cancellation_cannot_publish_a_partial_return ... ok
stable / test and specification	UNKNOWN STEP	2026-10-08T16:11:36.3137217Z test exhausted_source_budget_cannot_publish_a_partial_return ... ok
stable / test and specification	UNKNOWN STEP	2026-10-08T16:11:37.6035023Z test mixed_return_complete_class_matches_all_eight_jvm_paths ... ok
stable / test and specification	UNKNOWN STEP	2026-10-08T16:11:37.6103254Z test mixed_return_has_one_structured_return_and_complete_sources ... ok
stable / test and specification	UNKNOWN STEP	2026-10-08T16:11:37.6103710Z 
stable / test and specification	UNKNOWN STEP	2026-10-08T16:11:37.6104795Z test result: ok. 4 passed; 0 failed; 0 ignored; 0 measured; 0 filtered out; finished in 1.38s
stable / test and specification	UNKNOWN STEP	2026-10-08T16:11:37.6105286Z 
stable / test and specification	UNKNOWN STEP	2026-10-08T16:11:37.6117785Z ^[[1m^[[92m     Running^[[0m tests/p3_multi_resource_twr_geometry.rs (target/debug/deps/p3_multi_resource_twr_geometry-d0a5a11cc8cc50fc)
stable / test and specification	UNKNOWN STEP	2026-10-08T16:11:37.6197812Z 
stable / test and specification	UNKNOWN STEP	2026-10-08T16:11:37.6198047Z running 7 tests
stable / test and specification	UNKNOWN STEP	2026-10-08T16:11:37.7256029Z test a_main_row_that_ends_at_the_inner_close_is_refused ... ok
stable / test and specification	UNKNOWN STEP	2026-10-08T16:11:37.7545435Z test a_store_cannot_claim_a_different_value_than_the_proved_constructor_result ... ok
stable / test and specification	UNKNOWN STEP	2026-10-08T16:11:37.7832752Z test an_effect_between_a_verified_construction_and_its_store_refuses_the_header ... ok
stable / test and specification	UNKNOWN STEP	2026-10-08T16:11:37.8112516Z test extra_exact_companion_is_not_silently_absorbed ... ok
stable / test and specification	UNKNOWN STEP	2026-10-08T16:11:37.9468211Z test malformed_companion_ranges_types_and_targets_remain_unexplained ... ok
stable / test and specification	UNKNOWN STEP	2026-10-08T16:11:37.9470228Z test recovered_run_compiles_as_java_8_and_matches_original_five_mode_trace ... ignored, needs a JDK on PATH to compile the exact recovered run() text and execute both sides
stable / test and specification	UNKNOWN STEP	2026-10-08T16:11:37.9761245Z test two_resource_header_owns_each_construction_and_preserves_close_evidence ... ok
stable / test and specification	UNKNOWN STEP	2026-10-08T16:11:37.9762005Z 
stable / test and specification	UNKNOWN STEP	2026-10-08T16:11:37.9762614Z test result: ok. 6 passed; 0 failed; 1 ignored; 0 measured; 0 filtered out; finished in 0.36s
stable / test and specification	UNKNOWN STEP	2026-10-08T16:11:37.9763217Z 
stable / test and specification	UNKNOWN STEP	2026-10-08T16:11:37.9771972Z ^[[1m^[[92m     Running^[[0m tests/p3_mutf8.rs (target/debug/deps/p3_mutf8-2faa7cf990a807bf)
stable / test and specification	UNKNOWN STEP	2026-10-08T16:11:37.9848099Z 
stable / test and specification	UNKNOWN STEP	2026-10-08T16:11:37.9848387Z running 1 test
stable / test and specification	UNKNOWN STEP	2026-10-08T16:11:38.0529271Z test a_nul_in_a_string_constant_is_presented_as_the_nul_it_is ... ok
stable / test and specification	UNKNOWN STEP	2026-10-08T16:11:38.0529774Z 
stable / test and specification	UNKNOWN STEP	2026-10-08T16:11:38.0530267Z test result: ok. 1 passed; 0 failed; 0 ignored; 0 measured; 0 filtered out; finished in 0.07s
stable / test and specification	UNKNOWN STEP	2026-10-08T16:11:38.0530753Z 
stable / test and specification	UNKNOWN STEP	2026-10-08T16:11:38.0541117Z ^[[1m^[[92m     Running^[[0m tests/p3_narrow_array_store_order.rs (target/debug/deps/p3_narrow_array_store_order-bedea477a736846f)
stable / test and specification	UNKNOWN STEP	2026-10-08T16:11:38.0648379Z 
stable / test and specification	UNKNOWN STEP	2026-10-08T16:11:38.0648812Z running 1 test
stable / test and specification	UNKNOWN STEP	2026-10-08T16:11:38.0651779Z test recovered_bcs_array_index_value_order_matches_the_patched_jvm ... ignored, requires JDK and compares actual recovered B/C/S store ordering against verified patched classes
stable / test and specification	UNKNOWN STEP	2026-10-08T16:11:38.0653647Z 
stable / test and specification	UNKNOWN STEP	2026-10-08T16:11:38.0654899Z test result: ok. 0 passed; 0 failed; 1 ignored; 0 measured; 0 filtered out; finished in 0.00s
stable / test and specification	UNKNOWN STEP	2026-10-08T16:11:38.0655575Z 
stable / test and specification	UNKNOWN STEP	2026-10-08T16:11:38.0656991Z ^[[1m^[[92m     Running^[[0m tests/p3_narrow_array_stores.rs (target/debug/deps/p3_narrow_array_stores-f9f610bcf47a796c)
stable / test and specification	UNKNOWN STEP	2026-10-08T16:11:38.0734540Z 
stable / test and specification	UNKNOWN STEP	2026-10-08T16:11:38.0735098Z running 4 tests
stable / test and specification	UNKNOWN STEP	2026-10-08T16:11:38.1669408Z test boolean_bastore_low_bit_keeps_the_value_and_store_sources ... ok
stable / test and specification	UNKNOWN STEP	2026-10-08T16:11:38.1675293Z test insufficient_output_budget_and_cancellation_stop_the_method_run ... ok
stable / test and specification	UNKNOWN STEP	2026-10-08T16:11:38.2030251Z test proven_bcs_stores_cast_only_at_the_matching_store_and_keep_origins ... ok
stable / test and specification	UNKNOWN STEP	2026-10-08T16:11:38.2031696Z test recovered_core_bcs_methods_match_the_patched_jvm ... ignored, requires JDK; compares all 147 boundary, producer, exception-order and local-store rows
stable / test and specification	UNKNOWN STEP	2026-10-08T16:11:38.2032552Z 
stable / test and specification	UNKNOWN STEP	2026-10-08T16:11:38.2033160Z test result: ok. 3 passed; 0 failed; 1 ignored; 0 measured; 0 filtered out; finished in 0.13s
stable / test and specification	UNKNOWN STEP	2026-10-08T16:11:38.2033681Z 
stable / test and specification	UNKNOWN STEP	2026-10-08T16:11:38.2041133Z ^[[1m^[[92m     Running^[[0m tests/p3_narrow_field_stores.rs (target/debug/deps/p3_narrow_field_stores-7b65f26480f525aa)
stable / test and specification	UNKNOWN STEP	2026-10-08T16:11:38.2123017Z 
stable / test and specification	UNKNOWN STEP	2026-10-08T16:11:38.2123730Z running 3 tests
stable / test and specification	UNKNOWN STEP	2026-10-08T16:11:38.2991987Z test narrowed_field_stores_preserve_value_casts_and_producer_order ... ok
stable / test and specification	UNKNOWN STEP	2026-10-08T16:11:38.3414578Z test patched_field_fixture_has_real_bcs_descriptors_and_all_method_shapes ... ok
stable / test and specification	UNKNOWN STEP	2026-10-08T16:11:38.3417571Z test recovered_narrow_field_stores_match_patched_runtime ... ignored, requires JDK: compile the recovered class and compare its 267-line output with the patched class
stable / test and specification	UNKNOWN STEP	2026-10-08T16:11:38.3419276Z 
stable / test and specification	UNKNOWN STEP	2026-10-08T16:11:38.3420234Z test result: ok. 2 passed; 0 failed; 1 ignored; 0 measured; 0 filtered out; finished in 0.13s
stable / test and specification	UNKNOWN STEP	2026-10-08T16:11:38.3421186Z 
stable / test and specification	UNKNOWN STEP	2026-10-08T16:11:38.3429458Z ^[[1m^[[92m     Running^[[0m tests/p3_narrow_integer_return_contract.rs (target/debug/deps/p3_narrow_integer_return_contract-ece4cd6553de35d1)
stable / test and specification	UNKNOWN STEP	2026-10-08T16:11:38.3446144Z 
stable / test and specification	UNKNOWN STEP	2026-10-08T16:11:38.3446343Z running 3 tests
stable / test and specification	UNKNOWN STEP	2026-10-08T16:11:38.3646905Z test cast_sources_contain_operand_and_real_return_bci ... ok
stable / test and specification	UNKNOWN STEP	2026-10-08T16:11:38.4089030Z test default_all_and_replay_keep_identical_narrow_return_text ... ok
stable / test and specification	UNKNOWN STEP	2026-10-08T16:11:38.4295314Z test tight_output_budget_and_precancellation_publish_no_partial_cast ... ok
stable / test and specification	UNKNOWN STEP	2026-10-08T16:11:38.4295883Z 
stable / test and specification	UNKNOWN STEP	2026-10-08T16:11:38.4296394Z test result: ok. 3 passed; 0 failed; 0 ignored; 0 measured; 0 filtered out; finished in 0.08s
stable / test and specification	UNKNOWN STEP	2026-10-08T16:11:38.4296911Z 
stable / test and specification	UNKNOWN STEP	2026-10-08T16:11:38.4303028Z ^[[1m^[[92m     Running^[[0m tests/p3_narrow_integer_returns.rs (target/debug/deps/p3_narrow_integer_returns-0442f175cc305129)
stable / test and specification	UNKNOWN STEP	2026-10-08T16:11:38.4418878Z 
stable / test and specification	UNKNOWN STEP	2026-10-08T16:11:38.4419161Z running 3 tests
stable / test and specification	UNKNOWN STEP	2026-10-08T16:11:38.5426388Z test essential_and_all_share_the_narrow_return_body ... ok
stable / test and specification	UNKNOWN STEP	2026-10-08T16:11:38.5604668Z test fixture_has_only_ireturn_narrowing_and_all_return_shapes ... ok
stable / test and specification	UNKNOWN STEP	2026-10-08T16:11:38.5606121Z test recovered_complete_class_matches_descriptor_patched_original ... ignored, requires JDK: compile and execute the original and recovered complete classes
stable / test and specification	UNKNOWN STEP	2026-10-08T16:11:38.5606724Z 
stable / test and specification	UNKNOWN STEP	2026-10-08T16:11:38.5607129Z test result: ok. 2 passed; 0 failed; 1 ignored; 0 measured; 0 filtered out; finished in 0.12s
stable / test and specification	UNKNOWN STEP	2026-10-08T16:11:38.5607492Z 
stable / test and specification	UNKNOWN STEP	2026-10-08T16:11:38.5618628Z ^[[1m^[[92m     Running^[[0m tests/p3_narrow_return_boundaries.rs (target/debug/deps/p3_narrow_return_boundaries-67dd71c81b1afa05)
stable / test and specification	UNKNOWN STEP	2026-10-08T16:11:38.5723953Z 
stable / test and specification	UNKNOWN STEP	2026-10-08T16:11:38.5724201Z running 3 tests
stable / test and specification	UNKNOWN STEP	2026-10-08T16:11:39.4816155Z test boolean_operands_are_refused_at_numeric_returns_and_z_keeps_low_bit_semantics ... ok
stable / test and specification	UNKNOWN STEP	2026-10-08T16:11:39.5061451Z test field_and_synchronized_narrow_returns_keep_their_operand_and_return_sources ... ok
stable / test and specification	UNKNOWN STEP	2026-10-08T16:11:41.4759286Z test shared_switch_join_b_c_s_sources_the_real_ireturn ... ok
stable / test and specification	UNKNOWN STEP	2026-10-08T16:11:41.4759836Z 
stable / test and specification	UNKNOWN STEP	2026-10-08T16:11:41.4760535Z test result: ok. 3 passed; 0 failed; 0 ignored; 0 measured; 0 filtered out; finished in 2.90s
stable / test and specification	UNKNOWN STEP	2026-10-08T16:11:41.4761219Z 
stable / test and specification	UNKNOWN STEP	2026-10-08T16:11:41.4772180Z ^[[1m^[[92m     Running^[[0m tests/p3_nested_annotation_source.rs (target/debug/deps/p3_nested_annotation_source-daa2d7df8be0f67d)
stable / test and specification	UNKNOWN STEP	2026-10-08T16:11:41.4855271Z 
stable / test and specification	UNKNOWN STEP	2026-10-08T16:11:41.4855556Z running 7 tests
stable / test and specification	UNKNOWN STEP	2026-10-08T16:11:41.5068930Z test cancellation_stops_before_any_nested_declaration_is_published ... ok
stable / test and specification	UNKNOWN STEP	2026-10-08T16:11:41.5563644Z test child_budget_stop_does_not_publish_a_partial_annotation ... ok
stable / test and specification	UNKNOWN STEP	2026-10-08T16:11:41.5572480Z test dollar_name_without_an_owner_row_remains_top_level ... ok
stable / test and specification	UNKNOWN STEP	2026-10-08T16:11:41.5600227Z test malformed_child_kind_refuses_projection_but_keeps_the_child_report ... ok
stable / test and specification	UNKNOWN STEP	2026-10-08T16:11:41.5653684Z test missing_duplicate_and_conflicting_owner_rows_never_project ... ok
stable / test and specification	UNKNOWN STEP	2026-10-08T16:11:41.5678492Z test proved_annotation_is_nested_and_the_physical_child_is_preserved ... ok
stable / test and specification	UNKNOWN STEP	2026-10-08T16:11:41.5703042Z test truncated_default_attribute_refuses_projection_and_keeps_child ... ok
stable / test and specification	UNKNOWN STEP	2026-10-08T16:11:41.5703408Z 
stable / test and specification	UNKNOWN STEP	2026-10-08T16:11:41.5703962Z test result: ok. 7 passed; 0 failed; 0 ignored; 0 measured; 0 filtered out; finished in 0.08s
stable / test and specification	UNKNOWN STEP	2026-10-08T16:11:41.5704367Z 
stable / test and specification	UNKNOWN STEP	2026-10-08T16:11:41.5716809Z ^[[1m^[[92m     Running^[[0m tests/p3_nested_array_initializers.rs (target/debug/deps/p3_nested_array_initializers-03e9a89b5b6fcd85)
stable / test and specification	UNKNOWN STEP	2026-10-08T16:11:41.5806220Z 
stable / test and specification	UNKNOWN STEP	2026-10-08T16:11:41.5806499Z running 4 tests
stable / test and specification	UNKNOWN STEP	2026-10-08T16:11:41.6524146Z test budget_and_pre_cancellation_publish_no_partial_nested_expression ... ok
stable / test and specification	UNKNOWN STEP	2026-10-08T16:11:41.6525166Z test complete_java8_classes_match_verified_jvm_execution ... ignored, requires a JDK to compile and run complete Java 8 classes
stable / test and specification	UNKNOWN STEP	2026-10-08T16:11:41.6616677Z test nested_arrays_are_one_ordered_expression_with_complete_sources ... ok
stable / test and specification	UNKNOWN STEP	2026-10-08T16:11:41.6729584Z test ordering_and_child_extra_use_do_not_become_nested_literals ... ok
stable / test and specification	UNKNOWN STEP	2026-10-08T16:11:41.6730055Z 
stable / test and specification	UNKNOWN STEP	2026-10-08T16:11:41.6730589Z test result: ok. 3 passed; 0 failed; 1 ignored; 0 measured; 0 filtered out; finished in 0.09s
stable / test and specification	UNKNOWN STEP	2026-10-08T16:11:41.6731123Z 
stable / test and specification	UNKNOWN STEP	2026-10-08T16:11:41.6743106Z ^[[1m^[[92m     Running^[[0m tests/p3_nested_try.rs (target/debug/deps/p3_nested_try-d6160ec929ee10f9)
stable / test and specification	UNKNOWN STEP	2026-10-08T16:11:41.6821562Z 
stable / test and specification	UNKNOWN STEP	2026-10-08T16:11:41.6821816Z running 2 tests
stable / test and specification	UNKNOWN STEP	2026-10-08T16:11:41.7543414Z test a_handler_value_read_after_its_clause_is_still_refused ... ok
stable / test and specification	UNKNOWN STEP	2026-10-08T16:11:41.7593547Z test two_rows_that_begin_at_one_instruction_and_nest_are_a_try_inside_a_try ... ok
stable / test and specification	UNKNOWN STEP	2026-10-08T16:11:41.7594421Z 
stable / test and specification	UNKNOWN STEP	2026-10-08T16:11:41.7594935Z test result: ok. 2 passed; 0 failed; 0 ignored; 0 measured; 0 filtered out; finished in 0.08s
stable / test and specification	UNKNOWN STEP	2026-10-08T16:11:41.7595416Z 
stable / test and specification	UNKNOWN STEP	2026-10-08T16:11:41.7605570Z ^[[1m^[[92m     Running^[[0m tests/p3_new_value.rs (target/debug/deps/p3_new_value-e2516fc7340b647b)
stable / test and specification	UNKNOWN STEP	2026-10-08T16:11:41.7691774Z 
stable / test and specification	UNKNOWN STEP	2026-10-08T16:11:41.7692019Z running 4 tests
stable / test and specification	UNKNOWN STEP	2026-10-08T16:11:41.8477003Z test a_field_write_takes_the_construction_as_its_value ... ok
stable / test and specification	UNKNOWN STEP	2026-10-08T16:11:41.8567340Z test a_leftover_two_instructions_read_keeps_its_refusal ... ok
stable / test and specification	UNKNOWN STEP	2026-10-08T16:11:41.8654967Z test a_return_and_an_argument_write_the_construction_in_place ... ok
stable / test and specification	UNKNOWN STEP	2026-10-08T16:11:41.8744240Z test the_store_consumer_keeps_the_spelling_it_had ... ok
stable / test and specification	UNKNOWN STEP	2026-10-08T16:11:41.8744562Z 
stable / test and specification	UNKNOWN STEP	2026-10-08T16:11:41.8745009Z test result: ok. 4 passed; 0 failed; 0 ignored; 0 measured; 0 filtered out; finished in 0.11s
stable / test and specification	UNKNOWN STEP	2026-10-08T16:11:41.8745423Z 
stable / test and specification	UNKNOWN STEP	2026-10-08T16:11:41.8757181Z ^[[1m^[[92m     Running^[[0m tests/p3_null_resource.rs (target/debug/deps/p3_null_resource-589f3da929757184)
stable / test and specification	UNKNOWN STEP	2026-10-08T16:11:41.8772849Z 
stable / test and specification	UNKNOWN STEP	2026-10-08T16:11:41.8773094Z running 5 tests
stable / test and specification	UNKNOWN STEP	2026-10-08T16:11:41.8872589Z test an_exception_from_the_null_resource_body_keeps_primary_identity_and_skips_close ... ok
stable / test and specification	UNKNOWN STEP	2026-10-08T16:11:41.9078673Z test evidence_selection_and_stops_keep_the_existing_body_contract ... ok
stable / test and specification	UNKNOWN STEP	2026-10-08T16:11:41.9141507Z test inherited_autocloseable_does_not_supply_a_current_class_resource_type ... ok
stable / test and specification	UNKNOWN STEP	2026-10-08T16:11:41.9293861Z test ordinary_null_catch_stays_a_catch_and_a_broken_suppression_is_refused_as_twr ... ok
stable / test and specification	UNKNOWN STEP	2026-10-08T16:11:41.9379449Z test proved_null_header_has_a_current_class_type_and_all_cleanup_anchors ... ok
stable / test and specification	UNKNOWN STEP	2026-10-08T16:11:41.9379973Z 
stable / test and specification	UNKNOWN STEP	2026-10-08T16:11:41.9380500Z test result: ok. 5 passed; 0 failed; 0 ignored; 0 measured; 0 filtered out; finished in 0.06s
stable / test and specification	UNKNOWN STEP	2026-10-08T16:11:41.9381047Z 
stable / test and specification	UNKNOWN STEP	2026-10-08T16:11:41.9386662Z ^[[1m^[[92m     Running^[[0m tests/p3_numeric_comparison.rs (target/debug/deps/p3_numeric_comparison-13548171afe58d04)
stable / test and specification	UNKNOWN STEP	2026-10-08T16:11:41.9460153Z 
stable / test and specification	UNKNOWN STEP	2026-10-08T16:11:41.9460383Z running 7 tests
stable / test and specification	UNKNOWN STEP	2026-10-08T16:11:42.0051717Z test accepted_comparison_keeps_compare_and_branch_origins ... ok
stable / test and specification	UNKNOWN STEP	2026-10-08T16:11:42.0174668Z test call_operands_keep_order_and_boolean_merge_preserves_double_less_than ... ok
stable / test and specification	UNKNOWN STEP	2026-10-08T16:11:42.0525095Z test direct_long_float_double_relations_recover_with_expected_nan_polarity ... ok
stable / test and specification	UNKNOWN STEP	2026-10-08T16:11:42.0526985Z test jdk_execution_matches_original_for_comparisons_and_effects ... ignored, runs javac/java with NaN, signed zero, infinities, calls and exceptions
stable / test and specification	UNKNOWN STEP	2026-10-08T16:11:42.0562350Z test long_compare_through_local_keeps_refusal_sources ... ok
stable / test and specification	UNKNOWN STEP	2026-10-08T16:11:42.0591212Z test long_compare_with_overwritten_local_keeps_refusal_sources ... ok
stable / test and specification	UNKNOWN STEP	2026-10-08T16:11:42.0622314Z test long_compare_with_stack_duplicate_and_pop_keeps_refusal_sources ... ok
stable / test and specification	UNKNOWN STEP	2026-10-08T16:11:42.0622703Z 
stable / test and specification	UNKNOWN STEP	2026-10-08T16:11:42.0623095Z test result: ok. 6 passed; 0 failed; 1 ignored; 0 measured; 0 filtered out; finished in 0.12s
stable / test and specification	UNKNOWN STEP	2026-10-08T16:11:42.0623470Z 
stable / test and specification	UNKNOWN STEP	2026-10-08T16:11:42.0633354Z ^[[1m^[[92m     Running^[[0m tests/p3_one_armed_if.rs (target/debug/deps/p3_one_armed_if-a2d6eef38a4728e4)
stable / test and specification	UNKNOWN STEP	2026-10-08T16:11:42.0710185Z 
stable / test and specification	UNKNOWN STEP	2026-10-08T16:11:42.0710429Z running 3 tests
stable / test and specification	UNKNOWN STEP	2026-10-08T16:11:42.1486494Z test a_branch_whose_taken_successor_is_the_join_is_an_if_with_no_else ... ok
stable / test and specification	UNKNOWN STEP	2026-10-08T16:11:42.1549469Z test the_arm_the_branch_transfers_to_keeps_its_else ... ok
stable / test and specification	UNKNOWN STEP	2026-10-08T16:11:42.1610635Z test two_real_arms_are_still_two_arms ... ok
stable / test and specification	UNKNOWN STEP	2026-10-08T16:11:42.1611034Z 
stable / test and specification	UNKNOWN STEP	2026-10-08T16:11:42.1611662Z test result: ok. 3 passed; 0 failed; 0 ignored; 0 measured; 0 filtered out; finished in 0.09s
stable / test and specification	UNKNOWN STEP	2026-10-08T16:11:42.1612293Z 
stable / test and specification	UNKNOWN STEP	2026-10-08T16:11:42.1623103Z ^[[1m^[[92m     Running^[[0m tests/p3_ordinary_new_invokes.rs (target/debug/deps/p3_ordinary_new_invokes-b4df675295bffa9a)
stable / test and specification	UNKNOWN STEP	2026-10-08T16:11:42.1710410Z 
stable / test and specification	UNKNOWN STEP	2026-10-08T16:11:42.1710682Z running 2 tests
stable / test and specification	UNKNOWN STEP	2026-10-08T16:11:42.2684450Z test a_call_whose_value_is_a_constructor_argument_remains_presented ... ok
stable / test and specification	UNKNOWN STEP	2026-10-08T16:11:42.2716550Z test an_independent_void_call_refuses_the_construction_and_keeps_all_origins ... ok
stable / test and specification	UNKNOWN STEP	2026-10-08T16:11:42.2717092Z 
stable / test and specification	UNKNOWN STEP	2026-10-08T16:11:42.2717610Z test result: ok. 2 passed; 0 failed; 0 ignored; 0 measured; 0 filtered out; finished in 0.10s
stable / test and specification	UNKNOWN STEP	2026-10-08T16:11:42.2718122Z 
stable / test and specification	UNKNOWN STEP	2026-10-08T16:11:42.2729163Z ^[[1m^[[92m     Running^[[0m tests/p3_parameter_slots.rs (target/debug/deps/p3_parameter_slots-defc7084dac226c8)
stable / test and specification	UNKNOWN STEP	2026-10-08T16:11:42.2809174Z 
stable / test and specification	UNKNOWN STEP	2026-10-08T16:11:42.2809441Z running 3 tests
stable / test and specification	UNKNOWN STEP	2026-10-08T16:11:42.3575375Z test every_declared_member_is_covered_by_this_file ... ok
stable / test and specification	UNKNOWN STEP	2026-10-08T16:11:42.3681082Z test the_declaration_and_the_body_name_one_slot_one_way ... ok
stable / test and specification	UNKNOWN STEP	2026-10-08T16:11:42.3683702Z test the_presented_class_answers_what_the_committed_class_does ... ignored, needs a JDK on PATH: it compiles the presentation's own text with `javac --release 8` and runs it beside the committed class, so it is run explicitly (`cargo test --test p3_parameter_slots --locked -- --ignored`)
stable / test and specification	UNKNOWN STEP	2026-10-08T16:11:42.3685433Z 
stable / test and specification	UNKNOWN STEP	2026-10-08T16:11:42.3685819Z test result: ok. 2 passed; 0 failed; 1 ignored; 0 measured; 0 filtered out; finished in 0.09s
stable / test and specification	UNKNOWN STEP	2026-10-08T16:11:42.3686188Z 
stable / test and specification	UNKNOWN STEP	2026-10-08T16:11:42.3694680Z ^[[1m^[[92m     Running^[[0m tests/p3_partial_array_allocation.rs (target/debug/deps/p3_partial_array_allocation-a990d8ce3802cdf0)
stable / test and specification	UNKNOWN STEP	2026-10-08T16:11:42.3771682Z 
stable / test and specification	UNKNOWN STEP	2026-10-08T16:11:42.3772004Z running 3 tests
stable / test and specification	UNKNOWN STEP	2026-10-08T16:11:42.4643660Z test fixture_bytes_and_allocation_method_shapes_are_frozen ... ok
stable / test and specification	UNKNOWN STEP	2026-10-08T16:11:42.4760623Z test partial_array_creations_are_presented_at_their_real_consumers ... ok
stable / test and specification	UNKNOWN STEP	2026-10-08T16:11:42.4762003Z test recovered_partial_array_class_matches_original_runtime ... ignored, requires JDK: compile the recovered complete class and compare its 69-line runtime
stable / test and specification	UNKNOWN STEP	2026-10-08T16:11:42.4762820Z 
stable / test and specification	UNKNOWN STEP	2026-10-08T16:11:42.4763350Z test result: ok. 2 passed; 0 failed; 1 ignored; 0 measured; 0 filtered out; finished in 0.10s
stable / test and specification	UNKNOWN STEP	2026-10-08T16:11:42.4764140Z 
stable / test and specification	UNKNOWN STEP	2026-10-08T16:11:42.4772567Z ^[[1m^[[92m     Running^[[0m tests/p3_platform_collection_widening.rs (target/debug/deps/p3_platform_collection_widening-cfca235477818fbd)
stable / test and specification	UNKNOWN STEP	2026-10-08T16:11:42.4848372Z 
stable / test and specification	UNKNOWN STEP	2026-10-08T16:11:42.4848609Z running 5 tests
stable / test and specification	UNKNOWN STEP	2026-10-08T16:11:43.5635859Z test collection_family_recovers_every_row_with_the_required_spelling ... ok
stable / test and specification	UNKNOWN STEP	2026-10-08T16:11:43.5647624Z test collection_recovery_stops_and_cancels_before_any_published_output ... ok
stable / test and specification	UNKNOWN STEP	2026-10-08T16:11:43.5803740Z test g1_use_recovers_the_collection_argument_and_its_result_local ... ok
stable / test and specification	UNKNOWN STEP	2026-10-08T16:11:44.3723549Z test recovered_g1_runtime_matches_the_original_class ... ok
stable / test and specification	UNKNOWN STEP	2026-10-08T16:11:44.6016201Z test table_out_presentations_keep_the_refusal_and_the_original_runtime ... ok
stable / test and specification	UNKNOWN STEP	2026-10-08T16:11:44.6016709Z 
stable / test and specification	UNKNOWN STEP	2026-10-08T16:11:44.6017143Z test result: ok. 5 passed; 0 failed; 0 ignored; 0 measured; 0 filtered out; finished in 2.12s
stable / test and specification	UNKNOWN STEP	2026-10-08T16:11:44.6017565Z 
stable / test and specification	UNKNOWN STEP	2026-10-08T16:11:44.6027243Z ^[[1m^[[92m     Running^[[0m tests/p3_popped_static_qualifier.rs (target/debug/deps/p3_popped_static_qualifier-8cc22bcd0f93b47d)
stable / test and specification	UNKNOWN STEP	2026-10-08T16:11:44.6042378Z 
stable / test and specification	UNKNOWN STEP	2026-10-08T16:11:44.6042593Z running 4 tests
stable / test and specification	UNKNOWN STEP	2026-10-08T16:11:44.6095075Z test a_popped_invocation_before_interface_static_call_is_an_independent_statement ... ok
stable / test and specification	UNKNOWN STEP	2026-10-08T16:11:44.6184839Z test an_invocation_discarded_before_static_call_is_written_once ... ok
stable / test and specification	UNKNOWN STEP	2026-10-08T16:11:44.6235134Z test an_unmatched_non_invoke_qualifier_is_refused_with_its_full_source_chain ... ok
stable / test and specification	UNKNOWN STEP	2026-10-08T16:11:44.6321728Z test static_read_and_compound_store_controls_still_evaluate_the_receiver_once ... ok
stable / test and specification	UNKNOWN STEP	2026-10-08T16:11:44.6322298Z 
stable / test and specification	UNKNOWN STEP	2026-10-08T16:11:44.6322870Z test result: ok. 4 passed; 0 failed; 0 ignored; 0 measured; 0 filtered out; finished in 0.03s
stable / test and specification	UNKNOWN STEP	2026-10-08T16:11:44.6323410Z 
stable / test and specification	UNKNOWN STEP	2026-10-08T16:11:44.6329306Z ^[[1m^[[92m     Running^[[0m tests/p3_postfix_handler_boundary.rs (target/debug/deps/p3_postfix_handler_boundary-65db31e715e66024)
stable / test and specification	UNKNOWN STEP	2026-10-08T16:11:44.6412201Z 
stable / test and specification	UNKNOWN STEP	2026-10-08T16:11:44.6412591Z running 1 test
stable / test and specification	UNKNOWN STEP	2026-10-08T16:11:44.8181194Z test exception_handler_boundary_inside_postfix_chain_is_refused_with_real_bcis ... ok
stable / test and specification	UNKNOWN STEP	2026-10-08T16:11:44.8181946Z 
stable / test and specification	UNKNOWN STEP	2026-10-08T16:11:44.8182611Z test result: ok. 1 passed; 0 failed; 0 ignored; 0 measured; 0 filtered out; finished in 0.18s
stable / test and specification	UNKNOWN STEP	2026-10-08T16:11:44.8183246Z 
stable / test and specification	UNKNOWN STEP	2026-10-08T16:11:44.8194233Z ^[[1m^[[92m     Running^[[0m tests/p3_postfix_lvalue_values.rs (target/debug/deps/p3_postfix_lvalue_values-37a9bde4e870648c)
stable / test and specification	UNKNOWN STEP	2026-10-08T16:11:44.8282707Z 
stable / test and specification	UNKNOWN STEP	2026-10-08T16:11:44.8283169Z running 6 tests
stable / test and specification	UNKNOWN STEP	2026-10-08T16:11:44.8288305Z test a_receiver_beyond_the_value_depth_bound_is_not_partially_postfixed ... ignored, needs javac on PATH to create the depth-bound subject class
stable / test and specification	UNKNOWN STEP	2026-10-08T16:11:44.8290517Z test complete_recovered_class_matches_the_verified_original_runtime ... ignored, needs javac and java on PATH for complete-class equivalence
stable / test and specification	UNKNOWN STEP	2026-10-08T16:11:44.9306318Z test ordinary_assignment_does_not_become_a_postfix_update ... ok
stable / test and specification	UNKNOWN STEP	2026-10-08T16:11:44.9490383Z test postfix_return_keeps_evidence_and_stops_without_partial_output ... ok
stable / test and specification	UNKNOWN STEP	2026-10-08T16:11:44.9632966Z test returned_old_value_updates_are_single_evaluation_expressions_with_real_sources ... ok
stable / test and specification	UNKNOWN STEP	2026-10-08T16:11:45.2022414Z test verifier_valid_unproved_postfix_boundaries_are_refused_with_physical_sources ... ok
stable / test and specification	UNKNOWN STEP	2026-10-08T16:11:45.2022895Z 
stable / test and specification	UNKNOWN STEP	2026-10-08T16:11:45.2023287Z test result: ok. 4 passed; 0 failed; 2 ignored; 0 measured; 0 filtered out; finished in 0.37s
stable / test and specification	UNKNOWN STEP	2026-10-08T16:11:45.2023665Z 
stable / test and specification	UNKNOWN STEP	2026-10-08T16:11:45.2037641Z ^[[1m^[[92m     Running^[[0m tests/p3_precise_rethrow.rs (target/debug/deps/p3_precise_rethrow-7900518b9abbddf9)
stable / test and specification	UNKNOWN STEP	2026-10-08T16:11:45.2119320Z 
stable / test and specification	UNKNOWN STEP	2026-10-08T16:11:45.2119540Z running 2 tests
stable / test and specification	UNKNOWN STEP	2026-10-08T16:11:45.3006539Z test a_named_single_row_rethrow_is_a_user_catch_with_entry_and_throw_origins ... ok
stable / test and specification	UNKNOWN STEP	2026-10-08T16:11:45.3182846Z test catch_all_and_non_parameter_throw_controls_keep_their_own_shapes ... ok
stable / test and specification	UNKNOWN STEP	2026-10-08T16:11:45.3183348Z 
stable / test and specification	UNKNOWN STEP	2026-10-08T16:11:45.3184317Z test result: ok. 2 passed; 0 failed; 0 ignored; 0 measured; 0 filtered out; finished in 0.11s
stable / test and specification	UNKNOWN STEP	2026-10-08T16:11:45.3184867Z 
stable / test and specification	UNKNOWN STEP	2026-10-08T16:11:45.3195152Z ^[[1m^[[92m     Running^[[0m tests/p3_prefix_survival.rs (target/debug/deps/p3_prefix_survival-14f7ddb7756d5f59)
stable / test and specification	UNKNOWN STEP	2026-10-08T16:11:45.3275758Z 
stable / test and specification	UNKNOWN STEP	2026-10-08T16:11:45.3275997Z running 3 tests
stable / test and specification	UNKNOWN STEP	2026-10-08T16:11:45.4156190Z test a_dead_exception_edge_does_not_quote_the_block_the_bytes_state ... ok
stable / test and specification	UNKNOWN STEP	2026-10-08T16:11:45.4234313Z test a_loop_whose_body_leaves_early_presents_its_break_and_exit ... ok
stable / test and specification	UNKNOWN STEP	2026-10-08T16:11:45.4290784Z test a_store_inside_the_failing_block_is_still_a_statement ... ok
stable / test and specification	UNKNOWN STEP	2026-10-08T16:11:45.4291132Z 
stable / test and specification	UNKNOWN STEP	2026-10-08T16:11:45.4291539Z test result: ok. 3 passed; 0 failed; 0 ignored; 0 measured; 0 filtered out; finished in 0.10s
stable / test and specification	UNKNOWN STEP	2026-10-08T16:11:45.4291933Z 
stable / test and specification	UNKNOWN STEP	2026-10-08T16:11:45.4303252Z ^[[1m^[[92m     Running^[[0m tests/p3_prepared_input.rs (target/debug/deps/p3_prepared_input-29e33906db6342ce)
stable / test and specification	UNKNOWN STEP	2026-10-08T16:11:45.4384872Z 
stable / test and specification	UNKNOWN STEP	2026-10-08T16:11:45.4385094Z running 6 tests
stable / test and specification	UNKNOWN STEP	2026-10-08T16:11:45.4642378Z test an_archived_class_reads_the_same_on_both_paths ... ok
stable / test and specification	UNKNOWN STEP	2026-10-08T16:11:45.4898243Z test every_member_of_one_class_is_the_same_report_from_a_prepared_class ... ok
stable / test and specification	UNKNOWN STEP	2026-10-08T16:11:45.4974840Z test the_class_read_is_paid_once_for_the_whole_class ... ok
stable / test and specification	UNKNOWN STEP	2026-10-08T16:11:45.4980706Z test the_prepared_callee_read_answers_what_the_direct_one_answers ... ok
stable / test and specification	UNKNOWN STEP	2026-10-08T16:11:45.4990086Z test the_prepared_path_refuses_a_class_whose_member_table_stopped ... ok
stable / test and specification	UNKNOWN STEP	2026-10-08T16:11:45.5477398Z test the_prepared_payload_prints_the_text_the_direct_run_prints ... ok
stable / test and specification	UNKNOWN STEP	2026-10-08T16:11:45.5477960Z 
stable / test and specification	UNKNOWN STEP	2026-10-08T16:11:45.5478568Z test result: ok. 6 passed; 0 failed; 0 ignored; 0 measured; 0 filtered out; finished in 0.11s
stable / test and specification	UNKNOWN STEP	2026-10-08T16:11:45.5479156Z 
stable / test and specification	UNKNOWN STEP	2026-10-08T16:11:45.5487181Z ^[[1m^[[92m     Running^[[0m tests/p3_primitive_conversions.rs (target/debug/deps/p3_primitive_conversions-ba2e47e749391b7d)
stable / test and specification	UNKNOWN STEP	2026-10-08T16:11:45.5565646Z 
stable / test and specification	UNKNOWN STEP	2026-10-08T16:11:45.5566069Z running 4 tests
stable / test and specification	UNKNOWN STEP	2026-10-08T16:11:45.6535097Z test all_fixture_methods_are_structured_with_sources ... ok
stable / test and specification	UNKNOWN STEP	2026-10-08T16:11:45.6627722Z test conversion_recovery_budget_stops_and_cancellation_publish_no_partial_cast_body ... ok
stable / test and specification	UNKNOWN STEP	2026-10-08T16:11:45.7269516Z test essential_and_all_share_one_conversion_body ... ok
stable / test and specification	UNKNOWN STEP	2026-10-08T16:11:45.7271013Z test recovered_complete_class_matches_frozen_original ... ignored, requires JDK: compile and execute the original and recovered complete classes
stable / test and specification	UNKNOWN STEP	2026-10-08T16:11:45.7271950Z 
stable / test and specification	UNKNOWN STEP	2026-10-08T16:11:45.7272535Z test result: ok. 3 passed; 0 failed; 1 ignored; 0 measured; 0 filtered out; finished in 0.17s
stable / test and specification	UNKNOWN STEP	2026-10-08T16:11:45.7273128Z 
stable / test and specification	UNKNOWN STEP	2026-10-08T16:11:45.7279969Z ^[[1m^[[92m     Running^[[0m tests/p3_product_vocabulary.rs (target/debug/deps/p3_product_vocabulary-43fbbb60d0cbba14)
stable / test and specification	UNKNOWN STEP	2026-10-08T16:11:45.7290432Z 
stable / test and specification	UNKNOWN STEP	2026-10-08T16:11:45.7290889Z running 2 tests
stable / test and specification	UNKNOWN STEP	2026-10-08T16:11:45.7300037Z test the_recovery_content_classification_is_the_closed_published_set ... ok
stable / test and specification	UNKNOWN STEP	2026-10-08T16:11:45.7309683Z test the_six_report_planes_declare_the_values_the_p3_sentences_write ... ok
stable / test and specification	UNKNOWN STEP	2026-10-08T16:11:45.7310356Z 
stable / test and specification	UNKNOWN STEP	2026-10-08T16:11:45.7310752Z test result: ok. 2 passed; 0 failed; 0 ignored; 0 measured; 0 filtered out; finished in 0.00s
stable / test and specification	UNKNOWN STEP	2026-10-08T16:11:45.7311310Z 
stable / test and specification	UNKNOWN STEP	2026-10-08T16:11:45.7311978Z ^[[1m^[[92m     Running^[[0m tests/p3_proved_varargs_calls.rs (target/debug/deps/p3_proved_varargs_calls-7b175e4c3494d4f5)
stable / test and specification	UNKNOWN STEP	2026-10-08T16:11:45.7392798Z 
stable / test and specification	UNKNOWN STEP	2026-10-08T16:11:45.7393217Z running 3 tests
stable / test and specification	UNKNOWN STEP	2026-10-08T16:11:45.7952210Z test bounded_and_cancelled_class_source_requests_publish_no_partial_projection ... ok
stable / test and specification	UNKNOWN STEP	2026-10-08T16:11:45.8450319Z test expanded_call_retains_the_array_and_element_instruction_origins ... ok
stable / test and specification	UNKNOWN STEP	2026-10-08T16:11:45.8720690Z test only_proved_inline_varargs_calls_expand_and_every_other_call_keeps_its_array ... ok
stable / test and specification	UNKNOWN STEP	2026-10-08T16:11:45.8721402Z 
stable / test and specification	UNKNOWN STEP	2026-10-08T16:11:45.8722071Z test result: ok. 3 passed; 0 failed; 0 ignored; 0 measured; 0 filtered out; finished in 0.13s
stable / test and specification	UNKNOWN STEP	2026-10-08T16:11:45.8722705Z 
stable / test and specification	UNKNOWN STEP	2026-10-08T16:11:45.8732688Z ^[[1m^[[92m     Running^[[0m tests/p3_recovery_entry.rs (target/debug/deps/p3_recovery_entry-2160b16884802490)
stable / test and specification	UNKNOWN STEP	2026-10-08T16:11:45.8797320Z 
stable / test and specification	UNKNOWN STEP	2026-10-08T16:11:45.8797931Z running 2 tests
stable / test and specification	UNKNOWN STEP	2026-10-08T16:11:45.9152894Z test a_recovery_request_that_asks_for_no_ssa_stops_inside_a_successful_answer ... ok
stable / test and specification	UNKNOWN STEP	2026-10-08T16:11:45.9313593Z test one_recovery_request_reads_one_body_and_presents_that_member ... ok
stable / test and specification	UNKNOWN STEP	2026-10-08T16:11:45.9314734Z 
stable / test and specification	UNKNOWN STEP	2026-10-08T16:11:45.9315821Z test result: ok. 2 passed; 0 failed; 0 ignored; 0 measured; 0 filtered out; finished in 0.05s
stable / test and specification	UNKNOWN STEP	2026-10-08T16:11:45.9316827Z 
stable / test and specification	UNKNOWN STEP	2026-10-08T16:11:45.9324568Z ^[[1m^[[92m     Running^[[0m tests/p3_reference_cast.rs (target/debug/deps/p3_reference_cast-edba5dfe2560ff9f)
stable / test and specification	UNKNOWN STEP	2026-10-08T16:11:45.9409670Z 
stable / test and specification	UNKNOWN STEP	2026-10-08T16:11:45.9410075Z running 6 tests
stable / test and specification	UNKNOWN STEP	2026-10-08T16:11:46.0277609Z test discarded_cast_patch_retains_check_and_call_sources ... ok
stable / test and specification	UNKNOWN STEP	2026-10-08T16:11:46.0435608Z test fixture_declares_the_cast_shapes_and_real_java_source ... ok
stable / test and specification	UNKNOWN STEP	2026-10-08T16:11:46.0597493Z test nested_casts_keep_the_intermediate_runtime_check ... ok
stable / test and specification	UNKNOWN STEP	2026-10-08T16:11:46.0757191Z test nested_instanceof_consumer_retains_invocation_and_both_cast_bcis ... ok
stable / test and specification	UNKNOWN STEP	2026-10-08T16:11:46.0917921Z test ordinary_reference_casts_are_written_at_each_consumer ... ok
stable / test and specification	UNKNOWN STEP	2026-10-08T16:11:46.0919360Z test recovered_reference_casts_match_original_runtime ... ignored, requires JDK: compile Engine::class_source output and execute a temporary runner
stable / test and specification	UNKNOWN STEP	2026-10-08T16:11:46.0920183Z 
stable / test and specification	UNKNOWN STEP	2026-10-08T16:11:46.0920692Z test result: ok. 5 passed; 0 failed; 1 ignored; 0 measured; 0 filtered out; finished in 0.15s
stable / test and specification	UNKNOWN STEP	2026-10-08T16:11:46.0921244Z 
stable / test and specification	UNKNOWN STEP	2026-10-08T16:11:46.0931493Z ^[[1m^[[92m     Running^[[0m tests/p3_region_fallback_origins.rs (target/debug/deps/p3_region_fallback_origins-a898119bfa7bc7fe)
stable / test and specification	UNKNOWN STEP	2026-10-08T16:11:46.1011997Z 
stable / test and specification	UNKNOWN STEP	2026-10-08T16:11:46.1012403Z running 2 tests
stable / test and specification	UNKNOWN STEP	2026-10-08T16:11:46.1808433Z test exhausted_source_budget_cannot_publish_a_complete_recovery ... ok
stable / test and specification	UNKNOWN STEP	2026-10-08T16:11:46.1916899Z test transfer_gateway_keeps_its_second_instruction_in_both_evidence_modes ... ok
stable / test and specification	UNKNOWN STEP	2026-10-08T16:11:46.1917456Z 
stable / test and specification	UNKNOWN STEP	2026-10-08T16:11:46.1917959Z test result: ok. 2 passed; 0 failed; 0 ignored; 0 measured; 0 filtered out; finished in 0.09s
stable / test and specification	UNKNOWN STEP	2026-10-08T16:11:46.1918454Z 
stable / test and specification	UNKNOWN STEP	2026-10-08T16:11:46.1928425Z ^[[1m^[[92m     Running^[[0m tests/p3_region_owner_overlap.rs (target/debug/deps/p3_region_owner_overlap-3e699dd0a65a0fef)
stable / test and specification	UNKNOWN STEP	2026-10-08T16:11:46.2011039Z 
stable / test and specification	UNKNOWN STEP	2026-10-08T16:11:46.2011383Z running 1 test
stable / test and specification	UNKNOWN STEP	2026-10-08T16:11:46.2739692Z test transfer_gateway_is_owned_by_one_structured_field_chain ... ok
stable / test and specification	UNKNOWN STEP	2026-10-08T16:11:46.2740210Z 
stable / test and specification	UNKNOWN STEP	2026-10-08T16:11:46.2740649Z test result: ok. 1 passed; 0 failed; 0 ignored; 0 measured; 0 filtered out; finished in 0.07s
stable / test and specification	UNKNOWN STEP	2026-10-08T16:11:46.2741071Z 
stable / test and specification	UNKNOWN STEP	2026-10-08T16:11:46.2750842Z ^[[1m^[[92m     Running^[[0m tests/p3_required_conversions.rs (target/debug/deps/p3_required_conversions-3d9be09de9704d11)
stable / test and specification	UNKNOWN STEP	2026-10-08T16:11:46.2820663Z 
stable / test and specification	UNKNOWN STEP	2026-10-08T16:11:46.2821061Z running 8 tests
stable / test and specification	UNKNOWN STEP	2026-10-08T16:11:46.3359995Z test a_conversion_no_evidence_states_is_refused ... ok
stable / test and specification	UNKNOWN STEP	2026-10-08T16:11:46.3404588Z test a_converted_part_states_the_appends_own_type ... ok
stable / test and specification	UNKNOWN STEP	2026-10-08T16:11:46.3434974Z test a_part_that_already_meets_its_parameter_gains_nothing ... ok
stable / test and specification	UNKNOWN STEP	2026-10-08T16:11:46.3462181Z test a_return_states_the_members_own_type ... ok
stable / test and specification	UNKNOWN STEP	2026-10-08T16:11:46.3509643Z test a_write_states_the_written_types_own_type ... ok
stable / test and specification	UNKNOWN STEP	2026-10-08T16:11:46.3549755Z test an_argument_states_the_callees_parameter_type ... ok
stable / test and specification	UNKNOWN STEP	2026-10-08T16:11:46.3707878Z test every_declared_member_of_the_sample_is_covered ... ok
stable / test and specification	UNKNOWN STEP	2026-10-08T16:11:46.3727378Z test the_conversion_costs_no_ir_item_and_no_normalization_clone ... ok
stable / test and specification	UNKNOWN STEP	2026-10-08T16:11:46.3727859Z 
stable / test and specification	UNKNOWN STEP	2026-10-08T16:11:46.3728544Z test result: ok. 8 passed; 0 failed; 0 ignored; 0 measured; 0 filtered out; finished in 0.09s
stable / test and specification	UNKNOWN STEP	2026-10-08T16:11:46.3729103Z 
stable / test and specification	UNKNOWN STEP	2026-10-08T16:11:46.3738400Z ^[[1m^[[92m     Running^[[0m tests/p3_scope.rs (target/debug/deps/p3_scope-1d2e92d48886f319)
stable / test and specification	UNKNOWN STEP	2026-10-08T16:11:46.3753178Z 
stable / test and specification	UNKNOWN STEP	2026-10-08T16:11:46.3753436Z running 12 tests
stable / test and specification	UNKNOWN STEP	2026-10-08T16:11:46.3844156Z test a_boolean_parameter_is_typed_by_the_members_own_descriptor ... ok
stable / test and specification	UNKNOWN STEP	2026-10-08T16:11:46.3876141Z test a_category_two_parameter_leaves_its_second_slot_to_the_signature ... ok
stable / test and specification	UNKNOWN STEP	2026-10-08T16:11:46.3898962Z test a_name_the_table_states_is_used_where_it_exists ... ok
stable / test and specification	UNKNOWN STEP	2026-10-08T16:11:46.3934138Z test a_proved_monitor_cleanup_ends_before_reused_loop_integers ... ok
stable / test and specification	UNKNOWN STEP	2026-10-08T16:11:46.3948380Z test a_slot_filled_and_read_in_one_region_keeps_its_initial_value ... ok
stable / test and specification	UNKNOWN STEP	2026-10-08T16:11:46.3974373Z test a_slot_the_table_names_over_two_ranges_carries_two_variables ... ok
stable / test and specification	UNKNOWN STEP	2026-10-08T16:11:46.3994523Z test a_slot_written_in_both_arms_is_declared_where_both_can_see_it ... ok
stable / test and specification	UNKNOWN STEP	2026-10-08T16:11:46.4451700Z test a_stopped_monitor_reuse_run_publishes_no_partial_local ... ok
stable / test and specification	UNKNOWN STEP	2026-10-08T16:11:46.4476511Z test an_arms_own_local_is_still_declared_inside_that_arm ... ok
stable / test and specification	UNKNOWN STEP	2026-10-08T16:11:46.4570601Z test non_monitor_handler_and_back_edge_do_not_borrow_the_monitor_split ... ok
stable / test and specification	UNKNOWN STEP	2026-10-08T16:11:46.4594379Z test the_debug_table_is_read_by_the_same_run_that_decoded_the_body ... ok
stable / test and specification	UNKNOWN STEP	2026-10-08T16:11:46.4617013Z test without_debug_evidence_a_reused_slot_stays_one_variable ... ok
stable / test and specification	UNKNOWN STEP	2026-10-08T16:11:46.4617470Z 
stable / test and specification	UNKNOWN STEP	2026-10-08T16:11:46.4618001Z test result: ok. 12 passed; 0 failed; 0 ignored; 0 measured; 0 filtered out; finished in 0.09s
stable / test and specification	UNKNOWN STEP	2026-10-08T16:11:46.4618570Z 
stable / test and specification	UNKNOWN STEP	2026-10-08T16:11:46.4623187Z ^[[1m^[[92m     Running^[[0m tests/p3_scv_concat_consumers.rs (target/debug/deps/p3_scv_concat_consumers-c3bca470df85ca6c)
stable / test and specification	UNKNOWN STEP	2026-10-08T16:11:46.4700313Z 
stable / test and specification	UNKNOWN STEP	2026-10-08T16:11:46.4700791Z running 5 tests
stable / test and specification	UNKNOWN STEP	2026-10-08T16:11:46.4935135Z test cancellation_cannot_publish_a_partial_concat_recovery ... ok
stable / test and specification	UNKNOWN STEP	2026-10-08T16:11:46.5558985Z test concat_consumed_short_circuit_locals_recover_as_boolean ... ok
stable / test and specification	UNKNOWN STEP	2026-10-08T16:11:46.5894148Z test exhausted_source_budget_cannot_publish_a_partial_concat_recovery ... ok
stable / test and specification	UNKNOWN STEP	2026-10-08T16:11:47.9216545Z test recovered_class_recompiles_and_runs_like_the_original ... ok
stable / test and specification	UNKNOWN STEP	2026-10-08T16:11:47.9288339Z test second_read_outside_the_boolean_positions_keeps_the_degradation ... ok
stable / test and specification	UNKNOWN STEP	2026-10-08T16:11:47.9288897Z 
stable / test and specification	UNKNOWN STEP	2026-10-08T16:11:47.9289441Z test result: ok. 5 passed; 0 failed; 0 ignored; 0 measured; 0 filtered out; finished in 1.46s
stable / test and specification	UNKNOWN STEP	2026-10-08T16:11:47.9289981Z 
stable / test and specification	UNKNOWN STEP	2026-10-08T16:11:47.9298942Z ^[[1m^[[92m     Running^[[0m tests/p3_shared_catchall_finally.rs (target/debug/deps/p3_shared_catchall_finally-c8e1cc249176a1b4)
stable / test and specification	UNKNOWN STEP	2026-10-08T16:11:47.9378647Z 
stable / test and specification	UNKNOWN STEP	2026-10-08T16:11:47.9378949Z running 5 tests
stable / test and specification	UNKNOWN STEP	2026-10-08T16:11:48.0328601Z test changed_field_increment_or_protection_cannot_claim_one_finally ... ok
stable / test and specification	UNKNOWN STEP	2026-10-08T16:11:48.0568070Z test changed_rows_targets_or_extra_completion_cannot_claim_one_finally ... ok
stable / test and specification	UNKNOWN STEP	2026-10-08T16:11:48.0580078Z test field_candidate_budget_and_cancellation_publish_no_partial_finally ... ok
stable / test and specification	UNKNOWN STEP	2026-10-08T16:11:48.0658952Z test shared_call_has_one_source_finally_and_all_physical_origins ... ok
stable / test and specification	UNKNOWN STEP	2026-10-08T16:11:48.0724285Z test shared_field_has_one_source_finally_and_all_physical_origins ... ok
stable / test and specification	UNKNOWN STEP	2026-10-08T16:11:48.0724632Z 
stable / test and specification	UNKNOWN STEP	2026-10-08T16:11:48.0725062Z test result: ok. 5 passed; 0 failed; 0 ignored; 0 measured; 0 filtered out; finished in 0.13s
stable / test and specification	UNKNOWN STEP	2026-10-08T16:11:48.0725433Z 
stable / test and specification	UNKNOWN STEP	2026-10-08T16:11:48.0738617Z ^[[1m^[[92m     Running^[[0m tests/p3_shared_latch_nested_loops.rs (target/debug/deps/p3_shared_latch_nested_loops-930637d4b04a9dfe)
stable / test and specification	UNKNOWN STEP	2026-10-08T16:11:48.0812566Z 
stable / test and specification	UNKNOWN STEP	2026-10-08T16:11:48.0812789Z running 8 tests
stable / test and specification	UNKNOWN STEP	2026-10-08T16:11:48.8904391Z test business_form_behavior_matches_the_original_class ... ok
stable / test and specification	UNKNOWN STEP	2026-10-08T16:11:48.9190703Z test business_form_with_inner_break_recovers ... ok
stable / test and specification	UNKNOWN STEP	2026-10-08T16:11:48.9304871Z test exits_that_leave_the_loop_past_its_back_edge_stay_refused ... ok
stable / test and specification	UNKNOWN STEP	2026-10-08T16:11:48.9452229Z test labeled_continue_outer_form_recovers_the_same_way ... ok
stable / test and specification	UNKNOWN STEP	2026-10-08T16:11:48.9521119Z test overlap_with_inner_two_jump_body_stays_refused ... ok
stable / test and specification	UNKNOWN STEP	2026-10-08T16:11:48.9668067Z test shared_latch_double_loop_recovers_and_spells_the_continue ... ok
stable / test and specification	UNKNOWN STEP	2026-10-08T16:11:49.6014427Z test three_level_composition_recovers_and_behaves ... ok
stable / test and specification	UNKNOWN STEP	2026-10-08T16:11:49.6171156Z test untouched_single_continue_and_no_jump_shapes_stay_byte_identical ... ok
stable / test and specification	UNKNOWN STEP	2026-10-08T16:11:49.6171647Z 
stable / test and specification	UNKNOWN STEP	2026-10-08T16:11:49.6172147Z test result: ok. 8 passed; 0 failed; 0 ignored; 0 measured; 0 filtered out; finished in 1.54s
stable / test and specification	UNKNOWN STEP	2026-10-08T16:11:49.6172971Z 
stable / test and specification	UNKNOWN STEP	2026-10-08T16:11:49.6183568Z ^[[1m^[[92m     Running^[[0m tests/p3_shift_expressions.rs (target/debug/deps/p3_shift_expressions-61634b52db811db9)
stable / test and specification	UNKNOWN STEP	2026-10-08T16:11:49.6263713Z 
stable / test and specification	UNKNOWN STEP	2026-10-08T16:11:49.6264294Z running 5 tests
stable / test and specification	UNKNOWN STEP	2026-10-08T16:11:49.7066846Z test all_shift_directions_narrow_operands_and_call_operands_recover ... ok
stable / test and specification	UNKNOWN STEP	2026-10-08T16:11:49.7293753Z test descriptor_proved_boolean_operands_are_refused ... ok
stable / test and specification	UNKNOWN STEP	2026-10-08T16:11:49.7526368Z test evidence_selection_keeps_shift_text_and_physical_origins ... ok
stable / test and specification	UNKNOWN STEP	2026-10-08T16:11:49.7875996Z test shift_recovery_stops_cleanly_at_resource_limits_and_before_work ... ok
stable / test and specification	UNKNOWN STEP	2026-10-08T16:11:49.8051099Z test widening_cast_remains_on_the_left_of_the_shift ... ok
stable / test and specification	UNKNOWN STEP	2026-10-08T16:11:49.8051522Z 
stable / test and specification	UNKNOWN STEP	2026-10-08T16:11:49.8052372Z test result: ok. 5 passed; 0 failed; 0 ignored; 0 measured; 0 filtered out; finished in 0.18s
stable / test and specification	UNKNOWN STEP	2026-10-08T16:11:49.8052752Z 
stable / test and specification	UNKNOWN STEP	2026-10-08T16:11:49.8064869Z ^[[1m^[[92m     Running^[[0m tests/p3_shift_negative_boundaries.rs (target/debug/deps/p3_shift_negative_boundaries-9827b6c71aa82bbc)
stable / test and specification	UNKNOWN STEP	2026-10-08T16:11:49.8145512Z 
stable / test and specification	UNKNOWN STEP	2026-10-08T16:11:49.8145916Z running 2 tests
stable / test and specification	UNKNOWN STEP	2026-10-08T16:11:49.8921789Z test a_boolean_return_consumer_uses_the_shift_result_low_bit_at_its_real_bci ... ok
stable / test and specification	UNKNOWN STEP	2026-10-08T16:11:50.4125097Z test overwritten_argument_does_not_replace_the_saved_shift_operand ... ok
stable / test and specification	UNKNOWN STEP	2026-10-08T16:11:50.4125879Z 
stable / test and specification	UNKNOWN STEP	2026-10-08T16:11:50.4126662Z test result: ok. 2 passed; 0 failed; 0 ignored; 0 measured; 0 filtered out; finished in 0.60s
stable / test and specification	UNKNOWN STEP	2026-10-08T16:11:50.4127400Z 
stable / test and specification	UNKNOWN STEP	2026-10-08T16:11:50.4138280Z ^[[1m^[[92m     Running^[[0m tests/p3_short_circuit_exception_chain.rs (target/debug/deps/p3_short_circuit_exception_chain-69dffa00e862707b)
stable / test and specification	UNKNOWN STEP	2026-10-08T16:11:50.4220405Z 
stable / test and specification	UNKNOWN STEP	2026-10-08T16:11:50.4220844Z running 1 test
stable / test and specification	UNKNOWN STEP	2026-10-08T16:11:50.5103549Z test throwing_three_test_or_field_write_is_refused_with_complete_evidence ... ok
stable / test and specification	UNKNOWN STEP	2026-10-08T16:11:50.5104588Z 
stable / test and specification	UNKNOWN STEP	2026-10-08T16:11:50.5105441Z test result: ok. 1 passed; 0 failed; 0 ignored; 0 measured; 0 filtered out; finished in 0.09s
stable / test and specification	UNKNOWN STEP	2026-10-08T16:11:50.5106301Z 
stable / test and specification	UNKNOWN STEP	2026-10-08T16:11:50.5117858Z ^[[1m^[[92m     Running^[[0m tests/p3_short_circuit_exception_edge.rs (target/debug/deps/p3_short_circuit_exception_edge-1a5cef0b61a5014d)
stable / test and specification	UNKNOWN STEP	2026-10-08T16:11:50.5134571Z 
stable / test and specification	UNKNOWN STEP	2026-10-08T16:11:50.5134753Z running 1 test
stable / test and specification	UNKNOWN STEP	2026-10-08T16:11:50.5214667Z test throwing_short_circuit_field_write_is_refused_with_complete_evidence ... ok
stable / test and specification	UNKNOWN STEP	2026-10-08T16:11:50.5215281Z 
stable / test and specification	UNKNOWN STEP	2026-10-08T16:11:50.5215819Z test result: ok. 1 passed; 0 failed; 0 ignored; 0 measured; 0 filtered out; finished in 0.01s
stable / test and specification	UNKNOWN STEP	2026-10-08T16:11:50.5216346Z 
stable / test and specification	UNKNOWN STEP	2026-10-08T16:11:50.5222079Z ^[[1m^[[92m     Running^[[0m tests/p3_short_circuit_transfer_gateway.rs (target/debug/deps/p3_short_circuit_transfer_gateway-5e8e47ec1b2f0736)
stable / test and specification	UNKNOWN STEP	2026-10-08T16:11:50.5311017Z 
stable / test and specification	UNKNOWN STEP	2026-10-08T16:11:50.5311282Z running 6 tests
stable / test and specification	UNKNOWN STEP	2026-10-08T16:11:50.7105624Z test backward_second_entry_to_gateway_is_refused ... ok
stable / test and specification	UNKNOWN STEP	2026-10-08T16:11:50.7220888Z test exhausted_budget_and_cancellation_do_not_publish_a_partial_gateway ... ok
stable / test and specification	UNKNOWN STEP	2026-10-08T16:11:52.0728914Z test gateway_complete_class_matches_all_thirty_two_jvm_paths ... ok
stable / test and specification	UNKNOWN STEP	2026-10-08T16:11:52.0799187Z test gateway_has_one_structured_field_write_and_complete_sources ... ok
stable / test and specification	UNKNOWN STEP	2026-10-08T16:11:52.1792860Z test independent_effect_in_transfer_slot_is_not_a_gateway ... ok
stable / test and specification	UNKNOWN STEP	2026-10-08T16:11:52.2816525Z test protected_gateway_with_exception_edge_is_refused ... ok
stable / test and specification	UNKNOWN STEP	2026-10-08T16:11:52.2817142Z 
stable / test and specification	UNKNOWN STEP	2026-10-08T16:11:52.2817941Z test result: ok. 6 passed; 0 failed; 0 ignored; 0 measured; 0 filtered out; finished in 1.75s
stable / test and specification	UNKNOWN STEP	2026-10-08T16:11:52.2818779Z 
stable / test and specification	UNKNOWN STEP	2026-10-08T16:11:52.2827567Z ^[[1m^[[92m     Running^[[0m tests/p3_snapshot_hierarchy_widening.rs (target/debug/deps/p3_snapshot_hierarchy_widening-383a921b5ecde7ea)
stable / test and specification	UNKNOWN STEP	2026-10-08T16:11:52.2915849Z 
stable / test and specification	UNKNOWN STEP	2026-10-08T16:11:52.2916237Z running 6 tests
stable / test and specification	UNKNOWN STEP	2026-10-08T16:11:52.3861452Z test hier_variants_each_cast_with_the_required_spelling ... ok
stable / test and specification	UNKNOWN STEP	2026-10-08T16:11:53.2914505Z test hier_variants_recompile_and_run_every_path ... ok
stable / test and specification	UNKNOWN STEP	2026-10-08T16:11:54.1512679Z test i1_family_recompiles_and_runs_every_path ... ok
stable / test and specification	UNKNOWN STEP	2026-10-08T16:11:54.1650318Z test i1_family_recovers_the_interface_argument_with_the_required_spelling ... ok
stable / test and specification	UNKNOWN STEP	2026-10-08T16:11:54.2927492Z test negatives_keep_the_refusal_and_the_original_runtime ... ok
stable / test and specification	UNKNOWN STEP	2026-10-08T16:11:54.4427137Z test the_walk_proves_the_eighth_edge_and_refuses_the_ninth ... ok
stable / test and specification	UNKNOWN STEP	2026-10-08T16:11:54.4427568Z 
stable / test and specification	UNKNOWN STEP	2026-10-08T16:11:54.4428067Z test result: ok. 6 passed; 0 failed; 0 ignored; 0 measured; 0 filtered out; finished in 2.15s
stable / test and specification	UNKNOWN STEP	2026-10-08T16:11:54.4428539Z 
stable / test and specification	UNKNOWN STEP	2026-10-08T16:11:54.4441683Z ^[[1m^[[92m     Running^[[0m tests/p3_special_dispatch.rs (target/debug/deps/p3_special_dispatch-472826dffe61d0f1)
stable / test and specification	UNKNOWN STEP	2026-10-08T16:11:54.4519257Z 
stable / test and specification	UNKNOWN STEP	2026-10-08T16:11:54.4519667Z running 6 tests
stable / test and specification	UNKNOWN STEP	2026-10-08T16:11:54.4578084Z test generated_special_dispatch_matches_original_runtime ... ignored, 需要 JDK：从 Engine::class_source 生成真实文本后用 javac/java 编译执行；cargo test 默认跳过
stable / test and specification	UNKNOWN STEP	2026-10-08T16:11:54.5310159Z test interface_super_without_selected_dependencies_keeps_a_source_mapped_refusal ... ok
stable / test and specification	UNKNOWN STEP	2026-10-08T16:11:54.5489195Z test method_only_uses_the_same_proof_and_ordinary_special_calls_read_no_dependencies ... ok
stable / test and specification	UNKNOWN STEP	2026-10-08T16:11:54.5631406Z test special_dispatch_arguments_keep_super_shape_and_producers ... ok
stable / test and specification	UNKNOWN STEP	2026-10-08T16:11:54.5770403Z test special_dispatch_keeps_receiver_and_call_origins ... ok
stable / test and specification	UNKNOWN STEP	2026-10-08T16:11:54.5908218Z test special_dispatch_text_keeps_each_declared_receiver ... ok
stable / test and specification	UNKNOWN STEP	2026-10-08T16:11:54.5908679Z 
stable / test and specification	UNKNOWN STEP	2026-10-08T16:11:54.5909223Z test result: ok. 5 passed; 0 failed; 1 ignored; 0 measured; 0 filtered out; finished in 0.14s
stable / test and specification	UNKNOWN STEP	2026-10-08T16:11:54.5909745Z 
stable / test and specification	UNKNOWN STEP	2026-10-08T16:11:54.5922140Z ^[[1m^[[92m     Running^[[0m tests/p3_special_refusal.rs (target/debug/deps/p3_special_refusal-a938d9c13fd8f44f)
stable / test and specification	UNKNOWN STEP	2026-10-08T16:11:54.6002073Z 
stable / test and specification	UNKNOWN STEP	2026-10-08T16:11:54.6002322Z running 4 tests
stable / test and specification	UNKNOWN STEP	2026-10-08T16:11:54.6773154Z test discarded_result_special_keeps_argument_and_call_sources ... ok
stable / test and specification	UNKNOWN STEP	2026-10-08T16:11:54.6902832Z test nonprivate_current_special_is_refused_instead_of_becoming_this_virtual ... ok
stable / test and specification	UNKNOWN STEP	2026-10-08T16:11:54.7027587Z test nonthis_direct_super_special_is_refused_instead_of_becoming_super ... ok
stable / test and specification	UNKNOWN STEP	2026-10-08T16:11:54.7155856Z test refused_nested_special_keeps_argument_outer_call_and_return_sources ... ok
stable / test and specification	UNKNOWN STEP	2026-10-08T16:11:54.7156405Z 
stable / test and specification	UNKNOWN STEP	2026-10-08T16:11:54.7156966Z test result: ok. 4 passed; 0 failed; 0 ignored; 0 measured; 0 filtered out; finished in 0.12s
stable / test and specification	UNKNOWN STEP	2026-10-08T16:11:54.7157502Z 
stable / test and specification	UNKNOWN STEP	2026-10-08T16:11:54.7169083Z ^[[1m^[[92m     Running^[[0m tests/p3_stated_rows.rs (target/debug/deps/p3_stated_rows-67f734e93d7aa3dc)
stable / test and specification	UNKNOWN STEP	2026-10-08T16:11:54.7285069Z 
stable / test and specification	UNKNOWN STEP	2026-10-08T16:11:54.7285370Z running 2 tests
stable / test and specification	UNKNOWN STEP	2026-10-08T16:11:54.8064650Z test a_nested_catch_is_stated_instead_of_silently_dropped ... ok
stable / test and specification	UNKNOWN STEP	2026-10-08T16:11:54.8127851Z test a_row_whose_range_holds_no_throwing_instruction_is_still_a_catch ... ok
stable / test and specification	UNKNOWN STEP	2026-10-08T16:11:54.8128484Z 
stable / test and specification	UNKNOWN STEP	2026-10-08T16:11:54.8129200Z test result: ok. 2 passed; 0 failed; 0 ignored; 0 measured; 0 filtered out; finished in 0.08s
stable / test and specification	UNKNOWN STEP	2026-10-08T16:11:54.8129860Z 
stable / test and specification	UNKNOWN STEP	2026-10-08T16:11:54.8139198Z ^[[1m^[[92m     Running^[[0m tests/p3_static_call.rs (target/debug/deps/p3_static_call-4e06c2c1d16ec732)
stable / test and specification	UNKNOWN STEP	2026-10-08T16:11:54.8212588Z 
stable / test and specification	UNKNOWN STEP	2026-10-08T16:11:54.8213013Z running 1 test
stable / test and specification	UNKNOWN STEP	2026-10-08T16:11:54.8998968Z test a_static_call_names_the_class_its_pool_entry_names ... ok
stable / test and specification	UNKNOWN STEP	2026-10-08T16:11:54.8999524Z 
stable / test and specification	UNKNOWN STEP	2026-10-08T16:11:54.9000182Z test result: ok. 1 passed; 0 failed; 0 ignored; 0 measured; 0 filtered out; finished in 0.08s
stable / test and specification	UNKNOWN STEP	2026-10-08T16:11:54.9000826Z 
stable / test and specification	UNKNOWN STEP	2026-10-08T16:11:54.9009814Z ^[[1m^[[92m     Running^[[0m tests/p3_string_switch_projection.rs (target/debug/deps/p3_string_switch_projection-834cd9de65acae1d)
stable / test and specification	UNKNOWN STEP	2026-10-08T16:11:54.9026858Z 
stable / test and specification	UNKNOWN STEP	2026-10-08T16:11:54.9027207Z running 6 tests
stable / test and specification	UNKNOWN STEP	2026-10-08T16:11:54.9130851Z test all_evidence_maps_each_folded_dispatch_instruction_and_selector_producer ... ok
stable / test and specification	UNKNOWN STEP	2026-10-08T16:11:54.9211860Z test cancellation_before_string_projection_is_reported_without_a_committed_switch ... ok
stable / test and specification	UNKNOWN STEP	2026-10-08T16:11:54.9357214Z test essential_and_all_evidence_emit_identical_string_switch_text ... ok
stable / test and specification	UNKNOWN STEP	2026-10-08T16:11:54.9548488Z test low_ir_and_output_budgets_stop_without_committing_a_partial_switch ... ok
stable / test and specification	UNKNOWN STEP	2026-10-08T16:11:54.9885228Z test proved_dispatches_use_one_string_switch_and_original_arm_order ... ok
stable / test and specification	UNKNOWN STEP	2026-10-08T16:11:55.0053025Z test refused_certificates_preserve_both_executable_dispatches ... ok
stable / test and specification	UNKNOWN STEP	2026-10-08T16:11:55.0053633Z 
stable / test and specification	UNKNOWN STEP	2026-10-08T16:11:55.0054625Z test result: ok. 6 passed; 0 failed; 0 ignored; 0 measured; 0 filtered out; finished in 0.10s
stable / test and specification	UNKNOWN STEP	2026-10-08T16:11:55.0055299Z 
stable / test and specification	UNKNOWN STEP	2026-10-08T16:11:55.0061590Z ^[[1m^[[92m     Running^[[0m tests/p3_switch_arm_loop_exits.rs (target/debug/deps/p3_switch_arm_loop_exits-35b0c2d99860adb5)
stable / test and specification	UNKNOWN STEP	2026-10-08T16:11:55.0137643Z 
stable / test and specification	UNKNOWN STEP	2026-10-08T16:11:55.0137884Z running 4 tests
stable / test and specification	UNKNOWN STEP	2026-10-08T16:11:55.0997367Z test a_still_refused_switch_names_its_own_failure_first ... ok
stable / test and specification	UNKNOWN STEP	2026-10-08T16:11:55.7528352Z test join_equal_to_the_latch_recovers_and_the_control_stays_verbatim ... ok
stable / test and specification	UNKNOWN STEP	2026-10-08T16:11:56.3825037Z test switch_arm_continue_and_the_switch_join_present_together ... ok
stable / test and specification	UNKNOWN STEP	2026-10-08T16:11:57.0974014Z test the_variant_family_recovers_and_runs_like_the_original ... ok
stable / test and specification	UNKNOWN STEP	2026-10-08T16:11:57.0974512Z 
stable / test and specification	UNKNOWN STEP	2026-10-08T16:11:57.0974925Z test result: ok. 4 passed; 0 failed; 0 ignored; 0 measured; 0 filtered out; finished in 2.08s
stable / test and specification	UNKNOWN STEP	2026-10-08T16:11:57.0975304Z 
stable / test and specification	UNKNOWN STEP	2026-10-08T16:11:57.0985405Z ^[[1m^[[92m     Running^[[0m tests/p3_switch_fallthrough.rs (target/debug/deps/p3_switch_fallthrough-73b59ac97c2fe3eb)
stable / test and specification	UNKNOWN STEP	2026-10-08T16:11:57.1062201Z 
stable / test and specification	UNKNOWN STEP	2026-10-08T16:11:57.1062566Z running 2 tests
stable / test and specification	UNKNOWN STEP	2026-10-08T16:11:57.1906435Z test default_in_the_middle_keeps_both_proven_fallthrough_edges ... ok
stable / test and specification	UNKNOWN STEP	2026-10-08T16:11:57.2038746Z test lookup_and_table_switches_order_only_proven_fallthrough_and_keep_breaks ... ok
stable / test and specification	UNKNOWN STEP	2026-10-08T16:11:57.2039396Z 
stable / test and specification	UNKNOWN STEP	2026-10-08T16:11:57.2040045Z test result: ok. 2 passed; 0 failed; 0 ignored; 0 measured; 0 filtered out; finished in 0.10s
stable / test and specification	UNKNOWN STEP	2026-10-08T16:11:57.2040655Z 
stable / test and specification	UNKNOWN STEP	2026-10-08T16:11:57.2051506Z ^[[1m^[[92m     Running^[[0m tests/p3_switch_forward_join.rs (target/debug/deps/p3_switch_forward_join-859a846798cbfe01)
stable / test and specification	UNKNOWN STEP	2026-10-08T16:11:57.2130431Z 
stable / test and specification	UNKNOWN STEP	2026-10-08T16:11:57.2130772Z running 3 tests
stable / test and specification	UNKNOWN STEP	2026-10-08T16:11:57.2804887Z test analysis_budget_during_switch_join_proof_does_not_publish_a_complete_class ... ok
stable / test and specification	UNKNOWN STEP	2026-10-08T16:11:57.3101342Z test cross_case_goto_and_looping_arm_do_not_gain_a_forward_join ... ok
stable / test and specification	UNKNOWN STEP	2026-10-08T16:11:57.3212487Z test switch_arms_stop_before_the_shared_forward_join ... ok
stable / test and specification	UNKNOWN STEP	2026-10-08T16:11:57.3213005Z 
stable / test and specification	UNKNOWN STEP	2026-10-08T16:11:57.3213389Z test result: ok. 3 passed; 0 failed; 0 ignored; 0 measured; 0 filtered out; finished in 0.11s
stable / test and specification	UNKNOWN STEP	2026-10-08T16:11:57.3213758Z 
stable / test and specification	UNKNOWN STEP	2026-10-08T16:11:57.3224620Z ^[[1m^[[92m     Running^[[0m tests/p3_switch_loop_exits.rs (target/debug/deps/p3_switch_loop_exits-fc04e3cbe5cfca1f)
stable / test and specification	UNKNOWN STEP	2026-10-08T16:11:57.3305565Z 
stable / test and specification	UNKNOWN STEP	2026-10-08T16:11:57.3305770Z running 5 tests
stable / test and specification	UNKNOWN STEP	2026-10-08T16:11:57.3945615Z test budget_and_cancellation_do_not_publish_a_partial_switch ... ok
stable / test and specification	UNKNOWN STEP	2026-10-08T16:11:57.4315851Z test local_continue_certificate_respects_switch_and_loop_boundaries ... ok
stable / test and specification	UNKNOWN STEP	2026-10-08T16:11:57.4357239Z test nested_switch_and_continue_without_a_unique_local_join_stay_quoted ... ok
stable / test and specification	UNKNOWN STEP	2026-10-08T16:11:57.4413626Z test switch_local_join_precedes_current_loop_continue_without_duplicate_ownership ... ok
stable / test and specification	UNKNOWN STEP	2026-10-08T16:11:57.4467724Z test switch_loop_exit_and_local_join_keep_their_own_origins ... ok
stable / test and specification	UNKNOWN STEP	2026-10-08T16:11:57.4468271Z 
stable / test and specification	UNKNOWN STEP	2026-10-08T16:11:57.4468768Z test result: ok. 5 passed; 0 failed; 0 ignored; 0 measured; 0 filtered out; finished in 0.12s
stable / test and specification	UNKNOWN STEP	2026-10-08T16:11:57.4469139Z 
stable / test and specification	UNKNOWN STEP	2026-10-08T16:11:57.4480388Z ^[[1m^[[92m     Running^[[0m tests/p3_switch_value.rs (target/debug/deps/p3_switch_value-8008a949f3aae520)
stable / test and specification	UNKNOWN STEP	2026-10-08T16:11:57.4559022Z 
stable / test and specification	UNKNOWN STEP	2026-10-08T16:11:57.4559249Z running 2 tests
stable / test and specification	UNKNOWN STEP	2026-10-08T16:11:57.5306497Z test a_switch_expressions_join_return_is_written_into_every_arm ... ok
stable / test and specification	UNKNOWN STEP	2026-10-08T16:11:57.5357537Z test a_yielding_arm_keeps_the_store_it_already_wrote ... ok
stable / test and specification	UNKNOWN STEP	2026-10-08T16:11:57.5358080Z 
stable / test and specification	UNKNOWN STEP	2026-10-08T16:11:57.5358571Z test result: ok. 2 passed; 0 failed; 0 ignored; 0 measured; 0 filtered out; finished in 0.08s
stable / test and specification	UNKNOWN STEP	2026-10-08T16:11:57.5359333Z 
stable / test and specification	UNKNOWN STEP	2026-10-08T16:11:57.5367468Z ^[[1m^[[92m     Running^[[0m tests/p3_sync_return.rs (target/debug/deps/p3_sync_return-55b9e60d2ebb82d1)
stable / test and specification	UNKNOWN STEP	2026-10-08T16:11:57.5449470Z 
stable / test and specification	UNKNOWN STEP	2026-10-08T16:11:57.5449766Z running 3 tests
stable / test and specification	UNKNOWN STEP	2026-10-08T16:11:57.6207182Z test a_return_inside_a_synchronized_block_is_written_between_its_braces ... ok
stable / test and specification	UNKNOWN STEP	2026-10-08T16:11:57.6275258Z test essential_and_all_evidence_keep_the_same_member_body ... ok
stable / test and specification	UNKNOWN STEP	2026-10-08T16:11:57.6427050Z test independent_effects_keep_their_refusal_and_a_proved_nested_monitor_presents ... ok
stable / test and specification	UNKNOWN STEP	2026-10-08T16:11:57.6427651Z 
stable / test and specification	UNKNOWN STEP	2026-10-08T16:11:57.6428198Z test result: ok. 3 passed; 0 failed; 0 ignored; 0 measured; 0 filtered out; finished in 0.10s
stable / test and specification	UNKNOWN STEP	2026-10-08T16:11:57.6428730Z 
stable / test and specification	UNKNOWN STEP	2026-10-08T16:11:57.6438674Z ^[[1m^[[92m     Running^[[0m tests/p3_throw.rs (target/debug/deps/p3_throw-dd2986e07f98cc28)
stable / test and specification	UNKNOWN STEP	2026-10-08T16:11:57.6525188Z 
stable / test and specification	UNKNOWN STEP	2026-10-08T16:11:57.6525771Z running 8 tests
stable / test and specification	UNKNOWN STEP	2026-10-08T16:11:57.7412732Z test class_source_default_selection_includes_source_maps ... ok
stable / test and specification	UNKNOWN STEP	2026-10-08T16:11:57.7520797Z test duplicated_call_result_is_called_once_or_fully_referenced ... ok
stable / test and specification	UNKNOWN STEP	2026-10-08T16:11:57.7627606Z test fixture_has_the_complete_positive_throw_surface ... ok
stable / test and specification	UNKNOWN STEP	2026-10-08T16:11:57.7734731Z test lower_parameter_stack_value_is_not_an_extra_throw_read ... ok
stable / test and specification	UNKNOWN STEP	2026-10-08T16:11:57.7838270Z test ordinary_throw_shapes_are_presented_with_their_source_types ... ok
stable / test and specification	UNKNOWN STEP	2026-10-08T16:11:57.7839834Z test recovered_throw_probe_matches_original_runtime ... ignored, requires JDK: compile Engine::class_source output and execute a temporary runner
stable / test and specification	UNKNOWN STEP	2026-10-08T16:11:57.7947384Z test stale_parameter_throw_keeps_the_old_stack_value_or_quotes_its_boundary ... ok
stable / test and specification	UNKNOWN STEP	2026-10-08T16:11:57.8051195Z test throw_sources_keep_real_bcis_and_member_identity ... ok
stable / test and specification	UNKNOWN STEP	2026-10-08T16:11:57.8051840Z 
stable / test and specification	UNKNOWN STEP	2026-10-08T16:11:57.8052665Z test result: ok. 7 passed; 0 failed; 1 ignored; 0 measured; 0 filtered out; finished in 0.15s
stable / test and specification	UNKNOWN STEP	2026-10-08T16:11:57.8053285Z 
stable / test and specification	UNKNOWN STEP	2026-10-08T16:11:57.8064156Z ^[[1m^[[92m     Running^[[0m tests/p3_throwable_wrap_arguments.rs (target/debug/deps/p3_throwable_wrap_arguments-f08736475f4956f9)
stable / test and specification	UNKNOWN STEP	2026-10-08T16:11:57.8150993Z 
stable / test and specification	UNKNOWN STEP	2026-10-08T16:11:57.8151189Z running 5 tests
stable / test and specification	UNKNOWN STEP	2026-10-08T16:11:57.9014491Z test c2_alias_wrapped_rethrow_presents_the_full_catch_body ... ok
stable / test and specification	UNKNOWN STEP	2026-10-08T16:11:58.6292117Z test recovered_c2_runtime_matches_the_original_class ... ok
stable / test and specification	UNKNOWN STEP	2026-10-08T16:11:59.4338512Z test table_out_presentations_keep_the_refusal_and_the_original_runtime ... ok
stable / test and specification	UNKNOWN STEP	2026-10-08T16:12:00.8986371Z test wrap_family_recovers_every_variant_with_the_required_spelling ... ok
stable / test and specification	UNKNOWN STEP	2026-10-08T16:12:00.8995562Z test wrap_recovery_stops_and_cancels_before_any_published_output ... ok
stable / test and specification	UNKNOWN STEP	2026-10-08T16:12:00.8995920Z 
stable / test and specification	UNKNOWN STEP	2026-10-08T16:12:00.8996322Z test result: ok. 5 passed; 0 failed; 0 ignored; 0 measured; 0 filtered out; finished in 3.08s
stable / test and specification	UNKNOWN STEP	2026-10-08T16:12:00.8996712Z 
stable / test and specification	UNKNOWN STEP	2026-10-08T16:12:00.9009104Z ^[[1m^[[92m     Running^[[0m tests/p3_try_local.rs (target/debug/deps/p3_try_local-d6b54b43a3d403be)
stable / test and specification	UNKNOWN STEP	2026-10-08T16:12:00.9086196Z 
stable / test and specification	UNKNOWN STEP	2026-10-08T16:12:00.9086449Z running 2 tests
stable / test and specification	UNKNOWN STEP	2026-10-08T16:12:00.9820674Z test a_copy_whose_proof_fails_does_not_claim_a_resource_header ... ok
stable / test and specification	UNKNOWN STEP	2026-10-08T16:12:00.9875302Z test a_java_nine_resource_is_declared_from_the_copy_the_compiler_made ... ok
stable / test and specification	UNKNOWN STEP	2026-10-08T16:12:00.9875888Z 
stable / test and specification	UNKNOWN STEP	2026-10-08T16:12:00.9876276Z test result: ok. 2 passed; 0 failed; 0 ignored; 0 measured; 0 filtered out; finished in 0.08s
stable / test and specification	UNKNOWN STEP	2026-10-08T16:12:00.9876651Z 
stable / test and specification	UNKNOWN STEP	2026-10-08T16:12:00.9886886Z ^[[1m^[[92m     Running^[[0m tests/p3_two_exit_return.rs (target/debug/deps/p3_two_exit_return-b99b85a4649c1065)
stable / test and specification	UNKNOWN STEP	2026-10-08T16:12:00.9992610Z 
stable / test and specification	UNKNOWN STEP	2026-10-08T16:12:00.9992966Z running 7 tests
stable / test and specification	UNKNOWN STEP	2026-10-08T16:12:01.0702583Z test an_inner_two_return_graph_with_two_outside_predecessors_is_not_claimed ... ok
stable / test and specification	UNKNOWN STEP	2026-10-08T16:12:02.9943370Z test complete_class_compiles_and_matches_eight_verified_paths ... ok
stable / test and specification	UNKNOWN STEP	2026-10-08T16:12:03.0062148Z test low_budget_and_pre_cancel_publish_no_partial_return ... ok
stable / test and specification	UNKNOWN STEP	2026-10-08T16:12:04.4299252Z test observable_equals_calls_keep_their_lazy_order_and_count ... ok
stable / test and specification	UNKNOWN STEP	2026-10-08T16:12:04.4367455Z test shared_return_has_one_statement_and_every_physical_source ... ok
stable / test and specification	UNKNOWN STEP	2026-10-08T16:12:04.4475371Z test third_exit_backedge_and_exception_boundary_keep_their_own_structure ... ok
stable / test and specification	UNKNOWN STEP	2026-10-08T16:12:04.4620752Z test unproved_leaves_descriptor_and_independent_effect_do_not_fold ... ok
stable / test and specification	UNKNOWN STEP	2026-10-08T16:12:04.4621242Z 
stable / test and specification	UNKNOWN STEP	2026-10-08T16:12:04.4621628Z test result: ok. 7 passed; 0 failed; 0 ignored; 0 measured; 0 filtered out; finished in 3.46s
stable / test and specification	UNKNOWN STEP	2026-10-08T16:12:04.4621998Z 
stable / test and specification	UNKNOWN STEP	2026-10-08T16:12:04.4633157Z ^[[1m^[[92m     Running^[[0m tests/p3_twr_catch.rs (target/debug/deps/p3_twr_catch-d8637b8929ea8ad5)
stable / test and specification	UNKNOWN STEP	2026-10-08T16:12:04.4711280Z 
stable / test and specification	UNKNOWN STEP	2026-10-08T16:12:04.4711564Z running 2 tests
stable / test and specification	UNKNOWN STEP	2026-10-08T16:12:04.4715046Z test a_resource_statement_and_the_catch_around_it_are_presented_together ... ignored, needs the `returns` increment in build.rs (P3 2.6's mechanism, for the resource header)
stable / test and specification	UNKNOWN STEP	2026-10-08T16:12:04.5497311Z test the_unchecked_close_handler_is_refused_without_partial_twr ... ok
stable / test and specification	UNKNOWN STEP	2026-10-08T16:12:04.5497782Z 
stable / test and specification	UNKNOWN STEP	2026-10-08T16:12:04.5498248Z test result: ok. 1 passed; 0 failed; 1 ignored; 0 measured; 0 filtered out; finished in 0.08s
stable / test and specification	UNKNOWN STEP	2026-10-08T16:12:04.5498701Z 
stable / test and specification	UNKNOWN STEP	2026-10-08T16:12:04.5509518Z ^[[1m^[[92m     Running^[[0m tests/p3_twr_discarded_call.rs (target/debug/deps/p3_twr_discarded_call-812ec1080736dcf8)
stable / test and specification	UNKNOWN STEP	2026-10-08T16:12:04.5595509Z 
stable / test and specification	UNKNOWN STEP	2026-10-08T16:12:04.5595808Z running 8 tests
stable / test and specification	UNKNOWN STEP	2026-10-08T16:12:04.6645429Z test a_discarded_call_body_presents_the_call_statement ... ok
stable / test and specification	UNKNOWN STEP	2026-10-08T16:12:04.7028357Z test a_result_the_source_receives_keeps_the_assignment_channel ... ok
stable / test and specification	UNKNOWN STEP	2026-10-08T16:12:04.7250667Z test a_stopped_or_cancelled_run_publishes_no_partial_pop_body ... ok
stable / test and specification	UNKNOWN STEP	2026-10-08T16:12:04.7795446Z test the_negative_refusal_is_the_guard_body_diagnostic_at_the_body_bci ... ok
stable / test and specification	UNKNOWN STEP	2026-10-08T16:12:06.8376538Z test the_recovered_classes_compile_and_run_the_original_paths ... ok
stable / test and specification	UNKNOWN STEP	2026-10-08T16:12:07.1006093Z test the_variant_family_presents_every_discarded_call_shape ... ok
stable / test and specification	UNKNOWN STEP	2026-10-08T16:12:07.1168267Z test the_void_call_controls_keep_their_exact_text ... ok
stable / test and specification	UNKNOWN STEP	2026-10-08T16:12:07.1709499Z test verifier_valid_pop_shapes_outside_the_criterion_keep_the_body_refusal ... ok
stable / test and specification	UNKNOWN STEP	2026-10-08T16:12:07.1710119Z 
stable / test and specification	UNKNOWN STEP	2026-10-08T16:12:07.1710735Z test result: ok. 8 passed; 0 failed; 0 ignored; 0 measured; 0 filtered out; finished in 2.61s
stable / test and specification	UNKNOWN STEP	2026-10-08T16:12:07.1711333Z 
stable / test and specification	UNKNOWN STEP	2026-10-08T16:12:07.1722323Z ^[[1m^[[92m     Running^[[0m tests/p3_twr_enclosing_catch.rs (target/debug/deps/p3_twr_enclosing_catch-019f849fbfd0b410)
stable / test and specification	UNKNOWN STEP	2026-10-08T16:12:07.1798471Z 
stable / test and specification	UNKNOWN STEP	2026-10-08T16:12:07.1798773Z running 6 tests
stable / test and specification	UNKNOWN STEP	2026-10-08T16:12:07.2021990Z test a_stopped_or_cancelled_run_publishes_no_partial_catch ... ok
stable / test and specification	UNKNOWN STEP	2026-10-08T16:12:07.2705113Z test the_clause_header_names_the_row_and_the_binding_store ... ok
stable / test and specification	UNKNOWN STEP	2026-10-08T16:12:07.3323376Z test the_fixed_shapes_present_the_statement_and_its_clause ... ok
stable / test and specification	UNKNOWN STEP	2026-10-08T16:12:07.4239842Z test the_negative_shapes_themselves_run ... ok
stable / test and specification	UNKNOWN STEP	2026-10-08T16:12:08.8505614Z test the_recovered_classes_compile_and_run_the_original_paths ... ok
stable / test and specification	UNKNOWN STEP	2026-10-08T16:12:08.9804442Z test verifier_valid_surroundings_outside_the_clause_keep_the_refusal ... ok
stable / test and specification	UNKNOWN STEP	2026-10-08T16:12:08.9804838Z 
stable / test and specification	UNKNOWN STEP	2026-10-08T16:12:08.9805228Z test result: ok. 6 passed; 0 failed; 0 ignored; 0 measured; 0 filtered out; finished in 1.80s
stable / test and specification	UNKNOWN STEP	2026-10-08T16:12:08.9805599Z 
stable / test and specification	UNKNOWN STEP	2026-10-08T16:12:08.9818531Z ^[[1m^[[92m     Running^[[0m tests/p3_twr_enclosing_catch_call.rs (target/debug/deps/p3_twr_enclosing_catch_call-771d2cb5b12d9137)
stable / test and specification	UNKNOWN STEP	2026-10-08T16:12:08.9905515Z 
stable / test and specification	UNKNOWN STEP	2026-10-08T16:12:08.9905746Z running 7 tests
stable / test and specification	UNKNOWN STEP	2026-10-08T16:12:09.0124314Z test a_stopped_or_cancelled_run_publishes_no_partial_clause ... ok
stable / test and specification	UNKNOWN STEP	2026-10-08T16:12:09.0861929Z test the_discarded_call_clause_anchor_records_the_handler_entry ... ok
stable / test and specification	UNKNOWN STEP	2026-10-08T16:12:09.1831690Z test the_negative_shapes_themselves_run ... ok
stable / test and specification	UNKNOWN STEP	2026-10-08T16:12:09.2159580Z test the_patrol_anchors_present_the_discarded_call_clause ... ok
stable / test and specification	UNKNOWN STEP	2026-10-08T16:12:11.0448787Z test the_recovered_classes_compile_and_run_the_original_paths ... ok
stable / test and specification	UNKNOWN STEP	2026-10-08T16:12:11.4244424Z test the_variant_family_presents_every_discarded_call_clause_shape ... ok
stable / test and specification	UNKNOWN STEP	2026-10-08T16:12:11.5149279Z test verifier_valid_discards_outside_the_criterion_keep_the_clause_refusal ... ok
stable / test and specification	UNKNOWN STEP	2026-10-08T16:12:11.5151342Z ^[[1m^[[92m     Running^[[0m tests/p3_twr_lead_sequence.rs (target/debug/deps/p3_twr_lead_sequence-7b4d670aabf46c89)
stable / test and specification	UNKNOWN STEP	2026-10-08T16:12:11.5151917Z 
stable / test and specification	UNKNOWN STEP	2026-10-08T16:12:11.5152342Z test result: ok. 7 passed; 0 failed; 0 ignored; 0 measured; 0 filtered out; finished in 2.52s
stable / test and specification	UNKNOWN STEP	2026-10-08T16:12:11.5152753Z 
stable / test and specification	UNKNOWN STEP	2026-10-08T16:12:11.5238886Z 
stable / test and specification	UNKNOWN STEP	2026-10-08T16:12:11.5239267Z running 4 tests
stable / test and specification	UNKNOWN STEP	2026-10-08T16:12:11.6486855Z test a_weakened_geometry_keeps_the_refusal ... ok
stable / test and specification	UNKNOWN STEP	2026-10-08T16:12:11.6726573Z test swapped_close_guard_targets_keep_the_refusal ... ok
stable / test and specification	UNKNOWN STEP	2026-10-08T16:12:11.6913153Z test the_newer_lowerings_presentation_is_byte_for_byte_the_pre_change_one ... ok
stable / test and specification	UNKNOWN STEP	2026-10-08T16:12:11.7159163Z test the_older_lowerings_level_is_recovered_as_a_try_with_resources ... ok
stable / test and specification	UNKNOWN STEP	2026-10-08T16:12:11.7159822Z 
stable / test and specification	UNKNOWN STEP	2026-10-08T16:12:11.7160478Z test result: ok. 4 passed; 0 failed; 0 ignored; 0 measured; 0 filtered out; finished in 0.19s
stable / test and specification	UNKNOWN STEP	2026-10-08T16:12:11.7161131Z 
stable / test and specification	UNKNOWN STEP	2026-10-08T16:12:11.7174317Z ^[[1m^[[92m     Running^[[0m tests/p3_twr_return_tail.rs (target/debug/deps/p3_twr_return_tail-2273743786cbc751)
stable / test and specification	UNKNOWN STEP	2026-10-08T16:12:11.7268512Z 
stable / test and specification	UNKNOWN STEP	2026-10-08T16:12:11.7268734Z running 5 tests
stable / test and specification	UNKNOWN STEP	2026-10-08T16:12:11.8141204Z test a_competing_exception_row_cannot_borrow_the_proved_cleanup_handler ... ok
stable / test and specification	UNKNOWN STEP	2026-10-08T16:12:11.8257450Z test effectful_post_close_tail_is_not_absorbed_into_the_resource_body ... ok
stable / test and specification	UNKNOWN STEP	2026-10-08T16:12:11.8372121Z test one_resource_layout_keeps_its_saved_return_and_cleanup_owned ... ok
stable / test and specification	UNKNOWN STEP	2026-10-08T16:12:11.8489225Z test proved_cleanup_handler_accesses_do_not_hide_the_saved_return_local ... ok
stable / test and specification	UNKNOWN STEP	2026-10-08T16:12:11.8606596Z test tail_read_of_a_different_local_is_not_misidentified_as_the_saved_body_value ... ok
stable / test and specification	UNKNOWN STEP	2026-10-08T16:12:11.8607130Z 
stable / test and specification	UNKNOWN STEP	2026-10-08T16:12:11.8607583Z test result: ok. 5 passed; 0 failed; 0 ignored; 0 measured; 0 filtered out; finished in 0.13s
stable / test and specification	UNKNOWN STEP	2026-10-08T16:12:11.8607975Z 
stable / test and specification	UNKNOWN STEP	2026-10-08T16:12:11.8620022Z ^[[1m^[[92m     Running^[[0m tests/p3_twr_saved_return_typing.rs (target/debug/deps/p3_twr_saved_return_typing-45ec5d5a3c1e9260)
stable / test and specification	UNKNOWN STEP	2026-10-08T16:12:11.8705878Z 
stable / test and specification	UNKNOWN STEP	2026-10-08T16:12:11.8706169Z running 3 tests
stable / test and specification	UNKNOWN STEP	2026-10-08T16:12:12.0859794Z test every_saved_value_family_spells_its_producer_and_null_stays_object ... ok
stable / test and specification	UNKNOWN STEP	2026-10-08T16:12:12.8737959Z test the_recovered_t2_compiles_as_presented_and_runs_the_original_paths ... ok
stable / test and specification	UNKNOWN STEP	2026-10-08T16:12:12.8912883Z test the_saved_return_declaration_spells_the_constants_own_type ... ok
stable / test and specification	UNKNOWN STEP	2026-10-08T16:12:12.8913632Z 
stable / test and specification	UNKNOWN STEP	2026-10-08T16:12:12.8914706Z test result: ok. 3 passed; 0 failed; 0 ignored; 0 measured; 0 filtered out; finished in 1.02s
stable / test and specification	UNKNOWN STEP	2026-10-08T16:12:12.8915525Z 
stable / test and specification	UNKNOWN STEP	2026-10-08T16:12:12.8927089Z ^[[1m^[[92m     Running^[[0m tests/p3_type_qualifier.rs (target/debug/deps/p3_type_qualifier-9782e04f80d729b1)
stable / test and specification	UNKNOWN STEP	2026-10-08T16:12:12.9007887Z 
stable / test and specification	UNKNOWN STEP	2026-10-08T16:12:12.9008175Z running 5 tests
stable / test and specification	UNKNOWN STEP	2026-10-08T16:12:14.0645209Z test a_static_owner_and_a_read_parameter_keep_distinct_names ... ok
stable / test and specification	UNKNOWN STEP	2026-10-08T16:12:14.0731340Z test all_fixture_methods_are_structured_with_sources ... ok
stable / test and specification	UNKNOWN STEP	2026-10-08T16:12:14.0863005Z test essential_and_all_share_text_but_only_all_publishes_sources ... ok
stable / test and specification	UNKNOWN STEP	2026-10-08T16:12:14.0864555Z test recovered_complete_class_matches_frozen_original ... ignored, requires JDK: compile and execute the original and recovered complete classes
stable / test and specification	UNKNOWN STEP	2026-10-08T16:12:14.0936056Z test static_owners_survive_generated_parameter_and_suffix_names ... ok
stable / test and specification	UNKNOWN STEP	2026-10-08T16:12:14.0936465Z 
stable / test and specification	UNKNOWN STEP	2026-10-08T16:12:14.0937096Z test result: ok. 4 passed; 0 failed; 1 ignored; 0 measured; 0 filtered out; finished in 1.19s
stable / test and specification	UNKNOWN STEP	2026-10-08T16:12:14.0937713Z 
stable / test and specification	UNKNOWN STEP	2026-10-08T16:12:14.0951019Z ^[[1m^[[92m     Running^[[0m tests/p3_typed_catch.rs (target/debug/deps/p3_typed_catch-a71239ad82cc212d)
stable / test and specification	UNKNOWN STEP	2026-10-08T16:12:14.1030777Z 
stable / test and specification	UNKNOWN STEP	2026-10-08T16:12:14.1031116Z running 6 tests
stable / test and specification	UNKNOWN STEP	2026-10-08T16:12:14.1936071Z test a_catch_type_of_zero_becomes_neither_a_catch_nor_a_finally ... ok
stable / test and specification	UNKNOWN STEP	2026-10-08T16:12:14.2307213Z test a_multi_catch_handler_that_proves_no_statement_keeps_its_header_and_quotes_its_body ... ok
stable / test and specification	UNKNOWN STEP	2026-10-08T16:12:14.2433406Z test a_named_row_with_nothing_before_it_is_a_catch_not_a_resource_header ... ok
stable / test and specification	UNKNOWN STEP	2026-10-08T16:12:14.2558303Z test a_store_before_the_protected_range_is_not_a_resource_header ... ok
stable / test and specification	UNKNOWN STEP	2026-10-08T16:12:14.2682358Z test two_rows_that_share_one_handler_are_one_multi_catch_clause ... ok
stable / test and specification	UNKNOWN STEP	2026-10-08T16:12:14.2808648Z test two_rows_with_two_handlers_are_two_clauses_in_table_order ... ok
stable / test and specification	UNKNOWN STEP	2026-10-08T16:12:14.2809200Z 
stable / test and specification	UNKNOWN STEP	2026-10-08T16:12:14.2809596Z test result: ok. 6 passed; 0 failed; 0 ignored; 0 measured; 0 filtered out; finished in 0.18s
stable / test and specification	UNKNOWN STEP	2026-10-08T16:12:14.2809963Z 
stable / test and specification	UNKNOWN STEP	2026-10-08T16:12:14.2823260Z ^[[1m^[[92m     Running^[[0m tests/p3_typed_catch_boundary_return.rs (target/debug/deps/p3_typed_catch_boundary_return-a318353ba5463c55)
stable / test and specification	UNKNOWN STEP	2026-10-08T16:12:14.2902826Z 
stable / test and specification	UNKNOWN STEP	2026-10-08T16:12:14.2903221Z running 5 tests
stable / test and specification	UNKNOWN STEP	2026-10-08T16:12:14.3747348Z test a_budget_stop_and_precancellation_publish_no_partial_boundary_return ... ok
stable / test and specification	UNKNOWN STEP	2026-10-08T16:12:14.3856566Z test finally_copy_with_catch_all_is_not_admitted_by_the_return_rule ... ok
stable / test and specification	UNKNOWN STEP	2026-10-08T16:12:14.4987260Z test method_and_explicit_monitors_do_not_use_the_boundary_return_exception ... ok
stable / test and specification	UNKNOWN STEP	2026-10-08T16:12:14.6004862Z test only_one_value_return_after_the_named_range_is_admitted ... ok
stable / test and specification	UNKNOWN STEP	2026-10-08T16:12:14.7144583Z test plain_multicatch_range_end_return_is_presented_once ... ok
stable / test and specification	UNKNOWN STEP	2026-10-08T16:12:14.7145151Z 
stable / test and specification	UNKNOWN STEP	2026-10-08T16:12:14.7145811Z test result: ok. 5 passed; 0 failed; 0 ignored; 0 measured; 0 filtered out; finished in 0.42s
stable / test and specification	UNKNOWN STEP	2026-10-08T16:12:14.7146445Z 
stable / test and specification	UNKNOWN STEP	2026-10-08T16:12:14.7156426Z ^[[1m^[[92m     Running^[[0m tests/p3_unary_negation.rs (target/debug/deps/p3_unary_negation-1bdcf6430fb4b060)
stable / test and specification	UNKNOWN STEP	2026-10-08T16:12:14.7221896Z 
stable / test and specification	UNKNOWN STEP	2026-10-08T16:12:14.7222110Z running 8 tests
stable / test and specification	UNKNOWN STEP	2026-10-08T16:12:14.7894535Z test converted_negated_operand_keeps_conversion_and_bytecode_origins ... ok
stable / test and specification	UNKNOWN STEP	2026-10-08T16:12:14.7955834Z test four_direct_numeric_negations_are_recovered ... ok
stable / test and specification	UNKNOWN STEP	2026-10-08T16:12:14.7957221Z test jdk_execution_matches_the_original_for_numeric_boundaries_and_effects ... ignored, runs javac/java for the controlled fixture; run with --ignored
stable / test and specification	UNKNOWN STEP	2026-10-08T16:12:14.7995412Z test narrow_parameters_are_unary_promoted_to_int ... ok
stable / test and specification	UNKNOWN STEP	2026-10-08T16:12:14.8013433Z test negation_and_its_consumer_keep_distinct_source_origins ... ok
stable / test and specification	UNKNOWN STEP	2026-10-08T16:12:14.8041241Z test negation_emission_still_honors_the_output_budget ... ok
stable / test and specification	UNKNOWN STEP	2026-10-08T16:12:14.8117325Z test negation_is_preserved_through_local_and_call_consumers ... ok
stable / test and specification	UNKNOWN STEP	2026-10-08T16:12:14.8171625Z test negation_keeps_nested_and_binary_grouping ... ok
stable / test and specification	UNKNOWN STEP	2026-10-08T16:12:14.8172049Z 
stable / test and specification	UNKNOWN STEP	2026-10-08T16:12:14.8172612Z test result: ok. 7 passed; 0 failed; 1 ignored; 0 measured; 0 filtered out; finished in 0.10s
stable / test and specification	UNKNOWN STEP	2026-10-08T16:12:14.8173136Z 
stable / test and specification	UNKNOWN STEP	2026-10-08T16:12:14.8181072Z ^[[1m^[[92m     Running^[[0m tests/p3_varargs.rs (target/debug/deps/p3_varargs-670bca2a102a5731)
stable / test and specification	UNKNOWN STEP	2026-10-08T16:12:14.8258777Z 
stable / test and specification	UNKNOWN STEP	2026-10-08T16:12:14.8259004Z running 2 tests
stable / test and specification	UNKNOWN STEP	2026-10-08T16:12:14.9037489Z test a_varargs_members_last_parameter_is_written_with_the_dots ... ok
stable / test and specification	UNKNOWN STEP	2026-10-08T16:12:14.9086759Z test an_array_parameter_of_a_member_without_the_flag_keeps_its_brackets ... ok
stable / test and specification	UNKNOWN STEP	2026-10-08T16:12:14.9087380Z 
stable / test and specification	UNKNOWN STEP	2026-10-08T16:12:14.9088049Z test result: ok. 2 passed; 0 failed; 0 ignored; 0 measured; 0 filtered out; finished in 0.08s
stable / test and specification	UNKNOWN STEP	2026-10-08T16:12:14.9088682Z 
stable / test and specification	UNKNOWN STEP	2026-10-08T16:12:14.9098547Z ^[[1m^[[92m     Running^[[0m tests/p3_wrapped_array_foreach.rs (target/debug/deps/p3_wrapped_array_foreach-615d26f90802e28d)
stable / test and specification	UNKNOWN STEP	2026-10-08T16:12:14.9178450Z 
stable / test and specification	UNKNOWN STEP	2026-10-08T16:12:14.9178629Z running 4 tests
stable / test and specification	UNKNOWN STEP	2026-10-08T16:12:16.3405834Z test complete_java8_class_preserves_all_thirteen_observations ... ok
stable / test and specification	UNKNOWN STEP	2026-10-08T16:12:16.3873617Z test low_budget_and_cancellation_do_not_publish_half_folds ... ok
stable / test and specification	UNKNOWN STEP	2026-10-08T16:12:16.4105358Z test only_array_first_wrappers_project ... ok
stable / test and specification	UNKNOWN STEP	2026-10-08T16:12:16.4579574Z test wrapped_read_origins_and_essential_all_bodies_agree ... ok
stable / test and specification	UNKNOWN STEP	2026-10-08T16:12:16.4579926Z 
stable / test and specification	UNKNOWN STEP	2026-10-08T16:12:16.4580316Z test result: ok. 4 passed; 0 failed; 0 ignored; 0 measured; 0 filtered out; finished in 1.54s
stable / test and specification	UNKNOWN STEP	2026-10-08T16:12:16.4581017Z 
stable / test and specification	UNKNOWN STEP	2026-10-08T16:12:16.4595289Z ^[[1m^[[92m     Running^[[0m tests/p4_feature_registry.rs (target/debug/deps/p4_feature_registry-210ffc4ba55f06a4)
stable / test and specification	UNKNOWN STEP	2026-10-08T16:12:16.4640833Z 
stable / test and specification	UNKNOWN STEP	2026-10-08T16:12:16.4641029Z running 4 tests
stable / test and specification	UNKNOWN STEP	2026-10-08T16:12:16.4674051Z test a_preview_marker_is_reported_without_becoming_dialect_support ... ok
stable / test and specification	UNKNOWN STEP	2026-10-08T16:12:16.4675889Z test attribute_rules_are_bound_to_a_release_and_a_location ... ok
stable / test and specification	UNKNOWN STEP	2026-10-08T16:12:16.4677489Z test every_registered_release_is_readable_and_the_ceiling_is_where_it_claims_to_be ... ok
stable / test and specification	UNKNOWN STEP	2026-10-08T16:12:16.4680506Z test preview_and_unregistered_releases_keep_a_readable_structure_and_claim_nothing ... ok
stable / test and specification	UNKNOWN STEP	2026-10-08T16:12:16.4681551Z 
stable / test and specification	UNKNOWN STEP	2026-10-08T16:12:16.4682250Z test result: ok. 4 passed; 0 failed; 0 ignored; 0 measured; 0 filtered out; finished in 0.00s
stable / test and specification	UNKNOWN STEP	2026-10-08T16:12:16.4683195Z 
stable / test and specification	UNKNOWN STEP	2026-10-08T16:12:16.4684374Z ^[[1m^[[92m     Running^[[0m tests/p4_golden.rs (target/debug/deps/p4_golden-752c6bfe89e405b0)
stable / test and specification	UNKNOWN STEP	2026-10-08T16:12:16.4732500Z 
stable / test and specification	UNKNOWN STEP	2026-10-08T16:12:16.4732706Z running 6 tests
stable / test and specification	UNKNOWN STEP	2026-10-08T16:12:16.4795562Z test a_flag_is_answered_by_name_and_never_inferred_from_a_bit ... ok
stable / test and specification	UNKNOWN STEP	2026-10-08T16:12:16.4805817Z test a_refused_placement_is_a_row_and_not_a_fact ... ok
stable / test and specification	UNKNOWN STEP	2026-10-08T16:12:16.4850952Z test an_illegal_class_file_is_read_and_its_planes_stay_separate ... ok
stable / test and specification	UNKNOWN STEP	2026-10-08T16:12:16.4917291Z test every_entry_replays_its_fixture_digest_and_planes ... ok
stable / test and specification	UNKNOWN STEP	2026-10-08T16:12:16.4934055Z test the_fixed_replay_list_is_each_goldens_own_list ... ok
stable / test and specification	UNKNOWN STEP	2026-10-08T16:12:16.4944633Z test the_legal_controls_state_no_violation ... ok
stable / test and specification	UNKNOWN STEP	2026-10-08T16:12:16.4944980Z 
stable / test and specification	UNKNOWN STEP	2026-10-08T16:12:16.4945514Z test result: ok. 6 passed; 0 failed; 0 ignored; 0 measured; 0 filtered out; finished in 0.02s
stable / test and specification	UNKNOWN STEP	2026-10-08T16:12:16.4946036Z 
stable / test and specification	UNKNOWN STEP	2026-10-08T16:12:16.4949552Z ^[[1m^[[92m     Running^[[0m tests/p4_modern_facts.rs (target/debug/deps/p4_modern_facts-70de9fa55bfd48c8)
stable / test and specification	UNKNOWN STEP	2026-10-08T16:12:16.4996472Z 
stable / test and specification	UNKNOWN STEP	2026-10-08T16:12:16.4996698Z running 18 tests
stable / test and specification	UNKNOWN STEP	2026-10-08T16:12:16.5042221Z test a_bootstrap_handle_that_names_nothing_is_never_resolved ... ok
stable / test and specification	UNKNOWN STEP	2026-10-08T16:12:16.5050939Z test a_class_whose_invokedynamic_sites_are_not_concat_reports_no_concat_fact ... ok
stable / test and specification	UNKNOWN STEP	2026-10-08T16:12:16.5056157Z test a_construct_no_pass_judges_gets_no_output_level_verdict ... ok
stable / test and specification	UNKNOWN STEP	2026-10-08T16:12:16.5059604Z test a_cycle_is_recorded_as_facts_instead_of_being_followed ... ok
stable / test and specification	UNKNOWN STEP	2026-10-08T16:12:16.5061829Z test a_dynamic_entry_naming_an_undeclared_bootstrap_entry_is_diagnosed ... ok
stable / test and specification	UNKNOWN STEP	2026-10-08T16:12:16.5065655Z test a_java8_class_has_no_output_level_conflict ... ok
stable / test and specification	UNKNOWN STEP	2026-10-08T16:12:16.5071849Z test a_real_concat_site_is_a_reader_fact_and_joins_to_the_bci_of_its_instruction ... ok
stable / test and specification	UNKNOWN STEP	2026-10-08T16:12:16.5078532Z test a_real_record_class_reports_components_with_their_origins ... ok
stable / test and specification	UNKNOWN STEP	2026-10-08T16:12:16.5081022Z test a_real_sealed_class_reports_its_permitted_subclasses ... ok
stable / test and specification	UNKNOWN STEP	2026-10-08T16:12:16.5090104Z test a_record_attribute_below_its_release_is_diagnosed_and_its_content_is_not_read ... ok
stable / test and specification	UNKNOWN STEP	2026-10-08T16:12:16.5095204Z test a_shared_subgraph_is_expanded_once_and_each_entry_point_keeps_its_own_path ... ok
stable / test and specification	UNKNOWN STEP	2026-10-08T16:12:16.5097342Z test an_indy_site_whose_handle_is_not_a_member_gets_no_concat_fact ... ok
stable / test and specification	UNKNOWN STEP	2026-10-08T16:12:16.5105353Z test java8_conflicts_with_record_sealed_and_concat_and_keeps_their_origins ... ok
stable / test and specification	UNKNOWN STEP	2026-10-08T16:12:16.5108055Z test the_depth_budget_stops_the_walk_at_the_level_it_names ... ok
stable / test and specification	UNKNOWN STEP	2026-10-08T16:12:16.5110969Z test the_edge_budget_stops_the_walk_and_the_read_still_reports_its_prefix ... ok
stable / test and specification	UNKNOWN STEP	2026-10-08T16:12:16.5115087Z test the_header_plane_still_evaluates_no_output_level_and_applies_no_attribute_rule ... ok
stable / test and specification	UNKNOWN STEP	2026-10-08T16:12:16.5118618Z test the_node_and_step_budgets_stop_the_walk_at_the_dimension_they_name ... ok
stable / test and specification	UNKNOWN STEP	2026-10-08T16:12:16.5124292Z test the_placement_of_every_registered_attribute_names_its_release ... ok
stable / test and specification	UNKNOWN STEP	2026-10-08T16:12:16.5124616Z 
stable / test and specification	UNKNOWN STEP	2026-10-08T16:12:16.5125024Z test result: ok. 18 passed; 0 failed; 0 ignored; 0 measured; 0 filtered out; finished in 0.01s
stable / test and specification	UNKNOWN STEP	2026-10-08T16:12:16.5125788Z 
stable / test and specification	UNKNOWN STEP	2026-10-08T16:12:16.5127598Z ^[[1m^[[92m     Running^[[0m tests/p4_plugins.rs (target/debug/deps/p4_plugins-99d09c74d235ef0d)
stable / test and specification	UNKNOWN STEP	2026-10-08T16:12:16.5188789Z 
stable / test and specification	UNKNOWN STEP	2026-10-08T16:12:16.5189015Z running 5 tests
stable / test and specification	UNKNOWN STEP	2026-10-08T16:12:16.5295566Z test a_budget_refusal_is_a_stop_with_the_range_it_read ... ok
stable / test and specification	UNKNOWN STEP	2026-10-08T16:12:16.5301376Z test a_framework_resource_rule_answers_with_its_rule_version_source_range_and_coverage ... ok
stable / test and specification	UNKNOWN STEP	2026-10-08T16:12:16.5307718Z test an_unregistered_configuration_is_unsupported_and_never_an_empty_answer ... ok
stable / test and specification	UNKNOWN STEP	2026-10-08T16:12:16.5322305Z test nothing_is_executed_and_a_claim_that_names_an_absent_class_is_only_a_name ... ok
stable / test and specification	UNKNOWN STEP	2026-10-08T16:12:16.5348402Z test the_plugin_plane_leaves_the_structural_planes_own_answer_untouched ... ok
stable / test and specification	UNKNOWN STEP	2026-10-08T16:12:16.5348931Z 
stable / test and specification	UNKNOWN STEP	2026-10-08T16:12:16.5349586Z test result: ok. 5 passed; 0 failed; 0 ignored; 0 measured; 0 filtered out; finished in 0.02s
stable / test and specification	UNKNOWN STEP	2026-10-08T16:12:16.5350007Z 
stable / test and specification	UNKNOWN STEP	2026-10-08T16:12:16.5352424Z ^[[1m^[[92m     Running^[[0m tests/p4_runtime_matrix.rs (target/debug/deps/p4_runtime_matrix-925d31167c2cb5af)
stable / test and specification	UNKNOWN STEP	2026-10-08T16:12:16.5401132Z 
stable / test and specification	UNKNOWN STEP	2026-10-08T16:12:16.5401386Z running 13 tests
stable / test and specification	UNKNOWN STEP	2026-10-08T16:12:16.5469617Z test a_manifest_condition_that_hides_versioned_entries_is_diagnosed ... ok
stable / test and specification	UNKNOWN STEP	2026-10-08T16:12:16.5474254Z test a_matrix_that_reports_an_error_never_claims_verification ... ok
stable / test and specification	UNKNOWN STEP	2026-10-08T16:12:16.5479812Z test a_module_path_domain_reports_the_policy_verdict_and_claims_no_order ... ok
stable / test and specification	UNKNOWN STEP	2026-10-08T16:12:16.5502440Z test a_name_in_two_war_roots_reports_both_origins_and_the_order_the_declaration_gives ... ok
stable / test and specification	UNKNOWN STEP	2026-10-08T16:12:16.5507364Z test a_nonconformant_selection_is_an_error_and_keeps_the_predecessor_diagnostic ... ok
stable / test and specification	UNKNOWN STEP	2026-10-08T16:12:16.5525020Z test a_tree_scope_shares_the_re_reads_of_nested_containers_too ... ok
stable / test and specification	UNKNOWN STEP	2026-10-08T16:12:16.5529837Z test agreement_without_a_proven_interval_is_never_merged ... ok
stable / test and specification	UNKNOWN STEP	2026-10-08T16:12:16.5535724Z test an_unsupplied_parent_makes_the_order_unknown ... ok
stable / test and specification	UNKNOWN STEP	2026-10-08T16:12:16.5552019Z test one_scan_serves_three_profiles_and_costs_a_third_of_the_scans ... ok
stable / test and specification	UNKNOWN STEP	2026-10-08T16:12:16.5563967Z test profiles_inside_one_stable_interval_merge_with_the_proof_they_share ... ok
stable / test and specification	UNKNOWN STEP	2026-10-08T16:12:16.5574194Z test the_matrix_never_claims_verification ... ok
stable / test and specification	UNKNOWN STEP	2026-10-08T16:12:16.5576598Z test the_request_rejects_what_it_cannot_answer_honestly ... ok
stable / test and specification	UNKNOWN STEP	2026-10-08T16:12:16.5586679Z test three_profiles_select_different_entries_and_keep_every_physical_entry ... ok
stable / test and specification	UNKNOWN STEP	2026-10-08T16:12:16.5587049Z 
stable / test and specification	UNKNOWN STEP	2026-10-08T16:12:16.5587429Z test result: ok. 13 passed; 0 failed; 0 ignored; 0 measured; 0 filtered out; finished in 0.02s
stable / test and specification	UNKNOWN STEP	2026-10-08T16:12:16.5587802Z 
stable / test and specification	UNKNOWN STEP	2026-10-08T16:12:16.5591391Z ^[[1m^[[92m     Running^[[0m tests/p4_x2_states.rs (target/debug/deps/p4_x2_states-3dac51a90404915c)
stable / test and specification	UNKNOWN STEP	2026-10-08T16:12:16.5638242Z 
stable / test and specification	UNKNOWN STEP	2026-10-08T16:12:16.5638455Z running 8 tests
stable / test and specification	UNKNOWN STEP	2026-10-08T16:12:16.5719181Z test a_default_that_overrides_another_is_not_a_conflict ... ok
stable / test and specification	UNKNOWN STEP	2026-10-08T16:12:16.5726608Z test a_loader_outside_the_chain_keeps_the_range_open_world ... ok
stable / test and specification	UNKNOWN STEP	2026-10-08T16:12:16.5734696Z test a_missing_dependency_is_stated_by_name_and_never_as_the_negative_answer ... ok
stable / test and specification	UNKNOWN STEP	2026-10-08T16:12:16.5741934Z test a_range_position_resolved_outside_the_range_is_unsearched_not_excluded ... ok
stable / test and specification	UNKNOWN STEP	2026-10-08T16:12:16.5752842Z test a_symbolic_owner_resolves_to_the_declaration_and_a_range_extends_it_to_its_candidates ... ok
stable / test and specification	UNKNOWN STEP	2026-10-08T16:12:16.5760148Z test an_open_world_range_publishes_its_candidates_and_the_class_it_could_not_read ... ok
stable / test and specification	UNKNOWN STEP	2026-10-08T16:12:16.5778124Z test the_states_of_one_request_belong_to_the_one_view_it_names ... ok
stable / test and specification	UNKNOWN STEP	2026-10-08T16:12:16.5786386Z test two_unrelated_defaults_are_incompatible_class_change ... ok
stable / test and specification	UNKNOWN STEP	2026-10-08T16:12:16.5786768Z 
stable / test and specification	UNKNOWN STEP	2026-10-08T16:12:16.5787297Z test result: ok. 8 passed; 0 failed; 0 ignored; 0 measured; 0 filtered out; finished in 0.01s
stable / test and specification	UNKNOWN STEP	2026-10-08T16:12:16.5787845Z 
stable / test and specification	UNKNOWN STEP	2026-10-08T16:12:16.5790159Z ^[[1m^[[92m     Running^[[0m tests/p4_x3_patterns.rs (target/debug/deps/p4_x3_patterns-d7d590ccfa5d5b97)
stable / test and specification	UNKNOWN STEP	2026-10-08T16:12:16.5854712Z 
stable / test and specification	UNKNOWN STEP	2026-10-08T16:12:16.5854999Z running 10 tests
stable / test and specification	UNKNOWN STEP	2026-10-08T16:12:16.6081733Z test a_budget_stop_is_reported_and_never_guessed ... ok
stable / test and specification	UNKNOWN STEP	2026-10-08T16:12:16.6232789Z test a_constant_target_is_inferred_with_all_five_elements ... ok
stable / test and specification	UNKNOWN STEP	2026-10-08T16:12:16.6355081Z test a_dynamic_input_is_unknown_and_never_a_guess ... ok
stable / test and specification	UNKNOWN STEP	2026-10-08T16:12:16.6472345Z test a_service_interface_outside_the_snapshot_is_still_an_inference ... ok
stable / test and specification	UNKNOWN STEP	2026-10-08T16:12:16.6596317Z test a_stored_constant_propagates_within_one_body ... ok
stable / test and specification	UNKNOWN STEP	2026-10-08T16:12:16.6843878Z test a_target_outside_the_snapshot_is_inferred_and_named ... ok
stable / test and specification	UNKNOWN STEP	2026-10-08T16:12:16.6873045Z test an_item_limit_makes_the_answer_a_prefix ... ok
stable / test and specification	UNKNOWN STEP	2026-10-08T16:12:16.6874285Z test the_declared_patterns_cross_the_facade ... ok
stable / test and specification	UNKNOWN STEP	2026-10-08T16:12:16.7115095Z test the_member_and_service_patterns_name_what_the_site_asks_for ... ok
stable / test and specification	UNKNOWN STEP	2026-10-08T16:12:16.7238983Z test the_overload_decides_the_conclusion ... ok
stable / test and specification	UNKNOWN STEP	2026-10-08T16:12:16.7239870Z 
stable / test and specification	UNKNOWN STEP	2026-10-08T16:12:16.7240501Z test result: ok. 10 passed; 0 failed; 0 ignored; 0 measured; 0 filtered out; finished in 0.14s
stable / test and specification	UNKNOWN STEP	2026-10-08T16:12:16.7241131Z 
stable / test and specification	UNKNOWN STEP	2026-10-08T16:12:16.7245238Z ^[[1m^[[92m     Running^[[0m tests/p5_benchmark.rs (target/debug/deps/p5_benchmark-f3d9ce39c157a6e2)
stable / test and specification	UNKNOWN STEP	2026-10-08T16:12:16.7334356Z 
stable / test and specification	UNKNOWN STEP	2026-10-08T16:12:16.7334605Z running 20 tests
stable / test and specification	UNKNOWN STEP	2026-10-08T16:12:16.8066527Z test a_cancelled_direct_run_is_never_published_as_complete ... ok
stable / test and specification	UNKNOWN STEP	2026-10-08T16:12:16.8513451Z test a_cancelled_request_does_not_reach_a_later_one_over_the_same_bytes ... ok
stable / test and specification	UNKNOWN STEP	2026-10-08T16:12:17.0550294Z test a_candidate_may_be_enabled_only_while_its_differential_is_equivalent ... ok
stable / test and specification	UNKNOWN STEP	2026-10-08T16:12:17.1054551Z test every_benefit_claim_needs_a_second_runnable_path ... ok
stable / test and specification	UNKNOWN STEP	2026-10-08T16:12:17.2401728Z test every_boundary_corpus_publishes_the_same_result_with_and_without_the_cache ... ok
stable / test and specification	UNKNOWN STEP	2026-10-08T16:12:17.4647596Z test no_ordinary_entry_reaches_the_bulk_module_or_recover_all ... ok
stable / test and specification	UNKNOWN STEP	2026-10-08T16:12:17.4649972Z test p5_repeated_direct_baseline ... ignored, repeated benchmark: run with `cargo test --test p5_benchmark --locked -- --ignored --nocapture p5_repeated_direct_baseline`
stable / test and specification	UNKNOWN STEP	2026-10-08T16:12:17.5171065Z test repeated_direct_runs_publish_the_same_result_fingerprint ... ok
stable / test and specification	UNKNOWN STEP	2026-10-08T16:12:17.5578355Z test the_benchmark_subjects_are_the_bytes_the_corpus_fingerprint_fixes ... ok
stable / test and specification	UNKNOWN STEP	2026-10-08T16:12:17.6077774Z test the_benefit_rule_refuses_a_claim_the_matrix_cannot_back ... ok
stable / test and specification	UNKNOWN STEP	2026-10-08T16:12:17.6482400Z test the_built_layer_carries_the_dimensions_the_record_binds_to_it ... ok
stable / test and specification	UNKNOWN STEP	2026-10-08T16:12:17.7244633Z test the_cache_path_publishes_the_same_result_and_reports_what_it_saved ... ok
stable / test and specification	UNKNOWN STEP	2026-10-08T16:12:17.8086669Z test the_direct_row_fingerprints_are_printed_for_a_cross_process_comparison ... ok
stable / test and specification	UNKNOWN STEP	2026-10-08T16:12:17.8513442Z test the_enablement_rule_refuses_a_candidate_whose_paths_differ ... ok
stable / test and specification	UNKNOWN STEP	2026-10-08T16:12:18.2376590Z test the_engine_has_one_disabled_facts_cache_and_no_index_or_scheduler ... ok
stable / test and specification	UNKNOWN STEP	2026-10-08T16:12:18.2849920Z test the_local_and_the_full_range_runs_are_compared_field_by_field ... ok
stable / test and specification	UNKNOWN STEP	2026-10-08T16:12:18.5861062Z test the_published_order_is_a_function_of_the_input_alone ... ok
stable / test and specification	UNKNOWN STEP	2026-10-08T16:12:18.6027859Z test the_recorded_key_dimensions_are_the_ones_the_decision_names ... ok
stable / test and specification	UNKNOWN STEP	2026-10-08T16:12:18.6530791Z test the_reference_path_publishes_no_pool_candidate_as_an_item ... ok
stable / test and specification	UNKNOWN STEP	2026-10-08T16:12:18.6959033Z test the_result_fingerprint_ignores_the_wall_clock_and_nothing_else ... ok
stable / test and specification	UNKNOWN STEP	2026-10-08T16:12:18.6959996Z 
stable / test and specification	UNKNOWN STEP	2026-10-08T16:12:18.6961077Z test result: ok. 19 passed; 0 failed; 1 ignored; 0 measured; 0 filtered out; finished in 1.96s
stable / test and specification	UNKNOWN STEP	2026-10-08T16:12:18.6962132Z 
stable / test and specification	UNKNOWN STEP	2026-10-08T16:12:18.6977464Z ^[[1m^[[92m     Running^[[0m tests/p5_bulk_corpus.rs (target/debug/deps/p5_bulk_corpus-f641ef0b315b6d94)
stable / test and specification	UNKNOWN STEP	2026-10-08T16:12:18.7044584Z 
stable / test and specification	UNKNOWN STEP	2026-10-08T16:12:18.7044815Z running 6 tests
stable / test and specification	UNKNOWN STEP	2026-10-08T16:12:19.0545329Z test a_slow_consumer_changes_the_readings_and_not_the_shape ... ok
stable / test and specification	UNKNOWN STEP	2026-10-08T16:12:19.2858671Z test every_case_holds_the_shape_it_is_named_for ... ok
stable / test and specification	UNKNOWN STEP	2026-10-08T16:12:19.2859825Z test record_the_billing_table ... ignored, regenerates the pinned table; run with --ignored --nocapture after an intended shape change
stable / test and specification	UNKNOWN STEP	2026-10-08T16:12:19.2913536Z test the_corpus_is_rebuilt_from_the_committed_bytes_every_time ... ok
stable / test and specification	UNKNOWN STEP	2026-10-08T16:12:19.5166391Z test the_fixed_shape_bills_the_counts_the_corpus_pins ... ok
stable / test and specification	UNKNOWN STEP	2026-10-08T16:12:20.2987459Z test the_old_per_method_arms_keep_their_ledger_and_the_same_text ... ok
stable / test and specification	UNKNOWN STEP	2026-10-08T16:12:20.2988010Z 
stable / test and specification	UNKNOWN STEP	2026-10-08T16:12:20.2988612Z test result: ok. 5 passed; 0 failed; 1 ignored; 0 measured; 0 filtered out; finished in 1.59s
stable / test and specification	UNKNOWN STEP	2026-10-08T16:12:20.2989210Z 
stable / test and specification	UNKNOWN STEP	2026-10-08T16:12:20.2998704Z ^[[1m^[[92m     Running^[[0m tests/p5_container_lookup.rs (target/debug/deps/p5_container_lookup-b4754c379aa00064)
stable / test and specification	UNKNOWN STEP	2026-10-08T16:12:20.3081409Z 
stable / test and specification	UNKNOWN STEP	2026-10-08T16:12:20.3081632Z running 30 tests
stable / test and specification	UNKNOWN STEP	2026-10-08T16:12:20.3449368Z test a_cancelled_or_damaged_container_is_not_published ... ok
stable / test and specification	UNKNOWN STEP	2026-10-08T16:12:20.3534966Z test a_capacity_refusal_does_not_rescan_the_request ... ok
stable / test and specification	UNKNOWN STEP	2026-10-08T16:12:20.3703395Z test a_changed_content_chain_or_declaration_misses ... ok
stable / test and specification	UNKNOWN STEP	2026-10-08T16:12:20.3837299Z test a_damaged_sibling_does_not_stop_a_local_result_and_the_tree_still_reports_it ... ok
stable / test and specification	UNKNOWN STEP	2026-10-08T16:12:20.3912070Z test a_forged_container_origin_is_refused ... ok
stable / test and specification	UNKNOWN STEP	2026-10-08T16:12:20.4071165Z test a_large_flat_jar_does_not_add_sibling_materializations ... ok
stable / test and specification	UNKNOWN STEP	2026-10-08T16:12:20.4151072Z test a_local_lookup_reads_only_its_container_and_its_ancestors ... ok
stable / test and specification	UNKNOWN STEP	2026-10-08T16:12:20.4231538Z test a_precancelled_warm_request_is_still_cancelled ... ok
stable / test and specification	UNKNOWN STEP	2026-10-08T16:12:20.4313715Z test a_second_request_reuses_the_container_it_does_not_rebuild ... ok
stable / test and specification	UNKNOWN STEP	2026-10-08T16:12:20.4332687Z test a_two_level_chain_reaches_every_ancestor_once ... ok
stable / test and specification	UNKNOWN STEP	2026-10-08T16:12:20.4448335Z test a_verified_deflated_backing_saves_work_without_granting_a_budget ... ok
stable / test and specification	UNKNOWN STEP	2026-10-08T16:12:20.4458151Z test a_warm_container_obeys_the_current_depth_limit ... ok
stable / test and specification	UNKNOWN STEP	2026-10-08T16:12:20.4544708Z test a_warm_read_obeys_the_current_output_limit ... ok
stable / test and specification	UNKNOWN STEP	2026-10-08T16:12:20.4629896Z test a_warm_selected_entry_read_neither_scan_again_nor_replays_a_charge ... ok
stable / test and specification	UNKNOWN STEP	2026-10-08T16:12:20.4711321Z test an_already_terminated_budget_is_not_restarted ... ok
stable / test and specification	UNKNOWN STEP	2026-10-08T16:12:20.4792436Z test an_expired_warm_request_stays_expired ... ok
stable / test and specification	UNKNOWN STEP	2026-10-08T16:12:20.4871076Z test an_incomplete_directory_is_never_a_missing_verdict ... ok
stable / test and specification	UNKNOWN STEP	2026-10-08T16:12:20.4956760Z test clearing_the_store_releases_the_products ... ok
stable / test and specification	UNKNOWN STEP	2026-10-08T16:12:20.4957420Z test container_lookup_timings ... ignored
stable / test and specification	UNKNOWN STEP	2026-10-08T16:12:20.4997306Z test duplicate_physical_entries_keep_their_ordinals_direct_and_warm ... ok
stable / test and specification	UNKNOWN STEP	2026-10-08T16:12:20.5014718Z test explicit_tree_enumeration_still_reports_every_container ... ok
stable / test and specification	UNKNOWN STEP	2026-10-08T16:12:20.5414511Z test identically_warmed_repeats_publish_the_same_full_report ... ok
stable / test and specification	UNKNOWN STEP	2026-10-08T16:12:20.5530754Z test identically_warmed_resolutions_publish_the_same_full_report ... ok
stable / test and specification	UNKNOWN STEP	2026-10-08T16:12:20.5612393Z test only_a_complete_container_is_published ... ok
stable / test and specification	UNKNOWN STEP	2026-10-08T16:12:20.5676352Z test the_capacity_starved_row_answers_the_same_question ... ok
stable / test and specification	UNKNOWN STEP	2026-10-08T16:12:20.5770790Z test the_entry_and_byte_bounds_are_both_enforced ... ok
stable / test and specification	UNKNOWN STEP	2026-10-08T16:12:20.6007018Z test the_fixture_shapes_are_pinned_by_digest ... ok
stable / test and specification	UNKNOWN STEP	2026-10-08T16:12:20.6158960Z test the_four_paths_agree_on_the_semantic_fingerprint ... ok
stable / test and specification	UNKNOWN STEP	2026-10-08T16:12:20.6277016Z test the_whole_tree_reference_and_the_local_lookup_differ_by_the_siblings ... ok
stable / test and specification	UNKNOWN STEP	2026-10-08T16:12:20.6352508Z test two_methods_of_one_snapshot_reuse_one_container ... ok
stable / test and specification	UNKNOWN STEP	2026-10-08T16:12:20.6353072Z 
stable / test and specification	UNKNOWN STEP	2026-10-08T16:12:20.6353660Z test result: ok. 29 passed; 0 failed; 1 ignored; 0 measured; 0 filtered out; finished in 0.33s
stable / test and specification	UNKNOWN STEP	2026-10-08T16:12:20.6354403Z 
stable / test and specification	UNKNOWN STEP	2026-10-08T16:12:20.6362740Z ^[[1m^[[92m     Running^[[0m tests/p5_corpus_fingerprint.rs (target/debug/deps/p5_corpus_fingerprint-ffc0fb5a52c0d73d)
stable / test and specification	UNKNOWN STEP	2026-10-08T16:12:20.6411215Z 
stable / test and specification	UNKNOWN STEP	2026-10-08T16:12:20.6411418Z running 6 tests
stable / test and specification	UNKNOWN STEP	2026-10-08T16:12:21.1427702Z test corpus_files_match_the_recorded_fingerprint ... ok
stable / test and specification	UNKNOWN STEP	2026-10-08T16:12:21.1552286Z test every_acceptance_row_is_indexed_against_existing_corpus ... ok
stable / test and specification	UNKNOWN STEP	2026-10-08T16:12:21.1659569Z test every_dimension_is_carried_by_existing_corpus ... ok
stable / test and specification	UNKNOWN STEP	2026-10-08T16:12:21.1660504Z test regenerate_corpus_fingerprint ... ignored, writes tests/fixtures/corpus-fingerprint.json; run explicitly for an intended corpus change
stable / test and specification	UNKNOWN STEP	2026-10-08T16:12:21.1664519Z test the_indexed_rows_are_the_rows_the_acceptance_table_names ... ok
stable / test and specification	UNKNOWN STEP	2026-10-08T16:12:21.3926309Z test the_manifest_matches_its_rendered_classification ... ok
stable / test and specification	UNKNOWN STEP	2026-10-08T16:12:21.3926654Z 
stable / test and specification	UNKNOWN STEP	2026-10-08T16:12:21.3927041Z test result: ok. 5 passed; 0 failed; 1 ignored; 0 measured; 0 filtered out; finished in 0.75s
stable / test and specification	UNKNOWN STEP	2026-10-08T16:12:21.3927397Z 
stable / test and specification	UNKNOWN STEP	2026-10-08T16:12:21.3930779Z ^[[1m^[[92m     Running^[[0m tests/p5_definition_read_reuse.rs (target/debug/deps/p5_definition_read_reuse-5bb6242af3533ebe)
stable / test and specification	UNKNOWN STEP	2026-10-08T16:12:21.4015320Z 
stable / test and specification	UNKNOWN STEP	2026-10-08T16:12:21.4015636Z running 11 tests
stable / test and specification	UNKNOWN STEP	2026-10-08T16:12:21.4175814Z test a_read_that_stopped_is_never_retained_and_a_read_that_finished_is ... ok
stable / test and specification	UNKNOWN STEP	2026-10-08T16:12:21.4217472Z test a_retained_read_answers_for_its_own_definition_and_for_no_other ... ok
stable / test and specification	UNKNOWN STEP	2026-10-08T16:12:21.4280290Z test a_tight_budget_stops_truthfully_with_and_without_a_hit ... ok
stable / test and specification	UNKNOWN STEP	2026-10-08T16:12:21.4311262Z test every_fallback_reads_the_definition_itself ... ok
stable / test and specification	UNKNOWN STEP	2026-10-08T16:12:21.4350292Z test one_process_reads_one_tier_of_the_capacity_ladder ... ok
stable / test and specification	UNKNOWN STEP	2026-10-08T16:12:21.4391143Z test one_store_answers_across_entry_points_and_not_across_snapshots ... ok
stable / test and specification	UNKNOWN STEP	2026-10-08T16:12:21.4739349Z test the_capacity_ladder_keeps_the_answer_and_states_what_it_refused ... ok
stable / test and specification	UNKNOWN STEP	2026-10-08T16:12:21.5288508Z test the_direct_path_and_the_reuse_path_publish_one_answer_and_one_workload ... ok
stable / test and specification	UNKNOWN STEP	2026-10-08T16:12:21.5299789Z test the_name_search_reads_its_candidates_itself ... ok
stable / test and specification	UNKNOWN STEP	2026-10-08T16:12:21.5303844Z test the_offered_bytes_are_the_entrys_own_bytes ... ok
stable / test and specification	UNKNOWN STEP	2026-10-08T16:12:21.5326297Z test two_snapshots_of_one_class_do_not_answer_for_each_other ... ok
stable / test and specification	UNKNOWN STEP	2026-10-08T16:12:21.5327030Z 
stable / test and specification	UNKNOWN STEP	2026-10-08T16:12:21.5327938Z test result: ok. 11 passed; 0 failed; 0 ignored; 0 measured; 0 filtered out; finished in 0.13s
stable / test and specification	UNKNOWN STEP	2026-10-08T16:12:21.5328864Z 
stable / test and specification	UNKNOWN STEP	2026-10-08T16:12:21.5337301Z ^[[1m^[[92m     Running^[[0m tests/p5_facts_cache.rs (target/debug/deps/p5_facts_cache-3d288024eac7a242)
stable / test and specification	UNKNOWN STEP	2026-10-08T16:12:21.5432540Z 
stable / test and specification	UNKNOWN STEP	2026-10-08T16:12:21.5432903Z running 13 tests
stable / test and specification	UNKNOWN STEP	2026-10-08T16:12:21.5699640Z test a_discarded_entry_falls_back_under_the_same_budget ... ok
stable / test and specification	UNKNOWN STEP	2026-10-08T16:12:21.5705892Z test a_hit_still_bills_what_it_publishes ... ok
stable / test and specification	UNKNOWN STEP	2026-10-08T16:12:21.5798903Z test a_provider_added_later_is_answered_by_a_fresh_search ... ok
stable / test and specification	UNKNOWN STEP	2026-10-08T16:12:21.5861053Z test a_raw_layer_entry_survives_the_profile_and_the_recovery_above_it ... ok
stable / test and specification	UNKNOWN STEP	2026-10-08T16:12:21.5872727Z test a_stopped_read_stores_nothing_and_a_cancelled_request_is_never_answered ... ok
stable / test and specification	UNKNOWN STEP	2026-10-08T16:12:21.5875208Z test a_strict_request_is_never_answered_with_a_forensic_read ... ok
stable / test and specification	UNKNOWN STEP	2026-10-08T16:12:21.5903219Z test content_is_shared_and_two_origins_are_never_merged ... ok
stable / test and specification	UNKNOWN STEP	2026-10-08T16:12:21.5978220Z test one_store_serves_two_snapshots_without_answering_either_with_the_other ... ok
stable / test and specification	UNKNOWN STEP	2026-10-08T16:12:21.6009364Z test the_cache_removes_repeated_parses_and_changes_nothing_else ... ok
stable / test and specification	UNKNOWN STEP	2026-10-08T16:12:21.6024829Z test the_cached_facts_are_the_facts_the_direct_path_produces ... ok
stable / test and specification	UNKNOWN STEP	2026-10-08T16:12:21.6027327Z test the_capacity_is_a_bound_and_a_refusal_is_not_a_hit ... ok
stable / test and specification	UNKNOWN STEP	2026-10-08T16:12:21.6040036Z test the_default_path_consults_no_cache ... ok
stable / test and specification	UNKNOWN STEP	2026-10-08T16:12:21.6054531Z test the_key_binds_content_policy_and_declaration ... ok
stable / test and specification	UNKNOWN STEP	2026-10-08T16:12:21.6054970Z 
stable / test and specification	UNKNOWN STEP	2026-10-08T16:12:21.6055520Z test result: ok. 13 passed; 0 failed; 0 ignored; 0 measured; 0 filtered out; finished in 0.06s
stable / test and specification	UNKNOWN STEP	2026-10-08T16:12:21.6056056Z 
stable / test and specification	UNKNOWN STEP	2026-10-08T16:12:21.6061864Z ^[[1m^[[92m     Running^[[0m tests/p5_optimize_workloads.rs (target/debug/deps/p5_optimize_workloads-5f2185ef8fed0153)
stable / test and specification	UNKNOWN STEP	2026-10-08T16:12:21.6144742Z 
stable / test and specification	UNKNOWN STEP	2026-10-08T16:12:21.6145002Z running 15 tests
stable / test and specification	UNKNOWN STEP	2026-10-08T16:12:21.7570878Z test a_page_that_stops_before_a_damaged_suffix_states_what_it_covered ... ok
stable / test and specification	UNKNOWN STEP	2026-10-08T16:12:21.7571849Z test measure_workload ... ignored, measurement: build it, then run this binary with --exact measure_workload --ignored --nocapture
stable / test and specification	UNKNOWN STEP	2026-10-08T16:12:22.2985301Z test the_capacity_refusal_changes_retention_and_not_the_result ... ok
stable / test and specification	UNKNOWN STEP	2026-10-08T16:12:22.4568589Z test the_domain_reports_carry_no_phase_timing ... ok
stable / test and specification	UNKNOWN STEP	2026-10-08T16:12:22.7895147Z test the_fixture_is_the_pinned_bytes ... ok
stable / test and specification	UNKNOWN STEP	2026-10-08T16:12:23.7477368Z test the_instrumentation_changes_no_domain_report ... ok
stable / test and specification	UNKNOWN STEP	2026-10-08T16:12:23.8591967Z test the_pages_cover_the_scan_and_the_page_size_changes_no_item ... ok
stable / test and specification	UNKNOWN STEP	2026-10-08T16:12:24.0997733Z test the_probe_counts_every_delivered_record_and_window_call ... ok
stable / test and specification	UNKNOWN STEP	2026-10-08T16:12:24.1010669Z test the_stage_ledger_keeps_phases_disjoint_and_nested_stages_out_of_the_total ... ok
stable / test and specification	UNKNOWN STEP	2026-10-08T16:12:24.3661314Z test the_stopped_export_delivers_its_confirmed_prefix_and_stops ... ok
stable / test and specification	UNKNOWN STEP	2026-10-08T16:12:25.1941990Z test the_three_sink_modes_publish_the_same_result ... ok
stable / test and specification	UNKNOWN STEP	2026-10-08T16:12:25.3800795Z test the_two_delivery_shapes_answer_the_same_bodies ... ok
stable / test and specification	UNKNOWN STEP	2026-10-08T16:12:26.2850820Z test the_worker_sequence_publishes_one_result ... ok
stable / test and specification	UNKNOWN STEP	2026-10-08T16:12:26.2851787Z test the_workload_vocabulary_is_the_one_task_1_2_fixes ... ok
stable / test and specification	UNKNOWN STEP	2026-10-08T16:12:26.8256855Z test the_zero_capacity_store_retains_nothing_and_changes_no_result ... ok
stable / test and specification	UNKNOWN STEP	2026-10-08T16:12:26.8257611Z 
stable / test and specification	UNKNOWN STEP	2026-10-08T16:12:26.8258414Z test result: ok. 14 passed; 0 failed; 1 ignored; 0 measured; 0 filtered out; finished in 5.21s
stable / test and specification	UNKNOWN STEP	2026-10-08T16:12:26.8259059Z 
stable / test and specification	UNKNOWN STEP	2026-10-08T16:12:26.8273513Z ^[[1m^[[92m     Running^[[0m tests/p5_shared_payload.rs (target/debug/deps/p5_shared_payload-a83bbb9e7881870e)
stable / test and specification	UNKNOWN STEP	2026-10-08T16:12:26.8316338Z 
stable / test and specification	UNKNOWN STEP	2026-10-08T16:12:26.8316555Z running 6 tests
stable / test and specification	UNKNOWN STEP	2026-10-08T16:12:26.8358438Z test a_full_store_refuses_without_invalidating_a_live_payload ... ok
stable / test and specification	UNKNOWN STEP	2026-10-08T16:12:26.8366215Z test a_key_written_again_holds_another_payload_and_a_held_handle_keeps_its_content ... ok
stable / test and specification	UNKNOWN STEP	2026-10-08T16:12:26.8372075Z test a_live_handle_survives_a_clear ... ok
stable / test and specification	UNKNOWN STEP	2026-10-08T16:12:26.8377682Z test a_store_with_room_for_nothing_retains_nothing_and_answers_no_wrong_value ... ok
stable / test and specification	UNKNOWN STEP	2026-10-08T16:12:26.8384020Z test a_trusted_digest_answers_the_entry_the_bytes_wrote ... ok
stable / test and specification	UNKNOWN STEP	2026-10-08T16:12:26.8387757Z test the_store_hands_out_the_one_allocation_it_holds ... ok
stable / test and specification	UNKNOWN STEP	2026-10-08T16:12:26.8388235Z 
stable / test and specification	UNKNOWN STEP	2026-10-08T16:12:26.8388972Z test result: ok. 6 passed; 0 failed; 0 ignored; 0 measured; 0 filtered out; finished in 0.01s
stable / test and specification	UNKNOWN STEP	2026-10-08T16:12:26.8389619Z 
stable / test and specification	UNKNOWN STEP	2026-10-08T16:12:26.8392736Z ^[[1m^[[92m     Running^[[0m tests/parameterized_interface_headers.rs (target/debug/deps/parameterized_interface_headers-796164a9dc951768)
stable / test and specification	UNKNOWN STEP	2026-10-08T16:12:26.8486991Z 
stable / test and specification	UNKNOWN STEP	2026-10-08T16:12:26.8487340Z running 8 tests
stable / test and specification	UNKNOWN STEP	2026-10-08T16:12:26.9254313Z test a_bare_dollar_named_parent_keeps_the_raw_header ... ok
stable / test and specification	UNKNOWN STEP	2026-10-08T16:12:27.5356138Z test a_body_calling_its_own_erased_contract_records_the_argument_spelling_boundary ... ok
stable / test and specification	UNKNOWN STEP	2026-10-08T16:12:29.5325899Z test a_multi_interface_header_projects_the_parameterized_entry_only ... ok
stable / test and specification	UNKNOWN STEP	2026-10-08T16:12:31.3415417Z test a_parameterized_interface_entry_publishes_its_arguments_and_hides_the_bridge ... ok
stable / test and specification	UNKNOWN STEP	2026-10-08T16:12:31.3470461Z test a_type_use_annotated_implements_clause_keeps_the_raw_header_and_visible_bridge ... ok
stable / test and specification	UNKNOWN STEP	2026-10-08T16:12:31.3534256Z test an_interface_definition_that_contradicts_the_signature_refuses_the_header ... ok
stable / test and specification	UNKNOWN STEP	2026-10-08T16:12:31.3591391Z test an_unresolvable_interface_keeps_the_physical_spelling_and_the_visible_bridge ... ok
stable / test and specification	UNKNOWN STEP	2026-10-08T16:12:31.3701236Z test the_parent_cells_whose_criteria_are_unmet_keep_their_refusals ... ok
stable / test and specification	UNKNOWN STEP	2026-10-08T16:12:31.3701857Z 
stable / test and specification	UNKNOWN STEP	2026-10-08T16:12:31.3702525Z test result: ok. 8 passed; 0 failed; 0 ignored; 0 measured; 0 filtered out; finished in 4.52s
stable / test and specification	UNKNOWN STEP	2026-10-08T16:12:31.3703157Z 
stable / test and specification	UNKNOWN STEP	2026-10-08T16:12:31.3715279Z ^[[1m^[[92m     Running^[[0m tests/preserve_local_scope_plan.rs (target/debug/deps/preserve_local_scope_plan-d33154aabbd268e4)
stable / test and specification	UNKNOWN STEP	2026-10-08T16:12:31.3794555Z 
stable / test and specification	UNKNOWN STEP	2026-10-08T16:12:31.3794910Z running 5 tests
stable / test and specification	UNKNOWN STEP	2026-10-08T16:12:31.4043423Z test a_bounded_or_cancelled_run_commits_no_partial_body ... ok
stable / test and specification	UNKNOWN STEP	2026-10-08T16:12:31.4814938Z test a_crossing_local_keeps_the_dependent_slice_refused ... ok
stable / test and specification	UNKNOWN STEP	2026-10-08T16:12:31.5164960Z test the_lifted_declaration_carries_the_origin_of_every_region_it_covers ... ok
stable / test and specification	UNKNOWN STEP	2026-10-08T16:12:32.2856622Z test the_recovered_class_recompiles_and_answers_what_the_original_answers ... ok
stable / test and specification	UNKNOWN STEP	2026-10-08T16:12:32.3838911Z test the_three_answers_are_the_rendered_class ... ok
stable / test and specification	UNKNOWN STEP	2026-10-08T16:12:32.3839360Z 
stable / test and specification	UNKNOWN STEP	2026-10-08T16:12:32.3839978Z test result: ok. 5 passed; 0 failed; 0 ignored; 0 measured; 0 filtered out; finished in 1.00s
stable / test and specification	UNKNOWN STEP	2026-10-08T16:12:32.3840577Z 
stable / test and specification	UNKNOWN STEP	2026-10-08T16:12:32.3853269Z ^[[1m^[[92m     Running^[[0m tests/preserve_local_scope_refusals.rs (target/debug/deps/preserve_local_scope_refusals-3bce74cf25e124ba)
stable / test and specification	UNKNOWN STEP	2026-10-08T16:12:32.3936891Z 
stable / test and specification	UNKNOWN STEP	2026-10-08T16:12:32.3937158Z running 5 tests
stable / test and specification	UNKNOWN STEP	2026-10-08T16:12:32.4945533Z test the_boundary_keeps_the_independent_members_and_quotes_only_the_dependent_slice ... ok
stable / test and specification	UNKNOWN STEP	2026-10-08T16:12:32.5165122Z test the_crossing_fallbacks_belong_to_the_slices_they_refuse ... ok
stable / test and specification	UNKNOWN STEP	2026-10-08T16:12:32.5167750Z test the_legal_shapes_answer_what_the_original_and_jadx_answer ... ignored, needs both JDKs: it compiles the original, the frozen JADX render and the recovered text with `javac --release 8` **and** the real javac 8 and runs every side under `java -Xverify:all` (see the module doc)
stable / test and specification	UNKNOWN STEP	2026-10-08T16:12:32.5485239Z test the_refused_slices_keep_the_instructions_their_closure_covers ... ok
stable / test and specification	UNKNOWN STEP	2026-10-08T16:14:03.1220214Z test the_scope_planning_and_validation_stops_commit_no_partial_body ... ok
stable / test and specification	UNKNOWN STEP	2026-10-08T16:14:03.1220964Z 
stable / test and specification	UNKNOWN STEP	2026-10-08T16:14:03.1221921Z test result: ok. 4 passed; 0 failed; 1 ignored; 0 measured; 0 filtered out; finished in 90.73s
stable / test and specification	UNKNOWN STEP	2026-10-08T16:14:03.1222600Z 
stable / test and specification	UNKNOWN STEP	2026-10-08T16:14:03.1235808Z ^[[1m^[[92m     Running^[[0m tests/preserve_monitor_exit_evaluation_order.rs (target/debug/deps/preserve_monitor_exit_evaluation_order-ef3bf6fde59e8106)
stable / test and specification	UNKNOWN STEP	2026-10-08T16:14:03.1328435Z 
stable / test and specification	UNKNOWN STEP	2026-10-08T16:14:03.1328888Z running 4 tests
stable / test and specification	UNKNOWN STEP	2026-10-08T16:14:03.2325439Z test a_proved_nested_pairs_local_return_moves_inside_and_its_sibling_keeps_its_refusal ... ok
stable / test and specification	UNKNOWN STEP	2026-10-08T16:14:03.2685093Z test the_nested_return_is_written_inside_the_inner_braces ... ok
stable / test and specification	UNKNOWN STEP	2026-10-08T16:14:03.2687256Z test the_rendered_text_runs_with_the_inner_lock_held ... ignored, needs a JDK on PATH: it strips the class-source comment lines, compiles the text with `javac --release 8` and runs it with `-Xverify:all` (see the module doc)
stable / test and specification	UNKNOWN STEP	2026-10-08T16:14:03.3005191Z test the_single_monitor_members_and_the_refused_void_body_are_unchanged ... ok
stable / test and specification	UNKNOWN STEP	2026-10-08T16:14:03.3005819Z 
stable / test and specification	UNKNOWN STEP	2026-10-08T16:14:03.3006436Z test result: ok. 3 passed; 0 failed; 1 ignored; 0 measured; 0 filtered out; finished in 0.17s
stable / test and specification	UNKNOWN STEP	2026-10-08T16:14:03.3007041Z 
stable / test and specification	UNKNOWN STEP	2026-10-08T16:14:03.3021019Z ^[[1m^[[92m     Running^[[0m tests/qualified_super_default.rs (target/debug/deps/qualified_super_default-68da3be41e190fb3)
stable / test and specification	UNKNOWN STEP	2026-10-08T16:14:03.3118659Z 
stable / test and specification	UNKNOWN STEP	2026-10-08T16:14:03.3118989Z running 5 tests
stable / test and specification	UNKNOWN STEP	2026-10-08T16:14:03.3836201Z test abstract_target_in_a_direct_interface_keeps_the_refusal ... ok
stable / test and specification	UNKNOWN STEP	2026-10-08T16:14:03.3900672Z test nested_diamond_qualifiers_are_each_independently_presented ... ok
stable / test and specification	UNKNOWN STEP	2026-10-08T16:14:03.3975010Z test nested_single_void_and_parameterized_defaults_are_presented ... ok
stable / test and specification	UNKNOWN STEP	2026-10-08T16:14:03.4010672Z test packaged_nested_qualifier_is_spelled_with_the_package_dot ... ok
stable / test and specification	UNKNOWN STEP	2026-10-08T16:14:03.4044738Z test qualifier_inherited_only_through_extends_keeps_the_refusal ... ok
stable / test and specification	UNKNOWN STEP	2026-10-08T16:14:03.4045097Z 
stable / test and specification	UNKNOWN STEP	2026-10-08T16:14:03.4045475Z test result: ok. 5 passed; 0 failed; 0 ignored; 0 measured; 0 filtered out; finished in 0.09s
stable / test and specification	UNKNOWN STEP	2026-10-08T16:14:03.4045835Z 
stable / test and specification	UNKNOWN STEP	2026-10-08T16:14:03.4059518Z ^[[1m^[[92m     Running^[[0m tests/recover_array_element_field_receiver.rs (target/debug/deps/recover_array_element_field_receiver-3172b53ad94c7aab)
stable / test and specification	UNKNOWN STEP	2026-10-08T16:14:03.4138976Z 
stable / test and specification	UNKNOWN STEP	2026-10-08T16:14:03.4139218Z running 13 tests
stable / test and specification	UNKNOWN STEP	2026-10-08T16:14:03.5226420Z test an_array_no_fact_states_keeps_the_field_identity_refusal ... ok
stable / test and specification	UNKNOWN STEP	2026-10-08T16:14:03.5551464Z test an_element_field_write_is_presented_by_the_same_proof ... ok
stable / test and specification	UNKNOWN STEP	2026-10-08T16:14:03.5844996Z test an_enum_lookup_tables_loop_body_is_written ... ok
stable / test and specification	UNKNOWN STEP	2026-10-08T16:14:03.5847227Z test every_recovered_fixture_answers_what_its_class_answers ... ignored, needs a JDK on PATH: it strips the class-source comment lines, compiles the text with `javac --release 8` and runs it with `-Xverify:all` (see the module doc)
stable / test and specification	UNKNOWN STEP	2026-10-08T16:14:03.6150432Z test the_accumulating_and_returning_shapes_are_written ... ok
stable / test and specification	UNKNOWN STEP	2026-10-08T16:14:03.6425105Z test the_call_result_receivers_do_not_move ... ok
stable / test and specification	UNKNOWN STEP	2026-10-08T16:14:03.6716904Z test the_current_class_and_the_companion_class_arrays_both_recover ... ok
stable / test and specification	UNKNOWN STEP	2026-10-08T16:14:03.6946435Z test the_direct_parameter_and_local_alias_reads_do_not_move ... ok
stable / test and specification	UNKNOWN STEP	2026-10-08T16:14:03.7184981Z test the_element_is_a_receiver_directly_and_through_a_local ... ok
stable / test and specification	UNKNOWN STEP	2026-10-08T16:14:03.7513737Z test the_element_method_calls_do_not_move ... ok
stable / test and specification	UNKNOWN STEP	2026-10-08T16:14:03.7531932Z test the_enum_text_stays_uncompilable_on_its_constant_shape ... ignored, needs a JDK on PATH: the enum constants' pooled shape is a rendering debt this change does not touch, and the stripped text must stay uncompilable (see the module doc)
stable / test and specification	UNKNOWN STEP	2026-10-08T16:14:03.7535777Z test the_recovered_lookup_table_answers_what_its_class_answers ... ignored, needs a JDK on PATH: it strips the class-source comment lines, compiles the text with `javac --release 8` and runs it with `-Xverify:all` (see the module doc)
stable / test and specification	UNKNOWN STEP	2026-10-08T16:14:03.7904065Z test the_static_lookup_tables_loop_body_is_written ... ok
stable / test and specification	UNKNOWN STEP	2026-10-08T16:14:03.7904757Z 
stable / test and specification	UNKNOWN STEP	2026-10-08T16:14:03.7905615Z test result: ok. 10 passed; 0 failed; 3 ignored; 0 measured; 0 filtered out; finished in 0.38s
stable / test and specification	UNKNOWN STEP	2026-10-08T16:14:03.7906402Z 
stable / test and specification	UNKNOWN STEP	2026-10-08T16:14:03.7918537Z ^[[1m^[[92m     Running^[[0m tests/recover_array_initializer_value_positions.rs (target/debug/deps/recover_array_initializer_value_positions-b7f832800e0d233c)
stable / test and specification	UNKNOWN STEP	2026-10-08T16:14:03.7964104Z 
stable / test and specification	UNKNOWN STEP	2026-10-08T16:14:03.7964520Z running 6 tests
stable / test and specification	UNKNOWN STEP	2026-10-08T16:14:03.8884419Z test no_recovering_method_keeps_a_quote ... ok
stable / test and specification	UNKNOWN STEP	2026-10-08T16:14:03.9331093Z test the_admission_is_the_dances_shape_and_not_an_int_special_case ... ok
stable / test and specification	UNKNOWN STEP	2026-10-08T16:14:03.9371395Z test the_hand_built_negatives_keep_their_refusals ... ok
stable / test and specification	UNKNOWN STEP	2026-10-08T16:14:04.7420650Z test the_presenting_positions_keep_their_text_byte_for_byte ... ok
stable / test and specification	UNKNOWN STEP	2026-10-08T16:14:04.7422618Z test the_recovered_text_compiles_and_runs_identically_on_both_legs ... ignored, compiles and runs the recovered text; needs the installed JDK (and javac 8 for the second leg)
stable / test and specification	UNKNOWN STEP	2026-10-08T16:14:04.8774628Z test the_two_refusing_positions_recover_on_both_legs ... ok
stable / test and specification	UNKNOWN STEP	2026-10-08T16:14:04.8775181Z 
stable / test and specification	UNKNOWN STEP	2026-10-08T16:14:04.8775847Z test result: ok. 5 passed; 0 failed; 1 ignored; 0 measured; 0 filtered out; finished in 1.08s
stable / test and specification	UNKNOWN STEP	2026-10-08T16:14:04.8776497Z 
stable / test and specification	UNKNOWN STEP	2026-10-08T16:14:04.8782801Z ^[[1m^[[92m     Running^[[0m tests/recover_boolean_int_bitwise_operands.rs (target/debug/deps/recover_boolean_int_bitwise_operands-a9b744235d2a120c)
stable / test and specification	UNKNOWN STEP	2026-10-08T16:14:04.8866166Z 
stable / test and specification	UNKNOWN STEP	2026-10-08T16:14:04.8866394Z running 6 tests
stable / test and specification	UNKNOWN STEP	2026-10-08T16:14:05.0316843Z test no_recovering_method_keeps_a_quote ... ok
stable / test and specification	UNKNOWN STEP	2026-10-08T16:14:05.0975259Z test the_anchors_write_their_presentations_on_both_legs ... ok
stable / test and specification	UNKNOWN STEP	2026-10-08T16:14:05.1175656Z test the_frozen_anchor_recovers_whole_class ... ok
stable / test and specification	UNKNOWN STEP	2026-10-08T16:14:05.1538759Z test the_negatives_keep_their_refusals_on_both_legs ... ok
stable / test and specification	UNKNOWN STEP	2026-10-08T16:14:05.1540685Z test the_recovered_text_compiles_and_runs_identically_on_both_legs ... ignored, compiles and runs the recovered text; needs the installed JDK (and javac 8 for the second leg)
stable / test and specification	UNKNOWN STEP	2026-10-08T16:14:05.1919138Z test the_same_type_shapes_are_unchanged_on_both_legs ... ok
stable / test and specification	UNKNOWN STEP	2026-10-08T16:14:05.1919498Z 
stable / test and specification	UNKNOWN STEP	2026-10-08T16:14:05.1919895Z test result: ok. 5 passed; 0 failed; 1 ignored; 0 measured; 0 filtered out; finished in 0.31s
stable / test and specification	UNKNOWN STEP	2026-10-08T16:14:05.1920265Z 
stable / test and specification	UNKNOWN STEP	2026-10-08T16:14:05.1934843Z ^[[1m^[[92m     Running^[[0m tests/recover_boxed_number_widening.rs (target/debug/deps/recover_boxed_number_widening-cdc2e7bbcd808efa)
stable / test and specification	UNKNOWN STEP	2026-10-08T16:14:05.2013677Z 
stable / test and specification	UNKNOWN STEP	2026-10-08T16:14:05.2014604Z running 4 tests
stable / test and specification	UNKNOWN STEP	2026-10-08T16:14:05.2016079Z test every_stripped_anchor_answers_what_its_class_answers ... ignored, needs a JDK on PATH: it strips the class-source comment lines, compiles the text with the installed javac --release 8 (and with a real javac 8 when one is present) and runs both, comparing every answer with the fixture's own class files
stable / test and specification	UNKNOWN STEP	2026-10-08T16:14:05.3029217Z test the_boxed_number_positions_are_presented ... ok
stable / test and specification	UNKNOWN STEP	2026-10-08T16:14:05.3207826Z test the_number_subclasses_outside_the_closed_rows_still_refuse ... ok
stable / test and specification	UNKNOWN STEP	2026-10-08T16:14:05.3534846Z test the_patrol_anchor_presents_its_boxed_argument ... ok
stable / test and specification	UNKNOWN STEP	2026-10-08T16:14:05.3535602Z 
stable / test and specification	UNKNOWN STEP	2026-10-08T16:14:05.3536593Z test result: ok. 3 passed; 0 failed; 1 ignored; 0 measured; 0 filtered out; finished in 0.15s
stable / test and specification	UNKNOWN STEP	2026-10-08T16:14:05.3537558Z 
stable / test and specification	UNKNOWN STEP	2026-10-08T16:14:05.3550867Z ^[[1m^[[92m     Running^[[0m tests/recover_branching_guard_body.rs (target/debug/deps/recover_branching_guard_body-53e50b5c685fff46)
stable / test and specification	UNKNOWN STEP	2026-10-08T16:14:05.3629178Z 
stable / test and specification	UNKNOWN STEP	2026-10-08T16:14:05.3629405Z running 5 tests
stable / test and specification	UNKNOWN STEP	2026-10-08T16:14:05.4502926Z test the_branching_guard_body_presents_whole_on_every_leg ... ok
stable / test and specification	UNKNOWN STEP	2026-10-08T16:14:05.4837173Z test the_negatives_keep_their_refusals ... ok
stable / test and specification	UNKNOWN STEP	2026-10-08T16:14:05.4839946Z test the_order_and_exception_drivers_answer_what_the_original_answers ... ignored, needs both JDKs: it strips the class-source comment lines, compiles the text with `javac --release 8` **and** the real javac 8 and runs both under `-Xverify:all` (see the module doc)
stable / test and specification	UNKNOWN STEP	2026-10-08T16:14:05.5135918Z test the_order_leg_presents_the_same_shapes_over_its_recording_lock ... ok
stable / test and specification	UNKNOWN STEP	2026-10-08T16:14:05.5397628Z test the_probe_shapes_beyond_the_filings_note_present ... ok
stable / test and specification	UNKNOWN STEP	2026-10-08T16:14:05.5398151Z 
stable / test and specification	UNKNOWN STEP	2026-10-08T16:14:05.5398797Z test result: ok. 4 passed; 0 failed; 1 ignored; 0 measured; 0 filtered out; finished in 0.18s
stable / test and specification	UNKNOWN STEP	2026-10-08T16:14:05.5399424Z 
stable / test and specification	UNKNOWN STEP	2026-10-08T16:14:05.5413213Z ^[[1m^[[92m     Running^[[0m tests/recover_chained_field_assignment.rs (target/debug/deps/recover_chained_field_assignment-3f1cbd0d3551648c)
stable / test and specification	UNKNOWN STEP	2026-10-08T16:14:05.5493668Z 
stable / test and specification	UNKNOWN STEP	2026-10-08T16:14:05.5494313Z running 4 tests
stable / test and specification	UNKNOWN STEP	2026-10-08T16:14:06.1035231Z test no_recovering_method_keeps_a_quote ... ok
stable / test and specification	UNKNOWN STEP	2026-10-08T16:14:06.1520814Z test the_field_copy_anchors_write_their_presentations_on_both_legs ... ok
stable / test and specification	UNKNOWN STEP	2026-10-08T16:14:06.1770492Z test the_negatives_keep_their_refusals_on_both_legs ... ok
stable / test and specification	UNKNOWN STEP	2026-10-08T16:14:06.1772225Z test the_recovered_text_compiles_and_runs_identically_on_both_legs ... ignored, compiles and runs the recovered text; needs the installed JDK (and javac 8 for the second leg)
stable / test and specification	UNKNOWN STEP	2026-10-08T16:14:06.1773332Z 
stable / test and specification	UNKNOWN STEP	2026-10-08T16:14:06.1774280Z test result: ok. 3 passed; 0 failed; 1 ignored; 0 measured; 0 filtered out; finished in 0.63s
stable / test and specification	UNKNOWN STEP	2026-10-08T16:14:06.1774902Z 
stable / test and specification	UNKNOWN STEP	2026-10-08T16:14:06.1782865Z ^[[1m^[[92m     Running^[[0m tests/recover_conditional_rhs_field_compound.rs (target/debug/deps/recover_conditional_rhs_field_compound-6f4fd78286f3eef5)
stable / test and specification	UNKNOWN STEP	2026-10-08T16:14:06.1871511Z 
stable / test and specification	UNKNOWN STEP	2026-10-08T16:14:06.1871785Z running 5 tests
stable / test and specification	UNKNOWN STEP	2026-10-08T16:14:06.3377981Z test no_recovering_method_keeps_a_quote ... ok
stable / test and specification	UNKNOWN STEP	2026-10-08T16:14:06.4033647Z test the_conditional_rhs_anchors_write_their_presentations_on_both_legs ... ok
stable / test and specification	UNKNOWN STEP	2026-10-08T16:14:06.4214755Z test the_frozen_anchor_recovers_whole_class ... ok
stable / test and specification	UNKNOWN STEP	2026-10-08T16:14:06.4525051Z test the_negatives_keep_their_refusals_on_both_legs ... ok
stable / test and specification	UNKNOWN STEP	2026-10-08T16:14:06.4526806Z test the_recovered_text_compiles_and_runs_identically_on_both_legs ... ignored, compiles and runs the recovered text; needs the installed JDK (and javac 8 for the second leg)
stable / test and specification	UNKNOWN STEP	2026-10-08T16:14:06.4527910Z 
stable / test and specification	UNKNOWN STEP	2026-10-08T16:14:06.4528497Z test result: ok. 4 passed; 0 failed; 1 ignored; 0 measured; 0 filtered out; finished in 0.27s
stable / test and specification	UNKNOWN STEP	2026-10-08T16:14:06.4529089Z 
stable / test and specification	UNKNOWN STEP	2026-10-08T16:14:06.4537693Z ^[[1m^[[92m     Running^[[0m tests/recover_covariant_array_store_receiver.rs (target/debug/deps/recover_covariant_array_store_receiver-bf29c4fa4f12d5b5)
stable / test and specification	UNKNOWN STEP	2026-10-08T16:14:06.4627122Z 
stable / test and specification	UNKNOWN STEP	2026-10-08T16:14:06.4627450Z running 8 tests
stable / test and specification	UNKNOWN STEP	2026-10-08T16:14:06.5460843Z test a_subtype_value_is_not_proven_compatible_and_widens_too ... ok
stable / test and specification	UNKNOWN STEP	2026-10-08T16:14:06.5612245Z test an_unproven_component_keeps_its_presentation ... ok
stable / test and specification	UNKNOWN STEP	2026-10-08T16:14:06.5614128Z test an_unproven_component_text_stays_uncompilable ... ignored, needs both JDKs: the merged local's own rendering debt keeps the text uncompilable (see the module doc)
stable / test and specification	UNKNOWN STEP	2026-10-08T16:14:06.5616523Z test the_patrols_class_answers_what_its_class_answers ... ignored, needs both JDKs: it strips the class-source comment lines, compiles the text with `javac --release 8` **and** the real javac 8 and runs both under `-Xverify:all` (see the module doc)
stable / test and specification	UNKNOWN STEP	2026-10-08T16:14:06.5827020Z test the_patrols_two_covariant_stores_widen_their_access_receiver ... ok
stable / test and specification	UNKNOWN STEP	2026-10-08T16:14:06.5831464Z test the_store_driver_answers_what_its_class_answers ... ignored, needs both JDKs: it strips the class-source comment lines, compiles the text with `javac --release 8` **and** the real javac 8 and runs both under `-Xverify:all` (see the module doc)
stable / test and specification	UNKNOWN STEP	2026-10-08T16:14:06.6315305Z test the_store_driver_keeps_its_controls_and_its_negatives ... ok
stable / test and specification	UNKNOWN STEP	2026-10-08T16:14:06.6316741Z test the_subtype_store_answers_what_its_class_answers ... ignored, needs both JDKs: it strips the class-source comment lines, compiles the text with `javac --release 8` **and** the real javac 8 and runs both under `-Xverify:all` (see the module doc)
stable / test and specification	UNKNOWN STEP	2026-10-08T16:14:06.6317745Z 
stable / test and specification	UNKNOWN STEP	2026-10-08T16:14:06.6318112Z test result: ok. 4 passed; 0 failed; 4 ignored; 0 measured; 0 filtered out; finished in 0.17s
stable / test and specification	UNKNOWN STEP	2026-10-08T16:14:06.6318473Z 
stable / test and specification	UNKNOWN STEP	2026-10-08T16:14:06.6328163Z ^[[1m^[[92m     Running^[[0m tests/recover_double_brace_allocation_site.rs (target/debug/deps/recover_double_brace_allocation_site-079609242cf5a4e5)
stable / test and specification	UNKNOWN STEP	2026-10-08T16:14:06.6343690Z 
stable / test and specification	UNKNOWN STEP	2026-10-08T16:14:06.6344042Z running 4 tests
stable / test and specification	UNKNOWN STEP	2026-10-08T16:14:08.0020150Z test the_controls_recompiled_text_compiles_and_runs_as_the_original_classes ... ok
stable / test and specification	UNKNOWN STEP	2026-10-08T16:14:08.0034931Z test the_fixture_directory_is_the_one_this_file_reads ... ok
stable / test and specification	UNKNOWN STEP	2026-10-08T16:14:08.0298957Z test the_single_use_control_presents_the_double_brace_form_at_its_allocation_point ... ok
stable / test and specification	UNKNOWN STEP	2026-10-08T16:14:08.0559330Z test the_three_negatives_keep_the_presentation_they_had ... ok
stable / test and specification	UNKNOWN STEP	2026-10-08T16:14:08.0559833Z 
stable / test and specification	UNKNOWN STEP	2026-10-08T16:14:08.0560441Z test result: ok. 4 passed; 0 failed; 0 ignored; 0 measured; 0 filtered out; finished in 1.42s
stable / test and specification	UNKNOWN STEP	2026-10-08T16:14:08.0561043Z 
stable / test and specification	UNKNOWN STEP	2026-10-08T16:14:08.0567591Z ^[[1m^[[92m     Running^[[0m tests/recover_dup_store_conditional.rs (target/debug/deps/recover_dup_store_conditional-02d550665dcb8359)
stable / test and specification	UNKNOWN STEP	2026-10-08T16:14:08.0649904Z 
stable / test and specification	UNKNOWN STEP	2026-10-08T16:14:08.0650163Z running 4 tests
stable / test and specification	UNKNOWN STEP	2026-10-08T16:14:08.2964663Z test no_recovering_method_keeps_a_quote ... ok
stable / test and specification	UNKNOWN STEP	2026-10-08T16:14:08.3380259Z test the_dup_store_anchors_write_the_eliminated_and_split_forms_on_both_legs ... ok
stable / test and specification	UNKNOWN STEP	2026-10-08T16:14:08.3769028Z test the_loop_test_presents_and_the_short_circuit_chain_keeps_its_refusal ... ok
stable / test and specification	UNKNOWN STEP	2026-10-08T16:14:08.3770212Z test the_recovered_text_compiles_and_runs_identically_on_both_legs ... ignored, compiles and runs the recovered text; needs the installed JDK (and javac 8 for the second leg)
stable / test and specification	UNKNOWN STEP	2026-10-08T16:14:08.3770871Z 
stable / test and specification	UNKNOWN STEP	2026-10-08T16:14:08.3771242Z test result: ok. 3 passed; 0 failed; 1 ignored; 0 measured; 0 filtered out; finished in 0.31s
stable / test and specification	UNKNOWN STEP	2026-10-08T16:14:08.3771600Z 
stable / test and specification	UNKNOWN STEP	2026-10-08T16:14:08.3784265Z ^[[1m^[[92m     Running^[[0m tests/recover_inline_conditional_concat_operands.rs (target/debug/deps/recover_inline_conditional_concat_operands-a642db1fce265f0e)
stable / test and specification	UNKNOWN STEP	2026-10-08T16:14:08.3865797Z 
stable / test and specification	UNKNOWN STEP	2026-10-08T16:14:08.3866070Z running 5 tests
stable / test and specification	UNKNOWN STEP	2026-10-08T16:14:08.5627448Z test no_recovering_method_keeps_a_quote ... ok
stable / test and specification	UNKNOWN STEP	2026-10-08T16:14:08.5788960Z test the_chain_without_a_cut_keeps_its_own_presentation_on_both_legs ... ok
stable / test and specification	UNKNOWN STEP	2026-10-08T16:14:08.6659645Z test the_inline_conditional_anchors_write_the_source_form_on_both_legs ... ok
stable / test and specification	UNKNOWN STEP	2026-10-08T16:14:08.7115009Z test the_negatives_keep_their_split_refusals_on_both_legs ... ok
stable / test and specification	UNKNOWN STEP	2026-10-08T16:14:08.7117019Z test the_recovered_text_compiles_and_runs_identically_on_both_legs ... ignored, compiles and runs the recovered text; needs the installed JDK (and javac 8 for the second leg)
stable / test and specification	UNKNOWN STEP	2026-10-08T16:14:08.7118683Z 
stable / test and specification	UNKNOWN STEP	2026-10-08T16:14:08.7119343Z test result: ok. 4 passed; 0 failed; 1 ignored; 0 measured; 0 filtered out; finished in 0.32s
stable / test and specification	UNKNOWN STEP	2026-10-08T16:14:08.7119985Z 
stable / test and specification	UNKNOWN STEP	2026-10-08T16:14:08.7128348Z ^[[1m^[[92m     Running^[[0m tests/recover_instance_field_assignment_chains.rs (target/debug/deps/recover_instance_field_assignment_chains-19920b5ad7cb7219)
stable / test and specification	UNKNOWN STEP	2026-10-08T16:14:08.7146557Z 
stable / test and specification	UNKNOWN STEP	2026-10-08T16:14:08.7146810Z running 4 tests
stable / test and specification	UNKNOWN STEP	2026-10-08T16:14:08.7942133Z test no_recovering_method_keeps_a_quote ... ok
stable / test and specification	UNKNOWN STEP	2026-10-08T16:14:08.8528320Z test the_boundary_and_the_negatives_keep_their_refusals_on_both_legs ... ok
stable / test and specification	UNKNOWN STEP	2026-10-08T16:14:08.8719023Z test the_instance_chain_anchors_write_their_presentations_on_both_legs ... ok
stable / test and specification	UNKNOWN STEP	2026-10-08T16:14:08.8721038Z test the_recovered_text_compiles_and_runs_identically_on_both_legs ... ignored, compiles and runs the recovered text; needs the installed JDK (and javac 8 for the second leg)
stable / test and specification	UNKNOWN STEP	2026-10-08T16:14:08.8721993Z 
stable / test and specification	UNKNOWN STEP	2026-10-08T16:14:08.8722519Z test result: ok. 3 passed; 0 failed; 1 ignored; 0 measured; 0 filtered out; finished in 0.16s
stable / test and specification	UNKNOWN STEP	2026-10-08T16:14:08.8723035Z 
stable / test and specification	UNKNOWN STEP	2026-10-08T16:14:08.8726726Z ^[[1m^[[92m     Running^[[0m tests/recover_io_resource_finally.rs (target/debug/deps/recover_io_resource_finally-252a6487894cbb63)
stable / test and specification	UNKNOWN STEP	2026-10-08T16:14:08.8808837Z 
stable / test and specification	UNKNOWN STEP	2026-10-08T16:14:08.8809056Z running 6 tests
stable / test and specification	UNKNOWN STEP	2026-10-08T16:14:08.9980162Z test the_anchors_guard_presents_whole_on_every_leg ... ok
stable / test and specification	UNKNOWN STEP	2026-10-08T16:14:08.9985887Z test the_anchors_own_class_answers_its_baseline_and_its_presentation_too ... ignored, needs both JDKs: it runs the anchor's own classes on both legs and then compiles the whole-class text and runs its own driver beside them — `readAll` recovered, the registered boundary closed (see the module doc)
stable / test and specification	UNKNOWN STEP	2026-10-08T16:14:09.0072489Z test the_certificate_shape_over_a_caller_owned_stream_presents ... ok
stable / test and specification	UNKNOWN STEP	2026-10-08T16:14:09.0266199Z test the_depth_boundary_presents_three_layers_and_refuses_four ... ok
stable / test and specification	UNKNOWN STEP	2026-10-08T16:14:09.0268773Z test the_mid_read_guard_answers_what_its_class_answers ... ignored, needs both JDKs: it strips the class-source comment lines, compiles the text with `javac --release 8` **and** the real javac 8 and runs both under `-Xverify:all` (see the module doc)
stable / test and specification	UNKNOWN STEP	2026-10-08T16:14:09.0403039Z test the_negatives_keep_their_refusals_verbatim ... ok
stable / test and specification	UNKNOWN STEP	2026-10-08T16:14:09.0403344Z 
stable / test and specification	UNKNOWN STEP	2026-10-08T16:14:09.0403726Z test result: ok. 4 passed; 0 failed; 2 ignored; 0 measured; 0 filtered out; finished in 0.16s
stable / test and specification	UNKNOWN STEP	2026-10-08T16:14:09.0404364Z 
stable / test and specification	UNKNOWN STEP	2026-10-08T16:14:09.0414690Z ^[[1m^[[92m     Running^[[0m tests/recover_javac8_allocation_qualifier_null_check.rs (target/debug/deps/recover_javac8_allocation_qualifier_null_check-1707a744be5894c4)
stable / test and specification	UNKNOWN STEP	2026-10-08T16:14:09.0495730Z 
stable / test and specification	UNKNOWN STEP	2026-10-08T16:14:09.0495931Z running 6 tests
stable / test and specification	UNKNOWN STEP	2026-10-08T16:14:09.6670672Z test a_construction_whose_only_reader_is_the_discard_keeps_the_member_form_out ... ok
stable / test and specification	UNKNOWN STEP	2026-10-08T16:14:09.6940411Z test a_kept_check_result_never_joins_the_site ... ok
stable / test and specification	UNKNOWN STEP	2026-10-08T16:14:10.2889523Z test allocation_qualifier_without_arguments_folds_on_both_legs ... ok
stable / test and specification	UNKNOWN STEP	2026-10-08T16:14:10.3304120Z test real_javac8_allocation_qualifier_folds_with_its_int_argument ... ok
stable / test and specification	UNKNOWN STEP	2026-10-08T16:14:10.9811803Z test the_javac23_leg_of_the_anchor_keeps_its_recovery ... ok
stable / test and specification	UNKNOWN STEP	2026-10-08T16:14:11.5712742Z test user_statements_survive_while_the_member_construction_folds ... ok
stable / test and specification	UNKNOWN STEP	2026-10-08T16:14:11.5713328Z 
stable / test and specification	UNKNOWN STEP	2026-10-08T16:14:11.5714397Z test result: ok. 6 passed; 0 failed; 0 ignored; 0 measured; 0 filtered out; finished in 2.52s
stable / test and specification	UNKNOWN STEP	2026-10-08T16:14:11.5715042Z 
stable / test and specification	UNKNOWN STEP	2026-10-08T16:14:11.5726465Z ^[[1m^[[92m     Running^[[0m tests/recover_javac8_getclass_null_check_idiom.rs (target/debug/deps/recover_javac8_getclass_null_check_idiom-fdb283f430bbe4f0)
stable / test and specification	UNKNOWN STEP	2026-10-08T16:14:11.5807207Z 
stable / test and specification	UNKNOWN STEP	2026-10-08T16:14:11.5807474Z running 3 tests
stable / test and specification	UNKNOWN STEP	2026-10-08T16:14:11.6916384Z test an_undiscarded_check_refuses_on_the_getclass_spelling ... ok
stable / test and specification	UNKNOWN STEP	2026-10-08T16:14:12.8923645Z test real_javac8_parameter_qualifier_folds_like_the_javac23_leg ... ok
stable / test and specification	UNKNOWN STEP	2026-10-08T16:14:13.4502609Z test user_written_getclass_statement_survives_on_both_legs ... ok
stable / test and specification	UNKNOWN STEP	2026-10-08T16:14:13.4503397Z 
stable / test and specification	UNKNOWN STEP	2026-10-08T16:14:13.4504134Z test result: ok. 3 passed; 0 failed; 0 ignored; 0 measured; 0 filtered out; finished in 1.87s
stable / test and specification	UNKNOWN STEP	2026-10-08T16:14:13.4504542Z 
stable / test and specification	UNKNOWN STEP	2026-10-08T16:14:13.4515881Z ^[[1m^[[92m     Running^[[0m tests/recover_lambda_primitive_array_capture.rs (target/debug/deps/recover_lambda_primitive_array_capture-70b1352801410499)
stable / test and specification	UNKNOWN STEP	2026-10-08T16:14:13.4531863Z 
stable / test and specification	UNKNOWN STEP	2026-10-08T16:14:13.4532082Z running 6 tests
stable / test and specification	UNKNOWN STEP	2026-10-08T16:14:13.4541200Z test the_frozen_anchor_is_the_recorded_patrol_probe ... ok
stable / test and specification	UNKNOWN STEP	2026-10-08T16:14:13.4551318Z test the_frozen_baseline_of_the_same_anchor_refused_the_capture ... ok
stable / test and specification	UNKNOWN STEP	2026-10-08T16:14:13.4762441Z test the_multianewarray_capture_keeps_its_recorded_status ... ok
stable / test and specification	UNKNOWN STEP	2026-10-08T16:14:13.5021725Z test the_primitive_array_capture_recovers_in_both_javac_legs ... ok
stable / test and specification	UNKNOWN STEP	2026-10-08T16:14:15.2134495Z test the_recovered_text_recompiles_and_prints_the_original_output ... ok
stable / test and specification	UNKNOWN STEP	2026-10-08T16:14:15.2138523Z test the_reference_capture_and_the_rest_of_the_class_are_unchanged ... ok
stable / test and specification	UNKNOWN STEP	2026-10-08T16:14:15.2139133Z 
stable / test and specification	UNKNOWN STEP	2026-10-08T16:14:15.2139599Z test result: ok. 6 passed; 0 failed; 0 ignored; 0 measured; 0 filtered out; finished in 1.76s
stable / test and specification	UNKNOWN STEP	2026-10-08T16:14:15.2140049Z 
stable / test and specification	UNKNOWN STEP	2026-10-08T16:14:15.2146219Z ^[[1m^[[92m     Running^[[0m tests/recover_lock_guard_loop_finally.rs (target/debug/deps/recover_lock_guard_loop_finally-93c1d1ec621e4158)
stable / test and specification	UNKNOWN STEP	2026-10-08T16:14:15.2225200Z 
stable / test and specification	UNKNOWN STEP	2026-10-08T16:14:15.2225462Z running 5 tests
stable / test and specification	UNKNOWN STEP	2026-10-08T16:14:15.3393643Z test the_lock_guard_class_renders_whole_on_every_leg ... ok
stable / test and specification	UNKNOWN STEP	2026-10-08T16:14:15.3625047Z test the_negatives_keep_their_refusals_verbatim ... ok
stable / test and specification	UNKNOWN STEP	2026-10-08T16:14:16.1340847Z test the_rendered_class_recompiles_and_answers_what_the_original_answers ... ok
stable / test and specification	UNKNOWN STEP	2026-10-08T16:14:16.1470533Z test the_resource_across_finally_probe_presents_under_the_resource_guard ... ok
stable / test and specification	UNKNOWN STEP	2026-10-08T16:14:16.2100831Z test the_true_two_copy_non_lock_finally_stays_refused ... ok
stable / test and specification	UNKNOWN STEP	2026-10-08T16:14:16.2101373Z 
stable / test and specification	UNKNOWN STEP	2026-10-08T16:14:16.2102046Z test result: ok. 5 passed; 0 failed; 0 ignored; 0 measured; 0 filtered out; finished in 0.99s
stable / test and specification	UNKNOWN STEP	2026-10-08T16:14:16.2102707Z 
stable / test and specification	UNKNOWN STEP	2026-10-08T16:14:16.2116766Z ^[[1m^[[92m     Running^[[0m tests/recover_loop_else_if_early_returns.rs (target/debug/deps/recover_loop_else_if_early_returns-50dc8320fcb822b2)
stable / test and specification	UNKNOWN STEP	2026-10-08T16:14:16.2201441Z 
stable / test and specification	UNKNOWN STEP	2026-10-08T16:14:16.2201648Z running 5 tests
stable / test and specification	UNKNOWN STEP	2026-10-08T16:14:16.2205710Z test every_stripped_anchor_answers_what_its_class_answers ... ignored, needs a JDK on PATH: it strips the class-source comment lines, compiles the text with the installed javac --release 8 (and with a real javac 8 when one is present) and runs both, comparing every answer with the fixture's own class files
stable / test and specification	UNKNOWN STEP	2026-10-08T16:14:16.3115141Z test the_all_recovering_anchor_class_is_presented_whole ... ok
stable / test and specification	UNKNOWN STEP	2026-10-08T16:14:16.3893263Z test the_ladder_recovers_where_the_patrol_recorded_the_refusal ... ok
stable / test and specification	UNKNOWN STEP	2026-10-08T16:14:16.4612892Z test the_shapes_outside_the_single_level_ladder_keep_their_refusal ... ok
stable / test and specification	UNKNOWN STEP	2026-10-08T16:14:16.5211170Z test the_three_controls_are_byte_identical ... ok
stable / test and specification	UNKNOWN STEP	2026-10-08T16:14:16.5211647Z 
stable / test and specification	UNKNOWN STEP	2026-10-08T16:14:16.5212266Z test result: ok. 4 passed; 0 failed; 1 ignored; 0 measured; 0 filtered out; finished in 0.30s
stable / test and specification	UNKNOWN STEP	2026-10-08T16:14:16.5212857Z 
stable / test and specification	UNKNOWN STEP	2026-10-08T16:14:16.5225425Z ^[[1m^[[92m     Running^[[0m tests/recover_loop_test_copy_store.rs (target/debug/deps/recover_loop_test_copy_store-a971baf58ce8e146)
stable / test and specification	UNKNOWN STEP	2026-10-08T16:14:16.5304693Z 
stable / test and specification	UNKNOWN STEP	2026-10-08T16:14:16.5304972Z running 5 tests
stable / test and specification	UNKNOWN STEP	2026-10-08T16:14:16.6294065Z test the_controls_keep_their_refusals_on_both_legs ... ok
stable / test and specification	UNKNOWN STEP	2026-10-08T16:14:16.6709270Z test the_multi_consumer_control_keeps_its_refusal_on_both_legs ... ok
stable / test and specification	UNKNOWN STEP	2026-10-08T16:14:16.6826225Z test the_probe_renders_the_same_text_from_a_jar ... ok
stable / test and specification	UNKNOWN STEP	2026-10-08T16:14:16.6828329Z test the_probes_presented_text_answers_what_its_class_answers ... ignored, needs both JDKs: it strips the class-source comment lines, compiles the text with `javac --release 8` **and** the real javac 8 and runs the probe's driver against a real file on both sides (see the module doc)
stable / test and specification	UNKNOWN STEP	2026-10-08T16:14:16.7044757Z test the_same_form_loop_presents_on_every_leg ... ok
stable / test and specification	UNKNOWN STEP	2026-10-08T16:14:16.7045160Z 
stable / test and specification	UNKNOWN STEP	2026-10-08T16:14:16.7045738Z test result: ok. 4 passed; 0 failed; 1 ignored; 0 measured; 0 filtered out; finished in 0.17s
stable / test and specification	UNKNOWN STEP	2026-10-08T16:14:16.7046291Z 
stable / test and specification	UNKNOWN STEP	2026-10-08T16:14:16.7058634Z ^[[1m^[[92m     Running^[[0m tests/recover_nested_lock_finally_bodies.rs (target/debug/deps/recover_nested_lock_finally_bodies-845186c8fe76b334)
stable / test and specification	UNKNOWN STEP	2026-10-08T16:14:16.7132913Z 
stable / test and specification	UNKNOWN STEP	2026-10-08T16:14:16.7133167Z running 6 tests
stable / test and specification	UNKNOWN STEP	2026-10-08T16:14:16.7135085Z test the_anchors_own_class_answers_its_baseline_and_its_boundary_is_stated ... ignored, needs both JDKs: it runs the anchor's own classes on both legs and states why the whole-class text stays uncompilable while `multiAwait`'s registered refusal stands (see the module doc)
stable / test and specification	UNKNOWN STEP	2026-10-08T16:14:16.8094718Z test the_boundaries_keep_their_refusals_and_the_branching_body_presents ... ok
stable / test and specification	UNKNOWN STEP	2026-10-08T16:14:16.8276261Z test the_negatives_keep_their_refusals_verbatim ... ok
stable / test and specification	UNKNOWN STEP	2026-10-08T16:14:16.8723741Z test the_nested_lock_shapes_present_whole_on_every_leg ... ok
stable / test and specification	UNKNOWN STEP	2026-10-08T16:14:16.8726681Z test the_order_and_exception_drivers_answer_what_the_original_answers ... ignored, needs both JDKs: it strips the class-source comment lines, compiles the text with `javac --release 8` **and** the real javac 8 and runs both under `-Xverify:all` (see the module doc)
stable / test and specification	UNKNOWN STEP	2026-10-08T16:14:16.8983424Z test the_order_leg_presents_the_same_shapes_over_its_recording_lock ... ok
stable / test and specification	UNKNOWN STEP	2026-10-08T16:14:16.8984252Z 
stable / test and specification	UNKNOWN STEP	2026-10-08T16:14:16.8984667Z test result: ok. 4 passed; 0 failed; 2 ignored; 0 measured; 0 filtered out; finished in 0.18s
stable / test and specification	UNKNOWN STEP	2026-10-08T16:14:16.8985044Z 
stable / test and specification	UNKNOWN STEP	2026-10-08T16:14:16.8995840Z ^[[1m^[[92m     Running^[[0m tests/recover_platform_implementer_argument_widening.rs (target/debug/deps/recover_platform_implementer_argument_widening-90873d5140bf29ee)
stable / test and specification	UNKNOWN STEP	2026-10-08T16:14:16.9081447Z 
stable / test and specification	UNKNOWN STEP	2026-10-08T16:14:16.9081705Z running 8 tests
stable / test and specification	UNKNOWN STEP	2026-10-08T16:14:16.9086686Z test every_stripped_anchor_answers_what_its_class_answers ... ignored, needs a JDK on PATH: it strips the class-source comment lines, compiles the text with the installed javac --release 8 (and with a real javac 8 when one is present) and runs both, comparing every answer with the fixture's own class files
stable / test and specification	UNKNOWN STEP	2026-10-08T16:14:17.0132356Z test the_charsequence_and_serializable_positions_are_presented ... ok
stable / test and specification	UNKNOWN STEP	2026-10-08T16:14:17.0596545Z test the_comparable_positions_are_presented ... ok
stable / test and specification	UNKNOWN STEP	2026-10-08T16:14:17.1007586Z test the_enum_positions_are_presented ... ok
stable / test and specification	UNKNOWN STEP	2026-10-08T16:14:17.1105085Z test the_out_of_package_comparable_implementer_still_refuses ... ok
stable / test and specification	UNKNOWN STEP	2026-10-08T16:14:17.1444758Z test the_patrol_nested_enum_shape_presents_its_call ... ok
stable / test and specification	UNKNOWN STEP	2026-10-08T16:14:17.1503157Z test the_platform_enum_still_refuses ... ok
stable / test and specification	UNKNOWN STEP	2026-10-08T16:14:17.1625408Z test the_types_outside_the_closed_rows_still_refuse ... ok
stable / test and specification	UNKNOWN STEP	2026-10-08T16:14:17.1625792Z 
stable / test and specification	UNKNOWN STEP	2026-10-08T16:14:17.1626316Z test result: ok. 7 passed; 0 failed; 1 ignored; 0 measured; 0 filtered out; finished in 0.25s
stable / test and specification	UNKNOWN STEP	2026-10-08T16:14:17.1626803Z 
stable / test and specification	UNKNOWN STEP	2026-10-08T16:14:17.1638563Z ^[[1m^[[92m     Running^[[0m tests/recover_platform_interface_argument_widening.rs (target/debug/deps/recover_platform_interface_argument_widening-a50718cc1a9ebd1e)
stable / test and specification	UNKNOWN STEP	2026-10-08T16:14:17.1722272Z 
stable / test and specification	UNKNOWN STEP	2026-10-08T16:14:17.1722660Z running 6 tests
stable / test and specification	UNKNOWN STEP	2026-10-08T16:14:17.1728500Z test every_stripped_fixture_answers_what_its_class_answers ... ignored, needs a JDK on PATH: it strips the class-source comment lines, compiles the text with the installed javac --release 8 (and with a real javac 8 when one is present) and runs both, comparing every answer with the fixture's own class files
stable / test and specification	UNKNOWN STEP	2026-10-08T16:14:17.3025473Z test the_anonymous_comparator_argument_is_presented ... ok
stable / test and specification	UNKNOWN STEP	2026-10-08T16:14:17.3259302Z test the_isolated_ordering_program_presents_its_sort ... ok
stable / test and specification	UNKNOWN STEP	2026-10-08T16:14:17.3601107Z test the_named_platform_target_is_proved_and_the_absent_one_still_refuses ... ok
stable / test and specification	UNKNOWN STEP	2026-10-08T16:14:17.3895548Z test the_own_interface_positions_do_not_move ... ok
stable / test and specification	UNKNOWN STEP	2026-10-08T16:14:17.4032783Z test the_top_level_implementer_argument_is_presented ... ok
stable / test and specification	UNKNOWN STEP	2026-10-08T16:14:17.4033612Z 
stable / test and specification	UNKNOWN STEP	2026-10-08T16:14:17.4034344Z test result: ok. 5 passed; 0 failed; 1 ignored; 0 measured; 0 filtered out; finished in 0.23s
stable / test and specification	UNKNOWN STEP	2026-10-08T16:14:17.4034718Z 
stable / test and specification	UNKNOWN STEP	2026-10-08T16:14:17.4045678Z ^[[1m^[[92m     Running^[[0m tests/recover_postfix_condition_positions.rs (target/debug/deps/recover_postfix_condition_positions-bc10b8436a232cc0)
stable / test and specification	UNKNOWN STEP	2026-10-08T16:14:17.4061449Z 
stable / test and specification	UNKNOWN STEP	2026-10-08T16:14:17.4061685Z running 5 tests
stable / test and specification	UNKNOWN STEP	2026-10-08T16:14:17.6532016Z test no_recovering_method_keeps_a_quote ... ok
stable / test and specification	UNKNOWN STEP	2026-10-08T16:14:17.7047347Z test the_condition_positions_write_the_postfix_expression_on_both_legs ... ok
stable / test and specification	UNKNOWN STEP	2026-10-08T16:14:17.7254228Z test the_control_chain_stays_byte_identical_on_both_legs ... ok
stable / test and specification	UNKNOWN STEP	2026-10-08T16:14:17.7713183Z test the_negatives_keep_their_refusals_on_both_legs ... ok
stable / test and specification	UNKNOWN STEP	2026-10-08T16:14:17.7714991Z test the_recovered_text_compiles_and_runs_identically_on_both_legs ... ignored, compiles and runs the recovered text; needs the installed JDK (and javac 8 for the second leg)
stable / test and specification	UNKNOWN STEP	2026-10-08T16:14:17.7715684Z 
stable / test and specification	UNKNOWN STEP	2026-10-08T16:14:17.7716061Z test result: ok. 4 passed; 0 failed; 1 ignored; 0 measured; 0 filtered out; finished in 0.37s
stable / test and specification	UNKNOWN STEP	2026-10-08T16:14:17.7716423Z 
stable / test and specification	UNKNOWN STEP	2026-10-08T16:14:17.7721160Z ^[[1m^[[92m     Running^[[0m tests/recover_postfix_old_value_snapshot.rs (target/debug/deps/recover_postfix_old_value_snapshot-9767274827703ff8)
stable / test and specification	UNKNOWN STEP	2026-10-08T16:14:17.7801334Z 
stable / test and specification	UNKNOWN STEP	2026-10-08T16:14:17.7801581Z running 5 tests
stable / test and specification	UNKNOWN STEP	2026-10-08T16:14:18.1262090Z test no_recovering_method_keeps_a_quote ... ok
stable / test and specification	UNKNOWN STEP	2026-10-08T16:14:18.1635647Z test the_healthy_shapes_stay_byte_identical_on_both_legs ... ok
stable / test and specification	UNKNOWN STEP	2026-10-08T16:14:18.1900317Z test the_negatives_keep_their_refusals_on_both_legs ... ok
stable / test and specification	UNKNOWN STEP	2026-10-08T16:14:18.3311222Z test the_phase_a_positions_write_the_postfix_expression_on_both_legs ... ok
stable / test and specification	UNKNOWN STEP	2026-10-08T16:14:18.3312950Z test the_recovered_text_compiles_and_runs_identically_on_both_legs ... ignored, compiles and runs the recovered text; needs the installed JDK (and javac 8 for the second leg)
stable / test and specification	UNKNOWN STEP	2026-10-08T16:14:18.3314320Z 
stable / test and specification	UNKNOWN STEP	2026-10-08T16:14:18.3314873Z test result: ok. 4 passed; 0 failed; 1 ignored; 0 measured; 0 filtered out; finished in 0.55s
stable / test and specification	UNKNOWN STEP	2026-10-08T16:14:18.3315428Z 
stable / test and specification	UNKNOWN STEP	2026-10-08T16:14:18.3323355Z ^[[1m^[[92m     Running^[[0m tests/recover_proved_nonnull_bound_receivers.rs (target/debug/deps/recover_proved_nonnull_bound_receivers-1acf02c79717c0f5)
stable / test and specification	UNKNOWN STEP	2026-10-08T16:14:18.3407911Z 
stable / test and specification	UNKNOWN STEP	2026-10-08T16:14:18.3408289Z running 3 tests
stable / test and specification	UNKNOWN STEP	2026-10-08T16:14:18.4345435Z test a_receiver_no_allocation_proves_keeps_its_creation_time_refusal ... ok
stable / test and specification	UNKNOWN STEP	2026-10-08T16:14:18.4348211Z test every_stripped_anchor_answers_what_its_class_answers ... ignored, needs a JDK on PATH: it strips the class-source comment lines, compiles the text with the installed javac --release 8 (and with a real javac 8 when one is present) and runs both, comparing every answer with the fixture's own class files
stable / test and specification	UNKNOWN STEP	2026-10-08T16:14:18.4803067Z test the_bound_receiver_of_a_proved_allocation_is_adapted ... ok
stable / test and specification	UNKNOWN STEP	2026-10-08T16:14:18.4803586Z 
stable / test and specification	UNKNOWN STEP	2026-10-08T16:14:18.4804512Z test result: ok. 2 passed; 0 failed; 1 ignored; 0 measured; 0 filtered out; finished in 0.14s
stable / test and specification	UNKNOWN STEP	2026-10-08T16:14:18.4805114Z 
stable / test and specification	UNKNOWN STEP	2026-10-08T16:14:18.4815584Z ^[[1m^[[92m     Running^[[0m tests/recover_short_circuit_local_branch_reads.rs (target/debug/deps/recover_short_circuit_local_branch_reads-89c0318d65b2f253)
stable / test and specification	UNKNOWN STEP	2026-10-08T16:14:18.4904383Z 
stable / test and specification	UNKNOWN STEP	2026-10-08T16:14:18.4904752Z running 8 tests
stable / test and specification	UNKNOWN STEP	2026-10-08T16:14:18.5875330Z test an_exhausted_source_budget_cannot_publish_a_partial_branch_read_recovery ... ok
stable / test and specification	UNKNOWN STEP	2026-10-08T16:14:18.5876213Z test the_boundaries_do_not_compile_and_the_controls_verify ... ignored, runs the JVM; needs the installed JDK
stable / test and specification	UNKNOWN STEP	2026-10-08T16:14:18.6102638Z test the_branch_condition_positions_recover_on_both_legs ... ok
stable / test and specification	UNKNOWN STEP	2026-10-08T16:14:18.6104742Z test the_branch_reads_fixture_compiles_and_answers_like_the_original ... ignored, compiles and runs the recovered text; needs the installed JDK (and javac 8 for the second leg)
stable / test and specification	UNKNOWN STEP	2026-10-08T16:14:18.6329309Z test the_consumer_whitelist_stays_narrow ... ok
stable / test and specification	UNKNOWN STEP	2026-10-08T16:14:18.6537844Z test the_loop_and_crossing_positions_keep_their_refusals_on_both_legs ... ok
stable / test and specification	UNKNOWN STEP	2026-10-08T16:14:18.6539496Z test the_patrol_anchor_compiles_and_answers_like_the_original ... ignored, compiles and runs the recovered text; needs the installed JDK (and javac 8 for the second leg)
stable / test and specification	UNKNOWN STEP	2026-10-08T16:14:18.6769841Z test the_patrol_anchor_recovers_at_the_branch_condition_position ... ok
stable / test and specification	UNKNOWN STEP	2026-10-08T16:14:18.6770281Z 
stable / test and specification	UNKNOWN STEP	2026-10-08T16:14:18.6770752Z test result: ok. 5 passed; 0 failed; 3 ignored; 0 measured; 0 filtered out; finished in 0.19s
stable / test and specification	UNKNOWN STEP	2026-10-08T16:14:18.6771221Z 
stable / test and specification	UNKNOWN STEP	2026-10-08T16:14:18.6782814Z ^[[1m^[[92m     Running^[[0m tests/recover_statement_position_news.rs (target/debug/deps/recover_statement_position_news-cc0667a35d96f9f5)
stable / test and specification	UNKNOWN STEP	2026-10-08T16:14:18.6870662Z 
stable / test and specification	UNKNOWN STEP	2026-10-08T16:14:18.6871185Z running 9 tests
stable / test and specification	UNKNOWN STEP	2026-10-08T16:14:18.8538132Z test no_recovering_method_keeps_a_quote ... ok
stable / test and specification	UNKNOWN STEP	2026-10-08T16:14:18.8699609Z test the_discriminator_shapes_render_whole_without_the_boundary ... ok
stable / test and specification	UNKNOWN STEP	2026-10-08T16:14:18.8844117Z test the_frozen_composite_renders_whole ... ok
stable / test and specification	UNKNOWN STEP	2026-10-08T16:14:18.8864945Z test the_frozen_counterexample_keeps_the_interleaved_refusal ... ok
stable / test and specification	UNKNOWN STEP	2026-10-08T16:14:18.8959573Z test the_frozen_discriminator_recovers_its_two_shapes ... ok
stable / test and specification	UNKNOWN STEP	2026-10-08T16:14:18.9198227Z test the_negatives_keep_their_refusals_on_both_legs ... ok
stable / test and specification	UNKNOWN STEP	2026-10-08T16:14:18.9199735Z test the_recovered_text_compiles_and_runs_identically_on_both_legs ... ignored, compiles and runs the recovered text; needs the installed JDK (and javac 8 for the second leg)
stable / test and specification	UNKNOWN STEP	2026-10-08T16:14:18.9509628Z test the_statement_position_counterexample_keeps_the_interleaved_refusal ... ok
stable / test and specification	UNKNOWN STEP	2026-10-08T16:14:19.0097211Z test the_statement_position_shapes_recover_on_both_legs ... ok
stable / test and specification	UNKNOWN STEP	2026-10-08T16:14:19.0097714Z 
stable / test and specification	UNKNOWN STEP	2026-10-08T16:14:19.0098307Z test result: ok. 8 passed; 0 failed; 1 ignored; 0 measured; 0 filtered out; finished in 0.32s
stable / test and specification	UNKNOWN STEP	2026-10-08T16:14:19.0098917Z 
stable / test and specification	UNKNOWN STEP	2026-10-08T16:14:19.0107902Z ^[[1m^[[92m     Running^[[0m tests/recover_static_generic_field_init_text.rs (target/debug/deps/recover_static_generic_field_init_text-d20aa63604291edb)
stable / test and specification	UNKNOWN STEP	2026-10-08T16:14:19.0189383Z 
stable / test and specification	UNKNOWN STEP	2026-10-08T16:14:19.0189861Z running 4 tests
stable / test and specification	UNKNOWN STEP	2026-10-08T16:14:19.0191865Z test every_stripped_anchor_answers_what_its_class_answers ... ignored, needs a JDK on PATH: it strips the class-source comment lines, compiles the text with the installed javac --release 8 (and with a real javac 8 when one is present) and runs both, comparing every answer with the fixture's own class files
stable / test and specification	UNKNOWN STEP	2026-10-08T16:14:19.2276156Z test the_broken_text_is_gone_on_both_legs ... ok
stable / test and specification	UNKNOWN STEP	2026-10-08T16:14:19.3621761Z test the_parent_commit_texts_are_the_broken_forms_this_change_removes ... ok
stable / test and specification	UNKNOWN STEP	2026-10-08T16:14:19.4510825Z test the_refusals_and_the_instance_field_control_survive ... ok
stable / test and specification	UNKNOWN STEP	2026-10-08T16:14:19.4511621Z 
stable / test and specification	UNKNOWN STEP	2026-10-08T16:14:19.4512590Z test result: ok. 3 passed; 0 failed; 1 ignored; 0 measured; 0 filtered out; finished in 0.43s
stable / test and specification	UNKNOWN STEP	2026-10-08T16:14:19.4513553Z 
stable / test and specification	UNKNOWN STEP	2026-10-08T16:14:19.4522951Z ^[[1m^[[92m     Running^[[0m tests/recover_synthetic_ctor_super_order.rs (target/debug/deps/recover_synthetic_ctor_super_order-032ce195e37a430a)
stable / test and specification	UNKNOWN STEP	2026-10-08T16:14:19.4602873Z 
stable / test and specification	UNKNOWN STEP	2026-10-08T16:14:19.4603178Z running 1 test
stable / test and specification	UNKNOWN STEP	2026-10-08T16:14:20.9121228Z test capture_constructors_are_presented_prologue_first_and_the_family_recompiles ... ok
stable / test and specification	UNKNOWN STEP	2026-10-08T16:14:20.9121660Z 
stable / test and specification	UNKNOWN STEP	2026-10-08T16:14:20.9122041Z test result: ok. 1 passed; 0 failed; 0 ignored; 0 measured; 0 filtered out; finished in 1.45s
stable / test and specification	UNKNOWN STEP	2026-10-08T16:14:20.9122406Z 
stable / test and specification	UNKNOWN STEP	2026-10-08T16:14:20.9131719Z ^[[1m^[[92m     Running^[[0m tests/recover_temporal_argument_widening.rs (target/debug/deps/recover_temporal_argument_widening-7f283ce6663898db)
stable / test and specification	UNKNOWN STEP	2026-10-08T16:14:20.9148160Z 
stable / test and specification	UNKNOWN STEP	2026-10-08T16:14:20.9148531Z running 4 tests
stable / test and specification	UNKNOWN STEP	2026-10-08T16:14:20.9150203Z test every_stripped_anchor_answers_what_its_class_answers ... ignored, needs a JDK on PATH: it strips the class-source comment lines, compiles the text with the installed javac --release 8 (and with a real javac 8 when one is present) and runs both, comparing every answer with the fixture's own class files
stable / test and specification	UNKNOWN STEP	2026-10-08T16:14:20.9551136Z test the_completion_stage_position_is_presented ... ok
stable / test and specification	UNKNOWN STEP	2026-10-08T16:14:20.9908837Z test the_temporal_family_positions_are_presented ... ok
stable / test and specification	UNKNOWN STEP	2026-10-08T16:14:20.9994584Z test the_types_outside_the_closed_rows_still_refuse ... ok
stable / test and specification	UNKNOWN STEP	2026-10-08T16:14:20.9995109Z 
stable / test and specification	UNKNOWN STEP	2026-10-08T16:14:20.9995765Z test result: ok. 3 passed; 0 failed; 1 ignored; 0 measured; 0 filtered out; finished in 0.08s
stable / test and specification	UNKNOWN STEP	2026-10-08T16:14:20.9996396Z 
stable / test and specification	UNKNOWN STEP	2026-10-08T16:14:21.0001959Z ^[[1m^[[92m     Running^[[0m tests/recover_unicode_identifiers.rs (target/debug/deps/recover_unicode_identifiers-acec13e7fbdae4cc)
stable / test and specification	UNKNOWN STEP	2026-10-08T16:14:21.0090173Z 
stable / test and specification	UNKNOWN STEP	2026-10-08T16:14:21.0090408Z running 4 tests
stable / test and specification	UNKNOWN STEP	2026-10-08T16:14:21.0905199Z test a_letter_name_is_spelled_and_a_punctuation_name_keeps_its_alias ... ok
stable / test and specification	UNKNOWN STEP	2026-10-08T16:14:23.2729528Z test the_anchor_round_trips_through_both_javac_legs ... ok
stable / test and specification	UNKNOWN STEP	2026-10-08T16:14:23.3302891Z test the_ascii_presentations_are_byte_for_byte_the_pre_change_ones ... ok
stable / test and specification	UNKNOWN STEP	2026-10-08T16:14:23.9066792Z test the_cjk_declarations_are_presented_as_the_pool_states_them ... ok
stable / test and specification	UNKNOWN STEP	2026-10-08T16:14:23.9067439Z 
stable / test and specification	UNKNOWN STEP	2026-10-08T16:14:23.9068103Z test result: ok. 4 passed; 0 failed; 0 ignored; 0 measured; 0 filtered out; finished in 2.90s
stable / test and specification	UNKNOWN STEP	2026-10-08T16:14:23.9068749Z 
stable / test and specification	UNKNOWN STEP	2026-10-08T16:14:23.9080339Z ^[[1m^[[92m     Running^[[0m tests/recover_write_accessor_field_types.rs (target/debug/deps/recover_write_accessor_field_types-d6df36731a7bb6a6)
stable / test and specification	UNKNOWN STEP	2026-10-08T16:14:23.9167846Z 
stable / test and specification	UNKNOWN STEP	2026-10-08T16:14:23.9168033Z running 9 tests
stable / test and specification	UNKNOWN STEP	2026-10-08T16:14:24.0300227Z test a_descriptor_outside_the_closed_table_keeps_its_refusal ... ok
stable / test and specification	UNKNOWN STEP	2026-10-08T16:14:24.1475799Z test every_broken_structure_keeps_its_refusal_while_the_table_still_generalizes ... ok
stable / test and specification	UNKNOWN STEP	2026-10-08T16:14:24.1566142Z test the_boolean_precedent_renders_byte_identical_to_its_frozen_record ... ok
stable / test and specification	UNKNOWN STEP	2026-10-08T16:14:24.9468967Z test the_control_family_with_other_names_and_both_reference_arms_recovers ... ok
stable / test and specification	UNKNOWN STEP	2026-10-08T16:14:25.0569687Z test the_frozen_baseline_of_the_same_anchor_refused_eight_of_nine ... ok
stable / test and specification	UNKNOWN STEP	2026-10-08T16:14:25.0617199Z test the_instance_long_assignment_sister_renders_byte_identical ... ok
stable / test and specification	UNKNOWN STEP	2026-10-08T16:14:25.1687477Z test the_nine_write_accessor_types_all_recover ... ok
stable / test and specification	UNKNOWN STEP	2026-10-08T16:14:26.1056349Z test the_recovered_wa_text_recompiles_and_prints_the_original_line ... ok
stable / test and specification	UNKNOWN STEP	2026-10-08T16:14:26.1461118Z test the_static_field_accessor_shape_of_real_javac_8_keeps_its_refusal ... ok
stable / test and specification	UNKNOWN STEP	2026-10-08T16:14:26.1461670Z 
stable / test and specification	UNKNOWN STEP	2026-10-08T16:14:26.1462235Z test result: ok. 9 passed; 0 failed; 0 ignored; 0 measured; 0 filtered out; finished in 2.23s
stable / test and specification	UNKNOWN STEP	2026-10-08T16:14:26.1462783Z 
stable / test and specification	UNKNOWN STEP	2026-10-08T16:14:26.1474965Z ^[[1m^[[92m     Running^[[0m tests/same_class_generic_binding.rs (target/debug/deps/same_class_generic_binding-6e4a01a6fa78a89f)
stable / test and specification	UNKNOWN STEP	2026-10-08T16:14:26.1553532Z 
stable / test and specification	UNKNOWN STEP	2026-10-08T16:14:26.1553765Z running 15 tests
stable / test and specification	UNKNOWN STEP	2026-10-08T16:14:27.5833397Z test adjacent_same_arity_overload_keeps_the_binding_refusal ... ok
stable / test and specification	UNKNOWN STEP	2026-10-08T16:14:28.1598863Z test budget_and_cancellation_never_publish_a_partial_binding_projection ... ok
stable / test and specification	UNKNOWN STEP	2026-10-08T16:14:29.5253201Z test deferred_same_class_writer_settles_before_its_generic_field ... ok
stable / test and specification	UNKNOWN STEP	2026-10-08T16:14:30.1117527Z test essential_and_all_evidence_admit_the_same_binding_projections ... ok
stable / test and specification	UNKNOWN STEP	2026-10-08T16:14:31.4550832Z test field_shadowing_projection_keeps_the_own_field_binding ... ok
stable / test and specification	UNKNOWN STEP	2026-10-08T16:14:42.5227066Z test frozen_holder_write_boundaries_recompile_and_match_on_both_javac_legs ... ok
stable / test and specification	UNKNOWN STEP	2026-10-08T16:14:44.6246674Z test generic_field_write_sources_keep_the_frozen_safe_and_unsafe_boundaries ... ok
stable / test and specification	UNKNOWN STEP	2026-10-08T16:14:46.0134786Z test published_raw_class_bound_keeps_its_unchecked_parameterized_field_assignment ... ok
stable / test and specification	UNKNOWN STEP	2026-10-08T16:14:47.6616098Z test raw_reference_parameters_keep_array_and_static_assignments ... ok
stable / test and specification	UNKNOWN STEP	2026-10-08T16:14:48.9550656Z test receiver_consumed_field_read_keeps_the_field_refusal ... ok
stable / test and specification	UNKNOWN STEP	2026-10-08T16:14:50.2522939Z test same_class_field_read_write_proves_binding_and_reflects_like_the_original ... ok
stable / test and specification	UNKNOWN STEP	2026-10-08T16:14:51.6562710Z test same_class_method_call_proves_binding_and_reflects_like_the_original ... ok
stable / test and specification	UNKNOWN STEP	2026-10-08T16:14:52.2673348Z test unconsumed_same_class_pool_entries_do_not_block_projection ... ok
stable / test and specification	UNKNOWN STEP	2026-10-08T16:14:56.9207355Z test unproved_field_write_sources_and_shadowed_types_keep_erased_fields ... ok
stable / test and specification	UNKNOWN STEP	2026-10-08T16:14:56.9426846Z test z1_family_replays_item_by_item_after_the_binding_proof ... ok
stable / test and specification	UNKNOWN STEP	2026-10-08T16:14:56.9428147Z 
stable / test and specification	UNKNOWN STEP	2026-10-08T16:14:56.9429450Z test result: ok. 15 passed; 0 failed; 0 ignored; 0 measured; 0 filtered out; finished in 30.79s
stable / test and specification	UNKNOWN STEP	2026-10-08T16:14:56.9430089Z 
stable / test and specification	UNKNOWN STEP	2026-10-08T16:14:56.9442067Z ^[[1m^[[92m     Running^[[0m tests/static_method_local_generic_throws.rs (target/debug/deps/static_method_local_generic_throws-64f0dd69bc4d5483)
stable / test and specification	UNKNOWN STEP	2026-10-08T16:14:56.9537407Z 
stable / test and specification	UNKNOWN STEP	2026-10-08T16:14:56.9537895Z running 3 tests
stable / test and specification	UNKNOWN STEP	2026-10-08T16:14:57.5094444Z test a_non_jdk_throwable_bound_keeps_the_physical_generic_declaration ... ok
stable / test and specification	UNKNOWN STEP	2026-10-08T16:14:58.0022940Z test direct_return_type_can_also_be_the_local_throws_variable ... ok
stable / test and specification	UNKNOWN STEP	2026-10-08T16:14:59.0235249Z test direct_static_return_with_local_throws_variable_is_projected_atomically ... ok
stable / test and specification	UNKNOWN STEP	2026-10-08T16:14:59.0235934Z 
stable / test and specification	UNKNOWN STEP	2026-10-08T16:14:59.0236564Z test result: ok. 3 passed; 0 failed; 0 ignored; 0 measured; 0 filtered out; finished in 2.07s
stable / test and specification	UNKNOWN STEP	2026-10-08T16:14:59.0237169Z 
stable / test and specification	UNKNOWN STEP	2026-10-08T16:14:59.0246613Z ^[[1m^[[92m     Running^[[0m tests/task_operations.rs (target/debug/deps/task_operations-6a210ade3a6ee327)
stable / test and specification	UNKNOWN STEP	2026-10-08T16:14:59.0340200Z 
stable / test and specification	UNKNOWN STEP	2026-10-08T16:14:59.0340501Z running 33 tests
stable / test and specification	UNKNOWN STEP	2026-10-08T16:14:59.0523309Z test a_body_reference_outside_this_class_is_an_input_error ... ok
stable / test and specification	UNKNOWN STEP	2026-10-08T16:14:59.0549422Z test a_constant_pool_candidate_stays_a_candidate ... ok
stable / test and specification	UNKNOWN STEP	2026-10-08T16:14:59.0561788Z test a_damaged_member_record_isolates_to_its_own_member ... ok
stable / test and specification	UNKNOWN STEP	2026-10-08T16:14:59.0567069Z test a_friendly_name_binds_the_identity_the_direct_request_uses ... ok
stable / test and specification	UNKNOWN STEP	2026-10-08T16:14:59.0636713Z test a_layout_manifest_or_nested_library_is_not_a_load_policy ... ok
stable / test and specification	UNKNOWN STEP	2026-10-08T16:14:59.0640330Z test a_name_that_matches_nothing_is_an_input_error ... ok
stable / test and specification	UNKNOWN STEP	2026-10-08T16:14:59.0673048Z test a_policy_the_validator_rejects_keeps_the_unavailable_state ... ok
stable / test and specification	UNKNOWN STEP	2026-10-08T16:14:59.0964565Z test a_statement_bearing_result_leads_with_content ... ok
stable / test and specification	UNKNOWN STEP	2026-10-08T16:14:59.0974920Z test a_stopped_selection_publishes_zero_or_more_candidates_and_runs_nothing ... ok
stable / test and specification	UNKNOWN STEP	2026-10-08T16:14:59.1006429Z test a_sub_call_becomes_a_resolved_declaration_only_under_an_environment ... ok
stable / test and specification	UNKNOWN STEP	2026-10-08T16:14:59.1018404Z test a_tight_override_stops_with_the_terminating_dimension ... ok
stable / test and specification	UNKNOWN STEP	2026-10-08T16:14:59.1038475Z test a_view_with_one_stopped_body_is_not_complete_and_keeps_the_other_body ... ok
stable / test and specification	UNKNOWN STEP	2026-10-08T16:14:59.1043051Z test an_ambiguous_body_name_returns_candidates_and_reads_no_body ... ok
stable / test and specification	UNKNOWN STEP	2026-10-08T16:14:59.1054744Z test an_ambiguous_class_name_returns_candidates_and_runs_nothing ... ok
stable / test and specification	UNKNOWN STEP	2026-10-08T16:14:59.1064944Z test an_ambiguous_member_name_returns_candidates_and_runs_nothing ... ok
stable / test and specification	UNKNOWN STEP	2026-10-08T16:14:59.1148911Z test an_explanation_only_result_and_a_stop_are_presented_in_order ... ok
stable / test and specification	UNKNOWN STEP	2026-10-08T16:14:59.1160090Z test an_explicit_short_stage_list_keeps_its_own_schedule ... ok
stable / test and specification	UNKNOWN STEP	2026-10-08T16:14:59.1163244Z test an_identity_of_another_snapshot_is_an_input_error ... ok
stable / test and specification	UNKNOWN STEP	2026-10-08T16:14:59.1167547Z test an_identity_that_does_not_match_its_bytes_is_refused ... ok
stable / test and specification	UNKNOWN STEP	2026-10-08T16:14:59.1203956Z test an_unfinished_name_search_is_neither_a_unique_nor_a_missing_target ... ok
stable / test and specification	UNKNOWN STEP	2026-10-08T16:14:59.1205446Z test an_unknown_or_zero_override_is_an_input_error ... ok
stable / test and specification	UNKNOWN STEP	2026-10-08T16:14:59.1207189Z test every_counted_dimension_and_the_clock_can_be_overridden_by_name ... ok
stable / test and specification	UNKNOWN STEP	2026-10-08T16:14:59.1214987Z test grouping_does_not_complete_an_unresolved_candidate ... ok
stable / test and specification	UNKNOWN STEP	2026-10-08T16:14:59.1229181Z test one_report_groups_body_class_level_and_resource_hits_by_owner ... ok
stable / test and specification	UNKNOWN STEP	2026-10-08T16:14:59.1231878Z test opening_a_snapshot_reads_no_class_and_builds_nothing ... ok
stable / test and specification	UNKNOWN STEP	2026-10-08T16:14:59.1277043Z test repeated_operations_over_one_snapshot_are_identical ... ok
stable / test and specification	UNKNOWN STEP	2026-10-08T16:14:59.1284683Z test the_class_view_reads_one_header_one_listing_and_only_the_requested_bodies ... ok
stable / test and specification	UNKNOWN STEP	2026-10-08T16:14:59.1288318Z test the_default_budget_is_bounded_and_overrides_replace_one_dimension ... ok
stable / test and specification	UNKNOWN STEP	2026-10-08T16:14:59.1294026Z test the_explicit_classpath_order_decides ... ok
stable / test and specification	UNKNOWN STEP	2026-10-08T16:14:59.1317978Z test the_operation_publishes_its_stages_and_explicit_stages_reproduce_the_schedule ... ok
stable / test and specification	UNKNOWN STEP	2026-10-08T16:14:59.1322679Z test the_plain_jar_policy_activates_no_nested_library ... ok
stable / test and specification	UNKNOWN STEP	2026-10-08T16:14:59.1383442Z test the_presentation_does_not_re_read_the_text ... ok
stable / test and specification	UNKNOWN STEP	2026-10-08T16:14:59.1386124Z test the_single_class_policy_declares_its_own_root ... ok
stable / test and specification	UNKNOWN STEP	2026-10-08T16:14:59.1386507Z 
stable / test and specification	UNKNOWN STEP	2026-10-08T16:14:59.1386992Z test result: ok. 33 passed; 0 failed; 0 ignored; 0 measured; 0 filtered out; finished in 0.11s
stable / test and specification	UNKNOWN STEP	2026-10-08T16:14:59.1387469Z 
stable / test and specification	UNKNOWN STEP	2026-10-08T16:14:59.1401980Z ^[[1m^[[92m     Running^[[0m unittests examples/bulk_scope_sweep.rs (target/debug/examples/bulk_scope_sweep-839892d70a064184)
stable / test and specification	UNKNOWN STEP	2026-10-08T16:14:59.1433352Z 
stable / test and specification	UNKNOWN STEP	2026-10-08T16:14:59.1433523Z running 0 tests
stable / test and specification	UNKNOWN STEP	2026-10-08T16:14:59.1433687Z 
stable / test and specification	UNKNOWN STEP	2026-10-08T16:14:59.1435338Z test result: ok. 0 passed; 0 failed; 0 ignored; 0 measured; 0 filtered out; finished in 0.00s
stable / test and specification	UNKNOWN STEP	2026-10-08T16:14:59.1436022Z 
stable / test and specification	UNKNOWN STEP	2026-10-08T16:14:59.1437598Z ^[[1m^[[92m     Running^[[0m unittests examples/class_source_file.rs (target/debug/examples/class_source_file-88020351c214656e)
stable / test and specification	UNKNOWN STEP	2026-10-08T16:14:59.1446955Z 
stable / test and specification	UNKNOWN STEP	2026-10-08T16:14:59.1447184Z running 0 tests
stable / test and specification	UNKNOWN STEP	2026-10-08T16:14:59.1447428Z 
stable / test and specification	UNKNOWN STEP	2026-10-08T16:14:59.1447851Z test result: ok. 0 passed; 0 failed; 0 ignored; 0 measured; 0 filtered out; finished in 0.00s
stable / test and specification	UNKNOWN STEP	2026-10-08T16:14:59.1448501Z 
stable / test and specification	UNKNOWN STEP	2026-10-08T16:14:59.1449698Z ^[[1m^[[92m     Running^[[0m unittests examples/demand_workloads.rs (target/debug/examples/demand_workloads-7de0b5684455d325)
stable / test and specification	UNKNOWN STEP	2026-10-08T16:14:59.1484783Z 
stable / test and specification	UNKNOWN STEP	2026-10-08T16:14:59.1485004Z running 0 tests
stable / test and specification	UNKNOWN STEP	2026-10-08T16:14:59.1485262Z 
stable / test and specification	UNKNOWN STEP	2026-10-08T16:14:59.1486059Z test result: ok. 0 passed; 0 failed; 0 ignored; 0 measured; 0 filtered out; finished in 0.00s
stable / test and specification	UNKNOWN STEP	2026-10-08T16:14:59.1486751Z 
stable / test and specification	UNKNOWN STEP	2026-10-08T16:14:59.1488821Z ^[[1m^[[92m     Running^[[0m unittests examples/inspect_class_header.rs (target/debug/examples/inspect_class_header-3bada67b5972c437)
stable / test and specification	UNKNOWN STEP	2026-10-08T16:14:59.1521225Z 
stable / test and specification	UNKNOWN STEP	2026-10-08T16:14:59.1521428Z running 0 tests
stable / test and specification	UNKNOWN STEP	2026-10-08T16:14:59.1521676Z 
stable / test and specification	UNKNOWN STEP	2026-10-08T16:14:59.1522364Z test result: ok. 0 passed; 0 failed; 0 ignored; 0 measured; 0 filtered out; finished in 0.00s
stable / test and specification	UNKNOWN STEP	2026-10-08T16:14:59.1523029Z 
stable / test and specification	UNKNOWN STEP	2026-10-08T16:14:59.1524434Z ^[[1m^[[92m     Running^[[0m unittests examples/navigate_artifact.rs (target/debug/examples/navigate_artifact-9f51b233fa45cbb6)
stable / test and specification	UNKNOWN STEP	2026-10-08T16:14:59.1554536Z 
stable / test and specification	UNKNOWN STEP	2026-10-08T16:14:59.1554733Z running 0 tests
stable / test and specification	UNKNOWN STEP	2026-10-08T16:14:59.1554975Z 
stable / test and specification	UNKNOWN STEP	2026-10-08T16:14:59.1556325Z test result: ok. 0 passed; 0 failed; 0 ignored; 0 measured; 0 filtered out; finished in 0.00s
stable / test and specification	UNKNOWN STEP	2026-10-08T16:14:59.1556807Z 
stable / test and specification	UNKNOWN STEP	2026-10-08T16:14:59.1559145Z ^[[1m^[[92m     Running^[[0m unittests examples/resolve_and_analyze.rs (target/debug/examples/resolve_and_analyze-d671ccbb3c5feded)
stable / test and specification	UNKNOWN STEP	2026-10-08T16:14:59.1587661Z 
stable / test and specification	UNKNOWN STEP	2026-10-08T16:14:59.1587861Z running 0 tests
stable / test and specification	UNKNOWN STEP	2026-10-08T16:14:59.1588149Z 
stable / test and specification	UNKNOWN STEP	2026-10-08T16:14:59.1588708Z test result: ok. 0 passed; 0 failed; 0 ignored; 0 measured; 0 filtered out; finished in 0.00s
stable / test and specification	UNKNOWN STEP	2026-10-08T16:14:59.1589528Z 
stable / test and specification	UNKNOWN STEP	2026-10-08T16:14:59.1590505Z ^[[1m^[[92m     Running^[[0m unittests examples/task_operations.rs (target/debug/examples/task_operations-8f10192ee1fd0dd9)
stable / test and specification	UNKNOWN STEP	2026-10-08T16:14:59.1634939Z 
stable / test and specification	UNKNOWN STEP	2026-10-08T16:14:59.1635171Z running 0 tests
stable / test and specification	UNKNOWN STEP	2026-10-08T16:14:59.1635433Z 
stable / test and specification	UNKNOWN STEP	2026-10-08T16:14:59.1636207Z test result: ok. 0 passed; 0 failed; 0 ignored; 0 measured; 0 filtered out; finished in 0.00s
stable / test and specification	UNKNOWN STEP	2026-10-08T16:14:59.1636956Z 
stable / test and specification	UNKNOWN STEP	2026-10-08T16:14:59.1637891Z ^[[1m^[[92m     Running^[[0m unittests src/main.rs (target/debug/deps/jarde_cli-c06273ed30e242ef)
stable / test and specification	UNKNOWN STEP	2026-10-08T16:14:59.1669416Z 
stable / test and specification	UNKNOWN STEP	2026-10-08T16:14:59.1669652Z running 5 tests
stable / test and specification	UNKNOWN STEP	2026-10-08T16:14:59.1673563Z test export::tests::a_later_output_budget_does_not_replace_another_first_stop ... ok
stable / test and specification	UNKNOWN STEP	2026-10-08T16:14:59.1675459Z test export::tests::a_secondary_cancellation_does_not_replace_the_first_ir_items_budget_stop ... ok
stable / test and specification	UNKNOWN STEP	2026-10-08T16:14:59.1677216Z test export::tests::an_external_cancellation_remains_the_report_reason ... ok
stable / test and specification	UNKNOWN STEP	2026-10-08T16:14:59.1678070Z test export::tests::an_output_io_failure_remains_primary ... ok
stable / test and specification	UNKNOWN STEP	2026-10-08T16:14:59.1679637Z test export::tests::the_matching_delivery_output_budget_keeps_its_numeric_details ... ok
stable / test and specification	UNKNOWN STEP	2026-10-08T16:14:59.1680354Z 
stable / test and specification	UNKNOWN STEP	2026-10-08T16:14:59.1680969Z test result: ok. 5 passed; 0 failed; 0 ignored; 0 measured; 0 filtered out; finished in 0.00s
stable / test and specification	UNKNOWN STEP	2026-10-08T16:14:59.1681731Z 
stable / test and specification	UNKNOWN STEP	2026-10-08T16:14:59.1682556Z ^[[1m^[[92m     Running^[[0m tests/artifact_tree_cli.rs (target/debug/deps/artifact_tree_cli-3dd2b8cde399fb29)
stable / test and specification	UNKNOWN STEP	2026-10-08T16:14:59.1748819Z 
stable / test and specification	UNKNOWN STEP	2026-10-08T16:14:59.1749038Z running 6 tests
stable / test and specification	UNKNOWN STEP	2026-10-08T16:14:59.2306592Z test a_partial_tree_is_the_libraries_own_prefix ... ok
stable / test and specification	UNKNOWN STEP	2026-10-08T16:14:59.3433100Z test cli_enumeration_then_recovery_binds_a_war_class_and_names_its_physical_path ... ok
stable / test and specification	UNKNOWN STEP	2026-10-08T16:14:59.3518728Z test ordinary_enumeration_still_does_not_recurse_and_the_tree_operation_does ... ok
stable / test and specification	UNKNOWN STEP	2026-10-08T16:14:59.3613180Z test the_operation_declares_no_roots_and_echoes_the_opened_snapshot ... ok
stable / test and specification	UNKNOWN STEP	2026-10-08T16:14:59.3796909Z test the_same_mechanism_binds_a_boot_inf_classes_sample ... ok
stable / test and specification	UNKNOWN STEP	2026-10-08T16:14:59.3857893Z test the_tree_operation_returns_the_library_report_unchanged ... ok
stable / test and specification	UNKNOWN STEP	2026-10-08T16:14:59.3858459Z 
stable / test and specification	UNKNOWN STEP	2026-10-08T16:14:59.3858878Z test result: ok. 6 passed; 0 failed; 0 ignored; 0 measured; 0 filtered out; finished in 0.21s
stable / test and specification	UNKNOWN STEP	2026-10-08T16:14:59.3859273Z 
stable / test and specification	UNKNOWN STEP	2026-10-08T16:14:59.3867214Z ^[[1m^[[92m     Running^[[0m tests/class_source_cli.rs (target/debug/deps/class_source_cli-fee4d0638e2fb04b)
stable / test and specification	UNKNOWN STEP	2026-10-08T16:14:59.3951750Z 
stable / test and specification	UNKNOWN STEP	2026-10-08T16:14:59.3952095Z running 17 tests
stable / test and specification	UNKNOWN STEP	2026-10-08T16:14:59.4067709Z test a_budget_override_this_command_cannot_read_is_a_usage_error ... ok
stable / test and specification	UNKNOWN STEP	2026-10-08T16:14:59.4110626Z test a_class_parameter_that_is_not_a_definition_is_a_usage_error ... ok
stable / test and specification	UNKNOWN STEP	2026-10-08T16:14:59.4602408Z test a_definition_of_another_artifact_is_a_usage_error ... ok
stable / test and specification	UNKNOWN STEP	2026-10-08T16:14:59.4836581Z test a_member_that_cannot_be_spelled_is_stated_in_the_text ... ok
stable / test and specification	UNKNOWN STEP	2026-10-08T16:14:59.4918945Z test a_member_without_a_body_and_a_stopped_member_are_marked_in_the_text ... ok
stable / test and specification	UNKNOWN STEP	2026-10-08T16:14:59.4946241Z test a_missing_class_parameter_is_a_usage_error ... ok
stable / test and specification	UNKNOWN STEP	2026-10-08T16:14:59.5383448Z test a_name_two_definitions_answer_to_exits_three ... ok
stable / test and specification	UNKNOWN STEP	2026-10-08T16:14:59.5420807Z test a_policy_that_does_not_fit_the_input_is_a_usage_error ... ok
stable / test and specification	UNKNOWN STEP	2026-10-08T16:14:59.5449168Z test an_unknown_evidence_category_is_a_usage_error ... ok
stable / test and specification	UNKNOWN STEP	2026-10-08T16:14:59.5538763Z test class_source_defaults_to_the_source_map_needed_by_derived_ranges ... ok
stable / test and specification	UNKNOWN STEP	2026-10-08T16:14:59.5783646Z test every_category_of_the_vocabulary_is_a_selection_this_entry_answers ... ok
stable / test and specification	UNKNOWN STEP	2026-10-08T16:14:59.6805262Z test member_family_json_keeps_derived_ranges_and_two_physical_definitions ... ok
stable / test and specification	UNKNOWN STEP	2026-10-08T16:14:59.6945675Z test the_command_reads_no_standard_input ... ok
stable / test and specification	UNKNOWN STEP	2026-10-08T16:14:59.7102483Z test the_json_mode_is_the_librarys_own_document ... ok
stable / test and specification	UNKNOWN STEP	2026-10-08T16:14:59.7322030Z test the_output_file_receives_the_same_document_as_standard_output ... ok
stable / test and specification	UNKNOWN STEP	2026-10-08T16:14:59.7583986Z test the_same_command_twice_writes_the_same_bytes ... ok
stable / test and specification	UNKNOWN STEP	2026-10-08T16:14:59.7768896Z test the_text_mode_writes_the_librarys_own_source ... ok
stable / test and specification	UNKNOWN STEP	2026-10-08T16:14:59.7769314Z 
stable / test and specification	UNKNOWN STEP	2026-10-08T16:14:59.7769704Z test result: ok. 17 passed; 0 failed; 0 ignored; 0 measured; 0 filtered out; finished in 0.38s
stable / test and specification	UNKNOWN STEP	2026-10-08T16:14:59.7770080Z 
stable / test and specification	UNKNOWN STEP	2026-10-08T16:14:59.7779303Z ^[[1m^[[92m     Running^[[0m tests/export_cli.rs (target/debug/deps/export_cli-a058f16441e2f828)
stable / test and specification	UNKNOWN STEP	2026-10-08T16:14:59.7856159Z 
stable / test and specification	UNKNOWN STEP	2026-10-08T16:14:59.7856391Z running 11 tests
stable / test and specification	UNKNOWN STEP	2026-10-08T16:15:02.5531796Z test a_counted_dimension_override_is_accepted_and_stops_the_run_at_that_dimension ... ok
stable / test and specification	UNKNOWN STEP	2026-10-08T16:15:02.6898678Z test a_roots_document_declares_the_same_roots_as_repeated_root_arguments ... ok
stable / test and specification	UNKNOWN STEP	2026-10-08T16:15:02.7258073Z test a_small_allowance_keeps_a_readable_prefix_and_never_confirms_completeness ... ok
stable / test and specification	UNKNOWN STEP	2026-10-08T16:15:05.4232693Z test a_whole_package_reaches_its_final_under_the_commands_own_defaults ... ok
stable / test and specification	UNKNOWN STEP	2026-10-08T16:15:05.4569270Z test a_zero_or_unknown_dimension_is_refused_before_anything_is_read ... ok
stable / test and specification	UNKNOWN STEP	2026-10-08T16:15:05.4603082Z test an_existing_output_is_refused_and_left_exactly_as_it_was ... ok
stable / test and specification	UNKNOWN STEP	2026-10-08T16:15:05.4758777Z test an_incomplete_traversal_reaches_a_final_and_exits_four ... ok
stable / test and specification	UNKNOWN STEP	2026-10-08T16:15:05.5466465Z test auto_and_one_worker_finish_in_one_process_and_the_header_reports_the_configuration ... ok
stable / test and specification	UNKNOWN STEP	2026-10-08T16:15:05.6057032Z test every_record_of_the_stream_is_the_library_value_of_the_same_run ... ok
stable / test and specification	UNKNOWN STEP	2026-10-08T16:15:05.6925980Z test one_account_bounds_the_library_and_the_stream_at_every_job_setting ... ok
stable / test and specification	UNKNOWN STEP	2026-10-08T16:15:05.7004157Z test zero_and_nonnumeric_jobs_are_usage_errors_that_create_no_file ... ok
stable / test and specification	UNKNOWN STEP	2026-10-08T16:15:05.7004517Z 
stable / test and specification	UNKNOWN STEP	2026-10-08T16:15:05.7005178Z test result: ok. 11 passed; 0 failed; 0 ignored; 0 measured; 0 filtered out; finished in 5.91s
stable / test and specification	UNKNOWN STEP	2026-10-08T16:15:05.7005558Z 
stable / test and specification	UNKNOWN STEP	2026-10-08T16:15:05.7017169Z ^[[1m^[[92m     Running^[[0m tests/json_cli.rs (target/debug/deps/json_cli-ec29ad7e6dc436d2)
stable / test and specification	UNKNOWN STEP	2026-10-08T16:15:05.7105225Z 
stable / test and specification	UNKNOWN STEP	2026-10-08T16:15:05.7105546Z running 17 tests
stable / test and specification	UNKNOWN STEP	2026-10-08T16:15:05.7338282Z test a_method_analysis_stop_is_the_payload_of_a_successful_response ... ok
stable / test and specification	UNKNOWN STEP	2026-10-08T16:15:05.7835456Z test a_presented_accessor_and_the_members_it_reads_cross_the_wire ... ok
stable / test and specification	UNKNOWN STEP	2026-10-08T16:15:05.7909697Z test a_recovery_request_that_asks_for_no_ssa_stops_inside_a_successful_response ... ok
stable / test and specification	UNKNOWN STEP	2026-10-08T16:15:05.7945018Z test empty_zip_enumeration_uses_the_open_snapshot ... ok
stable / test and specification	UNKNOWN STEP	2026-10-08T16:15:05.7998132Z test entry_target_rejects_ordinal_shortcuts_and_incomplete_metadata ... ok
stable / test and specification	UNKNOWN STEP	2026-10-08T16:15:05.7999212Z test functional_constructor_arguments_replay_the_complete_class_on_both_jdks ... ignored, external dual-javac full-class replay; run explicitly for recovery evidence
stable / test and specification	UNKNOWN STEP	2026-10-08T16:15:05.8036535Z test handler_budget_stop_serializes_ordinal_and_record_offset ... ok
stable / test and specification	UNKNOWN STEP	2026-10-08T16:15:05.8078868Z test header_matches_direct_engine_without_java_runtime ... ok
stable / test and specification	UNKNOWN STEP	2026-10-08T16:15:05.8120185Z test invalid_bytecode_remains_an_ok_partial_core_report ... ok
stable / test and specification	UNKNOWN STEP	2026-10-08T16:15:05.8171674Z test malformed_and_unknown_request_json_are_protocol_errors ... ok
stable / test and specification	UNKNOWN STEP	2026-10-08T16:15:05.8227976Z test method_analysis_matches_direct_engine_field_by_field ... ok
stable / test and specification	UNKNOWN STEP	2026-10-08T16:15:05.8337733Z test method_protocol_errors_are_transport_errors ... ok
stable / test and specification	UNKNOWN STEP	2026-10-08T16:15:05.8431036Z test output_budget_exact_boundary_and_failure_are_atomic ... ok
stable / test and specification	UNKNOWN STEP	2026-10-08T16:15:05.8559789Z test recovery_matches_the_library_entry_field_by_field ... ok
stable / test and specification	UNKNOWN STEP	2026-10-08T16:15:05.8606018Z test request_larger_than_one_mib_is_rejected_before_json_parsing ... ok
stable / test and specification	UNKNOWN STEP	2026-10-08T16:15:05.9055008Z test the_nested_eval_sample_crosses_the_wire_field_by_field ... ok
stable / test and specification	UNKNOWN STEP	2026-10-08T16:15:05.9715821Z test the_refused_cast_sample_crosses_the_wire_field_by_field ... ok
stable / test and specification	UNKNOWN STEP	2026-10-08T16:15:05.9716400Z 
stable / test and specification	UNKNOWN STEP	2026-10-08T16:15:05.9717094Z test result: ok. 16 passed; 0 failed; 1 ignored; 0 measured; 0 filtered out; finished in 0.26s
stable / test and specification	UNKNOWN STEP	2026-10-08T16:15:05.9717754Z 
stable / test and specification	UNKNOWN STEP	2026-10-08T16:15:05.9726735Z ^[[1m^[[92m     Running^[[0m tests/query_cli.rs (target/debug/deps/query_cli-5e3e4043817e16c8)
stable / test and specification	UNKNOWN STEP	2026-10-08T16:15:05.9788555Z 
stable / test and specification	UNKNOWN STEP	2026-10-08T16:15:05.9788798Z running 11 tests
stable / test and specification	UNKNOWN STEP	2026-10-08T16:15:05.9907328Z test cancellation_is_library_state_because_the_cli_request_has_no_token ... ok
stable / test and specification	UNKNOWN STEP	2026-10-08T16:15:06.0101150Z test cursor_for_another_target_is_rejected_by_the_cli ... ok
stable / test and specification	UNKNOWN STEP	2026-10-08T16:15:06.0289688Z test cursor_mismatch_uses_the_stable_error_code ... ok
stable / test and specification	UNKNOWN STEP	2026-10-08T16:15:06.0461613Z test pagination_continuation_reproduces_one_full_scan ... ok
stable / test and specification	UNKNOWN STEP	2026-10-08T16:15:06.0604529Z test physical_scope_declares_snapshot_all_or_the_artifact_tree ... ok
stable / test and specification	UNKNOWN STEP	2026-10-08T16:15:06.0855307Z test protocol_errors_use_the_existing_error_contract ... ok
stable / test and specification	UNKNOWN STEP	2026-10-08T16:15:06.1077330Z test query_report_matches_the_library_field_by_field ... ok
stable / test and specification	UNKNOWN STEP	2026-10-08T16:15:06.1123164Z test result_item_budget_keeps_the_reliable_prefix_and_names_the_dimension ... ok
stable / test and specification	UNKNOWN STEP	2026-10-08T16:15:06.1213064Z test stdout_contract_and_output_budget ... ok
stable / test and specification	UNKNOWN STEP	2026-10-08T16:15:06.1268830Z test unimplemented_consumer_categories_stay_visible_in_the_cli_report ... ok
stable / test and specification	UNKNOWN STEP	2026-10-08T16:15:06.1427525Z test unsupported_relation_is_an_analysis_state_not_an_error_or_a_no_match ... ok
stable / test and specification	UNKNOWN STEP	2026-10-08T16:15:06.1428172Z 
stable / test and specification	UNKNOWN STEP	2026-10-08T16:15:06.1428826Z test result: ok. 11 passed; 0 failed; 0 ignored; 0 measured; 0 filtered out; finished in 0.16s
stable / test and specification	UNKNOWN STEP	2026-10-08T16:15:06.1429499Z 
stable / test and specification	UNKNOWN STEP	2026-10-08T16:15:06.1431774Z ^[[1m^[[92m     Running^[[0m tests/task_cli.rs (target/debug/deps/task_cli-dd27fff453f962ac)
stable / test and specification	UNKNOWN STEP	2026-10-08T16:15:06.1516253Z 
stable / test and specification	UNKNOWN STEP	2026-10-08T16:15:06.1516527Z running 16 tests
stable / test and specification	UNKNOWN STEP	2026-10-08T16:15:08.0845800Z test a_deep_concatenation_chain_answers_in_a_subprocess ... ok
stable / test and specification	UNKNOWN STEP	2026-10-08T16:15:09.6165597Z test a_deep_concatenation_chain_is_presented_by_a_bulk_worker ... ok
stable / test and specification	UNKNOWN STEP	2026-10-08T16:15:09.6258353Z test a_recovery_that_used_to_abort_the_process_exits_with_a_report ... ok
stable / test and specification	UNKNOWN STEP	2026-10-08T16:15:09.6420809Z test a_stopped_body_is_an_incomplete_view_from_the_librarys_own_plane ... ok
stable / test and specification	UNKNOWN STEP	2026-10-08T16:15:09.6728638Z test an_unfinished_name_selection_exits_four_and_is_the_librarys_own_document ... ok
stable / test and specification	UNKNOWN STEP	2026-10-08T16:15:09.6871259Z test diagnostics_stay_out_of_the_recovered_body ... ok
stable / test and specification	UNKNOWN STEP	2026-10-08T16:15:09.7032710Z test every_task_document_is_the_librarys_own ... ok
stable / test and specification	UNKNOWN STEP	2026-10-08T16:15:09.7275121Z test exit_statuses_are_explicit_and_a_stopped_run_is_never_success ... ok
stable / test and specification	UNKNOWN STEP	2026-10-08T16:15:09.7639852Z test navigation_uses_the_library_listings_and_the_caller_declared_scope ... ok
stable / test and specification	UNKNOWN STEP	2026-10-08T16:15:09.8129406Z test text_and_json_are_one_report ... ok
stable / test and specification	UNKNOWN STEP	2026-10-08T16:15:09.8314558Z test the_class_view_charges_one_body_per_requested_body ... ok
stable / test and specification	UNKNOWN STEP	2026-10-08T16:15:09.8316287Z test the_deep_chain_answers_in_the_optimized_build ... ignored, explicit gate: build the optimized CLI with `cargo build --release -p jarde-cli --locked`
stable / test and specification	UNKNOWN STEP	2026-10-08T16:15:09.8318586Z test the_deep_chain_reaches_a_bulk_worker_in_the_optimized_build ... ignored, explicit gate: build the optimized CLI with `cargo build --release -p jarde-cli --locked`
stable / test and specification	UNKNOWN STEP	2026-10-08T16:15:09.8378029Z test the_legacy_operations_remain_their_own_surface ... ok
stable / test and specification	UNKNOWN STEP	2026-10-08T16:15:09.8707447Z test the_output_file_carries_exactly_what_standard_output_would ... ok
stable / test and specification	UNKNOWN STEP	2026-10-08T16:15:09.9269051Z test the_task_chain_runs_over_the_identities_the_listings_printed ... ok
stable / test and specification	UNKNOWN STEP	2026-10-08T16:15:09.9269815Z 
stable / test and specification	UNKNOWN STEP	2026-10-08T16:15:09.9270483Z test result: ok. 14 passed; 0 failed; 2 ignored; 0 measured; 0 filtered out; finished in 3.78s
stable / test and specification	UNKNOWN STEP	2026-10-08T16:15:09.9271117Z 
stable / test and specification	UNKNOWN STEP	2026-10-08T16:15:09.9279383Z ^[[1m^[[92m     Running^[[0m unittests src/lib.rs (target/debug/deps/jarde_java-2c27823e5da061f3)
stable / test and specification	UNKNOWN STEP	2026-10-08T16:15:09.9292886Z 
stable / test and specification	UNKNOWN STEP	2026-10-08T16:15:09.9293119Z running 291 tests
stable / test and specification	UNKNOWN STEP	2026-10-08T16:15:09.9296201Z test accessor::tests::the_marker_decides_whether_a_call_is_worth_a_verdict_and_nothing_else ... ok
stable / test and specification	UNKNOWN STEP	2026-10-08T16:15:09.9299077Z test artifact::tests::every_contract_dimension_is_compared ... ok
stable / test and specification	UNKNOWN STEP	2026-10-08T16:15:09.9300404Z test artifact::tests::the_configuration_states_the_rule_table_this_build_registers ... ok
stable / test and specification	UNKNOWN STEP	2026-10-08T16:15:09.9301494Z test artifact::tests::the_text_identity_is_a_digest_and_not_a_length ... ok
stable / test and specification	UNKNOWN STEP	2026-10-08T16:15:09.9302447Z test ast::tests::a_class_literal_expression_presents_the_class_type ... ok
stable / test and specification	UNKNOWN STEP	2026-10-08T16:15:09.9304058Z test ast::tests::a_node_carries_its_own_anchors ... ok
stable / test and specification	UNKNOWN STEP	2026-10-08T16:15:09.9305286Z test ast::tests::bitwise_types_require_two_booleans_or_integral_operands ... ok
stable / test and specification	UNKNOWN STEP	2026-10-08T16:15:09.9306230Z test ast::tests::floating_leaves_present_their_own_type_from_their_own_bits ... ok
stable / test and specification	UNKNOWN STEP	2026-10-08T16:15:09.9307450Z test ast::tests::logical_operators_require_boolean_operands ... ok
stable / test and specification	UNKNOWN STEP	2026-10-08T16:15:09.9308557Z test ast::tests::shift_result_width_comes_only_from_integral_left_operand ... ok
stable / test and specification	UNKNOWN STEP	2026-10-08T16:15:09.9309564Z test ast::tests::the_subset_spells_the_operators_and_types_it_claims ... ok
stable / test and specification	UNKNOWN STEP	2026-10-08T16:15:09.9310615Z test bridge::tests::class_source_candidate_obeys_budget_and_cancellation ... ok
stable / test and specification	UNKNOWN STEP	2026-10-08T16:15:09.9311708Z test bridge::tests::only_a_declared_bridge_is_this_rules_business ... ok
stable / test and specification	UNKNOWN STEP	2026-10-08T16:15:09.9337070Z test build::tests::a_closed_nan_negation_saves_its_operand_so_the_real_operation_stays_runtime ... ok
stable / test and specification	UNKNOWN STEP	2026-10-08T16:15:09.9338447Z test build::tests::a_concatenation_part_states_the_widening_its_own_append_performed ... ok
stable / test and specification	UNKNOWN STEP	2026-10-08T16:15:09.9501842Z test build::tests::a_conditional_proof_binds_each_straight_arm_to_one_stack_phi_and_consumer ... ok
stable / test and specification	UNKNOWN STEP	2026-10-08T16:15:09.9503412Z test build::tests::a_descriptor_that_states_a_type_is_spelled_as_java_source ... ok
stable / test and specification	UNKNOWN STEP	2026-10-08T16:15:09.9504782Z test build::tests::a_name_that_states_no_java_type_is_refused_rather_than_written ... ok
stable / test and specification	UNKNOWN STEP	2026-10-08T16:15:09.9530187Z test build::tests::a_nested_value_carried_into_a_later_argument_is_not_published_as_a_tree ... ok
stable / test and specification	UNKNOWN STEP	2026-10-08T16:15:09.9531795Z test build::tests::a_position_converts_what_a_widening_conversion_states_and_nothing_else ... ok
stable / test and specification	UNKNOWN STEP	2026-10-08T16:15:09.9533059Z test build::tests::a_position_writes_an_implicit_widening_as_the_value_itself ... ok
stable / test and specification	UNKNOWN STEP	2026-10-08T16:15:09.9550591Z test build::tests::a_proved_member_construction_keeps_the_qualifier_and_hides_only_the_physical_prefix ... ok
stable / test and specification	UNKNOWN STEP	2026-10-08T16:15:09.9574395Z test build::tests::a_switch_join_is_not_admitted_as_an_if_conditional_value ... ok
stable / test and specification	UNKNOWN STEP	2026-10-08T16:15:09.9599833Z test build::tests::a_three_leaf_nested_conditional_is_published_as_one_value ... ok
stable / test and specification	UNKNOWN STEP	2026-10-08T16:15:09.9624289Z test build::tests::an_external_edge_into_a_nested_test_keeps_the_region_quoted ... ok
stable / test and specification	UNKNOWN STEP	2026-10-08T16:15:09.9625309Z test build::tests::an_immediate_functional_receiver_is_typed_only_by_its_same_interface_owner ... ok
stable / test and specification	UNKNOWN STEP	2026-10-08T16:15:09.9626982Z test build::tests::an_immediate_functional_receiver_refuses_missing_mismatched_and_unsupported_types ... ok
stable / test and specification	UNKNOWN STEP	2026-10-08T16:15:09.9651360Z test build::tests::an_independent_effect_before_a_nested_if_prevents_tree_folding ... ok
stable / test and specification	UNKNOWN STEP	2026-10-08T16:15:09.9674892Z test build::tests::an_int_ireturn_preserves_its_literal_values ... ok
stable / test and specification	UNKNOWN STEP	2026-10-08T16:15:09.9685565Z test build::tests::an_unpresentable_nan_bit_pattern_is_refused_at_its_own_bci ... ok
stable / test and specification	UNKNOWN STEP	2026-10-08T16:15:09.9708642Z test build::tests::an_unproven_common_reference_type_refuses_the_complete_tree ... ok
stable / test and specification	UNKNOWN STEP	2026-10-08T16:15:09.9709873Z test build::tests::array_reference_widening_uses_only_bounded_component_evidence ... ok
stable / test and specification	UNKNOWN STEP	2026-10-08T16:15:09.9711090Z test build::tests::array_store_opcode_matches_the_exact_primitive_component ... ok
stable / test and specification	UNKNOWN STEP	2026-10-08T16:15:09.9712200Z test build::tests::boolean_iinc_cannot_justify_a_cross_catch_java_declaration ... ok
stable / test and specification	UNKNOWN STEP	2026-10-08T16:15:09.9739836Z test build::tests::carried_constructor_argument_keeps_both_conditionals_and_all_origins ... ok
stable / test and specification	UNKNOWN STEP	2026-10-08T16:15:09.9788196Z test build::tests::cf04_int_return_refuses_a_non_literal_producer ... ok
stable / test and specification	UNKNOWN STEP	2026-10-08T16:15:09.9860091Z test build::tests::cf04_int_return_refuses_extra_consumer_and_handler_edges ... ok
stable / test and specification	UNKNOWN STEP	2026-10-08T16:15:09.9886436Z test build::tests::cf04_nested_int_return_has_one_closed_value_and_physical_origin ... ok
stable / test and specification	UNKNOWN STEP	2026-10-08T16:15:09.9888296Z test build::tests::class_literal_qualifiers_are_refused_only_when_the_current_type_shadows_the_root ... ok
stable / test and specification	UNKNOWN STEP	2026-10-08T16:15:09.9890549Z test build::tests::explicit_conversion_source_categories_accept_int_family_but_reject_boolean ... ok
stable / test and specification	UNKNOWN STEP	2026-10-08T16:15:09.9934413Z test build::tests::extra_argument_and_instance_receiver_refuse_the_whole_graph ... ok
stable / test and specification	UNKNOWN STEP	2026-10-08T16:15:09.9953032Z test build::tests::finite_and_open_negations_render_inline_without_a_saved_local ... ok
stable / test and specification	UNKNOWN STEP	2026-10-08T16:15:09.9981796Z test build::tests::frozen_shared_false_write_has_a_closed_ssa_value_proof ... ok
stable / test and specification	UNKNOWN STEP	2026-10-08T16:15:10.0002978Z test build::tests::frozen_shared_true_write_proves_and_emits_one_delayed_rhs_assignment ... ok
stable / test and specification	UNKNOWN STEP	2026-10-08T16:15:10.0032346Z test build::tests::inherited_field_owner_cannot_claim_a_derived_receiver_type ... ok
stable / test and specification	UNKNOWN STEP	2026-10-08T16:15:10.0113355Z test build::tests::instance_field_near_misses_keep_one_complete_quote ... ok
stable / test and specification	UNKNOWN STEP	2026-10-08T16:15:10.0140837Z test build::tests::instance_field_short_circuit_has_one_physical_owner_and_two_exact_operands ... ok
stable / test and specification	UNKNOWN STEP	2026-10-08T16:15:10.0170776Z test build::tests::instance_receiver_with_an_earlier_static_owner_cannot_be_emitted_twice ... ok
stable / test and specification	UNKNOWN STEP	2026-10-08T16:15:10.0199267Z test build::tests::intermediate_join_proof_binds_both_phis_and_ordered_bridge ... ok
stable / test and specification	UNKNOWN STEP	2026-10-08T16:15:10.0226564Z test build::tests::intermediate_join_proof_rejects_a_second_owner_of_the_bridge_block ... ok
stable / test and specification	UNKNOWN STEP	2026-10-08T16:15:10.0253550Z test build::tests::intermediate_join_proof_rejects_a_second_ssa_use ... ok
stable / test and specification	UNKNOWN STEP	2026-10-08T16:15:10.0280206Z test build::tests::intermediate_join_proof_rejects_a_verifier_valid_unknown_operation ... ok
stable / test and specification	UNKNOWN STEP	2026-10-08T16:15:10.0282051Z test build::tests::java_lang_throwable_widening_reaches_exactly_the_table_ancestors ... ok
stable / test and specification	UNKNOWN STEP	2026-10-08T16:15:10.0284069Z test build::tests::local_declaration_source_name_requires_one_complete_nongeneric_member_path ... ok
stable / test and specification	UNKNOWN STEP	2026-10-08T16:15:10.0285526Z test build::tests::member_constructor_boolean_adaptation_uses_the_tail_descriptor_position ... ok
stable / test and specification	UNKNOWN STEP	2026-10-08T16:15:10.0308528Z test build::tests::mixed_short_circuit_argument_proves_one_static_boolean_sink ... ok
stable / test and specification	UNKNOWN STEP	2026-10-08T16:15:10.0354084Z test build::tests::mixed_short_circuit_graphs_have_one_owner_and_one_proved_field_write ... ok
stable / test and specification	UNKNOWN STEP	2026-10-08T16:15:10.0380170Z test build::tests::mixed_short_circuit_local_has_one_direct_phi_store_and_two_name_reads ... ok
stable / test and specification	UNKNOWN STEP	2026-10-08T16:15:10.0402510Z test build::tests::mixed_short_circuit_return_reuses_the_graph_and_proves_boolean_consumer ... ok
stable / test and specification	UNKNOWN STEP	2026-10-08T16:15:10.0427367Z test build::tests::nested_conditionals_in_the_false_arm_and_four_leaf_trees_are_supported ... ok
stable / test and specification	UNKNOWN STEP	2026-10-08T16:15:10.0461601Z test build::tests::nested_effect_values_are_presented_once_at_their_consumer ... ok
stable / test and specification	UNKNOWN STEP	2026-10-08T16:15:10.0489367Z test build::tests::one_armed_early_return_tail_is_not_an_intermediate_join_value ... ok
stable / test and specification	UNKNOWN STEP	2026-10-08T16:15:10.0490783Z test build::tests::one_varargs_element_is_held_when_it_can_be_the_entire_array_argument ... ok
stable / test and specification	UNKNOWN STEP	2026-10-08T16:15:10.0545738Z test build::tests::ordinary_if_and_real_loop_keep_their_region_forms ... ok
stable / test and specification	UNKNOWN STEP	2026-10-08T16:15:10.0577970Z test build::tests::outer_super_handoff_projects_exact_bridge_and_refuses_a_stale_argument ... ok
stable / test and specification	UNKNOWN STEP	2026-10-08T16:15:10.0579313Z test build::tests::platform_array_argument_widening_needs_a_proved_table_component ... ok
stable / test and specification	UNKNOWN STEP	2026-10-08T16:15:10.0580161Z test build::tests::platform_interface_argument_widening_reaches_exactly_the_table_rows ... ok
stable / test and specification	UNKNOWN STEP	2026-10-08T16:15:10.0581752Z test build::tests::platform_reference_argument_widening_reaches_exactly_the_java_util_table_ancestors ... ok
stable / test and specification	UNKNOWN STEP	2026-10-08T16:15:10.0582683Z test build::tests::quoted_call_loads_are_added_in_source_order_without_duplicates ... ok
stable / test and specification	UNKNOWN STEP	2026-10-08T16:15:10.0611101Z test build::tests::redirected_outer_edge_proves_shared_true_after_fresh_recovery ... ok
stable / test and specification	UNKNOWN STEP	2026-10-08T16:15:10.0636430Z test build::tests::shared_false_proof_rejects_independent_test_effect_after_fresh_recovery ... ok
stable / test and specification	UNKNOWN STEP	2026-10-08T16:15:10.0661530Z test build::tests::shared_false_proof_rejects_non_boolean_producer_after_fresh_recovery ... ok
stable / test and specification	UNKNOWN STEP	2026-10-08T16:15:10.0686766Z test build::tests::shared_false_proof_rejects_second_write_after_fresh_recovery ... ok
stable / test and specification	UNKNOWN STEP	2026-10-08T16:15:10.0711701Z test build::tests::shared_false_proof_requires_the_decoded_static_boolean_field ... ok
stable / test and specification	UNKNOWN STEP	2026-10-08T16:15:10.0740316Z test build::tests::shared_false_short_circuit_has_one_region_owner_and_one_field_write ... ok
stable / test and specification	UNKNOWN STEP	2026-10-08T16:15:10.0760966Z test build::tests::shared_true_duplicate_phi_consumer_is_freshly_quoted ... ok
stable / test and specification	UNKNOWN STEP	2026-10-08T16:15:10.0781040Z test build::tests::shared_true_non_boolean_producer_is_freshly_quoted ... ok
stable / test and specification	UNKNOWN STEP	2026-10-08T16:15:10.0806898Z test build::tests::short_circuit_write_keeps_a_local_declaration_before_the_field_effect ... ok
stable / test and specification	UNKNOWN STEP	2026-10-08T16:15:10.0808284Z test build::tests::the_boxed_number_rows_reach_exactly_their_pairs ... ok
stable / test and specification	UNKNOWN STEP	2026-10-08T16:15:10.0832214Z test build::tests::the_frozen_boolean_short_circuit_return_has_a_closed_value_proof ... ok
stable / test and specification	UNKNOWN STEP	2026-10-08T16:15:10.0834036Z test build::tests::the_temporal_family_and_completable_future_rows_reach_exactly_their_pairs ... ok
stable / test and specification	UNKNOWN STEP	2026-10-08T16:15:10.0855824Z test build::tests::three_test_chain_with_non_boolean_producer_quotes_every_instruction ... ok
stable / test and specification	UNKNOWN STEP	2026-10-08T16:15:10.0879407Z test build::tests::three_test_shared_true_chain_has_one_owner_proof_and_delayed_write ... ok
stable / test and specification	UNKNOWN STEP	2026-10-08T16:15:10.0881247Z test build::tests::value_level_refusals_are_the_six_diagnoses_and_not_their_cascade_lines ... ok
stable / test and specification	UNKNOWN STEP	2026-10-08T16:15:10.0882994Z test build::tests::varargs_call_binding_requires_the_unique_exact_local_declaration ... ok
stable / test and specification	UNKNOWN STEP	2026-10-08T16:15:10.0884791Z test concat::tests::an_append_whose_conversion_plus_would_not_reproduce_is_refused ... ok
stable / test and specification	UNKNOWN STEP	2026-10-08T16:15:10.0886304Z test concat::tests::the_two_concatenation_classes_are_the_only_ones_this_rule_reads ... ok
stable / test and specification	UNKNOWN STEP	2026-10-08T16:15:10.0887370Z test declaration::tests::a_missing_declaration_fact_is_refused_with_its_own_requirement_named ... ok
stable / test and specification	UNKNOWN STEP	2026-10-08T16:15:10.0889085Z test declaration::tests::an_interface_method_without_either_flag_is_abstract_and_a_static_one_is_static ... ok
stable / test and specification	UNKNOWN STEP	2026-10-08T16:15:10.0891023Z test declaration::tests::an_interfaces_non_abstract_method_is_a_default_method_and_a_classs_is_not ... ok
stable / test and specification	UNKNOWN STEP	2026-10-08T16:15:10.0892436Z test decode::tests::a_newarray_creation_states_the_atype_code_as_an_element_type ... ok
stable / test and specification	UNKNOWN STEP	2026-10-08T16:15:10.0893111Z test decode::tests::a_nul_decodes_to_the_one_nul_its_modified_utf8_bytes_state ... ok
stable / test and specification	UNKNOWN STEP	2026-10-08T16:15:10.0894244Z test decode::tests::a_raw_zero_byte_is_one_replacement_and_never_a_character ... ok
stable / test and specification	UNKNOWN STEP	2026-10-08T16:15:10.0895520Z test decode::tests::a_surrogate_pair_is_one_scalar_and_a_lone_half_is_one_replacement ... ok
stable / test and specification	UNKNOWN STEP	2026-10-08T16:15:10.0896560Z test decode::tests::a_switch_states_its_keys_and_the_bci_each_key_transfers_to ... ok
stable / test and specification	UNKNOWN STEP	2026-10-08T16:15:10.0898026Z test decode::tests::all_fifteen_numeric_conversion_opcodes_keep_their_source_and_result_types ... ok
stable / test and specification	UNKNOWN STEP	2026-10-08T16:15:10.0899537Z test decode::tests::an_invocation_names_its_target_out_of_the_classs_own_pool ... ok
stable / test and specification	UNKNOWN STEP	2026-10-08T16:15:10.0900826Z test decode::tests::every_form_this_encoding_does_not_have_is_one_replacement_per_sequence ... ok
stable / test and specification	UNKNOWN STEP	2026-10-08T16:15:10.0904159Z test decode::tests::ldc_and_ldc_w_admit_class_pool_entries_with_their_pool_index ... ok
stable / test and specification	UNKNOWN STEP	2026-10-08T16:15:10.0907052Z test decode::tests::ldc_does_not_admit_method_type_or_method_handle_pool_entries ... ok
stable / test and specification	UNKNOWN STEP	2026-10-08T16:15:10.0908374Z test decode::tests::modified_utf8_class_names_are_decoded_before_the_spelling_gate ... ok
stable / test and specification	UNKNOWN STEP	2026-10-08T16:15:10.0909930Z test decode::tests::nested_binary_names_admit_the_class_literal_when_every_segment_is_an_identifier ... ok
stable / test and specification	UNKNOWN STEP	2026-10-08T16:15:10.0911149Z test decode::tests::ordinary_text_survives_the_modified_utf8_read_unchanged ... ok
stable / test and specification	UNKNOWN STEP	2026-10-08T16:15:10.0914984Z test decode::tests::pool_float_and_double_entries_reach_ldc_with_their_raw_bits ... ok
stable / test and specification	UNKNOWN STEP	2026-10-08T16:15:10.0930499Z test decode::tests::the_array_accesses_are_the_facts_their_own_opcodes_state ... ok
stable / test and specification	UNKNOWN STEP	2026-10-08T16:15:10.0931794Z test decode::tests::the_creation_instructions_take_their_arrays_from_their_own_operands ... ok
stable / test and specification	UNKNOWN STEP	2026-10-08T16:15:10.0932993Z test decode::tests::the_float_and_double_constant_opcodes_state_their_exact_bits ... ok
stable / test and specification	UNKNOWN STEP	2026-10-08T16:15:10.0933656Z test decode::tests::the_four_numeric_negation_opcodes_decode_to_one_fact ... ok
stable / test and specification	UNKNOWN STEP	2026-10-08T16:15:10.0934856Z test decode::tests::the_polarity_of_a_branch_and_the_target_it_jumps_to_come_from_the_decode ... ok
stable / test and specification	UNKNOWN STEP	2026-10-08T16:15:10.0936229Z test decode::tests::the_pool_entries_the_body_names_are_the_ones_it_reads ... ok
stable / test and specification	UNKNOWN STEP	2026-10-08T16:15:10.0937529Z test decode::tests::the_six_integral_bitwise_opcodes_keep_their_shared_operators ... ok
stable / test and specification	UNKNOWN STEP	2026-10-08T16:15:10.0938984Z test decode::tests::the_six_shift_opcodes_keep_their_directions ... ok
stable / test and specification	UNKNOWN STEP	2026-10-08T16:15:10.0940398Z test emit::tests::a_char_selector_writes_character_keys_and_every_other_selector_stays_decimal ... ok
stable / test and specification	UNKNOWN STEP	2026-10-08T16:15:10.0941656Z test emit::tests::a_comment_cannot_carry_an_escape_or_end_its_own_line ... ok
stable / test and specification	UNKNOWN STEP	2026-10-08T16:15:10.0942340Z test emit::tests::a_concatenation_starts_in_a_string_context_and_keeps_its_parts_groups ... ok
stable / test and specification	UNKNOWN STEP	2026-10-08T16:15:10.0943535Z test emit::tests::a_constructor_keeps_its_nested_return ... ok
stable / test and specification	UNKNOWN STEP	2026-10-08T16:15:10.0947192Z test emit::tests::a_deeply_nested_initializer_return_is_suppressed_at_every_depth ... ok
stable / test and specification	UNKNOWN STEP	2026-10-08T16:15:10.0953111Z test emit::tests::a_delimited_or_already_grouped_position_gains_no_parentheses ... ok
stable / test and specification	UNKNOWN STEP	2026-10-08T16:15:10.0955155Z test emit::tests::a_lambda_in_a_receiver_position_keeps_its_own_group ... ok
stable / test and specification	UNKNOWN STEP	2026-10-08T16:15:10.0957858Z test emit::tests::a_negation_keeps_nested_groups_and_negative_literals_lexically_separate ... ok
stable / test and specification	UNKNOWN STEP	2026-10-08T16:15:10.0959546Z test emit::tests::a_nested_return_is_suppressed_when_the_static_initializer_tail_is_projected ... ok
stable / test and specification	UNKNOWN STEP	2026-10-08T16:15:10.0961865Z test emit::tests::a_prefix_position_and_a_not_receiver_keep_their_groups ... ok
stable / test and specification	UNKNOWN STEP	2026-10-08T16:15:10.0964915Z test emit::tests::a_primary_operand_and_an_already_stated_group_gain_nothing ... ok
stable / test and specification	UNKNOWN STEP	2026-10-08T16:15:10.0966370Z test emit::tests::a_refused_write_empties_the_buffer_it_had_already_filled ... ok
stable / test and specification	UNKNOWN STEP	2026-10-08T16:15:10.0968711Z test emit::tests::a_single_if_else_child_is_spelled_as_a_chain_and_keeps_each_node ... ok
stable / test and specification	UNKNOWN STEP	2026-10-08T16:15:10.0969973Z test emit::tests::a_static_initializer_projection_keeps_budget_stop_atomic ... ok
stable / test and specification	UNKNOWN STEP	2026-10-08T16:15:10.0971922Z test emit::tests::a_static_initializer_tail_return_closes_the_block_and_keeps_its_origin ... ok
stable / test and specification	UNKNOWN STEP	2026-10-08T16:15:10.0977349Z test emit::tests::a_stop_inside_a_node_leaves_nothing_behind ... ok
stable / test and specification	UNKNOWN STEP	2026-10-08T16:15:10.0978280Z test emit::tests::a_string_literal_escapes_what_it_cannot_hold_literally_and_nothing_else ... ok
stable / test and specification	UNKNOWN STEP	2026-10-08T16:15:10.0981435Z test emit::tests::a_suffix_position_keeps_the_group_of_its_operand ... ok
stable / test and specification	UNKNOWN STEP	2026-10-08T16:15:10.0983022Z test emit::tests::a_throw_source_map_budget_stops_before_publishing_a_partial_node ... ok
stable / test and specification	UNKNOWN STEP	2026-10-08T16:15:10.0985091Z test emit::tests::a_throw_stops_atomically_at_the_output_bound ... ok
stable / test and specification	UNKNOWN STEP	2026-10-08T16:15:10.0987823Z test emit::tests::an_else_if_chain_obeys_output_budget_and_cancellation ... ok
stable / test and specification	UNKNOWN STEP	2026-10-08T16:15:10.0989213Z test emit::tests::an_empty_static_initializer_has_no_statement_but_maps_its_terminator ... ok
stable / test and specification	UNKNOWN STEP	2026-10-08T16:15:10.0990643Z test emit::tests::an_initializer_return_with_a_value_stays_an_ordinary_statement ... ok
stable / test and specification	UNKNOWN STEP	2026-10-08T16:15:10.0993211Z test emit::tests::bitwise_operators_keep_java_precedence_and_mixed_grouping ... ok
stable / test and specification	UNKNOWN STEP	2026-10-08T16:15:10.0996238Z test emit::tests::compound_lvalues_emit_receiver_and_index_once_with_all_origins ... ok
stable / test and specification	UNKNOWN STEP	2026-10-08T16:15:10.0998193Z test emit::tests::enhanced_for_spells_its_label_element_and_array_with_folded_origins ... ok
stable / test and specification	UNKNOWN STEP	2026-10-08T16:15:10.0999335Z test emit::tests::floating_literals_are_spelled_exactly_from_their_own_bits ... ok
stable / test and specification	UNKNOWN STEP	2026-10-08T16:15:10.1001378Z test emit::tests::grouping_writes_parentheses_into_the_parents_span_and_moves_no_anchor ... ok
stable / test and specification	UNKNOWN STEP	2026-10-08T16:15:10.1003527Z test emit::tests::instanceof_uses_relational_precedence_under_not ... ok
stable / test and specification	UNKNOWN STEP	2026-10-08T16:15:10.1006558Z test emit::tests::local_assignment_is_grouped_under_comparison_and_null_test ... ok
stable / test and specification	UNKNOWN STEP	2026-10-08T16:15:10.1008784Z test emit::tests::logical_operators_keep_their_precedence_over_bitwise_operators ... ok
stable / test and specification	UNKNOWN STEP	2026-10-08T16:15:10.1011344Z test emit::tests::multi_statement_and_non_if_else_bodies_keep_their_block_spelling ... ok
stable / test and specification	UNKNOWN STEP	2026-10-08T16:15:10.1013286Z test emit::tests::non_initializer_returns_are_not_projected ... ok
stable / test and specification	UNKNOWN STEP	2026-10-08T16:15:10.1016438Z test emit::tests::postfix_increment_keeps_nested_writable_targets_and_their_origins ... ok
stable / test and specification	UNKNOWN STEP	2026-10-08T16:15:10.1018512Z test emit::tests::proven_switch_labels_use_one_closed_spelling_and_keep_integer_evidence ... ok
stable / test and specification	UNKNOWN STEP	2026-10-08T16:15:10.1021956Z test emit::tests::shifts_keep_precedence_associativity_casts_and_primary_operands ... ok
stable / test and specification	UNKNOWN STEP	2026-10-08T16:15:10.1024232Z test emit::tests::the_budget_is_checked_before_every_write_and_a_refusal_discards_the_buffer ... ok
stable / test and specification	UNKNOWN STEP	2026-10-08T16:15:10.1026011Z test emit::tests::the_segment_table_covers_the_nodes_in_writing_order ... ok
stable / test and specification	UNKNOWN STEP	2026-10-08T16:15:10.1027305Z test enumswitch::tests::the_rule_states_the_tables_it_reads_and_claims_no_mapping ... ok
stable / test and specification	UNKNOWN STEP	2026-10-08T16:15:10.1047706Z test evidence::tests::the_essential_selection_builds_only_what_it_asked_for ... ok
stable / test and specification	UNKNOWN STEP	2026-10-08T16:15:10.1061612Z test evidence::tests::the_evidence_of_one_text_is_never_attached_to_another ... ok
stable / test and specification	UNKNOWN STEP	2026-10-08T16:15:10.1067493Z test evidence::tests::the_request_type_defaults_to_the_essential_selection ... ok
stable / test and specification	UNKNOWN STEP	2026-10-08T16:15:10.1102125Z test evidence::tests::the_status_list_distinguishes_not_requested_complete_partial_and_not_performed ... ok
stable / test and specification	UNKNOWN STEP	2026-10-08T16:15:10.1103495Z test facts::tests::parameter_types_places_an_arrays_successor_one_slot_past_the_array ... ok
stable / test and specification	UNKNOWN STEP	2026-10-08T16:15:10.1104987Z test facts::tests::the_arithmetic_and_comparison_vocabulary_is_stated_once ... ok
stable / test and specification	UNKNOWN STEP	2026-10-08T16:15:10.1106255Z test facts::tests::the_caller_states_identity_and_debug_names_and_nothing_about_the_body ... ok
stable / test and specification	UNKNOWN STEP	2026-10-08T16:15:10.1107731Z test facts::tests::the_receiver_is_decided_by_the_members_own_static_flag_and_by_nothing_else ... ok
stable / test and specification	UNKNOWN STEP	2026-10-08T16:15:10.1108967Z test field::tests::final_refusal_gaps_keep_bci_order_across_plan_and_emission ... ok
stable / test and specification	UNKNOWN STEP	2026-10-08T16:15:10.1110201Z test field::tests::receipt_budget_and_cancellation_never_return_a_partial_verdict ... ok
stable / test and specification	UNKNOWN STEP	2026-10-08T16:15:10.1111252Z test field::tests::simple_static_final_proof_charges_claimed_work ... ok
stable / test and specification	UNKNOWN STEP	2026-10-08T16:15:10.1112287Z test field::tests::simple_static_final_proof_honors_cancellation_before_indexing ... ok
stable / test and specification	UNKNOWN STEP	2026-10-08T16:15:10.1113116Z test field::tests::the_rule_states_the_ir_it_reads_and_the_one_declaration_fact_it_needs ... ok
stable / test and specification	UNKNOWN STEP	2026-10-08T16:15:10.1137863Z test guard::finally_copy_tests::a_competing_row_refuses_the_same_otherwise_proved_copy ... ok
stable / test and specification	UNKNOWN STEP	2026-10-08T16:15:10.1158592Z test guard::finally_copy_tests::a_terminal_saved_return_is_part_of_the_resource_plan ... ok
stable / test and specification	UNKNOWN STEP	2026-10-08T16:15:10.1169625Z test guard::finally_copy_tests::an_extra_cleanup_result_consumer_is_refused ... ok
stable / test and specification	UNKNOWN STEP	2026-10-08T16:15:10.1204976Z test guard::finally_copy_tests::changed_argument_or_missing_coverage_refuses_the_copy ... ok
stable / test and specification	UNKNOWN STEP	2026-10-08T16:15:10.1324289Z test guard::finally_copy_tests::concat_saved_return_uses_the_same_complete_chain_certificate ... ok
stable / test and specification	UNKNOWN STEP	2026-10-08T16:15:10.1531270Z test guard::finally_copy_tests::conditional_test14_two_copies_and_verifier_valid_neighbors ... ok
stable / test and specification	UNKNOWN STEP	2026-10-08T16:15:10.1567241Z test guard::finally_copy_tests::constructor_resource_requires_its_verified_site ... ok
stable / test and specification	UNKNOWN STEP	2026-10-08T16:15:10.1584916Z test guard::finally_copy_tests::different_cleanup_member_refuses_the_copy ... ok
stable / test and specification	UNKNOWN STEP	2026-10-08T16:15:10.1670449Z test guard::finally_copy_tests::empty_catch_test16_two_real_rows_three_call_copies ... ok
stable / test and specification	UNKNOWN STEP	2026-10-08T16:15:10.1684487Z test guard::finally_copy_tests::implicit_cleanup_has_a_physical_copy_certificate ... ok
stable / test and specification	UNKNOWN STEP	2026-10-08T16:15:10.1750088Z test guard::finally_copy_tests::local_null_certificate_claims_the_fixed_two_row_lowering ... ok
stable / test and specification	UNKNOWN STEP	2026-10-08T16:15:10.1790254Z test guard::finally_copy_tests::local_null_certificate_does_not_claim_the_flag_or_field_shapes ... ok
stable / test and specification	UNKNOWN STEP	2026-10-08T16:15:10.1839743Z test guard::finally_copy_tests::nested_test1_and_test2_have_exclusive_joined_certificates ... ok
stable / test and specification	UNKNOWN STEP	2026-10-08T16:15:10.1906661Z test guard::finally_copy_tests::nested_test3_append_copies_have_one_shared_join_certificate ... ok
stable / test and specification	UNKNOWN STEP	2026-10-08T16:15:10.1950654Z test guard::finally_copy_tests::null_lead_straight_certificate_claims_the_fixed_two_row_lowering ... ok
stable / test and specification	UNKNOWN STEP	2026-10-08T16:15:10.2107297Z test guard::finally_copy_tests::null_lead_straight_certificate_refuses_the_verifier_valid_neighbors ... ok
stable / test and specification	UNKNOWN STEP	2026-10-08T16:15:10.2150506Z test guard::finally_copy_tests::null_lead_straight_extension_leaves_the_family_certificates_their_own_shapes ... ok
stable / test and specification	UNKNOWN STEP	2026-10-08T16:15:10.2212539Z test guard::finally_copy_tests::pinned_test4_nested_cleanup_has_one_four_row_certificate ... ok
stable / test and specification	UNKNOWN STEP	2026-10-08T16:15:10.2237494Z test guard::finally_copy_tests::proof_propagates_the_existing_budget_and_cancellation_stops ... ok
stable / test and specification	UNKNOWN STEP	2026-10-08T16:15:10.2247316Z test guard::finally_copy_tests::repeated_cleanup_calls_stay_outside_the_single_call_slice ... ok
stable / test and specification	UNKNOWN STEP	2026-10-08T16:15:10.2304597Z test guard::finally_copy_tests::segmented_null_lead_certificate_claims_the_fixed_two_row_lowering ... ok
stable / test and specification	UNKNOWN STEP	2026-10-08T16:15:10.2362219Z test guard::finally_copy_tests::segmented_null_lead_certificate_does_not_claim_the_family_neighbors ... ok
stable / test and specification	UNKNOWN STEP	2026-10-08T16:15:10.2542801Z test guard::finally_copy_tests::segmented_null_lead_certificate_refuses_every_frozen_neighbor ... ok
stable / test and specification	UNKNOWN STEP	2026-10-08T16:15:10.2819334Z test guard::finally_copy_tests::segmented_test13_certificate_and_verifier_valid_neighbors ... ok
stable / test and specification	UNKNOWN STEP	2026-10-08T16:15:10.2836215Z test guard::finally_copy_tests::shared_call_certificate_owns_three_rows_and_two_returns ... ok
stable / test and specification	UNKNOWN STEP	2026-10-08T16:15:10.2917363Z test guard::finally_copy_tests::shared_call_certificate_refuses_row_changes_and_propagates_stops ... ok
stable / test and specification	UNKNOWN STEP	2026-10-08T16:15:10.2979403Z test guard::finally_copy_tests::shared_field_certificate_owns_full_spans_and_propagates_stops ... ok
stable / test and specification	UNKNOWN STEP	2026-10-08T16:15:10.2998606Z test guard::finally_copy_tests::shared_join_certificate_owns_copies_and_preserves_continuation ... ok
stable / test and specification	UNKNOWN STEP	2026-10-08T16:15:10.3114940Z test guard::finally_copy_tests::shared_join_refuses_changed_rows_or_field_value_and_propagates_stops ... ok
stable / test and specification	UNKNOWN STEP	2026-10-08T16:15:10.3196742Z test guard::finally_copy_tests::test4_call_and_coverage_neighbors_cannot_merge_cleanup ... ok
stable / test and specification	UNKNOWN STEP	2026-10-08T16:15:10.3264516Z test guard::finally_copy_tests::the_inner_finally_composite_propagates_the_budget_and_cancellation_stops ... ok
stable / test and specification	UNKNOWN STEP	2026-10-08T16:15:10.3309049Z test guard::finally_copy_tests::the_trailing_finally_composite_propagates_the_budget_and_cancellation_stops ... ok
stable / test and specification	UNKNOWN STEP	2026-10-08T16:15:10.3350618Z test guard::finally_copy_tests::two_catch_test17_four_real_rows_four_call_copies ... ok
stable / test and specification	UNKNOWN STEP	2026-10-08T16:15:10.3364300Z test guard::finally_copy_tests::widened_range_cannot_reenter_the_proved_cleanup ... ok
stable / test and specification	UNKNOWN STEP	2026-10-08T16:15:10.3412165Z test guard::monitor_branch_tests::a_named_row_a_completed_store_precedes_is_not_examined_as_a_resource_header ... ok
stable / test and specification	UNKNOWN STEP	2026-10-08T16:15:10.3437665Z test guard::monitor_branch_tests::a_non_store_statement_prefix_is_not_examined_as_a_resource_header ... ok
stable / test and specification	UNKNOWN STEP	2026-10-08T16:15:10.3482635Z test guard::monitor_branch_tests::a_two_resource_header_keeps_its_certificate ... ok
stable / test and specification	UNKNOWN STEP	2026-10-08T16:15:10.3544637Z test guard::monitor_branch_tests::a_twr_lowering_row_a_completed_store_precedes_keeps_its_examination ... ok
stable / test and specification	UNKNOWN STEP	2026-10-08T16:15:10.3618366Z test guard::monitor_branch_tests::completed_instance_field_prefix_is_not_a_resource_header ... ok
stable / test and specification	UNKNOWN STEP	2026-10-08T16:15:10.3630404Z test guard::monitor_branch_tests::existing_single_exit_monitor_plan_is_unchanged ... ok
stable / test and specification	UNKNOWN STEP	2026-10-08T16:15:10.3662982Z test guard::monitor_branch_tests::frozen_two_arm_fixture_is_one_monitor_plan_and_three_arm_control_is_refused ... ok
stable / test and specification	UNKNOWN STEP	2026-10-08T16:15:10.3728004Z test guard::monitor_branch_tests::the_crossing_answer_keeps_every_unreadable_or_unowned_store_refused ... ok
stable / test and specification	UNKNOWN STEP	2026-10-08T16:15:10.3743949Z test init::tests::a_handler_boundary_inside_the_array_chain_keeps_the_refusal ... ok
stable / test and specification	UNKNOWN STEP	2026-10-08T16:15:10.3777080Z test init::tests::a_verified_concat_is_composed_only_as_the_unique_constructor_argument ... ok
stable / test and specification	UNKNOWN STEP	2026-10-08T16:15:10.3844363Z test init::tests::dynamic_constructor_arguments_keep_one_handler_coverage ... ok
stable / test and specification	UNKNOWN STEP	2026-10-08T16:15:10.4143369Z test init::tests::functional_constructor_arguments_are_in_the_verified_dependency_run ... ok
stable / test and specification	UNKNOWN STEP	2026-10-08T16:15:10.4169925Z test init::tests::incomplete_or_double_purpose_array_chains_stay_refused ... ok
stable / test and specification	UNKNOWN STEP	2026-10-08T16:15:10.4181228Z test init::tests::inline_char_array_proof_obeys_shared_budget_and_cancellation ... ok
stable / test and specification	UNKNOWN STEP	2026-10-08T16:15:10.4194026Z test init::tests::inline_char_certificate_requires_the_exact_parent_interval_and_consumer ... ok
stable / test and specification	UNKNOWN STEP	2026-10-08T16:15:10.4271213Z test init::tests::member_call_proof_requires_same_qualifier_and_early_check ... ok
stable / test and specification	UNKNOWN STEP	2026-10-08T16:15:10.4324658Z test init::tests::nested_argument_sites_present_the_complete_inner_construction ... ok
stable / test and specification	UNKNOWN STEP	2026-10-08T16:15:10.4432972Z test init::tests::only_the_complete_direct_java8_string_char_array_is_embedded ... ok
stable / test and specification	UNKNOWN STEP	2026-10-08T16:15:10.4448522Z test init::tests::the_array_chain_certificate_requires_the_argument_consumer_interval ... ok
stable / test and specification	UNKNOWN STEP	2026-10-08T16:15:10.4582429Z test init::tests::the_bound_receiver_tail_is_claimed_exactly_where_the_receiver_is_proved ... ok
stable / test and specification	UNKNOWN STEP	2026-10-08T16:15:10.4583659Z test init::tests::the_two_construction_rules_state_what_they_read ... ok
stable / test and specification	UNKNOWN STEP	2026-10-08T16:15:10.4639801Z test init::tests::three_layers_present_and_a_deeper_run_keeps_its_outermost_refusal ... ok
stable / test and specification	UNKNOWN STEP	2026-10-08T16:15:10.4715154Z test init::tests::varargs_inline_array_argument_sites_present_the_complete_chain ... ok
stable / test and specification	UNKNOWN STEP	2026-10-08T16:15:10.4716488Z test lambda::tests::a_descriptor_this_layer_does_not_read_is_refused_rather_than_split ... ok
stable / test and specification	UNKNOWN STEP	2026-10-08T16:15:10.4717852Z test lambda::tests::a_method_descriptor_is_read_into_parameters_and_a_return_type ... ok
stable / test and specification	UNKNOWN STEP	2026-10-08T16:15:10.4718798Z test lambda::tests::adaptation_plan_preserves_identity_and_proven_object_conversions ... ok
stable / test and specification	UNKNOWN STEP	2026-10-08T16:15:10.4720720Z test lambda::tests::adaptation_plan_preserves_object_to_reference_and_array_checks ... ok
stable / test and specification	UNKNOWN STEP	2026-10-08T16:15:10.4722035Z test lambda::tests::adaptation_plan_proves_boxed_sam_parameter_and_return_edges ... ok
stable / test and specification	UNKNOWN STEP	2026-10-08T16:15:10.4723278Z test lambda::tests::adaptation_plan_rejects_unknown_reference_relations_and_unsupported_returns ... ok
stable / test and specification	UNKNOWN STEP	2026-10-08T16:15:10.4725590Z test lambda::tests::array_constructor_proof_requires_exact_member_and_complete_effect_free_code ... ok
stable / test and specification	UNKNOWN STEP	2026-10-08T16:15:10.4726860Z test lambda::tests::boxed_adaptation_pairs_are_exact_and_arity_keeps_receiver_staticness ... ok
stable / test and specification	UNKNOWN STEP	2026-10-08T16:15:10.4728310Z test lambda::tests::boxed_array_constructor_requires_exact_integer_unbox ... ok
stable / test and specification	UNKNOWN STEP	2026-10-08T16:15:10.4730106Z test lambda::tests::captured_array_length_does_not_receive_an_array_constructor_proof ... ok
stable / test and specification	UNKNOWN STEP	2026-10-08T16:15:10.4731364Z test lambda::tests::implementation_result_can_be_discarded_only_for_a_void_sam ... ok
stable / test and specification	UNKNOWN STEP	2026-10-08T16:15:10.4732419Z test lambda::tests::instantiated_return_is_retained_and_both_edges_are_proved ... ok
stable / test and specification	UNKNOWN STEP	2026-10-08T16:15:10.4733680Z test lambda::tests::lambda_adapter_parameter_work_stops_through_the_shared_analysis_budget ... ok
stable / test and specification	UNKNOWN STEP	2026-10-08T16:15:10.4737009Z test lambda::tests::plan_accepts_boxed_array_length_but_keeps_instance_handle_arity_and_captures_exact ... ok
stable / test and specification	UNKNOWN STEP	2026-10-08T16:15:10.4738548Z test lambda::tests::the_declaration_spelling_reuses_this_parser_and_the_two_agree ... ok
stable / test and specification	UNKNOWN STEP	2026-10-08T16:15:10.4739647Z test lambda::tests::the_generated_body_marker_is_the_only_thing_that_decides_the_lambda_writing ... ok
stable / test and specification	UNKNOWN STEP	2026-10-08T16:15:10.4740966Z test names::tests::a_collision_resolves_by_slot_order_and_is_an_alias ... ok
stable / test and specification	UNKNOWN STEP	2026-10-08T16:15:10.4742060Z test names::tests::a_dollar_top_level_class_is_a_member_of_nothing_the_rows_do_not_state ... ok
stable / test and specification	UNKNOWN STEP	2026-10-08T16:15:10.4743210Z test names::tests::a_keyword_becomes_a_deterministic_alias_and_never_an_error ... ok
stable / test and specification	UNKNOWN STEP	2026-10-08T16:15:10.4744572Z test names::tests::a_static_members_slot_zero_is_a_parameter_and_keeps_its_own_naming ... ok
stable / test and specification	UNKNOWN STEP	2026-10-08T16:15:10.4745704Z test names::tests::a_table_that_states_no_split_still_states_one_variable ... ok
stable / test and specification	UNKNOWN STEP	2026-10-08T16:15:10.4746749Z test names::tests::cross_class_nested_references_spell_dotted_and_self_nested_stays_pool ... ok
stable / test and specification	UNKNOWN STEP	2026-10-08T16:15:10.4748053Z test names::tests::evidence_wins_where_it_exists_and_aliases_where_it_cannot_be_written ... ok
stable / test and specification	UNKNOWN STEP	2026-10-08T16:15:10.4748989Z test names::tests::free_name_with_visits_every_reserved_local_and_candidate ... ok
stable / test and specification	UNKNOWN STEP	2026-10-08T16:15:10.4749997Z test names::tests::names_source_already_spells_or_cannot_improve_stay_verbatim ... ok
stable / test and specification	UNKNOWN STEP	2026-10-08T16:15:10.4751519Z test names::tests::no_debug_evidence_still_names_every_slot_deterministically ... ok
stable / test and specification	UNKNOWN STEP	2026-10-08T16:15:10.4752787Z test names::tests::one_slot_can_hold_two_variables_and_each_takes_its_own_name ... ok
stable / test and specification	UNKNOWN STEP	2026-10-08T16:15:10.4754251Z test names::tests::proven_field_names_are_reserved_for_locals_and_free_names ... ok
stable / test and specification	UNKNOWN STEP	2026-10-08T16:15:10.4755872Z test names::tests::the_identifier_table_is_javas_beside_a_byte_identical_ascii_half ... ok
stable / test and specification	UNKNOWN STEP	2026-10-08T16:15:10.4757311Z test names::tests::the_receiver_is_spelled_by_its_identity_and_not_by_the_name_the_table_states ... ok
stable / test and specification	UNKNOWN STEP	2026-10-08T16:15:10.4761489Z test normal_flow::tests::handler_component_needs_one_root_and_no_exception_entry_inside_its_cycle ... ok
stable / test and specification	UNKNOWN STEP	2026-10-08T16:15:10.4763312Z test normal_flow::tests::handler_component_stops_before_publishing_partial_dominance ... ok
stable / test and specification	UNKNOWN STEP	2026-10-08T16:15:10.4764973Z test normal_flow::tests::the_view_states_exactly_which_edge_kinds_it_keeps ... ok
stable / test and specification	UNKNOWN STEP	2026-10-08T16:15:10.4818064Z test oracle::tests::the_oracle_and_the_presentation_agree_on_a_do_whiles_effects ... ok
stable / test and specification	UNKNOWN STEP	2026-10-08T16:15:10.4835716Z test oracle::tests::the_oracle_and_the_presentation_agree_on_a_lambdas_captures ... ok
stable / test and specification	UNKNOWN STEP	2026-10-08T16:15:10.4888951Z test oracle::tests::the_oracle_and_the_presentation_agree_on_a_loops_effects ... ok
stable / test and specification	UNKNOWN STEP	2026-10-08T16:15:10.4970763Z test oracle::tests::the_oracle_and_the_presentation_agree_on_polarity ... ok
stable / test and specification	UNKNOWN STEP	2026-10-08T16:15:10.4981830Z test oracle::tests::the_oracle_names_no_helper_of_the_layers_it_checks ... ok
stable / test and specification	UNKNOWN STEP	2026-10-08T16:15:10.5000486Z test oracle::tests::the_oracle_rejects_a_flipped_condition ... ok
stable / test and specification	UNKNOWN STEP	2026-10-08T16:15:10.5022320Z test oracle::tests::the_oracle_rejects_a_loop_effect_moved_out_of_the_loop ... ok
stable / test and specification	UNKNOWN STEP	2026-10-08T16:15:10.5041161Z test oracle::tests::the_oracle_rejects_a_reordered_or_shortened_capture_list ... ok
stable / test and specification	UNKNOWN STEP	2026-10-08T16:15:10.5061516Z test oracle::tests::the_oracle_rejects_a_wrong_return ... ok
stable / test and specification	UNKNOWN STEP	2026-10-08T16:15:10.5075071Z test oracle::tests::the_oracle_states_the_priority_of_a_crossing_table_and_the_report_carries_it ... ok
stable / test and specification	UNKNOWN STEP	2026-10-08T16:15:10.5076302Z test pass::tests::a_requirement_says_what_it_asks_for_and_a_rule_version_says_who_asked ... ok
stable / test and specification	UNKNOWN STEP	2026-10-08T16:15:10.5077689Z test pass::tests::the_profile_is_the_fact_layers_own_type_and_the_gate_reads_its_release ... ok
stable / test and specification	UNKNOWN STEP	2026-10-08T16:15:10.5078964Z test pass::tests::the_registered_table_states_each_rule_and_its_preconditions ... ok
stable / test and specification	UNKNOWN STEP	2026-10-08T16:15:10.5079914Z test refusal::tests::a_refusal_under_a_requirement_carries_the_rules_own_code ... ok
stable / test and specification	UNKNOWN STEP	2026-10-08T16:15:10.5080940Z test refusal::tests::a_requirement_a_rule_never_declared_cannot_be_refused_under - should panic ... ok
stable / test and specification	UNKNOWN STEP	2026-10-08T16:15:10.5082268Z test region::tests::a_fallback_names_the_code_and_the_place_it_could_not_prove ... ok
stable / test and specification	UNKNOWN STEP	2026-10-08T16:15:10.5083408Z test region::tests::cf02_tail_requires_both_distinct_normal_predecessors ... ok
stable / test and specification	UNKNOWN STEP	2026-10-08T16:15:10.5084838Z test region::tests::intermediate_join_requires_one_new_claim_per_tail_block ... ok
stable / test and specification	UNKNOWN STEP	2026-10-08T16:15:10.5086060Z test region::tests::range_end_transfer_rejects_competing_entries_and_exits ... ok
stable / test and specification	UNKNOWN STEP	2026-10-08T16:15:10.5086958Z test region::tests::shared_tail_needs_one_comparable_first_common_block ... ok
stable / test and specification	UNKNOWN STEP	2026-10-08T16:15:10.5088156Z test report::anonymous_capture_projection_tests::ast_walk_budget_and_cancellation_stop_before_returning_a_projection ... ok
stable / test and specification	UNKNOWN STEP	2026-10-08T16:15:10.5089729Z test report::anonymous_capture_projection_tests::duplicate_or_wrong_capture_ast_matches_refuse_the_whole_projection ... ok
stable / test and specification	UNKNOWN STEP	2026-10-08T16:15:10.5091445Z test report::anonymous_capture_projection_tests::exact_same_run_capture_read_projects_and_preserves_its_bci ... ok
stable / test and specification	UNKNOWN STEP	2026-10-08T16:15:10.5093590Z test report::class_initializer_candidate_tests::candidate_expression_charging_includes_a_member_creation_qualifier ... ok
stable / test and specification	UNKNOWN STEP	2026-10-08T16:15:10.5095668Z test report::class_initializer_candidate_tests::candidate_expression_charging_stops_at_the_shared_value_depth_bound ... ok
stable / test and specification	UNKNOWN STEP	2026-10-08T16:15:10.5097458Z test report::lambda_helper_instruction_coverage_tests::equal_node_and_instruction_counts_do_not_cover_an_extra_physical_instruction ... ok
stable / test and specification	UNKNOWN STEP	2026-10-08T16:15:10.5098986Z test source_map::tests::a_node_keeps_its_own_anchor_apart_from_the_one_it_presents ... ok
stable / test and specification	UNKNOWN STEP	2026-10-08T16:15:10.5099962Z test source_map::tests::an_anchor_says_which_member_body_its_bytecode_index_is_in ... ok
stable / test and specification	UNKNOWN STEP	2026-10-08T16:15:10.5100981Z test source_map::tests::cp_is_optional_and_survives_the_set ... ok
stable / test and specification	UNKNOWN STEP	2026-10-08T16:15:10.5101909Z test source_map::tests::the_table_answers_by_bci_and_by_byte ... ok
stable / test and specification	UNKNOWN STEP	2026-10-08T16:15:10.5102930Z test stop::tests::a_cancellation_outranks_a_bound_and_says_so ... ok
stable / test and specification	UNKNOWN STEP	2026-10-08T16:15:10.5104191Z test stop::tests::a_refused_charge_names_the_bound_it_refused_on ... ok
stable / test and specification	UNKNOWN STEP	2026-10-08T16:15:10.5177519Z test stringswitch::tests::duplicate_literal_and_cross_bucket_predecessor_refuse ... ok
stable / test and specification	UNKNOWN STEP	2026-10-08T16:15:10.5212359Z test stringswitch::tests::final_switch_external_predecessor_refuses ... ok
stable / test and specification	UNKNOWN STEP	2026-10-08T16:15:10.5262178Z test stringswitch::tests::independent_hash_use_and_wrong_bucket_refuse ... ok
stable / test and specification	UNKNOWN STEP	2026-10-08T16:15:10.5340263Z test stringswitch::tests::unicode_and_collision_buckets_have_complete_final_mapping ... ok
stable / test and specification	UNKNOWN STEP	2026-10-08T16:15:10.5345253Z test stringswitch::tests::utf16_hash_matches_java_for_bmp_supplementary_and_collision ... ok
stable / test and specification	UNKNOWN STEP	2026-10-08T16:15:10.5346247Z 
stable / test and specification	UNKNOWN STEP	2026-10-08T16:15:10.5346816Z test result: ok. 291 passed; 0 failed; 0 ignored; 0 measured; 0 filtered out; finished in 0.60s
stable / test and specification	UNKNOWN STEP	2026-10-08T16:15:10.5347245Z 
stable / test and specification	UNKNOWN STEP	2026-10-08T16:15:10.5350820Z ^[[1m^[[92m     Running^[[0m tests/anonymous_allocation_candidates.rs (target/debug/deps/anonymous_allocation_candidates-17a452c4daa733f5)
stable / test and specification	UNKNOWN STEP	2026-10-08T16:15:10.5365055Z 
stable / test and specification	UNKNOWN STEP	2026-10-08T16:15:10.5365282Z running 5 tests
stable / test and specification	UNKNOWN STEP	2026-10-08T16:15:10.5397049Z test allocation_candidates_include_new_expressions_reserved_by_concat ... ok
stable / test and specification	UNKNOWN STEP	2026-10-08T16:15:10.5413706Z test frozen_anonymous_interface_return_bci_matches_its_allocation_scan ... ok
stable / test and specification	UNKNOWN STEP	2026-10-08T16:15:10.5458474Z test same_method_double_site_scan_preserves_both_bcis_without_rule_details ... ok
stable / test and specification	UNKNOWN STEP	2026-10-08T16:15:10.5575123Z test same_run_new_sidecar_preserves_order_and_ignores_rule_details_selection ... ok
stable / test and specification	UNKNOWN STEP	2026-10-08T16:15:10.5593048Z test unresolved_new_constant_pool_entry_cannot_yield_a_complete_scan ... ok
stable / test and specification	UNKNOWN STEP	2026-10-08T16:15:10.5593495Z 
stable / test and specification	UNKNOWN STEP	2026-10-08T16:15:10.5594147Z test result: ok. 5 passed; 0 failed; 0 ignored; 0 measured; 0 filtered out; finished in 0.02s
stable / test and specification	UNKNOWN STEP	2026-10-08T16:15:10.5594626Z 
stable / test and specification	UNKNOWN STEP	2026-10-08T16:15:10.5599131Z ^[[1m^[[92m     Running^[[0m tests/array_invocation_widening.rs (target/debug/deps/array_invocation_widening-4f2adf7608fe50e8)
stable / test and specification	UNKNOWN STEP	2026-10-08T16:15:10.5613168Z 
stable / test and specification	UNKNOWN STEP	2026-10-08T16:15:10.5613391Z running 6 tests
stable / test and specification	UNKNOWN STEP	2026-10-08T16:15:10.5670598Z test built_in_array_marker_interfaces_are_legal_invocation_targets ... ok
stable / test and specification	UNKNOWN STEP	2026-10-08T16:15:10.5726614Z test default_and_all_evidence_emit_the_same_successful_body_and_stop_before_partial_output ... ok
stable / test and specification	UNKNOWN STEP	2026-10-08T16:15:10.5762327Z test list_argument_keeps_the_iterable_call_once_with_both_origins ... ok
stable / test and specification	UNKNOWN STEP	2026-10-08T16:15:10.5793443Z test local_upcast_keeps_the_object_array_overload_and_effectful_argument_once ... ok
stable / test and specification	UNKNOWN STEP	2026-10-08T16:15:10.5848699Z test object_component_upcasts_keep_the_invocation_parameter_type ... ok
stable / test and specification	UNKNOWN STEP	2026-10-08T16:15:10.5880822Z test unknown_user_array_supertypes_keep_the_complete_fallback ... ok
stable / test and specification	UNKNOWN STEP	2026-10-08T16:15:10.5881153Z 
stable / test and specification	UNKNOWN STEP	2026-10-08T16:15:10.5881539Z test result: ok. 6 passed; 0 failed; 0 ignored; 0 measured; 0 filtered out; finished in 0.03s
stable / test and specification	UNKNOWN STEP	2026-10-08T16:15:10.5881898Z 
stable / test and specification	UNKNOWN STEP	2026-10-08T16:15:10.5887209Z ^[[1m^[[92m     Running^[[0m tests/class_initializer_candidates.rs (target/debug/deps/class_initializer_candidates-3eaf80700eb53edb)
stable / test and specification	UNKNOWN STEP	2026-10-08T16:15:10.5901857Z 
stable / test and specification	UNKNOWN STEP	2026-10-08T16:15:10.5902104Z running 10 tests
stable / test and specification	UNKNOWN STEP	2026-10-08T16:15:10.6524663Z test candidate_collection_budget_refusal_is_a_real_stop_without_a_partial_sidecar ... ok
stable / test and specification	UNKNOWN STEP	2026-10-08T16:15:10.6541220Z test candidate_sequence_keeps_unclaimed_top_level_effects_visible ... ok
stable / test and specification	UNKNOWN STEP	2026-10-08T16:15:10.6559321Z test class_source_sidecar_keeps_field_identity_rhs_and_bytecode_order ... ok
stable / test and specification	UNKNOWN STEP	2026-10-08T16:15:10.6623862Z test enum_identity_proof_accepts_distinct_ordinals_and_refuses_aliased_fields ... ok
stable / test and specification	UNKNOWN STEP	2026-10-08T16:15:10.6697240Z test enum_identity_proof_consumes_the_actual_factory_and_public_values_bodies ... ok
stable / test and specification	UNKNOWN STEP	2026-10-08T16:15:10.6724508Z test enum_map_proof_follows_real_initializer_stores_instead_of_field_or_key_order ... ok
stable / test and specification	UNKNOWN STEP	2026-10-08T16:15:10.6750295Z test enum_map_proof_refuses_multiple_writes_and_non_unique_keys ... ok
stable / test and specification	UNKNOWN STEP	2026-10-08T16:15:10.6800506Z test initializer_sidecar_covers_ordinary_classes_and_interfaces_but_not_annotations ... ok
stable / test and specification	UNKNOWN STEP	2026-10-08T16:15:10.6823939Z test sidecar_keeps_forward_and_constant_phase_reads_at_their_real_bcis ... ok
stable / test and specification	UNKNOWN STEP	2026-10-08T16:15:10.6845339Z test sidecar_marks_a_real_exception_handler_and_never_calls_it_a_linear_body ... ok
stable / test and specification	UNKNOWN STEP	2026-10-08T16:15:10.6846227Z 
stable / test and specification	UNKNOWN STEP	2026-10-08T16:15:10.6846715Z test result: ok. 10 passed; 0 failed; 0 ignored; 0 measured; 0 filtered out; finished in 0.09s
stable / test and specification	UNKNOWN STEP	2026-10-08T16:15:10.6851668Z ^[[1m^[[92m     Running^[[0m tests/em27_inline_char_array.rs (target/debug/deps/em27_inline_char_array-8dcccdfa94be09f9)
stable / test and specification	UNKNOWN STEP	2026-10-08T16:15:10.6852143Z 
stable / test and specification	UNKNOWN STEP	2026-10-08T16:15:10.6866308Z 
stable / test and specification	UNKNOWN STEP	2026-10-08T16:15:10.6866501Z running 2 tests
stable / test and specification	UNKNOWN STEP	2026-10-08T16:15:10.6899690Z test direct_string_char_array_has_explicit_new_and_all_source_anchors ... ok
stable / test and specification	UNKNOWN STEP	2026-10-08T16:15:10.6921100Z test output_budget_and_cancellation_publish_no_partial_string_constructor ... ok
stable / test and specification	UNKNOWN STEP	2026-10-08T16:15:10.6921453Z 
stable / test and specification	UNKNOWN STEP	2026-10-08T16:15:10.6921835Z test result: ok. 2 passed; 0 failed; 0 ignored; 0 measured; 0 filtered out; finished in 0.01s
stable / test and specification	UNKNOWN STEP	2026-10-08T16:15:10.6922195Z 
stable / test and specification	UNKNOWN STEP	2026-10-08T16:15:10.6926715Z ^[[1m^[[92m     Running^[[0m tests/member_capture_outer_read.rs (target/debug/deps/member_capture_outer_read-a569432ffa96e902)
stable / test and specification	UNKNOWN STEP	2026-10-08T16:15:10.6938988Z 
stable / test and specification	UNKNOWN STEP	2026-10-08T16:15:10.6939153Z running 2 tests
stable / test and specification	UNKNOWN STEP	2026-10-08T16:15:10.7007032Z test exact_capture_keeps_other_and_child_origins_in_both_evidence_modes ... ok
stable / test and specification	UNKNOWN STEP	2026-10-08T16:15:10.7053992Z test stale_method_bci_and_field_facts_refuse_without_publishing_source ... ok
stable / test and specification	UNKNOWN STEP	2026-10-08T16:15:10.7054618Z 
stable / test and specification	UNKNOWN STEP	2026-10-08T16:15:10.7055280Z test result: ok. 2 passed; 0 failed; 0 ignored; 0 measured; 0 filtered out; finished in 0.01s
stable / test and specification	UNKNOWN STEP	2026-10-08T16:15:10.7055911Z 
stable / test and specification	UNKNOWN STEP	2026-10-08T16:15:10.7059910Z ^[[1m^[[92m     Running^[[0m tests/nested_ctor_argument_sites.rs (target/debug/deps/nested_ctor_argument_sites-bced3e7f28c4b5ca)
stable / test and specification	UNKNOWN STEP	2026-10-08T16:15:10.7072479Z 
stable / test and specification	UNKNOWN STEP	2026-10-08T16:15:10.7072747Z running 5 tests
stable / test and specification	UNKNOWN STEP	2026-10-08T16:15:10.7111324Z test an_unknown_constructor_argument_bootstrap_keeps_the_whole_method_quoted ... ok
stable / test and specification	UNKNOWN STEP	2026-10-08T16:15:10.7215371Z test every_frozen_construction_presentation_is_byte_identical ... ok
stable / test and specification	UNKNOWN STEP	2026-10-08T16:15:10.7663129Z test functional_constructor_arguments_render_as_complete_method_bodies_on_both_legs ... ok
stable / test and specification	UNKNOWN STEP	2026-10-08T16:15:10.7719820Z test the_patrol_anchors_present_the_whole_nested_chain ... ok
stable / test and specification	UNKNOWN STEP	2026-10-08T16:15:10.7851954Z test the_variant_constructions_present_and_the_negatives_stay_quoted ... ok
stable / test and specification	UNKNOWN STEP	2026-10-08T16:15:10.7852370Z 
stable / test and specification	UNKNOWN STEP	2026-10-08T16:15:10.7852824Z test result: ok. 5 passed; 0 failed; 0 ignored; 0 measured; 0 filtered out; finished in 0.08s
stable / test and specification	UNKNOWN STEP	2026-10-08T16:15:10.7853265Z 
stable / test and specification	UNKNOWN STEP	2026-10-08T16:15:10.7858690Z ^[[1m^[[92m     Running^[[0m tests/nested_monitor_regions.rs (target/debug/deps/nested_monitor_regions-8b29d42d242933ca)
stable / test and specification	UNKNOWN STEP	2026-10-08T16:15:10.7872138Z 
stable / test and specification	UNKNOWN STEP	2026-10-08T16:15:10.7872318Z running 4 tests
stable / test and specification	UNKNOWN STEP	2026-10-08T16:15:10.8075661Z test the_frozen_variants_present_and_the_three_level_form_stays_refused ... ok
stable / test and specification	UNKNOWN STEP	2026-10-08T16:15:10.8122629Z test the_patrols_t4_sync_presents_both_blocks_and_the_loop_between_them ... ok
stable / test and specification	UNKNOWN STEP	2026-10-08T16:15:10.8162716Z test the_single_exit_and_two_arm_monitor_texts_are_byte_identical ... ok
stable / test and specification	UNKNOWN STEP	2026-10-08T16:15:10.8223447Z test the_unpaired_and_missing_exit_negatives_keep_their_refusals ... ok
stable / test and specification	UNKNOWN STEP	2026-10-08T16:15:10.8223943Z 
stable / test and specification	UNKNOWN STEP	2026-10-08T16:15:10.8224490Z test result: ok. 4 passed; 0 failed; 0 ignored; 0 measured; 0 filtered out; finished in 0.04s
stable / test and specification	UNKNOWN STEP	2026-10-08T16:15:10.8224853Z 
stable / test and specification	UNKNOWN STEP	2026-10-08T16:15:10.8230560Z ^[[1m^[[92m     Running^[[0m tests/p3_boolean_array_initializer_contract.rs (target/debug/deps/p3_boolean_array_initializer_contract-ef0f5fd9308fc51a)
stable / test and specification	UNKNOWN STEP	2026-10-08T16:15:10.8244177Z 
stable / test and specification	UNKNOWN STEP	2026-10-08T16:15:10.8244367Z running 5 tests
stable / test and specification	UNKNOWN STEP	2026-10-08T16:15:10.8275268Z test a_store_with_the_wrong_opcode_does_not_enter_the_boolean_initializer ... ok
stable / test and specification	UNKNOWN STEP	2026-10-08T16:15:10.8291564Z test budget_and_cancellation_do_not_publish_a_partial_initializer ... ok
stable / test and specification	UNKNOWN STEP	2026-10-08T16:15:10.8314639Z test effectful_boolean_elements_stay_ordered_once_and_keep_their_three_store_origins ... ok
stable / test and specification	UNKNOWN STEP	2026-10-08T16:15:10.8348253Z test essential_and_all_evidence_select_the_same_initializer_body ... ok
stable / test and specification	UNKNOWN STEP	2026-10-08T16:15:10.8366669Z test proven_boolean_initializer_uses_each_real_bastore_as_low_bit_origin ... ok
stable / test and specification	UNKNOWN STEP	2026-10-08T16:15:10.8367355Z 
stable / test and specification	UNKNOWN STEP	2026-10-08T16:15:10.8368499Z test result: ok. 5 passed; 0 failed; 0 ignored; 0 measured; 0 filtered out; finished in 0.01s
stable / test and specification	UNKNOWN STEP	2026-10-08T16:15:10.8369201Z 
stable / test and specification	UNKNOWN STEP	2026-10-08T16:15:10.8376604Z ^[[1m^[[92m     Running^[[0m tests/p3_carried_conditional_arguments.rs (target/debug/deps/p3_carried_conditional_arguments-b91c5e73b06a9436)
stable / test and specification	UNKNOWN STEP	2026-10-08T16:15:10.8390620Z 
stable / test and specification	UNKNOWN STEP	2026-10-08T16:15:10.8390834Z running 4 tests
stable / test and specification	UNKNOWN STEP	2026-10-08T16:15:10.8617707Z test carried_pair_budget_and_cancellation_publish_nothing ... ok
stable / test and specification	UNKNOWN STEP	2026-10-08T16:15:10.8704160Z test carried_values_in_static_and_instance_calls_keep_argument_order ... ok
stable / test and specification	UNKNOWN STEP	2026-10-08T16:15:10.8806721Z test invalid_type_extra_argument_and_non_prologue_refuse_atomically ... ok
stable / test and specification	UNKNOWN STEP	2026-10-08T16:15:10.8833151Z test two_constructor_arguments_are_ordered_and_source_complete ... ok
stable / test and specification	UNKNOWN STEP	2026-10-08T16:15:10.8833495Z 
stable / test and specification	UNKNOWN STEP	2026-10-08T16:15:10.8834519Z test result: ok. 4 passed; 0 failed; 0 ignored; 0 measured; 0 filtered out; finished in 0.04s
stable / test and specification	UNKNOWN STEP	2026-10-08T16:15:10.8834916Z 
stable / test and specification	UNKNOWN STEP	2026-10-08T16:15:10.8840467Z ^[[1m^[[92m     Running^[[0m tests/p3_conditional_field_writes.rs (target/debug/deps/p3_conditional_field_writes-7f48b417e8b60505)
stable / test and specification	UNKNOWN STEP	2026-10-08T16:15:10.8854360Z 
stable / test and specification	UNKNOWN STEP	2026-10-08T16:15:10.8854594Z running 1 test
stable / test and specification	UNKNOWN STEP	2026-10-08T16:15:10.8980539Z test proved_integer_conditionals_keep_jvm_boolean_field_store_semantics ... ok
stable / test and specification	UNKNOWN STEP	2026-10-08T16:15:10.8981009Z 
stable / test and specification	UNKNOWN STEP	2026-10-08T16:15:10.8981405Z test result: ok. 1 passed; 0 failed; 0 ignored; 0 measured; 0 filtered out; finished in 0.01s
stable / test and specification	UNKNOWN STEP	2026-10-08T16:15:10.8981782Z 
stable / test and specification	UNKNOWN STEP	2026-10-08T16:15:10.8985633Z ^[[1m^[[92m     Running^[[0m tests/p3_conditional_values.rs (target/debug/deps/p3_conditional_values-c022e9662afe4e9d)
stable / test and specification	UNKNOWN STEP	2026-10-08T16:15:10.8999157Z 
stable / test and specification	UNKNOWN STEP	2026-10-08T16:15:10.8999347Z running 2 tests
stable / test and specification	UNKNOWN STEP	2026-10-08T16:15:10.9053026Z test a_conditional_value_cannot_publish_partial_text_on_budget_or_cancellation ... ok
stable / test and specification	UNKNOWN STEP	2026-10-08T16:15:10.9327085Z test proved_values_are_one_lazy_typed_expression_in_each_supported_position ... ok
stable / test and specification	UNKNOWN STEP	2026-10-08T16:15:10.9327499Z 
stable / test and specification	UNKNOWN STEP	2026-10-08T16:15:10.9327870Z test result: ok. 2 passed; 0 failed; 0 ignored; 0 measured; 0 filtered out; finished in 0.03s
stable / test and specification	UNKNOWN STEP	2026-10-08T16:15:10.9328262Z 
stable / test and specification	UNKNOWN STEP	2026-10-08T16:15:10.9332550Z ^[[1m^[[92m     Running^[[0m tests/p3_do_while_return.rs (target/debug/deps/p3_do_while_return-4a3d922534080190)
stable / test and specification	UNKNOWN STEP	2026-10-08T16:15:10.9347250Z 
stable / test and specification	UNKNOWN STEP	2026-10-08T16:15:10.9347841Z running 6 tests
stable / test and specification	UNKNOWN STEP	2026-10-08T16:15:10.9409818Z test a_quote_a_stripped_body_cannot_compile_through_keeps_its_partial_presentation ... ok
stable / test and specification	UNKNOWN STEP	2026-10-08T16:15:10.9487603Z test closure_budget_and_cancellation_publish_no_partial_source ... ok
stable / test and specification	UNKNOWN STEP	2026-10-08T16:15:10.9531621Z test double_return_body_owns_both_leaves ... ok
stable / test and specification	UNKNOWN STEP	2026-10-08T16:15:10.9642230Z test the_do_while_false_return_bodies_recover ... ok
stable / test and specification	UNKNOWN STEP	2026-10-08T16:15:10.9676133Z test the_throw_face_of_the_quote_closes_the_whole_method ... ok
stable / test and specification	UNKNOWN STEP	2026-10-08T16:15:10.9741135Z test the_variant_negatives_keep_their_registered_refusals ... ok
stable / test and specification	UNKNOWN STEP	2026-10-08T16:15:10.9741656Z 
stable / test and specification	UNKNOWN STEP	2026-10-08T16:15:10.9742348Z test result: ok. 6 passed; 0 failed; 0 ignored; 0 measured; 0 filtered out; finished in 0.04s
stable / test and specification	UNKNOWN STEP	2026-10-08T16:15:10.9742999Z 
stable / test and specification	UNKNOWN STEP	2026-10-08T16:15:10.9748909Z ^[[1m^[[92m     Running^[[0m tests/p3_effectful_exits.rs (target/debug/deps/p3_effectful_exits-3c4bd63188ad67cb)
stable / test and specification	UNKNOWN STEP	2026-10-08T16:15:10.9762545Z 
stable / test and specification	UNKNOWN STEP	2026-10-08T16:15:10.9762770Z running 12 tests
stable / test and specification	UNKNOWN STEP	2026-10-08T16:15:10.9847020Z test certificate_budget_and_cancellation_leave_no_partial_source ... ok
stable / test and specification	UNKNOWN STEP	2026-10-08T16:15:10.9906693Z test constructor_predicate_complete_method_and_sources ... ok
stable / test and specification	UNKNOWN STEP	2026-10-08T16:15:11.0262629Z test constructor_predicate_rejects_unproved_producers_and_joins ... ok
stable / test and specification	UNKNOWN STEP	2026-10-08T16:15:11.0386038Z test constructor_predicate_stops_atomically ... ok
stable / test and specification	UNKNOWN STEP	2026-10-08T16:15:11.0420890Z test effectful_exits_own_each_block_and_source_once ... ok
stable / test and specification	UNKNOWN STEP	2026-10-08T16:15:11.0502025Z test nested_effectful_certificate_stops_without_partial_source ... ok
stable / test and specification	UNKNOWN STEP	2026-10-08T16:15:11.0541565Z test nested_effectful_exits_keep_the_inner_tail_in_its_if_arm ... ok
stable / test and specification	UNKNOWN STEP	2026-10-08T16:15:11.0677731Z test nested_effectful_exits_reject_unproved_edges ... ok
stable / test and specification	UNKNOWN STEP	2026-10-08T16:15:11.0802550Z test non_matching_edges_effects_and_handler_do_not_publish_endless_loop ... ok
stable / test and specification	UNKNOWN STEP	2026-10-08T16:15:11.0902163Z test two_level_effectful_certificate_stops_atomically ... ok
stable / test and specification	UNKNOWN STEP	2026-10-08T16:15:11.1127783Z test two_level_effectful_exits_reject_unproved_edges_and_values ... ok
stable / test and specification	UNKNOWN STEP	2026-10-08T16:15:11.1177303Z test two_level_effectful_exits_share_only_the_inner_join ... ok
stable / test and specification	UNKNOWN STEP	2026-10-08T16:15:11.1177687Z 
stable / test and specification	UNKNOWN STEP	2026-10-08T16:15:11.1178176Z test result: ok. 12 passed; 0 failed; 0 ignored; 0 measured; 0 filtered out; finished in 0.14s
stable / test and specification	UNKNOWN STEP	2026-10-08T16:15:11.1178630Z 
stable / test and specification	UNKNOWN STEP	2026-10-08T16:15:11.1184388Z ^[[1m^[[92m     Running^[[0m tests/p3_exception_only_catchall.rs (target/debug/deps/p3_exception_only_catchall-c1d0afd886d6c4ce)
stable / test and specification	UNKNOWN STEP	2026-10-08T16:15:11.1199037Z 
stable / test and specification	UNKNOWN STEP	2026-10-08T16:15:11.1199252Z running 4 tests
stable / test and specification	UNKNOWN STEP	2026-10-08T16:15:11.1231050Z test caught_object_is_rethrown_unchanged ... ok
stable / test and specification	UNKNOWN STEP	2026-10-08T16:15:11.1276754Z test fixed_exception_only_catch_has_complete_source_and_unique_blocks ... ok
stable / test and specification	UNKNOWN STEP	2026-10-08T16:15:11.1313540Z test stop_cannot_publish_a_partial_catch ... ok
stable / test and specification	UNKNOWN STEP	2026-10-08T16:15:11.1441103Z test verifier_valid_neighbors_never_publish_the_wrong_catch ... ok
stable / test and specification	UNKNOWN STEP	2026-10-08T16:15:11.1441530Z 
stable / test and specification	UNKNOWN STEP	2026-10-08T16:15:11.1442028Z test result: ok. 4 passed; 0 failed; 0 ignored; 0 measured; 0 filtered out; finished in 0.02s
stable / test and specification	UNKNOWN STEP	2026-10-08T16:15:11.1442510Z 
stable / test and specification	UNKNOWN STEP	2026-10-08T16:15:11.1447752Z ^[[1m^[[92m     Running^[[0m tests/p3_flag_conditional_finally.rs (target/debug/deps/p3_flag_conditional_finally-5d6931894becd0ca)
stable / test and specification	UNKNOWN STEP	2026-10-08T16:15:11.1461356Z 
stable / test and specification	UNKNOWN STEP	2026-10-08T16:15:11.1461542Z running 8 tests
stable / test and specification	UNKNOWN STEP	2026-10-08T16:15:11.1529242Z test cleanup_probe_recovers_one_finally_with_the_guarded_throw_tail ... ok
stable / test and specification	UNKNOWN STEP	2026-10-08T16:15:11.1567536Z test flag_conditional_test_has_one_finally_one_field_update_and_all_origins ... ok
stable / test and specification	UNKNOWN STEP	2026-10-08T16:15:11.1624129Z test negative_cleanup_grammar_changed_refuses ... ok
stable / test and specification	UNKNOWN STEP	2026-10-08T16:15:11.1727979Z test negative_copy_constant_or_field_mismatch_refuses ... ok
stable / test and specification	UNKNOWN STEP	2026-10-08T16:15:11.1785004Z test negative_double_set_true_or_statement_after_the_write_refuses ... ok
stable / test and specification	UNKNOWN STEP	2026-10-08T16:15:11.1814654Z test negative_inverted_condition_ifeq_refuses ... ok
stable / test and specification	UNKNOWN STEP	2026-10-08T16:15:11.1875000Z test negative_lead_not_false_or_multi_instruction_refuses ... ok
stable / test and specification	UNKNOWN STEP	2026-10-08T16:15:11.1903541Z test negative_without_a_set_true_write_refuses_the_conditional_finally ... ok
stable / test and specification	UNKNOWN STEP	2026-10-08T16:15:11.1904365Z 
stable / test and specification	UNKNOWN STEP	2026-10-08T16:15:11.1905039Z test result: ok. 8 passed; 0 failed; 0 ignored; 0 measured; 0 filtered out; finished in 0.04s
stable / test and specification	UNKNOWN STEP	2026-10-08T16:15:11.1905701Z 
stable / test and specification	UNKNOWN STEP	2026-10-08T16:15:11.1911386Z ^[[1m^[[92m     Running^[[0m tests/p3_inner_assignment.rs (target/debug/deps/p3_inner_assignment-62b86dc2c441ed85)
stable / test and specification	UNKNOWN STEP	2026-10-08T16:15:11.1925898Z 
stable / test and specification	UNKNOWN STEP	2026-10-08T16:15:11.1926101Z running 5 tests
stable / test and specification	UNKNOWN STEP	2026-10-08T16:15:11.1961649Z test call_result_is_assigned_once_inside_the_reached_condition ... ok
stable / test and specification	UNKNOWN STEP	2026-10-08T16:15:11.1990921Z test field_read_is_assigned_once_after_the_short_circuit_call ... ok
stable / test and specification	UNKNOWN STEP	2026-10-08T16:15:11.2068789Z test incomplete_copy_type_effect_and_scope_candidates_stay_quoted ... ok
stable / test and specification	UNKNOWN STEP	2026-10-08T16:15:11.2181450Z test local_assignment_budget_and_cancellation_publish_no_partial_method ... ok
stable / test and specification	UNKNOWN STEP	2026-10-08T16:15:11.2204699Z test the_loop_condition_control_presents_the_assignment_in_place ... ok
stable / test and specification	UNKNOWN STEP	2026-10-08T16:15:11.2205297Z 
stable / test and specification	UNKNOWN STEP	2026-10-08T16:15:11.2205792Z test result: ok. 5 passed; 0 failed; 0 ignored; 0 measured; 0 filtered out; finished in 0.03s
stable / test and specification	UNKNOWN STEP	2026-10-08T16:15:11.2206273Z 
stable / test and specification	UNKNOWN STEP	2026-10-08T16:15:11.2211658Z ^[[1m^[[92m     Running^[[0m tests/p3_intermediate_join.rs (target/debug/deps/p3_intermediate_join-d53ee9b13392e1c1)
stable / test and specification	UNKNOWN STEP	2026-10-08T16:15:11.2225807Z 
stable / test and specification	UNKNOWN STEP	2026-10-08T16:15:11.2225993Z running 5 tests
stable / test and specification	UNKNOWN STEP	2026-10-08T16:15:11.2287901Z test external_inner_join_entry_and_handler_edge_refuse_the_whole_region ... ok
stable / test and specification	UNKNOWN STEP	2026-10-08T16:15:11.2313603Z test inner_join_and_bridge_have_one_outer_arm_owner ... ok
stable / test and specification	UNKNOWN STEP	2026-10-08T16:15:11.2340017Z test intermediate_join_stops_without_publishing_partial_artifact ... ok
stable / test and specification	UNKNOWN STEP	2026-10-08T16:15:11.2381344Z test verifier_valid_independent_call_and_division_bridges_remain_referenced ... ok
stable / test and specification	UNKNOWN STEP	2026-10-08T16:15:11.2404229Z test verifier_valid_unknown_bridge_keeps_the_whole_candidate_referenced ... ok
stable / test and specification	UNKNOWN STEP	2026-10-08T16:15:11.2405235Z 
stable / test and specification	UNKNOWN STEP	2026-10-08T16:15:11.2405888Z test result: ok. 5 passed; 0 failed; 0 ignored; 0 measured; 0 filtered out; finished in 0.02s
stable / test and specification	UNKNOWN STEP	2026-10-08T16:15:11.2406521Z 
stable / test and specification	UNKNOWN STEP	2026-10-08T16:15:11.2409991Z ^[[1m^[[92m     Running^[[0m tests/p3_java_recovery.rs (target/debug/deps/p3_java_recovery-730c491c95257434)
stable / test and specification	UNKNOWN STEP	2026-10-08T16:15:11.2425006Z 
stable / test and specification	UNKNOWN STEP	2026-10-08T16:15:11.2425176Z running 55 tests
stable / test and specification	UNKNOWN STEP	2026-10-08T16:15:11.2466591Z test a_body_the_graph_accounts_for_names_the_copy_nothing_reaches ... ok
stable / test and specification	UNKNOWN STEP	2026-10-08T16:15:11.2487736Z test a_body_the_subset_cannot_prove_is_quoted_rather_than_emptied ... ok
stable / test and specification	UNKNOWN STEP	2026-10-08T16:15:11.2510761Z test a_body_without_debug_metadata_gets_deterministic_names ... ok
stable / test and specification	UNKNOWN STEP	2026-10-08T16:15:11.2545859Z test a_body_without_debug_names_is_named_deterministically_and_invents_no_source_scope ... ok
stable / test and specification	UNKNOWN STEP	2026-10-08T16:15:11.2595524Z test a_bound_receiver_without_capture_proof_is_refused_and_a_static_reference_is_adapted ... ok
stable / test and specification	UNKNOWN STEP	2026-10-08T16:15:11.2615637Z test a_budget_that_refuses_the_emission_of_a_lambda_body_hands_out_nothing ... ok
stable / test and specification	UNKNOWN STEP	2026-10-08T16:15:11.2622590Z test a_cancelled_run_produces_nothing_and_says_it_was_cancelled ... ok
stable / test and specification	UNKNOWN STEP	2026-10-08T16:15:11.2638714Z test a_capture_the_shape_may_not_replay_is_refused_under_the_declared_precondition ... ok
stable / test and specification	UNKNOWN STEP	2026-10-08T16:15:11.2654334Z test a_captured_lambda_is_written_with_its_capture_in_order_before_the_sam_parameters ... ok
stable / test and specification	UNKNOWN STEP	2026-10-08T16:15:11.2667024Z test a_committed_straight_line_body_is_presented_from_its_own_decode ... ok
stable / test and specification	UNKNOWN STEP	2026-10-08T16:15:11.2682834Z test a_discarded_construction_with_a_dynamic_argument_stays_refused ... ok
stable / test and specification	UNKNOWN STEP	2026-10-08T16:15:11.2703012Z test a_do_while_loop_runs_its_body_before_the_test ... ok
stable / test and specification	UNKNOWN STEP	2026-10-08T16:15:11.2717550Z test a_graph_that_is_not_reducible_is_quoted_whole_with_its_own_reason ... ok
stable / test and specification	UNKNOWN STEP	2026-10-08T16:15:11.2737522Z test a_handlers_instructions_a_dead_node_holds_are_accounted_for ... ok
stable / test and specification	UNKNOWN STEP	2026-10-08T16:15:11.2750925Z test a_keyword_name_takes_a_deterministic_alias_and_the_syntax_plane_says_so ... ok
stable / test and specification	UNKNOWN STEP	2026-10-08T16:15:11.2778943Z test a_lambda_body_without_debug_metadata_is_named_deterministically ... ok
stable / test and specification	UNKNOWN STEP	2026-10-08T16:15:11.2794611Z test a_loop_whose_header_writes_state_is_quoted_rather_than_hoisted ... ok
stable / test and specification	UNKNOWN STEP	2026-10-08T16:15:11.2835826Z test a_member_that_cannot_be_presented_leaves_the_member_that_can_alone ... ok
stable / test and specification	UNKNOWN STEP	2026-10-08T16:15:11.2852108Z test a_newarray_capture_is_written_with_the_array_type_its_instruction_states ... ok
stable / test and specification	UNKNOWN STEP	2026-10-08T16:15:11.2868423Z test a_newarray_capture_whose_implementation_disagrees_still_refuses ... ok
stable / test and specification	UNKNOWN STEP	2026-10-08T16:15:11.2885179Z test a_nullable_bound_constructor_argument_preserves_its_creation_time_check ... ok
stable / test and specification	UNKNOWN STEP	2026-10-08T16:15:11.2944911Z test a_nullable_direct_bound_reference_keeps_creation_and_consumer_producers_quoted ... ok
stable / test and specification	UNKNOWN STEP	2026-10-08T16:15:11.2949422Z test a_payload_without_the_tables_the_recovery_needs_states_that_instead_of_an_empty_body ... ok
stable / test and specification	UNKNOWN STEP	2026-10-08T16:15:11.2964872Z test a_profile_that_does_not_present_java_8_is_refused_the_lambda_rule ... ok
stable / test and specification	UNKNOWN STEP	2026-10-08T16:15:11.2981427Z test a_reused_array_length_value_keeps_the_loop_test_quoted ... ok
stable / test and specification	UNKNOWN STEP	2026-10-08T16:15:11.2997538Z test a_sam_that_the_implementation_does_not_line_up_with_is_refused ... ok
stable / test and specification	UNKNOWN STEP	2026-10-08T16:15:11.3022122Z test a_slot_the_records_cannot_place_is_one_variable_with_the_ordinal_name ... ok
stable / test and specification	UNKNOWN STEP	2026-10-08T16:15:11.3035703Z test a_straight_line_body_with_a_call_reaches_text_and_a_segment_table ... ok
stable / test and specification	UNKNOWN STEP	2026-10-08T16:15:11.3054687Z test a_tableswitch_becomes_one_arm_per_target_with_its_keys_and_default ... ok
stable / test and specification	UNKNOWN STEP	2026-10-08T16:15:11.3070508Z test a_verified_site_is_recorded_with_its_bootstrap_use_site_and_captures ... ok
stable / test and specification	UNKNOWN STEP	2026-10-08T16:15:11.3088339Z test a_verifier_valid_unrelated_dynamic_creation_is_not_guessed_as_a_constructor_argument ... ok
stable / test and specification	UNKNOWN STEP	2026-10-08T16:15:11.3109820Z test a_while_loop_keeps_its_test_inside_the_statement_and_its_body_in_order ... ok
stable / test and specification	UNKNOWN STEP	2026-10-08T16:15:11.3137616Z test an_alt_metafactory_flag_word_and_an_unread_instance_are_both_refused ... ok
stable / test and specification	UNKNOWN STEP	2026-10-08T16:15:11.3153560Z test an_arbitrary_bootstrap_is_never_presented_as_a_lambda ... ok
stable / test and specification	UNKNOWN STEP	2026-10-08T16:15:11.3171077Z test an_array_length_duplicate_carried_out_of_the_test_keeps_the_loop_quoted ... ok
stable / test and specification	UNKNOWN STEP	2026-10-08T16:15:11.3187359Z test an_array_length_with_an_extra_test_effect_keeps_the_loop_quoted ... ok
stable / test and specification	UNKNOWN STEP	2026-10-08T16:15:11.3204896Z test an_earlier_materialized_lambda_remains_outside_the_constructor_expression ... ok
stable / test and specification	UNKNOWN STEP	2026-10-08T16:15:11.3223028Z test an_if_else_is_written_with_the_arm_the_branch_really_picks ... ok
stable / test and specification	UNKNOWN STEP	2026-10-08T16:15:11.3238963Z test an_unconsumed_array_length_keeps_the_loop_test_quoted ... ok
stable / test and specification	UNKNOWN STEP	2026-10-08T16:15:11.3257158Z test an_unrelated_dynamic_argument_effect_stays_inside_the_constructor_fallback ... ok
stable / test and specification	UNKNOWN STEP	2026-10-08T16:15:11.3275462Z test an_untyped_bound_reference_stays_refused_inside_a_constructor_argument ... ok
stable / test and specification	UNKNOWN STEP	2026-10-08T16:15:11.3289105Z test array_helper_candidate_rejects_non_metafactory_and_foreign_implementation_handles ... ok
stable / test and specification	UNKNOWN STEP	2026-10-08T16:15:11.3337829Z test cf16_named_catch_owns_complete_switch_and_range_end_transfer ... ok
stable / test and specification	UNKNOWN STEP	2026-10-08T16:15:11.3519693Z test cf16_partial_case_ranges_and_real_resource_keep_their_boundaries ... ok
stable / test and specification	UNKNOWN STEP	2026-10-08T16:15:11.3582670Z test cf16_stopped_runs_do_not_publish_a_partial_try ... ok
stable / test and specification	UNKNOWN STEP	2026-10-08T16:15:11.3681805Z test cf18_budget_and_cancellation_never_publish_partial_source ... ok
stable / test and specification	UNKNOWN STEP	2026-10-08T16:15:11.3895839Z test cf18_fixed_methods_preserve_rows_dispatch_and_presented_origins ... ok
stable / test and specification	UNKNOWN STEP	2026-10-08T16:15:11.3901111Z test cf18_same_run_facts ... ignored, CF-18 evidence dump
stable / test and specification	UNKNOWN STEP	2026-10-08T16:15:11.4191740Z test cf18_verifier_valid_near_misses_refuse_the_whole_method ... ok
stable / test and specification	UNKNOWN STEP	2026-10-08T16:15:11.4206234Z test crossing_exception_records_are_quoted_with_the_priority_the_table_states ... ok
stable / test and specification	UNKNOWN STEP	2026-10-08T16:15:11.4235102Z test execution_quality_and_representation_each_state_their_own_thing ... ok
stable / test and specification	UNKNOWN STEP	2026-10-08T16:15:11.4284170Z test javac_bound_reference_nonnull_proofs_preserve_safe_forms_and_reject_class_dup ... ok
stable / test and specification	UNKNOWN STEP	2026-10-08T16:15:11.4298359Z test proved_entry_this_keeps_bound_method_reference ... ok
stable / test and specification	UNKNOWN STEP	2026-10-08T16:15:11.4320027Z test the_output_bound_is_checked_at_the_write_and_a_stop_produces_nothing ... ok
stable / test and specification	UNKNOWN STEP	2026-10-08T16:15:11.4336397Z test two_captures_are_written_in_the_order_the_site_reads_them ... ok
stable / test and specification	UNKNOWN STEP	2026-10-08T16:15:11.4336951Z 
stable / test and specification	UNKNOWN STEP	2026-10-08T16:15:11.4337604Z test result: ok. 54 passed; 0 failed; 1 ignored; 0 measured; 0 filtered out; finished in 0.19s
stable / test and specification	UNKNOWN STEP	2026-10-08T16:15:11.4338240Z 
stable / test and specification	UNKNOWN STEP	2026-10-08T16:15:11.4344624Z ^[[1m^[[92m     Running^[[0m tests/p3_local_null_conditional_finally.rs (target/debug/deps/p3_local_null_conditional_finally-7f37448560f1511f)
stable / test and specification	UNKNOWN STEP	2026-10-08T16:15:11.4359169Z 
stable / test and specification	UNKNOWN STEP	2026-10-08T16:15:11.4359374Z running 6 tests
stable / test and specification	UNKNOWN STEP	2026-10-08T16:15:11.4417963Z test local_null_test_has_one_finally_one_null_guarded_close_and_all_origins ... ok
stable / test and specification	UNKNOWN STEP	2026-10-08T16:15:11.4480134Z test negative_cleanup_slot_or_body_range_refuses ... ok
stable / test and specification	UNKNOWN STEP	2026-10-08T16:15:11.4515402Z test negative_copy_grammar_addition_refuses ... ok
stable / test and specification	UNKNOWN STEP	2026-10-08T16:15:11.4586435Z test negative_inverted_or_disagreeing_copies_refuse ... ok
stable / test and specification	UNKNOWN STEP	2026-10-08T16:15:11.4652533Z test negative_lead_is_not_a_null_initialisation_refuses ... ok
stable / test and specification	UNKNOWN STEP	2026-10-08T16:15:11.4721536Z test negative_saved_or_rethrow_identity_rewrite_refuses ... ok
stable / test and specification	UNKNOWN STEP	2026-10-08T16:15:11.4722150Z 
stable / test and specification	UNKNOWN STEP	2026-10-08T16:15:11.4722954Z test result: ok. 6 passed; 0 failed; 0 ignored; 0 measured; 0 filtered out; finished in 0.04s
stable / test and specification	UNKNOWN STEP	2026-10-08T16:15:11.4723988Z 
stable / test and specification	UNKNOWN STEP	2026-10-08T16:15:11.4730135Z ^[[1m^[[92m     Running^[[0m tests/p3_loop_body_double_jumps.rs (target/debug/deps/p3_loop_body_double_jumps-fd976b1f40872962)
stable / test and specification	UNKNOWN STEP	2026-10-08T16:15:11.4745357Z 
stable / test and specification	UNKNOWN STEP	2026-10-08T16:15:11.4754861Z running 7 tests
stable / test and specification	UNKNOWN STEP	2026-10-08T16:15:11.4793502Z test break_and_return_channel_recovers_the_return_arm ... ok
stable / test and specification	UNKNOWN STEP	2026-10-08T16:15:11.4922024Z test composite_labelled_families_recover_completely ... ok
stable / test and specification	UNKNOWN STEP	2026-10-08T16:15:11.5068894Z test double_jump_budget_and_cancellation_publish_no_partial_source ... ok
stable / test and specification	UNKNOWN STEP	2026-10-08T16:15:11.5250680Z test jump_transfer_blocks_have_one_owner_and_complete_sources ... ok
stable / test and specification	UNKNOWN STEP	2026-10-08T16:15:11.5405142Z test single_jump_matrix_is_unchanged_text ... ok
stable / test and specification	UNKNOWN STEP	2026-10-08T16:15:11.5462284Z test three_jump_body_keeps_its_registered_refusal ... ok
stable / test and specification	UNKNOWN STEP	2026-10-08T16:15:11.5662727Z test two_jump_loop_bodies_present_both_edges ... ok
stable / test and specification	UNKNOWN STEP	2026-10-08T16:15:11.5663106Z 
stable / test and specification	UNKNOWN STEP	2026-10-08T16:15:11.5663633Z test result: ok. 7 passed; 0 failed; 0 ignored; 0 measured; 0 filtered out; finished in 0.09s
stable / test and specification	UNKNOWN STEP	2026-10-08T16:15:11.5664453Z 
stable / test and specification	UNKNOWN STEP	2026-10-08T16:15:11.5669466Z ^[[1m^[[92m     Running^[[0m tests/p3_loop_exit_gateways.rs (target/debug/deps/p3_loop_exit_gateways-110e9f3bfa91f160)
stable / test and specification	UNKNOWN STEP	2026-10-08T16:15:11.5684245Z 
stable / test and specification	UNKNOWN STEP	2026-10-08T16:15:11.5684442Z running 3 tests
stable / test and specification	UNKNOWN STEP	2026-10-08T16:15:11.5751732Z test cf08_gateway_budget_and_cancellation_publish_no_partial_source ... ok
stable / test and specification	UNKNOWN STEP	2026-10-08T16:15:11.5778136Z test cf08_two_gateways_have_one_loop_owner_and_complete_sources ... ok
stable / test and specification	UNKNOWN STEP	2026-10-08T16:15:11.5871211Z test cf08_unproved_gateways_keep_physical_quotes ... ok
stable / test and specification	UNKNOWN STEP	2026-10-08T16:15:11.5871615Z 
stable / test and specification	UNKNOWN STEP	2026-10-08T16:15:11.5872357Z test result: ok. 3 passed; 0 failed; 0 ignored; 0 measured; 0 filtered out; finished in 0.02s
stable / test and specification	UNKNOWN STEP	2026-10-08T16:15:11.5872738Z 
stable / test and specification	UNKNOWN STEP	2026-10-08T16:15:11.5877598Z ^[[1m^[[92m     Running^[[0m tests/p3_loop_terminal_return.rs (target/debug/deps/p3_loop_terminal_return-4b4b0468b8d7912d)
stable / test and specification	UNKNOWN STEP	2026-10-08T16:15:11.5891198Z 
stable / test and specification	UNKNOWN STEP	2026-10-08T16:15:11.5891440Z running 5 tests
stable / test and specification	UNKNOWN STEP	2026-10-08T16:15:11.5963694Z test cf07_candidate_budget_and_cancellation_publish_no_partial_source ... ok
stable / test and specification	UNKNOWN STEP	2026-10-08T16:15:11.5992807Z test cf07_computed_terminal_returns_recover ... ok
stable / test and specification	UNKNOWN STEP	2026-10-08T16:15:11.6020491Z test cf07_loop_return_leaf_has_one_owner_and_source ... ok
stable / test and specification	UNKNOWN STEP	2026-10-08T16:15:11.6053242Z test cf07_nonterminal_break_does_not_become_a_terminal_return ... ok
stable / test and specification	UNKNOWN STEP	2026-10-08T16:15:11.6132299Z test cf07_unproved_terminal_candidates_keep_source_and_quote ... ok
stable / test and specification	UNKNOWN STEP	2026-10-08T16:15:11.6132855Z 
stable / test and specification	UNKNOWN STEP	2026-10-08T16:15:11.6133264Z test result: ok. 5 passed; 0 failed; 0 ignored; 0 measured; 0 filtered out; finished in 0.02s
stable / test and specification	UNKNOWN STEP	2026-10-08T16:15:11.6133638Z 
stable / test and specification	UNKNOWN STEP	2026-10-08T16:15:11.6139101Z ^[[1m^[[92m     Running^[[0m tests/p3_null_lead_straight_finally.rs (target/debug/deps/p3_null_lead_straight_finally-a42afc9c3fad6a1f)
stable / test and specification	UNKNOWN STEP	2026-10-08T16:15:11.6153109Z 
stable / test and specification	UNKNOWN STEP	2026-10-08T16:15:11.6153320Z running 7 tests
stable / test and specification	UNKNOWN STEP	2026-10-08T16:15:11.6220209Z test negative_cleanup_slot_or_argument_slot_refuses ... ok
stable / test and specification	UNKNOWN STEP	2026-10-08T16:15:11.6247752Z test negative_copy_grammar_addition_refuses ... ok
stable / test and specification	UNKNOWN STEP	2026-10-08T16:15:11.6274158Z test negative_disagreeing_copy_targets_refuses ... ok
stable / test and specification	UNKNOWN STEP	2026-10-08T16:15:11.6326631Z test negative_lead_is_no_null_constant_or_more_than_two_instructions_refuses ... ok
stable / test and specification	UNKNOWN STEP	2026-10-08T16:15:11.6376635Z test negative_saved_or_rethrow_identity_rewrite_refuses ... ok
stable / test and specification	UNKNOWN STEP	2026-10-08T16:15:11.6403604Z test negative_self_protecting_row_widening_refuses ... ok
stable / test and specification	UNKNOWN STEP	2026-10-08T16:15:11.6436859Z test null_lead_test_has_one_finally_one_call_and_all_origins ... ok
stable / test and specification	UNKNOWN STEP	2026-10-08T16:15:11.6437296Z 
stable / test and specification	UNKNOWN STEP	2026-10-08T16:15:11.6437821Z test result: ok. 7 passed; 0 failed; 0 ignored; 0 measured; 0 filtered out; finished in 0.03s
stable / test and specification	UNKNOWN STEP	2026-10-08T16:15:11.6438348Z 
stable / test and specification	UNKNOWN STEP	2026-10-08T16:15:11.6443329Z ^[[1m^[[92m     Running^[[0m tests/p3_patterns.rs (target/debug/deps/p3_patterns-0083cf32052e46a9)
stable / test and specification	UNKNOWN STEP	2026-10-08T16:15:11.6457818Z 
stable / test and specification	UNKNOWN STEP	2026-10-08T16:15:11.6458042Z running 83 tests
stable / test and specification	UNKNOWN STEP	2026-10-08T16:15:11.6498760Z test a_body_that_builds_a_concatenation_out_of_an_accessor_is_presented_as_both ... ok
stable / test and specification	UNKNOWN STEP	2026-10-08T16:15:11.6554085Z test a_body_without_debug_metadata_is_still_presented_with_deterministic_names ... ok
stable / test and specification	UNKNOWN STEP	2026-10-08T16:15:11.6571445Z test a_bridge_that_does_something_besides_forward_is_refused_and_its_body_kept ... ok
stable / test and specification	UNKNOWN STEP	2026-10-08T16:15:11.6587022Z test a_bridge_without_a_cast_is_presented_without_any_erasure ... ok
stable / test and specification	UNKNOWN STEP	2026-10-08T16:15:11.6614544Z test a_budget_that_refuses_the_emission_of_a_new_shape_hands_out_nothing ... ok
stable / test and specification	UNKNOWN STEP	2026-10-08T16:15:11.6632527Z test a_cast_of_a_value_that_is_not_a_parameter_is_not_the_parameter_cast_shape ... ok
stable / test and specification	UNKNOWN STEP	2026-10-08T16:15:11.6657371Z test a_chain_a_branch_cuts_is_refused_rather_than_written_as_one_expression ... ok
stable / test and specification	UNKNOWN STEP	2026-10-08T16:15:11.6677916Z test a_chain_whose_instance_is_stored_in_a_local_is_refused ... ok
stable / test and specification	UNKNOWN STEP	2026-10-08T16:15:11.6695934Z test a_construction_only_quoted_instructions_read_is_refused_and_quoted_whole ... ok
stable / test and specification	UNKNOWN STEP	2026-10-08T16:15:11.6711626Z test a_constructors_field_initializers_are_written_after_its_constructor_call_and_in_order ... ok
stable / test and specification	UNKNOWN STEP	2026-10-08T16:15:11.6727703Z test a_debug_table_that_names_slot_zero_this_is_not_a_keyword_to_alias ... ok
stable / test and specification	UNKNOWN STEP	2026-10-08T16:15:11.6744290Z test a_declared_bridge_is_presented_as_the_forward_it_is_with_the_cast_it_erases ... ok
stable / test and specification	UNKNOWN STEP	2026-10-08T16:15:11.6760654Z test a_double_capture_group_is_presented_after_its_constructor_call_in_order ... ok
stable / test and specification	UNKNOWN STEP	2026-10-08T16:15:11.6775619Z test a_field_named_like_a_capture_but_not_synthetic_stays_before_its_constructor_call ... ok
stable / test and specification	UNKNOWN STEP	2026-10-08T16:15:11.6796598Z test a_member_the_class_declares_without_a_body_is_refused_as_itself ... ok
stable / test and specification	UNKNOWN STEP	2026-10-08T16:15:11.6822739Z test a_member_the_class_did_not_declare_synthetic_is_not_an_accessor ... ok
stable / test and specification	UNKNOWN STEP	2026-10-08T16:15:11.6839529Z test a_member_the_class_does_not_declare_a_bridge_keeps_its_cast_quoted ... ok
stable / test and specification	UNKNOWN STEP	2026-10-08T16:15:11.6856526Z test a_parameter_cast_to_any_other_type_is_not_an_erasure ... ok
stable / test and specification	UNKNOWN STEP	2026-10-08T16:15:11.6873541Z test a_parameter_cast_to_the_source_type_is_the_canonical_bridge_shape ... ok
stable / test and specification	UNKNOWN STEP	2026-10-08T16:15:11.6891224Z test a_parameter_cast_with_the_return_erasure_is_one_canonical_bridge ... ok
stable / test and specification	UNKNOWN STEP	2026-10-08T16:15:11.6906055Z test a_run_that_states_no_access_flags_cannot_decide_a_bridge ... ok
stable / test and specification	UNKNOWN STEP	2026-10-08T16:15:11.6921522Z test a_run_that_was_not_told_the_class_refuses_the_pre_call_write_and_the_prologue ... ok
stable / test and specification	UNKNOWN STEP	2026-10-08T16:15:11.6932208Z test a_run_that_was_not_told_the_declaring_class_states_no_declaration ... ok
stable / test and specification	UNKNOWN STEP	2026-10-08T16:15:11.6951405Z test a_run_with_no_member_table_states_the_table_it_is_missing ... ok
stable / test and specification	UNKNOWN STEP	2026-10-08T16:15:11.6976081Z test a_shared_deferred_argument_dag_is_quoted_once_and_budgeted ... ok
stable / test and specification	UNKNOWN STEP	2026-10-08T16:15:11.6993424Z test a_single_append_is_not_a_concatenation ... ok
stable / test and specification	UNKNOWN STEP	2026-10-08T16:15:11.7014718Z test a_static_initializer_is_written_as_the_writes_it_performs_and_declared_as_one ... ok
stable / test and specification	UNKNOWN STEP	2026-10-08T16:15:11.7030748Z test a_static_initializer_source_map_stop_keeps_the_artifact_and_unpaid_tail_unmapped ... ok
stable / test and specification	UNKNOWN STEP	2026-10-08T16:15:11.7046588Z test a_static_object_to_interface_call_is_quoted_without_an_invented_cast ... ok
stable / test and specification	UNKNOWN STEP	2026-10-08T16:15:11.7073959Z test a_synthetic_accessors_call_site_is_presented_as_the_field_access_it_forwards ... ok
stable / test and specification	UNKNOWN STEP	2026-10-08T16:15:11.7101971Z test a_synthetic_capture_before_a_user_class_constructor_call_stays_where_the_bytecode_made_it ... ok
stable / test and specification	UNKNOWN STEP	2026-10-08T16:15:11.7117515Z test a_synthetic_capture_of_a_computed_value_stays_where_the_bytecode_made_it ... ok
stable / test and specification	UNKNOWN STEP	2026-10-08T16:15:11.7132220Z test a_synthetic_capture_store_is_presented_after_its_constructor_call ... ok
stable / test and specification	UNKNOWN STEP	2026-10-08T16:15:11.7148478Z test a_synthetic_enclosing_instance_store_is_presented_after_its_constructor_call ... ok
stable / test and specification	UNKNOWN STEP	2026-10-08T16:15:11.7168952Z test a_table_read_indexed_by_a_local_is_refused_and_the_subscript_is_written ... ok
stable / test and specification	UNKNOWN STEP	2026-10-08T16:15:11.7195830Z test a_verified_boolean_write_accessor_keeps_call_and_callee_put_origins ... ok
stable / test and specification	UNKNOWN STEP	2026-10-08T16:15:11.7215364Z test a_verified_chain_is_written_once_with_its_operands_in_the_order_it_read_them ... ok
stable / test and specification	UNKNOWN STEP	2026-10-08T16:15:11.7230194Z test a_verified_narrow_write_accessor_keeps_the_field_cast ... ok
stable / test and specification	UNKNOWN STEP	2026-10-08T16:15:11.7247035Z test a_void_parameter_cast_forward_is_presented_without_any_erasure ... ok
stable / test and specification	UNKNOWN STEP	2026-10-08T16:15:11.7272850Z test a_write_accessor_becomes_the_assignment_it_performs ... ok
stable / test and specification	UNKNOWN STEP	2026-10-08T16:15:11.7288497Z test a_write_made_before_the_constructor_call_stays_where_the_bytecode_made_it ... ok
stable / test and specification	UNKNOWN STEP	2026-10-08T16:15:11.7314652Z test an_accessor_whose_body_does_more_than_forward_is_refused ... ok
stable / test and specification	UNKNOWN STEP	2026-10-08T16:15:11.7329626Z test an_anonymous_classs_use_is_presented_with_the_enclosing_instance_it_really_read ... ok
stable / test and specification	UNKNOWN STEP	2026-10-08T16:15:11.7349497Z test an_append_overload_that_plus_would_not_reproduce_is_refused ... ok
stable / test and specification	UNKNOWN STEP	2026-10-08T16:15:11.7370472Z test an_enum_switch_is_presented_as_the_table_read_the_bytecode_performs ... ok
stable / test and specification	UNKNOWN STEP	2026-10-08T16:15:11.7385581Z test an_instance_call_upcasts_this_to_object_from_the_declaring_class_fact ... ok
stable / test and specification	UNKNOWN STEP	2026-10-08T16:15:11.7396584Z test an_interfaces_non_abstract_method_is_stated_as_a_default_method ... ok
stable / test and specification	UNKNOWN STEP	2026-10-08T16:15:11.7412897Z test an_interleaved_pre_call_group_stays_where_the_bytecode_made_it ... ok
stable / test and specification	UNKNOWN STEP	2026-10-08T16:15:11.7427996Z test an_invocation_argument_with_an_unproved_cast_stays_quoted ... ok
stable / test and specification	UNKNOWN STEP	2026-10-08T16:15:11.7442866Z test an_invocation_is_written_once_with_its_recovered_cast ... ok
stable / test and specification	UNKNOWN STEP	2026-10-08T16:15:11.7459602Z test an_unverified_boolean_write_accessor_stays_a_call ... ok
stable / test and specification	UNKNOWN STEP	2026-10-08T16:15:11.7513952Z test array_helper_candidate_reads_the_exact_bsm_member_and_proves_its_code ... ok
stable / test and specification	UNKNOWN STEP	2026-10-08T16:15:11.7565326Z test bridge_projection_fixtures_retain_same_pass_targets_or_the_shape_refusal ... ok
stable / test and specification	UNKNOWN STEP	2026-10-08T16:15:11.7576820Z test byte_conditional_invocation_budget_and_cancellation_publish_no_partial_proof ... ok
stable / test and specification	UNKNOWN STEP	2026-10-08T16:15:11.7598054Z test byte_conditional_invocation_narrows_only_proved_in_range_arms ... ok
stable / test and specification	UNKNOWN STEP	2026-10-08T16:15:11.7665399Z test byte_conditional_invocation_refuses_unproved_arms_targets_and_joins ... ok
stable / test and specification	UNKNOWN STEP	2026-10-08T16:15:11.7739134Z test class_source_bridge_sidecar_is_same_run_and_independent_of_rule_details ... ok
stable / test and specification	UNKNOWN STEP	2026-10-08T16:15:11.7825580Z test class_source_elides_only_the_closed_this_alias ... ok
stable / test and specification	UNKNOWN STEP	2026-10-08T16:15:11.7862654Z test class_source_enum_candidate_keeps_same_run_table_switch_and_receiver_identity ... ok
stable / test and specification	UNKNOWN STEP	2026-10-08T16:15:11.7999750Z test class_source_preserves_aliases_without_closed_receiver_uses ... ok
stable / test and specification	UNKNOWN STEP	2026-10-08T16:15:11.8109347Z test field_conditional_invocation_requires_matching_field_target_and_range ... ok
stable / test and specification	UNKNOWN STEP	2026-10-08T16:15:11.8121824Z test field_conditional_invocation_stop_publishes_no_partial_method ... ok
stable / test and specification	UNKNOWN STEP	2026-10-08T16:15:11.8168269Z test four_branch_certificate_reads_field_symbols_and_string_literals_from_bytes ... ok
stable / test and specification	UNKNOWN STEP	2026-10-08T16:15:11.8560658Z test four_branch_certificate_refuses_alias_phi_effect_handler_overload_and_missing_getter ... ok
stable / test and specification	UNKNOWN STEP	2026-10-08T16:15:11.8586870Z test four_branch_certificate_stops_without_partial_text ... ok
stable / test and specification	UNKNOWN STEP	2026-10-08T16:15:11.8631449Z test four_branched_string_values_have_one_builder_and_four_physical_appends ... ok
stable / test and specification	UNKNOWN STEP	2026-10-08T16:15:11.8686912Z test independent_hash_use_keeps_both_physical_switches ... ok
stable / test and specification	UNKNOWN STEP	2026-10-08T16:15:11.8729611Z test nested_string_switch_cross_case_exit_is_refused ... ok
stable / test and specification	UNKNOWN STEP	2026-10-08T16:15:11.8847559Z test nested_string_switch_keeps_its_final_dispatch_inside_the_outer_default ... ok
stable / test and specification	UNKNOWN STEP	2026-10-08T16:15:11.8875444Z test protected_narrow_conditional_does_not_cross_exception_edges ... ok
stable / test and specification	UNKNOWN STEP	2026-10-08T16:15:11.8894489Z test short_conditional_invocation_preserves_its_physical_target ... ok
stable / test and specification	UNKNOWN STEP	2026-10-08T16:15:11.8926335Z test straight_finally_reuses_its_guard_verdict_with_a_tight_budget ... ok
stable / test and specification	UNKNOWN STEP	2026-10-08T16:15:11.9010734Z test structured_finally_keeps_the_saved_return_inside_its_branch ... ok
stable / test and specification	UNKNOWN STEP	2026-10-08T16:15:11.9038679Z test the_anchor_of_a_presented_field_access_states_the_member_its_bci_is_in ... ok
stable / test and specification	UNKNOWN STEP	2026-10-08T16:15:11.9047623Z test the_models_section_is_independent_of_the_presentation ... ok
stable / test and specification	UNKNOWN STEP	2026-10-08T16:15:11.9086485Z test the_oracle_agrees_with_the_run_on_a_concatenation_and_on_a_field_access ... ok
stable / test and specification	UNKNOWN STEP	2026-10-08T16:15:11.9115389Z test the_oracle_agrees_with_the_run_on_a_constructor_and_on_a_construction ... ok
stable / test and specification	UNKNOWN STEP	2026-10-08T16:15:11.9134936Z test the_oracle_rejects_a_concatenation_that_calls_an_operand_twice ... ok
stable / test and specification	UNKNOWN STEP	2026-10-08T16:15:11.9154843Z test the_oracle_rejects_a_concatenation_whose_calls_are_written_in_another_order ... ok
stable / test and specification	UNKNOWN STEP	2026-10-08T16:15:11.9171234Z test the_oracle_rejects_a_constructor_call_written_after_its_field_initializers ... ok
stable / test and specification	UNKNOWN STEP	2026-10-08T16:15:11.9187077Z test the_oracle_rejects_a_constructor_whose_field_writes_are_in_another_order ... ok
stable / test and specification	UNKNOWN STEP	2026-10-08T16:15:11.9205494Z test the_same_member_in_a_class_is_an_ordinary_method_and_a_static_one_is_stated_as_such ... ok
stable / test and specification	UNKNOWN STEP	2026-10-08T16:15:11.9225389Z test the_same_shape_on_a_string_buffer_is_presented_with_its_call_in_the_middle ... ok
stable / test and specification	UNKNOWN STEP	2026-10-08T16:15:11.9225753Z 
stable / test and specification	UNKNOWN STEP	2026-10-08T16:15:11.9226156Z test result: ok. 83 passed; 0 failed; 0 ignored; 0 measured; 0 filtered out; finished in 0.28s
stable / test and specification	UNKNOWN STEP	2026-10-08T16:15:11.9226890Z 
stable / test and specification	UNKNOWN STEP	2026-10-08T16:15:11.9231965Z ^[[1m^[[92m     Running^[[0m tests/p3_preceded_catches.rs (target/debug/deps/p3_preceded_catches-e4ac5eb8a585c392)
stable / test and specification	UNKNOWN STEP	2026-10-08T16:15:11.9246078Z 
stable / test and specification	UNKNOWN STEP	2026-10-08T16:15:11.9246258Z running 11 tests
stable / test and specification	UNKNOWN STEP	2026-10-08T16:15:11.9290497Z test a_cross_block_builder_keeps_its_split_refusal_at_its_own_to_string ... ok
stable / test and specification	UNKNOWN STEP	2026-10-08T16:15:11.9324823Z test a_getstatic_statement_before_a_named_catch_presents_the_catch ... ok
stable / test and specification	UNKNOWN STEP	2026-10-08T16:15:11.9398051Z test a_multi_resource_twr_header_keeps_its_certificate ... ok
stable / test and specification	UNKNOWN STEP	2026-10-08T16:15:11.9435376Z test a_split_refusal_names_the_to_string_the_chains_own_builder_reaches ... ok
stable / test and specification	UNKNOWN STEP	2026-10-08T16:15:11.9493111Z test a_store_prefix_before_a_named_catch_presents_the_catch ... ok
stable / test and specification	UNKNOWN STEP	2026-10-08T16:15:11.9521270Z test a_void_call_statement_before_a_named_catch_presents_the_catch ... ok
stable / test and specification	UNKNOWN STEP	2026-10-08T16:15:11.9585325Z test field_write_statements_before_a_named_catch_stay_presented ... ok
stable / test and specification	UNKNOWN STEP	2026-10-08T16:15:11.9724295Z test m1_and_m2_presentations_are_unchanged_verbatim ... ok
stable / test and specification	UNKNOWN STEP	2026-10-08T16:15:11.9753546Z test m3_recovery_stops_atomically_under_budget_and_cancellation ... ok
stable / test and specification	UNKNOWN STEP	2026-10-08T16:15:11.9806071Z test the_original_finally_once_main_recovers_with_its_three_chains ... ok
stable / test and specification	UNKNOWN STEP	2026-10-08T16:15:11.9854918Z test the_whole_m3_main_recovers ... ok
stable / test and specification	UNKNOWN STEP	2026-10-08T16:15:11.9855210Z 
stable / test and specification	UNKNOWN STEP	2026-10-08T16:15:11.9855743Z test result: ok. 11 passed; 0 failed; 0 ignored; 0 measured; 0 filtered out; finished in 0.06s
stable / test and specification	UNKNOWN STEP	2026-10-08T16:15:11.9856246Z 
stable / test and specification	UNKNOWN STEP	2026-10-08T16:15:11.9862588Z ^[[1m^[[92m     Running^[[0m tests/p3_proved_boolean_conditional_returns.rs (target/debug/deps/p3_proved_boolean_conditional_returns-e17c1ffdd680219f)
stable / test and specification	UNKNOWN STEP	2026-10-08T16:15:11.9875848Z 
stable / test and specification	UNKNOWN STEP	2026-10-08T16:15:11.9876068Z running 3 tests
stable / test and specification	UNKNOWN STEP	2026-10-08T16:15:11.9912715Z test boolean_projection_stops_atomically_on_output_budget_or_cancellation ... ok
stable / test and specification	UNKNOWN STEP	2026-10-08T16:15:11.9974989Z test exact_boolean_merges_keep_the_test_polarity_and_all_origins ... ok
stable / test and specification	UNKNOWN STEP	2026-10-08T16:15:11.9995000Z test non_boolean_integer_phi_keeps_the_low_bit_conversion ... ok
stable / test and specification	UNKNOWN STEP	2026-10-08T16:15:11.9995336Z 
stable / test and specification	UNKNOWN STEP	2026-10-08T16:15:11.9995701Z test result: ok. 3 passed; 0 failed; 0 ignored; 0 measured; 0 filtered out; finished in 0.01s
stable / test and specification	UNKNOWN STEP	2026-10-08T16:15:11.9996060Z 
stable / test and specification	UNKNOWN STEP	2026-10-08T16:15:12.0000751Z ^[[1m^[[92m     Running^[[0m tests/p3_repeq_boolean_arguments.rs (target/debug/deps/p3_repeq_boolean_arguments-ec2463bc72078dc3)
stable / test and specification	UNKNOWN STEP	2026-10-08T16:15:12.0015080Z 
stable / test and specification	UNKNOWN STEP	2026-10-08T16:15:12.0015256Z running 7 tests
stable / test and specification	UNKNOWN STEP	2026-10-08T16:15:12.0056410Z test a_numeric_equality_argument_reaches_a_two_boolean_parameter_call ... ok
stable / test and specification	UNKNOWN STEP	2026-10-08T16:15:12.0121577Z test a_reference_equality_argument_is_the_comparison_itself ... ok
stable / test and specification	UNKNOWN STEP	2026-10-08T16:15:12.0151486Z test a_reference_inequality_argument_keeps_the_branches_own_sense ... ok
stable / test and specification	UNKNOWN STEP	2026-10-08T16:15:12.0181189Z test a_stored_comparison_result_passes_on_unchanged ... ok
stable / test and specification	UNKNOWN STEP	2026-10-08T16:15:12.0201382Z test a_zero_test_equality_argument_stays_refused ... ok
stable / test and specification	UNKNOWN STEP	2026-10-08T16:15:12.0216641Z test an_eager_boolean_and_argument_recovers_as_before ... ok
stable / test and specification	UNKNOWN STEP	2026-10-08T16:15:12.0236854Z test an_ordering_comparison_argument_stays_refused ... ok
stable / test and specification	UNKNOWN STEP	2026-10-08T16:15:12.0237219Z 
stable / test and specification	UNKNOWN STEP	2026-10-08T16:15:12.0237702Z test result: ok. 7 passed; 0 failed; 0 ignored; 0 measured; 0 filtered out; finished in 0.02s
stable / test and specification	UNKNOWN STEP	2026-10-08T16:15:12.0238183Z 
stable / test and specification	UNKNOWN STEP	2026-10-08T16:15:12.0243956Z ^[[1m^[[92m     Running^[[0m tests/p3_segmented_null_lead_finally.rs (target/debug/deps/p3_segmented_null_lead_finally-a996b4c1af072c94)
stable / test and specification	UNKNOWN STEP	2026-10-08T16:15:12.0257690Z 
stable / test and specification	UNKNOWN STEP	2026-10-08T16:15:12.0257909Z running 5 tests
stable / test and specification	UNKNOWN STEP	2026-10-08T16:15:12.0330799Z test negative_copy_target_or_argument_slot_refuses ... ok
stable / test and specification	UNKNOWN STEP	2026-10-08T16:15:12.0389085Z test negative_gap_or_lead_grammar_refuses ... ok
stable / test and specification	UNKNOWN STEP	2026-10-08T16:15:12.0419664Z test negative_rethrow_identity_rewrite_refuses ... ok
stable / test and specification	UNKNOWN STEP	2026-10-08T16:15:12.0533174Z test negative_saved_return_or_self_row_or_condition_refuses ... ok
stable / test and specification	UNKNOWN STEP	2026-10-08T16:15:12.0578110Z test segmented_null_lead_test_has_one_finally_one_folded_close_and_all_origins ... ok
stable / test and specification	UNKNOWN STEP	2026-10-08T16:15:12.0578850Z 
stable / test and specification	UNKNOWN STEP	2026-10-08T16:15:12.0579611Z test result: ok. 5 passed; 0 failed; 0 ignored; 0 measured; 0 filtered out; finished in 0.03s
stable / test and specification	UNKNOWN STEP	2026-10-08T16:15:12.0580711Z 
stable / test and specification	UNKNOWN STEP	2026-10-08T16:15:12.0586085Z ^[[1m^[[92m     Running^[[0m tests/p3_shared_join_finally.rs (target/debug/deps/p3_shared_join_finally-0e95c26616f32e80)
stable / test and specification	UNKNOWN STEP	2026-10-08T16:15:12.0600561Z 
stable / test and specification	UNKNOWN STEP	2026-10-08T16:15:12.0601153Z running 30 tests
stable / test and specification	UNKNOWN STEP	2026-10-08T16:15:12.0667081Z test catch_loop_test3_has_one_finally_and_all_bci_origins ... ok
stable / test and specification	UNKNOWN STEP	2026-10-08T16:15:12.0715808Z test catch_loop_test3_stop_discards_text_and_source_map ... ok
stable / test and specification	UNKNOWN STEP	2026-10-08T16:15:12.0961816Z test catch_loop_test3_verifier_valid_neighbors_refuse_finally ... ok
stable / test and specification	UNKNOWN STEP	2026-10-08T16:15:12.0993946Z test catch_value_test7_budget_and_cancellation_discard_partial_output ... ok
stable / test and specification	UNKNOWN STEP	2026-10-08T16:15:12.1065500Z test catch_value_test7_has_one_field_finally_and_joined_return ... ok
stable / test and specification	UNKNOWN STEP	2026-10-08T16:15:12.1263263Z test catch_value_test7_verifier_valid_neighbors_refuse_finally ... ok
stable / test and specification	UNKNOWN STEP	2026-10-08T16:15:12.1310431Z test concat_saved_return_has_one_finally_and_complete_physical_origins ... ok
stable / test and specification	UNKNOWN STEP	2026-10-08T16:15:12.1502317Z test concat_saved_return_neighbors_and_stops_refuse_atomically ... ok
stable / test and specification	UNKNOWN STEP	2026-10-08T16:15:12.1566083Z test conditional_test14_has_two_bounded_if_regions_and_all_origins ... ok
stable / test and specification	UNKNOWN STEP	2026-10-08T16:15:12.1851558Z test conditional_test14_neighbors_and_stops_refuse_atomically ... ok
stable / test and specification	UNKNOWN STEP	2026-10-08T16:15:12.2023689Z test empty_catch_test16_has_one_finally_and_two_real_rows ... ok
stable / test and specification	UNKNOWN STEP	2026-10-08T16:15:12.2055031Z test fixed_shared_join_has_one_finally_and_complete_physical_ownership ... ok
stable / test and specification	UNKNOWN STEP	2026-10-08T16:15:12.2139649Z test fixed_test11_has_one_iterable_finally_and_all_physical_origins ... ok
stable / test and specification	UNKNOWN STEP	2026-10-08T16:15:12.2200728Z test multi_return_loop_test5_has_one_finally_and_all_bci_origins ... ok
stable / test and specification	UNKNOWN STEP	2026-10-08T16:15:12.2500511Z test multi_return_loop_test5_valid_neighbors_refuse_and_stops_discard_partial_output ... ok
stable / test and specification	UNKNOWN STEP	2026-10-08T16:15:12.2580430Z test nested_test1_and_test2_have_one_outer_finally_and_complete_ownership ... ok
stable / test and specification	UNKNOWN STEP	2026-10-08T16:15:12.2661210Z test nested_test1_and_test2_stop_discards_text_and_source_map ... ok
stable / test and specification	UNKNOWN STEP	2026-10-08T16:15:12.2948510Z test nested_test1_and_test2_verifier_valid_near_misses_refuse_outer_finally ... ok
stable / test and specification	UNKNOWN STEP	2026-10-08T16:15:12.2988563Z test nested_test3_equal_other_string_is_still_one_finally ... ok
stable / test and specification	UNKNOWN STEP	2026-10-08T16:15:12.3029193Z test nested_test3_has_one_finally_and_complete_physical_ownership ... ok
stable / test and specification	UNKNOWN STEP	2026-10-08T16:15:12.3071159Z test nested_test3_stop_discards_text_and_source_map ... ok
stable / test and specification	UNKNOWN STEP	2026-10-08T16:15:12.3234125Z test nested_test3_verifier_valid_near_misses_refuse_shared_finally ... ok
stable / test and specification	UNKNOWN STEP	2026-10-08T16:15:12.3282578Z test nullable_resource_test9_has_one_finally_and_complete_origins ... ok
stable / test and specification	UNKNOWN STEP	2026-10-08T16:15:12.3551459Z test nullable_resource_test9_neighbors_refuse_and_stops_are_atomic ... ok
stable / test and specification	UNKNOWN STEP	2026-10-08T16:15:12.3636456Z test segmented_test13_has_one_owner_and_all_physical_origins ... ok
stable / test and specification	UNKNOWN STEP	2026-10-08T16:15:12.3899058Z test segmented_test13_neighbors_and_stops_publish_no_partial_finally ... ok
stable / test and specification	UNKNOWN STEP	2026-10-08T16:15:12.3927633Z test shared_join_stop_discards_text_and_source_map ... ok
stable / test and specification	UNKNOWN STEP	2026-10-08T16:15:12.4166084Z test two_catch_test17_has_one_finally_and_all_physical_origins ... ok
stable / test and specification	UNKNOWN STEP	2026-10-08T16:15:12.4241495Z test verifier_valid_boundary_variants_do_not_publish_a_partial_finally ... ok
stable / test and specification	UNKNOWN STEP	2026-10-08T16:15:12.4448818Z test verifier_valid_test11_neighbors_never_gain_a_finally_certificate ... ok
stable / test and specification	UNKNOWN STEP	2026-10-08T16:15:12.4449318Z 
stable / test and specification	UNKNOWN STEP	2026-10-08T16:15:12.4449827Z test result: ok. 30 passed; 0 failed; 0 ignored; 0 measured; 0 filtered out; finished in 0.38s
stable / test and specification	UNKNOWN STEP	2026-10-08T16:15:12.4450312Z 
stable / test and specification	UNKNOWN STEP	2026-10-08T16:15:12.4455427Z ^[[1m^[[92m     Running^[[0m tests/p3_shared_tail.rs (target/debug/deps/p3_shared_tail-7a90f6a8c9a7d8fe)
stable / test and specification	UNKNOWN STEP	2026-10-08T16:15:12.4469883Z 
stable / test and specification	UNKNOWN STEP	2026-10-08T16:15:12.4470266Z running 5 tests
stable / test and specification	UNKNOWN STEP	2026-10-08T16:15:12.4562591Z test cf03_candidate_budget_and_cancellation_publish_no_partial_source ... ok
stable / test and specification	UNKNOWN STEP	2026-10-08T16:15:12.4593254Z test cf03_independent_guards_stay_recovered ... ok
stable / test and specification	UNKNOWN STEP	2026-10-08T16:15:12.4623135Z test cf03_nested_claims_each_shared_leaf_and_tail_once ... ok
stable / test and specification	UNKNOWN STEP	2026-10-08T16:15:12.4646092Z test incomparable_shared_candidates_do_not_select_an_arbitrary_tail ... ok
stable / test and specification	UNKNOWN STEP	2026-10-08T16:15:12.4674784Z test tail_entry_outside_the_outer_branch_does_not_gain_a_second_owner ... ok
stable / test and specification	UNKNOWN STEP	2026-10-08T16:15:12.4675270Z 
stable / test and specification	UNKNOWN STEP	2026-10-08T16:15:12.4675762Z test result: ok. 5 passed; 0 failed; 0 ignored; 0 measured; 0 filtered out; finished in 0.02s
stable / test and specification	UNKNOWN STEP	2026-10-08T16:15:12.4676238Z 
stable / test and specification	UNKNOWN STEP	2026-10-08T16:15:12.4681269Z ^[[1m^[[92m     Running^[[0m tests/p3_short_circuit_chain_controls.rs (target/debug/deps/p3_short_circuit_chain_controls-3890bdfd52a6c106)
stable / test and specification	UNKNOWN STEP	2026-10-08T16:15:12.4694970Z 
stable / test and specification	UNKNOWN STEP	2026-10-08T16:15:12.4695178Z running 1 test
stable / test and specification	UNKNOWN STEP	2026-10-08T16:15:12.4729410Z test duplicate_consumer_in_three_test_shared_true_chain_is_fully_quoted ... ok
stable / test and specification	UNKNOWN STEP	2026-10-08T16:15:12.4729791Z 
stable / test and specification	UNKNOWN STEP	2026-10-08T16:15:12.4730176Z test result: ok. 1 passed; 0 failed; 0 ignored; 0 measured; 0 filtered out; finished in 0.00s
stable / test and specification	UNKNOWN STEP	2026-10-08T16:15:12.4730548Z 
stable / test and specification	UNKNOWN STEP	2026-10-08T16:15:12.4734852Z ^[[1m^[[92m     Running^[[0m tests/p3_transparent_empty_finally.rs (target/debug/deps/p3_transparent_empty_finally-e5826e4370666d40)
stable / test and specification	UNKNOWN STEP	2026-10-08T16:15:12.4747825Z 
stable / test and specification	UNKNOWN STEP	2026-10-08T16:15:12.4748080Z running 4 tests
stable / test and specification	UNKNOWN STEP	2026-10-08T16:15:12.4817755Z test budget_and_cancellation_stop_before_any_partial_source ... ok
stable / test and specification	UNKNOWN STEP	2026-10-08T16:15:12.4839178Z test failed_body_build_quotes_the_whole_candidate ... ok
stable / test and specification	UNKNOWN STEP	2026-10-08T16:15:12.4861136Z test fixed_empty_finally_has_one_plain_catch_and_all_physical_origins ... ok
stable / test and specification	UNKNOWN STEP	2026-10-08T16:15:12.4920118Z test verifier_valid_neighbors_keep_a_stated_refusal ... ok
stable / test and specification	UNKNOWN STEP	2026-10-08T16:15:12.4920613Z 
stable / test and specification	UNKNOWN STEP	2026-10-08T16:15:12.4936782Z test result: ok. 4 passed; 0 failed; 0 ignored; 0 measured; 0 filtered out; finished in 0.02s
stable / test and specification	UNKNOWN STEP	2026-10-08T16:15:12.4937480Z 
stable / test and specification	UNKNOWN STEP	2026-10-08T16:15:12.4938408Z ^[[1m^[[92m     Running^[[0m tests/p3_void_loop_finally.rs (target/debug/deps/p3_void_loop_finally-d3a779a38e31df94)
stable / test and specification	UNKNOWN STEP	2026-10-08T16:15:12.4940319Z 
stable / test and specification	UNKNOWN STEP	2026-10-08T16:15:12.4940497Z running 4 tests
stable / test and specification	UNKNOWN STEP	2026-10-08T16:15:12.5039191Z test void_loop_test2_budget_and_cancellation_discard_partial_output ... ok
stable / test and specification	UNKNOWN STEP	2026-10-08T16:15:12.5144806Z test void_loop_test2_has_one_finally_one_close_and_all_bci_origins ... ok
stable / test and specification	UNKNOWN STEP	2026-10-08T16:15:12.5239347Z test void_loop_test2_owner_bcis_are_the_physical_statement_span ... ok
stable / test and specification	UNKNOWN STEP	2026-10-08T16:15:12.5608251Z test void_loop_test2_verifier_valid_neighbors_refuse_finally ... ok
stable / test and specification	UNKNOWN STEP	2026-10-08T16:15:12.5608837Z 
stable / test and specification	UNKNOWN STEP	2026-10-08T16:15:12.5609229Z test result: ok. 4 passed; 0 failed; 0 ignored; 0 measured; 0 filtered out; finished in 0.07s
stable / test and specification	UNKNOWN STEP	2026-10-08T16:15:12.5609612Z 
stable / test and specification	UNKNOWN STEP	2026-10-08T16:15:12.5615379Z ^[[1m^[[92m     Running^[[0m tests/twr_direct_finally.rs (target/debug/deps/twr_direct_finally-e85dbca3c3bc5578)
stable / test and specification	UNKNOWN STEP	2026-10-08T16:15:12.5630711Z 
stable / test and specification	UNKNOWN STEP	2026-10-08T16:15:12.5631040Z running 5 tests
stable / test and specification	UNKNOWN STEP	2026-10-08T16:15:12.5771941Z test the_frozen_variants_present_their_forms ... ok
stable / test and specification	UNKNOWN STEP	2026-10-08T16:15:12.5909915Z test the_inner_form_and_the_pure_domains_are_unchanged ... ok
stable / test and specification	UNKNOWN STEP	2026-10-08T16:15:12.6073816Z test the_patched_negatives_stay_refused_and_their_neighbours_recover ... ok
stable / test and specification	UNKNOWN STEP	2026-10-08T16:15:12.6146054Z test the_patrols_p3_and_p1_anchors_present_the_direct_clause ... ok
stable / test and specification	UNKNOWN STEP	2026-10-08T16:15:12.6214736Z test the_registered_refusals_keep_their_quotes ... ok
stable / test and specification	UNKNOWN STEP	2026-10-08T16:15:12.6215263Z 
stable / test and specification	UNKNOWN STEP	2026-10-08T16:15:12.6215788Z test result: ok. 5 passed; 0 failed; 0 ignored; 0 measured; 0 filtered out; finished in 0.06s
stable / test and specification	UNKNOWN STEP	2026-10-08T16:15:12.6216304Z 
stable / test and specification	UNKNOWN STEP	2026-10-08T16:15:12.6221810Z ^[[1m^[[92m     Running^[[0m tests/twr_inner_finally.rs (target/debug/deps/twr_inner_finally-9fb5ea5ae0fa8460)
stable / test and specification	UNKNOWN STEP	2026-10-08T16:15:12.6236384Z 
stable / test and specification	UNKNOWN STEP	2026-10-08T16:15:12.6236611Z running 4 tests
stable / test and specification	UNKNOWN STEP	2026-10-08T16:15:12.6474679Z test the_frozen_variants_present_their_forms_and_the_solo_is_the_direct_form ... ok
stable / test and specification	UNKNOWN STEP	2026-10-08T16:15:12.6572451Z test the_overlapping_inner_rows_keep_their_refusals ... ok
stable / test and specification	UNKNOWN STEP	2026-10-08T16:15:12.6627342Z test the_patrols_t4_nested_presents_the_inner_try_finally_in_order ... ok
stable / test and specification	UNKNOWN STEP	2026-10-08T16:15:12.6686458Z test the_plain_twr_and_plain_finally_texts_are_byte_identical ... ok
stable / test and specification	UNKNOWN STEP	2026-10-08T16:15:12.6686984Z 
stable / test and specification	UNKNOWN STEP	2026-10-08T16:15:12.6687518Z test result: ok. 4 passed; 0 failed; 0 ignored; 0 measured; 0 filtered out; finished in 0.05s
stable / test and specification	UNKNOWN STEP	2026-10-08T16:15:12.6687999Z 
stable / test and specification	UNKNOWN STEP	2026-10-08T16:15:12.6694050Z ^[[1m^[[92m     Running^[[0m tests/varargs_ctor_argument_sites.rs (target/debug/deps/varargs_ctor_argument_sites-1b6bd9de042ec158)
stable / test and specification	UNKNOWN STEP	2026-10-08T16:15:12.6707941Z 
stable / test and specification	UNKNOWN STEP	2026-10-08T16:15:12.6708151Z running 3 tests
stable / test and specification	UNKNOWN STEP	2026-10-08T16:15:12.6802018Z test every_bare_and_nested_position_presentation_is_byte_identical ... ok
stable / test and specification	UNKNOWN STEP	2026-10-08T16:15:12.6887759Z test the_patrol_anchors_present_the_varargs_array_argument ... ok
stable / test and specification	UNKNOWN STEP	2026-10-08T16:15:12.7043145Z test the_variant_chains_present_and_the_negatives_stay_quoted ... ok
stable / test and specification	UNKNOWN STEP	2026-10-08T16:15:12.7043571Z 
stable / test and specification	UNKNOWN STEP	2026-10-08T16:15:12.7044294Z test result: ok. 3 passed; 0 failed; 0 ignored; 0 measured; 0 filtered out; finished in 0.03s
stable / test and specification	UNKNOWN STEP	2026-10-08T16:15:12.7044779Z 
stable / test and specification	UNKNOWN STEP	2026-10-08T16:15:12.7049501Z ^[[1m^[[92m     Running^[[0m unittests src/lib.rs (target/debug/deps/jarde_jvm-fde534b82d04717b)
stable / test and specification	UNKNOWN STEP	2026-10-08T16:15:12.7062242Z 
stable / test and specification	UNKNOWN STEP	2026-10-08T16:15:12.7062486Z running 234 tests
stable / test and specification	UNKNOWN STEP	2026-10-08T16:15:12.7068101Z test call_context::tests::a_body_whose_prefix_holds_a_legacy_opcode_needs_the_graph_to_place_it ... ok
stable / test and specification	UNKNOWN STEP	2026-10-08T16:15:12.7069643Z test call_context::tests::a_call_site_whose_body_owns_no_ret_is_unresolved ... ok
stable / test and specification	UNKNOWN STEP	2026-10-08T16:15:12.7072573Z test call_context::tests::a_cancellation_during_the_assembly_stops_the_pass_without_publishing ... ok
stable / test and specification	UNKNOWN STEP	2026-10-08T16:15:12.7074741Z test call_context::tests::a_cycle_the_raw_graph_can_enter_is_refused_by_the_cycle_search ... ok
stable / test and specification	UNKNOWN STEP	2026-10-08T16:15:12.7076652Z test call_context::tests::a_dead_call_site_does_not_block_the_live_ones ... ok
stable / test and specification	UNKNOWN STEP	2026-10-08T16:15:12.7079251Z test call_context::tests::a_dead_call_site_without_a_decoded_return_point_does_not_block_the_live_one ... ok
stable / test and specification	UNKNOWN STEP	2026-10-08T16:15:12.7081058Z test call_context::tests::a_dead_return_point_does_not_block_a_live_call_site ... ok
stable / test and specification	UNKNOWN STEP	2026-10-08T16:15:12.7085006Z test call_context::tests::a_discarded_return_address_is_not_restored_by_a_later_store ... ok
stable / test and specification	UNKNOWN STEP	2026-10-08T16:15:12.7087331Z test call_context::tests::a_handler_entry_is_no_successor_and_its_range_is_recorded ... ok
stable / test and specification	UNKNOWN STEP	2026-10-08T16:15:12.7089718Z test call_context::tests::a_handler_that_writes_locals_before_the_ret_contributes_them ... ok
stable / test and specification	UNKNOWN STEP	2026-10-08T16:15:12.7091218Z test call_context::tests::a_modern_body_classifies_its_wide_forms_by_the_opcode_they_wrap ... ok
stable / test and specification	UNKNOWN STEP	2026-10-08T16:15:12.7095063Z test call_context::tests::a_modern_class_file_with_a_legacy_opcode_is_forbidden ... ok
stable / test and specification	UNKNOWN STEP	2026-10-08T16:15:12.7097357Z test call_context::tests::a_modern_method_of_real_bytes_with_only_wide_local_accesses_has_no_context ... ok
stable / test and specification	UNKNOWN STEP	2026-10-08T16:15:12.7099701Z test call_context::tests::a_nested_call_returns_to_its_own_continuation ... ok
stable / test and specification	UNKNOWN STEP	2026-10-08T16:15:12.7102844Z test call_context::tests::a_nested_call_that_stores_its_own_slot_keeps_both_proofs ... ok
stable / test and specification	UNKNOWN STEP	2026-10-08T16:15:12.7105207Z test call_context::tests::a_nesting_cycle_in_dead_code_does_not_refuse_the_body ... ok
stable / test and specification	UNKNOWN STEP	2026-10-08T16:15:12.7107843Z test call_context::tests::a_null_in_the_slot_the_ret_reads_is_unresolved ... ok
stable / test and specification	UNKNOWN STEP	2026-10-08T16:15:12.7109274Z test call_context::tests::a_ret_no_call_context_owns_is_unresolved ... ok
stable / test and specification	UNKNOWN STEP	2026-10-08T16:15:12.7112167Z test call_context::tests::a_ret_whose_slot_never_held_the_return_address_is_unresolved ... ok
stable / test and specification	UNKNOWN STEP	2026-10-08T16:15:12.7114956Z test call_context::tests::a_return_address_carried_through_aload_is_unresolved ... ok
stable / test and specification	UNKNOWN STEP	2026-10-08T16:15:12.7117388Z test call_context::tests::a_shared_entry_keeps_one_context_per_call_site ... ok
stable / test and specification	UNKNOWN STEP	2026-10-08T16:15:12.7119751Z test call_context::tests::a_shared_subroutine_with_a_handler_keeps_one_context_per_call_site ... ok
stable / test and specification	UNKNOWN STEP	2026-10-08T16:15:12.7122174Z test call_context::tests::a_slot_written_by_another_value_kind_is_unresolved ... ok
stable / test and specification	UNKNOWN STEP	2026-10-08T16:15:12.7125573Z test call_context::tests::a_stored_return_address_proves_the_return_point ... ok
stable / test and specification	UNKNOWN STEP	2026-10-08T16:15:12.7127511Z test call_context::tests::a_truncated_body_whose_ret_was_not_decoded_is_unresolved ... ok
stable / test and specification	UNKNOWN STEP	2026-10-08T16:15:12.7133618Z test call_context::tests::a_wide_local_access_is_classified_by_the_opcode_it_wraps ... ok
stable / test and specification	UNKNOWN STEP	2026-10-08T16:15:12.7135357Z test call_context::tests::a_wide_ret_of_real_bytes_is_the_dialect_violation_of_its_version ... ok
stable / test and specification	UNKNOWN STEP	2026-10-08T16:15:12.7137998Z test call_context::tests::a_zero_item_budget_stops_the_pass_without_publishing_a_context_set ... ok
stable / test and specification	UNKNOWN STEP	2026-10-08T16:15:12.7140588Z test call_context::tests::an_address_overwritten_by_an_ordinary_value_is_unresolved ... ok
stable / test and specification	UNKNOWN STEP	2026-10-08T16:15:12.7144593Z test call_context::tests::an_address_stored_on_only_one_path_is_unresolved ... ok
stable / test and specification	UNKNOWN STEP	2026-10-08T16:15:12.7145896Z test call_context::tests::an_exhausted_step_budget_stops_the_walk ... ok
stable / test and specification	UNKNOWN STEP	2026-10-08T16:15:12.7149657Z test call_context::tests::an_inner_call_that_writes_the_outer_slot_is_unresolved ... ok
stable / test and specification	UNKNOWN STEP	2026-10-08T16:15:12.7151418Z test call_context::tests::call_sites_that_nest_through_each_other_are_unresolved ... ok
stable / test and specification	UNKNOWN STEP	2026-10-08T16:15:12.7156452Z test call_context::tests::every_phase_of_the_pass_stops_a_cancelled_run ... ok
stable / test and specification	UNKNOWN STEP	2026-10-08T16:15:12.7162746Z test call_context::tests::one_item_short_of_the_items_stops_the_pass_and_exactly_enough_completes_it ... ok
stable / test and specification	UNKNOWN STEP	2026-10-08T16:15:12.7164553Z test call_context::tests::the_assembly_publishes_the_whole_payload_when_it_is_allowed_to_finish ... ok
stable / test and specification	UNKNOWN STEP	2026-10-08T16:15:12.7168136Z test call_context::tests::the_declared_dimensions_of_the_pass_are_ir_items_ir_edges_and_steps ... ok
stable / test and specification	UNKNOWN STEP	2026-10-08T16:15:12.7169824Z test call_context::tests::the_diagnostic_names_the_call_site_not_the_context_index ... ok
stable / test and specification	UNKNOWN STEP	2026-10-08T16:15:12.7178781Z test call_context::tests::the_historical_finally_path_keeps_both_call_sites_of_its_shared_subroutine ... ok
stable / test and specification	UNKNOWN STEP	2026-10-08T16:15:12.7182417Z test call_context::tests::the_item_bill_charges_the_elements_of_a_context_set_and_not_the_outer_vector ... ok
stable / test and specification	UNKNOWN STEP	2026-10-08T16:15:12.7189007Z test call_context::tests::the_item_bill_grows_with_the_visited_product_and_not_with_the_outer_vector ... ok
stable / test and specification	UNKNOWN STEP	2026-10-08T16:15:12.7192204Z test call_context::tests::the_item_bill_of_the_fixture_matches_its_published_composition ... ok
stable / test and specification	UNKNOWN STEP	2026-10-08T16:15:12.7195065Z test call_context::tests::the_modern_dialect_of_the_same_source_has_no_call_context ... ok
stable / test and specification	UNKNOWN STEP	2026-10-08T16:15:12.7197817Z test call_context::tests::the_store_that_consumes_the_token_is_the_only_one_that_carries_it ... ok
stable / test and specification	UNKNOWN STEP	2026-10-08T16:15:12.7202068Z test canonical::tests::a_cancelled_run_publishes_no_graph_at_any_phase ... ok
stable / test and specification	UNKNOWN STEP	2026-10-08T16:15:12.7206995Z test canonical::tests::a_clone_of_a_multi_block_region_keeps_every_original_bci ... ok
stable / test and specification	UNKNOWN STEP	2026-10-08T16:15:12.7211068Z test canonical::tests::a_context_the_walk_never_entered_inside_a_reachable_block_is_refused ... ok
stable / test and specification	UNKNOWN STEP	2026-10-08T16:15:12.7215188Z test canonical::tests::a_jsr_in_a_handler_is_cloned_with_the_context_of_the_exception_path ... ok
stable / test and specification	UNKNOWN STEP	2026-10-08T16:15:12.7217691Z test canonical::tests::a_jump_into_a_protected_region_keeps_the_identity_the_fusion_moved ... ok
stable / test and specification	UNKNOWN STEP	2026-10-08T16:15:12.7219964Z test canonical::tests::a_loop_header_is_not_absorbed_by_the_body_that_jumps_back_to_it ... ok
stable / test and specification	UNKNOWN STEP	2026-10-08T16:15:12.7222605Z test canonical::tests::a_ret_the_payload_proves_no_return_point_for_stops_the_normalization ... ok
stable / test and specification	UNKNOWN STEP	2026-10-08T16:15:12.7227333Z test canonical::tests::a_subroutine_shared_by_two_call_sites_clones_its_nested_call_per_path ... ok
stable / test and specification	UNKNOWN STEP	2026-10-08T16:15:12.7230737Z test canonical::tests::a_truncated_body_normalizes_its_reliable_prefix_and_says_so ... ok
stable / test and specification	UNKNOWN STEP	2026-10-08T16:15:12.7235979Z test canonical::tests::an_exact_clone_budget_completes_and_one_less_stops ... ok
stable / test and specification	UNKNOWN STEP	2026-10-08T16:15:12.7237976Z test canonical::tests::an_exception_edge_no_row_states_is_refused_before_the_graph_is_published ... ok
stable / test and specification	UNKNOWN STEP	2026-10-08T16:15:12.7240908Z test canonical::tests::an_exhausted_step_budget_stops_the_walk_without_a_graph ... ok
stable / test and specification	UNKNOWN STEP	2026-10-08T16:15:12.7244285Z test canonical::tests::every_record_that_intersects_a_block_is_an_edge_and_a_row ... ok
stable / test and specification	UNKNOWN STEP	2026-10-08T16:15:12.7248016Z test canonical::tests::nested_calls_keep_their_call_path ... ok
stable / test and specification	UNKNOWN STEP	2026-10-08T16:15:12.7276077Z test canonical::tests::the_historical_finally_clones_its_shared_subroutine_per_call_site ... ok
stable / test and specification	UNKNOWN STEP	2026-10-08T16:15:12.7278811Z test canonical::tests::the_pass_charges_the_dimensions_it_declares ... ok
stable / test and specification	UNKNOWN STEP	2026-10-08T16:15:12.7280318Z test cfg::tests::a_branch_to_its_own_fall_through_is_one_successor ... ok
stable / test and specification	UNKNOWN STEP	2026-10-08T16:15:12.7281667Z test cfg::tests::a_conditional_branch_keeps_both_successors_and_partitions_the_body ... ok
stable / test and specification	UNKNOWN STEP	2026-10-08T16:15:12.7282845Z test cfg::tests::a_jsr_inside_a_block_keeps_its_continuation_reachable ... ok
stable / test and specification	UNKNOWN STEP	2026-10-08T16:15:12.7284372Z test cfg::tests::a_switch_emits_one_edge_per_distinct_target ... ok
stable / test and specification	UNKNOWN STEP	2026-10-08T16:15:12.7285718Z test cfg::tests::a_truncated_body_marks_the_graph_truncated ... ok
stable / test and specification	UNKNOWN STEP	2026-10-08T16:15:12.7287191Z test cfg::tests::an_unreachable_tail_is_listed_and_kept_as_blocks ... ok
stable / test and specification	UNKNOWN STEP	2026-10-08T16:15:12.7289726Z test cfg::tests::category_two_wide_local_accesses_match_their_short_forms ... ok
stable / test and specification	UNKNOWN STEP	2026-10-08T16:15:12.7291157Z test cfg::tests::effects_classify_locals_throw_sites_and_stack_deltas ... ok
stable / test and specification	UNKNOWN STEP	2026-10-08T16:15:12.7292587Z test cfg::tests::jsr_returns_stay_unresolved_and_their_continuation_stays_reachable ... ok
stable / test and specification	UNKNOWN STEP	2026-10-08T16:15:12.7294810Z test cfg::tests::overlapping_handlers_keep_declaration_order_and_parallel_edges ... ok
stable / test and specification	UNKNOWN STEP	2026-10-08T16:15:12.7296214Z test cfg::tests::repeated_throw_sites_of_one_block_share_one_edge_per_record ... ok
stable / test and specification	UNKNOWN STEP	2026-10-08T16:15:12.7297571Z test cfg::tests::self_loops_are_expressed_and_do_not_break_reachability ... ok
stable / test and specification	UNKNOWN STEP	2026-10-08T16:15:12.7500451Z test cfg::tests::the_block_ceiling_stops_the_pass_with_the_effective_limit ... ok
stable / test and specification	UNKNOWN STEP	2026-10-08T16:15:12.7506787Z test cfg::tests::the_historical_finally_paths_keep_the_subroutine_return_reachable ... ok
stable / test and specification	UNKNOWN STEP	2026-10-08T16:15:12.7507879Z test cfg::tests::the_pass_bills_exactly_its_declared_dimensions ... ok
stable / test and specification	UNKNOWN STEP	2026-10-08T16:15:12.7508873Z test cfg::tests::the_stack_table_follows_the_readers_opcode_numbering ... ok
stable / test and specification	UNKNOWN STEP	2026-10-08T16:15:12.7509983Z test cfg::tests::throw_semantics_cover_the_throwing_categories ... ok
stable / test and specification	UNKNOWN STEP	2026-10-08T16:15:12.7512076Z test cfg::tests::two_runs_publish_the_same_facts_and_order ... ok
stable / test and specification	UNKNOWN STEP	2026-10-08T16:15:12.7515853Z test cfg::tests::wide_forms_are_classified_exactly_like_the_short_forms_of_the_same_opcode ... ok
stable / test and specification	UNKNOWN STEP	2026-10-08T16:15:12.7517118Z test dispatch::tests::a_domain_outside_the_chain_is_the_other_loader_fact ... ok
stable / test and specification	UNKNOWN STEP	2026-10-08T16:15:12.7518265Z test dispatch::tests::candidate_evidence_names_the_strongest_applicable_fact ... ok
stable / test and specification	UNKNOWN STEP	2026-10-08T16:15:12.7519454Z test dispatch::tests::covered_by_scope_follows_the_p1_range_vocabulary ... ok
stable / test and specification	UNKNOWN STEP	2026-10-08T16:15:12.7520363Z test dispatch::tests::declared_evidence_defaults_to_no_fact ... ok
stable / test and specification	UNKNOWN STEP	2026-10-08T16:15:12.7521294Z test dispatch::tests::external_and_unprovided_roots_are_external_content ... ok
stable / test and specification	UNKNOWN STEP	2026-10-08T16:15:12.7522015Z test dispatch::tests::runtime_uncertainty_is_read_from_the_participating_domains ... ok
stable / test and specification	UNKNOWN STEP	2026-10-08T16:15:12.7527529Z test frame::tests::a_body_without_any_debug_attribute_still_gets_frames ... ok
stable / test and specification	UNKNOWN STEP	2026-10-08T16:15:12.7535674Z test frame::tests::a_cancelled_request_publishes_no_frames ... ok
stable / test and specification	UNKNOWN STEP	2026-10-08T16:15:12.7539723Z test frame::tests::a_category_two_value_marks_its_second_slot ... ok
stable / test and specification	UNKNOWN STEP	2026-10-08T16:15:12.7544437Z test frame::tests::a_constructor_call_initializes_every_alias_of_one_new_site ... ok
stable / test and specification	UNKNOWN STEP	2026-10-08T16:15:12.7550822Z test frame::tests::a_constructor_call_leaves_its_exception_input_unconverted ... ok
stable / test and specification	UNKNOWN STEP	2026-10-08T16:15:12.7558672Z test frame::tests::a_constructor_call_reaches_the_own_class_or_the_superclass ... ok
stable / test and specification	UNKNOWN STEP	2026-10-08T16:15:12.7564338Z test frame::tests::a_constructor_call_that_is_not_applicable_stops_the_body ... ok
stable / test and specification	UNKNOWN STEP	2026-10-08T16:15:12.7568916Z test frame::tests::a_constructor_may_store_its_own_field_through_the_uninitialized_this ... ok
stable / test and specification	UNKNOWN STEP	2026-10-08T16:15:12.7574300Z test frame::tests::a_long_shift_takes_its_distance_on_top_of_the_value ... ok
stable / test and specification	UNKNOWN STEP	2026-10-08T16:15:12.7575602Z test frame::tests::a_record_list_that_folded_two_edges_into_one_group_is_refused ... ok
stable / test and specification	UNKNOWN STEP	2026-10-08T16:15:12.7583642Z test frame::tests::a_reference_comparison_pops_references_and_an_integer_one_does_not ... ok
stable / test and specification	UNKNOWN STEP	2026-10-08T16:15:12.7588870Z test frame::tests::a_throw_site_contributes_the_state_before_its_instruction_takes_effect ... ok
stable / test and specification	UNKNOWN STEP	2026-10-08T16:15:12.7590682Z test frame::tests::a_truncated_body_gets_the_frames_of_its_prefix ... ok
stable / test and specification	UNKNOWN STEP	2026-10-08T16:15:12.7594684Z test frame::tests::an_exception_edge_is_entered_with_the_state_of_its_throw_site ... ok
stable / test and specification	UNKNOWN STEP	2026-10-08T16:15:12.7597885Z test frame::tests::an_exhausted_item_budget_stops_before_a_state_is_stored ... ok
stable / test and specification	UNKNOWN STEP	2026-10-08T16:15:12.7600870Z test frame::tests::an_init_named_invocation_that_is_not_an_invokespecial_stops_the_body ... ok
stable / test and specification	UNKNOWN STEP	2026-10-08T16:15:12.7610644Z test frame::tests::an_invocation_names_the_constant_pool_kind_its_opcode_takes ... ok
stable / test and specification	UNKNOWN STEP	2026-10-08T16:15:12.7617479Z test frame::tests::an_invocation_takes_its_shape_from_the_descriptor ... ok
stable / test and specification	UNKNOWN STEP	2026-10-08T16:15:12.7622057Z test frame::tests::consuming_an_uninitialized_value_stops_the_body ... ok
stable / test and specification	UNKNOWN STEP	2026-10-08T16:15:12.7627729Z test frame::tests::covering_either_slot_of_a_pair_invalidates_the_other ... ok
stable / test and specification	UNKNOWN STEP	2026-10-08T16:15:12.7632247Z test frame::tests::covering_the_upper_slot_of_a_pair_invalidates_the_lower_one ... ok
stable / test and specification	UNKNOWN STEP	2026-10-08T16:15:12.7637499Z test frame::tests::every_block_records_the_logical_inputs_it_was_merged_from ... ok
stable / test and specification	UNKNOWN STEP	2026-10-08T16:15:12.7646100Z test frame::tests::multianewarray_pops_one_length_per_dimension ... ok
stable / test and specification	UNKNOWN STEP	2026-10-08T16:15:12.7649891Z test frame::tests::reading_the_merged_local_is_what_fails ... ok
stable / test and specification	UNKNOWN STEP	2026-10-08T16:15:12.7650871Z test frame::tests::the_array_load_family_names_its_operand_classes_per_opcode ... ok
stable / test and specification	UNKNOWN STEP	2026-10-08T16:15:12.7651700Z test frame::tests::the_array_store_family_names_its_operand_classes_per_opcode ... ok
stable / test and specification	UNKNOWN STEP	2026-10-08T16:15:12.7652566Z test frame::tests::the_comparison_and_branch_family_names_its_operand_classes_per_opcode ... ok
stable / test and specification	UNKNOWN STEP	2026-10-08T16:15:12.7654041Z test frame::tests::the_conversion_family_names_its_operand_classes_per_opcode ... ok
stable / test and specification	UNKNOWN STEP	2026-10-08T16:15:12.7655212Z test frame::tests::the_conversion_reaches_every_alias_and_no_other_value ... ok
stable / test and specification	UNKNOWN STEP	2026-10-08T16:15:12.7656477Z test frame::tests::the_dense_table_covers_the_opcode_space_and_agrees_with_the_raw_pass ... ok
stable / test and specification	UNKNOWN STEP	2026-10-08T16:15:12.7667254Z test frame::tests::the_dup_family_pairs_its_categories ... ok
stable / test and specification	UNKNOWN STEP	2026-10-08T16:15:12.7669390Z test frame::tests::the_entry_frame_follows_the_declaration ... ok
stable / test and specification	UNKNOWN STEP	2026-10-08T16:15:12.7673269Z test frame::tests::the_exception_input_of_a_constructor_call_is_the_state_at_the_call ... ok
stable / test and specification	UNKNOWN STEP	2026-10-08T16:15:12.7674589Z test frame::tests::the_form_family_names_its_form_per_opcode ... ok
stable / test and specification	UNKNOWN STEP	2026-10-08T16:15:12.7675703Z test frame::tests::the_local_access_family_names_the_class_of_its_local_per_opcode ... ok
stable / test and specification	UNKNOWN STEP	2026-10-08T16:15:12.7679526Z test frame::tests::the_moves_carry_a_token_without_converting_it ... ok
stable / test and specification	UNKNOWN STEP	2026-10-08T16:15:12.7683308Z test frame::tests::the_pass_bills_exactly_its_declared_dimensions ... ok
stable / test and specification	UNKNOWN STEP	2026-10-08T16:15:12.7691924Z test frame::tests::the_reference_singletons_name_their_operand_classes_per_opcode ... ok
stable / test and specification	UNKNOWN STEP	2026-10-08T16:15:12.7693128Z test frame::tests::the_return_family_names_the_class_it_returns_per_opcode ... ok
stable / test and specification	UNKNOWN STEP	2026-10-08T16:15:12.7694590Z test frame::tests::the_shift_family_names_its_operand_classes_per_opcode ... ok
stable / test and specification	UNKNOWN STEP	2026-10-08T16:15:12.8255215Z test frame::tests::the_stack_ceiling_is_enforced ... ok
stable / test and specification	UNKNOWN STEP	2026-10-08T16:15:12.8261935Z test frame::tests::two_clones_of_one_subroutine_get_two_new_sites ... ok
stable / test and specification	UNKNOWN STEP	2026-10-08T16:15:12.8266971Z test frame::tests::two_disagreeing_writes_to_one_dead_local_merge_and_still_analyze ... ok
stable / test and specification	UNKNOWN STEP	2026-10-08T16:15:12.8271807Z test frame::tests::two_new_sites_are_two_tokens_one_call_does_not_convert ... ok
stable / test and specification	UNKNOWN STEP	2026-10-08T16:15:12.8276559Z test frame::tests::two_new_sites_of_two_paths_do_not_merge_into_one_token ... ok
stable / test and specification	UNKNOWN STEP	2026-10-08T16:15:12.8284305Z test frame::tests::two_paths_into_one_block_must_agree_on_the_slot_classes ... ok
stable / test and specification	UNKNOWN STEP	2026-10-08T16:15:12.8285580Z test frame::tests::two_paths_into_one_block_must_agree_on_the_stack_depth ... ok
stable / test and specification	UNKNOWN STEP	2026-10-08T16:15:12.8290431Z test frame::tests::two_throw_sites_of_one_block_enter_the_handler_with_their_own_locals ... ok
stable / test and specification	UNKNOWN STEP	2026-10-08T16:15:12.8292023Z test frame_oracle::tests::a_body_outside_the_subset_abstains_with_the_instruction_that_is_outside_it ... ok
stable / test and specification	UNKNOWN STEP	2026-10-08T16:15:12.8296468Z test frame_oracle::tests::a_range_starting_inside_a_block_agrees_on_the_handler_entry ... ok
stable / test and specification	UNKNOWN STEP	2026-10-08T16:15:12.8301579Z test frame_oracle::tests::an_exception_back_edge_agrees_on_the_state_it_settles_on ... ok
stable / test and specification	UNKNOWN STEP	2026-10-08T16:15:12.8307190Z test frame_oracle::tests::flaw_four_trusting_the_published_table_is_caught_by_a_tampered_table ... ok
stable / test and specification	UNKNOWN STEP	2026-10-08T16:15:12.8317901Z test frame_oracle::tests::flaw_one_reading_the_aggregated_edge_is_caught_by_the_two_site_body ... ok
stable / test and specification	UNKNOWN STEP	2026-10-08T16:15:12.8323073Z test frame_oracle::tests::flaw_three_a_comparator_that_reads_one_slot_less_is_caught ... ok
stable / test and specification	UNKNOWN STEP	2026-10-08T16:15:12.8333728Z test frame_oracle::tests::flaw_two_a_single_pass_over_the_blocks_is_caught_by_the_back_edge_body ... ok
stable / test and specification	UNKNOWN STEP	2026-10-08T16:15:12.8337232Z test frame_oracle::tests::the_category_two_body_agrees_and_states_both_of_its_slots ... ok
stable / test and specification	UNKNOWN STEP	2026-10-08T16:15:12.8338432Z test frame_oracle::tests::the_declaration_parser_reads_the_descriptors_the_fixtures_use ... ok
stable / test and specification	UNKNOWN STEP	2026-10-08T16:15:12.8342902Z test frame_oracle::tests::the_entry_state_follows_the_declaration ... ok
stable / test and specification	UNKNOWN STEP	2026-10-08T16:15:12.8348178Z test frame_oracle::tests::the_legacy_clone_body_abstains_with_its_reason ... ok
stable / test and specification	UNKNOWN STEP	2026-10-08T16:15:12.8367831Z test frame_oracle::tests::the_model_round_trips_every_value_the_covered_bodies_state ... ok
stable / test and specification	UNKNOWN STEP	2026-10-08T16:15:12.8381828Z test frame_oracle::tests::the_oracle_never_names_a_transfer_helper_of_the_frame_pass ... ok
stable / test and specification	UNKNOWN STEP	2026-10-08T16:15:12.8390754Z test frame_oracle::tests::the_oracles_own_raise_classification_finds_the_graphs_throw_sites ... ok
stable / test and specification	UNKNOWN STEP	2026-10-08T16:15:12.8403667Z test frame_oracle::tests::the_plain_bodies_agree_with_the_published_table ... ok
stable / test and specification	UNKNOWN STEP	2026-10-08T16:15:12.8409993Z test frame_oracle::tests::the_published_table_of_a_covered_body_has_the_blocks_the_oracle_reaches ... ok
stable / test and specification	UNKNOWN STEP	2026-10-08T16:15:12.8416038Z test frame_oracle::tests::two_throw_sites_of_one_block_agree_with_the_merge_of_both ... ok
stable / test and specification	UNKNOWN STEP	2026-10-08T16:15:12.8425755Z test ir_audit::tests::a_clone_is_one_bci_in_several_nodes ... ok
stable / test and specification	UNKNOWN STEP	2026-10-08T16:15:12.8434790Z test ir_audit::tests::a_handler_with_two_sites_has_two_logical_inputs_and_one_edge ... ok
stable / test and specification	UNKNOWN STEP	2026-10-08T16:15:12.8466842Z test ir_audit::tests::def_use_agrees_in_both_directions ... ok
stable / test and specification	UNKNOWN STEP	2026-10-08T16:15:12.8497406Z test ir_audit::tests::one_phi_input_per_logical_predecessor ... ok
stable / test and specification	UNKNOWN STEP	2026-10-08T16:15:12.8528599Z test ir_audit::tests::origin_is_traceable_to_the_original_bcis ... ok
stable / test and specification	UNKNOWN STEP	2026-10-08T16:15:12.8559328Z test ir_audit::tests::the_audited_bodies_really_hold_the_shapes_they_are_about ... ok
stable / test and specification	UNKNOWN STEP	2026-10-08T16:15:12.8591561Z test ir_audit::tests::the_reachable_set_is_the_published_blocks_minus_the_unreachable_ones ... ok
stable / test and specification	UNKNOWN STEP	2026-10-08T16:15:12.8597949Z test ir_audit::tests::two_records_of_one_source_keep_two_logical_inputs_and_two_operands ... ok
stable / test and specification	UNKNOWN STEP	2026-10-08T16:15:12.8604190Z test method_ir::tests::a_merge_point_of_a_branching_body_hands_over_its_phi ... ok
stable / test and specification	UNKNOWN STEP	2026-10-08T16:15:12.8604930Z test method_ir::tests::absent_class_header_does_not_supply_special_dispatch_facts ... ok
stable / test and specification	UNKNOWN STEP	2026-10-08T16:15:12.8606129Z test passes::tests::a_cfg_change_invalidates_the_facts_derived_from_the_old_graph ... ok
stable / test and specification	UNKNOWN STEP	2026-10-08T16:15:12.8607706Z test passes::tests::a_fact_produced_twice_does_not_cycle_when_the_earlier_producer_serves_it ... ok
stable / test and specification	UNKNOWN STEP	2026-10-08T16:15:12.8609062Z test passes::tests::a_pass_that_cannot_run_publishes_nothing_and_keeps_the_last_valid_phase ... ok
stable / test and specification	UNKNOWN STEP	2026-10-08T16:15:12.8610221Z test passes::tests::a_pass_that_requires_effects_no_pass_produces_is_rejected ... ok
stable / test and specification	UNKNOWN STEP	2026-10-08T16:15:12.8611097Z test passes::tests::a_scheduled_pass_without_its_prerequisite_is_rejected ... ok
stable / test and specification	UNKNOWN STEP	2026-10-08T16:15:12.8612305Z test passes::tests::a_table_out_of_phase_order_is_rejected ... ok
stable / test and specification	UNKNOWN STEP	2026-10-08T16:15:12.8613146Z test passes::tests::a_table_that_cycles_is_rejected ... ok
stable / test and specification	UNKNOWN STEP	2026-10-08T16:15:12.8620964Z test passes::tests::every_non_empty_stage_set_schedules_the_table_prefix_of_its_last_phase ... ok
stable / test and specification	UNKNOWN STEP	2026-10-08T16:15:12.8622092Z test passes::tests::every_pass_declares_exactly_the_dimensions_it_bills ... ok
stable / test and specification	UNKNOWN STEP	2026-10-08T16:15:12.8623286Z test passes::tests::every_stage_maps_to_its_own_phase_in_order ... ok
stable / test and specification	UNKNOWN STEP	2026-10-08T16:15:12.8624657Z test passes::tests::re_entering_an_earlier_phase_never_lowers_the_last_completed_phase ... ok
stable / test and specification	UNKNOWN STEP	2026-10-08T16:15:12.8626541Z test passes::tests::the_effects_consumer_is_refused_while_the_effects_are_stale ... ok
stable / test and specification	UNKNOWN STEP	2026-10-08T16:15:12.8627680Z test passes::tests::the_fact_vocabulary_owns_one_ledger_index_and_one_name_each ... ok
stable / test and specification	UNKNOWN STEP	2026-10-08T16:15:12.8628336Z test passes::tests::the_implemented_phases_are_a_prefix_of_the_table ... ok
stable / test and specification	UNKNOWN STEP	2026-10-08T16:15:12.8628970Z test passes::tests::the_table_declares_the_fixed_dependencies_of_every_phase ... ok
stable / test and specification	UNKNOWN STEP	2026-10-08T16:15:12.8632132Z test providers::tests::a_class_that_extends_itself_is_refused_with_a_diagnostic ... ok
stable / test and specification	UNKNOWN STEP	2026-10-08T16:15:12.8635597Z test providers::tests::a_closure_reads_headers_only_and_never_a_body ... ok
stable / test and specification	UNKNOWN STEP	2026-10-08T16:15:12.8639958Z test providers::tests::a_cyclic_hierarchy_terminates_with_a_locatable_diagnostic ... ok
stable / test and specification	UNKNOWN STEP	2026-10-08T16:15:12.8643435Z test providers::tests::a_lookup_reports_the_position_it_selected ... ok
stable / test and specification	UNKNOWN STEP	2026-10-08T16:15:12.8649426Z test providers::tests::a_missing_supertype_ends_its_branch_without_a_fabricated_definition ... ok
stable / test and specification	UNKNOWN STEP	2026-10-08T16:15:12.8650383Z test providers::tests::a_mixed_chain_orders_each_loader_by_its_own_delegation ... ok
stable / test and specification	UNKNOWN STEP	2026-10-08T16:15:12.8652407Z test providers::tests::a_multi_release_path_keeps_the_physical_variant_p1_derives ... ok
stable / test and specification	UNKNOWN STEP	2026-10-08T16:15:12.8655035Z test providers::tests::a_name_no_position_holds_is_missing_and_reads_nothing ... ok
stable / test and specification	UNKNOWN STEP	2026-10-08T16:15:12.8660534Z test providers::tests::a_parent_chain_stops_before_the_step_over_the_dependency_depth ... ok
stable / test and specification	UNKNOWN STEP	2026-10-08T16:15:12.8666679Z test providers::tests::a_parent_chain_walk_follows_the_superclass_and_ignores_interfaces ... ok
stable / test and specification	UNKNOWN STEP	2026-10-08T16:15:12.8670353Z test providers::tests::a_repeated_demand_reuses_the_first_read_without_a_second_record ... ok
stable / test and specification	UNKNOWN STEP	2026-10-08T16:15:12.8673719Z test providers::tests::a_stopped_demand_is_not_remembered_as_a_decision ... ok
stable / test and specification	UNKNOWN STEP	2026-10-08T16:15:12.8685695Z test providers::tests::a_supertype_closure_reads_every_header_once ... ok
stable / test and specification	UNKNOWN STEP	2026-10-08T16:15:12.8689080Z test providers::tests::a_walk_stops_before_the_next_expansion_on_cancellation ... ok
stable / test and specification	UNKNOWN STEP	2026-10-08T16:15:12.8693106Z test providers::tests::an_ambiguous_supertype_is_a_gap_of_its_own_kind ... ok
stable / test and specification	UNKNOWN STEP	2026-10-08T16:15:12.8694407Z test providers::tests::an_unusable_chain_is_refused_instead_of_shortened ... ok
stable / test and specification	UNKNOWN STEP	2026-10-08T16:15:12.8696515Z test providers::tests::one_binding_is_one_record_even_when_two_demands_read_it ... ok
stable / test and specification	UNKNOWN STEP	2026-10-08T16:15:12.8698010Z test providers::tests::parent_first_walks_up_and_child_first_starts_at_the_caller ... ok
stable / test and specification	UNKNOWN STEP	2026-10-08T16:15:12.8699858Z test providers::tests::positions_follow_declaration_order_with_their_root_indices ... ok
stable / test and specification	UNKNOWN STEP	2026-10-08T16:15:12.8701022Z test reflection::tests::a_binary_name_is_read_the_way_jvms_4_2_1_states_it ... ok
stable / test and specification	UNKNOWN STEP	2026-10-08T16:15:12.8702192Z test reflection::tests::an_overload_the_registry_does_not_hold_is_not_a_subject ... ok
stable / test and specification	UNKNOWN STEP	2026-10-08T16:15:12.8703446Z test reflection::tests::an_unsupported_rule_states_a_reason_and_is_still_registered ... ok
stable / test and specification	UNKNOWN STEP	2026-10-08T16:15:12.8705127Z test reflection::tests::every_registered_input_names_a_single_slot_parameter_of_its_own_descriptor ... ok
stable / test and specification	UNKNOWN STEP	2026-10-08T16:15:12.8706492Z test reflection::tests::every_registered_rule_states_what_it_does_not_claim ... ok
stable / test and specification	UNKNOWN STEP	2026-10-08T16:15:12.8707173Z test reflection::tests::the_required_families_are_registered_and_supported ... ok
stable / test and specification	UNKNOWN STEP	2026-10-08T16:15:12.8707884Z test reflection::tests::two_overloads_are_two_rules_and_no_overload_is_registered_twice ... ok
stable / test and specification	UNKNOWN STEP	2026-10-08T16:15:12.8714845Z test ssa::tests::a_category_two_value_is_one_value_in_its_two_slots ... ok
stable / test and specification	UNKNOWN STEP	2026-10-08T16:15:12.8717734Z test ssa::tests::a_cycle_with_two_entries_is_named_at_its_merge_point ... ok
stable / test and specification	UNKNOWN STEP	2026-10-08T16:15:12.8723053Z test ssa::tests::a_diamond_merge_names_one_phi_per_merged_slot ... ok
stable / test and specification	UNKNOWN STEP	2026-10-08T16:15:12.8731178Z test ssa::tests::a_loop_head_that_is_handed_its_own_value_spells_it_as_itself ... ok
stable / test and specification	UNKNOWN STEP	2026-10-08T16:15:12.8737325Z test ssa::tests::a_loop_phi_takes_its_own_value_on_the_path_that_never_writes_it ... ok
stable / test and specification	UNKNOWN STEP	2026-10-08T16:15:12.8739053Z test ssa::tests::a_phi_that_only_names_itself_keeps_its_definition ... ok
stable / test and specification	UNKNOWN STEP	2026-10-08T16:15:12.8741283Z test ssa::tests::a_phi_with_one_usable_operand_is_replaced_and_its_uses_move_with_it ... ok
stable / test and specification	UNKNOWN STEP	2026-10-08T16:15:12.8743445Z test ssa::tests::a_replaced_phi_keeps_one_operand_per_logical_predecessor ... ok
stable / test and specification	UNKNOWN STEP	2026-10-08T16:15:12.8755641Z test ssa::tests::a_replacement_records_the_block_that_holds_each_occurrence ... ok
stable / test and specification	UNKNOWN STEP	2026-10-08T16:15:12.8757645Z test ssa::tests::a_slot_its_own_merge_gave_a_class_must_have_a_value_on_some_input ... ok
stable / test and specification	UNKNOWN STEP	2026-10-08T16:15:12.8761239Z test ssa::tests::a_straight_line_body_names_every_read_and_every_write ... ok
stable / test and specification	UNKNOWN STEP	2026-10-08T16:15:12.8767020Z test ssa::tests::a_top_slot_never_becomes_a_value_or_a_phi ... ok
stable / test and specification	UNKNOWN STEP	2026-10-08T16:15:12.8773273Z test ssa::tests::an_exception_merge_counts_throw_sites_and_never_raw_edges ... ok
stable / test and specification	UNKNOWN STEP	2026-10-08T16:15:12.8785602Z test ssa::tests::def_use_holds_under_every_rotation_of_a_loop_body ... ok
stable / test and specification	UNKNOWN STEP	2026-10-08T16:15:12.8787859Z test ssa::tests::def_use_over_a_mixed_transfer_and_exception_input ... ok
stable / test and specification	UNKNOWN STEP	2026-10-08T16:15:12.8805309Z test ssa::tests::def_use_records_are_the_reads_and_phi_operands_over_four_bodies ... ok
stable / test and specification	UNKNOWN STEP	2026-10-08T16:15:12.8820323Z test ssa::tests::every_use_of_a_real_body_traces_back_to_its_definition ... ok
stable / test and specification	UNKNOWN STEP	2026-10-08T16:15:12.8827994Z test ssa::tests::the_names_do_not_depend_on_the_order_the_blocks_are_stored_in ... ok
stable / test and specification	UNKNOWN STEP	2026-10-08T16:15:12.8834315Z test ssa::tests::the_published_table_is_billed_by_the_copies_it_makes ... ok
stable / test and specification	UNKNOWN STEP	2026-10-08T16:15:12.8848359Z test ssa_oracle::tests::flaw_one_also_turns_the_constructor_transition_red ... ok
stable / test and specification	UNKNOWN STEP	2026-10-08T16:15:12.8861293Z test ssa_oracle::tests::flaw_one_reading_the_aggregated_edge_turns_the_two_site_case_red ... ok
stable / test and specification	UNKNOWN STEP	2026-10-08T16:15:12.8867588Z test ssa_oracle::tests::flaw_three_a_projection_that_parses_one_slot_less_is_caught ... ok
stable / test and specification	UNKNOWN STEP	2026-10-08T16:15:12.8878452Z test ssa_oracle::tests::flaw_two_walking_forward_edges_only_turns_the_loop_red ... ok
stable / test and specification	UNKNOWN STEP	2026-10-08T16:15:12.8915182Z test ssa_oracle::tests::group_one_the_ordinary_edges_agree ... ok
stable / test and specification	UNKNOWN STEP	2026-10-08T16:15:12.8925263Z test ssa_oracle::tests::group_three_a_constructor_call_hands_the_handler_the_converted_local ... ok
stable / test and specification	UNKNOWN STEP	2026-10-08T16:15:12.8933171Z test ssa_oracle::tests::group_three_a_handler_that_throws_again_merges_with_itself ... ok
stable / test and specification	UNKNOWN STEP	2026-10-08T16:15:12.8940767Z test ssa_oracle::tests::group_three_each_handler_record_brings_its_own_catch_type ... ok
stable / test and specification	UNKNOWN STEP	2026-10-08T16:15:12.8973064Z test ssa_oracle::tests::group_three_the_exception_inputs_agree ... ok
stable / test and specification	UNKNOWN STEP	2026-10-08T16:15:12.8981338Z test ssa_oracle::tests::group_three_two_sites_under_one_raw_edge_reach_the_handler_as_two_definitions ... ok
stable / test and specification	UNKNOWN STEP	2026-10-08T16:15:12.9745617Z test ssa_oracle::tests::group_two_the_random_graphs_agree ... ok
stable / test and specification	UNKNOWN STEP	2026-10-08T16:15:12.9758477Z test ssa_oracle::tests::one_value_held_as_two_phi_operands_is_not_a_contradiction ... ok
stable / test and specification	UNKNOWN STEP	2026-10-08T16:15:12.9778345Z test ssa_oracle::tests::the_oracle_never_names_a_helper_of_the_naming_half ... ok
stable / test and specification	UNKNOWN STEP	2026-10-08T16:15:12.9782993Z test ssa_oracle::tests::the_oracle_states_the_reach_of_a_straight_line_by_hand ... ok
stable / test and specification	UNKNOWN STEP	2026-10-08T16:15:12.9783452Z 
stable / test and specification	UNKNOWN STEP	2026-10-08T16:15:12.9784338Z test result: ok. 234 passed; 0 failed; 0 ignored; 0 measured; 0 filtered out; finished in 0.27s
stable / test and specification	UNKNOWN STEP	2026-10-08T16:15:12.9784800Z 
stable / test and specification	UNKNOWN STEP	2026-10-08T16:15:12.9794008Z ^[[1m^[[92m     Running^[[0m unittests src/lib.rs (target/debug/deps/jarde_query-b2bb79d230c683b8)
stable / test and specification	UNKNOWN STEP	2026-10-08T16:15:12.9805036Z 
stable / test and specification	UNKNOWN STEP	2026-10-08T16:15:12.9805235Z running 7 tests
stable / test and specification	UNKNOWN STEP	2026-10-08T16:15:12.9808738Z test plugin::tests::a_request_without_a_rule_and_a_request_for_another_snapshot_are_input_errors ... ok
stable / test and specification	UNKNOWN STEP	2026-10-08T16:15:12.9810152Z test plugin::tests::a_standalone_class_file_has_no_entry_for_a_resource_rule_to_read ... ok
stable / test and specification	UNKNOWN STEP	2026-10-08T16:15:12.9811404Z test plugin::tests::every_registered_rule_states_a_source_a_boundary_and_an_unclaimed_list ... ok
stable / test and specification	UNKNOWN STEP	2026-10-08T16:15:12.9812600Z test plugin::tests::the_index_the_config_path_declares_is_the_one_the_shared_matcher_reads ... ok
stable / test and specification	UNKNOWN STEP	2026-10-08T16:15:12.9828234Z test query::tests::cursor_digest_binds_every_bound_field ... ok
stable / test and specification	UNKNOWN STEP	2026-10-08T16:15:12.9830371Z test query::tests::payload_enums_round_trip_and_reject_unknown_fields ... ok
stable / test and specification	UNKNOWN STEP	2026-10-08T16:15:12.9831531Z test query::tests::stable_codes_match_the_serde_tags ... ok
stable / test and specification	UNKNOWN STEP	2026-10-08T16:15:12.9832013Z 
stable / test and specification	UNKNOWN STEP	2026-10-08T16:15:12.9832701Z test result: ok. 7 passed; 0 failed; 0 ignored; 0 measured; 0 filtered out; finished in 0.00s
stable / test and specification	UNKNOWN STEP	2026-10-08T16:15:12.9833354Z 
stable / test and specification	UNKNOWN STEP	2026-10-08T16:15:12.9834604Z ^[[1m^[[92m     Running^[[0m tests/owner_candidates.rs (target/debug/deps/owner_candidates-83e8d8b1969fe47f)
stable / test and specification	UNKNOWN STEP	2026-10-08T16:15:12.9843583Z 
stable / test and specification	UNKNOWN STEP	2026-10-08T16:15:12.9843766Z running 2 tests
stable / test and specification	UNKNOWN STEP	2026-10-08T16:15:12.9869455Z test owner_filter_finds_class_members_and_bootstrap_handles_with_coordinates ... ok
stable / test and specification	UNKNOWN STEP	2026-10-08T16:15:12.9878014Z test owner_filter_keeps_item_limit_and_budget_coverage_stops ... ok
stable / test and specification	UNKNOWN STEP	2026-10-08T16:15:12.9878318Z 
stable / test and specification	UNKNOWN STEP	2026-10-08T16:15:12.9878896Z test result: ok. 2 passed; 0 failed; 0 ignored; 0 measured; 0 filtered out; finished in 0.00s
stable / test and specification	UNKNOWN STEP	2026-10-08T16:15:12.9879262Z 
stable / test and specification	UNKNOWN STEP	2026-10-08T16:15:12.9882706Z ^[[1m^[[92m     Running^[[0m unittests src/lib.rs (target/debug/deps/jarde_reader-128a5922a2356bbe)
stable / test and specification	UNKNOWN STEP	2026-10-08T16:15:12.9947048Z 
stable / test and specification	UNKNOWN STEP	2026-10-08T16:15:12.9947291Z running 178 tests
stable / test and specification	UNKNOWN STEP	2026-10-08T16:15:13.0058745Z test artifact::tests::artifact_tree_cancellation_after_a_candidate_keeps_root_prefix ... ok
stable / test and specification	UNKNOWN STEP	2026-10-08T16:15:13.0061118Z test artifact::tests::caller_cannot_forge_entry_metadata_to_change_security_or_budget_semantics ... ok
stable / test and specification	UNKNOWN STEP	2026-10-08T16:15:13.0117253Z test artifact::tests::cancellation_before_and_during_read_is_cooperative ... ok
stable / test and specification	UNKNOWN STEP	2026-10-08T16:15:13.0119668Z test artifact::tests::central_directory_order_may_differ_from_physical_offset_order ... ok
stable / test and specification	UNKNOWN STEP	2026-10-08T16:15:13.0122062Z test artifact::tests::crc_and_size_mismatch_never_return_bytes ... ok
stable / test and specification	UNKNOWN STEP	2026-10-08T16:15:13.0181575Z test artifact::tests::deflate_trailing_compressed_bytes_are_rejected_after_verification ... ok
stable / test and specification	UNKNOWN STEP	2026-10-08T16:15:13.0182767Z test artifact::tests::detectable_source_change_seam_rejects_mixed_open_snapshot ... ok
stable / test and specification	UNKNOWN STEP	2026-10-08T16:15:13.0184507Z test artifact::tests::duplicate_non_utf8_and_nul_names_are_lossless_and_ordered ... ok
stable / test and specification	UNKNOWN STEP	2026-10-08T16:15:13.0189264Z test artifact::tests::empty_and_minimal_jar_war_enumeration_are_complete ... ok
stable / test and specification	UNKNOWN STEP	2026-10-08T16:15:13.0191895Z test artifact::tests::encrypted_and_unknown_compression_are_explicitly_unsupported ... ok
stable / test and specification	UNKNOWN STEP	2026-10-08T16:15:13.0199646Z test artifact::tests::enumeration_budget_exhaustion_preserves_prefix_and_dimension ... ok
stable / test and specification	UNKNOWN STEP	2026-10-08T16:15:13.0201367Z test artifact::tests::enumeration_cancellation_returns_reliable_prefix ... ok
stable / test and specification	UNKNOWN STEP	2026-10-08T16:15:13.0203689Z test artifact::tests::eocd_count_mismatch_and_overlapping_spans_are_rejected ... ok
stable / test and specification	UNKNOWN STEP	2026-10-08T16:15:13.0206854Z test artifact::tests::eocd_undercount_uses_observed_next_record_for_partial_coverage ... ok
stable / test and specification	UNKNOWN STEP	2026-10-08T16:15:13.0208821Z test artifact::tests::later_structural_damage_preserves_prefix_and_fails ... ok
stable / test and specification	UNKNOWN STEP	2026-10-08T16:15:13.0211993Z test artifact::tests::legal_zip_payload_cannot_forge_a_nested_origin_when_parent_is_not_candidate ... ok
stable / test and specification	UNKNOWN STEP	2026-10-08T16:15:13.0214617Z test artifact::tests::locator_charges_records_and_can_be_cancelled_mid_search ... ok
stable / test and specification	UNKNOWN STEP	2026-10-08T16:15:13.0216857Z test artifact::tests::malformed_local_span_and_header_conflict_fail_without_panicking ... ok
stable / test and specification	UNKNOWN STEP	2026-10-08T16:15:13.0263973Z test artifact::tests::many_disjoint_entries_enumerate_without_order_assumptions ... ok
stable / test and specification	UNKNOWN STEP	2026-10-08T16:15:13.0279270Z test artifact::tests::named_budgets_cover_declared_actual_read_and_entry_count ... ok
stable / test and specification	UNKNOWN STEP	2026-10-08T16:15:13.0281498Z test artifact::tests::overlap_index_rejects_predecessor_successor_aliases_and_zero_length_entries ... ok
stable / test and specification	UNKNOWN STEP	2026-10-08T16:15:13.0285193Z test artifact::tests::physical_view_keeps_all_mr_variants_nested_candidates_and_unverified_signatures ... ok
stable / test and specification	UNKNOWN STEP	2026-10-08T16:15:13.0293128Z test artifact::tests::rawzip_path_supports_descriptor_and_prefixed_archives_and_keeps_physical_ids ... ok
stable / test and specification	UNKNOWN STEP	2026-10-08T16:15:13.0298198Z test artifact::tests::small_zip64_fixture_round_trips_from_bytes_and_jar_path ... ok
stable / test and specification	UNKNOWN STEP	2026-10-08T16:15:13.0303173Z test artifact::tests::standalone_bytes_and_path_are_fixed_snapshots ... ok
stable / test and specification	UNKNOWN STEP	2026-10-08T16:15:13.0309612Z test artifact::tests::stored_and_deflated_reads_are_verified_and_accounted ... ok
stable / test and specification	UNKNOWN STEP	2026-10-08T16:15:13.0310899Z test artifact::tests::the_ceiling_bounds_the_bytes_a_read_produces_not_the_bytes_it_hoped_for ... ok
stable / test and specification	UNKNOWN STEP	2026-10-08T16:15:13.0312475Z test budget::tests::an_exhausted_dimension_stays_exhausted_for_the_request ... ok
stable / test and specification	UNKNOWN STEP	2026-10-08T16:15:13.0313599Z test budget::tests::cancellation_applies_before_and_after_a_charge ... ok
stable / test and specification	UNKNOWN STEP	2026-10-08T16:15:13.0315210Z test budget::tests::cancellation_blocks_new_charges_and_both_depth_observations ... ok
stable / test and specification	UNKNOWN STEP	2026-10-08T16:15:13.0316546Z test budget::tests::counted_dimensions_are_addressed_by_value ... ok
stable / test and specification	UNKNOWN STEP	2026-10-08T16:15:13.0317716Z test budget::tests::counted_set_is_the_declared_dimensions_in_order ... ok
stable / test and specification	UNKNOWN STEP	2026-10-08T16:15:13.0318925Z test budget::tests::default_limits_are_all_zero_and_fail_closed ... ok
stable / test and specification	UNKNOWN STEP	2026-10-08T16:15:13.0320006Z test budget::tests::dependency_depth_keeps_the_deepest_accepted_value ... ok
stable / test and specification	UNKNOWN STEP	2026-10-08T16:15:13.0320833Z test budget::tests::diagnostic_codes_are_the_serde_names_of_every_dimension ... ok
stable / test and specification	UNKNOWN STEP	2026-10-08T16:15:13.0321446Z test budget::tests::elapsed_is_not_a_chargeable_dimension ... ok
stable / test and specification	UNKNOWN STEP	2026-10-08T16:15:13.0352013Z test budget::tests::elapsed_limit_is_cooperative_and_reported_in_usage ... ok
stable / test and specification	UNKNOWN STEP	2026-10-08T16:15:13.0353256Z test budget::tests::every_new_counted_dimension_accepts_its_exact_limit_and_rejects_the_next_unit ... ok
stable / test and specification	UNKNOWN STEP	2026-10-08T16:15:13.0354680Z test budget::tests::exact_limit_succeeds_and_next_charge_reports_counts ... ok
stable / test and specification	UNKNOWN STEP	2026-10-08T16:15:13.0355695Z test budget::tests::exhausted_analysis_steps_stop_the_next_step_on_the_steps_dimension ... ok
stable / test and specification	UNKNOWN STEP	2026-10-08T16:15:13.0356982Z test budget::tests::ir_storage_units_accumulate_nodes_slots_edges_and_clones ... ok
stable / test and specification	UNKNOWN STEP	2026-10-08T16:15:13.0358075Z test budget::tests::nested_depth_is_a_non_counted_high_water_mark ... ok
stable / test and specification	UNKNOWN STEP	2026-10-08T16:15:13.0359218Z test budget::tests::new_counted_dimensions_reject_the_overflowing_unit ... ok
stable / test and specification	UNKNOWN STEP	2026-10-08T16:15:13.0360210Z test budget::tests::overflow_is_rejected_without_mutating_usage ... ok
stable / test and specification	UNKNOWN STEP	2026-10-08T16:15:13.0360875Z test budget::tests::successful_charge_is_retained_when_cancelled_afterward ... ok
stable / test and specification	UNKNOWN STEP	2026-10-08T16:15:13.0361446Z test budget::tests::the_two_depth_dimensions_are_independent ... ok
stable / test and specification	UNKNOWN STEP	2026-10-08T16:15:13.0371872Z test budget::tests::usage_snapshot_is_json_serializable ... ok
stable / test and specification	UNKNOWN STEP	2026-10-08T16:15:13.0372933Z test budget::tests::zero_units_and_zero_depth_are_accepted_at_a_zero_limit ... ok
stable / test and specification	UNKNOWN STEP	2026-10-08T16:15:13.0388227Z test classfile::reader_facts_tests::a_damaged_annotation_default_is_a_structured_error ... ok
stable / test and specification	UNKNOWN STEP	2026-10-08T16:15:13.0391757Z test classfile::reader_facts_tests::annotation_default_reads_every_element_value_tag ... ok
stable / test and specification	UNKNOWN STEP	2026-10-08T16:15:13.0397402Z test classfile::reader_facts_tests::bootstrap_methods_need_a_handle_and_loadable_arguments ... ok
stable / test and specification	UNKNOWN STEP	2026-10-08T16:15:13.0398815Z test classfile::reader_facts_tests::budget_hits_and_cancellation_never_fabricate_facts ... ok
stable / test and specification	UNKNOWN STEP	2026-10-08T16:15:13.0402443Z test classfile::reader_facts_tests::duplicate_attributes_and_attribute_structure_overruns_are_errors ... ok
stable / test and specification	UNKNOWN STEP	2026-10-08T16:15:13.0406604Z test classfile::reader_facts_tests::facts_and_public_inspections_agree_on_the_same_input ... ok
stable / test and specification	UNKNOWN STEP	2026-10-08T16:15:13.0409643Z test classfile::reader_facts_tests::layout_verification_rejects_a_mismatched_pool ... ok
stable / test and specification	UNKNOWN STEP	2026-10-08T16:15:13.0413200Z test classfile::reader_facts_tests::method_parameters_are_complete_unique_and_charged_once ... ok
stable / test and specification	UNKNOWN STEP	2026-10-08T16:15:13.0414970Z test classfile::reader_facts_tests::real_fixture_class_facts_match_the_decoded_class ... ok
stable / test and specification	UNKNOWN STEP	2026-10-08T16:15:13.0418037Z test classfile::reader_facts_tests::real_fixture_spans_land_on_the_true_constant_pool_offsets ... ok
stable / test and specification	UNKNOWN STEP	2026-10-08T16:15:13.0421088Z test classfile::reader_facts_tests::synthetic_catalog_covers_every_constant_pool_tag_and_its_spans ... ok
stable / test and specification	UNKNOWN STEP	2026-10-08T16:15:13.0424613Z test classfile::reader_facts_tests::synthetic_catalog_member_and_class_attributes_are_typed ... ok
stable / test and specification	UNKNOWN STEP	2026-10-08T16:15:13.0427567Z test classfile::reader_facts_tests::truncated_module_attribute_is_a_structured_error ... ok
stable / test and specification	UNKNOWN STEP	2026-10-08T16:15:13.0430501Z test classfile::reader_facts_tests::unknown_tag_truncation_and_broken_shells_stop_with_structured_errors ... ok
stable / test and specification	UNKNOWN STEP	2026-10-08T16:15:13.0431967Z test classfile::tests::a_complete_member_table_leaves_no_stop ... ok
stable / test and specification	UNKNOWN STEP	2026-10-08T16:15:13.0437190Z test classfile::tests::a_damaged_member_record_keeps_the_prefix_and_names_the_stop ... ok
stable / test and specification	UNKNOWN STEP	2026-10-08T16:15:13.0440423Z test classfile::tests::a_descriptor_that_does_not_parse_publishes_no_component ... ok
stable / test and specification	UNKNOWN STEP	2026-10-08T16:15:13.0441834Z test classfile::tests::a_refused_member_read_is_an_error_not_a_stop ... ok
stable / test and specification	UNKNOWN STEP	2026-10-08T16:15:13.0454793Z test classfile::tests::all_header_prefixes_are_panic_free_and_only_complete_input_succeeds ... ok
stable / test and specification	UNKNOWN STEP	2026-10-08T16:15:13.0456031Z test classfile::tests::an_arrays_element_type_does_not_widen_the_array ... ok
stable / test and specification	UNKNOWN STEP	2026-10-08T16:15:13.0459587Z test classfile::tests::an_element_type_outside_the_encoded_range_stops_the_decode ... ok
stable / test and specification	UNKNOWN STEP	2026-10-08T16:15:13.0461493Z test classfile::tests::branch_targets_inside_operands_are_rejected_with_the_sourcing_bci ... ok
stable / test and specification	UNKNOWN STEP	2026-10-08T16:15:13.0462835Z test classfile::tests::bytecode_budgets_return_prefix_reports ... ok
stable / test and specification	UNKNOWN STEP	2026-10-08T16:15:13.0464809Z test classfile::tests::bytecode_cancellation_returns_deterministic_prefix ... ok
stable / test and specification	UNKNOWN STEP	2026-10-08T16:15:13.0466077Z test classfile::tests::bytecode_request_charges_only_local_code_shell_and_returned_facts ... ok
stable / test and specification	UNKNOWN STEP	2026-10-08T16:15:13.0468515Z test classfile::tests::control_flow_targets_convert_branches_switches_and_handlers ... ok
stable / test and specification	UNKNOWN STEP	2026-10-08T16:15:13.0469581Z test classfile::tests::descriptor_mutf8_boundaries_survive_the_real_header_path ... ok
stable / test and specification	UNKNOWN STEP	2026-10-08T16:15:13.0471158Z test classfile::tests::enforces_class_attribute_result_and_cancellation_budgets ... ok
stable / test and specification	UNKNOWN STEP	2026-10-08T16:15:13.0473217Z test classfile::tests::forensic_diagnostics_are_atomically_charged_as_result_items ... ok
stable / test and specification	UNKNOWN STEP	2026-10-08T16:15:13.0475548Z test classfile::tests::future_major_takes_priority_over_preview_marker ... ok
stable / test and specification	UNKNOWN STEP	2026-10-08T16:15:13.0477282Z test classfile::tests::handler_entry_inside_operands_is_rejected ... ok
stable / test and specification	UNKNOWN STEP	2026-10-08T16:15:13.0481606Z test classfile::tests::handler_ranges_must_start_before_they_end_and_stay_inside_the_code ... ok
stable / test and specification	UNKNOWN STEP	2026-10-08T16:15:13.0483733Z test classfile::tests::handler_stage_budget_and_cancellation_preserve_handler_prefix ... ok
stable / test and specification	UNKNOWN STEP	2026-10-08T16:15:13.0487869Z test classfile::tests::header_capability_follows_the_release_registry ... ok
stable / test and specification	UNKNOWN STEP	2026-10-08T16:15:13.0490226Z test classfile::tests::header_inspection_leaves_attribute_and_flag_legality_to_the_fact_passes ... ok
stable / test and specification	UNKNOWN STEP	2026-10-08T16:15:13.0491761Z test classfile::tests::implicit_and_wide_locals_keep_their_index ... ok
stable / test and specification	UNKNOWN STEP	2026-10-08T16:15:13.0507470Z test classfile::tests::inspects_fixed_wide_cp_and_exception_facts ... ok
stable / test and specification	UNKNOWN STEP	2026-10-08T16:15:13.0508915Z test classfile::tests::inspects_owned_lossless_header_and_exact_attribute_shells ... ok
stable / test and specification	UNKNOWN STEP	2026-10-08T16:15:13.0510313Z test classfile::tests::instruction_failure_preserves_precollected_handlers ... ok
stable / test and specification	UNKNOWN STEP	2026-10-08T16:15:13.0512057Z test classfile::tests::instruction_failures_return_reliable_prefix_and_stop_location ... ok
stable / test and specification	UNKNOWN STEP	2026-10-08T16:15:13.0513234Z test classfile::tests::invalid_magic_keeps_noak_decode_diagnostic_even_if_pool_looks_like_final_long ... ok
stable / test and specification	UNKNOWN STEP	2026-10-08T16:15:13.0515448Z test classfile::tests::invalid_tableswitch_ranges_are_method_local_partial_reports ... ok
stable / test and specification	UNKNOWN STEP	2026-10-08T16:15:13.0518133Z test classfile::tests::jsr_operands_and_targets_use_the_same_validation ... ok
stable / test and specification	UNKNOWN STEP	2026-10-08T16:15:13.0521428Z test classfile::tests::jvm_string_json_rejects_inconsistent_derived_state ... ok
stable / test and specification	UNKNOWN STEP	2026-10-08T16:15:13.0523245Z test classfile::tests::malformed_wide_forms_stop_exactly_at_the_current_bci ... ok
stable / test and specification	UNKNOWN STEP	2026-10-08T16:15:13.0525289Z test classfile::tests::member_walk_agrees_with_the_whole_structure_read ... ok
stable / test and specification	UNKNOWN STEP	2026-10-08T16:15:13.0527266Z test classfile::tests::method_lookup_code_cardinality_and_version_gate_are_stable ... ok
stable / test and specification	UNKNOWN STEP	2026-10-08T16:15:13.0529337Z test classfile::tests::operand_facts_cover_immediates_locals_increments_and_cp_indices ... ok
stable / test and specification	UNKNOWN STEP	2026-10-08T16:15:13.0531395Z test classfile::tests::operand_facts_retain_array_types_dimensions_and_interface_counts ... ok
stable / test and specification	UNKNOWN STEP	2026-10-08T16:15:13.0533334Z test classfile::tests::operand_facts_retain_the_opcode_each_wide_form_wraps ... ok
stable / test and specification	UNKNOWN STEP	2026-10-08T16:15:13.0538500Z test classfile::tests::oversized_and_truncated_switch_declarations_stop_without_expansion ... ok
stable / test and specification	UNKNOWN STEP	2026-10-08T16:15:13.0540431Z test classfile::tests::oversized_attribute_length_is_rejected_at_the_owner_but_nested_code_stays_lazy ... ok
stable / test and specification	UNKNOWN STEP	2026-10-08T16:15:13.0541775Z test classfile::tests::preflight_cooperatively_stops_when_cancelled_during_pool_scan ... ok
stable / test and specification	UNKNOWN STEP	2026-10-08T16:15:13.0546085Z test classfile::tests::preview_and_unregistered_releases_stay_readable_and_are_never_reported_as_supported ... ok
stable / test and specification	UNKNOWN STEP	2026-10-08T16:15:13.0664653Z test classfile::tests::property_attribute_lengths_and_tail_truncation_are_bounded ... ok
stable / test and specification	UNKNOWN STEP	2026-10-08T16:15:13.0972894Z test classfile::tests::property_instruction_byte_vectors_preserve_reliable_prefix ... ok
stable / test and specification	UNKNOWN STEP	2026-10-08T16:15:13.1051599Z test classfile::tests::property_mutf8_utf16_round_trip_and_escaping_are_stable ... ok
stable / test and specification	UNKNOWN STEP	2026-10-08T16:15:13.1054918Z test classfile::tests::protected_range_endpoints_must_be_instruction_starts ... ok
stable / test and specification	UNKNOWN STEP	2026-10-08T16:15:13.1058023Z test classfile::tests::protected_ranges_must_not_be_empty ... ok
stable / test and specification	UNKNOWN STEP	2026-10-08T16:15:13.1061795Z test classfile::tests::public_bytecode_report_is_unchanged_by_reader_operand_facts ... ok
stable / test and specification	UNKNOWN STEP	2026-10-08T16:15:13.1063105Z test classfile::tests::rejects_long_in_last_constant_pool_slot_that_noak_accepts ... ok
stable / test and specification	UNKNOWN STEP	2026-10-08T16:15:13.1064744Z test classfile::tests::rejects_trailing_bytes_and_decode_failures_with_stable_codes ... ok
stable / test and specification	UNKNOWN STEP	2026-10-08T16:15:13.1066102Z test classfile::tests::relative_target_arithmetic_is_checked_in_both_directions ... ok
stable / test and specification	UNKNOWN STEP	2026-10-08T16:15:13.4029038Z test classfile::tests::repository_class_fixtures_validate_without_false_target_rejections ... ok
stable / test and specification	UNKNOWN STEP	2026-10-08T16:15:13.4031200Z test classfile::tests::signed_operands_keep_their_sign ... ok
stable / test and specification	UNKNOWN STEP	2026-10-08T16:15:13.4034261Z test classfile::tests::stopped_bodies_keep_instruction_and_operand_lockstep ... ok
stable / test and specification	UNKNOWN STEP	2026-10-08T16:15:13.4039460Z test classfile::tests::strict_errors_and_forensic_diagnostics_have_stable_version_codes ... ok
stable / test and specification	UNKNOWN STEP	2026-10-08T16:15:13.4041651Z test classfile::tests::switch_case_targets_are_validated_like_branches ... ok
stable / test and specification	UNKNOWN STEP	2026-10-08T16:15:13.4044936Z test classfile::tests::switch_defaults_are_validated_like_cases ... ok
stable / test and specification	UNKNOWN STEP	2026-10-08T16:15:13.4046149Z test classfile::tests::switch_operands_reject_a_region_that_does_not_match_the_decoded_shape ... ok
stable / test and specification	UNKNOWN STEP	2026-10-08T16:15:13.4048158Z test classfile::tests::switch_widths_use_code_start_alignment_and_do_not_iterate_table_pairs ... ok
stable / test and specification	UNKNOWN STEP	2026-10-08T16:15:13.4049967Z test classfile::tests::synthetic_historical_jsr_jsr_w_and_ret_boundaries_are_preserved ... ok
stable / test and specification	UNKNOWN STEP	2026-10-08T16:15:13.4052002Z test classfile::tests::tableswitch_keys_hold_their_low_high_bounds ... ok
stable / test and specification	UNKNOWN STEP	2026-10-08T16:15:13.4054884Z test classfile::tests::targets_at_code_length_are_out_of_bounds_not_unstarted ... ok
stable / test and specification	UNKNOWN STEP	2026-10-08T16:15:13.4057324Z test classfile::tests::targets_outside_the_code_array_are_rejected ... ok
stable / test and specification	UNKNOWN STEP	2026-10-08T16:15:13.4058407Z test classfile::tests::the_cursor_reads_one_component_at_a_time ... ok
stable / test and specification	UNKNOWN STEP	2026-10-08T16:15:13.4065551Z test classfile::tests::version_capability_and_header_inspection_round_trip_as_json ... ok
stable / test and specification	UNKNOWN STEP	2026-10-08T16:15:13.4075243Z test classfile::tests::version_matrix_keeps_rules_dialect_and_java8_profile_orthogonal ... ok
stable / test and specification	UNKNOWN STEP	2026-10-08T16:15:13.4077961Z test classfile::tests::width_adapter_covers_operand_bearing_opcode_categories ... ok
stable / test and specification	UNKNOWN STEP	2026-10-08T16:15:13.4093092Z test entry_cursor::tests::a_budget_stop_keeps_the_containers_already_walked_and_states_the_one_it_did_not_open ... ok
stable / test and specification	UNKNOWN STEP	2026-10-08T16:15:13.4103578Z test entry_cursor::tests::a_cancellation_observed_between_two_entries_stops_the_walk_there ... ok
stable / test and specification	UNKNOWN STEP	2026-10-08T16:15:13.4106947Z test entry_cursor::tests::a_duplicate_raw_name_is_one_fact_of_the_walks_own_directory ... ok
stable / test and specification	UNKNOWN STEP	2026-10-08T16:15:13.4108303Z test entry_cursor::tests::a_standalone_class_snapshot_has_no_entry_to_walk ... ok
stable / test and specification	UNKNOWN STEP	2026-10-08T16:15:13.4114647Z test entry_cursor::tests::a_subtree_that_is_not_an_archive_is_named_and_the_walk_continues ... ok
stable / test and specification	UNKNOWN STEP	2026-10-08T16:15:13.4125749Z test entry_cursor::tests::a_walk_that_stopped_before_its_first_entry_states_the_roots_declared_range ... ok
stable / test and specification	UNKNOWN STEP	2026-10-08T16:15:13.4137163Z test entry_cursor::tests::a_whole_snapshot_scope_walks_the_root_container_only ... ok
stable / test and specification	UNKNOWN STEP	2026-10-08T16:15:13.4152131Z test entry_cursor::tests::every_entry_carries_the_walks_own_class_and_resource_classification ... ok
stable / test and specification	UNKNOWN STEP	2026-10-08T16:15:13.4170861Z test entry_cursor::tests::the_entry_walk_yields_the_enumerations_own_entries_in_physical_order ... ok
stable / test and specification	UNKNOWN STEP	2026-10-08T16:15:13.4171983Z test error::tests::structured_error_round_trips_without_debug_text ... ok
stable / test and specification	UNKNOWN STEP	2026-10-08T16:15:13.4173187Z test facts_cache::tests::a_trusted_digest_and_the_bytes_it_came_from_are_one_key ... ok
stable / test and specification	UNKNOWN STEP	2026-10-08T16:15:13.4174680Z test ledger::tests::the_owner_list_is_the_declared_three_in_order ... ok
stable / test and specification	UNKNOWN STEP	2026-10-08T16:15:13.4175707Z test ledger::tests::the_stop_serializes_as_the_report_spelling ... ok
stable / test and specification	UNKNOWN STEP	2026-10-08T16:15:13.4177454Z test model::tests::execution_status_tags_have_only_valid_variant_fields ... ok
stable / test and specification	UNKNOWN STEP	2026-10-08T16:15:13.4180626Z test model::tests::field_identity_cannot_deserialize_as_code_method ... ok
stable / test and specification	UNKNOWN STEP	2026-10-08T16:15:13.4181611Z test model::tests::identical_bytes_keep_distinct_physical_origins ... ok
stable / test and specification	UNKNOWN STEP	2026-10-08T16:15:13.4182953Z test model::tests::jvm_string_deserialization_enforces_modified_utf8_nul_and_overlong_rules ... ok
stable / test and specification	UNKNOWN STEP	2026-10-08T16:15:13.4184449Z test model::tests::physical_code_location_uses_method_identity_only ... ok
stable / test and specification	UNKNOWN STEP	2026-10-08T16:15:13.4185597Z test model::tests::provenance_derives_one_snapshot_from_location ... ok
stable / test and specification	UNKNOWN STEP	2026-10-08T16:15:13.4187054Z test model::tests::raw_archive_and_jvm_bytes_round_trip_without_text_loss ... ok
stable / test and specification	UNKNOWN STEP	2026-10-08T16:15:13.4189857Z test model::tests::representative_contract_round_trips_as_readable_json ... ok
stable / test and specification	UNKNOWN STEP	2026-10-08T16:15:13.4191072Z test multi_release::tests::a_blocking_issue_outranks_the_policy_verdict ... ok
stable / test and specification	UNKNOWN STEP	2026-10-08T16:15:13.4192356Z test multi_release::tests::policy_verdict_replaces_an_equally_ranked_unsupported_issue ... ok
stable / test and specification	UNKNOWN STEP	2026-10-08T16:15:13.4193692Z test multi_release::tests::result_item_exhaustion_stops_items_and_blocks_further_work ... ok
stable / test and specification	UNKNOWN STEP	2026-10-08T16:15:13.4195031Z test multi_release::tests::the_first_issue_of_a_priority_wins ... ok
stable / test and specification	UNKNOWN STEP	2026-10-08T16:15:13.4196238Z test release_registry::tests::attribute_placement_diagnostics_never_guess_from_a_name ... ok
stable / test and specification	UNKNOWN STEP	2026-10-08T16:15:13.4197457Z test release_registry::tests::cumulative_lookups_inherit_earlier_releases ... ok
stable / test and specification	UNKNOWN STEP	2026-10-08T16:15:13.4198599Z test release_registry::tests::dialect_bands_match_the_releases_they_cover ... ok
stable / test and specification	UNKNOWN STEP	2026-10-08T16:15:13.4199393Z test release_registry::tests::every_registered_entry_cites_a_source_within_its_release ... ok
stable / test and specification	UNKNOWN STEP	2026-10-08T16:15:13.4200156Z test release_registry::tests::flag_placement_covers_version_location_and_unregistered_names ... ok
stable / test and specification	UNKNOWN STEP	2026-10-08T16:15:13.4201278Z test release_registry::tests::modern_attributes_are_bound_to_their_releases ... ok
stable / test and specification	UNKNOWN STEP	2026-10-08T16:15:13.4202319Z test release_registry::tests::opcode_rules_cover_introduction_forbidding_and_reserved_opcodes ... ok
stable / test and specification	UNKNOWN STEP	2026-10-08T16:15:13.4203753Z test release_registry::tests::registry_covers_every_major_between_minimum_and_ceiling ... ok
stable / test and specification	UNKNOWN STEP	2026-10-08T16:15:13.4205156Z test release_registry::tests::unregistered_releases_make_no_claim ... ok
stable / test and specification	UNKNOWN STEP	2026-10-08T16:15:13.4206404Z test signature::tests::class_and_field_productions_share_the_same_structured_grammar ... ok
stable / test and specification	UNKNOWN STEP	2026-10-08T16:15:13.4207594Z test signature::tests::class_scope_proof_obeys_budget_and_cancellation ... ok
stable / test and specification	UNKNOWN STEP	2026-10-08T16:15:13.4209427Z test signature::tests::class_scope_proves_first_bounds_hierarchy_and_method_variable_erasure ... ok
stable / test and specification	UNKNOWN STEP	2026-10-08T16:15:13.4210953Z test signature::tests::class_scope_rejects_method_local_scope_errors_and_wrong_shadow_erasure ... ok
stable / test and specification	UNKNOWN STEP	2026-10-08T16:15:13.4212220Z test signature::tests::class_scope_rejects_physical_superclass_and_interface_mismatches ... ok
stable / test and specification	UNKNOWN STEP	2026-10-08T16:15:13.4213455Z test signature::tests::class_scope_rejects_unbound_duplicate_and_cyclic_variables ... ok
stable / test and specification	UNKNOWN STEP	2026-10-08T16:15:13.4219069Z test signature::tests::class_scope_shadow_proof_obeys_analysis_budget_and_cancellation ... ok
stable / test and specification	UNKNOWN STEP	2026-10-08T16:15:13.4220063Z test signature::tests::class_scope_shadowing_checks_method_local_throws_erasure ... ok
stable / test and specification	UNKNOWN STEP	2026-10-08T16:15:13.4221736Z test signature::tests::consumes_the_full_method_grammar_and_keeps_complex_types_structured ... ok
stable / test and specification	UNKNOWN STEP	2026-10-08T16:15:13.4223454Z test signature::tests::erasure_proof_handles_complex_types_and_matches_exceptions_attribute ... ok
stable / test and specification	UNKNOWN STEP	2026-10-08T16:15:13.4225073Z test signature::tests::field_signature_erasure_obeys_analysis_budget_and_cancellation ... ok
stable / test and specification	UNKNOWN STEP	2026-10-08T16:15:13.4226252Z test signature::tests::field_signature_erasure_proves_parameterized_wildcard_and_class_variables ... ok
stable / test and specification	UNKNOWN STEP	2026-10-08T16:15:13.4227830Z test signature::tests::field_signature_erasure_rejects_unbound_variables_and_descriptor_mismatch ... ok
stable / test and specification	UNKNOWN STEP	2026-10-08T16:15:13.4228805Z test signature::tests::method_signature_erasure_matches_positions_and_first_bound_rules ... ok
stable / test and specification	UNKNOWN STEP	2026-10-08T16:15:13.4230132Z test signature::tests::method_signature_erasure_rejects_unbound_and_mismatched_facts ... ok
stable / test and specification	UNKNOWN STEP	2026-10-08T16:15:13.4242903Z test signature::tests::parser_rejects_resource_limit_exhaustion_before_unbounded_work ... ok
stable / test and specification	UNKNOWN STEP	2026-10-08T16:15:13.4244868Z test signature::tests::parses_method_variables_and_preserves_class_reference_order ... ok
stable / test and specification	UNKNOWN STEP	2026-10-08T16:15:13.4245509Z 
stable / test and specification	UNKNOWN STEP	2026-10-08T16:15:13.4246127Z test result: ok. 178 passed; 0 failed; 0 ignored; 0 measured; 0 filtered out; finished in 0.43s
stable / test and specification	UNKNOWN STEP	2026-10-08T16:15:13.4246747Z 
stable / test and specification	UNKNOWN STEP	2026-10-08T16:15:13.4251875Z ^[[1m^[[92m     Running^[[0m tests/class_annotation_facts.rs (target/debug/deps/class_annotation_facts-03e7d8c05405b09c)
stable / test and specification	UNKNOWN STEP	2026-10-08T16:15:13.4289404Z 
stable / test and specification	UNKNOWN STEP	2026-10-08T16:15:13.4289713Z running 7 tests
stable / test and specification	UNKNOWN STEP	2026-10-08T16:15:13.4315599Z test annotation_content_budget_refusal_returns_no_partial_facts ... ok
stable / test and specification	UNKNOWN STEP	2026-10-08T16:15:13.4317599Z test cancellation_before_annotation_content_read_publishes_no_facts ... ok
stable / test and specification	UNKNOWN STEP	2026-10-08T16:15:13.4318924Z test class_attribute_shell_budget_stop_is_not_a_complete_member_read ... ok
stable / test and specification	UNKNOWN STEP	2026-10-08T16:15:13.4320502Z test class_attribute_shell_damage_is_a_structural_error ... ok
stable / test and specification	UNKNOWN STEP	2026-10-08T16:15:13.4322586Z test class_retention_annotation_is_read_from_its_lazy_class_shell ... ok
stable / test and specification	UNKNOWN STEP	2026-10-08T16:15:13.4323707Z test no_class_annotation_shell_means_no_annotation_content_read ... ok
stable / test and specification	UNKNOWN STEP	2026-10-08T16:15:13.4326006Z test runtime_visible_annotation_preserves_its_utf8_element_value ... ok
stable / test and specification	UNKNOWN STEP	2026-10-08T16:15:13.4326336Z 
stable / test and specification	UNKNOWN STEP	2026-10-08T16:15:13.4326736Z test result: ok. 7 passed; 0 failed; 0 ignored; 0 measured; 0 filtered out; finished in 0.00s
stable / test and specification	UNKNOWN STEP	2026-10-08T16:15:13.4327099Z 
stable / test and specification	UNKNOWN STEP	2026-10-08T16:15:13.4329349Z ^[[1m^[[92m     Running^[[0m tests/member_annotation_facts.rs (target/debug/deps/member_annotation_facts-21d2be6752e728a2)
stable / test and specification	UNKNOWN STEP	2026-10-08T16:15:13.4365882Z 
stable / test and specification	UNKNOWN STEP	2026-10-08T16:15:13.4366056Z running 7 tests
stable / test and specification	UNKNOWN STEP	2026-10-08T16:15:13.4392980Z test cancellation_before_parameter_annotation_read_publishes_no_facts ... ok
stable / test and specification	UNKNOWN STEP	2026-10-08T16:15:13.4395227Z test invisible_parameter_annotations_keep_wide_and_varargs_positions ... ok
stable / test and specification	UNKNOWN STEP	2026-10-08T16:15:13.4396314Z test no_annotation_shells_do_not_read_attribute_content ... ok
stable / test and specification	UNKNOWN STEP	2026-10-08T16:15:13.4398468Z test parameter_annotation_attribute_budget_refusal_publishes_no_facts ... ok
stable / test and specification	UNKNOWN STEP	2026-10-08T16:15:13.4400410Z test parameter_attribute_requires_its_exact_declared_end ... ok
stable / test and specification	UNKNOWN STEP	2026-10-08T16:15:13.4402528Z test parameter_count_mismatch_is_preserved_as_the_u1_the_attribute_declares ... ok
stable / test and specification	UNKNOWN STEP	2026-10-08T16:15:13.4404838Z test visible_parameter_annotation_groups_keep_the_attribute_u1_and_descriptor_order ... ok
stable / test and specification	UNKNOWN STEP	2026-10-08T16:15:13.4405545Z 
stable / test and specification	UNKNOWN STEP	2026-10-08T16:15:13.4406076Z test result: ok. 7 passed; 0 failed; 0 ignored; 0 measured; 0 filtered out; finished in 0.00s
stable / test and specification	UNKNOWN STEP	2026-10-08T16:15:13.4406736Z 
stable / test and specification	UNKNOWN STEP	2026-10-08T16:15:13.4408179Z ^[[1m^[[92m     Running^[[0m tests/method_signature_proof.rs (target/debug/deps/method_signature_proof-a63bb7baed128b74)
stable / test and specification	UNKNOWN STEP	2026-10-08T16:15:13.4447973Z 
stable / test and specification	UNKNOWN STEP	2026-10-08T16:15:13.4448494Z running 3 tests
stable / test and specification	UNKNOWN STEP	2026-10-08T16:15:13.4523755Z test frozen_method_attributes_prove_the_simple_generic_declaration ... ok
stable / test and specification	UNKNOWN STEP	2026-10-08T16:15:13.4528451Z test frozen_negative_classfiles_split_erasure_scope_and_later_projection_proofs ... ok
stable / test and specification	UNKNOWN STEP	2026-10-08T16:15:13.4530543Z test ordinary_exceptions_survive_an_absent_generic_throws_suffix ... ok
stable / test and specification	UNKNOWN STEP	2026-10-08T16:15:13.4530955Z 
stable / test and specification	UNKNOWN STEP	2026-10-08T16:15:13.4531437Z test result: ok. 3 passed; 0 failed; 0 ignored; 0 measured; 0 filtered out; finished in 0.01s
stable / test and specification	UNKNOWN STEP	2026-10-08T16:15:13.4532026Z 
stable / test and specification	UNKNOWN STEP	2026-10-08T16:15:13.4534132Z ^[[1m^[[92m     Running^[[0m tests/type_annotation_facts.rs (target/debug/deps/type_annotation_facts-45f6b6f3888b7d43)
stable / test and specification	UNKNOWN STEP	2026-10-08T16:15:13.4579547Z 
stable / test and specification	UNKNOWN STEP	2026-10-08T16:15:13.4579792Z running 4 tests
stable / test and specification	UNKNOWN STEP	2026-10-08T16:15:13.4604003Z test local_variable_target_preserves_its_table_and_charges_each_entry ... ok
stable / test and specification	UNKNOWN STEP	2026-10-08T16:15:13.4606246Z test member_type_annotations_retain_owner_target_path_and_value ... ok
stable / test and specification	UNKNOWN STEP	2026-10-08T16:15:13.4607246Z test no_type_annotation_shells_do_not_read_content ... ok
stable / test and specification	UNKNOWN STEP	2026-10-08T16:15:13.4609041Z test type_annotation_shell_obeys_attribute_budget_and_cancellation ... ok
stable / test and specification	UNKNOWN STEP	2026-10-08T16:15:13.4609381Z 
stable / test and specification	UNKNOWN STEP	2026-10-08T16:15:13.4609762Z test result: ok. 4 passed; 0 failed; 0 ignored; 0 measured; 0 filtered out; finished in 0.00s
stable / test and specification	UNKNOWN STEP	2026-10-08T16:15:13.4610161Z 
stable / test and specification	UNKNOWN STEP	2026-10-08T16:15:13.5403676Z ##[group]Run cargo test --workspace --all-targets --all-features --locked
stable / test and specification	UNKNOWN STEP	2026-10-08T16:15:13.5406173Z ^[[36;1mcargo test --workspace --all-targets --all-features --locked^[[0m
stable / test and specification	UNKNOWN STEP	2026-10-08T16:15:13.6841656Z shell: /usr/bin/bash -e {0}
stable / test and specification	UNKNOWN STEP	2026-10-08T16:15:13.6841995Z env:
stable / test and specification	UNKNOWN STEP	2026-10-08T16:15:13.6842254Z   CARGO_BUILD_JOBS: 1
stable / test and specification	UNKNOWN STEP	2026-10-08T16:15:13.6842537Z   CARGO_INCREMENTAL: 0
stable / test and specification	UNKNOWN STEP	2026-10-08T16:15:13.6842809Z   RUST_TEST_THREADS: 1
stable / test and specification	UNKNOWN STEP	2026-10-08T16:15:13.6843078Z   CARGO_TERM_COLOR: always
stable / test and specification	UNKNOWN STEP	2026-10-08T16:15:13.6843386Z   CARGO_HOME: /home/runner/.cargo
stable / test and specification	UNKNOWN STEP	2026-10-08T16:15:13.6844164Z   JAVA_HOME: /opt/hostedtoolcache/Java_Temurin-Hotspot_jdk/25.0.4-7.0.LTS/x64
stable / test and specification	UNKNOWN STEP	2026-10-08T16:15:13.6844879Z   JAVA_HOME_25_X64: /opt/hostedtoolcache/Java_Temurin-Hotspot_jdk/25.0.4-7.0.LTS/x64
stable / test and specification	UNKNOWN STEP	2026-10-08T16:15:13.6845428Z   MAVEN_ARGS: -ntp
stable / test and specification	UNKNOWN STEP	2026-10-08T16:15:13.6845706Z   PROPTEST_RNG_SEED: 5350648285461741570
stable / test and specification	UNKNOWN STEP	2026-10-08T16:15:13.6847465Z ##[endgroup]
stable / test and specification	UNKNOWN STEP	2026-10-08T16:15:14.0985114Z ^[[1m^[[92m    Finished^[[0m `test` profile [unoptimized + debuginfo] target(s) in 0.34s
stable / test and specification	UNKNOWN STEP	2026-10-08T16:15:14.1510636Z ^[[1m^[[92m     Running^[[0m unittests src/lib.rs (target/debug/deps/jarde-bd2259c4b0e46d4e)
stable / test and specification	UNKNOWN STEP	2026-10-08T16:15:14.1532374Z 
stable / test and specification	UNKNOWN STEP	2026-10-08T16:15:14.1532660Z running 189 tests
stable / test and specification	UNKNOWN STEP	2026-10-08T16:15:14.1535061Z test bulk::observation::tests::a_threads_tallies_are_flushed_once ... ok
stable / test and specification	UNKNOWN STEP	2026-10-08T16:15:14.1537797Z test bulk::observation::tests::the_reading_carries_its_site_names ... ok
stable / test and specification	UNKNOWN STEP	2026-10-08T16:15:14.1539511Z test bulk::observation::tests::the_site_names_and_indexes_are_the_declared_order ... ok
stable / test and specification	UNKNOWN STEP	2026-10-08T16:15:14.1540638Z test class_source::tests::a_binary_name_is_split_where_its_own_last_slash_is ... ok
stable / test and specification	UNKNOWN STEP	2026-10-08T16:15:14.1544144Z test class_source::tests::a_name_java_cannot_spell_becomes_the_deterministic_alias ... ok
stable / test and specification	UNKNOWN STEP	2026-10-08T16:15:14.1545402Z test class_source::tests::a_text_that_is_not_that_shape_is_not_placed ... ok
stable / test and specification	UNKNOWN STEP	2026-10-08T16:15:14.1549366Z test class_source::tests::a_varargs_flag_writes_the_last_parameters_array_as_the_dots ... ok
stable / test and specification	UNKNOWN STEP	2026-10-08T16:15:14.1550617Z test class_source::tests::an_arrays_element_width_does_not_move_the_parameters_after_it ... ok
stable / test and specification	UNKNOWN STEP	2026-10-08T16:15:14.1554166Z test class_source::tests::anonymous_capture_class_facts_are_passed_as_typed_assembly_input ... ok
stable / test and specification	UNKNOWN STEP	2026-10-08T16:15:14.1555624Z test class_source::tests::bytes_that_are_not_a_field_descriptor_are_refused_rather_than_guessed ... ok
stable / test and specification	UNKNOWN STEP	2026-10-08T16:15:14.1556779Z test class_source::tests::bytes_that_are_not_a_method_descriptor_are_refused_rather_than_guessed ... ok
stable / test and specification	UNKNOWN STEP	2026-10-08T16:15:14.1558988Z test class_source::tests::class_header_spelling_keeps_pool_names_the_member_spelling_refuses ... ok
stable / test and specification	UNKNOWN STEP	2026-10-08T16:15:14.1560310Z test class_source::tests::class_scope_constructor_gate_matches_exact_same_class_target_and_receiver ... ok
stable / test and specification	UNKNOWN STEP	2026-10-08T16:15:14.1562689Z test class_source::tests::field_write_parameter_proof_distinguishes_published_generic_and_raw_parameters ... ok
stable / test and specification	UNKNOWN STEP	2026-10-08T16:15:14.1564449Z test class_source::tests::field_write_source_type_walk_charges_exact_work_and_propagates_stops ... ok
stable / test and specification	UNKNOWN STEP	2026-10-08T16:15:14.1566287Z test class_source::tests::functional_withholding_uses_projected_state_not_markers_or_source_text ... ok
stable / test and specification	UNKNOWN STEP	2026-10-08T16:15:14.1567954Z test class_source::tests::generic_constructor_field_write_requires_one_unique_instance_field_by_name ... ok
stable / test and specification	UNKNOWN STEP	2026-10-08T16:15:14.1569711Z test class_source::tests::incomplete_same_class_field_inventory_cannot_prove_a_field_binding ... ok
stable / test and specification	UNKNOWN STEP	2026-10-08T16:15:14.1571969Z test class_source::tests::member_annotation_budget_stop_keeps_the_raw_shell_unread ... ok
stable / test and specification	UNKNOWN STEP	2026-10-08T16:15:14.1574375Z test class_source::tests::member_annotation_cancellation_keeps_the_raw_shell_unread ... ok
stable / test and specification	UNKNOWN STEP	2026-10-08T16:15:14.1577050Z test class_source::tests::method_parameters_need_a_complete_safe_slot_projection ... ok
stable / test and specification	UNKNOWN STEP	2026-10-08T16:15:14.1578156Z test class_source::tests::one_artifact_is_split_at_its_own_block ... ok
stable / test and specification	UNKNOWN STEP	2026-10-08T16:15:14.1579246Z test class_source::tests::one_field_descriptor_is_spelled_as_java_spells_it ... ok
stable / test and specification	UNKNOWN STEP	2026-10-08T16:15:14.1580326Z test class_source::tests::one_internal_name_is_spelled_dotted_and_nothing_else_about_it_changes ... ok
stable / test and specification	UNKNOWN STEP	2026-10-08T16:15:14.1582406Z test class_source::tests::one_member_block_puts_the_envelope_and_the_statements_at_the_same_depth ... ok
stable / test and specification	UNKNOWN STEP	2026-10-08T16:15:14.1584680Z test class_source::tests::one_member_whose_artifact_cannot_be_placed_quotes_it_line_by_line ... ok
stable / test and specification	UNKNOWN STEP	2026-10-08T16:15:14.1585767Z test class_source::tests::one_member_without_an_artifact_keeps_its_marker_inside_the_block ... ok
stable / test and specification	UNKNOWN STEP	2026-10-08T16:15:14.1587354Z test class_source::tests::one_method_descriptor_is_spelled_with_its_slots_and_its_return_type ... ok
stable / test and specification	UNKNOWN STEP	2026-10-08T16:15:14.1589146Z test class_source::tests::one_stop_code_is_the_engines_own_spelling_of_its_reason ... ok
stable / test and specification	UNKNOWN STEP	2026-10-08T16:15:14.1591875Z test class_source::tests::ordinary_signature_types_spell_each_structured_argument_and_array ... ok
stable / test and specification	UNKNOWN STEP	2026-10-08T16:15:14.1593153Z test class_source::tests::projected_parameter_names_and_final_are_one_declaration ... ok
stable / test and specification	UNKNOWN STEP	2026-10-08T16:15:14.1596131Z test class_source::tests::published_method_type_variable_uses_only_its_matching_raw_class_bound ... ok
stable / test and specification	UNKNOWN STEP	2026-10-08T16:15:14.1597253Z test class_source::tests::raw_parameter_platform_widening_rejects_invalid_utf8_name_collisions ... ok
stable / test and specification	UNKNOWN STEP	2026-10-08T16:15:14.1599499Z test class_source::tests::recovered_names_follow_parameter_slots_across_a_wide_value ... ok
stable / test and specification	UNKNOWN STEP	2026-10-08T16:15:14.1602185Z test class_source::tests::selected_member_path_spells_only_exact_nested_signature_segments ... ok
stable / test and specification	UNKNOWN STEP	2026-10-08T16:15:14.1604418Z test class_source::tests::void_generic_header_output_budget_publishes_no_partial_declaration ... ok
stable / test and specification	UNKNOWN STEP	2026-10-08T16:15:14.1606793Z test class_source::tests::void_generic_signature_stops_before_publishing_on_cancel_or_analysis_budget ... ok
stable / test and specification	UNKNOWN STEP	2026-10-08T16:15:14.7859316Z test enum_constants::tests::abstract_enum_candidate_capture_observes_budget_and_cancellation ... ok
stable / test and specification	UNKNOWN STEP	2026-10-08T16:15:15.3431382Z test enum_constants::tests::arbitrary_argument_fold_stays_a_budget_stop_that_keeps_the_per_field_text ... ok
stable / test and specification	UNKNOWN STEP	2026-10-08T16:15:16.8547727Z test enum_constants::tests::arbitrary_argument_shapes_fold_with_narrowed_spellings_and_verified_runtime ... ok
stable / test and specification	UNKNOWN STEP	2026-10-08T16:15:16.8549393Z test enum_constants::tests::arbitrary_ctor_descriptor_grammar_parses_only_the_admitted_tails ... ok
stable / test and specification	UNKNOWN STEP	2026-10-08T16:15:16.8551612Z test enum_constants::tests::cancellation_is_not_converted_into_a_normal_enum_refusal ... ok
stable / test and specification	UNKNOWN STEP	2026-10-08T16:15:16.8554874Z test enum_constants::tests::cancellation_of_the_measure_request_never_publishes_a_partial_enum_projection ... ok
stable / test and specification	UNKNOWN STEP	2026-10-08T16:15:17.3708201Z test enum_constants::tests::constructor_delegation_edge_preserves_budget_and_cancellation_stops ... ok
stable / test and specification	UNKNOWN STEP	2026-10-08T16:15:17.9181715Z test enum_constants::tests::constructor_delegation_edge_rejects_wrong_edges_arguments_effects_handlers_and_duplicates ... ok
stable / test and specification	UNKNOWN STEP	2026-10-08T16:15:17.9189666Z test enum_constants::tests::constructor_index_uses_the_method_table_not_the_shorter_field_table ... ok
stable / test and specification	UNKNOWN STEP	2026-10-08T16:15:21.7654835Z test enum_constants::tests::counted_side_effectful_suffix_executes_once_in_the_projected_source ... ok
stable / test and specification	UNKNOWN STEP	2026-10-08T16:15:22.3619096Z test enum_constants::tests::custom_map_suffix_output_stop_and_cancellation_leave_no_partial_projection ... ok
stable / test and specification	UNKNOWN STEP	2026-10-08T16:15:23.5976747Z test enum_constants::tests::custom_map_suffix_recompiles_and_preserves_singleton_identity ... ok
stable / test and specification	UNKNOWN STEP	2026-10-08T16:15:25.9219488Z test enum_constants::tests::custom_map_suffix_refuses_unproved_effects_and_loop_shapes_atomically ... ok
stable / test and specification	UNKNOWN STEP	2026-10-08T16:15:26.4733350Z test enum_constants::tests::custom_map_suffix_rejects_changed_loop_increment ... ok
stable / test and specification	UNKNOWN STEP	2026-10-08T16:15:26.9936137Z test enum_constants::tests::delegating_class_source_stops_do_not_publish_a_partial_projection ... ok
stable / test and specification	UNKNOWN STEP	2026-10-08T16:15:28.1713230Z test enum_constants::tests::delegating_projection_keeps_default_all_json_sources_and_method_only_recovery_aligned ... ok
stable / test and specification	UNKNOWN STEP	2026-10-08T16:15:28.7415091Z test enum_constants::tests::delegating_projection_output_budget_stop_keeps_both_physical_constructors ... ok
stable / test and specification	UNKNOWN STEP	2026-10-08T16:15:29.2918127Z test enum_constants::tests::empty_enum_with_a_user_method_emits_its_required_separator ... ok
stable / test and specification	UNKNOWN STEP	2026-10-08T16:15:29.3026582Z test enum_constants::tests::enum_code_capture_is_structured_and_charges_each_instruction ... ok
stable / test and specification	UNKNOWN STEP	2026-10-08T16:15:29.3038154Z test enum_constants::tests::exhausted_proof_budget_is_reported_as_stopped ... ok
stable / test and specification	UNKNOWN STEP	2026-10-08T16:15:30.8958836Z test enum_constants::tests::extra_calls_field_writes_and_exception_edges_keep_the_unprojected_initializer ... ok
stable / test and specification	UNKNOWN STEP	2026-10-08T16:15:31.4294899Z test enum_constants::tests::extra_user_read_of_values_backing_array_refuses_and_stays_visible ... ok
stable / test and specification	UNKNOWN STEP	2026-10-08T16:15:31.4298836Z test enum_constants::tests::frozen_four_constant_factory_rejects_wrong_length_and_duplicate_entries ... ok
stable / test and specification	UNKNOWN STEP	2026-10-08T16:15:31.4503668Z test enum_constants::tests::frozen_plain_enum_arities_project_as_one_ordered_physical_group ... ok
stable / test and specification	UNKNOWN STEP	2026-10-08T16:15:31.4837745Z test enum_constants::tests::helper_constructor_and_prefix_1_2_boundaries_are_refused ... ok
stable / test and specification	UNKNOWN STEP	2026-10-08T16:15:32.0188351Z test enum_constants::tests::implicit_enum_constructor_with_an_extra_effect_refuses_the_whole_group ... ok
stable / test and specification	UNKNOWN STEP	2026-10-08T16:15:32.0258409Z test enum_constants::tests::implicit_enum_constructor_with_wrong_ordinal_forwarding_refuses_the_group ... ok
stable / test and specification	UNKNOWN STEP	2026-10-08T16:15:32.0270017Z test enum_constants::tests::incomplete_enum_code_budget_does_not_project_any_member ... ok
stable / test and specification	UNKNOWN STEP	2026-10-08T16:15:33.9408850Z test enum_constants::tests::int_static_field_arguments_preserve_the_same_run_expression_and_runtime_order ... ok
stable / test and specification	UNKNOWN STEP	2026-10-08T16:15:36.5366049Z test enum_constants::tests::int_ternary_arguments_bind_both_arms_and_preserve_condition_evaluation ... ok
stable / test and specification	UNKNOWN STEP	2026-10-08T16:15:36.5366991Z test enum_constants::tests::int_user_arguments_narrow_by_their_parameter_descriptor ... ok
stable / test and specification	UNKNOWN STEP	2026-10-08T16:15:39.9215806Z test enum_constants::tests::java8_two_constant_enum_capture_admits_op_without_proving_or_fabricating_code ... ok
stable / test and specification	UNKNOWN STEP	2026-10-08T16:15:39.9329143Z test enum_constants::tests::measure_constants_used_by_user_methods_remain_provable ... ok
stable / test and specification	UNKNOWN STEP	2026-10-08T16:15:39.9565641Z test enum_constants::tests::measure_projection_text_is_equal_for_default_and_all_evidence_with_physical_members_intact ... ok
stable / test and specification	UNKNOWN STEP	2026-10-08T16:15:45.2322424Z test enum_constants::tests::measure_static_suffix_recompiles_and_matches_original_and_jadx_with_both_debug_modes ... ok
stable / test and specification	UNKNOWN STEP	2026-10-08T16:15:45.2529043Z test enum_constants::tests::measure_suffix_output_budget_stop_keeps_the_entire_unprojected_initializer ... ok
stable / test and specification	UNKNOWN STEP	2026-10-08T16:15:45.7761709Z test enum_constants::tests::missing_string_varargs_constructor_code_refuses_the_group ... ok
stable / test and specification	UNKNOWN STEP	2026-10-08T16:15:45.7763061Z test enum_constants::tests::object_and_array_descriptors_follow_the_classfile_owner ... ok
stable / test and specification	UNKNOWN STEP	2026-10-08T16:15:46.3139224Z test enum_constants::tests::one_unproved_string_varargs_constant_refuses_all_constants ... ok
stable / test and specification	UNKNOWN STEP	2026-10-08T16:15:46.8551119Z test enum_constants::tests::ordinary_class_fields_and_static_initializer_keep_the_existing_projection ... ok
stable / test and specification	UNKNOWN STEP	2026-10-08T16:15:46.8636692Z test enum_constants::tests::patrol_n0_fixture_keeps_its_exact_folded_text ... ok
stable / test and specification	UNKNOWN STEP	2026-10-08T16:15:48.2439229Z test enum_constants::tests::patrol_n1_full_shape_folds_and_recompiles_run_like_the_fixture_baseline ... ok
stable / test and specification	UNKNOWN STEP	2026-10-08T16:15:50.8675522Z test enum_constants::tests::patrol_n3_probes_fold_and_recompile_run_like_the_fixture_baseline ... ok
stable / test and specification	UNKNOWN STEP	2026-10-08T16:15:54.7806325Z test enum_constants::tests::projected_delegating_enum_compiles_and_preserves_verified_constructor_behavior ... ok
stable / test and specification	UNKNOWN STEP	2026-10-08T16:15:54.7988485Z test enum_constants::tests::projection_output_budget_stop_keeps_the_original_class_source ... ok
stable / test and specification	UNKNOWN STEP	2026-10-08T16:15:56.0020583Z test enum_constants::tests::repeated_string_array_index_write_is_jvm_verifiable_and_refused ... ok
stable / test and specification	UNKNOWN STEP	2026-10-08T16:15:57.9068938Z test enum_constants::tests::same_package_field_uses_its_short_source_name_and_preserves_initialization ... ok
stable / test and specification	UNKNOWN STEP	2026-10-08T16:16:00.5636915Z test enum_constants::tests::scalar_string_arguments_preserve_literal_and_alternating_ternary_runtime ... ok
stable / test and specification	UNKNOWN STEP	2026-10-08T16:16:01.1235287Z test enum_constants::tests::scalar_string_diamond_requires_exact_branch_targets_and_literal_arms ... ok
stable / test and specification	UNKNOWN STEP	2026-10-08T16:16:01.6513001Z test enum_constants::tests::selected_environment_field_ambiguity_and_budget_stop_never_publish_int_arguments ... ok
stable / test and specification	UNKNOWN STEP	2026-10-08T16:16:02.2177663Z test enum_constants::tests::string_varargs_arrays_are_proved_and_projected_atomically ... ok
stable / test and specification	UNKNOWN STEP	2026-10-08T16:16:02.7518442Z test enum_constants::tests::string_varargs_low_budget_and_cancellation_keep_the_group_unpublished ... ok
stable / test and specification	UNKNOWN STEP	2026-10-08T16:16:03.8885120Z test enum_constants::tests::string_varargs_signature_mismatch_refuses_without_partial_projection ... ok
stable / test and specification	UNKNOWN STEP	2026-10-08T16:16:04.9606005Z test enum_constants::tests::string_varargs_source_uses_the_existing_java_literal_escaper ... ok
stable / test and specification	UNKNOWN STEP	2026-10-08T16:16:05.5341867Z test enum_constants::tests::terminal_constructor_body_consumes_the_exact_same_run_ast_and_code_sequence ... ok
stable / test and specification	UNKNOWN STEP	2026-10-08T16:16:06.1046909Z test enum_constants::tests::terminal_constructor_body_propagates_budget_and_cancellation_stops ... ok
stable / test and specification	UNKNOWN STEP	2026-10-08T16:16:06.6707468Z test enum_constants::tests::terminal_constructor_body_rejects_target_parameter_order_signature_effect_and_handler_changes ... ok
stable / test and specification	UNKNOWN STEP	2026-10-08T16:16:07.2909169Z test enum_constants::tests::two_constructor_edge_and_terminal_body_project_as_one_source_group ... ok
stable / test and specification	UNKNOWN STEP	2026-10-08T16:16:09.5838243Z test enum_constants::tests::unsafe_static_field_owners_and_metadata_refuse_the_whole_group ... ok
stable / test and specification	UNKNOWN STEP	2026-10-08T16:16:10.3558078Z test enum_constants::tests::unsupported_arbitrary_argument_shapes_refuse_and_keep_the_per_field_presentation ... ok
stable / test and specification	UNKNOWN STEP	2026-10-08T16:16:13.7035493Z test enum_constants::tests::unsupported_int_argument_shapes_refuse_the_whole_constant_group ... ok
stable / test and specification	UNKNOWN STEP	2026-10-08T16:16:23.3248953Z test enum_constants::tests::unsupported_scalar_string_arguments_refuse_the_whole_group ... ok
stable / test and specification	UNKNOWN STEP	2026-10-08T16:16:28.0341651Z test enum_constants::tests::unsupported_string_varargs_classfiles_refuse_the_complete_group ... ok
stable / test and specification	UNKNOWN STEP	2026-10-08T16:16:31.6404419Z test enum_constants::tests::unsupported_verifier_valid_int_ternary_diamonds_keep_physical_origins ... ok
stable / test and specification	UNKNOWN STEP	2026-10-08T16:16:31.6406594Z test facade::anonymous_allocation_uniqueness_tests::one_site_requires_a_complete_scan_and_verified_candidate ... ok
stable / test and specification	UNKNOWN STEP	2026-10-08T16:16:31.6408204Z test facade::anonymous_allocation_uniqueness_tests::two_sites_in_the_same_method_are_not_one_unique_allocation ... ok
stable / test and specification	UNKNOWN STEP	2026-10-08T16:16:31.6409581Z test facade::array_helper_census_tests::direct_invocation_and_ldc_handle_refuse_the_exact_physical_helper ... ok
stable / test and specification	UNKNOWN STEP	2026-10-08T16:16:31.6433299Z test facade::direct_generic_superclass_tests::cancellation_during_parent_proof_does_not_publish_a_generic_header ... ok
stable / test and specification	UNKNOWN STEP	2026-10-08T16:16:31.6452424Z test facade::direct_generic_superclass_tests::dependency_budget_stop_does_not_publish_a_partial_generic_header ... ok
stable / test and specification	UNKNOWN STEP	2026-10-08T16:16:31.6472922Z test facade::direct_generic_superclass_tests::missing_parent_keeps_the_physical_raw_class_header ... ok
stable / test and specification	UNKNOWN STEP	2026-10-08T16:16:31.6496287Z test facade::direct_generic_superclass_tests::selected_parent_signature_projects_one_direct_string_argument ... ok
stable / test and specification	UNKNOWN STEP	2026-10-08T16:16:32.2615095Z test facade::enum_constant_body_relation_tests::a_second_unwritten_string_field_leaves_the_proved_target_unique ... ok
stable / test and specification	UNKNOWN STEP	2026-10-08T16:16:32.8717567Z test facade::enum_constant_body_relation_tests::broken_constructor_argument_forwarding_refuses_the_whole_group ... ok
stable / test and specification	UNKNOWN STEP	2026-10-08T16:16:36.7380584Z test facade::enum_constant_body_relation_tests::dt12_ascii_string_arguments_project_atomically_and_recompile ... ok
stable / test and specification	UNKNOWN STEP	2026-10-08T16:16:37.3191435Z test facade::enum_constant_body_relation_tests::dt12_output_budget_and_precancellation_publish_no_partial_group ... ok
stable / test and specification	UNKNOWN STEP	2026-10-08T16:16:39.1011502Z test facade::enum_constant_body_relation_tests::dt12_rejects_non_ascii_nonliteral_and_three_constant_groups ... ok
stable / test and specification	UNKNOWN STEP	2026-10-08T16:16:40.9900548Z test facade::enum_constant_body_relation_tests::dt12_rejects_verifier_valid_ordinal_and_bridge_forwarding_changes ... ok
stable / test and specification	UNKNOWN STEP	2026-10-08T16:16:42.3225993Z test facade::enum_constant_body_relation_tests::enum_body_group_rejects_a_changed_generated_values_helper ... ok
stable / test and specification	UNKNOWN STEP	2026-10-08T16:16:43.6005839Z test facade::enum_constant_body_relation_tests::enum_body_group_requires_each_abstract_implementation_and_keeps_physical_child ... ok
stable / test and specification	UNKNOWN STEP	2026-10-08T16:16:46.3784417Z test facade::enum_constant_body_relation_tests::enum_body_prefix_reads_actual_name_and_ordinal_and_allows_closed_user_suffix ... ok
stable / test and specification	UNKNOWN STEP	2026-10-08T16:16:47.0515043Z test facade::enum_constant_body_relation_tests::enum_body_prefix_rejects_extra_alias_store_and_unclosed_suffix ... ok
stable / test and specification	UNKNOWN STEP	2026-10-08T16:16:47.7715670Z test facade::enum_constant_body_relation_tests::enum_body_projection_budget_and_cancellation_leave_no_half_body ... ok
stable / test and specification	UNKNOWN STEP	2026-10-08T16:16:48.4237263Z test facade::enum_constant_body_relation_tests::enum_body_projection_is_atomic_when_the_second_body_cannot_be_written ... ok
stable / test and specification	UNKNOWN STEP	2026-10-08T16:16:49.8465850Z test facade::enum_constant_body_relation_tests::enum_body_projection_keeps_physical_json_and_independent_child_requests ... ok
stable / test and specification	UNKNOWN STEP	2026-10-08T16:16:51.7021062Z test facade::enum_constant_body_relation_tests::enum_child_body_proof_rejects_fields_effects_and_unspellable_overrides ... ok
stable / test and specification	UNKNOWN STEP	2026-10-08T16:16:52.4059092Z test facade::enum_constant_body_relation_tests::enum_child_body_recovery_is_evidence_independent_and_budgeted ... ok
stable / test and specification	UNKNOWN STEP	2026-10-08T16:16:53.0535196Z test facade::enum_constant_body_relation_tests::enum_child_constructor_read_preserves_budget_and_cancellation_stops ... ok
stable / test and specification	UNKNOWN STEP	2026-10-08T16:16:53.7080821Z test facade::enum_constant_body_relation_tests::enum_child_exceptional_body_cannot_pass_full_recovery ... ok
stable / test and specification	UNKNOWN STEP	2026-10-08T16:16:55.0592975Z test facade::enum_constant_body_relation_tests::enum_constant_body_census_rejects_another_constant_and_other_class_code_use ... ok
stable / test and specification	UNKNOWN STEP	2026-10-08T16:16:56.6098017Z test facade::enum_constant_body_relation_tests::enum_constant_body_relations_follow_each_verified_construction_and_reject_missing_or_changed_rows ... ok
stable / test and specification	UNKNOWN STEP	2026-10-08T16:16:58.3983159Z test facade::enum_constant_body_relation_tests::enum_constructor_edges_require_exact_forwarding_and_targets ... ok
stable / test and specification	UNKNOWN STEP	2026-10-08T16:16:58.5174074Z test facade::enum_constant_body_relation_tests::frozen_nested_matrix_jars_flip_exactly_the_nested_cells ... ok
stable / test and specification	UNKNOWN STEP	2026-10-08T16:17:02.4737993Z test facade::enum_constant_body_relation_tests::labeled_field_name_string_bodies_project_from_the_proved_name ... ok
stable / test and specification	UNKNOWN STEP	2026-10-08T16:17:03.0777393Z test facade::enum_constant_body_relation_tests::mixed_argument_constant_bodies_fold_as_one_ordered_group ... ok
stable / test and specification	UNKNOWN STEP	2026-10-08T16:17:03.6589869Z test facade::enum_constant_body_relation_tests::multi_level_nested_enum_structural_semantics_are_registered ... ok
stable / test and specification	UNKNOWN STEP	2026-10-08T16:17:04.2559276Z test facade::enum_constant_body_relation_tests::nested_enum_constant_bodies_fold_with_the_same_structural_obligations ... ok
stable / test and specification	UNKNOWN STEP	2026-10-08T16:17:04.9260538Z test facade::enum_constant_body_relation_tests::nested_enum_projection_is_proved_and_budget_stop_is_atomic ... ok
stable / test and specification	UNKNOWN STEP	2026-10-08T16:17:05.5418258Z test facade::enum_constant_body_relation_tests::nested_enum_with_unproved_body_obligations_stays_field_by_field ... ok
stable / test and specification	UNKNOWN STEP	2026-10-08T16:17:06.1480750Z test facade::enum_constant_body_relation_tests::nested_mixed_constant_bodies_fold_with_the_same_obligations ... ok
stable / test and specification	UNKNOWN STEP	2026-10-08T16:17:07.5003702Z test facade::enum_constant_body_relation_tests::proved_body_group_shares_selected_methods_and_their_physical_origins ... ok
stable / test and specification	UNKNOWN STEP	2026-10-08T16:17:17.6280208Z test facade::enum_constant_body_relation_tests::proved_enum_bodies_recompile_and_match_original_and_jadx_behavior ... ok
stable / test and specification	UNKNOWN STEP	2026-10-08T16:17:18.1944722Z test facade::enum_constant_body_relation_tests::static_field_argument_constant_bodies_stay_field_by_field ... ok
stable / test and specification	UNKNOWN STEP	2026-10-08T16:17:18.7885495Z test facade::enum_constant_body_relation_tests::string_constructor_identity_binds_the_written_field_and_refuses_everything_else ... ok
stable / test and specification	UNKNOWN STEP	2026-10-08T16:17:20.0487351Z test facade::enum_constant_body_relation_tests::string_constructor_negatives_refuse_loudly ... ok
stable / test and specification	UNKNOWN STEP	2026-10-08T16:17:20.7175757Z test facade::enum_constant_body_relation_tests::three_argument_constant_bodies_fold_with_narrowed_literals ... ok
stable / test and specification	UNKNOWN STEP	2026-10-08T16:17:21.3425544Z test facade::enum_constant_body_relation_tests::user_dollar_named_toplevel_enum_keeps_its_toplevel_semantics ... ok
stable / test and specification	UNKNOWN STEP	2026-10-08T16:17:21.3427240Z test facade::enum_int_static_owner_gate_tests::same_enum_owner_is_rejected_before_any_dependency_read ... ok
stable / test and specification	UNKNOWN STEP	2026-10-08T16:17:21.3428830Z test facade::enum_int_static_owner_gate_tests::same_package_owner_name_is_rejected_when_an_enum_member_shadows_it ... ok
stable / test and specification	UNKNOWN STEP	2026-10-08T16:17:21.3430094Z test facade::enum_int_static_owner_gate_tests::static_field_owner_gate_rejects_self_cross_package_and_binary_member_names ... ok
stable / test and specification	UNKNOWN STEP	2026-10-08T16:17:26.5075081Z test facade::integer_constant_name_tests::case_and_return_candidates_are_independent_with_narrow_refusals ... ok
stable / test and specification	UNKNOWN STEP	2026-10-08T16:17:27.0488717Z test facade::integer_constant_name_tests::direct_integer_return_names_independently_of_a_numeric_case_key ... ok
stable / test and specification	UNKNOWN STEP	2026-10-08T16:17:27.0570986Z test facade::integer_constant_name_tests::fixed_switch_names_keep_physical_keys_returns_and_origins ... ok
stable / test and specification	UNKNOWN STEP	2026-10-08T16:17:27.0578015Z test facade::integer_constant_name_tests::incomplete_field_table_never_proves_an_integer_name ... ok
stable / test and specification	UNKNOWN STEP	2026-10-08T16:17:27.0661281Z test facade::integer_constant_name_tests::output_limit_or_cancellation_never_publishes_partial_name_projection ... ok
stable / test and specification	UNKNOWN STEP	2026-10-08T16:17:27.0802451Z test facade::interface_super_proof_tests::interface_hierarchy_cycles_are_unknown ... ok
stable / test and specification	UNKNOWN STEP	2026-10-08T16:17:27.1074767Z test facade::interface_super_proof_tests::interface_hierarchy_observes_dependency_depth_and_cancellation ... ok
stable / test and specification	UNKNOWN STEP	2026-10-08T16:17:27.1085820Z test facade::interface_super_proof_tests::unique_source_default_rejects_multiple_inherited_defaults ... ok
stable / test and specification	UNKNOWN STEP	2026-10-08T16:17:27.1087551Z test facade::lambda_helper_census_tests::cancellation_stops_class_census_before_publication ... ok
stable / test and specification	UNKNOWN STEP	2026-10-08T16:17:27.1089280Z test facade::lambda_helper_census_tests::constant_dynamic_reuse_of_an_owned_lambda_row_refuses_projection ... ok
stable / test and specification	UNKNOWN STEP	2026-10-08T16:17:27.1090740Z test facade::lambda_helper_census_tests::direct_helper_invocation_and_incomplete_scan_both_refuse ... ok
stable / test and specification	UNKNOWN STEP	2026-10-08T16:17:27.1092493Z test facade::lambda_helper_census_tests::nested_dynamic_back_edge_to_earlier_owned_row_refuses_independent_of_queue_order ... ok
stable / test and specification	UNKNOWN STEP	2026-10-08T16:17:27.1094457Z test facade::lambda_helper_census_tests::nested_dynamic_bootstrap_with_helper_in_non_implementation_argument_is_rejected ... ok
stable / test and specification	UNKNOWN STEP	2026-10-08T16:17:27.1095705Z test facade::lambda_helper_census_tests::shared_bootstrap_row_rejects_any_unprojected_invokedynamic_site ... ok
stable / test and specification	UNKNOWN STEP	2026-10-08T16:17:27.1250019Z test facade::member_inner_target_tests::caller_relation_is_optional_but_a_present_row_must_agree ... ok
stable / test and specification	UNKNOWN STEP	2026-10-08T16:17:27.1626812Z test facade::member_inner_target_tests::generic_outer_path_and_all_member_call_shapes_remain_selected_and_emittable ... ok
stable / test and specification	UNKNOWN STEP	2026-10-08T16:17:27.1919982Z test facade::member_inner_target_tests::malformed_generic_outer_signature_and_ambiguous_outer_definitions_do_not_prove ... ok
stable / test and specification	UNKNOWN STEP	2026-10-08T16:17:27.2210491Z test facade::member_inner_target_tests::selected_target_is_required_and_ambiguous_definitions_do_not_prove ... ok
stable / test and specification	UNKNOWN STEP	2026-10-08T16:17:27.2281695Z test facade::member_inner_target_tests::target_selection_observes_budget_and_cancellation ... ok
stable / test and specification	UNKNOWN STEP	2026-10-08T16:17:27.2283476Z test facade::nested_enum_source_rewrite_tests::candidate_spans_skip_literals_and_comments_for_later_physical_proof ... ok
stable / test and specification	UNKNOWN STEP	2026-10-08T16:17:27.3436976Z test facade::outer_super_bridge_closure_tests::closed_bridge_projects_exact_outer_super_and_keeps_both_physical_methods ... ok
stable / test and specification	UNKNOWN STEP	2026-10-08T16:17:27.4325143Z test facade::outer_super_bridge_closure_tests::effectful_outer_super_arguments_project_in_evaluation_order ... ok
stable / test and specification	UNKNOWN STEP	2026-10-08T16:17:27.5125966Z test facade::outer_super_bridge_closure_tests::exact_bridge_closure_requires_every_static_call_and_a_complete_scan ... ok
stable / test and specification	UNKNOWN STEP	2026-10-08T16:17:27.5133134Z test facade::package_info_source_tests::non_package_target_annotation_cannot_enter_the_projection ... ok
stable / test and specification	UNKNOWN STEP	2026-10-08T16:17:27.5139579Z test facade::package_info_source_tests::output_budget_stop_keeps_the_physical_package_info_presentation ... ok
stable / test and specification	UNKNOWN STEP	2026-10-08T16:17:27.5143527Z test facade::package_info_source_tests::pre_cancelled_request_cannot_publish_a_package_projection ... ok
stable / test and specification	UNKNOWN STEP	2026-10-08T16:17:27.5149579Z test facade::package_info_source_tests::proved_package_info_is_only_annotation_then_package_statement ... ok
stable / test and specification	UNKNOWN STEP	2026-10-08T16:17:27.5151552Z test facade::reference_overload_tests::exact_target_refuses_same_formal_ambiguity_and_bridge ... ok
stable / test and specification	UNKNOWN STEP	2026-10-08T16:17:27.5154103Z test facade::reference_overload_tests::private_target_keeps_a_binding_with_b_overload_and_refuses_bad_declarations ... ok
stable / test and specification	UNKNOWN STEP	2026-10-08T16:17:27.5155682Z test facade::snapshot_hierarchy_tests::named_reference_classes_carry_both_spellings_and_no_arrays ... ok
stable / test and specification	UNKNOWN STEP	2026-10-08T16:17:27.5156860Z test facade::snapshot_hierarchy_tests::parameter_ordinals_count_values_not_slots ... ok
stable / test and specification	UNKNOWN STEP	2026-10-08T16:17:27.5157612Z test member_inner::tests::bridge_load_and_return_opcodes_follow_jvm_parameter_categories ... ok
stable / test and specification	UNKNOWN STEP	2026-10-08T16:17:27.5163079Z test member_inner::tests::exact_target_relation_field_and_prologue_are_required ... ok
stable / test and specification	UNKNOWN STEP	2026-10-08T16:17:27.5465180Z test member_inner::tests::family_capture_distinguishes_other_and_refuses_unclosed_shapes ... ok
stable / test and specification	UNKNOWN STEP	2026-10-08T16:17:27.5471668Z test member_inner::tests::family_relation_needs_matching_typed_rows_and_uses_member_flags ... ok
stable / test and specification	UNKNOWN STEP	2026-10-08T16:17:27.5476549Z test member_inner::tests::family_row_scan_observes_real_budget_and_cancellation ... ok
stable / test and specification	UNKNOWN STEP	2026-10-08T16:17:27.5487766Z test member_inner::tests::generic_member_signature_and_constructor_tail_are_proved ... ok
stable / test and specification	UNKNOWN STEP	2026-10-08T16:17:27.5492257Z test member_inner::tests::generic_signature_proof_preserves_budget_and_cancellation_stops ... ok
stable / test and specification	UNKNOWN STEP	2026-10-08T16:17:27.5497746Z test member_inner::tests::mixed_family_scan_collects_the_static_subset_beside_the_instance_candidate ... ok
stable / test and specification	UNKNOWN STEP	2026-10-08T16:17:27.5499460Z test member_inner::tests::nested_enum_root_scan_reports_budget_and_cancellation_stops ... ok
stable / test and specification	UNKNOWN STEP	2026-10-08T16:17:27.5500980Z test member_inner::tests::nested_enum_root_scan_requires_exact_rows_and_never_guesses_dollar_names ... ok
stable / test and specification	UNKNOWN STEP	2026-10-08T16:17:27.6215752Z test member_inner::tests::outer_super_bridge_and_call_require_exact_body_target_and_capture_value ... ok
stable / test and specification	UNKNOWN STEP	2026-10-08T16:17:27.6746878Z test member_inner::tests::outer_super_call_keeps_effectful_arguments_in_physical_order ... ok
stable / test and specification	UNKNOWN STEP	2026-10-08T16:17:27.6747560Z 
stable / test and specification	UNKNOWN STEP	2026-10-08T16:17:27.6748209Z test result: ok. 189 passed; 0 failed; 0 ignored; 0 measured; 0 filtered out; finished in 133.52s
stable / test and specification	UNKNOWN STEP	2026-10-08T16:17:27.6748833Z 
stable / test and specification	UNKNOWN STEP	2026-10-08T16:17:27.6764007Z ^[[1m^[[92m     Running^[[0m tests/anonymous_parameterized_root.rs (target/debug/deps/anonymous_parameterized_root-7d824c2a6ebb98f3)
stable / test and specification	UNKNOWN STEP	2026-10-08T16:17:27.6780913Z 
stable / test and specification	UNKNOWN STEP	2026-10-08T16:17:27.6794958Z running 4 tests
stable / test and specification	UNKNOWN STEP	2026-10-08T16:17:27.6974653Z test the_parameterized_root_fixture_projects_the_capture_parameter_form ... ok
stable / test and specification	UNKNOWN STEP	2026-10-08T16:17:28.4300550Z test the_parameterized_root_projection_does_not_need_debug_information ... ok
stable / test and specification	UNKNOWN STEP	2026-10-08T16:17:29.1815704Z test the_parameterized_root_projection_recompiles_and_runs_as_the_original ... ok
stable / test and specification	UNKNOWN STEP	2026-10-08T16:17:29.2230385Z test the_parameterized_root_refusals_keep_their_physical_text ... ok
stable / test and specification	UNKNOWN STEP	2026-10-08T16:17:29.2230990Z 
stable / test and specification	UNKNOWN STEP	2026-10-08T16:17:29.2231661Z test result: ok. 4 passed; 0 failed; 0 ignored; 0 measured; 0 filtered out; finished in 1.54s
stable / test and specification	UNKNOWN STEP	2026-10-08T16:17:29.2232294Z 
stable / test and specification	UNKNOWN STEP	2026-10-08T16:17:29.2246606Z ^[[1m^[[92m     Running^[[0m tests/anonymous_supertype_return.rs (target/debug/deps/anonymous_supertype_return-e827c0b63dda2835)
stable / test and specification	UNKNOWN STEP	2026-10-08T16:17:29.2262715Z 
stable / test and specification	UNKNOWN STEP	2026-10-08T16:17:29.2263022Z running 6 tests
stable / test and specification	UNKNOWN STEP	2026-10-08T16:17:29.2624583Z test non_javac_return_descriptors_keep_their_refusals ... ok
stable / test and specification	UNKNOWN STEP	2026-10-08T16:17:29.2738608Z test the_gate_keeps_the_one_layer_and_spelling_boundaries ... ok
stable / test and specification	UNKNOWN STEP	2026-10-08T16:17:29.2843004Z test the_interface_path_keeps_refusing_child_self_invocations ... ok
stable / test and specification	UNKNOWN STEP	2026-10-08T16:17:30.0773248Z test the_parameterized_supertype_return_contrast_positive_projects_and_runs ... ok
stable / test and specification	UNKNOWN STEP	2026-10-08T16:17:30.1078378Z test the_supertype_return_anchor_projects_the_interface_declaration ... ok
stable / test and specification	UNKNOWN STEP	2026-10-08T16:17:30.9352751Z test the_supertype_return_anchor_recompiles_and_runs_as_the_original ... ok
stable / test and specification	UNKNOWN STEP	2026-10-08T16:17:30.9353204Z 
stable / test and specification	UNKNOWN STEP	2026-10-08T16:17:30.9353606Z test result: ok. 6 passed; 0 failed; 0 ignored; 0 measured; 0 filtered out; finished in 1.71s
stable / test and specification	UNKNOWN STEP	2026-10-08T16:17:30.9354406Z 
stable / test and specification	UNKNOWN STEP	2026-10-08T16:17:30.9367186Z ^[[1m^[[92m     Running^[[0m tests/assert_statement_sugar.rs (target/debug/deps/assert_statement_sugar-301ccafdc17f4fae)
stable / test and specification	UNKNOWN STEP	2026-10-08T16:17:30.9383100Z 
stable / test and specification	UNKNOWN STEP	2026-10-08T16:17:30.9383268Z running 7 tests
stable / test and specification	UNKNOWN STEP	2026-10-08T16:17:31.5304648Z test a1_family_presents_assert_statements_and_hides_every_synthetic_layer ... ok
stable / test and specification	UNKNOWN STEP	2026-10-08T16:17:33.8007111Z test a1_family_recompiles_and_prints_the_original_output_in_both_assertion_states ... ok
stable / test and specification	UNKNOWN STEP	2026-10-08T16:17:34.3235693Z test class_without_asserts_stages_no_projection ... ok
stable / test and specification	UNKNOWN STEP	2026-10-08T16:17:34.3395267Z test extra_statement_inside_the_guard_keeps_the_physical_presentation ... ok
stable / test and specification	UNKNOWN STEP	2026-10-08T16:17:34.9160784Z test guards_that_do_not_all_fold_keep_the_whole_class_physical ... ok
stable / test and specification	UNKNOWN STEP	2026-10-08T16:17:37.0328841Z test message_side_effects_keep_their_evaluation_order ... ok
stable / test and specification	UNKNOWN STEP	2026-10-08T16:17:37.0495181Z test wrong_owner_switch_keeps_the_physical_presentation ... ok
stable / test and specification	UNKNOWN STEP	2026-10-08T16:17:37.0495755Z 
stable / test and specification	UNKNOWN STEP	2026-10-08T16:17:37.0496265Z test result: ok. 7 passed; 0 failed; 0 ignored; 0 measured; 0 filtered out; finished in 6.11s
stable / test and specification	UNKNOWN STEP	2026-10-08T16:17:37.0496746Z 
stable / test and specification	UNKNOWN STEP	2026-10-08T16:17:37.0511980Z ^[[1m^[[92m     Running^[[0m tests/bulk_recovery_backpressure.rs (target/debug/deps/bulk_recovery_backpressure-7872e91e30363ff9)
stable / test and specification	UNKNOWN STEP	2026-10-08T16:17:37.0526464Z 
stable / test and specification	UNKNOWN STEP	2026-10-08T16:17:37.0526736Z running 7 tests
stable / test and specification	UNKNOWN STEP	2026-10-08T16:17:37.2485597Z test a_pool_of_one_result_still_cannot_starve_the_earliest_class ... ok
stable / test and specification	UNKNOWN STEP	2026-10-08T16:17:37.2697258Z test a_result_wei*** ... ok
stable / test and specification	UNKNOWN STEP	2026-10-08T16:17:37.4424754Z test a_shared_pool_lets_the_classes_behind_the_front_work_ahead ... ok
stable / test and specification	UNKNOWN STEP	2026-10-08T16:17:37.5462531Z test a_slow_first_class_does_not_starve_the_later_ones_or_the_order ... ok
stable / test and specification	UNKNOWN STEP	2026-10-08T16:17:37.7191289Z test a_window_that_only_funds_the_reservations_is_one_result_per_class ... ok
stable / test and specification	UNKNOWN STEP	2026-10-08T16:17:37.7779672Z test one_result_larger_than_the_ceiling_stops_that_method_only ... ok
stable / test and specification	UNKNOWN STEP	2026-10-08T16:17:37.9016831Z test the_shared_pool_is_the_declared_window_outside_the_reservations ... ok
stable / test and specification	UNKNOWN STEP	2026-10-08T16:17:37.9017218Z 
stable / test and specification	UNKNOWN STEP	2026-10-08T16:17:37.9017606Z test result: ok. 7 passed; 0 failed; 0 ignored; 0 measured; 0 filtered out; finished in 0.85s
stable / test and specification	UNKNOWN STEP	2026-10-08T16:17:37.9017973Z 
stable / test and specification	UNKNOWN STEP	2026-10-08T16:17:37.9030703Z ^[[1m^[[92m     Running^[[0m tests/bulk_recovery_cancel.rs (target/debug/deps/bulk_recovery_cancel-642d984fe4caea69)
stable / test and specification	UNKNOWN STEP	2026-10-08T16:17:37.9046120Z 
stable / test and specification	UNKNOWN STEP	2026-10-08T16:17:37.9046381Z running 7 tests
stable / test and specification	UNKNOWN STEP	2026-10-08T16:17:37.9092601Z test a_cancellation_between_classes_ends_the_traversal_and_the_class_in_flight ... ok
stable / test and specification	UNKNOWN STEP	2026-10-08T16:17:37.9168506Z test a_cancellation_mid_run_keeps_the_prefix_and_bills_the_holes ... ok
stable / test and specification	UNKNOWN STEP	2026-10-08T16:17:38.0904285Z test a_cancellation_wakes_a_producer_waiting_for_room_in_the_shared_pool ... ok
stable / test and specification	UNKNOWN STEP	2026-10-08T16:17:38.2449859Z test a_cancellation_while_the_window_is_full_wakes_every_waiter ... ok
stable / test and specification	UNKNOWN STEP	2026-10-08T16:17:38.2468219Z test a_cancelled_request_publishes_nothing_and_dispatches_nothing ... ok
stable / test and specification	UNKNOWN STEP	2026-10-08T16:17:38.2574951Z test a_consumer_that_fails_is_infrastructure ... ok
stable / test and specification	UNKNOWN STEP	2026-10-08T16:17:38.2635197Z test a_consumer_that_stops_the_stream_keeps_its_prefix ... ok
stable / test and specification	UNKNOWN STEP	2026-10-08T16:17:38.2635502Z 
stable / test and specification	UNKNOWN STEP	2026-10-08T16:17:38.2635867Z test result: ok. 7 passed; 0 failed; 0 ignored; 0 measured; 0 filtered out; finished in 0.36s
stable / test and specification	UNKNOWN STEP	2026-10-08T16:17:38.2636222Z 
stable / test and specification	UNKNOWN STEP	2026-10-08T16:17:38.2648288Z ^[[1m^[[92m     Running^[[0m tests/bulk_recovery_delivery.rs (target/debug/deps/bulk_recovery_delivery-a996893f0b0a77d6)
stable / test and specification	UNKNOWN STEP	2026-10-08T16:17:38.2662944Z 
stable / test and specification	UNKNOWN STEP	2026-10-08T16:17:38.2663139Z running 3 tests
stable / test and specification	UNKNOWN STEP	2026-10-08T16:17:38.3077659Z test a_refused_permit_stops_the_stream_at_the_one_total_and_names_the_delivery_owner ... ok
stable / test and specification	UNKNOWN STEP	2026-10-08T16:17:38.3540945Z test one_declaration_bounds_the_librarys_own_presentation_too ... FAILED
stable / test and specification	UNKNOWN STEP	2026-10-08T16:17:38.3939749Z test the_terminal_record_pays_for_itself_before_the_call_returns ... ok
stable / test and specification	UNKNOWN STEP	2026-10-08T16:17:38.3940260Z 
stable / test and specification	UNKNOWN STEP	2026-10-08T16:17:38.3940828Z failures:
stable / test and specification	UNKNOWN STEP	2026-10-08T16:17:38.3941066Z 
stable / test and specification	UNKNOWN STEP	2026-10-08T16:17:38.3941604Z ---- one_declaration_bounds_the_librarys_own_presentation_too stdout ----
stable / test and specification	UNKNOWN STEP	2026-10-08T16:17:38.3942174Z 
stable / test and specification	UNKNOWN STEP	2026-10-08T16:17:38.3943169Z thread 'one_declaration_bounds_the_librarys_own_presentation_too' (50043) panicked at tests/bulk_recovery_delivery.rs:421:9:
stable / test and specification	UNKNOWN STEP	2026-10-08T16:17:38.3945073Z a total that funds half of the scope's own presentation really stops methods inside it (4 worker(s)): []
stable / test and specification	UNKNOWN STEP	2026-10-08T16:17:38.3946020Z note: run with `RUST_BACKTRACE=1` environment variable to display a backtrace
stable / test and specification	UNKNOWN STEP	2026-10-08T16:17:38.3946346Z 
stable / test and specification	UNKNOWN STEP	2026-10-08T16:17:38.3946353Z 
stable / test and specification	UNKNOWN STEP	2026-10-08T16:17:38.3946439Z failures:
stable / test and specification	UNKNOWN STEP	2026-10-08T16:17:38.3946760Z     one_declaration_bounds_the_librarys_own_presentation_too
stable / test and specification	UNKNOWN STEP	2026-10-08T16:17:38.3947037Z 
stable / test and specification	UNKNOWN STEP	2026-10-08T16:17:38.3947410Z test result: FAILED. 2 passed; 1 failed; 0 ignored; 0 measured; 0 filtered out; finished in 0.13s
stable / test and specification	UNKNOWN STEP	2026-10-08T16:17:38.3947765Z 
stable / test and specification	UNKNOWN STEP	2026-10-08T16:17:38.3961932Z ^[[1m^[[91merror^[[0m: test failed, to rerun pass `-p jarde --test bulk_recovery_delivery`
stable / test and specification	UNKNOWN STEP	2026-10-08T16:17:38.4021143Z ##[error]Process completed with exit code 101.
